"parent_PID","stim1_name","stim1_file","stim1_pair","stim1_deact_file","stim1_step2_name","stim1_step2_file","stim1_step2_basket_name","stim1_step2_basket_file","stim2_name","stim2_file","stim2_pair","stim2_deact_file","stim2_step2_name","stim2_step2_file","stim2_step2_basket_name","stim2_step2_basket_file","stim3_name","stim3_file","stim3_pair","stim3_deact_file","stim3_step2_name","stim3_step2_file","stim3_step2_basket_name","stim3_step2_basket_file","stim4_name","stim4_file","stim4_pair","stim4_deact_file","stim4_step2_name","stim4_step2_file","stim4_step2_basket_name","stim4_step2_basket_file","participant","session","date","expName","psychopyVersion","OS","frameRate","PROLIFIC_PID","STUDY_ID","SESSION_ID","consent_keyresp.keys","consent_keyresp.rt","consent_keyresp.duration","global_instructions1_key.keys","global_instructions1_key.rt","global_instructions1_key.duration","global_instructions2_key.keys","global_instructions2_key.rt","global_instructions2_key.duration","global_instructions3_key.keys","global_instructions3_key.rt","global_instructions3_key.duration","global_instructions4_key.keys","global_instructions4_key.rt","global_instructions4_key.duration","global_instructions5_key.keys","global_instructions5_key.rt","global_instructions5_key.duration","p_fixation_2.started","p_fixation_2.stopped","p_step1_keyresp.keys","p_step1_keyresp.rt","p_step1_keyresp.duration","p_step2_keyresp.keys","p_failStep2_keyresp.keys","p_failStep2_keyresp.rt","p_failStep2_keyresp.duration","p_step1_pair_index","p_step1_stimLeft_name","p_step1_stimLeft_pair","p_step1_stimLeft_reward","p_step1_stimLeft_step2Stim","p_step1_stimLeft_step2Basket","p_step1_stimRight_name","p_step1_stimRight_pair","p_step1_stimRight_reward","p_step1_stimRight_step2Stim","p_step1_stimRight_step2Basket","p_points","p_fail_step1","p_fail_step2","p_reward_flag","p_step1_choice","p_step2_stim","p_step2_basket","p_score","practice.thisRepN","practice.thisTrialN","practice.thisN","practice.thisIndex","practice.ran","pair_index","p_step2_keyresp.rt","p_step2_keyresp.duration","t_instructions_keyresp.keys","t_instructions_keyresp.rt","t_instructions_keyresp.duration","t_advice_reading.started","t_advice_reading.stopped","t_advice_mouse.x","t_advice_mouse.y","t_advice_mouse.leftButton","t_advice_mouse.midButton","t_advice_mouse.rightButton","t_advice_mouse.time","t_advice_mouse.clicked_name","t_instructions_2_keyresp.keys","t_instructions_2_keyresp.rt","t_instructions_2_keyresp.duration","t_start.started","t_start.stopped","t_step1_keyresp.keys","t_step1_keyresp.rt","t_step1_keyresp.duration","t_step2_keyresp.keys","t_step2_keyresp.rt","t_step2_keyresp.duration","t_step1_pair_index","t_step1_stimLeft_name","t_step1_stimLeft_pair","t_step1_stimLeft_reward","t_step1_stimLeft_step2Stim","t_step1_stimLeft_step2Basket","t_step1_stimRight_name","t_step1_stimRight_pair","t_step1_stimRight_reward","t_step1_stimRight_step2Stim","t_step1_stimRight_step2Basket","t_points","t_fail_step1","t_fail_step2","t_reward_flag","t_step1_choice","t_step2_stim","t_step2_basket","globa_score","t_data_stimWalk0","t_data_stimWalk1","trials.thisRepN","trials.thisTrialN","trials.thisN","trials.thisIndex","trials.ran","pl_global_instructions_keyresp.keys","pl_global_instructions_keyresp.rt","pl_global_instructions_keyresp.duration","vb_instructions_keyresp.keys","vb_instructions_keyresp.rt","vb_instructions_keyresp.duration","vb_instructions_2_keyresp.keys","vb_instructions_2_keyresp.rt","vb_instructions_2_keyresp.duration","vb_textbox.text","vb_mouse.x","vb_mouse.y","vb_mouse.leftButton","vb_mouse.midButton","vb_mouse.rightButton","vb_mouse.time","vb_mouse.clicked_name","pl1_instructions1_keyresp.keys","pl1_instructions1_keyresp.rt","pl1_instructions1_keyresp.duration","pl1_instructions2_keyresp.keys","pl1_instructions2_keyresp.rt","pl1_instructions2_keyresp.duration","pl1_instructions3_keyresp.keys","pl1_instructions3_keyresp.rt","pl1_instructions3_keyresp.duration","pl1_instructions4_keyresp.keys","pl1_instructions4_keyresp.rt","pl1_instructions4_keyresp.duration","pl1_task_lickert.response","pl1_task_lickert.rt","pl1_task_confidence_lickert.response","pl1_task_confidence_lickert.rt","pl1_task_keyresp.keys","pl1_task_keyresp.rt","pl1_task_keyresp.duration","pl1_task_stimLeft","pl1_task_stimRight","pl1_loop.thisRepN","pl1_loop.thisTrialN","pl1_loop.thisN","pl1_loop.thisIndex","pl1_loop.ran","stimLeft_index","stimRight_index","pl2_instructions_keyresp.keys","pl2_instructions_keyresp.rt","pl2_instructions_keyresp.duration","pl2_task_lickert.response","pl2_task_lickert.rt","pl2_task_confidence_lickert.response","pl2_task_confidence_lickert.rt","pl2_task_keyresp.keys","pl2_task_keyresp.rt","pl2_task_keyresp.duration","pl2_task_gnome","pl2_task_forest","pl2_task_basket","pl2_loop.thisRepN","pl2_loop.thisTrialN","pl2_loop.thisN","pl2_loop.thisIndex","pl2_loop.ran","gnome_id","forest_id","pl3_instructions_keyresp.keys","pl3_instructions_keyresp.rt","pl3_instructions_keyresp.duration","pl3_task_lickert.response","pl3_task_lickert.rt","pl3_task_keyresp.keys","pl3_task_keyresp.rt","pl3_task_keyresp.duration","pl3_task_confidence_lickert.response","pl3_task_confidence_lickert.rt","pl3_task_stimLeftBg","pl3_task_stimRightBg","pl3_task_stimLeft","pl3_task_stimRight","pl3_loop.thisRepN","pl3_loop.thisTrialN","pl3_loop.thisN","pl3_loop.thisIndex","pl3_loop.ran","pl4_instructions_keyresp.keys","pl4_instructions_keyresp.rt","pl4_instructions_keyresp.duration","pl4_task_lickert.response","pl4_task_lickert.rt","pl4_task_keyresp.keys","pl4_task_keyresp.rt","pl4_task_keyresp.duration","pl4_task_confidence_lickert.response","pl4_task_confidence_lickert.rt","pl4_task_stimLeft","pl4_task_stimRight","pl4_loop.thisRepN","pl4_loop.thisTrialN","pl4_loop.thisN","pl4_loop.thisIndex","pl4_loop.ran","end_keyresp.keys","end_keyresp.rt","end_keyresp.duration","show_trials.thisRepN","show_trials.thisTrialN","show_trials.thisN","show_trials.thisIndex","show_trials.ran"
"5eeddefa177a7322144cbc5e","brown_gnomes","ressources/step1_stim1.png",1,"ressources/step1_stim1_deact.png","bright_forest","ressources/step2_background1.png","red_basket","ressources/step2_stim2.png","purple_gnome","ressources/step1_stim2.png",1,"ressources/step1_stim2_deact.png","dark_forest","ressources/step2_background2.png","yellow_basket","ressources/step2_stim1.png","red_gnome","ressources/step1_stim3.png",2,"ressources/step1_stim3_deact.png","dark_forest","ressources/step2_background2.png","yellow_basket","ressources/step2_stim1.png","green_gnome","ressources/step1_stim4.png",2,"ressources/step1_stim4_deact.png","bright_forest","ressources/step2_background1.png","red_basket","ressources/step2_stim2.png",575873,1,"2024-02-20_11h23.24.317","experiment","2023.2.3","MacIntel",63.29113924,"61008174621af4fde89d5c7f","65d4ce4bfe04d08c28397785","65d4d1c012303518e653216a","",,,"",,,"",,,"",,,"",,,"",,,,,"",,,"","",,,,"",,,"","","",,,"","",,,,,"","","",,,,,,,,,,"",,,,,,,,,,,"","",,,,,"",,,"",,,,"",,,"","","",,,"","",,,,,"","","",,,,,,,,,"",,,"",,,"",,,"",,,,,,,"","",,,"",,,"",,,"",,,,,,,"",,,"","",,,,,,,,"",,,,,,,"",,,"","","",,,,,,,,"",,,,,"",,,,,"","","","",,,,,,"",,,,,"",,,,,"","",,,,,,"",,,,,,,
"","","",,"","","","","","","",,"","","","","","","",,"","","","","","","",,"","","","","",575873,1,"2024-02-20_11h23.24.317","experiment","2023.2.3","MacIntel",63.29113924,"61008174621af4fde89d5c7f","65d4ce4bfe04d08c28397785","65d4d1c012303518e653216a","y",6.4098,,"",,,"",,,"",,,"",,,"",,,,,"",,,"","",,,,"",,,"","","",,,"","",,,,,"","","",,,,,,,,,,"",,,,,,,,,,,"","",,,,,"",,,"",,,,"",,,"","","",,,"","",,,,,"","","",,,,,,,,,"",,,"",,,"",,,"",,,,,,,"","",,,"",,,"",,,"",,,,,,,"",,,"","",,,,,,,,"",,,,,,,"",,,"","","",,,,,,,,"",,,,,"",,,,,"","","","",,,,,,"",,,,,"",,,,,"","",,,,,,"",,,,,,,
"","","",,"","","","","","","",,"","","","","","","",,"","","","","","","",,"","","","","",575873,1,"2024-02-20_11h23.24.317","experiment","2023.2.3","MacIntel",63.29113924,"61008174621af4fde89d5c7f","65d4ce4bfe04d08c28397785","65d4d1c012303518e653216a","",,,"space",9.3381,,"space",17.1845,,"space",9.8772,,"space",19.4328,,"space",22.1105,,85.9077,86.4195,"s",0.6953,,"","space",0.3369,,1,"p_orange_gnome",1,0,"p_yellow_forest","p_blue_basket","p_blue_gnome",1,5,"p_green_forest","p_green_basket",0,0,1,0,"p_orange_gnome","p_yellow_forest","p_blue_basket",0,0,0,0,0,1,1,,,"",,,,,,,,,,,"","",,,,,"",,,"",,,,"",,,"","","",,,"","",,,,,"","","",,,,,,,,,"",,,"",,,"",,,"",,,,,,,"","",,,"",,,"",,,"",,,,,,,"",,,"","",,,,,,,,"",,,,,,,"",,,"","","",,,,,,,,"",,,,,"",,,,,"","","","",,,,,,"",,,,,"",,,,,"","",,,,,,"",,,,,,,
"","","",,"","","","","","","",,"","","","","","","",,"","","","","","","",,"","","","","",575873,1,"2024-02-20_11h23.24.317","experiment","2023.2.3","MacIntel",63.29113924,"61008174621af4fde89d5c7f","65d4ce4bfe04d08c28397785","65d4d1c012303518e653216a","",,,"",,,"",,,"",,,"",,,"",,,89.8118,90.3197,"s",0.76,,"space","",,,2,"p_green_gnome",2,5,"p_green_forest","p_green_basket","p_pink_gnome",2,0,"p_yellow_forest","p_blue_basket",5,0,0,1,"p_green_gnome","p_green_forest","p_green_basket",5,0,1,1,1,1,2,0.2809,,"",,,,,,,,,,,"","",,,,,"",,,"",,,,"",,,"","","",,,"","",,,,,"","","",,,,,,,,,"",,,"",,,"",,,"",,,,,,,"","",,,"",,,"",,,"",,,,,,,"",,,"","",,,,,,,,"",,,,,,,"",,,"","","",,,,,,,,"",,,,,"",,,,,"","","","",,,,,,"",,,,,"",,,,,"","",,,,,,"",,,,,,,
"","","",,"","","","","","","",,"","","","","","","",,"","","","","","","",,"","","","","",575873,1,"2024-02-20_11h23.24.317","experiment","2023.2.3","MacIntel",63.29113924,"61008174621af4fde89d5c7f","65d4ce4bfe04d08c28397785","65d4d1c012303518e653216a","",,,"",,,"",,,"",,,"",,,"",,,95.3455,95.8533,"s",0.9273,,"space","",,,1,"p_blue_gnome",1,6,"p_green_forest","p_green_basket","p_orange_gnome",1,1,"p_yellow_forest","p_blue_basket",6,0,0,1,"p_blue_gnome","p_green_forest","p_green_basket",11,1,0,2,0,1,1,0.279,,"",,,,,,,,,,,"","",,,,,"",,,"",,,,"",,,"","","",,,"","",,,,,"","","",,,,,,,,,"",,,"",,,"",,,"",,,,,,,"","",,,"",,,"",,,"",,,,,,,"",,,"","",,,,,,,,"",,,,,,,"",,,"","","",,,,,,,,"",,,,,"",,,,,"","","","",,,,,,"",,,,,"",,,,,"","",,,,,,"",,,,,,,
"","","",,"","","","","","","",,"","","","","","","",,"","","","","","","",,"","","","","",575873,1,"2024-02-20_11h23.24.317","experiment","2023.2.3","MacIntel",63.29113924,"61008174621af4fde89d5c7f","65d4ce4bfe04d08c28397785","65d4d1c012303518e653216a","",,,"",,,"",,,"",,,"",,,"",,,100.8843,101.387,"k",0.5592,,"space","",,,2,"p_pink_gnome",2,1,"p_yellow_forest","p_blue_basket","p_green_gnome",2,6,"p_green_forest","p_green_basket",6,0,0,1,"p_green_gnome","p_green_forest","p_green_basket",17,1,1,3,1,1,2,0.6319,,"",,,,,,,,,,,"","",,,,,"",,,"",,,,"",,,"","","",,,"","",,,,,"","","",,,,,,,,,"",,,"",,,"",,,"",,,,,,,"","",,,"",,,"",,,"",,,,,,,"",,,"","",,,,,,,,"",,,,,,,"",,,"","","",,,,,,,,"",,,,,"",,,,,"","","","",,,,,,"",,,,,"",,,,,"","",,,,,,"",,,,,,,
"","","",,"","","","","","","",,"","","","","","","",,"","","","","","","",,"","","","","",575873,1,"2024-02-20_11h23.24.317","experiment","2023.2.3","MacIntel",63.29113924,"61008174621af4fde89d5c7f","65d4ce4bfe04d08c28397785","65d4d1c012303518e653216a","",,,"",,,"",,,"",,,"",,,"",,,106.4314,106.9379,"s",1.1768,,"space","",,,2,"p_pink_gnome",2,2,"p_yellow_forest","p_blue_basket","p_green_gnome",2,7,"p_green_forest","p_green_basket",2,0,0,1,"p_pink_gnome","p_yellow_forest","p_blue_basket",19,2,0,4,1,1,2,0.8667,,"",,,,,,,,,,,"","",,,,,"",,,"",,,,"",,,"","","",,,"","",,,,,"","","",,,,,,,,,"",,,"",,,"",,,"",,,,,,,"","",,,"",,,"",,,"",,,,,,,"",,,"","",,,,,,,,"",,,,,,,"",,,"","","",,,,,,,,"",,,,,"",,,,,"","","","",,,,,,"",,,,,"",,,,,"","",,,,,,"",,,,,,,
"","","",,"","","","","","","",,"","","","","","","",,"","","","","","","",,"","","","","",575873,1,"2024-02-20_11h23.24.317","experiment","2023.2.3","MacIntel",63.29113924,"61008174621af4fde89d5c7f","65d4ce4bfe04d08c28397785","65d4d1c012303518e653216a","",,,"",,,"",,,"",,,"",,,"",,,111.9807,112.4868,"k",0.8798,,"space","",,,1,"p_orange_gnome",1,2,"p_yellow_forest","p_blue_basket","p_blue_gnome",1,7,"p_green_forest","p_green_basket",7,0,0,1,"p_blue_gnome","p_green_forest","p_green_basket",26,2,1,5,0,1,1,0.8735,,"",,,,,,,,,,,"","",,,,,"",,,"",,,,"",,,"","","",,,"","",,,,,"","","",,,,,,,,,"",,,"",,,"",,,"",,,,,,,"","",,,"",,,"",,,"",,,,,,,"",,,"","",,,,,,,,"",,,,,,,"",,,"","","",,,,,,,,"",,,,,"",,,,,"","","","",,,,,,"",,,,,"",,,,,"","",,,,,,"",,,,,,,
"","","",,"","","","","","","",,"","","","","","","",,"","","","","","","",,"","","","","",575873,1,"2024-02-20_11h23.24.317","experiment","2023.2.3","MacIntel",63.29113924,"61008174621af4fde89d5c7f","65d4ce4bfe04d08c28397785","65d4d1c012303518e653216a","",,,"",,,"",,,"",,,"",,,"",,,117.515,118.0215,"s",0.5602,,"space","",,,1,"p_blue_gnome",1,8,"p_green_forest","p_green_basket","p_orange_gnome",1,3,"p_yellow_forest","p_blue_basket",8,0,0,1,"p_blue_gnome","p_green_forest","p_green_basket",34,3,0,6,0,1,1,0.6638,,"",,,,,,,,,,,"","",,,,,"",,,"",,,,"",,,"","","",,,"","",,,,,"","","",,,,,,,,,"",,,"",,,"",,,"",,,,,,,"","",,,"",,,"",,,"",,,,,,,"",,,"","",,,,,,,,"",,,,,,,"",,,"","","",,,,,,,,"",,,,,"",,,,,"","","","",,,,,,"",,,,,"",,,,,"","",,,,,,"",,,,,,,
"","","",,"","","","","","","",,"","","","","","","",,"","","","","","","",,"","","","","",575873,1,"2024-02-20_11h23.24.317","experiment","2023.2.3","MacIntel",63.29113924,"61008174621af4fde89d5c7f","65d4ce4bfe04d08c28397785","65d4d1c012303518e653216a","",,,"",,,"",,,"",,,"",,,"",,,123.0475,123.5553,"k",0.7639,,"space","",,,2,"p_pink_gnome",2,3,"p_yellow_forest","p_blue_basket","p_green_gnome",2,8,"p_green_forest","p_green_basket",8,0,0,1,"p_green_gnome","p_green_forest","p_green_basket",42,3,1,7,1,1,2,0.0425,,"",,,,,,,,,,,"","",,,,,"",,,"",,,,"",,,"","","",,,"","",,,,,"","","",,,,,,,,,"",,,"",,,"",,,"",,,,,,,"","",,,"",,,"",,,"",,,,,,,"",,,"","",,,,,,,,"",,,,,,,"",,,"","","",,,,,,,,"",,,,,"",,,,,"","","","",,,,,,"",,,,,"",,,,,"","",,,,,,"",,,,,,,
"","","",,"","","","","","","",,"","","","","","","",,"","","","","","","",,"","","","","",575873,1,"2024-02-20_11h23.24.317","experiment","2023.2.3","MacIntel",63.29113924,"61008174621af4fde89d5c7f","65d4ce4bfe04d08c28397785","65d4d1c012303518e653216a","",,,"",,,"",,,"",,,"",,,"",,,128.5824,129.0892,"s",0.6155,,"space","",,,2,"p_pink_gnome",2,4,"p_yellow_forest","p_blue_basket","p_green_gnome",2,9,"p_green_forest","p_green_basket",4,0,0,1,"p_pink_gnome","p_yellow_forest","p_blue_basket",46,4,0,8,1,1,2,0.5279,,"",,,,,,,,,,,"","",,,,,"",,,"",,,,"",,,"","","",,,"","",,,,,"","","",,,,,,,,,"",,,"",,,"",,,"",,,,,,,"","",,,"",,,"",,,"",,,,,,,"",,,"","",,,,,,,,"",,,,,,,"",,,"","","",,,,,,,,"",,,,,"",,,,,"","","","",,,,,,"",,,,,"",,,,,"","",,,,,,"",,,,,,,
"","","",,"","","","","","","",,"","","","","","","",,"","","","","","","",,"","","","","",575873,1,"2024-02-20_11h23.24.317","experiment","2023.2.3","MacIntel",63.29113924,"61008174621af4fde89d5c7f","65d4ce4bfe04d08c28397785","65d4d1c012303518e653216a","",,,"",,,"",,,"",,,"",,,"",,,134.1156,134.6225,"s",0.6308,,"space","",,,1,"p_blue_gnome",1,9,"p_green_forest","p_green_basket","p_orange_gnome",1,4,"p_yellow_forest","p_blue_basket",9,0,0,1,"p_blue_gnome","p_green_forest","p_green_basket",55,4,1,9,0,1,1,0.6278,,"",,,,,,,,,,,"","",,,,,"",,,"",,,,"",,,"","","",,,"","",,,,,"","","",,,,,,,,,"",,,"",,,"",,,"",,,,,,,"","",,,"",,,"",,,"",,,,,,,"",,,"","",,,,,,,,"",,,,,,,"",,,"","","",,,,,,,,"",,,,,"",,,,,"","","","",,,,,,"",,,,,"",,,,,"","",,,,,,"",,,,,,,
"","","",,"","","","","","","",,"","","","","","","",,"","","","","","","",,"","","","","",575873,1,"2024-02-20_11h23.24.317","experiment","2023.2.3","MacIntel",63.29113924,"61008174621af4fde89d5c7f","65d4ce4bfe04d08c28397785","65d4d1c012303518e653216a","",,,"",,,"",,,"",,,"",,,"",,,,,"",,,"","",,,,"",,,"","","",,,"","",,,,,"","","",,,,,,,1,,,"space",18.7545,,158.425,176.4678,0.56309923,-0.351110908,1,0,0,18.0252,"t_advice_finished_typing_rect","space",5.701,,183.6761,183.6762,"s",0.4937,,"space",0.663,,1,"purple_gnome",1,7,"dark_forest","yellow_basket","brown_gnomes",1,4,"bright_forest","red_basket",7,0,0,1,"purple_gnome","dark_forest","yellow_basket",7,-2,3,0,0,0,0,1,"",,,"",,,"",,,"",,,,,,,"","",,,"",,,"",,,"",,,,,,,"",,,"","",,,,,,,,"",,,,,,,"",,,"","","",,,,,,,,"",,,,,"",,,,,"","","","",,,,,,"",,,,,"",,,,,"","",,,,,,"",,,,,,,
"","","",,"","","","","","","",,"","","","","","","",,"","","","","","","",,"","","","","",575873,1,"2024-02-20_11h23.24.317","experiment","2023.2.3","MacIntel",63.29113924,"61008174621af4fde89d5c7f","65d4ce4bfe04d08c28397785","65d4d1c012303518e653216a","",,,"",,,"",,,"",,,"",,,"",,,,,"",,,"","",,,,"",,,"","","",,,"","",,,,,"","","",,,,,,,1,,,"",,,,,,,,,,,"","",,,,,"k",0.6802,,"space",0.6869,,1,"brown_gnomes",1,2,"bright_forest","red_basket","purple_gnome",1,8,"dark_forest","yellow_basket",8,0,0,1,"purple_gnome","dark_forest","yellow_basket",15,-5,-1,0,1,1,0,1,"",,,"",,,"",,,"",,,,,,,"","",,,"",,,"",,,"",,,,,,,"",,,"","",,,,,,,,"",,,,,,,"",,,"","","",,,,,,,,"",,,,,"",,,,,"","","","",,,,,,"",,,,,"",,,,,"","",,,,,,"",,,,,,,
"","","",,"","","","","","","",,"","","","","","","",,"","","","","","","",,"","","","","",575873,1,"2024-02-20_11h23.24.317","experiment","2023.2.3","MacIntel",63.29113924,"61008174621af4fde89d5c7f","65d4ce4bfe04d08c28397785","65d4d1c012303518e653216a","",,,"",,,"",,,"",,,"",,,"",,,,,"",,,"","",,,,"",,,"","","",,,"","",,,,,"","","",,,,,,,1,,,"",,,,,,,,,,,"","",,,,,"s",0.5754,,"space",0.5496,,1,"purple_gnome",1,7,"dark_forest","yellow_basket","brown_gnomes",1,3,"bright_forest","red_basket",7,0,0,1,"purple_gnome","dark_forest","yellow_basket",22,-4,0,1,0,2,0,1,"",,,"",,,"",,,"",,,,,,,"","",,,"",,,"",,,"",,,,,,,"",,,"","",,,,,,,,"",,,,,,,"",,,"","","",,,,,,,,"",,,,,"",,,,,"","","","",,,,,,"",,,,,"",,,,,"","",,,,,,"",,,,,,,
"","","",,"","","","","","","",,"","","","","","","",,"","","","","","","",,"","","","","",575873,1,"2024-02-20_11h23.24.317","experiment","2023.2.3","MacIntel",63.29113924,"61008174621af4fde89d5c7f","65d4ce4bfe04d08c28397785","65d4d1c012303518e653216a","",,,"",,,"",,,"",,,"",,,"",,,,,"",,,"","",,,,"",,,"","","",,,"","",,,,,"","","",,,,,,,1,,,"",,,,,,,,,,,"","",,,,,"s",0.5813,,"space",0.663,,1,"purple_gnome",1,7,"dark_forest","yellow_basket","brown_gnomes",1,1,"bright_forest","red_basket",7,0,0,1,"purple_gnome","dark_forest","yellow_basket",29,1,2,1,1,3,0,1,"",,,"",,,"",,,"",,,,,,,"","",,,"",,,"",,,"",,,,,,,"",,,"","",,,,,,,,"",,,,,,,"",,,"","","",,,,,,,,"",,,,,"",,,,,"","","","",,,,,,"",,,,,"",,,,,"","",,,,,,"",,,,,,,
"","","",,"","","","","","","",,"","","","","","","",,"","","","","","","",,"","","","","",575873,1,"2024-02-20_11h23.24.317","experiment","2023.2.3","MacIntel",63.29113924,"61008174621af4fde89d5c7f","65d4ce4bfe04d08c28397785","65d4d1c012303518e653216a","",,,"",,,"",,,"",,,"",,,"",,,,,"",,,"","",,,,"",,,"","","",,,"","",,,,,"","","",,,,,,,2,,,"",,,,,,,,,,,"","",,,,,"k",0.9304,,"space",0.7027,,2,"red_gnome",2,9,"dark_forest","yellow_basket","green_gnome",2,2,"bright_forest","red_basket",2,0,0,1,"green_gnome","bright_forest","red_basket",31,-1,4,2,0,4,1,1,"",,,"",,,"",,,"",,,,,,,"","",,,"",,,"",,,"",,,,,,,"",,,"","",,,,,,,,"",,,,,,,"",,,"","","",,,,,,,,"",,,,,"",,,,,"","","","",,,,,,"",,,,,"",,,,,"","",,,,,,"",,,,,,,
"","","",,"","","","","","","",,"","","","","","","",,"","","","","","","",,"","","","","",575873,1,"2024-02-20_11h23.24.317","experiment","2023.2.3","MacIntel",63.29113924,"61008174621af4fde89d5c7f","65d4ce4bfe04d08c28397785","65d4d1c012303518e653216a","",,,"",,,"",,,"",,,"",,,"",,,,,"",,,"","",,,,"",,,"","","",,,"","",,,,,"","","",,,,,,,1,,,"",,,,,,,,,,,"","",,,,,"s",0.8313,,"space",0.7908,,1,"purple_gnome",1,5,"dark_forest","yellow_basket","brown_gnomes",1,1,"bright_forest","red_basket",5,0,0,1,"purple_gnome","dark_forest","yellow_basket",36,-2,3,2,1,5,0,1,"",,,"",,,"",,,"",,,,,,,"","",,,"",,,"",,,"",,,,,,,"",,,"","",,,,,,,,"",,,,,,,"",,,"","","",,,,,,,,"",,,,,"",,,,,"","","","",,,,,,"",,,,,"",,,,,"","",,,,,,"",,,,,,,
"","","",,"","","","","","","",,"","","","","","","",,"","","","","","","",,"","","","","",575873,1,"2024-02-20_11h23.24.317","experiment","2023.2.3","MacIntel",63.29113924,"61008174621af4fde89d5c7f","65d4ce4bfe04d08c28397785","65d4d1c012303518e653216a","",,,"",,,"",,,"",,,"",,,"",,,,,"",,,"","",,,,"",,,"","","",,,"","",,,,,"","","",,,,,,,1,,,"",,,,,,,,,,,"","",,,,,"k",0.5603,,"space",0.4667,,1,"brown_gnomes",1,1,"bright_forest","red_basket","purple_gnome",1,8,"dark_forest","yellow_basket",8,0,0,1,"purple_gnome","dark_forest","yellow_basket",44,-1,0,3,0,6,0,1,"",,,"",,,"",,,"",,,,,,,"","",,,"",,,"",,,"",,,,,,,"",,,"","",,,,,,,,"",,,,,,,"",,,"","","",,,,,,,,"",,,,,"",,,,,"","","","",,,,,,"",,,,,"",,,,,"","",,,,,,"",,,,,,,
"","","",,"","","","","","","",,"","","","","","","",,"","","","","","","",,"","","","","",575873,1,"2024-02-20_11h23.24.317","experiment","2023.2.3","MacIntel",63.29113924,"61008174621af4fde89d5c7f","65d4ce4bfe04d08c28397785","65d4d1c012303518e653216a","",,,"",,,"",,,"",,,"",,,"",,,,,"",,,"","",,,,"",,,"","","",,,"","",,,,,"","","",,,,,,,1,,,"",,,,,,,,,,,"","",,,,,"k",0.5645,,"space",0.647,,1,"brown_gnomes",1,0,"bright_forest","red_basket","purple_gnome",1,8,"dark_forest","yellow_basket",8,0,0,1,"purple_gnome","dark_forest","yellow_basket",52,-1,1,3,1,7,0,1,"",,,"",,,"",,,"",,,,,,,"","",,,"",,,"",,,"",,,,,,,"",,,"","",,,,,,,,"",,,,,,,"",,,"","","",,,,,,,,"",,,,,"",,,,,"","","","",,,,,,"",,,,,"",,,,,"","",,,,,,"",,,,,,,
"","","",,"","","","","","","",,"","","","","","","",,"","","","","","","",,"","","","","",575873,1,"2024-02-20_11h23.24.317","experiment","2023.2.3","MacIntel",63.29113924,"61008174621af4fde89d5c7f","65d4ce4bfe04d08c28397785","65d4d1c012303518e653216a","",,,"",,,"",,,"",,,"",,,"",,,,,"",,,"","",,,,"",,,"","","",,,"","",,,,,"","","",,,,,,,2,,,"",,,,,,,,,,,"","",,,,,"k",0.713,,"space",0.4931,,2,"green_gnome",2,1,"bright_forest","red_basket","red_gnome",2,9,"dark_forest","yellow_basket",9,0,0,1,"red_gnome","dark_forest","yellow_basket",61,0,-1,4,0,8,1,1,"",,,"",,,"",,,"",,,,,,,"","",,,"",,,"",,,"",,,,,,,"",,,"","",,,,,,,,"",,,,,,,"",,,"","","",,,,,,,,"",,,,,"",,,,,"","","","",,,,,,"",,,,,"",,,,,"","",,,,,,"",,,,,,,
"","","",,"","","","","","","",,"","","","","","","",,"","","","","","","",,"","","","","",575873,1,"2024-02-20_11h23.24.317","experiment","2023.2.3","MacIntel",63.29113924,"61008174621af4fde89d5c7f","65d4ce4bfe04d08c28397785","65d4d1c012303518e653216a","",,,"",,,"",,,"",,,"",,,"",,,,,"",,,"","",,,,"",,,"","","",,,"","",,,,,"","","",,,,,,,2,,,"",,,,,,,,,,,"","",,,,,"s",0.5159,,"space",0.483,,2,"red_gnome",2,8,"dark_forest","yellow_basket","green_gnome",2,1,"bright_forest","red_basket",8,0,0,1,"red_gnome","dark_forest","yellow_basket",69,0,-2,4,1,9,1,1,"",,,"",,,"",,,"",,,,,,,"","",,,"",,,"",,,"",,,,,,,"",,,"","",,,,,,,,"",,,,,,,"",,,"","","",,,,,,,,"",,,,,"",,,,,"","","","",,,,,,"",,,,,"",,,,,"","",,,,,,"",,,,,,,
"","","",,"","","","","","","",,"","","","","","","",,"","","","","","","",,"","","","","",575873,1,"2024-02-20_11h23.24.317","experiment","2023.2.3","MacIntel",63.29113924,"61008174621af4fde89d5c7f","65d4ce4bfe04d08c28397785","65d4d1c012303518e653216a","",,,"",,,"",,,"",,,"",,,"",,,,,"",,,"","",,,,"",,,"","","",,,"","",,,,,"","","",,,,,,,2,,,"",,,,,,,,,,,"","",,,,,"s",0.7307,,"space",0.5688,,2,"red_gnome",2,6,"dark_forest","yellow_basket","green_gnome",2,1,"bright_forest","red_basket",6,0,0,1,"red_gnome","dark_forest","yellow_basket",75,-2,0,5,0,10,1,1,"",,,"",,,"",,,"",,,,,,,"","",,,"",,,"",,,"",,,,,,,"",,,"","",,,,,,,,"",,,,,,,"",,,"","","",,,,,,,,"",,,,,"",,,,,"","","","",,,,,,"",,,,,"",,,,,"","",,,,,,"",,,,,,,
"","","",,"","","","","","","",,"","","","","","","",,"","","","","","","",,"","","","","",575873,1,"2024-02-20_11h23.24.317","experiment","2023.2.3","MacIntel",63.29113924,"61008174621af4fde89d5c7f","65d4ce4bfe04d08c28397785","65d4d1c012303518e653216a","",,,"",,,"",,,"",,,"",,,"",,,,,"",,,"","",,,,"",,,"","","",,,"","",,,,,"","","",,,,,,,2,,,"",,,,,,,,,,,"","",,,,,"k",0.5787,,"space",0.6812,,2,"green_gnome",2,1,"bright_forest","red_basket","red_gnome",2,6,"dark_forest","yellow_basket",6,0,0,1,"red_gnome","dark_forest","yellow_basket",81,1,1,5,1,11,1,1,"",,,"",,,"",,,"",,,,,,,"","",,,"",,,"",,,"",,,,,,,"",,,"","",,,,,,,,"",,,,,,,"",,,"","","",,,,,,,,"",,,,,"",,,,,"","","","",,,,,,"",,,,,"",,,,,"","",,,,,,"",,,,,,,
"","","",,"","","","","","","",,"","","","","","","",,"","","","","","","",,"","","","","",575873,1,"2024-02-20_11h23.24.317","experiment","2023.2.3","MacIntel",63.29113924,"61008174621af4fde89d5c7f","65d4ce4bfe04d08c28397785","65d4d1c012303518e653216a","",,,"",,,"",,,"",,,"",,,"",,,,,"",,,"","",,,,"",,,"","","",,,"","",,,,,"","","",,,,,,,2,,,"",,,,,,,,,,,"","",,,,,"k",0.9758,,"space",0.4807,,2,"green_gnome",2,2,"bright_forest","red_basket","red_gnome",2,7,"dark_forest","yellow_basket",7,0,0,1,"red_gnome","dark_forest","yellow_basket",88,-1,2,6,0,12,1,1,"",,,"",,,"",,,"",,,,,,,"","",,,"",,,"",,,"",,,,,,,"",,,"","",,,,,,,,"",,,,,,,"",,,"","","",,,,,,,,"",,,,,"",,,,,"","","","",,,,,,"",,,,,"",,,,,"","",,,,,,"",,,,,,,
"","","",,"","","","","","","",,"","","","","","","",,"","","","","","","",,"","","","","",575873,1,"2024-02-20_11h23.24.317","experiment","2023.2.3","MacIntel",63.29113924,"61008174621af4fde89d5c7f","65d4ce4bfe04d08c28397785","65d4d1c012303518e653216a","",,,"",,,"",,,"",,,"",,,"",,,,,"",,,"","",,,,"",,,"","","",,,"","",,,,,"","","",,,,,,,1,,,"",,,,,,,,,,,"","",,,,,"s",0.6809,,"space",0.3986,,1,"purple_gnome",1,9,"dark_forest","yellow_basket","brown_gnomes",1,1,"bright_forest","red_basket",9,0,0,1,"purple_gnome","dark_forest","yellow_basket",97,-2,-1,6,1,13,0,1,"",,,"",,,"",,,"",,,,,,,"","",,,"",,,"",,,"",,,,,,,"",,,"","",,,,,,,,"",,,,,,,"",,,"","","",,,,,,,,"",,,,,"",,,,,"","","","",,,,,,"",,,,,"",,,,,"","",,,,,,"",,,,,,,
"","","",,"","","","","","","",,"","","","","","","",,"","","","","","","",,"","","","","",575873,1,"2024-02-20_11h23.24.317","experiment","2023.2.3","MacIntel",63.29113924,"61008174621af4fde89d5c7f","65d4ce4bfe04d08c28397785","65d4d1c012303518e653216a","",,,"",,,"",,,"",,,"",,,"",,,,,"",,,"","",,,,"",,,"","","",,,"","",,,,,"","","",,,,,,,2,,,"",,,,,,,,,,,"","",,,,,"s",0.6619,,"space",0.4688,,2,"red_gnome",2,8,"dark_forest","yellow_basket","green_gnome",2,1,"bright_forest","red_basket",8,0,0,1,"red_gnome","dark_forest","yellow_basket",105,1,3,7,0,14,1,1,"",,,"",,,"",,,"",,,,,,,"","",,,"",,,"",,,"",,,,,,,"",,,"","",,,,,,,,"",,,,,,,"",,,"","","",,,,,,,,"",,,,,"",,,,,"","","","",,,,,,"",,,,,"",,,,,"","",,,,,,"",,,,,,,
"","","",,"","","","","","","",,"","","","","","","",,"","","","","","","",,"","","","","",575873,1,"2024-02-20_11h23.24.317","experiment","2023.2.3","MacIntel",63.29113924,"61008174621af4fde89d5c7f","65d4ce4bfe04d08c28397785","65d4d1c012303518e653216a","",,,"",,,"",,,"",,,"",,,"",,,,,"",,,"","",,,,"",,,"","","",,,"","",,,,,"","","",,,,,,,1,,,"",,,,,,,,,,,"","",,,,,"s",0.6269,,"space",0.4687,,1,"purple_gnome",1,7,"dark_forest","yellow_basket","brown_gnomes",1,2,"bright_forest","red_basket",7,0,0,1,"purple_gnome","dark_forest","yellow_basket",112,1,-4,7,1,15,0,1,"",,,"",,,"",,,"",,,,,,,"","",,,"",,,"",,,"",,,,,,,"",,,"","",,,,,,,,"",,,,,,,"",,,"","","",,,,,,,,"",,,,,"",,,,,"","","","",,,,,,"",,,,,"",,,,,"","",,,,,,"",,,,,,,
"","","",,"","","","","","","",,"","","","","","","",,"","","","","","","",,"","","","","",575873,1,"2024-02-20_11h23.24.317","experiment","2023.2.3","MacIntel",63.29113924,"61008174621af4fde89d5c7f","65d4ce4bfe04d08c28397785","65d4d1c012303518e653216a","",,,"",,,"",,,"",,,"",,,"",,,,,"",,,"","",,,,"",,,"","","",,,"","",,,,,"","","",,,,,,,1,,,"",,,,,,,,,,,"","",,,,,"s",0.5773,,"space",0.403,,1,"purple_gnome",1,3,"dark_forest","yellow_basket","brown_gnomes",1,3,"bright_forest","red_basket",3,0,0,1,"purple_gnome","dark_forest","yellow_basket",115,3,2,8,0,16,0,1,"",,,"",,,"",,,"",,,,,,,"","",,,"",,,"",,,"",,,,,,,"",,,"","",,,,,,,,"",,,,,,,"",,,"","","",,,,,,,,"",,,,,"",,,,,"","","","",,,,,,"",,,,,"",,,,,"","",,,,,,"",,,,,,,
"","","",,"","","","","","","",,"","","","","","","",,"","","","","","","",,"","","","","",575873,1,"2024-02-20_11h23.24.317","experiment","2023.2.3","MacIntel",63.29113924,"61008174621af4fde89d5c7f","65d4ce4bfe04d08c28397785","65d4d1c012303518e653216a","",,,"",,,"",,,"",,,"",,,"",,,,,"",,,"","",,,,"",,,"","","",,,"","",,,,,"","","",,,,,,,1,,,"",,,,,,,,,,,"","",,,,,"s",0.7767,,"space",0.6022,,1,"purple_gnome",1,5,"dark_forest","yellow_basket","brown_gnomes",1,6,"bright_forest","red_basket",5,0,0,1,"purple_gnome","dark_forest","yellow_basket",120,0,2,8,1,17,0,1,"",,,"",,,"",,,"",,,,,,,"","",,,"",,,"",,,"",,,,,,,"",,,"","",,,,,,,,"",,,,,,,"",,,"","","",,,,,,,,"",,,,,"",,,,,"","","","",,,,,,"",,,,,"",,,,,"","",,,,,,"",,,,,,,
"","","",,"","","","","","","",,"","","","","","","",,"","","","","","","",,"","","","","",575873,1,"2024-02-20_11h23.24.317","experiment","2023.2.3","MacIntel",63.29113924,"61008174621af4fde89d5c7f","65d4ce4bfe04d08c28397785","65d4d1c012303518e653216a","",,,"",,,"",,,"",,,"",,,"",,,,,"",,,"","",,,,"",,,"","","",,,"","",,,,,"","","",,,,,,,2,,,"",,,,,,,,,,,"","",,,,,"s",0.7326,,"space",0.4593,,2,"red_gnome",2,7,"dark_forest","yellow_basket","green_gnome",2,6,"bright_forest","red_basket",7,0,0,1,"red_gnome","dark_forest","yellow_basket",127,-3,-1,9,0,18,1,1,"",,,"",,,"",,,"",,,,,,,"","",,,"",,,"",,,"",,,,,,,"",,,"","",,,,,,,,"",,,,,,,"",,,"","","",,,,,,,,"",,,,,"",,,,,"","","","",,,,,,"",,,,,"",,,,,"","",,,,,,"",,,,,,,
"","","",,"","","","","","","",,"","","","","","","",,"","","","","","","",,"","","","","",575873,1,"2024-02-20_11h23.24.317","experiment","2023.2.3","MacIntel",63.29113924,"61008174621af4fde89d5c7f","65d4ce4bfe04d08c28397785","65d4d1c012303518e653216a","",,,"",,,"",,,"",,,"",,,"",,,,,"",,,"","",,,,"",,,"","","",,,"","",,,,,"","","",,,,,,,1,,,"",,,,,,,,,,,"","",,,,,"s",0.6431,,"space",0.4363,,1,"purple_gnome",1,6,"dark_forest","yellow_basket","brown_gnomes",1,3,"bright_forest","red_basket",6,0,0,1,"purple_gnome","dark_forest","yellow_basket",133,1,-1,9,1,19,0,1,"",,,"",,,"",,,"",,,,,,,"","",,,"",,,"",,,"",,,,,,,"",,,"","",,,,,,,,"",,,,,,,"",,,"","","",,,,,,,,"",,,,,"",,,,,"","","","",,,,,,"",,,,,"",,,,,"","",,,,,,"",,,,,,,
"","","",,"","","","","","","",,"","","","","","","",,"","","","","","","",,"","","","","",575873,1,"2024-02-20_11h23.24.317","experiment","2023.2.3","MacIntel",63.29113924,"61008174621af4fde89d5c7f","65d4ce4bfe04d08c28397785","65d4d1c012303518e653216a","",,,"",,,"",,,"",,,"",,,"",,,,,"",,,"","",,,,"",,,"","","",,,"","",,,,,"","","",,,,,,,1,,,"",,,,,,,,,,,"","",,,,,"s",0.5966,,"space",0.4838,,1,"purple_gnome",1,5,"dark_forest","yellow_basket","brown_gnomes",1,4,"bright_forest","red_basket",5,0,0,1,"purple_gnome","dark_forest","yellow_basket",138,0,-1,10,0,20,0,1,"",,,"",,,"",,,"",,,,,,,"","",,,"",,,"",,,"",,,,,,,"",,,"","",,,,,,,,"",,,,,,,"",,,"","","",,,,,,,,"",,,,,"",,,,,"","","","",,,,,,"",,,,,"",,,,,"","",,,,,,"",,,,,,,
"","","",,"","","","","","","",,"","","","","","","",,"","","","","","","",,"","","","","",575873,1,"2024-02-20_11h23.24.317","experiment","2023.2.3","MacIntel",63.29113924,"61008174621af4fde89d5c7f","65d4ce4bfe04d08c28397785","65d4d1c012303518e653216a","",,,"",,,"",,,"",,,"",,,"",,,,,"",,,"","",,,,"",,,"","","",,,"","",,,,,"","","",,,,,,,2,,,"",,,,,,,,,,,"","",,,,,"k",0.5994,,"space",0.6295,,2,"green_gnome",2,4,"bright_forest","red_basket","red_gnome",2,4,"dark_forest","yellow_basket",4,0,0,1,"red_gnome","dark_forest","yellow_basket",142,-3,1,10,1,21,1,1,"",,,"",,,"",,,"",,,,,,,"","",,,"",,,"",,,"",,,,,,,"",,,"","",,,,,,,,"",,,,,,,"",,,"","","",,,,,,,,"",,,,,"",,,,,"","","","",,,,,,"",,,,,"",,,,,"","",,,,,,"",,,,,,,
"","","",,"","","","","","","",,"","","","","","","",,"","","","","","","",,"","","","","",575873,1,"2024-02-20_11h23.24.317","experiment","2023.2.3","MacIntel",63.29113924,"61008174621af4fde89d5c7f","65d4ce4bfe04d08c28397785","65d4d1c012303518e653216a","",,,"",,,"",,,"",,,"",,,"",,,,,"",,,"","",,,,"",,,"","","",,,"","",,,,,"","","",,,,,,,2,,,"",,,,,,,,,,,"","",,,,,"s",0.6918,,"space",0.3474,,2,"red_gnome",2,5,"dark_forest","yellow_basket","green_gnome",2,1,"bright_forest","red_basket",5,0,0,1,"red_gnome","dark_forest","yellow_basket",147,4,0,11,0,22,1,1,"",,,"",,,"",,,"",,,,,,,"","",,,"",,,"",,,"",,,,,,,"",,,"","",,,,,,,,"",,,,,,,"",,,"","","",,,,,,,,"",,,,,"",,,,,"","","","",,,,,,"",,,,,"",,,,,"","",,,,,,"",,,,,,,
"","","",,"","","","","","","",,"","","","","","","",,"","","","","","","",,"","","","","",575873,1,"2024-02-20_11h23.24.317","experiment","2023.2.3","MacIntel",63.29113924,"61008174621af4fde89d5c7f","65d4ce4bfe04d08c28397785","65d4d1c012303518e653216a","",,,"",,,"",,,"",,,"",,,"",,,,,"",,,"","",,,,"",,,"","","",,,"","",,,,,"","","",,,,,,,2,,,"",,,,,,,,,,,"","",,,,,"s",0.6242,,"space",0.3789,,2,"red_gnome",2,5,"dark_forest","yellow_basket","green_gnome",2,5,"bright_forest","red_basket",5,0,0,1,"red_gnome","dark_forest","yellow_basket",152,5,1,11,1,23,1,1,"",,,"",,,"",,,"",,,,,,,"","",,,"",,,"",,,"",,,,,,,"",,,"","",,,,,,,,"",,,,,,,"",,,"","","",,,,,,,,"",,,,,"",,,,,"","","","",,,,,,"",,,,,"",,,,,"","",,,,,,"",,,,,,,
"","","",,"","","","","","","",,"","","","","","","",,"","","","","","","",,"","","","","",575873,1,"2024-02-20_11h23.24.317","experiment","2023.2.3","MacIntel",63.29113924,"61008174621af4fde89d5c7f","65d4ce4bfe04d08c28397785","65d4d1c012303518e653216a","",,,"",,,"",,,"",,,"",,,"",,,,,"",,,"","",,,,"",,,"","","",,,"","",,,,,"","","",,,,,,,2,,,"",,,,,,,,,,,"","",,,,,"k",0.5446,,"space",0.32,,2,"green_gnome",2,8,"bright_forest","red_basket","red_gnome",2,6,"dark_forest","yellow_basket",6,0,0,1,"red_gnome","dark_forest","yellow_basket",158,-1,1,12,0,24,1,1,"",,,"",,,"",,,"",,,,,,,"","",,,"",,,"",,,"",,,,,,,"",,,"","",,,,,,,,"",,,,,,,"",,,"","","",,,,,,,,"",,,,,"",,,,,"","","","",,,,,,"",,,,,"",,,,,"","",,,,,,"",,,,,,,
"","","",,"","","","","","","",,"","","","","","","",,"","","","","","","",,"","","","","",575873,1,"2024-02-20_11h23.24.317","experiment","2023.2.3","MacIntel",63.29113924,"61008174621af4fde89d5c7f","65d4ce4bfe04d08c28397785","65d4d1c012303518e653216a","",,,"",,,"",,,"",,,"",,,"",,,,,"",,,"","",,,,"",,,"","","",,,"","",,,,,"","","",,,,,,,1,,,"",,,,,,,,,,,"","",,,,,"s",0.5264,,"space",0.3288,,1,"purple_gnome",1,7,"dark_forest","yellow_basket","brown_gnomes",1,7,"bright_forest","red_basket",7,0,0,1,"purple_gnome","dark_forest","yellow_basket",165,1,3,12,1,25,0,1,"",,,"",,,"",,,"",,,,,,,"","",,,"",,,"",,,"",,,,,,,"",,,"","",,,,,,,,"",,,,,,,"",,,"","","",,,,,,,,"",,,,,"",,,,,"","","","",,,,,,"",,,,,"",,,,,"","",,,,,,"",,,,,,,
"","","",,"","","","","","","",,"","","","","","","",,"","","","","","","",,"","","","","",575873,1,"2024-02-20_11h23.24.317","experiment","2023.2.3","MacIntel",63.29113924,"61008174621af4fde89d5c7f","65d4ce4bfe04d08c28397785","65d4d1c012303518e653216a","",,,"",,,"",,,"",,,"",,,"",,,,,"",,,"","",,,,"",,,"","","",,,"","",,,,,"","","",,,,,,,2,,,"",,,,,,,,,,,"","",,,,,"s",0.5629,,"space",0.3479,,2,"red_gnome",2,8,"dark_forest","yellow_basket","green_gnome",2,8,"bright_forest","red_basket",8,0,0,1,"red_gnome","dark_forest","yellow_basket",173,0,0,13,0,26,1,1,"",,,"",,,"",,,"",,,,,,,"","",,,"",,,"",,,"",,,,,,,"",,,"","",,,,,,,,"",,,,,,,"",,,"","","",,,,,,,,"",,,,,"",,,,,"","","","",,,,,,"",,,,,"",,,,,"","",,,,,,"",,,,,,,
"","","",,"","","","","","","",,"","","","","","","",,"","","","","","","",,"","","","","",575873,1,"2024-02-20_11h23.24.317","experiment","2023.2.3","MacIntel",63.29113924,"61008174621af4fde89d5c7f","65d4ce4bfe04d08c28397785","65d4d1c012303518e653216a","",,,"",,,"",,,"",,,"",,,"",,,,,"",,,"","",,,,"",,,"","","",,,"","",,,,,"","","",,,,,,,1,,,"",,,,,,,,,,,"","",,,,,"s",0.5265,,"space",0.4026,,1,"purple_gnome",1,8,"dark_forest","yellow_basket","brown_gnomes",1,8,"bright_forest","red_basket",8,0,0,1,"purple_gnome","dark_forest","yellow_basket",181,-1,0,13,1,27,0,1,"",,,"",,,"",,,"",,,,,,,"","",,,"",,,"",,,"",,,,,,,"",,,"","",,,,,,,,"",,,,,,,"",,,"","","",,,,,,,,"",,,,,"",,,,,"","","","",,,,,,"",,,,,"",,,,,"","",,,,,,"",,,,,,,
"","","",,"","","","","","","",,"","","","","","","",,"","","","","","","",,"","","","","",575873,1,"2024-02-20_11h23.24.317","experiment","2023.2.3","MacIntel",63.29113924,"61008174621af4fde89d5c7f","65d4ce4bfe04d08c28397785","65d4d1c012303518e653216a","",,,"",,,"",,,"",,,"",,,"",,,,,"",,,"","",,,,"",,,"","","",,,"","",,,,,"","","",,,,,,,1,,,"",,,,,,,,,,,"","",,,,,"k",0.5266,,"space",0.3838,,1,"brown_gnomes",1,7,"bright_forest","red_basket","purple_gnome",1,8,"dark_forest","yellow_basket",8,0,0,1,"purple_gnome","dark_forest","yellow_basket",189,-2,0,14,0,28,0,1,"",,,"",,,"",,,"",,,,,,,"","",,,"",,,"",,,"",,,,,,,"",,,"","",,,,,,,,"",,,,,,,"",,,"","","",,,,,,,,"",,,,,"",,,,,"","","","",,,,,,"",,,,,"",,,,,"","",,,,,,"",,,,,,,
"","","",,"","","","","","","",,"","","","","","","",,"","","","","","","",,"","","","","",575873,1,"2024-02-20_11h23.24.317","experiment","2023.2.3","MacIntel",63.29113924,"61008174621af4fde89d5c7f","65d4ce4bfe04d08c28397785","65d4d1c012303518e653216a","",,,"",,,"",,,"",,,"",,,"",,,,,"",,,"","",,,,"",,,"","","",,,"","",,,,,"","","",,,,,,,2,,,"",,,,,,,,,,,"","",,,,,"s",0.5447,,"space",0.366,,2,"red_gnome",2,8,"dark_forest","yellow_basket","green_gnome",2,5,"bright_forest","red_basket",8,0,0,1,"red_gnome","dark_forest","yellow_basket",197,2,3,14,1,29,1,1,"",,,"",,,"",,,"",,,,,,,"","",,,"",,,"",,,"",,,,,,,"",,,"","",,,,,,,,"",,,,,,,"",,,"","","",,,,,,,,"",,,,,"",,,,,"","","","",,,,,,"",,,,,"",,,,,"","",,,,,,"",,,,,,,
"","","",,"","","","","","","",,"","","","","","","",,"","","","","","","",,"","","","","",575873,1,"2024-02-20_11h23.24.317","experiment","2023.2.3","MacIntel",63.29113924,"61008174621af4fde89d5c7f","65d4ce4bfe04d08c28397785","65d4d1c012303518e653216a","",,,"",,,"",,,"",,,"",,,"",,,,,"",,,"","",,,,"",,,"","","",,,"","",,,,,"","","",,,,,,,1,,,"",,,,,,,,,,,"","",,,,,"s",0.4943,,"space",0.3129,,1,"purple_gnome",1,7,"dark_forest","yellow_basket","brown_gnomes",1,7,"bright_forest","red_basket",7,0,0,1,"purple_gnome","dark_forest","yellow_basket",204,-1,-1,15,0,30,0,1,"",,,"",,,"",,,"",,,,,,,"","",,,"",,,"",,,"",,,,,,,"",,,"","",,,,,,,,"",,,,,,,"",,,"","","",,,,,,,,"",,,,,"",,,,,"","","","",,,,,,"",,,,,"",,,,,"","",,,,,,"",,,,,,,
"","","",,"","","","","","","",,"","","","","","","",,"","","","","","","",,"","","","","",575873,1,"2024-02-20_11h23.24.317","experiment","2023.2.3","MacIntel",63.29113924,"61008174621af4fde89d5c7f","65d4ce4bfe04d08c28397785","65d4d1c012303518e653216a","",,,"",,,"",,,"",,,"",,,"",,,,,"",,,"","",,,,"",,,"","","",,,"","",,,,,"","","",,,,,,,1,,,"",,,,,,,,,,,"","",,,,,"k",0.5598,,"space",0.3445,,1,"brown_gnomes",1,6,"bright_forest","red_basket","purple_gnome",1,6,"dark_forest","yellow_basket",6,0,0,1,"purple_gnome","dark_forest","yellow_basket",210,0,5,15,1,31,0,1,"",,,"",,,"",,,"",,,,,,,"","",,,"",,,"",,,"",,,,,,,"",,,"","",,,,,,,,"",,,,,,,"",,,"","","",,,,,,,,"",,,,,"",,,,,"","","","",,,,,,"",,,,,"",,,,,"","",,,,,,"",,,,,,,
"","","",,"","","","","","","",,"","","","","","","",,"","","","","","","",,"","","","","",575873,1,"2024-02-20_11h23.24.317","experiment","2023.2.3","MacIntel",63.29113924,"61008174621af4fde89d5c7f","65d4ce4bfe04d08c28397785","65d4d1c012303518e653216a","",,,"",,,"",,,"",,,"",,,"",,,,,"",,,"","",,,,"",,,"","","",,,"","",,,,,"","","",,,,,,,2,,,"",,,,,,,,,,,"","",,,,,"k",0.5128,,"space",0.2884,,2,"green_gnome",2,6,"bright_forest","red_basket","red_gnome",2,7,"dark_forest","yellow_basket",7,0,0,1,"red_gnome","dark_forest","yellow_basket",217,-2,1,16,0,32,1,1,"",,,"",,,"",,,"",,,,,,,"","",,,"",,,"",,,"",,,,,,,"",,,"","",,,,,,,,"",,,,,,,"",,,"","","",,,,,,,,"",,,,,"",,,,,"","","","",,,,,,"",,,,,"",,,,,"","",,,,,,"",,,,,,,
"","","",,"","","","","","","",,"","","","","","","",,"","","","","","","",,"","","","","",575873,1,"2024-02-20_11h23.24.317","experiment","2023.2.3","MacIntel",63.29113924,"61008174621af4fde89d5c7f","65d4ce4bfe04d08c28397785","65d4d1c012303518e653216a","",,,"",,,"",,,"",,,"",,,"",,,,,"",,,"","",,,,"",,,"","","",,,"","",,,,,"","","",,,,,,,2,,,"",,,,,,,,,,,"","",,,,,"s",0.5318,,"space",0.4637,,2,"red_gnome",2,8,"dark_forest","yellow_basket","green_gnome",2,4,"bright_forest","red_basket",8,0,0,1,"red_gnome","dark_forest","yellow_basket",225,1,-1,16,1,33,1,1,"",,,"",,,"",,,"",,,,,,,"","",,,"",,,"",,,"",,,,,,,"",,,"","",,,,,,,,"",,,,,,,"",,,"","","",,,,,,,,"",,,,,"",,,,,"","","","",,,,,,"",,,,,"",,,,,"","",,,,,,"",,,,,,,
"","","",,"","","","","","","",,"","","","","","","",,"","","","","","","",,"","","","","",575873,1,"2024-02-20_11h23.24.317","experiment","2023.2.3","MacIntel",63.29113924,"61008174621af4fde89d5c7f","65d4ce4bfe04d08c28397785","65d4d1c012303518e653216a","",,,"",,,"",,,"",,,"",,,"",,,,,"",,,"","",,,,"",,,"","","",,,"","",,,,,"","","",,,,,,,2,,,"",,,,,,,,,,,"","",,,,,"k",0.5088,,"space",0.3784,,2,"green_gnome",2,5,"bright_forest","red_basket","red_gnome",2,7,"dark_forest","yellow_basket",7,0,0,1,"red_gnome","dark_forest","yellow_basket",232,-1,2,17,0,34,1,1,"",,,"",,,"",,,"",,,,,,,"","",,,"",,,"",,,"",,,,,,,"",,,"","",,,,,,,,"",,,,,,,"",,,"","","",,,,,,,,"",,,,,"",,,,,"","","","",,,,,,"",,,,,"",,,,,"","",,,,,,"",,,,,,,
"","","",,"","","","","","","",,"","","","","","","",,"","","","","","","",,"","","","","",575873,1,"2024-02-20_11h23.24.317","experiment","2023.2.3","MacIntel",63.29113924,"61008174621af4fde89d5c7f","65d4ce4bfe04d08c28397785","65d4d1c012303518e653216a","",,,"",,,"",,,"",,,"",,,"",,,,,"",,,"","",,,,"",,,"","","",,,"","",,,,,"","","",,,,,,,2,,,"",,,,,,,,,,,"","",,,,,"k",0.6755,,"space",0.3296,,2,"green_gnome",2,4,"bright_forest","red_basket","red_gnome",2,9,"dark_forest","yellow_basket",9,0,0,1,"red_gnome","dark_forest","yellow_basket",241,1,-1,17,1,35,1,1,"",,,"",,,"",,,"",,,,,,,"","",,,"",,,"",,,"",,,,,,,"",,,"","",,,,,,,,"",,,,,,,"",,,"","","",,,,,,,,"",,,,,"",,,,,"","","","",,,,,,"",,,,,"",,,,,"","",,,,,,"",,,,,,,
"","","",,"","","","","","","",,"","","","","","","",,"","","","","","","",,"","","","","",575873,1,"2024-02-20_11h23.24.317","experiment","2023.2.3","MacIntel",63.29113924,"61008174621af4fde89d5c7f","65d4ce4bfe04d08c28397785","65d4d1c012303518e653216a","",,,"",,,"",,,"",,,"",,,"",,,,,"",,,"","",,,,"",,,"","","",,,"","",,,,,"","","",,,,,,,2,,,"",,,,,,,,,,,"","",,,,,"k",0.5456,,"space",0.4287,,2,"green_gnome",2,5,"bright_forest","red_basket","red_gnome",2,8,"dark_forest","yellow_basket",8,0,0,1,"red_gnome","dark_forest","yellow_basket",249,0,1,18,0,36,1,1,"",,,"",,,"",,,"",,,,,,,"","",,,"",,,"",,,"",,,,,,,"",,,"","",,,,,,,,"",,,,,,,"",,,"","","",,,,,,,,"",,,,,"",,,,,"","","","",,,,,,"",,,,,"",,,,,"","",,,,,,"",,,,,,,
"","","",,"","","","","","","",,"","","","","","","",,"","","","","","","",,"","","","","",575873,1,"2024-02-20_11h23.24.317","experiment","2023.2.3","MacIntel",63.29113924,"61008174621af4fde89d5c7f","65d4ce4bfe04d08c28397785","65d4d1c012303518e653216a","",,,"",,,"",,,"",,,"",,,"",,,,,"",,,"","",,,,"",,,"","","",,,"","",,,,,"","","",,,,,,,1,,,"",,,,,,,,,,,"","",,,,,"k",0.5294,,"space",0.2971,,1,"brown_gnomes",1,5,"bright_forest","red_basket","purple_gnome",1,9,"dark_forest","yellow_basket",9,0,0,1,"purple_gnome","dark_forest","yellow_basket",258,5,-2,18,1,37,0,1,"",,,"",,,"",,,"",,,,,,,"","",,,"",,,"",,,"",,,,,,,"",,,"","",,,,,,,,"",,,,,,,"",,,"","","",,,,,,,,"",,,,,"",,,,,"","","","",,,,,,"",,,,,"",,,,,"","",,,,,,"",,,,,,,
"","","",,"","","","","","","",,"","","","","","","",,"","","","","","","",,"","","","","",575873,1,"2024-02-20_11h23.24.317","experiment","2023.2.3","MacIntel",63.29113924,"61008174621af4fde89d5c7f","65d4ce4bfe04d08c28397785","65d4d1c012303518e653216a","",,,"",,,"",,,"",,,"",,,"",,,,,"",,,"","",,,,"",,,"","","",,,"","",,,,,"","","",,,,,,,2,,,"",,,,,,,,,,,"","",,,,,"k",0.5434,,"space",0.3533,,2,"green_gnome",2,8,"bright_forest","red_basket","red_gnome",2,7,"dark_forest","yellow_basket",7,0,0,1,"red_gnome","dark_forest","yellow_basket",265,1,-3,19,0,38,1,1,"",,,"",,,"",,,"",,,,,,,"","",,,"",,,"",,,"",,,,,,,"",,,"","",,,,,,,,"",,,,,,,"",,,"","","",,,,,,,,"",,,,,"",,,,,"","","","",,,,,,"",,,,,"",,,,,"","",,,,,,"",,,,,,,
"","","",,"","","","","","","",,"","","","","","","",,"","","","","","","",,"","","","","",575873,1,"2024-02-20_11h23.24.317","experiment","2023.2.3","MacIntel",63.29113924,"61008174621af4fde89d5c7f","65d4ce4bfe04d08c28397785","65d4d1c012303518e653216a","",,,"",,,"",,,"",,,"",,,"",,,,,"",,,"","",,,,"",,,"","","",,,"","",,,,,"","","",,,,,,,1,,,"",,,,,,,,,,,"","",,,,,"k",0.4995,,"space",0.3167,,1,"brown_gnomes",1,9,"bright_forest","red_basket","purple_gnome",1,4,"dark_forest","yellow_basket",4,0,0,1,"purple_gnome","dark_forest","yellow_basket",269,-1,-4,19,1,39,0,1,"",,,"",,,"",,,"",,,,,,,"","",,,"",,,"",,,"",,,,,,,"",,,"","",,,,,,,,"",,,,,,,"",,,"","","",,,,,,,,"",,,,,"",,,,,"","","","",,,,,,"",,,,,"",,,,,"","",,,,,,"",,,,,,,
"","","",,"","","","","","","",,"","","","","","","",,"","","","","","","",,"","","","","",575873,1,"2024-02-20_11h23.24.317","experiment","2023.2.3","MacIntel",63.29113924,"61008174621af4fde89d5c7f","65d4ce4bfe04d08c28397785","65d4d1c012303518e653216a","",,,"",,,"",,,"",,,"",,,"",,,,,"",,,"","",,,,"",,,"","","",,,"","",,,,,"","","",,,,,,,2,,,"",,,,,,,,,,,"","",,,,,"s",0.5305,,"space",0.5785,,2,"red_gnome",2,0,"dark_forest","yellow_basket","green_gnome",2,8,"bright_forest","red_basket",0,0,0,1,"red_gnome","dark_forest","yellow_basket",269,1,1,20,0,40,1,1,"",,,"",,,"",,,"",,,,,,,"","",,,"",,,"",,,"",,,,,,,"",,,"","",,,,,,,,"",,,,,,,"",,,"","","",,,,,,,,"",,,,,"",,,,,"","","","",,,,,,"",,,,,"",,,,,"","",,,,,,"",,,,,,,
"","","",,"","","","","","","",,"","","","","","","",,"","","","","","","",,"","","","","",575873,1,"2024-02-20_11h23.24.317","experiment","2023.2.3","MacIntel",63.29113924,"61008174621af4fde89d5c7f","65d4ce4bfe04d08c28397785","65d4d1c012303518e653216a","",,,"",,,"",,,"",,,"",,,"",,,,,"",,,"","",,,,"",,,"","","",,,"","",,,,,"","","",,,,,,,1,,,"",,,,,,,,,,,"","",,,,,"s",1.0756,,"space",0.5455,,1,"purple_gnome",1,1,"dark_forest","yellow_basket","brown_gnomes",1,9,"bright_forest","red_basket",1,0,0,1,"purple_gnome","dark_forest","yellow_basket",270,1,0,20,1,41,0,1,"",,,"",,,"",,,"",,,,,,,"","",,,"",,,"",,,"",,,,,,,"",,,"","",,,,,,,,"",,,,,,,"",,,"","","",,,,,,,,"",,,,,"",,,,,"","","","",,,,,,"",,,,,"",,,,,"","",,,,,,"",,,,,,,
"","","",,"","","","","","","",,"","","","","","","",,"","","","","","","",,"","","","","",575873,1,"2024-02-20_11h23.24.317","experiment","2023.2.3","MacIntel",63.29113924,"61008174621af4fde89d5c7f","65d4ce4bfe04d08c28397785","65d4d1c012303518e653216a","",,,"",,,"",,,"",,,"",,,"",,,,,"",,,"","",,,,"",,,"","","",,,"","",,,,,"","","",,,,,,,2,,,"",,,,,,,,,,,"","",,,,,"s",0.7767,,"space",0.4951,,2,"green_gnome",2,8,"bright_forest","red_basket","red_gnome",2,1,"dark_forest","yellow_basket",8,0,0,1,"green_gnome","bright_forest","red_basket",278,2,-4,21,0,42,1,1,"",,,"",,,"",,,"",,,,,,,"","",,,"",,,"",,,"",,,,,,,"",,,"","",,,,,,,,"",,,,,,,"",,,"","","",,,,,,,,"",,,,,"",,,,,"","","","",,,,,,"",,,,,"",,,,,"","",,,,,,"",,,,,,,
"","","",,"","","","","","","",,"","","","","","","",,"","","","","","","",,"","","","","",575873,1,"2024-02-20_11h23.24.317","experiment","2023.2.3","MacIntel",63.29113924,"61008174621af4fde89d5c7f","65d4ce4bfe04d08c28397785","65d4d1c012303518e653216a","",,,"",,,"",,,"",,,"",,,"",,,,,"",,,"","",,,,"",,,"","","",,,"","",,,,,"","","",,,,,,,2,,,"",,,,,,,,,,,"","",,,,,"k",0.9981,,"space",0.5006,,2,"red_gnome",2,3,"dark_forest","yellow_basket","green_gnome",2,8,"bright_forest","red_basket",8,0,0,1,"green_gnome","bright_forest","red_basket",286,1,2,21,1,43,1,1,"",,,"",,,"",,,"",,,,,,,"","",,,"",,,"",,,"",,,,,,,"",,,"","",,,,,,,,"",,,,,,,"",,,"","","",,,,,,,,"",,,,,"",,,,,"","","","",,,,,,"",,,,,"",,,,,"","",,,,,,"",,,,,,,
"","","",,"","","","","","","",,"","","","","","","",,"","","","","","","",,"","","","","",575873,1,"2024-02-20_11h23.24.317","experiment","2023.2.3","MacIntel",63.29113924,"61008174621af4fde89d5c7f","65d4ce4bfe04d08c28397785","65d4d1c012303518e653216a","",,,"",,,"",,,"",,,"",,,"",,,,,"",,,"","",,,,"",,,"","","",,,"","",,,,,"","","",,,,,,,1,,,"",,,,,,,,,,,"","",,,,,"k",0.6252,,"space",0.882,,1,"purple_gnome",1,5,"dark_forest","yellow_basket","brown_gnomes",1,9,"bright_forest","red_basket",9,0,0,1,"brown_gnomes","bright_forest","red_basket",295,3,0,22,0,44,0,1,"",,,"",,,"",,,"",,,,,,,"","",,,"",,,"",,,"",,,,,,,"",,,"","",,,,,,,,"",,,,,,,"",,,"","","",,,,,,,,"",,,,,"",,,,,"","","","",,,,,,"",,,,,"",,,,,"","",,,,,,"",,,,,,,
"","","",,"","","","","","","",,"","","","","","","",,"","","","","","","",,"","","","","",575873,1,"2024-02-20_11h23.24.317","experiment","2023.2.3","MacIntel",63.29113924,"61008174621af4fde89d5c7f","65d4ce4bfe04d08c28397785","65d4d1c012303518e653216a","",,,"",,,"",,,"",,,"",,,"",,,,,"",,,"","",,,,"",,,"","","",,,"","",,,,,"","","",,,,,,,1,,,"",,,,,,,,,,,"","",,,,,"k",0.5935,,"space",0.4463,,1,"purple_gnome",1,5,"dark_forest","yellow_basket","brown_gnomes",1,6,"bright_forest","red_basket",6,0,0,1,"brown_gnomes","bright_forest","red_basket",301,4,3,22,1,45,0,1,"",,,"",,,"",,,"",,,,,,,"","",,,"",,,"",,,"",,,,,,,"",,,"","",,,,,,,,"",,,,,,,"",,,"","","",,,,,,,,"",,,,,"",,,,,"","","","",,,,,,"",,,,,"",,,,,"","",,,,,,"",,,,,,,
"","","",,"","","","","","","",,"","","","","","","",,"","","","","","","",,"","","","","",575873,1,"2024-02-20_11h23.24.317","experiment","2023.2.3","MacIntel",63.29113924,"61008174621af4fde89d5c7f","65d4ce4bfe04d08c28397785","65d4d1c012303518e653216a","",,,"",,,"",,,"",,,"",,,"",,,,,"",,,"","",,,,"",,,"","","",,,"","",,,,,"","","",,,,,,,1,,,"",,,,,,,,,,,"","",,,,,"k",0.7438,,"space",0.4964,,1,"brown_gnomes",1,8,"bright_forest","red_basket","purple_gnome",1,8,"dark_forest","yellow_basket",8,0,0,1,"purple_gnome","dark_forest","yellow_basket",309,3,-1,23,0,46,0,1,"",,,"",,,"",,,"",,,,,,,"","",,,"",,,"",,,"",,,,,,,"",,,"","",,,,,,,,"",,,,,,,"",,,"","","",,,,,,,,"",,,,,"",,,,,"","","","",,,,,,"",,,,,"",,,,,"","",,,,,,"",,,,,,,
"","","",,"","","","","","","",,"","","","","","","",,"","","","","","","",,"","","","","",575873,1,"2024-02-20_11h23.24.317","experiment","2023.2.3","MacIntel",63.29113924,"61008174621af4fde89d5c7f","65d4ce4bfe04d08c28397785","65d4d1c012303518e653216a","",,,"",,,"",,,"",,,"",,,"",,,,,"",,,"","",,,,"",,,"","","",,,"","",,,,,"","","",,,,,,,1,,,"",,,,,,,,,,,"","",,,,,"s",0.8307,,"space",0.4326,,1,"brown_gnomes",1,7,"bright_forest","red_basket","purple_gnome",1,7,"dark_forest","yellow_basket",7,0,0,1,"brown_gnomes","bright_forest","red_basket",316,-4,3,23,1,47,0,1,"",,,"",,,"",,,"",,,,,,,"","",,,"",,,"",,,"",,,,,,,"",,,"","",,,,,,,,"",,,,,,,"",,,"","","",,,,,,,,"",,,,,"",,,,,"","","","",,,,,,"",,,,,"",,,,,"","",,,,,,"",,,,,,,
"","","",,"","","","","","","",,"","","","","","","",,"","","","","","","",,"","","","","",575873,1,"2024-02-20_11h23.24.317","experiment","2023.2.3","MacIntel",63.29113924,"61008174621af4fde89d5c7f","65d4ce4bfe04d08c28397785","65d4d1c012303518e653216a","",,,"",,,"",,,"",,,"",,,"",,,,,"",,,"","",,,,"",,,"","","",,,"","",,,,,"","","",,,,,,,2,,,"",,,,,,,,,,,"","",,,,,"k",0.7096,,"space",0.3972,,2,"red_gnome",2,8,"dark_forest","yellow_basket","green_gnome",2,3,"bright_forest","red_basket",3,0,0,1,"green_gnome","bright_forest","red_basket",319,-3,-1,24,0,48,1,1,"",,,"",,,"",,,"",,,,,,,"","",,,"",,,"",,,"",,,,,,,"",,,"","",,,,,,,,"",,,,,,,"",,,"","","",,,,,,,,"",,,,,"",,,,,"","","","",,,,,,"",,,,,"",,,,,"","",,,,,,"",,,,,,,
"","","",,"","","","","","","",,"","","","","","","",,"","","","","","","",,"","","","","",575873,1,"2024-02-20_11h23.24.317","experiment","2023.2.3","MacIntel",63.29113924,"61008174621af4fde89d5c7f","65d4ce4bfe04d08c28397785","65d4d1c012303518e653216a","",,,"",,,"",,,"",,,"",,,"",,,,,"",,,"","",,,,"",,,"","","",,,"","",,,,,"","","",,,,,,,2,,,"",,,,,,,,,,,"","",,,,,"s",0.8922,,"space",0.5823,,2,"green_gnome",2,0,"bright_forest","red_basket","red_gnome",2,7,"dark_forest","yellow_basket",0,0,0,1,"green_gnome","bright_forest","red_basket",319,1,-1,24,1,49,1,1,"",,,"",,,"",,,"",,,,,,,"","",,,"",,,"",,,"",,,,,,,"",,,"","",,,,,,,,"",,,,,,,"",,,"","","",,,,,,,,"",,,,,"",,,,,"","","","",,,,,,"",,,,,"",,,,,"","",,,,,,"",,,,,,,
"","","",,"","","","","","","",,"","","","","","","",,"","","","","","","",,"","","","","",575873,1,"2024-02-20_11h23.24.317","experiment","2023.2.3","MacIntel",63.29113924,"61008174621af4fde89d5c7f","65d4ce4bfe04d08c28397785","65d4d1c012303518e653216a","",,,"",,,"",,,"",,,"",,,"",,,,,"",,,"","",,,,"",,,"","","",,,"","",,,,,"","","",,,,,,,2,,,"",,,,,,,,,,,"","",,,,,"s",0.6284,,"space",0.3712,,2,"red_gnome",2,6,"dark_forest","yellow_basket","green_gnome",2,1,"bright_forest","red_basket",6,0,0,1,"red_gnome","dark_forest","yellow_basket",325,0,-2,25,0,50,1,1,"",,,"",,,"",,,"",,,,,,,"","",,,"",,,"",,,"",,,,,,,"",,,"","",,,,,,,,"",,,,,,,"",,,"","","",,,,,,,,"",,,,,"",,,,,"","","","",,,,,,"",,,,,"",,,,,"","",,,,,,"",,,,,,,
"","","",,"","","","","","","",,"","","","","","","",,"","","","","","","",,"","","","","",575873,1,"2024-02-20_11h23.24.317","experiment","2023.2.3","MacIntel",63.29113924,"61008174621af4fde89d5c7f","65d4ce4bfe04d08c28397785","65d4d1c012303518e653216a","",,,"",,,"",,,"",,,"",,,"",,,,,"",,,"","",,,,"",,,"","","",,,"","",,,,,"","","",,,,,,,2,,,"",,,,,,,,,,,"","",,,,,"k",0.8959,,"space",0.4296,,2,"green_gnome",2,1,"bright_forest","red_basket","red_gnome",2,4,"dark_forest","yellow_basket",4,0,0,1,"red_gnome","dark_forest","yellow_basket",329,1,-2,25,1,51,1,1,"",,,"",,,"",,,"",,,,,,,"","",,,"",,,"",,,"",,,,,,,"",,,"","",,,,,,,,"",,,,,,,"",,,"","","",,,,,,,,"",,,,,"",,,,,"","","","",,,,,,"",,,,,"",,,,,"","",,,,,,"",,,,,,,
"","","",,"","","","","","","",,"","","","","","","",,"","","","","","","",,"","","","","",575873,1,"2024-02-20_11h23.24.317","experiment","2023.2.3","MacIntel",63.29113924,"61008174621af4fde89d5c7f","65d4ce4bfe04d08c28397785","65d4d1c012303518e653216a","",,,"",,,"",,,"",,,"",,,"",,,,,"",,,"","",,,,"",,,"","","",,,"","",,,,,"","","",,,,,,,1,,,"",,,,,,,,,,,"","",,,,,"k",0.8685,,"space",0.3893,,1,"purple_gnome",1,2,"dark_forest","yellow_basket","brown_gnomes",1,2,"bright_forest","red_basket",2,0,0,1,"brown_gnomes","bright_forest","red_basket",331,-1,-3,26,0,52,0,1,"",,,"",,,"",,,"",,,,,,,"","",,,"",,,"",,,"",,,,,,,"",,,"","",,,,,,,,"",,,,,,,"",,,"","","",,,,,,,,"",,,,,"",,,,,"","","","",,,,,,"",,,,,"",,,,,"","",,,,,,"",,,,,,,
"","","",,"","","","","","","",,"","","","","","","",,"","","","","","","",,"","","","","",575873,1,"2024-02-20_11h23.24.317","experiment","2023.2.3","MacIntel",63.29113924,"61008174621af4fde89d5c7f","65d4ce4bfe04d08c28397785","65d4d1c012303518e653216a","",,,"",,,"",,,"",,,"",,,"",,,,,"",,,"","",,,,"",,,"","","",,,"","",,,,,"","","",,,,,,,2,,,"",,,,,,,,,,,"","",,,,,"k",0.9966,,"space",0.4345,,2,"green_gnome",2,1,"bright_forest","red_basket","red_gnome",2,1,"dark_forest","yellow_basket",1,0,0,1,"red_gnome","dark_forest","yellow_basket",332,-2,2,26,1,53,1,1,"",,,"",,,"",,,"",,,,,,,"","",,,"",,,"",,,"",,,,,,,"",,,"","",,,,,,,,"",,,,,,,"",,,"","","",,,,,,,,"",,,,,"",,,,,"","","","",,,,,,"",,,,,"",,,,,"","",,,,,,"",,,,,,,
"","","",,"","","","","","","",,"","","","","","","",,"","","","","","","",,"","","","","",575873,1,"2024-02-20_11h23.24.317","experiment","2023.2.3","MacIntel",63.29113924,"61008174621af4fde89d5c7f","65d4ce4bfe04d08c28397785","65d4d1c012303518e653216a","",,,"",,,"",,,"",,,"",,,"",,,,,"",,,"","",,,,"",,,"","","",,,"","",,,,,"","","",,,,,,,1,,,"",,,,,,,,,,,"","",,,,,"k",0.9277,,"space",0.3017,,1,"brown_gnomes",1,1,"bright_forest","red_basket","purple_gnome",1,3,"dark_forest","yellow_basket",3,0,0,1,"purple_gnome","dark_forest","yellow_basket",335,2,-1,27,0,54,0,1,"",,,"",,,"",,,"",,,,,,,"","",,,"",,,"",,,"",,,,,,,"",,,"","",,,,,,,,"",,,,,,,"",,,"","","",,,,,,,,"",,,,,"",,,,,"","","","",,,,,,"",,,,,"",,,,,"","",,,,,,"",,,,,,,
"","","",,"","","","","","","",,"","","","","","","",,"","","","","","","",,"","","","","",575873,1,"2024-02-20_11h23.24.317","experiment","2023.2.3","MacIntel",63.29113924,"61008174621af4fde89d5c7f","65d4ce4bfe04d08c28397785","65d4d1c012303518e653216a","",,,"",,,"",,,"",,,"",,,"",,,,,"",,,"","",,,,"",,,"","","",,,"","",,,,,"","","",,,,,,,2,,,"",,,,,,,,,,,"","",,,,,"s",0.7926,,"space",0.353,,2,"red_gnome",2,2,"dark_forest","yellow_basket","green_gnome",2,3,"bright_forest","red_basket",2,0,0,1,"red_gnome","dark_forest","yellow_basket",337,3,-2,27,1,55,1,1,"",,,"",,,"",,,"",,,,,,,"","",,,"",,,"",,,"",,,,,,,"",,,"","",,,,,,,,"",,,,,,,"",,,"","","",,,,,,,,"",,,,,"",,,,,"","","","",,,,,,"",,,,,"",,,,,"","",,,,,,"",,,,,,,
"","","",,"","","","","","","",,"","","","","","","",,"","","","","","","",,"","","","","",575873,1,"2024-02-20_11h23.24.317","experiment","2023.2.3","MacIntel",63.29113924,"61008174621af4fde89d5c7f","65d4ce4bfe04d08c28397785","65d4d1c012303518e653216a","",,,"",,,"",,,"",,,"",,,"",,,,,"",,,"","",,,,"",,,"","","",,,"","",,,,,"","","",,,,,,,1,,,"",,,,,,,,,,,"","",,,,,"k",1.243,,"space",0.5018,,1,"purple_gnome",1,0,"dark_forest","yellow_basket","brown_gnomes",1,6,"bright_forest","red_basket",6,0,0,1,"brown_gnomes","bright_forest","red_basket",343,0,0,28,0,56,0,1,"",,,"",,,"",,,"",,,,,,,"","",,,"",,,"",,,"",,,,,,,"",,,"","",,,,,,,,"",,,,,,,"",,,"","","",,,,,,,,"",,,,,"",,,,,"","","","",,,,,,"",,,,,"",,,,,"","",,,,,,"",,,,,,,
"","","",,"","","","","","","",,"","","","","","","",,"","","","","","","",,"","","","","",575873,1,"2024-02-20_11h23.24.317","experiment","2023.2.3","MacIntel",63.29113924,"61008174621af4fde89d5c7f","65d4ce4bfe04d08c28397785","65d4d1c012303518e653216a","",,,"",,,"",,,"",,,"",,,"",,,,,"",,,"","",,,,"",,,"","","",,,"","",,,,,"","","",,,,,,,1,,,"",,,,,,,,,,,"","",,,,,"k",0.943,,"space",0.479,,1,"purple_gnome",1,0,"dark_forest","yellow_basket","brown_gnomes",1,6,"bright_forest","red_basket",6,0,0,1,"brown_gnomes","bright_forest","red_basket",349,-3,-1,28,1,57,0,1,"",,,"",,,"",,,"",,,,,,,"","",,,"",,,"",,,"",,,,,,,"",,,"","",,,,,,,,"",,,,,,,"",,,"","","",,,,,,,,"",,,,,"",,,,,"","","","",,,,,,"",,,,,"",,,,,"","",,,,,,"",,,,,,,
"","","",,"","","","","","","",,"","","","","","","",,"","","","","","","",,"","","","","",575873,1,"2024-02-20_11h23.24.317","experiment","2023.2.3","MacIntel",63.29113924,"61008174621af4fde89d5c7f","65d4ce4bfe04d08c28397785","65d4d1c012303518e653216a","",,,"",,,"",,,"",,,"",,,"",,,,,"",,,"","",,,,"",,,"","","",,,"","",,,,,"","","",,,,,,,2,,,"",,,,,,,,,,,"","",,,,,"s",1.0099,,"space",0.5206,,2,"green_gnome",2,3,"bright_forest","red_basket","red_gnome",2,1,"dark_forest","yellow_basket",3,0,0,1,"green_gnome","bright_forest","red_basket",352,-3,3,29,0,58,1,1,"",,,"",,,"",,,"",,,,,,,"","",,,"",,,"",,,"",,,,,,,"",,,"","",,,,,,,,"",,,,,,,"",,,"","","",,,,,,,,"",,,,,"",,,,,"","","","",,,,,,"",,,,,"",,,,,"","",,,,,,"",,,,,,,
"","","",,"","","","","","","",,"","","","","","","",,"","","","","","","",,"","","","","",575873,1,"2024-02-20_11h23.24.317","experiment","2023.2.3","MacIntel",63.29113924,"61008174621af4fde89d5c7f","65d4ce4bfe04d08c28397785","65d4d1c012303518e653216a","",,,"",,,"",,,"",,,"",,,"",,,,,"",,,"","",,,,"",,,"","","",,,"","",,,,,"","","",,,,,,,1,,,"",,,,,,,,,,,"","",,,,,"s",1.0102,,"space",0.6176,,1,"brown_gnomes",1,0,"bright_forest","red_basket","purple_gnome",1,4,"dark_forest","yellow_basket",0,0,0,1,"brown_gnomes","bright_forest","red_basket",352,3,-1,29,1,59,0,1,"",,,"",,,"",,,"",,,,,,,"","",,,"",,,"",,,"",,,,,,,"",,,"","",,,,,,,,"",,,,,,,"",,,"","","",,,,,,,,"",,,,,"",,,,,"","","","",,,,,,"",,,,,"",,,,,"","",,,,,,"",,,,,,,
"","","",,"","","","","","","",,"","","","","","","",,"","","","","","","",,"","","","","",575873,1,"2024-02-20_11h23.24.317","experiment","2023.2.3","MacIntel",63.29113924,"61008174621af4fde89d5c7f","65d4ce4bfe04d08c28397785","65d4d1c012303518e653216a","",,,"",,,"",,,"",,,"",,,"",,,,,"",,,"","",,,,"",,,"","","",,,"","",,,,,"","","",,,,,,,1,,,"",,,,,,,,,,,"","",,,,,"k",0.6093,,"space",0.3546,,1,"brown_gnomes",1,3,"bright_forest","red_basket","purple_gnome",1,3,"dark_forest","yellow_basket",3,0,0,1,"purple_gnome","dark_forest","yellow_basket",355,-2,2,30,0,60,0,1,"",,,"",,,"",,,"",,,,,,,"","",,,"",,,"",,,"",,,,,,,"",,,"","",,,,,,,,"",,,,,,,"",,,"","","",,,,,,,,"",,,,,"",,,,,"","","","",,,,,,"",,,,,"",,,,,"","",,,,,,"",,,,,,,
"","","",,"","","","","","","",,"","","","","","","",,"","","","","","","",,"","","","","",575873,1,"2024-02-20_11h23.24.317","experiment","2023.2.3","MacIntel",63.29113924,"61008174621af4fde89d5c7f","65d4ce4bfe04d08c28397785","65d4d1c012303518e653216a","",,,"",,,"",,,"",,,"",,,"",,,,,"",,,"","",,,,"",,,"","","",,,"","",,,,,"","","",,,,,,,2,,,"",,,,,,,,,,,"","",,,,,"k",1.0959,,"space",0.7039,,2,"red_gnome",2,5,"dark_forest","yellow_basket","green_gnome",2,1,"bright_forest","red_basket",1,0,0,1,"green_gnome","bright_forest","red_basket",356,-5,0,30,1,61,1,1,"",,,"",,,"",,,"",,,,,,,"","",,,"",,,"",,,"",,,,,,,"",,,"","",,,,,,,,"",,,,,,,"",,,"","","",,,,,,,,"",,,,,"",,,,,"","","","",,,,,,"",,,,,"",,,,,"","",,,,,,"",,,,,,,
"","","",,"","","","","","","",,"","","","","","","",,"","","","","","","",,"","","","","",575873,1,"2024-02-20_11h23.24.317","experiment","2023.2.3","MacIntel",63.29113924,"61008174621af4fde89d5c7f","65d4ce4bfe04d08c28397785","65d4d1c012303518e653216a","",,,"",,,"",,,"",,,"",,,"",,,,,"",,,"","",,,,"",,,"","","",,,"","",,,,,"","","",,,,,,,1,,,"",,,,,,,,,,,"","",,,,,"k",0.8452,,"space",0.3449,,1,"brown_gnomes",1,4,"bright_forest","red_basket","purple_gnome",1,5,"dark_forest","yellow_basket",5,0,0,1,"purple_gnome","dark_forest","yellow_basket",361,1,1,31,0,62,0,1,"",,,"",,,"",,,"",,,,,,,"","",,,"",,,"",,,"",,,,,,,"",,,"","",,,,,,,,"",,,,,,,"",,,"","","",,,,,,,,"",,,,,"",,,,,"","","","",,,,,,"",,,,,"",,,,,"","",,,,,,"",,,,,,,
"","","",,"","","","","","","",,"","","","","","","",,"","","","","","","",,"","","","","",575873,1,"2024-02-20_11h23.24.317","experiment","2023.2.3","MacIntel",63.29113924,"61008174621af4fde89d5c7f","65d4ce4bfe04d08c28397785","65d4d1c012303518e653216a","",,,"",,,"",,,"",,,"",,,"",,,,,"",,,"","",,,,"",,,"","","",,,"","",,,,,"","","",,,,,,,1,,,"",,,,,,,,,,,"","",,,,,"k",1.2963,,"space",0.6518,,1,"brown_gnomes",1,5,"bright_forest","red_basket","purple_gnome",1,6,"dark_forest","yellow_basket",6,0,0,1,"purple_gnome","dark_forest","yellow_basket",367,3,-3,31,1,63,0,1,"",,,"",,,"",,,"",,,,,,,"","",,,"",,,"",,,"",,,,,,,"",,,"","",,,,,,,,"",,,,,,,"",,,"","","",,,,,,,,"",,,,,"",,,,,"","","","",,,,,,"",,,,,"",,,,,"","",,,,,,"",,,,,,,
"","","",,"","","","","","","",,"","","","","","","",,"","","","","","","",,"","","","","",575873,1,"2024-02-20_11h23.24.317","experiment","2023.2.3","MacIntel",63.29113924,"61008174621af4fde89d5c7f","65d4ce4bfe04d08c28397785","65d4d1c012303518e653216a","",,,"",,,"",,,"",,,"",,,"",,,,,"",,,"","",,,,"",,,"","","",,,"","",,,,,"","","",,,,,,,1,,,"",,,,,,,,,,,"","",,,,,"k",0.7139,,"space",0.3293,,1,"brown_gnomes",1,8,"bright_forest","red_basket","purple_gnome",1,3,"dark_forest","yellow_basket",3,0,0,1,"purple_gnome","dark_forest","yellow_basket",370,-1,5,32,0,64,0,1,"",,,"",,,"",,,"",,,,,,,"","",,,"",,,"",,,"",,,,,,,"",,,"","",,,,,,,,"",,,,,,,"",,,"","","",,,,,,,,"",,,,,"",,,,,"","","","",,,,,,"",,,,,"",,,,,"","",,,,,,"",,,,,,,
"","","",,"","","","","","","",,"","","","","","","",,"","","","","","","",,"","","","","",575873,1,"2024-02-20_11h23.24.317","experiment","2023.2.3","MacIntel",63.29113924,"61008174621af4fde89d5c7f","65d4ce4bfe04d08c28397785","65d4d1c012303518e653216a","",,,"",,,"",,,"",,,"",,,"",,,,,"",,,"","",,,,"",,,"","","",,,"","",,,,,"","","",,,,,,,1,,,"",,,,,,,,,,,"","",,,,,"s",0.911,,"space",0.4121,,1,"purple_gnome",1,8,"dark_forest","yellow_basket","brown_gnomes",1,7,"bright_forest","red_basket",8,0,0,1,"purple_gnome","dark_forest","yellow_basket",378,-1,-3,32,1,65,0,1,"",,,"",,,"",,,"",,,,,,,"","",,,"",,,"",,,"",,,,,,,"",,,"","",,,,,,,,"",,,,,,,"",,,"","","",,,,,,,,"",,,,,"",,,,,"","","","",,,,,,"",,,,,"",,,,,"","",,,,,,"",,,,,,,
"","","",,"","","","","","","",,"","","","","","","",,"","","","","","","",,"","","","","",575873,1,"2024-02-20_11h23.24.317","experiment","2023.2.3","MacIntel",63.29113924,"61008174621af4fde89d5c7f","65d4ce4bfe04d08c28397785","65d4d1c012303518e653216a","",,,"",,,"",,,"",,,"",,,"",,,,,"",,,"","",,,,"",,,"","","",,,"","",,,,,"","","",,,,,,,2,,,"",,,,,,,,,,,"","",,,,,"k",0.7675,,"space",0.33,,2,"green_gnome",2,6,"bright_forest","red_basket","red_gnome",2,5,"dark_forest","yellow_basket",5,0,0,1,"red_gnome","dark_forest","yellow_basket",383,1,2,33,0,66,1,1,"",,,"",,,"",,,"",,,,,,,"","",,,"",,,"",,,"",,,,,,,"",,,"","",,,,,,,,"",,,,,,,"",,,"","","",,,,,,,,"",,,,,"",,,,,"","","","",,,,,,"",,,,,"",,,,,"","",,,,,,"",,,,,,,
"","","",,"","","","","","","",,"","","","","","","",,"","","","","","","",,"","","","","",575873,1,"2024-02-20_11h23.24.317","experiment","2023.2.3","MacIntel",63.29113924,"61008174621af4fde89d5c7f","65d4ce4bfe04d08c28397785","65d4d1c012303518e653216a","",,,"",,,"",,,"",,,"",,,"",,,,,"",,,"","",,,,"",,,"","","",,,"","",,,,,"","","",,,,,,,1,,,"",,,,,,,,,,,"","",,,,,"s",0.7265,,"space",0.3197,,1,"purple_gnome",1,7,"dark_forest","yellow_basket","brown_gnomes",1,7,"bright_forest","red_basket",7,0,0,1,"purple_gnome","dark_forest","yellow_basket",390,-3,2,33,1,67,0,1,"",,,"",,,"",,,"",,,,,,,"","",,,"",,,"",,,"",,,,,,,"",,,"","",,,,,,,,"",,,,,,,"",,,"","","",,,,,,,,"",,,,,"",,,,,"","","","",,,,,,"",,,,,"",,,,,"","",,,,,,"",,,,,,,
"","","",,"","","","","","","",,"","","","","","","",,"","","","","","","",,"","","","","",575873,1,"2024-02-20_11h23.24.317","experiment","2023.2.3","MacIntel",63.29113924,"61008174621af4fde89d5c7f","65d4ce4bfe04d08c28397785","65d4d1c012303518e653216a","",,,"",,,"",,,"",,,"",,,"",,,,,"",,,"","",,,,"",,,"","","",,,"","",,,,,"","","",,,,,,,1,,,"",,,,,,,,,,,"","",,,,,"k",0.7099,,"space",0.331,,1,"brown_gnomes",1,4,"bright_forest","red_basket","purple_gnome",1,9,"dark_forest","yellow_basket",9,0,0,1,"purple_gnome","dark_forest","yellow_basket",399,0,-2,34,0,68,0,1,"",,,"",,,"",,,"",,,,,,,"","",,,"",,,"",,,"",,,,,,,"",,,"","",,,,,,,,"",,,,,,,"",,,"","","",,,,,,,,"",,,,,"",,,,,"","","","",,,,,,"",,,,,"",,,,,"","",,,,,,"",,,,,,,
"","","",,"","","","","","","",,"","","","","","","",,"","","","","","","",,"","","","","",575873,1,"2024-02-20_11h23.24.317","experiment","2023.2.3","MacIntel",63.29113924,"61008174621af4fde89d5c7f","65d4ce4bfe04d08c28397785","65d4d1c012303518e653216a","",,,"",,,"",,,"",,,"",,,"",,,,,"",,,"","",,,,"",,,"","","",,,"","",,,,,"","","",,,,,,,1,,,"",,,,,,,,,,,"","",,,,,"s",0.7445,,"space",0.3977,,1,"purple_gnome",1,7,"dark_forest","yellow_basket","brown_gnomes",1,4,"bright_forest","red_basket",7,0,0,1,"purple_gnome","dark_forest","yellow_basket",406,0,-1,34,1,69,0,1,"",,,"",,,"",,,"",,,,,,,"","",,,"",,,"",,,"",,,,,,,"",,,"","",,,,,,,,"",,,,,,,"",,,"","","",,,,,,,,"",,,,,"",,,,,"","","","",,,,,,"",,,,,"",,,,,"","",,,,,,"",,,,,,,
"","","",,"","","","","","","",,"","","","","","","",,"","","","","","","",,"","","","","",575873,1,"2024-02-20_11h23.24.317","experiment","2023.2.3","MacIntel",63.29113924,"61008174621af4fde89d5c7f","65d4ce4bfe04d08c28397785","65d4d1c012303518e653216a","",,,"",,,"",,,"",,,"",,,"",,,,,"",,,"","",,,,"",,,"","","",,,"","",,,,,"","","",,,,,,,2,,,"",,,,,,,,,,,"","",,,,,"k",0.7153,,"space",0.3658,,2,"green_gnome",2,4,"bright_forest","red_basket","red_gnome",2,6,"dark_forest","yellow_basket",6,0,0,1,"red_gnome","dark_forest","yellow_basket",412,-1,3,35,0,70,1,1,"",,,"",,,"",,,"",,,,,,,"","",,,"",,,"",,,"",,,,,,,"",,,"","",,,,,,,,"",,,,,,,"",,,"","","",,,,,,,,"",,,,,"",,,,,"","","","",,,,,,"",,,,,"",,,,,"","",,,,,,"",,,,,,,
"","","",,"","","","","","","",,"","","","","","","",,"","","","","","","",,"","","","","",575873,1,"2024-02-20_11h23.24.317","experiment","2023.2.3","MacIntel",63.29113924,"61008174621af4fde89d5c7f","65d4ce4bfe04d08c28397785","65d4d1c012303518e653216a","",,,"",,,"",,,"",,,"",,,"",,,,,"",,,"","",,,,"",,,"","","",,,"","",,,,,"","","",,,,,,,1,,,"",,,,,,,,,,,"","",,,,,"k",0.7428,,"space",0.3328,,1,"brown_gnomes",1,3,"bright_forest","red_basket","purple_gnome",1,9,"dark_forest","yellow_basket",9,0,0,1,"purple_gnome","dark_forest","yellow_basket",421,-6,-1,35,1,71,0,1,"",,,"",,,"",,,"",,,,,,,"","",,,"",,,"",,,"",,,,,,,"",,,"","",,,,,,,,"",,,,,,,"",,,"","","",,,,,,,,"",,,,,"",,,,,"","","","",,,,,,"",,,,,"",,,,,"","",,,,,,"",,,,,,,
"","","",,"","","","","","","",,"","","","","","","",,"","","","","","","",,"","","","","",575873,1,"2024-02-20_11h23.24.317","experiment","2023.2.3","MacIntel",63.29113924,"61008174621af4fde89d5c7f","65d4ce4bfe04d08c28397785","65d4d1c012303518e653216a","",,,"",,,"",,,"",,,"",,,"",,,,,"",,,"","",,,,"",,,"","","",,,"","",,,,,"","","",,,,,,,1,,,"",,,,,,,,,,,"","",,,,,"k",0.6264,,"space",0.3045,,1,"brown_gnomes",1,3,"bright_forest","red_basket","purple_gnome",1,8,"dark_forest","yellow_basket",8,0,0,1,"purple_gnome","dark_forest","yellow_basket",429,0,0,36,0,72,0,1,"",,,"",,,"",,,"",,,,,,,"","",,,"",,,"",,,"",,,,,,,"",,,"","",,,,,,,,"",,,,,,,"",,,"","","",,,,,,,,"",,,,,"",,,,,"","","","",,,,,,"",,,,,"",,,,,"","",,,,,,"",,,,,,,
"","","",,"","","","","","","",,"","","","","","","",,"","","","","","","",,"","","","","",575873,1,"2024-02-20_11h23.24.317","experiment","2023.2.3","MacIntel",63.29113924,"61008174621af4fde89d5c7f","65d4ce4bfe04d08c28397785","65d4d1c012303518e653216a","",,,"",,,"",,,"",,,"",,,"",,,,,"",,,"","",,,,"",,,"","","",,,"","",,,,,"","","",,,,,,,2,,,"",,,,,,,,,,,"","",,,,,"s",0.6104,,"space",0.3972,,2,"red_gnome",2,8,"dark_forest","yellow_basket","green_gnome",2,3,"bright_forest","red_basket",8,0,0,1,"red_gnome","dark_forest","yellow_basket",437,-1,3,36,1,73,1,1,"",,,"",,,"",,,"",,,,,,,"","",,,"",,,"",,,"",,,,,,,"",,,"","",,,,,,,,"",,,,,,,"",,,"","","",,,,,,,,"",,,,,"",,,,,"","","","",,,,,,"",,,,,"",,,,,"","",,,,,,"",,,,,,,
"","","",,"","","","","","","",,"","","","","","","",,"","","","","","","",,"","","","","",575873,1,"2024-02-20_11h23.24.317","experiment","2023.2.3","MacIntel",63.29113924,"61008174621af4fde89d5c7f","65d4ce4bfe04d08c28397785","65d4d1c012303518e653216a","",,,"",,,"",,,"",,,"",,,"",,,,,"",,,"","",,,,"",,,"","","",,,"","",,,,,"","","",,,,,,,2,,,"",,,,,,,,,,,"","",,,,,"k",0.5164,,"space",0.3383,,2,"green_gnome",2,2,"bright_forest","red_basket","red_gnome",2,7,"dark_forest","yellow_basket",7,0,0,1,"red_gnome","dark_forest","yellow_basket",444,0,-2,37,0,74,1,1,"",,,"",,,"",,,"",,,,,,,"","",,,"",,,"",,,"",,,,,,,"",,,"","",,,,,,,,"",,,,,,,"",,,"","","",,,,,,,,"",,,,,"",,,,,"","","","",,,,,,"",,,,,"",,,,,"","",,,,,,"",,,,,,,
"","","",,"","","","","","","",,"","","","","","","",,"","","","","","","",,"","","","","",575873,1,"2024-02-20_11h23.24.317","experiment","2023.2.3","MacIntel",63.29113924,"61008174621af4fde89d5c7f","65d4ce4bfe04d08c28397785","65d4d1c012303518e653216a","",,,"",,,"",,,"",,,"",,,"",,,,,"",,,"","",,,,"",,,"","","",,,"","",,,,,"","","",,,,,,,1,,,"",,,,,,,,,,,"","",,,,,"s",0.6455,,"space",0.4472,,1,"purple_gnome",1,5,"dark_forest","yellow_basket","brown_gnomes",1,2,"bright_forest","red_basket",5,0,0,1,"purple_gnome","dark_forest","yellow_basket",449,3,2,37,1,75,0,1,"",,,"",,,"",,,"",,,,,,,"","",,,"",,,"",,,"",,,,,,,"",,,"","",,,,,,,,"",,,,,,,"",,,"","","",,,,,,,,"",,,,,"",,,,,"","","","",,,,,,"",,,,,"",,,,,"","",,,,,,"",,,,,,,
"","","",,"","","","","","","",,"","","","","","","",,"","","","","","","",,"","","","","",575873,1,"2024-02-20_11h23.24.317","experiment","2023.2.3","MacIntel",63.29113924,"61008174621af4fde89d5c7f","65d4ce4bfe04d08c28397785","65d4d1c012303518e653216a","",,,"",,,"",,,"",,,"",,,"",,,,,"",,,"","",,,,"",,,"","","",,,"","",,,,,"","","",,,,,,,1,,,"",,,,,,,,,,,"","",,,,,"s",0.6162,,"space",0.3874,,1,"purple_gnome",1,7,"dark_forest","yellow_basket","brown_gnomes",1,5,"bright_forest","red_basket",7,0,0,1,"purple_gnome","dark_forest","yellow_basket",456,0,3,38,0,76,0,1,"",,,"",,,"",,,"",,,,,,,"","",,,"",,,"",,,"",,,,,,,"",,,"","",,,,,,,,"",,,,,,,"",,,"","","",,,,,,,,"",,,,,"",,,,,"","","","",,,,,,"",,,,,"",,,,,"","",,,,,,"",,,,,,,
"","","",,"","","","","","","",,"","","","","","","",,"","","","","","","",,"","","","","",575873,1,"2024-02-20_11h23.24.317","experiment","2023.2.3","MacIntel",63.29113924,"61008174621af4fde89d5c7f","65d4ce4bfe04d08c28397785","65d4d1c012303518e653216a","",,,"",,,"",,,"",,,"",,,"",,,,,"",,,"","",,,,"",,,"","","",,,"","",,,,,"","","",,,,,,,2,,,"",,,,,,,,,,,"","",,,,,"s",0.5282,,"space",0.5618,,2,"red_gnome",2,8,"dark_forest","yellow_basket","green_gnome",2,5,"bright_forest","red_basket",8,0,0,1,"red_gnome","dark_forest","yellow_basket",464,2,0,38,1,77,1,1,"",,,"",,,"",,,"",,,,,,,"","",,,"",,,"",,,"",,,,,,,"",,,"","",,,,,,,,"",,,,,,,"",,,"","","",,,,,,,,"",,,,,"",,,,,"","","","",,,,,,"",,,,,"",,,,,"","",,,,,,"",,,,,,,
"","","",,"","","","","","","",,"","","","","","","",,"","","","","","","",,"","","","","",575873,1,"2024-02-20_11h23.24.317","experiment","2023.2.3","MacIntel",63.29113924,"61008174621af4fde89d5c7f","65d4ce4bfe04d08c28397785","65d4d1c012303518e653216a","",,,"",,,"",,,"",,,"",,,"",,,,,"",,,"","",,,,"",,,"","","",,,"","",,,,,"","","",,,,,,,1,,,"",,,,,,,,,,,"","",,,,,"s",0.5604,,"space",0.3401,,1,"purple_gnome",1,8,"dark_forest","yellow_basket","brown_gnomes",1,7,"bright_forest","red_basket",8,0,0,1,"purple_gnome","dark_forest","yellow_basket",472,0,0,39,0,78,0,1,"",,,"",,,"",,,"",,,,,,,"","",,,"",,,"",,,"",,,,,,,"",,,"","",,,,,,,,"",,,,,,,"",,,"","","",,,,,,,,"",,,,,"",,,,,"","","","",,,,,,"",,,,,"",,,,,"","",,,,,,"",,,,,,,
"","","",,"","","","","","","",,"","","","","","","",,"","","","","","","",,"","","","","",575873,1,"2024-02-20_11h23.24.317","experiment","2023.2.3","MacIntel",63.29113924,"61008174621af4fde89d5c7f","65d4ce4bfe04d08c28397785","65d4d1c012303518e653216a","",,,"",,,"",,,"",,,"",,,"",,,,,"",,,"","",,,,"",,,"","","",,,"","",,,,,"","","",,,,,,,1,,,"",,,,,,,,,,,"","",,,,,"k",0.575,,"space",0.2477,,1,"brown_gnomes",1,7,"bright_forest","red_basket","purple_gnome",1,8,"dark_forest","yellow_basket",8,0,0,1,"purple_gnome","dark_forest","yellow_basket",480,-1,2,39,1,79,0,1,"",,,"",,,"",,,"",,,,,,,"","",,,"",,,"",,,"",,,,,,,"",,,"","",,,,,,,,"",,,,,,,"",,,"","","",,,,,,,,"",,,,,"",,,,,"","","","",,,,,,"",,,,,"",,,,,"","",,,,,,"",,,,,,,
"","","",,"","","","","","","",,"","","","","","","",,"","","","","","","",,"","","","","",575873,1,"2024-02-20_11h23.24.317","experiment","2023.2.3","MacIntel",63.29113924,"61008174621af4fde89d5c7f","65d4ce4bfe04d08c28397785","65d4d1c012303518e653216a","",,,"",,,"",,,"",,,"",,,"",,,,,"",,,"","",,,,"",,,"","","",,,"","",,,,,"","","",,,,,,,1,,,"",,,,,,,,,,,"","",,,,,"k",0.56,,"space",0.2767,,1,"brown_gnomes",1,6,"bright_forest","red_basket","purple_gnome",1,8,"dark_forest","yellow_basket",8,0,0,1,"purple_gnome","dark_forest","yellow_basket",488,2,1,40,0,80,0,1,"",,,"",,,"",,,"",,,,,,,"","",,,"",,,"",,,"",,,,,,,"",,,"","",,,,,,,,"",,,,,,,"",,,"","","",,,,,,,,"",,,,,"",,,,,"","","","",,,,,,"",,,,,"",,,,,"","",,,,,,"",,,,,,,
"","","",,"","","","","","","",,"","","","","","","",,"","","","","","","",,"","","","","",575873,1,"2024-02-20_11h23.24.317","experiment","2023.2.3","MacIntel",63.29113924,"61008174621af4fde89d5c7f","65d4ce4bfe04d08c28397785","65d4d1c012303518e653216a","",,,"",,,"",,,"",,,"",,,"",,,,,"",,,"","",,,,"",,,"","","",,,"","",,,,,"","","",,,,,,,2,,,"",,,,,,,,,,,"","",,,,,"s",0.5109,,"space",0.3309,,2,"red_gnome",2,9,"dark_forest","yellow_basket","green_gnome",2,8,"bright_forest","red_basket",9,0,0,1,"red_gnome","dark_forest","yellow_basket",497,1,2,40,1,81,1,1,"",,,"",,,"",,,"",,,,,,,"","",,,"",,,"",,,"",,,,,,,"",,,"","",,,,,,,,"",,,,,,,"",,,"","","",,,,,,,,"",,,,,"",,,,,"","","","",,,,,,"",,,,,"",,,,,"","",,,,,,"",,,,,,,
"","","",,"","","","","","","",,"","","","","","","",,"","","","","","","",,"","","","","",575873,1,"2024-02-20_11h23.24.317","experiment","2023.2.3","MacIntel",63.29113924,"61008174621af4fde89d5c7f","65d4ce4bfe04d08c28397785","65d4d1c012303518e653216a","",,,"",,,"",,,"",,,"",,,"",,,,,"",,,"","",,,,"",,,"","","",,,"","",,,,,"","","",,,,,,,2,,,"",,,,,,,,,,,"","",,,,,"s",0.5765,,"space",0.3109,,2,"red_gnome",2,7,"dark_forest","yellow_basket","green_gnome",2,9,"bright_forest","red_basket",7,0,0,1,"red_gnome","dark_forest","yellow_basket",504,-2,-2,41,0,82,1,1,"",,,"",,,"",,,"",,,,,,,"","",,,"",,,"",,,"",,,,,,,"",,,"","",,,,,,,,"",,,,,,,"",,,"","","",,,,,,,,"",,,,,"",,,,,"","","","",,,,,,"",,,,,"",,,,,"","",,,,,,"",,,,,,,
"","","",,"","","","","","","",,"","","","","","","",,"","","","","","","",,"","","","","",575873,1,"2024-02-20_11h23.24.317","experiment","2023.2.3","MacIntel",63.29113924,"61008174621af4fde89d5c7f","65d4ce4bfe04d08c28397785","65d4d1c012303518e653216a","",,,"",,,"",,,"",,,"",,,"",,,,,"",,,"","",,,,"",,,"","","",,,"","",,,,,"","","",,,,,,,1,,,"",,,,,,,,,,,"","",,,,,"s",0.6454,,"space",0.3288,,1,"purple_gnome",1,5,"dark_forest","yellow_basket","brown_gnomes",1,7,"bright_forest","red_basket",5,0,0,1,"purple_gnome","dark_forest","yellow_basket",509,0,-1,41,1,83,0,1,"",,,"",,,"",,,"",,,,,,,"","",,,"",,,"",,,"",,,,,,,"",,,"","",,,,,,,,"",,,,,,,"",,,"","","",,,,,,,,"",,,,,"",,,,,"","","","",,,,,,"",,,,,"",,,,,"","",,,,,,"",,,,,,,
"","","",,"","","","","","","",,"","","","","","","",,"","","","","","","",,"","","","","",575873,1,"2024-02-20_11h23.24.317","experiment","2023.2.3","MacIntel",63.29113924,"61008174621af4fde89d5c7f","65d4ce4bfe04d08c28397785","65d4d1c012303518e653216a","",,,"",,,"",,,"",,,"",,,"",,,,,"",,,"","",,,,"",,,"","","",,,"","",,,,,"","","",,,,,,,1,,,"",,,,,,,,,,,"","",,,,,"k",0.5781,,"space",0.3141,,1,"brown_gnomes",1,7,"bright_forest","red_basket","purple_gnome",1,4,"dark_forest","yellow_basket",4,0,0,1,"purple_gnome","dark_forest","yellow_basket",513,0,2,42,0,84,0,1,"",,,"",,,"",,,"",,,,,,,"","",,,"",,,"",,,"",,,,,,,"",,,"","",,,,,,,,"",,,,,,,"",,,"","","",,,,,,,,"",,,,,"",,,,,"","","","",,,,,,"",,,,,"",,,,,"","",,,,,,"",,,,,,,
"","","",,"","","","","","","",,"","","","","","","",,"","","","","","","",,"","","","","",575873,1,"2024-02-20_11h23.24.317","experiment","2023.2.3","MacIntel",63.29113924,"61008174621af4fde89d5c7f","65d4ce4bfe04d08c28397785","65d4d1c012303518e653216a","",,,"",,,"",,,"",,,"",,,"",,,,,"",,,"","",,,,"",,,"","","",,,"","",,,,,"","","",,,,,,,1,,,"",,,,,,,,,,,"","",,,,,"s",0.5121,,"space",0.3658,,1,"purple_gnome",1,6,"dark_forest","yellow_basket","brown_gnomes",1,7,"bright_forest","red_basket",6,0,0,1,"purple_gnome","dark_forest","yellow_basket",519,0,-2,42,1,85,0,1,"",,,"",,,"",,,"",,,,,,,"","",,,"",,,"",,,"",,,,,,,"",,,"","",,,,,,,,"",,,,,,,"",,,"","","",,,,,,,,"",,,,,"",,,,,"","","","",,,,,,"",,,,,"",,,,,"","",,,,,,"",,,,,,,
"","","",,"","","","","","","",,"","","","","","","",,"","","","","","","",,"","","","","",575873,1,"2024-02-20_11h23.24.317","experiment","2023.2.3","MacIntel",63.29113924,"61008174621af4fde89d5c7f","65d4ce4bfe04d08c28397785","65d4d1c012303518e653216a","",,,"",,,"",,,"",,,"",,,"",,,,,"",,,"","",,,,"",,,"","","",,,"","",,,,,"","","",,,,,,,2,,,"",,,,,,,,,,,"","",,,,,"k",0.5777,,"space",0.3657,,2,"green_gnome",2,7,"bright_forest","red_basket","red_gnome",2,4,"dark_forest","yellow_basket",4,0,0,1,"red_gnome","dark_forest","yellow_basket",523,0,1,43,0,86,1,1,"",,,"",,,"",,,"",,,,,,,"","",,,"",,,"",,,"",,,,,,,"",,,"","",,,,,,,,"",,,,,,,"",,,"","","",,,,,,,,"",,,,,"",,,,,"","","","",,,,,,"",,,,,"",,,,,"","",,,,,,"",,,,,,,
"","","",,"","","","","","","",,"","","","","","","",,"","","","","","","",,"","","","","",575873,1,"2024-02-20_11h23.24.317","experiment","2023.2.3","MacIntel",63.29113924,"61008174621af4fde89d5c7f","65d4ce4bfe04d08c28397785","65d4d1c012303518e653216a","",,,"",,,"",,,"",,,"",,,"",,,,,"",,,"","",,,,"",,,"","","",,,"","",,,,,"","","",,,,,,,1,,,"",,,,,,,,,,,"","",,,,,"s",0.6304,,"space",0.2984,,1,"purple_gnome",1,5,"dark_forest","yellow_basket","brown_gnomes",1,7,"bright_forest","red_basket",5,0,0,1,"purple_gnome","dark_forest","yellow_basket",528,2,-1,43,1,87,0,1,"",,,"",,,"",,,"",,,,,,,"","",,,"",,,"",,,"",,,,,,,"",,,"","",,,,,,,,"",,,,,,,"",,,"","","",,,,,,,,"",,,,,"",,,,,"","","","",,,,,,"",,,,,"",,,,,"","",,,,,,"",,,,,,,
"","","",,"","","","","","","",,"","","","","","","",,"","","","","","","",,"","","","","",575873,1,"2024-02-20_11h23.24.317","experiment","2023.2.3","MacIntel",63.29113924,"61008174621af4fde89d5c7f","65d4ce4bfe04d08c28397785","65d4d1c012303518e653216a","",,,"",,,"",,,"",,,"",,,"",,,,,"",,,"","",,,,"",,,"","","",,,"","",,,,,"","","",,,,,,,2,,,"",,,,,,,,,,,"","",,,,,"k",0.5434,,"space",0.3108,,2,"green_gnome",2,9,"bright_forest","red_basket","red_gnome",2,4,"dark_forest","yellow_basket",4,0,0,1,"red_gnome","dark_forest","yellow_basket",532,1,-1,44,0,88,1,1,"",,,"",,,"",,,"",,,,,,,"","",,,"",,,"",,,"",,,,,,,"",,,"","",,,,,,,,"",,,,,,,"",,,"","","",,,,,,,,"",,,,,"",,,,,"","","","",,,,,,"",,,,,"",,,,,"","",,,,,,"",,,,,,,
"","","",,"","","","","","","",,"","","","","","","",,"","","","","","","",,"","","","","",575873,1,"2024-02-20_11h23.24.317","experiment","2023.2.3","MacIntel",63.29113924,"61008174621af4fde89d5c7f","65d4ce4bfe04d08c28397785","65d4d1c012303518e653216a","",,,"",,,"",,,"",,,"",,,"",,,,,"",,,"","",,,,"",,,"","","",,,"","",,,,,"","","",,,,,,,2,,,"",,,,,,,,,,,"","",,,,,"s",0.6463,,"space",0.3036,,2,"red_gnome",2,3,"dark_forest","yellow_basket","green_gnome",2,8,"bright_forest","red_basket",3,0,0,1,"red_gnome","dark_forest","yellow_basket",535,-2,2,44,1,89,1,1,"",,,"",,,"",,,"",,,,,,,"","",,,"",,,"",,,"",,,,,,,"",,,"","",,,,,,,,"",,,,,,,"",,,"","","",,,,,,,,"",,,,,"",,,,,"","","","",,,,,,"",,,,,"",,,,,"","",,,,,,"",,,,,,,
"","","",,"","","","","","","",,"","","","","","","",,"","","","","","","",,"","","","","",575873,1,"2024-02-20_11h23.24.317","experiment","2023.2.3","MacIntel",63.29113924,"61008174621af4fde89d5c7f","65d4ce4bfe04d08c28397785","65d4d1c012303518e653216a","",,,"",,,"",,,"",,,"",,,"",,,,,"",,,"","",,,,"",,,"","","",,,"","",,,,,"","","",,,,,,,1,,,"",,,,,,,,,,,"","",,,,,"s",0.6788,,"space",0.2446,,1,"purple_gnome",1,5,"dark_forest","yellow_basket","brown_gnomes",1,6,"bright_forest","red_basket",5,0,0,1,"purple_gnome","dark_forest","yellow_basket",540,0,-2,45,0,90,0,1,"",,,"",,,"",,,"",,,,,,,"","",,,"",,,"",,,"",,,,,,,"",,,"","",,,,,,,,"",,,,,,,"",,,"","","",,,,,,,,"",,,,,"",,,,,"","","","",,,,,,"",,,,,"",,,,,"","",,,,,,"",,,,,,,
"","","",,"","","","","","","",,"","","","","","","",,"","","","","","","",,"","","","","",575873,1,"2024-02-20_11h23.24.317","experiment","2023.2.3","MacIntel",63.29113924,"61008174621af4fde89d5c7f","65d4ce4bfe04d08c28397785","65d4d1c012303518e653216a","",,,"",,,"",,,"",,,"",,,"",,,,,"",,,"","",,,,"",,,"","","",,,"","",,,,,"","","",,,,,,,2,,,"",,,,,,,,,,,"","",,,,,"s",0.5133,,"space",0.3344,,2,"red_gnome",2,3,"dark_forest","yellow_basket","green_gnome",2,6,"bright_forest","red_basket",3,0,0,1,"red_gnome","dark_forest","yellow_basket",543,-3,5,45,1,91,1,1,"",,,"",,,"",,,"",,,,,,,"","",,,"",,,"",,,"",,,,,,,"",,,"","",,,,,,,,"",,,,,,,"",,,"","","",,,,,,,,"",,,,,"",,,,,"","","","",,,,,,"",,,,,"",,,,,"","",,,,,,"",,,,,,,
"","","",,"","","","","","","",,"","","","","","","",,"","","","","","","",,"","","","","",575873,1,"2024-02-20_11h23.24.317","experiment","2023.2.3","MacIntel",63.29113924,"61008174621af4fde89d5c7f","65d4ce4bfe04d08c28397785","65d4d1c012303518e653216a","",,,"",,,"",,,"",,,"",,,"",,,,,"",,,"","",,,,"",,,"","","",,,"","",,,,,"","","",,,,,,,1,,,"",,,,,,,,,,,"","",,,,,"s",0.6293,,"space",0.3495,,1,"purple_gnome",1,8,"dark_forest","yellow_basket","brown_gnomes",1,3,"bright_forest","red_basket",8,0,0,1,"purple_gnome","dark_forest","yellow_basket",551,0,-5,46,0,92,0,1,"",,,"",,,"",,,"",,,,,,,"","",,,"",,,"",,,"",,,,,,,"",,,"","",,,,,,,,"",,,,,,,"",,,"","","",,,,,,,,"",,,,,"",,,,,"","","","",,,,,,"",,,,,"",,,,,"","",,,,,,"",,,,,,,
"","","",,"","","","","","","",,"","","","","","","",,"","","","","","","",,"","","","","",575873,1,"2024-02-20_11h23.24.317","experiment","2023.2.3","MacIntel",63.29113924,"61008174621af4fde89d5c7f","65d4ce4bfe04d08c28397785","65d4d1c012303518e653216a","",,,"",,,"",,,"",,,"",,,"",,,,,"",,,"","",,,,"",,,"","","",,,"","",,,,,"","","",,,,,,,2,,,"",,,,,,,,,,,"","",,,,,"s",0.5786,,"space",0.3282,,2,"red_gnome",2,3,"dark_forest","yellow_basket","green_gnome",2,3,"bright_forest","red_basket",3,0,0,1,"red_gnome","dark_forest","yellow_basket",554,-1,2,46,1,93,1,1,"",,,"",,,"",,,"",,,,,,,"","",,,"",,,"",,,"",,,,,,,"",,,"","",,,,,,,,"",,,,,,,"",,,"","","",,,,,,,,"",,,,,"",,,,,"","","","",,,,,,"",,,,,"",,,,,"","",,,,,,"",,,,,,,
"","","",,"","","","","","","",,"","","","","","","",,"","","","","","","",,"","","","","",575873,1,"2024-02-20_11h23.24.317","experiment","2023.2.3","MacIntel",63.29113924,"61008174621af4fde89d5c7f","65d4ce4bfe04d08c28397785","65d4d1c012303518e653216a","",,,"",,,"",,,"",,,"",,,"",,,,,"",,,"","",,,,"",,,"","","",,,"","",,,,,"","","",,,,,,,1,,,"",,,,,,,,,,,"","",,,,,"s",0.7775,,"space",0.4091,,1,"purple_gnome",1,5,"dark_forest","yellow_basket","brown_gnomes",1,2,"bright_forest","red_basket",5,0,0,1,"purple_gnome","dark_forest","yellow_basket",559,-1,2,47,0,94,0,1,"",,,"",,,"",,,"",,,,,,,"","",,,"",,,"",,,"",,,,,,,"",,,"","",,,,,,,,"",,,,,,,"",,,"","","",,,,,,,,"",,,,,"",,,,,"","","","",,,,,,"",,,,,"",,,,,"","",,,,,,"",,,,,,,
"","","",,"","","","","","","",,"","","","","","","",,"","","","","","","",,"","","","","",575873,1,"2024-02-20_11h23.24.317","experiment","2023.2.3","MacIntel",63.29113924,"61008174621af4fde89d5c7f","65d4ce4bfe04d08c28397785","65d4d1c012303518e653216a","",,,"",,,"",,,"",,,"",,,"",,,,,"",,,"","",,,,"",,,"","","",,,"","",,,,,"","","",,,,,,,1,,,"",,,,,,,,,,,"","",,,,,"s",0.5406,,"space",0.3037,,1,"purple_gnome",1,7,"dark_forest","yellow_basket","brown_gnomes",1,1,"bright_forest","red_basket",7,0,0,1,"purple_gnome","dark_forest","yellow_basket",566,0,-6,47,1,95,0,1,"",,,"",,,"",,,"",,,,,,,"","",,,"",,,"",,,"",,,,,,,"",,,"","",,,,,,,,"",,,,,,,"",,,"","","",,,,,,,,"",,,,,"",,,,,"","","","",,,,,,"",,,,,"",,,,,"","",,,,,,"",,,,,,,
"","","",,"","","","","","","",,"","","","","","","",,"","","","","","","",,"","","","","",575873,1,"2024-02-20_11h23.24.317","experiment","2023.2.3","MacIntel",63.29113924,"61008174621af4fde89d5c7f","65d4ce4bfe04d08c28397785","65d4d1c012303518e653216a","",,,"",,,"",,,"",,,"",,,"",,,,,"",,,"","",,,,"",,,"","","",,,"","",,,,,"","","",,,,,,,2,,,"",,,,,,,,,,,"","",,,,,"k",0.6483,,"space",0.3347,,2,"red_gnome",2,1,"dark_forest","yellow_basket","green_gnome",2,1,"bright_forest","red_basket",1,0,0,1,"green_gnome","bright_forest","red_basket",567,2,4,48,0,96,1,1,"",,,"",,,"",,,"",,,,,,,"","",,,"",,,"",,,"",,,,,,,"",,,"","",,,,,,,,"",,,,,,,"",,,"","","",,,,,,,,"",,,,,"",,,,,"","","","",,,,,,"",,,,,"",,,,,"","",,,,,,"",,,,,,,
"","","",,"","","","","","","",,"","","","","","","",,"","","","","","","",,"","","","","",575873,1,"2024-02-20_11h23.24.317","experiment","2023.2.3","MacIntel",63.29113924,"61008174621af4fde89d5c7f","65d4ce4bfe04d08c28397785","65d4d1c012303518e653216a","",,,"",,,"",,,"",,,"",,,"",,,,,"",,,"","",,,,"",,,"","","",,,"","",,,,,"","","",,,,,,,1,,,"",,,,,,,,,,,"","",,,,,"k",0.784,,"space",0.2976,,1,"brown_gnomes",1,3,"bright_forest","red_basket","purple_gnome",1,5,"dark_forest","yellow_basket",5,0,0,1,"purple_gnome","dark_forest","yellow_basket",572,0,0,48,1,97,0,1,"",,,"",,,"",,,"",,,,,,,"","",,,"",,,"",,,"",,,,,,,"",,,"","",,,,,,,,"",,,,,,,"",,,"","","",,,,,,,,"",,,,,"",,,,,"","","","",,,,,,"",,,,,"",,,,,"","",,,,,,"",,,,,,,
"","","",,"","","","","","","",,"","","","","","","",,"","","","","","","",,"","","","","",575873,1,"2024-02-20_11h23.24.317","experiment","2023.2.3","MacIntel",63.29113924,"61008174621af4fde89d5c7f","65d4ce4bfe04d08c28397785","65d4d1c012303518e653216a","",,,"",,,"",,,"",,,"",,,"",,,,,"",,,"","",,,,"",,,"","","",,,"","",,,,,"","","",,,,,,,1,,,"",,,,,,,,,,,"","",,,,,"k",0.7266,,"space",0.3154,,1,"brown_gnomes",1,3,"bright_forest","red_basket","purple_gnome",1,5,"dark_forest","yellow_basket",5,0,0,1,"purple_gnome","dark_forest","yellow_basket",577,1,-2,49,0,98,0,1,"",,,"",,,"",,,"",,,,,,,"","",,,"",,,"",,,"",,,,,,,"",,,"","",,,,,,,,"",,,,,,,"",,,"","","",,,,,,,,"",,,,,"",,,,,"","","","",,,,,,"",,,,,"",,,,,"","",,,,,,"",,,,,,,
"","","",,"","","","","","","",,"","","","","","","",,"","","","","","","",,"","","","","",575873,1,"2024-02-20_11h23.24.317","experiment","2023.2.3","MacIntel",63.29113924,"61008174621af4fde89d5c7f","65d4ce4bfe04d08c28397785","65d4d1c012303518e653216a","",,,"",,,"",,,"",,,"",,,"",,,,,"",,,"","",,,,"",,,"","","",,,"","",,,,,"","","",,,,,,,1,,,"",,,,,,,,,,,"","",,,,,"k",0.6308,,"space",0.3214,,1,"brown_gnomes",1,4,"bright_forest","red_basket","purple_gnome",1,3,"dark_forest","yellow_basket",3,0,0,1,"purple_gnome","dark_forest","yellow_basket",580,-2,-4,49,1,99,0,1,"",,,"",,,"",,,"",,,,,,,"","",,,"",,,"",,,"",,,,,,,"",,,"","",,,,,,,,"",,,,,,,"",,,"","","",,,,,,,,"",,,,,"",,,,,"","","","",,,,,,"",,,,,"",,,,,"","",,,,,,"",,,,,,,
"","","",,"","","","","","","",,"","","","","","","",,"","","","","","","",,"","","","","",575873,1,"2024-02-20_11h23.24.317","experiment","2023.2.3","MacIntel",63.29113924,"61008174621af4fde89d5c7f","65d4ce4bfe04d08c28397785","65d4d1c012303518e653216a","",,,"",,,"",,,"",,,"",,,"",,,,,"",,,"","",,,,"",,,"","","",,,"","",,,,,"","","",,,,,,,1,,,"",,,,,,,,,,,"","",,,,,"k",0.5775,,"space",0.337,,1,"brown_gnomes",1,2,"bright_forest","red_basket","purple_gnome",1,1,"dark_forest","yellow_basket",1,0,0,1,"purple_gnome","dark_forest","yellow_basket",581,1,2,50,0,100,0,1,"",,,"",,,"",,,"",,,,,,,"","",,,"",,,"",,,"",,,,,,,"",,,"","",,,,,,,,"",,,,,,,"",,,"","","",,,,,,,,"",,,,,"",,,,,"","","","",,,,,,"",,,,,"",,,,,"","",,,,,,"",,,,,,,
"","","",,"","","","","","","",,"","","","","","","",,"","","","","","","",,"","","","","",575873,1,"2024-02-20_11h23.24.317","experiment","2023.2.3","MacIntel",63.29113924,"61008174621af4fde89d5c7f","65d4ce4bfe04d08c28397785","65d4d1c012303518e653216a","",,,"",,,"",,,"",,,"",,,"",,,,,"",,,"","",,,,"",,,"","","",,,"","",,,,,"","","",,,,,,,2,,,"",,,,,,,,,,,"","",,,,,"s",0.9658,,"space",0.483,,2,"red_gnome",2,3,"dark_forest","yellow_basket","green_gnome",2,3,"bright_forest","red_basket",3,0,0,1,"red_gnome","dark_forest","yellow_basket",584,-1,-2,50,1,101,1,1,"",,,"",,,"",,,"",,,,,,,"","",,,"",,,"",,,"",,,,,,,"",,,"","",,,,,,,,"",,,,,,,"",,,"","","",,,,,,,,"",,,,,"",,,,,"","","","",,,,,,"",,,,,"",,,,,"","",,,,,,"",,,,,,,
"","","",,"","","","","","","",,"","","","","","","",,"","","","","","","",,"","","","","",575873,1,"2024-02-20_11h23.24.317","experiment","2023.2.3","MacIntel",63.29113924,"61008174621af4fde89d5c7f","65d4ce4bfe04d08c28397785","65d4d1c012303518e653216a","",,,"",,,"",,,"",,,"",,,"",,,,,"",,,"","",,,,"",,,"","","",,,"","",,,,,"","","",,,,,,,1,,,"",,,,,,,,,,,"","",,,,,"s",0.7681,,"space",0.4501,,1,"brown_gnomes",1,2,"bright_forest","red_basket","purple_gnome",1,1,"dark_forest","yellow_basket",2,0,0,1,"brown_gnomes","bright_forest","red_basket",586,0,1,51,0,102,0,1,"",,,"",,,"",,,"",,,,,,,"","",,,"",,,"",,,"",,,,,,,"",,,"","",,,,,,,,"",,,,,,,"",,,"","","",,,,,,,,"",,,,,"",,,,,"","","","",,,,,,"",,,,,"",,,,,"","",,,,,,"",,,,,,,
"","","",,"","","","","","","",,"","","","","","","",,"","","","","","","",,"","","","","",575873,1,"2024-02-20_11h23.24.317","experiment","2023.2.3","MacIntel",63.29113924,"61008174621af4fde89d5c7f","65d4ce4bfe04d08c28397785","65d4d1c012303518e653216a","",,,"",,,"",,,"",,,"",,,"",,,,,"",,,"","",,,,"",,,"","","",,,"","",,,,,"","","",,,,,,,2,,,"",,,,,,,,,,,"","",,,,,"k",0.9271,,"space",0.5163,,2,"red_gnome",2,2,"dark_forest","yellow_basket","green_gnome",2,2,"bright_forest","red_basket",2,0,0,1,"green_gnome","bright_forest","red_basket",588,-1,-1,51,1,103,1,1,"",,,"",,,"",,,"",,,,,,,"","",,,"",,,"",,,"",,,,,,,"",,,"","",,,,,,,,"",,,,,,,"",,,"","","",,,,,,,,"",,,,,"",,,,,"","","","",,,,,,"",,,,,"",,,,,"","",,,,,,"",,,,,,,
"","","",,"","","","","","","",,"","","","","","","",,"","","","","","","",,"","","","","",575873,1,"2024-02-20_11h23.24.317","experiment","2023.2.3","MacIntel",63.29113924,"61008174621af4fde89d5c7f","65d4ce4bfe04d08c28397785","65d4d1c012303518e653216a","",,,"",,,"",,,"",,,"",,,"",,,,,"",,,"","",,,,"",,,"","","",,,"","",,,,,"","","",,,,,,,1,,,"",,,,,,,,,,,"","",,,,,"k",0.799,,"space",0.4049,,1,"purple_gnome",1,1,"dark_forest","yellow_basket","brown_gnomes",1,1,"bright_forest","red_basket",1,0,0,1,"brown_gnomes","bright_forest","red_basket",589,1,2,52,0,104,0,1,"",,,"",,,"",,,"",,,,,,,"","",,,"",,,"",,,"",,,,,,,"",,,"","",,,,,,,,"",,,,,,,"",,,"","","",,,,,,,,"",,,,,"",,,,,"","","","",,,,,,"",,,,,"",,,,,"","",,,,,,"",,,,,,,
"","","",,"","","","","","","",,"","","","","","","",,"","","","","","","",,"","","","","",575873,1,"2024-02-20_11h23.24.317","experiment","2023.2.3","MacIntel",63.29113924,"61008174621af4fde89d5c7f","65d4ce4bfe04d08c28397785","65d4d1c012303518e653216a","",,,"",,,"",,,"",,,"",,,"",,,,,"",,,"","",,,,"",,,"","","",,,"","",,,,,"","","",,,,,,,1,,,"",,,,,,,,,,,"","",,,,,"s",0.5263,,"space",0.3449,,1,"purple_gnome",1,3,"dark_forest","yellow_basket","brown_gnomes",1,2,"bright_forest","red_basket",3,0,0,1,"purple_gnome","dark_forest","yellow_basket",592,2,-3,52,1,105,0,1,"",,,"",,,"",,,"",,,,,,,"","",,,"",,,"",,,"",,,,,,,"",,,"","",,,,,,,,"",,,,,,,"",,,"","","",,,,,,,,"",,,,,"",,,,,"","","","",,,,,,"",,,,,"",,,,,"","",,,,,,"",,,,,,,
"","","",,"","","","","","","",,"","","","","","","",,"","","","","","","",,"","","","","",575873,1,"2024-02-20_11h23.24.317","experiment","2023.2.3","MacIntel",63.29113924,"61008174621af4fde89d5c7f","65d4ce4bfe04d08c28397785","65d4d1c012303518e653216a","",,,"",,,"",,,"",,,"",,,"",,,,,"",,,"","",,,,"",,,"","","",,,"","",,,,,"","","",,,,,,,1,,,"",,,,,,,,,,,"","",,,,,"s",0.5252,,"space",0.3665,,1,"purple_gnome",1,0,"dark_forest","yellow_basket","brown_gnomes",1,4,"bright_forest","red_basket",0,0,0,1,"purple_gnome","dark_forest","yellow_basket",592,3,-3,53,0,106,0,1,"",,,"",,,"",,,"",,,,,,,"","",,,"",,,"",,,"",,,,,,,"",,,"","",,,,,,,,"",,,,,,,"",,,"","","",,,,,,,,"",,,,,"",,,,,"","","","",,,,,,"",,,,,"",,,,,"","",,,,,,"",,,,,,,
"","","",,"","","","","","","",,"","","","","","","",,"","","","","","","",,"","","","","",575873,1,"2024-02-20_11h23.24.317","experiment","2023.2.3","MacIntel",63.29113924,"61008174621af4fde89d5c7f","65d4ce4bfe04d08c28397785","65d4d1c012303518e653216a","",,,"",,,"",,,"",,,"",,,"",,,,,"",,,"","",,,,"",,,"","","",,,"","",,,,,"","","",,,,,,,2,,,"",,,,,,,,,,,"","",,,,,"s",1.2792,,"space",0.8943,,2,"red_gnome",2,3,"dark_forest","yellow_basket","green_gnome",2,7,"bright_forest","red_basket",3,0,0,1,"red_gnome","dark_forest","yellow_basket",595,7,0,53,1,107,1,1,"",,,"",,,"",,,"",,,,,,,"","",,,"",,,"",,,"",,,,,,,"",,,"","",,,,,,,,"",,,,,,,"",,,"","","",,,,,,,,"",,,,,"",,,,,"","","","",,,,,,"",,,,,"",,,,,"","",,,,,,"",,,,,,,
"","","",,"","","","","","","",,"","","","","","","",,"","","","","","","",,"","","","","",575873,1,"2024-02-20_11h23.24.317","experiment","2023.2.3","MacIntel",63.29113924,"61008174621af4fde89d5c7f","65d4ce4bfe04d08c28397785","65d4d1c012303518e653216a","",,,"",,,"",,,"",,,"",,,"",,,,,"",,,"","",,,,"",,,"","","",,,"","",,,,,"","","",,,,,,,2,,,"",,,,,,,,,,,"","",,,,,"s",0.4814,,"space",0.4214,,2,"red_gnome",2,3,"dark_forest","yellow_basket","green_gnome",2,4,"bright_forest","red_basket",3,0,0,1,"red_gnome","dark_forest","yellow_basket",598,-1,-2,54,0,108,1,1,"",,,"",,,"",,,"",,,,,,,"","",,,"",,,"",,,"",,,,,,,"",,,"","",,,,,,,,"",,,,,,,"",,,"","","",,,,,,,,"",,,,,"",,,,,"","","","",,,,,,"",,,,,"",,,,,"","",,,,,,"",,,,,,,
"","","",,"","","","","","","",,"","","","","","","",,"","","","","","","",,"","","","","",575873,1,"2024-02-20_11h23.24.317","experiment","2023.2.3","MacIntel",63.29113924,"61008174621af4fde89d5c7f","65d4ce4bfe04d08c28397785","65d4d1c012303518e653216a","",,,"",,,"",,,"",,,"",,,"",,,,,"",,,"","",,,,"",,,"","","",,,"","",,,,,"","","",,,,,,,2,,,"",,,,,,,,,,,"","",,,,,"s",0.579,,"space",0.3663,,2,"red_gnome",2,1,"dark_forest","yellow_basket","green_gnome",2,3,"bright_forest","red_basket",1,0,0,1,"red_gnome","dark_forest","yellow_basket",599,1,0,54,1,109,1,1,"",,,"",,,"",,,"",,,,,,,"","",,,"",,,"",,,"",,,,,,,"",,,"","",,,,,,,,"",,,,,,,"",,,"","","",,,,,,,,"",,,,,"",,,,,"","","","",,,,,,"",,,,,"",,,,,"","",,,,,,"",,,,,,,
"","","",,"","","","","","","",,"","","","","","","",,"","","","","","","",,"","","","","",575873,1,"2024-02-20_11h23.24.317","experiment","2023.2.3","MacIntel",63.29113924,"61008174621af4fde89d5c7f","65d4ce4bfe04d08c28397785","65d4d1c012303518e653216a","",,,"",,,"",,,"",,,"",,,"",,,,,"",,,"","",,,,"",,,"","","",,,"","",,,,,"","","",,,,,,,1,,,"",,,,,,,,,,,"","",,,,,"s",0.8763,,"space",0.5324,,1,"brown_gnomes",1,4,"bright_forest","red_basket","purple_gnome",1,1,"dark_forest","yellow_basket",4,0,0,1,"brown_gnomes","bright_forest","red_basket",603,0,2,55,0,110,0,1,"",,,"",,,"",,,"",,,,,,,"","",,,"",,,"",,,"",,,,,,,"",,,"","",,,,,,,,"",,,,,,,"",,,"","","",,,,,,,,"",,,,,"",,,,,"","","","",,,,,,"",,,,,"",,,,,"","",,,,,,"",,,,,,,
"","","",,"","","","","","","",,"","","","","","","",,"","","","","","","",,"","","","","",575873,1,"2024-02-20_11h23.24.317","experiment","2023.2.3","MacIntel",63.29113924,"61008174621af4fde89d5c7f","65d4ce4bfe04d08c28397785","65d4d1c012303518e653216a","",,,"",,,"",,,"",,,"",,,"",,,,,"",,,"","",,,,"",,,"","","",,,"","",,,,,"","","",,,,,,,2,,,"",,,,,,,,,,,"","",,,,,"k",0.7832,,"space",0.3635,,2,"red_gnome",2,3,"dark_forest","yellow_basket","green_gnome",2,4,"bright_forest","red_basket",4,0,0,1,"green_gnome","bright_forest","red_basket",607,1,1,55,1,111,1,1,"",,,"",,,"",,,"",,,,,,,"","",,,"",,,"",,,"",,,,,,,"",,,"","",,,,,,,,"",,,,,,,"",,,"","","",,,,,,,,"",,,,,"",,,,,"","","","",,,,,,"",,,,,"",,,,,"","",,,,,,"",,,,,,,
"","","",,"","","","","","","",,"","","","","","","",,"","","","","","","",,"","","","","",575873,1,"2024-02-20_11h23.24.317","experiment","2023.2.3","MacIntel",63.29113924,"61008174621af4fde89d5c7f","65d4ce4bfe04d08c28397785","65d4d1c012303518e653216a","",,,"",,,"",,,"",,,"",,,"",,,,,"",,,"","",,,,"",,,"","","",,,"","",,,,,"","","",,,,,,,2,,,"",,,,,,,,,,,"","",,,,,"s",0.5411,,"space",0.2989,,2,"green_gnome",2,5,"bright_forest","red_basket","red_gnome",2,4,"dark_forest","yellow_basket",5,0,0,1,"green_gnome","bright_forest","red_basket",612,0,1,56,0,112,1,1,"",,,"",,,"",,,"",,,,,,,"","",,,"",,,"",,,"",,,,,,,"",,,"","",,,,,,,,"",,,,,,,"",,,"","","",,,,,,,,"",,,,,"",,,,,"","","","",,,,,,"",,,,,"",,,,,"","",,,,,,"",,,,,,,
"","","",,"","","","","","","",,"","","","","","","",,"","","","","","","",,"","","","","",575873,1,"2024-02-20_11h23.24.317","experiment","2023.2.3","MacIntel",63.29113924,"61008174621af4fde89d5c7f","65d4ce4bfe04d08c28397785","65d4d1c012303518e653216a","",,,"",,,"",,,"",,,"",,,"",,,,,"",,,"","",,,,"",,,"","","",,,"","",,,,,"","","",,,,,,,1,,,"",,,,,,,,,,,"","",,,,,"s",0.5937,,"space",0.302,,1,"brown_gnomes",1,5,"bright_forest","red_basket","purple_gnome",1,5,"dark_forest","yellow_basket",5,0,0,1,"brown_gnomes","bright_forest","red_basket",617,-1,1,56,1,113,0,1,"",,,"",,,"",,,"",,,,,,,"","",,,"",,,"",,,"",,,,,,,"",,,"","",,,,,,,,"",,,,,,,"",,,"","","",,,,,,,,"",,,,,"",,,,,"","","","",,,,,,"",,,,,"",,,,,"","",,,,,,"",,,,,,,
"","","",,"","","","","","","",,"","","","","","","",,"","","","","","","",,"","","","","",575873,1,"2024-02-20_11h23.24.317","experiment","2023.2.3","MacIntel",63.29113924,"61008174621af4fde89d5c7f","65d4ce4bfe04d08c28397785","65d4d1c012303518e653216a","",,,"",,,"",,,"",,,"",,,"",,,,,"",,,"","",,,,"",,,"","","",,,"","",,,,,"","","",,,,,,,2,,,"",,,,,,,,,,,"","",,,,,"k",0.6429,,"space",0.3831,,2,"red_gnome",2,6,"dark_forest","yellow_basket","green_gnome",2,4,"bright_forest","red_basket",4,0,0,1,"green_gnome","bright_forest","red_basket",621,-2,0,57,0,114,1,1,"",,,"",,,"",,,"",,,,,,,"","",,,"",,,"",,,"",,,,,,,"",,,"","",,,,,,,,"",,,,,,,"",,,"","","",,,,,,,,"",,,,,"",,,,,"","","","",,,,,,"",,,,,"",,,,,"","",,,,,,"",,,,,,,
"","","",,"","","","","","","",,"","","","","","","",,"","","","","","","",,"","","","","",575873,1,"2024-02-20_11h23.24.317","experiment","2023.2.3","MacIntel",63.29113924,"61008174621af4fde89d5c7f","65d4ce4bfe04d08c28397785","65d4d1c012303518e653216a","",,,"",,,"",,,"",,,"",,,"",,,,,"",,,"","",,,,"",,,"","","",,,"","",,,,,"","","",,,,,,,2,,,"",,,,,,,,,,,"","",,,,,"k",0.5424,,"space",0.3805,,2,"red_gnome",2,6,"dark_forest","yellow_basket","green_gnome",2,2,"bright_forest","red_basket",2,0,0,1,"green_gnome","bright_forest","red_basket",623,1,-2,57,1,115,1,1,"",,,"",,,"",,,"",,,,,,,"","",,,"",,,"",,,"",,,,,,,"",,,"","",,,,,,,,"",,,,,,,"",,,"","","",,,,,,,,"",,,,,"",,,,,"","","","",,,,,,"",,,,,"",,,,,"","",,,,,,"",,,,,,,
"","","",,"","","","","","","",,"","","","","","","",,"","","","","","","",,"","","","","",575873,1,"2024-02-20_11h23.24.317","experiment","2023.2.3","MacIntel",63.29113924,"61008174621af4fde89d5c7f","65d4ce4bfe04d08c28397785","65d4d1c012303518e653216a","",,,"",,,"",,,"",,,"",,,"",,,,,"",,,"","",,,,"",,,"","","",,,"","",,,,,"","","",,,,,,,2,,,"",,,,,,,,,,,"","",,,,,"s",0.5942,,"space",0.4031,,2,"green_gnome",2,3,"bright_forest","red_basket","red_gnome",2,4,"dark_forest","yellow_basket",3,0,0,1,"green_gnome","bright_forest","red_basket",626,-2,0,58,0,116,1,1,"",,,"",,,"",,,"",,,,,,,"","",,,"",,,"",,,"",,,,,,,"",,,"","",,,,,,,,"",,,,,,,"",,,"","","",,,,,,,,"",,,,,"",,,,,"","","","",,,,,,"",,,,,"",,,,,"","",,,,,,"",,,,,,,
"","","",,"","","","","","","",,"","","","","","","",,"","","","","","","",,"","","","","",575873,1,"2024-02-20_11h23.24.317","experiment","2023.2.3","MacIntel",63.29113924,"61008174621af4fde89d5c7f","65d4ce4bfe04d08c28397785","65d4d1c012303518e653216a","",,,"",,,"",,,"",,,"",,,"",,,,,"",,,"","",,,,"",,,"","","",,,"","",,,,,"","","",,,,,,,1,,,"",,,,,,,,,,,"","",,,,,"s",1.0577,,"space",0.4966,,1,"brown_gnomes",1,1,"bright_forest","red_basket","purple_gnome",1,4,"dark_forest","yellow_basket",1,0,0,1,"brown_gnomes","bright_forest","red_basket",627,-1,-1,58,1,117,0,1,"",,,"",,,"",,,"",,,,,,,"","",,,"",,,"",,,"",,,,,,,"",,,"","",,,,,,,,"",,,,,,,"",,,"","","",,,,,,,,"",,,,,"",,,,,"","","","",,,,,,"",,,,,"",,,,,"","",,,,,,"",,,,,,,
"","","",,"","","","","","","",,"","","","","","","",,"","","","","","","",,"","","","","",575873,1,"2024-02-20_11h23.24.317","experiment","2023.2.3","MacIntel",63.29113924,"61008174621af4fde89d5c7f","65d4ce4bfe04d08c28397785","65d4d1c012303518e653216a","",,,"",,,"",,,"",,,"",,,"",,,,,"",,,"","",,,,"",,,"","","",,,"","",,,,,"","","",,,,,,,1,,,"",,,,,,,,,,,"","",,,,,"k",0.8619,,"space",0.6156,,1,"brown_gnomes",1,0,"bright_forest","red_basket","purple_gnome",1,3,"dark_forest","yellow_basket",3,0,0,1,"purple_gnome","dark_forest","yellow_basket",630,2,-3,59,0,118,0,1,"",,,"",,,"",,,"",,,,,,,"","",,,"",,,"",,,"",,,,,,,"",,,"","",,,,,,,,"",,,,,,,"",,,"","","",,,,,,,,"",,,,,"",,,,,"","","","",,,,,,"",,,,,"",,,,,"","",,,,,,"",,,,,,,
"","","",,"","","","","","","",,"","","","","","","",,"","","","","","","",,"","","","","",575873,1,"2024-02-20_11h23.24.317","experiment","2023.2.3","MacIntel",63.29113924,"61008174621af4fde89d5c7f","65d4ce4bfe04d08c28397785","65d4d1c012303518e653216a","",,,"",,,"",,,"",,,"",,,"",,,,,"",,,"","",,,,"",,,"","","",,,"","",,,,,"","","",,,,,,,2,,,"",,,,,,,,,,,"","",,,,,"s",0.8221,,"space",0.4129,,2,"red_gnome",2,0,"dark_forest","yellow_basket","green_gnome",2,2,"bright_forest","red_basket",0,0,0,1,"red_gnome","dark_forest","yellow_basket",630,4,4,59,1,119,1,1,"",,,"",,,"",,,"",,,,,,,"","",,,"",,,"",,,"",,,,,,,"",,,"","",,,,,,,,"",,,,,,,"",,,"","","",,,,,,,,"",,,,,"",,,,,"","","","",,,,,,"",,,,,"",,,,,"","",,,,,,"",,,,,,,
"","","",,"","","","","","","",,"","","","","","","",,"","","","","","","",,"","","","","",575873,1,"2024-02-20_11h23.24.317","experiment","2023.2.3","MacIntel",63.29113924,"61008174621af4fde89d5c7f","65d4ce4bfe04d08c28397785","65d4d1c012303518e653216a","",,,"",,,"",,,"",,,"",,,"",,,,,"",,,"","",,,,"",,,"","","",,,"","",,,,,"","","",,,,,,,2,,,"",,,,,,,,,,,"","",,,,,"k",0.5292,,"space",0.553,,2,"red_gnome",2,4,"dark_forest","yellow_basket","green_gnome",2,6,"bright_forest","red_basket",6,0,0,1,"green_gnome","bright_forest","red_basket",636,0,-2,60,0,120,1,1,"",,,"",,,"",,,"",,,,,,,"","",,,"",,,"",,,"",,,,,,,"",,,"","",,,,,,,,"",,,,,,,"",,,"","","",,,,,,,,"",,,,,"",,,,,"","","","",,,,,,"",,,,,"",,,,,"","",,,,,,"",,,,,,,
"","","",,"","","","","","","",,"","","","","","","",,"","","","","","","",,"","","","","",575873,1,"2024-02-20_11h23.24.317","experiment","2023.2.3","MacIntel",63.29113924,"61008174621af4fde89d5c7f","65d4ce4bfe04d08c28397785","65d4d1c012303518e653216a","",,,"",,,"",,,"",,,"",,,"",,,,,"",,,"","",,,,"",,,"","","",,,"","",,,,,"","","",,,,,,,1,,,"",,,,,,,,,,,"","",,,,,"k",0.6595,,"space",0.3311,,1,"brown_gnomes",1,6,"bright_forest","red_basket","purple_gnome",1,2,"dark_forest","yellow_basket",2,0,0,1,"purple_gnome","dark_forest","yellow_basket",638,-3,-1,60,1,121,0,1,"",,,"",,,"",,,"",,,,,,,"","",,,"",,,"",,,"",,,,,,,"",,,"","",,,,,,,,"",,,,,,,"",,,"","","",,,,,,,,"",,,,,"",,,,,"","","","",,,,,,"",,,,,"",,,,,"","",,,,,,"",,,,,,,
"","","",,"","","","","","","",,"","","","","","","",,"","","","","","","",,"","","","","",575873,1,"2024-02-20_11h23.24.317","experiment","2023.2.3","MacIntel",63.29113924,"61008174621af4fde89d5c7f","65d4ce4bfe04d08c28397785","65d4d1c012303518e653216a","",,,"",,,"",,,"",,,"",,,"",,,,,"",,,"","",,,,"",,,"","","",,,"","",,,,,"","","",,,,,,,2,,,"",,,,,,,,,,,"","",,,,,"s",0.5775,,"space",0.2656,,2,"green_gnome",2,3,"bright_forest","red_basket","red_gnome",2,1,"dark_forest","yellow_basket",3,0,0,1,"green_gnome","bright_forest","red_basket",641,0,-2,61,0,122,1,1,"",,,"",,,"",,,"",,,,,,,"","",,,"",,,"",,,"",,,,,,,"",,,"","",,,,,,,,"",,,,,,,"",,,"","","",,,,,,,,"",,,,,"",,,,,"","","","",,,,,,"",,,,,"",,,,,"","",,,,,,"",,,,,,,
"","","",,"","","","","","","",,"","","","","","","",,"","","","","","","",,"","","","","",575873,1,"2024-02-20_11h23.24.317","experiment","2023.2.3","MacIntel",63.29113924,"61008174621af4fde89d5c7f","65d4ce4bfe04d08c28397785","65d4d1c012303518e653216a","",,,"",,,"",,,"",,,"",,,"",,,,,"",,,"","",,,,"",,,"","","",,,"","",,,,,"","","",,,,,,,2,,,"",,,,,,,,,,,"","",,,,,"k",0.9288,,"space",0.5003,,2,"red_gnome",2,1,"dark_forest","yellow_basket","green_gnome",2,3,"bright_forest","red_basket",3,0,0,1,"green_gnome","bright_forest","red_basket",644,-1,-1,61,1,123,1,1,"",,,"",,,"",,,"",,,,,,,"","",,,"",,,"",,,"",,,,,,,"",,,"","",,,,,,,,"",,,,,,,"",,,"","","",,,,,,,,"",,,,,"",,,,,"","","","",,,,,,"",,,,,"",,,,,"","",,,,,,"",,,,,,,
"","","",,"","","","","","","",,"","","","","","","",,"","","","","","","",,"","","","","",575873,1,"2024-02-20_11h23.24.317","experiment","2023.2.3","MacIntel",63.29113924,"61008174621af4fde89d5c7f","65d4ce4bfe04d08c28397785","65d4d1c012303518e653216a","",,,"",,,"",,,"",,,"",,,"",,,,,"",,,"","",,,,"",,,"","","",,,"","",,,,,"","","",,,,,,,2,,,"",,,,,,,,,,,"","",,,,,"s",0.5459,,"space",0.3639,,2,"green_gnome",2,2,"bright_forest","red_basket","red_gnome",2,0,"dark_forest","yellow_basket",2,0,0,1,"green_gnome","bright_forest","red_basket",646,-3,0,62,0,124,1,1,"",,,"",,,"",,,"",,,,,,,"","",,,"",,,"",,,"",,,,,,,"",,,"","",,,,,,,,"",,,,,,,"",,,"","","",,,,,,,,"",,,,,"",,,,,"","","","",,,,,,"",,,,,"",,,,,"","",,,,,,"",,,,,,,
"","","",,"","","","","","","",,"","","","","","","",,"","","","","","","",,"","","","","",575873,1,"2024-02-20_11h23.24.317","experiment","2023.2.3","MacIntel",63.29113924,"61008174621af4fde89d5c7f","65d4ce4bfe04d08c28397785","65d4d1c012303518e653216a","",,,"",,,"",,,"",,,"",,,"",,,,,"",,,"","",,,,"",,,"","","",,,"","",,,,,"","","",,,,,,,2,,,"",,,,,,,,,,,"","",,,,,"s",0.5261,,"space",0.3991,,2,"green_gnome",2,1,"bright_forest","red_basket","red_gnome",2,0,"dark_forest","yellow_basket",1,0,0,1,"green_gnome","bright_forest","red_basket",647,-2,-2,62,1,125,1,1,"",,,"",,,"",,,"",,,,,,,"","",,,"",,,"",,,"",,,,,,,"",,,"","",,,,,,,,"",,,,,,,"",,,"","","",,,,,,,,"",,,,,"",,,,,"","","","",,,,,,"",,,,,"",,,,,"","",,,,,,"",,,,,,,
"","","",,"","","","","","","",,"","","","","","","",,"","","","","","","",,"","","","","",575873,1,"2024-02-20_11h23.24.317","experiment","2023.2.3","MacIntel",63.29113924,"61008174621af4fde89d5c7f","65d4ce4bfe04d08c28397785","65d4d1c012303518e653216a","",,,"",,,"",,,"",,,"",,,"",,,,,"",,,"","",,,,"",,,"","","",,,"","",,,,,"","","",,,,,,,1,,,"",,,,,,,,,,,"","",,,,,"s",0.9588,,"space",0.4383,,1,"brown_gnomes",1,1,"bright_forest","red_basket","purple_gnome",1,2,"dark_forest","yellow_basket",1,0,0,1,"brown_gnomes","bright_forest","red_basket",648,4,3,63,0,126,0,1,"",,,"",,,"",,,"",,,,,,,"","",,,"",,,"",,,"",,,,,,,"",,,"","",,,,,,,,"",,,,,,,"",,,"","","",,,,,,,,"",,,,,"",,,,,"","","","",,,,,,"",,,,,"",,,,,"","",,,,,,"",,,,,,,
"","","",,"","","","","","","",,"","","","","","","",,"","","","","","","",,"","","","","",575873,1,"2024-02-20_11h23.24.317","experiment","2023.2.3","MacIntel",63.29113924,"61008174621af4fde89d5c7f","65d4ce4bfe04d08c28397785","65d4d1c012303518e653216a","",,,"",,,"",,,"",,,"",,,"",,,,,"",,,"","",,,,"",,,"","","",,,"","",,,,,"","","",,,,,,,2,,,"",,,,,,,,,,,"","",,,,,"k",0.7265,,"space",0.3302,,2,"green_gnome",2,5,"bright_forest","red_basket","red_gnome",2,5,"dark_forest","yellow_basket",5,0,0,1,"red_gnome","dark_forest","yellow_basket",653,1,3,63,1,127,1,1,"",,,"",,,"",,,"",,,,,,,"","",,,"",,,"",,,"",,,,,,,"",,,"","",,,,,,,,"",,,,,,,"",,,"","","",,,,,,,,"",,,,,"",,,,,"","","","",,,,,,"",,,,,"",,,,,"","",,,,,,"",,,,,,,
"","","",,"","","","","","","",,"","","","","","","",,"","","","","","","",,"","","","","",575873,1,"2024-02-20_11h23.24.317","experiment","2023.2.3","MacIntel",63.29113924,"61008174621af4fde89d5c7f","65d4ce4bfe04d08c28397785","65d4d1c012303518e653216a","",,,"",,,"",,,"",,,"",,,"",,,,,"",,,"","",,,,"",,,"","","",,,"","",,,,,"","","",,,,,,,1,,,"",,,,,,,,,,,"","",,,,,"k",0.5927,,"space",0.5178,,1,"brown_gnomes",1,6,"bright_forest","red_basket","purple_gnome",1,8,"dark_forest","yellow_basket",8,0,0,1,"purple_gnome","dark_forest","yellow_basket",661,-2,2,64,0,128,0,1,"",,,"",,,"",,,"",,,,,,,"","",,,"",,,"",,,"",,,,,,,"",,,"","",,,,,,,,"",,,,,,,"",,,"","","",,,,,,,,"",,,,,"",,,,,"","","","",,,,,,"",,,,,"",,,,,"","",,,,,,"",,,,,,,
"","","",,"","","","","","","",,"","","","","","","",,"","","","","","","",,"","","","","",575873,1,"2024-02-20_11h23.24.317","experiment","2023.2.3","MacIntel",63.29113924,"61008174621af4fde89d5c7f","65d4ce4bfe04d08c28397785","65d4d1c012303518e653216a","",,,"",,,"",,,"",,,"",,,"",,,,,"",,,"","",,,,"",,,"","","",,,"","",,,,,"","","",,,,,,,2,,,"",,,,,,,,,,,"","",,,,,"s",0.543,,"space",0.315,,2,"red_gnome",2,8,"dark_forest","yellow_basket","green_gnome",2,4,"bright_forest","red_basket",8,0,0,1,"red_gnome","dark_forest","yellow_basket",669,0,-2,64,1,129,1,1,"",,,"",,,"",,,"",,,,,,,"","",,,"",,,"",,,"",,,,,,,"",,,"","",,,,,,,,"",,,,,,,"",,,"","","",,,,,,,,"",,,,,"",,,,,"","","","",,,,,,"",,,,,"",,,,,"","",,,,,,"",,,,,,,
"","","",,"","","","","","","",,"","","","","","","",,"","","","","","","",,"","","","","",575873,1,"2024-02-20_11h23.24.317","experiment","2023.2.3","MacIntel",63.29113924,"61008174621af4fde89d5c7f","65d4ce4bfe04d08c28397785","65d4d1c012303518e653216a","",,,"",,,"",,,"",,,"",,,"",,,,,"",,,"","",,,,"",,,"","","",,,"","",,,,,"","","",,,,,,,1,,,"",,,,,,,,,,,"","",,,,,"k",0.6629,,"space",0.3324,,1,"brown_gnomes",1,4,"bright_forest","red_basket","purple_gnome",1,6,"dark_forest","yellow_basket",6,0,0,1,"purple_gnome","dark_forest","yellow_basket",675,2,1,65,0,130,0,1,"",,,"",,,"",,,"",,,,,,,"","",,,"",,,"",,,"",,,,,,,"",,,"","",,,,,,,,"",,,,,,,"",,,"","","",,,,,,,,"",,,,,"",,,,,"","","","",,,,,,"",,,,,"",,,,,"","",,,,,,"",,,,,,,
"","","",,"","","","","","","",,"","","","","","","",,"","","","","","","",,"","","","","",575873,1,"2024-02-20_11h23.24.317","experiment","2023.2.3","MacIntel",63.29113924,"61008174621af4fde89d5c7f","65d4ce4bfe04d08c28397785","65d4d1c012303518e653216a","",,,"",,,"",,,"",,,"",,,"",,,,,"",,,"","",,,,"",,,"","","",,,"","",,,,,"","","",,,,,,,1,,,"",,,,,,,,,,,"","",,,,,"k",0.5263,,"space",0.4763,,1,"brown_gnomes",1,6,"bright_forest","red_basket","purple_gnome",1,7,"dark_forest","yellow_basket",7,0,0,1,"purple_gnome","dark_forest","yellow_basket",682,3,-4,65,1,131,0,1,"",,,"",,,"",,,"",,,,,,,"","",,,"",,,"",,,"",,,,,,,"",,,"","",,,,,,,,"",,,,,,,"",,,"","","",,,,,,,,"",,,,,"",,,,,"","","","",,,,,,"",,,,,"",,,,,"","",,,,,,"",,,,,,,
"","","",,"","","","","","","",,"","","","","","","",,"","","","","","","",,"","","","","",575873,1,"2024-02-20_11h23.24.317","experiment","2023.2.3","MacIntel",63.29113924,"61008174621af4fde89d5c7f","65d4ce4bfe04d08c28397785","65d4d1c012303518e653216a","",,,"",,,"",,,"",,,"",,,"",,,,,"",,,"","",,,,"",,,"","","",,,"","",,,,,"","","",,,,,,,1,,,"",,,,,,,,,,,"","",,,,,"s",0.6072,,"space",0.3456,,1,"purple_gnome",1,3,"dark_forest","yellow_basket","brown_gnomes",1,9,"bright_forest","red_basket",3,0,0,1,"purple_gnome","dark_forest","yellow_basket",685,0,0,66,0,132,0,1,"",,,"",,,"",,,"",,,,,,,"","",,,"",,,"",,,"",,,,,,,"",,,"","",,,,,,,,"",,,,,,,"",,,"","","",,,,,,,,"",,,,,"",,,,,"","","","",,,,,,"",,,,,"",,,,,"","",,,,,,"",,,,,,,
"","","",,"","","","","","","",,"","","","","","","",,"","","","","","","",,"","","","","",575873,1,"2024-02-20_11h23.24.317","experiment","2023.2.3","MacIntel",63.29113924,"61008174621af4fde89d5c7f","65d4ce4bfe04d08c28397785","65d4d1c012303518e653216a","",,,"",,,"",,,"",,,"",,,"",,,,,"",,,"","",,,,"",,,"","","",,,"","",,,,,"","","",,,,,,,1,,,"",,,,,,,,,,,"","",,,,,"s",0.5918,,"space",0.3109,,1,"purple_gnome",1,3,"dark_forest","yellow_basket","brown_gnomes",1,9,"bright_forest","red_basket",3,0,0,1,"purple_gnome","dark_forest","yellow_basket",688,-1,-2,66,1,133,0,1,"",,,"",,,"",,,"",,,,,,,"","",,,"",,,"",,,"",,,,,,,"",,,"","",,,,,,,,"",,,,,,,"",,,"","","",,,,,,,,"",,,,,"",,,,,"","","","",,,,,,"",,,,,"",,,,,"","",,,,,,"",,,,,,,
"","","",,"","","","","","","",,"","","","","","","",,"","","","","","","",,"","","","","",575873,1,"2024-02-20_11h23.24.317","experiment","2023.2.3","MacIntel",63.29113924,"61008174621af4fde89d5c7f","65d4ce4bfe04d08c28397785","65d4d1c012303518e653216a","",,,"",,,"",,,"",,,"",,,"",,,,,"",,,"","",,,,"",,,"","","",,,"","",,,,,"","","",,,,,,,2,,,"",,,,,,,,,,,"","",,,,,"k",0.7263,,"space",0.3363,,2,"green_gnome",2,8,"bright_forest","red_basket","red_gnome",2,1,"dark_forest","yellow_basket",1,0,0,1,"red_gnome","dark_forest","yellow_basket",689,-1,-1,67,0,134,1,1,"",,,"",,,"",,,"",,,,,,,"","",,,"",,,"",,,"",,,,,,,"",,,"","",,,,,,,,"",,,,,,,"",,,"","","",,,,,,,,"",,,,,"",,,,,"","","","",,,,,,"",,,,,"",,,,,"","",,,,,,"",,,,,,,
"","","",,"","","","","","","",,"","","","","","","",,"","","","","","","",,"","","","","",575873,1,"2024-02-20_11h23.24.317","experiment","2023.2.3","MacIntel",63.29113924,"61008174621af4fde89d5c7f","65d4ce4bfe04d08c28397785","65d4d1c012303518e653216a","",,,"",,,"",,,"",,,"",,,"",,,,,"",,,"","",,,,"",,,"","","",,,"","",,,,,"","","",,,,,,,1,,,"",,,,,,,,,,,"","",,,,,"s",0.5468,,"space",0.3468,,1,"brown_gnomes",1,7,"bright_forest","red_basket","purple_gnome",1,0,"dark_forest","yellow_basket",7,0,0,1,"brown_gnomes","bright_forest","red_basket",696,2,-1,67,1,135,0,1,"",,,"",,,"",,,"",,,,,,,"","",,,"",,,"",,,"",,,,,,,"",,,"","",,,,,,,,"",,,,,,,"",,,"","","",,,,,,,,"",,,,,"",,,,,"","","","",,,,,,"",,,,,"",,,,,"","",,,,,,"",,,,,,,
"","","",,"","","","","","","",,"","","","","","","",,"","","","","","","",,"","","","","",575873,1,"2024-02-20_11h23.24.317","experiment","2023.2.3","MacIntel",63.29113924,"61008174621af4fde89d5c7f","65d4ce4bfe04d08c28397785","65d4d1c012303518e653216a","",,,"",,,"",,,"",,,"",,,"",,,,,"",,,"","",,,,"",,,"","","",,,"","",,,,,"","","",,,,,,,2,,,"",,,,,,,,,,,"","",,,,,"k",0.6422,,"space",0.3643,,2,"red_gnome",2,1,"dark_forest","yellow_basket","green_gnome",2,9,"bright_forest","red_basket",9,0,0,1,"green_gnome","bright_forest","red_basket",705,-1,3,68,0,136,1,1,"",,,"",,,"",,,"",,,,,,,"","",,,"",,,"",,,"",,,,,,,"",,,"","",,,,,,,,"",,,,,,,"",,,"","","",,,,,,,,"",,,,,"",,,,,"","","","",,,,,,"",,,,,"",,,,,"","",,,,,,"",,,,,,,
"","","",,"","","","","","","",,"","","","","","","",,"","","","","","","",,"","","","","",575873,1,"2024-02-20_11h23.24.317","experiment","2023.2.3","MacIntel",63.29113924,"61008174621af4fde89d5c7f","65d4ce4bfe04d08c28397785","65d4d1c012303518e653216a","",,,"",,,"",,,"",,,"",,,"",,,,,"",,,"","",,,,"",,,"","","",,,"","",,,,,"","","",,,,,,,2,,,"",,,,,,,,,,,"","",,,,,"k",0.748,,"space",0.3322,,2,"red_gnome",2,4,"dark_forest","yellow_basket","green_gnome",2,8,"bright_forest","red_basket",8,0,0,1,"green_gnome","bright_forest","red_basket",713,0,0,68,1,137,1,1,"",,,"",,,"",,,"",,,,,,,"","",,,"",,,"",,,"",,,,,,,"",,,"","",,,,,,,,"",,,,,,,"",,,"","","",,,,,,,,"",,,,,"",,,,,"","","","",,,,,,"",,,,,"",,,,,"","",,,,,,"",,,,,,,
"","","",,"","","","","","","",,"","","","","","","",,"","","","","","","",,"","","","","",575873,1,"2024-02-20_11h23.24.317","experiment","2023.2.3","MacIntel",63.29113924,"61008174621af4fde89d5c7f","65d4ce4bfe04d08c28397785","65d4d1c012303518e653216a","",,,"",,,"",,,"",,,"",,,"",,,,,"",,,"","",,,,"",,,"","","",,,"","",,,,,"","","",,,,,,,2,,,"",,,,,,,,,,,"","",,,,,"k",0.6934,,"space",0.3444,,2,"red_gnome",2,4,"dark_forest","yellow_basket","green_gnome",2,8,"bright_forest","red_basket",8,0,0,1,"green_gnome","bright_forest","red_basket",721,1,-1,69,0,138,1,1,"",,,"",,,"",,,"",,,,,,,"","",,,"",,,"",,,"",,,,,,,"",,,"","",,,,,,,,"",,,,,,,"",,,"","","",,,,,,,,"",,,,,"",,,,,"","","","",,,,,,"",,,,,"",,,,,"","",,,,,,"",,,,,,,
"","","",,"","","","","","","",,"","","","","","","",,"","","","","","","",,"","","","","",575873,1,"2024-02-20_11h23.24.317","experiment","2023.2.3","MacIntel",63.29113924,"61008174621af4fde89d5c7f","65d4ce4bfe04d08c28397785","65d4d1c012303518e653216a","",,,"",,,"",,,"",,,"",,,"",,,,,"",,,"","",,,,"",,,"","","",,,"","",,,,,"","","",,,,,,,2,,,"",,,,,,,,,,,"","",,,,,"s",0.7271,,"space",0.3188,,2,"green_gnome",2,9,"bright_forest","red_basket","red_gnome",2,3,"dark_forest","yellow_basket",9,0,0,1,"green_gnome","bright_forest","red_basket",730,1,-1,69,1,139,1,1,"",,,"",,,"",,,"",,,,,,,"","",,,"",,,"",,,"",,,,,,,"",,,"","",,,,,,,,"",,,,,,,"",,,"","","",,,,,,,,"",,,,,"",,,,,"","","","",,,,,,"",,,,,"",,,,,"","",,,,,,"",,,,,,,
"","","",,"","","","","","","",,"","","","","","","",,"","","","","","","",,"","","","","",575873,1,"2024-02-20_11h23.24.317","experiment","2023.2.3","MacIntel",63.29113924,"61008174621af4fde89d5c7f","65d4ce4bfe04d08c28397785","65d4d1c012303518e653216a","",,,"",,,"",,,"",,,"",,,"",,,,,"",,,"","",,,,"",,,"","","",,,"","",,,,,"","","",,,,,,,1,,,"",,,,,,,,,,,"","",,,,,"k",0.6118,,"space",0.3961,,1,"purple_gnome",1,2,"dark_forest","yellow_basket","brown_gnomes",1,8,"bright_forest","red_basket",8,0,0,1,"brown_gnomes","bright_forest","red_basket",738,0,-3,70,0,140,0,1,"",,,"",,,"",,,"",,,,,,,"","",,,"",,,"",,,"",,,,,,,"",,,"","",,,,,,,,"",,,,,,,"",,,"","","",,,,,,,,"",,,,,"",,,,,"","","","",,,,,,"",,,,,"",,,,,"","",,,,,,"",,,,,,,
"","","",,"","","","","","","",,"","","","","","","",,"","","","","","","",,"","","","","",575873,1,"2024-02-20_11h23.24.317","experiment","2023.2.3","MacIntel",63.29113924,"61008174621af4fde89d5c7f","65d4ce4bfe04d08c28397785","65d4d1c012303518e653216a","",,,"",,,"",,,"",,,"",,,"",,,,,"",,,"","",,,,"",,,"","","",,,"","",,,,,"","","",,,,,,,2,,,"",,,,,,,,,,,"","",,,,,"s",0.6672,,"space",0.3663,,2,"green_gnome",2,8,"bright_forest","red_basket","red_gnome",2,1,"dark_forest","yellow_basket",8,0,0,1,"green_gnome","bright_forest","red_basket",746,1,-1,70,1,141,1,1,"",,,"",,,"",,,"",,,,,,,"","",,,"",,,"",,,"",,,,,,,"",,,"","",,,,,,,,"",,,,,,,"",,,"","","",,,,,,,,"",,,,,"",,,,,"","","","",,,,,,"",,,,,"",,,,,"","",,,,,,"",,,,,,,
"","","",,"","","","","","","",,"","","","","","","",,"","","","","","","",,"","","","","",575873,1,"2024-02-20_11h23.24.317","experiment","2023.2.3","MacIntel",63.29113924,"61008174621af4fde89d5c7f","65d4ce4bfe04d08c28397785","65d4d1c012303518e653216a","",,,"",,,"",,,"",,,"",,,"",,,,,"",,,"","",,,,"",,,"","","",,,"","",,,,,"","","",,,,,,,1,,,"",,,,,,,,,,,"","",,,,,"k",0.5131,,"space",0.4869,,1,"purple_gnome",1,0,"dark_forest","yellow_basket","brown_gnomes",1,9,"bright_forest","red_basket",9,0,0,1,"brown_gnomes","bright_forest","red_basket",755,-1,1,71,0,142,0,1,"",,,"",,,"",,,"",,,,,,,"","",,,"",,,"",,,"",,,,,,,"",,,"","",,,,,,,,"",,,,,,,"",,,"","","",,,,,,,,"",,,,,"",,,,,"","","","",,,,,,"",,,,,"",,,,,"","",,,,,,"",,,,,,,
"","","",,"","","","","","","",,"","","","","","","",,"","","","","","","",,"","","","","",575873,1,"2024-02-20_11h23.24.317","experiment","2023.2.3","MacIntel",63.29113924,"61008174621af4fde89d5c7f","65d4ce4bfe04d08c28397785","65d4d1c012303518e653216a","",,,"",,,"",,,"",,,"",,,"",,,,,"",,,"","",,,,"",,,"","","",,,"","",,,,,"","","",,,,,,,1,,,"",,,,,,,,,,,"","",,,,,"k",0.565,,"space",0.3306,,1,"purple_gnome",1,1,"dark_forest","yellow_basket","brown_gnomes",1,8,"bright_forest","red_basket",8,0,0,1,"brown_gnomes","bright_forest","red_basket",763,-3,0,71,1,143,0,1,"",,,"",,,"",,,"",,,,,,,"","",,,"",,,"",,,"",,,,,,,"",,,"","",,,,,,,,"",,,,,,,"",,,"","","",,,,,,,,"",,,,,"",,,,,"","","","",,,,,,"",,,,,"",,,,,"","",,,,,,"",,,,,,,
"","","",,"","","","","","","",,"","","","","","","",,"","","","","","","",,"","","","","",575873,1,"2024-02-20_11h23.24.317","experiment","2023.2.3","MacIntel",63.29113924,"61008174621af4fde89d5c7f","65d4ce4bfe04d08c28397785","65d4d1c012303518e653216a","",,,"",,,"",,,"",,,"",,,"",,,,,"",,,"","",,,,"",,,"","","",,,"","",,,,,"","","",,,,,,,2,,,"",,,,,,,,,,,"","",,,,,"s",0.6427,,"space",0.3859,,2,"green_gnome",2,5,"bright_forest","red_basket","red_gnome",2,1,"dark_forest","yellow_basket",5,0,0,1,"green_gnome","bright_forest","red_basket",768,-4,2,72,0,144,1,1,"",,,"",,,"",,,"",,,,,,,"","",,,"",,,"",,,"",,,,,,,"",,,"","",,,,,,,,"",,,,,,,"",,,"","","",,,,,,,,"",,,,,"",,,,,"","","","",,,,,,"",,,,,"",,,,,"","",,,,,,"",,,,,,,
"","","",,"","","","","","","",,"","","","","","","",,"","","","","","","",,"","","","","",575873,1,"2024-02-20_11h23.24.317","experiment","2023.2.3","MacIntel",63.29113924,"61008174621af4fde89d5c7f","65d4ce4bfe04d08c28397785","65d4d1c012303518e653216a","",,,"",,,"",,,"",,,"",,,"",,,,,"",,,"","",,,,"",,,"","","",,,"","",,,,,"","","",,,,,,,1,,,"",,,,,,,,,,,"","",,,,,"s",0.6427,,"space",0.2997,,1,"brown_gnomes",1,1,"bright_forest","red_basket","purple_gnome",1,3,"dark_forest","yellow_basket",1,0,0,1,"brown_gnomes","bright_forest","red_basket",769,1,0,72,1,145,0,1,"",,,"",,,"",,,"",,,,,,,"","",,,"",,,"",,,"",,,,,,,"",,,"","",,,,,,,,"",,,,,,,"",,,"","","",,,,,,,,"",,,,,"",,,,,"","","","",,,,,,"",,,,,"",,,,,"","",,,,,,"",,,,,,,
"","","",,"","","","","","","",,"","","","","","","",,"","","","","","","",,"","","","","",575873,1,"2024-02-20_11h23.24.317","experiment","2023.2.3","MacIntel",63.29113924,"61008174621af4fde89d5c7f","65d4ce4bfe04d08c28397785","65d4d1c012303518e653216a","",,,"",,,"",,,"",,,"",,,"",,,,,"",,,"","",,,,"",,,"","","",,,"","",,,,,"","","",,,,,,,2,,,"",,,,,,,,,,,"","",,,,,"s",0.8773,,"space",0.4374,,2,"green_gnome",2,2,"bright_forest","red_basket","red_gnome",2,3,"dark_forest","yellow_basket",2,0,0,1,"green_gnome","bright_forest","red_basket",771,2,4,73,0,146,1,1,"",,,"",,,"",,,"",,,,,,,"","",,,"",,,"",,,"",,,,,,,"",,,"","",,,,,,,,"",,,,,,,"",,,"","","",,,,,,,,"",,,,,"",,,,,"","","","",,,,,,"",,,,,"",,,,,"","",,,,,,"",,,,,,,
"","","",,"","","","","","","",,"","","","","","","",,"","","","","","","",,"","","","","",575873,1,"2024-02-20_11h23.24.317","experiment","2023.2.3","MacIntel",63.29113924,"61008174621af4fde89d5c7f","65d4ce4bfe04d08c28397785","65d4d1c012303518e653216a","",,,"",,,"",,,"",,,"",,,"",,,,,"",,,"","",,,,"",,,"","","",,,"","",,,,,"","","",,,,,,,2,,,"",,,,,,,,,,,"","",,,,,"s",1.0647,,"space",0.43,,2,"red_gnome",2,7,"dark_forest","yellow_basket","green_gnome",2,4,"bright_forest","red_basket",7,0,0,1,"red_gnome","dark_forest","yellow_basket",778,0,0,73,1,147,1,1,"",,,"",,,"",,,"",,,,,,,"","",,,"",,,"",,,"",,,,,,,"",,,"","",,,,,,,,"",,,,,,,"",,,"","","",,,,,,,,"",,,,,"",,,,,"","","","",,,,,,"",,,,,"",,,,,"","",,,,,,"",,,,,,,
"","","",,"","","","","","","",,"","","","","","","",,"","","","","","","",,"","","","","",575873,1,"2024-02-20_11h23.24.317","experiment","2023.2.3","MacIntel",63.29113924,"61008174621af4fde89d5c7f","65d4ce4bfe04d08c28397785","65d4d1c012303518e653216a","",,,"",,,"",,,"",,,"",,,"",,,,,"",,,"","",,,,"",,,"","","",,,"","",,,,,"","","",,,,,,,1,,,"",,,,,,,,,,,"","",,,,,"k",0.4603,,"space",0.3358,,1,"brown_gnomes",1,4,"bright_forest","red_basket","purple_gnome",1,7,"dark_forest","yellow_basket",7,0,0,1,"purple_gnome","dark_forest","yellow_basket",785,1,1,74,0,148,0,1,"",,,"",,,"",,,"",,,,,,,"","",,,"",,,"",,,"",,,,,,,"",,,"","",,,,,,,,"",,,,,,,"",,,"","","",,,,,,,,"",,,,,"",,,,,"","","","",,,,,,"",,,,,"",,,,,"","",,,,,,"",,,,,,,
"","","",,"","","","","","","",,"","","","","","","",,"","","","","","","",,"","","","","",575873,1,"2024-02-20_11h23.24.317","experiment","2023.2.3","MacIntel",63.29113924,"61008174621af4fde89d5c7f","65d4ce4bfe04d08c28397785","65d4d1c012303518e653216a","",,,"",,,"",,,"",,,"",,,"",,,,,"",,,"","",,,,"",,,"","","",,,"","",,,,,"","","",,,,,,,1,,,"",,,,,,,,,,,"","",,,,,"s",0.5982,,"space",0.3167,,1,"purple_gnome",1,8,"dark_forest","yellow_basket","brown_gnomes",1,5,"bright_forest","red_basket",8,0,0,1,"purple_gnome","dark_forest","yellow_basket",793,0,3,74,1,149,0,1,"",,,"",,,"",,,"",,,,,,,"","",,,"",,,"",,,"",,,,,,,"",,,"","",,,,,,,,"",,,,,,,"",,,"","","",,,,,,,,"",,,,,"",,,,,"","","","",,,,,,"",,,,,"",,,,,"","",,,,,,"",,,,,,,
"","","",,"","","","","","","",,"","","","","","","",,"","","","","","","",,"","","","","",575873,1,"2024-02-20_11h23.24.317","experiment","2023.2.3","MacIntel",63.29113924,"61008174621af4fde89d5c7f","65d4ce4bfe04d08c28397785","65d4d1c012303518e653216a","",,,"",,,"",,,"",,,"",,,"",,,,,"",,,"","",,,,"",,,"","","",,,"","",,,,,"","","",,,,,,,2,,,"",,,,,,,,,,,"","",,,,,"s",0.5291,,"space",0.4025,,2,"red_gnome",2,7,"dark_forest","yellow_basket","green_gnome",2,5,"bright_forest","red_basket",7,0,0,1,"red_gnome","dark_forest","yellow_basket",800,2,-1,75,0,150,1,1,"",,,"",,,"",,,"",,,,,,,"","",,,"",,,"",,,"",,,,,,,"",,,"","",,,,,,,,"",,,,,,,"",,,"","","",,,,,,,,"",,,,,"",,,,,"","","","",,,,,,"",,,,,"",,,,,"","",,,,,,"",,,,,,,
"","","",,"","","","","","","",,"","","","","","","",,"","","","","","","",,"","","","","",575873,1,"2024-02-20_11h23.24.317","experiment","2023.2.3","MacIntel",63.29113924,"61008174621af4fde89d5c7f","65d4ce4bfe04d08c28397785","65d4d1c012303518e653216a","",,,"",,,"",,,"",,,"",,,"",,,,,"",,,"","",,,,"",,,"","","",,,"","",,,,,"","","",,,,,,,1,,,"",,,,,,,,,,,"","",,,,,"k",0.4792,,"space",0.3116,,1,"brown_gnomes",1,7,"bright_forest","red_basket","purple_gnome",1,6,"dark_forest","yellow_basket",6,0,0,1,"purple_gnome","dark_forest","yellow_basket",806,-4,0,75,1,151,0,1,"",,,"",,,"",,,"",,,,,,,"","",,,"",,,"",,,"",,,,,,,"",,,"","",,,,,,,,"",,,,,,,"",,,"","","",,,,,,,,"",,,,,"",,,,,"","","","",,,,,,"",,,,,"",,,,,"","",,,,,,"",,,,,,,
"","","",,"","","","","","","",,"","","","","","","",,"","","","","","","",,"","","","","",575873,1,"2024-02-20_11h23.24.317","experiment","2023.2.3","MacIntel",63.29113924,"61008174621af4fde89d5c7f","65d4ce4bfe04d08c28397785","65d4d1c012303518e653216a","",,,"",,,"",,,"",,,"",,,"",,,,,"",,,"","",,,,"",,,"","","",,,"","",,,,,"","","",,,,,,,2,,,"",,,,,,,,,,,"","",,,,,"s",0.4661,,"space",0.3179,,2,"red_gnome",2,6,"dark_forest","yellow_basket","green_gnome",2,3,"bright_forest","red_basket",6,0,0,1,"red_gnome","dark_forest","yellow_basket",812,-2,1,76,0,152,1,1,"",,,"",,,"",,,"",,,,,,,"","",,,"",,,"",,,"",,,,,,,"",,,"","",,,,,,,,"",,,,,,,"",,,"","","",,,,,,,,"",,,,,"",,,,,"","","","",,,,,,"",,,,,"",,,,,"","",,,,,,"",,,,,,,
"","","",,"","","","","","","",,"","","","","","","",,"","","","","","","",,"","","","","",575873,1,"2024-02-20_11h23.24.317","experiment","2023.2.3","MacIntel",63.29113924,"61008174621af4fde89d5c7f","65d4ce4bfe04d08c28397785","65d4d1c012303518e653216a","",,,"",,,"",,,"",,,"",,,"",,,,,"",,,"","",,,,"",,,"","","",,,"","",,,,,"","","",,,,,,,1,,,"",,,,,,,,,,,"","",,,,,"k",0.6107,,"space",0.4011,,1,"brown_gnomes",1,1,"bright_forest","red_basket","purple_gnome",1,7,"dark_forest","yellow_basket",7,0,0,1,"purple_gnome","dark_forest","yellow_basket",819,7,3,76,1,153,0,1,"",,,"",,,"",,,"",,,,,,,"","",,,"",,,"",,,"",,,,,,,"",,,"","",,,,,,,,"",,,,,,,"",,,"","","",,,,,,,,"",,,,,"",,,,,"","","","",,,,,,"",,,,,"",,,,,"","",,,,,,"",,,,,,,
"","","",,"","","","","","","",,"","","","","","","",,"","","","","","","",,"","","","","",575873,1,"2024-02-20_11h23.24.317","experiment","2023.2.3","MacIntel",63.29113924,"61008174621af4fde89d5c7f","65d4ce4bfe04d08c28397785","65d4d1c012303518e653216a","",,,"",,,"",,,"",,,"",,,"",,,,,"",,,"","",,,,"",,,"","","",,,"","",,,,,"","","",,,,,,,1,,,"",,,,,,,,,,,"","",,,,,"k",0.5488,,"space",0.3631,,1,"brown_gnomes",1,8,"bright_forest","red_basket","purple_gnome",1,8,"dark_forest","yellow_basket",8,0,0,1,"purple_gnome","dark_forest","yellow_basket",827,1,-1,77,0,154,0,1,"",,,"",,,"",,,"",,,,,,,"","",,,"",,,"",,,"",,,,,,,"",,,"","",,,,,,,,"",,,,,,,"",,,"","","",,,,,,,,"",,,,,"",,,,,"","","","",,,,,,"",,,,,"",,,,,"","",,,,,,"",,,,,,,
"","","",,"","","","","","","",,"","","","","","","",,"","","","","","","",,"","","","","",575873,1,"2024-02-20_11h23.24.317","experiment","2023.2.3","MacIntel",63.29113924,"61008174621af4fde89d5c7f","65d4ce4bfe04d08c28397785","65d4d1c012303518e653216a","",,,"",,,"",,,"",,,"",,,"",,,,,"",,,"","",,,,"",,,"","","",,,"","",,,,,"","","",,,,,,,2,,,"",,,,,,,,,,,"","",,,,,"k",0.7102,,"space",0.351,,2,"green_gnome",2,9,"bright_forest","red_basket","red_gnome",2,7,"dark_forest","yellow_basket",7,0,0,1,"red_gnome","dark_forest","yellow_basket",834,-1,2,77,1,155,1,1,"",,,"",,,"",,,"",,,,,,,"","",,,"",,,"",,,"",,,,,,,"",,,"","",,,,,,,,"",,,,,,,"",,,"","","",,,,,,,,"",,,,,"",,,,,"","","","",,,,,,"",,,,,"",,,,,"","",,,,,,"",,,,,,,
"","","",,"","","","","","","",,"","","","","","","",,"","","","","","","",,"","","","","",575873,1,"2024-02-20_11h23.24.317","experiment","2023.2.3","MacIntel",63.29113924,"61008174621af4fde89d5c7f","65d4ce4bfe04d08c28397785","65d4d1c012303518e653216a","",,,"",,,"",,,"",,,"",,,"",,,,,"",,,"","",,,,"",,,"","","",,,"","",,,,,"","","",,,,,,,1,,,"",,,,,,,,,,,"","",,,,,"k",0.8118,,"space",0.35,,1,"brown_gnomes",1,8,"bright_forest","red_basket","purple_gnome",1,9,"dark_forest","yellow_basket",9,0,0,1,"purple_gnome","dark_forest","yellow_basket",843,4,-3,78,0,156,0,1,"",,,"",,,"",,,"",,,,,,,"","",,,"",,,"",,,"",,,,,,,"",,,"","",,,,,,,,"",,,,,,,"",,,"","","",,,,,,,,"",,,,,"",,,,,"","","","",,,,,,"",,,,,"",,,,,"","",,,,,,"",,,,,,,
"","","",,"","","","","","","",,"","","","","","","",,"","","","","","","",,"","","","","",575873,1,"2024-02-20_11h23.24.317","experiment","2023.2.3","MacIntel",63.29113924,"61008174621af4fde89d5c7f","65d4ce4bfe04d08c28397785","65d4d1c012303518e653216a","",,,"",,,"",,,"",,,"",,,"",,,,,"",,,"","",,,,"",,,"","","",,,"","",,,,,"","","",,,,,,,1,,,"",,,,,,,,,,,"","",,,,,"k",0.4937,,"space",0.3838,,1,"brown_gnomes",1,6,"bright_forest","red_basket","purple_gnome",1,6,"dark_forest","yellow_basket",6,0,0,1,"purple_gnome","dark_forest","yellow_basket",849,3,4,78,1,157,0,1,"",,,"",,,"",,,"",,,,,,,"","",,,"",,,"",,,"",,,,,,,"",,,"","",,,,,,,,"",,,,,,,"",,,"","","",,,,,,,,"",,,,,"",,,,,"","","","",,,,,,"",,,,,"",,,,,"","",,,,,,"",,,,,,,
"","","",,"","","","","","","",,"","","","","","","",,"","","","","","","",,"","","","","",575873,1,"2024-02-20_11h23.24.317","experiment","2023.2.3","MacIntel",63.29113924,"61008174621af4fde89d5c7f","65d4ce4bfe04d08c28397785","65d4d1c012303518e653216a","",,,"",,,"",,,"",,,"",,,"",,,,,"",,,"","",,,,"",,,"","","",,,"","",,,,,"","","",,,,,,,1,,,"",,,,,,,,,,,"","",,,,,"k",0.4946,,"space",0.3785,,1,"brown_gnomes",1,9,"bright_forest","red_basket","purple_gnome",1,8,"dark_forest","yellow_basket",8,0,0,1,"purple_gnome","dark_forest","yellow_basket",857,2,0,79,0,158,0,1,"",,,"",,,"",,,"",,,,,,,"","",,,"",,,"",,,"",,,,,,,"",,,"","",,,,,,,,"",,,,,,,"",,,"","","",,,,,,,,"",,,,,"",,,,,"","","","",,,,,,"",,,,,"",,,,,"","",,,,,,"",,,,,,,
"","","",,"","","","","","","",,"","","","","","","",,"","","","","","","",,"","","","","",575873,1,"2024-02-20_11h23.24.317","experiment","2023.2.3","MacIntel",63.29113924,"61008174621af4fde89d5c7f","65d4ce4bfe04d08c28397785","65d4d1c012303518e653216a","",,,"",,,"",,,"",,,"",,,"",,,,,"",,,"","",,,,"",,,"","","",,,"","",,,,,"","","",,,,,,,1,,,"",,,,,,,,,,,"","",,,,,"s",0.5563,,"space",0.3314,,1,"purple_gnome",1,8,"dark_forest","yellow_basket","brown_gnomes",1,7,"bright_forest","red_basket",8,0,0,1,"purple_gnome","dark_forest","yellow_basket",865,1,4,79,1,159,0,1,"",,,"",,,"",,,"",,,,,,,"","",,,"",,,"",,,"",,,,,,,"",,,"","",,,,,,,,"",,,,,,,"",,,"","","",,,,,,,,"",,,,,"",,,,,"","","","",,,,,,"",,,,,"",,,,,"","",,,,,,"",,,,,,,
"","","",,"","","","","","","",,"","","","","","","",,"","","","","","","",,"","","","","",575873,1,"2024-02-20_11h23.24.317","experiment","2023.2.3","MacIntel",63.29113924,"61008174621af4fde89d5c7f","65d4ce4bfe04d08c28397785","65d4d1c012303518e653216a","",,,"",,,"",,,"",,,"",,,"",,,,,"",,,"","",,,,"",,,"","","",,,"","",,,,,"","","",,,,,,,2,,,"",,,,,,,,,,,"","",,,,,"s",0.5685,,"space",0.3192,,2,"red_gnome",2,6,"dark_forest","yellow_basket","green_gnome",2,8,"bright_forest","red_basket",6,0,0,1,"red_gnome","dark_forest","yellow_basket",871,0,-3,80,0,160,1,1,"",,,"",,,"",,,"",,,,,,,"","",,,"",,,"",,,"",,,,,,,"",,,"","",,,,,,,,"",,,,,,,"",,,"","","",,,,,,,,"",,,,,"",,,,,"","","","",,,,,,"",,,,,"",,,,,"","",,,,,,"",,,,,,,
"","","",,"","","","","","","",,"","","","","","","",,"","","","","","","",,"","","","","",575873,1,"2024-02-20_11h23.24.317","experiment","2023.2.3","MacIntel",63.29113924,"61008174621af4fde89d5c7f","65d4ce4bfe04d08c28397785","65d4d1c012303518e653216a","",,,"",,,"",,,"",,,"",,,"",,,,,"",,,"","",,,,"",,,"","","",,,"","",,,,,"","","",,,,,,,2,,,"",,,,,,,,,,,"","",,,,,"k",0.4942,,"space",0.3287,,2,"green_gnome",2,8,"bright_forest","red_basket","red_gnome",2,3,"dark_forest","yellow_basket",3,0,0,1,"red_gnome","dark_forest","yellow_basket",874,0,3,80,1,161,1,1,"",,,"",,,"",,,"",,,,,,,"","",,,"",,,"",,,"",,,,,,,"",,,"","",,,,,,,,"",,,,,,,"",,,"","","",,,,,,,,"",,,,,"",,,,,"","","","",,,,,,"",,,,,"",,,,,"","",,,,,,"",,,,,,,
"","","",,"","","","","","","",,"","","","","","","",,"","","","","","","",,"","","","","",575873,1,"2024-02-20_11h23.24.317","experiment","2023.2.3","MacIntel",63.29113924,"61008174621af4fde89d5c7f","65d4ce4bfe04d08c28397785","65d4d1c012303518e653216a","",,,"",,,"",,,"",,,"",,,"",,,,,"",,,"","",,,,"",,,"","","",,,"","",,,,,"","","",,,,,,,2,,,"",,,,,,,,,,,"","",,,,,"s",0.515,,"space",0.2892,,2,"red_gnome",2,6,"dark_forest","yellow_basket","green_gnome",2,8,"bright_forest","red_basket",6,0,0,1,"red_gnome","dark_forest","yellow_basket",880,-2,-3,81,0,162,1,1,"",,,"",,,"",,,"",,,,,,,"","",,,"",,,"",,,"",,,,,,,"",,,"","",,,,,,,,"",,,,,,,"",,,"","","",,,,,,,,"",,,,,"",,,,,"","","","",,,,,,"",,,,,"",,,,,"","",,,,,,"",,,,,,,
"","","",,"","","","","","","",,"","","","","","","",,"","","","","","","",,"","","","","",575873,1,"2024-02-20_11h23.24.317","experiment","2023.2.3","MacIntel",63.29113924,"61008174621af4fde89d5c7f","65d4ce4bfe04d08c28397785","65d4d1c012303518e653216a","",,,"",,,"",,,"",,,"",,,"",,,,,"",,,"","",,,,"",,,"","","",,,"","",,,,,"","","",,,,,,,2,,,"",,,,,,,,,,,"","",,,,,"s",0.6075,,"space",0.3353,,2,"red_gnome",2,3,"dark_forest","yellow_basket","green_gnome",2,6,"bright_forest","red_basket",3,0,0,1,"red_gnome","dark_forest","yellow_basket",883,-2,1,81,1,163,1,1,"",,,"",,,"",,,"",,,,,,,"","",,,"",,,"",,,"",,,,,,,"",,,"","",,,,,,,,"",,,,,,,"",,,"","","",,,,,,,,"",,,,,"",,,,,"","","","",,,,,,"",,,,,"",,,,,"","",,,,,,"",,,,,,,
"","","",,"","","","","","","",,"","","","","","","",,"","","","","","","",,"","","","","",575873,1,"2024-02-20_11h23.24.317","experiment","2023.2.3","MacIntel",63.29113924,"61008174621af4fde89d5c7f","65d4ce4bfe04d08c28397785","65d4d1c012303518e653216a","",,,"",,,"",,,"",,,"",,,"",,,,,"",,,"","",,,,"",,,"","","",,,"","",,,,,"","","",,,,,,,2,,,"",,,,,,,,,,,"","",,,,,"s",0.5477,,"space",0.3198,,2,"red_gnome",2,4,"dark_forest","yellow_basket","green_gnome",2,4,"bright_forest","red_basket",4,0,0,1,"red_gnome","dark_forest","yellow_basket",887,1,2,82,0,164,1,1,"",,,"",,,"",,,"",,,,,,,"","",,,"",,,"",,,"",,,,,,,"",,,"","",,,,,,,,"",,,,,,,"",,,"","","",,,,,,,,"",,,,,"",,,,,"","","","",,,,,,"",,,,,"",,,,,"","",,,,,,"",,,,,,,
"","","",,"","","","","","","",,"","","","","","","",,"","","","","","","",,"","","","","",575873,1,"2024-02-20_11h23.24.317","experiment","2023.2.3","MacIntel",63.29113924,"61008174621af4fde89d5c7f","65d4ce4bfe04d08c28397785","65d4d1c012303518e653216a","",,,"",,,"",,,"",,,"",,,"",,,,,"",,,"","",,,,"",,,"","","",,,"","",,,,,"","","",,,,,,,1,,,"",,,,,,,,,,,"","",,,,,"s",0.9417,,"space",0.4024,,1,"purple_gnome",1,6,"dark_forest","yellow_basket","brown_gnomes",1,5,"bright_forest","red_basket",6,0,0,1,"purple_gnome","dark_forest","yellow_basket",893,4,-2,82,1,165,0,1,"",,,"",,,"",,,"",,,,,,,"","",,,"",,,"",,,"",,,,,,,"",,,"","",,,,,,,,"",,,,,,,"",,,"","","",,,,,,,,"",,,,,"",,,,,"","","","",,,,,,"",,,,,"",,,,,"","",,,,,,"",,,,,,,
"","","",,"","","","","","","",,"","","","","","","",,"","","","","","","",,"","","","","",575873,1,"2024-02-20_11h23.24.317","experiment","2023.2.3","MacIntel",63.29113924,"61008174621af4fde89d5c7f","65d4ce4bfe04d08c28397785","65d4d1c012303518e653216a","",,,"",,,"",,,"",,,"",,,"",,,,,"",,,"","",,,,"",,,"","","",,,"","",,,,,"","","",,,,,,,2,,,"",,,,,,,,,,,"","",,,,,"k",0.711,,"space",0.3067,,2,"green_gnome",2,9,"bright_forest","red_basket","red_gnome",2,4,"dark_forest","yellow_basket",4,0,0,1,"red_gnome","dark_forest","yellow_basket",897,2,5,83,0,166,1,1,"",,,"",,,"",,,"",,,,,,,"","",,,"",,,"",,,"",,,,,,,"",,,"","",,,,,,,,"",,,,,,,"",,,"","","",,,,,,,,"",,,,,"",,,,,"","","","",,,,,,"",,,,,"",,,,,"","",,,,,,"",,,,,,,
"","","",,"","","","","","","",,"","","","","","","",,"","","","","","","",,"","","","","",575873,1,"2024-02-20_11h23.24.317","experiment","2023.2.3","MacIntel",63.29113924,"61008174621af4fde89d5c7f","65d4ce4bfe04d08c28397785","65d4d1c012303518e653216a","",,,"",,,"",,,"",,,"",,,"",,,,,"",,,"","",,,,"",,,"","","",,,"","",,,,,"","","",,,,,,,1,,,"",,,,,,,,,,,"","",,,,,"s",0.6327,,"space",0.283,,1,"purple_gnome",1,9,"dark_forest","yellow_basket","brown_gnomes",1,7,"bright_forest","red_basket",9,0,0,1,"purple_gnome","dark_forest","yellow_basket",906,0,5,83,1,167,0,1,"",,,"",,,"",,,"",,,,,,,"","",,,"",,,"",,,"",,,,,,,"",,,"","",,,,,,,,"",,,,,,,"",,,"","","",,,,,,,,"",,,,,"",,,,,"","","","",,,,,,"",,,,,"",,,,,"","",,,,,,"",,,,,,,
"","","",,"","","","","","","",,"","","","","","","",,"","","","","","","",,"","","","","",575873,1,"2024-02-20_11h23.24.317","experiment","2023.2.3","MacIntel",63.29113924,"61008174621af4fde89d5c7f","65d4ce4bfe04d08c28397785","65d4d1c012303518e653216a","",,,"",,,"",,,"",,,"",,,"",,,,,"",,,"","",,,,"",,,"","","",,,"","",,,,,"","","",,,,,,,2,,,"",,,,,,,,,,,"","",,,,,"k",0.5273,,"space",0.313,,2,"green_gnome",2,7,"bright_forest","red_basket","red_gnome",2,4,"dark_forest","yellow_basket",4,0,0,1,"red_gnome","dark_forest","yellow_basket",910,3,-1,84,0,168,1,1,"",,,"",,,"",,,"",,,,,,,"","",,,"",,,"",,,"",,,,,,,"",,,"","",,,,,,,,"",,,,,,,"",,,"","","",,,,,,,,"",,,,,"",,,,,"","","","",,,,,,"",,,,,"",,,,,"","",,,,,,"",,,,,,,
"","","",,"","","","","","","",,"","","","","","","",,"","","","","","","",,"","","","","",575873,1,"2024-02-20_11h23.24.317","experiment","2023.2.3","MacIntel",63.29113924,"61008174621af4fde89d5c7f","65d4ce4bfe04d08c28397785","65d4d1c012303518e653216a","",,,"",,,"",,,"",,,"",,,"",,,,,"",,,"","",,,,"",,,"","","",,,"","",,,,,"","","",,,,,,,2,,,"",,,,,,,,,,,"","",,,,,"s",0.7138,,"space",0.3504,,2,"red_gnome",2,3,"dark_forest","yellow_basket","green_gnome",2,8,"bright_forest","red_basket",3,0,0,1,"red_gnome","dark_forest","yellow_basket",913,-2,0,84,1,169,1,1,"",,,"",,,"",,,"",,,,,,,"","",,,"",,,"",,,"",,,,,,,"",,,"","",,,,,,,,"",,,,,,,"",,,"","","",,,,,,,,"",,,,,"",,,,,"","","","",,,,,,"",,,,,"",,,,,"","",,,,,,"",,,,,,,
"","","",,"","","","","","","",,"","","","","","","",,"","","","","","","",,"","","","","",575873,1,"2024-02-20_11h23.24.317","experiment","2023.2.3","MacIntel",63.29113924,"61008174621af4fde89d5c7f","65d4ce4bfe04d08c28397785","65d4d1c012303518e653216a","",,,"",,,"",,,"",,,"",,,"",,,,,"",,,"","",,,,"",,,"","","",,,"","",,,,,"","","",,,,,,,2,,,"",,,,,,,,,,,"","",,,,,"s",0.5272,,"space",0.3145,,2,"red_gnome",2,3,"dark_forest","yellow_basket","green_gnome",2,6,"bright_forest","red_basket",3,0,0,1,"red_gnome","dark_forest","yellow_basket",916,0,2,85,0,170,1,1,"",,,"",,,"",,,"",,,,,,,"","",,,"",,,"",,,"",,,,,,,"",,,"","",,,,,,,,"",,,,,,,"",,,"","","",,,,,,,,"",,,,,"",,,,,"","","","",,,,,,"",,,,,"",,,,,"","",,,,,,"",,,,,,,
"","","",,"","","","","","","",,"","","","","","","",,"","","","","","","",,"","","","","",575873,1,"2024-02-20_11h23.24.317","experiment","2023.2.3","MacIntel",63.29113924,"61008174621af4fde89d5c7f","65d4ce4bfe04d08c28397785","65d4d1c012303518e653216a","",,,"",,,"",,,"",,,"",,,"",,,,,"",,,"","",,,,"",,,"","","",,,"","",,,,,"","","",,,,,,,1,,,"",,,,,,,,,,,"","",,,,,"s",0.8263,,"space",0.3639,,1,"purple_gnome",1,5,"dark_forest","yellow_basket","brown_gnomes",1,6,"bright_forest","red_basket",5,0,0,1,"purple_gnome","dark_forest","yellow_basket",921,2,-2,85,1,171,0,1,"",,,"",,,"",,,"",,,,,,,"","",,,"",,,"",,,"",,,,,,,"",,,"","",,,,,,,,"",,,,,,,"",,,"","","",,,,,,,,"",,,,,"",,,,,"","","","",,,,,,"",,,,,"",,,,,"","",,,,,,"",,,,,,,
"","","",,"","","","","","","",,"","","","","","","",,"","","","","","","",,"","","","","",575873,1,"2024-02-20_11h23.24.317","experiment","2023.2.3","MacIntel",63.29113924,"61008174621af4fde89d5c7f","65d4ce4bfe04d08c28397785","65d4d1c012303518e653216a","",,,"",,,"",,,"",,,"",,,"",,,,,"",,,"","",,,,"",,,"","","",,,"","",,,,,"","","",,,,,,,1,,,"",,,,,,,,,,,"","",,,,,"k",0.7632,,"space",0.2968,,1,"brown_gnomes",1,8,"bright_forest","red_basket","purple_gnome",1,3,"dark_forest","yellow_basket",3,0,0,1,"purple_gnome","dark_forest","yellow_basket",924,1,1,86,0,172,0,1,"",,,"",,,"",,,"",,,,,,,"","",,,"",,,"",,,"",,,,,,,"",,,"","",,,,,,,,"",,,,,,,"",,,"","","",,,,,,,,"",,,,,"",,,,,"","","","",,,,,,"",,,,,"",,,,,"","",,,,,,"",,,,,,,
"","","",,"","","","","","","",,"","","","","","","",,"","","","","","","",,"","","","","",575873,1,"2024-02-20_11h23.24.317","experiment","2023.2.3","MacIntel",63.29113924,"61008174621af4fde89d5c7f","65d4ce4bfe04d08c28397785","65d4d1c012303518e653216a","",,,"",,,"",,,"",,,"",,,"",,,,,"",,,"","",,,,"",,,"","","",,,"","",,,,,"","","",,,,,,,2,,,"",,,,,,,,,,,"","",,,,,"s",0.6098,,"space",0.3321,,2,"red_gnome",2,4,"dark_forest","yellow_basket","green_gnome",2,9,"bright_forest","red_basket",4,0,0,1,"red_gnome","dark_forest","yellow_basket",928,3,4,86,1,173,1,1,"",,,"",,,"",,,"",,,,,,,"","",,,"",,,"",,,"",,,,,,,"",,,"","",,,,,,,,"",,,,,,,"",,,"","","",,,,,,,,"",,,,,"",,,,,"","","","",,,,,,"",,,,,"",,,,,"","",,,,,,"",,,,,,,
"","","",,"","","","","","","",,"","","","","","","",,"","","","","","","",,"","","","","",575873,1,"2024-02-20_11h23.24.317","experiment","2023.2.3","MacIntel",63.29113924,"61008174621af4fde89d5c7f","65d4ce4bfe04d08c28397785","65d4d1c012303518e653216a","",,,"",,,"",,,"",,,"",,,"",,,,,"",,,"","",,,,"",,,"","","",,,"","",,,,,"","","",,,,,,,1,,,"",,,,,,,,,,,"","",,,,,"s",0.6953,,"space",0.3338,,1,"purple_gnome",1,8,"dark_forest","yellow_basket","brown_gnomes",1,6,"bright_forest","red_basket",8,0,0,1,"purple_gnome","dark_forest","yellow_basket",936,0,-3,87,0,174,0,1,"",,,"",,,"",,,"",,,,,,,"","",,,"",,,"",,,"",,,,,,,"",,,"","",,,,,,,,"",,,,,,,"",,,"","","",,,,,,,,"",,,,,"",,,,,"","","","",,,,,,"",,,,,"",,,,,"","",,,,,,"",,,,,,,
"","","",,"","","","","","","",,"","","","","","","",,"","","","","","","",,"","","","","",575873,1,"2024-02-20_11h23.24.317","experiment","2023.2.3","MacIntel",63.29113924,"61008174621af4fde89d5c7f","65d4ce4bfe04d08c28397785","65d4d1c012303518e653216a","",,,"",,,"",,,"",,,"",,,"",,,,,"",,,"","",,,,"",,,"","","",,,"","",,,,,"","","",,,,,,,2,,,"",,,,,,,,,,,"","",,,,,"k",0.6495,,"space",0.2906,,2,"green_gnome",2,6,"bright_forest","red_basket","red_gnome",2,5,"dark_forest","yellow_basket",5,0,0,1,"red_gnome","dark_forest","yellow_basket",941,-2,3,87,1,175,1,1,"",,,"",,,"",,,"",,,,,,,"","",,,"",,,"",,,"",,,,,,,"",,,"","",,,,,,,,"",,,,,,,"",,,"","","",,,,,,,,"",,,,,"",,,,,"","","","",,,,,,"",,,,,"",,,,,"","",,,,,,"",,,,,,,
"","","",,"","","","","","","",,"","","","","","","",,"","","","","","","",,"","","","","",575873,1,"2024-02-20_11h23.24.317","experiment","2023.2.3","MacIntel",63.29113924,"61008174621af4fde89d5c7f","65d4ce4bfe04d08c28397785","65d4d1c012303518e653216a","",,,"",,,"",,,"",,,"",,,"",,,,,"",,,"","",,,,"",,,"","","",,,"","",,,,,"","","",,,,,,,1,,,"",,,,,,,,,,,"","",,,,,"s",0.5272,,"space",0.3023,,1,"purple_gnome",1,8,"dark_forest","yellow_basket","brown_gnomes",1,4,"bright_forest","red_basket",8,0,0,1,"purple_gnome","dark_forest","yellow_basket",949,3,3,88,0,176,0,1,"",,,"",,,"",,,"",,,,,,,"","",,,"",,,"",,,"",,,,,,,"",,,"","",,,,,,,,"",,,,,,,"",,,"","","",,,,,,,,"",,,,,"",,,,,"","","","",,,,,,"",,,,,"",,,,,"","",,,,,,"",,,,,,,
"","","",,"","","","","","","",,"","","","","","","",,"","","","","","","",,"","","","","",575873,1,"2024-02-20_11h23.24.317","experiment","2023.2.3","MacIntel",63.29113924,"61008174621af4fde89d5c7f","65d4ce4bfe04d08c28397785","65d4d1c012303518e653216a","",,,"",,,"",,,"",,,"",,,"",,,,,"",,,"","",,,,"",,,"","","",,,"","",,,,,"","","",,,,,,,2,,,"",,,,,,,,,,,"","",,,,,"s",0.4661,,"space",0.2883,,2,"red_gnome",2,7,"dark_forest","yellow_basket","green_gnome",2,7,"bright_forest","red_basket",7,0,0,1,"red_gnome","dark_forest","yellow_basket",956,1,-3,88,1,177,1,1,"",,,"",,,"",,,"",,,,,,,"","",,,"",,,"",,,"",,,,,,,"",,,"","",,,,,,,,"",,,,,,,"",,,"","","",,,,,,,,"",,,,,"",,,,,"","","","",,,,,,"",,,,,"",,,,,"","",,,,,,"",,,,,,,
"","","",,"","","","","","","",,"","","","","","","",,"","","","","","","",,"","","","","",575873,1,"2024-02-20_11h23.24.317","experiment","2023.2.3","MacIntel",63.29113924,"61008174621af4fde89d5c7f","65d4ce4bfe04d08c28397785","65d4d1c012303518e653216a","",,,"",,,"",,,"",,,"",,,"",,,,,"",,,"","",,,,"",,,"","","",,,"","",,,,,"","","",,,,,,,2,,,"",,,,,,,,,,,"","",,,,,"k",0.8259,,"space",0.4472,,2,"green_gnome",2,8,"bright_forest","red_basket","red_gnome",2,4,"dark_forest","yellow_basket",4,0,0,1,"red_gnome","dark_forest","yellow_basket",960,2,-2,89,0,178,1,1,"",,,"",,,"",,,"",,,,,,,"","",,,"",,,"",,,"",,,,,,,"",,,"","",,,,,,,,"",,,,,,,"",,,"","","",,,,,,,,"",,,,,"",,,,,"","","","",,,,,,"",,,,,"",,,,,"","",,,,,,"",,,,,,,
"","","",,"","","","","","","",,"","","","","","","",,"","","","","","","",,"","","","","",575873,1,"2024-02-20_11h23.24.317","experiment","2023.2.3","MacIntel",63.29113924,"61008174621af4fde89d5c7f","65d4ce4bfe04d08c28397785","65d4d1c012303518e653216a","",,,"",,,"",,,"",,,"",,,"",,,,,"",,,"","",,,,"",,,"","","",,,"","",,,,,"","","",,,,,,,2,,,"",,,,,,,,,,,"","",,,,,"s",0.5464,,"space",0.3495,,2,"red_gnome",2,2,"dark_forest","yellow_basket","green_gnome",2,8,"bright_forest","red_basket",2,0,0,1,"red_gnome","dark_forest","yellow_basket",962,-3,2,89,1,179,1,1,"",,,"",,,"",,,"",,,,,,,"","",,,"",,,"",,,"",,,,,,,"",,,"","",,,,,,,,"",,,,,,,"",,,"","","",,,,,,,,"",,,,,"",,,,,"","","","",,,,,,"",,,,,"",,,,,"","",,,,,,"",,,,,,,
"","","",,"","","","","","","",,"","","","","","","",,"","","","","","","",,"","","","","",575873,1,"2024-02-20_11h23.24.317","experiment","2023.2.3","MacIntel",63.29113924,"61008174621af4fde89d5c7f","65d4ce4bfe04d08c28397785","65d4d1c012303518e653216a","",,,"",,,"",,,"",,,"",,,"",,,,,"",,,"","",,,,"",,,"","","",,,"","",,,,,"","","",,,,,,,2,,,"",,,,,,,,,,,"","",,,,,"s",0.6269,,"space",0.4017,,2,"green_gnome",2,5,"bright_forest","red_basket","red_gnome",2,4,"dark_forest","yellow_basket",5,0,0,1,"green_gnome","bright_forest","red_basket",967,0,2,90,0,180,1,1,"",,,"",,,"",,,"",,,,,,,"","",,,"",,,"",,,"",,,,,,,"",,,"","",,,,,,,,"",,,,,,,"",,,"","","",,,,,,,,"",,,,,"",,,,,"","","","",,,,,,"",,,,,"",,,,,"","",,,,,,"",,,,,,,
"","","",,"","","","","","","",,"","","","","","","",,"","","","","","","",,"","","","","",575873,1,"2024-02-20_11h23.24.317","experiment","2023.2.3","MacIntel",63.29113924,"61008174621af4fde89d5c7f","65d4ce4bfe04d08c28397785","65d4d1c012303518e653216a","",,,"",,,"",,,"",,,"",,,"",,,,,"",,,"","",,,,"",,,"","","",,,"","",,,,,"","","",,,,,,,1,,,"",,,,,,,,,,,"","",,,,,"k",0.4809,,"space",0.3072,,1,"brown_gnomes",1,5,"bright_forest","red_basket","purple_gnome",1,6,"dark_forest","yellow_basket",6,0,0,1,"purple_gnome","dark_forest","yellow_basket",973,2,2,90,1,181,0,1,"",,,"",,,"",,,"",,,,,,,"","",,,"",,,"",,,"",,,,,,,"",,,"","",,,,,,,,"",,,,,,,"",,,"","","",,,,,,,,"",,,,,"",,,,,"","","","",,,,,,"",,,,,"",,,,,"","",,,,,,"",,,,,,,
"","","",,"","","","","","","",,"","","","","","","",,"","","","","","","",,"","","","","",575873,1,"2024-02-20_11h23.24.317","experiment","2023.2.3","MacIntel",63.29113924,"61008174621af4fde89d5c7f","65d4ce4bfe04d08c28397785","65d4d1c012303518e653216a","",,,"",,,"",,,"",,,"",,,"",,,,,"",,,"","",,,,"",,,"","","",,,"","",,,,,"","","",,,,,,,2,,,"",,,,,,,,,,,"","",,,,,"k",0.5447,,"space",0.3477,,2,"red_gnome",2,8,"dark_forest","yellow_basket","green_gnome",2,7,"bright_forest","red_basket",7,0,0,1,"green_gnome","bright_forest","red_basket",980,-2,-1,91,0,182,1,1,"",,,"",,,"",,,"",,,,,,,"","",,,"",,,"",,,"",,,,,,,"",,,"","",,,,,,,,"",,,,,,,"",,,"","","",,,,,,,,"",,,,,"",,,,,"","","","",,,,,,"",,,,,"",,,,,"","",,,,,,"",,,,,,,
"","","",,"","","","","","","",,"","","","","","","",,"","","","","","","",,"","","","","",575873,1,"2024-02-20_11h23.24.317","experiment","2023.2.3","MacIntel",63.29113924,"61008174621af4fde89d5c7f","65d4ce4bfe04d08c28397785","65d4d1c012303518e653216a","",,,"",,,"",,,"",,,"",,,"",,,,,"",,,"","",,,,"",,,"","","",,,"","",,,,,"","","",,,,,,,2,,,"",,,,,,,,,,,"","",,,,,"s",0.7427,,"space",0.3692,,2,"green_gnome",2,5,"bright_forest","red_basket","red_gnome",2,7,"dark_forest","yellow_basket",5,0,0,1,"green_gnome","bright_forest","red_basket",985,-1,3,91,1,183,1,1,"",,,"",,,"",,,"",,,,,,,"","",,,"",,,"",,,"",,,,,,,"",,,"","",,,,,,,,"",,,,,,,"",,,"","","",,,,,,,,"",,,,,"",,,,,"","","","",,,,,,"",,,,,"",,,,,"","",,,,,,"",,,,,,,
"","","",,"","","","","","","",,"","","","","","","",,"","","","","","","",,"","","","","",575873,1,"2024-02-20_11h23.24.317","experiment","2023.2.3","MacIntel",63.29113924,"61008174621af4fde89d5c7f","65d4ce4bfe04d08c28397785","65d4d1c012303518e653216a","",,,"",,,"",,,"",,,"",,,"",,,,,"",,,"","",,,,"",,,"","","",,,"","",,,,,"","","",,,,,,,1,,,"",,,,,,,,,,,"","",,,,,"k",0.4939,,"space",0.3383,,1,"brown_gnomes",1,4,"bright_forest","red_basket","purple_gnome",1,8,"dark_forest","yellow_basket",8,0,0,1,"purple_gnome","dark_forest","yellow_basket",993,1,-2,92,0,184,0,1,"",,,"",,,"",,,"",,,,,,,"","",,,"",,,"",,,"",,,,,,,"",,,"","",,,,,,,,"",,,,,,,"",,,"","","",,,,,,,,"",,,,,"",,,,,"","","","",,,,,,"",,,,,"",,,,,"","",,,,,,"",,,,,,,
"","","",,"","","","","","","",,"","","","","","","",,"","","","","","","",,"","","","","",575873,1,"2024-02-20_11h23.24.317","experiment","2023.2.3","MacIntel",63.29113924,"61008174621af4fde89d5c7f","65d4ce4bfe04d08c28397785","65d4d1c012303518e653216a","",,,"",,,"",,,"",,,"",,,"",,,,,"",,,"","",,,,"",,,"","","",,,"","",,,,,"","","",,,,,,,2,,,"",,,,,,,,,,,"","",,,,,"s",0.6097,,"space",0.3828,,2,"red_gnome",2,6,"dark_forest","yellow_basket","green_gnome",2,5,"bright_forest","red_basket",6,0,0,1,"red_gnome","dark_forest","yellow_basket",999,-1,-1,92,1,185,1,1,"",,,"",,,"",,,"",,,,,,,"","",,,"",,,"",,,"",,,,,,,"",,,"","",,,,,,,,"",,,,,,,"",,,"","","",,,,,,,,"",,,,,"",,,,,"","","","",,,,,,"",,,,,"",,,,,"","",,,,,,"",,,,,,,
"","","",,"","","","","","","",,"","","","","","","",,"","","","","","","",,"","","","","",575873,1,"2024-02-20_11h23.24.317","experiment","2023.2.3","MacIntel",63.29113924,"61008174621af4fde89d5c7f","65d4ce4bfe04d08c28397785","65d4d1c012303518e653216a","",,,"",,,"",,,"",,,"",,,"",,,,,"",,,"","",,,,"",,,"","","",,,"","",,,,,"","","",,,,,,,1,,,"",,,,,,,,,,,"","",,,,,"s",0.8593,,"space",0.3528,,1,"purple_gnome",1,5,"dark_forest","yellow_basket","brown_gnomes",1,4,"bright_forest","red_basket",5,0,0,1,"purple_gnome","dark_forest","yellow_basket",1004,-3,2,93,0,186,0,1,"",,,"",,,"",,,"",,,,,,,"","",,,"",,,"",,,"",,,,,,,"",,,"","",,,,,,,,"",,,,,,,"",,,"","","",,,,,,,,"",,,,,"",,,,,"","","","",,,,,,"",,,,,"",,,,,"","",,,,,,"",,,,,,,
"","","",,"","","","","","","",,"","","","","","","",,"","","","","","","",,"","","","","",575873,1,"2024-02-20_11h23.24.317","experiment","2023.2.3","MacIntel",63.29113924,"61008174621af4fde89d5c7f","65d4ce4bfe04d08c28397785","65d4d1c012303518e653216a","",,,"",,,"",,,"",,,"",,,"",,,,,"",,,"","",,,,"",,,"","","",,,"","",,,,,"","","",,,,,,,2,,,"",,,,,,,,,,,"","",,,,,"s",0.6757,,"space",0.3814,,2,"green_gnome",2,1,"bright_forest","red_basket","red_gnome",2,7,"dark_forest","yellow_basket",1,0,0,1,"green_gnome","bright_forest","red_basket",1005,-1,-1,93,1,187,1,1,"",,,"",,,"",,,"",,,,,,,"","",,,"",,,"",,,"",,,,,,,"",,,"","",,,,,,,,"",,,,,,,"",,,"","","",,,,,,,,"",,,,,"",,,,,"","","","",,,,,,"",,,,,"",,,,,"","",,,,,,"",,,,,,,
"","","",,"","","","","","","",,"","","","","","","",,"","","","","","","",,"","","","","",575873,1,"2024-02-20_11h23.24.317","experiment","2023.2.3","MacIntel",63.29113924,"61008174621af4fde89d5c7f","65d4ce4bfe04d08c28397785","65d4d1c012303518e653216a","",,,"",,,"",,,"",,,"",,,"",,,,,"",,,"","",,,,"",,,"","","",,,"","",,,,,"","","",,,,,,,2,,,"",,,,,,,,,,,"","",,,,,"s",0.7793,,"space",0.3308,,2,"red_gnome",2,6,"dark_forest","yellow_basket","green_gnome",2,0,"bright_forest","red_basket",6,0,0,1,"red_gnome","dark_forest","yellow_basket",1011,0,1,94,0,188,1,1,"",,,"",,,"",,,"",,,,,,,"","",,,"",,,"",,,"",,,,,,,"",,,"","",,,,,,,,"",,,,,,,"",,,"","","",,,,,,,,"",,,,,"",,,,,"","","","",,,,,,"",,,,,"",,,,,"","",,,,,,"",,,,,,,
"","","",,"","","","","","","",,"","","","","","","",,"","","","","","","",,"","","","","",575873,1,"2024-02-20_11h23.24.317","experiment","2023.2.3","MacIntel",63.29113924,"61008174621af4fde89d5c7f","65d4ce4bfe04d08c28397785","65d4d1c012303518e653216a","",,,"",,,"",,,"",,,"",,,"",,,,,"",,,"","",,,,"",,,"","","",,,"","",,,,,"","","",,,,,,,1,,,"",,,,,,,,,,,"","",,,,,"k",0.443,,"space",0.2835,,1,"brown_gnomes",1,0,"bright_forest","red_basket","purple_gnome",1,7,"dark_forest","yellow_basket",7,0,0,1,"purple_gnome","dark_forest","yellow_basket",1018,-5,1,94,1,189,0,1,"",,,"",,,"",,,"",,,,,,,"","",,,"",,,"",,,"",,,,,,,"",,,"","",,,,,,,,"",,,,,,,"",,,"","","",,,,,,,,"",,,,,"",,,,,"","","","",,,,,,"",,,,,"",,,,,"","",,,,,,"",,,,,,,
"","","",,"","","","","","","",,"","","","","","","",,"","","","","","","",,"","","","","",575873,1,"2024-02-20_11h23.24.317","experiment","2023.2.3","MacIntel",63.29113924,"61008174621af4fde89d5c7f","65d4ce4bfe04d08c28397785","65d4d1c012303518e653216a","",,,"",,,"",,,"",,,"",,,"",,,,,"",,,"","",,,,"",,,"","","",,,"","",,,,,"","","",,,,,,,1,,,"",,,,,,,,,,,"","",,,,,"s",0.6243,,"space",0.2608,,1,"purple_gnome",1,8,"dark_forest","yellow_basket","brown_gnomes",1,5,"bright_forest","red_basket",8,0,0,1,"purple_gnome","dark_forest","yellow_basket",1026,0,0,95,0,190,0,1,"",,,"",,,"",,,"",,,,,,,"","",,,"",,,"",,,"",,,,,,,"",,,"","",,,,,,,,"",,,,,,,"",,,"","","",,,,,,,,"",,,,,"",,,,,"","","","",,,,,,"",,,,,"",,,,,"","",,,,,,"",,,,,,,
"","","",,"","","","","","","",,"","","","","","","",,"","","","","","","",,"","","","","",575873,1,"2024-02-20_11h23.24.317","experiment","2023.2.3","MacIntel",63.29113924,"61008174621af4fde89d5c7f","65d4ce4bfe04d08c28397785","65d4d1c012303518e653216a","",,,"",,,"",,,"",,,"",,,"",,,,,"",,,"","",,,,"",,,"","","",,,"","",,,,,"","","",,,,,,,2,,,"",,,,,,,,,,,"","",,,,,"s",0.4922,,"space",0.3029,,2,"red_gnome",2,8,"dark_forest","yellow_basket","green_gnome",2,5,"bright_forest","red_basket",8,0,0,1,"red_gnome","dark_forest","yellow_basket",1034,-2,-1,95,1,191,1,1,"",,,"",,,"",,,"",,,,,,,"","",,,"",,,"",,,"",,,,,,,"",,,"","",,,,,,,,"",,,,,,,"",,,"","","",,,,,,,,"",,,,,"",,,,,"","","","",,,,,,"",,,,,"",,,,,"","",,,,,,"",,,,,,,
"","","",,"","","","","","","",,"","","","","","","",,"","","","","","","",,"","","","","",575873,1,"2024-02-20_11h23.24.317","experiment","2023.2.3","MacIntel",63.29113924,"61008174621af4fde89d5c7f","65d4ce4bfe04d08c28397785","65d4d1c012303518e653216a","",,,"",,,"",,,"",,,"",,,"",,,,,"",,,"","",,,,"",,,"","","",,,"","",,,,,"","","",,,,,,,2,,,"",,,,,,,,,,,"","",,,,,"s",0.4974,,"space",0.3174,,2,"red_gnome",2,7,"dark_forest","yellow_basket","green_gnome",2,3,"bright_forest","red_basket",7,0,0,1,"red_gnome","dark_forest","yellow_basket",1041,-2,0,96,0,192,1,1,"",,,"",,,"",,,"",,,,,,,"","",,,"",,,"",,,"",,,,,,,"",,,"","",,,,,,,,"",,,,,,,"",,,"","","",,,,,,,,"",,,,,"",,,,,"","","","",,,,,,"",,,,,"",,,,,"","",,,,,,"",,,,,,,
"","","",,"","","","","","","",,"","","","","","","",,"","","","","","","",,"","","","","",575873,1,"2024-02-20_11h23.24.317","experiment","2023.2.3","MacIntel",63.29113924,"61008174621af4fde89d5c7f","65d4ce4bfe04d08c28397785","65d4d1c012303518e653216a","",,,"",,,"",,,"",,,"",,,"",,,,,"",,,"","",,,,"",,,"","","",,,"","",,,,,"","","",,,,,,,2,,,"",,,,,,,,,,,"","",,,,,"s",0.4948,,"space",0.2839,,2,"red_gnome",2,7,"dark_forest","yellow_basket","green_gnome",2,1,"bright_forest","red_basket",7,0,0,1,"red_gnome","dark_forest","yellow_basket",1048,-1,-3,96,1,193,1,1,"",,,"",,,"",,,"",,,,,,,"","",,,"",,,"",,,"",,,,,,,"",,,"","",,,,,,,,"",,,,,,,"",,,"","","",,,,,,,,"",,,,,"",,,,,"","","","",,,,,,"",,,,,"",,,,,"","",,,,,,"",,,,,,,
"","","",,"","","","","","","",,"","","","","","","",,"","","","","","","",,"","","","","",575873,1,"2024-02-20_11h23.24.317","experiment","2023.2.3","MacIntel",63.29113924,"61008174621af4fde89d5c7f","65d4ce4bfe04d08c28397785","65d4d1c012303518e653216a","",,,"",,,"",,,"",,,"",,,"",,,,,"",,,"","",,,,"",,,"","","",,,"","",,,,,"","","",,,,,,,2,,,"",,,,,,,,,,,"","",,,,,"k",0.5934,,"space",0.3349,,2,"green_gnome",2,0,"bright_forest","red_basket","red_gnome",2,4,"dark_forest","yellow_basket",4,0,0,1,"red_gnome","dark_forest","yellow_basket",1052,0,3,97,0,194,1,1,"",,,"",,,"",,,"",,,,,,,"","",,,"",,,"",,,"",,,,,,,"",,,"","",,,,,,,,"",,,,,,,"",,,"","","",,,,,,,,"",,,,,"",,,,,"","","","",,,,,,"",,,,,"",,,,,"","",,,,,,"",,,,,,,
"","","",,"","","","","","","",,"","","","","","","",,"","","","","","","",,"","","","","",575873,1,"2024-02-20_11h23.24.317","experiment","2023.2.3","MacIntel",63.29113924,"61008174621af4fde89d5c7f","65d4ce4bfe04d08c28397785","65d4d1c012303518e653216a","",,,"",,,"",,,"",,,"",,,"",,,,,"",,,"","",,,,"",,,"","","",,,"","",,,,,"","","",,,,,,,1,,,"",,,,,,,,,,,"","",,,,,"k",0.51,,"space",0.281,,1,"brown_gnomes",1,0,"bright_forest","red_basket","purple_gnome",1,7,"dark_forest","yellow_basket",7,0,0,1,"purple_gnome","dark_forest","yellow_basket",1059,-1,-2,97,1,195,0,1,"",,,"",,,"",,,"",,,,,,,"","",,,"",,,"",,,"",,,,,,,"",,,"","",,,,,,,,"",,,,,,,"",,,"","","",,,,,,,,"",,,,,"",,,,,"","","","",,,,,,"",,,,,"",,,,,"","",,,,,,"",,,,,,,
"","","",,"","","","","","","",,"","","","","","","",,"","","","","","","",,"","","","","",575873,1,"2024-02-20_11h23.24.317","experiment","2023.2.3","MacIntel",63.29113924,"61008174621af4fde89d5c7f","65d4ce4bfe04d08c28397785","65d4d1c012303518e653216a","",,,"",,,"",,,"",,,"",,,"",,,,,"",,,"","",,,,"",,,"","","",,,"","",,,,,"","","",,,,,,,2,,,"",,,,,,,,,,,"","",,,,,"s",0.6445,,"space",0.3469,,2,"red_gnome",2,5,"dark_forest","yellow_basket","green_gnome",2,1,"bright_forest","red_basket",5,0,0,1,"red_gnome","dark_forest","yellow_basket",1064,4,3,98,0,196,1,1,"",,,"",,,"",,,"",,,,,,,"","",,,"",,,"",,,"",,,,,,,"",,,"","",,,,,,,,"",,,,,,,"",,,"","","",,,,,,,,"",,,,,"",,,,,"","","","",,,,,,"",,,,,"",,,,,"","",,,,,,"",,,,,,,
"","","",,"","","","","","","",,"","","","","","","",,"","","","","","","",,"","","","","",575873,1,"2024-02-20_11h23.24.317","experiment","2023.2.3","MacIntel",63.29113924,"61008174621af4fde89d5c7f","65d4ce4bfe04d08c28397785","65d4d1c012303518e653216a","",,,"",,,"",,,"",,,"",,,"",,,,,"",,,"","",,,,"",,,"","","",,,"","",,,,,"","","",,,,,,,1,,,"",,,,,,,,,,,"","",,,,,"k",0.7274,,"space",0.3133,,1,"brown_gnomes",1,5,"bright_forest","red_basket","purple_gnome",1,8,"dark_forest","yellow_basket",8,0,0,1,"purple_gnome","dark_forest","yellow_basket",1072,-1,-1,98,1,197,0,1,"",,,"",,,"",,,"",,,,,,,"","",,,"",,,"",,,"",,,,,,,"",,,"","",,,,,,,,"",,,,,,,"",,,"","","",,,,,,,,"",,,,,"",,,,,"","","","",,,,,,"",,,,,"",,,,,"","",,,,,,"",,,,,,,
"","","",,"","","","","","","",,"","","","","","","",,"","","","","","","",,"","","","","",575873,1,"2024-02-20_11h23.24.317","experiment","2023.2.3","MacIntel",63.29113924,"61008174621af4fde89d5c7f","65d4ce4bfe04d08c28397785","65d4d1c012303518e653216a","",,,"",,,"",,,"",,,"",,,"",,,,,"",,,"","",,,,"",,,"","","",,,"","",,,,,"","","",,,,,,,2,,,"",,,,,,,,,,,"","",,,,,"k",0.7608,,"space",0.3313,,2,"green_gnome",2,4,"bright_forest","red_basket","red_gnome",2,7,"dark_forest","yellow_basket",7,0,0,1,"red_gnome","dark_forest","yellow_basket",1079,1,0,99,0,198,1,1,"",,,"",,,"",,,"",,,,,,,"","",,,"",,,"",,,"",,,,,,,"",,,"","",,,,,,,,"",,,,,,,"",,,"","","",,,,,,,,"",,,,,"",,,,,"","","","",,,,,,"",,,,,"",,,,,"","",,,,,,"",,,,,,,
"","","",,"","","","","","","",,"","","","","","","",,"","","","","","","",,"","","","","",575873,1,"2024-02-20_11h23.24.317","experiment","2023.2.3","MacIntel",63.29113924,"61008174621af4fde89d5c7f","65d4ce4bfe04d08c28397785","65d4d1c012303518e653216a","",,,"",,,"",,,"",,,"",,,"",,,,,"",,,"","",,,,"",,,"","","",,,"","",,,,,"","","",,,,,,,1,,,"",,,,,,,,,,,"","",,,,,"k",0.7635,,"space",0.3658,,1,"brown_gnomes",1,5,"bright_forest","red_basket","purple_gnome",1,7,"dark_forest","yellow_basket",7,0,0,1,"purple_gnome","dark_forest","yellow_basket",1086,0,2,99,1,199,0,1,"",,,"",,,"",,,"",,,,,,,"","",,,"",,,"",,,"",,,,,,,"",,,"","",,,,,,,,"",,,,,,,"",,,"","","",,,,,,,,"",,,,,"",,,,,"","","","",,,,,,"",,,,,"",,,,,"","",,,,,,"",,,,,,,
"","","",,"","","","","","","",,"","","","","","","",,"","","","","","","",,"","","","","",575873,1,"2024-02-20_11h23.24.317","experiment","2023.2.3","MacIntel",63.29113924,"61008174621af4fde89d5c7f","65d4ce4bfe04d08c28397785","65d4d1c012303518e653216a","",,,"",,,"",,,"",,,"",,,"",,,,,"",,,"","",,,,"",,,"","","",,,"","",,,,,"","","",,,,,,,,,,"",,,1312.8209,1316.6036,0.566042345,-0.387876587,1,0,0,3.7695,"t_advice_finished_typing_rect","",,,,,"",,,"",,,,"",,,"","","",,,"","",,,,,"","","",,,,,,,,,"space",7.5612,,"space",13.9285,,"space",5.1644,,"Try to stick to the same colored gnomes until their production goes down to 2 mushrooms or less.  Then you pick the other color gnome and follow the same strategy.  I found that the purple and red gnomes had the higher production for longer periods of time.",0.568194173,-0.318556993,1,0,0,89.9611,"vb_finished_typing_rect","space",12.1259,,"space",37.7677,,"space",5.6088,,"space",3.1913,,100,4.3449,100,6.3711,"space",7.2002,,"green_gnome","red_gnome",0,0,0,5,1,2,3,"",,,,,,,"",,,"","","",,,,,,,,"",,,,,"",,,,,"","","","",,,,,,"",,,,,"",,,,,"","",,,,,,"",,,,,,,
"","","",,"","","","","","","",,"","","","","","","",,"","","","","","","",,"","","","","",575873,1,"2024-02-20_11h23.24.317","experiment","2023.2.3","MacIntel",63.29113924,"61008174621af4fde89d5c7f","65d4ce4bfe04d08c28397785","65d4d1c012303518e653216a","",,,"",,,"",,,"",,,"",,,"",,,,,"",,,"","",,,,"",,,"","","",,,"","",,,,,"","","",,,,,,,,,,"",,,,,,,,,,,"","",,,,,"",,,"",,,,"",,,"","","",,,"","",,,,,"","","",,,,,,,,,"",,,"",,,"",,,"",,,,,,,"","",,,"",,,"",,,"",,,100,2.7265,100,4.6632,"space",5.0407,,"purple_gnome","brown_gnomes",0,1,1,0,1,0,1,"",,,,,,,"",,,"","","",,,,,,,,"",,,,,"",,,,,"","","","",,,,,,"",,,,,"",,,,,"","",,,,,,"",,,,,,,
"","","",,"","","","","","","",,"","","","","","","",,"","","","","","","",,"","","","","",575873,1,"2024-02-20_11h23.24.317","experiment","2023.2.3","MacIntel",63.29113924,"61008174621af4fde89d5c7f","65d4ce4bfe04d08c28397785","65d4d1c012303518e653216a","",,,"",,,"",,,"",,,"",,,"",,,,,"",,,"","",,,,"",,,"","","",,,"","",,,,,"","","",,,,,,,,,,"",,,,,,,,,,,"","",,,,,"",,,"",,,,"",,,"","","",,,"","",,,,,"","","",,,,,,,,,"",,,"",,,"",,,"",,,,,,,"","",,,"",,,"",,,"",,,0,3.6587,100,5.9895,"space",6.1558,,"red_gnome","brown_gnomes",0,2,2,1,1,0,2,"",,,,,,,"",,,"","","",,,,,,,,"",,,,,"",,,,,"","","","",,,,,,"",,,,,"",,,,,"","",,,,,,"",,,,,,,
"","","",,"","","","","","","",,"","","","","","","",,"","","","","","","",,"","","","","",575873,1,"2024-02-20_11h23.24.317","experiment","2023.2.3","MacIntel",63.29113924,"61008174621af4fde89d5c7f","65d4ce4bfe04d08c28397785","65d4d1c012303518e653216a","",,,"",,,"",,,"",,,"",,,"",,,,,"",,,"","",,,,"",,,"","","",,,"","",,,,,"","","",,,,,,,,,,"",,,,,,,,,,,"","",,,,,"",,,"",,,,"",,,"","","",,,"","",,,,,"","","",,,,,,,,,"",,,"",,,"",,,"",,,,,,,"","",,,"",,,"",,,"",,,0,3.593,100,5.4764,"space",5.4889,,"green_gnome","brown_gnomes",0,3,3,2,1,0,3,"",,,,,,,"",,,"","","",,,,,,,,"",,,,,"",,,,,"","","","",,,,,,"",,,,,"",,,,,"","",,,,,,"",,,,,,,
"","","",,"","","","","","","",,"","","","","","","",,"","","","","","","",,"","","","","",575873,1,"2024-02-20_11h23.24.317","experiment","2023.2.3","MacIntel",63.29113924,"61008174621af4fde89d5c7f","65d4ce4bfe04d08c28397785","65d4d1c012303518e653216a","",,,"",,,"",,,"",,,"",,,"",,,,,"",,,"","",,,,"",,,"","","",,,"","",,,,,"","","",,,,,,,,,,"",,,,,,,,,,,"","",,,,,"",,,"",,,,"",,,"","","",,,"","",,,,,"","","",,,,,,,,,"",,,"",,,"",,,"",,,,,,,"","",,,"",,,"",,,"",,,0.659756131,3.7072,100,5.8267,"space",5.7267,,"red_gnome","purple_gnome",0,4,4,3,1,1,2,"",,,,,,,"",,,"","","",,,,,,,,"",,,,,"",,,,,"","","","",,,,,,"",,,,,"",,,,,"","",,,,,,"",,,,,,,
"","","",,"","","","","","","",,"","","","","","","",,"","","","","","","",,"","","","","",575873,1,"2024-02-20_11h23.24.317","experiment","2023.2.3","MacIntel",63.29113924,"61008174621af4fde89d5c7f","65d4ce4bfe04d08c28397785","65d4d1c012303518e653216a","",,,"",,,"",,,"",,,"",,,"",,,,,"",,,"","",,,,"",,,"","","",,,"","",,,,,"","","",,,,,,,,,,"",,,,,,,,,,,"","",,,,,"",,,"",,,,"",,,"","","",,,"","",,,,,"","","",,,,,,,,,"",,,"",,,"",,,"",,,,,,,"","",,,"",,,"",,,"",,,0.422410753,3.3775,100,5.5758,"space",5.5122,,"purple_gnome","green_gnome",0,5,5,4,1,1,3,"",,,,,,,"",,,"","","",,,,,,,,"",,,,,"",,,,,"","","","",,,,,,"",,,,,"",,,,,"","",,,,,,"",,,,,,,
"","","",,"","","","","","","",,"","","","","","","",,"","","","","","","",,"","","","","",575873,1,"2024-02-20_11h23.24.317","experiment","2023.2.3","MacIntel",63.29113924,"61008174621af4fde89d5c7f","65d4ce4bfe04d08c28397785","65d4d1c012303518e653216a","",,,"",,,"",,,"",,,"",,,"",,,,,"",,,"","",,,,"",,,"","","",,,"","",,,,,"","","",,,,,,,,,,"",,,,,,,,,,,"","",,,,,"",,,"",,,,"",,,"","","",,,"","",,,,,"","","",,,,,,,,,"",,,"",,,"",,,"",,,,,,,"","",,,"",,,"",,,"",,,,,,,"",,,"","",,,,,,,,"space",11.0119,,58.87839084,5.6464,19.49996948,7.0461,"space",7.8418,,"purple_gnome","bright_forest","red_basket",0,0,0,2,1,1,0,"",,,,,"",,,,,"","","","",,,,,,"",,,,,"",,,,,"","",,,,,,"",,,,,,,
"","","",,"","","","","","","",,"","","","","","","",,"","","","","","","",,"","","","","",575873,1,"2024-02-20_11h23.24.317","experiment","2023.2.3","MacIntel",63.29113924,"61008174621af4fde89d5c7f","65d4ce4bfe04d08c28397785","65d4d1c012303518e653216a","",,,"",,,"",,,"",,,"",,,"",,,,,"",,,"","",,,,"",,,"","","",,,"","",,,,,"","","",,,,,,,,,,"",,,,,,,,,,,"","",,,,,"",,,"",,,,"",,,"","","",,,"","",,,,,"","","",,,,,,,,,"",,,"",,,"",,,"",,,,,,,"","",,,"",,,"",,,"",,,,,,,"",,,"","",,,,,,,,"",,,64.09798177,3.6084,32.97146946,4.9771,"space",5.2619,,"red_gnome","dark_forest","yellow_basket",0,1,1,5,1,2,1,"",,,,,"",,,,,"","","","",,,,,,"",,,,,"",,,,,"","",,,,,,"",,,,,,,
"","","",,"","","","","","","",,"","","","","","","",,"","","","","","","",,"","","","","",575873,1,"2024-02-20_11h23.24.317","experiment","2023.2.3","MacIntel",63.29113924,"61008174621af4fde89d5c7f","65d4ce4bfe04d08c28397785","65d4d1c012303518e653216a","",,,"",,,"",,,"",,,"",,,"",,,,,"",,,"","",,,,"",,,"","","",,,"","",,,,,"","","",,,,,,,,,,"",,,,,,,,,,,"","",,,,,"",,,"",,,,"",,,"","","",,,"","",,,,,"","","",,,,,,,,,"",,,"",,,"",,,"",,,,,,,"","",,,"",,,"",,,"",,,,,,,"",,,"","",,,,,,,,"",,,39.13241916,4.4083,38.26382785,5.81,"space",5.9763,,"red_gnome","bright_forest","red_basket",0,2,2,4,1,2,0,"",,,,,"",,,,,"","","","",,,,,,"",,,,,"",,,,,"","",,,,,,"",,,,,,,
"","","",,"","","","","","","",,"","","","","","","",,"","","","","","","",,"","","","","",575873,1,"2024-02-20_11h23.24.317","experiment","2023.2.3","MacIntel",63.29113924,"61008174621af4fde89d5c7f","65d4ce4bfe04d08c28397785","65d4d1c012303518e653216a","",,,"",,,"",,,"",,,"",,,"",,,,,"",,,"","",,,,"",,,"","","",,,"","",,,,,"","","",,,,,,,,,,"",,,,,,,,,,,"","",,,,,"",,,"",,,,"",,,"","","",,,"","",,,,,"","","",,,,,,,,,"",,,"",,,"",,,"",,,,,,,"","",,,"",,,"",,,"",,,,,,,"",,,"","",,,,,,,,"",,,61.59731717,3.0767,26.66377089,4.8097,"space",4.6253,,"brown_gnomes","dark_forest","yellow_basket",0,3,3,1,1,0,1,"",,,,,"",,,,,"","","","",,,,,,"",,,,,"",,,,,"","",,,,,,"",,,,,,,
"","","",,"","","","","","","",,"","","","","","","",,"","","","","","","",,"","","","","",575873,1,"2024-02-20_11h23.24.317","experiment","2023.2.3","MacIntel",63.29113924,"61008174621af4fde89d5c7f","65d4ce4bfe04d08c28397785","65d4d1c012303518e653216a","",,,"",,,"",,,"",,,"",,,"",,,,,"",,,"","",,,,"",,,"","","",,,"","",,,,,"","","",,,,,,,,,,"",,,,,,,,,,,"","",,,,,"",,,"",,,,"",,,"","","",,,"","",,,,,"","","",,,,,,,,,"",,,"",,,"",,,"",,,,,,,"","",,,"",,,"",,,"",,,,,,,"",,,"","",,,,,,,,"",,,62.25127496,3.966,21.94849311,5.6962,"space",5.4257,,"green_gnome","dark_forest","yellow_basket",0,4,4,7,1,3,1,"",,,,,"",,,,,"","","","",,,,,,"",,,,,"",,,,,"","",,,,,,"",,,,,,,
"","","",,"","","","","","","",,"","","","","","","",,"","","","","","","",,"","","","","",575873,1,"2024-02-20_11h23.24.317","experiment","2023.2.3","MacIntel",63.29113924,"61008174621af4fde89d5c7f","65d4ce4bfe04d08c28397785","65d4d1c012303518e653216a","",,,"",,,"",,,"",,,"",,,"",,,,,"",,,"","",,,,"",,,"","","",,,"","",,,,,"","","",,,,,,,,,,"",,,,,,,,,,,"","",,,,,"",,,"",,,,"",,,"","","",,,"","",,,,,"","","",,,,,,,,,"",,,"",,,"",,,"",,,,,,,"","",,,"",,,"",,,"",,,,,,,"",,,"","",,,,,,,,"",,,31.55192057,5.3763,20.11235216,7.0106,"space",6.7566,,"green_gnome","bright_forest","red_basket",0,5,5,6,1,3,0,"",,,,,"",,,,,"","","","",,,,,,"",,,,,"",,,,,"","",,,,,,"",,,,,,,
"","","",,"","","","","","","",,"","","","","","","",,"","","","","","","",,"","","","","",575873,1,"2024-02-20_11h23.24.317","experiment","2023.2.3","MacIntel",63.29113924,"61008174621af4fde89d5c7f","65d4ce4bfe04d08c28397785","65d4d1c012303518e653216a","",,,"",,,"",,,"",,,"",,,"",,,,,"",,,"","",,,,"",,,"","","",,,"","",,,,,"","","",,,,,,,,,,"",,,,,,,,,,,"","",,,,,"",,,"",,,,"",,,"","","",,,"","",,,,,"","","",,,,,,,,,"",,,"",,,"",,,"",,,,,,,"","",,,"",,,"",,,"",,,,,,,"",,,"","",,,,,,,,"",,,66.59577094,3.0473,23.15906101,4.6645,"space",4.3589,,"brown_gnomes","bright_forest","red_basket",0,6,6,0,1,0,0,"",,,,,"",,,,,"","","","",,,,,,"",,,,,"",,,,,"","",,,,,,"",,,,,,,
"","","",,"","","","","","","",,"","","","","","","",,"","","","","","","",,"","","","","",575873,1,"2024-02-20_11h23.24.317","experiment","2023.2.3","MacIntel",63.29113924,"61008174621af4fde89d5c7f","65d4ce4bfe04d08c28397785","65d4d1c012303518e653216a","",,,"",,,"",,,"",,,"",,,"",,,,,"",,,"","",,,,"",,,"","","",,,"","",,,,,"","","",,,,,,,,,,"",,,,,,,,,,,"","",,,,,"",,,"",,,,"",,,"","","",,,"","",,,,,"","","",,,,,,,,,"",,,"",,,"",,,"",,,,,,,"","",,,"",,,"",,,"",,,,,,,"",,,"","",,,,,,,,"",,,59.65630425,3.4917,21.53142971,4.9307,"space",4.6725,,"purple_gnome","dark_forest","yellow_basket",0,7,7,3,1,1,1,"",,,,,"",,,,,"","","","",,,,,,"",,,,,"",,,,,"","",,,,,,"",,,,,,,
"","","",,"","","","","","","",,"","","","","","","",,"","","","","","","",,"","","","","",575873,1,"2024-02-20_11h23.24.317","experiment","2023.2.3","MacIntel",63.29113924,"61008174621af4fde89d5c7f","65d4ce4bfe04d08c28397785","65d4d1c012303518e653216a","",,,"",,,"",,,"",,,"",,,"",,,,,"",,,"","",,,,"",,,"","","",,,"","",,,,,"","","",,,,,,,,,,"",,,,,,,,,,,"","",,,,,"",,,"",,,,"",,,"","","",,,"","",,,,,"","","",,,,,,,,,"",,,"",,,"",,,"",,,,,,,"","",,,"",,,"",,,"",,,,,,,"",,,"","",,,,,,,,"",,,,,,,"",,,"","","",,,,,,,,"space",8.6573,,71.10638428,4.3455,"space",7.3384,,23.2255995,7.6151,"dark_forest","bright_forest","yellow_basket","red_basket",0,0,0,0,1,"",,,,,"",,,,,"","",,,,,,"",,,,,,,
"","","",,"","","","","","","",,"","","","","","","",,"","","","","","","",,"","","","","",575873,1,"2024-02-20_11h23.24.317","experiment","2023.2.3","MacIntel",63.29113924,"61008174621af4fde89d5c7f","65d4ce4bfe04d08c28397785","65d4d1c012303518e653216a","",,,"",,,"",,,"",,,"",,,"",,,,,"",,,"","",,,,"",,,"","","",,,"","",,,,,"","","",,,,,,,,,,"",,,,,,,,,,,"","",,,,,"",,,"",,,,"",,,"","","",,,"","",,,,,"","","",,,,,,,,,"",,,"",,,"",,,"",,,,,,,"","",,,"",,,"",,,"",,,,,,,"",,,"","",,,,,,1,2,"",,,,,,,"",,,"","","",,,,,,,,"",,,,,"",,,,,"","","","",,,,,,"space",3.4755,,70.22420926,7.3621,"space",9.3934,,72.3189426,9.3232,"red_gnome","purple_gnome",0,0,0,3,1,"",,,,,,,
"","","",,"","","","","","","",,"","","","","","","",,"","","","","","","",,"","","","","",575873,1,"2024-02-20_11h23.24.317","experiment","2023.2.3","MacIntel",63.29113924,"61008174621af4fde89d5c7f","65d4ce4bfe04d08c28397785","65d4d1c012303518e653216a","",,,"",,,"",,,"",,,"",,,"",,,,,"",,,"","",,,,"",,,"","","",,,"","",,,,,"","","",,,,,,,,,,"",,,,,,,,,,,"","",,,,,"",,,"",,,,"",,,"","","",,,"","",,,,,"","","",,,,,,,,,"",,,"",,,"",,,"",,,,,,,"","",,,"",,,"",,,"",,,,,,,"",,,"","",,,,,,1,3,"",,,,,,,"",,,"","","",,,,,,,,"",,,,,"",,,,,"","","","",,,,,,"",,,100,2.9422,"space",4.44,,100,4.6742,"green_gnome","purple_gnome",0,1,1,4,1,"",,,,,,,
"","","",,"","","","","","","",,"","","","","","","",,"","","","","","","",,"","","","","",575873,1,"2024-02-20_11h23.24.317","experiment","2023.2.3","MacIntel",63.29113924,"61008174621af4fde89d5c7f","65d4ce4bfe04d08c28397785","65d4d1c012303518e653216a","",,,"",,,"",,,"",,,"",,,"",,,,,"",,,"","",,,,"",,,"","","",,,"","",,,,,"","","",,,,,,,,,,"",,,,,,,,,,,"","",,,,,"",,,"",,,,"",,,"","","",,,"","",,,,,"","","",,,,,,,,,"",,,"",,,"",,,"",,,,,,,"","",,,"",,,"",,,"",,,,,,,"",,,"","",,,,,,0,2,"",,,,,,,"",,,"","","",,,,,,,,"",,,,,"",,,,,"","","","",,,,,,"",,,0,2.6255,"space",4.3262,,100,4.5263,"red_gnome","brown_gnomes",0,2,2,1,1,"",,,,,,,
"","","",,"","","","","","","",,"","","","","","","",,"","","","","","","",,"","","","","",575873,1,"2024-02-20_11h23.24.317","experiment","2023.2.3","MacIntel",63.29113924,"61008174621af4fde89d5c7f","65d4ce4bfe04d08c28397785","65d4d1c012303518e653216a","",,,"",,,"",,,"",,,"",,,"",,,,,"",,,"","",,,,"",,,"","","",,,"","",,,,,"","","",,,,,,,,,,"",,,,,,,,,,,"","",,,,,"",,,"",,,,"",,,"","","",,,"","",,,,,"","","",,,,,,,,,"",,,"",,,"",,,"",,,,,,,"","",,,"",,,"",,,"",,,,,,,"",,,"","",,,,,,0,1,"",,,,,,,"",,,"","","",,,,,,,,"",,,,,"",,,,,"","","","",,,,,,"",,,0.478515625,2.6793,"space",4.4929,,100,4.5251,"purple_gnome","brown_gnomes",0,3,3,0,1,"",,,,,,,
"","","",,"","","","","","","",,"","","","","","","",,"","","","","","","",,"","","","","",575873,1,"2024-02-20_11h23.24.317","experiment","2023.2.3","MacIntel",63.29113924,"61008174621af4fde89d5c7f","65d4ce4bfe04d08c28397785","65d4d1c012303518e653216a","",,,"",,,"",,,"",,,"",,,"",,,,,"",,,"","",,,,"",,,"","","",,,"","",,,,,"","","",,,,,,,,,,"",,,,,,,,,,,"","",,,,,"",,,"",,,,"",,,"","","",,,"","",,,,,"","","",,,,,,,,,"",,,"",,,"",,,"",,,,,,,"","",,,"",,,"",,,"",,,,,,,"",,,"","",,,,,,0,3,"",,,,,,,"",,,"","","",,,,,,,,"",,,,,"",,,,,"","","","",,,,,,"",,,82.46395535,3.4782,"space",5.7984,,76.96027968,6.0771,"green_gnome","brown_gnomes",0,4,4,2,1,"",,,,,,,
"","","",,"","","","","","","",,"","","","","","","",,"","","","","","","",,"","","","","",575873,1,"2024-02-20_11h23.24.317","experiment","2023.2.3","MacIntel",63.29113924,"61008174621af4fde89d5c7f","65d4ce4bfe04d08c28397785","65d4d1c012303518e653216a","",,,"",,,"",,,"",,,"",,,"",,,,,"",,,"","",,,,"",,,"","","",,,"","",,,,,"","","",,,,,,,,,,"",,,,,,,,,,,"","",,,,,"",,,"",,,,"",,,"","","",,,"","",,,,,"","","",,,,,,,,,"",,,"",,,"",,,"",,,,,,,"","",,,"",,,"",,,"",,,,,,,"",,,"","",,,,,,2,3,"",,,,,,,"",,,"","","",,,,,,,,"",,,,,"",,,,,"","","","",,,,,,"",,,100,2.1424,"space",3.6607,,100,3.8415,"green_gnome","red_gnome",0,5,5,5,1,"",,,,,,,
"","","",,"","","","","","","",,"","","","","","","",,"","","","","","","",,"","","","","",575873,1,"2024-02-20_11h23.24.317","experiment","2023.2.3","MacIntel",63.29113924,"61008174621af4fde89d5c7f","65d4ce4bfe04d08c28397785","65d4d1c012303518e653216a","",,,"",,,"",,,"",,,"",,,"",,,,,"",,,"","",,,,"",,,"","","",,,"","",,,,,"","","",,,,,,,,,,"",,,,,,,,,,,"","",,,,,"",,,"",,,,"",,,"","","",,,"","",,,,,"","","",,,,,,,,,"",,,"",,,"",,,"",,,,,,,"","",,,"",,,"",,,"",,,,,,,"",,,"","",,,,,,,,"",,,,,,,"",,,"","","",,,,,,,,"",,,,,"",,,,,"","","","",,,,,,"",,,,,"",,,,,"","",,,,,,"space",13.7773,,0,0,0,0,1
