parent_PID,stim1_name,stim1_file,stim1_pair,stim1_deact_file,stim1_step2_name,stim1_step2_file,stim1_step2_basket_name,stim1_step2_basket_file,stim2_name,stim2_file,stim2_pair,stim2_deact_file,stim2_step2_name,stim2_step2_file,stim2_step2_basket_name,stim2_step2_basket_file,stim3_name,stim3_file,stim3_pair,stim3_deact_file,stim3_step2_name,stim3_step2_file,stim3_step2_basket_name,stim3_step2_basket_file,stim4_name,stim4_file,stim4_pair,stim4_deact_file,stim4_step2_name,stim4_step2_file,stim4_step2_basket_name,stim4_step2_basket_file,stim5_name,stim5_file,stim5_pair,stim5_deact_file,stim5_step2_name,stim5_step2_file,stim5_step2_basket_name,stim5_step2_basket_file,stim6_name,stim6_file,stim6_pair,stim6_deact_file,stim6_step2_name,stim6_step2_file,stim6_step2_basket_name,stim6_step2_basket_file,stim7_name,stim7_file,stim7_pair,stim7_deact_file,stim7_step2_name,stim7_step2_file,stim7_step2_basket_name,stim7_step2_basket_file,stim8_name,stim8_file,stim8_pair,stim8_deact_file,stim8_step2_name,stim8_step2_file,stim8_step2_basket_name,stim8_step2_basket_file,obs_AC_trials,participant,session,date,expName,psychopyVersion,OS,frameRate,PROLIFIC_PID,STUDY_ID,SESSION_ID,consent_keyresp.keys,consent_keyresp.rt,consent_keyresp.duration,global_instructions1_key.keys,global_instructions1_key.rt,global_instructions1_key.duration,global_instructions2_key.keys,global_instructions2_key.rt,global_instructions2_key.duration,global_instructions3_key.keys,global_instructions3_key.rt,global_instructions3_key.duration,global_instructions4_key.keys,global_instructions4_key.rt,global_instructions4_key.duration,stake_instructions_key.keys,stake_instructions_key.rt,stake_instructions_key.duration,global_instructions5_key.keys,global_instructions5_key.rt,global_instructions5_key.duration,p_fixation_2.started,p_fixation_2.stopped,p_step1_keyresp.keys,p_step1_keyresp.rt,p_step1_keyresp.duration,p_step2_keyresp.keys,p_step2_keyresp.rt,p_step2_keyresp.duration,p_step1_pair_index,p_step1_stimLeft_name,p_step1_stimLeft_pair,p_step1_stimLeft_reward,p_step1_stimLeft_step2Stim,p_step1_stimLeft_step2Basket,p_step1_stimRight_name,p_step1_stimRight_pair,p_step1_stimRight_reward,p_step1_stimRight_step2Stim,p_step1_stimRight_step2Basket,p_points,t_mult,p_fail_step1,p_fail_step2,p_reward_flag,p_step1_choice,p_step2_stim,p_step2_basket,p_score,practice.thisRepN,practice.thisTrialN,practice.thisN,practice.thisIndex,practice.ran,pair_index,p_mult,p_failStep2_keyresp.keys,p_failStep2_keyresp.rt,p_failStep2_keyresp.duration,p_failStep1_keyresp.keys,p_failStep1_keyresp.rt,p_failStep1_keyresp.duration,obs_instructions_1_key.keys,obs_instructions_1_key.rt,obs_instructions_1_key.duration,obs_instructions_2_key.keys,obs_instructions_2_key.rt,obs_instructions_2_key.duration,obs_attention_check_step1_keyresp.keys,obs_attention_check_step1_keyresp.rt,obs_attention_check_step1_keyresp.duration,obs_stim_left,obs_stim_right,obs_step1_key,obs_step1_RT,obs_step2_forest,obs_step2_basket,obs_step2_RT,obs_mult,obs_points,obs_score,obs_AC_flag,obs_AC_step1_flag,obs_AC_step2_flag,obs_AC_mistake_flag,obs_AC_no_answer_flag,obs_AC_step2_no_answer_flag,obs_AC_counter,good_answer,obs_attention_check_fail,obs.thisRepN,obs.thisTrialN,obs.thisN,obs.thisIndex,obs.ran,obs_attention_check_step2_keyresp.keys,obs_attention_check_step2_keyresp.rt,obs_attention_check_step2_keyresp.duration,t_instructions_keyresp.keys,t_instructions_keyresp.rt,t_instructions_keyresp.duration,t_instructions_2_keyresp.keys,t_instructions_2_keyresp.rt,t_instructions_2_keyresp.duration,t_step1_keyresp.keys,t_step1_keyresp.rt,t_step1_keyresp.duration,t_step2_keyresp.keys,t_step2_keyresp.rt,t_step2_keyresp.duration,t_step1_pair_index,t_step1_stimLeft_name,t_step1_stimLeft_pair,t_step1_stimLeft_reward,t_step1_stimLeft_step2Stim,t_step1_stimLeft_step2Basket,t_step1_stimRight_name,t_step1_stimRight_pair,t_step1_stimRight_reward,t_step1_stimRight_step2Stim,t_step1_stimRight_step2Basket,t_points,t_fail_step1,t_fail_step2,t_reward_flag,t_step1_choice,t_step2_stim,t_step2_basket,globa_score,t_data_stimWalk0,t_data_stimWalk1,trials.thisRepN,trials.thisTrialN,trials.thisN,trials.thisIndex,trials.ran,break_key_resp.keys,break_key_resp.rt,break_key_resp.duration,t_recording.started,t_recording.stopped,pl_global_instructions_keyresp.keys,pl_global_instructions_keyresp.rt,pl_global_instructions_keyresp.duration,pl1_instructions1_keyresp.keys,pl1_instructions1_keyresp.rt,pl1_instructions1_keyresp.duration,pl1_instructions2_keyresp.keys,pl1_instructions2_keyresp.rt,pl1_instructions2_keyresp.duration,pl1_instructions3_keyresp.keys,pl1_instructions3_keyresp.rt,pl1_instructions3_keyresp.duration,pl1_instructions4_keyresp.keys,pl1_instructions4_keyresp.rt,pl1_instructions4_keyresp.duration,pl1_task_lickert.response,pl1_task_lickert.rt,pl1_task_confidence_lickert.response,pl1_task_confidence_lickert.rt,pl1_task_keyresp.keys,pl1_task_keyresp.rt,pl1_task_keyresp.duration,pl1_task_stimLeft,pl1_task_stimRight,pl1_loop.thisRepN,pl1_loop.thisTrialN,pl1_loop.thisN,pl1_loop.thisIndex,pl1_loop.ran,stimLeft_index,stimRight_index,pl2_instructions_keyresp.keys,pl2_instructions_keyresp.rt,pl2_instructions_keyresp.duration,pl2_task_lickert.response,pl2_task_lickert.rt,pl2_task_confidence_lickert.response,pl2_task_confidence_lickert.rt,pl2_task_keyresp.keys,pl2_task_keyresp.rt,pl2_task_keyresp.duration,pl2_task_gnome,pl2_task_forest,pl2_task_basket,pl2_loop.thisRepN,pl2_loop.thisTrialN,pl2_loop.thisN,pl2_loop.thisIndex,pl2_loop.ran,gnome_id,forest_id,end_keyresp.keys,end_keyresp.rt,end_keyresp.duration,passed_attention_check_loop.thisRepN,passed_attention_check_loop.thisTrialN,passed_attention_check_loop.thisN,passed_attention_check_loop.thisIndex,passed_attention_check_loop.ran,show_trials.thisRepN,show_trials.thisTrialN,show_trials.thisN,show_trials.thisIndex,show_trials.ran
5b7ed69fe77c4e00011d745c,brown_gnome,ressources/step1_stim1.png,2,ressources/step1_tallGnome_deact.png,bright_forest,ressources/step2_background1.png,red_basket,ressources/step2_stim2.png,purple_gnome,ressources/step1_stim2.png,3,ressources/step1_tallGnome_deact.png,dark_forest,ressources/step2_background2.png,yellow_basket,ressources/step2_stim1.png,pink_gnome,ressources/step1_stim3.png,4,ressources/step1_tallGnome_deact.png,bright_forest,ressources/step2_background1.png,red_basket,ressources/step2_stim2.png,blue_gnome,ressources/step1_stim4.png,1,ressources/step1_tallGnome_deact.png,bright_forest,ressources/step2_background1.png,red_basket,ressources/step2_stim2.png,green_gnome,ressources/step1_stim5.png,3,ressources/step1_smallGnome_deact.png,bright_forest,ressources/step2_background1.png,red_basket,ressources/step2_stim2.png,red_gnome,ressources/step1_stim6.png,4,ressources/step1_smallGnome_deact.png,dark_forest,ressources/step2_background2.png,yellow_basket,ressources/step2_stim1.png,yellow_gnome,ressources/step1_stim7.png,1,ressources/step1_smallGnome_deact.png,dark_forest,ressources/step2_background2.png,yellow_basket,ressources/step2_stim1.png,orange_gnome,ressources/step1_stim8.png,2,ressources/step1_smallGnome_deact.png,dark_forest,ressources/step2_background2.png,yellow_basket,ressources/step2_stim1.png,"[14,0,47,24,36,27,35,23,42,55]",743837,001,2024-11-25_17h28.25.105,experiment,2023.2.3,Linux x86_64,60.24096386,5cadb168466544001a69832d,67446fa89e86ac01e4128331,6744b3803a686ff2558df228,,,,,,,,,,,,,,,,,,,,,,,,,,,,,,,,,,,,,,,,,,,,,,,,,,,,,,,,,,,,,,,,,,,,,,,,,,,,,,,,,,,,,,,,,,,,,,,,,,,,,,,,,,,,,,,,,,,,,,,,,,,,,,,,,,,,,,,,,,,,,,,,,,,,,,,,,,,,,,,,,,,,,,,,,,,,,,,,,,,,,,,,,,,,,,,,,,,,,,,,,,,,,
,,,,,,,,,,,,,,,,,,,,,,,,,,,,,,,,,,,,,,,,,,,,,,,,,,,,,,,,,,,,,,,,,,743837,001,2024-11-25_17h28.25.105,experiment,2023.2.3,Linux x86_64,60.24096386,5cadb168466544001a69832d,67446fa89e86ac01e4128331,6744b3803a686ff2558df228,y,10.5219,,,,,,,,,,,,,,,,,,,,,,,,,,,,,,,,,,,,,,,,,,,,,,,,,,,,,,,,,,,,,,,,,,,,,,,,,,,,,,,,,,,,,,,,,,,,,,,,,,,,,,,,,,,,,,,,,,,,,,,,,,,,,,,,,,,,,,,,,,,,,,,,,,,,,,,,,,,,,,,,,,,,,,,,,,,,,,,,,,,,,,,,,,,,,,,,,,,,,,,,,,,
,,,,,,,,,,,,,,,,,,,,,,,,,,,,,,,,,,,,,,,,,,,,,,,,,,,,,,,,,,,,,,,,,,743837,001,2024-11-25_17h28.25.105,experiment,2023.2.3,Linux x86_64,60.24096386,5cadb168466544001a69832d,67446fa89e86ac01e4128331,6744b3803a686ff2558df228,,,,space,12.7526,,space,18.2439,,space,12.0817,,space,19.854,,space,24.3919,,space,17.4605,,116.9056,117.415,k,1.0966,,space,0.8966,,1,p_pink_gnome,1,5,p_yellow_forest,p_blue_basket,p_green_gnome,1,0,p_green_forest,p_green_basket,0,1,0,0,1,p_green_gnome,p_green_forest,p_green_basket,0,0,0,0,0,1,1,1,,,,,,,,,,,,,,,,,,,,,,,,,,,,,,,,,,,,,,,,,,,,,,,,,,,,,,,,,,,,,,,,,,,,,,,,,,,,,,,,,,,,,,,,,,,,,,,,,,,,,,,,,,,,,,,,,,,,,,,,,,,,,,,,,,,,,,,,,,,,,,,,,,,,,
,,,,,,,,,,,,,,,,,,,,,,,,,,,,,,,,,,,,,,,,,,,,,,,,,,,,,,,,,,,,,,,,,,743837,001,2024-11-25_17h28.25.105,experiment,2023.2.3,Linux x86_64,60.24096386,5cadb168466544001a69832d,67446fa89e86ac01e4128331,6744b3803a686ff2558df228,,,,,,,,,,,,,,,,,,,,,,124.0452,124.547,s,0.5622,,space,0.649,,2,p_blue_gnome,2,0,p_green_forest,p_green_basket,p_orange_gnome,2,5,p_yellow_forest,p_blue_basket,0,5,0,0,1,p_blue_gnome,p_green_forest,p_green_basket,0,0,1,1,3,1,2,5,,,,,,,,,,,,,,,,,,,,,,,,,,,,,,,,,,,,,,,,,,,,,,,,,,,,,,,,,,,,,,,,,,,,,,,,,,,,,,,,,,,,,,,,,,,,,,,,,,,,,,,,,,,,,,,,,,,,,,,,,,,,,,,,,,,,,,,,,,,,,,,,,,,,,
,,,,,,,,,,,,,,,,,,,,,,,,,,,,,,,,,,,,,,,,,,,,,,,,,,,,,,,,,,,,,,,,,,743837,001,2024-11-25_17h28.25.105,experiment,2023.2.3,Linux x86_64,60.24096386,5cadb168466544001a69832d,67446fa89e86ac01e4128331,6744b3803a686ff2558df228,,,,,,,,,,,,,,,,,,,,,,131.1124,131.6136,s,0.4541,,space,0.462,,1,p_pink_gnome,1,5,p_yellow_forest,p_blue_basket,p_green_gnome,1,0,p_green_forest,p_green_basket,25,5,0,0,1,p_pink_gnome,p_yellow_forest,p_blue_basket,25,0,2,2,2,1,1,5,,,,,,,,,,,,,,,,,,,,,,,,,,,,,,,,,,,,,,,,,,,,,,,,,,,,,,,,,,,,,,,,,,,,,,,,,,,,,,,,,,,,,,,,,,,,,,,,,,,,,,,,,,,,,,,,,,,,,,,,,,,,,,,,,,,,,,,,,,,,,,,,,,,,,
,,,,,,,,,,,,,,,,,,,,,,,,,,,,,,,,,,,,,,,,,,,,,,,,,,,,,,,,,,,,,,,,,,743837,001,2024-11-25_17h28.25.105,experiment,2023.2.3,Linux x86_64,60.24096386,5cadb168466544001a69832d,67446fa89e86ac01e4128331,6744b3803a686ff2558df228,,,,,,,,,,,,,,,,,,,,,,138.1968,138.7124,s,0.7007,,,,,1,p_green_gnome,1,0,p_green_forest,p_green_basket,p_pink_gnome,1,5,p_yellow_forest,p_blue_basket,0,5,0,1,0,p_green_gnome,p_green_forest,p_green_basket,25,0,3,3,2,1,1,5,space,0.2035,,,,,,,,,,,,,,,,,,,,,,,,,,,,,,,,,,,,,,,,,,,,,,,,,,,,,,,,,,,,,,,,,,,,,,,,,,,,,,,,,,,,,,,,,,,,,,,,,,,,,,,,,,,,,,,,,,,,,,,,,,,,,,,,,,,,,,,,,,,,,,,,,,,
,,,,,,,,,,,,,,,,,,,,,,,,,,,,,,,,,,,,,,,,,,,,,,,,,,,,,,,,,,,,,,,,,,743837,001,2024-11-25_17h28.25.105,experiment,2023.2.3,Linux x86_64,60.24096386,5cadb168466544001a69832d,67446fa89e86ac01e4128331,6744b3803a686ff2558df228,,,,,,,,,,,,,,,,,,,,,,143.4941,143.9952,k,0.5966,,space,0.5904,,2,p_orange_gnome,2,6,p_yellow_forest,p_blue_basket,p_blue_gnome,2,1,p_green_forest,p_green_basket,1,1,0,0,1,p_blue_gnome,p_green_forest,p_green_basket,26,1,0,4,1,1,2,1,,,,,,,,,,,,,,,,,,,,,,,,,,,,,,,,,,,,,,,,,,,,,,,,,,,,,,,,,,,,,,,,,,,,,,,,,,,,,,,,,,,,,,,,,,,,,,,,,,,,,,,,,,,,,,,,,,,,,,,,,,,,,,,,,,,,,,,,,,,,,,,,,,,,,
,,,,,,,,,,,,,,,,,,,,,,,,,,,,,,,,,,,,,,,,,,,,,,,,,,,,,,,,,,,,,,,,,,743837,001,2024-11-25_17h28.25.105,experiment,2023.2.3,Linux x86_64,60.24096386,5cadb168466544001a69832d,67446fa89e86ac01e4128331,6744b3803a686ff2558df228,,,,,,,,,,,,,,,,,,,,,,150.5594,151.0608,s,0.464,,space,1.1109,,1,p_green_gnome,1,1,p_green_forest,p_green_basket,p_pink_gnome,1,6,p_yellow_forest,p_blue_basket,1,1,0,0,1,p_green_gnome,p_green_forest,p_green_basket,27,1,1,5,0,1,1,1,,,,,,,,,,,,,,,,,,,,,,,,,,,,,,,,,,,,,,,,,,,,,,,,,,,,,,,,,,,,,,,,,,,,,,,,,,,,,,,,,,,,,,,,,,,,,,,,,,,,,,,,,,,,,,,,,,,,,,,,,,,,,,,,,,,,,,,,,,,,,,,,,,,,,
,,,,,,,,,,,,,,,,,,,,,,,,,,,,,,,,,,,,,,,,,,,,,,,,,,,,,,,,,,,,,,,,,,743837,001,2024-11-25_17h28.25.105,experiment,2023.2.3,Linux x86_64,60.24096386,5cadb168466544001a69832d,67446fa89e86ac01e4128331,6744b3803a686ff2558df228,,,,,,,,,,,,,,,,,,,,,,157.6419,158.1435,s,1.2142,,space,0.4608,,2,p_blue_gnome,2,1,p_green_forest,p_green_basket,p_orange_gnome,2,6,p_yellow_forest,p_blue_basket,5,5,0,0,1,p_blue_gnome,p_green_forest,p_green_basket,32,1,2,6,3,1,2,5,,,,,,,,,,,,,,,,,,,,,,,,,,,,,,,,,,,,,,,,,,,,,,,,,,,,,,,,,,,,,,,,,,,,,,,,,,,,,,,,,,,,,,,,,,,,,,,,,,,,,,,,,,,,,,,,,,,,,,,,,,,,,,,,,,,,,,,,,,,,,,,,,,,,,
,,,,,,,,,,,,,,,,,,,,,,,,,,,,,,,,,,,,,,,,,,,,,,,,,,,,,,,,,,,,,,,,,,743837,001,2024-11-25_17h28.25.105,experiment,2023.2.3,Linux x86_64,60.24096386,5cadb168466544001a69832d,67446fa89e86ac01e4128331,6744b3803a686ff2558df228,,,,,,,,,,,,,,,,,,,,,,164.7278,165.2428,s,0.6795,,space,0.4117,,1,p_green_gnome,1,1,p_green_forest,p_green_basket,p_pink_gnome,1,6,p_yellow_forest,p_blue_basket,1,1,0,0,1,p_green_gnome,p_green_forest,p_green_basket,33,1,3,7,0,1,1,1,,,,,,,,,,,,,,,,,,,,,,,,,,,,,,,,,,,,,,,,,,,,,,,,,,,,,,,,,,,,,,,,,,,,,,,,,,,,,,,,,,,,,,,,,,,,,,,,,,,,,,,,,,,,,,,,,,,,,,,,,,,,,,,,,,,,,,,,,,,,,,,,,,,,,
,,,,,,,,,,,,,,,,,,,,,,,,,,,,,,,,,,,,,,,,,,,,,,,,,,,,,,,,,,,,,,,,,,743837,001,2024-11-25_17h28.25.105,experiment,2023.2.3,Linux x86_64,60.24096386,5cadb168466544001a69832d,67446fa89e86ac01e4128331,6744b3803a686ff2558df228,,,,,,,,,,,,,,,,,,,,,,171.8231,172.3254,s,1.0918,,space,0.3928,,2,p_blue_gnome,2,2,p_green_forest,p_green_basket,p_orange_gnome,2,7,p_yellow_forest,p_blue_basket,2,1,0,0,1,p_blue_gnome,p_green_forest,p_green_basket,35,2,0,8,1,1,2,1,,,,,,,,,,,,,,,,,,,,,,,,,,,,,,,,,,,,,,,,,,,,,,,,,,,,,,,,,,,,,,,,,,,,,,,,,,,,,,,,,,,,,,,,,,,,,,,,,,,,,,,,,,,,,,,,,,,,,,,,,,,,,,,,,,,,,,,,,,,,,,,,,,,,,
,,,,,,,,,,,,,,,,,,,,,,,,,,,,,,,,,,,,,,,,,,,,,,,,,,,,,,,,,,,,,,,,,,743837,001,2024-11-25_17h28.25.105,experiment,2023.2.3,Linux x86_64,60.24096386,5cadb168466544001a69832d,67446fa89e86ac01e4128331,6744b3803a686ff2558df228,,,,,,,,,,,,,,,,,,,,,,178.9097,179.4246,s,0.5926,,space,0.4733,,2,p_blue_gnome,2,2,p_green_forest,p_green_basket,p_orange_gnome,2,7,p_yellow_forest,p_blue_basket,2,1,0,0,1,p_blue_gnome,p_green_forest,p_green_basket,37,2,1,9,1,1,2,1,,,,,,,,,,,,,,,,,,,,,,,,,,,,,,,,,,,,,,,,,,,,,,,,,,,,,,,,,,,,,,,,,,,,,,,,,,,,,,,,,,,,,,,,,,,,,,,,,,,,,,,,,,,,,,,,,,,,,,,,,,,,,,,,,,,,,,,,,,,,,,,,,,,,,
,,,,,,,,,,,,,,,,,,,,,,,,,,,,,,,,,,,,,,,,,,,,,,,,,,,,,,,,,,,,,,,,,,743837,001,2024-11-25_17h28.25.105,experiment,2023.2.3,Linux x86_64,60.24096386,5cadb168466544001a69832d,67446fa89e86ac01e4128331,6744b3803a686ff2558df228,,,,,,,,,,,,,,,,,,,,,,186.0063,186.5074,,,,,,,1,p_pink_gnome,1,7,p_yellow_forest,p_blue_basket,p_green_gnome,1,2,p_green_forest,p_green_basket,0,1,1,0,0,p_blue_gnome,p_green_forest,p_green_basket,37,2,2,10,0,1,1,1,,,,space,2.1933,,,,,,,,,,,,,,,,,,,,,,,,,,,,,,,,,,,,,,,,,,,,,,,,,,,,,,,,,,,,,,,,,,,,,,,,,,,,,,,,,,,,,,,,,,,,,,,,,,,,,,,,,,,,,,,,,,,,,,,,,,,,,,,,,,,,,,,,,,,,,,,,
,,,,,,,,,,,,,,,,,,,,,,,,,,,,,,,,,,,,,,,,,,,,,,,,,,,,,,,,,,,,,,,,,,743837,001,2024-11-25_17h28.25.105,experiment,2023.2.3,Linux x86_64,60.24096386,5cadb168466544001a69832d,67446fa89e86ac01e4128331,6744b3803a686ff2558df228,,,,,,,,,,,,,,,,,,,,,,191.2549,191.7567,k,0.5434,,space,0.6914,,2,p_blue_gnome,2,2,p_green_forest,p_green_basket,p_orange_gnome,2,7,p_yellow_forest,p_blue_basket,7,1,0,0,1,p_orange_gnome,p_yellow_forest,p_blue_basket,44,2,3,11,1,1,2,1,,,,,,,,,,,,,,,,,,,,,,,,,,,,,,,,,,,,,,,,,,,,,,,,,,,,,,,,,,,,,,,,,,,,,,,,,,,,,,,,,,,,,,,,,,,,,,,,,,,,,,,,,,,,,,,,,,,,,,,,,,,,,,,,,,,,,,,,,,,,,,,,,,,,,
,,,,,,,,,,,,,,,,,,,,,,,,,,,,,,,,,,,,,,,,,,,,,,,,,,,,,,,,,,,,,,,,,,743837,001,2024-11-25_17h28.25.105,experiment,2023.2.3,Linux x86_64,60.24096386,5cadb168466544001a69832d,67446fa89e86ac01e4128331,6744b3803a686ff2558df228,,,,,,,,,,,,,,,,,,,,,,198.3362,198.8395,s,0.7958,,space,0.0441,,1,p_pink_gnome,1,8,p_yellow_forest,p_blue_basket,p_green_gnome,1,3,p_green_forest,p_green_basket,40,5,0,0,1,p_pink_gnome,p_yellow_forest,p_blue_basket,84,3,0,12,2,1,1,5,,,,,,,,,,,,,,,,,,,,,,,,,,,,,,,,,,,,,,,,,,,,,,,,,,,,,,,,,,,,,,,,,,,,,,,,,,,,,,,,,,,,,,,,,,,,,,,,,,,,,,,,,,,,,,,,,,,,,,,,,,,,,,,,,,,,,,,,,,,,,,,,,,,,,
,,,,,,,,,,,,,,,,,,,,,,,,,,,,,,,,,,,,,,,,,,,,,,,,,,,,,,,,,,,,,,,,,,743837,001,2024-11-25_17h28.25.105,experiment,2023.2.3,Linux x86_64,60.24096386,5cadb168466544001a69832d,67446fa89e86ac01e4128331,6744b3803a686ff2558df228,,,,,,,,,,,,,,,,,,,,,,205.4035,205.9053,s,0.4611,,space,0.3932,,1,p_pink_gnome,1,8,p_yellow_forest,p_blue_basket,p_green_gnome,1,3,p_green_forest,p_green_basket,40,5,0,0,1,p_pink_gnome,p_yellow_forest,p_blue_basket,124,3,1,13,2,1,1,5,,,,,,,,,,,,,,,,,,,,,,,,,,,,,,,,,,,,,,,,,,,,,,,,,,,,,,,,,,,,,,,,,,,,,,,,,,,,,,,,,,,,,,,,,,,,,,,,,,,,,,,,,,,,,,,,,,,,,,,,,,,,,,,,,,,,,,,,,,,,,,,,,,,,,
,,,,,,,,,,,,,,,,,,,,,,,,,,,,,,,,,,,,,,,,,,,,,,,,,,,,,,,,,,,,,,,,,,743837,001,2024-11-25_17h28.25.105,experiment,2023.2.3,Linux x86_64,60.24096386,5cadb168466544001a69832d,67446fa89e86ac01e4128331,6744b3803a686ff2558df228,,,,,,,,,,,,,,,,,,,,,,212.4688,212.9712,s,0.5122,,space,0.4131,,2,p_blue_gnome,2,3,p_green_forest,p_green_basket,p_orange_gnome,2,8,p_yellow_forest,p_blue_basket,3,1,0,0,1,p_blue_gnome,p_green_forest,p_green_basket,127,3,2,14,1,1,2,1,,,,,,,,,,,,,,,,,,,,,,,,,,,,,,,,,,,,,,,,,,,,,,,,,,,,,,,,,,,,,,,,,,,,,,,,,,,,,,,,,,,,,,,,,,,,,,,,,,,,,,,,,,,,,,,,,,,,,,,,,,,,,,,,,,,,,,,,,,,,,,,,,,,,,
,,,,,,,,,,,,,,,,,,,,,,,,,,,,,,,,,,,,,,,,,,,,,,,,,,,,,,,,,,,,,,,,,,743837,001,2024-11-25_17h28.25.105,experiment,2023.2.3,Linux x86_64,60.24096386,5cadb168466544001a69832d,67446fa89e86ac01e4128331,6744b3803a686ff2558df228,,,,,,,,,,,,,,,,,,,,,,219.5521,220.054,s,0.3994,,space,0.4631,,2,p_orange_gnome,2,8,p_yellow_forest,p_blue_basket,p_blue_gnome,2,3,p_green_forest,p_green_basket,40,5,0,0,1,p_orange_gnome,p_yellow_forest,p_blue_basket,167,3,3,15,3,1,2,5,,,,,,,,,,,,,,,,,,,,,,,,,,,,,,,,,,,,,,,,,,,,,,,,,,,,,,,,,,,,,,,,,,,,,,,,,,,,,,,,,,,,,,,,,,,,,,,,,,,,,,,,,,,,,,,,,,,,,,,,,,,,,,,,,,,,,,,,,,,,,,,,,,,,,
,,,,,,,,,,,,,,,,,,,,,,,,,,,,,,,,,,,,,,,,,,,,,,,,,,,,,,,,,,,,,,,,,,743837,001,2024-11-25_17h28.25.105,experiment,2023.2.3,Linux x86_64,60.24096386,5cadb168466544001a69832d,67446fa89e86ac01e4128331,6744b3803a686ff2558df228,,,,,,,,,,,,,,,,,,,,,,226.6354,227.1368,s,0.5136,,space,0.3085,,1,p_green_gnome,1,4,p_green_forest,p_green_basket,p_pink_gnome,1,9,p_yellow_forest,p_blue_basket,20,5,0,0,1,p_green_gnome,p_green_forest,p_green_basket,187,4,0,16,2,1,1,5,,,,,,,,,,,,,,,,,,,,,,,,,,,,,,,,,,,,,,,,,,,,,,,,,,,,,,,,,,,,,,,,,,,,,,,,,,,,,,,,,,,,,,,,,,,,,,,,,,,,,,,,,,,,,,,,,,,,,,,,,,,,,,,,,,,,,,,,,,,,,,,,,,,,,
,,,,,,,,,,,,,,,,,,,,,,,,,,,,,,,,,,,,,,,,,,,,,,,,,,,,,,,,,,,,,,,,,,743837,001,2024-11-25_17h28.25.105,experiment,2023.2.3,Linux x86_64,60.24096386,5cadb168466544001a69832d,67446fa89e86ac01e4128331,6744b3803a686ff2558df228,,,,,,,,,,,,,,,,,,,,,,233.7163,234.219,s,0.5938,,space,0.9923,,2,p_orange_gnome,2,9,p_yellow_forest,p_blue_basket,p_blue_gnome,2,4,p_green_forest,p_green_basket,45,5,0,0,1,p_orange_gnome,p_yellow_forest,p_blue_basket,232,4,1,17,3,1,2,5,,,,,,,,,,,,,,,,,,,,,,,,,,,,,,,,,,,,,,,,,,,,,,,,,,,,,,,,,,,,,,,,,,,,,,,,,,,,,,,,,,,,,,,,,,,,,,,,,,,,,,,,,,,,,,,,,,,,,,,,,,,,,,,,,,,,,,,,,,,,,,,,,,,,,
,,,,,,,,,,,,,,,,,,,,,,,,,,,,,,,,,,,,,,,,,,,,,,,,,,,,,,,,,,,,,,,,,,743837,001,2024-11-25_17h28.25.105,experiment,2023.2.3,Linux x86_64,60.24096386,5cadb168466544001a69832d,67446fa89e86ac01e4128331,6744b3803a686ff2558df228,,,,,,,,,,,,,,,,,,,,,,240.7855,241.3014,s,0.6611,,space,0.2092,,1,p_green_gnome,1,4,p_green_forest,p_green_basket,p_pink_gnome,1,9,p_yellow_forest,p_blue_basket,4,1,0,0,1,p_green_gnome,p_green_forest,p_green_basket,236,4,2,18,0,1,1,1,,,,,,,,,,,,,,,,,,,,,,,,,,,,,,,,,,,,,,,,,,,,,,,,,,,,,,,,,,,,,,,,,,,,,,,,,,,,,,,,,,,,,,,,,,,,,,,,,,,,,,,,,,,,,,,,,,,,,,,,,,,,,,,,,,,,,,,,,,,,,,,,,,,,,
,,,,,,,,,,,,,,,,,,,,,,,,,,,,,,,,,,,,,,,,,,,,,,,,,,,,,,,,,,,,,,,,,,743837,001,2024-11-25_17h28.25.105,experiment,2023.2.3,Linux x86_64,60.24096386,5cadb168466544001a69832d,67446fa89e86ac01e4128331,6744b3803a686ff2558df228,,,,,,,,,,,,,,,,,,,,,,247.8662,248.3676,s,0.5249,,space,0.8269,,2,p_blue_gnome,2,4,p_green_forest,p_green_basket,p_orange_gnome,2,9,p_yellow_forest,p_blue_basket,20,5,0,0,1,p_blue_gnome,p_green_forest,p_green_basket,256,4,3,19,3,1,2,5,,,,,,,,,,,,,,,,,,,,,,,,,,,,,,,,,,,,,,,,,,,,,,,,,,,,,,,,,,,,,,,,,,,,,,,,,,,,,,,,,,,,,,,,,,,,,,,,,,,,,,,,,,,,,,,,,,,,,,,,,,,,,,,,,,,,,,,,,,,,,,,,,,,,,
,,,,,,,,,,,,,,,,,,,,,,,,,,,,,,,,,,,,,,,,,,,,,,,,,,,,,,,,,,,,,,,,,,743837,001,2024-11-25_17h28.25.105,experiment,2023.2.3,Linux x86_64,60.24096386,5cadb168466544001a69832d,67446fa89e86ac01e4128331,6744b3803a686ff2558df228,,,,,,,,,,,,,,,,,,,,,,,,,,,,,,,,,,,,,,,,,,,,,,,,,,,,,,,,,,,,,,,space,2.0255,,space,26.8068,,k,1.1565,,ressources/step1_stim1.png,ressources/step1_stim8.png,k,0.8269,ressources/step2_background2.png,ressources/step2_stim1.png,0.5334,5,25,2448,1,1,0,0,0,0,1,k,0,0,0,0,0,1,,,,,,,,,,,,,,,,,,,,,,,,,,,,,,,,,,,,,,,,,,,,,,,,,,,,,,,,,,,,,,,,,,,,,,,,,,,,,,,,,,,,,,,,,,,,,,,,,,,,,,,,,,,,,,
,,,,,,,,,,,,,,,,,,,,,,,,,,,,,,,,,,,,,,,,,,,,,,,,,,,,,,,,,,,,,,,,,,743837,001,2024-11-25_17h28.25.105,experiment,2023.2.3,Linux x86_64,60.24096386,5cadb168466544001a69832d,67446fa89e86ac01e4128331,6744b3803a686ff2558df228,,,,,,,,,,,,,,,,,,,,,,,,,,,,,,,,,,,,,,,,,,,,,,,,,,,,,,,,,,,,,,,,,,,,,,,,ressources/step1_stim5.png,ressources/step1_stim2.png,s,0.7539,ressources/step2_background1.png,ressources/step2_stim2.png,0.3873,1,0,2448,0,0,0,0,0,0,1,s,0,1,0,1,0,1,,,,,,,,,,,,,,,,,,,,,,,,,,,,,,,,,,,,,,,,,,,,,,,,,,,,,,,,,,,,,,,,,,,,,,,,,,,,,,,,,,,,,,,,,,,,,,,,,,,,,,,,,,,,,,
,,,,,,,,,,,,,,,,,,,,,,,,,,,,,,,,,,,,,,,,,,,,,,,,,,,,,,,,,,,,,,,,,,743837,001,2024-11-25_17h28.25.105,experiment,2023.2.3,Linux x86_64,60.24096386,5cadb168466544001a69832d,67446fa89e86ac01e4128331,6744b3803a686ff2558df228,,,,,,,,,,,,,,,,,,,,,,,,,,,,,,,,,,,,,,,,,,,,,,,,,,,,,,,,,,,,,,,,,,,,,,,,ressources/step1_stim6.png,ressources/step1_stim3.png,s,0.7244,ressources/step2_background2.png,ressources/step2_stim1.png,0.5703,1,1,2449,0,0,0,0,0,0,1,s,0,2,0,2,0,1,,,,,,,,,,,,,,,,,,,,,,,,,,,,,,,,,,,,,,,,,,,,,,,,,,,,,,,,,,,,,,,,,,,,,,,,,,,,,,,,,,,,,,,,,,,,,,,,,,,,,,,,,,,,,,
,,,,,,,,,,,,,,,,,,,,,,,,,,,,,,,,,,,,,,,,,,,,,,,,,,,,,,,,,,,,,,,,,,743837,001,2024-11-25_17h28.25.105,experiment,2023.2.3,Linux x86_64,60.24096386,5cadb168466544001a69832d,67446fa89e86ac01e4128331,6744b3803a686ff2558df228,,,,,,,,,,,,,,,,,,,,,,,,,,,,,,,,,,,,,,,,,,,,,,,,,,,,,,,,,,,,,,,,,,,,,,,,ressources/step1_stim4.png,ressources/step1_stim7.png,k,0.6863,ressources/step2_background2.png,ressources/step2_stim1.png,0.5501,5,10,2459,0,0,0,0,0,0,1,k,0,3,0,3,0,1,,,,,,,,,,,,,,,,,,,,,,,,,,,,,,,,,,,,,,,,,,,,,,,,,,,,,,,,,,,,,,,,,,,,,,,,,,,,,,,,,,,,,,,,,,,,,,,,,,,,,,,,,,,,,,
,,,,,,,,,,,,,,,,,,,,,,,,,,,,,,,,,,,,,,,,,,,,,,,,,,,,,,,,,,,,,,,,,,743837,001,2024-11-25_17h28.25.105,experiment,2023.2.3,Linux x86_64,60.24096386,5cadb168466544001a69832d,67446fa89e86ac01e4128331,6744b3803a686ff2558df228,,,,,,,,,,,,,,,,,,,,,,,,,,,,,,,,,,,,,,,,,,,,,,,,,,,,,,,,,,,,,,,,,,,,,,,,ressources/step1_stim1.png,ressources/step1_stim8.png,k,0.7052,ressources/step2_background2.png,ressources/step2_stim1.png,0.3447,1,3,2462,0,0,0,0,0,0,1,s,0,4,0,4,0,1,,,,,,,,,,,,,,,,,,,,,,,,,,,,,,,,,,,,,,,,,,,,,,,,,,,,,,,,,,,,,,,,,,,,,,,,,,,,,,,,,,,,,,,,,,,,,,,,,,,,,,,,,,,,,,
,,,,,,,,,,,,,,,,,,,,,,,,,,,,,,,,,,,,,,,,,,,,,,,,,,,,,,,,,,,,,,,,,,743837,001,2024-11-25_17h28.25.105,experiment,2023.2.3,Linux x86_64,60.24096386,5cadb168466544001a69832d,67446fa89e86ac01e4128331,6744b3803a686ff2558df228,,,,,,,,,,,,,,,,,,,,,,,,,,,,,,,,,,,,,,,,,,,,,,,,,,,,,,,,,,,,,,,,,,,,,,,,ressources/step1_stim5.png,ressources/step1_stim2.png,s,0.9435,ressources/step2_background1.png,ressources/step2_stim2.png,0.3712,5,15,2477,0,0,0,0,0,0,1,k,0,5,0,5,0,1,,,,,,,,,,,,,,,,,,,,,,,,,,,,,,,,,,,,,,,,,,,,,,,,,,,,,,,,,,,,,,,,,,,,,,,,,,,,,,,,,,,,,,,,,,,,,,,,,,,,,,,,,,,,,,
,,,,,,,,,,,,,,,,,,,,,,,,,,,,,,,,,,,,,,,,,,,,,,,,,,,,,,,,,,,,,,,,,,743837,001,2024-11-25_17h28.25.105,experiment,2023.2.3,Linux x86_64,60.24096386,5cadb168466544001a69832d,67446fa89e86ac01e4128331,6744b3803a686ff2558df228,,,,,,,,,,,,,,,,,,,,,,,,,,,,,,,,,,,,,,,,,,,,,,,,,,,,,,,,,,,,,,,,,,,,,,,,ressources/step1_stim6.png,ressources/step1_stim3.png,s,0.7372,ressources/step2_background2.png,ressources/step2_stim1.png,0.3655,1,2,2479,0,0,0,0,0,0,1,s,0,6,0,6,0,1,,,,,,,,,,,,,,,,,,,,,,,,,,,,,,,,,,,,,,,,,,,,,,,,,,,,,,,,,,,,,,,,,,,,,,,,,,,,,,,,,,,,,,,,,,,,,,,,,,,,,,,,,,,,,,
,,,,,,,,,,,,,,,,,,,,,,,,,,,,,,,,,,,,,,,,,,,,,,,,,,,,,,,,,,,,,,,,,,743837,001,2024-11-25_17h28.25.105,experiment,2023.2.3,Linux x86_64,60.24096386,5cadb168466544001a69832d,67446fa89e86ac01e4128331,6744b3803a686ff2558df228,,,,,,,,,,,,,,,,,,,,,,,,,,,,,,,,,,,,,,,,,,,,,,,,,,,,,,,,,,,,,,,,,,,,,,,,ressources/step1_stim3.png,ressources/step1_stim6.png,k,0.6091,ressources/step2_background2.png,ressources/step2_stim1.png,0.4668,1,1,2480,0,0,0,0,0,0,1,s,0,7,0,7,0,1,,,,,,,,,,,,,,,,,,,,,,,,,,,,,,,,,,,,,,,,,,,,,,,,,,,,,,,,,,,,,,,,,,,,,,,,,,,,,,,,,,,,,,,,,,,,,,,,,,,,,,,,,,,,,,
,,,,,,,,,,,,,,,,,,,,,,,,,,,,,,,,,,,,,,,,,,,,,,,,,,,,,,,,,,,,,,,,,,743837,001,2024-11-25_17h28.25.105,experiment,2023.2.3,Linux x86_64,60.24096386,5cadb168466544001a69832d,67446fa89e86ac01e4128331,6744b3803a686ff2558df228,,,,,,,,,,,,,,,,,,,,,,,,,,,,,,,,,,,,,,,,,,,,,,,,,,,,,,,,,,,,,,,,,,,,,,,,ressources/step1_stim1.png,ressources/step1_stim8.png,k,0.6433,ressources/step2_background2.png,ressources/step2_stim1.png,0.4193,1,4,2484,0,0,0,0,0,0,1,s,0,8,0,8,0,1,,,,,,,,,,,,,,,,,,,,,,,,,,,,,,,,,,,,,,,,,,,,,,,,,,,,,,,,,,,,,,,,,,,,,,,,,,,,,,,,,,,,,,,,,,,,,,,,,,,,,,,,,,,,,,
,,,,,,,,,,,,,,,,,,,,,,,,,,,,,,,,,,,,,,,,,,,,,,,,,,,,,,,,,,,,,,,,,,743837,001,2024-11-25_17h28.25.105,experiment,2023.2.3,Linux x86_64,60.24096386,5cadb168466544001a69832d,67446fa89e86ac01e4128331,6744b3803a686ff2558df228,,,,,,,,,,,,,,,,,,,,,,,,,,,,,,,,,,,,,,,,,,,,,,,,,,,,,,,,,,,,,,,,,,,,,,,,ressources/step1_stim3.png,ressources/step1_stim6.png,k,0.8552,ressources/step2_background2.png,ressources/step2_stim1.png,0.3437,5,30,2514,0,0,0,0,0,0,1,k,0,9,0,9,0,1,,,,,,,,,,,,,,,,,,,,,,,,,,,,,,,,,,,,,,,,,,,,,,,,,,,,,,,,,,,,,,,,,,,,,,,,,,,,,,,,,,,,,,,,,,,,,,,,,,,,,,,,,,,,,,
,,,,,,,,,,,,,,,,,,,,,,,,,,,,,,,,,,,,,,,,,,,,,,,,,,,,,,,,,,,,,,,,,,743837,001,2024-11-25_17h28.25.105,experiment,2023.2.3,Linux x86_64,60.24096386,5cadb168466544001a69832d,67446fa89e86ac01e4128331,6744b3803a686ff2558df228,,,,,,,,,,,,,,,,,,,,,,,,,,,,,,,,,,,,,,,,,,,,,,,,,,,,,,,,,,,,,,,,,,,,,,,,ressources/step1_stim4.png,ressources/step1_stim7.png,k,1.1701,ressources/step2_background2.png,ressources/step2_stim1.png,0.3279,1,6,2520,0,0,0,0,0,0,1,k,0,10,0,10,0,1,,,,,,,,,,,,,,,,,,,,,,,,,,,,,,,,,,,,,,,,,,,,,,,,,,,,,,,,,,,,,,,,,,,,,,,,,,,,,,,,,,,,,,,,,,,,,,,,,,,,,,,,,,,,,,
,,,,,,,,,,,,,,,,,,,,,,,,,,,,,,,,,,,,,,,,,,,,,,,,,,,,,,,,,,,,,,,,,,743837,001,2024-11-25_17h28.25.105,experiment,2023.2.3,Linux x86_64,60.24096386,5cadb168466544001a69832d,67446fa89e86ac01e4128331,6744b3803a686ff2558df228,,,,,,,,,,,,,,,,,,,,,,,,,,,,,,,,,,,,,,,,,,,,,,,,,,,,,,,,,,,,,,,,,,,,,,,,ressources/step1_stim3.png,ressources/step1_stim6.png,k,1.1034,ressources/step2_background2.png,ressources/step2_stim1.png,0.3887,5,20,2540,0,0,0,0,0,0,1,k,0,11,0,11,0,1,,,,,,,,,,,,,,,,,,,,,,,,,,,,,,,,,,,,,,,,,,,,,,,,,,,,,,,,,,,,,,,,,,,,,,,,,,,,,,,,,,,,,,,,,,,,,,,,,,,,,,,,,,,,,,
,,,,,,,,,,,,,,,,,,,,,,,,,,,,,,,,,,,,,,,,,,,,,,,,,,,,,,,,,,,,,,,,,,743837,001,2024-11-25_17h28.25.105,experiment,2023.2.3,Linux x86_64,60.24096386,5cadb168466544001a69832d,67446fa89e86ac01e4128331,6744b3803a686ff2558df228,,,,,,,,,,,,,,,,,,,,,,,,,,,,,,,,,,,,,,,,,,,,,,,,,,,,,,,,,,,,,,,,,,,,,,,,ressources/step1_stim3.png,ressources/step1_stim6.png,k,1.0214,ressources/step2_background2.png,ressources/step2_stim1.png,0.3085,5,15,2555,0,0,0,0,0,0,1,k,0,12,0,12,0,1,,,,,,,,,,,,,,,,,,,,,,,,,,,,,,,,,,,,,,,,,,,,,,,,,,,,,,,,,,,,,,,,,,,,,,,,,,,,,,,,,,,,,,,,,,,,,,,,,,,,,,,,,,,,,,
,,,,,,,,,,,,,,,,,,,,,,,,,,,,,,,,,,,,,,,,,,,,,,,,,,,,,,,,,,,,,,,,,,743837,001,2024-11-25_17h28.25.105,experiment,2023.2.3,Linux x86_64,60.24096386,5cadb168466544001a69832d,67446fa89e86ac01e4128331,6744b3803a686ff2558df228,,,,,,,,,,,,,,,,,,,,,,,,,,,,,,,,,,,,,,,,,,,,,,,,,,,,,,,,,,,,,,,,,,,,,,,,ressources/step1_stim3.png,ressources/step1_stim6.png,k,0.9425,ressources/step2_background2.png,ressources/step2_stim1.png,0.3994,1,6,2561,0,0,0,0,0,0,1,k,0,13,0,13,0,1,,,,,,,,,,,,,,,,,,,,,,,,,,,,,,,,,,,,,,,,,,,,,,,,,,,,,,,,,,,,,,,,,,,,,,,,,,,,,,,,,,,,,,,,,,,,,,,,,,,,,,,,,,,,,,
,,,,,,,,,,,,,,,,,,,,,,,,,,,,,,,,,,,,,,,,,,,,,,,,,,,,,,,,,,,,,,,,,,743837,001,2024-11-25_17h28.25.105,experiment,2023.2.3,Linux x86_64,60.24096386,5cadb168466544001a69832d,67446fa89e86ac01e4128331,6744b3803a686ff2558df228,,,,,,,,,,,,,,,,,,,,,,,,,,,,,,,,,,,,,,,,,,,,,,,,,,,,,,,,,,,,,,,,,,,,,s,2.9811,,ressources/step1_stim7.png,ressources/step1_stim4.png,s,0.8081,ressources/step2_background2.png,ressources/step2_stim1.png,0.4706,1,8,2569,1,1,0,0,0,0,2,k,0,14,0,14,0,1,,,,,,,,,,,,,,,,,,,,,,,,,,,,,,,,,,,,,,,,,,,,,,,,,,,,,,,,,,,,,,,,,,,,,,,,,,,,,,,,,,,,,,,,,,,,,,,,,,,,,,,,,,,,,,
,,,,,,,,,,,,,,,,,,,,,,,,,,,,,,,,,,,,,,,,,,,,,,,,,,,,,,,,,,,,,,,,,,743837,001,2024-11-25_17h28.25.105,experiment,2023.2.3,Linux x86_64,60.24096386,5cadb168466544001a69832d,67446fa89e86ac01e4128331,6744b3803a686ff2558df228,,,,,,,,,,,,,,,,,,,,,,,,,,,,,,,,,,,,,,,,,,,,,,,,,,,,,,,,,,,,,,,,,,,,,,,,ressources/step1_stim3.png,ressources/step1_stim6.png,k,0.5709,ressources/step2_background2.png,ressources/step2_stim1.png,0.4049,1,7,2576,0,0,0,0,0,0,2,k,0,15,0,15,0,1,,,,,,,,,,,,,,,,,,,,,,,,,,,,,,,,,,,,,,,,,,,,,,,,,,,,,,,,,,,,,,,,,,,,,,,,,,,,,,,,,,,,,,,,,,,,,,,,,,,,,,,,,,,,,,
,,,,,,,,,,,,,,,,,,,,,,,,,,,,,,,,,,,,,,,,,,,,,,,,,,,,,,,,,,,,,,,,,,743837,001,2024-11-25_17h28.25.105,experiment,2023.2.3,Linux x86_64,60.24096386,5cadb168466544001a69832d,67446fa89e86ac01e4128331,6744b3803a686ff2558df228,,,,,,,,,,,,,,,,,,,,,,,,,,,,,,,,,,,,,,,,,,,,,,,,,,,,,,,,,,,,,,,,,,,,,,,,ressources/step1_stim5.png,ressources/step1_stim2.png,s,0.8701,ressources/step2_background1.png,ressources/step2_stim2.png,0.3682,5,0,2576,0,0,0,0,0,0,2,s,0,16,0,16,0,1,,,,,,,,,,,,,,,,,,,,,,,,,,,,,,,,,,,,,,,,,,,,,,,,,,,,,,,,,,,,,,,,,,,,,,,,,,,,,,,,,,,,,,,,,,,,,,,,,,,,,,,,,,,,,,
,,,,,,,,,,,,,,,,,,,,,,,,,,,,,,,,,,,,,,,,,,,,,,,,,,,,,,,,,,,,,,,,,,743837,001,2024-11-25_17h28.25.105,experiment,2023.2.3,Linux x86_64,60.24096386,5cadb168466544001a69832d,67446fa89e86ac01e4128331,6744b3803a686ff2558df228,,,,,,,,,,,,,,,,,,,,,,,,,,,,,,,,,,,,,,,,,,,,,,,,,,,,,,,,,,,,,,,,,,,,,,,,ressources/step1_stim4.png,ressources/step1_stim7.png,k,0.9272,ressources/step2_background2.png,ressources/step2_stim1.png,0.4025,1,7,2583,0,0,0,0,0,0,2,k,0,17,0,17,0,1,,,,,,,,,,,,,,,,,,,,,,,,,,,,,,,,,,,,,,,,,,,,,,,,,,,,,,,,,,,,,,,,,,,,,,,,,,,,,,,,,,,,,,,,,,,,,,,,,,,,,,,,,,,,,,
,,,,,,,,,,,,,,,,,,,,,,,,,,,,,,,,,,,,,,,,,,,,,,,,,,,,,,,,,,,,,,,,,,743837,001,2024-11-25_17h28.25.105,experiment,2023.2.3,Linux x86_64,60.24096386,5cadb168466544001a69832d,67446fa89e86ac01e4128331,6744b3803a686ff2558df228,,,,,,,,,,,,,,,,,,,,,,,,,,,,,,,,,,,,,,,,,,,,,,,,,,,,,,,,,,,,,,,,,,,,,,,,ressources/step1_stim1.png,ressources/step1_stim8.png,k,0.9219,ressources/step2_background2.png,ressources/step2_stim1.png,0.4068,5,40,2623,0,0,0,0,0,0,2,k,0,18,0,18,0,1,,,,,,,,,,,,,,,,,,,,,,,,,,,,,,,,,,,,,,,,,,,,,,,,,,,,,,,,,,,,,,,,,,,,,,,,,,,,,,,,,,,,,,,,,,,,,,,,,,,,,,,,,,,,,,
,,,,,,,,,,,,,,,,,,,,,,,,,,,,,,,,,,,,,,,,,,,,,,,,,,,,,,,,,,,,,,,,,,743837,001,2024-11-25_17h28.25.105,experiment,2023.2.3,Linux x86_64,60.24096386,5cadb168466544001a69832d,67446fa89e86ac01e4128331,6744b3803a686ff2558df228,,,,,,,,,,,,,,,,,,,,,,,,,,,,,,,,,,,,,,,,,,,,,,,,,,,,,,,,,,,,,,,,,,,,,,,,ressources/step1_stim1.png,ressources/step1_stim8.png,k,1.1542,ressources/step2_background2.png,ressources/step2_stim1.png,0.504,1,4,2627,0,0,0,0,0,0,2,s,0,19,0,19,0,1,,,,,,,,,,,,,,,,,,,,,,,,,,,,,,,,,,,,,,,,,,,,,,,,,,,,,,,,,,,,,,,,,,,,,,,,,,,,,,,,,,,,,,,,,,,,,,,,,,,,,,,,,,,,,,
,,,,,,,,,,,,,,,,,,,,,,,,,,,,,,,,,,,,,,,,,,,,,,,,,,,,,,,,,,,,,,,,,,743837,001,2024-11-25_17h28.25.105,experiment,2023.2.3,Linux x86_64,60.24096386,5cadb168466544001a69832d,67446fa89e86ac01e4128331,6744b3803a686ff2558df228,,,,,,,,,,,,,,,,,,,,,,,,,,,,,,,,,,,,,,,,,,,,,,,,,,,,,,,,,,,,,,,,,,,,,,,,ressources/step1_stim5.png,ressources/step1_stim2.png,s,0.7629,ressources/step2_background1.png,ressources/step2_stim2.png,0.3781,1,7,2634,0,0,0,0,0,0,2,k,0,20,0,20,0,1,,,,,,,,,,,,,,,,,,,,,,,,,,,,,,,,,,,,,,,,,,,,,,,,,,,,,,,,,,,,,,,,,,,,,,,,,,,,,,,,,,,,,,,,,,,,,,,,,,,,,,,,,,,,,,
,,,,,,,,,,,,,,,,,,,,,,,,,,,,,,,,,,,,,,,,,,,,,,,,,,,,,,,,,,,,,,,,,,743837,001,2024-11-25_17h28.25.105,experiment,2023.2.3,Linux x86_64,60.24096386,5cadb168466544001a69832d,67446fa89e86ac01e4128331,6744b3803a686ff2558df228,,,,,,,,,,,,,,,,,,,,,,,,,,,,,,,,,,,,,,,,,,,,,,,,,,,,,,,,,,,,,,,,,,,,,,,,ressources/step1_stim4.png,ressources/step1_stim7.png,k,0.6242,ressources/step2_background2.png,ressources/step2_stim1.png,0.3927,5,10,2644,0,0,0,0,0,0,2,k,0,21,0,21,0,1,,,,,,,,,,,,,,,,,,,,,,,,,,,,,,,,,,,,,,,,,,,,,,,,,,,,,,,,,,,,,,,,,,,,,,,,,,,,,,,,,,,,,,,,,,,,,,,,,,,,,,,,,,,,,,
,,,,,,,,,,,,,,,,,,,,,,,,,,,,,,,,,,,,,,,,,,,,,,,,,,,,,,,,,,,,,,,,,,743837,001,2024-11-25_17h28.25.105,experiment,2023.2.3,Linux x86_64,60.24096386,5cadb168466544001a69832d,67446fa89e86ac01e4128331,6744b3803a686ff2558df228,,,,,,,,,,,,,,,,,,,,,,,,,,,,,,,,,,,,,,,,,,,,,,,,,,,,,,,,,,,,,,,,,,,,,,,,ressources/step1_stim1.png,ressources/step1_stim8.png,k,0.6616,ressources/step2_background2.png,ressources/step2_stim1.png,0.3812,1,0,2644,0,0,0,0,0,0,2,s,0,22,0,22,0,1,,,,,,,,,,,,,,,,,,,,,,,,,,,,,,,,,,,,,,,,,,,,,,,,,,,,,,,,,,,,,,,,,,,,,,,,,,,,,,,,,,,,,,,,,,,,,,,,,,,,,,,,,,,,,,
,,,,,,,,,,,,,,,,,,,,,,,,,,,,,,,,,,,,,,,,,,,,,,,,,,,,,,,,,,,,,,,,,,743837,001,2024-11-25_17h28.25.105,experiment,2023.2.3,Linux x86_64,60.24096386,5cadb168466544001a69832d,67446fa89e86ac01e4128331,6744b3803a686ff2558df228,,,,,,,,,,,,,,,,,,,,,,,,,,,,,,,,,,,,,,,,,,,,,,,,,,,,,,,,,,,,,,,,,,,,,,,,ressources/step1_stim5.png,ressources/step1_stim2.png,s,1.1088,ressources/step2_background1.png,ressources/step2_stim2.png,0.4444,5,15,2659,1,0,1,0,0,1,3,k,1,23,0,23,0,1,,,,,,,,,,,,,,,,,,,,,,,,,,,,,,,,,,,,,,,,,,,,,,,,,,,,,,,,,,,,,,,,,,,,,,,,,,,,,,,,,,,,,,,,,,,,,,,,,,,,,,,,,,,,,,
,,,,,,,,,,,,,,,,,,,,,,,,,,,,,,,,,,,,,,,,,,,,,,,,,,,,,,,,,,,,,,,,,,743837,001,2024-11-25_17h28.25.105,experiment,2023.2.3,Linux x86_64,60.24096386,5cadb168466544001a69832d,67446fa89e86ac01e4128331,6744b3803a686ff2558df228,,,,,,,,,,,,,,,,,,,,,,,,,,,,,,,,,,,,,,,,,,,,,,,,,,,,,,,,,,,,,,,,,,,,,s,2.1259,,ressources/step1_stim5.png,ressources/step1_stim2.png,s,1.0122,ressources/step2_background1.png,ressources/step2_stim2.png,0.3586,1,4,2663,1,1,0,0,0,0,4,s,1,24,0,24,0,1,,,,,,,,,,,,,,,,,,,,,,,,,,,,,,,,,,,,,,,,,,,,,,,,,,,,,,,,,,,,,,,,,,,,,,,,,,,,,,,,,,,,,,,,,,,,,,,,,,,,,,,,,,,,,,
,,,,,,,,,,,,,,,,,,,,,,,,,,,,,,,,,,,,,,,,,,,,,,,,,,,,,,,,,,,,,,,,,,743837,001,2024-11-25_17h28.25.105,experiment,2023.2.3,Linux x86_64,60.24096386,5cadb168466544001a69832d,67446fa89e86ac01e4128331,6744b3803a686ff2558df228,,,,,,,,,,,,,,,,,,,,,,,,,,,,,,,,,,,,,,,,,,,,,,,,,,,,,,,,,,,,,,,,,,,,,,,,ressources/step1_stim3.png,ressources/step1_stim6.png,k,0.9804,ressources/step2_background2.png,ressources/step2_stim1.png,0.4188,1,1,2664,0,0,0,0,0,0,4,s,1,25,0,25,0,1,,,,,,,,,,,,,,,,,,,,,,,,,,,,,,,,,,,,,,,,,,,,,,,,,,,,,,,,,,,,,,,,,,,,,,,,,,,,,,,,,,,,,,,,,,,,,,,,,,,,,,,,,,,,,,
,,,,,,,,,,,,,,,,,,,,,,,,,,,,,,,,,,,,,,,,,,,,,,,,,,,,,,,,,,,,,,,,,,743837,001,2024-11-25_17h28.25.105,experiment,2023.2.3,Linux x86_64,60.24096386,5cadb168466544001a69832d,67446fa89e86ac01e4128331,6744b3803a686ff2558df228,,,,,,,,,,,,,,,,,,,,,,,,,,,,,,,,,,,,,,,,,,,,,,,,,,,,,,,,,,,,,,,,,,,,,,,,ressources/step1_stim4.png,ressources/step1_stim7.png,k,0.9926,ressources/step2_background2.png,ressources/step2_stim1.png,0.3582,1,1,2665,0,0,0,0,0,0,4,s,1,26,0,26,0,1,,,,,,,,,,,,,,,,,,,,,,,,,,,,,,,,,,,,,,,,,,,,,,,,,,,,,,,,,,,,,,,,,,,,,,,,,,,,,,,,,,,,,,,,,,,,,,,,,,,,,,,,,,,,,,
,,,,,,,,,,,,,,,,,,,,,,,,,,,,,,,,,,,,,,,,,,,,,,,,,,,,,,,,,,,,,,,,,,743837,001,2024-11-25_17h28.25.105,experiment,2023.2.3,Linux x86_64,60.24096386,5cadb168466544001a69832d,67446fa89e86ac01e4128331,6744b3803a686ff2558df228,,,,,,,,,,,,,,,,,,,,,,,,,,,,,,,,,,,,,,,,,,,,,,,,,,,,,,,,,,,,,,,,,,,,,,,,ressources/step1_stim4.png,ressources/step1_stim7.png,k,0.8038,ressources/step2_background2.png,ressources/step2_stim1.png,0.4187,1,1,2666,1,0,1,0,0,0,5,s,1,27,0,27,0,1,s,4.6915,,,,,,,,,,,,,,,,,,,,,,,,,,,,,,,,,,,,,,,,,,,,,,,,,,,,,,,,,,,,,,,,,,,,,,,,,,,,,,,,,,,,,,,,,,,,,,,,,,,,,,,,,,,,
,,,,,,,,,,,,,,,,,,,,,,,,,,,,,,,,,,,,,,,,,,,,,,,,,,,,,,,,,,,,,,,,,,743837,001,2024-11-25_17h28.25.105,experiment,2023.2.3,Linux x86_64,60.24096386,5cadb168466544001a69832d,67446fa89e86ac01e4128331,6744b3803a686ff2558df228,,,,,,,,,,,,,,,,,,,,,,,,,,,,,,,,,,,,,,,,,,,,,,,,,,,,,,,,,,,,,,,,,,,,,,,,ressources/step1_stim3.png,ressources/step1_stim6.png,k,0.8343,ressources/step2_background2.png,ressources/step2_stim1.png,0.3558,5,5,2671,0,0,0,0,0,0,5,s,1,28,0,28,0,1,,,,,,,,,,,,,,,,,,,,,,,,,,,,,,,,,,,,,,,,,,,,,,,,,,,,,,,,,,,,,,,,,,,,,,,,,,,,,,,,,,,,,,,,,,,,,,,,,,,,,,,,,,,,,,
,,,,,,,,,,,,,,,,,,,,,,,,,,,,,,,,,,,,,,,,,,,,,,,,,,,,,,,,,,,,,,,,,,743837,001,2024-11-25_17h28.25.105,experiment,2023.2.3,Linux x86_64,60.24096386,5cadb168466544001a69832d,67446fa89e86ac01e4128331,6744b3803a686ff2558df228,,,,,,,,,,,,,,,,,,,,,,,,,,,,,,,,,,,,,,,,,,,,,,,,,,,,,,,,,,,,,,,,,,,,,,,,ressources/step1_stim2.png,ressources/step1_stim5.png,k,1.1085,ressources/step2_background1.png,ressources/step2_stim2.png,0.5919,1,9,2680,0,0,0,0,0,0,5,k,1,29,0,29,0,1,,,,,,,,,,,,,,,,,,,,,,,,,,,,,,,,,,,,,,,,,,,,,,,,,,,,,,,,,,,,,,,,,,,,,,,,,,,,,,,,,,,,,,,,,,,,,,,,,,,,,,,,,,,,,,
,,,,,,,,,,,,,,,,,,,,,,,,,,,,,,,,,,,,,,,,,,,,,,,,,,,,,,,,,,,,,,,,,,743837,001,2024-11-25_17h28.25.105,experiment,2023.2.3,Linux x86_64,60.24096386,5cadb168466544001a69832d,67446fa89e86ac01e4128331,6744b3803a686ff2558df228,,,,,,,,,,,,,,,,,,,,,,,,,,,,,,,,,,,,,,,,,,,,,,,,,,,,,,,,,,,,,,,,,,,,,,,,ressources/step1_stim1.png,ressources/step1_stim8.png,k,0.853,ressources/step2_background2.png,ressources/step2_stim1.png,0.3497,5,10,2690,0,0,0,0,0,0,5,k,1,30,0,30,0,1,,,,,,,,,,,,,,,,,,,,,,,,,,,,,,,,,,,,,,,,,,,,,,,,,,,,,,,,,,,,,,,,,,,,,,,,,,,,,,,,,,,,,,,,,,,,,,,,,,,,,,,,,,,,,,
,,,,,,,,,,,,,,,,,,,,,,,,,,,,,,,,,,,,,,,,,,,,,,,,,,,,,,,,,,,,,,,,,,743837,001,2024-11-25_17h28.25.105,experiment,2023.2.3,Linux x86_64,60.24096386,5cadb168466544001a69832d,67446fa89e86ac01e4128331,6744b3803a686ff2558df228,,,,,,,,,,,,,,,,,,,,,,,,,,,,,,,,,,,,,,,,,,,,,,,,,,,,,,,,,,,,,,,,,,,,,,,,ressources/step1_stim3.png,ressources/step1_stim6.png,k,0.8921,ressources/step2_background2.png,ressources/step2_stim1.png,0.5085,5,10,2700,0,0,0,0,0,0,5,k,1,31,0,31,0,1,,,,,,,,,,,,,,,,,,,,,,,,,,,,,,,,,,,,,,,,,,,,,,,,,,,,,,,,,,,,,,,,,,,,,,,,,,,,,,,,,,,,,,,,,,,,,,,,,,,,,,,,,,,,,,
,,,,,,,,,,,,,,,,,,,,,,,,,,,,,,,,,,,,,,,,,,,,,,,,,,,,,,,,,,,,,,,,,,743837,001,2024-11-25_17h28.25.105,experiment,2023.2.3,Linux x86_64,60.24096386,5cadb168466544001a69832d,67446fa89e86ac01e4128331,6744b3803a686ff2558df228,,,,,,,,,,,,,,,,,,,,,,,,,,,,,,,,,,,,,,,,,,,,,,,,,,,,,,,,,,,,,,,,,,,,,,,,ressources/step1_stim1.png,ressources/step1_stim8.png,k,0.7427,ressources/step2_background2.png,ressources/step2_stim1.png,0.4657,5,20,2720,0,0,0,0,0,0,5,k,1,32,0,32,0,1,,,,,,,,,,,,,,,,,,,,,,,,,,,,,,,,,,,,,,,,,,,,,,,,,,,,,,,,,,,,,,,,,,,,,,,,,,,,,,,,,,,,,,,,,,,,,,,,,,,,,,,,,,,,,,
,,,,,,,,,,,,,,,,,,,,,,,,,,,,,,,,,,,,,,,,,,,,,,,,,,,,,,,,,,,,,,,,,,743837,001,2024-11-25_17h28.25.105,experiment,2023.2.3,Linux x86_64,60.24096386,5cadb168466544001a69832d,67446fa89e86ac01e4128331,6744b3803a686ff2558df228,,,,,,,,,,,,,,,,,,,,,,,,,,,,,,,,,,,,,,,,,,,,,,,,,,,,,,,,,,,,,,,,,,,,,,,,ressources/step1_stim7.png,ressources/step1_stim4.png,s,0.9694,ressources/step2_background2.png,ressources/step2_stim1.png,0.3534,1,0,2720,0,0,0,0,0,0,5,s,1,33,0,33,0,1,,,,,,,,,,,,,,,,,,,,,,,,,,,,,,,,,,,,,,,,,,,,,,,,,,,,,,,,,,,,,,,,,,,,,,,,,,,,,,,,,,,,,,,,,,,,,,,,,,,,,,,,,,,,,,
,,,,,,,,,,,,,,,,,,,,,,,,,,,,,,,,,,,,,,,,,,,,,,,,,,,,,,,,,,,,,,,,,,743837,001,2024-11-25_17h28.25.105,experiment,2023.2.3,Linux x86_64,60.24096386,5cadb168466544001a69832d,67446fa89e86ac01e4128331,6744b3803a686ff2558df228,,,,,,,,,,,,,,,,,,,,,,,,,,,,,,,,,,,,,,,,,,,,,,,,,,,,,,,,,,,,,,,,,,,,,,,,ressources/step1_stim1.png,ressources/step1_stim8.png,k,0.9009,ressources/step2_background2.png,ressources/step2_stim1.png,0.29,1,3,2723,0,0,0,0,0,0,5,s,1,34,0,34,0,1,,,,,,,,,,,,,,,,,,,,,,,,,,,,,,,,,,,,,,,,,,,,,,,,,,,,,,,,,,,,,,,,,,,,,,,,,,,,,,,,,,,,,,,,,,,,,,,,,,,,,,,,,,,,,,
,,,,,,,,,,,,,,,,,,,,,,,,,,,,,,,,,,,,,,,,,,,,,,,,,,,,,,,,,,,,,,,,,,743837,001,2024-11-25_17h28.25.105,experiment,2023.2.3,Linux x86_64,60.24096386,5cadb168466544001a69832d,67446fa89e86ac01e4128331,6744b3803a686ff2558df228,,,,,,,,,,,,,,,,,,,,,,,,,,,,,,,,,,,,,,,,,,,,,,,,,,,,,,,,,,,,,,,,,,,,,,,,ressources/step1_stim5.png,ressources/step1_stim2.png,s,0.9874,ressources/step2_background1.png,ressources/step2_stim2.png,0.6576,5,40,2763,1,0,1,0,0,1,6,k,2,35,0,35,0,1,,,,,,,,,,,,,,,,,,,,,,,,,,,,,,,,,,,,,,,,,,,,,,,,,,,,,,,,,,,,,,,,,,,,,,,,,,,,,,,,,,,,,,,,,,,,,,,,,,,,,,,,,,,,,,
,,,,,,,,,,,,,,,,,,,,,,,,,,,,,,,,,,,,,,,,,,,,,,,,,,,,,,,,,,,,,,,,,,743837,001,2024-11-25_17h28.25.105,experiment,2023.2.3,Linux x86_64,60.24096386,5cadb168466544001a69832d,67446fa89e86ac01e4128331,6744b3803a686ff2558df228,,,,,,,,,,,,,,,,,,,,,,,,,,,,,,,,,,,,,,,,,,,,,,,,,,,,,,,,,,,,,,,,,,,,,k,1.9776,,ressources/step1_stim2.png,ressources/step1_stim5.png,k,0.8028,ressources/step2_background1.png,ressources/step2_stim2.png,0.6364,5,45,2808,1,1,0,0,0,0,7,k,2,36,0,36,0,1,,,,,,,,,,,,,,,,,,,,,,,,,,,,,,,,,,,,,,,,,,,,,,,,,,,,,,,,,,,,,,,,,,,,,,,,,,,,,,,,,,,,,,,,,,,,,,,,,,,,,,,,,,,,,,
,,,,,,,,,,,,,,,,,,,,,,,,,,,,,,,,,,,,,,,,,,,,,,,,,,,,,,,,,,,,,,,,,,743837,001,2024-11-25_17h28.25.105,experiment,2023.2.3,Linux x86_64,60.24096386,5cadb168466544001a69832d,67446fa89e86ac01e4128331,6744b3803a686ff2558df228,,,,,,,,,,,,,,,,,,,,,,,,,,,,,,,,,,,,,,,,,,,,,,,,,,,,,,,,,,,,,,,,,,,,,,,,ressources/step1_stim3.png,ressources/step1_stim6.png,k,0.7695,ressources/step2_background2.png,ressources/step2_stim1.png,0.4666,1,1,2809,0,0,0,0,0,0,7,s,2,37,0,37,0,1,,,,,,,,,,,,,,,,,,,,,,,,,,,,,,,,,,,,,,,,,,,,,,,,,,,,,,,,,,,,,,,,,,,,,,,,,,,,,,,,,,,,,,,,,,,,,,,,,,,,,,,,,,,,,,
,,,,,,,,,,,,,,,,,,,,,,,,,,,,,,,,,,,,,,,,,,,,,,,,,,,,,,,,,,,,,,,,,,743837,001,2024-11-25_17h28.25.105,experiment,2023.2.3,Linux x86_64,60.24096386,5cadb168466544001a69832d,67446fa89e86ac01e4128331,6744b3803a686ff2558df228,,,,,,,,,,,,,,,,,,,,,,,,,,,,,,,,,,,,,,,,,,,,,,,,,,,,,,,,,,,,,,,,,,,,,,,,ressources/step1_stim2.png,ressources/step1_stim5.png,k,0.7281,ressources/step2_background1.png,ressources/step2_stim2.png,0.3615,5,25,2834,0,0,0,0,0,0,7,k,2,38,0,38,0,1,,,,,,,,,,,,,,,,,,,,,,,,,,,,,,,,,,,,,,,,,,,,,,,,,,,,,,,,,,,,,,,,,,,,,,,,,,,,,,,,,,,,,,,,,,,,,,,,,,,,,,,,,,,,,,
,,,,,,,,,,,,,,,,,,,,,,,,,,,,,,,,,,,,,,,,,,,,,,,,,,,,,,,,,,,,,,,,,,743837,001,2024-11-25_17h28.25.105,experiment,2023.2.3,Linux x86_64,60.24096386,5cadb168466544001a69832d,67446fa89e86ac01e4128331,6744b3803a686ff2558df228,,,,,,,,,,,,,,,,,,,,,,,,,,,,,,,,,,,,,,,,,,,,,,,,,,,,,,,,,,,,,,,,,,,,,,,,ressources/step1_stim1.png,ressources/step1_stim8.png,k,0.6986,ressources/step2_background2.png,ressources/step2_stim1.png,0.4757,5,15,2849,0,0,0,0,0,0,7,k,2,39,0,39,0,1,,,,,,,,,,,,,,,,,,,,,,,,,,,,,,,,,,,,,,,,,,,,,,,,,,,,,,,,,,,,,,,,,,,,,,,,,,,,,,,,,,,,,,,,,,,,,,,,,,,,,,,,,,,,,,
,,,,,,,,,,,,,,,,,,,,,,,,,,,,,,,,,,,,,,,,,,,,,,,,,,,,,,,,,,,,,,,,,,743837,001,2024-11-25_17h28.25.105,experiment,2023.2.3,Linux x86_64,60.24096386,5cadb168466544001a69832d,67446fa89e86ac01e4128331,6744b3803a686ff2558df228,,,,,,,,,,,,,,,,,,,,,,,,,,,,,,,,,,,,,,,,,,,,,,,,,,,,,,,,,,,,,,,,,,,,,,,,ressources/step1_stim7.png,ressources/step1_stim4.png,s,0.8699,ressources/step2_background2.png,ressources/step2_stim1.png,0.4504,1,4,2853,0,0,0,0,0,0,7,s,2,40,0,40,0,1,,,,,,,,,,,,,,,,,,,,,,,,,,,,,,,,,,,,,,,,,,,,,,,,,,,,,,,,,,,,,,,,,,,,,,,,,,,,,,,,,,,,,,,,,,,,,,,,,,,,,,,,,,,,,,
,,,,,,,,,,,,,,,,,,,,,,,,,,,,,,,,,,,,,,,,,,,,,,,,,,,,,,,,,,,,,,,,,,743837,001,2024-11-25_17h28.25.105,experiment,2023.2.3,Linux x86_64,60.24096386,5cadb168466544001a69832d,67446fa89e86ac01e4128331,6744b3803a686ff2558df228,,,,,,,,,,,,,,,,,,,,,,,,,,,,,,,,,,,,,,,,,,,,,,,,,,,,,,,,,,,,,,,,,,,,,,,,ressources/step1_stim3.png,ressources/step1_stim6.png,k,0.6414,ressources/step2_background2.png,ressources/step2_stim1.png,0.4438,1,3,2856,0,0,0,0,0,0,7,s,2,41,0,41,0,1,,,,,,,,,,,,,,,,,,,,,,,,,,,,,,,,,,,,,,,,,,,,,,,,,,,,,,,,,,,,,,,,,,,,,,,,,,,,,,,,,,,,,,,,,,,,,,,,,,,,,,,,,,,,,,
,,,,,,,,,,,,,,,,,,,,,,,,,,,,,,,,,,,,,,,,,,,,,,,,,,,,,,,,,,,,,,,,,,743837,001,2024-11-25_17h28.25.105,experiment,2023.2.3,Linux x86_64,60.24096386,5cadb168466544001a69832d,67446fa89e86ac01e4128331,6744b3803a686ff2558df228,,,,,,,,,,,,,,,,,,,,,,,,,,,,,,,,,,,,,,,,,,,,,,,,,,,,,,,,,,,,,,,,,,,,,,,,ressources/step1_stim5.png,ressources/step1_stim2.png,s,0.8043,ressources/step2_background1.png,ressources/step2_stim2.png,0.4216,5,30,2886,1,0,1,0,0,0,8,k,2,42,0,42,0,1,k,3.2316,,,,,,,,,,,,,,,,,,,,,,,,,,,,,,,,,,,,,,,,,,,,,,,,,,,,,,,,,,,,,,,,,,,,,,,,,,,,,,,,,,,,,,,,,,,,,,,,,,,,,,,,,,,,
,,,,,,,,,,,,,,,,,,,,,,,,,,,,,,,,,,,,,,,,,,,,,,,,,,,,,,,,,,,,,,,,,,743837,001,2024-11-25_17h28.25.105,experiment,2023.2.3,Linux x86_64,60.24096386,5cadb168466544001a69832d,67446fa89e86ac01e4128331,6744b3803a686ff2558df228,,,,,,,,,,,,,,,,,,,,,,,,,,,,,,,,,,,,,,,,,,,,,,,,,,,,,,,,,,,,,,,,,,,,,,,,ressources/step1_stim3.png,ressources/step1_stim6.png,k,0.7529,ressources/step2_background2.png,ressources/step2_stim1.png,0.4606,1,1,2887,0,0,0,0,0,0,8,s,2,43,0,43,0,1,,,,,,,,,,,,,,,,,,,,,,,,,,,,,,,,,,,,,,,,,,,,,,,,,,,,,,,,,,,,,,,,,,,,,,,,,,,,,,,,,,,,,,,,,,,,,,,,,,,,,,,,,,,,,,
,,,,,,,,,,,,,,,,,,,,,,,,,,,,,,,,,,,,,,,,,,,,,,,,,,,,,,,,,,,,,,,,,,743837,001,2024-11-25_17h28.25.105,experiment,2023.2.3,Linux x86_64,60.24096386,5cadb168466544001a69832d,67446fa89e86ac01e4128331,6744b3803a686ff2558df228,,,,,,,,,,,,,,,,,,,,,,,,,,,,,,,,,,,,,,,,,,,,,,,,,,,,,,,,,,,,,,,,,,,,,,,,ressources/step1_stim8.png,ressources/step1_stim1.png,s,0.8044,ressources/step2_background2.png,ressources/step2_stim1.png,0.4543,1,4,2891,0,0,0,0,0,0,8,s,2,44,0,44,0,1,,,,,,,,,,,,,,,,,,,,,,,,,,,,,,,,,,,,,,,,,,,,,,,,,,,,,,,,,,,,,,,,,,,,,,,,,,,,,,,,,,,,,,,,,,,,,,,,,,,,,,,,,,,,,,
,,,,,,,,,,,,,,,,,,,,,,,,,,,,,,,,,,,,,,,,,,,,,,,,,,,,,,,,,,,,,,,,,,743837,001,2024-11-25_17h28.25.105,experiment,2023.2.3,Linux x86_64,60.24096386,5cadb168466544001a69832d,67446fa89e86ac01e4128331,6744b3803a686ff2558df228,,,,,,,,,,,,,,,,,,,,,,,,,,,,,,,,,,,,,,,,,,,,,,,,,,,,,,,,,,,,,,,,,,,,,,,,ressources/step1_stim8.png,ressources/step1_stim1.png,s,0.7638,ressources/step2_background2.png,ressources/step2_stim1.png,0.7702,1,7,2898,0,0,0,0,0,0,8,k,2,45,0,45,0,1,,,,,,,,,,,,,,,,,,,,,,,,,,,,,,,,,,,,,,,,,,,,,,,,,,,,,,,,,,,,,,,,,,,,,,,,,,,,,,,,,,,,,,,,,,,,,,,,,,,,,,,,,,,,,,
,,,,,,,,,,,,,,,,,,,,,,,,,,,,,,,,,,,,,,,,,,,,,,,,,,,,,,,,,,,,,,,,,,743837,001,2024-11-25_17h28.25.105,experiment,2023.2.3,Linux x86_64,60.24096386,5cadb168466544001a69832d,67446fa89e86ac01e4128331,6744b3803a686ff2558df228,,,,,,,,,,,,,,,,,,,,,,,,,,,,,,,,,,,,,,,,,,,,,,,,,,,,,,,,,,,,,,,,,,,,,,,,ressources/step1_stim2.png,ressources/step1_stim5.png,k,0.6533,ressources/step2_background1.png,ressources/step2_stim2.png,0.5853,1,2,2900,0,0,0,0,0,0,8,s,2,46,0,46,0,1,,,,,,,,,,,,,,,,,,,,,,,,,,,,,,,,,,,,,,,,,,,,,,,,,,,,,,,,,,,,,,,,,,,,,,,,,,,,,,,,,,,,,,,,,,,,,,,,,,,,,,,,,,,,,,
,,,,,,,,,,,,,,,,,,,,,,,,,,,,,,,,,,,,,,,,,,,,,,,,,,,,,,,,,,,,,,,,,,743837,001,2024-11-25_17h28.25.105,experiment,2023.2.3,Linux x86_64,60.24096386,5cadb168466544001a69832d,67446fa89e86ac01e4128331,6744b3803a686ff2558df228,,,,,,,,,,,,,,,,,,,,,,,,,,,,,,,,,,,,,,,,,,,,,,,,,,,,,,,,,,,,,,,,,,,,,,,,ressources/step1_stim7.png,ressources/step1_stim4.png,s,0.6843,ressources/step2_background2.png,ressources/step2_stim1.png,0.3889,1,7,2907,1,0,1,0,0,0,9,k,3,47,0,47,0,1,s,2.5706,,,,,,,,,,,,,,,,,,,,,,,,,,,,,,,,,,,,,,,,,,,,,,,,,,,,,,,,,,,,,,,,,,,,,,,,,,,,,,,,,,,,,,,,,,,,,,,,,,,,,,,,,,,,
,,,,,,,,,,,,,,,,,,,,,,,,,,,,,,,,,,,,,,,,,,,,,,,,,,,,,,,,,,,,,,,,,,743837,001,2024-11-25_17h28.25.105,experiment,2023.2.3,Linux x86_64,60.24096386,5cadb168466544001a69832d,67446fa89e86ac01e4128331,6744b3803a686ff2558df228,,,,,,,,,,,,,,,,,,,,,,,,,,,,,,,,,,,,,,,,,,,,,,,,,,,,,,,,,,,,,,,,,,,,,,,,ressources/step1_stim4.png,ressources/step1_stim7.png,k,0.7177,ressources/step2_background2.png,ressources/step2_stim1.png,0.3226,5,30,2937,0,0,0,0,0,0,9,k,3,48,0,48,0,1,,,,,,,,,,,,,,,,,,,,,,,,,,,,,,,,,,,,,,,,,,,,,,,,,,,,,,,,,,,,,,,,,,,,,,,,,,,,,,,,,,,,,,,,,,,,,,,,,,,,,,,,,,,,,,
,,,,,,,,,,,,,,,,,,,,,,,,,,,,,,,,,,,,,,,,,,,,,,,,,,,,,,,,,,,,,,,,,,743837,001,2024-11-25_17h28.25.105,experiment,2023.2.3,Linux x86_64,60.24096386,5cadb168466544001a69832d,67446fa89e86ac01e4128331,6744b3803a686ff2558df228,,,,,,,,,,,,,,,,,,,,,,,,,,,,,,,,,,,,,,,,,,,,,,,,,,,,,,,,,,,,,,,,,,,,,,,,ressources/step1_stim8.png,ressources/step1_stim1.png,k,0.603,ressources/step2_background1.png,ressources/step2_stim2.png,0.3397,5,5,2942,0,0,0,0,0,0,9,s,3,49,0,49,0,1,,,,,,,,,,,,,,,,,,,,,,,,,,,,,,,,,,,,,,,,,,,,,,,,,,,,,,,,,,,,,,,,,,,,,,,,,,,,,,,,,,,,,,,,,,,,,,,,,,,,,,,,,,,,,,
,,,,,,,,,,,,,,,,,,,,,,,,,,,,,,,,,,,,,,,,,,,,,,,,,,,,,,,,,,,,,,,,,,743837,001,2024-11-25_17h28.25.105,experiment,2023.2.3,Linux x86_64,60.24096386,5cadb168466544001a69832d,67446fa89e86ac01e4128331,6744b3803a686ff2558df228,,,,,,,,,,,,,,,,,,,,,,,,,,,,,,,,,,,,,,,,,,,,,,,,,,,,,,,,,,,,,,,,,,,,,,,,ressources/step1_stim7.png,ressources/step1_stim4.png,s,0.6031,ressources/step2_background2.png,ressources/step2_stim1.png,0.3498,5,15,2957,0,0,0,0,0,0,9,k,3,50,0,50,0,1,,,,,,,,,,,,,,,,,,,,,,,,,,,,,,,,,,,,,,,,,,,,,,,,,,,,,,,,,,,,,,,,,,,,,,,,,,,,,,,,,,,,,,,,,,,,,,,,,,,,,,,,,,,,,,
,,,,,,,,,,,,,,,,,,,,,,,,,,,,,,,,,,,,,,,,,,,,,,,,,,,,,,,,,,,,,,,,,,743837,001,2024-11-25_17h28.25.105,experiment,2023.2.3,Linux x86_64,60.24096386,5cadb168466544001a69832d,67446fa89e86ac01e4128331,6744b3803a686ff2558df228,,,,,,,,,,,,,,,,,,,,,,,,,,,,,,,,,,,,,,,,,,,,,,,,,,,,,,,,,,,,,,,,,,,,,,,,ressources/step1_stim8.png,ressources/step1_stim1.png,s,0.6443,ressources/step2_background2.png,ressources/step2_stim1.png,0.3134,5,20,2977,0,0,0,0,0,0,9,k,3,51,0,51,0,1,,,,,,,,,,,,,,,,,,,,,,,,,,,,,,,,,,,,,,,,,,,,,,,,,,,,,,,,,,,,,,,,,,,,,,,,,,,,,,,,,,,,,,,,,,,,,,,,,,,,,,,,,,,,,,
,,,,,,,,,,,,,,,,,,,,,,,,,,,,,,,,,,,,,,,,,,,,,,,,,,,,,,,,,,,,,,,,,,743837,001,2024-11-25_17h28.25.105,experiment,2023.2.3,Linux x86_64,60.24096386,5cadb168466544001a69832d,67446fa89e86ac01e4128331,6744b3803a686ff2558df228,,,,,,,,,,,,,,,,,,,,,,,,,,,,,,,,,,,,,,,,,,,,,,,,,,,,,,,,,,,,,,,,,,,,,,,,ressources/step1_stim3.png,ressources/step1_stim6.png,k,0.6545,ressources/step2_background2.png,ressources/step2_stim1.png,0.375,5,15,2992,0,0,0,0,0,0,9,k,3,52,0,52,0,1,,,,,,,,,,,,,,,,,,,,,,,,,,,,,,,,,,,,,,,,,,,,,,,,,,,,,,,,,,,,,,,,,,,,,,,,,,,,,,,,,,,,,,,,,,,,,,,,,,,,,,,,,,,,,,
,,,,,,,,,,,,,,,,,,,,,,,,,,,,,,,,,,,,,,,,,,,,,,,,,,,,,,,,,,,,,,,,,,743837,001,2024-11-25_17h28.25.105,experiment,2023.2.3,Linux x86_64,60.24096386,5cadb168466544001a69832d,67446fa89e86ac01e4128331,6744b3803a686ff2558df228,,,,,,,,,,,,,,,,,,,,,,,,,,,,,,,,,,,,,,,,,,,,,,,,,,,,,,,,,,,,,,,,,,,,,,,,ressources/step1_stim5.png,ressources/step1_stim2.png,s,0.6198,ressources/step2_background1.png,ressources/step2_stim2.png,0.351,5,10,3002,0,0,0,0,0,0,9,k,3,53,0,53,0,1,,,,,,,,,,,,,,,,,,,,,,,,,,,,,,,,,,,,,,,,,,,,,,,,,,,,,,,,,,,,,,,,,,,,,,,,,,,,,,,,,,,,,,,,,,,,,,,,,,,,,,,,,,,,,,
,,,,,,,,,,,,,,,,,,,,,,,,,,,,,,,,,,,,,,,,,,,,,,,,,,,,,,,,,,,,,,,,,,743837,001,2024-11-25_17h28.25.105,experiment,2023.2.3,Linux x86_64,60.24096386,5cadb168466544001a69832d,67446fa89e86ac01e4128331,6744b3803a686ff2558df228,,,,,,,,,,,,,,,,,,,,,,,,,,,,,,,,,,,,,,,,,,,,,,,,,,,,,,,,,,,,,,,,,,,,,,,,ressources/step1_stim6.png,ressources/step1_stim3.png,s,0.6538,ressources/step2_background2.png,ressources/step2_stim1.png,0.3191,5,40,3042,0,0,0,0,0,0,9,k,3,54,0,54,0,1,,,,,,,,,,,,,,,,,,,,,,,,,,,,,,,,,,,,,,,,,,,,,,,,,,,,,,,,,,,,,,,,,,,,,,,,,,,,,,,,,,,,,,,,,,,,,,,,,,,,,,,,,,,,,,
,,,,,,,,,,,,,,,,,,,,,,,,,,,,,,,,,,,,,,,,,,,,,,,,,,,,,,,,,,,,,,,,,,743837,001,2024-11-25_17h28.25.105,experiment,2023.2.3,Linux x86_64,60.24096386,5cadb168466544001a69832d,67446fa89e86ac01e4128331,6744b3803a686ff2558df228,,,,,,,,,,,,,,,,,,,,,,,,,,,,,,,,,,,,,,,,,,,,,,,,,,,,,,,,,,,,,,,,,,,,,s,1.71,,ressources/step1_stim5.png,ressources/step1_stim2.png,s,0.6578,ressources/step2_background1.png,ressources/step2_stim2.png,0.2938,5,5,3047,1,1,0,0,0,0,10,s,3,55,0,55,0,1,,,,,,,,,,,,,,,,,,,,,,,,,,,,,,,,,,,,,,,,,,,,,,,,,,,,,,,,,,,,,,,,,,,,,,,,,,,,,,,,,,,,,,,,,,,,,,,,,,,,,,,,,,,,,,
,,,,,,,,,,,,,,,,,,,,,,,,,,,,,,,,,,,,,,,,,,,,,,,,,,,,,,,,,,,,,,,,,,743837,001,2024-11-25_17h28.25.105,experiment,2023.2.3,Linux x86_64,60.24096386,5cadb168466544001a69832d,67446fa89e86ac01e4128331,6744b3803a686ff2558df228,,,,,,,,,,,,,,,,,,,,,,,,,,,,,,,,,,,,,,,,,,,,,,,,,,,,,,,,,,,,,,,,,,,,,,,,ressources/step1_stim5.png,ressources/step1_stim2.png,s,0.5844,ressources/step2_background1.png,ressources/step2_stim2.png,0.3838,5,5,3052,0,0,0,0,0,0,10,s,3,56,0,56,0,1,,,,,,,,,,,,,,,,,,,,,,,,,,,,,,,,,,,,,,,,,,,,,,,,,,,,,,,,,,,,,,,,,,,,,,,,,,,,,,,,,,,,,,,,,,,,,,,,,,,,,,,,,,,,,,
,,,,,,,,,,,,,,,,,,,,,,,,,,,,,,,,,,,,,,,,,,,,,,,,,,,,,,,,,,,,,,,,,,743837,001,2024-11-25_17h28.25.105,experiment,2023.2.3,Linux x86_64,60.24096386,5cadb168466544001a69832d,67446fa89e86ac01e4128331,6744b3803a686ff2558df228,,,,,,,,,,,,,,,,,,,,,,,,,,,,,,,,,,,,,,,,,,,,,,,,,,,,,,,,,,,,,,,,,,,,,,,,ressources/step1_stim6.png,ressources/step1_stim3.png,s,0.5866,ressources/step2_background2.png,ressources/step2_stim1.png,0.2825,5,45,3097,0,0,0,0,0,0,10,k,3,57,0,57,0,1,,,,,,,,,,,,,,,,,,,,,,,,,,,,,,,,,,,,,,,,,,,,,,,,,,,,,,,,,,,,,,,,,,,,,,,,,,,,,,,,,,,,,,,,,,,,,,,,,,,,,,,,,,,,,,
,,,,,,,,,,,,,,,,,,,,,,,,,,,,,,,,,,,,,,,,,,,,,,,,,,,,,,,,,,,,,,,,,,743837,001,2024-11-25_17h28.25.105,experiment,2023.2.3,Linux x86_64,60.24096386,5cadb168466544001a69832d,67446fa89e86ac01e4128331,6744b3803a686ff2558df228,,,,,,,,,,,,,,,,,,,,,,,,,,,,,,,,,,,,,,,,,,,,,,,,,,,,,,,,,,,,,,,,,,,,,,,,ressources/step1_stim2.png,ressources/step1_stim5.png,k,0.7601,ressources/step2_background1.png,ressources/step2_stim2.png,0.3536,1,5,3102,0,0,0,0,0,0,10,s,3,58,0,58,0,1,,,,,,,,,,,,,,,,,,,,,,,,,,,,,,,,,,,,,,,,,,,,,,,,,,,,,,,,,,,,,,,,,,,,,,,,,,,,,,,,,,,,,,,,,,,,,,,,,,,,,,,,,,,,,,
,,,,,,,,,,,,,,,,,,,,,,,,,,,,,,,,,,,,,,,,,,,,,,,,,,,,,,,,,,,,,,,,,,743837,001,2024-11-25_17h28.25.105,experiment,2023.2.3,Linux x86_64,60.24096386,5cadb168466544001a69832d,67446fa89e86ac01e4128331,6744b3803a686ff2558df228,,,,,,,,,,,,,,,,,,,,,,,,,,,,,,,,,,,,,,,,,,,,,,,,,,,,,,,,,,,,,,,,,,,,,,,,ressources/step1_stim2.png,ressources/step1_stim5.png,k,0.6866,ressources/step2_background1.png,ressources/step2_stim2.png,0.438,5,20,3122,0,0,0,0,0,0,10,k,3,59,0,59,0,1,,,,,,,,,,,,,,,,,,,,,,,,,,,,,,,,,,,,,,,,,,,,,,,,,,,,,,,,,,,,,,,,,,,,,,,,,,,,,,,,,,,,,,,,,,,,,,,,,,,,,,,,,,,,,,
,,,,,,,,,,,,,,,,,,,,,,,,,,,,,,,,,,,,,,,,,,,,,,,,,,,,,,,,,,,,,,,,,,743837,001,2024-11-25_17h28.25.105,experiment,2023.2.3,Linux x86_64,60.24096386,5cadb168466544001a69832d,67446fa89e86ac01e4128331,6744b3803a686ff2558df228,,,,,,,,,,,,,,,,,,,,,,,,,,,,,,,,,,,,,,,,,,,,,,,,,,,,,,,,,,,,,,,,,,,,,,,,ressources/step1_stim7.png,ressources/step1_stim4.png,s,0.5876,ressources/step2_background2.png,ressources/step2_stim1.png,0.302,1,6,3128,0,0,0,0,0,0,10,k,3,60,0,60,0,1,,,,,,,,,,,,,,,,,,,,,,,,,,,,,,,,,,,,,,,,,,,,,,,,,,,,,,,,,,,,,,,,,,,,,,,,,,,,,,,,,,,,,,,,,,,,,,,,,,,,,,,,,,,,,,
,,,,,,,,,,,,,,,,,,,,,,,,,,,,,,,,,,,,,,,,,,,,,,,,,,,,,,,,,,,,,,,,,,743837,001,2024-11-25_17h28.25.105,experiment,2023.2.3,Linux x86_64,60.24096386,5cadb168466544001a69832d,67446fa89e86ac01e4128331,6744b3803a686ff2558df228,,,,,,,,,,,,,,,,,,,,,,,,,,,,,,,,,,,,,,,,,,,,,,,,,,,,,,,,,,,,,,,,,,,,,,,,ressources/step1_stim8.png,ressources/step1_stim1.png,s,0.9868,ressources/step2_background2.png,ressources/step2_stim1.png,0.2882,1,8,3136,0,0,0,0,0,0,10,k,3,61,0,61,0,1,,,,,,,,,,,,,,,,,,,,,,,,,,,,,,,,,,,,,,,,,,,,,,,,,,,,,,,,,,,,,,,,,,,,,,,,,,,,,,,,,,,,,,,,,,,,,,,,,,,,,,,,,,,,,,
,,,,,,,,,,,,,,,,,,,,,,,,,,,,,,,,,,,,,,,,,,,,,,,,,,,,,,,,,,,,,,,,,,743837,001,2024-11-25_17h28.25.105,experiment,2023.2.3,Linux x86_64,60.24096386,5cadb168466544001a69832d,67446fa89e86ac01e4128331,6744b3803a686ff2558df228,,,,,,,,,,,,,,,,,,,,,,,,,,,,,,,,,,,,,,,,,,,,,,,,,,,,,,,,,,,,,,,,,,,,,,,,ressources/step1_stim7.png,ressources/step1_stim4.png,s,0.5538,ressources/step2_background2.png,ressources/step2_stim1.png,0.3511,5,45,3181,0,0,0,0,0,0,10,k,3,62,0,62,0,1,,,,,,,,,,,,,,,,,,,,,,,,,,,,,,,,,,,,,,,,,,,,,,,,,,,,,,,,,,,,,,,,,,,,,,,,,,,,,,,,,,,,,,,,,,,,,,,,,,,,,,,,,,,,,,
,,,,,,,,,,,,,,,,,,,,,,,,,,,,,,,,,,,,,,,,,,,,,,,,,,,,,,,,,,,,,,,,,,743837,001,2024-11-25_17h28.25.105,experiment,2023.2.3,Linux x86_64,60.24096386,5cadb168466544001a69832d,67446fa89e86ac01e4128331,6744b3803a686ff2558df228,,,,,,,,,,,,,,,,,,,,,,,,,,,,,,,,,,,,,,,,,,,,,,,,,,,,,,,,,,,,,,,,,,,,,,,,ressources/step1_stim6.png,ressources/step1_stim3.png,s,0.6886,ressources/step2_background2.png,ressources/step2_stim1.png,0.3797,5,45,3226,0,0,0,0,0,0,10,k,3,63,0,63,0,1,,,,,,,,,,,,,,,,,,,,,,,,,,,,,,,,,,,,,,,,,,,,,,,,,,,,,,,,,,,,,,,,,,,,,,,,,,,,,,,,,,,,,,,,,,,,,,,,,,,,,,,,,,,,,,
,,,,,,,,,,,,,,,,,,,,,,,,,,,,,,,,,,,,,,,,,,,,,,,,,,,,,,,,,,,,,,,,,,743837,001,2024-11-25_17h28.25.105,experiment,2023.2.3,Linux x86_64,60.24096386,5cadb168466544001a69832d,67446fa89e86ac01e4128331,6744b3803a686ff2558df228,,,,,,,,,,,,,,,,,,,,,,,,,,,,,,,,,,,,,,,,,,,,,,,,,,,,,,,,,,,,,,,,,,,,,,,,ressources/step1_stim8.png,ressources/step1_stim1.png,s,0.6213,ressources/step2_background2.png,ressources/step2_stim1.png,0.304,1,8,3234,0,0,0,0,0,0,10,k,3,64,0,64,0,1,,,,,,,,,,,,,,,,,,,,,,,,,,,,,,,,,,,,,,,,,,,,,,,,,,,,,,,,,,,,,,,,,,,,,,,,,,,,,,,,,,,,,,,,,,,,,,,,,,,,,,,,,,,,,,
,,,,,,,,,,,,,,,,,,,,,,,,,,,,,,,,,,,,,,,,,,,,,,,,,,,,,,,,,,,,,,,,,,743837,001,2024-11-25_17h28.25.105,experiment,2023.2.3,Linux x86_64,60.24096386,5cadb168466544001a69832d,67446fa89e86ac01e4128331,6744b3803a686ff2558df228,,,,,,,,,,,,,,,,,,,,,,,,,,,,,,,,,,,,,,,,,,,,,,,,,,,,,,,,,,,,,,,,,,,,,,,,ressources/step1_stim2.png,ressources/step1_stim5.png,k,0.571,ressources/step2_background1.png,ressources/step2_stim2.png,0.378,5,0,3234,0,0,0,0,0,0,10,s,3,65,0,65,0,1,,,,,,,,,,,,,,,,,,,,,,,,,,,,,,,,,,,,,,,,,,,,,,,,,,,,,,,,,,,,,,,,,,,,,,,,,,,,,,,,,,,,,,,,,,,,,,,,,,,,,,,,,,,,,,
,,,,,,,,,,,,,,,,,,,,,,,,,,,,,,,,,,,,,,,,,,,,,,,,,,,,,,,,,,,,,,,,,,743837,001,2024-11-25_17h28.25.105,experiment,2023.2.3,Linux x86_64,60.24096386,5cadb168466544001a69832d,67446fa89e86ac01e4128331,6744b3803a686ff2558df228,,,,,,,,,,,,,,,,,,,,,,,,,,,,,,,,,,,,,,,,,,,,,,,,,,,,,,,,,,,,,,,,,,,,,,,,ressources/step1_stim8.png,ressources/step1_stim1.png,s,0.6031,ressources/step2_background2.png,ressources/step2_stim1.png,0.2668,5,40,3274,0,0,0,0,0,0,10,k,3,66,0,66,0,1,,,,,,,,,,,,,,,,,,,,,,,,,,,,,,,,,,,,,,,,,,,,,,,,,,,,,,,,,,,,,,,,,,,,,,,,,,,,,,,,,,,,,,,,,,,,,,,,,,,,,,,,,,,,,,
,,,,,,,,,,,,,,,,,,,,,,,,,,,,,,,,,,,,,,,,,,,,,,,,,,,,,,,,,,,,,,,,,,743837,001,2024-11-25_17h28.25.105,experiment,2023.2.3,Linux x86_64,60.24096386,5cadb168466544001a69832d,67446fa89e86ac01e4128331,6744b3803a686ff2558df228,,,,,,,,,,,,,,,,,,,,,,,,,,,,,,,,,,,,,,,,,,,,,,,,,,,,,,,,,,,,,,,,,,,,,,,,ressources/step1_stim3.png,ressources/step1_stim6.png,k,0.6176,ressources/step2_background2.png,ressources/step2_stim1.png,0.3134,5,40,3314,0,0,0,0,0,0,10,k,3,67,0,67,0,1,,,,,,,,,,,,,,,,,,,,,,,,,,,,,,,,,,,,,,,,,,,,,,,,,,,,,,,,,,,,,,,,,,,,,,,,,,,,,,,,,,,,,,,,,,,,,,,,,,,,,,,,,,,,,,
,,,,,,,,,,,,,,,,,,,,,,,,,,,,,,,,,,,,,,,,,,,,,,,,,,,,,,,,,,,,,,,,,,743837,001,2024-11-25_17h28.25.105,experiment,2023.2.3,Linux x86_64,60.24096386,5cadb168466544001a69832d,67446fa89e86ac01e4128331,6744b3803a686ff2558df228,,,,,,,,,,,,,,,,,,,,,,,,,,,,,,,,,,,,,,,,,,,,,,,,,,,,,,,,,,,,,,,,,,,,,,,,ressources/step1_stim3.png,ressources/step1_stim6.png,k,0.5587,ressources/step2_background2.png,ressources/step2_stim1.png,0.2884,1,7,3321,0,0,0,0,0,0,10,k,3,68,0,68,0,1,,,,,,,,,,,,,,,,,,,,,,,,,,,,,,,,,,,,,,,,,,,,,,,,,,,,,,,,,,,,,,,,,,,,,,,,,,,,,,,,,,,,,,,,,,,,,,,,,,,,,,,,,,,,,,
,,,,,,,,,,,,,,,,,,,,,,,,,,,,,,,,,,,,,,,,,,,,,,,,,,,,,,,,,,,,,,,,,,743837,001,2024-11-25_17h28.25.105,experiment,2023.2.3,Linux x86_64,60.24096386,5cadb168466544001a69832d,67446fa89e86ac01e4128331,6744b3803a686ff2558df228,,,,,,,,,,,,,,,,,,,,,,,,,,,,,,,,,,,,,,,,,,,,,,,,,,,,,,,,,,,,,,,,,,,,,,,,ressources/step1_stim3.png,ressources/step1_stim6.png,k,0.5867,ressources/step2_background2.png,ressources/step2_stim1.png,0.498,1,9,3330,0,0,0,0,0,0,10,k,3,69,0,69,0,1,,,,,,,,,,,,,,,,,,,,,,,,,,,,,,,,,,,,,,,,,,,,,,,,,,,,,,,,,,,,,,,,,,,,,,,,,,,,,,,,,,,,,,,,,,,,,,,,,,,,,,,,,,,,,,
,,,,,,,,,,,,,,,,,,,,,,,,,,,,,,,,,,,,,,,,,,,,,,,,,,,,,,,,,,,,,,,,,,743837,001,2024-11-25_17h28.25.105,experiment,2023.2.3,Linux x86_64,60.24096386,5cadb168466544001a69832d,67446fa89e86ac01e4128331,6744b3803a686ff2558df228,,,,,,,,,,,,,,,,,,,,,,,,,,,,,,,,,,,,,,,,,,,,,,,,,,,,,,,,,,,,,,,,,,,,,,,,ressources/step1_stim1.png,ressources/step1_stim8.png,k,0.6114,ressources/step2_background2.png,ressources/step2_stim1.png,0.4213,1,7,3337,0,0,0,0,0,0,10,k,3,70,0,70,0,1,,,,,,,,,,,,,,,,,,,,,,,,,,,,,,,,,,,,,,,,,,,,,,,,,,,,,,,,,,,,,,,,,,,,,,,,,,,,,,,,,,,,,,,,,,,,,,,,,,,,,,,,,,,,,,
,,,,,,,,,,,,,,,,,,,,,,,,,,,,,,,,,,,,,,,,,,,,,,,,,,,,,,,,,,,,,,,,,,743837,001,2024-11-25_17h28.25.105,experiment,2023.2.3,Linux x86_64,60.24096386,5cadb168466544001a69832d,67446fa89e86ac01e4128331,6744b3803a686ff2558df228,,,,,,,,,,,,,,,,,,,,,,,,,,,,,,,,,,,,,,,,,,,,,,,,,,,,,,,,,,,,,,,,,,,,,,,,ressources/step1_stim8.png,ressources/step1_stim1.png,s,0.6053,ressources/step2_background2.png,ressources/step2_stim1.png,0.3649,1,5,3342,0,0,0,0,0,0,10,s,3,71,0,71,0,1,,,,,,,,,,,,,,,,,,,,,,,,,,,,,,,,,,,,,,,,,,,,,,,,,,,,,,,,,,,,,,,,,,,,,,,,,,,,,,,,,,,,,,,,,,,,,,,,,,,,,,,,,,,,,,
,,,,,,,,,,,,,,,,,,,,,,,,,,,,,,,,,,,,,,,,,,,,,,,,,,,,,,,,,,,,,,,,,,743837,001,2024-11-25_17h28.25.105,experiment,2023.2.3,Linux x86_64,60.24096386,5cadb168466544001a69832d,67446fa89e86ac01e4128331,6744b3803a686ff2558df228,,,,,,,,,,,,,,,,,,,,,,,,,,,,,,,,,,,,,,,,,,,,,,,,,,,,,,,,,,,,,,,,,,,,,,,,ressources/step1_stim4.png,ressources/step1_stim7.png,k,0.6056,ressources/step2_background2.png,ressources/step2_stim1.png,0.3046,1,9,3351,0,0,0,0,0,0,10,k,3,72,0,72,0,1,,,,,,,,,,,,,,,,,,,,,,,,,,,,,,,,,,,,,,,,,,,,,,,,,,,,,,,,,,,,,,,,,,,,,,,,,,,,,,,,,,,,,,,,,,,,,,,,,,,,,,,,,,,,,,
,,,,,,,,,,,,,,,,,,,,,,,,,,,,,,,,,,,,,,,,,,,,,,,,,,,,,,,,,,,,,,,,,,743837,001,2024-11-25_17h28.25.105,experiment,2023.2.3,Linux x86_64,60.24096386,5cadb168466544001a69832d,67446fa89e86ac01e4128331,6744b3803a686ff2558df228,,,,,,,,,,,,,,,,,,,,,,,,,,,,,,,,,,,,,,,,,,,,,,,,,,,,,,,,,,,,,,,,,,,,,,,,ressources/step1_stim1.png,ressources/step1_stim8.png,k,0.4368,ressources/step2_background2.png,ressources/step2_stim1.png,0.3436,1,9,3360,0,0,0,0,0,0,10,k,3,73,0,73,0,1,,,,,,,,,,,,,,,,,,,,,,,,,,,,,,,,,,,,,,,,,,,,,,,,,,,,,,,,,,,,,,,,,,,,,,,,,,,,,,,,,,,,,,,,,,,,,,,,,,,,,,,,,,,,,,
,,,,,,,,,,,,,,,,,,,,,,,,,,,,,,,,,,,,,,,,,,,,,,,,,,,,,,,,,,,,,,,,,,743837,001,2024-11-25_17h28.25.105,experiment,2023.2.3,Linux x86_64,60.24096386,5cadb168466544001a69832d,67446fa89e86ac01e4128331,6744b3803a686ff2558df228,,,,,,,,,,,,,,,,,,,,,,,,,,,,,,,,,,,,,,,,,,,,,,,,,,,,,,,,,,,,,,,,,,,,,,,,ressources/step1_stim6.png,ressources/step1_stim3.png,s,0.675,ressources/step2_background2.png,ressources/step2_stim1.png,0.3053,1,6,3366,0,0,0,0,0,0,10,k,3,74,0,74,0,1,,,,,,,,,,,,,,,,,,,,,,,,,,,,,,,,,,,,,,,,,,,,,,,,,,,,,,,,,,,,,,,,,,,,,,,,,,,,,,,,,,,,,,,,,,,,,,,,,,,,,,,,,,,,,,
,,,,,,,,,,,,,,,,,,,,,,,,,,,,,,,,,,,,,,,,,,,,,,,,,,,,,,,,,,,,,,,,,,743837,001,2024-11-25_17h28.25.105,experiment,2023.2.3,Linux x86_64,60.24096386,5cadb168466544001a69832d,67446fa89e86ac01e4128331,6744b3803a686ff2558df228,,,,,,,,,,,,,,,,,,,,,,,,,,,,,,,,,,,,,,,,,,,,,,,,,,,,,,,,,,,,,,,,,,,,,,,,ressources/step1_stim8.png,ressources/step1_stim1.png,s,0.6709,ressources/step2_background2.png,ressources/step2_stim1.png,0.2896,5,20,3386,0,0,0,0,0,0,10,k,3,75,0,75,0,1,,,,,,,,,,,,,,,,,,,,,,,,,,,,,,,,,,,,,,,,,,,,,,,,,,,,,,,,,,,,,,,,,,,,,,,,,,,,,,,,,,,,,,,,,,,,,,,,,,,,,,,,,,,,,,
,,,,,,,,,,,,,,,,,,,,,,,,,,,,,,,,,,,,,,,,,,,,,,,,,,,,,,,,,,,,,,,,,,743837,001,2024-11-25_17h28.25.105,experiment,2023.2.3,Linux x86_64,60.24096386,5cadb168466544001a69832d,67446fa89e86ac01e4128331,6744b3803a686ff2558df228,,,,,,,,,,,,,,,,,,,,,,,,,,,,,,,,,,,,,,,,,,,,,,,,,,,,,,,,,,,,,,,,,,,,,,,,ressources/step1_stim5.png,ressources/step1_stim2.png,s,0.6699,ressources/step2_background1.png,ressources/step2_stim2.png,0.3618,1,2,3388,0,0,0,0,0,0,10,s,3,76,0,76,0,1,,,,,,,,,,,,,,,,,,,,,,,,,,,,,,,,,,,,,,,,,,,,,,,,,,,,,,,,,,,,,,,,,,,,,,,,,,,,,,,,,,,,,,,,,,,,,,,,,,,,,,,,,,,,,,
,,,,,,,,,,,,,,,,,,,,,,,,,,,,,,,,,,,,,,,,,,,,,,,,,,,,,,,,,,,,,,,,,,743837,001,2024-11-25_17h28.25.105,experiment,2023.2.3,Linux x86_64,60.24096386,5cadb168466544001a69832d,67446fa89e86ac01e4128331,6744b3803a686ff2558df228,,,,,,,,,,,,,,,,,,,,,,,,,,,,,,,,,,,,,,,,,,,,,,,,,,,,,,,,,,,,,,,,,,,,,,,,ressources/step1_stim3.png,ressources/step1_stim6.png,k,0.7363,ressources/step2_background2.png,ressources/step2_stim1.png,0.3853,5,45,3433,0,0,0,0,0,0,10,k,3,77,0,77,0,1,,,,,,,,,,,,,,,,,,,,,,,,,,,,,,,,,,,,,,,,,,,,,,,,,,,,,,,,,,,,,,,,,,,,,,,,,,,,,,,,,,,,,,,,,,,,,,,,,,,,,,,,,,,,,,
,,,,,,,,,,,,,,,,,,,,,,,,,,,,,,,,,,,,,,,,,,,,,,,,,,,,,,,,,,,,,,,,,,743837,001,2024-11-25_17h28.25.105,experiment,2023.2.3,Linux x86_64,60.24096386,5cadb168466544001a69832d,67446fa89e86ac01e4128331,6744b3803a686ff2558df228,,,,,,,,,,,,,,,,,,,,,,,,,,,,,,,,,,,,,,,,,,,,,,,,,,,,,,,,,,,,,,,,,,,,,,,,ressources/step1_stim4.png,ressources/step1_stim7.png,k,0.6507,ressources/step2_background2.png,ressources/step2_stim1.png,0.3151,5,35,3468,0,0,0,0,0,0,10,k,3,78,0,78,0,1,,,,,,,,,,,,,,,,,,,,,,,,,,,,,,,,,,,,,,,,,,,,,,,,,,,,,,,,,,,,,,,,,,,,,,,,,,,,,,,,,,,,,,,,,,,,,,,,,,,,,,,,,,,,,,
,,,,,,,,,,,,,,,,,,,,,,,,,,,,,,,,,,,,,,,,,,,,,,,,,,,,,,,,,,,,,,,,,,743837,001,2024-11-25_17h28.25.105,experiment,2023.2.3,Linux x86_64,60.24096386,5cadb168466544001a69832d,67446fa89e86ac01e4128331,6744b3803a686ff2558df228,,,,,,,,,,,,,,,,,,,,,,,,,,,,,,,,,,,,,,,,,,,,,,,,,,,,,,,,,,,,,,,,,,,,,,,,ressources/step1_stim7.png,ressources/step1_stim4.png,s,0.5864,ressources/step2_background2.png,ressources/step2_stim1.png,0.3339,1,9,3477,0,0,0,0,0,0,10,k,3,79,0,79,0,1,,,,,,,,,,,,,,,,,,,,,,,,,,,,,,,,,,,,,,,,,,,,,,,,,,,,,,,,,,,,,,,,,,,,,,,,,,,,,,,,,,,,,,,,,,,,,,,,,,,,,,,,,,,,,,
,,,,,,,,,,,,,,,,,,,,,,,,,,,,,,,,,,,,,,,,,,,,,,,,,,,,,,,,,,,,,,,,,,743837,001,2024-11-25_17h28.25.105,experiment,2023.2.3,Linux x86_64,60.24096386,5cadb168466544001a69832d,67446fa89e86ac01e4128331,6744b3803a686ff2558df228,,,,,,,,,,,,,,,,,,,,,,,,,,,,,,,,,,,,,,,,,,1,,,,,,,,,,,,,2,,,,,,,,,,,,,,,,,,,,,,,,,,,,,,,,,,,,,,,,,,,,space,28.2949,,space,23.0683,,k,0.393,,space,0.3636,,2,brown_gnome,2,6,bright_forest,red_basket,orange_gnome,2,3,dark_forest,yellow_basket,3,0,0,1,orange_gnome,dark_forest,yellow_basket,3,2,1,0,0,0,1,1,,,,,,,,,,,,,,,,,,,,,,,,,,,,,,,,,,,,,,,,,,,,,,,,,,,,,,,,,,,,,,,,,,,,,
,,,,,,,,,,,,,,,,,,,,,,,,,,,,,,,,,,,,,,,,,,,,,,,,,,,,,,,,,,,,,,,,,,743837,001,2024-11-25_17h28.25.105,experiment,2023.2.3,Linux x86_64,60.24096386,5cadb168466544001a69832d,67446fa89e86ac01e4128331,6744b3803a686ff2558df228,,,,,,,,,,,,,,,,,,,,,,,,,,,,,,,,,,,,,,,,,,5,,,,,,,,,,,,,2,,,,,,,,,,,,,,,,,,,,,,,,,,,,,,,,,,,,,,,,,,,,,,,,,,k,0.6754,,space,0.4765,,2,orange_gnome,2,4,dark_forest,yellow_basket,brown_gnome,2,8,bright_forest,red_basket,40,0,0,1,brown_gnome,bright_forest,red_basket,43,-2,-1,0,1,1,5,1,,,,,,,,,,,,,,,,,,,,,,,,,,,,,,,,,,,,,,,,,,,,,,,,,,,,,,,,,,,,,,,,,,,,,
,,,,,,,,,,,,,,,,,,,,,,,,,,,,,,,,,,,,,,,,,,,,,,,,,,,,,,,,,,,,,,,,,,743837,001,2024-11-25_17h28.25.105,experiment,2023.2.3,Linux x86_64,60.24096386,5cadb168466544001a69832d,67446fa89e86ac01e4128331,6744b3803a686ff2558df228,,,,,,,,,,,,,,,,,,,,,,,,,,,,,,,,,,,,,,,,,,1,,,,,,,,,,,,,1,,,,,,,,,,,,,,,,,,,,,,,,,,,,,,,,,,,,,,,,,,,,,,,,,,k,0.6794,,space,0.3307,,1,blue_gnome,1,6,bright_forest,red_basket,yellow_gnome,1,3,dark_forest,yellow_basket,3,0,0,1,yellow_gnome,dark_forest,yellow_basket,46,-3,1,0,2,2,0,1,,,,,,,,,,,,,,,,,,,,,,,,,,,,,,,,,,,,,,,,,,,,,,,,,,,,,,,,,,,,,,,,,,,,,
,,,,,,,,,,,,,,,,,,,,,,,,,,,,,,,,,,,,,,,,,,,,,,,,,,,,,,,,,,,,,,,,,,743837,001,2024-11-25_17h28.25.105,experiment,2023.2.3,Linux x86_64,60.24096386,5cadb168466544001a69832d,67446fa89e86ac01e4128331,6744b3803a686ff2558df228,,,,,,,,,,,,,,,,,,,,,,,,,,,,,,,,,,,,,,,,,,1,,,,,,,,,,,,,3,,,,,,,,,,,,,,,,,,,,,,,,,,,,,,,,,,,,,,,,,,,,,,,,,,k,0.4775,,space,0.3656,,3,purple_gnome,3,4,dark_forest,yellow_basket,green_gnome,3,3,bright_forest,red_basket,3,0,0,1,green_gnome,bright_forest,red_basket,49,1,3,0,3,3,2,1,,,,,,,,,,,,,,,,,,,,,,,,,,,,,,,,,,,,,,,,,,,,,,,,,,,,,,,,,,,,,,,,,,,,,
,,,,,,,,,,,,,,,,,,,,,,,,,,,,,,,,,,,,,,,,,,,,,,,,,,,,,,,,,,,,,,,,,,743837,001,2024-11-25_17h28.25.105,experiment,2023.2.3,Linux x86_64,60.24096386,5cadb168466544001a69832d,67446fa89e86ac01e4128331,6744b3803a686ff2558df228,,,,,,,,,,,,,,,,,,,,,,,,,,,,,,,,,,,,,,,,,,5,,,,,,,,,,,,,2,,,,,,,,,,,,,,,,,,,,,,,,,,,,,,,,,,,,,,,,,,,,,,,,,,k,0.4101,,space,0.6117,,2,orange_gnome,2,7,dark_forest,yellow_basket,brown_gnome,2,4,bright_forest,red_basket,20,0,0,1,brown_gnome,bright_forest,red_basket,69,2,-1,0,4,4,5,1,,,,,,,,,,,,,,,,,,,,,,,,,,,,,,,,,,,,,,,,,,,,,,,,,,,,,,,,,,,,,,,,,,,,,
,,,,,,,,,,,,,,,,,,,,,,,,,,,,,,,,,,,,,,,,,,,,,,,,,,,,,,,,,,,,,,,,,,743837,001,2024-11-25_17h28.25.105,experiment,2023.2.3,Linux x86_64,60.24096386,5cadb168466544001a69832d,67446fa89e86ac01e4128331,6744b3803a686ff2558df228,,,,,,,,,,,,,,,,,,,,,,,,,,,,,,,,,,,,,,,,,,1,,,,,,,,,,,,,4,,,,,,,,,,,,,,,,,,,,,,,,,,,,,,,,,,,,,,,,,,,,,,,,,,k,0.362,,space,0.21,,4,pink_gnome,4,6,bright_forest,red_basket,red_gnome,4,6,dark_forest,yellow_basket,6,0,0,1,red_gnome,dark_forest,yellow_basket,75,0,-1,0,5,5,3,1,,,,,,,,,,,,,,,,,,,,,,,,,,,,,,,,,,,,,,,,,,,,,,,,,,,,,,,,,,,,,,,,,,,,,
,,,,,,,,,,,,,,,,,,,,,,,,,,,,,,,,,,,,,,,,,,,,,,,,,,,,,,,,,,,,,,,,,,743837,001,2024-11-25_17h28.25.105,experiment,2023.2.3,Linux x86_64,60.24096386,5cadb168466544001a69832d,67446fa89e86ac01e4128331,6744b3803a686ff2558df228,,,,,,,,,,,,,,,,,,,,,,,,,,,,,,,,,,,,,,,,,,5,,,,,,,,,,,,,4,,,,,,,,,,,,,,,,,,,,,,,,,,,,,,,,,,,,,,,,,,,,,,,,,,k,0.3607,,space,0.4427,,4,red_gnome,4,5,dark_forest,yellow_basket,pink_gnome,4,6,bright_forest,red_basket,30,0,0,1,pink_gnome,bright_forest,red_basket,105,-1,-1,0,6,6,7,1,,,,,,,,,,,,,,,,,,,,,,,,,,,,,,,,,,,,,,,,,,,,,,,,,,,,,,,,,,,,,,,,,,,,,
,,,,,,,,,,,,,,,,,,,,,,,,,,,,,,,,,,,,,,,,,,,,,,,,,,,,,,,,,,,,,,,,,,743837,001,2024-11-25_17h28.25.105,experiment,2023.2.3,Linux x86_64,60.24096386,5cadb168466544001a69832d,67446fa89e86ac01e4128331,6744b3803a686ff2558df228,,,,,,,,,,,,,,,,,,,,,,,,,,,,,,,,,,,,,,,,,,5,,,,,,,,,,,,,4,,,,,,,,,,,,,,,,,,,,,,,,,,,,,,,,,,,,,,,,,,,,,,,,,,s,0.978,,space,1.1522,,4,pink_gnome,4,5,bright_forest,red_basket,red_gnome,4,4,dark_forest,yellow_basket,25,0,0,1,pink_gnome,bright_forest,red_basket,130,-3,0,0,7,7,7,1,,,,,,,,,,,,,,,,,,,,,,,,,,,,,,,,,,,,,,,,,,,,,,,,,,,,,,,,,,,,,,,,,,,,,
,,,,,,,,,,,,,,,,,,,,,,,,,,,,,,,,,,,,,,,,,,,,,,,,,,,,,,,,,,,,,,,,,,743837,001,2024-11-25_17h28.25.105,experiment,2023.2.3,Linux x86_64,60.24096386,5cadb168466544001a69832d,67446fa89e86ac01e4128331,6744b3803a686ff2558df228,,,,,,,,,,,,,,,,,,,,,,,,,,,,,,,,,,,,,,,,,,1,,,,,,,,,,,,,3,,,,,,,,,,,,,,,,,,,,,,,,,,,,,,,,,,,,,,,,,,,,,,,,,,s,0.5776,,space,0.3481,,3,purple_gnome,3,4,dark_forest,yellow_basket,green_gnome,3,2,bright_forest,red_basket,4,0,0,1,purple_gnome,dark_forest,yellow_basket,134,-3,1,1,0,8,2,1,,,,,,,,,,,,,,,,,,,,,,,,,,,,,,,,,,,,,,,,,,,,,,,,,,,,,,,,,,,,,,,,,,,,,
,,,,,,,,,,,,,,,,,,,,,,,,,,,,,,,,,,,,,,,,,,,,,,,,,,,,,,,,,,,,,,,,,,743837,001,2024-11-25_17h28.25.105,experiment,2023.2.3,Linux x86_64,60.24096386,5cadb168466544001a69832d,67446fa89e86ac01e4128331,6744b3803a686ff2558df228,,,,,,,,,,,,,,,,,,,,,,,,,,,,,,,,,,,,,,,,,,5,,,,,,,,,,,,,2,,,,,,,,,,,,,,,,,,,,,,,,,,,,,,,,,,,,,,,,,,,,,,,,,,s,0.5267,,space,0.9119,,2,brown_gnome,2,1,bright_forest,red_basket,orange_gnome,2,5,dark_forest,yellow_basket,5,0,0,1,brown_gnome,bright_forest,red_basket,139,1,3,1,1,9,5,1,,,,,,,,,,,,,,,,,,,,,,,,,,,,,,,,,,,,,,,,,,,,,,,,,,,,,,,,,,,,,,,,,,,,,
,,,,,,,,,,,,,,,,,,,,,,,,,,,,,,,,,,,,,,,,,,,,,,,,,,,,,,,,,,,,,,,,,,743837,001,2024-11-25_17h28.25.105,experiment,2023.2.3,Linux x86_64,60.24096386,5cadb168466544001a69832d,67446fa89e86ac01e4128331,6744b3803a686ff2558df228,,,,,,,,,,,,,,,,,,,,,,,,,,,,,,,,,,,,,,,,,,1,,,,,,,,,,,,,4,,,,,,,,,,,,,,,,,,,,,,,,,,,,,,,,,,,,,,,,,,,,,,,,,,k,0.9177,,space,0.8291,,4,red_gnome,4,8,dark_forest,yellow_basket,pink_gnome,4,2,bright_forest,red_basket,2,0,0,1,pink_gnome,bright_forest,red_basket,141,-4,-1,1,2,10,3,1,,,,,,,,,,,,,,,,,,,,,,,,,,,,,,,,,,,,,,,,,,,,,,,,,,,,,,,,,,,,,,,,,,,,,
,,,,,,,,,,,,,,,,,,,,,,,,,,,,,,,,,,,,,,,,,,,,,,,,,,,,,,,,,,,,,,,,,,743837,001,2024-11-25_17h28.25.105,experiment,2023.2.3,Linux x86_64,60.24096386,5cadb168466544001a69832d,67446fa89e86ac01e4128331,6744b3803a686ff2558df228,,,,,,,,,,,,,,,,,,,,,,,,,,,,,,,,,,,,,,,,,,1,,,,,,,,,,,,,3,,,,,,,,,,,,,,,,,,,,,,,,,,,,,,,,,,,,,,,,,,,,,,,,,,k,0.8605,,space,0.8426,,3,green_gnome,3,2,bright_forest,red_basket,purple_gnome,3,7,dark_forest,yellow_basket,7,0,0,1,purple_gnome,dark_forest,yellow_basket,148,1,0,1,3,11,2,1,,,,,,,,,,,,,,,,,,,,,,,,,,,,,,,,,,,,,,,,,,,,,,,,,,,,,,,,,,,,,,,,,,,,,
,,,,,,,,,,,,,,,,,,,,,,,,,,,,,,,,,,,,,,,,,,,,,,,,,,,,,,,,,,,,,,,,,,743837,001,2024-11-25_17h28.25.105,experiment,2023.2.3,Linux x86_64,60.24096386,5cadb168466544001a69832d,67446fa89e86ac01e4128331,6744b3803a686ff2558df228,,,,,,,,,,,,,,,,,,,,,,,,,,,,,,,,,,,,,,,,,,1,,,,,,,,,,,,,3,,,,,,,,,,,,,,,,,,,,,,,,,,,,,,,,,,,,,,,,,,,,,,,,,,k,0.4627,,space,0.4447,,3,green_gnome,3,3,bright_forest,red_basket,purple_gnome,3,7,dark_forest,yellow_basket,7,0,0,1,purple_gnome,dark_forest,yellow_basket,155,2,-1,1,4,12,2,1,,,,,,,,,,,,,,,,,,,,,,,,,,,,,,,,,,,,,,,,,,,,,,,,,,,,,,,,,,,,,,,,,,,,,
,,,,,,,,,,,,,,,,,,,,,,,,,,,,,,,,,,,,,,,,,,,,,,,,,,,,,,,,,,,,,,,,,,743837,001,2024-11-25_17h28.25.105,experiment,2023.2.3,Linux x86_64,60.24096386,5cadb168466544001a69832d,67446fa89e86ac01e4128331,6744b3803a686ff2558df228,,,,,,,,,,,,,,,,,,,,,,,,,,,,,,,,,,,,,,,,,,5,,,,,,,,,,,,,1,,,,,,,,,,,,,,,,,,,,,,,,,,,,,,,,,,,,,,,,,,,,,,,,,,k,0.4601,,space,0.4286,,1,yellow_gnome,1,6,dark_forest,yellow_basket,blue_gnome,1,5,bright_forest,red_basket,25,0,0,1,blue_gnome,bright_forest,red_basket,180,1,1,1,5,13,4,1,,,,,,,,,,,,,,,,,,,,,,,,,,,,,,,,,,,,,,,,,,,,,,,,,,,,,,,,,,,,,,,,,,,,,
,,,,,,,,,,,,,,,,,,,,,,,,,,,,,,,,,,,,,,,,,,,,,,,,,,,,,,,,,,,,,,,,,,743837,001,2024-11-25_17h28.25.105,experiment,2023.2.3,Linux x86_64,60.24096386,5cadb168466544001a69832d,67446fa89e86ac01e4128331,6744b3803a686ff2558df228,,,,,,,,,,,,,,,,,,,,,,,,,,,,,,,,,,,,,,,,,,5,,,,,,,,,,,,,4,,,,,,,,,,,,,,,,,,,,,,,,,,,,,,,,,,,,,,,,,,,,,,,,,,s,0.5432,,space,0.4091,,4,pink_gnome,4,6,bright_forest,red_basket,red_gnome,4,7,dark_forest,yellow_basket,30,0,0,1,pink_gnome,bright_forest,red_basket,210,-1,-2,1,6,14,7,1,,,,,,,,,,,,,,,,,,,,,,,,,,,,,,,,,,,,,,,,,,,,,,,,,,,,,,,,,,,,,,,,,,,,,
,,,,,,,,,,,,,,,,,,,,,,,,,,,,,,,,,,,,,,,,,,,,,,,,,,,,,,,,,,,,,,,,,,743837,001,2024-11-25_17h28.25.105,experiment,2023.2.3,Linux x86_64,60.24096386,5cadb168466544001a69832d,67446fa89e86ac01e4128331,6744b3803a686ff2558df228,,,,,,,,,,,,,,,,,,,,,,,,,,,,,,,,,,,,,,,,,,5,,,,,,,,,,,,,1,,,,,,,,,,,,,,,,,,,,,,,,,,,,,,,,,,,,,,,,,,,,,,,,,,k,0.7435,,space,0.4103,,1,yellow_gnome,1,5,dark_forest,yellow_basket,blue_gnome,1,5,bright_forest,red_basket,25,0,0,1,blue_gnome,bright_forest,red_basket,235,-1,-1,1,7,15,4,1,,,,,,,,,,,,,,,,,,,,,,,,,,,,,,,,,,,,,,,,,,,,,,,,,,,,,,,,,,,,,,,,,,,,,
,,,,,,,,,,,,,,,,,,,,,,,,,,,,,,,,,,,,,,,,,,,,,,,,,,,,,,,,,,,,,,,,,,743837,001,2024-11-25_17h28.25.105,experiment,2023.2.3,Linux x86_64,60.24096386,5cadb168466544001a69832d,67446fa89e86ac01e4128331,6744b3803a686ff2558df228,,,,,,,,,,,,,,,,,,,,,,,,,,,,,,,,,,,,,,,,,,1,,,,,,,,,,,,,1,,,,,,,,,,,,,,,,,,,,,,,,,,,,,,,,,,,,,,,,,,,,,,,,,,s,0.5796,,space,0.4432,,1,blue_gnome,1,4,bright_forest,red_basket,yellow_gnome,1,4,dark_forest,yellow_basket,4,0,0,1,blue_gnome,bright_forest,red_basket,239,-1,4,2,0,16,0,1,,,,,,,,,,,,,,,,,,,,,,,,,,,,,,,,,,,,,,,,,,,,,,,,,,,,,,,,,,,,,,,,,,,,,
,,,,,,,,,,,,,,,,,,,,,,,,,,,,,,,,,,,,,,,,,,,,,,,,,,,,,,,,,,,,,,,,,,743837,001,2024-11-25_17h28.25.105,experiment,2023.2.3,Linux x86_64,60.24096386,5cadb168466544001a69832d,67446fa89e86ac01e4128331,6744b3803a686ff2558df228,,,,,,,,,,,,,,,,,,,,,,,,,,,,,,,,,,,,,,,,,,1,,,,,,,,,,,,,2,,,,,,,,,,,,,,,,,,,,,,,,,,,,,,,,,,,,,,,,,,,,,,,,,,s,0.5116,,space,0.5259,,2,brown_gnome,2,3,bright_forest,red_basket,orange_gnome,2,8,dark_forest,yellow_basket,3,0,0,1,brown_gnome,bright_forest,red_basket,242,-1,-1,2,1,17,1,1,,,,,,,,,,,,,,,,,,,,,,,,,,,,,,,,,,,,,,,,,,,,,,,,,,,,,,,,,,,,,,,,,,,,,
,,,,,,,,,,,,,,,,,,,,,,,,,,,,,,,,,,,,,,,,,,,,,,,,,,,,,,,,,,,,,,,,,,743837,001,2024-11-25_17h28.25.105,experiment,2023.2.3,Linux x86_64,60.24096386,5cadb168466544001a69832d,67446fa89e86ac01e4128331,6744b3803a686ff2558df228,,,,,,,,,,,,,,,,,,,,,,,,,,,,,,,,,,,,,,,,,,1,,,,,,,,,,,,,3,,,,,,,,,,,,,,,,,,,,,,,,,,,,,,,,,,,,,,,,,,,,,,,,,,k,0.6128,,space,0.5788,,3,green_gnome,3,2,bright_forest,red_basket,purple_gnome,3,7,dark_forest,yellow_basket,7,0,0,1,purple_gnome,dark_forest,yellow_basket,249,1,0,2,2,18,2,1,,,,,,,,,,,,,,,,,,,,,,,,,,,,,,,,,,,,,,,,,,,,,,,,,,,,,,,,,,,,,,,,,,,,,
,,,,,,,,,,,,,,,,,,,,,,,,,,,,,,,,,,,,,,,,,,,,,,,,,,,,,,,,,,,,,,,,,,743837,001,2024-11-25_17h28.25.105,experiment,2023.2.3,Linux x86_64,60.24096386,5cadb168466544001a69832d,67446fa89e86ac01e4128331,6744b3803a686ff2558df228,,,,,,,,,,,,,,,,,,,,,,,,,,,,,,,,,,,,,,,,,,1,,,,,,,,,,,,,1,,,,,,,,,,,,,,,,,,,,,,,,,,,,,,,,,,,,,,,,,,,,,,,,,,k,0.5949,,space,0.4791,,1,yellow_gnome,1,7,dark_forest,yellow_basket,blue_gnome,1,3,bright_forest,red_basket,3,0,0,1,blue_gnome,bright_forest,red_basket,252,-2,2,2,3,19,0,1,,,,,,,,,,,,,,,,,,,,,,,,,,,,,,,,,,,,,,,,,,,,,,,,,,,,,,,,,,,,,,,,,,,,,
,,,,,,,,,,,,,,,,,,,,,,,,,,,,,,,,,,,,,,,,,,,,,,,,,,,,,,,,,,,,,,,,,,743837,001,2024-11-25_17h28.25.105,experiment,2023.2.3,Linux x86_64,60.24096386,5cadb168466544001a69832d,67446fa89e86ac01e4128331,6744b3803a686ff2558df228,,,,,,,,,,,,,,,,,,,,,,,,,,,,,,,,,,,,,,,,,,5,,,,,,,,,,,,,3,,,,,,,,,,,,,,,,,,,,,,,,,,,,,,,,,,,,,,,,,,,,,,,,,,s,0.612,,space,0.4591,,3,purple_gnome,3,9,dark_forest,yellow_basket,green_gnome,3,1,bright_forest,red_basket,45,0,0,1,purple_gnome,dark_forest,yellow_basket,297,0,3,2,4,20,6,1,,,,,,,,,,,,,,,,,,,,,,,,,,,,,,,,,,,,,,,,,,,,,,,,,,,,,,,,,,,,,,,,,,,,,
,,,,,,,,,,,,,,,,,,,,,,,,,,,,,,,,,,,,,,,,,,,,,,,,,,,,,,,,,,,,,,,,,,743837,001,2024-11-25_17h28.25.105,experiment,2023.2.3,Linux x86_64,60.24096386,5cadb168466544001a69832d,67446fa89e86ac01e4128331,6744b3803a686ff2558df228,,,,,,,,,,,,,,,,,,,,,,,,,,,,,,,,,,,,,,,,,,5,,,,,,,,,,,,,3,,,,,,,,,,,,,,,,,,,,,,,,,,,,,,,,,,,,,,,,,,,,,,,,,,s,0.5435,,space,0.6408,,3,purple_gnome,3,6,dark_forest,yellow_basket,green_gnome,3,1,bright_forest,red_basket,30,0,0,1,purple_gnome,dark_forest,yellow_basket,327,1,-1,2,5,21,6,1,,,,,,,,,,,,,,,,,,,,,,,,,,,,,,,,,,,,,,,,,,,,,,,,,,,,,,,,,,,,,,,,,,,,,
,,,,,,,,,,,,,,,,,,,,,,,,,,,,,,,,,,,,,,,,,,,,,,,,,,,,,,,,,,,,,,,,,,743837,001,2024-11-25_17h28.25.105,experiment,2023.2.3,Linux x86_64,60.24096386,5cadb168466544001a69832d,67446fa89e86ac01e4128331,6744b3803a686ff2558df228,,,,,,,,,,,,,,,,,,,,,,,,,,,,,,,,,,,,,,,,,,1,,,,,,,,,,,,,4,,,,,,,,,,,,,,,,,,,,,,,,,,,,,,,,,,,,,,,,,,,,,,,,,,k,0.7291,,space,0.6948,,4,red_gnome,4,5,dark_forest,yellow_basket,pink_gnome,4,2,bright_forest,red_basket,2,0,0,1,pink_gnome,bright_forest,red_basket,329,-2,0,2,6,22,3,1,,,,,,,,,,,,,,,,,,,,,,,,,,,,,,,,,,,,,,,,,,,,,,,,,,,,,,,,,,,,,,,,,,,,,
,,,,,,,,,,,,,,,,,,,,,,,,,,,,,,,,,,,,,,,,,,,,,,,,,,,,,,,,,,,,,,,,,,743837,001,2024-11-25_17h28.25.105,experiment,2023.2.3,Linux x86_64,60.24096386,5cadb168466544001a69832d,67446fa89e86ac01e4128331,6744b3803a686ff2558df228,,,,,,,,,,,,,,,,,,,,,,,,,,,,,,,,,,,,,,,,,,5,,,,,,,,,,,,,3,,,,,,,,,,,,,,,,,,,,,,,,,,,,,,,,,,,,,,,,,,,,,,,,,,k,0.4595,,space,0.583,,3,green_gnome,3,0,bright_forest,red_basket,purple_gnome,3,5,dark_forest,yellow_basket,25,0,0,1,purple_gnome,dark_forest,yellow_basket,354,-1,0,2,7,23,6,1,,,,,,,,,,,,,,,,,,,,,,,,,,,,,,,,,,,,,,,,,,,,,,,,,,,,,,,,,,,,,,,,,,,,,
,,,,,,,,,,,,,,,,,,,,,,,,,,,,,,,,,,,,,,,,,,,,,,,,,,,,,,,,,,,,,,,,,,743837,001,2024-11-25_17h28.25.105,experiment,2023.2.3,Linux x86_64,60.24096386,5cadb168466544001a69832d,67446fa89e86ac01e4128331,6744b3803a686ff2558df228,,,,,,,,,,,,,,,,,,,,,,,,,,,,,,,,,,,,,,,,,,1,,,,,,,,,,,,,4,,,,,,,,,,,,,,,,,,,,,,,,,,,,,,,,,,,,,,,,,,,,,,,,,,s,0.7257,,space,0.7415,,4,pink_gnome,4,1,bright_forest,red_basket,red_gnome,4,5,dark_forest,yellow_basket,1,0,0,1,pink_gnome,bright_forest,red_basket,355,1,-2,3,0,24,3,1,,,,,,,,,,,,,,,,,,,,,,,,,,,,,,,,,,,,,,,,,,,,,,,,,,,,,,,,,,,,,,,,,,,,,
,,,,,,,,,,,,,,,,,,,,,,,,,,,,,,,,,,,,,,,,,,,,,,,,,,,,,,,,,,,,,,,,,,743837,001,2024-11-25_17h28.25.105,experiment,2023.2.3,Linux x86_64,60.24096386,5cadb168466544001a69832d,67446fa89e86ac01e4128331,6744b3803a686ff2558df228,,,,,,,,,,,,,,,,,,,,,,,,,,,,,,,,,,,,,,,,,,5,,,,,,,,,,,,,2,,,,,,,,,,,,,,,,,,,,,,,,,,,,,,,,,,,,,,,,,,,,,,,,,,k,0.8106,,space,0.6763,,2,orange_gnome,2,3,dark_forest,yellow_basket,brown_gnome,2,2,bright_forest,red_basket,10,0,0,1,brown_gnome,bright_forest,red_basket,365,0,-2,3,1,25,5,1,,,,,,,,,,,,,,,,,,,,,,,,,,,,,,,,,,,,,,,,,,,,,,,,,,,,,,,,,,,,,,,,,,,,,
,,,,,,,,,,,,,,,,,,,,,,,,,,,,,,,,,,,,,,,,,,,,,,,,,,,,,,,,,,,,,,,,,,743837,001,2024-11-25_17h28.25.105,experiment,2023.2.3,Linux x86_64,60.24096386,5cadb168466544001a69832d,67446fa89e86ac01e4128331,6744b3803a686ff2558df228,,,,,,,,,,,,,,,,,,,,,,,,,,,,,,,,,,,,,,,,,,5,,,,,,,,,,,,,2,,,,,,,,,,,,,,,,,,,,,,,,,,,,,,,,,,,,,,,,,,,,,,,,,,s,0.7001,,space,0.6277,,2,brown_gnome,2,2,bright_forest,red_basket,orange_gnome,2,1,dark_forest,yellow_basket,10,0,0,1,brown_gnome,bright_forest,red_basket,375,-1,1,3,2,26,5,1,,,,,,,,,,,,,,,,,,,,,,,,,,,,,,,,,,,,,,,,,,,,,,,,,,,,,,,,,,,,,,,,,,,,,
,,,,,,,,,,,,,,,,,,,,,,,,,,,,,,,,,,,,,,,,,,,,,,,,,,,,,,,,,,,,,,,,,,743837,001,2024-11-25_17h28.25.105,experiment,2023.2.3,Linux x86_64,60.24096386,5cadb168466544001a69832d,67446fa89e86ac01e4128331,6744b3803a686ff2558df228,,,,,,,,,,,,,,,,,,,,,,,,,,,,,,,,,,,,,,,,,,5,,,,,,,,,,,,,3,,,,,,,,,,,,,,,,,,,,,,,,,,,,,,,,,,,,,,,,,,,,,,,,,,k,0.5932,,space,0.5107,,3,purple_gnome,3,2,dark_forest,yellow_basket,green_gnome,3,1,bright_forest,red_basket,5,0,0,1,green_gnome,bright_forest,red_basket,380,1,0,3,3,27,6,1,,,,,,,,,,,,,,,,,,,,,,,,,,,,,,,,,,,,,,,,,,,,,,,,,,,,,,,,,,,,,,,,,,,,,
,,,,,,,,,,,,,,,,,,,,,,,,,,,,,,,,,,,,,,,,,,,,,,,,,,,,,,,,,,,,,,,,,,743837,001,2024-11-25_17h28.25.105,experiment,2023.2.3,Linux x86_64,60.24096386,5cadb168466544001a69832d,67446fa89e86ac01e4128331,6744b3803a686ff2558df228,,,,,,,,,,,,,,,,,,,,,,,,,,,,,,,,,,,,,,,,,,5,,,,,,,,,,,,,4,,,,,,,,,,,,,,,,,,,,,,,,,,,,,,,,,,,,,,,,,,,,,,,,,,s,1.059,,space,0.797,,4,pink_gnome,4,2,bright_forest,red_basket,red_gnome,4,2,dark_forest,yellow_basket,10,0,0,1,pink_gnome,bright_forest,red_basket,390,2,-1,3,4,28,7,1,,,,,,,,,,,,,,,,,,,,,,,,,,,,,,,,,,,,,,,,,,,,,,,,,,,,,,,,,,,,,,,,,,,,,
,,,,,,,,,,,,,,,,,,,,,,,,,,,,,,,,,,,,,,,,,,,,,,,,,,,,,,,,,,,,,,,,,,743837,001,2024-11-25_17h28.25.105,experiment,2023.2.3,Linux x86_64,60.24096386,5cadb168466544001a69832d,67446fa89e86ac01e4128331,6744b3803a686ff2558df228,,,,,,,,,,,,,,,,,,,,,,,,,,,,,,,,,,,,,,,,,,5,,,,,,,,,,,,,3,,,,,,,,,,,,,,,,,,,,,,,,,,,,,,,,,,,,,,,,,,,,,,,,,,k,0.6464,,space,0.8086,,3,green_gnome,3,4,bright_forest,red_basket,purple_gnome,3,1,dark_forest,yellow_basket,5,0,0,1,purple_gnome,dark_forest,yellow_basket,395,0,1,3,5,29,6,1,,,,,,,,,,,,,,,,,,,,,,,,,,,,,,,,,,,,,,,,,,,,,,,,,,,,,,,,,,,,,,,,,,,,,
,,,,,,,,,,,,,,,,,,,,,,,,,,,,,,,,,,,,,,,,,,,,,,,,,,,,,,,,,,,,,,,,,,743837,001,2024-11-25_17h28.25.105,experiment,2023.2.3,Linux x86_64,60.24096386,5cadb168466544001a69832d,67446fa89e86ac01e4128331,6744b3803a686ff2558df228,,,,,,,,,,,,,,,,,,,,,,,,,,,,,,,,,,,,,,,,,,5,,,,,,,,,,,,,1,,,,,,,,,,,,,,,,,,,,,,,,,,,,,,,,,,,,,,,,,,,,,,,,,,s,0.5259,,space,0.6318,,1,blue_gnome,1,4,bright_forest,red_basket,yellow_gnome,1,2,dark_forest,yellow_basket,20,0,0,1,blue_gnome,bright_forest,red_basket,415,-1,-2,3,6,30,4,1,,,,,,,,,,,,,,,,,,,,,,,,,,,,,,,,,,,,,,,,,,,,,,,,,,,,,,,,,,,,,,,,,,,,,
,,,,,,,,,,,,,,,,,,,,,,,,,,,,,,,,,,,,,,,,,,,,,,,,,,,,,,,,,,,,,,,,,,743837,001,2024-11-25_17h28.25.105,experiment,2023.2.3,Linux x86_64,60.24096386,5cadb168466544001a69832d,67446fa89e86ac01e4128331,6744b3803a686ff2558df228,,,,,,,,,,,,,,,,,,,,,,,,,,,,,,,,,,,,,,,,,,1,,,,,,,,,,,,,3,,,,,,,,,,,,,,,,,,,,,,,,,,,,,,,,,,,,,,,,,,,,,,,,,,k,0.6614,,space,0.4417,,3,green_gnome,3,3,bright_forest,red_basket,purple_gnome,3,0,dark_forest,yellow_basket,0,0,0,1,purple_gnome,dark_forest,yellow_basket,415,0,1,3,7,31,2,1,,,,,,,,,,,,,,,,,,,,,,,,,,,,,,,,,,,,,,,,,,,,,,,,,,,,,,,,,,,,,,,,,,,,,
,,,,,,,,,,,,,,,,,,,,,,,,,,,,,,,,,,,,,,,,,,,,,,,,,,,,,,,,,,,,,,,,,,743837,001,2024-11-25_17h28.25.105,experiment,2023.2.3,Linux x86_64,60.24096386,5cadb168466544001a69832d,67446fa89e86ac01e4128331,6744b3803a686ff2558df228,,,,,,,,,,,,,,,,,,,,,,,,,,,,,,,,,,,,,,,,,,1,,,,,,,,,,,,,3,,,,,,,,,,,,,,,,,,,,,,,,,,,,,,,,,,,,,,,,,,,,,,,,,,s,0.4429,,space,0.8592,,3,purple_gnome,3,1,dark_forest,yellow_basket,green_gnome,3,3,bright_forest,red_basket,1,0,0,1,purple_gnome,dark_forest,yellow_basket,416,-1,-1,4,0,32,2,1,,,,,,,,,,,,,,,,,,,,,,,,,,,,,,,,,,,,,,,,,,,,,,,,,,,,,,,,,,,,,,,,,,,,,
,,,,,,,,,,,,,,,,,,,,,,,,,,,,,,,,,,,,,,,,,,,,,,,,,,,,,,,,,,,,,,,,,,743837,001,2024-11-25_17h28.25.105,experiment,2023.2.3,Linux x86_64,60.24096386,5cadb168466544001a69832d,67446fa89e86ac01e4128331,6744b3803a686ff2558df228,,,,,,,,,,,,,,,,,,,,,,,,,,,,,,,,,,,,,,,,,,5,,,,,,,,,,,,,1,,,,,,,,,,,,,,,,,,,,,,,,,,,,,,,,,,,,,,,,,,,,,,,,,,,,,,,,1,blue_gnome,1,2,bright_forest,red_basket,yellow_gnome,1,0,dark_forest,yellow_basket,0,1,0,0,,dark_forest,yellow_basket,416,-1,2,4,1,33,4,1,,,,,,,,,,,,,,,,,,,,,,,,,,,,,,,,,,,,,,,,,,,,,,,,,,,,,,,,,,,,,,,,,,,,,
,,,,,,,,,,,,,,,,,,,,,,,,,,,,,,,,,,,,,,,,,,,,,,,,,,,,,,,,,,,,,,,,,,743837,001,2024-11-25_17h28.25.105,experiment,2023.2.3,Linux x86_64,60.24096386,5cadb168466544001a69832d,67446fa89e86ac01e4128331,6744b3803a686ff2558df228,,,,,,,,,,,,,,,,,,,,,,,,,,,,,,,,,,,,,,,,,,1,,,,,,,,,,,,,1,,,,,,,,,,,,,,,,,,,,,,,,,,,,,,,,,,,,,,,,,,,,,,,,,,s,0.663,,space,1.0259,,1,blue_gnome,1,1,bright_forest,red_basket,yellow_gnome,1,2,dark_forest,yellow_basket,1,0,0,1,blue_gnome,bright_forest,red_basket,417,0,3,4,2,34,0,1,,,,,,,,,,,,,,,,,,,,,,,,,,,,,,,,,,,,,,,,,,,,,,,,,,,,,,,,,,,,,,,,,,,,,
,,,,,,,,,,,,,,,,,,,,,,,,,,,,,,,,,,,,,,,,,,,,,,,,,,,,,,,,,,,,,,,,,,743837,001,2024-11-25_17h28.25.105,experiment,2023.2.3,Linux x86_64,60.24096386,5cadb168466544001a69832d,67446fa89e86ac01e4128331,6744b3803a686ff2558df228,,,,,,,,,,,,,,,,,,,,,,,,,,,,,,,,,,,,,,,,,,5,,,,,,,,,,,,,3,,,,,,,,,,,,,,,,,,,,,,,,,,,,,,,,,,,,,,,,,,,,,,,,,,k,0.4652,,space,0.4079,,3,green_gnome,3,1,bright_forest,red_basket,purple_gnome,3,5,dark_forest,yellow_basket,25,0,0,1,purple_gnome,dark_forest,yellow_basket,442,0,0,4,3,35,6,1,,,,,,,,,,,,,,,,,,,,,,,,,,,,,,,,,,,,,,,,,,,,,,,,,,,,,,,,,,,,,,,,,,,,,
,,,,,,,,,,,,,,,,,,,,,,,,,,,,,,,,,,,,,,,,,,,,,,,,,,,,,,,,,,,,,,,,,,743837,001,2024-11-25_17h28.25.105,experiment,2023.2.3,Linux x86_64,60.24096386,5cadb168466544001a69832d,67446fa89e86ac01e4128331,6744b3803a686ff2558df228,,,,,,,,,,,,,,,,,,,,,,,,,,,,,,,,,,,,,,,,,,5,,,,,,,,,,,,,1,,,,,,,,,,,,,,,,,,,,,,,,,,,,,,,,,,,,,,,,,,,,,,,,,,s,0.445,,space,0.5661,,1,yellow_gnome,1,5,dark_forest,yellow_basket,blue_gnome,1,1,bright_forest,red_basket,25,0,0,1,yellow_gnome,dark_forest,yellow_basket,467,-3,-1,4,4,36,4,1,,,,,,,,,,,,,,,,,,,,,,,,,,,,,,,,,,,,,,,,,,,,,,,,,,,,,,,,,,,,,,,,,,,,,
,,,,,,,,,,,,,,,,,,,,,,,,,,,,,,,,,,,,,,,,,,,,,,,,,,,,,,,,,,,,,,,,,,743837,001,2024-11-25_17h28.25.105,experiment,2023.2.3,Linux x86_64,60.24096386,5cadb168466544001a69832d,67446fa89e86ac01e4128331,6744b3803a686ff2558df228,,,,,,,,,,,,,,,,,,,,,,,,,,,,,,,,,,,,,,,,,,1,,,,,,,,,,,,,2,,,,,,,,,,,,,,,,,,,,,,,,,,,,,,,,,,,,,,,,,,,,,,,,,,s,0.8949,,space,0.8109,,2,brown_gnome,2,2,bright_forest,red_basket,orange_gnome,2,4,dark_forest,yellow_basket,2,0,0,1,brown_gnome,bright_forest,red_basket,469,-1,0,4,5,37,1,1,,,,,,,,,,,,,,,,,,,,,,,,,,,,,,,,,,,,,,,,,,,,,,,,,,,,,,,,,,,,,,,,,,,,,
,,,,,,,,,,,,,,,,,,,,,,,,,,,,,,,,,,,,,,,,,,,,,,,,,,,,,,,,,,,,,,,,,,743837,001,2024-11-25_17h28.25.105,experiment,2023.2.3,Linux x86_64,60.24096386,5cadb168466544001a69832d,67446fa89e86ac01e4128331,6744b3803a686ff2558df228,,,,,,,,,,,,,,,,,,,,,,,,,,,,,,,,,,,,,,,,,,1,,,,,,,,,,,,,2,,,,,,,,,,,,,,,,,,,,,,,,,,,,,,,,,,,,,,,,,,,,,,,,,,k,0.4466,,space,0.6607,,2,orange_gnome,2,4,dark_forest,yellow_basket,brown_gnome,2,1,bright_forest,red_basket,1,0,0,1,brown_gnome,bright_forest,red_basket,470,-2,3,4,6,38,1,1,,,,,,,,,,,,,,,,,,,,,,,,,,,,,,,,,,,,,,,,,,,,,,,,,,,,,,,,,,,,,,,,,,,,,
,,,,,,,,,,,,,,,,,,,,,,,,,,,,,,,,,,,,,,,,,,,,,,,,,,,,,,,,,,,,,,,,,,743837,001,2024-11-25_17h28.25.105,experiment,2023.2.3,Linux x86_64,60.24096386,5cadb168466544001a69832d,67446fa89e86ac01e4128331,6744b3803a686ff2558df228,,,,,,,,,,,,,,,,,,,,,,,,,,,,,,,,,,,,,,,,,,1,,,,,,,,,,,,,2,,,,,,,,,,,,,,,,,,,,,,,,,,,,,,,,,,,,,,,,,,,,,,,,,,s,0.6664,,space,1.1508,,2,orange_gnome,2,7,dark_forest,yellow_basket,brown_gnome,2,1,bright_forest,red_basket,7,0,0,1,orange_gnome,dark_forest,yellow_basket,477,4,-1,4,7,39,1,1,,,,,,,,,,,,,,,,,,,,,,,,,,,,,,,,,,,,,,,,,,,,,,,,,,,,,,,,,,,,,,,,,,,,,
,,,,,,,,,,,,,,,,,,,,,,,,,,,,,,,,,,,,,,,,,,,,,,,,,,,,,,,,,,,,,,,,,,743837,001,2024-11-25_17h28.25.105,experiment,2023.2.3,Linux x86_64,60.24096386,5cadb168466544001a69832d,67446fa89e86ac01e4128331,6744b3803a686ff2558df228,,,,,,,,,,,,,,,,,,,,,,,,,,,,,,,,,,,,,,,,,,1,,,,,,,,,,,,,4,,,,,,,,,,,,,,,,,,,,,,,,,,,,,,,,,,,,,,,,,,,,,,,,,,k,0.5285,,space,0.5285,,4,red_gnome,4,6,dark_forest,yellow_basket,pink_gnome,4,5,bright_forest,red_basket,5,0,0,1,pink_gnome,bright_forest,red_basket,482,1,1,5,0,40,3,1,,,,,,,,,,,,,,,,,,,,,,,,,,,,,,,,,,,,,,,,,,,,,,,,,,,,,,,,,,,,,,,,,,,,,
,,,,,,,,,,,,,,,,,,,,,,,,,,,,,,,,,,,,,,,,,,,,,,,,,,,,,,,,,,,,,,,,,,743837,001,2024-11-25_17h28.25.105,experiment,2023.2.3,Linux x86_64,60.24096386,5cadb168466544001a69832d,67446fa89e86ac01e4128331,6744b3803a686ff2558df228,,,,,,,,,,,,,,,,,,,,,,,,,,,,,,,,,,,,,,,,,,5,,,,,,,,,,,,,1,,,,,,,,,,,,,,,,,,,,,,,,,,,,,,,,,,,,,,,,,,,,,,,,,,s,0.798,,space,0.593,,1,yellow_gnome,1,7,dark_forest,yellow_basket,blue_gnome,1,6,bright_forest,red_basket,35,0,0,1,yellow_gnome,dark_forest,yellow_basket,517,0,-3,5,1,41,4,1,,,,,,,,,,,,,,,,,,,,,,,,,,,,,,,,,,,,,,,,,,,,,,,,,,,,,,,,,,,,,,,,,,,,,
,,,,,,,,,,,,,,,,,,,,,,,,,,,,,,,,,,,,,,,,,,,,,,,,,,,,,,,,,,,,,,,,,,743837,001,2024-11-25_17h28.25.105,experiment,2023.2.3,Linux x86_64,60.24096386,5cadb168466544001a69832d,67446fa89e86ac01e4128331,6744b3803a686ff2558df228,,,,,,,,,,,,,,,,,,,,,,,,,,,,,,,,,,,,,,,,,,5,,,,,,,,,,,,,3,,,,,,,,,,,,,,,,,,,,,,,,,,,,,,,,,,,,,,,,,,,,,,,,,,k,0.998,,,,,3,purple_gnome,3,4,dark_forest,yellow_basket,green_gnome,3,6,bright_forest,red_basket,0,0,1,0,green_gnome,bright_forest,red_basket,517,-7,0,5,2,42,6,1,,,,,,,,,,,,,,,,,,,,,,,,,,,,,,,,,,,,,,,,,,,,,,,,,,,,,,,,,,,,,,,,,,,,,
,,,,,,,,,,,,,,,,,,,,,,,,,,,,,,,,,,,,,,,,,,,,,,,,,,,,,,,,,,,,,,,,,,743837,001,2024-11-25_17h28.25.105,experiment,2023.2.3,Linux x86_64,60.24096386,5cadb168466544001a69832d,67446fa89e86ac01e4128331,6744b3803a686ff2558df228,,,,,,,,,,,,,,,,,,,,,,,,,,,,,,,,,,,,,,,,,,5,,,,,,,,,,,,,2,,,,,,,,,,,,,,,,,,,,,,,,,,,,,,,,,,,,,,,,,,,,,,,,,,k,0.7095,,space,0.5278,,2,orange_gnome,2,4,dark_forest,yellow_basket,brown_gnome,2,1,bright_forest,red_basket,5,0,0,1,brown_gnome,bright_forest,red_basket,522,-1,-3,5,3,43,5,1,,,,,,,,,,,,,,,,,,,,,,,,,,,,,,,,,,,,,,,,,,,,,,,,,,,,,,,,,,,,,,,,,,,,,
,,,,,,,,,,,,,,,,,,,,,,,,,,,,,,,,,,,,,,,,,,,,,,,,,,,,,,,,,,,,,,,,,,743837,001,2024-11-25_17h28.25.105,experiment,2023.2.3,Linux x86_64,60.24096386,5cadb168466544001a69832d,67446fa89e86ac01e4128331,6744b3803a686ff2558df228,,,,,,,,,,,,,,,,,,,,,,,,,,,,,,,,,,,,,,,,,,5,,,,,,,,,,,,,4,,,,,,,,,,,,,,,,,,,,,,,,,,,,,,,,,,,,,,,,,,,,,,,,,,s,0.4804,,space,0.4901,,4,pink_gnome,4,0,bright_forest,red_basket,red_gnome,4,1,dark_forest,yellow_basket,0,0,0,1,pink_gnome,bright_forest,red_basket,522,-1,-7,5,4,44,7,1,,,,,,,,,,,,,,,,,,,,,,,,,,,,,,,,,,,,,,,,,,,,,,,,,,,,,,,,,,,,,,,,,,,,,
,,,,,,,,,,,,,,,,,,,,,,,,,,,,,,,,,,,,,,,,,,,,,,,,,,,,,,,,,,,,,,,,,,743837,001,2024-11-25_17h28.25.105,experiment,2023.2.3,Linux x86_64,60.24096386,5cadb168466544001a69832d,67446fa89e86ac01e4128331,6744b3803a686ff2558df228,,,,,,,,,,,,,,,,,,,,,,,,,,,,,,,,,,,,,,,,,,5,,,,,,,,,,,,,3,,,,,,,,,,,,,,,,,,,,,,,,,,,,,,,,,,,,,,,,,,,,,,,,,,k,0.5112,,space,0.5948,,3,green_gnome,3,1,bright_forest,red_basket,purple_gnome,3,6,dark_forest,yellow_basket,30,0,0,1,purple_gnome,dark_forest,yellow_basket,552,2,0,5,5,45,6,1,,,,,,,,,,,,,,,,,,,,,,,,,,,,,,,,,,,,,,,,,,,,,,,,,,,,,,,,,,,,,,,,,,,,,
,,,,,,,,,,,,,,,,,,,,,,,,,,,,,,,,,,,,,,,,,,,,,,,,,,,,,,,,,,,,,,,,,,743837,001,2024-11-25_17h28.25.105,experiment,2023.2.3,Linux x86_64,60.24096386,5cadb168466544001a69832d,67446fa89e86ac01e4128331,6744b3803a686ff2558df228,,,,,,,,,,,,,,,,,,,,,,,,,,,,,,,,,,,,,,,,,,1,,,,,,,,,,,,,2,,,,,,,,,,,,,,,,,,,,,,,,,,,,,,,,,,,,,,,,,,,,,,,,,,s,0.6276,,space,0.535,,2,orange_gnome,2,6,dark_forest,yellow_basket,brown_gnome,2,3,bright_forest,red_basket,6,0,0,1,orange_gnome,dark_forest,yellow_basket,558,-1,-1,5,6,46,1,1,,,,,,,,,,,,,,,,,,,,,,,,,,,,,,,,,,,,,,,,,,,,,,,,,,,,,,,,,,,,,,,,,,,,,
,,,,,,,,,,,,,,,,,,,,,,,,,,,,,,,,,,,,,,,,,,,,,,,,,,,,,,,,,,,,,,,,,,743837,001,2024-11-25_17h28.25.105,experiment,2023.2.3,Linux x86_64,60.24096386,5cadb168466544001a69832d,67446fa89e86ac01e4128331,6744b3803a686ff2558df228,,,,,,,,,,,,,,,,,,,,,,,,,,,,,,,,,,,,,,,,,,1,,,,,,,,,,,,,3,,,,,,,,,,,,,,,,,,,,,,,,,,,,,,,,,,,,,,,,,,,,,,,,,,k,0.4444,,space,0.7317,,3,green_gnome,3,2,bright_forest,red_basket,purple_gnome,3,5,dark_forest,yellow_basket,5,0,0,1,purple_gnome,dark_forest,yellow_basket,563,-1,-1,5,7,47,2,1,,,,,,,,,,,,,,,,,,,,,,,,,,,,,,,,,,,,,,,,,,,,,,,,,,,,,,,,,,,,,,,,,,,,,
,,,,,,,,,,,,,,,,,,,,,,,,,,,,,,,,,,,,,,,,,,,,,,,,,,,,,,,,,,,,,,,,,,743837,001,2024-11-25_17h28.25.105,experiment,2023.2.3,Linux x86_64,60.24096386,5cadb168466544001a69832d,67446fa89e86ac01e4128331,6744b3803a686ff2558df228,,,,,,,,,,,,,,,,,,,,,,,,,,,,,,,,,,,,,,,,,,5,,,,,,,,,,,,,4,,,,,,,,,,,,,,,,,,,,,,,,,,,,,,,,,,,,,,,,,,,,,,,,,,k,0.6108,,,,,4,red_gnome,4,4,dark_forest,yellow_basket,pink_gnome,4,1,bright_forest,red_basket,0,0,1,0,pink_gnome,bright_forest,red_basket,563,-2,0,6,0,48,7,1,,,,,,,,,,,,,,,,,,,,,,,,,,,,,,,,,,,,,,,,,,,,,,,,,,,,,,,,,,,,,,,,,,,,,
,,,,,,,,,,,,,,,,,,,,,,,,,,,,,,,,,,,,,,,,,,,,,,,,,,,,,,,,,,,,,,,,,,743837,001,2024-11-25_17h28.25.105,experiment,2023.2.3,Linux x86_64,60.24096386,5cadb168466544001a69832d,67446fa89e86ac01e4128331,6744b3803a686ff2558df228,,,,,,,,,,,,,,,,,,,,,,,,,,,,,,,,,,,,,,,,,,1,,,,,,,,,,,,,1,,,,,,,,,,,,,,,,,,,,,,,,,,,,,,,,,,,,,,,,,,,,,,,,,,s,0.7968,,space,1.0808,,1,blue_gnome,1,1,bright_forest,red_basket,yellow_gnome,1,4,dark_forest,yellow_basket,1,0,0,1,blue_gnome,bright_forest,red_basket,564,-3,-5,6,1,49,0,1,,,,,,,,,,,,,,,,,,,,,,,,,,,,,,,,,,,,,,,,,,,,,,,,,,,,,,,,,,,,,,,,,,,,,
,,,,,,,,,,,,,,,,,,,,,,,,,,,,,,,,,,,,,,,,,,,,,,,,,,,,,,,,,,,,,,,,,,743837,001,2024-11-25_17h28.25.105,experiment,2023.2.3,Linux x86_64,60.24096386,5cadb168466544001a69832d,67446fa89e86ac01e4128331,6744b3803a686ff2558df228,,,,,,,,,,,,,,,,,,,,,,,,,,,,,,,,,,,,,,,,,,5,,,,,,,,,,,,,2,,,,,,,,,,,,,,,,,,,,,,,,,,,,,,,,,,,,,,,,,,,,,,,,,,s,0.5641,,space,0.7281,,2,brown_gnome,2,2,bright_forest,red_basket,orange_gnome,2,1,dark_forest,yellow_basket,10,0,0,1,brown_gnome,bright_forest,red_basket,574,2,1,6,2,50,5,1,,,,,,,,,,,,,,,,,,,,,,,,,,,,,,,,,,,,,,,,,,,,,,,,,,,,,,,,,,,,,,,,,,,,,
,,,,,,,,,,,,,,,,,,,,,,,,,,,,,,,,,,,,,,,,,,,,,,,,,,,,,,,,,,,,,,,,,,743837,001,2024-11-25_17h28.25.105,experiment,2023.2.3,Linux x86_64,60.24096386,5cadb168466544001a69832d,67446fa89e86ac01e4128331,6744b3803a686ff2558df228,,,,,,,,,,,,,,,,,,,,,,,,,,,,,,,,,,,,,,,,,,5,,,,,,,,,,,,,2,,,,,,,,,,,,,,,,,,,,,,,,,,,,,,,,,,,,,,,,,,,,,,,,,,s,0.8296,,space,0.9929,,2,orange_gnome,2,2,dark_forest,yellow_basket,brown_gnome,2,4,bright_forest,red_basket,10,0,0,1,orange_gnome,dark_forest,yellow_basket,584,2,0,6,3,51,5,1,,,,,,,,,,,,,,,,,,,,,,,,,,,,,,,,,,,,,,,,,,,,,,,,,,,,,,,,,,,,,,,,,,,,,
,,,,,,,,,,,,,,,,,,,,,,,,,,,,,,,,,,,,,,,,,,,,,,,,,,,,,,,,,,,,,,,,,,743837,001,2024-11-25_17h28.25.105,experiment,2023.2.3,Linux x86_64,60.24096386,5cadb168466544001a69832d,67446fa89e86ac01e4128331,6744b3803a686ff2558df228,,,,,,,,,,,,,,,,,,,,,,,,,,,,,,,,,,,,,,,,,,1,,,,,,,,,,,,,4,,,,,,,,,,,,,,,,,,,,,,,,,,,,,,,,,,,,,,,,,,,,,,,,,,k,0.5262,,,,,4,pink_gnome,4,6,bright_forest,red_basket,red_gnome,4,2,dark_forest,yellow_basket,0,0,1,0,red_gnome,dark_forest,yellow_basket,584,-2,-1,6,4,52,3,1,,,,,,,,,,,,,,,,,,,,,,,,,,,,,,,,,,,,,,,,,,,,,,,,,,,,,,,,,,,,,,,,,,,,,
,,,,,,,,,,,,,,,,,,,,,,,,,,,,,,,,,,,,,,,,,,,,,,,,,,,,,,,,,,,,,,,,,,743837,001,2024-11-25_17h28.25.105,experiment,2023.2.3,Linux x86_64,60.24096386,5cadb168466544001a69832d,67446fa89e86ac01e4128331,6744b3803a686ff2558df228,,,,,,,,,,,,,,,,,,,,,,,,,,,,,,,,,,,,,,,,,,1,,,,,,,,,,,,,2,,,,,,,,,,,,,,,,,,,,,,,,,,,,,,,,,,,,,,,,,,,,,,,,,,k,0.9658,,space,0.6276,,2,brown_gnome,2,4,bright_forest,red_basket,orange_gnome,2,1,dark_forest,yellow_basket,1,0,0,1,orange_gnome,dark_forest,yellow_basket,585,0,-1,6,5,53,1,1,,,,,,,,,,,,,,,,,,,,,,,,,,,,,,,,,,,,,,,,,,,,,,,,,,,,,,,,,,,,,,,,,,,,,
,,,,,,,,,,,,,,,,,,,,,,,,,,,,,,,,,,,,,,,,,,,,,,,,,,,,,,,,,,,,,,,,,,743837,001,2024-11-25_17h28.25.105,experiment,2023.2.3,Linux x86_64,60.24096386,5cadb168466544001a69832d,67446fa89e86ac01e4128331,6744b3803a686ff2558df228,,,,,,,,,,,,,,,,,,,,,,,,,,,,,,,,,,,,,,,,,,5,,,,,,,,,,,,,1,,,,,,,,,,,,,,,,,,,,,,,,,,,,,,,,,,,,,,,,,,,,,,,,,,k,0.6489,,space,0.8098,,1,yellow_gnome,1,0,dark_forest,yellow_basket,blue_gnome,1,4,bright_forest,red_basket,20,0,0,1,blue_gnome,bright_forest,red_basket,605,-1,2,6,6,54,4,1,,,,,,,,,,,,,,,,,,,,,,,,,,,,,,,,,,,,,,,,,,,,,,,,,,,,,,,,,,,,,,,,,,,,,
,,,,,,,,,,,,,,,,,,,,,,,,,,,,,,,,,,,,,,,,,,,,,,,,,,,,,,,,,,,,,,,,,,743837,001,2024-11-25_17h28.25.105,experiment,2023.2.3,Linux x86_64,60.24096386,5cadb168466544001a69832d,67446fa89e86ac01e4128331,6744b3803a686ff2558df228,,,,,,,,,,,,,,,,,,,,,,,,,,,,,,,,,,,,,,,,,,5,,,,,,,,,,,,,4,,,,,,,,,,,,,,,,,,,,,,,,,,,,,,,,,,,,,,,,,,,,,,,,,,s,0.6476,,space,0.7306,,4,pink_gnome,4,3,bright_forest,red_basket,red_gnome,4,2,dark_forest,yellow_basket,15,0,0,1,pink_gnome,bright_forest,red_basket,620,-1,2,6,7,55,7,1,,,,,,,,,,,,,,,,,,,,,,,,,,,,,,,,,,,,,,,,,,,,,,,,,,,,,,,,,,,,,,,,,,,,,
,,,,,,,,,,,,,,,,,,,,,,,,,,,,,,,,,,,,,,,,,,,,,,,,,,,,,,,,,,,,,,,,,,743837,001,2024-11-25_17h28.25.105,experiment,2023.2.3,Linux x86_64,60.24096386,5cadb168466544001a69832d,67446fa89e86ac01e4128331,6744b3803a686ff2558df228,,,,,,,,,,,,,,,,,,,,,,,,,,,,,,,,,,,,,,,,,,1,,,,,,,,,,,,,1,,,,,,,,,,,,,,,,,,,,,,,,,,,,,,,,,,,,,,,,,,,,,,,,,,k,1.5106,,,,,1,yellow_gnome,1,4,dark_forest,yellow_basket,blue_gnome,1,2,bright_forest,red_basket,0,0,1,0,blue_gnome,bright_forest,red_basket,620,-1,4,7,0,56,0,1,,,,,,,,,,,,,,,,,,,,,,,,,,,,,,,,,,,,,,,,,,,,,,,,,,,,,,,,,,,,,,,,,,,,,
,,,,,,,,,,,,,,,,,,,,,,,,,,,,,,,,,,,,,,,,,,,,,,,,,,,,,,,,,,,,,,,,,,743837,001,2024-11-25_17h28.25.105,experiment,2023.2.3,Linux x86_64,60.24096386,5cadb168466544001a69832d,67446fa89e86ac01e4128331,6744b3803a686ff2558df228,,,,,,,,,,,,,,,,,,,,,,,,,,,,,,,,,,,,,,,,,,5,,,,,,,,,,,,,3,,,,,,,,,,,,,,,,,,,,,,,,,,,,,,,,,,,,,,,,,,,,,,,,,,s,0.8132,,space,0.8593,,3,green_gnome,3,1,bright_forest,red_basket,purple_gnome,3,8,dark_forest,yellow_basket,5,0,0,1,green_gnome,bright_forest,red_basket,625,0,1,7,1,57,6,1,,,,,,,,,,,,,,,,,,,,,,,,,,,,,,,,,,,,,,,,,,,,,,,,,,,,,,,,,,,,,,,,,,,,,
,,,,,,,,,,,,,,,,,,,,,,,,,,,,,,,,,,,,,,,,,,,,,,,,,,,,,,,,,,,,,,,,,,743837,001,2024-11-25_17h28.25.105,experiment,2023.2.3,Linux x86_64,60.24096386,5cadb168466544001a69832d,67446fa89e86ac01e4128331,6744b3803a686ff2558df228,,,,,,,,,,,,,,,,,,,,,,,,,,,,,,,,,,,,,,,,,,1,,,,,,,,,,,,,2,,,,,,,,,,,,,,,,,,,,,,,,,,,,,,,,,,,,,,,,,,,,,,,,,,k,0.4932,,space,1.0123,,2,brown_gnome,2,1,bright_forest,red_basket,orange_gnome,2,9,dark_forest,yellow_basket,9,0,0,1,orange_gnome,dark_forest,yellow_basket,634,0,-2,7,2,58,1,1,,,,,,,,,,,,,,,,,,,,,,,,,,,,,,,,,,,,,,,,,,,,,,,,,,,,,,,,,,,,,,,,,,,,,
,,,,,,,,,,,,,,,,,,,,,,,,,,,,,,,,,,,,,,,,,,,,,,,,,,,,,,,,,,,,,,,,,,743837,001,2024-11-25_17h28.25.105,experiment,2023.2.3,Linux x86_64,60.24096386,5cadb168466544001a69832d,67446fa89e86ac01e4128331,6744b3803a686ff2558df228,,,,,,,,,,,,,,,,,,,,,,,,,,,,,,,,,,,,,,,,,,1,,,,,,,,,,,,,2,,,,,,,,,,,,,,,,,,,,,,,,,,,,,,,,,,,,,,,,,,,,,,,,,,k,0.6983,,,,,2,orange_gnome,2,7,dark_forest,yellow_basket,brown_gnome,2,1,bright_forest,red_basket,0,0,1,0,brown_gnome,bright_forest,red_basket,634,3,0,7,3,59,1,1,,,,,,,,,,,,,,,,,,,,,,,,,,,,,,,,,,,,,,,,,,,,,,,,,,,,,,,,,,,,,,,,,,,,,
,,,,,,,,,,,,,,,,,,,,,,,,,,,,,,,,,,,,,,,,,,,,,,,,,,,,,,,,,,,,,,,,,,743837,001,2024-11-25_17h28.25.105,experiment,2023.2.3,Linux x86_64,60.24096386,5cadb168466544001a69832d,67446fa89e86ac01e4128331,6744b3803a686ff2558df228,,,,,,,,,,,,,,,,,,,,,,,,,,,,,,,,,,,,,,,,,,5,,,,,,,,,,,,,1,,,,,,,,,,,,,,,,,,,,,,,,,,,,,,,,,,,,,,,,,,,,,,,,,,s,0.5432,,space,0.5961,,1,yellow_gnome,1,7,dark_forest,yellow_basket,blue_gnome,1,4,bright_forest,red_basket,35,0,0,1,yellow_gnome,dark_forest,yellow_basket,669,-2,-1,7,4,60,4,1,,,,,,,,,,,,,,,,,,,,,,,,,,,,,,,,,,,,,,,,,,,,,,,,,,,,,,,,,,,,,,,,,,,,,
,,,,,,,,,,,,,,,,,,,,,,,,,,,,,,,,,,,,,,,,,,,,,,,,,,,,,,,,,,,,,,,,,,743837,001,2024-11-25_17h28.25.105,experiment,2023.2.3,Linux x86_64,60.24096386,5cadb168466544001a69832d,67446fa89e86ac01e4128331,6744b3803a686ff2558df228,,,,,,,,,,,,,,,,,,,,,,,,,,,,,,,,,,,,,,,,,,1,,,,,,,,,,,,,4,,,,,,,,,,,,,,,,,,,,,,,,,,,,,,,,,,,,,,,,,,,,,,,,,,s,0.4959,,space,0.4956,,4,red_gnome,4,6,dark_forest,yellow_basket,pink_gnome,4,2,bright_forest,red_basket,6,0,0,1,red_gnome,dark_forest,yellow_basket,675,1,-1,7,5,61,3,1,,,,,,,,,,,,,,,,,,,,,,,,,,,,,,,,,,,,,,,,,,,,,,,,,,,,,,,,,,,,,,,,,,,,,
,,,,,,,,,,,,,,,,,,,,,,,,,,,,,,,,,,,,,,,,,,,,,,,,,,,,,,,,,,,,,,,,,,743837,001,2024-11-25_17h28.25.105,experiment,2023.2.3,Linux x86_64,60.24096386,5cadb168466544001a69832d,67446fa89e86ac01e4128331,6744b3803a686ff2558df228,,,,,,,,,,,,,,,,,,,,,,,,,,,,,,,,,,,,,,,,,,5,,,,,,,,,,,,,3,,,,,,,,,,,,,,,,,,,,,,,,,,,,,,,,,,,,,,,,,,,,,,,,,,s,0.4951,,space,0.4594,,3,purple_gnome,3,5,dark_forest,yellow_basket,green_gnome,3,3,bright_forest,red_basket,25,0,0,1,purple_gnome,dark_forest,yellow_basket,700,-1,-1,7,6,62,6,1,,,,,,,,,,,,,,,,,,,,,,,,,,,,,,,,,,,,,,,,,,,,,,,,,,,,,,,,,,,,,,,,,,,,,
,,,,,,,,,,,,,,,,,,,,,,,,,,,,,,,,,,,,,,,,,,,,,,,,,,,,,,,,,,,,,,,,,,743837,001,2024-11-25_17h28.25.105,experiment,2023.2.3,Linux x86_64,60.24096386,5cadb168466544001a69832d,67446fa89e86ac01e4128331,6744b3803a686ff2558df228,,,,,,,,,,,,,,,,,,,,,,,,,,,,,,,,,,,,,,,,,,5,,,,,,,,,,,,,1,,,,,,,,,,,,,,,,,,,,,,,,,,,,,,,,,,,,,,,,,,,,,,,,,,s,0.4292,,,,,1,yellow_gnome,1,4,dark_forest,yellow_basket,blue_gnome,1,2,bright_forest,red_basket,0,0,1,0,yellow_gnome,dark_forest,yellow_basket,700,2,-1,7,7,63,4,1,space,12.5801,,,,,,,,,,,,,,,,,,,,,,,,,,,,,,,,,,,,,,,,,,,,,,,,,,,,,,,,,,,,,,,,,,,
,,,,,,,,,,,,,,,,,,,,,,,,,,,,,,,,,,,,,,,,,,,,,,,,,,,,,,,,,,,,,,,,,,743837,001,2024-11-25_17h28.25.105,experiment,2023.2.3,Linux x86_64,60.24096386,5cadb168466544001a69832d,67446fa89e86ac01e4128331,6744b3803a686ff2558df228,,,,,,,,,,,,,,,,,,,,,,,,,,,,,,,,,,,,,,,,,,5,,,,,,,,,,,,,3,,,,,,,,,,,,,,,,,,,,,,,,,,,,,,,,,,,,,,,,,,,,,,,,,,s,0.5482,,space,0.5242,,3,green_gnome,3,4,bright_forest,red_basket,purple_gnome,3,3,dark_forest,yellow_basket,20,0,0,1,green_gnome,bright_forest,red_basket,720,3,0,8,0,64,6,1,,,,,,,,,,,,,,,,,,,,,,,,,,,,,,,,,,,,,,,,,,,,,,,,,,,,,,,,,,,,,,,,,,,,,
,,,,,,,,,,,,,,,,,,,,,,,,,,,,,,,,,,,,,,,,,,,,,,,,,,,,,,,,,,,,,,,,,,743837,001,2024-11-25_17h28.25.105,experiment,2023.2.3,Linux x86_64,60.24096386,5cadb168466544001a69832d,67446fa89e86ac01e4128331,6744b3803a686ff2558df228,,,,,,,,,,,,,,,,,,,,,,,,,,,,,,,,,,,,,,,,,,1,,,,,,,,,,,,,1,,,,,,,,,,,,,,,,,,,,,,,,,,,,,,,,,,,,,,,,,,,,,,,,,,s,0.5102,,space,0.8487,,1,blue_gnome,1,7,bright_forest,red_basket,yellow_gnome,1,3,dark_forest,yellow_basket,7,0,0,1,blue_gnome,bright_forest,red_basket,727,-1,-2,8,1,65,0,1,,,,,,,,,,,,,,,,,,,,,,,,,,,,,,,,,,,,,,,,,,,,,,,,,,,,,,,,,,,,,,,,,,,,,
,,,,,,,,,,,,,,,,,,,,,,,,,,,,,,,,,,,,,,,,,,,,,,,,,,,,,,,,,,,,,,,,,,743837,001,2024-11-25_17h28.25.105,experiment,2023.2.3,Linux x86_64,60.24096386,5cadb168466544001a69832d,67446fa89e86ac01e4128331,6744b3803a686ff2558df228,,,,,,,,,,,,,,,,,,,,,,,,,,,,,,,,,,,,,,,,,,1,,,,,,,,,,,,,3,,,,,,,,,,,,,,,,,,,,,,,,,,,,,,,,,,,,,,,,,,,,,,,,,,k,0.463,,space,0.9286,,3,green_gnome,3,6,bright_forest,red_basket,purple_gnome,3,1,dark_forest,yellow_basket,1,0,0,1,purple_gnome,dark_forest,yellow_basket,728,1,-4,8,2,66,2,1,,,,,,,,,,,,,,,,,,,,,,,,,,,,,,,,,,,,,,,,,,,,,,,,,,,,,,,,,,,,,,,,,,,,,
,,,,,,,,,,,,,,,,,,,,,,,,,,,,,,,,,,,,,,,,,,,,,,,,,,,,,,,,,,,,,,,,,,743837,001,2024-11-25_17h28.25.105,experiment,2023.2.3,Linux x86_64,60.24096386,5cadb168466544001a69832d,67446fa89e86ac01e4128331,6744b3803a686ff2558df228,,,,,,,,,,,,,,,,,,,,,,,,,,,,,,,,,,,,,,,,,,1,,,,,,,,,,,,,2,,,,,,,,,,,,,,,,,,,,,,,,,,,,,,,,,,,,,,,,,,,,,,,,,,k,0.6645,,space,0.4949,,2,brown_gnome,2,7,bright_forest,red_basket,orange_gnome,2,3,dark_forest,yellow_basket,3,0,0,1,orange_gnome,dark_forest,yellow_basket,731,3,-3,8,3,67,1,1,,,,,,,,,,,,,,,,,,,,,,,,,,,,,,,,,,,,,,,,,,,,,,,,,,,,,,,,,,,,,,,,,,,,,
,,,,,,,,,,,,,,,,,,,,,,,,,,,,,,,,,,,,,,,,,,,,,,,,,,,,,,,,,,,,,,,,,,743837,001,2024-11-25_17h28.25.105,experiment,2023.2.3,Linux x86_64,60.24096386,5cadb168466544001a69832d,67446fa89e86ac01e4128331,6744b3803a686ff2558df228,,,,,,,,,,,,,,,,,,,,,,,,,,,,,,,,,,,,,,,,,,5,,,,,,,,,,,,,1,,,,,,,,,,,,,,,,,,,,,,,,,,,,,,,,,,,,,,,,,,,,,,,,,,s,0.4587,,space,0.9929,,1,blue_gnome,1,8,bright_forest,red_basket,yellow_gnome,1,0,dark_forest,yellow_basket,40,0,0,1,blue_gnome,bright_forest,red_basket,771,-4,0,8,4,68,4,1,,,,,,,,,,,,,,,,,,,,,,,,,,,,,,,,,,,,,,,,,,,,,,,,,,,,,,,,,,,,,,,,,,,,,
,,,,,,,,,,,,,,,,,,,,,,,,,,,,,,,,,,,,,,,,,,,,,,,,,,,,,,,,,,,,,,,,,,743837,001,2024-11-25_17h28.25.105,experiment,2023.2.3,Linux x86_64,60.24096386,5cadb168466544001a69832d,67446fa89e86ac01e4128331,6744b3803a686ff2558df228,,,,,,,,,,,,,,,,,,,,,,,,,,,,,,,,,,,,,,,,,,5,,,,,,,,,,,,,1,,,,,,,,,,,,,,,,,,,,,,,,,,,,,,,,,,,,,,,,,,,,,,,,,,k,0.4943,,space,1.2151,,1,blue_gnome,1,4,bright_forest,red_basket,yellow_gnome,1,0,dark_forest,yellow_basket,0,0,0,1,yellow_gnome,dark_forest,yellow_basket,771,1,-3,8,5,69,4,1,,,,,,,,,,,,,,,,,,,,,,,,,,,,,,,,,,,,,,,,,,,,,,,,,,,,,,,,,,,,,,,,,,,,,
,,,,,,,,,,,,,,,,,,,,,,,,,,,,,,,,,,,,,,,,,,,,,,,,,,,,,,,,,,,,,,,,,,743837,001,2024-11-25_17h28.25.105,experiment,2023.2.3,Linux x86_64,60.24096386,5cadb168466544001a69832d,67446fa89e86ac01e4128331,6744b3803a686ff2558df228,,,,,,,,,,,,,,,,,,,,,,,,,,,,,,,,,,,,,,,,,,5,,,,,,,,,,,,,2,,,,,,,,,,,,,,,,,,,,,,,,,,,,,,,,,,,,,,,,,,,,,,,,,,s,0.4825,,space,0.7399,,2,orange_gnome,2,3,dark_forest,yellow_basket,brown_gnome,2,5,bright_forest,red_basket,15,0,0,1,orange_gnome,dark_forest,yellow_basket,786,-1,-3,8,6,70,5,1,,,,,,,,,,,,,,,,,,,,,,,,,,,,,,,,,,,,,,,,,,,,,,,,,,,,,,,,,,,,,,,,,,,,,
,,,,,,,,,,,,,,,,,,,,,,,,,,,,,,,,,,,,,,,,,,,,,,,,,,,,,,,,,,,,,,,,,,743837,001,2024-11-25_17h28.25.105,experiment,2023.2.3,Linux x86_64,60.24096386,5cadb168466544001a69832d,67446fa89e86ac01e4128331,6744b3803a686ff2558df228,,,,,,,,,,,,,,,,,,,,,,,,,,,,,,,,,,,,,,,,,,5,,,,,,,,,,,,,3,,,,,,,,,,,,,,,,,,,,,,,,,,,,,,,,,,,,,,,,,,,,,,,,,,k,0.4605,,space,0.7272,,3,purple_gnome,3,0,dark_forest,yellow_basket,green_gnome,3,4,bright_forest,red_basket,20,0,0,1,green_gnome,bright_forest,red_basket,806,1,-3,8,7,71,6,1,,,,,,,,,,,,,,,,,,,,,,,,,,,,,,,,,,,,,,,,,,,,,,,,,,,,,,,,,,,,,,,,,,,,,
,,,,,,,,,,,,,,,,,,,,,,,,,,,,,,,,,,,,,,,,,,,,,,,,,,,,,,,,,,,,,,,,,,743837,001,2024-11-25_17h28.25.105,experiment,2023.2.3,Linux x86_64,60.24096386,5cadb168466544001a69832d,67446fa89e86ac01e4128331,6744b3803a686ff2558df228,,,,,,,,,,,,,,,,,,,,,,,,,,,,,,,,,,,,,,,,,,1,,,,,,,,,,,,,2,,,,,,,,,,,,,,,,,,,,,,,,,,,,,,,,,,,,,,,,,,,,,,,,,,s,0.6304,,space,1.0781,,2,brown_gnome,2,5,bright_forest,red_basket,orange_gnome,2,3,dark_forest,yellow_basket,5,0,0,1,brown_gnome,bright_forest,red_basket,811,-3,-2,9,0,72,1,1,,,,,,,,,,,,,,,,,,,,,,,,,,,,,,,,,,,,,,,,,,,,,,,,,,,,,,,,,,,,,,,,,,,,,
,,,,,,,,,,,,,,,,,,,,,,,,,,,,,,,,,,,,,,,,,,,,,,,,,,,,,,,,,,,,,,,,,,743837,001,2024-11-25_17h28.25.105,experiment,2023.2.3,Linux x86_64,60.24096386,5cadb168466544001a69832d,67446fa89e86ac01e4128331,6744b3803a686ff2558df228,,,,,,,,,,,,,,,,,,,,,,,,,,,,,,,,,,,,,,,,,,5,,,,,,,,,,,,,4,,,,,,,,,,,,,,,,,,,,,,,,,,,,,,,,,,,,,,,,,,,,,,,,,,k,0.4851,,space,0.3116,,4,red_gnome,4,1,dark_forest,yellow_basket,pink_gnome,4,2,bright_forest,red_basket,10,0,0,1,pink_gnome,bright_forest,red_basket,821,0,0,9,1,73,7,1,,,,,,,,,,,,,,,,,,,,,,,,,,,,,,,,,,,,,,,,,,,,,,,,,,,,,,,,,,,,,,,,,,,,,
,,,,,,,,,,,,,,,,,,,,,,,,,,,,,,,,,,,,,,,,,,,,,,,,,,,,,,,,,,,,,,,,,,743837,001,2024-11-25_17h28.25.105,experiment,2023.2.3,Linux x86_64,60.24096386,5cadb168466544001a69832d,67446fa89e86ac01e4128331,6744b3803a686ff2558df228,,,,,,,,,,,,,,,,,,,,,,,,,,,,,,,,,,,,,,,,,,5,,,,,,,,,,,,,2,,,,,,,,,,,,,,,,,,,,,,,,,,,,,,,,,,,,,,,,,,,,,,,,,,s,0.7453,,space,0.8915,,2,brown_gnome,2,2,bright_forest,red_basket,orange_gnome,2,1,dark_forest,yellow_basket,10,0,0,1,brown_gnome,bright_forest,red_basket,831,1,3,9,2,74,5,1,,,,,,,,,,,,,,,,,,,,,,,,,,,,,,,,,,,,,,,,,,,,,,,,,,,,,,,,,,,,,,,,,,,,,
,,,,,,,,,,,,,,,,,,,,,,,,,,,,,,,,,,,,,,,,,,,,,,,,,,,,,,,,,,,,,,,,,,743837,001,2024-11-25_17h28.25.105,experiment,2023.2.3,Linux x86_64,60.24096386,5cadb168466544001a69832d,67446fa89e86ac01e4128331,6744b3803a686ff2558df228,,,,,,,,,,,,,,,,,,,,,,,,,,,,,,,,,,,,,,,,,,5,,,,,,,,,,,,,3,,,,,,,,,,,,,,,,,,,,,,,,,,,,,,,,,,,,,,,,,,,,,,,,,,k,0.5454,,space,1.2605,,3,green_gnome,3,3,bright_forest,red_basket,purple_gnome,3,4,dark_forest,yellow_basket,20,0,0,1,purple_gnome,dark_forest,yellow_basket,851,3,3,9,3,75,6,1,,,,,,,,,,,,,,,,,,,,,,,,,,,,,,,,,,,,,,,,,,,,,,,,,,,,,,,,,,,,,,,,,,,,,
,,,,,,,,,,,,,,,,,,,,,,,,,,,,,,,,,,,,,,,,,,,,,,,,,,,,,,,,,,,,,,,,,,743837,001,2024-11-25_17h28.25.105,experiment,2023.2.3,Linux x86_64,60.24096386,5cadb168466544001a69832d,67446fa89e86ac01e4128331,6744b3803a686ff2558df228,,,,,,,,,,,,,,,,,,,,,,,,,,,,,,,,,,,,,,,,,,5,,,,,,,,,,,,,1,,,,,,,,,,,,,,,,,,,,,,,,,,,,,,,,,,,,,,,,,,,,,,,,,,s,0.4956,,space,0.7127,,1,blue_gnome,1,6,bright_forest,red_basket,yellow_gnome,1,7,dark_forest,yellow_basket,30,0,0,1,blue_gnome,bright_forest,red_basket,881,1,0,9,4,76,4,1,,,,,,,,,,,,,,,,,,,,,,,,,,,,,,,,,,,,,,,,,,,,,,,,,,,,,,,,,,,,,,,,,,,,,
,,,,,,,,,,,,,,,,,,,,,,,,,,,,,,,,,,,,,,,,,,,,,,,,,,,,,,,,,,,,,,,,,,743837,001,2024-11-25_17h28.25.105,experiment,2023.2.3,Linux x86_64,60.24096386,5cadb168466544001a69832d,67446fa89e86ac01e4128331,6744b3803a686ff2558df228,,,,,,,,,,,,,,,,,,,,,,,,,,,,,,,,,,,,,,,,,,5,,,,,,,,,,,,,3,,,,,,,,,,,,,,,,,,,,,,,,,,,,,,,,,,,,,,,,,,,,,,,,,,s,0.7462,,,,,3,purple_gnome,3,7,dark_forest,yellow_basket,green_gnome,3,7,bright_forest,red_basket,0,0,1,0,purple_gnome,dark_forest,yellow_basket,881,1,2,9,5,77,6,1,,,,,,,,,,,,,,,,,,,,,,,,,,,,,,,,,,,,,,,,,,,,,,,,,,,,,,,,,,,,,,,,,,,,,
,,,,,,,,,,,,,,,,,,,,,,,,,,,,,,,,,,,,,,,,,,,,,,,,,,,,,,,,,,,,,,,,,,743837,001,2024-11-25_17h28.25.105,experiment,2023.2.3,Linux x86_64,60.24096386,5cadb168466544001a69832d,67446fa89e86ac01e4128331,6744b3803a686ff2558df228,,,,,,,,,,,,,,,,,,,,,,,,,,,,,,,,,,,,,,,,,,1,,,,,,,,,,,,,4,,,,,,,,,,,,,,,,,,,,,,,,,,,,,,,,,,,,,,,,,,,,,,,,,,s,0.6985,,space,1.2433,,4,pink_gnome,4,8,bright_forest,red_basket,red_gnome,4,9,dark_forest,yellow_basket,8,0,0,1,pink_gnome,bright_forest,red_basket,889,2,2,9,6,78,3,1,,,,,,,,,,,,,,,,,,,,,,,,,,,,,,,,,,,,,,,,,,,,,,,,,,,,,,,,,,,,,,,,,,,,,
,,,,,,,,,,,,,,,,,,,,,,,,,,,,,,,,,,,,,,,,,,,,,,,,,,,,,,,,,,,,,,,,,,743837,001,2024-11-25_17h28.25.105,experiment,2023.2.3,Linux x86_64,60.24096386,5cadb168466544001a69832d,67446fa89e86ac01e4128331,6744b3803a686ff2558df228,,,,,,,,,,,,,,,,,,,,,,,,,,,,,,,,,,,,,,,,,,1,,,,,,,,,,,,,1,,,,,,,,,,,,,,,,,,,,,,,,,,,,,,,,,,,,,,,,,,,,,,,,,,s,0.4795,,space,0.5107,,1,blue_gnome,1,8,bright_forest,red_basket,yellow_gnome,1,7,dark_forest,yellow_basket,8,0,0,1,blue_gnome,bright_forest,red_basket,897,-1,0,9,7,79,0,1,,,,,,,,,,,,,,,,,,,,,,,,,,,,,,,,,,,,,,,,,,,,,,,,,,,,,,,,,,,,,,,,,,,,,
,,,,,,,,,,,,,,,,,,,,,,,,,,,,,,,,,,,,,,,,,,,,,,,,,,,,,,,,,,,,,,,,,,743837,001,2024-11-25_17h28.25.105,experiment,2023.2.3,Linux x86_64,60.24096386,5cadb168466544001a69832d,67446fa89e86ac01e4128331,6744b3803a686ff2558df228,,,,,,,,,,,,,,,,,,,,,,,,,,,,,,,,,,,,,,,,,,1,,,,,,,,,,,,,1,,,,,,,,,,,,,,,,,,,,,,,,,,,,,,,,,,,,,,,,,,,,,,,,,,k,0.5626,,space,0.6323,,1,blue_gnome,1,7,bright_forest,red_basket,yellow_gnome,1,7,dark_forest,yellow_basket,7,0,0,1,yellow_gnome,dark_forest,yellow_basket,904,2,1,10,0,80,0,1,,,,,,,,,,,,,,,,,,,,,,,,,,,,,,,,,,,,,,,,,,,,,,,,,,,,,,,,,,,,,,,,,,,,,
,,,,,,,,,,,,,,,,,,,,,,,,,,,,,,,,,,,,,,,,,,,,,,,,,,,,,,,,,,,,,,,,,,743837,001,2024-11-25_17h28.25.105,experiment,2023.2.3,Linux x86_64,60.24096386,5cadb168466544001a69832d,67446fa89e86ac01e4128331,6744b3803a686ff2558df228,,,,,,,,,,,,,,,,,,,,,,,,,,,,,,,,,,,,,,,,,,5,,,,,,,,,,,,,2,,,,,,,,,,,,,,,,,,,,,,,,,,,,,,,,,,,,,,,,,,,,,,,,,,k,0.3634,,space,0.4643,,2,orange_gnome,2,8,dark_forest,yellow_basket,brown_gnome,2,9,bright_forest,red_basket,45,0,0,1,brown_gnome,bright_forest,red_basket,949,-3,-2,10,1,81,5,1,,,,,,,,,,,,,,,,,,,,,,,,,,,,,,,,,,,,,,,,,,,,,,,,,,,,,,,,,,,,,,,,,,,,,
,,,,,,,,,,,,,,,,,,,,,,,,,,,,,,,,,,,,,,,,,,,,,,,,,,,,,,,,,,,,,,,,,,743837,001,2024-11-25_17h28.25.105,experiment,2023.2.3,Linux x86_64,60.24096386,5cadb168466544001a69832d,67446fa89e86ac01e4128331,6744b3803a686ff2558df228,,,,,,,,,,,,,,,,,,,,,,,,,,,,,,,,,,,,,,,,,,1,,,,,,,,,,,,,2,,,,,,,,,,,,,,,,,,,,,,,,,,,,,,,,,,,,,,,,,,,,,,,,,,s,0.6807,,space,0.509,,2,brown_gnome,2,6,bright_forest,red_basket,orange_gnome,2,6,dark_forest,yellow_basket,6,0,0,1,brown_gnome,bright_forest,red_basket,955,-2,0,10,2,82,1,1,,,,,,,,,,,,,,,,,,,,,,,,,,,,,,,,,,,,,,,,,,,,,,,,,,,,,,,,,,,,,,,,,,,,,
,,,,,,,,,,,,,,,,,,,,,,,,,,,,,,,,,,,,,,,,,,,,,,,,,,,,,,,,,,,,,,,,,,743837,001,2024-11-25_17h28.25.105,experiment,2023.2.3,Linux x86_64,60.24096386,5cadb168466544001a69832d,67446fa89e86ac01e4128331,6744b3803a686ff2558df228,,,,,,,,,,,,,,,,,,,,,,,,,,,,,,,,,,,,,,,,,,1,,,,,,,,,,,,,2,,,,,,,,,,,,,,,,,,,,,,,,,,,,,,,,,,,,,,,,,,,,,,,,,,s,0.5101,,space,0.396,,2,brown_gnome,2,4,bright_forest,red_basket,orange_gnome,2,6,dark_forest,yellow_basket,4,0,0,1,brown_gnome,bright_forest,red_basket,959,-2,-5,10,3,83,1,1,,,,,,,,,,,,,,,,,,,,,,,,,,,,,,,,,,,,,,,,,,,,,,,,,,,,,,,,,,,,,,,,,,,,,
,,,,,,,,,,,,,,,,,,,,,,,,,,,,,,,,,,,,,,,,,,,,,,,,,,,,,,,,,,,,,,,,,,743837,001,2024-11-25_17h28.25.105,experiment,2023.2.3,Linux x86_64,60.24096386,5cadb168466544001a69832d,67446fa89e86ac01e4128331,6744b3803a686ff2558df228,,,,,,,,,,,,,,,,,,,,,,,,,,,,,,,,,,,,,,,,,,1,,,,,,,,,,,,,3,,,,,,,,,,,,,,,,,,,,,,,,,,,,,,,,,,,,,,,,,,,,,,,,,,s,0.5136,,space,0.878,,3,green_gnome,3,2,bright_forest,red_basket,purple_gnome,3,1,dark_forest,yellow_basket,2,0,0,1,green_gnome,bright_forest,red_basket,961,-2,-1,10,4,84,2,1,,,,,,,,,,,,,,,,,,,,,,,,,,,,,,,,,,,,,,,,,,,,,,,,,,,,,,,,,,,,,,,,,,,,,
,,,,,,,,,,,,,,,,,,,,,,,,,,,,,,,,,,,,,,,,,,,,,,,,,,,,,,,,,,,,,,,,,,743837,001,2024-11-25_17h28.25.105,experiment,2023.2.3,Linux x86_64,60.24096386,5cadb168466544001a69832d,67446fa89e86ac01e4128331,6744b3803a686ff2558df228,,,,,,,,,,,,,,,,,,,,,,,,,,,,,,,,,,,,,,,,,,1,,,,,,,,,,,,,1,,,,,,,,,,,,,,,,,,,,,,,,,,,,,,,,,,,,,,,,,,,,,,,,,,k,0.5515,,space,0.6942,,1,blue_gnome,1,0,bright_forest,red_basket,yellow_gnome,1,0,dark_forest,yellow_basket,0,0,0,1,yellow_gnome,dark_forest,yellow_basket,961,-1,1,10,5,85,0,1,,,,,,,,,,,,,,,,,,,,,,,,,,,,,,,,,,,,,,,,,,,,,,,,,,,,,,,,,,,,,,,,,,,,,
,,,,,,,,,,,,,,,,,,,,,,,,,,,,,,,,,,,,,,,,,,,,,,,,,,,,,,,,,,,,,,,,,,743837,001,2024-11-25_17h28.25.105,experiment,2023.2.3,Linux x86_64,60.24096386,5cadb168466544001a69832d,67446fa89e86ac01e4128331,6744b3803a686ff2558df228,,,,,,,,,,,,,,,,,,,,,,,,,,,,,,,,,,,,,,,,,,5,,,,,,,,,,,,,1,,,,,,,,,,,,,,,,,,,,,,,,,,,,,,,,,,,,,,,,,,,,,,,,,,k,0.9993,,space,0.7459,,1,yellow_gnome,1,1,dark_forest,yellow_basket,blue_gnome,1,1,bright_forest,red_basket,5,0,0,1,blue_gnome,bright_forest,red_basket,966,-4,-2,10,6,86,4,1,,,,,,,,,,,,,,,,,,,,,,,,,,,,,,,,,,,,,,,,,,,,,,,,,,,,,,,,,,,,,,,,,,,,,
,,,,,,,,,,,,,,,,,,,,,,,,,,,,,,,,,,,,,,,,,,,,,,,,,,,,,,,,,,,,,,,,,,743837,001,2024-11-25_17h28.25.105,experiment,2023.2.3,Linux x86_64,60.24096386,5cadb168466544001a69832d,67446fa89e86ac01e4128331,6744b3803a686ff2558df228,,,,,,,,,,,,,,,,,,,,,,,,,,,,,,,,,,,,,,,,,,5,,,,,,,,,,,,,4,,,,,,,,,,,,,,,,,,,,,,,,,,,,,,,,,,,,,,,,,,,,,,,,,,s,0.66,,space,0.7256,,4,red_gnome,4,1,dark_forest,yellow_basket,pink_gnome,4,3,bright_forest,red_basket,5,0,0,1,red_gnome,dark_forest,yellow_basket,971,-1,3,10,7,87,7,1,,,,,,,,,,,,,,,,,,,,,,,,,,,,,,,,,,,,,,,,,,,,,,,,,,,,,,,,,,,,,,,,,,,,,
,,,,,,,,,,,,,,,,,,,,,,,,,,,,,,,,,,,,,,,,,,,,,,,,,,,,,,,,,,,,,,,,,,743837,001,2024-11-25_17h28.25.105,experiment,2023.2.3,Linux x86_64,60.24096386,5cadb168466544001a69832d,67446fa89e86ac01e4128331,6744b3803a686ff2558df228,,,,,,,,,,,,,,,,,,,,,,,,,,,,,,,,,,,,,,,,,,5,,,,,,,,,,,,,1,,,,,,,,,,,,,,,,,,,,,,,,,,,,,,,,,,,,,,,,,,,,,,,,,,s,0.7591,,space,0.6567,,1,yellow_gnome,1,4,dark_forest,yellow_basket,blue_gnome,1,2,bright_forest,red_basket,20,0,0,1,yellow_gnome,dark_forest,yellow_basket,991,0,0,11,0,88,4,1,,,,,,,,,,,,,,,,,,,,,,,,,,,,,,,,,,,,,,,,,,,,,,,,,,,,,,,,,,,,,,,,,,,,,
,,,,,,,,,,,,,,,,,,,,,,,,,,,,,,,,,,,,,,,,,,,,,,,,,,,,,,,,,,,,,,,,,,743837,001,2024-11-25_17h28.25.105,experiment,2023.2.3,Linux x86_64,60.24096386,5cadb168466544001a69832d,67446fa89e86ac01e4128331,6744b3803a686ff2558df228,,,,,,,,,,,,,,,,,,,,,,,,,,,,,,,,,,,,,,,,,,1,,,,,,,,,,,,,1,,,,,,,,,,,,,,,,,,,,,,,,,,,,,,,,,,,,,,,,,,,,,,,,,,k,0.6265,,space,0.6893,,1,blue_gnome,1,2,bright_forest,red_basket,yellow_gnome,1,4,dark_forest,yellow_basket,4,0,0,1,yellow_gnome,dark_forest,yellow_basket,995,0,0,11,1,89,0,1,,,,,,,,,,,,,,,,,,,,,,,,,,,,,,,,,,,,,,,,,,,,,,,,,,,,,,,,,,,,,,,,,,,,,
,,,,,,,,,,,,,,,,,,,,,,,,,,,,,,,,,,,,,,,,,,,,,,,,,,,,,,,,,,,,,,,,,,743837,001,2024-11-25_17h28.25.105,experiment,2023.2.3,Linux x86_64,60.24096386,5cadb168466544001a69832d,67446fa89e86ac01e4128331,6744b3803a686ff2558df228,,,,,,,,,,,,,,,,,,,,,,,,,,,,,,,,,,,,,,,,,,5,,,,,,,,,,,,,2,,,,,,,,,,,,,,,,,,,,,,,,,,,,,,,,,,,,,,,,,,,,,,,,,,s,0.6886,,space,0.695,,2,orange_gnome,2,4,dark_forest,yellow_basket,brown_gnome,2,2,bright_forest,red_basket,20,0,0,1,orange_gnome,dark_forest,yellow_basket,1015,0,2,11,2,90,5,1,,,,,,,,,,,,,,,,,,,,,,,,,,,,,,,,,,,,,,,,,,,,,,,,,,,,,,,,,,,,,,,,,,,,,
,,,,,,,,,,,,,,,,,,,,,,,,,,,,,,,,,,,,,,,,,,,,,,,,,,,,,,,,,,,,,,,,,,743837,001,2024-11-25_17h28.25.105,experiment,2023.2.3,Linux x86_64,60.24096386,5cadb168466544001a69832d,67446fa89e86ac01e4128331,6744b3803a686ff2558df228,,,,,,,,,,,,,,,,,,,,,,,,,,,,,,,,,,,,,,,,,,5,,,,,,,,,,,,,3,,,,,,,,,,,,,,,,,,,,,,,,,,,,,,,,,,,,,,,,,,,,,,,,,,k,0.5465,,space,0.8986,,3,purple_gnome,3,6,dark_forest,yellow_basket,green_gnome,3,2,bright_forest,red_basket,10,0,0,1,green_gnome,bright_forest,red_basket,1025,0,3,11,3,91,6,1,,,,,,,,,,,,,,,,,,,,,,,,,,,,,,,,,,,,,,,,,,,,,,,,,,,,,,,,,,,,,,,,,,,,,
,,,,,,,,,,,,,,,,,,,,,,,,,,,,,,,,,,,,,,,,,,,,,,,,,,,,,,,,,,,,,,,,,,743837,001,2024-11-25_17h28.25.105,experiment,2023.2.3,Linux x86_64,60.24096386,5cadb168466544001a69832d,67446fa89e86ac01e4128331,6744b3803a686ff2558df228,,,,,,,,,,,,,,,,,,,,,,,,,,,,,,,,,,,,,,,,,,1,,,,,,,,,,,,,3,,,,,,,,,,,,,,,,,,,,,,,,,,,,,,,,,,,,,,,,,,,,,,,,,,s,0.431,,space,0.7124,,3,purple_gnome,3,9,dark_forest,yellow_basket,green_gnome,3,2,bright_forest,red_basket,9,0,0,1,purple_gnome,dark_forest,yellow_basket,1034,2,0,11,4,92,2,1,,,,,,,,,,,,,,,,,,,,,,,,,,,,,,,,,,,,,,,,,,,,,,,,,,,,,,,,,,,,,,,,,,,,,
,,,,,,,,,,,,,,,,,,,,,,,,,,,,,,,,,,,,,,,,,,,,,,,,,,,,,,,,,,,,,,,,,,743837,001,2024-11-25_17h28.25.105,experiment,2023.2.3,Linux x86_64,60.24096386,5cadb168466544001a69832d,67446fa89e86ac01e4128331,6744b3803a686ff2558df228,,,,,,,,,,,,,,,,,,,,,,,,,,,,,,,,,,,,,,,,,,5,,,,,,,,,,,,,4,,,,,,,,,,,,,,,,,,,,,,,,,,,,,,,,,,,,,,,,,,,,,,,,,,k,0.3921,,space,1.2754,,4,red_gnome,4,9,dark_forest,yellow_basket,pink_gnome,4,4,bright_forest,red_basket,20,0,0,1,pink_gnome,bright_forest,red_basket,1054,1,1,11,5,93,7,1,,,,,,,,,,,,,,,,,,,,,,,,,,,,,,,,,,,,,,,,,,,,,,,,,,,,,,,,,,,,,,,,,,,,,
,,,,,,,,,,,,,,,,,,,,,,,,,,,,,,,,,,,,,,,,,,,,,,,,,,,,,,,,,,,,,,,,,,743837,001,2024-11-25_17h28.25.105,experiment,2023.2.3,Linux x86_64,60.24096386,5cadb168466544001a69832d,67446fa89e86ac01e4128331,6744b3803a686ff2558df228,,,,,,,,,,,,,,,,,,,,,,,,,,,,,,,,,,,,,,,,,,1,,,,,,,,,,,,,1,,,,,,,,,,,,,,,,,,,,,,,,,,,,,,,,,,,,,,,,,,,,,,,,,,s,0.3841,,space,0.5943,,1,blue_gnome,1,5,bright_forest,red_basket,yellow_gnome,1,8,dark_forest,yellow_basket,5,0,0,1,blue_gnome,bright_forest,red_basket,1059,1,1,11,6,94,0,1,,,,,,,,,,,,,,,,,,,,,,,,,,,,,,,,,,,,,,,,,,,,,,,,,,,,,,,,,,,,,,,,,,,,,
,,,,,,,,,,,,,,,,,,,,,,,,,,,,,,,,,,,,,,,,,,,,,,,,,,,,,,,,,,,,,,,,,,743837,001,2024-11-25_17h28.25.105,experiment,2023.2.3,Linux x86_64,60.24096386,5cadb168466544001a69832d,67446fa89e86ac01e4128331,6744b3803a686ff2558df228,,,,,,,,,,,,,,,,,,,,,,,,,,,,,,,,,,,,,,,,,,5,,,,,,,,,,,,,2,,,,,,,,,,,,,,,,,,,,,,,,,,,,,,,,,,,,,,,,,,,,,,,,,,k,0.7967,,space,1.1919,,2,brown_gnome,2,6,bright_forest,red_basket,orange_gnome,2,9,dark_forest,yellow_basket,45,0,0,1,orange_gnome,dark_forest,yellow_basket,1104,-4,-4,11,7,95,5,1,,,,,,,,,,,,,,,,,,,,,,,,,,,,,,,,,,,,,,,,,,,,,,,,,,,,,,,,,,,,,,,,,,,,,
,,,,,,,,,,,,,,,,,,,,,,,,,,,,,,,,,,,,,,,,,,,,,,,,,,,,,,,,,,,,,,,,,,743837,001,2024-11-25_17h28.25.105,experiment,2023.2.3,Linux x86_64,60.24096386,5cadb168466544001a69832d,67446fa89e86ac01e4128331,6744b3803a686ff2558df228,,,,,,,,,,,,,,,,,,,,,,,,,,,,,,,,,,,,,,,,,,5,,,,,,,,,,,,,4,,,,,,,,,,,,,,,,,,,,,,,,,,,,,,,,,,,,,,,,,,,,,,,,,,s,0.6463,,space,0.7009,,4,red_gnome,4,5,dark_forest,yellow_basket,pink_gnome,4,2,bright_forest,red_basket,25,0,0,1,red_gnome,dark_forest,yellow_basket,1129,-1,2,12,0,96,7,1,,,,,,,,,,,,,,,,,,,,,,,,,,,,,,,,,,,,,,,,,,,,,,,,,,,,,,,,,,,,,,,,,,,,,
,,,,,,,,,,,,,,,,,,,,,,,,,,,,,,,,,,,,,,,,,,,,,,,,,,,,,,,,,,,,,,,,,,743837,001,2024-11-25_17h28.25.105,experiment,2023.2.3,Linux x86_64,60.24096386,5cadb168466544001a69832d,67446fa89e86ac01e4128331,6744b3803a686ff2558df228,,,,,,,,,,,,,,,,,,,,,,,,,,,,,,,,,,,,,,,,,,1,,,,,,,,,,,,,3,,,,,,,,,,,,,,,,,,,,,,,,,,,,,,,,,,,,,,,,,,,,,,,,,,k,1.463,,space,0.779,,3,purple_gnome,3,7,dark_forest,yellow_basket,green_gnome,3,1,bright_forest,red_basket,1,0,0,1,green_gnome,bright_forest,red_basket,1130,2,0,12,1,97,2,1,,,,,,,,,,,,,,,,,,,,,,,,,,,,,,,,,,,,,,,,,,,,,,,,,,,,,,,,,,,,,,,,,,,,,
,,,,,,,,,,,,,,,,,,,,,,,,,,,,,,,,,,,,,,,,,,,,,,,,,,,,,,,,,,,,,,,,,,743837,001,2024-11-25_17h28.25.105,experiment,2023.2.3,Linux x86_64,60.24096386,5cadb168466544001a69832d,67446fa89e86ac01e4128331,6744b3803a686ff2558df228,,,,,,,,,,,,,,,,,,,,,,,,,,,,,,,,,,,,,,,,,,1,,,,,,,,,,,,,4,,,,,,,,,,,,,,,,,,,,,,,,,,,,,,,,,,,,,,,,,,,,,,,,,,s,0.8922,,space,1.2441,,4,pink_gnome,4,3,bright_forest,red_basket,red_gnome,4,7,dark_forest,yellow_basket,3,0,0,1,pink_gnome,bright_forest,red_basket,1133,-1,2,12,2,98,3,1,,,,,,,,,,,,,,,,,,,,,,,,,,,,,,,,,,,,,,,,,,,,,,,,,,,,,,,,,,,,,,,,,,,,,
,,,,,,,,,,,,,,,,,,,,,,,,,,,,,,,,,,,,,,,,,,,,,,,,,,,,,,,,,,,,,,,,,,743837,001,2024-11-25_17h28.25.105,experiment,2023.2.3,Linux x86_64,60.24096386,5cadb168466544001a69832d,67446fa89e86ac01e4128331,6744b3803a686ff2558df228,,,,,,,,,,,,,,,,,,,,,,,,,,,,,,,,,,,,,,,,,,5,,,,,,,,,,,,,4,,,,,,,,,,,,,,,,,,,,,,,,,,,,,,,,,,,,,,,,,,,,,,,,,,s,0.6087,,space,0.6776,,4,pink_gnome,4,2,bright_forest,red_basket,red_gnome,4,9,dark_forest,yellow_basket,10,0,0,1,pink_gnome,bright_forest,red_basket,1143,-3,2,12,3,99,7,1,,,,,,,,,,,,,,,,,,,,,,,,,,,,,,,,,,,,,,,,,,,,,,,,,,,,,,,,,,,,,,,,,,,,,
,,,,,,,,,,,,,,,,,,,,,,,,,,,,,,,,,,,,,,,,,,,,,,,,,,,,,,,,,,,,,,,,,,743837,001,2024-11-25_17h28.25.105,experiment,2023.2.3,Linux x86_64,60.24096386,5cadb168466544001a69832d,67446fa89e86ac01e4128331,6744b3803a686ff2558df228,,,,,,,,,,,,,,,,,,,,,,,,,,,,,,,,,,,,,,,,,,5,,,,,,,,,,,,,3,,,,,,,,,,,,,,,,,,,,,,,,,,,,,,,,,,,,,,,,,,,,,,,,,,s,0.6956,,space,0.5159,,3,green_gnome,3,1,bright_forest,red_basket,purple_gnome,3,7,dark_forest,yellow_basket,5,0,0,1,green_gnome,bright_forest,red_basket,1148,1,-1,12,4,100,6,1,,,,,,,,,,,,,,,,,,,,,,,,,,,,,,,,,,,,,,,,,,,,,,,,,,,,,,,,,,,,,,,,,,,,,
,,,,,,,,,,,,,,,,,,,,,,,,,,,,,,,,,,,,,,,,,,,,,,,,,,,,,,,,,,,,,,,,,,743837,001,2024-11-25_17h28.25.105,experiment,2023.2.3,Linux x86_64,60.24096386,5cadb168466544001a69832d,67446fa89e86ac01e4128331,6744b3803a686ff2558df228,,,,,,,,,,,,,,,,,,,,,,,,,,,,,,,,,,,,,,,,,,5,,,,,,,,,,,,,2,,,,,,,,,,,,,,,,,,,,,,,,,,,,,,,,,,,,,,,,,,,,,,,,,,s,0.6124,,,,,2,orange_gnome,2,6,dark_forest,yellow_basket,brown_gnome,2,2,bright_forest,red_basket,0,0,1,0,orange_gnome,dark_forest,yellow_basket,1148,1,-2,12,5,101,5,1,,,,,,,,,,,,,,,,,,,,,,,,,,,,,,,,,,,,,,,,,,,,,,,,,,,,,,,,,,,,,,,,,,,,,
,,,,,,,,,,,,,,,,,,,,,,,,,,,,,,,,,,,,,,,,,,,,,,,,,,,,,,,,,,,,,,,,,,743837,001,2024-11-25_17h28.25.105,experiment,2023.2.3,Linux x86_64,60.24096386,5cadb168466544001a69832d,67446fa89e86ac01e4128331,6744b3803a686ff2558df228,,,,,,,,,,,,,,,,,,,,,,,,,,,,,,,,,,,,,,,,,,1,,,,,,,,,,,,,2,,,,,,,,,,,,,,,,,,,,,,,,,,,,,,,,,,,,,,,,,,,,,,,,,,k,0.729,,space,0.4622,,2,orange_gnome,2,4,dark_forest,yellow_basket,brown_gnome,2,3,bright_forest,red_basket,3,0,0,1,brown_gnome,bright_forest,red_basket,1151,-2,-3,12,6,102,1,1,,,,,,,,,,,,,,,,,,,,,,,,,,,,,,,,,,,,,,,,,,,,,,,,,,,,,,,,,,,,,,,,,,,,,
,,,,,,,,,,,,,,,,,,,,,,,,,,,,,,,,,,,,,,,,,,,,,,,,,,,,,,,,,,,,,,,,,,743837,001,2024-11-25_17h28.25.105,experiment,2023.2.3,Linux x86_64,60.24096386,5cadb168466544001a69832d,67446fa89e86ac01e4128331,6744b3803a686ff2558df228,,,,,,,,,,,,,,,,,,,,,,,,,,,,,,,,,,,,,,,,,,1,,,,,,,,,,,,,2,,,,,,,,,,,,,,,,,,,,,,,,,,,,,,,,,,,,,,,,,,,,,,,,,,s,0.4955,,space,1.0761,,2,brown_gnome,2,1,bright_forest,red_basket,orange_gnome,2,1,dark_forest,yellow_basket,1,0,0,1,brown_gnome,bright_forest,red_basket,1152,2,0,12,7,103,1,1,,,,,,,,,,,,,,,,,,,,,,,,,,,,,,,,,,,,,,,,,,,,,,,,,,,,,,,,,,,,,,,,,,,,,
,,,,,,,,,,,,,,,,,,,,,,,,,,,,,,,,,,,,,,,,,,,,,,,,,,,,,,,,,,,,,,,,,,743837,001,2024-11-25_17h28.25.105,experiment,2023.2.3,Linux x86_64,60.24096386,5cadb168466544001a69832d,67446fa89e86ac01e4128331,6744b3803a686ff2558df228,,,,,,,,,,,,,,,,,,,,,,,,,,,,,,,,,,,,,,,,,,5,,,,,,,,,,,,,3,,,,,,,,,,,,,,,,,,,,,,,,,,,,,,,,,,,,,,,,,,,,,,,,,,s,0.6097,,,,,3,purple_gnome,3,1,dark_forest,yellow_basket,green_gnome,3,3,bright_forest,red_basket,0,0,1,0,purple_gnome,dark_forest,yellow_basket,1152,-1,-2,13,0,104,6,1,,,,,,,,,,,,,,,,,,,,,,,,,,,,,,,,,,,,,,,,,,,,,,,,,,,,,,,,,,,,,,,,,,,,,
,,,,,,,,,,,,,,,,,,,,,,,,,,,,,,,,,,,,,,,,,,,,,,,,,,,,,,,,,,,,,,,,,,743837,001,2024-11-25_17h28.25.105,experiment,2023.2.3,Linux x86_64,60.24096386,5cadb168466544001a69832d,67446fa89e86ac01e4128331,6744b3803a686ff2558df228,,,,,,,,,,,,,,,,,,,,,,,,,,,,,,,,,,,,,,,,,,5,,,,,,,,,,,,,1,,,,,,,,,,,,,,,,,,,,,,,,,,,,,,,,,,,,,,,,,,,,,,,,,,k,1.4591,,space,0.6435,,1,yellow_gnome,1,1,dark_forest,yellow_basket,blue_gnome,1,2,bright_forest,red_basket,10,0,0,1,blue_gnome,bright_forest,red_basket,1162,-1,-1,13,1,105,4,1,,,,,,,,,,,,,,,,,,,,,,,,,,,,,,,,,,,,,,,,,,,,,,,,,,,,,,,,,,,,,,,,,,,,,
,,,,,,,,,,,,,,,,,,,,,,,,,,,,,,,,,,,,,,,,,,,,,,,,,,,,,,,,,,,,,,,,,,743837,001,2024-11-25_17h28.25.105,experiment,2023.2.3,Linux x86_64,60.24096386,5cadb168466544001a69832d,67446fa89e86ac01e4128331,6744b3803a686ff2558df228,,,,,,,,,,,,,,,,,,,,,,,,,,,,,,,,,,,,,,,,,,5,,,,,,,,,,,,,1,,,,,,,,,,,,,,,,,,,,,,,,,,,,,,,,,,,,,,,,,,,,,,,,,,s,0.5269,,space,1.1109,,1,yellow_gnome,1,0,dark_forest,yellow_basket,blue_gnome,1,1,bright_forest,red_basket,0,0,0,1,yellow_gnome,dark_forest,yellow_basket,1162,-3,-2,13,2,106,4,1,,,,,,,,,,,,,,,,,,,,,,,,,,,,,,,,,,,,,,,,,,,,,,,,,,,,,,,,,,,,,,,,,,,,,
,,,,,,,,,,,,,,,,,,,,,,,,,,,,,,,,,,,,,,,,,,,,,,,,,,,,,,,,,,,,,,,,,,743837,001,2024-11-25_17h28.25.105,experiment,2023.2.3,Linux x86_64,60.24096386,5cadb168466544001a69832d,67446fa89e86ac01e4128331,6744b3803a686ff2558df228,,,,,,,,,,,,,,,,,,,,,,,,,,,,,,,,,,,,,,,,,,5,,,,,,,,,,,,,4,,,,,,,,,,,,,,,,,,,,,,,,,,,,,,,,,,,,,,,,,,,,,,,,,,s,0.6284,,space,1.013,,4,red_gnome,4,2,dark_forest,yellow_basket,pink_gnome,4,2,bright_forest,red_basket,10,0,0,1,red_gnome,dark_forest,yellow_basket,1172,-2,2,13,3,107,7,1,,,,,,,,,,,,,,,,,,,,,,,,,,,,,,,,,,,,,,,,,,,,,,,,,,,,,,,,,,,,,,,,,,,,,
,,,,,,,,,,,,,,,,,,,,,,,,,,,,,,,,,,,,,,,,,,,,,,,,,,,,,,,,,,,,,,,,,,743837,001,2024-11-25_17h28.25.105,experiment,2023.2.3,Linux x86_64,60.24096386,5cadb168466544001a69832d,67446fa89e86ac01e4128331,6744b3803a686ff2558df228,,,,,,,,,,,,,,,,,,,,,,,,,,,,,,,,,,,,,,,,,,5,,,,,,,,,,,,,2,,,,,,,,,,,,,,,,,,,,,,,,,,,,,,,,,,,,,,,,,,,,,,,,,,k,0.1767,,space,0.7273,,2,orange_gnome,2,4,dark_forest,yellow_basket,brown_gnome,2,0,bright_forest,red_basket,0,0,0,1,brown_gnome,bright_forest,red_basket,1172,-1,0,13,4,108,5,1,,,,,,,,,,,,,,,,,,,,,,,,,,,,,,,,,,,,,,,,,,,,,,,,,,,,,,,,,,,,,,,,,,,,,
,,,,,,,,,,,,,,,,,,,,,,,,,,,,,,,,,,,,,,,,,,,,,,,,,,,,,,,,,,,,,,,,,,743837,001,2024-11-25_17h28.25.105,experiment,2023.2.3,Linux x86_64,60.24096386,5cadb168466544001a69832d,67446fa89e86ac01e4128331,6744b3803a686ff2558df228,,,,,,,,,,,,,,,,,,,,,,,,,,,,,,,,,,,,,,,,,,1,,,,,,,,,,,,,1,,,,,,,,,,,,,,,,,,,,,,,,,,,,,,,,,,,,,,,,,,,,,,,,,,s,0.7116,,space,0.8113,,1,blue_gnome,1,1,bright_forest,red_basket,yellow_gnome,1,4,dark_forest,yellow_basket,1,0,0,1,blue_gnome,bright_forest,red_basket,1173,-2,-2,13,5,109,0,1,,,,,,,,,,,,,,,,,,,,,,,,,,,,,,,,,,,,,,,,,,,,,,,,,,,,,,,,,,,,,,,,,,,,,
,,,,,,,,,,,,,,,,,,,,,,,,,,,,,,,,,,,,,,,,,,,,,,,,,,,,,,,,,,,,,,,,,,743837,001,2024-11-25_17h28.25.105,experiment,2023.2.3,Linux x86_64,60.24096386,5cadb168466544001a69832d,67446fa89e86ac01e4128331,6744b3803a686ff2558df228,,,,,,,,,,,,,,,,,,,,,,,,,,,,,,,,,,,,,,,,,,5,,,,,,,,,,,,,1,,,,,,,,,,,,,,,,,,,,,,,,,,,,,,,,,,,,,,,,,,,,,,,,,,k,0.7309,,space,0.5569,,1,blue_gnome,1,1,bright_forest,red_basket,yellow_gnome,1,2,dark_forest,yellow_basket,10,0,0,1,yellow_gnome,dark_forest,yellow_basket,1183,0,-3,13,6,110,4,1,,,,,,,,,,,,,,,,,,,,,,,,,,,,,,,,,,,,,,,,,,,,,,,,,,,,,,,,,,,,,,,,,,,,,
,,,,,,,,,,,,,,,,,,,,,,,,,,,,,,,,,,,,,,,,,,,,,,,,,,,,,,,,,,,,,,,,,,743837,001,2024-11-25_17h28.25.105,experiment,2023.2.3,Linux x86_64,60.24096386,5cadb168466544001a69832d,67446fa89e86ac01e4128331,6744b3803a686ff2558df228,,,,,,,,,,,,,,,,,,,,,,,,,,,,,,,,,,,,,,,,,,5,,,,,,,,,,,,,4,,,,,,,,,,,,,,,,,,,,,,,,,,,,,,,,,,,,,,,,,,,,,,,,,,s,0.6122,,space,0.1739,,4,red_gnome,4,1,dark_forest,yellow_basket,pink_gnome,4,1,bright_forest,red_basket,5,0,0,1,red_gnome,dark_forest,yellow_basket,1188,-4,2,13,7,111,7,1,,,,,,,,,,,,,,,,,,,,,,,,,,,,,,,,,,,,,,,,,,,,,,,,,,,,,,,,,,,,,,,,,,,,,
,,,,,,,,,,,,,,,,,,,,,,,,,,,,,,,,,,,,,,,,,,,,,,,,,,,,,,,,,,,,,,,,,,743837,001,2024-11-25_17h28.25.105,experiment,2023.2.3,Linux x86_64,60.24096386,5cadb168466544001a69832d,67446fa89e86ac01e4128331,6744b3803a686ff2558df228,,,,,,,,,,,,,,,,,,,,,,,,,,,,,,,,,,,,,,,,,,1,,,,,,,,,,,,,3,,,,,,,,,,,,,,,,,,,,,,,,,,,,,,,,,,,,,,,,,,,,,,,,,,s,0.7459,,space,0.517,,3,green_gnome,3,3,bright_forest,red_basket,purple_gnome,3,3,dark_forest,yellow_basket,3,0,0,1,green_gnome,bright_forest,red_basket,1191,-3,-1,14,0,112,2,1,,,,,,,,,,,,,,,,,,,,,,,,,,,,,,,,,,,,,,,,,,,,,,,,,,,,,,,,,,,,,,,,,,,,,
,,,,,,,,,,,,,,,,,,,,,,,,,,,,,,,,,,,,,,,,,,,,,,,,,,,,,,,,,,,,,,,,,,743837,001,2024-11-25_17h28.25.105,experiment,2023.2.3,Linux x86_64,60.24096386,5cadb168466544001a69832d,67446fa89e86ac01e4128331,6744b3803a686ff2558df228,,,,,,,,,,,,,,,,,,,,,,,,,,,,,,,,,,,,,,,,,,1,,,,,,,,,,,,,1,,,,,,,,,,,,,,,,,,,,,,,,,,,,,,,,,,,,,,,,,,,,,,,,,,k,0.4782,,space,0.7471,,1,yellow_gnome,1,2,dark_forest,yellow_basket,blue_gnome,1,0,bright_forest,red_basket,0,0,0,1,blue_gnome,bright_forest,red_basket,1191,1,-2,14,1,113,0,1,,,,,,,,,,,,,,,,,,,,,,,,,,,,,,,,,,,,,,,,,,,,,,,,,,,,,,,,,,,,,,,,,,,,,
,,,,,,,,,,,,,,,,,,,,,,,,,,,,,,,,,,,,,,,,,,,,,,,,,,,,,,,,,,,,,,,,,,743837,001,2024-11-25_17h28.25.105,experiment,2023.2.3,Linux x86_64,60.24096386,5cadb168466544001a69832d,67446fa89e86ac01e4128331,6744b3803a686ff2558df228,,,,,,,,,,,,,,,,,,,,,,,,,,,,,,,,,,,,,,,,,,1,,,,,,,,,,,,,3,,,,,,,,,,,,,,,,,,,,,,,,,,,,,,,,,,,,,,,,,,,,,,,,,,k,1.496,,space,0.7455,,3,green_gnome,3,1,bright_forest,red_basket,purple_gnome,3,0,dark_forest,yellow_basket,0,0,0,1,purple_gnome,dark_forest,yellow_basket,1191,-1,3,14,2,114,2,1,,,,,,,,,,,,,,,,,,,,,,,,,,,,,,,,,,,,,,,,,,,,,,,,,,,,,,,,,,,,,,,,,,,,,
,,,,,,,,,,,,,,,,,,,,,,,,,,,,,,,,,,,,,,,,,,,,,,,,,,,,,,,,,,,,,,,,,,743837,001,2024-11-25_17h28.25.105,experiment,2023.2.3,Linux x86_64,60.24096386,5cadb168466544001a69832d,67446fa89e86ac01e4128331,6744b3803a686ff2558df228,,,,,,,,,,,,,,,,,,,,,,,,,,,,,,,,,,,,,,,,,,1,,,,,,,,,,,,,4,,,,,,,,,,,,,,,,,,,,,,,,,,,,,,,,,,,,,,,,,,,,,,,,,,s,0.6631,,,,,4,red_gnome,4,3,dark_forest,yellow_basket,pink_gnome,4,0,bright_forest,red_basket,0,0,1,0,red_gnome,dark_forest,yellow_basket,1191,2,1,14,3,115,3,1,,,,,,,,,,,,,,,,,,,,,,,,,,,,,,,,,,,,,,,,,,,,,,,,,,,,,,,,,,,,,,,,,,,,,
,,,,,,,,,,,,,,,,,,,,,,,,,,,,,,,,,,,,,,,,,,,,,,,,,,,,,,,,,,,,,,,,,,743837,001,2024-11-25_17h28.25.105,experiment,2023.2.3,Linux x86_64,60.24096386,5cadb168466544001a69832d,67446fa89e86ac01e4128331,6744b3803a686ff2558df228,,,,,,,,,,,,,,,,,,,,,,,,,,,,,,,,,,,,,,,,,,5,,,,,,,,,,,,,2,,,,,,,,,,,,,,,,,,,,,,,,,,,,,,,,,,,,,,,,,,,,,,,,,,k,0.783,,space,0.5333,,2,orange_gnome,2,4,dark_forest,yellow_basket,brown_gnome,2,2,bright_forest,red_basket,10,0,0,1,brown_gnome,bright_forest,red_basket,1201,-2,-2,14,4,116,5,1,,,,,,,,,,,,,,,,,,,,,,,,,,,,,,,,,,,,,,,,,,,,,,,,,,,,,,,,,,,,,,,,,,,,,
,,,,,,,,,,,,,,,,,,,,,,,,,,,,,,,,,,,,,,,,,,,,,,,,,,,,,,,,,,,,,,,,,,743837,001,2024-11-25_17h28.25.105,experiment,2023.2.3,Linux x86_64,60.24096386,5cadb168466544001a69832d,67446fa89e86ac01e4128331,6744b3803a686ff2558df228,,,,,,,,,,,,,,,,,,,,,,,,,,,,,,,,,,,,,,,,,,1,,,,,,,,,,,,,4,,,,,,,,,,,,,,,,,,,,,,,,,,,,,,,,,,,,,,,,,,,,,,,,,,s,0.5815,,space,0.8093,,4,red_gnome,4,2,dark_forest,yellow_basket,pink_gnome,4,0,bright_forest,red_basket,2,0,0,1,red_gnome,dark_forest,yellow_basket,1203,-2,-1,14,5,117,3,1,,,,,,,,,,,,,,,,,,,,,,,,,,,,,,,,,,,,,,,,,,,,,,,,,,,,,,,,,,,,,,,,,,,,,
,,,,,,,,,,,,,,,,,,,,,,,,,,,,,,,,,,,,,,,,,,,,,,,,,,,,,,,,,,,,,,,,,,743837,001,2024-11-25_17h28.25.105,experiment,2023.2.3,Linux x86_64,60.24096386,5cadb168466544001a69832d,67446fa89e86ac01e4128331,6744b3803a686ff2558df228,,,,,,,,,,,,,,,,,,,,,,,,,,,,,,,,,,,,,,,,,,1,,,,,,,,,,,,,3,,,,,,,,,,,,,,,,,,,,,,,,,,,,,,,,,,,,,,,,,,,,,,,,,,k,0.764,,space,1.4119,,3,green_gnome,3,2,bright_forest,red_basket,purple_gnome,3,1,dark_forest,yellow_basket,1,0,0,1,purple_gnome,dark_forest,yellow_basket,1204,-1,-3,14,6,118,2,1,,,,,,,,,,,,,,,,,,,,,,,,,,,,,,,,,,,,,,,,,,,,,,,,,,,,,,,,,,,,,,,,,,,,,
,,,,,,,,,,,,,,,,,,,,,,,,,,,,,,,,,,,,,,,,,,,,,,,,,,,,,,,,,,,,,,,,,,743837,001,2024-11-25_17h28.25.105,experiment,2023.2.3,Linux x86_64,60.24096386,5cadb168466544001a69832d,67446fa89e86ac01e4128331,6744b3803a686ff2558df228,,,,,,,,,,,,,,,,,,,,,,,,,,,,,,,,,,,,,,,,,,1,,,,,,,,,,,,,4,,,,,,,,,,,,,,,,,,,,,,,,,,,,,,,,,,,,,,,,,,,,,,,,,,s,0.6937,,space,0.7096,,4,red_gnome,4,2,dark_forest,yellow_basket,pink_gnome,4,1,bright_forest,red_basket,2,0,0,1,red_gnome,dark_forest,yellow_basket,1206,-3,1,14,7,119,3,1,,,,,,,,,,,,,,,,,,,,,,,,,,,,,,,,,,,,,,,,,,,,,,,,,,,,,,,,,,,,,,,,,,,,,
,,,,,,,,,,,,,,,,,,,,,,,,,,,,,,,,,,,,,,,,,,,,,,,,,,,,,,,,,,,,,,,,,,743837,001,2024-11-25_17h28.25.105,experiment,2023.2.3,Linux x86_64,60.24096386,5cadb168466544001a69832d,67446fa89e86ac01e4128331,6744b3803a686ff2558df228,,,,,,,,,,,,,,,,,,,,,,,,,,,,,,,,,,,,,,,,,,1,,,,,,,,,,,,,2,,,,,,,,,,,,,,,,,,,,,,,,,,,,,,,,,,,,,,,,,,,,,,,,,,k,0.5272,,space,0.5763,,2,orange_gnome,2,3,dark_forest,yellow_basket,brown_gnome,2,2,bright_forest,red_basket,2,0,0,1,brown_gnome,bright_forest,red_basket,1208,-2,-1,15,0,120,1,1,,,,,,,,,,,,,,,,,,,,,,,,,,,,,,,,,,,,,,,,,,,,,,,,,,,,,,,,,,,,,,,,,,,,,
,,,,,,,,,,,,,,,,,,,,,,,,,,,,,,,,,,,,,,,,,,,,,,,,,,,,,,,,,,,,,,,,,,743837,001,2024-11-25_17h28.25.105,experiment,2023.2.3,Linux x86_64,60.24096386,5cadb168466544001a69832d,67446fa89e86ac01e4128331,6744b3803a686ff2558df228,,,,,,,,,,,,,,,,,,,,,,,,,,,,,,,,,,,,,,,,,,5,,,,,,,,,,,,,1,,,,,,,,,,,,,,,,,,,,,,,,,,,,,,,,,,,,,,,,,,,,,,,,,,s,0.4624,,space,0.5289,,1,yellow_gnome,1,2,dark_forest,yellow_basket,blue_gnome,1,0,bright_forest,red_basket,10,0,0,1,yellow_gnome,dark_forest,yellow_basket,1218,1,1,15,1,121,4,1,,,,,,,,,,,,,,,,,,,,,,,,,,,,,,,,,,,,,,,,,,,,,,,,,,,,,,,,,,,,,,,,,,,,,
,,,,,,,,,,,,,,,,,,,,,,,,,,,,,,,,,,,,,,,,,,,,,,,,,,,,,,,,,,,,,,,,,,743837,001,2024-11-25_17h28.25.105,experiment,2023.2.3,Linux x86_64,60.24096386,5cadb168466544001a69832d,67446fa89e86ac01e4128331,6744b3803a686ff2558df228,,,,,,,,,,,,,,,,,,,,,,,,,,,,,,,,,,,,,,,,,,5,,,,,,,,,,,,,2,,,,,,,,,,,,,,,,,,,,,,,,,,,,,,,,,,,,,,,,,,,,,,,,,,s,0.5432,,space,0.6152,,2,brown_gnome,2,1,bright_forest,red_basket,orange_gnome,2,3,dark_forest,yellow_basket,5,0,0,1,brown_gnome,bright_forest,red_basket,1223,1,-2,15,2,122,5,1,,,,,,,,,,,,,,,,,,,,,,,,,,,,,,,,,,,,,,,,,,,,,,,,,,,,,,,,,,,,,,,,,,,,,
,,,,,,,,,,,,,,,,,,,,,,,,,,,,,,,,,,,,,,,,,,,,,,,,,,,,,,,,,,,,,,,,,,743837,001,2024-11-25_17h28.25.105,experiment,2023.2.3,Linux x86_64,60.24096386,5cadb168466544001a69832d,67446fa89e86ac01e4128331,6744b3803a686ff2558df228,,,,,,,,,,,,,,,,,,,,,,,,,,,,,,,,,,,,,,,,,,1,,,,,,,,,,,,,2,,,,,,,,,,,,,,,,,,,,,,,,,,,,,,,,,,,,,,,,,,,,,,,,,,k,0.6946,,space,0.4652,,2,orange_gnome,2,1,dark_forest,yellow_basket,brown_gnome,2,2,bright_forest,red_basket,2,0,0,1,brown_gnome,bright_forest,red_basket,1225,0,5,15,3,123,1,1,,,,,,,,,,,,,,,,,,,,,,,,,,,,,,,,,,,,,,,,,,,,,,,,,,,,,,,,,,,,,,,,,,,,,
,,,,,,,,,,,,,,,,,,,,,,,,,,,,,,,,,,,,,,,,,,,,,,,,,,,,,,,,,,,,,,,,,,743837,001,2024-11-25_17h28.25.105,experiment,2023.2.3,Linux x86_64,60.24096386,5cadb168466544001a69832d,67446fa89e86ac01e4128331,6744b3803a686ff2558df228,,,,,,,,,,,,,,,,,,,,,,,,,,,,,,,,,,,,,,,,,,1,,,,,,,,,,,,,1,,,,,,,,,,,,,,,,,,,,,,,,,,,,,,,,,,,,,,,,,,,,,,,,,,s,0.7788,,space,0.6753,,1,yellow_gnome,1,6,dark_forest,yellow_basket,blue_gnome,1,2,bright_forest,red_basket,6,0,0,1,yellow_gnome,dark_forest,yellow_basket,1231,-1,-1,15,4,124,0,1,,,,,,,,,,,,,,,,,,,,,,,,,,,,,,,,,,,,,,,,,,,,,,,,,,,,,,,,,,,,,,,,,,,,,
,,,,,,,,,,,,,,,,,,,,,,,,,,,,,,,,,,,,,,,,,,,,,,,,,,,,,,,,,,,,,,,,,,743837,001,2024-11-25_17h28.25.105,experiment,2023.2.3,Linux x86_64,60.24096386,5cadb168466544001a69832d,67446fa89e86ac01e4128331,6744b3803a686ff2558df228,,,,,,,,,,,,,,,,,,,,,,,,,,,,,,,,,,,,,,,,,,5,,,,,,,,,,,,,3,,,,,,,,,,,,,,,,,,,,,,,,,,,,,,,,,,,,,,,,,,,,,,,,,,s,0.3614,,space,0.4501,,3,purple_gnome,3,5,dark_forest,yellow_basket,green_gnome,3,1,bright_forest,red_basket,25,0,0,1,purple_gnome,dark_forest,yellow_basket,1256,-1,3,15,5,125,6,1,,,,,,,,,,,,,,,,,,,,,,,,,,,,,,,,,,,,,,,,,,,,,,,,,,,,,,,,,,,,,,,,,,,,,
,,,,,,,,,,,,,,,,,,,,,,,,,,,,,,,,,,,,,,,,,,,,,,,,,,,,,,,,,,,,,,,,,,743837,001,2024-11-25_17h28.25.105,experiment,2023.2.3,Linux x86_64,60.24096386,5cadb168466544001a69832d,67446fa89e86ac01e4128331,6744b3803a686ff2558df228,,,,,,,,,,,,,,,,,,,,,,,,,,,,,,,,,,,,,,,,,,1,,,,,,,,,,,,,1,,,,,,,,,,,,,,,,,,,,,,,,,,,,,,,,,,,,,,,,,,,,,,,,,,s,0.3308,,space,0.9755,,1,blue_gnome,1,0,bright_forest,red_basket,yellow_gnome,1,8,dark_forest,yellow_basket,0,0,0,1,blue_gnome,bright_forest,red_basket,1256,0,5,15,6,126,0,1,,,,,,,,,,,,,,,,,,,,,,,,,,,,,,,,,,,,,,,,,,,,,,,,,,,,,,,,,,,,,,,,,,,,,
,,,,,,,,,,,,,,,,,,,,,,,,,,,,,,,,,,,,,,,,,,,,,,,,,,,,,,,,,,,,,,,,,,743837,001,2024-11-25_17h28.25.105,experiment,2023.2.3,Linux x86_64,60.24096386,5cadb168466544001a69832d,67446fa89e86ac01e4128331,6744b3803a686ff2558df228,,,,,,,,,,,,,,,,,,,,,,,,,,,,,,,,,,,,,,,,,,1,,,,,,,,,,,,,1,,,,,,,,,,,,,,,,,,,,,,,,,,,,,,,,,,,,,,,,,,,,,,,,,,k,0.5284,,space,0.4965,,1,yellow_gnome,1,5,dark_forest,yellow_basket,blue_gnome,1,0,bright_forest,red_basket,0,0,0,1,blue_gnome,bright_forest,red_basket,1256,2,0,15,7,127,0,1,space,12.3597,,,,,,,,,,,,,,,,,,,,,,,,,,,,,,,,,,,,,,,,,,,,,,,,,,,,,,,,,,,,,,,,,,,
,,,,,,,,,,,,,,,,,,,,,,,,,,,,,,,,,,,,,,,,,,,,,,,,,,,,,,,,,,,,,,,,,,743837,001,2024-11-25_17h28.25.105,experiment,2023.2.3,Linux x86_64,60.24096386,5cadb168466544001a69832d,67446fa89e86ac01e4128331,6744b3803a686ff2558df228,,,,,,,,,,,,,,,,,,,,,,,,,,,,,,,,,,,,,,,,,,1,,,,,,,,,,,,,2,,,,,,,,,,,,,,,,,,,,,,,,,,,,,,,,,,,,,,,,,,,,,,,,,,k,0.5611,,space,0.3798,,2,brown_gnome,2,2,bright_forest,red_basket,orange_gnome,2,5,dark_forest,yellow_basket,5,0,0,1,orange_gnome,dark_forest,yellow_basket,1261,-1,0,16,0,128,1,1,,,,,,,,,,,,,,,,,,,,,,,,,,,,,,,,,,,,,,,,,,,,,,,,,,,,,,,,,,,,,,,,,,,,,
,,,,,,,,,,,,,,,,,,,,,,,,,,,,,,,,,,,,,,,,,,,,,,,,,,,,,,,,,,,,,,,,,,743837,001,2024-11-25_17h28.25.105,experiment,2023.2.3,Linux x86_64,60.24096386,5cadb168466544001a69832d,67446fa89e86ac01e4128331,6744b3803a686ff2558df228,,,,,,,,,,,,,,,,,,,,,,,,,,,,,,,,,,,,,,,,,,5,,,,,,,,,,,,,3,,,,,,,,,,,,,,,,,,,,,,,,,,,,,,,,,,,,,,,,,,,,,,,,,,s,0.4439,,space,0.5437,,3,green_gnome,3,1,bright_forest,red_basket,purple_gnome,3,5,dark_forest,yellow_basket,5,0,0,1,green_gnome,bright_forest,red_basket,1266,2,1,16,1,129,6,1,,,,,,,,,,,,,,,,,,,,,,,,,,,,,,,,,,,,,,,,,,,,,,,,,,,,,,,,,,,,,,,,,,,,,
,,,,,,,,,,,,,,,,,,,,,,,,,,,,,,,,,,,,,,,,,,,,,,,,,,,,,,,,,,,,,,,,,,743837,001,2024-11-25_17h28.25.105,experiment,2023.2.3,Linux x86_64,60.24096386,5cadb168466544001a69832d,67446fa89e86ac01e4128331,6744b3803a686ff2558df228,,,,,,,,,,,,,,,,,,,,,,,,,,,,,,,,,,,,,,,,,,5,,,,,,,,,,,,,1,,,,,,,,,,,,,,,,,,,,,,,,,,,,,,,,,,,,,,,,,,,,,,,,,,k,0.8292,,,,,1,yellow_gnome,1,6,dark_forest,yellow_basket,blue_gnome,1,3,bright_forest,red_basket,0,0,1,0,blue_gnome,bright_forest,red_basket,1266,-1,-4,16,2,130,4,1,,,,,,,,,,,,,,,,,,,,,,,,,,,,,,,,,,,,,,,,,,,,,,,,,,,,,,,,,,,,,,,,,,,,,
,,,,,,,,,,,,,,,,,,,,,,,,,,,,,,,,,,,,,,,,,,,,,,,,,,,,,,,,,,,,,,,,,,743837,001,2024-11-25_17h28.25.105,experiment,2023.2.3,Linux x86_64,60.24096386,5cadb168466544001a69832d,67446fa89e86ac01e4128331,6744b3803a686ff2558df228,,,,,,,,,,,,,,,,,,,,,,,,,,,,,,,,,,,,,,,,,,5,,,,,,,,,,,,,1,,,,,,,,,,,,,,,,,,,,,,,,,,,,,,,,,,,,,,,,,,,,,,,,,,k,0.3506,,,,,1,yellow_gnome,1,2,dark_forest,yellow_basket,blue_gnome,1,2,bright_forest,red_basket,0,0,1,0,blue_gnome,bright_forest,red_basket,1266,1,-1,16,3,131,4,1,,,,,,,,,,,,,,,,,,,,,,,,,,,,,,,,,,,,,,,,,,,,,,,,,,,,,,,,,,,,,,,,,,,,,
,,,,,,,,,,,,,,,,,,,,,,,,,,,,,,,,,,,,,,,,,,,,,,,,,,,,,,,,,,,,,,,,,,743837,001,2024-11-25_17h28.25.105,experiment,2023.2.3,Linux x86_64,60.24096386,5cadb168466544001a69832d,67446fa89e86ac01e4128331,6744b3803a686ff2558df228,,,,,,,,,,,,,,,,,,,,,,,,,,,,,,,,,,,,,,,,,,1,,,,,,,,,,,,,1,,,,,,,,,,,,,,,,,,,,,,,,,,,,,,,,,,,,,,,,,,,,,,,,,,k,0.6101,,,,,1,blue_gnome,1,3,bright_forest,red_basket,yellow_gnome,1,1,dark_forest,yellow_basket,0,0,1,0,yellow_gnome,dark_forest,yellow_basket,1266,0,0,16,4,132,0,1,,,,,,,,,,,,,,,,,,,,,,,,,,,,,,,,,,,,,,,,,,,,,,,,,,,,,,,,,,,,,,,,,,,,,
,,,,,,,,,,,,,,,,,,,,,,,,,,,,,,,,,,,,,,,,,,,,,,,,,,,,,,,,,,,,,,,,,,743837,001,2024-11-25_17h28.25.105,experiment,2023.2.3,Linux x86_64,60.24096386,5cadb168466544001a69832d,67446fa89e86ac01e4128331,6744b3803a686ff2558df228,,,,,,,,,,,,,,,,,,,,,,,,,,,,,,,,,,,,,,,,,,1,,,,,,,,,,,,,4,,,,,,,,,,,,,,,,,,,,,,,,,,,,,,,,,,,,,,,,,,,,,,,,,,k,0.4104,,space,0.3791,,4,pink_gnome,4,3,bright_forest,red_basket,red_gnome,4,1,dark_forest,yellow_basket,1,0,0,1,red_gnome,dark_forest,yellow_basket,1267,-2,2,16,5,133,3,1,,,,,,,,,,,,,,,,,,,,,,,,,,,,,,,,,,,,,,,,,,,,,,,,,,,,,,,,,,,,,,,,,,,,,
,,,,,,,,,,,,,,,,,,,,,,,,,,,,,,,,,,,,,,,,,,,,,,,,,,,,,,,,,,,,,,,,,,743837,001,2024-11-25_17h28.25.105,experiment,2023.2.3,Linux x86_64,60.24096386,5cadb168466544001a69832d,67446fa89e86ac01e4128331,6744b3803a686ff2558df228,,,,,,,,,,,,,,,,,,,,,,,,,,,,,,,,,,,,,,,,,,1,,,,,,,,,,,,,2,,,,,,,,,,,,,,,,,,,,,,,,,,,,,,,,,,,,,,,,,,,,,,,,,,k,0.3833,,space,0.4295,,2,orange_gnome,2,3,dark_forest,yellow_basket,brown_gnome,2,1,bright_forest,red_basket,1,0,0,1,brown_gnome,bright_forest,red_basket,1268,1,0,16,6,134,1,1,,,,,,,,,,,,,,,,,,,,,,,,,,,,,,,,,,,,,,,,,,,,,,,,,,,,,,,,,,,,,,,,,,,,,
,,,,,,,,,,,,,,,,,,,,,,,,,,,,,,,,,,,,,,,,,,,,,,,,,,,,,,,,,,,,,,,,,,743837,001,2024-11-25_17h28.25.105,experiment,2023.2.3,Linux x86_64,60.24096386,5cadb168466544001a69832d,67446fa89e86ac01e4128331,6744b3803a686ff2558df228,,,,,,,,,,,,,,,,,,,,,,,,,,,,,,,,,,,,,,,,,,5,,,,,,,,,,,,,2,,,,,,,,,,,,,,,,,,,,,,,,,,,,,,,,,,,,,,,,,,,,,,,,,,k,0.4641,,space,0.3611,,2,orange_gnome,2,3,dark_forest,yellow_basket,brown_gnome,2,2,bright_forest,red_basket,10,0,0,1,brown_gnome,bright_forest,red_basket,1278,-2,4,16,7,135,5,1,,,,,,,,,,,,,,,,,,,,,,,,,,,,,,,,,,,,,,,,,,,,,,,,,,,,,,,,,,,,,,,,,,,,,
,,,,,,,,,,,,,,,,,,,,,,,,,,,,,,,,,,,,,,,,,,,,,,,,,,,,,,,,,,,,,,,,,,743837,001,2024-11-25_17h28.25.105,experiment,2023.2.3,Linux x86_64,60.24096386,5cadb168466544001a69832d,67446fa89e86ac01e4128331,6744b3803a686ff2558df228,,,,,,,,,,,,,,,,,,,,,,,,,,,,,,,,,,,,,,,,,,5,,,,,,,,,,,,,4,,,,,,,,,,,,,,,,,,,,,,,,,,,,,,,,,,,,,,,,,,,,,,,,,,k,0.3973,,space,0.4658,,4,red_gnome,4,7,dark_forest,yellow_basket,pink_gnome,4,0,bright_forest,red_basket,0,0,0,1,pink_gnome,bright_forest,red_basket,1278,-1,0,17,0,136,7,1,,,,,,,,,,,,,,,,,,,,,,,,,,,,,,,,,,,,,,,,,,,,,,,,,,,,,,,,,,,,,,,,,,,,,
,,,,,,,,,,,,,,,,,,,,,,,,,,,,,,,,,,,,,,,,,,,,,,,,,,,,,,,,,,,,,,,,,,743837,001,2024-11-25_17h28.25.105,experiment,2023.2.3,Linux x86_64,60.24096386,5cadb168466544001a69832d,67446fa89e86ac01e4128331,6744b3803a686ff2558df228,,,,,,,,,,,,,,,,,,,,,,,,,,,,,,,,,,,,,,,,,,5,,,,,,,,,,,,,4,,,,,,,,,,,,,,,,,,,,,,,,,,,,,,,,,,,,,,,,,,,,,,,,,,k,0.4501,,space,0.5619,,4,red_gnome,4,7,dark_forest,yellow_basket,pink_gnome,4,1,bright_forest,red_basket,5,0,0,1,pink_gnome,bright_forest,red_basket,1283,-2,1,17,1,137,7,1,,,,,,,,,,,,,,,,,,,,,,,,,,,,,,,,,,,,,,,,,,,,,,,,,,,,,,,,,,,,,,,,,,,,,
,,,,,,,,,,,,,,,,,,,,,,,,,,,,,,,,,,,,,,,,,,,,,,,,,,,,,,,,,,,,,,,,,,743837,001,2024-11-25_17h28.25.105,experiment,2023.2.3,Linux x86_64,60.24096386,5cadb168466544001a69832d,67446fa89e86ac01e4128331,6744b3803a686ff2558df228,,,,,,,,,,,,,,,,,,,,,,,,,,,,,,,,,,,,,,,,,,1,,,,,,,,,,,,,4,,,,,,,,,,,,,,,,,,,,,,,,,,,,,,,,,,,,,,,,,,,,,,,,,,k,0.3767,,space,0.6927,,4,red_gnome,4,8,dark_forest,yellow_basket,pink_gnome,4,1,bright_forest,red_basket,1,0,0,1,pink_gnome,bright_forest,red_basket,1284,1,1,17,2,138,3,1,,,,,,,,,,,,,,,,,,,,,,,,,,,,,,,,,,,,,,,,,,,,,,,,,,,,,,,,,,,,,,,,,,,,,
,,,,,,,,,,,,,,,,,,,,,,,,,,,,,,,,,,,,,,,,,,,,,,,,,,,,,,,,,,,,,,,,,,743837,001,2024-11-25_17h28.25.105,experiment,2023.2.3,Linux x86_64,60.24096386,5cadb168466544001a69832d,67446fa89e86ac01e4128331,6744b3803a686ff2558df228,,,,,,,,,,,,,,,,,,,,,,,,,,,,,,,,,,,,,,,,,,1,,,,,,,,,,,,,1,,,,,,,,,,,,,,,,,,,,,,,,,,,,,,,,,,,,,,,,,,,,,,,,,,k,0.51,,space,0.5263,,1,yellow_gnome,1,9,dark_forest,yellow_basket,blue_gnome,1,2,bright_forest,red_basket,2,0,0,1,blue_gnome,bright_forest,red_basket,1286,-1,-1,17,3,139,0,1,,,,,,,,,,,,,,,,,,,,,,,,,,,,,,,,,,,,,,,,,,,,,,,,,,,,,,,,,,,,,,,,,,,,,
,,,,,,,,,,,,,,,,,,,,,,,,,,,,,,,,,,,,,,,,,,,,,,,,,,,,,,,,,,,,,,,,,,743837,001,2024-11-25_17h28.25.105,experiment,2023.2.3,Linux x86_64,60.24096386,5cadb168466544001a69832d,67446fa89e86ac01e4128331,6744b3803a686ff2558df228,,,,,,,,,,,,,,,,,,,,,,,,,,,,,,,,,,,,,,,,,,5,,,,,,,,,,,,,2,,,,,,,,,,,,,,,,,,,,,,,,,,,,,,,,,,,,,,,,,,,,,,,,,,,,,,,,2,brown_gnome,2,1,bright_forest,red_basket,orange_gnome,2,8,dark_forest,yellow_basket,0,1,0,0,,bright_forest,red_basket,1286,0,2,17,4,140,5,1,,,,,,,,,,,,,,,,,,,,,,,,,,,,,,,,,,,,,,,,,,,,,,,,,,,,,,,,,,,,,,,,,,,,,
,,,,,,,,,,,,,,,,,,,,,,,,,,,,,,,,,,,,,,,,,,,,,,,,,,,,,,,,,,,,,,,,,,743837,001,2024-11-25_17h28.25.105,experiment,2023.2.3,Linux x86_64,60.24096386,5cadb168466544001a69832d,67446fa89e86ac01e4128331,6744b3803a686ff2558df228,,,,,,,,,,,,,,,,,,,,,,,,,,,,,,,,,,,,,,,,,,5,,,,,,,,,,,,,1,,,,,,,,,,,,,,,,,,,,,,,,,,,,,,,,,,,,,,,,,,,,,,,,,,k,0.9103,,space,0.5141,,1,blue_gnome,1,1,bright_forest,red_basket,yellow_gnome,1,8,dark_forest,yellow_basket,40,0,0,1,yellow_gnome,dark_forest,yellow_basket,1326,-2,0,17,5,141,4,1,,,,,,,,,,,,,,,,,,,,,,,,,,,,,,,,,,,,,,,,,,,,,,,,,,,,,,,,,,,,,,,,,,,,,
,,,,,,,,,,,,,,,,,,,,,,,,,,,,,,,,,,,,,,,,,,,,,,,,,,,,,,,,,,,,,,,,,,743837,001,2024-11-25_17h28.25.105,experiment,2023.2.3,Linux x86_64,60.24096386,5cadb168466544001a69832d,67446fa89e86ac01e4128331,6744b3803a686ff2558df228,,,,,,,,,,,,,,,,,,,,,,,,,,,,,,,,,,,,,,,,,,5,,,,,,,,,,,,,2,,,,,,,,,,,,,,,,,,,,,,,,,,,,,,,,,,,,,,,,,,,,,,,,,,s,0.6129,,space,0.6976,,2,brown_gnome,2,1,bright_forest,red_basket,orange_gnome,2,8,dark_forest,yellow_basket,5,0,0,1,brown_gnome,bright_forest,red_basket,1331,0,1,17,6,142,5,1,,,,,,,,,,,,,,,,,,,,,,,,,,,,,,,,,,,,,,,,,,,,,,,,,,,,,,,,,,,,,,,,,,,,,
,,,,,,,,,,,,,,,,,,,,,,,,,,,,,,,,,,,,,,,,,,,,,,,,,,,,,,,,,,,,,,,,,,743837,001,2024-11-25_17h28.25.105,experiment,2023.2.3,Linux x86_64,60.24096386,5cadb168466544001a69832d,67446fa89e86ac01e4128331,6744b3803a686ff2558df228,,,,,,,,,,,,,,,,,,,,,,,,,,,,,,,,,,,,,,,,,,5,,,,,,,,,,,,,4,,,,,,,,,,,,,,,,,,,,,,,,,,,,,,,,,,,,,,,,,,,,,,,,,,s,0.5654,,space,0.5091,,4,red_gnome,4,9,dark_forest,yellow_basket,pink_gnome,4,1,bright_forest,red_basket,45,0,0,1,red_gnome,dark_forest,yellow_basket,1376,0,-2,17,7,143,7,1,,,,,,,,,,,,,,,,,,,,,,,,,,,,,,,,,,,,,,,,,,,,,,,,,,,,,,,,,,,,,,,,,,,,,
,,,,,,,,,,,,,,,,,,,,,,,,,,,,,,,,,,,,,,,,,,,,,,,,,,,,,,,,,,,,,,,,,,743837,001,2024-11-25_17h28.25.105,experiment,2023.2.3,Linux x86_64,60.24096386,5cadb168466544001a69832d,67446fa89e86ac01e4128331,6744b3803a686ff2558df228,,,,,,,,,,,,,,,,,,,,,,,,,,,,,,,,,,,,,,,,,,5,,,,,,,,,,,,,2,,,,,,,,,,,,,,,,,,,,,,,,,,,,,,,,,,,,,,,,,,,,,,,,,,k,0.6144,,space,0.4932,,2,orange_gnome,2,7,dark_forest,yellow_basket,brown_gnome,2,1,bright_forest,red_basket,5,0,0,1,brown_gnome,bright_forest,red_basket,1381,2,-2,18,0,144,5,1,,,,,,,,,,,,,,,,,,,,,,,,,,,,,,,,,,,,,,,,,,,,,,,,,,,,,,,,,,,,,,,,,,,,,
,,,,,,,,,,,,,,,,,,,,,,,,,,,,,,,,,,,,,,,,,,,,,,,,,,,,,,,,,,,,,,,,,,743837,001,2024-11-25_17h28.25.105,experiment,2023.2.3,Linux x86_64,60.24096386,5cadb168466544001a69832d,67446fa89e86ac01e4128331,6744b3803a686ff2558df228,,,,,,,,,,,,,,,,,,,,,,,,,,,,,,,,,,,,,,,,,,1,,,,,,,,,,,,,2,,,,,,,,,,,,,,,,,,,,,,,,,,,,,,,,,,,,,,,,,,,,,,,,,,s,0.5269,,space,0.4144,,2,orange_gnome,2,5,dark_forest,yellow_basket,brown_gnome,2,3,bright_forest,red_basket,5,0,0,1,orange_gnome,dark_forest,yellow_basket,1386,2,0,18,1,145,1,1,,,,,,,,,,,,,,,,,,,,,,,,,,,,,,,,,,,,,,,,,,,,,,,,,,,,,,,,,,,,,,,,,,,,,
,,,,,,,,,,,,,,,,,,,,,,,,,,,,,,,,,,,,,,,,,,,,,,,,,,,,,,,,,,,,,,,,,,743837,001,2024-11-25_17h28.25.105,experiment,2023.2.3,Linux x86_64,60.24096386,5cadb168466544001a69832d,67446fa89e86ac01e4128331,6744b3803a686ff2558df228,,,,,,,,,,,,,,,,,,,,,,,,,,,,,,,,,,,,,,,,,,1,,,,,,,,,,,,,2,,,,,,,,,,,,,,,,,,,,,,,,,,,,,,,,,,,,,,,,,,,,,,,,,,s,0.4831,,space,0.9291,,2,brown_gnome,2,5,bright_forest,red_basket,orange_gnome,2,5,dark_forest,yellow_basket,5,0,0,1,brown_gnome,bright_forest,red_basket,1391,0,0,18,2,146,1,1,,,,,,,,,,,,,,,,,,,,,,,,,,,,,,,,,,,,,,,,,,,,,,,,,,,,,,,,,,,,,,,,,,,,,
,,,,,,,,,,,,,,,,,,,,,,,,,,,,,,,,,,,,,,,,,,,,,,,,,,,,,,,,,,,,,,,,,,743837,001,2024-11-25_17h28.25.105,experiment,2023.2.3,Linux x86_64,60.24096386,5cadb168466544001a69832d,67446fa89e86ac01e4128331,6744b3803a686ff2558df228,,,,,,,,,,,,,,,,,,,,,,,,,,,,,,,,,,,,,,,,,,5,,,,,,,,,,,,,4,,,,,,,,,,,,,,,,,,,,,,,,,,,,,,,,,,,,,,,,,,,,,,,,,,s,0.4096,,space,0.5104,,4,red_gnome,4,5,dark_forest,yellow_basket,pink_gnome,4,5,bright_forest,red_basket,25,0,0,1,red_gnome,dark_forest,yellow_basket,1416,-2,3,18,3,147,7,1,,,,,,,,,,,,,,,,,,,,,,,,,,,,,,,,,,,,,,,,,,,,,,,,,,,,,,,,,,,,,,,,,,,,,
,,,,,,,,,,,,,,,,,,,,,,,,,,,,,,,,,,,,,,,,,,,,,,,,,,,,,,,,,,,,,,,,,,743837,001,2024-11-25_17h28.25.105,experiment,2023.2.3,Linux x86_64,60.24096386,5cadb168466544001a69832d,67446fa89e86ac01e4128331,6744b3803a686ff2558df228,,,,,,,,,,,,,,,,,,,,,,,,,,,,,,,,,,,,,,,,,,5,,,,,,,,,,,,,3,,,,,,,,,,,,,,,,,,,,,,,,,,,,,,,,,,,,,,,,,,,,,,,,,,s,1.0985,,space,0.8925,,3,purple_gnome,3,8,dark_forest,yellow_basket,green_gnome,3,3,bright_forest,red_basket,40,0,0,1,purple_gnome,dark_forest,yellow_basket,1456,0,1,18,4,148,6,1,,,,,,,,,,,,,,,,,,,,,,,,,,,,,,,,,,,,,,,,,,,,,,,,,,,,,,,,,,,,,,,,,,,,,
,,,,,,,,,,,,,,,,,,,,,,,,,,,,,,,,,,,,,,,,,,,,,,,,,,,,,,,,,,,,,,,,,,743837,001,2024-11-25_17h28.25.105,experiment,2023.2.3,Linux x86_64,60.24096386,5cadb168466544001a69832d,67446fa89e86ac01e4128331,6744b3803a686ff2558df228,,,,,,,,,,,,,,,,,,,,,,,,,,,,,,,,,,,,,,,,,,1,,,,,,,,,,,,,2,,,,,,,,,,,,,,,,,,,,,,,,,,,,,,,,,,,,,,,,,,,,,,,,,,k,0.4614,,space,0.5621,,2,orange_gnome,2,9,dark_forest,yellow_basket,brown_gnome,2,3,bright_forest,red_basket,3,0,0,1,brown_gnome,bright_forest,red_basket,1459,-4,1,18,5,149,1,1,,,,,,,,,,,,,,,,,,,,,,,,,,,,,,,,,,,,,,,,,,,,,,,,,,,,,,,,,,,,,,,,,,,,,
,,,,,,,,,,,,,,,,,,,,,,,,,,,,,,,,,,,,,,,,,,,,,,,,,,,,,,,,,,,,,,,,,,743837,001,2024-11-25_17h28.25.105,experiment,2023.2.3,Linux x86_64,60.24096386,5cadb168466544001a69832d,67446fa89e86ac01e4128331,6744b3803a686ff2558df228,,,,,,,,,,,,,,,,,,,,,,,,,,,,,,,,,,,,,,,,,,1,,,,,,,,,,,,,4,,,,,,,,,,,,,,,,,,,,,,,,,,,,,,,,,,,,,,,,,,,,,,,,,,k,0.7969,,space,1.1908,,4,pink_gnome,4,1,bright_forest,red_basket,red_gnome,4,8,dark_forest,yellow_basket,8,0,0,1,red_gnome,dark_forest,yellow_basket,1467,-2,1,18,6,150,3,1,,,,,,,,,,,,,,,,,,,,,,,,,,,,,,,,,,,,,,,,,,,,,,,,,,,,,,,,,,,,,,,,,,,,,
,,,,,,,,,,,,,,,,,,,,,,,,,,,,,,,,,,,,,,,,,,,,,,,,,,,,,,,,,,,,,,,,,,743837,001,2024-11-25_17h28.25.105,experiment,2023.2.3,Linux x86_64,60.24096386,5cadb168466544001a69832d,67446fa89e86ac01e4128331,6744b3803a686ff2558df228,,,,,,,,,,,,,,,,,,,,,,,,,,,,,,,,,,,,,,,,,,1,,,,,,,,,,,,,4,,,,,,,,,,,,,,,,,,,,,,,,,,,,,,,,,,,,,,,,,,,,,,,,,,s,0.5154,,,,,4,red_gnome,4,9,dark_forest,yellow_basket,pink_gnome,4,1,bright_forest,red_basket,0,0,1,0,red_gnome,dark_forest,yellow_basket,1467,0,0,18,7,151,3,1,,,,,,,,,,,,,,,,,,,,,,,,,,,,,,,,,,,,,,,,,,,,,,,,,,,,,,,,,,,,,,,,,,,,,
,,,,,,,,,,,,,,,,,,,,,,,,,,,,,,,,,,,,,,,,,,,,,,,,,,,,,,,,,,,,,,,,,,743837,001,2024-11-25_17h28.25.105,experiment,2023.2.3,Linux x86_64,60.24096386,5cadb168466544001a69832d,67446fa89e86ac01e4128331,6744b3803a686ff2558df228,,,,,,,,,,,,,,,,,,,,,,,,,,,,,,,,,,,,,,,,,,5,,,,,,,,,,,,,3,,,,,,,,,,,,,,,,,,,,,,,,,,,,,,,,,,,,,,,,,,,,,,,,,,k,0.5165,,space,0.5744,,3,green_gnome,3,1,bright_forest,red_basket,purple_gnome,3,9,dark_forest,yellow_basket,45,0,0,1,purple_gnome,dark_forest,yellow_basket,1512,2,3,19,0,152,6,1,,,,,,,,,,,,,,,,,,,,,,,,,,,,,,,,,,,,,,,,,,,,,,,,,,,,,,,,,,,,,,,,,,,,,
,,,,,,,,,,,,,,,,,,,,,,,,,,,,,,,,,,,,,,,,,,,,,,,,,,,,,,,,,,,,,,,,,,743837,001,2024-11-25_17h28.25.105,experiment,2023.2.3,Linux x86_64,60.24096386,5cadb168466544001a69832d,67446fa89e86ac01e4128331,6744b3803a686ff2558df228,,,,,,,,,,,,,,,,,,,,,,,,,,,,,,,,,,,,,,,,,,5,,,,,,,,,,,,,4,,,,,,,,,,,,,,,,,,,,,,,,,,,,,,,,,,,,,,,,,,,,,,,,,,s,0.8953,,space,0.5809,,4,pink_gnome,4,3,bright_forest,red_basket,red_gnome,4,6,dark_forest,yellow_basket,15,0,0,1,pink_gnome,bright_forest,red_basket,1527,1,-1,19,1,153,7,1,,,,,,,,,,,,,,,,,,,,,,,,,,,,,,,,,,,,,,,,,,,,,,,,,,,,,,,,,,,,,,,,,,,,,
,,,,,,,,,,,,,,,,,,,,,,,,,,,,,,,,,,,,,,,,,,,,,,,,,,,,,,,,,,,,,,,,,,743837,001,2024-11-25_17h28.25.105,experiment,2023.2.3,Linux x86_64,60.24096386,5cadb168466544001a69832d,67446fa89e86ac01e4128331,6744b3803a686ff2558df228,,,,,,,,,,,,,,,,,,,,,,,,,,,,,,,,,,,,,,,,,,1,,,,,,,,,,,,,4,,,,,,,,,,,,,,,,,,,,,,,,,,,,,,,,,,,,,,,,,,,,,,,,,,k,0.7466,,space,0.8302,,4,red_gnome,4,5,dark_forest,yellow_basket,pink_gnome,4,4,bright_forest,red_basket,4,0,0,1,pink_gnome,bright_forest,red_basket,1531,4,1,19,2,154,3,1,,,,,,,,,,,,,,,,,,,,,,,,,,,,,,,,,,,,,,,,,,,,,,,,,,,,,,,,,,,,,,,,,,,,,
,,,,,,,,,,,,,,,,,,,,,,,,,,,,,,,,,,,,,,,,,,,,,,,,,,,,,,,,,,,,,,,,,,743837,001,2024-11-25_17h28.25.105,experiment,2023.2.3,Linux x86_64,60.24096386,5cadb168466544001a69832d,67446fa89e86ac01e4128331,6744b3803a686ff2558df228,,,,,,,,,,,,,,,,,,,,,,,,,,,,,,,,,,,,,,,,,,1,,,,,,,,,,,,,3,,,,,,,,,,,,,,,,,,,,,,,,,,,,,,,,,,,,,,,,,,,,,,,,,,k,1.2248,,space,1.1439,,3,green_gnome,3,8,bright_forest,red_basket,purple_gnome,3,6,dark_forest,yellow_basket,6,0,0,1,purple_gnome,dark_forest,yellow_basket,1537,1,2,19,3,155,2,1,,,,,,,,,,,,,,,,,,,,,,,,,,,,,,,,,,,,,,,,,,,,,,,,,,,,,,,,,,,,,,,,,,,,,
,,,,,,,,,,,,,,,,,,,,,,,,,,,,,,,,,,,,,,,,,,,,,,,,,,,,,,,,,,,,,,,,,,743837,001,2024-11-25_17h28.25.105,experiment,2023.2.3,Linux x86_64,60.24096386,5cadb168466544001a69832d,67446fa89e86ac01e4128331,6744b3803a686ff2558df228,,,,,,,,,,,,,,,,,,,,,,,,,,,,,,,,,,,,,,,,,,1,,,,,,,,,,,,,1,,,,,,,,,,,,,,,,,,,,,,,,,,,,,,,,,,,,,,,,,,,,,,,,,,s,0.9475,,,,,1,yellow_gnome,1,8,dark_forest,yellow_basket,blue_gnome,1,9,bright_forest,red_basket,0,0,1,0,yellow_gnome,dark_forest,yellow_basket,1537,4,-1,19,4,156,0,1,,,,,,,,,,,,,,,,,,,,,,,,,,,,,,,,,,,,,,,,,,,,,,,,,,,,,,,,,,,,,,,,,,,,,
,,,,,,,,,,,,,,,,,,,,,,,,,,,,,,,,,,,,,,,,,,,,,,,,,,,,,,,,,,,,,,,,,,743837,001,2024-11-25_17h28.25.105,experiment,2023.2.3,Linux x86_64,60.24096386,5cadb168466544001a69832d,67446fa89e86ac01e4128331,6744b3803a686ff2558df228,,,,,,,,,,,,,,,,,,,,,,,,,,,,,,,,,,,,,,,,,,5,,,,,,,,,,,,,2,,,,,,,,,,,,,,,,,,,,,,,,,,,,,,,,,,,,,,,,,,,,,,,,,,k,0.6434,,space,0.9369,,2,brown_gnome,2,5,bright_forest,red_basket,orange_gnome,2,7,dark_forest,yellow_basket,35,0,0,1,orange_gnome,dark_forest,yellow_basket,1572,-2,-2,19,5,157,5,1,,,,,,,,,,,,,,,,,,,,,,,,,,,,,,,,,,,,,,,,,,,,,,,,,,,,,,,,,,,,,,,,,,,,,
,,,,,,,,,,,,,,,,,,,,,,,,,,,,,,,,,,,,,,,,,,,,,,,,,,,,,,,,,,,,,,,,,,743837,001,2024-11-25_17h28.25.105,experiment,2023.2.3,Linux x86_64,60.24096386,5cadb168466544001a69832d,67446fa89e86ac01e4128331,6744b3803a686ff2558df228,,,,,,,,,,,,,,,,,,,,,,,,,,,,,,,,,,,,,,,,,,1,,,,,,,,,,,,,1,,,,,,,,,,,,,,,,,,,,,,,,,,,,,,,,,,,,,,,,,,,,,,,,,,k,0.6444,,space,0.8774,,1,blue_gnome,1,3,bright_forest,red_basket,yellow_gnome,1,5,dark_forest,yellow_basket,5,0,0,1,yellow_gnome,dark_forest,yellow_basket,1577,0,-2,19,6,158,0,1,,,,,,,,,,,,,,,,,,,,,,,,,,,,,,,,,,,,,,,,,,,,,,,,,,,,,,,,,,,,,,,,,,,,,
,,,,,,,,,,,,,,,,,,,,,,,,,,,,,,,,,,,,,,,,,,,,,,,,,,,,,,,,,,,,,,,,,,743837,001,2024-11-25_17h28.25.105,experiment,2023.2.3,Linux x86_64,60.24096386,5cadb168466544001a69832d,67446fa89e86ac01e4128331,6744b3803a686ff2558df228,,,,,,,,,,,,,,,,,,,,,,,,,,,,,,,,,,,,,,,,,,5,,,,,,,,,,,,,1,,,,,,,,,,,,,,,,,,,,,,,,,,,,,,,,,,,,,,,,,,,,,,,,,,s,0.3947,,space,0.6781,,1,blue_gnome,1,3,bright_forest,red_basket,yellow_gnome,1,3,dark_forest,yellow_basket,15,0,0,1,blue_gnome,bright_forest,red_basket,1592,-1,1,19,7,159,4,1,,,,,,,,,,,,,,,,,,,,,,,,,,,,,,,,,,,,,,,,,,,,,,,,,,,,,,,,,,,,,,,,,,,,,
,,,,,,,,,,,,,,,,,,,,,,,,,,,,,,,,,,,,,,,,,,,,,,,,,,,,,,,,,,,,,,,,,,743837,001,2024-11-25_17h28.25.105,experiment,2023.2.3,Linux x86_64,60.24096386,5cadb168466544001a69832d,67446fa89e86ac01e4128331,6744b3803a686ff2558df228,,,,,,,,,,,,,,,,,,,,,,,,,,,,,,,,,,,,,,,,,,5,,,,,,,,,,,,,3,,,,,,,,,,,,,,,,,,,,,,,,,,,,,,,,,,,,,,,,,,,,,,,,,,k,0.7276,,space,0.71,,3,green_gnome,3,2,bright_forest,red_basket,purple_gnome,3,4,dark_forest,yellow_basket,20,0,0,1,purple_gnome,dark_forest,yellow_basket,1612,1,-1,20,0,160,6,1,,,,,,,,,,,,,,,,,,,,,,,,,,,,,,,,,,,,,,,,,,,,,,,,,,,,,,,,,,,,,,,,,,,,,
,,,,,,,,,,,,,,,,,,,,,,,,,,,,,,,,,,,,,,,,,,,,,,,,,,,,,,,,,,,,,,,,,,743837,001,2024-11-25_17h28.25.105,experiment,2023.2.3,Linux x86_64,60.24096386,5cadb168466544001a69832d,67446fa89e86ac01e4128331,6744b3803a686ff2558df228,,,,,,,,,,,,,,,,,,,,,,,,,,,,,,,,,,,,,,,,,,1,,,,,,,,,,,,,2,,,,,,,,,,,,,,,,,,,,,,,,,,,,,,,,,,,,,,,,,,,,,,,,,,s,0.6506,,space,0.6498,,2,brown_gnome,2,3,bright_forest,red_basket,orange_gnome,2,3,dark_forest,yellow_basket,3,0,0,1,brown_gnome,bright_forest,red_basket,1615,0,-4,20,1,161,1,1,,,,,,,,,,,,,,,,,,,,,,,,,,,,,,,,,,,,,,,,,,,,,,,,,,,,,,,,,,,,,,,,,,,,,
,,,,,,,,,,,,,,,,,,,,,,,,,,,,,,,,,,,,,,,,,,,,,,,,,,,,,,,,,,,,,,,,,,743837,001,2024-11-25_17h28.25.105,experiment,2023.2.3,Linux x86_64,60.24096386,5cadb168466544001a69832d,67446fa89e86ac01e4128331,6744b3803a686ff2558df228,,,,,,,,,,,,,,,,,,,,,,,,,,,,,,,,,,,,,,,,,,5,,,,,,,,,,,,,1,,,,,,,,,,,,,,,,,,,,,,,,,,,,,,,,,,,,,,,,,,,,,,,,,,k,0.6939,,space,0.6824,,1,blue_gnome,1,3,bright_forest,red_basket,yellow_gnome,1,1,dark_forest,yellow_basket,5,0,0,1,yellow_gnome,dark_forest,yellow_basket,1620,-1,-5,20,2,162,4,1,,,,,,,,,,,,,,,,,,,,,,,,,,,,,,,,,,,,,,,,,,,,,,,,,,,,,,,,,,,,,,,,,,,,,
,,,,,,,,,,,,,,,,,,,,,,,,,,,,,,,,,,,,,,,,,,,,,,,,,,,,,,,,,,,,,,,,,,743837,001,2024-11-25_17h28.25.105,experiment,2023.2.3,Linux x86_64,60.24096386,5cadb168466544001a69832d,67446fa89e86ac01e4128331,6744b3803a686ff2558df228,,,,,,,,,,,,,,,,,,,,,,,,,,,,,,,,,,,,,,,,,,5,,,,,,,,,,,,,4,,,,,,,,,,,,,,,,,,,,,,,,,,,,,,,,,,,,,,,,,,,,,,,,,,s,0.5807,,space,0.7599,,4,pink_gnome,4,2,bright_forest,red_basket,red_gnome,4,4,dark_forest,yellow_basket,10,0,0,1,pink_gnome,bright_forest,red_basket,1630,-1,2,20,3,163,7,1,,,,,,,,,,,,,,,,,,,,,,,,,,,,,,,,,,,,,,,,,,,,,,,,,,,,,,,,,,,,,,,,,,,,,
,,,,,,,,,,,,,,,,,,,,,,,,,,,,,,,,,,,,,,,,,,,,,,,,,,,,,,,,,,,,,,,,,,743837,001,2024-11-25_17h28.25.105,experiment,2023.2.3,Linux x86_64,60.24096386,5cadb168466544001a69832d,67446fa89e86ac01e4128331,6744b3803a686ff2558df228,,,,,,,,,,,,,,,,,,,,,,,,,,,,,,,,,,,,,,,,,,5,,,,,,,,,,,,,1,,,,,,,,,,,,,,,,,,,,,,,,,,,,,,,,,,,,,,,,,,,,,,,,,,s,0.5436,,space,0.6303,,1,blue_gnome,1,1,bright_forest,red_basket,yellow_gnome,1,6,dark_forest,yellow_basket,5,0,0,1,blue_gnome,bright_forest,red_basket,1635,-2,-2,20,4,164,4,1,,,,,,,,,,,,,,,,,,,,,,,,,,,,,,,,,,,,,,,,,,,,,,,,,,,,,,,,,,,,,,,,,,,,,
,,,,,,,,,,,,,,,,,,,,,,,,,,,,,,,,,,,,,,,,,,,,,,,,,,,,,,,,,,,,,,,,,,743837,001,2024-11-25_17h28.25.105,experiment,2023.2.3,Linux x86_64,60.24096386,5cadb168466544001a69832d,67446fa89e86ac01e4128331,6744b3803a686ff2558df228,,,,,,,,,,,,,,,,,,,,,,,,,,,,,,,,,,,,,,,,,,1,,,,,,,,,,,,,1,,,,,,,,,,,,,,,,,,,,,,,,,,,,,,,,,,,,,,,,,,,,,,,,,,s,0.3773,,space,1.3128,,1,yellow_gnome,1,4,dark_forest,yellow_basket,blue_gnome,1,1,bright_forest,red_basket,4,0,0,1,yellow_gnome,dark_forest,yellow_basket,1639,0,-2,20,5,165,0,1,,,,,,,,,,,,,,,,,,,,,,,,,,,,,,,,,,,,,,,,,,,,,,,,,,,,,,,,,,,,,,,,,,,,,
,,,,,,,,,,,,,,,,,,,,,,,,,,,,,,,,,,,,,,,,,,,,,,,,,,,,,,,,,,,,,,,,,,743837,001,2024-11-25_17h28.25.105,experiment,2023.2.3,Linux x86_64,60.24096386,5cadb168466544001a69832d,67446fa89e86ac01e4128331,6744b3803a686ff2558df228,,,,,,,,,,,,,,,,,,,,,,,,,,,,,,,,,,,,,,,,,,1,,,,,,,,,,,,,3,,,,,,,,,,,,,,,,,,,,,,,,,,,,,,,,,,,,,,,,,,,,,,,,,,k,0.4302,,space,0.78,,3,green_gnome,3,1,bright_forest,red_basket,purple_gnome,3,2,dark_forest,yellow_basket,2,0,0,1,purple_gnome,dark_forest,yellow_basket,1641,4,-2,20,6,166,2,1,,,,,,,,,,,,,,,,,,,,,,,,,,,,,,,,,,,,,,,,,,,,,,,,,,,,,,,,,,,,,,,,,,,,,
,,,,,,,,,,,,,,,,,,,,,,,,,,,,,,,,,,,,,,,,,,,,,,,,,,,,,,,,,,,,,,,,,,743837,001,2024-11-25_17h28.25.105,experiment,2023.2.3,Linux x86_64,60.24096386,5cadb168466544001a69832d,67446fa89e86ac01e4128331,6744b3803a686ff2558df228,,,,,,,,,,,,,,,,,,,,,,,,,,,,,,,,,,,,,,,,,,1,,,,,,,,,,,,,4,,,,,,,,,,,,,,,,,,,,,,,,,,,,,,,,,,,,,,,,,,,,,,,,,,s,0.5618,,space,0.8436,,4,pink_gnome,4,5,bright_forest,red_basket,red_gnome,4,0,dark_forest,yellow_basket,5,0,0,1,pink_gnome,bright_forest,red_basket,1646,-2,1,20,7,167,3,1,,,,,,,,,,,,,,,,,,,,,,,,,,,,,,,,,,,,,,,,,,,,,,,,,,,,,,,,,,,,,,,,,,,,,
,,,,,,,,,,,,,,,,,,,,,,,,,,,,,,,,,,,,,,,,,,,,,,,,,,,,,,,,,,,,,,,,,,743837,001,2024-11-25_17h28.25.105,experiment,2023.2.3,Linux x86_64,60.24096386,5cadb168466544001a69832d,67446fa89e86ac01e4128331,6744b3803a686ff2558df228,,,,,,,,,,,,,,,,,,,,,,,,,,,,,,,,,,,,,,,,,,5,,,,,,,,,,,,,4,,,,,,,,,,,,,,,,,,,,,,,,,,,,,,,,,,,,,,,,,,,,,,,,,,k,0.6271,,space,0.5955,,4,red_gnome,4,1,dark_forest,yellow_basket,pink_gnome,4,3,bright_forest,red_basket,15,0,0,1,pink_gnome,bright_forest,red_basket,1661,3,1,21,0,168,7,1,,,,,,,,,,,,,,,,,,,,,,,,,,,,,,,,,,,,,,,,,,,,,,,,,,,,,,,,,,,,,,,,,,,,,
,,,,,,,,,,,,,,,,,,,,,,,,,,,,,,,,,,,,,,,,,,,,,,,,,,,,,,,,,,,,,,,,,,743837,001,2024-11-25_17h28.25.105,experiment,2023.2.3,Linux x86_64,60.24096386,5cadb168466544001a69832d,67446fa89e86ac01e4128331,6744b3803a686ff2558df228,,,,,,,,,,,,,,,,,,,,,,,,,,,,,,,,,,,,,,,,,,5,,,,,,,,,,,,,3,,,,,,,,,,,,,,,,,,,,,,,,,,,,,,,,,,,,,,,,,,,,,,,,,,k,0.3485,,space,0.6601,,3,green_gnome,3,6,bright_forest,red_basket,purple_gnome,3,2,dark_forest,yellow_basket,10,0,0,1,purple_gnome,dark_forest,yellow_basket,1671,0,3,21,1,169,6,1,,,,,,,,,,,,,,,,,,,,,,,,,,,,,,,,,,,,,,,,,,,,,,,,,,,,,,,,,,,,,,,,,,,,,
,,,,,,,,,,,,,,,,,,,,,,,,,,,,,,,,,,,,,,,,,,,,,,,,,,,,,,,,,,,,,,,,,,743837,001,2024-11-25_17h28.25.105,experiment,2023.2.3,Linux x86_64,60.24096386,5cadb168466544001a69832d,67446fa89e86ac01e4128331,6744b3803a686ff2558df228,,,,,,,,,,,,,,,,,,,,,,,,,,,,,,,,,,,,,,,,,,5,,,,,,,,,,,,,4,,,,,,,,,,,,,,,,,,,,,,,,,,,,,,,,,,,,,,,,,,,,,,,,,,s,0.5272,,space,0.8566,,4,pink_gnome,4,6,bright_forest,red_basket,red_gnome,4,5,dark_forest,yellow_basket,30,0,0,1,pink_gnome,bright_forest,red_basket,1701,2,-3,21,2,170,7,1,,,,,,,,,,,,,,,,,,,,,,,,,,,,,,,,,,,,,,,,,,,,,,,,,,,,,,,,,,,,,,,,,,,,,
,,,,,,,,,,,,,,,,,,,,,,,,,,,,,,,,,,,,,,,,,,,,,,,,,,,,,,,,,,,,,,,,,,743837,001,2024-11-25_17h28.25.105,experiment,2023.2.3,Linux x86_64,60.24096386,5cadb168466544001a69832d,67446fa89e86ac01e4128331,6744b3803a686ff2558df228,,,,,,,,,,,,,,,,,,,,,,,,,,,,,,,,,,,,,,,,,,5,,,,,,,,,,,,,1,,,,,,,,,,,,,,,,,,,,,,,,,,,,,,,,,,,,,,,,,,,,,,,,,,k,0.6431,,space,1.2313,,1,yellow_gnome,1,2,dark_forest,yellow_basket,blue_gnome,1,8,bright_forest,red_basket,40,0,0,1,blue_gnome,bright_forest,red_basket,1741,1,2,21,3,171,4,1,,,,,,,,,,,,,,,,,,,,,,,,,,,,,,,,,,,,,,,,,,,,,,,,,,,,,,,,,,,,,,,,,,,,,
,,,,,,,,,,,,,,,,,,,,,,,,,,,,,,,,,,,,,,,,,,,,,,,,,,,,,,,,,,,,,,,,,,743837,001,2024-11-25_17h28.25.105,experiment,2023.2.3,Linux x86_64,60.24096386,5cadb168466544001a69832d,67446fa89e86ac01e4128331,6744b3803a686ff2558df228,,,,,,,,,,,,,,,,,,,,,,,,,,,,,,,,,,,,,,,,,,1,,,,,,,,,,,,,4,,,,,,,,,,,,,,,,,,,,,,,,,,,,,,,,,,,,,,,,,,,,,,,,,,s,0.582,,space,0.4495,,4,red_gnome,4,4,dark_forest,yellow_basket,pink_gnome,4,9,bright_forest,red_basket,4,0,0,1,red_gnome,dark_forest,yellow_basket,1745,1,-2,21,4,172,3,1,,,,,,,,,,,,,,,,,,,,,,,,,,,,,,,,,,,,,,,,,,,,,,,,,,,,,,,,,,,,,,,,,,,,,
,,,,,,,,,,,,,,,,,,,,,,,,,,,,,,,,,,,,,,,,,,,,,,,,,,,,,,,,,,,,,,,,,,743837,001,2024-11-25_17h28.25.105,experiment,2023.2.3,Linux x86_64,60.24096386,5cadb168466544001a69832d,67446fa89e86ac01e4128331,6744b3803a686ff2558df228,,,,,,,,,,,,,,,,,,,,,,,,,,,,,,,,,,,,,,,,,,5,,,,,,,,,,,,,3,,,,,,,,,,,,,,,,,,,,,,,,,,,,,,,,,,,,,,,,,,,,,,,,,,k,0.9585,,space,1.4612,,3,purple_gnome,3,2,dark_forest,yellow_basket,green_gnome,3,8,bright_forest,red_basket,40,0,0,1,green_gnome,bright_forest,red_basket,1785,5,0,21,5,173,6,1,,,,,,,,,,,,,,,,,,,,,,,,,,,,,,,,,,,,,,,,,,,,,,,,,,,,,,,,,,,,,,,,,,,,,
,,,,,,,,,,,,,,,,,,,,,,,,,,,,,,,,,,,,,,,,,,,,,,,,,,,,,,,,,,,,,,,,,,743837,001,2024-11-25_17h28.25.105,experiment,2023.2.3,Linux x86_64,60.24096386,5cadb168466544001a69832d,67446fa89e86ac01e4128331,6744b3803a686ff2558df228,,,,,,,,,,,,,,,,,,,,,,,,,,,,,,,,,,,,,,,,,,1,,,,,,,,,,,,,1,,,,,,,,,,,,,,,,,,,,,,,,,,,,,,,,,,,,,,,,,,,,,,,,,,s,0.499,,space,1.0152,,1,blue_gnome,1,5,bright_forest,red_basket,yellow_gnome,1,2,dark_forest,yellow_basket,5,0,0,1,blue_gnome,bright_forest,red_basket,1790,-1,-1,21,6,174,0,1,,,,,,,,,,,,,,,,,,,,,,,,,,,,,,,,,,,,,,,,,,,,,,,,,,,,,,,,,,,,,,,,,,,,,
,,,,,,,,,,,,,,,,,,,,,,,,,,,,,,,,,,,,,,,,,,,,,,,,,,,,,,,,,,,,,,,,,,743837,001,2024-11-25_17h28.25.105,experiment,2023.2.3,Linux x86_64,60.24096386,5cadb168466544001a69832d,67446fa89e86ac01e4128331,6744b3803a686ff2558df228,,,,,,,,,,,,,,,,,,,,,,,,,,,,,,,,,,,,,,,,,,1,,,,,,,,,,,,,3,,,,,,,,,,,,,,,,,,,,,,,,,,,,,,,,,,,,,,,,,,,,,,,,,,k,0.3598,,space,0.544,,3,green_gnome,3,4,bright_forest,red_basket,purple_gnome,3,1,dark_forest,yellow_basket,1,0,0,1,purple_gnome,dark_forest,yellow_basket,1791,-2,1,21,7,175,2,1,,,,,,,,,,,,,,,,,,,,,,,,,,,,,,,,,,,,,,,,,,,,,,,,,,,,,,,,,,,,,,,,,,,,,
,,,,,,,,,,,,,,,,,,,,,,,,,,,,,,,,,,,,,,,,,,,,,,,,,,,,,,,,,,,,,,,,,,743837,001,2024-11-25_17h28.25.105,experiment,2023.2.3,Linux x86_64,60.24096386,5cadb168466544001a69832d,67446fa89e86ac01e4128331,6744b3803a686ff2558df228,,,,,,,,,,,,,,,,,,,,,,,,,,,,,,,,,,,,,,,,,,5,,,,,,,,,,,,,2,,,,,,,,,,,,,,,,,,,,,,,,,,,,,,,,,,,,,,,,,,,,,,,,,,s,0.6664,,space,0.7613,,2,orange_gnome,2,2,dark_forest,yellow_basket,brown_gnome,2,2,bright_forest,red_basket,10,0,0,1,orange_gnome,dark_forest,yellow_basket,1801,3,0,22,0,176,5,1,,,,2250.6834,2260.6929,,,,,,,,,,,,,,,,,,,,,,,,,,,,,,,,,,,,,,,,,,,,,,,,,,,,,,,,,,,,,,,,
,,,,,,,,,,,,,,,,,,,,,,,,,,,,,,,,,,,,,,,,,,,,,,,,,,,,,,,,,,,,,,,,,,743837,001,2024-11-25_17h28.25.105,experiment,2023.2.3,Linux x86_64,60.24096386,5cadb168466544001a69832d,67446fa89e86ac01e4128331,6744b3803a686ff2558df228,,,,,,,,,,,,,,,,,,,,,,,,,,,,,,,,,,,,,,,,,,5,,,,,,,,,,,,,3,,,,,,,,,,,,,,,,,,,,,,,,,,,,,,,,,,,,,,,,,,,,,,,,,,k,0.7285,,space,1.3654,,3,purple_gnome,3,2,dark_forest,yellow_basket,green_gnome,3,5,bright_forest,red_basket,25,0,0,1,green_gnome,bright_forest,red_basket,1826,0,2,22,1,177,6,1,,,,,,,,,,,,,,,,,,,,,,,,,,,,,,,,,,,,,,,,,,,,,,,,,,,,,,,,,,,,,,,,,,,,,
,,,,,,,,,,,,,,,,,,,,,,,,,,,,,,,,,,,,,,,,,,,,,,,,,,,,,,,,,,,,,,,,,,743837,001,2024-11-25_17h28.25.105,experiment,2023.2.3,Linux x86_64,60.24096386,5cadb168466544001a69832d,67446fa89e86ac01e4128331,6744b3803a686ff2558df228,,,,,,,,,,,,,,,,,,,,,,,,,,,,,,,,,,,,,,,,,,5,,,,,,,,,,,,,2,,,,,,,,,,,,,,,,,,,,,,,,,,,,,,,,,,,,,,,,,,,,,,,,,,s,0.4586,,space,0.7269,,2,orange_gnome,2,4,dark_forest,yellow_basket,brown_gnome,2,5,bright_forest,red_basket,20,0,0,1,orange_gnome,dark_forest,yellow_basket,1846,-1,0,22,2,178,5,1,,,,,,,,,,,,,,,,,,,,,,,,,,,,,,,,,,,,,,,,,,,,,,,,,,,,,,,,,,,,,,,,,,,,,
,,,,,,,,,,,,,,,,,,,,,,,,,,,,,,,,,,,,,,,,,,,,,,,,,,,,,,,,,,,,,,,,,,743837,001,2024-11-25_17h28.25.105,experiment,2023.2.3,Linux x86_64,60.24096386,5cadb168466544001a69832d,67446fa89e86ac01e4128331,6744b3803a686ff2558df228,,,,,,,,,,,,,,,,,,,,,,,,,,,,,,,,,,,,,,,,,,5,,,,,,,,,,,,,4,,,,,,,,,,,,,,,,,,,,,,,,,,,,,,,,,,,,,,,,,,,,,,,,,,s,0.2241,,space,1.0615,,4,pink_gnome,4,4,bright_forest,red_basket,red_gnome,4,4,dark_forest,yellow_basket,20,0,0,1,pink_gnome,bright_forest,red_basket,1866,2,0,22,3,179,7,1,,,,,,,,,,,,,,,,,,,,,,,,,,,,,,,,,,,,,,,,,,,,,,,,,,,,,,,,,,,,,,,,,,,,,
,,,,,,,,,,,,,,,,,,,,,,,,,,,,,,,,,,,,,,,,,,,,,,,,,,,,,,,,,,,,,,,,,,743837,001,2024-11-25_17h28.25.105,experiment,2023.2.3,Linux x86_64,60.24096386,5cadb168466544001a69832d,67446fa89e86ac01e4128331,6744b3803a686ff2558df228,,,,,,,,,,,,,,,,,,,,,,,,,,,,,,,,,,,,,,,,,,5,,,,,,,,,,,,,1,,,,,,,,,,,,,,,,,,,,,,,,,,,,,,,,,,,,,,,,,,,,,,,,,,k,0.2483,,space,0.4973,,1,blue_gnome,1,6,bright_forest,red_basket,yellow_gnome,1,4,dark_forest,yellow_basket,20,0,0,1,yellow_gnome,dark_forest,yellow_basket,1886,4,-1,22,4,180,4,1,,,,,,,,,,,,,,,,,,,,,,,,,,,,,,,,,,,,,,,,,,,,,,,,,,,,,,,,,,,,,,,,,,,,,
,,,,,,,,,,,,,,,,,,,,,,,,,,,,,,,,,,,,,,,,,,,,,,,,,,,,,,,,,,,,,,,,,,743837,001,2024-11-25_17h28.25.105,experiment,2023.2.3,Linux x86_64,60.24096386,5cadb168466544001a69832d,67446fa89e86ac01e4128331,6744b3803a686ff2558df228,,,,,,,,,,,,,,,,,,,,,,,,,,,,,,,,,,,,,,,,,,1,,,,,,,,,,,,,4,,,,,,,,,,,,,,,,,,,,,,,,,,,,,,,,,,,,,,,,,,,,,,,,,,s,0.5618,,space,1.3816,,4,pink_gnome,4,8,bright_forest,red_basket,red_gnome,4,3,dark_forest,yellow_basket,8,0,0,1,pink_gnome,bright_forest,red_basket,1894,3,-5,22,5,181,3,1,,,,,,,,,,,,,,,,,,,,,,,,,,,,,,,,,,,,,,,,,,,,,,,,,,,,,,,,,,,,,,,,,,,,,
,,,,,,,,,,,,,,,,,,,,,,,,,,,,,,,,,,,,,,,,,,,,,,,,,,,,,,,,,,,,,,,,,,743837,001,2024-11-25_17h28.25.105,experiment,2023.2.3,Linux x86_64,60.24096386,5cadb168466544001a69832d,67446fa89e86ac01e4128331,6744b3803a686ff2558df228,,,,,,,,,,,,,,,,,,,,,,,,,,,,,,,,,,,,,,,,,,5,,,,,,,,,,,,,2,,,,,,,,,,,,,,,,,,,,,,,,,,,,,,,,,,,,,,,,,,,,,,,,,,s,0.583,,space,0.7899,,2,orange_gnome,2,2,dark_forest,yellow_basket,brown_gnome,2,7,bright_forest,red_basket,10,0,0,1,orange_gnome,dark_forest,yellow_basket,1904,-1,1,22,6,182,5,1,,,,,,,,,,,,,,,,,,,,,,,,,,,,,,,,,,,,,,,,,,,,,,,,,,,,,,,,,,,,,,,,,,,,,
,,,,,,,,,,,,,,,,,,,,,,,,,,,,,,,,,,,,,,,,,,,,,,,,,,,,,,,,,,,,,,,,,,743837,001,2024-11-25_17h28.25.105,experiment,2023.2.3,Linux x86_64,60.24096386,5cadb168466544001a69832d,67446fa89e86ac01e4128331,6744b3803a686ff2558df228,,,,,,,,,,,,,,,,,,,,,,,,,,,,,,,,,,,,,,,,,,1,,,,,,,,,,,,,4,,,,,,,,,,,,,,,,,,,,,,,,,,,,,,,,,,,,,,,,,,,,,,,,,,s,0.7498,,,,,4,pink_gnome,4,6,bright_forest,red_basket,red_gnome,4,3,dark_forest,yellow_basket,0,0,1,0,pink_gnome,bright_forest,red_basket,1904,-5,1,22,7,183,3,1,,,,,,,,,,,,,,,,,,,,,,,,,,,,,,,,,,,,,,,,,,,,,,,,,,,,,,,,,,,,,,,,,,,,,
,,,,,,,,,,,,,,,,,,,,,,,,,,,,,,,,,,,,,,,,,,,,,,,,,,,,,,,,,,,,,,,,,,743837,001,2024-11-25_17h28.25.105,experiment,2023.2.3,Linux x86_64,60.24096386,5cadb168466544001a69832d,67446fa89e86ac01e4128331,6744b3803a686ff2558df228,,,,,,,,,,,,,,,,,,,,,,,,,,,,,,,,,,,,,,,,,,5,,,,,,,,,,,,,3,,,,,,,,,,,,,,,,,,,,,,,,,,,,,,,,,,,,,,,,,,,,,,,,,,s,0.8605,,space,1.2478,,3,green_gnome,3,1,bright_forest,red_basket,purple_gnome,3,4,dark_forest,yellow_basket,5,0,0,1,green_gnome,bright_forest,red_basket,1909,-1,2,23,0,184,6,1,,,,,,,,,,,,,,,,,,,,,,,,,,,,,,,,,,,,,,,,,,,,,,,,,,,,,,,,,,,,,,,,,,,,,
,,,,,,,,,,,,,,,,,,,,,,,,,,,,,,,,,,,,,,,,,,,,,,,,,,,,,,,,,,,,,,,,,,743837,001,2024-11-25_17h28.25.105,experiment,2023.2.3,Linux x86_64,60.24096386,5cadb168466544001a69832d,67446fa89e86ac01e4128331,6744b3803a686ff2558df228,,,,,,,,,,,,,,,,,,,,,,,,,,,,,,,,,,,,,,,,,,1,,,,,,,,,,,,,4,,,,,,,,,,,,,,,,,,,,,,,,,,,,,,,,,,,,,,,,,,,,,,,,,,k,0.7503,,,,,4,pink_gnome,4,0,bright_forest,red_basket,red_gnome,4,6,dark_forest,yellow_basket,0,0,1,0,red_gnome,dark_forest,yellow_basket,1909,-2,1,23,1,185,3,1,,,,,,,,,,,,,,,,,,,,,,,,,,,,,,,,,,,,,,,,,,,,,,,,,,,,,,,,,,,,,,,,,,,,,
,,,,,,,,,,,,,,,,,,,,,,,,,,,,,,,,,,,,,,,,,,,,,,,,,,,,,,,,,,,,,,,,,,743837,001,2024-11-25_17h28.25.105,experiment,2023.2.3,Linux x86_64,60.24096386,5cadb168466544001a69832d,67446fa89e86ac01e4128331,6744b3803a686ff2558df228,,,,,,,,,,,,,,,,,,,,,,,,,,,,,,,,,,,,,,,,,,5,,,,,,,,,,,,,2,,,,,,,,,,,,,,,,,,,,,,,,,,,,,,,,,,,,,,,,,,,,,,,,,,k,0.659,,space,0.644,,2,brown_gnome,2,2,bright_forest,red_basket,orange_gnome,2,7,dark_forest,yellow_basket,35,0,0,1,orange_gnome,dark_forest,yellow_basket,1944,-2,0,23,2,186,5,1,,,,,,,,,,,,,,,,,,,,,,,,,,,,,,,,,,,,,,,,,,,,,,,,,,,,,,,,,,,,,,,,,,,,,
,,,,,,,,,,,,,,,,,,,,,,,,,,,,,,,,,,,,,,,,,,,,,,,,,,,,,,,,,,,,,,,,,,743837,001,2024-11-25_17h28.25.105,experiment,2023.2.3,Linux x86_64,60.24096386,5cadb168466544001a69832d,67446fa89e86ac01e4128331,6744b3803a686ff2558df228,,,,,,,,,,,,,,,,,,,,,,,,,,,,,,,,,,,,,,,,,,1,,,,,,,,,,,,,4,,,,,,,,,,,,,,,,,,,,,,,,,,,,,,,,,,,,,,,,,,,,,,,,,,s,0.4765,,space,0.5463,,4,red_gnome,4,7,dark_forest,yellow_basket,pink_gnome,4,0,bright_forest,red_basket,7,0,0,1,red_gnome,dark_forest,yellow_basket,1951,-2,-4,23,3,187,3,1,,,,,,,,,,,,,,,,,,,,,,,,,,,,,,,,,,,,,,,,,,,,,,,,,,,,,,,,,,,,,,,,,,,,,
,,,,,,,,,,,,,,,,,,,,,,,,,,,,,,,,,,,,,,,,,,,,,,,,,,,,,,,,,,,,,,,,,,743837,001,2024-11-25_17h28.25.105,experiment,2023.2.3,Linux x86_64,60.24096386,5cadb168466544001a69832d,67446fa89e86ac01e4128331,6744b3803a686ff2558df228,,,,,,,,,,,,,,,,,,,,,,,,,,,,,,,,,,,,,,,,,,1,,,,,,,,,,,,,4,,,,,,,,,,,,,,,,,,,,,,,,,,,,,,,,,,,,,,,,,,,,,,,,,,s,0.0797,,space,0.8269,,4,pink_gnome,4,2,bright_forest,red_basket,red_gnome,4,3,dark_forest,yellow_basket,2,0,0,1,pink_gnome,bright_forest,red_basket,1953,2,-3,23,4,188,3,1,,,,,,,,,,,,,,,,,,,,,,,,,,,,,,,,,,,,,,,,,,,,,,,,,,,,,,,,,,,,,,,,,,,,,
,,,,,,,,,,,,,,,,,,,,,,,,,,,,,,,,,,,,,,,,,,,,,,,,,,,,,,,,,,,,,,,,,,743837,001,2024-11-25_17h28.25.105,experiment,2023.2.3,Linux x86_64,60.24096386,5cadb168466544001a69832d,67446fa89e86ac01e4128331,6744b3803a686ff2558df228,,,,,,,,,,,,,,,,,,,,,,,,,,,,,,,,,,,,,,,,,,1,,,,,,,,,,,,,1,,,,,,,,,,,,,,,,,,,,,,,,,,,,,,,,,,,,,,,,,,,,,,,,,,k,0.481,,,,,1,yellow_gnome,1,0,dark_forest,yellow_basket,blue_gnome,1,4,bright_forest,red_basket,0,0,1,0,blue_gnome,bright_forest,red_basket,1953,1,2,23,5,189,0,1,,,,,,,,,,,,,,,,,,,,,,,,,,,,,,,,,,,,,,,,,,,,,,,,,,,,,,,,,,,,,,,,,,,,,
,,,,,,,,,,,,,,,,,,,,,,,,,,,,,,,,,,,,,,,,,,,,,,,,,,,,,,,,,,,,,,,,,,743837,001,2024-11-25_17h28.25.105,experiment,2023.2.3,Linux x86_64,60.24096386,5cadb168466544001a69832d,67446fa89e86ac01e4128331,6744b3803a686ff2558df228,,,,,,,,,,,,,,,,,,,,,,,,,,,,,,,,,,,,,,,,,,5,,,,,,,,,,,,,3,,,,,,,,,,,,,,,,,,,,,,,,,,,,,,,,,,,,,,,,,,,,,,,,,,s,0.4493,,space,0.7617,,3,green_gnome,3,5,bright_forest,red_basket,purple_gnome,3,2,dark_forest,yellow_basket,25,0,0,1,green_gnome,bright_forest,red_basket,1978,-6,1,23,6,190,6,1,,,,,,,,,,,,,,,,,,,,,,,,,,,,,,,,,,,,,,,,,,,,,,,,,,,,,,,,,,,,,,,,,,,,,
,,,,,,,,,,,,,,,,,,,,,,,,,,,,,,,,,,,,,,,,,,,,,,,,,,,,,,,,,,,,,,,,,,743837,001,2024-11-25_17h28.25.105,experiment,2023.2.3,Linux x86_64,60.24096386,5cadb168466544001a69832d,67446fa89e86ac01e4128331,6744b3803a686ff2558df228,,,,,,,,,,,,,,,,,,,,,,,,,,,,,,,,,,,,,,,,,,5,,,,,,,,,,,,,4,,,,,,,,,,,,,,,,,,,,,,,,,,,,,,,,,,,,,,,,,,,,,,,,,,k,0.4943,,space,1.4479,,4,red_gnome,4,3,dark_forest,yellow_basket,pink_gnome,4,1,bright_forest,red_basket,5,0,0,1,pink_gnome,bright_forest,red_basket,1983,1,0,23,7,191,7,1,space,1.9747,,,,,,,,,,,,,,,,,,,,,,,,,,,,,,,,,,,,,,,,,,,,,,,,,,,,,,,,,,,,,,,,,,,
,,,,,,,,,,,,,,,,,,,,,,,,,,,,,,,,,,,,,,,,,,,,,,,,,,,,,,,,,,,,,,,,,,743837,001,2024-11-25_17h28.25.105,experiment,2023.2.3,Linux x86_64,60.24096386,5cadb168466544001a69832d,67446fa89e86ac01e4128331,6744b3803a686ff2558df228,,,,,,,,,,,,,,,,,,,,,,,,,,,,,,,,,,,,,,,,,,1,,,,,,,,,,,,,2,,,,,,,,,,,,,,,,,,,,,,,,,,,,,,,,,,,,,,,,,,,,,,,,,,s,0.6603,,space,1.3822,,2,brown_gnome,2,2,bright_forest,red_basket,orange_gnome,2,3,dark_forest,yellow_basket,2,0,0,1,brown_gnome,bright_forest,red_basket,1985,-2,0,24,0,192,1,1,,,,,,,,,,,,,,,,,,,,,,,,,,,,,,,,,,,,,,,,,,,,,,,,,,,,,,,,,,,,,,,,,,,,,
,,,,,,,,,,,,,,,,,,,,,,,,,,,,,,,,,,,,,,,,,,,,,,,,,,,,,,,,,,,,,,,,,,743837,001,2024-11-25_17h28.25.105,experiment,2023.2.3,Linux x86_64,60.24096386,5cadb168466544001a69832d,67446fa89e86ac01e4128331,6744b3803a686ff2558df228,,,,,,,,,,,,,,,,,,,,,,,,,,,,,,,,,,,,,,,,,,5,,,,,,,,,,,,,2,,,,,,,,,,,,,,,,,,,,,,,,,,,,,,,,,,,,,,,,,,,,,,,,,,s,0.6341,,space,1.1772,,2,orange_gnome,2,3,dark_forest,yellow_basket,brown_gnome,2,0,bright_forest,red_basket,15,0,0,1,orange_gnome,dark_forest,yellow_basket,2000,1,-2,24,1,193,5,1,,,,,,,,,,,,,,,,,,,,,,,,,,,,,,,,,,,,,,,,,,,,,,,,,,,,,,,,,,,,,,,,,,,,,
,,,,,,,,,,,,,,,,,,,,,,,,,,,,,,,,,,,,,,,,,,,,,,,,,,,,,,,,,,,,,,,,,,743837,001,2024-11-25_17h28.25.105,experiment,2023.2.3,Linux x86_64,60.24096386,5cadb168466544001a69832d,67446fa89e86ac01e4128331,6744b3803a686ff2558df228,,,,,,,,,,,,,,,,,,,,,,,,,,,,,,,,,,,,,,,,,,1,,,,,,,,,,,,,3,,,,,,,,,,,,,,,,,,,,,,,,,,,,,,,,,,,,,,,,,,,,,,,,,,k,1.3769,,,,,3,green_gnome,3,1,bright_forest,red_basket,purple_gnome,3,1,dark_forest,yellow_basket,0,0,1,0,purple_gnome,dark_forest,yellow_basket,2000,1,-1,24,2,194,2,1,,,,,,,,,,,,,,,,,,,,,,,,,,,,,,,,,,,,,,,,,,,,,,,,,,,,,,,,,,,,,,,,,,,,,
,,,,,,,,,,,,,,,,,,,,,,,,,,,,,,,,,,,,,,,,,,,,,,,,,,,,,,,,,,,,,,,,,,743837,001,2024-11-25_17h28.25.105,experiment,2023.2.3,Linux x86_64,60.24096386,5cadb168466544001a69832d,67446fa89e86ac01e4128331,6744b3803a686ff2558df228,,,,,,,,,,,,,,,,,,,,,,,,,,,,,,,,,,,,,,,,,,1,,,,,,,,,,,,,2,,,,,,,,,,,,,,,,,,,,,,,,,,,,,,,,,,,,,,,,,,,,,,,,,,,,,,,,2,brown_gnome,2,2,bright_forest,red_basket,orange_gnome,2,0,dark_forest,yellow_basket,0,1,0,0,,dark_forest,yellow_basket,2000,0,2,24,3,195,1,1,,,,,,,,,,,,,,,,,,,,,,,,,,,,,,,,,,,,,,,,,,,,,,,,,,,,,,,,,,,,,,,,,,,,,
,,,,,,,,,,,,,,,,,,,,,,,,,,,,,,,,,,,,,,,,,,,,,,,,,,,,,,,,,,,,,,,,,,743837,001,2024-11-25_17h28.25.105,experiment,2023.2.3,Linux x86_64,60.24096386,5cadb168466544001a69832d,67446fa89e86ac01e4128331,6744b3803a686ff2558df228,,,,,,,,,,,,,,,,,,,,,,,,,,,,,,,,,,,,,,,,,,1,,,,,,,,,,,,,3,,,,,,,,,,,,,,,,,,,,,,,,,,,,,,,,,,,,,,,,,,,,,,,,,,k,0.6476,,space,0.5964,,3,purple_gnome,3,2,dark_forest,yellow_basket,green_gnome,3,2,bright_forest,red_basket,2,0,0,1,green_gnome,bright_forest,red_basket,2002,0,3,24,4,196,2,1,,,,,,,,,,,,,,,,,,,,,,,,,,,,,,,,,,,,,,,,,,,,,,,,,,,,,,,,,,,,,,,,,,,,,
,,,,,,,,,,,,,,,,,,,,,,,,,,,,,,,,,,,,,,,,,,,,,,,,,,,,,,,,,,,,,,,,,,743837,001,2024-11-25_17h28.25.105,experiment,2023.2.3,Linux x86_64,60.24096386,5cadb168466544001a69832d,67446fa89e86ac01e4128331,6744b3803a686ff2558df228,,,,,,,,,,,,,,,,,,,,,,,,,,,,,,,,,,,,,,,,,,1,,,,,,,,,,,,,3,,,,,,,,,,,,,,,,,,,,,,,,,,,,,,,,,,,,,,,,,,,,,,,,,,k,1.1769,,space,1.4607,,3,purple_gnome,3,5,dark_forest,yellow_basket,green_gnome,3,2,bright_forest,red_basket,2,0,0,1,green_gnome,bright_forest,red_basket,2004,0,0,24,5,197,2,1,,,,,,,,,,,,,,,,,,,,,,,,,,,,,,,,,,,,,,,,,,,,,,,,,,,,,,,,,,,,,,,,,,,,,
,,,,,,,,,,,,,,,,,,,,,,,,,,,,,,,,,,,,,,,,,,,,,,,,,,,,,,,,,,,,,,,,,,743837,001,2024-11-25_17h28.25.105,experiment,2023.2.3,Linux x86_64,60.24096386,5cadb168466544001a69832d,67446fa89e86ac01e4128331,6744b3803a686ff2558df228,,,,,,,,,,,,,,,,,,,,,,,,,,,,,,,,,,,,,,,,,,5,,,,,,,,,,,,,3,,,,,,,,,,,,,,,,,,,,,,,,,,,,,,,,,,,,,,,,,,,,,,,,,,k,0.897,,space,1.0688,,3,purple_gnome,3,5,dark_forest,yellow_basket,green_gnome,3,2,bright_forest,red_basket,10,0,0,1,green_gnome,bright_forest,red_basket,2014,-3,-4,24,6,198,6,1,,,,,,,,,,,,,,,,,,,,,,,,,,,,,,,,,,,,,,,,,,,,,,,,,,,,,,,,,,,,,,,,,,,,,
,,,,,,,,,,,,,,,,,,,,,,,,,,,,,,,,,,,,,,,,,,,,,,,,,,,,,,,,,,,,,,,,,,743837,001,2024-11-25_17h28.25.105,experiment,2023.2.3,Linux x86_64,60.24096386,5cadb168466544001a69832d,67446fa89e86ac01e4128331,6744b3803a686ff2558df228,,,,,,,,,,,,,,,,,,,,,,,,,,,,,,,,,,,,,,,,,,1,,,,,,,,,,,,,4,,,,,,,,,,,,,,,,,,,,,,,,,,,,,,,,,,,,,,,,,,,,,,,,,,,,,,,,4,red_gnome,4,1,dark_forest,yellow_basket,pink_gnome,4,1,bright_forest,red_basket,0,1,0,0,,bright_forest,red_basket,2014,0,-3,24,7,199,3,1,,,,,,,,,,,,,,,,,,,,,,,,,,,,,,,,,,,,,,,,,,,,,,,,,,,,,,,,,,,,,,,,,,,,,
,,,,,,,,,,,,,,,,,,,,,,,,,,,,,,,,,,,,,,,,,,,,,,,,,,,,,,,,,,,,,,,,,,743837,001,2024-11-25_17h28.25.105,experiment,2023.2.3,Linux x86_64,60.24096386,5cadb168466544001a69832d,67446fa89e86ac01e4128331,6744b3803a686ff2558df228,,,,,,,,,,,,,,,,,,,,,,,,,,,,,,,,,,,,,,,,,,1,,,,,,,,,,,,,3,,,,,,,,,,,,,,,,,,,,,,,,,,,,,,,,,,,,,,,,,,,,,,,,,,k,0.4795,,space,1.2162,,3,purple_gnome,3,2,dark_forest,yellow_basket,green_gnome,3,1,bright_forest,red_basket,1,0,0,1,green_gnome,bright_forest,red_basket,2015,0,1,25,0,200,2,1,,,,,,,,,,,,,,,,,,,,,,,,,,,,,,,,,,,,,,,,,,,,,,,,,,,,,,,,,,,,,,,,,,,,,
,,,,,,,,,,,,,,,,,,,,,,,,,,,,,,,,,,,,,,,,,,,,,,,,,,,,,,,,,,,,,,,,,,743837,001,2024-11-25_17h28.25.105,experiment,2023.2.3,Linux x86_64,60.24096386,5cadb168466544001a69832d,67446fa89e86ac01e4128331,6744b3803a686ff2558df228,,,,,,,,,,,,,,,,,,,,,,,,,,,,,,,,,,,,,,,,,,1,,,,,,,,,,,,,2,,,,,,,,,,,,,,,,,,,,,,,,,,,,,,,,,,,,,,,,,,,,,,,,,,k,0.5471,,space,1.0656,,2,orange_gnome,2,3,dark_forest,yellow_basket,brown_gnome,2,1,bright_forest,red_basket,1,0,0,1,brown_gnome,bright_forest,red_basket,2016,-1,-4,25,1,201,1,1,,,,,,,,,,,,,,,,,,,,,,,,,,,,,,,,,,,,,,,,,,,,,,,,,,,,,,,,,,,,,,,,,,,,,
,,,,,,,,,,,,,,,,,,,,,,,,,,,,,,,,,,,,,,,,,,,,,,,,,,,,,,,,,,,,,,,,,,743837,001,2024-11-25_17h28.25.105,experiment,2023.2.3,Linux x86_64,60.24096386,5cadb168466544001a69832d,67446fa89e86ac01e4128331,6744b3803a686ff2558df228,,,,,,,,,,,,,,,,,,,,,,,,,,,,,,,,,,,,,,,,,,1,,,,,,,,,,,,,4,,,,,,,,,,,,,,,,,,,,,,,,,,,,,,,,,,,,,,,,,,,,,,,,,,k,0.9165,,space,1.2634,,4,pink_gnome,4,0,bright_forest,red_basket,red_gnome,4,1,dark_forest,yellow_basket,1,0,0,1,red_gnome,dark_forest,yellow_basket,2017,-1,-2,25,2,202,3,1,,,,,,,,,,,,,,,,,,,,,,,,,,,,,,,,,,,,,,,,,,,,,,,,,,,,,,,,,,,,,,,,,,,,,
,,,,,,,,,,,,,,,,,,,,,,,,,,,,,,,,,,,,,,,,,,,,,,,,,,,,,,,,,,,,,,,,,,743837,001,2024-11-25_17h28.25.105,experiment,2023.2.3,Linux x86_64,60.24096386,5cadb168466544001a69832d,67446fa89e86ac01e4128331,6744b3803a686ff2558df228,,,,,,,,,,,,,,,,,,,,,,,,,,,,,,,,,,,,,,,,,,1,,,,,,,,,,,,,1,,,,,,,,,,,,,,,,,,,,,,,,,,,,,,,,,,,,,,,,,,,,,,,,,,,,,,,,1,blue_gnome,1,1,bright_forest,red_basket,yellow_gnome,1,1,dark_forest,yellow_basket,0,1,0,0,,dark_forest,yellow_basket,2017,0,4,25,3,203,0,1,,,,,,,,,,,,,,,,,,,,,,,,,,,,,,,,,,,,,,,,,,,,,,,,,,,,,,,,,,,,,,,,,,,,,
,,,,,,,,,,,,,,,,,,,,,,,,,,,,,,,,,,,,,,,,,,,,,,,,,,,,,,,,,,,,,,,,,,743837,001,2024-11-25_17h28.25.105,experiment,2023.2.3,Linux x86_64,60.24096386,5cadb168466544001a69832d,67446fa89e86ac01e4128331,6744b3803a686ff2558df228,,,,,,,,,,,,,,,,,,,,,,,,,,,,,,,,,,,,,,,,,,1,,,,,,,,,,,,,1,,,,,,,,,,,,,,,,,,,,,,,,,,,,,,,,,,,,,,,,,,,,,,,,,,,,,,,,1,blue_gnome,1,1,bright_forest,red_basket,yellow_gnome,1,5,dark_forest,yellow_basket,0,1,0,0,,dark_forest,yellow_basket,2017,2,-1,25,4,204,0,1,,,,,,,,,,,,,,,,,,,,,,,,,,,,,,,,,,,,,,,,,,,,,,,,,,,,,,,,,,,,,,,,,,,,,
,,,,,,,,,,,,,,,,,,,,,,,,,,,,,,,,,,,,,,,,,,,,,,,,,,,,,,,,,,,,,,,,,,743837,001,2024-11-25_17h28.25.105,experiment,2023.2.3,Linux x86_64,60.24096386,5cadb168466544001a69832d,67446fa89e86ac01e4128331,6744b3803a686ff2558df228,,,,,,,,,,,,,,,,,,,,,,,,,,,,,,,,,,,,,,,,,,1,,,,,,,,,,,,,4,,,,,,,,,,,,,,,,,,,,,,,,,,,,,,,,,,,,,,,,,,,,,,,,,,k,0.4312,,space,0.7939,,4,red_gnome,4,4,dark_forest,yellow_basket,pink_gnome,4,3,bright_forest,red_basket,3,0,0,1,pink_gnome,bright_forest,red_basket,2020,-3,-1,25,5,205,3,1,,,,,,,,,,,,,,,,,,,,,,,,,,,,,,,,,,,,,,,,,,,,,,,,,,,,,,,,,,,,,,,,,,,,,
,,,,,,,,,,,,,,,,,,,,,,,,,,,,,,,,,,,,,,,,,,,,,,,,,,,,,,,,,,,,,,,,,,743837,001,2024-11-25_17h28.25.105,experiment,2023.2.3,Linux x86_64,60.24096386,5cadb168466544001a69832d,67446fa89e86ac01e4128331,6744b3803a686ff2558df228,,,,,,,,,,,,,,,,,,,,,,,,,,,,,,,,,,,,,,,,,,5,,,,,,,,,,,,,2,,,,,,,,,,,,,,,,,,,,,,,,,,,,,,,,,,,,,,,,,,,,,,,,,,k,0.9942,,,,,2,orange_gnome,2,3,dark_forest,yellow_basket,brown_gnome,2,0,bright_forest,red_basket,0,0,1,0,brown_gnome,bright_forest,red_basket,2020,-1,2,25,6,206,5,1,,,,,,,,,,,,,,,,,,,,,,,,,,,,,,,,,,,,,,,,,,,,,,,,,,,,,,,,,,,,,,,,,,,,,
,,,,,,,,,,,,,,,,,,,,,,,,,,,,,,,,,,,,,,,,,,,,,,,,,,,,,,,,,,,,,,,,,,743837,001,2024-11-25_17h28.25.105,experiment,2023.2.3,Linux x86_64,60.24096386,5cadb168466544001a69832d,67446fa89e86ac01e4128331,6744b3803a686ff2558df228,,,,,,,,,,,,,,,,,,,,,,,,,,,,,,,,,,,,,,,,,,1,,,,,,,,,,,,,4,,,,,,,,,,,,,,,,,,,,,,,,,,,,,,,,,,,,,,,,,,,,,,,,,,k,0.5273,,space,0.6265,,4,pink_gnome,4,1,bright_forest,red_basket,red_gnome,4,5,dark_forest,yellow_basket,5,0,0,1,red_gnome,dark_forest,yellow_basket,2025,0,0,25,7,207,3,1,,,,,,,,,,,,,,,,,,,,,,,,,,,,,,,,,,,,,,,,,,,,,,,,,,,,,,,,,,,,,,,,,,,,,
,,,,,,,,,,,,,,,,,,,,,,,,,,,,,,,,,,,,,,,,,,,,,,,,,,,,,,,,,,,,,,,,,,743837,001,2024-11-25_17h28.25.105,experiment,2023.2.3,Linux x86_64,60.24096386,5cadb168466544001a69832d,67446fa89e86ac01e4128331,6744b3803a686ff2558df228,,,,,,,,,,,,,,,,,,,,,,,,,,,,,,,,,,,,,,,,,,5,,,,,,,,,,,,,2,,,,,,,,,,,,,,,,,,,,,,,,,,,,,,,,,,,,,,,,,,,,,,,,,,k,0.5263,,space,1.0457,,2,brown_gnome,2,1,bright_forest,red_basket,orange_gnome,2,5,dark_forest,yellow_basket,25,0,0,1,orange_gnome,dark_forest,yellow_basket,2050,-1,-1,26,0,208,5,1,,,,,,,,,,,,,,,,,,,,,,,,,,,,,,,,,,,,,,,,,,,,,,,,,,,,,,,,,,,,,,,,,,,,,
,,,,,,,,,,,,,,,,,,,,,,,,,,,,,,,,,,,,,,,,,,,,,,,,,,,,,,,,,,,,,,,,,,743837,001,2024-11-25_17h28.25.105,experiment,2023.2.3,Linux x86_64,60.24096386,5cadb168466544001a69832d,67446fa89e86ac01e4128331,6744b3803a686ff2558df228,,,,,,,,,,,,,,,,,,,,,,,,,,,,,,,,,,,,,,,,,,1,,,,,,,,,,,,,2,,,,,,,,,,,,,,,,,,,,,,,,,,,,,,,,,,,,,,,,,,,,,,,,,,k,0.4613,,space,0.641,,2,brown_gnome,2,0,bright_forest,red_basket,orange_gnome,2,4,dark_forest,yellow_basket,4,0,0,1,orange_gnome,dark_forest,yellow_basket,2054,5,-2,26,1,209,1,1,,,,,,,,,,,,,,,,,,,,,,,,,,,,,,,,,,,,,,,,,,,,,,,,,,,,,,,,,,,,,,,,,,,,,
,,,,,,,,,,,,,,,,,,,,,,,,,,,,,,,,,,,,,,,,,,,,,,,,,,,,,,,,,,,,,,,,,,743837,001,2024-11-25_17h28.25.105,experiment,2023.2.3,Linux x86_64,60.24096386,5cadb168466544001a69832d,67446fa89e86ac01e4128331,6744b3803a686ff2558df228,,,,,,,,,,,,,,,,,,,,,,,,,,,,,,,,,,,,,,,,,,1,,,,,,,,,,,,,1,,,,,,,,,,,,,,,,,,,,,,,,,,,,,,,,,,,,,,,,,,,,,,,,,,s,0.5668,,space,1.1673,,1,blue_gnome,1,5,bright_forest,red_basket,yellow_gnome,1,2,dark_forest,yellow_basket,5,0,0,1,blue_gnome,bright_forest,red_basket,2059,0,3,26,2,210,0,1,,,,,,,,,,,,,,,,,,,,,,,,,,,,,,,,,,,,,,,,,,,,,,,,,,,,,,,,,,,,,,,,,,,,,
,,,,,,,,,,,,,,,,,,,,,,,,,,,,,,,,,,,,,,,,,,,,,,,,,,,,,,,,,,,,,,,,,,743837,001,2024-11-25_17h28.25.105,experiment,2023.2.3,Linux x86_64,60.24096386,5cadb168466544001a69832d,67446fa89e86ac01e4128331,6744b3803a686ff2558df228,,,,,,,,,,,,,,,,,,,,,,,,,,,,,,,,,,,,,,,,,,5,,,,,,,,,,,,,4,,,,,,,,,,,,,,,,,,,,,,,,,,,,,,,,,,,,,,,,,,,,,,,,,,s,0.5299,,space,0.6946,,4,pink_gnome,4,5,bright_forest,red_basket,red_gnome,4,5,dark_forest,yellow_basket,25,0,0,1,pink_gnome,bright_forest,red_basket,2084,3,-2,26,3,211,7,1,,,,,,,,,,,,,,,,,,,,,,,,,,,,,,,,,,,,,,,,,,,,,,,,,,,,,,,,,,,,,,,,,,,,,
,,,,,,,,,,,,,,,,,,,,,,,,,,,,,,,,,,,,,,,,,,,,,,,,,,,,,,,,,,,,,,,,,,743837,001,2024-11-25_17h28.25.105,experiment,2023.2.3,Linux x86_64,60.24096386,5cadb168466544001a69832d,67446fa89e86ac01e4128331,6744b3803a686ff2558df228,,,,,,,,,,,,,,,,,,,,,,,,,,,,,,,,,,,,,,,,,,1,,,,,,,,,,,,,3,,,,,,,,,,,,,,,,,,,,,,,,,,,,,,,,,,,,,,,,,,,,,,,,,,s,0.8791,,space,0.9436,,3,green_gnome,3,8,bright_forest,red_basket,purple_gnome,3,3,dark_forest,yellow_basket,8,0,0,1,green_gnome,bright_forest,red_basket,2092,-2,2,26,4,212,2,1,,,,,,,,,,,,,,,,,,,,,,,,,,,,,,,,,,,,,,,,,,,,,,,,,,,,,,,,,,,,,,,,,,,,,
,,,,,,,,,,,,,,,,,,,,,,,,,,,,,,,,,,,,,,,,,,,,,,,,,,,,,,,,,,,,,,,,,,743837,001,2024-11-25_17h28.25.105,experiment,2023.2.3,Linux x86_64,60.24096386,5cadb168466544001a69832d,67446fa89e86ac01e4128331,6744b3803a686ff2558df228,,,,,,,,,,,,,,,,,,,,,,,,,,,,,,,,,,,,,,,,,,5,,,,,,,,,,,,,1,,,,,,,,,,,,,,,,,,,,,,,,,,,,,,,,,,,,,,,,,,,,,,,,,,s,0.8326,,space,0.8999,,1,yellow_gnome,1,5,dark_forest,yellow_basket,blue_gnome,1,6,bright_forest,red_basket,25,0,0,1,yellow_gnome,dark_forest,yellow_basket,2117,-2,1,26,5,213,4,1,,,,,,,,,,,,,,,,,,,,,,,,,,,,,,,,,,,,,,,,,,,,,,,,,,,,,,,,,,,,,,,,,,,,,
,,,,,,,,,,,,,,,,,,,,,,,,,,,,,,,,,,,,,,,,,,,,,,,,,,,,,,,,,,,,,,,,,,743837,001,2024-11-25_17h28.25.105,experiment,2023.2.3,Linux x86_64,60.24096386,5cadb168466544001a69832d,67446fa89e86ac01e4128331,6744b3803a686ff2558df228,,,,,,,,,,,,,,,,,,,,,,,,,,,,,,,,,,,,,,,,,,1,,,,,,,,,,,,,4,,,,,,,,,,,,,,,,,,,,,,,,,,,,,,,,,,,,,,,,,,,,,,,,,,,,,,,,4,pink_gnome,4,4,bright_forest,red_basket,red_gnome,4,6,dark_forest,yellow_basket,0,1,0,0,,dark_forest,yellow_basket,2117,0,-1,26,6,214,3,1,,,,,,,,,,,,,,,,,,,,,,,,,,,,,,,,,,,,,,,,,,,,,,,,,,,,,,,,,,,,,,,,,,,,,
,,,,,,,,,,,,,,,,,,,,,,,,,,,,,,,,,,,,,,,,,,,,,,,,,,,,,,,,,,,,,,,,,,743837,001,2024-11-25_17h28.25.105,experiment,2023.2.3,Linux x86_64,60.24096386,5cadb168466544001a69832d,67446fa89e86ac01e4128331,6744b3803a686ff2558df228,,,,,,,,,,,,,,,,,,,,,,,,,,,,,,,,,,,,,,,,,,5,,,,,,,,,,,,,1,,,,,,,,,,,,,,,,,,,,,,,,,,,,,,,,,,,,,,,,,,,,,,,,,,k,0.4347,,,,,1,yellow_gnome,1,5,dark_forest,yellow_basket,blue_gnome,1,4,bright_forest,red_basket,0,0,1,0,blue_gnome,bright_forest,red_basket,2117,1,0,26,7,215,4,1,,,,,,,,,,,,,,,,,,,,,,,,,,,,,,,,,,,,,,,,,,,,,,,,,,,,,,,,,,,,,,,,,,,,,
,,,,,,,,,,,,,,,,,,,,,,,,,,,,,,,,,,,,,,,,,,,,,,,,,,,,,,,,,,,,,,,,,,743837,001,2024-11-25_17h28.25.105,experiment,2023.2.3,Linux x86_64,60.24096386,5cadb168466544001a69832d,67446fa89e86ac01e4128331,6744b3803a686ff2558df228,,,,,,,,,,,,,,,,,,,,,,,,,,,,,,,,,,,,,,,,,,1,,,,,,,,,,,,,2,,,,,,,,,,,,,,,,,,,,,,,,,,,,,,,,,,,,,,,,,,,,,,,,,,k,0.894,,space,1.1945,,2,brown_gnome,2,5,bright_forest,red_basket,orange_gnome,2,5,dark_forest,yellow_basket,5,0,0,1,orange_gnome,dark_forest,yellow_basket,2122,2,0,27,0,216,1,1,,,,,,,,,,,,,,,,,,,,,,,,,,,,,,,,,,,,,,,,,,,,,,,,,,,,,,,,,,,,,,,,,,,,,
,,,,,,,,,,,,,,,,,,,,,,,,,,,,,,,,,,,,,,,,,,,,,,,,,,,,,,,,,,,,,,,,,,743837,001,2024-11-25_17h28.25.105,experiment,2023.2.3,Linux x86_64,60.24096386,5cadb168466544001a69832d,67446fa89e86ac01e4128331,6744b3803a686ff2558df228,,,,,,,,,,,,,,,,,,,,,,,,,,,,,,,,,,,,,,,,,,5,,,,,,,,,,,,,2,,,,,,,,,,,,,,,,,,,,,,,,,,,,,,,,,,,,,,,,,,,,,,,,,,k,0.6273,,,,,2,brown_gnome,2,7,bright_forest,red_basket,orange_gnome,2,5,dark_forest,yellow_basket,0,0,1,0,orange_gnome,dark_forest,yellow_basket,2122,-1,1,27,1,217,5,1,,,,,,,,,,,,,,,,,,,,,,,,,,,,,,,,,,,,,,,,,,,,,,,,,,,,,,,,,,,,,,,,,,,,,
,,,,,,,,,,,,,,,,,,,,,,,,,,,,,,,,,,,,,,,,,,,,,,,,,,,,,,,,,,,,,,,,,,743837,001,2024-11-25_17h28.25.105,experiment,2023.2.3,Linux x86_64,60.24096386,5cadb168466544001a69832d,67446fa89e86ac01e4128331,6744b3803a686ff2558df228,,,,,,,,,,,,,,,,,,,,,,,,,,,,,,,,,,,,,,,,,,5,,,,,,,,,,,,,4,,,,,,,,,,,,,,,,,,,,,,,,,,,,,,,,,,,,,,,,,,,,,,,,,,k,0.8094,,space,0.7605,,4,red_gnome,4,6,dark_forest,yellow_basket,pink_gnome,4,6,bright_forest,red_basket,30,0,0,1,pink_gnome,bright_forest,red_basket,2152,-2,0,27,2,218,7,1,,,,,,,,,,,,,,,,,,,,,,,,,,,,,,,,,,,,,,,,,,,,,,,,,,,,,,,,,,,,,,,,,,,,,
,,,,,,,,,,,,,,,,,,,,,,,,,,,,,,,,,,,,,,,,,,,,,,,,,,,,,,,,,,,,,,,,,,743837,001,2024-11-25_17h28.25.105,experiment,2023.2.3,Linux x86_64,60.24096386,5cadb168466544001a69832d,67446fa89e86ac01e4128331,6744b3803a686ff2558df228,,,,,,,,,,,,,,,,,,,,,,,,,,,,,,,,,,,,,,,,,,5,,,,,,,,,,,,,3,,,,,,,,,,,,,,,,,,,,,,,,,,,,,,,,,,,,,,,,,,,,,,,,,,k,0.4814,,space,0.9621,,3,purple_gnome,3,6,dark_forest,yellow_basket,green_gnome,3,4,bright_forest,red_basket,20,0,0,1,green_gnome,bright_forest,red_basket,2172,-2,0,27,3,219,6,1,,,,,,,,,,,,,,,,,,,,,,,,,,,,,,,,,,,,,,,,,,,,,,,,,,,,,,,,,,,,,,,,,,,,,
,,,,,,,,,,,,,,,,,,,,,,,,,,,,,,,,,,,,,,,,,,,,,,,,,,,,,,,,,,,,,,,,,,743837,001,2024-11-25_17h28.25.105,experiment,2023.2.3,Linux x86_64,60.24096386,5cadb168466544001a69832d,67446fa89e86ac01e4128331,6744b3803a686ff2558df228,,,,,,,,,,,,,,,,,,,,,,,,,,,,,,,,,,,,,,,,,,5,,,,,,,,,,,,,1,,,,,,,,,,,,,,,,,,,,,,,,,,,,,,,,,,,,,,,,,,,,,,,,,,,,,,,,1,blue_gnome,1,2,bright_forest,red_basket,yellow_gnome,1,6,dark_forest,yellow_basket,0,1,0,0,,bright_forest,red_basket,2172,-1,-1,27,4,220,4,1,,,,,,,,,,,,,,,,,,,,,,,,,,,,,,,,,,,,,,,,,,,,,,,,,,,,,,,,,,,,,,,,,,,,,
,,,,,,,,,,,,,,,,,,,,,,,,,,,,,,,,,,,,,,,,,,,,,,,,,,,,,,,,,,,,,,,,,,743837,001,2024-11-25_17h28.25.105,experiment,2023.2.3,Linux x86_64,60.24096386,5cadb168466544001a69832d,67446fa89e86ac01e4128331,6744b3803a686ff2558df228,,,,,,,,,,,,,,,,,,,,,,,,,,,,,,,,,,,,,,,,,,1,,,,,,,,,,,,,2,,,,,,,,,,,,,,,,,,,,,,,,,,,,,,,,,,,,,,,,,,,,,,,,,,k,0.4442,,space,0.9759,,2,brown_gnome,2,1,bright_forest,red_basket,orange_gnome,2,5,dark_forest,yellow_basket,5,0,0,1,orange_gnome,dark_forest,yellow_basket,2177,0,-2,27,5,221,1,1,,,,,,,,,,,,,,,,,,,,,,,,,,,,,,,,,,,,,,,,,,,,,,,,,,,,,,,,,,,,,,,,,,,,,
,,,,,,,,,,,,,,,,,,,,,,,,,,,,,,,,,,,,,,,,,,,,,,,,,,,,,,,,,,,,,,,,,,743837,001,2024-11-25_17h28.25.105,experiment,2023.2.3,Linux x86_64,60.24096386,5cadb168466544001a69832d,67446fa89e86ac01e4128331,6744b3803a686ff2558df228,,,,,,,,,,,,,,,,,,,,,,,,,,,,,,,,,,,,,,,,,,5,,,,,,,,,,,,,3,,,,,,,,,,,,,,,,,,,,,,,,,,,,,,,,,,,,,,,,,,,,,,,,,,k,0.9433,,space,0.7954,,3,purple_gnome,3,3,dark_forest,yellow_basket,green_gnome,3,1,bright_forest,red_basket,5,0,0,1,green_gnome,bright_forest,red_basket,2182,3,4,27,6,222,6,1,,,,,,,,,,,,,,,,,,,,,,,,,,,,,,,,,,,,,,,,,,,,,,,,,,,,,,,,,,,,,,,,,,,,,
,,,,,,,,,,,,,,,,,,,,,,,,,,,,,,,,,,,,,,,,,,,,,,,,,,,,,,,,,,,,,,,,,,743837,001,2024-11-25_17h28.25.105,experiment,2023.2.3,Linux x86_64,60.24096386,5cadb168466544001a69832d,67446fa89e86ac01e4128331,6744b3803a686ff2558df228,,,,,,,,,,,,,,,,,,,,,,,,,,,,,,,,,,,,,,,,,,5,,,,,,,,,,,,,1,,,,,,,,,,,,,,,,,,,,,,,,,,,,,,,,,,,,,,,,,,,,,,,,,,,,,,,,1,yellow_gnome,1,7,dark_forest,yellow_basket,blue_gnome,1,4,bright_forest,red_basket,0,1,0,0,,bright_forest,red_basket,2182,3,1,27,7,223,4,1,,,,,,,,,,,,,,,,,,,,,,,,,,,,,,,,,,,,,,,,,,,,,,,,,,,,,,,,,,,,,,,,,,,,,
,,,,,,,,,,,,,,,,,,,,,,,,,,,,,,,,,,,,,,,,,,,,,,,,,,,,,,,,,,,,,,,,,,743837,001,2024-11-25_17h28.25.105,experiment,2023.2.3,Linux x86_64,60.24096386,5cadb168466544001a69832d,67446fa89e86ac01e4128331,6744b3803a686ff2558df228,,,,,,,,,,,,,,,,,,,,,,,,,,,,,,,,,,,,,,,,,,1,,,,,,,,,,,,,1,,,,,,,,,,,,,,,,,,,,,,,,,,,,,,,,,,,,,,,,,,,,,,,,,,k,0.9795,,space,1.0939,,1,yellow_gnome,1,8,dark_forest,yellow_basket,blue_gnome,1,7,bright_forest,red_basket,7,0,0,1,blue_gnome,bright_forest,red_basket,2189,0,-2,28,0,224,0,1,,,,,,,,,,,,,,,,,,,,,,,,,,,,,,,,,,,,,,,,,,,,,,,,,,,,,,,,,,,,,,,,,,,,,
,,,,,,,,,,,,,,,,,,,,,,,,,,,,,,,,,,,,,,,,,,,,,,,,,,,,,,,,,,,,,,,,,,743837,001,2024-11-25_17h28.25.105,experiment,2023.2.3,Linux x86_64,60.24096386,5cadb168466544001a69832d,67446fa89e86ac01e4128331,6744b3803a686ff2558df228,,,,,,,,,,,,,,,,,,,,,,,,,,,,,,,,,,,,,,,,,,1,,,,,,,,,,,,,4,,,,,,,,,,,,,,,,,,,,,,,,,,,,,,,,,,,,,,,,,,,,,,,,,,s,0.4093,,space,0.6437,,4,pink_gnome,4,7,bright_forest,red_basket,red_gnome,4,6,dark_forest,yellow_basket,7,0,0,1,pink_gnome,bright_forest,red_basket,2196,-1,3,28,1,225,3,1,,,,,,,,,,,,,,,,,,,,,,,,,,,,,,,,,,,,,,,,,,,,,,,,,,,,,,,,,,,,,,,,,,,,,
,,,,,,,,,,,,,,,,,,,,,,,,,,,,,,,,,,,,,,,,,,,,,,,,,,,,,,,,,,,,,,,,,,743837,001,2024-11-25_17h28.25.105,experiment,2023.2.3,Linux x86_64,60.24096386,5cadb168466544001a69832d,67446fa89e86ac01e4128331,6744b3803a686ff2558df228,,,,,,,,,,,,,,,,,,,,,,,,,,,,,,,,,,,,,,,,,,1,,,,,,,,,,,,,1,,,,,,,,,,,,,,,,,,,,,,,,,,,,,,,,,,,,,,,,,,,,,,,,,,s,0.8145,,,,,1,blue_gnome,1,6,bright_forest,red_basket,yellow_gnome,1,9,dark_forest,yellow_basket,0,0,1,0,blue_gnome,bright_forest,red_basket,2196,1,-2,28,2,226,0,1,,,,,,,,,,,,,,,,,,,,,,,,,,,,,,,,,,,,,,,,,,,,,,,,,,,,,,,,,,,,,,,,,,,,,
,,,,,,,,,,,,,,,,,,,,,,,,,,,,,,,,,,,,,,,,,,,,,,,,,,,,,,,,,,,,,,,,,,743837,001,2024-11-25_17h28.25.105,experiment,2023.2.3,Linux x86_64,60.24096386,5cadb168466544001a69832d,67446fa89e86ac01e4128331,6744b3803a686ff2558df228,,,,,,,,,,,,,,,,,,,,,,,,,,,,,,,,,,,,,,,,,,1,,,,,,,,,,,,,4,,,,,,,,,,,,,,,,,,,,,,,,,,,,,,,,,,,,,,,,,,,,,,,,,,s,0.7625,,,,,4,pink_gnome,4,7,bright_forest,red_basket,red_gnome,4,7,dark_forest,yellow_basket,0,0,1,0,pink_gnome,bright_forest,red_basket,2196,-1,1,28,3,227,3,1,,,,,,,,,,,,,,,,,,,,,,,,,,,,,,,,,,,,,,,,,,,,,,,,,,,,,,,,,,,,,,,,,,,,,
,,,,,,,,,,,,,,,,,,,,,,,,,,,,,,,,,,,,,,,,,,,,,,,,,,,,,,,,,,,,,,,,,,743837,001,2024-11-25_17h28.25.105,experiment,2023.2.3,Linux x86_64,60.24096386,5cadb168466544001a69832d,67446fa89e86ac01e4128331,6744b3803a686ff2558df228,,,,,,,,,,,,,,,,,,,,,,,,,,,,,,,,,,,,,,,,,,1,,,,,,,,,,,,,1,,,,,,,,,,,,,,,,,,,,,,,,,,,,,,,,,,,,,,,,,,,,,,,,,,k,0.7754,,,,,1,blue_gnome,1,6,bright_forest,red_basket,yellow_gnome,1,8,dark_forest,yellow_basket,0,0,1,0,yellow_gnome,dark_forest,yellow_basket,2196,2,-1,28,4,228,0,1,,,,,,,,,,,,,,,,,,,,,,,,,,,,,,,,,,,,,,,,,,,,,,,,,,,,,,,,,,,,,,,,,,,,,
,,,,,,,,,,,,,,,,,,,,,,,,,,,,,,,,,,,,,,,,,,,,,,,,,,,,,,,,,,,,,,,,,,743837,001,2024-11-25_17h28.25.105,experiment,2023.2.3,Linux x86_64,60.24096386,5cadb168466544001a69832d,67446fa89e86ac01e4128331,6744b3803a686ff2558df228,,,,,,,,,,,,,,,,,,,,,,,,,,,,,,,,,,,,,,,,,,1,,,,,,,,,,,,,3,,,,,,,,,,,,,,,,,,,,,,,,,,,,,,,,,,,,,,,,,,,,,,,,,,,,,,,,3,purple_gnome,3,7,dark_forest,yellow_basket,green_gnome,3,8,bright_forest,red_basket,0,1,0,0,,dark_forest,yellow_basket,2196,-2,3,28,5,229,2,1,,,,,,,,,,,,,,,,,,,,,,,,,,,,,,,,,,,,,,,,,,,,,,,,,,,,,,,,,,,,,,,,,,,,,
,,,,,,,,,,,,,,,,,,,,,,,,,,,,,,,,,,,,,,,,,,,,,,,,,,,,,,,,,,,,,,,,,,743837,001,2024-11-25_17h28.25.105,experiment,2023.2.3,Linux x86_64,60.24096386,5cadb168466544001a69832d,67446fa89e86ac01e4128331,6744b3803a686ff2558df228,,,,,,,,,,,,,,,,,,,,,,,,,,,,,,,,,,,,,,,,,,1,,,,,,,,,,,,,3,,,,,,,,,,,,,,,,,,,,,,,,,,,,,,,,,,,,,,,,,,,,,,,,,,,,,,,,3,green_gnome,3,6,bright_forest,red_basket,purple_gnome,3,8,dark_forest,yellow_basket,0,1,0,0,,dark_forest,yellow_basket,2196,-3,2,28,6,230,2,1,,,,,,,,,,,,,,,,,,,,,,,,,,,,,,,,,,,,,,,,,,,,,,,,,,,,,,,,,,,,,,,,,,,,,
,,,,,,,,,,,,,,,,,,,,,,,,,,,,,,,,,,,,,,,,,,,,,,,,,,,,,,,,,,,,,,,,,,743837,001,2024-11-25_17h28.25.105,experiment,2023.2.3,Linux x86_64,60.24096386,5cadb168466544001a69832d,67446fa89e86ac01e4128331,6744b3803a686ff2558df228,,,,,,,,,,,,,,,,,,,,,,,,,,,,,,,,,,,,,,,,,,1,,,,,,,,,,,,,3,,,,,,,,,,,,,,,,,,,,,,,,,,,,,,,,,,,,,,,,,,,,,,,,,,,,,,,,3,green_gnome,3,3,bright_forest,red_basket,purple_gnome,3,8,dark_forest,yellow_basket,0,1,0,0,,dark_forest,yellow_basket,2196,1,2,28,7,231,2,1,,,,,,,,,,,,,,,,,,,,,,,,,,,,,,,,,,,,,,,,,,,,,,,,,,,,,,,,,,,,,,,,,,,,,
,,,,,,,,,,,,,,,,,,,,,,,,,,,,,,,,,,,,,,,,,,,,,,,,,,,,,,,,,,,,,,,,,,743837,001,2024-11-25_17h28.25.105,experiment,2023.2.3,Linux x86_64,60.24096386,5cadb168466544001a69832d,67446fa89e86ac01e4128331,6744b3803a686ff2558df228,,,,,,,,,,,,,,,,,,,,,,,,,,,,,,,,,,,,,,,,,,1,,,,,,,,,,,,,3,,,,,,,,,,,,,,,,,,,,,,,,,,,,,,,,,,,,,,,,,,,,,,,,,,,,,,,,3,green_gnome,3,4,bright_forest,red_basket,purple_gnome,3,8,dark_forest,yellow_basket,0,1,0,0,,dark_forest,yellow_basket,2196,4,1,29,0,232,2,1,,,,,,,,,,,,,,,,,,,,,,,,,,,,,,,,,,,,,,,,,,,,,,,,,,,,,,,,,,,,,,,,,,,,,
,,,,,,,,,,,,,,,,,,,,,,,,,,,,,,,,,,,,,,,,,,,,,,,,,,,,,,,,,,,,,,,,,,743837,001,2024-11-25_17h28.25.105,experiment,2023.2.3,Linux x86_64,60.24096386,5cadb168466544001a69832d,67446fa89e86ac01e4128331,6744b3803a686ff2558df228,,,,,,,,,,,,,,,,,,,,,,,,,,,,,,,,,,,,,,,,,,5,,,,,,,,,,,,,4,,,,,,,,,,,,,,,,,,,,,,,,,,,,,,,,,,,,,,,,,,,,,,,,,,,,,,,,4,red_gnome,4,9,dark_forest,yellow_basket,pink_gnome,4,8,bright_forest,red_basket,0,1,0,0,,dark_forest,yellow_basket,2196,1,5,29,1,233,7,1,,,,,,,,,,,,,,,,,,,,,,,,,,,,,,,,,,,,,,,,,,,,,,,,,,,,,,,,,,,,,,,,,,,,,
,,,,,,,,,,,,,,,,,,,,,,,,,,,,,,,,,,,,,,,,,,,,,,,,,,,,,,,,,,,,,,,,,,743837,001,2024-11-25_17h28.25.105,experiment,2023.2.3,Linux x86_64,60.24096386,5cadb168466544001a69832d,67446fa89e86ac01e4128331,6744b3803a686ff2558df228,,,,,,,,,,,,,,,,,,,,,,,,,,,,,,,,,,,,,,,,,,5,,,,,,,,,,,,,4,,,,,,,,,,,,,,,,,,,,,,,,,,,,,,,,,,,,,,,,,,,,,,,,,,k,0.5817,,space,1.4423,,4,red_gnome,4,4,dark_forest,yellow_basket,pink_gnome,4,9,bright_forest,red_basket,45,0,0,1,pink_gnome,bright_forest,red_basket,2241,-2,-1,29,2,234,7,1,,,,,,,,,,,,,,,,,,,,,,,,,,,,,,,,,,,,,,,,,,,,,,,,,,,,,,,,,,,,,,,,,,,,,
,,,,,,,,,,,,,,,,,,,,,,,,,,,,,,,,,,,,,,,,,,,,,,,,,,,,,,,,,,,,,,,,,,743837,001,2024-11-25_17h28.25.105,experiment,2023.2.3,Linux x86_64,60.24096386,5cadb168466544001a69832d,67446fa89e86ac01e4128331,6744b3803a686ff2558df228,,,,,,,,,,,,,,,,,,,,,,,,,,,,,,,,,,,,,,,,,,1,,,,,,,,,,,,,3,,,,,,,,,,,,,,,,,,,,,,,,,,,,,,,,,,,,,,,,,,,,,,,,,,k,0.9271,,space,1.3125,,3,green_gnome,3,7,bright_forest,red_basket,purple_gnome,3,3,dark_forest,yellow_basket,3,0,0,1,purple_gnome,dark_forest,yellow_basket,2244,0,4,29,3,235,2,1,,,,,,,,,,,,,,,,,,,,,,,,,,,,,,,,,,,,,,,,,,,,,,,,,,,,,,,,,,,,,,,,,,,,,
,,,,,,,,,,,,,,,,,,,,,,,,,,,,,,,,,,,,,,,,,,,,,,,,,,,,,,,,,,,,,,,,,,743837,001,2024-11-25_17h28.25.105,experiment,2023.2.3,Linux x86_64,60.24096386,5cadb168466544001a69832d,67446fa89e86ac01e4128331,6744b3803a686ff2558df228,,,,,,,,,,,,,,,,,,,,,,,,,,,,,,,,,,,,,,,,,,1,,,,,,,,,,,,,1,,,,,,,,,,,,,,,,,,,,,,,,,,,,,,,,,,,,,,,,,,,,,,,,,,k,0.3425,,,,,1,blue_gnome,1,7,bright_forest,red_basket,yellow_gnome,1,7,dark_forest,yellow_basket,0,0,1,0,yellow_gnome,dark_forest,yellow_basket,2244,-2,-5,29,4,236,0,1,,,,,,,,,,,,,,,,,,,,,,,,,,,,,,,,,,,,,,,,,,,,,,,,,,,,,,,,,,,,,,,,,,,,,
,,,,,,,,,,,,,,,,,,,,,,,,,,,,,,,,,,,,,,,,,,,,,,,,,,,,,,,,,,,,,,,,,,743837,001,2024-11-25_17h28.25.105,experiment,2023.2.3,Linux x86_64,60.24096386,5cadb168466544001a69832d,67446fa89e86ac01e4128331,6744b3803a686ff2558df228,,,,,,,,,,,,,,,,,,,,,,,,,,,,,,,,,,,,,,,,,,1,,,,,,,,,,,,,3,,,,,,,,,,,,,,,,,,,,,,,,,,,,,,,,,,,,,,,,,,,,,,,,,,k,0.8338,,space,1.2786,,3,purple_gnome,3,2,dark_forest,yellow_basket,green_gnome,3,5,bright_forest,red_basket,5,0,0,1,green_gnome,bright_forest,red_basket,2249,0,1,29,5,237,2,1,,,,,,,,,,,,,,,,,,,,,,,,,,,,,,,,,,,,,,,,,,,,,,,,,,,,,,,,,,,,,,,,,,,,,
,,,,,,,,,,,,,,,,,,,,,,,,,,,,,,,,,,,,,,,,,,,,,,,,,,,,,,,,,,,,,,,,,,743837,001,2024-11-25_17h28.25.105,experiment,2023.2.3,Linux x86_64,60.24096386,5cadb168466544001a69832d,67446fa89e86ac01e4128331,6744b3803a686ff2558df228,,,,,,,,,,,,,,,,,,,,,,,,,,,,,,,,,,,,,,,,,,1,,,,,,,,,,,,,4,,,,,,,,,,,,,,,,,,,,,,,,,,,,,,,,,,,,,,,,,,,,,,,,,,k,0.7439,,space,0.9754,,4,pink_gnome,4,5,bright_forest,red_basket,red_gnome,4,3,dark_forest,yellow_basket,3,0,0,1,red_gnome,dark_forest,yellow_basket,2252,-4,-2,29,6,238,3,1,,,,,,,,,,,,,,,,,,,,,,,,,,,,,,,,,,,,,,,,,,,,,,,,,,,,,,,,,,,,,,,,,,,,,
,,,,,,,,,,,,,,,,,,,,,,,,,,,,,,,,,,,,,,,,,,,,,,,,,,,,,,,,,,,,,,,,,,743837,001,2024-11-25_17h28.25.105,experiment,2023.2.3,Linux x86_64,60.24096386,5cadb168466544001a69832d,67446fa89e86ac01e4128331,6744b3803a686ff2558df228,,,,,,,,,,,,,,,,,,,,,,,,,,,,,,,,,,,,,,,,,,5,,,,,,,,,,,,,2,,,,,,,,,,,,,,,,,,,,,,,,,,,,,,,,,,,,,,,,,,,,,,,,,,k,0.5108,,space,0.4768,,2,brown_gnome,2,1,bright_forest,red_basket,orange_gnome,2,1,dark_forest,yellow_basket,5,0,0,1,orange_gnome,dark_forest,yellow_basket,2257,-1,0,29,7,239,5,1,,,,,,,,,,,,,,,,,,,,,,,,,,,,,,,,,,,,,,,,,,,,,,,,,,,,,,,,,,,,,,,,,,,,,
,,,,,,,,,,,,,,,,,,,,,,,,,,,,,,,,,,,,,,,,,,,,,,,,,,,,,,,,,,,,,,,,,,743837,001,2024-11-25_17h28.25.105,experiment,2023.2.3,Linux x86_64,60.24096386,5cadb168466544001a69832d,67446fa89e86ac01e4128331,6744b3803a686ff2558df228,,,,,,,,,,,,,,,,,,,,,,,,,,,,,,,,,,,,,,,,,,1,,,,,,,,,,,,,2,,,,,,,,,,,,,,,,,,,,,,,,,,,,,,,,,,,,,,,,,,,,,,,,,,s,0.5263,,space,0.4431,,2,brown_gnome,2,0,bright_forest,red_basket,orange_gnome,2,1,dark_forest,yellow_basket,0,0,0,1,brown_gnome,bright_forest,red_basket,2257,1,-2,30,0,240,1,1,,,,,,,,,,,,,,,,,,,,,,,,,,,,,,,,,,,,,,,,,,,,,,,,,,,,,,,,,,,,,,,,,,,,,
,,,,,,,,,,,,,,,,,,,,,,,,,,,,,,,,,,,,,,,,,,,,,,,,,,,,,,,,,,,,,,,,,,743837,001,2024-11-25_17h28.25.105,experiment,2023.2.3,Linux x86_64,60.24096386,5cadb168466544001a69832d,67446fa89e86ac01e4128331,6744b3803a686ff2558df228,,,,,,,,,,,,,,,,,,,,,,,,,,,,,,,,,,,,,,,,,,1,,,,,,,,,,,,,1,,,,,,,,,,,,,,,,,,,,,,,,,,,,,,,,,,,,,,,,,,,,,,,,,,k,0.4267,,space,0.5108,,1,yellow_gnome,1,1,dark_forest,yellow_basket,blue_gnome,1,1,bright_forest,red_basket,1,0,0,1,blue_gnome,bright_forest,red_basket,2258,4,-1,30,1,241,0,1,,,,,,,,,,,,,,,,,,,,,,,,,,,,,,,,,,,,,,,,,,,,,,,,,,,,,,,,,,,,,,,,,,,,,
,,,,,,,,,,,,,,,,,,,,,,,,,,,,,,,,,,,,,,,,,,,,,,,,,,,,,,,,,,,,,,,,,,743837,001,2024-11-25_17h28.25.105,experiment,2023.2.3,Linux x86_64,60.24096386,5cadb168466544001a69832d,67446fa89e86ac01e4128331,6744b3803a686ff2558df228,,,,,,,,,,,,,,,,,,,,,,,,,,,,,,,,,,,,,,,,,,5,,,,,,,,,,,,,4,,,,,,,,,,,,,,,,,,,,,,,,,,,,,,,,,,,,,,,,,,,,,,,,,,,,,,,,4,red_gnome,4,0,dark_forest,yellow_basket,pink_gnome,4,5,bright_forest,red_basket,0,1,0,0,,bright_forest,red_basket,2258,1,0,30,2,242,7,1,,,,,,,,,,,,,,,,,,,,,,,,,,,,,,,,,,,,,,,,,,,,,,,,,,,,,,,,,,,,,,,,,,,,,
,,,,,,,,,,,,,,,,,,,,,,,,,,,,,,,,,,,,,,,,,,,,,,,,,,,,,,,,,,,,,,,,,,743837,001,2024-11-25_17h28.25.105,experiment,2023.2.3,Linux x86_64,60.24096386,5cadb168466544001a69832d,67446fa89e86ac01e4128331,6744b3803a686ff2558df228,,,,,,,,,,,,,,,,,,,,,,,,,,,,,,,,,,,,,,,,,,1,,,,,,,,,,,,,3,,,,,,,,,,,,,,,,,,,,,,,,,,,,,,,,,,,,,,,,,,,,,,,,,,k,1.1487,,space,0.6452,,3,purple_gnome,3,0,dark_forest,yellow_basket,green_gnome,3,6,bright_forest,red_basket,6,0,0,1,green_gnome,bright_forest,red_basket,2264,0,-4,30,3,243,2,1,,,,,,,,,,,,,,,,,,,,,,,,,,,,,,,,,,,,,,,,,,,,,,,,,,,,,,,,,,,,,,,,,,,,,
,,,,,,,,,,,,,,,,,,,,,,,,,,,,,,,,,,,,,,,,,,,,,,,,,,,,,,,,,,,,,,,,,,743837,001,2024-11-25_17h28.25.105,experiment,2023.2.3,Linux x86_64,60.24096386,5cadb168466544001a69832d,67446fa89e86ac01e4128331,6744b3803a686ff2558df228,,,,,,,,,,,,,,,,,,,,,,,,,,,,,,,,,,,,,,,,,,5,,,,,,,,,,,,,3,,,,,,,,,,,,,,,,,,,,,,,,,,,,,,,,,,,,,,,,,,,,,,,,,,k,0.3288,,space,0.4612,,3,purple_gnome,3,4,dark_forest,yellow_basket,green_gnome,3,6,bright_forest,red_basket,30,0,0,1,green_gnome,bright_forest,red_basket,2294,-1,-1,30,4,244,6,1,,,,,,,,,,,,,,,,,,,,,,,,,,,,,,,,,,,,,,,,,,,,,,,,,,,,,,,,,,,,,,,,,,,,,
,,,,,,,,,,,,,,,,,,,,,,,,,,,,,,,,,,,,,,,,,,,,,,,,,,,,,,,,,,,,,,,,,,743837,001,2024-11-25_17h28.25.105,experiment,2023.2.3,Linux x86_64,60.24096386,5cadb168466544001a69832d,67446fa89e86ac01e4128331,6744b3803a686ff2558df228,,,,,,,,,,,,,,,,,,,,,,,,,,,,,,,,,,,,,,,,,,1,,,,,,,,,,,,,3,,,,,,,,,,,,,,,,,,,,,,,,,,,,,,,,,,,,,,,,,,,,,,,,,,k,0.4101,,space,0.3665,,3,purple_gnome,3,3,dark_forest,yellow_basket,green_gnome,3,5,bright_forest,red_basket,5,0,0,1,green_gnome,bright_forest,red_basket,2299,2,-1,30,5,245,2,1,,,,,,,,,,,,,,,,,,,,,,,,,,,,,,,,,,,,,,,,,,,,,,,,,,,,,,,,,,,,,,,,,,,,,
,,,,,,,,,,,,,,,,,,,,,,,,,,,,,,,,,,,,,,,,,,,,,,,,,,,,,,,,,,,,,,,,,,743837,001,2024-11-25_17h28.25.105,experiment,2023.2.3,Linux x86_64,60.24096386,5cadb168466544001a69832d,67446fa89e86ac01e4128331,6744b3803a686ff2558df228,,,,,,,,,,,,,,,,,,,,,,,,,,,,,,,,,,,,,,,,,,1,,,,,,,,,,,,,3,,,,,,,,,,,,,,,,,,,,,,,,,,,,,,,,,,,,,,,,,,,,,,,,,,k,0.3928,,space,0.5967,,3,purple_gnome,3,2,dark_forest,yellow_basket,green_gnome,3,7,bright_forest,red_basket,7,0,0,1,green_gnome,bright_forest,red_basket,2306,0,2,30,6,246,2,1,,,,,,,,,,,,,,,,,,,,,,,,,,,,,,,,,,,,,,,,,,,,,,,,,,,,,,,,,,,,,,,,,,,,,
,,,,,,,,,,,,,,,,,,,,,,,,,,,,,,,,,,,,,,,,,,,,,,,,,,,,,,,,,,,,,,,,,,743837,001,2024-11-25_17h28.25.105,experiment,2023.2.3,Linux x86_64,60.24096386,5cadb168466544001a69832d,67446fa89e86ac01e4128331,6744b3803a686ff2558df228,,,,,,,,,,,,,,,,,,,,,,,,,,,,,,,,,,,,,,,,,,5,,,,,,,,,,,,,1,,,,,,,,,,,,,,,,,,,,,,,,,,,,,,,,,,,,,,,,,,,,,,,,,,k,0.4278,,space,0.3824,,1,yellow_gnome,1,4,dark_forest,yellow_basket,blue_gnome,1,7,bright_forest,red_basket,35,0,0,1,blue_gnome,bright_forest,red_basket,2341,1,0,30,7,247,4,1,,,,,,,,,,,,,,,,,,,,,,,,,,,,,,,,,,,,,,,,,,,,,,,,,,,,,,,,,,,,,,,,,,,,,
,,,,,,,,,,,,,,,,,,,,,,,,,,,,,,,,,,,,,,,,,,,,,,,,,,,,,,,,,,,,,,,,,,743837,001,2024-11-25_17h28.25.105,experiment,2023.2.3,Linux x86_64,60.24096386,5cadb168466544001a69832d,67446fa89e86ac01e4128331,6744b3803a686ff2558df228,,,,,,,,,,,,,,,,,,,,,,,,,,,,,,,,,,,,,,,,,,1,,,,,,,,,,,,,2,,,,,,,,,,,,,,,,,,,,,,,,,,,,,,,,,,,,,,,,,,,,,,,,,,k,0.5098,,space,0.5609,,2,orange_gnome,2,4,dark_forest,yellow_basket,brown_gnome,2,8,bright_forest,red_basket,8,0,0,1,brown_gnome,bright_forest,red_basket,2349,-3,2,31,0,248,1,1,,,,,,,,,,,,,,,,,,,,,,,,,,,,,,,,,,,,,,,,,,,,,,,,,,,,,,,,,,,,,,,,,,,,,
,,,,,,,,,,,,,,,,,,,,,,,,,,,,,,,,,,,,,,,,,,,,,,,,,,,,,,,,,,,,,,,,,,743837,001,2024-11-25_17h28.25.105,experiment,2023.2.3,Linux x86_64,60.24096386,5cadb168466544001a69832d,67446fa89e86ac01e4128331,6744b3803a686ff2558df228,,,,,,,,,,,,,,,,,,,,,,,,,,,,,,,,,,,,,,,,,,5,,,,,,,,,,,,,4,,,,,,,,,,,,,,,,,,,,,,,,,,,,,,,,,,,,,,,,,,,,,,,,,,k,0.5448,,space,0.5974,,4,red_gnome,4,6,dark_forest,yellow_basket,pink_gnome,4,5,bright_forest,red_basket,25,0,0,1,pink_gnome,bright_forest,red_basket,2374,-2,0,31,1,249,7,1,,,,,,,,,,,,,,,,,,,,,,,,,,,,,,,,,,,,,,,,,,,,,,,,,,,,,,,,,,,,,,,,,,,,,
,,,,,,,,,,,,,,,,,,,,,,,,,,,,,,,,,,,,,,,,,,,,,,,,,,,,,,,,,,,,,,,,,,743837,001,2024-11-25_17h28.25.105,experiment,2023.2.3,Linux x86_64,60.24096386,5cadb168466544001a69832d,67446fa89e86ac01e4128331,6744b3803a686ff2558df228,,,,,,,,,,,,,,,,,,,,,,,,,,,,,,,,,,,,,,,,,,5,,,,,,,,,,,,,1,,,,,,,,,,,,,,,,,,,,,,,,,,,,,,,,,,,,,,,,,,,,,,,,,,k,0.4956,,space,0.5007,,1,blue_gnome,1,3,bright_forest,red_basket,yellow_gnome,1,6,dark_forest,yellow_basket,30,0,0,1,yellow_gnome,dark_forest,yellow_basket,2404,1,-1,31,2,250,4,1,,,,,,,,,,,,,,,,,,,,,,,,,,,,,,,,,,,,,,,,,,,,,,,,,,,,,,,,,,,,,,,,,,,,,
,,,,,,,,,,,,,,,,,,,,,,,,,,,,,,,,,,,,,,,,,,,,,,,,,,,,,,,,,,,,,,,,,,743837,001,2024-11-25_17h28.25.105,experiment,2023.2.3,Linux x86_64,60.24096386,5cadb168466544001a69832d,67446fa89e86ac01e4128331,6744b3803a686ff2558df228,,,,,,,,,,,,,,,,,,,,,,,,,,,,,,,,,,,,,,,,,,1,,,,,,,,,,,,,2,,,,,,,,,,,,,,,,,,,,,,,,,,,,,,,,,,,,,,,,,,,,,,,,,,k,0.6657,,space,0.3766,,2,orange_gnome,2,5,dark_forest,yellow_basket,brown_gnome,2,4,bright_forest,red_basket,4,0,0,1,brown_gnome,bright_forest,red_basket,2408,-1,-2,31,3,251,1,1,,,,,,,,,,,,,,,,,,,,,,,,,,,,,,,,,,,,,,,,,,,,,,,,,,,,,,,,,,,,,,,,,,,,,
,,,,,,,,,,,,,,,,,,,,,,,,,,,,,,,,,,,,,,,,,,,,,,,,,,,,,,,,,,,,,,,,,,743837,001,2024-11-25_17h28.25.105,experiment,2023.2.3,Linux x86_64,60.24096386,5cadb168466544001a69832d,67446fa89e86ac01e4128331,6744b3803a686ff2558df228,,,,,,,,,,,,,,,,,,,,,,,,,,,,,,,,,,,,,,,,,,5,,,,,,,,,,,,,4,,,,,,,,,,,,,,,,,,,,,,,,,,,,,,,,,,,,,,,,,,,,,,,,,,k,0.4474,,space,0.4282,,4,red_gnome,4,3,dark_forest,yellow_basket,pink_gnome,4,3,bright_forest,red_basket,15,0,0,1,pink_gnome,bright_forest,red_basket,2423,-1,-1,31,4,252,7,1,,,,,,,,,,,,,,,,,,,,,,,,,,,,,,,,,,,,,,,,,,,,,,,,,,,,,,,,,,,,,,,,,,,,,
,,,,,,,,,,,,,,,,,,,,,,,,,,,,,,,,,,,,,,,,,,,,,,,,,,,,,,,,,,,,,,,,,,743837,001,2024-11-25_17h28.25.105,experiment,2023.2.3,Linux x86_64,60.24096386,5cadb168466544001a69832d,67446fa89e86ac01e4128331,6744b3803a686ff2558df228,,,,,,,,,,,,,,,,,,,,,,,,,,,,,,,,,,,,,,,,,,5,,,,,,,,,,,,,2,,,,,,,,,,,,,,,,,,,,,,,,,,,,,,,,,,,,,,,,,,,,,,,,,,k,0.4421,,space,0.6266,,2,brown_gnome,2,2,bright_forest,red_basket,orange_gnome,2,2,dark_forest,yellow_basket,10,0,0,1,orange_gnome,dark_forest,yellow_basket,2433,3,1,31,5,253,5,1,,,,,,,,,,,,,,,,,,,,,,,,,,,,,,,,,,,,,,,,,,,,,,,,,,,,,,,,,,,,,,,,,,,,,
,,,,,,,,,,,,,,,,,,,,,,,,,,,,,,,,,,,,,,,,,,,,,,,,,,,,,,,,,,,,,,,,,,743837,001,2024-11-25_17h28.25.105,experiment,2023.2.3,Linux x86_64,60.24096386,5cadb168466544001a69832d,67446fa89e86ac01e4128331,6744b3803a686ff2558df228,,,,,,,,,,,,,,,,,,,,,,,,,,,,,,,,,,,,,,,,,,5,,,,,,,,,,,,,4,,,,,,,,,,,,,,,,,,,,,,,,,,,,,,,,,,,,,,,,,,,,,,,,,,k,0.5609,,space,0.6611,,4,red_gnome,4,3,dark_forest,yellow_basket,pink_gnome,4,5,bright_forest,red_basket,25,0,0,1,pink_gnome,bright_forest,red_basket,2458,-2,-1,31,6,254,7,1,,,,,,,,,,,,,,,,,,,,,,,,,,,,,,,,,,,,,,,,,,,,,,,,,,,,,,,,,,,,,,,,,,,,,
,,,,,,,,,,,,,,,,,,,,,,,,,,,,,,,,,,,,,,,,,,,,,,,,,,,,,,,,,,,,,,,,,,743837,001,2024-11-25_17h28.25.105,experiment,2023.2.3,Linux x86_64,60.24096386,5cadb168466544001a69832d,67446fa89e86ac01e4128331,6744b3803a686ff2558df228,,,,,,,,,,,,,,,,,,,,,,,,,,,,,,,,,,,,,,,,,,5,,,,,,,,,,,,,3,,,,,,,,,,,,,,,,,,,,,,,,,,,,,,,,,,,,,,,,,,,,,,,,,,k,0.578,,space,0.3612,,3,green_gnome,3,3,bright_forest,red_basket,purple_gnome,3,2,dark_forest,yellow_basket,10,0,0,1,purple_gnome,dark_forest,yellow_basket,2468,0,2,31,7,255,6,1,,,,,,,,,,,,,,,,,,,,,,,,,,,,,,,,,,,,,,,,,,,,,,,,,,,,,,,,,,,,,,,,,,,,,
,,,,,,,,,,,,,,,,,,,,,,,,,,,,,,,,,,,,,,,,,,,,,,,,,,,,,,,,,,,,,,,,,,743837,001,2024-11-25_17h28.25.105,experiment,2023.2.3,Linux x86_64,60.24096386,5cadb168466544001a69832d,67446fa89e86ac01e4128331,6744b3803a686ff2558df228,,,,,,,,,,,,,,,,,,,,,,,,,,,,,,,,,,,,,,,,,,,,,,,,,,,,,,,,,,,,,,,,,,,,,,,,,,,,,,,,,,,,,,,,,,,,,,,,,,,,,,,,,,,,,,,,,,,,,,,,,,,,,,,,,,,,,,,,,,,,,,space,5.5389,,space,10.6465,,space,20.8372,,space,8.3094,,space,2.6926,,2.160938581,5.7084,100,9.008,space,9.3757,,green_gnome,yellow_gnome,0,0,0,23,1,4,6,,,,,,,,,,,,,,,,,,,,,,,,,,,,,,,,,
,,,,,,,,,,,,,,,,,,,,,,,,,,,,,,,,,,,,,,,,,,,,,,,,,,,,,,,,,,,,,,,,,,743837,001,2024-11-25_17h28.25.105,experiment,2023.2.3,Linux x86_64,60.24096386,5cadb168466544001a69832d,67446fa89e86ac01e4128331,6744b3803a686ff2558df228,,,,,,,,,,,,,,,,,,,,,,,,,,,,,,,,,,,,,,,,,,,,,,,,,,,,,,,,,,,,,,,,,,,,,,,,,,,,,,,,,,,,,,,,,,,,,,,,,,,,,,,,,,,,,,,,,,,,,,,,,,,,,,,,,,,,,,,,,,,,,,,,,,,,,,,,,,,,,0,4.208,100,7.5571,space,7.5699,,pink_gnome,brown_gnome,0,1,1,1,1,0,2,,,,,,,,,,,,,,,,,,,,,,,,,,,,,,,,,
,,,,,,,,,,,,,,,,,,,,,,,,,,,,,,,,,,,,,,,,,,,,,,,,,,,,,,,,,,,,,,,,,,743837,001,2024-11-25_17h28.25.105,experiment,2023.2.3,Linux x86_64,60.24096386,5cadb168466544001a69832d,67446fa89e86ac01e4128331,6744b3803a686ff2558df228,,,,,,,,,,,,,,,,,,,,,,,,,,,,,,,,,,,,,,,,,,,,,,,,,,,,,,,,,,,,,,,,,,,,,,,,,,,,,,,,,,,,,,,,,,,,,,,,,,,,,,,,,,,,,,,,,,,,,,,,,,,,,,,,,,,,,,,,,,,,,,,,,,,,,,,,,,,,,0,4.2252,100,6.4923,space,6.3396,,orange_gnome,brown_gnome,0,2,2,6,1,0,7,,,,,,,,,,,,,,,,,,,,,,,,,,,,,,,,,
,,,,,,,,,,,,,,,,,,,,,,,,,,,,,,,,,,,,,,,,,,,,,,,,,,,,,,,,,,,,,,,,,,743837,001,2024-11-25_17h28.25.105,experiment,2023.2.3,Linux x86_64,60.24096386,5cadb168466544001a69832d,67446fa89e86ac01e4128331,6744b3803a686ff2558df228,,,,,,,,,,,,,,,,,,,,,,,,,,,,,,,,,,,,,,,,,,,,,,,,,,,,,,,,,,,,,,,,,,,,,,,,,,,,,,,,,,,,,,,,,,,,,,,,,,,,,,,,,,,,,,,,,,,,,,,,,,,,,,,,,,,,,,,,,,,,,,,,,,,,,,,,,,,,,0,4.8288,100,7.1597,space,6.9052,,red_gnome,orange_gnome,0,3,3,26,1,5,7,,,,,,,,,,,,,,,,,,,,,,,,,,,,,,,,,
,,,,,,,,,,,,,,,,,,,,,,,,,,,,,,,,,,,,,,,,,,,,,,,,,,,,,,,,,,,,,,,,,,743837,001,2024-11-25_17h28.25.105,experiment,2023.2.3,Linux x86_64,60.24096386,5cadb168466544001a69832d,67446fa89e86ac01e4128331,6744b3803a686ff2558df228,,,,,,,,,,,,,,,,,,,,,,,,,,,,,,,,,,,,,,,,,,,,,,,,,,,,,,,,,,,,,,,,,,,,,,,,,,,,,,,,,,,,,,,,,,,,,,,,,,,,,,,,,,,,,,,,,,,,,,,,,,,,,,,,,,,,,,,,,,,,,,,,,,,,,,,,,,,,,71.86763287,4.8917,,,space,6.4555,,brown_gnome,yellow_gnome,0,4,4,5,1,0,6,,,,,,,,,,,,,,,,,,,,,,,,,,,,,,,,,
,,,,,,,,,,,,,,,,,,,,,,,,,,,,,,,,,,,,,,,,,,,,,,,,,,,,,,,,,,,,,,,,,,743837,001,2024-11-25_17h28.25.105,experiment,2023.2.3,Linux x86_64,60.24096386,5cadb168466544001a69832d,67446fa89e86ac01e4128331,6744b3803a686ff2558df228,,,,,,,,,,,,,,,,,,,,,,,,,,,,,,,,,,,,,,,,,,,,,,,,,,,,,,,,,,,,,,,,,,,,,,,,,,,,,,,,,,,,,,,,,,,,,,,,,,,,,,,,,,,,,,,,,,,,,,,,,,,,,,,,,,,,,,,,,,,,,,,,,,,,,,,,,,,,,0,3.3756,100,5.5431,space,5.3723,,orange_gnome,yellow_gnome,0,5,5,27,1,6,7,,,,,,,,,,,,,,,,,,,,,,,,,,,,,,,,,
,,,,,,,,,,,,,,,,,,,,,,,,,,,,,,,,,,,,,,,,,,,,,,,,,,,,,,,,,,,,,,,,,,743837,001,2024-11-25_17h28.25.105,experiment,2023.2.3,Linux x86_64,60.24096386,5cadb168466544001a69832d,67446fa89e86ac01e4128331,6744b3803a686ff2558df228,,,,,,,,,,,,,,,,,,,,,,,,,,,,,,,,,,,,,,,,,,,,,,,,,,,,,,,,,,,,,,,,,,,,,,,,,,,,,,,,,,,,,,,,,,,,,,,,,,,,,,,,,,,,,,,,,,,,,,,,,,,,,,,,,,,,,,,,,,,,,,,,,,,,,,,,,,,,,0,4.0932,100,6.6085,space,6.543,,green_gnome,orange_gnome,0,6,6,24,1,4,7,,,,,,,,,,,,,,,,,,,,,,,,,,,,,,,,,
,,,,,,,,,,,,,,,,,,,,,,,,,,,,,,,,,,,,,,,,,,,,,,,,,,,,,,,,,,,,,,,,,,743837,001,2024-11-25_17h28.25.105,experiment,2023.2.3,Linux x86_64,60.24096386,5cadb168466544001a69832d,67446fa89e86ac01e4128331,6744b3803a686ff2558df228,,,,,,,,,,,,,,,,,,,,,,,,,,,,,,,,,,,,,,,,,,,,,,,,,,,,,,,,,,,,,,,,,,,,,,,,,,,,,,,,,,,,,,,,,,,,,,,,,,,,,,,,,,,,,,,,,,,,,,,,,,,,,,,,,,,,,,,,,,,,,,,,,,,,,,,,,,,,,,,,,space,2.7908,,purple_gnome,red_gnome,0,7,7,10,1,1,5,,,,,,,,,,,,,,,,,,,,,,,,,,,,,,,,,
,,,,,,,,,,,,,,,,,,,,,,,,,,,,,,,,,,,,,,,,,,,,,,,,,,,,,,,,,,,,,,,,,,743837,001,2024-11-25_17h28.25.105,experiment,2023.2.3,Linux x86_64,60.24096386,5cadb168466544001a69832d,67446fa89e86ac01e4128331,6744b3803a686ff2558df228,,,,,,,,,,,,,,,,,,,,,,,,,,,,,,,,,,,,,,,,,,,,,,,,,,,,,,,,,,,,,,,,,,,,,,,,,,,,,,,,,,,,,,,,,,,,,,,,,,,,,,,,,,,,,,,,,,,,,,,,,,,,,,,,,,,,,,,,,,,,,,,,,,,,,,,,,,,,,,,,,space,1.5611,,pink_gnome,red_gnome,0,8,8,15,1,2,5,,,,,,,,,,,,,,,,,,,,,,,,,,,,,,,,,
,,,,,,,,,,,,,,,,,,,,,,,,,,,,,,,,,,,,,,,,,,,,,,,,,,,,,,,,,,,,,,,,,,743837,001,2024-11-25_17h28.25.105,experiment,2023.2.3,Linux x86_64,60.24096386,5cadb168466544001a69832d,67446fa89e86ac01e4128331,6744b3803a686ff2558df228,,,,,,,,,,,,,,,,,,,,,,,,,,,,,,,,,,,,,,,,,,,,,,,,,,,,,,,,,,,,,,,,,,,,,,,,,,,,,,,,,,,,,,,,,,,,,,,,,,,,,,,,,,,,,,,,,,,,,,,,,,,,,,,,,,,,,,,,,,,,,,,,,,,,,,,,,,,,,53.50289345,3.784,98.88760249,5.7924,space,5.4722,,pink_gnome,green_gnome,0,9,9,14,1,2,4,,,,,,,,,,,,,,,,,,,,,,,,,,,,,,,,,
,,,,,,,,,,,,,,,,,,,,,,,,,,,,,,,,,,,,,,,,,,,,,,,,,,,,,,,,,,,,,,,,,,743837,001,2024-11-25_17h28.25.105,experiment,2023.2.3,Linux x86_64,60.24096386,5cadb168466544001a69832d,67446fa89e86ac01e4128331,6744b3803a686ff2558df228,,,,,,,,,,,,,,,,,,,,,,,,,,,,,,,,,,,,,,,,,,,,,,,,,,,,,,,,,,,,,,,,,,,,,,,,,,,,,,,,,,,,,,,,,,,,,,,,,,,,,,,,,,,,,,,,,,,,,,,,,,,,,,,,,,,,,,,,,,,,,,,,,,,,,,,,,,,,,87.5954469,5.7625,100,3.8602,space,5.3772,,green_gnome,brown_gnome,0,10,10,3,1,0,4,,,,,,,,,,,,,,,,,,,,,,,,,,,,,,,,,
,,,,,,,,,,,,,,,,,,,,,,,,,,,,,,,,,,,,,,,,,,,,,,,,,,,,,,,,,,,,,,,,,,743837,001,2024-11-25_17h28.25.105,experiment,2023.2.3,Linux x86_64,60.24096386,5cadb168466544001a69832d,67446fa89e86ac01e4128331,6744b3803a686ff2558df228,,,,,,,,,,,,,,,,,,,,,,,,,,,,,,,,,,,,,,,,,,,,,,,,,,,,,,,,,,,,,,,,,,,,,,,,,,,,,,,,,,,,,,,,,,,,,,,,,,,,,,,,,,,,,,,,,,,,,,,,,,,,,,,,,,,,,,,,,,,,,,,,,,,,,,,,,,,,,57.01932112,3.8757,9.7625494,5.7759,space,5.525,,green_gnome,purple_gnome,0,11,11,9,1,1,4,,,,,,,,,,,,,,,,,,,,,,,,,,,,,,,,,
,,,,,,,,,,,,,,,,,,,,,,,,,,,,,,,,,,,,,,,,,,,,,,,,,,,,,,,,,,,,,,,,,,743837,001,2024-11-25_17h28.25.105,experiment,2023.2.3,Linux x86_64,60.24096386,5cadb168466544001a69832d,67446fa89e86ac01e4128331,6744b3803a686ff2558df228,,,,,,,,,,,,,,,,,,,,,,,,,,,,,,,,,,,,,,,,,,,,,,,,,,,,,,,,,,,,,,,,,,,,,,,,,,,,,,,,,,,,,,,,,,,,,,,,,,,,,,,,,,,,,,,,,,,,,,,,,,,,,,,,,,,,,,,,,,,,,,,,,,,,,,,,,,,,,,,,,space,2.4226,,blue_gnome,green_gnome,0,12,12,18,1,3,4,,,,,,,,,,,,,,,,,,,,,,,,,,,,,,,,,
,,,,,,,,,,,,,,,,,,,,,,,,,,,,,,,,,,,,,,,,,,,,,,,,,,,,,,,,,,,,,,,,,,743837,001,2024-11-25_17h28.25.105,experiment,2023.2.3,Linux x86_64,60.24096386,5cadb168466544001a69832d,67446fa89e86ac01e4128331,6744b3803a686ff2558df228,,,,,,,,,,,,,,,,,,,,,,,,,,,,,,,,,,,,,,,,,,,,,,,,,,,,,,,,,,,,,,,,,,,,,,,,,,,,,,,,,,,,,,,,,,,,,,,,,,,,,,,,,,,,,,,,,,,,,,,,,,,,,,,,,,,,,,,,,,,,,,,,,,,,,,,,,,,,,88.5729154,6.8272,20.66285213,9.1279,space,8.7263,,pink_gnome,yellow_gnome,0,13,13,16,1,2,6,,,,,,,,,,,,,,,,,,,,,,,,,,,,,,,,,
,,,,,,,,,,,,,,,,,,,,,,,,,,,,,,,,,,,,,,,,,,,,,,,,,,,,,,,,,,,,,,,,,,743837,001,2024-11-25_17h28.25.105,experiment,2023.2.3,Linux x86_64,60.24096386,5cadb168466544001a69832d,67446fa89e86ac01e4128331,6744b3803a686ff2558df228,,,,,,,,,,,,,,,,,,,,,,,,,,,,,,,,,,,,,,,,,,,,,,,,,,,,,,,,,,,,,,,,,,,,,,,,,,,,,,,,,,,,,,,,,,,,,,,,,,,,,,,,,,,,,,,,,,,,,,,,,,,,,,,,,,,,,,,,,,,,,,,,,,,,,,,,,,,,,71.87366486,4.2587,,,space,3.9096,,blue_gnome,red_gnome,0,14,14,19,1,3,5,,,,,,,,,,,,,,,,,,,,,,,,,,,,,,,,,
,,,,,,,,,,,,,,,,,,,,,,,,,,,,,,,,,,,,,,,,,,,,,,,,,,,,,,,,,,,,,,,,,,743837,001,2024-11-25_17h28.25.105,experiment,2023.2.3,Linux x86_64,60.24096386,5cadb168466544001a69832d,67446fa89e86ac01e4128331,6744b3803a686ff2558df228,,,,,,,,,,,,,,,,,,,,,,,,,,,,,,,,,,,,,,,,,,,,,,,,,,,,,,,,,,,,,,,,,,,,,,,,,,,,,,,,,,,,,,,,,,,,,,,,,,,,,,,,,,,,,,,,,,,,,,,,,,,,,,,,,,,,,,,,,,,,,,,,,,,,,,,,,,,,,,,,,space,0.7893,,blue_gnome,orange_gnome,0,15,15,21,1,3,7,,,,,,,,,,,,,,,,,,,,,,,,,,,,,,,,,
,,,,,,,,,,,,,,,,,,,,,,,,,,,,,,,,,,,,,,,,,,,,,,,,,,,,,,,,,,,,,,,,,,743837,001,2024-11-25_17h28.25.105,experiment,2023.2.3,Linux x86_64,60.24096386,5cadb168466544001a69832d,67446fa89e86ac01e4128331,6744b3803a686ff2558df228,,,,,,,,,,,,,,,,,,,,,,,,,,,,,,,,,,,,,,,,,,,,,,,,,,,,,,,,,,,,,,,,,,,,,,,,,,,,,,,,,,,,,,,,,,,,,,,,,,,,,,,,,,,,,,,,,,,,,,,,,,,,,,,,,,,,,,,,,,,,,,,,,,,,,,,,,,,,,80.23730914,3.3581,,,space,3.0233,,blue_gnome,yellow_gnome,0,16,16,20,1,3,6,,,,,,,,,,,,,,,,,,,,,,,,,,,,,,,,,
,,,,,,,,,,,,,,,,,,,,,,,,,,,,,,,,,,,,,,,,,,,,,,,,,,,,,,,,,,,,,,,,,,743837,001,2024-11-25_17h28.25.105,experiment,2023.2.3,Linux x86_64,60.24096386,5cadb168466544001a69832d,67446fa89e86ac01e4128331,6744b3803a686ff2558df228,,,,,,,,,,,,,,,,,,,,,,,,,,,,,,,,,,,,,,,,,,,,,,,,,,,,,,,,,,,,,,,,,,,,,,,,,,,,,,,,,,,,,,,,,,,,,,,,,,,,,,,,,,,,,,,,,,,,,,,,,,,,,,,,,,,,,,,,,,,,,,,,,,,,,,,,,,,,,68.94885699,2.8598,,,space,2.489,,purple_gnome,yellow_gnome,0,17,17,11,1,1,6,,,,,,,,,,,,,,,,,,,,,,,,,,,,,,,,,
,,,,,,,,,,,,,,,,,,,,,,,,,,,,,,,,,,,,,,,,,,,,,,,,,,,,,,,,,,,,,,,,,,743837,001,2024-11-25_17h28.25.105,experiment,2023.2.3,Linux x86_64,60.24096386,5cadb168466544001a69832d,67446fa89e86ac01e4128331,6744b3803a686ff2558df228,,,,,,,,,,,,,,,,,,,,,,,,,,,,,,,,,,,,,,,,,,,,,,,,,,,,,,,,,,,,,,,,,,,,,,,,,,,,,,,,,,,,,,,,,,,,,,,,,,,,,,,,,,,,,,,,,,,,,,,,,,,,,,,,,,,,,,,,,,,,,,,,,,,,,,,,,,,,,53.82360617,3.5773,68.22232405,5.9267,space,5.604,,pink_gnome,orange_gnome,0,18,18,17,1,2,7,,,,,,,,,,,,,,,,,,,,,,,,,,,,,,,,,
,,,,,,,,,,,,,,,,,,,,,,,,,,,,,,,,,,,,,,,,,,,,,,,,,,,,,,,,,,,,,,,,,,743837,001,2024-11-25_17h28.25.105,experiment,2023.2.3,Linux x86_64,60.24096386,5cadb168466544001a69832d,67446fa89e86ac01e4128331,6744b3803a686ff2558df228,,,,,,,,,,,,,,,,,,,,,,,,,,,,,,,,,,,,,,,,,,,,,,,,,,,,,,,,,,,,,,,,,,,,,,,,,,,,,,,,,,,,,,,,,,,,,,,,,,,,,,,,,,,,,,,,,,,,,,,,,,,,,,,,,,,,,,,,,,,,,,,,,,,,,,,,,,,,,69.93777752,3.7602,38.75540098,5.4764,space,5.2549,,purple_gnome,orange_gnome,0,19,19,12,1,1,7,,,,,,,,,,,,,,,,,,,,,,,,,,,,,,,,,
,,,,,,,,,,,,,,,,,,,,,,,,,,,,,,,,,,,,,,,,,,,,,,,,,,,,,,,,,,,,,,,,,,743837,001,2024-11-25_17h28.25.105,experiment,2023.2.3,Linux x86_64,60.24096386,5cadb168466544001a69832d,67446fa89e86ac01e4128331,6744b3803a686ff2558df228,,,,,,,,,,,,,,,,,,,,,,,,,,,,,,,,,,,,,,,,,,,,,,,,,,,,,,,,,,,,,,,,,,,,,,,,,,,,,,,,,,,,,,,,,,,,,,,,,,,,,,,,,,,,,,,,,,,,,,,,,,,,,,,,,,,,,,,,,,,,,,,,,,,,,,,,,,,,,0,4.3089,100,6.88,space,6.6225,,blue_gnome,purple_gnome,0,20,20,8,1,1,3,,,,,,,,,,,,,,,,,,,,,,,,,,,,,,,,,
,,,,,,,,,,,,,,,,,,,,,,,,,,,,,,,,,,,,,,,,,,,,,,,,,,,,,,,,,,,,,,,,,,743837,001,2024-11-25_17h28.25.105,experiment,2023.2.3,Linux x86_64,60.24096386,5cadb168466544001a69832d,67446fa89e86ac01e4128331,6744b3803a686ff2558df228,,,,,,,,,,,,,,,,,,,,,,,,,,,,,,,,,,,,,,,,,,,,,,,,,,,,,,,,,,,,,,,,,,,,,,,,,,,,,,,,,,,,,,,,,,,,,,,,,,,,,,,,,,,,,,,,,,,,,,,,,,,,,,,,,,,,,,,,,,,,,,,,,,,,,,,,,,,,,0,4.7764,100,6.9084,space,6.5379,,purple_gnome,brown_gnome,0,21,21,0,1,0,1,,,,,,,,,,,,,,,,,,,,,,,,,,,,,,,,,
,,,,,,,,,,,,,,,,,,,,,,,,,,,,,,,,,,,,,,,,,,,,,,,,,,,,,,,,,,,,,,,,,,743837,001,2024-11-25_17h28.25.105,experiment,2023.2.3,Linux x86_64,60.24096386,5cadb168466544001a69832d,67446fa89e86ac01e4128331,6744b3803a686ff2558df228,,,,,,,,,,,,,,,,,,,,,,,,,,,,,,,,,,,,,,,,,,,,,,,,,,,,,,,,,,,,,,,,,,,,,,,,,,,,,,,,,,,,,,,,,,,,,,,,,,,,,,,,,,,,,,,,,,,,,,,,,,,,,,,,,,,,,,,,,,,,,,,,,,,,,,,,,,,,,0,5.6418,100,3.7466,space,5.2939,,red_gnome,green_gnome,0,22,22,22,1,4,5,,,,,,,,,,,,,,,,,,,,,,,,,,,,,,,,,
,,,,,,,,,,,,,,,,,,,,,,,,,,,,,,,,,,,,,,,,,,,,,,,,,,,,,,,,,,,,,,,,,,743837,001,2024-11-25_17h28.25.105,experiment,2023.2.3,Linux x86_64,60.24096386,5cadb168466544001a69832d,67446fa89e86ac01e4128331,6744b3803a686ff2558df228,,,,,,,,,,,,,,,,,,,,,,,,,,,,,,,,,,,,,,,,,,,,,,,,,,,,,,,,,,,,,,,,,,,,,,,,,,,,,,,,,,,,,,,,,,,,,,,,,,,,,,,,,,,,,,,,,,,,,,,,,,,,,,,,,,,,,,,,,,,,,,,,,,,,,,,,,,,,,0,3.3408,100,6.2908,space,5.9054,,blue_gnome,pink_gnome,0,23,23,13,1,2,3,,,,,,,,,,,,,,,,,,,,,,,,,,,,,,,,,
,,,,,,,,,,,,,,,,,,,,,,,,,,,,,,,,,,,,,,,,,,,,,,,,,,,,,,,,,,,,,,,,,,743837,001,2024-11-25_17h28.25.105,experiment,2023.2.3,Linux x86_64,60.24096386,5cadb168466544001a69832d,67446fa89e86ac01e4128331,6744b3803a686ff2558df228,,,,,,,,,,,,,,,,,,,,,,,,,,,,,,,,,,,,,,,,,,,,,,,,,,,,,,,,,,,,,,,,,,,,,,,,,,,,,,,,,,,,,,,,,,,,,,,,,,,,,,,,,,,,,,,,,,,,,,,,,,,,,,,,,,,,,,,,,,,,,,,,,,,,,,,,,,,,,0,4.225,100,6.9241,space,6.5573,,brown_gnome,blue_gnome,0,24,24,2,1,0,3,,,,,,,,,,,,,,,,,,,,,,,,,,,,,,,,,
,,,,,,,,,,,,,,,,,,,,,,,,,,,,,,,,,,,,,,,,,,,,,,,,,,,,,,,,,,,,,,,,,,743837,001,2024-11-25_17h28.25.105,experiment,2023.2.3,Linux x86_64,60.24096386,5cadb168466544001a69832d,67446fa89e86ac01e4128331,6744b3803a686ff2558df228,,,,,,,,,,,,,,,,,,,,,,,,,,,,,,,,,,,,,,,,,,,,,,,,,,,,,,,,,,,,,,,,,,,,,,,,,,,,,,,,,,,,,,,,,,,,,,,,,,,,,,,,,,,,,,,,,,,,,,,,,,,,,,,,,,,,,,,,,,,,,,,,,,,,,,,,,,,,,0,5.6939,100,3.7081,space,5.3586,,pink_gnome,purple_gnome,0,25,25,7,1,1,2,,,,,,,,,,,,,,,,,,,,,,,,,,,,,,,,,
,,,,,,,,,,,,,,,,,,,,,,,,,,,,,,,,,,,,,,,,,,,,,,,,,,,,,,,,,,,,,,,,,,743837,001,2024-11-25_17h28.25.105,experiment,2023.2.3,Linux x86_64,60.24096386,5cadb168466544001a69832d,67446fa89e86ac01e4128331,6744b3803a686ff2558df228,,,,,,,,,,,,,,,,,,,,,,,,,,,,,,,,,,,,,,,,,,,,,,,,,,,,,,,,,,,,,,,,,,,,,,,,,,,,,,,,,,,,,,,,,,,,,,,,,,,,,,,,,,,,,,,,,,,,,,,,,,,,,,,,,,,,,,,,,,,,,,,,,,,,,,,,,,,,,67.81972249,8.5282,63.4859403,5.8397,space,8.2213,,brown_gnome,red_gnome,0,26,26,4,1,0,5,,,,,,,,,,,,,,,,,,,,,,,,,,,,,,,,,
,,,,,,,,,,,,,,,,,,,,,,,,,,,,,,,,,,,,,,,,,,,,,,,,,,,,,,,,,,,,,,,,,,743837,001,2024-11-25_17h28.25.105,experiment,2023.2.3,Linux x86_64,60.24096386,5cadb168466544001a69832d,67446fa89e86ac01e4128331,6744b3803a686ff2558df228,,,,,,,,,,,,,,,,,,,,,,,,,,,,,,,,,,,,,,,,,,,,,,,,,,,,,,,,,,,,,,,,,,,,,,,,,,,,,,,,,,,,,,,,,,,,,,,,,,,,,,,,,,,,,,,,,,,,,,,,,,,,,,,,,,,,,,,,,,,,,,,,,,,,,,,,,,,,,0,4.0092,100,5.6923,space,5.3746,,yellow_gnome,red_gnome,0,27,27,25,1,5,6,,,,,,,,,,,,,,,,,,,,,,,,,,,,,,,,,
,,,,,,,,,,,,,,,,,,,,,,,,,,,,,,,,,,,,,,,,,,,,,,,,,,,,,,,,,,,,,,,,,,743837,001,2024-11-25_17h28.25.105,experiment,2023.2.3,Linux x86_64,60.24096386,5cadb168466544001a69832d,67446fa89e86ac01e4128331,6744b3803a686ff2558df228,,,,,,,,,,,,,,,,,,,,,,,,,,,,,,,,,,,,,,,,,,,,,,,,,,,,,,,,,,,,,,,,,,,,,,,,,,,,,,,,,,,,,,,,,,,,,,,,,,,,,,,,,,,,,,,,,,,,,,,,,,,,,,,,,,,,,,,,,,,,,,,,,,,,,,,,,,,,,,,,,,,,,,,,,,,,,space,7.4263,,58.51881504,9.64,34.39395428,11.5888,space,11.3425,,green_gnome,bright_forest,red_basket,0,0,0,8,1,4,0,,,,,,,,,,,,,
,,,,,,,,,,,,,,,,,,,,,,,,,,,,,,,,,,,,,,,,,,,,,,,,,,,,,,,,,,,,,,,,,,743837,001,2024-11-25_17h28.25.105,experiment,2023.2.3,Linux x86_64,60.24096386,5cadb168466544001a69832d,67446fa89e86ac01e4128331,6744b3803a686ff2558df228,,,,,,,,,,,,,,,,,,,,,,,,,,,,,,,,,,,,,,,,,,,,,,,,,,,,,,,,,,,,,,,,,,,,,,,,,,,,,,,,,,,,,,,,,,,,,,,,,,,,,,,,,,,,,,,,,,,,,,,,,,,,,,,,,,,,,,,,,,,,,,,,,,,,,,,,,,,,,,,,,,,,,,,,,,,,,,,,55.85342248,5.8089,30.95788161,4.0795,space,5.4393,,yellow_gnome,bright_forest,red_basket,0,1,1,12,1,6,0,,,,,,,,,,,,,
,,,,,,,,,,,,,,,,,,,,,,,,,,,,,,,,,,,,,,,,,,,,,,,,,,,,,,,,,,,,,,,,,,743837,001,2024-11-25_17h28.25.105,experiment,2023.2.3,Linux x86_64,60.24096386,5cadb168466544001a69832d,67446fa89e86ac01e4128331,6744b3803a686ff2558df228,,,,,,,,,,,,,,,,,,,,,,,,,,,,,,,,,,,,,,,,,,,,,,,,,,,,,,,,,,,,,,,,,,,,,,,,,,,,,,,,,,,,,,,,,,,,,,,,,,,,,,,,,,,,,,,,,,,,,,,,,,,,,,,,,,,,,,,,,,,,,,,,,,,,,,,,,,,,,,,,,,,,,,,,,,,,,,,,57.17212359,2.2745,39.60173925,3.9301,space,3.6571,,blue_gnome,bright_forest,red_basket,0,2,2,6,1,3,0,,,,,,,,,,,,,
,,,,,,,,,,,,,,,,,,,,,,,,,,,,,,,,,,,,,,,,,,,,,,,,,,,,,,,,,,,,,,,,,,743837,001,2024-11-25_17h28.25.105,experiment,2023.2.3,Linux x86_64,60.24096386,5cadb168466544001a69832d,67446fa89e86ac01e4128331,6744b3803a686ff2558df228,,,,,,,,,,,,,,,,,,,,,,,,,,,,,,,,,,,,,,,,,,,,,,,,,,,,,,,,,,,,,,,,,,,,,,,,,,,,,,,,,,,,,,,,,,,,,,,,,,,,,,,,,,,,,,,,,,,,,,,,,,,,,,,,,,,,,,,,,,,,,,,,,,,,,,,,,,,,,,,,,,,,,,,,,,,,,,,,59.71762339,2.3091,24.34794505,4.3654,space,4.4919,,brown_gnome,bright_forest,red_basket,0,3,3,0,1,0,0,,,,,,,,,,,,,
,,,,,,,,,,,,,,,,,,,,,,,,,,,,,,,,,,,,,,,,,,,,,,,,,,,,,,,,,,,,,,,,,,743837,001,2024-11-25_17h28.25.105,experiment,2023.2.3,Linux x86_64,60.24096386,5cadb168466544001a69832d,67446fa89e86ac01e4128331,6744b3803a686ff2558df228,,,,,,,,,,,,,,,,,,,,,,,,,,,,,,,,,,,,,,,,,,,,,,,,,,,,,,,,,,,,,,,,,,,,,,,,,,,,,,,,,,,,,,,,,,,,,,,,,,,,,,,,,,,,,,,,,,,,,,,,,,,,,,,,,,,,,,,,,,,,,,,,,,,,,,,,,,,,,,,,,,,,,,,,,,,,,,,,59.23954646,2.2581,23.77761602,3.6454,space,3.2887,,green_gnome,dark_forest,yellow_basket,0,4,4,9,1,4,1,,,,,,,,,,,,,
,,,,,,,,,,,,,,,,,,,,,,,,,,,,,,,,,,,,,,,,,,,,,,,,,,,,,,,,,,,,,,,,,,743837,001,2024-11-25_17h28.25.105,experiment,2023.2.3,Linux x86_64,60.24096386,5cadb168466544001a69832d,67446fa89e86ac01e4128331,6744b3803a686ff2558df228,,,,,,,,,,,,,,,,,,,,,,,,,,,,,,,,,,,,,,,,,,,,,,,,,,,,,,,,,,,,,,,,,,,,,,,,,,,,,,,,,,,,,,,,,,,,,,,,,,,,,,,,,,,,,,,,,,,,,,,,,,,,,,,,,,,,,,,,,,,,,,,,,,,,,,,,,,,,,,,,,,,,,,,,,,,,,,,,58.61549377,4.2914,31.1579148,5.9291,space,5.5048,,orange_gnome,dark_forest,yellow_basket,0,5,5,15,1,7,1,,,,,,,,,,,,,
,,,,,,,,,,,,,,,,,,,,,,,,,,,,,,,,,,,,,,,,,,,,,,,,,,,,,,,,,,,,,,,,,,743837,001,2024-11-25_17h28.25.105,experiment,2023.2.3,Linux x86_64,60.24096386,5cadb168466544001a69832d,67446fa89e86ac01e4128331,6744b3803a686ff2558df228,,,,,,,,,,,,,,,,,,,,,,,,,,,,,,,,,,,,,,,,,,,,,,,,,,,,,,,,,,,,,,,,,,,,,,,,,,,,,,,,,,,,,,,,,,,,,,,,,,,,,,,,,,,,,,,,,,,,,,,,,,,,,,,,,,,,,,,,,,,,,,,,,,,,,,,,,,,,,,,,,,,,,,,,,,,,,,,,,,,,space,1.8759,,brown_gnome,dark_forest,yellow_basket,0,6,6,1,1,0,1,,,,,,,,,,,,,
,,,,,,,,,,,,,,,,,,,,,,,,,,,,,,,,,,,,,,,,,,,,,,,,,,,,,,,,,,,,,,,,,,743837,001,2024-11-25_17h28.25.105,experiment,2023.2.3,Linux x86_64,60.24096386,5cadb168466544001a69832d,67446fa89e86ac01e4128331,6744b3803a686ff2558df228,,,,,,,,,,,,,,,,,,,,,,,,,,,,,,,,,,,,,,,,,,,,,,,,,,,,,,,,,,,,,,,,,,,,,,,,,,,,,,,,,,,,,,,,,,,,,,,,,,,,,,,,,,,,,,,,,,,,,,,,,,,,,,,,,,,,,,,,,,,,,,,,,,,,,,,,,,,,,,,,,,,,,,,,,,,,,,,,59.90351836,2.3094,11.41093969,0.0276,space,2.4427,,pink_gnome,dark_forest,yellow_basket,0,7,7,5,1,2,1,,,,,,,,,,,,,
,,,,,,,,,,,,,,,,,,,,,,,,,,,,,,,,,,,,,,,,,,,,,,,,,,,,,,,,,,,,,,,,,,743837,001,2024-11-25_17h28.25.105,experiment,2023.2.3,Linux x86_64,60.24096386,5cadb168466544001a69832d,67446fa89e86ac01e4128331,6744b3803a686ff2558df228,,,,,,,,,,,,,,,,,,,,,,,,,,,,,,,,,,,,,,,,,,,,,,,,,,,,,,,,,,,,,,,,,,,,,,,,,,,,,,,,,,,,,,,,,,,,,,,,,,,,,,,,,,,,,,,,,,,,,,,,,,,,,,,,,,,,,,,,,,,,,,,,,,,,,,,,,,,,,,,,,,,,,,,,,,,,,,,,51.48265362,3.8414,11.15231514,2.3252,space,3.9401,,purple_gnome,dark_forest,yellow_basket,0,8,8,3,1,1,1,,,,,,,,,,,,,
,,,,,,,,,,,,,,,,,,,,,,,,,,,,,,,,,,,,,,,,,,,,,,,,,,,,,,,,,,,,,,,,,,743837,001,2024-11-25_17h28.25.105,experiment,2023.2.3,Linux x86_64,60.24096386,5cadb168466544001a69832d,67446fa89e86ac01e4128331,6744b3803a686ff2558df228,,,,,,,,,,,,,,,,,,,,,,,,,,,,,,,,,,,,,,,,,,,,,,,,,,,,,,,,,,,,,,,,,,,,,,,,,,,,,,,,,,,,,,,,,,,,,,,,,,,,,,,,,,,,,,,,,,,,,,,,,,,,,,,,,,,,,,,,,,,,,,,,,,,,,,,,,,,,,,,,,,,,,,,,,,,,,,,,54.6320041,2.493,41.52059555,4.2115,space,3.8244,,red_gnome,bright_forest,red_basket,0,9,9,10,1,5,0,,,,,,,,,,,,,
,,,,,,,,,,,,,,,,,,,,,,,,,,,,,,,,,,,,,,,,,,,,,,,,,,,,,,,,,,,,,,,,,,743837,001,2024-11-25_17h28.25.105,experiment,2023.2.3,Linux x86_64,60.24096386,5cadb168466544001a69832d,67446fa89e86ac01e4128331,6744b3803a686ff2558df228,,,,,,,,,,,,,,,,,,,,,,,,,,,,,,,,,,,,,,,,,,,,,,,,,,,,,,,,,,,,,,,,,,,,,,,,,,,,,,,,,,,,,,,,,,,,,,,,,,,,,,,,,,,,,,,,,,,,,,,,,,,,,,,,,,,,,,,,,,,,,,,,,,,,,,,,,,,,,,,,,,,,,,,,,,,,,,,,59.8258098,3.0426,77.69781748,5.2928,space,4.8025,,blue_gnome,dark_forest,yellow_basket,0,10,10,7,1,3,1,,,,,,,,,,,,,
,,,,,,,,,,,,,,,,,,,,,,,,,,,,,,,,,,,,,,,,,,,,,,,,,,,,,,,,,,,,,,,,,,743837,001,2024-11-25_17h28.25.105,experiment,2023.2.3,Linux x86_64,60.24096386,5cadb168466544001a69832d,67446fa89e86ac01e4128331,6744b3803a686ff2558df228,,,,,,,,,,,,,,,,,,,,,,,,,,,,,,,,,,,,,,,,,,,,,,,,,,,,,,,,,,,,,,,,,,,,,,,,,,,,,,,,,,,,,,,,,,,,,,,,,,,,,,,,,,,,,,,,,,,,,,,,,,,,,,,,,,,,,,,,,,,,,,,,,,,,,,,,,,,,,,,,,,,,,,,,,,,,,,,,,,,,space,2.9927,,purple_gnome,bright_forest,red_basket,0,11,11,2,1,1,0,,,,,,,,,,,,,
,,,,,,,,,,,,,,,,,,,,,,,,,,,,,,,,,,,,,,,,,,,,,,,,,,,,,,,,,,,,,,,,,,743837,001,2024-11-25_17h28.25.105,experiment,2023.2.3,Linux x86_64,60.24096386,5cadb168466544001a69832d,67446fa89e86ac01e4128331,6744b3803a686ff2558df228,,,,,,,,,,,,,,,,,,,,,,,,,,,,,,,,,,,,,,,,,,,,,,,,,,,,,,,,,,,,,,,,,,,,,,,,,,,,,,,,,,,,,,,,,,,,,,,,,,,,,,,,,,,,,,,,,,,,,,,,,,,,,,,,,,,,,,,,,,,,,,,,,,,,,,,,,,,,,,,,,,,,,,,,,,,,,,,,56.57917658,2.6418,39.9090449,4.3755,space,3.9728,,red_gnome,dark_forest,yellow_basket,0,12,12,11,1,5,1,,,,,,,,,,,,,
,,,,,,,,,,,,,,,,,,,,,,,,,,,,,,,,,,,,,,,,,,,,,,,,,,,,,,,,,,,,,,,,,,743837,001,2024-11-25_17h28.25.105,experiment,2023.2.3,Linux x86_64,60.24096386,5cadb168466544001a69832d,67446fa89e86ac01e4128331,6744b3803a686ff2558df228,,,,,,,,,,,,,,,,,,,,,,,,,,,,,,,,,,,,,,,,,,,,,,,,,,,,,,,,,,,,,,,,,,,,,,,,,,,,,,,,,,,,,,,,,,,,,,,,,,,,,,,,,,,,,,,,,,,,,,,,,,,,,,,,,,,,,,,,,,,,,,,,,,,,,,,,,,,,,,,,,,,,,,,,,,,,,,,,64.77747758,2.8591,40.19974073,4.5426,space,4.175,,pink_gnome,bright_forest,red_basket,0,13,13,4,1,2,0,,,,,,,,,,,,,
,,,,,,,,,,,,,,,,,,,,,,,,,,,,,,,,,,,,,,,,,,,,,,,,,,,,,,,,,,,,,,,,,,743837,001,2024-11-25_17h28.25.105,experiment,2023.2.3,Linux x86_64,60.24096386,5cadb168466544001a69832d,67446fa89e86ac01e4128331,6744b3803a686ff2558df228,,,,,,,,,,,,,,,,,,,,,,,,,,,,,,,,,,,,,,,,,,,,,,,,,,,,,,,,,,,,,,,,,,,,,,,,,,,,,,,,,,,,,,,,,,,,,,,,,,,,,,,,,,,,,,,,,,,,,,,,,,,,,,,,,,,,,,,,,,,,,,,,,,,,,,,,,,,,,,,,,,,,,,,,,,,,,,,,55.71487745,2.8083,,,space,3.8755,,orange_gnome,bright_forest,red_basket,0,14,14,14,1,7,0,,,,,,,,,,,,,
,,,,,,,,,,,,,,,,,,,,,,,,,,,,,,,,,,,,,,,,,,,,,,,,,,,,,,,,,,,,,,,,,,743837,001,2024-11-25_17h28.25.105,experiment,2023.2.3,Linux x86_64,60.24096386,5cadb168466544001a69832d,67446fa89e86ac01e4128331,6744b3803a686ff2558df228,,,,,,,,,,,,,,,,,,,,,,,,,,,,,,,,,,,,,,,,,,,,,,,,,,,,,,,,,,,,,,,,,,,,,,,,,,,,,,,,,,,,,,,,,,,,,,,,,,,,,,,,,,,,,,,,,,,,,,,,,,,,,,,,,,,,,,,,,,,,,,,,,,,,,,,,,,,,,,,,,,,,,,,,,,,,,,,,54.61244583,2.2621,44.56599553,3.8795,space,3.3932,,yellow_gnome,dark_forest,yellow_basket,0,15,15,13,1,6,1,,,,,,,,,,,,,
,,,,,,,,,,,,,,,,,,,,,,,,,,,,,,,,,,,,,,,,,,,,,,,,,,,,,,,,,,,,,,,,,,743837,001,2024-11-25_17h28.25.105,experiment,2023.2.3,Linux x86_64,60.24096386,5cadb168466544001a69832d,67446fa89e86ac01e4128331,6744b3803a686ff2558df228,,,,,,,,,,,,,,,,,,,,,,,,,,,,,,,,,,,,,,,,,,,,,,,,,,,,,,,,,,,,,,,,,,,,,,,,,,,,,,,,,,,,,,,,,,,,,,,,,,,,,,,,,,,,,,,,,,,,,,,,,,,,,,,,,,,,,,,,,,,,,,,,,,,,,,,,,,,,,,,,,,,,,,,,,,,,,,,,,,,,,,,,,,,,,,,,,space,25.4467,,0,0,0,0,1,,,,,
,,,,,,,,,,,,,,,,,,,,,,,,,,,,,,,,,,,,,,,,,,,,,,,,,,,,,,,,,,,,,,,,,,743837,001,2024-11-25_17h28.25.105,experiment,2023.2.3,Linux x86_64,60.24096386,5cadb168466544001a69832d,67446fa89e86ac01e4128331,6744b3803a686ff2558df228,,,,,,,,,,,,,,,,,,,,,,,,,,,,,,,,,,,,,,,,,,,,,,,,,,,,,,,,,,,,,,,,,,,,,,,,,,,,,,,,,,,,,,,,,,,,,,,,,,,,,,,,,,,,,,,,,,,,,,,,,,,,,,,,,,,,,,,,,,,,,,,,,,,,,,,,,,,,,,,,,,,,,,,,,,,,,,,,,,,,,,,,,,,,,,,,,,,,,,,,,0,0,0,0,1