"stim1_name","stim1_file","stim1_pair","stim1_deact_file","stim1_step2_name","stim1_step2_file","stim1_step2_basket_name","stim1_step2_basket_file","stim2_name","stim2_file","stim2_pair","stim2_deact_file","stim2_step2_name","stim2_step2_file","stim2_step2_basket_name","stim2_step2_basket_file","stim3_name","stim3_file","stim3_pair","stim3_deact_file","stim3_step2_name","stim3_step2_file","stim3_step2_basket_name","stim3_step2_basket_file","stim4_name","stim4_file","stim4_pair","stim4_deact_file","stim4_step2_name","stim4_step2_file","stim4_step2_basket_name","stim4_step2_basket_file","stim5_name","stim5_file","stim5_pair","stim5_deact_file","stim5_step2_name","stim5_step2_file","stim5_step2_basket_name","stim5_step2_basket_file","stim6_name","stim6_file","stim6_pair","stim6_deact_file","stim6_step2_name","stim6_step2_file","stim6_step2_basket_name","stim6_step2_basket_file","stim7_name","stim7_file","stim7_pair","stim7_deact_file","stim7_step2_name","stim7_step2_file","stim7_step2_basket_name","stim7_step2_basket_file","stim8_name","stim8_file","stim8_pair","stim8_deact_file","stim8_step2_name","stim8_step2_file","stim8_step2_basket_name","stim8_step2_basket_file","participant","session","date","expName","psychopyVersion","OS","frameRate","PROLIFIC_PID","STUDY_ID","SESSION_ID","consent_keyresp.keys","consent_keyresp.rt","consent_keyresp.duration","global_instructions1_key.keys","global_instructions1_key.rt","global_instructions1_key.duration","global_instructions2_key.keys","global_instructions2_key.rt","global_instructions2_key.duration","global_instructions3_key.keys","global_instructions3_key.rt","global_instructions3_key.duration","global_instructions4_key.keys","global_instructions4_key.rt","global_instructions4_key.duration","stake_instructions_key.keys","stake_instructions_key.rt","stake_instructions_key.duration","global_instructions5_key.keys","global_instructions5_key.rt","global_instructions5_key.duration","p_fixation_2.started","p_fixation_2.stopped","p_step1_keyresp.keys","p_failStep1_keyresp.keys","p_failStep1_keyresp.rt","p_failStep1_keyresp.duration","p_step1_pair_index","p_step1_stimLeft_name","p_step1_stimLeft_pair","p_step1_stimLeft_reward","p_step1_stimLeft_step2Stim","p_step1_stimLeft_step2Basket","p_step1_stimRight_name","p_step1_stimRight_pair","p_step1_stimRight_reward","p_step1_stimRight_step2Stim","p_step1_stimRight_step2Basket","p_points","t_mult","p_fail_step1","p_fail_step2","p_reward_flag","p_step1_choice","p_step2_stim","p_step2_basket","p_score","practice.thisRepN","practice.thisTrialN","practice.thisN","practice.thisIndex","practice.ran","pair_index","p_mult","p_step1_keyresp.rt","p_step1_keyresp.duration","p_step2_keyresp.keys","p_failStep2_keyresp.keys","p_failStep2_keyresp.rt","p_failStep2_keyresp.duration","p_step2_keyresp.rt","p_step2_keyresp.duration","t_instructions_keyresp.keys","t_instructions_keyresp.rt","t_instructions_keyresp.duration","t_instructions_recording_keyresp.keys","t_instructions_recording_keyresp.rt","t_instructions_recording_keyresp.duration","t_step1_keyresp.keys","t_step1_keyresp.rt","t_step1_keyresp.duration","t_step2_keyresp.keys","t_step2_keyresp.rt","t_step2_keyresp.duration","t_step1_pair_index","t_step1_stimLeft_name","t_step1_stimLeft_pair","t_step1_stimLeft_reward","t_step1_stimLeft_step2Stim","t_step1_stimLeft_step2Basket","t_step1_stimRight_name","t_step1_stimRight_pair","t_step1_stimRight_reward","t_step1_stimRight_step2Stim","t_step1_stimRight_step2Basket","t_points","t_fail_step1","t_fail_step2","t_reward_flag","t_step1_choice","t_step2_stim","t_step2_basket","globa_score","t_data_stimWalk0","t_data_stimWalk1","trials.thisRepN","trials.thisTrialN","trials.thisN","trials.thisIndex","trials.ran","break_key_resp.keys","break_key_resp.rt","break_key_resp.duration","pl_global_instructions_keyresp.keys","pl_global_instructions_keyresp.rt","pl_global_instructions_keyresp.duration","pl1_instructions1_keyresp.keys","pl1_instructions1_keyresp.rt","pl1_instructions1_keyresp.duration","pl1_instructions2_keyresp.keys","pl1_instructions2_keyresp.rt","pl1_instructions2_keyresp.duration","pl1_instructions3_keyresp.keys","pl1_instructions3_keyresp.rt","pl1_instructions3_keyresp.duration","pl1_instructions4_keyresp.keys","pl1_instructions4_keyresp.rt","pl1_instructions4_keyresp.duration","pl1_task_lickert.response","pl1_task_lickert.rt","pl1_task_confidence_lickert.response","pl1_task_confidence_lickert.rt","pl1_task_keyresp.keys","pl1_task_keyresp.rt","pl1_task_keyresp.duration","pl1_task_stimLeft","pl1_task_stimRight","pl1_loop.thisRepN","pl1_loop.thisTrialN","pl1_loop.thisN","pl1_loop.thisIndex","pl1_loop.ran","stimLeft_index","stimRight_index","pl2_instructions_keyresp.keys","pl2_instructions_keyresp.rt","pl2_instructions_keyresp.duration","pl2_task_lickert.response","pl2_task_lickert.rt","pl2_task_confidence_lickert.response","pl2_task_confidence_lickert.rt","pl2_task_keyresp.keys","pl2_task_keyresp.rt","pl2_task_keyresp.duration","pl2_task_gnome","pl2_task_forest","pl2_task_basket","pl2_loop.thisRepN","pl2_loop.thisTrialN","pl2_loop.thisN","pl2_loop.thisIndex","pl2_loop.ran","gnome_id","forest_id","end_keyresp.keys","end_keyresp.rt","end_keyresp.duration","show_trials.thisRepN","show_trials.thisTrialN","show_trials.thisN","show_trials.thisIndex","show_trials.ran"
"brown_gnome","ressources/step1_stim1.png",2,"ressources/step1_tallGnome_deact.png","bright_forest","ressources/step2_background1.png","red_basket","ressources/step2_stim2.png","purple_gnome","ressources/step1_stim2.png",4,"ressources/step1_tallGnome_deact.png","bright_forest","ressources/step2_background1.png","red_basket","ressources/step2_stim2.png","pink_gnome","ressources/step1_stim3.png",3,"ressources/step1_tallGnome_deact.png","dark_forest","ressources/step2_background2.png","yellow_basket","ressources/step2_stim1.png","blue_gnome","ressources/step1_stim4.png",2,"ressources/step1_tallGnome_deact.png","dark_forest","ressources/step2_background2.png","yellow_basket","ressources/step2_stim1.png","green_gnome","ressources/step1_stim5.png",3,"ressources/step1_smallGnome_deact.png","bright_forest","ressources/step2_background1.png","red_basket","ressources/step2_stim2.png","red_gnome","ressources/step1_stim6.png",4,"ressources/step1_smallGnome_deact.png","dark_forest","ressources/step2_background2.png","yellow_basket","ressources/step2_stim1.png","yellow_gnome","ressources/step1_stim7.png",1,"ressources/step1_smallGnome_deact.png","bright_forest","ressources/step2_background1.png","red_basket","ressources/step2_stim2.png","orange_gnome","ressources/step1_stim8.png",1,"ressources/step1_smallGnome_deact.png","dark_forest","ressources/step2_background2.png","yellow_basket","ressources/step2_stim1.png",25344,1,"2024-10-01_17h29.26.529","experiment","2023.2.3","Win32",18.01801802,"6668960872498f269966bfb2","66fbf9d935dbf9e9cfd29582","66fc2341c5b87f73ca5f0a65","",,,"",,,"",,,"",,,"",,,"",,,"",,,,,"","",,,,"",,,"","","",,,"","",,,,,,"","","",,,,,,,,,,,"","",,,,,"",,,"",,,"",,,"",,,,"",,,"","","",,,"","",,,,,"","","",,,,,,,,,"",,,"",,,"",,,"",,,"",,,"",,,,,,,"",,,"","",,,,,,,,"",,,,,,,"",,,"","","",,,,,,,,"",,,,,,,
"","",,"","","","","","","",,"","","","","","","",,"","","","","","","",,"","","","","","","",,"","","","","","","",,"","","","","","","",,"","","","","","","",,"","","","","",25344,1,"2024-10-01_17h29.26.529","experiment","2023.2.3","Win32",18.01801802,"6668960872498f269966bfb2","66fbf9d935dbf9e9cfd29582","66fc2341c5b87f73ca5f0a65","y",7.5683,,"",,,"",,,"",,,"",,,"",,,"",,,,,"","",,,,"",,,"","","",,,"","",,,,,,"","","",,,,,,,,,,,"","",,,,,"",,,"",,,"",,,"",,,,"",,,"","","",,,"","",,,,,"","","",,,,,,,,,"",,,"",,,"",,,"",,,"",,,"",,,,,,,"",,,"","",,,,,,,,"",,,,,,,"",,,"","","",,,,,,,,"",,,,,,,
"","",,"","","","","","","",,"","","","","","","",,"","","","","","","",,"","","","","","","",,"","","","","","","",,"","","","","","","",,"","","","","","","",,"","","","","",25344,1,"2024-10-01_17h29.26.529","experiment","2023.2.3","Win32",18.01801802,"6668960872498f269966bfb2","66fbf9d935dbf9e9cfd29582","66fc2341c5b87f73ca5f0a65","",,,"space",6.4912,,"space",12.4271,,"space",11.9183,,"space",12.6351,,"space",16.5998,,"space",19.1985,,88.3579,88.8597,"","space",3.2843,,1,"p_orange_gnome",1,0,"p_green_forest","p_green_basket","p_green_gnome",1,5,"p_yellow_forest","p_blue_basket",0,5,1,0,0,"","","",0,0,0,0,2,1,1,5,,,"","",,,,,"",,,"",,,"",,,"",,,,"",,,"","","",,,"","",,,,,"","","",,,,,,,,,"",,,"",,,"",,,"",,,"",,,"",,,,,,,"",,,"","",,,,,,,,"",,,,,,,"",,,"","","",,,,,,,,"",,,,,,,
"","",,"","","","","","","",,"","","","","","","",,"","","","","","","",,"","","","","","","",,"","","","","","","",,"","","","","","","",,"","","","","","","",,"","","","","",25344,1,"2024-10-01_17h29.26.529","experiment","2023.2.3","Win32",18.01801802,"6668960872498f269966bfb2","66fbf9d935dbf9e9cfd29582","66fc2341c5b87f73ca5f0a65","",,,"",,,"",,,"",,,"",,,"",,,"",,,94.6603,95.1626,"k","",,,1,"p_green_gnome",1,5,"p_yellow_forest","p_blue_basket","p_orange_gnome",1,0,"p_green_forest","p_green_basket",0,5,0,1,0,"p_orange_gnome","p_green_forest","p_green_basket",0,0,1,1,2,1,1,5,0.6726,,"","space",0.2868,,,,"",,,"",,,"",,,"",,,,"",,,"","","",,,"","",,,,,"","","",,,,,,,,,"",,,"",,,"",,,"",,,"",,,"",,,,,,,"",,,"","",,,,,,,,"",,,,,,,"",,,"","","",,,,,,,,"",,,,,,,
"","",,"","","","","","","",,"","","","","","","",,"","","","","","","",,"","","","","","","",,"","","","","","","",,"","","","","","","",,"","","","","","","",,"","","","","",25344,1,"2024-10-01_17h29.26.529","experiment","2023.2.3","Win32",18.01801802,"6668960872498f269966bfb2","66fbf9d935dbf9e9cfd29582","66fc2341c5b87f73ca5f0a65","",,,"",,,"",,,"",,,"",,,"",,,"",,,99.9631,100.4891,"s","",,,2,"p_pink_gnome",2,0,"p_green_forest","p_green_basket","p_blue_gnome",2,5,"p_yellow_forest","p_blue_basket",0,5,0,0,1,"p_pink_gnome","p_green_forest","p_green_basket",0,0,2,2,3,1,2,5,0.8085,,"space","",,,0.4398,,"",,,"",,,"",,,"",,,,"",,,"","","",,,"","",,,,,"","","",,,,,,,,,"",,,"",,,"",,,"",,,"",,,"",,,,,,,"",,,"","",,,,,,,,"",,,,,,,"",,,"","","",,,,,,,,"",,,,,,,
"","",,"","","","","","","",,"","","","","","","",,"","","","","","","",,"","","","","","","",,"","","","","","","",,"","","","","","","",,"","","","","","","",,"","","","","",25344,1,"2024-10-01_17h29.26.529","experiment","2023.2.3","Win32",18.01801802,"6668960872498f269966bfb2","66fbf9d935dbf9e9cfd29582","66fc2341c5b87f73ca5f0a65","",,,"",,,"",,,"",,,"",,,"",,,"",,,106.5663,107.118,"k","",,,2,"p_pink_gnome",2,0,"p_green_forest","p_green_basket","p_blue_gnome",2,5,"p_yellow_forest","p_blue_basket",25,5,0,0,1,"p_blue_gnome","p_yellow_forest","p_blue_basket",25,0,3,3,3,1,2,5,0.4561,,"space","",,,0.7575,,"",,,"",,,"",,,"",,,,"",,,"","","",,,"","",,,,,"","","",,,,,,,,,"",,,"",,,"",,,"",,,"",,,"",,,,,,,"",,,"","",,,,,,,,"",,,,,,,"",,,"","","",,,,,,,,"",,,,,,,
"","",,"","","","","","","",,"","","","","","","",,"","","","","","","",,"","","","","","","",,"","","","","","","",,"","","","","","","",,"","","","","","","",,"","","","","",25344,1,"2024-10-01_17h29.26.529","experiment","2023.2.3","Win32",18.01801802,"6668960872498f269966bfb2","66fbf9d935dbf9e9cfd29582","66fc2341c5b87f73ca5f0a65","",,,"",,,"",,,"",,,"",,,"",,,"",,,113.2068,113.7269,"s","",,,1,"p_green_gnome",1,6,"p_yellow_forest","p_blue_basket","p_orange_gnome",1,1,"p_green_forest","p_green_basket",6,1,0,0,1,"p_green_gnome","p_yellow_forest","p_blue_basket",31,1,0,4,0,1,1,1,0.6543,,"space","",,,0.4146,,"",,,"",,,"",,,"",,,,"",,,"","","",,,"","",,,,,"","","",,,,,,,,,"",,,"",,,"",,,"",,,"",,,"",,,,,,,"",,,"","",,,,,,,,"",,,,,,,"",,,"","","",,,,,,,,"",,,,,,,
"","",,"","","","","","","",,"","","","","","","",,"","","","","","","",,"","","","","","","",,"","","","","","","",,"","","","","","","",,"","","","","","","",,"","","","","",25344,1,"2024-10-01_17h29.26.529","experiment","2023.2.3","Win32",18.01801802,"6668960872498f269966bfb2","66fbf9d935dbf9e9cfd29582","66fc2341c5b87f73ca5f0a65","",,,"",,,"",,,"",,,"",,,"",,,"",,,119.9084,120.4312,"k","",,,2,"p_blue_gnome",2,6,"p_yellow_forest","p_blue_basket","p_pink_gnome",2,1,"p_green_forest","p_green_basket",0,5,0,1,0,"p_pink_gnome","p_green_forest","p_green_basket",31,1,1,5,3,1,2,5,0.5745,,"","space",0.3902,,,,"",,,"",,,"",,,"",,,,"",,,"","","",,,"","",,,,,"","","",,,,,,,,,"",,,"",,,"",,,"",,,"",,,"",,,,,,,"",,,"","",,,,,,,,"",,,,,,,"",,,"","","",,,,,,,,"",,,,,,,
"","",,"","","","","","","",,"","","","","","","",,"","","","","","","",,"","","","","","","",,"","","","","","","",,"","","","","","","",,"","","","","","","",,"","","","","",25344,1,"2024-10-01_17h29.26.529","experiment","2023.2.3","Win32",18.01801802,"6668960872498f269966bfb2","66fbf9d935dbf9e9cfd29582","66fc2341c5b87f73ca5f0a65","",,,"",,,"",,,"",,,"",,,"",,,"",,,125.3791,125.988,"s","",,,2,"p_pink_gnome",2,1,"p_green_forest","p_green_basket","p_blue_gnome",2,6,"p_yellow_forest","p_blue_basket",1,1,0,0,1,"p_pink_gnome","p_green_forest","p_green_basket",32,1,2,6,1,1,2,1,0.6823,,"space","",,,0.5448,,"",,,"",,,"",,,"",,,,"",,,"","","",,,"","",,,,,"","","",,,,,,,,,"",,,"",,,"",,,"",,,"",,,"",,,,,,,"",,,"","",,,,,,,,"",,,,,,,"",,,"","","",,,,,,,,"",,,,,,,
"","",,"","","","","","","",,"","","","","","","",,"","","","","","","",,"","","","","","","",,"","","","","","","",,"","","","","","","",,"","","","","","","",,"","","","","",25344,1,"2024-10-01_17h29.26.529","experiment","2023.2.3","Win32",18.01801802,"6668960872498f269966bfb2","66fbf9d935dbf9e9cfd29582","66fc2341c5b87f73ca5f0a65","",,,"",,,"",,,"",,,"",,,"",,,"",,,132.0764,132.5971,"k","",,,2,"p_pink_gnome",2,1,"p_green_forest","p_green_basket","p_blue_gnome",2,6,"p_yellow_forest","p_blue_basket",6,1,0,0,1,"p_blue_gnome","p_yellow_forest","p_blue_basket",38,1,3,7,1,1,2,1,0.6965,,"space","",,,0.4197,,"",,,"",,,"",,,"",,,,"",,,"","","",,,"","",,,,,"","","",,,,,,,,,"",,,"",,,"",,,"",,,"",,,"",,,,,,,"",,,"","",,,,,,,,"",,,,,,,"",,,"","","",,,,,,,,"",,,,,,,
"","",,"","","","","","","",,"","","","","","","",,"","","","","","","",,"","","","","","","",,"","","","","","","",,"","","","","","","",,"","","","","","","",,"","","","","",25344,1,"2024-10-01_17h29.26.529","experiment","2023.2.3","Win32",18.01801802,"6668960872498f269966bfb2","66fbf9d935dbf9e9cfd29582","66fc2341c5b87f73ca5f0a65","",,,"",,,"",,,"",,,"",,,"",,,"",,,138.6042,139.1165,"k","",,,2,"p_pink_gnome",2,2,"p_green_forest","p_green_basket","p_blue_gnome",2,7,"p_yellow_forest","p_blue_basket",35,5,0,0,1,"p_blue_gnome","p_yellow_forest","p_blue_basket",73,2,0,8,3,1,2,5,0.8816,,"space","",,,0.1173,,"",,,"",,,"",,,"",,,,"",,,"","","",,,"","",,,,,"","","",,,,,,,,,"",,,"",,,"",,,"",,,"",,,"",,,,,,,"",,,"","",,,,,,,,"",,,,,,,"",,,"","","",,,,,,,,"",,,,,,,
"","",,"","","","","","","",,"","","","","","","",,"","","","","","","",,"","","","","","","",,"","","","","","","",,"","","","","","","",,"","","","","","","",,"","","","","",25344,1,"2024-10-01_17h29.26.529","experiment","2023.2.3","Win32",18.01801802,"6668960872498f269966bfb2","66fbf9d935dbf9e9cfd29582","66fc2341c5b87f73ca5f0a65","",,,"",,,"",,,"",,,"",,,"",,,"",,,145.2044,145.7351,"k","",,,2,"p_pink_gnome",2,2,"p_green_forest","p_green_basket","p_blue_gnome",2,7,"p_yellow_forest","p_blue_basket",35,5,0,0,1,"p_blue_gnome","p_yellow_forest","p_blue_basket",108,2,1,9,3,1,2,5,0.6626,,"space","",,,0.4522,,"",,,"",,,"",,,"",,,,"",,,"","","",,,"","",,,,,"","","",,,,,,,,,"",,,"",,,"",,,"",,,"",,,"",,,,,,,"",,,"","",,,,,,,,"",,,,,,,"",,,"","","",,,,,,,,"",,,,,,,
"","",,"","","","","","","",,"","","","","","","",,"","","","","","","",,"","","","","","","",,"","","","","","","",,"","","","","","","",,"","","","","","","",,"","","","","",25344,1,"2024-10-01_17h29.26.529","experiment","2023.2.3","Win32",18.01801802,"6668960872498f269966bfb2","66fbf9d935dbf9e9cfd29582","66fc2341c5b87f73ca5f0a65","",,,"",,,"",,,"",,,"",,,"",,,"",,,151.8384,152.3391,"s","",,,2,"p_blue_gnome",2,7,"p_yellow_forest","p_blue_basket","p_pink_gnome",2,2,"p_green_forest","p_green_basket",7,1,0,0,1,"p_blue_gnome","p_yellow_forest","p_blue_basket",115,2,2,10,1,1,2,1,0.5668,,"space","",,,0.2212,,"",,,"",,,"",,,"",,,,"",,,"","","",,,"","",,,,,"","","",,,,,,,,,"",,,"",,,"",,,"",,,"",,,"",,,,,,,"",,,"","",,,,,,,,"",,,,,,,"",,,"","","",,,,,,,,"",,,,,,,
"","",,"","","","","","","",,"","","","","","","",,"","","","","","","",,"","","","","","","",,"","","","","","","",,"","","","","","","",,"","","","","","","",,"","","","","",25344,1,"2024-10-01_17h29.26.529","experiment","2023.2.3","Win32",18.01801802,"6668960872498f269966bfb2","66fbf9d935dbf9e9cfd29582","66fc2341c5b87f73ca5f0a65","",,,"",,,"",,,"",,,"",,,"",,,"",,,158.374,158.8933,"k","",,,2,"p_pink_gnome",2,2,"p_green_forest","p_green_basket","p_blue_gnome",2,7,"p_yellow_forest","p_blue_basket",7,1,0,0,1,"p_blue_gnome","p_yellow_forest","p_blue_basket",122,2,3,11,1,1,2,1,0.8851,,"space","",,,0.1063,,"",,,"",,,"",,,"",,,,"",,,"","","",,,"","",,,,,"","","",,,,,,,,,"",,,"",,,"",,,"",,,"",,,"",,,,,,,"",,,"","",,,,,,,,"",,,,,,,"",,,"","","",,,,,,,,"",,,,,,,
"","",,"","","","","","","",,"","","","","","","",,"","","","","","","",,"","","","","","","",,"","","","","","","",,"","","","","","","",,"","","","","","","",,"","","","","",25344,1,"2024-10-01_17h29.26.529","experiment","2023.2.3","Win32",18.01801802,"6668960872498f269966bfb2","66fbf9d935dbf9e9cfd29582","66fc2341c5b87f73ca5f0a65","",,,"",,,"",,,"",,,"",,,"",,,"",,,164.9937,165.4951,"s","",,,1,"p_orange_gnome",1,3,"p_green_forest","p_green_basket","p_green_gnome",1,8,"p_yellow_forest","p_blue_basket",15,5,0,0,1,"p_orange_gnome","p_green_forest","p_green_basket",137,3,0,12,2,1,1,5,1.0008,1e-04,"space","",,,0.2163,,"",,,"",,,"",,,"",,,,"",,,"","","",,,"","",,,,,"","","",,,,,,,,,"",,,"",,,"",,,"",,,"",,,"",,,,,,,"",,,"","",,,,,,,,"",,,,,,,"",,,"","","",,,,,,,,"",,,,,,,
"","",,"","","","","","","",,"","","","","","","",,"","","","","","","",,"","","","","","","",,"","","","","","","",,"","","","","","","",,"","","","","","","",,"","","","","",25344,1,"2024-10-01_17h29.26.529","experiment","2023.2.3","Win32",18.01801802,"6668960872498f269966bfb2","66fbf9d935dbf9e9cfd29582","66fc2341c5b87f73ca5f0a65","",,,"",,,"",,,"",,,"",,,"",,,"",,,171.6461,172.1546,"k","",,,2,"p_blue_gnome",2,8,"p_yellow_forest","p_blue_basket","p_pink_gnome",2,3,"p_green_forest","p_green_basket",3,1,0,0,1,"p_pink_gnome","p_green_forest","p_green_basket",140,3,1,13,1,1,2,1,0.5692,1e-04,"space","",,,0.2271,,"",,,"",,,"",,,"",,,,"",,,"","","",,,"","",,,,,"","","",,,,,,,,,"",,,"",,,"",,,"",,,"",,,"",,,,,,,"",,,"","",,,,,,,,"",,,,,,,"",,,"","","",,,,,,,,"",,,,,,,
"","",,"","","","","","","",,"","","","","","","",,"","","","","","","",,"","","","","","","",,"","","","","","","",,"","","","","","","",,"","","","","","","",,"","","","","",25344,1,"2024-10-01_17h29.26.529","experiment","2023.2.3","Win32",18.01801802,"6668960872498f269966bfb2","66fbf9d935dbf9e9cfd29582","66fc2341c5b87f73ca5f0a65","",,,"",,,"",,,"",,,"",,,"",,,"",,,178.2932,178.7947,"s","",,,1,"p_green_gnome",1,8,"p_yellow_forest","p_blue_basket","p_orange_gnome",1,3,"p_green_forest","p_green_basket",40,5,0,0,1,"p_green_gnome","p_yellow_forest","p_blue_basket",180,3,2,14,2,1,1,5,0.2468,,"space","",,,0.5229,,"",,,"",,,"",,,"",,,,"",,,"","","",,,"","",,,,,"","","",,,,,,,,,"",,,"",,,"",,,"",,,"",,,"",,,,,,,"",,,"","",,,,,,,,"",,,,,,,"",,,"","","",,,,,,,,"",,,,,,,
"","",,"","","","","","","",,"","","","","","","",,"","","","","","","",,"","","","","","","",,"","","","","","","",,"","","","","","","",,"","","","","","","",,"","","","","",25344,1,"2024-10-01_17h29.26.529","experiment","2023.2.3","Win32",18.01801802,"6668960872498f269966bfb2","66fbf9d935dbf9e9cfd29582","66fc2341c5b87f73ca5f0a65","",,,"",,,"",,,"",,,"",,,"",,,"",,,184.8344,185.34,"s","",,,1,"p_green_gnome",1,8,"p_yellow_forest","p_blue_basket","p_orange_gnome",1,3,"p_green_forest","p_green_basket",8,1,0,0,1,"p_green_gnome","p_yellow_forest","p_blue_basket",188,3,3,15,0,1,1,1,0.5794,,"space","",,,0.4236,,"",,,"",,,"",,,"",,,,"",,,"","","",,,"","",,,,,"","","",,,,,,,,,"",,,"",,,"",,,"",,,"",,,"",,,,,,,"",,,"","",,,,,,,,"",,,,,,,"",,,"","","",,,,,,,,"",,,,,,,
"","",,"","","","","","","",,"","","","","","","",,"","","","","","","",,"","","","","","","",,"","","","","","","",,"","","","","","","",,"","","","","","","",,"","","","","",25344,1,"2024-10-01_17h29.26.529","experiment","2023.2.3","Win32",18.01801802,"6668960872498f269966bfb2","66fbf9d935dbf9e9cfd29582","66fc2341c5b87f73ca5f0a65","",,,"",,,"",,,"",,,"",,,"",,,"",,,191.3014,191.8036,"k","",,,1,"p_green_gnome",1,9,"p_yellow_forest","p_blue_basket","p_orange_gnome",1,4,"p_green_forest","p_green_basket",4,1,0,0,1,"p_orange_gnome","p_green_forest","p_green_basket",192,4,0,16,0,1,1,1,0.5594,,"space","",,,0.3321,,"",,,"",,,"",,,"",,,,"",,,"","","",,,"","",,,,,"","","",,,,,,,,,"",,,"",,,"",,,"",,,"",,,"",,,,,,,"",,,"","",,,,,,,,"",,,,,,,"",,,"","","",,,,,,,,"",,,,,,,
"","",,"","","","","","","",,"","","","","","","",,"","","","","","","",,"","","","","","","",,"","","","","","","",,"","","","","","","",,"","","","","","","",,"","","","","",25344,1,"2024-10-01_17h29.26.529","experiment","2023.2.3","Win32",18.01801802,"6668960872498f269966bfb2","66fbf9d935dbf9e9cfd29582","66fc2341c5b87f73ca5f0a65","",,,"",,,"",,,"",,,"",,,"",,,"",,,197.888,198.4031,"s","",,,1,"p_orange_gnome",1,4,"p_green_forest","p_green_basket","p_green_gnome",1,9,"p_yellow_forest","p_blue_basket",4,1,0,0,1,"p_orange_gnome","p_green_forest","p_green_basket",196,4,1,17,0,1,1,1,0.1288,,"space","",,,0.2256,,"",,,"",,,"",,,"",,,,"",,,"","","",,,"","",,,,,"","","",,,,,,,,,"",,,"",,,"",,,"",,,"",,,"",,,,,,,"",,,"","",,,,,,,,"",,,,,,,"",,,"","","",,,,,,,,"",,,,,,,
"","",,"","","","","","","",,"","","","","","","",,"","","","","","","",,"","","","","","","",,"","","","","","","",,"","","","","","","",,"","","","","","","",,"","","","","",25344,1,"2024-10-01_17h29.26.529","experiment","2023.2.3","Win32",18.01801802,"6668960872498f269966bfb2","66fbf9d935dbf9e9cfd29582","66fc2341c5b87f73ca5f0a65","",,,"",,,"",,,"",,,"",,,"",,,"",,,204.4453,204.9514,"k","",,,1,"p_orange_gnome",1,4,"p_green_forest","p_green_basket","p_green_gnome",1,9,"p_yellow_forest","p_blue_basket",9,1,0,0,1,"p_green_gnome","p_yellow_forest","p_blue_basket",205,4,2,18,0,1,1,1,0.5656,,"space","",,,0.2117,,"",,,"",,,"",,,"",,,,"",,,"","","",,,"","",,,,,"","","",,,,,,,,,"",,,"",,,"",,,"",,,"",,,"",,,,,,,"",,,"","",,,,,,,,"",,,,,,,"",,,"","","",,,,,,,,"",,,,,,,
"","",,"","","","","","","",,"","","","","","","",,"","","","","","","",,"","","","","","","",,"","","","","","","",,"","","","","","","",,"","","","","","","",,"","","","","",25344,1,"2024-10-01_17h29.26.529","experiment","2023.2.3","Win32",18.01801802,"6668960872498f269966bfb2","66fbf9d935dbf9e9cfd29582","66fc2341c5b87f73ca5f0a65","",,,"",,,"",,,"",,,"",,,"",,,"",,,211.0856,211.6053,"s","",,,1,"p_orange_gnome",1,4,"p_green_forest","p_green_basket","p_green_gnome",1,9,"p_yellow_forest","p_blue_basket",20,5,0,0,1,"p_orange_gnome","p_green_forest","p_green_basket",225,4,3,19,2,1,1,5,0.6744,2e-04,"space","",,,0.2198,,"",,,"",,,"",,,"",,,,"",,,"","","",,,"","",,,,,"","","",,,,,,,,,"",,,"",,,"",,,"",,,"",,,"",,,,,,,"",,,"","",,,,,,,,"",,,,,,,"",,,"","","",,,,,,,,"",,,,,,,
"","",,"","","","","","","",,"","","","","","","",,"","","","","","","",,"","","","","","","",,"","","","","","","",,"","","","","","","",,"","","","","","","",,"","","","","",25344,1,"2024-10-01_17h29.26.529","experiment","2023.2.3","Win32",18.01801802,"6668960872498f269966bfb2","66fbf9d935dbf9e9cfd29582","66fc2341c5b87f73ca5f0a65","",,,"",,,"",,,"",,,"",,,"",,,"",,,,,"","",,,,"",,,"","","",,,"","",,5,,,,"","","",,,,,,,2,,,,"","",,,,,"space",30.0076,,"space",14.6627,,"s",0.7896,,"space",0.6453,,2,"blue_gnome",2,5,"dark_forest","yellow_basket","brown_gnome",2,4,"bright_forest","red_basket",25,0,0,1,"blue_gnome","dark_forest","yellow_basket",25,-4,-2,0,0,0,5,1,"",,,"",,,"",,,"",,,"",,,"",,,,,,,"",,,"","",,,,,,,,"",,,,,,,"",,,"","","",,,,,,,,"",,,,,,,
"","",,"","","","","","","",,"","","","","","","",,"","","","","","","",,"","","","","","","",,"","","","","","","",,"","","","","","","",,"","","","","","","",,"","","","","",25344,1,"2024-10-01_17h29.26.529","experiment","2023.2.3","Win32",18.01801802,"6668960872498f269966bfb2","66fbf9d935dbf9e9cfd29582","66fc2341c5b87f73ca5f0a65","",,,"",,,"",,,"",,,"",,,"",,,"",,,,,"","",,,,"",,,"","","",,,"","",,1,,,,"","","",,,,,,,1,,,,"","",,,,,"",,,"",,,"s",0.693,,"space",0.8394,,1,"orange_gnome",1,3,"dark_forest","yellow_basket","yellow_gnome",1,0,"bright_forest","red_basket",3,0,0,1,"orange_gnome","dark_forest","yellow_basket",28,2,1,0,1,1,0,1,"",,,"",,,"",,,"",,,"",,,"",,,,,,,"",,,"","",,,,,,,,"",,,,,,,"",,,"","","",,,,,,,,"",,,,,,,
"","",,"","","","","","","",,"","","","","","","",,"","","","","","","",,"","","","","","","",,"","","","","","","",,"","","","","","","",,"","","","","","","",,"","","","","",25344,1,"2024-10-01_17h29.26.529","experiment","2023.2.3","Win32",18.01801802,"6668960872498f269966bfb2","66fbf9d935dbf9e9cfd29582","66fc2341c5b87f73ca5f0a65","",,,"",,,"",,,"",,,"",,,"",,,"",,,,,"","",,,,"",,,"","","",,,"","",,5,,,,"","","",,,,,,,3,,,,"","",,,,,"",,,"",,,"k",0.8176,,"space",0.5346,,3,"pink_gnome",3,4,"dark_forest","yellow_basket","green_gnome",3,2,"bright_forest","red_basket",10,0,0,1,"green_gnome","bright_forest","red_basket",38,-1,-1,0,2,2,6,1,"",,,"",,,"",,,"",,,"",,,"",,,,,,,"",,,"","",,,,,,,,"",,,,,,,"",,,"","","",,,,,,,,"",,,,,,,
"","",,"","","","","","","",,"","","","","","","",,"","","","","","","",,"","","","","","","",,"","","","","","","",,"","","","","","","",,"","","","","","","",,"","","","","",25344,1,"2024-10-01_17h29.26.529","experiment","2023.2.3","Win32",18.01801802,"6668960872498f269966bfb2","66fbf9d935dbf9e9cfd29582","66fc2341c5b87f73ca5f0a65","",,,"",,,"",,,"",,,"",,,"",,,"",,,,,"","",,,,"",,,"","","",,,"","",,1,,,,"","","",,,,,,,2,,,,"","",,,,,"",,,"",,,"k",0.6904,,"space",0.6404,,2,"brown_gnome",2,1,"bright_forest","red_basket","blue_gnome",2,3,"dark_forest","yellow_basket",3,0,0,1,"blue_gnome","dark_forest","yellow_basket",41,-3,-3,0,3,3,1,1,"",,,"",,,"",,,"",,,"",,,"",,,,,,,"",,,"","",,,,,,,,"",,,,,,,"",,,"","","",,,,,,,,"",,,,,,,
"","",,"","","","","","","",,"","","","","","","",,"","","","","","","",,"","","","","","","",,"","","","","","","",,"","","","","","","",,"","","","","","","",,"","","","","",25344,1,"2024-10-01_17h29.26.529","experiment","2023.2.3","Win32",18.01801802,"6668960872498f269966bfb2","66fbf9d935dbf9e9cfd29582","66fc2341c5b87f73ca5f0a65","",,,"",,,"",,,"",,,"",,,"",,,"",,,,,"","",,,,"",,,"","","",,,"","",,1,,,,"","","",,,,,,,2,,,,"","",,,,,"",,,"",,,"s",0.8041,,"space",0.4393,,2,"brown_gnome",2,2,"bright_forest","red_basket","blue_gnome",2,0,"dark_forest","yellow_basket",2,0,0,1,"brown_gnome","bright_forest","red_basket",43,3,2,0,4,4,1,1,"",,,"",,,"",,,"",,,"",,,"",,,,,,,"",,,"","",,,,,,,,"",,,,,,,"",,,"","","",,,,,,,,"",,,,,,,
"","",,"","","","","","","",,"","","","","","","",,"","","","","","","",,"","","","","","","",,"","","","","","","",,"","","","","","","",,"","","","","","","",,"","","","","",25344,1,"2024-10-01_17h29.26.529","experiment","2023.2.3","Win32",18.01801802,"6668960872498f269966bfb2","66fbf9d935dbf9e9cfd29582","66fc2341c5b87f73ca5f0a65","",,,"",,,"",,,"",,,"",,,"",,,"",,,,,"","",,,,"",,,"","","",,,"","",,5,,,,"","","",,,,,,,3,,,,"","",,,,,"",,,"",,,"k",0.8685,,"space",0.4335,,3,"pink_gnome",3,2,"dark_forest","yellow_basket","green_gnome",3,5,"bright_forest","red_basket",25,0,0,1,"green_gnome","bright_forest","red_basket",68,3,-3,0,5,5,6,1,"",,,"",,,"",,,"",,,"",,,"",,,,,,,"",,,"","",,,,,,,,"",,,,,,,"",,,"","","",,,,,,,,"",,,,,,,
"","",,"","","","","","","",,"","","","","","","",,"","","","","","","",,"","","","","","","",,"","","","","","","",,"","","","","","","",,"","","","","","","",,"","","","","",25344,1,"2024-10-01_17h29.26.529","experiment","2023.2.3","Win32",18.01801802,"6668960872498f269966bfb2","66fbf9d935dbf9e9cfd29582","66fc2341c5b87f73ca5f0a65","",,,"",,,"",,,"",,,"",,,"",,,"",,,,,"","",,,,"",,,"","","",,,"","",,1,,,,"","","",,,,,,,2,,,,"","",,,,,"",,,"",,,"s",0.6707,,"space",0.4266,,2,"blue_gnome",2,1,"dark_forest","yellow_basket","brown_gnome",2,8,"bright_forest","red_basket",1,0,0,1,"blue_gnome","dark_forest","yellow_basket",69,0,0,0,6,6,1,1,"",,,"",,,"",,,"",,,"",,,"",,,,,,,"",,,"","",,,,,,,,"",,,,,,,"",,,"","","",,,,,,,,"",,,,,,,
"","",,"","","","","","","",,"","","","","","","",,"","","","","","","",,"","","","","","","",,"","","","","","","",,"","","","","","","",,"","","","","","","",,"","","","","",25344,1,"2024-10-01_17h29.26.529","experiment","2023.2.3","Win32",18.01801802,"6668960872498f269966bfb2","66fbf9d935dbf9e9cfd29582","66fc2341c5b87f73ca5f0a65","",,,"",,,"",,,"",,,"",,,"",,,"",,,,,"","",,,,"",,,"","","",,,"","",,5,,,,"","","",,,,,,,4,,,,"","",,,,,"",,,"",,,"k",1.0057,,"space",0.4397,,4,"red_gnome",4,1,"dark_forest","yellow_basket","purple_gnome",4,8,"bright_forest","red_basket",40,0,0,1,"purple_gnome","bright_forest","red_basket",109,-1,0,0,7,7,7,1,"",,,"",,,"",,,"",,,"",,,"",,,,,,,"",,,"","",,,,,,,,"",,,,,,,"",,,"","","",,,,,,,,"",,,,,,,
"","",,"","","","","","","",,"","","","","","","",,"","","","","","","",,"","","","","","","",,"","","","","","","",,"","","","","","","",,"","","","","","","",,"","","","","",25344,1,"2024-10-01_17h29.26.529","experiment","2023.2.3","Win32",18.01801802,"6668960872498f269966bfb2","66fbf9d935dbf9e9cfd29582","66fc2341c5b87f73ca5f0a65","",,,"",,,"",,,"",,,"",,,"",,,"",,,,,"","",,,,"",,,"","","",,,"","",,1,,,,"","","",,,,,,,3,,,,"","",,,,,"",,,"",,,"k",0.6701,,"space",0.2348,,3,"pink_gnome",3,1,"dark_forest","yellow_basket","green_gnome",3,7,"bright_forest","red_basket",7,0,0,1,"green_gnome","bright_forest","red_basket",116,-5,4,1,0,8,2,1,"",,,"",,,"",,,"",,,"",,,"",,,,,,,"",,,"","",,,,,,,,"",,,,,,,"",,,"","","",,,,,,,,"",,,,,,,
"","",,"","","","","","","",,"","","","","","","",,"","","","","","","",,"","","","","","","",,"","","","","","","",,"","","","","","","",,"","","","","","","",,"","","","","",25344,1,"2024-10-01_17h29.26.529","experiment","2023.2.3","Win32",18.01801802,"6668960872498f269966bfb2","66fbf9d935dbf9e9cfd29582","66fc2341c5b87f73ca5f0a65","",,,"",,,"",,,"",,,"",,,"",,,"",,,,,"","",,,,"",,,"","","",,,"","",,1,,,,"","","",,,,,,,2,,,,"","",,,,,"",,,"",,,"s",0.7915,,"space",0.4477,,2,"brown_gnome",2,2,"bright_forest","red_basket","blue_gnome",2,5,"dark_forest","yellow_basket",2,0,0,1,"brown_gnome","bright_forest","red_basket",118,1,1,1,1,9,1,1,"",,,"",,,"",,,"",,,"",,,"",,,,,,,"",,,"","",,,,,,,,"",,,,,,,"",,,"","","",,,,,,,,"",,,,,,,
"","",,"","","","","","","",,"","","","","","","",,"","","","","","","",,"","","","","","","",,"","","","","","","",,"","","","","","","",,"","","","","","","",,"","","","","",25344,1,"2024-10-01_17h29.26.529","experiment","2023.2.3","Win32",18.01801802,"6668960872498f269966bfb2","66fbf9d935dbf9e9cfd29582","66fc2341c5b87f73ca5f0a65","",,,"",,,"",,,"",,,"",,,"",,,"",,,,,"","",,,,"",,,"","","",,,"","",,1,,,,"","","",,,,,,,4,,,,"","",,,,,"",,,"",,,"k",0.6968,,"space",1.0486,,4,"purple_gnome",4,3,"bright_forest","red_basket","red_gnome",4,6,"dark_forest","yellow_basket",6,0,0,1,"red_gnome","dark_forest","yellow_basket",124,-1,0,1,2,10,3,1,"",,,"",,,"",,,"",,,"",,,"",,,,,,,"",,,"","",,,,,,,,"",,,,,,,"",,,"","","",,,,,,,,"",,,,,,,
"","",,"","","","","","","",,"","","","","","","",,"","","","","","","",,"","","","","","","",,"","","","","","","",,"","","","","","","",,"","","","","","","",,"","","","","",25344,1,"2024-10-01_17h29.26.529","experiment","2023.2.3","Win32",18.01801802,"6668960872498f269966bfb2","66fbf9d935dbf9e9cfd29582","66fc2341c5b87f73ca5f0a65","",,,"",,,"",,,"",,,"",,,"",,,"",,,,,"","",,,,"",,,"","","",,,"","",,1,,,,"","","",,,,,,,2,,,,"","",,,,,"",,,"",,,"k",0.5723,,"space",0.4241,,2,"brown_gnome",2,2,"bright_forest","red_basket","blue_gnome",2,6,"dark_forest","yellow_basket",6,0,0,1,"blue_gnome","dark_forest","yellow_basket",130,4,1,1,3,11,1,1,"",,,"",,,"",,,"",,,"",,,"",,,,,,,"",,,"","",,,,,,,,"",,,,,,,"",,,"","","",,,,,,,,"",,,,,,,
"","",,"","","","","","","",,"","","","","","","",,"","","","","","","",,"","","","","","","",,"","","","","","","",,"","","","","","","",,"","","","","","","",,"","","","","",25344,1,"2024-10-01_17h29.26.529","experiment","2023.2.3","Win32",18.01801802,"6668960872498f269966bfb2","66fbf9d935dbf9e9cfd29582","66fc2341c5b87f73ca5f0a65","",,,"",,,"",,,"",,,"",,,"",,,"",,,,,"","",,,,"",,,"","","",,,"","",,1,,,,"","","",,,,,,,3,,,,"","",,,,,"",,,"",,,"k",0.677,,"space",0.5301,,3,"green_gnome",3,6,"bright_forest","red_basket","pink_gnome",3,7,"dark_forest","yellow_basket",7,0,0,1,"pink_gnome","dark_forest","yellow_basket",137,0,3,1,4,12,2,1,"",,,"",,,"",,,"",,,"",,,"",,,,,,,"",,,"","",,,,,,,,"",,,,,,,"",,,"","","",,,,,,,,"",,,,,,,
"","",,"","","","","","","",,"","","","","","","",,"","","","","","","",,"","","","","","","",,"","","","","","","",,"","","","","","","",,"","","","","","","",,"","","","","",25344,1,"2024-10-01_17h29.26.529","experiment","2023.2.3","Win32",18.01801802,"6668960872498f269966bfb2","66fbf9d935dbf9e9cfd29582","66fc2341c5b87f73ca5f0a65","",,,"",,,"",,,"",,,"",,,"",,,"",,,,,"","",,,,"",,,"","","",,,"","",,1,,,,"","","",,,,,,,2,,,,"","",,,,,"",,,"",,,"s",0.7019,,"space",0.6322,,2,"blue_gnome",2,8,"dark_forest","yellow_basket","brown_gnome",2,6,"bright_forest","red_basket",8,0,0,1,"blue_gnome","dark_forest","yellow_basket",145,-1,-2,1,5,13,1,1,"",,,"",,,"",,,"",,,"",,,"",,,,,,,"",,,"","",,,,,,,,"",,,,,,,"",,,"","","",,,,,,,,"",,,,,,,
"","",,"","","","","","","",,"","","","","","","",,"","","","","","","",,"","","","","","","",,"","","","","","","",,"","","","","","","",,"","","","","","","",,"","","","","",25344,1,"2024-10-01_17h29.26.529","experiment","2023.2.3","Win32",18.01801802,"6668960872498f269966bfb2","66fbf9d935dbf9e9cfd29582","66fc2341c5b87f73ca5f0a65","",,,"",,,"",,,"",,,"",,,"",,,"",,,,,"","",,,,"",,,"","","",,,"","",,1,,,,"","","",,,,,,,3,,,,"","",,,,,"",,,"",,,"k",0.4632,,"space",0.7377,,3,"green_gnome",3,5,"bright_forest","red_basket","pink_gnome",3,6,"dark_forest","yellow_basket",6,0,0,1,"pink_gnome","dark_forest","yellow_basket",151,1,-2,1,6,14,2,1,"",,,"",,,"",,,"",,,"",,,"",,,,,,,"",,,"","",,,,,,,,"",,,,,,,"",,,"","","",,,,,,,,"",,,,,,,
"","",,"","","","","","","",,"","","","","","","",,"","","","","","","",,"","","","","","","",,"","","","","","","",,"","","","","","","",,"","","","","","","",,"","","","","",25344,1,"2024-10-01_17h29.26.529","experiment","2023.2.3","Win32",18.01801802,"6668960872498f269966bfb2","66fbf9d935dbf9e9cfd29582","66fc2341c5b87f73ca5f0a65","",,,"",,,"",,,"",,,"",,,"",,,"",,,,,"","",,,,"",,,"","","",,,"","",,5,,,,"","","",,,,,,,1,,,,"","",,,,,"",,,"",,,"k",0.5681,,"space",0.8882,,1,"yellow_gnome",1,6,"bright_forest","red_basket","orange_gnome",1,4,"dark_forest","yellow_basket",20,0,0,1,"orange_gnome","dark_forest","yellow_basket",171,1,-1,1,7,15,4,1,"",,,"",,,"",,,"",,,"",,,"",,,,,,,"",,,"","",,,,,,,,"",,,,,,,"",,,"","","",,,,,,,,"",,,,,,,
"","",,"","","","","","","",,"","","","","","","",,"","","","","","","",,"","","","","","","",,"","","","","","","",,"","","","","","","",,"","","","","","","",,"","","","","",25344,1,"2024-10-01_17h29.26.529","experiment","2023.2.3","Win32",18.01801802,"6668960872498f269966bfb2","66fbf9d935dbf9e9cfd29582","66fc2341c5b87f73ca5f0a65","",,,"",,,"",,,"",,,"",,,"",,,"",,,,,"","",,,,"",,,"","","",,,"","",,1,,,,"","","",,,,,,,3,,,,"","",,,,,"",,,"",,,"s",0.6973,,"space",0.3506,,3,"green_gnome",3,7,"bright_forest","red_basket","pink_gnome",3,3,"dark_forest","yellow_basket",7,0,0,1,"green_gnome","bright_forest","red_basket",178,0,0,2,0,16,2,1,"",,,"",,,"",,,"",,,"",,,"",,,,,,,"",,,"","",,,,,,,,"",,,,,,,"",,,"","","",,,,,,,,"",,,,,,,
"","",,"","","","","","","",,"","","","","","","",,"","","","","","","",,"","","","","","","",,"","","","","","","",,"","","","","","","",,"","","","","","","",,"","","","","",25344,1,"2024-10-01_17h29.26.529","experiment","2023.2.3","Win32",18.01801802,"6668960872498f269966bfb2","66fbf9d935dbf9e9cfd29582","66fc2341c5b87f73ca5f0a65","",,,"",,,"",,,"",,,"",,,"",,,"",,,,,"","",,,,"",,,"","","",,,"","",,5,,,,"","","",,,,,,,4,,,,"","",,,,,"",,,"",,,"s",0.686,,"space",0.4516,,4,"purple_gnome",4,7,"bright_forest","red_basket","red_gnome",4,3,"dark_forest","yellow_basket",35,0,0,1,"purple_gnome","bright_forest","red_basket",213,1,0,2,1,17,7,1,"",,,"",,,"",,,"",,,"",,,"",,,,,,,"",,,"","",,,,,,,,"",,,,,,,"",,,"","","",,,,,,,,"",,,,,,,
"","",,"","","","","","","",,"","","","","","","",,"","","","","","","",,"","","","","","","",,"","","","","","","",,"","","","","","","",,"","","","","","","",,"","","","","",25344,1,"2024-10-01_17h29.26.529","experiment","2023.2.3","Win32",18.01801802,"6668960872498f269966bfb2","66fbf9d935dbf9e9cfd29582","66fc2341c5b87f73ca5f0a65","",,,"",,,"",,,"",,,"",,,"",,,"",,,,,"","",,,,"",,,"","","",,,"","",,1,,,,"","","",,,,,,,1,,,,"","",,,,,"",,,"",,,"k",0.8907,2e-04,"space",0.875,,1,"orange_gnome",1,3,"dark_forest","yellow_basket","yellow_gnome",1,8,"bright_forest","red_basket",8,0,0,1,"yellow_gnome","bright_forest","red_basket",221,0,-3,2,2,18,0,1,"",,,"",,,"",,,"",,,"",,,"",,,,,,,"",,,"","",,,,,,,,"",,,,,,,"",,,"","","",,,,,,,,"",,,,,,,
"","",,"","","","","","","",,"","","","","","","",,"","","","","","","",,"","","","","","","",,"","","","","","","",,"","","","","","","",,"","","","","","","",,"","","","","",25344,1,"2024-10-01_17h29.26.529","experiment","2023.2.3","Win32",18.01801802,"6668960872498f269966bfb2","66fbf9d935dbf9e9cfd29582","66fc2341c5b87f73ca5f0a65","",,,"",,,"",,,"",,,"",,,"",,,"",,,,,"","",,,,"",,,"","","",,,"","",,1,,,,"","","",,,,,,,1,,,,"","",,,,,"",,,"",,,"k",0.9071,,"space",0.5517,,1,"orange_gnome",1,0,"dark_forest","yellow_basket","yellow_gnome",1,8,"bright_forest","red_basket",8,0,0,1,"yellow_gnome","bright_forest","red_basket",229,-3,3,2,3,19,0,1,"",,,"",,,"",,,"",,,"",,,"",,,,,,,"",,,"","",,,,,,,,"",,,,,,,"",,,"","","",,,,,,,,"",,,,,,,
"","",,"","","","","","","",,"","","","","","","",,"","","","","","","",,"","","","","","","",,"","","","","","","",,"","","","","","","",,"","","","","","","",,"","","","","",25344,1,"2024-10-01_17h29.26.529","experiment","2023.2.3","Win32",18.01801802,"6668960872498f269966bfb2","66fbf9d935dbf9e9cfd29582","66fc2341c5b87f73ca5f0a65","",,,"",,,"",,,"",,,"",,,"",,,"",,,,,"","",,,,"",,,"","","",,,"","",,1,,,,"","","",,,,,,,2,,,,"","",,,,,"",,,"",,,"k",0.6928,,"space",0.4268,,2,"blue_gnome",2,3,"dark_forest","yellow_basket","brown_gnome",2,5,"bright_forest","red_basket",5,0,0,1,"brown_gnome","bright_forest","red_basket",234,1,-1,2,4,20,1,1,"",,,"",,,"",,,"",,,"",,,"",,,,,,,"",,,"","",,,,,,,,"",,,,,,,"",,,"","","",,,,,,,,"",,,,,,,
"","",,"","","","","","","",,"","","","","","","",,"","","","","","","",,"","","","","","","",,"","","","","","","",,"","","","","","","",,"","","","","","","",,"","","","","",25344,1,"2024-10-01_17h29.26.529","experiment","2023.2.3","Win32",18.01801802,"6668960872498f269966bfb2","66fbf9d935dbf9e9cfd29582","66fc2341c5b87f73ca5f0a65","",,,"",,,"",,,"",,,"",,,"",,,"",,,,,"","",,,,"",,,"","","",,,"","",,1,,,,"","","",,,,,,,4,,,,"","",,,,,"",,,"",,,"s",0.8119,,"space",0.5257,,4,"red_gnome",4,2,"dark_forest","yellow_basket","purple_gnome",4,6,"bright_forest","red_basket",2,0,0,1,"red_gnome","dark_forest","yellow_basket",236,0,1,2,5,21,3,1,"",,,"",,,"",,,"",,,"",,,"",,,,,,,"",,,"","",,,,,,,,"",,,,,,,"",,,"","","",,,,,,,,"",,,,,,,
"","",,"","","","","","","",,"","","","","","","",,"","","","","","","",,"","","","","","","",,"","","","","","","",,"","","","","","","",,"","","","","","","",,"","","","","",25344,1,"2024-10-01_17h29.26.529","experiment","2023.2.3","Win32",18.01801802,"6668960872498f269966bfb2","66fbf9d935dbf9e9cfd29582","66fc2341c5b87f73ca5f0a65","",,,"",,,"",,,"",,,"",,,"",,,"",,,,,"","",,,,"",,,"","","",,,"","",,1,,,,"","","",,,,,,,4,,,,"","",,,,,"",,,"",,,"s",0.5547,,"space",0.7588,,4,"purple_gnome",4,6,"bright_forest","red_basket","red_gnome",4,3,"dark_forest","yellow_basket",6,0,0,1,"purple_gnome","bright_forest","red_basket",242,3,0,2,6,22,3,1,"",,,"",,,"",,,"",,,"",,,"",,,,,,,"",,,"","",,,,,,,,"",,,,,,,"",,,"","","",,,,,,,,"",,,,,,,
"","",,"","","","","","","",,"","","","","","","",,"","","","","","","",,"","","","","","","",,"","","","","","","",,"","","","","","","",,"","","","","","","",,"","","","","",25344,1,"2024-10-01_17h29.26.529","experiment","2023.2.3","Win32",18.01801802,"6668960872498f269966bfb2","66fbf9d935dbf9e9cfd29582","66fc2341c5b87f73ca5f0a65","",,,"",,,"",,,"",,,"",,,"",,,"",,,,,"","",,,,"",,,"","","",,,"","",,1,,,,"","","",,,,,,,1,,,,"","",,,,,"",,,"",,,"s",0.8786,,"space",0.555,,1,"yellow_gnome",1,9,"bright_forest","red_basket","orange_gnome",1,3,"dark_forest","yellow_basket",9,0,0,1,"yellow_gnome","bright_forest","red_basket",251,-4,-2,2,7,23,0,1,"",,,"",,,"",,,"",,,"",,,"",,,,,,,"",,,"","",,,,,,,,"",,,,,,,"",,,"","","",,,,,,,,"",,,,,,,
"","",,"","","","","","","",,"","","","","","","",,"","","","","","","",,"","","","","","","",,"","","","","","","",,"","","","","","","",,"","","","","","","",,"","","","","",25344,1,"2024-10-01_17h29.26.529","experiment","2023.2.3","Win32",18.01801802,"6668960872498f269966bfb2","66fbf9d935dbf9e9cfd29582","66fc2341c5b87f73ca5f0a65","",,,"",,,"",,,"",,,"",,,"",,,"",,,,,"","",,,,"",,,"","","",,,"","",,1,,,,"","","",,,,,,,3,,,,"","",,,,,"",,,"",,,"s",0.8949,,"space",0.454,,3,"green_gnome",3,5,"bright_forest","red_basket","pink_gnome",3,1,"dark_forest","yellow_basket",5,0,0,1,"green_gnome","bright_forest","red_basket",256,3,-6,3,0,24,2,1,"",,,"",,,"",,,"",,,"",,,"",,,,,,,"",,,"","",,,,,,,,"",,,,,,,"",,,"","","",,,,,,,,"",,,,,,,
"","",,"","","","","","","",,"","","","","","","",,"","","","","","","",,"","","","","","","",,"","","","","","","",,"","","","","","","",,"","","","","","","",,"","","","","",25344,1,"2024-10-01_17h29.26.529","experiment","2023.2.3","Win32",18.01801802,"6668960872498f269966bfb2","66fbf9d935dbf9e9cfd29582","66fc2341c5b87f73ca5f0a65","",,,"",,,"",,,"",,,"",,,"",,,"",,,,,"","",,,,"",,,"","","",,,"","",,5,,,,"","","",,,,,,,3,,,,"","",,,,,"",,,"",,,"s",0.7885,,"space",0.9786,,3,"green_gnome",3,8,"bright_forest","red_basket","pink_gnome",3,5,"dark_forest","yellow_basket",40,0,0,1,"green_gnome","bright_forest","red_basket",296,-2,-3,3,1,25,6,1,"",,,"",,,"",,,"",,,"",,,"",,,,,,,"",,,"","",,,,,,,,"",,,,,,,"",,,"","","",,,,,,,,"",,,,,,,
"","",,"","","","","","","",,"","","","","","","",,"","","","","","","",,"","","","","","","",,"","","","","","","",,"","","","","","","",,"","","","","","","",,"","","","","",25344,1,"2024-10-01_17h29.26.529","experiment","2023.2.3","Win32",18.01801802,"6668960872498f269966bfb2","66fbf9d935dbf9e9cfd29582","66fc2341c5b87f73ca5f0a65","",,,"",,,"",,,"",,,"",,,"",,,"",,,,,"","",,,,"",,,"","","",,,"","",,5,,,,"","","",,,,,,,1,,,,"","",,,,,"",,,"",,,"s",0.6931,,"space",0.4307,,1,"orange_gnome",1,2,"dark_forest","yellow_basket","yellow_gnome",1,6,"bright_forest","red_basket",10,0,0,1,"orange_gnome","dark_forest","yellow_basket",306,-1,1,3,2,26,4,1,"",,,"",,,"",,,"",,,"",,,"",,,,,,,"",,,"","",,,,,,,,"",,,,,,,"",,,"","","",,,,,,,,"",,,,,,,
"","",,"","","","","","","",,"","","","","","","",,"","","","","","","",,"","","","","","","",,"","","","","","","",,"","","","","","","",,"","","","","","","",,"","","","","",25344,1,"2024-10-01_17h29.26.529","experiment","2023.2.3","Win32",18.01801802,"6668960872498f269966bfb2","66fbf9d935dbf9e9cfd29582","66fc2341c5b87f73ca5f0a65","",,,"",,,"",,,"",,,"",,,"",,,"",,,,,"","",,,,"",,,"","","",,,"","",,1,,,,"","","",,,,,,,1,,,,"","",,,,,"",,,"",,,"k",0.8214,,"space",0.7363,,1,"yellow_gnome",1,5,"bright_forest","red_basket","orange_gnome",1,3,"dark_forest","yellow_basket",3,0,0,1,"orange_gnome","dark_forest","yellow_basket",309,-2,-1,3,3,27,0,1,"",,,"",,,"",,,"",,,"",,,"",,,,,,,"",,,"","",,,,,,,,"",,,,,,,"",,,"","","",,,,,,,,"",,,,,,,
"","",,"","","","","","","",,"","","","","","","",,"","","","","","","",,"","","","","","","",,"","","","","","","",,"","","","","","","",,"","","","","","","",,"","","","","",25344,1,"2024-10-01_17h29.26.529","experiment","2023.2.3","Win32",18.01801802,"6668960872498f269966bfb2","66fbf9d935dbf9e9cfd29582","66fc2341c5b87f73ca5f0a65","",,,"",,,"",,,"",,,"",,,"",,,"",,,,,"","",,,,"",,,"","","",,,"","",,5,,,,"","","",,,,,,,4,,,,"","",,,,,"",,,"",,,"s",0.7987,,"space",0.4311,,4,"red_gnome",4,2,"dark_forest","yellow_basket","purple_gnome",4,3,"bright_forest","red_basket",10,0,0,1,"red_gnome","dark_forest","yellow_basket",319,2,-2,3,4,28,7,1,"",,,"",,,"",,,"",,,"",,,"",,,,,,,"",,,"","",,,,,,,,"",,,,,,,"",,,"","","",,,,,,,,"",,,,,,,
"","",,"","","","","","","",,"","","","","","","",,"","","","","","","",,"","","","","","","",,"","","","","","","",,"","","","","","","",,"","","","","","","",,"","","","","",25344,1,"2024-10-01_17h29.26.529","experiment","2023.2.3","Win32",18.01801802,"6668960872498f269966bfb2","66fbf9d935dbf9e9cfd29582","66fc2341c5b87f73ca5f0a65","",,,"",,,"",,,"",,,"",,,"",,,"",,,,,"","",,,,"",,,"","","",,,"","",,5,,,,"","","",,,,,,,2,,,,"","",,,,,"",,,"",,,"s",0.8165,,"space",0.4402,,2,"blue_gnome",2,0,"dark_forest","yellow_basket","brown_gnome",2,5,"bright_forest","red_basket",0,0,0,1,"blue_gnome","dark_forest","yellow_basket",319,0,4,3,5,29,5,1,"",,,"",,,"",,,"",,,"",,,"",,,,,,,"",,,"","",,,,,,,,"",,,,,,,"",,,"","","",,,,,,,,"",,,,,,,
"","",,"","","","","","","",,"","","","","","","",,"","","","","","","",,"","","","","","","",,"","","","","","","",,"","","","","","","",,"","","","","","","",,"","","","","",25344,1,"2024-10-01_17h29.26.529","experiment","2023.2.3","Win32",18.01801802,"6668960872498f269966bfb2","66fbf9d935dbf9e9cfd29582","66fc2341c5b87f73ca5f0a65","",,,"",,,"",,,"",,,"",,,"",,,"",,,,,"","",,,,"",,,"","","",,,"","",,1,,,,"","","",,,,,,,1,,,,"","",,,,,"",,,"",,,"k",0.7921,,"space",0.2488,,1,"orange_gnome",1,4,"dark_forest","yellow_basket","yellow_gnome",1,5,"bright_forest","red_basket",5,0,0,1,"yellow_gnome","bright_forest","red_basket",324,-1,-2,3,6,30,0,1,"",,,"",,,"",,,"",,,"",,,"",,,,,,,"",,,"","",,,,,,,,"",,,,,,,"",,,"","","",,,,,,,,"",,,,,,,
"","",,"","","","","","","",,"","","","","","","",,"","","","","","","",,"","","","","","","",,"","","","","","","",,"","","","","","","",,"","","","","","","",,"","","","","",25344,1,"2024-10-01_17h29.26.529","experiment","2023.2.3","Win32",18.01801802,"6668960872498f269966bfb2","66fbf9d935dbf9e9cfd29582","66fc2341c5b87f73ca5f0a65","",,,"",,,"",,,"",,,"",,,"",,,"",,,,,"","",,,,"",,,"","","",,,"","",,1,,,,"","","",,,,,,,2,,,,"","",,,,,"",,,"",,,"k",0.7934,,"space",0.5268,1e-04,2,"brown_gnome",2,4,"bright_forest","red_basket","blue_gnome",2,2,"dark_forest","yellow_basket",2,0,0,1,"blue_gnome","dark_forest","yellow_basket",326,1,0,3,7,31,1,1,"",,,"",,,"",,,"",,,"",,,"",,,,,,,"",,,"","",,,,,,,,"",,,,,,,"",,,"","","",,,,,,,,"",,,,,,,
"","",,"","","","","","","",,"","","","","","","",,"","","","","","","",,"","","","","","","",,"","","","","","","",,"","","","","","","",,"","","","","","","",,"","","","","",25344,1,"2024-10-01_17h29.26.529","experiment","2023.2.3","Win32",18.01801802,"6668960872498f269966bfb2","66fbf9d935dbf9e9cfd29582","66fc2341c5b87f73ca5f0a65","",,,"",,,"",,,"",,,"",,,"",,,"",,,,,"","",,,,"",,,"","","",,,"","",,1,,,,"","","",,,,,,,1,,,,"","",,,,,"",,,"",,,"s",0.6951,,"space",0.5467,,1,"orange_gnome",1,2,"dark_forest","yellow_basket","yellow_gnome",1,5,"bright_forest","red_basket",2,0,0,1,"orange_gnome","dark_forest","yellow_basket",328,2,1,4,0,32,0,1,"",,,"",,,"",,,"",,,"",,,"",,,,,,,"",,,"","",,,,,,,,"",,,,,,,"",,,"","","",,,,,,,,"",,,,,,,
"","",,"","","","","","","",,"","","","","","","",,"","","","","","","",,"","","","","","","",,"","","","","","","",,"","","","","","","",,"","","","","","","",,"","","","","",25344,1,"2024-10-01_17h29.26.529","experiment","2023.2.3","Win32",18.01801802,"6668960872498f269966bfb2","66fbf9d935dbf9e9cfd29582","66fc2341c5b87f73ca5f0a65","",,,"",,,"",,,"",,,"",,,"",,,"",,,,,"","",,,,"",,,"","","",,,"","",,5,,,,"","","",,,,,,,3,,,,"","",,,,,"",,,"",,,"s",0.7924,,"space",0.4425,,3,"green_gnome",3,7,"bright_forest","red_basket","pink_gnome",3,3,"dark_forest","yellow_basket",35,0,0,1,"green_gnome","bright_forest","red_basket",363,2,1,4,1,33,6,1,"",,,"",,,"",,,"",,,"",,,"",,,,,,,"",,,"","",,,,,,,,"",,,,,,,"",,,"","","",,,,,,,,"",,,,,,,
"","",,"","","","","","","",,"","","","","","","",,"","","","","","","",,"","","","","","","",,"","","","","","","",,"","","","","","","",,"","","","","","","",,"","","","","",25344,1,"2024-10-01_17h29.26.529","experiment","2023.2.3","Win32",18.01801802,"6668960872498f269966bfb2","66fbf9d935dbf9e9cfd29582","66fc2341c5b87f73ca5f0a65","",,,"",,,"",,,"",,,"",,,"",,,"",,,,,"","",,,,"",,,"","","",,,"","",,1,,,,"","","",,,,,,,4,,,,"","",,,,,"",,,"",,,"s",0.6808,,"space",0.7398,,4,"red_gnome",4,4,"dark_forest","yellow_basket","purple_gnome",4,9,"bright_forest","red_basket",4,0,0,1,"red_gnome","dark_forest","yellow_basket",367,4,5,4,2,34,3,1,"",,,"",,,"",,,"",,,"",,,"",,,,,,,"",,,"","",,,,,,,,"",,,,,,,"",,,"","","",,,,,,,,"",,,,,,,
"","",,"","","","","","","",,"","","","","","","",,"","","","","","","",,"","","","","","","",,"","","","","","","",,"","","","","","","",,"","","","","","","",,"","","","","",25344,1,"2024-10-01_17h29.26.529","experiment","2023.2.3","Win32",18.01801802,"6668960872498f269966bfb2","66fbf9d935dbf9e9cfd29582","66fc2341c5b87f73ca5f0a65","",,,"",,,"",,,"",,,"",,,"",,,"",,,,,"","",,,,"",,,"","","",,,"","",,5,,,,"","","",,,,,,,3,,,,"","",,,,,"",,,"",,,"s",0.6917,,"space",0.8811,,3,"green_gnome",3,5,"bright_forest","red_basket","pink_gnome",3,9,"dark_forest","yellow_basket",25,0,0,1,"green_gnome","bright_forest","red_basket",392,1,0,4,3,35,6,1,"",,,"",,,"",,,"",,,"",,,"",,,,,,,"",,,"","",,,,,,,,"",,,,,,,"",,,"","","",,,,,,,,"",,,,,,,
"","",,"","","","","","","",,"","","","","","","",,"","","","","","","",,"","","","","","","",,"","","","","","","",,"","","","","","","",,"","","","","","","",,"","","","","",25344,1,"2024-10-01_17h29.26.529","experiment","2023.2.3","Win32",18.01801802,"6668960872498f269966bfb2","66fbf9d935dbf9e9cfd29582","66fc2341c5b87f73ca5f0a65","",,,"",,,"",,,"",,,"",,,"",,,"",,,,,"","",,,,"",,,"","","",,,"","",,5,,,,"","","",,,,,,,3,,,,"","",,,,,"",,,"",,,"s",0.6742,,"space",0.3168,,3,"pink_gnome",3,9,"dark_forest","yellow_basket","green_gnome",3,6,"bright_forest","red_basket",45,0,0,1,"pink_gnome","dark_forest","yellow_basket",437,-3,1,4,4,36,6,1,"",,,"",,,"",,,"",,,"",,,"",,,,,,,"",,,"","",,,,,,,,"",,,,,,,"",,,"","","",,,,,,,,"",,,,,,,
"","",,"","","","","","","",,"","","","","","","",,"","","","","","","",,"","","","","","","",,"","","","","","","",,"","","","","","","",,"","","","","","","",,"","","","","",25344,1,"2024-10-01_17h29.26.529","experiment","2023.2.3","Win32",18.01801802,"6668960872498f269966bfb2","66fbf9d935dbf9e9cfd29582","66fc2341c5b87f73ca5f0a65","",,,"",,,"",,,"",,,"",,,"",,,"",,,,,"","",,,,"",,,"","","",,,"","",,5,,,,"","","",,,,,,,3,,,,"","",,,,,"",,,"",,,"s",0.6511,,"space",0.4442,,3,"green_gnome",3,3,"bright_forest","red_basket","pink_gnome",3,8,"dark_forest","yellow_basket",15,0,0,1,"green_gnome","bright_forest","red_basket",452,-1,0,4,5,37,6,1,"",,,"",,,"",,,"",,,"",,,"",,,,,,,"",,,"","",,,,,,,,"",,,,,,,"",,,"","","",,,,,,,,"",,,,,,,
"","",,"","","","","","","",,"","","","","","","",,"","","","","","","",,"","","","","","","",,"","","","","","","",,"","","","","","","",,"","","","","","","",,"","","","","",25344,1,"2024-10-01_17h29.26.529","experiment","2023.2.3","Win32",18.01801802,"6668960872498f269966bfb2","66fbf9d935dbf9e9cfd29582","66fc2341c5b87f73ca5f0a65","",,,"",,,"",,,"",,,"",,,"",,,"",,,,,"","",,,,"",,,"","","",,,"","",,5,,,,"","","",,,,,,,2,,,,"","",,,,,"",,,"",,,"s",0.6816,,"space",0.1167,,2,"blue_gnome",2,8,"dark_forest","yellow_basket","brown_gnome",2,2,"bright_forest","red_basket",40,0,0,1,"blue_gnome","dark_forest","yellow_basket",492,-2,1,4,6,38,5,1,"",,,"",,,"",,,"",,,"",,,"",,,,,,,"",,,"","",,,,,,,,"",,,,,,,"",,,"","","",,,,,,,,"",,,,,,,
"","",,"","","","","","","",,"","","","","","","",,"","","","","","","",,"","","","","","","",,"","","","","","","",,"","","","","","","",,"","","","","","","",,"","","","","",25344,1,"2024-10-01_17h29.26.529","experiment","2023.2.3","Win32",18.01801802,"6668960872498f269966bfb2","66fbf9d935dbf9e9cfd29582","66fc2341c5b87f73ca5f0a65","",,,"",,,"",,,"",,,"",,,"",,,"",,,,,"","",,,,"",,,"","","",,,"","",,5,,,,"","","",,,,,,,3,,,,"","",,,,,"",,,"",,,"s",0.5758,,"space",0.4443,,3,"pink_gnome",3,9,"dark_forest","yellow_basket","green_gnome",3,0,"bright_forest","red_basket",45,0,0,1,"pink_gnome","dark_forest","yellow_basket",537,-3,1,4,7,39,6,1,"",,,"",,,"",,,"",,,"",,,"",,,,,,,"",,,"","",,,,,,,,"",,,,,,,"",,,"","","",,,,,,,,"",,,,,,,
"","",,"","","","","","","",,"","","","","","","",,"","","","","","","",,"","","","","","","",,"","","","","","","",,"","","","","","","",,"","","","","","","",,"","","","","",25344,1,"2024-10-01_17h29.26.529","experiment","2023.2.3","Win32",18.01801802,"6668960872498f269966bfb2","66fbf9d935dbf9e9cfd29582","66fc2341c5b87f73ca5f0a65","",,,"",,,"",,,"",,,"",,,"",,,"",,,,,"","",,,,"",,,"","","",,,"","",,5,,,,"","","",,,,,,,3,,,,"","",,,,,"",,,"",,,"k",0.894,,"space",1.1808,,3,"pink_gnome",3,8,"dark_forest","yellow_basket","green_gnome",3,3,"bright_forest","red_basket",15,0,0,1,"green_gnome","bright_forest","red_basket",552,-2,-2,5,0,40,6,1,"",,,"",,,"",,,"",,,"",,,"",,,,,,,"",,,"","",,,,,,,,"",,,,,,,"",,,"","","",,,,,,,,"",,,,,,,
"","",,"","","","","","","",,"","","","","","","",,"","","","","","","",,"","","","","","","",,"","","","","","","",,"","","","","","","",,"","","","","","","",,"","","","","",25344,1,"2024-10-01_17h29.26.529","experiment","2023.2.3","Win32",18.01801802,"6668960872498f269966bfb2","66fbf9d935dbf9e9cfd29582","66fc2341c5b87f73ca5f0a65","",,,"",,,"",,,"",,,"",,,"",,,"",,,,,"","",,,,"",,,"","","",,,"","",,1,,,,"","","",,,,,,,3,,,,"","",,,,,"",,,"",,,"s",0.6651,,"space",0.4474,,3,"green_gnome",3,1,"bright_forest","red_basket","pink_gnome",3,6,"dark_forest","yellow_basket",1,0,0,1,"green_gnome","bright_forest","red_basket",553,1,0,5,1,41,2,1,"",,,"",,,"",,,"",,,"",,,"",,,,,,,"",,,"","",,,,,,,,"",,,,,,,"",,,"","","",,,,,,,,"",,,,,,,
"","",,"","","","","","","",,"","","","","","","",,"","","","","","","",,"","","","","","","",,"","","","","","","",,"","","","","","","",,"","","","","","","",,"","","","","",25344,1,"2024-10-01_17h29.26.529","experiment","2023.2.3","Win32",18.01801802,"6668960872498f269966bfb2","66fbf9d935dbf9e9cfd29582","66fc2341c5b87f73ca5f0a65","",,,"",,,"",,,"",,,"",,,"",,,"",,,,,"","",,,,"",,,"","","",,,"","",,1,,,,"","","",,,,,,,4,,,,"","",,,,,"",,,"",,,"s",0.6787,,"space",0.8304,,4,"red_gnome",4,6,"dark_forest","yellow_basket","purple_gnome",4,2,"bright_forest","red_basket",6,0,0,1,"red_gnome","dark_forest","yellow_basket",559,1,-1,5,2,42,3,1,"",,,"",,,"",,,"",,,"",,,"",,,,,,,"",,,"","",,,,,,,,"",,,,,,,"",,,"","","",,,,,,,,"",,,,,,,
"","",,"","","","","","","",,"","","","","","","",,"","","","","","","",,"","","","","","","",,"","","","","","","",,"","","","","","","",,"","","","","","","",,"","","","","",25344,1,"2024-10-01_17h29.26.529","experiment","2023.2.3","Win32",18.01801802,"6668960872498f269966bfb2","66fbf9d935dbf9e9cfd29582","66fc2341c5b87f73ca5f0a65","",,,"",,,"",,,"",,,"",,,"",,,"",,,,,"","",,,,"",,,"","","",,,"","",,5,,,,"","","",,,,,,,4,,,,"","",,,,,"",,,"",,,"s",0.6792,,"space",0.5279,,4,"red_gnome",4,5,"dark_forest","yellow_basket","purple_gnome",4,3,"bright_forest","red_basket",25,0,0,1,"red_gnome","dark_forest","yellow_basket",584,5,-1,5,3,43,7,1,"",,,"",,,"",,,"",,,"",,,"",,,,,,,"",,,"","",,,,,,,,"",,,,,,,"",,,"","","",,,,,,,,"",,,,,,,
"","",,"","","","","","","",,"","","","","","","",,"","","","","","","",,"","","","","","","",,"","","","","","","",,"","","","","","","",,"","","","","","","",,"","","","","",25344,1,"2024-10-01_17h29.26.529","experiment","2023.2.3","Win32",18.01801802,"6668960872498f269966bfb2","66fbf9d935dbf9e9cfd29582","66fc2341c5b87f73ca5f0a65","",,,"",,,"",,,"",,,"",,,"",,,"",,,,,"","",,,,"",,,"","","",,,"","",,5,,,,"","","",,,,,,,4,,,,"","",,,,,"",,,"",,,"s",0.5879,,"space",0.7412,,4,"red_gnome",4,4,"dark_forest","yellow_basket","purple_gnome",4,8,"bright_forest","red_basket",20,0,0,1,"red_gnome","dark_forest","yellow_basket",604,0,-2,5,4,44,7,1,"",,,"",,,"",,,"",,,"",,,"",,,,,,,"",,,"","",,,,,,,,"",,,,,,,"",,,"","","",,,,,,,,"",,,,,,,
"","",,"","","","","","","",,"","","","","","","",,"","","","","","","",,"","","","","","","",,"","","","","","","",,"","","","","","","",,"","","","","","","",,"","","","","",25344,1,"2024-10-01_17h29.26.529","experiment","2023.2.3","Win32",18.01801802,"6668960872498f269966bfb2","66fbf9d935dbf9e9cfd29582","66fc2341c5b87f73ca5f0a65","",,,"",,,"",,,"",,,"",,,"",,,"",,,,,"","",,,,"",,,"","","",,,"","",,1,,,,"","","",,,,,,,4,,,,"","",,,,,"",,,"",,,"s",1.0208,,"space",0.9848,,4,"purple_gnome",4,8,"bright_forest","red_basket","red_gnome",4,2,"dark_forest","yellow_basket",8,0,0,1,"purple_gnome","bright_forest","red_basket",612,1,0,5,5,45,3,1,"",,,"",,,"",,,"",,,"",,,"",,,,,,,"",,,"","",,,,,,,,"",,,,,,,"",,,"","","",,,,,,,,"",,,,,,,
"","",,"","","","","","","",,"","","","","","","",,"","","","","","","",,"","","","","","","",,"","","","","","","",,"","","","","","","",,"","","","","","","",,"","","","","",25344,1,"2024-10-01_17h29.26.529","experiment","2023.2.3","Win32",18.01801802,"6668960872498f269966bfb2","66fbf9d935dbf9e9cfd29582","66fc2341c5b87f73ca5f0a65","",,,"",,,"",,,"",,,"",,,"",,,"",,,,,"","",,,,"",,,"","","",,,"","",,1,,,,"","","",,,,,,,3,,,,"","",,,,,"",,,"",,,"k",0.8862,,"space",0.4527,,3,"pink_gnome",3,2,"dark_forest","yellow_basket","green_gnome",3,9,"bright_forest","red_basket",9,0,0,1,"green_gnome","bright_forest","red_basket",621,0,0,5,6,46,2,1,"",,,"",,,"",,,"",,,"",,,"",,,,,,,"",,,"","",,,,,,,,"",,,,,,,"",,,"","","",,,,,,,,"",,,,,,,
"","",,"","","","","","","",,"","","","","","","",,"","","","","","","",,"","","","","","","",,"","","","","","","",,"","","","","","","",,"","","","","","","",,"","","","","",25344,1,"2024-10-01_17h29.26.529","experiment","2023.2.3","Win32",18.01801802,"6668960872498f269966bfb2","66fbf9d935dbf9e9cfd29582","66fc2341c5b87f73ca5f0a65","",,,"",,,"",,,"",,,"",,,"",,,"",,,,,"","",,,,"",,,"","","",,,"","",,5,,,,"","","",,,,,,,1,,,,"","",,,,,"",,,"",,,"s",0.7908,,"space",0.3445,,1,"orange_gnome",1,2,"dark_forest","yellow_basket","yellow_gnome",1,9,"bright_forest","red_basket",10,0,0,1,"orange_gnome","dark_forest","yellow_basket",631,0,-1,5,7,47,4,1,"",,,"",,,"",,,"",,,"",,,"",,,,,,,"",,,"","",,,,,,,,"",,,,,,,"",,,"","","",,,,,,,,"",,,,,,,
"","",,"","","","","","","",,"","","","","","","",,"","","","","","","",,"","","","","","","",,"","","","","","","",,"","","","","","","",,"","","","","","","",,"","","","","",25344,1,"2024-10-01_17h29.26.529","experiment","2023.2.3","Win32",18.01801802,"6668960872498f269966bfb2","66fbf9d935dbf9e9cfd29582","66fc2341c5b87f73ca5f0a65","",,,"",,,"",,,"",,,"",,,"",,,"",,,,,"","",,,,"",,,"","","",,,"","",,5,,,,"","","",,,,,,,1,,,,"","",,,,,"",,,"",,,"s",0.6626,,"space",0.5326,,1,"orange_gnome",1,1,"dark_forest","yellow_basket","yellow_gnome",1,9,"bright_forest","red_basket",5,0,0,1,"orange_gnome","dark_forest","yellow_basket",636,-1,1,6,0,48,4,1,"",,,"",,,"",,,"",,,"",,,"",,,,,,,"",,,"","",,,,,,,,"",,,,,,,"",,,"","","",,,,,,,,"",,,,,,,
"","",,"","","","","","","",,"","","","","","","",,"","","","","","","",,"","","","","","","",,"","","","","","","",,"","","","","","","",,"","","","","","","",,"","","","","",25344,1,"2024-10-01_17h29.26.529","experiment","2023.2.3","Win32",18.01801802,"6668960872498f269966bfb2","66fbf9d935dbf9e9cfd29582","66fc2341c5b87f73ca5f0a65","",,,"",,,"",,,"",,,"",,,"",,,"",,,,,"","",,,,"",,,"","","",,,"","",,5,,,,"","","",,,,,,,4,,,,"","",,,,,"",,,"",,,"k",1.2327,,"space",0.7284,,4,"purple_gnome",4,8,"bright_forest","red_basket","red_gnome",4,2,"dark_forest","yellow_basket",10,0,0,1,"red_gnome","dark_forest","yellow_basket",646,-1,2,6,1,49,7,1,"",,,"",,,"",,,"",,,"",,,"",,,,,,,"",,,"","",,,,,,,,"",,,,,,,"",,,"","","",,,,,,,,"",,,,,,,
"","",,"","","","","","","",,"","","","","","","",,"","","","","","","",,"","","","","","","",,"","","","","","","",,"","","","","","","",,"","","","","","","",,"","","","","",25344,1,"2024-10-01_17h29.26.529","experiment","2023.2.3","Win32",18.01801802,"6668960872498f269966bfb2","66fbf9d935dbf9e9cfd29582","66fc2341c5b87f73ca5f0a65","",,,"",,,"",,,"",,,"",,,"",,,"",,,,,"","",,,,"",,,"","","",,,"","",,1,,,,"","","",,,,,,,4,,,,"","",,,,,"",,,"",,,"s",0.6955,,"space",0.6321,,4,"red_gnome",4,4,"dark_forest","yellow_basket","purple_gnome",4,7,"bright_forest","red_basket",4,0,0,1,"red_gnome","dark_forest","yellow_basket",650,-1,-3,6,2,50,3,1,"",,,"",,,"",,,"",,,"",,,"",,,,,,,"",,,"","",,,,,,,,"",,,,,,,"",,,"","","",,,,,,,,"",,,,,,,
"","",,"","","","","","","",,"","","","","","","",,"","","","","","","",,"","","","","","","",,"","","","","","","",,"","","","","","","",,"","","","","","","",,"","","","","",25344,1,"2024-10-01_17h29.26.529","experiment","2023.2.3","Win32",18.01801802,"6668960872498f269966bfb2","66fbf9d935dbf9e9cfd29582","66fc2341c5b87f73ca5f0a65","",,,"",,,"",,,"",,,"",,,"",,,"",,,,,"","",,,,"",,,"","","",,,"","",,5,,,,"","","",,,,,,,4,,,,"","",,,,,"",,,"",,,"k",0.6839,,"space",0.8567,,4,"purple_gnome",4,6,"bright_forest","red_basket","red_gnome",4,1,"dark_forest","yellow_basket",5,0,0,1,"red_gnome","dark_forest","yellow_basket",655,-1,1,6,3,51,7,1,"",,,"",,,"",,,"",,,"",,,"",,,,,,,"",,,"","",,,,,,,,"",,,,,,,"",,,"","","",,,,,,,,"",,,,,,,
"","",,"","","","","","","",,"","","","","","","",,"","","","","","","",,"","","","","","","",,"","","","","","","",,"","","","","","","",,"","","","","","","",,"","","","","",25344,1,"2024-10-01_17h29.26.529","experiment","2023.2.3","Win32",18.01801802,"6668960872498f269966bfb2","66fbf9d935dbf9e9cfd29582","66fc2341c5b87f73ca5f0a65","",,,"",,,"",,,"",,,"",,,"",,,"",,,,,"","",,,,"",,,"","","",,,"","",,5,,,,"","","",,,,,,,1,,,,"","",,,,,"",,,"",,,"s",0.7795,,"space",1.1922,,1,"yellow_gnome",1,5,"bright_forest","red_basket","orange_gnome",1,2,"dark_forest","yellow_basket",25,0,0,1,"yellow_gnome","bright_forest","red_basket",680,-2,3,6,4,52,4,1,"",,,"",,,"",,,"",,,"",,,"",,,,,,,"",,,"","",,,,,,,,"",,,,,,,"",,,"","","",,,,,,,,"",,,,,,,
"","",,"","","","","","","",,"","","","","","","",,"","","","","","","",,"","","","","","","",,"","","","","","","",,"","","","","","","",,"","","","","","","",,"","","","","",25344,1,"2024-10-01_17h29.26.529","experiment","2023.2.3","Win32",18.01801802,"6668960872498f269966bfb2","66fbf9d935dbf9e9cfd29582","66fc2341c5b87f73ca5f0a65","",,,"",,,"",,,"",,,"",,,"",,,"",,,,,"","",,,,"",,,"","","",,,"","",,1,,,,"","","",,,,,,,2,,,,"","",,,,,"",,,"",,,"s",0.795,,"space",1.2571,,2,"blue_gnome",2,5,"dark_forest","yellow_basket","brown_gnome",2,3,"bright_forest","red_basket",5,0,0,1,"blue_gnome","dark_forest","yellow_basket",685,3,-2,6,5,53,1,1,"",,,"",,,"",,,"",,,"",,,"",,,,,,,"",,,"","",,,,,,,,"",,,,,,,"",,,"","","",,,,,,,,"",,,,,,,
"","",,"","","","","","","",,"","","","","","","",,"","","","","","","",,"","","","","","","",,"","","","","","","",,"","","","","","","",,"","","","","","","",,"","","","","",25344,1,"2024-10-01_17h29.26.529","experiment","2023.2.3","Win32",18.01801802,"6668960872498f269966bfb2","66fbf9d935dbf9e9cfd29582","66fc2341c5b87f73ca5f0a65","",,,"",,,"",,,"",,,"",,,"",,,"",,,,,"","",,,,"",,,"","","",,,"","",,5,,,,"","","",,,,,,,3,,,,"","",,,,,"",,,"",,,"s",0.6825,,"space",0.6964,,3,"green_gnome",3,6,"bright_forest","red_basket","pink_gnome",3,3,"dark_forest","yellow_basket",30,0,0,1,"green_gnome","bright_forest","red_basket",715,-3,1,6,6,54,6,1,"",,,"",,,"",,,"",,,"",,,"",,,,,,,"",,,"","",,,,,,,,"",,,,,,,"",,,"","","",,,,,,,,"",,,,,,,
"","",,"","","","","","","",,"","","","","","","",,"","","","","","","",,"","","","","","","",,"","","","","","","",,"","","","","","","",,"","","","","","","",,"","","","","",25344,1,"2024-10-01_17h29.26.529","experiment","2023.2.3","Win32",18.01801802,"6668960872498f269966bfb2","66fbf9d935dbf9e9cfd29582","66fc2341c5b87f73ca5f0a65","",,,"",,,"",,,"",,,"",,,"",,,"",,,,,"","",,,,"",,,"","","",,,"","",,5,,,,"","","",,,,,,,4,,,,"","",,,,,"",,,"",,,"s",0.5738,,"space",0.6587,,4,"purple_gnome",4,3,"bright_forest","red_basket","red_gnome",4,4,"dark_forest","yellow_basket",15,0,0,1,"purple_gnome","bright_forest","red_basket",730,1,3,6,7,55,7,1,"",,,"",,,"",,,"",,,"",,,"",,,,,,,"",,,"","",,,,,,,,"",,,,,,,"",,,"","","",,,,,,,,"",,,,,,,
"","",,"","","","","","","",,"","","","","","","",,"","","","","","","",,"","","","","","","",,"","","","","","","",,"","","","","","","",,"","","","","","","",,"","","","","",25344,1,"2024-10-01_17h29.26.529","experiment","2023.2.3","Win32",18.01801802,"6668960872498f269966bfb2","66fbf9d935dbf9e9cfd29582","66fc2341c5b87f73ca5f0a65","",,,"",,,"",,,"",,,"",,,"",,,"",,,,,"","",,,,"",,,"","","",,,"","",,1,,,,"","","",,,,,,,2,,,,"","",,,,,"",,,"",,,"s",0.6588,,"space",0.555,,2,"brown_gnome",2,4,"bright_forest","red_basket","blue_gnome",2,7,"dark_forest","yellow_basket",4,0,0,1,"brown_gnome","bright_forest","red_basket",734,0,-1,7,0,56,1,1,"",,,"",,,"",,,"",,,"",,,"",,,,,,,"",,,"","",,,,,,,,"",,,,,,,"",,,"","","",,,,,,,,"",,,,,,,
"","",,"","","","","","","",,"","","","","","","",,"","","","","","","",,"","","","","","","",,"","","","","","","",,"","","","","","","",,"","","","","","","",,"","","","","",25344,1,"2024-10-01_17h29.26.529","experiment","2023.2.3","Win32",18.01801802,"6668960872498f269966bfb2","66fbf9d935dbf9e9cfd29582","66fc2341c5b87f73ca5f0a65","",,,"",,,"",,,"",,,"",,,"",,,"",,,,,"","",,,,"",,,"","","",,,"","",,5,,,,"","","",,,,,,,3,,,,"","",,,,,"",,,"",,,"k",0.9994,,"space",0.4456,,3,"pink_gnome",3,6,"dark_forest","yellow_basket","green_gnome",3,4,"bright_forest","red_basket",20,0,0,1,"green_gnome","bright_forest","red_basket",754,2,-2,7,1,57,6,1,"",,,"",,,"",,,"",,,"",,,"",,,,,,,"",,,"","",,,,,,,,"",,,,,,,"",,,"","","",,,,,,,,"",,,,,,,
"","",,"","","","","","","",,"","","","","","","",,"","","","","","","",,"","","","","","","",,"","","","","","","",,"","","","","","","",,"","","","","","","",,"","","","","",25344,1,"2024-10-01_17h29.26.529","experiment","2023.2.3","Win32",18.01801802,"6668960872498f269966bfb2","66fbf9d935dbf9e9cfd29582","66fc2341c5b87f73ca5f0a65","",,,"",,,"",,,"",,,"",,,"",,,"",,,,,"","",,,,"",,,"","","",,,"","",,5,,,,"","","",,,,,,,2,,,,"","",,,,,"",,,"",,,"k",0.6983,,"",,,2,"brown_gnome",2,6,"bright_forest","red_basket","blue_gnome",2,4,"dark_forest","yellow_basket",0,0,1,0,"blue_gnome","dark_forest","yellow_basket",754,0,1,7,2,58,5,1,"",,,"",,,"",,,"",,,"",,,"",,,,,,,"",,,"","",,,,,,,,"",,,,,,,"",,,"","","",,,,,,,,"",,,,,,,
"","",,"","","","","","","",,"","","","","","","",,"","","","","","","",,"","","","","","","",,"","","","","","","",,"","","","","","","",,"","","","","","","",,"","","","","",25344,1,"2024-10-01_17h29.26.529","experiment","2023.2.3","Win32",18.01801802,"6668960872498f269966bfb2","66fbf9d935dbf9e9cfd29582","66fc2341c5b87f73ca5f0a65","",,,"",,,"",,,"",,,"",,,"",,,"",,,,,"","",,,,"",,,"","","",,,"","",,5,,,,"","","",,,,,,,3,,,,"","",,,,,"",,,"",,,"s",0.7636,,"space",0.7405,,3,"pink_gnome",3,5,"dark_forest","yellow_basket","green_gnome",3,6,"bright_forest","red_basket",25,0,0,1,"pink_gnome","dark_forest","yellow_basket",779,0,2,7,3,59,6,1,"",,,"",,,"",,,"",,,"",,,"",,,,,,,"",,,"","",,,,,,,,"",,,,,,,"",,,"","","",,,,,,,,"",,,,,,,
"","",,"","","","","","","",,"","","","","","","",,"","","","","","","",,"","","","","","","",,"","","","","","","",,"","","","","","","",,"","","","","","","",,"","","","","",25344,1,"2024-10-01_17h29.26.529","experiment","2023.2.3","Win32",18.01801802,"6668960872498f269966bfb2","66fbf9d935dbf9e9cfd29582","66fc2341c5b87f73ca5f0a65","",,,"",,,"",,,"",,,"",,,"",,,"",,,,,"","",,,,"",,,"","","",,,"","",,5,,,,"","","",,,,,,,4,,,,"","",,,,,"",,,"",,,"k",0.786,,"space",0.2289,,4,"purple_gnome",4,6,"bright_forest","red_basket","red_gnome",4,7,"dark_forest","yellow_basket",35,0,0,1,"red_gnome","dark_forest","yellow_basket",814,2,-1,7,4,60,7,1,"",,,"",,,"",,,"",,,"",,,"",,,,,,,"",,,"","",,,,,,,,"",,,,,,,"",,,"","","",,,,,,,,"",,,,,,,
"","",,"","","","","","","",,"","","","","","","",,"","","","","","","",,"","","","","","","",,"","","","","","","",,"","","","","","","",,"","","","","","","",,"","","","","",25344,1,"2024-10-01_17h29.26.529","experiment","2023.2.3","Win32",18.01801802,"6668960872498f269966bfb2","66fbf9d935dbf9e9cfd29582","66fc2341c5b87f73ca5f0a65","",,,"",,,"",,,"",,,"",,,"",,,"",,,,,"","",,,,"",,,"","","",,,"","",,5,,,,"","","",,,,,,,1,,,,"","",,,,,"",,,"",,,"s",0.6975,,"space",0.5513,,1,"orange_gnome",1,6,"dark_forest","yellow_basket","yellow_gnome",1,8,"bright_forest","red_basket",30,0,0,1,"orange_gnome","dark_forest","yellow_basket",844,-1,2,7,5,61,4,1,"",,,"",,,"",,,"",,,"",,,"",,,,,,,"",,,"","",,,,,,,,"",,,,,,,"",,,"","","",,,,,,,,"",,,,,,,
"","",,"","","","","","","",,"","","","","","","",,"","","","","","","",,"","","","","","","",,"","","","","","","",,"","","","","","","",,"","","","","","","",,"","","","","",25344,1,"2024-10-01_17h29.26.529","experiment","2023.2.3","Win32",18.01801802,"6668960872498f269966bfb2","66fbf9d935dbf9e9cfd29582","66fc2341c5b87f73ca5f0a65","",,,"",,,"",,,"",,,"",,,"",,,"",,,,,"","",,,,"",,,"","","",,,"","",,5,,,,"","","",,,,,,,4,,,,"","",,,,,"",,,"",,,"s",0.5637,,"space",0.4466,,4,"purple_gnome",4,7,"bright_forest","red_basket","red_gnome",4,8,"dark_forest","yellow_basket",35,0,0,1,"purple_gnome","bright_forest","red_basket",879,2,2,7,6,62,7,1,"",,,"",,,"",,,"",,,"",,,"",,,,,,,"",,,"","",,,,,,,,"",,,,,,,"",,,"","","",,,,,,,,"",,,,,,,
"","",,"","","","","","","",,"","","","","","","",,"","","","","","","",,"","","","","","","",,"","","","","","","",,"","","","","","","",,"","","","","","","",,"","","","","",25344,1,"2024-10-01_17h29.26.529","experiment","2023.2.3","Win32",18.01801802,"6668960872498f269966bfb2","66fbf9d935dbf9e9cfd29582","66fc2341c5b87f73ca5f0a65","",,,"",,,"",,,"",,,"",,,"",,,"",,,,,"","",,,,"",,,"","","",,,"","",,1,,,,"","","",,,,,,,1,,,,"","",,,,,"",,,"",,,"s",0.4834,,"space",0.2255,,1,"orange_gnome",1,8,"dark_forest","yellow_basket","yellow_gnome",1,9,"bright_forest","red_basket",8,0,0,1,"orange_gnome","dark_forest","yellow_basket",887,1,1,7,7,63,0,1,"space",4.6673,,"",,,"",,,"",,,"",,,"",,,,,,,"",,,"","",,,,,,,,"",,,,,,,"",,,"","","",,,,,,,,"",,,,,,,
"","",,"","","","","","","",,"","","","","","","",,"","","","","","","",,"","","","","","","",,"","","","","","","",,"","","","","","","",,"","","","","","","",,"","","","","",25344,1,"2024-10-01_17h29.26.529","experiment","2023.2.3","Win32",18.01801802,"6668960872498f269966bfb2","66fbf9d935dbf9e9cfd29582","66fc2341c5b87f73ca5f0a65","",,,"",,,"",,,"",,,"",,,"",,,"",,,,,"","",,,,"",,,"","","",,,"","",,5,,,,"","","",,,,,,,2,,,,"","",,,,,"",,,"",,,"k",1.1096,,"space",0.4117,,2,"brown_gnome",2,8,"bright_forest","red_basket","blue_gnome",2,9,"dark_forest","yellow_basket",45,0,0,1,"blue_gnome","dark_forest","yellow_basket",932,2,-1,8,0,64,5,1,"",,,"",,,"",,,"",,,"",,,"",,,,,,,"",,,"","",,,,,,,,"",,,,,,,"",,,"","","",,,,,,,,"",,,,,,,
"","",,"","","","","","","",,"","","","","","","",,"","","","","","","",,"","","","","","","",,"","","","","","","",,"","","","","","","",,"","","","","","","",,"","","","","",25344,1,"2024-10-01_17h29.26.529","experiment","2023.2.3","Win32",18.01801802,"6668960872498f269966bfb2","66fbf9d935dbf9e9cfd29582","66fc2341c5b87f73ca5f0a65","",,,"",,,"",,,"",,,"",,,"",,,"",,,,,"","",,,,"",,,"","","",,,"","",,1,,,,"","","",,,,,,,1,,,,"","",,,,,"",,,"",,,"s",0.5662,,"space",0.976,,1,"yellow_gnome",1,8,"bright_forest","red_basket","orange_gnome",1,8,"dark_forest","yellow_basket",8,0,0,1,"yellow_gnome","bright_forest","red_basket",940,-2,1,8,1,65,0,1,"",,,"",,,"",,,"",,,"",,,"",,,,,,,"",,,"","",,,,,,,,"",,,,,,,"",,,"","","",,,,,,,,"",,,,,,,
"","",,"","","","","","","",,"","","","","","","",,"","","","","","","",,"","","","","","","",,"","","","","","","",,"","","","","","","",,"","","","","","","",,"","","","","",25344,1,"2024-10-01_17h29.26.529","experiment","2023.2.3","Win32",18.01801802,"6668960872498f269966bfb2","66fbf9d935dbf9e9cfd29582","66fc2341c5b87f73ca5f0a65","",,,"",,,"",,,"",,,"",,,"",,,"",,,,,"","",,,,"",,,"","","",,,"","",,5,,,,"","","",,,,,,,4,,,,"","",,,,,"",,,"",,,"s",0.7728,,"space",0.5713,,4,"purple_gnome",4,6,"bright_forest","red_basket","red_gnome",4,9,"dark_forest","yellow_basket",30,0,0,1,"purple_gnome","bright_forest","red_basket",970,0,2,8,2,66,7,1,"",,,"",,,"",,,"",,,"",,,"",,,,,,,"",,,"","",,,,,,,,"",,,,,,,"",,,"","","",,,,,,,,"",,,,,,,
"","",,"","","","","","","",,"","","","","","","",,"","","","","","","",,"","","","","","","",,"","","","","","","",,"","","","","","","",,"","","","","","","",,"","","","","",25344,1,"2024-10-01_17h29.26.529","experiment","2023.2.3","Win32",18.01801802,"6668960872498f269966bfb2","66fbf9d935dbf9e9cfd29582","66fc2341c5b87f73ca5f0a65","",,,"",,,"",,,"",,,"",,,"",,,"",,,,,"","",,,,"",,,"","","",,,"","",,5,,,,"","","",,,,,,,2,,,,"","",,,,,"",,,"",,,"s",0.6838,,"space",0.631,,2,"blue_gnome",2,7,"dark_forest","yellow_basket","brown_gnome",2,6,"bright_forest","red_basket",35,0,0,1,"blue_gnome","dark_forest","yellow_basket",1005,-1,0,8,3,67,5,1,"",,,"",,,"",,,"",,,"",,,"",,,,,,,"",,,"","",,,,,,,,"",,,,,,,"",,,"","","",,,,,,,,"",,,,,,,
"","",,"","","","","","","",,"","","","","","","",,"","","","","","","",,"","","","","","","",,"","","","","","","",,"","","","","","","",,"","","","","","","",,"","","","","",25344,1,"2024-10-01_17h29.26.529","experiment","2023.2.3","Win32",18.01801802,"6668960872498f269966bfb2","66fbf9d935dbf9e9cfd29582","66fc2341c5b87f73ca5f0a65","",,,"",,,"",,,"",,,"",,,"",,,"",,,,,"","",,,,"",,,"","","",,,"","",,5,,,,"","","",,,,,,,2,,,,"","",,,,,"",,,"",,,"k",0.7828,,"space",0.8448,,2,"brown_gnome",2,5,"bright_forest","red_basket","blue_gnome",2,7,"dark_forest","yellow_basket",35,0,0,1,"blue_gnome","dark_forest","yellow_basket",1040,0,3,8,4,68,5,1,"",,,"",,,"",,,"",,,"",,,"",,,,,,,"",,,"","",,,,,,,,"",,,,,,,"",,,"","","",,,,,,,,"",,,,,,,
"","",,"","","","","","","",,"","","","","","","",,"","","","","","","",,"","","","","","","",,"","","","","","","",,"","","","","","","",,"","","","","","","",,"","","","","",25344,1,"2024-10-01_17h29.26.529","experiment","2023.2.3","Win32",18.01801802,"6668960872498f269966bfb2","66fbf9d935dbf9e9cfd29582","66fc2341c5b87f73ca5f0a65","",,,"",,,"",,,"",,,"",,,"",,,"",,,,,"","",,,,"",,,"","","",,,"","",,5,,,,"","","",,,,,,,3,,,,"","",,,,,"",,,"",,,"s",0.6941,,"space",0.5524,,3,"green_gnome",3,5,"bright_forest","red_basket","pink_gnome",3,8,"dark_forest","yellow_basket",25,0,0,1,"green_gnome","bright_forest","red_basket",1065,3,-1,8,5,69,6,1,"",,,"",,,"",,,"",,,"",,,"",,,,,,,"",,,"","",,,,,,,,"",,,,,,,"",,,"","","",,,,,,,,"",,,,,,,
"","",,"","","","","","","",,"","","","","","","",,"","","","","","","",,"","","","","","","",,"","","","","","","",,"","","","","","","",,"","","","","","","",,"","","","","",25344,1,"2024-10-01_17h29.26.529","experiment","2023.2.3","Win32",18.01801802,"6668960872498f269966bfb2","66fbf9d935dbf9e9cfd29582","66fc2341c5b87f73ca5f0a65","",,,"",,,"",,,"",,,"",,,"",,,"",,,,,"","",,,,"",,,"","","",,,"","",,1,,,,"","","",,,,,,,3,,,,"","",,,,,"",,,"",,,"s",0.5875,,"space",1.2884,,3,"green_gnome",3,8,"bright_forest","red_basket","pink_gnome",3,7,"dark_forest","yellow_basket",8,0,0,1,"green_gnome","bright_forest","red_basket",1073,-2,1,8,6,70,2,1,"",,,"",,,"",,,"",,,"",,,"",,,,,,,"",,,"","",,,,,,,,"",,,,,,,"",,,"","","",,,,,,,,"",,,,,,,
"","",,"","","","","","","",,"","","","","","","",,"","","","","","","",,"","","","","","","",,"","","","","","","",,"","","","","","","",,"","","","","","","",,"","","","","",25344,1,"2024-10-01_17h29.26.529","experiment","2023.2.3","Win32",18.01801802,"6668960872498f269966bfb2","66fbf9d935dbf9e9cfd29582","66fc2341c5b87f73ca5f0a65","",,,"",,,"",,,"",,,"",,,"",,,"",,,,,"","",,,,"",,,"","","",,,"","",,1,,,,"","","",,,,,,,4,,,,"","",,,,,"",,,"",,,"s",0.7866,,"space",0.1089,,4,"red_gnome",4,8,"dark_forest","yellow_basket","purple_gnome",4,6,"bright_forest","red_basket",8,0,0,1,"red_gnome","dark_forest","yellow_basket",1081,2,1,8,7,71,3,1,"",,,"",,,"",,,"",,,"",,,"",,,,,,,"",,,"","",,,,,,,,"",,,,,,,"",,,"","","",,,,,,,,"",,,,,,,
"","",,"","","","","","","",,"","","","","","","",,"","","","","","","",,"","","","","","","",,"","","","","","","",,"","","","","","","",,"","","","","","","",,"","","","","",25344,1,"2024-10-01_17h29.26.529","experiment","2023.2.3","Win32",18.01801802,"6668960872498f269966bfb2","66fbf9d935dbf9e9cfd29582","66fc2341c5b87f73ca5f0a65","",,,"",,,"",,,"",,,"",,,"",,,"",,,,,"","",,,,"",,,"","","",,,"","",,5,,,,"","","",,,,,,,2,,,,"","",,,,,"",,,"",,,"s",0.6787,,"space",0.4278,,2,"blue_gnome",2,9,"dark_forest","yellow_basket","brown_gnome",2,8,"bright_forest","red_basket",45,0,0,1,"blue_gnome","dark_forest","yellow_basket",1126,-1,0,9,0,72,5,1,"",,,"",,,"",,,"",,,"",,,"",,,,,,,"",,,"","",,,,,,,,"",,,,,,,"",,,"","","",,,,,,,,"",,,,,,,
"","",,"","","","","","","",,"","","","","","","",,"","","","","","","",,"","","","","","","",,"","","","","","","",,"","","","","","","",,"","","","","","","",,"","","","","",25344,1,"2024-10-01_17h29.26.529","experiment","2023.2.3","Win32",18.01801802,"6668960872498f269966bfb2","66fbf9d935dbf9e9cfd29582","66fc2341c5b87f73ca5f0a65","",,,"",,,"",,,"",,,"",,,"",,,"",,,,,"","",,,,"",,,"","","",,,"","",,5,,,,"","","",,,,,,,2,,,,"","",,,,,"",,,"",,,"s",1.0086,,"space",1.2662,,2,"blue_gnome",2,9,"dark_forest","yellow_basket","brown_gnome",2,7,"bright_forest","red_basket",45,0,0,1,"blue_gnome","dark_forest","yellow_basket",1171,4,-1,9,1,73,5,1,"",,,"",,,"",,,"",,,"",,,"",,,,,,,"",,,"","",,,,,,,,"",,,,,,,"",,,"","","",,,,,,,,"",,,,,,,
"","",,"","","","","","","",,"","","","","","","",,"","","","","","","",,"","","","","","","",,"","","","","","","",,"","","","","","","",,"","","","","","","",,"","","","","",25344,1,"2024-10-01_17h29.26.529","experiment","2023.2.3","Win32",18.01801802,"6668960872498f269966bfb2","66fbf9d935dbf9e9cfd29582","66fc2341c5b87f73ca5f0a65","",,,"",,,"",,,"",,,"",,,"",,,"",,,,,"","",,,,"",,,"","","",,,"","",,1,,,,"","","",,,,,,,4,,,,"","",,,,,"",,,"",,,"s",0.6751,,"space",0.2149,,4,"red_gnome",4,8,"dark_forest","yellow_basket","purple_gnome",4,7,"bright_forest","red_basket",8,0,0,1,"red_gnome","dark_forest","yellow_basket",1179,-1,-3,9,2,74,3,1,"",,,"",,,"",,,"",,,"",,,"",,,,,,,"",,,"","",,,,,,,,"",,,,,,,"",,,"","","",,,,,,,,"",,,,,,,
"","",,"","","","","","","",,"","","","","","","",,"","","","","","","",,"","","","","","","",,"","","","","","","",,"","","","","","","",,"","","","","","","",,"","","","","",25344,1,"2024-10-01_17h29.26.529","experiment","2023.2.3","Win32",18.01801802,"6668960872498f269966bfb2","66fbf9d935dbf9e9cfd29582","66fc2341c5b87f73ca5f0a65","",,,"",,,"",,,"",,,"",,,"",,,"",,,,,"","",,,,"",,,"","","",,,"","",,5,,,,"","","",,,,,,,4,,,,"","",,,,,"",,,"",,,"k",0.7843,,"space",0.2032,,4,"purple_gnome",4,6,"bright_forest","red_basket","red_gnome",4,5,"dark_forest","yellow_basket",25,0,0,1,"red_gnome","dark_forest","yellow_basket",1204,2,4,9,3,75,7,1,"",,,"",,,"",,,"",,,"",,,"",,,,,,,"",,,"","",,,,,,,,"",,,,,,,"",,,"","","",,,,,,,,"",,,,,,,
"","",,"","","","","","","",,"","","","","","","",,"","","","","","","",,"","","","","","","",,"","","","","","","",,"","","","","","","",,"","","","","","","",,"","","","","",25344,1,"2024-10-01_17h29.26.529","experiment","2023.2.3","Win32",18.01801802,"6668960872498f269966bfb2","66fbf9d935dbf9e9cfd29582","66fc2341c5b87f73ca5f0a65","",,,"",,,"",,,"",,,"",,,"",,,"",,,,,"","",,,,"",,,"","","",,,"","",,5,,,,"","","",,,,,,,1,,,,"","",,,,,"",,,"",,,"s",0.6666,,"space",0.2439,,1,"yellow_gnome",1,8,"bright_forest","red_basket","orange_gnome",1,9,"dark_forest","yellow_basket",40,0,0,1,"yellow_gnome","bright_forest","red_basket",1244,2,1,9,4,76,4,1,"",,,"",,,"",,,"",,,"",,,"",,,,,,,"",,,"","",,,,,,,,"",,,,,,,"",,,"","","",,,,,,,,"",,,,,,,
"","",,"","","","","","","",,"","","","","","","",,"","","","","","","",,"","","","","","","",,"","","","","","","",,"","","","","","","",,"","","","","","","",,"","","","","",25344,1,"2024-10-01_17h29.26.529","experiment","2023.2.3","Win32",18.01801802,"6668960872498f269966bfb2","66fbf9d935dbf9e9cfd29582","66fc2341c5b87f73ca5f0a65","",,,"",,,"",,,"",,,"",,,"",,,"",,,,,"","",,,,"",,,"","","",,,"","",,1,,,,"","","",,,,,,,2,,,,"","",,,,,"",,,"",,,"k",0.663,,"space",0.2158,,2,"brown_gnome",2,8,"bright_forest","red_basket","blue_gnome",2,8,"dark_forest","yellow_basket",8,0,0,1,"blue_gnome","dark_forest","yellow_basket",1252,-4,0,9,5,77,1,1,"",,,"",,,"",,,"",,,"",,,"",,,,,,,"",,,"","",,,,,,,,"",,,,,,,"",,,"","","",,,,,,,,"",,,,,,,
"","",,"","","","","","","",,"","","","","","","",,"","","","","","","",,"","","","","","","",,"","","","","","","",,"","","","","","","",,"","","","","","","",,"","","","","",25344,1,"2024-10-01_17h29.26.529","experiment","2023.2.3","Win32",18.01801802,"6668960872498f269966bfb2","66fbf9d935dbf9e9cfd29582","66fc2341c5b87f73ca5f0a65","",,,"",,,"",,,"",,,"",,,"",,,"",,,,,"","",,,,"",,,"","","",,,"","",,5,,,,"","","",,,,,,,1,,,,"","",,,,,"",,,"",,,"s",0.784,,"space",0.7738,,1,"yellow_gnome",1,4,"bright_forest","red_basket","orange_gnome",1,8,"dark_forest","yellow_basket",20,0,0,1,"yellow_gnome","bright_forest","red_basket",1272,-2,4,9,6,78,4,1,"",,,"",,,"",,,"",,,"",,,"",,,,,,,"",,,"","",,,,,,,,"",,,,,,,"",,,"","","",,,,,,,,"",,,,,,,
"","",,"","","","","","","",,"","","","","","","",,"","","","","","","",,"","","","","","","",,"","","","","","","",,"","","","","","","",,"","","","","","","",,"","","","","",25344,1,"2024-10-01_17h29.26.529","experiment","2023.2.3","Win32",18.01801802,"6668960872498f269966bfb2","66fbf9d935dbf9e9cfd29582","66fc2341c5b87f73ca5f0a65","",,,"",,,"",,,"",,,"",,,"",,,"",,,,,"","",,,,"",,,"","","",,,"","",,5,,,,"","","",,,,,,,2,,,,"","",,,,,"",,,"",,,"k",0.5664,,"space",0.4352,,2,"brown_gnome",2,2,"bright_forest","red_basket","blue_gnome",2,6,"dark_forest","yellow_basket",30,0,0,1,"blue_gnome","dark_forest","yellow_basket",1302,3,0,9,7,79,5,1,"",,,"",,,"",,,"",,,"",,,"",,,,,,,"",,,"","",,,,,,,,"",,,,,,,"",,,"","","",,,,,,,,"",,,,,,,
"","",,"","","","","","","",,"","","","","","","",,"","","","","","","",,"","","","","","","",,"","","","","","","",,"","","","","","","",,"","","","","","","",,"","","","","",25344,1,"2024-10-01_17h29.26.529","experiment","2023.2.3","Win32",18.01801802,"6668960872498f269966bfb2","66fbf9d935dbf9e9cfd29582","66fc2341c5b87f73ca5f0a65","",,,"",,,"",,,"",,,"",,,"",,,"",,,,,"","",,,,"",,,"","","",,,"","",,5,,,,"","","",,,,,,,1,,,,"","",,,,,"",,,"",,,"s",0.6869,,"space",0.4493,,1,"yellow_gnome",1,5,"bright_forest","red_basket","orange_gnome",1,6,"dark_forest","yellow_basket",25,0,0,1,"yellow_gnome","bright_forest","red_basket",1327,-2,-4,10,0,80,4,1,"",,,"",,,"",,,"",,,"",,,"",,,,,,,"",,,"","",,,,,,,,"",,,,,,,"",,,"","","",,,,,,,,"",,,,,,,
"","",,"","","","","","","",,"","","","","","","",,"","","","","","","",,"","","","","","","",,"","","","","","","",,"","","","","","","",,"","","","","","","",,"","","","","",25344,1,"2024-10-01_17h29.26.529","experiment","2023.2.3","Win32",18.01801802,"6668960872498f269966bfb2","66fbf9d935dbf9e9cfd29582","66fc2341c5b87f73ca5f0a65","",,,"",,,"",,,"",,,"",,,"",,,"",,,,,"","",,,,"",,,"","","",,,"","",,5,,,,"","","",,,,,,,2,,,,"","",,,,,"",,,"",,,"s",0.5764,,"space",0.9536,,2,"blue_gnome",2,2,"dark_forest","yellow_basket","brown_gnome",2,3,"bright_forest","red_basket",10,0,0,1,"blue_gnome","dark_forest","yellow_basket",1337,-1,3,10,1,81,5,1,"",,,"",,,"",,,"",,,"",,,"",,,,,,,"",,,"","",,,,,,,,"",,,,,,,"",,,"","","",,,,,,,,"",,,,,,,
"","",,"","","","","","","",,"","","","","","","",,"","","","","","","",,"","","","","","","",,"","","","","","","",,"","","","","","","",,"","","","","","","",,"","","","","",25344,1,"2024-10-01_17h29.26.529","experiment","2023.2.3","Win32",18.01801802,"6668960872498f269966bfb2","66fbf9d935dbf9e9cfd29582","66fc2341c5b87f73ca5f0a65","",,,"",,,"",,,"",,,"",,,"",,,"",,,,,"","",,,,"",,,"","","",,,"","",,5,,,,"","","",,,,,,,1,,,,"","",,,,,"",,,"",,,"s",0.9043,,"space",0.6322,,1,"orange_gnome",1,5,"dark_forest","yellow_basket","yellow_gnome",1,2,"bright_forest","red_basket",25,0,0,1,"orange_gnome","dark_forest","yellow_basket",1362,0,-1,10,2,82,4,1,"",,,"",,,"",,,"",,,"",,,"",,,,,,,"",,,"","",,,,,,,,"",,,,,,,"",,,"","","",,,,,,,,"",,,,,,,
"","",,"","","","","","","",,"","","","","","","",,"","","","","","","",,"","","","","","","",,"","","","","","","",,"","","","","","","",,"","","","","","","",,"","","","","",25344,1,"2024-10-01_17h29.26.529","experiment","2023.2.3","Win32",18.01801802,"6668960872498f269966bfb2","66fbf9d935dbf9e9cfd29582","66fc2341c5b87f73ca5f0a65","",,,"",,,"",,,"",,,"",,,"",,,"",,,,,"","",,,,"",,,"","","",,,"","",,5,,,,"","","",,,,,,,4,,,,"","",,,,,"",,,"",,,"s",0.6771,,"space",0.8378,,4,"red_gnome",4,4,"dark_forest","yellow_basket","purple_gnome",4,2,"bright_forest","red_basket",20,0,0,1,"red_gnome","dark_forest","yellow_basket",1382,-2,1,10,3,83,7,1,"",,,"",,,"",,,"",,,"",,,"",,,,,,,"",,,"","",,,,,,,,"",,,,,,,"",,,"","","",,,,,,,,"",,,,,,,
"","",,"","","","","","","",,"","","","","","","",,"","","","","","","",,"","","","","","","",,"","","","","","","",,"","","","","","","",,"","","","","","","",,"","","","","",25344,1,"2024-10-01_17h29.26.529","experiment","2023.2.3","Win32",18.01801802,"6668960872498f269966bfb2","66fbf9d935dbf9e9cfd29582","66fc2341c5b87f73ca5f0a65","",,,"",,,"",,,"",,,"",,,"",,,"",,,,,"","",,,,"",,,"","","",,,"","",,5,,,,"","","",,,,,,,3,,,,"","",,,,,"",,,"",,,"k",0.8837,,"space",0.9741,,3,"pink_gnome",3,5,"dark_forest","yellow_basket","green_gnome",3,0,"bright_forest","red_basket",0,0,0,1,"green_gnome","bright_forest","red_basket",1382,0,-1,10,4,84,6,1,"",,,"",,,"",,,"",,,"",,,"",,,,,,,"",,,"","",,,,,,,,"",,,,,,,"",,,"","","",,,,,,,,"",,,,,,,
"","",,"","","","","","","",,"","","","","","","",,"","","","","","","",,"","","","","","","",,"","","","","","","",,"","","","","","","",,"","","","","","","",,"","","","","",25344,1,"2024-10-01_17h29.26.529","experiment","2023.2.3","Win32",18.01801802,"6668960872498f269966bfb2","66fbf9d935dbf9e9cfd29582","66fc2341c5b87f73ca5f0a65","",,,"",,,"",,,"",,,"",,,"",,,"",,,,,"","",,,,"",,,"","","",,,"","",,1,,,,"","","",,,,,,,4,,,,"","",,,,,"",,,"",,,"s",1.1314,,"space",0.7286,,4,"red_gnome",4,4,"dark_forest","yellow_basket","purple_gnome",4,0,"bright_forest","red_basket",4,0,0,1,"red_gnome","dark_forest","yellow_basket",1386,-4,-1,10,5,85,3,1,"",,,"",,,"",,,"",,,"",,,"",,,,,,,"",,,"","",,,,,,,,"",,,,,,,"",,,"","","",,,,,,,,"",,,,,,,
"","",,"","","","","","","",,"","","","","","","",,"","","","","","","",,"","","","","","","",,"","","","","","","",,"","","","","","","",,"","","","","","","",,"","","","","",25344,1,"2024-10-01_17h29.26.529","experiment","2023.2.3","Win32",18.01801802,"6668960872498f269966bfb2","66fbf9d935dbf9e9cfd29582","66fc2341c5b87f73ca5f0a65","",,,"",,,"",,,"",,,"",,,"",,,"",,,,,"","",,,,"",,,"","","",,,"","",,1,,,,"","","",,,,,,,3,,,,"","",,,,,"",,,"",,,"s",0.5721,,"space",0.4348,,3,"pink_gnome",3,3,"dark_forest","yellow_basket","green_gnome",3,4,"bright_forest","red_basket",3,0,0,1,"pink_gnome","dark_forest","yellow_basket",1389,2,0,10,6,86,2,1,"",,,"",,,"",,,"",,,"",,,"",,,,,,,"",,,"","",,,,,,,,"",,,,,,,"",,,"","","",,,,,,,,"",,,,,,,
"","",,"","","","","","","",,"","","","","","","",,"","","","","","","",,"","","","","","","",,"","","","","","","",,"","","","","","","",,"","","","","","","",,"","","","","",25344,1,"2024-10-01_17h29.26.529","experiment","2023.2.3","Win32",18.01801802,"6668960872498f269966bfb2","66fbf9d935dbf9e9cfd29582","66fc2341c5b87f73ca5f0a65","",,,"",,,"",,,"",,,"",,,"",,,"",,,,,"","",,,,"",,,"","","",,,"","",,1,,,,"","","",,,,,,,2,,,,"","",,,,,"",,,"",,,"s",0.7846,,"space",0.7396,,2,"blue_gnome",2,3,"dark_forest","yellow_basket","brown_gnome",2,6,"bright_forest","red_basket",3,0,0,1,"blue_gnome","dark_forest","yellow_basket",1392,-1,1,10,7,87,1,1,"",,,"",,,"",,,"",,,"",,,"",,,,,,,"",,,"","",,,,,,,,"",,,,,,,"",,,"","","",,,,,,,,"",,,,,,,
"","",,"","","","","","","",,"","","","","","","",,"","","","","","","",,"","","","","","","",,"","","","","","","",,"","","","","","","",,"","","","","","","",,"","","","","",25344,1,"2024-10-01_17h29.26.529","experiment","2023.2.3","Win32",18.01801802,"6668960872498f269966bfb2","66fbf9d935dbf9e9cfd29582","66fc2341c5b87f73ca5f0a65","",,,"",,,"",,,"",,,"",,,"",,,"",,,,,"","",,,,"",,,"","","",,,"","",,1,,,,"","","",,,,,,,2,,,,"","",,,,,"",,,"",,,"s",0.5643,,"space",0.114,,2,"blue_gnome",2,4,"dark_forest","yellow_basket","brown_gnome",2,5,"bright_forest","red_basket",4,0,0,1,"blue_gnome","dark_forest","yellow_basket",1396,1,3,11,0,88,1,1,"",,,"",,,"",,,"",,,"",,,"",,,,,,,"",,,"","",,,,,,,,"",,,,,,,"",,,"","","",,,,,,,,"",,,,,,,
"","",,"","","","","","","",,"","","","","","","",,"","","","","","","",,"","","","","","","",,"","","","","","","",,"","","","","","","",,"","","","","","","",,"","","","","",25344,1,"2024-10-01_17h29.26.529","experiment","2023.2.3","Win32",18.01801802,"6668960872498f269966bfb2","66fbf9d935dbf9e9cfd29582","66fc2341c5b87f73ca5f0a65","",,,"",,,"",,,"",,,"",,,"",,,"",,,,,"","",,,,"",,,"","","",,,"","",,1,,,,"","","",,,,,,,1,,,,"","",,,,,"",,,"",,,"s",0.5739,,"space",0.1333,1e-04,1,"yellow_gnome",1,6,"bright_forest","red_basket","orange_gnome",1,7,"dark_forest","yellow_basket",6,0,0,1,"yellow_gnome","bright_forest","red_basket",1402,-2,-1,11,1,89,0,1,"",,,"",,,"",,,"",,,"",,,"",,,,,,,"",,,"","",,,,,,,,"",,,,,,,"",,,"","","",,,,,,,,"",,,,,,,
"","",,"","","","","","","",,"","","","","","","",,"","","","","","","",,"","","","","","","",,"","","","","","","",,"","","","","","","",,"","","","","","","",,"","","","","",25344,1,"2024-10-01_17h29.26.529","experiment","2023.2.3","Win32",18.01801802,"6668960872498f269966bfb2","66fbf9d935dbf9e9cfd29582","66fc2341c5b87f73ca5f0a65","",,,"",,,"",,,"",,,"",,,"",,,"",,,,,"","",,,,"",,,"","","",,,"","",,5,,,,"","","",,,,,,,1,,,,"","",,,,,"",,,"",,,"s",0.7818,,"space",0.3543,,1,"yellow_gnome",1,4,"bright_forest","red_basket","orange_gnome",1,6,"dark_forest","yellow_basket",20,0,0,1,"yellow_gnome","bright_forest","red_basket",1422,2,1,11,2,90,4,1,"",,,"",,,"",,,"",,,"",,,"",,,,,,,"",,,"","",,,,,,,,"",,,,,,,"",,,"","","",,,,,,,,"",,,,,,,
"","",,"","","","","","","",,"","","","","","","",,"","","","","","","",,"","","","","","","",,"","","","","","","",,"","","","","","","",,"","","","","","","",,"","","","","",25344,1,"2024-10-01_17h29.26.529","experiment","2023.2.3","Win32",18.01801802,"6668960872498f269966bfb2","66fbf9d935dbf9e9cfd29582","66fc2341c5b87f73ca5f0a65","",,,"",,,"",,,"",,,"",,,"",,,"",,,,,"","",,,,"",,,"","","",,,"","",,1,,,,"","","",,,,,,,3,,,,"","",,,,,"",,,"",,,"s",0.7708,,"space",0.3539,,3,"green_gnome",3,6,"bright_forest","red_basket","pink_gnome",3,7,"dark_forest","yellow_basket",6,0,0,1,"green_gnome","bright_forest","red_basket",1428,-4,3,11,3,91,2,1,"",,,"",,,"",,,"",,,"",,,"",,,,,,,"",,,"","",,,,,,,,"",,,,,,,"",,,"","","",,,,,,,,"",,,,,,,
"","",,"","","","","","","",,"","","","","","","",,"","","","","","","",,"","","","","","","",,"","","","","","","",,"","","","","","","",,"","","","","","","",,"","","","","",25344,1,"2024-10-01_17h29.26.529","experiment","2023.2.3","Win32",18.01801802,"6668960872498f269966bfb2","66fbf9d935dbf9e9cfd29582","66fc2341c5b87f73ca5f0a65","",,,"",,,"",,,"",,,"",,,"",,,"",,,,,"","",,,,"",,,"","","",,,"","",,1,,,,"","","",,,,,,,2,,,,"","",,,,,"",,,"",,,"s",0.5547,,"space",0.1101,,2,"blue_gnome",2,8,"dark_forest","yellow_basket","brown_gnome",2,2,"bright_forest","red_basket",8,0,0,1,"blue_gnome","dark_forest","yellow_basket",1436,1,0,11,4,92,1,1,"",,,"",,,"",,,"",,,"",,,"",,,,,,,"",,,"","",,,,,,,,"",,,,,,,"",,,"","","",,,,,,,,"",,,,,,,
"","",,"","","","","","","",,"","","","","","","",,"","","","","","","",,"","","","","","","",,"","","","","","","",,"","","","","","","",,"","","","","","","",,"","","","","",25344,1,"2024-10-01_17h29.26.529","experiment","2023.2.3","Win32",18.01801802,"6668960872498f269966bfb2","66fbf9d935dbf9e9cfd29582","66fc2341c5b87f73ca5f0a65","",,,"",,,"",,,"",,,"",,,"",,,"",,,,,"","",,,,"",,,"","","",,,"","",,5,,,,"","","",,,,,,,3,,,,"","",,,,,"",,,"",,,"k",0.9875,,"space",0.548,,3,"pink_gnome",3,8,"dark_forest","yellow_basket","green_gnome",3,3,"bright_forest","red_basket",15,0,0,1,"green_gnome","bright_forest","red_basket",1451,1,1,11,5,93,6,1,"",,,"",,,"",,,"",,,"",,,"",,,,,,,"",,,"","",,,,,,,,"",,,,,,,"",,,"","","",,,,,,,,"",,,,,,,
"","",,"","","","","","","",,"","","","","","","",,"","","","","","","",,"","","","","","","",,"","","","","","","",,"","","","","","","",,"","","","","","","",,"","","","","",25344,1,"2024-10-01_17h29.26.529","experiment","2023.2.3","Win32",18.01801802,"6668960872498f269966bfb2","66fbf9d935dbf9e9cfd29582","66fc2341c5b87f73ca5f0a65","",,,"",,,"",,,"",,,"",,,"",,,"",,,,,"","",,,,"",,,"","","",,,"","",,5,,,,"","","",,,,,,,2,,,,"","",,,,,"",,,"",,,"s",0.5695,,"space",0.529,,2,"blue_gnome",2,9,"dark_forest","yellow_basket","brown_gnome",2,4,"bright_forest","red_basket",45,0,0,1,"blue_gnome","dark_forest","yellow_basket",1496,0,1,11,6,94,5,1,"",,,"",,,"",,,"",,,"",,,"",,,,,,,"",,,"","",,,,,,,,"",,,,,,,"",,,"","","",,,,,,,,"",,,,,,,
"","",,"","","","","","","",,"","","","","","","",,"","","","","","","",,"","","","","","","",,"","","","","","","",,"","","","","","","",,"","","","","","","",,"","","","","",25344,1,"2024-10-01_17h29.26.529","experiment","2023.2.3","Win32",18.01801802,"6668960872498f269966bfb2","66fbf9d935dbf9e9cfd29582","66fc2341c5b87f73ca5f0a65","",,,"",,,"",,,"",,,"",,,"",,,"",,,,,"","",,,,"",,,"","","",,,"","",,1,,,,"","","",,,,,,,3,,,,"","",,,,,"",,,"",,,"k",1.0087,,"space",1.0542,,3,"green_gnome",3,4,"bright_forest","red_basket","pink_gnome",3,8,"dark_forest","yellow_basket",8,0,0,1,"pink_gnome","dark_forest","yellow_basket",1504,-1,6,11,7,95,2,1,"",,,"",,,"",,,"",,,"",,,"",,,,,,,"",,,"","",,,,,,,,"",,,,,,,"",,,"","","",,,,,,,,"",,,,,,,
"","",,"","","","","","","",,"","","","","","","",,"","","","","","","",,"","","","","","","",,"","","","","","","",,"","","","","","","",,"","","","","","","",,"","","","","",25344,1,"2024-10-01_17h29.26.529","experiment","2023.2.3","Win32",18.01801802,"6668960872498f269966bfb2","66fbf9d935dbf9e9cfd29582","66fc2341c5b87f73ca5f0a65","",,,"",,,"",,,"",,,"",,,"",,,"",,,,,"","",,,,"",,,"","","",,,"","",,5,,,,"","","",,,,,,,2,,,,"","",,,,,"",,,"",,,"k",0.7841,,"space",0.7262,,2,"brown_gnome",2,3,"bright_forest","red_basket","blue_gnome",2,4,"dark_forest","yellow_basket",20,0,0,1,"blue_gnome","dark_forest","yellow_basket",1524,0,2,12,0,96,5,1,"",,,"",,,"",,,"",,,"",,,"",,,,,,,"",,,"","",,,,,,,,"",,,,,,,"",,,"","","",,,,,,,,"",,,,,,,
"","",,"","","","","","","",,"","","","","","","",,"","","","","","","",,"","","","","","","",,"","","","","","","",,"","","","","","","",,"","","","","","","",,"","","","","",25344,1,"2024-10-01_17h29.26.529","experiment","2023.2.3","Win32",18.01801802,"6668960872498f269966bfb2","66fbf9d935dbf9e9cfd29582","66fc2341c5b87f73ca5f0a65","",,,"",,,"",,,"",,,"",,,"",,,"",,,,,"","",,,,"",,,"","","",,,"","",,1,,,,"","","",,,,,,,1,,,,"","",,,,,"",,,"",,,"s",0.7726,,"space",0.2306,,1,"yellow_gnome",1,3,"bright_forest","red_basket","orange_gnome",1,6,"dark_forest","yellow_basket",3,0,0,1,"yellow_gnome","bright_forest","red_basket",1527,-4,2,12,1,97,0,1,"",,,"",,,"",,,"",,,"",,,"",,,,,,,"",,,"","",,,,,,,,"",,,,,,,"",,,"","","",,,,,,,,"",,,,,,,
"","",,"","","","","","","",,"","","","","","","",,"","","","","","","",,"","","","","","","",,"","","","","","","",,"","","","","","","",,"","","","","","","",,"","","","","",25344,1,"2024-10-01_17h29.26.529","experiment","2023.2.3","Win32",18.01801802,"6668960872498f269966bfb2","66fbf9d935dbf9e9cfd29582","66fc2341c5b87f73ca5f0a65","",,,"",,,"",,,"",,,"",,,"",,,"",,,,,"","",,,,"",,,"","","",,,"","",,1,,,,"","","",,,,,,,4,,,,"","",,,,,"",,,"",,,"k",0.7843,,"space",0.5436,,4,"purple_gnome",4,1,"bright_forest","red_basket","red_gnome",4,8,"dark_forest","yellow_basket",8,0,0,1,"red_gnome","dark_forest","yellow_basket",1535,-2,-1,12,2,98,3,1,"",,,"",,,"",,,"",,,"",,,"",,,,,,,"",,,"","",,,,,,,,"",,,,,,,"",,,"","","",,,,,,,,"",,,,,,,
"","",,"","","","","","","",,"","","","","","","",,"","","","","","","",,"","","","","","","",,"","","","","","","",,"","","","","","","",,"","","","","","","",,"","","","","",25344,1,"2024-10-01_17h29.26.529","experiment","2023.2.3","Win32",18.01801802,"6668960872498f269966bfb2","66fbf9d935dbf9e9cfd29582","66fc2341c5b87f73ca5f0a65","",,,"",,,"",,,"",,,"",,,"",,,"",,,,,"","",,,,"",,,"","","",,,"","",,1,,,,"","","",,,,,,,3,,,,"","",,,,,"",,,"",,,"s",0.8696,,"space",0.5559,,3,"green_gnome",3,1,"bright_forest","red_basket","pink_gnome",3,7,"dark_forest","yellow_basket",1,0,0,1,"green_gnome","bright_forest","red_basket",1536,-2,4,12,3,99,2,1,"",,,"",,,"",,,"",,,"",,,"",,,,,,,"",,,"","",,,,,,,,"",,,,,,,"",,,"","","",,,,,,,,"",,,,,,,
"","",,"","","","","","","",,"","","","","","","",,"","","","","","","",,"","","","","","","",,"","","","","","","",,"","","","","","","",,"","","","","","","",,"","","","","",25344,1,"2024-10-01_17h29.26.529","experiment","2023.2.3","Win32",18.01801802,"6668960872498f269966bfb2","66fbf9d935dbf9e9cfd29582","66fc2341c5b87f73ca5f0a65","",,,"",,,"",,,"",,,"",,,"",,,"",,,,,"","",,,,"",,,"","","",,,"","",,1,,,,"","","",,,,,,,3,,,,"","",,,,,"",,,"",,,"s",0.6647,,"space",0.1106,,3,"pink_gnome",3,7,"dark_forest","yellow_basket","green_gnome",3,1,"bright_forest","red_basket",7,0,0,1,"pink_gnome","dark_forest","yellow_basket",1543,-2,-1,12,4,100,2,1,"",,,"",,,"",,,"",,,"",,,"",,,,,,,"",,,"","",,,,,,,,"",,,,,,,"",,,"","","",,,,,,,,"",,,,,,,
"","",,"","","","","","","",,"","","","","","","",,"","","","","","","",,"","","","","","","",,"","","","","","","",,"","","","","","","",,"","","","","","","",,"","","","","",25344,1,"2024-10-01_17h29.26.529","experiment","2023.2.3","Win32",18.01801802,"6668960872498f269966bfb2","66fbf9d935dbf9e9cfd29582","66fc2341c5b87f73ca5f0a65","",,,"",,,"",,,"",,,"",,,"",,,"",,,,,"","",,,,"",,,"","","",,,"","",,1,,,,"","","",,,,,,,4,,,,"","",,,,,"",,,"",,,"s",0.7857,,"space",0.1403,,4,"purple_gnome",4,1,"bright_forest","red_basket","red_gnome",4,6,"dark_forest","yellow_basket",1,0,0,1,"purple_gnome","bright_forest","red_basket",1544,0,0,12,5,101,3,1,"",,,"",,,"",,,"",,,"",,,"",,,,,,,"",,,"","",,,,,,,,"",,,,,,,"",,,"","","",,,,,,,,"",,,,,,,
"","",,"","","","","","","",,"","","","","","","",,"","","","","","","",,"","","","","","","",,"","","","","","","",,"","","","","","","",,"","","","","","","",,"","","","","",25344,1,"2024-10-01_17h29.26.529","experiment","2023.2.3","Win32",18.01801802,"6668960872498f269966bfb2","66fbf9d935dbf9e9cfd29582","66fc2341c5b87f73ca5f0a65","",,,"",,,"",,,"",,,"",,,"",,,"",,,,,"","",,,,"",,,"","","",,,"","",,1,,,,"","","",,,,,,,1,,,,"","",,,,,"",,,"",,,"s",0.6937,,"space",0.2395,,1,"yellow_gnome",1,1,"bright_forest","red_basket","orange_gnome",1,6,"dark_forest","yellow_basket",1,0,0,1,"yellow_gnome","bright_forest","red_basket",1545,1,-2,12,6,102,0,1,"",,,"",,,"",,,"",,,"",,,"",,,,,,,"",,,"","",,,,,,,,"",,,,,,,"",,,"","","",,,,,,,,"",,,,,,,
"","",,"","","","","","","",,"","","","","","","",,"","","","","","","",,"","","","","","","",,"","","","","","","",,"","","","","","","",,"","","","","","","",,"","","","","",25344,1,"2024-10-01_17h29.26.529","experiment","2023.2.3","Win32",18.01801802,"6668960872498f269966bfb2","66fbf9d935dbf9e9cfd29582","66fc2341c5b87f73ca5f0a65","",,,"",,,"",,,"",,,"",,,"",,,"",,,,,"","",,,,"",,,"","","",,,"","",,5,,,,"","","",,,,,,,2,,,,"","",,,,,"",,,"",,,"k",0.7898,,"space",0.5275,,2,"brown_gnome",2,2,"bright_forest","red_basket","blue_gnome",2,4,"dark_forest","yellow_basket",20,0,0,1,"blue_gnome","dark_forest","yellow_basket",1565,-1,3,12,7,103,5,1,"",,,"",,,"",,,"",,,"",,,"",,,,,,,"",,,"","",,,,,,,,"",,,,,,,"",,,"","","",,,,,,,,"",,,,,,,
"","",,"","","","","","","",,"","","","","","","",,"","","","","","","",,"","","","","","","",,"","","","","","","",,"","","","","","","",,"","","","","","","",,"","","","","",25344,1,"2024-10-01_17h29.26.529","experiment","2023.2.3","Win32",18.01801802,"6668960872498f269966bfb2","66fbf9d935dbf9e9cfd29582","66fc2341c5b87f73ca5f0a65","",,,"",,,"",,,"",,,"",,,"",,,"",,,,,"","",,,,"",,,"","","",,,"","",,1,,,,"","","",,,,,,,4,,,,"","",,,,,"",,,"",,,"s",0.6801,,"space",0.1307,,4,"purple_gnome",4,1,"bright_forest","red_basket","red_gnome",4,7,"dark_forest","yellow_basket",1,0,0,1,"purple_gnome","bright_forest","red_basket",1566,3,0,13,0,104,3,1,"",,,"",,,"",,,"",,,"",,,"",,,,,,,"",,,"","",,,,,,,,"",,,,,,,"",,,"","","",,,,,,,,"",,,,,,,
"","",,"","","","","","","",,"","","","","","","",,"","","","","","","",,"","","","","","","",,"","","","","","","",,"","","","","","","",,"","","","","","","",,"","","","","",25344,1,"2024-10-01_17h29.26.529","experiment","2023.2.3","Win32",18.01801802,"6668960872498f269966bfb2","66fbf9d935dbf9e9cfd29582","66fc2341c5b87f73ca5f0a65","",,,"",,,"",,,"",,,"",,,"",,,"",,,,,"","",,,,"",,,"","","",,,"","",,1,,,,"","","",,,,,,,1,,,,"","",,,,,"",,,"",,,"s",0.6866,,"space",0.6476,,1,"yellow_gnome",1,4,"bright_forest","red_basket","orange_gnome",1,7,"dark_forest","yellow_basket",4,0,0,1,"yellow_gnome","bright_forest","red_basket",1570,1,2,13,1,105,0,1,"",,,"",,,"",,,"",,,"",,,"",,,,,,,"",,,"","",,,,,,,,"",,,,,,,"",,,"","","",,,,,,,,"",,,,,,,
"","",,"","","","","","","",,"","","","","","","",,"","","","","","","",,"","","","","","","",,"","","","","","","",,"","","","","","","",,"","","","","","","",,"","","","","",25344,1,"2024-10-01_17h29.26.529","experiment","2023.2.3","Win32",18.01801802,"6668960872498f269966bfb2","66fbf9d935dbf9e9cfd29582","66fc2341c5b87f73ca5f0a65","",,,"",,,"",,,"",,,"",,,"",,,"",,,,,"","",,,,"",,,"","","",,,"","",,1,,,,"","","",,,,,,,2,,,,"","",,,,,"",,,"",,,"k",0.6742,,"space",0.1127,,2,"brown_gnome",2,5,"bright_forest","red_basket","blue_gnome",2,9,"dark_forest","yellow_basket",9,0,0,1,"blue_gnome","dark_forest","yellow_basket",1579,-1,2,13,2,106,1,1,"",,,"",,,"",,,"",,,"",,,"",,,,,,,"",,,"","",,,,,,,,"",,,,,,,"",,,"","","",,,,,,,,"",,,,,,,
"","",,"","","","","","","",,"","","","","","","",,"","","","","","","",,"","","","","","","",,"","","","","","","",,"","","","","","","",,"","","","","","","",,"","","","","",25344,1,"2024-10-01_17h29.26.529","experiment","2023.2.3","Win32",18.01801802,"6668960872498f269966bfb2","66fbf9d935dbf9e9cfd29582","66fc2341c5b87f73ca5f0a65","",,,"",,,"",,,"",,,"",,,"",,,"",,,,,"","",,,,"",,,"","","",,,"","",,5,,,,"","","",,,,,,,4,,,,"","",,,,,"",,,"",,,"s",0.7987,,"space",0.6376,,4,"red_gnome",4,7,"dark_forest","yellow_basket","purple_gnome",4,4,"bright_forest","red_basket",35,0,0,1,"red_gnome","dark_forest","yellow_basket",1614,2,-2,13,3,107,7,1,"",,,"",,,"",,,"",,,"",,,"",,,,,,,"",,,"","",,,,,,,,"",,,,,,,"",,,"","","",,,,,,,,"",,,,,,,
"","",,"","","","","","","",,"","","","","","","",,"","","","","","","",,"","","","","","","",,"","","","","","","",,"","","","","","","",,"","","","","","","",,"","","","","",25344,1,"2024-10-01_17h29.26.529","experiment","2023.2.3","Win32",18.01801802,"6668960872498f269966bfb2","66fbf9d935dbf9e9cfd29582","66fc2341c5b87f73ca5f0a65","",,,"",,,"",,,"",,,"",,,"",,,"",,,,,"","",,,,"",,,"","","",,,"","",,1,,,,"","","",,,,,,,4,,,,"","",,,,,"",,,"",,,"s",0.6919,,"space",0.1092,,4,"red_gnome",4,5,"dark_forest","yellow_basket","purple_gnome",4,6,"bright_forest","red_basket",5,0,0,1,"red_gnome","dark_forest","yellow_basket",1619,0,0,13,4,108,3,1,"",,,"",,,"",,,"",,,"",,,"",,,,,,,"",,,"","",,,,,,,,"",,,,,,,"",,,"","","",,,,,,,,"",,,,,,,
"","",,"","","","","","","",,"","","","","","","",,"","","","","","","",,"","","","","","","",,"","","","","","","",,"","","","","","","",,"","","","","","","",,"","","","","",25344,1,"2024-10-01_17h29.26.529","experiment","2023.2.3","Win32",18.01801802,"6668960872498f269966bfb2","66fbf9d935dbf9e9cfd29582","66fc2341c5b87f73ca5f0a65","",,,"",,,"",,,"",,,"",,,"",,,"",,,,,"","",,,,"",,,"","","",,,"","",,1,,,,"","","",,,,,,,3,,,,"","",,,,,"",,,"",,,"s",0.6641,,"space",0.2437,,3,"green_gnome",3,6,"bright_forest","red_basket","pink_gnome",3,5,"dark_forest","yellow_basket",6,0,0,1,"green_gnome","bright_forest","red_basket",1625,0,-2,13,5,109,2,1,"",,,"",,,"",,,"",,,"",,,"",,,,,,,"",,,"","",,,,,,,,"",,,,,,,"",,,"","","",,,,,,,,"",,,,,,,
"","",,"","","","","","","",,"","","","","","","",,"","","","","","","",,"","","","","","","",,"","","","","","","",,"","","","","","","",,"","","","","","","",,"","","","","",25344,1,"2024-10-01_17h29.26.529","experiment","2023.2.3","Win32",18.01801802,"6668960872498f269966bfb2","66fbf9d935dbf9e9cfd29582","66fc2341c5b87f73ca5f0a65","",,,"",,,"",,,"",,,"",,,"",,,"",,,,,"","",,,,"",,,"","","",,,"","",,1,,,,"","","",,,,,,,2,,,,"","",,,,,"",,,"",,,"k",1.5242,,"space",0.5441,,2,"brown_gnome",2,6,"bright_forest","red_basket","blue_gnome",2,3,"dark_forest","yellow_basket",3,0,0,1,"blue_gnome","dark_forest","yellow_basket",1628,0,0,13,6,110,1,1,"",,,"",,,"",,,"",,,"",,,"",,,,,,,"",,,"","",,,,,,,,"",,,,,,,"",,,"","","",,,,,,,,"",,,,,,,
"","",,"","","","","","","",,"","","","","","","",,"","","","","","","",,"","","","","","","",,"","","","","","","",,"","","","","","","",,"","","","","","","",,"","","","","",25344,1,"2024-10-01_17h29.26.529","experiment","2023.2.3","Win32",18.01801802,"6668960872498f269966bfb2","66fbf9d935dbf9e9cfd29582","66fc2341c5b87f73ca5f0a65","",,,"",,,"",,,"",,,"",,,"",,,"",,,,,"","",,,,"",,,"","","",,,"","",,5,,,,"","","",,,,,,,2,,,,"","",,,,,"",,,"",,,"k",0.6743,,"space",0.5354,,2,"brown_gnome",2,6,"bright_forest","red_basket","blue_gnome",2,3,"dark_forest","yellow_basket",15,0,0,1,"blue_gnome","dark_forest","yellow_basket",1643,-1,-1,13,7,111,5,1,"",,,"",,,"",,,"",,,"",,,"",,,,,,,"",,,"","",,,,,,,,"",,,,,,,"",,,"","","",,,,,,,,"",,,,,,,
"","",,"","","","","","","",,"","","","","","","",,"","","","","","","",,"","","","","","","",,"","","","","","","",,"","","","","","","",,"","","","","","","",,"","","","","",25344,1,"2024-10-01_17h29.26.529","experiment","2023.2.3","Win32",18.01801802,"6668960872498f269966bfb2","66fbf9d935dbf9e9cfd29582","66fc2341c5b87f73ca5f0a65","",,,"",,,"",,,"",,,"",,,"",,,"",,,,,"","",,,,"",,,"","","",,,"","",,5,,,,"","","",,,,,,,3,,,,"","",,,,,"",,,"",,,"s",0.6619,,"space",0.4374,,3,"pink_gnome",3,2,"dark_forest","yellow_basket","green_gnome",3,5,"bright_forest","red_basket",10,0,0,1,"pink_gnome","dark_forest","yellow_basket",1653,0,3,14,0,112,6,1,"",,,"",,,"",,,"",,,"",,,"",,,,,,,"",,,"","",,,,,,,,"",,,,,,,"",,,"","","",,,,,,,,"",,,,,,,
"","",,"","","","","","","",,"","","","","","","",,"","","","","","","",,"","","","","","","",,"","","","","","","",,"","","","","","","",,"","","","","","","",,"","","","","",25344,1,"2024-10-01_17h29.26.529","experiment","2023.2.3","Win32",18.01801802,"6668960872498f269966bfb2","66fbf9d935dbf9e9cfd29582","66fc2341c5b87f73ca5f0a65","",,,"",,,"",,,"",,,"",,,"",,,"",,,,,"","",,,,"",,,"","","",,,"","",,5,,,,"","","",,,,,,,4,,,,"","",,,,,"",,,"",,,"s",0.7954,,"space",0.9762,,4,"red_gnome",4,5,"dark_forest","yellow_basket","purple_gnome",4,5,"bright_forest","red_basket",25,0,0,1,"red_gnome","dark_forest","yellow_basket",1678,-2,-3,14,1,113,7,1,"",,,"",,,"",,,"",,,"",,,"",,,,,,,"",,,"","",,,,,,,,"",,,,,,,"",,,"","","",,,,,,,,"",,,,,,,
"","",,"","","","","","","",,"","","","","","","",,"","","","","","","",,"","","","","","","",,"","","","","","","",,"","","","","","","",,"","","","","","","",,"","","","","",25344,1,"2024-10-01_17h29.26.529","experiment","2023.2.3","Win32",18.01801802,"6668960872498f269966bfb2","66fbf9d935dbf9e9cfd29582","66fc2341c5b87f73ca5f0a65","",,,"",,,"",,,"",,,"",,,"",,,"",,,,,"","",,,,"",,,"","","",,,"","",,5,,,,"","","",,,,,,,1,,,,"","",,,,,"",,,"",,,"s",0.7844,,"space",0.6498,,1,"yellow_gnome",1,3,"bright_forest","red_basket","orange_gnome",1,2,"dark_forest","yellow_basket",15,0,0,1,"yellow_gnome","bright_forest","red_basket",1693,-1,0,14,2,114,4,1,"",,,"",,,"",,,"",,,"",,,"",,,,,,,"",,,"","",,,,,,,,"",,,,,,,"",,,"","","",,,,,,,,"",,,,,,,
"","",,"","","","","","","",,"","","","","","","",,"","","","","","","",,"","","","","","","",,"","","","","","","",,"","","","","","","",,"","","","","","","",,"","","","","",25344,1,"2024-10-01_17h29.26.529","experiment","2023.2.3","Win32",18.01801802,"6668960872498f269966bfb2","66fbf9d935dbf9e9cfd29582","66fc2341c5b87f73ca5f0a65","",,,"",,,"",,,"",,,"",,,"",,,"",,,,,"","",,,,"",,,"","","",,,"","",,1,,,,"","","",,,,,,,4,,,,"","",,,,,"",,,"",,,"s",0.6827,,"space",0.6429,,4,"purple_gnome",4,2,"bright_forest","red_basket","red_gnome",4,2,"dark_forest","yellow_basket",2,0,0,1,"purple_gnome","bright_forest","red_basket",1695,1,-1,14,3,115,3,1,"",,,"",,,"",,,"",,,"",,,"",,,,,,,"",,,"","",,,,,,,,"",,,,,,,"",,,"","","",,,,,,,,"",,,,,,,
"","",,"","","","","","","",,"","","","","","","",,"","","","","","","",,"","","","","","","",,"","","","","","","",,"","","","","","","",,"","","","","","","",,"","","","","",25344,1,"2024-10-01_17h29.26.529","experiment","2023.2.3","Win32",18.01801802,"6668960872498f269966bfb2","66fbf9d935dbf9e9cfd29582","66fc2341c5b87f73ca5f0a65","",,,"",,,"",,,"",,,"",,,"",,,"",,,,,"","",,,,"",,,"","","",,,"","",,1,,,,"","","",,,,,,,1,,,,"","",,,,,"",,,"",,,"s",0.6844,,"space",0.95,,1,"orange_gnome",1,1,"dark_forest","yellow_basket","yellow_gnome",1,3,"bright_forest","red_basket",1,0,0,1,"orange_gnome","dark_forest","yellow_basket",1696,4,0,14,4,116,0,1,"",,,"",,,"",,,"",,,"",,,"",,,,,,,"",,,"","",,,,,,,,"",,,,,,,"",,,"","","",,,,,,,,"",,,,,,,
"","",,"","","","","","","",,"","","","","","","",,"","","","","","","",,"","","","","","","",,"","","","","","","",,"","","","","","","",,"","","","","","","",,"","","","","",25344,1,"2024-10-01_17h29.26.529","experiment","2023.2.3","Win32",18.01801802,"6668960872498f269966bfb2","66fbf9d935dbf9e9cfd29582","66fc2341c5b87f73ca5f0a65","",,,"",,,"",,,"",,,"",,,"",,,"",,,,,"","",,,,"",,,"","","",,,"","",,1,,,,"","","",,,,,,,3,,,,"","",,,,,"",,,"",,,"s",0.659,,"space",0.3193,,3,"pink_gnome",3,1,"dark_forest","yellow_basket","green_gnome",3,7,"bright_forest","red_basket",1,0,0,1,"pink_gnome","dark_forest","yellow_basket",1697,2,-2,14,5,117,2,1,"",,,"",,,"",,,"",,,"",,,"",,,,,,,"",,,"","",,,,,,,,"",,,,,,,"",,,"","","",,,,,,,,"",,,,,,,
"","",,"","","","","","","",,"","","","","","","",,"","","","","","","",,"","","","","","","",,"","","","","","","",,"","","","","","","",,"","","","","","","",,"","","","","",25344,1,"2024-10-01_17h29.26.529","experiment","2023.2.3","Win32",18.01801802,"6668960872498f269966bfb2","66fbf9d935dbf9e9cfd29582","66fc2341c5b87f73ca5f0a65","",,,"",,,"",,,"",,,"",,,"",,,"",,,,,"","",,,,"",,,"","","",,,"","",,5,,,,"","","",,,,,,,4,,,,"","",,,,,"",,,"",,,"s",0.6949,,"space",0.2156,,4,"red_gnome",4,1,"dark_forest","yellow_basket","purple_gnome",4,9,"bright_forest","red_basket",5,0,0,1,"red_gnome","dark_forest","yellow_basket",1702,1,0,14,6,118,7,1,"",,,"",,,"",,,"",,,"",,,"",,,,,,,"",,,"","",,,,,,,,"",,,,,,,"",,,"","","",,,,,,,,"",,,,,,,
"","",,"","","","","","","",,"","","","","","","",,"","","","","","","",,"","","","","","","",,"","","","","","","",,"","","","","","","",,"","","","","","","",,"","","","","",25344,1,"2024-10-01_17h29.26.529","experiment","2023.2.3","Win32",18.01801802,"6668960872498f269966bfb2","66fbf9d935dbf9e9cfd29582","66fc2341c5b87f73ca5f0a65","",,,"",,,"",,,"",,,"",,,"",,,"",,,,,"","",,,,"",,,"","","",,,"","",,1,,,,"","","",,,,,,,4,,,,"","",,,,,"",,,"",,,"s",1.0148,,"space",0.5574,,4,"purple_gnome",4,8,"bright_forest","red_basket","red_gnome",4,1,"dark_forest","yellow_basket",8,0,0,1,"purple_gnome","bright_forest","red_basket",1710,-2,3,14,7,119,3,1,"",,,"",,,"",,,"",,,"",,,"",,,,,,,"",,,"","",,,,,,,,"",,,,,,,"",,,"","","",,,,,,,,"",,,,,,,
"","",,"","","","","","","",,"","","","","","","",,"","","","","","","",,"","","","","","","",,"","","","","","","",,"","","","","","","",,"","","","","","","",,"","","","","",25344,1,"2024-10-01_17h29.26.529","experiment","2023.2.3","Win32",18.01801802,"6668960872498f269966bfb2","66fbf9d935dbf9e9cfd29582","66fc2341c5b87f73ca5f0a65","",,,"",,,"",,,"",,,"",,,"",,,"",,,,,"","",,,,"",,,"","","",,,"","",,1,,,,"","","",,,,,,,1,,,,"","",,,,,"",,,"",,,"s",0.704,,"space",0.2387,,1,"orange_gnome",1,4,"dark_forest","yellow_basket","yellow_gnome",1,6,"bright_forest","red_basket",4,0,0,1,"orange_gnome","dark_forest","yellow_basket",1714,5,4,15,0,120,0,1,"",,,"",,,"",,,"",,,"",,,"",,,,,,,"",,,"","",,,,,,,,"",,,,,,,"",,,"","","",,,,,,,,"",,,,,,,
"","",,"","","","","","","",,"","","","","","","",,"","","","","","","",,"","","","","","","",,"","","","","","","",,"","","","","","","",,"","","","","","","",,"","","","","",25344,1,"2024-10-01_17h29.26.529","experiment","2023.2.3","Win32",18.01801802,"6668960872498f269966bfb2","66fbf9d935dbf9e9cfd29582","66fc2341c5b87f73ca5f0a65","",,,"",,,"",,,"",,,"",,,"",,,"",,,,,"","",,,,"",,,"","","",,,"","",,1,,,,"","","",,,,,,,1,,,,"","",,,,,"",,,"",,,"s",0.8017,,"space",0.7807,,1,"yellow_gnome",1,7,"bright_forest","red_basket","orange_gnome",1,8,"dark_forest","yellow_basket",7,0,0,1,"yellow_gnome","bright_forest","red_basket",1721,2,-2,15,1,121,0,1,"",,,"",,,"",,,"",,,"",,,"",,,,,,,"",,,"","",,,,,,,,"",,,,,,,"",,,"","","",,,,,,,,"",,,,,,,
"","",,"","","","","","","",,"","","","","","","",,"","","","","","","",,"","","","","","","",,"","","","","","","",,"","","","","","","",,"","","","","","","",,"","","","","",25344,1,"2024-10-01_17h29.26.529","experiment","2023.2.3","Win32",18.01801802,"6668960872498f269966bfb2","66fbf9d935dbf9e9cfd29582","66fc2341c5b87f73ca5f0a65","",,,"",,,"",,,"",,,"",,,"",,,"",,,,,"","",,,,"",,,"","","",,,"","",,5,,,,"","","",,,,,,,4,,,,"","",,,,,"",,,"",,,"s",0.6764,,"space",0.4273,,4,"red_gnome",4,6,"dark_forest","yellow_basket","purple_gnome",4,9,"bright_forest","red_basket",30,0,0,1,"red_gnome","dark_forest","yellow_basket",1751,-2,-1,15,2,122,7,1,"",,,"",,,"",,,"",,,"",,,"",,,,,,,"",,,"","",,,,,,,,"",,,,,,,"",,,"","","",,,,,,,,"",,,,,,,
"","",,"","","","","","","",,"","","","","","","",,"","","","","","","",,"","","","","","","",,"","","","","","","",,"","","","","","","",,"","","","","","","",,"","","","","",25344,1,"2024-10-01_17h29.26.529","experiment","2023.2.3","Win32",18.01801802,"6668960872498f269966bfb2","66fbf9d935dbf9e9cfd29582","66fc2341c5b87f73ca5f0a65","",,,"",,,"",,,"",,,"",,,"",,,"",,,,,"","",,,,"",,,"","","",,,"","",,1,,,,"","","",,,,,,,3,,,,"","",,,,,"",,,"",,,"s",0.6883,,"space",0.2449,,3,"green_gnome",3,7,"bright_forest","red_basket","pink_gnome",3,5,"dark_forest","yellow_basket",7,0,0,1,"green_gnome","bright_forest","red_basket",1758,3,1,15,3,123,2,1,"",,,"",,,"",,,"",,,"",,,"",,,,,,,"",,,"","",,,,,,,,"",,,,,,,"",,,"","","",,,,,,,,"",,,,,,,
"","",,"","","","","","","",,"","","","","","","",,"","","","","","","",,"","","","","","","",,"","","","","","","",,"","","","","","","",,"","","","","","","",,"","","","","",25344,1,"2024-10-01_17h29.26.529","experiment","2023.2.3","Win32",18.01801802,"6668960872498f269966bfb2","66fbf9d935dbf9e9cfd29582","66fc2341c5b87f73ca5f0a65","",,,"",,,"",,,"",,,"",,,"",,,"",,,,,"","",,,,"",,,"","","",,,"","",,5,,,,"","","",,,,,,,2,,,,"","",,,,,"",,,"",,,"k",0.8031,,"space",0.421,,2,"brown_gnome",2,8,"bright_forest","red_basket","blue_gnome",2,6,"dark_forest","yellow_basket",30,0,0,1,"blue_gnome","dark_forest","yellow_basket",1788,-1,-2,15,4,124,5,1,"",,,"",,,"",,,"",,,"",,,"",,,,,,,"",,,"","",,,,,,,,"",,,,,,,"",,,"","","",,,,,,,,"",,,,,,,
"","",,"","","","","","","",,"","","","","","","",,"","","","","","","",,"","","","","","","",,"","","","","","","",,"","","","","","","",,"","","","","","","",,"","","","","",25344,1,"2024-10-01_17h29.26.529","experiment","2023.2.3","Win32",18.01801802,"6668960872498f269966bfb2","66fbf9d935dbf9e9cfd29582","66fc2341c5b87f73ca5f0a65","",,,"",,,"",,,"",,,"",,,"",,,"",,,,,"","",,,,"",,,"","","",,,"","",,5,,,,"","","",,,,,,,2,,,,"","",,,,,"",,,"",,,"k",0.6687,,"space",0.6056,,2,"brown_gnome",2,7,"bright_forest","red_basket","blue_gnome",2,4,"dark_forest","yellow_basket",20,0,0,1,"blue_gnome","dark_forest","yellow_basket",1808,0,1,15,5,125,5,1,"",,,"",,,"",,,"",,,"",,,"",,,,,,,"",,,"","",,,,,,,,"",,,,,,,"",,,"","","",,,,,,,,"",,,,,,,
"","",,"","","","","","","",,"","","","","","","",,"","","","","","","",,"","","","","","","",,"","","","","","","",,"","","","","","","",,"","","","","","","",,"","","","","",25344,1,"2024-10-01_17h29.26.529","experiment","2023.2.3","Win32",18.01801802,"6668960872498f269966bfb2","66fbf9d935dbf9e9cfd29582","66fc2341c5b87f73ca5f0a65","",,,"",,,"",,,"",,,"",,,"",,,"",,,,,"","",,,,"",,,"","","",,,"","",,1,,,,"","","",,,,,,,3,,,,"","",,,,,"",,,"",,,"s",0.5813,,"space",0.4472,,3,"green_gnome",3,7,"bright_forest","red_basket","pink_gnome",3,5,"dark_forest","yellow_basket",7,0,0,1,"green_gnome","bright_forest","red_basket",1815,0,-1,15,6,126,2,1,"",,,"",,,"",,,"",,,"",,,"",,,,,,,"",,,"","",,,,,,,,"",,,,,,,"",,,"","","",,,,,,,,"",,,,,,,
"","",,"","","","","","","",,"","","","","","","",,"","","","","","","",,"","","","","","","",,"","","","","","","",,"","","","","","","",,"","","","","","","",,"","","","","",25344,1,"2024-10-01_17h29.26.529","experiment","2023.2.3","Win32",18.01801802,"6668960872498f269966bfb2","66fbf9d935dbf9e9cfd29582","66fc2341c5b87f73ca5f0a65","",,,"",,,"",,,"",,,"",,,"",,,"",,,,,"","",,,,"",,,"","","",,,"","",,1,,,,"","","",,,,,,,4,,,,"","",,,,,"",,,"",,,"s",0.5897,,"space",0.4411,,4,"purple_gnome",4,7,"bright_forest","red_basket","red_gnome",4,4,"dark_forest","yellow_basket",7,0,0,1,"purple_gnome","bright_forest","red_basket",1822,-3,0,15,7,127,3,1,"space",1.5089,,"",,,"",,,"",,,"",,,"",,,,,,,"",,,"","",,,,,,,,"",,,,,,,"",,,"","","",,,,,,,,"",,,,,,,
"","",,"","","","","","","",,"","","","","","","",,"","","","","","","",,"","","","","","","",,"","","","","","","",,"","","","","","","",,"","","","","","","",,"","","","","",25344,1,"2024-10-01_17h29.26.529","experiment","2023.2.3","Win32",18.01801802,"6668960872498f269966bfb2","66fbf9d935dbf9e9cfd29582","66fc2341c5b87f73ca5f0a65","",,,"",,,"",,,"",,,"",,,"",,,"",,,,,"","",,,,"",,,"","","",,,"","",,5,,,,"","","",,,,,,,2,,,,"","",,,,,"",,,"",,,"k",0.7925,,"space",0.4321,,2,"brown_gnome",2,4,"bright_forest","red_basket","blue_gnome",2,4,"dark_forest","yellow_basket",20,0,0,1,"blue_gnome","dark_forest","yellow_basket",1842,4,-5,16,0,128,5,1,"",,,"",,,"",,,"",,,"",,,"",,,,,,,"",,,"","",,,,,,,,"",,,,,,,"",,,"","","",,,,,,,,"",,,,,,,
"","",,"","","","","","","",,"","","","","","","",,"","","","","","","",,"","","","","","","",,"","","","","","","",,"","","","","","","",,"","","","","","","",,"","","","","",25344,1,"2024-10-01_17h29.26.529","experiment","2023.2.3","Win32",18.01801802,"6668960872498f269966bfb2","66fbf9d935dbf9e9cfd29582","66fc2341c5b87f73ca5f0a65","",,,"",,,"",,,"",,,"",,,"",,,"",,,,,"","",,,,"",,,"","","",,,"","",,5,,,,"","","",,,,,,,1,,,,"","",,,,,"",,,"",,,"s",0.9022,,"space",0.9899,,1,"yellow_gnome",1,8,"bright_forest","red_basket","orange_gnome",1,1,"dark_forest","yellow_basket",40,0,0,1,"yellow_gnome","bright_forest","red_basket",1882,-2,2,16,1,129,4,1,"",,,"",,,"",,,"",,,"",,,"",,,,,,,"",,,"","",,,,,,,,"",,,,,,,"",,,"","","",,,,,,,,"",,,,,,,
"","",,"","","","","","","",,"","","","","","","",,"","","","","","","",,"","","","","","","",,"","","","","","","",,"","","","","","","",,"","","","","","","",,"","","","","",25344,1,"2024-10-01_17h29.26.529","experiment","2023.2.3","Win32",18.01801802,"6668960872498f269966bfb2","66fbf9d935dbf9e9cfd29582","66fc2341c5b87f73ca5f0a65","",,,"",,,"",,,"",,,"",,,"",,,"",,,,,"","",,,,"",,,"","","",,,"","",,5,,,,"","","",,,,,,,2,,,,"","",,,,,"",,,"",,,"k",0.7069,,"space",0.5188,,2,"brown_gnome",2,6,"bright_forest","red_basket","blue_gnome",2,3,"dark_forest","yellow_basket",15,0,0,1,"blue_gnome","dark_forest","yellow_basket",1897,-1,0,16,2,130,5,1,"",,,"",,,"",,,"",,,"",,,"",,,,,,,"",,,"","",,,,,,,,"",,,,,,,"",,,"","","",,,,,,,,"",,,,,,,
"","",,"","","","","","","",,"","","","","","","",,"","","","","","","",,"","","","","","","",,"","","","","","","",,"","","","","","","",,"","","","","","","",,"","","","","",25344,1,"2024-10-01_17h29.26.529","experiment","2023.2.3","Win32",18.01801802,"6668960872498f269966bfb2","66fbf9d935dbf9e9cfd29582","66fc2341c5b87f73ca5f0a65","",,,"",,,"",,,"",,,"",,,"",,,"",,,,,"","",,,,"",,,"","","",,,"","",,1,,,,"","","",,,,,,,2,,,,"","",,,,,"",,,"",,,"k",0.6843,,"",,,2,"brown_gnome",2,5,"bright_forest","red_basket","blue_gnome",2,3,"dark_forest","yellow_basket",0,0,1,0,"blue_gnome","dark_forest","yellow_basket",1897,-4,2,16,3,131,1,1,"",,,"",,,"",,,"",,,"",,,"",,,,,,,"",,,"","",,,,,,,,"",,,,,,,"",,,"","","",,,,,,,,"",,,,,,,
"","",,"","","","","","","",,"","","","","","","",,"","","","","","","",,"","","","","","","",,"","","","","","","",,"","","","","","","",,"","","","","","","",,"","","","","",25344,1,"2024-10-01_17h29.26.529","experiment","2023.2.3","Win32",18.01801802,"6668960872498f269966bfb2","66fbf9d935dbf9e9cfd29582","66fc2341c5b87f73ca5f0a65","",,,"",,,"",,,"",,,"",,,"",,,"",,,,,"","",,,,"",,,"","","",,,"","",,1,,,,"","","",,,,,,,2,,,,"","",,,,,"",,,"",,,"s",0.462,,"space",0.2377,,2,"brown_gnome",2,1,"bright_forest","red_basket","blue_gnome",2,5,"dark_forest","yellow_basket",1,0,0,1,"brown_gnome","bright_forest","red_basket",1898,-1,-4,16,4,132,1,1,"",,,"",,,"",,,"",,,"",,,"",,,,,,,"",,,"","",,,,,,,,"",,,,,,,"",,,"","","",,,,,,,,"",,,,,,,
"","",,"","","","","","","",,"","","","","","","",,"","","","","","","",,"","","","","","","",,"","","","","","","",,"","","","","","","",,"","","","","","","",,"","","","","",25344,1,"2024-10-01_17h29.26.529","experiment","2023.2.3","Win32",18.01801802,"6668960872498f269966bfb2","66fbf9d935dbf9e9cfd29582","66fc2341c5b87f73ca5f0a65","",,,"",,,"",,,"",,,"",,,"",,,"",,,,,"","",,,,"",,,"","","",,,"","",,5,,,,"","","",,,,,,,2,,,,"","",,,,,"",,,"",,,"k",0.7858,,"space",0.4249,,2,"brown_gnome",2,0,"bright_forest","red_basket","blue_gnome",2,1,"dark_forest","yellow_basket",5,0,0,1,"blue_gnome","dark_forest","yellow_basket",1903,3,0,16,5,133,5,1,"",,,"",,,"",,,"",,,"",,,"",,,,,,,"",,,"","",,,,,,,,"",,,,,,,"",,,"","","",,,,,,,,"",,,,,,,
"","",,"","","","","","","",,"","","","","","","",,"","","","","","","",,"","","","","","","",,"","","","","","","",,"","","","","","","",,"","","","","","","",,"","","","","",25344,1,"2024-10-01_17h29.26.529","experiment","2023.2.3","Win32",18.01801802,"6668960872498f269966bfb2","66fbf9d935dbf9e9cfd29582","66fc2341c5b87f73ca5f0a65","",,,"",,,"",,,"",,,"",,,"",,,"",,,,,"","",,,,"",,,"","","",,,"","",,5,,,,"","","",,,,,,,3,,,,"","",,,,,"",,,"",,,"s",0.678,,"space",0.228,,3,"pink_gnome",3,1,"dark_forest","yellow_basket","green_gnome",3,3,"bright_forest","red_basket",5,0,0,1,"pink_gnome","dark_forest","yellow_basket",1908,1,2,16,6,134,6,1,"",,,"",,,"",,,"",,,"",,,"",,,,,,,"",,,"","",,,,,,,,"",,,,,,,"",,,"","","",,,,,,,,"",,,,,,,
"","",,"","","","","","","",,"","","","","","","",,"","","","","","","",,"","","","","","","",,"","","","","","","",,"","","","","","","",,"","","","","","","",,"","","","","",25344,1,"2024-10-01_17h29.26.529","experiment","2023.2.3","Win32",18.01801802,"6668960872498f269966bfb2","66fbf9d935dbf9e9cfd29582","66fc2341c5b87f73ca5f0a65","",,,"",,,"",,,"",,,"",,,"",,,"",,,,,"","",,,,"",,,"","","",,,"","",,1,,,,"","","",,,,,,,2,,,,"","",,,,,"",,,"",,,"s",0.685,,"space",0.428,,2,"blue_gnome",2,3,"dark_forest","yellow_basket","brown_gnome",2,4,"bright_forest","red_basket",3,0,0,1,"blue_gnome","dark_forest","yellow_basket",1911,1,3,16,7,135,1,1,"",,,"",,,"",,,"",,,"",,,"",,,,,,,"",,,"","",,,,,,,,"",,,,,,,"",,,"","","",,,,,,,,"",,,,,,,
"","",,"","","","","","","",,"","","","","","","",,"","","","","","","",,"","","","","","","",,"","","","","","","",,"","","","","","","",,"","","","","","","",,"","","","","",25344,1,"2024-10-01_17h29.26.529","experiment","2023.2.3","Win32",18.01801802,"6668960872498f269966bfb2","66fbf9d935dbf9e9cfd29582","66fc2341c5b87f73ca5f0a65","",,,"",,,"",,,"",,,"",,,"",,,"",,,,,"","",,,,"",,,"","","",,,"","",,1,,,,"","","",,,,,,,1,,,,"","",,,,,"",,,"",,,"s",0.6928,,"space",0.5477,,1,"yellow_gnome",1,5,"bright_forest","red_basket","orange_gnome",1,6,"dark_forest","yellow_basket",5,0,0,1,"yellow_gnome","bright_forest","red_basket",1916,-1,2,17,0,136,0,1,"",,,"",,,"",,,"",,,"",,,"",,,,,,,"",,,"","",,,,,,,,"",,,,,,,"",,,"","","",,,,,,,,"",,,,,,,
"","",,"","","","","","","",,"","","","","","","",,"","","","","","","",,"","","","","","","",,"","","","","","","",,"","","","","","","",,"","","","","","","",,"","","","","",25344,1,"2024-10-01_17h29.26.529","experiment","2023.2.3","Win32",18.01801802,"6668960872498f269966bfb2","66fbf9d935dbf9e9cfd29582","66fc2341c5b87f73ca5f0a65","",,,"",,,"",,,"",,,"",,,"",,,"",,,,,"","",,,,"",,,"","","",,,"","",,1,,,,"","","",,,,,,,1,,,,"","",,,,,"",,,"",,,"s",0.6789,,"space",0.443,,1,"yellow_gnome",1,4,"bright_forest","red_basket","orange_gnome",1,8,"dark_forest","yellow_basket",4,0,0,1,"yellow_gnome","bright_forest","red_basket",1920,3,3,17,1,137,0,1,"",,,"",,,"",,,"",,,"",,,"",,,,,,,"",,,"","",,,,,,,,"",,,,,,,"",,,"","","",,,,,,,,"",,,,,,,
"","",,"","","","","","","",,"","","","","","","",,"","","","","","","",,"","","","","","","",,"","","","","","","",,"","","","","","","",,"","","","","","","",,"","","","","",25344,1,"2024-10-01_17h29.26.529","experiment","2023.2.3","Win32",18.01801802,"6668960872498f269966bfb2","66fbf9d935dbf9e9cfd29582","66fc2341c5b87f73ca5f0a65","",,,"",,,"",,,"",,,"",,,"",,,"",,,,,"","",,,,"",,,"","","",,,"","",,5,,,,"","","",,,,,,,3,,,,"","",,,,,"",,,"",,,"s",0.6684,,"space",0.2491,,3,"green_gnome",3,7,"bright_forest","red_basket","pink_gnome",3,7,"dark_forest","yellow_basket",35,0,0,1,"green_gnome","bright_forest","red_basket",1955,-3,-2,17,2,138,6,1,"",,,"",,,"",,,"",,,"",,,"",,,,,,,"",,,"","",,,,,,,,"",,,,,,,"",,,"","","",,,,,,,,"",,,,,,,
"","",,"","","","","","","",,"","","","","","","",,"","","","","","","",,"","","","","","","",,"","","","","","","",,"","","","","","","",,"","","","","","","",,"","","","","",25344,1,"2024-10-01_17h29.26.529","experiment","2023.2.3","Win32",18.01801802,"6668960872498f269966bfb2","66fbf9d935dbf9e9cfd29582","66fc2341c5b87f73ca5f0a65","",,,"",,,"",,,"",,,"",,,"",,,"",,,,,"","",,,,"",,,"","","",,,"","",,5,,,,"","","",,,,,,,2,,,,"","",,,,,"",,,"",,,"k",0.7979,,"space",0.5592,,2,"brown_gnome",2,4,"bright_forest","red_basket","blue_gnome",2,5,"dark_forest","yellow_basket",25,0,0,1,"blue_gnome","dark_forest","yellow_basket",1980,0,-2,17,3,139,5,1,"",,,"",,,"",,,"",,,"",,,"",,,,,,,"",,,"","",,,,,,,,"",,,,,,,"",,,"","","",,,,,,,,"",,,,,,,
"","",,"","","","","","","",,"","","","","","","",,"","","","","","","",,"","","","","","","",,"","","","","","","",,"","","","","","","",,"","","","","","","",,"","","","","",25344,1,"2024-10-01_17h29.26.529","experiment","2023.2.3","Win32",18.01801802,"6668960872498f269966bfb2","66fbf9d935dbf9e9cfd29582","66fc2341c5b87f73ca5f0a65","",,,"",,,"",,,"",,,"",,,"",,,"",,,,,"","",,,,"",,,"","","",,,"","",,1,,,,"","","",,,,,,,2,,,,"","",,,,,"",,,"",,,"k",0.8114,,"space",0.5383,,2,"brown_gnome",2,4,"bright_forest","red_basket","blue_gnome",2,3,"dark_forest","yellow_basket",3,0,0,1,"blue_gnome","dark_forest","yellow_basket",1983,1,-1,17,4,140,1,1,"",,,"",,,"",,,"",,,"",,,"",,,,,,,"",,,"","",,,,,,,,"",,,,,,,"",,,"","","",,,,,,,,"",,,,,,,
"","",,"","","","","","","",,"","","","","","","",,"","","","","","","",,"","","","","","","",,"","","","","","","",,"","","","","","","",,"","","","","","","",,"","","","","",25344,1,"2024-10-01_17h29.26.529","experiment","2023.2.3","Win32",18.01801802,"6668960872498f269966bfb2","66fbf9d935dbf9e9cfd29582","66fc2341c5b87f73ca5f0a65","",,,"",,,"",,,"",,,"",,,"",,,"",,,,,"","",,,,"",,,"","","",,,"","",,5,,,,"","","",,,,,,,3,,,,"","",,,,,"",,,"",,,"s",0.813,,"space",1.0719,,3,"green_gnome",3,5,"bright_forest","red_basket","pink_gnome",3,2,"dark_forest","yellow_basket",25,0,0,1,"green_gnome","bright_forest","red_basket",2008,1,1,17,5,141,6,1,"",,,"",,,"",,,"",,,"",,,"",,,,,,,"",,,"","",,,,,,,,"",,,,,,,"",,,"","","",,,,,,,,"",,,,,,,
"","",,"","","","","","","",,"","","","","","","",,"","","","","","","",,"","","","","","","",,"","","","","","","",,"","","","","","","",,"","","","","","","",,"","","","","",25344,1,"2024-10-01_17h29.26.529","experiment","2023.2.3","Win32",18.01801802,"6668960872498f269966bfb2","66fbf9d935dbf9e9cfd29582","66fc2341c5b87f73ca5f0a65","",,,"",,,"",,,"",,,"",,,"",,,"",,,,,"","",,,,"",,,"","","",,,"","",,5,,,,"","","",,,,,,,4,,,,"","",,,,,"",,,"",,,"s",1.2286,,"space",0.549,,4,"red_gnome",4,3,"dark_forest","yellow_basket","purple_gnome",4,6,"bright_forest","red_basket",15,0,0,1,"red_gnome","dark_forest","yellow_basket",2023,-1,-2,17,6,142,7,1,"",,,"",,,"",,,"",,,"",,,"",,,,,,,"",,,"","",,,,,,,,"",,,,,,,"",,,"","","",,,,,,,,"",,,,,,,
"","",,"","","","","","","",,"","","","","","","",,"","","","","","","",,"","","","","","","",,"","","","","","","",,"","","","","","","",,"","","","","","","",,"","","","","",25344,1,"2024-10-01_17h29.26.529","experiment","2023.2.3","Win32",18.01801802,"6668960872498f269966bfb2","66fbf9d935dbf9e9cfd29582","66fc2341c5b87f73ca5f0a65","",,,"",,,"",,,"",,,"",,,"",,,"",,,,,"","",,,,"",,,"","","",,,"","",,5,,,,"","","",,,,,,,1,,,,"","",,,,,"",,,"",,,"s",0.6863,,"space",0.6383,,1,"orange_gnome",1,1,"dark_forest","yellow_basket","yellow_gnome",1,5,"bright_forest","red_basket",5,0,0,1,"orange_gnome","dark_forest","yellow_basket",2028,2,0,17,7,143,4,1,"",,,"",,,"",,,"",,,"",,,"",,,,,,,"",,,"","",,,,,,,,"",,,,,,,"",,,"","","",,,,,,,,"",,,,,,,
"","",,"","","","","","","",,"","","","","","","",,"","","","","","","",,"","","","","","","",,"","","","","","","",,"","","","","","","",,"","","","","","","",,"","","","","",25344,1,"2024-10-01_17h29.26.529","experiment","2023.2.3","Win32",18.01801802,"6668960872498f269966bfb2","66fbf9d935dbf9e9cfd29582","66fc2341c5b87f73ca5f0a65","",,,"",,,"",,,"",,,"",,,"",,,"",,,,,"","",,,,"",,,"","","",,,"","",,1,,,,"","","",,,,,,,3,,,,"","",,,,,"",,,"",,,"k",0.5699,,"space",0.9469,,3,"green_gnome",3,7,"bright_forest","red_basket","pink_gnome",3,1,"dark_forest","yellow_basket",1,0,0,1,"pink_gnome","dark_forest","yellow_basket",2029,4,1,18,0,144,2,1,"",,,"",,,"",,,"",,,"",,,"",,,,,,,"",,,"","",,,,,,,,"",,,,,,,"",,,"","","",,,,,,,,"",,,,,,,
"","",,"","","","","","","",,"","","","","","","",,"","","","","","","",,"","","","","","","",,"","","","","","","",,"","","","","","","",,"","","","","","","",,"","","","","",25344,1,"2024-10-01_17h29.26.529","experiment","2023.2.3","Win32",18.01801802,"6668960872498f269966bfb2","66fbf9d935dbf9e9cfd29582","66fc2341c5b87f73ca5f0a65","",,,"",,,"",,,"",,,"",,,"",,,"",,,,,"","",,,,"",,,"","","",,,"","",,5,,,,"","","",,,,,,,3,,,,"","",,,,,"",,,"",,,"s",0.6697,,"space",0.2183,,3,"pink_gnome",3,2,"dark_forest","yellow_basket","green_gnome",3,7,"bright_forest","red_basket",10,0,0,1,"pink_gnome","dark_forest","yellow_basket",2039,1,-2,18,1,145,6,1,"",,,"",,,"",,,"",,,"",,,"",,,,,,,"",,,"","",,,,,,,,"",,,,,,,"",,,"","","",,,,,,,,"",,,,,,,
"","",,"","","","","","","",,"","","","","","","",,"","","","","","","",,"","","","","","","",,"","","","","","","",,"","","","","","","",,"","","","","","","",,"","","","","",25344,1,"2024-10-01_17h29.26.529","experiment","2023.2.3","Win32",18.01801802,"6668960872498f269966bfb2","66fbf9d935dbf9e9cfd29582","66fc2341c5b87f73ca5f0a65","",,,"",,,"",,,"",,,"",,,"",,,"",,,,,"","",,,,"",,,"","","",,,"","",,1,,,,"","","",,,,,,,4,,,,"","",,,,,"",,,"",,,"s",0.7735,,"space",0.5302,,4,"purple_gnome",4,8,"bright_forest","red_basket","red_gnome",4,0,"dark_forest","yellow_basket",8,0,0,1,"purple_gnome","bright_forest","red_basket",2047,-4,-1,18,2,146,3,1,"",,,"",,,"",,,"",,,"",,,"",,,,,,,"",,,"","",,,,,,,,"",,,,,,,"",,,"","","",,,,,,,,"",,,,,,,
"","",,"","","","","","","",,"","","","","","","",,"","","","","","","",,"","","","","","","",,"","","","","","","",,"","","","","","","",,"","","","","","","",,"","","","","",25344,1,"2024-10-01_17h29.26.529","experiment","2023.2.3","Win32",18.01801802,"6668960872498f269966bfb2","66fbf9d935dbf9e9cfd29582","66fc2341c5b87f73ca5f0a65","",,,"",,,"",,,"",,,"",,,"",,,"",,,,,"","",,,,"",,,"","","",,,"","",,5,,,,"","","",,,,,,,3,,,,"","",,,,,"",,,"",,,"s",0.8863,2e-04,"",,,3,"pink_gnome",3,1,"dark_forest","yellow_basket","green_gnome",3,4,"bright_forest","red_basket",0,0,1,0,"pink_gnome","dark_forest","yellow_basket",2047,-4,5,18,3,147,6,1,"",,,"",,,"",,,"",,,"",,,"",,,,,,,"",,,"","",,,,,,,,"",,,,,,,"",,,"","","",,,,,,,,"",,,,,,,
"","",,"","","","","","","",,"","","","","","","",,"","","","","","","",,"","","","","","","",,"","","","","","","",,"","","","","","","",,"","","","","","","",,"","","","","",25344,1,"2024-10-01_17h29.26.529","experiment","2023.2.3","Win32",18.01801802,"6668960872498f269966bfb2","66fbf9d935dbf9e9cfd29582","66fc2341c5b87f73ca5f0a65","",,,"",,,"",,,"",,,"",,,"",,,"",,,,,"","",,,,"",,,"","","",,,"","",,5,,,,"","","",,,,,,,1,,,,"","",,,,,"",,,"",,,"s",0.6644,,"space",0.1323,,1,"yellow_gnome",1,0,"bright_forest","red_basket","orange_gnome",1,6,"dark_forest","yellow_basket",0,0,0,1,"yellow_gnome","bright_forest","red_basket",2047,0,1,18,4,148,4,1,"",,,"",,,"",,,"",,,"",,,"",,,,,,,"",,,"","",,,,,,,,"",,,,,,,"",,,"","","",,,,,,,,"",,,,,,,
"","",,"","","","","","","",,"","","","","","","",,"","","","","","","",,"","","","","","","",,"","","","","","","",,"","","","","","","",,"","","","","","","",,"","","","","",25344,1,"2024-10-01_17h29.26.529","experiment","2023.2.3","Win32",18.01801802,"6668960872498f269966bfb2","66fbf9d935dbf9e9cfd29582","66fc2341c5b87f73ca5f0a65","",,,"",,,"",,,"",,,"",,,"",,,"",,,,,"","",,,,"",,,"","","",,,"","",,1,,,,"","","",,,,,,,4,,,,"","",,,,,"",,,"",,,"k",0.6716,,"space",0.3269,,4,"purple_gnome",4,0,"bright_forest","red_basket","red_gnome",4,7,"dark_forest","yellow_basket",7,0,0,1,"red_gnome","dark_forest","yellow_basket",2054,-1,-2,18,5,149,3,1,"",,,"",,,"",,,"",,,"",,,"",,,,,,,"",,,"","",,,,,,,,"",,,,,,,"",,,"","","",,,,,,,,"",,,,,,,
"","",,"","","","","","","",,"","","","","","","",,"","","","","","","",,"","","","","","","",,"","","","","","","",,"","","","","","","",,"","","","","","","",,"","","","","",25344,1,"2024-10-01_17h29.26.529","experiment","2023.2.3","Win32",18.01801802,"6668960872498f269966bfb2","66fbf9d935dbf9e9cfd29582","66fc2341c5b87f73ca5f0a65","",,,"",,,"",,,"",,,"",,,"",,,"",,,,,"","",,,,"",,,"","","",,,"","",,5,,,,"","","",,,,,,,3,,,,"","",,,,,"",,,"",,,"s",0.5669,,"space",0.4583,,3,"green_gnome",3,1,"bright_forest","red_basket","pink_gnome",3,5,"dark_forest","yellow_basket",5,0,0,1,"green_gnome","bright_forest","red_basket",2059,-1,0,18,6,150,6,1,"",,,"",,,"",,,"",,,"",,,"",,,,,,,"",,,"","",,,,,,,,"",,,,,,,"",,,"","","",,,,,,,,"",,,,,,,
"","",,"","","","","","","",,"","","","","","","",,"","","","","","","",,"","","","","","","",,"","","","","","","",,"","","","","","","",,"","","","","","","",,"","","","","",25344,1,"2024-10-01_17h29.26.529","experiment","2023.2.3","Win32",18.01801802,"6668960872498f269966bfb2","66fbf9d935dbf9e9cfd29582","66fc2341c5b87f73ca5f0a65","",,,"",,,"",,,"",,,"",,,"",,,"",,,,,"","",,,,"",,,"","","",,,"","",,1,,,,"","","",,,,,,,4,,,,"","",,,,,"",,,"",,,"s",0.5792,,"space",0.1138,,4,"red_gnome",4,5,"dark_forest","yellow_basket","purple_gnome",4,0,"bright_forest","red_basket",5,0,0,1,"red_gnome","dark_forest","yellow_basket",2064,0,-1,18,7,151,3,1,"",,,"",,,"",,,"",,,"",,,"",,,,,,,"",,,"","",,,,,,,,"",,,,,,,"",,,"","","",,,,,,,,"",,,,,,,
"","",,"","","","","","","",,"","","","","","","",,"","","","","","","",,"","","","","","","",,"","","","","","","",,"","","","","","","",,"","","","","","","",,"","","","","",25344,1,"2024-10-01_17h29.26.529","experiment","2023.2.3","Win32",18.01801802,"6668960872498f269966bfb2","66fbf9d935dbf9e9cfd29582","66fc2341c5b87f73ca5f0a65","",,,"",,,"",,,"",,,"",,,"",,,"",,,,,"","",,,,"",,,"","","",,,"","",,5,,,,"","","",,,,,,,3,,,,"","",,,,,"",,,"",,,"s",0.5603,,"space",0.4466,,3,"green_gnome",3,0,"bright_forest","red_basket","pink_gnome",3,4,"dark_forest","yellow_basket",0,0,0,1,"green_gnome","bright_forest","red_basket",2064,-1,-1,19,0,152,6,1,"",,,"",,,"",,,"",,,"",,,"",,,,,,,"",,,"","",,,,,,,,"",,,,,,,"",,,"","","",,,,,,,,"",,,,,,,
"","",,"","","","","","","",,"","","","","","","",,"","","","","","","",,"","","","","","","",,"","","","","","","",,"","","","","","","",,"","","","","","","",,"","","","","",25344,1,"2024-10-01_17h29.26.529","experiment","2023.2.3","Win32",18.01801802,"6668960872498f269966bfb2","66fbf9d935dbf9e9cfd29582","66fc2341c5b87f73ca5f0a65","",,,"",,,"",,,"",,,"",,,"",,,"",,,,,"","",,,,"",,,"","","",,,"","",,5,,,,"","","",,,,,,,4,,,,"","",,,,,"",,,"",,,"s",0.6748,,"space",0.4216,,4,"red_gnome",4,3,"dark_forest","yellow_basket","purple_gnome",4,1,"bright_forest","red_basket",15,0,0,1,"red_gnome","dark_forest","yellow_basket",2079,3,1,19,1,153,7,1,"",,,"",,,"",,,"",,,"",,,"",,,,,,,"",,,"","",,,,,,,,"",,,,,,,"",,,"","","",,,,,,,,"",,,,,,,
"","",,"","","","","","","",,"","","","","","","",,"","","","","","","",,"","","","","","","",,"","","","","","","",,"","","","","","","",,"","","","","","","",,"","","","","",25344,1,"2024-10-01_17h29.26.529","experiment","2023.2.3","Win32",18.01801802,"6668960872498f269966bfb2","66fbf9d935dbf9e9cfd29582","66fc2341c5b87f73ca5f0a65","",,,"",,,"",,,"",,,"",,,"",,,"",,,,,"","",,,,"",,,"","","",,,"","",,5,,,,"","","",,,,,,,1,,,,"","",,,,,"",,,"",,,"s",0.6563,,"space",0.4414,,1,"orange_gnome",1,4,"dark_forest","yellow_basket","yellow_gnome",1,4,"bright_forest","red_basket",20,0,0,1,"orange_gnome","dark_forest","yellow_basket",2099,-1,4,19,2,154,4,1,"",,,"",,,"",,,"",,,"",,,"",,,,,,,"",,,"","",,,,,,,,"",,,,,,,"",,,"","","",,,,,,,,"",,,,,,,
"","",,"","","","","","","",,"","","","","","","",,"","","","","","","",,"","","","","","","",,"","","","","","","",,"","","","","","","",,"","","","","","","",,"","","","","",25344,1,"2024-10-01_17h29.26.529","experiment","2023.2.3","Win32",18.01801802,"6668960872498f269966bfb2","66fbf9d935dbf9e9cfd29582","66fc2341c5b87f73ca5f0a65","",,,"",,,"",,,"",,,"",,,"",,,"",,,,,"","",,,,"",,,"","","",,,"","",,5,,,,"","","",,,,,,,1,,,,"","",,,,,"",,,"",,,"s",0.6825,,"space",0.5779,,1,"yellow_gnome",1,3,"bright_forest","red_basket","orange_gnome",1,8,"dark_forest","yellow_basket",15,0,0,1,"yellow_gnome","bright_forest","red_basket",2114,-2,-1,19,3,155,4,1,"",,,"",,,"",,,"",,,"",,,"",,,,,,,"",,,"","",,,,,,,,"",,,,,,,"",,,"","","",,,,,,,,"",,,,,,,
"","",,"","","","","","","",,"","","","","","","",,"","","","","","","",,"","","","","","","",,"","","","","","","",,"","","","","","","",,"","","","","","","",,"","","","","",25344,1,"2024-10-01_17h29.26.529","experiment","2023.2.3","Win32",18.01801802,"6668960872498f269966bfb2","66fbf9d935dbf9e9cfd29582","66fc2341c5b87f73ca5f0a65","",,,"",,,"",,,"",,,"",,,"",,,"",,,,,"","",,,,"",,,"","","",,,"","",,1,,,,"","","",,,,,,,4,,,,"","",,,,,"",,,"",,,"s",1.1141,,"space",0.5529,,4,"purple_gnome",4,1,"bright_forest","red_basket","red_gnome",4,7,"dark_forest","yellow_basket",1,0,0,1,"purple_gnome","bright_forest","red_basket",2115,0,-1,19,4,156,3,1,"",,,"",,,"",,,"",,,"",,,"",,,,,,,"",,,"","",,,,,,,,"",,,,,,,"",,,"","","",,,,,,,,"",,,,,,,
"","",,"","","","","","","",,"","","","","","","",,"","","","","","","",,"","","","","","","",,"","","","","","","",,"","","","","","","",,"","","","","","","",,"","","","","",25344,1,"2024-10-01_17h29.26.529","experiment","2023.2.3","Win32",18.01801802,"6668960872498f269966bfb2","66fbf9d935dbf9e9cfd29582","66fc2341c5b87f73ca5f0a65","",,,"",,,"",,,"",,,"",,,"",,,"",,,,,"","",,,,"",,,"","","",,,"","",,5,,,,"","","",,,,,,,4,,,,"","",,,,,"",,,"",,,"s",0.9989,,"space",0.7406,,4,"red_gnome",4,6,"dark_forest","yellow_basket","purple_gnome",4,1,"bright_forest","red_basket",30,0,0,1,"red_gnome","dark_forest","yellow_basket",2145,-2,0,19,5,157,7,1,"",,,"",,,"",,,"",,,"",,,"",,,,,,,"",,,"","",,,,,,,,"",,,,,,,"",,,"","","",,,,,,,,"",,,,,,,
"","",,"","","","","","","",,"","","","","","","",,"","","","","","","",,"","","","","","","",,"","","","","","","",,"","","","","","","",,"","","","","","","",,"","","","","",25344,1,"2024-10-01_17h29.26.529","experiment","2023.2.3","Win32",18.01801802,"6668960872498f269966bfb2","66fbf9d935dbf9e9cfd29582","66fc2341c5b87f73ca5f0a65","",,,"",,,"",,,"",,,"",,,"",,,"",,,,,"","",,,,"",,,"","","",,,"","",,5,,,,"","","",,,,,,,1,,,,"","",,,,,"",,,"",,,"s",0.6572,,"space",0.2267,,1,"orange_gnome",1,6,"dark_forest","yellow_basket","yellow_gnome",1,1,"bright_forest","red_basket",30,0,0,1,"orange_gnome","dark_forest","yellow_basket",2175,3,0,19,6,158,4,1,"",,,"",,,"",,,"",,,"",,,"",,,,,,,"",,,"","",,,,,,,,"",,,,,,,"",,,"","","",,,,,,,,"",,,,,,,
"","",,"","","","","","","",,"","","","","","","",,"","","","","","","",,"","","","","","","",,"","","","","","","",,"","","","","","","",,"","","","","","","",,"","","","","",25344,1,"2024-10-01_17h29.26.529","experiment","2023.2.3","Win32",18.01801802,"6668960872498f269966bfb2","66fbf9d935dbf9e9cfd29582","66fc2341c5b87f73ca5f0a65","",,,"",,,"",,,"",,,"",,,"",,,"",,,,,"","",,,,"",,,"","","",,,"","",,5,,,,"","","",,,,,,,2,,,,"","",,,,,"",,,"",,,"k",0.6767,,"space",0.5557,,2,"brown_gnome",2,4,"bright_forest","red_basket","blue_gnome",2,6,"dark_forest","yellow_basket",30,0,0,1,"blue_gnome","dark_forest","yellow_basket",2205,-1,-5,19,7,159,5,1,"",,,"",,,"",,,"",,,"",,,"",,,,,,,"",,,"","",,,,,,,,"",,,,,,,"",,,"","","",,,,,,,,"",,,,,,,
"","",,"","","","","","","",,"","","","","","","",,"","","","","","","",,"","","","","","","",,"","","","","","","",,"","","","","","","",,"","","","","","","",,"","","","","",25344,1,"2024-10-01_17h29.26.529","experiment","2023.2.3","Win32",18.01801802,"6668960872498f269966bfb2","66fbf9d935dbf9e9cfd29582","66fc2341c5b87f73ca5f0a65","",,,"",,,"",,,"",,,"",,,"",,,"",,,,,"","",,,,"",,,"","","",,,"","",,1,,,,"","","",,,,,,,3,,,,"","",,,,,"",,,"",,,"s",0.6555,,"space",0.418,,3,"pink_gnome",3,1,"dark_forest","yellow_basket","green_gnome",3,3,"bright_forest","red_basket",1,0,0,1,"pink_gnome","dark_forest","yellow_basket",2206,2,3,20,0,160,2,1,"",,,"",,,"",,,"",,,"",,,"",,,,,,,"",,,"","",,,,,,,,"",,,,,,,"",,,"","","",,,,,,,,"",,,,,,,
"","",,"","","","","","","",,"","","","","","","",,"","","","","","","",,"","","","","","","",,"","","","","","","",,"","","","","","","",,"","","","","","","",,"","","","","",25344,1,"2024-10-01_17h29.26.529","experiment","2023.2.3","Win32",18.01801802,"6668960872498f269966bfb2","66fbf9d935dbf9e9cfd29582","66fc2341c5b87f73ca5f0a65","",,,"",,,"",,,"",,,"",,,"",,,"",,,,,"","",,,,"",,,"","","",,,"","",,5,,,,"","","",,,,,,,1,,,,"","",,,,,"",,,"",,,"s",0.7636,,"",,,1,"orange_gnome",1,4,"dark_forest","yellow_basket","yellow_gnome",1,5,"bright_forest","red_basket",0,0,1,0,"orange_gnome","dark_forest","yellow_basket",2206,1,1,20,1,161,4,1,"",,,"",,,"",,,"",,,"",,,"",,,,,,,"",,,"","",,,,,,,,"",,,,,,,"",,,"","","",,,,,,,,"",,,,,,,
"","",,"","","","","","","",,"","","","","","","",,"","","","","","","",,"","","","","","","",,"","","","","","","",,"","","","","","","",,"","","","","","","",,"","","","","",25344,1,"2024-10-01_17h29.26.529","experiment","2023.2.3","Win32",18.01801802,"6668960872498f269966bfb2","66fbf9d935dbf9e9cfd29582","66fc2341c5b87f73ca5f0a65","",,,"",,,"",,,"",,,"",,,"",,,"",,,,,"","",,,,"",,,"","","",,,"","",,1,,,,"","","",,,,,,,4,,,,"","",,,,,"",,,"",,,"s",0.5584,,"space",0.2494,,4,"purple_gnome",4,6,"bright_forest","red_basket","red_gnome",4,5,"dark_forest","yellow_basket",6,0,0,1,"purple_gnome","bright_forest","red_basket",2212,1,-1,20,2,162,3,1,"",,,"",,,"",,,"",,,"",,,"",,,,,,,"",,,"","",,,,,,,,"",,,,,,,"",,,"","","",,,,,,,,"",,,,,,,
"","",,"","","","","","","",,"","","","","","","",,"","","","","","","",,"","","","","","","",,"","","","","","","",,"","","","","","","",,"","","","","","","",,"","","","","",25344,1,"2024-10-01_17h29.26.529","experiment","2023.2.3","Win32",18.01801802,"6668960872498f269966bfb2","66fbf9d935dbf9e9cfd29582","66fc2341c5b87f73ca5f0a65","",,,"",,,"",,,"",,,"",,,"",,,"",,,,,"","",,,,"",,,"","","",,,"","",,5,,,,"","","",,,,,,,4,,,,"","",,,,,"",,,"",,,"s",0.6724,,"space",0.2198,,4,"red_gnome",4,4,"dark_forest","yellow_basket","purple_gnome",4,7,"bright_forest","red_basket",20,0,0,1,"red_gnome","dark_forest","yellow_basket",2232,-2,-1,20,3,163,7,1,"",,,"",,,"",,,"",,,"",,,"",,,,,,,"",,,"","",,,,,,,,"",,,,,,,"",,,"","","",,,,,,,,"",,,,,,,
"","",,"","","","","","","",,"","","","","","","",,"","","","","","","",,"","","","","","","",,"","","","","","","",,"","","","","","","",,"","","","","","","",,"","","","","",25344,1,"2024-10-01_17h29.26.529","experiment","2023.2.3","Win32",18.01801802,"6668960872498f269966bfb2","66fbf9d935dbf9e9cfd29582","66fc2341c5b87f73ca5f0a65","",,,"",,,"",,,"",,,"",,,"",,,"",,,,,"","",,,,"",,,"","","",,,"","",,5,,,,"","","",,,,,,,2,,,,"","",,,,,"",,,"",,,"s",1.3177,,"space",0.547,,2,"brown_gnome",2,5,"bright_forest","red_basket","blue_gnome",2,3,"dark_forest","yellow_basket",25,0,0,1,"brown_gnome","bright_forest","red_basket",2257,-1,3,20,4,164,5,1,"",,,"",,,"",,,"",,,"",,,"",,,,,,,"",,,"","",,,,,,,,"",,,,,,,"",,,"","","",,,,,,,,"",,,,,,,
"","",,"","","","","","","",,"","","","","","","",,"","","","","","","",,"","","","","","","",,"","","","","","","",,"","","","","","","",,"","","","","","","",,"","","","","",25344,1,"2024-10-01_17h29.26.529","experiment","2023.2.3","Win32",18.01801802,"6668960872498f269966bfb2","66fbf9d935dbf9e9cfd29582","66fc2341c5b87f73ca5f0a65","",,,"",,,"",,,"",,,"",,,"",,,"",,,,,"","",,,,"",,,"","","",,,"","",,5,,,,"","","",,,,,,,4,,,,"","",,,,,"",,,"",,,"s",0.6667,,"",,,4,"purple_gnome",4,4,"bright_forest","red_basket","red_gnome",4,6,"dark_forest","yellow_basket",0,0,1,0,"purple_gnome","bright_forest","red_basket",2257,0,0,20,5,165,7,1,"",,,"",,,"",,,"",,,"",,,"",,,,,,,"",,,"","",,,,,,,,"",,,,,,,"",,,"","","",,,,,,,,"",,,,,,,
"","",,"","","","","","","",,"","","","","","","",,"","","","","","","",,"","","","","","","",,"","","","","","","",,"","","","","","","",,"","","","","","","",,"","","","","",25344,1,"2024-10-01_17h29.26.529","experiment","2023.2.3","Win32",18.01801802,"6668960872498f269966bfb2","66fbf9d935dbf9e9cfd29582","66fc2341c5b87f73ca5f0a65","",,,"",,,"",,,"",,,"",,,"",,,"",,,,,"","",,,,"",,,"","","",,,"","",,5,,,,"","","",,,,,,,1,,,,"","",,,,,"",,,"",,,"s",0.6611,,"space",0.1232,,1,"orange_gnome",1,6,"dark_forest","yellow_basket","yellow_gnome",1,4,"bright_forest","red_basket",30,0,0,1,"orange_gnome","dark_forest","yellow_basket",2287,-1,-1,20,6,166,4,1,"",,,"",,,"",,,"",,,"",,,"",,,,,,,"",,,"","",,,,,,,,"",,,,,,,"",,,"","","",,,,,,,,"",,,,,,,
"","",,"","","","","","","",,"","","","","","","",,"","","","","","","",,"","","","","","","",,"","","","","","","",,"","","","","","","",,"","","","","","","",,"","","","","",25344,1,"2024-10-01_17h29.26.529","experiment","2023.2.3","Win32",18.01801802,"6668960872498f269966bfb2","66fbf9d935dbf9e9cfd29582","66fc2341c5b87f73ca5f0a65","",,,"",,,"",,,"",,,"",,,"",,,"",,,,,"","",,,,"",,,"","","",,,"","",,1,,,,"","","",,,,,,,1,,,,"","",,,,,"",,,"",,,"k",0.4794,,"space",0.8285,,1,"yellow_gnome",1,3,"bright_forest","red_basket","orange_gnome",1,5,"dark_forest","yellow_basket",5,0,0,1,"orange_gnome","dark_forest","yellow_basket",2292,-1,3,20,7,167,0,1,"",,,"",,,"",,,"",,,"",,,"",,,,,,,"",,,"","",,,,,,,,"",,,,,,,"",,,"","","",,,,,,,,"",,,,,,,
"","",,"","","","","","","",,"","","","","","","",,"","","","","","","",,"","","","","","","",,"","","","","","","",,"","","","","","","",,"","","","","","","",,"","","","","",25344,1,"2024-10-01_17h29.26.529","experiment","2023.2.3","Win32",18.01801802,"6668960872498f269966bfb2","66fbf9d935dbf9e9cfd29582","66fc2341c5b87f73ca5f0a65","",,,"",,,"",,,"",,,"",,,"",,,"",,,,,"","",,,,"",,,"","","",,,"","",,5,,,,"","","",,,,,,,1,,,,"","",,,,,"",,,"",,,"s",0.5654,,"space",0.7827,,1,"yellow_gnome",1,2,"bright_forest","red_basket","orange_gnome",1,8,"dark_forest","yellow_basket",10,0,0,1,"yellow_gnome","bright_forest","red_basket",2302,2,-1,21,0,168,4,1,"",,,"",,,"",,,"",,,"",,,"",,,,,,,"",,,"","",,,,,,,,"",,,,,,,"",,,"","","",,,,,,,,"",,,,,,,
"","",,"","","","","","","",,"","","","","","","",,"","","","","","","",,"","","","","","","",,"","","","","","","",,"","","","","","","",,"","","","","","","",,"","","","","",25344,1,"2024-10-01_17h29.26.529","experiment","2023.2.3","Win32",18.01801802,"6668960872498f269966bfb2","66fbf9d935dbf9e9cfd29582","66fc2341c5b87f73ca5f0a65","",,,"",,,"",,,"",,,"",,,"",,,"",,,,,"","",,,,"",,,"","","",,,"","",,1,,,,"","","",,,,,,,2,,,,"","",,,,,"",,,"",,,"s",0.5742,,"space",0.2189,,2,"blue_gnome",2,7,"dark_forest","yellow_basket","brown_gnome",2,4,"bright_forest","red_basket",7,0,0,1,"blue_gnome","dark_forest","yellow_basket",2309,1,1,21,1,169,1,1,"",,,"",,,"",,,"",,,"",,,"",,,,,,,"",,,"","",,,,,,,,"",,,,,,,"",,,"","","",,,,,,,,"",,,,,,,
"","",,"","","","","","","",,"","","","","","","",,"","","","","","","",,"","","","","","","",,"","","","","","","",,"","","","","","","",,"","","","","","","",,"","","","","",25344,1,"2024-10-01_17h29.26.529","experiment","2023.2.3","Win32",18.01801802,"6668960872498f269966bfb2","66fbf9d935dbf9e9cfd29582","66fc2341c5b87f73ca5f0a65","",,,"",,,"",,,"",,,"",,,"",,,"",,,,,"","",,,,"",,,"","","",,,"","",,5,,,,"","","",,,,,,,1,,,,"","",,,,,"",,,"",,,"s",0.6854,,"space",0.2339,,1,"yellow_gnome",1,5,"bright_forest","red_basket","orange_gnome",1,8,"dark_forest","yellow_basket",25,0,0,1,"yellow_gnome","bright_forest","red_basket",2334,3,-3,21,2,170,4,1,"",,,"",,,"",,,"",,,"",,,"",,,,,,,"",,,"","",,,,,,,,"",,,,,,,"",,,"","","",,,,,,,,"",,,,,,,
"","",,"","","","","","","",,"","","","","","","",,"","","","","","","",,"","","","","","","",,"","","","","","","",,"","","","","","","",,"","","","","","","",,"","","","","",25344,1,"2024-10-01_17h29.26.529","experiment","2023.2.3","Win32",18.01801802,"6668960872498f269966bfb2","66fbf9d935dbf9e9cfd29582","66fc2341c5b87f73ca5f0a65","",,,"",,,"",,,"",,,"",,,"",,,"",,,,,"","",,,,"",,,"","","",,,"","",,5,,,,"","","",,,,,,,4,,,,"","",,,,,"",,,"",,,"s",0.813,,"space",0.4411,,4,"red_gnome",4,5,"dark_forest","yellow_basket","purple_gnome",4,8,"bright_forest","red_basket",25,0,0,1,"red_gnome","dark_forest","yellow_basket",2359,1,1,21,3,171,7,1,"",,,"",,,"",,,"",,,"",,,"",,,,,,,"",,,"","",,,,,,,,"",,,,,,,"",,,"","","",,,,,,,,"",,,,,,,
"","",,"","","","","","","",,"","","","","","","",,"","","","","","","",,"","","","","","","",,"","","","","","","",,"","","","","","","",,"","","","","","","",,"","","","","",25344,1,"2024-10-01_17h29.26.529","experiment","2023.2.3","Win32",18.01801802,"6668960872498f269966bfb2","66fbf9d935dbf9e9cfd29582","66fc2341c5b87f73ca5f0a65","",,,"",,,"",,,"",,,"",,,"",,,"",,,,,"","",,,,"",,,"","","",,,"","",,1,,,,"","","",,,,,,,2,,,,"","",,,,,"",,,"",,,"s",0.6937,,"space",0.6671,,2,"brown_gnome",2,9,"bright_forest","red_basket","blue_gnome",2,6,"dark_forest","yellow_basket",9,0,0,1,"brown_gnome","bright_forest","red_basket",2368,0,1,21,4,172,1,1,"",,,"",,,"",,,"",,,"",,,"",,,,,,,"",,,"","",,,,,,,,"",,,,,,,"",,,"","","",,,,,,,,"",,,,,,,
"","",,"","","","","","","",,"","","","","","","",,"","","","","","","",,"","","","","","","",,"","","","","","","",,"","","","","","","",,"","","","","","","",,"","","","","",25344,1,"2024-10-01_17h29.26.529","experiment","2023.2.3","Win32",18.01801802,"6668960872498f269966bfb2","66fbf9d935dbf9e9cfd29582","66fc2341c5b87f73ca5f0a65","",,,"",,,"",,,"",,,"",,,"",,,"",,,,,"","",,,,"",,,"","","",,,"","",,5,,,,"","","",,,,,,,4,,,,"","",,,,,"",,,"",,,"s",0.7759,,"space",0.439,,4,"purple_gnome",4,9,"bright_forest","red_basket","red_gnome",4,7,"dark_forest","yellow_basket",45,0,0,1,"purple_gnome","bright_forest","red_basket",2413,0,2,21,5,173,7,1,"",,,"",,,"",,,"",,,"",,,"",,,,,,,"",,,"","",,,,,,,,"",,,,,,,"",,,"","","",,,,,,,,"",,,,,,,
"","",,"","","","","","","",,"","","","","","","",,"","","","","","","",,"","","","","","","",,"","","","","","","",,"","","","","","","",,"","","","","","","",,"","","","","",25344,1,"2024-10-01_17h29.26.529","experiment","2023.2.3","Win32",18.01801802,"6668960872498f269966bfb2","66fbf9d935dbf9e9cfd29582","66fc2341c5b87f73ca5f0a65","",,,"",,,"",,,"",,,"",,,"",,,"",,,,,"","",,,,"",,,"","","",,,"","",,1,,,,"","","",,,,,,,3,,,,"","",,,,,"",,,"",,,"s",0.9141,,"space",0.2381,,3,"green_gnome",3,9,"bright_forest","red_basket","pink_gnome",3,9,"dark_forest","yellow_basket",9,0,0,1,"green_gnome","bright_forest","red_basket",2422,2,-1,21,6,174,2,1,"",,,"",,,"",,,"",,,"",,,"",,,,,,,"",,,"","",,,,,,,,"",,,,,,,"",,,"","","",,,,,,,,"",,,,,,,
"","",,"","","","","","","",,"","","","","","","",,"","","","","","","",,"","","","","","","",,"","","","","","","",,"","","","","","","",,"","","","","","","",,"","","","","",25344,1,"2024-10-01_17h29.26.529","experiment","2023.2.3","Win32",18.01801802,"6668960872498f269966bfb2","66fbf9d935dbf9e9cfd29582","66fc2341c5b87f73ca5f0a65","",,,"",,,"",,,"",,,"",,,"",,,"",,,,,"","",,,,"",,,"","","",,,"","",,1,,,,"","","",,,,,,,1,,,,"","",,,,,"",,,"",,,"s",0.5694,,"space",0.2436,,1,"yellow_gnome",1,7,"bright_forest","red_basket","orange_gnome",1,8,"dark_forest","yellow_basket",7,0,0,1,"yellow_gnome","bright_forest","red_basket",2429,3,-1,21,7,175,0,1,"",,,"",,,"",,,"",,,"",,,"",,,,,,,"",,,"","",,,,,,,,"",,,,,,,"",,,"","","",,,,,,,,"",,,,,,,
"","",,"","","","","","","",,"","","","","","","",,"","","","","","","",,"","","","","","","",,"","","","","","","",,"","","","","","","",,"","","","","","","",,"","","","","",25344,1,"2024-10-01_17h29.26.529","experiment","2023.2.3","Win32",18.01801802,"6668960872498f269966bfb2","66fbf9d935dbf9e9cfd29582","66fc2341c5b87f73ca5f0a65","",,,"",,,"",,,"",,,"",,,"",,,"",,,,,"","",,,,"",,,"","","",,,"","",,5,,,,"","","",,,,,,,1,,,,"","",,,,,"",,,"",,,"s",0.8045,,"space",0.3286,,1,"orange_gnome",1,7,"dark_forest","yellow_basket","yellow_gnome",1,8,"bright_forest","red_basket",35,0,0,1,"orange_gnome","dark_forest","yellow_basket",2464,1,2,22,0,176,4,1,"",,,"",,,"",,,"",,,"",,,"",,,,,,,"",,,"","",,,,,,,,"",,,,,,,"",,,"","","",,,,,,,,"",,,,,,,
"","",,"","","","","","","",,"","","","","","","",,"","","","","","","",,"","","","","","","",,"","","","","","","",,"","","","","","","",,"","","","","","","",,"","","","","",25344,1,"2024-10-01_17h29.26.529","experiment","2023.2.3","Win32",18.01801802,"6668960872498f269966bfb2","66fbf9d935dbf9e9cfd29582","66fc2341c5b87f73ca5f0a65","",,,"",,,"",,,"",,,"",,,"",,,"",,,,,"","",,,,"",,,"","","",,,"","",,5,,,,"","","",,,,,,,4,,,,"","",,,,,"",,,"",,,"s",0.5578,,"space",0.4233,,4,"red_gnome",4,9,"dark_forest","yellow_basket","purple_gnome",4,9,"bright_forest","red_basket",45,0,0,1,"red_gnome","dark_forest","yellow_basket",2509,2,-3,22,1,177,7,1,"",,,"",,,"",,,"",,,"",,,"",,,,,,,"",,,"","",,,,,,,,"",,,,,,,"",,,"","","",,,,,,,,"",,,,,,,
"","",,"","","","","","","",,"","","","","","","",,"","","","","","","",,"","","","","","","",,"","","","","","","",,"","","","","","","",,"","","","","","","",,"","","","","",25344,1,"2024-10-01_17h29.26.529","experiment","2023.2.3","Win32",18.01801802,"6668960872498f269966bfb2","66fbf9d935dbf9e9cfd29582","66fc2341c5b87f73ca5f0a65","",,,"",,,"",,,"",,,"",,,"",,,"",,,,,"","",,,,"",,,"","","",,,"","",,1,,,,"","","",,,,,,,1,,,,"","",,,,,"",,,"",,,"s",0.6841,,"space",0.4211,,1,"orange_gnome",1,6,"dark_forest","yellow_basket","yellow_gnome",1,7,"bright_forest","red_basket",6,0,0,1,"orange_gnome","dark_forest","yellow_basket",2515,2,2,22,2,178,0,1,"",,,"",,,"",,,"",,,"",,,"",,,,,,,"",,,"","",,,,,,,,"",,,,,,,"",,,"","","",,,,,,,,"",,,,,,,
"","",,"","","","","","","",,"","","","","","","",,"","","","","","","",,"","","","","","","",,"","","","","","","",,"","","","","","","",,"","","","","","","",,"","","","","",25344,1,"2024-10-01_17h29.26.529","experiment","2023.2.3","Win32",18.01801802,"6668960872498f269966bfb2","66fbf9d935dbf9e9cfd29582","66fc2341c5b87f73ca5f0a65","",,,"",,,"",,,"",,,"",,,"",,,"",,,,,"","",,,,"",,,"","","",,,"","",,1,,,,"","","",,,,,,,2,,,,"","",,,,,"",,,"",,,"s",0.6748,,"space",0.426,,2,"blue_gnome",2,8,"dark_forest","yellow_basket","brown_gnome",2,9,"bright_forest","red_basket",8,0,0,1,"blue_gnome","dark_forest","yellow_basket",2523,-1,2,22,3,179,1,1,"",,,"",,,"",,,"",,,"",,,"",,,,,,,"",,,"","",,,,,,,,"",,,,,,,"",,,"","","",,,,,,,,"",,,,,,,
"","",,"","","","","","","",,"","","","","","","",,"","","","","","","",,"","","","","","","",,"","","","","","","",,"","","","","","","",,"","","","","","","",,"","","","","",25344,1,"2024-10-01_17h29.26.529","experiment","2023.2.3","Win32",18.01801802,"6668960872498f269966bfb2","66fbf9d935dbf9e9cfd29582","66fc2341c5b87f73ca5f0a65","",,,"",,,"",,,"",,,"",,,"",,,"",,,,,"","",,,,"",,,"","","",,,"","",,1,,,,"","","",,,,,,,3,,,,"","",,,,,"",,,"",,,"s",0.6735,,"space",0.3167,,3,"pink_gnome",3,8,"dark_forest","yellow_basket","green_gnome",3,8,"bright_forest","red_basket",8,0,0,1,"pink_gnome","dark_forest","yellow_basket",2531,0,3,22,4,180,2,1,"",,,"",,,"",,,"",,,"",,,"",,,,,,,"",,,"","",,,,,,,,"",,,,,,,"",,,"","","",,,,,,,,"",,,,,,,
"","",,"","","","","","","",,"","","","","","","",,"","","","","","","",,"","","","","","","",,"","","","","","","",,"","","","","","","",,"","","","","","","",,"","","","","",25344,1,"2024-10-01_17h29.26.529","experiment","2023.2.3","Win32",18.01801802,"6668960872498f269966bfb2","66fbf9d935dbf9e9cfd29582","66fc2341c5b87f73ca5f0a65","",,,"",,,"",,,"",,,"",,,"",,,"",,,,,"","",,,,"",,,"","","",,,"","",,5,,,,"","","",,,,,,,3,,,,"","",,,,,"",,,"",,,"s",0.6855,,"space",0.4396,,3,"green_gnome",3,8,"bright_forest","red_basket","pink_gnome",3,7,"dark_forest","yellow_basket",40,0,0,1,"green_gnome","bright_forest","red_basket",2571,1,-1,22,5,181,6,1,"",,,"",,,"",,,"",,,"",,,"",,,,,,,"",,,"","",,,,,,,,"",,,,,,,"",,,"","","",,,,,,,,"",,,,,,,
"","",,"","","","","","","",,"","","","","","","",,"","","","","","","",,"","","","","","","",,"","","","","","","",,"","","","","","","",,"","","","","","","",,"","","","","",25344,1,"2024-10-01_17h29.26.529","experiment","2023.2.3","Win32",18.01801802,"6668960872498f269966bfb2","66fbf9d935dbf9e9cfd29582","66fc2341c5b87f73ca5f0a65","",,,"",,,"",,,"",,,"",,,"",,,"",,,,,"","",,,,"",,,"","","",,,"","",,5,,,,"","","",,,,,,,2,,,,"","",,,,,"",,,"",,,"s",0.6829,,"space",0.4319,,2,"blue_gnome",2,6,"dark_forest","yellow_basket","brown_gnome",2,9,"bright_forest","red_basket",30,0,0,1,"blue_gnome","dark_forest","yellow_basket",2601,1,0,22,6,182,5,1,"",,,"",,,"",,,"",,,"",,,"",,,,,,,"",,,"","",,,,,,,,"",,,,,,,"",,,"","","",,,,,,,,"",,,,,,,
"","",,"","","","","","","",,"","","","","","","",,"","","","","","","",,"","","","","","","",,"","","","","","","",,"","","","","","","",,"","","","","","","",,"","","","","",25344,1,"2024-10-01_17h29.26.529","experiment","2023.2.3","Win32",18.01801802,"6668960872498f269966bfb2","66fbf9d935dbf9e9cfd29582","66fc2341c5b87f73ca5f0a65","",,,"",,,"",,,"",,,"",,,"",,,"",,,,,"","",,,,"",,,"","","",,,"","",,1,,,,"","","",,,,,,,1,,,,"","",,,,,"",,,"",,,"s",0.6705,,"space",0.4434,,1,"yellow_gnome",1,8,"bright_forest","red_basket","orange_gnome",1,6,"dark_forest","yellow_basket",8,0,0,1,"yellow_gnome","bright_forest","red_basket",2609,0,-1,22,7,183,0,1,"",,,"",,,"",,,"",,,"",,,"",,,,,,,"",,,"","",,,,,,,,"",,,,,,,"",,,"","","",,,,,,,,"",,,,,,,
"","",,"","","","","","","",,"","","","","","","",,"","","","","","","",,"","","","","","","",,"","","","","","","",,"","","","","","","",,"","","","","","","",,"","","","","",25344,1,"2024-10-01_17h29.26.529","experiment","2023.2.3","Win32",18.01801802,"6668960872498f269966bfb2","66fbf9d935dbf9e9cfd29582","66fc2341c5b87f73ca5f0a65","",,,"",,,"",,,"",,,"",,,"",,,"",,,,,"","",,,,"",,,"","","",,,"","",,1,,,,"","","",,,,,,,1,,,,"","",,,,,"",,,"",,,"s",0.6747,,"space",0.1101,,1,"orange_gnome",1,5,"dark_forest","yellow_basket","yellow_gnome",1,8,"bright_forest","red_basket",5,0,0,1,"orange_gnome","dark_forest","yellow_basket",2614,2,0,23,0,184,0,1,"",,,"",,,"",,,"",,,"",,,"",,,,,,,"",,,"","",,,,,,,,"",,,,,,,"",,,"","","",,,,,,,,"",,,,,,,
"","",,"","","","","","","",,"","","","","","","",,"","","","","","","",,"","","","","","","",,"","","","","","","",,"","","","","","","",,"","","","","","","",,"","","","","",25344,1,"2024-10-01_17h29.26.529","experiment","2023.2.3","Win32",18.01801802,"6668960872498f269966bfb2","66fbf9d935dbf9e9cfd29582","66fc2341c5b87f73ca5f0a65","",,,"",,,"",,,"",,,"",,,"",,,"",,,,,"","",,,,"",,,"","","",,,"","",,1,,,,"","","",,,,,,,3,,,,"","",,,,,"",,,"",,,"s",0.6881,,"space",0.2136,,3,"pink_gnome",3,5,"dark_forest","yellow_basket","green_gnome",3,8,"bright_forest","red_basket",5,0,0,1,"pink_gnome","dark_forest","yellow_basket",2619,-1,3,23,1,185,2,1,"",,,"",,,"",,,"",,,"",,,"",,,,,,,"",,,"","",,,,,,,,"",,,,,,,"",,,"","","",,,,,,,,"",,,,,,,
"","",,"","","","","","","",,"","","","","","","",,"","","","","","","",,"","","","","","","",,"","","","","","","",,"","","","","","","",,"","","","","","","",,"","","","","",25344,1,"2024-10-01_17h29.26.529","experiment","2023.2.3","Win32",18.01801802,"6668960872498f269966bfb2","66fbf9d935dbf9e9cfd29582","66fc2341c5b87f73ca5f0a65","",,,"",,,"",,,"",,,"",,,"",,,"",,,,,"","",,,,"",,,"","","",,,"","",,5,,,,"","","",,,,,,,2,,,,"","",,,,,"",,,"",,,"k",0.6825,,"space",0.6357,,2,"brown_gnome",2,7,"bright_forest","red_basket","blue_gnome",2,8,"dark_forest","yellow_basket",40,0,0,1,"blue_gnome","dark_forest","yellow_basket",2659,2,-1,23,2,186,5,1,"",,,"",,,"",,,"",,,"",,,"",,,,,,,"",,,"","",,,,,,,,"",,,,,,,"",,,"","","",,,,,,,,"",,,,,,,
"","",,"","","","","","","",,"","","","","","","",,"","","","","","","",,"","","","","","","",,"","","","","","","",,"","","","","","","",,"","","","","","","",,"","","","","",25344,1,"2024-10-01_17h29.26.529","experiment","2023.2.3","Win32",18.01801802,"6668960872498f269966bfb2","66fbf9d935dbf9e9cfd29582","66fc2341c5b87f73ca5f0a65","",,,"",,,"",,,"",,,"",,,"",,,"",,,,,"","",,,,"",,,"","","",,,"","",,1,,,,"","","",,,,,,,4,,,,"","",,,,,"",,,"",,,"s",0.8085,,"space",0.7567,,4,"purple_gnome",4,9,"bright_forest","red_basket","red_gnome",4,7,"dark_forest","yellow_basket",9,0,0,1,"purple_gnome","bright_forest","red_basket",2668,1,-3,23,3,187,3,1,"",,,"",,,"",,,"",,,"",,,"",,,,,,,"",,,"","",,,,,,,,"",,,,,,,"",,,"","","",,,,,,,,"",,,,,,,
"","",,"","","","","","","",,"","","","","","","",,"","","","","","","",,"","","","","","","",,"","","","","","","",,"","","","","","","",,"","","","","","","",,"","","","","",25344,1,"2024-10-01_17h29.26.529","experiment","2023.2.3","Win32",18.01801802,"6668960872498f269966bfb2","66fbf9d935dbf9e9cfd29582","66fc2341c5b87f73ca5f0a65","",,,"",,,"",,,"",,,"",,,"",,,"",,,,,"","",,,,"",,,"","","",,,"","",,5,,,,"","","",,,,,,,4,,,,"","",,,,,"",,,"",,,"s",0.5704,,"space",0.6543,,4,"purple_gnome",4,8,"bright_forest","red_basket","red_gnome",4,4,"dark_forest","yellow_basket",40,0,0,1,"purple_gnome","bright_forest","red_basket",2708,-2,2,23,4,188,7,1,"",,,"",,,"",,,"",,,"",,,"",,,,,,,"",,,"","",,,,,,,,"",,,,,,,"",,,"","","",,,,,,,,"",,,,,,,
"","",,"","","","","","","",,"","","","","","","",,"","","","","","","",,"","","","","","","",,"","","","","","","",,"","","","","","","",,"","","","","","","",,"","","","","",25344,1,"2024-10-01_17h29.26.529","experiment","2023.2.3","Win32",18.01801802,"6668960872498f269966bfb2","66fbf9d935dbf9e9cfd29582","66fc2341c5b87f73ca5f0a65","",,,"",,,"",,,"",,,"",,,"",,,"",,,,,"","",,,,"",,,"","","",,,"","",,1,,,,"","","",,,,,,,1,,,,"","",,,,,"",,,"",,,"s",0.7029,,"space",0.4251,,1,"orange_gnome",1,6,"dark_forest","yellow_basket","yellow_gnome",1,6,"bright_forest","red_basket",6,0,0,1,"orange_gnome","dark_forest","yellow_basket",2714,1,-2,23,5,189,0,1,"",,,"",,,"",,,"",,,"",,,"",,,,,,,"",,,"","",,,,,,,,"",,,,,,,"",,,"","","",,,,,,,,"",,,,,,,
"","",,"","","","","","","",,"","","","","","","",,"","","","","","","",,"","","","","","","",,"","","","","","","",,"","","","","","","",,"","","","","","","",,"","","","","",25344,1,"2024-10-01_17h29.26.529","experiment","2023.2.3","Win32",18.01801802,"6668960872498f269966bfb2","66fbf9d935dbf9e9cfd29582","66fc2341c5b87f73ca5f0a65","",,,"",,,"",,,"",,,"",,,"",,,"",,,,,"","",,,,"",,,"","","",,,"","",,1,,,,"","","",,,,,,,2,,,,"","",,,,,"",,,"",,,"k",0.6864,,"space",0.4401,,2,"brown_gnome",2,7,"bright_forest","red_basket","blue_gnome",2,4,"dark_forest","yellow_basket",4,0,0,1,"blue_gnome","dark_forest","yellow_basket",2718,0,1,23,6,190,1,1,"",,,"",,,"",,,"",,,"",,,"",,,,,,,"",,,"","",,,,,,,,"",,,,,,,"",,,"","","",,,,,,,,"",,,,,,,
"","",,"","","","","","","",,"","","","","","","",,"","","","","","","",,"","","","","","","",,"","","","","","","",,"","","","","","","",,"","","","","","","",,"","","","","",25344,1,"2024-10-01_17h29.26.529","experiment","2023.2.3","Win32",18.01801802,"6668960872498f269966bfb2","66fbf9d935dbf9e9cfd29582","66fc2341c5b87f73ca5f0a65","",,,"",,,"",,,"",,,"",,,"",,,"",,,,,"","",,,,"",,,"","","",,,"","",,5,,,,"","","",,,,,,,1,,,,"","",,,,,"",,,"",,,"s",0.6616,,"space",0.1379,,1,"yellow_gnome",1,7,"bright_forest","red_basket","orange_gnome",1,5,"dark_forest","yellow_basket",35,0,0,1,"yellow_gnome","bright_forest","red_basket",2753,1,3,23,7,191,4,1,"space",17.0171,,"",,,"",,,"",,,"",,,"",,,,,,,"",,,"","",,,,,,,,"",,,,,,,"",,,"","","",,,,,,,,"",,,,,,,
"","",,"","","","","","","",,"","","","","","","",,"","","","","","","",,"","","","","","","",,"","","","","","","",,"","","","","","","",,"","","","","","","",,"","","","","",25344,1,"2024-10-01_17h29.26.529","experiment","2023.2.3","Win32",18.01801802,"6668960872498f269966bfb2","66fbf9d935dbf9e9cfd29582","66fc2341c5b87f73ca5f0a65","",,,"",,,"",,,"",,,"",,,"",,,"",,,,,"","",,,,"",,,"","","",,,"","",,1,,,,"","","",,,,,,,2,,,,"","",,,,,"",,,"",,,"s",0.6706,,"space",0.4152,,2,"blue_gnome",2,8,"dark_forest","yellow_basket","brown_gnome",2,8,"bright_forest","red_basket",8,0,0,1,"blue_gnome","dark_forest","yellow_basket",2761,-1,1,24,0,192,1,1,"",,,"",,,"",,,"",,,"",,,"",,,,,,,"",,,"","",,,,,,,,"",,,,,,,"",,,"","","",,,,,,,,"",,,,,,,
"","",,"","","","","","","",,"","","","","","","",,"","","","","","","",,"","","","","","","",,"","","","","","","",,"","","","","","","",,"","","","","","","",,"","","","","",25344,1,"2024-10-01_17h29.26.529","experiment","2023.2.3","Win32",18.01801802,"6668960872498f269966bfb2","66fbf9d935dbf9e9cfd29582","66fc2341c5b87f73ca5f0a65","",,,"",,,"",,,"",,,"",,,"",,,"",,,,,"","",,,,"",,,"","","",,,"","",,1,,,,"","","",,,,,,,1,,,,"","",,,,,"",,,"",,,"k",1.0035,,"space",0.7811,,1,"orange_gnome",1,9,"dark_forest","yellow_basket","yellow_gnome",1,7,"bright_forest","red_basket",7,0,0,1,"yellow_gnome","bright_forest","red_basket",2768,2,0,24,1,193,0,1,"",,,"",,,"",,,"",,,"",,,"",,,,,,,"",,,"","",,,,,,,,"",,,,,,,"",,,"","","",,,,,,,,"",,,,,,,
"","",,"","","","","","","",,"","","","","","","",,"","","","","","","",,"","","","","","","",,"","","","","","","",,"","","","","","","",,"","","","","","","",,"","","","","",25344,1,"2024-10-01_17h29.26.529","experiment","2023.2.3","Win32",18.01801802,"6668960872498f269966bfb2","66fbf9d935dbf9e9cfd29582","66fc2341c5b87f73ca5f0a65","",,,"",,,"",,,"",,,"",,,"",,,"",,,,,"","",,,,"",,,"","","",,,"","",,1,,,,"","","",,,,,,,3,,,,"","",,,,,"",,,"",,,"s",0.5631,,"space",0.1099,,3,"pink_gnome",3,9,"dark_forest","yellow_basket","green_gnome",3,9,"bright_forest","red_basket",9,0,0,1,"pink_gnome","dark_forest","yellow_basket",2777,2,-1,24,2,194,2,1,"",,,"",,,"",,,"",,,"",,,"",,,,,,,"",,,"","",,,,,,,,"",,,,,,,"",,,"","","",,,,,,,,"",,,,,,,
"","",,"","","","","","","",,"","","","","","","",,"","","","","","","",,"","","","","","","",,"","","","","","","",,"","","","","","","",,"","","","","","","",,"","","","","",25344,1,"2024-10-01_17h29.26.529","experiment","2023.2.3","Win32",18.01801802,"6668960872498f269966bfb2","66fbf9d935dbf9e9cfd29582","66fc2341c5b87f73ca5f0a65","",,,"",,,"",,,"",,,"",,,"",,,"",,,,,"","",,,,"",,,"","","",,,"","",,1,,,,"","","",,,,,,,3,,,,"","",,,,,"",,,"",,,"s",0.6902,,"space",0.5354,,3,"pink_gnome",3,8,"dark_forest","yellow_basket","green_gnome",3,7,"bright_forest","red_basket",8,0,0,1,"pink_gnome","dark_forest","yellow_basket",2785,-1,1,24,3,195,2,1,"",,,"",,,"",,,"",,,"",,,"",,,,,,,"",,,"","",,,,,,,,"",,,,,,,"",,,"","","",,,,,,,,"",,,,,,,
"","",,"","","","","","","",,"","","","","","","",,"","","","","","","",,"","","","","","","",,"","","","","","","",,"","","","","","","",,"","","","","","","",,"","","","","",25344,1,"2024-10-01_17h29.26.529","experiment","2023.2.3","Win32",18.01801802,"6668960872498f269966bfb2","66fbf9d935dbf9e9cfd29582","66fc2341c5b87f73ca5f0a65","",,,"",,,"",,,"",,,"",,,"",,,"",,,,,"","",,,,"",,,"","","",,,"","",,5,,,,"","","",,,,,,,4,,,,"","",,,,,"",,,"",,,"s",0.9978,,"space",0.5302,,4,"red_gnome",4,9,"dark_forest","yellow_basket","purple_gnome",4,6,"bright_forest","red_basket",45,0,0,1,"red_gnome","dark_forest","yellow_basket",2830,0,0,24,4,196,7,1,"",,,"",,,"",,,"",,,"",,,"",,,,,,,"",,,"","",,,,,,,,"",,,,,,,"",,,"","","",,,,,,,,"",,,,,,,
"","",,"","","","","","","",,"","","","","","","",,"","","","","","","",,"","","","","","","",,"","","","","","","",,"","","","","","","",,"","","","","","","",,"","","","","",25344,1,"2024-10-01_17h29.26.529","experiment","2023.2.3","Win32",18.01801802,"6668960872498f269966bfb2","66fbf9d935dbf9e9cfd29582","66fc2341c5b87f73ca5f0a65","",,,"",,,"",,,"",,,"",,,"",,,"",,,,,"","",,,,"",,,"","","",,,"","",,1,,,,"","","",,,,,,,3,,,,"","",,,,,"",,,"",,,"s",0.6694,,"space",0.3207,,3,"pink_gnome",3,9,"dark_forest","yellow_basket","green_gnome",3,6,"bright_forest","red_basket",9,0,0,1,"pink_gnome","dark_forest","yellow_basket",2839,0,-1,24,5,197,2,1,"",,,"",,,"",,,"",,,"",,,"",,,,,,,"",,,"","",,,,,,,,"",,,,,,,"",,,"","","",,,,,,,,"",,,,,,,
"","",,"","","","","","","",,"","","","","","","",,"","","","","","","",,"","","","","","","",,"","","","","","","",,"","","","","","","",,"","","","","","","",,"","","","","",25344,1,"2024-10-01_17h29.26.529","experiment","2023.2.3","Win32",18.01801802,"6668960872498f269966bfb2","66fbf9d935dbf9e9cfd29582","66fc2341c5b87f73ca5f0a65","",,,"",,,"",,,"",,,"",,,"",,,"",,,,,"","",,,,"",,,"","","",,,"","",,1,,,,"","","",,,,,,,3,,,,"","",,,,,"",,,"",,,"s",0.6818,,"space",1.0463,,3,"pink_gnome",3,8,"dark_forest","yellow_basket","green_gnome",3,6,"bright_forest","red_basket",8,0,0,1,"pink_gnome","dark_forest","yellow_basket",2847,-5,0,24,6,198,2,1,"",,,"",,,"",,,"",,,"",,,"",,,,,,,"",,,"","",,,,,,,,"",,,,,,,"",,,"","","",,,,,,,,"",,,,,,,
"","",,"","","","","","","",,"","","","","","","",,"","","","","","","",,"","","","","","","",,"","","","","","","",,"","","","","","","",,"","","","","","","",,"","","","","",25344,1,"2024-10-01_17h29.26.529","experiment","2023.2.3","Win32",18.01801802,"6668960872498f269966bfb2","66fbf9d935dbf9e9cfd29582","66fc2341c5b87f73ca5f0a65","",,,"",,,"",,,"",,,"",,,"",,,"",,,,,"","",,,,"",,,"","","",,,"","",,5,,,,"","","",,,,,,,2,,,,"","",,,,,"",,,"",,,"s",0.6803,,"space",0.4282,,2,"blue_gnome",2,8,"dark_forest","yellow_basket","brown_gnome",2,1,"bright_forest","red_basket",40,0,0,1,"blue_gnome","dark_forest","yellow_basket",2887,-2,0,24,7,199,5,1,"",,,"",,,"",,,"",,,"",,,"",,,,,,,"",,,"","",,,,,,,,"",,,,,,,"",,,"","","",,,,,,,,"",,,,,,,
"","",,"","","","","","","",,"","","","","","","",,"","","","","","","",,"","","","","","","",,"","","","","","","",,"","","","","","","",,"","","","","","","",,"","","","","",25344,1,"2024-10-01_17h29.26.529","experiment","2023.2.3","Win32",18.01801802,"6668960872498f269966bfb2","66fbf9d935dbf9e9cfd29582","66fc2341c5b87f73ca5f0a65","",,,"",,,"",,,"",,,"",,,"",,,"",,,,,"","",,,,"",,,"","","",,,"","",,5,,,,"","","",,,,,,,4,,,,"","",,,,,"",,,"",,,"s",0.6775,,"space",0.645,,4,"purple_gnome",4,1,"bright_forest","red_basket","red_gnome",4,8,"dark_forest","yellow_basket",5,0,0,1,"purple_gnome","bright_forest","red_basket",2892,0,1,25,0,200,7,1,"",,,"",,,"",,,"",,,"",,,"",,,,,,,"",,,"","",,,,,,,,"",,,,,,,"",,,"","","",,,,,,,,"",,,,,,,
"","",,"","","","","","","",,"","","","","","","",,"","","","","","","",,"","","","","","","",,"","","","","","","",,"","","","","","","",,"","","","","","","",,"","","","","",25344,1,"2024-10-01_17h29.26.529","experiment","2023.2.3","Win32",18.01801802,"6668960872498f269966bfb2","66fbf9d935dbf9e9cfd29582","66fc2341c5b87f73ca5f0a65","",,,"",,,"",,,"",,,"",,,"",,,"",,,,,"","",,,,"",,,"","","",,,"","",,5,,,,"","","",,,,,,,2,,,,"","",,,,,"",,,"",,,"s",0.6814,,"space",0.4341,,2,"blue_gnome",2,9,"dark_forest","yellow_basket","brown_gnome",2,1,"bright_forest","red_basket",45,0,0,1,"blue_gnome","dark_forest","yellow_basket",2937,-3,-3,25,1,201,5,1,"",,,"",,,"",,,"",,,"",,,"",,,,,,,"",,,"","",,,,,,,,"",,,,,,,"",,,"","","",,,,,,,,"",,,,,,,
"","",,"","","","","","","",,"","","","","","","",,"","","","","","","",,"","","","","","","",,"","","","","","","",,"","","","","","","",,"","","","","","","",,"","","","","",25344,1,"2024-10-01_17h29.26.529","experiment","2023.2.3","Win32",18.01801802,"6668960872498f269966bfb2","66fbf9d935dbf9e9cfd29582","66fc2341c5b87f73ca5f0a65","",,,"",,,"",,,"",,,"",,,"",,,"",,,,,"","",,,,"",,,"","","",,,"","",,5,,,,"","","",,,,,,,3,,,,"","",,,,,"",,,"",,,"k",0.7899,,"space",0.1328,,3,"pink_gnome",3,6,"dark_forest","yellow_basket","green_gnome",3,2,"bright_forest","red_basket",10,0,0,1,"green_gnome","bright_forest","red_basket",2947,-2,-1,25,2,202,6,1,"",,,"",,,"",,,"",,,"",,,"",,,,,,,"",,,"","",,,,,,,,"",,,,,,,"",,,"","","",,,,,,,,"",,,,,,,
"","",,"","","","","","","",,"","","","","","","",,"","","","","","","",,"","","","","","","",,"","","","","","","",,"","","","","","","",,"","","","","","","",,"","","","","",25344,1,"2024-10-01_17h29.26.529","experiment","2023.2.3","Win32",18.01801802,"6668960872498f269966bfb2","66fbf9d935dbf9e9cfd29582","66fc2341c5b87f73ca5f0a65","",,,"",,,"",,,"",,,"",,,"",,,"",,,,,"","",,,,"",,,"","","",,,"","",,1,,,,"","","",,,,,,,3,,,,"","",,,,,"",,,"",,,"s",0.5781,,"space",0.129,,3,"green_gnome",3,0,"bright_forest","red_basket","pink_gnome",3,5,"dark_forest","yellow_basket",0,0,0,1,"green_gnome","bright_forest","red_basket",2947,-2,0,25,3,203,2,1,"",,,"",,,"",,,"",,,"",,,"",,,,,,,"",,,"","",,,,,,,,"",,,,,,,"",,,"","","",,,,,,,,"",,,,,,,
"","",,"","","","","","","",,"","","","","","","",,"","","","","","","",,"","","","","","","",,"","","","","","","",,"","","","","","","",,"","","","","","","",,"","","","","",25344,1,"2024-10-01_17h29.26.529","experiment","2023.2.3","Win32",18.01801802,"6668960872498f269966bfb2","66fbf9d935dbf9e9cfd29582","66fc2341c5b87f73ca5f0a65","",,,"",,,"",,,"",,,"",,,"",,,"",,,,,"","",,,,"",,,"","","",,,"","",,5,,,,"","","",,,,,,,2,,,,"","",,,,,"",,,"",,,"s",0.5609,,"space",0.9538,,2,"blue_gnome",2,5,"dark_forest","yellow_basket","brown_gnome",2,2,"bright_forest","red_basket",25,0,0,1,"blue_gnome","dark_forest","yellow_basket",2972,-1,1,25,4,204,5,1,"",,,"",,,"",,,"",,,"",,,"",,,,,,,"",,,"","",,,,,,,,"",,,,,,,"",,,"","","",,,,,,,,"",,,,,,,
"","",,"","","","","","","",,"","","","","","","",,"","","","","","","",,"","","","","","","",,"","","","","","","",,"","","","","","","",,"","","","","","","",,"","","","","",25344,1,"2024-10-01_17h29.26.529","experiment","2023.2.3","Win32",18.01801802,"6668960872498f269966bfb2","66fbf9d935dbf9e9cfd29582","66fc2341c5b87f73ca5f0a65","",,,"",,,"",,,"",,,"",,,"",,,"",,,,,"","",,,,"",,,"","","",,,"","",,1,,,,"","","",,,,,,,3,,,,"","",,,,,"",,,"",,,"s",0.5615,,"space",0.3332,,3,"pink_gnome",3,6,"dark_forest","yellow_basket","green_gnome",3,1,"bright_forest","red_basket",6,0,0,1,"pink_gnome","dark_forest","yellow_basket",2978,2,0,25,5,205,2,1,"",,,"",,,"",,,"",,,"",,,"",,,,,,,"",,,"","",,,,,,,,"",,,,,,,"",,,"","","",,,,,,,,"",,,,,,,
"","",,"","","","","","","",,"","","","","","","",,"","","","","","","",,"","","","","","","",,"","","","","","","",,"","","","","","","",,"","","","","","","",,"","","","","",25344,1,"2024-10-01_17h29.26.529","experiment","2023.2.3","Win32",18.01801802,"6668960872498f269966bfb2","66fbf9d935dbf9e9cfd29582","66fc2341c5b87f73ca5f0a65","",,,"",,,"",,,"",,,"",,,"",,,"",,,,,"","",,,,"",,,"","","",,,"","",,1,,,,"","","",,,,,,,4,,,,"","",,,,,"",,,"",,,"s",0.8072,,"space",0.1356,,4,"purple_gnome",4,3,"bright_forest","red_basket","red_gnome",4,6,"dark_forest","yellow_basket",3,0,0,1,"purple_gnome","bright_forest","red_basket",2981,1,1,25,6,206,3,1,"",,,"",,,"",,,"",,,"",,,"",,,,,,,"",,,"","",,,,,,,,"",,,,,,,"",,,"","","",,,,,,,,"",,,,,,,
"","",,"","","","","","","",,"","","","","","","",,"","","","","","","",,"","","","","","","",,"","","","","","","",,"","","","","","","",,"","","","","","","",,"","","","","",25344,1,"2024-10-01_17h29.26.529","experiment","2023.2.3","Win32",18.01801802,"6668960872498f269966bfb2","66fbf9d935dbf9e9cfd29582","66fc2341c5b87f73ca5f0a65","",,,"",,,"",,,"",,,"",,,"",,,"",,,,,"","",,,,"",,,"","","",,,"","",,1,,,,"","","",,,,,,,2,,,,"","",,,,,"",,,"",,,"s",0.8881,,"space",0.9322,,2,"blue_gnome",2,7,"dark_forest","yellow_basket","brown_gnome",2,4,"bright_forest","red_basket",7,0,0,1,"blue_gnome","dark_forest","yellow_basket",2988,1,2,25,7,207,1,1,"",,,"",,,"",,,"",,,"",,,"",,,,,,,"",,,"","",,,,,,,,"",,,,,,,"",,,"","","",,,,,,,,"",,,,,,,
"","",,"","","","","","","",,"","","","","","","",,"","","","","","","",,"","","","","","","",,"","","","","","","",,"","","","","","","",,"","","","","","","",,"","","","","",25344,1,"2024-10-01_17h29.26.529","experiment","2023.2.3","Win32",18.01801802,"6668960872498f269966bfb2","66fbf9d935dbf9e9cfd29582","66fc2341c5b87f73ca5f0a65","",,,"",,,"",,,"",,,"",,,"",,,"",,,,,"","",,,,"",,,"","","",,,"","",,5,,,,"","","",,,,,,,1,,,,"","",,,,,"",,,"",,,"s",0.5648,,"space",0.2161,,1,"orange_gnome",1,9,"dark_forest","yellow_basket","yellow_gnome",1,5,"bright_forest","red_basket",45,0,0,1,"orange_gnome","dark_forest","yellow_basket",3033,-1,-2,26,0,208,4,1,"",,,"",,,"",,,"",,,"",,,"",,,,,,,"",,,"","",,,,,,,,"",,,,,,,"",,,"","","",,,,,,,,"",,,,,,,
"","",,"","","","","","","",,"","","","","","","",,"","","","","","","",,"","","","","","","",,"","","","","","","",,"","","","","","","",,"","","","","","","",,"","","","","",25344,1,"2024-10-01_17h29.26.529","experiment","2023.2.3","Win32",18.01801802,"6668960872498f269966bfb2","66fbf9d935dbf9e9cfd29582","66fc2341c5b87f73ca5f0a65","",,,"",,,"",,,"",,,"",,,"",,,"",,,,,"","",,,,"",,,"","","",,,"","",,5,,,,"","","",,,,,,,2,,,,"","",,,,,"",,,"",,,"k",0.6737,,"space",0.7288,,2,"brown_gnome",2,4,"bright_forest","red_basket","blue_gnome",2,7,"dark_forest","yellow_basket",35,0,0,1,"blue_gnome","dark_forest","yellow_basket",3068,1,1,26,1,209,5,1,"",,,"",,,"",,,"",,,"",,,"",,,,,,,"",,,"","",,,,,,,,"",,,,,,,"",,,"","","",,,,,,,,"",,,,,,,
"","",,"","","","","","","",,"","","","","","","",,"","","","","","","",,"","","","","","","",,"","","","","","","",,"","","","","","","",,"","","","","","","",,"","","","","",25344,1,"2024-10-01_17h29.26.529","experiment","2023.2.3","Win32",18.01801802,"6668960872498f269966bfb2","66fbf9d935dbf9e9cfd29582","66fc2341c5b87f73ca5f0a65","",,,"",,,"",,,"",,,"",,,"",,,"",,,,,"","",,,,"",,,"","","",,,"","",,1,,,,"","","",,,,,,,1,,,,"","",,,,,"",,,"",,,"s",0.6809,,"space",0.4286,,1,"orange_gnome",1,8,"dark_forest","yellow_basket","yellow_gnome",1,5,"bright_forest","red_basket",8,0,0,1,"orange_gnome","dark_forest","yellow_basket",3076,-2,2,26,2,210,0,1,"",,,"",,,"",,,"",,,"",,,"",,,,,,,"",,,"","",,,,,,,,"",,,,,,,"",,,"","","",,,,,,,,"",,,,,,,
"","",,"","","","","","","",,"","","","","","","",,"","","","","","","",,"","","","","","","",,"","","","","","","",,"","","","","","","",,"","","","","","","",,"","","","","",25344,1,"2024-10-01_17h29.26.529","experiment","2023.2.3","Win32",18.01801802,"6668960872498f269966bfb2","66fbf9d935dbf9e9cfd29582","66fc2341c5b87f73ca5f0a65","",,,"",,,"",,,"",,,"",,,"",,,"",,,,,"","",,,,"",,,"","","",,,"","",,5,,,,"","","",,,,,,,2,,,,"","",,,,,"",,,"",,,"k",0.6787,,"space",0.7337,,2,"brown_gnome",2,3,"bright_forest","red_basket","blue_gnome",2,8,"dark_forest","yellow_basket",40,0,0,1,"blue_gnome","dark_forest","yellow_basket",3116,-2,-3,26,3,211,5,1,"",,,"",,,"",,,"",,,"",,,"",,,,,,,"",,,"","",,,,,,,,"",,,,,,,"",,,"","","",,,,,,,,"",,,,,,,
"","",,"","","","","","","",,"","","","","","","",,"","","","","","","",,"","","","","","","",,"","","","","","","",,"","","","","","","",,"","","","","","","",,"","","","","",25344,1,"2024-10-01_17h29.26.529","experiment","2023.2.3","Win32",18.01801802,"6668960872498f269966bfb2","66fbf9d935dbf9e9cfd29582","66fc2341c5b87f73ca5f0a65","",,,"",,,"",,,"",,,"",,,"",,,"",,,,,"","",,,,"",,,"","","",,,"","",,1,,,,"","","",,,,,,,4,,,,"","",,,,,"",,,"",,,"s",0.7914,,"space",0.3172,,4,"red_gnome",4,5,"dark_forest","yellow_basket","purple_gnome",4,1,"bright_forest","red_basket",5,0,0,1,"red_gnome","dark_forest","yellow_basket",3121,1,0,26,4,212,3,1,"",,,"",,,"",,,"",,,"",,,"",,,,,,,"",,,"","",,,,,,,,"",,,,,,,"",,,"","","",,,,,,,,"",,,,,,,
"","",,"","","","","","","",,"","","","","","","",,"","","","","","","",,"","","","","","","",,"","","","","","","",,"","","","","","","",,"","","","","","","",,"","","","","",25344,1,"2024-10-01_17h29.26.529","experiment","2023.2.3","Win32",18.01801802,"6668960872498f269966bfb2","66fbf9d935dbf9e9cfd29582","66fc2341c5b87f73ca5f0a65","",,,"",,,"",,,"",,,"",,,"",,,"",,,,,"","",,,,"",,,"","","",,,"","",,1,,,,"","","",,,,,,,3,,,,"","",,,,,"",,,"",,,"s",0.6875,,"space",0.3243,,3,"pink_gnome",3,5,"dark_forest","yellow_basket","green_gnome",3,2,"bright_forest","red_basket",5,0,0,1,"pink_gnome","dark_forest","yellow_basket",3126,3,0,26,5,213,2,1,"",,,"",,,"",,,"",,,"",,,"",,,,,,,"",,,"","",,,,,,,,"",,,,,,,"",,,"","","",,,,,,,,"",,,,,,,
"","",,"","","","","","","",,"","","","","","","",,"","","","","","","",,"","","","","","","",,"","","","","","","",,"","","","","","","",,"","","","","","","",,"","","","","",25344,1,"2024-10-01_17h29.26.529","experiment","2023.2.3","Win32",18.01801802,"6668960872498f269966bfb2","66fbf9d935dbf9e9cfd29582","66fc2341c5b87f73ca5f0a65","",,,"",,,"",,,"",,,"",,,"",,,"",,,,,"","",,,,"",,,"","","",,,"","",,1,,,,"","","",,,,,,,4,,,,"","",,,,,"",,,"",,,"s",0.776,,"space",0.4495,,4,"red_gnome",4,5,"dark_forest","yellow_basket","purple_gnome",4,5,"bright_forest","red_basket",5,0,0,1,"red_gnome","dark_forest","yellow_basket",3131,0,-1,26,6,214,3,1,"",,,"",,,"",,,"",,,"",,,"",,,,,,,"",,,"","",,,,,,,,"",,,,,,,"",,,"","","",,,,,,,,"",,,,,,,
"","",,"","","","","","","",,"","","","","","","",,"","","","","","","",,"","","","","","","",,"","","","","","","",,"","","","","","","",,"","","","","","","",,"","","","","",25344,1,"2024-10-01_17h29.26.529","experiment","2023.2.3","Win32",18.01801802,"6668960872498f269966bfb2","66fbf9d935dbf9e9cfd29582","66fc2341c5b87f73ca5f0a65","",,,"",,,"",,,"",,,"",,,"",,,"",,,,,"","",,,,"",,,"","","",,,"","",,1,,,,"","","",,,,,,,3,,,,"","",,,,,"",,,"",,,"s",0.5646,,"space",0.1084,,3,"pink_gnome",3,4,"dark_forest","yellow_basket","green_gnome",3,5,"bright_forest","red_basket",4,0,0,1,"pink_gnome","dark_forest","yellow_basket",3135,4,2,26,7,215,2,1,"",,,"",,,"",,,"",,,"",,,"",,,,,,,"",,,"","",,,,,,,,"",,,,,,,"",,,"","","",,,,,,,,"",,,,,,,
"","",,"","","","","","","",,"","","","","","","",,"","","","","","","",,"","","","","","","",,"","","","","","","",,"","","","","","","",,"","","","","","","",,"","","","","",25344,1,"2024-10-01_17h29.26.529","experiment","2023.2.3","Win32",18.01801802,"6668960872498f269966bfb2","66fbf9d935dbf9e9cfd29582","66fc2341c5b87f73ca5f0a65","",,,"",,,"",,,"",,,"",,,"",,,"",,,,,"","",,,,"",,,"","","",,,"","",,5,,,,"","","",,,,,,,1,,,,"","",,,,,"",,,"",,,"k",0.7712,,"space",0.3482,,1,"orange_gnome",1,6,"dark_forest","yellow_basket","yellow_gnome",1,9,"bright_forest","red_basket",45,0,0,1,"yellow_gnome","bright_forest","red_basket",3180,-4,1,27,0,216,4,1,"",,,"",,,"",,,"",,,"",,,"",,,,,,,"",,,"","",,,,,,,,"",,,,,,,"",,,"","","",,,,,,,,"",,,,,,,
"","",,"","","","","","","",,"","","","","","","",,"","","","","","","",,"","","","","","","",,"","","","","","","",,"","","","","","","",,"","","","","","","",,"","","","","",25344,1,"2024-10-01_17h29.26.529","experiment","2023.2.3","Win32",18.01801802,"6668960872498f269966bfb2","66fbf9d935dbf9e9cfd29582","66fc2341c5b87f73ca5f0a65","",,,"",,,"",,,"",,,"",,,"",,,"",,,,,"","",,,,"",,,"","","",,,"","",,5,,,,"","","",,,,,,,1,,,,"","",,,,,"",,,"",,,"s",1.0947,,"space",0.6867,,1,"yellow_gnome",1,5,"bright_forest","red_basket","orange_gnome",1,7,"dark_forest","yellow_basket",25,0,0,1,"yellow_gnome","bright_forest","red_basket",3205,0,-2,27,1,217,4,1,"",,,"",,,"",,,"",,,"",,,"",,,,,,,"",,,"","",,,,,,,,"",,,,,,,"",,,"","","",,,,,,,,"",,,,,,,
"","",,"","","","","","","",,"","","","","","","",,"","","","","","","",,"","","","","","","",,"","","","","","","",,"","","","","","","",,"","","","","","","",,"","","","","",25344,1,"2024-10-01_17h29.26.529","experiment","2023.2.3","Win32",18.01801802,"6668960872498f269966bfb2","66fbf9d935dbf9e9cfd29582","66fc2341c5b87f73ca5f0a65","",,,"",,,"",,,"",,,"",,,"",,,"",,,,,"","",,,,"",,,"","","",,,"","",,5,,,,"","","",,,,,,,1,,,,"","",,,,,"",,,"",,,"s",0.6558,,"space",0.4243,,1,"orange_gnome",1,5,"dark_forest","yellow_basket","yellow_gnome",1,5,"bright_forest","red_basket",25,0,0,1,"orange_gnome","dark_forest","yellow_basket",3230,1,1,27,2,218,4,1,"",,,"",,,"",,,"",,,"",,,"",,,,,,,"",,,"","",,,,,,,,"",,,,,,,"",,,"","","",,,,,,,,"",,,,,,,
"","",,"","","","","","","",,"","","","","","","",,"","","","","","","",,"","","","","","","",,"","","","","","","",,"","","","","","","",,"","","","","","","",,"","","","","",25344,1,"2024-10-01_17h29.26.529","experiment","2023.2.3","Win32",18.01801802,"6668960872498f269966bfb2","66fbf9d935dbf9e9cfd29582","66fc2341c5b87f73ca5f0a65","",,,"",,,"",,,"",,,"",,,"",,,"",,,,,"","",,,,"",,,"","","",,,"","",,5,,,,"","","",,,,,,,4,,,,"","",,,,,"",,,"",,,"s",0.4385,,"space",0.4474,,4,"purple_gnome",4,6,"bright_forest","red_basket","red_gnome",4,6,"dark_forest","yellow_basket",30,0,0,1,"purple_gnome","bright_forest","red_basket",3260,1,-1,27,3,219,7,1,"",,,"",,,"",,,"",,,"",,,"",,,,,,,"",,,"","",,,,,,,,"",,,,,,,"",,,"","","",,,,,,,,"",,,,,,,
"","",,"","","","","","","",,"","","","","","","",,"","","","","","","",,"","","","","","","",,"","","","","","","",,"","","","","","","",,"","","","","","","",,"","","","","",25344,1,"2024-10-01_17h29.26.529","experiment","2023.2.3","Win32",18.01801802,"6668960872498f269966bfb2","66fbf9d935dbf9e9cfd29582","66fc2341c5b87f73ca5f0a65","",,,"",,,"",,,"",,,"",,,"",,,"",,,,,"","",,,,"",,,"","","",,,"","",,1,,,,"","","",,,,,,,2,,,,"","",,,,,"",,,"",,,"s",0.2362,,"space",0.2361,,2,"brown_gnome",2,7,"bright_forest","red_basket","blue_gnome",2,5,"dark_forest","yellow_basket",7,0,0,1,"brown_gnome","bright_forest","red_basket",3267,0,-3,27,4,220,1,1,"",,,"",,,"",,,"",,,"",,,"",,,,,,,"",,,"","",,,,,,,,"",,,,,,,"",,,"","","",,,,,,,,"",,,,,,,
"","",,"","","","","","","",,"","","","","","","",,"","","","","","","",,"","","","","","","",,"","","","","","","",,"","","","","","","",,"","","","","","","",,"","","","","",25344,1,"2024-10-01_17h29.26.529","experiment","2023.2.3","Win32",18.01801802,"6668960872498f269966bfb2","66fbf9d935dbf9e9cfd29582","66fc2341c5b87f73ca5f0a65","",,,"",,,"",,,"",,,"",,,"",,,"",,,,,"","",,,,"",,,"","","",,,"","",,5,,,,"","","",,,,,,,4,,,,"","",,,,,"",,,"",,,"s",0.6836,,"space",0.1135,,4,"red_gnome",4,2,"dark_forest","yellow_basket","purple_gnome",4,7,"bright_forest","red_basket",10,0,0,1,"red_gnome","dark_forest","yellow_basket",3277,-2,0,27,5,221,7,1,"",,,"",,,"",,,"",,,"",,,"",,,,,,,"",,,"","",,,,,,,,"",,,,,,,"",,,"","","",,,,,,,,"",,,,,,,
"","",,"","","","","","","",,"","","","","","","",,"","","","","","","",,"","","","","","","",,"","","","","","","",,"","","","","","","",,"","","","","","","",,"","","","","",25344,1,"2024-10-01_17h29.26.529","experiment","2023.2.3","Win32",18.01801802,"6668960872498f269966bfb2","66fbf9d935dbf9e9cfd29582","66fc2341c5b87f73ca5f0a65","",,,"",,,"",,,"",,,"",,,"",,,"",,,,,"","",,,,"",,,"","","",,,"","",,1,,,,"","","",,,,,,,1,,,,"","",,,,,"",,,"",,,"k",0.6668,,"space",0.4588,,1,"orange_gnome",1,2,"dark_forest","yellow_basket","yellow_gnome",1,5,"bright_forest","red_basket",5,0,0,1,"yellow_gnome","bright_forest","red_basket",3282,1,0,27,6,222,0,1,"",,,"",,,"",,,"",,,"",,,"",,,,,,,"",,,"","",,,,,,,,"",,,,,,,"",,,"","","",,,,,,,,"",,,,,,,
"","",,"","","","","","","",,"","","","","","","",,"","","","","","","",,"","","","","","","",,"","","","","","","",,"","","","","","","",,"","","","","","","",,"","","","","",25344,1,"2024-10-01_17h29.26.529","experiment","2023.2.3","Win32",18.01801802,"6668960872498f269966bfb2","66fbf9d935dbf9e9cfd29582","66fc2341c5b87f73ca5f0a65","",,,"",,,"",,,"",,,"",,,"",,,"",,,,,"","",,,,"",,,"","","",,,"","",,1,,,,"","","",,,,,,,4,,,,"","",,,,,"",,,"",,,"s",0.4715,,"space",0.3478,,4,"purple_gnome",4,6,"bright_forest","red_basket","red_gnome",4,2,"dark_forest","yellow_basket",6,0,0,1,"purple_gnome","bright_forest","red_basket",3288,0,2,27,7,223,3,1,"",,,"",,,"",,,"",,,"",,,"",,,,,,,"",,,"","",,,,,,,,"",,,,,,,"",,,"","","",,,,,,,,"",,,,,,,
"","",,"","","","","","","",,"","","","","","","",,"","","","","","","",,"","","","","","","",,"","","","","","","",,"","","","","","","",,"","","","","","","",,"","","","","",25344,1,"2024-10-01_17h29.26.529","experiment","2023.2.3","Win32",18.01801802,"6668960872498f269966bfb2","66fbf9d935dbf9e9cfd29582","66fc2341c5b87f73ca5f0a65","",,,"",,,"",,,"",,,"",,,"",,,"",,,,,"","",,,,"",,,"","","",,,"","",,1,,,,"","","",,,,,,,4,,,,"","",,,,,"",,,"",,,"s",0.5655,,"space",0.4514,,4,"purple_gnome",4,6,"bright_forest","red_basket","red_gnome",4,4,"dark_forest","yellow_basket",6,0,0,1,"purple_gnome","bright_forest","red_basket",3294,1,-3,28,0,224,3,1,"",,,"",,,"",,,"",,,"",,,"",,,,,,,"",,,"","",,,,,,,,"",,,,,,,"",,,"","","",,,,,,,,"",,,,,,,
"","",,"","","","","","","",,"","","","","","","",,"","","","","","","",,"","","","","","","",,"","","","","","","",,"","","","","","","",,"","","","","","","",,"","","","","",25344,1,"2024-10-01_17h29.26.529","experiment","2023.2.3","Win32",18.01801802,"6668960872498f269966bfb2","66fbf9d935dbf9e9cfd29582","66fc2341c5b87f73ca5f0a65","",,,"",,,"",,,"",,,"",,,"",,,"",,,,,"","",,,,"",,,"","","",,,"","",,1,,,,"","","",,,,,,,2,,,,"","",,,,,"",,,"",,,"s",0.7683,,"space",0.9595,,2,"blue_gnome",2,1,"dark_forest","yellow_basket","brown_gnome",2,7,"bright_forest","red_basket",1,0,0,1,"blue_gnome","dark_forest","yellow_basket",3295,0,-1,28,1,225,1,1,"",,,"",,,"",,,"",,,"",,,"",,,,,,,"",,,"","",,,,,,,,"",,,,,,,"",,,"","","",,,,,,,,"",,,,,,,
"","",,"","","","","","","",,"","","","","","","",,"","","","","","","",,"","","","","","","",,"","","","","","","",,"","","","","","","",,"","","","","","","",,"","","","","",25344,1,"2024-10-01_17h29.26.529","experiment","2023.2.3","Win32",18.01801802,"6668960872498f269966bfb2","66fbf9d935dbf9e9cfd29582","66fc2341c5b87f73ca5f0a65","",,,"",,,"",,,"",,,"",,,"",,,"",,,,,"","",,,,"",,,"","","",,,"","",,1,,,,"","","",,,,,,,2,,,,"","",,,,,"",,,"",,,"s",0.5554,,"space",0.5476,,2,"brown_gnome",2,7,"bright_forest","red_basket","blue_gnome",2,0,"dark_forest","yellow_basket",7,0,0,1,"brown_gnome","bright_forest","red_basket",3302,-1,2,28,2,226,1,1,"",,,"",,,"",,,"",,,"",,,"",,,,,,,"",,,"","",,,,,,,,"",,,,,,,"",,,"","","",,,,,,,,"",,,,,,,
"","",,"","","","","","","",,"","","","","","","",,"","","","","","","",,"","","","","","","",,"","","","","","","",,"","","","","","","",,"","","","","","","",,"","","","","",25344,1,"2024-10-01_17h29.26.529","experiment","2023.2.3","Win32",18.01801802,"6668960872498f269966bfb2","66fbf9d935dbf9e9cfd29582","66fc2341c5b87f73ca5f0a65","",,,"",,,"",,,"",,,"",,,"",,,"",,,,,"","",,,,"",,,"","","",,,"","",,1,,,,"","","",,,,,,,3,,,,"","",,,,,"",,,"",,,"s",0.5664,,"space",0.3205,,3,"pink_gnome",3,2,"dark_forest","yellow_basket","green_gnome",3,6,"bright_forest","red_basket",2,0,0,1,"pink_gnome","dark_forest","yellow_basket",3304,2,3,28,3,227,2,1,"",,,"",,,"",,,"",,,"",,,"",,,,,,,"",,,"","",,,,,,,,"",,,,,,,"",,,"","","",,,,,,,,"",,,,,,,
"","",,"","","","","","","",,"","","","","","","",,"","","","","","","",,"","","","","","","",,"","","","","","","",,"","","","","","","",,"","","","","","","",,"","","","","",25344,1,"2024-10-01_17h29.26.529","experiment","2023.2.3","Win32",18.01801802,"6668960872498f269966bfb2","66fbf9d935dbf9e9cfd29582","66fc2341c5b87f73ca5f0a65","",,,"",,,"",,,"",,,"",,,"",,,"",,,,,"","",,,,"",,,"","","",,,"","",,1,,,,"","","",,,,,,,3,,,,"","",,,,,"",,,"",,,"k",0.568,,"space",0.7448,,3,"green_gnome",3,8,"bright_forest","red_basket","pink_gnome",3,5,"dark_forest","yellow_basket",5,0,0,1,"pink_gnome","dark_forest","yellow_basket",3309,-1,-1,28,4,228,2,1,"",,,"",,,"",,,"",,,"",,,"",,,,,,,"",,,"","",,,,,,,,"",,,,,,,"",,,"","","",,,,,,,,"",,,,,,,
"","",,"","","","","","","",,"","","","","","","",,"","","","","","","",,"","","","","","","",,"","","","","","","",,"","","","","","","",,"","","","","","","",,"","","","","",25344,1,"2024-10-01_17h29.26.529","experiment","2023.2.3","Win32",18.01801802,"6668960872498f269966bfb2","66fbf9d935dbf9e9cfd29582","66fc2341c5b87f73ca5f0a65","",,,"",,,"",,,"",,,"",,,"",,,"",,,,,"","",,,,"",,,"","","",,,"","",,5,,,,"","","",,,,,,,4,,,,"","",,,,,"",,,"",,,"s",0.7721,,"space",0.6601,,4,"purple_gnome",4,7,"bright_forest","red_basket","red_gnome",4,4,"dark_forest","yellow_basket",35,0,0,1,"purple_gnome","bright_forest","red_basket",3344,-3,-1,28,5,229,7,1,"",,,"",,,"",,,"",,,"",,,"",,,,,,,"",,,"","",,,,,,,,"",,,,,,,"",,,"","","",,,,,,,,"",,,,,,,
"","",,"","","","","","","",,"","","","","","","",,"","","","","","","",,"","","","","","","",,"","","","","","","",,"","","","","","","",,"","","","","","","",,"","","","","",25344,1,"2024-10-01_17h29.26.529","experiment","2023.2.3","Win32",18.01801802,"6668960872498f269966bfb2","66fbf9d935dbf9e9cfd29582","66fc2341c5b87f73ca5f0a65","",,,"",,,"",,,"",,,"",,,"",,,"",,,,,"","",,,,"",,,"","","",,,"","",,5,,,,"","","",,,,,,,2,,,,"","",,,,,"",,,"",,,"s",0.556,,"space",0.1184,,2,"blue_gnome",2,3,"dark_forest","yellow_basket","brown_gnome",2,4,"bright_forest","red_basket",15,0,0,1,"blue_gnome","dark_forest","yellow_basket",3359,0,1,28,6,230,5,1,"",,,"",,,"",,,"",,,"",,,"",,,,,,,"",,,"","",,,,,,,,"",,,,,,,"",,,"","","",,,,,,,,"",,,,,,,
"","",,"","","","","","","",,"","","","","","","",,"","","","","","","",,"","","","","","","",,"","","","","","","",,"","","","","","","",,"","","","","","","",,"","","","","",25344,1,"2024-10-01_17h29.26.529","experiment","2023.2.3","Win32",18.01801802,"6668960872498f269966bfb2","66fbf9d935dbf9e9cfd29582","66fc2341c5b87f73ca5f0a65","",,,"",,,"",,,"",,,"",,,"",,,"",,,,,"","",,,,"",,,"","","",,,"","",,5,,,,"","","",,,,,,,4,,,,"","",,,,,"",,,"",,,"s",0.4419,,"space",0.8653,,4,"purple_gnome",4,4,"bright_forest","red_basket","red_gnome",4,4,"dark_forest","yellow_basket",20,0,0,1,"purple_gnome","bright_forest","red_basket",3379,-1,1,28,7,231,7,1,"",,,"",,,"",,,"",,,"",,,"",,,,,,,"",,,"","",,,,,,,,"",,,,,,,"",,,"","","",,,,,,,,"",,,,,,,
"","",,"","","","","","","",,"","","","","","","",,"","","","","","","",,"","","","","","","",,"","","","","","","",,"","","","","","","",,"","","","","","","",,"","","","","",25344,1,"2024-10-01_17h29.26.529","experiment","2023.2.3","Win32",18.01801802,"6668960872498f269966bfb2","66fbf9d935dbf9e9cfd29582","66fc2341c5b87f73ca5f0a65","",,,"",,,"",,,"",,,"",,,"",,,"",,,,,"","",,,,"",,,"","","",,,"","",,5,,,,"","","",,,,,,,3,,,,"","",,,,,"",,,"",,,"s",0.6801,,"space",0.2181,,3,"pink_gnome",3,5,"dark_forest","yellow_basket","green_gnome",3,3,"bright_forest","red_basket",25,0,0,1,"pink_gnome","dark_forest","yellow_basket",3404,1,1,29,0,232,6,1,"",,,"",,,"",,,"",,,"",,,"",,,,,,,"",,,"","",,,,,,,,"",,,,,,,"",,,"","","",,,,,,,,"",,,,,,,
"","",,"","","","","","","",,"","","","","","","",,"","","","","","","",,"","","","","","","",,"","","","","","","",,"","","","","","","",,"","","","","","","",,"","","","","",25344,1,"2024-10-01_17h29.26.529","experiment","2023.2.3","Win32",18.01801802,"6668960872498f269966bfb2","66fbf9d935dbf9e9cfd29582","66fc2341c5b87f73ca5f0a65","",,,"",,,"",,,"",,,"",,,"",,,"",,,,,"","",,,,"",,,"","","",,,"","",,5,,,,"","","",,,,,,,1,,,,"","",,,,,"",,,"",,,"s",0.5596,,"space",0.1317,,1,"yellow_gnome",1,4,"bright_forest","red_basket","orange_gnome",1,6,"dark_forest","yellow_basket",20,0,0,1,"yellow_gnome","bright_forest","red_basket",3424,2,2,29,1,233,4,1,"",,,"",,,"",,,"",,,"",,,"",,,,,,,"",,,"","",,,,,,,,"",,,,,,,"",,,"","","",,,,,,,,"",,,,,,,
"","",,"","","","","","","",,"","","","","","","",,"","","","","","","",,"","","","","","","",,"","","","","","","",,"","","","","","","",,"","","","","","","",,"","","","","",25344,1,"2024-10-01_17h29.26.529","experiment","2023.2.3","Win32",18.01801802,"6668960872498f269966bfb2","66fbf9d935dbf9e9cfd29582","66fc2341c5b87f73ca5f0a65","",,,"",,,"",,,"",,,"",,,"",,,"",,,,,"","",,,,"",,,"","","",,,"","",,5,,,,"","","",,,,,,,3,,,,"","",,,,,"",,,"",,,"s",0.7922,,"space",0.5239,,3,"pink_gnome",3,8,"dark_forest","yellow_basket","green_gnome",3,6,"bright_forest","red_basket",40,0,0,1,"pink_gnome","dark_forest","yellow_basket",3464,1,-6,29,2,234,6,1,"",,,"",,,"",,,"",,,"",,,"",,,,,,,"",,,"","",,,,,,,,"",,,,,,,"",,,"","","",,,,,,,,"",,,,,,,
"","",,"","","","","","","",,"","","","","","","",,"","","","","","","",,"","","","","","","",,"","","","","","","",,"","","","","","","",,"","","","","","","",,"","","","","",25344,1,"2024-10-01_17h29.26.529","experiment","2023.2.3","Win32",18.01801802,"6668960872498f269966bfb2","66fbf9d935dbf9e9cfd29582","66fc2341c5b87f73ca5f0a65","",,,"",,,"",,,"",,,"",,,"",,,"",,,,,"","",,,,"",,,"","","",,,"","",,5,,,,"","","",,,,,,,3,,,,"","",,,,,"",,,"",,,"k",0.9113,,"space",0.2403,,3,"pink_gnome",3,2,"dark_forest","yellow_basket","green_gnome",3,7,"bright_forest","red_basket",35,0,0,1,"green_gnome","bright_forest","red_basket",3499,-1,-2,29,3,235,6,1,"",,,"",,,"",,,"",,,"",,,"",,,,,,,"",,,"","",,,,,,,,"",,,,,,,"",,,"","","",,,,,,,,"",,,,,,,
"","",,"","","","","","","",,"","","","","","","",,"","","","","","","",,"","","","","","","",,"","","","","","","",,"","","","","","","",,"","","","","","","",,"","","","","",25344,1,"2024-10-01_17h29.26.529","experiment","2023.2.3","Win32",18.01801802,"6668960872498f269966bfb2","66fbf9d935dbf9e9cfd29582","66fc2341c5b87f73ca5f0a65","",,,"",,,"",,,"",,,"",,,"",,,"",,,,,"","",,,,"",,,"","","",,,"","",,1,,,,"","","",,,,,,,1,,,,"","",,,,,"",,,"",,,"s",0.4535,,"space",0.3163,,1,"orange_gnome",1,0,"dark_forest","yellow_basket","yellow_gnome",1,6,"bright_forest","red_basket",0,0,0,1,"orange_gnome","dark_forest","yellow_basket",3499,1,0,29,4,236,0,1,"",,,"",,,"",,,"",,,"",,,"",,,,,,,"",,,"","",,,,,,,,"",,,,,,,"",,,"","","",,,,,,,,"",,,,,,,
"","",,"","","","","","","",,"","","","","","","",,"","","","","","","",,"","","","","","","",,"","","","","","","",,"","","","","","","",,"","","","","","","",,"","","","","",25344,1,"2024-10-01_17h29.26.529","experiment","2023.2.3","Win32",18.01801802,"6668960872498f269966bfb2","66fbf9d935dbf9e9cfd29582","66fc2341c5b87f73ca5f0a65","",,,"",,,"",,,"",,,"",,,"",,,"",,,,,"","",,,,"",,,"","","",,,"","",,5,,,,"","","",,,,,,,1,,,,"","",,,,,"",,,"",,,"s",0.6748,,"space",0.4559,,1,"yellow_gnome",1,7,"bright_forest","red_basket","orange_gnome",1,0,"dark_forest","yellow_basket",35,0,0,1,"yellow_gnome","bright_forest","red_basket",3534,0,-5,29,5,237,4,1,"",,,"",,,"",,,"",,,"",,,"",,,,,,,"",,,"","",,,,,,,,"",,,,,,,"",,,"","","",,,,,,,,"",,,,,,,
"","",,"","","","","","","",,"","","","","","","",,"","","","","","","",,"","","","","","","",,"","","","","","","",,"","","","","","","",,"","","","","","","",,"","","","","",25344,1,"2024-10-01_17h29.26.529","experiment","2023.2.3","Win32",18.01801802,"6668960872498f269966bfb2","66fbf9d935dbf9e9cfd29582","66fc2341c5b87f73ca5f0a65","",,,"",,,"",,,"",,,"",,,"",,,"",,,,,"","",,,,"",,,"","","",,,"","",,1,,,,"","","",,,,,,,4,,,,"","",,,,,"",,,"",,,"k",0.7811,,"space",0.8476,,4,"red_gnome",4,5,"dark_forest","yellow_basket","purple_gnome",4,7,"bright_forest","red_basket",7,0,0,1,"purple_gnome","bright_forest","red_basket",3541,1,-5,29,6,238,3,1,"",,,"",,,"",,,"",,,"",,,"",,,,,,,"",,,"","",,,,,,,,"",,,,,,,"",,,"","","",,,,,,,,"",,,,,,,
"","",,"","","","","","","",,"","","","","","","",,"","","","","","","",,"","","","","","","",,"","","","","","","",,"","","","","","","",,"","","","","","","",,"","","","","",25344,1,"2024-10-01_17h29.26.529","experiment","2023.2.3","Win32",18.01801802,"6668960872498f269966bfb2","66fbf9d935dbf9e9cfd29582","66fc2341c5b87f73ca5f0a65","",,,"",,,"",,,"",,,"",,,"",,,"",,,,,"","",,,,"",,,"","","",,,"","",,1,,,,"","","",,,,,,,4,,,,"","",,,,,"",,,"",,,"s",0.6814,,"space",0.2165,,4,"red_gnome",4,0,"dark_forest","yellow_basket","purple_gnome",4,8,"bright_forest","red_basket",0,0,0,1,"red_gnome","dark_forest","yellow_basket",3541,-1,0,29,7,239,3,1,"",,,"",,,"",,,"",,,"",,,"",,,,,,,"",,,"","",,,,,,,,"",,,,,,,"",,,"","","",,,,,,,,"",,,,,,,
"","",,"","","","","","","",,"","","","","","","",,"","","","","","","",,"","","","","","","",,"","","","","","","",,"","","","","","","",,"","","","","","","",,"","","","","",25344,1,"2024-10-01_17h29.26.529","experiment","2023.2.3","Win32",18.01801802,"6668960872498f269966bfb2","66fbf9d935dbf9e9cfd29582","66fc2341c5b87f73ca5f0a65","",,,"",,,"",,,"",,,"",,,"",,,"",,,,,"","",,,,"",,,"","","",,,"","",,5,,,,"","","",,,,,,,3,,,,"","",,,,,"",,,"",,,"s",0.6718,,"space",0.1319,,3,"green_gnome",3,7,"bright_forest","red_basket","pink_gnome",3,0,"dark_forest","yellow_basket",35,0,0,1,"green_gnome","bright_forest","red_basket",3576,3,-3,30,0,240,6,1,"",,,"",,,"",,,"",,,"",,,"",,,,,,,"",,,"","",,,,,,,,"",,,,,,,"",,,"","","",,,,,,,,"",,,,,,,
"","",,"","","","","","","",,"","","","","","","",,"","","","","","","",,"","","","","","","",,"","","","","","","",,"","","","","","","",,"","","","","","","",,"","","","","",25344,1,"2024-10-01_17h29.26.529","experiment","2023.2.3","Win32",18.01801802,"6668960872498f269966bfb2","66fbf9d935dbf9e9cfd29582","66fc2341c5b87f73ca5f0a65","",,,"",,,"",,,"",,,"",,,"",,,"",,,,,"","",,,,"",,,"","","",,,"","",,1,,,,"","","",,,,,,,4,,,,"","",,,,,"",,,"",,,"s",0.5766,,"space",0.2168,,4,"red_gnome",4,3,"dark_forest","yellow_basket","purple_gnome",4,8,"bright_forest","red_basket",3,0,0,1,"red_gnome","dark_forest","yellow_basket",3579,1,-1,30,1,241,3,1,"",,,"",,,"",,,"",,,"",,,"",,,,,,,"",,,"","",,,,,,,,"",,,,,,,"",,,"","","",,,,,,,,"",,,,,,,
"","",,"","","","","","","",,"","","","","","","",,"","","","","","","",,"","","","","","","",,"","","","","","","",,"","","","","","","",,"","","","","","","",,"","","","","",25344,1,"2024-10-01_17h29.26.529","experiment","2023.2.3","Win32",18.01801802,"6668960872498f269966bfb2","66fbf9d935dbf9e9cfd29582","66fc2341c5b87f73ca5f0a65","",,,"",,,"",,,"",,,"",,,"",,,"",,,,,"","",,,,"",,,"","","",,,"","",,1,,,,"","","",,,,,,,1,,,,"","",,,,,"",,,"",,,"s",0.2424,,"",,,1,"orange_gnome",1,2,"dark_forest","yellow_basket","yellow_gnome",1,9,"bright_forest","red_basket",0,0,1,0,"orange_gnome","dark_forest","yellow_basket",3579,-1,1,30,2,242,0,1,"",,,"",,,"",,,"",,,"",,,"",,,,,,,"",,,"","",,,,,,,,"",,,,,,,"",,,"","","",,,,,,,,"",,,,,,,
"","",,"","","","","","","",,"","","","","","","",,"","","","","","","",,"","","","","","","",,"","","","","","","",,"","","","","","","",,"","","","","","","",,"","","","","",25344,1,"2024-10-01_17h29.26.529","experiment","2023.2.3","Win32",18.01801802,"6668960872498f269966bfb2","66fbf9d935dbf9e9cfd29582","66fc2341c5b87f73ca5f0a65","",,,"",,,"",,,"",,,"",,,"",,,"",,,,,"","",,,,"",,,"","","",,,"","",,5,,,,"","","",,,,,,,3,,,,"","",,,,,"",,,"",,,"s",0.5661,,"space",0.2413,,3,"green_gnome",3,8,"bright_forest","red_basket","pink_gnome",3,3,"dark_forest","yellow_basket",40,0,0,1,"green_gnome","bright_forest","red_basket",3619,3,-1,30,3,243,6,1,"",,,"",,,"",,,"",,,"",,,"",,,,,,,"",,,"","",,,,,,,,"",,,,,,,"",,,"","","",,,,,,,,"",,,,,,,
"","",,"","","","","","","",,"","","","","","","",,"","","","","","","",,"","","","","","","",,"","","","","","","",,"","","","","","","",,"","","","","","","",,"","","","","",25344,1,"2024-10-01_17h29.26.529","experiment","2023.2.3","Win32",18.01801802,"6668960872498f269966bfb2","66fbf9d935dbf9e9cfd29582","66fc2341c5b87f73ca5f0a65","",,,"",,,"",,,"",,,"",,,"",,,"",,,,,"","",,,,"",,,"","","",,,"","",,1,,,,"","","",,,,,,,1,,,,"","",,,,,"",,,"",,,"s",0.4747,,"space",0.2214,,1,"orange_gnome",1,2,"dark_forest","yellow_basket","yellow_gnome",1,7,"bright_forest","red_basket",2,0,0,1,"orange_gnome","dark_forest","yellow_basket",3621,3,-2,30,4,244,0,1,"",,,"",,,"",,,"",,,"",,,"",,,,,,,"",,,"","",,,,,,,,"",,,,,,,"",,,"","","",,,,,,,,"",,,,,,,
"","",,"","","","","","","",,"","","","","","","",,"","","","","","","",,"","","","","","","",,"","","","","","","",,"","","","","","","",,"","","","","","","",,"","","","","",25344,1,"2024-10-01_17h29.26.529","experiment","2023.2.3","Win32",18.01801802,"6668960872498f269966bfb2","66fbf9d935dbf9e9cfd29582","66fc2341c5b87f73ca5f0a65","",,,"",,,"",,,"",,,"",,,"",,,"",,,,,"","",,,,"",,,"","","",,,"","",,5,,,,"","","",,,,,,,3,,,,"","",,,,,"",,,"",,,"k",0.6649,,"space",0.6446,,3,"pink_gnome",3,0,"dark_forest","yellow_basket","green_gnome",3,8,"bright_forest","red_basket",40,0,0,1,"green_gnome","bright_forest","red_basket",3661,1,0,30,5,245,6,1,"",,,"",,,"",,,"",,,"",,,"",,,,,,,"",,,"","",,,,,,,,"",,,,,,,"",,,"","","",,,,,,,,"",,,,,,,
"","",,"","","","","","","",,"","","","","","","",,"","","","","","","",,"","","","","","","",,"","","","","","","",,"","","","","","","",,"","","","","","","",,"","","","","",25344,1,"2024-10-01_17h29.26.529","experiment","2023.2.3","Win32",18.01801802,"6668960872498f269966bfb2","66fbf9d935dbf9e9cfd29582","66fc2341c5b87f73ca5f0a65","",,,"",,,"",,,"",,,"",,,"",,,"",,,,,"","",,,,"",,,"","","",,,"","",,5,,,,"","","",,,,,,,2,,,,"","",,,,,"",,,"",,,"s",0.5858,,"space",0.6197,,2,"blue_gnome",2,0,"dark_forest","yellow_basket","brown_gnome",2,9,"bright_forest","red_basket",0,0,0,1,"blue_gnome","dark_forest","yellow_basket",3661,-2,-2,30,6,246,5,1,"",,,"",,,"",,,"",,,"",,,"",,,,,,,"",,,"","",,,,,,,,"",,,,,,,"",,,"","","",,,,,,,,"",,,,,,,
"","",,"","","","","","","",,"","","","","","","",,"","","","","","","",,"","","","","","","",,"","","","","","","",,"","","","","","","",,"","","","","","","",,"","","","","",25344,1,"2024-10-01_17h29.26.529","experiment","2023.2.3","Win32",18.01801802,"6668960872498f269966bfb2","66fbf9d935dbf9e9cfd29582","66fc2341c5b87f73ca5f0a65","",,,"",,,"",,,"",,,"",,,"",,,"",,,,,"","",,,,"",,,"","","",,,"","",,5,,,,"","","",,,,,,,1,,,,"","",,,,,"",,,"",,,"s",0.783,,"space",0.2353,,1,"yellow_gnome",1,7,"bright_forest","red_basket","orange_gnome",1,2,"dark_forest","yellow_basket",35,0,0,1,"yellow_gnome","bright_forest","red_basket",3696,-2,-2,30,7,247,4,1,"",,,"",,,"",,,"",,,"",,,"",,,,,,,"",,,"","",,,,,,,,"",,,,,,,"",,,"","","",,,,,,,,"",,,,,,,
"","",,"","","","","","","",,"","","","","","","",,"","","","","","","",,"","","","","","","",,"","","","","","","",,"","","","","","","",,"","","","","","","",,"","","","","",25344,1,"2024-10-01_17h29.26.529","experiment","2023.2.3","Win32",18.01801802,"6668960872498f269966bfb2","66fbf9d935dbf9e9cfd29582","66fc2341c5b87f73ca5f0a65","",,,"",,,"",,,"",,,"",,,"",,,"",,,,,"","",,,,"",,,"","","",,,"","",,1,,,,"","","",,,,,,,1,,,,"","",,,,,"",,,"",,,"s",0.6635,,"space",0.5384,,1,"orange_gnome",1,0,"dark_forest","yellow_basket","yellow_gnome",1,5,"bright_forest","red_basket",0,0,0,1,"orange_gnome","dark_forest","yellow_basket",3696,-1,3,31,0,248,0,1,"",,,"",,,"",,,"",,,"",,,"",,,,,,,"",,,"","",,,,,,,,"",,,,,,,"",,,"","","",,,,,,,,"",,,,,,,
"","",,"","","","","","","",,"","","","","","","",,"","","","","","","",,"","","","","","","",,"","","","","","","",,"","","","","","","",,"","","","","","","",,"","","","","",25344,1,"2024-10-01_17h29.26.529","experiment","2023.2.3","Win32",18.01801802,"6668960872498f269966bfb2","66fbf9d935dbf9e9cfd29582","66fc2341c5b87f73ca5f0a65","",,,"",,,"",,,"",,,"",,,"",,,"",,,,,"","",,,,"",,,"","","",,,"","",,1,,,,"","","",,,,,,,2,,,,"","",,,,,"",,,"",,,"k",0.6872,,"space",0.313,,2,"brown_gnome",2,4,"bright_forest","red_basket","blue_gnome",2,3,"dark_forest","yellow_basket",3,0,0,1,"blue_gnome","dark_forest","yellow_basket",3699,-1,-2,31,1,249,1,1,"",,,"",,,"",,,"",,,"",,,"",,,,,,,"",,,"","",,,,,,,,"",,,,,,,"",,,"","","",,,,,,,,"",,,,,,,
"","",,"","","","","","","",,"","","","","","","",,"","","","","","","",,"","","","","","","",,"","","","","","","",,"","","","","","","",,"","","","","","","",,"","","","","",25344,1,"2024-10-01_17h29.26.529","experiment","2023.2.3","Win32",18.01801802,"6668960872498f269966bfb2","66fbf9d935dbf9e9cfd29582","66fc2341c5b87f73ca5f0a65","",,,"",,,"",,,"",,,"",,,"",,,"",,,,,"","",,,,"",,,"","","",,,"","",,1,,,,"","","",,,,,,,2,,,,"","",,,,,"",,,"",,,"k",0.5702,,"space",0.1105,,2,"brown_gnome",2,3,"bright_forest","red_basket","blue_gnome",2,1,"dark_forest","yellow_basket",1,0,0,1,"blue_gnome","dark_forest","yellow_basket",3700,0,-2,31,2,250,1,1,"",,,"",,,"",,,"",,,"",,,"",,,,,,,"",,,"","",,,,,,,,"",,,,,,,"",,,"","","",,,,,,,,"",,,,,,,
"","",,"","","","","","","",,"","","","","","","",,"","","","","","","",,"","","","","","","",,"","","","","","","",,"","","","","","","",,"","","","","","","",,"","","","","",25344,1,"2024-10-01_17h29.26.529","experiment","2023.2.3","Win32",18.01801802,"6668960872498f269966bfb2","66fbf9d935dbf9e9cfd29582","66fc2341c5b87f73ca5f0a65","",,,"",,,"",,,"",,,"",,,"",,,"",,,,,"","",,,,"",,,"","","",,,"","",,1,,,,"","","",,,,,,,2,,,,"","",,,,,"",,,"",,,"k",0.7932,,"space",0.4148,,2,"brown_gnome",2,3,"bright_forest","red_basket","blue_gnome",2,1,"dark_forest","yellow_basket",1,0,0,1,"blue_gnome","dark_forest","yellow_basket",3701,-1,0,31,3,251,1,1,"",,,"",,,"",,,"",,,"",,,"",,,,,,,"",,,"","",,,,,,,,"",,,,,,,"",,,"","","",,,,,,,,"",,,,,,,
"","",,"","","","","","","",,"","","","","","","",,"","","","","","","",,"","","","","","","",,"","","","","","","",,"","","","","","","",,"","","","","","","",,"","","","","",25344,1,"2024-10-01_17h29.26.529","experiment","2023.2.3","Win32",18.01801802,"6668960872498f269966bfb2","66fbf9d935dbf9e9cfd29582","66fc2341c5b87f73ca5f0a65","",,,"",,,"",,,"",,,"",,,"",,,"",,,,,"","",,,,"",,,"","","",,,"","",,1,,,,"","","",,,,,,,4,,,,"","",,,,,"",,,"",,,"s",0.6768,,"space",0.4227,,4,"red_gnome",4,1,"dark_forest","yellow_basket","purple_gnome",4,2,"bright_forest","red_basket",1,0,0,1,"red_gnome","dark_forest","yellow_basket",3702,1,-1,31,4,252,3,1,"",,,"",,,"",,,"",,,"",,,"",,,,,,,"",,,"","",,,,,,,,"",,,,,,,"",,,"","","",,,,,,,,"",,,,,,,
"","",,"","","","","","","",,"","","","","","","",,"","","","","","","",,"","","","","","","",,"","","","","","","",,"","","","","","","",,"","","","","","","",,"","","","","",25344,1,"2024-10-01_17h29.26.529","experiment","2023.2.3","Win32",18.01801802,"6668960872498f269966bfb2","66fbf9d935dbf9e9cfd29582","66fc2341c5b87f73ca5f0a65","",,,"",,,"",,,"",,,"",,,"",,,"",,,,,"","",,,,"",,,"","","",,,"","",,1,,,,"","","",,,,,,,1,,,,"","",,,,,"",,,"",,,"s",0.5628,,"space",0.2284,,1,"yellow_gnome",1,3,"bright_forest","red_basket","orange_gnome",1,0,"dark_forest","yellow_basket",3,0,0,1,"yellow_gnome","bright_forest","red_basket",3705,2,0,31,5,253,0,1,"",,,"",,,"",,,"",,,"",,,"",,,,,,,"",,,"","",,,,,,,,"",,,,,,,"",,,"","","",,,,,,,,"",,,,,,,
"","",,"","","","","","","",,"","","","","","","",,"","","","","","","",,"","","","","","","",,"","","","","","","",,"","","","","","","",,"","","","","","","",,"","","","","",25344,1,"2024-10-01_17h29.26.529","experiment","2023.2.3","Win32",18.01801802,"6668960872498f269966bfb2","66fbf9d935dbf9e9cfd29582","66fc2341c5b87f73ca5f0a65","",,,"",,,"",,,"",,,"",,,"",,,"",,,,,"","",,,,"",,,"","","",,,"","",,5,,,,"","","",,,,,,,3,,,,"","",,,,,"",,,"",,,"s",0.6832,,"space",0.2294,,3,"green_gnome",3,5,"bright_forest","red_basket","pink_gnome",3,0,"dark_forest","yellow_basket",25,0,0,1,"green_gnome","bright_forest","red_basket",3730,-3,-2,31,6,254,6,1,"",,,"",,,"",,,"",,,"",,,"",,,,,,,"",,,"","",,,,,,,,"",,,,,,,"",,,"","","",,,,,,,,"",,,,,,,
"","",,"","","","","","","",,"","","","","","","",,"","","","","","","",,"","","","","","","",,"","","","","","","",,"","","","","","","",,"","","","","","","",,"","","","","",25344,1,"2024-10-01_17h29.26.529","experiment","2023.2.3","Win32",18.01801802,"6668960872498f269966bfb2","66fbf9d935dbf9e9cfd29582","66fc2341c5b87f73ca5f0a65","",,,"",,,"",,,"",,,"",,,"",,,"",,,,,"","",,,,"",,,"","","",,,"","",,5,,,,"","","",,,,,,,1,,,,"","",,,,,"",,,"",,,"s",0.7959,,"space",0.5333,,1,"yellow_gnome",1,2,"bright_forest","red_basket","orange_gnome",1,2,"dark_forest","yellow_basket",10,0,0,1,"yellow_gnome","bright_forest","red_basket",3740,1,-1,31,7,255,4,1,"",,,"",,,"",,,"",,,"",,,"",,,,,,,"",,,"","",,,,,,,,"",,,,,,,"",,,"","","",,,,,,,,"",,,,,,,
"","",,"","","","","","","",,"","","","","","","",,"","","","","","","",,"","","","","","","",,"","","","","","","",,"","","","","","","",,"","","","","","","",,"","","","","",25344,1,"2024-10-01_17h29.26.529","experiment","2023.2.3","Win32",18.01801802,"6668960872498f269966bfb2","66fbf9d935dbf9e9cfd29582","66fc2341c5b87f73ca5f0a65","",,,"",,,"",,,"",,,"",,,"",,,"",,,,,"","",,,,"",,,"","","",,,"","",,,,,,"","","",,,,,,,,,,,"","",,,,,"",,,"",,,"",,,"",,,,"",,,"","","",,,"","",,,,,"","","",,,,,,,,,"",,,"space",4.2418,,"space",7.0292,,"space",13.2411,,"space",4.3088,,"space",3.0694,,0,7.878,69.81481481,9.9686,"space",10.2839,,"purple_gnome","blue_gnome",0,0,0,20,1,3,6,"",,,,,,,"",,,"","","",,,,,,,,"",,,,,,,
"","",,"","","","","","","",,"","","","","","","",,"","","","","","","",,"","","","","","","",,"","","","","","","",,"","","","","","","",,"","","","","","","",,"","","","","",25344,1,"2024-10-01_17h29.26.529","experiment","2023.2.3","Win32",18.01801802,"6668960872498f269966bfb2","66fbf9d935dbf9e9cfd29582","66fc2341c5b87f73ca5f0a65","",,,"",,,"",,,"",,,"",,,"",,,"",,,,,"","",,,,"",,,"","","",,,"","",,,,,,"","","",,,,,,,,,,,"","",,,,,"",,,"",,,"",,,"",,,,"",,,"","","",,,"","",,,,,"","","",,,,,,,,,"",,,"",,,"",,,"",,,"",,,"",,,0.740740741,5.3641,80.18518519,6.77,"space",6.3265,,"orange_gnome","red_gnome",0,1,1,12,1,1,7,"",,,,,,,"",,,"","","",,,,,,,,"",,,,,,,
"","",,"","","","","","","",,"","","","","","","",,"","","","","","","",,"","","","","","","",,"","","","","","","",,"","","","","","","",,"","","","","","","",,"","","","","",25344,1,"2024-10-01_17h29.26.529","experiment","2023.2.3","Win32",18.01801802,"6668960872498f269966bfb2","66fbf9d935dbf9e9cfd29582","66fc2341c5b87f73ca5f0a65","",,,"",,,"",,,"",,,"",,,"",,,"",,,,,"","",,,,"",,,"","","",,,"","",,,,,,"","","",,,,,,,,,,,"","",,,,,"",,,"",,,"",,,"",,,,"",,,"","","",,,"","",,,,,"","","",,,,,,,,,"",,,"",,,"",,,"",,,"",,,"",,,76.66666667,3.6876,58.14814815,5.4499,"space",5.1563,,"orange_gnome","brown_gnome",0,2,2,7,1,1,2,"",,,,,,,"",,,"","","",,,,,,,,"",,,,,,,
"","",,"","","","","","","",,"","","","","","","",,"","","","","","","",,"","","","","","","",,"","","","","","","",,"","","","","","","",,"","","","","","","",,"","","","","",25344,1,"2024-10-01_17h29.26.529","experiment","2023.2.3","Win32",18.01801802,"6668960872498f269966bfb2","66fbf9d935dbf9e9cfd29582","66fc2341c5b87f73ca5f0a65","",,,"",,,"",,,"",,,"",,,"",,,"",,,,,"","",,,,"",,,"","","",,,"","",,,,,,"","","",,,,,,,,,,,"","",,,,,"",,,"",,,"",,,"",,,,"",,,"","","",,,"","",,,,,"","","",,,,,,,,,"",,,"",,,"",,,"",,,"",,,"",,,31.2037037,3.7295,68.14814815,5.1042,"space",4.7854,,"green_gnome","yellow_gnome",0,3,3,3,1,0,4,"",,,,,,,"",,,"","","",,,,,,,,"",,,,,,,
"","",,"","","","","","","",,"","","","","","","",,"","","","","","","",,"","","","","","","",,"","","","","","","",,"","","","","","","",,"","","","","","","",,"","","","","",25344,1,"2024-10-01_17h29.26.529","experiment","2023.2.3","Win32",18.01801802,"6668960872498f269966bfb2","66fbf9d935dbf9e9cfd29582","66fc2341c5b87f73ca5f0a65","",,,"",,,"",,,"",,,"",,,"",,,"",,,,,"","",,,,"",,,"","","",,,"","",,,,,,"","","",,,,,,,,,,,"","",,,,,"",,,"",,,"",,,"",,,,"",,,"","","",,,"","",,,,,"","","",,,,,,,,,"",,,"",,,"",,,"",,,"",,,"",,,87.31481481,2.9376,66.38888889,4.0559,"space",3.6032,,"yellow_gnome","orange_gnome",0,4,4,0,1,0,1,"",,,,,,,"",,,"","","",,,,,,,,"",,,,,,,
"","",,"","","","","","","",,"","","","","","","",,"","","","","","","",,"","","","","","","",,"","","","","","","",,"","","","","","","",,"","","","","","","",,"","","","","",25344,1,"2024-10-01_17h29.26.529","experiment","2023.2.3","Win32",18.01801802,"6668960872498f269966bfb2","66fbf9d935dbf9e9cfd29582","66fc2341c5b87f73ca5f0a65","",,,"",,,"",,,"",,,"",,,"",,,"",,,,,"","",,,,"",,,"","","",,,"","",,,,,,"","","",,,,,,,,,,,"","",,,,,"",,,"",,,"",,,"",,,,"",,,"","","",,,"","",,,,,"","","",,,,,,,,,"",,,"",,,"",,,"",,,"",,,"",,,81.11111111,3.4291,67.59259259,4.5206,"space",4.7243,,"brown_gnome","pink_gnome",0,5,5,15,1,2,5,"",,,,,,,"",,,"","","",,,,,,,,"",,,,,,,
"","",,"","","","","","","",,"","","","","","","",,"","","","","","","",,"","","","","","","",,"","","","","","","",,"","","","","","","",,"","","","","","","",,"","","","","",25344,1,"2024-10-01_17h29.26.529","experiment","2023.2.3","Win32",18.01801802,"6668960872498f269966bfb2","66fbf9d935dbf9e9cfd29582","66fc2341c5b87f73ca5f0a65","",,,"",,,"",,,"",,,"",,,"",,,"",,,,,"","",,,,"",,,"","","",,,"","",,,,,,"","","",,,,,,,,,,,"","",,,,,"",,,"",,,"",,,"",,,,"",,,"","","",,,"","",,,,,"","","",,,,,,,,,"",,,"",,,"",,,"",,,"",,,"",,,13.33333333,3.4019,38.98148148,4.8103,"space",4.4449,,"pink_gnome","green_gnome",0,6,6,22,1,4,5,"",,,,,,,"",,,"","","",,,,,,,,"",,,,,,,
"","",,"","","","","","","",,"","","","","","","",,"","","","","","","",,"","","","","","","",,"","","","","","","",,"","","","","","","",,"","","","","","","",,"","","","","",25344,1,"2024-10-01_17h29.26.529","experiment","2023.2.3","Win32",18.01801802,"6668960872498f269966bfb2","66fbf9d935dbf9e9cfd29582","66fc2341c5b87f73ca5f0a65","",,,"",,,"",,,"",,,"",,,"",,,"",,,,,"","",,,,"",,,"","","",,,"","",,,,,,"","","",,,,,,,,,,,"","",,,,,"",,,"",,,"",,,"",,,,"",,,"","","",,,"","",,,,,"","","",,,,,,,,,"",,,"",,,"",,,"",,,"",,,"",,,0,3.3971,63.14814815,4.5145,"space",4.1403,,"orange_gnome","blue_gnome",0,7,7,8,1,1,3,"",,,,,,,"",,,"","","",,,,,,,,"",,,,,,,
"","",,"","","","","","","",,"","","","","","","",,"","","","","","","",,"","","","","","","",,"","","","","","","",,"","","","","","","",,"","","","","","","",,"","","","","",25344,1,"2024-10-01_17h29.26.529","experiment","2023.2.3","Win32",18.01801802,"6668960872498f269966bfb2","66fbf9d935dbf9e9cfd29582","66fc2341c5b87f73ca5f0a65","",,,"",,,"",,,"",,,"",,,"",,,"",,,,,"","",,,,"",,,"","","",,,"","",,,,,,"","","",,,,,,,,,,,"","",,,,,"",,,"",,,"",,,"",,,,"",,,"","","",,,"","",,,,,"","","",,,,,,,,,"",,,"",,,"",,,"",,,"",,,"",,,64.35185185,2.278,35.92592593,3.4002,"space",2.9545,,"brown_gnome","red_gnome",0,8,8,17,1,2,7,"",,,,,,,"",,,"","","",,,,,,,,"",,,,,,,
"","",,"","","","","","","",,"","","","","","","",,"","","","","","","",,"","","","","","","",,"","","","","","","",,"","","","","","","",,"","","","","","","",,"","","","","",25344,1,"2024-10-01_17h29.26.529","experiment","2023.2.3","Win32",18.01801802,"6668960872498f269966bfb2","66fbf9d935dbf9e9cfd29582","66fc2341c5b87f73ca5f0a65","",,,"",,,"",,,"",,,"",,,"",,,"",,,,,"","",,,,"",,,"","","",,,"","",,,,,,"","","",,,,,,,,,,,"","",,,,,"",,,"",,,"",,,"",,,,"",,,"","","",,,"","",,,,,"","","",,,,,,,,,"",,,"",,,"",,,"",,,"",,,"",,,28.98148148,2.1272,29.25925926,4.6344,"space",4.1733,,"brown_gnome","blue_gnome",0,9,9,13,1,2,3,"",,,,,,,"",,,"","","",,,,,,,,"",,,,,,,
"","",,"","","","","","","",,"","","","","","","",,"","","","","","","",,"","","","","","","",,"","","","","","","",,"","","","","","","",,"","","","","","","",,"","","","","",25344,1,"2024-10-01_17h29.26.529","experiment","2023.2.3","Win32",18.01801802,"6668960872498f269966bfb2","66fbf9d935dbf9e9cfd29582","66fc2341c5b87f73ca5f0a65","",,,"",,,"",,,"",,,"",,,"",,,"",,,,,"","",,,,"",,,"","","",,,"","",,,,,,"","","",,,,,,,,,,,"","",,,,,"",,,"",,,"",,,"",,,,"",,,"","","",,,"","",,,,,"","","",,,,,,,,,"",,,"",,,"",,,"",,,"",,,"",,,11.11111111,2.4662,60.55555556,3.5083,"space",3.0725,,"yellow_gnome","blue_gnome",0,10,10,2,1,0,3,"",,,,,,,"",,,"","","",,,,,,,,"",,,,,,,
"","",,"","","","","","","",,"","","","","","","",,"","","","","","","",,"","","","","","","",,"","","","","","","",,"","","","","","","",,"","","","","","","",,"","","","","",25344,1,"2024-10-01_17h29.26.529","experiment","2023.2.3","Win32",18.01801802,"6668960872498f269966bfb2","66fbf9d935dbf9e9cfd29582","66fc2341c5b87f73ca5f0a65","",,,"",,,"",,,"",,,"",,,"",,,"",,,,,"","",,,,"",,,"","","",,,"","",,,,,,"","","",,,,,,,,,,,"","",,,,,"",,,"",,,"",,,"",,,,"",,,"","","",,,"","",,,,,"","","",,,,,,,,,"",,,"",,,"",,,"",,,"",,,"",,,19.25925926,2.2386,60.83333333,3.6308,"space",3.2641,,"purple_gnome","pink_gnome",0,11,11,25,1,5,6,"",,,,,,,"",,,"","","",,,,,,,,"",,,,,,,
"","",,"","","","","","","",,"","","","","","","",,"","","","","","","",,"","","","","","","",,"","","","","","","",,"","","","","","","",,"","","","","","","",,"","","","","",25344,1,"2024-10-01_17h29.26.529","experiment","2023.2.3","Win32",18.01801802,"6668960872498f269966bfb2","66fbf9d935dbf9e9cfd29582","66fc2341c5b87f73ca5f0a65","",,,"",,,"",,,"",,,"",,,"",,,"",,,,,"","",,,,"",,,"","","",,,"","",,,,,,"","","",,,,,,,,,,,"","",,,,,"",,,"",,,"",,,"",,,,"",,,"","","",,,"","",,,,,"","","",,,,,,,,,"",,,"",,,"",,,"",,,"",,,"",,,72.77777778,3.059,57.59259259,4.3204,"space",3.9341,,"red_gnome","purple_gnome",0,12,12,27,1,6,7,"",,,,,,,"",,,"","","",,,,,,,,"",,,,,,,
"","",,"","","","","","","",,"","","","","","","",,"","","","","","","",,"","","","","","","",,"","","","","","","",,"","","","","","","",,"","","","","","","",,"","","","","",25344,1,"2024-10-01_17h29.26.529","experiment","2023.2.3","Win32",18.01801802,"6668960872498f269966bfb2","66fbf9d935dbf9e9cfd29582","66fc2341c5b87f73ca5f0a65","",,,"",,,"",,,"",,,"",,,"",,,"",,,,,"","",,,,"",,,"","","",,,"","",,,,,,"","","",,,,,,,,,,,"","",,,,,"",,,"",,,"",,,"",,,,"",,,"","","",,,"","",,,,,"","","",,,,,,,,,"",,,"",,,"",,,"",,,"",,,"",,,18.42592593,2.174,36.66666667,3.2328,"space",2.9273,,"pink_gnome","red_gnome",0,13,13,26,1,5,7,"",,,,,,,"",,,"","","",,,,,,,,"",,,,,,,
"","",,"","","","","","","",,"","","","","","","",,"","","","","","","",,"","","","","","","",,"","","","","","","",,"","","","","","","",,"","","","","","","",,"","","","","",25344,1,"2024-10-01_17h29.26.529","experiment","2023.2.3","Win32",18.01801802,"6668960872498f269966bfb2","66fbf9d935dbf9e9cfd29582","66fc2341c5b87f73ca5f0a65","",,,"",,,"",,,"",,,"",,,"",,,"",,,,,"","",,,,"",,,"","","",,,"","",,,,,,"","","",,,,,,,,,,,"","",,,,,"",,,"",,,"",,,"",,,,"",,,"","","",,,"","",,,,,"","","",,,,,,,,,"",,,"",,,"",,,"",,,"",,,"",,,24.35185185,2.1184,26.38888889,5.6315,"space",5.1792,,"orange_gnome","green_gnome",0,14,14,9,1,1,4,"",,,,,,,"",,,"","","",,,,,,,,"",,,,,,,
"","",,"","","","","","","",,"","","","","","","",,"","","","","","","",,"","","","","","","",,"","","","","","","",,"","","","","","","",,"","","","","","","",,"","","","","",25344,1,"2024-10-01_17h29.26.529","experiment","2023.2.3","Win32",18.01801802,"6668960872498f269966bfb2","66fbf9d935dbf9e9cfd29582","66fc2341c5b87f73ca5f0a65","",,,"",,,"",,,"",,,"",,,"",,,"",,,,,"","",,,,"",,,"","","",,,"","",,,,,,"","","",,,,,,,,,,,"","",,,,,"",,,"",,,"",,,"",,,,"",,,"","","",,,"","",,,,,"","","",,,,,,,,,"",,,"",,,"",,,"",,,"",,,"",,,1.388888889,5.194,45.92592593,7.0498,"space",6.6031,,"brown_gnome","purple_gnome",0,15,15,16,1,2,6,"",,,,,,,"",,,"","","",,,,,,,,"",,,,,,,
"","",,"","","","","","","",,"","","","","","","",,"","","","","","","",,"","","","","","","",,"","","","","","","",,"","","","","","","",,"","","","","","","",,"","","","","",25344,1,"2024-10-01_17h29.26.529","experiment","2023.2.3","Win32",18.01801802,"6668960872498f269966bfb2","66fbf9d935dbf9e9cfd29582","66fc2341c5b87f73ca5f0a65","",,,"",,,"",,,"",,,"",,,"",,,"",,,,,"","",,,,"",,,"","","",,,"","",,,,,,"","","",,,,,,,,,,,"","",,,,,"",,,"",,,"",,,"",,,,"",,,"","","",,,"","",,,,,"","","",,,,,,,,,"",,,"",,,"",,,"",,,"",,,"",,,32.03703704,2.0265,63.88888889,2.9935,"space",2.6871,,"purple_gnome","orange_gnome",0,16,16,11,1,1,6,"",,,,,,,"",,,"","","",,,,,,,,"",,,,,,,
"","",,"","","","","","","",,"","","","","","","",,"","","","","","","",,"","","","","","","",,"","","","","","","",,"","","","","","","",,"","","","","","","",,"","","","","",25344,1,"2024-10-01_17h29.26.529","experiment","2023.2.3","Win32",18.01801802,"6668960872498f269966bfb2","66fbf9d935dbf9e9cfd29582","66fc2341c5b87f73ca5f0a65","",,,"",,,"",,,"",,,"",,,"",,,"",,,,,"","",,,,"",,,"","","",,,"","",,,,,,"","","",,,,,,,,,,,"","",,,,,"",,,"",,,"",,,"",,,,"",,,"","","",,,"","",,,,,"","","",,,,,,,,,"",,,"",,,"",,,"",,,"",,,"",,,26.38888889,1.7429,23.7037037,2.6195,"space",2.2306,,"brown_gnome","green_gnome",0,17,17,14,1,2,4,"",,,,,,,"",,,"","","",,,,,,,,"",,,,,,,
"","",,"","","","","","","",,"","","","","","","",,"","","","","","","",,"","","","","","","",,"","","","","","","",,"","","","","","","",,"","","","","","","",,"","","","","",25344,1,"2024-10-01_17h29.26.529","experiment","2023.2.3","Win32",18.01801802,"6668960872498f269966bfb2","66fbf9d935dbf9e9cfd29582","66fc2341c5b87f73ca5f0a65","",,,"",,,"",,,"",,,"",,,"",,,"",,,,,"","",,,,"",,,"","","",,,"","",,,,,,"","","",,,,,,,,,,,"","",,,,,"",,,"",,,"",,,"",,,,"",,,"","","",,,"","",,,,,"","","",,,,,,,,,"",,,"",,,"",,,"",,,"",,,"",,,11.11111111,2.2337,18.33333333,3.2007,"space",2.8312,,"brown_gnome","yellow_gnome",0,18,18,1,1,0,2,"",,,,,,,"",,,"","","",,,,,,,,"",,,,,,,
"","",,"","","","","","","",,"","","","","","","",,"","","","","","","",,"","","","","","","",,"","","","","","","",,"","","","","","","",,"","","","","","","",,"","","","","",25344,1,"2024-10-01_17h29.26.529","experiment","2023.2.3","Win32",18.01801802,"6668960872498f269966bfb2","66fbf9d935dbf9e9cfd29582","66fc2341c5b87f73ca5f0a65","",,,"",,,"",,,"",,,"",,,"",,,"",,,,,"","",,,,"",,,"","","",,,"","",,,,,,"","","",,,,,,,,,,,"","",,,,,"",,,"",,,"",,,"",,,,"",,,"","","",,,"","",,,,,"","","",,,,,,,,,"",,,"",,,"",,,"",,,"",,,"",,,22.22222222,2.088,17.96296296,3.6305,"space",3.1724,,"orange_gnome","pink_gnome",0,19,19,10,1,1,5,"",,,,,,,"",,,"","","",,,,,,,,"",,,,,,,
"","",,"","","","","","","",,"","","","","","","",,"","","","","","","",,"","","","","","","",,"","","","","","","",,"","","","","","","",,"","","","","","","",,"","","","","",25344,1,"2024-10-01_17h29.26.529","experiment","2023.2.3","Win32",18.01801802,"6668960872498f269966bfb2","66fbf9d935dbf9e9cfd29582","66fc2341c5b87f73ca5f0a65","",,,"",,,"",,,"",,,"",,,"",,,"",,,,,"","",,,,"",,,"","","",,,"","",,,,,,"","","",,,,,,,,,,,"","",,,,,"",,,"",,,"",,,"",,,,"",,,"","","",,,"","",,,,,"","","",,,,,,,,,"",,,"",,,"",,,"",,,"",,,"",,,28.51851852,2.503,38.05555556,5.1456,"space",4.7713,,"purple_gnome","green_gnome",0,20,20,23,1,4,6,"",,,,,,,"",,,"","","",,,,,,,,"",,,,,,,
"","",,"","","","","","","",,"","","","","","","",,"","","","","","","",,"","","","","","","",,"","","","","","","",,"","","","","","","",,"","","","","","","",,"","","","","",25344,1,"2024-10-01_17h29.26.529","experiment","2023.2.3","Win32",18.01801802,"6668960872498f269966bfb2","66fbf9d935dbf9e9cfd29582","66fc2341c5b87f73ca5f0a65","",,,"",,,"",,,"",,,"",,,"",,,"",,,,,"","",,,,"",,,"","","",,,"","",,,,,,"","","",,,,,,,,,,,"","",,,,,"",,,"",,,"",,,"",,,,"",,,"","","",,,"","",,,,,"","","",,,,,,,,,"",,,"",,,"",,,"",,,"",,,"",,,69.72222222,2.6134,58.61111111,4.7495,"space",4.2929,,"yellow_gnome","purple_gnome",0,21,21,5,1,0,6,"",,,,,,,"",,,"","","",,,,,,,,"",,,,,,,
"","",,"","","","","","","",,"","","","","","","",,"","","","","","","",,"","","","","","","",,"","","","","","","",,"","","","","","","",,"","","","","","","",,"","","","","",25344,1,"2024-10-01_17h29.26.529","experiment","2023.2.3","Win32",18.01801802,"6668960872498f269966bfb2","66fbf9d935dbf9e9cfd29582","66fc2341c5b87f73ca5f0a65","",,,"",,,"",,,"",,,"",,,"",,,"",,,,,"","",,,,"",,,"","","",,,"","",,,,,,"","","",,,,,,,,,,,"","",,,,,"",,,"",,,"",,,"",,,,"",,,"","","",,,"","",,,,,"","","",,,,,,,,,"",,,"",,,"",,,"",,,"",,,"",,,74.72222222,2.0132,60.37037037,2.7595,"space",2.2352,,"yellow_gnome","red_gnome",0,22,22,6,1,0,7,"",,,,,,,"",,,"","","",,,,,,,,"",,,,,,,
"","",,"","","","","","","",,"","","","","","","",,"","","","","","","",,"","","","","","","",,"","","","","","","",,"","","","","","","",,"","","","","","","",,"","","","","",25344,1,"2024-10-01_17h29.26.529","experiment","2023.2.3","Win32",18.01801802,"6668960872498f269966bfb2","66fbf9d935dbf9e9cfd29582","66fc2341c5b87f73ca5f0a65","",,,"",,,"",,,"",,,"",,,"",,,"",,,,,"","",,,,"",,,"","","",,,"","",,,,,,"","","",,,,,,,,,,,"","",,,,,"",,,"",,,"",,,"",,,,"",,,"","","",,,"","",,,,,"","","",,,,,,,,,"",,,"",,,"",,,"",,,"",,,"",,,17.96296296,3.0686,70.46296296,3.9521,"space",3.5058,,"pink_gnome","yellow_gnome",0,23,23,4,1,0,5,"",,,,,,,"",,,"","","",,,,,,,,"",,,,,,,
"","",,"","","","","","","",,"","","","","","","",,"","","","","","","",,"","","","","","","",,"","","","","","","",,"","","","","","","",,"","","","","","","",,"","","","","",25344,1,"2024-10-01_17h29.26.529","experiment","2023.2.3","Win32",18.01801802,"6668960872498f269966bfb2","66fbf9d935dbf9e9cfd29582","66fc2341c5b87f73ca5f0a65","",,,"",,,"",,,"",,,"",,,"",,,"",,,,,"","",,,,"",,,"","","",,,"","",,,,,,"","","",,,,,,,,,,,"","",,,,,"",,,"",,,"",,,"",,,,"",,,"","","",,,"","",,,,,"","","",,,,,,,,,"",,,"",,,"",,,"",,,"",,,"",,,11.75925926,2.8144,71.2962963,3.9206,"space",3.5399,,"red_gnome","blue_gnome",0,24,24,21,1,3,7,"",,,,,,,"",,,"","","",,,,,,,,"",,,,,,,
"","",,"","","","","","","",,"","","","","","","",,"","","","","","","",,"","","","","","","",,"","","","","","","",,"","","","","","","",,"","","","","","","",,"","","","","",25344,1,"2024-10-01_17h29.26.529","experiment","2023.2.3","Win32",18.01801802,"6668960872498f269966bfb2","66fbf9d935dbf9e9cfd29582","66fc2341c5b87f73ca5f0a65","",,,"",,,"",,,"",,,"",,,"",,,"",,,,,"","",,,,"",,,"","","",,,"","",,,,,,"","","",,,,,,,,,,,"","",,,,,"",,,"",,,"",,,"",,,,"",,,"","","",,,"","",,,,,"","","",,,,,,,,,"",,,"",,,"",,,"",,,"",,,"",,,16.2962963,2.553,70,3.4035,"space",2.9383,,"green_gnome","blue_gnome",0,25,25,18,1,3,4,"",,,,,,,"",,,"","","",,,,,,,,"",,,,,,,
"","",,"","","","","","","",,"","","","","","","",,"","","","","","","",,"","","","","","","",,"","","","","","","",,"","","","","","","",,"","","","","","","",,"","","","","",25344,1,"2024-10-01_17h29.26.529","experiment","2023.2.3","Win32",18.01801802,"6668960872498f269966bfb2","66fbf9d935dbf9e9cfd29582","66fc2341c5b87f73ca5f0a65","",,,"",,,"",,,"",,,"",,,"",,,"",,,,,"","",,,,"",,,"","","",,,"","",,,,,,"","","",,,,,,,,,,,"","",,,,,"",,,"",,,"",,,"",,,,"",,,"","","",,,"","",,,,,"","","",,,,,,,,,"",,,"",,,"",,,"",,,"",,,"",,,20.27777778,1.9372,78.24074074,2.7028,"space",2.5492,,"green_gnome","red_gnome",0,26,26,24,1,4,7,"",,,,,,,"",,,"","","",,,,,,,,"",,,,,,,
"","",,"","","","","","","",,"","","","","","","",,"","","","","","","",,"","","","","","","",,"","","","","","","",,"","","","","","","",,"","","","","","","",,"","","","","",25344,1,"2024-10-01_17h29.26.529","experiment","2023.2.3","Win32",18.01801802,"6668960872498f269966bfb2","66fbf9d935dbf9e9cfd29582","66fc2341c5b87f73ca5f0a65","",,,"",,,"",,,"",,,"",,,"",,,"",,,,,"","",,,,"",,,"","","",,,"","",,,,,,"","","",,,,,,,,,,,"","",,,,,"",,,"",,,"",,,"",,,,"",,,"","","",,,"","",,,,,"","","",,,,,,,,,"",,,"",,,"",,,"",,,"",,,"",,,81.57407407,2.659,69.25925926,4.2985,"space",3.767,,"pink_gnome","blue_gnome",0,27,27,19,1,3,5,"",,,,,,,"",,,"","","",,,,,,,,"",,,,,,,
"","",,"","","","","","","",,"","","","","","","",,"","","","","","","",,"","","","","","","",,"","","","","","","",,"","","","","","","",,"","","","","","","",,"","","","","",25344,1,"2024-10-01_17h29.26.529","experiment","2023.2.3","Win32",18.01801802,"6668960872498f269966bfb2","66fbf9d935dbf9e9cfd29582","66fc2341c5b87f73ca5f0a65","",,,"",,,"",,,"",,,"",,,"",,,"",,,,,"","",,,,"",,,"","","",,,"","",,,,,,"","","",,,,,,,,,,,"","",,,,,"",,,"",,,"",,,"",,,,"",,,"","","",,,"","",,,,,"","","",,,,,,,,,"",,,"",,,"",,,"",,,"",,,"",,,,,,,"",,,"","",,,,,,,,"space",7.1489,,27.96296296,11.5604,100,9.8528,"space",11.2695,,"pink_gnome","dark_forest","yellow_basket",0,0,0,11,1,5,1,"",,,,,,,
"","",,"","","","","","","",,"","","","","","","",,"","","","","","","",,"","","","","","","",,"","","","","","","",,"","","","","","","",,"","","","","","","",,"","","","","",25344,1,"2024-10-01_17h29.26.529","experiment","2023.2.3","Win32",18.01801802,"6668960872498f269966bfb2","66fbf9d935dbf9e9cfd29582","66fc2341c5b87f73ca5f0a65","",,,"",,,"",,,"",,,"",,,"",,,"",,,,,"","",,,,"",,,"","","",,,"","",,,,,,"","","",,,,,,,,,,,"","",,,,,"",,,"",,,"",,,"",,,,"",,,"","","",,,"","",,,,,"","","",,,,,,,,,"",,,"",,,"",,,"",,,"",,,"",,,,,,,"",,,"","",,,,,,,,"",,,43.98148148,5.0836,61.01851852,6.6378,"space",6.1827,,"orange_gnome","bright_forest","red_basket",0,1,1,2,1,1,0,"",,,,,,,
"","",,"","","","","","","",,"","","","","","","",,"","","","","","","",,"","","","","","","",,"","","","","","","",,"","","","","","","",,"","","","","","","",,"","","","","",25344,1,"2024-10-01_17h29.26.529","experiment","2023.2.3","Win32",18.01801802,"6668960872498f269966bfb2","66fbf9d935dbf9e9cfd29582","66fc2341c5b87f73ca5f0a65","",,,"",,,"",,,"",,,"",,,"",,,"",,,,,"","",,,,"",,,"","","",,,"","",,,,,,"","","",,,,,,,,,,,"","",,,,,"",,,"",,,"",,,"",,,,"",,,"","","",,,"","",,,,,"","","",,,,,,,,,"",,,"",,,"",,,"",,,"",,,"",,,,,,,"",,,"","",,,,,,,,"",,,100,2.1847,81.01851852,3.2809,"space",2.8855,,"yellow_gnome","bright_forest","red_basket",0,2,2,0,1,0,0,"",,,,,,,
"","",,"","","","","","","",,"","","","","","","",,"","","","","","","",,"","","","","","","",,"","","","","","","",,"","","","","","","",,"","","","","","","",,"","","","","",25344,1,"2024-10-01_17h29.26.529","experiment","2023.2.3","Win32",18.01801802,"6668960872498f269966bfb2","66fbf9d935dbf9e9cfd29582","66fc2341c5b87f73ca5f0a65","",,,"",,,"",,,"",,,"",,,"",,,"",,,,,"","",,,,"",,,"","","",,,"","",,,,,,"","","",,,,,,,,,,,"","",,,,,"",,,"",,,"",,,"",,,,"",,,"","","",,,"","",,,,,"","","",,,,,,,,,"",,,"",,,"",,,"",,,"",,,"",,,,,,,"",,,"","",,,,,,,,"",,,100,1.8084,100,3.8706,"space",3.4264,,"green_gnome","bright_forest","red_basket",0,3,3,8,1,4,0,"",,,,,,,
"","",,"","","","","","","",,"","","","","","","",,"","","","","","","",,"","","","","","","",,"","","","","","","",,"","","","","","","",,"","","","","","","",,"","","","","",25344,1,"2024-10-01_17h29.26.529","experiment","2023.2.3","Win32",18.01801802,"6668960872498f269966bfb2","66fbf9d935dbf9e9cfd29582","66fc2341c5b87f73ca5f0a65","",,,"",,,"",,,"",,,"",,,"",,,"",,,,,"","",,,,"",,,"","","",,,"","",,,,,,"","","",,,,,,,,,,,"","",,,,,"",,,"",,,"",,,"",,,,"",,,"","","",,,"","",,,,,"","","",,,,,,,,,"",,,"",,,"",,,"",,,"",,,"",,,,,,,"",,,"","",,,,,,,,"",,,30.64814815,2.6693,72.40740741,4.7467,"space",4.3676,,"red_gnome","dark_forest","yellow_basket",0,4,4,15,1,7,1,"",,,,,,,
"","",,"","","","","","","",,"","","","","","","",,"","","","","","","",,"","","","","","","",,"","","","","","","",,"","","","","","","",,"","","","","","","",,"","","","","",25344,1,"2024-10-01_17h29.26.529","experiment","2023.2.3","Win32",18.01801802,"6668960872498f269966bfb2","66fbf9d935dbf9e9cfd29582","66fc2341c5b87f73ca5f0a65","",,,"",,,"",,,"",,,"",,,"",,,"",,,,,"","",,,,"",,,"","","",,,"","",,,,,,"","","",,,,,,,,,,,"","",,,,,"",,,"",,,"",,,"",,,,"",,,"","","",,,"","",,,,,"","","",,,,,,,,,"",,,"",,,"",,,"",,,"",,,"",,,,,,,"",,,"","",,,,,,,,"",,,0,3.0148,28.61111111,4.8648,"space",4.4117,,"blue_gnome","dark_forest","yellow_basket",0,5,5,7,1,3,1,"",,,,,,,
"","",,"","","","","","","",,"","","","","","","",,"","","","","","","",,"","","","","","","",,"","","","","","","",,"","","","","","","",,"","","","","","","",,"","","","","",25344,1,"2024-10-01_17h29.26.529","experiment","2023.2.3","Win32",18.01801802,"6668960872498f269966bfb2","66fbf9d935dbf9e9cfd29582","66fc2341c5b87f73ca5f0a65","",,,"",,,"",,,"",,,"",,,"",,,"",,,,,"","",,,,"",,,"","","",,,"","",,,,,,"","","",,,,,,,,,,,"","",,,,,"",,,"",,,"",,,"",,,,"",,,"","","",,,"","",,,,,"","","",,,,,,,,,"",,,"",,,"",,,"",,,"",,,"",,,,,,,"",,,"","",,,,,,,,"",,,100,2.0406,68.24074074,3.0648,"space",2.662,,"brown_gnome","dark_forest","yellow_basket",0,6,6,5,1,2,1,"",,,,,,,
"","",,"","","","","","","",,"","","","","","","",,"","","","","","","",,"","","","","","","",,"","","","","","","",,"","","","","","","",,"","","","","","","",,"","","","","",25344,1,"2024-10-01_17h29.26.529","experiment","2023.2.3","Win32",18.01801802,"6668960872498f269966bfb2","66fbf9d935dbf9e9cfd29582","66fc2341c5b87f73ca5f0a65","",,,"",,,"",,,"",,,"",,,"",,,"",,,,,"","",,,,"",,,"","","",,,"","",,,,,,"","","",,,,,,,,,,,"","",,,,,"",,,"",,,"",,,"",,,,"",,,"","","",,,"","",,,,,"","","",,,,,,,,,"",,,"",,,"",,,"",,,"",,,"",,,,,,,"",,,"","",,,,,,,,"",,,49.35185185,6.1981,70.64814815,3.391,"space",5.8234,,"pink_gnome","bright_forest","red_basket",0,7,7,10,1,5,0,"",,,,,,,
"","",,"","","","","","","",,"","","","","","","",,"","","","","","","",,"","","","","","","",,"","","","","","","",,"","","","","","","",,"","","","","","","",,"","","","","",25344,1,"2024-10-01_17h29.26.529","experiment","2023.2.3","Win32",18.01801802,"6668960872498f269966bfb2","66fbf9d935dbf9e9cfd29582","66fc2341c5b87f73ca5f0a65","",,,"",,,"",,,"",,,"",,,"",,,"",,,,,"","",,,,"",,,"","","",,,"","",,,,,,"","","",,,,,,,,,,,"","",,,,,"",,,"",,,"",,,"",,,,"",,,"","","",,,"","",,,,,"","","",,,,,,,,,"",,,"",,,"",,,"",,,"",,,"",,,,,,,"",,,"","",,,,,,,,"",,,78.7037037,2.283,76.11111111,3.5479,"space",3.0445,,"blue_gnome","bright_forest","red_basket",0,8,8,6,1,3,0,"",,,,,,,
"","",,"","","","","","","",,"","","","","","","",,"","","","","","","",,"","","","","","","",,"","","","","","","",,"","","","","","","",,"","","","","","","",,"","","","","",25344,1,"2024-10-01_17h29.26.529","experiment","2023.2.3","Win32",18.01801802,"6668960872498f269966bfb2","66fbf9d935dbf9e9cfd29582","66fc2341c5b87f73ca5f0a65","",,,"",,,"",,,"",,,"",,,"",,,"",,,,,"","",,,,"",,,"","","",,,"","",,,,,,"","","",,,,,,,,,,,"","",,,,,"",,,"",,,"",,,"",,,,"",,,"","","",,,"","",,,,,"","","",,,,,,,,,"",,,"",,,"",,,"",,,"",,,"",,,,,,,"",,,"","",,,,,,,,"",,,94.35185185,2.012,74.16666667,3.0261,"space",2.5227,,"green_gnome","dark_forest","yellow_basket",0,9,9,9,1,4,1,"",,,,,,,
"","",,"","","","","","","",,"","","","","","","",,"","","","","","","",,"","","","","","","",,"","","","","","","",,"","","","","","","",,"","","","","","","",,"","","","","",25344,1,"2024-10-01_17h29.26.529","experiment","2023.2.3","Win32",18.01801802,"6668960872498f269966bfb2","66fbf9d935dbf9e9cfd29582","66fc2341c5b87f73ca5f0a65","",,,"",,,"",,,"",,,"",,,"",,,"",,,,,"","",,,,"",,,"","","",,,"","",,,,,,"","","",,,,,,,,,,,"","",,,,,"",,,"",,,"",,,"",,,,"",,,"","","",,,"","",,,,,"","","",,,,,,,,,"",,,"",,,"",,,"",,,"",,,"",,,,,,,"",,,"","",,,,,,,,"",,,30.64814815,2.1169,34.35185185,2.9235,"space",2.555,,"purple_gnome","dark_forest","yellow_basket",0,10,10,13,1,6,1,"",,,,,,,
"","",,"","","","","","","",,"","","","","","","",,"","","","","","","",,"","","","","","","",,"","","","","","","",,"","","","","","","",,"","","","","","","",,"","","","","",25344,1,"2024-10-01_17h29.26.529","experiment","2023.2.3","Win32",18.01801802,"6668960872498f269966bfb2","66fbf9d935dbf9e9cfd29582","66fc2341c5b87f73ca5f0a65","",,,"",,,"",,,"",,,"",,,"",,,"",,,,,"","",,,,"",,,"","","",,,"","",,,,,,"","","",,,,,,,,,,,"","",,,,,"",,,"",,,"",,,"",,,,"",,,"","","",,,"","",,,,,"","","",,,,,,,,,"",,,"",,,"",,,"",,,"",,,"",,,,,,,"",,,"","",,,,,,,,"",,,69.81481481,1.7372,37.22222222,2.6386,"space",2.1688,,"yellow_gnome","dark_forest","yellow_basket",0,11,11,1,1,0,1,"",,,,,,,
"","",,"","","","","","","",,"","","","","","","",,"","","","","","","",,"","","","","","","",,"","","","","","","",,"","","","","","","",,"","","","","","","",,"","","","","",25344,1,"2024-10-01_17h29.26.529","experiment","2023.2.3","Win32",18.01801802,"6668960872498f269966bfb2","66fbf9d935dbf9e9cfd29582","66fc2341c5b87f73ca5f0a65","",,,"",,,"",,,"",,,"",,,"",,,"",,,,,"","",,,,"",,,"","","",,,"","",,,,,,"","","",,,,,,,,,,,"","",,,,,"",,,"",,,"",,,"",,,,"",,,"","","",,,"","",,,,,"","","",,,,,,,,,"",,,"",,,"",,,"",,,"",,,"",,,,,,,"",,,"","",,,,,,,,"",,,73.05555556,1.6641,72.12962963,2.4796,"space",2.103,,"brown_gnome","bright_forest","red_basket",0,12,12,4,1,2,0,"",,,,,,,
"","",,"","","","","","","",,"","","","","","","",,"","","","","","","",,"","","","","","","",,"","","","","","","",,"","","","","","","",,"","","","","","","",,"","","","","",25344,1,"2024-10-01_17h29.26.529","experiment","2023.2.3","Win32",18.01801802,"6668960872498f269966bfb2","66fbf9d935dbf9e9cfd29582","66fc2341c5b87f73ca5f0a65","",,,"",,,"",,,"",,,"",,,"",,,"",,,,,"","",,,,"",,,"","","",,,"","",,,,,,"","","",,,,,,,,,,,"","",,,,,"",,,"",,,"",,,"",,,,"",,,"","","",,,"","",,,,,"","","",,,,,,,,,"",,,"",,,"",,,"",,,"",,,"",,,,,,,"",,,"","",,,,,,,,"",,,70.37037037,1.4406,35.55555556,2.3176,"space",1.8818,,"orange_gnome","dark_forest","yellow_basket",0,13,13,3,1,1,1,"",,,,,,,
"","",,"","","","","","","",,"","","","","","","",,"","","","","","","",,"","","","","","","",,"","","","","","","",,"","","","","","","",,"","","","","","","",,"","","","","",25344,1,"2024-10-01_17h29.26.529","experiment","2023.2.3","Win32",18.01801802,"6668960872498f269966bfb2","66fbf9d935dbf9e9cfd29582","66fc2341c5b87f73ca5f0a65","",,,"",,,"",,,"",,,"",,,"",,,"",,,,,"","",,,,"",,,"","","",,,"","",,,,,,"","","",,,,,,,,,,,"","",,,,,"",,,"",,,"",,,"",,,,"",,,"","","",,,"","",,,,,"","","",,,,,,,,,"",,,"",,,"",,,"",,,"",,,"",,,,,,,"",,,"","",,,,,,,,"",,,32.12962963,2.6809,70.83333333,3.8978,"space",3.3771,,"purple_gnome","bright_forest","red_basket",0,14,14,12,1,6,0,"",,,,,,,
"","",,"","","","","","","",,"","","","","","","",,"","","","","","","",,"","","","","","","",,"","","","","","","",,"","","","","","","",,"","","","","","","",,"","","","","",25344,1,"2024-10-01_17h29.26.529","experiment","2023.2.3","Win32",18.01801802,"6668960872498f269966bfb2","66fbf9d935dbf9e9cfd29582","66fc2341c5b87f73ca5f0a65","",,,"",,,"",,,"",,,"",,,"",,,"",,,,,"","",,,,"",,,"","","",,,"","",,,,,,"","","",,,,,,,,,,,"","",,,,,"",,,"",,,"",,,"",,,,"",,,"","","",,,"","",,,,,"","","",,,,,,,,,"",,,"",,,"",,,"",,,"",,,"",,,,,,,"",,,"","",,,,,,,,"",,,71.85185185,2.3276,70.09259259,3.2963,"space",2.8558,,"red_gnome","bright_forest","red_basket",0,15,15,14,1,7,0,"",,,,,,,
"","",,"","","","","","","",,"","","","","","","",,"","","","","","","",,"","","","","","","",,"","","","","","","",,"","","","","","","",,"","","","","","","",,"","","","","",25344,1,"2024-10-01_17h29.26.529","experiment","2023.2.3","Win32",18.01801802,"6668960872498f269966bfb2","66fbf9d935dbf9e9cfd29582","66fc2341c5b87f73ca5f0a65","",,,"",,,"",,,"",,,"",,,"",,,"",,,,,"","",,,,"",,,"","","",,,"","",,,,,,"","","",,,,,,,,,,,"","",,,,,"",,,"",,,"",,,"",,,,"",,,"","","",,,"","",,,,,"","","",,,,,,,,,"",,,"",,,"",,,"",,,"",,,"",,,,,,,"",,,"","",,,,,,,,"",,,,,,,"",,,"","","",,,,,,,,"space",9.744,,0,0,0,0,1
