"parent_PID","stim1_name","stim1_file","stim1_pair","stim1_deact_file","stim1_step2_name","stim1_step2_file","stim1_step2_basket_name","stim1_step2_basket_file","stim2_name","stim2_file","stim2_pair","stim2_deact_file","stim2_step2_name","stim2_step2_file","stim2_step2_basket_name","stim2_step2_basket_file","stim3_name","stim3_file","stim3_pair","stim3_deact_file","stim3_step2_name","stim3_step2_file","stim3_step2_basket_name","stim3_step2_basket_file","stim4_name","stim4_file","stim4_pair","stim4_deact_file","stim4_step2_name","stim4_step2_file","stim4_step2_basket_name","stim4_step2_basket_file","stim5_name","stim5_file","stim5_pair","stim5_deact_file","stim5_step2_name","stim5_step2_file","stim5_step2_basket_name","stim5_step2_basket_file","stim6_name","stim6_file","stim6_pair","stim6_deact_file","stim6_step2_name","stim6_step2_file","stim6_step2_basket_name","stim6_step2_basket_file","stim7_name","stim7_file","stim7_pair","stim7_deact_file","stim7_step2_name","stim7_step2_file","stim7_step2_basket_name","stim7_step2_basket_file","stim8_name","stim8_file","stim8_pair","stim8_deact_file","stim8_step2_name","stim8_step2_file","stim8_step2_basket_name","stim8_step2_basket_file","participant","session","date","expName","psychopyVersion","OS","frameRate","PROLIFIC_PID","STUDY_ID","SESSION_ID","consent_keyresp.keys","consent_keyresp.rt","consent_keyresp.duration","global_instructions1_key.keys","global_instructions1_key.rt","global_instructions1_key.duration","global_instructions2_key.keys","global_instructions2_key.rt","global_instructions2_key.duration","global_instructions3_key.keys","global_instructions3_key.rt","global_instructions3_key.duration","global_instructions4_key.keys","global_instructions4_key.rt","global_instructions4_key.duration","global_instructions5_key.keys","global_instructions5_key.rt","global_instructions5_key.duration","p_fixation_2.started","p_fixation_2.stopped","p_step1_keyresp.keys","p_step1_keyresp.rt","p_step1_keyresp.duration","p_step2_keyresp.keys","p_failStep2_keyresp.keys","p_failStep2_keyresp.rt","p_failStep2_keyresp.duration","p_step1_pair_index","p_step1_stimLeft_name","p_step1_stimLeft_pair","p_step1_stimLeft_reward","p_step1_stimLeft_step2Stim","p_step1_stimLeft_step2Basket","p_step1_stimRight_name","p_step1_stimRight_pair","p_step1_stimRight_reward","p_step1_stimRight_step2Stim","p_step1_stimRight_step2Basket","p_points","p_fail_step1","p_fail_step2","p_reward_flag","p_step1_choice","p_step2_stim","p_step2_basket","p_score","practice.thisRepN","practice.thisTrialN","practice.thisN","practice.thisIndex","practice.ran","pair_index","p_step2_keyresp.rt","p_step2_keyresp.duration","t_instructions_keyresp.keys","t_instructions_keyresp.rt","t_instructions_keyresp.duration","t_advice_reading.started","t_advice_reading.stopped","t_advice_mouse.x","t_advice_mouse.y","t_advice_mouse.leftButton","t_advice_mouse.midButton","t_advice_mouse.rightButton","t_advice_mouse.time","t_advice_mouse.clicked_name","t_advice_summary_textbox.text","t_advice_summary_mouse.x","t_advice_summary_mouse.y","t_advice_summary_mouse.leftButton","t_advice_summary_mouse.midButton","t_advice_summary_mouse.rightButton","t_advice_summary_mouse.time","t_advice_summary_mouse.clicked_name","t_instructions_2_keyresp.keys","t_instructions_2_keyresp.rt","t_instructions_2_keyresp.duration","t_step1_keyresp.keys","t_step1_keyresp.rt","t_step1_keyresp.duration","t_step2_keyresp.keys","t_step2_keyresp.rt","t_step2_keyresp.duration","t_step1_pair_index","t_step1_stimLeft_name","t_step1_stimLeft_pair","t_step1_stimLeft_reward","t_step1_stimLeft_step2Stim","t_step1_stimLeft_step2Basket","t_step1_stimRight_name","t_step1_stimRight_pair","t_step1_stimRight_reward","t_step1_stimRight_step2Stim","t_step1_stimRight_step2Basket","t_points","t_fail_step1","t_fail_step2","t_reward_flag","t_step1_choice","t_step2_stim","t_step2_basket","globa_score","t_data_stimWalk0","t_data_stimWalk1","trials.thisRepN","trials.thisTrialN","trials.thisN","trials.thisIndex","trials.ran","break_key_resp.keys","break_key_resp.rt","break_key_resp.duration","pl_global_instructions_keyresp.keys","pl_global_instructions_keyresp.rt","pl_global_instructions_keyresp.duration","vb_instructions_keyresp.keys","vb_instructions_keyresp.rt","vb_instructions_keyresp.duration","vb_instructions_2_keyresp.keys","vb_instructions_2_keyresp.rt","vb_instructions_2_keyresp.duration","vb_textbox.text","vb_mouse.x","vb_mouse.y","vb_mouse.leftButton","vb_mouse.midButton","vb_mouse.rightButton","vb_mouse.time","vb_mouse.clicked_name","pl1_instructions1_keyresp.keys","pl1_instructions1_keyresp.rt","pl1_instructions1_keyresp.duration","pl1_instructions2_keyresp.keys","pl1_instructions2_keyresp.rt","pl1_instructions2_keyresp.duration","pl1_instructions3_keyresp.keys","pl1_instructions3_keyresp.rt","pl1_instructions3_keyresp.duration","pl1_instructions4_keyresp.keys","pl1_instructions4_keyresp.rt","pl1_instructions4_keyresp.duration","pl1_task_lickert.response","pl1_task_lickert.rt","pl1_task_confidence_lickert.response","pl1_task_confidence_lickert.rt","pl1_task_keyresp.keys","pl1_task_keyresp.rt","pl1_task_keyresp.duration","pl1_task_stimLeft","pl1_task_stimRight","pl1_loop.thisRepN","pl1_loop.thisTrialN","pl1_loop.thisN","pl1_loop.thisIndex","pl1_loop.ran","stimLeft_index","stimRight_index","pl2_instructions_keyresp.keys","pl2_instructions_keyresp.rt","pl2_instructions_keyresp.duration","pl2_task_lickert.response","pl2_task_lickert.rt","pl2_task_confidence_lickert.response","pl2_task_confidence_lickert.rt","pl2_task_keyresp.keys","pl2_task_keyresp.rt","pl2_task_keyresp.duration","pl2_task_gnome","pl2_task_forest","pl2_task_basket","pl2_loop.thisRepN","pl2_loop.thisTrialN","pl2_loop.thisN","pl2_loop.thisIndex","pl2_loop.ran","gnome_id","forest_id","end_keyresp.keys","end_keyresp.rt","end_keyresp.duration","show_trials.thisRepN","show_trials.thisTrialN","show_trials.thisN","show_trials.thisIndex","show_trials.ran"
"37EXP37","orange_gnome","ressources/step1_stim8.png",1,"ressources/step1_smallGnome_deact.png","bright_forest","ressources/step2_background1.png","red_basket","ressources/step2_stim2.png","brown_gnome","ressources/step1_stim1.png",1,"ressources/step1_tallGnome_deact.png","dark_forest","ressources/step2_background2.png","yellow_basket","ressources/step2_stim1.png","green_gnome","ressources/step1_stim5.png",2,"ressources/step1_smallGnome_deact.png","bright_forest","ressources/step2_background1.png","red_basket","ressources/step2_stim2.png","pink_gnome","ressources/step1_stim3.png",2,"ressources/step1_tallGnome_deact.png","dark_forest","ressources/step2_background2.png","yellow_basket","ressources/step2_stim1.png","red_gnome","ressources/step1_stim6.png",3,"ressources/step1_smallGnome_deact.png","bright_forest","ressources/step2_background1.png","red_basket","ressources/step2_stim2.png","yellow_gnome","ressources/step1_stim7.png",3,"ressources/step1_smallGnome_deact.png","dark_forest","ressources/step2_background2.png","yellow_basket","ressources/step2_stim1.png","blue_gnome","ressources/step1_stim4.png",4,"ressources/step1_tallGnome_deact.png","bright_forest","ressources/step2_background1.png","red_basket","ressources/step2_stim2.png","purple_gnome","ressources/step1_stim2.png",4,"ressources/step1_tallGnome_deact.png","dark_forest","ressources/step2_background2.png","yellow_basket","ressources/step2_stim1.png",791794,1,"2024-05-06_18h07.33.488","experiment","2023.2.3","Win32",60.24096386,"5f8e16511b3c641de0918ccd","6638ede3ddbc5fcdff14e9cd","66390decbe3c2678338c6dd1","",,,"",,,"",,,"",,,"",,,"",,,,,"",,,"","",,,,"",,,"","","",,,"","",,,,,"","","",,,,,,,,,,"",,,,,,,,,,,"","",,,,,,,"","",,,"",,,"",,,,"",,,"","","",,,"","",,,,,"","","",,,,,,,,,"",,,"",,,"",,,"",,,"",,,,,,,"","",,,"",,,"",,,"",,,,,,,"",,,"","",,,,,,,,"",,,,,,,"",,,"","","",,,,,,,,"",,,,,,,
"","","",,"","","","","","","",,"","","","","","","",,"","","","","","","",,"","","","","","","",,"","","","","","","",,"","","","","","","",,"","","","","","","",,"","","","","",791794,1,"2024-05-06_18h07.33.488","experiment","2023.2.3","Win32",60.24096386,"5f8e16511b3c641de0918ccd","6638ede3ddbc5fcdff14e9cd","66390decbe3c2678338c6dd1","y",10.349,,"",,,"",,,"",,,"",,,"",,,,,"",,,"","",,,,"",,,"","","",,,"","",,,,,"","","",,,,,,,,,,"",,,,,,,,,,,"","",,,,,,,"","",,,"",,,"",,,,"",,,"","","",,,"","",,,,,"","","",,,,,,,,,"",,,"",,,"",,,"",,,"",,,,,,,"","",,,"",,,"",,,"",,,,,,,"",,,"","",,,,,,,,"",,,,,,,"",,,"","","",,,,,,,,"",,,,,,,
"","","",,"","","","","","","",,"","","","","","","",,"","","","","","","",,"","","","","","","",,"","","","","","","",,"","","","","","","",,"","","","","","","",,"","","","","",791794,1,"2024-05-06_18h07.33.488","experiment","2023.2.3","Win32",60.24096386,"5f8e16511b3c641de0918ccd","6638ede3ddbc5fcdff14e9cd","66390decbe3c2678338c6dd1","",,,"space",12.428,,"space",20.4855,,"space",10.6429,,"space",16.465,,"space",22.7737,,94.7016,95.214,"k",1.0203,,"","space",0.2082,,2,"p_blue_gnome",2,5,"p_green_forest","p_blue_basket","p_green_gnome",2,0,"p_yellow_forest","p_green_basket",0,0,1,0,"p_green_gnome","p_yellow_forest","p_green_basket",0,0,0,0,1,1,2,,,"",,,,,,,,,,,"","",,,,,,,"","",,,"",,,"",,,,"",,,"","","",,,"","",,,,,"","","",,,,,,,,,"",,,"",,,"",,,"",,,"",,,,,,,"","",,,"",,,"",,,"",,,,,,,"",,,"","",,,,,,,,"",,,,,,,"",,,"","","",,,,,,,,"",,,,,,,
"","","",,"","","","","","","",,"","","","","","","",,"","","","","","","",,"","","","","","","",,"","","","","","","",,"","","","","","","",,"","","","","","","",,"","","","","",791794,1,"2024-05-06_18h07.33.488","experiment","2023.2.3","Win32",60.24096386,"5f8e16511b3c641de0918ccd","6638ede3ddbc5fcdff14e9cd","66390decbe3c2678338c6dd1","",,,"",,,"",,,"",,,"",,,"",,,98.9737,99.4802,"k",0.6786,,"space","",,,1,"p_pink_gnome",1,0,"p_yellow_forest","p_green_basket","p_orange_gnome",1,5,"p_green_forest","p_blue_basket",5,0,0,1,"p_orange_gnome","p_green_forest","p_blue_basket",5,0,1,1,0,1,1,0.3454,,"",,,,,,,,,,,"","",,,,,,,"","",,,"",,,"",,,,"",,,"","","",,,"","",,,,,"","","",,,,,,,,,"",,,"",,,"",,,"",,,"",,,,,,,"","",,,"",,,"",,,"",,,,,,,"",,,"","",,,,,,,,"",,,,,,,"",,,"","","",,,,,,,,"",,,,,,,
"","","",,"","","","","","","",,"","","","","","","",,"","","","","","","",,"","","","","","","",,"","","","","","","",,"","","","","","","",,"","","","","","","",,"","","","","",791794,1,"2024-05-06_18h07.33.488","experiment","2023.2.3","Win32",60.24096386,"5f8e16511b3c641de0918ccd","6638ede3ddbc5fcdff14e9cd","66390decbe3c2678338c6dd1","",,,"",,,"",,,"",,,"",,,"",,,105.0248,105.5302,"k",0.7141,,"space","",,,1,"p_pink_gnome",1,1,"p_yellow_forest","p_green_basket","p_orange_gnome",1,6,"p_green_forest","p_blue_basket",6,0,0,1,"p_orange_gnome","p_green_forest","p_blue_basket",11,1,0,2,0,1,1,0.3746,,"",,,,,,,,,,,"","",,,,,,,"","",,,"",,,"",,,,"",,,"","","",,,"","",,,,,"","","",,,,,,,,,"",,,"",,,"",,,"",,,"",,,,,,,"","",,,"",,,"",,,"",,,,,,,"",,,"","",,,,,,,,"",,,,,,,"",,,"","","",,,,,,,,"",,,,,,,
"","","",,"","","","","","","",,"","","","","","","",,"","","","","","","",,"","","","","","","",,"","","","","","","",,"","","","","","","",,"","","","","","","",,"","","","","",791794,1,"2024-05-06_18h07.33.488","experiment","2023.2.3","Win32",60.24096386,"5f8e16511b3c641de0918ccd","6638ede3ddbc5fcdff14e9cd","66390decbe3c2678338c6dd1","",,,"",,,"",,,"",,,"",,,"",,,111.0894,111.5968,"k",1.19,,"space","",,,1,"p_pink_gnome",1,1,"p_yellow_forest","p_green_basket","p_orange_gnome",1,6,"p_green_forest","p_blue_basket",6,0,0,1,"p_orange_gnome","p_green_forest","p_blue_basket",17,1,1,3,0,1,1,0.6528,,"",,,,,,,,,,,"","",,,,,,,"","",,,"",,,"",,,,"",,,"","","",,,"","",,,,,"","","",,,,,,,,,"",,,"",,,"",,,"",,,"",,,,,,,"","",,,"",,,"",,,"",,,,,,,"",,,"","",,,,,,,,"",,,,,,,"",,,"","","",,,,,,,,"",,,,,,,
"","","",,"","","","","","","",,"","","","","","","",,"","","","","","","",,"","","","","","","",,"","","","","","","",,"","","","","","","",,"","","","","","","",,"","","","","",791794,1,"2024-05-06_18h07.33.488","experiment","2023.2.3","Win32",60.24096386,"5f8e16511b3c641de0918ccd","6638ede3ddbc5fcdff14e9cd","66390decbe3c2678338c6dd1","",,,"",,,"",,,"",,,"",,,"",,,117.1407,117.6468,"s",0.6379,,"space","",,,2,"p_green_gnome",2,2,"p_yellow_forest","p_green_basket","p_blue_gnome",2,7,"p_green_forest","p_blue_basket",2,0,0,1,"p_green_gnome","p_yellow_forest","p_green_basket",19,2,0,4,1,1,2,0.3537,,"",,,,,,,,,,,"","",,,,,,,"","",,,"",,,"",,,,"",,,"","","",,,"","",,,,,"","","",,,,,,,,,"",,,"",,,"",,,"",,,"",,,,,,,"","",,,"",,,"",,,"",,,,,,,"",,,"","",,,,,,,,"",,,,,,,"",,,"","","",,,,,,,,"",,,,,,,
"","","",,"","","","","","","",,"","","","","","","",,"","","","","","","",,"","","","","","","",,"","","","","","","",,"","","","","","","",,"","","","","","","",,"","","","","",791794,1,"2024-05-06_18h07.33.488","experiment","2023.2.3","Win32",60.24096386,"5f8e16511b3c641de0918ccd","6638ede3ddbc5fcdff14e9cd","66390decbe3c2678338c6dd1","",,,"",,,"",,,"",,,"",,,"",,,123.1914,123.6969,"s",0.7377,,"space","",,,1,"p_orange_gnome",1,7,"p_green_forest","p_blue_basket","p_pink_gnome",1,2,"p_yellow_forest","p_green_basket",7,0,0,1,"p_orange_gnome","p_green_forest","p_blue_basket",26,2,1,5,0,1,1,0.305,,"",,,,,,,,,,,"","",,,,,,,"","",,,"",,,"",,,,"",,,"","","",,,"","",,,,,"","","",,,,,,,,,"",,,"",,,"",,,"",,,"",,,,,,,"","",,,"",,,"",,,"",,,,,,,"",,,"","",,,,,,,,"",,,,,,,"",,,"","","",,,,,,,,"",,,,,,,
"","","",,"","","","","","","",,"","","","","","","",,"","","","","","","",,"","","","","","","",,"","","","","","","",,"","","","","","","",,"","","","","","","",,"","","","","",791794,1,"2024-05-06_18h07.33.488","experiment","2023.2.3","Win32",60.24096386,"5f8e16511b3c641de0918ccd","6638ede3ddbc5fcdff14e9cd","66390decbe3c2678338c6dd1","",,,"",,,"",,,"",,,"",,,"",,,129.2388,129.7467,"s",0.8414,,"space","",,,1,"p_pink_gnome",1,3,"p_yellow_forest","p_green_basket","p_orange_gnome",1,8,"p_green_forest","p_blue_basket",3,0,0,1,"p_pink_gnome","p_yellow_forest","p_green_basket",29,3,0,6,0,1,1,0.2949,,"",,,,,,,,,,,"","",,,,,,,"","",,,"",,,"",,,,"",,,"","","",,,"","",,,,,"","","",,,,,,,,,"",,,"",,,"",,,"",,,"",,,,,,,"","",,,"",,,"",,,"",,,,,,,"",,,"","",,,,,,,,"",,,,,,,"",,,"","","",,,,,,,,"",,,,,,,
"","","",,"","","","","","","",,"","","","","","","",,"","","","","","","",,"","","","","","","",,"","","","","","","",,"","","","","","","",,"","","","","","","",,"","","","","",791794,1,"2024-05-06_18h07.33.488","experiment","2023.2.3","Win32",60.24096386,"5f8e16511b3c641de0918ccd","6638ede3ddbc5fcdff14e9cd","66390decbe3c2678338c6dd1","",,,"",,,"",,,"",,,"",,,"",,,135.2894,135.7966,"k",0.79,,"space","",,,2,"p_blue_gnome",2,8,"p_green_forest","p_blue_basket","p_green_gnome",2,3,"p_yellow_forest","p_green_basket",3,0,0,1,"p_green_gnome","p_yellow_forest","p_green_basket",32,3,1,7,1,1,2,0.2605,,"",,,,,,,,,,,"","",,,,,,,"","",,,"",,,"",,,,"",,,"","","",,,"","",,,,,"","","",,,,,,,,,"",,,"",,,"",,,"",,,"",,,,,,,"","",,,"",,,"",,,"",,,,,,,"",,,"","",,,,,,,,"",,,,,,,"",,,"","","",,,,,,,,"",,,,,,,
"","","",,"","","","","","","",,"","","","","","","",,"","","","","","","",,"","","","","","","",,"","","","","","","",,"","","","","","","",,"","","","","","","",,"","","","","",791794,1,"2024-05-06_18h07.33.488","experiment","2023.2.3","Win32",60.24096386,"5f8e16511b3c641de0918ccd","6638ede3ddbc5fcdff14e9cd","66390decbe3c2678338c6dd1","",,,"",,,"",,,"",,,"",,,"",,,141.3402,141.8468,"k",0.7531,,"space","",,,2,"p_blue_gnome",2,9,"p_green_forest","p_blue_basket","p_green_gnome",2,4,"p_yellow_forest","p_green_basket",4,0,0,1,"p_green_gnome","p_yellow_forest","p_green_basket",36,4,0,8,1,1,2,1.1625,,"",,,,,,,,,,,"","",,,,,,,"","",,,"",,,"",,,,"",,,"","","",,,"","",,,,,"","","",,,,,,,,,"",,,"",,,"",,,"",,,"",,,,,,,"","",,,"",,,"",,,"",,,,,,,"",,,"","",,,,,,,,"",,,,,,,"",,,"","","",,,,,,,,"",,,,,,,
"","","",,"","","","","","","",,"","","","","","","",,"","","","","","","",,"","","","","","","",,"","","","","","","",,"","","","","","","",,"","","","","","","",,"","","","","",791794,1,"2024-05-06_18h07.33.488","experiment","2023.2.3","Win32",60.24096386,"5f8e16511b3c641de0918ccd","6638ede3ddbc5fcdff14e9cd","66390decbe3c2678338c6dd1","",,,"",,,"",,,"",,,"",,,"",,,147.3911,147.8966,"s",0.8365,,"space","",,,2,"p_blue_gnome",2,9,"p_green_forest","p_blue_basket","p_green_gnome",2,4,"p_yellow_forest","p_green_basket",9,0,0,1,"p_blue_gnome","p_green_forest","p_blue_basket",45,4,1,9,1,1,2,0.4026,,"",,,,,,,,,,,"","",,,,,,,"","",,,"",,,"",,,,"",,,"","","",,,"","",,,,,"","","",,,,,,,,,"",,,"",,,"",,,"",,,"",,,,,,,"","",,,"",,,"",,,"",,,,,,,"",,,"","",,,,,,,,"",,,,,,,"",,,"","","",,,,,,,,"",,,,,,,
"","","",,"","","","","","","",,"","","","","","","",,"","","","","","","",,"","","","","","","",,"","","","","","","",,"","","","","","","",,"","","","","","","",,"","","","","",791794,1,"2024-05-06_18h07.33.488","experiment","2023.2.3","Win32",60.24096386,"5f8e16511b3c641de0918ccd","6638ede3ddbc5fcdff14e9cd","66390decbe3c2678338c6dd1","",,,"",,,"",,,"",,,"",,,"",,,,,"",,,"","",,,,"",,,"","","",,,"","",,,,,"","","",,,,,,,4,,,"space",33.8041,,187.2477,357.399,0.600925926,-0.305555556,1,0,0,170.1302,"t_advice_finished_typing_rect","The size and positions of the gnomes are irrelevant. The important thing is that the colours correspond to a particular forest. The gnomes are always presented in pairs. Orange, green, red and blue gnomes will lead to the bright forest, and brown, pink, yellow and purple gnomes will lead to the dark forest. So the optimal strategy is to identify which forest has the most mushrooms and select the corresponding colour.",0.659259259,-0.321296296,1,0,0,196.9313,"vb_finished_typing_rect","space",34.0012,,"s",0.6791,,"space",0.5661,,4,"blue_gnome",4,4,"bright_forest","red_basket","purple_gnome",4,6,"dark_forest","yellow_basket",4,0,0,1,"blue_gnome","bright_forest","red_basket",4,-1,0,0,0,0,3,1,"",,,"",,,"",,,"",,,"",,,,,,,"","",,,"",,,"",,,"",,,,,,,"",,,"","",,,,,,,,"",,,,,,,"",,,"","","",,,,,,,,"",,,,,,,
"","","",,"","","","","","","",,"","","","","","","",,"","","","","","","",,"","","","","","","",,"","","","","","","",,"","","","","","","",,"","","","","","","",,"","","","","",791794,1,"2024-05-06_18h07.33.488","experiment","2023.2.3","Win32",60.24096386,"5f8e16511b3c641de0918ccd","6638ede3ddbc5fcdff14e9cd","66390decbe3c2678338c6dd1","",,,"",,,"",,,"",,,"",,,"",,,,,"",,,"","",,,,"",,,"","","",,,"","",,,,,"","","",,,,,,,1,,,"",,,,,,,,,,,"","",,,,,,,"","",,,"k",1.0447,,"space",0.3737,,1,"orange_gnome",1,3,"bright_forest","red_basket","brown_gnome",1,6,"dark_forest","yellow_basket",6,0,0,1,"brown_gnome","dark_forest","yellow_basket",10,0,-1,0,1,1,0,1,"",,,"",,,"",,,"",,,"",,,,,,,"","",,,"",,,"",,,"",,,,,,,"",,,"","",,,,,,,,"",,,,,,,"",,,"","","",,,,,,,,"",,,,,,,
"","","",,"","","","","","","",,"","","","","","","",,"","","","","","","",,"","","","","","","",,"","","","","","","",,"","","","","","","",,"","","","","","","",,"","","","","",791794,1,"2024-05-06_18h07.33.488","experiment","2023.2.3","Win32",60.24096386,"5f8e16511b3c641de0918ccd","6638ede3ddbc5fcdff14e9cd","66390decbe3c2678338c6dd1","",,,"",,,"",,,"",,,"",,,"",,,,,"",,,"","",,,,"",,,"","","",,,"","",,,,,"","","",,,,,,,4,,,"",,,,,,,,,,,"","",,,,,,,"","",,,"s",1.0363,,"space",0.5378,,4,"blue_gnome",4,3,"bright_forest","red_basket","purple_gnome",4,5,"dark_forest","yellow_basket",3,0,0,1,"blue_gnome","bright_forest","red_basket",13,-4,2,0,2,2,3,1,"",,,"",,,"",,,"",,,"",,,,,,,"","",,,"",,,"",,,"",,,,,,,"",,,"","",,,,,,,,"",,,,,,,"",,,"","","",,,,,,,,"",,,,,,,
"","","",,"","","","","","","",,"","","","","","","",,"","","","","","","",,"","","","","","","",,"","","","","","","",,"","","","","","","",,"","","","","","","",,"","","","","",791794,1,"2024-05-06_18h07.33.488","experiment","2023.2.3","Win32",60.24096386,"5f8e16511b3c641de0918ccd","6638ede3ddbc5fcdff14e9cd","66390decbe3c2678338c6dd1","",,,"",,,"",,,"",,,"",,,"",,,,,"",,,"","",,,,"",,,"","","",,,"","",,,,,"","","",,,,,,,3,,,"",,,,,,,,,,,"","",,,,,,,"","",,,"k",1.1387,,"space",0.2878,,3,"red_gnome",3,1,"bright_forest","red_basket","yellow_gnome",3,7,"dark_forest","yellow_basket",7,0,0,1,"yellow_gnome","dark_forest","yellow_basket",20,0,2,0,3,3,2,1,"",,,"",,,"",,,"",,,"",,,,,,,"","",,,"",,,"",,,"",,,,,,,"",,,"","",,,,,,,,"",,,,,,,"",,,"","","",,,,,,,,"",,,,,,,
"","","",,"","","","","","","",,"","","","","","","",,"","","","","","","",,"","","","","","","",,"","","","","","","",,"","","","","","","",,"","","","","","","",,"","","","","",791794,1,"2024-05-06_18h07.33.488","experiment","2023.2.3","Win32",60.24096386,"5f8e16511b3c641de0918ccd","6638ede3ddbc5fcdff14e9cd","66390decbe3c2678338c6dd1","",,,"",,,"",,,"",,,"",,,"",,,,,"",,,"","",,,,"",,,"","","",,,"","",,,,,"","","",,,,,,,4,,,"",,,,,,,,,,,"","",,,,,,,"","",,,"k",0.847,,"space",1.2298,,4,"blue_gnome",4,1,"bright_forest","red_basket","purple_gnome",4,9,"dark_forest","yellow_basket",9,0,0,1,"purple_gnome","dark_forest","yellow_basket",29,-1,-1,1,0,4,3,1,"",,,"",,,"",,,"",,,"",,,,,,,"","",,,"",,,"",,,"",,,,,,,"",,,"","",,,,,,,,"",,,,,,,"",,,"","","",,,,,,,,"",,,,,,,
"","","",,"","","","","","","",,"","","","","","","",,"","","","","","","",,"","","","","","","",,"","","","","","","",,"","","","","","","",,"","","","","","","",,"","","","","",791794,1,"2024-05-06_18h07.33.488","experiment","2023.2.3","Win32",60.24096386,"5f8e16511b3c641de0918ccd","6638ede3ddbc5fcdff14e9cd","66390decbe3c2678338c6dd1","",,,"",,,"",,,"",,,"",,,"",,,,,"",,,"","",,,,"",,,"","","",,,"","",,,,,"","","",,,,,,,4,,,"",,,,,,,,,,,"","",,,,,,,"","",,,"k",0.7742,,"space",0.2361,,4,"blue_gnome",4,0,"bright_forest","red_basket","purple_gnome",4,8,"dark_forest","yellow_basket",8,0,0,1,"purple_gnome","dark_forest","yellow_basket",37,-3,0,1,1,5,3,1,"",,,"",,,"",,,"",,,"",,,,,,,"","",,,"",,,"",,,"",,,,,,,"",,,"","",,,,,,,,"",,,,,,,"",,,"","","",,,,,,,,"",,,,,,,
"","","",,"","","","","","","",,"","","","","","","",,"","","","","","","",,"","","","","","","",,"","","","","","","",,"","","","","","","",,"","","","","","","",,"","","","","",791794,1,"2024-05-06_18h07.33.488","experiment","2023.2.3","Win32",60.24096386,"5f8e16511b3c641de0918ccd","6638ede3ddbc5fcdff14e9cd","66390decbe3c2678338c6dd1","",,,"",,,"",,,"",,,"",,,"",,,,,"",,,"","",,,,"",,,"","","",,,"","",,,,,"","","",,,,,,,2,,,"",,,,,,,,,,,"","",,,,,,,"","",,,"s",1.036,,"space",0.0269,,2,"pink_gnome",2,8,"dark_forest","yellow_basket","green_gnome",2,3,"bright_forest","red_basket",8,0,0,1,"pink_gnome","dark_forest","yellow_basket",45,5,1,1,2,6,1,1,"",,,"",,,"",,,"",,,"",,,,,,,"","",,,"",,,"",,,"",,,,,,,"",,,"","",,,,,,,,"",,,,,,,"",,,"","","",,,,,,,,"",,,,,,,
"","","",,"","","","","","","",,"","","","","","","",,"","","","","","","",,"","","","","","","",,"","","","","","","",,"","","","","","","",,"","","","","","","",,"","","","","",791794,1,"2024-05-06_18h07.33.488","experiment","2023.2.3","Win32",60.24096386,"5f8e16511b3c641de0918ccd","6638ede3ddbc5fcdff14e9cd","66390decbe3c2678338c6dd1","",,,"",,,"",,,"",,,"",,,"",,,,,"",,,"","",,,,"",,,"","","",,,"","",,,,,"","","",,,,,,,4,,,"",,,,,,,,,,,"","",,,,,,,"","",,,"k",0.6989,,"space",0.4722,,4,"blue_gnome",4,8,"bright_forest","red_basket","purple_gnome",4,9,"dark_forest","yellow_basket",9,0,0,1,"purple_gnome","dark_forest","yellow_basket",54,2,-3,1,3,7,3,1,"",,,"",,,"",,,"",,,"",,,,,,,"","",,,"",,,"",,,"",,,,,,,"",,,"","",,,,,,,,"",,,,,,,"",,,"","","",,,,,,,,"",,,,,,,
"","","",,"","","","","","","",,"","","","","","","",,"","","","","","","",,"","","","","","","",,"","","","","","","",,"","","","","","","",,"","","","","","","",,"","","","","",791794,1,"2024-05-06_18h07.33.488","experiment","2023.2.3","Win32",60.24096386,"5f8e16511b3c641de0918ccd","6638ede3ddbc5fcdff14e9cd","66390decbe3c2678338c6dd1","",,,"",,,"",,,"",,,"",,,"",,,,,"",,,"","",,,,"",,,"","","",,,"","",,,,,"","","",,,,,,,1,,,"",,,,,,,,,,,"","",,,,,,,"","",,,"k",0.615,,"space",0.2221,,1,"orange_gnome",1,8,"bright_forest","red_basket","brown_gnome",1,6,"dark_forest","yellow_basket",6,0,0,1,"brown_gnome","dark_forest","yellow_basket",60,0,-1,2,0,8,0,1,"",,,"",,,"",,,"",,,"",,,,,,,"","",,,"",,,"",,,"",,,,,,,"",,,"","",,,,,,,,"",,,,,,,"",,,"","","",,,,,,,,"",,,,,,,
"","","",,"","","","","","","",,"","","","","","","",,"","","","","","","",,"","","","","","","",,"","","","","","","",,"","","","","","","",,"","","","","","","",,"","","","","",791794,1,"2024-05-06_18h07.33.488","experiment","2023.2.3","Win32",60.24096386,"5f8e16511b3c641de0918ccd","6638ede3ddbc5fcdff14e9cd","66390decbe3c2678338c6dd1","",,,"",,,"",,,"",,,"",,,"",,,,,"",,,"","",,,,"",,,"","","",,,"","",,,,,"","","",,,,,,,2,,,"",,,,,,,,,,,"","",,,,,,,"","",,,"s",0.5827,,"space",0.3197,,2,"pink_gnome",2,5,"dark_forest","yellow_basket","green_gnome",2,8,"bright_forest","red_basket",5,0,0,1,"pink_gnome","dark_forest","yellow_basket",65,-1,6,2,1,9,1,1,"",,,"",,,"",,,"",,,"",,,,,,,"","",,,"",,,"",,,"",,,,,,,"",,,"","",,,,,,,,"",,,,,,,"",,,"","","",,,,,,,,"",,,,,,,
"","","",,"","","","","","","",,"","","","","","","",,"","","","","","","",,"","","","","","","",,"","","","","","","",,"","","","","","","",,"","","","","","","",,"","","","","",791794,1,"2024-05-06_18h07.33.488","experiment","2023.2.3","Win32",60.24096386,"5f8e16511b3c641de0918ccd","6638ede3ddbc5fcdff14e9cd","66390decbe3c2678338c6dd1","",,,"",,,"",,,"",,,"",,,"",,,,,"",,,"","",,,,"",,,"","","",,,"","",,,,,"","","",,,,,,,3,,,"",,,,,,,,,,,"","",,,,,,,"","",,,"k",0.7786,,"space",0.4537,,3,"yellow_gnome",3,7,"dark_forest","yellow_basket","red_gnome",3,7,"bright_forest","red_basket",7,0,0,1,"red_gnome","bright_forest","red_basket",72,0,-1,2,2,10,2,1,"",,,"",,,"",,,"",,,"",,,,,,,"","",,,"",,,"",,,"",,,,,,,"",,,"","",,,,,,,,"",,,,,,,"",,,"","","",,,,,,,,"",,,,,,,
"","","",,"","","","","","","",,"","","","","","","",,"","","","","","","",,"","","","","","","",,"","","","","","","",,"","","","","","","",,"","","","","","","",,"","","","","",791794,1,"2024-05-06_18h07.33.488","experiment","2023.2.3","Win32",60.24096386,"5f8e16511b3c641de0918ccd","6638ede3ddbc5fcdff14e9cd","66390decbe3c2678338c6dd1","",,,"",,,"",,,"",,,"",,,"",,,,,"",,,"","",,,,"",,,"","","",,,"","",,,,,"","","",,,,,,,4,,,"",,,,,,,,,,,"","",,,,,,,"","",,,"s",0.7622,,"space",0.2868,,4,"purple_gnome",4,6,"dark_forest","yellow_basket","blue_gnome",4,7,"bright_forest","red_basket",6,0,0,1,"purple_gnome","dark_forest","yellow_basket",78,-1,0,2,3,11,3,1,"",,,"",,,"",,,"",,,"",,,,,,,"","",,,"",,,"",,,"",,,,,,,"",,,"","",,,,,,,,"",,,,,,,"",,,"","","",,,,,,,,"",,,,,,,
"","","",,"","","","","","","",,"","","","","","","",,"","","","","","","",,"","","","","","","",,"","","","","","","",,"","","","","","","",,"","","","","","","",,"","","","","",791794,1,"2024-05-06_18h07.33.488","experiment","2023.2.3","Win32",60.24096386,"5f8e16511b3c641de0918ccd","6638ede3ddbc5fcdff14e9cd","66390decbe3c2678338c6dd1","",,,"",,,"",,,"",,,"",,,"",,,,,"",,,"","",,,,"",,,"","","",,,"","",,,,,"","","",,,,,,,1,,,"",,,,,,,,,,,"","",,,,,,,"","",,,"s",0.6945,,"space",0.2698,,1,"brown_gnome",1,6,"dark_forest","yellow_basket","orange_gnome",1,6,"bright_forest","red_basket",6,0,0,1,"brown_gnome","dark_forest","yellow_basket",84,-3,3,3,0,12,0,1,"",,,"",,,"",,,"",,,"",,,,,,,"","",,,"",,,"",,,"",,,,,,,"",,,"","",,,,,,,,"",,,,,,,"",,,"","","",,,,,,,,"",,,,,,,
"","","",,"","","","","","","",,"","","","","","","",,"","","","","","","",,"","","","","","","",,"","","","","","","",,"","","","","","","",,"","","","","","","",,"","","","","",791794,1,"2024-05-06_18h07.33.488","experiment","2023.2.3","Win32",60.24096386,"5f8e16511b3c641de0918ccd","6638ede3ddbc5fcdff14e9cd","66390decbe3c2678338c6dd1","",,,"",,,"",,,"",,,"",,,"",,,,,"",,,"","",,,,"",,,"","","",,,"","",,,,,"","","",,,,,,,2,,,"",,,,,,,,,,,"","",,,,,,,"","",,,"s",0.7264,,"space",0.3236,,2,"pink_gnome",2,9,"dark_forest","yellow_basket","green_gnome",2,3,"bright_forest","red_basket",9,0,0,1,"pink_gnome","dark_forest","yellow_basket",93,0,-3,3,1,13,1,1,"",,,"",,,"",,,"",,,"",,,,,,,"","",,,"",,,"",,,"",,,,,,,"",,,"","",,,,,,,,"",,,,,,,"",,,"","","",,,,,,,,"",,,,,,,
"","","",,"","","","","","","",,"","","","","","","",,"","","","","","","",,"","","","","","","",,"","","","","","","",,"","","","","","","",,"","","","","","","",,"","","","","",791794,1,"2024-05-06_18h07.33.488","experiment","2023.2.3","Win32",60.24096386,"5f8e16511b3c641de0918ccd","6638ede3ddbc5fcdff14e9cd","66390decbe3c2678338c6dd1","",,,"",,,"",,,"",,,"",,,"",,,,,"",,,"","",,,,"",,,"","","",,,"","",,,,,"","","",,,,,,,3,,,"",,,,,,,,,,,"","",,,,,,,"","",,,"k",0.8265,,"space",0.3135,,3,"red_gnome",3,3,"bright_forest","red_basket","yellow_gnome",3,6,"dark_forest","yellow_basket",6,0,0,1,"yellow_gnome","dark_forest","yellow_basket",99,3,1,3,2,14,2,1,"",,,"",,,"",,,"",,,"",,,,,,,"","",,,"",,,"",,,"",,,,,,,"",,,"","",,,,,,,,"",,,,,,,"",,,"","","",,,,,,,,"",,,,,,,
"","","",,"","","","","","","",,"","","","","","","",,"","","","","","","",,"","","","","","","",,"","","","","","","",,"","","","","","","",,"","","","","","","",,"","","","","",791794,1,"2024-05-06_18h07.33.488","experiment","2023.2.3","Win32",60.24096386,"5f8e16511b3c641de0918ccd","6638ede3ddbc5fcdff14e9cd","66390decbe3c2678338c6dd1","",,,"",,,"",,,"",,,"",,,"",,,,,"",,,"","",,,,"",,,"","","",,,"","",,,,,"","","",,,,,,,1,,,"",,,,,,,,,,,"","",,,,,,,"","",,,"k",0.7383,,"space",0.2717,,1,"orange_gnome",1,6,"bright_forest","red_basket","brown_gnome",1,7,"dark_forest","yellow_basket",7,0,0,1,"brown_gnome","dark_forest","yellow_basket",106,0,0,3,3,15,0,1,"",,,"",,,"",,,"",,,"",,,,,,,"","",,,"",,,"",,,"",,,,,,,"",,,"","",,,,,,,,"",,,,,,,"",,,"","","",,,,,,,,"",,,,,,,
"","","",,"","","","","","","",,"","","","","","","",,"","","","","","","",,"","","","","","","",,"","","","","","","",,"","","","","","","",,"","","","","","","",,"","","","","",791794,1,"2024-05-06_18h07.33.488","experiment","2023.2.3","Win32",60.24096386,"5f8e16511b3c641de0918ccd","6638ede3ddbc5fcdff14e9cd","66390decbe3c2678338c6dd1","",,,"",,,"",,,"",,,"",,,"",,,,,"",,,"","",,,,"",,,"","","",,,"","",,,,,"","","",,,,,,,1,,,"",,,,,,,,,,,"","",,,,,,,"","",,,"k",0.8626,,"space",0.2777,,1,"orange_gnome",1,6,"bright_forest","red_basket","brown_gnome",1,7,"dark_forest","yellow_basket",7,0,0,1,"brown_gnome","dark_forest","yellow_basket",113,-1,-3,4,0,16,0,1,"",,,"",,,"",,,"",,,"",,,,,,,"","",,,"",,,"",,,"",,,,,,,"",,,"","",,,,,,,,"",,,,,,,"",,,"","","",,,,,,,,"",,,,,,,
"","","",,"","","","","","","",,"","","","","","","",,"","","","","","","",,"","","","","","","",,"","","","","","","",,"","","","","","","",,"","","","","","","",,"","","","","",791794,1,"2024-05-06_18h07.33.488","experiment","2023.2.3","Win32",60.24096386,"5f8e16511b3c641de0918ccd","6638ede3ddbc5fcdff14e9cd","66390decbe3c2678338c6dd1","",,,"",,,"",,,"",,,"",,,"",,,,,"",,,"","",,,,"",,,"","","",,,"","",,,,,"","","",,,,,,,1,,,"",,,,,,,,,,,"","",,,,,,,"","",,,"s",0.5663,,"space",0.3719,,1,"brown_gnome",1,4,"dark_forest","yellow_basket","orange_gnome",1,5,"bright_forest","red_basket",4,0,0,1,"brown_gnome","dark_forest","yellow_basket",117,1,0,4,1,17,0,1,"",,,"",,,"",,,"",,,"",,,,,,,"","",,,"",,,"",,,"",,,,,,,"",,,"","",,,,,,,,"",,,,,,,"",,,"","","",,,,,,,,"",,,,,,,
"","","",,"","","","","","","",,"","","","","","","",,"","","","","","","",,"","","","","","","",,"","","","","","","",,"","","","","","","",,"","","","","","","",,"","","","","",791794,1,"2024-05-06_18h07.33.488","experiment","2023.2.3","Win32",60.24096386,"5f8e16511b3c641de0918ccd","6638ede3ddbc5fcdff14e9cd","66390decbe3c2678338c6dd1","",,,"",,,"",,,"",,,"",,,"",,,,,"",,,"","",,,,"",,,"","","",,,"","",,,,,"","","",,,,,,,3,,,"",,,,,,,,,,,"","",,,,,,,"","",,,"k",0.8042,,"space",0.2897,,3,"red_gnome",3,6,"bright_forest","red_basket","yellow_gnome",3,4,"dark_forest","yellow_basket",4,0,0,1,"yellow_gnome","dark_forest","yellow_basket",121,1,3,4,2,18,2,1,"",,,"",,,"",,,"",,,"",,,,,,,"","",,,"",,,"",,,"",,,,,,,"",,,"","",,,,,,,,"",,,,,,,"",,,"","","",,,,,,,,"",,,,,,,
"","","",,"","","","","","","",,"","","","","","","",,"","","","","","","",,"","","","","","","",,"","","","","","","",,"","","","","","","",,"","","","","","","",,"","","","","",791794,1,"2024-05-06_18h07.33.488","experiment","2023.2.3","Win32",60.24096386,"5f8e16511b3c641de0918ccd","6638ede3ddbc5fcdff14e9cd","66390decbe3c2678338c6dd1","",,,"",,,"",,,"",,,"",,,"",,,,,"",,,"","",,,,"",,,"","","",,,"","",,,,,"","","",,,,,,,1,,,"",,,,,,,,,,,"","",,,,,,,"","",,,"k",1.0209,,"space",0.5436,,1,"brown_gnome",1,7,"dark_forest","yellow_basket","orange_gnome",1,7,"bright_forest","red_basket",7,0,0,1,"orange_gnome","bright_forest","red_basket",128,2,-1,4,3,19,0,1,"",,,"",,,"",,,"",,,"",,,,,,,"","",,,"",,,"",,,"",,,,,,,"",,,"","",,,,,,,,"",,,,,,,"",,,"","","",,,,,,,,"",,,,,,,
"","","",,"","","","","","","",,"","","","","","","",,"","","","","","","",,"","","","","","","",,"","","","","","","",,"","","","","","","",,"","","","","","","",,"","","","","",791794,1,"2024-05-06_18h07.33.488","experiment","2023.2.3","Win32",60.24096386,"5f8e16511b3c641de0918ccd","6638ede3ddbc5fcdff14e9cd","66390decbe3c2678338c6dd1","",,,"",,,"",,,"",,,"",,,"",,,,,"",,,"","",,,,"",,,"","","",,,"","",,,,,"","","",,,,,,,1,,,"",,,,,,,,,,,"","",,,,,,,"","",,,"k",0.6586,,"space",0.3411,,1,"brown_gnome",1,6,"dark_forest","yellow_basket","orange_gnome",1,9,"bright_forest","red_basket",9,0,0,1,"orange_gnome","bright_forest","red_basket",137,4,-3,5,0,20,0,1,"",,,"",,,"",,,"",,,"",,,,,,,"","",,,"",,,"",,,"",,,,,,,"",,,"","",,,,,,,,"",,,,,,,"",,,"","","",,,,,,,,"",,,,,,,
"","","",,"","","","","","","",,"","","","","","","",,"","","","","","","",,"","","","","","","",,"","","","","","","",,"","","","","","","",,"","","","","","","",,"","","","","",791794,1,"2024-05-06_18h07.33.488","experiment","2023.2.3","Win32",60.24096386,"5f8e16511b3c641de0918ccd","6638ede3ddbc5fcdff14e9cd","66390decbe3c2678338c6dd1","",,,"",,,"",,,"",,,"",,,"",,,,,"",,,"","",,,,"",,,"","","",,,"","",,,,,"","","",,,,,,,4,,,"",,,,,,,,,,,"","",,,,,,,"","",,,"k",0.7378,,"space",0.4108,,4,"purple_gnome",4,3,"dark_forest","yellow_basket","blue_gnome",4,5,"bright_forest","red_basket",5,0,0,1,"blue_gnome","bright_forest","red_basket",142,-1,0,5,1,21,3,1,"",,,"",,,"",,,"",,,"",,,,,,,"","",,,"",,,"",,,"",,,,,,,"",,,"","",,,,,,,,"",,,,,,,"",,,"","","",,,,,,,,"",,,,,,,
"","","",,"","","","","","","",,"","","","","","","",,"","","","","","","",,"","","","","","","",,"","","","","","","",,"","","","","","","",,"","","","","","","",,"","","","","",791794,1,"2024-05-06_18h07.33.488","experiment","2023.2.3","Win32",60.24096386,"5f8e16511b3c641de0918ccd","6638ede3ddbc5fcdff14e9cd","66390decbe3c2678338c6dd1","",,,"",,,"",,,"",,,"",,,"",,,,,"",,,"","",,,,"",,,"","","",,,"","",,,,,"","","",,,,,,,3,,,"",,,,,,,,,,,"","",,,,,,,"","",,,"k",0.7222,,"space",0.3449,,3,"red_gnome",3,4,"bright_forest","red_basket","yellow_gnome",3,3,"dark_forest","yellow_basket",3,0,0,1,"yellow_gnome","dark_forest","yellow_basket",145,-2,-2,5,2,22,2,1,"",,,"",,,"",,,"",,,"",,,,,,,"","",,,"",,,"",,,"",,,,,,,"",,,"","",,,,,,,,"",,,,,,,"",,,"","","",,,,,,,,"",,,,,,,
"","","",,"","","","","","","",,"","","","","","","",,"","","","","","","",,"","","","","","","",,"","","","","","","",,"","","","","","","",,"","","","","","","",,"","","","","",791794,1,"2024-05-06_18h07.33.488","experiment","2023.2.3","Win32",60.24096386,"5f8e16511b3c641de0918ccd","6638ede3ddbc5fcdff14e9cd","66390decbe3c2678338c6dd1","",,,"",,,"",,,"",,,"",,,"",,,,,"",,,"","",,,,"",,,"","","",,,"","",,,,,"","","",,,,,,,4,,,"",,,,,,,,,,,"","",,,,,,,"","",,,"k",0.7218,,"space",0.4311,,4,"purple_gnome",4,1,"dark_forest","yellow_basket","blue_gnome",4,2,"bright_forest","red_basket",2,0,0,1,"blue_gnome","bright_forest","red_basket",147,-1,1,5,3,23,3,1,"",,,"",,,"",,,"",,,"",,,,,,,"","",,,"",,,"",,,"",,,,,,,"",,,"","",,,,,,,,"",,,,,,,"",,,"","","",,,,,,,,"",,,,,,,
"","","",,"","","","","","","",,"","","","","","","",,"","","","","","","",,"","","","","","","",,"","","","","","","",,"","","","","","","",,"","","","","","","",,"","","","","",791794,1,"2024-05-06_18h07.33.488","experiment","2023.2.3","Win32",60.24096386,"5f8e16511b3c641de0918ccd","6638ede3ddbc5fcdff14e9cd","66390decbe3c2678338c6dd1","",,,"",,,"",,,"",,,"",,,"",,,,,"",,,"","",,,,"",,,"","","",,,"","",,,,,"","","",,,,,,,2,,,"",,,,,,,,,,,"","",,,,,,,"","",,,"k",0.7377,,"space",0.2453,,2,"green_gnome",2,1,"bright_forest","red_basket","pink_gnome",2,2,"dark_forest","yellow_basket",2,0,0,1,"pink_gnome","dark_forest","yellow_basket",149,2,0,6,0,24,1,1,"",,,"",,,"",,,"",,,"",,,,,,,"","",,,"",,,"",,,"",,,,,,,"",,,"","",,,,,,,,"",,,,,,,"",,,"","","",,,,,,,,"",,,,,,,
"","","",,"","","","","","","",,"","","","","","","",,"","","","","","","",,"","","","","","","",,"","","","","","","",,"","","","","","","",,"","","","","","","",,"","","","","",791794,1,"2024-05-06_18h07.33.488","experiment","2023.2.3","Win32",60.24096386,"5f8e16511b3c641de0918ccd","6638ede3ddbc5fcdff14e9cd","66390decbe3c2678338c6dd1","",,,"",,,"",,,"",,,"",,,"",,,,,"",,,"","",,,,"",,,"","","",,,"","",,,,,"","","",,,,,,,4,,,"",,,,,,,,,,,"","",,,,,,,"","",,,"s",0.6461,,"space",0.3069,,4,"purple_gnome",4,2,"dark_forest","yellow_basket","blue_gnome",4,3,"bright_forest","red_basket",2,0,0,1,"purple_gnome","dark_forest","yellow_basket",151,-1,-1,6,1,25,3,1,"",,,"",,,"",,,"",,,"",,,,,,,"","",,,"",,,"",,,"",,,,,,,"",,,"","",,,,,,,,"",,,,,,,"",,,"","","",,,,,,,,"",,,,,,,
"","","",,"","","","","","","",,"","","","","","","",,"","","","","","","",,"","","","","","","",,"","","","","","","",,"","","","","","","",,"","","","","","","",,"","","","","",791794,1,"2024-05-06_18h07.33.488","experiment","2023.2.3","Win32",60.24096386,"5f8e16511b3c641de0918ccd","6638ede3ddbc5fcdff14e9cd","66390decbe3c2678338c6dd1","",,,"",,,"",,,"",,,"",,,"",,,,,"",,,"","",,,,"",,,"","","",,,"","",,,,,"","","",,,,,,,3,,,"",,,,,,,,,,,"","",,,,,,,"","",,,"k",0.6901,,"space",0.3772,,3,"yellow_gnome",3,1,"dark_forest","yellow_basket","red_gnome",3,2,"bright_forest","red_basket",2,0,0,1,"red_gnome","bright_forest","red_basket",153,-3,-2,6,2,26,2,1,"",,,"",,,"",,,"",,,"",,,,,,,"","",,,"",,,"",,,"",,,,,,,"",,,"","",,,,,,,,"",,,,,,,"",,,"","","",,,,,,,,"",,,,,,,
"","","",,"","","","","","","",,"","","","","","","",,"","","","","","","",,"","","","","","","",,"","","","","","","",,"","","","","","","",,"","","","","","","",,"","","","","",791794,1,"2024-05-06_18h07.33.488","experiment","2023.2.3","Win32",60.24096386,"5f8e16511b3c641de0918ccd","6638ede3ddbc5fcdff14e9cd","66390decbe3c2678338c6dd1","",,,"",,,"",,,"",,,"",,,"",,,,,"",,,"","",,,,"",,,"","","",,,"","",,,,,"","","",,,,,,,3,,,"",,,,,,,,,,,"","",,,,,,,"","",,,"k",0.6736,,"space",0.4074,,3,"red_gnome",3,1,"bright_forest","red_basket","yellow_gnome",3,1,"dark_forest","yellow_basket",1,0,0,1,"yellow_gnome","dark_forest","yellow_basket",154,0,0,6,3,27,2,1,"",,,"",,,"",,,"",,,"",,,,,,,"","",,,"",,,"",,,"",,,,,,,"",,,"","",,,,,,,,"",,,,,,,"",,,"","","",,,,,,,,"",,,,,,,
"","","",,"","","","","","","",,"","","","","","","",,"","","","","","","",,"","","","","","","",,"","","","","","","",,"","","","","","","",,"","","","","","","",,"","","","","",791794,1,"2024-05-06_18h07.33.488","experiment","2023.2.3","Win32",60.24096386,"5f8e16511b3c641de0918ccd","6638ede3ddbc5fcdff14e9cd","66390decbe3c2678338c6dd1","",,,"",,,"",,,"",,,"",,,"",,,,,"",,,"","",,,,"",,,"","","",,,"","",,,,,"","","",,,,,,,1,,,"",,,,,,,,,,,"","",,,,,,,"","",,,"s",0.7827,,"space",0.4862,,1,"orange_gnome",1,1,"bright_forest","red_basket","brown_gnome",1,1,"dark_forest","yellow_basket",1,0,0,1,"orange_gnome","bright_forest","red_basket",155,0,-3,7,0,28,0,1,"",,,"",,,"",,,"",,,"",,,,,,,"","",,,"",,,"",,,"",,,,,,,"",,,"","",,,,,,,,"",,,,,,,"",,,"","","",,,,,,,,"",,,,,,,
"","","",,"","","","","","","",,"","","","","","","",,"","","","","","","",,"","","","","","","",,"","","","","","","",,"","","","","","","",,"","","","","","","",,"","","","","",791794,1,"2024-05-06_18h07.33.488","experiment","2023.2.3","Win32",60.24096386,"5f8e16511b3c641de0918ccd","6638ede3ddbc5fcdff14e9cd","66390decbe3c2678338c6dd1","",,,"",,,"",,,"",,,"",,,"",,,,,"",,,"","",,,,"",,,"","","",,,"","",,,,,"","","",,,,,,,2,,,"",,,,,,,,,,,"","",,,,,,,"","",,,"k",0.7361,,"space",0.4435,,2,"green_gnome",2,1,"bright_forest","red_basket","pink_gnome",2,2,"dark_forest","yellow_basket",2,0,0,1,"pink_gnome","dark_forest","yellow_basket",157,4,0,7,1,29,1,1,"",,,"",,,"",,,"",,,"",,,,,,,"","",,,"",,,"",,,"",,,,,,,"",,,"","",,,,,,,,"",,,,,,,"",,,"","","",,,,,,,,"",,,,,,,
"","","",,"","","","","","","",,"","","","","","","",,"","","","","","","",,"","","","","","","",,"","","","","","","",,"","","","","","","",,"","","","","","","",,"","","","","",791794,1,"2024-05-06_18h07.33.488","experiment","2023.2.3","Win32",60.24096386,"5f8e16511b3c641de0918ccd","6638ede3ddbc5fcdff14e9cd","66390decbe3c2678338c6dd1","",,,"",,,"",,,"",,,"",,,"",,,,,"",,,"","",,,,"",,,"","","",,,"","",,,,,"","","",,,,,,,2,,,"",,,,,,,,,,,"","",,,,,,,"","",,,"k",0.6983,,"space",0.457,,2,"green_gnome",2,5,"bright_forest","red_basket","pink_gnome",2,2,"dark_forest","yellow_basket",2,0,0,1,"pink_gnome","dark_forest","yellow_basket",159,4,2,7,2,30,1,1,"",,,"",,,"",,,"",,,"",,,,,,,"","",,,"",,,"",,,"",,,,,,,"",,,"","",,,,,,,,"",,,,,,,"",,,"","","",,,,,,,,"",,,,,,,
"","","",,"","","","","","","",,"","","","","","","",,"","","","","","","",,"","","","","","","",,"","","","","","","",,"","","","","","","",,"","","","","","","",,"","","","","",791794,1,"2024-05-06_18h07.33.488","experiment","2023.2.3","Win32",60.24096386,"5f8e16511b3c641de0918ccd","6638ede3ddbc5fcdff14e9cd","66390decbe3c2678338c6dd1","",,,"",,,"",,,"",,,"",,,"",,,,,"",,,"","",,,,"",,,"","","",,,"","",,,,,"","","",,,,,,,1,,,"",,,,,,,,,,,"","",,,,,,,"","",,,"s",0.6532,,"space",0.4072,,1,"brown_gnome",1,4,"dark_forest","yellow_basket","orange_gnome",1,9,"bright_forest","red_basket",4,0,0,1,"brown_gnome","dark_forest","yellow_basket",163,3,-1,7,3,31,0,1,"",,,"",,,"",,,"",,,"",,,,,,,"","",,,"",,,"",,,"",,,,,,,"",,,"","",,,,,,,,"",,,,,,,"",,,"","","",,,,,,,,"",,,,,,,
"","","",,"","","","","","","",,"","","","","","","",,"","","","","","","",,"","","","","","","",,"","","","","","","",,"","","","","","","",,"","","","","","","",,"","","","","",791794,1,"2024-05-06_18h07.33.488","experiment","2023.2.3","Win32",60.24096386,"5f8e16511b3c641de0918ccd","6638ede3ddbc5fcdff14e9cd","66390decbe3c2678338c6dd1","",,,"",,,"",,,"",,,"",,,"",,,,,"",,,"","",,,,"",,,"","","",,,"","",,,,,"","","",,,,,,,3,,,"",,,,,,,,,,,"","",,,,,,,"","",,,"s",0.9421,,"space",0.3893,,3,"red_gnome",3,6,"bright_forest","red_basket","yellow_gnome",3,3,"dark_forest","yellow_basket",6,0,0,1,"red_gnome","bright_forest","red_basket",169,-2,3,8,0,32,2,1,"",,,"",,,"",,,"",,,"",,,,,,,"","",,,"",,,"",,,"",,,,,,,"",,,"","",,,,,,,,"",,,,,,,"",,,"","","",,,,,,,,"",,,,,,,
"","","",,"","","","","","","",,"","","","","","","",,"","","","","","","",,"","","","","","","",,"","","","","","","",,"","","","","","","",,"","","","","","","",,"","","","","",791794,1,"2024-05-06_18h07.33.488","experiment","2023.2.3","Win32",60.24096386,"5f8e16511b3c641de0918ccd","6638ede3ddbc5fcdff14e9cd","66390decbe3c2678338c6dd1","",,,"",,,"",,,"",,,"",,,"",,,,,"",,,"","",,,,"",,,"","","",,,"","",,,,,"","","",,,,,,,1,,,"",,,,,,,,,,,"","",,,,,,,"","",,,"k",0.75,,"space",0.5154,,1,"brown_gnome",1,6,"dark_forest","yellow_basket","orange_gnome",1,4,"bright_forest","red_basket",4,0,0,1,"orange_gnome","bright_forest","red_basket",173,-3,-1,8,1,33,0,1,"",,,"",,,"",,,"",,,"",,,,,,,"","",,,"",,,"",,,"",,,,,,,"",,,"","",,,,,,,,"",,,,,,,"",,,"","","",,,,,,,,"",,,,,,,
"","","",,"","","","","","","",,"","","","","","","",,"","","","","","","",,"","","","","","","",,"","","","","","","",,"","","","","","","",,"","","","","","","",,"","","","","",791794,1,"2024-05-06_18h07.33.488","experiment","2023.2.3","Win32",60.24096386,"5f8e16511b3c641de0918ccd","6638ede3ddbc5fcdff14e9cd","66390decbe3c2678338c6dd1","",,,"",,,"",,,"",,,"",,,"",,,,,"",,,"","",,,,"",,,"","","",,,"","",,,,,"","","",,,,,,,3,,,"",,,,,,,,,,,"","",,,,,,,"","",,,"k",0.7622,,"space",0.4195,,3,"yellow_gnome",3,5,"dark_forest","yellow_basket","red_gnome",3,1,"bright_forest","red_basket",1,0,0,1,"red_gnome","bright_forest","red_basket",174,0,2,8,2,34,2,1,"",,,"",,,"",,,"",,,"",,,,,,,"","",,,"",,,"",,,"",,,,,,,"",,,"","",,,,,,,,"",,,,,,,"",,,"","","",,,,,,,,"",,,,,,,
"","","",,"","","","","","","",,"","","","","","","",,"","","","","","","",,"","","","","","","",,"","","","","","","",,"","","","","","","",,"","","","","","","",,"","","","","",791794,1,"2024-05-06_18h07.33.488","experiment","2023.2.3","Win32",60.24096386,"5f8e16511b3c641de0918ccd","6638ede3ddbc5fcdff14e9cd","66390decbe3c2678338c6dd1","",,,"",,,"",,,"",,,"",,,"",,,,,"",,,"","",,,,"",,,"","","",,,"","",,,,,"","","",,,,,,,3,,,"",,,,,,,,,,,"","",,,,,,,"","",,,"k",0.7058,,"space",0.3914,,3,"red_gnome",3,1,"bright_forest","red_basket","yellow_gnome",3,7,"dark_forest","yellow_basket",7,0,0,1,"yellow_gnome","dark_forest","yellow_basket",181,3,3,8,3,35,2,1,"",,,"",,,"",,,"",,,"",,,,,,,"","",,,"",,,"",,,"",,,,,,,"",,,"","",,,,,,,,"",,,,,,,"",,,"","","",,,,,,,,"",,,,,,,
"","","",,"","","","","","","",,"","","","","","","",,"","","","","","","",,"","","","","","","",,"","","","","","","",,"","","","","","","",,"","","","","","","",,"","","","","",791794,1,"2024-05-06_18h07.33.488","experiment","2023.2.3","Win32",60.24096386,"5f8e16511b3c641de0918ccd","6638ede3ddbc5fcdff14e9cd","66390decbe3c2678338c6dd1","",,,"",,,"",,,"",,,"",,,"",,,,,"",,,"","",,,,"",,,"","","",,,"","",,,,,"","","",,,,,,,1,,,"",,,,,,,,,,,"","",,,,,,,"","",,,"k",0.7041,,"space",0.3574,,1,"orange_gnome",1,4,"bright_forest","red_basket","brown_gnome",1,8,"dark_forest","yellow_basket",8,0,0,1,"brown_gnome","dark_forest","yellow_basket",189,0,1,9,0,36,0,1,"",,,"",,,"",,,"",,,"",,,,,,,"","",,,"",,,"",,,"",,,,,,,"",,,"","",,,,,,,,"",,,,,,,"",,,"","","",,,,,,,,"",,,,,,,
"","","",,"","","","","","","",,"","","","","","","",,"","","","","","","",,"","","","","","","",,"","","","","","","",,"","","","","","","",,"","","","","","","",,"","","","","",791794,1,"2024-05-06_18h07.33.488","experiment","2023.2.3","Win32",60.24096386,"5f8e16511b3c641de0918ccd","6638ede3ddbc5fcdff14e9cd","66390decbe3c2678338c6dd1","",,,"",,,"",,,"",,,"",,,"",,,,,"",,,"","",,,,"",,,"","","",,,"","",,,,,"","","",,,,,,,3,,,"",,,,,,,,,,,"","",,,,,,,"","",,,"k",0.7033,,"space",0.3956,,3,"yellow_gnome",3,9,"dark_forest","yellow_basket","red_gnome",3,4,"bright_forest","red_basket",4,0,0,1,"red_gnome","bright_forest","red_basket",193,0,1,9,1,37,2,1,"",,,"",,,"",,,"",,,"",,,,,,,"","",,,"",,,"",,,"",,,,,,,"",,,"","",,,,,,,,"",,,,,,,"",,,"","","",,,,,,,,"",,,,,,,
"","","",,"","","","","","","",,"","","","","","","",,"","","","","","","",,"","","","","","","",,"","","","","","","",,"","","","","","","",,"","","","","","","",,"","","","","",791794,1,"2024-05-06_18h07.33.488","experiment","2023.2.3","Win32",60.24096386,"5f8e16511b3c641de0918ccd","6638ede3ddbc5fcdff14e9cd","66390decbe3c2678338c6dd1","",,,"",,,"",,,"",,,"",,,"",,,,,"",,,"","",,,,"",,,"","","",,,"","",,,,,"","","",,,,,,,2,,,"",,,,,,,,,,,"","",,,,,,,"","",,,"s",0.6744,,"space",0.4195,,2,"pink_gnome",2,8,"dark_forest","yellow_basket","green_gnome",2,4,"bright_forest","red_basket",8,0,0,1,"pink_gnome","dark_forest","yellow_basket",201,-4,3,9,2,38,1,1,"",,,"",,,"",,,"",,,"",,,,,,,"","",,,"",,,"",,,"",,,,,,,"",,,"","",,,,,,,,"",,,,,,,"",,,"","","",,,,,,,,"",,,,,,,
"","","",,"","","","","","","",,"","","","","","","",,"","","","","","","",,"","","","","","","",,"","","","","","","",,"","","","","","","",,"","","","","","","",,"","","","","",791794,1,"2024-05-06_18h07.33.488","experiment","2023.2.3","Win32",60.24096386,"5f8e16511b3c641de0918ccd","6638ede3ddbc5fcdff14e9cd","66390decbe3c2678338c6dd1","",,,"",,,"",,,"",,,"",,,"",,,,,"",,,"","",,,,"",,,"","","",,,"","",,,,,"","","",,,,,,,1,,,"",,,,,,,,,,,"","",,,,,,,"","",,,"s",0.6271,,"space",0.3862,,1,"brown_gnome",1,7,"dark_forest","yellow_basket","orange_gnome",1,0,"bright_forest","red_basket",7,0,0,1,"brown_gnome","dark_forest","yellow_basket",208,0,1,9,3,39,0,1,"",,,"",,,"",,,"",,,"",,,,,,,"","",,,"",,,"",,,"",,,,,,,"",,,"","",,,,,,,,"",,,,,,,"",,,"","","",,,,,,,,"",,,,,,,
"","","",,"","","","","","","",,"","","","","","","",,"","","","","","","",,"","","","","","","",,"","","","","","","",,"","","","","","","",,"","","","","","","",,"","","","","",791794,1,"2024-05-06_18h07.33.488","experiment","2023.2.3","Win32",60.24096386,"5f8e16511b3c641de0918ccd","6638ede3ddbc5fcdff14e9cd","66390decbe3c2678338c6dd1","",,,"",,,"",,,"",,,"",,,"",,,,,"",,,"","",,,,"",,,"","","",,,"","",,,,,"","","",,,,,,,3,,,"",,,,,,,,,,,"","",,,,,,,"","",,,"k",0.6786,,"space",0.3098,,3,"red_gnome",3,0,"bright_forest","red_basket","yellow_gnome",3,8,"dark_forest","yellow_basket",8,0,0,1,"yellow_gnome","dark_forest","yellow_basket",216,-2,0,10,0,40,2,1,"",,,"",,,"",,,"",,,"",,,,,,,"","",,,"",,,"",,,"",,,,,,,"",,,"","",,,,,,,,"",,,,,,,"",,,"","","",,,,,,,,"",,,,,,,
"","","",,"","","","","","","",,"","","","","","","",,"","","","","","","",,"","","","","","","",,"","","","","","","",,"","","","","","","",,"","","","","","","",,"","","","","",791794,1,"2024-05-06_18h07.33.488","experiment","2023.2.3","Win32",60.24096386,"5f8e16511b3c641de0918ccd","6638ede3ddbc5fcdff14e9cd","66390decbe3c2678338c6dd1","",,,"",,,"",,,"",,,"",,,"",,,,,"",,,"","",,,,"",,,"","","",,,"","",,,,,"","","",,,,,,,2,,,"",,,,,,,,,,,"","",,,,,,,"","",,,"k",0.726,,"space",0.3636,,2,"green_gnome",2,2,"bright_forest","red_basket","pink_gnome",2,8,"dark_forest","yellow_basket",8,0,0,1,"pink_gnome","dark_forest","yellow_basket",224,0,3,10,1,41,1,1,"",,,"",,,"",,,"",,,"",,,,,,,"","",,,"",,,"",,,"",,,,,,,"",,,"","",,,,,,,,"",,,,,,,"",,,"","","",,,,,,,,"",,,,,,,
"","","",,"","","","","","","",,"","","","","","","",,"","","","","","","",,"","","","","","","",,"","","","","","","",,"","","","","","","",,"","","","","","","",,"","","","","",791794,1,"2024-05-06_18h07.33.488","experiment","2023.2.3","Win32",60.24096386,"5f8e16511b3c641de0918ccd","6638ede3ddbc5fcdff14e9cd","66390decbe3c2678338c6dd1","",,,"",,,"",,,"",,,"",,,"",,,,,"",,,"","",,,,"",,,"","","",,,"","",,,,,"","","",,,,,,,1,,,"",,,,,,,,,,,"","",,,,,,,"","",,,"k",0.6715,,"space",0.3778,,1,"orange_gnome",1,2,"bright_forest","red_basket","brown_gnome",1,7,"dark_forest","yellow_basket",7,0,0,1,"brown_gnome","dark_forest","yellow_basket",231,1,1,10,2,42,0,1,"",,,"",,,"",,,"",,,"",,,,,,,"","",,,"",,,"",,,"",,,,,,,"",,,"","",,,,,,,,"",,,,,,,"",,,"","","",,,,,,,,"",,,,,,,
"","","",,"","","","","","","",,"","","","","","","",,"","","","","","","",,"","","","","","","",,"","","","","","","",,"","","","","","","",,"","","","","","","",,"","","","","",791794,1,"2024-05-06_18h07.33.488","experiment","2023.2.3","Win32",60.24096386,"5f8e16511b3c641de0918ccd","6638ede3ddbc5fcdff14e9cd","66390decbe3c2678338c6dd1","",,,"",,,"",,,"",,,"",,,"",,,,,"",,,"","",,,,"",,,"","","",,,"","",,,,,"","","",,,,,,,3,,,"",,,,,,,,,,,"","",,,,,,,"","",,,"s",0.7939,,"space",0.2876,,3,"yellow_gnome",3,8,"dark_forest","yellow_basket","red_gnome",3,3,"bright_forest","red_basket",8,0,0,1,"yellow_gnome","dark_forest","yellow_basket",239,-4,0,10,3,43,2,1,"",,,"",,,"",,,"",,,"",,,,,,,"","",,,"",,,"",,,"",,,,,,,"",,,"","",,,,,,,,"",,,,,,,"",,,"","","",,,,,,,,"",,,,,,,
"","","",,"","","","","","","",,"","","","","","","",,"","","","","","","",,"","","","","","","",,"","","","","","","",,"","","","","","","",,"","","","","","","",,"","","","","",791794,1,"2024-05-06_18h07.33.488","experiment","2023.2.3","Win32",60.24096386,"5f8e16511b3c641de0918ccd","6638ede3ddbc5fcdff14e9cd","66390decbe3c2678338c6dd1","",,,"",,,"",,,"",,,"",,,"",,,,,"",,,"","",,,,"",,,"","","",,,"","",,,,,"","","",,,,,,,4,,,"",,,,,,,,,,,"","",,,,,,,"","",,,"s",0.7364,,"space",0.3976,,4,"purple_gnome",4,8,"dark_forest","yellow_basket","blue_gnome",4,1,"bright_forest","red_basket",8,0,0,1,"purple_gnome","dark_forest","yellow_basket",247,-1,1,11,0,44,3,1,"",,,"",,,"",,,"",,,"",,,,,,,"","",,,"",,,"",,,"",,,,,,,"",,,"","",,,,,,,,"",,,,,,,"",,,"","","",,,,,,,,"",,,,,,,
"","","",,"","","","","","","",,"","","","","","","",,"","","","","","","",,"","","","","","","",,"","","","","","","",,"","","","","","","",,"","","","","","","",,"","","","","",791794,1,"2024-05-06_18h07.33.488","experiment","2023.2.3","Win32",60.24096386,"5f8e16511b3c641de0918ccd","6638ede3ddbc5fcdff14e9cd","66390decbe3c2678338c6dd1","",,,"",,,"",,,"",,,"",,,"",,,,,"",,,"","",,,,"",,,"","","",,,"","",,,,,"","","",,,,,,,2,,,"",,,,,,,,,,,"","",,,,,,,"","",,,"s",0.582,,"space",0.3238,,2,"pink_gnome",2,9,"dark_forest","yellow_basket","green_gnome",2,0,"bright_forest","red_basket",9,0,0,1,"pink_gnome","dark_forest","yellow_basket",256,2,-4,11,1,45,1,1,"",,,"",,,"",,,"",,,"",,,,,,,"","",,,"",,,"",,,"",,,,,,,"",,,"","",,,,,,,,"",,,,,,,"",,,"","","",,,,,,,,"",,,,,,,
"","","",,"","","","","","","",,"","","","","","","",,"","","","","","","",,"","","","","","","",,"","","","","","","",,"","","","","","","",,"","","","","","","",,"","","","","",791794,1,"2024-05-06_18h07.33.488","experiment","2023.2.3","Win32",60.24096386,"5f8e16511b3c641de0918ccd","6638ede3ddbc5fcdff14e9cd","66390decbe3c2678338c6dd1","",,,"",,,"",,,"",,,"",,,"",,,,,"",,,"","",,,,"",,,"","","",,,"","",,,,,"","","",,,,,,,2,,,"",,,,,,,,,,,"","",,,,,,,"","",,,"k",0.6585,,"space",0.4096,,2,"green_gnome",2,2,"bright_forest","red_basket","pink_gnome",2,5,"dark_forest","yellow_basket",5,0,0,1,"pink_gnome","dark_forest","yellow_basket",261,-1,1,11,2,46,1,1,"",,,"",,,"",,,"",,,"",,,,,,,"","",,,"",,,"",,,"",,,,,,,"",,,"","",,,,,,,,"",,,,,,,"",,,"","","",,,,,,,,"",,,,,,,
"","","",,"","","","","","","",,"","","","","","","",,"","","","","","","",,"","","","","","","",,"","","","","","","",,"","","","","","","",,"","","","","","","",,"","","","","",791794,1,"2024-05-06_18h07.33.488","experiment","2023.2.3","Win32",60.24096386,"5f8e16511b3c641de0918ccd","6638ede3ddbc5fcdff14e9cd","66390decbe3c2678338c6dd1","",,,"",,,"",,,"",,,"",,,"",,,,,"",,,"","",,,,"",,,"","","",,,"","",,,,,"","","",,,,,,,1,,,"",,,,,,,,,,,"","",,,,,,,"","",,,"k",0.8742,,"space",0.2958,,1,"orange_gnome",1,1,"bright_forest","red_basket","brown_gnome",1,6,"dark_forest","yellow_basket",6,0,0,1,"brown_gnome","dark_forest","yellow_basket",267,3,2,11,3,47,0,1,"",,,"",,,"",,,"",,,"",,,,,,,"","",,,"",,,"",,,"",,,,,,,"",,,"","",,,,,,,,"",,,,,,,"",,,"","","",,,,,,,,"",,,,,,,
"","","",,"","","","","","","",,"","","","","","","",,"","","","","","","",,"","","","","","","",,"","","","","","","",,"","","","","","","",,"","","","","","","",,"","","","","",791794,1,"2024-05-06_18h07.33.488","experiment","2023.2.3","Win32",60.24096386,"5f8e16511b3c641de0918ccd","6638ede3ddbc5fcdff14e9cd","66390decbe3c2678338c6dd1","",,,"",,,"",,,"",,,"",,,"",,,,,"",,,"","",,,,"",,,"","","",,,"","",,,,,"","","",,,,,,,3,,,"",,,,,,,,,,,"","",,,,,,,"","",,,"k",0.7828,,"space",0.3579,,3,"red_gnome",3,4,"bright_forest","red_basket","yellow_gnome",3,8,"dark_forest","yellow_basket",8,0,0,1,"yellow_gnome","dark_forest","yellow_basket",275,-1,0,12,0,48,2,1,"",,,"",,,"",,,"",,,"",,,,,,,"","",,,"",,,"",,,"",,,,,,,"",,,"","",,,,,,,,"",,,,,,,"",,,"","","",,,,,,,,"",,,,,,,
"","","",,"","","","","","","",,"","","","","","","",,"","","","","","","",,"","","","","","","",,"","","","","","","",,"","","","","","","",,"","","","","","","",,"","","","","",791794,1,"2024-05-06_18h07.33.488","experiment","2023.2.3","Win32",60.24096386,"5f8e16511b3c641de0918ccd","6638ede3ddbc5fcdff14e9cd","66390decbe3c2678338c6dd1","",,,"",,,"",,,"",,,"",,,"",,,,,"",,,"","",,,,"",,,"","","",,,"","",,,,,"","","",,,,,,,3,,,"",,,,,,,,,,,"","",,,,,,,"","",,,"k",0.7045,,"space",0.3637,,3,"red_gnome",3,3,"bright_forest","red_basket","yellow_gnome",3,8,"dark_forest","yellow_basket",8,0,0,1,"yellow_gnome","dark_forest","yellow_basket",283,2,-5,12,1,49,2,1,"",,,"",,,"",,,"",,,"",,,,,,,"","",,,"",,,"",,,"",,,,,,,"",,,"","",,,,,,,,"",,,,,,,"",,,"","","",,,,,,,,"",,,,,,,
"","","",,"","","","","","","",,"","","","","","","",,"","","","","","","",,"","","","","","","",,"","","","","","","",,"","","","","","","",,"","","","","","","",,"","","","","",791794,1,"2024-05-06_18h07.33.488","experiment","2023.2.3","Win32",60.24096386,"5f8e16511b3c641de0918ccd","6638ede3ddbc5fcdff14e9cd","66390decbe3c2678338c6dd1","",,,"",,,"",,,"",,,"",,,"",,,,,"",,,"","",,,,"",,,"","","",,,"","",,,,,"","","",,,,,,,3,,,"",,,,,,,,,,,"","",,,,,,,"","",,,"k",0.6587,,"space",0.4098,,3,"red_gnome",3,5,"bright_forest","red_basket","yellow_gnome",3,3,"dark_forest","yellow_basket",3,0,0,1,"yellow_gnome","dark_forest","yellow_basket",286,-2,-4,12,2,50,2,1,"",,,"",,,"",,,"",,,"",,,,,,,"","",,,"",,,"",,,"",,,,,,,"",,,"","",,,,,,,,"",,,,,,,"",,,"","","",,,,,,,,"",,,,,,,
"","","",,"","","","","","","",,"","","","","","","",,"","","","","","","",,"","","","","","","",,"","","","","","","",,"","","","","","","",,"","","","","","","",,"","","","","",791794,1,"2024-05-06_18h07.33.488","experiment","2023.2.3","Win32",60.24096386,"5f8e16511b3c641de0918ccd","6638ede3ddbc5fcdff14e9cd","66390decbe3c2678338c6dd1","",,,"",,,"",,,"",,,"",,,"",,,,,"",,,"","",,,,"",,,"","","",,,"","",,,,,"","","",,,,,,,3,,,"",,,,,,,,,,,"","",,,,,,,"","",,,"s",1.0368,,"space",0.2961,,3,"yellow_gnome",3,1,"dark_forest","yellow_basket","red_gnome",3,3,"bright_forest","red_basket",1,0,0,1,"yellow_gnome","dark_forest","yellow_basket",287,-1,-1,12,3,51,2,1,"",,,"",,,"",,,"",,,"",,,,,,,"","",,,"",,,"",,,"",,,,,,,"",,,"","",,,,,,,,"",,,,,,,"",,,"","","",,,,,,,,"",,,,,,,
"","","",,"","","","","","","",,"","","","","","","",,"","","","","","","",,"","","","","","","",,"","","","","","","",,"","","","","","","",,"","","","","","","",,"","","","","",791794,1,"2024-05-06_18h07.33.488","experiment","2023.2.3","Win32",60.24096386,"5f8e16511b3c641de0918ccd","6638ede3ddbc5fcdff14e9cd","66390decbe3c2678338c6dd1","",,,"",,,"",,,"",,,"",,,"",,,,,"",,,"","",,,,"",,,"","","",,,"","",,,,,"","","",,,,,,,2,,,"",,,,,,,,,,,"","",,,,,,,"","",,,"k",0.9198,,"space",0.3199,,2,"green_gnome",2,2,"bright_forest","red_basket","pink_gnome",2,0,"dark_forest","yellow_basket",0,0,0,1,"pink_gnome","dark_forest","yellow_basket",287,1,-2,13,0,52,1,1,"",,,"",,,"",,,"",,,"",,,,,,,"","",,,"",,,"",,,"",,,,,,,"",,,"","",,,,,,,,"",,,,,,,"",,,"","","",,,,,,,,"",,,,,,,
"","","",,"","","","","","","",,"","","","","","","",,"","","","","","","",,"","","","","","","",,"","","","","","","",,"","","","","","","",,"","","","","","","",,"","","","","",791794,1,"2024-05-06_18h07.33.488","experiment","2023.2.3","Win32",60.24096386,"5f8e16511b3c641de0918ccd","6638ede3ddbc5fcdff14e9cd","66390decbe3c2678338c6dd1","",,,"",,,"",,,"",,,"",,,"",,,,,"",,,"","",,,,"",,,"","","",,,"","",,,,,"","","",,,,,,,4,,,"",,,,,,,,,,,"","",,,,,,,"","",,,"s",0.9059,,"space",0.4692,,4,"blue_gnome",4,3,"bright_forest","red_basket","purple_gnome",4,2,"dark_forest","yellow_basket",3,0,0,1,"blue_gnome","bright_forest","red_basket",290,2,2,13,1,53,3,1,"",,,"",,,"",,,"",,,"",,,,,,,"","",,,"",,,"",,,"",,,,,,,"",,,"","",,,,,,,,"",,,,,,,"",,,"","","",,,,,,,,"",,,,,,,
"","","",,"","","","","","","",,"","","","","","","",,"","","","","","","",,"","","","","","","",,"","","","","","","",,"","","","","","","",,"","","","","","","",,"","","","","",791794,1,"2024-05-06_18h07.33.488","experiment","2023.2.3","Win32",60.24096386,"5f8e16511b3c641de0918ccd","6638ede3ddbc5fcdff14e9cd","66390decbe3c2678338c6dd1","",,,"",,,"",,,"",,,"",,,"",,,,,"",,,"","",,,,"",,,"","","",,,"","",,,,,"","","",,,,,,,3,,,"",,,,,,,,,,,"","",,,,,,,"","",,,"k",0.8193,,"space",0.3778,,3,"yellow_gnome",3,4,"dark_forest","yellow_basket","red_gnome",3,5,"bright_forest","red_basket",5,0,0,1,"red_gnome","bright_forest","red_basket",295,1,-2,13,2,54,2,1,"",,,"",,,"",,,"",,,"",,,,,,,"","",,,"",,,"",,,"",,,,,,,"",,,"","",,,,,,,,"",,,,,,,"",,,"","","",,,,,,,,"",,,,,,,
"","","",,"","","","","","","",,"","","","","","","",,"","","","","","","",,"","","","","","","",,"","","","","","","",,"","","","","","","",,"","","","","","","",,"","","","","",791794,1,"2024-05-06_18h07.33.488","experiment","2023.2.3","Win32",60.24096386,"5f8e16511b3c641de0918ccd","6638ede3ddbc5fcdff14e9cd","66390decbe3c2678338c6dd1","",,,"",,,"",,,"",,,"",,,"",,,,,"",,,"","",,,,"",,,"","","",,,"","",,,,,"","","",,,,,,,4,,,"",,,,,,,,,,,"","",,,,,,,"","",,,"k",0.8423,,"space",0.4795,,4,"purple_gnome",4,2,"dark_forest","yellow_basket","blue_gnome",4,6,"bright_forest","red_basket",6,0,0,1,"blue_gnome","bright_forest","red_basket",301,1,3,13,3,55,3,1,"",,,"",,,"",,,"",,,"",,,,,,,"","",,,"",,,"",,,"",,,,,,,"",,,"","",,,,,,,,"",,,,,,,"",,,"","","",,,,,,,,"",,,,,,,
"","","",,"","","","","","","",,"","","","","","","",,"","","","","","","",,"","","","","","","",,"","","","","","","",,"","","","","","","",,"","","","","","","",,"","","","","",791794,1,"2024-05-06_18h07.33.488","experiment","2023.2.3","Win32",60.24096386,"5f8e16511b3c641de0918ccd","6638ede3ddbc5fcdff14e9cd","66390decbe3c2678338c6dd1","",,,"",,,"",,,"",,,"",,,"",,,,,"",,,"","",,,,"",,,"","","",,,"","",,,,,"","","",,,,,,,3,,,"",,,,,,,,,,,"","",,,,,,,"","",,,"k",0.7107,,"space",0.3739,,3,"yellow_gnome",3,5,"dark_forest","yellow_basket","red_gnome",3,7,"bright_forest","red_basket",7,0,0,1,"red_gnome","bright_forest","red_basket",308,-4,-1,14,0,56,2,1,"",,,"",,,"",,,"",,,"",,,,,,,"","",,,"",,,"",,,"",,,,,,,"",,,"","",,,,,,,,"",,,,,,,"",,,"","","",,,,,,,,"",,,,,,,
"","","",,"","","","","","","",,"","","","","","","",,"","","","","","","",,"","","","","","","",,"","","","","","","",,"","","","","","","",,"","","","","","","",,"","","","","",791794,1,"2024-05-06_18h07.33.488","experiment","2023.2.3","Win32",60.24096386,"5f8e16511b3c641de0918ccd","6638ede3ddbc5fcdff14e9cd","66390decbe3c2678338c6dd1","",,,"",,,"",,,"",,,"",,,"",,,,,"",,,"","",,,,"",,,"","","",,,"","",,,,,"","","",,,,,,,3,,,"",,,,,,,,,,,"","",,,,,,,"","",,,"k",0.7427,,"space",0.3801,,3,"yellow_gnome",3,4,"dark_forest","yellow_basket","red_gnome",3,3,"bright_forest","red_basket",3,0,0,1,"red_gnome","bright_forest","red_basket",311,1,-1,14,1,57,2,1,"",,,"",,,"",,,"",,,"",,,,,,,"","",,,"",,,"",,,"",,,,,,,"",,,"","",,,,,,,,"",,,,,,,"",,,"","","",,,,,,,,"",,,,,,,
"","","",,"","","","","","","",,"","","","","","","",,"","","","","","","",,"","","","","","","",,"","","","","","","",,"","","","","","","",,"","","","","","","",,"","","","","",791794,1,"2024-05-06_18h07.33.488","experiment","2023.2.3","Win32",60.24096386,"5f8e16511b3c641de0918ccd","6638ede3ddbc5fcdff14e9cd","66390decbe3c2678338c6dd1","",,,"",,,"",,,"",,,"",,,"",,,,,"",,,"","",,,,"",,,"","","",,,"","",,,,,"","","",,,,,,,3,,,"",,,,,,,,,,,"","",,,,,,,"","",,,"s",0.5389,,"space",0.4175,,3,"red_gnome",3,4,"bright_forest","red_basket","yellow_gnome",3,3,"dark_forest","yellow_basket",4,0,0,1,"red_gnome","bright_forest","red_basket",315,1,2,14,2,58,2,1,"",,,"",,,"",,,"",,,"",,,,,,,"","",,,"",,,"",,,"",,,,,,,"",,,"","",,,,,,,,"",,,,,,,"",,,"","","",,,,,,,,"",,,,,,,
"","","",,"","","","","","","",,"","","","","","","",,"","","","","","","",,"","","","","","","",,"","","","","","","",,"","","","","","","",,"","","","","","","",,"","","","","",791794,1,"2024-05-06_18h07.33.488","experiment","2023.2.3","Win32",60.24096386,"5f8e16511b3c641de0918ccd","6638ede3ddbc5fcdff14e9cd","66390decbe3c2678338c6dd1","",,,"",,,"",,,"",,,"",,,"",,,,,"",,,"","",,,,"",,,"","","",,,"","",,,,,"","","",,,,,,,1,,,"",,,,,,,,,,,"","",,,,,,,"","",,,"s",0.8213,,"space",0.4397,,1,"orange_gnome",1,5,"bright_forest","red_basket","brown_gnome",1,5,"dark_forest","yellow_basket",5,0,0,1,"orange_gnome","bright_forest","red_basket",320,-2,-2,14,3,59,0,1,"",,,"",,,"",,,"",,,"",,,,,,,"","",,,"",,,"",,,"",,,,,,,"",,,"","",,,,,,,,"",,,,,,,"",,,"","","",,,,,,,,"",,,,,,,
"","","",,"","","","","","","",,"","","","","","","",,"","","","","","","",,"","","","","","","",,"","","","","","","",,"","","","","","","",,"","","","","","","",,"","","","","",791794,1,"2024-05-06_18h07.33.488","experiment","2023.2.3","Win32",60.24096386,"5f8e16511b3c641de0918ccd","6638ede3ddbc5fcdff14e9cd","66390decbe3c2678338c6dd1","",,,"",,,"",,,"",,,"",,,"",,,,,"",,,"","",,,,"",,,"","","",,,"","",,,,,"","","",,,,,,,2,,,"",,,,,,,,,,,"","",,,,,,,"","",,,"k",0.8382,,"space",0.3358,,2,"pink_gnome",2,3,"dark_forest","yellow_basket","green_gnome",2,3,"bright_forest","red_basket",3,0,0,1,"green_gnome","bright_forest","red_basket",323,-2,1,15,0,60,1,1,"",,,"",,,"",,,"",,,"",,,,,,,"","",,,"",,,"",,,"",,,,,,,"",,,"","",,,,,,,,"",,,,,,,"",,,"","","",,,,,,,,"",,,,,,,
"","","",,"","","","","","","",,"","","","","","","",,"","","","","","","",,"","","","","","","",,"","","","","","","",,"","","","","","","",,"","","","","","","",,"","","","","",791794,1,"2024-05-06_18h07.33.488","experiment","2023.2.3","Win32",60.24096386,"5f8e16511b3c641de0918ccd","6638ede3ddbc5fcdff14e9cd","66390decbe3c2678338c6dd1","",,,"",,,"",,,"",,,"",,,"",,,,,"",,,"","",,,,"",,,"","","",,,"","",,,,,"","","",,,,,,,3,,,"",,,,,,,,,,,"","",,,,,,,"","",,,"k",0.8299,,"space",0.3237,,3,"red_gnome",3,1,"bright_forest","red_basket","yellow_gnome",3,4,"dark_forest","yellow_basket",4,0,0,1,"yellow_gnome","dark_forest","yellow_basket",327,3,3,15,1,61,2,1,"",,,"",,,"",,,"",,,"",,,,,,,"","",,,"",,,"",,,"",,,,,,,"",,,"","",,,,,,,,"",,,,,,,"",,,"","","",,,,,,,,"",,,,,,,
"","","",,"","","","","","","",,"","","","","","","",,"","","","","","","",,"","","","","","","",,"","","","","","","",,"","","","","","","",,"","","","","","","",,"","","","","",791794,1,"2024-05-06_18h07.33.488","experiment","2023.2.3","Win32",60.24096386,"5f8e16511b3c641de0918ccd","6638ede3ddbc5fcdff14e9cd","66390decbe3c2678338c6dd1","",,,"",,,"",,,"",,,"",,,"",,,,,"",,,"","",,,,"",,,"","","",,,"","",,,,,"","","",,,,,,,4,,,"",,,,,,,,,,,"","",,,,,,,"","",,,"k",0.8534,,"space",0.3936,,4,"blue_gnome",4,4,"bright_forest","red_basket","purple_gnome",4,7,"dark_forest","yellow_basket",7,0,0,1,"purple_gnome","dark_forest","yellow_basket",334,1,3,15,2,62,3,1,"",,,"",,,"",,,"",,,"",,,,,,,"","",,,"",,,"",,,"",,,,,,,"",,,"","",,,,,,,,"",,,,,,,"",,,"","","",,,,,,,,"",,,,,,,
"","","",,"","","","","","","",,"","","","","","","",,"","","","","","","",,"","","","","","","",,"","","","","","","",,"","","","","","","",,"","","","","","","",,"","","","","",791794,1,"2024-05-06_18h07.33.488","experiment","2023.2.3","Win32",60.24096386,"5f8e16511b3c641de0918ccd","6638ede3ddbc5fcdff14e9cd","66390decbe3c2678338c6dd1","",,,"",,,"",,,"",,,"",,,"",,,,,"",,,"","",,,,"",,,"","","",,,"","",,,,,"","","",,,,,,,1,,,"",,,,,,,,,,,"","",,,,,,,"","",,,"k",0.7773,,"space",0.3917,,1,"orange_gnome",1,5,"bright_forest","red_basket","brown_gnome",1,8,"dark_forest","yellow_basket",8,0,0,1,"brown_gnome","dark_forest","yellow_basket",342,1,2,15,3,63,0,1,"space",21.4221,,"",,,"",,,"",,,"",,,,,,,"","",,,"",,,"",,,"",,,,,,,"",,,"","",,,,,,,,"",,,,,,,"",,,"","","",,,,,,,,"",,,,,,,
"","","",,"","","","","","","",,"","","","","","","",,"","","","","","","",,"","","","","","","",,"","","","","","","",,"","","","","","","",,"","","","","","","",,"","","","","",791794,1,"2024-05-06_18h07.33.488","experiment","2023.2.3","Win32",60.24096386,"5f8e16511b3c641de0918ccd","6638ede3ddbc5fcdff14e9cd","66390decbe3c2678338c6dd1","",,,"",,,"",,,"",,,"",,,"",,,,,"",,,"","",,,,"",,,"","","",,,"","",,,,,"","","",,,,,,,1,,,"",,,,,,,,,,,"","",,,,,,,"","",,,"s",0.5869,,"space",0.31,,1,"brown_gnome",1,8,"dark_forest","yellow_basket","orange_gnome",1,6,"bright_forest","red_basket",8,0,0,1,"brown_gnome","dark_forest","yellow_basket",350,-1,-1,16,0,64,0,1,"",,,"",,,"",,,"",,,"",,,,,,,"","",,,"",,,"",,,"",,,,,,,"",,,"","",,,,,,,,"",,,,,,,"",,,"","","",,,,,,,,"",,,,,,,
"","","",,"","","","","","","",,"","","","","","","",,"","","","","","","",,"","","","","","","",,"","","","","","","",,"","","","","","","",,"","","","","","","",,"","","","","",791794,1,"2024-05-06_18h07.33.488","experiment","2023.2.3","Win32",60.24096386,"5f8e16511b3c641de0918ccd","6638ede3ddbc5fcdff14e9cd","66390decbe3c2678338c6dd1","",,,"",,,"",,,"",,,"",,,"",,,,,"",,,"","",,,,"",,,"","","",,,"","",,,,,"","","",,,,,,,3,,,"",,,,,,,,,,,"","",,,,,,,"","",,,"s",0.9651,,"space",0.7097,,3,"yellow_gnome",3,7,"dark_forest","yellow_basket","red_gnome",3,5,"bright_forest","red_basket",7,0,0,1,"yellow_gnome","dark_forest","yellow_basket",357,-1,-3,16,1,65,2,1,"",,,"",,,"",,,"",,,"",,,,,,,"","",,,"",,,"",,,"",,,,,,,"",,,"","",,,,,,,,"",,,,,,,"",,,"","","",,,,,,,,"",,,,,,,
"","","",,"","","","","","","",,"","","","","","","",,"","","","","","","",,"","","","","","","",,"","","","","","","",,"","","","","","","",,"","","","","","","",,"","","","","",791794,1,"2024-05-06_18h07.33.488","experiment","2023.2.3","Win32",60.24096386,"5f8e16511b3c641de0918ccd","6638ede3ddbc5fcdff14e9cd","66390decbe3c2678338c6dd1","",,,"",,,"",,,"",,,"",,,"",,,,,"",,,"","",,,,"",,,"","","",,,"","",,,,,"","","",,,,,,,4,,,"",,,,,,,,,,,"","",,,,,,,"","",,,"s",0.7152,,"space",0.2902,,4,"purple_gnome",4,4,"dark_forest","yellow_basket","blue_gnome",4,4,"bright_forest","red_basket",4,0,0,1,"purple_gnome","dark_forest","yellow_basket",361,-1,3,16,2,66,3,1,"",,,"",,,"",,,"",,,"",,,,,,,"","",,,"",,,"",,,"",,,,,,,"",,,"","",,,,,,,,"",,,,,,,"",,,"","","",,,,,,,,"",,,,,,,
"","","",,"","","","","","","",,"","","","","","","",,"","","","","","","",,"","","","","","","",,"","","","","","","",,"","","","","","","",,"","","","","","","",,"","","","","",791794,1,"2024-05-06_18h07.33.488","experiment","2023.2.3","Win32",60.24096386,"5f8e16511b3c641de0918ccd","6638ede3ddbc5fcdff14e9cd","66390decbe3c2678338c6dd1","",,,"",,,"",,,"",,,"",,,"",,,,,"",,,"","",,,,"",,,"","","",,,"","",,,,,"","","",,,,,,,3,,,"",,,,,,,,,,,"","",,,,,,,"","",,,"k",0.6916,,"space",0.3034,,3,"red_gnome",3,3,"bright_forest","red_basket","yellow_gnome",3,7,"dark_forest","yellow_basket",7,0,0,1,"yellow_gnome","dark_forest","yellow_basket",368,2,-1,16,3,67,2,1,"",,,"",,,"",,,"",,,"",,,,,,,"","",,,"",,,"",,,"",,,,,,,"",,,"","",,,,,,,,"",,,,,,,"",,,"","","",,,,,,,,"",,,,,,,
"","","",,"","","","","","","",,"","","","","","","",,"","","","","","","",,"","","","","","","",,"","","","","","","",,"","","","","","","",,"","","","","","","",,"","","","","",791794,1,"2024-05-06_18h07.33.488","experiment","2023.2.3","Win32",60.24096386,"5f8e16511b3c641de0918ccd","6638ede3ddbc5fcdff14e9cd","66390decbe3c2678338c6dd1","",,,"",,,"",,,"",,,"",,,"",,,,,"",,,"","",,,,"",,,"","","",,,"","",,,,,"","","",,,,,,,2,,,"",,,,,,,,,,,"","",,,,,,,"","",,,"s",0.8639,,"space",0.3202,,2,"pink_gnome",2,6,"dark_forest","yellow_basket","green_gnome",2,5,"bright_forest","red_basket",6,0,0,1,"pink_gnome","dark_forest","yellow_basket",374,3,-4,17,0,68,1,1,"",,,"",,,"",,,"",,,"",,,,,,,"","",,,"",,,"",,,"",,,,,,,"",,,"","",,,,,,,,"",,,,,,,"",,,"","","",,,,,,,,"",,,,,,,
"","","",,"","","","","","","",,"","","","","","","",,"","","","","","","",,"","","","","","","",,"","","","","","","",,"","","","","","","",,"","","","","","","",,"","","","","",791794,1,"2024-05-06_18h07.33.488","experiment","2023.2.3","Win32",60.24096386,"5f8e16511b3c641de0918ccd","6638ede3ddbc5fcdff14e9cd","66390decbe3c2678338c6dd1","",,,"",,,"",,,"",,,"",,,"",,,,,"",,,"","",,,,"",,,"","","",,,"","",,,,,"","","",,,,,,,3,,,"",,,,,,,,,,,"","",,,,,,,"","",,,"s",0.6717,,"space",0.4432,,3,"yellow_gnome",3,2,"dark_forest","yellow_basket","red_gnome",3,8,"bright_forest","red_basket",2,0,0,1,"yellow_gnome","dark_forest","yellow_basket",376,-1,-1,17,1,69,2,1,"",,,"",,,"",,,"",,,"",,,,,,,"","",,,"",,,"",,,"",,,,,,,"",,,"","",,,,,,,,"",,,,,,,"",,,"","","",,,,,,,,"",,,,,,,
"","","",,"","","","","","","",,"","","","","","","",,"","","","","","","",,"","","","","","","",,"","","","","","","",,"","","","","","","",,"","","","","","","",,"","","","","",791794,1,"2024-05-06_18h07.33.488","experiment","2023.2.3","Win32",60.24096386,"5f8e16511b3c641de0918ccd","6638ede3ddbc5fcdff14e9cd","66390decbe3c2678338c6dd1","",,,"",,,"",,,"",,,"",,,"",,,,,"",,,"","",,,,"",,,"","","",,,"","",,,,,"","","",,,,,,,1,,,"",,,,,,,,,,,"","",,,,,,,"","",,,"k",0.8038,,"space",0.2531,,1,"orange_gnome",1,7,"bright_forest","red_basket","brown_gnome",1,1,"dark_forest","yellow_basket",1,0,0,1,"brown_gnome","dark_forest","yellow_basket",377,0,-2,17,2,70,0,1,"",,,"",,,"",,,"",,,"",,,,,,,"","",,,"",,,"",,,"",,,,,,,"",,,"","",,,,,,,,"",,,,,,,"",,,"","","",,,,,,,,"",,,,,,,
"","","",,"","","","","","","",,"","","","","","","",,"","","","","","","",,"","","","","","","",,"","","","","","","",,"","","","","","","",,"","","","","","","",,"","","","","",791794,1,"2024-05-06_18h07.33.488","experiment","2023.2.3","Win32",60.24096386,"5f8e16511b3c641de0918ccd","6638ede3ddbc5fcdff14e9cd","66390decbe3c2678338c6dd1","",,,"",,,"",,,"",,,"",,,"",,,,,"",,,"","",,,,"",,,"","","",,,"","",,,,,"","","",,,,,,,3,,,"",,,,,,,,,,,"","",,,,,,,"","",,,"s",0.7476,,"space",0.3608,,3,"red_gnome",3,7,"bright_forest","red_basket","yellow_gnome",3,1,"dark_forest","yellow_basket",7,0,0,1,"red_gnome","bright_forest","red_basket",384,3,-3,17,3,71,2,1,"",,,"",,,"",,,"",,,"",,,,,,,"","",,,"",,,"",,,"",,,,,,,"",,,"","",,,,,,,,"",,,,,,,"",,,"","","",,,,,,,,"",,,,,,,
"","","",,"","","","","","","",,"","","","","","","",,"","","","","","","",,"","","","","","","",,"","","","","","","",,"","","","","","","",,"","","","","","","",,"","","","","",791794,1,"2024-05-06_18h07.33.488","experiment","2023.2.3","Win32",60.24096386,"5f8e16511b3c641de0918ccd","6638ede3ddbc5fcdff14e9cd","66390decbe3c2678338c6dd1","",,,"",,,"",,,"",,,"",,,"",,,,,"",,,"","",,,,"",,,"","","",,,"","",,,,,"","","",,,,,,,3,,,"",,,,,,,,,,,"","",,,,,,,"","",,,"k",0.7528,,"space",0.3431,,3,"yellow_gnome",3,2,"dark_forest","yellow_basket","red_gnome",3,8,"bright_forest","red_basket",8,0,0,1,"red_gnome","bright_forest","red_basket",392,0,4,18,0,72,2,1,"",,,"",,,"",,,"",,,"",,,,,,,"","",,,"",,,"",,,"",,,,,,,"",,,"","",,,,,,,,"",,,,,,,"",,,"","","",,,,,,,,"",,,,,,,
"","","",,"","","","","","","",,"","","","","","","",,"","","","","","","",,"","","","","","","",,"","","","","","","",,"","","","","","","",,"","","","","","","",,"","","","","",791794,1,"2024-05-06_18h07.33.488","experiment","2023.2.3","Win32",60.24096386,"5f8e16511b3c641de0918ccd","6638ede3ddbc5fcdff14e9cd","66390decbe3c2678338c6dd1","",,,"",,,"",,,"",,,"",,,"",,,,,"",,,"","",,,,"",,,"","","",,,"","",,,,,"","","",,,,,,,1,,,"",,,,,,,,,,,"","",,,,,,,"","",,,"s",0.7557,,"space",0.3723,,1,"orange_gnome",1,8,"bright_forest","red_basket","brown_gnome",1,6,"dark_forest","yellow_basket",8,0,0,1,"orange_gnome","bright_forest","red_basket",400,2,-4,18,1,73,0,1,"",,,"",,,"",,,"",,,"",,,,,,,"","",,,"",,,"",,,"",,,,,,,"",,,"","",,,,,,,,"",,,,,,,"",,,"","","",,,,,,,,"",,,,,,,
"","","",,"","","","","","","",,"","","","","","","",,"","","","","","","",,"","","","","","","",,"","","","","","","",,"","","","","","","",,"","","","","","","",,"","","","","",791794,1,"2024-05-06_18h07.33.488","experiment","2023.2.3","Win32",60.24096386,"5f8e16511b3c641de0918ccd","6638ede3ddbc5fcdff14e9cd","66390decbe3c2678338c6dd1","",,,"",,,"",,,"",,,"",,,"",,,,,"",,,"","",,,,"",,,"","","",,,"","",,,,,"","","",,,,,,,2,,,"",,,,,,,,,,,"","",,,,,,,"","",,,"s",0.8752,,"space",0.3948,,2,"green_gnome",2,8,"bright_forest","red_basket","pink_gnome",2,2,"dark_forest","yellow_basket",8,0,0,1,"green_gnome","bright_forest","red_basket",408,3,0,18,2,74,1,1,"",,,"",,,"",,,"",,,"",,,,,,,"","",,,"",,,"",,,"",,,,,,,"",,,"","",,,,,,,,"",,,,,,,"",,,"","","",,,,,,,,"",,,,,,,
"","","",,"","","","","","","",,"","","","","","","",,"","","","","","","",,"","","","","","","",,"","","","","","","",,"","","","","","","",,"","","","","","","",,"","","","","",791794,1,"2024-05-06_18h07.33.488","experiment","2023.2.3","Win32",60.24096386,"5f8e16511b3c641de0918ccd","6638ede3ddbc5fcdff14e9cd","66390decbe3c2678338c6dd1","",,,"",,,"",,,"",,,"",,,"",,,,,"",,,"","",,,,"",,,"","","",,,"","",,,,,"","","",,,,,,,4,,,"",,,,,,,,,,,"","",,,,,,,"","",,,"k",0.8066,,"space",0.7869,,4,"purple_gnome",4,2,"dark_forest","yellow_basket","blue_gnome",4,7,"bright_forest","red_basket",7,0,0,1,"blue_gnome","bright_forest","red_basket",415,-2,-2,18,3,75,3,1,"",,,"",,,"",,,"",,,"",,,,,,,"","",,,"",,,"",,,"",,,,,,,"",,,"","",,,,,,,,"",,,,,,,"",,,"","","",,,,,,,,"",,,,,,,
"","","",,"","","","","","","",,"","","","","","","",,"","","","","","","",,"","","","","","","",,"","","","","","","",,"","","","","","","",,"","","","","","","",,"","","","","",791794,1,"2024-05-06_18h07.33.488","experiment","2023.2.3","Win32",60.24096386,"5f8e16511b3c641de0918ccd","6638ede3ddbc5fcdff14e9cd","66390decbe3c2678338c6dd1","",,,"",,,"",,,"",,,"",,,"",,,,,"",,,"","",,,,"",,,"","","",,,"","",,,,,"","","",,,,,,,1,,,"",,,,,,,,,,,"","",,,,,,,"","",,,"k",0.6713,,"space",0.4623,,1,"brown_gnome",1,0,"dark_forest","yellow_basket","orange_gnome",1,5,"bright_forest","red_basket",5,0,0,1,"orange_gnome","bright_forest","red_basket",420,-2,-3,19,0,76,0,1,"",,,"",,,"",,,"",,,"",,,,,,,"","",,,"",,,"",,,"",,,,,,,"",,,"","",,,,,,,,"",,,,,,,"",,,"","","",,,,,,,,"",,,,,,,
"","","",,"","","","","","","",,"","","","","","","",,"","","","","","","",,"","","","","","","",,"","","","","","","",,"","","","","","","",,"","","","","","","",,"","","","","",791794,1,"2024-05-06_18h07.33.488","experiment","2023.2.3","Win32",60.24096386,"5f8e16511b3c641de0918ccd","6638ede3ddbc5fcdff14e9cd","66390decbe3c2678338c6dd1","",,,"",,,"",,,"",,,"",,,"",,,,,"",,,"","",,,,"",,,"","","",,,"","",,,,,"","","",,,,,,,4,,,"",,,,,,,,,,,"","",,,,,,,"","",,,"k",0.7714,,"space",0.3886,,4,"purple_gnome",4,3,"dark_forest","yellow_basket","blue_gnome",4,3,"bright_forest","red_basket",3,0,0,1,"blue_gnome","bright_forest","red_basket",423,-2,-3,19,1,77,3,1,"",,,"",,,"",,,"",,,"",,,,,,,"","",,,"",,,"",,,"",,,,,,,"",,,"","",,,,,,,,"",,,,,,,"",,,"","","",,,,,,,,"",,,,,,,
"","","",,"","","","","","","",,"","","","","","","",,"","","","","","","",,"","","","","","","",,"","","","","","","",,"","","","","","","",,"","","","","","","",,"","","","","",791794,1,"2024-05-06_18h07.33.488","experiment","2023.2.3","Win32",60.24096386,"5f8e16511b3c641de0918ccd","6638ede3ddbc5fcdff14e9cd","66390decbe3c2678338c6dd1","",,,"",,,"",,,"",,,"",,,"",,,,,"",,,"","",,,,"",,,"","","",,,"","",,,,,"","","",,,,,,,4,,,"",,,,,,,,,,,"","",,,,,,,"","",,,"k",0.6594,,"space",0.3069,,4,"blue_gnome",4,1,"bright_forest","red_basket","purple_gnome",4,0,"dark_forest","yellow_basket",0,0,0,1,"purple_gnome","dark_forest","yellow_basket",423,0,1,19,2,78,3,1,"",,,"",,,"",,,"",,,"",,,,,,,"","",,,"",,,"",,,"",,,,,,,"",,,"","",,,,,,,,"",,,,,,,"",,,"","","",,,,,,,,"",,,,,,,
"","","",,"","","","","","","",,"","","","","","","",,"","","","","","","",,"","","","","","","",,"","","","","","","",,"","","","","","","",,"","","","","","","",,"","","","","",791794,1,"2024-05-06_18h07.33.488","experiment","2023.2.3","Win32",60.24096386,"5f8e16511b3c641de0918ccd","6638ede3ddbc5fcdff14e9cd","66390decbe3c2678338c6dd1","",,,"",,,"",,,"",,,"",,,"",,,,,"",,,"","",,,,"",,,"","","",,,"","",,,,,"","","",,,,,,,1,,,"",,,,,,,,,,,"","",,,,,,,"","",,,"k",0.8029,,"space",0.4406,,1,"brown_gnome",1,1,"dark_forest","yellow_basket","orange_gnome",1,1,"bright_forest","red_basket",1,0,0,1,"orange_gnome","bright_forest","red_basket",424,-1,3,19,3,79,0,1,"",,,"",,,"",,,"",,,"",,,,,,,"","",,,"",,,"",,,"",,,,,,,"",,,"","",,,,,,,,"",,,,,,,"",,,"","","",,,,,,,,"",,,,,,,
"","","",,"","","","","","","",,"","","","","","","",,"","","","","","","",,"","","","","","","",,"","","","","","","",,"","","","","","","",,"","","","","","","",,"","","","","",791794,1,"2024-05-06_18h07.33.488","experiment","2023.2.3","Win32",60.24096386,"5f8e16511b3c641de0918ccd","6638ede3ddbc5fcdff14e9cd","66390decbe3c2678338c6dd1","",,,"",,,"",,,"",,,"",,,"",,,,,"",,,"","",,,,"",,,"","","",,,"","",,,,,"","","",,,,,,,3,,,"",,,,,,,,,,,"","",,,,,,,"","",,,"s",0.8473,,"space",0.3102,,3,"yellow_gnome",3,4,"dark_forest","yellow_basket","red_gnome",3,0,"bright_forest","red_basket",4,0,0,1,"yellow_gnome","dark_forest","yellow_basket",428,-3,3,20,0,80,2,1,"",,,"",,,"",,,"",,,"",,,,,,,"","",,,"",,,"",,,"",,,,,,,"",,,"","",,,,,,,,"",,,,,,,"",,,"","","",,,,,,,,"",,,,,,,
"","","",,"","","","","","","",,"","","","","","","",,"","","","","","","",,"","","","","","","",,"","","","","","","",,"","","","","","","",,"","","","","","","",,"","","","","",791794,1,"2024-05-06_18h07.33.488","experiment","2023.2.3","Win32",60.24096386,"5f8e16511b3c641de0918ccd","6638ede3ddbc5fcdff14e9cd","66390decbe3c2678338c6dd1","",,,"",,,"",,,"",,,"",,,"",,,,,"",,,"","",,,,"",,,"","","",,,"","",,,,,"","","",,,,,,,4,,,"",,,,,,,,,,,"","",,,,,,,"","",,,"k",0.8143,,"space",0.3162,,4,"blue_gnome",4,3,"bright_forest","red_basket","purple_gnome",4,7,"dark_forest","yellow_basket",7,0,0,1,"purple_gnome","dark_forest","yellow_basket",435,1,0,20,1,81,3,1,"",,,"",,,"",,,"",,,"",,,,,,,"","",,,"",,,"",,,"",,,,,,,"",,,"","",,,,,,,,"",,,,,,,"",,,"","","",,,,,,,,"",,,,,,,
"","","",,"","","","","","","",,"","","","","","","",,"","","","","","","",,"","","","","","","",,"","","","","","","",,"","","","","","","",,"","","","","","","",,"","","","","",791794,1,"2024-05-06_18h07.33.488","experiment","2023.2.3","Win32",60.24096386,"5f8e16511b3c641de0918ccd","6638ede3ddbc5fcdff14e9cd","66390decbe3c2678338c6dd1","",,,"",,,"",,,"",,,"",,,"",,,,,"",,,"","",,,,"",,,"","","",,,"","",,,,,"","","",,,,,,,1,,,"",,,,,,,,,,,"","",,,,,,,"","",,,"s",0.7629,,"space",0.3778,,1,"brown_gnome",1,7,"dark_forest","yellow_basket","orange_gnome",1,4,"bright_forest","red_basket",7,0,0,1,"brown_gnome","dark_forest","yellow_basket",442,1,-2,20,2,82,0,1,"",,,"",,,"",,,"",,,"",,,,,,,"","",,,"",,,"",,,"",,,,,,,"",,,"","",,,,,,,,"",,,,,,,"",,,"","","",,,,,,,,"",,,,,,,
"","","",,"","","","","","","",,"","","","","","","",,"","","","","","","",,"","","","","","","",,"","","","","","","",,"","","","","","","",,"","","","","","","",,"","","","","",791794,1,"2024-05-06_18h07.33.488","experiment","2023.2.3","Win32",60.24096386,"5f8e16511b3c641de0918ccd","6638ede3ddbc5fcdff14e9cd","66390decbe3c2678338c6dd1","",,,"",,,"",,,"",,,"",,,"",,,,,"",,,"","",,,,"",,,"","","",,,"","",,,,,"","","",,,,,,,1,,,"",,,,,,,,,,,"","",,,,,,,"","",,,"k",0.6823,,"space",0.3602,,1,"orange_gnome",1,5,"bright_forest","red_basket","brown_gnome",1,5,"dark_forest","yellow_basket",5,0,0,1,"brown_gnome","dark_forest","yellow_basket",447,0,-2,20,3,83,0,1,"",,,"",,,"",,,"",,,"",,,,,,,"","",,,"",,,"",,,"",,,,,,,"",,,"","",,,,,,,,"",,,,,,,"",,,"","","",,,,,,,,"",,,,,,,
"","","",,"","","","","","","",,"","","","","","","",,"","","","","","","",,"","","","","","","",,"","","","","","","",,"","","","","","","",,"","","","","","","",,"","","","","",791794,1,"2024-05-06_18h07.33.488","experiment","2023.2.3","Win32",60.24096386,"5f8e16511b3c641de0918ccd","6638ede3ddbc5fcdff14e9cd","66390decbe3c2678338c6dd1","",,,"",,,"",,,"",,,"",,,"",,,,,"",,,"","",,,,"",,,"","","",,,"","",,,,,"","","",,,,,,,1,,,"",,,,,,,,,,,"","",,,,,,,"","",,,"s",0.5588,,"space",0.438,,1,"brown_gnome",1,3,"dark_forest","yellow_basket","orange_gnome",1,5,"bright_forest","red_basket",3,0,0,1,"brown_gnome","dark_forest","yellow_basket",450,-1,1,21,0,84,0,1,"",,,"",,,"",,,"",,,"",,,,,,,"","",,,"",,,"",,,"",,,,,,,"",,,"","",,,,,,,,"",,,,,,,"",,,"","","",,,,,,,,"",,,,,,,
"","","",,"","","","","","","",,"","","","","","","",,"","","","","","","",,"","","","","","","",,"","","","","","","",,"","","","","","","",,"","","","","","","",,"","","","","",791794,1,"2024-05-06_18h07.33.488","experiment","2023.2.3","Win32",60.24096386,"5f8e16511b3c641de0918ccd","6638ede3ddbc5fcdff14e9cd","66390decbe3c2678338c6dd1","",,,"",,,"",,,"",,,"",,,"",,,,,"",,,"","",,,,"",,,"","","",,,"","",,,,,"","","",,,,,,,1,,,"",,,,,,,,,,,"","",,,,,,,"","",,,"s",0.5983,,"space",0.308,,1,"brown_gnome",1,4,"dark_forest","yellow_basket","orange_gnome",1,4,"bright_forest","red_basket",4,0,0,1,"brown_gnome","dark_forest","yellow_basket",454,1,1,21,1,85,0,1,"",,,"",,,"",,,"",,,"",,,,,,,"","",,,"",,,"",,,"",,,,,,,"",,,"","",,,,,,,,"",,,,,,,"",,,"","","",,,,,,,,"",,,,,,,
"","","",,"","","","","","","",,"","","","","","","",,"","","","","","","",,"","","","","","","",,"","","","","","","",,"","","","","","","",,"","","","","","","",,"","","","","",791794,1,"2024-05-06_18h07.33.488","experiment","2023.2.3","Win32",60.24096386,"5f8e16511b3c641de0918ccd","6638ede3ddbc5fcdff14e9cd","66390decbe3c2678338c6dd1","",,,"",,,"",,,"",,,"",,,"",,,,,"",,,"","",,,,"",,,"","","",,,"","",,,,,"","","",,,,,,,4,,,"",,,,,,,,,,,"","",,,,,,,"","",,,"k",0.7229,,"space",0.2978,,4,"blue_gnome",4,5,"bright_forest","red_basket","purple_gnome",4,5,"dark_forest","yellow_basket",5,0,0,1,"purple_gnome","dark_forest","yellow_basket",459,1,2,21,2,86,3,1,"",,,"",,,"",,,"",,,"",,,,,,,"","",,,"",,,"",,,"",,,,,,,"",,,"","",,,,,,,,"",,,,,,,"",,,"","","",,,,,,,,"",,,,,,,
"","","",,"","","","","","","",,"","","","","","","",,"","","","","","","",,"","","","","","","",,"","","","","","","",,"","","","","","","",,"","","","","","","",,"","","","","",791794,1,"2024-05-06_18h07.33.488","experiment","2023.2.3","Win32",60.24096386,"5f8e16511b3c641de0918ccd","6638ede3ddbc5fcdff14e9cd","66390decbe3c2678338c6dd1","",,,"",,,"",,,"",,,"",,,"",,,,,"",,,"","",,,,"",,,"","","",,,"","",,,,,"","","",,,,,,,3,,,"",,,,,,,,,,,"","",,,,,,,"","",,,"s",0.8822,,"space",0.2707,,3,"yellow_gnome",3,7,"dark_forest","yellow_basket","red_gnome",3,6,"bright_forest","red_basket",7,0,0,1,"yellow_gnome","dark_forest","yellow_basket",466,1,1,21,3,87,2,1,"",,,"",,,"",,,"",,,"",,,,,,,"","",,,"",,,"",,,"",,,,,,,"",,,"","",,,,,,,,"",,,,,,,"",,,"","","",,,,,,,,"",,,,,,,
"","","",,"","","","","","","",,"","","","","","","",,"","","","","","","",,"","","","","","","",,"","","","","","","",,"","","","","","","",,"","","","","","","",,"","","","","",791794,1,"2024-05-06_18h07.33.488","experiment","2023.2.3","Win32",60.24096386,"5f8e16511b3c641de0918ccd","6638ede3ddbc5fcdff14e9cd","66390decbe3c2678338c6dd1","",,,"",,,"",,,"",,,"",,,"",,,,,"",,,"","",,,,"",,,"","","",,,"","",,,,,"","","",,,,,,,1,,,"",,,,,,,,,,,"","",,,,,,,"","",,,"k",0.6388,,"space",0.3903,,1,"orange_gnome",1,7,"bright_forest","red_basket","brown_gnome",1,8,"dark_forest","yellow_basket",8,0,0,1,"brown_gnome","dark_forest","yellow_basket",474,2,0,22,0,88,0,1,"",,,"",,,"",,,"",,,"",,,,,,,"","",,,"",,,"",,,"",,,,,,,"",,,"","",,,,,,,,"",,,,,,,"",,,"","","",,,,,,,,"",,,,,,,
"","","",,"","","","","","","",,"","","","","","","",,"","","","","","","",,"","","","","","","",,"","","","","","","",,"","","","","","","",,"","","","","","","",,"","","","","",791794,1,"2024-05-06_18h07.33.488","experiment","2023.2.3","Win32",60.24096386,"5f8e16511b3c641de0918ccd","6638ede3ddbc5fcdff14e9cd","66390decbe3c2678338c6dd1","",,,"",,,"",,,"",,,"",,,"",,,,,"",,,"","",,,,"",,,"","","",,,"","",,,,,"","","",,,,,,,2,,,"",,,,,,,,,,,"","",,,,,,,"","",,,"k",0.753,,"space",0.4595,,2,"green_gnome",2,9,"bright_forest","red_basket","pink_gnome",2,8,"dark_forest","yellow_basket",8,0,0,1,"pink_gnome","dark_forest","yellow_basket",482,-1,2,22,1,89,1,1,"",,,"",,,"",,,"",,,"",,,,,,,"","",,,"",,,"",,,"",,,,,,,"",,,"","",,,,,,,,"",,,,,,,"",,,"","","",,,,,,,,"",,,,,,,
"","","",,"","","","","","","",,"","","","","","","",,"","","","","","","",,"","","","","","","",,"","","","","","","",,"","","","","","","",,"","","","","","","",,"","","","","",791794,1,"2024-05-06_18h07.33.488","experiment","2023.2.3","Win32",60.24096386,"5f8e16511b3c641de0918ccd","6638ede3ddbc5fcdff14e9cd","66390decbe3c2678338c6dd1","",,,"",,,"",,,"",,,"",,,"",,,,,"",,,"","",,,,"",,,"","","",,,"","",,,,,"","","",,,,,,,4,,,"",,,,,,,,,,,"","",,,,,,,"","",,,"k",0.6533,,"space",0.2896,,4,"blue_gnome",4,8,"bright_forest","red_basket","purple_gnome",4,8,"dark_forest","yellow_basket",8,0,0,1,"purple_gnome","dark_forest","yellow_basket",490,-1,-1,22,2,90,3,1,"",,,"",,,"",,,"",,,"",,,,,,,"","",,,"",,,"",,,"",,,,,,,"",,,"","",,,,,,,,"",,,,,,,"",,,"","","",,,,,,,,"",,,,,,,
"","","",,"","","","","","","",,"","","","","","","",,"","","","","","","",,"","","","","","","",,"","","","","","","",,"","","","","","","",,"","","","","","","",,"","","","","",791794,1,"2024-05-06_18h07.33.488","experiment","2023.2.3","Win32",60.24096386,"5f8e16511b3c641de0918ccd","6638ede3ddbc5fcdff14e9cd","66390decbe3c2678338c6dd1","",,,"",,,"",,,"",,,"",,,"",,,,,"",,,"","",,,,"",,,"","","",,,"","",,,,,"","","",,,,,,,1,,,"",,,,,,,,,,,"","",,,,,,,"","",,,"k",0.8032,,"space",0.3437,,1,"orange_gnome",1,7,"bright_forest","red_basket","brown_gnome",1,7,"dark_forest","yellow_basket",7,0,0,1,"brown_gnome","dark_forest","yellow_basket",497,-2,2,22,3,91,0,1,"",,,"",,,"",,,"",,,"",,,,,,,"","",,,"",,,"",,,"",,,,,,,"",,,"","",,,,,,,,"",,,,,,,"",,,"","","",,,,,,,,"",,,,,,,
"","","",,"","","","","","","",,"","","","","","","",,"","","","","","","",,"","","","","","","",,"","","","","","","",,"","","","","","","",,"","","","","","","",,"","","","","",791794,1,"2024-05-06_18h07.33.488","experiment","2023.2.3","Win32",60.24096386,"5f8e16511b3c641de0918ccd","6638ede3ddbc5fcdff14e9cd","66390decbe3c2678338c6dd1","",,,"",,,"",,,"",,,"",,,"",,,,,"",,,"","",,,,"",,,"","","",,,"","",,,,,"","","",,,,,,,1,,,"",,,,,,,,,,,"","",,,,,,,"","",,,"s",0.7424,,"space",0.3196,,1,"brown_gnome",1,9,"dark_forest","yellow_basket","orange_gnome",1,5,"bright_forest","red_basket",9,0,0,1,"brown_gnome","dark_forest","yellow_basket",506,-2,1,23,0,92,0,1,"",,,"",,,"",,,"",,,"",,,,,,,"","",,,"",,,"",,,"",,,,,,,"",,,"","",,,,,,,,"",,,,,,,"",,,"","","",,,,,,,,"",,,,,,,
"","","",,"","","","","","","",,"","","","","","","",,"","","","","","","",,"","","","","","","",,"","","","","","","",,"","","","","","","",,"","","","","","","",,"","","","","",791794,1,"2024-05-06_18h07.33.488","experiment","2023.2.3","Win32",60.24096386,"5f8e16511b3c641de0918ccd","6638ede3ddbc5fcdff14e9cd","66390decbe3c2678338c6dd1","",,,"",,,"",,,"",,,"",,,"",,,,,"",,,"","",,,,"",,,"","","",,,"","",,,,,"","","",,,,,,,3,,,"",,,,,,,,,,,"","",,,,,,,"","",,,"s",0.8941,,"space",0.3316,,3,"yellow_gnome",3,8,"dark_forest","yellow_basket","red_gnome",3,3,"bright_forest","red_basket",8,0,0,1,"yellow_gnome","dark_forest","yellow_basket",514,2,-1,23,1,93,2,1,"",,,"",,,"",,,"",,,"",,,,,,,"","",,,"",,,"",,,"",,,,,,,"",,,"","",,,,,,,,"",,,,,,,"",,,"","","",,,,,,,,"",,,,,,,
"","","",,"","","","","","","",,"","","","","","","",,"","","","","","","",,"","","","","","","",,"","","","","","","",,"","","","","","","",,"","","","","","","",,"","","","","",791794,1,"2024-05-06_18h07.33.488","experiment","2023.2.3","Win32",60.24096386,"5f8e16511b3c641de0918ccd","6638ede3ddbc5fcdff14e9cd","66390decbe3c2678338c6dd1","",,,"",,,"",,,"",,,"",,,"",,,,,"",,,"","",,,,"",,,"","","",,,"","",,,,,"","","",,,,,,,2,,,"",,,,,,,,,,,"","",,,,,,,"","",,,"k",0.6029,,"space",0.3614,,2,"green_gnome",2,5,"bright_forest","red_basket","pink_gnome",2,7,"dark_forest","yellow_basket",7,0,0,1,"pink_gnome","dark_forest","yellow_basket",521,2,0,23,2,94,1,1,"",,,"",,,"",,,"",,,"",,,,,,,"","",,,"",,,"",,,"",,,,,,,"",,,"","",,,,,,,,"",,,,,,,"",,,"","","",,,,,,,,"",,,,,,,
"","","",,"","","","","","","",,"","","","","","","",,"","","","","","","",,"","","","","","","",,"","","","","","","",,"","","","","","","",,"","","","","","","",,"","","","","",791794,1,"2024-05-06_18h07.33.488","experiment","2023.2.3","Win32",60.24096386,"5f8e16511b3c641de0918ccd","6638ede3ddbc5fcdff14e9cd","66390decbe3c2678338c6dd1","",,,"",,,"",,,"",,,"",,,"",,,,,"",,,"","",,,,"",,,"","","",,,"","",,,,,"","","",,,,,,,1,,,"",,,,,,,,,,,"","",,,,,,,"","",,,"k",0.6419,,"space",0.3116,,1,"orange_gnome",1,7,"bright_forest","red_basket","brown_gnome",1,7,"dark_forest","yellow_basket",7,0,0,1,"brown_gnome","dark_forest","yellow_basket",528,0,4,23,3,95,0,1,"",,,"",,,"",,,"",,,"",,,,,,,"","",,,"",,,"",,,"",,,,,,,"",,,"","",,,,,,,,"",,,,,,,"",,,"","","",,,,,,,,"",,,,,,,
"","","",,"","","","","","","",,"","","","","","","",,"","","","","","","",,"","","","","","","",,"","","","","","","",,"","","","","","","",,"","","","","","","",,"","","","","",791794,1,"2024-05-06_18h07.33.488","experiment","2023.2.3","Win32",60.24096386,"5f8e16511b3c641de0918ccd","6638ede3ddbc5fcdff14e9cd","66390decbe3c2678338c6dd1","",,,"",,,"",,,"",,,"",,,"",,,,,"",,,"","",,,,"",,,"","","",,,"","",,,,,"","","",,,,,,,4,,,"",,,,,,,,,,,"","",,,,,,,"","",,,"s",0.6623,,"space",0.354,,4,"purple_gnome",4,7,"dark_forest","yellow_basket","blue_gnome",4,7,"bright_forest","red_basket",7,0,0,1,"purple_gnome","dark_forest","yellow_basket",535,2,4,24,0,96,3,1,"",,,"",,,"",,,"",,,"",,,,,,,"","",,,"",,,"",,,"",,,,,,,"",,,"","",,,,,,,,"",,,,,,,"",,,"","","",,,,,,,,"",,,,,,,
"","","",,"","","","","","","",,"","","","","","","",,"","","","","","","",,"","","","","","","",,"","","","","","","",,"","","","","","","",,"","","","","","","",,"","","","","",791794,1,"2024-05-06_18h07.33.488","experiment","2023.2.3","Win32",60.24096386,"5f8e16511b3c641de0918ccd","6638ede3ddbc5fcdff14e9cd","66390decbe3c2678338c6dd1","",,,"",,,"",,,"",,,"",,,"",,,,,"",,,"","",,,,"",,,"","","",,,"","",,,,,"","","",,,,,,,3,,,"",,,,,,,,,,,"","",,,,,,,"","",,,"s",0.7817,,"space",0.3854,,3,"yellow_gnome",3,7,"dark_forest","yellow_basket","red_gnome",3,9,"bright_forest","red_basket",7,0,0,1,"yellow_gnome","dark_forest","yellow_basket",542,-2,1,24,1,97,2,1,"",,,"",,,"",,,"",,,"",,,,,,,"","",,,"",,,"",,,"",,,,,,,"",,,"","",,,,,,,,"",,,,,,,"",,,"","","",,,,,,,,"",,,,,,,
"","","",,"","","","","","","",,"","","","","","","",,"","","","","","","",,"","","","","","","",,"","","","","","","",,"","","","","","","",,"","","","","","","",,"","","","","",791794,1,"2024-05-06_18h07.33.488","experiment","2023.2.3","Win32",60.24096386,"5f8e16511b3c641de0918ccd","6638ede3ddbc5fcdff14e9cd","66390decbe3c2678338c6dd1","",,,"",,,"",,,"",,,"",,,"",,,,,"",,,"","",,,,"",,,"","","",,,"","",,,,,"","","",,,,,,,1,,,"",,,,,,,,,,,"","",,,,,,,"","",,,"s",0.5867,,"space",0.306,,1,"brown_gnome",1,8,"dark_forest","yellow_basket","orange_gnome",1,7,"bright_forest","red_basket",8,0,0,1,"brown_gnome","dark_forest","yellow_basket",550,0,3,24,2,98,0,1,"",,,"",,,"",,,"",,,"",,,,,,,"","",,,"",,,"",,,"",,,,,,,"",,,"","",,,,,,,,"",,,,,,,"",,,"","","",,,,,,,,"",,,,,,,
"","","",,"","","","","","","",,"","","","","","","",,"","","","","","","",,"","","","","","","",,"","","","","","","",,"","","","","","","",,"","","","","","","",,"","","","","",791794,1,"2024-05-06_18h07.33.488","experiment","2023.2.3","Win32",60.24096386,"5f8e16511b3c641de0918ccd","6638ede3ddbc5fcdff14e9cd","66390decbe3c2678338c6dd1","",,,"",,,"",,,"",,,"",,,"",,,,,"",,,"","",,,,"",,,"","","",,,"","",,,,,"","","",,,,,,,4,,,"",,,,,,,,,,,"","",,,,,,,"","",,,"s",0.8741,,"space",0.2471,,4,"purple_gnome",4,7,"dark_forest","yellow_basket","blue_gnome",4,7,"bright_forest","red_basket",7,0,0,1,"purple_gnome","dark_forest","yellow_basket",557,-1,0,24,3,99,3,1,"",,,"",,,"",,,"",,,"",,,,,,,"","",,,"",,,"",,,"",,,,,,,"",,,"","",,,,,,,,"",,,,,,,"",,,"","","",,,,,,,,"",,,,,,,
"","","",,"","","","","","","",,"","","","","","","",,"","","","","","","",,"","","","","","","",,"","","","","","","",,"","","","","","","",,"","","","","","","",,"","","","","",791794,1,"2024-05-06_18h07.33.488","experiment","2023.2.3","Win32",60.24096386,"5f8e16511b3c641de0918ccd","6638ede3ddbc5fcdff14e9cd","66390decbe3c2678338c6dd1","",,,"",,,"",,,"",,,"",,,"",,,,,"",,,"","",,,,"",,,"","","",,,"","",,,,,"","","",,,,,,,4,,,"",,,,,,,,,,,"","",,,,,,,"","",,,"k",0.6378,,"space",0.309,,4,"blue_gnome",4,6,"bright_forest","red_basket","purple_gnome",4,7,"dark_forest","yellow_basket",7,0,0,1,"purple_gnome","dark_forest","yellow_basket",564,3,0,25,0,100,3,1,"",,,"",,,"",,,"",,,"",,,,,,,"","",,,"",,,"",,,"",,,,,,,"",,,"","",,,,,,,,"",,,,,,,"",,,"","","",,,,,,,,"",,,,,,,
"","","",,"","","","","","","",,"","","","","","","",,"","","","","","","",,"","","","","","","",,"","","","","","","",,"","","","","","","",,"","","","","","","",,"","","","","",791794,1,"2024-05-06_18h07.33.488","experiment","2023.2.3","Win32",60.24096386,"5f8e16511b3c641de0918ccd","6638ede3ddbc5fcdff14e9cd","66390decbe3c2678338c6dd1","",,,"",,,"",,,"",,,"",,,"",,,,,"",,,"","",,,,"",,,"","","",,,"","",,,,,"","","",,,,,,,2,,,"",,,,,,,,,,,"","",,,,,,,"","",,,"s",0.6702,,"space",0.2703,,2,"pink_gnome",2,7,"dark_forest","yellow_basket","green_gnome",2,9,"bright_forest","red_basket",7,0,0,1,"pink_gnome","dark_forest","yellow_basket",571,2,-1,25,1,101,1,1,"",,,"",,,"",,,"",,,"",,,,,,,"","",,,"",,,"",,,"",,,,,,,"",,,"","",,,,,,,,"",,,,,,,"",,,"","","",,,,,,,,"",,,,,,,
"","","",,"","","","","","","",,"","","","","","","",,"","","","","","","",,"","","","","","","",,"","","","","","","",,"","","","","","","",,"","","","","","","",,"","","","","",791794,1,"2024-05-06_18h07.33.488","experiment","2023.2.3","Win32",60.24096386,"5f8e16511b3c641de0918ccd","6638ede3ddbc5fcdff14e9cd","66390decbe3c2678338c6dd1","",,,"",,,"",,,"",,,"",,,"",,,,,"",,,"","",,,,"",,,"","","",,,"","",,,,,"","","",,,,,,,4,,,"",,,,,,,,,,,"","",,,,,,,"","",,,"k",0.6259,,"space",0.2701,,4,"blue_gnome",4,7,"bright_forest","red_basket","purple_gnome",4,6,"dark_forest","yellow_basket",6,0,0,1,"purple_gnome","dark_forest","yellow_basket",577,-4,-2,25,2,102,3,1,"",,,"",,,"",,,"",,,"",,,,,,,"","",,,"",,,"",,,"",,,,,,,"",,,"","",,,,,,,,"",,,,,,,"",,,"","","",,,,,,,,"",,,,,,,
"","","",,"","","","","","","",,"","","","","","","",,"","","","","","","",,"","","","","","","",,"","","","","","","",,"","","","","","","",,"","","","","","","",,"","","","","",791794,1,"2024-05-06_18h07.33.488","experiment","2023.2.3","Win32",60.24096386,"5f8e16511b3c641de0918ccd","6638ede3ddbc5fcdff14e9cd","66390decbe3c2678338c6dd1","",,,"",,,"",,,"",,,"",,,"",,,,,"",,,"","",,,,"",,,"","","",,,"","",,,,,"","","",,,,,,,4,,,"",,,,,,,,,,,"","",,,,,,,"","",,,"s",0.7052,,"space",0.2792,,4,"purple_gnome",4,4,"dark_forest","yellow_basket","blue_gnome",4,3,"bright_forest","red_basket",4,0,0,1,"purple_gnome","dark_forest","yellow_basket",581,3,-1,25,3,103,3,1,"",,,"",,,"",,,"",,,"",,,,,,,"","",,,"",,,"",,,"",,,,,,,"",,,"","",,,,,,,,"",,,,,,,"",,,"","","",,,,,,,,"",,,,,,,
"","","",,"","","","","","","",,"","","","","","","",,"","","","","","","",,"","","","","","","",,"","","","","","","",,"","","","","","","",,"","","","","","","",,"","","","","",791794,1,"2024-05-06_18h07.33.488","experiment","2023.2.3","Win32",60.24096386,"5f8e16511b3c641de0918ccd","6638ede3ddbc5fcdff14e9cd","66390decbe3c2678338c6dd1","",,,"",,,"",,,"",,,"",,,"",,,,,"",,,"","",,,,"",,,"","","",,,"","",,,,,"","","",,,,,,,2,,,"",,,,,,,,,,,"","",,,,,,,"","",,,"k",0.694,,"space",0.8292,,2,"green_gnome",2,6,"bright_forest","red_basket","pink_gnome",2,3,"dark_forest","yellow_basket",3,0,0,1,"pink_gnome","dark_forest","yellow_basket",584,0,0,26,0,104,1,1,"",,,"",,,"",,,"",,,"",,,,,,,"","",,,"",,,"",,,"",,,,,,,"",,,"","",,,,,,,,"",,,,,,,"",,,"","","",,,,,,,,"",,,,,,,
"","","",,"","","","","","","",,"","","","","","","",,"","","","","","","",,"","","","","","","",,"","","","","","","",,"","","","","","","",,"","","","","","","",,"","","","","",791794,1,"2024-05-06_18h07.33.488","experiment","2023.2.3","Win32",60.24096386,"5f8e16511b3c641de0918ccd","6638ede3ddbc5fcdff14e9cd","66390decbe3c2678338c6dd1","",,,"",,,"",,,"",,,"",,,"",,,,,"",,,"","",,,,"",,,"","","",,,"","",,,,,"","","",,,,,,,3,,,"",,,,,,,,,,,"","",,,,,,,"","",,,"k",0.9037,,"space",0.3311,,3,"red_gnome",3,6,"bright_forest","red_basket","yellow_gnome",3,3,"dark_forest","yellow_basket",3,0,0,1,"yellow_gnome","dark_forest","yellow_basket",587,0,-1,26,1,105,2,1,"",,,"",,,"",,,"",,,"",,,,,,,"","",,,"",,,"",,,"",,,,,,,"",,,"","",,,,,,,,"",,,,,,,"",,,"","","",,,,,,,,"",,,,,,,
"","","",,"","","","","","","",,"","","","","","","",,"","","","","","","",,"","","","","","","",,"","","","","","","",,"","","","","","","",,"","","","","","","",,"","","","","",791794,1,"2024-05-06_18h07.33.488","experiment","2023.2.3","Win32",60.24096386,"5f8e16511b3c641de0918ccd","6638ede3ddbc5fcdff14e9cd","66390decbe3c2678338c6dd1","",,,"",,,"",,,"",,,"",,,"",,,,,"",,,"","",,,,"",,,"","","",,,"","",,,,,"","","",,,,,,,4,,,"",,,,,,,,,,,"","",,,,,,,"","",,,"k",0.7861,,"space",0.3454,,4,"purple_gnome",4,2,"dark_forest","yellow_basket","blue_gnome",4,6,"bright_forest","red_basket",6,0,0,1,"blue_gnome","bright_forest","red_basket",593,1,-2,26,2,106,3,1,"",,,"",,,"",,,"",,,"",,,,,,,"","",,,"",,,"",,,"",,,,,,,"",,,"","",,,,,,,,"",,,,,,,"",,,"","","",,,,,,,,"",,,,,,,
"","","",,"","","","","","","",,"","","","","","","",,"","","","","","","",,"","","","","","","",,"","","","","","","",,"","","","","","","",,"","","","","","","",,"","","","","",791794,1,"2024-05-06_18h07.33.488","experiment","2023.2.3","Win32",60.24096386,"5f8e16511b3c641de0918ccd","6638ede3ddbc5fcdff14e9cd","66390decbe3c2678338c6dd1","",,,"",,,"",,,"",,,"",,,"",,,,,"",,,"","",,,,"",,,"","","",,,"","",,,,,"","","",,,,,,,2,,,"",,,,,,,,,,,"","",,,,,,,"","",,,"s",0.9545,,"space",0.3543,,2,"green_gnome",2,7,"bright_forest","red_basket","pink_gnome",2,0,"dark_forest","yellow_basket",7,0,0,1,"green_gnome","bright_forest","red_basket",600,-1,1,26,3,107,1,1,"",,,"",,,"",,,"",,,"",,,,,,,"","",,,"",,,"",,,"",,,,,,,"",,,"","",,,,,,,,"",,,,,,,"",,,"","","",,,,,,,,"",,,,,,,
"","","",,"","","","","","","",,"","","","","","","",,"","","","","","","",,"","","","","","","",,"","","","","","","",,"","","","","","","",,"","","","","","","",,"","","","","",791794,1,"2024-05-06_18h07.33.488","experiment","2023.2.3","Win32",60.24096386,"5f8e16511b3c641de0918ccd","6638ede3ddbc5fcdff14e9cd","66390decbe3c2678338c6dd1","",,,"",,,"",,,"",,,"",,,"",,,,,"",,,"","",,,,"",,,"","","",,,"","",,,,,"","","",,,,,,,2,,,"",,,,,,,,,,,"","",,,,,,,"","",,,"k",0.9263,,"space",0.478,,2,"pink_gnome",2,1,"dark_forest","yellow_basket","green_gnome",2,6,"bright_forest","red_basket",6,0,0,1,"green_gnome","bright_forest","red_basket",606,1,-4,27,0,108,1,1,"",,,"",,,"",,,"",,,"",,,,,,,"","",,,"",,,"",,,"",,,,,,,"",,,"","",,,,,,,,"",,,,,,,"",,,"","","",,,,,,,,"",,,,,,,
"","","",,"","","","","","","",,"","","","","","","",,"","","","","","","",,"","","","","","","",,"","","","","","","",,"","","","","","","",,"","","","","","","",,"","","","","",791794,1,"2024-05-06_18h07.33.488","experiment","2023.2.3","Win32",60.24096386,"5f8e16511b3c641de0918ccd","6638ede3ddbc5fcdff14e9cd","66390decbe3c2678338c6dd1","",,,"",,,"",,,"",,,"",,,"",,,,,"",,,"","",,,,"",,,"","","",,,"","",,,,,"","","",,,,,,,2,,,"",,,,,,,,,,,"","",,,,,,,"","",,,"s",0.7741,,"space",0.6437,,2,"green_gnome",2,7,"bright_forest","red_basket","pink_gnome",2,3,"dark_forest","yellow_basket",7,0,0,1,"green_gnome","bright_forest","red_basket",613,-2,0,27,1,109,1,1,"",,,"",,,"",,,"",,,"",,,,,,,"","",,,"",,,"",,,"",,,,,,,"",,,"","",,,,,,,,"",,,,,,,"",,,"","","",,,,,,,,"",,,,,,,
"","","",,"","","","","","","",,"","","","","","","",,"","","","","","","",,"","","","","","","",,"","","","","","","",,"","","","","","","",,"","","","","","","",,"","","","","",791794,1,"2024-05-06_18h07.33.488","experiment","2023.2.3","Win32",60.24096386,"5f8e16511b3c641de0918ccd","6638ede3ddbc5fcdff14e9cd","66390decbe3c2678338c6dd1","",,,"",,,"",,,"",,,"",,,"",,,,,"",,,"","",,,,"",,,"","","",,,"","",,,,,"","","",,,,,,,2,,,"",,,,,,,,,,,"","",,,,,,,"","",,,"k",1.0908,,"space",0.4578,,2,"pink_gnome",2,3,"dark_forest","yellow_basket","green_gnome",2,5,"bright_forest","red_basket",5,0,0,1,"green_gnome","bright_forest","red_basket",618,-1,2,27,2,110,1,1,"",,,"",,,"",,,"",,,"",,,,,,,"","",,,"",,,"",,,"",,,,,,,"",,,"","",,,,,,,,"",,,,,,,"",,,"","","",,,,,,,,"",,,,,,,
"","","",,"","","","","","","",,"","","","","","","",,"","","","","","","",,"","","","","","","",,"","","","","","","",,"","","","","","","",,"","","","","","","",,"","","","","",791794,1,"2024-05-06_18h07.33.488","experiment","2023.2.3","Win32",60.24096386,"5f8e16511b3c641de0918ccd","6638ede3ddbc5fcdff14e9cd","66390decbe3c2678338c6dd1","",,,"",,,"",,,"",,,"",,,"",,,,,"",,,"","",,,,"",,,"","","",,,"","",,,,,"","","",,,,,,,3,,,"",,,,,,,,,,,"","",,,,,,,"","",,,"s",0.7941,,"space",0.1867,,3,"red_gnome",3,4,"bright_forest","red_basket","yellow_gnome",3,5,"dark_forest","yellow_basket",4,0,0,1,"red_gnome","bright_forest","red_basket",622,3,1,27,3,111,2,1,"",,,"",,,"",,,"",,,"",,,,,,,"","",,,"",,,"",,,"",,,,,,,"",,,"","",,,,,,,,"",,,,,,,"",,,"","","",,,,,,,,"",,,,,,,
"","","",,"","","","","","","",,"","","","","","","",,"","","","","","","",,"","","","","","","",,"","","","","","","",,"","","","","","","",,"","","","","","","",,"","","","","",791794,1,"2024-05-06_18h07.33.488","experiment","2023.2.3","Win32",60.24096386,"5f8e16511b3c641de0918ccd","6638ede3ddbc5fcdff14e9cd","66390decbe3c2678338c6dd1","",,,"",,,"",,,"",,,"",,,"",,,,,"",,,"","",,,,"",,,"","","",,,"","",,,,,"","","",,,,,,,1,,,"",,,,,,,,,,,"","",,,,,,,"","",,,"s",0.7542,,"space",0.2542,,1,"brown_gnome",1,6,"dark_forest","yellow_basket","orange_gnome",1,7,"bright_forest","red_basket",6,0,0,1,"brown_gnome","dark_forest","yellow_basket",628,2,-2,28,0,112,0,1,"",,,"",,,"",,,"",,,"",,,,,,,"","",,,"",,,"",,,"",,,,,,,"",,,"","",,,,,,,,"",,,,,,,"",,,"","","",,,,,,,,"",,,,,,,
"","","",,"","","","","","","",,"","","","","","","",,"","","","","","","",,"","","","","","","",,"","","","","","","",,"","","","","","","",,"","","","","","","",,"","","","","",791794,1,"2024-05-06_18h07.33.488","experiment","2023.2.3","Win32",60.24096386,"5f8e16511b3c641de0918ccd","6638ede3ddbc5fcdff14e9cd","66390decbe3c2678338c6dd1","",,,"",,,"",,,"",,,"",,,"",,,,,"",,,"","",,,,"",,,"","","",,,"","",,,,,"","","",,,,,,,4,,,"",,,,,,,,,,,"","",,,,,,,"","",,,"s",0.6706,,"space",0.4037,,4,"purple_gnome",4,4,"dark_forest","yellow_basket","blue_gnome",4,9,"bright_forest","red_basket",4,0,0,1,"purple_gnome","dark_forest","yellow_basket",632,0,0,28,1,113,3,1,"",,,"",,,"",,,"",,,"",,,,,,,"","",,,"",,,"",,,"",,,,,,,"",,,"","",,,,,,,,"",,,,,,,"",,,"","","",,,,,,,,"",,,,,,,
"","","",,"","","","","","","",,"","","","","","","",,"","","","","","","",,"","","","","","","",,"","","","","","","",,"","","","","","","",,"","","","","","","",,"","","","","",791794,1,"2024-05-06_18h07.33.488","experiment","2023.2.3","Win32",60.24096386,"5f8e16511b3c641de0918ccd","6638ede3ddbc5fcdff14e9cd","66390decbe3c2678338c6dd1","",,,"",,,"",,,"",,,"",,,"",,,,,"",,,"","",,,,"",,,"","","",,,"","",,,,,"","","",,,,,,,3,,,"",,,,,,,,,,,"","",,,,,,,"","",,,"k",0.7549,,"space",0.3136,,3,"red_gnome",3,9,"bright_forest","red_basket","yellow_gnome",3,4,"dark_forest","yellow_basket",4,0,0,1,"yellow_gnome","dark_forest","yellow_basket",636,-2,0,28,2,114,2,1,"",,,"",,,"",,,"",,,"",,,,,,,"","",,,"",,,"",,,"",,,,,,,"",,,"","",,,,,,,,"",,,,,,,"",,,"","","",,,,,,,,"",,,,,,,
"","","",,"","","","","","","",,"","","","","","","",,"","","","","","","",,"","","","","","","",,"","","","","","","",,"","","","","","","",,"","","","","","","",,"","","","","",791794,1,"2024-05-06_18h07.33.488","experiment","2023.2.3","Win32",60.24096386,"5f8e16511b3c641de0918ccd","6638ede3ddbc5fcdff14e9cd","66390decbe3c2678338c6dd1","",,,"",,,"",,,"",,,"",,,"",,,,,"",,,"","",,,,"",,,"","","",,,"","",,,,,"","","",,,,,,,2,,,"",,,,,,,,,,,"","",,,,,,,"","",,,"s",0.7304,,"space",0.2723,,2,"pink_gnome",2,4,"dark_forest","yellow_basket","green_gnome",2,7,"bright_forest","red_basket",4,0,0,1,"pink_gnome","dark_forest","yellow_basket",640,-1,2,28,3,115,1,1,"",,,"",,,"",,,"",,,"",,,,,,,"","",,,"",,,"",,,"",,,,,,,"",,,"","",,,,,,,,"",,,,,,,"",,,"","","",,,,,,,,"",,,,,,,
"","","",,"","","","","","","",,"","","","","","","",,"","","","","","","",,"","","","","","","",,"","","","","","","",,"","","","","","","",,"","","","","","","",,"","","","","",791794,1,"2024-05-06_18h07.33.488","experiment","2023.2.3","Win32",60.24096386,"5f8e16511b3c641de0918ccd","6638ede3ddbc5fcdff14e9cd","66390decbe3c2678338c6dd1","",,,"",,,"",,,"",,,"",,,"",,,,,"",,,"","",,,,"",,,"","","",,,"","",,,,,"","","",,,,,,,4,,,"",,,,,,,,,,,"","",,,,,,,"","",,,"k",0.9535,,"space",0.3421,,4,"purple_gnome",4,6,"dark_forest","yellow_basket","blue_gnome",4,6,"bright_forest","red_basket",6,0,0,1,"blue_gnome","bright_forest","red_basket",646,0,1,29,0,116,3,1,"",,,"",,,"",,,"",,,"",,,,,,,"","",,,"",,,"",,,"",,,,,,,"",,,"","",,,,,,,,"",,,,,,,"",,,"","","",,,,,,,,"",,,,,,,
"","","",,"","","","","","","",,"","","","","","","",,"","","","","","","",,"","","","","","","",,"","","","","","","",,"","","","","","","",,"","","","","","","",,"","","","","",791794,1,"2024-05-06_18h07.33.488","experiment","2023.2.3","Win32",60.24096386,"5f8e16511b3c641de0918ccd","6638ede3ddbc5fcdff14e9cd","66390decbe3c2678338c6dd1","",,,"",,,"",,,"",,,"",,,"",,,,,"",,,"","",,,,"",,,"","","",,,"","",,,,,"","","",,,,,,,3,,,"",,,,,,,,,,,"","",,,,,,,"","",,,"k",0.8384,,"space",0.5539,,3,"yellow_gnome",3,7,"dark_forest","yellow_basket","red_gnome",3,6,"bright_forest","red_basket",6,0,0,1,"red_gnome","bright_forest","red_basket",652,2,1,29,1,117,2,1,"",,,"",,,"",,,"",,,"",,,,,,,"","",,,"",,,"",,,"",,,,,,,"",,,"","",,,,,,,,"",,,,,,,"",,,"","","",,,,,,,,"",,,,,,,
"","","",,"","","","","","","",,"","","","","","","",,"","","","","","","",,"","","","","","","",,"","","","","","","",,"","","","","","","",,"","","","","","","",,"","","","","",791794,1,"2024-05-06_18h07.33.488","experiment","2023.2.3","Win32",60.24096386,"5f8e16511b3c641de0918ccd","6638ede3ddbc5fcdff14e9cd","66390decbe3c2678338c6dd1","",,,"",,,"",,,"",,,"",,,"",,,,,"",,,"","",,,,"",,,"","","",,,"","",,,,,"","","",,,,,,,2,,,"",,,,,,,,,,,"","",,,,,,,"","",,,"s",0.7872,,"space",0.3143,,2,"green_gnome",2,8,"bright_forest","red_basket","pink_gnome",2,8,"dark_forest","yellow_basket",8,0,0,1,"green_gnome","bright_forest","red_basket",660,-2,-2,29,2,118,1,1,"",,,"",,,"",,,"",,,"",,,,,,,"","",,,"",,,"",,,"",,,,,,,"",,,"","",,,,,,,,"",,,,,,,"",,,"","","",,,,,,,,"",,,,,,,
"","","",,"","","","","","","",,"","","","","","","",,"","","","","","","",,"","","","","","","",,"","","","","","","",,"","","","","","","",,"","","","","","","",,"","","","","",791794,1,"2024-05-06_18h07.33.488","experiment","2023.2.3","Win32",60.24096386,"5f8e16511b3c641de0918ccd","6638ede3ddbc5fcdff14e9cd","66390decbe3c2678338c6dd1","",,,"",,,"",,,"",,,"",,,"",,,,,"",,,"","",,,,"",,,"","","",,,"","",,,,,"","","",,,,,,,2,,,"",,,,,,,,,,,"","",,,,,,,"","",,,"k",0.8044,,"space",0.3687,,2,"pink_gnome",2,6,"dark_forest","yellow_basket","green_gnome",2,6,"bright_forest","red_basket",6,0,0,1,"green_gnome","bright_forest","red_basket",666,-2,-1,29,3,119,1,1,"",,,"",,,"",,,"",,,"",,,,,,,"","",,,"",,,"",,,"",,,,,,,"",,,"","",,,,,,,,"",,,,,,,"",,,"","","",,,,,,,,"",,,,,,,
"","","",,"","","","","","","",,"","","","","","","",,"","","","","","","",,"","","","","","","",,"","","","","","","",,"","","","","","","",,"","","","","","","",,"","","","","",791794,1,"2024-05-06_18h07.33.488","experiment","2023.2.3","Win32",60.24096386,"5f8e16511b3c641de0918ccd","6638ede3ddbc5fcdff14e9cd","66390decbe3c2678338c6dd1","",,,"",,,"",,,"",,,"",,,"",,,,,"",,,"","",,,,"",,,"","","",,,"","",,,,,"","","",,,,,,,3,,,"",,,,,,,,,,,"","",,,,,,,"","",,,"s",0.6309,,"space",0.4301,,3,"red_gnome",3,4,"bright_forest","red_basket","yellow_gnome",3,5,"dark_forest","yellow_basket",4,0,0,1,"red_gnome","bright_forest","red_basket",670,2,-1,30,0,120,2,1,"",,,"",,,"",,,"",,,"",,,,,,,"","",,,"",,,"",,,"",,,,,,,"",,,"","",,,,,,,,"",,,,,,,"",,,"","","",,,,,,,,"",,,,,,,
"","","",,"","","","","","","",,"","","","","","","",,"","","","","","","",,"","","","","","","",,"","","","","","","",,"","","","","","","",,"","","","","","","",,"","","","","",791794,1,"2024-05-06_18h07.33.488","experiment","2023.2.3","Win32",60.24096386,"5f8e16511b3c641de0918ccd","6638ede3ddbc5fcdff14e9cd","66390decbe3c2678338c6dd1","",,,"",,,"",,,"",,,"",,,"",,,,,"",,,"","",,,,"",,,"","","",,,"","",,,,,"","","",,,,,,,1,,,"",,,,,,,,,,,"","",,,,,,,"","",,,"s",0.8623,,"space",0.2764,,1,"orange_gnome",1,6,"bright_forest","red_basket","brown_gnome",1,4,"dark_forest","yellow_basket",6,0,0,1,"orange_gnome","bright_forest","red_basket",676,-1,1,30,1,121,0,1,"",,,"",,,"",,,"",,,"",,,,,,,"","",,,"",,,"",,,"",,,,,,,"",,,"","",,,,,,,,"",,,,,,,"",,,"","","",,,,,,,,"",,,,,,,
"","","",,"","","","","","","",,"","","","","","","",,"","","","","","","",,"","","","","","","",,"","","","","","","",,"","","","","","","",,"","","","","","","",,"","","","","",791794,1,"2024-05-06_18h07.33.488","experiment","2023.2.3","Win32",60.24096386,"5f8e16511b3c641de0918ccd","6638ede3ddbc5fcdff14e9cd","66390decbe3c2678338c6dd1","",,,"",,,"",,,"",,,"",,,"",,,,,"",,,"","",,,,"",,,"","","",,,"","",,,,,"","","",,,,,,,4,,,"",,,,,,,,,,,"","",,,,,,,"","",,,"s",1.043,,"space",0.3223,,4,"blue_gnome",4,5,"bright_forest","red_basket","purple_gnome",4,5,"dark_forest","yellow_basket",5,0,0,1,"blue_gnome","bright_forest","red_basket",681,-2,-2,30,2,122,3,1,"",,,"",,,"",,,"",,,"",,,,,,,"","",,,"",,,"",,,"",,,,,,,"",,,"","",,,,,,,,"",,,,,,,"",,,"","","",,,,,,,,"",,,,,,,
"","","",,"","","","","","","",,"","","","","","","",,"","","","","","","",,"","","","","","","",,"","","","","","","",,"","","","","","","",,"","","","","","","",,"","","","","",791794,1,"2024-05-06_18h07.33.488","experiment","2023.2.3","Win32",60.24096386,"5f8e16511b3c641de0918ccd","6638ede3ddbc5fcdff14e9cd","66390decbe3c2678338c6dd1","",,,"",,,"",,,"",,,"",,,"",,,,,"",,,"","",,,,"",,,"","","",,,"","",,,,,"","","",,,,,,,1,,,"",,,,,,,,,,,"","",,,,,,,"","",,,"s",0.8029,,"space",0.3368,,1,"orange_gnome",1,3,"bright_forest","red_basket","brown_gnome",1,3,"dark_forest","yellow_basket",3,0,0,1,"orange_gnome","bright_forest","red_basket",684,-1,2,30,3,123,0,1,"",,,"",,,"",,,"",,,"",,,,,,,"","",,,"",,,"",,,"",,,,,,,"",,,"","",,,,,,,,"",,,,,,,"",,,"","","",,,,,,,,"",,,,,,,
"","","",,"","","","","","","",,"","","","","","","",,"","","","","","","",,"","","","","","","",,"","","","","","","",,"","","","","","","",,"","","","","","","",,"","","","","",791794,1,"2024-05-06_18h07.33.488","experiment","2023.2.3","Win32",60.24096386,"5f8e16511b3c641de0918ccd","6638ede3ddbc5fcdff14e9cd","66390decbe3c2678338c6dd1","",,,"",,,"",,,"",,,"",,,"",,,,,"",,,"","",,,,"",,,"","","",,,"","",,,,,"","","",,,,,,,4,,,"",,,,,,,,,,,"","",,,,,,,"","",,,"k",0.703,,"space",0.6543,,4,"blue_gnome",4,2,"bright_forest","red_basket","purple_gnome",4,5,"dark_forest","yellow_basket",5,0,0,1,"purple_gnome","dark_forest","yellow_basket",689,0,1,31,0,124,3,1,"",,,"",,,"",,,"",,,"",,,,,,,"","",,,"",,,"",,,"",,,,,,,"",,,"","",,,,,,,,"",,,,,,,"",,,"","","",,,,,,,,"",,,,,,,
"","","",,"","","","","","","",,"","","","","","","",,"","","","","","","",,"","","","","","","",,"","","","","","","",,"","","","","","","",,"","","","","","","",,"","","","","",791794,1,"2024-05-06_18h07.33.488","experiment","2023.2.3","Win32",60.24096386,"5f8e16511b3c641de0918ccd","6638ede3ddbc5fcdff14e9cd","66390decbe3c2678338c6dd1","",,,"",,,"",,,"",,,"",,,"",,,,,"",,,"","",,,,"",,,"","","",,,"","",,,,,"","","",,,,,,,4,,,"",,,,,,,,,,,"","",,,,,,,"","",,,"k",0.7029,,"space",0.2876,,4,"blue_gnome",4,2,"bright_forest","red_basket","purple_gnome",4,6,"dark_forest","yellow_basket",6,0,0,1,"purple_gnome","dark_forest","yellow_basket",695,-3,0,31,1,125,3,1,"",,,"",,,"",,,"",,,"",,,,,,,"","",,,"",,,"",,,"",,,,,,,"",,,"","",,,,,,,,"",,,,,,,"",,,"","","",,,,,,,,"",,,,,,,
"","","",,"","","","","","","",,"","","","","","","",,"","","","","","","",,"","","","","","","",,"","","","","","","",,"","","","","","","",,"","","","","","","",,"","","","","",791794,1,"2024-05-06_18h07.33.488","experiment","2023.2.3","Win32",60.24096386,"5f8e16511b3c641de0918ccd","6638ede3ddbc5fcdff14e9cd","66390decbe3c2678338c6dd1","",,,"",,,"",,,"",,,"",,,"",,,,,"",,,"","",,,,"",,,"","","",,,"","",,,,,"","","",,,,,,,4,,,"",,,,,,,,,,,"","",,,,,,,"","",,,"s",0.6107,,"space",0.2743,,4,"purple_gnome",4,6,"dark_forest","yellow_basket","blue_gnome",4,1,"bright_forest","red_basket",6,0,0,1,"purple_gnome","dark_forest","yellow_basket",701,3,1,31,2,126,3,1,"",,,"",,,"",,,"",,,"",,,,,,,"","",,,"",,,"",,,"",,,,,,,"",,,"","",,,,,,,,"",,,,,,,"",,,"","","",,,,,,,,"",,,,,,,
"","","",,"","","","","","","",,"","","","","","","",,"","","","","","","",,"","","","","","","",,"","","","","","","",,"","","","","","","",,"","","","","","","",,"","","","","",791794,1,"2024-05-06_18h07.33.488","experiment","2023.2.3","Win32",60.24096386,"5f8e16511b3c641de0918ccd","6638ede3ddbc5fcdff14e9cd","66390decbe3c2678338c6dd1","",,,"",,,"",,,"",,,"",,,"",,,,,"",,,"","",,,,"",,,"","","",,,"","",,,,,"","","",,,,,,,2,,,"",,,,,,,,,,,"","",,,,,,,"","",,,"k",0.9069,,"space",1.088,,2,"pink_gnome",2,7,"dark_forest","yellow_basket","green_gnome",2,4,"bright_forest","red_basket",4,0,0,1,"green_gnome","bright_forest","red_basket",705,4,1,31,3,127,1,1,"space",24.6415,,"",,,"",,,"",,,"",,,,,,,"","",,,"",,,"",,,"",,,,,,,"",,,"","",,,,,,,,"",,,,,,,"",,,"","","",,,,,,,,"",,,,,,,
"","","",,"","","","","","","",,"","","","","","","",,"","","","","","","",,"","","","","","","",,"","","","","","","",,"","","","","","","",,"","","","","","","",,"","","","","",791794,1,"2024-05-06_18h07.33.488","experiment","2023.2.3","Win32",60.24096386,"5f8e16511b3c641de0918ccd","6638ede3ddbc5fcdff14e9cd","66390decbe3c2678338c6dd1","",,,"",,,"",,,"",,,"",,,"",,,,,"",,,"","",,,,"",,,"","","",,,"","",,,,,"","","",,,,,,,4,,,"",,,,,,,,,,,"","",,,,,,,"","",,,"k",0.9697,,"space",0.7532,,4,"blue_gnome",4,8,"bright_forest","red_basket","purple_gnome",4,8,"dark_forest","yellow_basket",8,0,0,1,"purple_gnome","dark_forest","yellow_basket",713,2,2,32,0,128,3,1,"",,,"",,,"",,,"",,,"",,,,,,,"","",,,"",,,"",,,"",,,,,,,"",,,"","",,,,,,,,"",,,,,,,"",,,"","","",,,,,,,,"",,,,,,,
"","","",,"","","","","","","",,"","","","","","","",,"","","","","","","",,"","","","","","","",,"","","","","","","",,"","","","","","","",,"","","","","","","",,"","","","","",791794,1,"2024-05-06_18h07.33.488","experiment","2023.2.3","Win32",60.24096386,"5f8e16511b3c641de0918ccd","6638ede3ddbc5fcdff14e9cd","66390decbe3c2678338c6dd1","",,,"",,,"",,,"",,,"",,,"",,,,,"",,,"","",,,,"",,,"","","",,,"","",,,,,"","","",,,,,,,1,,,"",,,,,,,,,,,"","",,,,,,,"","",,,"k",1.0614,,"space",1.2227,,1,"orange_gnome",1,8,"bright_forest","red_basket","brown_gnome",1,8,"dark_forest","yellow_basket",8,0,0,1,"brown_gnome","dark_forest","yellow_basket",721,-3,-2,32,1,129,0,1,"",,,"",,,"",,,"",,,"",,,,,,,"","",,,"",,,"",,,"",,,,,,,"",,,"","",,,,,,,,"",,,,,,,"",,,"","","",,,,,,,,"",,,,,,,
"","","",,"","","","","","","",,"","","","","","","",,"","","","","","","",,"","","","","","","",,"","","","","","","",,"","","","","","","",,"","","","","","","",,"","","","","",791794,1,"2024-05-06_18h07.33.488","experiment","2023.2.3","Win32",60.24096386,"5f8e16511b3c641de0918ccd","6638ede3ddbc5fcdff14e9cd","66390decbe3c2678338c6dd1","",,,"",,,"",,,"",,,"",,,"",,,,,"",,,"","",,,,"",,,"","","",,,"","",,,,,"","","",,,,,,,2,,,"",,,,,,,,,,,"","",,,,,,,"","",,,"k",0.8234,,"space",0.1632,,2,"green_gnome",2,5,"bright_forest","red_basket","pink_gnome",2,6,"dark_forest","yellow_basket",6,0,0,1,"pink_gnome","dark_forest","yellow_basket",727,-4,4,32,2,130,1,1,"",,,"",,,"",,,"",,,"",,,,,,,"","",,,"",,,"",,,"",,,,,,,"",,,"","",,,,,,,,"",,,,,,,"",,,"","","",,,,,,,,"",,,,,,,
"","","",,"","","","","","","",,"","","","","","","",,"","","","","","","",,"","","","","","","",,"","","","","","","",,"","","","","","","",,"","","","","","","",,"","","","","",791794,1,"2024-05-06_18h07.33.488","experiment","2023.2.3","Win32",60.24096386,"5f8e16511b3c641de0918ccd","6638ede3ddbc5fcdff14e9cd","66390decbe3c2678338c6dd1","",,,"",,,"",,,"",,,"",,,"",,,,,"",,,"","",,,,"",,,"","","",,,"","",,,,,"","","",,,,,,,4,,,"",,,,,,,,,,,"","",,,,,,,"","",,,"s",0.6979,,"space",0.3455,,4,"purple_gnome",4,8,"dark_forest","yellow_basket","blue_gnome",4,1,"bright_forest","red_basket",8,0,0,1,"purple_gnome","dark_forest","yellow_basket",735,0,1,32,3,131,3,1,"",,,"",,,"",,,"",,,"",,,,,,,"","",,,"",,,"",,,"",,,,,,,"",,,"","",,,,,,,,"",,,,,,,"",,,"","","",,,,,,,,"",,,,,,,
"","","",,"","","","","","","",,"","","","","","","",,"","","","","","","",,"","","","","","","",,"","","","","","","",,"","","","","","","",,"","","","","","","",,"","","","","",791794,1,"2024-05-06_18h07.33.488","experiment","2023.2.3","Win32",60.24096386,"5f8e16511b3c641de0918ccd","6638ede3ddbc5fcdff14e9cd","66390decbe3c2678338c6dd1","",,,"",,,"",,,"",,,"",,,"",,,,,"",,,"","",,,,"",,,"","","",,,"","",,,,,"","","",,,,,,,3,,,"",,,,,,,,,,,"","",,,,,,,"","",,,"k",0.8037,,"space",0.263,,3,"red_gnome",3,1,"bright_forest","red_basket","yellow_gnome",3,9,"dark_forest","yellow_basket",9,0,0,1,"yellow_gnome","dark_forest","yellow_basket",744,0,0,33,0,132,2,1,"",,,"",,,"",,,"",,,"",,,,,,,"","",,,"",,,"",,,"",,,,,,,"",,,"","",,,,,,,,"",,,,,,,"",,,"","","",,,,,,,,"",,,,,,,
"","","",,"","","","","","","",,"","","","","","","",,"","","","","","","",,"","","","","","","",,"","","","","","","",,"","","","","","","",,"","","","","","","",,"","","","","",791794,1,"2024-05-06_18h07.33.488","experiment","2023.2.3","Win32",60.24096386,"5f8e16511b3c641de0918ccd","6638ede3ddbc5fcdff14e9cd","66390decbe3c2678338c6dd1","",,,"",,,"",,,"",,,"",,,"",,,,,"",,,"","",,,,"",,,"","","",,,"","",,,,,"","","",,,,,,,3,,,"",,,,,,,,,,,"","",,,,,,,"","",,,"k",0.8155,,"space",0.2375,,3,"red_gnome",3,1,"bright_forest","red_basket","yellow_gnome",3,9,"dark_forest","yellow_basket",9,0,0,1,"yellow_gnome","dark_forest","yellow_basket",753,0,-1,33,1,133,2,1,"",,,"",,,"",,,"",,,"",,,,,,,"","",,,"",,,"",,,"",,,,,,,"",,,"","",,,,,,,,"",,,,,,,"",,,"","","",,,,,,,,"",,,,,,,
"","","",,"","","","","","","",,"","","","","","","",,"","","","","","","",,"","","","","","","",,"","","","","","","",,"","","","","","","",,"","","","","","","",,"","","","","",791794,1,"2024-05-06_18h07.33.488","experiment","2023.2.3","Win32",60.24096386,"5f8e16511b3c641de0918ccd","6638ede3ddbc5fcdff14e9cd","66390decbe3c2678338c6dd1","",,,"",,,"",,,"",,,"",,,"",,,,,"",,,"","",,,,"",,,"","","",,,"","",,,,,"","","",,,,,,,3,,,"",,,,,,,,,,,"","",,,,,,,"","",,,"s",0.8917,,"space",0.2703,,3,"yellow_gnome",3,8,"dark_forest","yellow_basket","red_gnome",3,1,"bright_forest","red_basket",8,0,0,1,"yellow_gnome","dark_forest","yellow_basket",761,0,-1,33,2,134,2,1,"",,,"",,,"",,,"",,,"",,,,,,,"","",,,"",,,"",,,"",,,,,,,"",,,"","",,,,,,,,"",,,,,,,"",,,"","","",,,,,,,,"",,,,,,,
"","","",,"","","","","","","",,"","","","","","","",,"","","","","","","",,"","","","","","","",,"","","","","","","",,"","","","","","","",,"","","","","","","",,"","","","","",791794,1,"2024-05-06_18h07.33.488","experiment","2023.2.3","Win32",60.24096386,"5f8e16511b3c641de0918ccd","6638ede3ddbc5fcdff14e9cd","66390decbe3c2678338c6dd1","",,,"",,,"",,,"",,,"",,,"",,,,,"",,,"","",,,,"",,,"","","",,,"","",,,,,"","","",,,,,,,2,,,"",,,,,,,,,,,"","",,,,,,,"","",,,"s",0.8201,,"space",0.2574,,2,"pink_gnome",2,7,"dark_forest","yellow_basket","green_gnome",2,1,"bright_forest","red_basket",7,0,0,1,"pink_gnome","dark_forest","yellow_basket",768,-4,1,33,3,135,1,1,"",,,"",,,"",,,"",,,"",,,,,,,"","",,,"",,,"",,,"",,,,,,,"",,,"","",,,,,,,,"",,,,,,,"",,,"","","",,,,,,,,"",,,,,,,
"","","",,"","","","","","","",,"","","","","","","",,"","","","","","","",,"","","","","","","",,"","","","","","","",,"","","","","","","",,"","","","","","","",,"","","","","",791794,1,"2024-05-06_18h07.33.488","experiment","2023.2.3","Win32",60.24096386,"5f8e16511b3c641de0918ccd","6638ede3ddbc5fcdff14e9cd","66390decbe3c2678338c6dd1","",,,"",,,"",,,"",,,"",,,"",,,,,"",,,"","",,,,"",,,"","","",,,"","",,,,,"","","",,,,,,,1,,,"",,,,,,,,,,,"","",,,,,,,"","",,,"k",0.5868,,"space",0.2713,,1,"orange_gnome",1,3,"bright_forest","red_basket","brown_gnome",1,8,"dark_forest","yellow_basket",8,0,0,1,"brown_gnome","dark_forest","yellow_basket",776,4,4,34,0,136,0,1,"",,,"",,,"",,,"",,,"",,,,,,,"","",,,"",,,"",,,"",,,,,,,"",,,"","",,,,,,,,"",,,,,,,"",,,"","","",,,,,,,,"",,,,,,,
"","","",,"","","","","","","",,"","","","","","","",,"","","","","","","",,"","","","","","","",,"","","","","","","",,"","","","","","","",,"","","","","","","",,"","","","","",791794,1,"2024-05-06_18h07.33.488","experiment","2023.2.3","Win32",60.24096386,"5f8e16511b3c641de0918ccd","6638ede3ddbc5fcdff14e9cd","66390decbe3c2678338c6dd1","",,,"",,,"",,,"",,,"",,,"",,,,,"",,,"","",,,,"",,,"","","",,,"","",,,,,"","","",,,,,,,4,,,"",,,,,,,,,,,"","",,,,,,,"","",,,"s",0.7202,,"space",0.2456,,4,"purple_gnome",4,6,"dark_forest","yellow_basket","blue_gnome",4,7,"bright_forest","red_basket",6,0,0,1,"purple_gnome","dark_forest","yellow_basket",782,3,-2,34,1,137,3,1,"",,,"",,,"",,,"",,,"",,,,,,,"","",,,"",,,"",,,"",,,,,,,"",,,"","",,,,,,,,"",,,,,,,"",,,"","","",,,,,,,,"",,,,,,,
"","","",,"","","","","","","",,"","","","","","","",,"","","","","","","",,"","","","","","","",,"","","","","","","",,"","","","","","","",,"","","","","","","",,"","","","","",791794,1,"2024-05-06_18h07.33.488","experiment","2023.2.3","Win32",60.24096386,"5f8e16511b3c641de0918ccd","6638ede3ddbc5fcdff14e9cd","66390decbe3c2678338c6dd1","",,,"",,,"",,,"",,,"",,,"",,,,,"",,,"","",,,,"",,,"","","",,,"","",,,,,"","","",,,,,,,1,,,"",,,,,,,,,,,"","",,,,,,,"","",,,"k",0.6043,,"space",0.2877,,1,"orange_gnome",1,8,"bright_forest","red_basket","brown_gnome",1,4,"dark_forest","yellow_basket",4,0,0,1,"brown_gnome","dark_forest","yellow_basket",786,1,-1,34,2,138,0,1,"",,,"",,,"",,,"",,,"",,,,,,,"","",,,"",,,"",,,"",,,,,,,"",,,"","",,,,,,,,"",,,,,,,"",,,"","","",,,,,,,,"",,,,,,,
"","","",,"","","","","","","",,"","","","","","","",,"","","","","","","",,"","","","","","","",,"","","","","","","",,"","","","","","","",,"","","","","","","",,"","","","","",791794,1,"2024-05-06_18h07.33.488","experiment","2023.2.3","Win32",60.24096386,"5f8e16511b3c641de0918ccd","6638ede3ddbc5fcdff14e9cd","66390decbe3c2678338c6dd1","",,,"",,,"",,,"",,,"",,,"",,,,,"",,,"","",,,,"",,,"","","",,,"","",,,,,"","","",,,,,,,3,,,"",,,,,,,,,,,"","",,,,,,,"","",,,"s",0.9154,,"space",0.2652,,3,"yellow_gnome",3,3,"dark_forest","yellow_basket","red_gnome",3,9,"bright_forest","red_basket",3,0,0,1,"yellow_gnome","dark_forest","yellow_basket",789,-3,1,34,3,139,2,1,"",,,"",,,"",,,"",,,"",,,,,,,"","",,,"",,,"",,,"",,,,,,,"",,,"","",,,,,,,,"",,,,,,,"",,,"","","",,,,,,,,"",,,,,,,
"","","",,"","","","","","","",,"","","","","","","",,"","","","","","","",,"","","","","","","",,"","","","","","","",,"","","","","","","",,"","","","","","","",,"","","","","",791794,1,"2024-05-06_18h07.33.488","experiment","2023.2.3","Win32",60.24096386,"5f8e16511b3c641de0918ccd","6638ede3ddbc5fcdff14e9cd","66390decbe3c2678338c6dd1","",,,"",,,"",,,"",,,"",,,"",,,,,"",,,"","",,,,"",,,"","","",,,"","",,,,,"","","",,,,,,,4,,,"",,,,,,,,,,,"","",,,,,,,"","",,,"k",0.8313,,"space",0.3367,,4,"purple_gnome",4,4,"dark_forest","yellow_basket","blue_gnome",4,6,"bright_forest","red_basket",6,0,0,1,"blue_gnome","bright_forest","red_basket",795,1,0,35,0,140,3,1,"",,,"",,,"",,,"",,,"",,,,,,,"","",,,"",,,"",,,"",,,,,,,"",,,"","",,,,,,,,"",,,,,,,"",,,"","","",,,,,,,,"",,,,,,,
"","","",,"","","","","","","",,"","","","","","","",,"","","","","","","",,"","","","","","","",,"","","","","","","",,"","","","","","","",,"","","","","","","",,"","","","","",791794,1,"2024-05-06_18h07.33.488","experiment","2023.2.3","Win32",60.24096386,"5f8e16511b3c641de0918ccd","6638ede3ddbc5fcdff14e9cd","66390decbe3c2678338c6dd1","",,,"",,,"",,,"",,,"",,,"",,,,,"",,,"","",,,,"",,,"","","",,,"","",,,,,"","","",,,,,,,4,,,"",,,,,,,,,,,"","",,,,,,,"","",,,"s",0.8949,,"space",0.3409,,4,"blue_gnome",4,7,"bright_forest","red_basket","purple_gnome",4,4,"dark_forest","yellow_basket",7,0,0,1,"blue_gnome","bright_forest","red_basket",802,2,1,35,1,141,3,1,"",,,"",,,"",,,"",,,"",,,,,,,"","",,,"",,,"",,,"",,,,,,,"",,,"","",,,,,,,,"",,,,,,,"",,,"","","",,,,,,,,"",,,,,,,
"","","",,"","","","","","","",,"","","","","","","",,"","","","","","","",,"","","","","","","",,"","","","","","","",,"","","","","","","",,"","","","","","","",,"","","","","",791794,1,"2024-05-06_18h07.33.488","experiment","2023.2.3","Win32",60.24096386,"5f8e16511b3c641de0918ccd","6638ede3ddbc5fcdff14e9cd","66390decbe3c2678338c6dd1","",,,"",,,"",,,"",,,"",,,"",,,,,"",,,"","",,,,"",,,"","","",,,"","",,,,,"","","",,,,,,,4,,,"",,,,,,,,,,,"","",,,,,,,"","",,,"k",0.7235,,"space",0.5791,,4,"purple_gnome",4,5,"dark_forest","yellow_basket","blue_gnome",4,9,"bright_forest","red_basket",9,0,0,1,"blue_gnome","bright_forest","red_basket",811,1,3,35,2,142,3,1,"",,,"",,,"",,,"",,,"",,,,,,,"","",,,"",,,"",,,"",,,,,,,"",,,"","",,,,,,,,"",,,,,,,"",,,"","","",,,,,,,,"",,,,,,,
"","","",,"","","","","","","",,"","","","","","","",,"","","","","","","",,"","","","","","","",,"","","","","","","",,"","","","","","","",,"","","","","","","",,"","","","","",791794,1,"2024-05-06_18h07.33.488","experiment","2023.2.3","Win32",60.24096386,"5f8e16511b3c641de0918ccd","6638ede3ddbc5fcdff14e9cd","66390decbe3c2678338c6dd1","",,,"",,,"",,,"",,,"",,,"",,,,,"",,,"","",,,,"",,,"","","",,,"","",,,,,"","","",,,,,,,2,,,"",,,,,,,,,,,"","",,,,,,,"","",,,"s",0.7873,,"space",0.2967,,2,"green_gnome",2,8,"bright_forest","red_basket","pink_gnome",2,8,"dark_forest","yellow_basket",8,0,0,1,"green_gnome","bright_forest","red_basket",819,-2,-2,35,3,143,1,1,"",,,"",,,"",,,"",,,"",,,,,,,"","",,,"",,,"",,,"",,,,,,,"",,,"","",,,,,,,,"",,,,,,,"",,,"","","",,,,,,,,"",,,,,,,
"","","",,"","","","","","","",,"","","","","","","",,"","","","","","","",,"","","","","","","",,"","","","","","","",,"","","","","","","",,"","","","","","","",,"","","","","",791794,1,"2024-05-06_18h07.33.488","experiment","2023.2.3","Win32",60.24096386,"5f8e16511b3c641de0918ccd","6638ede3ddbc5fcdff14e9cd","66390decbe3c2678338c6dd1","",,,"",,,"",,,"",,,"",,,"",,,,,"",,,"","",,,,"",,,"","","",,,"","",,,,,"","","",,,,,,,2,,,"",,,,,,,,,,,"","",,,,,,,"","",,,"s",0.8795,,"space",0.3269,,2,"green_gnome",2,6,"bright_forest","red_basket","pink_gnome",2,6,"dark_forest","yellow_basket",6,0,0,1,"green_gnome","bright_forest","red_basket",825,1,5,36,0,144,1,1,"",,,"",,,"",,,"",,,"",,,,,,,"","",,,"",,,"",,,"",,,,,,,"",,,"","",,,,,,,,"",,,,,,,"",,,"","","",,,,,,,,"",,,,,,,
"","","",,"","","","","","","",,"","","","","","","",,"","","","","","","",,"","","","","","","",,"","","","","","","",,"","","","","","","",,"","","","","","","",,"","","","","",791794,1,"2024-05-06_18h07.33.488","experiment","2023.2.3","Win32",60.24096386,"5f8e16511b3c641de0918ccd","6638ede3ddbc5fcdff14e9cd","66390decbe3c2678338c6dd1","",,,"",,,"",,,"",,,"",,,"",,,,,"",,,"","",,,,"",,,"","","",,,"","",,,,,"","","",,,,,,,1,,,"",,,,,,,,,,,"","",,,,,,,"","",,,"s",0.7705,,"space",0.3047,,1,"orange_gnome",1,7,"bright_forest","red_basket","brown_gnome",1,7,"dark_forest","yellow_basket",7,0,0,1,"orange_gnome","bright_forest","red_basket",832,3,-2,36,1,145,0,1,"",,,"",,,"",,,"",,,"",,,,,,,"","",,,"",,,"",,,"",,,,,,,"",,,"","",,,,,,,,"",,,,,,,"",,,"","","",,,,,,,,"",,,,,,,
"","","",,"","","","","","","",,"","","","","","","",,"","","","","","","",,"","","","","","","",,"","","","","","","",,"","","","","","","",,"","","","","","","",,"","","","","",791794,1,"2024-05-06_18h07.33.488","experiment","2023.2.3","Win32",60.24096386,"5f8e16511b3c641de0918ccd","6638ede3ddbc5fcdff14e9cd","66390decbe3c2678338c6dd1","",,,"",,,"",,,"",,,"",,,"",,,,,"",,,"","",,,,"",,,"","","",,,"","",,,,,"","","",,,,,,,2,,,"",,,,,,,,,,,"","",,,,,,,"","",,,"k",0.8753,,"space",0.2986,,2,"pink_gnome",2,5,"dark_forest","yellow_basket","green_gnome",2,8,"bright_forest","red_basket",8,0,0,1,"green_gnome","bright_forest","red_basket",840,-1,2,36,2,146,1,1,"",,,"",,,"",,,"",,,"",,,,,,,"","",,,"",,,"",,,"",,,,,,,"",,,"","",,,,,,,,"",,,,,,,"",,,"","","",,,,,,,,"",,,,,,,
"","","",,"","","","","","","",,"","","","","","","",,"","","","","","","",,"","","","","","","",,"","","","","","","",,"","","","","","","",,"","","","","","","",,"","","","","",791794,1,"2024-05-06_18h07.33.488","experiment","2023.2.3","Win32",60.24096386,"5f8e16511b3c641de0918ccd","6638ede3ddbc5fcdff14e9cd","66390decbe3c2678338c6dd1","",,,"",,,"",,,"",,,"",,,"",,,,,"",,,"","",,,,"",,,"","","",,,"","",,,,,"","","",,,,,,,3,,,"",,,,,,,,,,,"","",,,,,,,"","",,,"s",0.6908,,"space",0.297,,3,"red_gnome",3,7,"bright_forest","red_basket","yellow_gnome",3,7,"dark_forest","yellow_basket",7,0,0,1,"red_gnome","bright_forest","red_basket",847,-2,1,36,3,147,2,1,"",,,"",,,"",,,"",,,"",,,,,,,"","",,,"",,,"",,,"",,,,,,,"",,,"","",,,,,,,,"",,,,,,,"",,,"","","",,,,,,,,"",,,,,,,
"","","",,"","","","","","","",,"","","","","","","",,"","","","","","","",,"","","","","","","",,"","","","","","","",,"","","","","","","",,"","","","","","","",,"","","","","",791794,1,"2024-05-06_18h07.33.488","experiment","2023.2.3","Win32",60.24096386,"5f8e16511b3c641de0918ccd","6638ede3ddbc5fcdff14e9cd","66390decbe3c2678338c6dd1","",,,"",,,"",,,"",,,"",,,"",,,,,"",,,"","",,,,"",,,"","","",,,"","",,,,,"","","",,,,,,,2,,,"",,,,,,,,,,,"","",,,,,,,"","",,,"k",0.7698,,"space",0.3107,,2,"pink_gnome",2,8,"dark_forest","yellow_basket","green_gnome",2,5,"bright_forest","red_basket",5,0,0,1,"green_gnome","bright_forest","red_basket",852,0,0,37,0,148,1,1,"",,,"",,,"",,,"",,,"",,,,,,,"","",,,"",,,"",,,"",,,,,,,"",,,"","",,,,,,,,"",,,,,,,"",,,"","","",,,,,,,,"",,,,,,,
"","","",,"","","","","","","",,"","","","","","","",,"","","","","","","",,"","","","","","","",,"","","","","","","",,"","","","","","","",,"","","","","","","",,"","","","","",791794,1,"2024-05-06_18h07.33.488","experiment","2023.2.3","Win32",60.24096386,"5f8e16511b3c641de0918ccd","6638ede3ddbc5fcdff14e9cd","66390decbe3c2678338c6dd1","",,,"",,,"",,,"",,,"",,,"",,,,,"",,,"","",,,,"",,,"","","",,,"","",,,,,"","","",,,,,,,1,,,"",,,,,,,,,,,"","",,,,,,,"","",,,"s",0.775,,"space",0.3375,,1,"orange_gnome",1,5,"bright_forest","red_basket","brown_gnome",1,8,"dark_forest","yellow_basket",5,0,0,1,"orange_gnome","bright_forest","red_basket",857,2,0,37,1,149,0,1,"",,,"",,,"",,,"",,,"",,,,,,,"","",,,"",,,"",,,"",,,,,,,"",,,"","",,,,,,,,"",,,,,,,"",,,"","","",,,,,,,,"",,,,,,,
"","","",,"","","","","","","",,"","","","","","","",,"","","","","","","",,"","","","","","","",,"","","","","","","",,"","","","","","","",,"","","","","","","",,"","","","","",791794,1,"2024-05-06_18h07.33.488","experiment","2023.2.3","Win32",60.24096386,"5f8e16511b3c641de0918ccd","6638ede3ddbc5fcdff14e9cd","66390decbe3c2678338c6dd1","",,,"",,,"",,,"",,,"",,,"",,,,,"",,,"","",,,,"",,,"","","",,,"","",,,,,"","","",,,,,,,1,,,"",,,,,,,,,,,"","",,,,,,,"","",,,"k",0.6529,,"space",0.307,,1,"brown_gnome",1,8,"dark_forest","yellow_basket","orange_gnome",1,7,"bright_forest","red_basket",7,0,0,1,"orange_gnome","bright_forest","red_basket",864,1,-1,37,2,150,0,1,"",,,"",,,"",,,"",,,"",,,,,,,"","",,,"",,,"",,,"",,,,,,,"",,,"","",,,,,,,,"",,,,,,,"",,,"","","",,,,,,,,"",,,,,,,
"","","",,"","","","","","","",,"","","","","","","",,"","","","","","","",,"","","","","","","",,"","","","","","","",,"","","","","","","",,"","","","","","","",,"","","","","",791794,1,"2024-05-06_18h07.33.488","experiment","2023.2.3","Win32",60.24096386,"5f8e16511b3c641de0918ccd","6638ede3ddbc5fcdff14e9cd","66390decbe3c2678338c6dd1","",,,"",,,"",,,"",,,"",,,"",,,,,"",,,"","",,,,"",,,"","","",,,"","",,,,,"","","",,,,,,,2,,,"",,,,,,,,,,,"","",,,,,,,"","",,,"k",0.8272,,"space",0.3129,,2,"pink_gnome",2,7,"dark_forest","yellow_basket","green_gnome",2,8,"bright_forest","red_basket",8,0,0,1,"green_gnome","bright_forest","red_basket",872,-3,-2,37,3,151,1,1,"",,,"",,,"",,,"",,,"",,,,,,,"","",,,"",,,"",,,"",,,,,,,"",,,"","",,,,,,,,"",,,,,,,"",,,"","","",,,,,,,,"",,,,,,,
"","","",,"","","","","","","",,"","","","","","","",,"","","","","","","",,"","","","","","","",,"","","","","","","",,"","","","","","","",,"","","","","","","",,"","","","","",791794,1,"2024-05-06_18h07.33.488","experiment","2023.2.3","Win32",60.24096386,"5f8e16511b3c641de0918ccd","6638ede3ddbc5fcdff14e9cd","66390decbe3c2678338c6dd1","",,,"",,,"",,,"",,,"",,,"",,,,,"",,,"","",,,,"",,,"","","",,,"","",,,,,"","","",,,,,,,3,,,"",,,,,,,,,,,"","",,,,,,,"","",,,"s",0.5993,,"space",0.3592,,3,"red_gnome",3,5,"bright_forest","red_basket","yellow_gnome",3,5,"dark_forest","yellow_basket",5,0,0,1,"red_gnome","bright_forest","red_basket",877,0,2,38,0,152,2,1,"",,,"",,,"",,,"",,,"",,,,,,,"","",,,"",,,"",,,"",,,,,,,"",,,"","",,,,,,,,"",,,,,,,"",,,"","","",,,,,,,,"",,,,,,,
"","","",,"","","","","","","",,"","","","","","","",,"","","","","","","",,"","","","","","","",,"","","","","","","",,"","","","","","","",,"","","","","","","",,"","","","","",791794,1,"2024-05-06_18h07.33.488","experiment","2023.2.3","Win32",60.24096386,"5f8e16511b3c641de0918ccd","6638ede3ddbc5fcdff14e9cd","66390decbe3c2678338c6dd1","",,,"",,,"",,,"",,,"",,,"",,,,,"",,,"","",,,,"",,,"","","",,,"","",,,,,"","","",,,,,,,4,,,"",,,,,,,,,,,"","",,,,,,,"","",,,"s",0.8877,,"space",0.3037,,4,"purple_gnome",4,7,"dark_forest","yellow_basket","blue_gnome",4,5,"bright_forest","red_basket",7,0,0,1,"purple_gnome","dark_forest","yellow_basket",884,2,1,38,1,153,3,1,"",,,"",,,"",,,"",,,"",,,,,,,"","",,,"",,,"",,,"",,,,,,,"",,,"","",,,,,,,,"",,,,,,,"",,,"","","",,,,,,,,"",,,,,,,
"","","",,"","","","","","","",,"","","","","","","",,"","","","","","","",,"","","","","","","",,"","","","","","","",,"","","","","","","",,"","","","","","","",,"","","","","",791794,1,"2024-05-06_18h07.33.488","experiment","2023.2.3","Win32",60.24096386,"5f8e16511b3c641de0918ccd","6638ede3ddbc5fcdff14e9cd","66390decbe3c2678338c6dd1","",,,"",,,"",,,"",,,"",,,"",,,,,"",,,"","",,,,"",,,"","","",,,"","",,,,,"","","",,,,,,,4,,,"",,,,,,,,,,,"","",,,,,,,"","",,,"s",0.8597,,"space",0.3153,,4,"purple_gnome",4,8,"dark_forest","yellow_basket","blue_gnome",4,7,"bright_forest","red_basket",8,0,0,1,"purple_gnome","dark_forest","yellow_basket",892,1,-1,38,2,154,3,1,"",,,"",,,"",,,"",,,"",,,,,,,"","",,,"",,,"",,,"",,,,,,,"",,,"","",,,,,,,,"",,,,,,,"",,,"","","",,,,,,,,"",,,,,,,
"","","",,"","","","","","","",,"","","","","","","",,"","","","","","","",,"","","","","","","",,"","","","","","","",,"","","","","","","",,"","","","","","","",,"","","","","",791794,1,"2024-05-06_18h07.33.488","experiment","2023.2.3","Win32",60.24096386,"5f8e16511b3c641de0918ccd","6638ede3ddbc5fcdff14e9cd","66390decbe3c2678338c6dd1","",,,"",,,"",,,"",,,"",,,"",,,,,"",,,"","",,,,"",,,"","","",,,"","",,,,,"","","",,,,,,,2,,,"",,,,,,,,,,,"","",,,,,,,"","",,,"k",0.8913,,"space",0.2974,,2,"green_gnome",2,8,"bright_forest","red_basket","pink_gnome",2,7,"dark_forest","yellow_basket",7,0,0,1,"pink_gnome","dark_forest","yellow_basket",899,1,0,38,3,155,1,1,"",,,"",,,"",,,"",,,"",,,,,,,"","",,,"",,,"",,,"",,,,,,,"",,,"","",,,,,,,,"",,,,,,,"",,,"","","",,,,,,,,"",,,,,,,
"","","",,"","","","","","","",,"","","","","","","",,"","","","","","","",,"","","","","","","",,"","","","","","","",,"","","","","","","",,"","","","","","","",,"","","","","",791794,1,"2024-05-06_18h07.33.488","experiment","2023.2.3","Win32",60.24096386,"5f8e16511b3c641de0918ccd","6638ede3ddbc5fcdff14e9cd","66390decbe3c2678338c6dd1","",,,"",,,"",,,"",,,"",,,"",,,,,"",,,"","",,,,"",,,"","","",,,"","",,,,,"","","",,,,,,,2,,,"",,,,,,,,,,,"","",,,,,,,"","",,,"k",0.6954,,"space",0.2553,,2,"green_gnome",2,9,"bright_forest","red_basket","pink_gnome",2,7,"dark_forest","yellow_basket",7,0,0,1,"pink_gnome","dark_forest","yellow_basket",906,1,2,39,0,156,1,1,"",,,"",,,"",,,"",,,"",,,,,,,"","",,,"",,,"",,,"",,,,,,,"",,,"","",,,,,,,,"",,,,,,,"",,,"","","",,,,,,,,"",,,,,,,
"","","",,"","","","","","","",,"","","","","","","",,"","","","","","","",,"","","","","","","",,"","","","","","","",,"","","","","","","",,"","","","","","","",,"","","","","",791794,1,"2024-05-06_18h07.33.488","experiment","2023.2.3","Win32",60.24096386,"5f8e16511b3c641de0918ccd","6638ede3ddbc5fcdff14e9cd","66390decbe3c2678338c6dd1","",,,"",,,"",,,"",,,"",,,"",,,,,"",,,"","",,,,"",,,"","","",,,"","",,,,,"","","",,,,,,,1,,,"",,,,,,,,,,,"","",,,,,,,"","",,,"s",0.6952,,"space",0.2863,,1,"brown_gnome",1,9,"dark_forest","yellow_basket","orange_gnome",1,8,"bright_forest","red_basket",9,0,0,1,"brown_gnome","dark_forest","yellow_basket",915,-3,2,39,1,157,0,1,"",,,"",,,"",,,"",,,"",,,,,,,"","",,,"",,,"",,,"",,,,,,,"",,,"","",,,,,,,,"",,,,,,,"",,,"","","",,,,,,,,"",,,,,,,
"","","",,"","","","","","","",,"","","","","","","",,"","","","","","","",,"","","","","","","",,"","","","","","","",,"","","","","","","",,"","","","","","","",,"","","","","",791794,1,"2024-05-06_18h07.33.488","experiment","2023.2.3","Win32",60.24096386,"5f8e16511b3c641de0918ccd","6638ede3ddbc5fcdff14e9cd","66390decbe3c2678338c6dd1","",,,"",,,"",,,"",,,"",,,"",,,,,"",,,"","",,,,"",,,"","","",,,"","",,,,,"","","",,,,,,,2,,,"",,,,,,,,,,,"","",,,,,,,"","",,,"k",0.8434,,"space",0.2594,,2,"green_gnome",2,5,"bright_forest","red_basket","pink_gnome",2,7,"dark_forest","yellow_basket",7,0,0,1,"pink_gnome","dark_forest","yellow_basket",922,4,-1,39,2,158,1,1,"",,,"",,,"",,,"",,,"",,,,,,,"","",,,"",,,"",,,"",,,,,,,"",,,"","",,,,,,,,"",,,,,,,"",,,"","","",,,,,,,,"",,,,,,,
"","","",,"","","","","","","",,"","","","","","","",,"","","","","","","",,"","","","","","","",,"","","","","","","",,"","","","","","","",,"","","","","","","",,"","","","","",791794,1,"2024-05-06_18h07.33.488","experiment","2023.2.3","Win32",60.24096386,"5f8e16511b3c641de0918ccd","6638ede3ddbc5fcdff14e9cd","66390decbe3c2678338c6dd1","",,,"",,,"",,,"",,,"",,,"",,,,,"",,,"","",,,,"",,,"","","",,,"","",,,,,"","","",,,,,,,4,,,"",,,,,,,,,,,"","",,,,,,,"","",,,"s",0.5877,,"space",0.2569,,4,"purple_gnome",4,6,"dark_forest","yellow_basket","blue_gnome",4,9,"bright_forest","red_basket",6,0,0,1,"purple_gnome","dark_forest","yellow_basket",928,-2,-1,39,3,159,3,1,"",,,"",,,"",,,"",,,"",,,,,,,"","",,,"",,,"",,,"",,,,,,,"",,,"","",,,,,,,,"",,,,,,,"",,,"","","",,,,,,,,"",,,,,,,
"","","",,"","","","","","","",,"","","","","","","",,"","","","","","","",,"","","","","","","",,"","","","","","","",,"","","","","","","",,"","","","","","","",,"","","","","",791794,1,"2024-05-06_18h07.33.488","experiment","2023.2.3","Win32",60.24096386,"5f8e16511b3c641de0918ccd","6638ede3ddbc5fcdff14e9cd","66390decbe3c2678338c6dd1","",,,"",,,"",,,"",,,"",,,"",,,,,"",,,"","",,,,"",,,"","","",,,"","",,,,,"","","",,,,,,,2,,,"",,,,,,,,,,,"","",,,,,,,"","",,,"k",0.9375,,"space",0.3754,,2,"green_gnome",2,7,"bright_forest","red_basket","pink_gnome",2,5,"dark_forest","yellow_basket",5,0,0,1,"pink_gnome","dark_forest","yellow_basket",933,-2,3,40,0,160,1,1,"",,,"",,,"",,,"",,,"",,,,,,,"","",,,"",,,"",,,"",,,,,,,"",,,"","",,,,,,,,"",,,,,,,"",,,"","","",,,,,,,,"",,,,,,,
"","","",,"","","","","","","",,"","","","","","","",,"","","","","","","",,"","","","","","","",,"","","","","","","",,"","","","","","","",,"","","","","","","",,"","","","","",791794,1,"2024-05-06_18h07.33.488","experiment","2023.2.3","Win32",60.24096386,"5f8e16511b3c641de0918ccd","6638ede3ddbc5fcdff14e9cd","66390decbe3c2678338c6dd1","",,,"",,,"",,,"",,,"",,,"",,,,,"",,,"","",,,,"",,,"","","",,,"","",,,,,"","","",,,,,,,2,,,"",,,,,,,,,,,"","",,,,,,,"","",,,"k",0.7914,,"space",0.2934,,2,"green_gnome",2,5,"bright_forest","red_basket","pink_gnome",2,8,"dark_forest","yellow_basket",8,0,0,1,"pink_gnome","dark_forest","yellow_basket",941,-1,1,40,1,161,1,1,"",,,"",,,"",,,"",,,"",,,,,,,"","",,,"",,,"",,,"",,,,,,,"",,,"","",,,,,,,,"",,,,,,,"",,,"","","",,,,,,,,"",,,,,,,
"","","",,"","","","","","","",,"","","","","","","",,"","","","","","","",,"","","","","","","",,"","","","","","","",,"","","","","","","",,"","","","","","","",,"","","","","",791794,1,"2024-05-06_18h07.33.488","experiment","2023.2.3","Win32",60.24096386,"5f8e16511b3c641de0918ccd","6638ede3ddbc5fcdff14e9cd","66390decbe3c2678338c6dd1","",,,"",,,"",,,"",,,"",,,"",,,,,"",,,"","",,,,"",,,"","","",,,"","",,,,,"","","",,,,,,,1,,,"",,,,,,,,,,,"","",,,,,,,"","",,,"s",0.6037,,"space",0.3041,,1,"brown_gnome",1,9,"dark_forest","yellow_basket","orange_gnome",1,4,"bright_forest","red_basket",9,0,0,1,"brown_gnome","dark_forest","yellow_basket",950,-2,-1,40,2,162,0,1,"",,,"",,,"",,,"",,,"",,,,,,,"","",,,"",,,"",,,"",,,,,,,"",,,"","",,,,,,,,"",,,,,,,"",,,"","","",,,,,,,,"",,,,,,,
"","","",,"","","","","","","",,"","","","","","","",,"","","","","","","",,"","","","","","","",,"","","","","","","",,"","","","","","","",,"","","","","","","",,"","","","","",791794,1,"2024-05-06_18h07.33.488","experiment","2023.2.3","Win32",60.24096386,"5f8e16511b3c641de0918ccd","6638ede3ddbc5fcdff14e9cd","66390decbe3c2678338c6dd1","",,,"",,,"",,,"",,,"",,,"",,,,,"",,,"","",,,,"",,,"","","",,,"","",,,,,"","","",,,,,,,4,,,"",,,,,,,,,,,"","",,,,,,,"","",,,"s",0.8113,,"space",0.2813,,4,"purple_gnome",4,8,"dark_forest","yellow_basket","blue_gnome",4,2,"bright_forest","red_basket",8,0,0,1,"purple_gnome","dark_forest","yellow_basket",958,1,-1,40,3,163,3,1,"",,,"",,,"",,,"",,,"",,,,,,,"","",,,"",,,"",,,"",,,,,,,"",,,"","",,,,,,,,"",,,,,,,"",,,"","","",,,,,,,,"",,,,,,,
"","","",,"","","","","","","",,"","","","","","","",,"","","","","","","",,"","","","","","","",,"","","","","","","",,"","","","","","","",,"","","","","","","",,"","","","","",791794,1,"2024-05-06_18h07.33.488","experiment","2023.2.3","Win32",60.24096386,"5f8e16511b3c641de0918ccd","6638ede3ddbc5fcdff14e9cd","66390decbe3c2678338c6dd1","",,,"",,,"",,,"",,,"",,,"",,,,,"",,,"","",,,,"",,,"","","",,,"","",,,,,"","","",,,,,,,1,,,"",,,,,,,,,,,"","",,,,,,,"","",,,"k",0.7752,,"space",0.4307,,1,"orange_gnome",1,3,"bright_forest","red_basket","brown_gnome",1,7,"dark_forest","yellow_basket",7,0,0,1,"brown_gnome","dark_forest","yellow_basket",965,0,1,41,0,164,0,1,"",,,"",,,"",,,"",,,"",,,,,,,"","",,,"",,,"",,,"",,,,,,,"",,,"","",,,,,,,,"",,,,,,,"",,,"","","",,,,,,,,"",,,,,,,
"","","",,"","","","","","","",,"","","","","","","",,"","","","","","","",,"","","","","","","",,"","","","","","","",,"","","","","","","",,"","","","","","","",,"","","","","",791794,1,"2024-05-06_18h07.33.488","experiment","2023.2.3","Win32",60.24096386,"5f8e16511b3c641de0918ccd","6638ede3ddbc5fcdff14e9cd","66390decbe3c2678338c6dd1","",,,"",,,"",,,"",,,"",,,"",,,,,"",,,"","",,,,"",,,"","","",,,"","",,,,,"","","",,,,,,,3,,,"",,,,,,,,,,,"","",,,,,,,"","",,,"s",0.8714,,"space",0.2608,,3,"yellow_gnome",3,8,"dark_forest","yellow_basket","red_gnome",3,3,"bright_forest","red_basket",8,0,0,1,"yellow_gnome","dark_forest","yellow_basket",973,-4,1,41,1,165,2,1,"",,,"",,,"",,,"",,,"",,,,,,,"","",,,"",,,"",,,"",,,,,,,"",,,"","",,,,,,,,"",,,,,,,"",,,"","","",,,,,,,,"",,,,,,,
"","","",,"","","","","","","",,"","","","","","","",,"","","","","","","",,"","","","","","","",,"","","","","","","",,"","","","","","","",,"","","","","","","",,"","","","","",791794,1,"2024-05-06_18h07.33.488","experiment","2023.2.3","Win32",60.24096386,"5f8e16511b3c641de0918ccd","6638ede3ddbc5fcdff14e9cd","66390decbe3c2678338c6dd1","",,,"",,,"",,,"",,,"",,,"",,,,,"",,,"","",,,,"",,,"","","",,,"","",,,,,"","","",,,,,,,1,,,"",,,,,,,,,,,"","",,,,,,,"","",,,"s",0.755,,"space",0.3271,,1,"brown_gnome",1,9,"dark_forest","yellow_basket","orange_gnome",1,1,"bright_forest","red_basket",9,0,0,1,"brown_gnome","dark_forest","yellow_basket",982,0,0,41,2,166,0,1,"",,,"",,,"",,,"",,,"",,,,,,,"","",,,"",,,"",,,"",,,,,,,"",,,"","",,,,,,,,"",,,,,,,"",,,"","","",,,,,,,,"",,,,,,,
"","","",,"","","","","","","",,"","","","","","","",,"","","","","","","",,"","","","","","","",,"","","","","","","",,"","","","","","","",,"","","","","","","",,"","","","","",791794,1,"2024-05-06_18h07.33.488","experiment","2023.2.3","Win32",60.24096386,"5f8e16511b3c641de0918ccd","6638ede3ddbc5fcdff14e9cd","66390decbe3c2678338c6dd1","",,,"",,,"",,,"",,,"",,,"",,,,,"",,,"","",,,,"",,,"","","",,,"","",,,,,"","","",,,,,,,1,,,"",,,,,,,,,,,"","",,,,,,,"","",,,"s",0.5791,,"space",0.3205,,1,"brown_gnome",1,9,"dark_forest","yellow_basket","orange_gnome",1,1,"bright_forest","red_basket",9,0,0,1,"brown_gnome","dark_forest","yellow_basket",991,-2,-2,41,3,167,0,1,"",,,"",,,"",,,"",,,"",,,,,,,"","",,,"",,,"",,,"",,,,,,,"",,,"","",,,,,,,,"",,,,,,,"",,,"","","",,,,,,,,"",,,,,,,
"","","",,"","","","","","","",,"","","","","","","",,"","","","","","","",,"","","","","","","",,"","","","","","","",,"","","","","","","",,"","","","","","","",,"","","","","",791794,1,"2024-05-06_18h07.33.488","experiment","2023.2.3","Win32",60.24096386,"5f8e16511b3c641de0918ccd","6638ede3ddbc5fcdff14e9cd","66390decbe3c2678338c6dd1","",,,"",,,"",,,"",,,"",,,"",,,,,"",,,"","",,,,"",,,"","","",,,"","",,,,,"","","",,,,,,,2,,,"",,,,,,,,,,,"","",,,,,,,"","",,,"k",0.8234,,"space",0.2547,,2,"green_gnome",2,1,"bright_forest","red_basket","pink_gnome",2,7,"dark_forest","yellow_basket",7,0,0,1,"pink_gnome","dark_forest","yellow_basket",998,1,-1,42,0,168,1,1,"",,,"",,,"",,,"",,,"",,,,,,,"","",,,"",,,"",,,"",,,,,,,"",,,"","",,,,,,,,"",,,,,,,"",,,"","","",,,,,,,,"",,,,,,,
"","","",,"","","","","","","",,"","","","","","","",,"","","","","","","",,"","","","","","","",,"","","","","","","",,"","","","","","","",,"","","","","","","",,"","","","","",791794,1,"2024-05-06_18h07.33.488","experiment","2023.2.3","Win32",60.24096386,"5f8e16511b3c641de0918ccd","6638ede3ddbc5fcdff14e9cd","66390decbe3c2678338c6dd1","",,,"",,,"",,,"",,,"",,,"",,,,,"",,,"","",,,,"",,,"","","",,,"","",,,,,"","","",,,,,,,3,,,"",,,,,,,,,,,"","",,,,,,,"","",,,"s",0.783,,"space",0.2607,,3,"yellow_gnome",3,6,"dark_forest","yellow_basket","red_gnome",3,2,"bright_forest","red_basket",6,0,0,1,"yellow_gnome","dark_forest","yellow_basket",1004,0,1,42,1,169,2,1,"",,,"",,,"",,,"",,,"",,,,,,,"","",,,"",,,"",,,"",,,,,,,"",,,"","",,,,,,,,"",,,,,,,"",,,"","","",,,,,,,,"",,,,,,,
"","","",,"","","","","","","",,"","","","","","","",,"","","","","","","",,"","","","","","","",,"","","","","","","",,"","","","","","","",,"","","","","","","",,"","","","","",791794,1,"2024-05-06_18h07.33.488","experiment","2023.2.3","Win32",60.24096386,"5f8e16511b3c641de0918ccd","6638ede3ddbc5fcdff14e9cd","66390decbe3c2678338c6dd1","",,,"",,,"",,,"",,,"",,,"",,,,,"",,,"","",,,,"",,,"","","",,,"","",,,,,"","","",,,,,,,1,,,"",,,,,,,,,,,"","",,,,,,,"","",,,"k",0.5551,,"space",0.2587,,1,"orange_gnome",1,2,"bright_forest","red_basket","brown_gnome",1,7,"dark_forest","yellow_basket",7,0,0,1,"brown_gnome","dark_forest","yellow_basket",1011,-5,1,42,2,170,0,1,"",,,"",,,"",,,"",,,"",,,,,,,"","",,,"",,,"",,,"",,,,,,,"",,,"","",,,,,,,,"",,,,,,,"",,,"","","",,,,,,,,"",,,,,,,
"","","",,"","","","","","","",,"","","","","","","",,"","","","","","","",,"","","","","","","",,"","","","","","","",,"","","","","","","",,"","","","","","","",,"","","","","",791794,1,"2024-05-06_18h07.33.488","experiment","2023.2.3","Win32",60.24096386,"5f8e16511b3c641de0918ccd","6638ede3ddbc5fcdff14e9cd","66390decbe3c2678338c6dd1","",,,"",,,"",,,"",,,"",,,"",,,,,"",,,"","",,,,"",,,"","","",,,"","",,,,,"","","",,,,,,,1,,,"",,,,,,,,,,,"","",,,,,,,"","",,,"s",0.6107,,"space",0.2487,,1,"brown_gnome",1,8,"dark_forest","yellow_basket","orange_gnome",1,3,"bright_forest","red_basket",8,0,0,1,"brown_gnome","dark_forest","yellow_basket",1019,5,-3,42,3,171,0,1,"",,,"",,,"",,,"",,,"",,,,,,,"","",,,"",,,"",,,"",,,,,,,"",,,"","",,,,,,,,"",,,,,,,"",,,"","","",,,,,,,,"",,,,,,,
"","","",,"","","","","","","",,"","","","","","","",,"","","","","","","",,"","","","","","","",,"","","","","","","",,"","","","","","","",,"","","","","","","",,"","","","","",791794,1,"2024-05-06_18h07.33.488","experiment","2023.2.3","Win32",60.24096386,"5f8e16511b3c641de0918ccd","6638ede3ddbc5fcdff14e9cd","66390decbe3c2678338c6dd1","",,,"",,,"",,,"",,,"",,,"",,,,,"",,,"","",,,,"",,,"","","",,,"","",,,,,"","","",,,,,,,4,,,"",,,,,,,,,,,"","",,,,,,,"","",,,"k",0.6951,,"space",0.4941,,4,"blue_gnome",4,8,"bright_forest","red_basket","purple_gnome",4,5,"dark_forest","yellow_basket",5,0,0,1,"purple_gnome","dark_forest","yellow_basket",1024,-2,-1,43,0,172,3,1,"",,,"",,,"",,,"",,,"",,,,,,,"","",,,"",,,"",,,"",,,,,,,"",,,"","",,,,,,,,"",,,,,,,"",,,"","","",,,,,,,,"",,,,,,,
"","","",,"","","","","","","",,"","","","","","","",,"","","","","","","",,"","","","","","","",,"","","","","","","",,"","","","","","","",,"","","","","","","",,"","","","","",791794,1,"2024-05-06_18h07.33.488","experiment","2023.2.3","Win32",60.24096386,"5f8e16511b3c641de0918ccd","6638ede3ddbc5fcdff14e9cd","66390decbe3c2678338c6dd1","",,,"",,,"",,,"",,,"",,,"",,,,,"",,,"","",,,,"",,,"","","",,,"","",,,,,"","","",,,,,,,4,,,"",,,,,,,,,,,"","",,,,,,,"","",,,"k",0.7379,0.0106,"space",0.2603,,4,"blue_gnome",4,6,"bright_forest","red_basket","purple_gnome",4,4,"dark_forest","yellow_basket",4,0,0,1,"purple_gnome","dark_forest","yellow_basket",1028,-3,-1,43,1,173,3,1,"",,,"",,,"",,,"",,,"",,,,,,,"","",,,"",,,"",,,"",,,,,,,"",,,"","",,,,,,,,"",,,,,,,"",,,"","","",,,,,,,,"",,,,,,,
"","","",,"","","","","","","",,"","","","","","","",,"","","","","","","",,"","","","","","","",,"","","","","","","",,"","","","","","","",,"","","","","","","",,"","","","","",791794,1,"2024-05-06_18h07.33.488","experiment","2023.2.3","Win32",60.24096386,"5f8e16511b3c641de0918ccd","6638ede3ddbc5fcdff14e9cd","66390decbe3c2678338c6dd1","",,,"",,,"",,,"",,,"",,,"",,,,,"",,,"","",,,,"",,,"","","",,,"","",,,,,"","","",,,,,,,4,,,"",,,,,,,,,,,"","",,,,,,,"","",,,"s",0.8719,,"space",0.346,,4,"blue_gnome",4,3,"bright_forest","red_basket","purple_gnome",4,3,"dark_forest","yellow_basket",3,0,0,1,"blue_gnome","bright_forest","red_basket",1031,-2,1,43,2,174,3,1,"",,,"",,,"",,,"",,,"",,,,,,,"","",,,"",,,"",,,"",,,,,,,"",,,"","",,,,,,,,"",,,,,,,"",,,"","","",,,,,,,,"",,,,,,,
"","","",,"","","","","","","",,"","","","","","","",,"","","","","","","",,"","","","","","","",,"","","","","","","",,"","","","","","","",,"","","","","","","",,"","","","","",791794,1,"2024-05-06_18h07.33.488","experiment","2023.2.3","Win32",60.24096386,"5f8e16511b3c641de0918ccd","6638ede3ddbc5fcdff14e9cd","66390decbe3c2678338c6dd1","",,,"",,,"",,,"",,,"",,,"",,,,,"",,,"","",,,,"",,,"","","",,,"","",,,,,"","","",,,,,,,4,,,"",,,,,,,,,,,"","",,,,,,,"","",,,"s",0.8377,,"space",0.3126,,4,"blue_gnome",4,1,"bright_forest","red_basket","purple_gnome",4,4,"dark_forest","yellow_basket",1,0,0,1,"blue_gnome","bright_forest","red_basket",1032,1,-2,43,3,175,3,1,"",,,"",,,"",,,"",,,"",,,,,,,"","",,,"",,,"",,,"",,,,,,,"",,,"","",,,,,,,,"",,,,,,,"",,,"","","",,,,,,,,"",,,,,,,
"","","",,"","","","","","","",,"","","","","","","",,"","","","","","","",,"","","","","","","",,"","","","","","","",,"","","","","","","",,"","","","","","","",,"","","","","",791794,1,"2024-05-06_18h07.33.488","experiment","2023.2.3","Win32",60.24096386,"5f8e16511b3c641de0918ccd","6638ede3ddbc5fcdff14e9cd","66390decbe3c2678338c6dd1","",,,"",,,"",,,"",,,"",,,"",,,,,"",,,"","",,,,"",,,"","","",,,"","",,,,,"","","",,,,,,,1,,,"",,,,,,,,,,,"","",,,,,,,"","",,,"k",0.6148,,"space",0.2704,,1,"orange_gnome",1,2,"bright_forest","red_basket","brown_gnome",1,2,"dark_forest","yellow_basket",2,0,0,1,"brown_gnome","dark_forest","yellow_basket",1034,3,0,44,0,176,0,1,"",,,"",,,"",,,"",,,"",,,,,,,"","",,,"",,,"",,,"",,,,,,,"",,,"","",,,,,,,,"",,,,,,,"",,,"","","",,,,,,,,"",,,,,,,
"","","",,"","","","","","","",,"","","","","","","",,"","","","","","","",,"","","","","","","",,"","","","","","","",,"","","","","","","",,"","","","","","","",,"","","","","",791794,1,"2024-05-06_18h07.33.488","experiment","2023.2.3","Win32",60.24096386,"5f8e16511b3c641de0918ccd","6638ede3ddbc5fcdff14e9cd","66390decbe3c2678338c6dd1","",,,"",,,"",,,"",,,"",,,"",,,,,"",,,"","",,,,"",,,"","","",,,"","",,,,,"","","",,,,,,,2,,,"",,,,,,,,,,,"","",,,,,,,"","",,,"k",0.6782,,"space",0.27,,2,"green_gnome",2,5,"bright_forest","red_basket","pink_gnome",2,2,"dark_forest","yellow_basket",2,0,0,1,"pink_gnome","dark_forest","yellow_basket",1036,-1,-2,44,1,177,1,1,"",,,"",,,"",,,"",,,"",,,,,,,"","",,,"",,,"",,,"",,,,,,,"",,,"","",,,,,,,,"",,,,,,,"",,,"","","",,,,,,,,"",,,,,,,
"","","",,"","","","","","","",,"","","","","","","",,"","","","","","","",,"","","","","","","",,"","","","","","","",,"","","","","","","",,"","","","","","","",,"","","","","",791794,1,"2024-05-06_18h07.33.488","experiment","2023.2.3","Win32",60.24096386,"5f8e16511b3c641de0918ccd","6638ede3ddbc5fcdff14e9cd","66390decbe3c2678338c6dd1","",,,"",,,"",,,"",,,"",,,"",,,,,"",,,"","",,,,"",,,"","","",,,"","",,,,,"","","",,,,,,,4,,,"",,,,,,,,,,,"","",,,,,,,"","",,,"s",0.6267,,"space",0.274,,4,"purple_gnome",4,0,"dark_forest","yellow_basket","blue_gnome",4,4,"bright_forest","red_basket",0,0,0,1,"purple_gnome","dark_forest","yellow_basket",1036,4,0,44,2,178,3,1,"",,,"",,,"",,,"",,,"",,,,,,,"","",,,"",,,"",,,"",,,,,,,"",,,"","",,,,,,,,"",,,,,,,"",,,"","","",,,,,,,,"",,,,,,,
"","","",,"","","","","","","",,"","","","","","","",,"","","","","","","",,"","","","","","","",,"","","","","","","",,"","","","","","","",,"","","","","","","",,"","","","","",791794,1,"2024-05-06_18h07.33.488","experiment","2023.2.3","Win32",60.24096386,"5f8e16511b3c641de0918ccd","6638ede3ddbc5fcdff14e9cd","66390decbe3c2678338c6dd1","",,,"",,,"",,,"",,,"",,,"",,,,,"",,,"","",,,,"",,,"","","",,,"","",,,,,"","","",,,,,,,1,,,"",,,,,,,,,,,"","",,,,,,,"","",,,"s",0.7863,,"space",0.2965,,1,"orange_gnome",1,8,"bright_forest","red_basket","brown_gnome",1,0,"dark_forest","yellow_basket",8,0,0,1,"orange_gnome","bright_forest","red_basket",1044,1,4,44,3,179,0,1,"",,,"",,,"",,,"",,,"",,,,,,,"","",,,"",,,"",,,"",,,,,,,"",,,"","",,,,,,,,"",,,,,,,"",,,"","","",,,,,,,,"",,,,,,,
"","","",,"","","","","","","",,"","","","","","","",,"","","","","","","",,"","","","","","","",,"","","","","","","",,"","","","","","","",,"","","","","","","",,"","","","","",791794,1,"2024-05-06_18h07.33.488","experiment","2023.2.3","Win32",60.24096386,"5f8e16511b3c641de0918ccd","6638ede3ddbc5fcdff14e9cd","66390decbe3c2678338c6dd1","",,,"",,,"",,,"",,,"",,,"",,,,,"",,,"","",,,,"",,,"","","",,,"","",,,,,"","","",,,,,,,3,,,"",,,,,,,,,,,"","",,,,,,,"","",,,"k",1.0309,,"space",0.3266,,3,"yellow_gnome",3,4,"dark_forest","yellow_basket","red_gnome",3,9,"bright_forest","red_basket",9,0,0,1,"red_gnome","bright_forest","red_basket",1053,-1,1,45,0,180,2,1,"",,,"",,,"",,,"",,,"",,,,,,,"","",,,"",,,"",,,"",,,,,,,"",,,"","",,,,,,,,"",,,,,,,"",,,"","","",,,,,,,,"",,,,,,,
"","","",,"","","","","","","",,"","","","","","","",,"","","","","","","",,"","","","","","","",,"","","","","","","",,"","","","","","","",,"","","","","","","",,"","","","","",791794,1,"2024-05-06_18h07.33.488","experiment","2023.2.3","Win32",60.24096386,"5f8e16511b3c641de0918ccd","6638ede3ddbc5fcdff14e9cd","66390decbe3c2678338c6dd1","",,,"",,,"",,,"",,,"",,,"",,,,,"",,,"","",,,,"",,,"","","",,,"","",,,,,"","","",,,,,,,2,,,"",,,,,,,,,,,"","",,,,,,,"","",,,"s",0.8542,,"space",0.3247,,2,"green_gnome",2,8,"bright_forest","red_basket","pink_gnome",2,5,"dark_forest","yellow_basket",8,0,0,1,"green_gnome","bright_forest","red_basket",1061,0,0,45,1,181,1,1,"",,,"",,,"",,,"",,,"",,,,,,,"","",,,"",,,"",,,"",,,,,,,"",,,"","",,,,,,,,"",,,,,,,"",,,"","","",,,,,,,,"",,,,,,,
"","","",,"","","","","","","",,"","","","","","","",,"","","","","","","",,"","","","","","","",,"","","","","","","",,"","","","","","","",,"","","","","","","",,"","","","","",791794,1,"2024-05-06_18h07.33.488","experiment","2023.2.3","Win32",60.24096386,"5f8e16511b3c641de0918ccd","6638ede3ddbc5fcdff14e9cd","66390decbe3c2678338c6dd1","",,,"",,,"",,,"",,,"",,,"",,,,,"",,,"","",,,,"",,,"","","",,,"","",,,,,"","","",,,,,,,1,,,"",,,,,,,,,,,"","",,,,,,,"","",,,"s",0.8269,,"space",0.2904,,1,"orange_gnome",1,8,"bright_forest","red_basket","brown_gnome",1,5,"dark_forest","yellow_basket",8,0,0,1,"orange_gnome","bright_forest","red_basket",1069,4,2,45,2,182,0,1,"",,,"",,,"",,,"",,,"",,,,,,,"","",,,"",,,"",,,"",,,,,,,"",,,"","",,,,,,,,"",,,,,,,"",,,"","","",,,,,,,,"",,,,,,,
"","","",,"","","","","","","",,"","","","","","","",,"","","","","","","",,"","","","","","","",,"","","","","","","",,"","","","","","","",,"","","","","","","",,"","","","","",791794,1,"2024-05-06_18h07.33.488","experiment","2023.2.3","Win32",60.24096386,"5f8e16511b3c641de0918ccd","6638ede3ddbc5fcdff14e9cd","66390decbe3c2678338c6dd1","",,,"",,,"",,,"",,,"",,,"",,,,,"",,,"","",,,,"",,,"","","",,,"","",,,,,"","","",,,,,,,2,,,"",,,,,,,,,,,"","",,,,,,,"","",,,"s",0.9223,,"space",0.3045,,2,"green_gnome",2,6,"bright_forest","red_basket","pink_gnome",2,7,"dark_forest","yellow_basket",6,0,0,1,"green_gnome","bright_forest","red_basket",1075,1,2,45,3,183,1,1,"",,,"",,,"",,,"",,,"",,,,,,,"","",,,"",,,"",,,"",,,,,,,"",,,"","",,,,,,,,"",,,,,,,"",,,"","","",,,,,,,,"",,,,,,,
"","","",,"","","","","","","",,"","","","","","","",,"","","","","","","",,"","","","","","","",,"","","","","","","",,"","","","","","","",,"","","","","","","",,"","","","","",791794,1,"2024-05-06_18h07.33.488","experiment","2023.2.3","Win32",60.24096386,"5f8e16511b3c641de0918ccd","6638ede3ddbc5fcdff14e9cd","66390decbe3c2678338c6dd1","",,,"",,,"",,,"",,,"",,,"",,,,,"",,,"","",,,,"",,,"","","",,,"","",,,,,"","","",,,,,,,2,,,"",,,,,,,,,,,"","",,,,,,,"","",,,"s",0.7909,,"space",0.3422,,2,"green_gnome",2,7,"bright_forest","red_basket","pink_gnome",2,9,"dark_forest","yellow_basket",7,0,0,1,"green_gnome","bright_forest","red_basket",1082,-2,2,46,0,184,1,1,"",,,"",,,"",,,"",,,"",,,,,,,"","",,,"",,,"",,,"",,,,,,,"",,,"","",,,,,,,,"",,,,,,,"",,,"","","",,,,,,,,"",,,,,,,
"","","",,"","","","","","","",,"","","","","","","",,"","","","","","","",,"","","","","","","",,"","","","","","","",,"","","","","","","",,"","","","","","","",,"","","","","",791794,1,"2024-05-06_18h07.33.488","experiment","2023.2.3","Win32",60.24096386,"5f8e16511b3c641de0918ccd","6638ede3ddbc5fcdff14e9cd","66390decbe3c2678338c6dd1","",,,"",,,"",,,"",,,"",,,"",,,,,"",,,"","",,,,"",,,"","","",,,"","",,,,,"","","",,,,,,,4,,,"",,,,,,,,,,,"","",,,,,,,"","",,,"s",0.8707,,"space",0.3372,,4,"blue_gnome",4,5,"bright_forest","red_basket","purple_gnome",4,7,"dark_forest","yellow_basket",5,0,0,1,"blue_gnome","bright_forest","red_basket",1087,-1,-3,46,1,185,3,1,"",,,"",,,"",,,"",,,"",,,,,,,"","",,,"",,,"",,,"",,,,,,,"",,,"","",,,,,,,,"",,,,,,,"",,,"","","",,,,,,,,"",,,,,,,
"","","",,"","","","","","","",,"","","","","","","",,"","","","","","","",,"","","","","","","",,"","","","","","","",,"","","","","","","",,"","","","","","","",,"","","","","",791794,1,"2024-05-06_18h07.33.488","experiment","2023.2.3","Win32",60.24096386,"5f8e16511b3c641de0918ccd","6638ede3ddbc5fcdff14e9cd","66390decbe3c2678338c6dd1","",,,"",,,"",,,"",,,"",,,"",,,,,"",,,"","",,,,"",,,"","","",,,"","",,,,,"","","",,,,,,,2,,,"",,,,,,,,,,,"","",,,,,,,"","",,,"s",0.915,,"space",0.2196,,2,"pink_gnome",2,4,"dark_forest","yellow_basket","green_gnome",2,4,"bright_forest","red_basket",4,0,0,1,"pink_gnome","dark_forest","yellow_basket",1091,1,-1,46,2,186,1,1,"",,,"",,,"",,,"",,,"",,,,,,,"","",,,"",,,"",,,"",,,,,,,"",,,"","",,,,,,,,"",,,,,,,"",,,"","","",,,,,,,,"",,,,,,,
"","","",,"","","","","","","",,"","","","","","","",,"","","","","","","",,"","","","","","","",,"","","","","","","",,"","","","","","","",,"","","","","","","",,"","","","","",791794,1,"2024-05-06_18h07.33.488","experiment","2023.2.3","Win32",60.24096386,"5f8e16511b3c641de0918ccd","6638ede3ddbc5fcdff14e9cd","66390decbe3c2678338c6dd1","",,,"",,,"",,,"",,,"",,,"",,,,,"",,,"","",,,,"",,,"","","",,,"","",,,,,"","","",,,,,,,3,,,"",,,,,,,,,,,"","",,,,,,,"","",,,"s",0.8708,,"space",0.3374,,3,"red_gnome",3,5,"bright_forest","red_basket","yellow_gnome",3,3,"dark_forest","yellow_basket",5,0,0,1,"red_gnome","bright_forest","red_basket",1096,-2,3,46,3,187,2,1,"",,,"",,,"",,,"",,,"",,,,,,,"","",,,"",,,"",,,"",,,,,,,"",,,"","",,,,,,,,"",,,,,,,"",,,"","","",,,,,,,,"",,,,,,,
"","","",,"","","","","","","",,"","","","","","","",,"","","","","","","",,"","","","","","","",,"","","","","","","",,"","","","","","","",,"","","","","","","",,"","","","","",791794,1,"2024-05-06_18h07.33.488","experiment","2023.2.3","Win32",60.24096386,"5f8e16511b3c641de0918ccd","6638ede3ddbc5fcdff14e9cd","66390decbe3c2678338c6dd1","",,,"",,,"",,,"",,,"",,,"",,,,,"",,,"","",,,,"",,,"","","",,,"","",,,,,"","","",,,,,,,4,,,"",,,,,,,,,,,"","",,,,,,,"","",,,"s",0.679,,"space",0.3377,,4,"blue_gnome",4,3,"bright_forest","red_basket","purple_gnome",4,6,"dark_forest","yellow_basket",3,0,0,1,"blue_gnome","bright_forest","red_basket",1099,3,1,47,0,188,3,1,"",,,"",,,"",,,"",,,"",,,,,,,"","",,,"",,,"",,,"",,,,,,,"",,,"","",,,,,,,,"",,,,,,,"",,,"","","",,,,,,,,"",,,,,,,
"","","",,"","","","","","","",,"","","","","","","",,"","","","","","","",,"","","","","","","",,"","","","","","","",,"","","","","","","",,"","","","","","","",,"","","","","",791794,1,"2024-05-06_18h07.33.488","experiment","2023.2.3","Win32",60.24096386,"5f8e16511b3c641de0918ccd","6638ede3ddbc5fcdff14e9cd","66390decbe3c2678338c6dd1","",,,"",,,"",,,"",,,"",,,"",,,,,"",,,"","",,,,"",,,"","","",,,"","",,,,,"","","",,,,,,,3,,,"",,,,,,,,,,,"","",,,,,,,"","",,,"k",0.9105,,"space",0.3087,,3,"red_gnome",3,6,"bright_forest","red_basket","yellow_gnome",3,7,"dark_forest","yellow_basket",7,0,0,1,"yellow_gnome","dark_forest","yellow_basket",1106,1,2,47,1,189,2,1,"",,,"",,,"",,,"",,,"",,,,,,,"","",,,"",,,"",,,"",,,,,,,"",,,"","",,,,,,,,"",,,,,,,"",,,"","","",,,,,,,,"",,,,,,,
"","","",,"","","","","","","",,"","","","","","","",,"","","","","","","",,"","","","","","","",,"","","","","","","",,"","","","","","","",,"","","","","","","",,"","","","","",791794,1,"2024-05-06_18h07.33.488","experiment","2023.2.3","Win32",60.24096386,"5f8e16511b3c641de0918ccd","6638ede3ddbc5fcdff14e9cd","66390decbe3c2678338c6dd1","",,,"",,,"",,,"",,,"",,,"",,,,,"",,,"","",,,,"",,,"","","",,,"","",,,,,"","","",,,,,,,2,,,"",,,,,,,,,,,"","",,,,,,,"","",,,"s",1.2107,,"space",0.3387,,2,"pink_gnome",2,9,"dark_forest","yellow_basket","green_gnome",2,7,"bright_forest","red_basket",9,0,0,1,"pink_gnome","dark_forest","yellow_basket",1115,-1,-2,47,2,190,1,1,"",,,"",,,"",,,"",,,"",,,,,,,"","",,,"",,,"",,,"",,,,,,,"",,,"","",,,,,,,,"",,,,,,,"",,,"","","",,,,,,,,"",,,,,,,
"","","",,"","","","","","","",,"","","","","","","",,"","","","","","","",,"","","","","","","",,"","","","","","","",,"","","","","","","",,"","","","","","","",,"","","","","",791794,1,"2024-05-06_18h07.33.488","experiment","2023.2.3","Win32",60.24096386,"5f8e16511b3c641de0918ccd","6638ede3ddbc5fcdff14e9cd","66390decbe3c2678338c6dd1","",,,"",,,"",,,"",,,"",,,"",,,,,"",,,"","",,,,"",,,"","","",,,"","",,,,,"","","",,,,,,,2,,,"",,,,,,,,,,,"","",,,,,,,"","",,,"k",0.7623,,"space",0.2248,,2,"green_gnome",2,6,"bright_forest","red_basket","pink_gnome",2,7,"dark_forest","yellow_basket",7,0,0,1,"pink_gnome","dark_forest","yellow_basket",1122,3,-2,47,3,191,1,1,"space",23.9246,,"",,,"",,,"",,,"",,,,,,,"","",,,"",,,"",,,"",,,,,,,"",,,"","",,,,,,,,"",,,,,,,"",,,"","","",,,,,,,,"",,,,,,,
"","","",,"","","","","","","",,"","","","","","","",,"","","","","","","",,"","","","","","","",,"","","","","","","",,"","","","","","","",,"","","","","","","",,"","","","","",791794,1,"2024-05-06_18h07.33.488","experiment","2023.2.3","Win32",60.24096386,"5f8e16511b3c641de0918ccd","6638ede3ddbc5fcdff14e9cd","66390decbe3c2678338c6dd1","",,,"",,,"",,,"",,,"",,,"",,,,,"",,,"","",,,,"",,,"","","",,,"","",,,,,"","","",,,,,,,2,,,"",,,,,,,,,,,"","",,,,,,,"","",,,"s",0.7325,,"space",0.2919,,2,"pink_gnome",2,5,"dark_forest","yellow_basket","green_gnome",2,9,"bright_forest","red_basket",5,0,0,1,"pink_gnome","dark_forest","yellow_basket",1127,1,1,48,0,192,1,1,"",,,"",,,"",,,"",,,"",,,,,,,"","",,,"",,,"",,,"",,,,,,,"",,,"","",,,,,,,,"",,,,,,,"",,,"","","",,,,,,,,"",,,,,,,
"","","",,"","","","","","","",,"","","","","","","",,"","","","","","","",,"","","","","","","",,"","","","","","","",,"","","","","","","",,"","","","","","","",,"","","","","",791794,1,"2024-05-06_18h07.33.488","experiment","2023.2.3","Win32",60.24096386,"5f8e16511b3c641de0918ccd","6638ede3ddbc5fcdff14e9cd","66390decbe3c2678338c6dd1","",,,"",,,"",,,"",,,"",,,"",,,,,"",,,"","",,,,"",,,"","","",,,"","",,,,,"","","",,,,,,,3,,,"",,,,,,,,,,,"","",,,,,,,"","",,,"k",0.6745,,"space",0.2788,,3,"red_gnome",3,8,"bright_forest","red_basket","yellow_gnome",3,6,"dark_forest","yellow_basket",6,0,0,1,"yellow_gnome","dark_forest","yellow_basket",1133,1,1,48,1,193,2,1,"",,,"",,,"",,,"",,,"",,,,,,,"","",,,"",,,"",,,"",,,,,,,"",,,"","",,,,,,,,"",,,,,,,"",,,"","","",,,,,,,,"",,,,,,,
"","","",,"","","","","","","",,"","","","","","","",,"","","","","","","",,"","","","","","","",,"","","","","","","",,"","","","","","","",,"","","","","","","",,"","","","","",791794,1,"2024-05-06_18h07.33.488","experiment","2023.2.3","Win32",60.24096386,"5f8e16511b3c641de0918ccd","6638ede3ddbc5fcdff14e9cd","66390decbe3c2678338c6dd1","",,,"",,,"",,,"",,,"",,,"",,,,,"",,,"","",,,,"",,,"","","",,,"","",,,,,"","","",,,,,,,3,,,"",,,,,,,,,,,"","",,,,,,,"","",,,"k",0.6246,,"space",0.2723,,3,"red_gnome",3,9,"bright_forest","red_basket","yellow_gnome",3,7,"dark_forest","yellow_basket",7,0,0,1,"yellow_gnome","dark_forest","yellow_basket",1140,1,-1,48,2,194,2,1,"",,,"",,,"",,,"",,,"",,,,,,,"","",,,"",,,"",,,"",,,,,,,"",,,"","",,,,,,,,"",,,,,,,"",,,"","","",,,,,,,,"",,,,,,,
"","","",,"","","","","","","",,"","","","","","","",,"","","","","","","",,"","","","","","","",,"","","","","","","",,"","","","","","","",,"","","","","","","",,"","","","","",791794,1,"2024-05-06_18h07.33.488","experiment","2023.2.3","Win32",60.24096386,"5f8e16511b3c641de0918ccd","6638ede3ddbc5fcdff14e9cd","66390decbe3c2678338c6dd1","",,,"",,,"",,,"",,,"",,,"",,,,,"",,,"","",,,,"",,,"","","",,,"","",,,,,"","","",,,,,,,2,,,"",,,,,,,,,,,"","",,,,,,,"","",,,"k",0.8044,,"space",0.5262,,2,"green_gnome",2,8,"bright_forest","red_basket","pink_gnome",2,6,"dark_forest","yellow_basket",6,0,0,1,"pink_gnome","dark_forest","yellow_basket",1146,0,4,48,3,195,1,1,"",,,"",,,"",,,"",,,"",,,,,,,"","",,,"",,,"",,,"",,,,,,,"",,,"","",,,,,,,,"",,,,,,,"",,,"","","",,,,,,,,"",,,,,,,
"","","",,"","","","","","","",,"","","","","","","",,"","","","","","","",,"","","","","","","",,"","","","","","","",,"","","","","","","",,"","","","","","","",,"","","","","",791794,1,"2024-05-06_18h07.33.488","experiment","2023.2.3","Win32",60.24096386,"5f8e16511b3c641de0918ccd","6638ede3ddbc5fcdff14e9cd","66390decbe3c2678338c6dd1","",,,"",,,"",,,"",,,"",,,"",,,,,"",,,"","",,,,"",,,"","","",,,"","",,,,,"","","",,,,,,,3,,,"",,,,,,,,,,,"","",,,,,,,"","",,,"s",0.8209,,"space",0.2533,,3,"yellow_gnome",3,8,"dark_forest","yellow_basket","red_gnome",3,8,"bright_forest","red_basket",8,0,0,1,"yellow_gnome","dark_forest","yellow_basket",1154,3,1,49,0,196,2,1,"",,,"",,,"",,,"",,,"",,,,,,,"","",,,"",,,"",,,"",,,,,,,"",,,"","",,,,,,,,"",,,,,,,"",,,"","","",,,,,,,,"",,,,,,,
"","","",,"","","","","","","",,"","","","","","","",,"","","","","","","",,"","","","","","","",,"","","","","","","",,"","","","","","","",,"","","","","","","",,"","","","","",791794,1,"2024-05-06_18h07.33.488","experiment","2023.2.3","Win32",60.24096386,"5f8e16511b3c641de0918ccd","6638ede3ddbc5fcdff14e9cd","66390decbe3c2678338c6dd1","",,,"",,,"",,,"",,,"",,,"",,,,,"",,,"","",,,,"",,,"","","",,,"","",,,,,"","","",,,,,,,4,,,"",,,,,,,,,,,"","",,,,,,,"","",,,"s",0.9645,,"space",0.2822,,4,"purple_gnome",4,9,"dark_forest","yellow_basket","blue_gnome",4,7,"bright_forest","red_basket",9,0,0,1,"purple_gnome","dark_forest","yellow_basket",1163,-2,-1,49,1,197,3,1,"",,,"",,,"",,,"",,,"",,,,,,,"","",,,"",,,"",,,"",,,,,,,"",,,"","",,,,,,,,"",,,,,,,"",,,"","","",,,,,,,,"",,,,,,,
"","","",,"","","","","","","",,"","","","","","","",,"","","","","","","",,"","","","","","","",,"","","","","","","",,"","","","","","","",,"","","","","","","",,"","","","","",791794,1,"2024-05-06_18h07.33.488","experiment","2023.2.3","Win32",60.24096386,"5f8e16511b3c641de0918ccd","6638ede3ddbc5fcdff14e9cd","66390decbe3c2678338c6dd1","",,,"",,,"",,,"",,,"",,,"",,,,,"",,,"","",,,,"",,,"","","",,,"","",,,,,"","","",,,,,,,2,,,"",,,,,,,,,,,"","",,,,,,,"","",,,"s",1.0205,,"space",0.0297,,2,"pink_gnome",2,8,"dark_forest","yellow_basket","green_gnome",2,5,"bright_forest","red_basket",8,0,0,1,"pink_gnome","dark_forest","yellow_basket",1171,-1,1,49,2,198,1,1,"",,,"",,,"",,,"",,,"",,,,,,,"","",,,"",,,"",,,"",,,,,,,"",,,"","",,,,,,,,"",,,,,,,"",,,"","","",,,,,,,,"",,,,,,,
"","","",,"","","","","","","",,"","","","","","","",,"","","","","","","",,"","","","","","","",,"","","","","","","",,"","","","","","","",,"","","","","","","",,"","","","","",791794,1,"2024-05-06_18h07.33.488","experiment","2023.2.3","Win32",60.24096386,"5f8e16511b3c641de0918ccd","6638ede3ddbc5fcdff14e9cd","66390decbe3c2678338c6dd1","",,,"",,,"",,,"",,,"",,,"",,,,,"",,,"","",,,,"",,,"","","",,,"","",,,,,"","","",,,,,,,3,,,"",,,,,,,,,,,"","",,,,,,,"","",,,"s",0.7923,,"space",0.2706,,3,"yellow_gnome",3,9,"dark_forest","yellow_basket","red_gnome",3,4,"bright_forest","red_basket",9,0,0,1,"yellow_gnome","dark_forest","yellow_basket",1180,3,0,49,3,199,2,1,"",,,"",,,"",,,"",,,"",,,,,,,"","",,,"",,,"",,,"",,,,,,,"",,,"","",,,,,,,,"",,,,,,,"",,,"","","",,,,,,,,"",,,,,,,
"","","",,"","","","","","","",,"","","","","","","",,"","","","","","","",,"","","","","","","",,"","","","","","","",,"","","","","","","",,"","","","","","","",,"","","","","",791794,1,"2024-05-06_18h07.33.488","experiment","2023.2.3","Win32",60.24096386,"5f8e16511b3c641de0918ccd","6638ede3ddbc5fcdff14e9cd","66390decbe3c2678338c6dd1","",,,"",,,"",,,"",,,"",,,"",,,,,"",,,"","",,,,"",,,"","","",,,"","",,,,,"","","",,,,,,,3,,,"",,,,,,,,,,,"","",,,,,,,"","",,,"s",0.8867,,"space",0.3322,,3,"yellow_gnome",3,9,"dark_forest","yellow_basket","red_gnome",3,7,"bright_forest","red_basket",9,0,0,1,"yellow_gnome","dark_forest","yellow_basket",1189,1,0,50,0,200,2,1,"",,,"",,,"",,,"",,,"",,,,,,,"","",,,"",,,"",,,"",,,,,,,"",,,"","",,,,,,,,"",,,,,,,"",,,"","","",,,,,,,,"",,,,,,,
"","","",,"","","","","","","",,"","","","","","","",,"","","","","","","",,"","","","","","","",,"","","","","","","",,"","","","","","","",,"","","","","","","",,"","","","","",791794,1,"2024-05-06_18h07.33.488","experiment","2023.2.3","Win32",60.24096386,"5f8e16511b3c641de0918ccd","6638ede3ddbc5fcdff14e9cd","66390decbe3c2678338c6dd1","",,,"",,,"",,,"",,,"",,,"",,,,,"",,,"","",,,,"",,,"","","",,,"","",,,,,"","","",,,,,,,2,,,"",,,,,,,,,,,"","",,,,,,,"","",,,"s",0.7321,,"space",0.2585,,2,"pink_gnome",2,9,"dark_forest","yellow_basket","green_gnome",2,8,"bright_forest","red_basket",9,0,0,1,"pink_gnome","dark_forest","yellow_basket",1198,1,2,50,1,201,1,1,"",,,"",,,"",,,"",,,"",,,,,,,"","",,,"",,,"",,,"",,,,,,,"",,,"","",,,,,,,,"",,,,,,,"",,,"","","",,,,,,,,"",,,,,,,
"","","",,"","","","","","","",,"","","","","","","",,"","","","","","","",,"","","","","","","",,"","","","","","","",,"","","","","","","",,"","","","","","","",,"","","","","",791794,1,"2024-05-06_18h07.33.488","experiment","2023.2.3","Win32",60.24096386,"5f8e16511b3c641de0918ccd","6638ede3ddbc5fcdff14e9cd","66390decbe3c2678338c6dd1","",,,"",,,"",,,"",,,"",,,"",,,,,"",,,"","",,,,"",,,"","","",,,"","",,,,,"","","",,,,,,,1,,,"",,,,,,,,,,,"","",,,,,,,"","",,,"k",0.7543,,"space",0.2722,,1,"orange_gnome",1,9,"bright_forest","red_basket","brown_gnome",1,7,"dark_forest","yellow_basket",7,0,0,1,"brown_gnome","dark_forest","yellow_basket",1205,0,-2,50,2,202,0,1,"",,,"",,,"",,,"",,,"",,,,,,,"","",,,"",,,"",,,"",,,,,,,"",,,"","",,,,,,,,"",,,,,,,"",,,"","","",,,,,,,,"",,,,,,,
"","","",,"","","","","","","",,"","","","","","","",,"","","","","","","",,"","","","","","","",,"","","","","","","",,"","","","","","","",,"","","","","","","",,"","","","","",791794,1,"2024-05-06_18h07.33.488","experiment","2023.2.3","Win32",60.24096386,"5f8e16511b3c641de0918ccd","6638ede3ddbc5fcdff14e9cd","66390decbe3c2678338c6dd1","",,,"",,,"",,,"",,,"",,,"",,,,,"",,,"","",,,,"",,,"","","",,,"","",,,,,"","","",,,,,,,3,,,"",,,,,,,,,,,"","",,,,,,,"","",,,"s",0.7124,,"space",0.2946,,3,"yellow_gnome",3,5,"dark_forest","yellow_basket","red_gnome",3,9,"bright_forest","red_basket",5,0,0,1,"yellow_gnome","dark_forest","yellow_basket",1210,0,0,50,3,203,2,1,"",,,"",,,"",,,"",,,"",,,,,,,"","",,,"",,,"",,,"",,,,,,,"",,,"","",,,,,,,,"",,,,,,,"",,,"","","",,,,,,,,"",,,,,,,
"","","",,"","","","","","","",,"","","","","","","",,"","","","","","","",,"","","","","","","",,"","","","","","","",,"","","","","","","",,"","","","","","","",,"","","","","",791794,1,"2024-05-06_18h07.33.488","experiment","2023.2.3","Win32",60.24096386,"5f8e16511b3c641de0918ccd","6638ede3ddbc5fcdff14e9cd","66390decbe3c2678338c6dd1","",,,"",,,"",,,"",,,"",,,"",,,,,"",,,"","",,,,"",,,"","","",,,"","",,,,,"","","",,,,,,,2,,,"",,,,,,,,,,,"","",,,,,,,"","",,,"k",0.9886,,"space",0.2868,,2,"green_gnome",2,9,"bright_forest","red_basket","pink_gnome",2,5,"dark_forest","yellow_basket",5,0,0,1,"pink_gnome","dark_forest","yellow_basket",1215,1,-2,51,0,204,1,1,"",,,"",,,"",,,"",,,"",,,,,,,"","",,,"",,,"",,,"",,,,,,,"",,,"","",,,,,,,,"",,,,,,,"",,,"","","",,,,,,,,"",,,,,,,
"","","",,"","","","","","","",,"","","","","","","",,"","","","","","","",,"","","","","","","",,"","","","","","","",,"","","","","","","",,"","","","","","","",,"","","","","",791794,1,"2024-05-06_18h07.33.488","experiment","2023.2.3","Win32",60.24096386,"5f8e16511b3c641de0918ccd","6638ede3ddbc5fcdff14e9cd","66390decbe3c2678338c6dd1","",,,"",,,"",,,"",,,"",,,"",,,,,"",,,"","",,,,"",,,"","","",,,"","",,,,,"","","",,,,,,,2,,,"",,,,,,,,,,,"","",,,,,,,"","",,,"k",0.8209,,"space",0.2906,,2,"green_gnome",2,8,"bright_forest","red_basket","pink_gnome",2,3,"dark_forest","yellow_basket",3,0,0,1,"pink_gnome","dark_forest","yellow_basket",1218,0,1,51,1,205,1,1,"",,,"",,,"",,,"",,,"",,,,,,,"","",,,"",,,"",,,"",,,,,,,"",,,"","",,,,,,,,"",,,,,,,"",,,"","","",,,,,,,,"",,,,,,,
"","","",,"","","","","","","",,"","","","","","","",,"","","","","","","",,"","","","","","","",,"","","","","","","",,"","","","","","","",,"","","","","","","",,"","","","","",791794,1,"2024-05-06_18h07.33.488","experiment","2023.2.3","Win32",60.24096386,"5f8e16511b3c641de0918ccd","6638ede3ddbc5fcdff14e9cd","66390decbe3c2678338c6dd1","",,,"",,,"",,,"",,,"",,,"",,,,,"",,,"","",,,,"",,,"","","",,,"","",,,,,"","","",,,,,,,2,,,"",,,,,,,,,,,"","",,,,,,,"","",,,"k",0.7927,,"space",0.3613,,2,"pink_gnome",2,4,"dark_forest","yellow_basket","green_gnome",2,8,"bright_forest","red_basket",8,0,0,1,"green_gnome","bright_forest","red_basket",1226,0,1,51,2,206,1,1,"",,,"",,,"",,,"",,,"",,,,,,,"","",,,"",,,"",,,"",,,,,,,"",,,"","",,,,,,,,"",,,,,,,"",,,"","","",,,,,,,,"",,,,,,,
"","","",,"","","","","","","",,"","","","","","","",,"","","","","","","",,"","","","","","","",,"","","","","","","",,"","","","","","","",,"","","","","","","",,"","","","","",791794,1,"2024-05-06_18h07.33.488","experiment","2023.2.3","Win32",60.24096386,"5f8e16511b3c641de0918ccd","6638ede3ddbc5fcdff14e9cd","66390decbe3c2678338c6dd1","",,,"",,,"",,,"",,,"",,,"",,,,,"",,,"","",,,,"",,,"","","",,,"","",,,,,"","","",,,,,,,1,,,"",,,,,,,,,,,"","",,,,,,,"","",,,"s",0.8084,,"space",0.3558,,1,"orange_gnome",1,8,"bright_forest","red_basket","brown_gnome",1,5,"dark_forest","yellow_basket",8,0,0,1,"orange_gnome","bright_forest","red_basket",1234,-1,2,51,3,207,0,1,"",,,"",,,"",,,"",,,"",,,,,,,"","",,,"",,,"",,,"",,,,,,,"",,,"","",,,,,,,,"",,,,,,,"",,,"","","",,,,,,,,"",,,,,,,
"","","",,"","","","","","","",,"","","","","","","",,"","","","","","","",,"","","","","","","",,"","","","","","","",,"","","","","","","",,"","","","","","","",,"","","","","",791794,1,"2024-05-06_18h07.33.488","experiment","2023.2.3","Win32",60.24096386,"5f8e16511b3c641de0918ccd","6638ede3ddbc5fcdff14e9cd","66390decbe3c2678338c6dd1","",,,"",,,"",,,"",,,"",,,"",,,,,"",,,"","",,,,"",,,"","","",,,"","",,,,,"","","",,,,,,,3,,,"",,,,,,,,,,,"","",,,,,,,"","",,,"s",0.9031,,"space",0.3086,,3,"red_gnome",3,7,"bright_forest","red_basket","yellow_gnome",3,7,"dark_forest","yellow_basket",7,0,0,1,"red_gnome","bright_forest","red_basket",1241,-1,-2,52,0,208,2,1,"",,,"",,,"",,,"",,,"",,,,,,,"","",,,"",,,"",,,"",,,,,,,"",,,"","",,,,,,,,"",,,,,,,"",,,"","","",,,,,,,,"",,,,,,,
"","","",,"","","","","","","",,"","","","","","","",,"","","","","","","",,"","","","","","","",,"","","","","","","",,"","","","","","","",,"","","","","","","",,"","","","","",791794,1,"2024-05-06_18h07.33.488","experiment","2023.2.3","Win32",60.24096386,"5f8e16511b3c641de0918ccd","6638ede3ddbc5fcdff14e9cd","66390decbe3c2678338c6dd1","",,,"",,,"",,,"",,,"",,,"",,,,,"",,,"","",,,,"",,,"","","",,,"","",,,,,"","","",,,,,,,4,,,"",,,,,,,,,,,"","",,,,,,,"","",,,"k",0.6443,,"space",0.3302,,4,"purple_gnome",4,5,"dark_forest","yellow_basket","blue_gnome",4,6,"bright_forest","red_basket",6,0,0,1,"blue_gnome","bright_forest","red_basket",1247,2,0,52,1,209,3,1,"",,,"",,,"",,,"",,,"",,,,,,,"","",,,"",,,"",,,"",,,,,,,"",,,"","",,,,,,,,"",,,,,,,"",,,"","","",,,,,,,,"",,,,,,,
"","","",,"","","","","","","",,"","","","","","","",,"","","","","","","",,"","","","","","","",,"","","","","","","",,"","","","","","","",,"","","","","","","",,"","","","","",791794,1,"2024-05-06_18h07.33.488","experiment","2023.2.3","Win32",60.24096386,"5f8e16511b3c641de0918ccd","6638ede3ddbc5fcdff14e9cd","66390decbe3c2678338c6dd1","",,,"",,,"",,,"",,,"",,,"",,,,,"",,,"","",,,,"",,,"","","",,,"","",,,,,"","","",,,,,,,4,,,"",,,,,,,,,,,"","",,,,,,,"","",,,"k",0.7128,,"space",0.354,,4,"purple_gnome",4,5,"dark_forest","yellow_basket","blue_gnome",4,8,"bright_forest","red_basket",8,0,0,1,"blue_gnome","bright_forest","red_basket",1255,2,0,52,2,210,3,1,"",,,"",,,"",,,"",,,"",,,,,,,"","",,,"",,,"",,,"",,,,,,,"",,,"","",,,,,,,,"",,,,,,,"",,,"","","",,,,,,,,"",,,,,,,
"","","",,"","","","","","","",,"","","","","","","",,"","","","","","","",,"","","","","","","",,"","","","","","","",,"","","","","","","",,"","","","","","","",,"","","","","",791794,1,"2024-05-06_18h07.33.488","experiment","2023.2.3","Win32",60.24096386,"5f8e16511b3c641de0918ccd","6638ede3ddbc5fcdff14e9cd","66390decbe3c2678338c6dd1","",,,"",,,"",,,"",,,"",,,"",,,,,"",,,"","",,,,"",,,"","","",,,"","",,,,,"","","",,,,,,,2,,,"",,,,,,,,,,,"","",,,,,,,"","",,,"s",0.8404,,"space",0.3198,,2,"green_gnome",2,8,"bright_forest","red_basket","pink_gnome",2,5,"dark_forest","yellow_basket",8,0,0,1,"green_gnome","bright_forest","red_basket",1263,-1,1,52,3,211,1,1,"",,,"",,,"",,,"",,,"",,,,,,,"","",,,"",,,"",,,"",,,,,,,"",,,"","",,,,,,,,"",,,,,,,"",,,"","","",,,,,,,,"",,,,,,,
"","","",,"","","","","","","",,"","","","","","","",,"","","","","","","",,"","","","","","","",,"","","","","","","",,"","","","","","","",,"","","","","","","",,"","","","","",791794,1,"2024-05-06_18h07.33.488","experiment","2023.2.3","Win32",60.24096386,"5f8e16511b3c641de0918ccd","6638ede3ddbc5fcdff14e9cd","66390decbe3c2678338c6dd1","",,,"",,,"",,,"",,,"",,,"",,,,,"",,,"","",,,,"",,,"","","",,,"","",,,,,"","","",,,,,,,1,,,"",,,,,,,,,,,"","",,,,,,,"","",,,"s",0.9971,,"space",0.3209,,1,"orange_gnome",1,7,"bright_forest","red_basket","brown_gnome",1,6,"dark_forest","yellow_basket",7,0,0,1,"orange_gnome","bright_forest","red_basket",1270,-2,-2,53,0,212,0,1,"",,,"",,,"",,,"",,,"",,,,,,,"","",,,"",,,"",,,"",,,,,,,"",,,"","",,,,,,,,"",,,,,,,"",,,"","","",,,,,,,,"",,,,,,,
"","","",,"","","","","","","",,"","","","","","","",,"","","","","","","",,"","","","","","","",,"","","","","","","",,"","","","","","","",,"","","","","","","",,"","","","","",791794,1,"2024-05-06_18h07.33.488","experiment","2023.2.3","Win32",60.24096386,"5f8e16511b3c641de0918ccd","6638ede3ddbc5fcdff14e9cd","66390decbe3c2678338c6dd1","",,,"",,,"",,,"",,,"",,,"",,,,,"",,,"","",,,,"",,,"","","",,,"","",,,,,"","","",,,,,,,3,,,"",,,,,,,,,,,"","",,,,,,,"","",,,"s",0.795,,"space",0.2735,,3,"yellow_gnome",3,4,"dark_forest","yellow_basket","red_gnome",3,5,"bright_forest","red_basket",4,0,0,1,"yellow_gnome","dark_forest","yellow_basket",1274,1,2,53,1,213,2,1,"",,,"",,,"",,,"",,,"",,,,,,,"","",,,"",,,"",,,"",,,,,,,"",,,"","",,,,,,,,"",,,,,,,"",,,"","","",,,,,,,,"",,,,,,,
"","","",,"","","","","","","",,"","","","","","","",,"","","","","","","",,"","","","","","","",,"","","","","","","",,"","","","","","","",,"","","","","","","",,"","","","","",791794,1,"2024-05-06_18h07.33.488","experiment","2023.2.3","Win32",60.24096386,"5f8e16511b3c641de0918ccd","6638ede3ddbc5fcdff14e9cd","66390decbe3c2678338c6dd1","",,,"",,,"",,,"",,,"",,,"",,,,,"",,,"","",,,,"",,,"","","",,,"","",,,,,"","","",,,,,,,1,,,"",,,,,,,,,,,"","",,,,,,,"","",,,"k",0.7527,,"space",0.5278,,1,"brown_gnome",1,6,"dark_forest","yellow_basket","orange_gnome",1,6,"bright_forest","red_basket",6,0,0,1,"orange_gnome","bright_forest","red_basket",1280,-1,5,53,2,214,0,1,"",,,"",,,"",,,"",,,"",,,,,,,"","",,,"",,,"",,,"",,,,,,,"",,,"","",,,,,,,,"",,,,,,,"",,,"","","",,,,,,,,"",,,,,,,
"","","",,"","","","","","","",,"","","","","","","",,"","","","","","","",,"","","","","","","",,"","","","","","","",,"","","","","","","",,"","","","","","","",,"","","","","",791794,1,"2024-05-06_18h07.33.488","experiment","2023.2.3","Win32",60.24096386,"5f8e16511b3c641de0918ccd","6638ede3ddbc5fcdff14e9cd","66390decbe3c2678338c6dd1","",,,"",,,"",,,"",,,"",,,"",,,,,"",,,"","",,,,"",,,"","","",,,"","",,,,,"","","",,,,,,,2,,,"",,,,,,,,,,,"","",,,,,,,"","",,,"s",0.8723,,"space",0.3504,,2,"green_gnome",2,5,"bright_forest","red_basket","pink_gnome",2,7,"dark_forest","yellow_basket",5,0,0,1,"green_gnome","bright_forest","red_basket",1285,1,5,53,3,215,1,1,"",,,"",,,"",,,"",,,"",,,,,,,"","",,,"",,,"",,,"",,,,,,,"",,,"","",,,,,,,,"",,,,,,,"",,,"","","",,,,,,,,"",,,,,,,
"","","",,"","","","","","","",,"","","","","","","",,"","","","","","","",,"","","","","","","",,"","","","","","","",,"","","","","","","",,"","","","","","","",,"","","","","",791794,1,"2024-05-06_18h07.33.488","experiment","2023.2.3","Win32",60.24096386,"5f8e16511b3c641de0918ccd","6638ede3ddbc5fcdff14e9cd","66390decbe3c2678338c6dd1","",,,"",,,"",,,"",,,"",,,"",,,,,"",,,"","",,,,"",,,"","","",,,"","",,,,,"","","",,,,,,,3,,,"",,,,,,,,,,,"","",,,,,,,"","",,,"k",0.9246,,"space",0.3239,,3,"yellow_gnome",3,6,"dark_forest","yellow_basket","red_gnome",3,6,"bright_forest","red_basket",6,0,0,1,"red_gnome","bright_forest","red_basket",1291,-2,1,54,0,216,2,1,"",,,"",,,"",,,"",,,"",,,,,,,"","",,,"",,,"",,,"",,,,,,,"",,,"","",,,,,,,,"",,,,,,,"",,,"","","",,,,,,,,"",,,,,,,
"","","",,"","","","","","","",,"","","","","","","",,"","","","","","","",,"","","","","","","",,"","","","","","","",,"","","","","","","",,"","","","","","","",,"","","","","",791794,1,"2024-05-06_18h07.33.488","experiment","2023.2.3","Win32",60.24096386,"5f8e16511b3c641de0918ccd","6638ede3ddbc5fcdff14e9cd","66390decbe3c2678338c6dd1","",,,"",,,"",,,"",,,"",,,"",,,,,"",,,"","",,,,"",,,"","","",,,"","",,,,,"","","",,,,,,,4,,,"",,,,,,,,,,,"","",,,,,,,"","",,,"s",0.8434,,"space",0.3218,,4,"blue_gnome",4,4,"bright_forest","red_basket","purple_gnome",4,7,"dark_forest","yellow_basket",4,0,0,1,"blue_gnome","bright_forest","red_basket",1295,-1,0,54,1,217,3,1,"",,,"",,,"",,,"",,,"",,,,,,,"","",,,"",,,"",,,"",,,,,,,"",,,"","",,,,,,,,"",,,,,,,"",,,"","","",,,,,,,,"",,,,,,,
"","","",,"","","","","","","",,"","","","","","","",,"","","","","","","",,"","","","","","","",,"","","","","","","",,"","","","","","","",,"","","","","","","",,"","","","","",791794,1,"2024-05-06_18h07.33.488","experiment","2023.2.3","Win32",60.24096386,"5f8e16511b3c641de0918ccd","6638ede3ddbc5fcdff14e9cd","66390decbe3c2678338c6dd1","",,,"",,,"",,,"",,,"",,,"",,,,,"",,,"","",,,,"",,,"","","",,,"","",,,,,"","","",,,,,,,4,,,"",,,,,,,,,,,"","",,,,,,,"","",,,"k",0.6483,,"space",0.2557,,4,"blue_gnome",4,3,"bright_forest","red_basket","purple_gnome",4,7,"dark_forest","yellow_basket",7,0,0,1,"purple_gnome","dark_forest","yellow_basket",1302,3,0,54,2,218,3,1,"",,,"",,,"",,,"",,,"",,,,,,,"","",,,"",,,"",,,"",,,,,,,"",,,"","",,,,,,,,"",,,,,,,"",,,"","","",,,,,,,,"",,,,,,,
"","","",,"","","","","","","",,"","","","","","","",,"","","","","","","",,"","","","","","","",,"","","","","","","",,"","","","","","","",,"","","","","","","",,"","","","","",791794,1,"2024-05-06_18h07.33.488","experiment","2023.2.3","Win32",60.24096386,"5f8e16511b3c641de0918ccd","6638ede3ddbc5fcdff14e9cd","66390decbe3c2678338c6dd1","",,,"",,,"",,,"",,,"",,,"",,,,,"",,,"","",,,,"",,,"","","",,,"","",,,,,"","","",,,,,,,1,,,"",,,,,,,,,,,"","",,,,,,,"","",,,"k",0.6958,,"space",0.5735,,1,"orange_gnome",1,6,"bright_forest","red_basket","brown_gnome",1,7,"dark_forest","yellow_basket",7,0,0,1,"brown_gnome","dark_forest","yellow_basket",1309,6,0,54,3,219,0,1,"",,,"",,,"",,,"",,,"",,,,,,,"","",,,"",,,"",,,"",,,,,,,"",,,"","",,,,,,,,"",,,,,,,"",,,"","","",,,,,,,,"",,,,,,,
"","","",,"","","","","","","",,"","","","","","","",,"","","","","","","",,"","","","","","","",,"","","","","","","",,"","","","","","","",,"","","","","","","",,"","","","","",791794,1,"2024-05-06_18h07.33.488","experiment","2023.2.3","Win32",60.24096386,"5f8e16511b3c641de0918ccd","6638ede3ddbc5fcdff14e9cd","66390decbe3c2678338c6dd1","",,,"",,,"",,,"",,,"",,,"",,,,,"",,,"","",,,,"",,,"","","",,,"","",,,,,"","","",,,,,,,4,,,"",,,,,,,,,,,"","",,,,,,,"","",,,"s",0.6696,,"space",0.3556,,4,"purple_gnome",4,7,"dark_forest","yellow_basket","blue_gnome",4,6,"bright_forest","red_basket",7,0,0,1,"purple_gnome","dark_forest","yellow_basket",1316,-1,0,55,0,220,3,1,"",,,"",,,"",,,"",,,"",,,,,,,"","",,,"",,,"",,,"",,,,,,,"",,,"","",,,,,,,,"",,,,,,,"",,,"","","",,,,,,,,"",,,,,,,
"","","",,"","","","","","","",,"","","","","","","",,"","","","","","","",,"","","","","","","",,"","","","","","","",,"","","","","","","",,"","","","","","","",,"","","","","",791794,1,"2024-05-06_18h07.33.488","experiment","2023.2.3","Win32",60.24096386,"5f8e16511b3c641de0918ccd","6638ede3ddbc5fcdff14e9cd","66390decbe3c2678338c6dd1","",,,"",,,"",,,"",,,"",,,"",,,,,"",,,"","",,,,"",,,"","","",,,"","",,,,,"","","",,,,,,,2,,,"",,,,,,,,,,,"","",,,,,,,"","",,,"s",0.7313,,"space",0.2495,,2,"pink_gnome",2,7,"dark_forest","yellow_basket","green_gnome",2,5,"bright_forest","red_basket",7,0,0,1,"pink_gnome","dark_forest","yellow_basket",1323,2,0,55,1,221,1,1,"",,,"",,,"",,,"",,,"",,,,,,,"","",,,"",,,"",,,"",,,,,,,"",,,"","",,,,,,,,"",,,,,,,"",,,"","","",,,,,,,,"",,,,,,,
"","","",,"","","","","","","",,"","","","","","","",,"","","","","","","",,"","","","","","","",,"","","","","","","",,"","","","","","","",,"","","","","","","",,"","","","","",791794,1,"2024-05-06_18h07.33.488","experiment","2023.2.3","Win32",60.24096386,"5f8e16511b3c641de0918ccd","6638ede3ddbc5fcdff14e9cd","66390decbe3c2678338c6dd1","",,,"",,,"",,,"",,,"",,,"",,,,,"",,,"","",,,,"",,,"","","",,,"","",,,,,"","","",,,,,,,2,,,"",,,,,,,,,,,"","",,,,,,,"","",,,"k",0.6556,,"space",0.2473,,2,"green_gnome",2,7,"bright_forest","red_basket","pink_gnome",2,7,"dark_forest","yellow_basket",7,0,0,1,"pink_gnome","dark_forest","yellow_basket",1330,-2,3,55,2,222,1,1,"",,,"",,,"",,,"",,,"",,,,,,,"","",,,"",,,"",,,"",,,,,,,"",,,"","",,,,,,,,"",,,,,,,"",,,"","","",,,,,,,,"",,,,,,,
"","","",,"","","","","","","",,"","","","","","","",,"","","","","","","",,"","","","","","","",,"","","","","","","",,"","","","","","","",,"","","","","","","",,"","","","","",791794,1,"2024-05-06_18h07.33.488","experiment","2023.2.3","Win32",60.24096386,"5f8e16511b3c641de0918ccd","6638ede3ddbc5fcdff14e9cd","66390decbe3c2678338c6dd1","",,,"",,,"",,,"",,,"",,,"",,,,,"",,,"","",,,,"",,,"","","",,,"","",,,,,"","","",,,,,,,3,,,"",,,,,,,,,,,"","",,,,,,,"","",,,"k",0.6154,,"space",0.2456,,3,"red_gnome",3,5,"bright_forest","red_basket","yellow_gnome",3,8,"dark_forest","yellow_basket",8,0,0,1,"yellow_gnome","dark_forest","yellow_basket",1338,-1,-4,55,3,223,2,1,"",,,"",,,"",,,"",,,"",,,,,,,"","",,,"",,,"",,,"",,,,,,,"",,,"","",,,,,,,,"",,,,,,,"",,,"","","",,,,,,,,"",,,,,,,
"","","",,"","","","","","","",,"","","","","","","",,"","","","","","","",,"","","","","","","",,"","","","","","","",,"","","","","","","",,"","","","","","","",,"","","","","",791794,1,"2024-05-06_18h07.33.488","experiment","2023.2.3","Win32",60.24096386,"5f8e16511b3c641de0918ccd","6638ede3ddbc5fcdff14e9cd","66390decbe3c2678338c6dd1","",,,"",,,"",,,"",,,"",,,"",,,,,"",,,"","",,,,"",,,"","","",,,"","",,,,,"","","",,,,,,,4,,,"",,,,,,,,,,,"","",,,,,,,"","",,,"s",0.6531,,"space",0.2712,,4,"purple_gnome",4,4,"dark_forest","yellow_basket","blue_gnome",4,4,"bright_forest","red_basket",4,0,0,1,"purple_gnome","dark_forest","yellow_basket",1342,-3,2,56,0,224,3,1,"",,,"",,,"",,,"",,,"",,,,,,,"","",,,"",,,"",,,"",,,,,,,"",,,"","",,,,,,,,"",,,,,,,"",,,"","","",,,,,,,,"",,,,,,,
"","","",,"","","","","","","",,"","","","","","","",,"","","","","","","",,"","","","","","","",,"","","","","","","",,"","","","","","","",,"","","","","","","",,"","","","","",791794,1,"2024-05-06_18h07.33.488","experiment","2023.2.3","Win32",60.24096386,"5f8e16511b3c641de0918ccd","6638ede3ddbc5fcdff14e9cd","66390decbe3c2678338c6dd1","",,,"",,,"",,,"",,,"",,,"",,,,,"",,,"","",,,,"",,,"","","",,,"","",,,,,"","","",,,,,,,1,,,"",,,,,,,,,,,"","",,,,,,,"","",,,"s",0.7554,,"space",0.3056,,1,"orange_gnome",1,1,"bright_forest","red_basket","brown_gnome",1,6,"dark_forest","yellow_basket",1,0,0,1,"orange_gnome","bright_forest","red_basket",1343,0,-3,56,1,225,0,1,"",,,"",,,"",,,"",,,"",,,,,,,"","",,,"",,,"",,,"",,,,,,,"",,,"","",,,,,,,,"",,,,,,,"",,,"","","",,,,,,,,"",,,,,,,
"","","",,"","","","","","","",,"","","","","","","",,"","","","","","","",,"","","","","","","",,"","","","","","","",,"","","","","","","",,"","","","","","","",,"","","","","",791794,1,"2024-05-06_18h07.33.488","experiment","2023.2.3","Win32",60.24096386,"5f8e16511b3c641de0918ccd","6638ede3ddbc5fcdff14e9cd","66390decbe3c2678338c6dd1","",,,"",,,"",,,"",,,"",,,"",,,,,"",,,"","",,,,"",,,"","","",,,"","",,,,,"","","",,,,,,,1,,,"",,,,,,,,,,,"","",,,,,,,"","",,,"s",0.7366,,"space",0.2951,,1,"brown_gnome",1,3,"dark_forest","yellow_basket","orange_gnome",1,1,"bright_forest","red_basket",3,0,0,1,"brown_gnome","dark_forest","yellow_basket",1346,-1,-4,56,2,226,0,1,"",,,"",,,"",,,"",,,"",,,,,,,"","",,,"",,,"",,,"",,,,,,,"",,,"","",,,,,,,,"",,,,,,,"",,,"","","",,,,,,,,"",,,,,,,
"","","",,"","","","","","","",,"","","","","","","",,"","","","","","","",,"","","","","","","",,"","","","","","","",,"","","","","","","",,"","","","","","","",,"","","","","",791794,1,"2024-05-06_18h07.33.488","experiment","2023.2.3","Win32",60.24096386,"5f8e16511b3c641de0918ccd","6638ede3ddbc5fcdff14e9cd","66390decbe3c2678338c6dd1","",,,"",,,"",,,"",,,"",,,"",,,,,"",,,"","",,,,"",,,"","","",,,"","",,,,,"","","",,,,,,,4,,,"",,,,,,,,,,,"","",,,,,,,"","",,,"k",0.7114,,"space",0.2617,,4,"blue_gnome",4,0,"bright_forest","red_basket","purple_gnome",4,1,"dark_forest","yellow_basket",1,0,0,1,"purple_gnome","dark_forest","yellow_basket",1347,1,0,56,3,227,3,1,"",,,"",,,"",,,"",,,"",,,,,,,"","",,,"",,,"",,,"",,,,,,,"",,,"","",,,,,,,,"",,,,,,,"",,,"","","",,,,,,,,"",,,,,,,
"","","",,"","","","","","","",,"","","","","","","",,"","","","","","","",,"","","","","","","",,"","","","","","","",,"","","","","","","",,"","","","","","","",,"","","","","",791794,1,"2024-05-06_18h07.33.488","experiment","2023.2.3","Win32",60.24096386,"5f8e16511b3c641de0918ccd","6638ede3ddbc5fcdff14e9cd","66390decbe3c2678338c6dd1","",,,"",,,"",,,"",,,"",,,"",,,,,"",,,"","",,,,"",,,"","","",,,"","",,,,,"","","",,,,,,,4,,,"",,,,,,,,,,,"","",,,,,,,"","",,,"k",0.7878,,"space",0.3374,,4,"purple_gnome",4,1,"dark_forest","yellow_basket","blue_gnome",4,1,"bright_forest","red_basket",1,0,0,1,"blue_gnome","bright_forest","red_basket",1348,0,-2,57,0,228,3,1,"",,,"",,,"",,,"",,,"",,,,,,,"","",,,"",,,"",,,"",,,,,,,"",,,"","",,,,,,,,"",,,,,,,"",,,"","","",,,,,,,,"",,,,,,,
"","","",,"","","","","","","",,"","","","","","","",,"","","","","","","",,"","","","","","","",,"","","","","","","",,"","","","","","","",,"","","","","","","",,"","","","","",791794,1,"2024-05-06_18h07.33.488","experiment","2023.2.3","Win32",60.24096386,"5f8e16511b3c641de0918ccd","6638ede3ddbc5fcdff14e9cd","66390decbe3c2678338c6dd1","",,,"",,,"",,,"",,,"",,,"",,,,,"",,,"","",,,,"",,,"","","",,,"","",,,,,"","","",,,,,,,3,,,"",,,,,,,,,,,"","",,,,,,,"","",,,"s",0.6915,,"space",0.2416,,3,"yellow_gnome",3,1,"dark_forest","yellow_basket","red_gnome",3,1,"bright_forest","red_basket",1,0,0,1,"yellow_gnome","dark_forest","yellow_basket",1349,0,-2,57,1,229,2,1,"",,,"",,,"",,,"",,,"",,,,,,,"","",,,"",,,"",,,"",,,,,,,"",,,"","",,,,,,,,"",,,,,,,"",,,"","","",,,,,,,,"",,,,,,,
"","","",,"","","","","","","",,"","","","","","","",,"","","","","","","",,"","","","","","","",,"","","","","","","",,"","","","","","","",,"","","","","","","",,"","","","","",791794,1,"2024-05-06_18h07.33.488","experiment","2023.2.3","Win32",60.24096386,"5f8e16511b3c641de0918ccd","6638ede3ddbc5fcdff14e9cd","66390decbe3c2678338c6dd1","",,,"",,,"",,,"",,,"",,,"",,,,,"",,,"","",,,,"",,,"","","",,,"","",,,,,"","","",,,,,,,1,,,"",,,,,,,,,,,"","",,,,,,,"","",,,"k",0.6799,,"space",0.4878,,1,"brown_gnome",1,1,"dark_forest","yellow_basket","orange_gnome",1,1,"bright_forest","red_basket",1,0,0,1,"orange_gnome","bright_forest","red_basket",1350,1,-2,57,2,230,0,1,"",,,"",,,"",,,"",,,"",,,,,,,"","",,,"",,,"",,,"",,,,,,,"",,,"","",,,,,,,,"",,,,,,,"",,,"","","",,,,,,,,"",,,,,,,
"","","",,"","","","","","","",,"","","","","","","",,"","","","","","","",,"","","","","","","",,"","","","","","","",,"","","","","","","",,"","","","","","","",,"","","","","",791794,1,"2024-05-06_18h07.33.488","experiment","2023.2.3","Win32",60.24096386,"5f8e16511b3c641de0918ccd","6638ede3ddbc5fcdff14e9cd","66390decbe3c2678338c6dd1","",,,"",,,"",,,"",,,"",,,"",,,,,"",,,"","",,,,"",,,"","","",,,"","",,,,,"","","",,,,,,,1,,,"",,,,,,,,,,,"","",,,,,,,"","",,,"k",0.7196,,"space",0.5737,,1,"orange_gnome",1,2,"bright_forest","red_basket","brown_gnome",1,1,"dark_forest","yellow_basket",1,0,0,1,"brown_gnome","dark_forest","yellow_basket",1351,1,0,57,3,231,0,1,"",,,"",,,"",,,"",,,"",,,,,,,"","",,,"",,,"",,,"",,,,,,,"",,,"","",,,,,,,,"",,,,,,,"",,,"","","",,,,,,,,"",,,,,,,
"","","",,"","","","","","","",,"","","","","","","",,"","","","","","","",,"","","","","","","",,"","","","","","","",,"","","","","","","",,"","","","","","","",,"","","","","",791794,1,"2024-05-06_18h07.33.488","experiment","2023.2.3","Win32",60.24096386,"5f8e16511b3c641de0918ccd","6638ede3ddbc5fcdff14e9cd","66390decbe3c2678338c6dd1","",,,"",,,"",,,"",,,"",,,"",,,,,"",,,"","",,,,"",,,"","","",,,"","",,,,,"","","",,,,,,,2,,,"",,,,,,,,,,,"","",,,,,,,"","",,,"s",0.772,,"space",0.3478,,2,"pink_gnome",2,1,"dark_forest","yellow_basket","green_gnome",2,3,"bright_forest","red_basket",1,0,0,1,"pink_gnome","dark_forest","yellow_basket",1352,0,-3,58,0,232,1,1,"",,,"",,,"",,,"",,,"",,,,,,,"","",,,"",,,"",,,"",,,,,,,"",,,"","",,,,,,,,"",,,,,,,"",,,"","","",,,,,,,,"",,,,,,,
"","","",,"","","","","","","",,"","","","","","","",,"","","","","","","",,"","","","","","","",,"","","","","","","",,"","","","","","","",,"","","","","","","",,"","","","","",791794,1,"2024-05-06_18h07.33.488","experiment","2023.2.3","Win32",60.24096386,"5f8e16511b3c641de0918ccd","6638ede3ddbc5fcdff14e9cd","66390decbe3c2678338c6dd1","",,,"",,,"",,,"",,,"",,,"",,,,,"",,,"","",,,,"",,,"","","",,,"","",,,,,"","","",,,,,,,2,,,"",,,,,,,,,,,"","",,,,,,,"","",,,"k",0.8755,,"space",0.3137,,2,"pink_gnome",2,2,"dark_forest","yellow_basket","green_gnome",2,3,"bright_forest","red_basket",3,0,0,1,"green_gnome","bright_forest","red_basket",1355,0,2,58,1,233,1,1,"",,,"",,,"",,,"",,,"",,,,,,,"","",,,"",,,"",,,"",,,,,,,"",,,"","",,,,,,,,"",,,,,,,"",,,"","","",,,,,,,,"",,,,,,,
"","","",,"","","","","","","",,"","","","","","","",,"","","","","","","",,"","","","","","","",,"","","","","","","",,"","","","","","","",,"","","","","","","",,"","","","","",791794,1,"2024-05-06_18h07.33.488","experiment","2023.2.3","Win32",60.24096386,"5f8e16511b3c641de0918ccd","6638ede3ddbc5fcdff14e9cd","66390decbe3c2678338c6dd1","",,,"",,,"",,,"",,,"",,,"",,,,,"",,,"","",,,,"",,,"","","",,,"","",,,,,"","","",,,,,,,1,,,"",,,,,,,,,,,"","",,,,,,,"","",,,"k",0.8046,,"space",0.2703,,1,"orange_gnome",1,3,"bright_forest","red_basket","brown_gnome",1,4,"dark_forest","yellow_basket",4,0,0,1,"brown_gnome","dark_forest","yellow_basket",1359,1,0,58,2,234,0,1,"",,,"",,,"",,,"",,,"",,,,,,,"","",,,"",,,"",,,"",,,,,,,"",,,"","",,,,,,,,"",,,,,,,"",,,"","","",,,,,,,,"",,,,,,,
"","","",,"","","","","","","",,"","","","","","","",,"","","","","","","",,"","","","","","","",,"","","","","","","",,"","","","","","","",,"","","","","","","",,"","","","","",791794,1,"2024-05-06_18h07.33.488","experiment","2023.2.3","Win32",60.24096386,"5f8e16511b3c641de0918ccd","6638ede3ddbc5fcdff14e9cd","66390decbe3c2678338c6dd1","",,,"",,,"",,,"",,,"",,,"",,,,,"",,,"","",,,,"",,,"","","",,,"","",,,,,"","","",,,,,,,3,,,"",,,,,,,,,,,"","",,,,,,,"","",,,"s",0.9046,,"space",0.2297,,3,"yellow_gnome",3,4,"dark_forest","yellow_basket","red_gnome",3,4,"bright_forest","red_basket",4,0,0,1,"yellow_gnome","dark_forest","yellow_basket",1363,-2,5,58,3,235,2,1,"",,,"",,,"",,,"",,,"",,,,,,,"","",,,"",,,"",,,"",,,,,,,"",,,"","",,,,,,,,"",,,,,,,"",,,"","","",,,,,,,,"",,,,,,,
"","","",,"","","","","","","",,"","","","","","","",,"","","","","","","",,"","","","","","","",,"","","","","","","",,"","","","","","","",,"","","","","","","",,"","","","","",791794,1,"2024-05-06_18h07.33.488","experiment","2023.2.3","Win32",60.24096386,"5f8e16511b3c641de0918ccd","6638ede3ddbc5fcdff14e9cd","66390decbe3c2678338c6dd1","",,,"",,,"",,,"",,,"",,,"",,,,,"",,,"","",,,,"",,,"","","",,,"","",,,,,"","","",,,,,,,4,,,"",,,,,,,,,,,"","",,,,,,,"","",,,"k",0.7077,,"space",0.2923,,4,"purple_gnome",4,9,"dark_forest","yellow_basket","blue_gnome",4,2,"bright_forest","red_basket",2,0,0,1,"blue_gnome","bright_forest","red_basket",1365,1,-2,59,0,236,3,1,"",,,"",,,"",,,"",,,"",,,,,,,"","",,,"",,,"",,,"",,,,,,,"",,,"","",,,,,,,,"",,,,,,,"",,,"","","",,,,,,,,"",,,,,,,
"","","",,"","","","","","","",,"","","","","","","",,"","","","","","","",,"","","","","","","",,"","","","","","","",,"","","","","","","",,"","","","","","","",,"","","","","",791794,1,"2024-05-06_18h07.33.488","experiment","2023.2.3","Win32",60.24096386,"5f8e16511b3c641de0918ccd","6638ede3ddbc5fcdff14e9cd","66390decbe3c2678338c6dd1","",,,"",,,"",,,"",,,"",,,"",,,,,"",,,"","",,,,"",,,"","","",,,"","",,,,,"","","",,,,,,,3,,,"",,,,,,,,,,,"","",,,,,,,"","",,,"k",0.8201,,"space",0.2579,,3,"red_gnome",3,3,"bright_forest","red_basket","yellow_gnome",3,7,"dark_forest","yellow_basket",7,0,0,1,"yellow_gnome","dark_forest","yellow_basket",1372,-1,-2,59,1,237,2,1,"",,,"",,,"",,,"",,,"",,,,,,,"","",,,"",,,"",,,"",,,,,,,"",,,"","",,,,,,,,"",,,,,,,"",,,"","","",,,,,,,,"",,,,,,,
"","","",,"","","","","","","",,"","","","","","","",,"","","","","","","",,"","","","","","","",,"","","","","","","",,"","","","","","","",,"","","","","","","",,"","","","","",791794,1,"2024-05-06_18h07.33.488","experiment","2023.2.3","Win32",60.24096386,"5f8e16511b3c641de0918ccd","6638ede3ddbc5fcdff14e9cd","66390decbe3c2678338c6dd1","",,,"",,,"",,,"",,,"",,,"",,,,,"",,,"","",,,,"",,,"","","",,,"","",,,,,"","","",,,,,,,4,,,"",,,,,,,,,,,"","",,,,,,,"","",,,"k",0.6478,,"space",0.2638,,4,"blue_gnome",4,2,"bright_forest","red_basket","purple_gnome",4,5,"dark_forest","yellow_basket",5,0,0,1,"purple_gnome","dark_forest","yellow_basket",1377,0,-2,59,2,238,3,1,"",,,"",,,"",,,"",,,"",,,,,,,"","",,,"",,,"",,,"",,,,,,,"",,,"","",,,,,,,,"",,,,,,,"",,,"","","",,,,,,,,"",,,,,,,
"","","",,"","","","","","","",,"","","","","","","",,"","","","","","","",,"","","","","","","",,"","","","","","","",,"","","","","","","",,"","","","","","","",,"","","","","",791794,1,"2024-05-06_18h07.33.488","experiment","2023.2.3","Win32",60.24096386,"5f8e16511b3c641de0918ccd","6638ede3ddbc5fcdff14e9cd","66390decbe3c2678338c6dd1","",,,"",,,"",,,"",,,"",,,"",,,,,"",,,"","",,,,"",,,"","","",,,"","",,,,,"","","",,,,,,,2,,,"",,,,,,,,,,,"","",,,,,,,"","",,,"k",0.6882,,"space",0.2138,,2,"green_gnome",2,2,"bright_forest","red_basket","pink_gnome",2,3,"dark_forest","yellow_basket",3,0,0,1,"pink_gnome","dark_forest","yellow_basket",1380,-1,-3,59,3,239,1,1,"",,,"",,,"",,,"",,,"",,,,,,,"","",,,"",,,"",,,"",,,,,,,"",,,"","",,,,,,,,"",,,,,,,"",,,"","","",,,,,,,,"",,,,,,,
"","","",,"","","","","","","",,"","","","","","","",,"","","","","","","",,"","","","","","","",,"","","","","","","",,"","","","","","","",,"","","","","","","",,"","","","","",791794,1,"2024-05-06_18h07.33.488","experiment","2023.2.3","Win32",60.24096386,"5f8e16511b3c641de0918ccd","6638ede3ddbc5fcdff14e9cd","66390decbe3c2678338c6dd1","",,,"",,,"",,,"",,,"",,,"",,,,,"",,,"","",,,,"",,,"","","",,,"","",,,,,"","","",,,,,,,4,,,"",,,,,,,,,,,"","",,,,,,,"","",,,"s",0.7402,,"space",0.2044,,4,"blue_gnome",4,1,"bright_forest","red_basket","purple_gnome",4,0,"dark_forest","yellow_basket",1,0,0,1,"blue_gnome","bright_forest","red_basket",1381,-1,-1,60,0,240,3,1,"",,,"",,,"",,,"",,,"",,,,,,,"","",,,"",,,"",,,"",,,,,,,"",,,"","",,,,,,,,"",,,,,,,"",,,"","","",,,,,,,,"",,,,,,,
"","","",,"","","","","","","",,"","","","","","","",,"","","","","","","",,"","","","","","","",,"","","","","","","",,"","","","","","","",,"","","","","","","",,"","","","","",791794,1,"2024-05-06_18h07.33.488","experiment","2023.2.3","Win32",60.24096386,"5f8e16511b3c641de0918ccd","6638ede3ddbc5fcdff14e9cd","66390decbe3c2678338c6dd1","",,,"",,,"",,,"",,,"",,,"",,,,,"",,,"","",,,,"",,,"","","",,,"","",,,,,"","","",,,,,,,2,,,"",,,,,,,,,,,"","",,,,,,,"","",,,"k",0.6883,,"space",0.2419,,2,"green_gnome",2,0,"bright_forest","red_basket","pink_gnome",2,1,"dark_forest","yellow_basket",1,0,0,1,"pink_gnome","dark_forest","yellow_basket",1382,-2,0,60,1,241,1,1,"",,,"",,,"",,,"",,,"",,,,,,,"","",,,"",,,"",,,"",,,,,,,"",,,"","",,,,,,,,"",,,,,,,"",,,"","","",,,,,,,,"",,,,,,,
"","","",,"","","","","","","",,"","","","","","","",,"","","","","","","",,"","","","","","","",,"","","","","","","",,"","","","","","","",,"","","","","","","",,"","","","","",791794,1,"2024-05-06_18h07.33.488","experiment","2023.2.3","Win32",60.24096386,"5f8e16511b3c641de0918ccd","6638ede3ddbc5fcdff14e9cd","66390decbe3c2678338c6dd1","",,,"",,,"",,,"",,,"",,,"",,,,,"",,,"","",,,,"",,,"","","",,,"","",,,,,"","","",,,,,,,3,,,"",,,,,,,,,,,"","",,,,,,,"","",,,"s",0.8482,,"space",0.2478,,3,"yellow_gnome",3,1,"dark_forest","yellow_basket","red_gnome",3,2,"bright_forest","red_basket",1,0,0,1,"yellow_gnome","dark_forest","yellow_basket",1383,-2,4,60,2,242,2,1,"",,,"",,,"",,,"",,,"",,,,,,,"","",,,"",,,"",,,"",,,,,,,"",,,"","",,,,,,,,"",,,,,,,"",,,"","","",,,,,,,,"",,,,,,,
"","","",,"","","","","","","",,"","","","","","","",,"","","","","","","",,"","","","","","","",,"","","","","","","",,"","","","","","","",,"","","","","","","",,"","","","","",791794,1,"2024-05-06_18h07.33.488","experiment","2023.2.3","Win32",60.24096386,"5f8e16511b3c641de0918ccd","6638ede3ddbc5fcdff14e9cd","66390decbe3c2678338c6dd1","",,,"",,,"",,,"",,,"",,,"",,,,,"",,,"","",,,,"",,,"","","",,,"","",,,,,"","","",,,,,,,4,,,"",,,,,,,,,,,"","",,,,,,,"","",,,"k",0.9951,,"space",0.3099,,4,"purple_gnome",4,5,"dark_forest","yellow_basket","blue_gnome",4,0,"bright_forest","red_basket",0,0,0,1,"blue_gnome","bright_forest","red_basket",1383,3,1,60,3,243,3,1,"",,,"",,,"",,,"",,,"",,,,,,,"","",,,"",,,"",,,"",,,,,,,"",,,"","",,,,,,,,"",,,,,,,"",,,"","","",,,,,,,,"",,,,,,,
"","","",,"","","","","","","",,"","","","","","","",,"","","","","","","",,"","","","","","","",,"","","","","","","",,"","","","","","","",,"","","","","","","",,"","","","","",791794,1,"2024-05-06_18h07.33.488","experiment","2023.2.3","Win32",60.24096386,"5f8e16511b3c641de0918ccd","6638ede3ddbc5fcdff14e9cd","66390decbe3c2678338c6dd1","",,,"",,,"",,,"",,,"",,,"",,,,,"",,,"","",,,,"",,,"","","",,,"","",,,,,"","","",,,,,,,2,,,"",,,,,,,,,,,"","",,,,,,,"","",,,"k",0.7723,,"space",0.2282,,2,"green_gnome",2,3,"bright_forest","red_basket","pink_gnome",2,6,"dark_forest","yellow_basket",6,0,0,1,"pink_gnome","dark_forest","yellow_basket",1389,-1,2,61,0,244,1,1,"",,,"",,,"",,,"",,,"",,,,,,,"","",,,"",,,"",,,"",,,,,,,"",,,"","",,,,,,,,"",,,,,,,"",,,"","","",,,,,,,,"",,,,,,,
"","","",,"","","","","","","",,"","","","","","","",,"","","","","","","",,"","","","","","","",,"","","","","","","",,"","","","","","","",,"","","","","","","",,"","","","","",791794,1,"2024-05-06_18h07.33.488","experiment","2023.2.3","Win32",60.24096386,"5f8e16511b3c641de0918ccd","6638ede3ddbc5fcdff14e9cd","66390decbe3c2678338c6dd1","",,,"",,,"",,,"",,,"",,,"",,,,,"",,,"","",,,,"",,,"","","",,,"","",,,,,"","","",,,,,,,4,,,"",,,,,,,,,,,"","",,,,,,,"","",,,"k",0.7398,,"space",0.2418,,4,"blue_gnome",4,2,"bright_forest","red_basket","purple_gnome",4,8,"dark_forest","yellow_basket",8,0,0,1,"purple_gnome","dark_forest","yellow_basket",1397,2,-2,61,1,245,3,1,"",,,"",,,"",,,"",,,"",,,,,,,"","",,,"",,,"",,,"",,,,,,,"",,,"","",,,,,,,,"",,,,,,,"",,,"","","",,,,,,,,"",,,,,,,
"","","",,"","","","","","","",,"","","","","","","",,"","","","","","","",,"","","","","","","",,"","","","","","","",,"","","","","","","",,"","","","","","","",,"","","","","",791794,1,"2024-05-06_18h07.33.488","experiment","2023.2.3","Win32",60.24096386,"5f8e16511b3c641de0918ccd","6638ede3ddbc5fcdff14e9cd","66390decbe3c2678338c6dd1","",,,"",,,"",,,"",,,"",,,"",,,,,"",,,"","",,,,"",,,"","","",,,"","",,,,,"","","",,,,,,,3,,,"",,,,,,,,,,,"","",,,,,,,"","",,,"k",0.7709,,"space",0.2562,,3,"red_gnome",3,4,"bright_forest","red_basket","yellow_gnome",3,6,"dark_forest","yellow_basket",6,0,0,1,"yellow_gnome","dark_forest","yellow_basket",1403,0,3,61,2,246,2,1,"",,,"",,,"",,,"",,,"",,,,,,,"","",,,"",,,"",,,"",,,,,,,"",,,"","",,,,,,,,"",,,,,,,"",,,"","","",,,,,,,,"",,,,,,,
"","","",,"","","","","","","",,"","","","","","","",,"","","","","","","",,"","","","","","","",,"","","","","","","",,"","","","","","","",,"","","","","","","",,"","","","","",791794,1,"2024-05-06_18h07.33.488","experiment","2023.2.3","Win32",60.24096386,"5f8e16511b3c641de0918ccd","6638ede3ddbc5fcdff14e9cd","66390decbe3c2678338c6dd1","",,,"",,,"",,,"",,,"",,,"",,,,,"",,,"","",,,,"",,,"","","",,,"","",,,,,"","","",,,,,,,2,,,"",,,,,,,,,,,"","",,,,,,,"","",,,"s",0.6798,,"space",0.4208,,2,"pink_gnome",2,9,"dark_forest","yellow_basket","green_gnome",2,4,"bright_forest","red_basket",9,0,0,1,"pink_gnome","dark_forest","yellow_basket",1412,-2,1,61,3,247,1,1,"",,,"",,,"",,,"",,,"",,,,,,,"","",,,"",,,"",,,"",,,,,,,"",,,"","",,,,,,,,"",,,,,,,"",,,"","","",,,,,,,,"",,,,,,,
"","","",,"","","","","","","",,"","","","","","","",,"","","","","","","",,"","","","","","","",,"","","","","","","",,"","","","","","","",,"","","","","","","",,"","","","","",791794,1,"2024-05-06_18h07.33.488","experiment","2023.2.3","Win32",60.24096386,"5f8e16511b3c641de0918ccd","6638ede3ddbc5fcdff14e9cd","66390decbe3c2678338c6dd1","",,,"",,,"",,,"",,,"",,,"",,,,,"",,,"","",,,,"",,,"","","",,,"","",,,,,"","","",,,,,,,4,,,"",,,,,,,,,,,"","",,,,,,,"","",,,"k",0.7802,,"space",0.6882,,4,"blue_gnome",4,2,"bright_forest","red_basket","purple_gnome",4,8,"dark_forest","yellow_basket",8,0,0,1,"purple_gnome","dark_forest","yellow_basket",1420,1,1,62,0,248,3,1,"",,,"",,,"",,,"",,,"",,,,,,,"","",,,"",,,"",,,"",,,,,,,"",,,"","",,,,,,,,"",,,,,,,"",,,"","","",,,,,,,,"",,,,,,,
"","","",,"","","","","","","",,"","","","","","","",,"","","","","","","",,"","","","","","","",,"","","","","","","",,"","","","","","","",,"","","","","","","",,"","","","","",791794,1,"2024-05-06_18h07.33.488","experiment","2023.2.3","Win32",60.24096386,"5f8e16511b3c641de0918ccd","6638ede3ddbc5fcdff14e9cd","66390decbe3c2678338c6dd1","",,,"",,,"",,,"",,,"",,,"",,,,,"",,,"","",,,,"",,,"","","",,,"","",,,,,"","","",,,,,,,1,,,"",,,,,,,,,,,"","",,,,,,,"","",,,"k",0.588,,"space",0.2202,,1,"orange_gnome",1,3,"bright_forest","red_basket","brown_gnome",1,9,"dark_forest","yellow_basket",9,0,0,1,"brown_gnome","dark_forest","yellow_basket",1429,4,-3,62,1,249,0,1,"",,,"",,,"",,,"",,,"",,,,,,,"","",,,"",,,"",,,"",,,,,,,"",,,"","",,,,,,,,"",,,,,,,"",,,"","","",,,,,,,,"",,,,,,,
"","","",,"","","","","","","",,"","","","","","","",,"","","","","","","",,"","","","","","","",,"","","","","","","",,"","","","","","","",,"","","","","","","",,"","","","","",791794,1,"2024-05-06_18h07.33.488","experiment","2023.2.3","Win32",60.24096386,"5f8e16511b3c641de0918ccd","6638ede3ddbc5fcdff14e9cd","66390decbe3c2678338c6dd1","",,,"",,,"",,,"",,,"",,,"",,,,,"",,,"","",,,,"",,,"","","",,,"","",,,,,"","","",,,,,,,1,,,"",,,,,,,,,,,"","",,,,,,,"","",,,"k",0.5365,,"space",0.1922,,1,"orange_gnome",1,7,"bright_forest","red_basket","brown_gnome",1,6,"dark_forest","yellow_basket",6,0,0,1,"brown_gnome","dark_forest","yellow_basket",1435,2,0,62,2,250,0,1,"",,,"",,,"",,,"",,,"",,,,,,,"","",,,"",,,"",,,"",,,,,,,"",,,"","",,,,,,,,"",,,,,,,"",,,"","","",,,,,,,,"",,,,,,,
"","","",,"","","","","","","",,"","","","","","","",,"","","","","","","",,"","","","","","","",,"","","","","","","",,"","","","","","","",,"","","","","","","",,"","","","","",791794,1,"2024-05-06_18h07.33.488","experiment","2023.2.3","Win32",60.24096386,"5f8e16511b3c641de0918ccd","6638ede3ddbc5fcdff14e9cd","66390decbe3c2678338c6dd1","",,,"",,,"",,,"",,,"",,,"",,,,,"",,,"","",,,,"",,,"","","",,,"","",,,,,"","","",,,,,,,1,,,"",,,,,,,,,,,"","",,,,,,,"","",,,"s",0.5116,,"space",0.2226,,1,"brown_gnome",1,6,"dark_forest","yellow_basket","orange_gnome",1,9,"bright_forest","red_basket",6,0,0,1,"brown_gnome","dark_forest","yellow_basket",1441,1,0,62,3,251,0,1,"",,,"",,,"",,,"",,,"",,,,,,,"","",,,"",,,"",,,"",,,,,,,"",,,"","",,,,,,,,"",,,,,,,"",,,"","","",,,,,,,,"",,,,,,,
"","","",,"","","","","","","",,"","","","","","","",,"","","","","","","",,"","","","","","","",,"","","","","","","",,"","","","","","","",,"","","","","","","",,"","","","","",791794,1,"2024-05-06_18h07.33.488","experiment","2023.2.3","Win32",60.24096386,"5f8e16511b3c641de0918ccd","6638ede3ddbc5fcdff14e9cd","66390decbe3c2678338c6dd1","",,,"",,,"",,,"",,,"",,,"",,,,,"",,,"","",,,,"",,,"","","",,,"","",,,,,"","","",,,,,,,3,,,"",,,,,,,,,,,"","",,,,,,,"","",,,"k",0.5964,,"space",0.2372,,3,"red_gnome",3,8,"bright_forest","red_basket","yellow_gnome",3,6,"dark_forest","yellow_basket",6,0,0,1,"yellow_gnome","dark_forest","yellow_basket",1447,0,1,63,0,252,2,1,"",,,"",,,"",,,"",,,"",,,,,,,"","",,,"",,,"",,,"",,,,,,,"",,,"","",,,,,,,,"",,,,,,,"",,,"","","",,,,,,,,"",,,,,,,
"","","",,"","","","","","","",,"","","","","","","",,"","","","","","","",,"","","","","","","",,"","","","","","","",,"","","","","","","",,"","","","","","","",,"","","","","",791794,1,"2024-05-06_18h07.33.488","experiment","2023.2.3","Win32",60.24096386,"5f8e16511b3c641de0918ccd","6638ede3ddbc5fcdff14e9cd","66390decbe3c2678338c6dd1","",,,"",,,"",,,"",,,"",,,"",,,,,"",,,"","",,,,"",,,"","","",,,"","",,,,,"","","",,,,,,,1,,,"",,,,,,,,,,,"","",,,,,,,"","",,,"k",0.5722,,"space",0.2668,,1,"orange_gnome",1,8,"bright_forest","red_basket","brown_gnome",1,7,"dark_forest","yellow_basket",7,0,0,1,"brown_gnome","dark_forest","yellow_basket",1454,2,-1,63,1,253,0,1,"",,,"",,,"",,,"",,,"",,,,,,,"","",,,"",,,"",,,"",,,,,,,"",,,"","",,,,,,,,"",,,,,,,"",,,"","","",,,,,,,,"",,,,,,,
"","","",,"","","","","","","",,"","","","","","","",,"","","","","","","",,"","","","","","","",,"","","","","","","",,"","","","","","","",,"","","","","","","",,"","","","","",791794,1,"2024-05-06_18h07.33.488","experiment","2023.2.3","Win32",60.24096386,"5f8e16511b3c641de0918ccd","6638ede3ddbc5fcdff14e9cd","66390decbe3c2678338c6dd1","",,,"",,,"",,,"",,,"",,,"",,,,,"",,,"","",,,,"",,,"","","",,,"","",,,,,"","","",,,,,,,2,,,"",,,,,,,,,,,"","",,,,,,,"","",,,"s",0.8723,,"space",0.2485,,2,"pink_gnome",2,6,"dark_forest","yellow_basket","green_gnome",2,8,"bright_forest","red_basket",6,0,0,1,"pink_gnome","dark_forest","yellow_basket",1460,-2,1,63,2,254,1,1,"",,,"",,,"",,,"",,,"",,,,,,,"","",,,"",,,"",,,"",,,,,,,"",,,"","",,,,,,,,"",,,,,,,"",,,"","","",,,,,,,,"",,,,,,,
"","","",,"","","","","","","",,"","","","","","","",,"","","","","","","",,"","","","","","","",,"","","","","","","",,"","","","","","","",,"","","","","","","",,"","","","","",791794,1,"2024-05-06_18h07.33.488","experiment","2023.2.3","Win32",60.24096386,"5f8e16511b3c641de0918ccd","6638ede3ddbc5fcdff14e9cd","66390decbe3c2678338c6dd1","",,,"",,,"",,,"",,,"",,,"",,,,,"",,,"","",,,,"",,,"","","",,,"","",,,,,"","","",,,,,,,3,,,"",,,,,,,,,,,"","",,,,,,,"","",,,"k",0.7698,,"space",0.3104,,3,"yellow_gnome",3,7,"dark_forest","yellow_basket","red_gnome",3,6,"bright_forest","red_basket",6,0,0,1,"red_gnome","bright_forest","red_basket",1466,1,0,63,3,255,2,1,"",,,"",,,"",,,"",,,"",,,,,,,"","",,,"",,,"",,,"",,,,,,,"",,,"","",,,,,,,,"",,,,,,,"",,,"","","",,,,,,,,"",,,,,,,
"","","",,"","","","","","","",,"","","","","","","",,"","","","","","","",,"","","","","","","",,"","","","","","","",,"","","","","","","",,"","","","","","","",,"","","","","",791794,1,"2024-05-06_18h07.33.488","experiment","2023.2.3","Win32",60.24096386,"5f8e16511b3c641de0918ccd","6638ede3ddbc5fcdff14e9cd","66390decbe3c2678338c6dd1","",,,"",,,"",,,"",,,"",,,"",,,,,"",,,"","",,,,"",,,"","","",,,"","",,,,,"","","",,,,,,,,,,"",,,2261.2218,2364.706,0.637037037,-0.367592593,1,0,0,103.4735,"t_advice_finished_typing_rect","",,,,,,,"","",,,"",,,"",,,,"",,,"","","",,,"","",,,,,"","","",,,,,,,,,"",,,"space",6.0184,,"space",41.6886,,"space",3.6303,,"The gnomes will always appear in fixed pairs. Orange and brown, green and pink, red and yellow, and blue and purple. Their size or hat etc, and whether they are on the right or left is irrelevant.  The most important thing to know is that each colour corresponds to either a red or yellow basket.Orange, green, red and blue will take you to the red basket.Brown, pink, yellow and purple will take you to the yellow basket.Initially you need to find the basket that yields the most mushrooms (usually 5+) and just keep going to that colour. When the yield begins to fall (4 or lower) switch to the other colour to see if the yield is better (sometimes it isn't).Whether yellow or red is better will change from time to time so if the yield is lower than 4 for one basket just keep switching until you find a 5+ and then stick with it. Rinse and repeat.",0.02962963,0.371296296,1,0,0,30.1778,"vb_finished_typing_rect","space",7.892,,"space",24.4352,,"space",10.6502,,"space",8.7638,,0,10.0378,69.44444444,16.3557,"space",16.0236,,"green_gnome","brown_gnome",0,0,0,7,1,1,2,"",,,,,,,"",,,"","","",,,,,,,,"",,,,,,,
"","","",,"","","","","","","",,"","","","","","","",,"","","","","","","",,"","","","","","","",,"","","","","","","",,"","","","","","","",,"","","","","","","",,"","","","","",791794,1,"2024-05-06_18h07.33.488","experiment","2023.2.3","Win32",60.24096386,"5f8e16511b3c641de0918ccd","6638ede3ddbc5fcdff14e9cd","66390decbe3c2678338c6dd1","",,,"",,,"",,,"",,,"",,,"",,,,,"",,,"","",,,,"",,,"","","",,,"","",,,,,"","","",,,,,,,,,,"",,,,,,,,,,,"","",,,,,,,"","",,,"",,,"",,,,"",,,"","","",,,"","",,,,,"","","",,,,,,,,,"",,,"",,,"",,,"",,,"",,,,,,,"","",,,"",,,"",,,"",,,0,8.219,100,9.7547,"space",10.3769,,"yellow_gnome","green_gnome",0,1,1,15,1,2,5,"",,,,,,,"",,,"","","",,,,,,,,"",,,,,,,
"","","",,"","","","","","","",,"","","","","","","",,"","","","","","","",,"","","","","","","",,"","","","","","","",,"","","","","","","",,"","","","","","","",,"","","","","",791794,1,"2024-05-06_18h07.33.488","experiment","2023.2.3","Win32",60.24096386,"5f8e16511b3c641de0918ccd","6638ede3ddbc5fcdff14e9cd","66390decbe3c2678338c6dd1","",,,"",,,"",,,"",,,"",,,"",,,,,"",,,"","",,,,"",,,"","","",,,"","",,,,,"","","",,,,,,,,,,"",,,,,,,,,,,"","",,,,,,,"","",,,"",,,"",,,,"",,,"","","",,,"","",,,,,"","","",,,,,,,,,"",,,"",,,"",,,"",,,"",,,,,,,"","",,,"",,,"",,,"",,,100,4.8194,100,5.9027,"space",5.6351,,"brown_gnome","orange_gnome",0,2,2,0,1,0,1,"",,,,,,,"",,,"","","",,,,,,,,"",,,,,,,
"","","",,"","","","","","","",,"","","","","","","",,"","","","","","","",,"","","","","","","",,"","","","","","","",,"","","","","","","",,"","","","","","","",,"","","","","",791794,1,"2024-05-06_18h07.33.488","experiment","2023.2.3","Win32",60.24096386,"5f8e16511b3c641de0918ccd","6638ede3ddbc5fcdff14e9cd","66390decbe3c2678338c6dd1","",,,"",,,"",,,"",,,"",,,"",,,,,"",,,"","",,,,"",,,"","","",,,"","",,,,,"","","",,,,,,,,,,"",,,,,,,,,,,"","",,,,,,,"","",,,"",,,"",,,,"",,,"","","",,,"","",,,,,"","","",,,,,,,,,"",,,"",,,"",,,"",,,"",,,,,,,"","",,,"",,,"",,,"",,,0,2.9809,100,4.2681,"space",3.9815,,"brown_gnome","yellow_gnome",0,3,3,10,1,1,5,"",,,,,,,"",,,"","","",,,,,,,,"",,,,,,,
"","","",,"","","","","","","",,"","","","","","","",,"","","","","","","",,"","","","","","","",,"","","","","","","",,"","","","","","","",,"","","","","","","",,"","","","","",791794,1,"2024-05-06_18h07.33.488","experiment","2023.2.3","Win32",60.24096386,"5f8e16511b3c641de0918ccd","6638ede3ddbc5fcdff14e9cd","66390decbe3c2678338c6dd1","",,,"",,,"",,,"",,,"",,,"",,,,,"",,,"","",,,,"",,,"","","",,,"","",,,,,"","","",,,,,,,,,,"",,,,,,,,,,,"","",,,,,,,"","",,,"",,,"",,,,"",,,"","","",,,"","",,,,,"","","",,,,,,,,,"",,,"",,,"",,,"",,,"",,,,,,,"","",,,"",,,"",,,"",,,0,3.6296,100,5.1414,"space",4.9351,,"purple_gnome","orange_gnome",0,4,4,6,1,0,7,"",,,,,,,"",,,"","","",,,,,,,,"",,,,,,,
"","","",,"","","","","","","",,"","","","","","","",,"","","","","","","",,"","","","","","","",,"","","","","","","",,"","","","","","","",,"","","","","","","",,"","","","","",791794,1,"2024-05-06_18h07.33.488","experiment","2023.2.3","Win32",60.24096386,"5f8e16511b3c641de0918ccd","6638ede3ddbc5fcdff14e9cd","66390decbe3c2678338c6dd1","",,,"",,,"",,,"",,,"",,,"",,,,,"",,,"","",,,,"",,,"","","",,,"","",,,,,"","","",,,,,,,,,,"",,,,,,,,,,,"","",,,,,,,"","",,,"",,,"",,,,"",,,"","","",,,"","",,,,,"","","",,,,,,,,,"",,,"",,,"",,,"",,,"",,,,,,,"","",,,"",,,"",,,"",,,0,2.3527,100,3.5505,"space",3.2249,,"orange_gnome","yellow_gnome",0,5,5,4,1,0,5,"",,,,,,,"",,,"","","",,,,,,,,"",,,,,,,
"","","",,"","","","","","","",,"","","","","","","",,"","","","","","","",,"","","","","","","",,"","","","","","","",,"","","","","","","",,"","","","","","","",,"","","","","",791794,1,"2024-05-06_18h07.33.488","experiment","2023.2.3","Win32",60.24096386,"5f8e16511b3c641de0918ccd","6638ede3ddbc5fcdff14e9cd","66390decbe3c2678338c6dd1","",,,"",,,"",,,"",,,"",,,"",,,,,"",,,"","",,,,"",,,"","","",,,"","",,,,,"","","",,,,,,,,,,"",,,,,,,,,,,"","",,,,,,,"","",,,"",,,"",,,,"",,,"","","",,,"","",,,,,"","","",,,,,,,,,"",,,"",,,"",,,"",,,"",,,,,,,"","",,,"",,,"",,,"",,,0,5.0851,100,6.3366,"space",6.0103,,"purple_gnome","green_gnome",0,6,6,17,1,2,7,"",,,,,,,"",,,"","","",,,,,,,,"",,,,,,,
"","","",,"","","","","","","",,"","","","","","","",,"","","","","","","",,"","","","","","","",,"","","","","","","",,"","","","","","","",,"","","","","","","",,"","","","","",791794,1,"2024-05-06_18h07.33.488","experiment","2023.2.3","Win32",60.24096386,"5f8e16511b3c641de0918ccd","6638ede3ddbc5fcdff14e9cd","66390decbe3c2678338c6dd1","",,,"",,,"",,,"",,,"",,,"",,,,,"",,,"","",,,,"",,,"","","",,,"","",,,,,"","","",,,,,,,,,,"",,,,,,,,,,,"","",,,,,,,"","",,,"",,,"",,,,"",,,"","","",,,"","",,,,,"","","",,,,,,,,,"",,,"",,,"",,,"",,,"",,,,,,,"","",,,"",,,"",,,"",,,0,4.2038,100,5.3117,"space",5.1279,,"orange_gnome","red_gnome",0,7,7,3,1,0,4,"",,,,,,,"",,,"","","",,,,,,,,"",,,,,,,
"","","",,"","","","","","","",,"","","","","","","",,"","","","","","","",,"","","","","","","",,"","","","","","","",,"","","","","","","",,"","","","","","","",,"","","","","",791794,1,"2024-05-06_18h07.33.488","experiment","2023.2.3","Win32",60.24096386,"5f8e16511b3c641de0918ccd","6638ede3ddbc5fcdff14e9cd","66390decbe3c2678338c6dd1","",,,"",,,"",,,"",,,"",,,"",,,,,"",,,"","",,,,"",,,"","","",,,"","",,,,,"","","",,,,,,,,,,"",,,,,,,,,,,"","",,,,,,,"","",,,"",,,"",,,,"",,,"","","",,,"","",,,,,"","","",,,,,,,,,"",,,"",,,"",,,"",,,"",,,,,,,"","",,,"",,,"",,,"",,,0,2.8537,100,4.5735,"space",4.3074,,"purple_gnome","red_gnome",0,8,8,24,1,4,7,"",,,,,,,"",,,"","","",,,,,,,,"",,,,,,,
"","","",,"","","","","","","",,"","","","","","","",,"","","","","","","",,"","","","","","","",,"","","","","","","",,"","","","","","","",,"","","","","","","",,"","","","","",791794,1,"2024-05-06_18h07.33.488","experiment","2023.2.3","Win32",60.24096386,"5f8e16511b3c641de0918ccd","6638ede3ddbc5fcdff14e9cd","66390decbe3c2678338c6dd1","",,,"",,,"",,,"",,,"",,,"",,,,,"",,,"","",,,,"",,,"","","",,,"","",,,,,"","","",,,,,,,,,,"",,,,,,,,,,,"","",,,,,,,"","",,,"",,,"",,,,"",,,"","","",,,"","",,,,,"","","",,,,,,,,,"",,,"",,,"",,,"",,,"",,,,,,,"","",,,"",,,"",,,"",,,0,9.5881,100,10.5959,"space",10.4027,,"purple_gnome","brown_gnome",0,9,9,12,1,1,7,"",,,,,,,"",,,"","","",,,,,,,,"",,,,,,,
"","","",,"","","","","","","",,"","","","","","","",,"","","","","","","",,"","","","","","","",,"","","","","","","",,"","","","","","","",,"","","","","","","",,"","","","","",791794,1,"2024-05-06_18h07.33.488","experiment","2023.2.3","Win32",60.24096386,"5f8e16511b3c641de0918ccd","6638ede3ddbc5fcdff14e9cd","66390decbe3c2678338c6dd1","",,,"",,,"",,,"",,,"",,,"",,,,,"",,,"","",,,,"",,,"","","",,,"","",,,,,"","","",,,,,,,,,,"",,,,,,,,,,,"","",,,,,,,"","",,,"",,,"",,,,"",,,"","","",,,"","",,,,,"","","",,,,,,,,,"",,,"",,,"",,,"",,,"",,,,,,,"","",,,"",,,"",,,"",,,0,7.1704,100,8.2868,"space",8.0373,,"green_gnome","orange_gnome",0,10,10,1,1,0,2,"",,,,,,,"",,,"","","",,,,,,,,"",,,,,,,
"","","",,"","","","","","","",,"","","","","","","",,"","","","","","","",,"","","","","","","",,"","","","","","","",,"","","","","","","",,"","","","","","","",,"","","","","",791794,1,"2024-05-06_18h07.33.488","experiment","2023.2.3","Win32",60.24096386,"5f8e16511b3c641de0918ccd","6638ede3ddbc5fcdff14e9cd","66390decbe3c2678338c6dd1","",,,"",,,"",,,"",,,"",,,"",,,,,"",,,"","",,,,"",,,"","","",,,"","",,,,,"","","",,,,,,,,,,"",,,,,,,,,,,"","",,,,,,,"","",,,"",,,"",,,,"",,,"","","",,,"","",,,,,"","","",,,,,,,,,"",,,"",,,"",,,"",,,"",,,,,,,"","",,,"",,,"",,,"",,,0,3.8326,100,4.8078,"space",5.8542,,"pink_gnome","brown_gnome",0,11,11,8,1,1,3,"",,,,,,,"",,,"","","",,,,,,,,"",,,,,,,
"","","",,"","","","","","","",,"","","","","","","",,"","","","","","","",,"","","","","","","",,"","","","","","","",,"","","","","","","",,"","","","","","","",,"","","","","",791794,1,"2024-05-06_18h07.33.488","experiment","2023.2.3","Win32",60.24096386,"5f8e16511b3c641de0918ccd","6638ede3ddbc5fcdff14e9cd","66390decbe3c2678338c6dd1","",,,"",,,"",,,"",,,"",,,"",,,,,"",,,"","",,,,"",,,"","","",,,"","",,,,,"","","",,,,,,,,,,"",,,,,,,,,,,"","",,,,,,,"","",,,"",,,"",,,,"",,,"","","",,,"","",,,,,"","","",,,,,,,,,"",,,"",,,"",,,"",,,"",,,,,,,"","",,,"",,,"",,,"",,,0,2.6861,100,4.036,"space",3.8019,,"purple_gnome","pink_gnome",0,12,12,21,1,3,7,"",,,,,,,"",,,"","","",,,,,,,,"",,,,,,,
"","","",,"","","","","","","",,"","","","","","","",,"","","","","","","",,"","","","","","","",,"","","","","","","",,"","","","","","","",,"","","","","","","",,"","","","","",791794,1,"2024-05-06_18h07.33.488","experiment","2023.2.3","Win32",60.24096386,"5f8e16511b3c641de0918ccd","6638ede3ddbc5fcdff14e9cd","66390decbe3c2678338c6dd1","",,,"",,,"",,,"",,,"",,,"",,,,,"",,,"","",,,,"",,,"","","",,,"","",,,,,"","","",,,,,,,,,,"",,,,,,,,,,,"","",,,,,,,"","",,,"",,,"",,,,"",,,"","","",,,"","",,,,,"","","",,,,,,,,,"",,,"",,,"",,,"",,,"",,,,,,,"","",,,"",,,"",,,"",,,0,7.5906,100,8.9025,"space",8.5626,,"blue_gnome","orange_gnome",0,13,13,5,1,0,6,"",,,,,,,"",,,"","","",,,,,,,,"",,,,,,,
"","","",,"","","","","","","",,"","","","","","","",,"","","","","","","",,"","","","","","","",,"","","","","","","",,"","","","","","","",,"","","","","","","",,"","","","","",791794,1,"2024-05-06_18h07.33.488","experiment","2023.2.3","Win32",60.24096386,"5f8e16511b3c641de0918ccd","6638ede3ddbc5fcdff14e9cd","66390decbe3c2678338c6dd1","",,,"",,,"",,,"",,,"",,,"",,,,,"",,,"","",,,,"",,,"","","",,,"","",,,,,"","","",,,,,,,,,,"",,,,,,,,,,,"","",,,,,,,"","",,,"",,,"",,,,"",,,"","","",,,"","",,,,,"","","",,,,,,,,,"",,,"",,,"",,,"",,,"",,,,,,,"","",,,"",,,"",,,"",,,0,3.4968,100,7.2087,"space",7.5872,,"red_gnome","blue_gnome",0,14,14,23,1,4,6,"",,,,,,,"",,,"","","",,,,,,,,"",,,,,,,
"","","",,"","","","","","","",,"","","","","","","",,"","","","","","","",,"","","","","","","",,"","","","","","","",,"","","","","","","",,"","","","","","","",,"","","","","",791794,1,"2024-05-06_18h07.33.488","experiment","2023.2.3","Win32",60.24096386,"5f8e16511b3c641de0918ccd","6638ede3ddbc5fcdff14e9cd","66390decbe3c2678338c6dd1","",,,"",,,"",,,"",,,"",,,"",,,,,"",,,"","",,,,"",,,"","","",,,"","",,,,,"","","",,,,,,,,,,"",,,,,,,,,,,"","",,,,,,,"","",,,"",,,"",,,,"",,,"","","",,,"","",,,,,"","","",,,,,,,,,"",,,"",,,"",,,"",,,"",,,,,,,"","",,,"",,,"",,,"",,,100,2.74,100,3.9561,"space",3.7224,,"red_gnome","yellow_gnome",0,15,15,22,1,4,5,"",,,,,,,"",,,"","","",,,,,,,,"",,,,,,,
"","","",,"","","","","","","",,"","","","","","","",,"","","","","","","",,"","","","","","","",,"","","","","","","",,"","","","","","","",,"","","","","","","",,"","","","","",791794,1,"2024-05-06_18h07.33.488","experiment","2023.2.3","Win32",60.24096386,"5f8e16511b3c641de0918ccd","6638ede3ddbc5fcdff14e9cd","66390decbe3c2678338c6dd1","",,,"",,,"",,,"",,,"",,,"",,,,,"",,,"","",,,,"",,,"","","",,,"","",,,,,"","","",,,,,,,,,,"",,,,,,,,,,,"","",,,,,,,"","",,,"",,,"",,,,"",,,"","","",,,"","",,,,,"","","",,,,,,,,,"",,,"",,,"",,,"",,,"",,,,,,,"","",,,"",,,"",,,"",,,0,2.6373,100,3.7944,"space",3.6642,,"green_gnome","red_gnome",0,16,16,14,1,2,4,"",,,,,,,"",,,"","","",,,,,,,,"",,,,,,,
"","","",,"","","","","","","",,"","","","","","","",,"","","","","","","",,"","","","","","","",,"","","","","","","",,"","","","","","","",,"","","","","","","",,"","","","","",791794,1,"2024-05-06_18h07.33.488","experiment","2023.2.3","Win32",60.24096386,"5f8e16511b3c641de0918ccd","6638ede3ddbc5fcdff14e9cd","66390decbe3c2678338c6dd1","",,,"",,,"",,,"",,,"",,,"",,,,,"",,,"","",,,,"",,,"","","",,,"","",,,,,"","","",,,,,,,,,,"",,,,,,,,,,,"","",,,,,,,"","",,,"",,,"",,,,"",,,"","","",,,"","",,,,,"","","",,,,,,,,,"",,,"",,,"",,,"",,,"",,,,,,,"","",,,"",,,"",,,"",,,0,7.2095,100,8.1934,"space",7.7773,,"brown_gnome","blue_gnome",0,17,17,11,1,1,6,"",,,,,,,"",,,"","","",,,,,,,,"",,,,,,,
"","","",,"","","","","","","",,"","","","","","","",,"","","","","","","",,"","","","","","","",,"","","","","","","",,"","","","","","","",,"","","","","","","",,"","","","","",791794,1,"2024-05-06_18h07.33.488","experiment","2023.2.3","Win32",60.24096386,"5f8e16511b3c641de0918ccd","6638ede3ddbc5fcdff14e9cd","66390decbe3c2678338c6dd1","",,,"",,,"",,,"",,,"",,,"",,,,,"",,,"","",,,,"",,,"","","",,,"","",,,,,"","","",,,,,,,,,,"",,,,,,,,,,,"","",,,,,,,"","",,,"",,,"",,,,"",,,"","","",,,"","",,,,,"","","",,,,,,,,,"",,,"",,,"",,,"",,,"",,,,,,,"","",,,"",,,"",,,"",,,0,5.2631,100,6.255,"space",5.9412,,"green_gnome","blue_gnome",0,18,18,16,1,2,6,"",,,,,,,"",,,"","","",,,,,,,,"",,,,,,,
"","","",,"","","","","","","",,"","","","","","","",,"","","","","","","",,"","","","","","","",,"","","","","","","",,"","","","","","","",,"","","","","","","",,"","","","","",791794,1,"2024-05-06_18h07.33.488","experiment","2023.2.3","Win32",60.24096386,"5f8e16511b3c641de0918ccd","6638ede3ddbc5fcdff14e9cd","66390decbe3c2678338c6dd1","",,,"",,,"",,,"",,,"",,,"",,,,,"",,,"","",,,,"",,,"","","",,,"","",,,,,"","","",,,,,,,,,,"",,,,,,,,,,,"","",,,,,,,"","",,,"",,,"",,,,"",,,"","","",,,"","",,,,,"","","",,,,,,,,,"",,,"",,,"",,,"",,,"",,,,,,,"","",,,"",,,"",,,"",,,0,3.1036,100,4.348,"space",3.9461,,"red_gnome","pink_gnome",0,19,19,18,1,3,4,"",,,,,,,"",,,"","","",,,,,,,,"",,,,,,,
"","","",,"","","","","","","",,"","","","","","","",,"","","","","","","",,"","","","","","","",,"","","","","","","",,"","","","","","","",,"","","","","","","",,"","","","","",791794,1,"2024-05-06_18h07.33.488","experiment","2023.2.3","Win32",60.24096386,"5f8e16511b3c641de0918ccd","6638ede3ddbc5fcdff14e9cd","66390decbe3c2678338c6dd1","",,,"",,,"",,,"",,,"",,,"",,,,,"",,,"","",,,,"",,,"","","",,,"","",,,,,"","","",,,,,,,,,,"",,,,,,,,,,,"","",,,,,,,"","",,,"",,,"",,,,"",,,"","","",,,"","",,,,,"","","",,,,,,,,,"",,,"",,,"",,,"",,,"",,,,,,,"","",,,"",,,"",,,"",,,0,6.0736,78.88888889,8.4815,"space",8.1519,,"pink_gnome","orange_gnome",0,20,20,2,1,0,3,"",,,,,,,"",,,"","","",,,,,,,,"",,,,,,,
"","","",,"","","","","","","",,"","","","","","","",,"","","","","","","",,"","","","","","","",,"","","","","","","",,"","","","","","","",,"","","","","","","",,"","","","","",791794,1,"2024-05-06_18h07.33.488","experiment","2023.2.3","Win32",60.24096386,"5f8e16511b3c641de0918ccd","6638ede3ddbc5fcdff14e9cd","66390decbe3c2678338c6dd1","",,,"",,,"",,,"",,,"",,,"",,,,,"",,,"","",,,,"",,,"","","",,,"","",,,,,"","","",,,,,,,,,,"",,,,,,,,,,,"","",,,,,,,"","",,,"",,,"",,,,"",,,"","","",,,"","",,,,,"","","",,,,,,,,,"",,,"",,,"",,,"",,,"",,,,,,,"","",,,"",,,"",,,"",,,0,3.1746,83.61111111,5.9368,"space",5.5083,,"pink_gnome","yellow_gnome",0,21,21,19,1,3,5,"",,,,,,,"",,,"","","",,,,,,,,"",,,,,,,
"","","",,"","","","","","","",,"","","","","","","",,"","","","","","","",,"","","","","","","",,"","","","","","","",,"","","","","","","",,"","","","","","","",,"","","","","",791794,1,"2024-05-06_18h07.33.488","experiment","2023.2.3","Win32",60.24096386,"5f8e16511b3c641de0918ccd","6638ede3ddbc5fcdff14e9cd","66390decbe3c2678338c6dd1","",,,"",,,"",,,"",,,"",,,"",,,,,"",,,"","",,,,"",,,"","","",,,"","",,,,,"","","",,,,,,,,,,"",,,,,,,,,,,"","",,,,,,,"","",,,"",,,"",,,,"",,,"","","",,,"","",,,,,"","","",,,,,,,,,"",,,"",,,"",,,"",,,"",,,,,,,"","",,,"",,,"",,,"",,,0,8.2864,70.46296296,9.3726,"space",8.9786,,"yellow_gnome","blue_gnome",0,22,22,25,1,5,6,"",,,,,,,"",,,"","","",,,,,,,,"",,,,,,,
"","","",,"","","","","","","",,"","","","","","","",,"","","","","","","",,"","","","","","","",,"","","","","","","",,"","","","","","","",,"","","","","","","",,"","","","","",791794,1,"2024-05-06_18h07.33.488","experiment","2023.2.3","Win32",60.24096386,"5f8e16511b3c641de0918ccd","6638ede3ddbc5fcdff14e9cd","66390decbe3c2678338c6dd1","",,,"",,,"",,,"",,,"",,,"",,,,,"",,,"","",,,,"",,,"","","",,,"","",,,,,"","","",,,,,,,,,,"",,,,,,,,,,,"","",,,,,,,"","",,,"",,,"",,,,"",,,"","","",,,"","",,,,,"","","",,,,,,,,,"",,,"",,,"",,,"",,,"",,,,,,,"","",,,"",,,"",,,"",,,0,2.6196,89.16666667,4.8531,"space",4.4684,,"red_gnome","brown_gnome",0,23,23,9,1,1,4,"",,,,,,,"",,,"","","",,,,,,,,"",,,,,,,
"","","",,"","","","","","","",,"","","","","","","",,"","","","","","","",,"","","","","","","",,"","","","","","","",,"","","","","","","",,"","","","","","","",,"","","","","",791794,1,"2024-05-06_18h07.33.488","experiment","2023.2.3","Win32",60.24096386,"5f8e16511b3c641de0918ccd","6638ede3ddbc5fcdff14e9cd","66390decbe3c2678338c6dd1","",,,"",,,"",,,"",,,"",,,"",,,,,"",,,"","",,,,"",,,"","","",,,"","",,,,,"","","",,,,,,,,,,"",,,,,,,,,,,"","",,,,,,,"","",,,"",,,"",,,,"",,,"","","",,,"","",,,,,"","","",,,,,,,,,"",,,"",,,"",,,"",,,"",,,,,,,"","",,,"",,,"",,,"",,,0,3.0482,88.05555556,5.1005,"space",4.7354,,"purple_gnome","yellow_gnome",0,24,24,26,1,5,7,"",,,,,,,"",,,"","","",,,,,,,,"",,,,,,,
"","","",,"","","","","","","",,"","","","","","","",,"","","","","","","",,"","","","","","","",,"","","","","","","",,"","","","","","","",,"","","","","","","",,"","","","","",791794,1,"2024-05-06_18h07.33.488","experiment","2023.2.3","Win32",60.24096386,"5f8e16511b3c641de0918ccd","6638ede3ddbc5fcdff14e9cd","66390decbe3c2678338c6dd1","",,,"",,,"",,,"",,,"",,,"",,,,,"",,,"","",,,,"",,,"","","",,,"","",,,,,"","","",,,,,,,,,,"",,,,,,,,,,,"","",,,,,,,"","",,,"",,,"",,,,"",,,"","","",,,"","",,,,,"","","",,,,,,,,,"",,,"",,,"",,,"",,,"",,,,,,,"","",,,"",,,"",,,"",,,100,6.586,100,7.8862,"space",7.6023,,"green_gnome","pink_gnome",0,25,25,13,1,2,3,"",,,,,,,"",,,"","","",,,,,,,,"",,,,,,,
"","","",,"","","","","","","",,"","","","","","","",,"","","","","","","",,"","","","","","","",,"","","","","","","",,"","","","","","","",,"","","","","","","",,"","","","","",791794,1,"2024-05-06_18h07.33.488","experiment","2023.2.3","Win32",60.24096386,"5f8e16511b3c641de0918ccd","6638ede3ddbc5fcdff14e9cd","66390decbe3c2678338c6dd1","",,,"",,,"",,,"",,,"",,,"",,,,,"",,,"","",,,,"",,,"","","",,,"","",,,,,"","","",,,,,,,,,,"",,,,,,,,,,,"","",,,,,,,"","",,,"",,,"",,,,"",,,"","","",,,"","",,,,,"","","",,,,,,,,,"",,,"",,,"",,,"",,,"",,,,,,,"","",,,"",,,"",,,"",,,0,2.8148,100,3.885,"space",3.561,,"pink_gnome","blue_gnome",0,26,26,20,1,3,6,"",,,,,,,"",,,"","","",,,,,,,,"",,,,,,,
"","","",,"","","","","","","",,"","","","","","","",,"","","","","","","",,"","","","","","","",,"","","","","","","",,"","","","","","","",,"","","","","","","",,"","","","","",791794,1,"2024-05-06_18h07.33.488","experiment","2023.2.3","Win32",60.24096386,"5f8e16511b3c641de0918ccd","6638ede3ddbc5fcdff14e9cd","66390decbe3c2678338c6dd1","",,,"",,,"",,,"",,,"",,,"",,,,,"",,,"","",,,,"",,,"","","",,,"","",,,,,"","","",,,,,,,,,,"",,,,,,,,,,,"","",,,,,,,"","",,,"",,,"",,,,"",,,"","","",,,"","",,,,,"","","",,,,,,,,,"",,,"",,,"",,,"",,,"",,,,,,,"","",,,"",,,"",,,"",,,100,10.2307,100,11.4387,"space",11.1691,,"purple_gnome","blue_gnome",0,27,27,27,1,6,7,"",,,,,,,"",,,"","","",,,,,,,,"",,,,,,,
"","","",,"","","","","","","",,"","","","","","","",,"","","","","","","",,"","","","","","","",,"","","","","","","",,"","","","","","","",,"","","","","","","",,"","","","","",791794,1,"2024-05-06_18h07.33.488","experiment","2023.2.3","Win32",60.24096386,"5f8e16511b3c641de0918ccd","6638ede3ddbc5fcdff14e9cd","66390decbe3c2678338c6dd1","",,,"",,,"",,,"",,,"",,,"",,,,,"",,,"","",,,,"",,,"","","",,,"","",,,,,"","","",,,,,,,,,,"",,,,,,,,,,,"","",,,,,,,"","",,,"",,,"",,,,"",,,"","","",,,"","",,,,,"","","",,,,,,,,,"",,,"",,,"",,,"",,,"",,,,,,,"","",,,"",,,"",,,"",,,,,,,"",,,"","",,,,,,,,"space",11.6963,,0,5.9331,100,7.1498,"space",6.8019,,"red_gnome","dark_forest","yellow_basket",0,0,0,9,1,4,1,"",,,,,,,
"","","",,"","","","","","","",,"","","","","","","",,"","","","","","","",,"","","","","","","",,"","","","","","","",,"","","","","","","",,"","","","","","","",,"","","","","",791794,1,"2024-05-06_18h07.33.488","experiment","2023.2.3","Win32",60.24096386,"5f8e16511b3c641de0918ccd","6638ede3ddbc5fcdff14e9cd","66390decbe3c2678338c6dd1","",,,"",,,"",,,"",,,"",,,"",,,,,"",,,"","",,,,"",,,"","","",,,"","",,,,,"","","",,,,,,,,,,"",,,,,,,,,,,"","",,,,,,,"","",,,"",,,"",,,,"",,,"","","",,,"","",,,,,"","","",,,,,,,,,"",,,"",,,"",,,"",,,"",,,,,,,"","",,,"",,,"",,,"",,,,,,,"",,,"","",,,,,,,,"",,,100,2.8759,100,4.1079,"space",3.9817,,"red_gnome","bright_forest","red_basket",0,1,1,8,1,4,0,"",,,,,,,
"","","",,"","","","","","","",,"","","","","","","",,"","","","","","","",,"","","","","","","",,"","","","","","","",,"","","","","","","",,"","","","","","","",,"","","","","",791794,1,"2024-05-06_18h07.33.488","experiment","2023.2.3","Win32",60.24096386,"5f8e16511b3c641de0918ccd","6638ede3ddbc5fcdff14e9cd","66390decbe3c2678338c6dd1","",,,"",,,"",,,"",,,"",,,"",,,,,"",,,"","",,,,"",,,"","","",,,"","",,,,,"","","",,,,,,,,,,"",,,,,,,,,,,"","",,,,,,,"","",,,"",,,"",,,,"",,,"","","",,,"","",,,,,"","","",,,,,,,,,"",,,"",,,"",,,"",,,"",,,,,,,"","",,,"",,,"",,,"",,,,,,,"",,,"","",,,,,,,,"",,,100,6.9094,100,8.2132,"space",7.869,,"green_gnome","bright_forest","red_basket",0,2,2,4,1,2,0,"",,,,,,,
"","","",,"","","","","","","",,"","","","","","","",,"","","","","","","",,"","","","","","","",,"","","","","","","",,"","","","","","","",,"","","","","","","",,"","","","","",791794,1,"2024-05-06_18h07.33.488","experiment","2023.2.3","Win32",60.24096386,"5f8e16511b3c641de0918ccd","6638ede3ddbc5fcdff14e9cd","66390decbe3c2678338c6dd1","",,,"",,,"",,,"",,,"",,,"",,,,,"",,,"","",,,,"",,,"","","",,,"","",,,,,"","","",,,,,,,,,,"",,,,,,,,,,,"","",,,,,,,"","",,,"",,,"",,,,"",,,"","","",,,"","",,,,,"","","",,,,,,,,,"",,,"",,,"",,,"",,,"",,,,,,,"","",,,"",,,"",,,"",,,,,,,"",,,"","",,,,,,,,"",,,0,7.2612,100,8.4698,"space",12.8034,,"orange_gnome","dark_forest","yellow_basket",0,3,3,1,1,0,1,"",,,,,,,
"","","",,"","","","","","","",,"","","","","","","",,"","","","","","","",,"","","","","","","",,"","","","","","","",,"","","","","","","",,"","","","","","","",,"","","","","",791794,1,"2024-05-06_18h07.33.488","experiment","2023.2.3","Win32",60.24096386,"5f8e16511b3c641de0918ccd","6638ede3ddbc5fcdff14e9cd","66390decbe3c2678338c6dd1","",,,"",,,"",,,"",,,"",,,"",,,,,"",,,"","",,,,"",,,"","","",,,"","",,,,,"","","",,,,,,,,,,"",,,,,,,,,,,"","",,,,,,,"","",,,"",,,"",,,,"",,,"","","",,,"","",,,,,"","","",,,,,,,,,"",,,"",,,"",,,"",,,"",,,,,,,"","",,,"",,,"",,,"",,,,,,,"",,,"","",,,,,,,,"",,,0,3.9037,100,5.1677,"space",4.8138,,"pink_gnome","bright_forest","red_basket",0,4,4,6,1,3,0,"",,,,,,,
"","","",,"","","","","","","",,"","","","","","","",,"","","","","","","",,"","","","","","","",,"","","","","","","",,"","","","","","","",,"","","","","","","",,"","","","","",791794,1,"2024-05-06_18h07.33.488","experiment","2023.2.3","Win32",60.24096386,"5f8e16511b3c641de0918ccd","6638ede3ddbc5fcdff14e9cd","66390decbe3c2678338c6dd1","",,,"",,,"",,,"",,,"",,,"",,,,,"",,,"","",,,,"",,,"","","",,,"","",,,,,"","","",,,,,,,,,,"",,,,,,,,,,,"","",,,,,,,"","",,,"",,,"",,,,"",,,"","","",,,"","",,,,,"","","",,,,,,,,,"",,,"",,,"",,,"",,,"",,,,,,,"","",,,"",,,"",,,"",,,,,,,"",,,"","",,,,,,,,"",,,0,3.0098,100,4.0692,"space",3.8366,,"yellow_gnome","bright_forest","red_basket",0,5,5,10,1,5,0,"",,,,,,,
"","","",,"","","","","","","",,"","","","","","","",,"","","","","","","",,"","","","","","","",,"","","","","","","",,"","","","","","","",,"","","","","","","",,"","","","","",791794,1,"2024-05-06_18h07.33.488","experiment","2023.2.3","Win32",60.24096386,"5f8e16511b3c641de0918ccd","6638ede3ddbc5fcdff14e9cd","66390decbe3c2678338c6dd1","",,,"",,,"",,,"",,,"",,,"",,,,,"",,,"","",,,,"",,,"","","",,,"","",,,,,"","","",,,,,,,,,,"",,,,,,,,,,,"","",,,,,,,"","",,,"",,,"",,,,"",,,"","","",,,"","",,,,,"","","",,,,,,,,,"",,,"",,,"",,,"",,,"",,,,,,,"","",,,"",,,"",,,"",,,,,,,"",,,"","",,,,,,,,"",,,100,6.7956,100,7.9795,"space",7.6587,,"blue_gnome","bright_forest","red_basket",0,6,6,12,1,6,0,"",,,,,,,
"","","",,"","","","","","","",,"","","","","","","",,"","","","","","","",,"","","","","","","",,"","","","","","","",,"","","","","","","",,"","","","","","","",,"","","","","",791794,1,"2024-05-06_18h07.33.488","experiment","2023.2.3","Win32",60.24096386,"5f8e16511b3c641de0918ccd","6638ede3ddbc5fcdff14e9cd","66390decbe3c2678338c6dd1","",,,"",,,"",,,"",,,"",,,"",,,,,"",,,"","",,,,"",,,"","","",,,"","",,,,,"","","",,,,,,,,,,"",,,,,,,,,,,"","",,,,,,,"","",,,"",,,"",,,,"",,,"","","",,,"","",,,,,"","","",,,,,,,,,"",,,"",,,"",,,"",,,"",,,,,,,"","",,,"",,,"",,,"",,,,,,,"",,,"","",,,,,,,,"",,,0,2.2852,100,3.4207,"space",3.4267,,"brown_gnome","bright_forest","red_basket",0,7,7,2,1,1,0,"",,,,,,,
"","","",,"","","","","","","",,"","","","","","","",,"","","","","","","",,"","","","","","","",,"","","","","","","",,"","","","","","","",,"","","","","","","",,"","","","","",791794,1,"2024-05-06_18h07.33.488","experiment","2023.2.3","Win32",60.24096386,"5f8e16511b3c641de0918ccd","6638ede3ddbc5fcdff14e9cd","66390decbe3c2678338c6dd1","",,,"",,,"",,,"",,,"",,,"",,,,,"",,,"","",,,,"",,,"","","",,,"","",,,,,"","","",,,,,,,,,,"",,,,,,,,,,,"","",,,,,,,"","",,,"",,,"",,,,"",,,"","","",,,"","",,,,,"","","",,,,,,,,,"",,,"",,,"",,,"",,,"",,,,,,,"","",,,"",,,"",,,"",,,,,,,"",,,"","",,,,,,,,"",,,0,4.0789,100,7.5035,"space",8.8926,,"purple_gnome","bright_forest","red_basket",0,8,8,14,1,7,0,"",,,,,,,
"","","",,"","","","","","","",,"","","","","","","",,"","","","","","","",,"","","","","","","",,"","","","","","","",,"","","","","","","",,"","","","","","","",,"","","","","",791794,1,"2024-05-06_18h07.33.488","experiment","2023.2.3","Win32",60.24096386,"5f8e16511b3c641de0918ccd","6638ede3ddbc5fcdff14e9cd","66390decbe3c2678338c6dd1","",,,"",,,"",,,"",,,"",,,"",,,,,"",,,"","",,,,"",,,"","","",,,"","",,,,,"","","",,,,,,,,,,"",,,,,,,,,,,"","",,,,,,,"","",,,"",,,"",,,,"",,,"","","",,,"","",,,,,"","","",,,,,,,,,"",,,"",,,"",,,"",,,"",,,,,,,"","",,,"",,,"",,,"",,,,,,,"",,,"","",,,,,,,,"",,,100,2.5902,100,3.7981,"space",3.5567,,"purple_gnome","dark_forest","yellow_basket",0,9,9,15,1,7,1,"",,,,,,,
"","","",,"","","","","","","",,"","","","","","","",,"","","","","","","",,"","","","","","","",,"","","","","","","",,"","","","","","","",,"","","","","","","",,"","","","","",791794,1,"2024-05-06_18h07.33.488","experiment","2023.2.3","Win32",60.24096386,"5f8e16511b3c641de0918ccd","6638ede3ddbc5fcdff14e9cd","66390decbe3c2678338c6dd1","",,,"",,,"",,,"",,,"",,,"",,,,,"",,,"","",,,,"",,,"","","",,,"","",,,,,"","","",,,,,,,,,,"",,,,,,,,,,,"","",,,,,,,"","",,,"",,,"",,,,"",,,"","","",,,"","",,,,,"","","",,,,,,,,,"",,,"",,,"",,,"",,,"",,,,,,,"","",,,"",,,"",,,"",,,,,,,"",,,"","",,,,,,,,"",,,0,4.6191,100,6.0684,"space",5.7609,,"green_gnome","dark_forest","yellow_basket",0,10,10,5,1,2,1,"",,,,,,,
"","","",,"","","","","","","",,"","","","","","","",,"","","","","","","",,"","","","","","","",,"","","","","","","",,"","","","","","","",,"","","","","","","",,"","","","","",791794,1,"2024-05-06_18h07.33.488","experiment","2023.2.3","Win32",60.24096386,"5f8e16511b3c641de0918ccd","6638ede3ddbc5fcdff14e9cd","66390decbe3c2678338c6dd1","",,,"",,,"",,,"",,,"",,,"",,,,,"",,,"","",,,,"",,,"","","",,,"","",,,,,"","","",,,,,,,,,,"",,,,,,,,,,,"","",,,,,,,"","",,,"",,,"",,,,"",,,"","","",,,"","",,,,,"","","",,,,,,,,,"",,,"",,,"",,,"",,,"",,,,,,,"","",,,"",,,"",,,"",,,,,,,"",,,"","",,,,,,,,"",,,100,5.9874,100,7.0553,"space",6.6694,,"orange_gnome","bright_forest","red_basket",0,11,11,0,1,0,0,"",,,,,,,
"","","",,"","","","","","","",,"","","","","","","",,"","","","","","","",,"","","","","","","",,"","","","","","","",,"","","","","","","",,"","","","","","","",,"","","","","",791794,1,"2024-05-06_18h07.33.488","experiment","2023.2.3","Win32",60.24096386,"5f8e16511b3c641de0918ccd","6638ede3ddbc5fcdff14e9cd","66390decbe3c2678338c6dd1","",,,"",,,"",,,"",,,"",,,"",,,,,"",,,"","",,,,"",,,"","","",,,"","",,,,,"","","",,,,,,,,,,"",,,,,,,,,,,"","",,,,,,,"","",,,"",,,"",,,,"",,,"","","",,,"","",,,,,"","","",,,,,,,,,"",,,"",,,"",,,"",,,"",,,,,,,"","",,,"",,,"",,,"",,,,,,,"",,,"","",,,,,,,,"",,,0,4.7594,100,5.8954,"space",5.5514,,"blue_gnome","dark_forest","yellow_basket",0,12,12,13,1,6,1,"",,,,,,,
"","","",,"","","","","","","",,"","","","","","","",,"","","","","","","",,"","","","","","","",,"","","","","","","",,"","","","","","","",,"","","","","","","",,"","","","","",791794,1,"2024-05-06_18h07.33.488","experiment","2023.2.3","Win32",60.24096386,"5f8e16511b3c641de0918ccd","6638ede3ddbc5fcdff14e9cd","66390decbe3c2678338c6dd1","",,,"",,,"",,,"",,,"",,,"",,,,,"",,,"","",,,,"",,,"","","",,,"","",,,,,"","","",,,,,,,,,,"",,,,,,,,,,,"","",,,,,,,"","",,,"",,,"",,,,"",,,"","","",,,"","",,,,,"","","",,,,,,,,,"",,,"",,,"",,,"",,,"",,,,,,,"","",,,"",,,"",,,"",,,,,,,"",,,"","",,,,,,,,"",,,100,2.6531,100,4.324,"space",4.0688,,"yellow_gnome","dark_forest","yellow_basket",0,13,13,11,1,5,1,"",,,,,,,
"","","",,"","","","","","","",,"","","","","","","",,"","","","","","","",,"","","","","","","",,"","","","","","","",,"","","","","","","",,"","","","","","","",,"","","","","",791794,1,"2024-05-06_18h07.33.488","experiment","2023.2.3","Win32",60.24096386,"5f8e16511b3c641de0918ccd","6638ede3ddbc5fcdff14e9cd","66390decbe3c2678338c6dd1","",,,"",,,"",,,"",,,"",,,"",,,,,"",,,"","",,,,"",,,"","","",,,"","",,,,,"","","",,,,,,,,,,"",,,,,,,,,,,"","",,,,,,,"","",,,"",,,"",,,,"",,,"","","",,,"","",,,,,"","","",,,,,,,,,"",,,"",,,"",,,"",,,"",,,,,,,"","",,,"",,,"",,,"",,,,,,,"",,,"","",,,,,,,,"",,,100,2.14,100,3.2601,"space",2.9226,,"brown_gnome","dark_forest","yellow_basket",0,14,14,3,1,1,1,"",,,,,,,
"","","",,"","","","","","","",,"","","","","","","",,"","","","","","","",,"","","","","","","",,"","","","","","","",,"","","","","","","",,"","","","","","","",,"","","","","",791794,1,"2024-05-06_18h07.33.488","experiment","2023.2.3","Win32",60.24096386,"5f8e16511b3c641de0918ccd","6638ede3ddbc5fcdff14e9cd","66390decbe3c2678338c6dd1","",,,"",,,"",,,"",,,"",,,"",,,,,"",,,"","",,,,"",,,"","","",,,"","",,,,,"","","",,,,,,,,,,"",,,,,,,,,,,"","",,,,,,,"","",,,"",,,"",,,,"",,,"","","",,,"","",,,,,"","","",,,,,,,,,"",,,"",,,"",,,"",,,"",,,,,,,"","",,,"",,,"",,,"",,,,,,,"",,,"","",,,,,,,,"",,,100,2.2701,100,3.2579,"space",2.9768,,"pink_gnome","dark_forest","yellow_basket",0,15,15,7,1,3,1,"",,,,,,,
"","","",,"","","","","","","",,"","","","","","","",,"","","","","","","",,"","","","","","","",,"","","","","","","",,"","","","","","","",,"","","","","","","",,"","","","","",791794,1,"2024-05-06_18h07.33.488","experiment","2023.2.3","Win32",60.24096386,"5f8e16511b3c641de0918ccd","6638ede3ddbc5fcdff14e9cd","66390decbe3c2678338c6dd1","",,,"",,,"",,,"",,,"",,,"",,,,,"",,,"","",,,,"",,,"","","",,,"","",,,,,"","","",,,,,,,,,,"",,,,,,,,,,,"","",,,,,,,"","",,,"",,,"",,,,"",,,"","","",,,"","",,,,,"","","",,,,,,,,,"",,,"",,,"",,,"",,,"",,,,,,,"","",,,"",,,"",,,"",,,,,,,"",,,"","",,,,,,,,"",,,,,,,"",,,"","","",,,,,,,,"space",33.0533,,0,0,0,0,1
