"parent_PID","stim1_name","stim1_file","stim1_pair","stim1_deact_file","stim1_step2_name","stim1_step2_file","stim1_step2_basket_name","stim1_step2_basket_file","stim2_name","stim2_file","stim2_pair","stim2_deact_file","stim2_step2_name","stim2_step2_file","stim2_step2_basket_name","stim2_step2_basket_file","stim3_name","stim3_file","stim3_pair","stim3_deact_file","stim3_step2_name","stim3_step2_file","stim3_step2_basket_name","stim3_step2_basket_file","stim4_name","stim4_file","stim4_pair","stim4_deact_file","stim4_step2_name","stim4_step2_file","stim4_step2_basket_name","stim4_step2_basket_file","stim5_name","stim5_file","stim5_pair","stim5_deact_file","stim5_step2_name","stim5_step2_file","stim5_step2_basket_name","stim5_step2_basket_file","stim6_name","stim6_file","stim6_pair","stim6_deact_file","stim6_step2_name","stim6_step2_file","stim6_step2_basket_name","stim6_step2_basket_file","stim7_name","stim7_file","stim7_pair","stim7_deact_file","stim7_step2_name","stim7_step2_file","stim7_step2_basket_name","stim7_step2_basket_file","stim8_name","stim8_file","stim8_pair","stim8_deact_file","stim8_step2_name","stim8_step2_file","stim8_step2_basket_name","stim8_step2_basket_file","participant","session","date","expName","psychopyVersion","OS","frameRate","PROLIFIC_PID","STUDY_ID","SESSION_ID","consent_keyresp.keys","consent_keyresp.rt","consent_keyresp.duration","global_instructions1_key.keys","global_instructions1_key.rt","global_instructions1_key.duration","global_instructions2_key.keys","global_instructions2_key.rt","global_instructions2_key.duration","global_instructions3_key.keys","global_instructions3_key.rt","global_instructions3_key.duration","global_instructions4_key.keys","global_instructions4_key.rt","global_instructions4_key.duration","stake_instructions_key.keys","stake_instructions_key.rt","stake_instructions_key.duration","global_instructions5_key.keys","global_instructions5_key.rt","global_instructions5_key.duration","p_fixation_2.started","p_fixation_2.stopped","p_step1_keyresp.keys","p_step1_keyresp.rt","p_step1_keyresp.duration","p_step2_keyresp.keys","p_step2_keyresp.rt","p_step2_keyresp.duration","p_step1_pair_index","p_step1_stimLeft_name","p_step1_stimLeft_pair","p_step1_stimLeft_reward","p_step1_stimLeft_step2Stim","p_step1_stimLeft_step2Basket","p_step1_stimRight_name","p_step1_stimRight_pair","p_step1_stimRight_reward","p_step1_stimRight_step2Stim","p_step1_stimRight_step2Basket","p_points","t_mult","p_fail_step1","p_fail_step2","p_reward_flag","p_step1_choice","p_step2_stim","p_step2_basket","p_score","practice.thisRepN","practice.thisTrialN","practice.thisN","practice.thisIndex","practice.ran","pair_index","p_mult","p_failStep1_keyresp.keys","p_failStep1_keyresp.rt","p_failStep1_keyresp.duration","t_instructions_keyresp.keys","t_instructions_keyresp.rt","t_instructions_keyresp.duration","t_advice_reading.started","t_advice_reading.stopped","t_advice_mouse.x","t_advice_mouse.y","t_advice_mouse.leftButton","t_advice_mouse.midButton","t_advice_mouse.rightButton","t_advice_mouse.time","t_advice_mouse.clicked_name","t_advice_summary_textbox.text","t_advice_summary_mouse.x","t_advice_summary_mouse.y","t_advice_summary_mouse.leftButton","t_advice_summary_mouse.midButton","t_advice_summary_mouse.rightButton","t_advice_summary_mouse.time","t_advice_summary_mouse.clicked_name","t_instructions_2_keyresp.keys","t_instructions_2_keyresp.rt","t_instructions_2_keyresp.duration","t_step1_keyresp.keys","t_step1_keyresp.rt","t_step1_keyresp.duration","t_step2_keyresp.keys","t_step2_keyresp.rt","t_step2_keyresp.duration","t_step1_pair_index","t_step1_stimLeft_name","t_step1_stimLeft_pair","t_step1_stimLeft_reward","t_step1_stimLeft_step2Stim","t_step1_stimLeft_step2Basket","t_step1_stimRight_name","t_step1_stimRight_pair","t_step1_stimRight_reward","t_step1_stimRight_step2Stim","t_step1_stimRight_step2Basket","t_points","t_fail_step1","t_fail_step2","t_reward_flag","t_step1_choice","t_step2_stim","t_step2_basket","globa_score","t_data_stimWalk0","t_data_stimWalk1","trials.thisRepN","trials.thisTrialN","trials.thisN","trials.thisIndex","trials.ran","break_key_resp.keys","break_key_resp.rt","break_key_resp.duration","pl_global_instructions_keyresp.keys","pl_global_instructions_keyresp.rt","pl_global_instructions_keyresp.duration","vb_instructions_keyresp.keys","vb_instructions_keyresp.rt","vb_instructions_keyresp.duration","vb_instructions_2_keyresp.keys","vb_instructions_2_keyresp.rt","vb_instructions_2_keyresp.duration","vb_textbox.text","vb_mouse.x","vb_mouse.y","vb_mouse.leftButton","vb_mouse.midButton","vb_mouse.rightButton","vb_mouse.time","vb_mouse.clicked_name","pl1_instructions1_keyresp.keys","pl1_instructions1_keyresp.rt","pl1_instructions1_keyresp.duration","pl1_instructions2_keyresp.keys","pl1_instructions2_keyresp.rt","pl1_instructions2_keyresp.duration","pl1_instructions3_keyresp.keys","pl1_instructions3_keyresp.rt","pl1_instructions3_keyresp.duration","pl1_instructions4_keyresp.keys","pl1_instructions4_keyresp.rt","pl1_instructions4_keyresp.duration","pl1_task_lickert.response","pl1_task_lickert.rt","pl1_task_confidence_lickert.response","pl1_task_confidence_lickert.rt","pl1_task_keyresp.keys","pl1_task_keyresp.rt","pl1_task_keyresp.duration","pl1_task_stimLeft","pl1_task_stimRight","pl1_loop.thisRepN","pl1_loop.thisTrialN","pl1_loop.thisN","pl1_loop.thisIndex","pl1_loop.ran","stimLeft_index","stimRight_index","pl2_instructions_keyresp.keys","pl2_instructions_keyresp.rt","pl2_instructions_keyresp.duration","pl2_task_lickert.response","pl2_task_lickert.rt","pl2_task_confidence_lickert.response","pl2_task_confidence_lickert.rt","pl2_task_keyresp.keys","pl2_task_keyresp.rt","pl2_task_keyresp.duration","pl2_task_gnome","pl2_task_forest","pl2_task_basket","pl2_loop.thisRepN","pl2_loop.thisTrialN","pl2_loop.thisN","pl2_loop.thisIndex","pl2_loop.ran","gnome_id","forest_id","end_keyresp.keys","end_keyresp.rt","end_keyresp.duration","show_trials.thisRepN","show_trials.thisTrialN","show_trials.thisN","show_trials.thisIndex","show_trials.ran"
"5e89ba09ec9b3364b1fc0bd1","brown_gnome","ressources/step1_stim1.png",4,"ressources/step1_tallGnome_deact.png","bright_forest","ressources/step2_background1.png","yellow_basket","ressources/step2_stim1.png","purple_gnome","ressources/step1_stim2.png",3,"ressources/step1_tallGnome_deact.png","dark_forest","ressources/step2_background2.png","red_basket","ressources/step2_stim2.png","pink_gnome","ressources/step1_stim3.png",2,"ressources/step1_tallGnome_deact.png","dark_forest","ressources/step2_background2.png","red_basket","ressources/step2_stim2.png","blue_gnome","ressources/step1_stim4.png",1,"ressources/step1_tallGnome_deact.png","dark_forest","ressources/step2_background2.png","red_basket","ressources/step2_stim2.png","green_gnome","ressources/step1_stim5.png",1,"ressources/step1_smallGnome_deact.png","bright_forest","ressources/step2_background1.png","yellow_basket","ressources/step2_stim1.png","red_gnome","ressources/step1_stim6.png",4,"ressources/step1_smallGnome_deact.png","dark_forest","ressources/step2_background2.png","red_basket","ressources/step2_stim2.png","yellow_gnome","ressources/step1_stim7.png",2,"ressources/step1_smallGnome_deact.png","bright_forest","ressources/step2_background1.png","yellow_basket","ressources/step2_stim1.png","orange_gnome","ressources/step1_stim8.png",3,"ressources/step1_smallGnome_deact.png","bright_forest","ressources/step2_background1.png","yellow_basket","ressources/step2_stim1.png",473322,1,"2024-05-23_19h03.22.429","experiment","2023.2.3","Win32",62.5,"60241d8be372010009703f80","664f1702f723b1deb64680cb","664f84dbbe54e083251e2ac2","",,,"",,,"",,,"",,,"",,,"",,,"",,,,,"",,,"",,,,"",,,"","","",,,"","",,,,,,"","","",,,,,,,,,"",,,"",,,,,,,,,,,"","",,,,,,,"","",,,"",,,"",,,,"",,,"","","",,,"","",,,,,"","","",,,,,,,,,"",,,"",,,"",,,"",,,"",,,,,,,"","",,,"",,,"",,,"",,,,,,,"",,,"","",,,,,,,,"",,,,,,,"",,,"","","",,,,,,,,"",,,,,,,
"","","",,"","","","","","","",,"","","","","","","",,"","","","","","","",,"","","","","","","",,"","","","","","","",,"","","","","","","",,"","","","","","","",,"","","","","",473322,1,"2024-05-23_19h03.22.429","experiment","2023.2.3","Win32",62.5,"60241d8be372010009703f80","664f1702f723b1deb64680cb","664f84dbbe54e083251e2ac2","y",6.046,,"",,,"",,,"",,,"",,,"",,,"",,,,,"",,,"",,,,"",,,"","","",,,"","",,,,,,"","","",,,,,,,,,"",,,"",,,,,,,,,,,"","",,,,,,,"","",,,"",,,"",,,,"",,,"","","",,,"","",,,,,"","","",,,,,,,,,"",,,"",,,"",,,"",,,"",,,,,,,"","",,,"",,,"",,,"",,,,,,,"",,,"","",,,,,,,,"",,,,,,,"",,,"","","",,,,,,,,"",,,,,,,
"","","",,"","","","","","","",,"","","","","","","",,"","","","","","","",,"","","","","","","",,"","","","","","","",,"","","","","","","",,"","","","","","","",,"","","","","",473322,1,"2024-05-23_19h03.22.429","experiment","2023.2.3","Win32",62.5,"60241d8be372010009703f80","664f1702f723b1deb64680cb","664f84dbbe54e083251e2ac2","",,,"space",7.286,,"space",52.071,,"space",11.676,,"space",26.593,,"space",16.87,,"space",24.869,,147,147.514,"k",0.845,,"space",0.818,,1,"p_green_gnome",1,0,"p_green_forest","p_green_basket","p_pink_gnome",1,5,"p_yellow_forest","p_blue_basket",5,1,0,0,1,"p_pink_gnome","p_yellow_forest","p_blue_basket",5,0,0,0,0,1,1,1,"",,,"",,,,,,,,,,,"","",,,,,,,"","",,,"",,,"",,,,"",,,"","","",,,"","",,,,,"","","",,,,,,,,,"",,,"",,,"",,,"",,,"",,,,,,,"","",,,"",,,"",,,"",,,,,,,"",,,"","",,,,,,,,"",,,,,,,"",,,"","","",,,,,,,,"",,,,,,,
"","","",,"","","","","","","",,"","","","","","","",,"","","","","","","",,"","","","","","","",,"","","","","","","",,"","","","","","","",,"","","","","","","",,"","","","","",473322,1,"2024-05-23_19h03.22.429","experiment","2023.2.3","Win32",62.5,"60241d8be372010009703f80","664f1702f723b1deb64680cb","664f84dbbe54e083251e2ac2","",,,"",,,"",,,"",,,"",,,"",,,"",,,154.073,154.578,"s",0.56,,"space",0.365,,1,"p_green_gnome",1,0,"p_green_forest","p_green_basket","p_pink_gnome",1,5,"p_yellow_forest","p_blue_basket",0,5,0,0,1,"p_green_gnome","p_green_forest","p_green_basket",5,0,1,1,2,1,1,5,"",,,"",,,,,,,,,,,"","",,,,,,,"","",,,"",,,"",,,,"",,,"","","",,,"","",,,,,"","","",,,,,,,,,"",,,"",,,"",,,"",,,"",,,,,,,"","",,,"",,,"",,,"",,,,,,,"",,,"","",,,,,,,,"",,,,,,,"",,,"","","",,,,,,,,"",,,,,,,
"","","",,"","","","","","","",,"","","","","","","",,"","","","","","","",,"","","","","","","",,"","","","","","","",,"","","","","","","",,"","","","","","","",,"","","","","",473322,1,"2024-05-23_19h03.22.429","experiment","2023.2.3","Win32",62.5,"60241d8be372010009703f80","664f1702f723b1deb64680cb","664f84dbbe54e083251e2ac2","",,,"",,,"",,,"",,,"",,,"",,,"",,,161.133,161.642,"s",1.384,,"space",0.721,,2,"p_blue_gnome",2,0,"p_green_forest","p_green_basket","p_orange_gnome",2,5,"p_yellow_forest","p_blue_basket",0,1,0,0,1,"p_blue_gnome","p_green_forest","p_green_basket",5,0,2,2,1,1,2,1,"",,,"",,,,,,,,,,,"","",,,,,,,"","",,,"",,,"",,,,"",,,"","","",,,"","",,,,,"","","",,,,,,,,,"",,,"",,,"",,,"",,,"",,,,,,,"","",,,"",,,"",,,"",,,,,,,"",,,"","",,,,,,,,"",,,,,,,"",,,"","","",,,,,,,,"",,,,,,,
"","","",,"","","","","","","",,"","","","","","","",,"","","","","","","",,"","","","","","","",,"","","","","","","",,"","","","","","","",,"","","","","","","",,"","","","","",473322,1,"2024-05-23_19h03.22.429","experiment","2023.2.3","Win32",62.5,"60241d8be372010009703f80","664f1702f723b1deb64680cb","664f84dbbe54e083251e2ac2","",,,"",,,"",,,"",,,"",,,"",,,"",,,168.198,168.706,"s",0.929,,"space",0.503,,1,"p_pink_gnome",1,5,"p_yellow_forest","p_blue_basket","p_green_gnome",1,0,"p_green_forest","p_green_basket",5,1,0,0,1,"p_pink_gnome","p_yellow_forest","p_blue_basket",10,0,3,3,0,1,1,1,"",,,"",,,,,,,,,,,"","",,,,,,,"","",,,"",,,"",,,,"",,,"","","",,,"","",,,,,"","","",,,,,,,,,"",,,"",,,"",,,"",,,"",,,,,,,"","",,,"",,,"",,,"",,,,,,,"",,,"","",,,,,,,,"",,,,,,,"",,,"","","",,,,,,,,"",,,,,,,
"","","",,"","","","","","","",,"","","","","","","",,"","","","","","","",,"","","","","","","",,"","","","","","","",,"","","","","","","",,"","","","","","","",,"","","","","",473322,1,"2024-05-23_19h03.22.429","experiment","2023.2.3","Win32",62.5,"60241d8be372010009703f80","664f1702f723b1deb64680cb","664f84dbbe54e083251e2ac2","",,,"",,,"",,,"",,,"",,,"",,,"",,,175.264,175.771,"k",1.177,,"space",0.603,,2,"p_blue_gnome",2,1,"p_green_forest","p_green_basket","p_orange_gnome",2,6,"p_yellow_forest","p_blue_basket",30,5,0,0,1,"p_orange_gnome","p_yellow_forest","p_blue_basket",40,1,0,4,3,1,2,5,"",,,"",,,,,,,,,,,"","",,,,,,,"","",,,"",,,"",,,,"",,,"","","",,,"","",,,,,"","","",,,,,,,,,"",,,"",,,"",,,"",,,"",,,,,,,"","",,,"",,,"",,,"",,,,,,,"",,,"","",,,,,,,,"",,,,,,,"",,,"","","",,,,,,,,"",,,,,,,
"","","",,"","","","","","","",,"","","","","","","",,"","","","","","","",,"","","","","","","",,"","","","","","","",,"","","","","","","",,"","","","","","","",,"","","","","",473322,1,"2024-05-23_19h03.22.429","experiment","2023.2.3","Win32",62.5,"60241d8be372010009703f80","664f1702f723b1deb64680cb","664f84dbbe54e083251e2ac2","",,,"",,,"",,,"",,,"",,,"",,,"",,,182.327,182.834,"s",0.717,,"space",0.645,,2,"p_orange_gnome",2,6,"p_yellow_forest","p_blue_basket","p_blue_gnome",2,1,"p_green_forest","p_green_basket",30,5,0,0,1,"p_orange_gnome","p_yellow_forest","p_blue_basket",70,1,1,5,3,1,2,5,"",,,"",,,,,,,,,,,"","",,,,,,,"","",,,"",,,"",,,,"",,,"","","",,,"","",,,,,"","","",,,,,,,,,"",,,"",,,"",,,"",,,"",,,,,,,"","",,,"",,,"",,,"",,,,,,,"",,,"","",,,,,,,,"",,,,,,,"",,,"","","",,,,,,,,"",,,,,,,
"","","",,"","","","","","","",,"","","","","","","",,"","","","","","","",,"","","","","","","",,"","","","","","","",,"","","","","","","",,"","","","","","","",,"","","","","",473322,1,"2024-05-23_19h03.22.429","experiment","2023.2.3","Win32",62.5,"60241d8be372010009703f80","664f1702f723b1deb64680cb","664f84dbbe54e083251e2ac2","",,,"",,,"",,,"",,,"",,,"",,,"",,,189.391,189.899,"k",1.044,,"space",0.527,,1,"p_pink_gnome",1,6,"p_yellow_forest","p_blue_basket","p_green_gnome",1,1,"p_green_forest","p_green_basket",5,5,0,0,1,"p_green_gnome","p_green_forest","p_green_basket",75,1,2,6,2,1,1,5,"",,,"",,,,,,,,,,,"","",,,,,,,"","",,,"",,,"",,,,"",,,"","","",,,"","",,,,,"","","",,,,,,,,,"",,,"",,,"",,,"",,,"",,,,,,,"","",,,"",,,"",,,"",,,,,,,"",,,"","",,,,,,,,"",,,,,,,"",,,"","","",,,,,,,,"",,,,,,,
"","","",,"","","","","","","",,"","","","","","","",,"","","","","","","",,"","","","","","","",,"","","","","","","",,"","","","","","","",,"","","","","","","",,"","","","","",473322,1,"2024-05-23_19h03.22.429","experiment","2023.2.3","Win32",62.5,"60241d8be372010009703f80","664f1702f723b1deb64680cb","664f84dbbe54e083251e2ac2","",,,"",,,"",,,"",,,"",,,"",,,"",,,196.455,196.963,"",,,"",,,1,"p_pink_gnome",1,6,"p_yellow_forest","p_blue_basket","p_green_gnome",1,1,"p_green_forest","p_green_basket",0,5,1,0,0,"p_green_gnome","p_green_forest","p_green_basket",75,1,3,7,2,1,1,5,"space",1.427,,"",,,,,,,,,,,"","",,,,,,,"","",,,"",,,"",,,,"",,,"","","",,,"","",,,,,"","","",,,,,,,,,"",,,"",,,"",,,"",,,"",,,,,,,"","",,,"",,,"",,,"",,,,,,,"",,,"","",,,,,,,,"",,,,,,,"",,,"","","",,,,,,,,"",,,,,,,
"","","",,"","","","","","","",,"","","","","","","",,"","","","","","","",,"","","","","","","",,"","","","","","","",,"","","","","","","",,"","","","","","","",,"","","","","",473322,1,"2024-05-23_19h03.22.429","experiment","2023.2.3","Win32",62.5,"60241d8be372010009703f80","664f1702f723b1deb64680cb","664f84dbbe54e083251e2ac2","",,,"",,,"",,,"",,,"",,,"",,,"",,,200.936,201.445,"k",0.902,,"space",0.257,,2,"p_blue_gnome",2,2,"p_green_forest","p_green_basket","p_orange_gnome",2,7,"p_yellow_forest","p_blue_basket",7,1,0,0,1,"p_orange_gnome","p_yellow_forest","p_blue_basket",82,2,0,8,1,1,2,1,"",,,"",,,,,,,,,,,"","",,,,,,,"","",,,"",,,"",,,,"",,,"","","",,,"","",,,,,"","","",,,,,,,,,"",,,"",,,"",,,"",,,"",,,,,,,"","",,,"",,,"",,,"",,,,,,,"",,,"","",,,,,,,,"",,,,,,,"",,,"","","",,,,,,,,"",,,,,,,
"","","",,"","","","","","","",,"","","","","","","",,"","","","","","","",,"","","","","","","",,"","","","","","","",,"","","","","","","",,"","","","","","","",,"","","","","",473322,1,"2024-05-23_19h03.22.429","experiment","2023.2.3","Win32",62.5,"60241d8be372010009703f80","664f1702f723b1deb64680cb","664f84dbbe54e083251e2ac2","",,,"",,,"",,,"",,,"",,,"",,,"",,,208.001,208.509,"s",0.746,,"space",0.301,,2,"p_blue_gnome",2,2,"p_green_forest","p_green_basket","p_orange_gnome",2,7,"p_yellow_forest","p_blue_basket",10,5,0,0,1,"p_blue_gnome","p_green_forest","p_green_basket",92,2,1,9,3,1,2,5,"",,,"",,,,,,,,,,,"","",,,,,,,"","",,,"",,,"",,,,"",,,"","","",,,"","",,,,,"","","",,,,,,,,,"",,,"",,,"",,,"",,,"",,,,,,,"","",,,"",,,"",,,"",,,,,,,"",,,"","",,,,,,,,"",,,,,,,"",,,"","","",,,,,,,,"",,,,,,,
"","","",,"","","","","","","",,"","","","","","","",,"","","","","","","",,"","","","","","","",,"","","","","","","",,"","","","","","","",,"","","","","","","",,"","","","","",473322,1,"2024-05-23_19h03.22.429","experiment","2023.2.3","Win32",62.5,"60241d8be372010009703f80","664f1702f723b1deb64680cb","664f84dbbe54e083251e2ac2","",,,"",,,"",,,"",,,"",,,"",,,"",,,215.064,215.573,"k",0.951,,"space",0.297,,1,"p_pink_gnome",1,7,"p_yellow_forest","p_blue_basket","p_green_gnome",1,2,"p_green_forest","p_green_basket",2,1,0,0,1,"p_green_gnome","p_green_forest","p_green_basket",94,2,2,10,0,1,1,1,"",,,"",,,,,,,,,,,"","",,,,,,,"","",,,"",,,"",,,,"",,,"","","",,,"","",,,,,"","","",,,,,,,,,"",,,"",,,"",,,"",,,"",,,,,,,"","",,,"",,,"",,,"",,,,,,,"",,,"","",,,,,,,,"",,,,,,,"",,,"","","",,,,,,,,"",,,,,,,
"","","",,"","","","","","","",,"","","","","","","",,"","","","","","","",,"","","","","","","",,"","","","","","","",,"","","","","","","",,"","","","","","","",,"","","","","",473322,1,"2024-05-23_19h03.22.429","experiment","2023.2.3","Win32",62.5,"60241d8be372010009703f80","664f1702f723b1deb64680cb","664f84dbbe54e083251e2ac2","",,,"",,,"",,,"",,,"",,,"",,,"",,,222.13,222.637,"k",0.757,,"space",0.213,,2,"p_blue_gnome",2,2,"p_green_forest","p_green_basket","p_orange_gnome",2,7,"p_yellow_forest","p_blue_basket",35,5,0,0,1,"p_orange_gnome","p_yellow_forest","p_blue_basket",129,2,3,11,3,1,2,5,"",,,"",,,,,,,,,,,"","",,,,,,,"","",,,"",,,"",,,,"",,,"","","",,,"","",,,,,"","","",,,,,,,,,"",,,"",,,"",,,"",,,"",,,,,,,"","",,,"",,,"",,,"",,,,,,,"",,,"","",,,,,,,,"",,,,,,,"",,,"","","",,,,,,,,"",,,,,,,
"","","",,"","","","","","","",,"","","","","","","",,"","","","","","","",,"","","","","","","",,"","","","","","","",,"","","","","","","",,"","","","","","","",,"","","","","",473322,1,"2024-05-23_19h03.22.429","experiment","2023.2.3","Win32",62.5,"60241d8be372010009703f80","664f1702f723b1deb64680cb","664f84dbbe54e083251e2ac2","",,,"",,,"",,,"",,,"",,,"",,,"",,,229.193,229.702,"s",0.9,,"space",0.339,,1,"p_pink_gnome",1,8,"p_yellow_forest","p_blue_basket","p_green_gnome",1,3,"p_green_forest","p_green_basket",8,1,0,0,1,"p_pink_gnome","p_yellow_forest","p_blue_basket",137,3,0,12,0,1,1,1,"",,,"",,,,,,,,,,,"","",,,,,,,"","",,,"",,,"",,,,"",,,"","","",,,"","",,,,,"","","",,,,,,,,,"",,,"",,,"",,,"",,,"",,,,,,,"","",,,"",,,"",,,"",,,,,,,"",,,"","",,,,,,,,"",,,,,,,"",,,"","","",,,,,,,,"",,,,,,,
"","","",,"","","","","","","",,"","","","","","","",,"","","","","","","",,"","","","","","","",,"","","","","","","",,"","","","","","","",,"","","","","","","",,"","","","","",473322,1,"2024-05-23_19h03.22.429","experiment","2023.2.3","Win32",62.5,"60241d8be372010009703f80","664f1702f723b1deb64680cb","664f84dbbe54e083251e2ac2","",,,"",,,"",,,"",,,"",,,"",,,"",,,236.257,236.766,"s",0.973,,"space",0.544,,2,"p_blue_gnome",2,3,"p_green_forest","p_green_basket","p_orange_gnome",2,8,"p_yellow_forest","p_blue_basket",15,5,0,0,1,"p_blue_gnome","p_green_forest","p_green_basket",152,3,1,13,3,1,2,5,"",,,"",,,,,,,,,,,"","",,,,,,,"","",,,"",,,"",,,,"",,,"","","",,,"","",,,,,"","","",,,,,,,,,"",,,"",,,"",,,"",,,"",,,,,,,"","",,,"",,,"",,,"",,,,,,,"",,,"","",,,,,,,,"",,,,,,,"",,,"","","",,,,,,,,"",,,,,,,
"","","",,"","","","","","","",,"","","","","","","",,"","","","","","","",,"","","","","","","",,"","","","","","","",,"","","","","","","",,"","","","","","","",,"","","","","",473322,1,"2024-05-23_19h03.22.429","experiment","2023.2.3","Win32",62.5,"60241d8be372010009703f80","664f1702f723b1deb64680cb","664f84dbbe54e083251e2ac2","",,,"",,,"",,,"",,,"",,,"",,,"",,,243.322,243.83,"s",1.009,,"space",0.424,,1,"p_green_gnome",1,3,"p_green_forest","p_green_basket","p_pink_gnome",1,8,"p_yellow_forest","p_blue_basket",15,5,0,0,1,"p_green_gnome","p_green_forest","p_green_basket",167,3,2,14,2,1,1,5,"",,,"",,,,,,,,,,,"","",,,,,,,"","",,,"",,,"",,,,"",,,"","","",,,"","",,,,,"","","",,,,,,,,,"",,,"",,,"",,,"",,,"",,,,,,,"","",,,"",,,"",,,"",,,,,,,"",,,"","",,,,,,,,"",,,,,,,"",,,"","","",,,,,,,,"",,,,,,,
"","","",,"","","","","","","",,"","","","","","","",,"","","","","","","",,"","","","","","","",,"","","","","","","",,"","","","","","","",,"","","","","","","",,"","","","","",473322,1,"2024-05-23_19h03.22.429","experiment","2023.2.3","Win32",62.5,"60241d8be372010009703f80","664f1702f723b1deb64680cb","664f84dbbe54e083251e2ac2","",,,"",,,"",,,"",,,"",,,"",,,"",,,250.386,250.894,"k",1.005,,"space",0.796,,2,"p_blue_gnome",2,3,"p_green_forest","p_green_basket","p_orange_gnome",2,8,"p_yellow_forest","p_blue_basket",8,1,0,0,1,"p_orange_gnome","p_yellow_forest","p_blue_basket",175,3,3,15,1,1,2,1,"",,,"",,,,,,,,,,,"","",,,,,,,"","",,,"",,,"",,,,"",,,"","","",,,"","",,,,,"","","",,,,,,,,,"",,,"",,,"",,,"",,,"",,,,,,,"","",,,"",,,"",,,"",,,,,,,"",,,"","",,,,,,,,"",,,,,,,"",,,"","","",,,,,,,,"",,,,,,,
"","","",,"","","","","","","",,"","","","","","","",,"","","","","","","",,"","","","","","","",,"","","","","","","",,"","","","","","","",,"","","","","","","",,"","","","","",473322,1,"2024-05-23_19h03.22.429","experiment","2023.2.3","Win32",62.5,"60241d8be372010009703f80","664f1702f723b1deb64680cb","664f84dbbe54e083251e2ac2","",,,"",,,"",,,"",,,"",,,"",,,"",,,257.45,257.958,"k",0.917,,"space",0.247,,1,"p_green_gnome",1,4,"p_green_forest","p_green_basket","p_pink_gnome",1,9,"p_yellow_forest","p_blue_basket",9,1,0,0,1,"p_pink_gnome","p_yellow_forest","p_blue_basket",184,4,0,16,0,1,1,1,"",,,"",,,,,,,,,,,"","",,,,,,,"","",,,"",,,"",,,,"",,,"","","",,,"","",,,,,"","","",,,,,,,,,"",,,"",,,"",,,"",,,"",,,,,,,"","",,,"",,,"",,,"",,,,,,,"",,,"","",,,,,,,,"",,,,,,,"",,,"","","",,,,,,,,"",,,,,,,
"","","",,"","","","","","","",,"","","","","","","",,"","","","","","","",,"","","","","","","",,"","","","","","","",,"","","","","","","",,"","","","","","","",,"","","","","",473322,1,"2024-05-23_19h03.22.429","experiment","2023.2.3","Win32",62.5,"60241d8be372010009703f80","664f1702f723b1deb64680cb","664f84dbbe54e083251e2ac2","",,,"",,,"",,,"",,,"",,,"",,,"",,,264.514,265.022,"s",0.9,,"space",0.219,,2,"p_orange_gnome",2,9,"p_yellow_forest","p_blue_basket","p_blue_gnome",2,4,"p_green_forest","p_green_basket",9,1,0,0,1,"p_orange_gnome","p_yellow_forest","p_blue_basket",193,4,1,17,1,1,2,1,"",,,"",,,,,,,,,,,"","",,,,,,,"","",,,"",,,"",,,,"",,,"","","",,,"","",,,,,"","","",,,,,,,,,"",,,"",,,"",,,"",,,"",,,,,,,"","",,,"",,,"",,,"",,,,,,,"",,,"","",,,,,,,,"",,,,,,,"",,,"","","",,,,,,,,"",,,,,,,
"","","",,"","","","","","","",,"","","","","","","",,"","","","","","","",,"","","","","","","",,"","","","","","","",,"","","","","","","",,"","","","","","","",,"","","","","",473322,1,"2024-05-23_19h03.22.429","experiment","2023.2.3","Win32",62.5,"60241d8be372010009703f80","664f1702f723b1deb64680cb","664f84dbbe54e083251e2ac2","",,,"",,,"",,,"",,,"",,,"",,,"",,,271.578,272.087,"s",0.824,,"space",0.211,,1,"p_green_gnome",1,4,"p_green_forest","p_green_basket","p_pink_gnome",1,9,"p_yellow_forest","p_blue_basket",20,5,0,0,1,"p_green_gnome","p_green_forest","p_green_basket",213,4,2,18,2,1,1,5,"",,,"",,,,,,,,,,,"","",,,,,,,"","",,,"",,,"",,,,"",,,"","","",,,"","",,,,,"","","",,,,,,,,,"",,,"",,,"",,,"",,,"",,,,,,,"","",,,"",,,"",,,"",,,,,,,"",,,"","",,,,,,,,"",,,,,,,"",,,"","","",,,,,,,,"",,,,,,,
"","","",,"","","","","","","",,"","","","","","","",,"","","","","","","",,"","","","","","","",,"","","","","","","",,"","","","","","","",,"","","","","","","",,"","","","","",473322,1,"2024-05-23_19h03.22.429","experiment","2023.2.3","Win32",62.5,"60241d8be372010009703f80","664f1702f723b1deb64680cb","664f84dbbe54e083251e2ac2","",,,"",,,"",,,"",,,"",,,"",,,"",,,278.642,279.152,"k",1.091,,"space",0.285,,2,"p_blue_gnome",2,4,"p_green_forest","p_green_basket","p_orange_gnome",2,9,"p_yellow_forest","p_blue_basket",9,1,0,0,1,"p_orange_gnome","p_yellow_forest","p_blue_basket",222,4,3,19,1,1,2,1,"",,,"",,,,,,,,,,,"","",,,,,,,"","",,,"",,,"",,,,"",,,"","","",,,"","",,,,,"","","",,,,,,,,,"",,,"",,,"",,,"",,,"",,,,,,,"","",,,"",,,"",,,"",,,,,,,"",,,"","",,,,,,,,"",,,,,,,"",,,"","","",,,,,,,,"",,,,,,,
"","","",,"","","","","","","",,"","","","","","","",,"","","","","","","",,"","","","","","","",,"","","","","","","",,"","","","","","","",,"","","","","","","",,"","","","","",473322,1,"2024-05-23_19h03.22.429","experiment","2023.2.3","Win32",62.5,"60241d8be372010009703f80","664f1702f723b1deb64680cb","664f84dbbe54e083251e2ac2","",,,"",,,"",,,"",,,"",,,"",,,"",,,,,"",,,"",,,,"",,,"","","",,,"","",,5,,,,"","","",,,,,,,2,,"",,,"space",16.078,,301.794,314.657,0.612441859,-0.336775518,1,0,0,12.848,"t_advice_finished_typing_rect","Tall hats might have higher returns. Take care to learn throughout the game and don't forget the spacebar.",0.120928663,0.183432239,1,0,0,2.04,"vb_finished_typing_rect","space",16.753,,"s",0.698,,"space",0.525,,2,"pink_gnome",2,2,"dark_forest","red_basket","yellow_gnome",2,7,"bright_forest","yellow_basket",10,0,0,1,"pink_gnome","dark_forest","red_basket",10,1,1,0,0,0,5,1,"",,,"",,,"",,,"",,,"",,,,,,,"","",,,"",,,"",,,"",,,,,,,"",,,"","",,,,,,,,"",,,,,,,"",,,"","","",,,,,,,,"",,,,,,,
"","","",,"","","","","","","",,"","","","","","","",,"","","","","","","",,"","","","","","","",,"","","","","","","",,"","","","","","","",,"","","","","","","",,"","","","","",473322,1,"2024-05-23_19h03.22.429","experiment","2023.2.3","Win32",62.5,"60241d8be372010009703f80","664f1702f723b1deb64680cb","664f84dbbe54e083251e2ac2","",,,"",,,"",,,"",,,"",,,"",,,"",,,,,"",,,"",,,,"",,,"","","",,,"","",,1,,,,"","","",,,,,,,4,,"",,,"",,,,,,,,,,,"","",,,,,,,"","",,,"s",0.925,,"space",0.661,,4,"brown_gnome",4,8,"bright_forest","yellow_basket","red_gnome",4,3,"dark_forest","red_basket",8,0,0,1,"brown_gnome","bright_forest","yellow_basket",18,1,-1,0,1,1,3,1,"",,,"",,,"",,,"",,,"",,,,,,,"","",,,"",,,"",,,"",,,,,,,"",,,"","",,,,,,,,"",,,,,,,"",,,"","","",,,,,,,,"",,,,,,,
"","","",,"","","","","","","",,"","","","","","","",,"","","","","","","",,"","","","","","","",,"","","","","","","",,"","","","","","","",,"","","","","","","",,"","","","","",473322,1,"2024-05-23_19h03.22.429","experiment","2023.2.3","Win32",62.5,"60241d8be372010009703f80","664f1702f723b1deb64680cb","664f84dbbe54e083251e2ac2","",,,"",,,"",,,"",,,"",,,"",,,"",,,,,"",,,"",,,,"",,,"","","",,,"","",,1,,,,"","","",,,,,,,4,,"",,,"",,,,,,,,,,,"","",,,,,,,"","",,,"k",0.651,,"space",0.276,,4,"red_gnome",4,2,"dark_forest","red_basket","brown_gnome",4,9,"bright_forest","yellow_basket",9,0,0,1,"brown_gnome","bright_forest","yellow_basket",27,-1,0,0,2,2,3,1,"",,,"",,,"",,,"",,,"",,,,,,,"","",,,"",,,"",,,"",,,,,,,"",,,"","",,,,,,,,"",,,,,,,"",,,"","","",,,,,,,,"",,,,,,,
"","","",,"","","","","","","",,"","","","","","","",,"","","","","","","",,"","","","","","","",,"","","","","","","",,"","","","","","","",,"","","","","","","",,"","","","","",473322,1,"2024-05-23_19h03.22.429","experiment","2023.2.3","Win32",62.5,"60241d8be372010009703f80","664f1702f723b1deb64680cb","664f84dbbe54e083251e2ac2","",,,"",,,"",,,"",,,"",,,"",,,"",,,,,"",,,"",,,,"",,,"","","",,,"","",,1,,,,"","","",,,,,,,3,,"",,,"",,,,,,,,,,,"","",,,,,,,"","",,,"s",0.768,,"space",0.367,,3,"purple_gnome",3,2,"dark_forest","red_basket","orange_gnome",3,8,"bright_forest","yellow_basket",2,0,0,1,"purple_gnome","dark_forest","red_basket",29,-2,0,0,3,3,2,1,"",,,"",,,"",,,"",,,"",,,,,,,"","",,,"",,,"",,,"",,,,,,,"",,,"","",,,,,,,,"",,,,,,,"",,,"","","",,,,,,,,"",,,,,,,
"","","",,"","","","","","","",,"","","","","","","",,"","","","","","","",,"","","","","","","",,"","","","","","","",,"","","","","","","",,"","","","","","","",,"","","","","",473322,1,"2024-05-23_19h03.22.429","experiment","2023.2.3","Win32",62.5,"60241d8be372010009703f80","664f1702f723b1deb64680cb","664f84dbbe54e083251e2ac2","",,,"",,,"",,,"",,,"",,,"",,,"",,,,,"",,,"",,,,"",,,"","","",,,"","",,1,,,,"","","",,,,,,,3,,"",,,"",,,,,,,,,,,"","",,,,,,,"","",,,"s",0.804,,"space",0.3,,3,"orange_gnome",3,6,"bright_forest","yellow_basket","purple_gnome",3,2,"dark_forest","red_basket",6,0,0,1,"orange_gnome","bright_forest","yellow_basket",35,-2,3,0,4,4,2,1,"",,,"",,,"",,,"",,,"",,,,,,,"","",,,"",,,"",,,"",,,,,,,"",,,"","",,,,,,,,"",,,,,,,"",,,"","","",,,,,,,,"",,,,,,,
"","","",,"","","","","","","",,"","","","","","","",,"","","","","","","",,"","","","","","","",,"","","","","","","",,"","","","","","","",,"","","","","","","",,"","","","","",473322,1,"2024-05-23_19h03.22.429","experiment","2023.2.3","Win32",62.5,"60241d8be372010009703f80","664f1702f723b1deb64680cb","664f84dbbe54e083251e2ac2","",,,"",,,"",,,"",,,"",,,"",,,"",,,,,"",,,"",,,,"",,,"","","",,,"","",,1,,,,"","","",,,,,,,3,,"",,,"",,,,,,,,,,,"","",,,,,,,"","",,,"s",0.679,,"space",0.243,,3,"orange_gnome",3,4,"bright_forest","yellow_basket","purple_gnome",3,5,"dark_forest","red_basket",4,0,0,1,"orange_gnome","bright_forest","yellow_basket",39,0,-3,0,5,5,2,1,"",,,"",,,"",,,"",,,"",,,,,,,"","",,,"",,,"",,,"",,,,,,,"",,,"","",,,,,,,,"",,,,,,,"",,,"","","",,,,,,,,"",,,,,,,
"","","",,"","","","","","","",,"","","","","","","",,"","","","","","","",,"","","","","","","",,"","","","","","","",,"","","","","","","",,"","","","","","","",,"","","","","",473322,1,"2024-05-23_19h03.22.429","experiment","2023.2.3","Win32",62.5,"60241d8be372010009703f80","664f1702f723b1deb64680cb","664f84dbbe54e083251e2ac2","",,,"",,,"",,,"",,,"",,,"",,,"",,,,,"",,,"",,,,"",,,"","","",,,"","",,1,,,,"","","",,,,,,,1,,"",,,"",,,,,,,,,,,"","",,,,,,,"","",,,"s",0.839,,"space",0.391,,1,"blue_gnome",1,2,"dark_forest","red_basket","green_gnome",1,4,"bright_forest","yellow_basket",2,0,0,1,"blue_gnome","dark_forest","red_basket",41,1,1,0,6,6,0,1,"",,,"",,,"",,,"",,,"",,,,,,,"","",,,"",,,"",,,"",,,,,,,"",,,"","",,,,,,,,"",,,,,,,"",,,"","","",,,,,,,,"",,,,,,,
"","","",,"","","","","","","",,"","","","","","","",,"","","","","","","",,"","","","","","","",,"","","","","","","",,"","","","","","","",,"","","","","","","",,"","","","","",473322,1,"2024-05-23_19h03.22.429","experiment","2023.2.3","Win32",62.5,"60241d8be372010009703f80","664f1702f723b1deb64680cb","664f84dbbe54e083251e2ac2","",,,"",,,"",,,"",,,"",,,"",,,"",,,,,"",,,"",,,,"",,,"","","",,,"","",,5,,,,"","","",,,,,,,3,,"",,,"",,,,,,,,,,,"","",,,,,,,"","",,,"s",0.827,,"space",0.235,,3,"purple_gnome",3,3,"dark_forest","red_basket","orange_gnome",3,5,"bright_forest","yellow_basket",15,0,0,1,"purple_gnome","dark_forest","red_basket",56,2,-1,0,7,7,6,1,"",,,"",,,"",,,"",,,"",,,,,,,"","",,,"",,,"",,,"",,,,,,,"",,,"","",,,,,,,,"",,,,,,,"",,,"","","",,,,,,,,"",,,,,,,
"","","",,"","","","","","","",,"","","","","","","",,"","","","","","","",,"","","","","","","",,"","","","","","","",,"","","","","","","",,"","","","","","","",,"","","","","",473322,1,"2024-05-23_19h03.22.429","experiment","2023.2.3","Win32",62.5,"60241d8be372010009703f80","664f1702f723b1deb64680cb","664f84dbbe54e083251e2ac2","",,,"",,,"",,,"",,,"",,,"",,,"",,,,,"",,,"",,,,"",,,"","","",,,"","",,5,,,,"","","",,,,,,,2,,"",,,"",,,,,,,,,,,"","",,,,,,,"","",,,"k",0.884,,"space",0.142,,2,"pink_gnome",2,2,"dark_forest","red_basket","yellow_gnome",2,7,"bright_forest","yellow_basket",35,0,0,1,"yellow_gnome","bright_forest","yellow_basket",91,1,4,1,0,8,5,1,"",,,"",,,"",,,"",,,"",,,,,,,"","",,,"",,,"",,,"",,,,,,,"",,,"","",,,,,,,,"",,,,,,,"",,,"","","",,,,,,,,"",,,,,,,
"","","",,"","","","","","","",,"","","","","","","",,"","","","","","","",,"","","","","","","",,"","","","","","","",,"","","","","","","",,"","","","","","","",,"","","","","",473322,1,"2024-05-23_19h03.22.429","experiment","2023.2.3","Win32",62.5,"60241d8be372010009703f80","664f1702f723b1deb64680cb","664f84dbbe54e083251e2ac2","",,,"",,,"",,,"",,,"",,,"",,,"",,,,,"",,,"",,,,"",,,"","","",,,"","",,5,,,,"","","",,,,,,,1,,"",,,"",,,,,,,,,,,"","",,,,,,,"","",,,"k",0.946,,"space",0.214,,1,"blue_gnome",1,6,"dark_forest","red_basket","green_gnome",1,8,"bright_forest","yellow_basket",40,0,0,1,"green_gnome","bright_forest","yellow_basket",131,0,5,1,1,9,4,1,"",,,"",,,"",,,"",,,"",,,,,,,"","",,,"",,,"",,,"",,,,,,,"",,,"","",,,,,,,,"",,,,,,,"",,,"","","",,,,,,,,"",,,,,,,
"","","",,"","","","","","","",,"","","","","","","",,"","","","","","","",,"","","","","","","",,"","","","","","","",,"","","","","","","",,"","","","","","","",,"","","","","",473322,1,"2024-05-23_19h03.22.429","experiment","2023.2.3","Win32",62.5,"60241d8be372010009703f80","664f1702f723b1deb64680cb","664f84dbbe54e083251e2ac2","",,,"",,,"",,,"",,,"",,,"",,,"",,,,,"",,,"",,,,"",,,"","","",,,"","",,5,,,,"","","",,,,,,,4,,"",,,"",,,,,,,,,,,"","",,,,,,,"","",,,"k",1.117,,"space",0.362,,4,"brown_gnome",4,8,"bright_forest","yellow_basket","red_gnome",4,7,"dark_forest","red_basket",35,0,0,1,"red_gnome","dark_forest","red_basket",166,-4,0,1,2,10,7,1,"",,,"",,,"",,,"",,,"",,,,,,,"","",,,"",,,"",,,"",,,,,,,"",,,"","",,,,,,,,"",,,,,,,"",,,"","","",,,,,,,,"",,,,,,,
"","","",,"","","","","","","",,"","","","","","","",,"","","","","","","",,"","","","","","","",,"","","","","","","",,"","","","","","","",,"","","","","","","",,"","","","","",473322,1,"2024-05-23_19h03.22.429","experiment","2023.2.3","Win32",62.5,"60241d8be372010009703f80","664f1702f723b1deb64680cb","664f84dbbe54e083251e2ac2","",,,"",,,"",,,"",,,"",,,"",,,"",,,,,"",,,"",,,,"",,,"","","",,,"","",,5,,,,"","","",,,,,,,1,,"",,,"",,,,,,,,,,,"","",,,,,,,"","",,,"s",0.639,,"space",0.225,,1,"green_gnome",1,4,"bright_forest","yellow_basket","blue_gnome",1,7,"dark_forest","red_basket",20,0,0,1,"green_gnome","bright_forest","yellow_basket",186,2,0,1,3,11,4,1,"",,,"",,,"",,,"",,,"",,,,,,,"","",,,"",,,"",,,"",,,,,,,"",,,"","",,,,,,,,"",,,,,,,"",,,"","","",,,,,,,,"",,,,,,,
"","","",,"","","","","","","",,"","","","","","","",,"","","","","","","",,"","","","","","","",,"","","","","","","",,"","","","","","","",,"","","","","","","",,"","","","","",473322,1,"2024-05-23_19h03.22.429","experiment","2023.2.3","Win32",62.5,"60241d8be372010009703f80","664f1702f723b1deb64680cb","664f84dbbe54e083251e2ac2","",,,"",,,"",,,"",,,"",,,"",,,"",,,,,"",,,"",,,,"",,,"","","",,,"","",,1,,,,"","","",,,,,,,1,,"",,,"",,,,,,,,,,,"","",,,,,,,"","",,,"k",0.885,,"space",0.213,,1,"green_gnome",1,6,"bright_forest","yellow_basket","blue_gnome",1,7,"dark_forest","red_basket",7,0,0,1,"blue_gnome","dark_forest","red_basket",193,1,-2,1,4,12,0,1,"",,,"",,,"",,,"",,,"",,,,,,,"","",,,"",,,"",,,"",,,,,,,"",,,"","",,,,,,,,"",,,,,,,"",,,"","","",,,,,,,,"",,,,,,,
"","","",,"","","","","","","",,"","","","","","","",,"","","","","","","",,"","","","","","","",,"","","","","","","",,"","","","","","","",,"","","","","","","",,"","","","","",473322,1,"2024-05-23_19h03.22.429","experiment","2023.2.3","Win32",62.5,"60241d8be372010009703f80","664f1702f723b1deb64680cb","664f84dbbe54e083251e2ac2","",,,"",,,"",,,"",,,"",,,"",,,"",,,,,"",,,"",,,,"",,,"","","",,,"","",,1,,,,"","","",,,,,,,4,,"",,,"",,,,,,,,,,,"","",,,,,,,"","",,,"s",0.981,,"space",0.388,,4,"red_gnome",4,5,"dark_forest","red_basket","brown_gnome",4,7,"bright_forest","yellow_basket",5,0,0,1,"red_gnome","dark_forest","red_basket",198,2,1,1,5,13,3,1,"",,,"",,,"",,,"",,,"",,,,,,,"","",,,"",,,"",,,"",,,,,,,"",,,"","",,,,,,,,"",,,,,,,"",,,"","","",,,,,,,,"",,,,,,,
"","","",,"","","","","","","",,"","","","","","","",,"","","","","","","",,"","","","","","","",,"","","","","","","",,"","","","","","","",,"","","","","","","",,"","","","","",473322,1,"2024-05-23_19h03.22.429","experiment","2023.2.3","Win32",62.5,"60241d8be372010009703f80","664f1702f723b1deb64680cb","664f84dbbe54e083251e2ac2","",,,"",,,"",,,"",,,"",,,"",,,"",,,,,"",,,"",,,,"",,,"","","",,,"","",,5,,,,"","","",,,,,,,2,,"",,,"",,,,,,,,,,,"","",,,,,,,"","",,,"s",1.085,,"space",0.221,,2,"yellow_gnome",2,9,"bright_forest","yellow_basket","pink_gnome",2,6,"dark_forest","red_basket",45,0,0,1,"yellow_gnome","bright_forest","yellow_basket",243,0,-3,1,6,14,5,1,"",,,"",,,"",,,"",,,"",,,,,,,"","",,,"",,,"",,,"",,,,,,,"",,,"","",,,,,,,,"",,,,,,,"",,,"","","",,,,,,,,"",,,,,,,
"","","",,"","","","","","","",,"","","","","","","",,"","","","","","","",,"","","","","","","",,"","","","","","","",,"","","","","","","",,"","","","","","","",,"","","","","",473322,1,"2024-05-23_19h03.22.429","experiment","2023.2.3","Win32",62.5,"60241d8be372010009703f80","664f1702f723b1deb64680cb","664f84dbbe54e083251e2ac2","",,,"",,,"",,,"",,,"",,,"",,,"",,,,,"",,,"",,,,"",,,"","","",,,"","",,5,,,,"","","",,,,,,,2,,"",,,"",,,,,,,,,,,"","",,,,,,,"","",,,"s",0.701,,"space",0.204,,2,"yellow_gnome",2,9,"bright_forest","yellow_basket","pink_gnome",2,3,"dark_forest","red_basket",45,0,0,1,"yellow_gnome","bright_forest","yellow_basket",288,-1,2,1,7,15,5,1,"",,,"",,,"",,,"",,,"",,,,,,,"","",,,"",,,"",,,"",,,,,,,"",,,"","",,,,,,,,"",,,,,,,"",,,"","","",,,,,,,,"",,,,,,,
"","","",,"","","","","","","",,"","","","","","","",,"","","","","","","",,"","","","","","","",,"","","","","","","",,"","","","","","","",,"","","","","","","",,"","","","","",473322,1,"2024-05-23_19h03.22.429","experiment","2023.2.3","Win32",62.5,"60241d8be372010009703f80","664f1702f723b1deb64680cb","664f84dbbe54e083251e2ac2","",,,"",,,"",,,"",,,"",,,"",,,"",,,,,"",,,"",,,,"",,,"","","",,,"","",,5,,,,"","","",,,,,,,4,,"",,,"",,,,,,,,,,,"","",,,,,,,"","",,,"s",0.855,,"space",0.153,,4,"brown_gnome",4,8,"bright_forest","yellow_basket","red_gnome",4,5,"dark_forest","red_basket",40,0,0,1,"brown_gnome","bright_forest","yellow_basket",328,-1,1,2,0,16,7,1,"",,,"",,,"",,,"",,,"",,,,,,,"","",,,"",,,"",,,"",,,,,,,"",,,"","",,,,,,,,"",,,,,,,"",,,"","","",,,,,,,,"",,,,,,,
"","","",,"","","","","","","",,"","","","","","","",,"","","","","","","",,"","","","","","","",,"","","","","","","",,"","","","","","","",,"","","","","","","",,"","","","","",473322,1,"2024-05-23_19h03.22.429","experiment","2023.2.3","Win32",62.5,"60241d8be372010009703f80","664f1702f723b1deb64680cb","664f84dbbe54e083251e2ac2","",,,"",,,"",,,"",,,"",,,"",,,"",,,,,"",,,"",,,,"",,,"","","",,,"","",,1,,,,"","","",,,,,,,3,,"",,,"",,,,,,,,,,,"","",,,,,,,"","",,,"s",0.891,,"space",0.207,,3,"purple_gnome",3,6,"dark_forest","red_basket","orange_gnome",3,7,"bright_forest","yellow_basket",6,0,0,1,"purple_gnome","dark_forest","red_basket",334,-1,-3,2,1,17,2,1,"",,,"",,,"",,,"",,,"",,,,,,,"","",,,"",,,"",,,"",,,,,,,"",,,"","",,,,,,,,"",,,,,,,"",,,"","","",,,,,,,,"",,,,,,,
"","","",,"","","","","","","",,"","","","","","","",,"","","","","","","",,"","","","","","","",,"","","","","","","",,"","","","","","","",,"","","","","","","",,"","","","","",473322,1,"2024-05-23_19h03.22.429","experiment","2023.2.3","Win32",62.5,"60241d8be372010009703f80","664f1702f723b1deb64680cb","664f84dbbe54e083251e2ac2","",,,"",,,"",,,"",,,"",,,"",,,"",,,,,"",,,"",,,,"",,,"","","",,,"","",,1,,,,"","","",,,,,,,1,,"",,,"",,,,,,,,,,,"","",,,,,,,"","",,,"s",0.686,,"space",0.118,,1,"green_gnome",1,6,"bright_forest","yellow_basket","blue_gnome",1,3,"dark_forest","red_basket",6,0,0,1,"green_gnome","bright_forest","yellow_basket",340,-1,1,2,2,18,0,1,"",,,"",,,"",,,"",,,"",,,,,,,"","",,,"",,,"",,,"",,,,,,,"",,,"","",,,,,,,,"",,,,,,,"",,,"","","",,,,,,,,"",,,,,,,
"","","",,"","","","","","","",,"","","","","","","",,"","","","","","","",,"","","","","","","",,"","","","","","","",,"","","","","","","",,"","","","","","","",,"","","","","",473322,1,"2024-05-23_19h03.22.429","experiment","2023.2.3","Win32",62.5,"60241d8be372010009703f80","664f1702f723b1deb64680cb","664f84dbbe54e083251e2ac2","",,,"",,,"",,,"",,,"",,,"",,,"",,,,,"",,,"",,,,"",,,"","","",,,"","",,5,,,,"","","",,,,,,,4,,"",,,"",,,,,,,,,,,"","",,,,,,,"","",,,"s",0.883,,"space",0.202,,4,"brown_gnome",4,5,"bright_forest","yellow_basket","red_gnome",4,4,"dark_forest","red_basket",25,0,0,1,"brown_gnome","bright_forest","yellow_basket",365,-3,0,2,3,19,7,1,"",,,"",,,"",,,"",,,"",,,,,,,"","",,,"",,,"",,,"",,,,,,,"",,,"","",,,,,,,,"",,,,,,,"",,,"","","",,,,,,,,"",,,,,,,
"","","",,"","","","","","","",,"","","","","","","",,"","","","","","","",,"","","","","","","",,"","","","","","","",,"","","","","","","",,"","","","","","","",,"","","","","",473322,1,"2024-05-23_19h03.22.429","experiment","2023.2.3","Win32",62.5,"60241d8be372010009703f80","664f1702f723b1deb64680cb","664f84dbbe54e083251e2ac2","",,,"",,,"",,,"",,,"",,,"",,,"",,,,,"",,,"",,,,"",,,"","","",,,"","",,1,,,,"","","",,,,,,,1,,"",,,"",,,,,,,,,,,"","",,,,,,,"","",,,"k",0.802,,"space",0.234,,1,"green_gnome",1,2,"bright_forest","yellow_basket","blue_gnome",1,4,"dark_forest","red_basket",4,0,0,1,"blue_gnome","dark_forest","red_basket",369,-1,-1,2,4,20,0,1,"",,,"",,,"",,,"",,,"",,,,,,,"","",,,"",,,"",,,"",,,,,,,"",,,"","",,,,,,,,"",,,,,,,"",,,"","","",,,,,,,,"",,,,,,,
"","","",,"","","","","","","",,"","","","","","","",,"","","","","","","",,"","","","","","","",,"","","","","","","",,"","","","","","","",,"","","","","","","",,"","","","","",473322,1,"2024-05-23_19h03.22.429","experiment","2023.2.3","Win32",62.5,"60241d8be372010009703f80","664f1702f723b1deb64680cb","664f84dbbe54e083251e2ac2","",,,"",,,"",,,"",,,"",,,"",,,"",,,,,"",,,"",,,,"",,,"","","",,,"","",,1,,,,"","","",,,,,,,1,,"",,,"",,,,,,,,,,,"","",,,,,,,"","",,,"s",0.75,,"space",0.151,,1,"green_gnome",1,1,"bright_forest","yellow_basket","blue_gnome",1,3,"dark_forest","red_basket",1,0,0,1,"green_gnome","bright_forest","yellow_basket",370,0,0,2,5,21,0,1,"",,,"",,,"",,,"",,,"",,,,,,,"","",,,"",,,"",,,"",,,,,,,"",,,"","",,,,,,,,"",,,,,,,"",,,"","","",,,,,,,,"",,,,,,,
"","","",,"","","","","","","",,"","","","","","","",,"","","","","","","",,"","","","","","","",,"","","","","","","",,"","","","","","","",,"","","","","","","",,"","","","","",473322,1,"2024-05-23_19h03.22.429","experiment","2023.2.3","Win32",62.5,"60241d8be372010009703f80","664f1702f723b1deb64680cb","664f84dbbe54e083251e2ac2","",,,"",,,"",,,"",,,"",,,"",,,"",,,,,"",,,"",,,,"",,,"","","",,,"","",,5,,,,"","","",,,,,,,3,,"",,,"",,,,,,,,,,,"","",,,,,,,"","",,,"s",0.661,,"space",0.152,,3,"orange_gnome",3,1,"bright_forest","yellow_basket","purple_gnome",3,3,"dark_forest","red_basket",5,0,0,1,"orange_gnome","bright_forest","yellow_basket",375,-2,0,2,6,22,6,1,"",,,"",,,"",,,"",,,"",,,,,,,"","",,,"",,,"",,,"",,,,,,,"",,,"","",,,,,,,,"",,,,,,,"",,,"","","",,,,,,,,"",,,,,,,
"","","",,"","","","","","","",,"","","","","","","",,"","","","","","","",,"","","","","","","",,"","","","","","","",,"","","","","","","",,"","","","","","","",,"","","","","",473322,1,"2024-05-23_19h03.22.429","experiment","2023.2.3","Win32",62.5,"60241d8be372010009703f80","664f1702f723b1deb64680cb","664f84dbbe54e083251e2ac2","",,,"",,,"",,,"",,,"",,,"",,,"",,,,,"",,,"",,,,"",,,"","","",,,"","",,5,,,,"","","",,,,,,,3,,"",,,"",,,,,,,,,,,"","",,,,,,,"","",,,"s",0.713,,"space",0.192,,3,"purple_gnome",3,3,"dark_forest","red_basket","orange_gnome",3,1,"bright_forest","yellow_basket",15,0,0,1,"purple_gnome","dark_forest","red_basket",390,1,0,2,7,23,6,1,"",,,"",,,"",,,"",,,"",,,,,,,"","",,,"",,,"",,,"",,,,,,,"",,,"","",,,,,,,,"",,,,,,,"",,,"","","",,,,,,,,"",,,,,,,
"","","",,"","","","","","","",,"","","","","","","",,"","","","","","","",,"","","","","","","",,"","","","","","","",,"","","","","","","",,"","","","","","","",,"","","","","",473322,1,"2024-05-23_19h03.22.429","experiment","2023.2.3","Win32",62.5,"60241d8be372010009703f80","664f1702f723b1deb64680cb","664f84dbbe54e083251e2ac2","",,,"",,,"",,,"",,,"",,,"",,,"",,,,,"",,,"",,,,"",,,"","","",,,"","",,5,,,,"","","",,,,,,,3,,"",,,"",,,,,,,,,,,"","",,,,,,,"","",,,"k",0.833,,"space",0.219,,3,"orange_gnome",3,2,"bright_forest","yellow_basket","purple_gnome",3,3,"dark_forest","red_basket",15,0,0,1,"purple_gnome","dark_forest","red_basket",405,4,-2,3,0,24,6,1,"",,,"",,,"",,,"",,,"",,,,,,,"","",,,"",,,"",,,"",,,,,,,"",,,"","",,,,,,,,"",,,,,,,"",,,"","","",,,,,,,,"",,,,,,,
"","","",,"","","","","","","",,"","","","","","","",,"","","","","","","",,"","","","","","","",,"","","","","","","",,"","","","","","","",,"","","","","","","",,"","","","","",473322,1,"2024-05-23_19h03.22.429","experiment","2023.2.3","Win32",62.5,"60241d8be372010009703f80","664f1702f723b1deb64680cb","664f84dbbe54e083251e2ac2","",,,"",,,"",,,"",,,"",,,"",,,"",,,,,"",,,"",,,,"",,,"","","",,,"","",,1,,,,"","","",,,,,,,3,,"",,,"",,,,,,,,,,,"","",,,,,,,"","",,,"k",0.78,,"space",0.199,,3,"orange_gnome",3,6,"bright_forest","yellow_basket","purple_gnome",3,1,"dark_forest","red_basket",1,0,0,1,"purple_gnome","dark_forest","red_basket",406,-3,-4,3,1,25,2,1,"",,,"",,,"",,,"",,,"",,,,,,,"","",,,"",,,"",,,"",,,,,,,"",,,"","",,,,,,,,"",,,,,,,"",,,"","","",,,,,,,,"",,,,,,,
"","","",,"","","","","","","",,"","","","","","","",,"","","","","","","",,"","","","","","","",,"","","","","","","",,"","","","","","","",,"","","","","","","",,"","","","","",473322,1,"2024-05-23_19h03.22.429","experiment","2023.2.3","Win32",62.5,"60241d8be372010009703f80","664f1702f723b1deb64680cb","664f84dbbe54e083251e2ac2","",,,"",,,"",,,"",,,"",,,"",,,"",,,,,"",,,"",,,,"",,,"","","",,,"","",,1,,,,"","","",,,,,,,4,,"",,,"",,,,,,,,,,,"","",,,,,,,"","",,,"k",0.762,,"space",0.183,,4,"brown_gnome",4,3,"bright_forest","yellow_basket","red_gnome",4,3,"dark_forest","red_basket",3,0,0,1,"red_gnome","dark_forest","red_basket",409,0,-2,3,2,26,3,1,"",,,"",,,"",,,"",,,"",,,,,,,"","",,,"",,,"",,,"",,,,,,,"",,,"","",,,,,,,,"",,,,,,,"",,,"","","",,,,,,,,"",,,,,,,
"","","",,"","","","","","","",,"","","","","","","",,"","","","","","","",,"","","","","","","",,"","","","","","","",,"","","","","","","",,"","","","","","","",,"","","","","",473322,1,"2024-05-23_19h03.22.429","experiment","2023.2.3","Win32",62.5,"60241d8be372010009703f80","664f1702f723b1deb64680cb","664f84dbbe54e083251e2ac2","",,,"",,,"",,,"",,,"",,,"",,,"",,,,,"",,,"",,,,"",,,"","","",,,"","",,5,,,,"","","",,,,,,,3,,"",,,"",,,,,,,,,,,"","",,,,,,,"","",,,"s",1.006,,"space",0.218,,3,"purple_gnome",3,1,"dark_forest","red_basket","orange_gnome",3,3,"bright_forest","yellow_basket",5,0,0,1,"purple_gnome","dark_forest","red_basket",414,-2,-4,3,3,27,6,1,"",,,"",,,"",,,"",,,"",,,,,,,"","",,,"",,,"",,,"",,,,,,,"",,,"","",,,,,,,,"",,,,,,,"",,,"","","",,,,,,,,"",,,,,,,
"","","",,"","","","","","","",,"","","","","","","",,"","","","","","","",,"","","","","","","",,"","","","","","","",,"","","","","","","",,"","","","","","","",,"","","","","",473322,1,"2024-05-23_19h03.22.429","experiment","2023.2.3","Win32",62.5,"60241d8be372010009703f80","664f1702f723b1deb64680cb","664f84dbbe54e083251e2ac2","",,,"",,,"",,,"",,,"",,,"",,,"",,,,,"",,,"",,,,"",,,"","","",,,"","",,1,,,,"","","",,,,,,,3,,"",,,"",,,,,,,,,,,"","",,,,,,,"","",,,"s",0.873,,"space",0.161,,3,"purple_gnome",3,3,"dark_forest","red_basket","orange_gnome",3,1,"bright_forest","yellow_basket",3,0,0,1,"purple_gnome","dark_forest","red_basket",417,-2,1,3,4,28,2,1,"",,,"",,,"",,,"",,,"",,,,,,,"","",,,"",,,"",,,"",,,,,,,"",,,"","",,,,,,,,"",,,,,,,"",,,"","","",,,,,,,,"",,,,,,,
"","","",,"","","","","","","",,"","","","","","","",,"","","","","","","",,"","","","","","","",,"","","","","","","",,"","","","","","","",,"","","","","","","",,"","","","","",473322,1,"2024-05-23_19h03.22.429","experiment","2023.2.3","Win32",62.5,"60241d8be372010009703f80","664f1702f723b1deb64680cb","664f84dbbe54e083251e2ac2","",,,"",,,"",,,"",,,"",,,"",,,"",,,,,"",,,"",,,,"",,,"","","",,,"","",,1,,,,"","","",,,,,,,3,,"",,,"",,,,,,,,,,,"","",,,,,,,"","",,,"k",0.789,,"space",0.055,,3,"purple_gnome",3,4,"dark_forest","red_basket","orange_gnome",3,1,"bright_forest","yellow_basket",1,0,0,1,"orange_gnome","bright_forest","yellow_basket",418,3,1,3,5,29,2,1,"",,,"",,,"",,,"",,,"",,,,,,,"","",,,"",,,"",,,"",,,,,,,"",,,"","",,,,,,,,"",,,,,,,"",,,"","","",,,,,,,,"",,,,,,,
"","","",,"","","","","","","",,"","","","","","","",,"","","","","","","",,"","","","","","","",,"","","","","","","",,"","","","","","","",,"","","","","","","",,"","","","","",473322,1,"2024-05-23_19h03.22.429","experiment","2023.2.3","Win32",62.5,"60241d8be372010009703f80","664f1702f723b1deb64680cb","664f84dbbe54e083251e2ac2","",,,"",,,"",,,"",,,"",,,"",,,"",,,,,"",,,"",,,,"",,,"","","",,,"","",,5,,,,"","","",,,,,,,1,,"",,,"",,,,,,,,,,,"","",,,,,,,"","",,,"s",0.96,,"space",0.188,,1,"blue_gnome",1,5,"dark_forest","red_basket","green_gnome",1,4,"bright_forest","yellow_basket",25,0,0,1,"blue_gnome","dark_forest","red_basket",443,2,2,3,6,30,4,1,"",,,"",,,"",,,"",,,"",,,,,,,"","",,,"",,,"",,,"",,,,,,,"",,,"","",,,,,,,,"",,,,,,,"",,,"","","",,,,,,,,"",,,,,,,
"","","",,"","","","","","","",,"","","","","","","",,"","","","","","","",,"","","","","","","",,"","","","","","","",,"","","","","","","",,"","","","","","","",,"","","","","",473322,1,"2024-05-23_19h03.22.429","experiment","2023.2.3","Win32",62.5,"60241d8be372010009703f80","664f1702f723b1deb64680cb","664f84dbbe54e083251e2ac2","",,,"",,,"",,,"",,,"",,,"",,,"",,,,,"",,,"",,,,"",,,"","","",,,"","",,1,,,,"","","",,,,,,,4,,"",,,"",,,,,,,,,,,"","",,,,,,,"","",,,"k",0.94,,"space",0.262,,4,"red_gnome",4,7,"dark_forest","red_basket","brown_gnome",4,6,"bright_forest","yellow_basket",6,0,0,1,"brown_gnome","bright_forest","yellow_basket",449,2,0,3,7,31,3,1,"",,,"",,,"",,,"",,,"",,,,,,,"","",,,"",,,"",,,"",,,,,,,"",,,"","",,,,,,,,"",,,,,,,"",,,"","","",,,,,,,,"",,,,,,,
"","","",,"","","","","","","",,"","","","","","","",,"","","","","","","",,"","","","","","","",,"","","","","","","",,"","","","","","","",,"","","","","","","",,"","","","","",473322,1,"2024-05-23_19h03.22.429","experiment","2023.2.3","Win32",62.5,"60241d8be372010009703f80","664f1702f723b1deb64680cb","664f84dbbe54e083251e2ac2","",,,"",,,"",,,"",,,"",,,"",,,"",,,,,"",,,"",,,,"",,,"","","",,,"","",,1,,,,"","","",,,,,,,2,,"",,,"",,,,,,,,,,,"","",,,,,,,"","",,,"k",0.756,,"space",0.285,,2,"pink_gnome",2,7,"dark_forest","red_basket","yellow_gnome",2,8,"bright_forest","yellow_basket",8,0,0,1,"yellow_gnome","bright_forest","yellow_basket",457,-2,2,4,0,32,1,1,"",,,"",,,"",,,"",,,"",,,,,,,"","",,,"",,,"",,,"",,,,,,,"",,,"","",,,,,,,,"",,,,,,,"",,,"","","",,,,,,,,"",,,,,,,
"","","",,"","","","","","","",,"","","","","","","",,"","","","","","","",,"","","","","","","",,"","","","","","","",,"","","","","","","",,"","","","","","","",,"","","","","",473322,1,"2024-05-23_19h03.22.429","experiment","2023.2.3","Win32",62.5,"60241d8be372010009703f80","664f1702f723b1deb64680cb","664f84dbbe54e083251e2ac2","",,,"",,,"",,,"",,,"",,,"",,,"",,,,,"",,,"",,,,"",,,"","","",,,"","",,1,,,,"","","",,,,,,,4,,"",,,"",,,,,,,,,,,"","",,,,,,,"","",,,"s",0.816,,"space",0.107,,4,"red_gnome",4,9,"dark_forest","red_basket","brown_gnome",4,6,"bright_forest","yellow_basket",9,0,0,1,"red_gnome","dark_forest","red_basket",466,0,-1,4,1,33,3,1,"",,,"",,,"",,,"",,,"",,,,,,,"","",,,"",,,"",,,"",,,,,,,"",,,"","",,,,,,,,"",,,,,,,"",,,"","","",,,,,,,,"",,,,,,,
"","","",,"","","","","","","",,"","","","","","","",,"","","","","","","",,"","","","","","","",,"","","","","","","",,"","","","","","","",,"","","","","","","",,"","","","","",473322,1,"2024-05-23_19h03.22.429","experiment","2023.2.3","Win32",62.5,"60241d8be372010009703f80","664f1702f723b1deb64680cb","664f84dbbe54e083251e2ac2","",,,"",,,"",,,"",,,"",,,"",,,"",,,,,"",,,"",,,,"",,,"","","",,,"","",,1,,,,"","","",,,,,,,1,,"",,,"",,,,,,,,,,,"","",,,,,,,"","",,,"k",0.726,,"space",0.08,,1,"blue_gnome",1,8,"dark_forest","red_basket","green_gnome",1,6,"bright_forest","yellow_basket",6,0,0,1,"green_gnome","bright_forest","yellow_basket",472,5,6,4,2,34,0,1,"",,,"",,,"",,,"",,,"",,,,,,,"","",,,"",,,"",,,"",,,,,,,"",,,"","",,,,,,,,"",,,,,,,"",,,"","","",,,,,,,,"",,,,,,,
"","","",,"","","","","","","",,"","","","","","","",,"","","","","","","",,"","","","","","","",,"","","","","","","",,"","","","","","","",,"","","","","","","",,"","","","","",473322,1,"2024-05-23_19h03.22.429","experiment","2023.2.3","Win32",62.5,"60241d8be372010009703f80","664f1702f723b1deb64680cb","664f84dbbe54e083251e2ac2","",,,"",,,"",,,"",,,"",,,"",,,"",,,,,"",,,"",,,,"",,,"","","",,,"","",,5,,,,"","","",,,,,,,3,,"",,,"",,,,,,,,,,,"","",,,,,,,"","",,,"s",0.723,,"space",0.11,,3,"purple_gnome",3,4,"dark_forest","red_basket","orange_gnome",3,7,"bright_forest","yellow_basket",20,0,0,1,"purple_gnome","dark_forest","red_basket",492,-2,-4,4,3,35,6,1,"",,,"",,,"",,,"",,,"",,,,,,,"","",,,"",,,"",,,"",,,,,,,"",,,"","",,,,,,,,"",,,,,,,"",,,"","","",,,,,,,,"",,,,,,,
"","","",,"","","","","","","",,"","","","","","","",,"","","","","","","",,"","","","","","","",,"","","","","","","",,"","","","","","","",,"","","","","","","",,"","","","","",473322,1,"2024-05-23_19h03.22.429","experiment","2023.2.3","Win32",62.5,"60241d8be372010009703f80","664f1702f723b1deb64680cb","664f84dbbe54e083251e2ac2","",,,"",,,"",,,"",,,"",,,"",,,"",,,,,"",,,"",,,,"",,,"","","",,,"","",,1,,,,"","","",,,,,,,2,,"",,,"",,,,,,,,,,,"","",,,,,,,"","",,,"k",0.857,,"space",0.118,,2,"pink_gnome",2,0,"dark_forest","red_basket","yellow_gnome",2,5,"bright_forest","yellow_basket",5,0,0,1,"yellow_gnome","bright_forest","yellow_basket",497,1,-1,4,4,36,1,1,"",,,"",,,"",,,"",,,"",,,,,,,"","",,,"",,,"",,,"",,,,,,,"",,,"","",,,,,,,,"",,,,,,,"",,,"","","",,,,,,,,"",,,,,,,
"","","",,"","","","","","","",,"","","","","","","",,"","","","","","","",,"","","","","","","",,"","","","","","","",,"","","","","","","",,"","","","","","","",,"","","","","",473322,1,"2024-05-23_19h03.22.429","experiment","2023.2.3","Win32",62.5,"60241d8be372010009703f80","664f1702f723b1deb64680cb","664f84dbbe54e083251e2ac2","",,,"",,,"",,,"",,,"",,,"",,,"",,,,,"",,,"",,,,"",,,"","","",,,"","",,5,,,,"","","",,,,,,,1,,"",,,"",,,,,,,,,,,"","",,,,,,,"","",,,"k",0.918,,"space",0.16,,1,"blue_gnome",1,1,"dark_forest","red_basket","green_gnome",1,6,"bright_forest","yellow_basket",30,0,0,1,"green_gnome","bright_forest","yellow_basket",527,-3,-2,4,5,37,4,1,"",,,"",,,"",,,"",,,"",,,,,,,"","",,,"",,,"",,,"",,,,,,,"",,,"","",,,,,,,,"",,,,,,,"",,,"","","",,,,,,,,"",,,,,,,
"","","",,"","","","","","","",,"","","","","","","",,"","","","","","","",,"","","","","","","",,"","","","","","","",,"","","","","","","",,"","","","","","","",,"","","","","",473322,1,"2024-05-23_19h03.22.429","experiment","2023.2.3","Win32",62.5,"60241d8be372010009703f80","664f1702f723b1deb64680cb","664f84dbbe54e083251e2ac2","",,,"",,,"",,,"",,,"",,,"",,,"",,,,,"",,,"",,,,"",,,"","","",,,"","",,5,,,,"","","",,,,,,,2,,"",,,"",,,,,,,,,,,"","",,,,,,,"","",,,"k",0.519,,"space",0.268,,2,"pink_gnome",2,1,"dark_forest","red_basket","yellow_gnome",2,3,"bright_forest","yellow_basket",15,0,0,1,"yellow_gnome","bright_forest","yellow_basket",542,-1,-2,4,6,38,5,1,"",,,"",,,"",,,"",,,"",,,,,,,"","",,,"",,,"",,,"",,,,,,,"",,,"","",,,,,,,,"",,,,,,,"",,,"","","",,,,,,,,"",,,,,,,
"","","",,"","","","","","","",,"","","","","","","",,"","","","","","","",,"","","","","","","",,"","","","","","","",,"","","","","","","",,"","","","","","","",,"","","","","",473322,1,"2024-05-23_19h03.22.429","experiment","2023.2.3","Win32",62.5,"60241d8be372010009703f80","664f1702f723b1deb64680cb","664f84dbbe54e083251e2ac2","",,,"",,,"",,,"",,,"",,,"",,,"",,,,,"",,,"",,,,"",,,"","","",,,"","",,5,,,,"","","",,,,,,,3,,"",,,"",,,,,,,,,,,"","",,,,,,,"","",,,"s",0.656,,"space",0.111,,3,"purple_gnome",3,1,"dark_forest","red_basket","orange_gnome",3,2,"bright_forest","yellow_basket",5,0,0,1,"purple_gnome","dark_forest","red_basket",547,0,0,4,7,39,6,1,"",,,"",,,"",,,"",,,"",,,,,,,"","",,,"",,,"",,,"",,,,,,,"",,,"","",,,,,,,,"",,,,,,,"",,,"","","",,,,,,,,"",,,,,,,
"","","",,"","","","","","","",,"","","","","","","",,"","","","","","","",,"","","","","","","",,"","","","","","","",,"","","","","","","",,"","","","","","","",,"","","","","",473322,1,"2024-05-23_19h03.22.429","experiment","2023.2.3","Win32",62.5,"60241d8be372010009703f80","664f1702f723b1deb64680cb","664f84dbbe54e083251e2ac2","",,,"",,,"",,,"",,,"",,,"",,,"",,,,,"",,,"",,,,"",,,"","","",,,"","",,5,,,,"","","",,,,,,,2,,"",,,"",,,,,,,,,,,"","",,,,,,,"","",,,"k",0.628,,"space",0.159,,2,"pink_gnome",2,1,"dark_forest","red_basket","yellow_gnome",2,2,"bright_forest","yellow_basket",10,0,0,1,"yellow_gnome","bright_forest","yellow_basket",557,0,1,5,0,40,5,1,"",,,"",,,"",,,"",,,"",,,,,,,"","",,,"",,,"",,,"",,,,,,,"",,,"","",,,,,,,,"",,,,,,,"",,,"","","",,,,,,,,"",,,,,,,
"","","",,"","","","","","","",,"","","","","","","",,"","","","","","","",,"","","","","","","",,"","","","","","","",,"","","","","","","",,"","","","","","","",,"","","","","",473322,1,"2024-05-23_19h03.22.429","experiment","2023.2.3","Win32",62.5,"60241d8be372010009703f80","664f1702f723b1deb64680cb","664f84dbbe54e083251e2ac2","",,,"",,,"",,,"",,,"",,,"",,,"",,,,,"",,,"",,,,"",,,"","","",,,"","",,1,,,,"","","",,,,,,,1,,"",,,"",,,,,,,,,,,"","",,,,,,,"","",,,"s",0.931,,"space",0.238,,1,"green_gnome",1,2,"bright_forest","yellow_basket","blue_gnome",1,2,"dark_forest","red_basket",2,0,0,1,"green_gnome","bright_forest","yellow_basket",559,0,-2,5,1,41,0,1,"",,,"",,,"",,,"",,,"",,,,,,,"","",,,"",,,"",,,"",,,,,,,"",,,"","",,,,,,,,"",,,,,,,"",,,"","","",,,,,,,,"",,,,,,,
"","","",,"","","","","","","",,"","","","","","","",,"","","","","","","",,"","","","","","","",,"","","","","","","",,"","","","","","","",,"","","","","","","",,"","","","","",473322,1,"2024-05-23_19h03.22.429","experiment","2023.2.3","Win32",62.5,"60241d8be372010009703f80","664f1702f723b1deb64680cb","664f84dbbe54e083251e2ac2","",,,"",,,"",,,"",,,"",,,"",,,"",,,,,"",,,"",,,,"",,,"","","",,,"","",,5,,,,"","","",,,,,,,1,,"",,,"",,,,,,,,,,,"","",,,,,,,"","",,,"k",0.668,,"space",0.102,,1,"green_gnome",1,2,"bright_forest","yellow_basket","blue_gnome",1,0,"dark_forest","red_basket",0,0,0,1,"blue_gnome","dark_forest","red_basket",559,-2,2,5,2,42,4,1,"",,,"",,,"",,,"",,,"",,,,,,,"","",,,"",,,"",,,"",,,,,,,"",,,"","",,,,,,,,"",,,,,,,"",,,"","","",,,,,,,,"",,,,,,,
"","","",,"","","","","","","",,"","","","","","","",,"","","","","","","",,"","","","","","","",,"","","","","","","",,"","","","","","","",,"","","","","","","",,"","","","","",473322,1,"2024-05-23_19h03.22.429","experiment","2023.2.3","Win32",62.5,"60241d8be372010009703f80","664f1702f723b1deb64680cb","664f84dbbe54e083251e2ac2","",,,"",,,"",,,"",,,"",,,"",,,"",,,,,"",,,"",,,,"",,,"","","",,,"","",,5,,,,"","","",,,,,,,2,,"",,,"",,,,,,,,,,,"","",,,,,,,"","",,,"k",0.686,,"space",0.049,,2,"pink_gnome",2,2,"dark_forest","red_basket","yellow_gnome",2,0,"bright_forest","yellow_basket",0,0,0,1,"yellow_gnome","bright_forest","yellow_basket",559,-2,-2,5,3,43,5,1,"",,,"",,,"",,,"",,,"",,,,,,,"","",,,"",,,"",,,"",,,,,,,"",,,"","",,,,,,,,"",,,,,,,"",,,"","","",,,,,,,,"",,,,,,,
"","","",,"","","","","","","",,"","","","","","","",,"","","","","","","",,"","","","","","","",,"","","","","","","",,"","","","","","","",,"","","","","","","",,"","","","","",473322,1,"2024-05-23_19h03.22.429","experiment","2023.2.3","Win32",62.5,"60241d8be372010009703f80","664f1702f723b1deb64680cb","664f84dbbe54e083251e2ac2","",,,"",,,"",,,"",,,"",,,"",,,"",,,,,"",,,"",,,,"",,,"","","",,,"","",,5,,,,"","","",,,,,,,2,,"",,,"",,,,,,,,,,,"","",,,,,,,"","",,,"s",0.522,,"space",0.105,,2,"pink_gnome",2,0,"dark_forest","red_basket","yellow_gnome",2,2,"bright_forest","yellow_basket",0,0,0,1,"pink_gnome","dark_forest","red_basket",559,-2,1,5,4,44,5,1,"",,,"",,,"",,,"",,,"",,,,,,,"","",,,"",,,"",,,"",,,,,,,"",,,"","",,,,,,,,"",,,,,,,"",,,"","","",,,,,,,,"",,,,,,,
"","","",,"","","","","","","",,"","","","","","","",,"","","","","","","",,"","","","","","","",,"","","","","","","",,"","","","","","","",,"","","","","","","",,"","","","","",473322,1,"2024-05-23_19h03.22.429","experiment","2023.2.3","Win32",62.5,"60241d8be372010009703f80","664f1702f723b1deb64680cb","664f84dbbe54e083251e2ac2","",,,"",,,"",,,"",,,"",,,"",,,"",,,,,"",,,"",,,,"",,,"","","",,,"","",,5,,,,"","","",,,,,,,2,,"",,,"",,,,,,,,,,,"","",,,,,,,"","",,,"s",0.678,,"space",0.197,,2,"yellow_gnome",2,0,"bright_forest","yellow_basket","pink_gnome",2,1,"dark_forest","red_basket",0,0,0,1,"yellow_gnome","bright_forest","yellow_basket",559,-1,-2,5,5,45,5,1,"",,,"",,,"",,,"",,,"",,,,,,,"","",,,"",,,"",,,"",,,,,,,"",,,"","",,,,,,,,"",,,,,,,"",,,"","","",,,,,,,,"",,,,,,,
"","","",,"","","","","","","",,"","","","","","","",,"","","","","","","",,"","","","","","","",,"","","","","","","",,"","","","","","","",,"","","","","","","",,"","","","","",473322,1,"2024-05-23_19h03.22.429","experiment","2023.2.3","Win32",62.5,"60241d8be372010009703f80","664f1702f723b1deb64680cb","664f84dbbe54e083251e2ac2","",,,"",,,"",,,"",,,"",,,"",,,"",,,,,"",,,"",,,,"",,,"","","",,,"","",,1,,,,"","","",,,,,,,1,,"",,,"",,,,,,,,,,,"","",,,,,,,"","",,,"k",0.884,,"space",0.462,,1,"green_gnome",1,1,"bright_forest","yellow_basket","blue_gnome",1,1,"dark_forest","red_basket",1,0,0,1,"blue_gnome","dark_forest","red_basket",560,-1,1,5,6,46,0,1,"",,,"",,,"",,,"",,,"",,,,,,,"","",,,"",,,"",,,"",,,,,,,"",,,"","",,,,,,,,"",,,,,,,"",,,"","","",,,,,,,,"",,,,,,,
"","","",,"","","","","","","",,"","","","","","","",,"","","","","","","",,"","","","","","","",,"","","","","","","",,"","","","","","","",,"","","","","","","",,"","","","","",473322,1,"2024-05-23_19h03.22.429","experiment","2023.2.3","Win32",62.5,"60241d8be372010009703f80","664f1702f723b1deb64680cb","664f84dbbe54e083251e2ac2","",,,"",,,"",,,"",,,"",,,"",,,"",,,,,"",,,"",,,,"",,,"","","",,,"","",,5,,,,"","","",,,,,,,4,,"",,,"",,,,,,,,,,,"","",,,,,,,"","",,,"s",0.877,,"space",0.092,,4,"brown_gnome",4,0,"bright_forest","yellow_basket","red_gnome",4,2,"dark_forest","red_basket",0,0,0,1,"brown_gnome","bright_forest","yellow_basket",560,-3,-1,5,7,47,7,1,"",,,"",,,"",,,"",,,"",,,,,,,"","",,,"",,,"",,,"",,,,,,,"",,,"","",,,,,,,,"",,,,,,,"",,,"","","",,,,,,,,"",,,,,,,
"","","",,"","","","","","","",,"","","","","","","",,"","","","","","","",,"","","","","","","",,"","","","","","","",,"","","","","","","",,"","","","","","","",,"","","","","",473322,1,"2024-05-23_19h03.22.429","experiment","2023.2.3","Win32",62.5,"60241d8be372010009703f80","664f1702f723b1deb64680cb","664f84dbbe54e083251e2ac2","",,,"",,,"",,,"",,,"",,,"",,,"",,,,,"",,,"",,,,"",,,"","","",,,"","",,5,,,,"","","",,,,,,,3,,"",,,"",,,,,,,,,,,"","",,,,,,,"","",,,"k",0.64,,"space",0.12,,3,"purple_gnome",3,1,"dark_forest","red_basket","orange_gnome",3,3,"bright_forest","yellow_basket",15,0,0,1,"orange_gnome","bright_forest","yellow_basket",575,1,0,6,0,48,6,1,"",,,"",,,"",,,"",,,"",,,,,,,"","",,,"",,,"",,,"",,,,,,,"",,,"","",,,,,,,,"",,,,,,,"",,,"","","",,,,,,,,"",,,,,,,
"","","",,"","","","","","","",,"","","","","","","",,"","","","","","","",,"","","","","","","",,"","","","","","","",,"","","","","","","",,"","","","","","","",,"","","","","",473322,1,"2024-05-23_19h03.22.429","experiment","2023.2.3","Win32",62.5,"60241d8be372010009703f80","664f1702f723b1deb64680cb","664f84dbbe54e083251e2ac2","",,,"",,,"",,,"",,,"",,,"",,,"",,,,,"",,,"",,,,"",,,"","","",,,"","",,1,,,,"","","",,,,,,,4,,"",,,"",,,,,,,,,,,"","",,,,,,,"","",,,"s",0.976,,"space",0.22,,4,"brown_gnome",4,4,"bright_forest","yellow_basket","red_gnome",4,1,"dark_forest","red_basket",4,0,0,1,"brown_gnome","bright_forest","yellow_basket",579,0,1,6,1,49,3,1,"",,,"",,,"",,,"",,,"",,,,,,,"","",,,"",,,"",,,"",,,,,,,"",,,"","",,,,,,,,"",,,,,,,"",,,"","","",,,,,,,,"",,,,,,,
"","","",,"","","","","","","",,"","","","","","","",,"","","","","","","",,"","","","","","","",,"","","","","","","",,"","","","","","","",,"","","","","","","",,"","","","","",473322,1,"2024-05-23_19h03.22.429","experiment","2023.2.3","Win32",62.5,"60241d8be372010009703f80","664f1702f723b1deb64680cb","664f84dbbe54e083251e2ac2","",,,"",,,"",,,"",,,"",,,"",,,"",,,,,"",,,"",,,,"",,,"","","",,,"","",,1,,,,"","","",,,,,,,2,,"",,,"",,,,,,,,,,,"","",,,,,,,"","",,,"k",0.764,,"space",0.187,,2,"pink_gnome",2,2,"dark_forest","red_basket","yellow_gnome",2,4,"bright_forest","yellow_basket",4,0,0,1,"yellow_gnome","bright_forest","yellow_basket",583,5,1,6,2,50,1,1,"",,,"",,,"",,,"",,,"",,,,,,,"","",,,"",,,"",,,"",,,,,,,"",,,"","",,,,,,,,"",,,,,,,"",,,"","","",,,,,,,,"",,,,,,,
"","","",,"","","","","","","",,"","","","","","","",,"","","","","","","",,"","","","","","","",,"","","","","","","",,"","","","","","","",,"","","","","","","",,"","","","","",473322,1,"2024-05-23_19h03.22.429","experiment","2023.2.3","Win32",62.5,"60241d8be372010009703f80","664f1702f723b1deb64680cb","664f84dbbe54e083251e2ac2","",,,"",,,"",,,"",,,"",,,"",,,"",,,,,"",,,"",,,,"",,,"","","",,,"","",,5,,,,"","","",,,,,,,1,,"",,,"",,,,,,,,,,,"","",,,,,,,"","",,,"k",0.839,,"space",0.143,,1,"green_gnome",1,9,"bright_forest","yellow_basket","blue_gnome",1,3,"dark_forest","red_basket",15,0,0,1,"blue_gnome","dark_forest","red_basket",598,5,1,6,3,51,4,1,"",,,"",,,"",,,"",,,"",,,,,,,"","",,,"",,,"",,,"",,,,,,,"",,,"","",,,,,,,,"",,,,,,,"",,,"","","",,,,,,,,"",,,,,,,
"","","",,"","","","","","","",,"","","","","","","",,"","","","","","","",,"","","","","","","",,"","","","","","","",,"","","","","","","",,"","","","","","","",,"","","","","",473322,1,"2024-05-23_19h03.22.429","experiment","2023.2.3","Win32",62.5,"60241d8be372010009703f80","664f1702f723b1deb64680cb","664f84dbbe54e083251e2ac2","",,,"",,,"",,,"",,,"",,,"",,,"",,,,,"",,,"",,,,"",,,"","","",,,"","",,5,,,,"","","",,,,,,,1,,"",,,"",,,,,,,,,,,"","",,,,,,,"","",,,"k",0.768,,"space",0.411,,1,"blue_gnome",1,4,"dark_forest","red_basket","green_gnome",1,4,"bright_forest","yellow_basket",20,0,0,1,"green_gnome","bright_forest","yellow_basket",618,-1,-1,6,4,52,4,1,"",,,"",,,"",,,"",,,"",,,,,,,"","",,,"",,,"",,,"",,,,,,,"",,,"","",,,,,,,,"",,,,,,,"",,,"","","",,,,,,,,"",,,,,,,
"","","",,"","","","","","","",,"","","","","","","",,"","","","","","","",,"","","","","","","",,"","","","","","","",,"","","","","","","",,"","","","","","","",,"","","","","",473322,1,"2024-05-23_19h03.22.429","experiment","2023.2.3","Win32",62.5,"60241d8be372010009703f80","664f1702f723b1deb64680cb","664f84dbbe54e083251e2ac2","",,,"",,,"",,,"",,,"",,,"",,,"",,,,,"",,,"",,,,"",,,"","","",,,"","",,1,,,,"","","",,,,,,,4,,"",,,"",,,,,,,,,,,"","",,,,,,,"","",,,"k",0.604,,"space",0.247,,4,"brown_gnome",4,3,"bright_forest","yellow_basket","red_gnome",4,3,"dark_forest","red_basket",3,0,0,1,"red_gnome","dark_forest","red_basket",621,-4,-1,6,5,53,3,1,"",,,"",,,"",,,"",,,"",,,,,,,"","",,,"",,,"",,,"",,,,,,,"",,,"","",,,,,,,,"",,,,,,,"",,,"","","",,,,,,,,"",,,,,,,
"","","",,"","","","","","","",,"","","","","","","",,"","","","","","","",,"","","","","","","",,"","","","","","","",,"","","","","","","",,"","","","","","","",,"","","","","",473322,1,"2024-05-23_19h03.22.429","experiment","2023.2.3","Win32",62.5,"60241d8be372010009703f80","664f1702f723b1deb64680cb","664f84dbbe54e083251e2ac2","",,,"",,,"",,,"",,,"",,,"",,,"",,,,,"",,,"",,,,"",,,"","","",,,"","",,5,,,,"","","",,,,,,,3,,"",,,"",,,,,,,,,,,"","",,,,,,,"","",,,"s",0.923,,"space",0.206,,3,"purple_gnome",3,2,"dark_forest","red_basket","orange_gnome",3,1,"bright_forest","yellow_basket",10,0,0,1,"purple_gnome","dark_forest","red_basket",631,3,-1,6,6,54,6,1,"",,,"",,,"",,,"",,,"",,,,,,,"","",,,"",,,"",,,"",,,,,,,"",,,"","",,,,,,,,"",,,,,,,"",,,"","","",,,,,,,,"",,,,,,,
"","","",,"","","","","","","",,"","","","","","","",,"","","","","","","",,"","","","","","","",,"","","","","","","",,"","","","","","","",,"","","","","","","",,"","","","","",473322,1,"2024-05-23_19h03.22.429","experiment","2023.2.3","Win32",62.5,"60241d8be372010009703f80","664f1702f723b1deb64680cb","664f84dbbe54e083251e2ac2","",,,"",,,"",,,"",,,"",,,"",,,"",,,,,"",,,"",,,,"",,,"","","",,,"","",,1,,,,"","","",,,,,,,1,,"",,,"",,,,,,,,,,,"","",,,,,,,"","",,,"k",0.858,,"space",0.185,,1,"green_gnome",1,4,"bright_forest","yellow_basket","blue_gnome",1,1,"dark_forest","red_basket",1,0,0,1,"blue_gnome","dark_forest","red_basket",632,-2,-2,6,7,55,0,1,"",,,"",,,"",,,"",,,"",,,,,,,"","",,,"",,,"",,,"",,,,,,,"",,,"","",,,,,,,,"",,,,,,,"",,,"","","",,,,,,,,"",,,,,,,
"","","",,"","","","","","","",,"","","","","","","",,"","","","","","","",,"","","","","","","",,"","","","","","","",,"","","","","","","",,"","","","","","","",,"","","","","",473322,1,"2024-05-23_19h03.22.429","experiment","2023.2.3","Win32",62.5,"60241d8be372010009703f80","664f1702f723b1deb64680cb","664f84dbbe54e083251e2ac2","",,,"",,,"",,,"",,,"",,,"",,,"",,,,,"",,,"",,,,"",,,"","","",,,"","",,1,,,,"","","",,,,,,,4,,"",,,"",,,,,,,,,,,"","",,,,,,,"","",,,"s",0.802,,"space",0.262,,4,"red_gnome",4,1,"dark_forest","red_basket","brown_gnome",4,2,"bright_forest","yellow_basket",1,0,0,1,"red_gnome","dark_forest","red_basket",633,0,-1,7,0,56,3,1,"",,,"",,,"",,,"",,,"",,,,,,,"","",,,"",,,"",,,"",,,,,,,"",,,"","",,,,,,,,"",,,,,,,"",,,"","","",,,,,,,,"",,,,,,,
"","","",,"","","","","","","",,"","","","","","","",,"","","","","","","",,"","","","","","","",,"","","","","","","",,"","","","","","","",,"","","","","","","",,"","","","","",473322,1,"2024-05-23_19h03.22.429","experiment","2023.2.3","Win32",62.5,"60241d8be372010009703f80","664f1702f723b1deb64680cb","664f84dbbe54e083251e2ac2","",,,"",,,"",,,"",,,"",,,"",,,"",,,,,"",,,"",,,,"",,,"","","",,,"","",,1,,,,"","","",,,,,,,2,,"",,,"",,,,,,,,,,,"","",,,,,,,"","",,,"k",0.669,,"space",0.18,,2,"yellow_gnome",2,2,"bright_forest","yellow_basket","pink_gnome",2,0,"dark_forest","red_basket",0,0,0,1,"pink_gnome","dark_forest","red_basket",633,1,-1,7,1,57,1,1,"",,,"",,,"",,,"",,,"",,,,,,,"","",,,"",,,"",,,"",,,,,,,"",,,"","",,,,,,,,"",,,,,,,"",,,"","","",,,,,,,,"",,,,,,,
"","","",,"","","","","","","",,"","","","","","","",,"","","","","","","",,"","","","","","","",,"","","","","","","",,"","","","","","","",,"","","","","","","",,"","","","","",473322,1,"2024-05-23_19h03.22.429","experiment","2023.2.3","Win32",62.5,"60241d8be372010009703f80","664f1702f723b1deb64680cb","664f84dbbe54e083251e2ac2","",,,"",,,"",,,"",,,"",,,"",,,"",,,,,"",,,"",,,,"",,,"","","",,,"","",,5,,,,"","","",,,,,,,1,,"",,,"",,,,,,,,,,,"","",,,,,,,"","",,,"k",1.121,,"space",0.24,,1,"blue_gnome",1,1,"dark_forest","red_basket","green_gnome",1,3,"bright_forest","yellow_basket",15,0,0,1,"green_gnome","bright_forest","yellow_basket",648,-1,1,7,2,58,4,1,"",,,"",,,"",,,"",,,"",,,,,,,"","",,,"",,,"",,,"",,,,,,,"",,,"","",,,,,,,,"",,,,,,,"",,,"","","",,,,,,,,"",,,,,,,
"","","",,"","","","","","","",,"","","","","","","",,"","","","","","","",,"","","","","","","",,"","","","","","","",,"","","","","","","",,"","","","","","","",,"","","","","",473322,1,"2024-05-23_19h03.22.429","experiment","2023.2.3","Win32",62.5,"60241d8be372010009703f80","664f1702f723b1deb64680cb","664f84dbbe54e083251e2ac2","",,,"",,,"",,,"",,,"",,,"",,,"",,,,,"",,,"",,,,"",,,"","","",,,"","",,5,,,,"","","",,,,,,,1,,"",,,"",,,,,,,,,,,"","",,,,,,,"","",,,"k",0.876,,"space",0.243,,1,"blue_gnome",1,2,"dark_forest","red_basket","green_gnome",1,2,"bright_forest","yellow_basket",10,0,0,1,"green_gnome","bright_forest","yellow_basket",658,-1,0,7,3,59,4,1,"",,,"",,,"",,,"",,,"",,,,,,,"","",,,"",,,"",,,"",,,,,,,"",,,"","",,,,,,,,"",,,,,,,"",,,"","","",,,,,,,,"",,,,,,,
"","","",,"","","","","","","",,"","","","","","","",,"","","","","","","",,"","","","","","","",,"","","","","","","",,"","","","","","","",,"","","","","","","",,"","","","","",473322,1,"2024-05-23_19h03.22.429","experiment","2023.2.3","Win32",62.5,"60241d8be372010009703f80","664f1702f723b1deb64680cb","664f84dbbe54e083251e2ac2","",,,"",,,"",,,"",,,"",,,"",,,"",,,,,"",,,"",,,,"",,,"","","",,,"","",,5,,,,"","","",,,,,,,1,,"",,,"",,,,,,,,,,,"","",,,,,,,"","",,,"k",0.724,,"space",0.179,,1,"green_gnome",1,1,"bright_forest","yellow_basket","blue_gnome",1,2,"dark_forest","red_basket",10,0,0,1,"blue_gnome","dark_forest","red_basket",668,0,2,7,4,60,4,1,"",,,"",,,"",,,"",,,"",,,,,,,"","",,,"",,,"",,,"",,,,,,,"",,,"","",,,,,,,,"",,,,,,,"",,,"","","",,,,,,,,"",,,,,,,
"","","",,"","","","","","","",,"","","","","","","",,"","","","","","","",,"","","","","","","",,"","","","","","","",,"","","","","","","",,"","","","","","","",,"","","","","",473322,1,"2024-05-23_19h03.22.429","experiment","2023.2.3","Win32",62.5,"60241d8be372010009703f80","664f1702f723b1deb64680cb","664f84dbbe54e083251e2ac2","",,,"",,,"",,,"",,,"",,,"",,,"",,,,,"",,,"",,,,"",,,"","","",,,"","",,1,,,,"","","",,,,,,,4,,"",,,"",,,,,,,,,,,"","",,,,,,,"","",,,"k",0.751,,"space",0.187,,4,"brown_gnome",4,1,"bright_forest","yellow_basket","red_gnome",4,4,"dark_forest","red_basket",4,0,0,1,"red_gnome","dark_forest","red_basket",672,0,1,7,5,61,3,1,"",,,"",,,"",,,"",,,"",,,,,,,"","",,,"",,,"",,,"",,,,,,,"",,,"","",,,,,,,,"",,,,,,,"",,,"","","",,,,,,,,"",,,,,,,
"","","",,"","","","","","","",,"","","","","","","",,"","","","","","","",,"","","","","","","",,"","","","","","","",,"","","","","","","",,"","","","","","","",,"","","","","",473322,1,"2024-05-23_19h03.22.429","experiment","2023.2.3","Win32",62.5,"60241d8be372010009703f80","664f1702f723b1deb64680cb","664f84dbbe54e083251e2ac2","",,,"",,,"",,,"",,,"",,,"",,,"",,,,,"",,,"",,,,"",,,"","","",,,"","",,5,,,,"","","",,,,,,,4,,"",,,"",,,,,,,,,,,"","",,,,,,,"","",,,"s",0.585,,"space",0.572,,4,"brown_gnome",4,1,"bright_forest","yellow_basket","red_gnome",4,5,"dark_forest","red_basket",5,0,0,1,"brown_gnome","bright_forest","yellow_basket",677,-2,-2,7,6,62,7,1,"",,,"",,,"",,,"",,,"",,,,,,,"","",,,"",,,"",,,"",,,,,,,"",,,"","",,,,,,,,"",,,,,,,"",,,"","","",,,,,,,,"",,,,,,,
"","","",,"","","","","","","",,"","","","","","","",,"","","","","","","",,"","","","","","","",,"","","","","","","",,"","","","","","","",,"","","","","","","",,"","","","","",473322,1,"2024-05-23_19h03.22.429","experiment","2023.2.3","Win32",62.5,"60241d8be372010009703f80","664f1702f723b1deb64680cb","664f84dbbe54e083251e2ac2","",,,"",,,"",,,"",,,"",,,"",,,"",,,,,"",,,"",,,,"",,,"","","",,,"","",,5,,,,"","","",,,,,,,1,,"",,,"",,,,,,,,,,,"","",,,,,,,"","",,,"k",0.707,,"space",0.139,,1,"blue_gnome",1,3,"dark_forest","red_basket","green_gnome",1,1,"bright_forest","yellow_basket",5,0,0,1,"green_gnome","bright_forest","yellow_basket",682,-3,0,7,7,63,4,1,"space",5.929,,"",,,"",,,"",,,"",,,,,,,"","",,,"",,,"",,,"",,,,,,,"",,,"","",,,,,,,,"",,,,,,,"",,,"","","",,,,,,,,"",,,,,,,
"","","",,"","","","","","","",,"","","","","","","",,"","","","","","","",,"","","","","","","",,"","","","","","","",,"","","","","","","",,"","","","","","","",,"","","","","",473322,1,"2024-05-23_19h03.22.429","experiment","2023.2.3","Win32",62.5,"60241d8be372010009703f80","664f1702f723b1deb64680cb","664f84dbbe54e083251e2ac2","",,,"",,,"",,,"",,,"",,,"",,,"",,,,,"",,,"",,,,"",,,"","","",,,"","",,1,,,,"","","",,,,,,,3,,"",,,"",,,,,,,,,,,"","",,,,,,,"","",,,"k",0.827,,"space",0.234,,3,"orange_gnome",3,2,"bright_forest","yellow_basket","purple_gnome",3,3,"dark_forest","red_basket",3,0,0,1,"purple_gnome","dark_forest","red_basket",685,0,0,8,0,64,2,1,"",,,"",,,"",,,"",,,"",,,,,,,"","",,,"",,,"",,,"",,,,,,,"",,,"","",,,,,,,,"",,,,,,,"",,,"","","",,,,,,,,"",,,,,,,
"","","",,"","","","","","","",,"","","","","","","",,"","","","","","","",,"","","","","","","",,"","","","","","","",,"","","","","","","",,"","","","","","","",,"","","","","",473322,1,"2024-05-23_19h03.22.429","experiment","2023.2.3","Win32",62.5,"60241d8be372010009703f80","664f1702f723b1deb64680cb","664f84dbbe54e083251e2ac2","",,,"",,,"",,,"",,,"",,,"",,,"",,,,,"",,,"",,,,"",,,"","","",,,"","",,1,,,,"","","",,,,,,,4,,"",,,"",,,,,,,,,,,"","",,,,,,,"","",,,"s",0.729,,"space",0.369,,4,"brown_gnome",4,2,"bright_forest","yellow_basket","red_gnome",4,3,"dark_forest","red_basket",2,0,0,1,"brown_gnome","bright_forest","yellow_basket",687,-2,2,8,1,65,3,1,"",,,"",,,"",,,"",,,"",,,,,,,"","",,,"",,,"",,,"",,,,,,,"",,,"","",,,,,,,,"",,,,,,,"",,,"","","",,,,,,,,"",,,,,,,
"","","",,"","","","","","","",,"","","","","","","",,"","","","","","","",,"","","","","","","",,"","","","","","","",,"","","","","","","",,"","","","","","","",,"","","","","",473322,1,"2024-05-23_19h03.22.429","experiment","2023.2.3","Win32",62.5,"60241d8be372010009703f80","664f1702f723b1deb64680cb","664f84dbbe54e083251e2ac2","",,,"",,,"",,,"",,,"",,,"",,,"",,,,,"",,,"",,,,"",,,"","","",,,"","",,5,,,,"","","",,,,,,,3,,"",,,"",,,,,,,,,,,"","",,,,,,,"","",,,"s",0.84,,"space",0.22,,3,"purple_gnome",3,5,"dark_forest","red_basket","orange_gnome",3,0,"bright_forest","yellow_basket",25,0,0,1,"purple_gnome","dark_forest","red_basket",712,5,-3,8,2,66,6,1,"",,,"",,,"",,,"",,,"",,,,,,,"","",,,"",,,"",,,"",,,,,,,"",,,"","",,,,,,,,"",,,,,,,"",,,"","","",,,,,,,,"",,,,,,,
"","","",,"","","","","","","",,"","","","","","","",,"","","","","","","",,"","","","","","","",,"","","","","","","",,"","","","","","","",,"","","","","","","",,"","","","","",473322,1,"2024-05-23_19h03.22.429","experiment","2023.2.3","Win32",62.5,"60241d8be372010009703f80","664f1702f723b1deb64680cb","664f84dbbe54e083251e2ac2","",,,"",,,"",,,"",,,"",,,"",,,"",,,,,"",,,"",,,,"",,,"","","",,,"","",,1,,,,"","","",,,,,,,4,,"",,,"",,,,,,,,,,,"","",,,,,,,"","",,,"k",1.015,,"space",0.592,,4,"red_gnome",4,2,"dark_forest","red_basket","brown_gnome",4,5,"bright_forest","yellow_basket",5,0,0,1,"brown_gnome","bright_forest","yellow_basket",717,-1,4,8,3,67,3,1,"",,,"",,,"",,,"",,,"",,,,,,,"","",,,"",,,"",,,"",,,,,,,"",,,"","",,,,,,,,"",,,,,,,"",,,"","","",,,,,,,,"",,,,,,,
"","","",,"","","","","","","",,"","","","","","","",,"","","","","","","",,"","","","","","","",,"","","","","","","",,"","","","","","","",,"","","","","","","",,"","","","","",473322,1,"2024-05-23_19h03.22.429","experiment","2023.2.3","Win32",62.5,"60241d8be372010009703f80","664f1702f723b1deb64680cb","664f84dbbe54e083251e2ac2","",,,"",,,"",,,"",,,"",,,"",,,"",,,,,"",,,"",,,,"",,,"","","",,,"","",,1,,,,"","","",,,,,,,4,,"",,,"",,,,,,,,,,,"","",,,,,,,"","",,,"s",0.646,,"space",0.268,,4,"brown_gnome",4,4,"bright_forest","yellow_basket","red_gnome",4,6,"dark_forest","red_basket",4,0,0,1,"brown_gnome","bright_forest","yellow_basket",721,4,-3,8,4,68,3,1,"",,,"",,,"",,,"",,,"",,,,,,,"","",,,"",,,"",,,"",,,,,,,"",,,"","",,,,,,,,"",,,,,,,"",,,"","","",,,,,,,,"",,,,,,,
"","","",,"","","","","","","",,"","","","","","","",,"","","","","","","",,"","","","","","","",,"","","","","","","",,"","","","","","","",,"","","","","","","",,"","","","","",473322,1,"2024-05-23_19h03.22.429","experiment","2023.2.3","Win32",62.5,"60241d8be372010009703f80","664f1702f723b1deb64680cb","664f84dbbe54e083251e2ac2","",,,"",,,"",,,"",,,"",,,"",,,"",,,,,"",,,"",,,,"",,,"","","",,,"","",,1,,,,"","","",,,,,,,4,,"",,,"",,,,,,,,,,,"","",,,,,,,"","",,,"k",0.531,,"space",0.175,,4,"red_gnome",4,3,"dark_forest","red_basket","brown_gnome",4,8,"bright_forest","yellow_basket",8,0,0,1,"brown_gnome","bright_forest","yellow_basket",729,2,-1,8,5,69,3,1,"",,,"",,,"",,,"",,,"",,,,,,,"","",,,"",,,"",,,"",,,,,,,"",,,"","",,,,,,,,"",,,,,,,"",,,"","","",,,,,,,,"",,,,,,,
"","","",,"","","","","","","",,"","","","","","","",,"","","","","","","",,"","","","","","","",,"","","","","","","",,"","","","","","","",,"","","","","","","",,"","","","","",473322,1,"2024-05-23_19h03.22.429","experiment","2023.2.3","Win32",62.5,"60241d8be372010009703f80","664f1702f723b1deb64680cb","664f84dbbe54e083251e2ac2","",,,"",,,"",,,"",,,"",,,"",,,"",,,,,"",,,"",,,,"",,,"","","",,,"","",,5,,,,"","","",,,,,,,2,,"",,,"",,,,,,,,,,,"","",,,,,,,"","",,,"s",0.962,,"space",0.225,,2,"yellow_gnome",2,8,"bright_forest","yellow_basket","pink_gnome",2,2,"dark_forest","red_basket",40,0,0,1,"yellow_gnome","bright_forest","yellow_basket",769,-1,1,8,6,70,5,1,"",,,"",,,"",,,"",,,"",,,,,,,"","",,,"",,,"",,,"",,,,,,,"",,,"","",,,,,,,,"",,,,,,,"",,,"","","",,,,,,,,"",,,,,,,
"","","",,"","","","","","","",,"","","","","","","",,"","","","","","","",,"","","","","","","",,"","","","","","","",,"","","","","","","",,"","","","","","","",,"","","","","",473322,1,"2024-05-23_19h03.22.429","experiment","2023.2.3","Win32",62.5,"60241d8be372010009703f80","664f1702f723b1deb64680cb","664f84dbbe54e083251e2ac2","",,,"",,,"",,,"",,,"",,,"",,,"",,,,,"",,,"",,,,"",,,"","","",,,"","",,1,,,,"","","",,,,,,,2,,"",,,"",,,,,,,,,,,"","",,,,,,,"","",,,"k",0.618,,"space",0.185,,2,"pink_gnome",2,3,"dark_forest","red_basket","yellow_gnome",2,7,"bright_forest","yellow_basket",7,0,0,1,"yellow_gnome","bright_forest","yellow_basket",776,1,-7,8,7,71,1,1,"",,,"",,,"",,,"",,,"",,,,,,,"","",,,"",,,"",,,"",,,,,,,"",,,"","",,,,,,,,"",,,,,,,"",,,"","","",,,,,,,,"",,,,,,,
"","","",,"","","","","","","",,"","","","","","","",,"","","","","","","",,"","","","","","","",,"","","","","","","",,"","","","","","","",,"","","","","","","",,"","","","","",473322,1,"2024-05-23_19h03.22.429","experiment","2023.2.3","Win32",62.5,"60241d8be372010009703f80","664f1702f723b1deb64680cb","664f84dbbe54e083251e2ac2","",,,"",,,"",,,"",,,"",,,"",,,"",,,,,"",,,"",,,,"",,,"","","",,,"","",,1,,,,"","","",,,,,,,1,,"",,,"",,,,,,,,,,,"","",,,,,,,"","",,,"k",1.077,,"space",0.169,,1,"green_gnome",1,8,"bright_forest","yellow_basket","blue_gnome",1,4,"dark_forest","red_basket",4,0,0,1,"blue_gnome","dark_forest","red_basket",780,-2,0,9,0,72,0,1,"",,,"",,,"",,,"",,,"",,,,,,,"","",,,"",,,"",,,"",,,,,,,"",,,"","",,,,,,,,"",,,,,,,"",,,"","","",,,,,,,,"",,,,,,,
"","","",,"","","","","","","",,"","","","","","","",,"","","","","","","",,"","","","","","","",,"","","","","","","",,"","","","","","","",,"","","","","","","",,"","","","","",473322,1,"2024-05-23_19h03.22.429","experiment","2023.2.3","Win32",62.5,"60241d8be372010009703f80","664f1702f723b1deb64680cb","664f84dbbe54e083251e2ac2","",,,"",,,"",,,"",,,"",,,"",,,"",,,,,"",,,"",,,,"",,,"","","",,,"","",,5,,,,"","","",,,,,,,3,,"",,,"",,,,,,,,,,,"","",,,,,,,"","",,,"k",0.757,,"space",0.057,,3,"orange_gnome",3,6,"bright_forest","yellow_basket","purple_gnome",3,4,"dark_forest","red_basket",20,0,0,1,"purple_gnome","dark_forest","red_basket",800,-2,-3,9,1,73,6,1,"",,,"",,,"",,,"",,,"",,,,,,,"","",,,"",,,"",,,"",,,,,,,"",,,"","",,,,,,,,"",,,,,,,"",,,"","","",,,,,,,,"",,,,,,,
"","","",,"","","","","","","",,"","","","","","","",,"","","","","","","",,"","","","","","","",,"","","","","","","",,"","","","","","","",,"","","","","","","",,"","","","","",473322,1,"2024-05-23_19h03.22.429","experiment","2023.2.3","Win32",62.5,"60241d8be372010009703f80","664f1702f723b1deb64680cb","664f84dbbe54e083251e2ac2","",,,"",,,"",,,"",,,"",,,"",,,"",,,,,"",,,"",,,,"",,,"","","",,,"","",,1,,,,"","","",,,,,,,4,,"",,,"",,,,,,,,,,,"","",,,,,,,"","",,,"k",0.912,,"space",0.221,,4,"brown_gnome",4,4,"bright_forest","yellow_basket","red_gnome",4,1,"dark_forest","red_basket",1,0,0,1,"red_gnome","dark_forest","red_basket",801,-1,0,9,2,74,3,1,"",,,"",,,"",,,"",,,"",,,,,,,"","",,,"",,,"",,,"",,,,,,,"",,,"","",,,,,,,,"",,,,,,,"",,,"","","",,,,,,,,"",,,,,,,
"","","",,"","","","","","","",,"","","","","","","",,"","","","","","","",,"","","","","","","",,"","","","","","","",,"","","","","","","",,"","","","","","","",,"","","","","",473322,1,"2024-05-23_19h03.22.429","experiment","2023.2.3","Win32",62.5,"60241d8be372010009703f80","664f1702f723b1deb64680cb","664f84dbbe54e083251e2ac2","",,,"",,,"",,,"",,,"",,,"",,,"",,,,,"",,,"",,,,"",,,"","","",,,"","",,1,,,,"","","",,,,,,,2,,"",,,"",,,,,,,,,,,"","",,,,,,,"","",,,"k",0.749,,"space",0.151,,2,"yellow_gnome",2,3,"bright_forest","yellow_basket","pink_gnome",2,1,"dark_forest","red_basket",1,0,0,1,"pink_gnome","dark_forest","red_basket",802,0,-1,9,3,75,1,1,"",,,"",,,"",,,"",,,"",,,,,,,"","",,,"",,,"",,,"",,,,,,,"",,,"","",,,,,,,,"",,,,,,,"",,,"","","",,,,,,,,"",,,,,,,
"","","",,"","","","","","","",,"","","","","","","",,"","","","","","","",,"","","","","","","",,"","","","","","","",,"","","","","","","",,"","","","","","","",,"","","","","",473322,1,"2024-05-23_19h03.22.429","experiment","2023.2.3","Win32",62.5,"60241d8be372010009703f80","664f1702f723b1deb64680cb","664f84dbbe54e083251e2ac2","",,,"",,,"",,,"",,,"",,,"",,,"",,,,,"",,,"",,,,"",,,"","","",,,"","",,1,,,,"","","",,,,,,,2,,"",,,"",,,,,,,,,,,"","",,,,,,,"","",,,"s",0.628,,"space",0.231,,2,"yellow_gnome",2,3,"bright_forest","yellow_basket","pink_gnome",2,0,"dark_forest","red_basket",3,0,0,1,"yellow_gnome","bright_forest","yellow_basket",805,-1,0,9,4,76,1,1,"",,,"",,,"",,,"",,,"",,,,,,,"","",,,"",,,"",,,"",,,,,,,"",,,"","",,,,,,,,"",,,,,,,"",,,"","","",,,,,,,,"",,,,,,,
"","","",,"","","","","","","",,"","","","","","","",,"","","","","","","",,"","","","","","","",,"","","","","","","",,"","","","","","","",,"","","","","","","",,"","","","","",473322,1,"2024-05-23_19h03.22.429","experiment","2023.2.3","Win32",62.5,"60241d8be372010009703f80","664f1702f723b1deb64680cb","664f84dbbe54e083251e2ac2","",,,"",,,"",,,"",,,"",,,"",,,"",,,,,"",,,"",,,,"",,,"","","",,,"","",,5,,,,"","","",,,,,,,1,,"",,,"",,,,,,,,,,,"","",,,,,,,"","",,,"s",0.795,,"space",0.163,,1,"blue_gnome",1,0,"dark_forest","red_basket","green_gnome",1,2,"bright_forest","yellow_basket",0,0,0,1,"blue_gnome","dark_forest","red_basket",805,-4,3,9,5,77,4,1,"",,,"",,,"",,,"",,,"",,,,,,,"","",,,"",,,"",,,"",,,,,,,"",,,"","",,,,,,,,"",,,,,,,"",,,"","","",,,,,,,,"",,,,,,,
"","","",,"","","","","","","",,"","","","","","","",,"","","","","","","",,"","","","","","","",,"","","","","","","",,"","","","","","","",,"","","","","","","",,"","","","","",473322,1,"2024-05-23_19h03.22.429","experiment","2023.2.3","Win32",62.5,"60241d8be372010009703f80","664f1702f723b1deb64680cb","664f84dbbe54e083251e2ac2","",,,"",,,"",,,"",,,"",,,"",,,"",,,,,"",,,"",,,,"",,,"","","",,,"","",,1,,,,"","","",,,,,,,4,,"",,,"",,,,,,,,,,,"","",,,,,,,"","",,,"s",0.902,,"space",0.211,,4,"brown_gnome",4,2,"bright_forest","yellow_basket","red_gnome",4,3,"dark_forest","red_basket",2,0,0,1,"brown_gnome","bright_forest","yellow_basket",807,-2,-5,9,6,78,3,1,"",,,"",,,"",,,"",,,"",,,,,,,"","",,,"",,,"",,,"",,,,,,,"",,,"","",,,,,,,,"",,,,,,,"",,,"","","",,,,,,,,"",,,,,,,
"","","",,"","","","","","","",,"","","","","","","",,"","","","","","","",,"","","","","","","",,"","","","","","","",,"","","","","","","",,"","","","","","","",,"","","","","",473322,1,"2024-05-23_19h03.22.429","experiment","2023.2.3","Win32",62.5,"60241d8be372010009703f80","664f1702f723b1deb64680cb","664f84dbbe54e083251e2ac2","",,,"",,,"",,,"",,,"",,,"",,,"",,,,,"",,,"",,,,"",,,"","","",,,"","",,5,,,,"","","",,,,,,,2,,"",,,"",,,,,,,,,,,"","",,,,,,,"","",,,"s",0.74,,"space",0.131,,2,"yellow_gnome",2,0,"bright_forest","yellow_basket","pink_gnome",2,2,"dark_forest","red_basket",0,0,0,1,"yellow_gnome","bright_forest","yellow_basket",807,4,1,9,7,79,5,1,"",,,"",,,"",,,"",,,"",,,,,,,"","",,,"",,,"",,,"",,,,,,,"",,,"","",,,,,,,,"",,,,,,,"",,,"","","",,,,,,,,"",,,,,,,
"","","",,"","","","","","","",,"","","","","","","",,"","","","","","","",,"","","","","","","",,"","","","","","","",,"","","","","","","",,"","","","","","","",,"","","","","",473322,1,"2024-05-23_19h03.22.429","experiment","2023.2.3","Win32",62.5,"60241d8be372010009703f80","664f1702f723b1deb64680cb","664f84dbbe54e083251e2ac2","",,,"",,,"",,,"",,,"",,,"",,,"",,,,,"",,,"",,,,"",,,"","","",,,"","",,1,,,,"","","",,,,,,,1,,"",,,"",,,,,,,,,,,"","",,,,,,,"","",,,"k",0.79,,"space",0.146,,1,"green_gnome",1,4,"bright_forest","yellow_basket","blue_gnome",1,3,"dark_forest","red_basket",3,0,0,1,"blue_gnome","dark_forest","red_basket",810,1,-1,10,0,80,0,1,"",,,"",,,"",,,"",,,"",,,,,,,"","",,,"",,,"",,,"",,,,,,,"",,,"","",,,,,,,,"",,,,,,,"",,,"","","",,,,,,,,"",,,,,,,
"","","",,"","","","","","","",,"","","","","","","",,"","","","","","","",,"","","","","","","",,"","","","","","","",,"","","","","","","",,"","","","","","","",,"","","","","",473322,1,"2024-05-23_19h03.22.429","experiment","2023.2.3","Win32",62.5,"60241d8be372010009703f80","664f1702f723b1deb64680cb","664f84dbbe54e083251e2ac2","",,,"",,,"",,,"",,,"",,,"",,,"",,,,,"",,,"",,,,"",,,"","","",,,"","",,5,,,,"","","",,,,,,,4,,"",,,"",,,,,,,,,,,"","",,,,,,,"","",,,"k",0.913,,"space",0.058,,4,"red_gnome",4,2,"dark_forest","red_basket","brown_gnome",4,5,"bright_forest","yellow_basket",25,0,0,1,"brown_gnome","bright_forest","yellow_basket",835,1,4,10,1,81,7,1,"",,,"",,,"",,,"",,,"",,,,,,,"","",,,"",,,"",,,"",,,,,,,"",,,"","",,,,,,,,"",,,,,,,"",,,"","","",,,,,,,,"",,,,,,,
"","","",,"","","","","","","",,"","","","","","","",,"","","","","","","",,"","","","","","","",,"","","","","","","",,"","","","","","","",,"","","","","","","",,"","","","","",473322,1,"2024-05-23_19h03.22.429","experiment","2023.2.3","Win32",62.5,"60241d8be372010009703f80","664f1702f723b1deb64680cb","664f84dbbe54e083251e2ac2","",,,"",,,"",,,"",,,"",,,"",,,"",,,,,"",,,"",,,,"",,,"","","",,,"","",,1,,,,"","","",,,,,,,2,,"",,,"",,,,,,,,,,,"","",,,,,,,"","",,,"s",0.929,,"space",0.11,,2,"yellow_gnome",2,6,"bright_forest","yellow_basket","pink_gnome",2,6,"dark_forest","red_basket",6,0,0,1,"yellow_gnome","bright_forest","yellow_basket",841,1,1,10,2,82,1,1,"",,,"",,,"",,,"",,,"",,,,,,,"","",,,"",,,"",,,"",,,,,,,"",,,"","",,,,,,,,"",,,,,,,"",,,"","","",,,,,,,,"",,,,,,,
"","","",,"","","","","","","",,"","","","","","","",,"","","","","","","",,"","","","","","","",,"","","","","","","",,"","","","","","","",,"","","","","","","",,"","","","","",473322,1,"2024-05-23_19h03.22.429","experiment","2023.2.3","Win32",62.5,"60241d8be372010009703f80","664f1702f723b1deb64680cb","664f84dbbe54e083251e2ac2","",,,"",,,"",,,"",,,"",,,"",,,"",,,,,"",,,"",,,,"",,,"","","",,,"","",,5,,,,"","","",,,,,,,3,,"",,,"",,,,,,,,,,,"","",,,,,,,"","",,,"s",0.731,,"space",0.017,,3,"purple_gnome",3,7,"dark_forest","red_basket","orange_gnome",3,7,"bright_forest","yellow_basket",35,0,0,1,"purple_gnome","dark_forest","red_basket",876,0,0,10,3,83,6,1,"",,,"",,,"",,,"",,,"",,,,,,,"","",,,"",,,"",,,"",,,,,,,"",,,"","",,,,,,,,"",,,,,,,"",,,"","","",,,,,,,,"",,,,,,,
"","","",,"","","","","","","",,"","","","","","","",,"","","","","","","",,"","","","","","","",,"","","","","","","",,"","","","","","","",,"","","","","","","",,"","","","","",473322,1,"2024-05-23_19h03.22.429","experiment","2023.2.3","Win32",62.5,"60241d8be372010009703f80","664f1702f723b1deb64680cb","664f84dbbe54e083251e2ac2","",,,"",,,"",,,"",,,"",,,"",,,"",,,,,"",,,"",,,,"",,,"","","",,,"","",,5,,,,"","","",,,,,,,2,,"",,,"",,,,,,,,,,,"","",,,,,,,"","",,,"k",1.196,,"space",0.249,,2,"pink_gnome",2,7,"dark_forest","red_basket","yellow_gnome",2,7,"bright_forest","yellow_basket",35,0,0,1,"yellow_gnome","bright_forest","yellow_basket",911,1,1,10,4,84,5,1,"",,,"",,,"",,,"",,,"",,,,,,,"","",,,"",,,"",,,"",,,,,,,"",,,"","",,,,,,,,"",,,,,,,"",,,"","","",,,,,,,,"",,,,,,,
"","","",,"","","","","","","",,"","","","","","","",,"","","","","","","",,"","","","","","","",,"","","","","","","",,"","","","","","","",,"","","","","","","",,"","","","","",473322,1,"2024-05-23_19h03.22.429","experiment","2023.2.3","Win32",62.5,"60241d8be372010009703f80","664f1702f723b1deb64680cb","664f84dbbe54e083251e2ac2","",,,"",,,"",,,"",,,"",,,"",,,"",,,,,"",,,"",,,,"",,,"","","",,,"","",,1,,,,"","","",,,,,,,1,,"",,,"",,,,,,,,,,,"","",,,,,,,"","",,,"s",0.804,,"space",0.235,,1,"blue_gnome",1,8,"dark_forest","red_basket","green_gnome",1,8,"bright_forest","yellow_basket",8,0,0,1,"blue_gnome","dark_forest","red_basket",919,0,2,10,5,85,0,1,"",,,"",,,"",,,"",,,"",,,,,,,"","",,,"",,,"",,,"",,,,,,,"",,,"","",,,,,,,,"",,,,,,,"",,,"","","",,,,,,,,"",,,,,,,
"","","",,"","","","","","","",,"","","","","","","",,"","","","","","","",,"","","","","","","",,"","","","","","","",,"","","","","","","",,"","","","","","","",,"","","","","",473322,1,"2024-05-23_19h03.22.429","experiment","2023.2.3","Win32",62.5,"60241d8be372010009703f80","664f1702f723b1deb64680cb","664f84dbbe54e083251e2ac2","",,,"",,,"",,,"",,,"",,,"",,,"",,,,,"",,,"",,,,"",,,"","","",,,"","",,5,,,,"","","",,,,,,,4,,"",,,"",,,,,,,,,,,"","",,,,,,,"","",,,"s",1.073,,"space",0.103,,4,"red_gnome",4,8,"dark_forest","red_basket","brown_gnome",4,8,"bright_forest","yellow_basket",40,0,0,1,"red_gnome","dark_forest","red_basket",959,3,-3,10,6,86,7,1,"",,,"",,,"",,,"",,,"",,,,,,,"","",,,"",,,"",,,"",,,,,,,"",,,"","",,,,,,,,"",,,,,,,"",,,"","","",,,,,,,,"",,,,,,,
"","","",,"","","","","","","",,"","","","","","","",,"","","","","","","",,"","","","","","","",,"","","","","","","",,"","","","","","","",,"","","","","","","",,"","","","","",473322,1,"2024-05-23_19h03.22.429","experiment","2023.2.3","Win32",62.5,"60241d8be372010009703f80","664f1702f723b1deb64680cb","664f84dbbe54e083251e2ac2","",,,"",,,"",,,"",,,"",,,"",,,"",,,,,"",,,"",,,,"",,,"","","",,,"","",,5,,,,"","","",,,,,,,3,,"",,,"",,,,,,,,,,,"","",,,,,,,"","",,,"k",0.865,,"space",0.017,,3,"orange_gnome",3,7,"bright_forest","yellow_basket","purple_gnome",3,5,"dark_forest","red_basket",25,0,0,1,"purple_gnome","dark_forest","red_basket",984,-2,0,10,7,87,6,1,"",,,"",,,"",,,"",,,"",,,,,,,"","",,,"",,,"",,,"",,,,,,,"",,,"","",,,,,,,,"",,,,,,,"",,,"","","",,,,,,,,"",,,,,,,
"","","",,"","","","","","","",,"","","","","","","",,"","","","","","","",,"","","","","","","",,"","","","","","","",,"","","","","","","",,"","","","","","","",,"","","","","",473322,1,"2024-05-23_19h03.22.429","experiment","2023.2.3","Win32",62.5,"60241d8be372010009703f80","664f1702f723b1deb64680cb","664f84dbbe54e083251e2ac2","",,,"",,,"",,,"",,,"",,,"",,,"",,,,,"",,,"",,,,"",,,"","","",,,"","",,5,,,,"","","",,,,,,,4,,"",,,"",,,,,,,,,,,"","",,,,,,,"","",,,"k",0.803,,"space",0.023,,4,"brown_gnome",4,5,"bright_forest","yellow_basket","red_gnome",4,5,"dark_forest","red_basket",25,0,0,1,"red_gnome","dark_forest","red_basket",1009,1,1,11,0,88,7,1,"",,,"",,,"",,,"",,,"",,,,,,,"","",,,"",,,"",,,"",,,,,,,"",,,"","",,,,,,,,"",,,,,,,"",,,"","","",,,,,,,,"",,,,,,,
"","","",,"","","","","","","",,"","","","","","","",,"","","","","","","",,"","","","","","","",,"","","","","","","",,"","","","","","","",,"","","","","","","",,"","","","","",473322,1,"2024-05-23_19h03.22.429","experiment","2023.2.3","Win32",62.5,"60241d8be372010009703f80","664f1702f723b1deb64680cb","664f84dbbe54e083251e2ac2","",,,"",,,"",,,"",,,"",,,"",,,"",,,,,"",,,"",,,,"",,,"","","",,,"","",,1,,,,"","","",,,,,,,4,,"",,,"",,,,,,,,,,,"","",,,,,,,"","",,,"k",0.94,,"space",0.056,,4,"brown_gnome",4,6,"bright_forest","yellow_basket","red_gnome",4,6,"dark_forest","red_basket",6,0,0,1,"red_gnome","dark_forest","red_basket",1015,-2,2,11,1,89,3,1,"",,,"",,,"",,,"",,,"",,,,,,,"","",,,"",,,"",,,"",,,,,,,"",,,"","",,,,,,,,"",,,,,,,"",,,"","","",,,,,,,,"",,,,,,,
"","","",,"","","","","","","",,"","","","","","","",,"","","","","","","",,"","","","","","","",,"","","","","","","",,"","","","","","","",,"","","","","","","",,"","","","","",473322,1,"2024-05-23_19h03.22.429","experiment","2023.2.3","Win32",62.5,"60241d8be372010009703f80","664f1702f723b1deb64680cb","664f84dbbe54e083251e2ac2","",,,"",,,"",,,"",,,"",,,"",,,"",,,,,"",,,"",,,,"",,,"","","",,,"","",,5,,,,"","","",,,,,,,4,,"",,,"",,,,,,,,,,,"","",,,,,,,"","",,,"k",0.668,,"space",0.235,,4,"brown_gnome",4,4,"bright_forest","yellow_basket","red_gnome",4,8,"dark_forest","red_basket",40,0,0,1,"red_gnome","dark_forest","red_basket",1055,0,-3,11,2,90,7,1,"",,,"",,,"",,,"",,,"",,,,,,,"","",,,"",,,"",,,"",,,,,,,"",,,"","",,,,,,,,"",,,,,,,"",,,"","","",,,,,,,,"",,,,,,,
"","","",,"","","","","","","",,"","","","","","","",,"","","","","","","",,"","","","","","","",,"","","","","","","",,"","","","","","","",,"","","","","","","",,"","","","","",473322,1,"2024-05-23_19h03.22.429","experiment","2023.2.3","Win32",62.5,"60241d8be372010009703f80","664f1702f723b1deb64680cb","664f84dbbe54e083251e2ac2","",,,"",,,"",,,"",,,"",,,"",,,"",,,,,"",,,"",,,,"",,,"","","",,,"","",,1,,,,"","","",,,,,,,3,,"",,,"",,,,,,,,,,,"","",,,,,,,"","",,,"k",0.843,,"space",0.081,,3,"orange_gnome",3,4,"bright_forest","yellow_basket","purple_gnome",3,5,"dark_forest","red_basket",5,0,0,1,"purple_gnome","dark_forest","red_basket",1060,-1,-1,11,3,91,2,1,"",,,"",,,"",,,"",,,"",,,,,,,"","",,,"",,,"",,,"",,,,,,,"",,,"","",,,,,,,,"",,,,,,,"",,,"","","",,,,,,,,"",,,,,,,
"","","",,"","","","","","","",,"","","","","","","",,"","","","","","","",,"","","","","","","",,"","","","","","","",,"","","","","","","",,"","","","","","","",,"","","","","",473322,1,"2024-05-23_19h03.22.429","experiment","2023.2.3","Win32",62.5,"60241d8be372010009703f80","664f1702f723b1deb64680cb","664f84dbbe54e083251e2ac2","",,,"",,,"",,,"",,,"",,,"",,,"",,,,,"",,,"",,,,"",,,"","","",,,"","",,5,,,,"","","",,,,,,,4,,"",,,"",,,,,,,,,,,"","",,,,,,,"","",,,"k",0.713,,"space",0.13,,4,"brown_gnome",4,3,"bright_forest","yellow_basket","red_gnome",4,4,"dark_forest","red_basket",20,0,0,1,"red_gnome","dark_forest","red_basket",1080,1,-1,11,4,92,7,1,"",,,"",,,"",,,"",,,"",,,,,,,"","",,,"",,,"",,,"",,,,,,,"",,,"","",,,,,,,,"",,,,,,,"",,,"","","",,,,,,,,"",,,,,,,
"","","",,"","","","","","","",,"","","","","","","",,"","","","","","","",,"","","","","","","",,"","","","","","","",,"","","","","","","",,"","","","","","","",,"","","","","",473322,1,"2024-05-23_19h03.22.429","experiment","2023.2.3","Win32",62.5,"60241d8be372010009703f80","664f1702f723b1deb64680cb","664f84dbbe54e083251e2ac2","",,,"",,,"",,,"",,,"",,,"",,,"",,,,,"",,,"",,,,"",,,"","","",,,"","",,5,,,,"","","",,,,,,,3,,"",,,"",,,,,,,,,,,"","",,,,,,,"","",,,"s",0.794,,"space",0.135,,3,"purple_gnome",3,3,"dark_forest","red_basket","orange_gnome",3,4,"bright_forest","yellow_basket",15,0,0,1,"purple_gnome","dark_forest","red_basket",1095,-4,-3,11,5,93,6,1,"",,,"",,,"",,,"",,,"",,,,,,,"","",,,"",,,"",,,"",,,,,,,"",,,"","",,,,,,,,"",,,,,,,"",,,"","","",,,,,,,,"",,,,,,,
"","","",,"","","","","","","",,"","","","","","","",,"","","","","","","",,"","","","","","","",,"","","","","","","",,"","","","","","","",,"","","","","","","",,"","","","","",473322,1,"2024-05-23_19h03.22.429","experiment","2023.2.3","Win32",62.5,"60241d8be372010009703f80","664f1702f723b1deb64680cb","664f84dbbe54e083251e2ac2","",,,"",,,"",,,"",,,"",,,"",,,"",,,,,"",,,"",,,,"",,,"","","",,,"","",,5,,,,"","","",,,,,,,1,,"",,,"",,,,,,,,,,,"","",,,,,,,"","",,,"k",0.884,,"space",0.061,,1,"blue_gnome",1,0,"dark_forest","red_basket","green_gnome",1,0,"bright_forest","yellow_basket",0,0,0,1,"green_gnome","bright_forest","yellow_basket",1095,-3,2,11,6,94,4,1,"",,,"",,,"",,,"",,,"",,,,,,,"","",,,"",,,"",,,"",,,,,,,"",,,"","",,,,,,,,"",,,,,,,"",,,"","","",,,,,,,,"",,,,,,,
"","","",,"","","","","","","",,"","","","","","","",,"","","","","","","",,"","","","","","","",,"","","","","","","",,"","","","","","","",,"","","","","","","",,"","","","","",473322,1,"2024-05-23_19h03.22.429","experiment","2023.2.3","Win32",62.5,"60241d8be372010009703f80","664f1702f723b1deb64680cb","664f84dbbe54e083251e2ac2","",,,"",,,"",,,"",,,"",,,"",,,"",,,,,"",,,"",,,,"",,,"","","",,,"","",,1,,,,"","","",,,,,,,1,,"",,,"",,,,,,,,,,,"","",,,,,,,"","",,,"k",0.865,,"space",0.132,,1,"green_gnome",1,3,"bright_forest","yellow_basket","blue_gnome",1,2,"dark_forest","red_basket",2,0,0,1,"blue_gnome","dark_forest","red_basket",1097,-1,0,11,7,95,0,1,"",,,"",,,"",,,"",,,"",,,,,,,"","",,,"",,,"",,,"",,,,,,,"",,,"","",,,,,,,,"",,,,,,,"",,,"","","",,,,,,,,"",,,,,,,
"","","",,"","","","","","","",,"","","","","","","",,"","","","","","","",,"","","","","","","",,"","","","","","","",,"","","","","","","",,"","","","","","","",,"","","","","",473322,1,"2024-05-23_19h03.22.429","experiment","2023.2.3","Win32",62.5,"60241d8be372010009703f80","664f1702f723b1deb64680cb","664f84dbbe54e083251e2ac2","",,,"",,,"",,,"",,,"",,,"",,,"",,,,,"",,,"",,,,"",,,"","","",,,"","",,1,,,,"","","",,,,,,,4,,"",,,"",,,,,,,,,,,"","",,,,,,,"","",,,"k",1.017,,"space",0.104,,4,"brown_gnome",4,2,"bright_forest","yellow_basket","red_gnome",4,2,"dark_forest","red_basket",2,0,0,1,"red_gnome","dark_forest","red_basket",1099,1,-1,12,0,96,3,1,"",,,"",,,"",,,"",,,"",,,,,,,"","",,,"",,,"",,,"",,,,,,,"",,,"","",,,,,,,,"",,,,,,,"",,,"","","",,,,,,,,"",,,,,,,
"","","",,"","","","","","","",,"","","","","","","",,"","","","","","","",,"","","","","","","",,"","","","","","","",,"","","","","","","",,"","","","","","","",,"","","","","",473322,1,"2024-05-23_19h03.22.429","experiment","2023.2.3","Win32",62.5,"60241d8be372010009703f80","664f1702f723b1deb64680cb","664f84dbbe54e083251e2ac2","",,,"",,,"",,,"",,,"",,,"",,,"",,,,,"",,,"",,,,"",,,"","","",,,"","",,1,,,,"","","",,,,,,,1,,"",,,"",,,,,,,,,,,"","",,,,,,,"","",,,"k",1.007,,"space",0.051,,1,"blue_gnome",1,1,"dark_forest","red_basket","green_gnome",1,3,"bright_forest","yellow_basket",3,0,0,1,"green_gnome","bright_forest","yellow_basket",1102,0,-1,12,1,97,0,1,"",,,"",,,"",,,"",,,"",,,,,,,"","",,,"",,,"",,,"",,,,,,,"",,,"","",,,,,,,,"",,,,,,,"",,,"","","",,,,,,,,"",,,,,,,
"","","",,"","","","","","","",,"","","","","","","",,"","","","","","","",,"","","","","","","",,"","","","","","","",,"","","","","","","",,"","","","","","","",,"","","","","",473322,1,"2024-05-23_19h03.22.429","experiment","2023.2.3","Win32",62.5,"60241d8be372010009703f80","664f1702f723b1deb64680cb","664f84dbbe54e083251e2ac2","",,,"",,,"",,,"",,,"",,,"",,,"",,,,,"",,,"",,,,"",,,"","","",,,"","",,5,,,,"","","",,,,,,,4,,"",,,"",,,,,,,,,,,"","",,,,,,,"","",,,"s",0.893,,"space",0.232,,4,"red_gnome",4,0,"dark_forest","red_basket","brown_gnome",4,3,"bright_forest","yellow_basket",0,0,0,1,"red_gnome","dark_forest","red_basket",1102,4,1,12,2,98,7,1,"",,,"",,,"",,,"",,,"",,,,,,,"","",,,"",,,"",,,"",,,,,,,"",,,"","",,,,,,,,"",,,,,,,"",,,"","","",,,,,,,,"",,,,,,,
"","","",,"","","","","","","",,"","","","","","","",,"","","","","","","",,"","","","","","","",,"","","","","","","",,"","","","","","","",,"","","","","","","",,"","","","","",473322,1,"2024-05-23_19h03.22.429","experiment","2023.2.3","Win32",62.5,"60241d8be372010009703f80","664f1702f723b1deb64680cb","664f84dbbe54e083251e2ac2","",,,"",,,"",,,"",,,"",,,"",,,"",,,,,"",,,"",,,,"",,,"","","",,,"","",,1,,,,"","","",,,,,,,1,,"",,,"",,,,,,,,,,,"","",,,,,,,"","",,,"k",0.639,,"space",0.05,,1,"blue_gnome",1,1,"dark_forest","red_basket","green_gnome",1,7,"bright_forest","yellow_basket",7,0,0,1,"green_gnome","bright_forest","yellow_basket",1109,0,-1,12,3,99,0,1,"",,,"",,,"",,,"",,,"",,,,,,,"","",,,"",,,"",,,"",,,,,,,"",,,"","",,,,,,,,"",,,,,,,"",,,"","","",,,,,,,,"",,,,,,,
"","","",,"","","","","","","",,"","","","","","","",,"","","","","","","",,"","","","","","","",,"","","","","","","",,"","","","","","","",,"","","","","","","",,"","","","","",473322,1,"2024-05-23_19h03.22.429","experiment","2023.2.3","Win32",62.5,"60241d8be372010009703f80","664f1702f723b1deb64680cb","664f84dbbe54e083251e2ac2","",,,"",,,"",,,"",,,"",,,"",,,"",,,,,"",,,"",,,,"",,,"","","",,,"","",,1,,,,"","","",,,,,,,4,,"",,,"",,,,,,,,,,,"","",,,,,,,"","",,,"k",0.68,,"space",0.107,,4,"brown_gnome",4,7,"bright_forest","yellow_basket","red_gnome",4,0,"dark_forest","red_basket",0,0,0,1,"red_gnome","dark_forest","red_basket",1109,3,0,12,4,100,3,1,"",,,"",,,"",,,"",,,"",,,,,,,"","",,,"",,,"",,,"",,,,,,,"",,,"","",,,,,,,,"",,,,,,,"",,,"","","",,,,,,,,"",,,,,,,
"","","",,"","","","","","","",,"","","","","","","",,"","","","","","","",,"","","","","","","",,"","","","","","","",,"","","","","","","",,"","","","","","","",,"","","","","",473322,1,"2024-05-23_19h03.22.429","experiment","2023.2.3","Win32",62.5,"60241d8be372010009703f80","664f1702f723b1deb64680cb","664f84dbbe54e083251e2ac2","",,,"",,,"",,,"",,,"",,,"",,,"",,,,,"",,,"",,,,"",,,"","","",,,"","",,5,,,,"","","",,,,,,,3,,"",,,"",,,,,,,,,,,"","",,,,,,,"","",,,"s",0.856,,"space",0.107,,3,"purple_gnome",3,0,"dark_forest","red_basket","orange_gnome",3,8,"bright_forest","yellow_basket",0,0,0,1,"purple_gnome","dark_forest","red_basket",1109,2,0,12,5,101,6,1,"",,,"",,,"",,,"",,,"",,,,,,,"","",,,"",,,"",,,"",,,,,,,"",,,"","",,,,,,,,"",,,,,,,"",,,"","","",,,,,,,,"",,,,,,,
"","","",,"","","","","","","",,"","","","","","","",,"","","","","","","",,"","","","","","","",,"","","","","","","",,"","","","","","","",,"","","","","","","",,"","","","","",473322,1,"2024-05-23_19h03.22.429","experiment","2023.2.3","Win32",62.5,"60241d8be372010009703f80","664f1702f723b1deb64680cb","664f84dbbe54e083251e2ac2","",,,"",,,"",,,"",,,"",,,"",,,"",,,,,"",,,"",,,,"",,,"","","",,,"","",,1,,,,"","","",,,,,,,1,,"",,,"",,,,,,,,,,,"","",,,,,,,"","",,,"k",0.726,,"space",0.152,,1,"blue_gnome",1,0,"dark_forest","red_basket","green_gnome",1,8,"bright_forest","yellow_basket",8,0,0,1,"green_gnome","bright_forest","yellow_basket",1117,-1,1,12,6,102,0,1,"",,,"",,,"",,,"",,,"",,,,,,,"","",,,"",,,"",,,"",,,,,,,"",,,"","",,,,,,,,"",,,,,,,"",,,"","","",,,,,,,,"",,,,,,,
"","","",,"","","","","","","",,"","","","","","","",,"","","","","","","",,"","","","","","","",,"","","","","","","",,"","","","","","","",,"","","","","","","",,"","","","","",473322,1,"2024-05-23_19h03.22.429","experiment","2023.2.3","Win32",62.5,"60241d8be372010009703f80","664f1702f723b1deb64680cb","664f84dbbe54e083251e2ac2","",,,"",,,"",,,"",,,"",,,"",,,"",,,,,"",,,"",,,,"",,,"","","",,,"","",,1,,,,"","","",,,,,,,2,,"",,,"",,,,,,,,,,,"","",,,,,,,"","",,,"k",0.631,,"space",0.098,,2,"pink_gnome",2,1,"dark_forest","red_basket","yellow_gnome",2,7,"bright_forest","yellow_basket",7,0,0,1,"yellow_gnome","bright_forest","yellow_basket",1124,0,-3,12,7,103,1,1,"",,,"",,,"",,,"",,,"",,,,,,,"","",,,"",,,"",,,"",,,,,,,"",,,"","",,,,,,,,"",,,,,,,"",,,"","","",,,,,,,,"",,,,,,,
"","","",,"","","","","","","",,"","","","","","","",,"","","","","","","",,"","","","","","","",,"","","","","","","",,"","","","","","","",,"","","","","","","",,"","","","","",473322,1,"2024-05-23_19h03.22.429","experiment","2023.2.3","Win32",62.5,"60241d8be372010009703f80","664f1702f723b1deb64680cb","664f84dbbe54e083251e2ac2","",,,"",,,"",,,"",,,"",,,"",,,"",,,,,"",,,"",,,,"",,,"","","",,,"","",,1,,,,"","","",,,,,,,3,,"",,,"",,,,,,,,,,,"","",,,,,,,"","",,,"k",0.989,,"space",0.12,,3,"orange_gnome",3,7,"bright_forest","yellow_basket","purple_gnome",3,2,"dark_forest","red_basket",2,0,0,1,"purple_gnome","dark_forest","red_basket",1126,-4,1,13,0,104,2,1,"",,,"",,,"",,,"",,,"",,,,,,,"","",,,"",,,"",,,"",,,,,,,"",,,"","",,,,,,,,"",,,,,,,"",,,"","","",,,,,,,,"",,,,,,,
"","","",,"","","","","","","",,"","","","","","","",,"","","","","","","",,"","","","","","","",,"","","","","","","",,"","","","","","","",,"","","","","","","",,"","","","","",473322,1,"2024-05-23_19h03.22.429","experiment","2023.2.3","Win32",62.5,"60241d8be372010009703f80","664f1702f723b1deb64680cb","664f84dbbe54e083251e2ac2","",,,"",,,"",,,"",,,"",,,"",,,"",,,,,"",,,"",,,,"",,,"","","",,,"","",,1,,,,"","","",,,,,,,4,,"",,,"",,,,,,,,,,,"","",,,,,,,"","",,,"k",0.742,,"space",0.409,,4,"brown_gnome",4,3,"bright_forest","yellow_basket","red_gnome",4,3,"dark_forest","red_basket",3,0,0,1,"red_gnome","dark_forest","red_basket",1129,-2,-4,13,1,105,3,1,"",,,"",,,"",,,"",,,"",,,,,,,"","",,,"",,,"",,,"",,,,,,,"",,,"","",,,,,,,,"",,,,,,,"",,,"","","",,,,,,,,"",,,,,,,
"","","",,"","","","","","","",,"","","","","","","",,"","","","","","","",,"","","","","","","",,"","","","","","","",,"","","","","","","",,"","","","","","","",,"","","","","",473322,1,"2024-05-23_19h03.22.429","experiment","2023.2.3","Win32",62.5,"60241d8be372010009703f80","664f1702f723b1deb64680cb","664f84dbbe54e083251e2ac2","",,,"",,,"",,,"",,,"",,,"",,,"",,,,,"",,,"",,,,"",,,"","","",,,"","",,5,,,,"","","",,,,,,,1,,"",,,"",,,,,,,,,,,"","",,,,,,,"","",,,"s",1.097,,"space",0.122,,1,"green_gnome",1,1,"bright_forest","yellow_basket","blue_gnome",1,1,"dark_forest","red_basket",5,0,0,1,"green_gnome","bright_forest","yellow_basket",1134,1,0,13,2,106,4,1,"",,,"",,,"",,,"",,,"",,,,,,,"","",,,"",,,"",,,"",,,,,,,"",,,"","",,,,,,,,"",,,,,,,"",,,"","","",,,,,,,,"",,,,,,,
"","","",,"","","","","","","",,"","","","","","","",,"","","","","","","",,"","","","","","","",,"","","","","","","",,"","","","","","","",,"","","","","","","",,"","","","","",473322,1,"2024-05-23_19h03.22.429","experiment","2023.2.3","Win32",62.5,"60241d8be372010009703f80","664f1702f723b1deb64680cb","664f84dbbe54e083251e2ac2","",,,"",,,"",,,"",,,"",,,"",,,"",,,,,"",,,"",,,,"",,,"","","",,,"","",,1,,,,"","","",,,,,,,3,,"",,,"",,,,,,,,,,,"","",,,,,,,"","",,,"s",0.748,,"space",0.193,,3,"purple_gnome",3,1,"dark_forest","red_basket","orange_gnome",3,2,"bright_forest","yellow_basket",1,0,0,1,"purple_gnome","dark_forest","red_basket",1135,2,-1,13,3,107,2,1,"",,,"",,,"",,,"",,,"",,,,,,,"","",,,"",,,"",,,"",,,,,,,"",,,"","",,,,,,,,"",,,,,,,"",,,"","","",,,,,,,,"",,,,,,,
"","","",,"","","","","","","",,"","","","","","","",,"","","","","","","",,"","","","","","","",,"","","","","","","",,"","","","","","","",,"","","","","","","",,"","","","","",473322,1,"2024-05-23_19h03.22.429","experiment","2023.2.3","Win32",62.5,"60241d8be372010009703f80","664f1702f723b1deb64680cb","664f84dbbe54e083251e2ac2","",,,"",,,"",,,"",,,"",,,"",,,"",,,,,"",,,"",,,,"",,,"","","",,,"","",,5,,,,"","","",,,,,,,3,,"",,,"",,,,,,,,,,,"","",,,,,,,"","",,,"k",0.725,,"space",0.104,,3,"orange_gnome",3,4,"bright_forest","yellow_basket","purple_gnome",3,0,"dark_forest","red_basket",0,0,0,1,"purple_gnome","dark_forest","red_basket",1135,4,-1,13,4,108,6,1,"",,,"",,,"",,,"",,,"",,,,,,,"","",,,"",,,"",,,"",,,,,,,"",,,"","",,,,,,,,"",,,,,,,"",,,"","","",,,,,,,,"",,,,,,,
"","","",,"","","","","","","",,"","","","","","","",,"","","","","","","",,"","","","","","","",,"","","","","","","",,"","","","","","","",,"","","","","","","",,"","","","","",473322,1,"2024-05-23_19h03.22.429","experiment","2023.2.3","Win32",62.5,"60241d8be372010009703f80","664f1702f723b1deb64680cb","664f84dbbe54e083251e2ac2","",,,"",,,"",,,"",,,"",,,"",,,"",,,,,"",,,"",,,,"",,,"","","",,,"","",,5,,,,"","","",,,,,,,2,,"",,,"",,,,,,,,,,,"","",,,,,,,"","",,,"s",0.841,,"space",0.104,,2,"yellow_gnome",2,8,"bright_forest","yellow_basket","pink_gnome",2,1,"dark_forest","red_basket",40,0,0,1,"yellow_gnome","bright_forest","yellow_basket",1175,-3,1,13,5,109,5,1,"",,,"",,,"",,,"",,,"",,,,,,,"","",,,"",,,"",,,"",,,,,,,"",,,"","",,,,,,,,"",,,,,,,"",,,"","","",,,,,,,,"",,,,,,,
"","","",,"","","","","","","",,"","","","","","","",,"","","","","","","",,"","","","","","","",,"","","","","","","",,"","","","","","","",,"","","","","","","",,"","","","","",473322,1,"2024-05-23_19h03.22.429","experiment","2023.2.3","Win32",62.5,"60241d8be372010009703f80","664f1702f723b1deb64680cb","664f84dbbe54e083251e2ac2","",,,"",,,"",,,"",,,"",,,"",,,"",,,,,"",,,"",,,,"",,,"","","",,,"","",,5,,,,"","","",,,,,,,1,,"",,,"",,,,,,,,,,,"","",,,,,,,"","",,,"s",0.928,,"space",0.265,,1,"green_gnome",1,5,"bright_forest","yellow_basket","blue_gnome",1,2,"dark_forest","red_basket",25,0,0,1,"green_gnome","bright_forest","yellow_basket",1200,1,3,13,6,110,4,1,"",,,"",,,"",,,"",,,"",,,,,,,"","",,,"",,,"",,,"",,,,,,,"",,,"","",,,,,,,,"",,,,,,,"",,,"","","",,,,,,,,"",,,,,,,
"","","",,"","","","","","","",,"","","","","","","",,"","","","","","","",,"","","","","","","",,"","","","","","","",,"","","","","","","",,"","","","","","","",,"","","","","",473322,1,"2024-05-23_19h03.22.429","experiment","2023.2.3","Win32",62.5,"60241d8be372010009703f80","664f1702f723b1deb64680cb","664f84dbbe54e083251e2ac2","",,,"",,,"",,,"",,,"",,,"",,,"",,,,,"",,,"",,,,"",,,"","","",,,"","",,1,,,,"","","",,,,,,,4,,"",,,"",,,,,,,,,,,"","",,,,,,,"","",,,"k",0.771,,"space",0.116,,4,"red_gnome",4,5,"dark_forest","red_basket","brown_gnome",4,6,"bright_forest","yellow_basket",6,0,0,1,"brown_gnome","bright_forest","yellow_basket",1206,0,-3,13,7,111,3,1,"",,,"",,,"",,,"",,,"",,,,,,,"","",,,"",,,"",,,"",,,,,,,"",,,"","",,,,,,,,"",,,,,,,"",,,"","","",,,,,,,,"",,,,,,,
"","","",,"","","","","","","",,"","","","","","","",,"","","","","","","",,"","","","","","","",,"","","","","","","",,"","","","","","","",,"","","","","","","",,"","","","","",473322,1,"2024-05-23_19h03.22.429","experiment","2023.2.3","Win32",62.5,"60241d8be372010009703f80","664f1702f723b1deb64680cb","664f84dbbe54e083251e2ac2","",,,"",,,"",,,"",,,"",,,"",,,"",,,,,"",,,"",,,,"",,,"","","",,,"","",,1,,,,"","","",,,,,,,2,,"",,,"",,,,,,,,,,,"","",,,,,,,"","",,,"k",0.724,,"space",0.088,,2,"yellow_gnome",2,6,"bright_forest","yellow_basket","pink_gnome",2,2,"dark_forest","red_basket",2,0,0,1,"pink_gnome","dark_forest","red_basket",1208,-1,0,14,0,112,1,1,"",,,"",,,"",,,"",,,"",,,,,,,"","",,,"",,,"",,,"",,,,,,,"",,,"","",,,,,,,,"",,,,,,,"",,,"","","",,,,,,,,"",,,,,,,
"","","",,"","","","","","","",,"","","","","","","",,"","","","","","","",,"","","","","","","",,"","","","","","","",,"","","","","","","",,"","","","","","","",,"","","","","",473322,1,"2024-05-23_19h03.22.429","experiment","2023.2.3","Win32",62.5,"60241d8be372010009703f80","664f1702f723b1deb64680cb","664f84dbbe54e083251e2ac2","",,,"",,,"",,,"",,,"",,,"",,,"",,,,,"",,,"",,,,"",,,"","","",,,"","",,5,,,,"","","",,,,,,,4,,"",,,"",,,,,,,,,,,"","",,,,,,,"","",,,"k",0.98,,"space",0.084,,4,"brown_gnome",4,5,"bright_forest","yellow_basket","red_gnome",4,2,"dark_forest","red_basket",10,0,0,1,"red_gnome","dark_forest","red_basket",1218,0,-1,14,1,113,7,1,"",,,"",,,"",,,"",,,"",,,,,,,"","",,,"",,,"",,,"",,,,,,,"",,,"","",,,,,,,,"",,,,,,,"",,,"","","",,,,,,,,"",,,,,,,
"","","",,"","","","","","","",,"","","","","","","",,"","","","","","","",,"","","","","","","",,"","","","","","","",,"","","","","","","",,"","","","","","","",,"","","","","",473322,1,"2024-05-23_19h03.22.429","experiment","2023.2.3","Win32",62.5,"60241d8be372010009703f80","664f1702f723b1deb64680cb","664f84dbbe54e083251e2ac2","",,,"",,,"",,,"",,,"",,,"",,,"",,,,,"",,,"",,,,"",,,"","","",,,"","",,1,,,,"","","",,,,,,,1,,"",,,"",,,,,,,,,,,"","",,,,,,,"","",,,"s",0.884,,"space",0.075,,1,"blue_gnome",1,1,"dark_forest","red_basket","green_gnome",1,5,"bright_forest","yellow_basket",1,0,0,1,"blue_gnome","dark_forest","red_basket",1219,0,-1,14,2,114,0,1,"",,,"",,,"",,,"",,,"",,,,,,,"","",,,"",,,"",,,"",,,,,,,"",,,"","",,,,,,,,"",,,,,,,"",,,"","","",,,,,,,,"",,,,,,,
"","","",,"","","","","","","",,"","","","","","","",,"","","","","","","",,"","","","","","","",,"","","","","","","",,"","","","","","","",,"","","","","","","",,"","","","","",473322,1,"2024-05-23_19h03.22.429","experiment","2023.2.3","Win32",62.5,"60241d8be372010009703f80","664f1702f723b1deb64680cb","664f84dbbe54e083251e2ac2","",,,"",,,"",,,"",,,"",,,"",,,"",,,,,"",,,"",,,,"",,,"","","",,,"","",,5,,,,"","","",,,,,,,3,,"",,,"",,,,,,,,,,,"","",,,,,,,"","",,,"k",0.827,,"space",0.359,,3,"orange_gnome",3,5,"bright_forest","yellow_basket","purple_gnome",3,0,"dark_forest","red_basket",0,0,0,1,"purple_gnome","dark_forest","red_basket",1219,-3,-1,14,3,115,6,1,"",,,"",,,"",,,"",,,"",,,,,,,"","",,,"",,,"",,,"",,,,,,,"",,,"","",,,,,,,,"",,,,,,,"",,,"","","",,,,,,,,"",,,,,,,
"","","",,"","","","","","","",,"","","","","","","",,"","","","","","","",,"","","","","","","",,"","","","","","","",,"","","","","","","",,"","","","","","","",,"","","","","",473322,1,"2024-05-23_19h03.22.429","experiment","2023.2.3","Win32",62.5,"60241d8be372010009703f80","664f1702f723b1deb64680cb","664f84dbbe54e083251e2ac2","",,,"",,,"",,,"",,,"",,,"",,,"",,,,,"",,,"",,,,"",,,"","","",,,"","",,1,,,,"","","",,,,,,,2,,"",,,"",,,,,,,,,,,"","",,,,,,,"","",,,"s",0.995,,"space",0.102,,2,"pink_gnome",2,1,"dark_forest","red_basket","yellow_gnome",2,2,"bright_forest","yellow_basket",1,0,0,1,"pink_gnome","dark_forest","red_basket",1220,0,1,14,4,116,1,1,"",,,"",,,"",,,"",,,"",,,,,,,"","",,,"",,,"",,,"",,,,,,,"",,,"","",,,,,,,,"",,,,,,,"",,,"","","",,,,,,,,"",,,,,,,
"","","",,"","","","","","","",,"","","","","","","",,"","","","","","","",,"","","","","","","",,"","","","","","","",,"","","","","","","",,"","","","","","","",,"","","","","",473322,1,"2024-05-23_19h03.22.429","experiment","2023.2.3","Win32",62.5,"60241d8be372010009703f80","664f1702f723b1deb64680cb","664f84dbbe54e083251e2ac2","",,,"",,,"",,,"",,,"",,,"",,,"",,,,,"",,,"",,,,"",,,"","","",,,"","",,1,,,,"","","",,,,,,,4,,"",,,"",,,,,,,,,,,"","",,,,,,,"","",,,"k",0.618,,"space",0.166,,4,"red_gnome",4,2,"dark_forest","red_basket","brown_gnome",4,2,"bright_forest","yellow_basket",2,0,0,1,"brown_gnome","bright_forest","yellow_basket",1222,2,0,14,5,117,3,1,"",,,"",,,"",,,"",,,"",,,,,,,"","",,,"",,,"",,,"",,,,,,,"",,,"","",,,,,,,,"",,,,,,,"",,,"","","",,,,,,,,"",,,,,,,
"","","",,"","","","","","","",,"","","","","","","",,"","","","","","","",,"","","","","","","",,"","","","","","","",,"","","","","","","",,"","","","","","","",,"","","","","",473322,1,"2024-05-23_19h03.22.429","experiment","2023.2.3","Win32",62.5,"60241d8be372010009703f80","664f1702f723b1deb64680cb","664f84dbbe54e083251e2ac2","",,,"",,,"",,,"",,,"",,,"",,,"",,,,,"",,,"",,,,"",,,"","","",,,"","",,5,,,,"","","",,,,,,,4,,"",,,"",,,,,,,,,,,"","",,,,,,,"","",,,"s",0.674,,"space",0.209,,4,"red_gnome",4,2,"dark_forest","red_basket","brown_gnome",4,4,"bright_forest","yellow_basket",10,0,0,1,"red_gnome","dark_forest","red_basket",1232,0,-1,14,6,118,7,1,"",,,"",,,"",,,"",,,"",,,,,,,"","",,,"",,,"",,,"",,,,,,,"",,,"","",,,,,,,,"",,,,,,,"",,,"","","",,,,,,,,"",,,,,,,
"","","",,"","","","","","","",,"","","","","","","",,"","","","","","","",,"","","","","","","",,"","","","","","","",,"","","","","","","",,"","","","","","","",,"","","","","",473322,1,"2024-05-23_19h03.22.429","experiment","2023.2.3","Win32",62.5,"60241d8be372010009703f80","664f1702f723b1deb64680cb","664f84dbbe54e083251e2ac2","",,,"",,,"",,,"",,,"",,,"",,,"",,,,,"",,,"",,,,"",,,"","","",,,"","",,5,,,,"","","",,,,,,,4,,"",,,"",,,,,,,,,,,"","",,,,,,,"","",,,"s",0.734,,"space",0.161,,4,"red_gnome",4,1,"dark_forest","red_basket","brown_gnome",4,4,"bright_forest","yellow_basket",5,0,0,1,"red_gnome","dark_forest","red_basket",1237,-1,-2,14,7,119,7,1,"",,,"",,,"",,,"",,,"",,,,,,,"","",,,"",,,"",,,"",,,,,,,"",,,"","",,,,,,,,"",,,,,,,"",,,"","","",,,,,,,,"",,,,,,,
"","","",,"","","","","","","",,"","","","","","","",,"","","","","","","",,"","","","","","","",,"","","","","","","",,"","","","","","","",,"","","","","","","",,"","","","","",473322,1,"2024-05-23_19h03.22.429","experiment","2023.2.3","Win32",62.5,"60241d8be372010009703f80","664f1702f723b1deb64680cb","664f84dbbe54e083251e2ac2","",,,"",,,"",,,"",,,"",,,"",,,"",,,,,"",,,"",,,,"",,,"","","",,,"","",,5,,,,"","","",,,,,,,2,,"",,,"",,,,,,,,,,,"","",,,,,,,"","",,,"k",0.529,,"space",0.163,,2,"pink_gnome",2,1,"dark_forest","red_basket","yellow_gnome",2,3,"bright_forest","yellow_basket",15,0,0,1,"yellow_gnome","bright_forest","yellow_basket",1252,1,-1,15,0,120,5,1,"",,,"",,,"",,,"",,,"",,,,,,,"","",,,"",,,"",,,"",,,,,,,"",,,"","",,,,,,,,"",,,,,,,"",,,"","","",,,,,,,,"",,,,,,,
"","","",,"","","","","","","",,"","","","","","","",,"","","","","","","",,"","","","","","","",,"","","","","","","",,"","","","","","","",,"","","","","","","",,"","","","","",473322,1,"2024-05-23_19h03.22.429","experiment","2023.2.3","Win32",62.5,"60241d8be372010009703f80","664f1702f723b1deb64680cb","664f84dbbe54e083251e2ac2","",,,"",,,"",,,"",,,"",,,"",,,"",,,,,"",,,"",,,,"",,,"","","",,,"","",,5,,,,"","","",,,,,,,2,,"",,,"",,,,,,,,,,,"","",,,,,,,"","",,,"s",0.904,,"space",0.213,,2,"yellow_gnome",2,4,"bright_forest","yellow_basket","pink_gnome",2,0,"dark_forest","red_basket",20,0,0,1,"yellow_gnome","bright_forest","yellow_basket",1272,-2,0,15,1,121,5,1,"",,,"",,,"",,,"",,,"",,,,,,,"","",,,"",,,"",,,"",,,,,,,"",,,"","",,,,,,,,"",,,,,,,"",,,"","","",,,,,,,,"",,,,,,,
"","","",,"","","","","","","",,"","","","","","","",,"","","","","","","",,"","","","","","","",,"","","","","","","",,"","","","","","","",,"","","","","","","",,"","","","","",473322,1,"2024-05-23_19h03.22.429","experiment","2023.2.3","Win32",62.5,"60241d8be372010009703f80","664f1702f723b1deb64680cb","664f84dbbe54e083251e2ac2","",,,"",,,"",,,"",,,"",,,"",,,"",,,,,"",,,"",,,,"",,,"","","",,,"","",,5,,,,"","","",,,,,,,3,,"",,,"",,,,,,,,,,,"","",,,,,,,"","",,,"s",0.777,,"space",0.096,,3,"purple_gnome",3,0,"dark_forest","red_basket","orange_gnome",3,2,"bright_forest","yellow_basket",0,0,0,1,"purple_gnome","dark_forest","red_basket",1272,-1,-3,15,2,122,6,1,"",,,"",,,"",,,"",,,"",,,,,,,"","",,,"",,,"",,,"",,,,,,,"",,,"","",,,,,,,,"",,,,,,,"",,,"","","",,,,,,,,"",,,,,,,
"","","",,"","","","","","","",,"","","","","","","",,"","","","","","","",,"","","","","","","",,"","","","","","","",,"","","","","","","",,"","","","","","","",,"","","","","",473322,1,"2024-05-23_19h03.22.429","experiment","2023.2.3","Win32",62.5,"60241d8be372010009703f80","664f1702f723b1deb64680cb","664f84dbbe54e083251e2ac2","",,,"",,,"",,,"",,,"",,,"",,,"",,,,,"",,,"",,,,"",,,"","","",,,"","",,1,,,,"","","",,,,,,,2,,"",,,"",,,,,,,,,,,"","",,,,,,,"","",,,"k",0.597,,"space",0.244,,2,"pink_gnome",2,3,"dark_forest","red_basket","yellow_gnome",2,1,"bright_forest","yellow_basket",1,0,0,1,"yellow_gnome","bright_forest","yellow_basket",1273,3,2,15,3,123,1,1,"",,,"",,,"",,,"",,,"",,,,,,,"","",,,"",,,"",,,"",,,,,,,"",,,"","",,,,,,,,"",,,,,,,"",,,"","","",,,,,,,,"",,,,,,,
"","","",,"","","","","","","",,"","","","","","","",,"","","","","","","",,"","","","","","","",,"","","","","","","",,"","","","","","","",,"","","","","","","",,"","","","","",473322,1,"2024-05-23_19h03.22.429","experiment","2023.2.3","Win32",62.5,"60241d8be372010009703f80","664f1702f723b1deb64680cb","664f84dbbe54e083251e2ac2","",,,"",,,"",,,"",,,"",,,"",,,"",,,,,"",,,"",,,,"",,,"","","",,,"","",,1,,,,"","","",,,,,,,1,,"",,,"",,,,,,,,,,,"","",,,,,,,"","",,,"s",0.612,,"space",0.185,,1,"blue_gnome",1,5,"dark_forest","red_basket","green_gnome",1,4,"bright_forest","yellow_basket",5,0,0,1,"blue_gnome","dark_forest","red_basket",1278,-2,0,15,4,124,0,1,"",,,"",,,"",,,"",,,"",,,,,,,"","",,,"",,,"",,,"",,,,,,,"",,,"","",,,,,,,,"",,,,,,,"",,,"","","",,,,,,,,"",,,,,,,
"","","",,"","","","","","","",,"","","","","","","",,"","","","","","","",,"","","","","","","",,"","","","","","","",,"","","","","","","",,"","","","","","","",,"","","","","",473322,1,"2024-05-23_19h03.22.429","experiment","2023.2.3","Win32",62.5,"60241d8be372010009703f80","664f1702f723b1deb64680cb","664f84dbbe54e083251e2ac2","",,,"",,,"",,,"",,,"",,,"",,,"",,,,,"",,,"",,,,"",,,"","","",,,"","",,1,,,,"","","",,,,,,,2,,"",,,"",,,,,,,,,,,"","",,,,,,,"","",,,"k",0.979,,"space",0.278,,2,"pink_gnome",2,5,"dark_forest","red_basket","yellow_gnome",2,2,"bright_forest","yellow_basket",2,0,0,1,"yellow_gnome","bright_forest","yellow_basket",1280,-1,2,15,5,125,1,1,"",,,"",,,"",,,"",,,"",,,,,,,"","",,,"",,,"",,,"",,,,,,,"",,,"","",,,,,,,,"",,,,,,,"",,,"","","",,,,,,,,"",,,,,,,
"","","",,"","","","","","","",,"","","","","","","",,"","","","","","","",,"","","","","","","",,"","","","","","","",,"","","","","","","",,"","","","","","","",,"","","","","",473322,1,"2024-05-23_19h03.22.429","experiment","2023.2.3","Win32",62.5,"60241d8be372010009703f80","664f1702f723b1deb64680cb","664f84dbbe54e083251e2ac2","",,,"",,,"",,,"",,,"",,,"",,,"",,,,,"",,,"",,,,"",,,"","","",,,"","",,5,,,,"","","",,,,,,,3,,"",,,"",,,,,,,,,,,"","",,,,,,,"","",,,"k",0.954,,"space",0.201,,3,"orange_gnome",3,1,"bright_forest","yellow_basket","purple_gnome",3,7,"dark_forest","red_basket",35,0,0,1,"purple_gnome","dark_forest","red_basket",1315,-2,-3,15,6,126,6,1,"",,,"",,,"",,,"",,,"",,,,,,,"","",,,"",,,"",,,"",,,,,,,"",,,"","",,,,,,,,"",,,,,,,"",,,"","","",,,,,,,,"",,,,,,,
"","","",,"","","","","","","",,"","","","","","","",,"","","","","","","",,"","","","","","","",,"","","","","","","",,"","","","","","","",,"","","","","","","",,"","","","","",473322,1,"2024-05-23_19h03.22.429","experiment","2023.2.3","Win32",62.5,"60241d8be372010009703f80","664f1702f723b1deb64680cb","664f84dbbe54e083251e2ac2","",,,"",,,"",,,"",,,"",,,"",,,"",,,,,"",,,"",,,,"",,,"","","",,,"","",,5,,,,"","","",,,,,,,2,,"",,,"",,,,,,,,,,,"","",,,,,,,"","",,,"k",0.73,,"space",0.131,,2,"pink_gnome",2,4,"dark_forest","red_basket","yellow_gnome",2,1,"bright_forest","yellow_basket",5,0,0,1,"yellow_gnome","bright_forest","yellow_basket",1320,-1,4,15,7,127,5,1,"space",5.266,,"",,,"",,,"",,,"",,,,,,,"","",,,"",,,"",,,"",,,,,,,"",,,"","",,,,,,,,"",,,,,,,"",,,"","","",,,,,,,,"",,,,,,,
"","","",,"","","","","","","",,"","","","","","","",,"","","","","","","",,"","","","","","","",,"","","","","","","",,"","","","","","","",,"","","","","","","",,"","","","","",473322,1,"2024-05-23_19h03.22.429","experiment","2023.2.3","Win32",62.5,"60241d8be372010009703f80","664f1702f723b1deb64680cb","664f84dbbe54e083251e2ac2","",,,"",,,"",,,"",,,"",,,"",,,"",,,,,"",,,"",,,,"",,,"","","",,,"","",,1,,,,"","","",,,,,,,3,,"",,,"",,,,,,,,,,,"","",,,,,,,"","",,,"s",0.833,,"space",0.56,,3,"purple_gnome",3,8,"dark_forest","red_basket","orange_gnome",3,0,"bright_forest","yellow_basket",8,0,0,1,"purple_gnome","dark_forest","red_basket",1328,1,-1,16,0,128,2,1,"",,,"",,,"",,,"",,,"",,,,,,,"","",,,"",,,"",,,"",,,,,,,"",,,"","",,,,,,,,"",,,,,,,"",,,"","","",,,,,,,,"",,,,,,,
"","","",,"","","","","","","",,"","","","","","","",,"","","","","","","",,"","","","","","","",,"","","","","","","",,"","","","","","","",,"","","","","","","",,"","","","","",473322,1,"2024-05-23_19h03.22.429","experiment","2023.2.3","Win32",62.5,"60241d8be372010009703f80","664f1702f723b1deb64680cb","664f84dbbe54e083251e2ac2","",,,"",,,"",,,"",,,"",,,"",,,"",,,,,"",,,"",,,,"",,,"","","",,,"","",,1,,,,"","","",,,,,,,1,,"",,,"",,,,,,,,,,,"","",,,,,,,"","",,,"k",0.553,,"space",0.192,,1,"green_gnome",1,1,"bright_forest","yellow_basket","blue_gnome",1,7,"dark_forest","red_basket",7,0,0,1,"blue_gnome","dark_forest","red_basket",1335,1,1,16,1,129,0,1,"",,,"",,,"",,,"",,,"",,,,,,,"","",,,"",,,"",,,"",,,,,,,"",,,"","",,,,,,,,"",,,,,,,"",,,"","","",,,,,,,,"",,,,,,,
"","","",,"","","","","","","",,"","","","","","","",,"","","","","","","",,"","","","","","","",,"","","","","","","",,"","","","","","","",,"","","","","","","",,"","","","","",473322,1,"2024-05-23_19h03.22.429","experiment","2023.2.3","Win32",62.5,"60241d8be372010009703f80","664f1702f723b1deb64680cb","664f84dbbe54e083251e2ac2","",,,"",,,"",,,"",,,"",,,"",,,"",,,,,"",,,"",,,,"",,,"","","",,,"","",,1,,,,"","","",,,,,,,2,,"",,,"",,,,,,,,,,,"","",,,,,,,"","",,,"k",0.876,,"space",0.202,,2,"yellow_gnome",2,2,"bright_forest","yellow_basket","pink_gnome",2,8,"dark_forest","red_basket",8,0,0,1,"pink_gnome","dark_forest","red_basket",1343,2,-1,16,2,130,1,1,"",,,"",,,"",,,"",,,"",,,,,,,"","",,,"",,,"",,,"",,,,,,,"",,,"","",,,,,,,,"",,,,,,,"",,,"","","",,,,,,,,"",,,,,,,
"","","",,"","","","","","","",,"","","","","","","",,"","","","","","","",,"","","","","","","",,"","","","","","","",,"","","","","","","",,"","","","","","","",,"","","","","",473322,1,"2024-05-23_19h03.22.429","experiment","2023.2.3","Win32",62.5,"60241d8be372010009703f80","664f1702f723b1deb64680cb","664f84dbbe54e083251e2ac2","",,,"",,,"",,,"",,,"",,,"",,,"",,,,,"",,,"",,,,"",,,"","","",,,"","",,1,,,,"","","",,,,,,,4,,"",,,"",,,,,,,,,,,"","",,,,,,,"","",,,"k",0.653,,"space",0.319,,4,"red_gnome",4,7,"dark_forest","red_basket","brown_gnome",4,4,"bright_forest","yellow_basket",4,0,0,1,"brown_gnome","bright_forest","yellow_basket",1347,-1,-1,16,3,131,3,1,"",,,"",,,"",,,"",,,"",,,,,,,"","",,,"",,,"",,,"",,,,,,,"",,,"","",,,,,,,,"",,,,,,,"",,,"","","",,,,,,,,"",,,,,,,
"","","",,"","","","","","","",,"","","","","","","",,"","","","","","","",,"","","","","","","",,"","","","","","","",,"","","","","","","",,"","","","","","","",,"","","","","",473322,1,"2024-05-23_19h03.22.429","experiment","2023.2.3","Win32",62.5,"60241d8be372010009703f80","664f1702f723b1deb64680cb","664f84dbbe54e083251e2ac2","",,,"",,,"",,,"",,,"",,,"",,,"",,,,,"",,,"",,,,"",,,"","","",,,"","",,5,,,,"","","",,,,,,,4,,"",,,"",,,,,,,,,,,"","",,,,,,,"","",,,"s",0.647,,"space",0.222,,4,"brown_gnome",4,3,"bright_forest","yellow_basket","red_gnome",4,6,"dark_forest","red_basket",15,0,0,1,"brown_gnome","bright_forest","yellow_basket",1362,4,-1,16,4,132,7,1,"",,,"",,,"",,,"",,,"",,,,,,,"","",,,"",,,"",,,"",,,,,,,"",,,"","",,,,,,,,"",,,,,,,"",,,"","","",,,,,,,,"",,,,,,,
"","","",,"","","","","","","",,"","","","","","","",,"","","","","","","",,"","","","","","","",,"","","","","","","",,"","","","","","","",,"","","","","","","",,"","","","","",473322,1,"2024-05-23_19h03.22.429","experiment","2023.2.3","Win32",62.5,"60241d8be372010009703f80","664f1702f723b1deb64680cb","664f84dbbe54e083251e2ac2","",,,"",,,"",,,"",,,"",,,"",,,"",,,,,"",,,"",,,,"",,,"","","",,,"","",,5,,,,"","","",,,,,,,1,,"",,,"",,,,,,,,,,,"","",,,,,,,"","",,,"s",0.537,,"space",0.131,,1,"blue_gnome",1,5,"dark_forest","red_basket","green_gnome",1,7,"bright_forest","yellow_basket",25,0,0,1,"blue_gnome","dark_forest","red_basket",1387,-3,-4,16,5,133,4,1,"",,,"",,,"",,,"",,,"",,,,,,,"","",,,"",,,"",,,"",,,,,,,"",,,"","",,,,,,,,"",,,,,,,"",,,"","","",,,,,,,,"",,,,,,,
"","","",,"","","","","","","",,"","","","","","","",,"","","","","","","",,"","","","","","","",,"","","","","","","",,"","","","","","","",,"","","","","","","",,"","","","","",473322,1,"2024-05-23_19h03.22.429","experiment","2023.2.3","Win32",62.5,"60241d8be372010009703f80","664f1702f723b1deb64680cb","664f84dbbe54e083251e2ac2","",,,"",,,"",,,"",,,"",,,"",,,"",,,,,"",,,"",,,,"",,,"","","",,,"","",,5,,,,"","","",,,,,,,1,,"",,,"",,,,,,,,,,,"","",,,,,,,"","",,,"s",0.442,,"space",0.265,,1,"blue_gnome",1,1,"dark_forest","red_basket","green_gnome",1,4,"bright_forest","yellow_basket",5,0,0,1,"blue_gnome","dark_forest","red_basket",1392,3,0,16,6,134,4,1,"",,,"",,,"",,,"",,,"",,,,,,,"","",,,"",,,"",,,"",,,,,,,"",,,"","",,,,,,,,"",,,,,,,"",,,"","","",,,,,,,,"",,,,,,,
"","","",,"","","","","","","",,"","","","","","","",,"","","","","","","",,"","","","","","","",,"","","","","","","",,"","","","","","","",,"","","","","","","",,"","","","","",473322,1,"2024-05-23_19h03.22.429","experiment","2023.2.3","Win32",62.5,"60241d8be372010009703f80","664f1702f723b1deb64680cb","664f84dbbe54e083251e2ac2","",,,"",,,"",,,"",,,"",,,"",,,"",,,,,"",,,"",,,,"",,,"","","",,,"","",,5,,,,"","","",,,,,,,1,,"",,,"",,,,,,,,,,,"","",,,,,,,"","",,,"k",0.409,,"space",0.578,,1,"green_gnome",1,7,"bright_forest","yellow_basket","blue_gnome",1,1,"dark_forest","red_basket",5,0,0,1,"blue_gnome","dark_forest","red_basket",1397,1,-3,16,7,135,4,1,"",,,"",,,"",,,"",,,"",,,,,,,"","",,,"",,,"",,,"",,,,,,,"",,,"","",,,,,,,,"",,,,,,,"",,,"","","",,,,,,,,"",,,,,,,
"","","",,"","","","","","","",,"","","","","","","",,"","","","","","","",,"","","","","","","",,"","","","","","","",,"","","","","","","",,"","","","","","","",,"","","","","",473322,1,"2024-05-23_19h03.22.429","experiment","2023.2.3","Win32",62.5,"60241d8be372010009703f80","664f1702f723b1deb64680cb","664f84dbbe54e083251e2ac2","",,,"",,,"",,,"",,,"",,,"",,,"",,,,,"",,,"",,,,"",,,"","","",,,"","",,5,,,,"","","",,,,,,,2,,"",,,"",,,,,,,,,,,"","",,,,,,,"","",,,"s",0.42,,"space",0.208,,2,"pink_gnome",2,2,"dark_forest","red_basket","yellow_gnome",2,8,"bright_forest","yellow_basket",10,0,0,1,"pink_gnome","dark_forest","red_basket",1407,-2,-2,17,0,136,5,1,"",,,"",,,"",,,"",,,"",,,,,,,"","",,,"",,,"",,,"",,,,,,,"",,,"","",,,,,,,,"",,,,,,,"",,,"","","",,,,,,,,"",,,,,,,
"","","",,"","","","","","","",,"","","","","","","",,"","","","","","","",,"","","","","","","",,"","","","","","","",,"","","","","","","",,"","","","","","","",,"","","","","",473322,1,"2024-05-23_19h03.22.429","experiment","2023.2.3","Win32",62.5,"60241d8be372010009703f80","664f1702f723b1deb64680cb","664f84dbbe54e083251e2ac2","",,,"",,,"",,,"",,,"",,,"",,,"",,,,,"",,,"",,,,"",,,"","","",,,"","",,5,,,,"","","",,,,,,,4,,"",,,"",,,,,,,,,,,"","",,,,,,,"","",,,"k",0.485,,"space",0.599,,4,"red_gnome",4,0,"dark_forest","red_basket","brown_gnome",4,6,"bright_forest","yellow_basket",30,0,0,1,"brown_gnome","bright_forest","yellow_basket",1437,-1,-4,17,1,137,7,1,"",,,"",,,"",,,"",,,"",,,,,,,"","",,,"",,,"",,,"",,,,,,,"",,,"","",,,,,,,,"",,,,,,,"",,,"","","",,,,,,,,"",,,,,,,
"","","",,"","","","","","","",,"","","","","","","",,"","","","","","","",,"","","","","","","",,"","","","","","","",,"","","","","","","",,"","","","","","","",,"","","","","",473322,1,"2024-05-23_19h03.22.429","experiment","2023.2.3","Win32",62.5,"60241d8be372010009703f80","664f1702f723b1deb64680cb","664f84dbbe54e083251e2ac2","",,,"",,,"",,,"",,,"",,,"",,,"",,,,,"",,,"",,,,"",,,"","","",,,"","",,1,,,,"","","",,,,,,,3,,"",,,"",,,,,,,,,,,"","",,,,,,,"","",,,"s",0.479,,"space",0.427,,3,"purple_gnome",3,4,"dark_forest","red_basket","orange_gnome",3,5,"bright_forest","yellow_basket",4,0,0,1,"purple_gnome","dark_forest","red_basket",1441,-1,-3,17,2,138,2,1,"",,,"",,,"",,,"",,,"",,,,,,,"","",,,"",,,"",,,"",,,,,,,"",,,"","",,,,,,,,"",,,,,,,"",,,"","","",,,,,,,,"",,,,,,,
"","","",,"","","","","","","",,"","","","","","","",,"","","","","","","",,"","","","","","","",,"","","","","","","",,"","","","","","","",,"","","","","","","",,"","","","","",473322,1,"2024-05-23_19h03.22.429","experiment","2023.2.3","Win32",62.5,"60241d8be372010009703f80","664f1702f723b1deb64680cb","664f84dbbe54e083251e2ac2","",,,"",,,"",,,"",,,"",,,"",,,"",,,,,"",,,"",,,,"",,,"","","",,,"","",,5,,,,"","","",,,,,,,3,,"",,,"",,,,,,,,,,,"","",,,,,,,"","",,,"k",0.391,,"space",0.239,,3,"orange_gnome",3,4,"bright_forest","yellow_basket","purple_gnome",3,1,"dark_forest","red_basket",5,0,0,1,"purple_gnome","dark_forest","red_basket",1446,0,-2,17,3,139,6,1,"",,,"",,,"",,,"",,,"",,,,,,,"","",,,"",,,"",,,"",,,,,,,"",,,"","",,,,,,,,"",,,,,,,"",,,"","","",,,,,,,,"",,,,,,,
"","","",,"","","","","","","",,"","","","","","","",,"","","","","","","",,"","","","","","","",,"","","","","","","",,"","","","","","","",,"","","","","","","",,"","","","","",473322,1,"2024-05-23_19h03.22.429","experiment","2023.2.3","Win32",62.5,"60241d8be372010009703f80","664f1702f723b1deb64680cb","664f84dbbe54e083251e2ac2","",,,"",,,"",,,"",,,"",,,"",,,"",,,,,"",,,"",,,,"",,,"","","",,,"","",,1,,,,"","","",,,,,,,4,,"",,,"",,,,,,,,,,,"","",,,,,,,"","",,,"s",0.418,,"space",0.134,,4,"brown_gnome",4,4,"bright_forest","yellow_basket","red_gnome",4,1,"dark_forest","red_basket",4,0,0,1,"brown_gnome","bright_forest","yellow_basket",1450,-2,-2,17,4,140,3,1,"",,,"",,,"",,,"",,,"",,,,,,,"","",,,"",,,"",,,"",,,,,,,"",,,"","",,,,,,,,"",,,,,,,"",,,"","","",,,,,,,,"",,,,,,,
"","","",,"","","","","","","",,"","","","","","","",,"","","","","","","",,"","","","","","","",,"","","","","","","",,"","","","","","","",,"","","","","","","",,"","","","","",473322,1,"2024-05-23_19h03.22.429","experiment","2023.2.3","Win32",62.5,"60241d8be372010009703f80","664f1702f723b1deb64680cb","664f84dbbe54e083251e2ac2","",,,"",,,"",,,"",,,"",,,"",,,"",,,,,"",,,"",,,,"",,,"","","",,,"","",,5,,,,"","","",,,,,,,1,,"",,,"",,,,,,,,,,,"","",,,,,,,"","",,,"k",0.357,,"space",0.352,,1,"green_gnome",1,2,"bright_forest","yellow_basket","blue_gnome",1,1,"dark_forest","red_basket",5,0,0,1,"blue_gnome","dark_forest","red_basket",1455,-2,0,17,5,141,4,1,"",,,"",,,"",,,"",,,"",,,,,,,"","",,,"",,,"",,,"",,,,,,,"",,,"","",,,,,,,,"",,,,,,,"",,,"","","",,,,,,,,"",,,,,,,
"","","",,"","","","","","","",,"","","","","","","",,"","","","","","","",,"","","","","","","",,"","","","","","","",,"","","","","","","",,"","","","","","","",,"","","","","",473322,1,"2024-05-23_19h03.22.429","experiment","2023.2.3","Win32",62.5,"60241d8be372010009703f80","664f1702f723b1deb64680cb","664f84dbbe54e083251e2ac2","",,,"",,,"",,,"",,,"",,,"",,,"",,,,,"",,,"",,,,"",,,"","","",,,"","",,1,,,,"","","",,,,,,,3,,"",,,"",,,,,,,,,,,"","",,,,,,,"","",,,"k",0.534,,"space",0.48,,3,"orange_gnome",3,0,"bright_forest","yellow_basket","purple_gnome",3,1,"dark_forest","red_basket",1,0,0,1,"purple_gnome","dark_forest","red_basket",1456,-1,1,17,6,142,2,1,"",,,"",,,"",,,"",,,"",,,,,,,"","",,,"",,,"",,,"",,,,,,,"",,,"","",,,,,,,,"",,,,,,,"",,,"","","",,,,,,,,"",,,,,,,
"","","",,"","","","","","","",,"","","","","","","",,"","","","","","","",,"","","","","","","",,"","","","","","","",,"","","","","","","",,"","","","","","","",,"","","","","",473322,1,"2024-05-23_19h03.22.429","experiment","2023.2.3","Win32",62.5,"60241d8be372010009703f80","664f1702f723b1deb64680cb","664f84dbbe54e083251e2ac2","",,,"",,,"",,,"",,,"",,,"",,,"",,,,,"",,,"",,,,"",,,"","","",,,"","",,5,,,,"","","",,,,,,,2,,"",,,"",,,,,,,,,,,"","",,,,,,,"","",,,"k",0.519,,"space",0.171,,2,"pink_gnome",2,2,"dark_forest","red_basket","yellow_gnome",2,1,"bright_forest","yellow_basket",5,0,0,1,"yellow_gnome","bright_forest","yellow_basket",1461,2,1,17,7,143,5,1,"",,,"",,,"",,,"",,,"",,,,,,,"","",,,"",,,"",,,"",,,,,,,"",,,"","",,,,,,,,"",,,,,,,"",,,"","","",,,,,,,,"",,,,,,,
"","","",,"","","","","","","",,"","","","","","","",,"","","","","","","",,"","","","","","","",,"","","","","","","",,"","","","","","","",,"","","","","","","",,"","","","","",473322,1,"2024-05-23_19h03.22.429","experiment","2023.2.3","Win32",62.5,"60241d8be372010009703f80","664f1702f723b1deb64680cb","664f84dbbe54e083251e2ac2","",,,"",,,"",,,"",,,"",,,"",,,"",,,,,"",,,"",,,,"",,,"","","",,,"","",,5,,,,"","","",,,,,,,1,,"",,,"",,,,,,,,,,,"","",,,,,,,"","",,,"s",0.539,,"space",0.326,,1,"blue_gnome",1,3,"dark_forest","red_basket","green_gnome",1,3,"bright_forest","yellow_basket",15,0,0,1,"blue_gnome","dark_forest","red_basket",1476,0,-2,18,0,144,4,1,"",,,"",,,"",,,"",,,"",,,,,,,"","",,,"",,,"",,,"",,,,,,,"",,,"","",,,,,,,,"",,,,,,,"",,,"","","",,,,,,,,"",,,,,,,
"","","",,"","","","","","","",,"","","","","","","",,"","","","","","","",,"","","","","","","",,"","","","","","","",,"","","","","","","",,"","","","","","","",,"","","","","",473322,1,"2024-05-23_19h03.22.429","experiment","2023.2.3","Win32",62.5,"60241d8be372010009703f80","664f1702f723b1deb64680cb","664f84dbbe54e083251e2ac2","",,,"",,,"",,,"",,,"",,,"",,,"",,,,,"",,,"",,,,"",,,"","","",,,"","",,5,,,,"","","",,,,,,,1,,"",,,"",,,,,,,,,,,"","",,,,,,,"","",,,"k",0.455,,"space",0.231,,1,"green_gnome",1,3,"bright_forest","yellow_basket","blue_gnome",1,1,"dark_forest","red_basket",5,0,0,1,"blue_gnome","dark_forest","red_basket",1481,-2,-2,18,1,145,4,1,"",,,"",,,"",,,"",,,"",,,,,,,"","",,,"",,,"",,,"",,,,,,,"",,,"","",,,,,,,,"",,,,,,,"",,,"","","",,,,,,,,"",,,,,,,
"","","",,"","","","","","","",,"","","","","","","",,"","","","","","","",,"","","","","","","",,"","","","","","","",,"","","","","","","",,"","","","","","","",,"","","","","",473322,1,"2024-05-23_19h03.22.429","experiment","2023.2.3","Win32",62.5,"60241d8be372010009703f80","664f1702f723b1deb64680cb","664f84dbbe54e083251e2ac2","",,,"",,,"",,,"",,,"",,,"",,,"",,,,,"",,,"",,,,"",,,"","","",,,"","",,5,,,,"","","",,,,,,,2,,"",,,"",,,,,,,,,,,"","",,,,,,,"","",,,"k",0.441,,"space",0.146,,2,"yellow_gnome",2,1,"bright_forest","yellow_basket","pink_gnome",2,1,"dark_forest","red_basket",5,0,0,1,"pink_gnome","dark_forest","red_basket",1486,1,-1,18,2,146,5,1,"",,,"",,,"",,,"",,,"",,,,,,,"","",,,"",,,"",,,"",,,,,,,"",,,"","",,,,,,,,"",,,,,,,"",,,"","","",,,,,,,,"",,,,,,,
"","","",,"","","","","","","",,"","","","","","","",,"","","","","","","",,"","","","","","","",,"","","","","","","",,"","","","","","","",,"","","","","","","",,"","","","","",473322,1,"2024-05-23_19h03.22.429","experiment","2023.2.3","Win32",62.5,"60241d8be372010009703f80","664f1702f723b1deb64680cb","664f84dbbe54e083251e2ac2","",,,"",,,"",,,"",,,"",,,"",,,"",,,,,"",,,"",,,,"",,,"","","",,,"","",,1,,,,"","","",,,,,,,2,,"",,,"",,,,,,,,,,,"","",,,,,,,"","",,,"s",0.474,,"space",0.253,,2,"pink_gnome",2,0,"dark_forest","red_basket","yellow_gnome",2,2,"bright_forest","yellow_basket",0,0,0,1,"pink_gnome","dark_forest","red_basket",1486,2,-2,18,3,147,1,1,"",,,"",,,"",,,"",,,"",,,,,,,"","",,,"",,,"",,,"",,,,,,,"",,,"","",,,,,,,,"",,,,,,,"",,,"","","",,,,,,,,"",,,,,,,
"","","",,"","","","","","","",,"","","","","","","",,"","","","","","","",,"","","","","","","",,"","","","","","","",,"","","","","","","",,"","","","","","","",,"","","","","",473322,1,"2024-05-23_19h03.22.429","experiment","2023.2.3","Win32",62.5,"60241d8be372010009703f80","664f1702f723b1deb64680cb","664f84dbbe54e083251e2ac2","",,,"",,,"",,,"",,,"",,,"",,,"",,,,,"",,,"",,,,"",,,"","","",,,"","",,1,,,,"","","",,,,,,,3,,"",,,"",,,,,,,,,,,"","",,,,,,,"","",,,"k",0.485,,"space",0.128,,3,"orange_gnome",3,4,"bright_forest","yellow_basket","purple_gnome",3,2,"dark_forest","red_basket",2,0,0,1,"purple_gnome","dark_forest","red_basket",1488,2,2,18,4,148,2,1,"",,,"",,,"",,,"",,,"",,,,,,,"","",,,"",,,"",,,"",,,,,,,"",,,"","",,,,,,,,"",,,,,,,"",,,"","","",,,,,,,,"",,,,,,,
"","","",,"","","","","","","",,"","","","","","","",,"","","","","","","",,"","","","","","","",,"","","","","","","",,"","","","","","","",,"","","","","","","",,"","","","","",473322,1,"2024-05-23_19h03.22.429","experiment","2023.2.3","Win32",62.5,"60241d8be372010009703f80","664f1702f723b1deb64680cb","664f84dbbe54e083251e2ac2","",,,"",,,"",,,"",,,"",,,"",,,"",,,,,"",,,"",,,,"",,,"","","",,,"","",,5,,,,"","","",,,,,,,4,,"",,,"",,,,,,,,,,,"","",,,,,,,"","",,,"s",0.486,,"space",0.17,,4,"brown_gnome",4,6,"bright_forest","yellow_basket","red_gnome",4,4,"dark_forest","red_basket",30,0,0,1,"brown_gnome","bright_forest","yellow_basket",1518,-2,-2,18,5,149,7,1,"",,,"",,,"",,,"",,,"",,,,,,,"","",,,"",,,"",,,"",,,,,,,"",,,"","",,,,,,,,"",,,,,,,"",,,"","","",,,,,,,,"",,,,,,,
"","","",,"","","","","","","",,"","","","","","","",,"","","","","","","",,"","","","","","","",,"","","","","","","",,"","","","","","","",,"","","","","","","",,"","","","","",473322,1,"2024-05-23_19h03.22.429","experiment","2023.2.3","Win32",62.5,"60241d8be372010009703f80","664f1702f723b1deb64680cb","664f84dbbe54e083251e2ac2","",,,"",,,"",,,"",,,"",,,"",,,"",,,,,"",,,"",,,,"",,,"","","",,,"","",,1,,,,"","","",,,,,,,2,,"",,,"",,,,,,,,,,,"","",,,,,,,"","",,,"k",0.451,,"space",0.567,,2,"yellow_gnome",2,4,"bright_forest","yellow_basket","pink_gnome",2,2,"dark_forest","red_basket",2,0,0,1,"pink_gnome","dark_forest","red_basket",1520,4,2,18,6,150,1,1,"",,,"",,,"",,,"",,,"",,,,,,,"","",,,"",,,"",,,"",,,,,,,"",,,"","",,,,,,,,"",,,,,,,"",,,"","","",,,,,,,,"",,,,,,,
"","","",,"","","","","","","",,"","","","","","","",,"","","","","","","",,"","","","","","","",,"","","","","","","",,"","","","","","","",,"","","","","","","",,"","","","","",473322,1,"2024-05-23_19h03.22.429","experiment","2023.2.3","Win32",62.5,"60241d8be372010009703f80","664f1702f723b1deb64680cb","664f84dbbe54e083251e2ac2","",,,"",,,"",,,"",,,"",,,"",,,"",,,,,"",,,"",,,,"",,,"","","",,,"","",,1,,,,"","","",,,,,,,2,,"",,,"",,,,,,,,,,,"","",,,,,,,"","",,,"s",0.534,,"space",0.219,,2,"pink_gnome",2,4,"dark_forest","red_basket","yellow_gnome",2,8,"bright_forest","yellow_basket",4,0,0,1,"pink_gnome","dark_forest","red_basket",1524,-1,-3,18,7,151,1,1,"",,,"",,,"",,,"",,,"",,,,,,,"","",,,"",,,"",,,"",,,,,,,"",,,"","",,,,,,,,"",,,,,,,"",,,"","","",,,,,,,,"",,,,,,,
"","","",,"","","","","","","",,"","","","","","","",,"","","","","","","",,"","","","","","","",,"","","","","","","",,"","","","","","","",,"","","","","","","",,"","","","","",473322,1,"2024-05-23_19h03.22.429","experiment","2023.2.3","Win32",62.5,"60241d8be372010009703f80","664f1702f723b1deb64680cb","664f84dbbe54e083251e2ac2","",,,"",,,"",,,"",,,"",,,"",,,"",,,,,"",,,"",,,,"",,,"","","",,,"","",,5,,,,"","","",,,,,,,4,,"",,,"",,,,,,,,,,,"","",,,,,,,"","",,,"s",0.485,,"space",0.114,,4,"brown_gnome",4,7,"bright_forest","yellow_basket","red_gnome",4,1,"dark_forest","red_basket",35,0,0,1,"brown_gnome","bright_forest","yellow_basket",1559,2,-1,19,0,152,7,1,"",,,"",,,"",,,"",,,"",,,,,,,"","",,,"",,,"",,,"",,,,,,,"",,,"","",,,,,,,,"",,,,,,,"",,,"","","",,,,,,,,"",,,,,,,
"","","",,"","","","","","","",,"","","","","","","",,"","","","","","","",,"","","","","","","",,"","","","","","","",,"","","","","","","",,"","","","","","","",,"","","","","",473322,1,"2024-05-23_19h03.22.429","experiment","2023.2.3","Win32",62.5,"60241d8be372010009703f80","664f1702f723b1deb64680cb","664f84dbbe54e083251e2ac2","",,,"",,,"",,,"",,,"",,,"",,,"",,,,,"",,,"",,,,"",,,"","","",,,"","",,1,,,,"","","",,,,,,,3,,"",,,"",,,,,,,,,,,"","",,,,,,,"","",,,"k",0.368,,"space",0.235,,3,"orange_gnome",3,9,"bright_forest","yellow_basket","purple_gnome",3,0,"dark_forest","red_basket",0,0,0,1,"purple_gnome","dark_forest","red_basket",1559,-1,-1,19,1,153,2,1,"",,,"",,,"",,,"",,,"",,,,,,,"","",,,"",,,"",,,"",,,,,,,"",,,"","",,,,,,,,"",,,,,,,"",,,"","","",,,,,,,,"",,,,,,,
"","","",,"","","","","","","",,"","","","","","","",,"","","","","","","",,"","","","","","","",,"","","","","","","",,"","","","","","","",,"","","","","","","",,"","","","","",473322,1,"2024-05-23_19h03.22.429","experiment","2023.2.3","Win32",62.5,"60241d8be372010009703f80","664f1702f723b1deb64680cb","664f84dbbe54e083251e2ac2","",,,"",,,"",,,"",,,"",,,"",,,"",,,,,"",,,"",,,,"",,,"","","",,,"","",,5,,,,"","","",,,,,,,1,,"",,,"",,,,,,,,,,,"","",,,,,,,"","",,,"s",0.437,,"space",0.331,,1,"blue_gnome",1,1,"dark_forest","red_basket","green_gnome",1,8,"bright_forest","yellow_basket",5,0,0,1,"blue_gnome","dark_forest","red_basket",1564,-3,-4,19,2,154,4,1,"",,,"",,,"",,,"",,,"",,,,,,,"","",,,"",,,"",,,"",,,,,,,"",,,"","",,,,,,,,"",,,,,,,"",,,"","","",,,,,,,,"",,,,,,,
"","","",,"","","","","","","",,"","","","","","","",,"","","","","","","",,"","","","","","","",,"","","","","","","",,"","","","","","","",,"","","","","","","",,"","","","","",473322,1,"2024-05-23_19h03.22.429","experiment","2023.2.3","Win32",62.5,"60241d8be372010009703f80","664f1702f723b1deb64680cb","664f84dbbe54e083251e2ac2","",,,"",,,"",,,"",,,"",,,"",,,"",,,,,"",,,"",,,,"",,,"","","",,,"","",,5,,,,"","","",,,,,,,2,,"",,,"",,,,,,,,,,,"","",,,,,,,"","",,,"k",0.558,,"space",0.551,,2,"yellow_gnome",2,5,"bright_forest","yellow_basket","pink_gnome",2,3,"dark_forest","red_basket",15,0,0,1,"pink_gnome","dark_forest","red_basket",1579,-1,-2,19,3,155,5,1,"",,,"",,,"",,,"",,,"",,,,,,,"","",,,"",,,"",,,"",,,,,,,"",,,"","",,,,,,,,"",,,,,,,"",,,"","","",,,,,,,,"",,,,,,,
"","","",,"","","","","","","",,"","","","","","","",,"","","","","","","",,"","","","","","","",,"","","","","","","",,"","","","","","","",,"","","","","","","",,"","","","","",473322,1,"2024-05-23_19h03.22.429","experiment","2023.2.3","Win32",62.5,"60241d8be372010009703f80","664f1702f723b1deb64680cb","664f84dbbe54e083251e2ac2","",,,"",,,"",,,"",,,"",,,"",,,"",,,,,"",,,"",,,,"",,,"","","",,,"","",,5,,,,"","","",,,,,,,3,,"",,,"",,,,,,,,,,,"","",,,,,,,"","",,,"k",0.509,,"space",0.225,,3,"orange_gnome",3,4,"bright_forest","yellow_basket","purple_gnome",3,1,"dark_forest","red_basket",5,0,0,1,"purple_gnome","dark_forest","red_basket",1584,2,-1,19,4,156,6,1,"",,,"",,,"",,,"",,,"",,,,,,,"","",,,"",,,"",,,"",,,,,,,"",,,"","",,,,,,,,"",,,,,,,"",,,"","","",,,,,,,,"",,,,,,,
"","","",,"","","","","","","",,"","","","","","","",,"","","","","","","",,"","","","","","","",,"","","","","","","",,"","","","","","","",,"","","","","","","",,"","","","","",473322,1,"2024-05-23_19h03.22.429","experiment","2023.2.3","Win32",62.5,"60241d8be372010009703f80","664f1702f723b1deb64680cb","664f84dbbe54e083251e2ac2","",,,"",,,"",,,"",,,"",,,"",,,"",,,,,"",,,"",,,,"",,,"","","",,,"","",,5,,,,"","","",,,,,,,4,,"",,,"",,,,,,,,,,,"","",,,,,,,"","",,,"k",0.68,,"space",0.113,,4,"brown_gnome",4,6,"bright_forest","yellow_basket","red_gnome",4,0,"dark_forest","red_basket",0,0,0,1,"red_gnome","dark_forest","red_basket",1584,0,-1,19,5,157,7,1,"",,,"",,,"",,,"",,,"",,,,,,,"","",,,"",,,"",,,"",,,,,,,"",,,"","",,,,,,,,"",,,,,,,"",,,"","","",,,,,,,,"",,,,,,,
"","","",,"","","","","","","",,"","","","","","","",,"","","","","","","",,"","","","","","","",,"","","","","","","",,"","","","","","","",,"","","","","","","",,"","","","","",473322,1,"2024-05-23_19h03.22.429","experiment","2023.2.3","Win32",62.5,"60241d8be372010009703f80","664f1702f723b1deb64680cb","664f84dbbe54e083251e2ac2","",,,"",,,"",,,"",,,"",,,"",,,"",,,,,"",,,"",,,,"",,,"","","",,,"","",,5,,,,"","","",,,,,,,3,,"",,,"",,,,,,,,,,,"","",,,,,,,"","",,,"s",0.692,,"space",0.092,,3,"purple_gnome",3,1,"dark_forest","red_basket","orange_gnome",3,6,"bright_forest","yellow_basket",5,0,0,1,"purple_gnome","dark_forest","red_basket",1589,2,-4,19,6,158,6,1,"",,,"",,,"",,,"",,,"",,,,,,,"","",,,"",,,"",,,"",,,,,,,"",,,"","",,,,,,,,"",,,,,,,"",,,"","","",,,,,,,,"",,,,,,,
"","","",,"","","","","","","",,"","","","","","","",,"","","","","","","",,"","","","","","","",,"","","","","","","",,"","","","","","","",,"","","","","","","",,"","","","","",473322,1,"2024-05-23_19h03.22.429","experiment","2023.2.3","Win32",62.5,"60241d8be372010009703f80","664f1702f723b1deb64680cb","664f84dbbe54e083251e2ac2","",,,"",,,"",,,"",,,"",,,"",,,"",,,,,"",,,"",,,,"",,,"","","",,,"","",,5,,,,"","","",,,,,,,4,,"",,,"",,,,,,,,,,,"","",,,,,,,"","",,,"s",0.424,,"space",0.102,,4,"brown_gnome",4,8,"bright_forest","yellow_basket","red_gnome",4,3,"dark_forest","red_basket",40,0,0,1,"brown_gnome","bright_forest","yellow_basket",1629,1,-1,19,7,159,7,1,"",,,"",,,"",,,"",,,"",,,,,,,"","",,,"",,,"",,,"",,,,,,,"",,,"","",,,,,,,,"",,,,,,,"",,,"","","",,,,,,,,"",,,,,,,
"","","",,"","","","","","","",,"","","","","","","",,"","","","","","","",,"","","","","","","",,"","","","","","","",,"","","","","","","",,"","","","","","","",,"","","","","",473322,1,"2024-05-23_19h03.22.429","experiment","2023.2.3","Win32",62.5,"60241d8be372010009703f80","664f1702f723b1deb64680cb","664f84dbbe54e083251e2ac2","",,,"",,,"",,,"",,,"",,,"",,,"",,,,,"",,,"",,,,"",,,"","","",,,"","",,5,,,,"","","",,,,,,,4,,"",,,"",,,,,,,,,,,"","",,,,,,,"","",,,"k",0.48,,"space",0.048,,4,"red_gnome",4,2,"dark_forest","red_basket","brown_gnome",4,9,"bright_forest","yellow_basket",45,0,0,1,"brown_gnome","bright_forest","yellow_basket",1674,-3,3,20,0,160,7,1,"",,,"",,,"",,,"",,,"",,,,,,,"","",,,"",,,"",,,"",,,,,,,"",,,"","",,,,,,,,"",,,,,,,"",,,"","","",,,,,,,,"",,,,,,,
"","","",,"","","","","","","",,"","","","","","","",,"","","","","","","",,"","","","","","","",,"","","","","","","",,"","","","","","","",,"","","","","","","",,"","","","","",473322,1,"2024-05-23_19h03.22.429","experiment","2023.2.3","Win32",62.5,"60241d8be372010009703f80","664f1702f723b1deb64680cb","664f84dbbe54e083251e2ac2","",,,"",,,"",,,"",,,"",,,"",,,"",,,,,"",,,"",,,,"",,,"","","",,,"","",,5,,,,"","","",,,,,,,3,,"",,,"",,,,,,,,,,,"","",,,,,,,"","",,,"s",0.44,,"space",0.168,,3,"purple_gnome",3,5,"dark_forest","red_basket","orange_gnome",3,6,"bright_forest","yellow_basket",25,0,0,1,"purple_gnome","dark_forest","red_basket",1699,0,2,20,1,161,6,1,"",,,"",,,"",,,"",,,"",,,,,,,"","",,,"",,,"",,,"",,,,,,,"",,,"","",,,,,,,,"",,,,,,,"",,,"","","",,,,,,,,"",,,,,,,
"","","",,"","","","","","","",,"","","","","","","",,"","","","","","","",,"","","","","","","",,"","","","","","","",,"","","","","","","",,"","","","","","","",,"","","","","",473322,1,"2024-05-23_19h03.22.429","experiment","2023.2.3","Win32",62.5,"60241d8be372010009703f80","664f1702f723b1deb64680cb","664f84dbbe54e083251e2ac2","",,,"",,,"",,,"",,,"",,,"",,,"",,,,,"",,,"",,,,"",,,"","","",,,"","",,1,,,,"","","",,,,,,,2,,"",,,"",,,,,,,,,,,"","",,,,,,,"","",,,"s",0.519,,"space",0.186,,2,"pink_gnome",2,7,"dark_forest","red_basket","yellow_gnome",2,6,"bright_forest","yellow_basket",7,0,0,1,"pink_gnome","dark_forest","red_basket",1706,1,2,20,2,162,1,1,"",,,"",,,"",,,"",,,"",,,,,,,"","",,,"",,,"",,,"",,,,,,,"",,,"","",,,,,,,,"",,,,,,,"",,,"","","",,,,,,,,"",,,,,,,
"","","",,"","","","","","","",,"","","","","","","",,"","","","","","","",,"","","","","","","",,"","","","","","","",,"","","","","","","",,"","","","","","","",,"","","","","",473322,1,"2024-05-23_19h03.22.429","experiment","2023.2.3","Win32",62.5,"60241d8be372010009703f80","664f1702f723b1deb64680cb","664f84dbbe54e083251e2ac2","",,,"",,,"",,,"",,,"",,,"",,,"",,,,,"",,,"",,,,"",,,"","","",,,"","",,5,,,,"","","",,,,,,,2,,"",,,"",,,,,,,,,,,"","",,,,,,,"","",,,"k",0.368,,"space",0.036,,2,"yellow_gnome",2,7,"bright_forest","yellow_basket","pink_gnome",2,9,"dark_forest","red_basket",45,0,0,1,"pink_gnome","dark_forest","red_basket",1751,2,1,20,3,163,5,1,"",,,"",,,"",,,"",,,"",,,,,,,"","",,,"",,,"",,,"",,,,,,,"",,,"","",,,,,,,,"",,,,,,,"",,,"","","",,,,,,,,"",,,,,,,
"","","",,"","","","","","","",,"","","","","","","",,"","","","","","","",,"","","","","","","",,"","","","","","","",,"","","","","","","",,"","","","","","","",,"","","","","",473322,1,"2024-05-23_19h03.22.429","experiment","2023.2.3","Win32",62.5,"60241d8be372010009703f80","664f1702f723b1deb64680cb","664f84dbbe54e083251e2ac2","",,,"",,,"",,,"",,,"",,,"",,,"",,,,,"",,,"",,,,"",,,"","","",,,"","",,5,,,,"","","",,,,,,,1,,"",,,"",,,,,,,,,,,"","",,,,,,,"","",,,"k",0.391,,"space",0.017,,1,"green_gnome",1,9,"bright_forest","yellow_basket","blue_gnome",1,8,"dark_forest","red_basket",40,0,0,1,"blue_gnome","dark_forest","red_basket",1791,0,1,20,4,164,4,1,"",,,"",,,"",,,"",,,"",,,,,,,"","",,,"",,,"",,,"",,,,,,,"",,,"","",,,,,,,,"",,,,,,,"",,,"","","",,,,,,,,"",,,,,,,
"","","",,"","","","","","","",,"","","","","","","",,"","","","","","","",,"","","","","","","",,"","","","","","","",,"","","","","","","",,"","","","","","","",,"","","","","",473322,1,"2024-05-23_19h03.22.429","experiment","2023.2.3","Win32",62.5,"60241d8be372010009703f80","664f1702f723b1deb64680cb","664f84dbbe54e083251e2ac2","",,,"",,,"",,,"",,,"",,,"",,,"",,,,,"",,,"",,,,"",,,"","","",,,"","",,1,,,,"","","",,,,,,,1,,"",,,"",,,,,,,,,,,"","",,,,,,,"","",,,"k",0.382,,"space",0.166,,1,"green_gnome",1,9,"bright_forest","yellow_basket","blue_gnome",1,9,"dark_forest","red_basket",9,0,0,1,"blue_gnome","dark_forest","red_basket",1800,2,0,20,5,165,0,1,"",,,"",,,"",,,"",,,"",,,,,,,"","",,,"",,,"",,,"",,,,,,,"",,,"","",,,,,,,,"",,,,,,,"",,,"","","",,,,,,,,"",,,,,,,
"","","",,"","","","","","","",,"","","","","","","",,"","","","","","","",,"","","","","","","",,"","","","","","","",,"","","","","","","",,"","","","","","","",,"","","","","",473322,1,"2024-05-23_19h03.22.429","experiment","2023.2.3","Win32",62.5,"60241d8be372010009703f80","664f1702f723b1deb64680cb","664f84dbbe54e083251e2ac2","",,,"",,,"",,,"",,,"",,,"",,,"",,,,,"",,,"",,,,"",,,"","","",,,"","",,1,,,,"","","",,,,,,,3,,"",,,"",,,,,,,,,,,"","",,,,,,,"","",,,"s",0.454,,"space",0.23,,3,"purple_gnome",3,9,"dark_forest","red_basket","orange_gnome",3,7,"bright_forest","yellow_basket",9,0,0,1,"purple_gnome","dark_forest","red_basket",1809,2,2,20,6,166,2,1,"",,,"",,,"",,,"",,,"",,,,,,,"","",,,"",,,"",,,"",,,,,,,"",,,"","",,,,,,,,"",,,,,,,"",,,"","","",,,,,,,,"",,,,,,,
"","","",,"","","","","","","",,"","","","","","","",,"","","","","","","",,"","","","","","","",,"","","","","","","",,"","","","","","","",,"","","","","","","",,"","","","","",473322,1,"2024-05-23_19h03.22.429","experiment","2023.2.3","Win32",62.5,"60241d8be372010009703f80","664f1702f723b1deb64680cb","664f84dbbe54e083251e2ac2","",,,"",,,"",,,"",,,"",,,"",,,"",,,,,"",,,"",,,,"",,,"","","",,,"","",,5,,,,"","","",,,,,,,3,,"",,,"",,,,,,,,,,,"","",,,,,,,"","",,,"s",0.509,,"space",0.209,,3,"purple_gnome",3,7,"dark_forest","red_basket","orange_gnome",3,9,"bright_forest","yellow_basket",35,0,0,1,"purple_gnome","dark_forest","red_basket",1844,1,1,20,7,167,6,1,"",,,"",,,"",,,"",,,"",,,,,,,"","",,,"",,,"",,,"",,,,,,,"",,,"","",,,,,,,,"",,,,,,,"",,,"","","",,,,,,,,"",,,,,,,
"","","",,"","","","","","","",,"","","","","","","",,"","","","","","","",,"","","","","","","",,"","","","","","","",,"","","","","","","",,"","","","","","","",,"","","","","",473322,1,"2024-05-23_19h03.22.429","experiment","2023.2.3","Win32",62.5,"60241d8be372010009703f80","664f1702f723b1deb64680cb","664f84dbbe54e083251e2ac2","",,,"",,,"",,,"",,,"",,,"",,,"",,,,,"",,,"",,,,"",,,"","","",,,"","",,1,,,,"","","",,,,,,,3,,"",,,"",,,,,,,,,,,"","",,,,,,,"","",,,"s",0.389,,"space",0.232,,3,"purple_gnome",3,8,"dark_forest","red_basket","orange_gnome",3,8,"bright_forest","yellow_basket",8,0,0,1,"purple_gnome","dark_forest","red_basket",1852,0,-1,21,0,168,2,1,"",,,"",,,"",,,"",,,"",,,,,,,"","",,,"",,,"",,,"",,,,,,,"",,,"","",,,,,,,,"",,,,,,,"",,,"","","",,,,,,,,"",,,,,,,
"","","",,"","","","","","","",,"","","","","","","",,"","","","","","","",,"","","","","","","",,"","","","","","","",,"","","","","","","",,"","","","","","","",,"","","","","",473322,1,"2024-05-23_19h03.22.429","experiment","2023.2.3","Win32",62.5,"60241d8be372010009703f80","664f1702f723b1deb64680cb","664f84dbbe54e083251e2ac2","",,,"",,,"",,,"",,,"",,,"",,,"",,,,,"",,,"",,,,"",,,"","","",,,"","",,1,,,,"","","",,,,,,,3,,"",,,"",,,,,,,,,,,"","",,,,,,,"","",,,"s",0.408,,"space",0.244,,3,"purple_gnome",3,7,"dark_forest","red_basket","orange_gnome",3,8,"bright_forest","yellow_basket",7,0,0,1,"purple_gnome","dark_forest","red_basket",1859,-3,1,21,1,169,2,1,"",,,"",,,"",,,"",,,"",,,,,,,"","",,,"",,,"",,,"",,,,,,,"",,,"","",,,,,,,,"",,,,,,,"",,,"","","",,,,,,,,"",,,,,,,
"","","",,"","","","","","","",,"","","","","","","",,"","","","","","","",,"","","","","","","",,"","","","","","","",,"","","","","","","",,"","","","","","","",,"","","","","",473322,1,"2024-05-23_19h03.22.429","experiment","2023.2.3","Win32",62.5,"60241d8be372010009703f80","664f1702f723b1deb64680cb","664f84dbbe54e083251e2ac2","",,,"",,,"",,,"",,,"",,,"",,,"",,,,,"",,,"",,,,"",,,"","","",,,"","",,5,,,,"","","",,,,,,,1,,"",,,"",,,,,,,,,,,"","",,,,,,,"","",,,"s",0.452,,"space",0.233,,1,"blue_gnome",1,8,"dark_forest","red_basket","green_gnome",1,5,"bright_forest","yellow_basket",40,0,0,1,"blue_gnome","dark_forest","red_basket",1899,0,0,21,2,170,4,1,"",,,"",,,"",,,"",,,"",,,,,,,"","",,,"",,,"",,,"",,,,,,,"",,,"","",,,,,,,,"",,,,,,,"",,,"","","",,,,,,,,"",,,,,,,
"","","",,"","","","","","","",,"","","","","","","",,"","","","","","","",,"","","","","","","",,"","","","","","","",,"","","","","","","",,"","","","","","","",,"","","","","",473322,1,"2024-05-23_19h03.22.429","experiment","2023.2.3","Win32",62.5,"60241d8be372010009703f80","664f1702f723b1deb64680cb","664f84dbbe54e083251e2ac2","",,,"",,,"",,,"",,,"",,,"",,,"",,,,,"",,,"",,,,"",,,"","","",,,"","",,1,,,,"","","",,,,,,,2,,"",,,"",,,,,,,,,,,"","",,,,,,,"","",,,"s",0.464,,"space",0.148,,2,"pink_gnome",2,8,"dark_forest","red_basket","yellow_gnome",2,5,"bright_forest","yellow_basket",8,0,0,1,"pink_gnome","dark_forest","red_basket",1907,0,5,21,3,171,1,1,"",,,"",,,"",,,"",,,"",,,,,,,"","",,,"",,,"",,,"",,,,,,,"",,,"","",,,,,,,,"",,,,,,,"",,,"","","",,,,,,,,"",,,,,,,
"","","",,"","","","","","","",,"","","","","","","",,"","","","","","","",,"","","","","","","",,"","","","","","","",,"","","","","","","",,"","","","","","","",,"","","","","",473322,1,"2024-05-23_19h03.22.429","experiment","2023.2.3","Win32",62.5,"60241d8be372010009703f80","664f1702f723b1deb64680cb","664f84dbbe54e083251e2ac2","",,,"",,,"",,,"",,,"",,,"",,,"",,,,,"",,,"",,,,"",,,"","","",,,"","",,1,,,,"","","",,,,,,,3,,"",,,"",,,,,,,,,,,"","",,,,,,,"","",,,"k",0.37,,"space",0.161,,3,"orange_gnome",3,5,"bright_forest","yellow_basket","purple_gnome",3,5,"dark_forest","red_basket",5,0,0,1,"purple_gnome","dark_forest","red_basket",1912,0,1,21,4,172,2,1,"",,,"",,,"",,,"",,,"",,,,,,,"","",,,"",,,"",,,"",,,,,,,"",,,"","",,,,,,,,"",,,,,,,"",,,"","","",,,,,,,,"",,,,,,,
"","","",,"","","","","","","",,"","","","","","","",,"","","","","","","",,"","","","","","","",,"","","","","","","",,"","","","","","","",,"","","","","","","",,"","","","","",473322,1,"2024-05-23_19h03.22.429","experiment","2023.2.3","Win32",62.5,"60241d8be372010009703f80","664f1702f723b1deb64680cb","664f84dbbe54e083251e2ac2","",,,"",,,"",,,"",,,"",,,"",,,"",,,,,"",,,"",,,,"",,,"","","",,,"","",,1,,,,"","","",,,,,,,1,,"",,,"",,,,,,,,,,,"","",,,,,,,"","",,,"s",0.459,,"space",0.269,,1,"blue_gnome",1,6,"dark_forest","red_basket","green_gnome",1,5,"bright_forest","yellow_basket",6,0,0,1,"blue_gnome","dark_forest","red_basket",1918,1,-1,21,5,173,0,1,"",,,"",,,"",,,"",,,"",,,,,,,"","",,,"",,,"",,,"",,,,,,,"",,,"","",,,,,,,,"",,,,,,,"",,,"","","",,,,,,,,"",,,,,,,
"","","",,"","","","","","","",,"","","","","","","",,"","","","","","","",,"","","","","","","",,"","","","","","","",,"","","","","","","",,"","","","","","","",,"","","","","",473322,1,"2024-05-23_19h03.22.429","experiment","2023.2.3","Win32",62.5,"60241d8be372010009703f80","664f1702f723b1deb64680cb","664f84dbbe54e083251e2ac2","",,,"",,,"",,,"",,,"",,,"",,,"",,,,,"",,,"",,,,"",,,"","","",,,"","",,5,,,,"","","",,,,,,,1,,"",,,"",,,,,,,,,,,"","",,,,,,,"","",,,"k",0.479,,"space",0.223,,1,"green_gnome",1,6,"bright_forest","yellow_basket","blue_gnome",1,5,"dark_forest","red_basket",25,0,0,1,"blue_gnome","dark_forest","red_basket",1943,-1,2,21,6,174,4,1,"",,,"",,,"",,,"",,,"",,,,,,,"","",,,"",,,"",,,"",,,,,,,"",,,"","",,,,,,,,"",,,,,,,"",,,"","","",,,,,,,,"",,,,,,,
"","","",,"","","","","","","",,"","","","","","","",,"","","","","","","",,"","","","","","","",,"","","","","","","",,"","","","","","","",,"","","","","","","",,"","","","","",473322,1,"2024-05-23_19h03.22.429","experiment","2023.2.3","Win32",62.5,"60241d8be372010009703f80","664f1702f723b1deb64680cb","664f84dbbe54e083251e2ac2","",,,"",,,"",,,"",,,"",,,"",,,"",,,,,"",,,"",,,,"",,,"","","",,,"","",,5,,,,"","","",,,,,,,1,,"",,,"",,,,,,,,,,,"","",,,,,,,"","",,,"k",0.488,,"space",0.144,,1,"green_gnome",1,5,"bright_forest","yellow_basket","blue_gnome",1,7,"dark_forest","red_basket",35,0,0,1,"blue_gnome","dark_forest","red_basket",1978,-3,3,21,7,175,4,1,"",,,"",,,"",,,"",,,"",,,,,,,"","",,,"",,,"",,,"",,,,,,,"",,,"","",,,,,,,,"",,,,,,,"",,,"","","",,,,,,,,"",,,,,,,
"","","",,"","","","","","","",,"","","","","","","",,"","","","","","","",,"","","","","","","",,"","","","","","","",,"","","","","","","",,"","","","","","","",,"","","","","",473322,1,"2024-05-23_19h03.22.429","experiment","2023.2.3","Win32",62.5,"60241d8be372010009703f80","664f1702f723b1deb64680cb","664f84dbbe54e083251e2ac2","",,,"",,,"",,,"",,,"",,,"",,,"",,,,,"",,,"",,,,"",,,"","","",,,"","",,5,,,,"","","",,,,,,,3,,"",,,"",,,,,,,,,,,"","",,,,,,,"","",,,"s",0.468,,"space",0.195,,3,"purple_gnome",3,8,"dark_forest","red_basket","orange_gnome",3,2,"bright_forest","yellow_basket",40,0,0,1,"purple_gnome","dark_forest","red_basket",2018,-4,-4,22,0,176,6,1,"",,,"",,,"",,,"",,,"",,,,,,,"","",,,"",,,"",,,"",,,,,,,"",,,"","",,,,,,,,"",,,,,,,"",,,"","","",,,,,,,,"",,,,,,,
"","","",,"","","","","","","",,"","","","","","","",,"","","","","","","",,"","","","","","","",,"","","","","","","",,"","","","","","","",,"","","","","","","",,"","","","","",473322,1,"2024-05-23_19h03.22.429","experiment","2023.2.3","Win32",62.5,"60241d8be372010009703f80","664f1702f723b1deb64680cb","664f84dbbe54e083251e2ac2","",,,"",,,"",,,"",,,"",,,"",,,"",,,,,"",,,"",,,,"",,,"","","",,,"","",,1,,,,"","","",,,,,,,2,,"",,,"",,,,,,,,,,,"","",,,,,,,"","",,,"k",0.49,,"space",0.126,,2,"yellow_gnome",2,2,"bright_forest","yellow_basket","pink_gnome",2,4,"dark_forest","red_basket",4,0,0,1,"pink_gnome","dark_forest","red_basket",2022,-4,-2,22,1,177,1,1,"",,,"",,,"",,,"",,,"",,,,,,,"","",,,"",,,"",,,"",,,,,,,"",,,"","",,,,,,,,"",,,,,,,"",,,"","","",,,,,,,,"",,,,,,,
"","","",,"","","","","","","",,"","","","","","","",,"","","","","","","",,"","","","","","","",,"","","","","","","",,"","","","","","","",,"","","","","","","",,"","","","","",473322,1,"2024-05-23_19h03.22.429","experiment","2023.2.3","Win32",62.5,"60241d8be372010009703f80","664f1702f723b1deb64680cb","664f84dbbe54e083251e2ac2","",,,"",,,"",,,"",,,"",,,"",,,"",,,,,"",,,"",,,,"",,,"","","",,,"","",,1,,,,"","","",,,,,,,2,,"",,,"",,,,,,,,,,,"","",,,,,,,"","",,,"k",0.428,,"space",0.185,,2,"yellow_gnome",2,2,"bright_forest","yellow_basket","pink_gnome",2,2,"dark_forest","red_basket",2,0,0,1,"pink_gnome","dark_forest","red_basket",2024,2,2,22,2,178,1,1,"",,,"",,,"",,,"",,,"",,,,,,,"","",,,"",,,"",,,"",,,,,,,"",,,"","",,,,,,,,"",,,,,,,"",,,"","","",,,,,,,,"",,,,,,,
"","","",,"","","","","","","",,"","","","","","","",,"","","","","","","",,"","","","","","","",,"","","","","","","",,"","","","","","","",,"","","","","","","",,"","","","","",473322,1,"2024-05-23_19h03.22.429","experiment","2023.2.3","Win32",62.5,"60241d8be372010009703f80","664f1702f723b1deb64680cb","664f84dbbe54e083251e2ac2","",,,"",,,"",,,"",,,"",,,"",,,"",,,,,"",,,"",,,,"",,,"","","",,,"","",,5,,,,"","","",,,,,,,3,,"",,,"",,,,,,,,,,,"","",,,,,,,"","",,,"s",0.393,,"space",0.118,,3,"purple_gnome",3,4,"dark_forest","red_basket","orange_gnome",3,4,"bright_forest","yellow_basket",20,0,0,1,"purple_gnome","dark_forest","red_basket",2044,-2,0,22,3,179,6,1,"",,,"",,,"",,,"",,,"",,,,,,,"","",,,"",,,"",,,"",,,,,,,"",,,"","",,,,,,,,"",,,,,,,"",,,"","","",,,,,,,,"",,,,,,,
"","","",,"","","","","","","",,"","","","","","","",,"","","","","","","",,"","","","","","","",,"","","","","","","",,"","","","","","","",,"","","","","","","",,"","","","","",473322,1,"2024-05-23_19h03.22.429","experiment","2023.2.3","Win32",62.5,"60241d8be372010009703f80","664f1702f723b1deb64680cb","664f84dbbe54e083251e2ac2","",,,"",,,"",,,"",,,"",,,"",,,"",,,,,"",,,"",,,,"",,,"","","",,,"","",,1,,,,"","","",,,,,,,2,,"",,,"",,,,,,,,,,,"","",,,,,,,"","",,,"s",0.396,,"space",0.205,,2,"pink_gnome",2,4,"dark_forest","red_basket","yellow_gnome",2,2,"bright_forest","yellow_basket",4,0,0,1,"pink_gnome","dark_forest","red_basket",2048,2,4,22,4,180,1,1,"",,,"",,,"",,,"",,,"",,,,,,,"","",,,"",,,"",,,"",,,,,,,"",,,"","",,,,,,,,"",,,,,,,"",,,"","","",,,,,,,,"",,,,,,,
"","","",,"","","","","","","",,"","","","","","","",,"","","","","","","",,"","","","","","","",,"","","","","","","",,"","","","","","","",,"","","","","","","",,"","","","","",473322,1,"2024-05-23_19h03.22.429","experiment","2023.2.3","Win32",62.5,"60241d8be372010009703f80","664f1702f723b1deb64680cb","664f84dbbe54e083251e2ac2","",,,"",,,"",,,"",,,"",,,"",,,"",,,,,"",,,"",,,,"",,,"","","",,,"","",,5,,,,"","","",,,,,,,4,,"",,,"",,,,,,,,,,,"","",,,,,,,"","",,,"s",0.412,,"space",0.152,,4,"brown_gnome",4,4,"bright_forest","yellow_basket","red_gnome",4,8,"dark_forest","red_basket",20,0,0,1,"brown_gnome","bright_forest","yellow_basket",2068,-2,0,22,5,181,7,1,"",,,"",,,"",,,"",,,"",,,,,,,"","",,,"",,,"",,,"",,,,,,,"",,,"","",,,,,,,,"",,,,,,,"",,,"","","",,,,,,,,"",,,,,,,
"","","",,"","","","","","","",,"","","","","","","",,"","","","","","","",,"","","","","","","",,"","","","","","","",,"","","","","","","",,"","","","","","","",,"","","","","",473322,1,"2024-05-23_19h03.22.429","experiment","2023.2.3","Win32",62.5,"60241d8be372010009703f80","664f1702f723b1deb64680cb","664f84dbbe54e083251e2ac2","",,,"",,,"",,,"",,,"",,,"",,,"",,,,,"",,,"",,,,"",,,"","","",,,"","",,1,,,,"","","",,,,,,,3,,"",,,"",,,,,,,,,,,"","",,,,,,,"","",,,"s",0.352,,"space",0.383,,3,"purple_gnome",3,8,"dark_forest","red_basket","orange_gnome",3,2,"bright_forest","yellow_basket",8,0,0,1,"purple_gnome","dark_forest","red_basket",2076,2,-3,22,6,182,2,1,"",,,"",,,"",,,"",,,"",,,,,,,"","",,,"",,,"",,,"",,,,,,,"",,,"","",,,,,,,,"",,,,,,,"",,,"","","",,,,,,,,"",,,,,,,
"","","",,"","","","","","","",,"","","","","","","",,"","","","","","","",,"","","","","","","",,"","","","","","","",,"","","","","","","",,"","","","","","","",,"","","","","",473322,1,"2024-05-23_19h03.22.429","experiment","2023.2.3","Win32",62.5,"60241d8be372010009703f80","664f1702f723b1deb64680cb","664f84dbbe54e083251e2ac2","",,,"",,,"",,,"",,,"",,,"",,,"",,,,,"",,,"",,,,"",,,"","","",,,"","",,5,,,,"","","",,,,,,,2,,"",,,"",,,,,,,,,,,"","",,,,,,,"","",,,"s",0.431,,"space",0.036,,2,"pink_gnome",2,5,"dark_forest","red_basket","yellow_gnome",2,4,"bright_forest","yellow_basket",25,0,0,1,"pink_gnome","dark_forest","red_basket",2101,2,2,22,7,183,5,1,"",,,"",,,"",,,"",,,"",,,,,,,"","",,,"",,,"",,,"",,,,,,,"",,,"","",,,,,,,,"",,,,,,,"",,,"","","",,,,,,,,"",,,,,,,
"","","",,"","","","","","","",,"","","","","","","",,"","","","","","","",,"","","","","","","",,"","","","","","","",,"","","","","","","",,"","","","","","","",,"","","","","",473322,1,"2024-05-23_19h03.22.429","experiment","2023.2.3","Win32",62.5,"60241d8be372010009703f80","664f1702f723b1deb64680cb","664f84dbbe54e083251e2ac2","",,,"",,,"",,,"",,,"",,,"",,,"",,,,,"",,,"",,,,"",,,"","","",,,"","",,1,,,,"","","",,,,,,,1,,"",,,"",,,,,,,,,,,"","",,,,,,,"","",,,"s",0.407,,"space",0.143,,1,"blue_gnome",1,7,"dark_forest","red_basket","green_gnome",1,6,"bright_forest","yellow_basket",7,0,0,1,"blue_gnome","dark_forest","red_basket",2108,2,-1,23,0,184,0,1,"",,,"",,,"",,,"",,,"",,,,,,,"","",,,"",,,"",,,"",,,,,,,"",,,"","",,,,,,,,"",,,,,,,"",,,"","","",,,,,,,,"",,,,,,,
"","","",,"","","","","","","",,"","","","","","","",,"","","","","","","",,"","","","","","","",,"","","","","","","",,"","","","","","","",,"","","","","","","",,"","","","","",473322,1,"2024-05-23_19h03.22.429","experiment","2023.2.3","Win32",62.5,"60241d8be372010009703f80","664f1702f723b1deb64680cb","664f84dbbe54e083251e2ac2","",,,"",,,"",,,"",,,"",,,"",,,"",,,,,"",,,"",,,,"",,,"","","",,,"","",,5,,,,"","","",,,,,,,3,,"",,,"",,,,,,,,,,,"","",,,,,,,"","",,,"k",0.607,,"space",0.019,,3,"orange_gnome",3,8,"bright_forest","yellow_basket","purple_gnome",3,6,"dark_forest","red_basket",30,0,0,1,"purple_gnome","dark_forest","red_basket",2138,-4,-4,23,1,185,6,1,"",,,"",,,"",,,"",,,"",,,,,,,"","",,,"",,,"",,,"",,,,,,,"",,,"","",,,,,,,,"",,,,,,,"",,,"","","",,,,,,,,"",,,,,,,
"","","",,"","","","","","","",,"","","","","","","",,"","","","","","","",,"","","","","","","",,"","","","","","","",,"","","","","","","",,"","","","","","","",,"","","","","",473322,1,"2024-05-23_19h03.22.429","experiment","2023.2.3","Win32",62.5,"60241d8be372010009703f80","664f1702f723b1deb64680cb","664f84dbbe54e083251e2ac2","",,,"",,,"",,,"",,,"",,,"",,,"",,,,,"",,,"",,,,"",,,"","","",,,"","",,5,,,,"","","",,,,,,,4,,"",,,"",,,,,,,,,,,"","",,,,,,,"","",,,"s",0.406,,"space",0.197,,4,"brown_gnome",4,4,"bright_forest","yellow_basket","red_gnome",4,2,"dark_forest","red_basket",20,0,0,1,"brown_gnome","bright_forest","yellow_basket",2158,-1,-3,23,2,186,7,1,"",,,"",,,"",,,"",,,"",,,,,,,"","",,,"",,,"",,,"",,,,,,,"",,,"","",,,,,,,,"",,,,,,,"",,,"","","",,,,,,,,"",,,,,,,
"","","",,"","","","","","","",,"","","","","","","",,"","","","","","","",,"","","","","","","",,"","","","","","","",,"","","","","","","",,"","","","","","","",,"","","","","",473322,1,"2024-05-23_19h03.22.429","experiment","2023.2.3","Win32",62.5,"60241d8be372010009703f80","664f1702f723b1deb64680cb","664f84dbbe54e083251e2ac2","",,,"",,,"",,,"",,,"",,,"",,,"",,,,,"",,,"",,,,"",,,"","","",,,"","",,1,,,,"","","",,,,,,,1,,"",,,"",,,,,,,,,,,"","",,,,,,,"","",,,"s",0.374,,"space",0.16,,1,"blue_gnome",1,1,"dark_forest","red_basket","green_gnome",1,3,"bright_forest","yellow_basket",1,0,0,1,"blue_gnome","dark_forest","red_basket",2159,-4,5,23,3,187,0,1,"",,,"",,,"",,,"",,,"",,,,,,,"","",,,"",,,"",,,"",,,,,,,"",,,"","",,,,,,,,"",,,,,,,"",,,"","","",,,,,,,,"",,,,,,,
"","","",,"","","","","","","",,"","","","","","","",,"","","","","","","",,"","","","","","","",,"","","","","","","",,"","","","","","","",,"","","","","","","",,"","","","","",473322,1,"2024-05-23_19h03.22.429","experiment","2023.2.3","Win32",62.5,"60241d8be372010009703f80","664f1702f723b1deb64680cb","664f84dbbe54e083251e2ac2","",,,"",,,"",,,"",,,"",,,"",,,"",,,,,"",,,"",,,,"",,,"","","",,,"","",,1,,,,"","","",,,,,,,3,,"",,,"",,,,,,,,,,,"","",,,,,,,"","",,,"k",0.372,,"space",0.149,,3,"orange_gnome",3,1,"bright_forest","yellow_basket","purple_gnome",3,6,"dark_forest","red_basket",6,0,0,1,"purple_gnome","dark_forest","red_basket",2165,-4,-2,23,4,188,2,1,"",,,"",,,"",,,"",,,"",,,,,,,"","",,,"",,,"",,,"",,,,,,,"",,,"","",,,,,,,,"",,,,,,,"",,,"","","",,,,,,,,"",,,,,,,
"","","",,"","","","","","","",,"","","","","","","",,"","","","","","","",,"","","","","","","",,"","","","","","","",,"","","","","","","",,"","","","","","","",,"","","","","",473322,1,"2024-05-23_19h03.22.429","experiment","2023.2.3","Win32",62.5,"60241d8be372010009703f80","664f1702f723b1deb64680cb","664f84dbbe54e083251e2ac2","",,,"",,,"",,,"",,,"",,,"",,,"",,,,,"",,,"",,,,"",,,"","","",,,"","",,5,,,,"","","",,,,,,,2,,"",,,"",,,,,,,,,,,"","",,,,,,,"","",,,"s",0.419,,"space",0.09,,2,"pink_gnome",2,4,"dark_forest","red_basket","yellow_gnome",2,3,"bright_forest","yellow_basket",20,0,0,1,"pink_gnome","dark_forest","red_basket",2185,1,-1,23,5,189,5,1,"",,,"",,,"",,,"",,,"",,,,,,,"","",,,"",,,"",,,"",,,,,,,"",,,"","",,,,,,,,"",,,,,,,"",,,"","","",,,,,,,,"",,,,,,,
"","","",,"","","","","","","",,"","","","","","","",,"","","","","","","",,"","","","","","","",,"","","","","","","",,"","","","","","","",,"","","","","","","",,"","","","","",473322,1,"2024-05-23_19h03.22.429","experiment","2023.2.3","Win32",62.5,"60241d8be372010009703f80","664f1702f723b1deb64680cb","664f84dbbe54e083251e2ac2","",,,"",,,"",,,"",,,"",,,"",,,"",,,,,"",,,"",,,,"",,,"","","",,,"","",,5,,,,"","","",,,,,,,4,,"",,,"",,,,,,,,,,,"","",,,,,,,"","",,,"k",0.489,,"space",0.825,,4,"red_gnome",4,3,"dark_forest","red_basket","brown_gnome",4,4,"bright_forest","yellow_basket",20,0,0,1,"brown_gnome","bright_forest","yellow_basket",2205,1,-1,23,6,190,7,1,"",,,"",,,"",,,"",,,"",,,,,,,"","",,,"",,,"",,,"",,,,,,,"",,,"","",,,,,,,,"",,,,,,,"",,,"","","",,,,,,,,"",,,,,,,
"","","",,"","","","","","","",,"","","","","","","",,"","","","","","","",,"","","","","","","",,"","","","","","","",,"","","","","","","",,"","","","","","","",,"","","","","",473322,1,"2024-05-23_19h03.22.429","experiment","2023.2.3","Win32",62.5,"60241d8be372010009703f80","664f1702f723b1deb64680cb","664f84dbbe54e083251e2ac2","",,,"",,,"",,,"",,,"",,,"",,,"",,,,,"",,,"",,,,"",,,"","","",,,"","",,5,,,,"","","",,,,,,,4,,"",,,"",,,,,,,,,,,"","",,,,,,,"","",,,"s",0.362,,"space",0.198,,4,"brown_gnome",4,5,"bright_forest","yellow_basket","red_gnome",4,2,"dark_forest","red_basket",25,0,0,1,"brown_gnome","bright_forest","yellow_basket",2230,0,4,23,7,191,7,1,"space",0.966,,"",,,"",,,"",,,"",,,,,,,"","",,,"",,,"",,,"",,,,,,,"",,,"","",,,,,,,,"",,,,,,,"",,,"","","",,,,,,,,"",,,,,,,
"","","",,"","","","","","","",,"","","","","","","",,"","","","","","","",,"","","","","","","",,"","","","","","","",,"","","","","","","",,"","","","","","","",,"","","","","",473322,1,"2024-05-23_19h03.22.429","experiment","2023.2.3","Win32",62.5,"60241d8be372010009703f80","664f1702f723b1deb64680cb","664f84dbbe54e083251e2ac2","",,,"",,,"",,,"",,,"",,,"",,,"",,,,,"",,,"",,,,"",,,"","","",,,"","",,5,,,,"","","",,,,,,,1,,"",,,"",,,,,,,,,,,"","",,,,,,,"","",,,"s",1.045,,"space",0.401,,1,"blue_gnome",1,6,"dark_forest","red_basket","green_gnome",1,5,"bright_forest","yellow_basket",30,0,0,1,"blue_gnome","dark_forest","red_basket",2260,-2,-3,24,0,192,4,1,"",,,"",,,"",,,"",,,"",,,,,,,"","",,,"",,,"",,,"",,,,,,,"",,,"","",,,,,,,,"",,,,,,,"",,,"","","",,,,,,,,"",,,,,,,
"","","",,"","","","","","","",,"","","","","","","",,"","","","","","","",,"","","","","","","",,"","","","","","","",,"","","","","","","",,"","","","","","","",,"","","","","",473322,1,"2024-05-23_19h03.22.429","experiment","2023.2.3","Win32",62.5,"60241d8be372010009703f80","664f1702f723b1deb64680cb","664f84dbbe54e083251e2ac2","",,,"",,,"",,,"",,,"",,,"",,,"",,,,,"",,,"",,,,"",,,"","","",,,"","",,1,,,,"","","",,,,,,,2,,"",,,"",,,,,,,,,,,"","",,,,,,,"","",,,"k",0.418,,"space",0.135,,2,"yellow_gnome",2,3,"bright_forest","yellow_basket","pink_gnome",2,3,"dark_forest","red_basket",3,0,0,1,"pink_gnome","dark_forest","red_basket",2263,0,-1,24,1,193,1,1,"",,,"",,,"",,,"",,,"",,,,,,,"","",,,"",,,"",,,"",,,,,,,"",,,"","",,,,,,,,"",,,,,,,"",,,"","","",,,,,,,,"",,,,,,,
"","","",,"","","","","","","",,"","","","","","","",,"","","","","","","",,"","","","","","","",,"","","","","","","",,"","","","","","","",,"","","","","","","",,"","","","","",473322,1,"2024-05-23_19h03.22.429","experiment","2023.2.3","Win32",62.5,"60241d8be372010009703f80","664f1702f723b1deb64680cb","664f84dbbe54e083251e2ac2","",,,"",,,"",,,"",,,"",,,"",,,"",,,,,"",,,"",,,,"",,,"","","",,,"","",,5,,,,"","","",,,,,,,4,,"",,,"",,,,,,,,,,,"","",,,,,,,"","",,,"s",0.369,,"space",0.229,,4,"brown_gnome",4,3,"bright_forest","yellow_basket","red_gnome",4,2,"dark_forest","red_basket",15,0,0,1,"brown_gnome","bright_forest","yellow_basket",2278,0,0,24,2,194,7,1,"",,,"",,,"",,,"",,,"",,,,,,,"","",,,"",,,"",,,"",,,,,,,"",,,"","",,,,,,,,"",,,,,,,"",,,"","","",,,,,,,,"",,,,,,,
"","","",,"","","","","","","",,"","","","","","","",,"","","","","","","",,"","","","","","","",,"","","","","","","",,"","","","","","","",,"","","","","","","",,"","","","","",473322,1,"2024-05-23_19h03.22.429","experiment","2023.2.3","Win32",62.5,"60241d8be372010009703f80","664f1702f723b1deb64680cb","664f84dbbe54e083251e2ac2","",,,"",,,"",,,"",,,"",,,"",,,"",,,,,"",,,"",,,,"",,,"","","",,,"","",,1,,,,"","","",,,,,,,3,,"",,,"",,,,,,,,,,,"","",,,,,,,"","",,,"s",0.392,,"space",0.147,,3,"purple_gnome",3,2,"dark_forest","red_basket","orange_gnome",3,3,"bright_forest","yellow_basket",2,0,0,1,"purple_gnome","dark_forest","red_basket",2280,-1,-1,24,3,195,2,1,"",,,"",,,"",,,"",,,"",,,,,,,"","",,,"",,,"",,,"",,,,,,,"",,,"","",,,,,,,,"",,,,,,,"",,,"","","",,,,,,,,"",,,,,,,
"","","",,"","","","","","","",,"","","","","","","",,"","","","","","","",,"","","","","","","",,"","","","","","","",,"","","","","","","",,"","","","","","","",,"","","","","",473322,1,"2024-05-23_19h03.22.429","experiment","2023.2.3","Win32",62.5,"60241d8be372010009703f80","664f1702f723b1deb64680cb","664f84dbbe54e083251e2ac2","",,,"",,,"",,,"",,,"",,,"",,,"",,,,,"",,,"",,,,"",,,"","","",,,"","",,5,,,,"","","",,,,,,,1,,"",,,"",,,,,,,,,,,"","",,,,,,,"","",,,"s",0.439,,"space",0.164,,1,"blue_gnome",1,1,"dark_forest","red_basket","green_gnome",1,2,"bright_forest","yellow_basket",5,0,0,1,"blue_gnome","dark_forest","red_basket",2285,2,1,24,4,196,4,1,"",,,"",,,"",,,"",,,"",,,,,,,"","",,,"",,,"",,,"",,,,,,,"",,,"","",,,,,,,,"",,,,,,,"",,,"","","",,,,,,,,"",,,,,,,
"","","",,"","","","","","","",,"","","","","","","",,"","","","","","","",,"","","","","","","",,"","","","","","","",,"","","","","","","",,"","","","","","","",,"","","","","",473322,1,"2024-05-23_19h03.22.429","experiment","2023.2.3","Win32",62.5,"60241d8be372010009703f80","664f1702f723b1deb64680cb","664f84dbbe54e083251e2ac2","",,,"",,,"",,,"",,,"",,,"",,,"",,,,,"",,,"",,,,"",,,"","","",,,"","",,5,,,,"","","",,,,,,,3,,"",,,"",,,,,,,,,,,"","",,,,,,,"","",,,"k",0.415,,"space",0.171,,3,"orange_gnome",3,4,"bright_forest","yellow_basket","purple_gnome",3,2,"dark_forest","red_basket",10,0,0,1,"purple_gnome","dark_forest","red_basket",2295,2,1,24,5,197,6,1,"",,,"",,,"",,,"",,,"",,,,,,,"","",,,"",,,"",,,"",,,,,,,"",,,"","",,,,,,,,"",,,,,,,"",,,"","","",,,,,,,,"",,,,,,,
"","","",,"","","","","","","",,"","","","","","","",,"","","","","","","",,"","","","","","","",,"","","","","","","",,"","","","","","","",,"","","","","","","",,"","","","","",473322,1,"2024-05-23_19h03.22.429","experiment","2023.2.3","Win32",62.5,"60241d8be372010009703f80","664f1702f723b1deb64680cb","664f84dbbe54e083251e2ac2","",,,"",,,"",,,"",,,"",,,"",,,"",,,,,"",,,"",,,,"",,,"","","",,,"","",,5,,,,"","","",,,,,,,2,,"",,,"",,,,,,,,,,,"","",,,,,,,"","",,,"k",0.411,,"space",0.13,,2,"yellow_gnome",2,6,"bright_forest","yellow_basket","pink_gnome",2,3,"dark_forest","red_basket",15,0,0,1,"pink_gnome","dark_forest","red_basket",2310,2,-1,24,6,198,5,1,"",,,"",,,"",,,"",,,"",,,,,,,"","",,,"",,,"",,,"",,,,,,,"",,,"","",,,,,,,,"",,,,,,,"",,,"","","",,,,,,,,"",,,,,,,
"","","",,"","","","","","","",,"","","","","","","",,"","","","","","","",,"","","","","","","",,"","","","","","","",,"","","","","","","",,"","","","","","","",,"","","","","",473322,1,"2024-05-23_19h03.22.429","experiment","2023.2.3","Win32",62.5,"60241d8be372010009703f80","664f1702f723b1deb64680cb","664f84dbbe54e083251e2ac2","",,,"",,,"",,,"",,,"",,,"",,,"",,,,,"",,,"",,,,"",,,"","","",,,"","",,5,,,,"","","",,,,,,,2,,"",,,"",,,,,,,,,,,"","",,,,,,,"","",,,"s",0.385,,"space",0.078,,2,"pink_gnome",2,2,"dark_forest","red_basket","yellow_gnome",2,8,"bright_forest","yellow_basket",10,0,0,1,"pink_gnome","dark_forest","red_basket",2320,0,-2,24,7,199,5,1,"",,,"",,,"",,,"",,,"",,,,,,,"","",,,"",,,"",,,"",,,,,,,"",,,"","",,,,,,,,"",,,,,,,"",,,"","","",,,,,,,,"",,,,,,,
"","","",,"","","","","","","",,"","","","","","","",,"","","","","","","",,"","","","","","","",,"","","","","","","",,"","","","","","","",,"","","","","","","",,"","","","","",473322,1,"2024-05-23_19h03.22.429","experiment","2023.2.3","Win32",62.5,"60241d8be372010009703f80","664f1702f723b1deb64680cb","664f84dbbe54e083251e2ac2","",,,"",,,"",,,"",,,"",,,"",,,"",,,,,"",,,"",,,,"",,,"","","",,,"","",,1,,,,"","","",,,,,,,4,,"",,,"",,,,,,,,,,,"","",,,,,,,"","",,,"s",0.437,,"space",0.273,,4,"brown_gnome",4,8,"bright_forest","yellow_basket","red_gnome",4,0,"dark_forest","red_basket",8,0,0,1,"brown_gnome","bright_forest","yellow_basket",2328,-1,2,25,0,200,3,1,"",,,"",,,"",,,"",,,"",,,,,,,"","",,,"",,,"",,,"",,,,,,,"",,,"","",,,,,,,,"",,,,,,,"",,,"","","",,,,,,,,"",,,,,,,
"","","",,"","","","","","","",,"","","","","","","",,"","","","","","","",,"","","","","","","",,"","","","","","","",,"","","","","","","",,"","","","","","","",,"","","","","",473322,1,"2024-05-23_19h03.22.429","experiment","2023.2.3","Win32",62.5,"60241d8be372010009703f80","664f1702f723b1deb64680cb","664f84dbbe54e083251e2ac2","",,,"",,,"",,,"",,,"",,,"",,,"",,,,,"",,,"",,,,"",,,"","","",,,"","",,5,,,,"","","",,,,,,,1,,"",,,"",,,,,,,,,,,"","",,,,,,,"","",,,"s",0.511,,"space",0.18,,1,"blue_gnome",1,2,"dark_forest","red_basket","green_gnome",1,7,"bright_forest","yellow_basket",10,0,0,1,"blue_gnome","dark_forest","red_basket",2338,1,2,25,1,201,4,1,"",,,"",,,"",,,"",,,"",,,,,,,"","",,,"",,,"",,,"",,,,,,,"",,,"","",,,,,,,,"",,,,,,,"",,,"","","",,,,,,,,"",,,,,,,
"","","",,"","","","","","","",,"","","","","","","",,"","","","","","","",,"","","","","","","",,"","","","","","","",,"","","","","","","",,"","","","","","","",,"","","","","",473322,1,"2024-05-23_19h03.22.429","experiment","2023.2.3","Win32",62.5,"60241d8be372010009703f80","664f1702f723b1deb64680cb","664f84dbbe54e083251e2ac2","",,,"",,,"",,,"",,,"",,,"",,,"",,,,,"",,,"",,,,"",,,"","","",,,"","",,5,,,,"","","",,,,,,,4,,"",,,"",,,,,,,,,,,"","",,,,,,,"","",,,"k",0.564,,"space",0.62,,4,"red_gnome",4,4,"dark_forest","red_basket","brown_gnome",4,8,"bright_forest","yellow_basket",40,0,0,1,"brown_gnome","bright_forest","yellow_basket",2378,2,0,25,2,202,7,1,"",,,"",,,"",,,"",,,"",,,,,,,"","",,,"",,,"",,,"",,,,,,,"",,,"","",,,,,,,,"",,,,,,,"",,,"","","",,,,,,,,"",,,,,,,
"","","",,"","","","","","","",,"","","","","","","",,"","","","","","","",,"","","","","","","",,"","","","","","","",,"","","","","","","",,"","","","","","","",,"","","","","",473322,1,"2024-05-23_19h03.22.429","experiment","2023.2.3","Win32",62.5,"60241d8be372010009703f80","664f1702f723b1deb64680cb","664f84dbbe54e083251e2ac2","",,,"",,,"",,,"",,,"",,,"",,,"",,,,,"",,,"",,,,"",,,"","","",,,"","",,1,,,,"","","",,,,,,,1,,"",,,"",,,,,,,,,,,"","",,,,,,,"","",,,"k",0.419,,"space",0.503,,1,"green_gnome",1,8,"bright_forest","yellow_basket","blue_gnome",1,4,"dark_forest","red_basket",4,0,0,1,"blue_gnome","dark_forest","red_basket",2382,1,-1,25,3,203,0,1,"",,,"",,,"",,,"",,,"",,,,,,,"","",,,"",,,"",,,"",,,,,,,"",,,"","",,,,,,,,"",,,,,,,"",,,"","","",,,,,,,,"",,,,,,,
"","","",,"","","","","","","",,"","","","","","","",,"","","","","","","",,"","","","","","","",,"","","","","","","",,"","","","","","","",,"","","","","","","",,"","","","","",473322,1,"2024-05-23_19h03.22.429","experiment","2023.2.3","Win32",62.5,"60241d8be372010009703f80","664f1702f723b1deb64680cb","664f84dbbe54e083251e2ac2","",,,"",,,"",,,"",,,"",,,"",,,"",,,,,"",,,"",,,,"",,,"","","",,,"","",,1,,,,"","","",,,,,,,2,,"",,,"",,,,,,,,,,,"","",,,,,,,"","",,,"k",0.615,,"space",0.231,,2,"yellow_gnome",2,9,"bright_forest","yellow_basket","pink_gnome",2,3,"dark_forest","red_basket",3,0,0,1,"pink_gnome","dark_forest","red_basket",2385,1,3,25,4,204,1,1,"",,,"",,,"",,,"",,,"",,,,,,,"","",,,"",,,"",,,"",,,,,,,"",,,"","",,,,,,,,"",,,,,,,"",,,"","","",,,,,,,,"",,,,,,,
"","","",,"","","","","","","",,"","","","","","","",,"","","","","","","",,"","","","","","","",,"","","","","","","",,"","","","","","","",,"","","","","","","",,"","","","","",473322,1,"2024-05-23_19h03.22.429","experiment","2023.2.3","Win32",62.5,"60241d8be372010009703f80","664f1702f723b1deb64680cb","664f84dbbe54e083251e2ac2","",,,"",,,"",,,"",,,"",,,"",,,"",,,,,"",,,"",,,,"",,,"","","",,,"","",,5,,,,"","","",,,,,,,2,,"",,,"",,,,,,,,,,,"","",,,,,,,"","",,,"k",0.423,,"space",0.161,,2,"yellow_gnome",2,8,"bright_forest","yellow_basket","pink_gnome",2,6,"dark_forest","red_basket",30,0,0,1,"pink_gnome","dark_forest","red_basket",2415,0,1,25,5,205,5,1,"",,,"",,,"",,,"",,,"",,,,,,,"","",,,"",,,"",,,"",,,,,,,"",,,"","",,,,,,,,"",,,,,,,"",,,"","","",,,,,,,,"",,,,,,,
"","","",,"","","","","","","",,"","","","","","","",,"","","","","","","",,"","","","","","","",,"","","","","","","",,"","","","","","","",,"","","","","","","",,"","","","","",473322,1,"2024-05-23_19h03.22.429","experiment","2023.2.3","Win32",62.5,"60241d8be372010009703f80","664f1702f723b1deb64680cb","664f84dbbe54e083251e2ac2","",,,"",,,"",,,"",,,"",,,"",,,"",,,,,"",,,"",,,,"",,,"","","",,,"","",,5,,,,"","","",,,,,,,4,,"",,,"",,,,,,,,,,,"","",,,,,,,"","",,,"k",0.418,,"space",0.111,,4,"red_gnome",4,7,"dark_forest","red_basket","brown_gnome",4,8,"bright_forest","yellow_basket",40,0,0,1,"brown_gnome","bright_forest","yellow_basket",2455,2,2,25,6,206,7,1,"",,,"",,,"",,,"",,,"",,,,,,,"","",,,"",,,"",,,"",,,,,,,"",,,"","",,,,,,,,"",,,,,,,"",,,"","","",,,,,,,,"",,,,,,,
"","","",,"","","","","","","",,"","","","","","","",,"","","","","","","",,"","","","","","","",,"","","","","","","",,"","","","","","","",,"","","","","","","",,"","","","","",473322,1,"2024-05-23_19h03.22.429","experiment","2023.2.3","Win32",62.5,"60241d8be372010009703f80","664f1702f723b1deb64680cb","664f84dbbe54e083251e2ac2","",,,"",,,"",,,"",,,"",,,"",,,"",,,,,"",,,"",,,,"",,,"","","",,,"","",,1,,,,"","","",,,,,,,4,,"",,,"",,,,,,,,,,,"","",,,,,,,"","",,,"k",0.542,,"space",0.238,,4,"red_gnome",4,9,"dark_forest","red_basket","brown_gnome",4,8,"bright_forest","yellow_basket",8,0,0,1,"brown_gnome","bright_forest","yellow_basket",2463,1,-3,25,7,207,3,1,"",,,"",,,"",,,"",,,"",,,,,,,"","",,,"",,,"",,,"",,,,,,,"",,,"","",,,,,,,,"",,,,,,,"",,,"","","",,,,,,,,"",,,,,,,
"","","",,"","","","","","","",,"","","","","","","",,"","","","","","","",,"","","","","","","",,"","","","","","","",,"","","","","","","",,"","","","","","","",,"","","","","",473322,1,"2024-05-23_19h03.22.429","experiment","2023.2.3","Win32",62.5,"60241d8be372010009703f80","664f1702f723b1deb64680cb","664f84dbbe54e083251e2ac2","",,,"",,,"",,,"",,,"",,,"",,,"",,,,,"",,,"",,,,"",,,"","","",,,"","",,1,,,,"","","",,,,,,,3,,"",,,"",,,,,,,,,,,"","",,,,,,,"","",,,"k",0.686,,"space",0.456,,3,"orange_gnome",3,9,"bright_forest","yellow_basket","purple_gnome",3,6,"dark_forest","red_basket",6,0,0,1,"purple_gnome","dark_forest","red_basket",2469,1,0,26,0,208,2,1,"",,,"",,,"",,,"",,,"",,,,,,,"","",,,"",,,"",,,"",,,,,,,"",,,"","",,,,,,,,"",,,,,,,"",,,"","","",,,,,,,,"",,,,,,,
"","","",,"","","","","","","",,"","","","","","","",,"","","","","","","",,"","","","","","","",,"","","","","","","",,"","","","","","","",,"","","","","","","",,"","","","","",473322,1,"2024-05-23_19h03.22.429","experiment","2023.2.3","Win32",62.5,"60241d8be372010009703f80","664f1702f723b1deb64680cb","664f84dbbe54e083251e2ac2","",,,"",,,"",,,"",,,"",,,"",,,"",,,,,"",,,"",,,,"",,,"","","",,,"","",,5,,,,"","","",,,,,,,2,,"",,,"",,,,,,,,,,,"","",,,,,,,"","",,,"k",0.444,,"space",0.386,,2,"yellow_gnome",2,8,"bright_forest","yellow_basket","pink_gnome",2,6,"dark_forest","red_basket",30,0,0,1,"pink_gnome","dark_forest","red_basket",2499,-4,-1,26,1,209,5,1,"",,,"",,,"",,,"",,,"",,,,,,,"","",,,"",,,"",,,"",,,,,,,"",,,"","",,,,,,,,"",,,,,,,"",,,"","","",,,,,,,,"",,,,,,,
"","","",,"","","","","","","",,"","","","","","","",,"","","","","","","",,"","","","","","","",,"","","","","","","",,"","","","","","","",,"","","","","","","",,"","","","","",473322,1,"2024-05-23_19h03.22.429","experiment","2023.2.3","Win32",62.5,"60241d8be372010009703f80","664f1702f723b1deb64680cb","664f84dbbe54e083251e2ac2","",,,"",,,"",,,"",,,"",,,"",,,"",,,,,"",,,"",,,,"",,,"","","",,,"","",,1,,,,"","","",,,,,,,1,,"",,,"",,,,,,,,,,,"","",,,,,,,"","",,,"s",0.44,,"space",0.286,,1,"blue_gnome",1,5,"dark_forest","red_basket","green_gnome",1,4,"bright_forest","yellow_basket",5,0,0,1,"blue_gnome","dark_forest","red_basket",2504,1,2,26,2,210,0,1,"",,,"",,,"",,,"",,,"",,,,,,,"","",,,"",,,"",,,"",,,,,,,"",,,"","",,,,,,,,"",,,,,,,"",,,"","","",,,,,,,,"",,,,,,,
"","","",,"","","","","","","",,"","","","","","","",,"","","","","","","",,"","","","","","","",,"","","","","","","",,"","","","","","","",,"","","","","","","",,"","","","","",473322,1,"2024-05-23_19h03.22.429","experiment","2023.2.3","Win32",62.5,"60241d8be372010009703f80","664f1702f723b1deb64680cb","664f84dbbe54e083251e2ac2","",,,"",,,"",,,"",,,"",,,"",,,"",,,,,"",,,"",,,,"",,,"","","",,,"","",,5,,,,"","","",,,,,,,3,,"",,,"",,,,,,,,,,,"","",,,,,,,"","",,,"k",0.411,,"space",0.158,,3,"orange_gnome",3,5,"bright_forest","yellow_basket","purple_gnome",3,7,"dark_forest","red_basket",35,0,0,1,"purple_gnome","dark_forest","red_basket",2539,1,-1,26,3,211,6,1,"",,,"",,,"",,,"",,,"",,,,,,,"","",,,"",,,"",,,"",,,,,,,"",,,"","",,,,,,,,"",,,,,,,"",,,"","","",,,,,,,,"",,,,,,,
"","","",,"","","","","","","",,"","","","","","","",,"","","","","","","",,"","","","","","","",,"","","","","","","",,"","","","","","","",,"","","","","","","",,"","","","","",473322,1,"2024-05-23_19h03.22.429","experiment","2023.2.3","Win32",62.5,"60241d8be372010009703f80","664f1702f723b1deb64680cb","664f84dbbe54e083251e2ac2","",,,"",,,"",,,"",,,"",,,"",,,"",,,,,"",,,"",,,,"",,,"","","",,,"","",,1,,,,"","","",,,,,,,3,,"",,,"",,,,,,,,,,,"","",,,,,,,"","",,,"s",0.411,,"space",0.126,,3,"purple_gnome",3,6,"dark_forest","red_basket","orange_gnome",3,6,"bright_forest","yellow_basket",6,0,0,1,"purple_gnome","dark_forest","red_basket",2545,-2,1,26,4,212,2,1,"",,,"",,,"",,,"",,,"",,,,,,,"","",,,"",,,"",,,"",,,,,,,"",,,"","",,,,,,,,"",,,,,,,"",,,"","","",,,,,,,,"",,,,,,,
"","","",,"","","","","","","",,"","","","","","","",,"","","","","","","",,"","","","","","","",,"","","","","","","",,"","","","","","","",,"","","","","","","",,"","","","","",473322,1,"2024-05-23_19h03.22.429","experiment","2023.2.3","Win32",62.5,"60241d8be372010009703f80","664f1702f723b1deb64680cb","664f84dbbe54e083251e2ac2","",,,"",,,"",,,"",,,"",,,"",,,"",,,,,"",,,"",,,,"",,,"","","",,,"","",,1,,,,"","","",,,,,,,1,,"",,,"",,,,,,,,,,,"","",,,,,,,"","",,,"k",0.546,,"space",0.184,,1,"green_gnome",1,4,"bright_forest","yellow_basket","blue_gnome",1,7,"dark_forest","red_basket",7,0,0,1,"blue_gnome","dark_forest","red_basket",2552,1,-1,26,5,213,0,1,"",,,"",,,"",,,"",,,"",,,,,,,"","",,,"",,,"",,,"",,,,,,,"",,,"","",,,,,,,,"",,,,,,,"",,,"","","",,,,,,,,"",,,,,,,
"","","",,"","","","","","","",,"","","","","","","",,"","","","","","","",,"","","","","","","",,"","","","","","","",,"","","","","","","",,"","","","","","","",,"","","","","",473322,1,"2024-05-23_19h03.22.429","experiment","2023.2.3","Win32",62.5,"60241d8be372010009703f80","664f1702f723b1deb64680cb","664f84dbbe54e083251e2ac2","",,,"",,,"",,,"",,,"",,,"",,,"",,,,,"",,,"",,,,"",,,"","","",,,"","",,5,,,,"","","",,,,,,,4,,"",,,"",,,,,,,,,,,"","",,,,,,,"","",,,"k",0.383,,"space",0.073,,4,"red_gnome",4,6,"dark_forest","red_basket","brown_gnome",4,5,"bright_forest","yellow_basket",25,0,0,1,"brown_gnome","bright_forest","yellow_basket",2577,2,-1,26,6,214,7,1,"",,,"",,,"",,,"",,,"",,,,,,,"","",,,"",,,"",,,"",,,,,,,"",,,"","",,,,,,,,"",,,,,,,"",,,"","","",,,,,,,,"",,,,,,,
"","","",,"","","","","","","",,"","","","","","","",,"","","","","","","",,"","","","","","","",,"","","","","","","",,"","","","","","","",,"","","","","","","",,"","","","","",473322,1,"2024-05-23_19h03.22.429","experiment","2023.2.3","Win32",62.5,"60241d8be372010009703f80","664f1702f723b1deb64680cb","664f84dbbe54e083251e2ac2","",,,"",,,"",,,"",,,"",,,"",,,"",,,,,"",,,"",,,,"",,,"","","",,,"","",,1,,,,"","","",,,,,,,1,,"",,,"",,,,,,,,,,,"","",,,,,,,"","",,,"k",0.394,,"space",0.097,,1,"green_gnome",1,7,"bright_forest","yellow_basket","blue_gnome",1,5,"dark_forest","red_basket",5,0,0,1,"blue_gnome","dark_forest","red_basket",2582,-3,-1,26,7,215,0,1,"",,,"",,,"",,,"",,,"",,,,,,,"","",,,"",,,"",,,"",,,,,,,"",,,"","",,,,,,,,"",,,,,,,"",,,"","","",,,,,,,,"",,,,,,,
"","","",,"","","","","","","",,"","","","","","","",,"","","","","","","",,"","","","","","","",,"","","","","","","",,"","","","","","","",,"","","","","","","",,"","","","","",473322,1,"2024-05-23_19h03.22.429","experiment","2023.2.3","Win32",62.5,"60241d8be372010009703f80","664f1702f723b1deb64680cb","664f84dbbe54e083251e2ac2","",,,"",,,"",,,"",,,"",,,"",,,"",,,,,"",,,"",,,,"",,,"","","",,,"","",,5,,,,"","","",,,,,,,1,,"",,,"",,,,,,,,,,,"","",,,,,,,"","",,,"s",0.418,,"space",0.253,,1,"blue_gnome",1,4,"dark_forest","red_basket","green_gnome",1,4,"bright_forest","yellow_basket",20,0,0,1,"blue_gnome","dark_forest","red_basket",2602,0,-1,27,0,216,4,1,"",,,"",,,"",,,"",,,"",,,,,,,"","",,,"",,,"",,,"",,,,,,,"",,,"","",,,,,,,,"",,,,,,,"",,,"","","",,,,,,,,"",,,,,,,
"","","",,"","","","","","","",,"","","","","","","",,"","","","","","","",,"","","","","","","",,"","","","","","","",,"","","","","","","",,"","","","","","","",,"","","","","",473322,1,"2024-05-23_19h03.22.429","experiment","2023.2.3","Win32",62.5,"60241d8be372010009703f80","664f1702f723b1deb64680cb","664f84dbbe54e083251e2ac2","",,,"",,,"",,,"",,,"",,,"",,,"",,,,,"",,,"",,,,"",,,"","","",,,"","",,1,,,,"","","",,,,,,,3,,"",,,"",,,,,,,,,,,"","",,,,,,,"","",,,"k",0.393,,"space",0.156,,3,"orange_gnome",3,4,"bright_forest","yellow_basket","purple_gnome",3,3,"dark_forest","red_basket",3,0,0,1,"purple_gnome","dark_forest","red_basket",2605,0,2,27,1,217,2,1,"",,,"",,,"",,,"",,,"",,,,,,,"","",,,"",,,"",,,"",,,,,,,"",,,"","",,,,,,,,"",,,,,,,"",,,"","","",,,,,,,,"",,,,,,,
"","","",,"","","","","","","",,"","","","","","","",,"","","","","","","",,"","","","","","","",,"","","","","","","",,"","","","","","","",,"","","","","","","",,"","","","","",473322,1,"2024-05-23_19h03.22.429","experiment","2023.2.3","Win32",62.5,"60241d8be372010009703f80","664f1702f723b1deb64680cb","664f84dbbe54e083251e2ac2","",,,"",,,"",,,"",,,"",,,"",,,"",,,,,"",,,"",,,,"",,,"","","",,,"","",,1,,,,"","","",,,,,,,2,,"",,,"",,,,,,,,,,,"","",,,,,,,"","",,,"s",0.404,,"space",0.112,,2,"pink_gnome",2,5,"dark_forest","red_basket","yellow_gnome",2,4,"bright_forest","yellow_basket",5,0,0,1,"pink_gnome","dark_forest","red_basket",2610,-2,1,27,2,218,1,1,"",,,"",,,"",,,"",,,"",,,,,,,"","",,,"",,,"",,,"",,,,,,,"",,,"","",,,,,,,,"",,,,,,,"",,,"","","",,,,,,,,"",,,,,,,
"","","",,"","","","","","","",,"","","","","","","",,"","","","","","","",,"","","","","","","",,"","","","","","","",,"","","","","","","",,"","","","","","","",,"","","","","",473322,1,"2024-05-23_19h03.22.429","experiment","2023.2.3","Win32",62.5,"60241d8be372010009703f80","664f1702f723b1deb64680cb","664f84dbbe54e083251e2ac2","",,,"",,,"",,,"",,,"",,,"",,,"",,,,,"",,,"",,,,"",,,"","","",,,"","",,1,,,,"","","",,,,,,,3,,"",,,"",,,,,,,,,,,"","",,,,,,,"","",,,"k",0.386,,"space",0.185,,3,"orange_gnome",3,2,"bright_forest","yellow_basket","purple_gnome",3,6,"dark_forest","red_basket",6,0,0,1,"purple_gnome","dark_forest","red_basket",2616,0,4,27,3,219,2,1,"",,,"",,,"",,,"",,,"",,,,,,,"","",,,"",,,"",,,"",,,,,,,"",,,"","",,,,,,,,"",,,,,,,"",,,"","","",,,,,,,,"",,,,,,,
"","","",,"","","","","","","",,"","","","","","","",,"","","","","","","",,"","","","","","","",,"","","","","","","",,"","","","","","","",,"","","","","","","",,"","","","","",473322,1,"2024-05-23_19h03.22.429","experiment","2023.2.3","Win32",62.5,"60241d8be372010009703f80","664f1702f723b1deb64680cb","664f84dbbe54e083251e2ac2","",,,"",,,"",,,"",,,"",,,"",,,"",,,,,"",,,"",,,,"",,,"","","",,,"","",,1,,,,"","","",,,,,,,1,,"",,,"",,,,,,,,,,,"","",,,,,,,"","",,,"s",0.423,,"space",0.254,,1,"blue_gnome",1,8,"dark_forest","red_basket","green_gnome",1,2,"bright_forest","yellow_basket",8,0,0,1,"blue_gnome","dark_forest","red_basket",2624,-3,1,27,4,220,0,1,"",,,"",,,"",,,"",,,"",,,,,,,"","",,,"",,,"",,,"",,,,,,,"",,,"","",,,,,,,,"",,,,,,,"",,,"","","",,,,,,,,"",,,,,,,
"","","",,"","","","","","","",,"","","","","","","",,"","","","","","","",,"","","","","","","",,"","","","","","","",,"","","","","","","",,"","","","","","","",,"","","","","",473322,1,"2024-05-23_19h03.22.429","experiment","2023.2.3","Win32",62.5,"60241d8be372010009703f80","664f1702f723b1deb64680cb","664f84dbbe54e083251e2ac2","",,,"",,,"",,,"",,,"",,,"",,,"",,,,,"",,,"",,,,"",,,"","","",,,"","",,1,,,,"","","",,,,,,,4,,"",,,"",,,,,,,,,,,"","",,,,,,,"","",,,"s",0.523,,"space",0.246,,4,"brown_gnome",4,1,"bright_forest","yellow_basket","red_gnome",4,9,"dark_forest","red_basket",1,0,0,1,"brown_gnome","bright_forest","yellow_basket",2625,-1,-1,27,5,221,3,1,"",,,"",,,"",,,"",,,"",,,,,,,"","",,,"",,,"",,,"",,,,,,,"",,,"","",,,,,,,,"",,,,,,,"",,,"","","",,,,,,,,"",,,,,,,
"","","",,"","","","","","","",,"","","","","","","",,"","","","","","","",,"","","","","","","",,"","","","","","","",,"","","","","","","",,"","","","","","","",,"","","","","",473322,1,"2024-05-23_19h03.22.429","experiment","2023.2.3","Win32",62.5,"60241d8be372010009703f80","664f1702f723b1deb64680cb","664f84dbbe54e083251e2ac2","",,,"",,,"",,,"",,,"",,,"",,,"",,,,,"",,,"",,,,"",,,"","","",,,"","",,1,,,,"","","",,,,,,,3,,"",,,"",,,,,,,,,,,"","",,,,,,,"","",,,"k",1.025,,"space",0.377,,3,"orange_gnome",3,0,"bright_forest","yellow_basket","purple_gnome",3,8,"dark_forest","red_basket",8,0,0,1,"purple_gnome","dark_forest","red_basket",2633,-2,4,27,6,222,2,1,"",,,"",,,"",,,"",,,"",,,,,,,"","",,,"",,,"",,,"",,,,,,,"",,,"","",,,,,,,,"",,,,,,,"",,,"","","",,,,,,,,"",,,,,,,
"","","",,"","","","","","","",,"","","","","","","",,"","","","","","","",,"","","","","","","",,"","","","","","","",,"","","","","","","",,"","","","","","","",,"","","","","",473322,1,"2024-05-23_19h03.22.429","experiment","2023.2.3","Win32",62.5,"60241d8be372010009703f80","664f1702f723b1deb64680cb","664f84dbbe54e083251e2ac2","",,,"",,,"",,,"",,,"",,,"",,,"",,,,,"",,,"",,,,"",,,"","","",,,"","",,5,,,,"","","",,,,,,,1,,"",,,"",,,,,,,,,,,"","",,,,,,,"","",,,"s",0.597,,"space",0.184,,1,"blue_gnome",1,6,"dark_forest","red_basket","green_gnome",1,2,"bright_forest","yellow_basket",30,0,0,1,"blue_gnome","dark_forest","red_basket",2663,1,-1,27,7,223,4,1,"",,,"",,,"",,,"",,,"",,,,,,,"","",,,"",,,"",,,"",,,,,,,"",,,"","",,,,,,,,"",,,,,,,"",,,"","","",,,,,,,,"",,,,,,,
"","","",,"","","","","","","",,"","","","","","","",,"","","","","","","",,"","","","","","","",,"","","","","","","",,"","","","","","","",,"","","","","","","",,"","","","","",473322,1,"2024-05-23_19h03.22.429","experiment","2023.2.3","Win32",62.5,"60241d8be372010009703f80","664f1702f723b1deb64680cb","664f84dbbe54e083251e2ac2","",,,"",,,"",,,"",,,"",,,"",,,"",,,,,"",,,"",,,,"",,,"","","",,,"","",,1,,,,"","","",,,,,,,2,,"",,,"",,,,,,,,,,,"","",,,,,,,"","",,,"k",0.405,,"space",0.458,,2,"yellow_gnome",2,3,"bright_forest","yellow_basket","pink_gnome",2,5,"dark_forest","red_basket",5,0,0,1,"pink_gnome","dark_forest","red_basket",2668,5,1,28,0,224,1,1,"",,,"",,,"",,,"",,,"",,,,,,,"","",,,"",,,"",,,"",,,,,,,"",,,"","",,,,,,,,"",,,,,,,"",,,"","","",,,,,,,,"",,,,,,,
"","","",,"","","","","","","",,"","","","","","","",,"","","","","","","",,"","","","","","","",,"","","","","","","",,"","","","","","","",,"","","","","","","",,"","","","","",473322,1,"2024-05-23_19h03.22.429","experiment","2023.2.3","Win32",62.5,"60241d8be372010009703f80","664f1702f723b1deb64680cb","664f84dbbe54e083251e2ac2","",,,"",,,"",,,"",,,"",,,"",,,"",,,,,"",,,"",,,,"",,,"","","",,,"","",,1,,,,"","","",,,,,,,3,,"",,,"",,,,,,,,,,,"","",,,,,,,"","",,,"s",0.373,,"space",0.265,,3,"purple_gnome",3,6,"dark_forest","red_basket","orange_gnome",3,8,"bright_forest","yellow_basket",6,0,0,1,"purple_gnome","dark_forest","red_basket",2674,-1,-2,28,1,225,2,1,"",,,"",,,"",,,"",,,"",,,,,,,"","",,,"",,,"",,,"",,,,,,,"",,,"","",,,,,,,,"",,,,,,,"",,,"","","",,,,,,,,"",,,,,,,
"","","",,"","","","","","","",,"","","","","","","",,"","","","","","","",,"","","","","","","",,"","","","","","","",,"","","","","","","",,"","","","","","","",,"","","","","",473322,1,"2024-05-23_19h03.22.429","experiment","2023.2.3","Win32",62.5,"60241d8be372010009703f80","664f1702f723b1deb64680cb","664f84dbbe54e083251e2ac2","",,,"",,,"",,,"",,,"",,,"",,,"",,,,,"",,,"",,,,"",,,"","","",,,"","",,5,,,,"","","",,,,,,,1,,"",,,"",,,,,,,,,,,"","",,,,,,,"","",,,"s",0.411,,"space",0.14,,1,"blue_gnome",1,4,"dark_forest","red_basket","green_gnome",1,7,"bright_forest","yellow_basket",20,0,0,1,"blue_gnome","dark_forest","red_basket",2694,-1,0,28,2,226,4,1,"",,,"",,,"",,,"",,,"",,,,,,,"","",,,"",,,"",,,"",,,,,,,"",,,"","",,,,,,,,"",,,,,,,"",,,"","","",,,,,,,,"",,,,,,,
"","","",,"","","","","","","",,"","","","","","","",,"","","","","","","",,"","","","","","","",,"","","","","","","",,"","","","","","","",,"","","","","","","",,"","","","","",473322,1,"2024-05-23_19h03.22.429","experiment","2023.2.3","Win32",62.5,"60241d8be372010009703f80","664f1702f723b1deb64680cb","664f84dbbe54e083251e2ac2","",,,"",,,"",,,"",,,"",,,"",,,"",,,,,"",,,"",,,,"",,,"","","",,,"","",,1,,,,"","","",,,,,,,4,,"",,,"",,,,,,,,,,,"","",,,,,,,"","",,,"s",0.44,,"space",0.172,,4,"brown_gnome",4,6,"bright_forest","yellow_basket","red_gnome",4,4,"dark_forest","red_basket",6,0,0,1,"brown_gnome","bright_forest","yellow_basket",2700,2,0,28,3,227,3,1,"",,,"",,,"",,,"",,,"",,,,,,,"","",,,"",,,"",,,"",,,,,,,"",,,"","",,,,,,,,"",,,,,,,"",,,"","","",,,,,,,,"",,,,,,,
"","","",,"","","","","","","",,"","","","","","","",,"","","","","","","",,"","","","","","","",,"","","","","","","",,"","","","","","","",,"","","","","","","",,"","","","","",473322,1,"2024-05-23_19h03.22.429","experiment","2023.2.3","Win32",62.5,"60241d8be372010009703f80","664f1702f723b1deb64680cb","664f84dbbe54e083251e2ac2","",,,"",,,"",,,"",,,"",,,"",,,"",,,,,"",,,"",,,,"",,,"","","",,,"","",,1,,,,"","","",,,,,,,4,,"",,,"",,,,,,,,,,,"","",,,,,,,"","",,,"k",0.388,,"space",0.176,,4,"red_gnome",4,4,"dark_forest","red_basket","brown_gnome",4,8,"bright_forest","yellow_basket",8,0,0,1,"brown_gnome","bright_forest","yellow_basket",2708,3,-3,28,4,228,3,1,"",,,"",,,"",,,"",,,"",,,,,,,"","",,,"",,,"",,,"",,,,,,,"",,,"","",,,,,,,,"",,,,,,,"",,,"","","",,,,,,,,"",,,,,,,
"","","",,"","","","","","","",,"","","","","","","",,"","","","","","","",,"","","","","","","",,"","","","","","","",,"","","","","","","",,"","","","","","","",,"","","","","",473322,1,"2024-05-23_19h03.22.429","experiment","2023.2.3","Win32",62.5,"60241d8be372010009703f80","664f1702f723b1deb64680cb","664f84dbbe54e083251e2ac2","",,,"",,,"",,,"",,,"",,,"",,,"",,,,,"",,,"",,,,"",,,"","","",,,"","",,5,,,,"","","",,,,,,,3,,"",,,"",,,,,,,,,,,"","",,,,,,,"","",,,"k",0.432,,"space",0.071,,3,"orange_gnome",3,7,"bright_forest","yellow_basket","purple_gnome",3,1,"dark_forest","red_basket",5,0,0,1,"purple_gnome","dark_forest","red_basket",2713,0,-4,28,5,229,6,1,"",,,"",,,"",,,"",,,"",,,,,,,"","",,,"",,,"",,,"",,,,,,,"",,,"","",,,,,,,,"",,,,,,,"",,,"","","",,,,,,,,"",,,,,,,
"","","",,"","","","","","","",,"","","","","","","",,"","","","","","","",,"","","","","","","",,"","","","","","","",,"","","","","","","",,"","","","","","","",,"","","","","",473322,1,"2024-05-23_19h03.22.429","experiment","2023.2.3","Win32",62.5,"60241d8be372010009703f80","664f1702f723b1deb64680cb","664f84dbbe54e083251e2ac2","",,,"",,,"",,,"",,,"",,,"",,,"",,,,,"",,,"",,,,"",,,"","","",,,"","",,1,,,,"","","",,,,,,,2,,"",,,"",,,,,,,,,,,"","",,,,,,,"","",,,"s",0.49,,"space",0.22,,2,"pink_gnome",2,3,"dark_forest","red_basket","yellow_gnome",2,7,"bright_forest","yellow_basket",3,0,0,1,"pink_gnome","dark_forest","red_basket",2716,-2,2,28,6,230,1,1,"",,,"",,,"",,,"",,,"",,,,,,,"","",,,"",,,"",,,"",,,,,,,"",,,"","",,,,,,,,"",,,,,,,"",,,"","","",,,,,,,,"",,,,,,,
"","","",,"","","","","","","",,"","","","","","","",,"","","","","","","",,"","","","","","","",,"","","","","","","",,"","","","","","","",,"","","","","","","",,"","","","","",473322,1,"2024-05-23_19h03.22.429","experiment","2023.2.3","Win32",62.5,"60241d8be372010009703f80","664f1702f723b1deb64680cb","664f84dbbe54e083251e2ac2","",,,"",,,"",,,"",,,"",,,"",,,"",,,,,"",,,"",,,,"",,,"","","",,,"","",,5,,,,"","","",,,,,,,4,,"",,,"",,,,,,,,,,,"","",,,,,,,"","",,,"k",0.81,,"space",0.398,,4,"red_gnome",4,5,"dark_forest","red_basket","brown_gnome",4,5,"bright_forest","yellow_basket",25,0,0,1,"brown_gnome","bright_forest","yellow_basket",2741,-1,-1,28,7,231,7,1,"",,,"",,,"",,,"",,,"",,,,,,,"","",,,"",,,"",,,"",,,,,,,"",,,"","",,,,,,,,"",,,,,,,"",,,"","","",,,,,,,,"",,,,,,,
"","","",,"","","","","","","",,"","","","","","","",,"","","","","","","",,"","","","","","","",,"","","","","","","",,"","","","","","","",,"","","","","","","",,"","","","","",473322,1,"2024-05-23_19h03.22.429","experiment","2023.2.3","Win32",62.5,"60241d8be372010009703f80","664f1702f723b1deb64680cb","664f84dbbe54e083251e2ac2","",,,"",,,"",,,"",,,"",,,"",,,"",,,,,"",,,"",,,,"",,,"","","",,,"","",,5,,,,"","","",,,,,,,2,,"",,,"",,,,,,,,,,,"","",,,,,,,"","",,,"k",0.446,,"space",0.31,,2,"yellow_gnome",2,4,"bright_forest","yellow_basket","pink_gnome",2,4,"dark_forest","red_basket",20,0,0,1,"pink_gnome","dark_forest","red_basket",2761,1,0,29,0,232,5,1,"",,,"",,,"",,,"",,,"",,,,,,,"","",,,"",,,"",,,"",,,,,,,"",,,"","",,,,,,,,"",,,,,,,"",,,"","","",,,,,,,,"",,,,,,,
"","","",,"","","","","","","",,"","","","","","","",,"","","","","","","",,"","","","","","","",,"","","","","","","",,"","","","","","","",,"","","","","","","",,"","","","","",473322,1,"2024-05-23_19h03.22.429","experiment","2023.2.3","Win32",62.5,"60241d8be372010009703f80","664f1702f723b1deb64680cb","664f84dbbe54e083251e2ac2","",,,"",,,"",,,"",,,"",,,"",,,"",,,,,"",,,"",,,,"",,,"","","",,,"","",,1,,,,"","","",,,,,,,4,,"",,,"",,,,,,,,,,,"","",,,,,,,"","",,,"k",0.441,,"space",0.097,,4,"red_gnome",4,4,"dark_forest","red_basket","brown_gnome",4,5,"bright_forest","yellow_basket",5,0,0,1,"brown_gnome","bright_forest","yellow_basket",2766,-3,0,29,1,233,3,1,"",,,"",,,"",,,"",,,"",,,,,,,"","",,,"",,,"",,,"",,,,,,,"",,,"","",,,,,,,,"",,,,,,,"",,,"","","",,,,,,,,"",,,,,,,
"","","",,"","","","","","","",,"","","","","","","",,"","","","","","","",,"","","","","","","",,"","","","","","","",,"","","","","","","",,"","","","","","","",,"","","","","",473322,1,"2024-05-23_19h03.22.429","experiment","2023.2.3","Win32",62.5,"60241d8be372010009703f80","664f1702f723b1deb64680cb","664f84dbbe54e083251e2ac2","",,,"",,,"",,,"",,,"",,,"",,,"",,,,,"",,,"",,,,"",,,"","","",,,"","",,1,,,,"","","",,,,,,,1,,"",,,"",,,,,,,,,,,"","",,,,,,,"","",,,"s",0.449,,"space",0.14,,1,"blue_gnome",1,4,"dark_forest","red_basket","green_gnome",1,2,"bright_forest","yellow_basket",4,0,0,1,"blue_gnome","dark_forest","red_basket",2770,0,-1,29,2,234,0,1,"",,,"",,,"",,,"",,,"",,,,,,,"","",,,"",,,"",,,"",,,,,,,"",,,"","",,,,,,,,"",,,,,,,"",,,"","","",,,,,,,,"",,,,,,,
"","","",,"","","","","","","",,"","","","","","","",,"","","","","","","",,"","","","","","","",,"","","","","","","",,"","","","","","","",,"","","","","","","",,"","","","","",473322,1,"2024-05-23_19h03.22.429","experiment","2023.2.3","Win32",62.5,"60241d8be372010009703f80","664f1702f723b1deb64680cb","664f84dbbe54e083251e2ac2","",,,"",,,"",,,"",,,"",,,"",,,"",,,,,"",,,"",,,,"",,,"","","",,,"","",,1,,,,"","","",,,,,,,2,,"",,,"",,,,,,,,,,,"","",,,,,,,"","",,,"k",0.379,,"space",0.16,,2,"yellow_gnome",2,2,"bright_forest","yellow_basket","pink_gnome",2,3,"dark_forest","red_basket",3,0,0,1,"pink_gnome","dark_forest","red_basket",2773,1,-1,29,3,235,1,1,"",,,"",,,"",,,"",,,"",,,,,,,"","",,,"",,,"",,,"",,,,,,,"",,,"","",,,,,,,,"",,,,,,,"",,,"","","",,,,,,,,"",,,,,,,
"","","",,"","","","","","","",,"","","","","","","",,"","","","","","","",,"","","","","","","",,"","","","","","","",,"","","","","","","",,"","","","","","","",,"","","","","",473322,1,"2024-05-23_19h03.22.429","experiment","2023.2.3","Win32",62.5,"60241d8be372010009703f80","664f1702f723b1deb64680cb","664f84dbbe54e083251e2ac2","",,,"",,,"",,,"",,,"",,,"",,,"",,,,,"",,,"",,,,"",,,"","","",,,"","",,1,,,,"","","",,,,,,,3,,"",,,"",,,,,,,,,,,"","",,,,,,,"","",,,"k",0.411,,"space",0.207,,3,"orange_gnome",3,3,"bright_forest","yellow_basket","purple_gnome",3,2,"dark_forest","red_basket",2,0,0,1,"purple_gnome","dark_forest","red_basket",2775,0,0,29,4,236,2,1,"",,,"",,,"",,,"",,,"",,,,,,,"","",,,"",,,"",,,"",,,,,,,"",,,"","",,,,,,,,"",,,,,,,"",,,"","","",,,,,,,,"",,,,,,,
"","","",,"","","","","","","",,"","","","","","","",,"","","","","","","",,"","","","","","","",,"","","","","","","",,"","","","","","","",,"","","","","","","",,"","","","","",473322,1,"2024-05-23_19h03.22.429","experiment","2023.2.3","Win32",62.5,"60241d8be372010009703f80","664f1702f723b1deb64680cb","664f84dbbe54e083251e2ac2","",,,"",,,"",,,"",,,"",,,"",,,"",,,,,"",,,"",,,,"",,,"","","",,,"","",,1,,,,"","","",,,,,,,2,,"",,,"",,,,,,,,,,,"","",,,,,,,"","",,,"k",0.386,,"space",0.173,,2,"yellow_gnome",2,3,"bright_forest","yellow_basket","pink_gnome",2,2,"dark_forest","red_basket",2,0,0,1,"pink_gnome","dark_forest","red_basket",2777,-2,-2,29,5,237,1,1,"",,,"",,,"",,,"",,,"",,,,,,,"","",,,"",,,"",,,"",,,,,,,"",,,"","",,,,,,,,"",,,,,,,"",,,"","","",,,,,,,,"",,,,,,,
"","","",,"","","","","","","",,"","","","","","","",,"","","","","","","",,"","","","","","","",,"","","","","","","",,"","","","","","","",,"","","","","","","",,"","","","","",473322,1,"2024-05-23_19h03.22.429","experiment","2023.2.3","Win32",62.5,"60241d8be372010009703f80","664f1702f723b1deb64680cb","664f84dbbe54e083251e2ac2","",,,"",,,"",,,"",,,"",,,"",,,"",,,,,"",,,"",,,,"",,,"","","",,,"","",,5,,,,"","","",,,,,,,2,,"",,,"",,,,,,,,,,,"","",,,,,,,"","",,,"s",0.344,,"space",0.062,,2,"pink_gnome",2,0,"dark_forest","red_basket","yellow_gnome",2,1,"bright_forest","yellow_basket",0,0,0,1,"pink_gnome","dark_forest","red_basket",2777,-2,-5,29,6,238,5,1,"",,,"",,,"",,,"",,,"",,,,,,,"","",,,"",,,"",,,"",,,,,,,"",,,"","",,,,,,,,"",,,,,,,"",,,"","","",,,,,,,,"",,,,,,,
"","","",,"","","","","","","",,"","","","","","","",,"","","","","","","",,"","","","","","","",,"","","","","","","",,"","","","","","","",,"","","","","","","",,"","","","","",473322,1,"2024-05-23_19h03.22.429","experiment","2023.2.3","Win32",62.5,"60241d8be372010009703f80","664f1702f723b1deb64680cb","664f84dbbe54e083251e2ac2","",,,"",,,"",,,"",,,"",,,"",,,"",,,,,"",,,"",,,,"",,,"","","",,,"","",,1,,,,"","","",,,,,,,3,,"",,,"",,,,,,,,,,,"","",,,,,,,"","",,,"s",0.421,,"space",0.18,,3,"purple_gnome",3,5,"dark_forest","red_basket","orange_gnome",3,1,"bright_forest","yellow_basket",5,0,0,1,"purple_gnome","dark_forest","red_basket",2782,0,-1,29,7,239,2,1,"",,,"",,,"",,,"",,,"",,,,,,,"","",,,"",,,"",,,"",,,,,,,"",,,"","",,,,,,,,"",,,,,,,"",,,"","","",,,,,,,,"",,,,,,,
"","","",,"","","","","","","",,"","","","","","","",,"","","","","","","",,"","","","","","","",,"","","","","","","",,"","","","","","","",,"","","","","","","",,"","","","","",473322,1,"2024-05-23_19h03.22.429","experiment","2023.2.3","Win32",62.5,"60241d8be372010009703f80","664f1702f723b1deb64680cb","664f84dbbe54e083251e2ac2","",,,"",,,"",,,"",,,"",,,"",,,"",,,,,"",,,"",,,,"",,,"","","",,,"","",,1,,,,"","","",,,,,,,2,,"",,,"",,,,,,,,,,,"","",,,,,,,"","",,,"k",0.452,,"space",0.088,,2,"yellow_gnome",2,1,"bright_forest","yellow_basket","pink_gnome",2,4,"dark_forest","red_basket",4,0,0,1,"pink_gnome","dark_forest","red_basket",2786,0,3,30,0,240,1,1,"",,,"",,,"",,,"",,,"",,,,,,,"","",,,"",,,"",,,"",,,,,,,"",,,"","",,,,,,,,"",,,,,,,"",,,"","","",,,,,,,,"",,,,,,,
"","","",,"","","","","","","",,"","","","","","","",,"","","","","","","",,"","","","","","","",,"","","","","","","",,"","","","","","","",,"","","","","","","",,"","","","","",473322,1,"2024-05-23_19h03.22.429","experiment","2023.2.3","Win32",62.5,"60241d8be372010009703f80","664f1702f723b1deb64680cb","664f84dbbe54e083251e2ac2","",,,"",,,"",,,"",,,"",,,"",,,"",,,,,"",,,"",,,,"",,,"","","",,,"","",,1,,,,"","","",,,,,,,4,,"",,,"",,,,,,,,,,,"","",,,,,,,"","",,,"k",0.388,,"space",0.161,,4,"red_gnome",4,7,"dark_forest","red_basket","brown_gnome",4,1,"bright_forest","yellow_basket",1,0,0,1,"brown_gnome","bright_forest","yellow_basket",2787,-3,1,30,1,241,3,1,"",,,"",,,"",,,"",,,"",,,,,,,"","",,,"",,,"",,,"",,,,,,,"",,,"","",,,,,,,,"",,,,,,,"",,,"","","",,,,,,,,"",,,,,,,
"","","",,"","","","","","","",,"","","","","","","",,"","","","","","","",,"","","","","","","",,"","","","","","","",,"","","","","","","",,"","","","","","","",,"","","","","",473322,1,"2024-05-23_19h03.22.429","experiment","2023.2.3","Win32",62.5,"60241d8be372010009703f80","664f1702f723b1deb64680cb","664f84dbbe54e083251e2ac2","",,,"",,,"",,,"",,,"",,,"",,,"",,,,,"",,,"",,,,"",,,"","","",,,"","",,1,,,,"","","",,,,,,,1,,"",,,"",,,,,,,,,,,"","",,,,,,,"","",,,"s",0.346,,"space",0.127,,1,"blue_gnome",1,8,"dark_forest","red_basket","green_gnome",1,2,"bright_forest","yellow_basket",8,0,0,1,"blue_gnome","dark_forest","red_basket",2795,1,2,30,2,242,0,1,"",,,"",,,"",,,"",,,"",,,,,,,"","",,,"",,,"",,,"",,,,,,,"",,,"","",,,,,,,,"",,,,,,,"",,,"","","",,,,,,,,"",,,,,,,
"","","",,"","","","","","","",,"","","","","","","",,"","","","","","","",,"","","","","","","",,"","","","","","","",,"","","","","","","",,"","","","","","","",,"","","","","",473322,1,"2024-05-23_19h03.22.429","experiment","2023.2.3","Win32",62.5,"60241d8be372010009703f80","664f1702f723b1deb64680cb","664f84dbbe54e083251e2ac2","",,,"",,,"",,,"",,,"",,,"",,,"",,,,,"",,,"",,,,"",,,"","","",,,"","",,1,,,,"","","",,,,,,,2,,"",,,"",,,,,,,,,,,"","",,,,,,,"","",,,"s",0.413,,"space",0.106,,2,"pink_gnome",2,8,"dark_forest","red_basket","yellow_gnome",2,3,"bright_forest","yellow_basket",8,0,0,1,"pink_gnome","dark_forest","red_basket",2803,1,-1,30,3,243,1,1,"",,,"",,,"",,,"",,,"",,,,,,,"","",,,"",,,"",,,"",,,,,,,"",,,"","",,,,,,,,"",,,,,,,"",,,"","","",,,,,,,,"",,,,,,,
"","","",,"","","","","","","",,"","","","","","","",,"","","","","","","",,"","","","","","","",,"","","","","","","",,"","","","","","","",,"","","","","","","",,"","","","","",473322,1,"2024-05-23_19h03.22.429","experiment","2023.2.3","Win32",62.5,"60241d8be372010009703f80","664f1702f723b1deb64680cb","664f84dbbe54e083251e2ac2","",,,"",,,"",,,"",,,"",,,"",,,"",,,,,"",,,"",,,,"",,,"","","",,,"","",,5,,,,"","","",,,,,,,2,,"",,,"",,,,,,,,,,,"","",,,,,,,"","",,,"s",0.389,,"space",0.125,,2,"pink_gnome",2,7,"dark_forest","red_basket","yellow_gnome",2,4,"bright_forest","yellow_basket",35,0,0,1,"pink_gnome","dark_forest","red_basket",2838,0,-1,30,4,244,5,1,"",,,"",,,"",,,"",,,"",,,,,,,"","",,,"",,,"",,,"",,,,,,,"",,,"","",,,,,,,,"",,,,,,,"",,,"","","",,,,,,,,"",,,,,,,
"","","",,"","","","","","","",,"","","","","","","",,"","","","","","","",,"","","","","","","",,"","","","","","","",,"","","","","","","",,"","","","","","","",,"","","","","",473322,1,"2024-05-23_19h03.22.429","experiment","2023.2.3","Win32",62.5,"60241d8be372010009703f80","664f1702f723b1deb64680cb","664f84dbbe54e083251e2ac2","",,,"",,,"",,,"",,,"",,,"",,,"",,,,,"",,,"",,,,"",,,"","","",,,"","",,5,,,,"","","",,,,,,,3,,"",,,"",,,,,,,,,,,"","",,,,,,,"","",,,"s",0.374,,"space",0.119,,3,"purple_gnome",3,6,"dark_forest","red_basket","orange_gnome",3,4,"bright_forest","yellow_basket",30,0,0,1,"purple_gnome","dark_forest","red_basket",2868,-1,3,30,5,245,6,1,"",,,"",,,"",,,"",,,"",,,,,,,"","",,,"",,,"",,,"",,,,,,,"",,,"","",,,,,,,,"",,,,,,,"",,,"","","",,,,,,,,"",,,,,,,
"","","",,"","","","","","","",,"","","","","","","",,"","","","","","","",,"","","","","","","",,"","","","","","","",,"","","","","","","",,"","","","","","","",,"","","","","",473322,1,"2024-05-23_19h03.22.429","experiment","2023.2.3","Win32",62.5,"60241d8be372010009703f80","664f1702f723b1deb64680cb","664f84dbbe54e083251e2ac2","",,,"",,,"",,,"",,,"",,,"",,,"",,,,,"",,,"",,,,"",,,"","","",,,"","",,5,,,,"","","",,,,,,,2,,"",,,"",,,,,,,,,,,"","",,,,,,,"","",,,"k",0.361,,"space",0.046,,2,"yellow_gnome",2,3,"bright_forest","yellow_basket","pink_gnome",2,9,"dark_forest","red_basket",45,0,0,1,"pink_gnome","dark_forest","red_basket",2913,2,0,30,6,246,5,1,"",,,"",,,"",,,"",,,"",,,,,,,"","",,,"",,,"",,,"",,,,,,,"",,,"","",,,,,,,,"",,,,,,,"",,,"","","",,,,,,,,"",,,,,,,
"","","",,"","","","","","","",,"","","","","","","",,"","","","","","","",,"","","","","","","",,"","","","","","","",,"","","","","","","",,"","","","","","","",,"","","","","",473322,1,"2024-05-23_19h03.22.429","experiment","2023.2.3","Win32",62.5,"60241d8be372010009703f80","664f1702f723b1deb64680cb","664f84dbbe54e083251e2ac2","",,,"",,,"",,,"",,,"",,,"",,,"",,,,,"",,,"",,,,"",,,"","","",,,"","",,5,,,,"","","",,,,,,,4,,"",,,"",,,,,,,,,,,"","",,,,,,,"","",,,"s",0.577,,"space",0.073,,4,"brown_gnome",4,5,"bright_forest","yellow_basket","red_gnome",4,9,"dark_forest","red_basket",25,0,0,1,"brown_gnome","bright_forest","yellow_basket",2938,3,2,30,7,247,7,1,"",,,"",,,"",,,"",,,"",,,,,,,"","",,,"",,,"",,,"",,,,,,,"",,,"","",,,,,,,,"",,,,,,,"",,,"","","",,,,,,,,"",,,,,,,
"","","",,"","","","","","","",,"","","","","","","",,"","","","","","","",,"","","","","","","",,"","","","","","","",,"","","","","","","",,"","","","","","","",,"","","","","",473322,1,"2024-05-23_19h03.22.429","experiment","2023.2.3","Win32",62.5,"60241d8be372010009703f80","664f1702f723b1deb64680cb","664f84dbbe54e083251e2ac2","",,,"",,,"",,,"",,,"",,,"",,,"",,,,,"",,,"",,,,"",,,"","","",,,"","",,1,,,,"","","",,,,,,,4,,"",,,"",,,,,,,,,,,"","",,,,,,,"","",,,"s",0.406,,"space",0.166,,4,"brown_gnome",4,8,"bright_forest","yellow_basket","red_gnome",4,7,"dark_forest","red_basket",8,0,0,1,"brown_gnome","bright_forest","yellow_basket",2946,1,1,31,0,248,3,1,"",,,"",,,"",,,"",,,"",,,,,,,"","",,,"",,,"",,,"",,,,,,,"",,,"","",,,,,,,,"",,,,,,,"",,,"","","",,,,,,,,"",,,,,,,
"","","",,"","","","","","","",,"","","","","","","",,"","","","","","","",,"","","","","","","",,"","","","","","","",,"","","","","","","",,"","","","","","","",,"","","","","",473322,1,"2024-05-23_19h03.22.429","experiment","2023.2.3","Win32",62.5,"60241d8be372010009703f80","664f1702f723b1deb64680cb","664f84dbbe54e083251e2ac2","",,,"",,,"",,,"",,,"",,,"",,,"",,,,,"",,,"",,,,"",,,"","","",,,"","",,1,,,,"","","",,,,,,,1,,"",,,"",,,,,,,,,,,"","",,,,,,,"","",,,"k",0.397,,"space",0.196,,1,"green_gnome",1,9,"bright_forest","yellow_basket","blue_gnome",1,8,"dark_forest","red_basket",8,0,0,1,"blue_gnome","dark_forest","red_basket",2954,-4,3,31,1,249,0,1,"",,,"",,,"",,,"",,,"",,,,,,,"","",,,"",,,"",,,"",,,,,,,"",,,"","",,,,,,,,"",,,,,,,"",,,"","","",,,,,,,,"",,,,,,,
"","","",,"","","","","","","",,"","","","","","","",,"","","","","","","",,"","","","","","","",,"","","","","","","",,"","","","","","","",,"","","","","","","",,"","","","","",473322,1,"2024-05-23_19h03.22.429","experiment","2023.2.3","Win32",62.5,"60241d8be372010009703f80","664f1702f723b1deb64680cb","664f84dbbe54e083251e2ac2","",,,"",,,"",,,"",,,"",,,"",,,"",,,,,"",,,"",,,,"",,,"","","",,,"","",,1,,,,"","","",,,,,,,2,,"",,,"",,,,,,,,,,,"","",,,,,,,"","",,,"k",0.42,,"space",0.061,,2,"yellow_gnome",2,5,"bright_forest","yellow_basket","pink_gnome",2,7,"dark_forest","red_basket",7,0,0,1,"pink_gnome","dark_forest","red_basket",2961,2,-2,31,2,250,1,1,"",,,"",,,"",,,"",,,"",,,,,,,"","",,,"",,,"",,,"",,,,,,,"",,,"","",,,,,,,,"",,,,,,,"",,,"","","",,,,,,,,"",,,,,,,
"","","",,"","","","","","","",,"","","","","","","",,"","","","","","","",,"","","","","","","",,"","","","","","","",,"","","","","","","",,"","","","","","","",,"","","","","",473322,1,"2024-05-23_19h03.22.429","experiment","2023.2.3","Win32",62.5,"60241d8be372010009703f80","664f1702f723b1deb64680cb","664f84dbbe54e083251e2ac2","",,,"",,,"",,,"",,,"",,,"",,,"",,,,,"",,,"",,,,"",,,"","","",,,"","",,5,,,,"","","",,,,,,,3,,"",,,"",,,,,,,,,,,"","",,,,,,,"","",,,"k",0.375,,"space",0.157,,3,"orange_gnome",3,7,"bright_forest","yellow_basket","purple_gnome",3,5,"dark_forest","red_basket",25,0,0,1,"purple_gnome","dark_forest","red_basket",2986,1,-2,31,3,251,6,1,"",,,"",,,"",,,"",,,"",,,,,,,"","",,,"",,,"",,,"",,,,,,,"",,,"","",,,,,,,,"",,,,,,,"",,,"","","",,,,,,,,"",,,,,,,
"","","",,"","","","","","","",,"","","","","","","",,"","","","","","","",,"","","","","","","",,"","","","","","","",,"","","","","","","",,"","","","","","","",,"","","","","",473322,1,"2024-05-23_19h03.22.429","experiment","2023.2.3","Win32",62.5,"60241d8be372010009703f80","664f1702f723b1deb64680cb","664f84dbbe54e083251e2ac2","",,,"",,,"",,,"",,,"",,,"",,,"",,,,,"",,,"",,,,"",,,"","","",,,"","",,1,,,,"","","",,,,,,,1,,"",,,"",,,,,,,,,,,"","",,,,,,,"","",,,"k",0.356,,"space",0.119,,1,"green_gnome",1,8,"bright_forest","yellow_basket","blue_gnome",1,3,"dark_forest","red_basket",3,0,0,1,"blue_gnome","dark_forest","red_basket",2989,1,-2,31,4,252,0,1,"",,,"",,,"",,,"",,,"",,,,,,,"","",,,"",,,"",,,"",,,,,,,"",,,"","",,,,,,,,"",,,,,,,"",,,"","","",,,,,,,,"",,,,,,,
"","","",,"","","","","","","",,"","","","","","","",,"","","","","","","",,"","","","","","","",,"","","","","","","",,"","","","","","","",,"","","","","","","",,"","","","","",473322,1,"2024-05-23_19h03.22.429","experiment","2023.2.3","Win32",62.5,"60241d8be372010009703f80","664f1702f723b1deb64680cb","664f84dbbe54e083251e2ac2","",,,"",,,"",,,"",,,"",,,"",,,"",,,,,"",,,"",,,,"",,,"","","",,,"","",,1,,,,"","","",,,,,,,3,,"",,,"",,,,,,,,,,,"","",,,,,,,"","",,,"s",0.395,,"space",0.127,,3,"purple_gnome",3,1,"dark_forest","red_basket","orange_gnome",3,9,"bright_forest","yellow_basket",1,0,0,1,"purple_gnome","dark_forest","red_basket",2990,0,-6,31,5,253,2,1,"",,,"",,,"",,,"",,,"",,,,,,,"","",,,"",,,"",,,"",,,,,,,"",,,"","",,,,,,,,"",,,,,,,"",,,"","","",,,,,,,,"",,,,,,,
"","","",,"","","","","","","",,"","","","","","","",,"","","","","","","",,"","","","","","","",,"","","","","","","",,"","","","","","","",,"","","","","","","",,"","","","","",473322,1,"2024-05-23_19h03.22.429","experiment","2023.2.3","Win32",62.5,"60241d8be372010009703f80","664f1702f723b1deb64680cb","664f84dbbe54e083251e2ac2","",,,"",,,"",,,"",,,"",,,"",,,"",,,,,"",,,"",,,,"",,,"","","",,,"","",,5,,,,"","","",,,,,,,2,,"",,,"",,,,,,,,,,,"","",,,,,,,"","",,,"k",0.315,,"space",0.058,,2,"yellow_gnome",2,9,"bright_forest","yellow_basket","pink_gnome",2,5,"dark_forest","red_basket",25,0,0,1,"pink_gnome","dark_forest","red_basket",3015,-3,1,31,6,254,5,1,"",,,"",,,"",,,"",,,"",,,,,,,"","",,,"",,,"",,,"",,,,,,,"",,,"","",,,,,,,,"",,,,,,,"",,,"","","",,,,,,,,"",,,,,,,
"","","",,"","","","","","","",,"","","","","","","",,"","","","","","","",,"","","","","","","",,"","","","","","","",,"","","","","","","",,"","","","","","","",,"","","","","",473322,1,"2024-05-23_19h03.22.429","experiment","2023.2.3","Win32",62.5,"60241d8be372010009703f80","664f1702f723b1deb64680cb","664f84dbbe54e083251e2ac2","",,,"",,,"",,,"",,,"",,,"",,,"",,,,,"",,,"",,,,"",,,"","","",,,"","",,5,,,,"","","",,,,,,,4,,"",,,"",,,,,,,,,,,"","",,,,,,,"","",,,"s",0.391,,"space",0.136,,4,"brown_gnome",4,6,"bright_forest","yellow_basket","red_gnome",4,6,"dark_forest","red_basket",30,0,0,1,"brown_gnome","bright_forest","yellow_basket",3045,-3,0,31,7,255,7,1,"",,,"",,,"",,,"",,,"",,,,,,,"","",,,"",,,"",,,"",,,,,,,"",,,"","",,,,,,,,"",,,,,,,"",,,"","","",,,,,,,,"",,,,,,,
"","","",,"","","","","","","",,"","","","","","","",,"","","","","","","",,"","","","","","","",,"","","","","","","",,"","","","","","","",,"","","","","","","",,"","","","","",473322,1,"2024-05-23_19h03.22.429","experiment","2023.2.3","Win32",62.5,"60241d8be372010009703f80","664f1702f723b1deb64680cb","664f84dbbe54e083251e2ac2","",,,"",,,"",,,"",,,"",,,"",,,"",,,,,"",,,"",,,,"",,,"","","",,,"","",,,,,,"","","",,,,,,,,,"",,,"",,,2216.482,2218.315,0.598557305,-0.307155277,1,0,0,1.824,"t_advice_finished_typing_rect","",,,,,,,"","",,,"",,,"",,,,"",,,"","","",,,"","",,,,,"","","",,,,,,,,,"",,,"space",4.453,,"space",22.79,,"space",2.499,,"Make sure to trial a bit at the start to see if you can find anything else out, but I found that just picking the one with the tall hat gave me the best results.",0.610590555,-0.319188526,1,0,0,32.311,"vb_finished_typing_rect","space",10.634,,"space",12.275,,"space",2.324,,"space",1.936,,,,,,"space",0.149,,"orange_gnome","yellow_gnome",0,0,0,27,1,6,7,"",,,,,,,"",,,"","","",,,,,,,,"",,,,,,,
"","","",,"","","","","","","",,"","","","","","","",,"","","","","","","",,"","","","","","","",,"","","","","","","",,"","","","","","","",,"","","","","","","",,"","","","","",473322,1,"2024-05-23_19h03.22.429","experiment","2023.2.3","Win32",62.5,"60241d8be372010009703f80","664f1702f723b1deb64680cb","664f84dbbe54e083251e2ac2","",,,"",,,"",,,"",,,"",,,"",,,"",,,,,"",,,"",,,,"",,,"","","",,,"","",,,,,,"","","",,,,,,,,,"",,,"",,,,,,,,,,,"","",,,,,,,"","",,,"",,,"",,,,"",,,"","","",,,"","",,,,,"","","",,,,,,,,,"",,,"",,,"",,,"",,,"",,,,,,,"","",,,"",,,"",,,"",,,24.39628008,8.812,40.31140104,10.315,"space",10.669,,"purple_gnome","green_gnome",0,1,1,9,1,1,4,"",,,,,,,"",,,"","","",,,,,,,,"",,,,,,,
"","","",,"","","","","","","",,"","","","","","","",,"","","","","","","",,"","","","","","","",,"","","","","","","",,"","","","","","","",,"","","","","","","",,"","","","","",473322,1,"2024-05-23_19h03.22.429","experiment","2023.2.3","Win32",62.5,"60241d8be372010009703f80","664f1702f723b1deb64680cb","664f84dbbe54e083251e2ac2","",,,"",,,"",,,"",,,"",,,"",,,"",,,,,"",,,"",,,,"",,,"","","",,,"","",,,,,,"","","",,,,,,,,,"",,,"",,,,,,,,,,,"","",,,,,,,"","",,,"",,,"",,,,"",,,"","","",,,"","",,,,,"","","",,,,,,,,,"",,,"",,,"",,,"",,,"",,,,,,,"","",,,"",,,"",,,"",,,7.648388529,6.643,64.27661669,7.68,"space",7.509,,"pink_gnome","red_gnome",0,2,2,15,1,2,5,"",,,,,,,"",,,"","","",,,,,,,,"",,,,,,,
"","","",,"","","","","","","",,"","","","","","","",,"","","","","","","",,"","","","","","","",,"","","","","","","",,"","","","","","","",,"","","","","","","",,"","","","","",473322,1,"2024-05-23_19h03.22.429","experiment","2023.2.3","Win32",62.5,"60241d8be372010009703f80","664f1702f723b1deb64680cb","664f84dbbe54e083251e2ac2","",,,"",,,"",,,"",,,"",,,"",,,"",,,,,"",,,"",,,,"",,,"","","",,,"","",,,,,,"","","",,,,,,,,,"",,,"",,,,,,,,,,,"","",,,,,,,"","",,,"",,,"",,,,"",,,"","","",,,"","",,,,,"","","",,,,,,,,,"",,,"",,,"",,,"",,,"",,,,,,,"","",,,"",,,"",,,"",,,69.18070885,2.5,53.45063912,3.601,"space",3.376,,"blue_gnome","green_gnome",0,3,3,18,1,3,4,"",,,,,,,"",,,"","","",,,,,,,,"",,,,,,,
"","","",,"","","","","","","",,"","","","","","","",,"","","","","","","",,"","","","","","","",,"","","","","","","",,"","","","","","","",,"","","","","","","",,"","","","","",473322,1,"2024-05-23_19h03.22.429","experiment","2023.2.3","Win32",62.5,"60241d8be372010009703f80","664f1702f723b1deb64680cb","664f84dbbe54e083251e2ac2","",,,"",,,"",,,"",,,"",,,"",,,"",,,,,"",,,"",,,,"",,,"","","",,,"","",,,,,,"","","",,,,,,,,,"",,,"",,,,,,,,,,,"","",,,,,,,"","",,,"",,,"",,,,"",,,"","","",,,"","",,,,,"","","",,,,,,,,,"",,,"",,,"",,,"",,,"",,,,,,,"","",,,"",,,"",,,"",,,0,1.954,96.9396292,4.022,"space",3.832,,"green_gnome","orange_gnome",0,4,4,24,1,4,7,"",,,,,,,"",,,"","","",,,,,,,,"",,,,,,,
"","","",,"","","","","","","",,"","","","","","","",,"","","","","","","",,"","","","","","","",,"","","","","","","",,"","","","","","","",,"","","","","","","",,"","","","","",473322,1,"2024-05-23_19h03.22.429","experiment","2023.2.3","Win32",62.5,"60241d8be372010009703f80","664f1702f723b1deb64680cb","664f84dbbe54e083251e2ac2","",,,"",,,"",,,"",,,"",,,"",,,"",,,,,"",,,"",,,,"",,,"","","",,,"","",,,,,,"","","",,,,,,,,,"",,,"",,,,,,,,,,,"","",,,,,,,"","",,,"",,,"",,,,"",,,"","","",,,"","",,,,,"","","",,,,,,,,,"",,,"",,,"",,,"",,,"",,,,,,,"","",,,"",,,"",,,"",,,65.66456385,3.575,50.67473908,5.135,"space",4.904,,"purple_gnome","yellow_gnome",0,5,5,11,1,1,6,"",,,,,,,"",,,"","","",,,,,,,,"",,,,,,,
"","","",,"","","","","","","",,"","","","","","","",,"","","","","","","",,"","","","","","","",,"","","","","","","",,"","","","","","","",,"","","","","","","",,"","","","","",473322,1,"2024-05-23_19h03.22.429","experiment","2023.2.3","Win32",62.5,"60241d8be372010009703f80","664f1702f723b1deb64680cb","664f84dbbe54e083251e2ac2","",,,"",,,"",,,"",,,"",,,"",,,"",,,,,"",,,"",,,,"",,,"","","",,,"","",,,,,,"","","",,,,,,,,,"",,,"",,,,,,,,,,,"","",,,,,,,"","",,,"",,,"",,,,"",,,"","","",,,"","",,,,,"","","",,,,,,,,,"",,,"",,,"",,,"",,,"",,,,,,,"","",,,"",,,"",,,"",,,60.20530654,2.144,58.53977681,3.078,"space",2.82,,"orange_gnome","blue_gnome",0,6,6,21,1,3,7,"",,,,,,,"",,,"","","",,,,,,,,"",,,,,,,
"","","",,"","","","","","","",,"","","","","","","",,"","","","","","","",,"","","","","","","",,"","","","","","","",,"","","","","","","",,"","","","","","","",,"","","","","",473322,1,"2024-05-23_19h03.22.429","experiment","2023.2.3","Win32",62.5,"60241d8be372010009703f80","664f1702f723b1deb64680cb","664f84dbbe54e083251e2ac2","",,,"",,,"",,,"",,,"",,,"",,,"",,,,,"",,,"",,,,"",,,"","","",,,"","",,,,,,"","","",,,,,,,,,"",,,"",,,,,,,,,,,"","",,,,,,,"","",,,"",,,"",,,,"",,,"","","",,,"","",,,,,"","","",,,,,,,,,"",,,"",,,"",,,"",,,"",,,,,,,"","",,,"",,,"",,,"",,,0,1.936,100,3.086,"space",2.856,,"blue_gnome","pink_gnome",0,7,7,13,1,2,3,"",,,,,,,"",,,"","","",,,,,,,,"",,,,,,,
"","","",,"","","","","","","",,"","","","","","","",,"","","","","","","",,"","","","","","","",,"","","","","","","",,"","","","","","","",,"","","","","","","",,"","","","","",473322,1,"2024-05-23_19h03.22.429","experiment","2023.2.3","Win32",62.5,"60241d8be372010009703f80","664f1702f723b1deb64680cb","664f84dbbe54e083251e2ac2","",,,"",,,"",,,"",,,"",,,"",,,"",,,,,"",,,"",,,,"",,,"","","",,,"","",,,,,,"","","",,,,,,,,,"",,,"",,,,,,,,,,,"","",,,,,,,"","",,,"",,,"",,,,"",,,"","","",,,"","",,,,,"","","",,,,,,,,,"",,,"",,,"",,,"",,,"",,,,,,,"","",,,"",,,"",,,"",,,0,1.826,100,2.906,"space",2.664,,"yellow_gnome","red_gnome",0,8,8,25,1,5,6,"",,,,,,,"",,,"","","",,,,,,,,"",,,,,,,
"","","",,"","","","","","","",,"","","","","","","",,"","","","","","","",,"","","","","","","",,"","","","","","","",,"","","","","","","",,"","","","","","","",,"","","","","",473322,1,"2024-05-23_19h03.22.429","experiment","2023.2.3","Win32",62.5,"60241d8be372010009703f80","664f1702f723b1deb64680cb","664f84dbbe54e083251e2ac2","",,,"",,,"",,,"",,,"",,,"",,,"",,,,,"",,,"",,,,"",,,"","","",,,"","",,,,,,"","","",,,,,,,,,"",,,"",,,,,,,,,,,"","",,,,,,,"","",,,"",,,"",,,,"",,,"","","",,,"","",,,,,"","","",,,,,,,,,"",,,"",,,"",,,"",,,"",,,,,,,"","",,,"",,,"",,,"",,,0,1.793,100,2.751,"space",2.537,,"yellow_gnome","green_gnome",0,9,9,23,1,4,6,"",,,,,,,"",,,"","","",,,,,,,,"",,,,,,,
"","","",,"","","","","","","",,"","","","","","","",,"","","","","","","",,"","","","","","","",,"","","","","","","",,"","","","","","","",,"","","","","","","",,"","","","","",473322,1,"2024-05-23_19h03.22.429","experiment","2023.2.3","Win32",62.5,"60241d8be372010009703f80","664f1702f723b1deb64680cb","664f84dbbe54e083251e2ac2","",,,"",,,"",,,"",,,"",,,"",,,"",,,,,"",,,"",,,,"",,,"","","",,,"","",,,,,,"","","",,,,,,,,,"",,,"",,,,,,,,,,,"","",,,,,,,"","",,,"",,,"",,,,"",,,"","","",,,"","",,,,,"","","",,,,,,,,,"",,,"",,,"",,,"",,,"",,,,,,,"","",,,"",,,"",,,"",,,60.02024387,2.304,57.05929831,3.286,"space",2.993,,"purple_gnome","orange_gnome",0,10,10,12,1,1,7,"",,,,,,,"",,,"","","",,,,,,,,"",,,,,,,
"","","",,"","","","","","","",,"","","","","","","",,"","","","","","","",,"","","","","","","",,"","","","","","","",,"","","","","","","",,"","","","","","","",,"","","","","",473322,1,"2024-05-23_19h03.22.429","experiment","2023.2.3","Win32",62.5,"60241d8be372010009703f80","664f1702f723b1deb64680cb","664f84dbbe54e083251e2ac2","",,,"",,,"",,,"",,,"",,,"",,,"",,,,,"",,,"",,,,"",,,"","","",,,"","",,,,,,"","","",,,,,,,,,"",,,"",,,,,,,,,,,"","",,,,,,,"","",,,"",,,"",,,,"",,,"","","",,,"","",,,,,"","","",,,,,,,,,"",,,"",,,"",,,"",,,"",,,,,,,"","",,,"",,,"",,,"",,,80.65438861,3.846,85.83607478,3.003,"space",4.035,,"pink_gnome","yellow_gnome",0,11,11,16,1,2,6,"",,,,,,,"",,,"","","",,,,,,,,"",,,,,,,
"","","",,"","","","","","","",,"","","","","","","",,"","","","","","","",,"","","","","","","",,"","","","","","","",,"","","","","","","",,"","","","","","","",,"","","","","",473322,1,"2024-05-23_19h03.22.429","experiment","2023.2.3","Win32",62.5,"60241d8be372010009703f80","664f1702f723b1deb64680cb","664f84dbbe54e083251e2ac2","",,,"",,,"",,,"",,,"",,,"",,,"",,,,,"",,,"",,,,"",,,"","","",,,"","",,,,,,"","","",,,,,,,,,"",,,"",,,,,,,,,,,"","",,,,,,,"","",,,"",,,"",,,,"",,,"","","",,,"","",,,,,"","","",,,,,,,,,"",,,"",,,"",,,"",,,"",,,,,,,"","",,,"",,,"",,,"",,,51.04485871,1.915,65.2019186,2.968,"space",2.726,,"red_gnome","blue_gnome",0,12,12,19,1,3,5,"",,,,,,,"",,,"","","",,,,,,,,"",,,,,,,
"","","",,"","","","","","","",,"","","","","","","",,"","","","","","","",,"","","","","","","",,"","","","","","","",,"","","","","","","",,"","","","","","","",,"","","","","",473322,1,"2024-05-23_19h03.22.429","experiment","2023.2.3","Win32",62.5,"60241d8be372010009703f80","664f1702f723b1deb64680cb","664f84dbbe54e083251e2ac2","",,,"",,,"",,,"",,,"",,,"",,,"",,,,,"",,,"",,,,"",,,"","","",,,"","",,,,,,"","","",,,,,,,,,"",,,"",,,,,,,,,,,"","",,,,,,,"","",,,"",,,"",,,,"",,,"","","",,,"","",,,,,"","","",,,,,,,,,"",,,"",,,"",,,"",,,"",,,,,,,"","",,,"",,,"",,,"",,,61.50072236,1.863,64.55421069,2.764,"space",2.491,,"orange_gnome","brown_gnome",0,13,13,6,1,0,7,"",,,,,,,"",,,"","","",,,,,,,,"",,,,,,,
"","","",,"","","","","","","",,"","","","","","","",,"","","","","","","",,"","","","","","","",,"","","","","","","",,"","","","","","","",,"","","","","","","",,"","","","","",473322,1,"2024-05-23_19h03.22.429","experiment","2023.2.3","Win32",62.5,"60241d8be372010009703f80","664f1702f723b1deb64680cb","664f84dbbe54e083251e2ac2","",,,"",,,"",,,"",,,"",,,"",,,"",,,,,"",,,"",,,,"",,,"","","",,,"","",,,,,,"","","",,,,,,,,,"",,,"",,,,,,,,,,,"","",,,,,,,"","",,,"",,,"",,,,"",,,"","","",,,"","",,,,,"","","",,,,,,,,,"",,,"",,,"",,,"",,,"",,,,,,,"","",,,"",,,"",,,"",,,54.9311119,1.738,61.50072236,2.909,"space",2.791,,"green_gnome","brown_gnome",0,14,14,3,1,0,4,"",,,,,,,"",,,"","","",,,,,,,,"",,,,,,,
"","","",,"","","","","","","",,"","","","","","","",,"","","","","","","",,"","","","","","","",,"","","","","","","",,"","","","","","","",,"","","","","","","",,"","","","","",473322,1,"2024-05-23_19h03.22.429","experiment","2023.2.3","Win32",62.5,"60241d8be372010009703f80","664f1702f723b1deb64680cb","664f84dbbe54e083251e2ac2","",,,"",,,"",,,"",,,"",,,"",,,"",,,,,"",,,"",,,,"",,,"","","",,,"","",,,,,,"","","",,,,,,,,,"",,,"",,,,,,,,,,,"","",,,,,,,"","",,,"",,,"",,,,"",,,"","","",,,"","",,,,,"","","",,,,,,,,,"",,,"",,,"",,,"",,,"",,,,,,,"","",,,"",,,"",,,"",,,0,1.752,100,2.758,"space",2.516,,"blue_gnome","purple_gnome",0,15,15,8,1,1,3,"",,,,,,,"",,,"","","",,,,,,,,"",,,,,,,
"","","",,"","","","","","","",,"","","","","","","",,"","","","","","","",,"","","","","","","",,"","","","","","","",,"","","","","","","",,"","","","","","","",,"","","","","",473322,1,"2024-05-23_19h03.22.429","experiment","2023.2.3","Win32",62.5,"60241d8be372010009703f80","664f1702f723b1deb64680cb","664f84dbbe54e083251e2ac2","",,,"",,,"",,,"",,,"",,,"",,,"",,,,,"",,,"",,,,"",,,"","","",,,"","",,,,,,"","","",,,,,,,,,"",,,"",,,,,,,,,,,"","",,,,,,,"","",,,"",,,"",,,,"",,,"","","",,,"","",,,,,"","","",,,,,,,,,"",,,"",,,"",,,"",,,"",,,,,,,"","",,,"",,,"",,,"",,,0,2.692,100,3.988,"space",3.716,,"green_gnome","red_gnome",0,16,16,22,1,4,5,"",,,,,,,"",,,"","","",,,,,,,,"",,,,,,,
"","","",,"","","","","","","",,"","","","","","","",,"","","","","","","",,"","","","","","","",,"","","","","","","",,"","","","","","","",,"","","","","","","",,"","","","","",473322,1,"2024-05-23_19h03.22.429","experiment","2023.2.3","Win32",62.5,"60241d8be372010009703f80","664f1702f723b1deb64680cb","664f84dbbe54e083251e2ac2","",,,"",,,"",,,"",,,"",,,"",,,"",,,,,"",,,"",,,,"",,,"","","",,,"","",,,,,,"","","",,,,,,,,,"",,,"",,,,,,,,,,,"","",,,,,,,"","",,,"",,,"",,,,"",,,"","","",,,"","",,,,,"","","",,,,,,,,,"",,,"",,,"",,,"",,,"",,,,,,,"","",,,"",,,"",,,"",,,57.24434955,1.89,76.49054713,2.913,"space",2.753,,"yellow_gnome","blue_gnome",0,17,17,20,1,3,6,"",,,,,,,"",,,"","","",,,,,,,,"",,,,,,,
"","","",,"","","","","","","",,"","","","","","","",,"","","","","","","",,"","","","","","","",,"","","","","","","",,"","","","","","","",,"","","","","","","",,"","","","","",473322,1,"2024-05-23_19h03.22.429","experiment","2023.2.3","Win32",62.5,"60241d8be372010009703f80","664f1702f723b1deb64680cb","664f84dbbe54e083251e2ac2","",,,"",,,"",,,"",,,"",,,"",,,"",,,,,"",,,"",,,,"",,,"","","",,,"","",,,,,,"","","",,,,,,,,,"",,,"",,,,,,,,,,,"","",,,,,,,"","",,,"",,,"",,,,"",,,"","","",,,"","",,,,,"","","",,,,,,,,,"",,,"",,,"",,,"",,,"",,,,,,,"","",,,"",,,"",,,"",,,0,1.895,100,3.239,"space",2.993,,"pink_gnome","brown_gnome",0,18,18,1,1,0,2,"",,,,,,,"",,,"","","",,,,,,,,"",,,,,,,
"","","",,"","","","","","","",,"","","","","","","",,"","","","","","","",,"","","","","","","",,"","","","","","","",,"","","","","","","",,"","","","","","","",,"","","","","",473322,1,"2024-05-23_19h03.22.429","experiment","2023.2.3","Win32",62.5,"60241d8be372010009703f80","664f1702f723b1deb64680cb","664f84dbbe54e083251e2ac2","",,,"",,,"",,,"",,,"",,,"",,,"",,,,,"",,,"",,,,"",,,"","","",,,"","",,,,,,"","","",,,,,,,,,"",,,"",,,,,,,,,,,"","",,,,,,,"","",,,"",,,"",,,,"",,,"","","",,,"","",,,,,"","","",,,,,,,,,"",,,"",,,"",,,"",,,"",,,,,,,"","",,,"",,,"",,,"",,,55.76387677,1.897,57.05929831,2.879,"space",2.6,,"red_gnome","purple_gnome",0,19,19,10,1,1,5,"",,,,,,,"",,,"","","",,,,,,,,"",,,,,,,
"","","",,"","","","","","","",,"","","","","","","",,"","","","","","","",,"","","","","","","",,"","","","","","","",,"","","","","","","",,"","","","","","","",,"","","","","",473322,1,"2024-05-23_19h03.22.429","experiment","2023.2.3","Win32",62.5,"60241d8be372010009703f80","664f1702f723b1deb64680cb","664f84dbbe54e083251e2ac2","",,,"",,,"",,,"",,,"",,,"",,,"",,,,,"",,,"",,,,"",,,"","","",,,"","",,,,,,"","","",,,,,,,,,"",,,"",,,,,,,,,,,"","",,,,,,,"","",,,"",,,"",,,,"",,,"","","",,,"","",,,,,"","","",,,,,,,,,"",,,"",,,"",,,"",,,"",,,,,,,"","",,,"",,,"",,,"",,,56.68917869,1.57,55.76387677,2.44,"space",2.235,,"pink_gnome","orange_gnome",0,20,20,17,1,2,7,"",,,,,,,"",,,"","","",,,,,,,,"",,,,,,,
"","","",,"","","","","","","",,"","","","","","","",,"","","","","","","",,"","","","","","","",,"","","","","","","",,"","","","","","","",,"","","","","","","",,"","","","","",473322,1,"2024-05-23_19h03.22.429","experiment","2023.2.3","Win32",62.5,"60241d8be372010009703f80","664f1702f723b1deb64680cb","664f84dbbe54e083251e2ac2","",,,"",,,"",,,"",,,"",,,"",,,"",,,,,"",,,"",,,,"",,,"","","",,,"","",,,,,,"","","",,,,,,,,,"",,,"",,,,,,,,,,,"","",,,,,,,"","",,,"",,,"",,,,"",,,"","","",,,"","",,,,,"","","",,,,,,,,,"",,,"",,,"",,,"",,,"",,,,,,,"","",,,"",,,"",,,"",,,0,1.816,100,2.729,"space",2.412,,"pink_gnome","purple_gnome",0,21,21,7,1,1,2,"",,,,,,,"",,,"","","",,,,,,,,"",,,,,,,
"","","",,"","","","","","","",,"","","","","","","",,"","","","","","","",,"","","","","","","",,"","","","","","","",,"","","","","","","",,"","","","","","","",,"","","","","",473322,1,"2024-05-23_19h03.22.429","experiment","2023.2.3","Win32",62.5,"60241d8be372010009703f80","664f1702f723b1deb64680cb","664f84dbbe54e083251e2ac2","",,,"",,,"",,,"",,,"",,,"",,,"",,,,,"",,,"",,,,"",,,"","","",,,"","",,,,,,"","","",,,,,,,,,"",,,"",,,,,,,,,,,"","",,,,,,,"","",,,"",,,"",,,,"",,,"","","",,,"","",,,,,"","","",,,,,,,,,"",,,"",,,"",,,"",,,"",,,,,,,"","",,,"",,,"",,,"",,,58.16965146,1.679,70.10599934,2.593,"space",2.326,,"yellow_gnome","brown_gnome",0,22,22,5,1,0,6,"",,,,,,,"",,,"","","",,,,,,,,"",,,,,,,
"","","",,"","","","","","","",,"","","","","","","",,"","","","","","","",,"","","","","","","",,"","","","","","","",,"","","","","","","",,"","","","","","","",,"","","","","",473322,1,"2024-05-23_19h03.22.429","experiment","2023.2.3","Win32",62.5,"60241d8be372010009703f80","664f1702f723b1deb64680cb","664f84dbbe54e083251e2ac2","",,,"",,,"",,,"",,,"",,,"",,,"",,,,,"",,,"",,,,"",,,"","","",,,"","",,,,,,"","","",,,,,,,,,"",,,"",,,,,,,,,,,"","",,,,,,,"","",,,"",,,"",,,,"",,,"","","",,,"","",,,,,"","","",,,,,,,,,"",,,"",,,"",,,"",,,"",,,,,,,"","",,,"",,,"",,,"",,,0,1.541,100,2.383,"space",2.069,,"purple_gnome","brown_gnome",0,23,23,0,1,0,1,"",,,,,,,"",,,"","","",,,,,,,,"",,,,,,,
"","","",,"","","","","","","",,"","","","","","","",,"","","","","","","",,"","","","","","","",,"","","","","","","",,"","","","","","","",,"","","","","","","",,"","","","","",473322,1,"2024-05-23_19h03.22.429","experiment","2023.2.3","Win32",62.5,"60241d8be372010009703f80","664f1702f723b1deb64680cb","664f84dbbe54e083251e2ac2","",,,"",,,"",,,"",,,"",,,"",,,"",,,,,"",,,"",,,,"",,,"","","",,,"","",,,,,,"","","",,,,,,,,,"",,,"",,,,,,,,,,,"","",,,,,,,"","",,,"",,,"",,,,"",,,"","","",,,"","",,,,,"","","",,,,,,,,,"",,,"",,,"",,,"",,,"",,,,,,,"","",,,"",,,"",,,"",,,54.83858057,1.554,69.18070885,2.335,"space",2.064,,"brown_gnome","red_gnome",0,24,24,4,1,0,5,"",,,,,,,"",,,"","","",,,,,,,,"",,,,,,,
"","","",,"","","","","","","",,"","","","","","","",,"","","","","","","",,"","","","","","","",,"","","","","","","",,"","","","","","","",,"","","","","","","",,"","","","","",473322,1,"2024-05-23_19h03.22.429","experiment","2023.2.3","Win32",62.5,"60241d8be372010009703f80","664f1702f723b1deb64680cb","664f84dbbe54e083251e2ac2","",,,"",,,"",,,"",,,"",,,"",,,"",,,,,"",,,"",,,,"",,,"","","",,,"","",,,,,,"","","",,,,,,,,,"",,,"",,,,,,,,,,,"","",,,,,,,"","",,,"",,,"",,,,"",,,"","","",,,"","",,,,,"","","",,,,,,,,,"",,,"",,,"",,,"",,,"",,,,,,,"","",,,"",,,"",,,"",,,64.09155401,2.085,72.69683099,2.929,"space",2.666,,"pink_gnome","green_gnome",0,25,25,14,1,2,4,"",,,,,,,"",,,"","","",,,,,,,,"",,,,,,,
"","","",,"","","","","","","",,"","","","","","","",,"","","","","","","",,"","","","","","","",,"","","","","","","",,"","","","","","","",,"","","","","","","",,"","","","","",473322,1,"2024-05-23_19h03.22.429","experiment","2023.2.3","Win32",62.5,"60241d8be372010009703f80","664f1702f723b1deb64680cb","664f84dbbe54e083251e2ac2","",,,"",,,"",,,"",,,"",,,"",,,"",,,,,"",,,"",,,,"",,,"","","",,,"","",,,,,,"","","",,,,,,,,,"",,,"",,,,,,,,,,,"","",,,,,,,"","",,,"",,,"",,,,"",,,"","","",,,"","",,,,,"","","",,,,,,,,,"",,,"",,,"",,,"",,,"",,,,,,,"","",,,"",,,"",,,"",,,0,1.563,100,3.901,"space",3.606,,"orange_gnome","red_gnome",0,26,26,26,1,5,7,"",,,,,,,"",,,"","","",,,,,,,,"",,,,,,,
"","","",,"","","","","","","",,"","","","","","","",,"","","","","","","",,"","","","","","","",,"","","","","","","",,"","","","","","","",,"","","","","","","",,"","","","","",473322,1,"2024-05-23_19h03.22.429","experiment","2023.2.3","Win32",62.5,"60241d8be372010009703f80","664f1702f723b1deb64680cb","664f84dbbe54e083251e2ac2","",,,"",,,"",,,"",,,"",,,"",,,"",,,,,"",,,"",,,,"",,,"","","",,,"","",,,,,,"","","",,,,,,,,,"",,,"",,,,,,,,,,,"","",,,,,,,"","",,,"",,,"",,,,"",,,"","","",,,"","",,,,,"","","",,,,,,,,,"",,,"",,,"",,,"",,,"",,,,,,,"","",,,"",,,"",,,"",,,0,3.128,100,4.084,"space",3.762,,"brown_gnome","blue_gnome",0,27,27,2,1,0,3,"",,,,,,,"",,,"","","",,,,,,,,"",,,,,,,
"","","",,"","","","","","","",,"","","","","","","",,"","","","","","","",,"","","","","","","",,"","","","","","","",,"","","","","","","",,"","","","","","","",,"","","","","",473322,1,"2024-05-23_19h03.22.429","experiment","2023.2.3","Win32",62.5,"60241d8be372010009703f80","664f1702f723b1deb64680cb","664f84dbbe54e083251e2ac2","",,,"",,,"",,,"",,,"",,,"",,,"",,,,,"",,,"",,,,"",,,"","","",,,"","",,,,,,"","","",,,,,,,,,"",,,"",,,,,,,,,,,"","",,,,,,,"","",,,"",,,"",,,,"",,,"","","",,,"","",,,,,"","","",,,,,,,,,"",,,"",,,"",,,"",,,"",,,,,,,"","",,,"",,,"",,,"",,,,,,,"",,,"","",,,,,,,,"space",8.53,,18.7519601,3.24,31.24348455,4.607,"space",4.393,,"green_gnome","bright_forest","yellow_basket",0,0,0,8,1,4,0,"",,,,,,,
"","","",,"","","","","","","",,"","","","","","","",,"","","","","","","",,"","","","","","","",,"","","","","","","",,"","","","","","","",,"","","","","","","",,"","","","","",473322,1,"2024-05-23_19h03.22.429","experiment","2023.2.3","Win32",62.5,"60241d8be372010009703f80","664f1702f723b1deb64680cb","664f84dbbe54e083251e2ac2","",,,"",,,"",,,"",,,"",,,"",,,"",,,,,"",,,"",,,,"",,,"","","",,,"","",,,,,,"","","",,,,,,,,,"",,,"",,,,,,,,,,,"","",,,,,,,"","",,,"",,,"",,,,"",,,"","","",,,"","",,,,,"","","",,,,,,,,,"",,,"",,,"",,,"",,,"",,,,,,,"","",,,"",,,"",,,"",,,,,,,"",,,"","",,,,,,,,"",,,1.356363496,2.46,56.04146506,3.241,"space",2.953,,"blue_gnome","bright_forest","yellow_basket",0,1,1,6,1,3,0,"",,,,,,,
"","","",,"","","","","","","",,"","","","","","","",,"","","","","","","",,"","","","","","","",,"","","","","","","",,"","","","","","","",,"","","","","","","",,"","","","","",473322,1,"2024-05-23_19h03.22.429","experiment","2023.2.3","Win32",62.5,"60241d8be372010009703f80","664f1702f723b1deb64680cb","664f84dbbe54e083251e2ac2","",,,"",,,"",,,"",,,"",,,"",,,"",,,,,"",,,"",,,,"",,,"","","",,,"","",,,,,,"","","",,,,,,,,,"",,,"",,,,,,,,,,,"","",,,,,,,"","",,,"",,,"",,,,"",,,"","","",,,"","",,,,,"","","",,,,,,,,,"",,,"",,,"",,,"",,,"",,,,,,,"","",,,"",,,"",,,"",,,,,,,"",,,"","",,,,,,,,"",,,0,2.074,65.66456385,2.889,"space",2.616,,"orange_gnome","dark_forest","red_basket",0,2,2,15,1,7,1,"",,,,,,,
"","","",,"","","","","","","",,"","","","","","","",,"","","","","","","",,"","","","","","","",,"","","","","","","",,"","","","","","","",,"","","","","","","",,"","","","","",473322,1,"2024-05-23_19h03.22.429","experiment","2023.2.3","Win32",62.5,"60241d8be372010009703f80","664f1702f723b1deb64680cb","664f84dbbe54e083251e2ac2","",,,"",,,"",,,"",,,"",,,"",,,"",,,,,"",,,"",,,,"",,,"","","",,,"","",,,,,,"","","",,,,,,,,,"",,,"",,,,,,,,,,,"","",,,,,,,"","",,,"",,,"",,,,"",,,"","","",,,"","",,,,,"","","",,,,,,,,,"",,,"",,,"",,,"",,,"",,,,,,,"","",,,"",,,"",,,"",,,,,,,"",,,"","",,,,,,,,"",,,100,1.868,100,3.045,"space",2.732,,"red_gnome","dark_forest","red_basket",0,3,3,11,1,5,1,"",,,,,,,
"","","",,"","","","","","","",,"","","","","","","",,"","","","","","","",,"","","","","","","",,"","","","","","","",,"","","","","","","",,"","","","","","","",,"","","","","",473322,1,"2024-05-23_19h03.22.429","experiment","2023.2.3","Win32",62.5,"60241d8be372010009703f80","664f1702f723b1deb64680cb","664f84dbbe54e083251e2ac2","",,,"",,,"",,,"",,,"",,,"",,,"",,,,,"",,,"",,,,"",,,"","","",,,"","",,,,,,"","","",,,,,,,,,"",,,"",,,,,,,,,,,"","",,,,,,,"","",,,"",,,"",,,,"",,,"","","",,,"","",,,,,"","","",,,,,,,,,"",,,"",,,"",,,"",,,"",,,,,,,"","",,,"",,,"",,,"",,,,,,,"",,,"","",,,,,,,,"",,,0,1.879,81.39462786,2.659,"space",2.415,,"yellow_gnome","dark_forest","red_basket",0,4,4,13,1,6,1,"",,,,,,,
"","","",,"","","","","","","",,"","","","","","","",,"","","","","","","",,"","","","","","","",,"","","","","","","",,"","","","","","","",,"","","","","","","",,"","","","","",473322,1,"2024-05-23_19h03.22.429","experiment","2023.2.3","Win32",62.5,"60241d8be372010009703f80","664f1702f723b1deb64680cb","664f84dbbe54e083251e2ac2","",,,"",,,"",,,"",,,"",,,"",,,"",,,,,"",,,"",,,,"",,,"","","",,,"","",,,,,,"","","",,,,,,,,,"",,,"",,,,,,,,,,,"","",,,,,,,"","",,,"",,,"",,,,"",,,"","","",,,"","",,,,,"","","",,,,,,,,,"",,,"",,,"",,,"",,,"",,,,,,,"","",,,"",,,"",,,"",,,,,,,"",,,"","",,,,,,,,"",,,24.02616045,1.884,67.88528159,2.795,"space",2.517,,"red_gnome","bright_forest","yellow_basket",0,5,5,10,1,5,0,"",,,,,,,
"","","",,"","","","","","","",,"","","","","","","",,"","","","","","","",,"","","","","","","",,"","","","","","","",,"","","","","","","",,"","","","","","","",,"","","","","",473322,1,"2024-05-23_19h03.22.429","experiment","2023.2.3","Win32",62.5,"60241d8be372010009703f80","664f1702f723b1deb64680cb","664f84dbbe54e083251e2ac2","",,,"",,,"",,,"",,,"",,,"",,,"",,,,,"",,,"",,,,"",,,"","","",,,"","",,,,,,"","","",,,,,,,,,"",,,"",,,,,,,,,,,"","",,,,,,,"","",,,"",,,"",,,,"",,,"","","",,,"","",,,,,"","","",,,,,,,,,"",,,"",,,"",,,"",,,"",,,,,,,"","",,,"",,,"",,,"",,,,,,,"",,,"","",,,,,,,,"",,,84.72569876,2.161,81.94980444,3.632,"space",3.623,,"yellow_gnome","bright_forest","yellow_basket",0,6,6,12,1,6,0,"",,,,,,,
"","","",,"","","","","","","",,"","","","","","","",,"","","","","","","",,"","","","","","","",,"","","","","","","",,"","","","","","","",,"","","","","","","",,"","","","","",473322,1,"2024-05-23_19h03.22.429","experiment","2023.2.3","Win32",62.5,"60241d8be372010009703f80","664f1702f723b1deb64680cb","664f84dbbe54e083251e2ac2","",,,"",,,"",,,"",,,"",,,"",,,"",,,,,"",,,"",,,,"",,,"","","",,,"","",,,,,,"","","",,,,,,,,,"",,,"",,,,,,,,,,,"","",,,,,,,"","",,,"",,,"",,,,"",,,"","","",,,"","",,,,,"","","",,,,,,,,,"",,,"",,,"",,,"",,,"",,,,,,,"","",,,"",,,"",,,"",,,,,,,"",,,"","",,,,,,,,"",,,38.27574597,2.15,53.45063912,3.12,"space",2.883,,"brown_gnome","dark_forest","red_basket",0,7,7,1,1,0,1,"",,,,,,,
"","","",,"","","","","","","",,"","","","","","","",,"","","","","","","",,"","","","","","","",,"","","","","","","",,"","","","","","","",,"","","","","","","",,"","","","","",473322,1,"2024-05-23_19h03.22.429","experiment","2023.2.3","Win32",62.5,"60241d8be372010009703f80","664f1702f723b1deb64680cb","664f84dbbe54e083251e2ac2","",,,"",,,"",,,"",,,"",,,"",,,"",,,,,"",,,"",,,,"",,,"","","",,,"","",,,,,,"","","",,,,,,,,,"",,,"",,,,,,,,,,,"","",,,,,,,"","",,,"",,,"",,,,"",,,"","","",,,"","",,,,,"","","",,,,,,,,,"",,,"",,,"",,,"",,,"",,,,,,,"","",,,"",,,"",,,"",,,,,,,"",,,"","",,,,,,,,"",,,8.481156254,2.162,62.98120086,2.86,"space",2.576,,"purple_gnome","bright_forest","yellow_basket",0,8,8,2,1,1,0,"",,,,,,,
"","","",,"","","","","","","",,"","","","","","","",,"","","","","","","",,"","","","","","","",,"","","","","","","",,"","","","","","","",,"","","","","","","",,"","","","","",473322,1,"2024-05-23_19h03.22.429","experiment","2023.2.3","Win32",62.5,"60241d8be372010009703f80","664f1702f723b1deb64680cb","664f84dbbe54e083251e2ac2","",,,"",,,"",,,"",,,"",,,"",,,"",,,,,"",,,"",,,,"",,,"","","",,,"","",,,,,,"","","",,,,,,,,,"",,,"",,,,,,,,,,,"","",,,,,,,"","",,,"",,,"",,,,"",,,"","","",,,"","",,,,,"","","",,,,,,,,,"",,,"",,,"",,,"",,,"",,,,,,,"","",,,"",,,"",,,"",,,,,,,"",,,"","",,,,,,,,"",,,14.68064995,2.717,59.00242205,3.538,"space",3.293,,"pink_gnome","dark_forest","red_basket",0,9,9,5,1,2,1,"",,,,,,,
"","","",,"","","","","","","",,"","","","","","","",,"","","","","","","",,"","","","","","","",,"","","","","","","",,"","","","","","","",,"","","","","","","",,"","","","","",473322,1,"2024-05-23_19h03.22.429","experiment","2023.2.3","Win32",62.5,"60241d8be372010009703f80","664f1702f723b1deb64680cb","664f84dbbe54e083251e2ac2","",,,"",,,"",,,"",,,"",,,"",,,"",,,,,"",,,"",,,,"",,,"","","",,,"","",,,,,,"","","",,,,,,,,,"",,,"",,,,,,,,,,,"","",,,,,,,"","",,,"",,,"",,,,"",,,"","","",,,"","",,,,,"","","",,,,,,,,,"",,,"",,,"",,,"",,,"",,,,,,,"","",,,"",,,"",,,"",,,,,,,"",,,"","",,,,,,,,"",,,57.70700622,1.884,60.66795178,2.893,"space",2.65,,"orange_gnome","bright_forest","yellow_basket",0,10,10,14,1,7,0,"",,,,,,,
"","","",,"","","","","","","",,"","","","","","","",,"","","","","","","",,"","","","","","","",,"","","","","","","",,"","","","","","","",,"","","","","","","",,"","","","","",473322,1,"2024-05-23_19h03.22.429","experiment","2023.2.3","Win32",62.5,"60241d8be372010009703f80","664f1702f723b1deb64680cb","664f84dbbe54e083251e2ac2","",,,"",,,"",,,"",,,"",,,"",,,"",,,,,"",,,"",,,,"",,,"","","",,,"","",,,,,,"","","",,,,,,,,,"",,,"",,,,,,,,,,,"","",,,,,,,"","",,,"",,,"",,,,"",,,"","","",,,"","",,,,,"","","",,,,,,,,,"",,,"",,,"",,,"",,,"",,,,,,,"","",,,"",,,"",,,"",,,,,,,"",,,"","",,,,,,,,"",,,51.22992138,1.802,59.09495338,3.683,"space",3.445,,"brown_gnome","bright_forest","yellow_basket",0,11,11,0,1,0,0,"",,,,,,,
"","","",,"","","","","","","",,"","","","","","","",,"","","","","","","",,"","","","","","","",,"","","","","","","",,"","","","","","","",,"","","","","","","",,"","","","","",473322,1,"2024-05-23_19h03.22.429","experiment","2023.2.3","Win32",62.5,"60241d8be372010009703f80","664f1702f723b1deb64680cb","664f84dbbe54e083251e2ac2","",,,"",,,"",,,"",,,"",,,"",,,"",,,,,"",,,"",,,,"",,,"","","",,,"","",,,,,,"","","",,,,,,,,,"",,,"",,,,,,,,,,,"","",,,,,,,"","",,,"",,,"",,,,"",,,"","","",,,"","",,,,,"","","",,,,,,,,,"",,,"",,,"",,,"",,,"",,,,,,,"","",,,"",,,"",,,"",,,,,,,"",,,"","",,,,,,,,"",,,25.50663895,2.055,52.15521758,3.031,"space",2.796,,"purple_gnome","dark_forest","red_basket",0,12,12,3,1,1,1,"",,,,,,,
"","","",,"","","","","","","",,"","","","","","","",,"","","","","","","",,"","","","","","","",,"","","","","","","",,"","","","","","","",,"","","","","","","",,"","","","","",473322,1,"2024-05-23_19h03.22.429","experiment","2023.2.3","Win32",62.5,"60241d8be372010009703f80","664f1702f723b1deb64680cb","664f84dbbe54e083251e2ac2","",,,"",,,"",,,"",,,"",,,"",,,"",,,,,"",,,"",,,,"",,,"","","",,,"","",,,,,,"","","",,,,,,,,,"",,,"",,,,,,,,,,,"","",,,,,,,"","",,,"",,,"",,,,"",,,"","","",,,"","",,,,,"","","",,,,,,,,,"",,,"",,,"",,,"",,,"",,,,,,,"","",,,"",,,"",,,"",,,,,,,"",,,"","",,,,,,,,"",,,15.60595187,1.778,78.61873354,2.914,"space",2.685,,"green_gnome","dark_forest","red_basket",0,13,13,9,1,4,1,"",,,,,,,
"","","",,"","","","","","","",,"","","","","","","",,"","","","","","","",,"","","","","","","",,"","","","","","","",,"","","","","","","",,"","","","","","","",,"","","","","",473322,1,"2024-05-23_19h03.22.429","experiment","2023.2.3","Win32",62.5,"60241d8be372010009703f80","664f1702f723b1deb64680cb","664f84dbbe54e083251e2ac2","",,,"",,,"",,,"",,,"",,,"",,,"",,,,,"",,,"",,,,"",,,"","","",,,"","",,,,,,"","","",,,,,,,,,"",,,"",,,,,,,,,,,"","",,,,,,,"","",,,"",,,"",,,,"",,,"","","",,,"","",,,,,"","","",,,,,,,,,"",,,"",,,"",,,"",,,"",,,,,,,"","",,,"",,,"",,,"",,,,,,,"",,,"","",,,,,,,,"",,,12.83005755,1.815,73.15947623,2.918,"space",2.626,,"blue_gnome","dark_forest","red_basket",0,14,14,7,1,3,1,"",,,,,,,
"","","",,"","","","","","","",,"","","","","","","",,"","","","","","","",,"","","","","","","",,"","","","","","","",,"","","","","","","",,"","","","","","","",,"","","","","",473322,1,"2024-05-23_19h03.22.429","experiment","2023.2.3","Win32",62.5,"60241d8be372010009703f80","664f1702f723b1deb64680cb","664f84dbbe54e083251e2ac2","",,,"",,,"",,,"",,,"",,,"",,,"",,,,,"",,,"",,,,"",,,"","","",,,"","",,,,,,"","","",,,,,,,,,"",,,"",,,,,,,,,,,"","",,,,,,,"","",,,"",,,"",,,,"",,,"","","",,,"","",,,,,"","","",,,,,,,,,"",,,"",,,"",,,"",,,"",,,,,,,"","",,,"",,,"",,,"",,,,,,,"",,,"","",,,,,,,,"",,,28.74517851,1.788,71.4939465,2.585,"space",2.291,,"pink_gnome","bright_forest","yellow_basket",0,15,15,4,1,2,0,"",,,,,,,
"","","",,"","","","","","","",,"","","","","","","",,"","","","","","","",,"","","","","","","",,"","","","","","","",,"","","","","","","",,"","","","","","","",,"","","","","",473322,1,"2024-05-23_19h03.22.429","experiment","2023.2.3","Win32",62.5,"60241d8be372010009703f80","664f1702f723b1deb64680cb","664f84dbbe54e083251e2ac2","",,,"",,,"",,,"",,,"",,,"",,,"",,,,,"",,,"",,,,"",,,"","","",,,"","",,,,,,"","","",,,,,,,,,"",,,"",,,,,,,,,,,"","",,,,,,,"","",,,"",,,"",,,,"",,,"","","",,,"","",,,,,"","","",,,,,,,,,"",,,"",,,"",,,"",,,"",,,,,,,"","",,,"",,,"",,,"",,,,,,,"",,,"","",,,,,,,,"",,,,,,,"",,,"","","",,,,,,,,"space",32.353,,0,0,0,0,1
