parent_PID,stim1_name,stim1_file,stim1_pair,stim1_deact_file,stim1_step2_name,stim1_step2_file,stim1_step2_basket_name,stim1_step2_basket_file,stim2_name,stim2_file,stim2_pair,stim2_deact_file,stim2_step2_name,stim2_step2_file,stim2_step2_basket_name,stim2_step2_basket_file,stim3_name,stim3_file,stim3_pair,stim3_deact_file,stim3_step2_name,stim3_step2_file,stim3_step2_basket_name,stim3_step2_basket_file,stim4_name,stim4_file,stim4_pair,stim4_deact_file,stim4_step2_name,stim4_step2_file,stim4_step2_basket_name,stim4_step2_basket_file,stim5_name,stim5_file,stim5_pair,stim5_deact_file,stim5_step2_name,stim5_step2_file,stim5_step2_basket_name,stim5_step2_basket_file,stim6_name,stim6_file,stim6_pair,stim6_deact_file,stim6_step2_name,stim6_step2_file,stim6_step2_basket_name,stim6_step2_basket_file,stim7_name,stim7_file,stim7_pair,stim7_deact_file,stim7_step2_name,stim7_step2_file,stim7_step2_basket_name,stim7_step2_basket_file,stim8_name,stim8_file,stim8_pair,stim8_deact_file,stim8_step2_name,stim8_step2_file,stim8_step2_basket_name,stim8_step2_basket_file,obs_AC_trials,participant,session,date,expName,psychopyVersion,OS,frameRate,PROLIFIC_PID,STUDY_ID,SESSION_ID,consent_keyresp.keys,consent_keyresp.rt,consent_keyresp.duration,global_instructions1_key.keys,global_instructions1_key.rt,global_instructions1_key.duration,global_instructions2_key.keys,global_instructions2_key.rt,global_instructions2_key.duration,global_instructions3_key.keys,global_instructions3_key.rt,global_instructions3_key.duration,global_instructions4_key.keys,global_instructions4_key.rt,global_instructions4_key.duration,stake_instructions_key.keys,stake_instructions_key.rt,stake_instructions_key.duration,global_instructions5_key.keys,global_instructions5_key.rt,global_instructions5_key.duration,p_fixation_2.started,p_fixation_2.stopped,p_step1_keyresp.keys,p_step1_keyresp.rt,p_step1_keyresp.duration,p_step2_keyresp.keys,p_step2_keyresp.rt,p_step2_keyresp.duration,p_step1_pair_index,p_step1_stimLeft_name,p_step1_stimLeft_pair,p_step1_stimLeft_reward,p_step1_stimLeft_step2Stim,p_step1_stimLeft_step2Basket,p_step1_stimRight_name,p_step1_stimRight_pair,p_step1_stimRight_reward,p_step1_stimRight_step2Stim,p_step1_stimRight_step2Basket,p_points,t_mult,p_fail_step1,p_fail_step2,p_reward_flag,p_step1_choice,p_step2_stim,p_step2_basket,p_score,practice.thisRepN,practice.thisTrialN,practice.thisN,practice.thisIndex,practice.ran,pair_index,p_mult,p_failStep1_keyresp.keys,p_failStep1_keyresp.rt,p_failStep1_keyresp.duration,obs_instructions_1_key.keys,obs_instructions_1_key.rt,obs_instructions_1_key.duration,obs_instructions_2_key.keys,obs_instructions_2_key.rt,obs_instructions_2_key.duration,obs_stim_left,obs_stim_right,obs_step1_key,obs_step1_RT,obs_step2_forest,obs_step2_basket,obs_step2_RT,obs_mult,obs_points,obs_score,obs_AC_flag,obs_AC_step1_flag,obs_AC_step2_flag,obs_AC_mistake_flag,obs_AC_no_answer_flag,obs_AC_step2_no_answer_flag,obs_AC_counter,good_answer,obs_attention_check_fail,obs.thisRepN,obs.thisTrialN,obs.thisN,obs.thisIndex,obs.ran,obs_attention_check_step1_keyresp.keys,obs_attention_check_step1_keyresp.rt,obs_attention_check_step1_keyresp.duration,obs_attention_check_step2_keyresp.keys,obs_attention_check_step2_keyresp.rt,obs_attention_check_step2_keyresp.duration,t_instructions_keyresp.keys,t_instructions_keyresp.rt,t_instructions_keyresp.duration,t_instructions_2_keyresp.keys,t_instructions_2_keyresp.rt,t_instructions_2_keyresp.duration,t_step1_keyresp.keys,t_step1_keyresp.rt,t_step1_keyresp.duration,t_step2_keyresp.keys,t_step2_keyresp.rt,t_step2_keyresp.duration,t_step1_pair_index,t_step1_stimLeft_name,t_step1_stimLeft_pair,t_step1_stimLeft_reward,t_step1_stimLeft_step2Stim,t_step1_stimLeft_step2Basket,t_step1_stimRight_name,t_step1_stimRight_pair,t_step1_stimRight_reward,t_step1_stimRight_step2Stim,t_step1_stimRight_step2Basket,t_points,t_fail_step1,t_fail_step2,t_reward_flag,t_step1_choice,t_step2_stim,t_step2_basket,globa_score,t_data_stimWalk0,t_data_stimWalk1,trials.thisRepN,trials.thisTrialN,trials.thisN,trials.thisIndex,trials.ran,break_key_resp.keys,break_key_resp.rt,break_key_resp.duration,t_recording.started,t_recording.stopped,pl_global_instructions_keyresp.keys,pl_global_instructions_keyresp.rt,pl_global_instructions_keyresp.duration,pl1_instructions1_keyresp.keys,pl1_instructions1_keyresp.rt,pl1_instructions1_keyresp.duration,pl1_instructions2_keyresp.keys,pl1_instructions2_keyresp.rt,pl1_instructions2_keyresp.duration,pl1_instructions3_keyresp.keys,pl1_instructions3_keyresp.rt,pl1_instructions3_keyresp.duration,pl1_instructions4_keyresp.keys,pl1_instructions4_keyresp.rt,pl1_instructions4_keyresp.duration,pl1_task_lickert.response,pl1_task_lickert.rt,pl1_task_confidence_lickert.response,pl1_task_confidence_lickert.rt,pl1_task_keyresp.keys,pl1_task_keyresp.rt,pl1_task_keyresp.duration,pl1_task_stimLeft,pl1_task_stimRight,pl1_loop.thisRepN,pl1_loop.thisTrialN,pl1_loop.thisN,pl1_loop.thisIndex,pl1_loop.ran,stimLeft_index,stimRight_index,pl2_instructions_keyresp.keys,pl2_instructions_keyresp.rt,pl2_instructions_keyresp.duration,pl2_task_lickert.response,pl2_task_lickert.rt,pl2_task_confidence_lickert.response,pl2_task_confidence_lickert.rt,pl2_task_keyresp.keys,pl2_task_keyresp.rt,pl2_task_keyresp.duration,pl2_task_gnome,pl2_task_forest,pl2_task_basket,pl2_loop.thisRepN,pl2_loop.thisTrialN,pl2_loop.thisN,pl2_loop.thisIndex,pl2_loop.ran,gnome_id,forest_id,end_keyresp.keys,end_keyresp.rt,end_keyresp.duration,passed_attention_check_loop.thisRepN,passed_attention_check_loop.thisTrialN,passed_attention_check_loop.thisN,passed_attention_check_loop.thisIndex,passed_attention_check_loop.ran,show_trials.thisRepN,show_trials.thisTrialN,show_trials.thisN,show_trials.thisIndex,show_trials.ran
614ce29d78ae25eced10ede1,brown_gnome,ressources/step1_stim1.png,4,ressources/step1_tallGnome_deact.png,bright_forest,ressources/step2_background1.png,yellow_basket,ressources/step2_stim1.png,purple_gnome,ressources/step1_stim2.png,3,ressources/step1_tallGnome_deact.png,bright_forest,ressources/step2_background1.png,yellow_basket,ressources/step2_stim1.png,pink_gnome,ressources/step1_stim3.png,2,ressources/step1_tallGnome_deact.png,dark_forest,ressources/step2_background2.png,red_basket,ressources/step2_stim2.png,blue_gnome,ressources/step1_stim4.png,2,ressources/step1_tallGnome_deact.png,bright_forest,ressources/step2_background1.png,yellow_basket,ressources/step2_stim1.png,green_gnome,ressources/step1_stim5.png,4,ressources/step1_smallGnome_deact.png,dark_forest,ressources/step2_background2.png,red_basket,ressources/step2_stim2.png,red_gnome,ressources/step1_stim6.png,1,ressources/step1_smallGnome_deact.png,bright_forest,ressources/step2_background1.png,yellow_basket,ressources/step2_stim1.png,yellow_gnome,ressources/step1_stim7.png,3,ressources/step1_smallGnome_deact.png,dark_forest,ressources/step2_background2.png,red_basket,ressources/step2_stim2.png,orange_gnome,ressources/step1_stim8.png,1,ressources/step1_smallGnome_deact.png,dark_forest,ressources/step2_background2.png,red_basket,ressources/step2_stim2.png,"[23,74,72,60,40,14,53,6,73,13]",358696,001,2024-11-25_10h08.06.026,experiment,2023.2.3,Win32,58.82352941,664cd1c6545aa0f362493dd9,67446fa89e86ac01e4128331,6744b006966c922b21271303,,,,,,,,,,,,,,,,,,,,,,,,,,,,,,,,,,,,,,,,,,,,,,,,,,,,,,,,,,,,,,,,,,,,,,,,,,,,,,,,,,,,,,,,,,,,,,,,,,,,,,,,,,,,,,,,,,,,,,,,,,,,,,,,,,,,,,,,,,,,,,,,,,,,,,,,,,,,,,,,,,,,,,,,,,,,,,,,,,,,,,,,,,,,,,,,,,,,,,,,,,
,,,,,,,,,,,,,,,,,,,,,,,,,,,,,,,,,,,,,,,,,,,,,,,,,,,,,,,,,,,,,,,,,,358696,001,2024-11-25_10h08.06.026,experiment,2023.2.3,Win32,58.82352941,664cd1c6545aa0f362493dd9,67446fa89e86ac01e4128331,6744b006966c922b21271303,y,1.9629,,,,,,,,,,,,,,,,,,,,,,,,,,,,,,,,,,,,,,,,,,,,,,,,,,,,,,,,,,,,,,,,,,,,,,,,,,,,,,,,,,,,,,,,,,,,,,,,,,,,,,,,,,,,,,,,,,,,,,,,,,,,,,,,,,,,,,,,,,,,,,,,,,,,,,,,,,,,,,,,,,,,,,,,,,,,,,,,,,,,,,,,,,,,,,,,,,,,,,,,
,,,,,,,,,,,,,,,,,,,,,,,,,,,,,,,,,,,,,,,,,,,,,,,,,,,,,,,,,,,,,,,,,,358696,001,2024-11-25_10h08.06.026,experiment,2023.2.3,Win32,58.82352941,664cd1c6545aa0f362493dd9,67446fa89e86ac01e4128331,6744b006966c922b21271303,,,,space,1.4434,,space,1.4112,,space,0.349,,space,0.3104,,space,1.3315,,space,1.4662,,9.838,10.3449,s,0.7712,,space,0.3908,,1,p_orange_gnome,1,5,p_yellow_forest,p_blue_basket,p_pink_gnome,1,0,p_green_forest,p_green_basket,25,5,0,0,1,p_orange_gnome,p_yellow_forest,p_blue_basket,25,0,0,0,2,1,1,5,,,,,,,,,,,,,,,,,,,,,,,,,,,,,,,,,,,,,,,,,,,,,,,,,,,,,,,,,,,,,,,,,,,,,,,,,,,,,,,,,,,,,,,,,,,,,,,,,,,,,,,,,,,,,,,,,,,,,,,,,,,,,,,,,,,,,,,,,,,,,,,,,,
,,,,,,,,,,,,,,,,,,,,,,,,,,,,,,,,,,,,,,,,,,,,,,,,,,,,,,,,,,,,,,,,,,358696,001,2024-11-25_10h08.06.026,experiment,2023.2.3,Win32,58.82352941,664cd1c6545aa0f362493dd9,67446fa89e86ac01e4128331,6744b006966c922b21271303,,,,,,,,,,,,,,,,,,,,,,16.9628,17.4708,s,0.6337,,space,0.4314,,2,p_blue_gnome,2,5,p_yellow_forest,p_blue_basket,p_green_gnome,2,0,p_green_forest,p_green_basket,5,1,0,0,1,p_blue_gnome,p_yellow_forest,p_blue_basket,30,0,1,1,1,1,2,1,,,,,,,,,,,,,,,,,,,,,,,,,,,,,,,,,,,,,,,,,,,,,,,,,,,,,,,,,,,,,,,,,,,,,,,,,,,,,,,,,,,,,,,,,,,,,,,,,,,,,,,,,,,,,,,,,,,,,,,,,,,,,,,,,,,,,,,,,,,,,,,,,,
,,,,,,,,,,,,,,,,,,,,,,,,,,,,,,,,,,,,,,,,,,,,,,,,,,,,,,,,,,,,,,,,,,358696,001,2024-11-25_10h08.06.026,experiment,2023.2.3,Win32,58.82352941,664cd1c6545aa0f362493dd9,67446fa89e86ac01e4128331,6744b006966c922b21271303,,,,,,,,,,,,,,,,,,,,,,24.0736,24.5804,k,0.4657,,space,0.408,,2,p_green_gnome,2,0,p_green_forest,p_green_basket,p_blue_gnome,2,5,p_yellow_forest,p_blue_basket,5,1,0,0,1,p_blue_gnome,p_yellow_forest,p_blue_basket,35,0,2,2,1,1,2,1,,,,,,,,,,,,,,,,,,,,,,,,,,,,,,,,,,,,,,,,,,,,,,,,,,,,,,,,,,,,,,,,,,,,,,,,,,,,,,,,,,,,,,,,,,,,,,,,,,,,,,,,,,,,,,,,,,,,,,,,,,,,,,,,,,,,,,,,,,,,,,,,,,
,,,,,,,,,,,,,,,,,,,,,,,,,,,,,,,,,,,,,,,,,,,,,,,,,,,,,,,,,,,,,,,,,,358696,001,2024-11-25_10h08.06.026,experiment,2023.2.3,Win32,58.82352941,664cd1c6545aa0f362493dd9,67446fa89e86ac01e4128331,6744b006966c922b21271303,,,,,,,,,,,,,,,,,,,,,,31.171,31.6734,s,0.1602,,space,0.3848,,1,p_orange_gnome,1,5,p_yellow_forest,p_blue_basket,p_pink_gnome,1,0,p_green_forest,p_green_basket,5,1,0,0,1,p_orange_gnome,p_yellow_forest,p_blue_basket,40,0,3,3,0,1,1,1,,,,,,,,,,,,,,,,,,,,,,,,,,,,,,,,,,,,,,,,,,,,,,,,,,,,,,,,,,,,,,,,,,,,,,,,,,,,,,,,,,,,,,,,,,,,,,,,,,,,,,,,,,,,,,,,,,,,,,,,,,,,,,,,,,,,,,,,,,,,,,,,,,
,,,,,,,,,,,,,,,,,,,,,,,,,,,,,,,,,,,,,,,,,,,,,,,,,,,,,,,,,,,,,,,,,,358696,001,2024-11-25_10h08.06.026,experiment,2023.2.3,Win32,58.82352941,664cd1c6545aa0f362493dd9,67446fa89e86ac01e4128331,6744b006966c922b21271303,,,,,,,,,,,,,,,,,,,,,,38.2319,38.7399,k,0.5059,,space,0.6913,,2,p_blue_gnome,2,6,p_yellow_forest,p_blue_basket,p_green_gnome,2,1,p_green_forest,p_green_basket,5,5,0,0,1,p_green_gnome,p_green_forest,p_green_basket,45,1,0,4,3,1,2,5,,,,,,,,,,,,,,,,,,,,,,,,,,,,,,,,,,,,,,,,,,,,,,,,,,,,,,,,,,,,,,,,,,,,,,,,,,,,,,,,,,,,,,,,,,,,,,,,,,,,,,,,,,,,,,,,,,,,,,,,,,,,,,,,,,,,,,,,,,,,,,,,,,
,,,,,,,,,,,,,,,,,,,,,,,,,,,,,,,,,,,,,,,,,,,,,,,,,,,,,,,,,,,,,,,,,,358696,001,2024-11-25_10h08.06.026,experiment,2023.2.3,Win32,58.82352941,664cd1c6545aa0f362493dd9,67446fa89e86ac01e4128331,6744b006966c922b21271303,,,,,,,,,,,,,,,,,,,,,,45.3274,45.846,s,0.4013,,space,0.4694,,1,p_orange_gnome,1,6,p_yellow_forest,p_blue_basket,p_pink_gnome,1,1,p_green_forest,p_green_basket,6,1,0,0,1,p_orange_gnome,p_yellow_forest,p_blue_basket,51,1,1,5,0,1,1,1,,,,,,,,,,,,,,,,,,,,,,,,,,,,,,,,,,,,,,,,,,,,,,,,,,,,,,,,,,,,,,,,,,,,,,,,,,,,,,,,,,,,,,,,,,,,,,,,,,,,,,,,,,,,,,,,,,,,,,,,,,,,,,,,,,,,,,,,,,,,,,,,,,
,,,,,,,,,,,,,,,,,,,,,,,,,,,,,,,,,,,,,,,,,,,,,,,,,,,,,,,,,,,,,,,,,,358696,001,2024-11-25_10h08.06.026,experiment,2023.2.3,Win32,58.82352941,664cd1c6545aa0f362493dd9,67446fa89e86ac01e4128331,6744b006966c922b21271303,,,,,,,,,,,,,,,,,,,,,,52.4478,52.9486,,,,,,,2,p_blue_gnome,2,6,p_yellow_forest,p_blue_basket,p_green_gnome,2,1,p_green_forest,p_green_basket,0,5,1,0,0,p_orange_gnome,p_yellow_forest,p_blue_basket,51,1,2,6,3,1,2,5,space,3.1114,,,,,,,,,,,,,,,,,,,,,,,,,,,,,,,,,,,,,,,,,,,,,,,,,,,,,,,,,,,,,,,,,,,,,,,,,,,,,,,,,,,,,,,,,,,,,,,,,,,,,,,,,,,,,,,,,,,,,,,,,,,,,,,,,,,,,,,,,,,,,,,,
,,,,,,,,,,,,,,,,,,,,,,,,,,,,,,,,,,,,,,,,,,,,,,,,,,,,,,,,,,,,,,,,,,358696,001,2024-11-25_10h08.06.026,experiment,2023.2.3,Win32,58.82352941,664cd1c6545aa0f362493dd9,67446fa89e86ac01e4128331,6744b006966c922b21271303,,,,,,,,,,,,,,,,,,,,,,58.6179,59.1182,k,0.378,,space,0.4292,,1,p_orange_gnome,1,6,p_yellow_forest,p_blue_basket,p_pink_gnome,1,1,p_green_forest,p_green_basket,5,5,0,0,1,p_pink_gnome,p_green_forest,p_green_basket,56,1,3,7,2,1,1,5,,,,,,,,,,,,,,,,,,,,,,,,,,,,,,,,,,,,,,,,,,,,,,,,,,,,,,,,,,,,,,,,,,,,,,,,,,,,,,,,,,,,,,,,,,,,,,,,,,,,,,,,,,,,,,,,,,,,,,,,,,,,,,,,,,,,,,,,,,,,,,,,,,
,,,,,,,,,,,,,,,,,,,,,,,,,,,,,,,,,,,,,,,,,,,,,,,,,,,,,,,,,,,,,,,,,,358696,001,2024-11-25_10h08.06.026,experiment,2023.2.3,Win32,58.82352941,664cd1c6545aa0f362493dd9,67446fa89e86ac01e4128331,6744b006966c922b21271303,,,,,,,,,,,,,,,,,,,,,,65.7487,66.2622,s,0.2731,,space,0.4409,,1,p_pink_gnome,1,2,p_green_forest,p_green_basket,p_orange_gnome,1,7,p_yellow_forest,p_blue_basket,2,1,0,0,1,p_pink_gnome,p_green_forest,p_green_basket,58,2,0,8,0,1,1,1,,,,,,,,,,,,,,,,,,,,,,,,,,,,,,,,,,,,,,,,,,,,,,,,,,,,,,,,,,,,,,,,,,,,,,,,,,,,,,,,,,,,,,,,,,,,,,,,,,,,,,,,,,,,,,,,,,,,,,,,,,,,,,,,,,,,,,,,,,,,,,,,,,
,,,,,,,,,,,,,,,,,,,,,,,,,,,,,,,,,,,,,,,,,,,,,,,,,,,,,,,,,,,,,,,,,,358696,001,2024-11-25_10h08.06.026,experiment,2023.2.3,Win32,58.82352941,664cd1c6545aa0f362493dd9,67446fa89e86ac01e4128331,6744b006966c922b21271303,,,,,,,,,,,,,,,,,,,,,,72.8445,73.3509,k,0.7314,,space,0.6423,,1,p_pink_gnome,1,2,p_green_forest,p_green_basket,p_orange_gnome,1,7,p_yellow_forest,p_blue_basket,35,5,0,0,1,p_orange_gnome,p_yellow_forest,p_blue_basket,93,2,1,9,2,1,1,5,,,,,,,,,,,,,,,,,,,,,,,,,,,,,,,,,,,,,,,,,,,,,,,,,,,,,,,,,,,,,,,,,,,,,,,,,,,,,,,,,,,,,,,,,,,,,,,,,,,,,,,,,,,,,,,,,,,,,,,,,,,,,,,,,,,,,,,,,,,,,,,,,,
,,,,,,,,,,,,,,,,,,,,,,,,,,,,,,,,,,,,,,,,,,,,,,,,,,,,,,,,,,,,,,,,,,358696,001,2024-11-25_10h08.06.026,experiment,2023.2.3,Win32,58.82352941,664cd1c6545aa0f362493dd9,67446fa89e86ac01e4128331,6744b006966c922b21271303,,,,,,,,,,,,,,,,,,,,,,79.9452,80.4551,,,,,,,2,p_blue_gnome,2,7,p_yellow_forest,p_blue_basket,p_green_gnome,2,2,p_green_forest,p_green_basket,0,1,1,0,0,p_orange_gnome,p_yellow_forest,p_blue_basket,93,2,2,10,1,1,2,1,space,4.2637,0.0025,,,,,,,,,,,,,,,,,,,,,,,,,,,,,,,,,,,,,,,,,,,,,,,,,,,,,,,,,,,,,,,,,,,,,,,,,,,,,,,,,,,,,,,,,,,,,,,,,,,,,,,,,,,,,,,,,,,,,,,,,,,,,,,,,,,,,,,,,,,,,,,
,,,,,,,,,,,,,,,,,,,,,,,,,,,,,,,,,,,,,,,,,,,,,,,,,,,,,,,,,,,,,,,,,,358696,001,2024-11-25_10h08.06.026,experiment,2023.2.3,Win32,58.82352941,664cd1c6545aa0f362493dd9,67446fa89e86ac01e4128331,6744b006966c922b21271303,,,,,,,,,,,,,,,,,,,,,,89.4101,89.9236,s,0.8407,,space,0.3937,,2,p_green_gnome,2,2,p_green_forest,p_green_basket,p_blue_gnome,2,7,p_yellow_forest,p_blue_basket,2,1,0,0,1,p_green_gnome,p_green_forest,p_green_basket,95,2,3,11,1,1,2,1,,,,,,,,,,,,,,,,,,,,,,,,,,,,,,,,,,,,,,,,,,,,,,,,,,,,,,,,,,,,,,,,,,,,,,,,,,,,,,,,,,,,,,,,,,,,,,,,,,,,,,,,,,,,,,,,,,,,,,,,,,,,,,,,,,,,,,,,,,,,,,,,,,
,,,,,,,,,,,,,,,,,,,,,,,,,,,,,,,,,,,,,,,,,,,,,,,,,,,,,,,,,,,,,,,,,,358696,001,2024-11-25_10h08.06.026,experiment,2023.2.3,Win32,58.82352941,664cd1c6545aa0f362493dd9,67446fa89e86ac01e4128331,6744b006966c922b21271303,,,,,,,,,,,,,,,,,,,,,,96.7054,97.2122,s,0.239,0.0008,space,0.459,,1,p_pink_gnome,1,3,p_green_forest,p_green_basket,p_orange_gnome,1,8,p_yellow_forest,p_blue_basket,15,5,0,0,1,p_pink_gnome,p_green_forest,p_green_basket,110,3,0,12,2,1,1,5,,,,,,,,,,,,,,,,,,,,,,,,,,,,,,,,,,,,,,,,,,,,,,,,,,,,,,,,,,,,,,,,,,,,,,,,,,,,,,,,,,,,,,,,,,,,,,,,,,,,,,,,,,,,,,,,,,,,,,,,,,,,,,,,,,,,,,,,,,,,,,,,,,
,,,,,,,,,,,,,,,,,,,,,,,,,,,,,,,,,,,,,,,,,,,,,,,,,,,,,,,,,,,,,,,,,,358696,001,2024-11-25_10h08.06.026,experiment,2023.2.3,Win32,58.82352941,664cd1c6545aa0f362493dd9,67446fa89e86ac01e4128331,6744b006966c922b21271303,,,,,,,,,,,,,,,,,,,,,,104.0007,104.5078,k,0.5733,,space,1.2466,,1,p_pink_gnome,1,3,p_green_forest,p_green_basket,p_orange_gnome,1,8,p_yellow_forest,p_blue_basket,40,5,0,0,1,p_orange_gnome,p_yellow_forest,p_blue_basket,150,3,1,13,2,1,1,5,,,,,,,,,,,,,,,,,,,,,,,,,,,,,,,,,,,,,,,,,,,,,,,,,,,,,,,,,,,,,,,,,,,,,,,,,,,,,,,,,,,,,,,,,,,,,,,,,,,,,,,,,,,,,,,,,,,,,,,,,,,,,,,,,,,,,,,,,,,,,,,,,,
,,,,,,,,,,,,,,,,,,,,,,,,,,,,,,,,,,,,,,,,,,,,,,,,,,,,,,,,,,,,,,,,,,358696,001,2024-11-25_10h08.06.026,experiment,2023.2.3,Win32,58.82352941,664cd1c6545aa0f362493dd9,67446fa89e86ac01e4128331,6744b006966c922b21271303,,,,,,,,,,,,,,,,,,,,,,111.1493,111.6692,s,0.6269,,space,0.1138,,2,p_blue_gnome,2,8,p_yellow_forest,p_blue_basket,p_green_gnome,2,3,p_green_forest,p_green_basket,40,5,0,0,1,p_blue_gnome,p_yellow_forest,p_blue_basket,190,3,2,14,3,1,2,5,,,,,,,,,,,,,,,,,,,,,,,,,,,,,,,,,,,,,,,,,,,,,,,,,,,,,,,,,,,,,,,,,,,,,,,,,,,,,,,,,,,,,,,,,,,,,,,,,,,,,,,,,,,,,,,,,,,,,,,,,,,,,,,,,,,,,,,,,,,,,,,,,,
,,,,,,,,,,,,,,,,,,,,,,,,,,,,,,,,,,,,,,,,,,,,,,,,,,,,,,,,,,,,,,,,,,358696,001,2024-11-25_10h08.06.026,experiment,2023.2.3,Win32,58.82352941,664cd1c6545aa0f362493dd9,67446fa89e86ac01e4128331,6744b006966c922b21271303,,,,,,,,,,,,,,,,,,,,,,118.248,118.7534,s,0.5373,,space,0.7096,,2,p_blue_gnome,2,8,p_yellow_forest,p_blue_basket,p_green_gnome,2,3,p_green_forest,p_green_basket,40,5,0,0,1,p_blue_gnome,p_yellow_forest,p_blue_basket,230,3,3,15,3,1,2,5,,,,,,,,,,,,,,,,,,,,,,,,,,,,,,,,,,,,,,,,,,,,,,,,,,,,,,,,,,,,,,,,,,,,,,,,,,,,,,,,,,,,,,,,,,,,,,,,,,,,,,,,,,,,,,,,,,,,,,,,,,,,,,,,,,,,,,,,,,,,,,,,,,
,,,,,,,,,,,,,,,,,,,,,,,,,,,,,,,,,,,,,,,,,,,,,,,,,,,,,,,,,,,,,,,,,,358696,001,2024-11-25_10h08.06.026,experiment,2023.2.3,Win32,58.82352941,664cd1c6545aa0f362493dd9,67446fa89e86ac01e4128331,6744b006966c922b21271303,,,,,,,,,,,,,,,,,,,,,,125.4125,126.1436,s,0.3185,,space,0.1512,,1,p_orange_gnome,1,9,p_yellow_forest,p_blue_basket,p_pink_gnome,1,4,p_green_forest,p_green_basket,9,1,0,0,1,p_orange_gnome,p_yellow_forest,p_blue_basket,239,4,0,16,0,1,1,1,,,,,,,,,,,,,,,,,,,,,,,,,,,,,,,,,,,,,,,,,,,,,,,,,,,,,,,,,,,,,,,,,,,,,,,,,,,,,,,,,,,,,,,,,,,,,,,,,,,,,,,,,,,,,,,,,,,,,,,,,,,,,,,,,,,,,,,,,,,,,,,,,,
,,,,,,,,,,,,,,,,,,,,,,,,,,,,,,,,,,,,,,,,,,,,,,,,,,,,,,,,,,,,,,,,,,358696,001,2024-11-25_10h08.06.026,experiment,2023.2.3,Win32,58.82352941,664cd1c6545aa0f362493dd9,67446fa89e86ac01e4128331,6744b006966c922b21271303,,,,,,,,,,,,,,,,,,,,,,135.3179,135.8216,k,0.6624,,space,0.4465,,2,p_blue_gnome,2,9,p_yellow_forest,p_blue_basket,p_green_gnome,2,4,p_green_forest,p_green_basket,4,1,0,0,1,p_green_gnome,p_green_forest,p_green_basket,243,4,1,17,1,1,2,1,,,,,,,,,,,,,,,,,,,,,,,,,,,,,,,,,,,,,,,,,,,,,,,,,,,,,,,,,,,,,,,,,,,,,,,,,,,,,,,,,,,,,,,,,,,,,,,,,,,,,,,,,,,,,,,,,,,,,,,,,,,,,,,,,,,,,,,,,,,,,,,,,,
,,,,,,,,,,,,,,,,,,,,,,,,,,,,,,,,,,,,,,,,,,,,,,,,,,,,,,,,,,,,,,,,,,358696,001,2024-11-25_10h08.06.026,experiment,2023.2.3,Win32,58.82352941,664cd1c6545aa0f362493dd9,67446fa89e86ac01e4128331,6744b006966c922b21271303,,,,,,,,,,,,,,,,,,,,,,142.6962,143.1982,s,0.6174,,space,0.7131,,1,p_orange_gnome,1,9,p_yellow_forest,p_blue_basket,p_pink_gnome,1,4,p_green_forest,p_green_basket,9,1,0,0,1,p_orange_gnome,p_yellow_forest,p_blue_basket,252,4,2,18,0,1,1,1,,,,,,,,,,,,,,,,,,,,,,,,,,,,,,,,,,,,,,,,,,,,,,,,,,,,,,,,,,,,,,,,,,,,,,,,,,,,,,,,,,,,,,,,,,,,,,,,,,,,,,,,,,,,,,,,,,,,,,,,,,,,,,,,,,,,,,,,,,,,,,,,,,
,,,,,,,,,,,,,,,,,,,,,,,,,,,,,,,,,,,,,,,,,,,,,,,,,,,,,,,,,,,,,,,,,,358696,001,2024-11-25_10h08.06.026,experiment,2023.2.3,Win32,58.82352941,664cd1c6545aa0f362493dd9,67446fa89e86ac01e4128331,6744b006966c922b21271303,,,,,,,,,,,,,,,,,,,,,,149.7708,150.2769,k,0.4359,,space,0.6026,,2,p_blue_gnome,2,9,p_yellow_forest,p_blue_basket,p_green_gnome,2,4,p_green_forest,p_green_basket,20,5,0,0,1,p_green_gnome,p_green_forest,p_green_basket,272,4,3,19,3,1,2,5,,,,,,,,,,,,,,,,,,,,,,,,,,,,,,,,,,,,,,,,,,,,,,,,,,,,,,,,,,,,,,,,,,,,,,,,,,,,,,,,,,,,,,,,,,,,,,,,,,,,,,,,,,,,,,,,,,,,,,,,,,,,,,,,,,,,,,,,,,,,,,,,,,
,,,,,,,,,,,,,,,,,,,,,,,,,,,,,,,,,,,,,,,,,,,,,,,,,,,,,,,,,,,,,,,,,,358696,001,2024-11-25_10h08.06.026,experiment,2023.2.3,Win32,58.82352941,664cd1c6545aa0f362493dd9,67446fa89e86ac01e4128331,6744b006966c922b21271303,,,,,,,,,,,,,,,,,,,,,,,,,,,,,,,,,,,,,,,,,,,,,,,,,,,,,,,,,,,,space,0.5187,,space,1429.0141,,ressources/step1_stim1.png,ressources/step1_stim5.png,s,0.8058,ressources/step2_background1.png,ressources/step2_stim1.png,0.5605,5,0,2324,0,0,0,0,0,0,0,s,0,0,0,0,0,1,,,,,,,,,,,,,,,,,,,,,,,,,,,,,,,,,,,,,,,,,,,,,,,,,,,,,,,,,,,,,,,,,,,,,,,,,,,,,,,,,,,,,,,,,,,,,,,,,,,,,,,,,,,,,,,,,
,,,,,,,,,,,,,,,,,,,,,,,,,,,,,,,,,,,,,,,,,,,,,,,,,,,,,,,,,,,,,,,,,,358696,001,2024-11-25_10h08.06.026,experiment,2023.2.3,Win32,58.82352941,664cd1c6545aa0f362493dd9,67446fa89e86ac01e4128331,6744b006966c922b21271303,,,,,,,,,,,,,,,,,,,,,,,,,,,,,,,,,,,,,,,,,,,,,,,,,,,,,,,,,,,,,,,,,,ressources/step1_stim7.png,ressources/step1_stim2.png,s,0.6625,ressources/step2_background2.png,ressources/step2_stim2.png,0.2605,1,2,2326,0,0,0,0,0,0,0,s,0,1,0,1,0,1,,,,,,,,,,,,,,,,,,,,,,,,,,,,,,,,,,,,,,,,,,,,,,,,,,,,,,,,,,,,,,,,,,,,,,,,,,,,,,,,,,,,,,,,,,,,,,,,,,,,,,,,,,,,,,,,,
,,,,,,,,,,,,,,,,,,,,,,,,,,,,,,,,,,,,,,,,,,,,,,,,,,,,,,,,,,,,,,,,,,358696,001,2024-11-25_10h08.06.026,experiment,2023.2.3,Win32,58.82352941,664cd1c6545aa0f362493dd9,67446fa89e86ac01e4128331,6744b006966c922b21271303,,,,,,,,,,,,,,,,,,,,,,,,,,,,,,,,,,,,,,,,,,,,,,,,,,,,,,,,,,,,,,,,,,ressources/step1_stim3.png,ressources/step1_stim4.png,k,0.509,ressources/step2_background1.png,ressources/step2_stim1.png,0.395,1,2,2328,0,0,0,0,0,0,0,s,0,2,0,2,0,1,,,,,,,,,,,,,,,,,,,,,,,,,,,,,,,,,,,,,,,,,,,,,,,,,,,,,,,,,,,,,,,,,,,,,,,,,,,,,,,,,,,,,,,,,,,,,,,,,,,,,,,,,,,,,,,,,
,,,,,,,,,,,,,,,,,,,,,,,,,,,,,,,,,,,,,,,,,,,,,,,,,,,,,,,,,,,,,,,,,,358696,001,2024-11-25_10h08.06.026,experiment,2023.2.3,Win32,58.82352941,664cd1c6545aa0f362493dd9,67446fa89e86ac01e4128331,6744b006966c922b21271303,,,,,,,,,,,,,,,,,,,,,,,,,,,,,,,,,,,,,,,,,,,,,,,,,,,,,,,,,,,,,,,,,,ressources/step1_stim5.png,ressources/step1_stim1.png,s,0.7004,ressources/step2_background2.png,ressources/step2_stim2.png,0.2776,5,30,2358,0,0,0,0,0,0,0,k,0,3,0,3,0,1,,,,,,,,,,,,,,,,,,,,,,,,,,,,,,,,,,,,,,,,,,,,,,,,,,,,,,,,,,,,,,,,,,,,,,,,,,,,,,,,,,,,,,,,,,,,,,,,,,,,,,,,,,,,,,,,,
,,,,,,,,,,,,,,,,,,,,,,,,,,,,,,,,,,,,,,,,,,,,,,,,,,,,,,,,,,,,,,,,,,358696,001,2024-11-25_10h08.06.026,experiment,2023.2.3,Win32,58.82352941,664cd1c6545aa0f362493dd9,67446fa89e86ac01e4128331,6744b006966c922b21271303,,,,,,,,,,,,,,,,,,,,,,,,,,,,,,,,,,,,,,,,,,,,,,,,,,,,,,,,,,,,,,,,,,ressources/step1_stim6.png,ressources/step1_stim8.png,s,0.6099,ressources/step2_background1.png,ressources/step2_stim1.png,0.4403,1,7,2365,0,0,0,0,0,0,0,k,0,4,0,4,0,1,,,,,,,,,,,,,,,,,,,,,,,,,,,,,,,,,,,,,,,,,,,,,,,,,,,,,,,,,,,,,,,,,,,,,,,,,,,,,,,,,,,,,,,,,,,,,,,,,,,,,,,,,,,,,,,,,
,,,,,,,,,,,,,,,,,,,,,,,,,,,,,,,,,,,,,,,,,,,,,,,,,,,,,,,,,,,,,,,,,,358696,001,2024-11-25_10h08.06.026,experiment,2023.2.3,Win32,58.82352941,664cd1c6545aa0f362493dd9,67446fa89e86ac01e4128331,6744b006966c922b21271303,,,,,,,,,,,,,,,,,,,,,,,,,,,,,,,,,,,,,,,,,,,,,,,,,,,,,,,,,,,,,,,,,,ressources/step1_stim5.png,ressources/step1_stim1.png,k,0.6941,ressources/step2_background1.png,ressources/step2_stim1.png,0.3121,5,40,2405,0,0,0,0,0,0,0,k,0,5,0,5,0,1,,,,,,,,,,,,,,,,,,,,,,,,,,,,,,,,,,,,,,,,,,,,,,,,,,,,,,,,,,,,,,,,,,,,,,,,,,,,,,,,,,,,,,,,,,,,,,,,,,,,,,,,,,,,,,,,,
,,,,,,,,,,,,,,,,,,,,,,,,,,,,,,,,,,,,,,,,,,,,,,,,,,,,,,,,,,,,,,,,,,358696,001,2024-11-25_10h08.06.026,experiment,2023.2.3,Win32,58.82352941,664cd1c6545aa0f362493dd9,67446fa89e86ac01e4128331,6744b006966c922b21271303,,,,,,,,,,,,,,,,,,,,,,,,,,,,,,,,,,,,,,,,,,,,,,,,,,,,,,,,,,,,,,,,,,ressources/step1_stim5.png,ressources/step1_stim1.png,k,0.5254,ressources/step2_background1.png,ressources/step2_stim1.png,0.5924,5,40,2445,1,1,0,0,0,0,1,k,0,6,0,6,0,1,k,2.0213,,,,,,,,,,,,,,,,,,,,,,,,,,,,,,,,,,,,,,,,,,,,,,,,,,,,,,,,,,,,,,,,,,,,,,,,,,,,,,,,,,,,,,,,,,,,,,,,,,,,,,,,,,,,,,,
,,,,,,,,,,,,,,,,,,,,,,,,,,,,,,,,,,,,,,,,,,,,,,,,,,,,,,,,,,,,,,,,,,358696,001,2024-11-25_10h08.06.026,experiment,2023.2.3,Win32,58.82352941,664cd1c6545aa0f362493dd9,67446fa89e86ac01e4128331,6744b006966c922b21271303,,,,,,,,,,,,,,,,,,,,,,,,,,,,,,,,,,,,,,,,,,,,,,,,,,,,,,,,,,,,,,,,,,ressources/step1_stim1.png,ressources/step1_stim5.png,s,0.5127,ressources/step2_background1.png,ressources/step2_stim1.png,0.4107,5,35,2480,0,0,0,0,0,0,1,k,0,7,0,7,0,1,,,,,,,,,,,,,,,,,,,,,,,,,,,,,,,,,,,,,,,,,,,,,,,,,,,,,,,,,,,,,,,,,,,,,,,,,,,,,,,,,,,,,,,,,,,,,,,,,,,,,,,,,,,,,,,,,
,,,,,,,,,,,,,,,,,,,,,,,,,,,,,,,,,,,,,,,,,,,,,,,,,,,,,,,,,,,,,,,,,,358696,001,2024-11-25_10h08.06.026,experiment,2023.2.3,Win32,58.82352941,664cd1c6545aa0f362493dd9,67446fa89e86ac01e4128331,6744b006966c922b21271303,,,,,,,,,,,,,,,,,,,,,,,,,,,,,,,,,,,,,,,,,,,,,,,,,,,,,,,,,,,,,,,,,,ressources/step1_stim8.png,ressources/step1_stim6.png,k,0.6165,ressources/step2_background1.png,ressources/step2_stim1.png,0.3085,1,4,2484,0,0,0,0,0,0,1,s,0,8,0,8,0,1,,,,,,,,,,,,,,,,,,,,,,,,,,,,,,,,,,,,,,,,,,,,,,,,,,,,,,,,,,,,,,,,,,,,,,,,,,,,,,,,,,,,,,,,,,,,,,,,,,,,,,,,,,,,,,,,,
,,,,,,,,,,,,,,,,,,,,,,,,,,,,,,,,,,,,,,,,,,,,,,,,,,,,,,,,,,,,,,,,,,358696,001,2024-11-25_10h08.06.026,experiment,2023.2.3,Win32,58.82352941,664cd1c6545aa0f362493dd9,67446fa89e86ac01e4128331,6744b006966c922b21271303,,,,,,,,,,,,,,,,,,,,,,,,,,,,,,,,,,,,,,,,,,,,,,,,,,,,,,,,,,,,,,,,,,ressources/step1_stim6.png,ressources/step1_stim8.png,s,0.5948,ressources/step2_background1.png,ressources/step2_stim1.png,0.4818,5,15,2499,0,0,0,0,0,0,1,k,0,9,0,9,0,1,,,,,,,,,,,,,,,,,,,,,,,,,,,,,,,,,,,,,,,,,,,,,,,,,,,,,,,,,,,,,,,,,,,,,,,,,,,,,,,,,,,,,,,,,,,,,,,,,,,,,,,,,,,,,,,,,
,,,,,,,,,,,,,,,,,,,,,,,,,,,,,,,,,,,,,,,,,,,,,,,,,,,,,,,,,,,,,,,,,,358696,001,2024-11-25_10h08.06.026,experiment,2023.2.3,Win32,58.82352941,664cd1c6545aa0f362493dd9,67446fa89e86ac01e4128331,6744b006966c922b21271303,,,,,,,,,,,,,,,,,,,,,,,,,,,,,,,,,,,,,,,,,,,,,,,,,,,,,,,,,,,,,,,,,,ressources/step1_stim1.png,ressources/step1_stim5.png,s,0.643,ressources/step2_background1.png,ressources/step2_stim1.png,0.524,1,3,2502,0,0,0,0,0,0,1,s,0,10,0,10,0,1,,,,,,,,,,,,,,,,,,,,,,,,,,,,,,,,,,,,,,,,,,,,,,,,,,,,,,,,,,,,,,,,,,,,,,,,,,,,,,,,,,,,,,,,,,,,,,,,,,,,,,,,,,,,,,,,,
,,,,,,,,,,,,,,,,,,,,,,,,,,,,,,,,,,,,,,,,,,,,,,,,,,,,,,,,,,,,,,,,,,358696,001,2024-11-25_10h08.06.026,experiment,2023.2.3,Win32,58.82352941,664cd1c6545aa0f362493dd9,67446fa89e86ac01e4128331,6744b006966c922b21271303,,,,,,,,,,,,,,,,,,,,,,,,,,,,,,,,,,,,,,,,,,,,,,,,,,,,,,,,,,,,,,,,,,ressources/step1_stim4.png,ressources/step1_stim3.png,k,0.563,ressources/step2_background2.png,ressources/step2_stim2.png,0.299,5,25,2527,0,0,0,0,0,0,1,k,0,11,0,11,0,1,,,,,,,,,,,,,,,,,,,,,,,,,,,,,,,,,,,,,,,,,,,,,,,,,,,,,,,,,,,,,,,,,,,,,,,,,,,,,,,,,,,,,,,,,,,,,,,,,,,,,,,,,,,,,,,,,
,,,,,,,,,,,,,,,,,,,,,,,,,,,,,,,,,,,,,,,,,,,,,,,,,,,,,,,,,,,,,,,,,,358696,001,2024-11-25_10h08.06.026,experiment,2023.2.3,Win32,58.82352941,664cd1c6545aa0f362493dd9,67446fa89e86ac01e4128331,6744b006966c922b21271303,,,,,,,,,,,,,,,,,,,,,,,,,,,,,,,,,,,,,,,,,,,,,,,,,,,,,,,,,,,,,,,,,,ressources/step1_stim3.png,ressources/step1_stim4.png,s,0.6477,ressources/step2_background2.png,ressources/step2_stim2.png,0.3612,5,30,2557,0,0,0,0,0,0,1,k,0,12,0,12,0,1,,,,,,,,,,,,,,,,,,,,,,,,,,,,,,,,,,,,,,,,,,,,,,,,,,,,,,,,,,,,,,,,,,,,,,,,,,,,,,,,,,,,,,,,,,,,,,,,,,,,,,,,,,,,,,,,,
,,,,,,,,,,,,,,,,,,,,,,,,,,,,,,,,,,,,,,,,,,,,,,,,,,,,,,,,,,,,,,,,,,358696,001,2024-11-25_10h08.06.026,experiment,2023.2.3,Win32,58.82352941,664cd1c6545aa0f362493dd9,67446fa89e86ac01e4128331,6744b006966c922b21271303,,,,,,,,,,,,,,,,,,,,,,,,,,,,,,,,,,,,,,,,,,,,,,,,,,,,,,,,,,,,,,,,,,ressources/step1_stim8.png,ressources/step1_stim6.png,k,0.7655,ressources/step2_background1.png,ressources/step2_stim1.png,0.3355,1,7,2564,1,1,0,0,1,0,2,k,1,13,0,13,0,1,,,,,,,,,,,,,,,,,,,,,,,,,,,,,,,,,,,,,,,,,,,,,,,,,,,,,,,,,,,,,,,,,,,,,,,,,,,,,,,,,,,,,,,,,,,,,,,,,,,,,,,,,,,,,,,,,
,,,,,,,,,,,,,,,,,,,,,,,,,,,,,,,,,,,,,,,,,,,,,,,,,,,,,,,,,,,,,,,,,,358696,001,2024-11-25_10h08.06.026,experiment,2023.2.3,Win32,58.82352941,664cd1c6545aa0f362493dd9,67446fa89e86ac01e4128331,6744b006966c922b21271303,,,,,,,,,,,,,,,,,,,,,,,,,,,,,,,,,,,,,,,,,,,,,,,,,,,,,,,,,,,,,,,,,,ressources/step1_stim8.png,ressources/step1_stim6.png,k,0.9169,ressources/step2_background1.png,ressources/step2_stim1.png,0.794,5,25,2589,1,1,0,0,0,0,3,k,1,14,0,14,0,1,k,1.5086,,,,,,,,,,,,,,,,,,,,,,,,,,,,,,,,,,,,,,,,,,,,,,,,,,,,,,,,,,,,,,,,,,,,,,,,,,,,,,,,,,,,,,,,,,,,,,,,,,,,,,,,,,,,,,,
,,,,,,,,,,,,,,,,,,,,,,,,,,,,,,,,,,,,,,,,,,,,,,,,,,,,,,,,,,,,,,,,,,358696,001,2024-11-25_10h08.06.026,experiment,2023.2.3,Win32,58.82352941,664cd1c6545aa0f362493dd9,67446fa89e86ac01e4128331,6744b006966c922b21271303,,,,,,,,,,,,,,,,,,,,,,,,,,,,,,,,,,,,,,,,,,,,,,,,,,,,,,,,,,,,,,,,,,ressources/step1_stim1.png,ressources/step1_stim5.png,s,0.6873,ressources/step2_background1.png,ressources/step2_stim1.png,0.8251,1,8,2597,0,0,0,0,0,0,3,k,1,15,0,15,0,1,,,,,,,,,,,,,,,,,,,,,,,,,,,,,,,,,,,,,,,,,,,,,,,,,,,,,,,,,,,,,,,,,,,,,,,,,,,,,,,,,,,,,,,,,,,,,,,,,,,,,,,,,,,,,,,,,
,,,,,,,,,,,,,,,,,,,,,,,,,,,,,,,,,,,,,,,,,,,,,,,,,,,,,,,,,,,,,,,,,,358696,001,2024-11-25_10h08.06.026,experiment,2023.2.3,Win32,58.82352941,664cd1c6545aa0f362493dd9,67446fa89e86ac01e4128331,6744b006966c922b21271303,,,,,,,,,,,,,,,,,,,,,,,,,,,,,,,,,,,,,,,,,,,,,,,,,,,,,,,,,,,,,,,,,,ressources/step1_stim5.png,ressources/step1_stim1.png,k,0.74,ressources/step2_background1.png,ressources/step2_stim1.png,0.4292,5,45,2642,0,0,0,0,0,0,3,k,1,16,0,16,0,1,,,,,,,,,,,,,,,,,,,,,,,,,,,,,,,,,,,,,,,,,,,,,,,,,,,,,,,,,,,,,,,,,,,,,,,,,,,,,,,,,,,,,,,,,,,,,,,,,,,,,,,,,,,,,,,,,
,,,,,,,,,,,,,,,,,,,,,,,,,,,,,,,,,,,,,,,,,,,,,,,,,,,,,,,,,,,,,,,,,,358696,001,2024-11-25_10h08.06.026,experiment,2023.2.3,Win32,58.82352941,664cd1c6545aa0f362493dd9,67446fa89e86ac01e4128331,6744b006966c922b21271303,,,,,,,,,,,,,,,,,,,,,,,,,,,,,,,,,,,,,,,,,,,,,,,,,,,,,,,,,,,,,,,,,,ressources/step1_stim5.png,ressources/step1_stim1.png,k,0.5762,ressources/step2_background1.png,ressources/step2_stim1.png,0.5298,5,30,2672,0,0,0,0,0,0,3,k,1,17,0,17,0,1,,,,,,,,,,,,,,,,,,,,,,,,,,,,,,,,,,,,,,,,,,,,,,,,,,,,,,,,,,,,,,,,,,,,,,,,,,,,,,,,,,,,,,,,,,,,,,,,,,,,,,,,,,,,,,,,,
,,,,,,,,,,,,,,,,,,,,,,,,,,,,,,,,,,,,,,,,,,,,,,,,,,,,,,,,,,,,,,,,,,358696,001,2024-11-25_10h08.06.026,experiment,2023.2.3,Win32,58.82352941,664cd1c6545aa0f362493dd9,67446fa89e86ac01e4128331,6744b006966c922b21271303,,,,,,,,,,,,,,,,,,,,,,,,,,,,,,,,,,,,,,,,,,,,,,,,,,,,,,,,,,,,,,,,,,ressources/step1_stim1.png,ressources/step1_stim5.png,s,0.475,ressources/step2_background1.png,ressources/step2_stim1.png,0.3092,1,6,2678,0,0,0,0,0,0,3,k,1,18,0,18,0,1,,,,,,,,,,,,,,,,,,,,,,,,,,,,,,,,,,,,,,,,,,,,,,,,,,,,,,,,,,,,,,,,,,,,,,,,,,,,,,,,,,,,,,,,,,,,,,,,,,,,,,,,,,,,,,,,,
,,,,,,,,,,,,,,,,,,,,,,,,,,,,,,,,,,,,,,,,,,,,,,,,,,,,,,,,,,,,,,,,,,358696,001,2024-11-25_10h08.06.026,experiment,2023.2.3,Win32,58.82352941,664cd1c6545aa0f362493dd9,67446fa89e86ac01e4128331,6744b006966c922b21271303,,,,,,,,,,,,,,,,,,,,,,,,,,,,,,,,,,,,,,,,,,,,,,,,,,,,,,,,,,,,,,,,,,ressources/step1_stim6.png,ressources/step1_stim8.png,s,0.7319,ressources/step2_background1.png,ressources/step2_stim1.png,0.1619,1,5,2683,0,0,0,0,0,0,3,s,1,19,0,19,0,1,,,,,,,,,,,,,,,,,,,,,,,,,,,,,,,,,,,,,,,,,,,,,,,,,,,,,,,,,,,,,,,,,,,,,,,,,,,,,,,,,,,,,,,,,,,,,,,,,,,,,,,,,,,,,,,,,
,,,,,,,,,,,,,,,,,,,,,,,,,,,,,,,,,,,,,,,,,,,,,,,,,,,,,,,,,,,,,,,,,,358696,001,2024-11-25_10h08.06.026,experiment,2023.2.3,Win32,58.82352941,664cd1c6545aa0f362493dd9,67446fa89e86ac01e4128331,6744b006966c922b21271303,,,,,,,,,,,,,,,,,,,,,,,,,,,,,,,,,,,,,,,,,,,,,,,,,,,,,,,,,,,,,,,,,,ressources/step1_stim1.png,ressources/step1_stim5.png,s,0.644,ressources/step2_background1.png,ressources/step2_stim1.png,0.3778,1,8,2691,0,0,0,0,0,0,3,k,1,20,0,20,0,1,,,,,,,,,,,,,,,,,,,,,,,,,,,,,,,,,,,,,,,,,,,,,,,,,,,,,,,,,,,,,,,,,,,,,,,,,,,,,,,,,,,,,,,,,,,,,,,,,,,,,,,,,,,,,,,,,
,,,,,,,,,,,,,,,,,,,,,,,,,,,,,,,,,,,,,,,,,,,,,,,,,,,,,,,,,,,,,,,,,,358696,001,2024-11-25_10h08.06.026,experiment,2023.2.3,Win32,58.82352941,664cd1c6545aa0f362493dd9,67446fa89e86ac01e4128331,6744b006966c922b21271303,,,,,,,,,,,,,,,,,,,,,,,,,,,,,,,,,,,,,,,,,,,,,,,,,,,,,,,,,,,,,,,,,,ressources/step1_stim6.png,ressources/step1_stim8.png,s,0.6233,ressources/step2_background1.png,ressources/step2_stim1.png,0.3438,1,8,2699,0,0,0,0,0,0,3,k,1,21,0,21,0,1,,,,,,,,,,,,,,,,,,,,,,,,,,,,,,,,,,,,,,,,,,,,,,,,,,,,,,,,,,,,,,,,,,,,,,,,,,,,,,,,,,,,,,,,,,,,,,,,,,,,,,,,,,,,,,,,,
,,,,,,,,,,,,,,,,,,,,,,,,,,,,,,,,,,,,,,,,,,,,,,,,,,,,,,,,,,,,,,,,,,358696,001,2024-11-25_10h08.06.026,experiment,2023.2.3,Win32,58.82352941,664cd1c6545aa0f362493dd9,67446fa89e86ac01e4128331,6744b006966c922b21271303,,,,,,,,,,,,,,,,,,,,,,,,,,,,,,,,,,,,,,,,,,,,,,,,,,,,,,,,,,,,,,,,,,ressources/step1_stim3.png,ressources/step1_stim4.png,s,0.674,ressources/step2_background2.png,ressources/step2_stim2.png,0.4227,5,35,2734,0,0,0,0,0,0,3,k,1,22,0,22,0,1,,,,,,,,,,,,,,,,,,,,,,,,,,,,,,,,,,,,,,,,,,,,,,,,,,,,,,,,,,,,,,,,,,,,,,,,,,,,,,,,,,,,,,,,,,,,,,,,,,,,,,,,,,,,,,,,,
,,,,,,,,,,,,,,,,,,,,,,,,,,,,,,,,,,,,,,,,,,,,,,,,,,,,,,,,,,,,,,,,,,358696,001,2024-11-25_10h08.06.026,experiment,2023.2.3,Win32,58.82352941,664cd1c6545aa0f362493dd9,67446fa89e86ac01e4128331,6744b006966c922b21271303,,,,,,,,,,,,,,,,,,,,,,,,,,,,,,,,,,,,,,,,,,,,,,,,,,,,,,,,,,,,,,,,,,ressources/step1_stim8.png,ressources/step1_stim6.png,k,0.6589,ressources/step2_background1.png,ressources/step2_stim1.png,0.4464,1,7,2741,1,0,1,0,0,0,4,k,1,23,0,23,0,1,,,,k,3.7033,,,,,,,,,,,,,,,,,,,,,,,,,,,,,,,,,,,,,,,,,,,,,,,,,,,,,,,,,,,,,,,,,,,,,,,,,,,,,,,,,,,,,,,,,,,,,,,,,,,,,,,,,,,,
,,,,,,,,,,,,,,,,,,,,,,,,,,,,,,,,,,,,,,,,,,,,,,,,,,,,,,,,,,,,,,,,,,358696,001,2024-11-25_10h08.06.026,experiment,2023.2.3,Win32,58.82352941,664cd1c6545aa0f362493dd9,67446fa89e86ac01e4128331,6744b006966c922b21271303,,,,,,,,,,,,,,,,,,,,,,,,,,,,,,,,,,,,,,,,,,,,,,,,,,,,,,,,,,,,,,,,,,ressources/step1_stim6.png,ressources/step1_stim8.png,s,0.6437,ressources/step2_background1.png,ressources/step2_stim1.png,0.5058,5,45,2786,0,0,0,0,0,0,4,k,1,24,0,24,0,1,,,,,,,,,,,,,,,,,,,,,,,,,,,,,,,,,,,,,,,,,,,,,,,,,,,,,,,,,,,,,,,,,,,,,,,,,,,,,,,,,,,,,,,,,,,,,,,,,,,,,,,,,,,,,,,,,
,,,,,,,,,,,,,,,,,,,,,,,,,,,,,,,,,,,,,,,,,,,,,,,,,,,,,,,,,,,,,,,,,,358696,001,2024-11-25_10h08.06.026,experiment,2023.2.3,Win32,58.82352941,664cd1c6545aa0f362493dd9,67446fa89e86ac01e4128331,6744b006966c922b21271303,,,,,,,,,,,,,,,,,,,,,,,,,,,,,,,,,,,,,,,,,,,,,,,,,,,,,,,,,,,,,,,,,,ressources/step1_stim5.png,ressources/step1_stim1.png,k,0.8589,ressources/step2_background1.png,ressources/step2_stim1.png,0.5211,1,8,2794,0,0,0,0,0,0,4,k,1,25,0,25,0,1,,,,,,,,,,,,,,,,,,,,,,,,,,,,,,,,,,,,,,,,,,,,,,,,,,,,,,,,,,,,,,,,,,,,,,,,,,,,,,,,,,,,,,,,,,,,,,,,,,,,,,,,,,,,,,,,,
,,,,,,,,,,,,,,,,,,,,,,,,,,,,,,,,,,,,,,,,,,,,,,,,,,,,,,,,,,,,,,,,,,358696,001,2024-11-25_10h08.06.026,experiment,2023.2.3,Win32,58.82352941,664cd1c6545aa0f362493dd9,67446fa89e86ac01e4128331,6744b006966c922b21271303,,,,,,,,,,,,,,,,,,,,,,,,,,,,,,,,,,,,,,,,,,,,,,,,,,,,,,,,,,,,,,,,,,ressources/step1_stim7.png,ressources/step1_stim2.png,s,0.7568,ressources/step2_background2.png,ressources/step2_stim2.png,0.3107,1,7,2801,0,0,0,0,0,0,4,k,1,26,0,26,0,1,,,,,,,,,,,,,,,,,,,,,,,,,,,,,,,,,,,,,,,,,,,,,,,,,,,,,,,,,,,,,,,,,,,,,,,,,,,,,,,,,,,,,,,,,,,,,,,,,,,,,,,,,,,,,,,,,
,,,,,,,,,,,,,,,,,,,,,,,,,,,,,,,,,,,,,,,,,,,,,,,,,,,,,,,,,,,,,,,,,,358696,001,2024-11-25_10h08.06.026,experiment,2023.2.3,Win32,58.82352941,664cd1c6545aa0f362493dd9,67446fa89e86ac01e4128331,6744b006966c922b21271303,,,,,,,,,,,,,,,,,,,,,,,,,,,,,,,,,,,,,,,,,,,,,,,,,,,,,,,,,,,,,,,,,,ressources/step1_stim8.png,ressources/step1_stim6.png,k,0.6635,ressources/step2_background1.png,ressources/step2_stim1.png,0.3947,5,45,2846,0,0,0,0,0,0,4,k,1,27,0,27,0,1,,,,,,,,,,,,,,,,,,,,,,,,,,,,,,,,,,,,,,,,,,,,,,,,,,,,,,,,,,,,,,,,,,,,,,,,,,,,,,,,,,,,,,,,,,,,,,,,,,,,,,,,,,,,,,,,,
,,,,,,,,,,,,,,,,,,,,,,,,,,,,,,,,,,,,,,,,,,,,,,,,,,,,,,,,,,,,,,,,,,358696,001,2024-11-25_10h08.06.026,experiment,2023.2.3,Win32,58.82352941,664cd1c6545aa0f362493dd9,67446fa89e86ac01e4128331,6744b006966c922b21271303,,,,,,,,,,,,,,,,,,,,,,,,,,,,,,,,,,,,,,,,,,,,,,,,,,,,,,,,,,,,,,,,,,ressources/step1_stim4.png,ressources/step1_stim3.png,k,1.0431,ressources/step2_background2.png,ressources/step2_stim2.png,0.3791,1,5,2851,0,0,0,0,0,0,4,s,1,28,0,28,0,1,,,,,,,,,,,,,,,,,,,,,,,,,,,,,,,,,,,,,,,,,,,,,,,,,,,,,,,,,,,,,,,,,,,,,,,,,,,,,,,,,,,,,,,,,,,,,,,,,,,,,,,,,,,,,,,,,
,,,,,,,,,,,,,,,,,,,,,,,,,,,,,,,,,,,,,,,,,,,,,,,,,,,,,,,,,,,,,,,,,,358696,001,2024-11-25_10h08.06.026,experiment,2023.2.3,Win32,58.82352941,664cd1c6545aa0f362493dd9,67446fa89e86ac01e4128331,6744b006966c922b21271303,,,,,,,,,,,,,,,,,,,,,,,,,,,,,,,,,,,,,,,,,,,,,,,,,,,,,,,,,,,,,,,,,,ressources/step1_stim5.png,ressources/step1_stim1.png,k,0.7086,ressources/step2_background1.png,ressources/step2_stim1.png,0.3519,1,7,2858,0,0,0,0,0,0,4,k,1,29,0,29,0,1,,,,,,,,,,,,,,,,,,,,,,,,,,,,,,,,,,,,,,,,,,,,,,,,,,,,,,,,,,,,,,,,,,,,,,,,,,,,,,,,,,,,,,,,,,,,,,,,,,,,,,,,,,,,,,,,,
,,,,,,,,,,,,,,,,,,,,,,,,,,,,,,,,,,,,,,,,,,,,,,,,,,,,,,,,,,,,,,,,,,358696,001,2024-11-25_10h08.06.026,experiment,2023.2.3,Win32,58.82352941,664cd1c6545aa0f362493dd9,67446fa89e86ac01e4128331,6744b006966c922b21271303,,,,,,,,,,,,,,,,,,,,,,,,,,,,,,,,,,,,,,,,,,,,,,,,,,,,,,,,,,,,,,,,,,ressources/step1_stim7.png,ressources/step1_stim2.png,s,0.7114,ressources/step2_background2.png,ressources/step2_stim2.png,0.229,5,5,2863,0,0,0,0,0,0,4,s,1,30,0,30,0,1,,,,,,,,,,,,,,,,,,,,,,,,,,,,,,,,,,,,,,,,,,,,,,,,,,,,,,,,,,,,,,,,,,,,,,,,,,,,,,,,,,,,,,,,,,,,,,,,,,,,,,,,,,,,,,,,,
,,,,,,,,,,,,,,,,,,,,,,,,,,,,,,,,,,,,,,,,,,,,,,,,,,,,,,,,,,,,,,,,,,358696,001,2024-11-25_10h08.06.026,experiment,2023.2.3,Win32,58.82352941,664cd1c6545aa0f362493dd9,67446fa89e86ac01e4128331,6744b006966c922b21271303,,,,,,,,,,,,,,,,,,,,,,,,,,,,,,,,,,,,,,,,,,,,,,,,,,,,,,,,,,,,,,,,,,ressources/step1_stim7.png,ressources/step1_stim2.png,s,0.7167,ressources/step2_background2.png,ressources/step2_stim2.png,0.3273,1,0,2863,0,0,0,0,0,0,4,s,1,31,0,31,0,1,,,,,,,,,,,,,,,,,,,,,,,,,,,,,,,,,,,,,,,,,,,,,,,,,,,,,,,,,,,,,,,,,,,,,,,,,,,,,,,,,,,,,,,,,,,,,,,,,,,,,,,,,,,,,,,,,
,,,,,,,,,,,,,,,,,,,,,,,,,,,,,,,,,,,,,,,,,,,,,,,,,,,,,,,,,,,,,,,,,,358696,001,2024-11-25_10h08.06.026,experiment,2023.2.3,Win32,58.82352941,664cd1c6545aa0f362493dd9,67446fa89e86ac01e4128331,6744b006966c922b21271303,,,,,,,,,,,,,,,,,,,,,,,,,,,,,,,,,,,,,,,,,,,,,,,,,,,,,,,,,,,,,,,,,,ressources/step1_stim8.png,ressources/step1_stim6.png,k,0.763,ressources/step2_background1.png,ressources/step2_stim1.png,0.6947,1,7,2870,0,0,0,0,0,0,4,k,1,32,0,32,0,1,,,,,,,,,,,,,,,,,,,,,,,,,,,,,,,,,,,,,,,,,,,,,,,,,,,,,,,,,,,,,,,,,,,,,,,,,,,,,,,,,,,,,,,,,,,,,,,,,,,,,,,,,,,,,,,,,
,,,,,,,,,,,,,,,,,,,,,,,,,,,,,,,,,,,,,,,,,,,,,,,,,,,,,,,,,,,,,,,,,,358696,001,2024-11-25_10h08.06.026,experiment,2023.2.3,Win32,58.82352941,664cd1c6545aa0f362493dd9,67446fa89e86ac01e4128331,6744b006966c922b21271303,,,,,,,,,,,,,,,,,,,,,,,,,,,,,,,,,,,,,,,,,,,,,,,,,,,,,,,,,,,,,,,,,,ressources/step1_stim8.png,ressources/step1_stim6.png,k,0.6981,ressources/step2_background1.png,ressources/step2_stim1.png,0.4822,5,40,2910,0,0,0,0,0,0,4,k,1,33,0,33,0,1,,,,,,,,,,,,,,,,,,,,,,,,,,,,,,,,,,,,,,,,,,,,,,,,,,,,,,,,,,,,,,,,,,,,,,,,,,,,,,,,,,,,,,,,,,,,,,,,,,,,,,,,,,,,,,,,,
,,,,,,,,,,,,,,,,,,,,,,,,,,,,,,,,,,,,,,,,,,,,,,,,,,,,,,,,,,,,,,,,,,358696,001,2024-11-25_10h08.06.026,experiment,2023.2.3,Win32,58.82352941,664cd1c6545aa0f362493dd9,67446fa89e86ac01e4128331,6744b006966c922b21271303,,,,,,,,,,,,,,,,,,,,,,,,,,,,,,,,,,,,,,,,,,,,,,,,,,,,,,,,,,,,,,,,,,ressources/step1_stim8.png,ressources/step1_stim6.png,k,0.779,ressources/step2_background1.png,ressources/step2_stim1.png,0.4375,5,35,2945,0,0,0,0,0,0,4,k,1,34,0,34,0,1,,,,,,,,,,,,,,,,,,,,,,,,,,,,,,,,,,,,,,,,,,,,,,,,,,,,,,,,,,,,,,,,,,,,,,,,,,,,,,,,,,,,,,,,,,,,,,,,,,,,,,,,,,,,,,,,,
,,,,,,,,,,,,,,,,,,,,,,,,,,,,,,,,,,,,,,,,,,,,,,,,,,,,,,,,,,,,,,,,,,358696,001,2024-11-25_10h08.06.026,experiment,2023.2.3,Win32,58.82352941,664cd1c6545aa0f362493dd9,67446fa89e86ac01e4128331,6744b006966c922b21271303,,,,,,,,,,,,,,,,,,,,,,,,,,,,,,,,,,,,,,,,,,,,,,,,,,,,,,,,,,,,,,,,,,ressources/step1_stim4.png,ressources/step1_stim3.png,k,0.8019,ressources/step2_background2.png,ressources/step2_stim2.png,0.3258,5,5,2950,0,0,0,0,0,0,4,s,1,35,0,35,0,1,,,,,,,,,,,,,,,,,,,,,,,,,,,,,,,,,,,,,,,,,,,,,,,,,,,,,,,,,,,,,,,,,,,,,,,,,,,,,,,,,,,,,,,,,,,,,,,,,,,,,,,,,,,,,,,,,
,,,,,,,,,,,,,,,,,,,,,,,,,,,,,,,,,,,,,,,,,,,,,,,,,,,,,,,,,,,,,,,,,,358696,001,2024-11-25_10h08.06.026,experiment,2023.2.3,Win32,58.82352941,664cd1c6545aa0f362493dd9,67446fa89e86ac01e4128331,6744b006966c922b21271303,,,,,,,,,,,,,,,,,,,,,,,,,,,,,,,,,,,,,,,,,,,,,,,,,,,,,,,,,,,,,,,,,,ressources/step1_stim3.png,ressources/step1_stim4.png,s,0.6286,ressources/step2_background2.png,ressources/step2_stim2.png,0.4756,5,5,2955,0,0,0,0,0,0,4,s,1,36,0,36,0,1,,,,,,,,,,,,,,,,,,,,,,,,,,,,,,,,,,,,,,,,,,,,,,,,,,,,,,,,,,,,,,,,,,,,,,,,,,,,,,,,,,,,,,,,,,,,,,,,,,,,,,,,,,,,,,,,,
,,,,,,,,,,,,,,,,,,,,,,,,,,,,,,,,,,,,,,,,,,,,,,,,,,,,,,,,,,,,,,,,,,358696,001,2024-11-25_10h08.06.026,experiment,2023.2.3,Win32,58.82352941,664cd1c6545aa0f362493dd9,67446fa89e86ac01e4128331,6744b006966c922b21271303,,,,,,,,,,,,,,,,,,,,,,,,,,,,,,,,,,,,,,,,,,,,,,,,,,,,,,,,,,,,,,,,,,ressources/step1_stim1.png,ressources/step1_stim5.png,s,0.6371,ressources/step2_background1.png,ressources/step2_stim1.png,0.6314,5,40,2995,0,0,0,0,0,0,4,k,1,37,0,37,0,1,,,,,,,,,,,,,,,,,,,,,,,,,,,,,,,,,,,,,,,,,,,,,,,,,,,,,,,,,,,,,,,,,,,,,,,,,,,,,,,,,,,,,,,,,,,,,,,,,,,,,,,,,,,,,,,,,
,,,,,,,,,,,,,,,,,,,,,,,,,,,,,,,,,,,,,,,,,,,,,,,,,,,,,,,,,,,,,,,,,,358696,001,2024-11-25_10h08.06.026,experiment,2023.2.3,Win32,58.82352941,664cd1c6545aa0f362493dd9,67446fa89e86ac01e4128331,6744b006966c922b21271303,,,,,,,,,,,,,,,,,,,,,,,,,,,,,,,,,,,,,,,,,,,,,,,,,,,,,,,,,,,,,,,,,,ressources/step1_stim3.png,ressources/step1_stim4.png,s,0.5616,ressources/step2_background2.png,ressources/step2_stim2.png,0.59,1,5,3000,0,0,0,0,0,0,4,s,1,38,0,38,0,1,,,,,,,,,,,,,,,,,,,,,,,,,,,,,,,,,,,,,,,,,,,,,,,,,,,,,,,,,,,,,,,,,,,,,,,,,,,,,,,,,,,,,,,,,,,,,,,,,,,,,,,,,,,,,,,,,
,,,,,,,,,,,,,,,,,,,,,,,,,,,,,,,,,,,,,,,,,,,,,,,,,,,,,,,,,,,,,,,,,,358696,001,2024-11-25_10h08.06.026,experiment,2023.2.3,Win32,58.82352941,664cd1c6545aa0f362493dd9,67446fa89e86ac01e4128331,6744b006966c922b21271303,,,,,,,,,,,,,,,,,,,,,,,,,,,,,,,,,,,,,,,,,,,,,,,,,,,,,,,,,,,,,,,,,,ressources/step1_stim3.png,ressources/step1_stim4.png,s,0.7405,ressources/step2_background2.png,ressources/step2_stim2.png,0.3477,5,20,3020,0,0,0,0,0,0,4,k,1,39,0,39,0,1,,,,,,,,,,,,,,,,,,,,,,,,,,,,,,,,,,,,,,,,,,,,,,,,,,,,,,,,,,,,,,,,,,,,,,,,,,,,,,,,,,,,,,,,,,,,,,,,,,,,,,,,,,,,,,,,,
,,,,,,,,,,,,,,,,,,,,,,,,,,,,,,,,,,,,,,,,,,,,,,,,,,,,,,,,,,,,,,,,,,358696,001,2024-11-25_10h08.06.026,experiment,2023.2.3,Win32,58.82352941,664cd1c6545aa0f362493dd9,67446fa89e86ac01e4128331,6744b006966c922b21271303,,,,,,,,,,,,,,,,,,,,,,,,,,,,,,,,,,,,,,,,,,,,,,,,,,,,,,,,,,,,,,,,,,ressources/step1_stim3.png,ressources/step1_stim4.png,s,0.6957,ressources/step2_background2.png,ressources/step2_stim2.png,0.2359,5,25,3045,1,0,1,0,0,0,5,k,1,40,0,40,0,1,,,,k,3.0095,,,,,,,,,,,,,,,,,,,,,,,,,,,,,,,,,,,,,,,,,,,,,,,,,,,,,,,,,,,,,,,,,,,,,,,,,,,,,,,,,,,,,,,,,,,,,,,,,,,,,,,,,,,,
,,,,,,,,,,,,,,,,,,,,,,,,,,,,,,,,,,,,,,,,,,,,,,,,,,,,,,,,,,,,,,,,,,358696,001,2024-11-25_10h08.06.026,experiment,2023.2.3,Win32,58.82352941,664cd1c6545aa0f362493dd9,67446fa89e86ac01e4128331,6744b006966c922b21271303,,,,,,,,,,,,,,,,,,,,,,,,,,,,,,,,,,,,,,,,,,,,,,,,,,,,,,,,,,,,,,,,,,ressources/step1_stim5.png,ressources/step1_stim1.png,k,0.4746,ressources/step2_background1.png,ressources/step2_stim1.png,0.2953,5,40,3085,0,0,0,0,0,0,5,k,1,41,0,41,0,1,,,,,,,,,,,,,,,,,,,,,,,,,,,,,,,,,,,,,,,,,,,,,,,,,,,,,,,,,,,,,,,,,,,,,,,,,,,,,,,,,,,,,,,,,,,,,,,,,,,,,,,,,,,,,,,,,
,,,,,,,,,,,,,,,,,,,,,,,,,,,,,,,,,,,,,,,,,,,,,,,,,,,,,,,,,,,,,,,,,,358696,001,2024-11-25_10h08.06.026,experiment,2023.2.3,Win32,58.82352941,664cd1c6545aa0f362493dd9,67446fa89e86ac01e4128331,6744b006966c922b21271303,,,,,,,,,,,,,,,,,,,,,,,,,,,,,,,,,,,,,,,,,,,,,,,,,,,,,,,,,,,,,,,,,,ressources/step1_stim3.png,ressources/step1_stim4.png,s,0.6175,ressources/step2_background2.png,ressources/step2_stim2.png,0.2107,5,20,3105,0,0,0,0,0,0,5,k,1,42,0,42,0,1,,,,,,,,,,,,,,,,,,,,,,,,,,,,,,,,,,,,,,,,,,,,,,,,,,,,,,,,,,,,,,,,,,,,,,,,,,,,,,,,,,,,,,,,,,,,,,,,,,,,,,,,,,,,,,,,,
,,,,,,,,,,,,,,,,,,,,,,,,,,,,,,,,,,,,,,,,,,,,,,,,,,,,,,,,,,,,,,,,,,358696,001,2024-11-25_10h08.06.026,experiment,2023.2.3,Win32,58.82352941,664cd1c6545aa0f362493dd9,67446fa89e86ac01e4128331,6744b006966c922b21271303,,,,,,,,,,,,,,,,,,,,,,,,,,,,,,,,,,,,,,,,,,,,,,,,,,,,,,,,,,,,,,,,,,ressources/step1_stim2.png,ressources/step1_stim7.png,s,0.559,ressources/step2_background1.png,ressources/step2_stim1.png,0.3018,1,6,3111,0,0,0,0,0,0,5,k,1,43,0,43,0,1,,,,,,,,,,,,,,,,,,,,,,,,,,,,,,,,,,,,,,,,,,,,,,,,,,,,,,,,,,,,,,,,,,,,,,,,,,,,,,,,,,,,,,,,,,,,,,,,,,,,,,,,,,,,,,,,,
,,,,,,,,,,,,,,,,,,,,,,,,,,,,,,,,,,,,,,,,,,,,,,,,,,,,,,,,,,,,,,,,,,358696,001,2024-11-25_10h08.06.026,experiment,2023.2.3,Win32,58.82352941,664cd1c6545aa0f362493dd9,67446fa89e86ac01e4128331,6744b006966c922b21271303,,,,,,,,,,,,,,,,,,,,,,,,,,,,,,,,,,,,,,,,,,,,,,,,,,,,,,,,,,,,,,,,,,ressources/step1_stim6.png,ressources/step1_stim8.png,s,0.8771,ressources/step2_background1.png,ressources/step2_stim1.png,0.4144,5,25,3136,0,0,0,0,0,0,5,k,1,44,0,44,0,1,,,,,,,,,,,,,,,,,,,,,,,,,,,,,,,,,,,,,,,,,,,,,,,,,,,,,,,,,,,,,,,,,,,,,,,,,,,,,,,,,,,,,,,,,,,,,,,,,,,,,,,,,,,,,,,,,
,,,,,,,,,,,,,,,,,,,,,,,,,,,,,,,,,,,,,,,,,,,,,,,,,,,,,,,,,,,,,,,,,,358696,001,2024-11-25_10h08.06.026,experiment,2023.2.3,Win32,58.82352941,664cd1c6545aa0f362493dd9,67446fa89e86ac01e4128331,6744b006966c922b21271303,,,,,,,,,,,,,,,,,,,,,,,,,,,,,,,,,,,,,,,,,,,,,,,,,,,,,,,,,,,,,,,,,,ressources/step1_stim8.png,ressources/step1_stim6.png,k,0.6236,ressources/step2_background1.png,ressources/step2_stim1.png,0.5516,5,40,3176,0,0,0,0,0,0,5,k,1,45,0,45,0,1,,,,,,,,,,,,,,,,,,,,,,,,,,,,,,,,,,,,,,,,,,,,,,,,,,,,,,,,,,,,,,,,,,,,,,,,,,,,,,,,,,,,,,,,,,,,,,,,,,,,,,,,,,,,,,,,,
,,,,,,,,,,,,,,,,,,,,,,,,,,,,,,,,,,,,,,,,,,,,,,,,,,,,,,,,,,,,,,,,,,358696,001,2024-11-25_10h08.06.026,experiment,2023.2.3,Win32,58.82352941,664cd1c6545aa0f362493dd9,67446fa89e86ac01e4128331,6744b006966c922b21271303,,,,,,,,,,,,,,,,,,,,,,,,,,,,,,,,,,,,,,,,,,,,,,,,,,,,,,,,,,,,,,,,,,ressources/step1_stim3.png,ressources/step1_stim4.png,s,0.5895,ressources/step2_background2.png,ressources/step2_stim2.png,0.3091,5,40,3216,0,0,0,0,0,0,5,k,1,46,0,46,0,1,,,,,,,,,,,,,,,,,,,,,,,,,,,,,,,,,,,,,,,,,,,,,,,,,,,,,,,,,,,,,,,,,,,,,,,,,,,,,,,,,,,,,,,,,,,,,,,,,,,,,,,,,,,,,,,,,
,,,,,,,,,,,,,,,,,,,,,,,,,,,,,,,,,,,,,,,,,,,,,,,,,,,,,,,,,,,,,,,,,,358696,001,2024-11-25_10h08.06.026,experiment,2023.2.3,Win32,58.82352941,664cd1c6545aa0f362493dd9,67446fa89e86ac01e4128331,6744b006966c922b21271303,,,,,,,,,,,,,,,,,,,,,,,,,,,,,,,,,,,,,,,,,,,,,,,,,,,,,,,,,,,,,,,,,,ressources/step1_stim8.png,ressources/step1_stim6.png,s,0.5844,ressources/step2_background2.png,ressources/step2_stim2.png,0.2439,5,40,3256,0,0,0,0,0,0,5,k,1,47,0,47,0,1,,,,,,,,,,,,,,,,,,,,,,,,,,,,,,,,,,,,,,,,,,,,,,,,,,,,,,,,,,,,,,,,,,,,,,,,,,,,,,,,,,,,,,,,,,,,,,,,,,,,,,,,,,,,,,,,,
,,,,,,,,,,,,,,,,,,,,,,,,,,,,,,,,,,,,,,,,,,,,,,,,,,,,,,,,,,,,,,,,,,358696,001,2024-11-25_10h08.06.026,experiment,2023.2.3,Win32,58.82352941,664cd1c6545aa0f362493dd9,67446fa89e86ac01e4128331,6744b006966c922b21271303,,,,,,,,,,,,,,,,,,,,,,,,,,,,,,,,,,,,,,,,,,,,,,,,,,,,,,,,,,,,,,,,,,ressources/step1_stim7.png,ressources/step1_stim2.png,s,0.5982,ressources/step2_background2.png,ressources/step2_stim2.png,0.5108,5,30,3286,0,0,0,0,0,0,5,k,1,48,0,48,0,1,,,,,,,,,,,,,,,,,,,,,,,,,,,,,,,,,,,,,,,,,,,,,,,,,,,,,,,,,,,,,,,,,,,,,,,,,,,,,,,,,,,,,,,,,,,,,,,,,,,,,,,,,,,,,,,,,
,,,,,,,,,,,,,,,,,,,,,,,,,,,,,,,,,,,,,,,,,,,,,,,,,,,,,,,,,,,,,,,,,,358696,001,2024-11-25_10h08.06.026,experiment,2023.2.3,Win32,58.82352941,664cd1c6545aa0f362493dd9,67446fa89e86ac01e4128331,6744b006966c922b21271303,,,,,,,,,,,,,,,,,,,,,,,,,,,,,,,,,,,,,,,,,,,,,,,,,,,,,,,,,,,,,,,,,,ressources/step1_stim3.png,ressources/step1_stim4.png,k,0.523,ressources/step2_background1.png,ressources/step2_stim1.png,0.4022,1,5,3291,0,0,0,0,0,0,5,s,1,49,0,49,0,1,,,,,,,,,,,,,,,,,,,,,,,,,,,,,,,,,,,,,,,,,,,,,,,,,,,,,,,,,,,,,,,,,,,,,,,,,,,,,,,,,,,,,,,,,,,,,,,,,,,,,,,,,,,,,,,,,
,,,,,,,,,,,,,,,,,,,,,,,,,,,,,,,,,,,,,,,,,,,,,,,,,,,,,,,,,,,,,,,,,,358696,001,2024-11-25_10h08.06.026,experiment,2023.2.3,Win32,58.82352941,664cd1c6545aa0f362493dd9,67446fa89e86ac01e4128331,6744b006966c922b21271303,,,,,,,,,,,,,,,,,,,,,,,,,,,,,,,,,,,,,,,,,,,,,,,,,,,,,,,,,,,,,,,,,,ressources/step1_stim5.png,ressources/step1_stim1.png,k,0.5939,ressources/step2_background1.png,ressources/step2_stim1.png,0.5802,1,4,3295,0,0,0,0,0,0,5,s,1,50,0,50,0,1,,,,,,,,,,,,,,,,,,,,,,,,,,,,,,,,,,,,,,,,,,,,,,,,,,,,,,,,,,,,,,,,,,,,,,,,,,,,,,,,,,,,,,,,,,,,,,,,,,,,,,,,,,,,,,,,,
,,,,,,,,,,,,,,,,,,,,,,,,,,,,,,,,,,,,,,,,,,,,,,,,,,,,,,,,,,,,,,,,,,358696,001,2024-11-25_10h08.06.026,experiment,2023.2.3,Win32,58.82352941,664cd1c6545aa0f362493dd9,67446fa89e86ac01e4128331,6744b006966c922b21271303,,,,,,,,,,,,,,,,,,,,,,,,,,,,,,,,,,,,,,,,,,,,,,,,,,,,,,,,,,,,,,,,,,ressources/step1_stim3.png,ressources/step1_stim4.png,k,0.8122,ressources/step2_background1.png,ressources/step2_stim1.png,0.4463,1,0,3295,0,0,0,0,0,0,5,s,1,51,0,51,0,1,,,,,,,,,,,,,,,,,,,,,,,,,,,,,,,,,,,,,,,,,,,,,,,,,,,,,,,,,,,,,,,,,,,,,,,,,,,,,,,,,,,,,,,,,,,,,,,,,,,,,,,,,,,,,,,,,
,,,,,,,,,,,,,,,,,,,,,,,,,,,,,,,,,,,,,,,,,,,,,,,,,,,,,,,,,,,,,,,,,,358696,001,2024-11-25_10h08.06.026,experiment,2023.2.3,Win32,58.82352941,664cd1c6545aa0f362493dd9,67446fa89e86ac01e4128331,6744b006966c922b21271303,,,,,,,,,,,,,,,,,,,,,,,,,,,,,,,,,,,,,,,,,,,,,,,,,,,,,,,,,,,,,,,,,,ressources/step1_stim3.png,ressources/step1_stim4.png,s,0.415,ressources/step2_background2.png,ressources/step2_stim2.png,0.3093,5,35,3330,0,0,0,0,0,0,5,k,1,52,0,52,0,1,,,,,,,,,,,,,,,,,,,,,,,,,,,,,,,,,,,,,,,,,,,,,,,,,,,,,,,,,,,,,,,,,,,,,,,,,,,,,,,,,,,,,,,,,,,,,,,,,,,,,,,,,,,,,,,,,
,,,,,,,,,,,,,,,,,,,,,,,,,,,,,,,,,,,,,,,,,,,,,,,,,,,,,,,,,,,,,,,,,,358696,001,2024-11-25_10h08.06.026,experiment,2023.2.3,Win32,58.82352941,664cd1c6545aa0f362493dd9,67446fa89e86ac01e4128331,6744b006966c922b21271303,,,,,,,,,,,,,,,,,,,,,,,,,,,,,,,,,,,,,,,,,,,,,,,,,,,,,,,,,,,,,,,,,,ressources/step1_stim4.png,ressources/step1_stim3.png,k,0.616,ressources/step2_background2.png,ressources/step2_stim2.png,0.277,1,6,3336,1,1,0,1,0,0,6,k,2,53,0,53,0,1,s,2.8502,,,,,,,,,,,,,,,,,,,,,,,,,,,,,,,,,,,,,,,,,,,,,,,,,,,,,,,,,,,,,,,,,,,,,,,,,,,,,,,,,,,,,,,,,,,,,,,,,,,,,,,,,,,,,,,
,,,,,,,,,,,,,,,,,,,,,,,,,,,,,,,,,,,,,,,,,,,,,,,,,,,,,,,,,,,,,,,,,,358696,001,2024-11-25_10h08.06.026,experiment,2023.2.3,Win32,58.82352941,664cd1c6545aa0f362493dd9,67446fa89e86ac01e4128331,6744b006966c922b21271303,,,,,,,,,,,,,,,,,,,,,,,,,,,,,,,,,,,,,,,,,,,,,,,,,,,,,,,,,,,,,,,,,,ressources/step1_stim3.png,ressources/step1_stim4.png,s,0.6566,ressources/step2_background2.png,ressources/step2_stim2.png,0.3135,5,30,3366,0,0,0,0,0,0,6,k,2,54,0,54,0,1,,,,,,,,,,,,,,,,,,,,,,,,,,,,,,,,,,,,,,,,,,,,,,,,,,,,,,,,,,,,,,,,,,,,,,,,,,,,,,,,,,,,,,,,,,,,,,,,,,,,,,,,,,,,,,,,,
,,,,,,,,,,,,,,,,,,,,,,,,,,,,,,,,,,,,,,,,,,,,,,,,,,,,,,,,,,,,,,,,,,358696,001,2024-11-25_10h08.06.026,experiment,2023.2.3,Win32,58.82352941,664cd1c6545aa0f362493dd9,67446fa89e86ac01e4128331,6744b006966c922b21271303,,,,,,,,,,,,,,,,,,,,,,,,,,,,,,,,,,,,,,,,,,,,,,,,,,,,,,,,,,,,,,,,,,ressources/step1_stim3.png,ressources/step1_stim4.png,s,0.5456,ressources/step2_background2.png,ressources/step2_stim2.png,0.7785,5,40,3406,0,0,0,0,0,0,6,k,2,55,0,55,0,1,,,,,,,,,,,,,,,,,,,,,,,,,,,,,,,,,,,,,,,,,,,,,,,,,,,,,,,,,,,,,,,,,,,,,,,,,,,,,,,,,,,,,,,,,,,,,,,,,,,,,,,,,,,,,,,,,
,,,,,,,,,,,,,,,,,,,,,,,,,,,,,,,,,,,,,,,,,,,,,,,,,,,,,,,,,,,,,,,,,,358696,001,2024-11-25_10h08.06.026,experiment,2023.2.3,Win32,58.82352941,664cd1c6545aa0f362493dd9,67446fa89e86ac01e4128331,6744b006966c922b21271303,,,,,,,,,,,,,,,,,,,,,,,,,,,,,,,,,,,,,,,,,,,,,,,,,,,,,,,,,,,,,,,,,,ressources/step1_stim7.png,ressources/step1_stim2.png,s,1.0309,ressources/step2_background2.png,ressources/step2_stim2.png,0.3628,1,7,3413,0,0,0,0,0,0,6,k,2,56,0,56,0,1,,,,,,,,,,,,,,,,,,,,,,,,,,,,,,,,,,,,,,,,,,,,,,,,,,,,,,,,,,,,,,,,,,,,,,,,,,,,,,,,,,,,,,,,,,,,,,,,,,,,,,,,,,,,,,,,,
,,,,,,,,,,,,,,,,,,,,,,,,,,,,,,,,,,,,,,,,,,,,,,,,,,,,,,,,,,,,,,,,,,358696,001,2024-11-25_10h08.06.026,experiment,2023.2.3,Win32,58.82352941,664cd1c6545aa0f362493dd9,67446fa89e86ac01e4128331,6744b006966c922b21271303,,,,,,,,,,,,,,,,,,,,,,,,,,,,,,,,,,,,,,,,,,,,,,,,,,,,,,,,,,,,,,,,,,ressources/step1_stim5.png,ressources/step1_stim1.png,k,0.6202,ressources/step2_background1.png,ressources/step2_stim1.png,0.419,5,35,3448,0,0,0,0,0,0,6,k,2,57,0,57,0,1,,,,,,,,,,,,,,,,,,,,,,,,,,,,,,,,,,,,,,,,,,,,,,,,,,,,,,,,,,,,,,,,,,,,,,,,,,,,,,,,,,,,,,,,,,,,,,,,,,,,,,,,,,,,,,,,,
,,,,,,,,,,,,,,,,,,,,,,,,,,,,,,,,,,,,,,,,,,,,,,,,,,,,,,,,,,,,,,,,,,358696,001,2024-11-25_10h08.06.026,experiment,2023.2.3,Win32,58.82352941,664cd1c6545aa0f362493dd9,67446fa89e86ac01e4128331,6744b006966c922b21271303,,,,,,,,,,,,,,,,,,,,,,,,,,,,,,,,,,,,,,,,,,,,,,,,,,,,,,,,,,,,,,,,,,ressources/step1_stim8.png,ressources/step1_stim6.png,s,0.9082,ressources/step2_background2.png,ressources/step2_stim2.png,0.3617,5,35,3483,0,0,0,0,0,0,6,k,2,58,0,58,0,1,,,,,,,,,,,,,,,,,,,,,,,,,,,,,,,,,,,,,,,,,,,,,,,,,,,,,,,,,,,,,,,,,,,,,,,,,,,,,,,,,,,,,,,,,,,,,,,,,,,,,,,,,,,,,,,,,
,,,,,,,,,,,,,,,,,,,,,,,,,,,,,,,,,,,,,,,,,,,,,,,,,,,,,,,,,,,,,,,,,,358696,001,2024-11-25_10h08.06.026,experiment,2023.2.3,Win32,58.82352941,664cd1c6545aa0f362493dd9,67446fa89e86ac01e4128331,6744b006966c922b21271303,,,,,,,,,,,,,,,,,,,,,,,,,,,,,,,,,,,,,,,,,,,,,,,,,,,,,,,,,,,,,,,,,,ressources/step1_stim7.png,ressources/step1_stim2.png,k,0.8594,ressources/step2_background1.png,ressources/step2_stim1.png,0.3776,5,30,3513,0,0,0,0,0,0,6,k,2,59,0,59,0,1,,,,,,,,,,,,,,,,,,,,,,,,,,,,,,,,,,,,,,,,,,,,,,,,,,,,,,,,,,,,,,,,,,,,,,,,,,,,,,,,,,,,,,,,,,,,,,,,,,,,,,,,,,,,,,,,,
,,,,,,,,,,,,,,,,,,,,,,,,,,,,,,,,,,,,,,,,,,,,,,,,,,,,,,,,,,,,,,,,,,358696,001,2024-11-25_10h08.06.026,experiment,2023.2.3,Win32,58.82352941,664cd1c6545aa0f362493dd9,67446fa89e86ac01e4128331,6744b006966c922b21271303,,,,,,,,,,,,,,,,,,,,,,,,,,,,,,,,,,,,,,,,,,,,,,,,,,,,,,,,,,,,,,,,,,ressources/step1_stim2.png,ressources/step1_stim7.png,s,0.6374,ressources/step2_background1.png,ressources/step2_stim1.png,0.3071,1,7,3520,1,0,1,0,0,0,7,k,2,60,0,60,0,1,,,,k,2.1333,,,,,,,,,,,,,,,,,,,,,,,,,,,,,,,,,,,,,,,,,,,,,,,,,,,,,,,,,,,,,,,,,,,,,,,,,,,,,,,,,,,,,,,,,,,,,,,,,,,,,,,,,,,,
,,,,,,,,,,,,,,,,,,,,,,,,,,,,,,,,,,,,,,,,,,,,,,,,,,,,,,,,,,,,,,,,,,358696,001,2024-11-25_10h08.06.026,experiment,2023.2.3,Win32,58.82352941,664cd1c6545aa0f362493dd9,67446fa89e86ac01e4128331,6744b006966c922b21271303,,,,,,,,,,,,,,,,,,,,,,,,,,,,,,,,,,,,,,,,,,,,,,,,,,,,,,,,,,,,,,,,,,ressources/step1_stim3.png,ressources/step1_stim4.png,s,0.6417,ressources/step2_background2.png,ressources/step2_stim2.png,0.3948,1,2,3522,0,0,0,0,0,0,7,s,2,61,0,61,0,1,,,,,,,,,,,,,,,,,,,,,,,,,,,,,,,,,,,,,,,,,,,,,,,,,,,,,,,,,,,,,,,,,,,,,,,,,,,,,,,,,,,,,,,,,,,,,,,,,,,,,,,,,,,,,,,,,
,,,,,,,,,,,,,,,,,,,,,,,,,,,,,,,,,,,,,,,,,,,,,,,,,,,,,,,,,,,,,,,,,,358696,001,2024-11-25_10h08.06.026,experiment,2023.2.3,Win32,58.82352941,664cd1c6545aa0f362493dd9,67446fa89e86ac01e4128331,6744b006966c922b21271303,,,,,,,,,,,,,,,,,,,,,,,,,,,,,,,,,,,,,,,,,,,,,,,,,,,,,,,,,,,,,,,,,,ressources/step1_stim4.png,ressources/step1_stim3.png,s,0.7175,ressources/step2_background1.png,ressources/step2_stim1.png,0.629,5,15,3537,0,0,0,0,0,0,7,k,2,62,0,62,0,1,,,,,,,,,,,,,,,,,,,,,,,,,,,,,,,,,,,,,,,,,,,,,,,,,,,,,,,,,,,,,,,,,,,,,,,,,,,,,,,,,,,,,,,,,,,,,,,,,,,,,,,,,,,,,,,,,
,,,,,,,,,,,,,,,,,,,,,,,,,,,,,,,,,,,,,,,,,,,,,,,,,,,,,,,,,,,,,,,,,,358696,001,2024-11-25_10h08.06.026,experiment,2023.2.3,Win32,58.82352941,664cd1c6545aa0f362493dd9,67446fa89e86ac01e4128331,6744b006966c922b21271303,,,,,,,,,,,,,,,,,,,,,,,,,,,,,,,,,,,,,,,,,,,,,,,,,,,,,,,,,,,,,,,,,,ressources/step1_stim7.png,ressources/step1_stim2.png,s,0.8568,ressources/step2_background2.png,ressources/step2_stim2.png,0.3756,1,2,3539,0,0,0,0,0,0,7,s,2,63,0,63,0,1,,,,,,,,,,,,,,,,,,,,,,,,,,,,,,,,,,,,,,,,,,,,,,,,,,,,,,,,,,,,,,,,,,,,,,,,,,,,,,,,,,,,,,,,,,,,,,,,,,,,,,,,,,,,,,,,,
,,,,,,,,,,,,,,,,,,,,,,,,,,,,,,,,,,,,,,,,,,,,,,,,,,,,,,,,,,,,,,,,,,358696,001,2024-11-25_10h08.06.026,experiment,2023.2.3,Win32,58.82352941,664cd1c6545aa0f362493dd9,67446fa89e86ac01e4128331,6744b006966c922b21271303,,,,,,,,,,,,,,,,,,,,,,,,,,,,,,,,,,,,,,,,,,,,,,,,,,,,,,,,,,,,,,,,,,ressources/step1_stim3.png,ressources/step1_stim4.png,s,0.7498,ressources/step2_background2.png,ressources/step2_stim2.png,0.2928,1,1,3540,0,0,0,0,0,0,7,s,2,64,0,64,0,1,,,,,,,,,,,,,,,,,,,,,,,,,,,,,,,,,,,,,,,,,,,,,,,,,,,,,,,,,,,,,,,,,,,,,,,,,,,,,,,,,,,,,,,,,,,,,,,,,,,,,,,,,,,,,,,,,
,,,,,,,,,,,,,,,,,,,,,,,,,,,,,,,,,,,,,,,,,,,,,,,,,,,,,,,,,,,,,,,,,,358696,001,2024-11-25_10h08.06.026,experiment,2023.2.3,Win32,58.82352941,664cd1c6545aa0f362493dd9,67446fa89e86ac01e4128331,6744b006966c922b21271303,,,,,,,,,,,,,,,,,,,,,,,,,,,,,,,,,,,,,,,,,,,,,,,,,,,,,,,,,,,,,,,,,,ressources/step1_stim5.png,ressources/step1_stim1.png,k,0.5525,ressources/step2_background1.png,ressources/step2_stim1.png,0.4164,1,3,3543,0,0,0,0,0,0,7,s,2,65,0,65,0,1,,,,,,,,,,,,,,,,,,,,,,,,,,,,,,,,,,,,,,,,,,,,,,,,,,,,,,,,,,,,,,,,,,,,,,,,,,,,,,,,,,,,,,,,,,,,,,,,,,,,,,,,,,,,,,,,,
,,,,,,,,,,,,,,,,,,,,,,,,,,,,,,,,,,,,,,,,,,,,,,,,,,,,,,,,,,,,,,,,,,358696,001,2024-11-25_10h08.06.026,experiment,2023.2.3,Win32,58.82352941,664cd1c6545aa0f362493dd9,67446fa89e86ac01e4128331,6744b006966c922b21271303,,,,,,,,,,,,,,,,,,,,,,,,,,,,,,,,,,,,,,,,,,,,,,,,,,,,,,,,,,,,,,,,,,ressources/step1_stim5.png,ressources/step1_stim1.png,s,0.6571,ressources/step2_background2.png,ressources/step2_stim2.png,0.2832,1,3,3546,0,0,0,0,0,0,7,s,2,66,0,66,0,1,,,,,,,,,,,,,,,,,,,,,,,,,,,,,,,,,,,,,,,,,,,,,,,,,,,,,,,,,,,,,,,,,,,,,,,,,,,,,,,,,,,,,,,,,,,,,,,,,,,,,,,,,,,,,,,,,
,,,,,,,,,,,,,,,,,,,,,,,,,,,,,,,,,,,,,,,,,,,,,,,,,,,,,,,,,,,,,,,,,,358696,001,2024-11-25_10h08.06.026,experiment,2023.2.3,Win32,58.82352941,664cd1c6545aa0f362493dd9,67446fa89e86ac01e4128331,6744b006966c922b21271303,,,,,,,,,,,,,,,,,,,,,,,,,,,,,,,,,,,,,,,,,,,,,,,,,,,,,,,,,,,,,,,,,,ressources/step1_stim5.png,ressources/step1_stim1.png,s,0.6314,ressources/step2_background2.png,ressources/step2_stim2.png,0.3112,1,4,3550,0,0,0,0,0,0,7,s,2,67,0,67,0,1,,,,,,,,,,,,,,,,,,,,,,,,,,,,,,,,,,,,,,,,,,,,,,,,,,,,,,,,,,,,,,,,,,,,,,,,,,,,,,,,,,,,,,,,,,,,,,,,,,,,,,,,,,,,,,,,,
,,,,,,,,,,,,,,,,,,,,,,,,,,,,,,,,,,,,,,,,,,,,,,,,,,,,,,,,,,,,,,,,,,358696,001,2024-11-25_10h08.06.026,experiment,2023.2.3,Win32,58.82352941,664cd1c6545aa0f362493dd9,67446fa89e86ac01e4128331,6744b006966c922b21271303,,,,,,,,,,,,,,,,,,,,,,,,,,,,,,,,,,,,,,,,,,,,,,,,,,,,,,,,,,,,,,,,,,ressources/step1_stim3.png,ressources/step1_stim4.png,k,0.5627,ressources/step2_background1.png,ressources/step2_stim1.png,0.9755,1,7,3557,0,0,0,0,0,0,7,k,2,68,0,68,0,1,,,,,,,,,,,,,,,,,,,,,,,,,,,,,,,,,,,,,,,,,,,,,,,,,,,,,,,,,,,,,,,,,,,,,,,,,,,,,,,,,,,,,,,,,,,,,,,,,,,,,,,,,,,,,,,,,
,,,,,,,,,,,,,,,,,,,,,,,,,,,,,,,,,,,,,,,,,,,,,,,,,,,,,,,,,,,,,,,,,,358696,001,2024-11-25_10h08.06.026,experiment,2023.2.3,Win32,58.82352941,664cd1c6545aa0f362493dd9,67446fa89e86ac01e4128331,6744b006966c922b21271303,,,,,,,,,,,,,,,,,,,,,,,,,,,,,,,,,,,,,,,,,,,,,,,,,,,,,,,,,,,,,,,,,,ressources/step1_stim7.png,ressources/step1_stim2.png,s,0.7067,ressources/step2_background2.png,ressources/step2_stim2.png,0.2655,5,35,3592,0,0,0,0,0,0,7,k,2,69,0,69,0,1,,,,,,,,,,,,,,,,,,,,,,,,,,,,,,,,,,,,,,,,,,,,,,,,,,,,,,,,,,,,,,,,,,,,,,,,,,,,,,,,,,,,,,,,,,,,,,,,,,,,,,,,,,,,,,,,,
,,,,,,,,,,,,,,,,,,,,,,,,,,,,,,,,,,,,,,,,,,,,,,,,,,,,,,,,,,,,,,,,,,358696,001,2024-11-25_10h08.06.026,experiment,2023.2.3,Win32,58.82352941,664cd1c6545aa0f362493dd9,67446fa89e86ac01e4128331,6744b006966c922b21271303,,,,,,,,,,,,,,,,,,,,,,,,,,,,,,,,,,,,,,,,,,,,,,,,,,,,,,,,,,,,,,,,,,ressources/step1_stim1.png,ressources/step1_stim5.png,s,0.7848,ressources/step2_background1.png,ressources/step2_stim1.png,0.9123,1,5,3597,0,0,0,0,0,0,7,s,2,70,0,70,0,1,,,,,,,,,,,,,,,,,,,,,,,,,,,,,,,,,,,,,,,,,,,,,,,,,,,,,,,,,,,,,,,,,,,,,,,,,,,,,,,,,,,,,,,,,,,,,,,,,,,,,,,,,,,,,,,,,
,,,,,,,,,,,,,,,,,,,,,,,,,,,,,,,,,,,,,,,,,,,,,,,,,,,,,,,,,,,,,,,,,,358696,001,2024-11-25_10h08.06.026,experiment,2023.2.3,Win32,58.82352941,664cd1c6545aa0f362493dd9,67446fa89e86ac01e4128331,6744b006966c922b21271303,,,,,,,,,,,,,,,,,,,,,,,,,,,,,,,,,,,,,,,,,,,,,,,,,,,,,,,,,,,,,,,,,,ressources/step1_stim7.png,ressources/step1_stim2.png,s,0.5941,ressources/step2_background2.png,ressources/step2_stim2.png,0.0941,1,4,3601,0,0,0,0,0,0,7,s,2,71,0,71,0,1,,,,,,,,,,,,,,,,,,,,,,,,,,,,,,,,,,,,,,,,,,,,,,,,,,,,,,,,,,,,,,,,,,,,,,,,,,,,,,,,,,,,,,,,,,,,,,,,,,,,,,,,,,,,,,,,,
,,,,,,,,,,,,,,,,,,,,,,,,,,,,,,,,,,,,,,,,,,,,,,,,,,,,,,,,,,,,,,,,,,358696,001,2024-11-25_10h08.06.026,experiment,2023.2.3,Win32,58.82352941,664cd1c6545aa0f362493dd9,67446fa89e86ac01e4128331,6744b006966c922b21271303,,,,,,,,,,,,,,,,,,,,,,,,,,,,,,,,,,,,,,,,,,,,,,,,,,,,,,,,,,,,,,,,,,ressources/step1_stim7.png,ressources/step1_stim2.png,s,0.4821,ressources/step2_background2.png,ressources/step2_stim2.png,0.3908,5,20,3621,1,0,1,0,0,0,8,k,2,72,0,72,0,1,,,,k,3.0983,0.0993,,,,,,,,,,,,,,,,,,,,,,,,,,,,,,,,,,,,,,,,,,,,,,,,,,,,,,,,,,,,,,,,,,,,,,,,,,,,,,,,,,,,,,,,,,,,,,,,,,,,,,,,,,,
,,,,,,,,,,,,,,,,,,,,,,,,,,,,,,,,,,,,,,,,,,,,,,,,,,,,,,,,,,,,,,,,,,358696,001,2024-11-25_10h08.06.026,experiment,2023.2.3,Win32,58.82352941,664cd1c6545aa0f362493dd9,67446fa89e86ac01e4128331,6744b006966c922b21271303,,,,,,,,,,,,,,,,,,,,,,,,,,,,,,,,,,,,,,,,,,,,,,,,,,,,,,,,,,,,,,,,,,ressources/step1_stim5.png,ressources/step1_stim1.png,s,0.7776,ressources/step2_background2.png,ressources/step2_stim2.png,0.2975,1,8,3629,1,1,0,0,0,0,9,k,2,73,0,73,0,1,s,1.799,,,,,,,,,,,,,,,,,,,,,,,,,,,,,,,,,,,,,,,,,,,,,,,,,,,,,,,,,,,,,,,,,,,,,,,,,,,,,,,,,,,,,,,,,,,,,,,,,,,,,,,,,,,,,,,
,,,,,,,,,,,,,,,,,,,,,,,,,,,,,,,,,,,,,,,,,,,,,,,,,,,,,,,,,,,,,,,,,,358696,001,2024-11-25_10h08.06.026,experiment,2023.2.3,Win32,58.82352941,664cd1c6545aa0f362493dd9,67446fa89e86ac01e4128331,6744b006966c922b21271303,,,,,,,,,,,,,,,,,,,,,,,,,,,,,,,,,,,,,,,,,,,,,,,,,,,,,,,,,,,,,,,,,,ressources/step1_stim7.png,ressources/step1_stim2.png,s,0.5885,ressources/step2_background2.png,ressources/step2_stim2.png,0.1607,5,45,3674,1,0,1,0,0,0,10,k,2,74,0,74,0,1,,,,k,1.709,,,,,,,,,,,,,,,,,,,,,,,,,,,,,,,,,,,,,,,,,,,,,,,,,,,,,,,,,,,,,,,,,,,,,,,,,,,,,,,,,,,,,,,,,,,,,,,,,,,,,,,,,,,,
,,,,,,,,,,,,,,,,,,,,,,,,,,,,,,,,,,,,,,,,,,,,,,,,,,,,,,,,,,,,,,,,,,358696,001,2024-11-25_10h08.06.026,experiment,2023.2.3,Win32,58.82352941,664cd1c6545aa0f362493dd9,67446fa89e86ac01e4128331,6744b006966c922b21271303,,,,,,,,,,,,,,,,,,,,,,,,,,,,,,,,,,,,,,,,,,,,,,,,,,,,,,,,,,,,,,,,,,ressources/step1_stim4.png,ressources/step1_stim3.png,k,0.4607,ressources/step2_background2.png,ressources/step2_stim2.png,0.1293,1,7,3681,0,0,0,0,0,0,10,k,2,75,0,75,0,1,,,,,,,,,,,,,,,,,,,,,,,,,,,,,,,,,,,,,,,,,,,,,,,,,,,,,,,,,,,,,,,,,,,,,,,,,,,,,,,,,,,,,,,,,,,,,,,,,,,,,,,,,,,,,,,,,
,,,,,,,,,,,,,,,,,,,,,,,,,,,,,,,,,,,,,,,,,,,,,,,,,,,,,,,,,,,,,,,,,,358696,001,2024-11-25_10h08.06.026,experiment,2023.2.3,Win32,58.82352941,664cd1c6545aa0f362493dd9,67446fa89e86ac01e4128331,6744b006966c922b21271303,,,,,,,,,,,,,,,,,,,,,,,,,,,,,,,,,,,,,,,,,,,,,,,,,,,,,,,,,,,,,,,,,,ressources/step1_stim8.png,ressources/step1_stim6.png,s,0.6418,ressources/step2_background2.png,ressources/step2_stim2.png,0.2936,1,9,3690,0,0,0,0,0,0,10,k,2,76,0,76,0,1,,,,,,,,,,,,,,,,,,,,,,,,,,,,,,,,,,,,,,,,,,,,,,,,,,,,,,,,,,,,,,,,,,,,,,,,,,,,,,,,,,,,,,,,,,,,,,,,,,,,,,,,,,,,,,,,,
,,,,,,,,,,,,,,,,,,,,,,,,,,,,,,,,,,,,,,,,,,,,,,,,,,,,,,,,,,,,,,,,,,358696,001,2024-11-25_10h08.06.026,experiment,2023.2.3,Win32,58.82352941,664cd1c6545aa0f362493dd9,67446fa89e86ac01e4128331,6744b006966c922b21271303,,,,,,,,,,,,,,,,,,,,,,,,,,,,,,,,,,,,,,,,,,,,,,,,,,,,,,,,,,,,,,,,,,ressources/step1_stim6.png,ressources/step1_stim8.png,k,0.7177,ressources/step2_background2.png,ressources/step2_stim2.png,0.2929,5,30,3720,0,0,0,0,0,0,10,k,2,77,0,77,0,1,,,,,,,,,,,,,,,,,,,,,,,,,,,,,,,,,,,,,,,,,,,,,,,,,,,,,,,,,,,,,,,,,,,,,,,,,,,,,,,,,,,,,,,,,,,,,,,,,,,,,,,,,,,,,,,,,
,,,,,,,,,,,,,,,,,,,,,,,,,,,,,,,,,,,,,,,,,,,,,,,,,,,,,,,,,,,,,,,,,,358696,001,2024-11-25_10h08.06.026,experiment,2023.2.3,Win32,58.82352941,664cd1c6545aa0f362493dd9,67446fa89e86ac01e4128331,6744b006966c922b21271303,,,,,,,,,,,,,,,,,,,,,,,,,,,,,,,,,,,,,,,,,,,,,,,,,,,,,,,,,,,,,,,,,,ressources/step1_stim4.png,ressources/step1_stim3.png,k,0.4443,ressources/step2_background2.png,ressources/step2_stim2.png,0.1568,1,8,3728,0,0,0,0,0,0,10,k,2,78,0,78,0,1,,,,,,,,,,,,,,,,,,,,,,,,,,,,,,,,,,,,,,,,,,,,,,,,,,,,,,,,,,,,,,,,,,,,,,,,,,,,,,,,,,,,,,,,,,,,,,,,,,,,,,,,,,,,,,,,,
,,,,,,,,,,,,,,,,,,,,,,,,,,,,,,,,,,,,,,,,,,,,,,,,,,,,,,,,,,,,,,,,,,358696,001,2024-11-25_10h08.06.026,experiment,2023.2.3,Win32,58.82352941,664cd1c6545aa0f362493dd9,67446fa89e86ac01e4128331,6744b006966c922b21271303,,,,,,,,,,,,,,,,,,,,,,,,,,,,,,,,,,,,,,,,,,,,,,,,,,,,,,,,,,,,,,,,,,ressources/step1_stim3.png,ressources/step1_stim4.png,s,0.5964,ressources/step2_background2.png,ressources/step2_stim2.png,0.2628,1,8,3736,0,0,0,0,0,0,10,k,2,79,0,79,0,1,,,,,,,,,,,,,,,,,,,,,,,,,,,,,,,,,,,,,,,,,,,,,,,,,,,,,,,,,,,,,,,,,,,,,,,,,,,,,,,,,,,,,,,,,,,,,,,,,,,,,,,,,,,,,,,,,
,,,,,,,,,,,,,,,,,,,,,,,,,,,,,,,,,,,,,,,,,,,,,,,,,,,,,,,,,,,,,,,,,,358696,001,2024-11-25_10h08.06.026,experiment,2023.2.3,Win32,58.82352941,664cd1c6545aa0f362493dd9,67446fa89e86ac01e4128331,6744b006966c922b21271303,,,,,,,,,,,,,,,,,,,,,,,,,,,,,,,,,,,,,,,,,,1,,,,,,,,,,,,,2,,,,,,,,,,,,,,,,,,,,,,,,,,,,,,,,,,,,,,,,,space,31.6197,,space,89.8155,,s,1.0252,,space,0.6076,,2,blue_gnome,2,6,bright_forest,yellow_basket,pink_gnome,2,3,dark_forest,red_basket,6,0,0,1,blue_gnome,bright_forest,yellow_basket,6,2,2,0,0,0,1,1,,,,,,,,,,,,,,,,,,,,,,,,,,,,,,,,,,,,,,,,,,,,,,,,,,,,,,,,,,,,,,,,,,,,,
,,,,,,,,,,,,,,,,,,,,,,,,,,,,,,,,,,,,,,,,,,,,,,,,,,,,,,,,,,,,,,,,,,358696,001,2024-11-25_10h08.06.026,experiment,2023.2.3,Win32,58.82352941,664cd1c6545aa0f362493dd9,67446fa89e86ac01e4128331,6744b006966c922b21271303,,,,,,,,,,,,,,,,,,,,,,,,,,,,,,,,,,,,,,,,,,5,,,,,,,,,,,,,2,,,,,,,,,,,,,,,,,,,,,,,,,,,,,,,,,,,,,,,,,,,,,,,s,1.1427,,space,0.509,,2,pink_gnome,2,5,dark_forest,red_basket,blue_gnome,2,8,bright_forest,yellow_basket,25,0,0,1,pink_gnome,dark_forest,red_basket,31,2,0,0,1,1,5,1,,,,,,,,,,,,,,,,,,,,,,,,,,,,,,,,,,,,,,,,,,,,,,,,,,,,,,,,,,,,,,,,,,,,,
,,,,,,,,,,,,,,,,,,,,,,,,,,,,,,,,,,,,,,,,,,,,,,,,,,,,,,,,,,,,,,,,,,358696,001,2024-11-25_10h08.06.026,experiment,2023.2.3,Win32,58.82352941,664cd1c6545aa0f362493dd9,67446fa89e86ac01e4128331,6744b006966c922b21271303,,,,,,,,,,,,,,,,,,,,,,,,,,,,,,,,,,,,,,,,,,5,,,,,,,,,,,,,2,,,,,,,,,,,,,,,,,,,,,,,,,,,,,,,,,,,,,,,,,,,,,,,k,0.6847,,space,0.5413,,2,pink_gnome,2,5,dark_forest,red_basket,blue_gnome,2,8,bright_forest,yellow_basket,40,0,0,1,blue_gnome,bright_forest,yellow_basket,71,1,1,0,2,2,5,1,,,,,,,,,,,,,,,,,,,,,,,,,,,,,,,,,,,,,,,,,,,,,,,,,,,,,,,,,,,,,,,,,,,,,
,,,,,,,,,,,,,,,,,,,,,,,,,,,,,,,,,,,,,,,,,,,,,,,,,,,,,,,,,,,,,,,,,,358696,001,2024-11-25_10h08.06.026,experiment,2023.2.3,Win32,58.82352941,664cd1c6545aa0f362493dd9,67446fa89e86ac01e4128331,6744b006966c922b21271303,,,,,,,,,,,,,,,,,,,,,,,,,,,,,,,,,,,,,,,,,,1,,,,,,,,,,,,,1,,,,,,,,,,,,,,,,,,,,,,,,,,,,,,,,,,,,,,,,,,,,,,,s,1.0056,,space,0.3673,,1,orange_gnome,1,6,dark_forest,red_basket,red_gnome,1,9,bright_forest,yellow_basket,6,0,0,1,orange_gnome,dark_forest,red_basket,77,-5,0,0,3,3,0,1,,,,,,,,,,,,,,,,,,,,,,,,,,,,,,,,,,,,,,,,,,,,,,,,,,,,,,,,,,,,,,,,,,,,,
,,,,,,,,,,,,,,,,,,,,,,,,,,,,,,,,,,,,,,,,,,,,,,,,,,,,,,,,,,,,,,,,,,358696,001,2024-11-25_10h08.06.026,experiment,2023.2.3,Win32,58.82352941,664cd1c6545aa0f362493dd9,67446fa89e86ac01e4128331,6744b006966c922b21271303,,,,,,,,,,,,,,,,,,,,,,,,,,,,,,,,,,,,,,,,,,1,,,,,,,,,,,,,1,,,,,,,,,,,,,,,,,,,,,,,,,,,,,,,,,,,,,,,,,,,,,,,k,0.7657,,space,0.6074,,1,orange_gnome,1,6,dark_forest,red_basket,red_gnome,1,4,bright_forest,yellow_basket,4,0,0,1,red_gnome,bright_forest,yellow_basket,81,-1,-1,0,4,4,0,1,,,,,,,,,,,,,,,,,,,,,,,,,,,,,,,,,,,,,,,,,,,,,,,,,,,,,,,,,,,,,,,,,,,,,
,,,,,,,,,,,,,,,,,,,,,,,,,,,,,,,,,,,,,,,,,,,,,,,,,,,,,,,,,,,,,,,,,,358696,001,2024-11-25_10h08.06.026,experiment,2023.2.3,Win32,58.82352941,664cd1c6545aa0f362493dd9,67446fa89e86ac01e4128331,6744b006966c922b21271303,,,,,,,,,,,,,,,,,,,,,,,,,,,,,,,,,,,,,,,,,,5,,,,,,,,,,,,,1,,,,,,,,,,,,,,,,,,,,,,,,,,,,,,,,,,,,,,,,,,,,,,,s,0.7238,,space,0.4277,,1,orange_gnome,1,5,dark_forest,red_basket,red_gnome,1,3,bright_forest,yellow_basket,25,0,0,1,orange_gnome,dark_forest,red_basket,106,2,-1,0,5,5,4,1,,,,,,,,,,,,,,,,,,,,,,,,,,,,,,,,,,,,,,,,,,,,,,,,,,,,,,,,,,,,,,,,,,,,,
,,,,,,,,,,,,,,,,,,,,,,,,,,,,,,,,,,,,,,,,,,,,,,,,,,,,,,,,,,,,,,,,,,358696,001,2024-11-25_10h08.06.026,experiment,2023.2.3,Win32,58.82352941,664cd1c6545aa0f362493dd9,67446fa89e86ac01e4128331,6744b006966c922b21271303,,,,,,,,,,,,,,,,,,,,,,,,,,,,,,,,,,,,,,,,,,1,,,,,,,,,,,,,2,,,,,,,,,,,,,,,,,,,,,,,,,,,,,,,,,,,,,,,,,,,,,,,k,1.1392,,space,0.5179,,2,pink_gnome,2,4,dark_forest,red_basket,blue_gnome,2,5,bright_forest,yellow_basket,5,0,0,1,blue_gnome,bright_forest,yellow_basket,111,-1,-1,0,6,6,1,1,,,,,,,,,,,,,,,,,,,,,,,,,,,,,,,,,,,,,,,,,,,,,,,,,,,,,,,,,,,,,,,,,,,,,
,,,,,,,,,,,,,,,,,,,,,,,,,,,,,,,,,,,,,,,,,,,,,,,,,,,,,,,,,,,,,,,,,,358696,001,2024-11-25_10h08.06.026,experiment,2023.2.3,Win32,58.82352941,664cd1c6545aa0f362493dd9,67446fa89e86ac01e4128331,6744b006966c922b21271303,,,,,,,,,,,,,,,,,,,,,,,,,,,,,,,,,,,,,,,,,,1,,,,,,,,,,,,,1,,,,,,,,,,,,,,,,,,,,,,,,,,,,,,,,,,,,,,,,,,,,,,,k,0.9996,,space,0.4493,,1,orange_gnome,1,3,dark_forest,red_basket,red_gnome,1,4,bright_forest,yellow_basket,4,0,0,1,red_gnome,bright_forest,yellow_basket,115,-2,0,0,7,7,0,1,,,,,,,,,,,,,,,,,,,,,,,,,,,,,,,,,,,,,,,,,,,,,,,,,,,,,,,,,,,,,,,,,,,,,
,,,,,,,,,,,,,,,,,,,,,,,,,,,,,,,,,,,,,,,,,,,,,,,,,,,,,,,,,,,,,,,,,,358696,001,2024-11-25_10h08.06.026,experiment,2023.2.3,Win32,58.82352941,664cd1c6545aa0f362493dd9,67446fa89e86ac01e4128331,6744b006966c922b21271303,,,,,,,,,,,,,,,,,,,,,,,,,,,,,,,,,,,,,,,,,,5,,,,,,,,,,,,,2,,,,,,,,,,,,,,,,,,,,,,,,,,,,,,,,,,,,,,,,,,,,,,,k,1.4387,,space,0.462,,2,blue_gnome,2,2,bright_forest,yellow_basket,pink_gnome,2,3,dark_forest,red_basket,15,0,0,1,pink_gnome,dark_forest,red_basket,130,1,-2,1,0,8,5,1,,,,,,,,,,,,,,,,,,,,,,,,,,,,,,,,,,,,,,,,,,,,,,,,,,,,,,,,,,,,,,,,,,,,,
,,,,,,,,,,,,,,,,,,,,,,,,,,,,,,,,,,,,,,,,,,,,,,,,,,,,,,,,,,,,,,,,,,358696,001,2024-11-25_10h08.06.026,experiment,2023.2.3,Win32,58.82352941,664cd1c6545aa0f362493dd9,67446fa89e86ac01e4128331,6744b006966c922b21271303,,,,,,,,,,,,,,,,,,,,,,,,,,,,,,,,,,,,,,,,,,5,,,,,,,,,,,,,1,,,,,,,,,,,,,,,,,,,,,,,,,,,,,,,,,,,,,,,,,,,,,,,s,1.3271,,space,0.8167,,1,red_gnome,1,3,bright_forest,yellow_basket,orange_gnome,1,1,dark_forest,red_basket,15,0,0,1,red_gnome,bright_forest,yellow_basket,145,2,1,1,1,9,4,1,,,,,,,,,,,,,,,,,,,,,,,,,,,,,,,,,,,,,,,,,,,,,,,,,,,,,,,,,,,,,,,,,,,,,
,,,,,,,,,,,,,,,,,,,,,,,,,,,,,,,,,,,,,,,,,,,,,,,,,,,,,,,,,,,,,,,,,,358696,001,2024-11-25_10h08.06.026,experiment,2023.2.3,Win32,58.82352941,664cd1c6545aa0f362493dd9,67446fa89e86ac01e4128331,6744b006966c922b21271303,,,,,,,,,,,,,,,,,,,,,,,,,,,,,,,,,,,,,,,,,,5,,,,,,,,,,,,,1,,,,,,,,,,,,,,,,,,,,,,,,,,,,,,,,,,,,,,,,,,,,,,,k,1.0128,,space,0.4645,,1,red_gnome,1,5,bright_forest,yellow_basket,orange_gnome,1,2,dark_forest,red_basket,10,0,0,1,orange_gnome,dark_forest,red_basket,155,-2,1,1,2,10,4,1,,,,,,,,,,,,,,,,,,,,,,,,,,,,,,,,,,,,,,,,,,,,,,,,,,,,,,,,,,,,,,,,,,,,,
,,,,,,,,,,,,,,,,,,,,,,,,,,,,,,,,,,,,,,,,,,,,,,,,,,,,,,,,,,,,,,,,,,358696,001,2024-11-25_10h08.06.026,experiment,2023.2.3,Win32,58.82352941,664cd1c6545aa0f362493dd9,67446fa89e86ac01e4128331,6744b006966c922b21271303,,,,,,,,,,,,,,,,,,,,,,,,,,,,,,,,,,,,,,,,,,5,,,,,,,,,,,,,3,,,,,,,,,,,,,,,,,,,,,,,,,,,,,,,,,,,,,,,,,,,,,,,s,1.1855,,space,0.8993,0.0006,3,purple_gnome,3,3,bright_forest,yellow_basket,yellow_gnome,3,3,dark_forest,red_basket,15,0,0,1,purple_gnome,bright_forest,yellow_basket,170,3,-1,1,3,11,6,1,,,,,,,,,,,,,,,,,,,,,,,,,,,,,,,,,,,,,,,,,,,,,,,,,,,,,,,,,,,,,,,,,,,,,
,,,,,,,,,,,,,,,,,,,,,,,,,,,,,,,,,,,,,,,,,,,,,,,,,,,,,,,,,,,,,,,,,,358696,001,2024-11-25_10h08.06.026,experiment,2023.2.3,Win32,58.82352941,664cd1c6545aa0f362493dd9,67446fa89e86ac01e4128331,6744b006966c922b21271303,,,,,,,,,,,,,,,,,,,,,,,,,,,,,,,,,,,,,,,,,,5,,,,,,,,,,,,,1,,,,,,,,,,,,,,,,,,,,,,,,,,,,,,,,,,,,,,,,,,,,,,,s,1.4377,,,,,1,red_gnome,1,6,bright_forest,yellow_basket,orange_gnome,1,2,dark_forest,red_basket,0,0,1,0,red_gnome,bright_forest,yellow_basket,170,-1,-1,1,4,12,4,1,,,,,,,,,,,,,,,,,,,,,,,,,,,,,,,,,,,,,,,,,,,,,,,,,,,,,,,,,,,,,,,,,,,,,
,,,,,,,,,,,,,,,,,,,,,,,,,,,,,,,,,,,,,,,,,,,,,,,,,,,,,,,,,,,,,,,,,,358696,001,2024-11-25_10h08.06.026,experiment,2023.2.3,Win32,58.82352941,664cd1c6545aa0f362493dd9,67446fa89e86ac01e4128331,6744b006966c922b21271303,,,,,,,,,,,,,,,,,,,,,,,,,,,,,,,,,,,,,,,,,,1,,,,,,,,,,,,,4,,,,,,,,,,,,,,,,,,,,,,,,,,,,,,,,,,,,,,,,,,,,,,,,,,,,,4,green_gnome,4,1,dark_forest,red_basket,brown_gnome,4,5,bright_forest,yellow_basket,0,1,0,0,,bright_forest,yellow_basket,170,1,1,1,5,13,3,1,,,,,,,,,,,,,,,,,,,,,,,,,,,,,,,,,,,,,,,,,,,,,,,,,,,,,,,,,,,,,,,,,,,,,
,,,,,,,,,,,,,,,,,,,,,,,,,,,,,,,,,,,,,,,,,,,,,,,,,,,,,,,,,,,,,,,,,,358696,001,2024-11-25_10h08.06.026,experiment,2023.2.3,Win32,58.82352941,664cd1c6545aa0f362493dd9,67446fa89e86ac01e4128331,6744b006966c922b21271303,,,,,,,,,,,,,,,,,,,,,,,,,,,,,,,,,,,,,,,,,,5,,,,,,,,,,,,,2,,,,,,,,,,,,,,,,,,,,,,,,,,,,,,,,,,,,,,,,,,,,,,,k,1.6551,0.0009,,,,2,blue_gnome,2,6,bright_forest,yellow_basket,pink_gnome,2,2,dark_forest,red_basket,0,0,1,0,pink_gnome,dark_forest,red_basket,170,-1,0,1,6,14,5,1,,,,,,,,,,,,,,,,,,,,,,,,,,,,,,,,,,,,,,,,,,,,,,,,,,,,,,,,,,,,,,,,,,,,,
,,,,,,,,,,,,,,,,,,,,,,,,,,,,,,,,,,,,,,,,,,,,,,,,,,,,,,,,,,,,,,,,,,358696,001,2024-11-25_10h08.06.026,experiment,2023.2.3,Win32,58.82352941,664cd1c6545aa0f362493dd9,67446fa89e86ac01e4128331,6744b006966c922b21271303,,,,,,,,,,,,,,,,,,,,,,,,,,,,,,,,,,,,,,,,,,5,,,,,,,,,,,,,3,,,,,,,,,,,,,,,,,,,,,,,,,,,,,,,,,,,,,,,,,,,,,,,k,0.441,0.0006,space,1.3184,0.0008,3,yellow_gnome,3,2,dark_forest,red_basket,purple_gnome,3,5,bright_forest,yellow_basket,25,0,0,1,purple_gnome,bright_forest,yellow_basket,195,-1,0,1,7,15,6,1,,,,,,,,,,,,,,,,,,,,,,,,,,,,,,,,,,,,,,,,,,,,,,,,,,,,,,,,,,,,,,,,,,,,,
,,,,,,,,,,,,,,,,,,,,,,,,,,,,,,,,,,,,,,,,,,,,,,,,,,,,,,,,,,,,,,,,,,358696,001,2024-11-25_10h08.06.026,experiment,2023.2.3,Win32,58.82352941,664cd1c6545aa0f362493dd9,67446fa89e86ac01e4128331,6744b006966c922b21271303,,,,,,,,,,,,,,,,,,,,,,,,,,,,,,,,,,,,,,,,,,5,,,,,,,,,,,,,2,,,,,,,,,,,,,,,,,,,,,,,,,,,,,,,,,,,,,,,,,,,,,,,,,,,,,2,pink_gnome,2,2,dark_forest,red_basket,blue_gnome,2,4,bright_forest,yellow_basket,0,1,0,0,,bright_forest,yellow_basket,195,3,2,2,0,16,5,1,,,,,,,,,,,,,,,,,,,,,,,,,,,,,,,,,,,,,,,,,,,,,,,,,,,,,,,,,,,,,,,,,,,,,
,,,,,,,,,,,,,,,,,,,,,,,,,,,,,,,,,,,,,,,,,,,,,,,,,,,,,,,,,,,,,,,,,,358696,001,2024-11-25_10h08.06.026,experiment,2023.2.3,Win32,58.82352941,664cd1c6545aa0f362493dd9,67446fa89e86ac01e4128331,6744b006966c922b21271303,,,,,,,,,,,,,,,,,,,,,,,,,,,,,,,,,,,,,,,,,,1,,,,,,,,,,,,,2,,,,,,,,,,,,,,,,,,,,,,,,,,,,,,,,,,,,,,,,,,,,,,,k,0.5319,,space,0.5532,,2,pink_gnome,2,4,dark_forest,red_basket,blue_gnome,2,7,bright_forest,yellow_basket,7,0,0,1,blue_gnome,bright_forest,yellow_basket,202,-1,1,2,1,17,1,1,,,,,,,,,,,,,,,,,,,,,,,,,,,,,,,,,,,,,,,,,,,,,,,,,,,,,,,,,,,,,,,,,,,,,
,,,,,,,,,,,,,,,,,,,,,,,,,,,,,,,,,,,,,,,,,,,,,,,,,,,,,,,,,,,,,,,,,,358696,001,2024-11-25_10h08.06.026,experiment,2023.2.3,Win32,58.82352941,664cd1c6545aa0f362493dd9,67446fa89e86ac01e4128331,6744b006966c922b21271303,,,,,,,,,,,,,,,,,,,,,,,,,,,,,,,,,,,,,,,,,,1,,,,,,,,,,,,,2,,,,,,,,,,,,,,,,,,,,,,,,,,,,,,,,,,,,,,,,,,,,,,,s,0.5811,,space,0.5721,,2,blue_gnome,2,6,bright_forest,yellow_basket,pink_gnome,2,5,dark_forest,red_basket,6,0,0,1,blue_gnome,bright_forest,yellow_basket,208,4,2,2,2,18,1,1,,,,,,,,,,,,,,,,,,,,,,,,,,,,,,,,,,,,,,,,,,,,,,,,,,,,,,,,,,,,,,,,,,,,,
,,,,,,,,,,,,,,,,,,,,,,,,,,,,,,,,,,,,,,,,,,,,,,,,,,,,,,,,,,,,,,,,,,358696,001,2024-11-25_10h08.06.026,experiment,2023.2.3,Win32,58.82352941,664cd1c6545aa0f362493dd9,67446fa89e86ac01e4128331,6744b006966c922b21271303,,,,,,,,,,,,,,,,,,,,,,,,,,,,,,,,,,,,,,,,,,5,,,,,,,,,,,,,3,,,,,,,,,,,,,,,,,,,,,,,,,,,,,,,,,,,,,,,,,,,,,,,k,1.4101,,space,0.4267,,3,purple_gnome,3,8,bright_forest,yellow_basket,yellow_gnome,3,7,dark_forest,red_basket,35,0,0,1,yellow_gnome,dark_forest,red_basket,243,-1,1,2,3,19,6,1,,,,,,,,,,,,,,,,,,,,,,,,,,,,,,,,,,,,,,,,,,,,,,,,,,,,,,,,,,,,,,,,,,,,,
,,,,,,,,,,,,,,,,,,,,,,,,,,,,,,,,,,,,,,,,,,,,,,,,,,,,,,,,,,,,,,,,,,358696,001,2024-11-25_10h08.06.026,experiment,2023.2.3,Win32,58.82352941,664cd1c6545aa0f362493dd9,67446fa89e86ac01e4128331,6744b006966c922b21271303,,,,,,,,,,,,,,,,,,,,,,,,,,,,,,,,,,,,,,,,,,5,,,,,,,,,,,,,1,,,,,,,,,,,,,,,,,,,,,,,,,,,,,,,,,,,,,,,,,,,,,,,,,,,,,1,orange_gnome,1,8,dark_forest,red_basket,red_gnome,1,7,bright_forest,yellow_basket,0,1,0,0,,dark_forest,red_basket,243,-1,2,2,4,20,4,1,,,,,,,,,,,,,,,,,,,,,,,,,,,,,,,,,,,,,,,,,,,,,,,,,,,,,,,,,,,,,,,,,,,,,
,,,,,,,,,,,,,,,,,,,,,,,,,,,,,,,,,,,,,,,,,,,,,,,,,,,,,,,,,,,,,,,,,,358696,001,2024-11-25_10h08.06.026,experiment,2023.2.3,Win32,58.82352941,664cd1c6545aa0f362493dd9,67446fa89e86ac01e4128331,6744b006966c922b21271303,,,,,,,,,,,,,,,,,,,,,,,,,,,,,,,,,,,,,,,,,,5,,,,,,,,,,,,,2,,,,,,,,,,,,,,,,,,,,,,,,,,,,,,,,,,,,,,,,,,,,,,,k,0.4581,,space,0.4856,,2,blue_gnome,2,6,bright_forest,yellow_basket,pink_gnome,2,8,dark_forest,red_basket,40,0,0,1,pink_gnome,dark_forest,red_basket,283,-1,-1,2,5,21,5,1,,,,,,,,,,,,,,,,,,,,,,,,,,,,,,,,,,,,,,,,,,,,,,,,,,,,,,,,,,,,,,,,,,,,,
,,,,,,,,,,,,,,,,,,,,,,,,,,,,,,,,,,,,,,,,,,,,,,,,,,,,,,,,,,,,,,,,,,358696,001,2024-11-25_10h08.06.026,experiment,2023.2.3,Win32,58.82352941,664cd1c6545aa0f362493dd9,67446fa89e86ac01e4128331,6744b006966c922b21271303,,,,,,,,,,,,,,,,,,,,,,,,,,,,,,,,,,,,,,,,,,1,,,,,,,,,,,,,2,,,,,,,,,,,,,,,,,,,,,,,,,,,,,,,,,,,,,,,,,,,,,,,s,0.4462,,space,0.7147,0.0011,2,blue_gnome,2,5,bright_forest,yellow_basket,pink_gnome,2,7,dark_forest,red_basket,5,0,0,1,blue_gnome,bright_forest,yellow_basket,288,-4,1,2,6,22,1,1,,,,,,,,,,,,,,,,,,,,,,,,,,,,,,,,,,,,,,,,,,,,,,,,,,,,,,,,,,,,,,,,,,,,,
,,,,,,,,,,,,,,,,,,,,,,,,,,,,,,,,,,,,,,,,,,,,,,,,,,,,,,,,,,,,,,,,,,358696,001,2024-11-25_10h08.06.026,experiment,2023.2.3,Win32,58.82352941,664cd1c6545aa0f362493dd9,67446fa89e86ac01e4128331,6744b006966c922b21271303,,,,,,,,,,,,,,,,,,,,,,,,,,,,,,,,,,,,,,,,,,5,,,,,,,,,,,,,3,,,,,,,,,,,,,,,,,,,,,,,,,,,,,,,,,,,,,,,,,,,,,,,,,,,,,3,purple_gnome,3,1,bright_forest,yellow_basket,yellow_gnome,3,8,dark_forest,red_basket,0,1,0,0,,bright_forest,yellow_basket,288,2,-1,2,7,23,6,1,,,,,,,,,,,,,,,,,,,,,,,,,,,,,,,,,,,,,,,,,,,,,,,,,,,,,,,,,,,,,,,,,,,,,
,,,,,,,,,,,,,,,,,,,,,,,,,,,,,,,,,,,,,,,,,,,,,,,,,,,,,,,,,,,,,,,,,,358696,001,2024-11-25_10h08.06.026,experiment,2023.2.3,Win32,58.82352941,664cd1c6545aa0f362493dd9,67446fa89e86ac01e4128331,6744b006966c922b21271303,,,,,,,,,,,,,,,,,,,,,,,,,,,,,,,,,,,,,,,,,,5,,,,,,,,,,,,,1,,,,,,,,,,,,,,,,,,,,,,,,,,,,,,,,,,,,,,,,,,,,,,,s,0.8402,,space,0.3755,,1,red_gnome,1,3,bright_forest,yellow_basket,orange_gnome,1,7,dark_forest,red_basket,15,0,0,1,red_gnome,bright_forest,yellow_basket,303,0,3,3,0,24,4,1,,,,,,,,,,,,,,,,,,,,,,,,,,,,,,,,,,,,,,,,,,,,,,,,,,,,,,,,,,,,,,,,,,,,,
,,,,,,,,,,,,,,,,,,,,,,,,,,,,,,,,,,,,,,,,,,,,,,,,,,,,,,,,,,,,,,,,,,358696,001,2024-11-25_10h08.06.026,experiment,2023.2.3,Win32,58.82352941,664cd1c6545aa0f362493dd9,67446fa89e86ac01e4128331,6744b006966c922b21271303,,,,,,,,,,,,,,,,,,,,,,,,,,,,,,,,,,,,,,,,,,5,,,,,,,,,,,,,2,,,,,,,,,,,,,,,,,,,,,,,,,,,,,,,,,,,,,,,,,,,,,,,,,,,,,2,pink_gnome,2,8,dark_forest,red_basket,blue_gnome,2,3,bright_forest,yellow_basket,0,1,0,0,,bright_forest,yellow_basket,303,-1,-1,3,1,25,5,1,,,,,,,,,,,,,,,,,,,,,,,,,,,,,,,,,,,,,,,,,,,,,,,,,,,,,,,,,,,,,,,,,,,,,
,,,,,,,,,,,,,,,,,,,,,,,,,,,,,,,,,,,,,,,,,,,,,,,,,,,,,,,,,,,,,,,,,,358696,001,2024-11-25_10h08.06.026,experiment,2023.2.3,Win32,58.82352941,664cd1c6545aa0f362493dd9,67446fa89e86ac01e4128331,6744b006966c922b21271303,,,,,,,,,,,,,,,,,,,,,,,,,,,,,,,,,,,,,,,,,,1,,,,,,,,,,,,,1,,,,,,,,,,,,,,,,,,,,,,,,,,,,,,,,,,,,,,,,,,,,,,,k,0.6592,,space,0.4545,,1,red_gnome,1,2,bright_forest,yellow_basket,orange_gnome,1,7,dark_forest,red_basket,7,0,0,1,orange_gnome,dark_forest,red_basket,310,-2,-3,3,2,26,0,1,,,,,,,,,,,,,,,,,,,,,,,,,,,,,,,,,,,,,,,,,,,,,,,,,,,,,,,,,,,,,,,,,,,,,
,,,,,,,,,,,,,,,,,,,,,,,,,,,,,,,,,,,,,,,,,,,,,,,,,,,,,,,,,,,,,,,,,,358696,001,2024-11-25_10h08.06.026,experiment,2023.2.3,Win32,58.82352941,664cd1c6545aa0f362493dd9,67446fa89e86ac01e4128331,6744b006966c922b21271303,,,,,,,,,,,,,,,,,,,,,,,,,,,,,,,,,,,,,,,,,,5,,,,,,,,,,,,,4,,,,,,,,,,,,,,,,,,,,,,,,,,,,,,,,,,,,,,,,,,,,,,,s,0.6628,,space,0.4784,,4,green_gnome,4,4,dark_forest,red_basket,brown_gnome,4,0,bright_forest,yellow_basket,20,0,0,1,green_gnome,dark_forest,red_basket,330,-2,-1,3,3,27,7,1,,,,,,,,,,,,,,,,,,,,,,,,,,,,,,,,,,,,,,,,,,,,,,,,,,,,,,,,,,,,,,,,,,,,,
,,,,,,,,,,,,,,,,,,,,,,,,,,,,,,,,,,,,,,,,,,,,,,,,,,,,,,,,,,,,,,,,,,358696,001,2024-11-25_10h08.06.026,experiment,2023.2.3,Win32,58.82352941,664cd1c6545aa0f362493dd9,67446fa89e86ac01e4128331,6744b006966c922b21271303,,,,,,,,,,,,,,,,,,,,,,,,,,,,,,,,,,,,,,,,,,5,,,,,,,,,,,,,4,,,,,,,,,,,,,,,,,,,,,,,,,,,,,,,,,,,,,,,,,,,,,,,k,0.8979,,space,0.459,,4,green_gnome,4,3,dark_forest,red_basket,brown_gnome,4,2,bright_forest,yellow_basket,10,0,0,1,brown_gnome,bright_forest,yellow_basket,340,1,0,3,4,28,7,1,,,,,,,,,,,,,,,,,,,,,,,,,,,,,,,,,,,,,,,,,,,,,,,,,,,,,,,,,,,,,,,,,,,,,
,,,,,,,,,,,,,,,,,,,,,,,,,,,,,,,,,,,,,,,,,,,,,,,,,,,,,,,,,,,,,,,,,,358696,001,2024-11-25_10h08.06.026,experiment,2023.2.3,Win32,58.82352941,664cd1c6545aa0f362493dd9,67446fa89e86ac01e4128331,6744b006966c922b21271303,,,,,,,,,,,,,,,,,,,,,,,,,,,,,,,,,,,,,,,,,,1,,,,,,,,,,,,,3,,,,,,,,,,,,,,,,,,,,,,,,,,,,,,,,,,,,,,,,,,,,,,,k,0.76,,space,0.4709,,3,yellow_gnome,3,3,dark_forest,red_basket,purple_gnome,3,3,bright_forest,yellow_basket,3,0,0,1,purple_gnome,bright_forest,yellow_basket,343,2,4,3,5,29,2,1,,,,,,,,,,,,,,,,,,,,,,,,,,,,,,,,,,,,,,,,,,,,,,,,,,,,,,,,,,,,,,,,,,,,,
,,,,,,,,,,,,,,,,,,,,,,,,,,,,,,,,,,,,,,,,,,,,,,,,,,,,,,,,,,,,,,,,,,358696,001,2024-11-25_10h08.06.026,experiment,2023.2.3,Win32,58.82352941,664cd1c6545aa0f362493dd9,67446fa89e86ac01e4128331,6744b006966c922b21271303,,,,,,,,,,,,,,,,,,,,,,,,,,,,,,,,,,,,,,,,,,5,,,,,,,,,,,,,2,,,,,,,,,,,,,,,,,,,,,,,,,,,,,,,,,,,,,,,,,,,,,,,s,1.2188,,space,0.4257,,2,blue_gnome,2,5,bright_forest,yellow_basket,pink_gnome,2,7,dark_forest,red_basket,25,0,0,1,blue_gnome,bright_forest,yellow_basket,368,0,-3,3,6,30,5,1,,,,,,,,,,,,,,,,,,,,,,,,,,,,,,,,,,,,,,,,,,,,,,,,,,,,,,,,,,,,,,,,,,,,,
,,,,,,,,,,,,,,,,,,,,,,,,,,,,,,,,,,,,,,,,,,,,,,,,,,,,,,,,,,,,,,,,,,358696,001,2024-11-25_10h08.06.026,experiment,2023.2.3,Win32,58.82352941,664cd1c6545aa0f362493dd9,67446fa89e86ac01e4128331,6744b006966c922b21271303,,,,,,,,,,,,,,,,,,,,,,,,,,,,,,,,,,,,,,,,,,5,,,,,,,,,,,,,4,,,,,,,,,,,,,,,,,,,,,,,,,,,,,,,,,,,,,,,,,,,,,,,s,1.2017,,space,0.6935,,4,brown_gnome,4,5,bright_forest,yellow_basket,green_gnome,4,4,dark_forest,red_basket,25,0,0,1,brown_gnome,bright_forest,yellow_basket,393,-2,1,3,7,31,7,1,,,,,,,,,,,,,,,,,,,,,,,,,,,,,,,,,,,,,,,,,,,,,,,,,,,,,,,,,,,,,,,,,,,,,
,,,,,,,,,,,,,,,,,,,,,,,,,,,,,,,,,,,,,,,,,,,,,,,,,,,,,,,,,,,,,,,,,,358696,001,2024-11-25_10h08.06.026,experiment,2023.2.3,Win32,58.82352941,664cd1c6545aa0f362493dd9,67446fa89e86ac01e4128331,6744b006966c922b21271303,,,,,,,,,,,,,,,,,,,,,,,,,,,,,,,,,,,,,,,,,,1,,,,,,,,,,,,,1,,,,,,,,,,,,,,,,,,,,,,,,,,,,,,,,,,,,,,,,,,,,,,,k,0.5889,,space,0.3903,,1,orange_gnome,1,5,dark_forest,red_basket,red_gnome,1,3,bright_forest,yellow_basket,3,0,0,1,red_gnome,bright_forest,yellow_basket,396,1,3,4,0,32,0,1,,,,,,,,,,,,,,,,,,,,,,,,,,,,,,,,,,,,,,,,,,,,,,,,,,,,,,,,,,,,,,,,,,,,,
,,,,,,,,,,,,,,,,,,,,,,,,,,,,,,,,,,,,,,,,,,,,,,,,,,,,,,,,,,,,,,,,,,358696,001,2024-11-25_10h08.06.026,experiment,2023.2.3,Win32,58.82352941,664cd1c6545aa0f362493dd9,67446fa89e86ac01e4128331,6744b006966c922b21271303,,,,,,,,,,,,,,,,,,,,,,,,,,,,,,,,,,,,,,,,,,5,,,,,,,,,,,,,4,,,,,,,,,,,,,,,,,,,,,,,,,,,,,,,,,,,,,,,,,,,,,,,s,0.5514,,space,0.7514,,4,brown_gnome,4,4,bright_forest,yellow_basket,green_gnome,4,8,dark_forest,red_basket,20,0,0,1,brown_gnome,bright_forest,yellow_basket,416,-1,1,4,1,33,7,1,,,,,,,,,,,,,,,,,,,,,,,,,,,,,,,,,,,,,,,,,,,,,,,,,,,,,,,,,,,,,,,,,,,,,
,,,,,,,,,,,,,,,,,,,,,,,,,,,,,,,,,,,,,,,,,,,,,,,,,,,,,,,,,,,,,,,,,,358696,001,2024-11-25_10h08.06.026,experiment,2023.2.3,Win32,58.82352941,664cd1c6545aa0f362493dd9,67446fa89e86ac01e4128331,6744b006966c922b21271303,,,,,,,,,,,,,,,,,,,,,,,,,,,,,,,,,,,,,,,,,,1,,,,,,,,,,,,,2,,,,,,,,,,,,,,,,,,,,,,,,,,,,,,,,,,,,,,,,,,,,,,,k,0.7447,,space,0.3661,,2,blue_gnome,2,3,bright_forest,yellow_basket,pink_gnome,2,9,dark_forest,red_basket,9,0,0,1,pink_gnome,dark_forest,red_basket,425,1,-4,4,2,34,1,1,,,,,,,,,,,,,,,,,,,,,,,,,,,,,,,,,,,,,,,,,,,,,,,,,,,,,,,,,,,,,,,,,,,,,
,,,,,,,,,,,,,,,,,,,,,,,,,,,,,,,,,,,,,,,,,,,,,,,,,,,,,,,,,,,,,,,,,,358696,001,2024-11-25_10h08.06.026,experiment,2023.2.3,Win32,58.82352941,664cd1c6545aa0f362493dd9,67446fa89e86ac01e4128331,6744b006966c922b21271303,,,,,,,,,,,,,,,,,,,,,,,,,,,,,,,,,,,,,,,,,,5,,,,,,,,,,,,,2,,,,,,,,,,,,,,,,,,,,,,,,,,,,,,,,,,,,,,,,,,,,,,,s,0.9749,,space,0.286,,2,pink_gnome,2,5,dark_forest,red_basket,blue_gnome,2,4,bright_forest,yellow_basket,25,0,0,1,pink_gnome,dark_forest,red_basket,450,1,1,4,3,35,5,1,,,,,,,,,,,,,,,,,,,,,,,,,,,,,,,,,,,,,,,,,,,,,,,,,,,,,,,,,,,,,,,,,,,,,
,,,,,,,,,,,,,,,,,,,,,,,,,,,,,,,,,,,,,,,,,,,,,,,,,,,,,,,,,,,,,,,,,,358696,001,2024-11-25_10h08.06.026,experiment,2023.2.3,Win32,58.82352941,664cd1c6545aa0f362493dd9,67446fa89e86ac01e4128331,6744b006966c922b21271303,,,,,,,,,,,,,,,,,,,,,,,,,,,,,,,,,,,,,,,,,,1,,,,,,,,,,,,,4,,,,,,,,,,,,,,,,,,,,,,,,,,,,,,,,,,,,,,,,,,,,,,,s,1.1475,,space,0.3066,,4,green_gnome,4,6,dark_forest,red_basket,brown_gnome,4,5,bright_forest,yellow_basket,6,0,0,1,green_gnome,dark_forest,red_basket,456,1,-3,4,4,36,3,1,,,,,,,,,,,,,,,,,,,,,,,,,,,,,,,,,,,,,,,,,,,,,,,,,,,,,,,,,,,,,,,,,,,,,
,,,,,,,,,,,,,,,,,,,,,,,,,,,,,,,,,,,,,,,,,,,,,,,,,,,,,,,,,,,,,,,,,,358696,001,2024-11-25_10h08.06.026,experiment,2023.2.3,Win32,58.82352941,664cd1c6545aa0f362493dd9,67446fa89e86ac01e4128331,6744b006966c922b21271303,,,,,,,,,,,,,,,,,,,,,,,,,,,,,,,,,,,,,,,,,,1,,,,,,,,,,,,,1,,,,,,,,,,,,,,,,,,,,,,,,,,,,,,,,,,,,,,,,,,,,,,,k,1.1561,,space,0.3217,,1,red_gnome,1,6,bright_forest,yellow_basket,orange_gnome,1,3,dark_forest,red_basket,3,0,0,1,orange_gnome,dark_forest,red_basket,459,0,0,4,5,37,0,1,,,,,,,,,,,,,,,,,,,,,,,,,,,,,,,,,,,,,,,,,,,,,,,,,,,,,,,,,,,,,,,,,,,,,
,,,,,,,,,,,,,,,,,,,,,,,,,,,,,,,,,,,,,,,,,,,,,,,,,,,,,,,,,,,,,,,,,,358696,001,2024-11-25_10h08.06.026,experiment,2023.2.3,Win32,58.82352941,664cd1c6545aa0f362493dd9,67446fa89e86ac01e4128331,6744b006966c922b21271303,,,,,,,,,,,,,,,,,,,,,,,,,,,,,,,,,,,,,,,,,,1,,,,,,,,,,,,,2,,,,,,,,,,,,,,,,,,,,,,,,,,,,,,,,,,,,,,,,,,,,,,,s,0.7287,,space,0.331,,2,pink_gnome,2,3,dark_forest,red_basket,blue_gnome,2,6,bright_forest,yellow_basket,3,0,0,1,pink_gnome,dark_forest,red_basket,462,-3,0,4,6,38,1,1,,,,,,,,,,,,,,,,,,,,,,,,,,,,,,,,,,,,,,,,,,,,,,,,,,,,,,,,,,,,,,,,,,,,,
,,,,,,,,,,,,,,,,,,,,,,,,,,,,,,,,,,,,,,,,,,,,,,,,,,,,,,,,,,,,,,,,,,358696,001,2024-11-25_10h08.06.026,experiment,2023.2.3,Win32,58.82352941,664cd1c6545aa0f362493dd9,67446fa89e86ac01e4128331,6744b006966c922b21271303,,,,,,,,,,,,,,,,,,,,,,,,,,,,,,,,,,,,,,,,,,5,,,,,,,,,,,,,3,,,,,,,,,,,,,,,,,,,,,,,,,,,,,,,,,,,,,,,,,,,,,,,k,1.4684,,space,0.2844,,3,purple_gnome,3,3,bright_forest,yellow_basket,yellow_gnome,3,3,dark_forest,red_basket,15,0,0,1,yellow_gnome,dark_forest,red_basket,477,0,3,4,7,39,6,1,,,,,,,,,,,,,,,,,,,,,,,,,,,,,,,,,,,,,,,,,,,,,,,,,,,,,,,,,,,,,,,,,,,,,
,,,,,,,,,,,,,,,,,,,,,,,,,,,,,,,,,,,,,,,,,,,,,,,,,,,,,,,,,,,,,,,,,,358696,001,2024-11-25_10h08.06.026,experiment,2023.2.3,Win32,58.82352941,664cd1c6545aa0f362493dd9,67446fa89e86ac01e4128331,6744b006966c922b21271303,,,,,,,,,,,,,,,,,,,,,,,,,,,,,,,,,,,,,,,,,,5,,,,,,,,,,,,,1,,,,,,,,,,,,,,,,,,,,,,,,,,,,,,,,,,,,,,,,,,,,,,,s,1.3173,,space,0.3999,,1,orange_gnome,1,6,dark_forest,red_basket,red_gnome,1,3,bright_forest,yellow_basket,30,0,0,1,orange_gnome,dark_forest,red_basket,507,-3,3,5,0,40,4,1,,,,,,,,,,,,,,,,,,,,,,,,,,,,,,,,,,,,,,,,,,,,,,,,,,,,,,,,,,,,,,,,,,,,,
,,,,,,,,,,,,,,,,,,,,,,,,,,,,,,,,,,,,,,,,,,,,,,,,,,,,,,,,,,,,,,,,,,358696,001,2024-11-25_10h08.06.026,experiment,2023.2.3,Win32,58.82352941,664cd1c6545aa0f362493dd9,67446fa89e86ac01e4128331,6744b006966c922b21271303,,,,,,,,,,,,,,,,,,,,,,,,,,,,,,,,,,,,,,,,,,1,,,,,,,,,,,,,2,,,,,,,,,,,,,,,,,,,,,,,,,,,,,,,,,,,,,,,,,,,,,,,s,1.2343,,space,0.3263,,2,blue_gnome,2,0,bright_forest,yellow_basket,pink_gnome,2,9,dark_forest,red_basket,0,0,0,1,blue_gnome,bright_forest,yellow_basket,507,1,0,5,1,41,1,1,,,,,,,,,,,,,,,,,,,,,,,,,,,,,,,,,,,,,,,,,,,,,,,,,,,,,,,,,,,,,,,,,,,,,
,,,,,,,,,,,,,,,,,,,,,,,,,,,,,,,,,,,,,,,,,,,,,,,,,,,,,,,,,,,,,,,,,,358696,001,2024-11-25_10h08.06.026,experiment,2023.2.3,Win32,58.82352941,664cd1c6545aa0f362493dd9,67446fa89e86ac01e4128331,6744b006966c922b21271303,,,,,,,,,,,,,,,,,,,,,,,,,,,,,,,,,,,,,,,,,,5,,,,,,,,,,,,,4,,,,,,,,,,,,,,,,,,,,,,,,,,,,,,,,,,,,,,,,,,,,,,,,,,,,,4,brown_gnome,4,1,bright_forest,yellow_basket,green_gnome,4,9,dark_forest,red_basket,0,1,0,0,,bright_forest,yellow_basket,507,3,2,5,2,42,7,1,,,,,,,,,,,,,,,,,,,,,,,,,,,,,,,,,,,,,,,,,,,,,,,,,,,,,,,,,,,,,,,,,,,,,
,,,,,,,,,,,,,,,,,,,,,,,,,,,,,,,,,,,,,,,,,,,,,,,,,,,,,,,,,,,,,,,,,,358696,001,2024-11-25_10h08.06.026,experiment,2023.2.3,Win32,58.82352941,664cd1c6545aa0f362493dd9,67446fa89e86ac01e4128331,6744b006966c922b21271303,,,,,,,,,,,,,,,,,,,,,,,,,,,,,,,,,,,,,,,,,,5,,,,,,,,,,,,,4,,,,,,,,,,,,,,,,,,,,,,,,,,,,,,,,,,,,,,,,,,,,,,,s,0.6799,,space,0.4127,,4,brown_gnome,4,4,bright_forest,yellow_basket,green_gnome,4,7,dark_forest,red_basket,20,0,0,1,brown_gnome,bright_forest,yellow_basket,527,-1,1,5,3,43,7,1,,,,,,,,,,,,,,,,,,,,,,,,,,,,,,,,,,,,,,,,,,,,,,,,,,,,,,,,,,,,,,,,,,,,,
,,,,,,,,,,,,,,,,,,,,,,,,,,,,,,,,,,,,,,,,,,,,,,,,,,,,,,,,,,,,,,,,,,358696,001,2024-11-25_10h08.06.026,experiment,2023.2.3,Win32,58.82352941,664cd1c6545aa0f362493dd9,67446fa89e86ac01e4128331,6744b006966c922b21271303,,,,,,,,,,,,,,,,,,,,,,,,,,,,,,,,,,,,,,,,,,1,,,,,,,,,,,,,4,,,,,,,,,,,,,,,,,,,,,,,,,,,,,,,,,,,,,,,,,,,,,,,k,0.9318,,space,0.3013,,4,brown_gnome,4,3,bright_forest,yellow_basket,green_gnome,4,8,dark_forest,red_basket,8,0,0,1,green_gnome,dark_forest,red_basket,535,-2,5,5,4,44,3,1,,,,,,,,,,,,,,,,,,,,,,,,,,,,,,,,,,,,,,,,,,,,,,,,,,,,,,,,,,,,,,,,,,,,,
,,,,,,,,,,,,,,,,,,,,,,,,,,,,,,,,,,,,,,,,,,,,,,,,,,,,,,,,,,,,,,,,,,358696,001,2024-11-25_10h08.06.026,experiment,2023.2.3,Win32,58.82352941,664cd1c6545aa0f362493dd9,67446fa89e86ac01e4128331,6744b006966c922b21271303,,,,,,,,,,,,,,,,,,,,,,,,,,,,,,,,,,,,,,,,,,5,,,,,,,,,,,,,4,,,,,,,,,,,,,,,,,,,,,,,,,,,,,,,,,,,,,,,,,,,,,,,k,1.3152,,space,0.3717,,4,green_gnome,4,5,dark_forest,red_basket,brown_gnome,4,1,bright_forest,yellow_basket,5,0,0,1,brown_gnome,bright_forest,yellow_basket,540,2,-4,5,5,45,7,1,,,,,,,,,,,,,,,,,,,,,,,,,,,,,,,,,,,,,,,,,,,,,,,,,,,,,,,,,,,,,,,,,,,,,
,,,,,,,,,,,,,,,,,,,,,,,,,,,,,,,,,,,,,,,,,,,,,,,,,,,,,,,,,,,,,,,,,,358696,001,2024-11-25_10h08.06.026,experiment,2023.2.3,Win32,58.82352941,664cd1c6545aa0f362493dd9,67446fa89e86ac01e4128331,6744b006966c922b21271303,,,,,,,,,,,,,,,,,,,,,,,,,,,,,,,,,,,,,,,,,,1,,,,,,,,,,,,,4,,,,,,,,,,,,,,,,,,,,,,,,,,,,,,,,,,,,,,,,,,,,,,,s,1.0421,,space,0.4603,,4,green_gnome,4,1,dark_forest,red_basket,brown_gnome,4,3,bright_forest,yellow_basket,1,0,0,1,green_gnome,dark_forest,red_basket,541,1,2,5,6,46,3,1,,,,,,,,,,,,,,,,,,,,,,,,,,,,,,,,,,,,,,,,,,,,,,,,,,,,,,,,,,,,,,,,,,,,,
,,,,,,,,,,,,,,,,,,,,,,,,,,,,,,,,,,,,,,,,,,,,,,,,,,,,,,,,,,,,,,,,,,358696,001,2024-11-25_10h08.06.026,experiment,2023.2.3,Win32,58.82352941,664cd1c6545aa0f362493dd9,67446fa89e86ac01e4128331,6744b006966c922b21271303,,,,,,,,,,,,,,,,,,,,,,,,,,,,,,,,,,,,,,,,,,1,,,,,,,,,,,,,1,,,,,,,,,,,,,,,,,,,,,,,,,,,,,,,,,,,,,,,,,,,,,,,s,1.1588,,space,0.3698,,1,red_gnome,1,4,bright_forest,yellow_basket,orange_gnome,1,3,dark_forest,red_basket,4,0,0,1,red_gnome,bright_forest,yellow_basket,545,1,1,5,7,47,0,1,,,,,,,,,,,,,,,,,,,,,,,,,,,,,,,,,,,,,,,,,,,,,,,,,,,,,,,,,,,,,,,,,,,,,
,,,,,,,,,,,,,,,,,,,,,,,,,,,,,,,,,,,,,,,,,,,,,,,,,,,,,,,,,,,,,,,,,,358696,001,2024-11-25_10h08.06.026,experiment,2023.2.3,Win32,58.82352941,664cd1c6545aa0f362493dd9,67446fa89e86ac01e4128331,6744b006966c922b21271303,,,,,,,,,,,,,,,,,,,,,,,,,,,,,,,,,,,,,,,,,,5,,,,,,,,,,,,,1,,,,,,,,,,,,,,,,,,,,,,,,,,,,,,,,,,,,,,,,,,,,,,,k,1.159,,space,0.297,,1,red_gnome,1,5,bright_forest,yellow_basket,orange_gnome,1,4,dark_forest,red_basket,20,0,0,1,orange_gnome,dark_forest,red_basket,565,1,0,6,0,48,4,1,,,,,,,,,,,,,,,,,,,,,,,,,,,,,,,,,,,,,,,,,,,,,,,,,,,,,,,,,,,,,,,,,,,,,
,,,,,,,,,,,,,,,,,,,,,,,,,,,,,,,,,,,,,,,,,,,,,,,,,,,,,,,,,,,,,,,,,,358696,001,2024-11-25_10h08.06.026,experiment,2023.2.3,Win32,58.82352941,664cd1c6545aa0f362493dd9,67446fa89e86ac01e4128331,6744b006966c922b21271303,,,,,,,,,,,,,,,,,,,,,,,,,,,,,,,,,,,,,,,,,,1,,,,,,,,,,,,,4,,,,,,,,,,,,,,,,,,,,,,,,,,,,,,,,,,,,,,,,,,,,,,,s,1.0652,,space,0.4474,,4,green_gnome,4,4,dark_forest,red_basket,brown_gnome,4,6,bright_forest,yellow_basket,4,0,0,1,green_gnome,dark_forest,red_basket,569,0,1,6,1,49,3,1,,,,,,,,,,,,,,,,,,,,,,,,,,,,,,,,,,,,,,,,,,,,,,,,,,,,,,,,,,,,,,,,,,,,,
,,,,,,,,,,,,,,,,,,,,,,,,,,,,,,,,,,,,,,,,,,,,,,,,,,,,,,,,,,,,,,,,,,358696,001,2024-11-25_10h08.06.026,experiment,2023.2.3,Win32,58.82352941,664cd1c6545aa0f362493dd9,67446fa89e86ac01e4128331,6744b006966c922b21271303,,,,,,,,,,,,,,,,,,,,,,,,,,,,,,,,,,,,,,,,,,5,,,,,,,,,,,,,3,,,,,,,,,,,,,,,,,,,,,,,,,,,,,,,,,,,,,,,,,,,,,,,k,1.1718,,space,0.4736,,3,yellow_gnome,3,5,dark_forest,red_basket,purple_gnome,3,6,bright_forest,yellow_basket,30,0,0,1,purple_gnome,bright_forest,yellow_basket,599,-1,2,6,2,50,6,1,,,,,,,,,,,,,,,,,,,,,,,,,,,,,,,,,,,,,,,,,,,,,,,,,,,,,,,,,,,,,,,,,,,,,
,,,,,,,,,,,,,,,,,,,,,,,,,,,,,,,,,,,,,,,,,,,,,,,,,,,,,,,,,,,,,,,,,,358696,001,2024-11-25_10h08.06.026,experiment,2023.2.3,Win32,58.82352941,664cd1c6545aa0f362493dd9,67446fa89e86ac01e4128331,6744b006966c922b21271303,,,,,,,,,,,,,,,,,,,,,,,,,,,,,,,,,,,,,,,,,,5,,,,,,,,,,,,,1,,,,,,,,,,,,,,,,,,,,,,,,,,,,,,,,,,,,,,,,,,,,,,,,,,,,,1,orange_gnome,1,7,dark_forest,red_basket,red_gnome,1,5,bright_forest,yellow_basket,0,1,0,0,,bright_forest,yellow_basket,599,-3,0,6,3,51,4,1,,,,,,,,,,,,,,,,,,,,,,,,,,,,,,,,,,,,,,,,,,,,,,,,,,,,,,,,,,,,,,,,,,,,,
,,,,,,,,,,,,,,,,,,,,,,,,,,,,,,,,,,,,,,,,,,,,,,,,,,,,,,,,,,,,,,,,,,358696,001,2024-11-25_10h08.06.026,experiment,2023.2.3,Win32,58.82352941,664cd1c6545aa0f362493dd9,67446fa89e86ac01e4128331,6744b006966c922b21271303,,,,,,,,,,,,,,,,,,,,,,,,,,,,,,,,,,,,,,,,,,1,,,,,,,,,,,,,3,,,,,,,,,,,,,,,,,,,,,,,,,,,,,,,,,,,,,,,,,,,,,,,,,,,,,3,yellow_gnome,3,7,dark_forest,red_basket,purple_gnome,3,2,bright_forest,yellow_basket,0,1,0,0,,bright_forest,yellow_basket,599,-1,0,6,4,52,2,1,,,,,,,,,,,,,,,,,,,,,,,,,,,,,,,,,,,,,,,,,,,,,,,,,,,,,,,,,,,,,,,,,,,,,
,,,,,,,,,,,,,,,,,,,,,,,,,,,,,,,,,,,,,,,,,,,,,,,,,,,,,,,,,,,,,,,,,,358696,001,2024-11-25_10h08.06.026,experiment,2023.2.3,Win32,58.82352941,664cd1c6545aa0f362493dd9,67446fa89e86ac01e4128331,6744b006966c922b21271303,,,,,,,,,,,,,,,,,,,,,,,,,,,,,,,,,,,,,,,,,,5,,,,,,,,,,,,,2,,,,,,,,,,,,,,,,,,,,,,,,,,,,,,,,,,,,,,,,,,,,,,,s,0.2321,,space,0.5877,0.0014,2,blue_gnome,2,1,bright_forest,yellow_basket,pink_gnome,2,7,dark_forest,red_basket,5,0,0,1,blue_gnome,bright_forest,yellow_basket,604,0,0,6,5,53,5,1,,,,,,,,,,,,,,,,,,,,,,,,,,,,,,,,,,,,,,,,,,,,,,,,,,,,,,,,,,,,,,,,,,,,,
,,,,,,,,,,,,,,,,,,,,,,,,,,,,,,,,,,,,,,,,,,,,,,,,,,,,,,,,,,,,,,,,,,358696,001,2024-11-25_10h08.06.026,experiment,2023.2.3,Win32,58.82352941,664cd1c6545aa0f362493dd9,67446fa89e86ac01e4128331,6744b006966c922b21271303,,,,,,,,,,,,,,,,,,,,,,,,,,,,,,,,,,,,,,,,,,1,,,,,,,,,,,,,2,,,,,,,,,,,,,,,,,,,,,,,,,,,,,,,,,,,,,,,,,,,,,,,k,0.8998,,space,0.5607,,2,blue_gnome,2,1,bright_forest,yellow_basket,pink_gnome,2,7,dark_forest,red_basket,7,0,0,1,pink_gnome,dark_forest,red_basket,611,-1,0,6,6,54,1,1,,,,,,,,,,,,,,,,,,,,,,,,,,,,,,,,,,,,,,,,,,,,,,,,,,,,,,,,,,,,,,,,,,,,,
,,,,,,,,,,,,,,,,,,,,,,,,,,,,,,,,,,,,,,,,,,,,,,,,,,,,,,,,,,,,,,,,,,358696,001,2024-11-25_10h08.06.026,experiment,2023.2.3,Win32,58.82352941,664cd1c6545aa0f362493dd9,67446fa89e86ac01e4128331,6744b006966c922b21271303,,,,,,,,,,,,,,,,,,,,,,,,,,,,,,,,,,,,,,,,,,1,,,,,,,,,,,,,1,,,,,,,,,,,,,,,,,,,,,,,,,,,,,,,,,,,,,,,,,,,,,,,s,1.3793,,space,0.4073,,1,orange_gnome,1,7,dark_forest,red_basket,red_gnome,1,0,bright_forest,yellow_basket,7,0,0,1,orange_gnome,dark_forest,red_basket,618,2,-2,6,7,55,0,1,,,,,,,,,,,,,,,,,,,,,,,,,,,,,,,,,,,,,,,,,,,,,,,,,,,,,,,,,,,,,,,,,,,,,
,,,,,,,,,,,,,,,,,,,,,,,,,,,,,,,,,,,,,,,,,,,,,,,,,,,,,,,,,,,,,,,,,,358696,001,2024-11-25_10h08.06.026,experiment,2023.2.3,Win32,58.82352941,664cd1c6545aa0f362493dd9,67446fa89e86ac01e4128331,6744b006966c922b21271303,,,,,,,,,,,,,,,,,,,,,,,,,,,,,,,,,,,,,,,,,,1,,,,,,,,,,,,,4,,,,,,,,,,,,,,,,,,,,,,,,,,,,,,,,,,,,,,,,,,,,,,,,,,,,,4,green_gnome,4,5,dark_forest,red_basket,brown_gnome,4,2,bright_forest,yellow_basket,0,1,0,0,,dark_forest,red_basket,618,-2,-1,7,0,56,3,1,,,,,,,,,,,,,,,,,,,,,,,,,,,,,,,,,,,,,,,,,,,,,,,,,,,,,,,,,,,,,,,,,,,,,
,,,,,,,,,,,,,,,,,,,,,,,,,,,,,,,,,,,,,,,,,,,,,,,,,,,,,,,,,,,,,,,,,,358696,001,2024-11-25_10h08.06.026,experiment,2023.2.3,Win32,58.82352941,664cd1c6545aa0f362493dd9,67446fa89e86ac01e4128331,6744b006966c922b21271303,,,,,,,,,,,,,,,,,,,,,,,,,,,,,,,,,,,,,,,,,,1,,,,,,,,,,,,,2,,,,,,,,,,,,,,,,,,,,,,,,,,,,,,,,,,,,,,,,,,,,,,,k,1.3408,,space,0.4048,,2,blue_gnome,2,0,bright_forest,yellow_basket,pink_gnome,2,4,dark_forest,red_basket,4,0,0,1,pink_gnome,dark_forest,red_basket,622,0,-6,7,1,57,1,1,,,,,,,,,,,,,,,,,,,,,,,,,,,,,,,,,,,,,,,,,,,,,,,,,,,,,,,,,,,,,,,,,,,,,
,,,,,,,,,,,,,,,,,,,,,,,,,,,,,,,,,,,,,,,,,,,,,,,,,,,,,,,,,,,,,,,,,,358696,001,2024-11-25_10h08.06.026,experiment,2023.2.3,Win32,58.82352941,664cd1c6545aa0f362493dd9,67446fa89e86ac01e4128331,6744b006966c922b21271303,,,,,,,,,,,,,,,,,,,,,,,,,,,,,,,,,,,,,,,,,,5,,,,,,,,,,,,,3,,,,,,,,,,,,,,,,,,,,,,,,,,,,,,,,,,,,,,,,,,,,,,,s,1.3061,,,,,3,purple_gnome,3,0,bright_forest,yellow_basket,yellow_gnome,3,2,dark_forest,red_basket,0,0,1,0,purple_gnome,bright_forest,yellow_basket,622,-2,0,7,2,58,6,1,,,,,,,,,,,,,,,,,,,,,,,,,,,,,,,,,,,,,,,,,,,,,,,,,,,,,,,,,,,,,,,,,,,,,
,,,,,,,,,,,,,,,,,,,,,,,,,,,,,,,,,,,,,,,,,,,,,,,,,,,,,,,,,,,,,,,,,,358696,001,2024-11-25_10h08.06.026,experiment,2023.2.3,Win32,58.82352941,664cd1c6545aa0f362493dd9,67446fa89e86ac01e4128331,6744b006966c922b21271303,,,,,,,,,,,,,,,,,,,,,,,,,,,,,,,,,,,,,,,,,,1,,,,,,,,,,,,,4,,,,,,,,,,,,,,,,,,,,,,,,,,,,,,,,,,,,,,,,,,,,,,,s,1.4988,,space,0.5847,,4,brown_gnome,4,2,bright_forest,yellow_basket,green_gnome,4,2,dark_forest,red_basket,2,0,0,1,brown_gnome,bright_forest,yellow_basket,624,1,0,7,3,59,3,1,,,,,,,,,,,,,,,,,,,,,,,,,,,,,,,,,,,,,,,,,,,,,,,,,,,,,,,,,,,,,,,,,,,,,
,,,,,,,,,,,,,,,,,,,,,,,,,,,,,,,,,,,,,,,,,,,,,,,,,,,,,,,,,,,,,,,,,,358696,001,2024-11-25_10h08.06.026,experiment,2023.2.3,Win32,58.82352941,664cd1c6545aa0f362493dd9,67446fa89e86ac01e4128331,6744b006966c922b21271303,,,,,,,,,,,,,,,,,,,,,,,,,,,,,,,,,,,,,,,,,,1,,,,,,,,,,,,,4,,,,,,,,,,,,,,,,,,,,,,,,,,,,,,,,,,,,,,,,,,,,,,,k,1.1792,,space,0.0681,,4,brown_gnome,4,3,bright_forest,yellow_basket,green_gnome,4,2,dark_forest,red_basket,2,0,0,1,green_gnome,dark_forest,red_basket,626,1,0,7,4,60,3,1,,,,,,,,,,,,,,,,,,,,,,,,,,,,,,,,,,,,,,,,,,,,,,,,,,,,,,,,,,,,,,,,,,,,,
,,,,,,,,,,,,,,,,,,,,,,,,,,,,,,,,,,,,,,,,,,,,,,,,,,,,,,,,,,,,,,,,,,358696,001,2024-11-25_10h08.06.026,experiment,2023.2.3,Win32,58.82352941,664cd1c6545aa0f362493dd9,67446fa89e86ac01e4128331,6744b006966c922b21271303,,,,,,,,,,,,,,,,,,,,,,,,,,,,,,,,,,,,,,,,,,1,,,,,,,,,,,,,3,,,,,,,,,,,,,,,,,,,,,,,,,,,,,,,,,,,,,,,,,,,,,,,k,1.4517,,space,0.4388,,3,yellow_gnome,3,2,dark_forest,red_basket,purple_gnome,3,4,bright_forest,yellow_basket,4,0,0,1,purple_gnome,bright_forest,yellow_basket,630,1,1,7,5,61,2,1,,,,,,,,,,,,,,,,,,,,,,,,,,,,,,,,,,,,,,,,,,,,,,,,,,,,,,,,,,,,,,,,,,,,,
,,,,,,,,,,,,,,,,,,,,,,,,,,,,,,,,,,,,,,,,,,,,,,,,,,,,,,,,,,,,,,,,,,358696,001,2024-11-25_10h08.06.026,experiment,2023.2.3,Win32,58.82352941,664cd1c6545aa0f362493dd9,67446fa89e86ac01e4128331,6744b006966c922b21271303,,,,,,,,,,,,,,,,,,,,,,,,,,,,,,,,,,,,,,,,,,5,,,,,,,,,,,,,4,,,,,,,,,,,,,,,,,,,,,,,,,,,,,,,,,,,,,,,,,,,,,,,s,0.529,,space,0.356,,4,brown_gnome,4,5,bright_forest,yellow_basket,green_gnome,4,3,dark_forest,red_basket,25,0,0,1,brown_gnome,bright_forest,yellow_basket,655,0,1,7,6,62,7,1,,,,,,,,,,,,,,,,,,,,,,,,,,,,,,,,,,,,,,,,,,,,,,,,,,,,,,,,,,,,,,,,,,,,,
,,,,,,,,,,,,,,,,,,,,,,,,,,,,,,,,,,,,,,,,,,,,,,,,,,,,,,,,,,,,,,,,,,358696,001,2024-11-25_10h08.06.026,experiment,2023.2.3,Win32,58.82352941,664cd1c6545aa0f362493dd9,67446fa89e86ac01e4128331,6744b006966c922b21271303,,,,,,,,,,,,,,,,,,,,,,,,,,,,,,,,,,,,,,,,,,1,,,,,,,,,,,,,2,,,,,,,,,,,,,,,,,,,,,,,,,,,,,,,,,,,,,,,,,,,,,,,,,,,,,2,pink_gnome,2,4,dark_forest,red_basket,blue_gnome,2,5,bright_forest,yellow_basket,0,1,0,0,,bright_forest,yellow_basket,655,-3,-1,7,7,63,1,1,space,48.1531,,,,,,,,,,,,,,,,,,,,,,,,,,,,,,,,,,,,,,,,,,,,,,,,,,,,,,,,,,,,,,,,,,,
,,,,,,,,,,,,,,,,,,,,,,,,,,,,,,,,,,,,,,,,,,,,,,,,,,,,,,,,,,,,,,,,,,358696,001,2024-11-25_10h08.06.026,experiment,2023.2.3,Win32,58.82352941,664cd1c6545aa0f362493dd9,67446fa89e86ac01e4128331,6744b006966c922b21271303,,,,,,,,,,,,,,,,,,,,,,,,,,,,,,,,,,,,,,,,,,1,,,,,,,,,,,,,3,,,,,,,,,,,,,,,,,,,,,,,,,,,,,,,,,,,,,,,,,,,,,,,k,0.9128,,space,0.5338,,3,yellow_gnome,3,3,dark_forest,red_basket,purple_gnome,3,2,bright_forest,yellow_basket,2,0,0,1,purple_gnome,bright_forest,yellow_basket,657,1,-2,8,0,64,2,1,,,,,,,,,,,,,,,,,,,,,,,,,,,,,,,,,,,,,,,,,,,,,,,,,,,,,,,,,,,,,,,,,,,,,
,,,,,,,,,,,,,,,,,,,,,,,,,,,,,,,,,,,,,,,,,,,,,,,,,,,,,,,,,,,,,,,,,,358696,001,2024-11-25_10h08.06.026,experiment,2023.2.3,Win32,58.82352941,664cd1c6545aa0f362493dd9,67446fa89e86ac01e4128331,6744b006966c922b21271303,,,,,,,,,,,,,,,,,,,,,,,,,,,,,,,,,,,,,,,,,,5,,,,,,,,,,,,,1,,,,,,,,,,,,,,,,,,,,,,,,,,,,,,,,,,,,,,,,,,,,,,,s,1.0597,,space,0.1677,,1,orange_gnome,1,1,dark_forest,red_basket,red_gnome,1,3,bright_forest,yellow_basket,5,0,0,1,orange_gnome,dark_forest,red_basket,662,-3,1,8,1,65,4,1,,,,,,,,,,,,,,,,,,,,,,,,,,,,,,,,,,,,,,,,,,,,,,,,,,,,,,,,,,,,,,,,,,,,,
,,,,,,,,,,,,,,,,,,,,,,,,,,,,,,,,,,,,,,,,,,,,,,,,,,,,,,,,,,,,,,,,,,358696,001,2024-11-25_10h08.06.026,experiment,2023.2.3,Win32,58.82352941,664cd1c6545aa0f362493dd9,67446fa89e86ac01e4128331,6744b006966c922b21271303,,,,,,,,,,,,,,,,,,,,,,,,,,,,,,,,,,,,,,,,,,1,,,,,,,,,,,,,3,,,,,,,,,,,,,,,,,,,,,,,,,,,,,,,,,,,,,,,,,,,,,,,k,0.8264,,space,0.5749,,3,yellow_gnome,3,2,dark_forest,red_basket,purple_gnome,3,0,bright_forest,yellow_basket,0,0,0,1,purple_gnome,bright_forest,yellow_basket,662,0,-5,8,2,66,2,1,,,,,,,,,,,,,,,,,,,,,,,,,,,,,,,,,,,,,,,,,,,,,,,,,,,,,,,,,,,,,,,,,,,,,
,,,,,,,,,,,,,,,,,,,,,,,,,,,,,,,,,,,,,,,,,,,,,,,,,,,,,,,,,,,,,,,,,,358696,001,2024-11-25_10h08.06.026,experiment,2023.2.3,Win32,58.82352941,664cd1c6545aa0f362493dd9,67446fa89e86ac01e4128331,6744b006966c922b21271303,,,,,,,,,,,,,,,,,,,,,,,,,,,,,,,,,,,,,,,,,,1,,,,,,,,,,,,,4,,,,,,,,,,,,,,,,,,,,,,,,,,,,,,,,,,,,,,,,,,,,,,,s,0.8569,,space,0.1501,,4,brown_gnome,4,0,bright_forest,yellow_basket,green_gnome,4,3,dark_forest,red_basket,0,0,0,1,brown_gnome,bright_forest,yellow_basket,662,-3,0,8,3,67,3,1,,,,,,,,,,,,,,,,,,,,,,,,,,,,,,,,,,,,,,,,,,,,,,,,,,,,,,,,,,,,,,,,,,,,,
,,,,,,,,,,,,,,,,,,,,,,,,,,,,,,,,,,,,,,,,,,,,,,,,,,,,,,,,,,,,,,,,,,358696,001,2024-11-25_10h08.06.026,experiment,2023.2.3,Win32,58.82352941,664cd1c6545aa0f362493dd9,67446fa89e86ac01e4128331,6744b006966c922b21271303,,,,,,,,,,,,,,,,,,,,,,,,,,,,,,,,,,,,,,,,,,1,,,,,,,,,,,,,4,,,,,,,,,,,,,,,,,,,,,,,,,,,,,,,,,,,,,,,,,,,,,,,s,0.647,,space,0.3079,,4,green_gnome,4,3,dark_forest,red_basket,brown_gnome,4,3,bright_forest,yellow_basket,3,0,0,1,green_gnome,dark_forest,red_basket,665,0,-1,8,4,68,3,1,,,,,,,,,,,,,,,,,,,,,,,,,,,,,,,,,,,,,,,,,,,,,,,,,,,,,,,,,,,,,,,,,,,,,
,,,,,,,,,,,,,,,,,,,,,,,,,,,,,,,,,,,,,,,,,,,,,,,,,,,,,,,,,,,,,,,,,,358696,001,2024-11-25_10h08.06.026,experiment,2023.2.3,Win32,58.82352941,664cd1c6545aa0f362493dd9,67446fa89e86ac01e4128331,6744b006966c922b21271303,,,,,,,,,,,,,,,,,,,,,,,,,,,,,,,,,,,,,,,,,,5,,,,,,,,,,,,,2,,,,,,,,,,,,,,,,,,,,,,,,,,,,,,,,,,,,,,,,,,,,,,,s,0.8903,,space,0.2911,,2,blue_gnome,2,3,bright_forest,yellow_basket,pink_gnome,2,2,dark_forest,red_basket,15,0,0,1,blue_gnome,bright_forest,yellow_basket,680,0,0,8,5,69,5,1,,,,,,,,,,,,,,,,,,,,,,,,,,,,,,,,,,,,,,,,,,,,,,,,,,,,,,,,,,,,,,,,,,,,,
,,,,,,,,,,,,,,,,,,,,,,,,,,,,,,,,,,,,,,,,,,,,,,,,,,,,,,,,,,,,,,,,,,358696,001,2024-11-25_10h08.06.026,experiment,2023.2.3,Win32,58.82352941,664cd1c6545aa0f362493dd9,67446fa89e86ac01e4128331,6744b006966c922b21271303,,,,,,,,,,,,,,,,,,,,,,,,,,,,,,,,,,,,,,,,,,1,,,,,,,,,,,,,2,,,,,,,,,,,,,,,,,,,,,,,,,,,,,,,,,,,,,,,,,,,,,,,s,0.8724,,space,0.4254,,2,pink_gnome,2,2,dark_forest,red_basket,blue_gnome,2,3,bright_forest,yellow_basket,2,0,0,1,pink_gnome,dark_forest,red_basket,682,-1,-2,8,6,70,1,1,,,,,,,,,,,,,,,,,,,,,,,,,,,,,,,,,,,,,,,,,,,,,,,,,,,,,,,,,,,,,,,,,,,,,
,,,,,,,,,,,,,,,,,,,,,,,,,,,,,,,,,,,,,,,,,,,,,,,,,,,,,,,,,,,,,,,,,,358696,001,2024-11-25_10h08.06.026,experiment,2023.2.3,Win32,58.82352941,664cd1c6545aa0f362493dd9,67446fa89e86ac01e4128331,6744b006966c922b21271303,,,,,,,,,,,,,,,,,,,,,,,,,,,,,,,,,,,,,,,,,,5,,,,,,,,,,,,,3,,,,,,,,,,,,,,,,,,,,,,,,,,,,,,,,,,,,,,,,,,,,,,,s,0.939,,space,0.2888,0.0012,3,purple_gnome,3,2,bright_forest,yellow_basket,yellow_gnome,3,0,dark_forest,red_basket,10,0,0,1,purple_gnome,bright_forest,yellow_basket,692,1,-2,8,7,71,6,1,,,,,,,,,,,,,,,,,,,,,,,,,,,,,,,,,,,,,,,,,,,,,,,,,,,,,,,,,,,,,,,,,,,,,
,,,,,,,,,,,,,,,,,,,,,,,,,,,,,,,,,,,,,,,,,,,,,,,,,,,,,,,,,,,,,,,,,,358696,001,2024-11-25_10h08.06.026,experiment,2023.2.3,Win32,58.82352941,664cd1c6545aa0f362493dd9,67446fa89e86ac01e4128331,6744b006966c922b21271303,,,,,,,,,,,,,,,,,,,,,,,,,,,,,,,,,,,,,,,,,,5,,,,,,,,,,,,,4,,,,,,,,,,,,,,,,,,,,,,,,,,,,,,,,,,,,,,,,,,,,,,,s,0.8116,,space,0.5309,,4,brown_gnome,4,3,bright_forest,yellow_basket,green_gnome,4,2,dark_forest,red_basket,15,0,0,1,brown_gnome,bright_forest,yellow_basket,707,2,-1,9,0,72,7,1,,,,,,,,,,,,,,,,,,,,,,,,,,,,,,,,,,,,,,,,,,,,,,,,,,,,,,,,,,,,,,,,,,,,,
,,,,,,,,,,,,,,,,,,,,,,,,,,,,,,,,,,,,,,,,,,,,,,,,,,,,,,,,,,,,,,,,,,358696,001,2024-11-25_10h08.06.026,experiment,2023.2.3,Win32,58.82352941,664cd1c6545aa0f362493dd9,67446fa89e86ac01e4128331,6744b006966c922b21271303,,,,,,,,,,,,,,,,,,,,,,,,,,,,,,,,,,,,,,,,,,5,,,,,,,,,,,,,3,,,,,,,,,,,,,,,,,,,,,,,,,,,,,,,,,,,,,,,,,,,,,,,s,1.1299,,space,0.6328,,3,purple_gnome,3,5,bright_forest,yellow_basket,yellow_gnome,3,1,dark_forest,red_basket,25,0,0,1,purple_gnome,bright_forest,yellow_basket,732,0,-1,9,1,73,6,1,,,,,,,,,,,,,,,,,,,,,,,,,,,,,,,,,,,,,,,,,,,,,,,,,,,,,,,,,,,,,,,,,,,,,
,,,,,,,,,,,,,,,,,,,,,,,,,,,,,,,,,,,,,,,,,,,,,,,,,,,,,,,,,,,,,,,,,,358696,001,2024-11-25_10h08.06.026,experiment,2023.2.3,Win32,58.82352941,664cd1c6545aa0f362493dd9,67446fa89e86ac01e4128331,6744b006966c922b21271303,,,,,,,,,,,,,,,,,,,,,,,,,,,,,,,,,,,,,,,,,,1,,,,,,,,,,,,,3,,,,,,,,,,,,,,,,,,,,,,,,,,,,,,,,,,,,,,,,,,,,,,,k,0.9429,,space,0.4589,,3,yellow_gnome,3,0,dark_forest,red_basket,purple_gnome,3,5,bright_forest,yellow_basket,5,0,0,1,purple_gnome,bright_forest,yellow_basket,737,-2,1,9,2,74,2,1,,,,,,,,,,,,,,,,,,,,,,,,,,,,,,,,,,,,,,,,,,,,,,,,,,,,,,,,,,,,,,,,,,,,,
,,,,,,,,,,,,,,,,,,,,,,,,,,,,,,,,,,,,,,,,,,,,,,,,,,,,,,,,,,,,,,,,,,358696,001,2024-11-25_10h08.06.026,experiment,2023.2.3,Win32,58.82352941,664cd1c6545aa0f362493dd9,67446fa89e86ac01e4128331,6744b006966c922b21271303,,,,,,,,,,,,,,,,,,,,,,,,,,,,,,,,,,,,,,,,,,1,,,,,,,,,,,,,3,,,,,,,,,,,,,,,,,,,,,,,,,,,,,,,,,,,,,,,,,,,,,,,s,0.4415,,space,0.5629,,3,purple_gnome,3,3,bright_forest,yellow_basket,yellow_gnome,3,1,dark_forest,red_basket,3,0,0,1,purple_gnome,bright_forest,yellow_basket,740,1,-3,9,3,75,2,1,,,,,,,,,,,,,,,,,,,,,,,,,,,,,,,,,,,,,,,,,,,,,,,,,,,,,,,,,,,,,,,,,,,,,
,,,,,,,,,,,,,,,,,,,,,,,,,,,,,,,,,,,,,,,,,,,,,,,,,,,,,,,,,,,,,,,,,,358696,001,2024-11-25_10h08.06.026,experiment,2023.2.3,Win32,58.82352941,664cd1c6545aa0f362493dd9,67446fa89e86ac01e4128331,6744b006966c922b21271303,,,,,,,,,,,,,,,,,,,,,,,,,,,,,,,,,,,,,,,,,,5,,,,,,,,,,,,,1,,,,,,,,,,,,,,,,,,,,,,,,,,,,,,,,,,,,,,,,,,,,,,,k,0.7404,,space,0.535,,1,orange_gnome,1,2,dark_forest,red_basket,red_gnome,1,4,bright_forest,yellow_basket,20,0,0,1,red_gnome,bright_forest,yellow_basket,760,0,-1,9,4,76,4,1,,,,,,,,,,,,,,,,,,,,,,,,,,,,,,,,,,,,,,,,,,,,,,,,,,,,,,,,,,,,,,,,,,,,,
,,,,,,,,,,,,,,,,,,,,,,,,,,,,,,,,,,,,,,,,,,,,,,,,,,,,,,,,,,,,,,,,,,358696,001,2024-11-25_10h08.06.026,experiment,2023.2.3,Win32,58.82352941,664cd1c6545aa0f362493dd9,67446fa89e86ac01e4128331,6744b006966c922b21271303,,,,,,,,,,,,,,,,,,,,,,,,,,,,,,,,,,,,,,,,,,5,,,,,,,,,,,,,4,,,,,,,,,,,,,,,,,,,,,,,,,,,,,,,,,,,,,,,,,,,,,,,k,0.9949,,space,0.4558,,4,green_gnome,4,1,dark_forest,red_basket,brown_gnome,4,4,bright_forest,yellow_basket,20,0,0,1,brown_gnome,bright_forest,yellow_basket,780,2,-2,9,5,77,7,1,,,,,,,,,,,,,,,,,,,,,,,,,,,,,,,,,,,,,,,,,,,,,,,,,,,,,,,,,,,,,,,,,,,,,
,,,,,,,,,,,,,,,,,,,,,,,,,,,,,,,,,,,,,,,,,,,,,,,,,,,,,,,,,,,,,,,,,,358696,001,2024-11-25_10h08.06.026,experiment,2023.2.3,Win32,58.82352941,664cd1c6545aa0f362493dd9,67446fa89e86ac01e4128331,6744b006966c922b21271303,,,,,,,,,,,,,,,,,,,,,,,,,,,,,,,,,,,,,,,,,,1,,,,,,,,,,,,,4,,,,,,,,,,,,,,,,,,,,,,,,,,,,,,,,,,,,,,,,,,,,,,,s,0.8054,,space,0.5372,0.0017,4,brown_gnome,4,6,bright_forest,yellow_basket,green_gnome,4,1,dark_forest,red_basket,6,0,0,1,brown_gnome,bright_forest,yellow_basket,786,5,0,9,6,78,3,1,,,,,,,,,,,,,,,,,,,,,,,,,,,,,,,,,,,,,,,,,,,,,,,,,,,,,,,,,,,,,,,,,,,,,
,,,,,,,,,,,,,,,,,,,,,,,,,,,,,,,,,,,,,,,,,,,,,,,,,,,,,,,,,,,,,,,,,,358696,001,2024-11-25_10h08.06.026,experiment,2023.2.3,Win32,58.82352941,664cd1c6545aa0f362493dd9,67446fa89e86ac01e4128331,6744b006966c922b21271303,,,,,,,,,,,,,,,,,,,,,,,,,,,,,,,,,,,,,,,,,,5,,,,,,,,,,,,,1,,,,,,,,,,,,,,,,,,,,,,,,,,,,,,,,,,,,,,,,,,,,,,,k,0.5848,,space,1.0532,,1,orange_gnome,1,1,dark_forest,red_basket,red_gnome,1,7,bright_forest,yellow_basket,35,0,0,1,red_gnome,bright_forest,yellow_basket,821,-1,-2,9,7,79,4,1,,,,,,,,,,,,,,,,,,,,,,,,,,,,,,,,,,,,,,,,,,,,,,,,,,,,,,,,,,,,,,,,,,,,,
,,,,,,,,,,,,,,,,,,,,,,,,,,,,,,,,,,,,,,,,,,,,,,,,,,,,,,,,,,,,,,,,,,358696,001,2024-11-25_10h08.06.026,experiment,2023.2.3,Win32,58.82352941,664cd1c6545aa0f362493dd9,67446fa89e86ac01e4128331,6744b006966c922b21271303,,,,,,,,,,,,,,,,,,,,,,,,,,,,,,,,,,,,,,,,,,5,,,,,,,,,,,,,1,,,,,,,,,,,,,,,,,,,,,,,,,,,,,,,,,,,,,,,,,,,,,,,s,0.8512,,space,0.6496,0.0011,1,red_gnome,1,6,bright_forest,yellow_basket,orange_gnome,1,1,dark_forest,red_basket,30,0,0,1,red_gnome,bright_forest,yellow_basket,851,1,-1,10,0,80,4,1,,,,,,,,,,,,,,,,,,,,,,,,,,,,,,,,,,,,,,,,,,,,,,,,,,,,,,,,,,,,,,,,,,,,,
,,,,,,,,,,,,,,,,,,,,,,,,,,,,,,,,,,,,,,,,,,,,,,,,,,,,,,,,,,,,,,,,,,358696,001,2024-11-25_10h08.06.026,experiment,2023.2.3,Win32,58.82352941,664cd1c6545aa0f362493dd9,67446fa89e86ac01e4128331,6744b006966c922b21271303,,,,,,,,,,,,,,,,,,,,,,,,,,,,,,,,,,,,,,,,,,5,,,,,,,,,,,,,1,,,,,,,,,,,,,,,,,,,,,,,,,,,,,,,,,,,,,,,,,,,,,,,k,0.9945,,space,0.5884,,1,orange_gnome,1,0,dark_forest,red_basket,red_gnome,1,7,bright_forest,yellow_basket,35,0,0,1,red_gnome,bright_forest,yellow_basket,886,1,2,10,1,81,4,1,,,,,,,,,,,,,,,,,,,,,,,,,,,,,,,,,,,,,,,,,,,,,,,,,,,,,,,,,,,,,,,,,,,,,
,,,,,,,,,,,,,,,,,,,,,,,,,,,,,,,,,,,,,,,,,,,,,,,,,,,,,,,,,,,,,,,,,,358696,001,2024-11-25_10h08.06.026,experiment,2023.2.3,Win32,58.82352941,664cd1c6545aa0f362493dd9,67446fa89e86ac01e4128331,6744b006966c922b21271303,,,,,,,,,,,,,,,,,,,,,,,,,,,,,,,,,,,,,,,,,,1,,,,,,,,,,,,,4,,,,,,,,,,,,,,,,,,,,,,,,,,,,,,,,,,,,,,,,,,,,,,,k,1.0631,,space,0.8512,,4,green_gnome,4,2,dark_forest,red_basket,brown_gnome,4,8,bright_forest,yellow_basket,8,0,0,1,brown_gnome,bright_forest,yellow_basket,894,1,-3,10,2,82,3,1,,,,,,,,,,,,,,,,,,,,,,,,,,,,,,,,,,,,,,,,,,,,,,,,,,,,,,,,,,,,,,,,,,,,,
,,,,,,,,,,,,,,,,,,,,,,,,,,,,,,,,,,,,,,,,,,,,,,,,,,,,,,,,,,,,,,,,,,358696,001,2024-11-25_10h08.06.026,experiment,2023.2.3,Win32,58.82352941,664cd1c6545aa0f362493dd9,67446fa89e86ac01e4128331,6744b006966c922b21271303,,,,,,,,,,,,,,,,,,,,,,,,,,,,,,,,,,,,,,,,,,5,,,,,,,,,,,,,2,,,,,,,,,,,,,,,,,,,,,,,,,,,,,,,,,,,,,,,,,,,,,,,s,1.14,,space,0.4411,,2,pink_gnome,2,1,dark_forest,red_basket,blue_gnome,2,9,bright_forest,yellow_basket,5,0,0,1,pink_gnome,dark_forest,red_basket,899,-1,-1,10,3,83,5,1,,,,,,,,,,,,,,,,,,,,,,,,,,,,,,,,,,,,,,,,,,,,,,,,,,,,,,,,,,,,,,,,,,,,,
,,,,,,,,,,,,,,,,,,,,,,,,,,,,,,,,,,,,,,,,,,,,,,,,,,,,,,,,,,,,,,,,,,358696,001,2024-11-25_10h08.06.026,experiment,2023.2.3,Win32,58.82352941,664cd1c6545aa0f362493dd9,67446fa89e86ac01e4128331,6744b006966c922b21271303,,,,,,,,,,,,,,,,,,,,,,,,,,,,,,,,,,,,,,,,,,1,,,,,,,,,,,,,1,,,,,,,,,,,,,,,,,,,,,,,,,,,,,,,,,,,,,,,,,,,,,,,s,1.1286,,space,0.9379,,1,red_gnome,1,8,bright_forest,yellow_basket,orange_gnome,1,0,dark_forest,red_basket,8,0,0,1,red_gnome,bright_forest,yellow_basket,907,-2,-1,10,4,84,0,1,,,,,,,,,,,,,,,,,,,,,,,,,,,,,,,,,,,,,,,,,,,,,,,,,,,,,,,,,,,,,,,,,,,,,
,,,,,,,,,,,,,,,,,,,,,,,,,,,,,,,,,,,,,,,,,,,,,,,,,,,,,,,,,,,,,,,,,,358696,001,2024-11-25_10h08.06.026,experiment,2023.2.3,Win32,58.82352941,664cd1c6545aa0f362493dd9,67446fa89e86ac01e4128331,6744b006966c922b21271303,,,,,,,,,,,,,,,,,,,,,,,,,,,,,,,,,,,,,,,,,,5,,,,,,,,,,,,,2,,,,,,,,,,,,,,,,,,,,,,,,,,,,,,,,,,,,,,,,,,,,,,,k,1.1987,,space,0.4519,,2,pink_gnome,2,1,dark_forest,red_basket,blue_gnome,2,6,bright_forest,yellow_basket,30,0,0,1,blue_gnome,bright_forest,yellow_basket,937,1,2,10,5,85,5,1,,,,,,,,,,,,,,,,,,,,,,,,,,,,,,,,,,,,,,,,,,,,,,,,,,,,,,,,,,,,,,,,,,,,,
,,,,,,,,,,,,,,,,,,,,,,,,,,,,,,,,,,,,,,,,,,,,,,,,,,,,,,,,,,,,,,,,,,358696,001,2024-11-25_10h08.06.026,experiment,2023.2.3,Win32,58.82352941,664cd1c6545aa0f362493dd9,67446fa89e86ac01e4128331,6744b006966c922b21271303,,,,,,,,,,,,,,,,,,,,,,,,,,,,,,,,,,,,,,,,,,1,,,,,,,,,,,,,1,,,,,,,,,,,,,,,,,,,,,,,,,,,,,,,,,,,,,,,,,,,,,,,s,1.007,,space,0.2883,,1,red_gnome,1,7,bright_forest,yellow_basket,orange_gnome,1,3,dark_forest,red_basket,7,0,0,1,red_gnome,bright_forest,yellow_basket,944,-1,0,10,6,86,0,1,,,,,,,,,,,,,,,,,,,,,,,,,,,,,,,,,,,,,,,,,,,,,,,,,,,,,,,,,,,,,,,,,,,,,
,,,,,,,,,,,,,,,,,,,,,,,,,,,,,,,,,,,,,,,,,,,,,,,,,,,,,,,,,,,,,,,,,,358696,001,2024-11-25_10h08.06.026,experiment,2023.2.3,Win32,58.82352941,664cd1c6545aa0f362493dd9,67446fa89e86ac01e4128331,6744b006966c922b21271303,,,,,,,,,,,,,,,,,,,,,,,,,,,,,,,,,,,,,,,,,,5,,,,,,,,,,,,,4,,,,,,,,,,,,,,,,,,,,,,,,,,,,,,,,,,,,,,,,,,,,,,,s,1.146,,space,0.4828,,4,brown_gnome,4,6,bright_forest,yellow_basket,green_gnome,4,3,dark_forest,red_basket,30,0,0,1,brown_gnome,bright_forest,yellow_basket,974,2,0,10,7,87,7,1,,,,,,,,,,,,,,,,,,,,,,,,,,,,,,,,,,,,,,,,,,,,,,,,,,,,,,,,,,,,,,,,,,,,,
,,,,,,,,,,,,,,,,,,,,,,,,,,,,,,,,,,,,,,,,,,,,,,,,,,,,,,,,,,,,,,,,,,358696,001,2024-11-25_10h08.06.026,experiment,2023.2.3,Win32,58.82352941,664cd1c6545aa0f362493dd9,67446fa89e86ac01e4128331,6744b006966c922b21271303,,,,,,,,,,,,,,,,,,,,,,,,,,,,,,,,,,,,,,,,,,5,,,,,,,,,,,,,4,,,,,,,,,,,,,,,,,,,,,,,,,,,,,,,,,,,,,,,,,,,,,,,k,0.6933,,space,0.8305,,4,green_gnome,4,3,dark_forest,red_basket,brown_gnome,4,8,bright_forest,yellow_basket,40,0,0,1,brown_gnome,bright_forest,yellow_basket,1014,1,-3,11,0,88,7,1,,,,,,,,,,,,,,,,,,,,,,,,,,,,,,,,,,,,,,,,,,,,,,,,,,,,,,,,,,,,,,,,,,,,,
,,,,,,,,,,,,,,,,,,,,,,,,,,,,,,,,,,,,,,,,,,,,,,,,,,,,,,,,,,,,,,,,,,358696,001,2024-11-25_10h08.06.026,experiment,2023.2.3,Win32,58.82352941,664cd1c6545aa0f362493dd9,67446fa89e86ac01e4128331,6744b006966c922b21271303,,,,,,,,,,,,,,,,,,,,,,,,,,,,,,,,,,,,,,,,,,1,,,,,,,,,,,,,4,,,,,,,,,,,,,,,,,,,,,,,,,,,,,,,,,,,,,,,,,,,,,,,k,0.7385,,space,0.9313,,4,green_gnome,4,0,dark_forest,red_basket,brown_gnome,4,9,bright_forest,yellow_basket,9,0,0,1,brown_gnome,bright_forest,yellow_basket,1023,-1,1,11,1,89,3,1,,,,,,,,,,,,,,,,,,,,,,,,,,,,,,,,,,,,,,,,,,,,,,,,,,,,,,,,,,,,,,,,,,,,,
,,,,,,,,,,,,,,,,,,,,,,,,,,,,,,,,,,,,,,,,,,,,,,,,,,,,,,,,,,,,,,,,,,358696,001,2024-11-25_10h08.06.026,experiment,2023.2.3,Win32,58.82352941,664cd1c6545aa0f362493dd9,67446fa89e86ac01e4128331,6744b006966c922b21271303,,,,,,,,,,,,,,,,,,,,,,,,,,,,,,,,,,,,,,,,,,5,,,,,,,,,,,,,4,,,,,,,,,,,,,,,,,,,,,,,,,,,,,,,,,,,,,,,,,,,,,,,s,0.6277,,space,0.3951,,4,brown_gnome,4,8,bright_forest,yellow_basket,green_gnome,4,1,dark_forest,red_basket,40,0,0,1,brown_gnome,bright_forest,yellow_basket,1063,0,-1,11,2,90,7,1,,,,,,,,,,,,,,,,,,,,,,,,,,,,,,,,,,,,,,,,,,,,,,,,,,,,,,,,,,,,,,,,,,,,,
,,,,,,,,,,,,,,,,,,,,,,,,,,,,,,,,,,,,,,,,,,,,,,,,,,,,,,,,,,,,,,,,,,358696,001,2024-11-25_10h08.06.026,experiment,2023.2.3,Win32,58.82352941,664cd1c6545aa0f362493dd9,67446fa89e86ac01e4128331,6744b006966c922b21271303,,,,,,,,,,,,,,,,,,,,,,,,,,,,,,,,,,,,,,,,,,5,,,,,,,,,,,,,4,,,,,,,,,,,,,,,,,,,,,,,,,,,,,,,,,,,,,,,,,,,,,,,k,0.6833,,space,0.497,,4,green_gnome,4,0,dark_forest,red_basket,brown_gnome,4,8,bright_forest,yellow_basket,40,0,0,1,brown_gnome,bright_forest,yellow_basket,1103,0,-2,11,3,91,7,1,,,,,,,,,,,,,,,,,,,,,,,,,,,,,,,,,,,,,,,,,,,,,,,,,,,,,,,,,,,,,,,,,,,,,
,,,,,,,,,,,,,,,,,,,,,,,,,,,,,,,,,,,,,,,,,,,,,,,,,,,,,,,,,,,,,,,,,,358696,001,2024-11-25_10h08.06.026,experiment,2023.2.3,Win32,58.82352941,664cd1c6545aa0f362493dd9,67446fa89e86ac01e4128331,6744b006966c922b21271303,,,,,,,,,,,,,,,,,,,,,,,,,,,,,,,,,,,,,,,,,,5,,,,,,,,,,,,,3,,,,,,,,,,,,,,,,,,,,,,,,,,,,,,,,,,,,,,,,,,,,,,,k,0.9084,,space,0.7753,,3,yellow_gnome,3,2,dark_forest,red_basket,purple_gnome,3,8,bright_forest,yellow_basket,40,0,0,1,purple_gnome,bright_forest,yellow_basket,1143,2,1,11,4,92,6,1,,,,,,,,,,,,,,,,,,,,,,,,,,,,,,,,,,,,,,,,,,,,,,,,,,,,,,,,,,,,,,,,,,,,,
,,,,,,,,,,,,,,,,,,,,,,,,,,,,,,,,,,,,,,,,,,,,,,,,,,,,,,,,,,,,,,,,,,358696,001,2024-11-25_10h08.06.026,experiment,2023.2.3,Win32,58.82352941,664cd1c6545aa0f362493dd9,67446fa89e86ac01e4128331,6744b006966c922b21271303,,,,,,,,,,,,,,,,,,,,,,,,,,,,,,,,,,,,,,,,,,5,,,,,,,,,,,,,4,,,,,,,,,,,,,,,,,,,,,,,,,,,,,,,,,,,,,,,,,,,,,,,s,0.7736,,space,0.4818,,4,brown_gnome,4,8,bright_forest,yellow_basket,green_gnome,4,3,dark_forest,red_basket,40,0,0,1,brown_gnome,bright_forest,yellow_basket,1183,-2,0,11,5,93,7,1,,,,,,,,,,,,,,,,,,,,,,,,,,,,,,,,,,,,,,,,,,,,,,,,,,,,,,,,,,,,,,,,,,,,,
,,,,,,,,,,,,,,,,,,,,,,,,,,,,,,,,,,,,,,,,,,,,,,,,,,,,,,,,,,,,,,,,,,358696,001,2024-11-25_10h08.06.026,experiment,2023.2.3,Win32,58.82352941,664cd1c6545aa0f362493dd9,67446fa89e86ac01e4128331,6744b006966c922b21271303,,,,,,,,,,,,,,,,,,,,,,,,,,,,,,,,,,,,,,,,,,5,,,,,,,,,,,,,1,,,,,,,,,,,,,,,,,,,,,,,,,,,,,,,,,,,,,,,,,,,,,,,k,0.998,,space,1.1402,,1,orange_gnome,1,3,dark_forest,red_basket,red_gnome,1,6,bright_forest,yellow_basket,30,0,0,1,red_gnome,bright_forest,yellow_basket,1213,2,-4,11,6,94,4,1,,,,,,,,,,,,,,,,,,,,,,,,,,,,,,,,,,,,,,,,,,,,,,,,,,,,,,,,,,,,,,,,,,,,,
,,,,,,,,,,,,,,,,,,,,,,,,,,,,,,,,,,,,,,,,,,,,,,,,,,,,,,,,,,,,,,,,,,358696,001,2024-11-25_10h08.06.026,experiment,2023.2.3,Win32,58.82352941,664cd1c6545aa0f362493dd9,67446fa89e86ac01e4128331,6744b006966c922b21271303,,,,,,,,,,,,,,,,,,,,,,,,,,,,,,,,,,,,,,,,,,1,,,,,,,,,,,,,3,,,,,,,,,,,,,,,,,,,,,,,,,,,,,,,,,,,,,,,,,,,,,,,s,0.8297,,space,1.0234,,3,purple_gnome,3,8,bright_forest,yellow_basket,yellow_gnome,3,1,dark_forest,red_basket,8,0,0,1,purple_gnome,bright_forest,yellow_basket,1221,-1,0,11,7,95,2,1,,,,,,,,,,,,,,,,,,,,,,,,,,,,,,,,,,,,,,,,,,,,,,,,,,,,,,,,,,,,,,,,,,,,,
,,,,,,,,,,,,,,,,,,,,,,,,,,,,,,,,,,,,,,,,,,,,,,,,,,,,,,,,,,,,,,,,,,358696,001,2024-11-25_10h08.06.026,experiment,2023.2.3,Win32,58.82352941,664cd1c6545aa0f362493dd9,67446fa89e86ac01e4128331,6744b006966c922b21271303,,,,,,,,,,,,,,,,,,,,,,,,,,,,,,,,,,,,,,,,,,1,,,,,,,,,,,,,1,,,,,,,,,,,,,,,,,,,,,,,,,,,,,,,,,,,,,,,,,,,,,,,k,0.8504,,space,0.6712,,1,orange_gnome,1,1,dark_forest,red_basket,red_gnome,1,7,bright_forest,yellow_basket,7,0,0,1,red_gnome,bright_forest,yellow_basket,1228,4,0,12,0,96,0,1,,,,,,,,,,,,,,,,,,,,,,,,,,,,,,,,,,,,,,,,,,,,,,,,,,,,,,,,,,,,,,,,,,,,,
,,,,,,,,,,,,,,,,,,,,,,,,,,,,,,,,,,,,,,,,,,,,,,,,,,,,,,,,,,,,,,,,,,358696,001,2024-11-25_10h08.06.026,experiment,2023.2.3,Win32,58.82352941,664cd1c6545aa0f362493dd9,67446fa89e86ac01e4128331,6744b006966c922b21271303,,,,,,,,,,,,,,,,,,,,,,,,,,,,,,,,,,,,,,,,,,5,,,,,,,,,,,,,1,,,,,,,,,,,,,,,,,,,,,,,,,,,,,,,,,,,,,,,,,,,,,,,k,0.8861,,space,0.528,,1,orange_gnome,1,1,dark_forest,red_basket,red_gnome,1,7,bright_forest,yellow_basket,35,0,0,1,red_gnome,bright_forest,yellow_basket,1263,3,-1,12,1,97,4,1,,,,,,,,,,,,,,,,,,,,,,,,,,,,,,,,,,,,,,,,,,,,,,,,,,,,,,,,,,,,,,,,,,,,,
,,,,,,,,,,,,,,,,,,,,,,,,,,,,,,,,,,,,,,,,,,,,,,,,,,,,,,,,,,,,,,,,,,358696,001,2024-11-25_10h08.06.026,experiment,2023.2.3,Win32,58.82352941,664cd1c6545aa0f362493dd9,67446fa89e86ac01e4128331,6744b006966c922b21271303,,,,,,,,,,,,,,,,,,,,,,,,,,,,,,,,,,,,,,,,,,5,,,,,,,,,,,,,1,,,,,,,,,,,,,,,,,,,,,,,,,,,,,,,,,,,,,,,,,,,,,,,s,0.8057,,space,0.813,,1,red_gnome,1,8,bright_forest,yellow_basket,orange_gnome,1,0,dark_forest,red_basket,40,0,0,1,red_gnome,bright_forest,yellow_basket,1303,2,4,12,2,98,4,1,,,,,,,,,,,,,,,,,,,,,,,,,,,,,,,,,,,,,,,,,,,,,,,,,,,,,,,,,,,,,,,,,,,,,
,,,,,,,,,,,,,,,,,,,,,,,,,,,,,,,,,,,,,,,,,,,,,,,,,,,,,,,,,,,,,,,,,,358696,001,2024-11-25_10h08.06.026,experiment,2023.2.3,Win32,58.82352941,664cd1c6545aa0f362493dd9,67446fa89e86ac01e4128331,6744b006966c922b21271303,,,,,,,,,,,,,,,,,,,,,,,,,,,,,,,,,,,,,,,,,,1,,,,,,,,,,,,,2,,,,,,,,,,,,,,,,,,,,,,,,,,,,,,,,,,,,,,,,,,,,,,,k,1.2717,,space,0.7417,,2,pink_gnome,2,4,dark_forest,red_basket,blue_gnome,2,8,bright_forest,yellow_basket,8,0,0,1,blue_gnome,bright_forest,yellow_basket,1311,3,-2,12,3,99,1,1,,,,,,,,,,,,,,,,,,,,,,,,,,,,,,,,,,,,,,,,,,,,,,,,,,,,,,,,,,,,,,,,,,,,,
,,,,,,,,,,,,,,,,,,,,,,,,,,,,,,,,,,,,,,,,,,,,,,,,,,,,,,,,,,,,,,,,,,358696,001,2024-11-25_10h08.06.026,experiment,2023.2.3,Win32,58.82352941,664cd1c6545aa0f362493dd9,67446fa89e86ac01e4128331,6744b006966c922b21271303,,,,,,,,,,,,,,,,,,,,,,,,,,,,,,,,,,,,,,,,,,5,,,,,,,,,,,,,3,,,,,,,,,,,,,,,,,,,,,,,,,,,,,,,,,,,,,,,,,,,,,,,s,0.9085,,space,0.5592,,3,purple_gnome,3,7,bright_forest,yellow_basket,yellow_gnome,3,2,dark_forest,red_basket,35,0,0,1,purple_gnome,bright_forest,yellow_basket,1346,-1,-3,12,4,100,6,1,,,,,,,,,,,,,,,,,,,,,,,,,,,,,,,,,,,,,,,,,,,,,,,,,,,,,,,,,,,,,,,,,,,,,
,,,,,,,,,,,,,,,,,,,,,,,,,,,,,,,,,,,,,,,,,,,,,,,,,,,,,,,,,,,,,,,,,,358696,001,2024-11-25_10h08.06.026,experiment,2023.2.3,Win32,58.82352941,664cd1c6545aa0f362493dd9,67446fa89e86ac01e4128331,6744b006966c922b21271303,,,,,,,,,,,,,,,,,,,,,,,,,,,,,,,,,,,,,,,,,,5,,,,,,,,,,,,,3,,,,,,,,,,,,,,,,,,,,,,,,,,,,,,,,,,,,,,,,,,,,,,,s,0.7656,,space,0.6534,0.0012,3,purple_gnome,3,6,bright_forest,yellow_basket,yellow_gnome,3,1,dark_forest,red_basket,30,0,0,1,purple_gnome,bright_forest,yellow_basket,1376,0,2,12,5,101,6,1,,,,,,,,,,,,,,,,,,,,,,,,,,,,,,,,,,,,,,,,,,,,,,,,,,,,,,,,,,,,,,,,,,,,,
,,,,,,,,,,,,,,,,,,,,,,,,,,,,,,,,,,,,,,,,,,,,,,,,,,,,,,,,,,,,,,,,,,358696,001,2024-11-25_10h08.06.026,experiment,2023.2.3,Win32,58.82352941,664cd1c6545aa0f362493dd9,67446fa89e86ac01e4128331,6744b006966c922b21271303,,,,,,,,,,,,,,,,,,,,,,,,,,,,,,,,,,,,,,,,,,5,,,,,,,,,,,,,3,,,,,,,,,,,,,,,,,,,,,,,,,,,,,,,,,,,,,,,,,,,,,,,k,1.0166,,space,1.3851,,3,yellow_gnome,3,3,dark_forest,red_basket,purple_gnome,3,6,bright_forest,yellow_basket,30,0,0,1,purple_gnome,bright_forest,yellow_basket,1406,-1,1,12,6,102,6,1,,,,,,,,,,,,,,,,,,,,,,,,,,,,,,,,,,,,,,,,,,,,,,,,,,,,,,,,,,,,,,,,,,,,,
,,,,,,,,,,,,,,,,,,,,,,,,,,,,,,,,,,,,,,,,,,,,,,,,,,,,,,,,,,,,,,,,,,358696,001,2024-11-25_10h08.06.026,experiment,2023.2.3,Win32,58.82352941,664cd1c6545aa0f362493dd9,67446fa89e86ac01e4128331,6744b006966c922b21271303,,,,,,,,,,,,,,,,,,,,,,,,,,,,,,,,,,,,,,,,,,1,,,,,,,,,,,,,3,,,,,,,,,,,,,,,,,,,,,,,,,,,,,,,,,,,,,,,,,,,,,,,k,0.9877,,space,0.4359,,3,purple_gnome,3,5,bright_forest,yellow_basket,yellow_gnome,3,4,dark_forest,red_basket,4,0,0,1,yellow_gnome,dark_forest,red_basket,1410,2,0,12,7,103,2,1,,,,,,,,,,,,,,,,,,,,,,,,,,,,,,,,,,,,,,,,,,,,,,,,,,,,,,,,,,,,,,,,,,,,,
,,,,,,,,,,,,,,,,,,,,,,,,,,,,,,,,,,,,,,,,,,,,,,,,,,,,,,,,,,,,,,,,,,358696,001,2024-11-25_10h08.06.026,experiment,2023.2.3,Win32,58.82352941,664cd1c6545aa0f362493dd9,67446fa89e86ac01e4128331,6744b006966c922b21271303,,,,,,,,,,,,,,,,,,,,,,,,,,,,,,,,,,,,,,,,,,1,,,,,,,,,,,,,3,,,,,,,,,,,,,,,,,,,,,,,,,,,,,,,,,,,,,,,,,,,,,,,k,0.8363,,space,0.4176,,3,yellow_gnome,3,4,dark_forest,red_basket,purple_gnome,3,7,bright_forest,yellow_basket,7,0,0,1,purple_gnome,bright_forest,yellow_basket,1417,1,2,13,0,104,2,1,,,,,,,,,,,,,,,,,,,,,,,,,,,,,,,,,,,,,,,,,,,,,,,,,,,,,,,,,,,,,,,,,,,,,
,,,,,,,,,,,,,,,,,,,,,,,,,,,,,,,,,,,,,,,,,,,,,,,,,,,,,,,,,,,,,,,,,,358696,001,2024-11-25_10h08.06.026,experiment,2023.2.3,Win32,58.82352941,664cd1c6545aa0f362493dd9,67446fa89e86ac01e4128331,6744b006966c922b21271303,,,,,,,,,,,,,,,,,,,,,,,,,,,,,,,,,,,,,,,,,,1,,,,,,,,,,,,,2,,,,,,,,,,,,,,,,,,,,,,,,,,,,,,,,,,,,,,,,,,,,,,,s,1.0147,,space,0.4216,,2,blue_gnome,2,8,bright_forest,yellow_basket,pink_gnome,2,6,dark_forest,red_basket,8,0,0,1,blue_gnome,bright_forest,yellow_basket,1425,-3,-1,13,1,105,1,1,,,,,,,,,,,,,,,,,,,,,,,,,,,,,,,,,,,,,,,,,,,,,,,,,,,,,,,,,,,,,,,,,,,,,
,,,,,,,,,,,,,,,,,,,,,,,,,,,,,,,,,,,,,,,,,,,,,,,,,,,,,,,,,,,,,,,,,,358696,001,2024-11-25_10h08.06.026,experiment,2023.2.3,Win32,58.82352941,664cd1c6545aa0f362493dd9,67446fa89e86ac01e4128331,6744b006966c922b21271303,,,,,,,,,,,,,,,,,,,,,,,,,,,,,,,,,,,,,,,,,,1,,,,,,,,,,,,,2,,,,,,,,,,,,,,,,,,,,,,,,,,,,,,,,,,,,,,,,,,,,,,,s,0.9456,,space,0.5121,,2,blue_gnome,2,5,bright_forest,yellow_basket,pink_gnome,2,5,dark_forest,red_basket,5,0,0,1,blue_gnome,bright_forest,yellow_basket,1430,-2,1,13,2,106,1,1,,,,,,,,,,,,,,,,,,,,,,,,,,,,,,,,,,,,,,,,,,,,,,,,,,,,,,,,,,,,,,,,,,,,,
,,,,,,,,,,,,,,,,,,,,,,,,,,,,,,,,,,,,,,,,,,,,,,,,,,,,,,,,,,,,,,,,,,358696,001,2024-11-25_10h08.06.026,experiment,2023.2.3,Win32,58.82352941,664cd1c6545aa0f362493dd9,67446fa89e86ac01e4128331,6744b006966c922b21271303,,,,,,,,,,,,,,,,,,,,,,,,,,,,,,,,,,,,,,,,,,5,,,,,,,,,,,,,4,,,,,,,,,,,,,,,,,,,,,,,,,,,,,,,,,,,,,,,,,,,,,,,k,0.9665,,space,0.3531,,4,green_gnome,4,6,dark_forest,red_basket,brown_gnome,4,3,bright_forest,yellow_basket,15,0,0,1,brown_gnome,bright_forest,yellow_basket,1445,2,-4,13,3,107,7,1,,,,,,,,,,,,,,,,,,,,,,,,,,,,,,,,,,,,,,,,,,,,,,,,,,,,,,,,,,,,,,,,,,,,,
,,,,,,,,,,,,,,,,,,,,,,,,,,,,,,,,,,,,,,,,,,,,,,,,,,,,,,,,,,,,,,,,,,358696,001,2024-11-25_10h08.06.026,experiment,2023.2.3,Win32,58.82352941,664cd1c6545aa0f362493dd9,67446fa89e86ac01e4128331,6744b006966c922b21271303,,,,,,,,,,,,,,,,,,,,,,,,,,,,,,,,,,,,,,,,,,1,,,,,,,,,,,,,4,,,,,,,,,,,,,,,,,,,,,,,,,,,,,,,,,,,,,,,,,,,,,,,k,1.1287,,space,0.3014,,4,brown_gnome,4,5,bright_forest,yellow_basket,green_gnome,4,2,dark_forest,red_basket,2,0,0,1,green_gnome,dark_forest,red_basket,1447,0,3,13,4,108,3,1,,,,,,,,,,,,,,,,,,,,,,,,,,,,,,,,,,,,,,,,,,,,,,,,,,,,,,,,,,,,,,,,,,,,,
,,,,,,,,,,,,,,,,,,,,,,,,,,,,,,,,,,,,,,,,,,,,,,,,,,,,,,,,,,,,,,,,,,358696,001,2024-11-25_10h08.06.026,experiment,2023.2.3,Win32,58.82352941,664cd1c6545aa0f362493dd9,67446fa89e86ac01e4128331,6744b006966c922b21271303,,,,,,,,,,,,,,,,,,,,,,,,,,,,,,,,,,,,,,,,,,1,,,,,,,,,,,,,4,,,,,,,,,,,,,,,,,,,,,,,,,,,,,,,,,,,,,,,,,,,,,,,s,0.7398,,space,0.282,,4,brown_gnome,4,5,bright_forest,yellow_basket,green_gnome,4,5,dark_forest,red_basket,5,0,0,1,brown_gnome,bright_forest,yellow_basket,1452,-1,-2,13,5,109,3,1,,,,,,,,,,,,,,,,,,,,,,,,,,,,,,,,,,,,,,,,,,,,,,,,,,,,,,,,,,,,,,,,,,,,,
,,,,,,,,,,,,,,,,,,,,,,,,,,,,,,,,,,,,,,,,,,,,,,,,,,,,,,,,,,,,,,,,,,358696,001,2024-11-25_10h08.06.026,experiment,2023.2.3,Win32,58.82352941,664cd1c6545aa0f362493dd9,67446fa89e86ac01e4128331,6744b006966c922b21271303,,,,,,,,,,,,,,,,,,,,,,,,,,,,,,,,,,,,,,,,,,1,,,,,,,,,,,,,3,,,,,,,,,,,,,,,,,,,,,,,,,,,,,,,,,,,,,,,,,,,,,,,s,0.8214,,space,0.4856,,3,purple_gnome,3,4,bright_forest,yellow_basket,yellow_gnome,3,3,dark_forest,red_basket,4,0,0,1,purple_gnome,bright_forest,yellow_basket,1456,0,1,13,6,110,2,1,,,,,,,,,,,,,,,,,,,,,,,,,,,,,,,,,,,,,,,,,,,,,,,,,,,,,,,,,,,,,,,,,,,,,
,,,,,,,,,,,,,,,,,,,,,,,,,,,,,,,,,,,,,,,,,,,,,,,,,,,,,,,,,,,,,,,,,,358696,001,2024-11-25_10h08.06.026,experiment,2023.2.3,Win32,58.82352941,664cd1c6545aa0f362493dd9,67446fa89e86ac01e4128331,6744b006966c922b21271303,,,,,,,,,,,,,,,,,,,,,,,,,,,,,,,,,,,,,,,,,,5,,,,,,,,,,,,,2,,,,,,,,,,,,,,,,,,,,,,,,,,,,,,,,,,,,,,,,,,,,,,,s,0.8957,,space,0.247,,2,blue_gnome,2,4,bright_forest,yellow_basket,pink_gnome,2,4,dark_forest,red_basket,20,0,0,1,blue_gnome,bright_forest,yellow_basket,1476,-1,2,13,7,111,5,1,,,,,,,,,,,,,,,,,,,,,,,,,,,,,,,,,,,,,,,,,,,,,,,,,,,,,,,,,,,,,,,,,,,,,
,,,,,,,,,,,,,,,,,,,,,,,,,,,,,,,,,,,,,,,,,,,,,,,,,,,,,,,,,,,,,,,,,,358696,001,2024-11-25_10h08.06.026,experiment,2023.2.3,Win32,58.82352941,664cd1c6545aa0f362493dd9,67446fa89e86ac01e4128331,6744b006966c922b21271303,,,,,,,,,,,,,,,,,,,,,,,,,,,,,,,,,,,,,,,,,,1,,,,,,,,,,,,,2,,,,,,,,,,,,,,,,,,,,,,,,,,,,,,,,,,,,,,,,,,,,,,,k,1.2302,,space,1.2863,,2,pink_gnome,2,6,dark_forest,red_basket,blue_gnome,2,3,bright_forest,yellow_basket,3,0,0,1,blue_gnome,bright_forest,yellow_basket,1479,3,5,14,0,112,1,1,,,,,,,,,,,,,,,,,,,,,,,,,,,,,,,,,,,,,,,,,,,,,,,,,,,,,,,,,,,,,,,,,,,,,
,,,,,,,,,,,,,,,,,,,,,,,,,,,,,,,,,,,,,,,,,,,,,,,,,,,,,,,,,,,,,,,,,,358696,001,2024-11-25_10h08.06.026,experiment,2023.2.3,Win32,58.82352941,664cd1c6545aa0f362493dd9,67446fa89e86ac01e4128331,6744b006966c922b21271303,,,,,,,,,,,,,,,,,,,,,,,,,,,,,,,,,,,,,,,,,,1,,,,,,,,,,,,,1,,,,,,,,,,,,,,,,,,,,,,,,,,,,,,,,,,,,,,,,,,,,,,,s,1.3868,,space,0.2728,,1,orange_gnome,1,7,dark_forest,red_basket,red_gnome,1,6,bright_forest,yellow_basket,7,0,0,1,orange_gnome,dark_forest,red_basket,1486,1,1,14,1,113,0,1,,,,,,,,,,,,,,,,,,,,,,,,,,,,,,,,,,,,,,,,,,,,,,,,,,,,,,,,,,,,,,,,,,,,,
,,,,,,,,,,,,,,,,,,,,,,,,,,,,,,,,,,,,,,,,,,,,,,,,,,,,,,,,,,,,,,,,,,358696,001,2024-11-25_10h08.06.026,experiment,2023.2.3,Win32,58.82352941,664cd1c6545aa0f362493dd9,67446fa89e86ac01e4128331,6744b006966c922b21271303,,,,,,,,,,,,,,,,,,,,,,,,,,,,,,,,,,,,,,,,,,1,,,,,,,,,,,,,4,,,,,,,,,,,,,,,,,,,,,,,,,,,,,,,,,,,,,,,,,,,,,,,s,0.9526,,space,0.9169,,4,green_gnome,4,8,dark_forest,red_basket,brown_gnome,4,7,bright_forest,yellow_basket,8,0,0,1,green_gnome,dark_forest,red_basket,1494,-2,0,14,2,114,3,1,,,,,,,,,,,,,,,,,,,,,,,,,,,,,,,,,,,,,,,,,,,,,,,,,,,,,,,,,,,,,,,,,,,,,
,,,,,,,,,,,,,,,,,,,,,,,,,,,,,,,,,,,,,,,,,,,,,,,,,,,,,,,,,,,,,,,,,,358696,001,2024-11-25_10h08.06.026,experiment,2023.2.3,Win32,58.82352941,664cd1c6545aa0f362493dd9,67446fa89e86ac01e4128331,6744b006966c922b21271303,,,,,,,,,,,,,,,,,,,,,,,,,,,,,,,,,,,,,,,,,,5,,,,,,,,,,,,,2,,,,,,,,,,,,,,,,,,,,,,,,,,,,,,,,,,,,,,,,,,,,,,,s,1.2469,,space,0.3005,,2,pink_gnome,2,8,dark_forest,red_basket,blue_gnome,2,5,bright_forest,yellow_basket,40,0,0,1,pink_gnome,dark_forest,red_basket,1534,0,0,14,3,115,5,1,,,,,,,,,,,,,,,,,,,,,,,,,,,,,,,,,,,,,,,,,,,,,,,,,,,,,,,,,,,,,,,,,,,,,
,,,,,,,,,,,,,,,,,,,,,,,,,,,,,,,,,,,,,,,,,,,,,,,,,,,,,,,,,,,,,,,,,,358696,001,2024-11-25_10h08.06.026,experiment,2023.2.3,Win32,58.82352941,664cd1c6545aa0f362493dd9,67446fa89e86ac01e4128331,6744b006966c922b21271303,,,,,,,,,,,,,,,,,,,,,,,,,,,,,,,,,,,,,,,,,,1,,,,,,,,,,,,,3,,,,,,,,,,,,,,,,,,,,,,,,,,,,,,,,,,,,,,,,,,,,,,,s,1.3003,,space,0.5621,,3,yellow_gnome,3,8,dark_forest,red_basket,purple_gnome,3,5,bright_forest,yellow_basket,8,0,0,1,yellow_gnome,dark_forest,red_basket,1542,-1,0,14,4,116,2,1,,,,,,,,,,,,,,,,,,,,,,,,,,,,,,,,,,,,,,,,,,,,,,,,,,,,,,,,,,,,,,,,,,,,,
,,,,,,,,,,,,,,,,,,,,,,,,,,,,,,,,,,,,,,,,,,,,,,,,,,,,,,,,,,,,,,,,,,358696,001,2024-11-25_10h08.06.026,experiment,2023.2.3,Win32,58.82352941,664cd1c6545aa0f362493dd9,67446fa89e86ac01e4128331,6744b006966c922b21271303,,,,,,,,,,,,,,,,,,,,,,,,,,,,,,,,,,,,,,,,,,1,,,,,,,,,,,,,2,,,,,,,,,,,,,,,,,,,,,,,,,,,,,,,,,,,,,,,,,,,,,,,s,1.4598,,space,0.5327,,2,pink_gnome,2,8,dark_forest,red_basket,blue_gnome,2,4,bright_forest,yellow_basket,8,0,0,1,pink_gnome,dark_forest,red_basket,1550,-1,0,14,5,117,1,1,,,,,,,,,,,,,,,,,,,,,,,,,,,,,,,,,,,,,,,,,,,,,,,,,,,,,,,,,,,,,,,,,,,,,
,,,,,,,,,,,,,,,,,,,,,,,,,,,,,,,,,,,,,,,,,,,,,,,,,,,,,,,,,,,,,,,,,,358696,001,2024-11-25_10h08.06.026,experiment,2023.2.3,Win32,58.82352941,664cd1c6545aa0f362493dd9,67446fa89e86ac01e4128331,6744b006966c922b21271303,,,,,,,,,,,,,,,,,,,,,,,,,,,,,,,,,,,,,,,,,,5,,,,,,,,,,,,,3,,,,,,,,,,,,,,,,,,,,,,,,,,,,,,,,,,,,,,,,,,,,,,,,,,,,,3,purple_gnome,3,3,bright_forest,yellow_basket,yellow_gnome,3,8,dark_forest,red_basket,0,1,0,0,,dark_forest,red_basket,1550,-2,-3,14,6,118,6,1,,,,,,,,,,,,,,,,,,,,,,,,,,,,,,,,,,,,,,,,,,,,,,,,,,,,,,,,,,,,,,,,,,,,,
,,,,,,,,,,,,,,,,,,,,,,,,,,,,,,,,,,,,,,,,,,,,,,,,,,,,,,,,,,,,,,,,,,358696,001,2024-11-25_10h08.06.026,experiment,2023.2.3,Win32,58.82352941,664cd1c6545aa0f362493dd9,67446fa89e86ac01e4128331,6744b006966c922b21271303,,,,,,,,,,,,,,,,,,,,,,,,,,,,,,,,,,,,,,,,,,1,,,,,,,,,,,,,3,,,,,,,,,,,,,,,,,,,,,,,,,,,,,,,,,,,,,,,,,,,,,,,k,1.117,,space,0.472,,3,purple_gnome,3,1,bright_forest,yellow_basket,yellow_gnome,3,5,dark_forest,red_basket,5,0,0,1,yellow_gnome,dark_forest,red_basket,1555,-4,0,14,7,119,2,1,,,,,,,,,,,,,,,,,,,,,,,,,,,,,,,,,,,,,,,,,,,,,,,,,,,,,,,,,,,,,,,,,,,,,
,,,,,,,,,,,,,,,,,,,,,,,,,,,,,,,,,,,,,,,,,,,,,,,,,,,,,,,,,,,,,,,,,,358696,001,2024-11-25_10h08.06.026,experiment,2023.2.3,Win32,58.82352941,664cd1c6545aa0f362493dd9,67446fa89e86ac01e4128331,6744b006966c922b21271303,,,,,,,,,,,,,,,,,,,,,,,,,,,,,,,,,,,,,,,,,,5,,,,,,,,,,,,,1,,,,,,,,,,,,,,,,,,,,,,,,,,,,,,,,,,,,,,,,,,,,,,,s,1.3101,,space,0.4409,,1,orange_gnome,1,5,dark_forest,red_basket,red_gnome,1,3,bright_forest,yellow_basket,25,0,0,1,orange_gnome,dark_forest,red_basket,1580,1,-1,15,0,120,4,1,,,,,,,,,,,,,,,,,,,,,,,,,,,,,,,,,,,,,,,,,,,,,,,,,,,,,,,,,,,,,,,,,,,,,
,,,,,,,,,,,,,,,,,,,,,,,,,,,,,,,,,,,,,,,,,,,,,,,,,,,,,,,,,,,,,,,,,,358696,001,2024-11-25_10h08.06.026,experiment,2023.2.3,Win32,58.82352941,664cd1c6545aa0f362493dd9,67446fa89e86ac01e4128331,6744b006966c922b21271303,,,,,,,,,,,,,,,,,,,,,,,,,,,,,,,,,,,,,,,,,,1,,,,,,,,,,,,,2,,,,,,,,,,,,,,,,,,,,,,,,,,,,,,,,,,,,,,,,,,,,,,,k,1.3746,,space,0.544,,2,pink_gnome,2,4,dark_forest,red_basket,blue_gnome,2,4,bright_forest,yellow_basket,4,0,0,1,blue_gnome,bright_forest,yellow_basket,1584,2,-2,15,1,121,1,1,,,,,,,,,,,,,,,,,,,,,,,,,,,,,,,,,,,,,,,,,,,,,,,,,,,,,,,,,,,,,,,,,,,,,
,,,,,,,,,,,,,,,,,,,,,,,,,,,,,,,,,,,,,,,,,,,,,,,,,,,,,,,,,,,,,,,,,,358696,001,2024-11-25_10h08.06.026,experiment,2023.2.3,Win32,58.82352941,664cd1c6545aa0f362493dd9,67446fa89e86ac01e4128331,6744b006966c922b21271303,,,,,,,,,,,,,,,,,,,,,,,,,,,,,,,,,,,,,,,,,,1,,,,,,,,,,,,,4,,,,,,,,,,,,,,,,,,,,,,,,,,,,,,,,,,,,,,,,,,,,,,,s,1.2027,,space,0.4841,0.0018,4,brown_gnome,4,6,bright_forest,yellow_basket,green_gnome,4,2,dark_forest,red_basket,6,0,0,1,brown_gnome,bright_forest,yellow_basket,1590,0,-1,15,2,122,3,1,,,,,,,,,,,,,,,,,,,,,,,,,,,,,,,,,,,,,,,,,,,,,,,,,,,,,,,,,,,,,,,,,,,,,
,,,,,,,,,,,,,,,,,,,,,,,,,,,,,,,,,,,,,,,,,,,,,,,,,,,,,,,,,,,,,,,,,,358696,001,2024-11-25_10h08.06.026,experiment,2023.2.3,Win32,58.82352941,664cd1c6545aa0f362493dd9,67446fa89e86ac01e4128331,6744b006966c922b21271303,,,,,,,,,,,,,,,,,,,,,,,,,,,,,,,,,,,,,,,,,,1,,,,,,,,,,,,,1,,,,,,,,,,,,,,,,,,,,,,,,,,,,,,,,,,,,,,,,,,,,,,,s,1.38,,space,0.7199,,1,red_gnome,1,6,bright_forest,yellow_basket,orange_gnome,1,1,dark_forest,red_basket,6,0,0,1,red_gnome,bright_forest,yellow_basket,1596,-1,-2,15,3,123,0,1,,,,,,,,,,,,,,,,,,,,,,,,,,,,,,,,,,,,,,,,,,,,,,,,,,,,,,,,,,,,,,,,,,,,,
,,,,,,,,,,,,,,,,,,,,,,,,,,,,,,,,,,,,,,,,,,,,,,,,,,,,,,,,,,,,,,,,,,358696,001,2024-11-25_10h08.06.026,experiment,2023.2.3,Win32,58.82352941,664cd1c6545aa0f362493dd9,67446fa89e86ac01e4128331,6744b006966c922b21271303,,,,,,,,,,,,,,,,,,,,,,,,,,,,,,,,,,,,,,,,,,1,,,,,,,,,,,,,1,,,,,,,,,,,,,,,,,,,,,,,,,,,,,,,,,,,,,,,,,,,,,,,s,1.1083,,space,0.4179,,1,orange_gnome,1,1,dark_forest,red_basket,red_gnome,1,5,bright_forest,yellow_basket,1,0,0,1,orange_gnome,dark_forest,red_basket,1597,0,0,15,4,124,0,1,,,,,,,,,,,,,,,,,,,,,,,,,,,,,,,,,,,,,,,,,,,,,,,,,,,,,,,,,,,,,,,,,,,,,
,,,,,,,,,,,,,,,,,,,,,,,,,,,,,,,,,,,,,,,,,,,,,,,,,,,,,,,,,,,,,,,,,,358696,001,2024-11-25_10h08.06.026,experiment,2023.2.3,Win32,58.82352941,664cd1c6545aa0f362493dd9,67446fa89e86ac01e4128331,6744b006966c922b21271303,,,,,,,,,,,,,,,,,,,,,,,,,,,,,,,,,,,,,,,,,,5,,,,,,,,,,,,,3,,,,,,,,,,,,,,,,,,,,,,,,,,,,,,,,,,,,,,,,,,,,,,,s,1.3548,,space,0.2773,,3,yellow_gnome,3,1,dark_forest,red_basket,purple_gnome,3,5,bright_forest,yellow_basket,5,0,0,1,yellow_gnome,dark_forest,red_basket,1602,-4,-2,15,5,125,6,1,,,,,,,,,,,,,,,,,,,,,,,,,,,,,,,,,,,,,,,,,,,,,,,,,,,,,,,,,,,,,,,,,,,,,
,,,,,,,,,,,,,,,,,,,,,,,,,,,,,,,,,,,,,,,,,,,,,,,,,,,,,,,,,,,,,,,,,,358696,001,2024-11-25_10h08.06.026,experiment,2023.2.3,Win32,58.82352941,664cd1c6545aa0f362493dd9,67446fa89e86ac01e4128331,6744b006966c922b21271303,,,,,,,,,,,,,,,,,,,,,,,,,,,,,,,,,,,,,,,,,,1,,,,,,,,,,,,,1,,,,,,,,,,,,,,,,,,,,,,,,,,,,,,,,,,,,,,,,,,,,,,,k,1.2078,,space,0.5026,0.0021,1,orange_gnome,1,1,dark_forest,red_basket,red_gnome,1,1,bright_forest,yellow_basket,1,0,0,1,red_gnome,bright_forest,yellow_basket,1603,-1,-2,15,6,126,0,1,,,,,,,,,,,,,,,,,,,,,,,,,,,,,,,,,,,,,,,,,,,,,,,,,,,,,,,,,,,,,,,,,,,,,
,,,,,,,,,,,,,,,,,,,,,,,,,,,,,,,,,,,,,,,,,,,,,,,,,,,,,,,,,,,,,,,,,,358696,001,2024-11-25_10h08.06.026,experiment,2023.2.3,Win32,58.82352941,664cd1c6545aa0f362493dd9,67446fa89e86ac01e4128331,6744b006966c922b21271303,,,,,,,,,,,,,,,,,,,,,,,,,,,,,,,,,,,,,,,,,,5,,,,,,,,,,,,,1,,,,,,,,,,,,,,,,,,,,,,,,,,,,,,,,,,,,,,,,,,,,,,,s,0.8648,,space,0.0549,,1,orange_gnome,1,1,dark_forest,red_basket,red_gnome,1,0,bright_forest,yellow_basket,5,0,0,1,orange_gnome,dark_forest,red_basket,1608,-3,1,15,7,127,4,1,space,16.5738,,,,,,,,,,,,,,,,,,,,,,,,,,,,,,,,,,,,,,,,,,,,,,,,,,,,,,,,,,,,,,,,,,,
,,,,,,,,,,,,,,,,,,,,,,,,,,,,,,,,,,,,,,,,,,,,,,,,,,,,,,,,,,,,,,,,,,358696,001,2024-11-25_10h08.06.026,experiment,2023.2.3,Win32,58.82352941,664cd1c6545aa0f362493dd9,67446fa89e86ac01e4128331,6744b006966c922b21271303,,,,,,,,,,,,,,,,,,,,,,,,,,,,,,,,,,,,,,,,,,5,,,,,,,,,,,,,2,,,,,,,,,,,,,,,,,,,,,,,,,,,,,,,,,,,,,,,,,,,,,,,s,1.1668,,space,0.6777,,2,pink_gnome,2,2,dark_forest,red_basket,blue_gnome,2,3,bright_forest,yellow_basket,10,0,0,1,pink_gnome,dark_forest,red_basket,1618,0,0,16,0,128,5,1,,,,,,,,,,,,,,,,,,,,,,,,,,,,,,,,,,,,,,,,,,,,,,,,,,,,,,,,,,,,,,,,,,,,,
,,,,,,,,,,,,,,,,,,,,,,,,,,,,,,,,,,,,,,,,,,,,,,,,,,,,,,,,,,,,,,,,,,358696,001,2024-11-25_10h08.06.026,experiment,2023.2.3,Win32,58.82352941,664cd1c6545aa0f362493dd9,67446fa89e86ac01e4128331,6744b006966c922b21271303,,,,,,,,,,,,,,,,,,,,,,,,,,,,,,,,,,,,,,,,,,1,,,,,,,,,,,,,2,,,,,,,,,,,,,,,,,,,,,,,,,,,,,,,,,,,,,,,,,,,,,,,k,0.9133,,space,0.4406,,2,pink_gnome,2,2,dark_forest,red_basket,blue_gnome,2,3,bright_forest,yellow_basket,3,0,0,1,blue_gnome,bright_forest,yellow_basket,1621,1,3,16,1,129,1,1,,,,,,,,,,,,,,,,,,,,,,,,,,,,,,,,,,,,,,,,,,,,,,,,,,,,,,,,,,,,,,,,,,,,,
,,,,,,,,,,,,,,,,,,,,,,,,,,,,,,,,,,,,,,,,,,,,,,,,,,,,,,,,,,,,,,,,,,358696,001,2024-11-25_10h08.06.026,experiment,2023.2.3,Win32,58.82352941,664cd1c6545aa0f362493dd9,67446fa89e86ac01e4128331,6744b006966c922b21271303,,,,,,,,,,,,,,,,,,,,,,,,,,,,,,,,,,,,,,,,,,1,,,,,,,,,,,,,1,,,,,,,,,,,,,,,,,,,,,,,,,,,,,,,,,,,,,,,,,,,,,,,s,0.8949,,space,0.5095,,1,red_gnome,1,4,bright_forest,yellow_basket,orange_gnome,1,5,dark_forest,red_basket,4,0,0,1,red_gnome,bright_forest,yellow_basket,1625,-1,2,16,2,130,0,1,,,,,,,,,,,,,,,,,,,,,,,,,,,,,,,,,,,,,,,,,,,,,,,,,,,,,,,,,,,,,,,,,,,,,
,,,,,,,,,,,,,,,,,,,,,,,,,,,,,,,,,,,,,,,,,,,,,,,,,,,,,,,,,,,,,,,,,,358696,001,2024-11-25_10h08.06.026,experiment,2023.2.3,Win32,58.82352941,664cd1c6545aa0f362493dd9,67446fa89e86ac01e4128331,6744b006966c922b21271303,,,,,,,,,,,,,,,,,,,,,,,,,,,,,,,,,,,,,,,,,,1,,,,,,,,,,,,,2,,,,,,,,,,,,,,,,,,,,,,,,,,,,,,,,,,,,,,,,,,,,,,,s,0.9126,,space,0.619,,2,blue_gnome,2,3,bright_forest,yellow_basket,pink_gnome,2,7,dark_forest,red_basket,3,0,0,1,blue_gnome,bright_forest,yellow_basket,1628,0,-1,16,3,131,1,1,,,,,,,,,,,,,,,,,,,,,,,,,,,,,,,,,,,,,,,,,,,,,,,,,,,,,,,,,,,,,,,,,,,,,
,,,,,,,,,,,,,,,,,,,,,,,,,,,,,,,,,,,,,,,,,,,,,,,,,,,,,,,,,,,,,,,,,,358696,001,2024-11-25_10h08.06.026,experiment,2023.2.3,Win32,58.82352941,664cd1c6545aa0f362493dd9,67446fa89e86ac01e4128331,6744b006966c922b21271303,,,,,,,,,,,,,,,,,,,,,,,,,,,,,,,,,,,,,,,,,,1,,,,,,,,,,,,,1,,,,,,,,,,,,,,,,,,,,,,,,,,,,,,,,,,,,,,,,,,,,,,,s,1.0279,,space,0.5484,,1,orange_gnome,1,6,dark_forest,red_basket,red_gnome,1,3,bright_forest,yellow_basket,6,0,0,1,orange_gnome,dark_forest,red_basket,1634,-2,1,16,4,132,0,1,,,,,,,,,,,,,,,,,,,,,,,,,,,,,,,,,,,,,,,,,,,,,,,,,,,,,,,,,,,,,,,,,,,,,
,,,,,,,,,,,,,,,,,,,,,,,,,,,,,,,,,,,,,,,,,,,,,,,,,,,,,,,,,,,,,,,,,,358696,001,2024-11-25_10h08.06.026,experiment,2023.2.3,Win32,58.82352941,664cd1c6545aa0f362493dd9,67446fa89e86ac01e4128331,6744b006966c922b21271303,,,,,,,,,,,,,,,,,,,,,,,,,,,,,,,,,,,,,,,,,,5,,,,,,,,,,,,,3,,,,,,,,,,,,,,,,,,,,,,,,,,,,,,,,,,,,,,,,,,,,,,,s,1.098,,space,0.4704,,3,yellow_gnome,3,7,dark_forest,red_basket,purple_gnome,3,1,bright_forest,yellow_basket,35,0,0,1,yellow_gnome,dark_forest,red_basket,1669,0,1,16,5,133,6,1,,,,,,,,,,,,,,,,,,,,,,,,,,,,,,,,,,,,,,,,,,,,,,,,,,,,,,,,,,,,,,,,,,,,,
,,,,,,,,,,,,,,,,,,,,,,,,,,,,,,,,,,,,,,,,,,,,,,,,,,,,,,,,,,,,,,,,,,358696,001,2024-11-25_10h08.06.026,experiment,2023.2.3,Win32,58.82352941,664cd1c6545aa0f362493dd9,67446fa89e86ac01e4128331,6744b006966c922b21271303,,,,,,,,,,,,,,,,,,,,,,,,,,,,,,,,,,,,,,,,,,1,,,,,,,,,,,,,3,,,,,,,,,,,,,,,,,,,,,,,,,,,,,,,,,,,,,,,,,,,,,,,s,1.0923,,space,0.487,,3,purple_gnome,3,1,bright_forest,yellow_basket,yellow_gnome,3,8,dark_forest,red_basket,1,0,0,1,purple_gnome,bright_forest,yellow_basket,1670,0,-5,16,6,134,2,1,,,,,,,,,,,,,,,,,,,,,,,,,,,,,,,,,,,,,,,,,,,,,,,,,,,,,,,,,,,,,,,,,,,,,
,,,,,,,,,,,,,,,,,,,,,,,,,,,,,,,,,,,,,,,,,,,,,,,,,,,,,,,,,,,,,,,,,,358696,001,2024-11-25_10h08.06.026,experiment,2023.2.3,Win32,58.82352941,664cd1c6545aa0f362493dd9,67446fa89e86ac01e4128331,6744b006966c922b21271303,,,,,,,,,,,,,,,,,,,,,,,,,,,,,,,,,,,,,,,,,,1,,,,,,,,,,,,,1,,,,,,,,,,,,,,,,,,,,,,,,,,,,,,,,,,,,,,,,,,,,,,,s,1.2364,,space,0.3596,,1,red_gnome,1,1,bright_forest,yellow_basket,orange_gnome,1,3,dark_forest,red_basket,1,0,0,1,red_gnome,bright_forest,yellow_basket,1671,-4,-3,16,7,135,0,1,,,,,,,,,,,,,,,,,,,,,,,,,,,,,,,,,,,,,,,,,,,,,,,,,,,,,,,,,,,,,,,,,,,,,
,,,,,,,,,,,,,,,,,,,,,,,,,,,,,,,,,,,,,,,,,,,,,,,,,,,,,,,,,,,,,,,,,,358696,001,2024-11-25_10h08.06.026,experiment,2023.2.3,Win32,58.82352941,664cd1c6545aa0f362493dd9,67446fa89e86ac01e4128331,6744b006966c922b21271303,,,,,,,,,,,,,,,,,,,,,,,,,,,,,,,,,,,,,,,,,,1,,,,,,,,,,,,,4,,,,,,,,,,,,,,,,,,,,,,,,,,,,,,,,,,,,,,,,,,,,,,,s,1.0994,,space,0.3393,,4,green_gnome,4,0,dark_forest,red_basket,brown_gnome,4,3,bright_forest,yellow_basket,0,0,0,1,green_gnome,dark_forest,red_basket,1671,0,2,17,0,136,3,1,,,,,,,,,,,,,,,,,,,,,,,,,,,,,,,,,,,,,,,,,,,,,,,,,,,,,,,,,,,,,,,,,,,,,
,,,,,,,,,,,,,,,,,,,,,,,,,,,,,,,,,,,,,,,,,,,,,,,,,,,,,,,,,,,,,,,,,,358696,001,2024-11-25_10h08.06.026,experiment,2023.2.3,Win32,58.82352941,664cd1c6545aa0f362493dd9,67446fa89e86ac01e4128331,6744b006966c922b21271303,,,,,,,,,,,,,,,,,,,,,,,,,,,,,,,,,,,,,,,,,,1,,,,,,,,,,,,,1,,,,,,,,,,,,,,,,,,,,,,,,,,,,,,,,,,,,,,,,,,,,,,,k,0.6604,,space,0.53,,1,orange_gnome,1,2,dark_forest,red_basket,red_gnome,1,3,bright_forest,yellow_basket,3,0,0,1,red_gnome,bright_forest,yellow_basket,1674,-3,0,17,1,137,0,1,,,,,,,,,,,,,,,,,,,,,,,,,,,,,,,,,,,,,,,,,,,,,,,,,,,,,,,,,,,,,,,,,,,,,
,,,,,,,,,,,,,,,,,,,,,,,,,,,,,,,,,,,,,,,,,,,,,,,,,,,,,,,,,,,,,,,,,,358696,001,2024-11-25_10h08.06.026,experiment,2023.2.3,Win32,58.82352941,664cd1c6545aa0f362493dd9,67446fa89e86ac01e4128331,6744b006966c922b21271303,,,,,,,,,,,,,,,,,,,,,,,,,,,,,,,,,,,,,,,,,,5,,,,,,,,,,,,,2,,,,,,,,,,,,,,,,,,,,,,,,,,,,,,,,,,,,,,,,,,,,,,,s,1.1038,,space,0.2465,,2,pink_gnome,2,2,dark_forest,red_basket,blue_gnome,2,0,bright_forest,yellow_basket,10,0,0,1,pink_gnome,dark_forest,red_basket,1684,1,2,17,2,138,5,1,,,,,,,,,,,,,,,,,,,,,,,,,,,,,,,,,,,,,,,,,,,,,,,,,,,,,,,,,,,,,,,,,,,,,
,,,,,,,,,,,,,,,,,,,,,,,,,,,,,,,,,,,,,,,,,,,,,,,,,,,,,,,,,,,,,,,,,,358696,001,2024-11-25_10h08.06.026,experiment,2023.2.3,Win32,58.82352941,664cd1c6545aa0f362493dd9,67446fa89e86ac01e4128331,6744b006966c922b21271303,,,,,,,,,,,,,,,,,,,,,,,,,,,,,,,,,,,,,,,,,,5,,,,,,,,,,,,,4,,,,,,,,,,,,,,,,,,,,,,,,,,,,,,,,,,,,,,,,,,,,,,,k,0.9933,,space,0.2096,,4,green_gnome,4,4,dark_forest,red_basket,brown_gnome,4,1,bright_forest,yellow_basket,5,0,0,1,brown_gnome,bright_forest,yellow_basket,1689,-2,-3,17,3,139,7,1,,,,,,,,,,,,,,,,,,,,,,,,,,,,,,,,,,,,,,,,,,,,,,,,,,,,,,,,,,,,,,,,,,,,,
,,,,,,,,,,,,,,,,,,,,,,,,,,,,,,,,,,,,,,,,,,,,,,,,,,,,,,,,,,,,,,,,,,358696,001,2024-11-25_10h08.06.026,experiment,2023.2.3,Win32,58.82352941,664cd1c6545aa0f362493dd9,67446fa89e86ac01e4128331,6744b006966c922b21271303,,,,,,,,,,,,,,,,,,,,,,,,,,,,,,,,,,,,,,,,,,5,,,,,,,,,,,,,1,,,,,,,,,,,,,,,,,,,,,,,,,,,,,,,,,,,,,,,,,,,,,,,s,1.3099,,,,,1,red_gnome,1,1,bright_forest,yellow_basket,orange_gnome,1,1,dark_forest,red_basket,0,0,1,0,red_gnome,bright_forest,yellow_basket,1689,-1,2,17,4,140,4,1,,,,,,,,,,,,,,,,,,,,,,,,,,,,,,,,,,,,,,,,,,,,,,,,,,,,,,,,,,,,,,,,,,,,,
,,,,,,,,,,,,,,,,,,,,,,,,,,,,,,,,,,,,,,,,,,,,,,,,,,,,,,,,,,,,,,,,,,358696,001,2024-11-25_10h08.06.026,experiment,2023.2.3,Win32,58.82352941,664cd1c6545aa0f362493dd9,67446fa89e86ac01e4128331,6744b006966c922b21271303,,,,,,,,,,,,,,,,,,,,,,,,,,,,,,,,,,,,,,,,,,1,,,,,,,,,,,,,2,,,,,,,,,,,,,,,,,,,,,,,,,,,,,,,,,,,,,,,,,,,,,,,s,0.5778,,,,,2,blue_gnome,2,0,bright_forest,yellow_basket,pink_gnome,2,3,dark_forest,red_basket,0,0,1,0,blue_gnome,bright_forest,yellow_basket,1689,2,1,17,5,141,1,1,,,,,,,,,,,,,,,,,,,,,,,,,,,,,,,,,,,,,,,,,,,,,,,,,,,,,,,,,,,,,,,,,,,,,
,,,,,,,,,,,,,,,,,,,,,,,,,,,,,,,,,,,,,,,,,,,,,,,,,,,,,,,,,,,,,,,,,,358696,001,2024-11-25_10h08.06.026,experiment,2023.2.3,Win32,58.82352941,664cd1c6545aa0f362493dd9,67446fa89e86ac01e4128331,6744b006966c922b21271303,,,,,,,,,,,,,,,,,,,,,,,,,,,,,,,,,,,,,,,,,,5,,,,,,,,,,,,,4,,,,,,,,,,,,,,,,,,,,,,,,,,,,,,,,,,,,,,,,,,,,,,,k,1.1345,,space,0.4578,,4,brown_gnome,4,2,bright_forest,yellow_basket,green_gnome,4,4,dark_forest,red_basket,20,0,0,1,green_gnome,dark_forest,red_basket,1709,3,-2,17,6,142,7,1,,,,,,,,,,,,,,,,,,,,,,,,,,,,,,,,,,,,,,,,,,,,,,,,,,,,,,,,,,,,,,,,,,,,,
,,,,,,,,,,,,,,,,,,,,,,,,,,,,,,,,,,,,,,,,,,,,,,,,,,,,,,,,,,,,,,,,,,358696,001,2024-11-25_10h08.06.026,experiment,2023.2.3,Win32,58.82352941,664cd1c6545aa0f362493dd9,67446fa89e86ac01e4128331,6744b006966c922b21271303,,,,,,,,,,,,,,,,,,,,,,,,,,,,,,,,,,,,,,,,,,5,,,,,,,,,,,,,4,,,,,,,,,,,,,,,,,,,,,,,,,,,,,,,,,,,,,,,,,,,,,,,k,0.6975,,space,0.8515,,4,green_gnome,4,2,dark_forest,red_basket,brown_gnome,4,5,bright_forest,yellow_basket,25,0,0,1,brown_gnome,bright_forest,yellow_basket,1734,-1,-2,17,7,143,7,1,,,,,,,,,,,,,,,,,,,,,,,,,,,,,,,,,,,,,,,,,,,,,,,,,,,,,,,,,,,,,,,,,,,,,
,,,,,,,,,,,,,,,,,,,,,,,,,,,,,,,,,,,,,,,,,,,,,,,,,,,,,,,,,,,,,,,,,,358696,001,2024-11-25_10h08.06.026,experiment,2023.2.3,Win32,58.82352941,664cd1c6545aa0f362493dd9,67446fa89e86ac01e4128331,6744b006966c922b21271303,,,,,,,,,,,,,,,,,,,,,,,,,,,,,,,,,,,,,,,,,,1,,,,,,,,,,,,,4,,,,,,,,,,,,,,,,,,,,,,,,,,,,,,,,,,,,,,,,,,,,,,,,,,,,,4,brown_gnome,4,4,bright_forest,yellow_basket,green_gnome,4,0,dark_forest,red_basket,0,1,0,0,,bright_forest,yellow_basket,1734,1,0,18,0,144,3,1,,,,,,,,,,,,,,,,,,,,,,,,,,,,,,,,,,,,,,,,,,,,,,,,,,,,,,,,,,,,,,,,,,,,,
,,,,,,,,,,,,,,,,,,,,,,,,,,,,,,,,,,,,,,,,,,,,,,,,,,,,,,,,,,,,,,,,,,358696,001,2024-11-25_10h08.06.026,experiment,2023.2.3,Win32,58.82352941,664cd1c6545aa0f362493dd9,67446fa89e86ac01e4128331,6744b006966c922b21271303,,,,,,,,,,,,,,,,,,,,,,,,,,,,,,,,,,,,,,,,,,1,,,,,,,,,,,,,1,,,,,,,,,,,,,,,,,,,,,,,,,,,,,,,,,,,,,,,,,,,,,,,s,0.9536,,space,0.5919,,1,red_gnome,1,5,bright_forest,yellow_basket,orange_gnome,1,0,dark_forest,red_basket,5,0,0,1,red_gnome,bright_forest,yellow_basket,1739,1,-3,18,1,145,0,1,,,,,,,,,,,,,,,,,,,,,,,,,,,,,,,,,,,,,,,,,,,,,,,,,,,,,,,,,,,,,,,,,,,,,
,,,,,,,,,,,,,,,,,,,,,,,,,,,,,,,,,,,,,,,,,,,,,,,,,,,,,,,,,,,,,,,,,,358696,001,2024-11-25_10h08.06.026,experiment,2023.2.3,Win32,58.82352941,664cd1c6545aa0f362493dd9,67446fa89e86ac01e4128331,6744b006966c922b21271303,,,,,,,,,,,,,,,,,,,,,,,,,,,,,,,,,,,,,,,,,,5,,,,,,,,,,,,,2,,,,,,,,,,,,,,,,,,,,,,,,,,,,,,,,,,,,,,,,,,,,,,,,,,,,,2,blue_gnome,2,6,bright_forest,yellow_basket,pink_gnome,2,3,dark_forest,red_basket,0,1,0,0,,bright_forest,yellow_basket,1739,3,0,18,2,146,5,1,,,,,,,,,,,,,,,,,,,,,,,,,,,,,,,,,,,,,,,,,,,,,,,,,,,,,,,,,,,,,,,,,,,,,
,,,,,,,,,,,,,,,,,,,,,,,,,,,,,,,,,,,,,,,,,,,,,,,,,,,,,,,,,,,,,,,,,,358696,001,2024-11-25_10h08.06.026,experiment,2023.2.3,Win32,58.82352941,664cd1c6545aa0f362493dd9,67446fa89e86ac01e4128331,6744b006966c922b21271303,,,,,,,,,,,,,,,,,,,,,,,,,,,,,,,,,,,,,,,,,,5,,,,,,,,,,,,,3,,,,,,,,,,,,,,,,,,,,,,,,,,,,,,,,,,,,,,,,,,,,,,,s,0.7081,,space,0.9456,,3,purple_gnome,3,9,bright_forest,yellow_basket,yellow_gnome,3,3,dark_forest,red_basket,45,0,0,1,purple_gnome,bright_forest,yellow_basket,1784,0,-2,18,3,147,6,1,,,,,,,,,,,,,,,,,,,,,,,,,,,,,,,,,,,,,,,,,,,,,,,,,,,,,,,,,,,,,,,,,,,,,
,,,,,,,,,,,,,,,,,,,,,,,,,,,,,,,,,,,,,,,,,,,,,,,,,,,,,,,,,,,,,,,,,,358696,001,2024-11-25_10h08.06.026,experiment,2023.2.3,Win32,58.82352941,664cd1c6545aa0f362493dd9,67446fa89e86ac01e4128331,6744b006966c922b21271303,,,,,,,,,,,,,,,,,,,,,,,,,,,,,,,,,,,,,,,,,,5,,,,,,,,,,,,,1,,,,,,,,,,,,,,,,,,,,,,,,,,,,,,,,,,,,,,,,,,,,,,,k,0.6569,,,,,1,red_gnome,1,9,bright_forest,yellow_basket,orange_gnome,1,1,dark_forest,red_basket,0,0,1,0,orange_gnome,dark_forest,red_basket,1784,-1,2,18,4,148,4,1,,,,,,,,,,,,,,,,,,,,,,,,,,,,,,,,,,,,,,,,,,,,,,,,,,,,,,,,,,,,,,,,,,,,,
,,,,,,,,,,,,,,,,,,,,,,,,,,,,,,,,,,,,,,,,,,,,,,,,,,,,,,,,,,,,,,,,,,358696,001,2024-11-25_10h08.06.026,experiment,2023.2.3,Win32,58.82352941,664cd1c6545aa0f362493dd9,67446fa89e86ac01e4128331,6744b006966c922b21271303,,,,,,,,,,,,,,,,,,,,,,,,,,,,,,,,,,,,,,,,,,1,,,,,,,,,,,,,2,,,,,,,,,,,,,,,,,,,,,,,,,,,,,,,,,,,,,,,,,,,,,,,k,0.6655,,space,0.7064,,2,blue_gnome,2,8,bright_forest,yellow_basket,pink_gnome,2,3,dark_forest,red_basket,3,0,0,1,pink_gnome,dark_forest,red_basket,1787,-1,1,18,5,149,1,1,,,,,,,,,,,,,,,,,,,,,,,,,,,,,,,,,,,,,,,,,,,,,,,,,,,,,,,,,,,,,,,,,,,,,
,,,,,,,,,,,,,,,,,,,,,,,,,,,,,,,,,,,,,,,,,,,,,,,,,,,,,,,,,,,,,,,,,,358696,001,2024-11-25_10h08.06.026,experiment,2023.2.3,Win32,58.82352941,664cd1c6545aa0f362493dd9,67446fa89e86ac01e4128331,6744b006966c922b21271303,,,,,,,,,,,,,,,,,,,,,,,,,,,,,,,,,,,,,,,,,,1,,,,,,,,,,,,,1,,,,,,,,,,,,,,,,,,,,,,,,,,,,,,,,,,,,,,,,,,,,,,,s,0.9316,0.0016,space,0.9752,,1,red_gnome,1,7,bright_forest,yellow_basket,orange_gnome,1,4,dark_forest,red_basket,7,0,0,1,red_gnome,bright_forest,yellow_basket,1794,5,-2,18,6,150,0,1,,,,,,,,,,,,,,,,,,,,,,,,,,,,,,,,,,,,,,,,,,,,,,,,,,,,,,,,,,,,,,,,,,,,,
,,,,,,,,,,,,,,,,,,,,,,,,,,,,,,,,,,,,,,,,,,,,,,,,,,,,,,,,,,,,,,,,,,358696,001,2024-11-25_10h08.06.026,experiment,2023.2.3,Win32,58.82352941,664cd1c6545aa0f362493dd9,67446fa89e86ac01e4128331,6744b006966c922b21271303,,,,,,,,,,,,,,,,,,,,,,,,,,,,,,,,,,,,,,,,,,1,,,,,,,,,,,,,3,,,,,,,,,,,,,,,,,,,,,,,,,,,,,,,,,,,,,,,,,,,,,,,k,0.8768,,space,0.2698,,3,purple_gnome,3,6,bright_forest,yellow_basket,yellow_gnome,3,2,dark_forest,red_basket,2,0,0,1,yellow_gnome,dark_forest,red_basket,1796,0,3,18,7,151,2,1,,,,,,,,,,,,,,,,,,,,,,,,,,,,,,,,,,,,,,,,,,,,,,,,,,,,,,,,,,,,,,,,,,,,,
,,,,,,,,,,,,,,,,,,,,,,,,,,,,,,,,,,,,,,,,,,,,,,,,,,,,,,,,,,,,,,,,,,358696,001,2024-11-25_10h08.06.026,experiment,2023.2.3,Win32,58.82352941,664cd1c6545aa0f362493dd9,67446fa89e86ac01e4128331,6744b006966c922b21271303,,,,,,,,,,,,,,,,,,,,,,,,,,,,,,,,,,,,,,,,,,5,,,,,,,,,,,,,3,,,,,,,,,,,,,,,,,,,,,,,,,,,,,,,,,,,,,,,,,,,,,,,s,1.0602,,space,0.4508,,3,purple_gnome,3,6,bright_forest,yellow_basket,yellow_gnome,3,5,dark_forest,red_basket,30,0,0,1,purple_gnome,bright_forest,yellow_basket,1826,2,0,19,0,152,6,1,,,,,,,,,,,,,,,,,,,,,,,,,,,,,,,,,,,,,,,,,,,,,,,,,,,,,,,,,,,,,,,,,,,,,
,,,,,,,,,,,,,,,,,,,,,,,,,,,,,,,,,,,,,,,,,,,,,,,,,,,,,,,,,,,,,,,,,,358696,001,2024-11-25_10h08.06.026,experiment,2023.2.3,Win32,58.82352941,664cd1c6545aa0f362493dd9,67446fa89e86ac01e4128331,6744b006966c922b21271303,,,,,,,,,,,,,,,,,,,,,,,,,,,,,,,,,,,,,,,,,,1,,,,,,,,,,,,,2,,,,,,,,,,,,,,,,,,,,,,,,,,,,,,,,,,,,,,,,,,,,,,,s,1.2296,,space,0.4729,,2,blue_gnome,2,8,bright_forest,yellow_basket,pink_gnome,2,5,dark_forest,red_basket,8,0,0,1,blue_gnome,bright_forest,yellow_basket,1834,0,2,19,1,153,1,1,,,,,,,,,,,,,,,,,,,,,,,,,,,,,,,,,,,,,,,,,,,,,,,,,,,,,,,,,,,,,,,,,,,,,
,,,,,,,,,,,,,,,,,,,,,,,,,,,,,,,,,,,,,,,,,,,,,,,,,,,,,,,,,,,,,,,,,,358696,001,2024-11-25_10h08.06.026,experiment,2023.2.3,Win32,58.82352941,664cd1c6545aa0f362493dd9,67446fa89e86ac01e4128331,6744b006966c922b21271303,,,,,,,,,,,,,,,,,,,,,,,,,,,,,,,,,,,,,,,,,,5,,,,,,,,,,,,,2,,,,,,,,,,,,,,,,,,,,,,,,,,,,,,,,,,,,,,,,,,,,,,,k,1.0352,,space,0.3435,,2,blue_gnome,2,8,bright_forest,yellow_basket,pink_gnome,2,7,dark_forest,red_basket,35,0,0,1,pink_gnome,dark_forest,red_basket,1869,2,0,19,2,154,5,1,,,,,,,,,,,,,,,,,,,,,,,,,,,,,,,,,,,,,,,,,,,,,,,,,,,,,,,,,,,,,,,,,,,,,
,,,,,,,,,,,,,,,,,,,,,,,,,,,,,,,,,,,,,,,,,,,,,,,,,,,,,,,,,,,,,,,,,,358696,001,2024-11-25_10h08.06.026,experiment,2023.2.3,Win32,58.82352941,664cd1c6545aa0f362493dd9,67446fa89e86ac01e4128331,6744b006966c922b21271303,,,,,,,,,,,,,,,,,,,,,,,,,,,,,,,,,,,,,,,,,,5,,,,,,,,,,,,,2,,,,,,,,,,,,,,,,,,,,,,,,,,,,,,,,,,,,,,,,,,,,,,,s,1.1789,,space,0.549,,2,pink_gnome,2,7,dark_forest,red_basket,blue_gnome,2,8,bright_forest,yellow_basket,35,0,0,1,pink_gnome,dark_forest,red_basket,1904,2,0,19,3,155,5,1,,,,,,,,,,,,,,,,,,,,,,,,,,,,,,,,,,,,,,,,,,,,,,,,,,,,,,,,,,,,,,,,,,,,,
,,,,,,,,,,,,,,,,,,,,,,,,,,,,,,,,,,,,,,,,,,,,,,,,,,,,,,,,,,,,,,,,,,358696,001,2024-11-25_10h08.06.026,experiment,2023.2.3,Win32,58.82352941,664cd1c6545aa0f362493dd9,67446fa89e86ac01e4128331,6744b006966c922b21271303,,,,,,,,,,,,,,,,,,,,,,,,,,,,,,,,,,,,,,,,,,1,,,,,,,,,,,,,4,,,,,,,,,,,,,,,,,,,,,,,,,,,,,,,,,,,,,,,,,,,,,,,s,1.3297,,space,0.5757,,4,brown_gnome,4,8,bright_forest,yellow_basket,green_gnome,4,7,dark_forest,red_basket,8,0,0,1,brown_gnome,bright_forest,yellow_basket,1912,0,1,19,4,156,3,1,,,,,,,,,,,,,,,,,,,,,,,,,,,,,,,,,,,,,,,,,,,,,,,,,,,,,,,,,,,,,,,,,,,,,
,,,,,,,,,,,,,,,,,,,,,,,,,,,,,,,,,,,,,,,,,,,,,,,,,,,,,,,,,,,,,,,,,,358696,001,2024-11-25_10h08.06.026,experiment,2023.2.3,Win32,58.82352941,664cd1c6545aa0f362493dd9,67446fa89e86ac01e4128331,6744b006966c922b21271303,,,,,,,,,,,,,,,,,,,,,,,,,,,,,,,,,,,,,,,,,,1,,,,,,,,,,,,,2,,,,,,,,,,,,,,,,,,,,,,,,,,,,,,,,,,,,,,,,,,,,,,,k,1.3626,,space,0.3303,,2,blue_gnome,2,8,bright_forest,yellow_basket,pink_gnome,2,8,dark_forest,red_basket,8,0,0,1,pink_gnome,dark_forest,red_basket,1920,-3,-3,19,5,157,1,1,,,,,,,,,,,,,,,,,,,,,,,,,,,,,,,,,,,,,,,,,,,,,,,,,,,,,,,,,,,,,,,,,,,,,
,,,,,,,,,,,,,,,,,,,,,,,,,,,,,,,,,,,,,,,,,,,,,,,,,,,,,,,,,,,,,,,,,,358696,001,2024-11-25_10h08.06.026,experiment,2023.2.3,Win32,58.82352941,664cd1c6545aa0f362493dd9,67446fa89e86ac01e4128331,6744b006966c922b21271303,,,,,,,,,,,,,,,,,,,,,,,,,,,,,,,,,,,,,,,,,,5,,,,,,,,,,,,,1,,,,,,,,,,,,,,,,,,,,,,,,,,,,,,,,,,,,,,,,,,,,,,,s,0.4222,,space,0.3346,,1,orange_gnome,1,5,dark_forest,red_basket,red_gnome,1,5,bright_forest,yellow_basket,25,0,0,1,orange_gnome,dark_forest,red_basket,1945,2,0,19,6,158,4,1,,,,,,,,,,,,,,,,,,,,,,,,,,,,,,,,,,,,,,,,,,,,,,,,,,,,,,,,,,,,,,,,,,,,,
,,,,,,,,,,,,,,,,,,,,,,,,,,,,,,,,,,,,,,,,,,,,,,,,,,,,,,,,,,,,,,,,,,358696,001,2024-11-25_10h08.06.026,experiment,2023.2.3,Win32,58.82352941,664cd1c6545aa0f362493dd9,67446fa89e86ac01e4128331,6744b006966c922b21271303,,,,,,,,,,,,,,,,,,,,,,,,,,,,,,,,,,,,,,,,,,1,,,,,,,,,,,,,4,,,,,,,,,,,,,,,,,,,,,,,,,,,,,,,,,,,,,,,,,,,,,,,,,,,,,4,green_gnome,4,5,dark_forest,red_basket,brown_gnome,4,7,bright_forest,yellow_basket,0,1,0,0,,dark_forest,red_basket,1945,-1,0,19,7,159,3,1,,,,,,,,,,,,,,,,,,,,,,,,,,,,,,,,,,,,,,,,,,,,,,,,,,,,,,,,,,,,,,,,,,,,,
,,,,,,,,,,,,,,,,,,,,,,,,,,,,,,,,,,,,,,,,,,,,,,,,,,,,,,,,,,,,,,,,,,358696,001,2024-11-25_10h08.06.026,experiment,2023.2.3,Win32,58.82352941,664cd1c6545aa0f362493dd9,67446fa89e86ac01e4128331,6744b006966c922b21271303,,,,,,,,,,,,,,,,,,,,,,,,,,,,,,,,,,,,,,,,,,5,,,,,,,,,,,,,4,,,,,,,,,,,,,,,,,,,,,,,,,,,,,,,,,,,,,,,,,,,,,,,s,0.9159,,space,0.7971,,4,brown_gnome,4,6,bright_forest,yellow_basket,green_gnome,4,5,dark_forest,red_basket,30,0,0,1,brown_gnome,bright_forest,yellow_basket,1975,-1,-2,20,0,160,7,1,,,,,,,,,,,,,,,,,,,,,,,,,,,,,,,,,,,,,,,,,,,,,,,,,,,,,,,,,,,,,,,,,,,,,
,,,,,,,,,,,,,,,,,,,,,,,,,,,,,,,,,,,,,,,,,,,,,,,,,,,,,,,,,,,,,,,,,,358696,001,2024-11-25_10h08.06.026,experiment,2023.2.3,Win32,58.82352941,664cd1c6545aa0f362493dd9,67446fa89e86ac01e4128331,6744b006966c922b21271303,,,,,,,,,,,,,,,,,,,,,,,,,,,,,,,,,,,,,,,,,,5,,,,,,,,,,,,,1,,,,,,,,,,,,,,,,,,,,,,,,,,,,,,,,,,,,,,,,,,,,,,,,,,,,,1,red_gnome,1,5,bright_forest,yellow_basket,orange_gnome,1,3,dark_forest,red_basket,0,1,0,0,,bright_forest,yellow_basket,1975,2,1,20,1,161,4,1,,,,,,,,,,,,,,,,,,,,,,,,,,,,,,,,,,,,,,,,,,,,,,,,,,,,,,,,,,,,,,,,,,,,,
,,,,,,,,,,,,,,,,,,,,,,,,,,,,,,,,,,,,,,,,,,,,,,,,,,,,,,,,,,,,,,,,,,358696,001,2024-11-25_10h08.06.026,experiment,2023.2.3,Win32,58.82352941,664cd1c6545aa0f362493dd9,67446fa89e86ac01e4128331,6744b006966c922b21271303,,,,,,,,,,,,,,,,,,,,,,,,,,,,,,,,,,,,,,,,,,1,,,,,,,,,,,,,4,,,,,,,,,,,,,,,,,,,,,,,,,,,,,,,,,,,,,,,,,,,,,,,s,1.0671,,,,,4,green_gnome,4,4,dark_forest,red_basket,brown_gnome,4,7,bright_forest,yellow_basket,0,0,1,0,green_gnome,dark_forest,red_basket,1975,1,2,20,2,162,3,1,,,,,,,,,,,,,,,,,,,,,,,,,,,,,,,,,,,,,,,,,,,,,,,,,,,,,,,,,,,,,,,,,,,,,
,,,,,,,,,,,,,,,,,,,,,,,,,,,,,,,,,,,,,,,,,,,,,,,,,,,,,,,,,,,,,,,,,,358696,001,2024-11-25_10h08.06.026,experiment,2023.2.3,Win32,58.82352941,664cd1c6545aa0f362493dd9,67446fa89e86ac01e4128331,6744b006966c922b21271303,,,,,,,,,,,,,,,,,,,,,,,,,,,,,,,,,,,,,,,,,,5,,,,,,,,,,,,,1,,,,,,,,,,,,,,,,,,,,,,,,,,,,,,,,,,,,,,,,,,,,,,,,,,,,,1,red_gnome,1,8,bright_forest,yellow_basket,orange_gnome,1,6,dark_forest,red_basket,0,1,0,0,,dark_forest,red_basket,1975,0,-4,20,3,163,4,1,,,,,,,,,,,,,,,,,,,,,,,,,,,,,,,,,,,,,,,,,,,,,,,,,,,,,,,,,,,,,,,,,,,,,
,,,,,,,,,,,,,,,,,,,,,,,,,,,,,,,,,,,,,,,,,,,,,,,,,,,,,,,,,,,,,,,,,,358696,001,2024-11-25_10h08.06.026,experiment,2023.2.3,Win32,58.82352941,664cd1c6545aa0f362493dd9,67446fa89e86ac01e4128331,6744b006966c922b21271303,,,,,,,,,,,,,,,,,,,,,,,,,,,,,,,,,,,,,,,,,,1,,,,,,,,,,,,,2,,,,,,,,,,,,,,,,,,,,,,,,,,,,,,,,,,,,,,,,,,,,,,,s,0.4883,,space,0.2891,0.0017,2,blue_gnome,2,8,bright_forest,yellow_basket,pink_gnome,2,2,dark_forest,red_basket,8,0,0,1,blue_gnome,bright_forest,yellow_basket,1983,3,-1,20,4,164,1,1,,,,,,,,,,,,,,,,,,,,,,,,,,,,,,,,,,,,,,,,,,,,,,,,,,,,,,,,,,,,,,,,,,,,,
,,,,,,,,,,,,,,,,,,,,,,,,,,,,,,,,,,,,,,,,,,,,,,,,,,,,,,,,,,,,,,,,,,358696,001,2024-11-25_10h08.06.026,experiment,2023.2.3,Win32,58.82352941,664cd1c6545aa0f362493dd9,67446fa89e86ac01e4128331,6744b006966c922b21271303,,,,,,,,,,,,,,,,,,,,,,,,,,,,,,,,,,,,,,,,,,1,,,,,,,,,,,,,2,,,,,,,,,,,,,,,,,,,,,,,,,,,,,,,,,,,,,,,,,,,,,,,s,0.9809,,space,0.2836,,2,pink_gnome,2,1,dark_forest,red_basket,blue_gnome,2,7,bright_forest,yellow_basket,1,0,0,1,pink_gnome,dark_forest,red_basket,1984,0,3,20,5,165,1,1,,,,,,,,,,,,,,,,,,,,,,,,,,,,,,,,,,,,,,,,,,,,,,,,,,,,,,,,,,,,,,,,,,,,,
,,,,,,,,,,,,,,,,,,,,,,,,,,,,,,,,,,,,,,,,,,,,,,,,,,,,,,,,,,,,,,,,,,358696,001,2024-11-25_10h08.06.026,experiment,2023.2.3,Win32,58.82352941,664cd1c6545aa0f362493dd9,67446fa89e86ac01e4128331,6744b006966c922b21271303,,,,,,,,,,,,,,,,,,,,,,,,,,,,,,,,,,,,,,,,,,1,,,,,,,,,,,,,1,,,,,,,,,,,,,,,,,,,,,,,,,,,,,,,,,,,,,,,,,,,,,,,k,1.28,,space,0.2926,0.0021,1,orange_gnome,1,4,dark_forest,red_basket,red_gnome,1,7,bright_forest,yellow_basket,7,0,0,1,red_gnome,bright_forest,yellow_basket,1991,4,3,20,6,166,0,1,,,,,,,,,,,,,,,,,,,,,,,,,,,,,,,,,,,,,,,,,,,,,,,,,,,,,,,,,,,,,,,,,,,,,
,,,,,,,,,,,,,,,,,,,,,,,,,,,,,,,,,,,,,,,,,,,,,,,,,,,,,,,,,,,,,,,,,,358696,001,2024-11-25_10h08.06.026,experiment,2023.2.3,Win32,58.82352941,664cd1c6545aa0f362493dd9,67446fa89e86ac01e4128331,6744b006966c922b21271303,,,,,,,,,,,,,,,,,,,,,,,,,,,,,,,,,,,,,,,,,,5,,,,,,,,,,,,,2,,,,,,,,,,,,,,,,,,,,,,,,,,,,,,,,,,,,,,,,,,,,,,,s,0.5677,,space,0.4342,,2,pink_gnome,2,7,dark_forest,red_basket,blue_gnome,2,7,bright_forest,yellow_basket,35,0,0,1,pink_gnome,dark_forest,red_basket,2026,6,2,20,7,167,5,1,,,,,,,,,,,,,,,,,,,,,,,,,,,,,,,,,,,,,,,,,,,,,,,,,,,,,,,,,,,,,,,,,,,,,
,,,,,,,,,,,,,,,,,,,,,,,,,,,,,,,,,,,,,,,,,,,,,,,,,,,,,,,,,,,,,,,,,,358696,001,2024-11-25_10h08.06.026,experiment,2023.2.3,Win32,58.82352941,664cd1c6545aa0f362493dd9,67446fa89e86ac01e4128331,6744b006966c922b21271303,,,,,,,,,,,,,,,,,,,,,,,,,,,,,,,,,,,,,,,,,,1,,,,,,,,,,,,,2,,,,,,,,,,,,,,,,,,,,,,,,,,,,,,,,,,,,,,,,,,,,,,,,,,,,,2,blue_gnome,2,5,bright_forest,yellow_basket,pink_gnome,2,9,dark_forest,red_basket,0,1,0,0,,dark_forest,red_basket,2026,2,2,21,0,168,1,1,,,,,,,,,,,,,,,,,,,,,,,,,,,,,,,,,,,,,,,,,,,,,,,,,,,,,,,,,,,,,,,,,,,,,
,,,,,,,,,,,,,,,,,,,,,,,,,,,,,,,,,,,,,,,,,,,,,,,,,,,,,,,,,,,,,,,,,,358696,001,2024-11-25_10h08.06.026,experiment,2023.2.3,Win32,58.82352941,664cd1c6545aa0f362493dd9,67446fa89e86ac01e4128331,6744b006966c922b21271303,,,,,,,,,,,,,,,,,,,,,,,,,,,,,,,,,,,,,,,,,,5,,,,,,,,,,,,,4,,,,,,,,,,,,,,,,,,,,,,,,,,,,,,,,,,,,,,,,,,,,,,,k,0.7523,,space,0.2739,,4,brown_gnome,4,7,bright_forest,yellow_basket,green_gnome,4,7,dark_forest,red_basket,35,0,0,1,green_gnome,dark_forest,red_basket,2061,1,2,21,1,169,7,1,,,,,,,,,,,,,,,,,,,,,,,,,,,,,,,,,,,,,,,,,,,,,,,,,,,,,,,,,,,,,,,,,,,,,
,,,,,,,,,,,,,,,,,,,,,,,,,,,,,,,,,,,,,,,,,,,,,,,,,,,,,,,,,,,,,,,,,,358696,001,2024-11-25_10h08.06.026,experiment,2023.2.3,Win32,58.82352941,664cd1c6545aa0f362493dd9,67446fa89e86ac01e4128331,6744b006966c922b21271303,,,,,,,,,,,,,,,,,,,,,,,,,,,,,,,,,,,,,,,,,,1,,,,,,,,,,,,,3,,,,,,,,,,,,,,,,,,,,,,,,,,,,,,,,,,,,,,,,,,,,,,,s,1.0131,,space,0.6496,,3,yellow_gnome,3,9,dark_forest,red_basket,purple_gnome,3,8,bright_forest,yellow_basket,9,0,0,1,yellow_gnome,dark_forest,red_basket,2070,-4,0,21,2,170,2,1,,,,,,,,,,,,,,,,,,,,,,,,,,,,,,,,,,,,,,,,,,,,,,,,,,,,,,,,,,,,,,,,,,,,,
,,,,,,,,,,,,,,,,,,,,,,,,,,,,,,,,,,,,,,,,,,,,,,,,,,,,,,,,,,,,,,,,,,358696,001,2024-11-25_10h08.06.026,experiment,2023.2.3,Win32,58.82352941,664cd1c6545aa0f362493dd9,67446fa89e86ac01e4128331,6744b006966c922b21271303,,,,,,,,,,,,,,,,,,,,,,,,,,,,,,,,,,,,,,,,,,5,,,,,,,,,,,,,3,,,,,,,,,,,,,,,,,,,,,,,,,,,,,,,,,,,,,,,,,,,,,,,k,0.7095,,space,0.2662,,3,yellow_gnome,3,9,dark_forest,red_basket,purple_gnome,3,4,bright_forest,yellow_basket,20,0,0,1,purple_gnome,bright_forest,yellow_basket,2090,3,-2,21,3,171,6,1,,,,,,,,,,,,,,,,,,,,,,,,,,,,,,,,,,,,,,,,,,,,,,,,,,,,,,,,,,,,,,,,,,,,,
,,,,,,,,,,,,,,,,,,,,,,,,,,,,,,,,,,,,,,,,,,,,,,,,,,,,,,,,,,,,,,,,,,358696,001,2024-11-25_10h08.06.026,experiment,2023.2.3,Win32,58.82352941,664cd1c6545aa0f362493dd9,67446fa89e86ac01e4128331,6744b006966c922b21271303,,,,,,,,,,,,,,,,,,,,,,,,,,,,,,,,,,,,,,,,,,5,,,,,,,,,,,,,1,,,,,,,,,,,,,,,,,,,,,,,,,,,,,,,,,,,,,,,,,,,,,,,s,0.427,,space,0.4807,,1,red_gnome,1,7,bright_forest,yellow_basket,orange_gnome,1,7,dark_forest,red_basket,35,0,0,1,red_gnome,bright_forest,yellow_basket,2125,-3,0,21,4,172,4,1,,,,,,,,,,,,,,,,,,,,,,,,,,,,,,,,,,,,,,,,,,,,,,,,,,,,,,,,,,,,,,,,,,,,,
,,,,,,,,,,,,,,,,,,,,,,,,,,,,,,,,,,,,,,,,,,,,,,,,,,,,,,,,,,,,,,,,,,358696,001,2024-11-25_10h08.06.026,experiment,2023.2.3,Win32,58.82352941,664cd1c6545aa0f362493dd9,67446fa89e86ac01e4128331,6744b006966c922b21271303,,,,,,,,,,,,,,,,,,,,,,,,,,,,,,,,,,,,,,,,,,5,,,,,,,,,,,,,1,,,,,,,,,,,,,,,,,,,,,,,,,,,,,,,,,,,,,,,,,,,,,,,k,1.1863,,space,0.5166,,1,red_gnome,1,4,bright_forest,yellow_basket,orange_gnome,1,7,dark_forest,red_basket,35,0,0,1,orange_gnome,dark_forest,red_basket,2160,-1,1,21,5,173,4,1,,,,,,,,,,,,,,,,,,,,,,,,,,,,,,,,,,,,,,,,,,,,,,,,,,,,,,,,,,,,,,,,,,,,,
,,,,,,,,,,,,,,,,,,,,,,,,,,,,,,,,,,,,,,,,,,,,,,,,,,,,,,,,,,,,,,,,,,358696,001,2024-11-25_10h08.06.026,experiment,2023.2.3,Win32,58.82352941,664cd1c6545aa0f362493dd9,67446fa89e86ac01e4128331,6744b006966c922b21271303,,,,,,,,,,,,,,,,,,,,,,,,,,,,,,,,,,,,,,,,,,1,,,,,,,,,,,,,3,,,,,,,,,,,,,,,,,,,,,,,,,,,,,,,,,,,,,,,,,,,,,,,,,,,,,3,purple_gnome,3,3,bright_forest,yellow_basket,yellow_gnome,3,8,dark_forest,red_basket,0,1,0,0,,dark_forest,red_basket,2160,2,-3,21,6,174,2,1,,,,,,,,,,,,,,,,,,,,,,,,,,,,,,,,,,,,,,,,,,,,,,,,,,,,,,,,,,,,,,,,,,,,,
,,,,,,,,,,,,,,,,,,,,,,,,,,,,,,,,,,,,,,,,,,,,,,,,,,,,,,,,,,,,,,,,,,358696,001,2024-11-25_10h08.06.026,experiment,2023.2.3,Win32,58.82352941,664cd1c6545aa0f362493dd9,67446fa89e86ac01e4128331,6744b006966c922b21271303,,,,,,,,,,,,,,,,,,,,,,,,,,,,,,,,,,,,,,,,,,5,,,,,,,,,,,,,3,,,,,,,,,,,,,,,,,,,,,,,,,,,,,,,,,,,,,,,,,,,,,,,,,,,,,3,yellow_gnome,3,5,dark_forest,red_basket,purple_gnome,3,5,bright_forest,yellow_basket,0,1,0,0,,dark_forest,red_basket,2160,2,-1,21,7,175,6,1,,,,,,,,,,,,,,,,,,,,,,,,,,,,,,,,,,,,,,,,,,,,,,,,,,,,,,,,,,,,,,,,,,,,,
,,,,,,,,,,,,,,,,,,,,,,,,,,,,,,,,,,,,,,,,,,,,,,,,,,,,,,,,,,,,,,,,,,358696,001,2024-11-25_10h08.06.026,experiment,2023.2.3,Win32,58.82352941,664cd1c6545aa0f362493dd9,67446fa89e86ac01e4128331,6744b006966c922b21271303,,,,,,,,,,,,,,,,,,,,,,,,,,,,,,,,,,,,,,,,,,1,,,,,,,,,,,,,4,,,,,,,,,,,,,,,,,,,,,,,,,,,,,,,,,,,,,,,,,,,,,,,k,0.3081,0.0026,space,0.9203,,4,green_gnome,4,4,dark_forest,red_basket,brown_gnome,4,7,bright_forest,yellow_basket,7,0,0,1,brown_gnome,bright_forest,yellow_basket,2167,-1,2,22,0,176,3,1,,,,3668.4127,3678.4184,,,,,,,,,,,,,,,,,,,,,,,,,,,,,,,,,,,,,,,,,,,,,,,,,,,,,,,,,,,,,,,,
,,,,,,,,,,,,,,,,,,,,,,,,,,,,,,,,,,,,,,,,,,,,,,,,,,,,,,,,,,,,,,,,,,358696,001,2024-11-25_10h08.06.026,experiment,2023.2.3,Win32,58.82352941,664cd1c6545aa0f362493dd9,67446fa89e86ac01e4128331,6744b006966c922b21271303,,,,,,,,,,,,,,,,,,,,,,,,,,,,,,,,,,,,,,,,,,5,,,,,,,,,,,,,1,,,,,,,,,,,,,,,,,,,,,,,,,,,,,,,,,,,,,,,,,,,,,,,s,1.1266,,space,0.352,,1,orange_gnome,1,6,dark_forest,red_basket,red_gnome,1,6,bright_forest,yellow_basket,30,0,0,1,orange_gnome,dark_forest,red_basket,2197,0,1,22,1,177,4,1,,,,,,,,,,,,,,,,,,,,,,,,,,,,,,,,,,,,,,,,,,,,,,,,,,,,,,,,,,,,,,,,,,,,,
,,,,,,,,,,,,,,,,,,,,,,,,,,,,,,,,,,,,,,,,,,,,,,,,,,,,,,,,,,,,,,,,,,358696,001,2024-11-25_10h08.06.026,experiment,2023.2.3,Win32,58.82352941,664cd1c6545aa0f362493dd9,67446fa89e86ac01e4128331,6744b006966c922b21271303,,,,,,,,,,,,,,,,,,,,,,,,,,,,,,,,,,,,,,,,,,1,,,,,,,,,,,,,1,,,,,,,,,,,,,,,,,,,,,,,,,,,,,,,,,,,,,,,,,,,,,,,k,0.9137,,space,0.3588,,1,red_gnome,1,6,bright_forest,yellow_basket,orange_gnome,1,7,dark_forest,red_basket,7,0,0,1,orange_gnome,dark_forest,red_basket,2204,0,0,22,2,178,0,1,,,,,,,,,,,,,,,,,,,,,,,,,,,,,,,,,,,,,,,,,,,,,,,,,,,,,,,,,,,,,,,,,,,,,
,,,,,,,,,,,,,,,,,,,,,,,,,,,,,,,,,,,,,,,,,,,,,,,,,,,,,,,,,,,,,,,,,,358696,001,2024-11-25_10h08.06.026,experiment,2023.2.3,Win32,58.82352941,664cd1c6545aa0f362493dd9,67446fa89e86ac01e4128331,6744b006966c922b21271303,,,,,,,,,,,,,,,,,,,,,,,,,,,,,,,,,,,,,,,,,,5,,,,,,,,,,,,,2,,,,,,,,,,,,,,,,,,,,,,,,,,,,,,,,,,,,,,,,,,,,,,,s,0.9743,,space,0.6927,,2,blue_gnome,2,6,bright_forest,yellow_basket,pink_gnome,2,7,dark_forest,red_basket,30,0,0,1,blue_gnome,bright_forest,yellow_basket,2234,0,-1,22,3,179,5,1,,,,,,,,,,,,,,,,,,,,,,,,,,,,,,,,,,,,,,,,,,,,,,,,,,,,,,,,,,,,,,,,,,,,,
,,,,,,,,,,,,,,,,,,,,,,,,,,,,,,,,,,,,,,,,,,,,,,,,,,,,,,,,,,,,,,,,,,358696,001,2024-11-25_10h08.06.026,experiment,2023.2.3,Win32,58.82352941,664cd1c6545aa0f362493dd9,67446fa89e86ac01e4128331,6744b006966c922b21271303,,,,,,,,,,,,,,,,,,,,,,,,,,,,,,,,,,,,,,,,,,1,,,,,,,,,,,,,3,,,,,,,,,,,,,,,,,,,,,,,,,,,,,,,,,,,,,,,,,,,,,,,k,0.7675,,space,0.6204,,3,yellow_gnome,3,6,dark_forest,red_basket,purple_gnome,3,6,bright_forest,yellow_basket,6,0,0,1,purple_gnome,bright_forest,yellow_basket,2240,1,0,22,4,180,2,1,,,,,,,,,,,,,,,,,,,,,,,,,,,,,,,,,,,,,,,,,,,,,,,,,,,,,,,,,,,,,,,,,,,,,
,,,,,,,,,,,,,,,,,,,,,,,,,,,,,,,,,,,,,,,,,,,,,,,,,,,,,,,,,,,,,,,,,,358696,001,2024-11-25_10h08.06.026,experiment,2023.2.3,Win32,58.82352941,664cd1c6545aa0f362493dd9,67446fa89e86ac01e4128331,6744b006966c922b21271303,,,,,,,,,,,,,,,,,,,,,,,,,,,,,,,,,,,,,,,,,,1,,,,,,,,,,,,,2,,,,,,,,,,,,,,,,,,,,,,,,,,,,,,,,,,,,,,,,,,,,,,,s,0.8579,,space,0.3836,,2,pink_gnome,2,6,dark_forest,red_basket,blue_gnome,2,7,bright_forest,yellow_basket,6,0,0,1,pink_gnome,dark_forest,red_basket,2246,3,-1,22,5,181,1,1,,,,,,,,,,,,,,,,,,,,,,,,,,,,,,,,,,,,,,,,,,,,,,,,,,,,,,,,,,,,,,,,,,,,,
,,,,,,,,,,,,,,,,,,,,,,,,,,,,,,,,,,,,,,,,,,,,,,,,,,,,,,,,,,,,,,,,,,358696,001,2024-11-25_10h08.06.026,experiment,2023.2.3,Win32,58.82352941,664cd1c6545aa0f362493dd9,67446fa89e86ac01e4128331,6744b006966c922b21271303,,,,,,,,,,,,,,,,,,,,,,,,,,,,,,,,,,,,,,,,,,1,,,,,,,,,,,,,3,,,,,,,,,,,,,,,,,,,,,,,,,,,,,,,,,,,,,,,,,,,,,,,s,0.9421,,space,0.4298,,3,purple_gnome,3,8,bright_forest,yellow_basket,yellow_gnome,3,5,dark_forest,red_basket,8,0,0,1,purple_gnome,bright_forest,yellow_basket,2254,-1,1,22,6,182,2,1,,,,,,,,,,,,,,,,,,,,,,,,,,,,,,,,,,,,,,,,,,,,,,,,,,,,,,,,,,,,,,,,,,,,,
,,,,,,,,,,,,,,,,,,,,,,,,,,,,,,,,,,,,,,,,,,,,,,,,,,,,,,,,,,,,,,,,,,358696,001,2024-11-25_10h08.06.026,experiment,2023.2.3,Win32,58.82352941,664cd1c6545aa0f362493dd9,67446fa89e86ac01e4128331,6744b006966c922b21271303,,,,,,,,,,,,,,,,,,,,,,,,,,,,,,,,,,,,,,,,,,5,,,,,,,,,,,,,2,,,,,,,,,,,,,,,,,,,,,,,,,,,,,,,,,,,,,,,,,,,,,,,k,0.5339,,space,0.3223,,2,blue_gnome,2,7,bright_forest,yellow_basket,pink_gnome,2,6,dark_forest,red_basket,30,0,0,1,pink_gnome,dark_forest,red_basket,2284,0,-3,22,7,183,5,1,,,,,,,,,,,,,,,,,,,,,,,,,,,,,,,,,,,,,,,,,,,,,,,,,,,,,,,,,,,,,,,,,,,,,
,,,,,,,,,,,,,,,,,,,,,,,,,,,,,,,,,,,,,,,,,,,,,,,,,,,,,,,,,,,,,,,,,,358696,001,2024-11-25_10h08.06.026,experiment,2023.2.3,Win32,58.82352941,664cd1c6545aa0f362493dd9,67446fa89e86ac01e4128331,6744b006966c922b21271303,,,,,,,,,,,,,,,,,,,,,,,,,,,,,,,,,,,,,,,,,,5,,,,,,,,,,,,,3,,,,,,,,,,,,,,,,,,,,,,,,,,,,,,,,,,,,,,,,,,,,,,,s,0.8695,,space,0.1746,,3,purple_gnome,3,7,bright_forest,yellow_basket,yellow_gnome,3,3,dark_forest,red_basket,35,0,0,1,purple_gnome,bright_forest,yellow_basket,2319,-1,-1,23,0,184,6,1,,,,,,,,,,,,,,,,,,,,,,,,,,,,,,,,,,,,,,,,,,,,,,,,,,,,,,,,,,,,,,,,,,,,,
,,,,,,,,,,,,,,,,,,,,,,,,,,,,,,,,,,,,,,,,,,,,,,,,,,,,,,,,,,,,,,,,,,358696,001,2024-11-25_10h08.06.026,experiment,2023.2.3,Win32,58.82352941,664cd1c6545aa0f362493dd9,67446fa89e86ac01e4128331,6744b006966c922b21271303,,,,,,,,,,,,,,,,,,,,,,,,,,,,,,,,,,,,,,,,,,5,,,,,,,,,,,,,2,,,,,,,,,,,,,,,,,,,,,,,,,,,,,,,,,,,,,,,,,,,,,,,s,1.0423,,space,0.2884,,2,pink_gnome,2,2,dark_forest,red_basket,blue_gnome,2,6,bright_forest,yellow_basket,10,0,0,1,pink_gnome,dark_forest,red_basket,2329,-2,-1,23,1,185,5,1,,,,,,,,,,,,,,,,,,,,,,,,,,,,,,,,,,,,,,,,,,,,,,,,,,,,,,,,,,,,,,,,,,,,,
,,,,,,,,,,,,,,,,,,,,,,,,,,,,,,,,,,,,,,,,,,,,,,,,,,,,,,,,,,,,,,,,,,358696,001,2024-11-25_10h08.06.026,experiment,2023.2.3,Win32,58.82352941,664cd1c6545aa0f362493dd9,67446fa89e86ac01e4128331,6744b006966c922b21271303,,,,,,,,,,,,,,,,,,,,,,,,,,,,,,,,,,,,,,,,,,1,,,,,,,,,,,,,4,,,,,,,,,,,,,,,,,,,,,,,,,,,,,,,,,,,,,,,,,,,,,,,s,0.9223,,space,0.3927,,4,green_gnome,4,1,dark_forest,red_basket,brown_gnome,4,4,bright_forest,yellow_basket,1,0,0,1,green_gnome,dark_forest,red_basket,2330,0,3,23,2,186,3,1,,,,,,,,,,,,,,,,,,,,,,,,,,,,,,,,,,,,,,,,,,,,,,,,,,,,,,,,,,,,,,,,,,,,,
,,,,,,,,,,,,,,,,,,,,,,,,,,,,,,,,,,,,,,,,,,,,,,,,,,,,,,,,,,,,,,,,,,358696,001,2024-11-25_10h08.06.026,experiment,2023.2.3,Win32,58.82352941,664cd1c6545aa0f362493dd9,67446fa89e86ac01e4128331,6744b006966c922b21271303,,,,,,,,,,,,,,,,,,,,,,,,,,,,,,,,,,,,,,,,,,1,,,,,,,,,,,,,4,,,,,,,,,,,,,,,,,,,,,,,,,,,,,,,,,,,,,,,,,,,,,,,s,0.7696,,space,0.2866,,4,brown_gnome,4,4,bright_forest,yellow_basket,green_gnome,4,4,dark_forest,red_basket,4,0,0,1,brown_gnome,bright_forest,yellow_basket,2334,2,3,23,3,187,3,1,,,,,,,,,,,,,,,,,,,,,,,,,,,,,,,,,,,,,,,,,,,,,,,,,,,,,,,,,,,,,,,,,,,,,
,,,,,,,,,,,,,,,,,,,,,,,,,,,,,,,,,,,,,,,,,,,,,,,,,,,,,,,,,,,,,,,,,,358696,001,2024-11-25_10h08.06.026,experiment,2023.2.3,Win32,58.82352941,664cd1c6545aa0f362493dd9,67446fa89e86ac01e4128331,6744b006966c922b21271303,,,,,,,,,,,,,,,,,,,,,,,,,,,,,,,,,,,,,,,,,,1,,,,,,,,,,,,,4,,,,,,,,,,,,,,,,,,,,,,,,,,,,,,,,,,,,,,,,,,,,,,,k,0.9787,,space,0.5786,,4,green_gnome,4,7,dark_forest,red_basket,brown_gnome,4,6,bright_forest,yellow_basket,6,0,0,1,brown_gnome,bright_forest,yellow_basket,2340,2,3,23,4,188,3,1,,,,,,,,,,,,,,,,,,,,,,,,,,,,,,,,,,,,,,,,,,,,,,,,,,,,,,,,,,,,,,,,,,,,,
,,,,,,,,,,,,,,,,,,,,,,,,,,,,,,,,,,,,,,,,,,,,,,,,,,,,,,,,,,,,,,,,,,358696,001,2024-11-25_10h08.06.026,experiment,2023.2.3,Win32,58.82352941,664cd1c6545aa0f362493dd9,67446fa89e86ac01e4128331,6744b006966c922b21271303,,,,,,,,,,,,,,,,,,,,,,,,,,,,,,,,,,,,,,,,,,1,,,,,,,,,,,,,3,,,,,,,,,,,,,,,,,,,,,,,,,,,,,,,,,,,,,,,,,,,,,,,s,0.9587,,space,0.4251,,3,purple_gnome,3,8,bright_forest,yellow_basket,yellow_gnome,3,8,dark_forest,red_basket,8,0,0,1,purple_gnome,bright_forest,yellow_basket,2348,1,-1,23,5,189,2,1,,,,,,,,,,,,,,,,,,,,,,,,,,,,,,,,,,,,,,,,,,,,,,,,,,,,,,,,,,,,,,,,,,,,,
,,,,,,,,,,,,,,,,,,,,,,,,,,,,,,,,,,,,,,,,,,,,,,,,,,,,,,,,,,,,,,,,,,358696,001,2024-11-25_10h08.06.026,experiment,2023.2.3,Win32,58.82352941,664cd1c6545aa0f362493dd9,67446fa89e86ac01e4128331,6744b006966c922b21271303,,,,,,,,,,,,,,,,,,,,,,,,,,,,,,,,,,,,,,,,,,1,,,,,,,,,,,,,2,,,,,,,,,,,,,,,,,,,,,,,,,,,,,,,,,,,,,,,,,,,,,,,k,1.2292,,space,0.4806,,2,pink_gnome,2,7,dark_forest,red_basket,blue_gnome,2,9,bright_forest,yellow_basket,9,0,0,1,blue_gnome,bright_forest,yellow_basket,2357,1,-2,23,6,190,1,1,,,,,,,,,,,,,,,,,,,,,,,,,,,,,,,,,,,,,,,,,,,,,,,,,,,,,,,,,,,,,,,,,,,,,
,,,,,,,,,,,,,,,,,,,,,,,,,,,,,,,,,,,,,,,,,,,,,,,,,,,,,,,,,,,,,,,,,,358696,001,2024-11-25_10h08.06.026,experiment,2023.2.3,Win32,58.82352941,664cd1c6545aa0f362493dd9,67446fa89e86ac01e4128331,6744b006966c922b21271303,,,,,,,,,,,,,,,,,,,,,,,,,,,,,,,,,,,,,,,,,,1,,,,,,,,,,,,,3,,,,,,,,,,,,,,,,,,,,,,,,,,,,,,,,,,,,,,,,,,,,,,,s,1.0284,,space,0.2581,,3,yellow_gnome,3,5,dark_forest,red_basket,purple_gnome,3,8,bright_forest,yellow_basket,5,0,0,1,yellow_gnome,dark_forest,red_basket,2362,-1,1,23,7,191,2,1,space,274.5399,,,,,,,,,,,,,,,,,,,,,,,,,,,,,,,,,,,,,,,,,,,,,,,,,,,,,,,,,,,,,,,,,,,
,,,,,,,,,,,,,,,,,,,,,,,,,,,,,,,,,,,,,,,,,,,,,,,,,,,,,,,,,,,,,,,,,,358696,001,2024-11-25_10h08.06.026,experiment,2023.2.3,Win32,58.82352941,664cd1c6545aa0f362493dd9,67446fa89e86ac01e4128331,6744b006966c922b21271303,,,,,,,,,,,,,,,,,,,,,,,,,,,,,,,,,,,,,,,,,,1,,,,,,,,,,,,,3,,,,,,,,,,,,,,,,,,,,,,,,,,,,,,,,,,,,,,,,,,,,,,,k,1.2761,,space,0.5705,,3,purple_gnome,3,7,bright_forest,yellow_basket,yellow_gnome,3,6,dark_forest,red_basket,6,0,0,1,yellow_gnome,dark_forest,red_basket,2368,-2,-4,24,0,192,2,1,,,,,,,,,,,,,,,,,,,,,,,,,,,,,,,,,,,,,,,,,,,,,,,,,,,,,,,,,,,,,,,,,,,,,
,,,,,,,,,,,,,,,,,,,,,,,,,,,,,,,,,,,,,,,,,,,,,,,,,,,,,,,,,,,,,,,,,,358696,001,2024-11-25_10h08.06.026,experiment,2023.2.3,Win32,58.82352941,664cd1c6545aa0f362493dd9,67446fa89e86ac01e4128331,6744b006966c922b21271303,,,,,,,,,,,,,,,,,,,,,,,,,,,,,,,,,,,,,,,,,,5,,,,,,,,,,,,,4,,,,,,,,,,,,,,,,,,,,,,,,,,,,,,,,,,,,,,,,,,,,,,,s,1.4118,,space,0.6477,,4,brown_gnome,4,5,bright_forest,yellow_basket,green_gnome,4,2,dark_forest,red_basket,25,0,0,1,brown_gnome,bright_forest,yellow_basket,2393,-2,-3,24,1,193,7,1,,,,,,,,,,,,,,,,,,,,,,,,,,,,,,,,,,,,,,,,,,,,,,,,,,,,,,,,,,,,,,,,,,,,,
,,,,,,,,,,,,,,,,,,,,,,,,,,,,,,,,,,,,,,,,,,,,,,,,,,,,,,,,,,,,,,,,,,358696,001,2024-11-25_10h08.06.026,experiment,2023.2.3,Win32,58.82352941,664cd1c6545aa0f362493dd9,67446fa89e86ac01e4128331,6744b006966c922b21271303,,,,,,,,,,,,,,,,,,,,,,,,,,,,,,,,,,,,,,,,,,5,,,,,,,,,,,,,3,,,,,,,,,,,,,,,,,,,,,,,,,,,,,,,,,,,,,,,,,,,,,,,s,1.0005,,space,0.4515,0.0016,3,purple_gnome,3,3,bright_forest,yellow_basket,yellow_gnome,3,1,dark_forest,red_basket,15,0,0,1,purple_gnome,bright_forest,yellow_basket,2408,-2,1,24,2,194,6,1,,,,,,,,,,,,,,,,,,,,,,,,,,,,,,,,,,,,,,,,,,,,,,,,,,,,,,,,,,,,,,,,,,,,,
,,,,,,,,,,,,,,,,,,,,,,,,,,,,,,,,,,,,,,,,,,,,,,,,,,,,,,,,,,,,,,,,,,358696,001,2024-11-25_10h08.06.026,experiment,2023.2.3,Win32,58.82352941,664cd1c6545aa0f362493dd9,67446fa89e86ac01e4128331,6744b006966c922b21271303,,,,,,,,,,,,,,,,,,,,,,,,,,,,,,,,,,,,,,,,,,1,,,,,,,,,,,,,3,,,,,,,,,,,,,,,,,,,,,,,,,,,,,,,,,,,,,,,,,,,,,,,,,,,,,3,purple_gnome,3,1,bright_forest,yellow_basket,yellow_gnome,3,2,dark_forest,red_basket,0,1,0,0,,bright_forest,yellow_basket,2408,-1,1,24,3,195,2,1,,,,,,,,,,,,,,,,,,,,,,,,,,,,,,,,,,,,,,,,,,,,,,,,,,,,,,,,,,,,,,,,,,,,,
,,,,,,,,,,,,,,,,,,,,,,,,,,,,,,,,,,,,,,,,,,,,,,,,,,,,,,,,,,,,,,,,,,358696,001,2024-11-25_10h08.06.026,experiment,2023.2.3,Win32,58.82352941,664cd1c6545aa0f362493dd9,67446fa89e86ac01e4128331,6744b006966c922b21271303,,,,,,,,,,,,,,,,,,,,,,,,,,,,,,,,,,,,,,,,,,1,,,,,,,,,,,,,2,,,,,,,,,,,,,,,,,,,,,,,,,,,,,,,,,,,,,,,,,,,,,,,k,0.6979,,space,0.3909,,2,blue_gnome,2,0,bright_forest,yellow_basket,pink_gnome,2,3,dark_forest,red_basket,3,0,0,1,pink_gnome,dark_forest,red_basket,2411,-2,1,24,4,196,1,1,,,,,,,,,,,,,,,,,,,,,,,,,,,,,,,,,,,,,,,,,,,,,,,,,,,,,,,,,,,,,,,,,,,,,
,,,,,,,,,,,,,,,,,,,,,,,,,,,,,,,,,,,,,,,,,,,,,,,,,,,,,,,,,,,,,,,,,,358696,001,2024-11-25_10h08.06.026,experiment,2023.2.3,Win32,58.82352941,664cd1c6545aa0f362493dd9,67446fa89e86ac01e4128331,6744b006966c922b21271303,,,,,,,,,,,,,,,,,,,,,,,,,,,,,,,,,,,,,,,,,,1,,,,,,,,,,,,,4,,,,,,,,,,,,,,,,,,,,,,,,,,,,,,,,,,,,,,,,,,,,,,,s,0.673,,space,0.8113,0.0019,4,brown_gnome,4,2,bright_forest,yellow_basket,green_gnome,4,4,dark_forest,red_basket,2,0,0,1,brown_gnome,bright_forest,yellow_basket,2413,5,0,24,5,197,3,1,,,,,,,,,,,,,,,,,,,,,,,,,,,,,,,,,,,,,,,,,,,,,,,,,,,,,,,,,,,,,,,,,,,,,
,,,,,,,,,,,,,,,,,,,,,,,,,,,,,,,,,,,,,,,,,,,,,,,,,,,,,,,,,,,,,,,,,,358696,001,2024-11-25_10h08.06.026,experiment,2023.2.3,Win32,58.82352941,664cd1c6545aa0f362493dd9,67446fa89e86ac01e4128331,6744b006966c922b21271303,,,,,,,,,,,,,,,,,,,,,,,,,,,,,,,,,,,,,,,,,,5,,,,,,,,,,,,,4,,,,,,,,,,,,,,,,,,,,,,,,,,,,,,,,,,,,,,,,,,,,,,,k,1.4785,,space,0.4871,,4,brown_gnome,4,7,bright_forest,yellow_basket,green_gnome,4,4,dark_forest,red_basket,20,0,0,1,green_gnome,dark_forest,red_basket,2433,0,-4,24,6,198,7,1,,,,,,,,,,,,,,,,,,,,,,,,,,,,,,,,,,,,,,,,,,,,,,,,,,,,,,,,,,,,,,,,,,,,,
,,,,,,,,,,,,,,,,,,,,,,,,,,,,,,,,,,,,,,,,,,,,,,,,,,,,,,,,,,,,,,,,,,358696,001,2024-11-25_10h08.06.026,experiment,2023.2.3,Win32,58.82352941,664cd1c6545aa0f362493dd9,67446fa89e86ac01e4128331,6744b006966c922b21271303,,,,,,,,,,,,,,,,,,,,,,,,,,,,,,,,,,,,,,,,,,5,,,,,,,,,,,,,2,,,,,,,,,,,,,,,,,,,,,,,,,,,,,,,,,,,,,,,,,,,,,,,s,0.9256,,space,0.6322,,2,pink_gnome,2,0,dark_forest,red_basket,blue_gnome,2,7,bright_forest,yellow_basket,0,0,0,1,pink_gnome,dark_forest,red_basket,2433,2,1,24,7,199,5,1,,,,,,,,,,,,,,,,,,,,,,,,,,,,,,,,,,,,,,,,,,,,,,,,,,,,,,,,,,,,,,,,,,,,,
,,,,,,,,,,,,,,,,,,,,,,,,,,,,,,,,,,,,,,,,,,,,,,,,,,,,,,,,,,,,,,,,,,358696,001,2024-11-25_10h08.06.026,experiment,2023.2.3,Win32,58.82352941,664cd1c6545aa0f362493dd9,67446fa89e86ac01e4128331,6744b006966c922b21271303,,,,,,,,,,,,,,,,,,,,,,,,,,,,,,,,,,,,,,,,,,1,,,,,,,,,,,,,4,,,,,,,,,,,,,,,,,,,,,,,,,,,,,,,,,,,,,,,,,,,,,,,k,1.3721,,space,1.1514,0.007,4,green_gnome,4,1,dark_forest,red_basket,brown_gnome,4,9,bright_forest,yellow_basket,9,0,0,1,brown_gnome,bright_forest,yellow_basket,2442,-2,-1,25,0,200,3,1,,,,,,,,,,,,,,,,,,,,,,,,,,,,,,,,,,,,,,,,,,,,,,,,,,,,,,,,,,,,,,,,,,,,,
,,,,,,,,,,,,,,,,,,,,,,,,,,,,,,,,,,,,,,,,,,,,,,,,,,,,,,,,,,,,,,,,,,358696,001,2024-11-25_10h08.06.026,experiment,2023.2.3,Win32,58.82352941,664cd1c6545aa0f362493dd9,67446fa89e86ac01e4128331,6744b006966c922b21271303,,,,,,,,,,,,,,,,,,,,,,,,,,,,,,,,,,,,,,,,,,1,,,,,,,,,,,,,3,,,,,,,,,,,,,,,,,,,,,,,,,,,,,,,,,,,,,,,,,,,,,,,s,0.7655,,space,0.9025,,3,yellow_gnome,3,0,dark_forest,red_basket,purple_gnome,3,7,bright_forest,yellow_basket,0,0,0,1,yellow_gnome,dark_forest,red_basket,2442,-2,3,25,1,201,2,1,,,,,,,,,,,,,,,,,,,,,,,,,,,,,,,,,,,,,,,,,,,,,,,,,,,,,,,,,,,,,,,,,,,,,
,,,,,,,,,,,,,,,,,,,,,,,,,,,,,,,,,,,,,,,,,,,,,,,,,,,,,,,,,,,,,,,,,,358696,001,2024-11-25_10h08.06.026,experiment,2023.2.3,Win32,58.82352941,664cd1c6545aa0f362493dd9,67446fa89e86ac01e4128331,6744b006966c922b21271303,,,,,,,,,,,,,,,,,,,,,,,,,,,,,,,,,,,,,,,,,,1,,,,,,,,,,,,,1,,,,,,,,,,,,,,,,,,,,,,,,,,,,,,,,,,,,,,,,,,,,,,,k,0.9728,,,,,1,orange_gnome,1,3,dark_forest,red_basket,red_gnome,1,5,bright_forest,yellow_basket,0,0,1,0,red_gnome,bright_forest,yellow_basket,2442,-1,1,25,2,202,0,1,,,,,,,,,,,,,,,,,,,,,,,,,,,,,,,,,,,,,,,,,,,,,,,,,,,,,,,,,,,,,,,,,,,,,
,,,,,,,,,,,,,,,,,,,,,,,,,,,,,,,,,,,,,,,,,,,,,,,,,,,,,,,,,,,,,,,,,,358696,001,2024-11-25_10h08.06.026,experiment,2023.2.3,Win32,58.82352941,664cd1c6545aa0f362493dd9,67446fa89e86ac01e4128331,6744b006966c922b21271303,,,,,,,,,,,,,,,,,,,,,,,,,,,,,,,,,,,,,,,,,,1,,,,,,,,,,,,,1,,,,,,,,,,,,,,,,,,,,,,,,,,,,,,,,,,,,,,,,,,,,,,,s,0.9086,,space,0.6286,0.005,1,red_gnome,1,4,bright_forest,yellow_basket,orange_gnome,1,4,dark_forest,red_basket,4,0,0,1,red_gnome,bright_forest,yellow_basket,2446,3,0,25,3,203,0,1,,,,,,,,,,,,,,,,,,,,,,,,,,,,,,,,,,,,,,,,,,,,,,,,,,,,,,,,,,,,,,,,,,,,,
,,,,,,,,,,,,,,,,,,,,,,,,,,,,,,,,,,,,,,,,,,,,,,,,,,,,,,,,,,,,,,,,,,358696,001,2024-11-25_10h08.06.026,experiment,2023.2.3,Win32,58.82352941,664cd1c6545aa0f362493dd9,67446fa89e86ac01e4128331,6744b006966c922b21271303,,,,,,,,,,,,,,,,,,,,,,,,,,,,,,,,,,,,,,,,,,1,,,,,,,,,,,,,3,,,,,,,,,,,,,,,,,,,,,,,,,,,,,,,,,,,,,,,,,,,,,,,k,0.761,,space,0.9981,,3,yellow_gnome,3,4,dark_forest,red_basket,purple_gnome,3,7,bright_forest,yellow_basket,7,0,0,1,purple_gnome,bright_forest,yellow_basket,2453,1,2,25,4,204,2,1,,,,,,,,,,,,,,,,,,,,,,,,,,,,,,,,,,,,,,,,,,,,,,,,,,,,,,,,,,,,,,,,,,,,,
,,,,,,,,,,,,,,,,,,,,,,,,,,,,,,,,,,,,,,,,,,,,,,,,,,,,,,,,,,,,,,,,,,358696,001,2024-11-25_10h08.06.026,experiment,2023.2.3,Win32,58.82352941,664cd1c6545aa0f362493dd9,67446fa89e86ac01e4128331,6744b006966c922b21271303,,,,,,,,,,,,,,,,,,,,,,,,,,,,,,,,,,,,,,,,,,5,,,,,,,,,,,,,3,,,,,,,,,,,,,,,,,,,,,,,,,,,,,,,,,,,,,,,,,,,,,,,k,1.2282,0.0031,space,0.2412,0.0018,3,yellow_gnome,3,6,dark_forest,red_basket,purple_gnome,3,8,bright_forest,yellow_basket,40,0,0,1,purple_gnome,bright_forest,yellow_basket,2493,-2,0,25,5,205,6,1,,,,,,,,,,,,,,,,,,,,,,,,,,,,,,,,,,,,,,,,,,,,,,,,,,,,,,,,,,,,,,,,,,,,,
,,,,,,,,,,,,,,,,,,,,,,,,,,,,,,,,,,,,,,,,,,,,,,,,,,,,,,,,,,,,,,,,,,358696,001,2024-11-25_10h08.06.026,experiment,2023.2.3,Win32,58.82352941,664cd1c6545aa0f362493dd9,67446fa89e86ac01e4128331,6744b006966c922b21271303,,,,,,,,,,,,,,,,,,,,,,,,,,,,,,,,,,,,,,,,,,1,,,,,,,,,,,,,4,,,,,,,,,,,,,,,,,,,,,,,,,,,,,,,,,,,,,,,,,,,,,,,k,1.0165,,space,0.4168,,4,brown_gnome,4,6,bright_forest,yellow_basket,green_gnome,4,6,dark_forest,red_basket,6,0,0,1,green_gnome,dark_forest,red_basket,2499,0,0,25,6,206,3,1,,,,,,,,,,,,,,,,,,,,,,,,,,,,,,,,,,,,,,,,,,,,,,,,,,,,,,,,,,,,,,,,,,,,,
,,,,,,,,,,,,,,,,,,,,,,,,,,,,,,,,,,,,,,,,,,,,,,,,,,,,,,,,,,,,,,,,,,358696,001,2024-11-25_10h08.06.026,experiment,2023.2.3,Win32,58.82352941,664cd1c6545aa0f362493dd9,67446fa89e86ac01e4128331,6744b006966c922b21271303,,,,,,,,,,,,,,,,,,,,,,,,,,,,,,,,,,,,,,,,,,5,,,,,,,,,,,,,1,,,,,,,,,,,,,,,,,,,,,,,,,,,,,,,,,,,,,,,,,,,,,,,s,0.6296,,space,0.6113,,1,orange_gnome,1,6,dark_forest,red_basket,red_gnome,1,6,bright_forest,yellow_basket,30,0,0,1,orange_gnome,dark_forest,red_basket,2529,-1,0,25,7,207,4,1,,,,,,,,,,,,,,,,,,,,,,,,,,,,,,,,,,,,,,,,,,,,,,,,,,,,,,,,,,,,,,,,,,,,,
,,,,,,,,,,,,,,,,,,,,,,,,,,,,,,,,,,,,,,,,,,,,,,,,,,,,,,,,,,,,,,,,,,358696,001,2024-11-25_10h08.06.026,experiment,2023.2.3,Win32,58.82352941,664cd1c6545aa0f362493dd9,67446fa89e86ac01e4128331,6744b006966c922b21271303,,,,,,,,,,,,,,,,,,,,,,,,,,,,,,,,,,,,,,,,,,5,,,,,,,,,,,,,2,,,,,,,,,,,,,,,,,,,,,,,,,,,,,,,,,,,,,,,,,,,,,,,k,1.1665,,space,0.1787,,2,blue_gnome,2,5,bright_forest,yellow_basket,pink_gnome,2,6,dark_forest,red_basket,30,0,0,1,pink_gnome,dark_forest,red_basket,2559,2,2,26,0,208,5,1,,,,,,,,,,,,,,,,,,,,,,,,,,,,,,,,,,,,,,,,,,,,,,,,,,,,,,,,,,,,,,,,,,,,,
,,,,,,,,,,,,,,,,,,,,,,,,,,,,,,,,,,,,,,,,,,,,,,,,,,,,,,,,,,,,,,,,,,358696,001,2024-11-25_10h08.06.026,experiment,2023.2.3,Win32,58.82352941,664cd1c6545aa0f362493dd9,67446fa89e86ac01e4128331,6744b006966c922b21271303,,,,,,,,,,,,,,,,,,,,,,,,,,,,,,,,,,,,,,,,,,1,,,,,,,,,,,,,1,,,,,,,,,,,,,,,,,,,,,,,,,,,,,,,,,,,,,,,,,,,,,,,s,0.6168,,space,0.5146,,1,orange_gnome,1,8,dark_forest,red_basket,red_gnome,1,7,bright_forest,yellow_basket,8,0,0,1,orange_gnome,dark_forest,red_basket,2567,2,1,26,1,209,0,1,,,,,,,,,,,,,,,,,,,,,,,,,,,,,,,,,,,,,,,,,,,,,,,,,,,,,,,,,,,,,,,,,,,,,
,,,,,,,,,,,,,,,,,,,,,,,,,,,,,,,,,,,,,,,,,,,,,,,,,,,,,,,,,,,,,,,,,,358696,001,2024-11-25_10h08.06.026,experiment,2023.2.3,Win32,58.82352941,664cd1c6545aa0f362493dd9,67446fa89e86ac01e4128331,6744b006966c922b21271303,,,,,,,,,,,,,,,,,,,,,,,,,,,,,,,,,,,,,,,,,,5,,,,,,,,,,,,,4,,,,,,,,,,,,,,,,,,,,,,,,,,,,,,,,,,,,,,,,,,,,,,,k,0.5801,,space,0.9028,0.0015,4,green_gnome,4,9,dark_forest,red_basket,brown_gnome,4,9,bright_forest,yellow_basket,45,0,0,1,brown_gnome,bright_forest,yellow_basket,2612,0,0,26,2,210,7,1,,,,,,,,,,,,,,,,,,,,,,,,,,,,,,,,,,,,,,,,,,,,,,,,,,,,,,,,,,,,,,,,,,,,,
,,,,,,,,,,,,,,,,,,,,,,,,,,,,,,,,,,,,,,,,,,,,,,,,,,,,,,,,,,,,,,,,,,358696,001,2024-11-25_10h08.06.026,experiment,2023.2.3,Win32,58.82352941,664cd1c6545aa0f362493dd9,67446fa89e86ac01e4128331,6744b006966c922b21271303,,,,,,,,,,,,,,,,,,,,,,,,,,,,,,,,,,,,,,,,,,1,,,,,,,,,,,,,3,,,,,,,,,,,,,,,,,,,,,,,,,,,,,,,,,,,,,,,,,,,,,,,,,,,,,3,yellow_gnome,3,9,dark_forest,red_basket,purple_gnome,3,9,bright_forest,yellow_basket,0,1,0,0,,bright_forest,yellow_basket,2612,0,1,26,3,211,2,1,,,,,,,,,,,,,,,,,,,,,,,,,,,,,,,,,,,,,,,,,,,,,,,,,,,,,,,,,,,,,,,,,,,,,
,,,,,,,,,,,,,,,,,,,,,,,,,,,,,,,,,,,,,,,,,,,,,,,,,,,,,,,,,,,,,,,,,,358696,001,2024-11-25_10h08.06.026,experiment,2023.2.3,Win32,58.82352941,664cd1c6545aa0f362493dd9,67446fa89e86ac01e4128331,6744b006966c922b21271303,,,,,,,,,,,,,,,,,,,,,,,,,,,,,,,,,,,,,,,,,,5,,,,,,,,,,,,,3,,,,,,,,,,,,,,,,,,,,,,,,,,,,,,,,,,,,,,,,,,,,,,,s,0.5045,,space,0.4959,0.0017,3,purple_gnome,3,9,bright_forest,yellow_basket,yellow_gnome,3,8,dark_forest,red_basket,45,0,0,1,purple_gnome,bright_forest,yellow_basket,2657,0,-2,26,4,212,6,1,,,,,,,,,,,,,,,,,,,,,,,,,,,,,,,,,,,,,,,,,,,,,,,,,,,,,,,,,,,,,,,,,,,,,
,,,,,,,,,,,,,,,,,,,,,,,,,,,,,,,,,,,,,,,,,,,,,,,,,,,,,,,,,,,,,,,,,,358696,001,2024-11-25_10h08.06.026,experiment,2023.2.3,Win32,58.82352941,664cd1c6545aa0f362493dd9,67446fa89e86ac01e4128331,6744b006966c922b21271303,,,,,,,,,,,,,,,,,,,,,,,,,,,,,,,,,,,,,,,,,,5,,,,,,,,,,,,,1,,,,,,,,,,,,,,,,,,,,,,,,,,,,,,,,,,,,,,,,,,,,,,,k,0.773,,space,0.5611,,1,red_gnome,1,9,bright_forest,yellow_basket,orange_gnome,1,6,dark_forest,red_basket,30,0,0,1,orange_gnome,dark_forest,red_basket,2687,0,2,26,5,213,4,1,,,,,,,,,,,,,,,,,,,,,,,,,,,,,,,,,,,,,,,,,,,,,,,,,,,,,,,,,,,,,,,,,,,,,
,,,,,,,,,,,,,,,,,,,,,,,,,,,,,,,,,,,,,,,,,,,,,,,,,,,,,,,,,,,,,,,,,,358696,001,2024-11-25_10h08.06.026,experiment,2023.2.3,Win32,58.82352941,664cd1c6545aa0f362493dd9,67446fa89e86ac01e4128331,6744b006966c922b21271303,,,,,,,,,,,,,,,,,,,,,,,,,,,,,,,,,,,,,,,,,,5,,,,,,,,,,,,,3,,,,,,,,,,,,,,,,,,,,,,,,,,,,,,,,,,,,,,,,,,,,,,,s,0.5661,,space,0.6081,,3,yellow_gnome,3,8,dark_forest,red_basket,purple_gnome,3,9,bright_forest,yellow_basket,40,0,0,1,yellow_gnome,dark_forest,red_basket,2727,1,-2,26,6,214,6,1,,,,,,,,,,,,,,,,,,,,,,,,,,,,,,,,,,,,,,,,,,,,,,,,,,,,,,,,,,,,,,,,,,,,,
,,,,,,,,,,,,,,,,,,,,,,,,,,,,,,,,,,,,,,,,,,,,,,,,,,,,,,,,,,,,,,,,,,358696,001,2024-11-25_10h08.06.026,experiment,2023.2.3,Win32,58.82352941,664cd1c6545aa0f362493dd9,67446fa89e86ac01e4128331,6744b006966c922b21271303,,,,,,,,,,,,,,,,,,,,,,,,,,,,,,,,,,,,,,,,,,5,,,,,,,,,,,,,2,,,,,,,,,,,,,,,,,,,,,,,,,,,,,,,,,,,,,,,,,,,,,,,k,0.8495,,space,0.729,0.0021,2,pink_gnome,2,6,dark_forest,red_basket,blue_gnome,2,8,bright_forest,yellow_basket,40,0,0,1,blue_gnome,bright_forest,yellow_basket,2767,0,2,26,7,215,5,1,,,,,,,,,,,,,,,,,,,,,,,,,,,,,,,,,,,,,,,,,,,,,,,,,,,,,,,,,,,,,,,,,,,,,
,,,,,,,,,,,,,,,,,,,,,,,,,,,,,,,,,,,,,,,,,,,,,,,,,,,,,,,,,,,,,,,,,,358696,001,2024-11-25_10h08.06.026,experiment,2023.2.3,Win32,58.82352941,664cd1c6545aa0f362493dd9,67446fa89e86ac01e4128331,6744b006966c922b21271303,,,,,,,,,,,,,,,,,,,,,,,,,,,,,,,,,,,,,,,,,,5,,,,,,,,,,,,,4,,,,,,,,,,,,,,,,,,,,,,,,,,,,,,,,,,,,,,,,,,,,,,,s,0.7553,,space,0.3305,,4,brown_gnome,4,8,bright_forest,yellow_basket,green_gnome,4,8,dark_forest,red_basket,40,0,0,1,brown_gnome,bright_forest,yellow_basket,2807,-3,1,27,0,216,7,1,,,,,,,,,,,,,,,,,,,,,,,,,,,,,,,,,,,,,,,,,,,,,,,,,,,,,,,,,,,,,,,,,,,,,
,,,,,,,,,,,,,,,,,,,,,,,,,,,,,,,,,,,,,,,,,,,,,,,,,,,,,,,,,,,,,,,,,,358696,001,2024-11-25_10h08.06.026,experiment,2023.2.3,Win32,58.82352941,664cd1c6545aa0f362493dd9,67446fa89e86ac01e4128331,6744b006966c922b21271303,,,,,,,,,,,,,,,,,,,,,,,,,,,,,,,,,,,,,,,,,,5,,,,,,,,,,,,,3,,,,,,,,,,,,,,,,,,,,,,,,,,,,,,,,,,,,,,,,,,,,,,,k,0.9252,,space,0.6422,,3,purple_gnome,3,5,bright_forest,yellow_basket,yellow_gnome,3,9,dark_forest,red_basket,45,0,0,1,yellow_gnome,dark_forest,red_basket,2852,4,2,27,1,217,6,1,,,,,,,,,,,,,,,,,,,,,,,,,,,,,,,,,,,,,,,,,,,,,,,,,,,,,,,,,,,,,,,,,,,,,
,,,,,,,,,,,,,,,,,,,,,,,,,,,,,,,,,,,,,,,,,,,,,,,,,,,,,,,,,,,,,,,,,,358696,001,2024-11-25_10h08.06.026,experiment,2023.2.3,Win32,58.82352941,664cd1c6545aa0f362493dd9,67446fa89e86ac01e4128331,6744b006966c922b21271303,,,,,,,,,,,,,,,,,,,,,,,,,,,,,,,,,,,,,,,,,,5,,,,,,,,,,,,,2,,,,,,,,,,,,,,,,,,,,,,,,,,,,,,,,,,,,,,,,,,,,,,,k,1.121,,space,0.9401,,2,blue_gnome,2,9,bright_forest,yellow_basket,pink_gnome,2,7,dark_forest,red_basket,35,0,0,1,pink_gnome,dark_forest,red_basket,2887,-1,1,27,2,218,5,1,,,,,,,,,,,,,,,,,,,,,,,,,,,,,,,,,,,,,,,,,,,,,,,,,,,,,,,,,,,,,,,,,,,,,
,,,,,,,,,,,,,,,,,,,,,,,,,,,,,,,,,,,,,,,,,,,,,,,,,,,,,,,,,,,,,,,,,,358696,001,2024-11-25_10h08.06.026,experiment,2023.2.3,Win32,58.82352941,664cd1c6545aa0f362493dd9,67446fa89e86ac01e4128331,6744b006966c922b21271303,,,,,,,,,,,,,,,,,,,,,,,,,,,,,,,,,,,,,,,,,,5,,,,,,,,,,,,,2,,,,,,,,,,,,,,,,,,,,,,,,,,,,,,,,,,,,,,,,,,,,,,,s,0.7839,,space,0.5112,,2,pink_gnome,2,8,dark_forest,red_basket,blue_gnome,2,8,bright_forest,yellow_basket,40,0,0,1,pink_gnome,dark_forest,red_basket,2927,0,1,27,3,219,5,1,,,,,,,,,,,,,,,,,,,,,,,,,,,,,,,,,,,,,,,,,,,,,,,,,,,,,,,,,,,,,,,,,,,,,
,,,,,,,,,,,,,,,,,,,,,,,,,,,,,,,,,,,,,,,,,,,,,,,,,,,,,,,,,,,,,,,,,,358696,001,2024-11-25_10h08.06.026,experiment,2023.2.3,Win32,58.82352941,664cd1c6545aa0f362493dd9,67446fa89e86ac01e4128331,6744b006966c922b21271303,,,,,,,,,,,,,,,,,,,,,,,,,,,,,,,,,,,,,,,,,,5,,,,,,,,,,,,,1,,,,,,,,,,,,,,,,,,,,,,,,,,,,,,,,,,,,,,,,,,,,,,,k,1.0658,,space,1.2396,,1,orange_gnome,1,9,dark_forest,red_basket,red_gnome,1,8,bright_forest,yellow_basket,40,0,0,1,red_gnome,bright_forest,yellow_basket,2967,-1,0,27,4,220,4,1,,,,,,,,,,,,,,,,,,,,,,,,,,,,,,,,,,,,,,,,,,,,,,,,,,,,,,,,,,,,,,,,,,,,,
,,,,,,,,,,,,,,,,,,,,,,,,,,,,,,,,,,,,,,,,,,,,,,,,,,,,,,,,,,,,,,,,,,358696,001,2024-11-25_10h08.06.026,experiment,2023.2.3,Win32,58.82352941,664cd1c6545aa0f362493dd9,67446fa89e86ac01e4128331,6744b006966c922b21271303,,,,,,,,,,,,,,,,,,,,,,,,,,,,,,,,,,,,,,,,,,5,,,,,,,,,,,,,2,,,,,,,,,,,,,,,,,,,,,,,,,,,,,,,,,,,,,,,,,,,,,,,s,0.7414,,space,0.1646,,2,blue_gnome,2,7,bright_forest,yellow_basket,pink_gnome,2,9,dark_forest,red_basket,35,0,0,1,blue_gnome,bright_forest,yellow_basket,3002,2,1,27,5,221,5,1,,,,,,,,,,,,,,,,,,,,,,,,,,,,,,,,,,,,,,,,,,,,,,,,,,,,,,,,,,,,,,,,,,,,,
,,,,,,,,,,,,,,,,,,,,,,,,,,,,,,,,,,,,,,,,,,,,,,,,,,,,,,,,,,,,,,,,,,358696,001,2024-11-25_10h08.06.026,experiment,2023.2.3,Win32,58.82352941,664cd1c6545aa0f362493dd9,67446fa89e86ac01e4128331,6744b006966c922b21271303,,,,,,,,,,,,,,,,,,,,,,,,,,,,,,,,,,,,,,,,,,1,,,,,,,,,,,,,3,,,,,,,,,,,,,,,,,,,,,,,,,,,,,,,,,,,,,,,,,,,,,,,k,0.9777,,space,0.5854,,3,purple_gnome,3,9,bright_forest,yellow_basket,yellow_gnome,3,8,dark_forest,red_basket,8,0,0,1,yellow_gnome,dark_forest,red_basket,3010,-1,-4,27,6,222,2,1,,,,,,,,,,,,,,,,,,,,,,,,,,,,,,,,,,,,,,,,,,,,,,,,,,,,,,,,,,,,,,,,,,,,,
,,,,,,,,,,,,,,,,,,,,,,,,,,,,,,,,,,,,,,,,,,,,,,,,,,,,,,,,,,,,,,,,,,358696,001,2024-11-25_10h08.06.026,experiment,2023.2.3,Win32,58.82352941,664cd1c6545aa0f362493dd9,67446fa89e86ac01e4128331,6744b006966c922b21271303,,,,,,,,,,,,,,,,,,,,,,,,,,,,,,,,,,,,,,,,,,5,,,,,,,,,,,,,3,,,,,,,,,,,,,,,,,,,,,,,,,,,,,,,,,,,,,,,,,,,,,,,k,0.9166,,space,0.467,,3,yellow_gnome,3,4,dark_forest,red_basket,purple_gnome,3,8,bright_forest,yellow_basket,40,0,0,1,purple_gnome,bright_forest,yellow_basket,3050,1,-2,27,7,223,6,1,,,,,,,,,,,,,,,,,,,,,,,,,,,,,,,,,,,,,,,,,,,,,,,,,,,,,,,,,,,,,,,,,,,,,
,,,,,,,,,,,,,,,,,,,,,,,,,,,,,,,,,,,,,,,,,,,,,,,,,,,,,,,,,,,,,,,,,,358696,001,2024-11-25_10h08.06.026,experiment,2023.2.3,Win32,58.82352941,664cd1c6545aa0f362493dd9,67446fa89e86ac01e4128331,6744b006966c922b21271303,,,,,,,,,,,,,,,,,,,,,,,,,,,,,,,,,,,,,,,,,,1,,,,,,,,,,,,,1,,,,,,,,,,,,,,,,,,,,,,,,,,,,,,,,,,,,,,,,,,,,,,,k,1.0431,,space,0.5426,0.002,1,orange_gnome,1,2,dark_forest,red_basket,red_gnome,1,9,bright_forest,yellow_basket,9,0,0,1,red_gnome,bright_forest,yellow_basket,3059,2,0,28,0,224,0,1,,,,,,,,,,,,,,,,,,,,,,,,,,,,,,,,,,,,,,,,,,,,,,,,,,,,,,,,,,,,,,,,,,,,,
,,,,,,,,,,,,,,,,,,,,,,,,,,,,,,,,,,,,,,,,,,,,,,,,,,,,,,,,,,,,,,,,,,358696,001,2024-11-25_10h08.06.026,experiment,2023.2.3,Win32,58.82352941,664cd1c6545aa0f362493dd9,67446fa89e86ac01e4128331,6744b006966c922b21271303,,,,,,,,,,,,,,,,,,,,,,,,,,,,,,,,,,,,,,,,,,1,,,,,,,,,,,,,1,,,,,,,,,,,,,,,,,,,,,,,,,,,,,,,,,,,,,,,,,,,,,,,s,0.5713,,space,0.1208,,1,orange_gnome,1,2,dark_forest,red_basket,red_gnome,1,7,bright_forest,yellow_basket,2,0,0,1,orange_gnome,dark_forest,red_basket,3061,-1,2,28,1,225,0,1,,,,,,,,,,,,,,,,,,,,,,,,,,,,,,,,,,,,,,,,,,,,,,,,,,,,,,,,,,,,,,,,,,,,,
,,,,,,,,,,,,,,,,,,,,,,,,,,,,,,,,,,,,,,,,,,,,,,,,,,,,,,,,,,,,,,,,,,358696,001,2024-11-25_10h08.06.026,experiment,2023.2.3,Win32,58.82352941,664cd1c6545aa0f362493dd9,67446fa89e86ac01e4128331,6744b006966c922b21271303,,,,,,,,,,,,,,,,,,,,,,,,,,,,,,,,,,,,,,,,,,1,,,,,,,,,,,,,2,,,,,,,,,,,,,,,,,,,,,,,,,,,,,,,,,,,,,,,,,,,,,,,k,1.0721,,space,0.2858,,2,pink_gnome,2,4,dark_forest,red_basket,blue_gnome,2,6,bright_forest,yellow_basket,6,0,0,1,blue_gnome,bright_forest,yellow_basket,3067,-4,-3,28,2,226,1,1,,,,,,,,,,,,,,,,,,,,,,,,,,,,,,,,,,,,,,,,,,,,,,,,,,,,,,,,,,,,,,,,,,,,,
,,,,,,,,,,,,,,,,,,,,,,,,,,,,,,,,,,,,,,,,,,,,,,,,,,,,,,,,,,,,,,,,,,358696,001,2024-11-25_10h08.06.026,experiment,2023.2.3,Win32,58.82352941,664cd1c6545aa0f362493dd9,67446fa89e86ac01e4128331,6744b006966c922b21271303,,,,,,,,,,,,,,,,,,,,,,,,,,,,,,,,,,,,,,,,,,5,,,,,,,,,,,,,3,,,,,,,,,,,,,,,,,,,,,,,,,,,,,,,,,,,,,,,,,,,,,,,s,0.5824,,space,0.6692,0.0017,3,purple_gnome,3,2,bright_forest,yellow_basket,yellow_gnome,3,1,dark_forest,red_basket,10,0,0,1,purple_gnome,bright_forest,yellow_basket,3077,-4,3,28,3,227,6,1,,,,,,,,,,,,,,,,,,,,,,,,,,,,,,,,,,,,,,,,,,,,,,,,,,,,,,,,,,,,,,,,,,,,,
,,,,,,,,,,,,,,,,,,,,,,,,,,,,,,,,,,,,,,,,,,,,,,,,,,,,,,,,,,,,,,,,,,358696,001,2024-11-25_10h08.06.026,experiment,2023.2.3,Win32,58.82352941,664cd1c6545aa0f362493dd9,67446fa89e86ac01e4128331,6744b006966c922b21271303,,,,,,,,,,,,,,,,,,,,,,,,,,,,,,,,,,,,,,,,,,5,,,,,,,,,,,,,4,,,,,,,,,,,,,,,,,,,,,,,,,,,,,,,,,,,,,,,,,,,,,,,k,1.1298,,space,0.3837,,4,brown_gnome,4,2,bright_forest,yellow_basket,green_gnome,4,4,dark_forest,red_basket,20,0,0,1,green_gnome,dark_forest,red_basket,3097,1,-3,28,4,228,7,1,,,,,,,,,,,,,,,,,,,,,,,,,,,,,,,,,,,,,,,,,,,,,,,,,,,,,,,,,,,,,,,,,,,,,
,,,,,,,,,,,,,,,,,,,,,,,,,,,,,,,,,,,,,,,,,,,,,,,,,,,,,,,,,,,,,,,,,,358696,001,2024-11-25_10h08.06.026,experiment,2023.2.3,Win32,58.82352941,664cd1c6545aa0f362493dd9,67446fa89e86ac01e4128331,6744b006966c922b21271303,,,,,,,,,,,,,,,,,,,,,,,,,,,,,,,,,,,,,,,,,,5,,,,,,,,,,,,,4,,,,,,,,,,,,,,,,,,,,,,,,,,,,,,,,,,,,,,,,,,,,,,,s,1.1263,,space,1.1626,,4,green_gnome,4,1,dark_forest,red_basket,brown_gnome,4,3,bright_forest,yellow_basket,5,0,0,1,green_gnome,dark_forest,red_basket,3102,2,1,28,5,229,7,1,,,,,,,,,,,,,,,,,,,,,,,,,,,,,,,,,,,,,,,,,,,,,,,,,,,,,,,,,,,,,,,,,,,,,
,,,,,,,,,,,,,,,,,,,,,,,,,,,,,,,,,,,,,,,,,,,,,,,,,,,,,,,,,,,,,,,,,,358696,001,2024-11-25_10h08.06.026,experiment,2023.2.3,Win32,58.82352941,664cd1c6545aa0f362493dd9,67446fa89e86ac01e4128331,6744b006966c922b21271303,,,,,,,,,,,,,,,,,,,,,,,,,,,,,,,,,,,,,,,,,,1,,,,,,,,,,,,,4,,,,,,,,,,,,,,,,,,,,,,,,,,,,,,,,,,,,,,,,,,,,,,,s,0.962,,space,0.6057,,4,brown_gnome,4,5,bright_forest,yellow_basket,green_gnome,4,2,dark_forest,red_basket,5,0,0,1,brown_gnome,bright_forest,yellow_basket,3107,1,-4,28,6,230,3,1,,,,,,,,,,,,,,,,,,,,,,,,,,,,,,,,,,,,,,,,,,,,,,,,,,,,,,,,,,,,,,,,,,,,,
,,,,,,,,,,,,,,,,,,,,,,,,,,,,,,,,,,,,,,,,,,,,,,,,,,,,,,,,,,,,,,,,,,358696,001,2024-11-25_10h08.06.026,experiment,2023.2.3,Win32,58.82352941,664cd1c6545aa0f362493dd9,67446fa89e86ac01e4128331,6744b006966c922b21271303,,,,,,,,,,,,,,,,,,,,,,,,,,,,,,,,,,,,,,,,,,1,,,,,,,,,,,,,2,,,,,,,,,,,,,,,,,,,,,,,,,,,,,,,,,,,,,,,,,,,,,,,,,,,,,2,pink_gnome,2,2,dark_forest,red_basket,blue_gnome,2,6,bright_forest,yellow_basket,0,1,0,0,,bright_forest,yellow_basket,3107,1,1,28,7,231,1,1,,,,,,,,,,,,,,,,,,,,,,,,,,,,,,,,,,,,,,,,,,,,,,,,,,,,,,,,,,,,,,,,,,,,,
,,,,,,,,,,,,,,,,,,,,,,,,,,,,,,,,,,,,,,,,,,,,,,,,,,,,,,,,,,,,,,,,,,358696,001,2024-11-25_10h08.06.026,experiment,2023.2.3,Win32,58.82352941,664cd1c6545aa0f362493dd9,67446fa89e86ac01e4128331,6744b006966c922b21271303,,,,,,,,,,,,,,,,,,,,,,,,,,,,,,,,,,,,,,,,,,1,,,,,,,,,,,,,1,,,,,,,,,,,,,,,,,,,,,,,,,,,,,,,,,,,,,,,,,,,,,,,s,0.7691,,space,0.2663,0.0021,1,red_gnome,1,7,bright_forest,yellow_basket,orange_gnome,1,3,dark_forest,red_basket,7,0,0,1,red_gnome,bright_forest,yellow_basket,3114,2,-4,29,0,232,0,1,,,,,,,,,,,,,,,,,,,,,,,,,,,,,,,,,,,,,,,,,,,,,,,,,,,,,,,,,,,,,,,,,,,,,
,,,,,,,,,,,,,,,,,,,,,,,,,,,,,,,,,,,,,,,,,,,,,,,,,,,,,,,,,,,,,,,,,,358696,001,2024-11-25_10h08.06.026,experiment,2023.2.3,Win32,58.82352941,664cd1c6545aa0f362493dd9,67446fa89e86ac01e4128331,6744b006966c922b21271303,,,,,,,,,,,,,,,,,,,,,,,,,,,,,,,,,,,,,,,,,,5,,,,,,,,,,,,,2,,,,,,,,,,,,,,,,,,,,,,,,,,,,,,,,,,,,,,,,,,,,,,,k,0.736,,space,0.4973,,2,pink_gnome,2,1,dark_forest,red_basket,blue_gnome,2,9,bright_forest,yellow_basket,45,0,0,1,blue_gnome,bright_forest,yellow_basket,3159,-1,1,29,1,233,5,1,,,,,,,,,,,,,,,,,,,,,,,,,,,,,,,,,,,,,,,,,,,,,,,,,,,,,,,,,,,,,,,,,,,,,
,,,,,,,,,,,,,,,,,,,,,,,,,,,,,,,,,,,,,,,,,,,,,,,,,,,,,,,,,,,,,,,,,,358696,001,2024-11-25_10h08.06.026,experiment,2023.2.3,Win32,58.82352941,664cd1c6545aa0f362493dd9,67446fa89e86ac01e4128331,6744b006966c922b21271303,,,,,,,,,,,,,,,,,,,,,,,,,,,,,,,,,,,,,,,,,,1,,,,,,,,,,,,,3,,,,,,,,,,,,,,,,,,,,,,,,,,,,,,,,,,,,,,,,,,,,,,,s,0.744,,space,0.4028,,3,yellow_gnome,3,2,dark_forest,red_basket,purple_gnome,3,8,bright_forest,yellow_basket,2,0,0,1,yellow_gnome,dark_forest,red_basket,3161,0,1,29,2,234,2,1,,,,,,,,,,,,,,,,,,,,,,,,,,,,,,,,,,,,,,,,,,,,,,,,,,,,,,,,,,,,,,,,,,,,,
,,,,,,,,,,,,,,,,,,,,,,,,,,,,,,,,,,,,,,,,,,,,,,,,,,,,,,,,,,,,,,,,,,358696,001,2024-11-25_10h08.06.026,experiment,2023.2.3,Win32,58.82352941,664cd1c6545aa0f362493dd9,67446fa89e86ac01e4128331,6744b006966c922b21271303,,,,,,,,,,,,,,,,,,,,,,,,,,,,,,,,,,,,,,,,,,1,,,,,,,,,,,,,3,,,,,,,,,,,,,,,,,,,,,,,,,,,,,,,,,,,,,,,,,,,,,,,k,0.7455,,space,0.6195,,3,yellow_gnome,3,3,dark_forest,red_basket,purple_gnome,3,8,bright_forest,yellow_basket,8,0,0,1,purple_gnome,bright_forest,yellow_basket,3169,1,1,29,3,235,2,1,,,,,,,,,,,,,,,,,,,,,,,,,,,,,,,,,,,,,,,,,,,,,,,,,,,,,,,,,,,,,,,,,,,,,
,,,,,,,,,,,,,,,,,,,,,,,,,,,,,,,,,,,,,,,,,,,,,,,,,,,,,,,,,,,,,,,,,,358696,001,2024-11-25_10h08.06.026,experiment,2023.2.3,Win32,58.82352941,664cd1c6545aa0f362493dd9,67446fa89e86ac01e4128331,6744b006966c922b21271303,,,,,,,,,,,,,,,,,,,,,,,,,,,,,,,,,,,,,,,,,,1,,,,,,,,,,,,,3,,,,,,,,,,,,,,,,,,,,,,,,,,,,,,,,,,,,,,,,,,,,,,,s,1.3605,,space,0.8023,,3,purple_gnome,3,9,bright_forest,yellow_basket,yellow_gnome,3,4,dark_forest,red_basket,9,0,0,1,purple_gnome,bright_forest,yellow_basket,3178,-2,-1,29,4,236,2,1,,,,,,,,,,,,,,,,,,,,,,,,,,,,,,,,,,,,,,,,,,,,,,,,,,,,,,,,,,,,,,,,,,,,,
,,,,,,,,,,,,,,,,,,,,,,,,,,,,,,,,,,,,,,,,,,,,,,,,,,,,,,,,,,,,,,,,,,358696,001,2024-11-25_10h08.06.026,experiment,2023.2.3,Win32,58.82352941,664cd1c6545aa0f362493dd9,67446fa89e86ac01e4128331,6744b006966c922b21271303,,,,,,,,,,,,,,,,,,,,,,,,,,,,,,,,,,,,,,,,,,5,,,,,,,,,,,,,4,,,,,,,,,,,,,,,,,,,,,,,,,,,,,,,,,,,,,,,,,,,,,,,s,1.174,,,,,4,brown_gnome,4,7,bright_forest,yellow_basket,green_gnome,4,3,dark_forest,red_basket,0,0,1,0,brown_gnome,bright_forest,yellow_basket,3178,-1,-1,29,5,237,7,1,,,,,,,,,,,,,,,,,,,,,,,,,,,,,,,,,,,,,,,,,,,,,,,,,,,,,,,,,,,,,,,,,,,,,
,,,,,,,,,,,,,,,,,,,,,,,,,,,,,,,,,,,,,,,,,,,,,,,,,,,,,,,,,,,,,,,,,,358696,001,2024-11-25_10h08.06.026,experiment,2023.2.3,Win32,58.82352941,664cd1c6545aa0f362493dd9,67446fa89e86ac01e4128331,6744b006966c922b21271303,,,,,,,,,,,,,,,,,,,,,,,,,,,,,,,,,,,,,,,,,,5,,,,,,,,,,,,,4,,,,,,,,,,,,,,,,,,,,,,,,,,,,,,,,,,,,,,,,,,,,,,,s,0.6965,,space,0.9572,0.0017,4,brown_gnome,4,6,bright_forest,yellow_basket,green_gnome,4,2,dark_forest,red_basket,30,0,0,1,brown_gnome,bright_forest,yellow_basket,3208,-1,-2,29,6,238,7,1,,,,,,,,,,,,,,,,,,,,,,,,,,,,,,,,,,,,,,,,,,,,,,,,,,,,,,,,,,,,,,,,,,,,,
,,,,,,,,,,,,,,,,,,,,,,,,,,,,,,,,,,,,,,,,,,,,,,,,,,,,,,,,,,,,,,,,,,358696,001,2024-11-25_10h08.06.026,experiment,2023.2.3,Win32,58.82352941,664cd1c6545aa0f362493dd9,67446fa89e86ac01e4128331,6744b006966c922b21271303,,,,,,,,,,,,,,,,,,,,,,,,,,,,,,,,,,,,,,,,,,1,,,,,,,,,,,,,4,,,,,,,,,,,,,,,,,,,,,,,,,,,,,,,,,,,,,,,,,,,,,,,k,0.85,,space,0.2123,,4,brown_gnome,4,5,bright_forest,yellow_basket,green_gnome,4,0,dark_forest,red_basket,0,0,0,1,green_gnome,dark_forest,red_basket,3208,1,-2,29,7,239,3,1,,,,,,,,,,,,,,,,,,,,,,,,,,,,,,,,,,,,,,,,,,,,,,,,,,,,,,,,,,,,,,,,,,,,,
,,,,,,,,,,,,,,,,,,,,,,,,,,,,,,,,,,,,,,,,,,,,,,,,,,,,,,,,,,,,,,,,,,358696,001,2024-11-25_10h08.06.026,experiment,2023.2.3,Win32,58.82352941,664cd1c6545aa0f362493dd9,67446fa89e86ac01e4128331,6744b006966c922b21271303,,,,,,,,,,,,,,,,,,,,,,,,,,,,,,,,,,,,,,,,,,1,,,,,,,,,,,,,1,,,,,,,,,,,,,,,,,,,,,,,,,,,,,,,,,,,,,,,,,,,,,,,k,0.7771,,space,0.8378,0.0018,1,orange_gnome,1,2,dark_forest,red_basket,red_gnome,1,6,bright_forest,yellow_basket,6,0,0,1,red_gnome,bright_forest,yellow_basket,3214,3,1,30,0,240,0,1,,,,,,,,,,,,,,,,,,,,,,,,,,,,,,,,,,,,,,,,,,,,,,,,,,,,,,,,,,,,,,,,,,,,,
,,,,,,,,,,,,,,,,,,,,,,,,,,,,,,,,,,,,,,,,,,,,,,,,,,,,,,,,,,,,,,,,,,358696,001,2024-11-25_10h08.06.026,experiment,2023.2.3,Win32,58.82352941,664cd1c6545aa0f362493dd9,67446fa89e86ac01e4128331,6744b006966c922b21271303,,,,,,,,,,,,,,,,,,,,,,,,,,,,,,,,,,,,,,,,,,5,,,,,,,,,,,,,3,,,,,,,,,,,,,,,,,,,,,,,,,,,,,,,,,,,,,,,,,,,,,,,k,1.2528,,space,0.5975,0.0016,3,yellow_gnome,3,3,dark_forest,red_basket,purple_gnome,3,9,bright_forest,yellow_basket,45,0,0,1,purple_gnome,bright_forest,yellow_basket,3259,1,2,30,1,241,6,1,,,,,,,,,,,,,,,,,,,,,,,,,,,,,,,,,,,,,,,,,,,,,,,,,,,,,,,,,,,,,,,,,,,,,
,,,,,,,,,,,,,,,,,,,,,,,,,,,,,,,,,,,,,,,,,,,,,,,,,,,,,,,,,,,,,,,,,,358696,001,2024-11-25_10h08.06.026,experiment,2023.2.3,Win32,58.82352941,664cd1c6545aa0f362493dd9,67446fa89e86ac01e4128331,6744b006966c922b21271303,,,,,,,,,,,,,,,,,,,,,,,,,,,,,,,,,,,,,,,,,,5,,,,,,,,,,,,,3,,,,,,,,,,,,,,,,,,,,,,,,,,,,,,,,,,,,,,,,,,,,,,,,,,,,,3,purple_gnome,3,8,bright_forest,yellow_basket,yellow_gnome,3,5,dark_forest,red_basket,0,1,0,0,,bright_forest,yellow_basket,3259,1,-2,30,2,242,6,1,,,,,,,,,,,,,,,,,,,,,,,,,,,,,,,,,,,,,,,,,,,,,,,,,,,,,,,,,,,,,,,,,,,,,
,,,,,,,,,,,,,,,,,,,,,,,,,,,,,,,,,,,,,,,,,,,,,,,,,,,,,,,,,,,,,,,,,,358696,001,2024-11-25_10h08.06.026,experiment,2023.2.3,Win32,58.82352941,664cd1c6545aa0f362493dd9,67446fa89e86ac01e4128331,6744b006966c922b21271303,,,,,,,,,,,,,,,,,,,,,,,,,,,,,,,,,,,,,,,,,,5,,,,,,,,,,,,,3,,,,,,,,,,,,,,,,,,,,,,,,,,,,,,,,,,,,,,,,,,,,,,,s,0.6108,,space,0.7364,0.0015,3,purple_gnome,3,9,bright_forest,yellow_basket,yellow_gnome,3,3,dark_forest,red_basket,45,0,0,1,purple_gnome,bright_forest,yellow_basket,3304,-1,0,30,3,243,6,1,,,,,,,,,,,,,,,,,,,,,,,,,,,,,,,,,,,,,,,,,,,,,,,,,,,,,,,,,,,,,,,,,,,,,
,,,,,,,,,,,,,,,,,,,,,,,,,,,,,,,,,,,,,,,,,,,,,,,,,,,,,,,,,,,,,,,,,,358696,001,2024-11-25_10h08.06.026,experiment,2023.2.3,Win32,58.82352941,664cd1c6545aa0f362493dd9,67446fa89e86ac01e4128331,6744b006966c922b21271303,,,,,,,,,,,,,,,,,,,,,,,,,,,,,,,,,,,,,,,,,,1,,,,,,,,,,,,,1,,,,,,,,,,,,,,,,,,,,,,,,,,,,,,,,,,,,,,,,,,,,,,,s,0.7159,,space,0.4234,,1,orange_gnome,1,3,dark_forest,red_basket,red_gnome,1,8,bright_forest,yellow_basket,3,0,0,1,orange_gnome,dark_forest,red_basket,3307,0,0,30,4,244,0,1,,,,,,,,,,,,,,,,,,,,,,,,,,,,,,,,,,,,,,,,,,,,,,,,,,,,,,,,,,,,,,,,,,,,,
,,,,,,,,,,,,,,,,,,,,,,,,,,,,,,,,,,,,,,,,,,,,,,,,,,,,,,,,,,,,,,,,,,358696,001,2024-11-25_10h08.06.026,experiment,2023.2.3,Win32,58.82352941,664cd1c6545aa0f362493dd9,67446fa89e86ac01e4128331,6744b006966c922b21271303,,,,,,,,,,,,,,,,,,,,,,,,,,,,,,,,,,,,,,,,,,1,,,,,,,,,,,,,1,,,,,,,,,,,,,,,,,,,,,,,,,,,,,,,,,,,,,,,,,,,,,,,k,0.9622,,space,0.6104,,1,red_gnome,1,8,bright_forest,yellow_basket,orange_gnome,1,3,dark_forest,red_basket,3,0,0,1,orange_gnome,dark_forest,red_basket,3310,-1,-4,30,5,245,0,1,,,,,,,,,,,,,,,,,,,,,,,,,,,,,,,,,,,,,,,,,,,,,,,,,,,,,,,,,,,,,,,,,,,,,
,,,,,,,,,,,,,,,,,,,,,,,,,,,,,,,,,,,,,,,,,,,,,,,,,,,,,,,,,,,,,,,,,,358696,001,2024-11-25_10h08.06.026,experiment,2023.2.3,Win32,58.82352941,664cd1c6545aa0f362493dd9,67446fa89e86ac01e4128331,6744b006966c922b21271303,,,,,,,,,,,,,,,,,,,,,,,,,,,,,,,,,,,,,,,,,,1,,,,,,,,,,,,,4,,,,,,,,,,,,,,,,,,,,,,,,,,,,,,,,,,,,,,,,,,,,,,,s,0.6879,,space,0.6879,,4,brown_gnome,4,7,bright_forest,yellow_basket,green_gnome,4,1,dark_forest,red_basket,7,0,0,1,brown_gnome,bright_forest,yellow_basket,3317,-1,-3,30,6,246,3,1,,,,,,,,,,,,,,,,,,,,,,,,,,,,,,,,,,,,,,,,,,,,,,,,,,,,,,,,,,,,,,,,,,,,,
,,,,,,,,,,,,,,,,,,,,,,,,,,,,,,,,,,,,,,,,,,,,,,,,,,,,,,,,,,,,,,,,,,358696,001,2024-11-25_10h08.06.026,experiment,2023.2.3,Win32,58.82352941,664cd1c6545aa0f362493dd9,67446fa89e86ac01e4128331,6744b006966c922b21271303,,,,,,,,,,,,,,,,,,,,,,,,,,,,,,,,,,,,,,,,,,5,,,,,,,,,,,,,3,,,,,,,,,,,,,,,,,,,,,,,,,,,,,,,,,,,,,,,,,,,,,,,k,0.5539,,space,0.0737,,3,purple_gnome,3,6,bright_forest,yellow_basket,yellow_gnome,3,2,dark_forest,red_basket,10,0,0,1,yellow_gnome,dark_forest,red_basket,3327,1,-1,30,7,247,6,1,,,,,,,,,,,,,,,,,,,,,,,,,,,,,,,,,,,,,,,,,,,,,,,,,,,,,,,,,,,,,,,,,,,,,
,,,,,,,,,,,,,,,,,,,,,,,,,,,,,,,,,,,,,,,,,,,,,,,,,,,,,,,,,,,,,,,,,,358696,001,2024-11-25_10h08.06.026,experiment,2023.2.3,Win32,58.82352941,664cd1c6545aa0f362493dd9,67446fa89e86ac01e4128331,6744b006966c922b21271303,,,,,,,,,,,,,,,,,,,,,,,,,,,,,,,,,,,,,,,,,,5,,,,,,,,,,,,,1,,,,,,,,,,,,,,,,,,,,,,,,,,,,,,,,,,,,,,,,,,,,,,,s,1.2616,,space,1.1262,,1,orange_gnome,1,1,dark_forest,red_basket,red_gnome,1,7,bright_forest,yellow_basket,5,0,0,1,orange_gnome,dark_forest,red_basket,3332,1,1,31,0,248,4,1,,,,,,,,,,,,,,,,,,,,,,,,,,,,,,,,,,,,,,,,,,,,,,,,,,,,,,,,,,,,,,,,,,,,,
,,,,,,,,,,,,,,,,,,,,,,,,,,,,,,,,,,,,,,,,,,,,,,,,,,,,,,,,,,,,,,,,,,358696,001,2024-11-25_10h08.06.026,experiment,2023.2.3,Win32,58.82352941,664cd1c6545aa0f362493dd9,67446fa89e86ac01e4128331,6744b006966c922b21271303,,,,,,,,,,,,,,,,,,,,,,,,,,,,,,,,,,,,,,,,,,5,,,,,,,,,,,,,4,,,,,,,,,,,,,,,,,,,,,,,,,,,,,,,,,,,,,,,,,,,,,,,k,1.2898,,space,0.3268,,4,green_gnome,4,2,dark_forest,red_basket,brown_gnome,4,8,bright_forest,yellow_basket,40,0,0,1,brown_gnome,bright_forest,yellow_basket,3372,3,-1,31,1,249,7,1,,,,,,,,,,,,,,,,,,,,,,,,,,,,,,,,,,,,,,,,,,,,,,,,,,,,,,,,,,,,,,,,,,,,,
,,,,,,,,,,,,,,,,,,,,,,,,,,,,,,,,,,,,,,,,,,,,,,,,,,,,,,,,,,,,,,,,,,358696,001,2024-11-25_10h08.06.026,experiment,2023.2.3,Win32,58.82352941,664cd1c6545aa0f362493dd9,67446fa89e86ac01e4128331,6744b006966c922b21271303,,,,,,,,,,,,,,,,,,,,,,,,,,,,,,,,,,,,,,,,,,1,,,,,,,,,,,,,3,,,,,,,,,,,,,,,,,,,,,,,,,,,,,,,,,,,,,,,,,,,,,,,s,1.2049,,space,0.3163,,3,yellow_gnome,3,1,dark_forest,red_basket,purple_gnome,3,7,bright_forest,yellow_basket,1,0,0,1,yellow_gnome,dark_forest,red_basket,3373,1,3,31,2,250,2,1,,,,,,,,,,,,,,,,,,,,,,,,,,,,,,,,,,,,,,,,,,,,,,,,,,,,,,,,,,,,,,,,,,,,,
,,,,,,,,,,,,,,,,,,,,,,,,,,,,,,,,,,,,,,,,,,,,,,,,,,,,,,,,,,,,,,,,,,358696,001,2024-11-25_10h08.06.026,experiment,2023.2.3,Win32,58.82352941,664cd1c6545aa0f362493dd9,67446fa89e86ac01e4128331,6744b006966c922b21271303,,,,,,,,,,,,,,,,,,,,,,,,,,,,,,,,,,,,,,,,,,5,,,,,,,,,,,,,4,,,,,,,,,,,,,,,,,,,,,,,,,,,,,,,,,,,,,,,,,,,,,,,k,0.6759,,space,0.6152,,4,green_gnome,4,4,dark_forest,red_basket,brown_gnome,4,8,bright_forest,yellow_basket,40,0,0,1,brown_gnome,bright_forest,yellow_basket,3413,0,0,31,3,251,7,1,,,,,,,,,,,,,,,,,,,,,,,,,,,,,,,,,,,,,,,,,,,,,,,,,,,,,,,,,,,,,,,,,,,,,
,,,,,,,,,,,,,,,,,,,,,,,,,,,,,,,,,,,,,,,,,,,,,,,,,,,,,,,,,,,,,,,,,,358696,001,2024-11-25_10h08.06.026,experiment,2023.2.3,Win32,58.82352941,664cd1c6545aa0f362493dd9,67446fa89e86ac01e4128331,6744b006966c922b21271303,,,,,,,,,,,,,,,,,,,,,,,,,,,,,,,,,,,,,,,,,,1,,,,,,,,,,,,,3,,,,,,,,,,,,,,,,,,,,,,,,,,,,,,,,,,,,,,,,,,,,,,,s,0.4144,,space,0.4944,,3,purple_gnome,3,8,bright_forest,yellow_basket,yellow_gnome,3,4,dark_forest,red_basket,8,0,0,1,purple_gnome,bright_forest,yellow_basket,3421,3,1,31,4,252,2,1,,,,,,,,,,,,,,,,,,,,,,,,,,,,,,,,,,,,,,,,,,,,,,,,,,,,,,,,,,,,,,,,,,,,,
,,,,,,,,,,,,,,,,,,,,,,,,,,,,,,,,,,,,,,,,,,,,,,,,,,,,,,,,,,,,,,,,,,358696,001,2024-11-25_10h08.06.026,experiment,2023.2.3,Win32,58.82352941,664cd1c6545aa0f362493dd9,67446fa89e86ac01e4128331,6744b006966c922b21271303,,,,,,,,,,,,,,,,,,,,,,,,,,,,,,,,,,,,,,,,,,5,,,,,,,,,,,,,4,,,,,,,,,,,,,,,,,,,,,,,,,,,,,,,,,,,,,,,,,,,,,,,k,0.4984,,space,0.649,,4,brown_gnome,4,7,bright_forest,yellow_basket,green_gnome,4,5,dark_forest,red_basket,25,0,0,1,green_gnome,dark_forest,red_basket,3446,3,1,31,5,253,7,1,,,,,,,,,,,,,,,,,,,,,,,,,,,,,,,,,,,,,,,,,,,,,,,,,,,,,,,,,,,,,,,,,,,,,
,,,,,,,,,,,,,,,,,,,,,,,,,,,,,,,,,,,,,,,,,,,,,,,,,,,,,,,,,,,,,,,,,,358696,001,2024-11-25_10h08.06.026,experiment,2023.2.3,Win32,58.82352941,664cd1c6545aa0f362493dd9,67446fa89e86ac01e4128331,6744b006966c922b21271303,,,,,,,,,,,,,,,,,,,,,,,,,,,,,,,,,,,,,,,,,,5,,,,,,,,,,,,,2,,,,,,,,,,,,,,,,,,,,,,,,,,,,,,,,,,,,,,,,,,,,,,,s,1.1777,,space,0.4257,,2,blue_gnome,2,8,bright_forest,yellow_basket,pink_gnome,2,6,dark_forest,red_basket,40,0,0,1,blue_gnome,bright_forest,yellow_basket,3486,0,-1,31,6,254,5,1,,,,,,,,,,,,,,,,,,,,,,,,,,,,,,,,,,,,,,,,,,,,,,,,,,,,,,,,,,,,,,,,,,,,,
,,,,,,,,,,,,,,,,,,,,,,,,,,,,,,,,,,,,,,,,,,,,,,,,,,,,,,,,,,,,,,,,,,358696,001,2024-11-25_10h08.06.026,experiment,2023.2.3,Win32,58.82352941,664cd1c6545aa0f362493dd9,67446fa89e86ac01e4128331,6744b006966c922b21271303,,,,,,,,,,,,,,,,,,,,,,,,,,,,,,,,,,,,,,,,,,5,,,,,,,,,,,,,1,,,,,,,,,,,,,,,,,,,,,,,,,,,,,,,,,,,,,,,,,,,,,,,k,0.9796,,space,0.3338,,1,red_gnome,1,8,bright_forest,yellow_basket,orange_gnome,1,5,dark_forest,red_basket,25,0,0,1,orange_gnome,dark_forest,red_basket,3511,3,-2,31,7,255,4,1,,,,,,,,,,,,,,,,,,,,,,,,,,,,,,,,,,,,,,,,,,,,,,,,,,,,,,,,,,,,,,,,,,,,,
,,,,,,,,,,,,,,,,,,,,,,,,,,,,,,,,,,,,,,,,,,,,,,,,,,,,,,,,,,,,,,,,,,358696,001,2024-11-25_10h08.06.026,experiment,2023.2.3,Win32,58.82352941,664cd1c6545aa0f362493dd9,67446fa89e86ac01e4128331,6744b006966c922b21271303,,,,,,,,,,,,,,,,,,,,,,,,,,,,,,,,,,,,,,,,,,,,,,,,,,,,,,,,,,,,,,,,,,,,,,,,,,,,,,,,,,,,,,,,,,,,,,,,,,,,,,,,,,,,,,,,,,,,,,,,,,,,,,,,,,,,,,,,,,,space,7.7966,,space,8.3895,,space,71.6959,,space,8.2187,,space,6.8815,,0,7.8746,68.70397644,14.7045,space,16.0678,,orange_gnome,brown_gnome,0,0,0,6,1,0,7,,,,,,,,,,,,,,,,,,,,,,,,,,,,,,,,,
,,,,,,,,,,,,,,,,,,,,,,,,,,,,,,,,,,,,,,,,,,,,,,,,,,,,,,,,,,,,,,,,,,358696,001,2024-11-25_10h08.06.026,experiment,2023.2.3,Win32,58.82352941,664cd1c6545aa0f362493dd9,67446fa89e86ac01e4128331,6744b006966c922b21271303,,,,,,,,,,,,,,,,,,,,,,,,,,,,,,,,,,,,,,,,,,,,,,,,,,,,,,,,,,,,,,,,,,,,,,,,,,,,,,,,,,,,,,,,,,,,,,,,,,,,,,,,,,,,,,,,,,,,,,,,,,,,,,,,,,,,,,,,,,,,,,,,,,,,,,,,,,0,5.4321,100,13.5734,space,13.6229,,pink_gnome,orange_gnome,0,1,1,17,1,2,7,,,,,,,,,,,,,,,,,,,,,,,,,,,,,,,,,
,,,,,,,,,,,,,,,,,,,,,,,,,,,,,,,,,,,,,,,,,,,,,,,,,,,,,,,,,,,,,,,,,,358696,001,2024-11-25_10h08.06.026,experiment,2023.2.3,Win32,58.82352941,664cd1c6545aa0f362493dd9,67446fa89e86ac01e4128331,6744b006966c922b21271303,,,,,,,,,,,,,,,,,,,,,,,,,,,,,,,,,,,,,,,,,,,,,,,,,,,,,,,,,,,,,,,,,,,,,,,,,,,,,,,,,,,,,,,,,,,,,,,,,,,,,,,,,,,,,,,,,,,,,,,,,,,,,,,,,,,,,,,,,,,,,,,,,,,,,,,,,,0,13.6577,51.17820324,17.3359,space,17.448,,purple_gnome,orange_gnome,0,2,2,12,1,1,7,,,,,,,,,,,,,,,,,,,,,,,,,,,,,,,,,
,,,,,,,,,,,,,,,,,,,,,,,,,,,,,,,,,,,,,,,,,,,,,,,,,,,,,,,,,,,,,,,,,,358696,001,2024-11-25_10h08.06.026,experiment,2023.2.3,Win32,58.82352941,664cd1c6545aa0f362493dd9,67446fa89e86ac01e4128331,6744b006966c922b21271303,,,,,,,,,,,,,,,,,,,,,,,,,,,,,,,,,,,,,,,,,,,,,,,,,,,,,,,,,,,,,,,,,,,,,,,,,,,,,,,,,,,,,,,,,,,,,,,,,,,,,,,,,,,,,,,,,,,,,,,,,,,,,,,,,,,,,,,,,,,,,,,,,,,,,,,,,,0.073637703,4.4302,78.71870398,7.616,space,7.6249,,brown_gnome,red_gnome,0,3,3,4,1,0,5,,,,,,,,,,,,,,,,,,,,,,,,,,,,,,,,,
,,,,,,,,,,,,,,,,,,,,,,,,,,,,,,,,,,,,,,,,,,,,,,,,,,,,,,,,,,,,,,,,,,358696,001,2024-11-25_10h08.06.026,experiment,2023.2.3,Win32,58.82352941,664cd1c6545aa0f362493dd9,67446fa89e86ac01e4128331,6744b006966c922b21271303,,,,,,,,,,,,,,,,,,,,,,,,,,,,,,,,,,,,,,,,,,,,,,,,,,,,,,,,,,,,,,,,,,,,,,,,,,,,,,,,,,,,,,,,,,,,,,,,,,,,,,,,,,,,,,,,,,,,,,,,,,,,,,,,,,,,,,,,,,,,,,,,,,,,,,,,,,0.957290133,4.4571,98.60088365,7.1883,space,7.2275,,purple_gnome,blue_gnome,0,4,4,8,1,1,3,,,,,,,,,,,,,,,,,,,,,,,,,,,,,,,,,
,,,,,,,,,,,,,,,,,,,,,,,,,,,,,,,,,,,,,,,,,,,,,,,,,,,,,,,,,,,,,,,,,,358696,001,2024-11-25_10h08.06.026,experiment,2023.2.3,Win32,58.82352941,664cd1c6545aa0f362493dd9,67446fa89e86ac01e4128331,6744b006966c922b21271303,,,,,,,,,,,,,,,,,,,,,,,,,,,,,,,,,,,,,,,,,,,,,,,,,,,,,,,,,,,,,,,,,,,,,,,,,,,,,,,,,,,,,,,,,,,,,,,,,,,,,,,,,,,,,,,,,,,,,,,,,,,,,,,,,,,,,,,,,,,,,,,,,,,,,,,,,,0.810014728,8.9526,69.29307806,10.6323,space,10.5459,,purple_gnome,green_gnome,0,5,5,9,1,1,4,,,,,,,,,,,,,,,,,,,,,,,,,,,,,,,,,
,,,,,,,,,,,,,,,,,,,,,,,,,,,,,,,,,,,,,,,,,,,,,,,,,,,,,,,,,,,,,,,,,,358696,001,2024-11-25_10h08.06.026,experiment,2023.2.3,Win32,58.82352941,664cd1c6545aa0f362493dd9,67446fa89e86ac01e4128331,6744b006966c922b21271303,,,,,,,,,,,,,,,,,,,,,,,,,,,,,,,,,,,,,,,,,,,,,,,,,,,,,,,,,,,,,,,,,,,,,,,,,,,,,,,,,,,,,,,,,,,,,,,,,,,,,,,,,,,,,,,,,,,,,,,,,,,,,,,,,,,,,,,,,,,,,,,,,,,,,,,,,,1.546391753,2.7954,99.48453608,4.9984,space,4.9804,,purple_gnome,pink_gnome,0,6,6,7,1,1,2,,,,,,,,,,,,,,,,,,,,,,,,,,,,,,,,,
,,,,,,,,,,,,,,,,,,,,,,,,,,,,,,,,,,,,,,,,,,,,,,,,,,,,,,,,,,,,,,,,,,358696,001,2024-11-25_10h08.06.026,experiment,2023.2.3,Win32,58.82352941,664cd1c6545aa0f362493dd9,67446fa89e86ac01e4128331,6744b006966c922b21271303,,,,,,,,,,,,,,,,,,,,,,,,,,,,,,,,,,,,,,,,,,,,,,,,,,,,,,,,,,,,,,,,,,,,,,,,,,,,,,,,,,,,,,,,,,,,,,,,,,,,,,,,,,,,,,,,,,,,,,,,,,,,,,,,,,,,,,,,,,,,,,,,,,,,,,,,,,0.220913108,4.9608,76.3622975,6.6941,space,6.5564,,yellow_gnome,pink_gnome,0,7,7,16,1,2,6,,,,,,,,,,,,,,,,,,,,,,,,,,,,,,,,,
,,,,,,,,,,,,,,,,,,,,,,,,,,,,,,,,,,,,,,,,,,,,,,,,,,,,,,,,,,,,,,,,,,358696,001,2024-11-25_10h08.06.026,experiment,2023.2.3,Win32,58.82352941,664cd1c6545aa0f362493dd9,67446fa89e86ac01e4128331,6744b006966c922b21271303,,,,,,,,,,,,,,,,,,,,,,,,,,,,,,,,,,,,,,,,,,,,,,,,,,,,,,,,,,,,,,,,,,,,,,,,,,,,,,,,,,,,,,,,,,,,,,,,,,,,,,,,,,,,,,,,,,,,,,,,,,,,,,,,,,,,,,,,,,,,,,,,,,,,,,,,,,0.662739323,3.4962,77.24594993,4.9385,space,4.7017,,pink_gnome,green_gnome,0,8,8,14,1,2,4,,,,,,,,,,,,,,,,,,,,,,,,,,,,,,,,,
,,,,,,,,,,,,,,,,,,,,,,,,,,,,,,,,,,,,,,,,,,,,,,,,,,,,,,,,,,,,,,,,,,358696,001,2024-11-25_10h08.06.026,experiment,2023.2.3,Win32,58.82352941,664cd1c6545aa0f362493dd9,67446fa89e86ac01e4128331,6744b006966c922b21271303,,,,,,,,,,,,,,,,,,,,,,,,,,,,,,,,,,,,,,,,,,,,,,,,,,,,,,,,,,,,,,,,,,,,,,,,,,,,,,,,,,,,,,,,,,,,,,,,,,,,,,,,,,,,,,,,,,,,,,,,,,,,,,,,,,,,,,,,,,,,,,,,,,,,,,,,,,0.957290133,3.519,98.74815906,6.5863,space,6.5252,,purple_gnome,red_gnome,0,9,9,10,1,1,5,,,,,,,,,,,,,,,,,,,,,,,,,,,,,,,,,
,,,,,,,,,,,,,,,,,,,,,,,,,,,,,,,,,,,,,,,,,,,,,,,,,,,,,,,,,,,,,,,,,,358696,001,2024-11-25_10h08.06.026,experiment,2023.2.3,Win32,58.82352941,664cd1c6545aa0f362493dd9,67446fa89e86ac01e4128331,6744b006966c922b21271303,,,,,,,,,,,,,,,,,,,,,,,,,,,,,,,,,,,,,,,,,,,,,,,,,,,,,,,,,,,,,,,,,,,,,,,,,,,,,,,,,,,,,,,,,,,,,,,,,,,,,,,,,,,,,,,,,,,,,,,,,,,,,,,,,,,,,,,,,,,,,,,,,,,,,,,,,,0.368188513,4.6127,64.5802651,2.075,space,5.3868,,yellow_gnome,green_gnome,0,10,10,23,1,4,6,,,,,,,,,,,,,,,,,,,,,,,,,,,,,,,,,
,,,,,,,,,,,,,,,,,,,,,,,,,,,,,,,,,,,,,,,,,,,,,,,,,,,,,,,,,,,,,,,,,,358696,001,2024-11-25_10h08.06.026,experiment,2023.2.3,Win32,58.82352941,664cd1c6545aa0f362493dd9,67446fa89e86ac01e4128331,6744b006966c922b21271303,,,,,,,,,,,,,,,,,,,,,,,,,,,,,,,,,,,,,,,,,,,,,,,,,,,,,,,,,,,,,,,,,,,,,,,,,,,,,,,,,,,,,,,,,,,,,,,,,,,,,,,,,,,,,,,,,,,,,,,,,,,,,,,,,,,,,,,,,,,,,,,,,,,,,,,,,,0.073637703,5.3011,,,space,5.1811,,yellow_gnome,blue_gnome,0,11,11,20,1,3,6,,,,,,,,,,,,,,,,,,,,,,,,,,,,,,,,,
,,,,,,,,,,,,,,,,,,,,,,,,,,,,,,,,,,,,,,,,,,,,,,,,,,,,,,,,,,,,,,,,,,358696,001,2024-11-25_10h08.06.026,experiment,2023.2.3,Win32,58.82352941,664cd1c6545aa0f362493dd9,67446fa89e86ac01e4128331,6744b006966c922b21271303,,,,,,,,,,,,,,,,,,,,,,,,,,,,,,,,,,,,,,,,,,,,,,,,,,,,,,,,,,,,,,,,,,,,,,,,,,,,,,,,,,,,,,,,,,,,,,,,,,,,,,,,,,,,,,,,,,,,,,,,,,,,,,,,,,,,,,,,,,,,,,,,,,,,,,,,,,0.368188513,5.4624,99.63181149,8.3709,space,8.1802,,pink_gnome,brown_gnome,0,12,12,1,1,0,2,,,,,,,,,,,,,,,,,,,,,,,,,,,,,,,,,
,,,,,,,,,,,,,,,,,,,,,,,,,,,,,,,,,,,,,,,,,,,,,,,,,,,,,,,,,,,,,,,,,,358696,001,2024-11-25_10h08.06.026,experiment,2023.2.3,Win32,58.82352941,664cd1c6545aa0f362493dd9,67446fa89e86ac01e4128331,6744b006966c922b21271303,,,,,,,,,,,,,,,,,,,,,,,,,,,,,,,,,,,,,,,,,,,,,,,,,,,,,,,,,,,,,,,,,,,,,,,,,,,,,,,,,,,,,,,,,,,,,,,,,,,,,,,,,,,,,,,,,,,,,,,,,,,,,,,,,,,,,,,,,,,,,,,,,,,,,,,,,,0.515463918,4.6649,99.9263623,7.2739,space,7.1505,,green_gnome,blue_gnome,0,13,13,18,1,3,4,,,,,,,,,,,,,,,,,,,,,,,,,,,,,,,,,
,,,,,,,,,,,,,,,,,,,,,,,,,,,,,,,,,,,,,,,,,,,,,,,,,,,,,,,,,,,,,,,,,,358696,001,2024-11-25_10h08.06.026,experiment,2023.2.3,Win32,58.82352941,664cd1c6545aa0f362493dd9,67446fa89e86ac01e4128331,6744b006966c922b21271303,,,,,,,,,,,,,,,,,,,,,,,,,,,,,,,,,,,,,,,,,,,,,,,,,,,,,,,,,,,,,,,,,,,,,,,,,,,,,,,,,,,,,,,,,,,,,,,,,,,,,,,,,,,,,,,,,,,,,,,,,,,,,,,,,,,,,,,,,,,,,,,,,,,,,,,,,,0.662739323,6.2368,73.71134021,7.6751,space,7.6575,,orange_gnome,yellow_gnome,0,14,14,27,1,6,7,,,,,,,,,,,,,,,,,,,,,,,,,,,,,,,,,
,,,,,,,,,,,,,,,,,,,,,,,,,,,,,,,,,,,,,,,,,,,,,,,,,,,,,,,,,,,,,,,,,,358696,001,2024-11-25_10h08.06.026,experiment,2023.2.3,Win32,58.82352941,664cd1c6545aa0f362493dd9,67446fa89e86ac01e4128331,6744b006966c922b21271303,,,,,,,,,,,,,,,,,,,,,,,,,,,,,,,,,,,,,,,,,,,,,,,,,,,,,,,,,,,,,,,,,,,,,,,,,,,,,,,,,,,,,,,,,,,,,,,,,,,,,,,,,,,,,,,,,,,,,,,,,,,,,,,,,,,,,,,,,,,,,,,,,,,,,,,,,,1.693667158,3.1131,70.02945508,5.4587,space,6.6916,,red_gnome,green_gnome,0,15,15,22,1,4,5,,,,,,,,,,,,,,,,,,,,,,,,,,,,,,,,,
,,,,,,,,,,,,,,,,,,,,,,,,,,,,,,,,,,,,,,,,,,,,,,,,,,,,,,,,,,,,,,,,,,358696,001,2024-11-25_10h08.06.026,experiment,2023.2.3,Win32,58.82352941,664cd1c6545aa0f362493dd9,67446fa89e86ac01e4128331,6744b006966c922b21271303,,,,,,,,,,,,,,,,,,,,,,,,,,,,,,,,,,,,,,,,,,,,,,,,,,,,,,,,,,,,,,,,,,,,,,,,,,,,,,,,,,,,,,,,,,,,,,,,,,,,,,,,,,,,,,,,,,,,,,,,,,,,,,,,,,,,,,,,,,,,,,,,,,,,,,,,,,0.368188513,7.7525,,,space,9.289,,brown_gnome,yellow_gnome,0,16,16,5,1,0,6,,,,,,,,,,,,,,,,,,,,,,,,,,,,,,,,,
,,,,,,,,,,,,,,,,,,,,,,,,,,,,,,,,,,,,,,,,,,,,,,,,,,,,,,,,,,,,,,,,,,358696,001,2024-11-25_10h08.06.026,experiment,2023.2.3,Win32,58.82352941,664cd1c6545aa0f362493dd9,67446fa89e86ac01e4128331,6744b006966c922b21271303,,,,,,,,,,,,,,,,,,,,,,,,,,,,,,,,,,,,,,,,,,,,,,,,,,,,,,,,,,,,,,,,,,,,,,,,,,,,,,,,,,,,,,,,,,,,,,,,,,,,,,,,,,,,,,,,,,,,,,,,,,,,,,,,,,,,,,,,,,,,,,,,,,,,,,,,,,0.073637703,4.9269,65.90574374,7.4692,space,7.3047,,red_gnome,yellow_gnome,0,17,17,25,1,5,6,,,,,,,,,,,,,,,,,,,,,,,,,,,,,,,,,
,,,,,,,,,,,,,,,,,,,,,,,,,,,,,,,,,,,,,,,,,,,,,,,,,,,,,,,,,,,,,,,,,,358696,001,2024-11-25_10h08.06.026,experiment,2023.2.3,Win32,58.82352941,664cd1c6545aa0f362493dd9,67446fa89e86ac01e4128331,6744b006966c922b21271303,,,,,,,,,,,,,,,,,,,,,,,,,,,,,,,,,,,,,,,,,,,,,,,,,,,,,,,,,,,,,,,,,,,,,,,,,,,,,,,,,,,,,,,,,,,,,,,,,,,,,,,,,,,,,,,,,,,,,,,,,,,,,,,,,,,,,,,,,,,,,,,,,,,,,,,,,,0.957290133,3.1658,69.88217968,4.3345,space,4.1991,,brown_gnome,purple_gnome,0,18,18,0,1,0,1,,,,,,,,,,,,,,,,,,,,,,,,,,,,,,,,,
,,,,,,,,,,,,,,,,,,,,,,,,,,,,,,,,,,,,,,,,,,,,,,,,,,,,,,,,,,,,,,,,,,358696,001,2024-11-25_10h08.06.026,experiment,2023.2.3,Win32,58.82352941,664cd1c6545aa0f362493dd9,67446fa89e86ac01e4128331,6744b006966c922b21271303,,,,,,,,,,,,,,,,,,,,,,,,,,,,,,,,,,,,,,,,,,,,,,,,,,,,,,,,,,,,,,,,,,,,,,,,,,,,,,,,,,,,,,,,,,,,,,,,,,,,,,,,,,,,,,,,,,,,,,,,,,,,,,,,,,,,,,,,,,,,,,,,,,,,,,,,,,0.220913108,4.8576,69.88217968,6.1681,space,5.9313,,brown_gnome,blue_gnome,0,19,19,2,1,0,3,,,,,,,,,,,,,,,,,,,,,,,,,,,,,,,,,
,,,,,,,,,,,,,,,,,,,,,,,,,,,,,,,,,,,,,,,,,,,,,,,,,,,,,,,,,,,,,,,,,,358696,001,2024-11-25_10h08.06.026,experiment,2023.2.3,Win32,58.82352941,664cd1c6545aa0f362493dd9,67446fa89e86ac01e4128331,6744b006966c922b21271303,,,,,,,,,,,,,,,,,,,,,,,,,,,,,,,,,,,,,,,,,,,,,,,,,,,,,,,,,,,,,,,,,,,,,,,,,,,,,,,,,,,,,,,,,,,,,,,,,,,,,,,,,,,,,,,,,,,,,,,,,,,,,,,,,,,,,,,,,,,,,,,,,,,,,,,,,,1.399116348,4.0835,,,space,7.6668,,green_gnome,orange_gnome,0,20,20,24,1,4,7,,,,,,,,,,,,,,,,,,,,,,,,,,,,,,,,,
,,,,,,,,,,,,,,,,,,,,,,,,,,,,,,,,,,,,,,,,,,,,,,,,,,,,,,,,,,,,,,,,,,358696,001,2024-11-25_10h08.06.026,experiment,2023.2.3,Win32,58.82352941,664cd1c6545aa0f362493dd9,67446fa89e86ac01e4128331,6744b006966c922b21271303,,,,,,,,,,,,,,,,,,,,,,,,,,,,,,,,,,,,,,,,,,,,,,,,,,,,,,,,,,,,,,,,,,,,,,,,,,,,,,,,,,,,,,,,,,,,,,,,,,,,,,,,,,,,,,,,,,,,,,,,,,,,,,,,,,,,,,,,,,,,,,,,,,,,,,,,,,0.515463918,6.3985,,,space,7.6481,,green_gnome,brown_gnome,0,21,21,3,1,0,4,,,,,,,,,,,,,,,,,,,,,,,,,,,,,,,,,
,,,,,,,,,,,,,,,,,,,,,,,,,,,,,,,,,,,,,,,,,,,,,,,,,,,,,,,,,,,,,,,,,,358696,001,2024-11-25_10h08.06.026,experiment,2023.2.3,Win32,58.82352941,664cd1c6545aa0f362493dd9,67446fa89e86ac01e4128331,6744b006966c922b21271303,,,,,,,,,,,,,,,,,,,,,,,,,,,,,,,,,,,,,,,,,,,,,,,,,,,,,,,,,,,,,,,,,,,,,,,,,,,,,,,,,,,,,,,,,,,,,,,,,,,,,,,,,,,,,,,,,,,,,,,,,,,,,,,,,,,,,,,,,,,,,,,,,,,,,,,,,,0.515463918,2.9283,72.82768778,5.0039,space,5.4806,,red_gnome,pink_gnome,0,22,22,15,1,2,5,,,,,,,,,,,,,,,,,,,,,,,,,,,,,,,,,
,,,,,,,,,,,,,,,,,,,,,,,,,,,,,,,,,,,,,,,,,,,,,,,,,,,,,,,,,,,,,,,,,,358696,001,2024-11-25_10h08.06.026,experiment,2023.2.3,Win32,58.82352941,664cd1c6545aa0f362493dd9,67446fa89e86ac01e4128331,6744b006966c922b21271303,,,,,,,,,,,,,,,,,,,,,,,,,,,,,,,,,,,,,,,,,,,,,,,,,,,,,,,,,,,,,,,,,,,,,,,,,,,,,,,,,,,,,,,,,,,,,,,,,,,,,,,,,,,,,,,,,,,,,,,,,,,,,,,,,,,,,,,,,,,,,,,,,,,,,,,,,,98.89543446,4.966,99.63181149,7.9026,space,7.7185,,pink_gnome,blue_gnome,0,23,23,13,1,2,3,,,,,,,,,,,,,,,,,,,,,,,,,,,,,,,,,
,,,,,,,,,,,,,,,,,,,,,,,,,,,,,,,,,,,,,,,,,,,,,,,,,,,,,,,,,,,,,,,,,,358696,001,2024-11-25_10h08.06.026,experiment,2023.2.3,Win32,58.82352941,664cd1c6545aa0f362493dd9,67446fa89e86ac01e4128331,6744b006966c922b21271303,,,,,,,,,,,,,,,,,,,,,,,,,,,,,,,,,,,,,,,,,,,,,,,,,,,,,,,,,,,,,,,,,,,,,,,,,,,,,,,,,,,,,,,,,,,,,,,,,,,,,,,,,,,,,,,,,,,,,,,,,,,,,,,,,,,,,,,,,,,,,,,,,,,,,,,,,,99.18998527,7.3208,69.73490427,9.1684,space,9.2585,,yellow_gnome,purple_gnome,0,24,24,11,1,1,6,,,,,,,,,,,,,,,,,,,,,,,,,,,,,,,,,
,,,,,,,,,,,,,,,,,,,,,,,,,,,,,,,,,,,,,,,,,,,,,,,,,,,,,,,,,,,,,,,,,,358696,001,2024-11-25_10h08.06.026,experiment,2023.2.3,Win32,58.82352941,664cd1c6545aa0f362493dd9,67446fa89e86ac01e4128331,6744b006966c922b21271303,,,,,,,,,,,,,,,,,,,,,,,,,,,,,,,,,,,,,,,,,,,,,,,,,,,,,,,,,,,,,,,,,,,,,,,,,,,,,,,,,,,,,,,,,,,,,,,,,,,,,,,,,,,,,,,,,,,,,,,,,,,,,,,,,,,,,,,,,,,,,,,,,,,,,,,,,,0.810014728,4.3152,97.42268041,9.793,space,9.6332,,red_gnome,blue_gnome,0,25,25,19,1,3,5,,,,,,,,,,,,,,,,,,,,,,,,,,,,,,,,,
,,,,,,,,,,,,,,,,,,,,,,,,,,,,,,,,,,,,,,,,,,,,,,,,,,,,,,,,,,,,,,,,,,358696,001,2024-11-25_10h08.06.026,experiment,2023.2.3,Win32,58.82352941,664cd1c6545aa0f362493dd9,67446fa89e86ac01e4128331,6744b006966c922b21271303,,,,,,,,,,,,,,,,,,,,,,,,,,,,,,,,,,,,,,,,,,,,,,,,,,,,,,,,,,,,,,,,,,,,,,,,,,,,,,,,,,,,,,,,,,,,,,,,,,,,,,,,,,,,,,,,,,,,,,,,,,,,,,,,,,,,,,,,,,,,,,,,,,,,,,,,,,99.18998527,7.4584,69.44035346,9.7453,space,9.4907,,red_gnome,orange_gnome,0,26,26,26,1,5,7,,,,,,,,,,,,,,,,,,,,,,,,,,,,,,,,,
,,,,,,,,,,,,,,,,,,,,,,,,,,,,,,,,,,,,,,,,,,,,,,,,,,,,,,,,,,,,,,,,,,358696,001,2024-11-25_10h08.06.026,experiment,2023.2.3,Win32,58.82352941,664cd1c6545aa0f362493dd9,67446fa89e86ac01e4128331,6744b006966c922b21271303,,,,,,,,,,,,,,,,,,,,,,,,,,,,,,,,,,,,,,,,,,,,,,,,,,,,,,,,,,,,,,,,,,,,,,,,,,,,,,,,,,,,,,,,,,,,,,,,,,,,,,,,,,,,,,,,,,,,,,,,,,,,,,,,,,,,,,,,,,,,,,,,,,,,,,,,,,1.104565538,3.6279,99.48453608,5.3851,space,5.1773,,blue_gnome,orange_gnome,0,27,27,21,1,3,7,,,,,,,,,,,,,,,,,,,,,,,,,,,,,,,,,
,,,,,,,,,,,,,,,,,,,,,,,,,,,,,,,,,,,,,,,,,,,,,,,,,,,,,,,,,,,,,,,,,,358696,001,2024-11-25_10h08.06.026,experiment,2023.2.3,Win32,58.82352941,664cd1c6545aa0f362493dd9,67446fa89e86ac01e4128331,6744b006966c922b21271303,,,,,,,,,,,,,,,,,,,,,,,,,,,,,,,,,,,,,,,,,,,,,,,,,,,,,,,,,,,,,,,,,,,,,,,,,,,,,,,,,,,,,,,,,,,,,,,,,,,,,,,,,,,,,,,,,,,,,,,,,,,,,,,,,,,,,,,,,,,,,,,,,,,,,,,,,,,,,,,,,,,,,,,,,,space,14.1896,,50,8.084,,,space,8.1021,,pink_gnome,dark_forest,red_basket,0,0,0,5,1,2,1,,,,,,,,,,,,,
,,,,,,,,,,,,,,,,,,,,,,,,,,,,,,,,,,,,,,,,,,,,,,,,,,,,,,,,,,,,,,,,,,358696,001,2024-11-25_10h08.06.026,experiment,2023.2.3,Win32,58.82352941,664cd1c6545aa0f362493dd9,67446fa89e86ac01e4128331,6744b006966c922b21271303,,,,,,,,,,,,,,,,,,,,,,,,,,,,,,,,,,,,,,,,,,,,,,,,,,,,,,,,,,,,,,,,,,,,,,,,,,,,,,,,,,,,,,,,,,,,,,,,,,,,,,,,,,,,,,,,,,,,,,,,,,,,,,,,,,,,,,,,,,,,,,,,,,,,,,,,,,,,,,,,,,,,,,,,,,,,,,,,,space,3.9083,,brown_gnome,bright_forest,yellow_basket,0,1,1,0,1,0,0,,,,,,,,,,,,,
,,,,,,,,,,,,,,,,,,,,,,,,,,,,,,,,,,,,,,,,,,,,,,,,,,,,,,,,,,,,,,,,,,358696,001,2024-11-25_10h08.06.026,experiment,2023.2.3,Win32,58.82352941,664cd1c6545aa0f362493dd9,67446fa89e86ac01e4128331,6744b006966c922b21271303,,,,,,,,,,,,,,,,,,,,,,,,,,,,,,,,,,,,,,,,,,,,,,,,,,,,,,,,,,,,,,,,,,,,,,,,,,,,,,,,,,,,,,,,,,,,,,,,,,,,,,,,,,,,,,,,,,,,,,,,,,,,,,,,,,,,,,,,,,,,,,,,,,,,,,,,,,,,,,,,,,,,,,,,,,,,,,,,,space,5.1322,0.0046,purple_gnome,dark_forest,red_basket,0,2,2,3,1,1,1,,,,,,,,,,,,,
,,,,,,,,,,,,,,,,,,,,,,,,,,,,,,,,,,,,,,,,,,,,,,,,,,,,,,,,,,,,,,,,,,358696,001,2024-11-25_10h08.06.026,experiment,2023.2.3,Win32,58.82352941,664cd1c6545aa0f362493dd9,67446fa89e86ac01e4128331,6744b006966c922b21271303,,,,,,,,,,,,,,,,,,,,,,,,,,,,,,,,,,,,,,,,,,,,,,,,,,,,,,,,,,,,,,,,,,,,,,,,,,,,,,,,,,,,,,,,,,,,,,,,,,,,,,,,,,,,,,,,,,,,,,,,,,,,,,,,,,,,,,,,,,,,,,,,,,,,,,,,,,,,,,,,,,,,,,,,,,,,,,,,,space,1.6692,,green_gnome,bright_forest,yellow_basket,0,3,3,8,1,4,0,,,,,,,,,,,,,
,,,,,,,,,,,,,,,,,,,,,,,,,,,,,,,,,,,,,,,,,,,,,,,,,,,,,,,,,,,,,,,,,,358696,001,2024-11-25_10h08.06.026,experiment,2023.2.3,Win32,58.82352941,664cd1c6545aa0f362493dd9,67446fa89e86ac01e4128331,6744b006966c922b21271303,,,,,,,,,,,,,,,,,,,,,,,,,,,,,,,,,,,,,,,,,,,,,,,,,,,,,,,,,,,,,,,,,,,,,,,,,,,,,,,,,,,,,,,,,,,,,,,,,,,,,,,,,,,,,,,,,,,,,,,,,,,,,,,,,,,,,,,,,,,,,,,,,,,,,,,,,,,,,,,,,,,,,,,,,,,,,,,0,6.8576,space,6.7008,,orange_gnome,bright_forest,yellow_basket,0,4,4,14,1,7,0,,,,,,,,,,,,,
,,,,,,,,,,,,,,,,,,,,,,,,,,,,,,,,,,,,,,,,,,,,,,,,,,,,,,,,,,,,,,,,,,358696,001,2024-11-25_10h08.06.026,experiment,2023.2.3,Win32,58.82352941,664cd1c6545aa0f362493dd9,67446fa89e86ac01e4128331,6744b006966c922b21271303,,,,,,,,,,,,,,,,,,,,,,,,,,,,,,,,,,,,,,,,,,,,,,,,,,,,,,,,,,,,,,,,,,,,,,,,,,,,,,,,,,,,,,,,,,,,,,,,,,,,,,,,,,,,,,,,,,,,,,,,,,,,,,,,,,,,,,,,,,,,,,,,,,,,,,,,,,,,,,,,,,,,,,,,,,,,,,,0.810014728,5.1409,space,5.1231,,yellow_gnome,dark_forest,red_basket,0,5,5,13,1,6,1,,,,,,,,,,,,,
,,,,,,,,,,,,,,,,,,,,,,,,,,,,,,,,,,,,,,,,,,,,,,,,,,,,,,,,,,,,,,,,,,358696,001,2024-11-25_10h08.06.026,experiment,2023.2.3,Win32,58.82352941,664cd1c6545aa0f362493dd9,67446fa89e86ac01e4128331,6744b006966c922b21271303,,,,,,,,,,,,,,,,,,,,,,,,,,,,,,,,,,,,,,,,,,,,,,,,,,,,,,,,,,,,,,,,,,,,,,,,,,,,,,,,,,,,,,,,,,,,,,,,,,,,,,,,,,,,,,,,,,,,,,,,,,,,,,,,,,,,,,,,,,,,,,,,,,,,,,,,,,,,,,,,,,,,,,,,,,,,,,,0.662739323,2.9118,space,2.6989,,purple_gnome,bright_forest,yellow_basket,0,6,6,2,1,1,0,,,,,,,,,,,,,
,,,,,,,,,,,,,,,,,,,,,,,,,,,,,,,,,,,,,,,,,,,,,,,,,,,,,,,,,,,,,,,,,,358696,001,2024-11-25_10h08.06.026,experiment,2023.2.3,Win32,58.82352941,664cd1c6545aa0f362493dd9,67446fa89e86ac01e4128331,6744b006966c922b21271303,,,,,,,,,,,,,,,,,,,,,,,,,,,,,,,,,,,,,,,,,,,,,,,,,,,,,,,,,,,,,,,,,,,,,,,,,,,,,,,,,,,,,,,,,,,,,,,,,,,,,,,,,,,,,,,,,,,,,,,,,,,,,,,,,,,,,,,,,,,,,,,,,,,,,,,,,,,,,,,,,,,,,,,,,,,,,,,0.662739323,1.1663,space,0.9344,,blue_gnome,bright_forest,yellow_basket,0,7,7,6,1,3,0,,,,,,,,,,,,,
,,,,,,,,,,,,,,,,,,,,,,,,,,,,,,,,,,,,,,,,,,,,,,,,,,,,,,,,,,,,,,,,,,358696,001,2024-11-25_10h08.06.026,experiment,2023.2.3,Win32,58.82352941,664cd1c6545aa0f362493dd9,67446fa89e86ac01e4128331,6744b006966c922b21271303,,,,,,,,,,,,,,,,,,,,,,,,,,,,,,,,,,,,,,,,,,,,,,,,,,,,,,,,,,,,,,,,,,,,,,,,,,,,,,,,,,,,,,,,,,,,,,,,,,,,,,,,,,,,,,,,,,,,,,,,,,,,,,,,,,,,,,,,,,,,,,,,,,,,,,,,,,,,,,,,,,,,,,,,,,,,,,,0.662739323,1.0923,space,0.882,,yellow_gnome,bright_forest,yellow_basket,0,8,8,12,1,6,0,,,,,,,,,,,,,
,,,,,,,,,,,,,,,,,,,,,,,,,,,,,,,,,,,,,,,,,,,,,,,,,,,,,,,,,,,,,,,,,,358696,001,2024-11-25_10h08.06.026,experiment,2023.2.3,Win32,58.82352941,664cd1c6545aa0f362493dd9,67446fa89e86ac01e4128331,6744b006966c922b21271303,,,,,,,,,,,,,,,,,,,,,,,,,,,,,,,,,,,,,,,,,,,,,,,,,,,,,,,,,,,,,,,,,,,,,,,,,,,,,,,,,,,,,,,,,,,,,,,,,,,,,,,,,,,,,,,,,,,,,,,,,,,,,,,,,,,,,,,,,,,,,,,,,,,,,,,,,,,,,,,,,,,,,,,,,,,,,,,0.368188513,1.4309,space,1.2087,,red_gnome,bright_forest,yellow_basket,0,9,9,10,1,5,0,,,,,,,,,,,,,
,,,,,,,,,,,,,,,,,,,,,,,,,,,,,,,,,,,,,,,,,,,,,,,,,,,,,,,,,,,,,,,,,,358696,001,2024-11-25_10h08.06.026,experiment,2023.2.3,Win32,58.82352941,664cd1c6545aa0f362493dd9,67446fa89e86ac01e4128331,6744b006966c922b21271303,,,,,,,,,,,,,,,,,,,,,,,,,,,,,,,,,,,,,,,,,,,,,,,,,,,,,,,,,,,,,,,,,,,,,,,,,,,,,,,,,,,,,,,,,,,,,,,,,,,,,,,,,,,,,,,,,,,,,,,,,,,,,,,,,,,,,,,,,,,,,,,,,,,,,,,,,,,,,,,,,,,,,,,,,,,,,,,0.515463918,2.8336,space,2.6337,,blue_gnome,dark_forest,red_basket,0,10,10,7,1,3,1,,,,,,,,,,,,,
,,,,,,,,,,,,,,,,,,,,,,,,,,,,,,,,,,,,,,,,,,,,,,,,,,,,,,,,,,,,,,,,,,358696,001,2024-11-25_10h08.06.026,experiment,2023.2.3,Win32,58.82352941,664cd1c6545aa0f362493dd9,67446fa89e86ac01e4128331,6744b006966c922b21271303,,,,,,,,,,,,,,,,,,,,,,,,,,,,,,,,,,,,,,,,,,,,,,,,,,,,,,,,,,,,,,,,,,,,,,,,,,,,,,,,,,,,,,,,,,,,,,,,,,,,,,,,,,,,,,,,,,,,,,,,,,,,,,,,,,,,,,,,,,,,,,,,,,,,,,,,,,,,,,,,,,,,,,,,,,,,,,,0.368188513,1.1346,space,0.9104,,green_gnome,dark_forest,red_basket,0,11,11,9,1,4,1,,,,,,,,,,,,,
,,,,,,,,,,,,,,,,,,,,,,,,,,,,,,,,,,,,,,,,,,,,,,,,,,,,,,,,,,,,,,,,,,358696,001,2024-11-25_10h08.06.026,experiment,2023.2.3,Win32,58.82352941,664cd1c6545aa0f362493dd9,67446fa89e86ac01e4128331,6744b006966c922b21271303,,,,,,,,,,,,,,,,,,,,,,,,,,,,,,,,,,,,,,,,,,,,,,,,,,,,,,,,,,,,,,,,,,,,,,,,,,,,,,,,,,,,,,,,,,,,,,,,,,,,,,,,,,,,,,,,,,,,,,,,,,,,,,,,,,,,,,,,,,,,,,,,,,,,,,,,,,,,,,,,,,,,,,,,,,,,,,,0.220913108,4.7244,space,4.6245,,red_gnome,dark_forest,red_basket,0,12,12,11,1,5,1,,,,,,,,,,,,,
,,,,,,,,,,,,,,,,,,,,,,,,,,,,,,,,,,,,,,,,,,,,,,,,,,,,,,,,,,,,,,,,,,358696,001,2024-11-25_10h08.06.026,experiment,2023.2.3,Win32,58.82352941,664cd1c6545aa0f362493dd9,67446fa89e86ac01e4128331,6744b006966c922b21271303,,,,,,,,,,,,,,,,,,,,,,,,,,,,,,,,,,,,,,,,,,,,,,,,,,,,,,,,,,,,,,,,,,,,,,,,,,,,,,,,,,,,,,,,,,,,,,,,,,,,,,,,,,,,,,,,,,,,,,,,,,,,,,,,,,,,,,,,,,,,,,,,,,,,,,,,,,,,,,,,,,,,,,,,,,,,,,,2.282768778,6.1396,space,6.1782,,brown_gnome,dark_forest,red_basket,0,13,13,1,1,0,1,,,,,,,,,,,,,
,,,,,,,,,,,,,,,,,,,,,,,,,,,,,,,,,,,,,,,,,,,,,,,,,,,,,,,,,,,,,,,,,,358696,001,2024-11-25_10h08.06.026,experiment,2023.2.3,Win32,58.82352941,664cd1c6545aa0f362493dd9,67446fa89e86ac01e4128331,6744b006966c922b21271303,,,,,,,,,,,,,,,,,,,,,,,,,,,,,,,,,,,,,,,,,,,,,,,,,,,,,,,,,,,,,,,,,,,,,,,,,,,,,,,,,,,,,,,,,,,,,,,,,,,,,,,,,,,,,,,,,,,,,,,,,,,,,,,,,,,,,,,,,,,,,,,,,,,,,,,,,,,,,,,,,,,,,,,,,,,,,,,2.282768778,0.1086,space,3.2526,,pink_gnome,bright_forest,yellow_basket,0,14,14,4,1,2,0,,,,,,,,,,,,,
,,,,,,,,,,,,,,,,,,,,,,,,,,,,,,,,,,,,,,,,,,,,,,,,,,,,,,,,,,,,,,,,,,358696,001,2024-11-25_10h08.06.026,experiment,2023.2.3,Win32,58.82352941,664cd1c6545aa0f362493dd9,67446fa89e86ac01e4128331,6744b006966c922b21271303,,,,,,,,,,,,,,,,,,,,,,,,,,,,,,,,,,,,,,,,,,,,,,,,,,,,,,,,,,,,,,,,,,,,,,,,,,,,,,,,,,,,,,,,,,,,,,,,,,,,,,,,,,,,,,,,,,,,,,,,,,,,,,,,,,,,,,,,,,,,,,,,,,,,,,,,,,,,,,,,,,,,,,,,,,,,,,,2.135493373,1.5021,space,1.4812,,orange_gnome,dark_forest,red_basket,0,15,15,15,1,7,1,,,,,,,,,,,,,
,,,,,,,,,,,,,,,,,,,,,,,,,,,,,,,,,,,,,,,,,,,,,,,,,,,,,,,,,,,,,,,,,,358696,001,2024-11-25_10h08.06.026,experiment,2023.2.3,Win32,58.82352941,664cd1c6545aa0f362493dd9,67446fa89e86ac01e4128331,6744b006966c922b21271303,,,,,,,,,,,,,,,,,,,,,,,,,,,,,,,,,,,,,,,,,,,,,,,,,,,,,,,,,,,,,,,,,,,,,,,,,,,,,,,,,,,,,,,,,,,,,,,,,,,,,,,,,,,,,,,,,,,,,,,,,,,,,,,,,,,,,,,,,,,,,,,,,,,,,,,,,,,,,,,,,,,,,,,,,,,,,,,,,,,,,,,,,,,,,,space,69.4694,,0,0,0,0,1,,,,,
,,,,,,,,,,,,,,,,,,,,,,,,,,,,,,,,,,,,,,,,,,,,,,,,,,,,,,,,,,,,,,,,,,358696,001,2024-11-25_10h08.06.026,experiment,2023.2.3,Win32,58.82352941,664cd1c6545aa0f362493dd9,67446fa89e86ac01e4128331,6744b006966c922b21271303,,,,,,,,,,,,,,,,,,,,,,,,,,,,,,,,,,,,,,,,,,,,,,,,,,,,,,,,,,,,,,,,,,,,,,,,,,,,,,,,,,,,,,,,,,,,,,,,,,,,,,,,,,,,,,,,,,,,,,,,,,,,,,,,,,,,,,,,,,,,,,,,,,,,,,,,,,,,,,,,,,,,,,,,,,,,,,,,,,,,,,,,,,,,,,,,,,,,,,0,0,0,0,1