parent_PID,stim1_name,stim1_file,stim1_pair,stim1_deact_file,stim1_step2_name,stim1_step2_file,stim1_step2_basket_name,stim1_step2_basket_file,stim2_name,stim2_file,stim2_pair,stim2_deact_file,stim2_step2_name,stim2_step2_file,stim2_step2_basket_name,stim2_step2_basket_file,stim3_name,stim3_file,stim3_pair,stim3_deact_file,stim3_step2_name,stim3_step2_file,stim3_step2_basket_name,stim3_step2_basket_file,stim4_name,stim4_file,stim4_pair,stim4_deact_file,stim4_step2_name,stim4_step2_file,stim4_step2_basket_name,stim4_step2_basket_file,stim5_name,stim5_file,stim5_pair,stim5_deact_file,stim5_step2_name,stim5_step2_file,stim5_step2_basket_name,stim5_step2_basket_file,stim6_name,stim6_file,stim6_pair,stim6_deact_file,stim6_step2_name,stim6_step2_file,stim6_step2_basket_name,stim6_step2_basket_file,stim7_name,stim7_file,stim7_pair,stim7_deact_file,stim7_step2_name,stim7_step2_file,stim7_step2_basket_name,stim7_step2_basket_file,stim8_name,stim8_file,stim8_pair,stim8_deact_file,stim8_step2_name,stim8_step2_file,stim8_step2_basket_name,stim8_step2_basket_file,participant,session,date,expName,psychopyVersion,OS,frameRate,PROLIFIC_PID,STUDY_ID,SESSION_ID,consent_keyresp.keys,consent_keyresp.rt,consent_keyresp.duration,global_instructions1_key.keys,global_instructions1_key.rt,global_instructions1_key.duration,global_instructions2_key.keys,global_instructions2_key.rt,global_instructions2_key.duration,global_instructions3_key.keys,global_instructions3_key.rt,global_instructions3_key.duration,global_instructions4_key.keys,global_instructions4_key.rt,global_instructions4_key.duration,stake_instructions_key.keys,stake_instructions_key.rt,stake_instructions_key.duration,global_instructions5_key.keys,global_instructions5_key.rt,global_instructions5_key.duration,p_fixation_2.started,p_fixation_2.stopped,p_step1_keyresp.keys,p_failStep1_keyresp.keys,p_failStep1_keyresp.rt,p_failStep1_keyresp.duration,p_step1_pair_index,p_step1_stimLeft_name,p_step1_stimLeft_pair,p_step1_stimLeft_reward,p_step1_stimLeft_step2Stim,p_step1_stimLeft_step2Basket,p_step1_stimRight_name,p_step1_stimRight_pair,p_step1_stimRight_reward,p_step1_stimRight_step2Stim,p_step1_stimRight_step2Basket,p_points,t_mult,p_fail_step1,p_fail_step2,p_reward_flag,p_step1_choice,p_step2_stim,p_step2_basket,p_score,practice.thisRepN,practice.thisTrialN,practice.thisN,practice.thisIndex,practice.ran,pair_index,p_mult,p_step1_keyresp.rt,p_step1_keyresp.duration,p_step2_keyresp.keys,p_failStep2_keyresp.keys,p_failStep2_keyresp.rt,p_failStep2_keyresp.duration,p_step2_keyresp.rt,p_step2_keyresp.duration,t_instructions_keyresp.keys,t_instructions_keyresp.rt,t_instructions_keyresp.duration,t_advice_reading.started,t_advice_reading.stopped,t_advice_mouse.x,t_advice_mouse.y,t_advice_mouse.leftButton,t_advice_mouse.midButton,t_advice_mouse.rightButton,t_advice_mouse.time,t_advice_mouse.clicked_name,t_advice_summary_textbox.text,t_advice_summary_mouse.x,t_advice_summary_mouse.y,t_advice_summary_mouse.leftButton,t_advice_summary_mouse.midButton,t_advice_summary_mouse.rightButton,t_advice_summary_mouse.time,t_advice_summary_mouse.clicked_name,t_instructions_2_keyresp.keys,t_instructions_2_keyresp.rt,t_instructions_2_keyresp.duration,t_step1_keyresp.keys,t_step1_keyresp.rt,t_step1_keyresp.duration,t_step2_keyresp.keys,t_step1_pair_index,t_step1_stimLeft_name,t_step1_stimLeft_pair,t_step1_stimLeft_reward,t_step1_stimLeft_step2Stim,t_step1_stimLeft_step2Basket,t_step1_stimRight_name,t_step1_stimRight_pair,t_step1_stimRight_reward,t_step1_stimRight_step2Stim,t_step1_stimRight_step2Basket,t_points,t_fail_step1,t_fail_step2,t_reward_flag,t_step1_choice,t_step2_stim,t_step2_basket,globa_score,t_data_stimWalk0,t_data_stimWalk1,trials.thisRepN,trials.thisTrialN,trials.thisN,trials.thisIndex,trials.ran,t_step2_keyresp.rt,t_step2_keyresp.duration,break_key_resp.keys,break_key_resp.rt,break_key_resp.duration,pl_global_instructions_keyresp.keys,pl_global_instructions_keyresp.rt,pl_global_instructions_keyresp.duration,vb_instructions_keyresp.keys,vb_instructions_keyresp.rt,vb_instructions_keyresp.duration,vb_instructions_2_keyresp.keys,vb_instructions_2_keyresp.rt,vb_instructions_2_keyresp.duration,vb_textbox.text,vb_mouse.x,vb_mouse.y,vb_mouse.leftButton,vb_mouse.midButton,vb_mouse.rightButton,vb_mouse.time,vb_mouse.clicked_name,pl1_instructions1_keyresp.keys,pl1_instructions1_keyresp.rt,pl1_instructions1_keyresp.duration,pl1_instructions2_keyresp.keys,pl1_instructions2_keyresp.rt,pl1_instructions2_keyresp.duration,pl1_instructions3_keyresp.keys,pl1_instructions3_keyresp.rt,pl1_instructions3_keyresp.duration,pl1_instructions4_keyresp.keys,pl1_instructions4_keyresp.rt,pl1_instructions4_keyresp.duration,pl1_task_lickert.response,pl1_task_lickert.rt,pl1_task_confidence_lickert.response,pl1_task_confidence_lickert.rt,pl1_task_keyresp.keys,pl1_task_keyresp.rt,pl1_task_keyresp.duration,pl1_task_stimLeft,pl1_task_stimRight,pl1_loop.thisRepN,pl1_loop.thisTrialN,pl1_loop.thisN,pl1_loop.thisIndex,pl1_loop.ran,stimLeft_index,stimRight_index,pl2_instructions_keyresp.keys,pl2_instructions_keyresp.rt,pl2_instructions_keyresp.duration,pl2_task_lickert.response,pl2_task_lickert.rt,pl2_task_confidence_lickert.response,pl2_task_confidence_lickert.rt,pl2_task_keyresp.keys,pl2_task_keyresp.rt,pl2_task_keyresp.duration,pl2_task_gnome,pl2_task_forest,pl2_task_basket,pl2_loop.thisRepN,pl2_loop.thisTrialN,pl2_loop.thisN,pl2_loop.thisIndex,pl2_loop.ran,gnome_id,forest_id,end_keyresp.keys,end_keyresp.rt,end_keyresp.duration,show_trials.thisRepN,show_trials.thisTrialN,show_trials.thisN,show_trials.thisIndex,show_trials.ran
6012d27152fa5e09eb6a29e0,brown_gnome,ressources/step1_stim1.png,3,ressources/step1_tallGnome_deact.png,bright_forest,ressources/step2_background1.png,red_basket,ressources/step2_stim2.png,purple_gnome,ressources/step1_stim2.png,3,ressources/step1_tallGnome_deact.png,dark_forest,ressources/step2_background2.png,yellow_basket,ressources/step2_stim1.png,pink_gnome,ressources/step1_stim3.png,4,ressources/step1_tallGnome_deact.png,bright_forest,ressources/step2_background1.png,red_basket,ressources/step2_stim2.png,blue_gnome,ressources/step1_stim4.png,1,ressources/step1_tallGnome_deact.png,bright_forest,ressources/step2_background1.png,red_basket,ressources/step2_stim2.png,green_gnome,ressources/step1_stim5.png,2,ressources/step1_smallGnome_deact.png,dark_forest,ressources/step2_background2.png,yellow_basket,ressources/step2_stim1.png,red_gnome,ressources/step1_stim6.png,1,ressources/step1_smallGnome_deact.png,dark_forest,ressources/step2_background2.png,yellow_basket,ressources/step2_stim1.png,yellow_gnome,ressources/step1_stim7.png,4,ressources/step1_smallGnome_deact.png,dark_forest,ressources/step2_background2.png,yellow_basket,ressources/step2_stim1.png,orange_gnome,ressources/step1_stim8.png,2,ressources/step1_smallGnome_deact.png,bright_forest,ressources/step2_background1.png,red_basket,ressources/step2_stim2.png,403541,001,2024-06-18_18h48.04.055,experiment,2023.2.3,Win32,39.68253968,632b3639f61612815d100608,667188dfe6b7144a6371082a,6671c68194f20adf93f7234e,,,,,,,,,,,,,,,,,,,,,,,,,,,,,,,,,,,,,,,,,,,,,,,,,,,,,,,,,,,,,,,,,,,,,,,,,,,,,,,,,,,,,,,,,,,,,,,,,,,,,,,,,,,,,,,,,,,,,,,,,,,,,,,,,,,,,,,,,,,,,,,,,,,,,,,,,,,,,,,,,,,,,,,,,,,,,,,,,,,,,,,,,,,,,,,,,
,,,,,,,,,,,,,,,,,,,,,,,,,,,,,,,,,,,,,,,,,,,,,,,,,,,,,,,,,,,,,,,,,403541,001,2024-06-18_18h48.04.055,experiment,2023.2.3,Win32,39.68253968,632b3639f61612815d100608,667188dfe6b7144a6371082a,6671c68194f20adf93f7234e,y,50.4267,,,,,,,,,,,,,,,,,,,,,,,,,,,,,,,,,,,,,,,,,,,,,,,,,,,,,,,,,,,,,,,,,,,,,,,,,,,,,,,,,,,,,,,,,,,,,,,,,,,,,,,,,,,,,,,,,,,,,,,,,,,,,,,,,,,,,,,,,,,,,,,,,,,,,,,,,,,,,,,,,,,,,,,,,,,,,,,,,,,,,,,,,,,,,,,
,,,,,,,,,,,,,,,,,,,,,,,,,,,,,,,,,,,,,,,,,,,,,,,,,,,,,,,,,,,,,,,,,403541,001,2024-06-18_18h48.04.055,experiment,2023.2.3,Win32,39.68253968,632b3639f61612815d100608,667188dfe6b7144a6371082a,6671c68194f20adf93f7234e,,,,space,36.2484,,space,82.5094,,space,55.5329,,space,50.2371,,space,97.3942,,space,56.8935,,430.8563,431.3668,,space,4.2716,,1,p_green_gnome,1,0,p_green_forest,p_blue_basket,p_blue_gnome,1,5,p_yellow_forest,p_green_basket,0,5,1,0,0,,,,0,0,0,0,2,1,1,5,,,,,,,,,,,,,,,,,,,,,,,,,,,,,,,,,,,,,,,,,,,,,,,,,,,,,,,,,,,,,,,,,,,,,,,,,,,,,,,,,,,,,,,,,,,,,,,,,,,,,,,,,,,,,,,,,,,,,,,,,,,,,,,,,,,,,,,,,,,
,,,,,,,,,,,,,,,,,,,,,,,,,,,,,,,,,,,,,,,,,,,,,,,,,,,,,,,,,,,,,,,,,403541,001,2024-06-18_18h48.04.055,experiment,2023.2.3,Win32,39.68253968,632b3639f61612815d100608,667188dfe6b7144a6371082a,6671c68194f20adf93f7234e,,,,,,,,,,,,,,,,,,,,,,438.2838,438.7976,k,,,,1,p_green_gnome,1,0,p_green_forest,p_blue_basket,p_blue_gnome,1,5,p_yellow_forest,p_green_basket,0,1,0,1,0,p_blue_gnome,p_yellow_forest,p_green_basket,0,0,1,1,0,1,1,1,1.0136,,,space,0.5887,,,,,,,,,,,,,,,,,,,,,,,,,,,,,,,,,,,,,,,,,,,,,,,,,,,,,,,,,,,,,,,,,,,,,,,,,,,,,,,,,,,,,,,,,,,,,,,,,,,,,,,,,,,,,,,,,,,,,,,,,,,,,,,,,,,,,,
,,,,,,,,,,,,,,,,,,,,,,,,,,,,,,,,,,,,,,,,,,,,,,,,,,,,,,,,,,,,,,,,,403541,001,2024-06-18_18h48.04.055,experiment,2023.2.3,Win32,39.68253968,632b3639f61612815d100608,667188dfe6b7144a6371082a,6671c68194f20adf93f7234e,,,,,,,,,,,,,,,,,,,,,,444.0211,444.5218,k,,,,2,p_orange_gnome,2,5,p_yellow_forest,p_green_basket,p_pink_gnome,2,0,p_green_forest,p_blue_basket,0,1,0,0,1,p_pink_gnome,p_green_forest,p_blue_basket,0,0,2,2,1,1,2,1,0.9484,,space,,,,1.195,,,,,,,,,,,,,,,,,,,,,,,,,,,,,,,,,,,,,,,,,,,,,,,,,,,,,,,,,,,,,,,,,,,,,,,,,,,,,,,,,,,,,,,,,,,,,,,,,,,,,,,,,,,,,,,,,,,,,,,,,,,,,,,,,,,,
,,,,,,,,,,,,,,,,,,,,,,,,,,,,,,,,,,,,,,,,,,,,,,,,,,,,,,,,,,,,,,,,,403541,001,2024-06-18_18h48.04.055,experiment,2023.2.3,Win32,39.68253968,632b3639f61612815d100608,667188dfe6b7144a6371082a,6671c68194f20adf93f7234e,,,,,,,,,,,,,,,,,,,,,,451.1055,451.627,s,,,,1,p_blue_gnome,1,5,p_yellow_forest,p_green_basket,p_green_gnome,1,0,p_green_forest,p_blue_basket,25,5,0,0,1,p_blue_gnome,p_yellow_forest,p_green_basket,25,0,3,3,2,1,1,5,0.9973,,space,,,,1.2966,,,,,,,,,,,,,,,,,,,,,,,,,,,,,,,,,,,,,,,,,,,,,,,,,,,,,,,,,,,,,,,,,,,,,,,,,,,,,,,,,,,,,,,,,,,,,,,,,,,,,,,,,,,,,,,,,,,,,,,,,,,,,,,,,,,,
,,,,,,,,,,,,,,,,,,,,,,,,,,,,,,,,,,,,,,,,,,,,,,,,,,,,,,,,,,,,,,,,,403541,001,2024-06-18_18h48.04.055,experiment,2023.2.3,Win32,39.68253968,632b3639f61612815d100608,667188dfe6b7144a6371082a,6671c68194f20adf93f7234e,,,,,,,,,,,,,,,,,,,,,,458.2094,458.7317,k,,,,2,p_orange_gnome,2,6,p_yellow_forest,p_green_basket,p_pink_gnome,2,1,p_green_forest,p_blue_basket,5,5,0,0,1,p_pink_gnome,p_green_forest,p_blue_basket,30,1,0,4,3,1,2,5,1.1531,,space,,,,1.1372,,,,,,,,,,,,,,,,,,,,,,,,,,,,,,,,,,,,,,,,,,,,,,,,,,,,,,,,,,,,,,,,,,,,,,,,,,,,,,,,,,,,,,,,,,,,,,,,,,,,,,,,,,,,,,,,,,,,,,,,,,,,,,,,,,,,
,,,,,,,,,,,,,,,,,,,,,,,,,,,,,,,,,,,,,,,,,,,,,,,,,,,,,,,,,,,,,,,,,403541,001,2024-06-18_18h48.04.055,experiment,2023.2.3,Win32,39.68253968,632b3639f61612815d100608,667188dfe6b7144a6371082a,6671c68194f20adf93f7234e,,,,,,,,,,,,,,,,,,,,,,465.3134,465.8366,s,,,,1,p_green_gnome,1,1,p_green_forest,p_blue_basket,p_blue_gnome,1,6,p_yellow_forest,p_green_basket,5,5,0,0,1,p_green_gnome,p_green_forest,p_blue_basket,35,1,1,5,2,1,1,5,0.4949,,space,,,,1.0426,,,,,,,,,,,,,,,,,,,,,,,,,,,,,,,,,,,,,,,,,,,,,,,,,,,,,,,,,,,,,,,,,,,,,,,,,,,,,,,,,,,,,,,,,,,,,,,,,,,,,,,,,,,,,,,,,,,,,,,,,,,,,,,,,,,,
,,,,,,,,,,,,,,,,,,,,,,,,,,,,,,,,,,,,,,,,,,,,,,,,,,,,,,,,,,,,,,,,,403541,001,2024-06-18_18h48.04.055,experiment,2023.2.3,Win32,39.68253968,632b3639f61612815d100608,667188dfe6b7144a6371082a,6671c68194f20adf93f7234e,,,,,,,,,,,,,,,,,,,,,,472.4185,472.9417,k,,,,2,p_pink_gnome,2,1,p_green_forest,p_blue_basket,p_orange_gnome,2,6,p_yellow_forest,p_green_basket,30,5,0,0,1,p_orange_gnome,p_yellow_forest,p_green_basket,65,1,2,6,3,1,2,5,1.0234,,space,,,,0.5164,,,,,,,,,,,,,,,,,,,,,,,,,,,,,,,,,,,,,,,,,,,,,,,,,,,,,,,,,,,,,,,,,,,,,,,,,,,,,,,,,,,,,,,,,,,,,,,,,,,,,,,,,,,,,,,,,,,,,,,,,,,,,,,,,,,,
,,,,,,,,,,,,,,,,,,,,,,,,,,,,,,,,,,,,,,,,,,,,,,,,,,,,,,,,,,,,,,,,,403541,001,2024-06-18_18h48.04.055,experiment,2023.2.3,Win32,39.68253968,632b3639f61612815d100608,667188dfe6b7144a6371082a,6671c68194f20adf93f7234e,,,,,,,,,,,,,,,,,,,,,,479.548,480.0729,k,,,,2,p_orange_gnome,2,6,p_yellow_forest,p_green_basket,p_pink_gnome,2,1,p_green_forest,p_blue_basket,5,5,0,0,1,p_pink_gnome,p_green_forest,p_blue_basket,70,1,3,7,3,1,2,5,0.2599,,space,,,,0.984,,,,,,,,,,,,,,,,,,,,,,,,,,,,,,,,,,,,,,,,,,,,,,,,,,,,,,,,,,,,,,,,,,,,,,,,,,,,,,,,,,,,,,,,,,,,,,,,,,,,,,,,,,,,,,,,,,,,,,,,,,,,,,,,,,,,
,,,,,,,,,,,,,,,,,,,,,,,,,,,,,,,,,,,,,,,,,,,,,,,,,,,,,,,,,,,,,,,,,403541,001,2024-06-18_18h48.04.055,experiment,2023.2.3,Win32,39.68253968,632b3639f61612815d100608,667188dfe6b7144a6371082a,6671c68194f20adf93f7234e,,,,,,,,,,,,,,,,,,,,,,486.6534,487.1766,s,,,,2,p_pink_gnome,2,2,p_green_forest,p_blue_basket,p_orange_gnome,2,7,p_yellow_forest,p_green_basket,10,5,0,0,1,p_pink_gnome,p_green_forest,p_blue_basket,80,2,0,8,3,1,2,5,0.3399,,space,,,,0.7234,,,,,,,,,,,,,,,,,,,,,,,,,,,,,,,,,,,,,,,,,,,,,,,,,,,,,,,,,,,,,,,,,,,,,,,,,,,,,,,,,,,,,,,,,,,,,,,,,,,,,,,,,,,,,,,,,,,,,,,,,,,,,,,,,,,,
,,,,,,,,,,,,,,,,,,,,,,,,,,,,,,,,,,,,,,,,,,,,,,,,,,,,,,,,,,,,,,,,,403541,001,2024-06-18_18h48.04.055,experiment,2023.2.3,Win32,39.68253968,632b3639f61612815d100608,667188dfe6b7144a6371082a,6671c68194f20adf93f7234e,,,,,,,,,,,,,,,,,,,,,,493.7823,494.2838,k,,,,1,p_blue_gnome,1,7,p_yellow_forest,p_green_basket,p_green_gnome,1,2,p_green_forest,p_blue_basket,10,5,0,0,1,p_green_gnome,p_green_forest,p_blue_basket,90,2,1,9,2,1,1,5,0.4347,,space,,,,0.6461,,,,,,,,,,,,,,,,,,,,,,,,,,,,,,,,,,,,,,,,,,,,,,,,,,,,,,,,,,,,,,,,,,,,,,,,,,,,,,,,,,,,,,,,,,,,,,,,,,,,,,,,,,,,,,,,,,,,,,,,,,,,,,,,,,,,
,,,,,,,,,,,,,,,,,,,,,,,,,,,,,,,,,,,,,,,,,,,,,,,,,,,,,,,,,,,,,,,,,403541,001,2024-06-18_18h48.04.055,experiment,2023.2.3,Win32,39.68253968,632b3639f61612815d100608,667188dfe6b7144a6371082a,6671c68194f20adf93f7234e,,,,,,,,,,,,,,,,,,,,,,500.9112,501.4367,s,,,,1,p_green_gnome,1,2,p_green_forest,p_blue_basket,p_blue_gnome,1,7,p_yellow_forest,p_green_basket,2,1,0,0,1,p_green_gnome,p_green_forest,p_blue_basket,92,2,2,10,0,1,1,1,0.1876,,space,,,,0.7937,,,,,,,,,,,,,,,,,,,,,,,,,,,,,,,,,,,,,,,,,,,,,,,,,,,,,,,,,,,,,,,,,,,,,,,,,,,,,,,,,,,,,,,,,,,,,,,,,,,,,,,,,,,,,,,,,,,,,,,,,,,,,,,,,,,,
,,,,,,,,,,,,,,,,,,,,,,,,,,,,,,,,,,,,,,,,,,,,,,,,,,,,,,,,,,,,,,,,,403541,001,2024-06-18_18h48.04.055,experiment,2023.2.3,Win32,39.68253968,632b3639f61612815d100608,667188dfe6b7144a6371082a,6671c68194f20adf93f7234e,,,,,,,,,,,,,,,,,,,,,,508.0339,508.5415,k,,,,1,p_green_gnome,1,2,p_green_forest,p_blue_basket,p_blue_gnome,1,7,p_yellow_forest,p_green_basket,7,1,0,0,1,p_blue_gnome,p_yellow_forest,p_green_basket,99,2,3,11,0,1,1,1,0.6306,,space,,,,0.6371,,,,,,,,,,,,,,,,,,,,,,,,,,,,,,,,,,,,,,,,,,,,,,,,,,,,,,,,,,,,,,,,,,,,,,,,,,,,,,,,,,,,,,,,,,,,,,,,,,,,,,,,,,,,,,,,,,,,,,,,,,,,,,,,,,,,
,,,,,,,,,,,,,,,,,,,,,,,,,,,,,,,,,,,,,,,,,,,,,,,,,,,,,,,,,,,,,,,,,403541,001,2024-06-18_18h48.04.055,experiment,2023.2.3,Win32,39.68253968,632b3639f61612815d100608,667188dfe6b7144a6371082a,6671c68194f20adf93f7234e,,,,,,,,,,,,,,,,,,,,,,515.1449,515.6484,s,,,,1,p_green_gnome,1,3,p_green_forest,p_blue_basket,p_blue_gnome,1,8,p_yellow_forest,p_green_basket,0,1,0,1,0,p_green_gnome,p_green_forest,p_blue_basket,99,3,0,12,0,1,1,1,0.2443,,,space,0.8173,,,,,,,,,,,,,,,,,,,,,,,,,,,,,,,,,,,,,,,,,,,,,,,,,,,,,,,,,,,,,,,,,,,,,,,,,,,,,,,,,,,,,,,,,,,,,,,,,,,,,,,,,,,,,,,,,,,,,,,,,,,,,,,,,,,,,,
,,,,,,,,,,,,,,,,,,,,,,,,,,,,,,,,,,,,,,,,,,,,,,,,,,,,,,,,,,,,,,,,,403541,001,2024-06-18_18h48.04.055,experiment,2023.2.3,Win32,39.68253968,632b3639f61612815d100608,667188dfe6b7144a6371082a,6671c68194f20adf93f7234e,,,,,,,,,,,,,,,,,,,,,,521.0838,521.5965,k,,,,1,p_blue_gnome,1,8,p_yellow_forest,p_green_basket,p_green_gnome,1,3,p_green_forest,p_blue_basket,3,1,0,0,1,p_green_gnome,p_green_forest,p_blue_basket,102,3,1,13,0,1,1,1,0.1419,,space,,,,1.1251,,,,,,,,,,,,,,,,,,,,,,,,,,,,,,,,,,,,,,,,,,,,,,,,,,,,,,,,,,,,,,,,,,,,,,,,,,,,,,,,,,,,,,,,,,,,,,,,,,,,,,,,,,,,,,,,,,,,,,,,,,,,,,,,,,,,
,,,,,,,,,,,,,,,,,,,,,,,,,,,,,,,,,,,,,,,,,,,,,,,,,,,,,,,,,,,,,,,,,403541,001,2024-06-18_18h48.04.055,experiment,2023.2.3,Win32,39.68253968,632b3639f61612815d100608,667188dfe6b7144a6371082a,6671c68194f20adf93f7234e,,,,,,,,,,,,,,,,,,,,,,528.2245,528.7279,s,,,,2,p_orange_gnome,2,8,p_yellow_forest,p_green_basket,p_pink_gnome,2,3,p_green_forest,p_blue_basket,8,1,0,0,1,p_orange_gnome,p_yellow_forest,p_green_basket,110,3,2,14,1,1,2,1,0.6918,,space,,,,0.698,,,,,,,,,,,,,,,,,,,,,,,,,,,,,,,,,,,,,,,,,,,,,,,,,,,,,,,,,,,,,,,,,,,,,,,,,,,,,,,,,,,,,,,,,,,,,,,,,,,,,,,,,,,,,,,,,,,,,,,,,,,,,,,,,,,,
,,,,,,,,,,,,,,,,,,,,,,,,,,,,,,,,,,,,,,,,,,,,,,,,,,,,,,,,,,,,,,,,,403541,001,2024-06-18_18h48.04.055,experiment,2023.2.3,Win32,39.68253968,632b3639f61612815d100608,667188dfe6b7144a6371082a,6671c68194f20adf93f7234e,,,,,,,,,,,,,,,,,,,,,,535.3057,535.8309,s,,,,2,p_pink_gnome,2,3,p_green_forest,p_blue_basket,p_orange_gnome,2,8,p_yellow_forest,p_green_basket,3,1,0,0,1,p_pink_gnome,p_green_forest,p_blue_basket,113,3,3,15,1,1,2,1,0.6634,,space,,,,0.8257,,,,,,,,,,,,,,,,,,,,,,,,,,,,,,,,,,,,,,,,,,,,,,,,,,,,,,,,,,,,,,,,,,,,,,,,,,,,,,,,,,,,,,,,,,,,,,,,,,,,,,,,,,,,,,,,,,,,,,,,,,,,,,,,,,,,
,,,,,,,,,,,,,,,,,,,,,,,,,,,,,,,,,,,,,,,,,,,,,,,,,,,,,,,,,,,,,,,,,403541,001,2024-06-18_18h48.04.055,experiment,2023.2.3,Win32,39.68253968,632b3639f61612815d100608,667188dfe6b7144a6371082a,6671c68194f20adf93f7234e,,,,,,,,,,,,,,,,,,,,,,542.4191,542.9366,k,,,,1,p_green_gnome,1,4,p_green_forest,p_blue_basket,p_blue_gnome,1,9,p_yellow_forest,p_green_basket,45,5,0,0,1,p_blue_gnome,p_yellow_forest,p_green_basket,158,4,0,16,2,1,1,5,0.1813,,space,,,,0.6118,,,,,,,,,,,,,,,,,,,,,,,,,,,,,,,,,,,,,,,,,,,,,,,,,,,,,,,,,,,,,,,,,,,,,,,,,,,,,,,,,,,,,,,,,,,,,,,,,,,,,,,,,,,,,,,,,,,,,,,,,,,,,,,,,,,,
,,,,,,,,,,,,,,,,,,,,,,,,,,,,,,,,,,,,,,,,,,,,,,,,,,,,,,,,,,,,,,,,,403541,001,2024-06-18_18h48.04.055,experiment,2023.2.3,Win32,39.68253968,632b3639f61612815d100608,667188dfe6b7144a6371082a,6671c68194f20adf93f7234e,,,,,,,,,,,,,,,,,,,,,,549.5407,550.041,k,,,,2,p_pink_gnome,2,4,p_green_forest,p_blue_basket,p_orange_gnome,2,9,p_yellow_forest,p_green_basket,45,5,0,0,1,p_orange_gnome,p_yellow_forest,p_green_basket,203,4,1,17,3,1,2,5,0.9257,,space,,,,0.7915,,,,,,,,,,,,,,,,,,,,,,,,,,,,,,,,,,,,,,,,,,,,,,,,,,,,,,,,,,,,,,,,,,,,,,,,,,,,,,,,,,,,,,,,,,,,,,,,,,,,,,,,,,,,,,,,,,,,,,,,,,,,,,,,,,,,
,,,,,,,,,,,,,,,,,,,,,,,,,,,,,,,,,,,,,,,,,,,,,,,,,,,,,,,,,,,,,,,,,403541,001,2024-06-18_18h48.04.055,experiment,2023.2.3,Win32,39.68253968,632b3639f61612815d100608,667188dfe6b7144a6371082a,6671c68194f20adf93f7234e,,,,,,,,,,,,,,,,,,,,,,556.6199,557.1208,s,,,,2,p_orange_gnome,2,9,p_yellow_forest,p_green_basket,p_pink_gnome,2,4,p_green_forest,p_blue_basket,9,1,0,0,1,p_orange_gnome,p_yellow_forest,p_green_basket,212,4,2,18,1,1,2,1,0.9968,,space,,,,0.6134,,,,,,,,,,,,,,,,,,,,,,,,,,,,,,,,,,,,,,,,,,,,,,,,,,,,,,,,,,,,,,,,,,,,,,,,,,,,,,,,,,,,,,,,,,,,,,,,,,,,,,,,,,,,,,,,,,,,,,,,,,,,,,,,,,,,
,,,,,,,,,,,,,,,,,,,,,,,,,,,,,,,,,,,,,,,,,,,,,,,,,,,,,,,,,,,,,,,,,403541,001,2024-06-18_18h48.04.055,experiment,2023.2.3,Win32,39.68253968,632b3639f61612815d100608,667188dfe6b7144a6371082a,6671c68194f20adf93f7234e,,,,,,,,,,,,,,,,,,,,,,563.7245,564.227,k,,,,2,p_orange_gnome,2,9,p_yellow_forest,p_green_basket,p_pink_gnome,2,4,p_green_forest,p_blue_basket,4,1,0,0,1,p_pink_gnome,p_green_forest,p_blue_basket,216,4,3,19,1,1,2,1,0.6138,,space,,,,0.6142,,,,,,,,,,,,,,,,,,,,,,,,,,,,,,,,,,,,,,,,,,,,,,,,,,,,,,,,,,,,,,,,,,,,,,,,,,,,,,,,,,,,,,,,,,,,,,,,,,,,,,,,,,,,,,,,,,,,,,,,,,,,,,,,,,,,
,,,,,,,,,,,,,,,,,,,,,,,,,,,,,,,,,,,,,,,,,,,,,,,,,,,,,,,,,,,,,,,,,403541,001,2024-06-18_18h48.04.055,experiment,2023.2.3,Win32,39.68253968,632b3639f61612815d100608,667188dfe6b7144a6371082a,6671c68194f20adf93f7234e,,,,,,,,,,,,,,,,,,,,,,,,,,,,,,,,,,,,,,,,5,,,,,,,,,,,,,4,,,,,,,,,,space,40.5264,,611.3529,657.1322,0.63671875,-0.346354167,1,0,0,45.6817,t_advice_finished_typing_rect,It is advisable to quickly choose gnome to collect mushrooms so as not to miss any opportunity to gain points. Ensure to notice the different color patterns and how they help in giving good number.,0.134114583,-0.08984375,1,0,0,5.8874,vb_finished_typing_rect,space,78.2454,,k,0.5194,,,4,yellow_gnome,4,1,dark_forest,yellow_basket,pink_gnome,4,9,bright_forest,red_basket,0,0,1,0,pink_gnome,bright_forest,red_basket,0,-2,-3,0,0,0,7,1,,,,,,,,,,,,,,,,,,,,,,,,,,,,,,,,,,,,,,,,,,,,,,,,,,,,,,,,,,,,,,,,,,,,,,,,,,,,,,
,,,,,,,,,,,,,,,,,,,,,,,,,,,,,,,,,,,,,,,,,,,,,,,,,,,,,,,,,,,,,,,,,403541,001,2024-06-18_18h48.04.055,experiment,2023.2.3,Win32,39.68253968,632b3639f61612815d100608,667188dfe6b7144a6371082a,6671c68194f20adf93f7234e,,,,,,,,,,,,,,,,,,,,,,,,,,,,,,,,,,,,,,,,1,,,,,,,,,,,,,3,,,,,,,,,,,,,,,,,,,,,,,,,,,,,,,,,s,0.6457,,space,3,brown_gnome,3,7,bright_forest,red_basket,purple_gnome,3,2,dark_forest,yellow_basket,7,0,0,1,brown_gnome,bright_forest,red_basket,7,0,3,0,1,1,2,1,0.686,,,,,,,,,,,,,,,,,,,,,,,,,,,,,,,,,,,,,,,,,,,,,,,,,,,,,,,,,,,,,,,,,,,,,,,,,,,,,
,,,,,,,,,,,,,,,,,,,,,,,,,,,,,,,,,,,,,,,,,,,,,,,,,,,,,,,,,,,,,,,,,403541,001,2024-06-18_18h48.04.055,experiment,2023.2.3,Win32,39.68253968,632b3639f61612815d100608,667188dfe6b7144a6371082a,6671c68194f20adf93f7234e,,,,,,,,,,,,,,,,,,,,,,,,,,,,,,,,,,,,,,,,1,,,,,,,,,,,,,3,,,,,,,,,,,,,,,,,,,,,,,,,,,,,,,,,k,0.644,,space,3,brown_gnome,3,7,bright_forest,red_basket,purple_gnome,3,5,dark_forest,yellow_basket,5,0,0,1,purple_gnome,dark_forest,yellow_basket,12,0,-1,0,2,2,2,1,0.4389,,,,,,,,,,,,,,,,,,,,,,,,,,,,,,,,,,,,,,,,,,,,,,,,,,,,,,,,,,,,,,,,,,,,,,,,,,,,,
,,,,,,,,,,,,,,,,,,,,,,,,,,,,,,,,,,,,,,,,,,,,,,,,,,,,,,,,,,,,,,,,,403541,001,2024-06-18_18h48.04.055,experiment,2023.2.3,Win32,39.68253968,632b3639f61612815d100608,667188dfe6b7144a6371082a,6671c68194f20adf93f7234e,,,,,,,,,,,,,,,,,,,,,,,,,,,,,,,,,,,,,,,,5,,,,,,,,,,,,,4,,,,,,,,,,,,,,,,,,,,,,,,,,,,,,,,,s,0.5179,,space,4,pink_gnome,4,7,bright_forest,red_basket,yellow_gnome,4,4,dark_forest,yellow_basket,35,0,0,1,pink_gnome,bright_forest,red_basket,47,1,-1,0,3,3,7,1,0.47,,,,,,,,,,,,,,,,,,,,,,,,,,,,,,,,,,,,,,,,,,,,,,,,,,,,,,,,,,,,,,,,,,,,,,,,,,,,,
,,,,,,,,,,,,,,,,,,,,,,,,,,,,,,,,,,,,,,,,,,,,,,,,,,,,,,,,,,,,,,,,,403541,001,2024-06-18_18h48.04.055,experiment,2023.2.3,Win32,39.68253968,632b3639f61612815d100608,667188dfe6b7144a6371082a,6671c68194f20adf93f7234e,,,,,,,,,,,,,,,,,,,,,,,,,,,,,,,,,,,,,,,,5,,,,,,,,,,,,,2,,,,,,,,,,,,,,,,,,,,,,,,,,,,,,,,,s,0.7378,,space,2,orange_gnome,2,8,bright_forest,red_basket,green_gnome,2,3,dark_forest,yellow_basket,40,0,0,1,orange_gnome,bright_forest,red_basket,87,-4,1,0,4,4,5,1,1.1906,,,,,,,,,,,,,,,,,,,,,,,,,,,,,,,,,,,,,,,,,,,,,,,,,,,,,,,,,,,,,,,,,,,,,,,,,,,,,
,,,,,,,,,,,,,,,,,,,,,,,,,,,,,,,,,,,,,,,,,,,,,,,,,,,,,,,,,,,,,,,,,403541,001,2024-06-18_18h48.04.055,experiment,2023.2.3,Win32,39.68253968,632b3639f61612815d100608,667188dfe6b7144a6371082a,6671c68194f20adf93f7234e,,,,,,,,,,,,,,,,,,,,,,,,,,,,,,,,,,,,,,,,1,,,,,,,,,,,,,1,,,,,,,,,,,,,,,,,,,,,,,,,,,,,,,,,s,0.9132,,space,1,blue_gnome,1,4,bright_forest,red_basket,red_gnome,1,4,dark_forest,yellow_basket,4,0,0,1,blue_gnome,bright_forest,red_basket,91,3,-1,0,5,5,0,1,0.5096,,,,,,,,,,,,,,,,,,,,,,,,,,,,,,,,,,,,,,,,,,,,,,,,,,,,,,,,,,,,,,,,,,,,,,,,,,,,,
,,,,,,,,,,,,,,,,,,,,,,,,,,,,,,,,,,,,,,,,,,,,,,,,,,,,,,,,,,,,,,,,,403541,001,2024-06-18_18h48.04.055,experiment,2023.2.3,Win32,39.68253968,632b3639f61612815d100608,667188dfe6b7144a6371082a,6671c68194f20adf93f7234e,,,,,,,,,,,,,,,,,,,,,,,,,,,,,,,,,,,,,,,,5,,,,,,,,,,,,,2,,,,,,,,,,,,,,,,,,,,,,,,,,,,,,,,,s,0.8903,,space,2,orange_gnome,2,7,bright_forest,red_basket,green_gnome,2,3,dark_forest,yellow_basket,35,0,0,1,orange_gnome,bright_forest,red_basket,126,-3,2,0,6,6,5,1,0.6404,,,,,,,,,,,,,,,,,,,,,,,,,,,,,,,,,,,,,,,,,,,,,,,,,,,,,,,,,,,,,,,,,,,,,,,,,,,,,
,,,,,,,,,,,,,,,,,,,,,,,,,,,,,,,,,,,,,,,,,,,,,,,,,,,,,,,,,,,,,,,,,403541,001,2024-06-18_18h48.04.055,experiment,2023.2.3,Win32,39.68253968,632b3639f61612815d100608,667188dfe6b7144a6371082a,6671c68194f20adf93f7234e,,,,,,,,,,,,,,,,,,,,,,,,,,,,,,,,,,,,,,,,5,,,,,,,,,,,,,2,,,,,,,,,,,,,,,,,,,,,,,,,,,,,,,,,s,0.8634,,space,2,orange_gnome,2,4,bright_forest,red_basket,green_gnome,2,5,dark_forest,yellow_basket,20,0,0,1,orange_gnome,bright_forest,red_basket,146,7,0,0,7,7,5,1,0.4982,,,,,,,,,,,,,,,,,,,,,,,,,,,,,,,,,,,,,,,,,,,,,,,,,,,,,,,,,,,,,,,,,,,,,,,,,,,,,
,,,,,,,,,,,,,,,,,,,,,,,,,,,,,,,,,,,,,,,,,,,,,,,,,,,,,,,,,,,,,,,,,403541,001,2024-06-18_18h48.04.055,experiment,2023.2.3,Win32,39.68253968,632b3639f61612815d100608,667188dfe6b7144a6371082a,6671c68194f20adf93f7234e,,,,,,,,,,,,,,,,,,,,,,,,,,,,,,,,,,,,,,,,1,,,,,,,,,,,,,3,,,,,,,,,,,,,,,,,,,,,,,,,,,,,,,,,s,0.7159,,space,3,brown_gnome,3,7,bright_forest,red_basket,purple_gnome,3,5,dark_forest,yellow_basket,7,0,0,1,brown_gnome,bright_forest,red_basket,153,4,1,1,0,8,2,1,0.4359,,,,,,,,,,,,,,,,,,,,,,,,,,,,,,,,,,,,,,,,,,,,,,,,,,,,,,,,,,,,,,,,,,,,,,,,,,,,,
,,,,,,,,,,,,,,,,,,,,,,,,,,,,,,,,,,,,,,,,,,,,,,,,,,,,,,,,,,,,,,,,,403541,001,2024-06-18_18h48.04.055,experiment,2023.2.3,Win32,39.68253968,632b3639f61612815d100608,667188dfe6b7144a6371082a,6671c68194f20adf93f7234e,,,,,,,,,,,,,,,,,,,,,,,,,,,,,,,,,,,,,,,,1,,,,,,,,,,,,,2,,,,,,,,,,,,,,,,,,,,,,,,,,,,,,,,,s,0.7121,,space,2,green_gnome,2,6,dark_forest,yellow_basket,orange_gnome,2,7,bright_forest,red_basket,6,0,0,1,green_gnome,dark_forest,yellow_basket,159,2,-1,1,1,9,1,1,0.5356,,,,,,,,,,,,,,,,,,,,,,,,,,,,,,,,,,,,,,,,,,,,,,,,,,,,,,,,,,,,,,,,,,,,,,,,,,,,,
,,,,,,,,,,,,,,,,,,,,,,,,,,,,,,,,,,,,,,,,,,,,,,,,,,,,,,,,,,,,,,,,,403541,001,2024-06-18_18h48.04.055,experiment,2023.2.3,Win32,39.68253968,632b3639f61612815d100608,667188dfe6b7144a6371082a,6671c68194f20adf93f7234e,,,,,,,,,,,,,,,,,,,,,,,,,,,,,,,,,,,,,,,,1,,,,,,,,,,,,,3,,,,,,,,,,,,,,,,,,,,,,,,,,,,,,,,,k,0.9717,,space,3,brown_gnome,3,9,bright_forest,red_basket,purple_gnome,3,5,dark_forest,yellow_basket,5,0,0,1,purple_gnome,dark_forest,yellow_basket,164,-2,1,1,2,10,2,1,0.4335,,,,,,,,,,,,,,,,,,,,,,,,,,,,,,,,,,,,,,,,,,,,,,,,,,,,,,,,,,,,,,,,,,,,,,,,,,,,,
,,,,,,,,,,,,,,,,,,,,,,,,,,,,,,,,,,,,,,,,,,,,,,,,,,,,,,,,,,,,,,,,,403541,001,2024-06-18_18h48.04.055,experiment,2023.2.3,Win32,39.68253968,632b3639f61612815d100608,667188dfe6b7144a6371082a,6671c68194f20adf93f7234e,,,,,,,,,,,,,,,,,,,,,,,,,,,,,,,,,,,,,,,,1,,,,,,,,,,,,,4,,,,,,,,,,,,,,,,,,,,,,,,,,,,,,,,,s,0.6571,,space,4,pink_gnome,4,7,bright_forest,red_basket,yellow_gnome,4,6,dark_forest,yellow_basket,7,0,0,1,pink_gnome,bright_forest,red_basket,171,5,-1,1,3,11,3,1,0.716,,,,,,,,,,,,,,,,,,,,,,,,,,,,,,,,,,,,,,,,,,,,,,,,,,,,,,,,,,,,,,,,,,,,,,,,,,,,,
,,,,,,,,,,,,,,,,,,,,,,,,,,,,,,,,,,,,,,,,,,,,,,,,,,,,,,,,,,,,,,,,,403541,001,2024-06-18_18h48.04.055,experiment,2023.2.3,Win32,39.68253968,632b3639f61612815d100608,667188dfe6b7144a6371082a,6671c68194f20adf93f7234e,,,,,,,,,,,,,,,,,,,,,,,,,,,,,,,,,,,,,,,,5,,,,,,,,,,,,,1,,,,,,,,,,,,,,,,,,,,,,,,,,,,,,,,,k,0.6771,,space,1,red_gnome,1,5,dark_forest,yellow_basket,blue_gnome,1,6,bright_forest,red_basket,30,0,0,1,blue_gnome,bright_forest,red_basket,201,2,-2,1,4,12,4,1,0.8402,,,,,,,,,,,,,,,,,,,,,,,,,,,,,,,,,,,,,,,,,,,,,,,,,,,,,,,,,,,,,,,,,,,,,,,,,,,,,
,,,,,,,,,,,,,,,,,,,,,,,,,,,,,,,,,,,,,,,,,,,,,,,,,,,,,,,,,,,,,,,,,403541,001,2024-06-18_18h48.04.055,experiment,2023.2.3,Win32,39.68253968,632b3639f61612815d100608,667188dfe6b7144a6371082a,6671c68194f20adf93f7234e,,,,,,,,,,,,,,,,,,,,,,,,,,,,,,,,,,,,,,,,5,,,,,,,,,,,,,4,,,,,,,,,,,,,,,,,,,,,,,,,,,,,,,,,s,0.8995,,space,4,yellow_gnome,4,3,dark_forest,yellow_basket,pink_gnome,4,8,bright_forest,red_basket,15,0,0,1,yellow_gnome,dark_forest,yellow_basket,216,1,-3,1,5,13,7,1,0.501,,,,,,,,,,,,,,,,,,,,,,,,,,,,,,,,,,,,,,,,,,,,,,,,,,,,,,,,,,,,,,,,,,,,,,,,,,,,,
,,,,,,,,,,,,,,,,,,,,,,,,,,,,,,,,,,,,,,,,,,,,,,,,,,,,,,,,,,,,,,,,,403541,001,2024-06-18_18h48.04.055,experiment,2023.2.3,Win32,39.68253968,632b3639f61612815d100608,667188dfe6b7144a6371082a,6671c68194f20adf93f7234e,,,,,,,,,,,,,,,,,,,,,,,,,,,,,,,,,,,,,,,,5,,,,,,,,,,,,,2,,,,,,,,,,,,,,,,,,,,,,,,,,,,,,,,,k,0.789,,space,2,orange_gnome,2,9,bright_forest,red_basket,green_gnome,2,0,dark_forest,yellow_basket,0,0,0,1,green_gnome,dark_forest,yellow_basket,216,1,-2,1,6,14,5,1,0.4855,,,,,,,,,,,,,,,,,,,,,,,,,,,,,,,,,,,,,,,,,,,,,,,,,,,,,,,,,,,,,,,,,,,,,,,,,,,,,
,,,,,,,,,,,,,,,,,,,,,,,,,,,,,,,,,,,,,,,,,,,,,,,,,,,,,,,,,,,,,,,,,403541,001,2024-06-18_18h48.04.055,experiment,2023.2.3,Win32,39.68253968,632b3639f61612815d100608,667188dfe6b7144a6371082a,6671c68194f20adf93f7234e,,,,,,,,,,,,,,,,,,,,,,,,,,,,,,,,,,,,,,,,1,,,,,,,,,,,,,2,,,,,,,,,,,,,,,,,,,,,,,,,,,,,,,,,s,0.9644,,space,2,orange_gnome,2,8,bright_forest,red_basket,green_gnome,2,2,dark_forest,yellow_basket,8,0,0,1,orange_gnome,bright_forest,red_basket,224,2,-1,1,7,15,1,1,0.8381,,,,,,,,,,,,,,,,,,,,,,,,,,,,,,,,,,,,,,,,,,,,,,,,,,,,,,,,,,,,,,,,,,,,,,,,,,,,,
,,,,,,,,,,,,,,,,,,,,,,,,,,,,,,,,,,,,,,,,,,,,,,,,,,,,,,,,,,,,,,,,,403541,001,2024-06-18_18h48.04.055,experiment,2023.2.3,Win32,39.68253968,632b3639f61612815d100608,667188dfe6b7144a6371082a,6671c68194f20adf93f7234e,,,,,,,,,,,,,,,,,,,,,,,,,,,,,,,,,,,,,,,,5,,,,,,,,,,,,,2,,,,,,,,,,,,,,,,,,,,,,,,,,,,,,,,,s,1.1657,,space,2,orange_gnome,2,8,bright_forest,red_basket,green_gnome,2,1,dark_forest,yellow_basket,40,0,0,1,orange_gnome,bright_forest,red_basket,264,-5,1,2,0,16,5,1,0.7134,,,,,,,,,,,,,,,,,,,,,,,,,,,,,,,,,,,,,,,,,,,,,,,,,,,,,,,,,,,,,,,,,,,,,,,,,,,,,
,,,,,,,,,,,,,,,,,,,,,,,,,,,,,,,,,,,,,,,,,,,,,,,,,,,,,,,,,,,,,,,,,403541,001,2024-06-18_18h48.04.055,experiment,2023.2.3,Win32,39.68253968,632b3639f61612815d100608,667188dfe6b7144a6371082a,6671c68194f20adf93f7234e,,,,,,,,,,,,,,,,,,,,,,,,,,,,,,,,,,,,,,,,5,,,,,,,,,,,,,4,,,,,,,,,,,,,,,,,,,,,,,,,,,,,,,,,s,1.0647,,space,4,yellow_gnome,4,2,dark_forest,yellow_basket,pink_gnome,4,3,bright_forest,red_basket,10,0,0,1,yellow_gnome,dark_forest,yellow_basket,274,-3,1,2,1,17,7,1,0.5715,,,,,,,,,,,,,,,,,,,,,,,,,,,,,,,,,,,,,,,,,,,,,,,,,,,,,,,,,,,,,,,,,,,,,,,,,,,,,
,,,,,,,,,,,,,,,,,,,,,,,,,,,,,,,,,,,,,,,,,,,,,,,,,,,,,,,,,,,,,,,,,403541,001,2024-06-18_18h48.04.055,experiment,2023.2.3,Win32,39.68253968,632b3639f61612815d100608,667188dfe6b7144a6371082a,6671c68194f20adf93f7234e,,,,,,,,,,,,,,,,,,,,,,,,,,,,,,,,,,,,,,,,5,,,,,,,,,,,,,3,,,,,,,,,,,,,,,,,,,,,,,,,,,,,,,,,k,0.7956,,space,3,brown_gnome,3,0,bright_forest,red_basket,purple_gnome,3,3,dark_forest,yellow_basket,15,0,0,1,purple_gnome,dark_forest,yellow_basket,289,2,2,2,2,18,6,1,0.3847,,,,,,,,,,,,,,,,,,,,,,,,,,,,,,,,,,,,,,,,,,,,,,,,,,,,,,,,,,,,,,,,,,,,,,,,,,,,,
,,,,,,,,,,,,,,,,,,,,,,,,,,,,,,,,,,,,,,,,,,,,,,,,,,,,,,,,,,,,,,,,,403541,001,2024-06-18_18h48.04.055,experiment,2023.2.3,Win32,39.68253968,632b3639f61612815d100608,667188dfe6b7144a6371082a,6671c68194f20adf93f7234e,,,,,,,,,,,,,,,,,,,,,,,,,,,,,,,,,,,,,,,,1,,,,,,,,,,,,,3,,,,,,,,,,,,,,,,,,,,,,,,,,,,,,,,,k,0.6955,,space,3,purple_gnome,3,5,dark_forest,yellow_basket,brown_gnome,3,2,bright_forest,red_basket,2,0,0,1,brown_gnome,bright_forest,red_basket,291,1,-1,2,3,19,2,1,0.688,,,,,,,,,,,,,,,,,,,,,,,,,,,,,,,,,,,,,,,,,,,,,,,,,,,,,,,,,,,,,,,,,,,,,,,,,,,,,
,,,,,,,,,,,,,,,,,,,,,,,,,,,,,,,,,,,,,,,,,,,,,,,,,,,,,,,,,,,,,,,,,403541,001,2024-06-18_18h48.04.055,experiment,2023.2.3,Win32,39.68253968,632b3639f61612815d100608,667188dfe6b7144a6371082a,6671c68194f20adf93f7234e,,,,,,,,,,,,,,,,,,,,,,,,,,,,,,,,,,,,,,,,5,,,,,,,,,,,,,2,,,,,,,,,,,,,,,,,,,,,,,,,,,,,,,,,s,0.745,,space,2,orange_gnome,2,3,bright_forest,red_basket,green_gnome,2,4,dark_forest,yellow_basket,15,0,0,1,orange_gnome,bright_forest,red_basket,306,1,3,2,4,20,5,1,0.6893,,,,,,,,,,,,,,,,,,,,,,,,,,,,,,,,,,,,,,,,,,,,,,,,,,,,,,,,,,,,,,,,,,,,,,,,,,,,,
,,,,,,,,,,,,,,,,,,,,,,,,,,,,,,,,,,,,,,,,,,,,,,,,,,,,,,,,,,,,,,,,,403541,001,2024-06-18_18h48.04.055,experiment,2023.2.3,Win32,39.68253968,632b3639f61612815d100608,667188dfe6b7144a6371082a,6671c68194f20adf93f7234e,,,,,,,,,,,,,,,,,,,,,,,,,,,,,,,,,,,,,,,,5,,,,,,,,,,,,,1,,,,,,,,,,,,,,,,,,,,,,,,,,,,,,,,,k,0.8232,,space,1,blue_gnome,1,4,bright_forest,red_basket,red_gnome,1,7,dark_forest,yellow_basket,35,0,0,1,red_gnome,dark_forest,yellow_basket,341,1,0,2,5,21,4,1,0.4128,,,,,,,,,,,,,,,,,,,,,,,,,,,,,,,,,,,,,,,,,,,,,,,,,,,,,,,,,,,,,,,,,,,,,,,,,,,,,
,,,,,,,,,,,,,,,,,,,,,,,,,,,,,,,,,,,,,,,,,,,,,,,,,,,,,,,,,,,,,,,,,403541,001,2024-06-18_18h48.04.055,experiment,2023.2.3,Win32,39.68253968,632b3639f61612815d100608,667188dfe6b7144a6371082a,6671c68194f20adf93f7234e,,,,,,,,,,,,,,,,,,,,,,,,,,,,,,,,,,,,,,,,1,,,,,,,,,,,,,1,,,,,,,,,,,,,,,,,,,,,,,,,,,,,,,,,s,0.7198,,space,1,blue_gnome,1,5,bright_forest,red_basket,red_gnome,1,7,dark_forest,yellow_basket,5,0,0,1,blue_gnome,bright_forest,red_basket,346,1,2,2,6,22,0,1,0.5951,,,,,,,,,,,,,,,,,,,,,,,,,,,,,,,,,,,,,,,,,,,,,,,,,,,,,,,,,,,,,,,,,,,,,,,,,,,,,
,,,,,,,,,,,,,,,,,,,,,,,,,,,,,,,,,,,,,,,,,,,,,,,,,,,,,,,,,,,,,,,,,403541,001,2024-06-18_18h48.04.055,experiment,2023.2.3,Win32,39.68253968,632b3639f61612815d100608,667188dfe6b7144a6371082a,6671c68194f20adf93f7234e,,,,,,,,,,,,,,,,,,,,,,,,,,,,,,,,,,,,,,,,1,,,,,,,,,,,,,3,,,,,,,,,,,,,,,,,,,,,,,,,,,,,,,,,s,0.1482,,space,3,purple_gnome,3,9,dark_forest,yellow_basket,brown_gnome,3,6,bright_forest,red_basket,9,0,0,1,purple_gnome,dark_forest,yellow_basket,355,0,0,2,7,23,2,1,0.4197,,,,,,,,,,,,,,,,,,,,,,,,,,,,,,,,,,,,,,,,,,,,,,,,,,,,,,,,,,,,,,,,,,,,,,,,,,,,,
,,,,,,,,,,,,,,,,,,,,,,,,,,,,,,,,,,,,,,,,,,,,,,,,,,,,,,,,,,,,,,,,,403541,001,2024-06-18_18h48.04.055,experiment,2023.2.3,Win32,39.68253968,632b3639f61612815d100608,667188dfe6b7144a6371082a,6671c68194f20adf93f7234e,,,,,,,,,,,,,,,,,,,,,,,,,,,,,,,,,,,,,,,,5,,,,,,,,,,,,,4,,,,,,,,,,,,,,,,,,,,,,,,,,,,,,,,,s,0.6135,,space,4,yellow_gnome,4,9,dark_forest,yellow_basket,pink_gnome,4,6,bright_forest,red_basket,45,0,0,1,yellow_gnome,dark_forest,yellow_basket,400,0,-1,3,0,24,7,1,0.4375,,,,,,,,,,,,,,,,,,,,,,,,,,,,,,,,,,,,,,,,,,,,,,,,,,,,,,,,,,,,,,,,,,,,,,,,,,,,,
,,,,,,,,,,,,,,,,,,,,,,,,,,,,,,,,,,,,,,,,,,,,,,,,,,,,,,,,,,,,,,,,,403541,001,2024-06-18_18h48.04.055,experiment,2023.2.3,Win32,39.68253968,632b3639f61612815d100608,667188dfe6b7144a6371082a,6671c68194f20adf93f7234e,,,,,,,,,,,,,,,,,,,,,,,,,,,,,,,,,,,,,,,,5,,,,,,,,,,,,,4,,,,,,,,,,,,,,,,,,,,,,,,,,,,,,,,,s,0.8899,,space,4,pink_gnome,4,6,bright_forest,red_basket,yellow_gnome,4,8,dark_forest,yellow_basket,30,0,0,1,pink_gnome,bright_forest,red_basket,430,0,0,3,1,25,7,1,0.6629,,,,,,,,,,,,,,,,,,,,,,,,,,,,,,,,,,,,,,,,,,,,,,,,,,,,,,,,,,,,,,,,,,,,,,,,,,,,,
,,,,,,,,,,,,,,,,,,,,,,,,,,,,,,,,,,,,,,,,,,,,,,,,,,,,,,,,,,,,,,,,,403541,001,2024-06-18_18h48.04.055,experiment,2023.2.3,Win32,39.68253968,632b3639f61612815d100608,667188dfe6b7144a6371082a,6671c68194f20adf93f7234e,,,,,,,,,,,,,,,,,,,,,,,,,,,,,,,,,,,,,,,,5,,,,,,,,,,,,,3,,,,,,,,,,,,,,,,,,,,,,,,,,,,,,,,,s,0.6633,,space,3,brown_gnome,3,6,bright_forest,red_basket,purple_gnome,3,8,dark_forest,yellow_basket,30,0,0,1,brown_gnome,bright_forest,red_basket,460,2,1,3,2,26,6,1,0.5262,,,,,,,,,,,,,,,,,,,,,,,,,,,,,,,,,,,,,,,,,,,,,,,,,,,,,,,,,,,,,,,,,,,,,,,,,,,,,
,,,,,,,,,,,,,,,,,,,,,,,,,,,,,,,,,,,,,,,,,,,,,,,,,,,,,,,,,,,,,,,,,403541,001,2024-06-18_18h48.04.055,experiment,2023.2.3,Win32,39.68253968,632b3639f61612815d100608,667188dfe6b7144a6371082a,6671c68194f20adf93f7234e,,,,,,,,,,,,,,,,,,,,,,,,,,,,,,,,,,,,,,,,1,,,,,,,,,,,,,4,,,,,,,,,,,,,,,,,,,,,,,,,,,,,,,,,s,0.6991,,space,4,pink_gnome,4,8,bright_forest,red_basket,yellow_gnome,4,9,dark_forest,yellow_basket,8,0,0,1,pink_gnome,bright_forest,red_basket,468,-2,-3,3,3,27,3,1,0.8143,,,,,,,,,,,,,,,,,,,,,,,,,,,,,,,,,,,,,,,,,,,,,,,,,,,,,,,,,,,,,,,,,,,,,,,,,,,,,
,,,,,,,,,,,,,,,,,,,,,,,,,,,,,,,,,,,,,,,,,,,,,,,,,,,,,,,,,,,,,,,,,403541,001,2024-06-18_18h48.04.055,experiment,2023.2.3,Win32,39.68253968,632b3639f61612815d100608,667188dfe6b7144a6371082a,6671c68194f20adf93f7234e,,,,,,,,,,,,,,,,,,,,,,,,,,,,,,,,,,,,,,,,1,,,,,,,,,,,,,3,,,,,,,,,,,,,,,,,,,,,,,,,,,,,,,,,s,0.5626,,space,3,purple_gnome,3,6,dark_forest,yellow_basket,brown_gnome,3,6,bright_forest,red_basket,6,0,0,1,purple_gnome,dark_forest,yellow_basket,474,-1,0,3,4,28,2,1,0.512,,,,,,,,,,,,,,,,,,,,,,,,,,,,,,,,,,,,,,,,,,,,,,,,,,,,,,,,,,,,,,,,,,,,,,,,,,,,,
,,,,,,,,,,,,,,,,,,,,,,,,,,,,,,,,,,,,,,,,,,,,,,,,,,,,,,,,,,,,,,,,,403541,001,2024-06-18_18h48.04.055,experiment,2023.2.3,Win32,39.68253968,632b3639f61612815d100608,667188dfe6b7144a6371082a,6671c68194f20adf93f7234e,,,,,,,,,,,,,,,,,,,,,,,,,,,,,,,,,,,,,,,,5,,,,,,,,,,,,,2,,,,,,,,,,,,,,,,,,,,,,,,,,,,,,,,,s,1.04,,space,2,green_gnome,2,6,dark_forest,yellow_basket,orange_gnome,2,5,bright_forest,red_basket,30,0,0,1,green_gnome,dark_forest,yellow_basket,504,-1,-1,3,5,29,5,1,1.3457,,,,,,,,,,,,,,,,,,,,,,,,,,,,,,,,,,,,,,,,,,,,,,,,,,,,,,,,,,,,,,,,,,,,,,,,,,,,,
,,,,,,,,,,,,,,,,,,,,,,,,,,,,,,,,,,,,,,,,,,,,,,,,,,,,,,,,,,,,,,,,,403541,001,2024-06-18_18h48.04.055,experiment,2023.2.3,Win32,39.68253968,632b3639f61612815d100608,667188dfe6b7144a6371082a,6671c68194f20adf93f7234e,,,,,,,,,,,,,,,,,,,,,,,,,,,,,,,,,,,,,,,,5,,,,,,,,,,,,,4,,,,,,,,,,,,,,,,,,,,,,,,,,,,,,,,,k,0.8394,,space,4,yellow_gnome,4,5,dark_forest,yellow_basket,pink_gnome,4,4,bright_forest,red_basket,20,0,0,1,pink_gnome,bright_forest,red_basket,524,1,0,3,6,30,7,1,0.5246,,,,,,,,,,,,,,,,,,,,,,,,,,,,,,,,,,,,,,,,,,,,,,,,,,,,,,,,,,,,,,,,,,,,,,,,,,,,,
,,,,,,,,,,,,,,,,,,,,,,,,,,,,,,,,,,,,,,,,,,,,,,,,,,,,,,,,,,,,,,,,,403541,001,2024-06-18_18h48.04.055,experiment,2023.2.3,Win32,39.68253968,632b3639f61612815d100608,667188dfe6b7144a6371082a,6671c68194f20adf93f7234e,,,,,,,,,,,,,,,,,,,,,,,,,,,,,,,,,,,,,,,,5,,,,,,,,,,,,,3,,,,,,,,,,,,,,,,,,,,,,,,,,,,,,,,,s,0.6631,,space,3,purple_gnome,3,5,dark_forest,yellow_basket,brown_gnome,3,5,bright_forest,red_basket,25,0,0,1,purple_gnome,dark_forest,yellow_basket,549,1,2,3,7,31,6,1,0.4612,,,,,,,,,,,,,,,,,,,,,,,,,,,,,,,,,,,,,,,,,,,,,,,,,,,,,,,,,,,,,,,,,,,,,,,,,,,,,
,,,,,,,,,,,,,,,,,,,,,,,,,,,,,,,,,,,,,,,,,,,,,,,,,,,,,,,,,,,,,,,,,403541,001,2024-06-18_18h48.04.055,experiment,2023.2.3,Win32,39.68253968,632b3639f61612815d100608,667188dfe6b7144a6371082a,6671c68194f20adf93f7234e,,,,,,,,,,,,,,,,,,,,,,,,,,,,,,,,,,,,,,,,5,,,,,,,,,,,,,2,,,,,,,,,,,,,,,,,,,,,,,,,,,,,,,,,s,0.7458,,space,2,orange_gnome,2,6,bright_forest,red_basket,green_gnome,2,7,dark_forest,yellow_basket,30,0,0,1,orange_gnome,bright_forest,red_basket,579,-2,-2,4,0,32,5,1,0.6371,,,,,,,,,,,,,,,,,,,,,,,,,,,,,,,,,,,,,,,,,,,,,,,,,,,,,,,,,,,,,,,,,,,,,,,,,,,,,
,,,,,,,,,,,,,,,,,,,,,,,,,,,,,,,,,,,,,,,,,,,,,,,,,,,,,,,,,,,,,,,,,403541,001,2024-06-18_18h48.04.055,experiment,2023.2.3,Win32,39.68253968,632b3639f61612815d100608,667188dfe6b7144a6371082a,6671c68194f20adf93f7234e,,,,,,,,,,,,,,,,,,,,,,,,,,,,,,,,,,,,,,,,5,,,,,,,,,,,,,2,,,,,,,,,,,,,,,,,,,,,,,,,,,,,,,,,k,0.7661,,space,2,green_gnome,2,5,dark_forest,yellow_basket,orange_gnome,2,4,bright_forest,red_basket,20,0,0,1,orange_gnome,bright_forest,red_basket,599,-2,1,4,1,33,5,1,0.5119,,,,,,,,,,,,,,,,,,,,,,,,,,,,,,,,,,,,,,,,,,,,,,,,,,,,,,,,,,,,,,,,,,,,,,,,,,,,,
,,,,,,,,,,,,,,,,,,,,,,,,,,,,,,,,,,,,,,,,,,,,,,,,,,,,,,,,,,,,,,,,,403541,001,2024-06-18_18h48.04.055,experiment,2023.2.3,Win32,39.68253968,632b3639f61612815d100608,667188dfe6b7144a6371082a,6671c68194f20adf93f7234e,,,,,,,,,,,,,,,,,,,,,,,,,,,,,,,,,,,,,,,,1,,,,,,,,,,,,,1,,,,,,,,,,,,,,,,,,,,,,,,,,,,,,,,,s,0.6376,,space,1,red_gnome,1,6,dark_forest,yellow_basket,blue_gnome,1,2,bright_forest,red_basket,6,0,0,1,red_gnome,dark_forest,yellow_basket,605,-1,-2,4,2,34,0,1,1.3942,,,,,,,,,,,,,,,,,,,,,,,,,,,,,,,,,,,,,,,,,,,,,,,,,,,,,,,,,,,,,,,,,,,,,,,,,,,,,
,,,,,,,,,,,,,,,,,,,,,,,,,,,,,,,,,,,,,,,,,,,,,,,,,,,,,,,,,,,,,,,,,403541,001,2024-06-18_18h48.04.055,experiment,2023.2.3,Win32,39.68253968,632b3639f61612815d100608,667188dfe6b7144a6371082a,6671c68194f20adf93f7234e,,,,,,,,,,,,,,,,,,,,,,,,,,,,,,,,,,,,,,,,5,,,,,,,,,,,,,3,,,,,,,,,,,,,,,,,,,,,,,,,,,,,,,,,k,0.8638,,space,3,brown_gnome,3,1,bright_forest,red_basket,purple_gnome,3,4,dark_forest,yellow_basket,20,0,0,1,purple_gnome,dark_forest,yellow_basket,625,-1,-2,4,3,35,6,1,0.8963,,,,,,,,,,,,,,,,,,,,,,,,,,,,,,,,,,,,,,,,,,,,,,,,,,,,,,,,,,,,,,,,,,,,,,,,,,,,,
,,,,,,,,,,,,,,,,,,,,,,,,,,,,,,,,,,,,,,,,,,,,,,,,,,,,,,,,,,,,,,,,,403541,001,2024-06-18_18h48.04.055,experiment,2023.2.3,Win32,39.68253968,632b3639f61612815d100608,667188dfe6b7144a6371082a,6671c68194f20adf93f7234e,,,,,,,,,,,,,,,,,,,,,,,,,,,,,,,,,,,,,,,,1,,,,,,,,,,,,,2,,,,,,,,,,,,,,,,,,,,,,,,,,,,,,,,,s,0.6619,,space,2,green_gnome,2,2,dark_forest,yellow_basket,orange_gnome,2,0,bright_forest,red_basket,2,0,0,1,green_gnome,dark_forest,yellow_basket,627,-1,-1,4,4,36,1,1,0.4162,,,,,,,,,,,,,,,,,,,,,,,,,,,,,,,,,,,,,,,,,,,,,,,,,,,,,,,,,,,,,,,,,,,,,,,,,,,,,
,,,,,,,,,,,,,,,,,,,,,,,,,,,,,,,,,,,,,,,,,,,,,,,,,,,,,,,,,,,,,,,,,403541,001,2024-06-18_18h48.04.055,experiment,2023.2.3,Win32,39.68253968,632b3639f61612815d100608,667188dfe6b7144a6371082a,6671c68194f20adf93f7234e,,,,,,,,,,,,,,,,,,,,,,,,,,,,,,,,,,,,,,,,5,,,,,,,,,,,,,4,,,,,,,,,,,,,,,,,,,,,,,,,,,,,,,,,k,0.4625,,space,4,yellow_gnome,4,1,dark_forest,yellow_basket,pink_gnome,4,1,bright_forest,red_basket,5,0,0,1,pink_gnome,bright_forest,red_basket,632,1,3,4,5,37,7,1,0.5633,,,,,,,,,,,,,,,,,,,,,,,,,,,,,,,,,,,,,,,,,,,,,,,,,,,,,,,,,,,,,,,,,,,,,,,,,,,,,
,,,,,,,,,,,,,,,,,,,,,,,,,,,,,,,,,,,,,,,,,,,,,,,,,,,,,,,,,,,,,,,,,403541,001,2024-06-18_18h48.04.055,experiment,2023.2.3,Win32,39.68253968,632b3639f61612815d100608,667188dfe6b7144a6371082a,6671c68194f20adf93f7234e,,,,,,,,,,,,,,,,,,,,,,,,,,,,,,,,,,,,,,,,5,,,,,,,,,,,,,4,,,,,,,,,,,,,,,,,,,,,,,,,,,,,,,,,s,0.8768,,space,4,yellow_gnome,4,4,dark_forest,yellow_basket,pink_gnome,4,2,bright_forest,red_basket,20,0,0,1,yellow_gnome,dark_forest,yellow_basket,652,-4,0,4,6,38,7,1,0.8141,,,,,,,,,,,,,,,,,,,,,,,,,,,,,,,,,,,,,,,,,,,,,,,,,,,,,,,,,,,,,,,,,,,,,,,,,,,,,
,,,,,,,,,,,,,,,,,,,,,,,,,,,,,,,,,,,,,,,,,,,,,,,,,,,,,,,,,,,,,,,,,403541,001,2024-06-18_18h48.04.055,experiment,2023.2.3,Win32,39.68253968,632b3639f61612815d100608,667188dfe6b7144a6371082a,6671c68194f20adf93f7234e,,,,,,,,,,,,,,,,,,,,,,,,,,,,,,,,,,,,,,,,1,,,,,,,,,,,,,2,,,,,,,,,,,,,,,,,,,,,,,,,,,,,,,,,k,0.9244,,space,2,green_gnome,2,4,dark_forest,yellow_basket,orange_gnome,2,2,bright_forest,red_basket,2,0,0,1,orange_gnome,bright_forest,red_basket,654,-1,-5,4,7,39,1,1,0.7162,,,,,,,,,,,,,,,,,,,,,,,,,,,,,,,,,,,,,,,,,,,,,,,,,,,,,,,,,,,,,,,,,,,,,,,,,,,,,
,,,,,,,,,,,,,,,,,,,,,,,,,,,,,,,,,,,,,,,,,,,,,,,,,,,,,,,,,,,,,,,,,403541,001,2024-06-18_18h48.04.055,experiment,2023.2.3,Win32,39.68253968,632b3639f61612815d100608,667188dfe6b7144a6371082a,6671c68194f20adf93f7234e,,,,,,,,,,,,,,,,,,,,,,,,,,,,,,,,,,,,,,,,1,,,,,,,,,,,,,2,,,,,,,,,,,,,,,,,,,,,,,,,,,,,,,,,s,0.5421,,space,2,orange_gnome,2,1,bright_forest,red_basket,green_gnome,2,1,dark_forest,yellow_basket,1,0,0,1,orange_gnome,bright_forest,red_basket,655,-3,-1,5,0,40,1,1,0.4953,,,,,,,,,,,,,,,,,,,,,,,,,,,,,,,,,,,,,,,,,,,,,,,,,,,,,,,,,,,,,,,,,,,,,,,,,,,,,
,,,,,,,,,,,,,,,,,,,,,,,,,,,,,,,,,,,,,,,,,,,,,,,,,,,,,,,,,,,,,,,,,403541,001,2024-06-18_18h48.04.055,experiment,2023.2.3,Win32,39.68253968,632b3639f61612815d100608,667188dfe6b7144a6371082a,6671c68194f20adf93f7234e,,,,,,,,,,,,,,,,,,,,,,,,,,,,,,,,,,,,,,,,5,,,,,,,,,,,,,3,,,,,,,,,,,,,,,,,,,,,,,,,,,,,,,,,s,0.7954,,space,3,purple_gnome,3,0,dark_forest,yellow_basket,brown_gnome,3,2,bright_forest,red_basket,0,0,0,1,purple_gnome,dark_forest,yellow_basket,655,-2,0,5,1,41,6,1,0.4345,,,,,,,,,,,,,,,,,,,,,,,,,,,,,,,,,,,,,,,,,,,,,,,,,,,,,,,,,,,,,,,,,,,,,,,,,,,,,
,,,,,,,,,,,,,,,,,,,,,,,,,,,,,,,,,,,,,,,,,,,,,,,,,,,,,,,,,,,,,,,,,403541,001,2024-06-18_18h48.04.055,experiment,2023.2.3,Win32,39.68253968,632b3639f61612815d100608,667188dfe6b7144a6371082a,6671c68194f20adf93f7234e,,,,,,,,,,,,,,,,,,,,,,,,,,,,,,,,,,,,,,,,1,,,,,,,,,,,,,4,,,,,,,,,,,,,,,,,,,,,,,,,,,,,,,,,k,0.788,,space,4,yellow_gnome,4,0,dark_forest,yellow_basket,pink_gnome,4,0,bright_forest,red_basket,0,0,0,1,pink_gnome,bright_forest,red_basket,655,-2,-1,5,2,42,3,1,0.4661,,,,,,,,,,,,,,,,,,,,,,,,,,,,,,,,,,,,,,,,,,,,,,,,,,,,,,,,,,,,,,,,,,,,,,,,,,,,,
,,,,,,,,,,,,,,,,,,,,,,,,,,,,,,,,,,,,,,,,,,,,,,,,,,,,,,,,,,,,,,,,,403541,001,2024-06-18_18h48.04.055,experiment,2023.2.3,Win32,39.68253968,632b3639f61612815d100608,667188dfe6b7144a6371082a,6671c68194f20adf93f7234e,,,,,,,,,,,,,,,,,,,,,,,,,,,,,,,,,,,,,,,,5,,,,,,,,,,,,,3,,,,,,,,,,,,,,,,,,,,,,,,,,,,,,,,,s,0.5142,,space,3,brown_gnome,3,2,bright_forest,red_basket,purple_gnome,3,1,dark_forest,yellow_basket,10,0,0,1,brown_gnome,bright_forest,red_basket,665,4,-1,5,3,43,6,1,0.5372,,,,,,,,,,,,,,,,,,,,,,,,,,,,,,,,,,,,,,,,,,,,,,,,,,,,,,,,,,,,,,,,,,,,,,,,,,,,,
,,,,,,,,,,,,,,,,,,,,,,,,,,,,,,,,,,,,,,,,,,,,,,,,,,,,,,,,,,,,,,,,,403541,001,2024-06-18_18h48.04.055,experiment,2023.2.3,Win32,39.68253968,632b3639f61612815d100608,667188dfe6b7144a6371082a,6671c68194f20adf93f7234e,,,,,,,,,,,,,,,,,,,,,,,,,,,,,,,,,,,,,,,,1,,,,,,,,,,,,,2,,,,,,,,,,,,,,,,,,,,,,,,,,,,,,,,,s,0.4914,,space,2,orange_gnome,2,6,bright_forest,red_basket,green_gnome,2,0,dark_forest,yellow_basket,6,0,0,1,orange_gnome,bright_forest,red_basket,671,0,4,5,4,44,1,1,0.7921,,,,,,,,,,,,,,,,,,,,,,,,,,,,,,,,,,,,,,,,,,,,,,,,,,,,,,,,,,,,,,,,,,,,,,,,,,,,,
,,,,,,,,,,,,,,,,,,,,,,,,,,,,,,,,,,,,,,,,,,,,,,,,,,,,,,,,,,,,,,,,,403541,001,2024-06-18_18h48.04.055,experiment,2023.2.3,Win32,39.68253968,632b3639f61612815d100608,667188dfe6b7144a6371082a,6671c68194f20adf93f7234e,,,,,,,,,,,,,,,,,,,,,,,,,,,,,,,,,,,,,,,,5,,,,,,,,,,,,,3,,,,,,,,,,,,,,,,,,,,,,,,,,,,,,,,,k,0.6673,,space,3,purple_gnome,3,4,dark_forest,yellow_basket,brown_gnome,3,6,bright_forest,red_basket,30,0,0,1,brown_gnome,bright_forest,red_basket,701,-1,0,5,5,45,6,1,0.4617,,,,,,,,,,,,,,,,,,,,,,,,,,,,,,,,,,,,,,,,,,,,,,,,,,,,,,,,,,,,,,,,,,,,,,,,,,,,,
,,,,,,,,,,,,,,,,,,,,,,,,,,,,,,,,,,,,,,,,,,,,,,,,,,,,,,,,,,,,,,,,,403541,001,2024-06-18_18h48.04.055,experiment,2023.2.3,Win32,39.68253968,632b3639f61612815d100608,667188dfe6b7144a6371082a,6671c68194f20adf93f7234e,,,,,,,,,,,,,,,,,,,,,,,,,,,,,,,,,,,,,,,,1,,,,,,,,,,,,,1,,,,,,,,,,,,,,,,,,,,,,,,,,,,,,,,,s,0.7477,,space,1,blue_gnome,1,5,bright_forest,red_basket,red_gnome,1,4,dark_forest,yellow_basket,5,0,0,1,blue_gnome,bright_forest,red_basket,706,0,-2,5,6,46,0,1,0.5365,,,,,,,,,,,,,,,,,,,,,,,,,,,,,,,,,,,,,,,,,,,,,,,,,,,,,,,,,,,,,,,,,,,,,,,,,,,,,
,,,,,,,,,,,,,,,,,,,,,,,,,,,,,,,,,,,,,,,,,,,,,,,,,,,,,,,,,,,,,,,,,403541,001,2024-06-18_18h48.04.055,experiment,2023.2.3,Win32,39.68253968,632b3639f61612815d100608,667188dfe6b7144a6371082a,6671c68194f20adf93f7234e,,,,,,,,,,,,,,,,,,,,,,,,,,,,,,,,,,,,,,,,1,,,,,,,,,,,,,2,,,,,,,,,,,,,,,,,,,,,,,,,,,,,,,,,k,0.5386,,space,2,orange_gnome,2,5,bright_forest,red_basket,green_gnome,2,2,dark_forest,yellow_basket,2,0,0,1,green_gnome,dark_forest,yellow_basket,708,-1,4,5,7,47,1,1,0.5717,,,,,,,,,,,,,,,,,,,,,,,,,,,,,,,,,,,,,,,,,,,,,,,,,,,,,,,,,,,,,,,,,,,,,,,,,,,,,
,,,,,,,,,,,,,,,,,,,,,,,,,,,,,,,,,,,,,,,,,,,,,,,,,,,,,,,,,,,,,,,,,403541,001,2024-06-18_18h48.04.055,experiment,2023.2.3,Win32,39.68253968,632b3639f61612815d100608,667188dfe6b7144a6371082a,6671c68194f20adf93f7234e,,,,,,,,,,,,,,,,,,,,,,,,,,,,,,,,,,,,,,,,1,,,,,,,,,,,,,4,,,,,,,,,,,,,,,,,,,,,,,,,,,,,,,,,s,0.6743,,space,4,yellow_gnome,4,6,dark_forest,yellow_basket,pink_gnome,4,4,bright_forest,red_basket,6,0,0,1,yellow_gnome,dark_forest,yellow_basket,714,-2,-4,6,0,48,3,1,0.4903,,,,,,,,,,,,,,,,,,,,,,,,,,,,,,,,,,,,,,,,,,,,,,,,,,,,,,,,,,,,,,,,,,,,,,,,,,,,,
,,,,,,,,,,,,,,,,,,,,,,,,,,,,,,,,,,,,,,,,,,,,,,,,,,,,,,,,,,,,,,,,,403541,001,2024-06-18_18h48.04.055,experiment,2023.2.3,Win32,39.68253968,632b3639f61612815d100608,667188dfe6b7144a6371082a,6671c68194f20adf93f7234e,,,,,,,,,,,,,,,,,,,,,,,,,,,,,,,,,,,,,,,,1,,,,,,,,,,,,,2,,,,,,,,,,,,,,,,,,,,,,,,,,,,,,,,,k,0.9396,,space,2,orange_gnome,2,2,bright_forest,red_basket,green_gnome,2,2,dark_forest,yellow_basket,2,0,0,1,green_gnome,dark_forest,yellow_basket,716,-3,-1,6,1,49,1,1,0.6699,,,,,,,,,,,,,,,,,,,,,,,,,,,,,,,,,,,,,,,,,,,,,,,,,,,,,,,,,,,,,,,,,,,,,,,,,,,,,
,,,,,,,,,,,,,,,,,,,,,,,,,,,,,,,,,,,,,,,,,,,,,,,,,,,,,,,,,,,,,,,,,403541,001,2024-06-18_18h48.04.055,experiment,2023.2.3,Win32,39.68253968,632b3639f61612815d100608,667188dfe6b7144a6371082a,6671c68194f20adf93f7234e,,,,,,,,,,,,,,,,,,,,,,,,,,,,,,,,,,,,,,,,1,,,,,,,,,,,,,3,,,,,,,,,,,,,,,,,,,,,,,,,,,,,,,,,s,0.8688,,space,3,brown_gnome,3,1,bright_forest,red_basket,purple_gnome,3,1,dark_forest,yellow_basket,1,0,0,1,brown_gnome,bright_forest,red_basket,717,-1,1,6,2,50,2,1,0.7128,,,,,,,,,,,,,,,,,,,,,,,,,,,,,,,,,,,,,,,,,,,,,,,,,,,,,,,,,,,,,,,,,,,,,,,,,,,,,
,,,,,,,,,,,,,,,,,,,,,,,,,,,,,,,,,,,,,,,,,,,,,,,,,,,,,,,,,,,,,,,,,403541,001,2024-06-18_18h48.04.055,experiment,2023.2.3,Win32,39.68253968,632b3639f61612815d100608,667188dfe6b7144a6371082a,6671c68194f20adf93f7234e,,,,,,,,,,,,,,,,,,,,,,,,,,,,,,,,,,,,,,,,1,,,,,,,,,,,,,3,,,,,,,,,,,,,,,,,,,,,,,,,,,,,,,,,k,0.9489,,space,3,brown_gnome,3,0,bright_forest,red_basket,purple_gnome,3,2,dark_forest,yellow_basket,2,0,0,1,purple_gnome,dark_forest,yellow_basket,719,2,2,6,3,51,2,1,0.4169,,,,,,,,,,,,,,,,,,,,,,,,,,,,,,,,,,,,,,,,,,,,,,,,,,,,,,,,,,,,,,,,,,,,,,,,,,,,,
,,,,,,,,,,,,,,,,,,,,,,,,,,,,,,,,,,,,,,,,,,,,,,,,,,,,,,,,,,,,,,,,,403541,001,2024-06-18_18h48.04.055,experiment,2023.2.3,Win32,39.68253968,632b3639f61612815d100608,667188dfe6b7144a6371082a,6671c68194f20adf93f7234e,,,,,,,,,,,,,,,,,,,,,,,,,,,,,,,,,,,,,,,,5,,,,,,,,,,,,,3,,,,,,,,,,,,,,,,,,,,,,,,,,,,,,,,,s,0.6117,,space,3,brown_gnome,3,2,bright_forest,red_basket,purple_gnome,3,4,dark_forest,yellow_basket,10,0,0,1,brown_gnome,bright_forest,red_basket,729,2,2,6,4,52,6,1,0.6617,,,,,,,,,,,,,,,,,,,,,,,,,,,,,,,,,,,,,,,,,,,,,,,,,,,,,,,,,,,,,,,,,,,,,,,,,,,,,
,,,,,,,,,,,,,,,,,,,,,,,,,,,,,,,,,,,,,,,,,,,,,,,,,,,,,,,,,,,,,,,,,403541,001,2024-06-18_18h48.04.055,experiment,2023.2.3,Win32,39.68253968,632b3639f61612815d100608,667188dfe6b7144a6371082a,6671c68194f20adf93f7234e,,,,,,,,,,,,,,,,,,,,,,,,,,,,,,,,,,,,,,,,1,,,,,,,,,,,,,1,,,,,,,,,,,,,,,,,,,,,,,,,,,,,,,,,k,0.6483,,,1,blue_gnome,1,4,bright_forest,red_basket,red_gnome,1,6,dark_forest,yellow_basket,0,0,1,0,red_gnome,dark_forest,yellow_basket,729,-1,0,6,5,53,0,1,,,,,,,,,,,,,,,,,,,,,,,,,,,,,,,,,,,,,,,,,,,,,,,,,,,,,,,,,,,,,,,,,,,,,,,,,,,,,,
,,,,,,,,,,,,,,,,,,,,,,,,,,,,,,,,,,,,,,,,,,,,,,,,,,,,,,,,,,,,,,,,,403541,001,2024-06-18_18h48.04.055,experiment,2023.2.3,Win32,39.68253968,632b3639f61612815d100608,667188dfe6b7144a6371082a,6671c68194f20adf93f7234e,,,,,,,,,,,,,,,,,,,,,,,,,,,,,,,,,,,,,,,,5,,,,,,,,,,,,,2,,,,,,,,,,,,,,,,,,,,,,,,,,,,,,,,,s,0.6629,,space,2,green_gnome,2,6,dark_forest,yellow_basket,orange_gnome,2,3,bright_forest,red_basket,30,0,0,1,green_gnome,dark_forest,yellow_basket,759,2,-4,6,6,54,5,1,0.4864,,,,,,,,,,,,,,,,,,,,,,,,,,,,,,,,,,,,,,,,,,,,,,,,,,,,,,,,,,,,,,,,,,,,,,,,,,,,,
,,,,,,,,,,,,,,,,,,,,,,,,,,,,,,,,,,,,,,,,,,,,,,,,,,,,,,,,,,,,,,,,,403541,001,2024-06-18_18h48.04.055,experiment,2023.2.3,Win32,39.68253968,632b3639f61612815d100608,667188dfe6b7144a6371082a,6671c68194f20adf93f7234e,,,,,,,,,,,,,,,,,,,,,,,,,,,,,,,,,,,,,,,,1,,,,,,,,,,,,,4,,,,,,,,,,,,,,,,,,,,,,,,,,,,,,,,,k,0.614,,space,4,pink_gnome,4,5,bright_forest,red_basket,yellow_gnome,4,2,dark_forest,yellow_basket,2,0,0,1,yellow_gnome,dark_forest,yellow_basket,761,0,-1,6,7,55,3,1,0.4085,,,,,,,,,,,,,,,,,,,,,,,,,,,,,,,,,,,,,,,,,,,,,,,,,,,,,,,,,,,,,,,,,,,,,,,,,,,,,
,,,,,,,,,,,,,,,,,,,,,,,,,,,,,,,,,,,,,,,,,,,,,,,,,,,,,,,,,,,,,,,,,403541,001,2024-06-18_18h48.04.055,experiment,2023.2.3,Win32,39.68253968,632b3639f61612815d100608,667188dfe6b7144a6371082a,6671c68194f20adf93f7234e,,,,,,,,,,,,,,,,,,,,,,,,,,,,,,,,,,,,,,,,5,,,,,,,,,,,,,4,,,,,,,,,,,,,,,,,,,,,,,,,,,,,,,,,s,0.5885,,space,4,pink_gnome,4,5,bright_forest,red_basket,yellow_gnome,4,1,dark_forest,yellow_basket,25,0,0,1,pink_gnome,bright_forest,red_basket,786,-3,0,7,0,56,7,1,0.6233,,,,,,,,,,,,,,,,,,,,,,,,,,,,,,,,,,,,,,,,,,,,,,,,,,,,,,,,,,,,,,,,,,,,,,,,,,,,,
,,,,,,,,,,,,,,,,,,,,,,,,,,,,,,,,,,,,,,,,,,,,,,,,,,,,,,,,,,,,,,,,,403541,001,2024-06-18_18h48.04.055,experiment,2023.2.3,Win32,39.68253968,632b3639f61612815d100608,667188dfe6b7144a6371082a,6671c68194f20adf93f7234e,,,,,,,,,,,,,,,,,,,,,,,,,,,,,,,,,,,,,,,,1,,,,,,,,,,,,,3,,,,,,,,,,,,,,,,,,,,,,,,,,,,,,,,,k,0.8119,,space,3,brown_gnome,3,2,bright_forest,red_basket,purple_gnome,3,1,dark_forest,yellow_basket,1,0,0,1,purple_gnome,dark_forest,yellow_basket,787,2,2,7,1,57,2,1,0.4125,,,,,,,,,,,,,,,,,,,,,,,,,,,,,,,,,,,,,,,,,,,,,,,,,,,,,,,,,,,,,,,,,,,,,,,,,,,,,
,,,,,,,,,,,,,,,,,,,,,,,,,,,,,,,,,,,,,,,,,,,,,,,,,,,,,,,,,,,,,,,,,403541,001,2024-06-18_18h48.04.055,experiment,2023.2.3,Win32,39.68253968,632b3639f61612815d100608,667188dfe6b7144a6371082a,6671c68194f20adf93f7234e,,,,,,,,,,,,,,,,,,,,,,,,,,,,,,,,,,,,,,,,1,,,,,,,,,,,,,1,,,,,,,,,,,,,,,,,,,,,,,,,,,,,,,,,s,0.5858,,space,1,blue_gnome,1,4,bright_forest,red_basket,red_gnome,1,3,dark_forest,yellow_basket,4,0,0,1,blue_gnome,bright_forest,red_basket,791,0,1,7,2,58,0,1,0.4866,,,,,,,,,,,,,,,,,,,,,,,,,,,,,,,,,,,,,,,,,,,,,,,,,,,,,,,,,,,,,,,,,,,,,,,,,,,,,
,,,,,,,,,,,,,,,,,,,,,,,,,,,,,,,,,,,,,,,,,,,,,,,,,,,,,,,,,,,,,,,,,403541,001,2024-06-18_18h48.04.055,experiment,2023.2.3,Win32,39.68253968,632b3639f61612815d100608,667188dfe6b7144a6371082a,6671c68194f20adf93f7234e,,,,,,,,,,,,,,,,,,,,,,,,,,,,,,,,,,,,,,,,1,,,,,,,,,,,,,2,,,,,,,,,,,,,,,,,,,,,,,,,,,,,,,,,s,0.8611,,space,2,orange_gnome,2,4,bright_forest,red_basket,green_gnome,2,4,dark_forest,yellow_basket,4,0,0,1,orange_gnome,bright_forest,red_basket,795,1,0,7,3,59,1,1,0.4733,,,,,,,,,,,,,,,,,,,,,,,,,,,,,,,,,,,,,,,,,,,,,,,,,,,,,,,,,,,,,,,,,,,,,,,,,,,,,
,,,,,,,,,,,,,,,,,,,,,,,,,,,,,,,,,,,,,,,,,,,,,,,,,,,,,,,,,,,,,,,,,403541,001,2024-06-18_18h48.04.055,experiment,2023.2.3,Win32,39.68253968,632b3639f61612815d100608,667188dfe6b7144a6371082a,6671c68194f20adf93f7234e,,,,,,,,,,,,,,,,,,,,,,,,,,,,,,,,,,,,,,,,5,,,,,,,,,,,,,2,,,,,,,,,,,,,,,,,,,,,,,,,,,,,,,,,s,0.8161,,space,2,orange_gnome,2,5,bright_forest,red_basket,green_gnome,2,4,dark_forest,yellow_basket,25,0,0,1,orange_gnome,bright_forest,red_basket,820,-2,0,7,4,60,5,1,0.6466,,,,,,,,,,,,,,,,,,,,,,,,,,,,,,,,,,,,,,,,,,,,,,,,,,,,,,,,,,,,,,,,,,,,,,,,,,,,,
,,,,,,,,,,,,,,,,,,,,,,,,,,,,,,,,,,,,,,,,,,,,,,,,,,,,,,,,,,,,,,,,,403541,001,2024-06-18_18h48.04.055,experiment,2023.2.3,Win32,39.68253968,632b3639f61612815d100608,667188dfe6b7144a6371082a,6671c68194f20adf93f7234e,,,,,,,,,,,,,,,,,,,,,,,,,,,,,,,,,,,,,,,,1,,,,,,,,,,,,,1,,,,,,,,,,,,,,,,,,,,,,,,,,,,,,,,,s,0.7456,,space,1,red_gnome,1,4,dark_forest,yellow_basket,blue_gnome,1,3,bright_forest,red_basket,4,0,0,1,red_gnome,dark_forest,yellow_basket,824,1,0,7,5,61,0,1,0.451,,,,,,,,,,,,,,,,,,,,,,,,,,,,,,,,,,,,,,,,,,,,,,,,,,,,,,,,,,,,,,,,,,,,,,,,,,,,,
,,,,,,,,,,,,,,,,,,,,,,,,,,,,,,,,,,,,,,,,,,,,,,,,,,,,,,,,,,,,,,,,,403541,001,2024-06-18_18h48.04.055,experiment,2023.2.3,Win32,39.68253968,632b3639f61612815d100608,667188dfe6b7144a6371082a,6671c68194f20adf93f7234e,,,,,,,,,,,,,,,,,,,,,,,,,,,,,,,,,,,,,,,,1,,,,,,,,,,,,,2,,,,,,,,,,,,,,,,,,,,,,,,,,,,,,,,,s,0.9173,,space,2,green_gnome,2,4,dark_forest,yellow_basket,orange_gnome,2,4,bright_forest,red_basket,4,0,0,1,green_gnome,dark_forest,yellow_basket,828,3,1,7,6,62,1,1,0.4151,,,,,,,,,,,,,,,,,,,,,,,,,,,,,,,,,,,,,,,,,,,,,,,,,,,,,,,,,,,,,,,,,,,,,,,,,,,,,
,,,,,,,,,,,,,,,,,,,,,,,,,,,,,,,,,,,,,,,,,,,,,,,,,,,,,,,,,,,,,,,,,403541,001,2024-06-18_18h48.04.055,experiment,2023.2.3,Win32,39.68253968,632b3639f61612815d100608,667188dfe6b7144a6371082a,6671c68194f20adf93f7234e,,,,,,,,,,,,,,,,,,,,,,,,,,,,,,,,,,,,,,,,5,,,,,,,,,,,,,4,,,,,,,,,,,,,,,,,,,,,,,,,,,,,,,,,k,0.815,,space,4,yellow_gnome,4,5,dark_forest,yellow_basket,pink_gnome,4,7,bright_forest,red_basket,35,0,0,1,pink_gnome,bright_forest,red_basket,863,-2,2,7,7,63,7,1,0.4456,,space,166.2242,,,,,,,,,,,,,,,,,,,,,,,,,,,,,,,,,,,,,,,,,,,,,,,,,,,,,,,,,,,,,,,,,,,,,,,,,,
,,,,,,,,,,,,,,,,,,,,,,,,,,,,,,,,,,,,,,,,,,,,,,,,,,,,,,,,,,,,,,,,,403541,001,2024-06-18_18h48.04.055,experiment,2023.2.3,Win32,39.68253968,632b3639f61612815d100608,667188dfe6b7144a6371082a,6671c68194f20adf93f7234e,,,,,,,,,,,,,,,,,,,,,,,,,,,,,,,,,,,,,,,,5,,,,,,,,,,,,,4,,,,,,,,,,,,,,,,,,,,,,,,,,,,,,,,,s,0.9651,,space,4,pink_gnome,4,5,bright_forest,red_basket,yellow_gnome,4,7,dark_forest,yellow_basket,25,0,0,1,pink_gnome,bright_forest,red_basket,888,0,-4,8,0,64,7,1,0.4883,,,,,,,,,,,,,,,,,,,,,,,,,,,,,,,,,,,,,,,,,,,,,,,,,,,,,,,,,,,,,,,,,,,,,,,,,,,,,
,,,,,,,,,,,,,,,,,,,,,,,,,,,,,,,,,,,,,,,,,,,,,,,,,,,,,,,,,,,,,,,,,403541,001,2024-06-18_18h48.04.055,experiment,2023.2.3,Win32,39.68253968,632b3639f61612815d100608,667188dfe6b7144a6371082a,6671c68194f20adf93f7234e,,,,,,,,,,,,,,,,,,,,,,,,,,,,,,,,,,,,,,,,1,,,,,,,,,,,,,3,,,,,,,,,,,,,,,,,,,,,,,,,,,,,,,,,k,0.7875,,space,3,brown_gnome,3,5,bright_forest,red_basket,purple_gnome,3,3,dark_forest,yellow_basket,3,0,0,1,purple_gnome,dark_forest,yellow_basket,891,-1,-3,8,1,65,2,1,0.3426,,,,,,,,,,,,,,,,,,,,,,,,,,,,,,,,,,,,,,,,,,,,,,,,,,,,,,,,,,,,,,,,,,,,,,,,,,,,,
,,,,,,,,,,,,,,,,,,,,,,,,,,,,,,,,,,,,,,,,,,,,,,,,,,,,,,,,,,,,,,,,,403541,001,2024-06-18_18h48.04.055,experiment,2023.2.3,Win32,39.68253968,632b3639f61612815d100608,667188dfe6b7144a6371082a,6671c68194f20adf93f7234e,,,,,,,,,,,,,,,,,,,,,,,,,,,,,,,,,,,,,,,,1,,,,,,,,,,,,,1,,,,,,,,,,,,,,,,,,,,,,,,,,,,,,,,,s,0.7146,,space,1,red_gnome,1,0,dark_forest,yellow_basket,blue_gnome,1,4,bright_forest,red_basket,0,0,0,1,red_gnome,dark_forest,yellow_basket,891,0,5,8,2,66,0,1,0.3846,,,,,,,,,,,,,,,,,,,,,,,,,,,,,,,,,,,,,,,,,,,,,,,,,,,,,,,,,,,,,,,,,,,,,,,,,,,,,
,,,,,,,,,,,,,,,,,,,,,,,,,,,,,,,,,,,,,,,,,,,,,,,,,,,,,,,,,,,,,,,,,403541,001,2024-06-18_18h48.04.055,experiment,2023.2.3,Win32,39.68253968,632b3639f61612815d100608,667188dfe6b7144a6371082a,6671c68194f20adf93f7234e,,,,,,,,,,,,,,,,,,,,,,,,,,,,,,,,,,,,,,,,5,,,,,,,,,,,,,3,,,,,,,,,,,,,,,,,,,,,,,,,,,,,,,,,k,0.7141,,space,3,brown_gnome,3,4,bright_forest,red_basket,purple_gnome,3,5,dark_forest,yellow_basket,25,0,0,1,purple_gnome,dark_forest,yellow_basket,916,2,4,8,3,67,6,1,0.4644,,,,,,,,,,,,,,,,,,,,,,,,,,,,,,,,,,,,,,,,,,,,,,,,,,,,,,,,,,,,,,,,,,,,,,,,,,,,,
,,,,,,,,,,,,,,,,,,,,,,,,,,,,,,,,,,,,,,,,,,,,,,,,,,,,,,,,,,,,,,,,,403541,001,2024-06-18_18h48.04.055,experiment,2023.2.3,Win32,39.68253968,632b3639f61612815d100608,667188dfe6b7144a6371082a,6671c68194f20adf93f7234e,,,,,,,,,,,,,,,,,,,,,,,,,,,,,,,,,,,,,,,,1,,,,,,,,,,,,,4,,,,,,,,,,,,,,,,,,,,,,,,,,,,,,,,,k,0.9901,,space,4,yellow_gnome,4,9,dark_forest,yellow_basket,pink_gnome,4,6,bright_forest,red_basket,6,0,0,1,pink_gnome,bright_forest,red_basket,922,1,2,8,4,68,3,1,0.3887,,,,,,,,,,,,,,,,,,,,,,,,,,,,,,,,,,,,,,,,,,,,,,,,,,,,,,,,,,,,,,,,,,,,,,,,,,,,,
,,,,,,,,,,,,,,,,,,,,,,,,,,,,,,,,,,,,,,,,,,,,,,,,,,,,,,,,,,,,,,,,,403541,001,2024-06-18_18h48.04.055,experiment,2023.2.3,Win32,39.68253968,632b3639f61612815d100608,667188dfe6b7144a6371082a,6671c68194f20adf93f7234e,,,,,,,,,,,,,,,,,,,,,,,,,,,,,,,,,,,,,,,,5,,,,,,,,,,,,,1,,,,,,,,,,,,,,,,,,,,,,,,,,,,,,,,,k,0.5881,,space,1,red_gnome,1,7,dark_forest,yellow_basket,blue_gnome,1,7,bright_forest,red_basket,35,0,0,1,blue_gnome,bright_forest,red_basket,957,0,1,8,5,69,4,1,0.4354,,,,,,,,,,,,,,,,,,,,,,,,,,,,,,,,,,,,,,,,,,,,,,,,,,,,,,,,,,,,,,,,,,,,,,,,,,,,,
,,,,,,,,,,,,,,,,,,,,,,,,,,,,,,,,,,,,,,,,,,,,,,,,,,,,,,,,,,,,,,,,,403541,001,2024-06-18_18h48.04.055,experiment,2023.2.3,Win32,39.68253968,632b3639f61612815d100608,667188dfe6b7144a6371082a,6671c68194f20adf93f7234e,,,,,,,,,,,,,,,,,,,,,,,,,,,,,,,,,,,,,,,,1,,,,,,,,,,,,,2,,,,,,,,,,,,,,,,,,,,,,,,,,,,,,,,,,,,,2,orange_gnome,2,7,bright_forest,red_basket,green_gnome,2,8,dark_forest,yellow_basket,0,1,0,0,,bright_forest,red_basket,957,-3,3,8,6,70,1,1,,,,,,,,,,,,,,,,,,,,,,,,,,,,,,,,,,,,,,,,,,,,,,,,,,,,,,,,,,,,,,,,,,,,,,,,,,,,,,
,,,,,,,,,,,,,,,,,,,,,,,,,,,,,,,,,,,,,,,,,,,,,,,,,,,,,,,,,,,,,,,,,403541,001,2024-06-18_18h48.04.055,experiment,2023.2.3,Win32,39.68253968,632b3639f61612815d100608,667188dfe6b7144a6371082a,6671c68194f20adf93f7234e,,,,,,,,,,,,,,,,,,,,,,,,,,,,,,,,,,,,,,,,5,,,,,,,,,,,,,2,,,,,,,,,,,,,,,,,,,,,,,,,,,,,,,,,s,0.6347,,space,2,green_gnome,2,7,dark_forest,yellow_basket,orange_gnome,2,4,bright_forest,red_basket,35,0,0,1,green_gnome,dark_forest,yellow_basket,992,-1,1,8,7,71,5,1,0.5388,,,,,,,,,,,,,,,,,,,,,,,,,,,,,,,,,,,,,,,,,,,,,,,,,,,,,,,,,,,,,,,,,,,,,,,,,,,,,
,,,,,,,,,,,,,,,,,,,,,,,,,,,,,,,,,,,,,,,,,,,,,,,,,,,,,,,,,,,,,,,,,403541,001,2024-06-18_18h48.04.055,experiment,2023.2.3,Win32,39.68253968,632b3639f61612815d100608,667188dfe6b7144a6371082a,6671c68194f20adf93f7234e,,,,,,,,,,,,,,,,,,,,,,,,,,,,,,,,,,,,,,,,5,,,,,,,,,,,,,2,,,,,,,,,,,,,,,,,,,,,,,,,,,,,,,,,k,0.817,,space,2,orange_gnome,2,3,bright_forest,red_basket,green_gnome,2,8,dark_forest,yellow_basket,40,0,0,1,green_gnome,dark_forest,yellow_basket,1032,1,0,9,0,72,5,1,0.4414,,,,,,,,,,,,,,,,,,,,,,,,,,,,,,,,,,,,,,,,,,,,,,,,,,,,,,,,,,,,,,,,,,,,,,,,,,,,,
,,,,,,,,,,,,,,,,,,,,,,,,,,,,,,,,,,,,,,,,,,,,,,,,,,,,,,,,,,,,,,,,,403541,001,2024-06-18_18h48.04.055,experiment,2023.2.3,Win32,39.68253968,632b3639f61612815d100608,667188dfe6b7144a6371082a,6671c68194f20adf93f7234e,,,,,,,,,,,,,,,,,,,,,,,,,,,,,,,,,,,,,,,,5,,,,,,,,,,,,,3,,,,,,,,,,,,,,,,,,,,,,,,,,,,,,,,,s,0.7402,,space,3,purple_gnome,3,8,dark_forest,yellow_basket,brown_gnome,3,4,bright_forest,red_basket,40,0,0,1,purple_gnome,dark_forest,yellow_basket,1072,-1,1,9,1,73,6,1,0.5493,,,,,,,,,,,,,,,,,,,,,,,,,,,,,,,,,,,,,,,,,,,,,,,,,,,,,,,,,,,,,,,,,,,,,,,,,,,,,
,,,,,,,,,,,,,,,,,,,,,,,,,,,,,,,,,,,,,,,,,,,,,,,,,,,,,,,,,,,,,,,,,403541,001,2024-06-18_18h48.04.055,experiment,2023.2.3,Win32,39.68253968,632b3639f61612815d100608,667188dfe6b7144a6371082a,6671c68194f20adf93f7234e,,,,,,,,,,,,,,,,,,,,,,,,,,,,,,,,,,,,,,,,1,,,,,,,,,,,,,1,,,,,,,,,,,,,,,,,,,,,,,,,,,,,,,,,k,0.916,,space,1,red_gnome,1,9,dark_forest,yellow_basket,blue_gnome,1,3,bright_forest,red_basket,3,0,0,1,blue_gnome,bright_forest,red_basket,1075,2,1,9,2,74,0,1,0.4335,,,,,,,,,,,,,,,,,,,,,,,,,,,,,,,,,,,,,,,,,,,,,,,,,,,,,,,,,,,,,,,,,,,,,,,,,,,,,
,,,,,,,,,,,,,,,,,,,,,,,,,,,,,,,,,,,,,,,,,,,,,,,,,,,,,,,,,,,,,,,,,403541,001,2024-06-18_18h48.04.055,experiment,2023.2.3,Win32,39.68253968,632b3639f61612815d100608,667188dfe6b7144a6371082a,6671c68194f20adf93f7234e,,,,,,,,,,,,,,,,,,,,,,,,,,,,,,,,,,,,,,,,1,,,,,,,,,,,,,1,,,,,,,,,,,,,,,,,,,,,,,,,,,,,,,,,s,0.5836,,space,1,blue_gnome,1,5,bright_forest,red_basket,red_gnome,1,8,dark_forest,yellow_basket,5,0,0,1,blue_gnome,bright_forest,red_basket,1080,0,1,9,3,75,0,1,0.6036,,,,,,,,,,,,,,,,,,,,,,,,,,,,,,,,,,,,,,,,,,,,,,,,,,,,,,,,,,,,,,,,,,,,,,,,,,,,,
,,,,,,,,,,,,,,,,,,,,,,,,,,,,,,,,,,,,,,,,,,,,,,,,,,,,,,,,,,,,,,,,,403541,001,2024-06-18_18h48.04.055,experiment,2023.2.3,Win32,39.68253968,632b3639f61612815d100608,667188dfe6b7144a6371082a,6671c68194f20adf93f7234e,,,,,,,,,,,,,,,,,,,,,,,,,,,,,,,,,,,,,,,,1,,,,,,,,,,,,,4,,,,,,,,,,,,,,,,,,,,,,,,,,,,,,,,,s,0.7996,,space,4,pink_gnome,4,5,bright_forest,red_basket,yellow_gnome,4,9,dark_forest,yellow_basket,5,0,0,1,pink_gnome,bright_forest,red_basket,1085,-1,2,9,4,76,3,1,0.5623,,,,,,,,,,,,,,,,,,,,,,,,,,,,,,,,,,,,,,,,,,,,,,,,,,,,,,,,,,,,,,,,,,,,,,,,,,,,,
,,,,,,,,,,,,,,,,,,,,,,,,,,,,,,,,,,,,,,,,,,,,,,,,,,,,,,,,,,,,,,,,,403541,001,2024-06-18_18h48.04.055,experiment,2023.2.3,Win32,39.68253968,632b3639f61612815d100608,667188dfe6b7144a6371082a,6671c68194f20adf93f7234e,,,,,,,,,,,,,,,,,,,,,,,,,,,,,,,,,,,,,,,,5,,,,,,,,,,,,,3,,,,,,,,,,,,,,,,,,,,,,,,,,,,,,,,,k,0.7521,,space,3,brown_gnome,3,4,bright_forest,red_basket,purple_gnome,3,7,dark_forest,yellow_basket,35,0,0,1,purple_gnome,dark_forest,yellow_basket,1120,-3,0,9,5,77,6,1,0.4117,,,,,,,,,,,,,,,,,,,,,,,,,,,,,,,,,,,,,,,,,,,,,,,,,,,,,,,,,,,,,,,,,,,,,,,,,,,,,
,,,,,,,,,,,,,,,,,,,,,,,,,,,,,,,,,,,,,,,,,,,,,,,,,,,,,,,,,,,,,,,,,403541,001,2024-06-18_18h48.04.055,experiment,2023.2.3,Win32,39.68253968,632b3639f61612815d100608,667188dfe6b7144a6371082a,6671c68194f20adf93f7234e,,,,,,,,,,,,,,,,,,,,,,,,,,,,,,,,,,,,,,,,5,,,,,,,,,,,,,3,,,,,,,,,,,,,,,,,,,,,,,,,,,,,,,,,s,0.7105,,space,3,purple_gnome,3,7,dark_forest,yellow_basket,brown_gnome,3,1,bright_forest,red_basket,35,0,0,1,purple_gnome,dark_forest,yellow_basket,1155,1,1,9,6,78,6,1,0.3643,,,,,,,,,,,,,,,,,,,,,,,,,,,,,,,,,,,,,,,,,,,,,,,,,,,,,,,,,,,,,,,,,,,,,,,,,,,,,
,,,,,,,,,,,,,,,,,,,,,,,,,,,,,,,,,,,,,,,,,,,,,,,,,,,,,,,,,,,,,,,,,403541,001,2024-06-18_18h48.04.055,experiment,2023.2.3,Win32,39.68253968,632b3639f61612815d100608,667188dfe6b7144a6371082a,6671c68194f20adf93f7234e,,,,,,,,,,,,,,,,,,,,,,,,,,,,,,,,,,,,,,,,1,,,,,,,,,,,,,2,,,,,,,,,,,,,,,,,,,,,,,,,,,,,,,,,s,0.5986,,space,2,orange_gnome,2,2,bright_forest,red_basket,green_gnome,2,8,dark_forest,yellow_basket,2,0,0,1,orange_gnome,bright_forest,red_basket,1157,-1,-3,9,7,79,1,1,0.4358,,,,,,,,,,,,,,,,,,,,,,,,,,,,,,,,,,,,,,,,,,,,,,,,,,,,,,,,,,,,,,,,,,,,,,,,,,,,,
,,,,,,,,,,,,,,,,,,,,,,,,,,,,,,,,,,,,,,,,,,,,,,,,,,,,,,,,,,,,,,,,,403541,001,2024-06-18_18h48.04.055,experiment,2023.2.3,Win32,39.68253968,632b3639f61612815d100608,667188dfe6b7144a6371082a,6671c68194f20adf93f7234e,,,,,,,,,,,,,,,,,,,,,,,,,,,,,,,,,,,,,,,,1,,,,,,,,,,,,,3,,,,,,,,,,,,,,,,,,,,,,,,,,,,,,,,,k,0.819,,space,3,brown_gnome,3,1,bright_forest,red_basket,purple_gnome,3,5,dark_forest,yellow_basket,5,0,0,1,purple_gnome,dark_forest,yellow_basket,1162,-3,1,10,0,80,2,1,0.5225,,,,,,,,,,,,,,,,,,,,,,,,,,,,,,,,,,,,,,,,,,,,,,,,,,,,,,,,,,,,,,,,,,,,,,,,,,,,,
,,,,,,,,,,,,,,,,,,,,,,,,,,,,,,,,,,,,,,,,,,,,,,,,,,,,,,,,,,,,,,,,,403541,001,2024-06-18_18h48.04.055,experiment,2023.2.3,Win32,39.68253968,632b3639f61612815d100608,667188dfe6b7144a6371082a,6671c68194f20adf93f7234e,,,,,,,,,,,,,,,,,,,,,,,,,,,,,,,,,,,,,,,,1,,,,,,,,,,,,,3,,,,,,,,,,,,,,,,,,,,,,,,,,,,,,,,,s,0.69,,space,3,purple_gnome,3,6,dark_forest,yellow_basket,brown_gnome,3,2,bright_forest,red_basket,6,0,0,1,purple_gnome,dark_forest,yellow_basket,1168,1,1,10,1,81,2,1,0.418,,,,,,,,,,,,,,,,,,,,,,,,,,,,,,,,,,,,,,,,,,,,,,,,,,,,,,,,,,,,,,,,,,,,,,,,,,,,,
,,,,,,,,,,,,,,,,,,,,,,,,,,,,,,,,,,,,,,,,,,,,,,,,,,,,,,,,,,,,,,,,,403541,001,2024-06-18_18h48.04.055,experiment,2023.2.3,Win32,39.68253968,632b3639f61612815d100608,667188dfe6b7144a6371082a,6671c68194f20adf93f7234e,,,,,,,,,,,,,,,,,,,,,,,,,,,,,,,,,,,,,,,,1,,,,,,,,,,,,,2,,,,,,,,,,,,,,,,,,,,,,,,,,,,,,,,,s,0.9392,,space,2,orange_gnome,2,3,bright_forest,red_basket,green_gnome,2,7,dark_forest,yellow_basket,3,0,0,1,orange_gnome,bright_forest,red_basket,1171,-2,-1,10,2,82,1,1,0.4876,,,,,,,,,,,,,,,,,,,,,,,,,,,,,,,,,,,,,,,,,,,,,,,,,,,,,,,,,,,,,,,,,,,,,,,,,,,,,
,,,,,,,,,,,,,,,,,,,,,,,,,,,,,,,,,,,,,,,,,,,,,,,,,,,,,,,,,,,,,,,,,403541,001,2024-06-18_18h48.04.055,experiment,2023.2.3,Win32,39.68253968,632b3639f61612815d100608,667188dfe6b7144a6371082a,6671c68194f20adf93f7234e,,,,,,,,,,,,,,,,,,,,,,,,,,,,,,,,,,,,,,,,1,,,,,,,,,,,,,4,,,,,,,,,,,,,,,,,,,,,,,,,,,,,,,,,k,0.7878,,space,4,pink_gnome,4,1,bright_forest,red_basket,yellow_gnome,4,6,dark_forest,yellow_basket,6,0,0,1,yellow_gnome,dark_forest,yellow_basket,1177,0,-3,10,3,83,3,1,0.4117,,,,,,,,,,,,,,,,,,,,,,,,,,,,,,,,,,,,,,,,,,,,,,,,,,,,,,,,,,,,,,,,,,,,,,,,,,,,,
,,,,,,,,,,,,,,,,,,,,,,,,,,,,,,,,,,,,,,,,,,,,,,,,,,,,,,,,,,,,,,,,,403541,001,2024-06-18_18h48.04.055,experiment,2023.2.3,Win32,39.68253968,632b3639f61612815d100608,667188dfe6b7144a6371082a,6671c68194f20adf93f7234e,,,,,,,,,,,,,,,,,,,,,,,,,,,,,,,,,,,,,,,,5,,,,,,,,,,,,,2,,,,,,,,,,,,,,,,,,,,,,,,,,,,,,,,,k,0.8466,,space,2,orange_gnome,2,1,bright_forest,red_basket,green_gnome,2,3,dark_forest,yellow_basket,15,0,0,1,green_gnome,dark_forest,yellow_basket,1192,1,2,10,4,84,5,1,0.3791,,,,,,,,,,,,,,,,,,,,,,,,,,,,,,,,,,,,,,,,,,,,,,,,,,,,,,,,,,,,,,,,,,,,,,,,,,,,,
,,,,,,,,,,,,,,,,,,,,,,,,,,,,,,,,,,,,,,,,,,,,,,,,,,,,,,,,,,,,,,,,,403541,001,2024-06-18_18h48.04.055,experiment,2023.2.3,Win32,39.68253968,632b3639f61612815d100608,667188dfe6b7144a6371082a,6671c68194f20adf93f7234e,,,,,,,,,,,,,,,,,,,,,,,,,,,,,,,,,,,,,,,,1,,,,,,,,,,,,,2,,,,,,,,,,,,,,,,,,,,,,,,,,,,,,,,,k,0.7558,,space,2,orange_gnome,2,2,bright_forest,red_basket,green_gnome,2,5,dark_forest,yellow_basket,5,0,0,1,green_gnome,dark_forest,yellow_basket,1197,0,0,10,5,85,1,1,0.3692,,,,,,,,,,,,,,,,,,,,,,,,,,,,,,,,,,,,,,,,,,,,,,,,,,,,,,,,,,,,,,,,,,,,,,,,,,,,,
,,,,,,,,,,,,,,,,,,,,,,,,,,,,,,,,,,,,,,,,,,,,,,,,,,,,,,,,,,,,,,,,,403541,001,2024-06-18_18h48.04.055,experiment,2023.2.3,Win32,39.68253968,632b3639f61612815d100608,667188dfe6b7144a6371082a,6671c68194f20adf93f7234e,,,,,,,,,,,,,,,,,,,,,,,,,,,,,,,,,,,,,,,,1,,,,,,,,,,,,,4,,,,,,,,,,,,,,,,,,,,,,,,,,,,,,,,,s,0.6641,,space,4,pink_gnome,4,2,bright_forest,red_basket,yellow_gnome,4,5,dark_forest,yellow_basket,2,0,0,1,pink_gnome,bright_forest,red_basket,1199,-1,-4,10,6,86,3,1,0.5365,,,,,,,,,,,,,,,,,,,,,,,,,,,,,,,,,,,,,,,,,,,,,,,,,,,,,,,,,,,,,,,,,,,,,,,,,,,,,
,,,,,,,,,,,,,,,,,,,,,,,,,,,,,,,,,,,,,,,,,,,,,,,,,,,,,,,,,,,,,,,,,403541,001,2024-06-18_18h48.04.055,experiment,2023.2.3,Win32,39.68253968,632b3639f61612815d100608,667188dfe6b7144a6371082a,6671c68194f20adf93f7234e,,,,,,,,,,,,,,,,,,,,,,,,,,,,,,,,,,,,,,,,5,,,,,,,,,,,,,1,,,,,,,,,,,,,,,,,,,,,,,,,,,,,,,,,s,0.6625,,space,1,blue_gnome,1,1,bright_forest,red_basket,red_gnome,1,1,dark_forest,yellow_basket,5,0,0,1,blue_gnome,bright_forest,red_basket,1204,-3,1,10,7,87,4,1,0.4085,,,,,,,,,,,,,,,,,,,,,,,,,,,,,,,,,,,,,,,,,,,,,,,,,,,,,,,,,,,,,,,,,,,,,,,,,,,,,
,,,,,,,,,,,,,,,,,,,,,,,,,,,,,,,,,,,,,,,,,,,,,,,,,,,,,,,,,,,,,,,,,403541,001,2024-06-18_18h48.04.055,experiment,2023.2.3,Win32,39.68253968,632b3639f61612815d100608,667188dfe6b7144a6371082a,6671c68194f20adf93f7234e,,,,,,,,,,,,,,,,,,,,,,,,,,,,,,,,,,,,,,,,5,,,,,,,,,,,,,2,,,,,,,,,,,,,,,,,,,,,,,,,,,,,,,,,k,0.788,,space,2,orange_gnome,2,2,bright_forest,red_basket,green_gnome,2,2,dark_forest,yellow_basket,10,0,0,1,green_gnome,dark_forest,yellow_basket,1214,1,0,11,0,88,5,1,0.5488,,,,,,,,,,,,,,,,,,,,,,,,,,,,,,,,,,,,,,,,,,,,,,,,,,,,,,,,,,,,,,,,,,,,,,,,,,,,,
,,,,,,,,,,,,,,,,,,,,,,,,,,,,,,,,,,,,,,,,,,,,,,,,,,,,,,,,,,,,,,,,,403541,001,2024-06-18_18h48.04.055,experiment,2023.2.3,Win32,39.68253968,632b3639f61612815d100608,667188dfe6b7144a6371082a,6671c68194f20adf93f7234e,,,,,,,,,,,,,,,,,,,,,,,,,,,,,,,,,,,,,,,,1,,,,,,,,,,,,,1,,,,,,,,,,,,,,,,,,,,,,,,,,,,,,,,,s,0.8761,,space,1,red_gnome,1,2,dark_forest,yellow_basket,blue_gnome,1,3,bright_forest,red_basket,2,0,0,1,red_gnome,dark_forest,yellow_basket,1216,3,-3,11,1,89,0,1,0.4373,,,,,,,,,,,,,,,,,,,,,,,,,,,,,,,,,,,,,,,,,,,,,,,,,,,,,,,,,,,,,,,,,,,,,,,,,,,,,
,,,,,,,,,,,,,,,,,,,,,,,,,,,,,,,,,,,,,,,,,,,,,,,,,,,,,,,,,,,,,,,,,403541,001,2024-06-18_18h48.04.055,experiment,2023.2.3,Win32,39.68253968,632b3639f61612815d100608,667188dfe6b7144a6371082a,6671c68194f20adf93f7234e,,,,,,,,,,,,,,,,,,,,,,,,,,,,,,,,,,,,,,,,5,,,,,,,,,,,,,1,,,,,,,,,,,,,,,,,,,,,,,,,,,,,,,,,k,0.7495,,space,1,blue_gnome,1,6,bright_forest,red_basket,red_gnome,1,1,dark_forest,yellow_basket,5,0,0,1,red_gnome,dark_forest,yellow_basket,1221,0,1,11,2,90,4,1,0.3633,,,,,,,,,,,,,,,,,,,,,,,,,,,,,,,,,,,,,,,,,,,,,,,,,,,,,,,,,,,,,,,,,,,,,,,,,,,,,
,,,,,,,,,,,,,,,,,,,,,,,,,,,,,,,,,,,,,,,,,,,,,,,,,,,,,,,,,,,,,,,,,403541,001,2024-06-18_18h48.04.055,experiment,2023.2.3,Win32,39.68253968,632b3639f61612815d100608,667188dfe6b7144a6371082a,6671c68194f20adf93f7234e,,,,,,,,,,,,,,,,,,,,,,,,,,,,,,,,,,,,,,,,1,,,,,,,,,,,,,3,,,,,,,,,,,,,,,,,,,,,,,,,,,,,,,,,s,0.7264,,space,3,brown_gnome,3,6,bright_forest,red_basket,purple_gnome,3,2,dark_forest,yellow_basket,6,0,0,1,brown_gnome,bright_forest,red_basket,1227,1,0,11,3,91,2,1,0.3668,,,,,,,,,,,,,,,,,,,,,,,,,,,,,,,,,,,,,,,,,,,,,,,,,,,,,,,,,,,,,,,,,,,,,,,,,,,,,
,,,,,,,,,,,,,,,,,,,,,,,,,,,,,,,,,,,,,,,,,,,,,,,,,,,,,,,,,,,,,,,,,403541,001,2024-06-18_18h48.04.055,experiment,2023.2.3,Win32,39.68253968,632b3639f61612815d100608,667188dfe6b7144a6371082a,6671c68194f20adf93f7234e,,,,,,,,,,,,,,,,,,,,,,,,,,,,,,,,,,,,,,,,1,,,,,,,,,,,,,3,,,,,,,,,,,,,,,,,,,,,,,,,,,,,,,,,k,0.615,,space,3,brown_gnome,3,7,bright_forest,red_basket,purple_gnome,3,2,dark_forest,yellow_basket,2,0,0,1,purple_gnome,dark_forest,yellow_basket,1229,0,2,11,4,92,2,1,0.439,,,,,,,,,,,,,,,,,,,,,,,,,,,,,,,,,,,,,,,,,,,,,,,,,,,,,,,,,,,,,,,,,,,,,,,,,,,,,
,,,,,,,,,,,,,,,,,,,,,,,,,,,,,,,,,,,,,,,,,,,,,,,,,,,,,,,,,,,,,,,,,403541,001,2024-06-18_18h48.04.055,experiment,2023.2.3,Win32,39.68253968,632b3639f61612815d100608,667188dfe6b7144a6371082a,6671c68194f20adf93f7234e,,,,,,,,,,,,,,,,,,,,,,,,,,,,,,,,,,,,,,,,1,,,,,,,,,,,,,4,,,,,,,,,,,,,,,,,,,,,,,,,,,,,,,,,s,0.8916,,space,4,pink_gnome,4,7,bright_forest,red_basket,yellow_gnome,4,4,dark_forest,yellow_basket,7,0,0,1,pink_gnome,bright_forest,red_basket,1236,3,-1,11,5,93,3,1,0.6986,,,,,,,,,,,,,,,,,,,,,,,,,,,,,,,,,,,,,,,,,,,,,,,,,,,,,,,,,,,,,,,,,,,,,,,,,,,,,
,,,,,,,,,,,,,,,,,,,,,,,,,,,,,,,,,,,,,,,,,,,,,,,,,,,,,,,,,,,,,,,,,403541,001,2024-06-18_18h48.04.055,experiment,2023.2.3,Win32,39.68253968,632b3639f61612815d100608,667188dfe6b7144a6371082a,6671c68194f20adf93f7234e,,,,,,,,,,,,,,,,,,,,,,,,,,,,,,,,,,,,,,,,5,,,,,,,,,,,,,3,,,,,,,,,,,,,,,,,,,,,,,,,,,,,,,,,s,0.7314,,space,3,brown_gnome,3,8,bright_forest,red_basket,purple_gnome,3,3,dark_forest,yellow_basket,40,0,0,1,brown_gnome,bright_forest,red_basket,1276,-1,1,11,6,94,6,1,0.4112,,,,,,,,,,,,,,,,,,,,,,,,,,,,,,,,,,,,,,,,,,,,,,,,,,,,,,,,,,,,,,,,,,,,,,,,,,,,,
,,,,,,,,,,,,,,,,,,,,,,,,,,,,,,,,,,,,,,,,,,,,,,,,,,,,,,,,,,,,,,,,,403541,001,2024-06-18_18h48.04.055,experiment,2023.2.3,Win32,39.68253968,632b3639f61612815d100608,667188dfe6b7144a6371082a,6671c68194f20adf93f7234e,,,,,,,,,,,,,,,,,,,,,,,,,,,,,,,,,,,,,,,,5,,,,,,,,,,,,,2,,,,,,,,,,,,,,,,,,,,,,,,,,,,,,,,,k,0.7092,,space,2,orange_gnome,2,7,bright_forest,red_basket,green_gnome,2,4,dark_forest,yellow_basket,20,0,0,1,green_gnome,dark_forest,yellow_basket,1296,-1,-1,11,7,95,5,1,0.3276,,,,,,,,,,,,,,,,,,,,,,,,,,,,,,,,,,,,,,,,,,,,,,,,,,,,,,,,,,,,,,,,,,,,,,,,,,,,,
,,,,,,,,,,,,,,,,,,,,,,,,,,,,,,,,,,,,,,,,,,,,,,,,,,,,,,,,,,,,,,,,,403541,001,2024-06-18_18h48.04.055,experiment,2023.2.3,Win32,39.68253968,632b3639f61612815d100608,667188dfe6b7144a6371082a,6671c68194f20adf93f7234e,,,,,,,,,,,,,,,,,,,,,,,,,,,,,,,,,,,,,,,,5,,,,,,,,,,,,,3,,,,,,,,,,,,,,,,,,,,,,,,,,,,,,,,,k,0.4927,,space,3,brown_gnome,3,6,bright_forest,red_basket,purple_gnome,3,3,dark_forest,yellow_basket,15,0,0,1,purple_gnome,dark_forest,yellow_basket,1311,1,2,12,0,96,6,1,0.6233,,,,,,,,,,,,,,,,,,,,,,,,,,,,,,,,,,,,,,,,,,,,,,,,,,,,,,,,,,,,,,,,,,,,,,,,,,,,,
,,,,,,,,,,,,,,,,,,,,,,,,,,,,,,,,,,,,,,,,,,,,,,,,,,,,,,,,,,,,,,,,,403541,001,2024-06-18_18h48.04.055,experiment,2023.2.3,Win32,39.68253968,632b3639f61612815d100608,667188dfe6b7144a6371082a,6671c68194f20adf93f7234e,,,,,,,,,,,,,,,,,,,,,,,,,,,,,,,,,,,,,,,,5,,,,,,,,,,,,,1,,,,,,,,,,,,,,,,,,,,,,,,,,,,,,,,,k,0.498,,space,1,blue_gnome,1,7,bright_forest,red_basket,red_gnome,1,5,dark_forest,yellow_basket,25,0,0,1,red_gnome,dark_forest,yellow_basket,1336,0,0,12,1,97,4,1,0.389,,,,,,,,,,,,,,,,,,,,,,,,,,,,,,,,,,,,,,,,,,,,,,,,,,,,,,,,,,,,,,,,,,,,,,,,,,,,,
,,,,,,,,,,,,,,,,,,,,,,,,,,,,,,,,,,,,,,,,,,,,,,,,,,,,,,,,,,,,,,,,,403541,001,2024-06-18_18h48.04.055,experiment,2023.2.3,Win32,39.68253968,632b3639f61612815d100608,667188dfe6b7144a6371082a,6671c68194f20adf93f7234e,,,,,,,,,,,,,,,,,,,,,,,,,,,,,,,,,,,,,,,,1,,,,,,,,,,,,,2,,,,,,,,,,,,,,,,,,,,,,,,,,,,,,,,,s,0.6267,,space,2,green_gnome,2,5,dark_forest,yellow_basket,orange_gnome,2,7,bright_forest,red_basket,5,0,0,1,green_gnome,dark_forest,yellow_basket,1341,0,2,12,2,98,1,1,0.5373,,,,,,,,,,,,,,,,,,,,,,,,,,,,,,,,,,,,,,,,,,,,,,,,,,,,,,,,,,,,,,,,,,,,,,,,,,,,,
,,,,,,,,,,,,,,,,,,,,,,,,,,,,,,,,,,,,,,,,,,,,,,,,,,,,,,,,,,,,,,,,,403541,001,2024-06-18_18h48.04.055,experiment,2023.2.3,Win32,39.68253968,632b3639f61612815d100608,667188dfe6b7144a6371082a,6671c68194f20adf93f7234e,,,,,,,,,,,,,,,,,,,,,,,,,,,,,,,,,,,,,,,,1,,,,,,,,,,,,,2,,,,,,,,,,,,,,,,,,,,,,,,,,,,,,,,,k,0.6626,,space,2,orange_gnome,2,7,bright_forest,red_basket,green_gnome,2,7,dark_forest,yellow_basket,7,0,0,1,green_gnome,dark_forest,yellow_basket,1348,0,-2,12,3,99,1,1,0.4222,,,,,,,,,,,,,,,,,,,,,,,,,,,,,,,,,,,,,,,,,,,,,,,,,,,,,,,,,,,,,,,,,,,,,,,,,,,,,
,,,,,,,,,,,,,,,,,,,,,,,,,,,,,,,,,,,,,,,,,,,,,,,,,,,,,,,,,,,,,,,,,403541,001,2024-06-18_18h48.04.055,experiment,2023.2.3,Win32,39.68253968,632b3639f61612815d100608,667188dfe6b7144a6371082a,6671c68194f20adf93f7234e,,,,,,,,,,,,,,,,,,,,,,,,,,,,,,,,,,,,,,,,1,,,,,,,,,,,,,2,,,,,,,,,,,,,,,,,,,,,,,,,,,,,,,,,k,0.6546,,space,2,orange_gnome,2,7,bright_forest,red_basket,green_gnome,2,5,dark_forest,yellow_basket,5,0,0,1,green_gnome,dark_forest,yellow_basket,1353,3,2,12,4,100,1,1,0.3654,,,,,,,,,,,,,,,,,,,,,,,,,,,,,,,,,,,,,,,,,,,,,,,,,,,,,,,,,,,,,,,,,,,,,,,,,,,,,
,,,,,,,,,,,,,,,,,,,,,,,,,,,,,,,,,,,,,,,,,,,,,,,,,,,,,,,,,,,,,,,,,403541,001,2024-06-18_18h48.04.055,experiment,2023.2.3,Win32,39.68253968,632b3639f61612815d100608,667188dfe6b7144a6371082a,6671c68194f20adf93f7234e,,,,,,,,,,,,,,,,,,,,,,,,,,,,,,,,,,,,,,,,5,,,,,,,,,,,,,1,,,,,,,,,,,,,,,,,,,,,,,,,,,,,,,,,k,0.7647,,space,1,blue_gnome,1,8,bright_forest,red_basket,red_gnome,1,7,dark_forest,yellow_basket,35,0,0,1,red_gnome,dark_forest,yellow_basket,1388,3,2,12,5,101,4,1,0.4062,,,,,,,,,,,,,,,,,,,,,,,,,,,,,,,,,,,,,,,,,,,,,,,,,,,,,,,,,,,,,,,,,,,,,,,,,,,,,
,,,,,,,,,,,,,,,,,,,,,,,,,,,,,,,,,,,,,,,,,,,,,,,,,,,,,,,,,,,,,,,,,403541,001,2024-06-18_18h48.04.055,experiment,2023.2.3,Win32,39.68253968,632b3639f61612815d100608,667188dfe6b7144a6371082a,6671c68194f20adf93f7234e,,,,,,,,,,,,,,,,,,,,,,,,,,,,,,,,,,,,,,,,1,,,,,,,,,,,,,2,,,,,,,,,,,,,,,,,,,,,,,,,,,,,,,,,s,0.7068,,space,2,green_gnome,2,9,dark_forest,yellow_basket,orange_gnome,2,7,bright_forest,red_basket,9,0,0,1,green_gnome,dark_forest,yellow_basket,1397,1,1,12,6,102,1,1,0.3941,,,,,,,,,,,,,,,,,,,,,,,,,,,,,,,,,,,,,,,,,,,,,,,,,,,,,,,,,,,,,,,,,,,,,,,,,,,,,
,,,,,,,,,,,,,,,,,,,,,,,,,,,,,,,,,,,,,,,,,,,,,,,,,,,,,,,,,,,,,,,,,403541,001,2024-06-18_18h48.04.055,experiment,2023.2.3,Win32,39.68253968,632b3639f61612815d100608,667188dfe6b7144a6371082a,6671c68194f20adf93f7234e,,,,,,,,,,,,,,,,,,,,,,,,,,,,,,,,,,,,,,,,5,,,,,,,,,,,,,1,,,,,,,,,,,,,,,,,,,,,,,,,,,,,,,,,k,0.5149,,space,1,red_gnome,1,8,dark_forest,yellow_basket,blue_gnome,1,8,bright_forest,red_basket,40,0,0,1,blue_gnome,bright_forest,red_basket,1437,-2,0,12,7,103,4,1,0.588,,,,,,,,,,,,,,,,,,,,,,,,,,,,,,,,,,,,,,,,,,,,,,,,,,,,,,,,,,,,,,,,,,,,,,,,,,,,,
,,,,,,,,,,,,,,,,,,,,,,,,,,,,,,,,,,,,,,,,,,,,,,,,,,,,,,,,,,,,,,,,,403541,001,2024-06-18_18h48.04.055,experiment,2023.2.3,Win32,39.68253968,632b3639f61612815d100608,667188dfe6b7144a6371082a,6671c68194f20adf93f7234e,,,,,,,,,,,,,,,,,,,,,,,,,,,,,,,,,,,,,,,,5,,,,,,,,,,,,,4,,,,,,,,,,,,,,,,,,,,,,,,,,,,,,,,,k,0.5634,,space,4,yellow_gnome,4,8,dark_forest,yellow_basket,pink_gnome,4,6,bright_forest,red_basket,30,0,0,1,pink_gnome,bright_forest,red_basket,1467,-1,1,13,0,104,7,1,0.7632,,,,,,,,,,,,,,,,,,,,,,,,,,,,,,,,,,,,,,,,,,,,,,,,,,,,,,,,,,,,,,,,,,,,,,,,,,,,,
,,,,,,,,,,,,,,,,,,,,,,,,,,,,,,,,,,,,,,,,,,,,,,,,,,,,,,,,,,,,,,,,,403541,001,2024-06-18_18h48.04.055,experiment,2023.2.3,Win32,39.68253968,632b3639f61612815d100608,667188dfe6b7144a6371082a,6671c68194f20adf93f7234e,,,,,,,,,,,,,,,,,,,,,,,,,,,,,,,,,,,,,,,,1,,,,,,,,,,,,,4,,,,,,,,,,,,,,,,,,,,,,,,,,,,,,,,,k,0.5384,,space,4,yellow_gnome,4,9,dark_forest,yellow_basket,pink_gnome,4,5,bright_forest,red_basket,5,0,0,1,pink_gnome,bright_forest,red_basket,1472,2,0,13,1,105,3,1,0.1593,,,,,,,,,,,,,,,,,,,,,,,,,,,,,,,,,,,,,,,,,,,,,,,,,,,,,,,,,,,,,,,,,,,,,,,,,,,,,
,,,,,,,,,,,,,,,,,,,,,,,,,,,,,,,,,,,,,,,,,,,,,,,,,,,,,,,,,,,,,,,,,403541,001,2024-06-18_18h48.04.055,experiment,2023.2.3,Win32,39.68253968,632b3639f61612815d100608,667188dfe6b7144a6371082a,6671c68194f20adf93f7234e,,,,,,,,,,,,,,,,,,,,,,,,,,,,,,,,,,,,,,,,5,,,,,,,,,,,,,1,,,,,,,,,,,,,,,,,,,,,,,,,,,,,,,,,k,0.8466,,space,1,red_gnome,1,9,dark_forest,yellow_basket,blue_gnome,1,7,bright_forest,red_basket,35,0,0,1,blue_gnome,bright_forest,red_basket,1507,1,0,13,2,106,4,1,0.4342,,,,,,,,,,,,,,,,,,,,,,,,,,,,,,,,,,,,,,,,,,,,,,,,,,,,,,,,,,,,,,,,,,,,,,,,,,,,,
,,,,,,,,,,,,,,,,,,,,,,,,,,,,,,,,,,,,,,,,,,,,,,,,,,,,,,,,,,,,,,,,,403541,001,2024-06-18_18h48.04.055,experiment,2023.2.3,Win32,39.68253968,632b3639f61612815d100608,667188dfe6b7144a6371082a,6671c68194f20adf93f7234e,,,,,,,,,,,,,,,,,,,,,,,,,,,,,,,,,,,,,,,,1,,,,,,,,,,,,,2,,,,,,,,,,,,,,,,,,,,,,,,,,,,,,,,,s,0.82,,space,2,green_gnome,2,9,dark_forest,yellow_basket,orange_gnome,2,8,bright_forest,red_basket,9,0,0,1,green_gnome,dark_forest,yellow_basket,1516,-1,1,13,3,107,1,1,0.3883,,,,,,,,,,,,,,,,,,,,,,,,,,,,,,,,,,,,,,,,,,,,,,,,,,,,,,,,,,,,,,,,,,,,,,,,,,,,,
,,,,,,,,,,,,,,,,,,,,,,,,,,,,,,,,,,,,,,,,,,,,,,,,,,,,,,,,,,,,,,,,,403541,001,2024-06-18_18h48.04.055,experiment,2023.2.3,Win32,39.68253968,632b3639f61612815d100608,667188dfe6b7144a6371082a,6671c68194f20adf93f7234e,,,,,,,,,,,,,,,,,,,,,,,,,,,,,,,,,,,,,,,,5,,,,,,,,,,,,,2,,,,,,,,,,,,,,,,,,,,,,,,,,,,,,,,,k,0.8639,,space,2,orange_gnome,2,7,bright_forest,red_basket,green_gnome,2,8,dark_forest,yellow_basket,40,0,0,1,green_gnome,dark_forest,yellow_basket,1556,0,-2,13,4,108,5,1,0.3353,,,,,,,,,,,,,,,,,,,,,,,,,,,,,,,,,,,,,,,,,,,,,,,,,,,,,,,,,,,,,,,,,,,,,,,,,,,,,
,,,,,,,,,,,,,,,,,,,,,,,,,,,,,,,,,,,,,,,,,,,,,,,,,,,,,,,,,,,,,,,,,403541,001,2024-06-18_18h48.04.055,experiment,2023.2.3,Win32,39.68253968,632b3639f61612815d100608,667188dfe6b7144a6371082a,6671c68194f20adf93f7234e,,,,,,,,,,,,,,,,,,,,,,,,,,,,,,,,,,,,,,,,1,,,,,,,,,,,,,3,,,,,,,,,,,,,,,,,,,,,,,,,,,,,,,,,k,0.7683,,space,3,purple_gnome,3,6,dark_forest,yellow_basket,brown_gnome,3,7,bright_forest,red_basket,7,0,0,1,brown_gnome,bright_forest,red_basket,1563,1,3,13,5,109,2,1,0.4111,,,,,,,,,,,,,,,,,,,,,,,,,,,,,,,,,,,,,,,,,,,,,,,,,,,,,,,,,,,,,,,,,,,,,,,,,,,,,
,,,,,,,,,,,,,,,,,,,,,,,,,,,,,,,,,,,,,,,,,,,,,,,,,,,,,,,,,,,,,,,,,403541,001,2024-06-18_18h48.04.055,experiment,2023.2.3,Win32,39.68253968,632b3639f61612815d100608,667188dfe6b7144a6371082a,6671c68194f20adf93f7234e,,,,,,,,,,,,,,,,,,,,,,,,,,,,,,,,,,,,,,,,5,,,,,,,,,,,,,2,,,,,,,,,,,,,,,,,,,,,,,,,,,,,,,,,s,0.6107,,space,2,green_gnome,2,9,dark_forest,yellow_basket,orange_gnome,2,8,bright_forest,red_basket,45,0,0,1,green_gnome,dark_forest,yellow_basket,1608,-3,1,13,6,110,5,1,0.2167,,,,,,,,,,,,,,,,,,,,,,,,,,,,,,,,,,,,,,,,,,,,,,,,,,,,,,,,,,,,,,,,,,,,,,,,,,,,,
,,,,,,,,,,,,,,,,,,,,,,,,,,,,,,,,,,,,,,,,,,,,,,,,,,,,,,,,,,,,,,,,,403541,001,2024-06-18_18h48.04.055,experiment,2023.2.3,Win32,39.68253968,632b3639f61612815d100608,667188dfe6b7144a6371082a,6671c68194f20adf93f7234e,,,,,,,,,,,,,,,,,,,,,,,,,,,,,,,,,,,,,,,,1,,,,,,,,,,,,,3,,,,,,,,,,,,,,,,,,,,,,,,,,,,,,,,,s,0.6589,,space,3,purple_gnome,3,8,dark_forest,yellow_basket,brown_gnome,3,5,bright_forest,red_basket,8,0,0,1,purple_gnome,dark_forest,yellow_basket,1616,4,-3,13,7,111,2,1,0.4458,,,,,,,,,,,,,,,,,,,,,,,,,,,,,,,,,,,,,,,,,,,,,,,,,,,,,,,,,,,,,,,,,,,,,,,,,,,,,
,,,,,,,,,,,,,,,,,,,,,,,,,,,,,,,,,,,,,,,,,,,,,,,,,,,,,,,,,,,,,,,,,403541,001,2024-06-18_18h48.04.055,experiment,2023.2.3,Win32,39.68253968,632b3639f61612815d100608,667188dfe6b7144a6371082a,6671c68194f20adf93f7234e,,,,,,,,,,,,,,,,,,,,,,,,,,,,,,,,,,,,,,,,1,,,,,,,,,,,,,3,,,,,,,,,,,,,,,,,,,,,,,,,,,,,,,,,s,0.7168,,space,3,purple_gnome,3,5,dark_forest,yellow_basket,brown_gnome,3,9,bright_forest,red_basket,5,0,0,1,purple_gnome,dark_forest,yellow_basket,1621,-2,0,14,0,112,2,1,0.4097,,,,,,,,,,,,,,,,,,,,,,,,,,,,,,,,,,,,,,,,,,,,,,,,,,,,,,,,,,,,,,,,,,,,,,,,,,,,,
,,,,,,,,,,,,,,,,,,,,,,,,,,,,,,,,,,,,,,,,,,,,,,,,,,,,,,,,,,,,,,,,,403541,001,2024-06-18_18h48.04.055,experiment,2023.2.3,Win32,39.68253968,632b3639f61612815d100608,667188dfe6b7144a6371082a,6671c68194f20adf93f7234e,,,,,,,,,,,,,,,,,,,,,,,,,,,,,,,,,,,,,,,,5,,,,,,,,,,,,,4,,,,,,,,,,,,,,,,,,,,,,,,,,,,,,,,,s,0.8621,,space,4,pink_gnome,4,7,bright_forest,red_basket,yellow_gnome,4,5,dark_forest,yellow_basket,35,0,0,1,pink_gnome,bright_forest,red_basket,1656,-3,-4,14,1,113,7,1,0.663,,,,,,,,,,,,,,,,,,,,,,,,,,,,,,,,,,,,,,,,,,,,,,,,,,,,,,,,,,,,,,,,,,,,,,,,,,,,,
,,,,,,,,,,,,,,,,,,,,,,,,,,,,,,,,,,,,,,,,,,,,,,,,,,,,,,,,,,,,,,,,,403541,001,2024-06-18_18h48.04.055,experiment,2023.2.3,Win32,39.68253968,632b3639f61612815d100608,667188dfe6b7144a6371082a,6671c68194f20adf93f7234e,,,,,,,,,,,,,,,,,,,,,,,,,,,,,,,,,,,,,,,,5,,,,,,,,,,,,,1,,,,,,,,,,,,,,,,,,,,,,,,,,,,,,,,,k,0.8662,,space,1,red_gnome,1,1,dark_forest,yellow_basket,blue_gnome,1,4,bright_forest,red_basket,20,0,0,1,blue_gnome,bright_forest,red_basket,1676,2,3,14,2,114,4,1,0.4195,,,,,,,,,,,,,,,,,,,,,,,,,,,,,,,,,,,,,,,,,,,,,,,,,,,,,,,,,,,,,,,,,,,,,,,,,,,,,
,,,,,,,,,,,,,,,,,,,,,,,,,,,,,,,,,,,,,,,,,,,,,,,,,,,,,,,,,,,,,,,,,403541,001,2024-06-18_18h48.04.055,experiment,2023.2.3,Win32,39.68253968,632b3639f61612815d100608,667188dfe6b7144a6371082a,6671c68194f20adf93f7234e,,,,,,,,,,,,,,,,,,,,,,,,,,,,,,,,,,,,,,,,5,,,,,,,,,,,,,3,,,,,,,,,,,,,,,,,,,,,,,,,,,,,,,,,s,0.7116,,space,3,purple_gnome,3,4,dark_forest,yellow_basket,brown_gnome,3,6,bright_forest,red_basket,20,0,0,1,purple_gnome,dark_forest,yellow_basket,1696,1,0,14,3,115,6,1,0.4379,,,,,,,,,,,,,,,,,,,,,,,,,,,,,,,,,,,,,,,,,,,,,,,,,,,,,,,,,,,,,,,,,,,,,,,,,,,,,
,,,,,,,,,,,,,,,,,,,,,,,,,,,,,,,,,,,,,,,,,,,,,,,,,,,,,,,,,,,,,,,,,403541,001,2024-06-18_18h48.04.055,experiment,2023.2.3,Win32,39.68253968,632b3639f61612815d100608,667188dfe6b7144a6371082a,6671c68194f20adf93f7234e,,,,,,,,,,,,,,,,,,,,,,,,,,,,,,,,,,,,,,,,1,,,,,,,,,,,,,4,,,,,,,,,,,,,,,,,,,,,,,,,,,,,,,,,k,0.6645,,space,4,pink_gnome,4,7,bright_forest,red_basket,yellow_gnome,4,4,dark_forest,yellow_basket,4,0,0,1,yellow_gnome,dark_forest,yellow_basket,1700,-2,4,14,4,116,3,1,0.4116,,,,,,,,,,,,,,,,,,,,,,,,,,,,,,,,,,,,,,,,,,,,,,,,,,,,,,,,,,,,,,,,,,,,,,,,,,,,,
,,,,,,,,,,,,,,,,,,,,,,,,,,,,,,,,,,,,,,,,,,,,,,,,,,,,,,,,,,,,,,,,,403541,001,2024-06-18_18h48.04.055,experiment,2023.2.3,Win32,39.68253968,632b3639f61612815d100608,667188dfe6b7144a6371082a,6671c68194f20adf93f7234e,,,,,,,,,,,,,,,,,,,,,,,,,,,,,,,,,,,,,,,,1,,,,,,,,,,,,,4,,,,,,,,,,,,,,,,,,,,,,,,,,,,,,,,,s,0.6896,,space,4,pink_gnome,4,5,bright_forest,red_basket,yellow_gnome,4,8,dark_forest,yellow_basket,5,0,0,1,pink_gnome,bright_forest,red_basket,1705,-2,2,14,5,117,3,1,0.4112,,,,,,,,,,,,,,,,,,,,,,,,,,,,,,,,,,,,,,,,,,,,,,,,,,,,,,,,,,,,,,,,,,,,,,,,,,,,,
,,,,,,,,,,,,,,,,,,,,,,,,,,,,,,,,,,,,,,,,,,,,,,,,,,,,,,,,,,,,,,,,,403541,001,2024-06-18_18h48.04.055,experiment,2023.2.3,Win32,39.68253968,632b3639f61612815d100608,667188dfe6b7144a6371082a,6671c68194f20adf93f7234e,,,,,,,,,,,,,,,,,,,,,,,,,,,,,,,,,,,,,,,,1,,,,,,,,,,,,,3,,,,,,,,,,,,,,,,,,,,,,,,,,,,,,,,,k,0.7387,,space,3,purple_gnome,3,8,dark_forest,yellow_basket,brown_gnome,3,3,bright_forest,red_basket,3,0,0,1,brown_gnome,bright_forest,red_basket,1708,-3,-1,14,6,118,2,1,0.3374,,,,,,,,,,,,,,,,,,,,,,,,,,,,,,,,,,,,,,,,,,,,,,,,,,,,,,,,,,,,,,,,,,,,,,,,,,,,,
,,,,,,,,,,,,,,,,,,,,,,,,,,,,,,,,,,,,,,,,,,,,,,,,,,,,,,,,,,,,,,,,,403541,001,2024-06-18_18h48.04.055,experiment,2023.2.3,Win32,39.68253968,632b3639f61612815d100608,667188dfe6b7144a6371082a,6671c68194f20adf93f7234e,,,,,,,,,,,,,,,,,,,,,,,,,,,,,,,,,,,,,,,,1,,,,,,,,,,,,,4,,,,,,,,,,,,,,,,,,,,,,,,,,,,,,,,,s,0.5913,,space,4,yellow_gnome,4,7,dark_forest,yellow_basket,pink_gnome,4,0,bright_forest,red_basket,7,0,0,1,yellow_gnome,dark_forest,yellow_basket,1715,-3,0,14,7,119,3,1,0.3571,,,,,,,,,,,,,,,,,,,,,,,,,,,,,,,,,,,,,,,,,,,,,,,,,,,,,,,,,,,,,,,,,,,,,,,,,,,,,
,,,,,,,,,,,,,,,,,,,,,,,,,,,,,,,,,,,,,,,,,,,,,,,,,,,,,,,,,,,,,,,,,403541,001,2024-06-18_18h48.04.055,experiment,2023.2.3,Win32,39.68253968,632b3639f61612815d100608,667188dfe6b7144a6371082a,6671c68194f20adf93f7234e,,,,,,,,,,,,,,,,,,,,,,,,,,,,,,,,,,,,,,,,5,,,,,,,,,,,,,4,,,,,,,,,,,,,,,,,,,,,,,,,,,,,,,,,k,0.8882,,space,4,yellow_gnome,4,7,dark_forest,yellow_basket,pink_gnome,4,3,bright_forest,red_basket,15,0,0,1,pink_gnome,bright_forest,red_basket,1730,-1,-1,15,0,120,7,1,0.371,,,,,,,,,,,,,,,,,,,,,,,,,,,,,,,,,,,,,,,,,,,,,,,,,,,,,,,,,,,,,,,,,,,,,,,,,,,,,
,,,,,,,,,,,,,,,,,,,,,,,,,,,,,,,,,,,,,,,,,,,,,,,,,,,,,,,,,,,,,,,,,403541,001,2024-06-18_18h48.04.055,experiment,2023.2.3,Win32,39.68253968,632b3639f61612815d100608,667188dfe6b7144a6371082a,6671c68194f20adf93f7234e,,,,,,,,,,,,,,,,,,,,,,,,,,,,,,,,,,,,,,,,1,,,,,,,,,,,,,1,,,,,,,,,,,,,,,,,,,,,,,,,,,,,,,,,k,0.7215,,space,1,red_gnome,1,6,dark_forest,yellow_basket,blue_gnome,1,2,bright_forest,red_basket,2,0,0,1,blue_gnome,bright_forest,red_basket,1732,-2,1,15,1,121,0,1,0.5621,,,,,,,,,,,,,,,,,,,,,,,,,,,,,,,,,,,,,,,,,,,,,,,,,,,,,,,,,,,,,,,,,,,,,,,,,,,,,
,,,,,,,,,,,,,,,,,,,,,,,,,,,,,,,,,,,,,,,,,,,,,,,,,,,,,,,,,,,,,,,,,403541,001,2024-06-18_18h48.04.055,experiment,2023.2.3,Win32,39.68253968,632b3639f61612815d100608,667188dfe6b7144a6371082a,6671c68194f20adf93f7234e,,,,,,,,,,,,,,,,,,,,,,,,,,,,,,,,,,,,,,,,1,,,,,,,,,,,,,2,,,,,,,,,,,,,,,,,,,,,,,,,,,,,,,,,k,0.7988,,space,2,orange_gnome,2,0,bright_forest,red_basket,green_gnome,2,7,dark_forest,yellow_basket,7,0,0,1,green_gnome,dark_forest,yellow_basket,1739,-3,4,15,2,122,1,1,0.3608,,,,,,,,,,,,,,,,,,,,,,,,,,,,,,,,,,,,,,,,,,,,,,,,,,,,,,,,,,,,,,,,,,,,,,,,,,,,,
,,,,,,,,,,,,,,,,,,,,,,,,,,,,,,,,,,,,,,,,,,,,,,,,,,,,,,,,,,,,,,,,,403541,001,2024-06-18_18h48.04.055,experiment,2023.2.3,Win32,39.68253968,632b3639f61612815d100608,667188dfe6b7144a6371082a,6671c68194f20adf93f7234e,,,,,,,,,,,,,,,,,,,,,,,,,,,,,,,,,,,,,,,,1,,,,,,,,,,,,,1,,,,,,,,,,,,,,,,,,,,,,,,,,,,,,,,,s,0.5792,,space,1,blue_gnome,1,3,bright_forest,red_basket,red_gnome,1,7,dark_forest,yellow_basket,3,0,0,1,blue_gnome,bright_forest,red_basket,1742,0,-1,15,3,123,0,1,0.4438,,,,,,,,,,,,,,,,,,,,,,,,,,,,,,,,,,,,,,,,,,,,,,,,,,,,,,,,,,,,,,,,,,,,,,,,,,,,,
,,,,,,,,,,,,,,,,,,,,,,,,,,,,,,,,,,,,,,,,,,,,,,,,,,,,,,,,,,,,,,,,,403541,001,2024-06-18_18h48.04.055,experiment,2023.2.3,Win32,39.68253968,632b3639f61612815d100608,667188dfe6b7144a6371082a,6671c68194f20adf93f7234e,,,,,,,,,,,,,,,,,,,,,,,,,,,,,,,,,,,,,,,,1,,,,,,,,,,,,,4,,,,,,,,,,,,,,,,,,,,,,,,,,,,,,,,,k,0.8619,,space,4,pink_gnome,4,3,bright_forest,red_basket,yellow_gnome,4,6,dark_forest,yellow_basket,6,0,0,1,yellow_gnome,dark_forest,yellow_basket,1748,-3,0,15,4,124,3,1,0.4105,,,,,,,,,,,,,,,,,,,,,,,,,,,,,,,,,,,,,,,,,,,,,,,,,,,,,,,,,,,,,,,,,,,,,,,,,,,,,
,,,,,,,,,,,,,,,,,,,,,,,,,,,,,,,,,,,,,,,,,,,,,,,,,,,,,,,,,,,,,,,,,403541,001,2024-06-18_18h48.04.055,experiment,2023.2.3,Win32,39.68253968,632b3639f61612815d100608,667188dfe6b7144a6371082a,6671c68194f20adf93f7234e,,,,,,,,,,,,,,,,,,,,,,,,,,,,,,,,,,,,,,,,1,,,,,,,,,,,,,1,,,,,,,,,,,,,,,,,,,,,,,,,,,,,,,,,k,0.7621,,space,1,red_gnome,1,6,dark_forest,yellow_basket,blue_gnome,1,0,bright_forest,red_basket,0,0,0,1,blue_gnome,bright_forest,red_basket,1748,0,1,15,5,125,0,1,0.4648,,,,,,,,,,,,,,,,,,,,,,,,,,,,,,,,,,,,,,,,,,,,,,,,,,,,,,,,,,,,,,,,,,,,,,,,,,,,,
,,,,,,,,,,,,,,,,,,,,,,,,,,,,,,,,,,,,,,,,,,,,,,,,,,,,,,,,,,,,,,,,,403541,001,2024-06-18_18h48.04.055,experiment,2023.2.3,Win32,39.68253968,632b3639f61612815d100608,667188dfe6b7144a6371082a,6671c68194f20adf93f7234e,,,,,,,,,,,,,,,,,,,,,,,,,,,,,,,,,,,,,,,,1,,,,,,,,,,,,,1,,,,,,,,,,,,,,,,,,,,,,,,,,,,,,,,,k,0.6915,,space,1,red_gnome,1,7,dark_forest,yellow_basket,blue_gnome,1,0,bright_forest,red_basket,0,0,0,1,blue_gnome,bright_forest,red_basket,1748,4,-2,15,6,126,0,1,0.4154,,,,,,,,,,,,,,,,,,,,,,,,,,,,,,,,,,,,,,,,,,,,,,,,,,,,,,,,,,,,,,,,,,,,,,,,,,,,,
,,,,,,,,,,,,,,,,,,,,,,,,,,,,,,,,,,,,,,,,,,,,,,,,,,,,,,,,,,,,,,,,,403541,001,2024-06-18_18h48.04.055,experiment,2023.2.3,Win32,39.68253968,632b3639f61612815d100608,667188dfe6b7144a6371082a,6671c68194f20adf93f7234e,,,,,,,,,,,,,,,,,,,,,,,,,,,,,,,,,,,,,,,,5,,,,,,,,,,,,,2,,,,,,,,,,,,,,,,,,,,,,,,,,,,,,,,,s,0.7743,,space,2,green_gnome,2,5,dark_forest,yellow_basket,orange_gnome,2,4,bright_forest,red_basket,25,0,0,1,green_gnome,dark_forest,yellow_basket,1773,-4,-2,15,7,127,5,1,0.6362,,space,19.1028,,,,,,,,,,,,,,,,,,,,,,,,,,,,,,,,,,,,,,,,,,,,,,,,,,,,,,,,,,,,,,,,,,,,,,,,,,
,,,,,,,,,,,,,,,,,,,,,,,,,,,,,,,,,,,,,,,,,,,,,,,,,,,,,,,,,,,,,,,,,403541,001,2024-06-18_18h48.04.055,experiment,2023.2.3,Win32,39.68253968,632b3639f61612815d100608,667188dfe6b7144a6371082a,6671c68194f20adf93f7234e,,,,,,,,,,,,,,,,,,,,,,,,,,,,,,,,,,,,,,,,5,,,,,,,,,,,,,1,,,,,,,,,,,,,,,,,,,,,,,,,,,,,,,,,s,0.629,,space,1,blue_gnome,1,0,bright_forest,red_basket,red_gnome,1,3,dark_forest,yellow_basket,0,0,0,1,blue_gnome,bright_forest,red_basket,1773,-1,-1,16,0,128,4,1,0.627,,,,,,,,,,,,,,,,,,,,,,,,,,,,,,,,,,,,,,,,,,,,,,,,,,,,,,,,,,,,,,,,,,,,,,,,,,,,,
,,,,,,,,,,,,,,,,,,,,,,,,,,,,,,,,,,,,,,,,,,,,,,,,,,,,,,,,,,,,,,,,,403541,001,2024-06-18_18h48.04.055,experiment,2023.2.3,Win32,39.68253968,632b3639f61612815d100608,667188dfe6b7144a6371082a,6671c68194f20adf93f7234e,,,,,,,,,,,,,,,,,,,,,,,,,,,,,,,,,,,,,,,,1,,,,,,,,,,,,,4,,,,,,,,,,,,,,,,,,,,,,,,,,,,,,,,,k,0.7481,,space,4,pink_gnome,4,1,bright_forest,red_basket,yellow_gnome,4,2,dark_forest,yellow_basket,2,0,0,1,yellow_gnome,dark_forest,yellow_basket,1775,2,3,16,1,129,3,1,0.4612,,,,,,,,,,,,,,,,,,,,,,,,,,,,,,,,,,,,,,,,,,,,,,,,,,,,,,,,,,,,,,,,,,,,,,,,,,,,,
,,,,,,,,,,,,,,,,,,,,,,,,,,,,,,,,,,,,,,,,,,,,,,,,,,,,,,,,,,,,,,,,,403541,001,2024-06-18_18h48.04.055,experiment,2023.2.3,Win32,39.68253968,632b3639f61612815d100608,667188dfe6b7144a6371082a,6671c68194f20adf93f7234e,,,,,,,,,,,,,,,,,,,,,,,,,,,,,,,,,,,,,,,,5,,,,,,,,,,,,,4,,,,,,,,,,,,,,,,,,,,,,,,,,,,,,,,,s,0.6367,,space,4,yellow_gnome,4,5,dark_forest,yellow_basket,pink_gnome,4,3,bright_forest,red_basket,25,0,0,1,yellow_gnome,dark_forest,yellow_basket,1800,3,1,16,2,130,7,1,0.3124,,,,,,,,,,,,,,,,,,,,,,,,,,,,,,,,,,,,,,,,,,,,,,,,,,,,,,,,,,,,,,,,,,,,,,,,,,,,,
,,,,,,,,,,,,,,,,,,,,,,,,,,,,,,,,,,,,,,,,,,,,,,,,,,,,,,,,,,,,,,,,,403541,001,2024-06-18_18h48.04.055,experiment,2023.2.3,Win32,39.68253968,632b3639f61612815d100608,667188dfe6b7144a6371082a,6671c68194f20adf93f7234e,,,,,,,,,,,,,,,,,,,,,,,,,,,,,,,,,,,,,,,,5,,,,,,,,,,,,,4,,,,,,,,,,,,,,,,,,,,,,,,,,,,,,,,,s,0.6639,,space,4,yellow_gnome,4,6,dark_forest,yellow_basket,pink_gnome,4,6,bright_forest,red_basket,30,0,0,1,yellow_gnome,dark_forest,yellow_basket,1830,1,-1,16,3,131,7,1,0.4224,,,,,,,,,,,,,,,,,,,,,,,,,,,,,,,,,,,,,,,,,,,,,,,,,,,,,,,,,,,,,,,,,,,,,,,,,,,,,
,,,,,,,,,,,,,,,,,,,,,,,,,,,,,,,,,,,,,,,,,,,,,,,,,,,,,,,,,,,,,,,,,403541,001,2024-06-18_18h48.04.055,experiment,2023.2.3,Win32,39.68253968,632b3639f61612815d100608,667188dfe6b7144a6371082a,6671c68194f20adf93f7234e,,,,,,,,,,,,,,,,,,,,,,,,,,,,,,,,,,,,,,,,1,,,,,,,,,,,,,4,,,,,,,,,,,,,,,,,,,,,,,,,,,,,,,,,k,0.7845,,space,4,pink_gnome,4,7,bright_forest,red_basket,yellow_gnome,4,5,dark_forest,yellow_basket,5,0,0,1,yellow_gnome,dark_forest,yellow_basket,1835,2,-1,16,4,132,3,1,0.3491,,,,,,,,,,,,,,,,,,,,,,,,,,,,,,,,,,,,,,,,,,,,,,,,,,,,,,,,,,,,,,,,,,,,,,,,,,,,,
,,,,,,,,,,,,,,,,,,,,,,,,,,,,,,,,,,,,,,,,,,,,,,,,,,,,,,,,,,,,,,,,,403541,001,2024-06-18_18h48.04.055,experiment,2023.2.3,Win32,39.68253968,632b3639f61612815d100608,667188dfe6b7144a6371082a,6671c68194f20adf93f7234e,,,,,,,,,,,,,,,,,,,,,,,,,,,,,,,,,,,,,,,,5,,,,,,,,,,,,,3,,,,,,,,,,,,,,,,,,,,,,,,,,,,,,,,,s,0.5683,,space,3,brown_gnome,3,9,bright_forest,red_basket,purple_gnome,3,4,dark_forest,yellow_basket,45,0,0,1,brown_gnome,bright_forest,red_basket,1880,3,0,16,5,133,6,1,0.3672,,,,,,,,,,,,,,,,,,,,,,,,,,,,,,,,,,,,,,,,,,,,,,,,,,,,,,,,,,,,,,,,,,,,,,,,,,,,,
,,,,,,,,,,,,,,,,,,,,,,,,,,,,,,,,,,,,,,,,,,,,,,,,,,,,,,,,,,,,,,,,,403541,001,2024-06-18_18h48.04.055,experiment,2023.2.3,Win32,39.68253968,632b3639f61612815d100608,667188dfe6b7144a6371082a,6671c68194f20adf93f7234e,,,,,,,,,,,,,,,,,,,,,,,,,,,,,,,,,,,,,,,,1,,,,,,,,,,,,,3,,,,,,,,,,,,,,,,,,,,,,,,,,,,,,,,,k,0.8466,,space,3,purple_gnome,3,4,dark_forest,yellow_basket,brown_gnome,3,6,bright_forest,red_basket,6,0,0,1,brown_gnome,bright_forest,red_basket,1886,4,2,16,6,134,2,1,0.4111,,,,,,,,,,,,,,,,,,,,,,,,,,,,,,,,,,,,,,,,,,,,,,,,,,,,,,,,,,,,,,,,,,,,,,,,,,,,,
,,,,,,,,,,,,,,,,,,,,,,,,,,,,,,,,,,,,,,,,,,,,,,,,,,,,,,,,,,,,,,,,,403541,001,2024-06-18_18h48.04.055,experiment,2023.2.3,Win32,39.68253968,632b3639f61612815d100608,667188dfe6b7144a6371082a,6671c68194f20adf93f7234e,,,,,,,,,,,,,,,,,,,,,,,,,,,,,,,,,,,,,,,,5,,,,,,,,,,,,,2,,,,,,,,,,,,,,,,,,,,,,,,,,,,,,,,,k,0.7615,,space,2,orange_gnome,2,8,bright_forest,red_basket,green_gnome,2,6,dark_forest,yellow_basket,30,0,0,1,green_gnome,dark_forest,yellow_basket,1916,3,1,16,7,135,5,1,0.3398,,,,,,,,,,,,,,,,,,,,,,,,,,,,,,,,,,,,,,,,,,,,,,,,,,,,,,,,,,,,,,,,,,,,,,,,,,,,,
,,,,,,,,,,,,,,,,,,,,,,,,,,,,,,,,,,,,,,,,,,,,,,,,,,,,,,,,,,,,,,,,,403541,001,2024-06-18_18h48.04.055,experiment,2023.2.3,Win32,39.68253968,632b3639f61612815d100608,667188dfe6b7144a6371082a,6671c68194f20adf93f7234e,,,,,,,,,,,,,,,,,,,,,,,,,,,,,,,,,,,,,,,,5,,,,,,,,,,,,,3,,,,,,,,,,,,,,,,,,,,,,,,,,,,,,,,,k,0.826,,space,3,brown_gnome,3,7,bright_forest,red_basket,purple_gnome,3,7,dark_forest,yellow_basket,35,0,0,1,purple_gnome,dark_forest,yellow_basket,1951,-3,0,17,0,136,6,1,0.3329,,,,,,,,,,,,,,,,,,,,,,,,,,,,,,,,,,,,,,,,,,,,,,,,,,,,,,,,,,,,,,,,,,,,,,,,,,,,,
,,,,,,,,,,,,,,,,,,,,,,,,,,,,,,,,,,,,,,,,,,,,,,,,,,,,,,,,,,,,,,,,,403541,001,2024-06-18_18h48.04.055,experiment,2023.2.3,Win32,39.68253968,632b3639f61612815d100608,667188dfe6b7144a6371082a,6671c68194f20adf93f7234e,,,,,,,,,,,,,,,,,,,,,,,,,,,,,,,,,,,,,,,,5,,,,,,,,,,,,,4,,,,,,,,,,,,,,,,,,,,,,,,,,,,,,,,,k,0.7,,space,4,pink_gnome,4,4,bright_forest,red_basket,yellow_gnome,4,7,dark_forest,yellow_basket,35,0,0,1,yellow_gnome,dark_forest,yellow_basket,1986,0,5,17,1,137,7,1,0.3356,,,,,,,,,,,,,,,,,,,,,,,,,,,,,,,,,,,,,,,,,,,,,,,,,,,,,,,,,,,,,,,,,,,,,,,,,,,,,
,,,,,,,,,,,,,,,,,,,,,,,,,,,,,,,,,,,,,,,,,,,,,,,,,,,,,,,,,,,,,,,,,403541,001,2024-06-18_18h48.04.055,experiment,2023.2.3,Win32,39.68253968,632b3639f61612815d100608,667188dfe6b7144a6371082a,6671c68194f20adf93f7234e,,,,,,,,,,,,,,,,,,,,,,,,,,,,,,,,,,,,,,,,5,,,,,,,,,,,,,3,,,,,,,,,,,,,,,,,,,,,,,,,,,,,,,,,s,0.6937,,space,3,purple_gnome,3,6,dark_forest,yellow_basket,brown_gnome,3,4,bright_forest,red_basket,30,0,0,1,purple_gnome,dark_forest,yellow_basket,2016,0,0,17,2,138,6,1,0.3175,,,,,,,,,,,,,,,,,,,,,,,,,,,,,,,,,,,,,,,,,,,,,,,,,,,,,,,,,,,,,,,,,,,,,,,,,,,,,
,,,,,,,,,,,,,,,,,,,,,,,,,,,,,,,,,,,,,,,,,,,,,,,,,,,,,,,,,,,,,,,,,403541,001,2024-06-18_18h48.04.055,experiment,2023.2.3,Win32,39.68253968,632b3639f61612815d100608,667188dfe6b7144a6371082a,6671c68194f20adf93f7234e,,,,,,,,,,,,,,,,,,,,,,,,,,,,,,,,,,,,,,,,5,,,,,,,,,,,,,4,,,,,,,,,,,,,,,,,,,,,,,,,,,,,,,,,s,0.7997,,space,4,pink_gnome,4,4,bright_forest,red_basket,yellow_gnome,4,6,dark_forest,yellow_basket,20,0,0,1,pink_gnome,bright_forest,red_basket,2036,2,-1,17,3,139,7,1,0.2112,,,,,,,,,,,,,,,,,,,,,,,,,,,,,,,,,,,,,,,,,,,,,,,,,,,,,,,,,,,,,,,,,,,,,,,,,,,,,
,,,,,,,,,,,,,,,,,,,,,,,,,,,,,,,,,,,,,,,,,,,,,,,,,,,,,,,,,,,,,,,,,403541,001,2024-06-18_18h48.04.055,experiment,2023.2.3,Win32,39.68253968,632b3639f61612815d100608,667188dfe6b7144a6371082a,6671c68194f20adf93f7234e,,,,,,,,,,,,,,,,,,,,,,,,,,,,,,,,,,,,,,,,1,,,,,,,,,,,,,2,,,,,,,,,,,,,,,,,,,,,,,,,,,,,,,,,s,0.9209,,space,2,green_gnome,2,5,dark_forest,yellow_basket,orange_gnome,2,6,bright_forest,red_basket,5,0,0,1,green_gnome,dark_forest,yellow_basket,2041,0,0,17,4,140,1,1,0.3602,,,,,,,,,,,,,,,,,,,,,,,,,,,,,,,,,,,,,,,,,,,,,,,,,,,,,,,,,,,,,,,,,,,,,,,,,,,,,
,,,,,,,,,,,,,,,,,,,,,,,,,,,,,,,,,,,,,,,,,,,,,,,,,,,,,,,,,,,,,,,,,403541,001,2024-06-18_18h48.04.055,experiment,2023.2.3,Win32,39.68253968,632b3639f61612815d100608,667188dfe6b7144a6371082a,6671c68194f20adf93f7234e,,,,,,,,,,,,,,,,,,,,,,,,,,,,,,,,,,,,,,,,1,,,,,,,,,,,,,1,,,,,,,,,,,,,,,,,,,,,,,,,,,,,,,,,s,0.7225,,space,1,red_gnome,1,5,dark_forest,yellow_basket,blue_gnome,1,6,bright_forest,red_basket,5,0,0,1,red_gnome,dark_forest,yellow_basket,2046,1,4,17,5,141,0,1,0.3359,,,,,,,,,,,,,,,,,,,,,,,,,,,,,,,,,,,,,,,,,,,,,,,,,,,,,,,,,,,,,,,,,,,,,,,,,,,,,
,,,,,,,,,,,,,,,,,,,,,,,,,,,,,,,,,,,,,,,,,,,,,,,,,,,,,,,,,,,,,,,,,403541,001,2024-06-18_18h48.04.055,experiment,2023.2.3,Win32,39.68253968,632b3639f61612815d100608,667188dfe6b7144a6371082a,6671c68194f20adf93f7234e,,,,,,,,,,,,,,,,,,,,,,,,,,,,,,,,,,,,,,,,5,,,,,,,,,,,,,4,,,,,,,,,,,,,,,,,,,,,,,,,,,,,,,,,s,0.7123,,space,4,yellow_gnome,4,9,dark_forest,yellow_basket,pink_gnome,4,7,bright_forest,red_basket,45,0,0,1,yellow_gnome,dark_forest,yellow_basket,2091,-5,2,17,6,142,7,1,0.3418,,,,,,,,,,,,,,,,,,,,,,,,,,,,,,,,,,,,,,,,,,,,,,,,,,,,,,,,,,,,,,,,,,,,,,,,,,,,,
,,,,,,,,,,,,,,,,,,,,,,,,,,,,,,,,,,,,,,,,,,,,,,,,,,,,,,,,,,,,,,,,,403541,001,2024-06-18_18h48.04.055,experiment,2023.2.3,Win32,39.68253968,632b3639f61612815d100608,667188dfe6b7144a6371082a,6671c68194f20adf93f7234e,,,,,,,,,,,,,,,,,,,,,,,,,,,,,,,,,,,,,,,,1,,,,,,,,,,,,,2,,,,,,,,,,,,,,,,,,,,,,,,,,,,,,,,,s,0.7811,,space,2,green_gnome,2,7,dark_forest,yellow_basket,orange_gnome,2,2,bright_forest,red_basket,7,0,0,1,green_gnome,dark_forest,yellow_basket,2098,-3,1,17,7,143,1,1,0.2952,,,,,,,,,,,,,,,,,,,,,,,,,,,,,,,,,,,,,,,,,,,,,,,,,,,,,,,,,,,,,,,,,,,,,,,,,,,,,
,,,,,,,,,,,,,,,,,,,,,,,,,,,,,,,,,,,,,,,,,,,,,,,,,,,,,,,,,,,,,,,,,403541,001,2024-06-18_18h48.04.055,experiment,2023.2.3,Win32,39.68253968,632b3639f61612815d100608,667188dfe6b7144a6371082a,6671c68194f20adf93f7234e,,,,,,,,,,,,,,,,,,,,,,,,,,,,,,,,,,,,,,,,5,,,,,,,,,,,,,3,,,,,,,,,,,,,,,,,,,,,,,,,,,,,,,,,s,0.7482,,space,3,brown_gnome,3,1,bright_forest,red_basket,purple_gnome,3,8,dark_forest,yellow_basket,5,0,0,1,brown_gnome,bright_forest,red_basket,2103,-3,-3,18,0,144,6,1,0.1956,,,,,,,,,,,,,,,,,,,,,,,,,,,,,,,,,,,,,,,,,,,,,,,,,,,,,,,,,,,,,,,,,,,,,,,,,,,,,
,,,,,,,,,,,,,,,,,,,,,,,,,,,,,,,,,,,,,,,,,,,,,,,,,,,,,,,,,,,,,,,,,403541,001,2024-06-18_18h48.04.055,experiment,2023.2.3,Win32,39.68253968,632b3639f61612815d100608,667188dfe6b7144a6371082a,6671c68194f20adf93f7234e,,,,,,,,,,,,,,,,,,,,,,,,,,,,,,,,,,,,,,,,1,,,,,,,,,,,,,4,,,,,,,,,,,,,,,,,,,,,,,,,,,,,,,,,k,0.7497,,space,4,pink_gnome,4,2,bright_forest,red_basket,yellow_gnome,4,5,dark_forest,yellow_basket,5,0,0,1,yellow_gnome,dark_forest,yellow_basket,2108,-1,1,18,1,145,3,1,0.3368,,,,,,,,,,,,,,,,,,,,,,,,,,,,,,,,,,,,,,,,,,,,,,,,,,,,,,,,,,,,,,,,,,,,,,,,,,,,,
,,,,,,,,,,,,,,,,,,,,,,,,,,,,,,,,,,,,,,,,,,,,,,,,,,,,,,,,,,,,,,,,,403541,001,2024-06-18_18h48.04.055,experiment,2023.2.3,Win32,39.68253968,632b3639f61612815d100608,667188dfe6b7144a6371082a,6671c68194f20adf93f7234e,,,,,,,,,,,,,,,,,,,,,,,,,,,,,,,,,,,,,,,,5,,,,,,,,,,,,,1,,,,,,,,,,,,,,,,,,,,,,,,,,,,,,,,,s,0.5636,,space,1,blue_gnome,1,1,bright_forest,red_basket,red_gnome,1,6,dark_forest,yellow_basket,5,0,0,1,blue_gnome,bright_forest,red_basket,2113,0,2,18,2,146,4,1,0.5359,,,,,,,,,,,,,,,,,,,,,,,,,,,,,,,,,,,,,,,,,,,,,,,,,,,,,,,,,,,,,,,,,,,,,,,,,,,,,
,,,,,,,,,,,,,,,,,,,,,,,,,,,,,,,,,,,,,,,,,,,,,,,,,,,,,,,,,,,,,,,,,403541,001,2024-06-18_18h48.04.055,experiment,2023.2.3,Win32,39.68253968,632b3639f61612815d100608,667188dfe6b7144a6371082a,6671c68194f20adf93f7234e,,,,,,,,,,,,,,,,,,,,,,,,,,,,,,,,,,,,,,,,1,,,,,,,,,,,,,1,,,,,,,,,,,,,,,,,,,,,,,,,,,,,,,,,s,0.585,,space,1,blue_gnome,1,1,bright_forest,red_basket,red_gnome,1,8,dark_forest,yellow_basket,1,0,0,1,blue_gnome,bright_forest,red_basket,2114,-2,0,18,3,147,0,1,0.375,,,,,,,,,,,,,,,,,,,,,,,,,,,,,,,,,,,,,,,,,,,,,,,,,,,,,,,,,,,,,,,,,,,,,,,,,,,,,
,,,,,,,,,,,,,,,,,,,,,,,,,,,,,,,,,,,,,,,,,,,,,,,,,,,,,,,,,,,,,,,,,403541,001,2024-06-18_18h48.04.055,experiment,2023.2.3,Win32,39.68253968,632b3639f61612815d100608,667188dfe6b7144a6371082a,6671c68194f20adf93f7234e,,,,,,,,,,,,,,,,,,,,,,,,,,,,,,,,,,,,,,,,5,,,,,,,,,,,,,1,,,,,,,,,,,,,,,,,,,,,,,,,,,,,,,,,s,0.5394,,space,1,blue_gnome,1,1,bright_forest,red_basket,red_gnome,1,8,dark_forest,yellow_basket,5,0,0,1,blue_gnome,bright_forest,red_basket,2119,-2,1,18,4,148,4,1,0.3828,,,,,,,,,,,,,,,,,,,,,,,,,,,,,,,,,,,,,,,,,,,,,,,,,,,,,,,,,,,,,,,,,,,,,,,,,,,,,
,,,,,,,,,,,,,,,,,,,,,,,,,,,,,,,,,,,,,,,,,,,,,,,,,,,,,,,,,,,,,,,,,403541,001,2024-06-18_18h48.04.055,experiment,2023.2.3,Win32,39.68253968,632b3639f61612815d100608,667188dfe6b7144a6371082a,6671c68194f20adf93f7234e,,,,,,,,,,,,,,,,,,,,,,,,,,,,,,,,,,,,,,,,1,,,,,,,,,,,,,1,,,,,,,,,,,,,,,,,,,,,,,,,,,,,,,,,s,0.7476,,space,1,blue_gnome,1,1,bright_forest,red_basket,red_gnome,1,9,dark_forest,yellow_basket,1,0,0,1,blue_gnome,bright_forest,red_basket,2120,1,1,18,5,149,0,1,0.3966,,,,,,,,,,,,,,,,,,,,,,,,,,,,,,,,,,,,,,,,,,,,,,,,,,,,,,,,,,,,,,,,,,,,,,,,,,,,,
,,,,,,,,,,,,,,,,,,,,,,,,,,,,,,,,,,,,,,,,,,,,,,,,,,,,,,,,,,,,,,,,,403541,001,2024-06-18_18h48.04.055,experiment,2023.2.3,Win32,39.68253968,632b3639f61612815d100608,667188dfe6b7144a6371082a,6671c68194f20adf93f7234e,,,,,,,,,,,,,,,,,,,,,,,,,,,,,,,,,,,,,,,,1,,,,,,,,,,,,,4,,,,,,,,,,,,,,,,,,,,,,,,,,,,,,,,,k,0.5961,,space,4,pink_gnome,4,2,bright_forest,red_basket,yellow_gnome,4,8,dark_forest,yellow_basket,8,0,0,1,yellow_gnome,dark_forest,yellow_basket,2128,-1,-2,18,6,150,3,1,0.4222,,,,,,,,,,,,,,,,,,,,,,,,,,,,,,,,,,,,,,,,,,,,,,,,,,,,,,,,,,,,,,,,,,,,,,,,,,,,,
,,,,,,,,,,,,,,,,,,,,,,,,,,,,,,,,,,,,,,,,,,,,,,,,,,,,,,,,,,,,,,,,,403541,001,2024-06-18_18h48.04.055,experiment,2023.2.3,Win32,39.68253968,632b3639f61612815d100608,667188dfe6b7144a6371082a,6671c68194f20adf93f7234e,,,,,,,,,,,,,,,,,,,,,,,,,,,,,,,,,,,,,,,,1,,,,,,,,,,,,,3,,,,,,,,,,,,,,,,,,,,,,,,,,,,,,,,,s,0.7966,,,3,purple_gnome,3,6,dark_forest,yellow_basket,brown_gnome,3,1,bright_forest,red_basket,0,0,1,0,purple_gnome,dark_forest,yellow_basket,2128,-2,1,18,7,151,2,1,,,,,,,,,,,,,,,,,,,,,,,,,,,,,,,,,,,,,,,,,,,,,,,,,,,,,,,,,,,,,,,,,,,,,,,,,,,,,,
,,,,,,,,,,,,,,,,,,,,,,,,,,,,,,,,,,,,,,,,,,,,,,,,,,,,,,,,,,,,,,,,,403541,001,2024-06-18_18h48.04.055,experiment,2023.2.3,Win32,39.68253968,632b3639f61612815d100608,667188dfe6b7144a6371082a,6671c68194f20adf93f7234e,,,,,,,,,,,,,,,,,,,,,,,,,,,,,,,,,,,,,,,,1,,,,,,,,,,,,,4,,,,,,,,,,,,,,,,,,,,,,,,,,,,,,,,,s,0.6887,,,4,yellow_gnome,4,7,dark_forest,yellow_basket,pink_gnome,4,1,bright_forest,red_basket,0,0,1,0,yellow_gnome,dark_forest,yellow_basket,2128,1,1,19,0,152,3,1,,,,,,,,,,,,,,,,,,,,,,,,,,,,,,,,,,,,,,,,,,,,,,,,,,,,,,,,,,,,,,,,,,,,,,,,,,,,,,
,,,,,,,,,,,,,,,,,,,,,,,,,,,,,,,,,,,,,,,,,,,,,,,,,,,,,,,,,,,,,,,,,403541,001,2024-06-18_18h48.04.055,experiment,2023.2.3,Win32,39.68253968,632b3639f61612815d100608,667188dfe6b7144a6371082a,6671c68194f20adf93f7234e,,,,,,,,,,,,,,,,,,,,,,,,,,,,,,,,,,,,,,,,1,,,,,,,,,,,,,3,,,,,,,,,,,,,,,,,,,,,,,,,,,,,,,,,s,0.6143,,space,3,brown_gnome,3,2,bright_forest,red_basket,purple_gnome,3,8,dark_forest,yellow_basket,2,0,0,1,brown_gnome,bright_forest,red_basket,2130,0,0,19,1,153,2,1,0.4597,,,,,,,,,,,,,,,,,,,,,,,,,,,,,,,,,,,,,,,,,,,,,,,,,,,,,,,,,,,,,,,,,,,,,,,,,,,,,
,,,,,,,,,,,,,,,,,,,,,,,,,,,,,,,,,,,,,,,,,,,,,,,,,,,,,,,,,,,,,,,,,403541,001,2024-06-18_18h48.04.055,experiment,2023.2.3,Win32,39.68253968,632b3639f61612815d100608,667188dfe6b7144a6371082a,6671c68194f20adf93f7234e,,,,,,,,,,,,,,,,,,,,,,,,,,,,,,,,,,,,,,,,5,,,,,,,,,,,,,1,,,,,,,,,,,,,,,,,,,,,,,,,,,,,,,,,s,0.487,,space,1,blue_gnome,1,2,bright_forest,red_basket,red_gnome,1,8,dark_forest,yellow_basket,10,0,0,1,blue_gnome,bright_forest,red_basket,2140,-2,-3,19,2,154,4,1,0.3644,,,,,,,,,,,,,,,,,,,,,,,,,,,,,,,,,,,,,,,,,,,,,,,,,,,,,,,,,,,,,,,,,,,,,,,,,,,,,
,,,,,,,,,,,,,,,,,,,,,,,,,,,,,,,,,,,,,,,,,,,,,,,,,,,,,,,,,,,,,,,,,403541,001,2024-06-18_18h48.04.055,experiment,2023.2.3,Win32,39.68253968,632b3639f61612815d100608,667188dfe6b7144a6371082a,6671c68194f20adf93f7234e,,,,,,,,,,,,,,,,,,,,,,,,,,,,,,,,,,,,,,,,5,,,,,,,,,,,,,2,,,,,,,,,,,,,,,,,,,,,,,,,,,,,,,,,s,0.6388,,space,2,green_gnome,2,5,dark_forest,yellow_basket,orange_gnome,2,0,bright_forest,red_basket,25,0,0,1,green_gnome,dark_forest,yellow_basket,2165,4,0,19,3,155,5,1,0.4725,,,,,,,,,,,,,,,,,,,,,,,,,,,,,,,,,,,,,,,,,,,,,,,,,,,,,,,,,,,,,,,,,,,,,,,,,,,,,
,,,,,,,,,,,,,,,,,,,,,,,,,,,,,,,,,,,,,,,,,,,,,,,,,,,,,,,,,,,,,,,,,403541,001,2024-06-18_18h48.04.055,experiment,2023.2.3,Win32,39.68253968,632b3639f61612815d100608,667188dfe6b7144a6371082a,6671c68194f20adf93f7234e,,,,,,,,,,,,,,,,,,,,,,,,,,,,,,,,,,,,,,,,1,,,,,,,,,,,,,2,,,,,,,,,,,,,,,,,,,,,,,,,,,,,,,,,s,0.7394,,space,2,orange_gnome,2,4,bright_forest,red_basket,green_gnome,2,5,dark_forest,yellow_basket,4,0,0,1,orange_gnome,bright_forest,red_basket,2169,1,-2,19,4,156,1,1,0.5346,,,,,,,,,,,,,,,,,,,,,,,,,,,,,,,,,,,,,,,,,,,,,,,,,,,,,,,,,,,,,,,,,,,,,,,,,,,,,
,,,,,,,,,,,,,,,,,,,,,,,,,,,,,,,,,,,,,,,,,,,,,,,,,,,,,,,,,,,,,,,,,403541,001,2024-06-18_18h48.04.055,experiment,2023.2.3,Win32,39.68253968,632b3639f61612815d100608,667188dfe6b7144a6371082a,6671c68194f20adf93f7234e,,,,,,,,,,,,,,,,,,,,,,,,,,,,,,,,,,,,,,,,5,,,,,,,,,,,,,4,,,,,,,,,,,,,,,,,,,,,,,,,,,,,,,,,k,0.605,,space,4,yellow_gnome,4,3,dark_forest,yellow_basket,pink_gnome,4,5,bright_forest,red_basket,25,0,0,1,pink_gnome,bright_forest,red_basket,2194,-2,-2,19,5,157,7,1,0.2615,,,,,,,,,,,,,,,,,,,,,,,,,,,,,,,,,,,,,,,,,,,,,,,,,,,,,,,,,,,,,,,,,,,,,,,,,,,,,
,,,,,,,,,,,,,,,,,,,,,,,,,,,,,,,,,,,,,,,,,,,,,,,,,,,,,,,,,,,,,,,,,403541,001,2024-06-18_18h48.04.055,experiment,2023.2.3,Win32,39.68253968,632b3639f61612815d100608,667188dfe6b7144a6371082a,6671c68194f20adf93f7234e,,,,,,,,,,,,,,,,,,,,,,,,,,,,,,,,,,,,,,,,1,,,,,,,,,,,,,2,,,,,,,,,,,,,,,,,,,,,,,,,,,,,,,,,s,0.608,,space,2,green_gnome,2,1,dark_forest,yellow_basket,orange_gnome,2,3,bright_forest,red_basket,1,0,0,1,green_gnome,dark_forest,yellow_basket,2195,-1,0,19,6,158,1,1,0.3621,,,,,,,,,,,,,,,,,,,,,,,,,,,,,,,,,,,,,,,,,,,,,,,,,,,,,,,,,,,,,,,,,,,,,,,,,,,,,
,,,,,,,,,,,,,,,,,,,,,,,,,,,,,,,,,,,,,,,,,,,,,,,,,,,,,,,,,,,,,,,,,403541,001,2024-06-18_18h48.04.055,experiment,2023.2.3,Win32,39.68253968,632b3639f61612815d100608,667188dfe6b7144a6371082a,6671c68194f20adf93f7234e,,,,,,,,,,,,,,,,,,,,,,,,,,,,,,,,,,,,,,,,5,,,,,,,,,,,,,1,,,,,,,,,,,,,,,,,,,,,,,,,,,,,,,,,k,0.6641,,space,1,red_gnome,1,1,dark_forest,yellow_basket,blue_gnome,1,2,bright_forest,red_basket,10,0,0,1,blue_gnome,bright_forest,red_basket,2205,2,-2,19,7,159,4,1,0.46,,,,,,,,,,,,,,,,,,,,,,,,,,,,,,,,,,,,,,,,,,,,,,,,,,,,,,,,,,,,,,,,,,,,,,,,,,,,,
,,,,,,,,,,,,,,,,,,,,,,,,,,,,,,,,,,,,,,,,,,,,,,,,,,,,,,,,,,,,,,,,,403541,001,2024-06-18_18h48.04.055,experiment,2023.2.3,Win32,39.68253968,632b3639f61612815d100608,667188dfe6b7144a6371082a,6671c68194f20adf93f7234e,,,,,,,,,,,,,,,,,,,,,,,,,,,,,,,,,,,,,,,,5,,,,,,,,,,,,,4,,,,,,,,,,,,,,,,,,,,,,,,,,,,,,,,,s,0.6151,,space,4,yellow_gnome,4,1,dark_forest,yellow_basket,pink_gnome,4,4,bright_forest,red_basket,5,0,0,1,yellow_gnome,dark_forest,yellow_basket,2210,0,0,20,0,160,7,1,0.2911,,,,,,,,,,,,,,,,,,,,,,,,,,,,,,,,,,,,,,,,,,,,,,,,,,,,,,,,,,,,,,,,,,,,,,,,,,,,,
,,,,,,,,,,,,,,,,,,,,,,,,,,,,,,,,,,,,,,,,,,,,,,,,,,,,,,,,,,,,,,,,,403541,001,2024-06-18_18h48.04.055,experiment,2023.2.3,Win32,39.68253968,632b3639f61612815d100608,667188dfe6b7144a6371082a,6671c68194f20adf93f7234e,,,,,,,,,,,,,,,,,,,,,,,,,,,,,,,,,,,,,,,,5,,,,,,,,,,,,,1,,,,,,,,,,,,,,,,,,,,,,,,,,,,,,,,,k,0.8391,,space,1,blue_gnome,1,4,bright_forest,red_basket,red_gnome,1,1,dark_forest,yellow_basket,5,0,0,1,red_gnome,dark_forest,yellow_basket,2215,2,0,20,1,161,4,1,0.3608,,,,,,,,,,,,,,,,,,,,,,,,,,,,,,,,,,,,,,,,,,,,,,,,,,,,,,,,,,,,,,,,,,,,,,,,,,,,,
,,,,,,,,,,,,,,,,,,,,,,,,,,,,,,,,,,,,,,,,,,,,,,,,,,,,,,,,,,,,,,,,,403541,001,2024-06-18_18h48.04.055,experiment,2023.2.3,Win32,39.68253968,632b3639f61612815d100608,667188dfe6b7144a6371082a,6671c68194f20adf93f7234e,,,,,,,,,,,,,,,,,,,,,,,,,,,,,,,,,,,,,,,,5,,,,,,,,,,,,,2,,,,,,,,,,,,,,,,,,,,,,,,,,,,,,,,,s,0.8377,,space,2,green_gnome,2,1,dark_forest,yellow_basket,orange_gnome,2,6,bright_forest,red_basket,5,0,0,1,green_gnome,dark_forest,yellow_basket,2220,-1,5,20,2,162,5,1,0.4343,,,,,,,,,,,,,,,,,,,,,,,,,,,,,,,,,,,,,,,,,,,,,,,,,,,,,,,,,,,,,,,,,,,,,,,,,,,,,
,,,,,,,,,,,,,,,,,,,,,,,,,,,,,,,,,,,,,,,,,,,,,,,,,,,,,,,,,,,,,,,,,403541,001,2024-06-18_18h48.04.055,experiment,2023.2.3,Win32,39.68253968,632b3639f61612815d100608,667188dfe6b7144a6371082a,6671c68194f20adf93f7234e,,,,,,,,,,,,,,,,,,,,,,,,,,,,,,,,,,,,,,,,1,,,,,,,,,,,,,2,,,,,,,,,,,,,,,,,,,,,,,,,,,,,,,,,k,0.6728,,space,2,orange_gnome,2,5,bright_forest,red_basket,green_gnome,2,6,dark_forest,yellow_basket,6,0,0,1,green_gnome,dark_forest,yellow_basket,2226,0,2,20,3,163,1,1,0.3804,,,,,,,,,,,,,,,,,,,,,,,,,,,,,,,,,,,,,,,,,,,,,,,,,,,,,,,,,,,,,,,,,,,,,,,,,,,,,
,,,,,,,,,,,,,,,,,,,,,,,,,,,,,,,,,,,,,,,,,,,,,,,,,,,,,,,,,,,,,,,,,403541,001,2024-06-18_18h48.04.055,experiment,2023.2.3,Win32,39.68253968,632b3639f61612815d100608,667188dfe6b7144a6371082a,6671c68194f20adf93f7234e,,,,,,,,,,,,,,,,,,,,,,,,,,,,,,,,,,,,,,,,1,,,,,,,,,,,,,2,,,,,,,,,,,,,,,,,,,,,,,,,,,,,,,,,k,0.8149,,space,2,orange_gnome,2,5,bright_forest,red_basket,green_gnome,2,8,dark_forest,yellow_basket,8,0,0,1,green_gnome,dark_forest,yellow_basket,2234,1,0,20,4,164,1,1,0.5276,,,,,,,,,,,,,,,,,,,,,,,,,,,,,,,,,,,,,,,,,,,,,,,,,,,,,,,,,,,,,,,,,,,,,,,,,,,,,
,,,,,,,,,,,,,,,,,,,,,,,,,,,,,,,,,,,,,,,,,,,,,,,,,,,,,,,,,,,,,,,,,403541,001,2024-06-18_18h48.04.055,experiment,2023.2.3,Win32,39.68253968,632b3639f61612815d100608,667188dfe6b7144a6371082a,6671c68194f20adf93f7234e,,,,,,,,,,,,,,,,,,,,,,,,,,,,,,,,,,,,,,,,5,,,,,,,,,,,,,1,,,,,,,,,,,,,,,,,,,,,,,,,,,,,,,,,k,0.7,,space,1,red_gnome,1,8,dark_forest,yellow_basket,blue_gnome,1,6,bright_forest,red_basket,30,0,0,1,blue_gnome,bright_forest,red_basket,2264,6,2,20,5,165,4,1,0.4749,,,,,,,,,,,,,,,,,,,,,,,,,,,,,,,,,,,,,,,,,,,,,,,,,,,,,,,,,,,,,,,,,,,,,,,,,,,,,
,,,,,,,,,,,,,,,,,,,,,,,,,,,,,,,,,,,,,,,,,,,,,,,,,,,,,,,,,,,,,,,,,403541,001,2024-06-18_18h48.04.055,experiment,2023.2.3,Win32,39.68253968,632b3639f61612815d100608,667188dfe6b7144a6371082a,6671c68194f20adf93f7234e,,,,,,,,,,,,,,,,,,,,,,,,,,,,,,,,,,,,,,,,1,,,,,,,,,,,,,4,,,,,,,,,,,,,,,,,,,,,,,,,,,,,,,,,s,0.4628,,space,4,yellow_gnome,4,8,dark_forest,yellow_basket,pink_gnome,4,6,bright_forest,red_basket,8,0,0,1,yellow_gnome,dark_forest,yellow_basket,2272,1,-2,20,6,166,3,1,0.4602,,,,,,,,,,,,,,,,,,,,,,,,,,,,,,,,,,,,,,,,,,,,,,,,,,,,,,,,,,,,,,,,,,,,,,,,,,,,,
,,,,,,,,,,,,,,,,,,,,,,,,,,,,,,,,,,,,,,,,,,,,,,,,,,,,,,,,,,,,,,,,,403541,001,2024-06-18_18h48.04.055,experiment,2023.2.3,Win32,39.68253968,632b3639f61612815d100608,667188dfe6b7144a6371082a,6671c68194f20adf93f7234e,,,,,,,,,,,,,,,,,,,,,,,,,,,,,,,,,,,,,,,,5,,,,,,,,,,,,,4,,,,,,,,,,,,,,,,,,,,,,,,,,,,,,,,,s,1.0111,,space,4,pink_gnome,4,7,bright_forest,red_basket,yellow_gnome,4,6,dark_forest,yellow_basket,35,0,0,1,pink_gnome,bright_forest,red_basket,2307,-3,-1,20,7,167,7,1,0.5237,,,,,,,,,,,,,,,,,,,,,,,,,,,,,,,,,,,,,,,,,,,,,,,,,,,,,,,,,,,,,,,,,,,,,,,,,,,,,
,,,,,,,,,,,,,,,,,,,,,,,,,,,,,,,,,,,,,,,,,,,,,,,,,,,,,,,,,,,,,,,,,403541,001,2024-06-18_18h48.04.055,experiment,2023.2.3,Win32,39.68253968,632b3639f61612815d100608,667188dfe6b7144a6371082a,6671c68194f20adf93f7234e,,,,,,,,,,,,,,,,,,,,,,,,,,,,,,,,,,,,,,,,1,,,,,,,,,,,,,4,,,,,,,,,,,,,,,,,,,,,,,,,,,,,,,,,s,0.7365,,space,4,yellow_gnome,4,5,dark_forest,yellow_basket,pink_gnome,4,4,bright_forest,red_basket,5,0,0,1,yellow_gnome,dark_forest,yellow_basket,2312,2,1,21,0,168,3,1,0.379,,,,,,,,,,,,,,,,,,,,,,,,,,,,,,,,,,,,,,,,,,,,,,,,,,,,,,,,,,,,,,,,,,,,,,,,,,,,,
,,,,,,,,,,,,,,,,,,,,,,,,,,,,,,,,,,,,,,,,,,,,,,,,,,,,,,,,,,,,,,,,,403541,001,2024-06-18_18h48.04.055,experiment,2023.2.3,Win32,39.68253968,632b3639f61612815d100608,667188dfe6b7144a6371082a,6671c68194f20adf93f7234e,,,,,,,,,,,,,,,,,,,,,,,,,,,,,,,,,,,,,,,,5,,,,,,,,,,,,,4,,,,,,,,,,,,,,,,,,,,,,,,,,,,,,,,,k,0.6912,,space,4,yellow_gnome,4,6,dark_forest,yellow_basket,pink_gnome,4,6,bright_forest,red_basket,30,0,0,1,pink_gnome,bright_forest,red_basket,2342,-3,0,21,1,169,7,1,0.3366,,,,,,,,,,,,,,,,,,,,,,,,,,,,,,,,,,,,,,,,,,,,,,,,,,,,,,,,,,,,,,,,,,,,,,,,,,,,,
,,,,,,,,,,,,,,,,,,,,,,,,,,,,,,,,,,,,,,,,,,,,,,,,,,,,,,,,,,,,,,,,,403541,001,2024-06-18_18h48.04.055,experiment,2023.2.3,Win32,39.68253968,632b3639f61612815d100608,667188dfe6b7144a6371082a,6671c68194f20adf93f7234e,,,,,,,,,,,,,,,,,,,,,,,,,,,,,,,,,,,,,,,,5,,,,,,,,,,,,,3,,,,,,,,,,,,,,,,,,,,,,,,,,,,,,,,,k,0.8178,,space,3,brown_gnome,3,3,bright_forest,red_basket,purple_gnome,3,6,dark_forest,yellow_basket,30,0,0,1,purple_gnome,dark_forest,yellow_basket,2372,0,2,21,2,170,6,1,0.3106,,,,,,,,,,,,,,,,,,,,,,,,,,,,,,,,,,,,,,,,,,,,,,,,,,,,,,,,,,,,,,,,,,,,,,,,,,,,,
,,,,,,,,,,,,,,,,,,,,,,,,,,,,,,,,,,,,,,,,,,,,,,,,,,,,,,,,,,,,,,,,,403541,001,2024-06-18_18h48.04.055,experiment,2023.2.3,Win32,39.68253968,632b3639f61612815d100608,667188dfe6b7144a6371082a,6671c68194f20adf93f7234e,,,,,,,,,,,,,,,,,,,,,,,,,,,,,,,,,,,,,,,,5,,,,,,,,,,,,,4,,,,,,,,,,,,,,,,,,,,,,,,,,,,,,,,,k,0.519,,space,4,pink_gnome,4,3,bright_forest,red_basket,yellow_gnome,4,8,dark_forest,yellow_basket,40,0,0,1,yellow_gnome,dark_forest,yellow_basket,2412,3,3,21,3,171,7,1,0.3559,,,,,,,,,,,,,,,,,,,,,,,,,,,,,,,,,,,,,,,,,,,,,,,,,,,,,,,,,,,,,,,,,,,,,,,,,,,,,
,,,,,,,,,,,,,,,,,,,,,,,,,,,,,,,,,,,,,,,,,,,,,,,,,,,,,,,,,,,,,,,,,403541,001,2024-06-18_18h48.04.055,experiment,2023.2.3,Win32,39.68253968,632b3639f61612815d100608,667188dfe6b7144a6371082a,6671c68194f20adf93f7234e,,,,,,,,,,,,,,,,,,,,,,,,,,,,,,,,,,,,,,,,5,,,,,,,,,,,,,1,,,,,,,,,,,,,,,,,,,,,,,,,,,,,,,,,k,0.6232,,space,1,red_gnome,1,7,dark_forest,yellow_basket,blue_gnome,1,6,bright_forest,red_basket,30,0,0,1,blue_gnome,bright_forest,red_basket,2442,2,4,21,4,172,4,1,0.4255,,,,,,,,,,,,,,,,,,,,,,,,,,,,,,,,,,,,,,,,,,,,,,,,,,,,,,,,,,,,,,,,,,,,,,,,,,,,,
,,,,,,,,,,,,,,,,,,,,,,,,,,,,,,,,,,,,,,,,,,,,,,,,,,,,,,,,,,,,,,,,,403541,001,2024-06-18_18h48.04.055,experiment,2023.2.3,Win32,39.68253968,632b3639f61612815d100608,667188dfe6b7144a6371082a,6671c68194f20adf93f7234e,,,,,,,,,,,,,,,,,,,,,,,,,,,,,,,,,,,,,,,,5,,,,,,,,,,,,,2,,,,,,,,,,,,,,,,,,,,,,,,,,,,,,,,,s,0.6468,,space,2,green_gnome,2,7,dark_forest,yellow_basket,orange_gnome,2,8,bright_forest,red_basket,35,0,0,1,green_gnome,dark_forest,yellow_basket,2477,2,3,21,5,173,5,1,0.373,,,,,,,,,,,,,,,,,,,,,,,,,,,,,,,,,,,,,,,,,,,,,,,,,,,,,,,,,,,,,,,,,,,,,,,,,,,,,
,,,,,,,,,,,,,,,,,,,,,,,,,,,,,,,,,,,,,,,,,,,,,,,,,,,,,,,,,,,,,,,,,403541,001,2024-06-18_18h48.04.055,experiment,2023.2.3,Win32,39.68253968,632b3639f61612815d100608,667188dfe6b7144a6371082a,6671c68194f20adf93f7234e,,,,,,,,,,,,,,,,,,,,,,,,,,,,,,,,,,,,,,,,1,,,,,,,,,,,,,3,,,,,,,,,,,,,,,,,,,,,,,,,,,,,,,,,s,0.6616,,space,3,purple_gnome,3,8,dark_forest,yellow_basket,brown_gnome,3,8,bright_forest,red_basket,8,0,0,1,purple_gnome,dark_forest,yellow_basket,2485,-1,3,21,6,174,2,1,0.3102,,,,,,,,,,,,,,,,,,,,,,,,,,,,,,,,,,,,,,,,,,,,,,,,,,,,,,,,,,,,,,,,,,,,,,,,,,,,,
,,,,,,,,,,,,,,,,,,,,,,,,,,,,,,,,,,,,,,,,,,,,,,,,,,,,,,,,,,,,,,,,,403541,001,2024-06-18_18h48.04.055,experiment,2023.2.3,Win32,39.68253968,632b3639f61612815d100608,667188dfe6b7144a6371082a,6671c68194f20adf93f7234e,,,,,,,,,,,,,,,,,,,,,,,,,,,,,,,,,,,,,,,,1,,,,,,,,,,,,,1,,,,,,,,,,,,,,,,,,,,,,,,,,,,,,,,,k,0.4869,,space,1,red_gnome,1,7,dark_forest,yellow_basket,blue_gnome,1,7,bright_forest,red_basket,7,0,0,1,blue_gnome,bright_forest,red_basket,2492,4,0,21,7,175,0,1,0.4175,,,,,,,,,,,,,,,,,,,,,,,,,,,,,,,,,,,,,,,,,,,,,,,,,,,,,,,,,,,,,,,,,,,,,,,,,,,,,
,,,,,,,,,,,,,,,,,,,,,,,,,,,,,,,,,,,,,,,,,,,,,,,,,,,,,,,,,,,,,,,,,403541,001,2024-06-18_18h48.04.055,experiment,2023.2.3,Win32,39.68253968,632b3639f61612815d100608,667188dfe6b7144a6371082a,6671c68194f20adf93f7234e,,,,,,,,,,,,,,,,,,,,,,,,,,,,,,,,,,,,,,,,5,,,,,,,,,,,,,1,,,,,,,,,,,,,,,,,,,,,,,,,,,,,,,,,s,0.4117,,space,1,red_gnome,1,7,dark_forest,yellow_basket,blue_gnome,1,7,bright_forest,red_basket,35,0,0,1,red_gnome,dark_forest,yellow_basket,2527,3,-1,22,0,176,4,1,0.385,,,,,,,,,,,,,,,,,,,,,,,,,,,,,,,,,,,,,,,,,,,,,,,,,,,,,,,,,,,,,,,,,,,,,,,,,,,,,
,,,,,,,,,,,,,,,,,,,,,,,,,,,,,,,,,,,,,,,,,,,,,,,,,,,,,,,,,,,,,,,,,403541,001,2024-06-18_18h48.04.055,experiment,2023.2.3,Win32,39.68253968,632b3639f61612815d100608,667188dfe6b7144a6371082a,6671c68194f20adf93f7234e,,,,,,,,,,,,,,,,,,,,,,,,,,,,,,,,,,,,,,,,5,,,,,,,,,,,,,2,,,,,,,,,,,,,,,,,,,,,,,,,,,,,,,,,s,0.7639,,space,2,green_gnome,2,6,dark_forest,yellow_basket,orange_gnome,2,8,bright_forest,red_basket,30,0,0,1,green_gnome,dark_forest,yellow_basket,2557,4,1,22,1,177,5,1,0.5211,,,,,,,,,,,,,,,,,,,,,,,,,,,,,,,,,,,,,,,,,,,,,,,,,,,,,,,,,,,,,,,,,,,,,,,,,,,,,
,,,,,,,,,,,,,,,,,,,,,,,,,,,,,,,,,,,,,,,,,,,,,,,,,,,,,,,,,,,,,,,,,403541,001,2024-06-18_18h48.04.055,experiment,2023.2.3,Win32,39.68253968,632b3639f61612815d100608,667188dfe6b7144a6371082a,6671c68194f20adf93f7234e,,,,,,,,,,,,,,,,,,,,,,,,,,,,,,,,,,,,,,,,5,,,,,,,,,,,,,1,,,,,,,,,,,,,,,,,,,,,,,,,,,,,,,,,k,0.7923,,space,1,blue_gnome,1,6,bright_forest,red_basket,red_gnome,1,7,dark_forest,yellow_basket,35,0,0,1,red_gnome,dark_forest,yellow_basket,2592,0,0,22,2,178,4,1,0.3603,,,,,,,,,,,,,,,,,,,,,,,,,,,,,,,,,,,,,,,,,,,,,,,,,,,,,,,,,,,,,,,,,,,,,,,,,,,,,
,,,,,,,,,,,,,,,,,,,,,,,,,,,,,,,,,,,,,,,,,,,,,,,,,,,,,,,,,,,,,,,,,403541,001,2024-06-18_18h48.04.055,experiment,2023.2.3,Win32,39.68253968,632b3639f61612815d100608,667188dfe6b7144a6371082a,6671c68194f20adf93f7234e,,,,,,,,,,,,,,,,,,,,,,,,,,,,,,,,,,,,,,,,5,,,,,,,,,,,,,3,,,,,,,,,,,,,,,,,,,,,,,,,,,,,,,,,s,0.614,,space,3,purple_gnome,3,7,dark_forest,yellow_basket,brown_gnome,3,6,bright_forest,red_basket,35,0,0,1,purple_gnome,dark_forest,yellow_basket,2627,1,4,22,3,179,6,1,0.3094,,,,,,,,,,,,,,,,,,,,,,,,,,,,,,,,,,,,,,,,,,,,,,,,,,,,,,,,,,,,,,,,,,,,,,,,,,,,,
,,,,,,,,,,,,,,,,,,,,,,,,,,,,,,,,,,,,,,,,,,,,,,,,,,,,,,,,,,,,,,,,,403541,001,2024-06-18_18h48.04.055,experiment,2023.2.3,Win32,39.68253968,632b3639f61612815d100608,667188dfe6b7144a6371082a,6671c68194f20adf93f7234e,,,,,,,,,,,,,,,,,,,,,,,,,,,,,,,,,,,,,,,,5,,,,,,,,,,,,,4,,,,,,,,,,,,,,,,,,,,,,,,,,,,,,,,,k,0.7108,,space,4,yellow_gnome,4,7,dark_forest,yellow_basket,pink_gnome,4,7,bright_forest,red_basket,35,0,0,1,pink_gnome,bright_forest,red_basket,2662,-1,-2,22,4,180,7,1,0.2868,,,,,,,,,,,,,,,,,,,,,,,,,,,,,,,,,,,,,,,,,,,,,,,,,,,,,,,,,,,,,,,,,,,,,,,,,,,,,
,,,,,,,,,,,,,,,,,,,,,,,,,,,,,,,,,,,,,,,,,,,,,,,,,,,,,,,,,,,,,,,,,403541,001,2024-06-18_18h48.04.055,experiment,2023.2.3,Win32,39.68253968,632b3639f61612815d100608,667188dfe6b7144a6371082a,6671c68194f20adf93f7234e,,,,,,,,,,,,,,,,,,,,,,,,,,,,,,,,,,,,,,,,1,,,,,,,,,,,,,4,,,,,,,,,,,,,,,,,,,,,,,,,,,,,,,,,k,0.6716,,space,4,pink_gnome,4,6,bright_forest,red_basket,yellow_gnome,4,5,dark_forest,yellow_basket,5,0,0,1,yellow_gnome,dark_forest,yellow_basket,2667,0,0,22,5,181,3,1,0.3493,,,,,,,,,,,,,,,,,,,,,,,,,,,,,,,,,,,,,,,,,,,,,,,,,,,,,,,,,,,,,,,,,,,,,,,,,,,,,
,,,,,,,,,,,,,,,,,,,,,,,,,,,,,,,,,,,,,,,,,,,,,,,,,,,,,,,,,,,,,,,,,403541,001,2024-06-18_18h48.04.055,experiment,2023.2.3,Win32,39.68253968,632b3639f61612815d100608,667188dfe6b7144a6371082a,6671c68194f20adf93f7234e,,,,,,,,,,,,,,,,,,,,,,,,,,,,,,,,,,,,,,,,5,,,,,,,,,,,,,3,,,,,,,,,,,,,,,,,,,,,,,,,,,,,,,,,k,0.719,,space,3,brown_gnome,3,6,bright_forest,red_basket,purple_gnome,3,5,dark_forest,yellow_basket,25,0,0,1,purple_gnome,dark_forest,yellow_basket,2692,0,-3,22,6,182,6,1,0.3857,,,,,,,,,,,,,,,,,,,,,,,,,,,,,,,,,,,,,,,,,,,,,,,,,,,,,,,,,,,,,,,,,,,,,,,,,,,,,
,,,,,,,,,,,,,,,,,,,,,,,,,,,,,,,,,,,,,,,,,,,,,,,,,,,,,,,,,,,,,,,,,403541,001,2024-06-18_18h48.04.055,experiment,2023.2.3,Win32,39.68253968,632b3639f61612815d100608,667188dfe6b7144a6371082a,6671c68194f20adf93f7234e,,,,,,,,,,,,,,,,,,,,,,,,,,,,,,,,,,,,,,,,5,,,,,,,,,,,,,4,,,,,,,,,,,,,,,,,,,,,,,,,,,,,,,,,s,0.8462,,space,4,pink_gnome,4,6,bright_forest,red_basket,yellow_gnome,4,2,dark_forest,yellow_basket,30,0,0,1,pink_gnome,bright_forest,red_basket,2722,1,-3,22,7,183,7,1,0.4461,,,,,,,,,,,,,,,,,,,,,,,,,,,,,,,,,,,,,,,,,,,,,,,,,,,,,,,,,,,,,,,,,,,,,,,,,,,,,
,,,,,,,,,,,,,,,,,,,,,,,,,,,,,,,,,,,,,,,,,,,,,,,,,,,,,,,,,,,,,,,,,403541,001,2024-06-18_18h48.04.055,experiment,2023.2.3,Win32,39.68253968,632b3639f61612815d100608,667188dfe6b7144a6371082a,6671c68194f20adf93f7234e,,,,,,,,,,,,,,,,,,,,,,,,,,,,,,,,,,,,,,,,5,,,,,,,,,,,,,1,,,,,,,,,,,,,,,,,,,,,,,,,,,,,,,,,k,0.8896,,space,1,red_gnome,1,1,dark_forest,yellow_basket,blue_gnome,1,7,bright_forest,red_basket,35,0,0,1,blue_gnome,bright_forest,red_basket,2757,-2,-3,23,0,184,4,1,0.5124,,,,,,,,,,,,,,,,,,,,,,,,,,,,,,,,,,,,,,,,,,,,,,,,,,,,,,,,,,,,,,,,,,,,,,,,,,,,,
,,,,,,,,,,,,,,,,,,,,,,,,,,,,,,,,,,,,,,,,,,,,,,,,,,,,,,,,,,,,,,,,,403541,001,2024-06-18_18h48.04.055,experiment,2023.2.3,Win32,39.68253968,632b3639f61612815d100608,667188dfe6b7144a6371082a,6671c68194f20adf93f7234e,,,,,,,,,,,,,,,,,,,,,,,,,,,,,,,,,,,,,,,,5,,,,,,,,,,,,,3,,,,,,,,,,,,,,,,,,,,,,,,,,,,,,,,,s,0.6629,,space,3,purple_gnome,3,2,dark_forest,yellow_basket,brown_gnome,3,5,bright_forest,red_basket,10,0,0,1,purple_gnome,dark_forest,yellow_basket,2767,-2,-2,23,1,185,6,1,0.4143,,,,,,,,,,,,,,,,,,,,,,,,,,,,,,,,,,,,,,,,,,,,,,,,,,,,,,,,,,,,,,,,,,,,,,,,,,,,,
,,,,,,,,,,,,,,,,,,,,,,,,,,,,,,,,,,,,,,,,,,,,,,,,,,,,,,,,,,,,,,,,,403541,001,2024-06-18_18h48.04.055,experiment,2023.2.3,Win32,39.68253968,632b3639f61612815d100608,667188dfe6b7144a6371082a,6671c68194f20adf93f7234e,,,,,,,,,,,,,,,,,,,,,,,,,,,,,,,,,,,,,,,,1,,,,,,,,,,,,,1,,,,,,,,,,,,,,,,,,,,,,,,,,,,,,,,,k,0.5141,,space,1,red_gnome,1,0,dark_forest,yellow_basket,blue_gnome,1,3,bright_forest,red_basket,3,0,0,1,blue_gnome,bright_forest,red_basket,2770,0,1,23,2,186,0,1,0.4641,,,,,,,,,,,,,,,,,,,,,,,,,,,,,,,,,,,,,,,,,,,,,,,,,,,,,,,,,,,,,,,,,,,,,,,,,,,,,
,,,,,,,,,,,,,,,,,,,,,,,,,,,,,,,,,,,,,,,,,,,,,,,,,,,,,,,,,,,,,,,,,403541,001,2024-06-18_18h48.04.055,experiment,2023.2.3,Win32,39.68253968,632b3639f61612815d100608,667188dfe6b7144a6371082a,6671c68194f20adf93f7234e,,,,,,,,,,,,,,,,,,,,,,,,,,,,,,,,,,,,,,,,1,,,,,,,,,,,,,2,,,,,,,,,,,,,,,,,,,,,,,,,,,,,,,,,s,1.1473,,space,2,orange_gnome,2,3,bright_forest,red_basket,green_gnome,2,1,dark_forest,yellow_basket,3,0,0,1,orange_gnome,bright_forest,red_basket,2773,1,0,23,3,187,1,1,0.4588,,,,,,,,,,,,,,,,,,,,,,,,,,,,,,,,,,,,,,,,,,,,,,,,,,,,,,,,,,,,,,,,,,,,,,,,,,,,,
,,,,,,,,,,,,,,,,,,,,,,,,,,,,,,,,,,,,,,,,,,,,,,,,,,,,,,,,,,,,,,,,,403541,001,2024-06-18_18h48.04.055,experiment,2023.2.3,Win32,39.68253968,632b3639f61612815d100608,667188dfe6b7144a6371082a,6671c68194f20adf93f7234e,,,,,,,,,,,,,,,,,,,,,,,,,,,,,,,,,,,,,,,,5,,,,,,,,,,,,,4,,,,,,,,,,,,,,,,,,,,,,,,,,,,,,,,,k,0.7608,,space,4,pink_gnome,4,4,bright_forest,red_basket,yellow_gnome,4,1,dark_forest,yellow_basket,5,0,0,1,yellow_gnome,dark_forest,yellow_basket,2778,0,-1,23,4,188,7,1,0.3437,,,,,,,,,,,,,,,,,,,,,,,,,,,,,,,,,,,,,,,,,,,,,,,,,,,,,,,,,,,,,,,,,,,,,,,,,,,,,
,,,,,,,,,,,,,,,,,,,,,,,,,,,,,,,,,,,,,,,,,,,,,,,,,,,,,,,,,,,,,,,,,403541,001,2024-06-18_18h48.04.055,experiment,2023.2.3,Win32,39.68253968,632b3639f61612815d100608,667188dfe6b7144a6371082a,6671c68194f20adf93f7234e,,,,,,,,,,,,,,,,,,,,,,,,,,,,,,,,,,,,,,,,5,,,,,,,,,,,,,4,,,,,,,,,,,,,,,,,,,,,,,,,,,,,,,,,s,0.7415,,space,4,yellow_gnome,4,0,dark_forest,yellow_basket,pink_gnome,4,4,bright_forest,red_basket,0,0,0,1,yellow_gnome,dark_forest,yellow_basket,2778,-1,1,23,5,189,7,1,0.3513,,,,,,,,,,,,,,,,,,,,,,,,,,,,,,,,,,,,,,,,,,,,,,,,,,,,,,,,,,,,,,,,,,,,,,,,,,,,,
,,,,,,,,,,,,,,,,,,,,,,,,,,,,,,,,,,,,,,,,,,,,,,,,,,,,,,,,,,,,,,,,,403541,001,2024-06-18_18h48.04.055,experiment,2023.2.3,Win32,39.68253968,632b3639f61612815d100608,667188dfe6b7144a6371082a,6671c68194f20adf93f7234e,,,,,,,,,,,,,,,,,,,,,,,,,,,,,,,,,,,,,,,,1,,,,,,,,,,,,,2,,,,,,,,,,,,,,,,,,,,,,,,,,,,,,,,,k,0.7167,,space,2,orange_gnome,2,3,bright_forest,red_basket,green_gnome,2,1,dark_forest,yellow_basket,1,0,0,1,green_gnome,dark_forest,yellow_basket,2779,1,2,23,6,190,1,1,0.5627,,,,,,,,,,,,,,,,,,,,,,,,,,,,,,,,,,,,,,,,,,,,,,,,,,,,,,,,,,,,,,,,,,,,,,,,,,,,,
,,,,,,,,,,,,,,,,,,,,,,,,,,,,,,,,,,,,,,,,,,,,,,,,,,,,,,,,,,,,,,,,,403541,001,2024-06-18_18h48.04.055,experiment,2023.2.3,Win32,39.68253968,632b3639f61612815d100608,667188dfe6b7144a6371082a,6671c68194f20adf93f7234e,,,,,,,,,,,,,,,,,,,,,,,,,,,,,,,,,,,,,,,,1,,,,,,,,,,,,,4,,,,,,,,,,,,,,,,,,,,,,,,,,,,,,,,,k,0.8025,,space,4,yellow_gnome,4,3,dark_forest,yellow_basket,pink_gnome,4,4,bright_forest,red_basket,4,0,0,1,pink_gnome,bright_forest,red_basket,2783,1,-3,23,7,191,3,1,0.3892,,space,25.7947,,,,,,,,,,,,,,,,,,,,,,,,,,,,,,,,,,,,,,,,,,,,,,,,,,,,,,,,,,,,,,,,,,,,,,,,,,
,,,,,,,,,,,,,,,,,,,,,,,,,,,,,,,,,,,,,,,,,,,,,,,,,,,,,,,,,,,,,,,,,403541,001,2024-06-18_18h48.04.055,experiment,2023.2.3,Win32,39.68253968,632b3639f61612815d100608,667188dfe6b7144a6371082a,6671c68194f20adf93f7234e,,,,,,,,,,,,,,,,,,,,,,,,,,,,,,,,,,,,,,,,5,,,,,,,,,,,,,1,,,,,,,,,,,,,,,,,,,,,,,,,,,,,,,,,s,0.6623,,space,1,blue_gnome,1,5,bright_forest,red_basket,red_gnome,1,0,dark_forest,yellow_basket,25,0,0,1,blue_gnome,bright_forest,red_basket,2808,1,-3,24,0,192,4,1,0.5901,,,,,,,,,,,,,,,,,,,,,,,,,,,,,,,,,,,,,,,,,,,,,,,,,,,,,,,,,,,,,,,,,,,,,,,,,,,,,
,,,,,,,,,,,,,,,,,,,,,,,,,,,,,,,,,,,,,,,,,,,,,,,,,,,,,,,,,,,,,,,,,403541,001,2024-06-18_18h48.04.055,experiment,2023.2.3,Win32,39.68253968,632b3639f61612815d100608,667188dfe6b7144a6371082a,6671c68194f20adf93f7234e,,,,,,,,,,,,,,,,,,,,,,,,,,,,,,,,,,,,,,,,5,,,,,,,,,,,,,2,,,,,,,,,,,,,,,,,,,,,,,,,,,,,,,,,s,0.5897,,space,2,green_gnome,2,3,dark_forest,yellow_basket,orange_gnome,2,6,bright_forest,red_basket,15,0,0,1,green_gnome,dark_forest,yellow_basket,2823,-2,4,24,1,193,5,1,0.3384,,,,,,,,,,,,,,,,,,,,,,,,,,,,,,,,,,,,,,,,,,,,,,,,,,,,,,,,,,,,,,,,,,,,,,,,,,,,,
,,,,,,,,,,,,,,,,,,,,,,,,,,,,,,,,,,,,,,,,,,,,,,,,,,,,,,,,,,,,,,,,,403541,001,2024-06-18_18h48.04.055,experiment,2023.2.3,Win32,39.68253968,632b3639f61612815d100608,667188dfe6b7144a6371082a,6671c68194f20adf93f7234e,,,,,,,,,,,,,,,,,,,,,,,,,,,,,,,,,,,,,,,,1,,,,,,,,,,,,,3,,,,,,,,,,,,,,,,,,,,,,,,,,,,,,,,,k,0.5888,,space,3,purple_gnome,3,7,dark_forest,yellow_basket,brown_gnome,3,4,bright_forest,red_basket,4,0,0,1,brown_gnome,bright_forest,red_basket,2827,0,1,24,2,194,2,1,0.4115,,,,,,,,,,,,,,,,,,,,,,,,,,,,,,,,,,,,,,,,,,,,,,,,,,,,,,,,,,,,,,,,,,,,,,,,,,,,,
,,,,,,,,,,,,,,,,,,,,,,,,,,,,,,,,,,,,,,,,,,,,,,,,,,,,,,,,,,,,,,,,,403541,001,2024-06-18_18h48.04.055,experiment,2023.2.3,Win32,39.68253968,632b3639f61612815d100608,667188dfe6b7144a6371082a,6671c68194f20adf93f7234e,,,,,,,,,,,,,,,,,,,,,,,,,,,,,,,,,,,,,,,,1,,,,,,,,,,,,,4,,,,,,,,,,,,,,,,,,,,,,,,,,,,,,,,,s,0.7407,,space,4,pink_gnome,4,4,bright_forest,red_basket,yellow_gnome,4,8,dark_forest,yellow_basket,4,0,0,1,pink_gnome,bright_forest,red_basket,2831,3,1,24,3,195,3,1,0.443,,,,,,,,,,,,,,,,,,,,,,,,,,,,,,,,,,,,,,,,,,,,,,,,,,,,,,,,,,,,,,,,,,,,,,,,,,,,,
,,,,,,,,,,,,,,,,,,,,,,,,,,,,,,,,,,,,,,,,,,,,,,,,,,,,,,,,,,,,,,,,,403541,001,2024-06-18_18h48.04.055,experiment,2023.2.3,Win32,39.68253968,632b3639f61612815d100608,667188dfe6b7144a6371082a,6671c68194f20adf93f7234e,,,,,,,,,,,,,,,,,,,,,,,,,,,,,,,,,,,,,,,,1,,,,,,,,,,,,,2,,,,,,,,,,,,,,,,,,,,,,,,,,,,,,,,,k,0.7007,,space,2,orange_gnome,2,7,bright_forest,red_basket,green_gnome,2,9,dark_forest,yellow_basket,9,0,0,1,green_gnome,dark_forest,yellow_basket,2840,1,-1,24,4,196,1,1,0.4112,,,,,,,,,,,,,,,,,,,,,,,,,,,,,,,,,,,,,,,,,,,,,,,,,,,,,,,,,,,,,,,,,,,,,,,,,,,,,
,,,,,,,,,,,,,,,,,,,,,,,,,,,,,,,,,,,,,,,,,,,,,,,,,,,,,,,,,,,,,,,,,403541,001,2024-06-18_18h48.04.055,experiment,2023.2.3,Win32,39.68253968,632b3639f61612815d100608,667188dfe6b7144a6371082a,6671c68194f20adf93f7234e,,,,,,,,,,,,,,,,,,,,,,,,,,,,,,,,,,,,,,,,5,,,,,,,,,,,,,3,,,,,,,,,,,,,,,,,,,,,,,,,,,,,,,,,s,0.6676,,space,3,purple_gnome,3,8,dark_forest,yellow_basket,brown_gnome,3,8,bright_forest,red_basket,40,0,0,1,purple_gnome,dark_forest,yellow_basket,2880,-2,1,24,5,197,6,1,0.3113,,,,,,,,,,,,,,,,,,,,,,,,,,,,,,,,,,,,,,,,,,,,,,,,,,,,,,,,,,,,,,,,,,,,,,,,,,,,,
,,,,,,,,,,,,,,,,,,,,,,,,,,,,,,,,,,,,,,,,,,,,,,,,,,,,,,,,,,,,,,,,,403541,001,2024-06-18_18h48.04.055,experiment,2023.2.3,Win32,39.68253968,632b3639f61612815d100608,667188dfe6b7144a6371082a,6671c68194f20adf93f7234e,,,,,,,,,,,,,,,,,,,,,,,,,,,,,,,,,,,,,,,,5,,,,,,,,,,,,,1,,,,,,,,,,,,,,,,,,,,,,,,,,,,,,,,,s,0.6002,,space,1,blue_gnome,1,6,bright_forest,red_basket,red_gnome,1,9,dark_forest,yellow_basket,30,0,0,1,blue_gnome,bright_forest,red_basket,2910,-1,2,24,6,198,4,1,0.5012,,,,,,,,,,,,,,,,,,,,,,,,,,,,,,,,,,,,,,,,,,,,,,,,,,,,,,,,,,,,,,,,,,,,,,,,,,,,,
,,,,,,,,,,,,,,,,,,,,,,,,,,,,,,,,,,,,,,,,,,,,,,,,,,,,,,,,,,,,,,,,,403541,001,2024-06-18_18h48.04.055,experiment,2023.2.3,Win32,39.68253968,632b3639f61612815d100608,667188dfe6b7144a6371082a,6671c68194f20adf93f7234e,,,,,,,,,,,,,,,,,,,,,,,,,,,,,,,,,,,,,,,,5,,,,,,,,,,,,,3,,,,,,,,,,,,,,,,,,,,,,,,,,,,,,,,,s,0.5945,,space,3,purple_gnome,3,7,dark_forest,yellow_basket,brown_gnome,3,5,bright_forest,red_basket,35,0,0,1,purple_gnome,dark_forest,yellow_basket,2945,-4,0,24,7,199,6,1,0.3373,,,,,,,,,,,,,,,,,,,,,,,,,,,,,,,,,,,,,,,,,,,,,,,,,,,,,,,,,,,,,,,,,,,,,,,,,,,,,
,,,,,,,,,,,,,,,,,,,,,,,,,,,,,,,,,,,,,,,,,,,,,,,,,,,,,,,,,,,,,,,,,403541,001,2024-06-18_18h48.04.055,experiment,2023.2.3,Win32,39.68253968,632b3639f61612815d100608,667188dfe6b7144a6371082a,6671c68194f20adf93f7234e,,,,,,,,,,,,,,,,,,,,,,,,,,,,,,,,,,,,,,,,5,,,,,,,,,,,,,1,,,,,,,,,,,,,,,,,,,,,,,,,,,,,,,,,s,0.6527,,space,1,blue_gnome,1,1,bright_forest,red_basket,red_gnome,1,7,dark_forest,yellow_basket,5,0,0,1,blue_gnome,bright_forest,red_basket,2950,3,-1,25,0,200,4,1,0.4124,,,,,,,,,,,,,,,,,,,,,,,,,,,,,,,,,,,,,,,,,,,,,,,,,,,,,,,,,,,,,,,,,,,,,,,,,,,,,
,,,,,,,,,,,,,,,,,,,,,,,,,,,,,,,,,,,,,,,,,,,,,,,,,,,,,,,,,,,,,,,,,403541,001,2024-06-18_18h48.04.055,experiment,2023.2.3,Win32,39.68253968,632b3639f61612815d100608,667188dfe6b7144a6371082a,6671c68194f20adf93f7234e,,,,,,,,,,,,,,,,,,,,,,,,,,,,,,,,,,,,,,,,1,,,,,,,,,,,,,1,,,,,,,,,,,,,,,,,,,,,,,,,,,,,,,,,k,0.8729,,space,1,red_gnome,1,6,dark_forest,yellow_basket,blue_gnome,1,4,bright_forest,red_basket,4,0,0,1,blue_gnome,bright_forest,red_basket,2954,2,2,25,1,201,0,1,0.4139,,,,,,,,,,,,,,,,,,,,,,,,,,,,,,,,,,,,,,,,,,,,,,,,,,,,,,,,,,,,,,,,,,,,,,,,,,,,,
,,,,,,,,,,,,,,,,,,,,,,,,,,,,,,,,,,,,,,,,,,,,,,,,,,,,,,,,,,,,,,,,,403541,001,2024-06-18_18h48.04.055,experiment,2023.2.3,Win32,39.68253968,632b3639f61612815d100608,667188dfe6b7144a6371082a,6671c68194f20adf93f7234e,,,,,,,,,,,,,,,,,,,,,,,,,,,,,,,,,,,,,,,,5,,,,,,,,,,,,,2,,,,,,,,,,,,,,,,,,,,,,,,,,,,,,,,,s,0.8223,,space,2,green_gnome,2,8,dark_forest,yellow_basket,orange_gnome,2,6,bright_forest,red_basket,40,0,0,1,green_gnome,dark_forest,yellow_basket,2994,-1,3,25,2,202,5,1,0.4104,,,,,,,,,,,,,,,,,,,,,,,,,,,,,,,,,,,,,,,,,,,,,,,,,,,,,,,,,,,,,,,,,,,,,,,,,,,,,
,,,,,,,,,,,,,,,,,,,,,,,,,,,,,,,,,,,,,,,,,,,,,,,,,,,,,,,,,,,,,,,,,403541,001,2024-06-18_18h48.04.055,experiment,2023.2.3,Win32,39.68253968,632b3639f61612815d100608,667188dfe6b7144a6371082a,6671c68194f20adf93f7234e,,,,,,,,,,,,,,,,,,,,,,,,,,,,,,,,,,,,,,,,5,,,,,,,,,,,,,1,,,,,,,,,,,,,,,,,,,,,,,,,,,,,,,,,k,0.763,,space,1,red_gnome,1,7,dark_forest,yellow_basket,blue_gnome,1,5,bright_forest,red_basket,25,0,0,1,blue_gnome,bright_forest,red_basket,3019,1,-1,25,3,203,4,1,0.2681,,,,,,,,,,,,,,,,,,,,,,,,,,,,,,,,,,,,,,,,,,,,,,,,,,,,,,,,,,,,,,,,,,,,,,,,,,,,,
,,,,,,,,,,,,,,,,,,,,,,,,,,,,,,,,,,,,,,,,,,,,,,,,,,,,,,,,,,,,,,,,,403541,001,2024-06-18_18h48.04.055,experiment,2023.2.3,Win32,39.68253968,632b3639f61612815d100608,667188dfe6b7144a6371082a,6671c68194f20adf93f7234e,,,,,,,,,,,,,,,,,,,,,,,,,,,,,,,,,,,,,,,,5,,,,,,,,,,,,,4,,,,,,,,,,,,,,,,,,,,,,,,,,,,,,,,,s,0.8435,,space,4,pink_gnome,4,6,bright_forest,red_basket,yellow_gnome,4,6,dark_forest,yellow_basket,30,0,0,1,pink_gnome,bright_forest,red_basket,3049,-1,0,25,4,204,7,1,0.3455,,,,,,,,,,,,,,,,,,,,,,,,,,,,,,,,,,,,,,,,,,,,,,,,,,,,,,,,,,,,,,,,,,,,,,,,,,,,,
,,,,,,,,,,,,,,,,,,,,,,,,,,,,,,,,,,,,,,,,,,,,,,,,,,,,,,,,,,,,,,,,,403541,001,2024-06-18_18h48.04.055,experiment,2023.2.3,Win32,39.68253968,632b3639f61612815d100608,667188dfe6b7144a6371082a,6671c68194f20adf93f7234e,,,,,,,,,,,,,,,,,,,,,,,,,,,,,,,,,,,,,,,,5,,,,,,,,,,,,,3,,,,,,,,,,,,,,,,,,,,,,,,,,,,,,,,,s,0.6402,,space,3,purple_gnome,3,6,dark_forest,yellow_basket,brown_gnome,3,5,bright_forest,red_basket,30,0,0,1,purple_gnome,dark_forest,yellow_basket,3079,2,-1,25,5,205,6,1,0.5377,,,,,,,,,,,,,,,,,,,,,,,,,,,,,,,,,,,,,,,,,,,,,,,,,,,,,,,,,,,,,,,,,,,,,,,,,,,,,
,,,,,,,,,,,,,,,,,,,,,,,,,,,,,,,,,,,,,,,,,,,,,,,,,,,,,,,,,,,,,,,,,403541,001,2024-06-18_18h48.04.055,experiment,2023.2.3,Win32,39.68253968,632b3639f61612815d100608,667188dfe6b7144a6371082a,6671c68194f20adf93f7234e,,,,,,,,,,,,,,,,,,,,,,,,,,,,,,,,,,,,,,,,5,,,,,,,,,,,,,1,,,,,,,,,,,,,,,,,,,,,,,,,,,,,,,,,k,0.642,,space,1,red_gnome,1,5,dark_forest,yellow_basket,blue_gnome,1,7,bright_forest,red_basket,35,0,0,1,blue_gnome,bright_forest,red_basket,3114,0,-2,25,6,206,4,1,0.4212,,,,,,,,,,,,,,,,,,,,,,,,,,,,,,,,,,,,,,,,,,,,,,,,,,,,,,,,,,,,,,,,,,,,,,,,,,,,,
,,,,,,,,,,,,,,,,,,,,,,,,,,,,,,,,,,,,,,,,,,,,,,,,,,,,,,,,,,,,,,,,,403541,001,2024-06-18_18h48.04.055,experiment,2023.2.3,Win32,39.68253968,632b3639f61612815d100608,667188dfe6b7144a6371082a,6671c68194f20adf93f7234e,,,,,,,,,,,,,,,,,,,,,,,,,,,,,,,,,,,,,,,,1,,,,,,,,,,,,,3,,,,,,,,,,,,,,,,,,,,,,,,,,,,,,,,,k,0.7409,,space,3,brown_gnome,3,7,bright_forest,red_basket,purple_gnome,3,3,dark_forest,yellow_basket,3,0,0,1,purple_gnome,dark_forest,yellow_basket,3117,-1,0,25,7,207,2,1,0.4214,,,,,,,,,,,,,,,,,,,,,,,,,,,,,,,,,,,,,,,,,,,,,,,,,,,,,,,,,,,,,,,,,,,,,,,,,,,,,
,,,,,,,,,,,,,,,,,,,,,,,,,,,,,,,,,,,,,,,,,,,,,,,,,,,,,,,,,,,,,,,,,403541,001,2024-06-18_18h48.04.055,experiment,2023.2.3,Win32,39.68253968,632b3639f61612815d100608,667188dfe6b7144a6371082a,6671c68194f20adf93f7234e,,,,,,,,,,,,,,,,,,,,,,,,,,,,,,,,,,,,,,,,5,,,,,,,,,,,,,1,,,,,,,,,,,,,,,,,,,,,,,,,,,,,,,,,s,0.6409,,space,1,blue_gnome,1,6,bright_forest,red_basket,red_gnome,1,3,dark_forest,yellow_basket,30,0,0,1,blue_gnome,bright_forest,red_basket,3147,0,4,26,0,208,4,1,0.4933,,,,,,,,,,,,,,,,,,,,,,,,,,,,,,,,,,,,,,,,,,,,,,,,,,,,,,,,,,,,,,,,,,,,,,,,,,,,,
,,,,,,,,,,,,,,,,,,,,,,,,,,,,,,,,,,,,,,,,,,,,,,,,,,,,,,,,,,,,,,,,,403541,001,2024-06-18_18h48.04.055,experiment,2023.2.3,Win32,39.68253968,632b3639f61612815d100608,667188dfe6b7144a6371082a,6671c68194f20adf93f7234e,,,,,,,,,,,,,,,,,,,,,,,,,,,,,,,,,,,,,,,,5,,,,,,,,,,,,,1,,,,,,,,,,,,,,,,,,,,,,,,,,,,,,,,,k,0.6715,,space,1,red_gnome,1,7,dark_forest,yellow_basket,blue_gnome,1,6,bright_forest,red_basket,30,0,0,1,blue_gnome,bright_forest,red_basket,3177,1,3,26,1,209,4,1,0.4343,,,,,,,,,,,,,,,,,,,,,,,,,,,,,,,,,,,,,,,,,,,,,,,,,,,,,,,,,,,,,,,,,,,,,,,,,,,,,
,,,,,,,,,,,,,,,,,,,,,,,,,,,,,,,,,,,,,,,,,,,,,,,,,,,,,,,,,,,,,,,,,403541,001,2024-06-18_18h48.04.055,experiment,2023.2.3,Win32,39.68253968,632b3639f61612815d100608,667188dfe6b7144a6371082a,6671c68194f20adf93f7234e,,,,,,,,,,,,,,,,,,,,,,,,,,,,,,,,,,,,,,,,1,,,,,,,,,,,,,3,,,,,,,,,,,,,,,,,,,,,,,,,,,,,,,,,s,0.7707,,space,3,purple_gnome,3,8,dark_forest,yellow_basket,brown_gnome,3,7,bright_forest,red_basket,8,0,0,1,purple_gnome,dark_forest,yellow_basket,3185,0,-1,26,2,210,2,1,0.3567,,,,,,,,,,,,,,,,,,,,,,,,,,,,,,,,,,,,,,,,,,,,,,,,,,,,,,,,,,,,,,,,,,,,,,,,,,,,,
,,,,,,,,,,,,,,,,,,,,,,,,,,,,,,,,,,,,,,,,,,,,,,,,,,,,,,,,,,,,,,,,,403541,001,2024-06-18_18h48.04.055,experiment,2023.2.3,Win32,39.68253968,632b3639f61612815d100608,667188dfe6b7144a6371082a,6671c68194f20adf93f7234e,,,,,,,,,,,,,,,,,,,,,,,,,,,,,,,,,,,,,,,,1,,,,,,,,,,,,,3,,,,,,,,,,,,,,,,,,,,,,,,,,,,,,,,,s,0.6987,,space,3,brown_gnome,3,7,bright_forest,red_basket,purple_gnome,3,7,dark_forest,yellow_basket,7,0,0,1,brown_gnome,bright_forest,red_basket,3192,0,-1,26,3,211,2,1,0.538,,,,,,,,,,,,,,,,,,,,,,,,,,,,,,,,,,,,,,,,,,,,,,,,,,,,,,,,,,,,,,,,,,,,,,,,,,,,,
,,,,,,,,,,,,,,,,,,,,,,,,,,,,,,,,,,,,,,,,,,,,,,,,,,,,,,,,,,,,,,,,,403541,001,2024-06-18_18h48.04.055,experiment,2023.2.3,Win32,39.68253968,632b3639f61612815d100608,667188dfe6b7144a6371082a,6671c68194f20adf93f7234e,,,,,,,,,,,,,,,,,,,,,,,,,,,,,,,,,,,,,,,,5,,,,,,,,,,,,,2,,,,,,,,,,,,,,,,,,,,,,,,,,,,,,,,,k,0.9169,,space,2,green_gnome,2,6,dark_forest,yellow_basket,orange_gnome,2,7,bright_forest,red_basket,35,0,0,1,orange_gnome,bright_forest,red_basket,3227,1,2,26,4,212,5,1,0.5553,,,,,,,,,,,,,,,,,,,,,,,,,,,,,,,,,,,,,,,,,,,,,,,,,,,,,,,,,,,,,,,,,,,,,,,,,,,,,
,,,,,,,,,,,,,,,,,,,,,,,,,,,,,,,,,,,,,,,,,,,,,,,,,,,,,,,,,,,,,,,,,403541,001,2024-06-18_18h48.04.055,experiment,2023.2.3,Win32,39.68253968,632b3639f61612815d100608,667188dfe6b7144a6371082a,6671c68194f20adf93f7234e,,,,,,,,,,,,,,,,,,,,,,,,,,,,,,,,,,,,,,,,5,,,,,,,,,,,,,3,,,,,,,,,,,,,,,,,,,,,,,,,,,,,,,,,s,0.7417,,space,3,purple_gnome,3,8,dark_forest,yellow_basket,brown_gnome,3,8,bright_forest,red_basket,40,0,0,1,purple_gnome,dark_forest,yellow_basket,3267,0,2,26,5,213,6,1,0.3093,,,,,,,,,,,,,,,,,,,,,,,,,,,,,,,,,,,,,,,,,,,,,,,,,,,,,,,,,,,,,,,,,,,,,,,,,,,,,
,,,,,,,,,,,,,,,,,,,,,,,,,,,,,,,,,,,,,,,,,,,,,,,,,,,,,,,,,,,,,,,,,403541,001,2024-06-18_18h48.04.055,experiment,2023.2.3,Win32,39.68253968,632b3639f61612815d100608,667188dfe6b7144a6371082a,6671c68194f20adf93f7234e,,,,,,,,,,,,,,,,,,,,,,,,,,,,,,,,,,,,,,,,5,,,,,,,,,,,,,1,,,,,,,,,,,,,,,,,,,,,,,,,,,,,,,,,s,0.6617,,space,1,blue_gnome,1,8,bright_forest,red_basket,red_gnome,1,8,dark_forest,yellow_basket,40,0,0,1,blue_gnome,bright_forest,red_basket,3307,1,0,26,6,214,4,1,0.2553,,,,,,,,,,,,,,,,,,,,,,,,,,,,,,,,,,,,,,,,,,,,,,,,,,,,,,,,,,,,,,,,,,,,,,,,,,,,,
,,,,,,,,,,,,,,,,,,,,,,,,,,,,,,,,,,,,,,,,,,,,,,,,,,,,,,,,,,,,,,,,,403541,001,2024-06-18_18h48.04.055,experiment,2023.2.3,Win32,39.68253968,632b3639f61612815d100608,667188dfe6b7144a6371082a,6671c68194f20adf93f7234e,,,,,,,,,,,,,,,,,,,,,,,,,,,,,,,,,,,,,,,,5,,,,,,,,,,,,,3,,,,,,,,,,,,,,,,,,,,,,,,,,,,,,,,,s,0.6884,,space,3,purple_gnome,3,8,dark_forest,yellow_basket,brown_gnome,3,9,bright_forest,red_basket,40,0,0,1,purple_gnome,dark_forest,yellow_basket,3347,2,0,26,7,215,6,1,0.3363,,,,,,,,,,,,,,,,,,,,,,,,,,,,,,,,,,,,,,,,,,,,,,,,,,,,,,,,,,,,,,,,,,,,,,,,,,,,,
,,,,,,,,,,,,,,,,,,,,,,,,,,,,,,,,,,,,,,,,,,,,,,,,,,,,,,,,,,,,,,,,,403541,001,2024-06-18_18h48.04.055,experiment,2023.2.3,Win32,39.68253968,632b3639f61612815d100608,667188dfe6b7144a6371082a,6671c68194f20adf93f7234e,,,,,,,,,,,,,,,,,,,,,,,,,,,,,,,,,,,,,,,,5,,,,,,,,,,,,,1,,,,,,,,,,,,,,,,,,,,,,,,,,,,,,,,,k,0.6563,,space,1,red_gnome,1,8,dark_forest,yellow_basket,blue_gnome,1,7,bright_forest,red_basket,35,0,0,1,blue_gnome,bright_forest,red_basket,3382,1,4,27,0,216,4,1,0.3904,,,,,,,,,,,,,,,,,,,,,,,,,,,,,,,,,,,,,,,,,,,,,,,,,,,,,,,,,,,,,,,,,,,,,,,,,,,,,
,,,,,,,,,,,,,,,,,,,,,,,,,,,,,,,,,,,,,,,,,,,,,,,,,,,,,,,,,,,,,,,,,403541,001,2024-06-18_18h48.04.055,experiment,2023.2.3,Win32,39.68253968,632b3639f61612815d100608,667188dfe6b7144a6371082a,6671c68194f20adf93f7234e,,,,,,,,,,,,,,,,,,,,,,,,,,,,,,,,,,,,,,,,1,,,,,,,,,,,,,4,,,,,,,,,,,,,,,,,,,,,,,,,,,,,,,,,k,0.6998,,space,4,yellow_gnome,4,6,dark_forest,yellow_basket,pink_gnome,4,8,bright_forest,red_basket,8,0,0,1,pink_gnome,bright_forest,red_basket,3390,1,4,27,1,217,3,1,0.5207,,,,,,,,,,,,,,,,,,,,,,,,,,,,,,,,,,,,,,,,,,,,,,,,,,,,,,,,,,,,,,,,,,,,,,,,,,,,,
,,,,,,,,,,,,,,,,,,,,,,,,,,,,,,,,,,,,,,,,,,,,,,,,,,,,,,,,,,,,,,,,,403541,001,2024-06-18_18h48.04.055,experiment,2023.2.3,Win32,39.68253968,632b3639f61612815d100608,667188dfe6b7144a6371082a,6671c68194f20adf93f7234e,,,,,,,,,,,,,,,,,,,,,,,,,,,,,,,,,,,,,,,,1,,,,,,,,,,,,,4,,,,,,,,,,,,,,,,,,,,,,,,,,,,,,,,,k,0.5361,,space,4,pink_gnome,4,9,bright_forest,red_basket,yellow_gnome,4,8,dark_forest,yellow_basket,8,0,0,1,yellow_gnome,dark_forest,yellow_basket,3398,-2,1,27,2,218,3,1,0.3762,,,,,,,,,,,,,,,,,,,,,,,,,,,,,,,,,,,,,,,,,,,,,,,,,,,,,,,,,,,,,,,,,,,,,,,,,,,,,
,,,,,,,,,,,,,,,,,,,,,,,,,,,,,,,,,,,,,,,,,,,,,,,,,,,,,,,,,,,,,,,,,403541,001,2024-06-18_18h48.04.055,experiment,2023.2.3,Win32,39.68253968,632b3639f61612815d100608,667188dfe6b7144a6371082a,6671c68194f20adf93f7234e,,,,,,,,,,,,,,,,,,,,,,,,,,,,,,,,,,,,,,,,1,,,,,,,,,,,,,1,,,,,,,,,,,,,,,,,,,,,,,,,,,,,,,,,k,0.7018,,space,1,red_gnome,1,9,dark_forest,yellow_basket,blue_gnome,1,7,bright_forest,red_basket,7,0,0,1,blue_gnome,bright_forest,red_basket,3405,2,1,27,3,219,0,1,0.488,,,,,,,,,,,,,,,,,,,,,,,,,,,,,,,,,,,,,,,,,,,,,,,,,,,,,,,,,,,,,,,,,,,,,,,,,,,,,
,,,,,,,,,,,,,,,,,,,,,,,,,,,,,,,,,,,,,,,,,,,,,,,,,,,,,,,,,,,,,,,,,403541,001,2024-06-18_18h48.04.055,experiment,2023.2.3,Win32,39.68253968,632b3639f61612815d100608,667188dfe6b7144a6371082a,6671c68194f20adf93f7234e,,,,,,,,,,,,,,,,,,,,,,,,,,,,,,,,,,,,,,,,1,,,,,,,,,,,,,3,,,,,,,,,,,,,,,,,,,,,,,,,,,,,,,,,k,0.8667,,space,3,brown_gnome,3,9,bright_forest,red_basket,purple_gnome,3,8,dark_forest,yellow_basket,8,0,0,1,purple_gnome,dark_forest,yellow_basket,3413,1,-1,27,4,220,2,1,0.4143,,,,,,,,,,,,,,,,,,,,,,,,,,,,,,,,,,,,,,,,,,,,,,,,,,,,,,,,,,,,,,,,,,,,,,,,,,,,,
,,,,,,,,,,,,,,,,,,,,,,,,,,,,,,,,,,,,,,,,,,,,,,,,,,,,,,,,,,,,,,,,,403541,001,2024-06-18_18h48.04.055,experiment,2023.2.3,Win32,39.68253968,632b3639f61612815d100608,667188dfe6b7144a6371082a,6671c68194f20adf93f7234e,,,,,,,,,,,,,,,,,,,,,,,,,,,,,,,,,,,,,,,,5,,,,,,,,,,,,,3,,,,,,,,,,,,,,,,,,,,,,,,,,,,,,,,,s,0.5381,,space,3,brown_gnome,3,8,bright_forest,red_basket,purple_gnome,3,7,dark_forest,yellow_basket,40,0,0,1,brown_gnome,bright_forest,red_basket,3453,-1,-2,27,5,221,6,1,0.5417,,,,,,,,,,,,,,,,,,,,,,,,,,,,,,,,,,,,,,,,,,,,,,,,,,,,,,,,,,,,,,,,,,,,,,,,,,,,,
,,,,,,,,,,,,,,,,,,,,,,,,,,,,,,,,,,,,,,,,,,,,,,,,,,,,,,,,,,,,,,,,,403541,001,2024-06-18_18h48.04.055,experiment,2023.2.3,Win32,39.68253968,632b3639f61612815d100608,667188dfe6b7144a6371082a,6671c68194f20adf93f7234e,,,,,,,,,,,,,,,,,,,,,,,,,,,,,,,,,,,,,,,,5,,,,,,,,,,,,,3,,,,,,,,,,,,,,,,,,,,,,,,,,,,,,,,,s,0.7368,,space,3,purple_gnome,3,5,dark_forest,yellow_basket,brown_gnome,3,7,bright_forest,red_basket,25,0,0,1,purple_gnome,dark_forest,yellow_basket,3478,-4,-3,27,6,222,6,1,0.4379,,,,,,,,,,,,,,,,,,,,,,,,,,,,,,,,,,,,,,,,,,,,,,,,,,,,,,,,,,,,,,,,,,,,,,,,,,,,,
,,,,,,,,,,,,,,,,,,,,,,,,,,,,,,,,,,,,,,,,,,,,,,,,,,,,,,,,,,,,,,,,,403541,001,2024-06-18_18h48.04.055,experiment,2023.2.3,Win32,39.68253968,632b3639f61612815d100608,667188dfe6b7144a6371082a,6671c68194f20adf93f7234e,,,,,,,,,,,,,,,,,,,,,,,,,,,,,,,,,,,,,,,,5,,,,,,,,,,,,,3,,,,,,,,,,,,,,,,,,,,,,,,,,,,,,,,,k,0.785,,space,3,brown_gnome,3,3,bright_forest,red_basket,purple_gnome,3,2,dark_forest,yellow_basket,10,0,0,1,purple_gnome,dark_forest,yellow_basket,3488,-1,0,27,7,223,6,1,0.3894,,,,,,,,,,,,,,,,,,,,,,,,,,,,,,,,,,,,,,,,,,,,,,,,,,,,,,,,,,,,,,,,,,,,,,,,,,,,,
,,,,,,,,,,,,,,,,,,,,,,,,,,,,,,,,,,,,,,,,,,,,,,,,,,,,,,,,,,,,,,,,,403541,001,2024-06-18_18h48.04.055,experiment,2023.2.3,Win32,39.68253968,632b3639f61612815d100608,667188dfe6b7144a6371082a,6671c68194f20adf93f7234e,,,,,,,,,,,,,,,,,,,,,,,,,,,,,,,,,,,,,,,,1,,,,,,,,,,,,,4,,,,,,,,,,,,,,,,,,,,,,,,,,,,,,,,,s,0.7504,,space,4,pink_gnome,4,2,bright_forest,red_basket,yellow_gnome,4,2,dark_forest,yellow_basket,2,0,0,1,pink_gnome,bright_forest,red_basket,3490,-1,2,28,0,224,3,1,0.3175,,,,,,,,,,,,,,,,,,,,,,,,,,,,,,,,,,,,,,,,,,,,,,,,,,,,,,,,,,,,,,,,,,,,,,,,,,,,,
,,,,,,,,,,,,,,,,,,,,,,,,,,,,,,,,,,,,,,,,,,,,,,,,,,,,,,,,,,,,,,,,,403541,001,2024-06-18_18h48.04.055,experiment,2023.2.3,Win32,39.68253968,632b3639f61612815d100608,667188dfe6b7144a6371082a,6671c68194f20adf93f7234e,,,,,,,,,,,,,,,,,,,,,,,,,,,,,,,,,,,,,,,,1,,,,,,,,,,,,,1,,,,,,,,,,,,,,,,,,,,,,,,,,,,,,,,,k,0.7642,,space,1,red_gnome,1,4,dark_forest,yellow_basket,blue_gnome,1,1,bright_forest,red_basket,1,0,0,1,blue_gnome,bright_forest,red_basket,3491,2,0,28,1,225,0,1,0.4173,,,,,,,,,,,,,,,,,,,,,,,,,,,,,,,,,,,,,,,,,,,,,,,,,,,,,,,,,,,,,,,,,,,,,,,,,,,,,
,,,,,,,,,,,,,,,,,,,,,,,,,,,,,,,,,,,,,,,,,,,,,,,,,,,,,,,,,,,,,,,,,403541,001,2024-06-18_18h48.04.055,experiment,2023.2.3,Win32,39.68253968,632b3639f61612815d100608,667188dfe6b7144a6371082a,6671c68194f20adf93f7234e,,,,,,,,,,,,,,,,,,,,,,,,,,,,,,,,,,,,,,,,5,,,,,,,,,,,,,1,,,,,,,,,,,,,,,,,,,,,,,,,,,,,,,,,s,0.6137,,space,1,blue_gnome,1,3,bright_forest,red_basket,red_gnome,1,4,dark_forest,yellow_basket,15,0,0,1,blue_gnome,bright_forest,red_basket,3506,2,2,28,2,226,4,1,0.4157,,,,,,,,,,,,,,,,,,,,,,,,,,,,,,,,,,,,,,,,,,,,,,,,,,,,,,,,,,,,,,,,,,,,,,,,,,,,,
,,,,,,,,,,,,,,,,,,,,,,,,,,,,,,,,,,,,,,,,,,,,,,,,,,,,,,,,,,,,,,,,,403541,001,2024-06-18_18h48.04.055,experiment,2023.2.3,Win32,39.68253968,632b3639f61612815d100608,667188dfe6b7144a6371082a,6671c68194f20adf93f7234e,,,,,,,,,,,,,,,,,,,,,,,,,,,,,,,,,,,,,,,,1,,,,,,,,,,,,,1,,,,,,,,,,,,,,,,,,,,,,,,,,,,,,,,,k,0.5612,,space,1,red_gnome,1,6,dark_forest,yellow_basket,blue_gnome,1,5,bright_forest,red_basket,5,0,0,1,blue_gnome,bright_forest,red_basket,3511,-1,0,28,3,227,0,1,0.5871,,,,,,,,,,,,,,,,,,,,,,,,,,,,,,,,,,,,,,,,,,,,,,,,,,,,,,,,,,,,,,,,,,,,,,,,,,,,,
,,,,,,,,,,,,,,,,,,,,,,,,,,,,,,,,,,,,,,,,,,,,,,,,,,,,,,,,,,,,,,,,,403541,001,2024-06-18_18h48.04.055,experiment,2023.2.3,Win32,39.68253968,632b3639f61612815d100608,667188dfe6b7144a6371082a,6671c68194f20adf93f7234e,,,,,,,,,,,,,,,,,,,,,,,,,,,,,,,,,,,,,,,,5,,,,,,,,,,,,,2,,,,,,,,,,,,,,,,,,,,,,,,,,,,,,,,,k,0.7397,,space,2,orange_gnome,2,4,bright_forest,red_basket,green_gnome,2,6,dark_forest,yellow_basket,30,0,0,1,green_gnome,dark_forest,yellow_basket,3541,1,2,28,4,228,5,1,0.3916,,,,,,,,,,,,,,,,,,,,,,,,,,,,,,,,,,,,,,,,,,,,,,,,,,,,,,,,,,,,,,,,,,,,,,,,,,,,,
,,,,,,,,,,,,,,,,,,,,,,,,,,,,,,,,,,,,,,,,,,,,,,,,,,,,,,,,,,,,,,,,,403541,001,2024-06-18_18h48.04.055,experiment,2023.2.3,Win32,39.68253968,632b3639f61612815d100608,667188dfe6b7144a6371082a,6671c68194f20adf93f7234e,,,,,,,,,,,,,,,,,,,,,,,,,,,,,,,,,,,,,,,,5,,,,,,,,,,,,,1,,,,,,,,,,,,,,,,,,,,,,,,,,,,,,,,,s,0.6382,,space,1,blue_gnome,1,5,bright_forest,red_basket,red_gnome,1,8,dark_forest,yellow_basket,25,0,0,1,blue_gnome,bright_forest,red_basket,3566,1,1,28,5,229,4,1,0.4517,,,,,,,,,,,,,,,,,,,,,,,,,,,,,,,,,,,,,,,,,,,,,,,,,,,,,,,,,,,,,,,,,,,,,,,,,,,,,
,,,,,,,,,,,,,,,,,,,,,,,,,,,,,,,,,,,,,,,,,,,,,,,,,,,,,,,,,,,,,,,,,403541,001,2024-06-18_18h48.04.055,experiment,2023.2.3,Win32,39.68253968,632b3639f61612815d100608,667188dfe6b7144a6371082a,6671c68194f20adf93f7234e,,,,,,,,,,,,,,,,,,,,,,,,,,,,,,,,,,,,,,,,1,,,,,,,,,,,,,4,,,,,,,,,,,,,,,,,,,,,,,,,,,,,,,,,k,0.8351,,space,4,yellow_gnome,4,9,dark_forest,yellow_basket,pink_gnome,4,6,bright_forest,red_basket,6,0,0,1,pink_gnome,bright_forest,red_basket,3572,-2,0,28,6,230,3,1,0.4104,,,,,,,,,,,,,,,,,,,,,,,,,,,,,,,,,,,,,,,,,,,,,,,,,,,,,,,,,,,,,,,,,,,,,,,,,,,,,
,,,,,,,,,,,,,,,,,,,,,,,,,,,,,,,,,,,,,,,,,,,,,,,,,,,,,,,,,,,,,,,,,403541,001,2024-06-18_18h48.04.055,experiment,2023.2.3,Win32,39.68253968,632b3639f61612815d100608,667188dfe6b7144a6371082a,6671c68194f20adf93f7234e,,,,,,,,,,,,,,,,,,,,,,,,,,,,,,,,,,,,,,,,1,,,,,,,,,,,,,2,,,,,,,,,,,,,,,,,,,,,,,,,,,,,,,,,s,0.5904,,space,2,green_gnome,2,9,dark_forest,yellow_basket,orange_gnome,2,4,bright_forest,red_basket,9,0,0,1,green_gnome,dark_forest,yellow_basket,3581,-2,0,28,7,231,1,1,0.2373,,,,,,,,,,,,,,,,,,,,,,,,,,,,,,,,,,,,,,,,,,,,,,,,,,,,,,,,,,,,,,,,,,,,,,,,,,,,,
,,,,,,,,,,,,,,,,,,,,,,,,,,,,,,,,,,,,,,,,,,,,,,,,,,,,,,,,,,,,,,,,,403541,001,2024-06-18_18h48.04.055,experiment,2023.2.3,Win32,39.68253968,632b3639f61612815d100608,667188dfe6b7144a6371082a,6671c68194f20adf93f7234e,,,,,,,,,,,,,,,,,,,,,,,,,,,,,,,,,,,,,,,,5,,,,,,,,,,,,,2,,,,,,,,,,,,,,,,,,,,,,,,,,,,,,,,,k,0.8896,,space,2,green_gnome,2,9,dark_forest,yellow_basket,orange_gnome,2,2,bright_forest,red_basket,10,0,0,1,orange_gnome,bright_forest,red_basket,3591,-2,-2,29,0,232,5,1,0.4406,,,,,,,,,,,,,,,,,,,,,,,,,,,,,,,,,,,,,,,,,,,,,,,,,,,,,,,,,,,,,,,,,,,,,,,,,,,,,
,,,,,,,,,,,,,,,,,,,,,,,,,,,,,,,,,,,,,,,,,,,,,,,,,,,,,,,,,,,,,,,,,403541,001,2024-06-18_18h48.04.055,experiment,2023.2.3,Win32,39.68253968,632b3639f61612815d100608,667188dfe6b7144a6371082a,6671c68194f20adf93f7234e,,,,,,,,,,,,,,,,,,,,,,,,,,,,,,,,,,,,,,,,1,,,,,,,,,,,,,1,,,,,,,,,,,,,,,,,,,,,,,,,,,,,,,,,s,0.49,,space,1,blue_gnome,1,0,bright_forest,red_basket,red_gnome,1,7,dark_forest,yellow_basket,0,0,0,1,blue_gnome,bright_forest,red_basket,3591,3,-2,29,1,233,0,1,0.4097,,,,,,,,,,,,,,,,,,,,,,,,,,,,,,,,,,,,,,,,,,,,,,,,,,,,,,,,,,,,,,,,,,,,,,,,,,,,,
,,,,,,,,,,,,,,,,,,,,,,,,,,,,,,,,,,,,,,,,,,,,,,,,,,,,,,,,,,,,,,,,,403541,001,2024-06-18_18h48.04.055,experiment,2023.2.3,Win32,39.68253968,632b3639f61612815d100608,667188dfe6b7144a6371082a,6671c68194f20adf93f7234e,,,,,,,,,,,,,,,,,,,,,,,,,,,,,,,,,,,,,,,,5,,,,,,,,,,,,,2,,,,,,,,,,,,,,,,,,,,,,,,,,,,,,,,,s,0.6339,,space,2,green_gnome,2,5,dark_forest,yellow_basket,orange_gnome,2,3,bright_forest,red_basket,25,0,0,1,green_gnome,dark_forest,yellow_basket,3616,-2,1,29,2,234,5,1,0.3453,,,,,,,,,,,,,,,,,,,,,,,,,,,,,,,,,,,,,,,,,,,,,,,,,,,,,,,,,,,,,,,,,,,,,,,,,,,,,
,,,,,,,,,,,,,,,,,,,,,,,,,,,,,,,,,,,,,,,,,,,,,,,,,,,,,,,,,,,,,,,,,403541,001,2024-06-18_18h48.04.055,experiment,2023.2.3,Win32,39.68253968,632b3639f61612815d100608,667188dfe6b7144a6371082a,6671c68194f20adf93f7234e,,,,,,,,,,,,,,,,,,,,,,,,,,,,,,,,,,,,,,,,1,,,,,,,,,,,,,3,,,,,,,,,,,,,,,,,,,,,,,,,,,,,,,,,k,0.7146,,space,3,brown_gnome,3,1,bright_forest,red_basket,purple_gnome,3,6,dark_forest,yellow_basket,6,0,0,1,purple_gnome,dark_forest,yellow_basket,3622,0,1,29,3,235,2,1,0.3383,,,,,,,,,,,,,,,,,,,,,,,,,,,,,,,,,,,,,,,,,,,,,,,,,,,,,,,,,,,,,,,,,,,,,,,,,,,,,
,,,,,,,,,,,,,,,,,,,,,,,,,,,,,,,,,,,,,,,,,,,,,,,,,,,,,,,,,,,,,,,,,403541,001,2024-06-18_18h48.04.055,experiment,2023.2.3,Win32,39.68253968,632b3639f61612815d100608,667188dfe6b7144a6371082a,6671c68194f20adf93f7234e,,,,,,,,,,,,,,,,,,,,,,,,,,,,,,,,,,,,,,,,1,,,,,,,,,,,,,1,,,,,,,,,,,,,,,,,,,,,,,,,,,,,,,,,s,0.5125,,space,1,blue_gnome,1,1,bright_forest,red_basket,red_gnome,1,7,dark_forest,yellow_basket,1,0,0,1,blue_gnome,bright_forest,red_basket,3623,1,2,29,4,236,0,1,0.4272,,,,,,,,,,,,,,,,,,,,,,,,,,,,,,,,,,,,,,,,,,,,,,,,,,,,,,,,,,,,,,,,,,,,,,,,,,,,,
,,,,,,,,,,,,,,,,,,,,,,,,,,,,,,,,,,,,,,,,,,,,,,,,,,,,,,,,,,,,,,,,,403541,001,2024-06-18_18h48.04.055,experiment,2023.2.3,Win32,39.68253968,632b3639f61612815d100608,667188dfe6b7144a6371082a,6671c68194f20adf93f7234e,,,,,,,,,,,,,,,,,,,,,,,,,,,,,,,,,,,,,,,,5,,,,,,,,,,,,,2,,,,,,,,,,,,,,,,,,,,,,,,,,,,,,,,,k,0.7138,,space,2,orange_gnome,2,2,bright_forest,red_basket,green_gnome,2,9,dark_forest,yellow_basket,45,0,0,1,green_gnome,dark_forest,yellow_basket,3668,-1,-2,29,5,237,5,1,0.4069,,,,,,,,,,,,,,,,,,,,,,,,,,,,,,,,,,,,,,,,,,,,,,,,,,,,,,,,,,,,,,,,,,,,,,,,,,,,,
,,,,,,,,,,,,,,,,,,,,,,,,,,,,,,,,,,,,,,,,,,,,,,,,,,,,,,,,,,,,,,,,,403541,001,2024-06-18_18h48.04.055,experiment,2023.2.3,Win32,39.68253968,632b3639f61612815d100608,667188dfe6b7144a6371082a,6671c68194f20adf93f7234e,,,,,,,,,,,,,,,,,,,,,,,,,,,,,,,,,,,,,,,,5,,,,,,,,,,,,,4,,,,,,,,,,,,,,,,,,,,,,,,,,,,,,,,,k,0.8106,,space,4,yellow_gnome,4,7,dark_forest,yellow_basket,pink_gnome,4,1,bright_forest,red_basket,5,0,0,1,pink_gnome,bright_forest,red_basket,3673,1,0,29,6,238,7,1,0.3604,,,,,,,,,,,,,,,,,,,,,,,,,,,,,,,,,,,,,,,,,,,,,,,,,,,,,,,,,,,,,,,,,,,,,,,,,,,,,
,,,,,,,,,,,,,,,,,,,,,,,,,,,,,,,,,,,,,,,,,,,,,,,,,,,,,,,,,,,,,,,,,403541,001,2024-06-18_18h48.04.055,experiment,2023.2.3,Win32,39.68253968,632b3639f61612815d100608,667188dfe6b7144a6371082a,6671c68194f20adf93f7234e,,,,,,,,,,,,,,,,,,,,,,,,,,,,,,,,,,,,,,,,1,,,,,,,,,,,,,1,,,,,,,,,,,,,,,,,,,,,,,,,,,,,,,,,s,0.6329,,space,1,blue_gnome,1,2,bright_forest,red_basket,red_gnome,1,7,dark_forest,yellow_basket,2,0,0,1,blue_gnome,bright_forest,red_basket,3675,1,-2,29,7,239,0,1,0.4128,,,,,,,,,,,,,,,,,,,,,,,,,,,,,,,,,,,,,,,,,,,,,,,,,,,,,,,,,,,,,,,,,,,,,,,,,,,,,
,,,,,,,,,,,,,,,,,,,,,,,,,,,,,,,,,,,,,,,,,,,,,,,,,,,,,,,,,,,,,,,,,403541,001,2024-06-18_18h48.04.055,experiment,2023.2.3,Win32,39.68253968,632b3639f61612815d100608,667188dfe6b7144a6371082a,6671c68194f20adf93f7234e,,,,,,,,,,,,,,,,,,,,,,,,,,,,,,,,,,,,,,,,1,,,,,,,,,,,,,4,,,,,,,,,,,,,,,,,,,,,,,,,,,,,,,,,k,0.739,,space,4,yellow_gnome,4,5,dark_forest,yellow_basket,pink_gnome,4,3,bright_forest,red_basket,3,0,0,1,pink_gnome,bright_forest,red_basket,3678,5,0,30,0,240,3,1,0.4275,,,,,,,,,,,,,,,,,,,,,,,,,,,,,,,,,,,,,,,,,,,,,,,,,,,,,,,,,,,,,,,,,,,,,,,,,,,,,
,,,,,,,,,,,,,,,,,,,,,,,,,,,,,,,,,,,,,,,,,,,,,,,,,,,,,,,,,,,,,,,,,403541,001,2024-06-18_18h48.04.055,experiment,2023.2.3,Win32,39.68253968,632b3639f61612815d100608,667188dfe6b7144a6371082a,6671c68194f20adf93f7234e,,,,,,,,,,,,,,,,,,,,,,,,,,,,,,,,,,,,,,,,1,,,,,,,,,,,,,2,,,,,,,,,,,,,,,,,,,,,,,,,,,,,,,,,k,0.7868,,space,2,orange_gnome,2,8,bright_forest,red_basket,green_gnome,2,5,dark_forest,yellow_basket,5,0,0,1,green_gnome,dark_forest,yellow_basket,3683,2,0,30,1,241,1,1,0.337,,,,,,,,,,,,,,,,,,,,,,,,,,,,,,,,,,,,,,,,,,,,,,,,,,,,,,,,,,,,,,,,,,,,,,,,,,,,,
,,,,,,,,,,,,,,,,,,,,,,,,,,,,,,,,,,,,,,,,,,,,,,,,,,,,,,,,,,,,,,,,,403541,001,2024-06-18_18h48.04.055,experiment,2023.2.3,Win32,39.68253968,632b3639f61612815d100608,667188dfe6b7144a6371082a,6671c68194f20adf93f7234e,,,,,,,,,,,,,,,,,,,,,,,,,,,,,,,,,,,,,,,,1,,,,,,,,,,,,,3,,,,,,,,,,,,,,,,,,,,,,,,,,,,,,,,,s,0.5361,,space,3,purple_gnome,3,5,dark_forest,yellow_basket,brown_gnome,3,8,bright_forest,red_basket,5,0,0,1,purple_gnome,dark_forest,yellow_basket,3688,-4,-1,30,2,242,2,1,0.3178,,,,,,,,,,,,,,,,,,,,,,,,,,,,,,,,,,,,,,,,,,,,,,,,,,,,,,,,,,,,,,,,,,,,,,,,,,,,,
,,,,,,,,,,,,,,,,,,,,,,,,,,,,,,,,,,,,,,,,,,,,,,,,,,,,,,,,,,,,,,,,,403541,001,2024-06-18_18h48.04.055,experiment,2023.2.3,Win32,39.68253968,632b3639f61612815d100608,667188dfe6b7144a6371082a,6671c68194f20adf93f7234e,,,,,,,,,,,,,,,,,,,,,,,,,,,,,,,,,,,,,,,,1,,,,,,,,,,,,,4,,,,,,,,,,,,,,,,,,,,,,,,,,,,,,,,,s,0.7347,,space,4,yellow_gnome,4,4,dark_forest,yellow_basket,pink_gnome,4,4,bright_forest,red_basket,4,0,0,1,yellow_gnome,dark_forest,yellow_basket,3692,-1,1,30,3,243,3,1,0.3671,,,,,,,,,,,,,,,,,,,,,,,,,,,,,,,,,,,,,,,,,,,,,,,,,,,,,,,,,,,,,,,,,,,,,,,,,,,,,
,,,,,,,,,,,,,,,,,,,,,,,,,,,,,,,,,,,,,,,,,,,,,,,,,,,,,,,,,,,,,,,,,403541,001,2024-06-18_18h48.04.055,experiment,2023.2.3,Win32,39.68253968,632b3639f61612815d100608,667188dfe6b7144a6371082a,6671c68194f20adf93f7234e,,,,,,,,,,,,,,,,,,,,,,,,,,,,,,,,,,,,,,,,5,,,,,,,,,,,,,3,,,,,,,,,,,,,,,,,,,,,,,,,,,,,,,,,s,0.6612,,space,3,purple_gnome,3,5,dark_forest,yellow_basket,brown_gnome,3,3,bright_forest,red_basket,25,0,0,1,purple_gnome,dark_forest,yellow_basket,3717,0,0,30,4,244,6,1,0.2664,,,,,,,,,,,,,,,,,,,,,,,,,,,,,,,,,,,,,,,,,,,,,,,,,,,,,,,,,,,,,,,,,,,,,,,,,,,,,
,,,,,,,,,,,,,,,,,,,,,,,,,,,,,,,,,,,,,,,,,,,,,,,,,,,,,,,,,,,,,,,,,403541,001,2024-06-18_18h48.04.055,experiment,2023.2.3,Win32,39.68253968,632b3639f61612815d100608,667188dfe6b7144a6371082a,6671c68194f20adf93f7234e,,,,,,,,,,,,,,,,,,,,,,,,,,,,,,,,,,,,,,,,1,,,,,,,,,,,,,3,,,,,,,,,,,,,,,,,,,,,,,,,,,,,,,,,k,0.6383,,space,3,brown_gnome,3,3,bright_forest,red_basket,purple_gnome,3,5,dark_forest,yellow_basket,5,0,0,1,purple_gnome,dark_forest,yellow_basket,3722,3,0,30,5,245,2,1,0.3859,,,,,,,,,,,,,,,,,,,,,,,,,,,,,,,,,,,,,,,,,,,,,,,,,,,,,,,,,,,,,,,,,,,,,,,,,,,,,
,,,,,,,,,,,,,,,,,,,,,,,,,,,,,,,,,,,,,,,,,,,,,,,,,,,,,,,,,,,,,,,,,403541,001,2024-06-18_18h48.04.055,experiment,2023.2.3,Win32,39.68253968,632b3639f61612815d100608,667188dfe6b7144a6371082a,6671c68194f20adf93f7234e,,,,,,,,,,,,,,,,,,,,,,,,,,,,,,,,,,,,,,,,1,,,,,,,,,,,,,1,,,,,,,,,,,,,,,,,,,,,,,,,,,,,,,,,k,0.698,,space,1,blue_gnome,1,6,bright_forest,red_basket,red_gnome,1,5,dark_forest,yellow_basket,5,0,0,1,red_gnome,dark_forest,yellow_basket,3727,-1,-3,30,6,246,0,1,0.2114,,,,,,,,,,,,,,,,,,,,,,,,,,,,,,,,,,,,,,,,,,,,,,,,,,,,,,,,,,,,,,,,,,,,,,,,,,,,,
,,,,,,,,,,,,,,,,,,,,,,,,,,,,,,,,,,,,,,,,,,,,,,,,,,,,,,,,,,,,,,,,,403541,001,2024-06-18_18h48.04.055,experiment,2023.2.3,Win32,39.68253968,632b3639f61612815d100608,667188dfe6b7144a6371082a,6671c68194f20adf93f7234e,,,,,,,,,,,,,,,,,,,,,,,,,,,,,,,,,,,,,,,,1,,,,,,,,,,,,,1,,,,,,,,,,,,,,,,,,,,,,,,,,,,,,,,,s,0.488,,space,1,red_gnome,1,2,dark_forest,yellow_basket,blue_gnome,1,5,bright_forest,red_basket,2,0,0,1,red_gnome,dark_forest,yellow_basket,3729,2,1,30,7,247,0,1,0.6707,,,,,,,,,,,,,,,,,,,,,,,,,,,,,,,,,,,,,,,,,,,,,,,,,,,,,,,,,,,,,,,,,,,,,,,,,,,,,
,,,,,,,,,,,,,,,,,,,,,,,,,,,,,,,,,,,,,,,,,,,,,,,,,,,,,,,,,,,,,,,,,403541,001,2024-06-18_18h48.04.055,experiment,2023.2.3,Win32,39.68253968,632b3639f61612815d100608,667188dfe6b7144a6371082a,6671c68194f20adf93f7234e,,,,,,,,,,,,,,,,,,,,,,,,,,,,,,,,,,,,,,,,1,,,,,,,,,,,,,4,,,,,,,,,,,,,,,,,,,,,,,,,,,,,,,,,k,0.7435,,space,4,yellow_gnome,4,3,dark_forest,yellow_basket,pink_gnome,4,7,bright_forest,red_basket,7,0,0,1,pink_gnome,bright_forest,red_basket,3736,2,2,31,0,248,3,1,0.3539,,,,,,,,,,,,,,,,,,,,,,,,,,,,,,,,,,,,,,,,,,,,,,,,,,,,,,,,,,,,,,,,,,,,,,,,,,,,,
,,,,,,,,,,,,,,,,,,,,,,,,,,,,,,,,,,,,,,,,,,,,,,,,,,,,,,,,,,,,,,,,,403541,001,2024-06-18_18h48.04.055,experiment,2023.2.3,Win32,39.68253968,632b3639f61612815d100608,667188dfe6b7144a6371082a,6671c68194f20adf93f7234e,,,,,,,,,,,,,,,,,,,,,,,,,,,,,,,,,,,,,,,,5,,,,,,,,,,,,,2,,,,,,,,,,,,,,,,,,,,,,,,,,,,,,,,,k,0.7617,,space,2,orange_gnome,2,9,bright_forest,red_basket,green_gnome,2,5,dark_forest,yellow_basket,25,0,0,1,green_gnome,dark_forest,yellow_basket,3761,-1,-5,31,1,249,5,1,0.3825,,,,,,,,,,,,,,,,,,,,,,,,,,,,,,,,,,,,,,,,,,,,,,,,,,,,,,,,,,,,,,,,,,,,,,,,,,,,,
,,,,,,,,,,,,,,,,,,,,,,,,,,,,,,,,,,,,,,,,,,,,,,,,,,,,,,,,,,,,,,,,,403541,001,2024-06-18_18h48.04.055,experiment,2023.2.3,Win32,39.68253968,632b3639f61612815d100608,667188dfe6b7144a6371082a,6671c68194f20adf93f7234e,,,,,,,,,,,,,,,,,,,,,,,,,,,,,,,,,,,,,,,,1,,,,,,,,,,,,,1,,,,,,,,,,,,,,,,,,,,,,,,,,,,,,,,,s,0.9762,,space,1,red_gnome,1,0,dark_forest,yellow_basket,blue_gnome,1,8,bright_forest,red_basket,0,0,0,1,red_gnome,dark_forest,yellow_basket,3761,1,4,31,2,250,0,1,0.3648,,,,,,,,,,,,,,,,,,,,,,,,,,,,,,,,,,,,,,,,,,,,,,,,,,,,,,,,,,,,,,,,,,,,,,,,,,,,,
,,,,,,,,,,,,,,,,,,,,,,,,,,,,,,,,,,,,,,,,,,,,,,,,,,,,,,,,,,,,,,,,,403541,001,2024-06-18_18h48.04.055,experiment,2023.2.3,Win32,39.68253968,632b3639f61612815d100608,667188dfe6b7144a6371082a,6671c68194f20adf93f7234e,,,,,,,,,,,,,,,,,,,,,,,,,,,,,,,,,,,,,,,,1,,,,,,,,,,,,,1,,,,,,,,,,,,,,,,,,,,,,,,,,,,,,,,,s,0.7695,,space,1,blue_gnome,1,9,bright_forest,red_basket,red_gnome,1,4,dark_forest,yellow_basket,9,0,0,1,blue_gnome,bright_forest,red_basket,3770,0,1,31,3,251,0,1,0.4394,,,,,,,,,,,,,,,,,,,,,,,,,,,,,,,,,,,,,,,,,,,,,,,,,,,,,,,,,,,,,,,,,,,,,,,,,,,,,
,,,,,,,,,,,,,,,,,,,,,,,,,,,,,,,,,,,,,,,,,,,,,,,,,,,,,,,,,,,,,,,,,403541,001,2024-06-18_18h48.04.055,experiment,2023.2.3,Win32,39.68253968,632b3639f61612815d100608,667188dfe6b7144a6371082a,6671c68194f20adf93f7234e,,,,,,,,,,,,,,,,,,,,,,,,,,,,,,,,,,,,,,,,1,,,,,,,,,,,,,1,,,,,,,,,,,,,,,,,,,,,,,,,,,,,,,,,s,0.6402,,space,1,blue_gnome,1,9,bright_forest,red_basket,red_gnome,1,5,dark_forest,yellow_basket,9,0,0,1,blue_gnome,bright_forest,red_basket,3779,-2,-1,31,4,252,0,1,0.4097,,,,,,,,,,,,,,,,,,,,,,,,,,,,,,,,,,,,,,,,,,,,,,,,,,,,,,,,,,,,,,,,,,,,,,,,,,,,,
,,,,,,,,,,,,,,,,,,,,,,,,,,,,,,,,,,,,,,,,,,,,,,,,,,,,,,,,,,,,,,,,,403541,001,2024-06-18_18h48.04.055,experiment,2023.2.3,Win32,39.68253968,632b3639f61612815d100608,667188dfe6b7144a6371082a,6671c68194f20adf93f7234e,,,,,,,,,,,,,,,,,,,,,,,,,,,,,,,,,,,,,,,,5,,,,,,,,,,,,,4,,,,,,,,,,,,,,,,,,,,,,,,,,,,,,,,,s,0.5636,,space,4,yellow_gnome,4,4,dark_forest,yellow_basket,pink_gnome,4,7,bright_forest,red_basket,20,0,0,1,yellow_gnome,dark_forest,yellow_basket,3799,2,-2,31,5,253,7,1,0.2829,,,,,,,,,,,,,,,,,,,,,,,,,,,,,,,,,,,,,,,,,,,,,,,,,,,,,,,,,,,,,,,,,,,,,,,,,,,,,
,,,,,,,,,,,,,,,,,,,,,,,,,,,,,,,,,,,,,,,,,,,,,,,,,,,,,,,,,,,,,,,,,403541,001,2024-06-18_18h48.04.055,experiment,2023.2.3,Win32,39.68253968,632b3639f61612815d100608,667188dfe6b7144a6371082a,6671c68194f20adf93f7234e,,,,,,,,,,,,,,,,,,,,,,,,,,,,,,,,,,,,,,,,1,,,,,,,,,,,,,3,,,,,,,,,,,,,,,,,,,,,,,,,,,,,,,,,k,0.7524,,space,3,purple_gnome,3,2,dark_forest,yellow_basket,brown_gnome,3,9,bright_forest,red_basket,9,0,0,1,brown_gnome,bright_forest,red_basket,3808,4,-1,31,6,254,2,1,0.3915,,,,,,,,,,,,,,,,,,,,,,,,,,,,,,,,,,,,,,,,,,,,,,,,,,,,,,,,,,,,,,,,,,,,,,,,,,,,,
,,,,,,,,,,,,,,,,,,,,,,,,,,,,,,,,,,,,,,,,,,,,,,,,,,,,,,,,,,,,,,,,,403541,001,2024-06-18_18h48.04.055,experiment,2023.2.3,Win32,39.68253968,632b3639f61612815d100608,667188dfe6b7144a6371082a,6671c68194f20adf93f7234e,,,,,,,,,,,,,,,,,,,,,,,,,,,,,,,,,,,,,,,,1,,,,,,,,,,,,,2,,,,,,,,,,,,,,,,,,,,,,,,,,,,,,,,,k,0.7192,,space,2,orange_gnome,2,5,bright_forest,red_basket,green_gnome,2,1,dark_forest,yellow_basket,1,0,0,1,green_gnome,dark_forest,yellow_basket,3809,4,0,31,7,255,1,1,0.4008,,,,,,,,,,,,,,,,,,,,,,,,,,,,,,,,,,,,,,,,,,,,,,,,,,,,,,,,,,,,,,,,,,,,,,,,,,,,,
,,,,,,,,,,,,,,,,,,,,,,,,,,,,,,,,,,,,,,,,,,,,,,,,,,,,,,,,,,,,,,,,,403541,001,2024-06-18_18h48.04.055,experiment,2023.2.3,Win32,39.68253968,632b3639f61612815d100608,667188dfe6b7144a6371082a,6671c68194f20adf93f7234e,,,,,,,,,,,,,,,,,,,,,,,,,,,,,,,,,,,,,,,,,,,,,,,,,,,,,,,,,,,,,,,,,,3479.2213,3521.7184,0.625,-0.3203125,1,0,0,42.3325,t_advice_finished_typing_rect,,,,,,,,,,,,,,,,,,,,,,,,,,,,,,,,,,,,,,,,,,,,,,,space,15.0203,,space,70.1152,,space,8.9286,,"Ensure to be fast enough when selecting your gnome and choosing to collect the mushrooms so as not to miss chances of accumulating points. Be observant of the patterns identify the color that could boost your points more. For instance, the green, blue and grey worked well for me",-0.087239583,0.328125,1,0,0,449.3344,vb_finished_typing_rect,space,37.5866,,space,34.7113,,space,25.6884,,space,13.3867,,25.65104167,18.089,64.97395833,20.0837,space,28.2706,,purple_gnome,pink_gnome,0,0,0,7,1,1,2,,,,,,,,,,,,,,,,,,,,,,,,,,,,
,,,,,,,,,,,,,,,,,,,,,,,,,,,,,,,,,,,,,,,,,,,,,,,,,,,,,,,,,,,,,,,,,403541,001,2024-06-18_18h48.04.055,experiment,2023.2.3,Win32,39.68253968,632b3639f61612815d100608,667188dfe6b7144a6371082a,6671c68194f20adf93f7234e,,,,,,,,,,,,,,,,,,,,,,,,,,,,,,,,,,,,,,,,,,,,,,,,,,,,,,,,,,,,,,,,,,,,,,,,,,,,,,,,,,,,,,,,,,,,,,,,,,,,,,,,,,,,,,,,,,,,,,,,,,,,,,,,,,,,,,,,,,,,,,,,,,,,,,66.27604167,19.8806,40.75520833,23.0561,space,25.4832,,pink_gnome,red_gnome,0,1,1,15,1,2,5,,,,,,,,,,,,,,,,,,,,,,,,,,,,
,,,,,,,,,,,,,,,,,,,,,,,,,,,,,,,,,,,,,,,,,,,,,,,,,,,,,,,,,,,,,,,,,403541,001,2024-06-18_18h48.04.055,experiment,2023.2.3,Win32,39.68253968,632b3639f61612815d100608,667188dfe6b7144a6371082a,6671c68194f20adf93f7234e,,,,,,,,,,,,,,,,,,,,,,,,,,,,,,,,,,,,,,,,,,,,,,,,,,,,,,,,,,,,,,,,,,,,,,,,,,,,,,,,,,,,,,,,,,,,,,,,,,,,,,,,,,,,,,,,,,,,,,,,,,,,,,,,,,,,,,,,,,,,,,,,,,,,,,99.21875,7.6756,80.98958333,12.0112,space,17.084,,blue_gnome,red_gnome,0,2,2,19,1,3,5,,,,,,,,,,,,,,,,,,,,,,,,,,,,
,,,,,,,,,,,,,,,,,,,,,,,,,,,,,,,,,,,,,,,,,,,,,,,,,,,,,,,,,,,,,,,,,403541,001,2024-06-18_18h48.04.055,experiment,2023.2.3,Win32,39.68253968,632b3639f61612815d100608,667188dfe6b7144a6371082a,6671c68194f20adf93f7234e,,,,,,,,,,,,,,,,,,,,,,,,,,,,,,,,,,,,,,,,,,,,,,,,,,,,,,,,,,,,,,,,,,,,,,,,,,,,,,,,,,,,,,,,,,,,,,,,,,,,,,,,,,,,,,,,,,,,,,,,,,,,,,,,,,,,,,,,,,,,,,,,,,,,,,63.02083333,16.2669,47.78645833,19.8461,space,22.4,,brown_gnome,orange_gnome,0,3,3,6,1,0,7,,,,,,,,,,,,,,,,,,,,,,,,,,,,
,,,,,,,,,,,,,,,,,,,,,,,,,,,,,,,,,,,,,,,,,,,,,,,,,,,,,,,,,,,,,,,,,403541,001,2024-06-18_18h48.04.055,experiment,2023.2.3,Win32,39.68253968,632b3639f61612815d100608,667188dfe6b7144a6371082a,6671c68194f20adf93f7234e,,,,,,,,,,,,,,,,,,,,,,,,,,,,,,,,,,,,,,,,,,,,,,,,,,,,,,,,,,,,,,,,,,,,,,,,,,,,,,,,,,,,,,,,,,,,,,,,,,,,,,,,,,,,,,,,,,,,,,,,,,,,,,,,,,,,,,,,,,,,,,,,,,,,,,100,26.0505,83.07291667,15.6987,space,27.9456,,brown_gnome,purple_gnome,0,4,4,0,1,0,1,,,,,,,,,,,,,,,,,,,,,,,,,,,,
,,,,,,,,,,,,,,,,,,,,,,,,,,,,,,,,,,,,,,,,,,,,,,,,,,,,,,,,,,,,,,,,,403541,001,2024-06-18_18h48.04.055,experiment,2023.2.3,Win32,39.68253968,632b3639f61612815d100608,667188dfe6b7144a6371082a,6671c68194f20adf93f7234e,,,,,,,,,,,,,,,,,,,,,,,,,,,,,,,,,,,,,,,,,,,,,,,,,,,,,,,,,,,,,,,,,,,,,,,,,,,,,,,,,,,,,,,,,,,,,,,,,,,,,,,,,,,,,,,,,,,,,,,,,,,,,,,,,,,,,,,,,,,,,,,,,,,,,,32.8125,3.8987,54.6875,11.0029,space,14.8022,,red_gnome,brown_gnome,0,5,5,4,1,0,5,,,,,,,,,,,,,,,,,,,,,,,,,,,,
,,,,,,,,,,,,,,,,,,,,,,,,,,,,,,,,,,,,,,,,,,,,,,,,,,,,,,,,,,,,,,,,,403541,001,2024-06-18_18h48.04.055,experiment,2023.2.3,Win32,39.68253968,632b3639f61612815d100608,667188dfe6b7144a6371082a,6671c68194f20adf93f7234e,,,,,,,,,,,,,,,,,,,,,,,,,,,,,,,,,,,,,,,,,,,,,,,,,,,,,,,,,,,,,,,,,,,,,,,,,,,,,,,,,,,,,,,,,,,,,,,,,,,,,,,,,,,,,,,,,,,,,,,,,,,,,,,,,,,,,,,,,,,,,,,,,,,,,,78.515625,4.1253,64.19270833,6.2824,space,8.4002,,pink_gnome,green_gnome,0,6,6,14,1,2,4,,,,,,,,,,,,,,,,,,,,,,,,,,,,
,,,,,,,,,,,,,,,,,,,,,,,,,,,,,,,,,,,,,,,,,,,,,,,,,,,,,,,,,,,,,,,,,403541,001,2024-06-18_18h48.04.055,experiment,2023.2.3,Win32,39.68253968,632b3639f61612815d100608,667188dfe6b7144a6371082a,6671c68194f20adf93f7234e,,,,,,,,,,,,,,,,,,,,,,,,,,,,,,,,,,,,,,,,,,,,,,,,,,,,,,,,,,,,,,,,,,,,,,,,,,,,,,,,,,,,,,,,,,,,,,,,,,,,,,,,,,,,,,,,,,,,,,,,,,,,,,,,,,,,,,,,,,,,,,,,,,,,,,76.69270833,5.4271,69.40104167,8.09,space,9.5423,,yellow_gnome,orange_gnome,0,7,7,27,1,6,7,,,,,,,,,,,,,,,,,,,,,,,,,,,,
,,,,,,,,,,,,,,,,,,,,,,,,,,,,,,,,,,,,,,,,,,,,,,,,,,,,,,,,,,,,,,,,,403541,001,2024-06-18_18h48.04.055,experiment,2023.2.3,Win32,39.68253968,632b3639f61612815d100608,667188dfe6b7144a6371082a,6671c68194f20adf93f7234e,,,,,,,,,,,,,,,,,,,,,,,,,,,,,,,,,,,,,,,,,,,,,,,,,,,,,,,,,,,,,,,,,,,,,,,,,,,,,,,,,,,,,,,,,,,,,,,,,,,,,,,,,,,,,,,,,,,,,,,,,,,,,,,,,,,,,,,,,,,,,,,,,,,,,,56.51041667,3.8545,40.234375,5.1341,space,10.5978,,purple_gnome,orange_gnome,0,8,8,12,1,1,7,,,,,,,,,,,,,,,,,,,,,,,,,,,,
,,,,,,,,,,,,,,,,,,,,,,,,,,,,,,,,,,,,,,,,,,,,,,,,,,,,,,,,,,,,,,,,,403541,001,2024-06-18_18h48.04.055,experiment,2023.2.3,Win32,39.68253968,632b3639f61612815d100608,667188dfe6b7144a6371082a,6671c68194f20adf93f7234e,,,,,,,,,,,,,,,,,,,,,,,,,,,,,,,,,,,,,,,,,,,,,,,,,,,,,,,,,,,,,,,,,,,,,,,,,,,,,,,,,,,,,,,,,,,,,,,,,,,,,,,,,,,,,,,,,,,,,,,,,,,,,,,,,,,,,,,,,,,,,,,,,,,,,,71.61458333,18.8479,37.36979167,27.1743,space,31.4892,,red_gnome,green_gnome,0,9,9,22,1,4,5,,,,,,,,,,,,,,,,,,,,,,,,,,,,
,,,,,,,,,,,,,,,,,,,,,,,,,,,,,,,,,,,,,,,,,,,,,,,,,,,,,,,,,,,,,,,,,403541,001,2024-06-18_18h48.04.055,experiment,2023.2.3,Win32,39.68253968,632b3639f61612815d100608,667188dfe6b7144a6371082a,6671c68194f20adf93f7234e,,,,,,,,,,,,,,,,,,,,,,,,,,,,,,,,,,,,,,,,,,,,,,,,,,,,,,,,,,,,,,,,,,,,,,,,,,,,,,,,,,,,,,,,,,,,,,,,,,,,,,,,,,,,,,,,,,,,,,,,,,,,,,,,,,,,,,,,,,,,,,,,,,,,,,43.75,4.5006,26.04166667,6.6363,space,8.5218,,red_gnome,yellow_gnome,0,10,10,25,1,5,6,,,,,,,,,,,,,,,,,,,,,,,,,,,,
,,,,,,,,,,,,,,,,,,,,,,,,,,,,,,,,,,,,,,,,,,,,,,,,,,,,,,,,,,,,,,,,,403541,001,2024-06-18_18h48.04.055,experiment,2023.2.3,Win32,39.68253968,632b3639f61612815d100608,667188dfe6b7144a6371082a,6671c68194f20adf93f7234e,,,,,,,,,,,,,,,,,,,,,,,,,,,,,,,,,,,,,,,,,,,,,,,,,,,,,,,,,,,,,,,,,,,,,,,,,,,,,,,,,,,,,,,,,,,,,,,,,,,,,,,,,,,,,,,,,,,,,,,,,,,,,,,,,,,,,,,,,,,,,,,,,,,,,,79.81770833,5.4105,64.97395833,6.4182,space,7.6111,,pink_gnome,blue_gnome,0,11,11,13,1,2,3,,,,,,,,,,,,,,,,,,,,,,,,,,,,
,,,,,,,,,,,,,,,,,,,,,,,,,,,,,,,,,,,,,,,,,,,,,,,,,,,,,,,,,,,,,,,,,403541,001,2024-06-18_18h48.04.055,experiment,2023.2.3,Win32,39.68253968,632b3639f61612815d100608,667188dfe6b7144a6371082a,6671c68194f20adf93f7234e,,,,,,,,,,,,,,,,,,,,,,,,,,,,,,,,,,,,,,,,,,,,,,,,,,,,,,,,,,,,,,,,,,,,,,,,,,,,,,,,,,,,,,,,,,,,,,,,,,,,,,,,,,,,,,,,,,,,,,,,,,,,,,,,,,,,,,,,,,,,,,,,,,,,,,63.80208333,25.3779,35.67708333,19.4259,space,26.5762,,orange_gnome,blue_gnome,0,12,12,21,1,3,7,,,,,,,,,,,,,,,,,,,,,,,,,,,,
,,,,,,,,,,,,,,,,,,,,,,,,,,,,,,,,,,,,,,,,,,,,,,,,,,,,,,,,,,,,,,,,,403541,001,2024-06-18_18h48.04.055,experiment,2023.2.3,Win32,39.68253968,632b3639f61612815d100608,667188dfe6b7144a6371082a,6671c68194f20adf93f7234e,,,,,,,,,,,,,,,,,,,,,,,,,,,,,,,,,,,,,,,,,,,,,,,,,,,,,,,,,,,,,,,,,,,,,,,,,,,,,,,,,,,,,,,,,,,,,,,,,,,,,,,,,,,,,,,,,,,,,,,,,,,,,,,,,,,,,,,,,,,,,,,,,,,,,,37.23958333,14.9976,21.61458333,6.6306,space,17.2093,,blue_gnome,green_gnome,0,13,13,18,1,3,4,,,,,,,,,,,,,,,,,,,,,,,,,,,,
,,,,,,,,,,,,,,,,,,,,,,,,,,,,,,,,,,,,,,,,,,,,,,,,,,,,,,,,,,,,,,,,,403541,001,2024-06-18_18h48.04.055,experiment,2023.2.3,Win32,39.68253968,632b3639f61612815d100608,667188dfe6b7144a6371082a,6671c68194f20adf93f7234e,,,,,,,,,,,,,,,,,,,,,,,,,,,,,,,,,,,,,,,,,,,,,,,,,,,,,,,,,,,,,,,,,,,,,,,,,,,,,,,,,,,,,,,,,,,,,,,,,,,,,,,,,,,,,,,,,,,,,,,,,,,,,,,,,,,,,,,,,,,,,,,,,,,,,,66.015625,3.2504,27.734375,5.514,space,22.3901,,green_gnome,orange_gnome,0,14,14,24,1,4,7,,,,,,,,,,,,,,,,,,,,,,,,,,,,
,,,,,,,,,,,,,,,,,,,,,,,,,,,,,,,,,,,,,,,,,,,,,,,,,,,,,,,,,,,,,,,,,403541,001,2024-06-18_18h48.04.055,experiment,2023.2.3,Win32,39.68253968,632b3639f61612815d100608,667188dfe6b7144a6371082a,6671c68194f20adf93f7234e,,,,,,,,,,,,,,,,,,,,,,,,,,,,,,,,,,,,,,,,,,,,,,,,,,,,,,,,,,,,,,,,,,,,,,,,,,,,,,,,,,,,,,,,,,,,,,,,,,,,,,,,,,,,,,,,,,,,,,,,,,,,,,,,,,,,,,,,,,,,,,,,,,,,,,20.18229167,11.7045,55.98958333,8.1243,space,13.6723,,orange_gnome,red_gnome,0,15,15,26,1,5,7,,,,,,,,,,,,,,,,,,,,,,,,,,,,
,,,,,,,,,,,,,,,,,,,,,,,,,,,,,,,,,,,,,,,,,,,,,,,,,,,,,,,,,,,,,,,,,403541,001,2024-06-18_18h48.04.055,experiment,2023.2.3,Win32,39.68253968,632b3639f61612815d100608,667188dfe6b7144a6371082a,6671c68194f20adf93f7234e,,,,,,,,,,,,,,,,,,,,,,,,,,,,,,,,,,,,,,,,,,,,,,,,,,,,,,,,,,,,,,,,,,,,,,,,,,,,,,,,,,,,,,,,,,,,,,,,,,,,,,,,,,,,,,,,,,,,,,,,,,,,,,,,,,,,,,,,,,,,,,,,,,,,,,67.96875,30.3393,50.65104167,32.7493,space,34.7239,,orange_gnome,pink_gnome,0,16,16,17,1,2,7,,,,,,,,,,,,,,,,,,,,,,,,,,,,
,,,,,,,,,,,,,,,,,,,,,,,,,,,,,,,,,,,,,,,,,,,,,,,,,,,,,,,,,,,,,,,,,403541,001,2024-06-18_18h48.04.055,experiment,2023.2.3,Win32,39.68253968,632b3639f61612815d100608,667188dfe6b7144a6371082a,6671c68194f20adf93f7234e,,,,,,,,,,,,,,,,,,,,,,,,,,,,,,,,,,,,,,,,,,,,,,,,,,,,,,,,,,,,,,,,,,,,,,,,,,,,,,,,,,,,,,,,,,,,,,,,,,,,,,,,,,,,,,,,,,,,,,,,,,,,,,,,,,,,,,,,,,,,,,,,,,,,,,92.1875,24.1327,70.83333333,26.2201,space,26.9957,,yellow_gnome,green_gnome,0,17,17,23,1,4,6,,,,,,,,,,,,,,,,,,,,,,,,,,,,
,,,,,,,,,,,,,,,,,,,,,,,,,,,,,,,,,,,,,,,,,,,,,,,,,,,,,,,,,,,,,,,,,403541,001,2024-06-18_18h48.04.055,experiment,2023.2.3,Win32,39.68253968,632b3639f61612815d100608,667188dfe6b7144a6371082a,6671c68194f20adf93f7234e,,,,,,,,,,,,,,,,,,,,,,,,,,,,,,,,,,,,,,,,,,,,,,,,,,,,,,,,,,,,,,,,,,,,,,,,,,,,,,,,,,,,,,,,,,,,,,,,,,,,,,,,,,,,,,,,,,,,,,,,,,,,,,,,,,,,,,,,,,,,,,,,,,,,,,45.44270833,5.2281,20.05208333,6.4828,space,7.9166,,blue_gnome,purple_gnome,0,18,18,8,1,1,3,,,,,,,,,,,,,,,,,,,,,,,,,,,,
,,,,,,,,,,,,,,,,,,,,,,,,,,,,,,,,,,,,,,,,,,,,,,,,,,,,,,,,,,,,,,,,,403541,001,2024-06-18_18h48.04.055,experiment,2023.2.3,Win32,39.68253968,632b3639f61612815d100608,667188dfe6b7144a6371082a,6671c68194f20adf93f7234e,,,,,,,,,,,,,,,,,,,,,,,,,,,,,,,,,,,,,,,,,,,,,,,,,,,,,,,,,,,,,,,,,,,,,,,,,,,,,,,,,,,,,,,,,,,,,,,,,,,,,,,,,,,,,,,,,,,,,,,,,,,,,,,,,,,,,,,,,,,,,,,,,,,,,,68.359375,3.6572,62.63020833,4.6732,space,5.3471,,yellow_gnome,purple_gnome,0,19,19,11,1,1,6,,,,,,,,,,,,,,,,,,,,,,,,,,,,
,,,,,,,,,,,,,,,,,,,,,,,,,,,,,,,,,,,,,,,,,,,,,,,,,,,,,,,,,,,,,,,,,403541,001,2024-06-18_18h48.04.055,experiment,2023.2.3,Win32,39.68253968,632b3639f61612815d100608,667188dfe6b7144a6371082a,6671c68194f20adf93f7234e,,,,,,,,,,,,,,,,,,,,,,,,,,,,,,,,,,,,,,,,,,,,,,,,,,,,,,,,,,,,,,,,,,,,,,,,,,,,,,,,,,,,,,,,,,,,,,,,,,,,,,,,,,,,,,,,,,,,,,,,,,,,,,,,,,,,,,,,,,,,,,,,,,,,,,48.95833333,15.5758,26.43229167,16.8074,space,18.1556,,blue_gnome,brown_gnome,0,20,20,2,1,0,3,,,,,,,,,,,,,,,,,,,,,,,,,,,,
,,,,,,,,,,,,,,,,,,,,,,,,,,,,,,,,,,,,,,,,,,,,,,,,,,,,,,,,,,,,,,,,,403541,001,2024-06-18_18h48.04.055,experiment,2023.2.3,Win32,39.68253968,632b3639f61612815d100608,667188dfe6b7144a6371082a,6671c68194f20adf93f7234e,,,,,,,,,,,,,,,,,,,,,,,,,,,,,,,,,,,,,,,,,,,,,,,,,,,,,,,,,,,,,,,,,,,,,,,,,,,,,,,,,,,,,,,,,,,,,,,,,,,,,,,,,,,,,,,,,,,,,,,,,,,,,,,,,,,,,,,,,,,,,,,,,,,,,,79.6875,10.7254,70.05208333,12.1187,space,13.0384,,pink_gnome,brown_gnome,0,21,21,1,1,0,2,,,,,,,,,,,,,,,,,,,,,,,,,,,,
,,,,,,,,,,,,,,,,,,,,,,,,,,,,,,,,,,,,,,,,,,,,,,,,,,,,,,,,,,,,,,,,,403541,001,2024-06-18_18h48.04.055,experiment,2023.2.3,Win32,39.68253968,632b3639f61612815d100608,667188dfe6b7144a6371082a,6671c68194f20adf93f7234e,,,,,,,,,,,,,,,,,,,,,,,,,,,,,,,,,,,,,,,,,,,,,,,,,,,,,,,,,,,,,,,,,,,,,,,,,,,,,,,,,,,,,,,,,,,,,,,,,,,,,,,,,,,,,,,,,,,,,,,,,,,,,,,,,,,,,,,,,,,,,,,,,,,,,,43.09895833,11.4088,32.16145833,13.0607,space,16.0734,,green_gnome,purple_gnome,0,22,22,9,1,1,4,,,,,,,,,,,,,,,,,,,,,,,,,,,,
,,,,,,,,,,,,,,,,,,,,,,,,,,,,,,,,,,,,,,,,,,,,,,,,,,,,,,,,,,,,,,,,,403541,001,2024-06-18_18h48.04.055,experiment,2023.2.3,Win32,39.68253968,632b3639f61612815d100608,667188dfe6b7144a6371082a,6671c68194f20adf93f7234e,,,,,,,,,,,,,,,,,,,,,,,,,,,,,,,,,,,,,,,,,,,,,,,,,,,,,,,,,,,,,,,,,,,,,,,,,,,,,,,,,,,,,,,,,,,,,,,,,,,,,,,,,,,,,,,,,,,,,,,,,,,,,,,,,,,,,,,,,,,,,,,,,,,,,,85.546875,6.0223,74.34895833,4.958,space,7.7128,,pink_gnome,yellow_gnome,0,23,23,16,1,2,6,,,,,,,,,,,,,,,,,,,,,,,,,,,,
,,,,,,,,,,,,,,,,,,,,,,,,,,,,,,,,,,,,,,,,,,,,,,,,,,,,,,,,,,,,,,,,,403541,001,2024-06-18_18h48.04.055,experiment,2023.2.3,Win32,39.68253968,632b3639f61612815d100608,667188dfe6b7144a6371082a,6671c68194f20adf93f7234e,,,,,,,,,,,,,,,,,,,,,,,,,,,,,,,,,,,,,,,,,,,,,,,,,,,,,,,,,,,,,,,,,,,,,,,,,,,,,,,,,,,,,,,,,,,,,,,,,,,,,,,,,,,,,,,,,,,,,,,,,,,,,,,,,,,,,,,,,,,,,,,,,,,,,,63.41145833,3.7045,27.34375,7.4241,space,8.4887,,green_gnome,brown_gnome,0,24,24,3,1,0,4,,,,,,,,,,,,,,,,,,,,,,,,,,,,
,,,,,,,,,,,,,,,,,,,,,,,,,,,,,,,,,,,,,,,,,,,,,,,,,,,,,,,,,,,,,,,,,403541,001,2024-06-18_18h48.04.055,experiment,2023.2.3,Win32,39.68253968,632b3639f61612815d100608,667188dfe6b7144a6371082a,6671c68194f20adf93f7234e,,,,,,,,,,,,,,,,,,,,,,,,,,,,,,,,,,,,,,,,,,,,,,,,,,,,,,,,,,,,,,,,,,,,,,,,,,,,,,,,,,,,,,,,,,,,,,,,,,,,,,,,,,,,,,,,,,,,,,,,,,,,,,,,,,,,,,,,,,,,,,,,,,,,,,71.875,2.6258,43.75,4.6335,space,15.9284,,yellow_gnome,blue_gnome,0,25,25,20,1,3,6,,,,,,,,,,,,,,,,,,,,,,,,,,,,
,,,,,,,,,,,,,,,,,,,,,,,,,,,,,,,,,,,,,,,,,,,,,,,,,,,,,,,,,,,,,,,,,403541,001,2024-06-18_18h48.04.055,experiment,2023.2.3,Win32,39.68253968,632b3639f61612815d100608,667188dfe6b7144a6371082a,6671c68194f20adf93f7234e,,,,,,,,,,,,,,,,,,,,,,,,,,,,,,,,,,,,,,,,,,,,,,,,,,,,,,,,,,,,,,,,,,,,,,,,,,,,,,,,,,,,,,,,,,,,,,,,,,,,,,,,,,,,,,,,,,,,,,,,,,,,,,,,,,,,,,,,,,,,,,,,,,,,,,31.51041667,10.0613,8.072916667,11.2537,space,12.4269,,red_gnome,purple_gnome,0,26,26,10,1,1,5,,,,,,,,,,,,,,,,,,,,,,,,,,,,
,,,,,,,,,,,,,,,,,,,,,,,,,,,,,,,,,,,,,,,,,,,,,,,,,,,,,,,,,,,,,,,,,403541,001,2024-06-18_18h48.04.055,experiment,2023.2.3,Win32,39.68253968,632b3639f61612815d100608,667188dfe6b7144a6371082a,6671c68194f20adf93f7234e,,,,,,,,,,,,,,,,,,,,,,,,,,,,,,,,,,,,,,,,,,,,,,,,,,,,,,,,,,,,,,,,,,,,,,,,,,,,,,,,,,,,,,,,,,,,,,,,,,,,,,,,,,,,,,,,,,,,,,,,,,,,,,,,,,,,,,,,,,,,,,,,,,,,,,57.29166667,2.9914,32.29166667,4.3976,space,5.4982,,brown_gnome,yellow_gnome,0,27,27,5,1,0,6,,,,,,,,,,,,,,,,,,,,,,,,,,,,
,,,,,,,,,,,,,,,,,,,,,,,,,,,,,,,,,,,,,,,,,,,,,,,,,,,,,,,,,,,,,,,,,403541,001,2024-06-18_18h48.04.055,experiment,2023.2.3,Win32,39.68253968,632b3639f61612815d100608,667188dfe6b7144a6371082a,6671c68194f20adf93f7234e,,,,,,,,,,,,,,,,,,,,,,,,,,,,,,,,,,,,,,,,,,,,,,,,,,,,,,,,,,,,,,,,,,,,,,,,,,,,,,,,,,,,,,,,,,,,,,,,,,,,,,,,,,,,,,,,,,,,,,,,,,,,,,,,,,,,,,,,,,,,,,,,,,,,,,,,,,,,,,,,,,,,,,space,26.1788,,57.8125,10.1882,10.41666667,11.2863,space,12.9424,,green_gnome,dark_forest,yellow_basket,0,0,0,9,1,4,1,,,,,,,,
,,,,,,,,,,,,,,,,,,,,,,,,,,,,,,,,,,,,,,,,,,,,,,,,,,,,,,,,,,,,,,,,,403541,001,2024-06-18_18h48.04.055,experiment,2023.2.3,Win32,39.68253968,632b3639f61612815d100608,667188dfe6b7144a6371082a,6671c68194f20adf93f7234e,,,,,,,,,,,,,,,,,,,,,,,,,,,,,,,,,,,,,,,,,,,,,,,,,,,,,,,,,,,,,,,,,,,,,,,,,,,,,,,,,,,,,,,,,,,,,,,,,,,,,,,,,,,,,,,,,,,,,,,,,,,,,,,,,,,,,,,,,,,,,,,,,,,,,,,,,,,,,,,,,,,,,,,,,64.32291667,9.8091,60.41666667,7.2588,space,11.0844,,blue_gnome,bright_forest,red_basket,0,1,1,6,1,3,0,,,,,,,,
,,,,,,,,,,,,,,,,,,,,,,,,,,,,,,,,,,,,,,,,,,,,,,,,,,,,,,,,,,,,,,,,,403541,001,2024-06-18_18h48.04.055,experiment,2023.2.3,Win32,39.68253968,632b3639f61612815d100608,667188dfe6b7144a6371082a,6671c68194f20adf93f7234e,,,,,,,,,,,,,,,,,,,,,,,,,,,,,,,,,,,,,,,,,,,,,,,,,,,,,,,,,,,,,,,,,,,,,,,,,,,,,,,,,,,,,,,,,,,,,,,,,,,,,,,,,,,,,,,,,,,,,,,,,,,,,,,,,,,,,,,,,,,,,,,,,,,,,,,,,,,,,,,,,,,,,,,,,72.13541667,4.0513,56.77083333,5.6542,space,6.9581,,blue_gnome,dark_forest,yellow_basket,0,2,2,7,1,3,1,,,,,,,,
,,,,,,,,,,,,,,,,,,,,,,,,,,,,,,,,,,,,,,,,,,,,,,,,,,,,,,,,,,,,,,,,,403541,001,2024-06-18_18h48.04.055,experiment,2023.2.3,Win32,39.68253968,632b3639f61612815d100608,667188dfe6b7144a6371082a,6671c68194f20adf93f7234e,,,,,,,,,,,,,,,,,,,,,,,,,,,,,,,,,,,,,,,,,,,,,,,,,,,,,,,,,,,,,,,,,,,,,,,,,,,,,,,,,,,,,,,,,,,,,,,,,,,,,,,,,,,,,,,,,,,,,,,,,,,,,,,,,,,,,,,,,,,,,,,,,,,,,,,,,,,,,,,,,,,,,,,,,1.953125,3.3769,70.96354167,6.9444,space,8.5925,,orange_gnome,dark_forest,yellow_basket,0,3,3,15,1,7,1,,,,,,,,
,,,,,,,,,,,,,,,,,,,,,,,,,,,,,,,,,,,,,,,,,,,,,,,,,,,,,,,,,,,,,,,,,403541,001,2024-06-18_18h48.04.055,experiment,2023.2.3,Win32,39.68253968,632b3639f61612815d100608,667188dfe6b7144a6371082a,6671c68194f20adf93f7234e,,,,,,,,,,,,,,,,,,,,,,,,,,,,,,,,,,,,,,,,,,,,,,,,,,,,,,,,,,,,,,,,,,,,,,,,,,,,,,,,,,,,,,,,,,,,,,,,,,,,,,,,,,,,,,,,,,,,,,,,,,,,,,,,,,,,,,,,,,,,,,,,,,,,,,,,,,,,,,,,,,,,,,,,,19.40104167,3.5704,62.5,5.4376,space,5.9782,,red_gnome,dark_forest,yellow_basket,0,4,4,11,1,5,1,,,,,,,,
,,,,,,,,,,,,,,,,,,,,,,,,,,,,,,,,,,,,,,,,,,,,,,,,,,,,,,,,,,,,,,,,,403541,001,2024-06-18_18h48.04.055,experiment,2023.2.3,Win32,39.68253968,632b3639f61612815d100608,667188dfe6b7144a6371082a,6671c68194f20adf93f7234e,,,,,,,,,,,,,,,,,,,,,,,,,,,,,,,,,,,,,,,,,,,,,,,,,,,,,,,,,,,,,,,,,,,,,,,,,,,,,,,,,,,,,,,,,,,,,,,,,,,,,,,,,,,,,,,,,,,,,,,,,,,,,,,,,,,,,,,,,,,,,,,,,,,,,,,,,,,,,,,,,,,,,,,,,57.16145833,4.1976,42.578125,5.7806,space,7.3494,,green_gnome,bright_forest,red_basket,0,5,5,8,1,4,0,,,,,,,,
,,,,,,,,,,,,,,,,,,,,,,,,,,,,,,,,,,,,,,,,,,,,,,,,,,,,,,,,,,,,,,,,,403541,001,2024-06-18_18h48.04.055,experiment,2023.2.3,Win32,39.68253968,632b3639f61612815d100608,667188dfe6b7144a6371082a,6671c68194f20adf93f7234e,,,,,,,,,,,,,,,,,,,,,,,,,,,,,,,,,,,,,,,,,,,,,,,,,,,,,,,,,,,,,,,,,,,,,,,,,,,,,,,,,,,,,,,,,,,,,,,,,,,,,,,,,,,,,,,,,,,,,,,,,,,,,,,,,,,,,,,,,,,,,,,,,,,,,,,,,,,,,,,,,,,,,,,,,63.02083333,3.1196,43.09895833,4.2961,space,5.2743,,purple_gnome,dark_forest,yellow_basket,0,6,6,3,1,1,1,,,,,,,,
,,,,,,,,,,,,,,,,,,,,,,,,,,,,,,,,,,,,,,,,,,,,,,,,,,,,,,,,,,,,,,,,,403541,001,2024-06-18_18h48.04.055,experiment,2023.2.3,Win32,39.68253968,632b3639f61612815d100608,667188dfe6b7144a6371082a,6671c68194f20adf93f7234e,,,,,,,,,,,,,,,,,,,,,,,,,,,,,,,,,,,,,,,,,,,,,,,,,,,,,,,,,,,,,,,,,,,,,,,,,,,,,,,,,,,,,,,,,,,,,,,,,,,,,,,,,,,,,,,,,,,,,,,,,,,,,,,,,,,,,,,,,,,,,,,,,,,,,,,,,,,,,,,,,,,,,,,,,61.58854167,2.6751,33.203125,5.4347,space,5.9534,,pink_gnome,bright_forest,red_basket,0,7,7,4,1,2,0,,,,,,,,
,,,,,,,,,,,,,,,,,,,,,,,,,,,,,,,,,,,,,,,,,,,,,,,,,,,,,,,,,,,,,,,,,403541,001,2024-06-18_18h48.04.055,experiment,2023.2.3,Win32,39.68253968,632b3639f61612815d100608,667188dfe6b7144a6371082a,6671c68194f20adf93f7234e,,,,,,,,,,,,,,,,,,,,,,,,,,,,,,,,,,,,,,,,,,,,,,,,,,,,,,,,,,,,,,,,,,,,,,,,,,,,,,,,,,,,,,,,,,,,,,,,,,,,,,,,,,,,,,,,,,,,,,,,,,,,,,,,,,,,,,,,,,,,,,,,,,,,,,,,,,,,,,,,,,,,,,,,,63.15104167,2.6523,42.578125,4.0975,space,8.5427,,pink_gnome,dark_forest,yellow_basket,0,8,8,5,1,2,1,,,,,,,,
,,,,,,,,,,,,,,,,,,,,,,,,,,,,,,,,,,,,,,,,,,,,,,,,,,,,,,,,,,,,,,,,,403541,001,2024-06-18_18h48.04.055,experiment,2023.2.3,Win32,39.68253968,632b3639f61612815d100608,667188dfe6b7144a6371082a,6671c68194f20adf93f7234e,,,,,,,,,,,,,,,,,,,,,,,,,,,,,,,,,,,,,,,,,,,,,,,,,,,,,,,,,,,,,,,,,,,,,,,,,,,,,,,,,,,,,,,,,,,,,,,,,,,,,,,,,,,,,,,,,,,,,,,,,,,,,,,,,,,,,,,,,,,,,,,,,,,,,,,,,,,,,,,,,,,,,,,,,73.828125,9.8394,63.28125,10.8301,space,11.5566,,brown_gnome,dark_forest,yellow_basket,0,9,9,1,1,0,1,,,,,,,,
,,,,,,,,,,,,,,,,,,,,,,,,,,,,,,,,,,,,,,,,,,,,,,,,,,,,,,,,,,,,,,,,,403541,001,2024-06-18_18h48.04.055,experiment,2023.2.3,Win32,39.68253968,632b3639f61612815d100608,667188dfe6b7144a6371082a,6671c68194f20adf93f7234e,,,,,,,,,,,,,,,,,,,,,,,,,,,,,,,,,,,,,,,,,,,,,,,,,,,,,,,,,,,,,,,,,,,,,,,,,,,,,,,,,,,,,,,,,,,,,,,,,,,,,,,,,,,,,,,,,,,,,,,,,,,,,,,,,,,,,,,,,,,,,,,,,,,,,,,,,,,,,,,,,,,,,,,,,45.83333333,3.7348,22.39583333,5.3271,space,8.125,,brown_gnome,bright_forest,red_basket,0,10,10,0,1,0,0,,,,,,,,
,,,,,,,,,,,,,,,,,,,,,,,,,,,,,,,,,,,,,,,,,,,,,,,,,,,,,,,,,,,,,,,,,403541,001,2024-06-18_18h48.04.055,experiment,2023.2.3,Win32,39.68253968,632b3639f61612815d100608,667188dfe6b7144a6371082a,6671c68194f20adf93f7234e,,,,,,,,,,,,,,,,,,,,,,,,,,,,,,,,,,,,,,,,,,,,,,,,,,,,,,,,,,,,,,,,,,,,,,,,,,,,,,,,,,,,,,,,,,,,,,,,,,,,,,,,,,,,,,,,,,,,,,,,,,,,,,,,,,,,,,,,,,,,,,,,,,,,,,,,,,,,,,,,,,,,,,,,,0.651041667,2.9673,99.21875,5.0631,space,6.1873,,red_gnome,bright_forest,red_basket,0,11,11,10,1,5,0,,,,,,,,
,,,,,,,,,,,,,,,,,,,,,,,,,,,,,,,,,,,,,,,,,,,,,,,,,,,,,,,,,,,,,,,,,403541,001,2024-06-18_18h48.04.055,experiment,2023.2.3,Win32,39.68253968,632b3639f61612815d100608,667188dfe6b7144a6371082a,6671c68194f20adf93f7234e,,,,,,,,,,,,,,,,,,,,,,,,,,,,,,,,,,,,,,,,,,,,,,,,,,,,,,,,,,,,,,,,,,,,,,,,,,,,,,,,,,,,,,,,,,,,,,,,,,,,,,,,,,,,,,,,,,,,,,,,,,,,,,,,,,,,,,,,,,,,,,,,,,,,,,,,,,,,,,,,,,,,,,,,,0.78125,3.7773,86.45833333,6.6574,space,7.9238,,yellow_gnome,dark_forest,yellow_basket,0,12,12,13,1,6,1,,,,,,,,
,,,,,,,,,,,,,,,,,,,,,,,,,,,,,,,,,,,,,,,,,,,,,,,,,,,,,,,,,,,,,,,,,403541,001,2024-06-18_18h48.04.055,experiment,2023.2.3,Win32,39.68253968,632b3639f61612815d100608,667188dfe6b7144a6371082a,6671c68194f20adf93f7234e,,,,,,,,,,,,,,,,,,,,,,,,,,,,,,,,,,,,,,,,,,,,,,,,,,,,,,,,,,,,,,,,,,,,,,,,,,,,,,,,,,,,,,,,,,,,,,,,,,,,,,,,,,,,,,,,,,,,,,,,,,,,,,,,,,,,,,,,,,,,,,,,,,,,,,,,,,,,,,,,,,,,,,,,,75.52083333,3.2266,65.36458333,8.9916,space,9.4732,,yellow_gnome,bright_forest,red_basket,0,13,13,12,1,6,0,,,,,,,,
,,,,,,,,,,,,,,,,,,,,,,,,,,,,,,,,,,,,,,,,,,,,,,,,,,,,,,,,,,,,,,,,,403541,001,2024-06-18_18h48.04.055,experiment,2023.2.3,Win32,39.68253968,632b3639f61612815d100608,667188dfe6b7144a6371082a,6671c68194f20adf93f7234e,,,,,,,,,,,,,,,,,,,,,,,,,,,,,,,,,,,,,,,,,,,,,,,,,,,,,,,,,,,,,,,,,,,,,,,,,,,,,,,,,,,,,,,,,,,,,,,,,,,,,,,,,,,,,,,,,,,,,,,,,,,,,,,,,,,,,,,,,,,,,,,,,,,,,,,,,,,,,,,,,,,,,,,,,58.07291667,3.3546,42.1875,4.4262,space,5.792,,orange_gnome,bright_forest,red_basket,0,14,14,14,1,7,0,,,,,,,,
,,,,,,,,,,,,,,,,,,,,,,,,,,,,,,,,,,,,,,,,,,,,,,,,,,,,,,,,,,,,,,,,,403541,001,2024-06-18_18h48.04.055,experiment,2023.2.3,Win32,39.68253968,632b3639f61612815d100608,667188dfe6b7144a6371082a,6671c68194f20adf93f7234e,,,,,,,,,,,,,,,,,,,,,,,,,,,,,,,,,,,,,,,,,,,,,,,,,,,,,,,,,,,,,,,,,,,,,,,,,,,,,,,,,,,,,,,,,,,,,,,,,,,,,,,,,,,,,,,,,,,,,,,,,,,,,,,,,,,,,,,,,,,,,,,,,,,,,,,,,,,,,,,,,,,,,,,,,10.9375,2.4404,41.53645833,3.5477,space,8.7236,,purple_gnome,bright_forest,red_basket,0,15,15,2,1,1,0,,,,,,,,
,,,,,,,,,,,,,,,,,,,,,,,,,,,,,,,,,,,,,,,,,,,,,,,,,,,,,,,,,,,,,,,,,403541,001,2024-06-18_18h48.04.055,experiment,2023.2.3,Win32,39.68253968,632b3639f61612815d100608,667188dfe6b7144a6371082a,6671c68194f20adf93f7234e,,,,,,,,,,,,,,,,,,,,,,,,,,,,,,,,,,,,,,,,,,,,,,,,,,,,,,,,,,,,,,,,,,,,,,,,,,,,,,,,,,,,,,,,,,,,,,,,,,,,,,,,,,,,,,,,,,,,,,,,,,,,,,,,,,,,,,,,,,,,,,,,,,,,,,,,,,,,,,,,,,,,,,,,,,,,,,,,,,,,,,,,,,space,81.4088,,0,0,0,0,1