parent_PID,stim1_name,stim1_file,stim1_pair,stim1_deact_file,stim1_step2_name,stim1_step2_file,stim1_step2_basket_name,stim1_step2_basket_file,stim2_name,stim2_file,stim2_pair,stim2_deact_file,stim2_step2_name,stim2_step2_file,stim2_step2_basket_name,stim2_step2_basket_file,stim3_name,stim3_file,stim3_pair,stim3_deact_file,stim3_step2_name,stim3_step2_file,stim3_step2_basket_name,stim3_step2_basket_file,stim4_name,stim4_file,stim4_pair,stim4_deact_file,stim4_step2_name,stim4_step2_file,stim4_step2_basket_name,stim4_step2_basket_file,stim5_name,stim5_file,stim5_pair,stim5_deact_file,stim5_step2_name,stim5_step2_file,stim5_step2_basket_name,stim5_step2_basket_file,stim6_name,stim6_file,stim6_pair,stim6_deact_file,stim6_step2_name,stim6_step2_file,stim6_step2_basket_name,stim6_step2_basket_file,stim7_name,stim7_file,stim7_pair,stim7_deact_file,stim7_step2_name,stim7_step2_file,stim7_step2_basket_name,stim7_step2_basket_file,stim8_name,stim8_file,stim8_pair,stim8_deact_file,stim8_step2_name,stim8_step2_file,stim8_step2_basket_name,stim8_step2_basket_file,obs_AC_trials,participant,session,date,expName,psychopyVersion,OS,frameRate,PROLIFIC_PID,STUDY_ID,SESSION_ID,consent_keyresp.keys,consent_keyresp.rt,consent_keyresp.duration,global_instructions1_key.keys,global_instructions1_key.rt,global_instructions1_key.duration,global_instructions2_key.keys,global_instructions2_key.rt,global_instructions2_key.duration,global_instructions3_key.keys,global_instructions3_key.rt,global_instructions3_key.duration,global_instructions4_key.keys,global_instructions4_key.rt,global_instructions4_key.duration,stake_instructions_key.keys,stake_instructions_key.rt,stake_instructions_key.duration,global_instructions5_key.keys,global_instructions5_key.rt,global_instructions5_key.duration,p_fixation_2.started,p_fixation_2.stopped,p_step1_keyresp.keys,p_step1_keyresp.rt,p_step1_keyresp.duration,p_step2_keyresp.keys,p_failStep2_keyresp.keys,p_failStep2_keyresp.rt,p_failStep2_keyresp.duration,p_step1_pair_index,p_step1_stimLeft_name,p_step1_stimLeft_pair,p_step1_stimLeft_reward,p_step1_stimLeft_step2Stim,p_step1_stimLeft_step2Basket,p_step1_stimRight_name,p_step1_stimRight_pair,p_step1_stimRight_reward,p_step1_stimRight_step2Stim,p_step1_stimRight_step2Basket,p_points,t_mult,p_fail_step1,p_fail_step2,p_reward_flag,p_step1_choice,p_step2_stim,p_step2_basket,p_score,practice.thisRepN,practice.thisTrialN,practice.thisN,practice.thisIndex,practice.ran,pair_index,p_mult,p_step2_keyresp.rt,p_step2_keyresp.duration,obs_instructions_1_key.keys,obs_instructions_1_key.rt,obs_instructions_1_key.duration,obs_instructions_2_key.keys,obs_instructions_2_key.rt,obs_instructions_2_key.duration,obs_stim_left,obs_stim_right,obs_step1_key,obs_step1_RT,obs_step2_forest,obs_step2_basket,obs_step2_RT,obs_mult,obs_points,obs_score,obs_AC_flag,obs_AC_step1_flag,obs_AC_step2_flag,obs_AC_mistake_flag,obs_AC_no_answer_flag,obs_AC_step2_no_answer_flag,obs_AC_counter,good_answer,obs_attention_check_fail,obs.thisRepN,obs.thisTrialN,obs.thisN,obs.thisIndex,obs.ran,obs_attention_check_step2_keyresp.keys,obs_attention_check_step2_keyresp.rt,obs_attention_check_step2_keyresp.duration,obs_attention_check_step1_keyresp.keys,obs_attention_check_step1_keyresp.rt,obs_attention_check_step1_keyresp.duration,t_instructions_keyresp.keys,t_instructions_keyresp.rt,t_instructions_keyresp.duration,t_instructions_2_keyresp.keys,t_instructions_2_keyresp.rt,t_instructions_2_keyresp.duration,t_step1_keyresp.keys,t_step1_keyresp.rt,t_step1_keyresp.duration,t_step2_keyresp.keys,t_step2_keyresp.rt,t_step2_keyresp.duration,t_step1_pair_index,t_step1_stimLeft_name,t_step1_stimLeft_pair,t_step1_stimLeft_reward,t_step1_stimLeft_step2Stim,t_step1_stimLeft_step2Basket,t_step1_stimRight_name,t_step1_stimRight_pair,t_step1_stimRight_reward,t_step1_stimRight_step2Stim,t_step1_stimRight_step2Basket,t_points,t_fail_step1,t_fail_step2,t_reward_flag,t_step1_choice,t_step2_stim,t_step2_basket,globa_score,t_data_stimWalk0,t_data_stimWalk1,trials.thisRepN,trials.thisTrialN,trials.thisN,trials.thisIndex,trials.ran,break_key_resp.keys,break_key_resp.rt,break_key_resp.duration,t_recording.started,t_recording.stopped,pl_global_instructions_keyresp.keys,pl_global_instructions_keyresp.rt,pl_global_instructions_keyresp.duration,pl1_instructions1_keyresp.keys,pl1_instructions1_keyresp.rt,pl1_instructions1_keyresp.duration,pl1_instructions2_keyresp.keys,pl1_instructions2_keyresp.rt,pl1_instructions2_keyresp.duration,pl1_instructions3_keyresp.keys,pl1_instructions3_keyresp.rt,pl1_instructions3_keyresp.duration,pl1_instructions4_keyresp.keys,pl1_instructions4_keyresp.rt,pl1_instructions4_keyresp.duration,pl1_task_lickert.response,pl1_task_lickert.rt,pl1_task_confidence_lickert.response,pl1_task_confidence_lickert.rt,pl1_task_keyresp.keys,pl1_task_keyresp.rt,pl1_task_keyresp.duration,pl1_task_stimLeft,pl1_task_stimRight,pl1_loop.thisRepN,pl1_loop.thisTrialN,pl1_loop.thisN,pl1_loop.thisIndex,pl1_loop.ran,stimLeft_index,stimRight_index,pl2_instructions_keyresp.keys,pl2_instructions_keyresp.rt,pl2_instructions_keyresp.duration,pl2_task_lickert.response,pl2_task_lickert.rt,pl2_task_confidence_lickert.response,pl2_task_confidence_lickert.rt,pl2_task_keyresp.keys,pl2_task_keyresp.rt,pl2_task_keyresp.duration,pl2_task_gnome,pl2_task_forest,pl2_task_basket,pl2_loop.thisRepN,pl2_loop.thisTrialN,pl2_loop.thisN,pl2_loop.thisIndex,pl2_loop.ran,gnome_id,forest_id,end_keyresp.keys,end_keyresp.rt,end_keyresp.duration,passed_attention_check_loop.thisRepN,passed_attention_check_loop.thisTrialN,passed_attention_check_loop.thisN,passed_attention_check_loop.thisIndex,passed_attention_check_loop.ran,show_trials.thisRepN,show_trials.thisTrialN,show_trials.thisN,show_trials.thisIndex,show_trials.ran
656083eb366411e4a862f58c,brown_gnome,ressources/step1_stim1.png,2,ressources/step1_tallGnome_deact.png,bright_forest,ressources/step2_background1.png,red_basket,ressources/step2_stim2.png,purple_gnome,ressources/step1_stim2.png,3,ressources/step1_tallGnome_deact.png,dark_forest,ressources/step2_background2.png,yellow_basket,ressources/step2_stim1.png,pink_gnome,ressources/step1_stim3.png,4,ressources/step1_tallGnome_deact.png,bright_forest,ressources/step2_background1.png,red_basket,ressources/step2_stim2.png,blue_gnome,ressources/step1_stim4.png,1,ressources/step1_tallGnome_deact.png,bright_forest,ressources/step2_background1.png,red_basket,ressources/step2_stim2.png,green_gnome,ressources/step1_stim5.png,3,ressources/step1_smallGnome_deact.png,bright_forest,ressources/step2_background1.png,red_basket,ressources/step2_stim2.png,red_gnome,ressources/step1_stim6.png,4,ressources/step1_smallGnome_deact.png,dark_forest,ressources/step2_background2.png,yellow_basket,ressources/step2_stim1.png,yellow_gnome,ressources/step1_stim7.png,1,ressources/step1_smallGnome_deact.png,dark_forest,ressources/step2_background2.png,yellow_basket,ressources/step2_stim1.png,orange_gnome,ressources/step1_stim8.png,2,ressources/step1_smallGnome_deact.png,dark_forest,ressources/step2_background2.png,yellow_basket,ressources/step2_stim1.png,"[52,58,40,45,62,46,75,42,41,63]",479256,001,2024-11-25_10h58.04.982,experiment,2023.2.3,Win32,147.0588235,5f481e6faaf9582bdcd9697b,67446fa89e86ac01e4128331,6744b2f23276a33e40b8aa95,,,,,,,,,,,,,,,,,,,,,,,,,,,,,,,,,,,,,,,,,,,,,,,,,,,,,,,,,,,,,,,,,,,,,,,,,,,,,,,,,,,,,,,,,,,,,,,,,,,,,,,,,,,,,,,,,,,,,,,,,,,,,,,,,,,,,,,,,,,,,,,,,,,,,,,,,,,,,,,,,,,,,,,,,,,,,,,,,,,,,,,,,,,,,,,,,,,,,,,,,,
,,,,,,,,,,,,,,,,,,,,,,,,,,,,,,,,,,,,,,,,,,,,,,,,,,,,,,,,,,,,,,,,,,479256,001,2024-11-25_10h58.04.982,experiment,2023.2.3,Win32,147.0588235,5f481e6faaf9582bdcd9697b,67446fa89e86ac01e4128331,6744b2f23276a33e40b8aa95,y,6.0179,,,,,,,,,,,,,,,,,,,,,,,,,,,,,,,,,,,,,,,,,,,,,,,,,,,,,,,,,,,,,,,,,,,,,,,,,,,,,,,,,,,,,,,,,,,,,,,,,,,,,,,,,,,,,,,,,,,,,,,,,,,,,,,,,,,,,,,,,,,,,,,,,,,,,,,,,,,,,,,,,,,,,,,,,,,,,,,,,,,,,,,,,,,,,,,,,,,,,,,,
,,,,,,,,,,,,,,,,,,,,,,,,,,,,,,,,,,,,,,,,,,,,,,,,,,,,,,,,,,,,,,,,,,479256,001,2024-11-25_10h58.04.982,experiment,2023.2.3,Win32,147.0588235,5f481e6faaf9582bdcd9697b,67446fa89e86ac01e4128331,6744b2f23276a33e40b8aa95,,,,space,507.5497,,space,14.1544,,space,10.8936,,space,11.9961,,space,16.5256,,space,25.1408,,593.8056,594.3071,k,0.267,,,space,1.0407,,1,p_orange_gnome,1,0,p_green_forest,p_blue_basket,p_blue_gnome,1,5,p_yellow_forest,p_green_basket,0,1,0,1,0,p_blue_gnome,p_yellow_forest,p_green_basket,0,0,0,0,0,1,1,1,,,,,,,,,,,,,,,,,,,,,,,,,,,,,,,,,,,,,,,,,,,,,,,,,,,,,,,,,,,,,,,,,,,,,,,,,,,,,,,,,,,,,,,,,,,,,,,,,,,,,,,,,,,,,,,,,,,,,,,,,,,,,,,,,,,,,,,,,,,,,,,,,
,,,,,,,,,,,,,,,,,,,,,,,,,,,,,,,,,,,,,,,,,,,,,,,,,,,,,,,,,,,,,,,,,,479256,001,2024-11-25_10h58.04.982,experiment,2023.2.3,Win32,147.0588235,5f481e6faaf9582bdcd9697b,67446fa89e86ac01e4128331,6744b2f23276a33e40b8aa95,,,,,,,,,,,,,,,,,,,,,,599.8823,600.3898,k,0.5351,,space,,,,1,p_orange_gnome,1,0,p_green_forest,p_blue_basket,p_blue_gnome,1,5,p_yellow_forest,p_green_basket,5,1,0,0,1,p_blue_gnome,p_yellow_forest,p_green_basket,5,0,1,1,0,1,1,1,0.2762,,,,,,,,,,,,,,,,,,,,,,,,,,,,,,,,,,,,,,,,,,,,,,,,,,,,,,,,,,,,,,,,,,,,,,,,,,,,,,,,,,,,,,,,,,,,,,,,,,,,,,,,,,,,,,,,,,,,,,,,,,,,,,,,,,,,,,,,,,,,,,,,
,,,,,,,,,,,,,,,,,,,,,,,,,,,,,,,,,,,,,,,,,,,,,,,,,,,,,,,,,,,,,,,,,,479256,001,2024-11-25_10h58.04.982,experiment,2023.2.3,Win32,147.0588235,5f481e6faaf9582bdcd9697b,67446fa89e86ac01e4128331,6744b2f23276a33e40b8aa95,,,,,,,,,,,,,,,,,,,,,,606.9244,607.43,k,0.2963,,space,,,,1,p_orange_gnome,1,0,p_green_forest,p_blue_basket,p_blue_gnome,1,5,p_yellow_forest,p_green_basket,5,1,0,0,1,p_blue_gnome,p_yellow_forest,p_green_basket,10,0,2,2,0,1,1,1,0.0165,,,,,,,,,,,,,,,,,,,,,,,,,,,,,,,,,,,,,,,,,,,,,,,,,,,,,,,,,,,,,,,,,,,,,,,,,,,,,,,,,,,,,,,,,,,,,,,,,,,,,,,,,,,,,,,,,,,,,,,,,,,,,,,,,,,,,,,,,,,,,,,,
,,,,,,,,,,,,,,,,,,,,,,,,,,,,,,,,,,,,,,,,,,,,,,,,,,,,,,,,,,,,,,,,,,479256,001,2024-11-25_10h58.04.982,experiment,2023.2.3,Win32,147.0588235,5f481e6faaf9582bdcd9697b,67446fa89e86ac01e4128331,6744b2f23276a33e40b8aa95,,,,,,,,,,,,,,,,,,,,,,613.9615,614.4663,s,0.6227,,space,,,,1,p_orange_gnome,1,0,p_green_forest,p_blue_basket,p_blue_gnome,1,5,p_yellow_forest,p_green_basket,0,1,0,0,1,p_orange_gnome,p_green_forest,p_blue_basket,10,0,3,3,0,1,1,1,0.4228,,,,,,,,,,,,,,,,,,,,,,,,,,,,,,,,,,,,,,,,,,,,,,,,,,,,,,,,,,,,,,,,,,,,,,,,,,,,,,,,,,,,,,,,,,,,,,,,,,,,,,,,,,,,,,,,,,,,,,,,,,,,,,,,,,,,,,,,,,,,,,,,
,,,,,,,,,,,,,,,,,,,,,,,,,,,,,,,,,,,,,,,,,,,,,,,,,,,,,,,,,,,,,,,,,,479256,001,2024-11-25_10h58.04.982,experiment,2023.2.3,Win32,147.0588235,5f481e6faaf9582bdcd9697b,67446fa89e86ac01e4128331,6744b2f23276a33e40b8aa95,,,,,,,,,,,,,,,,,,,,,,620.9998,621.5011,s,0.886,,space,,,,2,p_pink_gnome,2,6,p_yellow_forest,p_green_basket,p_green_gnome,2,1,p_green_forest,p_blue_basket,30,5,0,0,1,p_pink_gnome,p_yellow_forest,p_green_basket,40,1,0,4,3,1,2,5,0.6976,,,,,,,,,,,,,,,,,,,,,,,,,,,,,,,,,,,,,,,,,,,,,,,,,,,,,,,,,,,,,,,,,,,,,,,,,,,,,,,,,,,,,,,,,,,,,,,,,,,,,,,,,,,,,,,,,,,,,,,,,,,,,,,,,,,,,,,,,,,,,,,,
,,,,,,,,,,,,,,,,,,,,,,,,,,,,,,,,,,,,,,,,,,,,,,,,,,,,,,,,,,,,,,,,,,479256,001,2024-11-25_10h58.04.982,experiment,2023.2.3,Win32,147.0588235,5f481e6faaf9582bdcd9697b,67446fa89e86ac01e4128331,6744b2f23276a33e40b8aa95,,,,,,,,,,,,,,,,,,,,,,628.046,628.5524,k,0.9987,,space,,,,1,p_blue_gnome,1,6,p_yellow_forest,p_green_basket,p_orange_gnome,1,1,p_green_forest,p_blue_basket,5,5,0,0,1,p_orange_gnome,p_green_forest,p_blue_basket,45,1,1,5,2,1,1,5,1.2131,,,,,,,,,,,,,,,,,,,,,,,,,,,,,,,,,,,,,,,,,,,,,,,,,,,,,,,,,,,,,,,,,,,,,,,,,,,,,,,,,,,,,,,,,,,,,,,,,,,,,,,,,,,,,,,,,,,,,,,,,,,,,,,,,,,,,,,,,,,,,,,,
,,,,,,,,,,,,,,,,,,,,,,,,,,,,,,,,,,,,,,,,,,,,,,,,,,,,,,,,,,,,,,,,,,479256,001,2024-11-25_10h58.04.982,experiment,2023.2.3,Win32,147.0588235,5f481e6faaf9582bdcd9697b,67446fa89e86ac01e4128331,6744b2f23276a33e40b8aa95,,,,,,,,,,,,,,,,,,,,,,635.0843,635.586,k,0.8001,,space,,,,2,p_green_gnome,2,1,p_green_forest,p_blue_basket,p_pink_gnome,2,6,p_yellow_forest,p_green_basket,6,1,0,0,1,p_pink_gnome,p_yellow_forest,p_green_basket,51,1,2,6,1,1,2,1,0.3877,,,,,,,,,,,,,,,,,,,,,,,,,,,,,,,,,,,,,,,,,,,,,,,,,,,,,,,,,,,,,,,,,,,,,,,,,,,,,,,,,,,,,,,,,,,,,,,,,,,,,,,,,,,,,,,,,,,,,,,,,,,,,,,,,,,,,,,,,,,,,,,,
,,,,,,,,,,,,,,,,,,,,,,,,,,,,,,,,,,,,,,,,,,,,,,,,,,,,,,,,,,,,,,,,,,479256,001,2024-11-25_10h58.04.982,experiment,2023.2.3,Win32,147.0588235,5f481e6faaf9582bdcd9697b,67446fa89e86ac01e4128331,6744b2f23276a33e40b8aa95,,,,,,,,,,,,,,,,,,,,,,642.1162,642.627,s,0.9831,,space,,,,1,p_blue_gnome,1,6,p_yellow_forest,p_green_basket,p_orange_gnome,1,1,p_green_forest,p_blue_basket,30,5,0,0,1,p_blue_gnome,p_yellow_forest,p_green_basket,81,1,3,7,2,1,1,5,0.2753,,,,,,,,,,,,,,,,,,,,,,,,,,,,,,,,,,,,,,,,,,,,,,,,,,,,,,,,,,,,,,,,,,,,,,,,,,,,,,,,,,,,,,,,,,,,,,,,,,,,,,,,,,,,,,,,,,,,,,,,,,,,,,,,,,,,,,,,,,,,,,,,
,,,,,,,,,,,,,,,,,,,,,,,,,,,,,,,,,,,,,,,,,,,,,,,,,,,,,,,,,,,,,,,,,,479256,001,2024-11-25_10h58.04.982,experiment,2023.2.3,Win32,147.0588235,5f481e6faaf9582bdcd9697b,67446fa89e86ac01e4128331,6744b2f23276a33e40b8aa95,,,,,,,,,,,,,,,,,,,,,,649.1598,649.6604,s,0.9684,,space,,,,2,p_green_gnome,2,2,p_green_forest,p_blue_basket,p_pink_gnome,2,7,p_yellow_forest,p_green_basket,10,5,0,0,1,p_green_gnome,p_green_forest,p_blue_basket,91,2,0,8,3,1,2,5,0.3114,,,,,,,,,,,,,,,,,,,,,,,,,,,,,,,,,,,,,,,,,,,,,,,,,,,,,,,,,,,,,,,,,,,,,,,,,,,,,,,,,,,,,,,,,,,,,,,,,,,,,,,,,,,,,,,,,,,,,,,,,,,,,,,,,,,,,,,,,,,,,,,,
,,,,,,,,,,,,,,,,,,,,,,,,,,,,,,,,,,,,,,,,,,,,,,,,,,,,,,,,,,,,,,,,,,479256,001,2024-11-25_10h58.04.982,experiment,2023.2.3,Win32,147.0588235,5f481e6faaf9582bdcd9697b,67446fa89e86ac01e4128331,6744b2f23276a33e40b8aa95,,,,,,,,,,,,,,,,,,,,,,656.1919,656.6985,k,0.9851,,space,,,,2,p_pink_gnome,2,7,p_yellow_forest,p_green_basket,p_green_gnome,2,2,p_green_forest,p_blue_basket,2,1,0,0,1,p_green_gnome,p_green_forest,p_blue_basket,93,2,1,9,1,1,2,1,0.3477,,,,,,,,,,,,,,,,,,,,,,,,,,,,,,,,,,,,,,,,,,,,,,,,,,,,,,,,,,,,,,,,,,,,,,,,,,,,,,,,,,,,,,,,,,,,,,,,,,,,,,,,,,,,,,,,,,,,,,,,,,,,,,,,,,,,,,,,,,,,,,,,
,,,,,,,,,,,,,,,,,,,,,,,,,,,,,,,,,,,,,,,,,,,,,,,,,,,,,,,,,,,,,,,,,,479256,001,2024-11-25_10h58.04.982,experiment,2023.2.3,Win32,147.0588235,5f481e6faaf9582bdcd9697b,67446fa89e86ac01e4128331,6744b2f23276a33e40b8aa95,,,,,,,,,,,,,,,,,,,,,,663.2339,663.738,s,1.0425,,space,,,,1,p_blue_gnome,1,7,p_yellow_forest,p_green_basket,p_orange_gnome,1,2,p_green_forest,p_blue_basket,7,1,0,0,1,p_blue_gnome,p_yellow_forest,p_green_basket,100,2,2,10,0,1,1,1,0.4571,,,,,,,,,,,,,,,,,,,,,,,,,,,,,,,,,,,,,,,,,,,,,,,,,,,,,,,,,,,,,,,,,,,,,,,,,,,,,,,,,,,,,,,,,,,,,,,,,,,,,,,,,,,,,,,,,,,,,,,,,,,,,,,,,,,,,,,,,,,,,,,,
,,,,,,,,,,,,,,,,,,,,,,,,,,,,,,,,,,,,,,,,,,,,,,,,,,,,,,,,,,,,,,,,,,479256,001,2024-11-25_10h58.04.982,experiment,2023.2.3,Win32,147.0588235,5f481e6faaf9582bdcd9697b,67446fa89e86ac01e4128331,6744b2f23276a33e40b8aa95,,,,,,,,,,,,,,,,,,,,,,670.2666,670.7757,k,0.7688,,space,,,,2,p_green_gnome,2,2,p_green_forest,p_blue_basket,p_pink_gnome,2,7,p_yellow_forest,p_green_basket,7,1,0,0,1,p_pink_gnome,p_yellow_forest,p_green_basket,107,2,3,11,1,1,2,1,0.2252,,,,,,,,,,,,,,,,,,,,,,,,,,,,,,,,,,,,,,,,,,,,,,,,,,,,,,,,,,,,,,,,,,,,,,,,,,,,,,,,,,,,,,,,,,,,,,,,,,,,,,,,,,,,,,,,,,,,,,,,,,,,,,,,,,,,,,,,,,,,,,,,
,,,,,,,,,,,,,,,,,,,,,,,,,,,,,,,,,,,,,,,,,,,,,,,,,,,,,,,,,,,,,,,,,,479256,001,2024-11-25_10h58.04.982,experiment,2023.2.3,Win32,147.0588235,5f481e6faaf9582bdcd9697b,67446fa89e86ac01e4128331,6744b2f23276a33e40b8aa95,,,,,,,,,,,,,,,,,,,,,,677.3028,677.8097,s,1.0207,,space,,,,2,p_green_gnome,2,3,p_green_forest,p_blue_basket,p_pink_gnome,2,8,p_yellow_forest,p_green_basket,15,5,0,0,1,p_green_gnome,p_green_forest,p_blue_basket,122,3,0,12,3,1,2,5,0.3344,,,,,,,,,,,,,,,,,,,,,,,,,,,,,,,,,,,,,,,,,,,,,,,,,,,,,,,,,,,,,,,,,,,,,,,,,,,,,,,,,,,,,,,,,,,,,,,,,,,,,,,,,,,,,,,,,,,,,,,,,,,,,,,,,,,,,,,,,,,,,,,,
,,,,,,,,,,,,,,,,,,,,,,,,,,,,,,,,,,,,,,,,,,,,,,,,,,,,,,,,,,,,,,,,,,479256,001,2024-11-25_10h58.04.982,experiment,2023.2.3,Win32,147.0588235,5f481e6faaf9582bdcd9697b,67446fa89e86ac01e4128331,6744b2f23276a33e40b8aa95,,,,,,,,,,,,,,,,,,,,,,684.3451,684.8511,k,0.7621,,space,,,,2,p_green_gnome,2,3,p_green_forest,p_blue_basket,p_pink_gnome,2,8,p_yellow_forest,p_green_basket,40,5,0,0,1,p_pink_gnome,p_yellow_forest,p_green_basket,162,3,1,13,3,1,2,5,0.4031,,,,,,,,,,,,,,,,,,,,,,,,,,,,,,,,,,,,,,,,,,,,,,,,,,,,,,,,,,,,,,,,,,,,,,,,,,,,,,,,,,,,,,,,,,,,,,,,,,,,,,,,,,,,,,,,,,,,,,,,,,,,,,,,,,,,,,,,,,,,,,,,
,,,,,,,,,,,,,,,,,,,,,,,,,,,,,,,,,,,,,,,,,,,,,,,,,,,,,,,,,,,,,,,,,,479256,001,2024-11-25_10h58.04.982,experiment,2023.2.3,Win32,147.0588235,5f481e6faaf9582bdcd9697b,67446fa89e86ac01e4128331,6744b2f23276a33e40b8aa95,,,,,,,,,,,,,,,,,,,,,,691.3775,691.8848,s,1.1672,,space,,,,1,p_blue_gnome,1,8,p_yellow_forest,p_green_basket,p_orange_gnome,1,3,p_green_forest,p_blue_basket,40,5,0,0,1,p_blue_gnome,p_yellow_forest,p_green_basket,202,3,2,14,2,1,1,5,0.3607,,,,,,,,,,,,,,,,,,,,,,,,,,,,,,,,,,,,,,,,,,,,,,,,,,,,,,,,,,,,,,,,,,,,,,,,,,,,,,,,,,,,,,,,,,,,,,,,,,,,,,,,,,,,,,,,,,,,,,,,,,,,,,,,,,,,,,,,,,,,,,,,
,,,,,,,,,,,,,,,,,,,,,,,,,,,,,,,,,,,,,,,,,,,,,,,,,,,,,,,,,,,,,,,,,,479256,001,2024-11-25_10h58.04.982,experiment,2023.2.3,Win32,147.0588235,5f481e6faaf9582bdcd9697b,67446fa89e86ac01e4128331,6744b2f23276a33e40b8aa95,,,,,,,,,,,,,,,,,,,,,,698.415,698.9249,s,0.9894,,space,,,,2,p_pink_gnome,2,8,p_yellow_forest,p_green_basket,p_green_gnome,2,3,p_green_forest,p_blue_basket,40,5,0,0,1,p_pink_gnome,p_yellow_forest,p_green_basket,242,3,3,15,3,1,2,5,0.4475,,,,,,,,,,,,,,,,,,,,,,,,,,,,,,,,,,,,,,,,,,,,,,,,,,,,,,,,,,,,,,,,,,,,,,,,,,,,,,,,,,,,,,,,,,,,,,,,,,,,,,,,,,,,,,,,,,,,,,,,,,,,,,,,,,,,,,,,,,,,,,,,
,,,,,,,,,,,,,,,,,,,,,,,,,,,,,,,,,,,,,,,,,,,,,,,,,,,,,,,,,,,,,,,,,,479256,001,2024-11-25_10h58.04.982,experiment,2023.2.3,Win32,147.0588235,5f481e6faaf9582bdcd9697b,67446fa89e86ac01e4128331,6744b2f23276a33e40b8aa95,,,,,,,,,,,,,,,,,,,,,,705.4566,705.959,s,0.9741,,space,,,,2,p_pink_gnome,2,9,p_yellow_forest,p_green_basket,p_green_gnome,2,4,p_green_forest,p_blue_basket,9,1,0,0,1,p_pink_gnome,p_yellow_forest,p_green_basket,251,4,0,16,1,1,2,1,0.2843,,,,,,,,,,,,,,,,,,,,,,,,,,,,,,,,,,,,,,,,,,,,,,,,,,,,,,,,,,,,,,,,,,,,,,,,,,,,,,,,,,,,,,,,,,,,,,,,,,,,,,,,,,,,,,,,,,,,,,,,,,,,,,,,,,,,,,,,,,,,,,,,
,,,,,,,,,,,,,,,,,,,,,,,,,,,,,,,,,,,,,,,,,,,,,,,,,,,,,,,,,,,,,,,,,,479256,001,2024-11-25_10h58.04.982,experiment,2023.2.3,Win32,147.0588235,5f481e6faaf9582bdcd9697b,67446fa89e86ac01e4128331,6744b2f23276a33e40b8aa95,,,,,,,,,,,,,,,,,,,,,,712.4862,712.9881,k,1.1343,,space,,,,1,p_orange_gnome,1,4,p_green_forest,p_blue_basket,p_blue_gnome,1,9,p_yellow_forest,p_green_basket,45,5,0,0,1,p_blue_gnome,p_yellow_forest,p_green_basket,296,4,1,17,2,1,1,5,0.4153,,,,,,,,,,,,,,,,,,,,,,,,,,,,,,,,,,,,,,,,,,,,,,,,,,,,,,,,,,,,,,,,,,,,,,,,,,,,,,,,,,,,,,,,,,,,,,,,,,,,,,,,,,,,,,,,,,,,,,,,,,,,,,,,,,,,,,,,,,,,,,,,
,,,,,,,,,,,,,,,,,,,,,,,,,,,,,,,,,,,,,,,,,,,,,,,,,,,,,,,,,,,,,,,,,,479256,001,2024-11-25_10h58.04.982,experiment,2023.2.3,Win32,147.0588235,5f481e6faaf9582bdcd9697b,67446fa89e86ac01e4128331,6744b2f23276a33e40b8aa95,,,,,,,,,,,,,,,,,,,,,,719.5118,720.0192,s,0.7143,,space,,,,2,p_pink_gnome,2,9,p_yellow_forest,p_green_basket,p_green_gnome,2,4,p_green_forest,p_blue_basket,9,1,0,0,1,p_pink_gnome,p_yellow_forest,p_green_basket,305,4,2,18,1,1,2,1,0.4849,,,,,,,,,,,,,,,,,,,,,,,,,,,,,,,,,,,,,,,,,,,,,,,,,,,,,,,,,,,,,,,,,,,,,,,,,,,,,,,,,,,,,,,,,,,,,,,,,,,,,,,,,,,,,,,,,,,,,,,,,,,,,,,,,,,,,,,,,,,,,,,,
,,,,,,,,,,,,,,,,,,,,,,,,,,,,,,,,,,,,,,,,,,,,,,,,,,,,,,,,,,,,,,,,,,479256,001,2024-11-25_10h58.04.982,experiment,2023.2.3,Win32,147.0588235,5f481e6faaf9582bdcd9697b,67446fa89e86ac01e4128331,6744b2f23276a33e40b8aa95,,,,,,,,,,,,,,,,,,,,,,726.5399,727.0465,k,0.806,,space,,,,1,p_orange_gnome,1,4,p_green_forest,p_blue_basket,p_blue_gnome,1,9,p_yellow_forest,p_green_basket,45,5,0,0,1,p_blue_gnome,p_yellow_forest,p_green_basket,350,4,3,19,2,1,1,5,0.5999,,,,,,,,,,,,,,,,,,,,,,,,,,,,,,,,,,,,,,,,,,,,,,,,,,,,,,,,,,,,,,,,,,,,,,,,,,,,,,,,,,,,,,,,,,,,,,,,,,,,,,,,,,,,,,,,,,,,,,,,,,,,,,,,,,,,,,,,,,,,,,,,
,,,,,,,,,,,,,,,,,,,,,,,,,,,,,,,,,,,,,,,,,,,,,,,,,,,,,,,,,,,,,,,,,,479256,001,2024-11-25_10h58.04.982,experiment,2023.2.3,Win32,147.0588235,5f481e6faaf9582bdcd9697b,67446fa89e86ac01e4128331,6744b2f23276a33e40b8aa95,,,,,,,,,,,,,,,,,,,,,,,,,,,,,,,,,,,,,,,,,,,,,,,,,,,,,,,,,,,,space,17.9052,,space,33.7328,,ressources/step1_stim5.png,ressources/step1_stim2.png,k,1.1864,ressources/step2_background2.png,ressources/step2_stim1.png,0.4525,1,5,2992,0,0,0,0,0,0,0,s,0,0,0,0,0,1,,,,,,,,,,,,,,,,,,,,,,,,,,,,,,,,,,,,,,,,,,,,,,,,,,,,,,,,,,,,,,,,,,,,,,,,,,,,,,,,,,,,,,,,,,,,,,,,,,,,,,,,,,,,,,,,,
,,,,,,,,,,,,,,,,,,,,,,,,,,,,,,,,,,,,,,,,,,,,,,,,,,,,,,,,,,,,,,,,,,479256,001,2024-11-25_10h58.04.982,experiment,2023.2.3,Win32,147.0588235,5f481e6faaf9582bdcd9697b,67446fa89e86ac01e4128331,6744b2f23276a33e40b8aa95,,,,,,,,,,,,,,,,,,,,,,,,,,,,,,,,,,,,,,,,,,,,,,,,,,,,,,,,,,,,,,,,,,ressources/step1_stim2.png,ressources/step1_stim5.png,k,0.469,ressources/step2_background1.png,ressources/step2_stim2.png,0.3085,5,30,3022,0,0,0,0,0,0,0,k,0,1,0,1,0,1,,,,,,,,,,,,,,,,,,,,,,,,,,,,,,,,,,,,,,,,,,,,,,,,,,,,,,,,,,,,,,,,,,,,,,,,,,,,,,,,,,,,,,,,,,,,,,,,,,,,,,,,,,,,,,,,,
,,,,,,,,,,,,,,,,,,,,,,,,,,,,,,,,,,,,,,,,,,,,,,,,,,,,,,,,,,,,,,,,,,479256,001,2024-11-25_10h58.04.982,experiment,2023.2.3,Win32,147.0588235,5f481e6faaf9582bdcd9697b,67446fa89e86ac01e4128331,6744b2f23276a33e40b8aa95,,,,,,,,,,,,,,,,,,,,,,,,,,,,,,,,,,,,,,,,,,,,,,,,,,,,,,,,,,,,,,,,,,ressources/step1_stim5.png,ressources/step1_stim2.png,s,0.5769,ressources/step2_background1.png,ressources/step2_stim2.png,0.3555,5,30,3052,0,0,0,0,0,0,0,k,0,2,0,2,0,1,,,,,,,,,,,,,,,,,,,,,,,,,,,,,,,,,,,,,,,,,,,,,,,,,,,,,,,,,,,,,,,,,,,,,,,,,,,,,,,,,,,,,,,,,,,,,,,,,,,,,,,,,,,,,,,,,
,,,,,,,,,,,,,,,,,,,,,,,,,,,,,,,,,,,,,,,,,,,,,,,,,,,,,,,,,,,,,,,,,,479256,001,2024-11-25_10h58.04.982,experiment,2023.2.3,Win32,147.0588235,5f481e6faaf9582bdcd9697b,67446fa89e86ac01e4128331,6744b2f23276a33e40b8aa95,,,,,,,,,,,,,,,,,,,,,,,,,,,,,,,,,,,,,,,,,,,,,,,,,,,,,,,,,,,,,,,,,,ressources/step1_stim7.png,ressources/step1_stim4.png,s,0.7713,ressources/step2_background2.png,ressources/step2_stim1.png,0.4063,5,10,3062,0,0,0,0,0,0,0,k,0,3,0,3,0,1,,,,,,,,,,,,,,,,,,,,,,,,,,,,,,,,,,,,,,,,,,,,,,,,,,,,,,,,,,,,,,,,,,,,,,,,,,,,,,,,,,,,,,,,,,,,,,,,,,,,,,,,,,,,,,,,,
,,,,,,,,,,,,,,,,,,,,,,,,,,,,,,,,,,,,,,,,,,,,,,,,,,,,,,,,,,,,,,,,,,479256,001,2024-11-25_10h58.04.982,experiment,2023.2.3,Win32,147.0588235,5f481e6faaf9582bdcd9697b,67446fa89e86ac01e4128331,6744b2f23276a33e40b8aa95,,,,,,,,,,,,,,,,,,,,,,,,,,,,,,,,,,,,,,,,,,,,,,,,,,,,,,,,,,,,,,,,,,ressources/step1_stim7.png,ressources/step1_stim4.png,k,0.6057,ressources/step2_background1.png,ressources/step2_stim2.png,0.3049,1,7,3069,0,0,0,0,0,0,0,k,0,4,0,4,0,1,,,,,,,,,,,,,,,,,,,,,,,,,,,,,,,,,,,,,,,,,,,,,,,,,,,,,,,,,,,,,,,,,,,,,,,,,,,,,,,,,,,,,,,,,,,,,,,,,,,,,,,,,,,,,,,,,
,,,,,,,,,,,,,,,,,,,,,,,,,,,,,,,,,,,,,,,,,,,,,,,,,,,,,,,,,,,,,,,,,,479256,001,2024-11-25_10h58.04.982,experiment,2023.2.3,Win32,147.0588235,5f481e6faaf9582bdcd9697b,67446fa89e86ac01e4128331,6744b2f23276a33e40b8aa95,,,,,,,,,,,,,,,,,,,,,,,,,,,,,,,,,,,,,,,,,,,,,,,,,,,,,,,,,,,,,,,,,,ressources/step1_stim6.png,ressources/step1_stim3.png,s,0.5873,ressources/step2_background2.png,ressources/step2_stim1.png,0.3091,5,15,3084,0,0,0,0,0,0,0,k,0,5,0,5,0,1,,,,,,,,,,,,,,,,,,,,,,,,,,,,,,,,,,,,,,,,,,,,,,,,,,,,,,,,,,,,,,,,,,,,,,,,,,,,,,,,,,,,,,,,,,,,,,,,,,,,,,,,,,,,,,,,,
,,,,,,,,,,,,,,,,,,,,,,,,,,,,,,,,,,,,,,,,,,,,,,,,,,,,,,,,,,,,,,,,,,479256,001,2024-11-25_10h58.04.982,experiment,2023.2.3,Win32,147.0588235,5f481e6faaf9582bdcd9697b,67446fa89e86ac01e4128331,6744b2f23276a33e40b8aa95,,,,,,,,,,,,,,,,,,,,,,,,,,,,,,,,,,,,,,,,,,,,,,,,,,,,,,,,,,,,,,,,,,ressources/step1_stim3.png,ressources/step1_stim6.png,k,0.5815,ressources/step2_background2.png,ressources/step2_stim1.png,0.2547,1,1,3085,0,0,0,0,0,0,0,s,0,6,0,6,0,1,,,,,,,,,,,,,,,,,,,,,,,,,,,,,,,,,,,,,,,,,,,,,,,,,,,,,,,,,,,,,,,,,,,,,,,,,,,,,,,,,,,,,,,,,,,,,,,,,,,,,,,,,,,,,,,,,
,,,,,,,,,,,,,,,,,,,,,,,,,,,,,,,,,,,,,,,,,,,,,,,,,,,,,,,,,,,,,,,,,,479256,001,2024-11-25_10h58.04.982,experiment,2023.2.3,Win32,147.0588235,5f481e6faaf9582bdcd9697b,67446fa89e86ac01e4128331,6744b2f23276a33e40b8aa95,,,,,,,,,,,,,,,,,,,,,,,,,,,,,,,,,,,,,,,,,,,,,,,,,,,,,,,,,,,,,,,,,,ressources/step1_stim2.png,ressources/step1_stim5.png,s,1.3263,ressources/step2_background2.png,ressources/step2_stim1.png,0.5564,1,2,3087,0,0,0,0,0,0,0,s,0,7,0,7,0,1,,,,,,,,,,,,,,,,,,,,,,,,,,,,,,,,,,,,,,,,,,,,,,,,,,,,,,,,,,,,,,,,,,,,,,,,,,,,,,,,,,,,,,,,,,,,,,,,,,,,,,,,,,,,,,,,,
,,,,,,,,,,,,,,,,,,,,,,,,,,,,,,,,,,,,,,,,,,,,,,,,,,,,,,,,,,,,,,,,,,479256,001,2024-11-25_10h58.04.982,experiment,2023.2.3,Win32,147.0588235,5f481e6faaf9582bdcd9697b,67446fa89e86ac01e4128331,6744b2f23276a33e40b8aa95,,,,,,,,,,,,,,,,,,,,,,,,,,,,,,,,,,,,,,,,,,,,,,,,,,,,,,,,,,,,,,,,,,ressources/step1_stim6.png,ressources/step1_stim3.png,k,0.4888,ressources/step2_background1.png,ressources/step2_stim2.png,0.3457,1,5,3092,0,0,0,0,0,0,0,s,0,8,0,8,0,1,,,,,,,,,,,,,,,,,,,,,,,,,,,,,,,,,,,,,,,,,,,,,,,,,,,,,,,,,,,,,,,,,,,,,,,,,,,,,,,,,,,,,,,,,,,,,,,,,,,,,,,,,,,,,,,,,
,,,,,,,,,,,,,,,,,,,,,,,,,,,,,,,,,,,,,,,,,,,,,,,,,,,,,,,,,,,,,,,,,,479256,001,2024-11-25_10h58.04.982,experiment,2023.2.3,Win32,147.0588235,5f481e6faaf9582bdcd9697b,67446fa89e86ac01e4128331,6744b2f23276a33e40b8aa95,,,,,,,,,,,,,,,,,,,,,,,,,,,,,,,,,,,,,,,,,,,,,,,,,,,,,,,,,,,,,,,,,,ressources/step1_stim3.png,ressources/step1_stim6.png,k,0.5882,ressources/step2_background2.png,ressources/step2_stim1.png,0.2897,5,10,3102,0,0,0,0,0,0,0,k,0,9,0,9,0,1,,,,,,,,,,,,,,,,,,,,,,,,,,,,,,,,,,,,,,,,,,,,,,,,,,,,,,,,,,,,,,,,,,,,,,,,,,,,,,,,,,,,,,,,,,,,,,,,,,,,,,,,,,,,,,,,,
,,,,,,,,,,,,,,,,,,,,,,,,,,,,,,,,,,,,,,,,,,,,,,,,,,,,,,,,,,,,,,,,,,479256,001,2024-11-25_10h58.04.982,experiment,2023.2.3,Win32,147.0588235,5f481e6faaf9582bdcd9697b,67446fa89e86ac01e4128331,6744b2f23276a33e40b8aa95,,,,,,,,,,,,,,,,,,,,,,,,,,,,,,,,,,,,,,,,,,,,,,,,,,,,,,,,,,,,,,,,,,ressources/step1_stim6.png,ressources/step1_stim3.png,s,0.7092,ressources/step2_background2.png,ressources/step2_stim1.png,0.3296,1,4,3106,0,0,0,0,0,0,0,s,0,10,0,10,0,1,,,,,,,,,,,,,,,,,,,,,,,,,,,,,,,,,,,,,,,,,,,,,,,,,,,,,,,,,,,,,,,,,,,,,,,,,,,,,,,,,,,,,,,,,,,,,,,,,,,,,,,,,,,,,,,,,
,,,,,,,,,,,,,,,,,,,,,,,,,,,,,,,,,,,,,,,,,,,,,,,,,,,,,,,,,,,,,,,,,,479256,001,2024-11-25_10h58.04.982,experiment,2023.2.3,Win32,147.0588235,5f481e6faaf9582bdcd9697b,67446fa89e86ac01e4128331,6744b2f23276a33e40b8aa95,,,,,,,,,,,,,,,,,,,,,,,,,,,,,,,,,,,,,,,,,,,,,,,,,,,,,,,,,,,,,,,,,,ressources/step1_stim4.png,ressources/step1_stim7.png,s,0.7711,ressources/step2_background1.png,ressources/step2_stim2.png,0.3863,1,6,3112,0,0,0,0,0,0,0,k,0,11,0,11,0,1,,,,,,,,,,,,,,,,,,,,,,,,,,,,,,,,,,,,,,,,,,,,,,,,,,,,,,,,,,,,,,,,,,,,,,,,,,,,,,,,,,,,,,,,,,,,,,,,,,,,,,,,,,,,,,,,,
,,,,,,,,,,,,,,,,,,,,,,,,,,,,,,,,,,,,,,,,,,,,,,,,,,,,,,,,,,,,,,,,,,479256,001,2024-11-25_10h58.04.982,experiment,2023.2.3,Win32,147.0588235,5f481e6faaf9582bdcd9697b,67446fa89e86ac01e4128331,6744b2f23276a33e40b8aa95,,,,,,,,,,,,,,,,,,,,,,,,,,,,,,,,,,,,,,,,,,,,,,,,,,,,,,,,,,,,,,,,,,ressources/step1_stim1.png,ressources/step1_stim8.png,k,0.5944,ressources/step2_background2.png,ressources/step2_stim1.png,0.2762,5,10,3122,0,0,0,0,0,0,0,k,0,12,0,12,0,1,,,,,,,,,,,,,,,,,,,,,,,,,,,,,,,,,,,,,,,,,,,,,,,,,,,,,,,,,,,,,,,,,,,,,,,,,,,,,,,,,,,,,,,,,,,,,,,,,,,,,,,,,,,,,,,,,
,,,,,,,,,,,,,,,,,,,,,,,,,,,,,,,,,,,,,,,,,,,,,,,,,,,,,,,,,,,,,,,,,,479256,001,2024-11-25_10h58.04.982,experiment,2023.2.3,Win32,147.0588235,5f481e6faaf9582bdcd9697b,67446fa89e86ac01e4128331,6744b2f23276a33e40b8aa95,,,,,,,,,,,,,,,,,,,,,,,,,,,,,,,,,,,,,,,,,,,,,,,,,,,,,,,,,,,,,,,,,,ressources/step1_stim5.png,ressources/step1_stim2.png,k,0.652,ressources/step2_background2.png,ressources/step2_stim1.png,0.2769,1,2,3124,0,0,0,0,0,0,0,s,0,13,0,13,0,1,,,,,,,,,,,,,,,,,,,,,,,,,,,,,,,,,,,,,,,,,,,,,,,,,,,,,,,,,,,,,,,,,,,,,,,,,,,,,,,,,,,,,,,,,,,,,,,,,,,,,,,,,,,,,,,,,
,,,,,,,,,,,,,,,,,,,,,,,,,,,,,,,,,,,,,,,,,,,,,,,,,,,,,,,,,,,,,,,,,,479256,001,2024-11-25_10h58.04.982,experiment,2023.2.3,Win32,147.0588235,5f481e6faaf9582bdcd9697b,67446fa89e86ac01e4128331,6744b2f23276a33e40b8aa95,,,,,,,,,,,,,,,,,,,,,,,,,,,,,,,,,,,,,,,,,,,,,,,,,,,,,,,,,,,,,,,,,,ressources/step1_stim3.png,ressources/step1_stim6.png,k,0.7541,ressources/step2_background2.png,ressources/step2_stim1.png,0.3252,5,15,3139,0,0,0,0,0,0,0,k,0,14,0,14,0,1,,,,,,,,,,,,,,,,,,,,,,,,,,,,,,,,,,,,,,,,,,,,,,,,,,,,,,,,,,,,,,,,,,,,,,,,,,,,,,,,,,,,,,,,,,,,,,,,,,,,,,,,,,,,,,,,,
,,,,,,,,,,,,,,,,,,,,,,,,,,,,,,,,,,,,,,,,,,,,,,,,,,,,,,,,,,,,,,,,,,479256,001,2024-11-25_10h58.04.982,experiment,2023.2.3,Win32,147.0588235,5f481e6faaf9582bdcd9697b,67446fa89e86ac01e4128331,6744b2f23276a33e40b8aa95,,,,,,,,,,,,,,,,,,,,,,,,,,,,,,,,,,,,,,,,,,,,,,,,,,,,,,,,,,,,,,,,,,ressources/step1_stim8.png,ressources/step1_stim1.png,s,0.5801,ressources/step2_background2.png,ressources/step2_stim1.png,0.2773,5,0,3139,0,0,0,0,0,0,0,s,0,15,0,15,0,1,,,,,,,,,,,,,,,,,,,,,,,,,,,,,,,,,,,,,,,,,,,,,,,,,,,,,,,,,,,,,,,,,,,,,,,,,,,,,,,,,,,,,,,,,,,,,,,,,,,,,,,,,,,,,,,,,
,,,,,,,,,,,,,,,,,,,,,,,,,,,,,,,,,,,,,,,,,,,,,,,,,,,,,,,,,,,,,,,,,,479256,001,2024-11-25_10h58.04.982,experiment,2023.2.3,Win32,147.0588235,5f481e6faaf9582bdcd9697b,67446fa89e86ac01e4128331,6744b2f23276a33e40b8aa95,,,,,,,,,,,,,,,,,,,,,,,,,,,,,,,,,,,,,,,,,,,,,,,,,,,,,,,,,,,,,,,,,,ressources/step1_stim3.png,ressources/step1_stim6.png,k,0.6918,ressources/step2_background2.png,ressources/step2_stim1.png,0.2541,5,5,3144,0,0,0,0,0,0,0,s,0,16,0,16,0,1,,,,,,,,,,,,,,,,,,,,,,,,,,,,,,,,,,,,,,,,,,,,,,,,,,,,,,,,,,,,,,,,,,,,,,,,,,,,,,,,,,,,,,,,,,,,,,,,,,,,,,,,,,,,,,,,,
,,,,,,,,,,,,,,,,,,,,,,,,,,,,,,,,,,,,,,,,,,,,,,,,,,,,,,,,,,,,,,,,,,479256,001,2024-11-25_10h58.04.982,experiment,2023.2.3,Win32,147.0588235,5f481e6faaf9582bdcd9697b,67446fa89e86ac01e4128331,6744b2f23276a33e40b8aa95,,,,,,,,,,,,,,,,,,,,,,,,,,,,,,,,,,,,,,,,,,,,,,,,,,,,,,,,,,,,,,,,,,ressources/step1_stim1.png,ressources/step1_stim8.png,k,0.6953,ressources/step2_background2.png,ressources/step2_stim1.png,0.2818,1,0,3144,0,0,0,0,0,0,0,s,0,17,0,17,0,1,,,,,,,,,,,,,,,,,,,,,,,,,,,,,,,,,,,,,,,,,,,,,,,,,,,,,,,,,,,,,,,,,,,,,,,,,,,,,,,,,,,,,,,,,,,,,,,,,,,,,,,,,,,,,,,,,
,,,,,,,,,,,,,,,,,,,,,,,,,,,,,,,,,,,,,,,,,,,,,,,,,,,,,,,,,,,,,,,,,,479256,001,2024-11-25_10h58.04.982,experiment,2023.2.3,Win32,147.0588235,5f481e6faaf9582bdcd9697b,67446fa89e86ac01e4128331,6744b2f23276a33e40b8aa95,,,,,,,,,,,,,,,,,,,,,,,,,,,,,,,,,,,,,,,,,,,,,,,,,,,,,,,,,,,,,,,,,,ressources/step1_stim5.png,ressources/step1_stim2.png,k,0.9703,ressources/step2_background2.png,ressources/step2_stim1.png,0.3149,1,1,3145,0,0,0,0,0,0,0,s,0,18,0,18,0,1,,,,,,,,,,,,,,,,,,,,,,,,,,,,,,,,,,,,,,,,,,,,,,,,,,,,,,,,,,,,,,,,,,,,,,,,,,,,,,,,,,,,,,,,,,,,,,,,,,,,,,,,,,,,,,,,,
,,,,,,,,,,,,,,,,,,,,,,,,,,,,,,,,,,,,,,,,,,,,,,,,,,,,,,,,,,,,,,,,,,479256,001,2024-11-25_10h58.04.982,experiment,2023.2.3,Win32,147.0588235,5f481e6faaf9582bdcd9697b,67446fa89e86ac01e4128331,6744b2f23276a33e40b8aa95,,,,,,,,,,,,,,,,,,,,,,,,,,,,,,,,,,,,,,,,,,,,,,,,,,,,,,,,,,,,,,,,,,ressources/step1_stim7.png,ressources/step1_stim4.png,k,0.6861,ressources/step2_background1.png,ressources/step2_stim2.png,0.2896,1,5,3150,0,0,0,0,0,0,0,s,0,19,0,19,0,1,,,,,,,,,,,,,,,,,,,,,,,,,,,,,,,,,,,,,,,,,,,,,,,,,,,,,,,,,,,,,,,,,,,,,,,,,,,,,,,,,,,,,,,,,,,,,,,,,,,,,,,,,,,,,,,,,
,,,,,,,,,,,,,,,,,,,,,,,,,,,,,,,,,,,,,,,,,,,,,,,,,,,,,,,,,,,,,,,,,,479256,001,2024-11-25_10h58.04.982,experiment,2023.2.3,Win32,147.0588235,5f481e6faaf9582bdcd9697b,67446fa89e86ac01e4128331,6744b2f23276a33e40b8aa95,,,,,,,,,,,,,,,,,,,,,,,,,,,,,,,,,,,,,,,,,,,,,,,,,,,,,,,,,,,,,,,,,,ressources/step1_stim7.png,ressources/step1_stim4.png,s,0.7063,ressources/step2_background2.png,ressources/step2_stim1.png,0.3057,5,10,3160,0,0,0,0,0,0,0,k,0,20,0,20,0,1,,,,,,,,,,,,,,,,,,,,,,,,,,,,,,,,,,,,,,,,,,,,,,,,,,,,,,,,,,,,,,,,,,,,,,,,,,,,,,,,,,,,,,,,,,,,,,,,,,,,,,,,,,,,,,,,,
,,,,,,,,,,,,,,,,,,,,,,,,,,,,,,,,,,,,,,,,,,,,,,,,,,,,,,,,,,,,,,,,,,479256,001,2024-11-25_10h58.04.982,experiment,2023.2.3,Win32,147.0588235,5f481e6faaf9582bdcd9697b,67446fa89e86ac01e4128331,6744b2f23276a33e40b8aa95,,,,,,,,,,,,,,,,,,,,,,,,,,,,,,,,,,,,,,,,,,,,,,,,,,,,,,,,,,,,,,,,,,ressources/step1_stim3.png,ressources/step1_stim6.png,k,0.6125,ressources/step2_background2.png,ressources/step2_stim1.png,0.3379,1,3,3163,0,0,0,0,0,0,0,s,0,21,0,21,0,1,,,,,,,,,,,,,,,,,,,,,,,,,,,,,,,,,,,,,,,,,,,,,,,,,,,,,,,,,,,,,,,,,,,,,,,,,,,,,,,,,,,,,,,,,,,,,,,,,,,,,,,,,,,,,,,,,
,,,,,,,,,,,,,,,,,,,,,,,,,,,,,,,,,,,,,,,,,,,,,,,,,,,,,,,,,,,,,,,,,,479256,001,2024-11-25_10h58.04.982,experiment,2023.2.3,Win32,147.0588235,5f481e6faaf9582bdcd9697b,67446fa89e86ac01e4128331,6744b2f23276a33e40b8aa95,,,,,,,,,,,,,,,,,,,,,,,,,,,,,,,,,,,,,,,,,,,,,,,,,,,,,,,,,,,,,,,,,,ressources/step1_stim5.png,ressources/step1_stim2.png,k,0.7826,ressources/step2_background2.png,ressources/step2_stim1.png,0.4941,1,2,3165,0,0,0,0,0,0,0,s,0,22,0,22,0,1,,,,,,,,,,,,,,,,,,,,,,,,,,,,,,,,,,,,,,,,,,,,,,,,,,,,,,,,,,,,,,,,,,,,,,,,,,,,,,,,,,,,,,,,,,,,,,,,,,,,,,,,,,,,,,,,,
,,,,,,,,,,,,,,,,,,,,,,,,,,,,,,,,,,,,,,,,,,,,,,,,,,,,,,,,,,,,,,,,,,479256,001,2024-11-25_10h58.04.982,experiment,2023.2.3,Win32,147.0588235,5f481e6faaf9582bdcd9697b,67446fa89e86ac01e4128331,6744b2f23276a33e40b8aa95,,,,,,,,,,,,,,,,,,,,,,,,,,,,,,,,,,,,,,,,,,,,,,,,,,,,,,,,,,,,,,,,,,ressources/step1_stim5.png,ressources/step1_stim2.png,k,0.606,ressources/step2_background2.png,ressources/step2_stim1.png,0.2807,5,10,3175,0,0,0,0,0,0,0,k,0,23,0,23,0,1,,,,,,,,,,,,,,,,,,,,,,,,,,,,,,,,,,,,,,,,,,,,,,,,,,,,,,,,,,,,,,,,,,,,,,,,,,,,,,,,,,,,,,,,,,,,,,,,,,,,,,,,,,,,,,,,,
,,,,,,,,,,,,,,,,,,,,,,,,,,,,,,,,,,,,,,,,,,,,,,,,,,,,,,,,,,,,,,,,,,479256,001,2024-11-25_10h58.04.982,experiment,2023.2.3,Win32,147.0588235,5f481e6faaf9582bdcd9697b,67446fa89e86ac01e4128331,6744b2f23276a33e40b8aa95,,,,,,,,,,,,,,,,,,,,,,,,,,,,,,,,,,,,,,,,,,,,,,,,,,,,,,,,,,,,,,,,,,ressources/step1_stim7.png,ressources/step1_stim4.png,k,0.7109,ressources/step2_background1.png,ressources/step2_stim2.png,0.3205,1,7,3182,0,0,0,0,0,0,0,k,0,24,0,24,0,1,,,,,,,,,,,,,,,,,,,,,,,,,,,,,,,,,,,,,,,,,,,,,,,,,,,,,,,,,,,,,,,,,,,,,,,,,,,,,,,,,,,,,,,,,,,,,,,,,,,,,,,,,,,,,,,,,
,,,,,,,,,,,,,,,,,,,,,,,,,,,,,,,,,,,,,,,,,,,,,,,,,,,,,,,,,,,,,,,,,,479256,001,2024-11-25_10h58.04.982,experiment,2023.2.3,Win32,147.0588235,5f481e6faaf9582bdcd9697b,67446fa89e86ac01e4128331,6744b2f23276a33e40b8aa95,,,,,,,,,,,,,,,,,,,,,,,,,,,,,,,,,,,,,,,,,,,,,,,,,,,,,,,,,,,,,,,,,,ressources/step1_stim8.png,ressources/step1_stim1.png,s,0.5906,ressources/step2_background2.png,ressources/step2_stim1.png,0.4041,1,2,3184,0,0,0,0,0,0,0,s,0,25,0,25,0,1,,,,,,,,,,,,,,,,,,,,,,,,,,,,,,,,,,,,,,,,,,,,,,,,,,,,,,,,,,,,,,,,,,,,,,,,,,,,,,,,,,,,,,,,,,,,,,,,,,,,,,,,,,,,,,,,,
,,,,,,,,,,,,,,,,,,,,,,,,,,,,,,,,,,,,,,,,,,,,,,,,,,,,,,,,,,,,,,,,,,479256,001,2024-11-25_10h58.04.982,experiment,2023.2.3,Win32,147.0588235,5f481e6faaf9582bdcd9697b,67446fa89e86ac01e4128331,6744b2f23276a33e40b8aa95,,,,,,,,,,,,,,,,,,,,,,,,,,,,,,,,,,,,,,,,,,,,,,,,,,,,,,,,,,,,,,,,,,ressources/step1_stim2.png,ressources/step1_stim5.png,s,0.5572,ressources/step2_background2.png,ressources/step2_stim1.png,0.3709,5,5,3189,0,0,0,0,0,0,0,s,0,26,0,26,0,1,,,,,,,,,,,,,,,,,,,,,,,,,,,,,,,,,,,,,,,,,,,,,,,,,,,,,,,,,,,,,,,,,,,,,,,,,,,,,,,,,,,,,,,,,,,,,,,,,,,,,,,,,,,,,,,,,
,,,,,,,,,,,,,,,,,,,,,,,,,,,,,,,,,,,,,,,,,,,,,,,,,,,,,,,,,,,,,,,,,,479256,001,2024-11-25_10h58.04.982,experiment,2023.2.3,Win32,147.0588235,5f481e6faaf9582bdcd9697b,67446fa89e86ac01e4128331,6744b2f23276a33e40b8aa95,,,,,,,,,,,,,,,,,,,,,,,,,,,,,,,,,,,,,,,,,,,,,,,,,,,,,,,,,,,,,,,,,,ressources/step1_stim1.png,ressources/step1_stim8.png,k,0.6215,ressources/step2_background2.png,ressources/step2_stim1.png,0.3276,1,2,3191,0,0,0,0,0,0,0,s,0,27,0,27,0,1,,,,,,,,,,,,,,,,,,,,,,,,,,,,,,,,,,,,,,,,,,,,,,,,,,,,,,,,,,,,,,,,,,,,,,,,,,,,,,,,,,,,,,,,,,,,,,,,,,,,,,,,,,,,,,,,,
,,,,,,,,,,,,,,,,,,,,,,,,,,,,,,,,,,,,,,,,,,,,,,,,,,,,,,,,,,,,,,,,,,479256,001,2024-11-25_10h58.04.982,experiment,2023.2.3,Win32,147.0588235,5f481e6faaf9582bdcd9697b,67446fa89e86ac01e4128331,6744b2f23276a33e40b8aa95,,,,,,,,,,,,,,,,,,,,,,,,,,,,,,,,,,,,,,,,,,,,,,,,,,,,,,,,,,,,,,,,,,ressources/step1_stim7.png,ressources/step1_stim4.png,s,0.7645,ressources/step2_background2.png,ressources/step2_stim1.png,0.3076,1,0,3191,0,0,0,0,0,0,0,s,0,28,0,28,0,1,,,,,,,,,,,,,,,,,,,,,,,,,,,,,,,,,,,,,,,,,,,,,,,,,,,,,,,,,,,,,,,,,,,,,,,,,,,,,,,,,,,,,,,,,,,,,,,,,,,,,,,,,,,,,,,,,
,,,,,,,,,,,,,,,,,,,,,,,,,,,,,,,,,,,,,,,,,,,,,,,,,,,,,,,,,,,,,,,,,,479256,001,2024-11-25_10h58.04.982,experiment,2023.2.3,Win32,147.0588235,5f481e6faaf9582bdcd9697b,67446fa89e86ac01e4128331,6744b2f23276a33e40b8aa95,,,,,,,,,,,,,,,,,,,,,,,,,,,,,,,,,,,,,,,,,,,,,,,,,,,,,,,,,,,,,,,,,,ressources/step1_stim8.png,ressources/step1_stim1.png,k,0.5785,ressources/step2_background1.png,ressources/step2_stim2.png,0.3545,1,6,3197,0,0,0,0,0,0,0,k,0,29,0,29,0,1,,,,,,,,,,,,,,,,,,,,,,,,,,,,,,,,,,,,,,,,,,,,,,,,,,,,,,,,,,,,,,,,,,,,,,,,,,,,,,,,,,,,,,,,,,,,,,,,,,,,,,,,,,,,,,,,,
,,,,,,,,,,,,,,,,,,,,,,,,,,,,,,,,,,,,,,,,,,,,,,,,,,,,,,,,,,,,,,,,,,479256,001,2024-11-25_10h58.04.982,experiment,2023.2.3,Win32,147.0588235,5f481e6faaf9582bdcd9697b,67446fa89e86ac01e4128331,6744b2f23276a33e40b8aa95,,,,,,,,,,,,,,,,,,,,,,,,,,,,,,,,,,,,,,,,,,,,,,,,,,,,,,,,,,,,,,,,,,ressources/step1_stim8.png,ressources/step1_stim1.png,k,0.8965,ressources/step2_background1.png,ressources/step2_stim2.png,0.3538,5,35,3232,0,0,0,0,0,0,0,k,0,30,0,30,0,1,,,,,,,,,,,,,,,,,,,,,,,,,,,,,,,,,,,,,,,,,,,,,,,,,,,,,,,,,,,,,,,,,,,,,,,,,,,,,,,,,,,,,,,,,,,,,,,,,,,,,,,,,,,,,,,,,
,,,,,,,,,,,,,,,,,,,,,,,,,,,,,,,,,,,,,,,,,,,,,,,,,,,,,,,,,,,,,,,,,,479256,001,2024-11-25_10h58.04.982,experiment,2023.2.3,Win32,147.0588235,5f481e6faaf9582bdcd9697b,67446fa89e86ac01e4128331,6744b2f23276a33e40b8aa95,,,,,,,,,,,,,,,,,,,,,,,,,,,,,,,,,,,,,,,,,,,,,,,,,,,,,,,,,,,,,,,,,,ressources/step1_stim6.png,ressources/step1_stim3.png,k,1.0707,ressources/step2_background1.png,ressources/step2_stim2.png,0.4468,5,30,3262,0,0,0,0,0,0,0,k,0,31,0,31,0,1,,,,,,,,,,,,,,,,,,,,,,,,,,,,,,,,,,,,,,,,,,,,,,,,,,,,,,,,,,,,,,,,,,,,,,,,,,,,,,,,,,,,,,,,,,,,,,,,,,,,,,,,,,,,,,,,,
,,,,,,,,,,,,,,,,,,,,,,,,,,,,,,,,,,,,,,,,,,,,,,,,,,,,,,,,,,,,,,,,,,479256,001,2024-11-25_10h58.04.982,experiment,2023.2.3,Win32,147.0588235,5f481e6faaf9582bdcd9697b,67446fa89e86ac01e4128331,6744b2f23276a33e40b8aa95,,,,,,,,,,,,,,,,,,,,,,,,,,,,,,,,,,,,,,,,,,,,,,,,,,,,,,,,,,,,,,,,,,ressources/step1_stim5.png,ressources/step1_stim2.png,k,0.6882,ressources/step2_background2.png,ressources/step2_stim1.png,0.4232,5,5,3267,0,0,0,0,0,0,0,s,0,32,0,32,0,1,,,,,,,,,,,,,,,,,,,,,,,,,,,,,,,,,,,,,,,,,,,,,,,,,,,,,,,,,,,,,,,,,,,,,,,,,,,,,,,,,,,,,,,,,,,,,,,,,,,,,,,,,,,,,,,,,
,,,,,,,,,,,,,,,,,,,,,,,,,,,,,,,,,,,,,,,,,,,,,,,,,,,,,,,,,,,,,,,,,,479256,001,2024-11-25_10h58.04.982,experiment,2023.2.3,Win32,147.0588235,5f481e6faaf9582bdcd9697b,67446fa89e86ac01e4128331,6744b2f23276a33e40b8aa95,,,,,,,,,,,,,,,,,,,,,,,,,,,,,,,,,,,,,,,,,,,,,,,,,,,,,,,,,,,,,,,,,,ressources/step1_stim6.png,ressources/step1_stim3.png,k,0.7627,ressources/step2_background1.png,ressources/step2_stim2.png,0.3594,5,35,3302,0,0,0,0,0,0,0,k,0,33,0,33,0,1,,,,,,,,,,,,,,,,,,,,,,,,,,,,,,,,,,,,,,,,,,,,,,,,,,,,,,,,,,,,,,,,,,,,,,,,,,,,,,,,,,,,,,,,,,,,,,,,,,,,,,,,,,,,,,,,,
,,,,,,,,,,,,,,,,,,,,,,,,,,,,,,,,,,,,,,,,,,,,,,,,,,,,,,,,,,,,,,,,,,479256,001,2024-11-25_10h58.04.982,experiment,2023.2.3,Win32,147.0588235,5f481e6faaf9582bdcd9697b,67446fa89e86ac01e4128331,6744b2f23276a33e40b8aa95,,,,,,,,,,,,,,,,,,,,,,,,,,,,,,,,,,,,,,,,,,,,,,,,,,,,,,,,,,,,,,,,,,ressources/step1_stim7.png,ressources/step1_stim4.png,s,0.7095,ressources/step2_background2.png,ressources/step2_stim1.png,0.3109,1,1,3303,0,0,0,0,0,0,0,s,0,34,0,34,0,1,,,,,,,,,,,,,,,,,,,,,,,,,,,,,,,,,,,,,,,,,,,,,,,,,,,,,,,,,,,,,,,,,,,,,,,,,,,,,,,,,,,,,,,,,,,,,,,,,,,,,,,,,,,,,,,,,
,,,,,,,,,,,,,,,,,,,,,,,,,,,,,,,,,,,,,,,,,,,,,,,,,,,,,,,,,,,,,,,,,,479256,001,2024-11-25_10h58.04.982,experiment,2023.2.3,Win32,147.0588235,5f481e6faaf9582bdcd9697b,67446fa89e86ac01e4128331,6744b2f23276a33e40b8aa95,,,,,,,,,,,,,,,,,,,,,,,,,,,,,,,,,,,,,,,,,,,,,,,,,,,,,,,,,,,,,,,,,,ressources/step1_stim2.png,ressources/step1_stim5.png,s,0.7377,ressources/step2_background2.png,ressources/step2_stim1.png,0.3074,5,10,3313,0,0,0,0,0,0,0,k,0,35,0,35,0,1,,,,,,,,,,,,,,,,,,,,,,,,,,,,,,,,,,,,,,,,,,,,,,,,,,,,,,,,,,,,,,,,,,,,,,,,,,,,,,,,,,,,,,,,,,,,,,,,,,,,,,,,,,,,,,,,,
,,,,,,,,,,,,,,,,,,,,,,,,,,,,,,,,,,,,,,,,,,,,,,,,,,,,,,,,,,,,,,,,,,479256,001,2024-11-25_10h58.04.982,experiment,2023.2.3,Win32,147.0588235,5f481e6faaf9582bdcd9697b,67446fa89e86ac01e4128331,6744b2f23276a33e40b8aa95,,,,,,,,,,,,,,,,,,,,,,,,,,,,,,,,,,,,,,,,,,,,,,,,,,,,,,,,,,,,,,,,,,ressources/step1_stim8.png,ressources/step1_stim1.png,k,0.9761,ressources/step2_background1.png,ressources/step2_stim2.png,0.3776,5,40,3353,0,0,0,0,0,0,0,k,0,36,0,36,0,1,,,,,,,,,,,,,,,,,,,,,,,,,,,,,,,,,,,,,,,,,,,,,,,,,,,,,,,,,,,,,,,,,,,,,,,,,,,,,,,,,,,,,,,,,,,,,,,,,,,,,,,,,,,,,,,,,
,,,,,,,,,,,,,,,,,,,,,,,,,,,,,,,,,,,,,,,,,,,,,,,,,,,,,,,,,,,,,,,,,,479256,001,2024-11-25_10h58.04.982,experiment,2023.2.3,Win32,147.0588235,5f481e6faaf9582bdcd9697b,67446fa89e86ac01e4128331,6744b2f23276a33e40b8aa95,,,,,,,,,,,,,,,,,,,,,,,,,,,,,,,,,,,,,,,,,,,,,,,,,,,,,,,,,,,,,,,,,,ressources/step1_stim2.png,ressources/step1_stim5.png,k,0.5884,ressources/step2_background1.png,ressources/step2_stim2.png,0.356,1,7,3360,0,0,0,0,0,0,0,k,0,37,0,37,0,1,,,,,,,,,,,,,,,,,,,,,,,,,,,,,,,,,,,,,,,,,,,,,,,,,,,,,,,,,,,,,,,,,,,,,,,,,,,,,,,,,,,,,,,,,,,,,,,,,,,,,,,,,,,,,,,,,
,,,,,,,,,,,,,,,,,,,,,,,,,,,,,,,,,,,,,,,,,,,,,,,,,,,,,,,,,,,,,,,,,,479256,001,2024-11-25_10h58.04.982,experiment,2023.2.3,Win32,147.0588235,5f481e6faaf9582bdcd9697b,67446fa89e86ac01e4128331,6744b2f23276a33e40b8aa95,,,,,,,,,,,,,,,,,,,,,,,,,,,,,,,,,,,,,,,,,,,,,,,,,,,,,,,,,,,,,,,,,,ressources/step1_stim2.png,ressources/step1_stim5.png,k,0.6385,ressources/step2_background1.png,ressources/step2_stim2.png,0.3046,1,4,3364,0,0,0,0,0,0,0,s,0,38,0,38,0,1,,,,,,,,,,,,,,,,,,,,,,,,,,,,,,,,,,,,,,,,,,,,,,,,,,,,,,,,,,,,,,,,,,,,,,,,,,,,,,,,,,,,,,,,,,,,,,,,,,,,,,,,,,,,,,,,,
,,,,,,,,,,,,,,,,,,,,,,,,,,,,,,,,,,,,,,,,,,,,,,,,,,,,,,,,,,,,,,,,,,479256,001,2024-11-25_10h58.04.982,experiment,2023.2.3,Win32,147.0588235,5f481e6faaf9582bdcd9697b,67446fa89e86ac01e4128331,6744b2f23276a33e40b8aa95,,,,,,,,,,,,,,,,,,,,,,,,,,,,,,,,,,,,,,,,,,,,,,,,,,,,,,,,,,,,,,,,,,ressources/step1_stim5.png,ressources/step1_stim2.png,k,0.5916,ressources/step2_background2.png,ressources/step2_stim1.png,0.3047,5,20,3384,0,0,0,0,0,0,0,k,0,39,0,39,0,1,,,,,,,,,,,,,,,,,,,,,,,,,,,,,,,,,,,,,,,,,,,,,,,,,,,,,,,,,,,,,,,,,,,,,,,,,,,,,,,,,,,,,,,,,,,,,,,,,,,,,,,,,,,,,,,,,
,,,,,,,,,,,,,,,,,,,,,,,,,,,,,,,,,,,,,,,,,,,,,,,,,,,,,,,,,,,,,,,,,,479256,001,2024-11-25_10h58.04.982,experiment,2023.2.3,Win32,147.0588235,5f481e6faaf9582bdcd9697b,67446fa89e86ac01e4128331,6744b2f23276a33e40b8aa95,,,,,,,,,,,,,,,,,,,,,,,,,,,,,,,,,,,,,,,,,,,,,,,,,,,,,,,,,,,,,,,,,,ressources/step1_stim8.png,ressources/step1_stim1.png,k,0.6386,ressources/step2_background1.png,ressources/step2_stim2.png,0.2951,1,3,3387,1,0,1,0,0,0,1,s,0,40,0,40,0,1,s,3.2111,,,,,,,,,,,,,,,,,,,,,,,,,,,,,,,,,,,,,,,,,,,,,,,,,,,,,,,,,,,,,,,,,,,,,,,,,,,,,,,,,,,,,,,,,,,,,,,,,,,,,,,,,,,,,,,
,,,,,,,,,,,,,,,,,,,,,,,,,,,,,,,,,,,,,,,,,,,,,,,,,,,,,,,,,,,,,,,,,,479256,001,2024-11-25_10h58.04.982,experiment,2023.2.3,Win32,147.0588235,5f481e6faaf9582bdcd9697b,67446fa89e86ac01e4128331,6744b2f23276a33e40b8aa95,,,,,,,,,,,,,,,,,,,,,,,,,,,,,,,,,,,,,,,,,,,,,,,,,,,,,,,,,,,,,,,,,,ressources/step1_stim3.png,ressources/step1_stim6.png,s,0.9107,ressources/step2_background1.png,ressources/step2_stim2.png,0.4543,5,20,3407,1,0,1,0,0,0,2,k,0,41,0,41,0,1,k,1.6066,,,,,,,,,,,,,,,,,,,,,,,,,,,,,,,,,,,,,,,,,,,,,,,,,,,,,,,,,,,,,,,,,,,,,,,,,,,,,,,,,,,,,,,,,,,,,,,,,,,,,,,,,,,,,,,
,,,,,,,,,,,,,,,,,,,,,,,,,,,,,,,,,,,,,,,,,,,,,,,,,,,,,,,,,,,,,,,,,,479256,001,2024-11-25_10h58.04.982,experiment,2023.2.3,Win32,147.0588235,5f481e6faaf9582bdcd9697b,67446fa89e86ac01e4128331,6744b2f23276a33e40b8aa95,,,,,,,,,,,,,,,,,,,,,,,,,,,,,,,,,,,,,,,,,,,,,,,,,,,,,,,,,,,,,,,,,,ressources/step1_stim6.png,ressources/step1_stim3.png,k,0.7767,ressources/step2_background1.png,ressources/step2_stim2.png,0.3707,1,7,3414,1,1,0,0,0,0,3,k,0,42,0,42,0,1,,,,k,1.0161,,,,,,,,,,,,,,,,,,,,,,,,,,,,,,,,,,,,,,,,,,,,,,,,,,,,,,,,,,,,,,,,,,,,,,,,,,,,,,,,,,,,,,,,,,,,,,,,,,,,,,,,,,,,
,,,,,,,,,,,,,,,,,,,,,,,,,,,,,,,,,,,,,,,,,,,,,,,,,,,,,,,,,,,,,,,,,,479256,001,2024-11-25_10h58.04.982,experiment,2023.2.3,Win32,147.0588235,5f481e6faaf9582bdcd9697b,67446fa89e86ac01e4128331,6744b2f23276a33e40b8aa95,,,,,,,,,,,,,,,,,,,,,,,,,,,,,,,,,,,,,,,,,,,,,,,,,,,,,,,,,,,,,,,,,,ressources/step1_stim4.png,ressources/step1_stim7.png,s,0.7945,ressources/step2_background1.png,ressources/step2_stim2.png,0.3243,1,4,3418,0,0,0,0,0,0,3,s,0,43,0,43,0,1,,,,,,,,,,,,,,,,,,,,,,,,,,,,,,,,,,,,,,,,,,,,,,,,,,,,,,,,,,,,,,,,,,,,,,,,,,,,,,,,,,,,,,,,,,,,,,,,,,,,,,,,,,,,,,,,,
,,,,,,,,,,,,,,,,,,,,,,,,,,,,,,,,,,,,,,,,,,,,,,,,,,,,,,,,,,,,,,,,,,479256,001,2024-11-25_10h58.04.982,experiment,2023.2.3,Win32,147.0588235,5f481e6faaf9582bdcd9697b,67446fa89e86ac01e4128331,6744b2f23276a33e40b8aa95,,,,,,,,,,,,,,,,,,,,,,,,,,,,,,,,,,,,,,,,,,,,,,,,,,,,,,,,,,,,,,,,,,ressources/step1_stim6.png,ressources/step1_stim3.png,k,1.2199,ressources/step2_background1.png,ressources/step2_stim2.png,0.3882,1,2,3420,0,0,0,0,0,0,3,s,0,44,0,44,0,1,,,,,,,,,,,,,,,,,,,,,,,,,,,,,,,,,,,,,,,,,,,,,,,,,,,,,,,,,,,,,,,,,,,,,,,,,,,,,,,,,,,,,,,,,,,,,,,,,,,,,,,,,,,,,,,,,
,,,,,,,,,,,,,,,,,,,,,,,,,,,,,,,,,,,,,,,,,,,,,,,,,,,,,,,,,,,,,,,,,,479256,001,2024-11-25_10h58.04.982,experiment,2023.2.3,Win32,147.0588235,5f481e6faaf9582bdcd9697b,67446fa89e86ac01e4128331,6744b2f23276a33e40b8aa95,,,,,,,,,,,,,,,,,,,,,,,,,,,,,,,,,,,,,,,,,,,,,,,,,,,,,,,,,,,,,,,,,,ressources/step1_stim4.png,ressources/step1_stim7.png,s,0.9939,ressources/step2_background1.png,ressources/step2_stim2.png,0.4878,5,5,3425,1,1,0,0,0,0,4,s,0,45,0,45,0,1,,,,s,1.0941,,,,,,,,,,,,,,,,,,,,,,,,,,,,,,,,,,,,,,,,,,,,,,,,,,,,,,,,,,,,,,,,,,,,,,,,,,,,,,,,,,,,,,,,,,,,,,,,,,,,,,,,,,,,
,,,,,,,,,,,,,,,,,,,,,,,,,,,,,,,,,,,,,,,,,,,,,,,,,,,,,,,,,,,,,,,,,,479256,001,2024-11-25_10h58.04.982,experiment,2023.2.3,Win32,147.0588235,5f481e6faaf9582bdcd9697b,67446fa89e86ac01e4128331,6744b2f23276a33e40b8aa95,,,,,,,,,,,,,,,,,,,,,,,,,,,,,,,,,,,,,,,,,,,,,,,,,,,,,,,,,,,,,,,,,,ressources/step1_stim7.png,ressources/step1_stim4.png,k,1.1267,ressources/step2_background1.png,ressources/step2_stim2.png,0.4786,5,15,3440,1,0,1,0,0,0,5,k,0,46,0,46,0,1,k,1.9767,,,,,,,,,,,,,,,,,,,,,,,,,,,,,,,,,,,,,,,,,,,,,,,,,,,,,,,,,,,,,,,,,,,,,,,,,,,,,,,,,,,,,,,,,,,,,,,,,,,,,,,,,,,,,,,
,,,,,,,,,,,,,,,,,,,,,,,,,,,,,,,,,,,,,,,,,,,,,,,,,,,,,,,,,,,,,,,,,,479256,001,2024-11-25_10h58.04.982,experiment,2023.2.3,Win32,147.0588235,5f481e6faaf9582bdcd9697b,67446fa89e86ac01e4128331,6744b2f23276a33e40b8aa95,,,,,,,,,,,,,,,,,,,,,,,,,,,,,,,,,,,,,,,,,,,,,,,,,,,,,,,,,,,,,,,,,,ressources/step1_stim2.png,ressources/step1_stim5.png,k,0.8725,ressources/step2_background1.png,ressources/step2_stim2.png,0.3706,5,5,3445,0,0,0,0,0,0,5,s,0,47,0,47,0,1,,,,,,,,,,,,,,,,,,,,,,,,,,,,,,,,,,,,,,,,,,,,,,,,,,,,,,,,,,,,,,,,,,,,,,,,,,,,,,,,,,,,,,,,,,,,,,,,,,,,,,,,,,,,,,,,,
,,,,,,,,,,,,,,,,,,,,,,,,,,,,,,,,,,,,,,,,,,,,,,,,,,,,,,,,,,,,,,,,,,479256,001,2024-11-25_10h58.04.982,experiment,2023.2.3,Win32,147.0588235,5f481e6faaf9582bdcd9697b,67446fa89e86ac01e4128331,6744b2f23276a33e40b8aa95,,,,,,,,,,,,,,,,,,,,,,,,,,,,,,,,,,,,,,,,,,,,,,,,,,,,,,,,,,,,,,,,,,ressources/step1_stim8.png,ressources/step1_stim1.png,k,0.5251,ressources/step2_background1.png,ressources/step2_stim2.png,0.2704,1,1,3446,0,0,0,0,0,0,5,s,0,48,0,48,0,1,,,,,,,,,,,,,,,,,,,,,,,,,,,,,,,,,,,,,,,,,,,,,,,,,,,,,,,,,,,,,,,,,,,,,,,,,,,,,,,,,,,,,,,,,,,,,,,,,,,,,,,,,,,,,,,,,
,,,,,,,,,,,,,,,,,,,,,,,,,,,,,,,,,,,,,,,,,,,,,,,,,,,,,,,,,,,,,,,,,,479256,001,2024-11-25_10h58.04.982,experiment,2023.2.3,Win32,147.0588235,5f481e6faaf9582bdcd9697b,67446fa89e86ac01e4128331,6744b2f23276a33e40b8aa95,,,,,,,,,,,,,,,,,,,,,,,,,,,,,,,,,,,,,,,,,,,,,,,,,,,,,,,,,,,,,,,,,,ressources/step1_stim5.png,ressources/step1_stim2.png,s,0.6642,ressources/step2_background1.png,ressources/step2_stim2.png,0.3729,1,5,3451,0,0,0,0,0,0,5,s,0,49,0,49,0,1,,,,,,,,,,,,,,,,,,,,,,,,,,,,,,,,,,,,,,,,,,,,,,,,,,,,,,,,,,,,,,,,,,,,,,,,,,,,,,,,,,,,,,,,,,,,,,,,,,,,,,,,,,,,,,,,,
,,,,,,,,,,,,,,,,,,,,,,,,,,,,,,,,,,,,,,,,,,,,,,,,,,,,,,,,,,,,,,,,,,479256,001,2024-11-25_10h58.04.982,experiment,2023.2.3,Win32,147.0588235,5f481e6faaf9582bdcd9697b,67446fa89e86ac01e4128331,6744b2f23276a33e40b8aa95,,,,,,,,,,,,,,,,,,,,,,,,,,,,,,,,,,,,,,,,,,,,,,,,,,,,,,,,,,,,,,,,,,ressources/step1_stim8.png,ressources/step1_stim1.png,s,0.9708,ressources/step2_background2.png,ressources/step2_stim1.png,0.4882,1,1,3452,0,0,0,0,0,0,5,s,0,50,0,50,0,1,,,,,,,,,,,,,,,,,,,,,,,,,,,,,,,,,,,,,,,,,,,,,,,,,,,,,,,,,,,,,,,,,,,,,,,,,,,,,,,,,,,,,,,,,,,,,,,,,,,,,,,,,,,,,,,,,
,,,,,,,,,,,,,,,,,,,,,,,,,,,,,,,,,,,,,,,,,,,,,,,,,,,,,,,,,,,,,,,,,,479256,001,2024-11-25_10h58.04.982,experiment,2023.2.3,Win32,147.0588235,5f481e6faaf9582bdcd9697b,67446fa89e86ac01e4128331,6744b2f23276a33e40b8aa95,,,,,,,,,,,,,,,,,,,,,,,,,,,,,,,,,,,,,,,,,,,,,,,,,,,,,,,,,,,,,,,,,,ressources/step1_stim5.png,ressources/step1_stim2.png,k,1.065,ressources/step2_background2.png,ressources/step2_stim1.png,0.3733,5,5,3457,0,0,0,0,0,0,5,s,0,51,0,51,0,1,,,,,,,,,,,,,,,,,,,,,,,,,,,,,,,,,,,,,,,,,,,,,,,,,,,,,,,,,,,,,,,,,,,,,,,,,,,,,,,,,,,,,,,,,,,,,,,,,,,,,,,,,,,,,,,,,
,,,,,,,,,,,,,,,,,,,,,,,,,,,,,,,,,,,,,,,,,,,,,,,,,,,,,,,,,,,,,,,,,,479256,001,2024-11-25_10h58.04.982,experiment,2023.2.3,Win32,147.0588235,5f481e6faaf9582bdcd9697b,67446fa89e86ac01e4128331,6744b2f23276a33e40b8aa95,,,,,,,,,,,,,,,,,,,,,,,,,,,,,,,,,,,,,,,,,,,,,,,,,,,,,,,,,,,,,,,,,,ressources/step1_stim5.png,ressources/step1_stim2.png,k,1.0584,ressources/step2_background2.png,ressources/step2_stim1.png,0.4131,1,0,3457,1,1,0,0,0,0,6,s,0,52,0,52,0,1,,,,k,0.7663,,,,,,,,,,,,,,,,,,,,,,,,,,,,,,,,,,,,,,,,,,,,,,,,,,,,,,,,,,,,,,,,,,,,,,,,,,,,,,,,,,,,,,,,,,,,,,,,,,,,,,,,,,,,
,,,,,,,,,,,,,,,,,,,,,,,,,,,,,,,,,,,,,,,,,,,,,,,,,,,,,,,,,,,,,,,,,,479256,001,2024-11-25_10h58.04.982,experiment,2023.2.3,Win32,147.0588235,5f481e6faaf9582bdcd9697b,67446fa89e86ac01e4128331,6744b2f23276a33e40b8aa95,,,,,,,,,,,,,,,,,,,,,,,,,,,,,,,,,,,,,,,,,,,,,,,,,,,,,,,,,,,,,,,,,,ressources/step1_stim4.png,ressources/step1_stim7.png,k,1.1043,ressources/step2_background2.png,ressources/step2_stim1.png,0.5379,1,1,3458,0,0,0,0,0,0,6,s,0,53,0,53,0,1,,,,,,,,,,,,,,,,,,,,,,,,,,,,,,,,,,,,,,,,,,,,,,,,,,,,,,,,,,,,,,,,,,,,,,,,,,,,,,,,,,,,,,,,,,,,,,,,,,,,,,,,,,,,,,,,,
,,,,,,,,,,,,,,,,,,,,,,,,,,,,,,,,,,,,,,,,,,,,,,,,,,,,,,,,,,,,,,,,,,479256,001,2024-11-25_10h58.04.982,experiment,2023.2.3,Win32,147.0588235,5f481e6faaf9582bdcd9697b,67446fa89e86ac01e4128331,6744b2f23276a33e40b8aa95,,,,,,,,,,,,,,,,,,,,,,,,,,,,,,,,,,,,,,,,,,,,,,,,,,,,,,,,,,,,,,,,,,ressources/step1_stim4.png,ressources/step1_stim7.png,k,0.7927,ressources/step2_background2.png,ressources/step2_stim1.png,0.3713,5,5,3463,0,0,0,0,0,0,6,s,0,54,0,54,0,1,,,,,,,,,,,,,,,,,,,,,,,,,,,,,,,,,,,,,,,,,,,,,,,,,,,,,,,,,,,,,,,,,,,,,,,,,,,,,,,,,,,,,,,,,,,,,,,,,,,,,,,,,,,,,,,,,
,,,,,,,,,,,,,,,,,,,,,,,,,,,,,,,,,,,,,,,,,,,,,,,,,,,,,,,,,,,,,,,,,,479256,001,2024-11-25_10h58.04.982,experiment,2023.2.3,Win32,147.0588235,5f481e6faaf9582bdcd9697b,67446fa89e86ac01e4128331,6744b2f23276a33e40b8aa95,,,,,,,,,,,,,,,,,,,,,,,,,,,,,,,,,,,,,,,,,,,,,,,,,,,,,,,,,,,,,,,,,,ressources/step1_stim6.png,ressources/step1_stim3.png,s,0.7881,ressources/step2_background2.png,ressources/step2_stim1.png,0.3881,5,5,3468,0,0,0,0,0,0,6,s,0,55,0,55,0,1,,,,,,,,,,,,,,,,,,,,,,,,,,,,,,,,,,,,,,,,,,,,,,,,,,,,,,,,,,,,,,,,,,,,,,,,,,,,,,,,,,,,,,,,,,,,,,,,,,,,,,,,,,,,,,,,,
,,,,,,,,,,,,,,,,,,,,,,,,,,,,,,,,,,,,,,,,,,,,,,,,,,,,,,,,,,,,,,,,,,479256,001,2024-11-25_10h58.04.982,experiment,2023.2.3,Win32,147.0588235,5f481e6faaf9582bdcd9697b,67446fa89e86ac01e4128331,6744b2f23276a33e40b8aa95,,,,,,,,,,,,,,,,,,,,,,,,,,,,,,,,,,,,,,,,,,,,,,,,,,,,,,,,,,,,,,,,,,ressources/step1_stim3.png,ressources/step1_stim6.png,s,0.8441,ressources/step2_background1.png,ressources/step2_stim2.png,0.0603,1,2,3470,0,0,0,0,0,0,6,s,0,56,0,56,0,1,,,,,,,,,,,,,,,,,,,,,,,,,,,,,,,,,,,,,,,,,,,,,,,,,,,,,,,,,,,,,,,,,,,,,,,,,,,,,,,,,,,,,,,,,,,,,,,,,,,,,,,,,,,,,,,,,
,,,,,,,,,,,,,,,,,,,,,,,,,,,,,,,,,,,,,,,,,,,,,,,,,,,,,,,,,,,,,,,,,,479256,001,2024-11-25_10h58.04.982,experiment,2023.2.3,Win32,147.0588235,5f481e6faaf9582bdcd9697b,67446fa89e86ac01e4128331,6744b2f23276a33e40b8aa95,,,,,,,,,,,,,,,,,,,,,,,,,,,,,,,,,,,,,,,,,,,,,,,,,,,,,,,,,,,,,,,,,,ressources/step1_stim8.png,ressources/step1_stim1.png,s,0.8728,ressources/step2_background2.png,ressources/step2_stim1.png,0.2947,1,1,3471,0,0,0,0,0,0,6,s,0,57,0,57,0,1,,,,,,,,,,,,,,,,,,,,,,,,,,,,,,,,,,,,,,,,,,,,,,,,,,,,,,,,,,,,,,,,,,,,,,,,,,,,,,,,,,,,,,,,,,,,,,,,,,,,,,,,,,,,,,,,,
,,,,,,,,,,,,,,,,,,,,,,,,,,,,,,,,,,,,,,,,,,,,,,,,,,,,,,,,,,,,,,,,,,479256,001,2024-11-25_10h58.04.982,experiment,2023.2.3,Win32,147.0588235,5f481e6faaf9582bdcd9697b,67446fa89e86ac01e4128331,6744b2f23276a33e40b8aa95,,,,,,,,,,,,,,,,,,,,,,,,,,,,,,,,,,,,,,,,,,,,,,,,,,,,,,,,,,,,,,,,,,ressources/step1_stim6.png,ressources/step1_stim3.png,k,1.0567,ressources/step2_background1.png,ressources/step2_stim2.png,0.4038,5,10,3481,1,0,1,0,0,0,7,k,0,58,0,58,0,1,k,1.5354,,,,,,,,,,,,,,,,,,,,,,,,,,,,,,,,,,,,,,,,,,,,,,,,,,,,,,,,,,,,,,,,,,,,,,,,,,,,,,,,,,,,,,,,,,,,,,,,,,,,,,,,,,,,,,,
,,,,,,,,,,,,,,,,,,,,,,,,,,,,,,,,,,,,,,,,,,,,,,,,,,,,,,,,,,,,,,,,,,479256,001,2024-11-25_10h58.04.982,experiment,2023.2.3,Win32,147.0588235,5f481e6faaf9582bdcd9697b,67446fa89e86ac01e4128331,6744b2f23276a33e40b8aa95,,,,,,,,,,,,,,,,,,,,,,,,,,,,,,,,,,,,,,,,,,,,,,,,,,,,,,,,,,,,,,,,,,ressources/step1_stim4.png,ressources/step1_stim7.png,k,0.9211,ressources/step2_background2.png,ressources/step2_stim1.png,0.3482,5,20,3501,0,0,0,0,0,0,7,k,0,59,0,59,0,1,,,,,,,,,,,,,,,,,,,,,,,,,,,,,,,,,,,,,,,,,,,,,,,,,,,,,,,,,,,,,,,,,,,,,,,,,,,,,,,,,,,,,,,,,,,,,,,,,,,,,,,,,,,,,,,,,
,,,,,,,,,,,,,,,,,,,,,,,,,,,,,,,,,,,,,,,,,,,,,,,,,,,,,,,,,,,,,,,,,,479256,001,2024-11-25_10h58.04.982,experiment,2023.2.3,Win32,147.0588235,5f481e6faaf9582bdcd9697b,67446fa89e86ac01e4128331,6744b2f23276a33e40b8aa95,,,,,,,,,,,,,,,,,,,,,,,,,,,,,,,,,,,,,,,,,,,,,,,,,,,,,,,,,,,,,,,,,,ressources/step1_stim8.png,ressources/step1_stim1.png,k,0.727,ressources/step2_background1.png,ressources/step2_stim2.png,0.2878,1,2,3503,0,0,0,0,0,0,7,s,0,60,0,60,0,1,,,,,,,,,,,,,,,,,,,,,,,,,,,,,,,,,,,,,,,,,,,,,,,,,,,,,,,,,,,,,,,,,,,,,,,,,,,,,,,,,,,,,,,,,,,,,,,,,,,,,,,,,,,,,,,,,
,,,,,,,,,,,,,,,,,,,,,,,,,,,,,,,,,,,,,,,,,,,,,,,,,,,,,,,,,,,,,,,,,,479256,001,2024-11-25_10h58.04.982,experiment,2023.2.3,Win32,147.0588235,5f481e6faaf9582bdcd9697b,67446fa89e86ac01e4128331,6744b2f23276a33e40b8aa95,,,,,,,,,,,,,,,,,,,,,,,,,,,,,,,,,,,,,,,,,,,,,,,,,,,,,,,,,,,,,,,,,,ressources/step1_stim7.png,ressources/step1_stim4.png,k,1.3703,ressources/step2_background1.png,ressources/step2_stim2.png,0.4443,5,25,3528,0,0,0,0,0,0,7,k,0,61,0,61,0,1,,,,,,,,,,,,,,,,,,,,,,,,,,,,,,,,,,,,,,,,,,,,,,,,,,,,,,,,,,,,,,,,,,,,,,,,,,,,,,,,,,,,,,,,,,,,,,,,,,,,,,,,,,,,,,,,,
,,,,,,,,,,,,,,,,,,,,,,,,,,,,,,,,,,,,,,,,,,,,,,,,,,,,,,,,,,,,,,,,,,479256,001,2024-11-25_10h58.04.982,experiment,2023.2.3,Win32,147.0588235,5f481e6faaf9582bdcd9697b,67446fa89e86ac01e4128331,6744b2f23276a33e40b8aa95,,,,,,,,,,,,,,,,,,,,,,,,,,,,,,,,,,,,,,,,,,,,,,,,,,,,,,,,,,,,,,,,,,ressources/step1_stim6.png,ressources/step1_stim3.png,k,0.8881,ressources/step2_background1.png,ressources/step2_stim2.png,0.7815,1,7,3535,1,1,0,0,0,0,8,k,0,62,0,62,0,1,,,,k,0.614,,,,,,,,,,,,,,,,,,,,,,,,,,,,,,,,,,,,,,,,,,,,,,,,,,,,,,,,,,,,,,,,,,,,,,,,,,,,,,,,,,,,,,,,,,,,,,,,,,,,,,,,,,,,
,,,,,,,,,,,,,,,,,,,,,,,,,,,,,,,,,,,,,,,,,,,,,,,,,,,,,,,,,,,,,,,,,,479256,001,2024-11-25_10h58.04.982,experiment,2023.2.3,Win32,147.0588235,5f481e6faaf9582bdcd9697b,67446fa89e86ac01e4128331,6744b2f23276a33e40b8aa95,,,,,,,,,,,,,,,,,,,,,,,,,,,,,,,,,,,,,,,,,,,,,,,,,,,,,,,,,,,,,,,,,,ressources/step1_stim5.png,ressources/step1_stim2.png,s,0.4214,ressources/step2_background1.png,ressources/step2_stim2.png,0.4707,1,8,3543,1,1,0,0,0,0,9,k,0,63,0,63,0,1,,,,s,0.9939,,,,,,,,,,,,,,,,,,,,,,,,,,,,,,,,,,,,,,,,,,,,,,,,,,,,,,,,,,,,,,,,,,,,,,,,,,,,,,,,,,,,,,,,,,,,,,,,,,,,,,,,,,,,
,,,,,,,,,,,,,,,,,,,,,,,,,,,,,,,,,,,,,,,,,,,,,,,,,,,,,,,,,,,,,,,,,,479256,001,2024-11-25_10h58.04.982,experiment,2023.2.3,Win32,147.0588235,5f481e6faaf9582bdcd9697b,67446fa89e86ac01e4128331,6744b2f23276a33e40b8aa95,,,,,,,,,,,,,,,,,,,,,,,,,,,,,,,,,,,,,,,,,,,,,,,,,,,,,,,,,,,,,,,,,,ressources/step1_stim5.png,ressources/step1_stim2.png,k,0.3384,ressources/step2_background2.png,ressources/step2_stim1.png,0.379,1,9,3552,0,0,0,0,0,0,9,k,0,64,0,64,0,1,,,,,,,,,,,,,,,,,,,,,,,,,,,,,,,,,,,,,,,,,,,,,,,,,,,,,,,,,,,,,,,,,,,,,,,,,,,,,,,,,,,,,,,,,,,,,,,,,,,,,,,,,,,,,,,,,
,,,,,,,,,,,,,,,,,,,,,,,,,,,,,,,,,,,,,,,,,,,,,,,,,,,,,,,,,,,,,,,,,,479256,001,2024-11-25_10h58.04.982,experiment,2023.2.3,Win32,147.0588235,5f481e6faaf9582bdcd9697b,67446fa89e86ac01e4128331,6744b2f23276a33e40b8aa95,,,,,,,,,,,,,,,,,,,,,,,,,,,,,,,,,,,,,,,,,,,,,,,,,,,,,,,,,,,,,,,,,,ressources/step1_stim2.png,ressources/step1_stim5.png,k,0.6256,ressources/step2_background1.png,ressources/step2_stim2.png,0.3286,5,40,3592,0,0,0,0,0,0,9,k,0,65,0,65,0,1,,,,,,,,,,,,,,,,,,,,,,,,,,,,,,,,,,,,,,,,,,,,,,,,,,,,,,,,,,,,,,,,,,,,,,,,,,,,,,,,,,,,,,,,,,,,,,,,,,,,,,,,,,,,,,,,,
,,,,,,,,,,,,,,,,,,,,,,,,,,,,,,,,,,,,,,,,,,,,,,,,,,,,,,,,,,,,,,,,,,479256,001,2024-11-25_10h58.04.982,experiment,2023.2.3,Win32,147.0588235,5f481e6faaf9582bdcd9697b,67446fa89e86ac01e4128331,6744b2f23276a33e40b8aa95,,,,,,,,,,,,,,,,,,,,,,,,,,,,,,,,,,,,,,,,,,,,,,,,,,,,,,,,,,,,,,,,,,ressources/step1_stim6.png,ressources/step1_stim3.png,k,0.6263,ressources/step2_background1.png,ressources/step2_stim2.png,0.3259,5,45,3637,0,0,0,0,0,0,9,k,0,66,0,66,0,1,,,,,,,,,,,,,,,,,,,,,,,,,,,,,,,,,,,,,,,,,,,,,,,,,,,,,,,,,,,,,,,,,,,,,,,,,,,,,,,,,,,,,,,,,,,,,,,,,,,,,,,,,,,,,,,,,
,,,,,,,,,,,,,,,,,,,,,,,,,,,,,,,,,,,,,,,,,,,,,,,,,,,,,,,,,,,,,,,,,,479256,001,2024-11-25_10h58.04.982,experiment,2023.2.3,Win32,147.0588235,5f481e6faaf9582bdcd9697b,67446fa89e86ac01e4128331,6744b2f23276a33e40b8aa95,,,,,,,,,,,,,,,,,,,,,,,,,,,,,,,,,,,,,,,,,,,,,,,,,,,,,,,,,,,,,,,,,,ressources/step1_stim6.png,ressources/step1_stim3.png,s,1.0128,ressources/step2_background2.png,ressources/step2_stim1.png,0.5038,1,8,3645,0,0,0,0,0,0,9,k,0,67,0,67,0,1,,,,,,,,,,,,,,,,,,,,,,,,,,,,,,,,,,,,,,,,,,,,,,,,,,,,,,,,,,,,,,,,,,,,,,,,,,,,,,,,,,,,,,,,,,,,,,,,,,,,,,,,,,,,,,,,,
,,,,,,,,,,,,,,,,,,,,,,,,,,,,,,,,,,,,,,,,,,,,,,,,,,,,,,,,,,,,,,,,,,479256,001,2024-11-25_10h58.04.982,experiment,2023.2.3,Win32,147.0588235,5f481e6faaf9582bdcd9697b,67446fa89e86ac01e4128331,6744b2f23276a33e40b8aa95,,,,,,,,,,,,,,,,,,,,,,,,,,,,,,,,,,,,,,,,,,,,,,,,,,,,,,,,,,,,,,,,,,ressources/step1_stim8.png,ressources/step1_stim1.png,k,0.6384,ressources/step2_background1.png,ressources/step2_stim2.png,0.307,1,7,3652,0,0,0,0,0,0,9,k,0,68,0,68,0,1,,,,,,,,,,,,,,,,,,,,,,,,,,,,,,,,,,,,,,,,,,,,,,,,,,,,,,,,,,,,,,,,,,,,,,,,,,,,,,,,,,,,,,,,,,,,,,,,,,,,,,,,,,,,,,,,,
,,,,,,,,,,,,,,,,,,,,,,,,,,,,,,,,,,,,,,,,,,,,,,,,,,,,,,,,,,,,,,,,,,479256,001,2024-11-25_10h58.04.982,experiment,2023.2.3,Win32,147.0588235,5f481e6faaf9582bdcd9697b,67446fa89e86ac01e4128331,6744b2f23276a33e40b8aa95,,,,,,,,,,,,,,,,,,,,,,,,,,,,,,,,,,,,,,,,,,,,,,,,,,,,,,,,,,,,,,,,,,ressources/step1_stim6.png,ressources/step1_stim3.png,k,0.8208,ressources/step2_background1.png,ressources/step2_stim2.png,0.3219,5,30,3682,0,0,0,0,0,0,9,k,0,69,0,69,0,1,,,,,,,,,,,,,,,,,,,,,,,,,,,,,,,,,,,,,,,,,,,,,,,,,,,,,,,,,,,,,,,,,,,,,,,,,,,,,,,,,,,,,,,,,,,,,,,,,,,,,,,,,,,,,,,,,
,,,,,,,,,,,,,,,,,,,,,,,,,,,,,,,,,,,,,,,,,,,,,,,,,,,,,,,,,,,,,,,,,,479256,001,2024-11-25_10h58.04.982,experiment,2023.2.3,Win32,147.0588235,5f481e6faaf9582bdcd9697b,67446fa89e86ac01e4128331,6744b2f23276a33e40b8aa95,,,,,,,,,,,,,,,,,,,,,,,,,,,,,,,,,,,,,,,,,,,,,,,,,,,,,,,,,,,,,,,,,,ressources/step1_stim1.png,ressources/step1_stim8.png,s,0.9209,ressources/step2_background1.png,ressources/step2_stim2.png,0.4377,5,30,3712,0,0,0,0,0,0,9,k,0,70,0,70,0,1,,,,,,,,,,,,,,,,,,,,,,,,,,,,,,,,,,,,,,,,,,,,,,,,,,,,,,,,,,,,,,,,,,,,,,,,,,,,,,,,,,,,,,,,,,,,,,,,,,,,,,,,,,,,,,,,,
,,,,,,,,,,,,,,,,,,,,,,,,,,,,,,,,,,,,,,,,,,,,,,,,,,,,,,,,,,,,,,,,,,479256,001,2024-11-25_10h58.04.982,experiment,2023.2.3,Win32,147.0588235,5f481e6faaf9582bdcd9697b,67446fa89e86ac01e4128331,6744b2f23276a33e40b8aa95,,,,,,,,,,,,,,,,,,,,,,,,,,,,,,,,,,,,,,,,,,,,,,,,,,,,,,,,,,,,,,,,,,ressources/step1_stim2.png,ressources/step1_stim5.png,k,0.9617,ressources/step2_background1.png,ressources/step2_stim2.png,0.5547,1,5,3717,0,0,0,0,0,0,9,s,0,71,0,71,0,1,,,,,,,,,,,,,,,,,,,,,,,,,,,,,,,,,,,,,,,,,,,,,,,,,,,,,,,,,,,,,,,,,,,,,,,,,,,,,,,,,,,,,,,,,,,,,,,,,,,,,,,,,,,,,,,,,
,,,,,,,,,,,,,,,,,,,,,,,,,,,,,,,,,,,,,,,,,,,,,,,,,,,,,,,,,,,,,,,,,,479256,001,2024-11-25_10h58.04.982,experiment,2023.2.3,Win32,147.0588235,5f481e6faaf9582bdcd9697b,67446fa89e86ac01e4128331,6744b2f23276a33e40b8aa95,,,,,,,,,,,,,,,,,,,,,,,,,,,,,,,,,,,,,,,,,,,,,,,,,,,,,,,,,,,,,,,,,,ressources/step1_stim3.png,ressources/step1_stim6.png,k,0.5564,ressources/step2_background2.png,ressources/step2_stim1.png,0.2544,1,7,3724,0,0,0,0,0,0,9,k,0,72,0,72,0,1,,,,,,,,,,,,,,,,,,,,,,,,,,,,,,,,,,,,,,,,,,,,,,,,,,,,,,,,,,,,,,,,,,,,,,,,,,,,,,,,,,,,,,,,,,,,,,,,,,,,,,,,,,,,,,,,,
,,,,,,,,,,,,,,,,,,,,,,,,,,,,,,,,,,,,,,,,,,,,,,,,,,,,,,,,,,,,,,,,,,479256,001,2024-11-25_10h58.04.982,experiment,2023.2.3,Win32,147.0588235,5f481e6faaf9582bdcd9697b,67446fa89e86ac01e4128331,6744b2f23276a33e40b8aa95,,,,,,,,,,,,,,,,,,,,,,,,,,,,,,,,,,,,,,,,,,,,,,,,,,,,,,,,,,,,,,,,,,ressources/step1_stim7.png,ressources/step1_stim4.png,k,0.5816,ressources/step2_background1.png,ressources/step2_stim2.png,0.304,1,5,3729,0,0,0,0,0,0,9,s,0,73,0,73,0,1,,,,,,,,,,,,,,,,,,,,,,,,,,,,,,,,,,,,,,,,,,,,,,,,,,,,,,,,,,,,,,,,,,,,,,,,,,,,,,,,,,,,,,,,,,,,,,,,,,,,,,,,,,,,,,,,,
,,,,,,,,,,,,,,,,,,,,,,,,,,,,,,,,,,,,,,,,,,,,,,,,,,,,,,,,,,,,,,,,,,479256,001,2024-11-25_10h58.04.982,experiment,2023.2.3,Win32,147.0588235,5f481e6faaf9582bdcd9697b,67446fa89e86ac01e4128331,6744b2f23276a33e40b8aa95,,,,,,,,,,,,,,,,,,,,,,,,,,,,,,,,,,,,,,,,,,,,,,,,,,,,,,,,,,,,,,,,,,ressources/step1_stim5.png,ressources/step1_stim2.png,s,0.5268,ressources/step2_background1.png,ressources/step2_stim2.png,0.3819,5,15,3744,0,0,0,0,0,0,9,k,0,74,0,74,0,1,,,,,,,,,,,,,,,,,,,,,,,,,,,,,,,,,,,,,,,,,,,,,,,,,,,,,,,,,,,,,,,,,,,,,,,,,,,,,,,,,,,,,,,,,,,,,,,,,,,,,,,,,,,,,,,,,
,,,,,,,,,,,,,,,,,,,,,,,,,,,,,,,,,,,,,,,,,,,,,,,,,,,,,,,,,,,,,,,,,,479256,001,2024-11-25_10h58.04.982,experiment,2023.2.3,Win32,147.0588235,5f481e6faaf9582bdcd9697b,67446fa89e86ac01e4128331,6744b2f23276a33e40b8aa95,,,,,,,,,,,,,,,,,,,,,,,,,,,,,,,,,,,,,,,,,,,,,,,,,,,,,,,,,,,,,,,,,,ressources/step1_stim2.png,ressources/step1_stim5.png,s,0.7206,ressources/step2_background2.png,ressources/step2_stim1.png,0.2887,1,6,3750,1,0,1,0,0,0,10,k,0,75,0,75,0,1,k,1.6122,,,,,,,,,,,,,,,,,,,,,,,,,,,,,,,,,,,,,,,,,,,,,,,,,,,,,,,,,,,,,,,,,,,,,,,,,,,,,,,,,,,,,,,,,,,,,,,,,,,,,,,,,,,,,,,
,,,,,,,,,,,,,,,,,,,,,,,,,,,,,,,,,,,,,,,,,,,,,,,,,,,,,,,,,,,,,,,,,,479256,001,2024-11-25_10h58.04.982,experiment,2023.2.3,Win32,147.0588235,5f481e6faaf9582bdcd9697b,67446fa89e86ac01e4128331,6744b2f23276a33e40b8aa95,,,,,,,,,,,,,,,,,,,,,,,,,,,,,,,,,,,,,,,,,,,,,,,,,,,,,,,,,,,,,,,,,,ressources/step1_stim3.png,ressources/step1_stim6.png,k,1.1126,ressources/step2_background2.png,ressources/step2_stim1.png,0.5947,5,45,3795,0,0,0,0,0,0,10,k,0,76,0,76,0,1,,,,,,,,,,,,,,,,,,,,,,,,,,,,,,,,,,,,,,,,,,,,,,,,,,,,,,,,,,,,,,,,,,,,,,,,,,,,,,,,,,,,,,,,,,,,,,,,,,,,,,,,,,,,,,,,,
,,,,,,,,,,,,,,,,,,,,,,,,,,,,,,,,,,,,,,,,,,,,,,,,,,,,,,,,,,,,,,,,,,479256,001,2024-11-25_10h58.04.982,experiment,2023.2.3,Win32,147.0588235,5f481e6faaf9582bdcd9697b,67446fa89e86ac01e4128331,6744b2f23276a33e40b8aa95,,,,,,,,,,,,,,,,,,,,,,,,,,,,,,,,,,,,,,,,,,,,,,,,,,,,,,,,,,,,,,,,,,ressources/step1_stim3.png,ressources/step1_stim6.png,s,0.88,ressources/step2_background1.png,ressources/step2_stim2.png,0.4108,1,0,3795,0,0,0,0,0,0,10,s,0,77,0,77,0,1,,,,,,,,,,,,,,,,,,,,,,,,,,,,,,,,,,,,,,,,,,,,,,,,,,,,,,,,,,,,,,,,,,,,,,,,,,,,,,,,,,,,,,,,,,,,,,,,,,,,,,,,,,,,,,,,,
,,,,,,,,,,,,,,,,,,,,,,,,,,,,,,,,,,,,,,,,,,,,,,,,,,,,,,,,,,,,,,,,,,479256,001,2024-11-25_10h58.04.982,experiment,2023.2.3,Win32,147.0588235,5f481e6faaf9582bdcd9697b,67446fa89e86ac01e4128331,6744b2f23276a33e40b8aa95,,,,,,,,,,,,,,,,,,,,,,,,,,,,,,,,,,,,,,,,,,,,,,,,,,,,,,,,,,,,,,,,,,ressources/step1_stim7.png,ressources/step1_stim4.png,k,0.7068,ressources/step2_background1.png,ressources/step2_stim2.png,0.4773,5,5,3800,0,0,0,0,0,0,10,s,0,78,0,78,0,1,,,,,,,,,,,,,,,,,,,,,,,,,,,,,,,,,,,,,,,,,,,,,,,,,,,,,,,,,,,,,,,,,,,,,,,,,,,,,,,,,,,,,,,,,,,,,,,,,,,,,,,,,,,,,,,,,
,,,,,,,,,,,,,,,,,,,,,,,,,,,,,,,,,,,,,,,,,,,,,,,,,,,,,,,,,,,,,,,,,,479256,001,2024-11-25_10h58.04.982,experiment,2023.2.3,Win32,147.0588235,5f481e6faaf9582bdcd9697b,67446fa89e86ac01e4128331,6744b2f23276a33e40b8aa95,,,,,,,,,,,,,,,,,,,,,,,,,,,,,,,,,,,,,,,,,,,,,,,,,,,,,,,,,,,,,,,,,,ressources/step1_stim3.png,ressources/step1_stim6.png,s,0.7883,ressources/step2_background1.png,ressources/step2_stim2.png,0.5034,1,1,3801,0,0,0,0,0,0,10,s,0,79,0,79,0,1,,,,,,,,,,,,,,,,,,,,,,,,,,,,,,,,,,,,,,,,,,,,,,,,,,,,,,,,,,,,,,,,,,,,,,,,,,,,,,,,,,,,,,,,,,,,,,,,,,,,,,,,,,,,,,,,,
,,,,,,,,,,,,,,,,,,,,,,,,,,,,,,,,,,,,,,,,,,,,,,,,,,,,,,,,,,,,,,,,,,479256,001,2024-11-25_10h58.04.982,experiment,2023.2.3,Win32,147.0588235,5f481e6faaf9582bdcd9697b,67446fa89e86ac01e4128331,6744b2f23276a33e40b8aa95,,,,,,,,,,,,,,,,,,,,,,,,,,,,,,,,,,,,,,,,,,,1,,,,,,,,,,,,,3,,,,,,,,,,,,,,,,,,,,,,,,,,,,,,,,,,,,,,,,space,18.1905,,space,14.4354,,k,0.5939,,space,0.7438,,3,green_gnome,3,8,bright_forest,red_basket,purple_gnome,3,1,dark_forest,yellow_basket,1,0,0,1,purple_gnome,dark_forest,yellow_basket,1,0,0,0,0,0,2,1,,,,,,,,,,,,,,,,,,,,,,,,,,,,,,,,,,,,,,,,,,,,,,,,,,,,,,,,,,,,,,,,,,,,,
,,,,,,,,,,,,,,,,,,,,,,,,,,,,,,,,,,,,,,,,,,,,,,,,,,,,,,,,,,,,,,,,,,479256,001,2024-11-25_10h58.04.982,experiment,2023.2.3,Win32,147.0588235,5f481e6faaf9582bdcd9697b,67446fa89e86ac01e4128331,6744b2f23276a33e40b8aa95,,,,,,,,,,,,,,,,,,,,,,,,,,,,,,,,,,,,,,,,,,,5,,,,,,,,,,,,,2,,,,,,,,,,,,,,,,,,,,,,,,,,,,,,,,,,,,,,,,,,,,,,s,0.7175,,,,,2,brown_gnome,2,8,bright_forest,red_basket,orange_gnome,2,1,dark_forest,yellow_basket,0,0,1,0,brown_gnome,bright_forest,red_basket,1,0,0,0,1,1,5,1,,,,,,,,,,,,,,,,,,,,,,,,,,,,,,,,,,,,,,,,,,,,,,,,,,,,,,,,,,,,,,,,,,,,,
,,,,,,,,,,,,,,,,,,,,,,,,,,,,,,,,,,,,,,,,,,,,,,,,,,,,,,,,,,,,,,,,,,479256,001,2024-11-25_10h58.04.982,experiment,2023.2.3,Win32,147.0588235,5f481e6faaf9582bdcd9697b,67446fa89e86ac01e4128331,6744b2f23276a33e40b8aa95,,,,,,,,,,,,,,,,,,,,,,,,,,,,,,,,,,,,,,,,,,,5,,,,,,,,,,,,,2,,,,,,,,,,,,,,,,,,,,,,,,,,,,,,,,,,,,,,,,,,,,,,s,0.6841,,space,0.3224,,2,brown_gnome,2,8,bright_forest,red_basket,orange_gnome,2,1,dark_forest,yellow_basket,40,0,0,1,brown_gnome,bright_forest,red_basket,41,0,-1,0,2,2,5,1,,,,,,,,,,,,,,,,,,,,,,,,,,,,,,,,,,,,,,,,,,,,,,,,,,,,,,,,,,,,,,,,,,,,,
,,,,,,,,,,,,,,,,,,,,,,,,,,,,,,,,,,,,,,,,,,,,,,,,,,,,,,,,,,,,,,,,,,479256,001,2024-11-25_10h58.04.982,experiment,2023.2.3,Win32,147.0588235,5f481e6faaf9582bdcd9697b,67446fa89e86ac01e4128331,6744b2f23276a33e40b8aa95,,,,,,,,,,,,,,,,,,,,,,,,,,,,,,,,,,,,,,,,,,,5,,,,,,,,,,,,,3,,,,,,,,,,,,,,,,,,,,,,,,,,,,,,,,,,,,,,,,,,,,,,k,0.7352,,space,0.3767,,3,purple_gnome,3,0,dark_forest,yellow_basket,green_gnome,3,8,bright_forest,red_basket,40,0,0,1,green_gnome,bright_forest,red_basket,81,-2,0,0,3,3,6,1,,,,,,,,,,,,,,,,,,,,,,,,,,,,,,,,,,,,,,,,,,,,,,,,,,,,,,,,,,,,,,,,,,,,,
,,,,,,,,,,,,,,,,,,,,,,,,,,,,,,,,,,,,,,,,,,,,,,,,,,,,,,,,,,,,,,,,,,479256,001,2024-11-25_10h58.04.982,experiment,2023.2.3,Win32,147.0588235,5f481e6faaf9582bdcd9697b,67446fa89e86ac01e4128331,6744b2f23276a33e40b8aa95,,,,,,,,,,,,,,,,,,,,,,,,,,,,,,,,,,,,,,,,,,,1,,,,,,,,,,,,,3,,,,,,,,,,,,,,,,,,,,,,,,,,,,,,,,,,,,,,,,,,,,,,k,0.7737,,space,0.4055,,3,purple_gnome,3,0,dark_forest,yellow_basket,green_gnome,3,6,bright_forest,red_basket,6,0,0,1,green_gnome,bright_forest,red_basket,87,-2,1,0,4,4,2,1,,,,,,,,,,,,,,,,,,,,,,,,,,,,,,,,,,,,,,,,,,,,,,,,,,,,,,,,,,,,,,,,,,,,,
,,,,,,,,,,,,,,,,,,,,,,,,,,,,,,,,,,,,,,,,,,,,,,,,,,,,,,,,,,,,,,,,,,479256,001,2024-11-25_10h58.04.982,experiment,2023.2.3,Win32,147.0588235,5f481e6faaf9582bdcd9697b,67446fa89e86ac01e4128331,6744b2f23276a33e40b8aa95,,,,,,,,,,,,,,,,,,,,,,,,,,,,,,,,,,,,,,,,,,,5,,,,,,,,,,,,,2,,,,,,,,,,,,,,,,,,,,,,,,,,,,,,,,,,,,,,,,,,,,,,s,0.8071,,space,0.2645,,2,brown_gnome,2,4,bright_forest,red_basket,orange_gnome,2,1,dark_forest,yellow_basket,20,0,0,1,brown_gnome,bright_forest,red_basket,107,-2,0,0,5,5,5,1,,,,,,,,,,,,,,,,,,,,,,,,,,,,,,,,,,,,,,,,,,,,,,,,,,,,,,,,,,,,,,,,,,,,,
,,,,,,,,,,,,,,,,,,,,,,,,,,,,,,,,,,,,,,,,,,,,,,,,,,,,,,,,,,,,,,,,,,479256,001,2024-11-25_10h58.04.982,experiment,2023.2.3,Win32,147.0588235,5f481e6faaf9582bdcd9697b,67446fa89e86ac01e4128331,6744b2f23276a33e40b8aa95,,,,,,,,,,,,,,,,,,,,,,,,,,,,,,,,,,,,,,,,,,,1,,,,,,,,,,,,,4,,,,,,,,,,,,,,,,,,,,,,,,,,,,,,,,,,,,,,,,,,,,,,k,0.8148,,space,0.3997,,4,red_gnome,4,1,dark_forest,yellow_basket,pink_gnome,4,2,bright_forest,red_basket,2,0,0,1,pink_gnome,bright_forest,red_basket,109,0,-1,0,6,6,3,1,,,,,,,,,,,,,,,,,,,,,,,,,,,,,,,,,,,,,,,,,,,,,,,,,,,,,,,,,,,,,,,,,,,,,
,,,,,,,,,,,,,,,,,,,,,,,,,,,,,,,,,,,,,,,,,,,,,,,,,,,,,,,,,,,,,,,,,,479256,001,2024-11-25_10h58.04.982,experiment,2023.2.3,Win32,147.0588235,5f481e6faaf9582bdcd9697b,67446fa89e86ac01e4128331,6744b2f23276a33e40b8aa95,,,,,,,,,,,,,,,,,,,,,,,,,,,,,,,,,,,,,,,,,,,5,,,,,,,,,,,,,3,,,,,,,,,,,,,,,,,,,,,,,,,,,,,,,,,,,,,,,,,,,,,,k,0.706,,space,0.5885,,3,purple_gnome,3,0,dark_forest,yellow_basket,green_gnome,3,2,bright_forest,red_basket,10,0,0,1,green_gnome,bright_forest,red_basket,119,-1,-1,0,7,7,6,1,,,,,,,,,,,,,,,,,,,,,,,,,,,,,,,,,,,,,,,,,,,,,,,,,,,,,,,,,,,,,,,,,,,,,
,,,,,,,,,,,,,,,,,,,,,,,,,,,,,,,,,,,,,,,,,,,,,,,,,,,,,,,,,,,,,,,,,,479256,001,2024-11-25_10h58.04.982,experiment,2023.2.3,Win32,147.0588235,5f481e6faaf9582bdcd9697b,67446fa89e86ac01e4128331,6744b2f23276a33e40b8aa95,,,,,,,,,,,,,,,,,,,,,,,,,,,,,,,,,,,,,,,,,,,5,,,,,,,,,,,,,1,,,,,,,,,,,,,,,,,,,,,,,,,,,,,,,,,,,,,,,,,,,,,,s,0.8837,,space,0.2952,,1,blue_gnome,1,1,bright_forest,red_basket,yellow_gnome,1,1,dark_forest,yellow_basket,5,0,0,1,blue_gnome,bright_forest,red_basket,124,0,-1,1,0,8,4,1,,,,,,,,,,,,,,,,,,,,,,,,,,,,,,,,,,,,,,,,,,,,,,,,,,,,,,,,,,,,,,,,,,,,,
,,,,,,,,,,,,,,,,,,,,,,,,,,,,,,,,,,,,,,,,,,,,,,,,,,,,,,,,,,,,,,,,,,479256,001,2024-11-25_10h58.04.982,experiment,2023.2.3,Win32,147.0588235,5f481e6faaf9582bdcd9697b,67446fa89e86ac01e4128331,6744b2f23276a33e40b8aa95,,,,,,,,,,,,,,,,,,,,,,,,,,,,,,,,,,,,,,,,,,,5,,,,,,,,,,,,,1,,,,,,,,,,,,,,,,,,,,,,,,,,,,,,,,,,,,,,,,,,,,,,s,0.7717,,space,0.2746,,1,yellow_gnome,1,0,dark_forest,yellow_basket,blue_gnome,1,1,bright_forest,red_basket,0,0,0,1,yellow_gnome,dark_forest,yellow_basket,124,0,4,1,1,9,4,1,,,,,,,,,,,,,,,,,,,,,,,,,,,,,,,,,,,,,,,,,,,,,,,,,,,,,,,,,,,,,,,,,,,,,
,,,,,,,,,,,,,,,,,,,,,,,,,,,,,,,,,,,,,,,,,,,,,,,,,,,,,,,,,,,,,,,,,,479256,001,2024-11-25_10h58.04.982,experiment,2023.2.3,Win32,147.0588235,5f481e6faaf9582bdcd9697b,67446fa89e86ac01e4128331,6744b2f23276a33e40b8aa95,,,,,,,,,,,,,,,,,,,,,,,,,,,,,,,,,,,,,,,,,,,5,,,,,,,,,,,,,1,,,,,,,,,,,,,,,,,,,,,,,,,,,,,,,,,,,,,,,,,,,,,,k,0.5912,,space,0.2634,,1,yellow_gnome,1,4,dark_forest,yellow_basket,blue_gnome,1,1,bright_forest,red_basket,5,0,0,1,blue_gnome,bright_forest,red_basket,129,-3,0,1,2,10,4,1,,,,,,,,,,,,,,,,,,,,,,,,,,,,,,,,,,,,,,,,,,,,,,,,,,,,,,,,,,,,,,,,,,,,,
,,,,,,,,,,,,,,,,,,,,,,,,,,,,,,,,,,,,,,,,,,,,,,,,,,,,,,,,,,,,,,,,,,479256,001,2024-11-25_10h58.04.982,experiment,2023.2.3,Win32,147.0588235,5f481e6faaf9582bdcd9697b,67446fa89e86ac01e4128331,6744b2f23276a33e40b8aa95,,,,,,,,,,,,,,,,,,,,,,,,,,,,,,,,,,,,,,,,,,,5,,,,,,,,,,,,,3,,,,,,,,,,,,,,,,,,,,,,,,,,,,,,,,,,,,,,,,,,,,,,s,0.9308,,space,0.3089,,3,green_gnome,3,2,bright_forest,red_basket,purple_gnome,3,4,dark_forest,yellow_basket,10,0,0,1,green_gnome,bright_forest,red_basket,139,3,-1,1,3,11,6,1,,,,,,,,,,,,,,,,,,,,,,,,,,,,,,,,,,,,,,,,,,,,,,,,,,,,,,,,,,,,,,,,,,,,,
,,,,,,,,,,,,,,,,,,,,,,,,,,,,,,,,,,,,,,,,,,,,,,,,,,,,,,,,,,,,,,,,,,479256,001,2024-11-25_10h58.04.982,experiment,2023.2.3,Win32,147.0588235,5f481e6faaf9582bdcd9697b,67446fa89e86ac01e4128331,6744b2f23276a33e40b8aa95,,,,,,,,,,,,,,,,,,,,,,,,,,,,,,,,,,,,,,,,,,,5,,,,,,,,,,,,,4,,,,,,,,,,,,,,,,,,,,,,,,,,,,,,,,,,,,,,,,,,,,,,k,1.0327,,space,0.3315,,4,pink_gnome,4,5,bright_forest,red_basket,red_gnome,4,3,dark_forest,yellow_basket,15,0,0,1,red_gnome,dark_forest,yellow_basket,154,1,1,1,4,12,7,1,,,,,,,,,,,,,,,,,,,,,,,,,,,,,,,,,,,,,,,,,,,,,,,,,,,,,,,,,,,,,,,,,,,,,
,,,,,,,,,,,,,,,,,,,,,,,,,,,,,,,,,,,,,,,,,,,,,,,,,,,,,,,,,,,,,,,,,,479256,001,2024-11-25_10h58.04.982,experiment,2023.2.3,Win32,147.0588235,5f481e6faaf9582bdcd9697b,67446fa89e86ac01e4128331,6744b2f23276a33e40b8aa95,,,,,,,,,,,,,,,,,,,,,,,,,,,,,,,,,,,,,,,,,,,1,,,,,,,,,,,,,4,,,,,,,,,,,,,,,,,,,,,,,,,,,,,,,,,,,,,,,,,,,,,,k,1.0388,,space,0.3197,,4,red_gnome,4,4,dark_forest,yellow_basket,pink_gnome,4,6,bright_forest,red_basket,6,0,0,1,pink_gnome,bright_forest,red_basket,160,0,2,1,5,13,3,1,,,,,,,,,,,,,,,,,,,,,,,,,,,,,,,,,,,,,,,,,,,,,,,,,,,,,,,,,,,,,,,,,,,,,
,,,,,,,,,,,,,,,,,,,,,,,,,,,,,,,,,,,,,,,,,,,,,,,,,,,,,,,,,,,,,,,,,,479256,001,2024-11-25_10h58.04.982,experiment,2023.2.3,Win32,147.0588235,5f481e6faaf9582bdcd9697b,67446fa89e86ac01e4128331,6744b2f23276a33e40b8aa95,,,,,,,,,,,,,,,,,,,,,,,,,,,,,,,,,,,,,,,,,,,5,,,,,,,,,,,,,3,,,,,,,,,,,,,,,,,,,,,,,,,,,,,,,,,,,,,,,,,,,,,,k,0.6518,,space,0.3119,,3,purple_gnome,3,6,dark_forest,yellow_basket,green_gnome,3,6,bright_forest,red_basket,30,0,0,1,green_gnome,bright_forest,red_basket,190,-2,2,1,6,14,6,1,,,,,,,,,,,,,,,,,,,,,,,,,,,,,,,,,,,,,,,,,,,,,,,,,,,,,,,,,,,,,,,,,,,,,
,,,,,,,,,,,,,,,,,,,,,,,,,,,,,,,,,,,,,,,,,,,,,,,,,,,,,,,,,,,,,,,,,,479256,001,2024-11-25_10h58.04.982,experiment,2023.2.3,Win32,147.0588235,5f481e6faaf9582bdcd9697b,67446fa89e86ac01e4128331,6744b2f23276a33e40b8aa95,,,,,,,,,,,,,,,,,,,,,,,,,,,,,,,,,,,,,,,,,,,1,,,,,,,,,,,,,2,,,,,,,,,,,,,,,,,,,,,,,,,,,,,,,,,,,,,,,,,,,,,,k,0.7586,,space,0.2713,,2,orange_gnome,2,8,dark_forest,yellow_basket,brown_gnome,2,4,bright_forest,red_basket,4,0,0,1,brown_gnome,bright_forest,red_basket,194,3,-2,1,7,15,1,1,,,,,,,,,,,,,,,,,,,,,,,,,,,,,,,,,,,,,,,,,,,,,,,,,,,,,,,,,,,,,,,,,,,,,
,,,,,,,,,,,,,,,,,,,,,,,,,,,,,,,,,,,,,,,,,,,,,,,,,,,,,,,,,,,,,,,,,,479256,001,2024-11-25_10h58.04.982,experiment,2023.2.3,Win32,147.0588235,5f481e6faaf9582bdcd9697b,67446fa89e86ac01e4128331,6744b2f23276a33e40b8aa95,,,,,,,,,,,,,,,,,,,,,,,,,,,,,,,,,,,,,,,,,,,5,,,,,,,,,,,,,2,,,,,,,,,,,,,,,,,,,,,,,,,,,,,,,,,,,,,,,,,,,,,,k,0.7184,,space,0.4295,,2,orange_gnome,2,6,dark_forest,yellow_basket,brown_gnome,2,7,bright_forest,red_basket,35,0,0,1,brown_gnome,bright_forest,red_basket,229,-2,1,2,0,16,5,1,,,,,,,,,,,,,,,,,,,,,,,,,,,,,,,,,,,,,,,,,,,,,,,,,,,,,,,,,,,,,,,,,,,,,
,,,,,,,,,,,,,,,,,,,,,,,,,,,,,,,,,,,,,,,,,,,,,,,,,,,,,,,,,,,,,,,,,,479256,001,2024-11-25_10h58.04.982,experiment,2023.2.3,Win32,147.0588235,5f481e6faaf9582bdcd9697b,67446fa89e86ac01e4128331,6744b2f23276a33e40b8aa95,,,,,,,,,,,,,,,,,,,,,,,,,,,,,,,,,,,,,,,,,,,1,,,,,,,,,,,,,3,,,,,,,,,,,,,,,,,,,,,,,,,,,,,,,,,,,,,,,,,,,,,,k,0.6759,,space,0.3011,,3,purple_gnome,3,7,dark_forest,yellow_basket,green_gnome,3,5,bright_forest,red_basket,5,0,0,1,green_gnome,bright_forest,red_basket,234,-2,-1,2,1,17,2,1,,,,,,,,,,,,,,,,,,,,,,,,,,,,,,,,,,,,,,,,,,,,,,,,,,,,,,,,,,,,,,,,,,,,,
,,,,,,,,,,,,,,,,,,,,,,,,,,,,,,,,,,,,,,,,,,,,,,,,,,,,,,,,,,,,,,,,,,479256,001,2024-11-25_10h58.04.982,experiment,2023.2.3,Win32,147.0588235,5f481e6faaf9582bdcd9697b,67446fa89e86ac01e4128331,6744b2f23276a33e40b8aa95,,,,,,,,,,,,,,,,,,,,,,,,,,,,,,,,,,,,,,,,,,,5,,,,,,,,,,,,,4,,,,,,,,,,,,,,,,,,,,,,,,,,,,,,,,,,,,,,,,,,,,,,s,0.997,,space,0.2467,,4,red_gnome,4,6,dark_forest,yellow_basket,pink_gnome,4,3,bright_forest,red_basket,30,0,0,1,red_gnome,dark_forest,yellow_basket,264,3,5,2,2,18,7,1,,,,,,,,,,,,,,,,,,,,,,,,,,,,,,,,,,,,,,,,,,,,,,,,,,,,,,,,,,,,,,,,,,,,,
,,,,,,,,,,,,,,,,,,,,,,,,,,,,,,,,,,,,,,,,,,,,,,,,,,,,,,,,,,,,,,,,,,479256,001,2024-11-25_10h58.04.982,experiment,2023.2.3,Win32,147.0588235,5f481e6faaf9582bdcd9697b,67446fa89e86ac01e4128331,6744b2f23276a33e40b8aa95,,,,,,,,,,,,,,,,,,,,,,,,,,,,,,,,,,,,,,,,,,,5,,,,,,,,,,,,,3,,,,,,,,,,,,,,,,,,,,,,,,,,,,,,,,,,,,,,,,,,,,,,s,0.9329,,space,0.2826,,3,green_gnome,3,6,bright_forest,red_basket,purple_gnome,3,7,dark_forest,yellow_basket,30,0,0,1,green_gnome,bright_forest,red_basket,294,-2,1,2,3,19,6,1,,,,,,,,,,,,,,,,,,,,,,,,,,,,,,,,,,,,,,,,,,,,,,,,,,,,,,,,,,,,,,,,,,,,,
,,,,,,,,,,,,,,,,,,,,,,,,,,,,,,,,,,,,,,,,,,,,,,,,,,,,,,,,,,,,,,,,,,479256,001,2024-11-25_10h58.04.982,experiment,2023.2.3,Win32,147.0588235,5f481e6faaf9582bdcd9697b,67446fa89e86ac01e4128331,6744b2f23276a33e40b8aa95,,,,,,,,,,,,,,,,,,,,,,,,,,,,,,,,,,,,,,,,,,,5,,,,,,,,,,,,,2,,,,,,,,,,,,,,,,,,,,,,,,,,,,,,,,,,,,,,,,,,,,,,k,0.6124,,space,0.3187,,2,orange_gnome,2,8,dark_forest,yellow_basket,brown_gnome,2,4,bright_forest,red_basket,20,0,0,1,brown_gnome,bright_forest,red_basket,314,3,2,2,4,20,5,1,,,,,,,,,,,,,,,,,,,,,,,,,,,,,,,,,,,,,,,,,,,,,,,,,,,,,,,,,,,,,,,,,,,,,
,,,,,,,,,,,,,,,,,,,,,,,,,,,,,,,,,,,,,,,,,,,,,,,,,,,,,,,,,,,,,,,,,,479256,001,2024-11-25_10h58.04.982,experiment,2023.2.3,Win32,147.0588235,5f481e6faaf9582bdcd9697b,67446fa89e86ac01e4128331,6744b2f23276a33e40b8aa95,,,,,,,,,,,,,,,,,,,,,,,,,,,,,,,,,,,,,,,,,,,5,,,,,,,,,,,,,1,,,,,,,,,,,,,,,,,,,,,,,,,,,,,,,,,,,,,,,,,,,,,,k,1.0068,,space,0.2847,,1,yellow_gnome,1,8,dark_forest,yellow_basket,blue_gnome,1,7,bright_forest,red_basket,35,0,0,1,blue_gnome,bright_forest,red_basket,349,-2,-3,2,5,21,4,1,,,,,,,,,,,,,,,,,,,,,,,,,,,,,,,,,,,,,,,,,,,,,,,,,,,,,,,,,,,,,,,,,,,,,
,,,,,,,,,,,,,,,,,,,,,,,,,,,,,,,,,,,,,,,,,,,,,,,,,,,,,,,,,,,,,,,,,,479256,001,2024-11-25_10h58.04.982,experiment,2023.2.3,Win32,147.0588235,5f481e6faaf9582bdcd9697b,67446fa89e86ac01e4128331,6744b2f23276a33e40b8aa95,,,,,,,,,,,,,,,,,,,,,,,,,,,,,,,,,,,,,,,,,,,1,,,,,,,,,,,,,3,,,,,,,,,,,,,,,,,,,,,,,,,,,,,,,,,,,,,,,,,,,,,,k,0.6056,,space,0.5451,,3,purple_gnome,3,5,dark_forest,yellow_basket,green_gnome,3,5,bright_forest,red_basket,5,0,0,1,green_gnome,bright_forest,red_basket,354,-3,4,2,6,22,2,1,,,,,,,,,,,,,,,,,,,,,,,,,,,,,,,,,,,,,,,,,,,,,,,,,,,,,,,,,,,,,,,,,,,,,
,,,,,,,,,,,,,,,,,,,,,,,,,,,,,,,,,,,,,,,,,,,,,,,,,,,,,,,,,,,,,,,,,,479256,001,2024-11-25_10h58.04.982,experiment,2023.2.3,Win32,147.0588235,5f481e6faaf9582bdcd9697b,67446fa89e86ac01e4128331,6744b2f23276a33e40b8aa95,,,,,,,,,,,,,,,,,,,,,,,,,,,,,,,,,,,,,,,,,,,5,,,,,,,,,,,,,3,,,,,,,,,,,,,,,,,,,,,,,,,,,,,,,,,,,,,,,,,,,,,,k,0.606,,space,0.4417,,3,purple_gnome,3,9,dark_forest,yellow_basket,green_gnome,3,2,bright_forest,red_basket,10,0,0,1,green_gnome,bright_forest,red_basket,364,1,4,2,7,23,6,1,,,,,,,,,,,,,,,,,,,,,,,,,,,,,,,,,,,,,,,,,,,,,,,,,,,,,,,,,,,,,,,,,,,,,
,,,,,,,,,,,,,,,,,,,,,,,,,,,,,,,,,,,,,,,,,,,,,,,,,,,,,,,,,,,,,,,,,,479256,001,2024-11-25_10h58.04.982,experiment,2023.2.3,Win32,147.0588235,5f481e6faaf9582bdcd9697b,67446fa89e86ac01e4128331,6744b2f23276a33e40b8aa95,,,,,,,,,,,,,,,,,,,,,,,,,,,,,,,,,,,,,,,,,,,1,,,,,,,,,,,,,2,,,,,,,,,,,,,,,,,,,,,,,,,,,,,,,,,,,,,,,,,,,,,,s,1.0438,,space,0.9928,,2,brown_gnome,2,3,bright_forest,red_basket,orange_gnome,2,5,dark_forest,yellow_basket,3,0,0,1,brown_gnome,bright_forest,red_basket,367,1,-2,3,0,24,1,1,,,,,,,,,,,,,,,,,,,,,,,,,,,,,,,,,,,,,,,,,,,,,,,,,,,,,,,,,,,,,,,,,,,,,
,,,,,,,,,,,,,,,,,,,,,,,,,,,,,,,,,,,,,,,,,,,,,,,,,,,,,,,,,,,,,,,,,,479256,001,2024-11-25_10h58.04.982,experiment,2023.2.3,Win32,147.0588235,5f481e6faaf9582bdcd9697b,67446fa89e86ac01e4128331,6744b2f23276a33e40b8aa95,,,,,,,,,,,,,,,,,,,,,,,,,,,,,,,,,,,,,,,,,,,1,,,,,,,,,,,,,3,,,,,,,,,,,,,,,,,,,,,,,,,,,,,,,,,,,,,,,,,,,,,,k,0.8267,,space,0.4702,,3,purple_gnome,3,3,dark_forest,yellow_basket,green_gnome,3,4,bright_forest,red_basket,4,0,0,1,green_gnome,bright_forest,red_basket,371,0,1,3,1,25,2,1,,,,,,,,,,,,,,,,,,,,,,,,,,,,,,,,,,,,,,,,,,,,,,,,,,,,,,,,,,,,,,,,,,,,,
,,,,,,,,,,,,,,,,,,,,,,,,,,,,,,,,,,,,,,,,,,,,,,,,,,,,,,,,,,,,,,,,,,479256,001,2024-11-25_10h58.04.982,experiment,2023.2.3,Win32,147.0588235,5f481e6faaf9582bdcd9697b,67446fa89e86ac01e4128331,6744b2f23276a33e40b8aa95,,,,,,,,,,,,,,,,,,,,,,,,,,,,,,,,,,,,,,,,,,,5,,,,,,,,,,,,,1,,,,,,,,,,,,,,,,,,,,,,,,,,,,,,,,,,,,,,,,,,,,,,k,0.5583,,space,0.4368,,1,yellow_gnome,1,4,dark_forest,yellow_basket,blue_gnome,1,4,bright_forest,red_basket,20,0,0,1,blue_gnome,bright_forest,red_basket,391,-2,2,3,2,26,4,1,,,,,,,,,,,,,,,,,,,,,,,,,,,,,,,,,,,,,,,,,,,,,,,,,,,,,,,,,,,,,,,,,,,,,
,,,,,,,,,,,,,,,,,,,,,,,,,,,,,,,,,,,,,,,,,,,,,,,,,,,,,,,,,,,,,,,,,,479256,001,2024-11-25_10h58.04.982,experiment,2023.2.3,Win32,147.0588235,5f481e6faaf9582bdcd9697b,67446fa89e86ac01e4128331,6744b2f23276a33e40b8aa95,,,,,,,,,,,,,,,,,,,,,,,,,,,,,,,,,,,,,,,,,,,5,,,,,,,,,,,,,4,,,,,,,,,,,,,,,,,,,,,,,,,,,,,,,,,,,,,,,,,,,,,,k,0.8728,,space,0.6522,,4,pink_gnome,4,2,bright_forest,red_basket,red_gnome,4,6,dark_forest,yellow_basket,30,0,0,1,red_gnome,dark_forest,yellow_basket,421,2,3,3,3,27,7,1,,,,,,,,,,,,,,,,,,,,,,,,,,,,,,,,,,,,,,,,,,,,,,,,,,,,,,,,,,,,,,,,,,,,,
,,,,,,,,,,,,,,,,,,,,,,,,,,,,,,,,,,,,,,,,,,,,,,,,,,,,,,,,,,,,,,,,,,479256,001,2024-11-25_10h58.04.982,experiment,2023.2.3,Win32,147.0588235,5f481e6faaf9582bdcd9697b,67446fa89e86ac01e4128331,6744b2f23276a33e40b8aa95,,,,,,,,,,,,,,,,,,,,,,,,,,,,,,,,,,,,,,,,,,,1,,,,,,,,,,,,,3,,,,,,,,,,,,,,,,,,,,,,,,,,,,,,,,,,,,,,,,,,,,,,k,0.6521,,space,0.4032,,3,purple_gnome,3,9,dark_forest,yellow_basket,green_gnome,3,4,bright_forest,red_basket,4,0,0,1,green_gnome,bright_forest,red_basket,425,3,2,3,4,28,2,1,,,,,,,,,,,,,,,,,,,,,,,,,,,,,,,,,,,,,,,,,,,,,,,,,,,,,,,,,,,,,,,,,,,,,
,,,,,,,,,,,,,,,,,,,,,,,,,,,,,,,,,,,,,,,,,,,,,,,,,,,,,,,,,,,,,,,,,,479256,001,2024-11-25_10h58.04.982,experiment,2023.2.3,Win32,147.0588235,5f481e6faaf9582bdcd9697b,67446fa89e86ac01e4128331,6744b2f23276a33e40b8aa95,,,,,,,,,,,,,,,,,,,,,,,,,,,,,,,,,,,,,,,,,,,1,,,,,,,,,,,,,2,,,,,,,,,,,,,,,,,,,,,,,,,,,,,,,,,,,,,,,,,,,,,,k,0.9053,,space,0.4088,,2,orange_gnome,2,7,dark_forest,yellow_basket,brown_gnome,2,7,bright_forest,red_basket,7,0,0,1,brown_gnome,bright_forest,red_basket,432,-1,-1,3,5,29,1,1,,,,,,,,,,,,,,,,,,,,,,,,,,,,,,,,,,,,,,,,,,,,,,,,,,,,,,,,,,,,,,,,,,,,,
,,,,,,,,,,,,,,,,,,,,,,,,,,,,,,,,,,,,,,,,,,,,,,,,,,,,,,,,,,,,,,,,,,479256,001,2024-11-25_10h58.04.982,experiment,2023.2.3,Win32,147.0588235,5f481e6faaf9582bdcd9697b,67446fa89e86ac01e4128331,6744b2f23276a33e40b8aa95,,,,,,,,,,,,,,,,,,,,,,,,,,,,,,,,,,,,,,,,,,,1,,,,,,,,,,,,,2,,,,,,,,,,,,,,,,,,,,,,,,,,,,,,,,,,,,,,,,,,,,,,s,1.0201,,space,0.5617,,2,brown_gnome,2,6,bright_forest,red_basket,orange_gnome,2,6,dark_forest,yellow_basket,6,0,0,1,brown_gnome,bright_forest,red_basket,438,-2,-1,3,6,30,1,1,,,,,,,,,,,,,,,,,,,,,,,,,,,,,,,,,,,,,,,,,,,,,,,,,,,,,,,,,,,,,,,,,,,,,
,,,,,,,,,,,,,,,,,,,,,,,,,,,,,,,,,,,,,,,,,,,,,,,,,,,,,,,,,,,,,,,,,,479256,001,2024-11-25_10h58.04.982,experiment,2023.2.3,Win32,147.0588235,5f481e6faaf9582bdcd9697b,67446fa89e86ac01e4128331,6744b2f23276a33e40b8aa95,,,,,,,,,,,,,,,,,,,,,,,,,,,,,,,,,,,,,,,,,,,5,,,,,,,,,,,,,3,,,,,,,,,,,,,,,,,,,,,,,,,,,,,,,,,,,,,,,,,,,,,,k,0.6845,,space,0.3156,,3,purple_gnome,3,5,dark_forest,yellow_basket,green_gnome,3,4,bright_forest,red_basket,20,0,0,1,green_gnome,bright_forest,red_basket,458,0,-1,3,7,31,6,1,,,,,,,,,,,,,,,,,,,,,,,,,,,,,,,,,,,,,,,,,,,,,,,,,,,,,,,,,,,,,,,,,,,,,
,,,,,,,,,,,,,,,,,,,,,,,,,,,,,,,,,,,,,,,,,,,,,,,,,,,,,,,,,,,,,,,,,,479256,001,2024-11-25_10h58.04.982,experiment,2023.2.3,Win32,147.0588235,5f481e6faaf9582bdcd9697b,67446fa89e86ac01e4128331,6744b2f23276a33e40b8aa95,,,,,,,,,,,,,,,,,,,,,,,,,,,,,,,,,,,,,,,,,,,1,,,,,,,,,,,,,4,,,,,,,,,,,,,,,,,,,,,,,,,,,,,,,,,,,,,,,,,,,,,,k,0.9871,,space,0.2854,,4,pink_gnome,4,4,bright_forest,red_basket,red_gnome,4,4,dark_forest,yellow_basket,4,0,0,1,red_gnome,dark_forest,yellow_basket,462,2,1,4,0,32,3,1,,,,,,,,,,,,,,,,,,,,,,,,,,,,,,,,,,,,,,,,,,,,,,,,,,,,,,,,,,,,,,,,,,,,,
,,,,,,,,,,,,,,,,,,,,,,,,,,,,,,,,,,,,,,,,,,,,,,,,,,,,,,,,,,,,,,,,,,479256,001,2024-11-25_10h58.04.982,experiment,2023.2.3,Win32,147.0588235,5f481e6faaf9582bdcd9697b,67446fa89e86ac01e4128331,6744b2f23276a33e40b8aa95,,,,,,,,,,,,,,,,,,,,,,,,,,,,,,,,,,,,,,,,,,,1,,,,,,,,,,,,,3,,,,,,,,,,,,,,,,,,,,,,,,,,,,,,,,,,,,,,,,,,,,,,s,0.8296,,space,0.5739,,3,green_gnome,3,6,bright_forest,red_basket,purple_gnome,3,5,dark_forest,yellow_basket,6,0,0,1,green_gnome,bright_forest,red_basket,468,-2,-1,4,1,33,2,1,,,,,,,,,,,,,,,,,,,,,,,,,,,,,,,,,,,,,,,,,,,,,,,,,,,,,,,,,,,,,,,,,,,,,
,,,,,,,,,,,,,,,,,,,,,,,,,,,,,,,,,,,,,,,,,,,,,,,,,,,,,,,,,,,,,,,,,,479256,001,2024-11-25_10h58.04.982,experiment,2023.2.3,Win32,147.0588235,5f481e6faaf9582bdcd9697b,67446fa89e86ac01e4128331,6744b2f23276a33e40b8aa95,,,,,,,,,,,,,,,,,,,,,,,,,,,,,,,,,,,,,,,,,,,1,,,,,,,,,,,,,3,,,,,,,,,,,,,,,,,,,,,,,,,,,,,,,,,,,,,,,,,,,,,,k,0.7318,,space,0.4847,,3,purple_gnome,3,4,dark_forest,yellow_basket,green_gnome,3,4,bright_forest,red_basket,4,0,0,1,green_gnome,bright_forest,red_basket,472,-3,2,4,2,34,2,1,,,,,,,,,,,,,,,,,,,,,,,,,,,,,,,,,,,,,,,,,,,,,,,,,,,,,,,,,,,,,,,,,,,,,
,,,,,,,,,,,,,,,,,,,,,,,,,,,,,,,,,,,,,,,,,,,,,,,,,,,,,,,,,,,,,,,,,,479256,001,2024-11-25_10h58.04.982,experiment,2023.2.3,Win32,147.0588235,5f481e6faaf9582bdcd9697b,67446fa89e86ac01e4128331,6744b2f23276a33e40b8aa95,,,,,,,,,,,,,,,,,,,,,,,,,,,,,,,,,,,,,,,,,,,5,,,,,,,,,,,,,4,,,,,,,,,,,,,,,,,,,,,,,,,,,,,,,,,,,,,,,,,,,,,,k,1.0159,,space,0.3972,,4,pink_gnome,4,1,bright_forest,red_basket,red_gnome,4,6,dark_forest,yellow_basket,30,0,0,1,red_gnome,dark_forest,yellow_basket,502,-1,0,4,3,35,7,1,,,,,,,,,,,,,,,,,,,,,,,,,,,,,,,,,,,,,,,,,,,,,,,,,,,,,,,,,,,,,,,,,,,,,
,,,,,,,,,,,,,,,,,,,,,,,,,,,,,,,,,,,,,,,,,,,,,,,,,,,,,,,,,,,,,,,,,,479256,001,2024-11-25_10h58.04.982,experiment,2023.2.3,Win32,147.0588235,5f481e6faaf9582bdcd9697b,67446fa89e86ac01e4128331,6744b2f23276a33e40b8aa95,,,,,,,,,,,,,,,,,,,,,,,,,,,,,,,,,,,,,,,,,,,5,,,,,,,,,,,,,4,,,,,,,,,,,,,,,,,,,,,,,,,,,,,,,,,,,,,,,,,,,,,,s,0.8303,,space,0.2564,,4,red_gnome,4,6,dark_forest,yellow_basket,pink_gnome,4,0,bright_forest,red_basket,30,0,0,1,red_gnome,dark_forest,yellow_basket,532,3,3,4,4,36,7,1,,,,,,,,,,,,,,,,,,,,,,,,,,,,,,,,,,,,,,,,,,,,,,,,,,,,,,,,,,,,,,,,,,,,,
,,,,,,,,,,,,,,,,,,,,,,,,,,,,,,,,,,,,,,,,,,,,,,,,,,,,,,,,,,,,,,,,,,479256,001,2024-11-25_10h58.04.982,experiment,2023.2.3,Win32,147.0588235,5f481e6faaf9582bdcd9697b,67446fa89e86ac01e4128331,6744b2f23276a33e40b8aa95,,,,,,,,,,,,,,,,,,,,,,,,,,,,,,,,,,,,,,,,,,,5,,,,,,,,,,,,,4,,,,,,,,,,,,,,,,,,,,,,,,,,,,,,,,,,,,,,,,,,,,,,k,0.8516,,space,0.3897,,4,pink_gnome,4,3,bright_forest,red_basket,red_gnome,4,9,dark_forest,yellow_basket,45,0,0,1,red_gnome,dark_forest,yellow_basket,577,-1,2,4,5,37,7,1,,,,,,,,,,,,,,,,,,,,,,,,,,,,,,,,,,,,,,,,,,,,,,,,,,,,,,,,,,,,,,,,,,,,,
,,,,,,,,,,,,,,,,,,,,,,,,,,,,,,,,,,,,,,,,,,,,,,,,,,,,,,,,,,,,,,,,,,479256,001,2024-11-25_10h58.04.982,experiment,2023.2.3,Win32,147.0588235,5f481e6faaf9582bdcd9697b,67446fa89e86ac01e4128331,6744b2f23276a33e40b8aa95,,,,,,,,,,,,,,,,,,,,,,,,,,,,,,,,,,,,,,,,,,,5,,,,,,,,,,,,,2,,,,,,,,,,,,,,,,,,,,,,,,,,,,,,,,,,,,,,,,,,,,,,s,0.9451,,space,0.3424,,2,brown_gnome,2,2,bright_forest,red_basket,orange_gnome,2,7,dark_forest,yellow_basket,10,0,0,1,brown_gnome,bright_forest,red_basket,587,0,-1,4,6,38,5,1,,,,,,,,,,,,,,,,,,,,,,,,,,,,,,,,,,,,,,,,,,,,,,,,,,,,,,,,,,,,,,,,,,,,,
,,,,,,,,,,,,,,,,,,,,,,,,,,,,,,,,,,,,,,,,,,,,,,,,,,,,,,,,,,,,,,,,,,479256,001,2024-11-25_10h58.04.982,experiment,2023.2.3,Win32,147.0588235,5f481e6faaf9582bdcd9697b,67446fa89e86ac01e4128331,6744b2f23276a33e40b8aa95,,,,,,,,,,,,,,,,,,,,,,,,,,,,,,,,,,,,,,,,,,,5,,,,,,,,,,,,,4,,,,,,,,,,,,,,,,,,,,,,,,,,,,,,,,,,,,,,,,,,,,,,s,1.365,,space,0.2978,,4,red_gnome,4,6,dark_forest,yellow_basket,pink_gnome,4,2,bright_forest,red_basket,30,0,0,1,red_gnome,dark_forest,yellow_basket,617,2,-3,4,7,39,7,1,,,,,,,,,,,,,,,,,,,,,,,,,,,,,,,,,,,,,,,,,,,,,,,,,,,,,,,,,,,,,,,,,,,,,
,,,,,,,,,,,,,,,,,,,,,,,,,,,,,,,,,,,,,,,,,,,,,,,,,,,,,,,,,,,,,,,,,,479256,001,2024-11-25_10h58.04.982,experiment,2023.2.3,Win32,147.0588235,5f481e6faaf9582bdcd9697b,67446fa89e86ac01e4128331,6744b2f23276a33e40b8aa95,,,,,,,,,,,,,,,,,,,,,,,,,,,,,,,,,,,,,,,,,,,5,,,,,,,,,,,,,2,,,,,,,,,,,,,,,,,,,,,,,,,,,,,,,,,,,,,,,,,,,,,,k,1.0881,,space,0.5045,,2,orange_gnome,2,3,dark_forest,yellow_basket,brown_gnome,2,4,bright_forest,red_basket,20,0,0,1,brown_gnome,bright_forest,red_basket,637,0,-2,5,0,40,5,1,,,,,,,,,,,,,,,,,,,,,,,,,,,,,,,,,,,,,,,,,,,,,,,,,,,,,,,,,,,,,,,,,,,,,
,,,,,,,,,,,,,,,,,,,,,,,,,,,,,,,,,,,,,,,,,,,,,,,,,,,,,,,,,,,,,,,,,,479256,001,2024-11-25_10h58.04.982,experiment,2023.2.3,Win32,147.0588235,5f481e6faaf9582bdcd9697b,67446fa89e86ac01e4128331,6744b2f23276a33e40b8aa95,,,,,,,,,,,,,,,,,,,,,,,,,,,,,,,,,,,,,,,,,,,5,,,,,,,,,,,,,4,,,,,,,,,,,,,,,,,,,,,,,,,,,,,,,,,,,,,,,,,,,,,,s,0.8194,,space,0.277,,4,red_gnome,4,1,dark_forest,yellow_basket,pink_gnome,4,4,bright_forest,red_basket,5,0,0,1,red_gnome,dark_forest,yellow_basket,642,-1,1,5,1,41,7,1,,,,,,,,,,,,,,,,,,,,,,,,,,,,,,,,,,,,,,,,,,,,,,,,,,,,,,,,,,,,,,,,,,,,,
,,,,,,,,,,,,,,,,,,,,,,,,,,,,,,,,,,,,,,,,,,,,,,,,,,,,,,,,,,,,,,,,,,479256,001,2024-11-25_10h58.04.982,experiment,2023.2.3,Win32,147.0588235,5f481e6faaf9582bdcd9697b,67446fa89e86ac01e4128331,6744b2f23276a33e40b8aa95,,,,,,,,,,,,,,,,,,,,,,,,,,,,,,,,,,,,,,,,,,,5,,,,,,,,,,,,,4,,,,,,,,,,,,,,,,,,,,,,,,,,,,,,,,,,,,,,,,,,,,,,k,0.7596,,space,0.3045,,4,pink_gnome,4,3,bright_forest,red_basket,red_gnome,4,2,dark_forest,yellow_basket,10,0,0,1,red_gnome,dark_forest,yellow_basket,652,-2,-1,5,2,42,7,1,,,,,,,,,,,,,,,,,,,,,,,,,,,,,,,,,,,,,,,,,,,,,,,,,,,,,,,,,,,,,,,,,,,,,
,,,,,,,,,,,,,,,,,,,,,,,,,,,,,,,,,,,,,,,,,,,,,,,,,,,,,,,,,,,,,,,,,,479256,001,2024-11-25_10h58.04.982,experiment,2023.2.3,Win32,147.0588235,5f481e6faaf9582bdcd9697b,67446fa89e86ac01e4128331,6744b2f23276a33e40b8aa95,,,,,,,,,,,,,,,,,,,,,,,,,,,,,,,,,,,,,,,,,,,1,,,,,,,,,,,,,3,,,,,,,,,,,,,,,,,,,,,,,,,,,,,,,,,,,,,,,,,,,,,,s,0.8089,,space,0.2979,,3,green_gnome,3,1,bright_forest,red_basket,purple_gnome,3,1,dark_forest,yellow_basket,1,0,0,1,green_gnome,bright_forest,red_basket,653,2,1,5,3,43,2,1,,,,,,,,,,,,,,,,,,,,,,,,,,,,,,,,,,,,,,,,,,,,,,,,,,,,,,,,,,,,,,,,,,,,,
,,,,,,,,,,,,,,,,,,,,,,,,,,,,,,,,,,,,,,,,,,,,,,,,,,,,,,,,,,,,,,,,,,479256,001,2024-11-25_10h58.04.982,experiment,2023.2.3,Win32,147.0588235,5f481e6faaf9582bdcd9697b,67446fa89e86ac01e4128331,6744b2f23276a33e40b8aa95,,,,,,,,,,,,,,,,,,,,,,,,,,,,,,,,,,,,,,,,,,,1,,,,,,,,,,,,,4,,,,,,,,,,,,,,,,,,,,,,,,,,,,,,,,,,,,,,,,,,,,,,k,0.7693,,space,0.285,,4,pink_gnome,4,3,bright_forest,red_basket,red_gnome,4,2,dark_forest,yellow_basket,2,0,0,1,red_gnome,dark_forest,yellow_basket,655,-5,4,5,4,44,3,1,,,,,,,,,,,,,,,,,,,,,,,,,,,,,,,,,,,,,,,,,,,,,,,,,,,,,,,,,,,,,,,,,,,,,
,,,,,,,,,,,,,,,,,,,,,,,,,,,,,,,,,,,,,,,,,,,,,,,,,,,,,,,,,,,,,,,,,,479256,001,2024-11-25_10h58.04.982,experiment,2023.2.3,Win32,147.0588235,5f481e6faaf9582bdcd9697b,67446fa89e86ac01e4128331,6744b2f23276a33e40b8aa95,,,,,,,,,,,,,,,,,,,,,,,,,,,,,,,,,,,,,,,,,,,1,,,,,,,,,,,,,3,,,,,,,,,,,,,,,,,,,,,,,,,,,,,,,,,,,,,,,,,,,,,,s,0.7873,,space,0.3845,,3,green_gnome,3,2,bright_forest,red_basket,purple_gnome,3,6,dark_forest,yellow_basket,2,0,0,1,green_gnome,bright_forest,red_basket,657,2,-1,5,5,45,2,1,,,,,,,,,,,,,,,,,,,,,,,,,,,,,,,,,,,,,,,,,,,,,,,,,,,,,,,,,,,,,,,,,,,,,
,,,,,,,,,,,,,,,,,,,,,,,,,,,,,,,,,,,,,,,,,,,,,,,,,,,,,,,,,,,,,,,,,,479256,001,2024-11-25_10h58.04.982,experiment,2023.2.3,Win32,147.0588235,5f481e6faaf9582bdcd9697b,67446fa89e86ac01e4128331,6744b2f23276a33e40b8aa95,,,,,,,,,,,,,,,,,,,,,,,,,,,,,,,,,,,,,,,,,,,5,,,,,,,,,,,,,1,,,,,,,,,,,,,,,,,,,,,,,,,,,,,,,,,,,,,,,,,,,,,,k,1.0271,,space,0.2849,,1,yellow_gnome,1,5,dark_forest,yellow_basket,blue_gnome,1,4,bright_forest,red_basket,20,0,0,1,blue_gnome,bright_forest,red_basket,677,-1,1,5,6,46,4,1,,,,,,,,,,,,,,,,,,,,,,,,,,,,,,,,,,,,,,,,,,,,,,,,,,,,,,,,,,,,,,,,,,,,,
,,,,,,,,,,,,,,,,,,,,,,,,,,,,,,,,,,,,,,,,,,,,,,,,,,,,,,,,,,,,,,,,,,479256,001,2024-11-25_10h58.04.982,experiment,2023.2.3,Win32,147.0588235,5f481e6faaf9582bdcd9697b,67446fa89e86ac01e4128331,6744b2f23276a33e40b8aa95,,,,,,,,,,,,,,,,,,,,,,,,,,,,,,,,,,,,,,,,,,,5,,,,,,,,,,,,,2,,,,,,,,,,,,,,,,,,,,,,,,,,,,,,,,,,,,,,,,,,,,,,k,0.9807,,space,0.3978,,2,brown_gnome,2,3,bright_forest,red_basket,orange_gnome,2,6,dark_forest,yellow_basket,30,0,0,1,orange_gnome,dark_forest,yellow_basket,707,3,-1,5,7,47,5,1,,,,,,,,,,,,,,,,,,,,,,,,,,,,,,,,,,,,,,,,,,,,,,,,,,,,,,,,,,,,,,,,,,,,,
,,,,,,,,,,,,,,,,,,,,,,,,,,,,,,,,,,,,,,,,,,,,,,,,,,,,,,,,,,,,,,,,,,479256,001,2024-11-25_10h58.04.982,experiment,2023.2.3,Win32,147.0588235,5f481e6faaf9582bdcd9697b,67446fa89e86ac01e4128331,6744b2f23276a33e40b8aa95,,,,,,,,,,,,,,,,,,,,,,,,,,,,,,,,,,,,,,,,,,,1,,,,,,,,,,,,,3,,,,,,,,,,,,,,,,,,,,,,,,,,,,,,,,,,,,,,,,,,,,,,s,0.7941,,space,0.3326,,3,green_gnome,3,6,bright_forest,red_basket,purple_gnome,3,5,dark_forest,yellow_basket,6,0,0,1,green_gnome,bright_forest,red_basket,713,1,1,6,0,48,2,1,,,,,,,,,,,,,,,,,,,,,,,,,,,,,,,,,,,,,,,,,,,,,,,,,,,,,,,,,,,,,,,,,,,,,
,,,,,,,,,,,,,,,,,,,,,,,,,,,,,,,,,,,,,,,,,,,,,,,,,,,,,,,,,,,,,,,,,,479256,001,2024-11-25_10h58.04.982,experiment,2023.2.3,Win32,147.0588235,5f481e6faaf9582bdcd9697b,67446fa89e86ac01e4128331,6744b2f23276a33e40b8aa95,,,,,,,,,,,,,,,,,,,,,,,,,,,,,,,,,,,,,,,,,,,5,,,,,,,,,,,,,1,,,,,,,,,,,,,,,,,,,,,,,,,,,,,,,,,,,,,,,,,,,,,,k,0.6633,,space,0.4809,,1,yellow_gnome,1,6,dark_forest,yellow_basket,blue_gnome,1,7,bright_forest,red_basket,35,0,0,1,blue_gnome,bright_forest,red_basket,748,0,0,6,1,49,4,1,,,,,,,,,,,,,,,,,,,,,,,,,,,,,,,,,,,,,,,,,,,,,,,,,,,,,,,,,,,,,,,,,,,,,
,,,,,,,,,,,,,,,,,,,,,,,,,,,,,,,,,,,,,,,,,,,,,,,,,,,,,,,,,,,,,,,,,,479256,001,2024-11-25_10h58.04.982,experiment,2023.2.3,Win32,147.0588235,5f481e6faaf9582bdcd9697b,67446fa89e86ac01e4128331,6744b2f23276a33e40b8aa95,,,,,,,,,,,,,,,,,,,,,,,,,,,,,,,,,,,,,,,,,,,5,,,,,,,,,,,,,1,,,,,,,,,,,,,,,,,,,,,,,,,,,,,,,,,,,,,,,,,,,,,,k,0.6872,,space,0.5197,,1,yellow_gnome,1,6,dark_forest,yellow_basket,blue_gnome,1,7,bright_forest,red_basket,35,0,0,1,blue_gnome,bright_forest,red_basket,783,-2,1,6,2,50,4,1,,,,,,,,,,,,,,,,,,,,,,,,,,,,,,,,,,,,,,,,,,,,,,,,,,,,,,,,,,,,,,,,,,,,,
,,,,,,,,,,,,,,,,,,,,,,,,,,,,,,,,,,,,,,,,,,,,,,,,,,,,,,,,,,,,,,,,,,479256,001,2024-11-25_10h58.04.982,experiment,2023.2.3,Win32,147.0588235,5f481e6faaf9582bdcd9697b,67446fa89e86ac01e4128331,6744b2f23276a33e40b8aa95,,,,,,,,,,,,,,,,,,,,,,,,,,,,,,,,,,,,,,,,,,,5,,,,,,,,,,,,,2,,,,,,,,,,,,,,,,,,,,,,,,,,,,,,,,,,,,,,,,,,,,,,s,0.9159,,space,0.3369,,2,orange_gnome,2,7,dark_forest,yellow_basket,brown_gnome,2,5,bright_forest,red_basket,35,0,0,1,orange_gnome,dark_forest,yellow_basket,818,-1,-1,6,3,51,5,1,,,,,,,,,,,,,,,,,,,,,,,,,,,,,,,,,,,,,,,,,,,,,,,,,,,,,,,,,,,,,,,,,,,,,
,,,,,,,,,,,,,,,,,,,,,,,,,,,,,,,,,,,,,,,,,,,,,,,,,,,,,,,,,,,,,,,,,,479256,001,2024-11-25_10h58.04.982,experiment,2023.2.3,Win32,147.0588235,5f481e6faaf9582bdcd9697b,67446fa89e86ac01e4128331,6744b2f23276a33e40b8aa95,,,,,,,,,,,,,,,,,,,,,,,,,,,,,,,,,,,,,,,,,,,1,,,,,,,,,,,,,2,,,,,,,,,,,,,,,,,,,,,,,,,,,,,,,,,,,,,,,,,,,,,,s,1.1244,,space,0.2768,,2,orange_gnome,2,6,dark_forest,yellow_basket,brown_gnome,2,4,bright_forest,red_basket,6,0,0,1,orange_gnome,dark_forest,yellow_basket,824,1,0,6,4,52,1,1,,,,,,,,,,,,,,,,,,,,,,,,,,,,,,,,,,,,,,,,,,,,,,,,,,,,,,,,,,,,,,,,,,,,,
,,,,,,,,,,,,,,,,,,,,,,,,,,,,,,,,,,,,,,,,,,,,,,,,,,,,,,,,,,,,,,,,,,479256,001,2024-11-25_10h58.04.982,experiment,2023.2.3,Win32,147.0588235,5f481e6faaf9582bdcd9697b,67446fa89e86ac01e4128331,6744b2f23276a33e40b8aa95,,,,,,,,,,,,,,,,,,,,,,,,,,,,,,,,,,,,,,,,,,,5,,,,,,,,,,,,,1,,,,,,,,,,,,,,,,,,,,,,,,,,,,,,,,,,,,,,,,,,,,,,s,1.341,,space,0.3677,,1,blue_gnome,1,5,bright_forest,red_basket,yellow_gnome,1,6,dark_forest,yellow_basket,25,0,0,1,blue_gnome,bright_forest,red_basket,849,3,1,6,5,53,4,1,,,,,,,,,,,,,,,,,,,,,,,,,,,,,,,,,,,,,,,,,,,,,,,,,,,,,,,,,,,,,,,,,,,,,
,,,,,,,,,,,,,,,,,,,,,,,,,,,,,,,,,,,,,,,,,,,,,,,,,,,,,,,,,,,,,,,,,,479256,001,2024-11-25_10h58.04.982,experiment,2023.2.3,Win32,147.0588235,5f481e6faaf9582bdcd9697b,67446fa89e86ac01e4128331,6744b2f23276a33e40b8aa95,,,,,,,,,,,,,,,,,,,,,,,,,,,,,,,,,,,,,,,,,,,1,,,,,,,,,,,,,1,,,,,,,,,,,,,,,,,,,,,,,,,,,,,,,,,,,,,,,,,,,,,,k,0.6584,,space,0.405,,1,yellow_gnome,1,7,dark_forest,yellow_basket,blue_gnome,1,8,bright_forest,red_basket,8,0,0,1,blue_gnome,bright_forest,red_basket,857,3,1,6,6,54,0,1,,,,,,,,,,,,,,,,,,,,,,,,,,,,,,,,,,,,,,,,,,,,,,,,,,,,,,,,,,,,,,,,,,,,,
,,,,,,,,,,,,,,,,,,,,,,,,,,,,,,,,,,,,,,,,,,,,,,,,,,,,,,,,,,,,,,,,,,479256,001,2024-11-25_10h58.04.982,experiment,2023.2.3,Win32,147.0588235,5f481e6faaf9582bdcd9697b,67446fa89e86ac01e4128331,6744b2f23276a33e40b8aa95,,,,,,,,,,,,,,,,,,,,,,,,,,,,,,,,,,,,,,,,,,,5,,,,,,,,,,,,,1,,,,,,,,,,,,,,,,,,,,,,,,,,,,,,,,,,,,,,,,,,,,,,k,0.6341,,space,0.2915,,1,yellow_gnome,1,8,dark_forest,yellow_basket,blue_gnome,1,7,bright_forest,red_basket,35,0,0,1,blue_gnome,bright_forest,red_basket,892,-1,2,6,7,55,4,1,,,,,,,,,,,,,,,,,,,,,,,,,,,,,,,,,,,,,,,,,,,,,,,,,,,,,,,,,,,,,,,,,,,,,
,,,,,,,,,,,,,,,,,,,,,,,,,,,,,,,,,,,,,,,,,,,,,,,,,,,,,,,,,,,,,,,,,,479256,001,2024-11-25_10h58.04.982,experiment,2023.2.3,Win32,147.0588235,5f481e6faaf9582bdcd9697b,67446fa89e86ac01e4128331,6744b2f23276a33e40b8aa95,,,,,,,,,,,,,,,,,,,,,,,,,,,,,,,,,,,,,,,,,,,5,,,,,,,,,,,,,1,,,,,,,,,,,,,,,,,,,,,,,,,,,,,,,,,,,,,,,,,,,,,,k,0.5415,,space,0.3768,,1,yellow_gnome,1,8,dark_forest,yellow_basket,blue_gnome,1,6,bright_forest,red_basket,30,0,0,1,blue_gnome,bright_forest,red_basket,922,0,0,7,0,56,4,1,,,,,,,,,,,,,,,,,,,,,,,,,,,,,,,,,,,,,,,,,,,,,,,,,,,,,,,,,,,,,,,,,,,,,
,,,,,,,,,,,,,,,,,,,,,,,,,,,,,,,,,,,,,,,,,,,,,,,,,,,,,,,,,,,,,,,,,,479256,001,2024-11-25_10h58.04.982,experiment,2023.2.3,Win32,147.0588235,5f481e6faaf9582bdcd9697b,67446fa89e86ac01e4128331,6744b2f23276a33e40b8aa95,,,,,,,,,,,,,,,,,,,,,,,,,,,,,,,,,,,,,,,,,,,1,,,,,,,,,,,,,1,,,,,,,,,,,,,,,,,,,,,,,,,,,,,,,,,,,,,,,,,,,,,,k,0.5861,,space,0.5929,,1,yellow_gnome,1,8,dark_forest,yellow_basket,blue_gnome,1,6,bright_forest,red_basket,6,0,0,1,blue_gnome,bright_forest,red_basket,928,-1,2,7,1,57,0,1,,,,,,,,,,,,,,,,,,,,,,,,,,,,,,,,,,,,,,,,,,,,,,,,,,,,,,,,,,,,,,,,,,,,,
,,,,,,,,,,,,,,,,,,,,,,,,,,,,,,,,,,,,,,,,,,,,,,,,,,,,,,,,,,,,,,,,,,479256,001,2024-11-25_10h58.04.982,experiment,2023.2.3,Win32,147.0588235,5f481e6faaf9582bdcd9697b,67446fa89e86ac01e4128331,6744b2f23276a33e40b8aa95,,,,,,,,,,,,,,,,,,,,,,,,,,,,,,,,,,,,,,,,,,,1,,,,,,,,,,,,,1,,,,,,,,,,,,,,,,,,,,,,,,,,,,,,,,,,,,,,,,,,,,,,s,0.6361,,space,0.4326,,1,blue_gnome,1,5,bright_forest,red_basket,yellow_gnome,1,8,dark_forest,yellow_basket,5,0,0,1,blue_gnome,bright_forest,red_basket,933,-3,-1,7,2,58,0,1,,,,,,,,,,,,,,,,,,,,,,,,,,,,,,,,,,,,,,,,,,,,,,,,,,,,,,,,,,,,,,,,,,,,,
,,,,,,,,,,,,,,,,,,,,,,,,,,,,,,,,,,,,,,,,,,,,,,,,,,,,,,,,,,,,,,,,,,479256,001,2024-11-25_10h58.04.982,experiment,2023.2.3,Win32,147.0588235,5f481e6faaf9582bdcd9697b,67446fa89e86ac01e4128331,6744b2f23276a33e40b8aa95,,,,,,,,,,,,,,,,,,,,,,,,,,,,,,,,,,,,,,,,,,,1,,,,,,,,,,,,,4,,,,,,,,,,,,,,,,,,,,,,,,,,,,,,,,,,,,,,,,,,,,,,s,0.9634,,space,0.4568,,4,red_gnome,4,7,dark_forest,yellow_basket,pink_gnome,4,2,bright_forest,red_basket,7,0,0,1,red_gnome,dark_forest,yellow_basket,940,0,0,7,3,59,3,1,,,,,,,,,,,,,,,,,,,,,,,,,,,,,,,,,,,,,,,,,,,,,,,,,,,,,,,,,,,,,,,,,,,,,
,,,,,,,,,,,,,,,,,,,,,,,,,,,,,,,,,,,,,,,,,,,,,,,,,,,,,,,,,,,,,,,,,,479256,001,2024-11-25_10h58.04.982,experiment,2023.2.3,Win32,147.0588235,5f481e6faaf9582bdcd9697b,67446fa89e86ac01e4128331,6744b2f23276a33e40b8aa95,,,,,,,,,,,,,,,,,,,,,,,,,,,,,,,,,,,,,,,,,,,5,,,,,,,,,,,,,2,,,,,,,,,,,,,,,,,,,,,,,,,,,,,,,,,,,,,,,,,,,,,,k,1.0169,,space,0.4772,,2,brown_gnome,2,2,bright_forest,red_basket,orange_gnome,2,7,dark_forest,yellow_basket,35,0,0,1,orange_gnome,dark_forest,yellow_basket,975,0,2,7,4,60,5,1,,,,,,,,,,,,,,,,,,,,,,,,,,,,,,,,,,,,,,,,,,,,,,,,,,,,,,,,,,,,,,,,,,,,,
,,,,,,,,,,,,,,,,,,,,,,,,,,,,,,,,,,,,,,,,,,,,,,,,,,,,,,,,,,,,,,,,,,479256,001,2024-11-25_10h58.04.982,experiment,2023.2.3,Win32,147.0588235,5f481e6faaf9582bdcd9697b,67446fa89e86ac01e4128331,6744b2f23276a33e40b8aa95,,,,,,,,,,,,,,,,,,,,,,,,,,,,,,,,,,,,,,,,,,,1,,,,,,,,,,,,,1,,,,,,,,,,,,,,,,,,,,,,,,,,,,,,,,,,,,,,,,,,,,,,k,0.8312,,space,0.2754,,1,yellow_gnome,1,9,dark_forest,yellow_basket,blue_gnome,1,2,bright_forest,red_basket,2,0,0,1,blue_gnome,bright_forest,red_basket,977,6,1,7,5,61,0,1,,,,,,,,,,,,,,,,,,,,,,,,,,,,,,,,,,,,,,,,,,,,,,,,,,,,,,,,,,,,,,,,,,,,,
,,,,,,,,,,,,,,,,,,,,,,,,,,,,,,,,,,,,,,,,,,,,,,,,,,,,,,,,,,,,,,,,,,479256,001,2024-11-25_10h58.04.982,experiment,2023.2.3,Win32,147.0588235,5f481e6faaf9582bdcd9697b,67446fa89e86ac01e4128331,6744b2f23276a33e40b8aa95,,,,,,,,,,,,,,,,,,,,,,,,,,,,,,,,,,,,,,,,,,,1,,,,,,,,,,,,,3,,,,,,,,,,,,,,,,,,,,,,,,,,,,,,,,,,,,,,,,,,,,,,s,0.9566,,space,0.2454,,3,green_gnome,3,8,bright_forest,red_basket,purple_gnome,3,8,dark_forest,yellow_basket,8,0,0,1,green_gnome,bright_forest,red_basket,985,0,-4,7,6,62,2,1,,,,,,,,,,,,,,,,,,,,,,,,,,,,,,,,,,,,,,,,,,,,,,,,,,,,,,,,,,,,,,,,,,,,,
,,,,,,,,,,,,,,,,,,,,,,,,,,,,,,,,,,,,,,,,,,,,,,,,,,,,,,,,,,,,,,,,,,479256,001,2024-11-25_10h58.04.982,experiment,2023.2.3,Win32,147.0588235,5f481e6faaf9582bdcd9697b,67446fa89e86ac01e4128331,6744b2f23276a33e40b8aa95,,,,,,,,,,,,,,,,,,,,,,,,,,,,,,,,,,,,,,,,,,,1,,,,,,,,,,,,,2,,,,,,,,,,,,,,,,,,,,,,,,,,,,,,,,,,,,,,,,,,,,,,k,0.9323,,space,0.2416,,2,brown_gnome,2,8,bright_forest,red_basket,orange_gnome,2,4,dark_forest,yellow_basket,4,0,0,1,orange_gnome,dark_forest,yellow_basket,989,1,0,7,7,63,1,1,space,189.9514,,,,,,,,,,,,,,,,,,,,,,,,,,,,,,,,,,,,,,,,,,,,,,,,,,,,,,,,,,,,,,,,,,,
,,,,,,,,,,,,,,,,,,,,,,,,,,,,,,,,,,,,,,,,,,,,,,,,,,,,,,,,,,,,,,,,,,479256,001,2024-11-25_10h58.04.982,experiment,2023.2.3,Win32,147.0588235,5f481e6faaf9582bdcd9697b,67446fa89e86ac01e4128331,6744b2f23276a33e40b8aa95,,,,,,,,,,,,,,,,,,,,,,,,,,,,,,,,,,,,,,,,,,,5,,,,,,,,,,,,,1,,,,,,,,,,,,,,,,,,,,,,,,,,,,,,,,,,,,,,,,,,,,,,k,0.7173,,space,0.3049,,1,yellow_gnome,1,4,dark_forest,yellow_basket,blue_gnome,1,9,bright_forest,red_basket,45,0,0,1,blue_gnome,bright_forest,red_basket,1034,-1,2,8,0,64,4,1,,,,,,,,,,,,,,,,,,,,,,,,,,,,,,,,,,,,,,,,,,,,,,,,,,,,,,,,,,,,,,,,,,,,,
,,,,,,,,,,,,,,,,,,,,,,,,,,,,,,,,,,,,,,,,,,,,,,,,,,,,,,,,,,,,,,,,,,479256,001,2024-11-25_10h58.04.982,experiment,2023.2.3,Win32,147.0588235,5f481e6faaf9582bdcd9697b,67446fa89e86ac01e4128331,6744b2f23276a33e40b8aa95,,,,,,,,,,,,,,,,,,,,,,,,,,,,,,,,,,,,,,,,,,,5,,,,,,,,,,,,,3,,,,,,,,,,,,,,,,,,,,,,,,,,,,,,,,,,,,,,,,,,,,,,s,0.8061,,space,0.3381,,3,green_gnome,3,8,bright_forest,red_basket,purple_gnome,3,6,dark_forest,yellow_basket,40,0,0,1,green_gnome,bright_forest,red_basket,1074,2,-4,8,1,65,6,1,,,,,,,,,,,,,,,,,,,,,,,,,,,,,,,,,,,,,,,,,,,,,,,,,,,,,,,,,,,,,,,,,,,,,
,,,,,,,,,,,,,,,,,,,,,,,,,,,,,,,,,,,,,,,,,,,,,,,,,,,,,,,,,,,,,,,,,,479256,001,2024-11-25_10h58.04.982,experiment,2023.2.3,Win32,147.0588235,5f481e6faaf9582bdcd9697b,67446fa89e86ac01e4128331,6744b2f23276a33e40b8aa95,,,,,,,,,,,,,,,,,,,,,,,,,,,,,,,,,,,,,,,,,,,1,,,,,,,,,,,,,2,,,,,,,,,,,,,,,,,,,,,,,,,,,,,,,,,,,,,,,,,,,,,,k,0.9043,,space,0.4353,,2,brown_gnome,2,8,bright_forest,red_basket,orange_gnome,2,2,dark_forest,yellow_basket,2,0,0,1,orange_gnome,dark_forest,yellow_basket,1076,2,-1,8,2,66,1,1,,,,,,,,,,,,,,,,,,,,,,,,,,,,,,,,,,,,,,,,,,,,,,,,,,,,,,,,,,,,,,,,,,,,,
,,,,,,,,,,,,,,,,,,,,,,,,,,,,,,,,,,,,,,,,,,,,,,,,,,,,,,,,,,,,,,,,,,479256,001,2024-11-25_10h58.04.982,experiment,2023.2.3,Win32,147.0588235,5f481e6faaf9582bdcd9697b,67446fa89e86ac01e4128331,6744b2f23276a33e40b8aa95,,,,,,,,,,,,,,,,,,,,,,,,,,,,,,,,,,,,,,,,,,,5,,,,,,,,,,,,,1,,,,,,,,,,,,,,,,,,,,,,,,,,,,,,,,,,,,,,,,,,,,,,k,0.8914,,space,0.5391,,1,yellow_gnome,1,1,dark_forest,yellow_basket,blue_gnome,1,8,bright_forest,red_basket,40,0,0,1,blue_gnome,bright_forest,red_basket,1116,1,0,8,3,67,4,1,,,,,,,,,,,,,,,,,,,,,,,,,,,,,,,,,,,,,,,,,,,,,,,,,,,,,,,,,,,,,,,,,,,,,
,,,,,,,,,,,,,,,,,,,,,,,,,,,,,,,,,,,,,,,,,,,,,,,,,,,,,,,,,,,,,,,,,,479256,001,2024-11-25_10h58.04.982,experiment,2023.2.3,Win32,147.0588235,5f481e6faaf9582bdcd9697b,67446fa89e86ac01e4128331,6744b2f23276a33e40b8aa95,,,,,,,,,,,,,,,,,,,,,,,,,,,,,,,,,,,,,,,,,,,5,,,,,,,,,,,,,2,,,,,,,,,,,,,,,,,,,,,,,,,,,,,,,,,,,,,,,,,,,,,,s,0.8079,,space,0.2233,,2,orange_gnome,2,1,dark_forest,yellow_basket,brown_gnome,2,9,bright_forest,red_basket,5,0,0,1,orange_gnome,dark_forest,yellow_basket,1121,1,1,8,4,68,5,1,,,,,,,,,,,,,,,,,,,,,,,,,,,,,,,,,,,,,,,,,,,,,,,,,,,,,,,,,,,,,,,,,,,,,
,,,,,,,,,,,,,,,,,,,,,,,,,,,,,,,,,,,,,,,,,,,,,,,,,,,,,,,,,,,,,,,,,,479256,001,2024-11-25_10h58.04.982,experiment,2023.2.3,Win32,147.0588235,5f481e6faaf9582bdcd9697b,67446fa89e86ac01e4128331,6744b2f23276a33e40b8aa95,,,,,,,,,,,,,,,,,,,,,,,,,,,,,,,,,,,,,,,,,,,1,,,,,,,,,,,,,3,,,,,,,,,,,,,,,,,,,,,,,,,,,,,,,,,,,,,,,,,,,,,,k,0.5674,,space,0.5372,,3,purple_gnome,3,2,dark_forest,yellow_basket,green_gnome,3,8,bright_forest,red_basket,8,0,0,1,green_gnome,bright_forest,red_basket,1129,3,2,8,5,69,2,1,,,,,,,,,,,,,,,,,,,,,,,,,,,,,,,,,,,,,,,,,,,,,,,,,,,,,,,,,,,,,,,,,,,,,
,,,,,,,,,,,,,,,,,,,,,,,,,,,,,,,,,,,,,,,,,,,,,,,,,,,,,,,,,,,,,,,,,,479256,001,2024-11-25_10h58.04.982,experiment,2023.2.3,Win32,147.0588235,5f481e6faaf9582bdcd9697b,67446fa89e86ac01e4128331,6744b2f23276a33e40b8aa95,,,,,,,,,,,,,,,,,,,,,,,,,,,,,,,,,,,,,,,,,,,1,,,,,,,,,,,,,2,,,,,,,,,,,,,,,,,,,,,,,,,,,,,,,,,,,,,,,,,,,,,,k,0.7096,,space,0.2574,,2,brown_gnome,2,7,bright_forest,red_basket,orange_gnome,2,4,dark_forest,yellow_basket,4,0,0,1,orange_gnome,dark_forest,yellow_basket,1133,1,-1,8,6,70,1,1,,,,,,,,,,,,,,,,,,,,,,,,,,,,,,,,,,,,,,,,,,,,,,,,,,,,,,,,,,,,,,,,,,,,,
,,,,,,,,,,,,,,,,,,,,,,,,,,,,,,,,,,,,,,,,,,,,,,,,,,,,,,,,,,,,,,,,,,479256,001,2024-11-25_10h58.04.982,experiment,2023.2.3,Win32,147.0588235,5f481e6faaf9582bdcd9697b,67446fa89e86ac01e4128331,6744b2f23276a33e40b8aa95,,,,,,,,,,,,,,,,,,,,,,,,,,,,,,,,,,,,,,,,,,,1,,,,,,,,,,,,,1,,,,,,,,,,,,,,,,,,,,,,,,,,,,,,,,,,,,,,,,,,,,,,s,0.9181,,space,0.2668,,1,blue_gnome,1,8,bright_forest,red_basket,yellow_gnome,1,3,dark_forest,yellow_basket,8,0,0,1,blue_gnome,bright_forest,red_basket,1141,0,1,8,7,71,0,1,,,,,,,,,,,,,,,,,,,,,,,,,,,,,,,,,,,,,,,,,,,,,,,,,,,,,,,,,,,,,,,,,,,,,
,,,,,,,,,,,,,,,,,,,,,,,,,,,,,,,,,,,,,,,,,,,,,,,,,,,,,,,,,,,,,,,,,,479256,001,2024-11-25_10h58.04.982,experiment,2023.2.3,Win32,147.0588235,5f481e6faaf9582bdcd9697b,67446fa89e86ac01e4128331,6744b2f23276a33e40b8aa95,,,,,,,,,,,,,,,,,,,,,,,,,,,,,,,,,,,,,,,,,,,1,,,,,,,,,,,,,4,,,,,,,,,,,,,,,,,,,,,,,,,,,,,,,,,,,,,,,,,,,,,,s,0.9643,,space,0.3914,,4,red_gnome,4,4,dark_forest,yellow_basket,pink_gnome,4,8,bright_forest,red_basket,4,0,0,1,red_gnome,dark_forest,yellow_basket,1145,0,-1,9,0,72,3,1,,,,,,,,,,,,,,,,,,,,,,,,,,,,,,,,,,,,,,,,,,,,,,,,,,,,,,,,,,,,,,,,,,,,,
,,,,,,,,,,,,,,,,,,,,,,,,,,,,,,,,,,,,,,,,,,,,,,,,,,,,,,,,,,,,,,,,,,479256,001,2024-11-25_10h58.04.982,experiment,2023.2.3,Win32,147.0588235,5f481e6faaf9582bdcd9697b,67446fa89e86ac01e4128331,6744b2f23276a33e40b8aa95,,,,,,,,,,,,,,,,,,,,,,,,,,,,,,,,,,,,,,,,,,,5,,,,,,,,,,,,,3,,,,,,,,,,,,,,,,,,,,,,,,,,,,,,,,,,,,,,,,,,,,,,s,1.0019,,space,0.3605,,3,green_gnome,3,8,bright_forest,red_basket,purple_gnome,3,3,dark_forest,yellow_basket,40,0,0,1,green_gnome,bright_forest,red_basket,1185,-3,0,9,1,73,6,1,,,,,,,,,,,,,,,,,,,,,,,,,,,,,,,,,,,,,,,,,,,,,,,,,,,,,,,,,,,,,,,,,,,,,
,,,,,,,,,,,,,,,,,,,,,,,,,,,,,,,,,,,,,,,,,,,,,,,,,,,,,,,,,,,,,,,,,,479256,001,2024-11-25_10h58.04.982,experiment,2023.2.3,Win32,147.0588235,5f481e6faaf9582bdcd9697b,67446fa89e86ac01e4128331,6744b2f23276a33e40b8aa95,,,,,,,,,,,,,,,,,,,,,,,,,,,,,,,,,,,,,,,,,,,1,,,,,,,,,,,,,1,,,,,,,,,,,,,,,,,,,,,,,,,,,,,,,,,,,,,,,,,,,,,,k,0.7834,,space,0.5849,,1,yellow_gnome,1,3,dark_forest,yellow_basket,blue_gnome,1,5,bright_forest,red_basket,5,0,0,1,blue_gnome,bright_forest,red_basket,1190,-1,1,9,2,74,0,1,,,,,,,,,,,,,,,,,,,,,,,,,,,,,,,,,,,,,,,,,,,,,,,,,,,,,,,,,,,,,,,,,,,,,
,,,,,,,,,,,,,,,,,,,,,,,,,,,,,,,,,,,,,,,,,,,,,,,,,,,,,,,,,,,,,,,,,,479256,001,2024-11-25_10h58.04.982,experiment,2023.2.3,Win32,147.0588235,5f481e6faaf9582bdcd9697b,67446fa89e86ac01e4128331,6744b2f23276a33e40b8aa95,,,,,,,,,,,,,,,,,,,,,,,,,,,,,,,,,,,,,,,,,,,1,,,,,,,,,,,,,2,,,,,,,,,,,,,,,,,,,,,,,,,,,,,,,,,,,,,,,,,,,,,,s,0.8622,,space,0.3527,,2,orange_gnome,2,4,dark_forest,yellow_basket,brown_gnome,2,4,bright_forest,red_basket,4,0,0,1,orange_gnome,dark_forest,yellow_basket,1194,0,-5,9,3,75,1,1,,,,,,,,,,,,,,,,,,,,,,,,,,,,,,,,,,,,,,,,,,,,,,,,,,,,,,,,,,,,,,,,,,,,,
,,,,,,,,,,,,,,,,,,,,,,,,,,,,,,,,,,,,,,,,,,,,,,,,,,,,,,,,,,,,,,,,,,479256,001,2024-11-25_10h58.04.982,experiment,2023.2.3,Win32,147.0588235,5f481e6faaf9582bdcd9697b,67446fa89e86ac01e4128331,6744b2f23276a33e40b8aa95,,,,,,,,,,,,,,,,,,,,,,,,,,,,,,,,,,,,,,,,,,,1,,,,,,,,,,,,,2,,,,,,,,,,,,,,,,,,,,,,,,,,,,,,,,,,,,,,,,,,,,,,s,0.9614,,space,0.2538,,2,orange_gnome,2,1,dark_forest,yellow_basket,brown_gnome,2,4,bright_forest,red_basket,1,0,0,1,orange_gnome,dark_forest,yellow_basket,1195,-1,0,9,4,76,1,1,,,,,,,,,,,,,,,,,,,,,,,,,,,,,,,,,,,,,,,,,,,,,,,,,,,,,,,,,,,,,,,,,,,,,
,,,,,,,,,,,,,,,,,,,,,,,,,,,,,,,,,,,,,,,,,,,,,,,,,,,,,,,,,,,,,,,,,,479256,001,2024-11-25_10h58.04.982,experiment,2023.2.3,Win32,147.0588235,5f481e6faaf9582bdcd9697b,67446fa89e86ac01e4128331,6744b2f23276a33e40b8aa95,,,,,,,,,,,,,,,,,,,,,,,,,,,,,,,,,,,,,,,,,,,5,,,,,,,,,,,,,4,,,,,,,,,,,,,,,,,,,,,,,,,,,,,,,,,,,,,,,,,,,,,,s,0.8443,,space,0.262,,4,red_gnome,4,1,dark_forest,yellow_basket,pink_gnome,4,3,bright_forest,red_basket,5,0,0,1,red_gnome,dark_forest,yellow_basket,1200,0,-3,9,5,77,7,1,,,,,,,,,,,,,,,,,,,,,,,,,,,,,,,,,,,,,,,,,,,,,,,,,,,,,,,,,,,,,,,,,,,,,
,,,,,,,,,,,,,,,,,,,,,,,,,,,,,,,,,,,,,,,,,,,,,,,,,,,,,,,,,,,,,,,,,,479256,001,2024-11-25_10h58.04.982,experiment,2023.2.3,Win32,147.0588235,5f481e6faaf9582bdcd9697b,67446fa89e86ac01e4128331,6744b2f23276a33e40b8aa95,,,,,,,,,,,,,,,,,,,,,,,,,,,,,,,,,,,,,,,,,,,1,,,,,,,,,,,,,2,,,,,,,,,,,,,,,,,,,,,,,,,,,,,,,,,,,,,,,,,,,,,,k,0.9749,,,,,2,brown_gnome,2,3,bright_forest,red_basket,orange_gnome,2,2,dark_forest,yellow_basket,0,0,1,0,orange_gnome,dark_forest,yellow_basket,1200,-1,2,9,6,78,1,1,,,,,,,,,,,,,,,,,,,,,,,,,,,,,,,,,,,,,,,,,,,,,,,,,,,,,,,,,,,,,,,,,,,,,
,,,,,,,,,,,,,,,,,,,,,,,,,,,,,,,,,,,,,,,,,,,,,,,,,,,,,,,,,,,,,,,,,,479256,001,2024-11-25_10h58.04.982,experiment,2023.2.3,Win32,147.0588235,5f481e6faaf9582bdcd9697b,67446fa89e86ac01e4128331,6744b2f23276a33e40b8aa95,,,,,,,,,,,,,,,,,,,,,,,,,,,,,,,,,,,,,,,,,,,1,,,,,,,,,,,,,2,,,,,,,,,,,,,,,,,,,,,,,,,,,,,,,,,,,,,,,,,,,,,,s,0.6167,,space,0.7219,,2,orange_gnome,2,4,dark_forest,yellow_basket,brown_gnome,2,2,bright_forest,red_basket,4,0,0,1,orange_gnome,dark_forest,yellow_basket,1204,2,3,9,7,79,1,1,,,,,,,,,,,,,,,,,,,,,,,,,,,,,,,,,,,,,,,,,,,,,,,,,,,,,,,,,,,,,,,,,,,,,
,,,,,,,,,,,,,,,,,,,,,,,,,,,,,,,,,,,,,,,,,,,,,,,,,,,,,,,,,,,,,,,,,,479256,001,2024-11-25_10h58.04.982,experiment,2023.2.3,Win32,147.0588235,5f481e6faaf9582bdcd9697b,67446fa89e86ac01e4128331,6744b2f23276a33e40b8aa95,,,,,,,,,,,,,,,,,,,,,,,,,,,,,,,,,,,,,,,,,,,5,,,,,,,,,,,,,3,,,,,,,,,,,,,,,,,,,,,,,,,,,,,,,,,,,,,,,,,,,,,,k,0.883,,space,0.3829,,3,purple_gnome,3,7,dark_forest,yellow_basket,green_gnome,3,4,bright_forest,red_basket,20,0,0,1,green_gnome,bright_forest,red_basket,1224,8,-4,10,0,80,6,1,,,,,,,,,,,,,,,,,,,,,,,,,,,,,,,,,,,,,,,,,,,,,,,,,,,,,,,,,,,,,,,,,,,,,
,,,,,,,,,,,,,,,,,,,,,,,,,,,,,,,,,,,,,,,,,,,,,,,,,,,,,,,,,,,,,,,,,,479256,001,2024-11-25_10h58.04.982,experiment,2023.2.3,Win32,147.0588235,5f481e6faaf9582bdcd9697b,67446fa89e86ac01e4128331,6744b2f23276a33e40b8aa95,,,,,,,,,,,,,,,,,,,,,,,,,,,,,,,,,,,,,,,,,,,1,,,,,,,,,,,,,2,,,,,,,,,,,,,,,,,,,,,,,,,,,,,,,,,,,,,,,,,,,,,,k,0.6907,,space,0.5474,,2,brown_gnome,2,6,bright_forest,red_basket,orange_gnome,2,3,dark_forest,yellow_basket,3,0,0,1,orange_gnome,dark_forest,yellow_basket,1227,-2,0,10,1,81,1,1,,,,,,,,,,,,,,,,,,,,,,,,,,,,,,,,,,,,,,,,,,,,,,,,,,,,,,,,,,,,,,,,,,,,,
,,,,,,,,,,,,,,,,,,,,,,,,,,,,,,,,,,,,,,,,,,,,,,,,,,,,,,,,,,,,,,,,,,479256,001,2024-11-25_10h58.04.982,experiment,2023.2.3,Win32,147.0588235,5f481e6faaf9582bdcd9697b,67446fa89e86ac01e4128331,6744b2f23276a33e40b8aa95,,,,,,,,,,,,,,,,,,,,,,,,,,,,,,,,,,,,,,,,,,,5,,,,,,,,,,,,,4,,,,,,,,,,,,,,,,,,,,,,,,,,,,,,,,,,,,,,,,,,,,,,k,0.9556,,space,0.5342,,4,pink_gnome,4,4,bright_forest,red_basket,red_gnome,4,3,dark_forest,yellow_basket,15,0,0,1,red_gnome,dark_forest,yellow_basket,1242,0,-1,10,2,82,7,1,,,,,,,,,,,,,,,,,,,,,,,,,,,,,,,,,,,,,,,,,,,,,,,,,,,,,,,,,,,,,,,,,,,,,
,,,,,,,,,,,,,,,,,,,,,,,,,,,,,,,,,,,,,,,,,,,,,,,,,,,,,,,,,,,,,,,,,,479256,001,2024-11-25_10h58.04.982,experiment,2023.2.3,Win32,147.0588235,5f481e6faaf9582bdcd9697b,67446fa89e86ac01e4128331,6744b2f23276a33e40b8aa95,,,,,,,,,,,,,,,,,,,,,,,,,,,,,,,,,,,,,,,,,,,5,,,,,,,,,,,,,2,,,,,,,,,,,,,,,,,,,,,,,,,,,,,,,,,,,,,,,,,,,,,,k,0.6655,,space,0.5477,,2,brown_gnome,2,4,bright_forest,red_basket,orange_gnome,2,2,dark_forest,yellow_basket,10,0,0,1,orange_gnome,dark_forest,yellow_basket,1252,1,1,10,3,83,5,1,,,,,,,,,,,,,,,,,,,,,,,,,,,,,,,,,,,,,,,,,,,,,,,,,,,,,,,,,,,,,,,,,,,,,
,,,,,,,,,,,,,,,,,,,,,,,,,,,,,,,,,,,,,,,,,,,,,,,,,,,,,,,,,,,,,,,,,,479256,001,2024-11-25_10h58.04.982,experiment,2023.2.3,Win32,147.0588235,5f481e6faaf9582bdcd9697b,67446fa89e86ac01e4128331,6744b2f23276a33e40b8aa95,,,,,,,,,,,,,,,,,,,,,,,,,,,,,,,,,,,,,,,,,,,5,,,,,,,,,,,,,3,,,,,,,,,,,,,,,,,,,,,,,,,,,,,,,,,,,,,,,,,,,,,,k,0.6524,,space,0.4319,,3,purple_gnome,3,3,dark_forest,yellow_basket,green_gnome,3,5,bright_forest,red_basket,25,0,0,1,green_gnome,bright_forest,red_basket,1277,-3,2,10,4,84,6,1,,,,,,,,,,,,,,,,,,,,,,,,,,,,,,,,,,,,,,,,,,,,,,,,,,,,,,,,,,,,,,,,,,,,,
,,,,,,,,,,,,,,,,,,,,,,,,,,,,,,,,,,,,,,,,,,,,,,,,,,,,,,,,,,,,,,,,,,479256,001,2024-11-25_10h58.04.982,experiment,2023.2.3,Win32,147.0588235,5f481e6faaf9582bdcd9697b,67446fa89e86ac01e4128331,6744b2f23276a33e40b8aa95,,,,,,,,,,,,,,,,,,,,,,,,,,,,,,,,,,,,,,,,,,,5,,,,,,,,,,,,,3,,,,,,,,,,,,,,,,,,,,,,,,,,,,,,,,,,,,,,,,,,,,,,s,0.7637,,space,0.4375,,3,green_gnome,3,2,bright_forest,red_basket,purple_gnome,3,5,dark_forest,yellow_basket,10,0,0,1,green_gnome,bright_forest,red_basket,1287,0,-2,10,5,85,6,1,,,,,,,,,,,,,,,,,,,,,,,,,,,,,,,,,,,,,,,,,,,,,,,,,,,,,,,,,,,,,,,,,,,,,
,,,,,,,,,,,,,,,,,,,,,,,,,,,,,,,,,,,,,,,,,,,,,,,,,,,,,,,,,,,,,,,,,,479256,001,2024-11-25_10h58.04.982,experiment,2023.2.3,Win32,147.0588235,5f481e6faaf9582bdcd9697b,67446fa89e86ac01e4128331,6744b2f23276a33e40b8aa95,,,,,,,,,,,,,,,,,,,,,,,,,,,,,,,,,,,,,,,,,,,5,,,,,,,,,,,,,2,,,,,,,,,,,,,,,,,,,,,,,,,,,,,,,,,,,,,,,,,,,,,,k,0.6797,,space,0.341,,2,brown_gnome,2,2,bright_forest,red_basket,orange_gnome,2,3,dark_forest,yellow_basket,15,0,0,1,orange_gnome,dark_forest,yellow_basket,1302,-4,0,10,6,86,5,1,,,,,,,,,,,,,,,,,,,,,,,,,,,,,,,,,,,,,,,,,,,,,,,,,,,,,,,,,,,,,,,,,,,,,
,,,,,,,,,,,,,,,,,,,,,,,,,,,,,,,,,,,,,,,,,,,,,,,,,,,,,,,,,,,,,,,,,,479256,001,2024-11-25_10h58.04.982,experiment,2023.2.3,Win32,147.0588235,5f481e6faaf9582bdcd9697b,67446fa89e86ac01e4128331,6744b2f23276a33e40b8aa95,,,,,,,,,,,,,,,,,,,,,,,,,,,,,,,,,,,,,,,,,,,5,,,,,,,,,,,,,1,,,,,,,,,,,,,,,,,,,,,,,,,,,,,,,,,,,,,,,,,,,,,,s,0.7803,,space,0.5112,,1,blue_gnome,1,2,bright_forest,red_basket,yellow_gnome,1,3,dark_forest,yellow_basket,10,0,0,1,blue_gnome,bright_forest,red_basket,1312,2,1,10,7,87,4,1,,,,,,,,,,,,,,,,,,,,,,,,,,,,,,,,,,,,,,,,,,,,,,,,,,,,,,,,,,,,,,,,,,,,,
,,,,,,,,,,,,,,,,,,,,,,,,,,,,,,,,,,,,,,,,,,,,,,,,,,,,,,,,,,,,,,,,,,479256,001,2024-11-25_10h58.04.982,experiment,2023.2.3,Win32,147.0588235,5f481e6faaf9582bdcd9697b,67446fa89e86ac01e4128331,6744b2f23276a33e40b8aa95,,,,,,,,,,,,,,,,,,,,,,,,,,,,,,,,,,,,,,,,,,,5,,,,,,,,,,,,,1,,,,,,,,,,,,,,,,,,,,,,,,,,,,,,,,,,,,,,,,,,,,,,k,0.8006,,space,0.3394,,1,yellow_gnome,1,4,dark_forest,yellow_basket,blue_gnome,1,4,bright_forest,red_basket,20,0,0,1,blue_gnome,bright_forest,red_basket,1332,1,2,11,0,88,4,1,,,,,,,,,,,,,,,,,,,,,,,,,,,,,,,,,,,,,,,,,,,,,,,,,,,,,,,,,,,,,,,,,,,,,
,,,,,,,,,,,,,,,,,,,,,,,,,,,,,,,,,,,,,,,,,,,,,,,,,,,,,,,,,,,,,,,,,,479256,001,2024-11-25_10h58.04.982,experiment,2023.2.3,Win32,147.0588235,5f481e6faaf9582bdcd9697b,67446fa89e86ac01e4128331,6744b2f23276a33e40b8aa95,,,,,,,,,,,,,,,,,,,,,,,,,,,,,,,,,,,,,,,,,,,5,,,,,,,,,,,,,3,,,,,,,,,,,,,,,,,,,,,,,,,,,,,,,,,,,,,,,,,,,,,,k,0.8604,,space,1.0708,,3,purple_gnome,3,6,dark_forest,yellow_basket,green_gnome,3,5,bright_forest,red_basket,25,0,0,1,green_gnome,bright_forest,red_basket,1357,2,-1,11,1,89,6,1,,,,,,,,,,,,,,,,,,,,,,,,,,,,,,,,,,,,,,,,,,,,,,,,,,,,,,,,,,,,,,,,,,,,,
,,,,,,,,,,,,,,,,,,,,,,,,,,,,,,,,,,,,,,,,,,,,,,,,,,,,,,,,,,,,,,,,,,479256,001,2024-11-25_10h58.04.982,experiment,2023.2.3,Win32,147.0588235,5f481e6faaf9582bdcd9697b,67446fa89e86ac01e4128331,6744b2f23276a33e40b8aa95,,,,,,,,,,,,,,,,,,,,,,,,,,,,,,,,,,,,,,,,,,,1,,,,,,,,,,,,,4,,,,,,,,,,,,,,,,,,,,,,,,,,,,,,,,,,,,,,,,,,,,,,s,0.7298,,space,0.4117,,4,red_gnome,4,5,dark_forest,yellow_basket,pink_gnome,4,7,bright_forest,red_basket,5,0,0,1,red_gnome,dark_forest,yellow_basket,1362,1,0,11,2,90,3,1,,,,,,,,,,,,,,,,,,,,,,,,,,,,,,,,,,,,,,,,,,,,,,,,,,,,,,,,,,,,,,,,,,,,,
,,,,,,,,,,,,,,,,,,,,,,,,,,,,,,,,,,,,,,,,,,,,,,,,,,,,,,,,,,,,,,,,,,479256,001,2024-11-25_10h58.04.982,experiment,2023.2.3,Win32,147.0588235,5f481e6faaf9582bdcd9697b,67446fa89e86ac01e4128331,6744b2f23276a33e40b8aa95,,,,,,,,,,,,,,,,,,,,,,,,,,,,,,,,,,,,,,,,,,,1,,,,,,,,,,,,,1,,,,,,,,,,,,,,,,,,,,,,,,,,,,,,,,,,,,,,,,,,,,,,k,0.8265,,space,0.355,,1,yellow_gnome,1,5,dark_forest,yellow_basket,blue_gnome,1,8,bright_forest,red_basket,8,0,0,1,blue_gnome,bright_forest,red_basket,1370,-3,-2,11,3,91,0,1,,,,,,,,,,,,,,,,,,,,,,,,,,,,,,,,,,,,,,,,,,,,,,,,,,,,,,,,,,,,,,,,,,,,,
,,,,,,,,,,,,,,,,,,,,,,,,,,,,,,,,,,,,,,,,,,,,,,,,,,,,,,,,,,,,,,,,,,479256,001,2024-11-25_10h58.04.982,experiment,2023.2.3,Win32,147.0588235,5f481e6faaf9582bdcd9697b,67446fa89e86ac01e4128331,6744b2f23276a33e40b8aa95,,,,,,,,,,,,,,,,,,,,,,,,,,,,,,,,,,,,,,,,,,,5,,,,,,,,,,,,,2,,,,,,,,,,,,,,,,,,,,,,,,,,,,,,,,,,,,,,,,,,,,,,k,0.916,,space,0.3544,,2,brown_gnome,2,5,bright_forest,red_basket,orange_gnome,2,3,dark_forest,yellow_basket,15,0,0,1,orange_gnome,dark_forest,yellow_basket,1385,-1,1,11,4,92,5,1,,,,,,,,,,,,,,,,,,,,,,,,,,,,,,,,,,,,,,,,,,,,,,,,,,,,,,,,,,,,,,,,,,,,,
,,,,,,,,,,,,,,,,,,,,,,,,,,,,,,,,,,,,,,,,,,,,,,,,,,,,,,,,,,,,,,,,,,479256,001,2024-11-25_10h58.04.982,experiment,2023.2.3,Win32,147.0588235,5f481e6faaf9582bdcd9697b,67446fa89e86ac01e4128331,6744b2f23276a33e40b8aa95,,,,,,,,,,,,,,,,,,,,,,,,,,,,,,,,,,,,,,,,,,,5,,,,,,,,,,,,,2,,,,,,,,,,,,,,,,,,,,,,,,,,,,,,,,,,,,,,,,,,,,,,k,0.9012,,space,0.2489,,2,brown_gnome,2,4,bright_forest,red_basket,orange_gnome,2,4,dark_forest,yellow_basket,20,0,0,1,orange_gnome,dark_forest,yellow_basket,1405,-3,0,11,5,93,5,1,,,,,,,,,,,,,,,,,,,,,,,,,,,,,,,,,,,,,,,,,,,,,,,,,,,,,,,,,,,,,,,,,,,,,
,,,,,,,,,,,,,,,,,,,,,,,,,,,,,,,,,,,,,,,,,,,,,,,,,,,,,,,,,,,,,,,,,,479256,001,2024-11-25_10h58.04.982,experiment,2023.2.3,Win32,147.0588235,5f481e6faaf9582bdcd9697b,67446fa89e86ac01e4128331,6744b2f23276a33e40b8aa95,,,,,,,,,,,,,,,,,,,,,,,,,,,,,,,,,,,,,,,,,,,1,,,,,,,,,,,,,1,,,,,,,,,,,,,,,,,,,,,,,,,,,,,,,,,,,,,,,,,,,,,,k,0.598,,space,0.2634,,1,blue_gnome,1,1,bright_forest,red_basket,yellow_gnome,1,4,dark_forest,yellow_basket,4,0,0,1,yellow_gnome,dark_forest,yellow_basket,1409,0,1,11,6,94,0,1,,,,,,,,,,,,,,,,,,,,,,,,,,,,,,,,,,,,,,,,,,,,,,,,,,,,,,,,,,,,,,,,,,,,,
,,,,,,,,,,,,,,,,,,,,,,,,,,,,,,,,,,,,,,,,,,,,,,,,,,,,,,,,,,,,,,,,,,479256,001,2024-11-25_10h58.04.982,experiment,2023.2.3,Win32,147.0588235,5f481e6faaf9582bdcd9697b,67446fa89e86ac01e4128331,6744b2f23276a33e40b8aa95,,,,,,,,,,,,,,,,,,,,,,,,,,,,,,,,,,,,,,,,,,,1,,,,,,,,,,,,,1,,,,,,,,,,,,,,,,,,,,,,,,,,,,,,,,,,,,,,,,,,,,,,k,0.6867,,space,0.3857,,1,yellow_gnome,1,5,dark_forest,yellow_basket,blue_gnome,1,1,bright_forest,red_basket,1,0,0,1,blue_gnome,bright_forest,red_basket,1410,4,-1,11,7,95,0,1,,,,,,,,,,,,,,,,,,,,,,,,,,,,,,,,,,,,,,,,,,,,,,,,,,,,,,,,,,,,,,,,,,,,,
,,,,,,,,,,,,,,,,,,,,,,,,,,,,,,,,,,,,,,,,,,,,,,,,,,,,,,,,,,,,,,,,,,479256,001,2024-11-25_10h58.04.982,experiment,2023.2.3,Win32,147.0588235,5f481e6faaf9582bdcd9697b,67446fa89e86ac01e4128331,6744b2f23276a33e40b8aa95,,,,,,,,,,,,,,,,,,,,,,,,,,,,,,,,,,,,,,,,,,,5,,,,,,,,,,,,,2,,,,,,,,,,,,,,,,,,,,,,,,,,,,,,,,,,,,,,,,,,,,,,k,0.7444,,space,0.5084,,2,brown_gnome,2,5,bright_forest,red_basket,orange_gnome,2,4,dark_forest,yellow_basket,20,0,0,1,orange_gnome,dark_forest,yellow_basket,1430,1,1,12,0,96,5,1,,,,,,,,,,,,,,,,,,,,,,,,,,,,,,,,,,,,,,,,,,,,,,,,,,,,,,,,,,,,,,,,,,,,,
,,,,,,,,,,,,,,,,,,,,,,,,,,,,,,,,,,,,,,,,,,,,,,,,,,,,,,,,,,,,,,,,,,479256,001,2024-11-25_10h58.04.982,experiment,2023.2.3,Win32,147.0588235,5f481e6faaf9582bdcd9697b,67446fa89e86ac01e4128331,6744b2f23276a33e40b8aa95,,,,,,,,,,,,,,,,,,,,,,,,,,,,,,,,,,,,,,,,,,,1,,,,,,,,,,,,,1,,,,,,,,,,,,,,,,,,,,,,,,,,,,,,,,,,,,,,,,,,,,,,k,0.6639,,space,0.303,,1,yellow_gnome,1,5,dark_forest,yellow_basket,blue_gnome,1,6,bright_forest,red_basket,6,0,0,1,blue_gnome,bright_forest,red_basket,1436,-2,0,12,1,97,0,1,,,,,,,,,,,,,,,,,,,,,,,,,,,,,,,,,,,,,,,,,,,,,,,,,,,,,,,,,,,,,,,,,,,,,
,,,,,,,,,,,,,,,,,,,,,,,,,,,,,,,,,,,,,,,,,,,,,,,,,,,,,,,,,,,,,,,,,,479256,001,2024-11-25_10h58.04.982,experiment,2023.2.3,Win32,147.0588235,5f481e6faaf9582bdcd9697b,67446fa89e86ac01e4128331,6744b2f23276a33e40b8aa95,,,,,,,,,,,,,,,,,,,,,,,,,,,,,,,,,,,,,,,,,,,1,,,,,,,,,,,,,1,,,,,,,,,,,,,,,,,,,,,,,,,,,,,,,,,,,,,,,,,,,,,,k,0.8671,,space,0.3534,,1,blue_gnome,1,4,bright_forest,red_basket,yellow_gnome,1,5,dark_forest,yellow_basket,5,0,0,1,yellow_gnome,dark_forest,yellow_basket,1441,-6,2,12,2,98,0,1,,,,,,,,,,,,,,,,,,,,,,,,,,,,,,,,,,,,,,,,,,,,,,,,,,,,,,,,,,,,,,,,,,,,,
,,,,,,,,,,,,,,,,,,,,,,,,,,,,,,,,,,,,,,,,,,,,,,,,,,,,,,,,,,,,,,,,,,479256,001,2024-11-25_10h58.04.982,experiment,2023.2.3,Win32,147.0588235,5f481e6faaf9582bdcd9697b,67446fa89e86ac01e4128331,6744b2f23276a33e40b8aa95,,,,,,,,,,,,,,,,,,,,,,,,,,,,,,,,,,,,,,,,,,,5,,,,,,,,,,,,,1,,,,,,,,,,,,,,,,,,,,,,,,,,,,,,,,,,,,,,,,,,,,,,k,0.6879,,space,0.4372,,1,yellow_gnome,1,7,dark_forest,yellow_basket,blue_gnome,1,2,bright_forest,red_basket,10,0,0,1,blue_gnome,bright_forest,red_basket,1451,-3,1,12,3,99,4,1,,,,,,,,,,,,,,,,,,,,,,,,,,,,,,,,,,,,,,,,,,,,,,,,,,,,,,,,,,,,,,,,,,,,,
,,,,,,,,,,,,,,,,,,,,,,,,,,,,,,,,,,,,,,,,,,,,,,,,,,,,,,,,,,,,,,,,,,479256,001,2024-11-25_10h58.04.982,experiment,2023.2.3,Win32,147.0588235,5f481e6faaf9582bdcd9697b,67446fa89e86ac01e4128331,6744b2f23276a33e40b8aa95,,,,,,,,,,,,,,,,,,,,,,,,,,,,,,,,,,,,,,,,,,,5,,,,,,,,,,,,,1,,,,,,,,,,,,,,,,,,,,,,,,,,,,,,,,,,,,,,,,,,,,,,s,0.6458,,space,0.2305,,1,yellow_gnome,1,8,dark_forest,yellow_basket,blue_gnome,1,1,bright_forest,red_basket,40,0,0,1,yellow_gnome,dark_forest,yellow_basket,1491,-1,2,12,4,100,4,1,,,,,,,,,,,,,,,,,,,,,,,,,,,,,,,,,,,,,,,,,,,,,,,,,,,,,,,,,,,,,,,,,,,,,
,,,,,,,,,,,,,,,,,,,,,,,,,,,,,,,,,,,,,,,,,,,,,,,,,,,,,,,,,,,,,,,,,,479256,001,2024-11-25_10h58.04.982,experiment,2023.2.3,Win32,147.0588235,5f481e6faaf9582bdcd9697b,67446fa89e86ac01e4128331,6744b2f23276a33e40b8aa95,,,,,,,,,,,,,,,,,,,,,,,,,,,,,,,,,,,,,,,,,,,1,,,,,,,,,,,,,1,,,,,,,,,,,,,,,,,,,,,,,,,,,,,,,,,,,,,,,,,,,,,,k,0.5818,,space,0.3764,,1,blue_gnome,1,0,bright_forest,red_basket,yellow_gnome,1,8,dark_forest,yellow_basket,8,0,0,1,yellow_gnome,dark_forest,yellow_basket,1499,-1,0,12,5,101,0,1,,,,,,,,,,,,,,,,,,,,,,,,,,,,,,,,,,,,,,,,,,,,,,,,,,,,,,,,,,,,,,,,,,,,,
,,,,,,,,,,,,,,,,,,,,,,,,,,,,,,,,,,,,,,,,,,,,,,,,,,,,,,,,,,,,,,,,,,479256,001,2024-11-25_10h58.04.982,experiment,2023.2.3,Win32,147.0588235,5f481e6faaf9582bdcd9697b,67446fa89e86ac01e4128331,6744b2f23276a33e40b8aa95,,,,,,,,,,,,,,,,,,,,,,,,,,,,,,,,,,,,,,,,,,,5,,,,,,,,,,,,,2,,,,,,,,,,,,,,,,,,,,,,,,,,,,,,,,,,,,,,,,,,,,,,k,0.8956,,space,0.9018,,2,brown_gnome,2,1,bright_forest,red_basket,orange_gnome,2,8,dark_forest,yellow_basket,40,0,0,1,orange_gnome,dark_forest,yellow_basket,1539,-1,1,12,6,102,5,1,,,,,,,,,,,,,,,,,,,,,,,,,,,,,,,,,,,,,,,,,,,,,,,,,,,,,,,,,,,,,,,,,,,,,
,,,,,,,,,,,,,,,,,,,,,,,,,,,,,,,,,,,,,,,,,,,,,,,,,,,,,,,,,,,,,,,,,,479256,001,2024-11-25_10h58.04.982,experiment,2023.2.3,Win32,147.0588235,5f481e6faaf9582bdcd9697b,67446fa89e86ac01e4128331,6744b2f23276a33e40b8aa95,,,,,,,,,,,,,,,,,,,,,,,,,,,,,,,,,,,,,,,,,,,5,,,,,,,,,,,,,1,,,,,,,,,,,,,,,,,,,,,,,,,,,,,,,,,,,,,,,,,,,,,,s,0.9298,,space,0.8812,,1,yellow_gnome,1,9,dark_forest,yellow_basket,blue_gnome,1,0,bright_forest,red_basket,45,0,0,1,yellow_gnome,dark_forest,yellow_basket,1584,-1,-3,12,7,103,4,1,,,,,,,,,,,,,,,,,,,,,,,,,,,,,,,,,,,,,,,,,,,,,,,,,,,,,,,,,,,,,,,,,,,,,
,,,,,,,,,,,,,,,,,,,,,,,,,,,,,,,,,,,,,,,,,,,,,,,,,,,,,,,,,,,,,,,,,,479256,001,2024-11-25_10h58.04.982,experiment,2023.2.3,Win32,147.0588235,5f481e6faaf9582bdcd9697b,67446fa89e86ac01e4128331,6744b2f23276a33e40b8aa95,,,,,,,,,,,,,,,,,,,,,,,,,,,,,,,,,,,,,,,,,,,1,,,,,,,,,,,,,4,,,,,,,,,,,,,,,,,,,,,,,,,,,,,,,,,,,,,,,,,,,,,,k,0.9469,,space,0.3623,,4,pink_gnome,4,1,bright_forest,red_basket,red_gnome,4,6,dark_forest,yellow_basket,6,0,0,1,red_gnome,dark_forest,yellow_basket,1590,-1,4,13,0,104,3,1,,,,,,,,,,,,,,,,,,,,,,,,,,,,,,,,,,,,,,,,,,,,,,,,,,,,,,,,,,,,,,,,,,,,,
,,,,,,,,,,,,,,,,,,,,,,,,,,,,,,,,,,,,,,,,,,,,,,,,,,,,,,,,,,,,,,,,,,479256,001,2024-11-25_10h58.04.982,experiment,2023.2.3,Win32,147.0588235,5f481e6faaf9582bdcd9697b,67446fa89e86ac01e4128331,6744b2f23276a33e40b8aa95,,,,,,,,,,,,,,,,,,,,,,,,,,,,,,,,,,,,,,,,,,,1,,,,,,,,,,,,,4,,,,,,,,,,,,,,,,,,,,,,,,,,,,,,,,,,,,,,,,,,,,,,s,0.6771,,space,0.2769,,4,red_gnome,4,8,dark_forest,yellow_basket,pink_gnome,4,0,bright_forest,red_basket,8,0,0,1,red_gnome,dark_forest,yellow_basket,1598,-1,-1,13,1,105,3,1,,,,,,,,,,,,,,,,,,,,,,,,,,,,,,,,,,,,,,,,,,,,,,,,,,,,,,,,,,,,,,,,,,,,,
,,,,,,,,,,,,,,,,,,,,,,,,,,,,,,,,,,,,,,,,,,,,,,,,,,,,,,,,,,,,,,,,,,479256,001,2024-11-25_10h58.04.982,experiment,2023.2.3,Win32,147.0588235,5f481e6faaf9582bdcd9697b,67446fa89e86ac01e4128331,6744b2f23276a33e40b8aa95,,,,,,,,,,,,,,,,,,,,,,,,,,,,,,,,,,,,,,,,,,,5,,,,,,,,,,,,,1,,,,,,,,,,,,,,,,,,,,,,,,,,,,,,,,,,,,,,,,,,,,,,k,0.9405,,space,0.3115,,1,blue_gnome,1,1,bright_forest,red_basket,yellow_gnome,1,7,dark_forest,yellow_basket,35,0,0,1,yellow_gnome,dark_forest,yellow_basket,1633,1,0,13,2,106,4,1,,,,,,,,,,,,,,,,,,,,,,,,,,,,,,,,,,,,,,,,,,,,,,,,,,,,,,,,,,,,,,,,,,,,,
,,,,,,,,,,,,,,,,,,,,,,,,,,,,,,,,,,,,,,,,,,,,,,,,,,,,,,,,,,,,,,,,,,479256,001,2024-11-25_10h58.04.982,experiment,2023.2.3,Win32,147.0588235,5f481e6faaf9582bdcd9697b,67446fa89e86ac01e4128331,6744b2f23276a33e40b8aa95,,,,,,,,,,,,,,,,,,,,,,,,,,,,,,,,,,,,,,,,,,,5,,,,,,,,,,,,,1,,,,,,,,,,,,,,,,,,,,,,,,,,,,,,,,,,,,,,,,,,,,,,k,0.5408,,space,0.2585,,1,blue_gnome,1,2,bright_forest,red_basket,yellow_gnome,1,7,dark_forest,yellow_basket,35,0,0,1,yellow_gnome,dark_forest,yellow_basket,1668,-2,-1,13,3,107,4,1,,,,,,,,,,,,,,,,,,,,,,,,,,,,,,,,,,,,,,,,,,,,,,,,,,,,,,,,,,,,,,,,,,,,,
,,,,,,,,,,,,,,,,,,,,,,,,,,,,,,,,,,,,,,,,,,,,,,,,,,,,,,,,,,,,,,,,,,479256,001,2024-11-25_10h58.04.982,experiment,2023.2.3,Win32,147.0588235,5f481e6faaf9582bdcd9697b,67446fa89e86ac01e4128331,6744b2f23276a33e40b8aa95,,,,,,,,,,,,,,,,,,,,,,,,,,,,,,,,,,,,,,,,,,,1,,,,,,,,,,,,,3,,,,,,,,,,,,,,,,,,,,,,,,,,,,,,,,,,,,,,,,,,,,,,k,0.7818,,space,0.403,,3,purple_gnome,3,6,dark_forest,yellow_basket,green_gnome,3,0,bright_forest,red_basket,0,0,0,1,green_gnome,bright_forest,red_basket,1668,2,0,13,4,108,2,1,,,,,,,,,,,,,,,,,,,,,,,,,,,,,,,,,,,,,,,,,,,,,,,,,,,,,,,,,,,,,,,,,,,,,
,,,,,,,,,,,,,,,,,,,,,,,,,,,,,,,,,,,,,,,,,,,,,,,,,,,,,,,,,,,,,,,,,,479256,001,2024-11-25_10h58.04.982,experiment,2023.2.3,Win32,147.0588235,5f481e6faaf9582bdcd9697b,67446fa89e86ac01e4128331,6744b2f23276a33e40b8aa95,,,,,,,,,,,,,,,,,,,,,,,,,,,,,,,,,,,,,,,,,,,5,,,,,,,,,,,,,4,,,,,,,,,,,,,,,,,,,,,,,,,,,,,,,,,,,,,,,,,,,,,,s,0.7291,,space,0.431,,4,red_gnome,4,6,dark_forest,yellow_basket,pink_gnome,4,2,bright_forest,red_basket,30,0,0,1,red_gnome,dark_forest,yellow_basket,1698,-4,0,13,5,109,7,1,,,,,,,,,,,,,,,,,,,,,,,,,,,,,,,,,,,,,,,,,,,,,,,,,,,,,,,,,,,,,,,,,,,,,
,,,,,,,,,,,,,,,,,,,,,,,,,,,,,,,,,,,,,,,,,,,,,,,,,,,,,,,,,,,,,,,,,,479256,001,2024-11-25_10h58.04.982,experiment,2023.2.3,Win32,147.0588235,5f481e6faaf9582bdcd9697b,67446fa89e86ac01e4128331,6744b2f23276a33e40b8aa95,,,,,,,,,,,,,,,,,,,,,,,,,,,,,,,,,,,,,,,,,,,1,,,,,,,,,,,,,2,,,,,,,,,,,,,,,,,,,,,,,,,,,,,,,,,,,,,,,,,,,,,,s,0.8186,,space,0.3683,,2,orange_gnome,2,6,dark_forest,yellow_basket,brown_gnome,2,2,bright_forest,red_basket,6,0,0,1,orange_gnome,dark_forest,yellow_basket,1704,3,2,13,6,110,1,1,,,,,,,,,,,,,,,,,,,,,,,,,,,,,,,,,,,,,,,,,,,,,,,,,,,,,,,,,,,,,,,,,,,,,
,,,,,,,,,,,,,,,,,,,,,,,,,,,,,,,,,,,,,,,,,,,,,,,,,,,,,,,,,,,,,,,,,,479256,001,2024-11-25_10h58.04.982,experiment,2023.2.3,Win32,147.0588235,5f481e6faaf9582bdcd9697b,67446fa89e86ac01e4128331,6744b2f23276a33e40b8aa95,,,,,,,,,,,,,,,,,,,,,,,,,,,,,,,,,,,,,,,,,,,1,,,,,,,,,,,,,4,,,,,,,,,,,,,,,,,,,,,,,,,,,,,,,,,,,,,,,,,,,,,,s,0.6951,,space,0.2755,,4,red_gnome,4,8,dark_forest,yellow_basket,pink_gnome,4,5,bright_forest,red_basket,8,0,0,1,red_gnome,dark_forest,yellow_basket,1712,-2,-2,13,7,111,3,1,,,,,,,,,,,,,,,,,,,,,,,,,,,,,,,,,,,,,,,,,,,,,,,,,,,,,,,,,,,,,,,,,,,,,
,,,,,,,,,,,,,,,,,,,,,,,,,,,,,,,,,,,,,,,,,,,,,,,,,,,,,,,,,,,,,,,,,,479256,001,2024-11-25_10h58.04.982,experiment,2023.2.3,Win32,147.0588235,5f481e6faaf9582bdcd9697b,67446fa89e86ac01e4128331,6744b2f23276a33e40b8aa95,,,,,,,,,,,,,,,,,,,,,,,,,,,,,,,,,,,,,,,,,,,1,,,,,,,,,,,,,2,,,,,,,,,,,,,,,,,,,,,,,,,,,,,,,,,,,,,,,,,,,,,,s,0.8193,,space,0.4892,,2,orange_gnome,2,6,dark_forest,yellow_basket,brown_gnome,2,3,bright_forest,red_basket,6,0,0,1,orange_gnome,dark_forest,yellow_basket,1718,0,0,14,0,112,1,1,,,,,,,,,,,,,,,,,,,,,,,,,,,,,,,,,,,,,,,,,,,,,,,,,,,,,,,,,,,,,,,,,,,,,
,,,,,,,,,,,,,,,,,,,,,,,,,,,,,,,,,,,,,,,,,,,,,,,,,,,,,,,,,,,,,,,,,,479256,001,2024-11-25_10h58.04.982,experiment,2023.2.3,Win32,147.0588235,5f481e6faaf9582bdcd9697b,67446fa89e86ac01e4128331,6744b2f23276a33e40b8aa95,,,,,,,,,,,,,,,,,,,,,,,,,,,,,,,,,,,,,,,,,,,5,,,,,,,,,,,,,3,,,,,,,,,,,,,,,,,,,,,,,,,,,,,,,,,,,,,,,,,,,,,,s,0.6992,,space,0.4558,,3,green_gnome,3,3,bright_forest,red_basket,purple_gnome,3,6,dark_forest,yellow_basket,15,0,0,1,green_gnome,bright_forest,red_basket,1733,0,-2,14,1,113,6,1,,,,,,,,,,,,,,,,,,,,,,,,,,,,,,,,,,,,,,,,,,,,,,,,,,,,,,,,,,,,,,,,,,,,,
,,,,,,,,,,,,,,,,,,,,,,,,,,,,,,,,,,,,,,,,,,,,,,,,,,,,,,,,,,,,,,,,,,479256,001,2024-11-25_10h58.04.982,experiment,2023.2.3,Win32,147.0588235,5f481e6faaf9582bdcd9697b,67446fa89e86ac01e4128331,6744b2f23276a33e40b8aa95,,,,,,,,,,,,,,,,,,,,,,,,,,,,,,,,,,,,,,,,,,,1,,,,,,,,,,,,,3,,,,,,,,,,,,,,,,,,,,,,,,,,,,,,,,,,,,,,,,,,,,,,s,0.7081,,space,0.2584,,3,green_gnome,3,3,bright_forest,red_basket,purple_gnome,3,4,dark_forest,yellow_basket,3,0,0,1,green_gnome,bright_forest,red_basket,1736,-1,2,14,2,114,2,1,,,,,,,,,,,,,,,,,,,,,,,,,,,,,,,,,,,,,,,,,,,,,,,,,,,,,,,,,,,,,,,,,,,,,
,,,,,,,,,,,,,,,,,,,,,,,,,,,,,,,,,,,,,,,,,,,,,,,,,,,,,,,,,,,,,,,,,,479256,001,2024-11-25_10h58.04.982,experiment,2023.2.3,Win32,147.0588235,5f481e6faaf9582bdcd9697b,67446fa89e86ac01e4128331,6744b2f23276a33e40b8aa95,,,,,,,,,,,,,,,,,,,,,,,,,,,,,,,,,,,,,,,,,,,5,,,,,,,,,,,,,3,,,,,,,,,,,,,,,,,,,,,,,,,,,,,,,,,,,,,,,,,,,,,,k,0.5674,,space,0.4934,,3,purple_gnome,3,6,dark_forest,yellow_basket,green_gnome,3,2,bright_forest,red_basket,10,0,0,1,green_gnome,bright_forest,red_basket,1746,3,3,14,3,115,6,1,,,,,,,,,,,,,,,,,,,,,,,,,,,,,,,,,,,,,,,,,,,,,,,,,,,,,,,,,,,,,,,,,,,,,
,,,,,,,,,,,,,,,,,,,,,,,,,,,,,,,,,,,,,,,,,,,,,,,,,,,,,,,,,,,,,,,,,,479256,001,2024-11-25_10h58.04.982,experiment,2023.2.3,Win32,147.0588235,5f481e6faaf9582bdcd9697b,67446fa89e86ac01e4128331,6744b2f23276a33e40b8aa95,,,,,,,,,,,,,,,,,,,,,,,,,,,,,,,,,,,,,,,,,,,5,,,,,,,,,,,,,4,,,,,,,,,,,,,,,,,,,,,,,,,,,,,,,,,,,,,,,,,,,,,,k,0.8192,,space,0.3992,,4,pink_gnome,4,5,bright_forest,red_basket,red_gnome,4,9,dark_forest,yellow_basket,45,0,0,1,red_gnome,dark_forest,yellow_basket,1791,1,-1,14,4,116,7,1,,,,,,,,,,,,,,,,,,,,,,,,,,,,,,,,,,,,,,,,,,,,,,,,,,,,,,,,,,,,,,,,,,,,,
,,,,,,,,,,,,,,,,,,,,,,,,,,,,,,,,,,,,,,,,,,,,,,,,,,,,,,,,,,,,,,,,,,479256,001,2024-11-25_10h58.04.982,experiment,2023.2.3,Win32,147.0588235,5f481e6faaf9582bdcd9697b,67446fa89e86ac01e4128331,6744b2f23276a33e40b8aa95,,,,,,,,,,,,,,,,,,,,,,,,,,,,,,,,,,,,,,,,,,,1,,,,,,,,,,,,,1,,,,,,,,,,,,,,,,,,,,,,,,,,,,,,,,,,,,,,,,,,,,,,s,0.9678,,space,0.2728,,1,yellow_gnome,1,8,dark_forest,yellow_basket,blue_gnome,1,6,bright_forest,red_basket,8,0,0,1,yellow_gnome,dark_forest,yellow_basket,1799,4,2,14,5,117,0,1,,,,,,,,,,,,,,,,,,,,,,,,,,,,,,,,,,,,,,,,,,,,,,,,,,,,,,,,,,,,,,,,,,,,,
,,,,,,,,,,,,,,,,,,,,,,,,,,,,,,,,,,,,,,,,,,,,,,,,,,,,,,,,,,,,,,,,,,479256,001,2024-11-25_10h58.04.982,experiment,2023.2.3,Win32,147.0588235,5f481e6faaf9582bdcd9697b,67446fa89e86ac01e4128331,6744b2f23276a33e40b8aa95,,,,,,,,,,,,,,,,,,,,,,,,,,,,,,,,,,,,,,,,,,,1,,,,,,,,,,,,,4,,,,,,,,,,,,,,,,,,,,,,,,,,,,,,,,,,,,,,,,,,,,,,s,0.7299,,space,0.3174,,4,red_gnome,4,8,dark_forest,yellow_basket,pink_gnome,4,8,bright_forest,red_basket,8,0,0,1,red_gnome,dark_forest,yellow_basket,1807,2,2,14,6,118,3,1,,,,,,,,,,,,,,,,,,,,,,,,,,,,,,,,,,,,,,,,,,,,,,,,,,,,,,,,,,,,,,,,,,,,,
,,,,,,,,,,,,,,,,,,,,,,,,,,,,,,,,,,,,,,,,,,,,,,,,,,,,,,,,,,,,,,,,,,479256,001,2024-11-25_10h58.04.982,experiment,2023.2.3,Win32,147.0588235,5f481e6faaf9582bdcd9697b,67446fa89e86ac01e4128331,6744b2f23276a33e40b8aa95,,,,,,,,,,,,,,,,,,,,,,,,,,,,,,,,,,,,,,,,,,,1,,,,,,,,,,,,,2,,,,,,,,,,,,,,,,,,,,,,,,,,,,,,,,,,,,,,,,,,,,,,k,1.2681,,space,0.7126,,2,brown_gnome,2,8,bright_forest,red_basket,orange_gnome,2,8,dark_forest,yellow_basket,8,0,0,1,orange_gnome,dark_forest,yellow_basket,1815,1,-1,14,7,119,1,1,,,,,,,,,,,,,,,,,,,,,,,,,,,,,,,,,,,,,,,,,,,,,,,,,,,,,,,,,,,,,,,,,,,,,
,,,,,,,,,,,,,,,,,,,,,,,,,,,,,,,,,,,,,,,,,,,,,,,,,,,,,,,,,,,,,,,,,,479256,001,2024-11-25_10h58.04.982,experiment,2023.2.3,Win32,147.0588235,5f481e6faaf9582bdcd9697b,67446fa89e86ac01e4128331,6744b2f23276a33e40b8aa95,,,,,,,,,,,,,,,,,,,,,,,,,,,,,,,,,,,,,,,,,,,5,,,,,,,,,,,,,4,,,,,,,,,,,,,,,,,,,,,,,,,,,,,,,,,,,,,,,,,,,,,,s,0.8096,,space,0.0232,,4,red_gnome,4,7,dark_forest,yellow_basket,pink_gnome,4,9,bright_forest,red_basket,35,0,0,1,red_gnome,dark_forest,yellow_basket,1850,-2,0,15,0,120,7,1,,,,,,,,,,,,,,,,,,,,,,,,,,,,,,,,,,,,,,,,,,,,,,,,,,,,,,,,,,,,,,,,,,,,,
,,,,,,,,,,,,,,,,,,,,,,,,,,,,,,,,,,,,,,,,,,,,,,,,,,,,,,,,,,,,,,,,,,479256,001,2024-11-25_10h58.04.982,experiment,2023.2.3,Win32,147.0588235,5f481e6faaf9582bdcd9697b,67446fa89e86ac01e4128331,6744b2f23276a33e40b8aa95,,,,,,,,,,,,,,,,,,,,,,,,,,,,,,,,,,,,,,,,,,,5,,,,,,,,,,,,,4,,,,,,,,,,,,,,,,,,,,,,,,,,,,,,,,,,,,,,,,,,,,,,k,0.9246,,space,0.3692,,4,pink_gnome,4,7,bright_forest,red_basket,red_gnome,4,7,dark_forest,yellow_basket,35,0,0,1,red_gnome,dark_forest,yellow_basket,1885,3,-3,15,1,121,7,1,,,,,,,,,,,,,,,,,,,,,,,,,,,,,,,,,,,,,,,,,,,,,,,,,,,,,,,,,,,,,,,,,,,,,
,,,,,,,,,,,,,,,,,,,,,,,,,,,,,,,,,,,,,,,,,,,,,,,,,,,,,,,,,,,,,,,,,,479256,001,2024-11-25_10h58.04.982,experiment,2023.2.3,Win32,147.0588235,5f481e6faaf9582bdcd9697b,67446fa89e86ac01e4128331,6744b2f23276a33e40b8aa95,,,,,,,,,,,,,,,,,,,,,,,,,,,,,,,,,,,,,,,,,,,1,,,,,,,,,,,,,2,,,,,,,,,,,,,,,,,,,,,,,,,,,,,,,,,,,,,,,,,,,,,,s,0.8062,,space,0.3504,,2,orange_gnome,2,4,dark_forest,yellow_basket,brown_gnome,2,8,bright_forest,red_basket,4,0,0,1,orange_gnome,dark_forest,yellow_basket,1889,-1,-1,15,2,122,1,1,,,,,,,,,,,,,,,,,,,,,,,,,,,,,,,,,,,,,,,,,,,,,,,,,,,,,,,,,,,,,,,,,,,,,
,,,,,,,,,,,,,,,,,,,,,,,,,,,,,,,,,,,,,,,,,,,,,,,,,,,,,,,,,,,,,,,,,,479256,001,2024-11-25_10h58.04.982,experiment,2023.2.3,Win32,147.0588235,5f481e6faaf9582bdcd9697b,67446fa89e86ac01e4128331,6744b2f23276a33e40b8aa95,,,,,,,,,,,,,,,,,,,,,,,,,,,,,,,,,,,,,,,,,,,1,,,,,,,,,,,,,1,,,,,,,,,,,,,,,,,,,,,,,,,,,,,,,,,,,,,,,,,,,,,,k,0.9581,,space,0.2581,,1,blue_gnome,1,7,bright_forest,red_basket,yellow_gnome,1,3,dark_forest,yellow_basket,3,0,0,1,yellow_gnome,dark_forest,yellow_basket,1892,3,0,15,3,123,0,1,,,,,,,,,,,,,,,,,,,,,,,,,,,,,,,,,,,,,,,,,,,,,,,,,,,,,,,,,,,,,,,,,,,,,
,,,,,,,,,,,,,,,,,,,,,,,,,,,,,,,,,,,,,,,,,,,,,,,,,,,,,,,,,,,,,,,,,,479256,001,2024-11-25_10h58.04.982,experiment,2023.2.3,Win32,147.0588235,5f481e6faaf9582bdcd9697b,67446fa89e86ac01e4128331,6744b2f23276a33e40b8aa95,,,,,,,,,,,,,,,,,,,,,,,,,,,,,,,,,,,,,,,,,,,5,,,,,,,,,,,,,4,,,,,,,,,,,,,,,,,,,,,,,,,,,,,,,,,,,,,,,,,,,,,,k,0.9154,,space,0.2632,,4,pink_gnome,4,8,bright_forest,red_basket,red_gnome,4,3,dark_forest,yellow_basket,15,0,0,1,red_gnome,dark_forest,yellow_basket,1907,2,-1,15,4,124,7,1,,,,,,,,,,,,,,,,,,,,,,,,,,,,,,,,,,,,,,,,,,,,,,,,,,,,,,,,,,,,,,,,,,,,,
,,,,,,,,,,,,,,,,,,,,,,,,,,,,,,,,,,,,,,,,,,,,,,,,,,,,,,,,,,,,,,,,,,479256,001,2024-11-25_10h58.04.982,experiment,2023.2.3,Win32,147.0588235,5f481e6faaf9582bdcd9697b,67446fa89e86ac01e4128331,6744b2f23276a33e40b8aa95,,,,,,,,,,,,,,,,,,,,,,,,,,,,,,,,,,,,,,,,,,,1,,,,,,,,,,,,,1,,,,,,,,,,,,,,,,,,,,,,,,,,,,,,,,,,,,,,,,,,,,,,k,0.8973,,space,0.4429,,1,blue_gnome,1,8,bright_forest,red_basket,yellow_gnome,1,2,dark_forest,yellow_basket,2,0,0,1,yellow_gnome,dark_forest,yellow_basket,1909,1,-1,15,5,125,0,1,,,,,,,,,,,,,,,,,,,,,,,,,,,,,,,,,,,,,,,,,,,,,,,,,,,,,,,,,,,,,,,,,,,,,
,,,,,,,,,,,,,,,,,,,,,,,,,,,,,,,,,,,,,,,,,,,,,,,,,,,,,,,,,,,,,,,,,,479256,001,2024-11-25_10h58.04.982,experiment,2023.2.3,Win32,147.0588235,5f481e6faaf9582bdcd9697b,67446fa89e86ac01e4128331,6744b2f23276a33e40b8aa95,,,,,,,,,,,,,,,,,,,,,,,,,,,,,,,,,,,,,,,,,,,1,,,,,,,,,,,,,2,,,,,,,,,,,,,,,,,,,,,,,,,,,,,,,,,,,,,,,,,,,,,,k,1.1235,,space,0.3392,,2,brown_gnome,2,9,bright_forest,red_basket,orange_gnome,2,1,dark_forest,yellow_basket,1,0,0,1,orange_gnome,dark_forest,yellow_basket,1910,-3,2,15,6,126,1,1,,,,,,,,,,,,,,,,,,,,,,,,,,,,,,,,,,,,,,,,,,,,,,,,,,,,,,,,,,,,,,,,,,,,,
,,,,,,,,,,,,,,,,,,,,,,,,,,,,,,,,,,,,,,,,,,,,,,,,,,,,,,,,,,,,,,,,,,479256,001,2024-11-25_10h58.04.982,experiment,2023.2.3,Win32,147.0588235,5f481e6faaf9582bdcd9697b,67446fa89e86ac01e4128331,6744b2f23276a33e40b8aa95,,,,,,,,,,,,,,,,,,,,,,,,,,,,,,,,,,,,,,,,,,,1,,,,,,,,,,,,,4,,,,,,,,,,,,,,,,,,,,,,,,,,,,,,,,,,,,,,,,,,,,,,s,0.7782,,space,0.3448,,4,red_gnome,4,3,dark_forest,yellow_basket,pink_gnome,4,6,bright_forest,red_basket,3,0,0,1,red_gnome,dark_forest,yellow_basket,1913,0,1,15,7,127,3,1,space,18.044,,,,,,,,,,,,,,,,,,,,,,,,,,,,,,,,,,,,,,,,,,,,,,,,,,,,,,,,,,,,,,,,,,,
,,,,,,,,,,,,,,,,,,,,,,,,,,,,,,,,,,,,,,,,,,,,,,,,,,,,,,,,,,,,,,,,,,479256,001,2024-11-25_10h58.04.982,experiment,2023.2.3,Win32,147.0588235,5f481e6faaf9582bdcd9697b,67446fa89e86ac01e4128331,6744b2f23276a33e40b8aa95,,,,,,,,,,,,,,,,,,,,,,,,,,,,,,,,,,,,,,,,,,,1,,,,,,,,,,,,,4,,,,,,,,,,,,,,,,,,,,,,,,,,,,,,,,,,,,,,,,,,,,,,k,0.701,,space,0.3248,,4,pink_gnome,4,6,bright_forest,red_basket,red_gnome,4,4,dark_forest,yellow_basket,4,0,0,1,red_gnome,dark_forest,yellow_basket,1917,0,-1,16,0,128,3,1,,,,,,,,,,,,,,,,,,,,,,,,,,,,,,,,,,,,,,,,,,,,,,,,,,,,,,,,,,,,,,,,,,,,,
,,,,,,,,,,,,,,,,,,,,,,,,,,,,,,,,,,,,,,,,,,,,,,,,,,,,,,,,,,,,,,,,,,479256,001,2024-11-25_10h58.04.982,experiment,2023.2.3,Win32,147.0588235,5f481e6faaf9582bdcd9697b,67446fa89e86ac01e4128331,6744b2f23276a33e40b8aa95,,,,,,,,,,,,,,,,,,,,,,,,,,,,,,,,,,,,,,,,,,,5,,,,,,,,,,,,,4,,,,,,,,,,,,,,,,,,,,,,,,,,,,,,,,,,,,,,,,,,,,,,k,0.933,,space,0.2885,,4,pink_gnome,4,6,bright_forest,red_basket,red_gnome,4,3,dark_forest,yellow_basket,15,0,0,1,red_gnome,dark_forest,yellow_basket,1932,2,-3,16,1,129,7,1,,,,,,,,,,,,,,,,,,,,,,,,,,,,,,,,,,,,,,,,,,,,,,,,,,,,,,,,,,,,,,,,,,,,,
,,,,,,,,,,,,,,,,,,,,,,,,,,,,,,,,,,,,,,,,,,,,,,,,,,,,,,,,,,,,,,,,,,479256,001,2024-11-25_10h58.04.982,experiment,2023.2.3,Win32,147.0588235,5f481e6faaf9582bdcd9697b,67446fa89e86ac01e4128331,6744b2f23276a33e40b8aa95,,,,,,,,,,,,,,,,,,,,,,,,,,,,,,,,,,,,,,,,,,,5,,,,,,,,,,,,,2,,,,,,,,,,,,,,,,,,,,,,,,,,,,,,,,,,,,,,,,,,,,,,s,0.7798,,space,0.3805,,2,orange_gnome,2,0,dark_forest,yellow_basket,brown_gnome,2,8,bright_forest,red_basket,0,0,0,1,orange_gnome,dark_forest,yellow_basket,1932,1,3,16,2,130,5,1,,,,,,,,,,,,,,,,,,,,,,,,,,,,,,,,,,,,,,,,,,,,,,,,,,,,,,,,,,,,,,,,,,,,,
,,,,,,,,,,,,,,,,,,,,,,,,,,,,,,,,,,,,,,,,,,,,,,,,,,,,,,,,,,,,,,,,,,479256,001,2024-11-25_10h58.04.982,experiment,2023.2.3,Win32,147.0588235,5f481e6faaf9582bdcd9697b,67446fa89e86ac01e4128331,6744b2f23276a33e40b8aa95,,,,,,,,,,,,,,,,,,,,,,,,,,,,,,,,,,,,,,,,,,,1,,,,,,,,,,,,,1,,,,,,,,,,,,,,,,,,,,,,,,,,,,,,,,,,,,,,,,,,,,,,s,0.6615,,space,0.4242,,1,yellow_gnome,1,3,dark_forest,yellow_basket,blue_gnome,1,9,bright_forest,red_basket,3,0,0,1,yellow_gnome,dark_forest,yellow_basket,1935,0,-2,16,3,131,0,1,,,,,,,,,,,,,,,,,,,,,,,,,,,,,,,,,,,,,,,,,,,,,,,,,,,,,,,,,,,,,,,,,,,,,
,,,,,,,,,,,,,,,,,,,,,,,,,,,,,,,,,,,,,,,,,,,,,,,,,,,,,,,,,,,,,,,,,,479256,001,2024-11-25_10h58.04.982,experiment,2023.2.3,Win32,147.0588235,5f481e6faaf9582bdcd9697b,67446fa89e86ac01e4128331,6744b2f23276a33e40b8aa95,,,,,,,,,,,,,,,,,,,,,,,,,,,,,,,,,,,,,,,,,,,1,,,,,,,,,,,,,1,,,,,,,,,,,,,,,,,,,,,,,,,,,,,,,,,,,,,,,,,,,,,,s,0.7228,,space,0.3593,,1,yellow_gnome,1,1,dark_forest,yellow_basket,blue_gnome,1,9,bright_forest,red_basket,1,0,0,1,yellow_gnome,dark_forest,yellow_basket,1936,-1,-1,16,4,132,0,1,,,,,,,,,,,,,,,,,,,,,,,,,,,,,,,,,,,,,,,,,,,,,,,,,,,,,,,,,,,,,,,,,,,,,
,,,,,,,,,,,,,,,,,,,,,,,,,,,,,,,,,,,,,,,,,,,,,,,,,,,,,,,,,,,,,,,,,,479256,001,2024-11-25_10h58.04.982,experiment,2023.2.3,Win32,147.0588235,5f481e6faaf9582bdcd9697b,67446fa89e86ac01e4128331,6744b2f23276a33e40b8aa95,,,,,,,,,,,,,,,,,,,,,,,,,,,,,,,,,,,,,,,,,,,5,,,,,,,,,,,,,1,,,,,,,,,,,,,,,,,,,,,,,,,,,,,,,,,,,,,,,,,,,,,,s,0.8628,,space,0.323,,1,blue_gnome,1,8,bright_forest,red_basket,yellow_gnome,1,0,dark_forest,yellow_basket,40,0,0,1,blue_gnome,bright_forest,red_basket,1976,-1,-1,16,5,133,4,1,,,,,,,,,,,,,,,,,,,,,,,,,,,,,,,,,,,,,,,,,,,,,,,,,,,,,,,,,,,,,,,,,,,,,
,,,,,,,,,,,,,,,,,,,,,,,,,,,,,,,,,,,,,,,,,,,,,,,,,,,,,,,,,,,,,,,,,,479256,001,2024-11-25_10h58.04.982,experiment,2023.2.3,Win32,147.0588235,5f481e6faaf9582bdcd9697b,67446fa89e86ac01e4128331,6744b2f23276a33e40b8aa95,,,,,,,,,,,,,,,,,,,,,,,,,,,,,,,,,,,,,,,,,,,1,,,,,,,,,,,,,2,,,,,,,,,,,,,,,,,,,,,,,,,,,,,,,,,,,,,,,,,,,,,,k,0.8587,,space,0.3649,,2,orange_gnome,2,1,dark_forest,yellow_basket,brown_gnome,2,7,bright_forest,red_basket,7,0,0,1,brown_gnome,bright_forest,red_basket,1983,2,-1,16,6,134,1,1,,,,,,,,,,,,,,,,,,,,,,,,,,,,,,,,,,,,,,,,,,,,,,,,,,,,,,,,,,,,,,,,,,,,,
,,,,,,,,,,,,,,,,,,,,,,,,,,,,,,,,,,,,,,,,,,,,,,,,,,,,,,,,,,,,,,,,,,479256,001,2024-11-25_10h58.04.982,experiment,2023.2.3,Win32,147.0588235,5f481e6faaf9582bdcd9697b,67446fa89e86ac01e4128331,6744b2f23276a33e40b8aa95,,,,,,,,,,,,,,,,,,,,,,,,,,,,,,,,,,,,,,,,,,,5,,,,,,,,,,,,,1,,,,,,,,,,,,,,,,,,,,,,,,,,,,,,,,,,,,,,,,,,,,,,s,0.5941,,space,0.5732,,1,blue_gnome,1,9,bright_forest,red_basket,yellow_gnome,1,0,dark_forest,yellow_basket,45,0,0,1,blue_gnome,bright_forest,red_basket,2028,5,-2,16,7,135,4,1,,,,,,,,,,,,,,,,,,,,,,,,,,,,,,,,,,,,,,,,,,,,,,,,,,,,,,,,,,,,,,,,,,,,,
,,,,,,,,,,,,,,,,,,,,,,,,,,,,,,,,,,,,,,,,,,,,,,,,,,,,,,,,,,,,,,,,,,479256,001,2024-11-25_10h58.04.982,experiment,2023.2.3,Win32,147.0588235,5f481e6faaf9582bdcd9697b,67446fa89e86ac01e4128331,6744b2f23276a33e40b8aa95,,,,,,,,,,,,,,,,,,,,,,,,,,,,,,,,,,,,,,,,,,,1,,,,,,,,,,,,,3,,,,,,,,,,,,,,,,,,,,,,,,,,,,,,,,,,,,,,,,,,,,,,s,1.1312,,space,0.3294,,3,purple_gnome,3,2,dark_forest,yellow_basket,green_gnome,3,4,bright_forest,red_basket,2,0,0,1,purple_gnome,dark_forest,yellow_basket,2030,-3,1,17,0,136,2,1,,,,,,,,,,,,,,,,,,,,,,,,,,,,,,,,,,,,,,,,,,,,,,,,,,,,,,,,,,,,,,,,,,,,,
,,,,,,,,,,,,,,,,,,,,,,,,,,,,,,,,,,,,,,,,,,,,,,,,,,,,,,,,,,,,,,,,,,479256,001,2024-11-25_10h58.04.982,experiment,2023.2.3,Win32,147.0588235,5f481e6faaf9582bdcd9697b,67446fa89e86ac01e4128331,6744b2f23276a33e40b8aa95,,,,,,,,,,,,,,,,,,,,,,,,,,,,,,,,,,,,,,,,,,,5,,,,,,,,,,,,,2,,,,,,,,,,,,,,,,,,,,,,,,,,,,,,,,,,,,,,,,,,,,,,k,1.4313,,space,0.5466,,2,orange_gnome,2,3,dark_forest,yellow_basket,brown_gnome,2,1,bright_forest,red_basket,5,0,0,1,brown_gnome,bright_forest,red_basket,2035,1,1,17,1,137,5,1,,,,,,,,,,,,,,,,,,,,,,,,,,,,,,,,,,,,,,,,,,,,,,,,,,,,,,,,,,,,,,,,,,,,,
,,,,,,,,,,,,,,,,,,,,,,,,,,,,,,,,,,,,,,,,,,,,,,,,,,,,,,,,,,,,,,,,,,479256,001,2024-11-25_10h58.04.982,experiment,2023.2.3,Win32,147.0588235,5f481e6faaf9582bdcd9697b,67446fa89e86ac01e4128331,6744b2f23276a33e40b8aa95,,,,,,,,,,,,,,,,,,,,,,,,,,,,,,,,,,,,,,,,,,,5,,,,,,,,,,,,,1,,,,,,,,,,,,,,,,,,,,,,,,,,,,,,,,,,,,,,,,,,,,,,s,0.7274,,space,0.4809,,1,blue_gnome,1,2,bright_forest,red_basket,yellow_gnome,1,4,dark_forest,yellow_basket,10,0,0,1,blue_gnome,bright_forest,red_basket,2045,-1,0,17,2,138,4,1,,,,,,,,,,,,,,,,,,,,,,,,,,,,,,,,,,,,,,,,,,,,,,,,,,,,,,,,,,,,,,,,,,,,,
,,,,,,,,,,,,,,,,,,,,,,,,,,,,,,,,,,,,,,,,,,,,,,,,,,,,,,,,,,,,,,,,,,479256,001,2024-11-25_10h58.04.982,experiment,2023.2.3,Win32,147.0588235,5f481e6faaf9582bdcd9697b,67446fa89e86ac01e4128331,6744b2f23276a33e40b8aa95,,,,,,,,,,,,,,,,,,,,,,,,,,,,,,,,,,,,,,,,,,,5,,,,,,,,,,,,,3,,,,,,,,,,,,,,,,,,,,,,,,,,,,,,,,,,,,,,,,,,,,,,s,1.0833,,space,0.316,,3,green_gnome,3,1,bright_forest,red_basket,purple_gnome,3,4,dark_forest,yellow_basket,5,0,0,1,green_gnome,bright_forest,red_basket,2050,2,-2,17,3,139,6,1,,,,,,,,,,,,,,,,,,,,,,,,,,,,,,,,,,,,,,,,,,,,,,,,,,,,,,,,,,,,,,,,,,,,,
,,,,,,,,,,,,,,,,,,,,,,,,,,,,,,,,,,,,,,,,,,,,,,,,,,,,,,,,,,,,,,,,,,479256,001,2024-11-25_10h58.04.982,experiment,2023.2.3,Win32,147.0588235,5f481e6faaf9582bdcd9697b,67446fa89e86ac01e4128331,6744b2f23276a33e40b8aa95,,,,,,,,,,,,,,,,,,,,,,,,,,,,,,,,,,,,,,,,,,,1,,,,,,,,,,,,,3,,,,,,,,,,,,,,,,,,,,,,,,,,,,,,,,,,,,,,,,,,,,,,k,0.8469,,space,0.2451,,3,green_gnome,3,3,bright_forest,red_basket,purple_gnome,3,2,dark_forest,yellow_basket,2,0,0,1,purple_gnome,dark_forest,yellow_basket,2052,0,2,17,4,140,2,1,,,,,,,,,,,,,,,,,,,,,,,,,,,,,,,,,,,,,,,,,,,,,,,,,,,,,,,,,,,,,,,,,,,,,
,,,,,,,,,,,,,,,,,,,,,,,,,,,,,,,,,,,,,,,,,,,,,,,,,,,,,,,,,,,,,,,,,,479256,001,2024-11-25_10h58.04.982,experiment,2023.2.3,Win32,147.0588235,5f481e6faaf9582bdcd9697b,67446fa89e86ac01e4128331,6744b2f23276a33e40b8aa95,,,,,,,,,,,,,,,,,,,,,,,,,,,,,,,,,,,,,,,,,,,1,,,,,,,,,,,,,4,,,,,,,,,,,,,,,,,,,,,,,,,,,,,,,,,,,,,,,,,,,,,,s,1.1242,,space,0.3179,,4,red_gnome,4,4,dark_forest,yellow_basket,pink_gnome,4,3,bright_forest,red_basket,4,0,0,1,red_gnome,dark_forest,yellow_basket,2056,0,-1,17,5,141,3,1,,,,,,,,,,,,,,,,,,,,,,,,,,,,,,,,,,,,,,,,,,,,,,,,,,,,,,,,,,,,,,,,,,,,,
,,,,,,,,,,,,,,,,,,,,,,,,,,,,,,,,,,,,,,,,,,,,,,,,,,,,,,,,,,,,,,,,,,479256,001,2024-11-25_10h58.04.982,experiment,2023.2.3,Win32,147.0588235,5f481e6faaf9582bdcd9697b,67446fa89e86ac01e4128331,6744b2f23276a33e40b8aa95,,,,,,,,,,,,,,,,,,,,,,,,,,,,,,,,,,,,,,,,,,,1,,,,,,,,,,,,,1,,,,,,,,,,,,,,,,,,,,,,,,,,,,,,,,,,,,,,,,,,,,,,s,0.7574,,space,0.2695,,1,blue_gnome,1,3,bright_forest,red_basket,yellow_gnome,1,3,dark_forest,yellow_basket,3,0,0,1,blue_gnome,bright_forest,red_basket,2059,3,-3,17,6,142,0,1,,,,,,,,,,,,,,,,,,,,,,,,,,,,,,,,,,,,,,,,,,,,,,,,,,,,,,,,,,,,,,,,,,,,,
,,,,,,,,,,,,,,,,,,,,,,,,,,,,,,,,,,,,,,,,,,,,,,,,,,,,,,,,,,,,,,,,,,479256,001,2024-11-25_10h58.04.982,experiment,2023.2.3,Win32,147.0588235,5f481e6faaf9582bdcd9697b,67446fa89e86ac01e4128331,6744b2f23276a33e40b8aa95,,,,,,,,,,,,,,,,,,,,,,,,,,,,,,,,,,,,,,,,,,,1,,,,,,,,,,,,,4,,,,,,,,,,,,,,,,,,,,,,,,,,,,,,,,,,,,,,,,,,,,,,k,0.9258,,space,0.3087,,4,red_gnome,4,0,dark_forest,yellow_basket,pink_gnome,4,6,bright_forest,red_basket,6,0,0,1,pink_gnome,bright_forest,red_basket,2065,-1,-2,17,7,143,3,1,,,,,,,,,,,,,,,,,,,,,,,,,,,,,,,,,,,,,,,,,,,,,,,,,,,,,,,,,,,,,,,,,,,,,
,,,,,,,,,,,,,,,,,,,,,,,,,,,,,,,,,,,,,,,,,,,,,,,,,,,,,,,,,,,,,,,,,,479256,001,2024-11-25_10h58.04.982,experiment,2023.2.3,Win32,147.0588235,5f481e6faaf9582bdcd9697b,67446fa89e86ac01e4128331,6744b2f23276a33e40b8aa95,,,,,,,,,,,,,,,,,,,,,,,,,,,,,,,,,,,,,,,,,,,1,,,,,,,,,,,,,1,,,,,,,,,,,,,,,,,,,,,,,,,,,,,,,,,,,,,,,,,,,,,,s,0.921,,space,0.2703,,1,blue_gnome,1,5,bright_forest,red_basket,yellow_gnome,1,2,dark_forest,yellow_basket,5,0,0,1,blue_gnome,bright_forest,red_basket,2070,0,2,18,0,144,0,1,,,,,,,,,,,,,,,,,,,,,,,,,,,,,,,,,,,,,,,,,,,,,,,,,,,,,,,,,,,,,,,,,,,,,
,,,,,,,,,,,,,,,,,,,,,,,,,,,,,,,,,,,,,,,,,,,,,,,,,,,,,,,,,,,,,,,,,,479256,001,2024-11-25_10h58.04.982,experiment,2023.2.3,Win32,147.0588235,5f481e6faaf9582bdcd9697b,67446fa89e86ac01e4128331,6744b2f23276a33e40b8aa95,,,,,,,,,,,,,,,,,,,,,,,,,,,,,,,,,,,,,,,,,,,1,,,,,,,,,,,,,4,,,,,,,,,,,,,,,,,,,,,,,,,,,,,,,,,,,,,,,,,,,,,,s,0.7014,,space,0.2336,,4,pink_gnome,4,5,bright_forest,red_basket,red_gnome,4,4,dark_forest,yellow_basket,5,0,0,1,pink_gnome,bright_forest,red_basket,2075,0,2,18,1,145,3,1,,,,,,,,,,,,,,,,,,,,,,,,,,,,,,,,,,,,,,,,,,,,,,,,,,,,,,,,,,,,,,,,,,,,,
,,,,,,,,,,,,,,,,,,,,,,,,,,,,,,,,,,,,,,,,,,,,,,,,,,,,,,,,,,,,,,,,,,479256,001,2024-11-25_10h58.04.982,experiment,2023.2.3,Win32,147.0588235,5f481e6faaf9582bdcd9697b,67446fa89e86ac01e4128331,6744b2f23276a33e40b8aa95,,,,,,,,,,,,,,,,,,,,,,,,,,,,,,,,,,,,,,,,,,,5,,,,,,,,,,,,,1,,,,,,,,,,,,,,,,,,,,,,,,,,,,,,,,,,,,,,,,,,,,,,k,0.6459,,space,0.3951,,1,yellow_gnome,1,6,dark_forest,yellow_basket,blue_gnome,1,5,bright_forest,red_basket,25,0,0,1,blue_gnome,bright_forest,red_basket,2100,0,1,18,2,146,4,1,,,,,,,,,,,,,,,,,,,,,,,,,,,,,,,,,,,,,,,,,,,,,,,,,,,,,,,,,,,,,,,,,,,,,
,,,,,,,,,,,,,,,,,,,,,,,,,,,,,,,,,,,,,,,,,,,,,,,,,,,,,,,,,,,,,,,,,,479256,001,2024-11-25_10h58.04.982,experiment,2023.2.3,Win32,147.0588235,5f481e6faaf9582bdcd9697b,67446fa89e86ac01e4128331,6744b2f23276a33e40b8aa95,,,,,,,,,,,,,,,,,,,,,,,,,,,,,,,,,,,,,,,,,,,1,,,,,,,,,,,,,3,,,,,,,,,,,,,,,,,,,,,,,,,,,,,,,,,,,,,,,,,,,,,,k,1.1244,,space,0.3748,,3,green_gnome,3,5,bright_forest,red_basket,purple_gnome,3,7,dark_forest,yellow_basket,7,0,0,1,purple_gnome,dark_forest,yellow_basket,2107,1,0,18,3,147,2,1,,,,,,,,,,,,,,,,,,,,,,,,,,,,,,,,,,,,,,,,,,,,,,,,,,,,,,,,,,,,,,,,,,,,,
,,,,,,,,,,,,,,,,,,,,,,,,,,,,,,,,,,,,,,,,,,,,,,,,,,,,,,,,,,,,,,,,,,479256,001,2024-11-25_10h58.04.982,experiment,2023.2.3,Win32,147.0588235,5f481e6faaf9582bdcd9697b,67446fa89e86ac01e4128331,6744b2f23276a33e40b8aa95,,,,,,,,,,,,,,,,,,,,,,,,,,,,,,,,,,,,,,,,,,,1,,,,,,,,,,,,,3,,,,,,,,,,,,,,,,,,,,,,,,,,,,,,,,,,,,,,,,,,,,,,k,0.5387,,space,0.2631,,3,green_gnome,3,6,bright_forest,red_basket,purple_gnome,3,7,dark_forest,yellow_basket,7,0,0,1,purple_gnome,dark_forest,yellow_basket,2114,0,2,18,4,148,2,1,,,,,,,,,,,,,,,,,,,,,,,,,,,,,,,,,,,,,,,,,,,,,,,,,,,,,,,,,,,,,,,,,,,,,
,,,,,,,,,,,,,,,,,,,,,,,,,,,,,,,,,,,,,,,,,,,,,,,,,,,,,,,,,,,,,,,,,,479256,001,2024-11-25_10h58.04.982,experiment,2023.2.3,Win32,147.0588235,5f481e6faaf9582bdcd9697b,67446fa89e86ac01e4128331,6744b2f23276a33e40b8aa95,,,,,,,,,,,,,,,,,,,,,,,,,,,,,,,,,,,,,,,,,,,1,,,,,,,,,,,,,1,,,,,,,,,,,,,,,,,,,,,,,,,,,,,,,,,,,,,,,,,,,,,,s,0.6655,,space,0.2683,,1,blue_gnome,1,6,bright_forest,red_basket,yellow_gnome,1,9,dark_forest,yellow_basket,6,0,0,1,blue_gnome,bright_forest,red_basket,2120,2,0,18,5,149,0,1,,,,,,,,,,,,,,,,,,,,,,,,,,,,,,,,,,,,,,,,,,,,,,,,,,,,,,,,,,,,,,,,,,,,,
,,,,,,,,,,,,,,,,,,,,,,,,,,,,,,,,,,,,,,,,,,,,,,,,,,,,,,,,,,,,,,,,,,479256,001,2024-11-25_10h58.04.982,experiment,2023.2.3,Win32,147.0588235,5f481e6faaf9582bdcd9697b,67446fa89e86ac01e4128331,6744b2f23276a33e40b8aa95,,,,,,,,,,,,,,,,,,,,,,,,,,,,,,,,,,,,,,,,,,,1,,,,,,,,,,,,,3,,,,,,,,,,,,,,,,,,,,,,,,,,,,,,,,,,,,,,,,,,,,,,s,0.6998,,space,0.2742,,3,purple_gnome,3,9,dark_forest,yellow_basket,green_gnome,3,8,bright_forest,red_basket,9,0,0,1,purple_gnome,dark_forest,yellow_basket,2129,-5,0,18,6,150,2,1,,,,,,,,,,,,,,,,,,,,,,,,,,,,,,,,,,,,,,,,,,,,,,,,,,,,,,,,,,,,,,,,,,,,,
,,,,,,,,,,,,,,,,,,,,,,,,,,,,,,,,,,,,,,,,,,,,,,,,,,,,,,,,,,,,,,,,,,479256,001,2024-11-25_10h58.04.982,experiment,2023.2.3,Win32,147.0588235,5f481e6faaf9582bdcd9697b,67446fa89e86ac01e4128331,6744b2f23276a33e40b8aa95,,,,,,,,,,,,,,,,,,,,,,,,,,,,,,,,,,,,,,,,,,,1,,,,,,,,,,,,,4,,,,,,,,,,,,,,,,,,,,,,,,,,,,,,,,,,,,,,,,,,,,,,s,0.8415,,space,0.4786,,4,pink_gnome,4,3,bright_forest,red_basket,red_gnome,4,9,dark_forest,yellow_basket,3,0,0,1,pink_gnome,bright_forest,red_basket,2132,-1,2,18,7,151,3,1,,,,,,,,,,,,,,,,,,,,,,,,,,,,,,,,,,,,,,,,,,,,,,,,,,,,,,,,,,,,,,,,,,,,,
,,,,,,,,,,,,,,,,,,,,,,,,,,,,,,,,,,,,,,,,,,,,,,,,,,,,,,,,,,,,,,,,,,479256,001,2024-11-25_10h58.04.982,experiment,2023.2.3,Win32,147.0588235,5f481e6faaf9582bdcd9697b,67446fa89e86ac01e4128331,6744b2f23276a33e40b8aa95,,,,,,,,,,,,,,,,,,,,,,,,,,,,,,,,,,,,,,,,,,,1,,,,,,,,,,,,,1,,,,,,,,,,,,,,,,,,,,,,,,,,,,,,,,,,,,,,,,,,,,,,s,0.5803,,space,0.29,,1,blue_gnome,1,2,bright_forest,red_basket,yellow_gnome,1,7,dark_forest,yellow_basket,2,0,0,1,blue_gnome,bright_forest,red_basket,2134,2,1,19,0,152,0,1,,,,,,,,,,,,,,,,,,,,,,,,,,,,,,,,,,,,,,,,,,,,,,,,,,,,,,,,,,,,,,,,,,,,,
,,,,,,,,,,,,,,,,,,,,,,,,,,,,,,,,,,,,,,,,,,,,,,,,,,,,,,,,,,,,,,,,,,479256,001,2024-11-25_10h58.04.982,experiment,2023.2.3,Win32,147.0588235,5f481e6faaf9582bdcd9697b,67446fa89e86ac01e4128331,6744b2f23276a33e40b8aa95,,,,,,,,,,,,,,,,,,,,,,,,,,,,,,,,,,,,,,,,,,,1,,,,,,,,,,,,,3,,,,,,,,,,,,,,,,,,,,,,,,,,,,,,,,,,,,,,,,,,,,,,s,0.7085,,space,0.3002,,3,purple_gnome,3,8,dark_forest,yellow_basket,green_gnome,3,4,bright_forest,red_basket,8,0,0,1,purple_gnome,dark_forest,yellow_basket,2142,1,0,19,1,153,2,1,,,,,,,,,,,,,,,,,,,,,,,,,,,,,,,,,,,,,,,,,,,,,,,,,,,,,,,,,,,,,,,,,,,,,
,,,,,,,,,,,,,,,,,,,,,,,,,,,,,,,,,,,,,,,,,,,,,,,,,,,,,,,,,,,,,,,,,,479256,001,2024-11-25_10h58.04.982,experiment,2023.2.3,Win32,147.0588235,5f481e6faaf9582bdcd9697b,67446fa89e86ac01e4128331,6744b2f23276a33e40b8aa95,,,,,,,,,,,,,,,,,,,,,,,,,,,,,,,,,,,,,,,,,,,5,,,,,,,,,,,,,3,,,,,,,,,,,,,,,,,,,,,,,,,,,,,,,,,,,,,,,,,,,,,,k,0.706,,space,0.2888,,3,green_gnome,3,5,bright_forest,red_basket,purple_gnome,3,8,dark_forest,yellow_basket,40,0,0,1,purple_gnome,dark_forest,yellow_basket,2182,-4,-3,19,2,154,6,1,,,,,,,,,,,,,,,,,,,,,,,,,,,,,,,,,,,,,,,,,,,,,,,,,,,,,,,,,,,,,,,,,,,,,
,,,,,,,,,,,,,,,,,,,,,,,,,,,,,,,,,,,,,,,,,,,,,,,,,,,,,,,,,,,,,,,,,,479256,001,2024-11-25_10h58.04.982,experiment,2023.2.3,Win32,147.0588235,5f481e6faaf9582bdcd9697b,67446fa89e86ac01e4128331,6744b2f23276a33e40b8aa95,,,,,,,,,,,,,,,,,,,,,,,,,,,,,,,,,,,,,,,,,,,1,,,,,,,,,,,,,1,,,,,,,,,,,,,,,,,,,,,,,,,,,,,,,,,,,,,,,,,,,,,,s,0.6048,,space,0.3022,,1,blue_gnome,1,1,bright_forest,red_basket,yellow_gnome,1,5,dark_forest,yellow_basket,1,0,0,1,blue_gnome,bright_forest,red_basket,2183,-2,-4,19,3,155,0,1,,,,,,,,,,,,,,,,,,,,,,,,,,,,,,,,,,,,,,,,,,,,,,,,,,,,,,,,,,,,,,,,,,,,,
,,,,,,,,,,,,,,,,,,,,,,,,,,,,,,,,,,,,,,,,,,,,,,,,,,,,,,,,,,,,,,,,,,479256,001,2024-11-25_10h58.04.982,experiment,2023.2.3,Win32,147.0588235,5f481e6faaf9582bdcd9697b,67446fa89e86ac01e4128331,6744b2f23276a33e40b8aa95,,,,,,,,,,,,,,,,,,,,,,,,,,,,,,,,,,,,,,,,,,,1,,,,,,,,,,,,,2,,,,,,,,,,,,,,,,,,,,,,,,,,,,,,,,,,,,,,,,,,,,,,s,0.8319,,space,0.3444,,2,brown_gnome,2,1,bright_forest,red_basket,orange_gnome,2,1,dark_forest,yellow_basket,1,0,0,1,brown_gnome,bright_forest,red_basket,2184,0,-2,19,4,156,1,1,,,,,,,,,,,,,,,,,,,,,,,,,,,,,,,,,,,,,,,,,,,,,,,,,,,,,,,,,,,,,,,,,,,,,
,,,,,,,,,,,,,,,,,,,,,,,,,,,,,,,,,,,,,,,,,,,,,,,,,,,,,,,,,,,,,,,,,,479256,001,2024-11-25_10h58.04.982,experiment,2023.2.3,Win32,147.0588235,5f481e6faaf9582bdcd9697b,67446fa89e86ac01e4128331,6744b2f23276a33e40b8aa95,,,,,,,,,,,,,,,,,,,,,,,,,,,,,,,,,,,,,,,,,,,5,,,,,,,,,,,,,3,,,,,,,,,,,,,,,,,,,,,,,,,,,,,,,,,,,,,,,,,,,,,,k,0.8062,,space,0.2796,,3,green_gnome,3,1,bright_forest,red_basket,purple_gnome,3,1,dark_forest,yellow_basket,5,0,0,1,purple_gnome,dark_forest,yellow_basket,2189,0,2,19,5,157,6,1,,,,,,,,,,,,,,,,,,,,,,,,,,,,,,,,,,,,,,,,,,,,,,,,,,,,,,,,,,,,,,,,,,,,,
,,,,,,,,,,,,,,,,,,,,,,,,,,,,,,,,,,,,,,,,,,,,,,,,,,,,,,,,,,,,,,,,,,479256,001,2024-11-25_10h58.04.982,experiment,2023.2.3,Win32,147.0588235,5f481e6faaf9582bdcd9697b,67446fa89e86ac01e4128331,6744b2f23276a33e40b8aa95,,,,,,,,,,,,,,,,,,,,,,,,,,,,,,,,,,,,,,,,,,,1,,,,,,,,,,,,,1,,,,,,,,,,,,,,,,,,,,,,,,,,,,,,,,,,,,,,,,,,,,,,k,0.6658,,space,0.4583,,1,yellow_gnome,1,3,dark_forest,yellow_basket,blue_gnome,1,1,bright_forest,red_basket,1,0,0,1,blue_gnome,bright_forest,red_basket,2190,2,3,19,6,158,0,1,,,,,,,,,,,,,,,,,,,,,,,,,,,,,,,,,,,,,,,,,,,,,,,,,,,,,,,,,,,,,,,,,,,,,
,,,,,,,,,,,,,,,,,,,,,,,,,,,,,,,,,,,,,,,,,,,,,,,,,,,,,,,,,,,,,,,,,,479256,001,2024-11-25_10h58.04.982,experiment,2023.2.3,Win32,147.0588235,5f481e6faaf9582bdcd9697b,67446fa89e86ac01e4128331,6744b2f23276a33e40b8aa95,,,,,,,,,,,,,,,,,,,,,,,,,,,,,,,,,,,,,,,,,,,5,,,,,,,,,,,,,3,,,,,,,,,,,,,,,,,,,,,,,,,,,,,,,,,,,,,,,,,,,,,,s,0.8615,,space,0.2902,,3,purple_gnome,3,6,dark_forest,yellow_basket,green_gnome,3,3,bright_forest,red_basket,30,0,0,1,purple_gnome,dark_forest,yellow_basket,2220,1,2,19,7,159,6,1,,,,,,,,,,,,,,,,,,,,,,,,,,,,,,,,,,,,,,,,,,,,,,,,,,,,,,,,,,,,,,,,,,,,,
,,,,,,,,,,,,,,,,,,,,,,,,,,,,,,,,,,,,,,,,,,,,,,,,,,,,,,,,,,,,,,,,,,479256,001,2024-11-25_10h58.04.982,experiment,2023.2.3,Win32,147.0588235,5f481e6faaf9582bdcd9697b,67446fa89e86ac01e4128331,6744b2f23276a33e40b8aa95,,,,,,,,,,,,,,,,,,,,,,,,,,,,,,,,,,,,,,,,,,,1,,,,,,,,,,,,,3,,,,,,,,,,,,,,,,,,,,,,,,,,,,,,,,,,,,,,,,,,,,,,s,0.6872,,space,0.2629,,3,purple_gnome,3,8,dark_forest,yellow_basket,green_gnome,3,4,bright_forest,red_basket,8,0,0,1,purple_gnome,dark_forest,yellow_basket,2228,-2,2,20,0,160,2,1,,,,,,,,,,,,,,,,,,,,,,,,,,,,,,,,,,,,,,,,,,,,,,,,,,,,,,,,,,,,,,,,,,,,,
,,,,,,,,,,,,,,,,,,,,,,,,,,,,,,,,,,,,,,,,,,,,,,,,,,,,,,,,,,,,,,,,,,479256,001,2024-11-25_10h58.04.982,experiment,2023.2.3,Win32,147.0588235,5f481e6faaf9582bdcd9697b,67446fa89e86ac01e4128331,6744b2f23276a33e40b8aa95,,,,,,,,,,,,,,,,,,,,,,,,,,,,,,,,,,,,,,,,,,,5,,,,,,,,,,,,,2,,,,,,,,,,,,,,,,,,,,,,,,,,,,,,,,,,,,,,,,,,,,,,s,0.7534,,space,0.3128,,2,brown_gnome,2,2,bright_forest,red_basket,orange_gnome,2,8,dark_forest,yellow_basket,10,0,0,1,brown_gnome,bright_forest,red_basket,2238,0,1,20,1,161,5,1,,,,,,,,,,,,,,,,,,,,,,,,,,,,,,,,,,,,,,,,,,,,,,,,,,,,,,,,,,,,,,,,,,,,,
,,,,,,,,,,,,,,,,,,,,,,,,,,,,,,,,,,,,,,,,,,,,,,,,,,,,,,,,,,,,,,,,,,479256,001,2024-11-25_10h58.04.982,experiment,2023.2.3,Win32,147.0588235,5f481e6faaf9582bdcd9697b,67446fa89e86ac01e4128331,6744b2f23276a33e40b8aa95,,,,,,,,,,,,,,,,,,,,,,,,,,,,,,,,,,,,,,,,,,,1,,,,,,,,,,,,,2,,,,,,,,,,,,,,,,,,,,,,,,,,,,,,,,,,,,,,,,,,,,,,s,0.6848,,space,0.2748,,2,brown_gnome,2,2,bright_forest,red_basket,orange_gnome,2,9,dark_forest,yellow_basket,2,0,0,1,brown_gnome,bright_forest,red_basket,2240,0,-1,20,2,162,1,1,,,,,,,,,,,,,,,,,,,,,,,,,,,,,,,,,,,,,,,,,,,,,,,,,,,,,,,,,,,,,,,,,,,,,
,,,,,,,,,,,,,,,,,,,,,,,,,,,,,,,,,,,,,,,,,,,,,,,,,,,,,,,,,,,,,,,,,,479256,001,2024-11-25_10h58.04.982,experiment,2023.2.3,Win32,147.0588235,5f481e6faaf9582bdcd9697b,67446fa89e86ac01e4128331,6744b2f23276a33e40b8aa95,,,,,,,,,,,,,,,,,,,,,,,,,,,,,,,,,,,,,,,,,,,5,,,,,,,,,,,,,3,,,,,,,,,,,,,,,,,,,,,,,,,,,,,,,,,,,,,,,,,,,,,,s,0.9101,,space,0.2281,,3,purple_gnome,3,8,dark_forest,yellow_basket,green_gnome,3,2,bright_forest,red_basket,40,0,0,1,purple_gnome,dark_forest,yellow_basket,2280,2,-1,20,3,163,6,1,,,,,,,,,,,,,,,,,,,,,,,,,,,,,,,,,,,,,,,,,,,,,,,,,,,,,,,,,,,,,,,,,,,,,
,,,,,,,,,,,,,,,,,,,,,,,,,,,,,,,,,,,,,,,,,,,,,,,,,,,,,,,,,,,,,,,,,,479256,001,2024-11-25_10h58.04.982,experiment,2023.2.3,Win32,147.0588235,5f481e6faaf9582bdcd9697b,67446fa89e86ac01e4128331,6744b2f23276a33e40b8aa95,,,,,,,,,,,,,,,,,,,,,,,,,,,,,,,,,,,,,,,,,,,5,,,,,,,,,,,,,4,,,,,,,,,,,,,,,,,,,,,,,,,,,,,,,,,,,,,,,,,,,,,,s,0.9085,,space,0.3137,,4,pink_gnome,4,4,bright_forest,red_basket,red_gnome,4,7,dark_forest,yellow_basket,20,0,0,1,pink_gnome,bright_forest,red_basket,2300,-1,-1,20,4,164,7,1,,,,,,,,,,,,,,,,,,,,,,,,,,,,,,,,,,,,,,,,,,,,,,,,,,,,,,,,,,,,,,,,,,,,,
,,,,,,,,,,,,,,,,,,,,,,,,,,,,,,,,,,,,,,,,,,,,,,,,,,,,,,,,,,,,,,,,,,479256,001,2024-11-25_10h58.04.982,experiment,2023.2.3,Win32,147.0588235,5f481e6faaf9582bdcd9697b,67446fa89e86ac01e4128331,6744b2f23276a33e40b8aa95,,,,,,,,,,,,,,,,,,,,,,,,,,,,,,,,,,,,,,,,,,,1,,,,,,,,,,,,,4,,,,,,,,,,,,,,,,,,,,,,,,,,,,,,,,,,,,,,,,,,,,,,s,1.2587,,space,0.2303,,4,red_gnome,4,6,dark_forest,yellow_basket,pink_gnome,4,3,bright_forest,red_basket,6,0,0,1,red_gnome,dark_forest,yellow_basket,2306,0,-1,20,5,165,3,1,,,,,,,,,,,,,,,,,,,,,,,,,,,,,,,,,,,,,,,,,,,,,,,,,,,,,,,,,,,,,,,,,,,,,
,,,,,,,,,,,,,,,,,,,,,,,,,,,,,,,,,,,,,,,,,,,,,,,,,,,,,,,,,,,,,,,,,,479256,001,2024-11-25_10h58.04.982,experiment,2023.2.3,Win32,147.0588235,5f481e6faaf9582bdcd9697b,67446fa89e86ac01e4128331,6744b2f23276a33e40b8aa95,,,,,,,,,,,,,,,,,,,,,,,,,,,,,,,,,,,,,,,,,,,1,,,,,,,,,,,,,4,,,,,,,,,,,,,,,,,,,,,,,,,,,,,,,,,,,,,,,,,,,,,,s,1.4899,,space,0.4543,,4,pink_gnome,4,3,bright_forest,red_basket,red_gnome,4,5,dark_forest,yellow_basket,3,0,0,1,pink_gnome,bright_forest,red_basket,2309,-1,-4,20,6,166,3,1,,,,,,,,,,,,,,,,,,,,,,,,,,,,,,,,,,,,,,,,,,,,,,,,,,,,,,,,,,,,,,,,,,,,,
,,,,,,,,,,,,,,,,,,,,,,,,,,,,,,,,,,,,,,,,,,,,,,,,,,,,,,,,,,,,,,,,,,479256,001,2024-11-25_10h58.04.982,experiment,2023.2.3,Win32,147.0588235,5f481e6faaf9582bdcd9697b,67446fa89e86ac01e4128331,6744b2f23276a33e40b8aa95,,,,,,,,,,,,,,,,,,,,,,,,,,,,,,,,,,,,,,,,,,,1,,,,,,,,,,,,,4,,,,,,,,,,,,,,,,,,,,,,,,,,,,,,,,,,,,,,,,,,,,,,s,1.0475,,space,0.2255,,4,red_gnome,4,1,dark_forest,yellow_basket,pink_gnome,4,2,bright_forest,red_basket,1,0,0,1,red_gnome,dark_forest,yellow_basket,2310,-3,-1,20,7,167,3,1,,,,,,,,,,,,,,,,,,,,,,,,,,,,,,,,,,,,,,,,,,,,,,,,,,,,,,,,,,,,,,,,,,,,,
,,,,,,,,,,,,,,,,,,,,,,,,,,,,,,,,,,,,,,,,,,,,,,,,,,,,,,,,,,,,,,,,,,479256,001,2024-11-25_10h58.04.982,experiment,2023.2.3,Win32,147.0588235,5f481e6faaf9582bdcd9697b,67446fa89e86ac01e4128331,6744b2f23276a33e40b8aa95,,,,,,,,,,,,,,,,,,,,,,,,,,,,,,,,,,,,,,,,,,,5,,,,,,,,,,,,,2,,,,,,,,,,,,,,,,,,,,,,,,,,,,,,,,,,,,,,,,,,,,,,s,0.9652,,space,0.2576,,2,brown_gnome,2,1,bright_forest,red_basket,orange_gnome,2,0,dark_forest,yellow_basket,5,0,0,1,brown_gnome,bright_forest,red_basket,2315,3,0,21,0,168,5,1,,,,,,,,,,,,,,,,,,,,,,,,,,,,,,,,,,,,,,,,,,,,,,,,,,,,,,,,,,,,,,,,,,,,,
,,,,,,,,,,,,,,,,,,,,,,,,,,,,,,,,,,,,,,,,,,,,,,,,,,,,,,,,,,,,,,,,,,479256,001,2024-11-25_10h58.04.982,experiment,2023.2.3,Win32,147.0588235,5f481e6faaf9582bdcd9697b,67446fa89e86ac01e4128331,6744b2f23276a33e40b8aa95,,,,,,,,,,,,,,,,,,,,,,,,,,,,,,,,,,,,,,,,,,,1,,,,,,,,,,,,,2,,,,,,,,,,,,,,,,,,,,,,,,,,,,,,,,,,,,,,,,,,,,,,k,0.9228,,space,0.2392,,2,brown_gnome,2,4,bright_forest,red_basket,orange_gnome,2,0,dark_forest,yellow_basket,0,0,0,1,orange_gnome,dark_forest,yellow_basket,2315,0,0,21,1,169,1,1,,,,,,,,,,,,,,,,,,,,,,,,,,,,,,,,,,,,,,,,,,,,,,,,,,,,,,,,,,,,,,,,,,,,,
,,,,,,,,,,,,,,,,,,,,,,,,,,,,,,,,,,,,,,,,,,,,,,,,,,,,,,,,,,,,,,,,,,479256,001,2024-11-25_10h58.04.982,experiment,2023.2.3,Win32,147.0588235,5f481e6faaf9582bdcd9697b,67446fa89e86ac01e4128331,6744b2f23276a33e40b8aa95,,,,,,,,,,,,,,,,,,,,,,,,,,,,,,,,,,,,,,,,,,,5,,,,,,,,,,,,,3,,,,,,,,,,,,,,,,,,,,,,,,,,,,,,,,,,,,,,,,,,,,,,s,1.0266,,space,0.3535,,3,purple_gnome,3,0,dark_forest,yellow_basket,green_gnome,3,4,bright_forest,red_basket,0,0,0,1,purple_gnome,dark_forest,yellow_basket,2315,0,0,21,2,170,6,1,,,,,,,,,,,,,,,,,,,,,,,,,,,,,,,,,,,,,,,,,,,,,,,,,,,,,,,,,,,,,,,,,,,,,
,,,,,,,,,,,,,,,,,,,,,,,,,,,,,,,,,,,,,,,,,,,,,,,,,,,,,,,,,,,,,,,,,,479256,001,2024-11-25_10h58.04.982,experiment,2023.2.3,Win32,147.0588235,5f481e6faaf9582bdcd9697b,67446fa89e86ac01e4128331,6744b2f23276a33e40b8aa95,,,,,,,,,,,,,,,,,,,,,,,,,,,,,,,,,,,,,,,,,,,5,,,,,,,,,,,,,1,,,,,,,,,,,,,,,,,,,,,,,,,,,,,,,,,,,,,,,,,,,,,,s,0.8682,,space,0.2621,,1,blue_gnome,1,4,bright_forest,red_basket,yellow_gnome,1,0,dark_forest,yellow_basket,20,0,0,1,blue_gnome,bright_forest,red_basket,2335,2,1,21,3,171,4,1,,,,,,,,,,,,,,,,,,,,,,,,,,,,,,,,,,,,,,,,,,,,,,,,,,,,,,,,,,,,,,,,,,,,,
,,,,,,,,,,,,,,,,,,,,,,,,,,,,,,,,,,,,,,,,,,,,,,,,,,,,,,,,,,,,,,,,,,479256,001,2024-11-25_10h58.04.982,experiment,2023.2.3,Win32,147.0588235,5f481e6faaf9582bdcd9697b,67446fa89e86ac01e4128331,6744b2f23276a33e40b8aa95,,,,,,,,,,,,,,,,,,,,,,,,,,,,,,,,,,,,,,,,,,,1,,,,,,,,,,,,,2,,,,,,,,,,,,,,,,,,,,,,,,,,,,,,,,,,,,,,,,,,,,,,s,0.7571,,space,0.2586,,2,brown_gnome,2,6,bright_forest,red_basket,orange_gnome,2,1,dark_forest,yellow_basket,6,0,0,1,brown_gnome,bright_forest,red_basket,2341,2,-1,21,4,172,1,1,,,,,,,,,,,,,,,,,,,,,,,,,,,,,,,,,,,,,,,,,,,,,,,,,,,,,,,,,,,,,,,,,,,,,
,,,,,,,,,,,,,,,,,,,,,,,,,,,,,,,,,,,,,,,,,,,,,,,,,,,,,,,,,,,,,,,,,,479256,001,2024-11-25_10h58.04.982,experiment,2023.2.3,Win32,147.0588235,5f481e6faaf9582bdcd9697b,67446fa89e86ac01e4128331,6744b2f23276a33e40b8aa95,,,,,,,,,,,,,,,,,,,,,,,,,,,,,,,,,,,,,,,,,,,1,,,,,,,,,,,,,2,,,,,,,,,,,,,,,,,,,,,,,,,,,,,,,,,,,,,,,,,,,,,,k,0.8742,,space,0.2771,,2,orange_gnome,2,0,dark_forest,yellow_basket,brown_gnome,2,8,bright_forest,red_basket,8,0,0,1,brown_gnome,bright_forest,red_basket,2349,3,3,21,5,173,1,1,,,,,,,,,,,,,,,,,,,,,,,,,,,,,,,,,,,,,,,,,,,,,,,,,,,,,,,,,,,,,,,,,,,,,
,,,,,,,,,,,,,,,,,,,,,,,,,,,,,,,,,,,,,,,,,,,,,,,,,,,,,,,,,,,,,,,,,,479256,001,2024-11-25_10h58.04.982,experiment,2023.2.3,Win32,147.0588235,5f481e6faaf9582bdcd9697b,67446fa89e86ac01e4128331,6744b2f23276a33e40b8aa95,,,,,,,,,,,,,,,,,,,,,,,,,,,,,,,,,,,,,,,,,,,5,,,,,,,,,,,,,2,,,,,,,,,,,,,,,,,,,,,,,,,,,,,,,,,,,,,,,,,,,,,,k,0.5284,,space,0.2515,,2,orange_gnome,2,3,dark_forest,yellow_basket,brown_gnome,2,7,bright_forest,red_basket,35,0,0,1,brown_gnome,bright_forest,red_basket,2384,-4,1,21,6,174,5,1,,,,,,,,,,,,,,,,,,,,,,,,,,,,,,,,,,,,,,,,,,,,,,,,,,,,,,,,,,,,,,,,,,,,,
,,,,,,,,,,,,,,,,,,,,,,,,,,,,,,,,,,,,,,,,,,,,,,,,,,,,,,,,,,,,,,,,,,479256,001,2024-11-25_10h58.04.982,experiment,2023.2.3,Win32,147.0588235,5f481e6faaf9582bdcd9697b,67446fa89e86ac01e4128331,6744b2f23276a33e40b8aa95,,,,,,,,,,,,,,,,,,,,,,,,,,,,,,,,,,,,,,,,,,,5,,,,,,,,,,,,,4,,,,,,,,,,,,,,,,,,,,,,,,,,,,,,,,,,,,,,,,,,,,,,k,1.0535,,space,0.2751,,4,red_gnome,4,4,dark_forest,yellow_basket,pink_gnome,4,3,bright_forest,red_basket,15,0,0,1,pink_gnome,bright_forest,red_basket,2399,-1,-1,21,7,175,7,1,,,,,,,,,,,,,,,,,,,,,,,,,,,,,,,,,,,,,,,,,,,,,,,,,,,,,,,,,,,,,,,,,,,,,
,,,,,,,,,,,,,,,,,,,,,,,,,,,,,,,,,,,,,,,,,,,,,,,,,,,,,,,,,,,,,,,,,,479256,001,2024-11-25_10h58.04.982,experiment,2023.2.3,Win32,147.0588235,5f481e6faaf9582bdcd9697b,67446fa89e86ac01e4128331,6744b2f23276a33e40b8aa95,,,,,,,,,,,,,,,,,,,,,,,,,,,,,,,,,,,,,,,,,,,1,,,,,,,,,,,,,4,,,,,,,,,,,,,,,,,,,,,,,,,,,,,,,,,,,,,,,,,,,,,,k,1.0549,,space,0.2299,,4,pink_gnome,4,2,bright_forest,red_basket,red_gnome,4,3,dark_forest,yellow_basket,3,0,0,1,red_gnome,dark_forest,yellow_basket,2402,-2,2,22,0,176,3,1,,,,2913.3198,2923.3222,,,,,,,,,,,,,,,,,,,,,,,,,,,,,,,,,,,,,,,,,,,,,,,,,,,,,,,,,,,,,,,,
,,,,,,,,,,,,,,,,,,,,,,,,,,,,,,,,,,,,,,,,,,,,,,,,,,,,,,,,,,,,,,,,,,479256,001,2024-11-25_10h58.04.982,experiment,2023.2.3,Win32,147.0588235,5f481e6faaf9582bdcd9697b,67446fa89e86ac01e4128331,6744b2f23276a33e40b8aa95,,,,,,,,,,,,,,,,,,,,,,,,,,,,,,,,,,,,,,,,,,,5,,,,,,,,,,,,,3,,,,,,,,,,,,,,,,,,,,,,,,,,,,,,,,,,,,,,,,,,,,,,k,0.8326,,space,0.3004,,3,green_gnome,3,0,bright_forest,red_basket,purple_gnome,3,5,dark_forest,yellow_basket,25,0,0,1,purple_gnome,dark_forest,yellow_basket,2427,1,4,22,1,177,6,1,,,,,,,,,,,,,,,,,,,,,,,,,,,,,,,,,,,,,,,,,,,,,,,,,,,,,,,,,,,,,,,,,,,,,
,,,,,,,,,,,,,,,,,,,,,,,,,,,,,,,,,,,,,,,,,,,,,,,,,,,,,,,,,,,,,,,,,,479256,001,2024-11-25_10h58.04.982,experiment,2023.2.3,Win32,147.0588235,5f481e6faaf9582bdcd9697b,67446fa89e86ac01e4128331,6744b2f23276a33e40b8aa95,,,,,,,,,,,,,,,,,,,,,,,,,,,,,,,,,,,,,,,,,,,5,,,,,,,,,,,,,2,,,,,,,,,,,,,,,,,,,,,,,,,,,,,,,,,,,,,,,,,,,,,,s,0.7768,,space,0.2496,,2,brown_gnome,2,1,bright_forest,red_basket,orange_gnome,2,9,dark_forest,yellow_basket,5,0,0,1,brown_gnome,bright_forest,red_basket,2432,0,-1,22,2,178,5,1,,,,,,,,,,,,,,,,,,,,,,,,,,,,,,,,,,,,,,,,,,,,,,,,,,,,,,,,,,,,,,,,,,,,,
,,,,,,,,,,,,,,,,,,,,,,,,,,,,,,,,,,,,,,,,,,,,,,,,,,,,,,,,,,,,,,,,,,479256,001,2024-11-25_10h58.04.982,experiment,2023.2.3,Win32,147.0588235,5f481e6faaf9582bdcd9697b,67446fa89e86ac01e4128331,6744b2f23276a33e40b8aa95,,,,,,,,,,,,,,,,,,,,,,,,,,,,,,,,,,,,,,,,,,,1,,,,,,,,,,,,,4,,,,,,,,,,,,,,,,,,,,,,,,,,,,,,,,,,,,,,,,,,,,,,k,1.0844,,space,0.2815,,4,red_gnome,4,8,dark_forest,yellow_basket,pink_gnome,4,1,bright_forest,red_basket,1,0,0,1,pink_gnome,bright_forest,red_basket,2433,-2,-2,22,3,179,3,1,,,,,,,,,,,,,,,,,,,,,,,,,,,,,,,,,,,,,,,,,,,,,,,,,,,,,,,,,,,,,,,,,,,,,
,,,,,,,,,,,,,,,,,,,,,,,,,,,,,,,,,,,,,,,,,,,,,,,,,,,,,,,,,,,,,,,,,,479256,001,2024-11-25_10h58.04.982,experiment,2023.2.3,Win32,147.0588235,5f481e6faaf9582bdcd9697b,67446fa89e86ac01e4128331,6744b2f23276a33e40b8aa95,,,,,,,,,,,,,,,,,,,,,,,,,,,,,,,,,,,,,,,,,,,5,,,,,,,,,,,,,4,,,,,,,,,,,,,,,,,,,,,,,,,,,,,,,,,,,,,,,,,,,,,,s,0.8463,,space,0.2572,,4,pink_gnome,4,1,bright_forest,red_basket,red_gnome,4,6,dark_forest,yellow_basket,5,0,0,1,pink_gnome,bright_forest,red_basket,2438,-1,-1,22,4,180,7,1,,,,,,,,,,,,,,,,,,,,,,,,,,,,,,,,,,,,,,,,,,,,,,,,,,,,,,,,,,,,,,,,,,,,,
,,,,,,,,,,,,,,,,,,,,,,,,,,,,,,,,,,,,,,,,,,,,,,,,,,,,,,,,,,,,,,,,,,479256,001,2024-11-25_10h58.04.982,experiment,2023.2.3,Win32,147.0588235,5f481e6faaf9582bdcd9697b,67446fa89e86ac01e4128331,6744b2f23276a33e40b8aa95,,,,,,,,,,,,,,,,,,,,,,,,,,,,,,,,,,,,,,,,,,,1,,,,,,,,,,,,,3,,,,,,,,,,,,,,,,,,,,,,,,,,,,,,,,,,,,,,,,,,,,,,s,0.9511,,space,0.2683,,3,green_gnome,3,0,bright_forest,red_basket,purple_gnome,3,5,dark_forest,yellow_basket,0,0,0,1,green_gnome,bright_forest,red_basket,2438,2,3,22,5,181,2,1,,,,,,,,,,,,,,,,,,,,,,,,,,,,,,,,,,,,,,,,,,,,,,,,,,,,,,,,,,,,,,,,,,,,,
,,,,,,,,,,,,,,,,,,,,,,,,,,,,,,,,,,,,,,,,,,,,,,,,,,,,,,,,,,,,,,,,,,479256,001,2024-11-25_10h58.04.982,experiment,2023.2.3,Win32,147.0588235,5f481e6faaf9582bdcd9697b,67446fa89e86ac01e4128331,6744b2f23276a33e40b8aa95,,,,,,,,,,,,,,,,,,,,,,,,,,,,,,,,,,,,,,,,,,,5,,,,,,,,,,,,,4,,,,,,,,,,,,,,,,,,,,,,,,,,,,,,,,,,,,,,,,,,,,,,k,0.8197,,space,0.2813,,4,red_gnome,4,8,dark_forest,yellow_basket,pink_gnome,4,2,bright_forest,red_basket,10,0,0,1,pink_gnome,bright_forest,red_basket,2448,-1,3,22,6,182,7,1,,,,,,,,,,,,,,,,,,,,,,,,,,,,,,,,,,,,,,,,,,,,,,,,,,,,,,,,,,,,,,,,,,,,,
,,,,,,,,,,,,,,,,,,,,,,,,,,,,,,,,,,,,,,,,,,,,,,,,,,,,,,,,,,,,,,,,,,479256,001,2024-11-25_10h58.04.982,experiment,2023.2.3,Win32,147.0588235,5f481e6faaf9582bdcd9697b,67446fa89e86ac01e4128331,6744b2f23276a33e40b8aa95,,,,,,,,,,,,,,,,,,,,,,,,,,,,,,,,,,,,,,,,,,,5,,,,,,,,,,,,,2,,,,,,,,,,,,,,,,,,,,,,,,,,,,,,,,,,,,,,,,,,,,,,s,0.9345,,space,0.2767,,2,brown_gnome,2,1,bright_forest,red_basket,orange_gnome,2,7,dark_forest,yellow_basket,5,0,0,1,brown_gnome,bright_forest,red_basket,2453,0,2,22,7,183,5,1,,,,,,,,,,,,,,,,,,,,,,,,,,,,,,,,,,,,,,,,,,,,,,,,,,,,,,,,,,,,,,,,,,,,,
,,,,,,,,,,,,,,,,,,,,,,,,,,,,,,,,,,,,,,,,,,,,,,,,,,,,,,,,,,,,,,,,,,479256,001,2024-11-25_10h58.04.982,experiment,2023.2.3,Win32,147.0588235,5f481e6faaf9582bdcd9697b,67446fa89e86ac01e4128331,6744b2f23276a33e40b8aa95,,,,,,,,,,,,,,,,,,,,,,,,,,,,,,,,,,,,,,,,,,,5,,,,,,,,,,,,,4,,,,,,,,,,,,,,,,,,,,,,,,,,,,,,,,,,,,,,,,,,,,,,s,0.7354,,space,0.3899,,4,red_gnome,4,9,dark_forest,yellow_basket,pink_gnome,4,1,bright_forest,red_basket,45,0,0,1,red_gnome,dark_forest,yellow_basket,2498,-4,2,23,0,184,7,1,,,,,,,,,,,,,,,,,,,,,,,,,,,,,,,,,,,,,,,,,,,,,,,,,,,,,,,,,,,,,,,,,,,,,
,,,,,,,,,,,,,,,,,,,,,,,,,,,,,,,,,,,,,,,,,,,,,,,,,,,,,,,,,,,,,,,,,,479256,001,2024-11-25_10h58.04.982,experiment,2023.2.3,Win32,147.0588235,5f481e6faaf9582bdcd9697b,67446fa89e86ac01e4128331,6744b2f23276a33e40b8aa95,,,,,,,,,,,,,,,,,,,,,,,,,,,,,,,,,,,,,,,,,,,5,,,,,,,,,,,,,4,,,,,,,,,,,,,,,,,,,,,,,,,,,,,,,,,,,,,,,,,,,,,,k,0.6422,,space,0.262,,4,pink_gnome,4,3,bright_forest,red_basket,red_gnome,4,7,dark_forest,yellow_basket,35,0,0,1,red_gnome,dark_forest,yellow_basket,2533,2,-4,23,1,185,7,1,,,,,,,,,,,,,,,,,,,,,,,,,,,,,,,,,,,,,,,,,,,,,,,,,,,,,,,,,,,,,,,,,,,,,
,,,,,,,,,,,,,,,,,,,,,,,,,,,,,,,,,,,,,,,,,,,,,,,,,,,,,,,,,,,,,,,,,,479256,001,2024-11-25_10h58.04.982,experiment,2023.2.3,Win32,147.0588235,5f481e6faaf9582bdcd9697b,67446fa89e86ac01e4128331,6744b2f23276a33e40b8aa95,,,,,,,,,,,,,,,,,,,,,,,,,,,,,,,,,,,,,,,,,,,5,,,,,,,,,,,,,3,,,,,,,,,,,,,,,,,,,,,,,,,,,,,,,,,,,,,,,,,,,,,,s,0.9938,,space,0.2718,,3,purple_gnome,3,3,dark_forest,yellow_basket,green_gnome,3,5,bright_forest,red_basket,15,0,0,1,purple_gnome,dark_forest,yellow_basket,2548,2,-4,23,2,186,6,1,,,,,,,,,,,,,,,,,,,,,,,,,,,,,,,,,,,,,,,,,,,,,,,,,,,,,,,,,,,,,,,,,,,,,
,,,,,,,,,,,,,,,,,,,,,,,,,,,,,,,,,,,,,,,,,,,,,,,,,,,,,,,,,,,,,,,,,,479256,001,2024-11-25_10h58.04.982,experiment,2023.2.3,Win32,147.0588235,5f481e6faaf9582bdcd9697b,67446fa89e86ac01e4128331,6744b2f23276a33e40b8aa95,,,,,,,,,,,,,,,,,,,,,,,,,,,,,,,,,,,,,,,,,,,5,,,,,,,,,,,,,4,,,,,,,,,,,,,,,,,,,,,,,,,,,,,,,,,,,,,,,,,,,,,,k,1.0575,,space,0.2356,,4,pink_gnome,4,7,bright_forest,red_basket,red_gnome,4,1,dark_forest,yellow_basket,5,0,0,1,red_gnome,dark_forest,yellow_basket,2553,-1,3,23,3,187,7,1,,,,,,,,,,,,,,,,,,,,,,,,,,,,,,,,,,,,,,,,,,,,,,,,,,,,,,,,,,,,,,,,,,,,,
,,,,,,,,,,,,,,,,,,,,,,,,,,,,,,,,,,,,,,,,,,,,,,,,,,,,,,,,,,,,,,,,,,479256,001,2024-11-25_10h58.04.982,experiment,2023.2.3,Win32,147.0588235,5f481e6faaf9582bdcd9697b,67446fa89e86ac01e4128331,6744b2f23276a33e40b8aa95,,,,,,,,,,,,,,,,,,,,,,,,,,,,,,,,,,,,,,,,,,,1,,,,,,,,,,,,,4,,,,,,,,,,,,,,,,,,,,,,,,,,,,,,,,,,,,,,,,,,,,,,s,0.7743,,space,0.284,,4,red_gnome,4,4,dark_forest,yellow_basket,pink_gnome,4,6,bright_forest,red_basket,4,0,0,1,red_gnome,dark_forest,yellow_basket,2557,1,1,23,4,188,3,1,,,,,,,,,,,,,,,,,,,,,,,,,,,,,,,,,,,,,,,,,,,,,,,,,,,,,,,,,,,,,,,,,,,,,
,,,,,,,,,,,,,,,,,,,,,,,,,,,,,,,,,,,,,,,,,,,,,,,,,,,,,,,,,,,,,,,,,,479256,001,2024-11-25_10h58.04.982,experiment,2023.2.3,Win32,147.0588235,5f481e6faaf9582bdcd9697b,67446fa89e86ac01e4128331,6744b2f23276a33e40b8aa95,,,,,,,,,,,,,,,,,,,,,,,,,,,,,,,,,,,,,,,,,,,5,,,,,,,,,,,,,2,,,,,,,,,,,,,,,,,,,,,,,,,,,,,,,,,,,,,,,,,,,,,,k,0.8885,,space,0.2325,,2,brown_gnome,2,7,bright_forest,red_basket,orange_gnome,2,5,dark_forest,yellow_basket,25,0,0,1,orange_gnome,dark_forest,yellow_basket,2582,1,2,23,5,189,5,1,,,,,,,,,,,,,,,,,,,,,,,,,,,,,,,,,,,,,,,,,,,,,,,,,,,,,,,,,,,,,,,,,,,,,
,,,,,,,,,,,,,,,,,,,,,,,,,,,,,,,,,,,,,,,,,,,,,,,,,,,,,,,,,,,,,,,,,,479256,001,2024-11-25_10h58.04.982,experiment,2023.2.3,Win32,147.0588235,5f481e6faaf9582bdcd9697b,67446fa89e86ac01e4128331,6744b2f23276a33e40b8aa95,,,,,,,,,,,,,,,,,,,,,,,,,,,,,,,,,,,,,,,,,,,1,,,,,,,,,,,,,3,,,,,,,,,,,,,,,,,,,,,,,,,,,,,,,,,,,,,,,,,,,,,,s,0.8102,,space,0.2509,,3,green_gnome,3,8,bright_forest,red_basket,purple_gnome,3,7,dark_forest,yellow_basket,8,0,0,1,green_gnome,bright_forest,red_basket,2590,-3,0,23,6,190,2,1,,,,,,,,,,,,,,,,,,,,,,,,,,,,,,,,,,,,,,,,,,,,,,,,,,,,,,,,,,,,,,,,,,,,,
,,,,,,,,,,,,,,,,,,,,,,,,,,,,,,,,,,,,,,,,,,,,,,,,,,,,,,,,,,,,,,,,,,479256,001,2024-11-25_10h58.04.982,experiment,2023.2.3,Win32,147.0588235,5f481e6faaf9582bdcd9697b,67446fa89e86ac01e4128331,6744b2f23276a33e40b8aa95,,,,,,,,,,,,,,,,,,,,,,,,,,,,,,,,,,,,,,,,,,,1,,,,,,,,,,,,,4,,,,,,,,,,,,,,,,,,,,,,,,,,,,,,,,,,,,,,,,,,,,,,s,1.0466,,space,0.2084,,4,red_gnome,4,7,dark_forest,yellow_basket,pink_gnome,4,5,bright_forest,red_basket,7,0,0,1,red_gnome,dark_forest,yellow_basket,2597,-2,1,23,7,191,3,1,space,2.2452,,,,,,,,,,,,,,,,,,,,,,,,,,,,,,,,,,,,,,,,,,,,,,,,,,,,,,,,,,,,,,,,,,,
,,,,,,,,,,,,,,,,,,,,,,,,,,,,,,,,,,,,,,,,,,,,,,,,,,,,,,,,,,,,,,,,,,479256,001,2024-11-25_10h58.04.982,experiment,2023.2.3,Win32,147.0588235,5f481e6faaf9582bdcd9697b,67446fa89e86ac01e4128331,6744b2f23276a33e40b8aa95,,,,,,,,,,,,,,,,,,,,,,,,,,,,,,,,,,,,,,,,,,,1,,,,,,,,,,,,,3,,,,,,,,,,,,,,,,,,,,,,,,,,,,,,,,,,,,,,,,,,,,,,k,0.8413,,space,0.2566,,3,purple_gnome,3,8,dark_forest,yellow_basket,green_gnome,3,3,bright_forest,red_basket,3,0,0,1,green_gnome,bright_forest,red_basket,2600,0,-2,24,0,192,2,1,,,,,,,,,,,,,,,,,,,,,,,,,,,,,,,,,,,,,,,,,,,,,,,,,,,,,,,,,,,,,,,,,,,,,
,,,,,,,,,,,,,,,,,,,,,,,,,,,,,,,,,,,,,,,,,,,,,,,,,,,,,,,,,,,,,,,,,,479256,001,2024-11-25_10h58.04.982,experiment,2023.2.3,Win32,147.0588235,5f481e6faaf9582bdcd9697b,67446fa89e86ac01e4128331,6744b2f23276a33e40b8aa95,,,,,,,,,,,,,,,,,,,,,,,,,,,,,,,,,,,,,,,,,,,1,,,,,,,,,,,,,2,,,,,,,,,,,,,,,,,,,,,,,,,,,,,,,,,,,,,,,,,,,,,,k,0.8802,,space,0.2043,,2,brown_gnome,2,3,bright_forest,red_basket,orange_gnome,2,6,dark_forest,yellow_basket,6,0,0,1,orange_gnome,dark_forest,yellow_basket,2606,-2,0,24,1,193,1,1,,,,,,,,,,,,,,,,,,,,,,,,,,,,,,,,,,,,,,,,,,,,,,,,,,,,,,,,,,,,,,,,,,,,,
,,,,,,,,,,,,,,,,,,,,,,,,,,,,,,,,,,,,,,,,,,,,,,,,,,,,,,,,,,,,,,,,,,479256,001,2024-11-25_10h58.04.982,experiment,2023.2.3,Win32,147.0588235,5f481e6faaf9582bdcd9697b,67446fa89e86ac01e4128331,6744b2f23276a33e40b8aa95,,,,,,,,,,,,,,,,,,,,,,,,,,,,,,,,,,,,,,,,,,,5,,,,,,,,,,,,,4,,,,,,,,,,,,,,,,,,,,,,,,,,,,,,,,,,,,,,,,,,,,,,k,0.8909,,space,0.2212,,4,pink_gnome,4,1,bright_forest,red_basket,red_gnome,4,6,dark_forest,yellow_basket,30,0,0,1,red_gnome,dark_forest,yellow_basket,2636,0,3,24,2,194,7,1,,,,,,,,,,,,,,,,,,,,,,,,,,,,,,,,,,,,,,,,,,,,,,,,,,,,,,,,,,,,,,,,,,,,,
,,,,,,,,,,,,,,,,,,,,,,,,,,,,,,,,,,,,,,,,,,,,,,,,,,,,,,,,,,,,,,,,,,479256,001,2024-11-25_10h58.04.982,experiment,2023.2.3,Win32,147.0588235,5f481e6faaf9582bdcd9697b,67446fa89e86ac01e4128331,6744b2f23276a33e40b8aa95,,,,,,,,,,,,,,,,,,,,,,,,,,,,,,,,,,,,,,,,,,,1,,,,,,,,,,,,,4,,,,,,,,,,,,,,,,,,,,,,,,,,,,,,,,,,,,,,,,,,,,,,k,0.6458,,space,0.2161,,4,pink_gnome,4,1,bright_forest,red_basket,red_gnome,4,9,dark_forest,yellow_basket,9,0,0,1,red_gnome,dark_forest,yellow_basket,2645,-4,-2,24,3,195,3,1,,,,,,,,,,,,,,,,,,,,,,,,,,,,,,,,,,,,,,,,,,,,,,,,,,,,,,,,,,,,,,,,,,,,,
,,,,,,,,,,,,,,,,,,,,,,,,,,,,,,,,,,,,,,,,,,,,,,,,,,,,,,,,,,,,,,,,,,479256,001,2024-11-25_10h58.04.982,experiment,2023.2.3,Win32,147.0588235,5f481e6faaf9582bdcd9697b,67446fa89e86ac01e4128331,6744b2f23276a33e40b8aa95,,,,,,,,,,,,,,,,,,,,,,,,,,,,,,,,,,,,,,,,,,,5,,,,,,,,,,,,,1,,,,,,,,,,,,,,,,,,,,,,,,,,,,,,,,,,,,,,,,,,,,,,k,1.0173,,space,0.2918,,1,yellow_gnome,1,7,dark_forest,yellow_basket,blue_gnome,1,3,bright_forest,red_basket,15,0,0,1,blue_gnome,bright_forest,red_basket,2660,3,4,24,4,196,4,1,,,,,,,,,,,,,,,,,,,,,,,,,,,,,,,,,,,,,,,,,,,,,,,,,,,,,,,,,,,,,,,,,,,,,
,,,,,,,,,,,,,,,,,,,,,,,,,,,,,,,,,,,,,,,,,,,,,,,,,,,,,,,,,,,,,,,,,,479256,001,2024-11-25_10h58.04.982,experiment,2023.2.3,Win32,147.0588235,5f481e6faaf9582bdcd9697b,67446fa89e86ac01e4128331,6744b2f23276a33e40b8aa95,,,,,,,,,,,,,,,,,,,,,,,,,,,,,,,,,,,,,,,,,,,1,,,,,,,,,,,,,4,,,,,,,,,,,,,,,,,,,,,,,,,,,,,,,,,,,,,,,,,,,,,,k,0.6925,,space,0.2282,,4,pink_gnome,4,6,bright_forest,red_basket,red_gnome,4,7,dark_forest,yellow_basket,7,0,0,1,red_gnome,dark_forest,yellow_basket,2667,1,0,24,5,197,3,1,,,,,,,,,,,,,,,,,,,,,,,,,,,,,,,,,,,,,,,,,,,,,,,,,,,,,,,,,,,,,,,,,,,,,
,,,,,,,,,,,,,,,,,,,,,,,,,,,,,,,,,,,,,,,,,,,,,,,,,,,,,,,,,,,,,,,,,,479256,001,2024-11-25_10h58.04.982,experiment,2023.2.3,Win32,147.0588235,5f481e6faaf9582bdcd9697b,67446fa89e86ac01e4128331,6744b2f23276a33e40b8aa95,,,,,,,,,,,,,,,,,,,,,,,,,,,,,,,,,,,,,,,,,,,5,,,,,,,,,,,,,4,,,,,,,,,,,,,,,,,,,,,,,,,,,,,,,,,,,,,,,,,,,,,,s,0.7641,,space,0.3493,,4,red_gnome,4,7,dark_forest,yellow_basket,pink_gnome,4,7,bright_forest,red_basket,35,0,0,1,red_gnome,dark_forest,yellow_basket,2702,-1,0,24,6,198,7,1,,,,,,,,,,,,,,,,,,,,,,,,,,,,,,,,,,,,,,,,,,,,,,,,,,,,,,,,,,,,,,,,,,,,,
,,,,,,,,,,,,,,,,,,,,,,,,,,,,,,,,,,,,,,,,,,,,,,,,,,,,,,,,,,,,,,,,,,479256,001,2024-11-25_10h58.04.982,experiment,2023.2.3,Win32,147.0588235,5f481e6faaf9582bdcd9697b,67446fa89e86ac01e4128331,6744b2f23276a33e40b8aa95,,,,,,,,,,,,,,,,,,,,,,,,,,,,,,,,,,,,,,,,,,,5,,,,,,,,,,,,,1,,,,,,,,,,,,,,,,,,,,,,,,,,,,,,,,,,,,,,,,,,,,,,s,0.9925,,space,0.2434,,1,yellow_gnome,1,7,dark_forest,yellow_basket,blue_gnome,1,6,bright_forest,red_basket,35,0,0,1,yellow_gnome,dark_forest,yellow_basket,2737,1,-6,24,7,199,4,1,,,,,,,,,,,,,,,,,,,,,,,,,,,,,,,,,,,,,,,,,,,,,,,,,,,,,,,,,,,,,,,,,,,,,
,,,,,,,,,,,,,,,,,,,,,,,,,,,,,,,,,,,,,,,,,,,,,,,,,,,,,,,,,,,,,,,,,,479256,001,2024-11-25_10h58.04.982,experiment,2023.2.3,Win32,147.0588235,5f481e6faaf9582bdcd9697b,67446fa89e86ac01e4128331,6744b2f23276a33e40b8aa95,,,,,,,,,,,,,,,,,,,,,,,,,,,,,,,,,,,,,,,,,,,5,,,,,,,,,,,,,1,,,,,,,,,,,,,,,,,,,,,,,,,,,,,,,,,,,,,,,,,,,,,,k,0.4833,,space,0.2492,,1,blue_gnome,1,7,bright_forest,red_basket,yellow_gnome,1,1,dark_forest,yellow_basket,5,0,0,1,yellow_gnome,dark_forest,yellow_basket,2742,-2,0,25,0,200,4,1,,,,,,,,,,,,,,,,,,,,,,,,,,,,,,,,,,,,,,,,,,,,,,,,,,,,,,,,,,,,,,,,,,,,,
,,,,,,,,,,,,,,,,,,,,,,,,,,,,,,,,,,,,,,,,,,,,,,,,,,,,,,,,,,,,,,,,,,479256,001,2024-11-25_10h58.04.982,experiment,2023.2.3,Win32,147.0588235,5f481e6faaf9582bdcd9697b,67446fa89e86ac01e4128331,6744b2f23276a33e40b8aa95,,,,,,,,,,,,,,,,,,,,,,,,,,,,,,,,,,,,,,,,,,,1,,,,,,,,,,,,,2,,,,,,,,,,,,,,,,,,,,,,,,,,,,,,,,,,,,,,,,,,,,,,s,0.8597,,space,0.5339,,2,orange_gnome,2,1,dark_forest,yellow_basket,brown_gnome,2,5,bright_forest,red_basket,1,0,0,1,orange_gnome,dark_forest,yellow_basket,2743,-2,1,25,1,201,1,1,,,,,,,,,,,,,,,,,,,,,,,,,,,,,,,,,,,,,,,,,,,,,,,,,,,,,,,,,,,,,,,,,,,,,
,,,,,,,,,,,,,,,,,,,,,,,,,,,,,,,,,,,,,,,,,,,,,,,,,,,,,,,,,,,,,,,,,,479256,001,2024-11-25_10h58.04.982,experiment,2023.2.3,Win32,147.0588235,5f481e6faaf9582bdcd9697b,67446fa89e86ac01e4128331,6744b2f23276a33e40b8aa95,,,,,,,,,,,,,,,,,,,,,,,,,,,,,,,,,,,,,,,,,,,5,,,,,,,,,,,,,2,,,,,,,,,,,,,,,,,,,,,,,,,,,,,,,,,,,,,,,,,,,,,,k,0.6064,,space,0.2535,,2,orange_gnome,2,2,dark_forest,yellow_basket,brown_gnome,2,3,bright_forest,red_basket,15,0,0,1,brown_gnome,bright_forest,red_basket,2758,2,0,25,2,202,5,1,,,,,,,,,,,,,,,,,,,,,,,,,,,,,,,,,,,,,,,,,,,,,,,,,,,,,,,,,,,,,,,,,,,,,
,,,,,,,,,,,,,,,,,,,,,,,,,,,,,,,,,,,,,,,,,,,,,,,,,,,,,,,,,,,,,,,,,,479256,001,2024-11-25_10h58.04.982,experiment,2023.2.3,Win32,147.0588235,5f481e6faaf9582bdcd9697b,67446fa89e86ac01e4128331,6744b2f23276a33e40b8aa95,,,,,,,,,,,,,,,,,,,,,,,,,,,,,,,,,,,,,,,,,,,5,,,,,,,,,,,,,1,,,,,,,,,,,,,,,,,,,,,,,,,,,,,,,,,,,,,,,,,,,,,,k,0.7789,,space,0.2698,,1,yellow_gnome,1,2,dark_forest,yellow_basket,blue_gnome,1,5,bright_forest,red_basket,25,0,0,1,blue_gnome,bright_forest,red_basket,2783,2,-2,25,3,203,4,1,,,,,,,,,,,,,,,,,,,,,,,,,,,,,,,,,,,,,,,,,,,,,,,,,,,,,,,,,,,,,,,,,,,,,
,,,,,,,,,,,,,,,,,,,,,,,,,,,,,,,,,,,,,,,,,,,,,,,,,,,,,,,,,,,,,,,,,,479256,001,2024-11-25_10h58.04.982,experiment,2023.2.3,Win32,147.0588235,5f481e6faaf9582bdcd9697b,67446fa89e86ac01e4128331,6744b2f23276a33e40b8aa95,,,,,,,,,,,,,,,,,,,,,,,,,,,,,,,,,,,,,,,,,,,5,,,,,,,,,,,,,2,,,,,,,,,,,,,,,,,,,,,,,,,,,,,,,,,,,,,,,,,,,,,,k,1.2285,,space,0.2638,,2,brown_gnome,2,7,bright_forest,red_basket,orange_gnome,2,0,dark_forest,yellow_basket,0,0,0,1,orange_gnome,dark_forest,yellow_basket,2783,0,0,25,4,204,5,1,,,,,,,,,,,,,,,,,,,,,,,,,,,,,,,,,,,,,,,,,,,,,,,,,,,,,,,,,,,,,,,,,,,,,
,,,,,,,,,,,,,,,,,,,,,,,,,,,,,,,,,,,,,,,,,,,,,,,,,,,,,,,,,,,,,,,,,,479256,001,2024-11-25_10h58.04.982,experiment,2023.2.3,Win32,147.0588235,5f481e6faaf9582bdcd9697b,67446fa89e86ac01e4128331,6744b2f23276a33e40b8aa95,,,,,,,,,,,,,,,,,,,,,,,,,,,,,,,,,,,,,,,,,,,1,,,,,,,,,,,,,4,,,,,,,,,,,,,,,,,,,,,,,,,,,,,,,,,,,,,,,,,,,,,,k,0.8538,,space,0.2242,,4,pink_gnome,4,7,bright_forest,red_basket,red_gnome,4,0,dark_forest,yellow_basket,0,0,0,1,red_gnome,dark_forest,yellow_basket,2783,2,-1,25,5,205,3,1,,,,,,,,,,,,,,,,,,,,,,,,,,,,,,,,,,,,,,,,,,,,,,,,,,,,,,,,,,,,,,,,,,,,,
,,,,,,,,,,,,,,,,,,,,,,,,,,,,,,,,,,,,,,,,,,,,,,,,,,,,,,,,,,,,,,,,,,479256,001,2024-11-25_10h58.04.982,experiment,2023.2.3,Win32,147.0588235,5f481e6faaf9582bdcd9697b,67446fa89e86ac01e4128331,6744b2f23276a33e40b8aa95,,,,,,,,,,,,,,,,,,,,,,,,,,,,,,,,,,,,,,,,,,,5,,,,,,,,,,,,,2,,,,,,,,,,,,,,,,,,,,,,,,,,,,,,,,,,,,,,,,,,,,,,s,1.0596,,space,0.2618,,2,brown_gnome,2,9,bright_forest,red_basket,orange_gnome,2,1,dark_forest,yellow_basket,45,0,0,1,brown_gnome,bright_forest,red_basket,2828,-3,-2,25,6,206,5,1,,,,,,,,,,,,,,,,,,,,,,,,,,,,,,,,,,,,,,,,,,,,,,,,,,,,,,,,,,,,,,,,,,,,,
,,,,,,,,,,,,,,,,,,,,,,,,,,,,,,,,,,,,,,,,,,,,,,,,,,,,,,,,,,,,,,,,,,479256,001,2024-11-25_10h58.04.982,experiment,2023.2.3,Win32,147.0588235,5f481e6faaf9582bdcd9697b,67446fa89e86ac01e4128331,6744b2f23276a33e40b8aa95,,,,,,,,,,,,,,,,,,,,,,,,,,,,,,,,,,,,,,,,,,,1,,,,,,,,,,,,,1,,,,,,,,,,,,,,,,,,,,,,,,,,,,,,,,,,,,,,,,,,,,,,s,0.9438,,space,0.2981,,1,blue_gnome,1,6,bright_forest,red_basket,yellow_gnome,1,1,dark_forest,yellow_basket,6,0,0,1,blue_gnome,bright_forest,red_basket,2834,0,-6,25,7,207,0,1,,,,,,,,,,,,,,,,,,,,,,,,,,,,,,,,,,,,,,,,,,,,,,,,,,,,,,,,,,,,,,,,,,,,,
,,,,,,,,,,,,,,,,,,,,,,,,,,,,,,,,,,,,,,,,,,,,,,,,,,,,,,,,,,,,,,,,,,479256,001,2024-11-25_10h58.04.982,experiment,2023.2.3,Win32,147.0588235,5f481e6faaf9582bdcd9697b,67446fa89e86ac01e4128331,6744b2f23276a33e40b8aa95,,,,,,,,,,,,,,,,,,,,,,,,,,,,,,,,,,,,,,,,,,,1,,,,,,,,,,,,,2,,,,,,,,,,,,,,,,,,,,,,,,,,,,,,,,,,,,,,,,,,,,,,s,1.0745,,space,0.4741,,2,brown_gnome,2,6,bright_forest,red_basket,orange_gnome,2,5,dark_forest,yellow_basket,6,0,0,1,brown_gnome,bright_forest,red_basket,2840,3,2,26,0,208,1,1,,,,,,,,,,,,,,,,,,,,,,,,,,,,,,,,,,,,,,,,,,,,,,,,,,,,,,,,,,,,,,,,,,,,,
,,,,,,,,,,,,,,,,,,,,,,,,,,,,,,,,,,,,,,,,,,,,,,,,,,,,,,,,,,,,,,,,,,479256,001,2024-11-25_10h58.04.982,experiment,2023.2.3,Win32,147.0588235,5f481e6faaf9582bdcd9697b,67446fa89e86ac01e4128331,6744b2f23276a33e40b8aa95,,,,,,,,,,,,,,,,,,,,,,,,,,,,,,,,,,,,,,,,,,,1,,,,,,,,,,,,,1,,,,,,,,,,,,,,,,,,,,,,,,,,,,,,,,,,,,,,,,,,,,,,k,1.1712,,space,0.4924,,1,yellow_gnome,1,7,dark_forest,yellow_basket,blue_gnome,1,9,bright_forest,red_basket,9,0,0,1,blue_gnome,bright_forest,red_basket,2849,-2,4,26,1,209,0,1,,,,,,,,,,,,,,,,,,,,,,,,,,,,,,,,,,,,,,,,,,,,,,,,,,,,,,,,,,,,,,,,,,,,,
,,,,,,,,,,,,,,,,,,,,,,,,,,,,,,,,,,,,,,,,,,,,,,,,,,,,,,,,,,,,,,,,,,479256,001,2024-11-25_10h58.04.982,experiment,2023.2.3,Win32,147.0588235,5f481e6faaf9582bdcd9697b,67446fa89e86ac01e4128331,6744b2f23276a33e40b8aa95,,,,,,,,,,,,,,,,,,,,,,,,,,,,,,,,,,,,,,,,,,,1,,,,,,,,,,,,,2,,,,,,,,,,,,,,,,,,,,,,,,,,,,,,,,,,,,,,,,,,,,,,s,0.9574,,space,0.2571,,2,brown_gnome,2,7,bright_forest,red_basket,orange_gnome,2,7,dark_forest,yellow_basket,7,0,0,1,brown_gnome,bright_forest,red_basket,2856,0,-2,26,2,210,1,1,,,,,,,,,,,,,,,,,,,,,,,,,,,,,,,,,,,,,,,,,,,,,,,,,,,,,,,,,,,,,,,,,,,,,
,,,,,,,,,,,,,,,,,,,,,,,,,,,,,,,,,,,,,,,,,,,,,,,,,,,,,,,,,,,,,,,,,,479256,001,2024-11-25_10h58.04.982,experiment,2023.2.3,Win32,147.0588235,5f481e6faaf9582bdcd9697b,67446fa89e86ac01e4128331,6744b2f23276a33e40b8aa95,,,,,,,,,,,,,,,,,,,,,,,,,,,,,,,,,,,,,,,,,,,5,,,,,,,,,,,,,3,,,,,,,,,,,,,,,,,,,,,,,,,,,,,,,,,,,,,,,,,,,,,,s,1.0183,,space,0.3517,,3,green_gnome,3,7,bright_forest,red_basket,purple_gnome,3,5,dark_forest,yellow_basket,35,0,0,1,green_gnome,bright_forest,red_basket,2891,1,-1,26,3,211,6,1,,,,,,,,,,,,,,,,,,,,,,,,,,,,,,,,,,,,,,,,,,,,,,,,,,,,,,,,,,,,,,,,,,,,,
,,,,,,,,,,,,,,,,,,,,,,,,,,,,,,,,,,,,,,,,,,,,,,,,,,,,,,,,,,,,,,,,,,479256,001,2024-11-25_10h58.04.982,experiment,2023.2.3,Win32,147.0588235,5f481e6faaf9582bdcd9697b,67446fa89e86ac01e4128331,6744b2f23276a33e40b8aa95,,,,,,,,,,,,,,,,,,,,,,,,,,,,,,,,,,,,,,,,,,,5,,,,,,,,,,,,,3,,,,,,,,,,,,,,,,,,,,,,,,,,,,,,,,,,,,,,,,,,,,,,k,0.7873,,space,0.428,,3,purple_gnome,3,4,dark_forest,yellow_basket,green_gnome,3,8,bright_forest,red_basket,40,0,0,1,green_gnome,bright_forest,red_basket,2931,-5,-5,26,4,212,6,1,,,,,,,,,,,,,,,,,,,,,,,,,,,,,,,,,,,,,,,,,,,,,,,,,,,,,,,,,,,,,,,,,,,,,
,,,,,,,,,,,,,,,,,,,,,,,,,,,,,,,,,,,,,,,,,,,,,,,,,,,,,,,,,,,,,,,,,,479256,001,2024-11-25_10h58.04.982,experiment,2023.2.3,Win32,147.0588235,5f481e6faaf9582bdcd9697b,67446fa89e86ac01e4128331,6744b2f23276a33e40b8aa95,,,,,,,,,,,,,,,,,,,,,,,,,,,,,,,,,,,,,,,,,,,1,,,,,,,,,,,,,3,,,,,,,,,,,,,,,,,,,,,,,,,,,,,,,,,,,,,,,,,,,,,,s,0.7631,,space,0.5546,,3,green_gnome,3,3,bright_forest,red_basket,purple_gnome,3,1,dark_forest,yellow_basket,3,0,0,1,green_gnome,bright_forest,red_basket,2934,3,-2,26,5,213,2,1,,,,,,,,,,,,,,,,,,,,,,,,,,,,,,,,,,,,,,,,,,,,,,,,,,,,,,,,,,,,,,,,,,,,,
,,,,,,,,,,,,,,,,,,,,,,,,,,,,,,,,,,,,,,,,,,,,,,,,,,,,,,,,,,,,,,,,,,479256,001,2024-11-25_10h58.04.982,experiment,2023.2.3,Win32,147.0588235,5f481e6faaf9582bdcd9697b,67446fa89e86ac01e4128331,6744b2f23276a33e40b8aa95,,,,,,,,,,,,,,,,,,,,,,,,,,,,,,,,,,,,,,,,,,,1,,,,,,,,,,,,,3,,,,,,,,,,,,,,,,,,,,,,,,,,,,,,,,,,,,,,,,,,,,,,k,0.9286,,space,1.4669,,3,purple_gnome,3,1,dark_forest,yellow_basket,green_gnome,3,6,bright_forest,red_basket,6,0,0,1,green_gnome,bright_forest,red_basket,2940,2,3,26,6,214,2,1,,,,,,,,,,,,,,,,,,,,,,,,,,,,,,,,,,,,,,,,,,,,,,,,,,,,,,,,,,,,,,,,,,,,,
,,,,,,,,,,,,,,,,,,,,,,,,,,,,,,,,,,,,,,,,,,,,,,,,,,,,,,,,,,,,,,,,,,479256,001,2024-11-25_10h58.04.982,experiment,2023.2.3,Win32,147.0588235,5f481e6faaf9582bdcd9697b,67446fa89e86ac01e4128331,6744b2f23276a33e40b8aa95,,,,,,,,,,,,,,,,,,,,,,,,,,,,,,,,,,,,,,,,,,,1,,,,,,,,,,,,,1,,,,,,,,,,,,,,,,,,,,,,,,,,,,,,,,,,,,,,,,,,,,,,k,0.7523,,space,0.3674,,1,yellow_gnome,1,4,dark_forest,yellow_basket,blue_gnome,1,8,bright_forest,red_basket,8,0,0,1,blue_gnome,bright_forest,red_basket,2948,1,0,26,7,215,0,1,,,,,,,,,,,,,,,,,,,,,,,,,,,,,,,,,,,,,,,,,,,,,,,,,,,,,,,,,,,,,,,,,,,,,
,,,,,,,,,,,,,,,,,,,,,,,,,,,,,,,,,,,,,,,,,,,,,,,,,,,,,,,,,,,,,,,,,,479256,001,2024-11-25_10h58.04.982,experiment,2023.2.3,Win32,147.0588235,5f481e6faaf9582bdcd9697b,67446fa89e86ac01e4128331,6744b2f23276a33e40b8aa95,,,,,,,,,,,,,,,,,,,,,,,,,,,,,,,,,,,,,,,,,,,5,,,,,,,,,,,,,2,,,,,,,,,,,,,,,,,,,,,,,,,,,,,,,,,,,,,,,,,,,,,,s,0.7321,,space,0.3254,,2,brown_gnome,2,9,bright_forest,red_basket,orange_gnome,2,4,dark_forest,yellow_basket,45,0,0,1,brown_gnome,bright_forest,red_basket,2993,-1,-1,27,0,216,5,1,,,,,,,,,,,,,,,,,,,,,,,,,,,,,,,,,,,,,,,,,,,,,,,,,,,,,,,,,,,,,,,,,,,,,
,,,,,,,,,,,,,,,,,,,,,,,,,,,,,,,,,,,,,,,,,,,,,,,,,,,,,,,,,,,,,,,,,,479256,001,2024-11-25_10h58.04.982,experiment,2023.2.3,Win32,147.0588235,5f481e6faaf9582bdcd9697b,67446fa89e86ac01e4128331,6744b2f23276a33e40b8aa95,,,,,,,,,,,,,,,,,,,,,,,,,,,,,,,,,,,,,,,,,,,1,,,,,,,,,,,,,1,,,,,,,,,,,,,,,,,,,,,,,,,,,,,,,,,,,,,,,,,,,,,,k,0.6523,,space,0.1319,,1,yellow_gnome,1,3,dark_forest,yellow_basket,blue_gnome,1,8,bright_forest,red_basket,8,0,0,1,blue_gnome,bright_forest,red_basket,3001,0,2,27,1,217,0,1,,,,,,,,,,,,,,,,,,,,,,,,,,,,,,,,,,,,,,,,,,,,,,,,,,,,,,,,,,,,,,,,,,,,,
,,,,,,,,,,,,,,,,,,,,,,,,,,,,,,,,,,,,,,,,,,,,,,,,,,,,,,,,,,,,,,,,,,479256,001,2024-11-25_10h58.04.982,experiment,2023.2.3,Win32,147.0588235,5f481e6faaf9582bdcd9697b,67446fa89e86ac01e4128331,6744b2f23276a33e40b8aa95,,,,,,,,,,,,,,,,,,,,,,,,,,,,,,,,,,,,,,,,,,,1,,,,,,,,,,,,,3,,,,,,,,,,,,,,,,,,,,,,,,,,,,,,,,,,,,,,,,,,,,,,s,0.8301,,space,0.4748,,3,purple_gnome,3,5,dark_forest,yellow_basket,green_gnome,3,8,bright_forest,red_basket,5,0,0,1,purple_gnome,dark_forest,yellow_basket,3006,-3,-3,27,2,218,2,1,,,,,,,,,,,,,,,,,,,,,,,,,,,,,,,,,,,,,,,,,,,,,,,,,,,,,,,,,,,,,,,,,,,,,
,,,,,,,,,,,,,,,,,,,,,,,,,,,,,,,,,,,,,,,,,,,,,,,,,,,,,,,,,,,,,,,,,,479256,001,2024-11-25_10h58.04.982,experiment,2023.2.3,Win32,147.0588235,5f481e6faaf9582bdcd9697b,67446fa89e86ac01e4128331,6744b2f23276a33e40b8aa95,,,,,,,,,,,,,,,,,,,,,,,,,,,,,,,,,,,,,,,,,,,1,,,,,,,,,,,,,4,,,,,,,,,,,,,,,,,,,,,,,,,,,,,,,,,,,,,,,,,,,,,,s,1.1106,,space,0.3475,,4,pink_gnome,4,5,bright_forest,red_basket,red_gnome,4,2,dark_forest,yellow_basket,5,0,0,1,pink_gnome,bright_forest,red_basket,3011,1,-1,27,3,219,3,1,,,,,,,,,,,,,,,,,,,,,,,,,,,,,,,,,,,,,,,,,,,,,,,,,,,,,,,,,,,,,,,,,,,,,
,,,,,,,,,,,,,,,,,,,,,,,,,,,,,,,,,,,,,,,,,,,,,,,,,,,,,,,,,,,,,,,,,,479256,001,2024-11-25_10h58.04.982,experiment,2023.2.3,Win32,147.0588235,5f481e6faaf9582bdcd9697b,67446fa89e86ac01e4128331,6744b2f23276a33e40b8aa95,,,,,,,,,,,,,,,,,,,,,,,,,,,,,,,,,,,,,,,,,,,5,,,,,,,,,,,,,4,,,,,,,,,,,,,,,,,,,,,,,,,,,,,,,,,,,,,,,,,,,,,,k,0.944,,space,0.5206,,4,pink_gnome,4,6,bright_forest,red_basket,red_gnome,4,1,dark_forest,yellow_basket,5,0,0,1,red_gnome,dark_forest,yellow_basket,3016,-1,1,27,4,220,7,1,,,,,,,,,,,,,,,,,,,,,,,,,,,,,,,,,,,,,,,,,,,,,,,,,,,,,,,,,,,,,,,,,,,,,
,,,,,,,,,,,,,,,,,,,,,,,,,,,,,,,,,,,,,,,,,,,,,,,,,,,,,,,,,,,,,,,,,,479256,001,2024-11-25_10h58.04.982,experiment,2023.2.3,Win32,147.0588235,5f481e6faaf9582bdcd9697b,67446fa89e86ac01e4128331,6744b2f23276a33e40b8aa95,,,,,,,,,,,,,,,,,,,,,,,,,,,,,,,,,,,,,,,,,,,5,,,,,,,,,,,,,4,,,,,,,,,,,,,,,,,,,,,,,,,,,,,,,,,,,,,,,,,,,,,,k,0.8185,,space,0.3858,,4,red_gnome,4,2,dark_forest,yellow_basket,pink_gnome,4,5,bright_forest,red_basket,25,0,0,1,pink_gnome,bright_forest,red_basket,3041,-1,1,27,5,221,7,1,,,,,,,,,,,,,,,,,,,,,,,,,,,,,,,,,,,,,,,,,,,,,,,,,,,,,,,,,,,,,,,,,,,,,
,,,,,,,,,,,,,,,,,,,,,,,,,,,,,,,,,,,,,,,,,,,,,,,,,,,,,,,,,,,,,,,,,,479256,001,2024-11-25_10h58.04.982,experiment,2023.2.3,Win32,147.0588235,5f481e6faaf9582bdcd9697b,67446fa89e86ac01e4128331,6744b2f23276a33e40b8aa95,,,,,,,,,,,,,,,,,,,,,,,,,,,,,,,,,,,,,,,,,,,1,,,,,,,,,,,,,1,,,,,,,,,,,,,,,,,,,,,,,,,,,,,,,,,,,,,,,,,,,,,,s,0.8021,,space,1.2079,,1,blue_gnome,1,4,bright_forest,red_basket,yellow_gnome,1,3,dark_forest,yellow_basket,4,0,0,1,blue_gnome,bright_forest,red_basket,3045,3,-1,27,6,222,0,1,,,,,,,,,,,,,,,,,,,,,,,,,,,,,,,,,,,,,,,,,,,,,,,,,,,,,,,,,,,,,,,,,,,,,
,,,,,,,,,,,,,,,,,,,,,,,,,,,,,,,,,,,,,,,,,,,,,,,,,,,,,,,,,,,,,,,,,,479256,001,2024-11-25_10h58.04.982,experiment,2023.2.3,Win32,147.0588235,5f481e6faaf9582bdcd9697b,67446fa89e86ac01e4128331,6744b2f23276a33e40b8aa95,,,,,,,,,,,,,,,,,,,,,,,,,,,,,,,,,,,,,,,,,,,1,,,,,,,,,,,,,1,,,,,,,,,,,,,,,,,,,,,,,,,,,,,,,,,,,,,,,,,,,,,,s,0.812,,space,0.6039,,1,blue_gnome,1,7,bright_forest,red_basket,yellow_gnome,1,2,dark_forest,yellow_basket,7,0,0,1,blue_gnome,bright_forest,red_basket,3052,1,-2,27,7,223,0,1,,,,,,,,,,,,,,,,,,,,,,,,,,,,,,,,,,,,,,,,,,,,,,,,,,,,,,,,,,,,,,,,,,,,,
,,,,,,,,,,,,,,,,,,,,,,,,,,,,,,,,,,,,,,,,,,,,,,,,,,,,,,,,,,,,,,,,,,479256,001,2024-11-25_10h58.04.982,experiment,2023.2.3,Win32,147.0588235,5f481e6faaf9582bdcd9697b,67446fa89e86ac01e4128331,6744b2f23276a33e40b8aa95,,,,,,,,,,,,,,,,,,,,,,,,,,,,,,,,,,,,,,,,,,,1,,,,,,,,,,,,,2,,,,,,,,,,,,,,,,,,,,,,,,,,,,,,,,,,,,,,,,,,,,,,k,0.8605,,space,0.5305,,2,brown_gnome,2,8,bright_forest,red_basket,orange_gnome,2,0,dark_forest,yellow_basket,0,0,0,1,orange_gnome,dark_forest,yellow_basket,3052,-1,1,28,0,224,1,1,,,,,,,,,,,,,,,,,,,,,,,,,,,,,,,,,,,,,,,,,,,,,,,,,,,,,,,,,,,,,,,,,,,,,
,,,,,,,,,,,,,,,,,,,,,,,,,,,,,,,,,,,,,,,,,,,,,,,,,,,,,,,,,,,,,,,,,,479256,001,2024-11-25_10h58.04.982,experiment,2023.2.3,Win32,147.0588235,5f481e6faaf9582bdcd9697b,67446fa89e86ac01e4128331,6744b2f23276a33e40b8aa95,,,,,,,,,,,,,,,,,,,,,,,,,,,,,,,,,,,,,,,,,,,1,,,,,,,,,,,,,4,,,,,,,,,,,,,,,,,,,,,,,,,,,,,,,,,,,,,,,,,,,,,,k,0.9092,,space,0.8275,,4,red_gnome,4,1,dark_forest,yellow_basket,pink_gnome,4,7,bright_forest,red_basket,7,0,0,1,pink_gnome,bright_forest,red_basket,3059,0,0,28,1,225,3,1,,,,,,,,,,,,,,,,,,,,,,,,,,,,,,,,,,,,,,,,,,,,,,,,,,,,,,,,,,,,,,,,,,,,,
,,,,,,,,,,,,,,,,,,,,,,,,,,,,,,,,,,,,,,,,,,,,,,,,,,,,,,,,,,,,,,,,,,479256,001,2024-11-25_10h58.04.982,experiment,2023.2.3,Win32,147.0588235,5f481e6faaf9582bdcd9697b,67446fa89e86ac01e4128331,6744b2f23276a33e40b8aa95,,,,,,,,,,,,,,,,,,,,,,,,,,,,,,,,,,,,,,,,,,,5,,,,,,,,,,,,,3,,,,,,,,,,,,,,,,,,,,,,,,,,,,,,,,,,,,,,,,,,,,,,s,0.9471,,space,0.058,,3,purple_gnome,3,1,dark_forest,yellow_basket,green_gnome,3,7,bright_forest,red_basket,5,0,0,1,purple_gnome,dark_forest,yellow_basket,3064,0,1,28,2,226,6,1,,,,,,,,,,,,,,,,,,,,,,,,,,,,,,,,,,,,,,,,,,,,,,,,,,,,,,,,,,,,,,,,,,,,,
,,,,,,,,,,,,,,,,,,,,,,,,,,,,,,,,,,,,,,,,,,,,,,,,,,,,,,,,,,,,,,,,,,479256,001,2024-11-25_10h58.04.982,experiment,2023.2.3,Win32,147.0588235,5f481e6faaf9582bdcd9697b,67446fa89e86ac01e4128331,6744b2f23276a33e40b8aa95,,,,,,,,,,,,,,,,,,,,,,,,,,,,,,,,,,,,,,,,,,,5,,,,,,,,,,,,,3,,,,,,,,,,,,,,,,,,,,,,,,,,,,,,,,,,,,,,,,,,,,,,s,0.8346,,space,0.3768,,3,green_gnome,3,7,bright_forest,red_basket,purple_gnome,3,2,dark_forest,yellow_basket,35,0,0,1,green_gnome,bright_forest,red_basket,3099,1,-2,28,3,227,6,1,,,,,,,,,,,,,,,,,,,,,,,,,,,,,,,,,,,,,,,,,,,,,,,,,,,,,,,,,,,,,,,,,,,,,
,,,,,,,,,,,,,,,,,,,,,,,,,,,,,,,,,,,,,,,,,,,,,,,,,,,,,,,,,,,,,,,,,,479256,001,2024-11-25_10h58.04.982,experiment,2023.2.3,Win32,147.0588235,5f481e6faaf9582bdcd9697b,67446fa89e86ac01e4128331,6744b2f23276a33e40b8aa95,,,,,,,,,,,,,,,,,,,,,,,,,,,,,,,,,,,,,,,,,,,5,,,,,,,,,,,,,4,,,,,,,,,,,,,,,,,,,,,,,,,,,,,,,,,,,,,,,,,,,,,,k,1.1548,,space,0.2744,,4,pink_gnome,4,8,bright_forest,red_basket,red_gnome,4,0,dark_forest,yellow_basket,0,0,0,1,red_gnome,dark_forest,yellow_basket,3099,1,0,28,4,228,7,1,,,,,,,,,,,,,,,,,,,,,,,,,,,,,,,,,,,,,,,,,,,,,,,,,,,,,,,,,,,,,,,,,,,,,
,,,,,,,,,,,,,,,,,,,,,,,,,,,,,,,,,,,,,,,,,,,,,,,,,,,,,,,,,,,,,,,,,,479256,001,2024-11-25_10h58.04.982,experiment,2023.2.3,Win32,147.0588235,5f481e6faaf9582bdcd9697b,67446fa89e86ac01e4128331,6744b2f23276a33e40b8aa95,,,,,,,,,,,,,,,,,,,,,,,,,,,,,,,,,,,,,,,,,,,1,,,,,,,,,,,,,4,,,,,,,,,,,,,,,,,,,,,,,,,,,,,,,,,,,,,,,,,,,,,,s,0.6873,,space,0.2325,,4,pink_gnome,4,9,bright_forest,red_basket,red_gnome,4,0,dark_forest,yellow_basket,9,0,0,1,pink_gnome,bright_forest,red_basket,3108,0,2,28,5,229,3,1,,,,,,,,,,,,,,,,,,,,,,,,,,,,,,,,,,,,,,,,,,,,,,,,,,,,,,,,,,,,,,,,,,,,,
,,,,,,,,,,,,,,,,,,,,,,,,,,,,,,,,,,,,,,,,,,,,,,,,,,,,,,,,,,,,,,,,,,479256,001,2024-11-25_10h58.04.982,experiment,2023.2.3,Win32,147.0588235,5f481e6faaf9582bdcd9697b,67446fa89e86ac01e4128331,6744b2f23276a33e40b8aa95,,,,,,,,,,,,,,,,,,,,,,,,,,,,,,,,,,,,,,,,,,,5,,,,,,,,,,,,,3,,,,,,,,,,,,,,,,,,,,,,,,,,,,,,,,,,,,,,,,,,,,,,s,0.7911,,space,0.3726,,3,green_gnome,3,9,bright_forest,red_basket,purple_gnome,3,2,dark_forest,yellow_basket,45,0,0,1,green_gnome,bright_forest,red_basket,3153,3,2,28,6,230,6,1,,,,,,,,,,,,,,,,,,,,,,,,,,,,,,,,,,,,,,,,,,,,,,,,,,,,,,,,,,,,,,,,,,,,,
,,,,,,,,,,,,,,,,,,,,,,,,,,,,,,,,,,,,,,,,,,,,,,,,,,,,,,,,,,,,,,,,,,479256,001,2024-11-25_10h58.04.982,experiment,2023.2.3,Win32,147.0588235,5f481e6faaf9582bdcd9697b,67446fa89e86ac01e4128331,6744b2f23276a33e40b8aa95,,,,,,,,,,,,,,,,,,,,,,,,,,,,,,,,,,,,,,,,,,,1,,,,,,,,,,,,,2,,,,,,,,,,,,,,,,,,,,,,,,,,,,,,,,,,,,,,,,,,,,,,k,0.8636,,space,0.3284,,2,brown_gnome,2,6,bright_forest,red_basket,orange_gnome,2,4,dark_forest,yellow_basket,4,0,0,1,orange_gnome,dark_forest,yellow_basket,3157,-3,-2,28,7,231,1,1,,,,,,,,,,,,,,,,,,,,,,,,,,,,,,,,,,,,,,,,,,,,,,,,,,,,,,,,,,,,,,,,,,,,,
,,,,,,,,,,,,,,,,,,,,,,,,,,,,,,,,,,,,,,,,,,,,,,,,,,,,,,,,,,,,,,,,,,479256,001,2024-11-25_10h58.04.982,experiment,2023.2.3,Win32,147.0588235,5f481e6faaf9582bdcd9697b,67446fa89e86ac01e4128331,6744b2f23276a33e40b8aa95,,,,,,,,,,,,,,,,,,,,,,,,,,,,,,,,,,,,,,,,,,,5,,,,,,,,,,,,,3,,,,,,,,,,,,,,,,,,,,,,,,,,,,,,,,,,,,,,,,,,,,,,s,0.7745,,space,0.3423,,3,green_gnome,3,3,bright_forest,red_basket,purple_gnome,3,2,dark_forest,yellow_basket,15,0,0,1,green_gnome,bright_forest,red_basket,3172,1,0,29,0,232,6,1,,,,,,,,,,,,,,,,,,,,,,,,,,,,,,,,,,,,,,,,,,,,,,,,,,,,,,,,,,,,,,,,,,,,,
,,,,,,,,,,,,,,,,,,,,,,,,,,,,,,,,,,,,,,,,,,,,,,,,,,,,,,,,,,,,,,,,,,479256,001,2024-11-25_10h58.04.982,experiment,2023.2.3,Win32,147.0588235,5f481e6faaf9582bdcd9697b,67446fa89e86ac01e4128331,6744b2f23276a33e40b8aa95,,,,,,,,,,,,,,,,,,,,,,,,,,,,,,,,,,,,,,,,,,,5,,,,,,,,,,,,,3,,,,,,,,,,,,,,,,,,,,,,,,,,,,,,,,,,,,,,,,,,,,,,k,0.6439,,space,0.2833,,3,purple_gnome,3,2,dark_forest,yellow_basket,green_gnome,3,4,bright_forest,red_basket,20,0,0,1,green_gnome,bright_forest,red_basket,3192,-1,-1,29,1,233,6,1,,,,,,,,,,,,,,,,,,,,,,,,,,,,,,,,,,,,,,,,,,,,,,,,,,,,,,,,,,,,,,,,,,,,,
,,,,,,,,,,,,,,,,,,,,,,,,,,,,,,,,,,,,,,,,,,,,,,,,,,,,,,,,,,,,,,,,,,479256,001,2024-11-25_10h58.04.982,experiment,2023.2.3,Win32,147.0588235,5f481e6faaf9582bdcd9697b,67446fa89e86ac01e4128331,6744b2f23276a33e40b8aa95,,,,,,,,,,,,,,,,,,,,,,,,,,,,,,,,,,,,,,,,,,,5,,,,,,,,,,,,,2,,,,,,,,,,,,,,,,,,,,,,,,,,,,,,,,,,,,,,,,,,,,,,k,1.0896,,space,0.5008,,2,brown_gnome,2,3,bright_forest,red_basket,orange_gnome,2,1,dark_forest,yellow_basket,5,0,0,1,orange_gnome,dark_forest,yellow_basket,3197,2,-2,29,2,234,5,1,,,,,,,,,,,,,,,,,,,,,,,,,,,,,,,,,,,,,,,,,,,,,,,,,,,,,,,,,,,,,,,,,,,,,
,,,,,,,,,,,,,,,,,,,,,,,,,,,,,,,,,,,,,,,,,,,,,,,,,,,,,,,,,,,,,,,,,,479256,001,2024-11-25_10h58.04.982,experiment,2023.2.3,Win32,147.0588235,5f481e6faaf9582bdcd9697b,67446fa89e86ac01e4128331,6744b2f23276a33e40b8aa95,,,,,,,,,,,,,,,,,,,,,,,,,,,,,,,,,,,,,,,,,,,1,,,,,,,,,,,,,1,,,,,,,,,,,,,,,,,,,,,,,,,,,,,,,,,,,,,,,,,,,,,,s,0.9004,,space,0.3333,,1,blue_gnome,1,5,bright_forest,red_basket,yellow_gnome,1,1,dark_forest,yellow_basket,5,0,0,1,blue_gnome,bright_forest,red_basket,3202,0,-2,29,3,235,0,1,,,,,,,,,,,,,,,,,,,,,,,,,,,,,,,,,,,,,,,,,,,,,,,,,,,,,,,,,,,,,,,,,,,,,
,,,,,,,,,,,,,,,,,,,,,,,,,,,,,,,,,,,,,,,,,,,,,,,,,,,,,,,,,,,,,,,,,,479256,001,2024-11-25_10h58.04.982,experiment,2023.2.3,Win32,147.0588235,5f481e6faaf9582bdcd9697b,67446fa89e86ac01e4128331,6744b2f23276a33e40b8aa95,,,,,,,,,,,,,,,,,,,,,,,,,,,,,,,,,,,,,,,,,,,5,,,,,,,,,,,,,4,,,,,,,,,,,,,,,,,,,,,,,,,,,,,,,,,,,,,,,,,,,,,,s,0.9853,,space,0.2503,,4,red_gnome,4,1,dark_forest,yellow_basket,pink_gnome,4,5,bright_forest,red_basket,5,0,0,1,red_gnome,dark_forest,yellow_basket,3207,-1,1,29,4,236,7,1,,,,,,,,,,,,,,,,,,,,,,,,,,,,,,,,,,,,,,,,,,,,,,,,,,,,,,,,,,,,,,,,,,,,,
,,,,,,,,,,,,,,,,,,,,,,,,,,,,,,,,,,,,,,,,,,,,,,,,,,,,,,,,,,,,,,,,,,479256,001,2024-11-25_10h58.04.982,experiment,2023.2.3,Win32,147.0588235,5f481e6faaf9582bdcd9697b,67446fa89e86ac01e4128331,6744b2f23276a33e40b8aa95,,,,,,,,,,,,,,,,,,,,,,,,,,,,,,,,,,,,,,,,,,,1,,,,,,,,,,,,,3,,,,,,,,,,,,,,,,,,,,,,,,,,,,,,,,,,,,,,,,,,,,,,k,1.0915,,space,0.3396,,3,purple_gnome,3,2,dark_forest,yellow_basket,green_gnome,3,4,bright_forest,red_basket,4,0,0,1,green_gnome,bright_forest,red_basket,3211,1,-3,29,5,237,2,1,,,,,,,,,,,,,,,,,,,,,,,,,,,,,,,,,,,,,,,,,,,,,,,,,,,,,,,,,,,,,,,,,,,,,
,,,,,,,,,,,,,,,,,,,,,,,,,,,,,,,,,,,,,,,,,,,,,,,,,,,,,,,,,,,,,,,,,,479256,001,2024-11-25_10h58.04.982,experiment,2023.2.3,Win32,147.0588235,5f481e6faaf9582bdcd9697b,67446fa89e86ac01e4128331,6744b2f23276a33e40b8aa95,,,,,,,,,,,,,,,,,,,,,,,,,,,,,,,,,,,,,,,,,,,5,,,,,,,,,,,,,3,,,,,,,,,,,,,,,,,,,,,,,,,,,,,,,,,,,,,,,,,,,,,,k,0.7409,,space,0.3245,,3,purple_gnome,3,1,dark_forest,yellow_basket,green_gnome,3,5,bright_forest,red_basket,25,0,0,1,green_gnome,bright_forest,red_basket,3236,3,1,29,6,238,6,1,,,,,,,,,,,,,,,,,,,,,,,,,,,,,,,,,,,,,,,,,,,,,,,,,,,,,,,,,,,,,,,,,,,,,
,,,,,,,,,,,,,,,,,,,,,,,,,,,,,,,,,,,,,,,,,,,,,,,,,,,,,,,,,,,,,,,,,,479256,001,2024-11-25_10h58.04.982,experiment,2023.2.3,Win32,147.0588235,5f481e6faaf9582bdcd9697b,67446fa89e86ac01e4128331,6744b2f23276a33e40b8aa95,,,,,,,,,,,,,,,,,,,,,,,,,,,,,,,,,,,,,,,,,,,1,,,,,,,,,,,,,1,,,,,,,,,,,,,,,,,,,,,,,,,,,,,,,,,,,,,,,,,,,,,,s,0.9013,,space,0.3713,,1,blue_gnome,1,8,bright_forest,red_basket,yellow_gnome,1,2,dark_forest,yellow_basket,8,0,0,1,blue_gnome,bright_forest,red_basket,3244,2,0,29,7,239,0,1,,,,,,,,,,,,,,,,,,,,,,,,,,,,,,,,,,,,,,,,,,,,,,,,,,,,,,,,,,,,,,,,,,,,,
,,,,,,,,,,,,,,,,,,,,,,,,,,,,,,,,,,,,,,,,,,,,,,,,,,,,,,,,,,,,,,,,,,479256,001,2024-11-25_10h58.04.982,experiment,2023.2.3,Win32,147.0588235,5f481e6faaf9582bdcd9697b,67446fa89e86ac01e4128331,6744b2f23276a33e40b8aa95,,,,,,,,,,,,,,,,,,,,,,,,,,,,,,,,,,,,,,,,,,,5,,,,,,,,,,,,,4,,,,,,,,,,,,,,,,,,,,,,,,,,,,,,,,,,,,,,,,,,,,,,k,0.7708,,space,0.4046,,4,red_gnome,4,2,dark_forest,yellow_basket,pink_gnome,4,8,bright_forest,red_basket,40,0,0,1,pink_gnome,bright_forest,red_basket,3284,1,1,30,0,240,7,1,,,,,,,,,,,,,,,,,,,,,,,,,,,,,,,,,,,,,,,,,,,,,,,,,,,,,,,,,,,,,,,,,,,,,
,,,,,,,,,,,,,,,,,,,,,,,,,,,,,,,,,,,,,,,,,,,,,,,,,,,,,,,,,,,,,,,,,,479256,001,2024-11-25_10h58.04.982,experiment,2023.2.3,Win32,147.0588235,5f481e6faaf9582bdcd9697b,67446fa89e86ac01e4128331,6744b2f23276a33e40b8aa95,,,,,,,,,,,,,,,,,,,,,,,,,,,,,,,,,,,,,,,,,,,5,,,,,,,,,,,,,3,,,,,,,,,,,,,,,,,,,,,,,,,,,,,,,,,,,,,,,,,,,,,,k,0.9578,,space,0.4659,,3,purple_gnome,3,3,dark_forest,yellow_basket,green_gnome,3,9,bright_forest,red_basket,45,0,0,1,green_gnome,bright_forest,red_basket,3329,-1,-2,30,1,241,6,1,,,,,,,,,,,,,,,,,,,,,,,,,,,,,,,,,,,,,,,,,,,,,,,,,,,,,,,,,,,,,,,,,,,,,
,,,,,,,,,,,,,,,,,,,,,,,,,,,,,,,,,,,,,,,,,,,,,,,,,,,,,,,,,,,,,,,,,,479256,001,2024-11-25_10h58.04.982,experiment,2023.2.3,Win32,147.0588235,5f481e6faaf9582bdcd9697b,67446fa89e86ac01e4128331,6744b2f23276a33e40b8aa95,,,,,,,,,,,,,,,,,,,,,,,,,,,,,,,,,,,,,,,,,,,1,,,,,,,,,,,,,2,,,,,,,,,,,,,,,,,,,,,,,,,,,,,,,,,,,,,,,,,,,,,,k,1.0606,,space,0.2773,,2,orange_gnome,2,1,dark_forest,yellow_basket,brown_gnome,2,8,bright_forest,red_basket,8,0,0,1,brown_gnome,bright_forest,red_basket,3337,2,1,30,2,242,1,1,,,,,,,,,,,,,,,,,,,,,,,,,,,,,,,,,,,,,,,,,,,,,,,,,,,,,,,,,,,,,,,,,,,,,
,,,,,,,,,,,,,,,,,,,,,,,,,,,,,,,,,,,,,,,,,,,,,,,,,,,,,,,,,,,,,,,,,,479256,001,2024-11-25_10h58.04.982,experiment,2023.2.3,Win32,147.0588235,5f481e6faaf9582bdcd9697b,67446fa89e86ac01e4128331,6744b2f23276a33e40b8aa95,,,,,,,,,,,,,,,,,,,,,,,,,,,,,,,,,,,,,,,,,,,5,,,,,,,,,,,,,1,,,,,,,,,,,,,,,,,,,,,,,,,,,,,,,,,,,,,,,,,,,,,,k,0.9674,,space,0.3184,,1,yellow_gnome,1,2,dark_forest,yellow_basket,blue_gnome,1,8,bright_forest,red_basket,40,0,0,1,blue_gnome,bright_forest,red_basket,3377,-4,0,30,3,243,4,1,,,,,,,,,,,,,,,,,,,,,,,,,,,,,,,,,,,,,,,,,,,,,,,,,,,,,,,,,,,,,,,,,,,,,
,,,,,,,,,,,,,,,,,,,,,,,,,,,,,,,,,,,,,,,,,,,,,,,,,,,,,,,,,,,,,,,,,,479256,001,2024-11-25_10h58.04.982,experiment,2023.2.3,Win32,147.0588235,5f481e6faaf9582bdcd9697b,67446fa89e86ac01e4128331,6744b2f23276a33e40b8aa95,,,,,,,,,,,,,,,,,,,,,,,,,,,,,,,,,,,,,,,,,,,1,,,,,,,,,,,,,2,,,,,,,,,,,,,,,,,,,,,,,,,,,,,,,,,,,,,,,,,,,,,,k,0.9654,,space,0.4395,,2,orange_gnome,2,2,dark_forest,yellow_basket,brown_gnome,2,4,bright_forest,red_basket,4,0,0,1,brown_gnome,bright_forest,red_basket,3381,-1,3,30,4,244,1,1,,,,,,,,,,,,,,,,,,,,,,,,,,,,,,,,,,,,,,,,,,,,,,,,,,,,,,,,,,,,,,,,,,,,,
,,,,,,,,,,,,,,,,,,,,,,,,,,,,,,,,,,,,,,,,,,,,,,,,,,,,,,,,,,,,,,,,,,479256,001,2024-11-25_10h58.04.982,experiment,2023.2.3,Win32,147.0588235,5f481e6faaf9582bdcd9697b,67446fa89e86ac01e4128331,6744b2f23276a33e40b8aa95,,,,,,,,,,,,,,,,,,,,,,,,,,,,,,,,,,,,,,,,,,,1,,,,,,,,,,,,,4,,,,,,,,,,,,,,,,,,,,,,,,,,,,,,,,,,,,,,,,,,,,,,k,1.0595,,space,0.3864,,4,pink_gnome,4,3,bright_forest,red_basket,red_gnome,4,5,dark_forest,yellow_basket,5,0,0,1,red_gnome,dark_forest,yellow_basket,3386,2,1,30,5,245,3,1,,,,,,,,,,,,,,,,,,,,,,,,,,,,,,,,,,,,,,,,,,,,,,,,,,,,,,,,,,,,,,,,,,,,,
,,,,,,,,,,,,,,,,,,,,,,,,,,,,,,,,,,,,,,,,,,,,,,,,,,,,,,,,,,,,,,,,,,479256,001,2024-11-25_10h58.04.982,experiment,2023.2.3,Win32,147.0588235,5f481e6faaf9582bdcd9697b,67446fa89e86ac01e4128331,6744b2f23276a33e40b8aa95,,,,,,,,,,,,,,,,,,,,,,,,,,,,,,,,,,,,,,,,,,,1,,,,,,,,,,,,,3,,,,,,,,,,,,,,,,,,,,,,,,,,,,,,,,,,,,,,,,,,,,,,s,0.9357,,space,0.5757,,3,green_gnome,3,5,bright_forest,red_basket,purple_gnome,3,6,dark_forest,yellow_basket,5,0,0,1,green_gnome,bright_forest,red_basket,3391,-2,-2,30,6,246,2,1,,,,,,,,,,,,,,,,,,,,,,,,,,,,,,,,,,,,,,,,,,,,,,,,,,,,,,,,,,,,,,,,,,,,,
,,,,,,,,,,,,,,,,,,,,,,,,,,,,,,,,,,,,,,,,,,,,,,,,,,,,,,,,,,,,,,,,,,479256,001,2024-11-25_10h58.04.982,experiment,2023.2.3,Win32,147.0588235,5f481e6faaf9582bdcd9697b,67446fa89e86ac01e4128331,6744b2f23276a33e40b8aa95,,,,,,,,,,,,,,,,,,,,,,,,,,,,,,,,,,,,,,,,,,,5,,,,,,,,,,,,,1,,,,,,,,,,,,,,,,,,,,,,,,,,,,,,,,,,,,,,,,,,,,,,k,0.8353,,space,0.4184,,1,yellow_gnome,1,4,dark_forest,yellow_basket,blue_gnome,1,3,bright_forest,red_basket,15,0,0,1,blue_gnome,bright_forest,red_basket,3406,-1,-1,30,7,247,4,1,,,,,,,,,,,,,,,,,,,,,,,,,,,,,,,,,,,,,,,,,,,,,,,,,,,,,,,,,,,,,,,,,,,,,
,,,,,,,,,,,,,,,,,,,,,,,,,,,,,,,,,,,,,,,,,,,,,,,,,,,,,,,,,,,,,,,,,,479256,001,2024-11-25_10h58.04.982,experiment,2023.2.3,Win32,147.0588235,5f481e6faaf9582bdcd9697b,67446fa89e86ac01e4128331,6744b2f23276a33e40b8aa95,,,,,,,,,,,,,,,,,,,,,,,,,,,,,,,,,,,,,,,,,,,1,,,,,,,,,,,,,4,,,,,,,,,,,,,,,,,,,,,,,,,,,,,,,,,,,,,,,,,,,,,,k,1.0697,,space,0.2479,,4,pink_gnome,4,2,bright_forest,red_basket,red_gnome,4,3,dark_forest,yellow_basket,3,0,0,1,red_gnome,dark_forest,yellow_basket,3409,-3,0,31,0,248,3,1,,,,,,,,,,,,,,,,,,,,,,,,,,,,,,,,,,,,,,,,,,,,,,,,,,,,,,,,,,,,,,,,,,,,,
,,,,,,,,,,,,,,,,,,,,,,,,,,,,,,,,,,,,,,,,,,,,,,,,,,,,,,,,,,,,,,,,,,479256,001,2024-11-25_10h58.04.982,experiment,2023.2.3,Win32,147.0588235,5f481e6faaf9582bdcd9697b,67446fa89e86ac01e4128331,6744b2f23276a33e40b8aa95,,,,,,,,,,,,,,,,,,,,,,,,,,,,,,,,,,,,,,,,,,,5,,,,,,,,,,,,,4,,,,,,,,,,,,,,,,,,,,,,,,,,,,,,,,,,,,,,,,,,,,,,k,1.0036,,space,0.3946,,4,red_gnome,4,3,dark_forest,yellow_basket,pink_gnome,4,1,bright_forest,red_basket,5,0,0,1,pink_gnome,bright_forest,red_basket,3414,-2,1,31,1,249,7,1,,,,,,,,,,,,,,,,,,,,,,,,,,,,,,,,,,,,,,,,,,,,,,,,,,,,,,,,,,,,,,,,,,,,,
,,,,,,,,,,,,,,,,,,,,,,,,,,,,,,,,,,,,,,,,,,,,,,,,,,,,,,,,,,,,,,,,,,479256,001,2024-11-25_10h58.04.982,experiment,2023.2.3,Win32,147.0588235,5f481e6faaf9582bdcd9697b,67446fa89e86ac01e4128331,6744b2f23276a33e40b8aa95,,,,,,,,,,,,,,,,,,,,,,,,,,,,,,,,,,,,,,,,,,,1,,,,,,,,,,,,,3,,,,,,,,,,,,,,,,,,,,,,,,,,,,,,,,,,,,,,,,,,,,,,k,0.9991,,space,0.321,,3,purple_gnome,3,4,dark_forest,yellow_basket,green_gnome,3,1,bright_forest,red_basket,1,0,0,1,green_gnome,bright_forest,red_basket,3415,1,-2,31,2,250,2,1,,,,,,,,,,,,,,,,,,,,,,,,,,,,,,,,,,,,,,,,,,,,,,,,,,,,,,,,,,,,,,,,,,,,,
,,,,,,,,,,,,,,,,,,,,,,,,,,,,,,,,,,,,,,,,,,,,,,,,,,,,,,,,,,,,,,,,,,479256,001,2024-11-25_10h58.04.982,experiment,2023.2.3,Win32,147.0588235,5f481e6faaf9582bdcd9697b,67446fa89e86ac01e4128331,6744b2f23276a33e40b8aa95,,,,,,,,,,,,,,,,,,,,,,,,,,,,,,,,,,,,,,,,,,,1,,,,,,,,,,,,,3,,,,,,,,,,,,,,,,,,,,,,,,,,,,,,,,,,,,,,,,,,,,,,k,0.972,,space,0.2683,,3,green_gnome,3,2,bright_forest,red_basket,purple_gnome,3,2,dark_forest,yellow_basket,2,0,0,1,purple_gnome,dark_forest,yellow_basket,3417,-3,-3,31,3,251,2,1,,,,,,,,,,,,,,,,,,,,,,,,,,,,,,,,,,,,,,,,,,,,,,,,,,,,,,,,,,,,,,,,,,,,,
,,,,,,,,,,,,,,,,,,,,,,,,,,,,,,,,,,,,,,,,,,,,,,,,,,,,,,,,,,,,,,,,,,479256,001,2024-11-25_10h58.04.982,experiment,2023.2.3,Win32,147.0588235,5f481e6faaf9582bdcd9697b,67446fa89e86ac01e4128331,6744b2f23276a33e40b8aa95,,,,,,,,,,,,,,,,,,,,,,,,,,,,,,,,,,,,,,,,,,,5,,,,,,,,,,,,,2,,,,,,,,,,,,,,,,,,,,,,,,,,,,,,,,,,,,,,,,,,,,,,s,0.8959,,space,0.243,,2,orange_gnome,2,1,dark_forest,yellow_basket,brown_gnome,2,1,bright_forest,red_basket,5,0,0,1,orange_gnome,dark_forest,yellow_basket,3422,5,1,31,4,252,5,1,,,,,,,,,,,,,,,,,,,,,,,,,,,,,,,,,,,,,,,,,,,,,,,,,,,,,,,,,,,,,,,,,,,,,
,,,,,,,,,,,,,,,,,,,,,,,,,,,,,,,,,,,,,,,,,,,,,,,,,,,,,,,,,,,,,,,,,,479256,001,2024-11-25_10h58.04.982,experiment,2023.2.3,Win32,147.0588235,5f481e6faaf9582bdcd9697b,67446fa89e86ac01e4128331,6744b2f23276a33e40b8aa95,,,,,,,,,,,,,,,,,,,,,,,,,,,,,,,,,,,,,,,,,,,5,,,,,,,,,,,,,2,,,,,,,,,,,,,,,,,,,,,,,,,,,,,,,,,,,,,,,,,,,,,,k,0.6602,,space,0.3535,,2,orange_gnome,2,2,dark_forest,yellow_basket,brown_gnome,2,6,bright_forest,red_basket,30,0,0,1,brown_gnome,bright_forest,red_basket,3452,0,1,31,5,253,5,1,,,,,,,,,,,,,,,,,,,,,,,,,,,,,,,,,,,,,,,,,,,,,,,,,,,,,,,,,,,,,,,,,,,,,
,,,,,,,,,,,,,,,,,,,,,,,,,,,,,,,,,,,,,,,,,,,,,,,,,,,,,,,,,,,,,,,,,,479256,001,2024-11-25_10h58.04.982,experiment,2023.2.3,Win32,147.0588235,5f481e6faaf9582bdcd9697b,67446fa89e86ac01e4128331,6744b2f23276a33e40b8aa95,,,,,,,,,,,,,,,,,,,,,,,,,,,,,,,,,,,,,,,,,,,5,,,,,,,,,,,,,1,,,,,,,,,,,,,,,,,,,,,,,,,,,,,,,,,,,,,,,,,,,,,,k,0.7497,,space,0.2678,,1,yellow_gnome,1,3,dark_forest,yellow_basket,blue_gnome,1,6,bright_forest,red_basket,30,0,0,1,blue_gnome,bright_forest,red_basket,3482,-2,-4,31,6,254,4,1,,,,,,,,,,,,,,,,,,,,,,,,,,,,,,,,,,,,,,,,,,,,,,,,,,,,,,,,,,,,,,,,,,,,,
,,,,,,,,,,,,,,,,,,,,,,,,,,,,,,,,,,,,,,,,,,,,,,,,,,,,,,,,,,,,,,,,,,479256,001,2024-11-25_10h58.04.982,experiment,2023.2.3,Win32,147.0588235,5f481e6faaf9582bdcd9697b,67446fa89e86ac01e4128331,6744b2f23276a33e40b8aa95,,,,,,,,,,,,,,,,,,,,,,,,,,,,,,,,,,,,,,,,,,,1,,,,,,,,,,,,,1,,,,,,,,,,,,,,,,,,,,,,,,,,,,,,,,,,,,,,,,,,,,,,s,1.1035,,space,0.3605,,1,blue_gnome,1,4,bright_forest,red_basket,yellow_gnome,1,1,dark_forest,yellow_basket,4,0,0,1,blue_gnome,bright_forest,red_basket,3486,2,-3,31,7,255,0,1,,,,,,,,,,,,,,,,,,,,,,,,,,,,,,,,,,,,,,,,,,,,,,,,,,,,,,,,,,,,,,,,,,,,,
,,,,,,,,,,,,,,,,,,,,,,,,,,,,,,,,,,,,,,,,,,,,,,,,,,,,,,,,,,,,,,,,,,479256,001,2024-11-25_10h58.04.982,experiment,2023.2.3,Win32,147.0588235,5f481e6faaf9582bdcd9697b,67446fa89e86ac01e4128331,6744b2f23276a33e40b8aa95,,,,,,,,,,,,,,,,,,,,,,,,,,,,,,,,,,,,,,,,,,,,,,,,,,,,,,,,,,,,,,,,,,,,,,,,,,,,,,,,,,,,,,,,,,,,,,,,,,,,,,,,,,,,,,,,,,,,,,,,,,,,,,,,,,,,,,,,,,,space,4.3476,,space,7.3587,,space,10.5405,,space,7.9856,,space,3.0337,,22.03703704,11.6419,59.44444444,8.1559,space,11.8005,,brown_gnome,yellow_gnome,0,0,0,5,1,0,6,,,,,,,,,,,,,,,,,,,,,,,,,,,,,,,,,
,,,,,,,,,,,,,,,,,,,,,,,,,,,,,,,,,,,,,,,,,,,,,,,,,,,,,,,,,,,,,,,,,,479256,001,2024-11-25_10h58.04.982,experiment,2023.2.3,Win32,147.0588235,5f481e6faaf9582bdcd9697b,67446fa89e86ac01e4128331,6744b2f23276a33e40b8aa95,,,,,,,,,,,,,,,,,,,,,,,,,,,,,,,,,,,,,,,,,,,,,,,,,,,,,,,,,,,,,,,,,,,,,,,,,,,,,,,,,,,,,,,,,,,,,,,,,,,,,,,,,,,,,,,,,,,,,,,,,,,,,,,,,,,,,,,,,,,,,,,,,,,,,,,,,,0,4.2321,100,5.6763,space,5.6867,,purple_gnome,pink_gnome,0,1,1,7,1,1,2,,,,,,,,,,,,,,,,,,,,,,,,,,,,,,,,,
,,,,,,,,,,,,,,,,,,,,,,,,,,,,,,,,,,,,,,,,,,,,,,,,,,,,,,,,,,,,,,,,,,479256,001,2024-11-25_10h58.04.982,experiment,2023.2.3,Win32,147.0588235,5f481e6faaf9582bdcd9697b,67446fa89e86ac01e4128331,6744b2f23276a33e40b8aa95,,,,,,,,,,,,,,,,,,,,,,,,,,,,,,,,,,,,,,,,,,,,,,,,,,,,,,,,,,,,,,,,,,,,,,,,,,,,,,,,,,,,,,,,,,,,,,,,,,,,,,,,,,,,,,,,,,,,,,,,,,,,,,,,,,,,,,,,,,,,,,,,,,,,,,,,,,0,4.0859,100,6.0536,space,5.991,,yellow_gnome,orange_gnome,0,2,2,27,1,6,7,,,,,,,,,,,,,,,,,,,,,,,,,,,,,,,,,
,,,,,,,,,,,,,,,,,,,,,,,,,,,,,,,,,,,,,,,,,,,,,,,,,,,,,,,,,,,,,,,,,,479256,001,2024-11-25_10h58.04.982,experiment,2023.2.3,Win32,147.0588235,5f481e6faaf9582bdcd9697b,67446fa89e86ac01e4128331,6744b2f23276a33e40b8aa95,,,,,,,,,,,,,,,,,,,,,,,,,,,,,,,,,,,,,,,,,,,,,,,,,,,,,,,,,,,,,,,,,,,,,,,,,,,,,,,,,,,,,,,,,,,,,,,,,,,,,,,,,,,,,,,,,,,,,,,,,,,,,,,,,,,,,,,,,,,,,,,,,,,,,,,,,,0,4.1548,100,5.6645,space,5.7182,,purple_gnome,blue_gnome,0,3,3,8,1,1,3,,,,,,,,,,,,,,,,,,,,,,,,,,,,,,,,,
,,,,,,,,,,,,,,,,,,,,,,,,,,,,,,,,,,,,,,,,,,,,,,,,,,,,,,,,,,,,,,,,,,479256,001,2024-11-25_10h58.04.982,experiment,2023.2.3,Win32,147.0588235,5f481e6faaf9582bdcd9697b,67446fa89e86ac01e4128331,6744b2f23276a33e40b8aa95,,,,,,,,,,,,,,,,,,,,,,,,,,,,,,,,,,,,,,,,,,,,,,,,,,,,,,,,,,,,,,,,,,,,,,,,,,,,,,,,,,,,,,,,,,,,,,,,,,,,,,,,,,,,,,,,,,,,,,,,,,,,,,,,,,,,,,,,,,,,,,,,,,,,,,,,,,92.96296296,3.7907,100,5.3245,space,5.3458,,blue_gnome,yellow_gnome,0,4,4,20,1,3,6,,,,,,,,,,,,,,,,,,,,,,,,,,,,,,,,,
,,,,,,,,,,,,,,,,,,,,,,,,,,,,,,,,,,,,,,,,,,,,,,,,,,,,,,,,,,,,,,,,,,479256,001,2024-11-25_10h58.04.982,experiment,2023.2.3,Win32,147.0588235,5f481e6faaf9582bdcd9697b,67446fa89e86ac01e4128331,6744b2f23276a33e40b8aa95,,,,,,,,,,,,,,,,,,,,,,,,,,,,,,,,,,,,,,,,,,,,,,,,,,,,,,,,,,,,,,,,,,,,,,,,,,,,,,,,,,,,,,,,,,,,,,,,,,,,,,,,,,,,,,,,,,,,,,,,,,,,,,,,,,,,,,,,,,,,,,,,,,,,,,,,,,50.18518519,6.3757,50.37037037,8.0834,space,7.9011,,orange_gnome,pink_gnome,0,5,5,17,1,2,7,,,,,,,,,,,,,,,,,,,,,,,,,,,,,,,,,
,,,,,,,,,,,,,,,,,,,,,,,,,,,,,,,,,,,,,,,,,,,,,,,,,,,,,,,,,,,,,,,,,,479256,001,2024-11-25_10h58.04.982,experiment,2023.2.3,Win32,147.0588235,5f481e6faaf9582bdcd9697b,67446fa89e86ac01e4128331,6744b2f23276a33e40b8aa95,,,,,,,,,,,,,,,,,,,,,,,,,,,,,,,,,,,,,,,,,,,,,,,,,,,,,,,,,,,,,,,,,,,,,,,,,,,,,,,,,,,,,,,,,,,,,,,,,,,,,,,,,,,,,,,,,,,,,,,,,,,,,,,,,,,,,,,,,,,,,,,,,,,,,,,,,,100,6.1697,100,7.54,space,7.4836,,green_gnome,purple_gnome,0,6,6,9,1,1,4,,,,,,,,,,,,,,,,,,,,,,,,,,,,,,,,,
,,,,,,,,,,,,,,,,,,,,,,,,,,,,,,,,,,,,,,,,,,,,,,,,,,,,,,,,,,,,,,,,,,479256,001,2024-11-25_10h58.04.982,experiment,2023.2.3,Win32,147.0588235,5f481e6faaf9582bdcd9697b,67446fa89e86ac01e4128331,6744b2f23276a33e40b8aa95,,,,,,,,,,,,,,,,,,,,,,,,,,,,,,,,,,,,,,,,,,,,,,,,,,,,,,,,,,,,,,,,,,,,,,,,,,,,,,,,,,,,,,,,,,,,,,,,,,,,,,,,,,,,,,,,,,,,,,,,,,,,,,,,,,,,,,,,,,,,,,,,,,,,,,,,,,0,5.3382,66.01851852,6.4348,space,6.1877,,green_gnome,pink_gnome,0,7,7,14,1,2,4,,,,,,,,,,,,,,,,,,,,,,,,,,,,,,,,,
,,,,,,,,,,,,,,,,,,,,,,,,,,,,,,,,,,,,,,,,,,,,,,,,,,,,,,,,,,,,,,,,,,479256,001,2024-11-25_10h58.04.982,experiment,2023.2.3,Win32,147.0588235,5f481e6faaf9582bdcd9697b,67446fa89e86ac01e4128331,6744b2f23276a33e40b8aa95,,,,,,,,,,,,,,,,,,,,,,,,,,,,,,,,,,,,,,,,,,,,,,,,,,,,,,,,,,,,,,,,,,,,,,,,,,,,,,,,,,,,,,,,,,,,,,,,,,,,,,,,,,,,,,,,,,,,,,,,,,,,,,,,,,,,,,,,,,,,,,,,,,,,,,,,,,16.01851852,6.1806,77.96296296,7.4933,space,7.4829,,brown_gnome,green_gnome,0,8,8,3,1,0,4,,,,,,,,,,,,,,,,,,,,,,,,,,,,,,,,,
,,,,,,,,,,,,,,,,,,,,,,,,,,,,,,,,,,,,,,,,,,,,,,,,,,,,,,,,,,,,,,,,,,479256,001,2024-11-25_10h58.04.982,experiment,2023.2.3,Win32,147.0588235,5f481e6faaf9582bdcd9697b,67446fa89e86ac01e4128331,6744b2f23276a33e40b8aa95,,,,,,,,,,,,,,,,,,,,,,,,,,,,,,,,,,,,,,,,,,,,,,,,,,,,,,,,,,,,,,,,,,,,,,,,,,,,,,,,,,,,,,,,,,,,,,,,,,,,,,,,,,,,,,,,,,,,,,,,,,,,,,,,,,,,,,,,,,,,,,,,,,,,,,,,,,58.88888889,3.5156,63.51851852,4.6815,space,4.6338,,red_gnome,pink_gnome,0,9,9,15,1,2,5,,,,,,,,,,,,,,,,,,,,,,,,,,,,,,,,,
,,,,,,,,,,,,,,,,,,,,,,,,,,,,,,,,,,,,,,,,,,,,,,,,,,,,,,,,,,,,,,,,,,479256,001,2024-11-25_10h58.04.982,experiment,2023.2.3,Win32,147.0588235,5f481e6faaf9582bdcd9697b,67446fa89e86ac01e4128331,6744b2f23276a33e40b8aa95,,,,,,,,,,,,,,,,,,,,,,,,,,,,,,,,,,,,,,,,,,,,,,,,,,,,,,,,,,,,,,,,,,,,,,,,,,,,,,,,,,,,,,,,,,,,,,,,,,,,,,,,,,,,,,,,,,,,,,,,,,,,,,,,,,,,,,,,,,,,,,,,,,,,,,,,,,16.94444444,4.4633,78.88888889,5.852,space,5.6313,,yellow_gnome,pink_gnome,0,10,10,16,1,2,6,,,,,,,,,,,,,,,,,,,,,,,,,,,,,,,,,
,,,,,,,,,,,,,,,,,,,,,,,,,,,,,,,,,,,,,,,,,,,,,,,,,,,,,,,,,,,,,,,,,,479256,001,2024-11-25_10h58.04.982,experiment,2023.2.3,Win32,147.0588235,5f481e6faaf9582bdcd9697b,67446fa89e86ac01e4128331,6744b2f23276a33e40b8aa95,,,,,,,,,,,,,,,,,,,,,,,,,,,,,,,,,,,,,,,,,,,,,,,,,,,,,,,,,,,,,,,,,,,,,,,,,,,,,,,,,,,,,,,,,,,,,,,,,,,,,,,,,,,,,,,,,,,,,,,,,,,,,,,,,,,,,,,,,,,,,,,,,,,,,,,,,,28.7962963,4.773,69.25925926,6.7464,space,6.4878,,purple_gnome,yellow_gnome,0,11,11,11,1,1,6,,,,,,,,,,,,,,,,,,,,,,,,,,,,,,,,,
,,,,,,,,,,,,,,,,,,,,,,,,,,,,,,,,,,,,,,,,,,,,,,,,,,,,,,,,,,,,,,,,,,479256,001,2024-11-25_10h58.04.982,experiment,2023.2.3,Win32,147.0588235,5f481e6faaf9582bdcd9697b,67446fa89e86ac01e4128331,6744b2f23276a33e40b8aa95,,,,,,,,,,,,,,,,,,,,,,,,,,,,,,,,,,,,,,,,,,,,,,,,,,,,,,,,,,,,,,,,,,,,,,,,,,,,,,,,,,,,,,,,,,,,,,,,,,,,,,,,,,,,,,,,,,,,,,,,,,,,,,,,,,,,,,,,,,,,,,,,,,,,,,,,,,2.87037037,3.8541,96.57407407,6.6306,space,6.446,,green_gnome,blue_gnome,0,12,12,18,1,3,4,,,,,,,,,,,,,,,,,,,,,,,,,,,,,,,,,
,,,,,,,,,,,,,,,,,,,,,,,,,,,,,,,,,,,,,,,,,,,,,,,,,,,,,,,,,,,,,,,,,,479256,001,2024-11-25_10h58.04.982,experiment,2023.2.3,Win32,147.0588235,5f481e6faaf9582bdcd9697b,67446fa89e86ac01e4128331,6744b2f23276a33e40b8aa95,,,,,,,,,,,,,,,,,,,,,,,,,,,,,,,,,,,,,,,,,,,,,,,,,,,,,,,,,,,,,,,,,,,,,,,,,,,,,,,,,,,,,,,,,,,,,,,,,,,,,,,,,,,,,,,,,,,,,,,,,,,,,,,,,,,,,,,,,,,,,,,,,,,,,,,,,,26.38888889,4.2597,66.11111111,5.6344,space,5.4403,,purple_gnome,red_gnome,0,13,13,10,1,1,5,,,,,,,,,,,,,,,,,,,,,,,,,,,,,,,,,
,,,,,,,,,,,,,,,,,,,,,,,,,,,,,,,,,,,,,,,,,,,,,,,,,,,,,,,,,,,,,,,,,,479256,001,2024-11-25_10h58.04.982,experiment,2023.2.3,Win32,147.0588235,5f481e6faaf9582bdcd9697b,67446fa89e86ac01e4128331,6744b2f23276a33e40b8aa95,,,,,,,,,,,,,,,,,,,,,,,,,,,,,,,,,,,,,,,,,,,,,,,,,,,,,,,,,,,,,,,,,,,,,,,,,,,,,,,,,,,,,,,,,,,,,,,,,,,,,,,,,,,,,,,,,,,,,,,,,,,,,,,,,,,,,,,,,,,,,,,,,,,,,,,,,,22.31481481,3.6096,75.46296296,5.5196,space,5.2595,,red_gnome,green_gnome,0,14,14,22,1,4,5,,,,,,,,,,,,,,,,,,,,,,,,,,,,,,,,,
,,,,,,,,,,,,,,,,,,,,,,,,,,,,,,,,,,,,,,,,,,,,,,,,,,,,,,,,,,,,,,,,,,479256,001,2024-11-25_10h58.04.982,experiment,2023.2.3,Win32,147.0588235,5f481e6faaf9582bdcd9697b,67446fa89e86ac01e4128331,6744b2f23276a33e40b8aa95,,,,,,,,,,,,,,,,,,,,,,,,,,,,,,,,,,,,,,,,,,,,,,,,,,,,,,,,,,,,,,,,,,,,,,,,,,,,,,,,,,,,,,,,,,,,,,,,,,,,,,,,,,,,,,,,,,,,,,,,,,,,,,,,,,,,,,,,,,,,,,,,,,,,,,,,,,0,2.4002,100,4.0184,space,3.8138,,blue_gnome,red_gnome,0,15,15,19,1,3,5,,,,,,,,,,,,,,,,,,,,,,,,,,,,,,,,,
,,,,,,,,,,,,,,,,,,,,,,,,,,,,,,,,,,,,,,,,,,,,,,,,,,,,,,,,,,,,,,,,,,479256,001,2024-11-25_10h58.04.982,experiment,2023.2.3,Win32,147.0588235,5f481e6faaf9582bdcd9697b,67446fa89e86ac01e4128331,6744b2f23276a33e40b8aa95,,,,,,,,,,,,,,,,,,,,,,,,,,,,,,,,,,,,,,,,,,,,,,,,,,,,,,,,,,,,,,,,,,,,,,,,,,,,,,,,,,,,,,,,,,,,,,,,,,,,,,,,,,,,,,,,,,,,,,,,,,,,,,,,,,,,,,,,,,,,,,,,,,,,,,,,,,27.40740741,3.8607,76.85185185,5.4448,space,5.1458,,blue_gnome,orange_gnome,0,16,16,21,1,3,7,,,,,,,,,,,,,,,,,,,,,,,,,,,,,,,,,
,,,,,,,,,,,,,,,,,,,,,,,,,,,,,,,,,,,,,,,,,,,,,,,,,,,,,,,,,,,,,,,,,,479256,001,2024-11-25_10h58.04.982,experiment,2023.2.3,Win32,147.0588235,5f481e6faaf9582bdcd9697b,67446fa89e86ac01e4128331,6744b2f23276a33e40b8aa95,,,,,,,,,,,,,,,,,,,,,,,,,,,,,,,,,,,,,,,,,,,,,,,,,,,,,,,,,,,,,,,,,,,,,,,,,,,,,,,,,,,,,,,,,,,,,,,,,,,,,,,,,,,,,,,,,,,,,,,,,,,,,,,,,,,,,,,,,,,,,,,,,,,,,,,,,,1.111111111,2.2947,91.2037037,3.7799,space,3.5112,,purple_gnome,brown_gnome,0,17,17,0,1,0,1,,,,,,,,,,,,,,,,,,,,,,,,,,,,,,,,,
,,,,,,,,,,,,,,,,,,,,,,,,,,,,,,,,,,,,,,,,,,,,,,,,,,,,,,,,,,,,,,,,,,479256,001,2024-11-25_10h58.04.982,experiment,2023.2.3,Win32,147.0588235,5f481e6faaf9582bdcd9697b,67446fa89e86ac01e4128331,6744b2f23276a33e40b8aa95,,,,,,,,,,,,,,,,,,,,,,,,,,,,,,,,,,,,,,,,,,,,,,,,,,,,,,,,,,,,,,,,,,,,,,,,,,,,,,,,,,,,,,,,,,,,,,,,,,,,,,,,,,,,,,,,,,,,,,,,,,,,,,,,,,,,,,,,,,,,,,,,,,,,,,,,,,0,3.0305,77.77777778,4.7167,space,4.5117,,pink_gnome,brown_gnome,0,18,18,1,1,0,2,,,,,,,,,,,,,,,,,,,,,,,,,,,,,,,,,
,,,,,,,,,,,,,,,,,,,,,,,,,,,,,,,,,,,,,,,,,,,,,,,,,,,,,,,,,,,,,,,,,,479256,001,2024-11-25_10h58.04.982,experiment,2023.2.3,Win32,147.0588235,5f481e6faaf9582bdcd9697b,67446fa89e86ac01e4128331,6744b2f23276a33e40b8aa95,,,,,,,,,,,,,,,,,,,,,,,,,,,,,,,,,,,,,,,,,,,,,,,,,,,,,,,,,,,,,,,,,,,,,,,,,,,,,,,,,,,,,,,,,,,,,,,,,,,,,,,,,,,,,,,,,,,,,,,,,,,,,,,,,,,,,,,,,,,,,,,,,,,,,,,,,,78.7962963,3.5474,78.7962963,4.4922,space,4.3021,,purple_gnome,orange_gnome,0,19,19,12,1,1,7,,,,,,,,,,,,,,,,,,,,,,,,,,,,,,,,,
,,,,,,,,,,,,,,,,,,,,,,,,,,,,,,,,,,,,,,,,,,,,,,,,,,,,,,,,,,,,,,,,,,479256,001,2024-11-25_10h58.04.982,experiment,2023.2.3,Win32,147.0588235,5f481e6faaf9582bdcd9697b,67446fa89e86ac01e4128331,6744b2f23276a33e40b8aa95,,,,,,,,,,,,,,,,,,,,,,,,,,,,,,,,,,,,,,,,,,,,,,,,,,,,,,,,,,,,,,,,,,,,,,,,,,,,,,,,,,,,,,,,,,,,,,,,,,,,,,,,,,,,,,,,,,,,,,,,,,,,,,,,,,,,,,,,,,,,,,,,,,,,,,,,,,50.09259259,4.2127,48.7037037,5.4499,space,5.1831,,brown_gnome,orange_gnome,0,20,20,6,1,0,7,,,,,,,,,,,,,,,,,,,,,,,,,,,,,,,,,
,,,,,,,,,,,,,,,,,,,,,,,,,,,,,,,,,,,,,,,,,,,,,,,,,,,,,,,,,,,,,,,,,,479256,001,2024-11-25_10h58.04.982,experiment,2023.2.3,Win32,147.0588235,5f481e6faaf9582bdcd9697b,67446fa89e86ac01e4128331,6744b2f23276a33e40b8aa95,,,,,,,,,,,,,,,,,,,,,,,,,,,,,,,,,,,,,,,,,,,,,,,,,,,,,,,,,,,,,,,,,,,,,,,,,,,,,,,,,,,,,,,,,,,,,,,,,,,,,,,,,,,,,,,,,,,,,,,,,,,,,,,,,,,,,,,,,,,,,,,,,,,,,,,,,,0,2.9505,88.61111111,4.4697,space,4.2284,,pink_gnome,blue_gnome,0,21,21,13,1,2,3,,,,,,,,,,,,,,,,,,,,,,,,,,,,,,,,,
,,,,,,,,,,,,,,,,,,,,,,,,,,,,,,,,,,,,,,,,,,,,,,,,,,,,,,,,,,,,,,,,,,479256,001,2024-11-25_10h58.04.982,experiment,2023.2.3,Win32,147.0588235,5f481e6faaf9582bdcd9697b,67446fa89e86ac01e4128331,6744b2f23276a33e40b8aa95,,,,,,,,,,,,,,,,,,,,,,,,,,,,,,,,,,,,,,,,,,,,,,,,,,,,,,,,,,,,,,,,,,,,,,,,,,,,,,,,,,,,,,,,,,,,,,,,,,,,,,,,,,,,,,,,,,,,,,,,,,,,,,,,,,,,,,,,,,,,,,,,,,,,,,,,,,13.98148148,4.795,77.87037037,6.0607,space,5.9892,,green_gnome,yellow_gnome,0,22,22,23,1,4,6,,,,,,,,,,,,,,,,,,,,,,,,,,,,,,,,,
,,,,,,,,,,,,,,,,,,,,,,,,,,,,,,,,,,,,,,,,,,,,,,,,,,,,,,,,,,,,,,,,,,479256,001,2024-11-25_10h58.04.982,experiment,2023.2.3,Win32,147.0588235,5f481e6faaf9582bdcd9697b,67446fa89e86ac01e4128331,6744b2f23276a33e40b8aa95,,,,,,,,,,,,,,,,,,,,,,,,,,,,,,,,,,,,,,,,,,,,,,,,,,,,,,,,,,,,,,,,,,,,,,,,,,,,,,,,,,,,,,,,,,,,,,,,,,,,,,,,,,,,,,,,,,,,,,,,,,,,,,,,,,,,,,,,,,,,,,,,,,,,,,,,,,45.46296296,2.5008,45,3.4252,space,3.1157,,green_gnome,orange_gnome,0,23,23,24,1,4,7,,,,,,,,,,,,,,,,,,,,,,,,,,,,,,,,,
,,,,,,,,,,,,,,,,,,,,,,,,,,,,,,,,,,,,,,,,,,,,,,,,,,,,,,,,,,,,,,,,,,479256,001,2024-11-25_10h58.04.982,experiment,2023.2.3,Win32,147.0588235,5f481e6faaf9582bdcd9697b,67446fa89e86ac01e4128331,6744b2f23276a33e40b8aa95,,,,,,,,,,,,,,,,,,,,,,,,,,,,,,,,,,,,,,,,,,,,,,,,,,,,,,,,,,,,,,,,,,,,,,,,,,,,,,,,,,,,,,,,,,,,,,,,,,,,,,,,,,,,,,,,,,,,,,,,,,,,,,,,,,,,,,,,,,,,,,,,,,,,,,,,,,22.12962963,2.797,73.51851852,3.9311,space,3.9207,,blue_gnome,brown_gnome,0,24,24,2,1,0,3,,,,,,,,,,,,,,,,,,,,,,,,,,,,,,,,,
,,,,,,,,,,,,,,,,,,,,,,,,,,,,,,,,,,,,,,,,,,,,,,,,,,,,,,,,,,,,,,,,,,479256,001,2024-11-25_10h58.04.982,experiment,2023.2.3,Win32,147.0588235,5f481e6faaf9582bdcd9697b,67446fa89e86ac01e4128331,6744b2f23276a33e40b8aa95,,,,,,,,,,,,,,,,,,,,,,,,,,,,,,,,,,,,,,,,,,,,,,,,,,,,,,,,,,,,,,,,,,,,,,,,,,,,,,,,,,,,,,,,,,,,,,,,,,,,,,,,,,,,,,,,,,,,,,,,,,,,,,,,,,,,,,,,,,,,,,,,,,,,,,,,,,40,17.1683,53.7037037,18.1647,space,17.9218,,red_gnome,orange_gnome,0,25,25,26,1,5,7,,,,,,,,,,,,,,,,,,,,,,,,,,,,,,,,,
,,,,,,,,,,,,,,,,,,,,,,,,,,,,,,,,,,,,,,,,,,,,,,,,,,,,,,,,,,,,,,,,,,479256,001,2024-11-25_10h58.04.982,experiment,2023.2.3,Win32,147.0588235,5f481e6faaf9582bdcd9697b,67446fa89e86ac01e4128331,6744b2f23276a33e40b8aa95,,,,,,,,,,,,,,,,,,,,,,,,,,,,,,,,,,,,,,,,,,,,,,,,,,,,,,,,,,,,,,,,,,,,,,,,,,,,,,,,,,,,,,,,,,,,,,,,,,,,,,,,,,,,,,,,,,,,,,,,,,,,,,,,,,,,,,,,,,,,,,,,,,,,,,,,,,47.96296296,8.1053,49.07407407,9.0488,space,8.8655,,red_gnome,brown_gnome,0,26,26,4,1,0,5,,,,,,,,,,,,,,,,,,,,,,,,,,,,,,,,,
,,,,,,,,,,,,,,,,,,,,,,,,,,,,,,,,,,,,,,,,,,,,,,,,,,,,,,,,,,,,,,,,,,479256,001,2024-11-25_10h58.04.982,experiment,2023.2.3,Win32,147.0588235,5f481e6faaf9582bdcd9697b,67446fa89e86ac01e4128331,6744b2f23276a33e40b8aa95,,,,,,,,,,,,,,,,,,,,,,,,,,,,,,,,,,,,,,,,,,,,,,,,,,,,,,,,,,,,,,,,,,,,,,,,,,,,,,,,,,,,,,,,,,,,,,,,,,,,,,,,,,,,,,,,,,,,,,,,,,,,,,,,,,,,,,,,,,,,,,,,,,,,,,,,,,27.59259259,3.839,37.87037037,4.8457,space,5.1217,,red_gnome,yellow_gnome,0,27,27,25,1,5,6,,,,,,,,,,,,,,,,,,,,,,,,,,,,,,,,,
,,,,,,,,,,,,,,,,,,,,,,,,,,,,,,,,,,,,,,,,,,,,,,,,,,,,,,,,,,,,,,,,,,479256,001,2024-11-25_10h58.04.982,experiment,2023.2.3,Win32,147.0588235,5f481e6faaf9582bdcd9697b,67446fa89e86ac01e4128331,6744b2f23276a33e40b8aa95,,,,,,,,,,,,,,,,,,,,,,,,,,,,,,,,,,,,,,,,,,,,,,,,,,,,,,,,,,,,,,,,,,,,,,,,,,,,,,,,,,,,,,,,,,,,,,,,,,,,,,,,,,,,,,,,,,,,,,,,,,,,,,,,,,,,,,,,,,,,,,,,,,,,,,,,,,,,,,,,,,,,,,,,,,space,5.6902,,88.88888889,5.847,91.2962963,7.4086,space,7.2292,,yellow_gnome,dark_forest,yellow_basket,0,0,0,13,1,6,1,,,,,,,,,,,,,
,,,,,,,,,,,,,,,,,,,,,,,,,,,,,,,,,,,,,,,,,,,,,,,,,,,,,,,,,,,,,,,,,,479256,001,2024-11-25_10h58.04.982,experiment,2023.2.3,Win32,147.0588235,5f481e6faaf9582bdcd9697b,67446fa89e86ac01e4128331,6744b2f23276a33e40b8aa95,,,,,,,,,,,,,,,,,,,,,,,,,,,,,,,,,,,,,,,,,,,,,,,,,,,,,,,,,,,,,,,,,,,,,,,,,,,,,,,,,,,,,,,,,,,,,,,,,,,,,,,,,,,,,,,,,,,,,,,,,,,,,,,,,,,,,,,,,,,,,,,,,,,,,,,,,,,,,,,,,,,,,,,,,,,,,100,2.4148,92.31481481,4.3355,space,4.0145,,blue_gnome,bright_forest,red_basket,0,1,1,6,1,3,0,,,,,,,,,,,,,
,,,,,,,,,,,,,,,,,,,,,,,,,,,,,,,,,,,,,,,,,,,,,,,,,,,,,,,,,,,,,,,,,,479256,001,2024-11-25_10h58.04.982,experiment,2023.2.3,Win32,147.0588235,5f481e6faaf9582bdcd9697b,67446fa89e86ac01e4128331,6744b2f23276a33e40b8aa95,,,,,,,,,,,,,,,,,,,,,,,,,,,,,,,,,,,,,,,,,,,,,,,,,,,,,,,,,,,,,,,,,,,,,,,,,,,,,,,,,,,,,,,,,,,,,,,,,,,,,,,,,,,,,,,,,,,,,,,,,,,,,,,,,,,,,,,,,,,,,,,,,,,,,,,,,,,,,,,,,,,,,,,,,,,,,7.592592593,3.0132,81.2037037,3.9865,space,3.6589,,yellow_gnome,bright_forest,red_basket,0,2,2,12,1,6,0,,,,,,,,,,,,,
,,,,,,,,,,,,,,,,,,,,,,,,,,,,,,,,,,,,,,,,,,,,,,,,,,,,,,,,,,,,,,,,,,479256,001,2024-11-25_10h58.04.982,experiment,2023.2.3,Win32,147.0588235,5f481e6faaf9582bdcd9697b,67446fa89e86ac01e4128331,6744b2f23276a33e40b8aa95,,,,,,,,,,,,,,,,,,,,,,,,,,,,,,,,,,,,,,,,,,,,,,,,,,,,,,,,,,,,,,,,,,,,,,,,,,,,,,,,,,,,,,,,,,,,,,,,,,,,,,,,,,,,,,,,,,,,,,,,,,,,,,,,,,,,,,,,,,,,,,,,,,,,,,,,,,,,,,,,,,,,,,,,,,,,,68.88888889,4.2046,73.05555556,5.4982,space,5.2335,,green_gnome,dark_forest,yellow_basket,0,3,3,9,1,4,1,,,,,,,,,,,,,
,,,,,,,,,,,,,,,,,,,,,,,,,,,,,,,,,,,,,,,,,,,,,,,,,,,,,,,,,,,,,,,,,,479256,001,2024-11-25_10h58.04.982,experiment,2023.2.3,Win32,147.0588235,5f481e6faaf9582bdcd9697b,67446fa89e86ac01e4128331,6744b2f23276a33e40b8aa95,,,,,,,,,,,,,,,,,,,,,,,,,,,,,,,,,,,,,,,,,,,,,,,,,,,,,,,,,,,,,,,,,,,,,,,,,,,,,,,,,,,,,,,,,,,,,,,,,,,,,,,,,,,,,,,,,,,,,,,,,,,,,,,,,,,,,,,,,,,,,,,,,,,,,,,,,,,,,,,,,,,,,,,,,,,,,70.64814815,4.5237,72.12962963,6.1478,space,5.8264,,purple_gnome,bright_forest,red_basket,0,4,4,2,1,1,0,,,,,,,,,,,,,
,,,,,,,,,,,,,,,,,,,,,,,,,,,,,,,,,,,,,,,,,,,,,,,,,,,,,,,,,,,,,,,,,,479256,001,2024-11-25_10h58.04.982,experiment,2023.2.3,Win32,147.0588235,5f481e6faaf9582bdcd9697b,67446fa89e86ac01e4128331,6744b2f23276a33e40b8aa95,,,,,,,,,,,,,,,,,,,,,,,,,,,,,,,,,,,,,,,,,,,,,,,,,,,,,,,,,,,,,,,,,,,,,,,,,,,,,,,,,,,,,,,,,,,,,,,,,,,,,,,,,,,,,,,,,,,,,,,,,,,,,,,,,,,,,,,,,,,,,,,,,,,,,,,,,,,,,,,,,,,,,,,,,,,,,60.83333333,4.3741,63.14814815,5.2377,space,4.8595,,orange_gnome,bright_forest,red_basket,0,5,5,14,1,7,0,,,,,,,,,,,,,
,,,,,,,,,,,,,,,,,,,,,,,,,,,,,,,,,,,,,,,,,,,,,,,,,,,,,,,,,,,,,,,,,,479256,001,2024-11-25_10h58.04.982,experiment,2023.2.3,Win32,147.0588235,5f481e6faaf9582bdcd9697b,67446fa89e86ac01e4128331,6744b2f23276a33e40b8aa95,,,,,,,,,,,,,,,,,,,,,,,,,,,,,,,,,,,,,,,,,,,,,,,,,,,,,,,,,,,,,,,,,,,,,,,,,,,,,,,,,,,,,,,,,,,,,,,,,,,,,,,,,,,,,,,,,,,,,,,,,,,,,,,,,,,,,,,,,,,,,,,,,,,,,,,,,,,,,,,,,,,,,,,,,,,,,16.01851852,3.316,64.25925926,4.3833,space,4.0441,,blue_gnome,dark_forest,yellow_basket,0,6,6,7,1,3,1,,,,,,,,,,,,,
,,,,,,,,,,,,,,,,,,,,,,,,,,,,,,,,,,,,,,,,,,,,,,,,,,,,,,,,,,,,,,,,,,479256,001,2024-11-25_10h58.04.982,experiment,2023.2.3,Win32,147.0588235,5f481e6faaf9582bdcd9697b,67446fa89e86ac01e4128331,6744b2f23276a33e40b8aa95,,,,,,,,,,,,,,,,,,,,,,,,,,,,,,,,,,,,,,,,,,,,,,,,,,,,,,,,,,,,,,,,,,,,,,,,,,,,,,,,,,,,,,,,,,,,,,,,,,,,,,,,,,,,,,,,,,,,,,,,,,,,,,,,,,,,,,,,,,,,,,,,,,,,,,,,,,,,,,,,,,,,,,,,,,,,,77.31481481,3.7619,43.7962963,4.9841,space,4.6486,,pink_gnome,bright_forest,red_basket,0,7,7,4,1,2,0,,,,,,,,,,,,,
,,,,,,,,,,,,,,,,,,,,,,,,,,,,,,,,,,,,,,,,,,,,,,,,,,,,,,,,,,,,,,,,,,479256,001,2024-11-25_10h58.04.982,experiment,2023.2.3,Win32,147.0588235,5f481e6faaf9582bdcd9697b,67446fa89e86ac01e4128331,6744b2f23276a33e40b8aa95,,,,,,,,,,,,,,,,,,,,,,,,,,,,,,,,,,,,,,,,,,,,,,,,,,,,,,,,,,,,,,,,,,,,,,,,,,,,,,,,,,,,,,,,,,,,,,,,,,,,,,,,,,,,,,,,,,,,,,,,,,,,,,,,,,,,,,,,,,,,,,,,,,,,,,,,,,,,,,,,,,,,,,,,,,,,,50.74074074,3.7889,50.46296296,4.4272,space,4.0596,,red_gnome,dark_forest,yellow_basket,0,8,8,11,1,5,1,,,,,,,,,,,,,
,,,,,,,,,,,,,,,,,,,,,,,,,,,,,,,,,,,,,,,,,,,,,,,,,,,,,,,,,,,,,,,,,,479256,001,2024-11-25_10h58.04.982,experiment,2023.2.3,Win32,147.0588235,5f481e6faaf9582bdcd9697b,67446fa89e86ac01e4128331,6744b2f23276a33e40b8aa95,,,,,,,,,,,,,,,,,,,,,,,,,,,,,,,,,,,,,,,,,,,,,,,,,,,,,,,,,,,,,,,,,,,,,,,,,,,,,,,,,,,,,,,,,,,,,,,,,,,,,,,,,,,,,,,,,,,,,,,,,,,,,,,,,,,,,,,,,,,,,,,,,,,,,,,,,,,,,,,,,,,,,,,,,,,,,34.44444444,3.0501,59.53703704,3.9704,space,3.5633,,pink_gnome,dark_forest,yellow_basket,0,9,9,5,1,2,1,,,,,,,,,,,,,
,,,,,,,,,,,,,,,,,,,,,,,,,,,,,,,,,,,,,,,,,,,,,,,,,,,,,,,,,,,,,,,,,,479256,001,2024-11-25_10h58.04.982,experiment,2023.2.3,Win32,147.0588235,5f481e6faaf9582bdcd9697b,67446fa89e86ac01e4128331,6744b2f23276a33e40b8aa95,,,,,,,,,,,,,,,,,,,,,,,,,,,,,,,,,,,,,,,,,,,,,,,,,,,,,,,,,,,,,,,,,,,,,,,,,,,,,,,,,,,,,,,,,,,,,,,,,,,,,,,,,,,,,,,,,,,,,,,,,,,,,,,,,,,,,,,,,,,,,,,,,,,,,,,,,,,,,,,,,,,,,,,,,,,,,52.68518519,3.9934,23.33333333,5.981,space,5.7448,,brown_gnome,bright_forest,red_basket,0,10,10,0,1,0,0,,,,,,,,,,,,,
,,,,,,,,,,,,,,,,,,,,,,,,,,,,,,,,,,,,,,,,,,,,,,,,,,,,,,,,,,,,,,,,,,479256,001,2024-11-25_10h58.04.982,experiment,2023.2.3,Win32,147.0588235,5f481e6faaf9582bdcd9697b,67446fa89e86ac01e4128331,6744b2f23276a33e40b8aa95,,,,,,,,,,,,,,,,,,,,,,,,,,,,,,,,,,,,,,,,,,,,,,,,,,,,,,,,,,,,,,,,,,,,,,,,,,,,,,,,,,,,,,,,,,,,,,,,,,,,,,,,,,,,,,,,,,,,,,,,,,,,,,,,,,,,,,,,,,,,,,,,,,,,,,,,,,,,,,,,,,,,,,,,,,,,,68.88888889,2.6946,17.40740741,4.077,space,3.8049,,orange_gnome,dark_forest,yellow_basket,0,11,11,15,1,7,1,,,,,,,,,,,,,
,,,,,,,,,,,,,,,,,,,,,,,,,,,,,,,,,,,,,,,,,,,,,,,,,,,,,,,,,,,,,,,,,,479256,001,2024-11-25_10h58.04.982,experiment,2023.2.3,Win32,147.0588235,5f481e6faaf9582bdcd9697b,67446fa89e86ac01e4128331,6744b2f23276a33e40b8aa95,,,,,,,,,,,,,,,,,,,,,,,,,,,,,,,,,,,,,,,,,,,,,,,,,,,,,,,,,,,,,,,,,,,,,,,,,,,,,,,,,,,,,,,,,,,,,,,,,,,,,,,,,,,,,,,,,,,,,,,,,,,,,,,,,,,,,,,,,,,,,,,,,,,,,,,,,,,,,,,,,,,,,,,,,,,,,88.33333333,2.7343,73.33333333,4.5824,space,4.3348,,red_gnome,bright_forest,red_basket,0,12,12,10,1,5,0,,,,,,,,,,,,,
,,,,,,,,,,,,,,,,,,,,,,,,,,,,,,,,,,,,,,,,,,,,,,,,,,,,,,,,,,,,,,,,,,479256,001,2024-11-25_10h58.04.982,experiment,2023.2.3,Win32,147.0588235,5f481e6faaf9582bdcd9697b,67446fa89e86ac01e4128331,6744b2f23276a33e40b8aa95,,,,,,,,,,,,,,,,,,,,,,,,,,,,,,,,,,,,,,,,,,,,,,,,,,,,,,,,,,,,,,,,,,,,,,,,,,,,,,,,,,,,,,,,,,,,,,,,,,,,,,,,,,,,,,,,,,,,,,,,,,,,,,,,,,,,,,,,,,,,,,,,,,,,,,,,,,,,,,,,,,,,,,,,,,,,,50.64814815,3.0022,15,4.0988,space,3.7774,,purple_gnome,dark_forest,yellow_basket,0,13,13,3,1,1,1,,,,,,,,,,,,,
,,,,,,,,,,,,,,,,,,,,,,,,,,,,,,,,,,,,,,,,,,,,,,,,,,,,,,,,,,,,,,,,,,479256,001,2024-11-25_10h58.04.982,experiment,2023.2.3,Win32,147.0588235,5f481e6faaf9582bdcd9697b,67446fa89e86ac01e4128331,6744b2f23276a33e40b8aa95,,,,,,,,,,,,,,,,,,,,,,,,,,,,,,,,,,,,,,,,,,,,,,,,,,,,,,,,,,,,,,,,,,,,,,,,,,,,,,,,,,,,,,,,,,,,,,,,,,,,,,,,,,,,,,,,,,,,,,,,,,,,,,,,,,,,,,,,,,,,,,,,,,,,,,,,,,,,,,,,,,,,,,,,,,,,,50.27777778,2.7795,13.61111111,3.8296,space,3.4543,,green_gnome,bright_forest,red_basket,0,14,14,8,1,4,0,,,,,,,,,,,,,
,,,,,,,,,,,,,,,,,,,,,,,,,,,,,,,,,,,,,,,,,,,,,,,,,,,,,,,,,,,,,,,,,,479256,001,2024-11-25_10h58.04.982,experiment,2023.2.3,Win32,147.0588235,5f481e6faaf9582bdcd9697b,67446fa89e86ac01e4128331,6744b2f23276a33e40b8aa95,,,,,,,,,,,,,,,,,,,,,,,,,,,,,,,,,,,,,,,,,,,,,,,,,,,,,,,,,,,,,,,,,,,,,,,,,,,,,,,,,,,,,,,,,,,,,,,,,,,,,,,,,,,,,,,,,,,,,,,,,,,,,,,,,,,,,,,,,,,,,,,,,,,,,,,,,,,,,,,,,,,,,,,,,,,,,41.48148148,4.1736,16.94444444,5.2204,space,4.8115,,brown_gnome,dark_forest,yellow_basket,0,15,15,1,1,0,1,,,,,,,,,,,,,
,,,,,,,,,,,,,,,,,,,,,,,,,,,,,,,,,,,,,,,,,,,,,,,,,,,,,,,,,,,,,,,,,,479256,001,2024-11-25_10h58.04.982,experiment,2023.2.3,Win32,147.0588235,5f481e6faaf9582bdcd9697b,67446fa89e86ac01e4128331,6744b2f23276a33e40b8aa95,,,,,,,,,,,,,,,,,,,,,,,,,,,,,,,,,,,,,,,,,,,,,,,,,,,,,,,,,,,,,,,,,,,,,,,,,,,,,,,,,,,,,,,,,,,,,,,,,,,,,,,,,,,,,,,,,,,,,,,,,,,,,,,,,,,,,,,,,,,,,,,,,,,,,,,,,,,,,,,,,,,,,,,,,,,,,,,,,,,,,,,,,,,,,,space,24.7976,,0,0,0,0,1,,,,,
,,,,,,,,,,,,,,,,,,,,,,,,,,,,,,,,,,,,,,,,,,,,,,,,,,,,,,,,,,,,,,,,,,479256,001,2024-11-25_10h58.04.982,experiment,2023.2.3,Win32,147.0588235,5f481e6faaf9582bdcd9697b,67446fa89e86ac01e4128331,6744b2f23276a33e40b8aa95,,,,,,,,,,,,,,,,,,,,,,,,,,,,,,,,,,,,,,,,,,,,,,,,,,,,,,,,,,,,,,,,,,,,,,,,,,,,,,,,,,,,,,,,,,,,,,,,,,,,,,,,,,,,,,,,,,,,,,,,,,,,,,,,,,,,,,,,,,,,,,,,,,,,,,,,,,,,,,,,,,,,,,,,,,,,,,,,,,,,,,,,,,,,,,,,,,,,,,0,0,0,0,1