parent_PID,stim1_name,stim1_file,stim1_pair,stim1_deact_file,stim1_step2_name,stim1_step2_file,stim1_step2_basket_name,stim1_step2_basket_file,stim2_name,stim2_file,stim2_pair,stim2_deact_file,stim2_step2_name,stim2_step2_file,stim2_step2_basket_name,stim2_step2_basket_file,stim3_name,stim3_file,stim3_pair,stim3_deact_file,stim3_step2_name,stim3_step2_file,stim3_step2_basket_name,stim3_step2_basket_file,stim4_name,stim4_file,stim4_pair,stim4_deact_file,stim4_step2_name,stim4_step2_file,stim4_step2_basket_name,stim4_step2_basket_file,stim5_name,stim5_file,stim5_pair,stim5_deact_file,stim5_step2_name,stim5_step2_file,stim5_step2_basket_name,stim5_step2_basket_file,stim6_name,stim6_file,stim6_pair,stim6_deact_file,stim6_step2_name,stim6_step2_file,stim6_step2_basket_name,stim6_step2_basket_file,stim7_name,stim7_file,stim7_pair,stim7_deact_file,stim7_step2_name,stim7_step2_file,stim7_step2_basket_name,stim7_step2_basket_file,stim8_name,stim8_file,stim8_pair,stim8_deact_file,stim8_step2_name,stim8_step2_file,stim8_step2_basket_name,stim8_step2_basket_file,participant,session,date,expName,psychopyVersion,OS,frameRate,PROLIFIC_PID,STUDY_ID,SESSION_ID,consent_keyresp.keys,consent_keyresp.rt,consent_keyresp.duration,global_instructions1_key.keys,global_instructions1_key.rt,global_instructions1_key.duration,global_instructions2_key.keys,global_instructions2_key.rt,global_instructions2_key.duration,global_instructions3_key.keys,global_instructions3_key.rt,global_instructions3_key.duration,global_instructions4_key.keys,global_instructions4_key.rt,global_instructions4_key.duration,stake_instructions_key.keys,stake_instructions_key.rt,stake_instructions_key.duration,global_instructions5_key.keys,global_instructions5_key.rt,global_instructions5_key.duration,p_fixation_2.started,p_fixation_2.stopped,p_step1_keyresp.keys,p_step1_keyresp.rt,p_step1_keyresp.duration,p_step2_keyresp.keys,p_step2_keyresp.rt,p_step2_keyresp.duration,p_step1_pair_index,p_step1_stimLeft_name,p_step1_stimLeft_pair,p_step1_stimLeft_reward,p_step1_stimLeft_step2Stim,p_step1_stimLeft_step2Basket,p_step1_stimRight_name,p_step1_stimRight_pair,p_step1_stimRight_reward,p_step1_stimRight_step2Stim,p_step1_stimRight_step2Basket,p_points,t_mult,p_fail_step1,p_fail_step2,p_reward_flag,p_step1_choice,p_step2_stim,p_step2_basket,p_score,practice.thisRepN,practice.thisTrialN,practice.thisN,practice.thisIndex,practice.ran,pair_index,p_mult,p_failStep2_keyresp.keys,p_failStep2_keyresp.rt,p_failStep2_keyresp.duration,p_failStep1_keyresp.keys,p_failStep1_keyresp.rt,p_failStep1_keyresp.duration,t_instructions_keyresp.keys,t_instructions_keyresp.rt,t_instructions_keyresp.duration,t_advice_reading.started,t_advice_reading.stopped,t_advice_mouse.x,t_advice_mouse.y,t_advice_mouse.leftButton,t_advice_mouse.midButton,t_advice_mouse.rightButton,t_advice_mouse.time,t_advice_mouse.clicked_name,t_advice_summary_textbox.text,t_advice_summary_mouse.x,t_advice_summary_mouse.y,t_advice_summary_mouse.leftButton,t_advice_summary_mouse.midButton,t_advice_summary_mouse.rightButton,t_advice_summary_mouse.time,t_advice_summary_mouse.clicked_name,t_instructions_2_keyresp.keys,t_instructions_2_keyresp.rt,t_instructions_2_keyresp.duration,t_step1_keyresp.keys,t_step1_keyresp.rt,t_step1_keyresp.duration,t_step2_keyresp.keys,t_step2_keyresp.rt,t_step2_keyresp.duration,t_step1_pair_index,t_step1_stimLeft_name,t_step1_stimLeft_pair,t_step1_stimLeft_reward,t_step1_stimLeft_step2Stim,t_step1_stimLeft_step2Basket,t_step1_stimRight_name,t_step1_stimRight_pair,t_step1_stimRight_reward,t_step1_stimRight_step2Stim,t_step1_stimRight_step2Basket,t_points,t_fail_step1,t_fail_step2,t_reward_flag,t_step1_choice,t_step2_stim,t_step2_basket,globa_score,t_data_stimWalk0,t_data_stimWalk1,trials.thisRepN,trials.thisTrialN,trials.thisN,trials.thisIndex,trials.ran,break_key_resp.keys,break_key_resp.rt,break_key_resp.duration,pl_global_instructions_keyresp.keys,pl_global_instructions_keyresp.rt,pl_global_instructions_keyresp.duration,vb_instructions_keyresp.keys,vb_instructions_keyresp.rt,vb_instructions_keyresp.duration,vb_instructions_2_keyresp.keys,vb_instructions_2_keyresp.rt,vb_instructions_2_keyresp.duration,vb_textbox.text,vb_mouse.x,vb_mouse.y,vb_mouse.leftButton,vb_mouse.midButton,vb_mouse.rightButton,vb_mouse.time,vb_mouse.clicked_name,pl1_instructions1_keyresp.keys,pl1_instructions1_keyresp.rt,pl1_instructions1_keyresp.duration,pl1_instructions2_keyresp.keys,pl1_instructions2_keyresp.rt,pl1_instructions2_keyresp.duration,pl1_instructions3_keyresp.keys,pl1_instructions3_keyresp.rt,pl1_instructions3_keyresp.duration,pl1_instructions4_keyresp.keys,pl1_instructions4_keyresp.rt,pl1_instructions4_keyresp.duration,pl1_task_lickert.response,pl1_task_lickert.rt,pl1_task_confidence_lickert.response,pl1_task_confidence_lickert.rt,pl1_task_keyresp.keys,pl1_task_keyresp.rt,pl1_task_keyresp.duration,pl1_task_stimLeft,pl1_task_stimRight,pl1_loop.thisRepN,pl1_loop.thisTrialN,pl1_loop.thisN,pl1_loop.thisIndex,pl1_loop.ran,stimLeft_index,stimRight_index,pl2_instructions_keyresp.keys,pl2_instructions_keyresp.rt,pl2_instructions_keyresp.duration,pl2_task_lickert.response,pl2_task_lickert.rt,pl2_task_confidence_lickert.response,pl2_task_confidence_lickert.rt,pl2_task_keyresp.keys,pl2_task_keyresp.rt,pl2_task_keyresp.duration,pl2_task_gnome,pl2_task_forest,pl2_task_basket,pl2_loop.thisRepN,pl2_loop.thisTrialN,pl2_loop.thisN,pl2_loop.thisIndex,pl2_loop.ran,gnome_id,forest_id,end_keyresp.keys,end_keyresp.rt,end_keyresp.duration,show_trials.thisRepN,show_trials.thisTrialN,show_trials.thisN,show_trials.thisIndex,show_trials.ran
5b278c153a20420001efd41b,brown_gnome,ressources/step1_stim1.png,4,ressources/step1_tallGnome_deact.png,bright_forest,ressources/step2_background1.png,red_basket,ressources/step2_stim2.png,purple_gnome,ressources/step1_stim2.png,4,ressources/step1_tallGnome_deact.png,dark_forest,ressources/step2_background2.png,yellow_basket,ressources/step2_stim1.png,pink_gnome,ressources/step1_stim3.png,3,ressources/step1_tallGnome_deact.png,dark_forest,ressources/step2_background2.png,yellow_basket,ressources/step2_stim1.png,blue_gnome,ressources/step1_stim4.png,1,ressources/step1_tallGnome_deact.png,dark_forest,ressources/step2_background2.png,yellow_basket,ressources/step2_stim1.png,green_gnome,ressources/step1_stim5.png,3,ressources/step1_smallGnome_deact.png,bright_forest,ressources/step2_background1.png,red_basket,ressources/step2_stim2.png,red_gnome,ressources/step1_stim6.png,2,ressources/step1_smallGnome_deact.png,dark_forest,ressources/step2_background2.png,yellow_basket,ressources/step2_stim1.png,yellow_gnome,ressources/step1_stim7.png,2,ressources/step1_smallGnome_deact.png,bright_forest,ressources/step2_background1.png,red_basket,ressources/step2_stim2.png,orange_gnome,ressources/step1_stim8.png,1,ressources/step1_smallGnome_deact.png,bright_forest,ressources/step2_background1.png,red_basket,ressources/step2_stim2.png,528492,001,2024-06-19_18h39.00.320,experiment,2023.2.3,Win32,58.82352941,6658b23d243aa8c198969e40,6672e93b03029310057e1c76,66731762b05295a5a9ca4acc,,,,,,,,,,,,,,,,,,,,,,,,,,,,,,,,,,,,,,,,,,,,,,,,,,,,,,,,,,,,,,,,,,,,,,,,,,,,,,,,,,,,,,,,,,,,,,,,,,,,,,,,,,,,,,,,,,,,,,,,,,,,,,,,,,,,,,,,,,,,,,,,,,,,,,,,,,,,,,,,,,,,,,,,,,,,,,,,,,,,,,,,,,,,,,,,,
,,,,,,,,,,,,,,,,,,,,,,,,,,,,,,,,,,,,,,,,,,,,,,,,,,,,,,,,,,,,,,,,,528492,001,2024-06-19_18h39.00.320,experiment,2023.2.3,Win32,58.82352941,6658b23d243aa8c198969e40,6672e93b03029310057e1c76,66731762b05295a5a9ca4acc,y,7.862,,,,,,,,,,,,,,,,,,,,,,,,,,,,,,,,,,,,,,,,,,,,,,,,,,,,,,,,,,,,,,,,,,,,,,,,,,,,,,,,,,,,,,,,,,,,,,,,,,,,,,,,,,,,,,,,,,,,,,,,,,,,,,,,,,,,,,,,,,,,,,,,,,,,,,,,,,,,,,,,,,,,,,,,,,,,,,,,,,,,,,,,,,,,,,,
,,,,,,,,,,,,,,,,,,,,,,,,,,,,,,,,,,,,,,,,,,,,,,,,,,,,,,,,,,,,,,,,,528492,001,2024-06-19_18h39.00.320,experiment,2023.2.3,Win32,58.82352941,6658b23d243aa8c198969e40,6672e93b03029310057e1c76,66731762b05295a5a9ca4acc,,,,space,6.75,,space,21.746,,space,17.868,,space,21.312,,space,23.145,,space,15.36,,115.583,116.095,k,0.046,,space,1.092,,2,p_green_gnome,2,0,p_green_forest,p_green_basket,p_blue_gnome,2,5,p_yellow_forest,p_blue_basket,5,1,0,0,1,p_blue_gnome,p_yellow_forest,p_blue_basket,5,0,0,0,1,1,2,1,,,,,,,,,,,,,,,,,,,,,,,,,,,,,,,,,,,,,,,,,,,,,,,,,,,,,,,,,,,,,,,,,,,,,,,,,,,,,,,,,,,,,,,,,,,,,,,,,,,,,,,,,,,,,,,,,,,,,,,,,,,,,,,,,,,,,,,,,
,,,,,,,,,,,,,,,,,,,,,,,,,,,,,,,,,,,,,,,,,,,,,,,,,,,,,,,,,,,,,,,,,528492,001,2024-06-19_18h39.00.320,experiment,2023.2.3,Win32,58.82352941,6658b23d243aa8c198969e40,6672e93b03029310057e1c76,66731762b05295a5a9ca4acc,,,,,,,,,,,,,,,,,,,,,,122.7,123.212,s,0.379,,space,0.838,,1,p_pink_gnome,1,5,p_yellow_forest,p_blue_basket,p_orange_gnome,1,0,p_green_forest,p_green_basket,5,1,0,0,1,p_pink_gnome,p_yellow_forest,p_blue_basket,10,0,1,1,0,1,1,1,,,,,,,,,,,,,,,,,,,,,,,,,,,,,,,,,,,,,,,,,,,,,,,,,,,,,,,,,,,,,,,,,,,,,,,,,,,,,,,,,,,,,,,,,,,,,,,,,,,,,,,,,,,,,,,,,,,,,,,,,,,,,,,,,,,,,,,,,
,,,,,,,,,,,,,,,,,,,,,,,,,,,,,,,,,,,,,,,,,,,,,,,,,,,,,,,,,,,,,,,,,528492,001,2024-06-19_18h39.00.320,experiment,2023.2.3,Win32,58.82352941,6658b23d243aa8c198969e40,6672e93b03029310057e1c76,66731762b05295a5a9ca4acc,,,,,,,,,,,,,,,,,,,,,,129.767,130.279,s,0.168,,space,0.117,,2,p_blue_gnome,2,5,p_yellow_forest,p_blue_basket,p_green_gnome,2,0,p_green_forest,p_green_basket,5,1,0,0,1,p_blue_gnome,p_yellow_forest,p_blue_basket,15,0,2,2,1,1,2,1,,,,,,,,,,,,,,,,,,,,,,,,,,,,,,,,,,,,,,,,,,,,,,,,,,,,,,,,,,,,,,,,,,,,,,,,,,,,,,,,,,,,,,,,,,,,,,,,,,,,,,,,,,,,,,,,,,,,,,,,,,,,,,,,,,,,,,,,,
,,,,,,,,,,,,,,,,,,,,,,,,,,,,,,,,,,,,,,,,,,,,,,,,,,,,,,,,,,,,,,,,,528492,001,2024-06-19_18h39.00.320,experiment,2023.2.3,Win32,58.82352941,6658b23d243aa8c198969e40,6672e93b03029310057e1c76,66731762b05295a5a9ca4acc,,,,,,,,,,,,,,,,,,,,,,136.834,137.346,k,0.365,,space,0.194,,2,p_green_gnome,2,0,p_green_forest,p_green_basket,p_blue_gnome,2,5,p_yellow_forest,p_blue_basket,25,5,0,0,1,p_blue_gnome,p_yellow_forest,p_blue_basket,40,0,3,3,3,1,2,5,,,,,,,,,,,,,,,,,,,,,,,,,,,,,,,,,,,,,,,,,,,,,,,,,,,,,,,,,,,,,,,,,,,,,,,,,,,,,,,,,,,,,,,,,,,,,,,,,,,,,,,,,,,,,,,,,,,,,,,,,,,,,,,,,,,,,,,,,
,,,,,,,,,,,,,,,,,,,,,,,,,,,,,,,,,,,,,,,,,,,,,,,,,,,,,,,,,,,,,,,,,528492,001,2024-06-19_18h39.00.320,experiment,2023.2.3,Win32,58.82352941,6658b23d243aa8c198969e40,6672e93b03029310057e1c76,66731762b05295a5a9ca4acc,,,,,,,,,,,,,,,,,,,,,,143.9,144.413,k,0.413,,,,,1,p_orange_gnome,1,1,p_green_forest,p_green_basket,p_pink_gnome,1,6,p_yellow_forest,p_blue_basket,0,5,0,1,0,p_pink_gnome,p_yellow_forest,p_blue_basket,40,1,0,4,2,1,1,5,space,1.953,,,,,,,,,,,,,,,,,,,,,,,,,,,,,,,,,,,,,,,,,,,,,,,,,,,,,,,,,,,,,,,,,,,,,,,,,,,,,,,,,,,,,,,,,,,,,,,,,,,,,,,,,,,,,,,,,,,,,,,,,,,,,,,,,,,,,,,
,,,,,,,,,,,,,,,,,,,,,,,,,,,,,,,,,,,,,,,,,,,,,,,,,,,,,,,,,,,,,,,,,528492,001,2024-06-19_18h39.00.320,experiment,2023.2.3,Win32,58.82352941,6658b23d243aa8c198969e40,6672e93b03029310057e1c76,66731762b05295a5a9ca4acc,,,,,,,,,,,,,,,,,,,,,,150.917,151.43,,,,,,,1,p_pink_gnome,1,6,p_yellow_forest,p_blue_basket,p_orange_gnome,1,1,p_green_forest,p_green_basket,0,5,1,0,0,p_pink_gnome,p_yellow_forest,p_blue_basket,40,1,1,5,2,1,1,5,,,,space,0.362,,,,,,,,,,,,,,,,,,,,,,,,,,,,,,,,,,,,,,,,,,,,,,,,,,,,,,,,,,,,,,,,,,,,,,,,,,,,,,,,,,,,,,,,,,,,,,,,,,,,,,,,,,,,,,,,,,,,,,,,,,,,,,,,,,,,
,,,,,,,,,,,,,,,,,,,,,,,,,,,,,,,,,,,,,,,,,,,,,,,,,,,,,,,,,,,,,,,,,528492,001,2024-06-19_18h39.00.320,experiment,2023.2.3,Win32,58.82352941,6658b23d243aa8c198969e40,6672e93b03029310057e1c76,66731762b05295a5a9ca4acc,,,,,,,,,,,,,,,,,,,,,,154.317,154.831,k,0.492,,space,0.336,,2,p_blue_gnome,2,6,p_yellow_forest,p_blue_basket,p_green_gnome,2,1,p_green_forest,p_green_basket,5,5,0,0,1,p_green_gnome,p_green_forest,p_green_basket,45,1,2,6,3,1,2,5,,,,,,,,,,,,,,,,,,,,,,,,,,,,,,,,,,,,,,,,,,,,,,,,,,,,,,,,,,,,,,,,,,,,,,,,,,,,,,,,,,,,,,,,,,,,,,,,,,,,,,,,,,,,,,,,,,,,,,,,,,,,,,,,,,,,,,,,,
,,,,,,,,,,,,,,,,,,,,,,,,,,,,,,,,,,,,,,,,,,,,,,,,,,,,,,,,,,,,,,,,,528492,001,2024-06-19_18h39.00.320,experiment,2023.2.3,Win32,58.82352941,6658b23d243aa8c198969e40,6672e93b03029310057e1c76,66731762b05295a5a9ca4acc,,,,,,,,,,,,,,,,,,,,,,161.384,161.897,s,0.421,,space,0.393,,2,p_green_gnome,2,1,p_green_forest,p_green_basket,p_blue_gnome,2,6,p_yellow_forest,p_blue_basket,1,1,0,0,1,p_green_gnome,p_green_forest,p_green_basket,46,1,3,7,1,1,2,1,,,,,,,,,,,,,,,,,,,,,,,,,,,,,,,,,,,,,,,,,,,,,,,,,,,,,,,,,,,,,,,,,,,,,,,,,,,,,,,,,,,,,,,,,,,,,,,,,,,,,,,,,,,,,,,,,,,,,,,,,,,,,,,,,,,,,,,,,
,,,,,,,,,,,,,,,,,,,,,,,,,,,,,,,,,,,,,,,,,,,,,,,,,,,,,,,,,,,,,,,,,528492,001,2024-06-19_18h39.00.320,experiment,2023.2.3,Win32,58.82352941,6658b23d243aa8c198969e40,6672e93b03029310057e1c76,66731762b05295a5a9ca4acc,,,,,,,,,,,,,,,,,,,,,,168.444,168.948,k,0.313,,space,0.105,,2,p_green_gnome,2,2,p_green_forest,p_green_basket,p_blue_gnome,2,7,p_yellow_forest,p_blue_basket,7,1,0,0,1,p_blue_gnome,p_yellow_forest,p_blue_basket,53,2,0,8,1,1,2,1,,,,,,,,,,,,,,,,,,,,,,,,,,,,,,,,,,,,,,,,,,,,,,,,,,,,,,,,,,,,,,,,,,,,,,,,,,,,,,,,,,,,,,,,,,,,,,,,,,,,,,,,,,,,,,,,,,,,,,,,,,,,,,,,,,,,,,,,,
,,,,,,,,,,,,,,,,,,,,,,,,,,,,,,,,,,,,,,,,,,,,,,,,,,,,,,,,,,,,,,,,,528492,001,2024-06-19_18h39.00.320,experiment,2023.2.3,Win32,58.82352941,6658b23d243aa8c198969e40,6672e93b03029310057e1c76,66731762b05295a5a9ca4acc,,,,,,,,,,,,,,,,,,,,,,175.502,176.014,s,0.261,,space,0.461,,1,p_orange_gnome,1,2,p_green_forest,p_green_basket,p_pink_gnome,1,7,p_yellow_forest,p_blue_basket,10,5,0,0,1,p_orange_gnome,p_green_forest,p_green_basket,63,2,1,9,2,1,1,5,,,,,,,,,,,,,,,,,,,,,,,,,,,,,,,,,,,,,,,,,,,,,,,,,,,,,,,,,,,,,,,,,,,,,,,,,,,,,,,,,,,,,,,,,,,,,,,,,,,,,,,,,,,,,,,,,,,,,,,,,,,,,,,,,,,,,,,,,
,,,,,,,,,,,,,,,,,,,,,,,,,,,,,,,,,,,,,,,,,,,,,,,,,,,,,,,,,,,,,,,,,528492,001,2024-06-19_18h39.00.320,experiment,2023.2.3,Win32,58.82352941,6658b23d243aa8c198969e40,6672e93b03029310057e1c76,66731762b05295a5a9ca4acc,,,,,,,,,,,,,,,,,,,,,,182.552,183.065,s,0.359,,space,0.432,,2,p_green_gnome,2,2,p_green_forest,p_green_basket,p_blue_gnome,2,7,p_yellow_forest,p_blue_basket,2,1,0,0,1,p_green_gnome,p_green_forest,p_green_basket,65,2,2,10,1,1,2,1,,,,,,,,,,,,,,,,,,,,,,,,,,,,,,,,,,,,,,,,,,,,,,,,,,,,,,,,,,,,,,,,,,,,,,,,,,,,,,,,,,,,,,,,,,,,,,,,,,,,,,,,,,,,,,,,,,,,,,,,,,,,,,,,,,,,,,,,,
,,,,,,,,,,,,,,,,,,,,,,,,,,,,,,,,,,,,,,,,,,,,,,,,,,,,,,,,,,,,,,,,,528492,001,2024-06-19_18h39.00.320,experiment,2023.2.3,Win32,58.82352941,6658b23d243aa8c198969e40,6672e93b03029310057e1c76,66731762b05295a5a9ca4acc,,,,,,,,,,,,,,,,,,,,,,189.607,190.12,k,0.358,,space,0.43,,2,p_blue_gnome,2,7,p_yellow_forest,p_blue_basket,p_green_gnome,2,2,p_green_forest,p_green_basket,10,5,0,0,1,p_green_gnome,p_green_forest,p_green_basket,75,2,3,11,3,1,2,5,,,,,,,,,,,,,,,,,,,,,,,,,,,,,,,,,,,,,,,,,,,,,,,,,,,,,,,,,,,,,,,,,,,,,,,,,,,,,,,,,,,,,,,,,,,,,,,,,,,,,,,,,,,,,,,,,,,,,,,,,,,,,,,,,,,,,,,,,
,,,,,,,,,,,,,,,,,,,,,,,,,,,,,,,,,,,,,,,,,,,,,,,,,,,,,,,,,,,,,,,,,528492,001,2024-06-19_18h39.00.320,experiment,2023.2.3,Win32,58.82352941,6658b23d243aa8c198969e40,6672e93b03029310057e1c76,66731762b05295a5a9ca4acc,,,,,,,,,,,,,,,,,,,,,,196.654,197.168,k,0.367,,space,0.46,,1,p_pink_gnome,1,8,p_yellow_forest,p_blue_basket,p_orange_gnome,1,3,p_green_forest,p_green_basket,15,5,0,0,1,p_orange_gnome,p_green_forest,p_green_basket,90,3,0,12,2,1,1,5,,,,,,,,,,,,,,,,,,,,,,,,,,,,,,,,,,,,,,,,,,,,,,,,,,,,,,,,,,,,,,,,,,,,,,,,,,,,,,,,,,,,,,,,,,,,,,,,,,,,,,,,,,,,,,,,,,,,,,,,,,,,,,,,,,,,,,,,,
,,,,,,,,,,,,,,,,,,,,,,,,,,,,,,,,,,,,,,,,,,,,,,,,,,,,,,,,,,,,,,,,,528492,001,2024-06-19_18h39.00.320,experiment,2023.2.3,Win32,58.82352941,6658b23d243aa8c198969e40,6672e93b03029310057e1c76,66731762b05295a5a9ca4acc,,,,,,,,,,,,,,,,,,,,,,203.702,204.216,s,0.114,,space,0.026,,1,p_orange_gnome,1,3,p_green_forest,p_green_basket,p_pink_gnome,1,8,p_yellow_forest,p_blue_basket,3,1,0,0,1,p_orange_gnome,p_green_forest,p_green_basket,93,3,1,13,0,1,1,1,,,,,,,,,,,,,,,,,,,,,,,,,,,,,,,,,,,,,,,,,,,,,,,,,,,,,,,,,,,,,,,,,,,,,,,,,,,,,,,,,,,,,,,,,,,,,,,,,,,,,,,,,,,,,,,,,,,,,,,,,,,,,,,,,,,,,,,,,
,,,,,,,,,,,,,,,,,,,,,,,,,,,,,,,,,,,,,,,,,,,,,,,,,,,,,,,,,,,,,,,,,528492,001,2024-06-19_18h39.00.320,experiment,2023.2.3,Win32,58.82352941,6658b23d243aa8c198969e40,6672e93b03029310057e1c76,66731762b05295a5a9ca4acc,,,,,,,,,,,,,,,,,,,,,,210.753,211.27,s,0.52,,space,0.356,,1,p_orange_gnome,1,3,p_green_forest,p_green_basket,p_pink_gnome,1,8,p_yellow_forest,p_blue_basket,3,1,0,0,1,p_orange_gnome,p_green_forest,p_green_basket,96,3,2,14,0,1,1,1,,,,,,,,,,,,,,,,,,,,,,,,,,,,,,,,,,,,,,,,,,,,,,,,,,,,,,,,,,,,,,,,,,,,,,,,,,,,,,,,,,,,,,,,,,,,,,,,,,,,,,,,,,,,,,,,,,,,,,,,,,,,,,,,,,,,,,,,,
,,,,,,,,,,,,,,,,,,,,,,,,,,,,,,,,,,,,,,,,,,,,,,,,,,,,,,,,,,,,,,,,,528492,001,2024-06-19_18h39.00.320,experiment,2023.2.3,Win32,58.82352941,6658b23d243aa8c198969e40,6672e93b03029310057e1c76,66731762b05295a5a9ca4acc,,,,,,,,,,,,,,,,,,,,,,217.821,218.334,s,0.051,,space,0.345,,1,p_orange_gnome,1,3,p_green_forest,p_green_basket,p_pink_gnome,1,8,p_yellow_forest,p_blue_basket,3,1,0,0,1,p_orange_gnome,p_green_forest,p_green_basket,99,3,3,15,0,1,1,1,,,,,,,,,,,,,,,,,,,,,,,,,,,,,,,,,,,,,,,,,,,,,,,,,,,,,,,,,,,,,,,,,,,,,,,,,,,,,,,,,,,,,,,,,,,,,,,,,,,,,,,,,,,,,,,,,,,,,,,,,,,,,,,,,,,,,,,,,
,,,,,,,,,,,,,,,,,,,,,,,,,,,,,,,,,,,,,,,,,,,,,,,,,,,,,,,,,,,,,,,,,528492,001,2024-06-19_18h39.00.320,experiment,2023.2.3,Win32,58.82352941,6658b23d243aa8c198969e40,6672e93b03029310057e1c76,66731762b05295a5a9ca4acc,,,,,,,,,,,,,,,,,,,,,,224.886,225.4,s,0.467,,space,0.342,,1,p_orange_gnome,1,4,p_green_forest,p_green_basket,p_pink_gnome,1,9,p_yellow_forest,p_blue_basket,20,5,0,0,1,p_orange_gnome,p_green_forest,p_green_basket,119,4,0,16,2,1,1,5,,,,,,,,,,,,,,,,,,,,,,,,,,,,,,,,,,,,,,,,,,,,,,,,,,,,,,,,,,,,,,,,,,,,,,,,,,,,,,,,,,,,,,,,,,,,,,,,,,,,,,,,,,,,,,,,,,,,,,,,,,,,,,,,,,,,,,,,,
,,,,,,,,,,,,,,,,,,,,,,,,,,,,,,,,,,,,,,,,,,,,,,,,,,,,,,,,,,,,,,,,,528492,001,2024-06-19_18h39.00.320,experiment,2023.2.3,Win32,58.82352941,6658b23d243aa8c198969e40,6672e93b03029310057e1c76,66731762b05295a5a9ca4acc,,,,,,,,,,,,,,,,,,,,,,231.953,232.466,k,0.566,,space,1.163,,1,p_orange_gnome,1,4,p_green_forest,p_green_basket,p_pink_gnome,1,9,p_yellow_forest,p_blue_basket,9,1,0,0,1,p_pink_gnome,p_yellow_forest,p_blue_basket,128,4,1,17,0,1,1,1,,,,,,,,,,,,,,,,,,,,,,,,,,,,,,,,,,,,,,,,,,,,,,,,,,,,,,,,,,,,,,,,,,,,,,,,,,,,,,,,,,,,,,,,,,,,,,,,,,,,,,,,,,,,,,,,,,,,,,,,,,,,,,,,,,,,,,,,,
,,,,,,,,,,,,,,,,,,,,,,,,,,,,,,,,,,,,,,,,,,,,,,,,,,,,,,,,,,,,,,,,,528492,001,2024-06-19_18h39.00.320,experiment,2023.2.3,Win32,58.82352941,6658b23d243aa8c198969e40,6672e93b03029310057e1c76,66731762b05295a5a9ca4acc,,,,,,,,,,,,,,,,,,,,,,239.003,239.517,k,0.631,,space,0.468,,2,p_green_gnome,2,4,p_green_forest,p_green_basket,p_blue_gnome,2,9,p_yellow_forest,p_blue_basket,45,5,0,0,1,p_blue_gnome,p_yellow_forest,p_blue_basket,173,4,2,18,3,1,2,5,,,,,,,,,,,,,,,,,,,,,,,,,,,,,,,,,,,,,,,,,,,,,,,,,,,,,,,,,,,,,,,,,,,,,,,,,,,,,,,,,,,,,,,,,,,,,,,,,,,,,,,,,,,,,,,,,,,,,,,,,,,,,,,,,,,,,,,,,
,,,,,,,,,,,,,,,,,,,,,,,,,,,,,,,,,,,,,,,,,,,,,,,,,,,,,,,,,,,,,,,,,528492,001,2024-06-19_18h39.00.320,experiment,2023.2.3,Win32,58.82352941,6658b23d243aa8c198969e40,6672e93b03029310057e1c76,66731762b05295a5a9ca4acc,,,,,,,,,,,,,,,,,,,,,,246.071,246.583,k,0.561,,space,0.679,,2,p_blue_gnome,2,9,p_yellow_forest,p_blue_basket,p_green_gnome,2,4,p_green_forest,p_green_basket,20,5,0,0,1,p_green_gnome,p_green_forest,p_green_basket,193,4,3,19,3,1,2,5,,,,,,,,,,,,,,,,,,,,,,,,,,,,,,,,,,,,,,,,,,,,,,,,,,,,,,,,,,,,,,,,,,,,,,,,,,,,,,,,,,,,,,,,,,,,,,,,,,,,,,,,,,,,,,,,,,,,,,,,,,,,,,,,,,,,,,,,,
,,,,,,,,,,,,,,,,,,,,,,,,,,,,,,,,,,,,,,,,,,,,,,,,,,,,,,,,,,,,,,,,,528492,001,2024-06-19_18h39.00.320,experiment,2023.2.3,Win32,58.82352941,6658b23d243aa8c198969e40,6672e93b03029310057e1c76,66731762b05295a5a9ca4acc,,,,,,,,,,,,,,,,,,,,,,,,,,,,,,,,,,,,,,,,,,1,,,,,,,,,,,,,4,,,,,,,,space,97.814,,350.933,374.557,0.630555556,-0.322916667,1,0,0,23.613,t_advice_finished_typing_rect,pick the colour gnome asap and hit space asap when in forest,0.004166667,-0.007638889,1,0,0,2.013,vb_finished_typing_rect,space,16.803,,s,0.57,,space,0.492,,4,purple_gnome,4,2,dark_forest,yellow_basket,brown_gnome,4,7,bright_forest,red_basket,2,0,0,1,purple_gnome,dark_forest,yellow_basket,2,3,0,0,0,0,3,1,,,,,,,,,,,,,,,,,,,,,,,,,,,,,,,,,,,,,,,,,,,,,,,,,,,,,,,,,,,,,,,,,,,,,,,,,,,,
,,,,,,,,,,,,,,,,,,,,,,,,,,,,,,,,,,,,,,,,,,,,,,,,,,,,,,,,,,,,,,,,,528492,001,2024-06-19_18h39.00.320,experiment,2023.2.3,Win32,58.82352941,6658b23d243aa8c198969e40,6672e93b03029310057e1c76,66731762b05295a5a9ca4acc,,,,,,,,,,,,,,,,,,,,,,,,,,,,,,,,,,,,,,,,,,5,,,,,,,,,,,,,2,,,,,,,,,,,,,,,,,,,,,,,,,,,,,,,k,0.702,,space,0.385,,2,red_gnome,2,2,dark_forest,yellow_basket,yellow_gnome,2,8,bright_forest,red_basket,40,0,0,1,yellow_gnome,bright_forest,red_basket,42,1,0,0,1,1,5,1,,,,,,,,,,,,,,,,,,,,,,,,,,,,,,,,,,,,,,,,,,,,,,,,,,,,,,,,,,,,,,,,,,,,,,,,,,,,
,,,,,,,,,,,,,,,,,,,,,,,,,,,,,,,,,,,,,,,,,,,,,,,,,,,,,,,,,,,,,,,,,528492,001,2024-06-19_18h39.00.320,experiment,2023.2.3,Win32,58.82352941,6658b23d243aa8c198969e40,6672e93b03029310057e1c76,66731762b05295a5a9ca4acc,,,,,,,,,,,,,,,,,,,,,,,,,,,,,,,,,,,,,,,,,,5,,,,,,,,,,,,,2,,,,,,,,,,,,,,,,,,,,,,,,,,,,,,,s,0.54,,space,0.356,,2,yellow_gnome,2,9,bright_forest,red_basket,red_gnome,2,2,dark_forest,yellow_basket,45,0,0,1,yellow_gnome,bright_forest,red_basket,87,0,-1,0,2,2,5,1,,,,,,,,,,,,,,,,,,,,,,,,,,,,,,,,,,,,,,,,,,,,,,,,,,,,,,,,,,,,,,,,,,,,,,,,,,,,
,,,,,,,,,,,,,,,,,,,,,,,,,,,,,,,,,,,,,,,,,,,,,,,,,,,,,,,,,,,,,,,,,528492,001,2024-06-19_18h39.00.320,experiment,2023.2.3,Win32,58.82352941,6658b23d243aa8c198969e40,6672e93b03029310057e1c76,66731762b05295a5a9ca4acc,,,,,,,,,,,,,,,,,,,,,,,,,,,,,,,,,,,,,,,,,,5,,,,,,,,,,,,,4,,,,,,,,,,,,,,,,,,,,,,,,,,,,,,,k,0.319,,space,0.243,,4,brown_gnome,4,9,bright_forest,red_basket,purple_gnome,4,1,dark_forest,yellow_basket,5,0,0,1,purple_gnome,dark_forest,yellow_basket,92,-1,-3,0,3,3,7,1,,,,,,,,,,,,,,,,,,,,,,,,,,,,,,,,,,,,,,,,,,,,,,,,,,,,,,,,,,,,,,,,,,,,,,,,,,,,
,,,,,,,,,,,,,,,,,,,,,,,,,,,,,,,,,,,,,,,,,,,,,,,,,,,,,,,,,,,,,,,,,528492,001,2024-06-19_18h39.00.320,experiment,2023.2.3,Win32,58.82352941,6658b23d243aa8c198969e40,6672e93b03029310057e1c76,66731762b05295a5a9ca4acc,,,,,,,,,,,,,,,,,,,,,,,,,,,,,,,,,,,,,,,,,,1,,,,,,,,,,,,,2,,,,,,,,,,,,,,,,,,,,,,,,,,,,,,,k,0.265,,space,0.311,,2,red_gnome,2,2,dark_forest,yellow_basket,yellow_gnome,2,8,bright_forest,red_basket,8,0,0,1,yellow_gnome,bright_forest,red_basket,100,-1,0,0,4,4,1,1,,,,,,,,,,,,,,,,,,,,,,,,,,,,,,,,,,,,,,,,,,,,,,,,,,,,,,,,,,,,,,,,,,,,,,,,,,,,
,,,,,,,,,,,,,,,,,,,,,,,,,,,,,,,,,,,,,,,,,,,,,,,,,,,,,,,,,,,,,,,,,528492,001,2024-06-19_18h39.00.320,experiment,2023.2.3,Win32,58.82352941,6658b23d243aa8c198969e40,6672e93b03029310057e1c76,66731762b05295a5a9ca4acc,,,,,,,,,,,,,,,,,,,,,,,,,,,,,,,,,,,,,,,,,,1,,,,,,,,,,,,,3,,,,,,,,,,,,,,,,,,,,,,,,,,,,,,,k,0.434,,space,0.196,,3,green_gnome,3,7,bright_forest,red_basket,pink_gnome,3,2,dark_forest,yellow_basket,2,0,0,1,pink_gnome,dark_forest,yellow_basket,102,-3,1,0,5,5,2,1,,,,,,,,,,,,,,,,,,,,,,,,,,,,,,,,,,,,,,,,,,,,,,,,,,,,,,,,,,,,,,,,,,,,,,,,,,,,
,,,,,,,,,,,,,,,,,,,,,,,,,,,,,,,,,,,,,,,,,,,,,,,,,,,,,,,,,,,,,,,,,528492,001,2024-06-19_18h39.00.320,experiment,2023.2.3,Win32,58.82352941,6658b23d243aa8c198969e40,6672e93b03029310057e1c76,66731762b05295a5a9ca4acc,,,,,,,,,,,,,,,,,,,,,,,,,,,,,,,,,,,,,,,,,,5,,,,,,,,,,,,,4,,,,,,,,,,,,,,,,,,,,,,,,,,,,,,,s,0.315,,space,0.286,,4,purple_gnome,4,3,dark_forest,yellow_basket,brown_gnome,4,4,bright_forest,red_basket,15,0,0,1,purple_gnome,dark_forest,yellow_basket,117,2,0,0,6,6,7,1,,,,,,,,,,,,,,,,,,,,,,,,,,,,,,,,,,,,,,,,,,,,,,,,,,,,,,,,,,,,,,,,,,,,,,,,,,,,
,,,,,,,,,,,,,,,,,,,,,,,,,,,,,,,,,,,,,,,,,,,,,,,,,,,,,,,,,,,,,,,,,528492,001,2024-06-19_18h39.00.320,experiment,2023.2.3,Win32,58.82352941,6658b23d243aa8c198969e40,6672e93b03029310057e1c76,66731762b05295a5a9ca4acc,,,,,,,,,,,,,,,,,,,,,,,,,,,,,,,,,,,,,,,,,,1,,,,,,,,,,,,,1,,,,,,,,,,,,,,,,,,,,,,,,,,,,,,,s,0.369,,space,0.218,,1,orange_gnome,1,6,bright_forest,red_basket,blue_gnome,1,3,dark_forest,yellow_basket,6,0,0,1,orange_gnome,bright_forest,red_basket,123,-1,0,0,7,7,0,1,,,,,,,,,,,,,,,,,,,,,,,,,,,,,,,,,,,,,,,,,,,,,,,,,,,,,,,,,,,,,,,,,,,,,,,,,,,,
,,,,,,,,,,,,,,,,,,,,,,,,,,,,,,,,,,,,,,,,,,,,,,,,,,,,,,,,,,,,,,,,,528492,001,2024-06-19_18h39.00.320,experiment,2023.2.3,Win32,58.82352941,6658b23d243aa8c198969e40,6672e93b03029310057e1c76,66731762b05295a5a9ca4acc,,,,,,,,,,,,,,,,,,,,,,,,,,,,,,,,,,,,,,,,,,5,,,,,,,,,,,,,2,,,,,,,,,,,,,,,,,,,,,,,,,,,,,,,s,0.26,,space,0.313,,2,red_gnome,2,3,dark_forest,yellow_basket,yellow_gnome,2,5,bright_forest,red_basket,15,0,0,1,red_gnome,dark_forest,yellow_basket,138,2,-3,1,0,8,5,1,,,,,,,,,,,,,,,,,,,,,,,,,,,,,,,,,,,,,,,,,,,,,,,,,,,,,,,,,,,,,,,,,,,,,,,,,,,,
,,,,,,,,,,,,,,,,,,,,,,,,,,,,,,,,,,,,,,,,,,,,,,,,,,,,,,,,,,,,,,,,,528492,001,2024-06-19_18h39.00.320,experiment,2023.2.3,Win32,58.82352941,6658b23d243aa8c198969e40,6672e93b03029310057e1c76,66731762b05295a5a9ca4acc,,,,,,,,,,,,,,,,,,,,,,,,,,,,,,,,,,,,,,,,,,1,,,,,,,,,,,,,2,,,,,,,,,,,,,,,,,,,,,,,,,,,,,,,k,0.323,,space,0.299,,2,red_gnome,2,0,dark_forest,yellow_basket,yellow_gnome,2,7,bright_forest,red_basket,7,0,0,1,yellow_gnome,bright_forest,red_basket,145,1,-1,1,1,9,1,1,,,,,,,,,,,,,,,,,,,,,,,,,,,,,,,,,,,,,,,,,,,,,,,,,,,,,,,,,,,,,,,,,,,,,,,,,,,,
,,,,,,,,,,,,,,,,,,,,,,,,,,,,,,,,,,,,,,,,,,,,,,,,,,,,,,,,,,,,,,,,,528492,001,2024-06-19_18h39.00.320,experiment,2023.2.3,Win32,58.82352941,6658b23d243aa8c198969e40,6672e93b03029310057e1c76,66731762b05295a5a9ca4acc,,,,,,,,,,,,,,,,,,,,,,,,,,,,,,,,,,,,,,,,,,5,,,,,,,,,,,,,3,,,,,,,,,,,,,,,,,,,,,,,,,,,,,,,k,0.328,,space,0.031,,3,pink_gnome,3,1,dark_forest,yellow_basket,green_gnome,3,8,bright_forest,red_basket,40,0,0,1,green_gnome,bright_forest,red_basket,185,3,0,1,2,10,6,1,,,,,,,,,,,,,,,,,,,,,,,,,,,,,,,,,,,,,,,,,,,,,,,,,,,,,,,,,,,,,,,,,,,,,,,,,,,,
,,,,,,,,,,,,,,,,,,,,,,,,,,,,,,,,,,,,,,,,,,,,,,,,,,,,,,,,,,,,,,,,,528492,001,2024-06-19_18h39.00.320,experiment,2023.2.3,Win32,58.82352941,6658b23d243aa8c198969e40,6672e93b03029310057e1c76,66731762b05295a5a9ca4acc,,,,,,,,,,,,,,,,,,,,,,,,,,,,,,,,,,,,,,,,,,5,,,,,,,,,,,,,1,,,,,,,,,,,,,,,,,,,,,,,,,,,,,,,k,0.404,,space,0.341,,1,orange_gnome,1,7,bright_forest,red_basket,blue_gnome,1,1,dark_forest,yellow_basket,5,0,0,1,blue_gnome,dark_forest,yellow_basket,190,-1,2,1,3,11,4,1,,,,,,,,,,,,,,,,,,,,,,,,,,,,,,,,,,,,,,,,,,,,,,,,,,,,,,,,,,,,,,,,,,,,,,,,,,,,
,,,,,,,,,,,,,,,,,,,,,,,,,,,,,,,,,,,,,,,,,,,,,,,,,,,,,,,,,,,,,,,,,528492,001,2024-06-19_18h39.00.320,experiment,2023.2.3,Win32,58.82352941,6658b23d243aa8c198969e40,6672e93b03029310057e1c76,66731762b05295a5a9ca4acc,,,,,,,,,,,,,,,,,,,,,,,,,,,,,,,,,,,,,,,,,,1,,,,,,,,,,,,,3,,,,,,,,,,,,,,,,,,,,,,,,,,,,,,,k,0.288,,space,0.357,,3,pink_gnome,3,3,dark_forest,yellow_basket,green_gnome,3,6,bright_forest,red_basket,6,0,0,1,green_gnome,bright_forest,red_basket,196,-1,2,1,4,12,2,1,,,,,,,,,,,,,,,,,,,,,,,,,,,,,,,,,,,,,,,,,,,,,,,,,,,,,,,,,,,,,,,,,,,,,,,,,,,,
,,,,,,,,,,,,,,,,,,,,,,,,,,,,,,,,,,,,,,,,,,,,,,,,,,,,,,,,,,,,,,,,,528492,001,2024-06-19_18h39.00.320,experiment,2023.2.3,Win32,58.82352941,6658b23d243aa8c198969e40,6672e93b03029310057e1c76,66731762b05295a5a9ca4acc,,,,,,,,,,,,,,,,,,,,,,,,,,,,,,,,,,,,,,,,,,5,,,,,,,,,,,,,2,,,,,,,,,,,,,,,,,,,,,,,,,,,,,,,k,0.321,,space,0.288,,2,yellow_gnome,2,5,bright_forest,red_basket,red_gnome,2,5,dark_forest,yellow_basket,25,0,0,1,red_gnome,dark_forest,yellow_basket,221,0,3,1,5,13,5,1,,,,,,,,,,,,,,,,,,,,,,,,,,,,,,,,,,,,,,,,,,,,,,,,,,,,,,,,,,,,,,,,,,,,,,,,,,,,
,,,,,,,,,,,,,,,,,,,,,,,,,,,,,,,,,,,,,,,,,,,,,,,,,,,,,,,,,,,,,,,,,528492,001,2024-06-19_18h39.00.320,experiment,2023.2.3,Win32,58.82352941,6658b23d243aa8c198969e40,6672e93b03029310057e1c76,66731762b05295a5a9ca4acc,,,,,,,,,,,,,,,,,,,,,,,,,,,,,,,,,,,,,,,,,,1,,,,,,,,,,,,,4,,,,,,,,,,,,,,,,,,,,,,,,,,,,,,,k,0.298,,space,1.087,,4,purple_gnome,4,8,dark_forest,yellow_basket,brown_gnome,4,5,bright_forest,red_basket,5,0,0,1,brown_gnome,bright_forest,red_basket,226,-2,-5,1,6,14,3,1,,,,,,,,,,,,,,,,,,,,,,,,,,,,,,,,,,,,,,,,,,,,,,,,,,,,,,,,,,,,,,,,,,,,,,,,,,,,
,,,,,,,,,,,,,,,,,,,,,,,,,,,,,,,,,,,,,,,,,,,,,,,,,,,,,,,,,,,,,,,,,528492,001,2024-06-19_18h39.00.320,experiment,2023.2.3,Win32,58.82352941,6658b23d243aa8c198969e40,6672e93b03029310057e1c76,66731762b05295a5a9ca4acc,,,,,,,,,,,,,,,,,,,,,,,,,,,,,,,,,,,,,,,,,,5,,,,,,,,,,,,,1,,,,,,,,,,,,,,,,,,,,,,,,,,,,,,,k,0.365,,space,0.088,,1,blue_gnome,1,3,dark_forest,yellow_basket,orange_gnome,1,3,bright_forest,red_basket,15,0,0,1,orange_gnome,bright_forest,red_basket,241,1,-3,1,7,15,4,1,,,,,,,,,,,,,,,,,,,,,,,,,,,,,,,,,,,,,,,,,,,,,,,,,,,,,,,,,,,,,,,,,,,,,,,,,,,,
,,,,,,,,,,,,,,,,,,,,,,,,,,,,,,,,,,,,,,,,,,,,,,,,,,,,,,,,,,,,,,,,,528492,001,2024-06-19_18h39.00.320,experiment,2023.2.3,Win32,58.82352941,6658b23d243aa8c198969e40,6672e93b03029310057e1c76,66731762b05295a5a9ca4acc,,,,,,,,,,,,,,,,,,,,,,,,,,,,,,,,,,,,,,,,,,5,,,,,,,,,,,,,4,,,,,,,,,,,,,,,,,,,,,,,,,,,,,,,k,0.314,,space,0.42,,4,brown_gnome,4,4,bright_forest,red_basket,purple_gnome,4,0,dark_forest,yellow_basket,0,0,0,1,purple_gnome,dark_forest,yellow_basket,241,1,2,2,0,16,7,1,,,,,,,,,,,,,,,,,,,,,,,,,,,,,,,,,,,,,,,,,,,,,,,,,,,,,,,,,,,,,,,,,,,,,,,,,,,,
,,,,,,,,,,,,,,,,,,,,,,,,,,,,,,,,,,,,,,,,,,,,,,,,,,,,,,,,,,,,,,,,,528492,001,2024-06-19_18h39.00.320,experiment,2023.2.3,Win32,58.82352941,6658b23d243aa8c198969e40,6672e93b03029310057e1c76,66731762b05295a5a9ca4acc,,,,,,,,,,,,,,,,,,,,,,,,,,,,,,,,,,,,,,,,,,1,,,,,,,,,,,,,4,,,,,,,,,,,,,,,,,,,,,,,,,,,,,,,k,0.411,,space,0.315,,4,purple_gnome,4,2,dark_forest,yellow_basket,brown_gnome,4,5,bright_forest,red_basket,5,0,0,1,brown_gnome,bright_forest,red_basket,246,1,-2,2,1,17,3,1,,,,,,,,,,,,,,,,,,,,,,,,,,,,,,,,,,,,,,,,,,,,,,,,,,,,,,,,,,,,,,,,,,,,,,,,,,,,
,,,,,,,,,,,,,,,,,,,,,,,,,,,,,,,,,,,,,,,,,,,,,,,,,,,,,,,,,,,,,,,,,528492,001,2024-06-19_18h39.00.320,experiment,2023.2.3,Win32,58.82352941,6658b23d243aa8c198969e40,6672e93b03029310057e1c76,66731762b05295a5a9ca4acc,,,,,,,,,,,,,,,,,,,,,,,,,,,,,,,,,,,,,,,,,,1,,,,,,,,,,,,,3,,,,,,,,,,,,,,,,,,,,,,,,,,,,,,,k,0.3,,space,0.244,,3,pink_gnome,3,0,dark_forest,yellow_basket,green_gnome,3,6,bright_forest,red_basket,6,0,0,1,green_gnome,bright_forest,red_basket,252,1,2,2,2,18,2,1,,,,,,,,,,,,,,,,,,,,,,,,,,,,,,,,,,,,,,,,,,,,,,,,,,,,,,,,,,,,,,,,,,,,,,,,,,,,
,,,,,,,,,,,,,,,,,,,,,,,,,,,,,,,,,,,,,,,,,,,,,,,,,,,,,,,,,,,,,,,,,528492,001,2024-06-19_18h39.00.320,experiment,2023.2.3,Win32,58.82352941,6658b23d243aa8c198969e40,6672e93b03029310057e1c76,66731762b05295a5a9ca4acc,,,,,,,,,,,,,,,,,,,,,,,,,,,,,,,,,,,,,,,,,,1,,,,,,,,,,,,,4,,,,,,,,,,,,,,,,,,,,,,,,,,,,,,,k,0.309,,space,0.356,,4,brown_gnome,4,7,bright_forest,red_basket,purple_gnome,4,2,dark_forest,yellow_basket,2,0,0,1,purple_gnome,dark_forest,yellow_basket,254,1,-1,2,3,19,3,1,,,,,,,,,,,,,,,,,,,,,,,,,,,,,,,,,,,,,,,,,,,,,,,,,,,,,,,,,,,,,,,,,,,,,,,,,,,,
,,,,,,,,,,,,,,,,,,,,,,,,,,,,,,,,,,,,,,,,,,,,,,,,,,,,,,,,,,,,,,,,,528492,001,2024-06-19_18h39.00.320,experiment,2023.2.3,Win32,58.82352941,6658b23d243aa8c198969e40,6672e93b03029310057e1c76,66731762b05295a5a9ca4acc,,,,,,,,,,,,,,,,,,,,,,,,,,,,,,,,,,,,,,,,,,1,,,,,,,,,,,,,4,,,,,,,,,,,,,,,,,,,,,,,,,,,,,,,k,0.267,,space,0.843,,4,purple_gnome,4,1,dark_forest,yellow_basket,brown_gnome,4,8,bright_forest,red_basket,8,0,0,1,brown_gnome,bright_forest,red_basket,262,1,3,2,4,20,3,1,,,,,,,,,,,,,,,,,,,,,,,,,,,,,,,,,,,,,,,,,,,,,,,,,,,,,,,,,,,,,,,,,,,,,,,,,,,,
,,,,,,,,,,,,,,,,,,,,,,,,,,,,,,,,,,,,,,,,,,,,,,,,,,,,,,,,,,,,,,,,,528492,001,2024-06-19_18h39.00.320,experiment,2023.2.3,Win32,58.82352941,6658b23d243aa8c198969e40,6672e93b03029310057e1c76,66731762b05295a5a9ca4acc,,,,,,,,,,,,,,,,,,,,,,,,,,,,,,,,,,,,,,,,,,1,,,,,,,,,,,,,2,,,,,,,,,,,,,,,,,,,,,,,,,,,,,,,k,0.437,,space,0.29,,2,red_gnome,2,4,dark_forest,yellow_basket,yellow_gnome,2,9,bright_forest,red_basket,9,0,0,1,yellow_gnome,bright_forest,red_basket,271,2,-2,2,5,21,1,1,,,,,,,,,,,,,,,,,,,,,,,,,,,,,,,,,,,,,,,,,,,,,,,,,,,,,,,,,,,,,,,,,,,,,,,,,,,,
,,,,,,,,,,,,,,,,,,,,,,,,,,,,,,,,,,,,,,,,,,,,,,,,,,,,,,,,,,,,,,,,,528492,001,2024-06-19_18h39.00.320,experiment,2023.2.3,Win32,58.82352941,6658b23d243aa8c198969e40,6672e93b03029310057e1c76,66731762b05295a5a9ca4acc,,,,,,,,,,,,,,,,,,,,,,,,,,,,,,,,,,,,,,,,,,1,,,,,,,,,,,,,2,,,,,,,,,,,,,,,,,,,,,,,,,,,,,,,k,0.292,,space,0.339,,2,red_gnome,2,2,dark_forest,yellow_basket,yellow_gnome,2,7,bright_forest,red_basket,7,0,0,1,yellow_gnome,bright_forest,red_basket,278,2,0,2,6,22,1,1,,,,,,,,,,,,,,,,,,,,,,,,,,,,,,,,,,,,,,,,,,,,,,,,,,,,,,,,,,,,,,,,,,,,,,,,,,,,
,,,,,,,,,,,,,,,,,,,,,,,,,,,,,,,,,,,,,,,,,,,,,,,,,,,,,,,,,,,,,,,,,528492,001,2024-06-19_18h39.00.320,experiment,2023.2.3,Win32,58.82352941,6658b23d243aa8c198969e40,6672e93b03029310057e1c76,66731762b05295a5a9ca4acc,,,,,,,,,,,,,,,,,,,,,,,,,,,,,,,,,,,,,,,,,,5,,,,,,,,,,,,,4,,,,,,,,,,,,,,,,,,,,,,,,,,,,,,,k,0.309,,space,0.254,,4,brown_gnome,4,9,bright_forest,red_basket,purple_gnome,4,2,dark_forest,yellow_basket,10,0,0,1,purple_gnome,dark_forest,yellow_basket,288,-1,-2,2,7,23,7,1,,,,,,,,,,,,,,,,,,,,,,,,,,,,,,,,,,,,,,,,,,,,,,,,,,,,,,,,,,,,,,,,,,,,,,,,,,,,
,,,,,,,,,,,,,,,,,,,,,,,,,,,,,,,,,,,,,,,,,,,,,,,,,,,,,,,,,,,,,,,,,528492,001,2024-06-19_18h39.00.320,experiment,2023.2.3,Win32,58.82352941,6658b23d243aa8c198969e40,6672e93b03029310057e1c76,66731762b05295a5a9ca4acc,,,,,,,,,,,,,,,,,,,,,,,,,,,,,,,,,,,,,,,,,,1,,,,,,,,,,,,,3,,,,,,,,,,,,,,,,,,,,,,,,,,,,,,,k,0.284,,space,0.408,,3,green_gnome,3,8,bright_forest,red_basket,pink_gnome,3,0,dark_forest,yellow_basket,0,0,0,1,pink_gnome,dark_forest,yellow_basket,288,-3,-1,3,0,24,2,1,,,,,,,,,,,,,,,,,,,,,,,,,,,,,,,,,,,,,,,,,,,,,,,,,,,,,,,,,,,,,,,,,,,,,,,,,,,,
,,,,,,,,,,,,,,,,,,,,,,,,,,,,,,,,,,,,,,,,,,,,,,,,,,,,,,,,,,,,,,,,,528492,001,2024-06-19_18h39.00.320,experiment,2023.2.3,Win32,58.82352941,6658b23d243aa8c198969e40,6672e93b03029310057e1c76,66731762b05295a5a9ca4acc,,,,,,,,,,,,,,,,,,,,,,,,,,,,,,,,,,,,,,,,,,5,,,,,,,,,,,,,1,,,,,,,,,,,,,,,,,,,,,,,,,,,,,,,k,0.28,,space,0.541,,1,blue_gnome,1,1,dark_forest,yellow_basket,orange_gnome,1,5,bright_forest,red_basket,25,0,0,1,orange_gnome,bright_forest,red_basket,313,-1,-1,3,1,25,4,1,,,,,,,,,,,,,,,,,,,,,,,,,,,,,,,,,,,,,,,,,,,,,,,,,,,,,,,,,,,,,,,,,,,,,,,,,,,,
,,,,,,,,,,,,,,,,,,,,,,,,,,,,,,,,,,,,,,,,,,,,,,,,,,,,,,,,,,,,,,,,,528492,001,2024-06-19_18h39.00.320,experiment,2023.2.3,Win32,58.82352941,6658b23d243aa8c198969e40,6672e93b03029310057e1c76,66731762b05295a5a9ca4acc,,,,,,,,,,,,,,,,,,,,,,,,,,,,,,,,,,,,,,,,,,1,,,,,,,,,,,,,1,,,,,,,,,,,,,,,,,,,,,,,,,,,,,,,k,0.399,,space,0.477,,1,orange_gnome,1,4,bright_forest,red_basket,blue_gnome,1,0,dark_forest,yellow_basket,0,0,0,1,blue_gnome,dark_forest,yellow_basket,313,-4,5,3,2,26,0,1,,,,,,,,,,,,,,,,,,,,,,,,,,,,,,,,,,,,,,,,,,,,,,,,,,,,,,,,,,,,,,,,,,,,,,,,,,,,
,,,,,,,,,,,,,,,,,,,,,,,,,,,,,,,,,,,,,,,,,,,,,,,,,,,,,,,,,,,,,,,,,528492,001,2024-06-19_18h39.00.320,experiment,2023.2.3,Win32,58.82352941,6658b23d243aa8c198969e40,6672e93b03029310057e1c76,66731762b05295a5a9ca4acc,,,,,,,,,,,,,,,,,,,,,,,,,,,,,,,,,,,,,,,,,,5,,,,,,,,,,,,,3,,,,,,,,,,,,,,,,,,,,,,,,,,,,,,,k,0.579,,space,0.413,,3,green_gnome,3,0,bright_forest,red_basket,pink_gnome,3,5,dark_forest,yellow_basket,25,0,0,1,pink_gnome,dark_forest,yellow_basket,338,2,2,3,3,27,6,1,,,,,,,,,,,,,,,,,,,,,,,,,,,,,,,,,,,,,,,,,,,,,,,,,,,,,,,,,,,,,,,,,,,,,,,,,,,,
,,,,,,,,,,,,,,,,,,,,,,,,,,,,,,,,,,,,,,,,,,,,,,,,,,,,,,,,,,,,,,,,,528492,001,2024-06-19_18h39.00.320,experiment,2023.2.3,Win32,58.82352941,6658b23d243aa8c198969e40,6672e93b03029310057e1c76,66731762b05295a5a9ca4acc,,,,,,,,,,,,,,,,,,,,,,,,,,,,,,,,,,,,,,,,,,5,,,,,,,,,,,,,1,,,,,,,,,,,,,,,,,,,,,,,,,,,,,,,k,0.392,,space,0.746,,1,blue_gnome,1,7,dark_forest,yellow_basket,orange_gnome,1,2,bright_forest,red_basket,10,0,0,1,orange_gnome,bright_forest,red_basket,348,-4,2,3,4,28,4,1,,,,,,,,,,,,,,,,,,,,,,,,,,,,,,,,,,,,,,,,,,,,,,,,,,,,,,,,,,,,,,,,,,,,,,,,,,,,
,,,,,,,,,,,,,,,,,,,,,,,,,,,,,,,,,,,,,,,,,,,,,,,,,,,,,,,,,,,,,,,,,528492,001,2024-06-19_18h39.00.320,experiment,2023.2.3,Win32,58.82352941,6658b23d243aa8c198969e40,6672e93b03029310057e1c76,66731762b05295a5a9ca4acc,,,,,,,,,,,,,,,,,,,,,,,,,,,,,,,,,,,,,,,,,,5,,,,,,,,,,,,,4,,,,,,,,,,,,,,,,,,,,,,,,,,,,,,,k,0.356,,space,0.21,,4,brown_gnome,4,2,bright_forest,red_basket,purple_gnome,4,9,dark_forest,yellow_basket,45,0,0,1,purple_gnome,dark_forest,yellow_basket,393,-3,1,3,5,29,7,1,,,,,,,,,,,,,,,,,,,,,,,,,,,,,,,,,,,,,,,,,,,,,,,,,,,,,,,,,,,,,,,,,,,,,,,,,,,,
,,,,,,,,,,,,,,,,,,,,,,,,,,,,,,,,,,,,,,,,,,,,,,,,,,,,,,,,,,,,,,,,,528492,001,2024-06-19_18h39.00.320,experiment,2023.2.3,Win32,58.82352941,6658b23d243aa8c198969e40,6672e93b03029310057e1c76,66731762b05295a5a9ca4acc,,,,,,,,,,,,,,,,,,,,,,,,,,,,,,,,,,,,,,,,,,1,,,,,,,,,,,,,1,,,,,,,,,,,,,,,,,,,,,,,,,,,,,,,k,0.304,,space,0.409,,1,blue_gnome,1,8,dark_forest,yellow_basket,orange_gnome,1,1,bright_forest,red_basket,1,0,0,1,orange_gnome,bright_forest,red_basket,394,-5,-2,3,6,30,0,1,,,,,,,,,,,,,,,,,,,,,,,,,,,,,,,,,,,,,,,,,,,,,,,,,,,,,,,,,,,,,,,,,,,,,,,,,,,,
,,,,,,,,,,,,,,,,,,,,,,,,,,,,,,,,,,,,,,,,,,,,,,,,,,,,,,,,,,,,,,,,,528492,001,2024-06-19_18h39.00.320,experiment,2023.2.3,Win32,58.82352941,6658b23d243aa8c198969e40,6672e93b03029310057e1c76,66731762b05295a5a9ca4acc,,,,,,,,,,,,,,,,,,,,,,,,,,,,,,,,,,,,,,,,,,1,,,,,,,,,,,,,3,,,,,,,,,,,,,,,,,,,,,,,,,,,,,,,k,0.272,,space,0.096,,3,green_gnome,3,4,bright_forest,red_basket,pink_gnome,3,6,dark_forest,yellow_basket,6,0,0,1,pink_gnome,dark_forest,yellow_basket,400,-1,0,3,7,31,2,1,,,,,,,,,,,,,,,,,,,,,,,,,,,,,,,,,,,,,,,,,,,,,,,,,,,,,,,,,,,,,,,,,,,,,,,,,,,,
,,,,,,,,,,,,,,,,,,,,,,,,,,,,,,,,,,,,,,,,,,,,,,,,,,,,,,,,,,,,,,,,,528492,001,2024-06-19_18h39.00.320,experiment,2023.2.3,Win32,58.82352941,6658b23d243aa8c198969e40,6672e93b03029310057e1c76,66731762b05295a5a9ca4acc,,,,,,,,,,,,,,,,,,,,,,,,,,,,,,,,,,,,,,,,,,5,,,,,,,,,,,,,1,,,,,,,,,,,,,,,,,,,,,,,,,,,,,,,k,0.342,,space,0.126,,1,orange_gnome,1,3,bright_forest,red_basket,blue_gnome,1,6,dark_forest,yellow_basket,30,0,0,1,blue_gnome,dark_forest,yellow_basket,430,3,2,4,0,32,4,1,,,,,,,,,,,,,,,,,,,,,,,,,,,,,,,,,,,,,,,,,,,,,,,,,,,,,,,,,,,,,,,,,,,,,,,,,,,,
,,,,,,,,,,,,,,,,,,,,,,,,,,,,,,,,,,,,,,,,,,,,,,,,,,,,,,,,,,,,,,,,,528492,001,2024-06-19_18h39.00.320,experiment,2023.2.3,Win32,58.82352941,6658b23d243aa8c198969e40,6672e93b03029310057e1c76,66731762b05295a5a9ca4acc,,,,,,,,,,,,,,,,,,,,,,,,,,,,,,,,,,,,,,,,,,5,,,,,,,,,,,,,4,,,,,,,,,,,,,,,,,,,,,,,,,,,,,,,k,0.275,,space,0.27,,4,purple_gnome,4,8,dark_forest,yellow_basket,brown_gnome,4,6,bright_forest,red_basket,30,0,0,1,brown_gnome,bright_forest,red_basket,460,2,2,4,1,33,7,1,,,,,,,,,,,,,,,,,,,,,,,,,,,,,,,,,,,,,,,,,,,,,,,,,,,,,,,,,,,,,,,,,,,,,,,,,,,,
,,,,,,,,,,,,,,,,,,,,,,,,,,,,,,,,,,,,,,,,,,,,,,,,,,,,,,,,,,,,,,,,,528492,001,2024-06-19_18h39.00.320,experiment,2023.2.3,Win32,58.82352941,6658b23d243aa8c198969e40,6672e93b03029310057e1c76,66731762b05295a5a9ca4acc,,,,,,,,,,,,,,,,,,,,,,,,,,,,,,,,,,,,,,,,,,1,,,,,,,,,,,,,1,,,,,,,,,,,,,,,,,,,,,,,,,,,,,,,k,0.316,,space,0.039,,1,orange_gnome,1,8,bright_forest,red_basket,blue_gnome,1,8,dark_forest,yellow_basket,8,0,0,1,blue_gnome,dark_forest,yellow_basket,468,-2,0,4,2,34,0,1,,,,,,,,,,,,,,,,,,,,,,,,,,,,,,,,,,,,,,,,,,,,,,,,,,,,,,,,,,,,,,,,,,,,,,,,,,,,
,,,,,,,,,,,,,,,,,,,,,,,,,,,,,,,,,,,,,,,,,,,,,,,,,,,,,,,,,,,,,,,,,528492,001,2024-06-19_18h39.00.320,experiment,2023.2.3,Win32,58.82352941,6658b23d243aa8c198969e40,6672e93b03029310057e1c76,66731762b05295a5a9ca4acc,,,,,,,,,,,,,,,,,,,,,,,,,,,,,,,,,,,,,,,,,,1,,,,,,,,,,,,,2,,,,,,,,,,,,,,,,,,,,,,,,,,,,,,,k,0.281,,space,0.348,,2,yellow_gnome,2,6,bright_forest,red_basket,red_gnome,2,8,dark_forest,yellow_basket,8,0,0,1,red_gnome,dark_forest,yellow_basket,476,-3,0,4,3,35,1,1,,,,,,,,,,,,,,,,,,,,,,,,,,,,,,,,,,,,,,,,,,,,,,,,,,,,,,,,,,,,,,,,,,,,,,,,,,,,
,,,,,,,,,,,,,,,,,,,,,,,,,,,,,,,,,,,,,,,,,,,,,,,,,,,,,,,,,,,,,,,,,528492,001,2024-06-19_18h39.00.320,experiment,2023.2.3,Win32,58.82352941,6658b23d243aa8c198969e40,6672e93b03029310057e1c76,66731762b05295a5a9ca4acc,,,,,,,,,,,,,,,,,,,,,,,,,,,,,,,,,,,,,,,,,,5,,,,,,,,,,,,,4,,,,,,,,,,,,,,,,,,,,,,,,,,,,,,,k,0.411,,space,0.316,,4,brown_gnome,4,3,bright_forest,red_basket,purple_gnome,4,8,dark_forest,yellow_basket,40,0,0,1,purple_gnome,dark_forest,yellow_basket,516,5,-3,4,4,36,7,1,,,,,,,,,,,,,,,,,,,,,,,,,,,,,,,,,,,,,,,,,,,,,,,,,,,,,,,,,,,,,,,,,,,,,,,,,,,,
,,,,,,,,,,,,,,,,,,,,,,,,,,,,,,,,,,,,,,,,,,,,,,,,,,,,,,,,,,,,,,,,,528492,001,2024-06-19_18h39.00.320,experiment,2023.2.3,Win32,58.82352941,6658b23d243aa8c198969e40,6672e93b03029310057e1c76,66731762b05295a5a9ca4acc,,,,,,,,,,,,,,,,,,,,,,,,,,,,,,,,,,,,,,,,,,5,,,,,,,,,,,,,3,,,,,,,,,,,,,,,,,,,,,,,,,,,,,,,k,0.375,,space,0.506,,3,pink_gnome,3,5,dark_forest,yellow_basket,green_gnome,3,8,bright_forest,red_basket,40,0,0,1,green_gnome,bright_forest,red_basket,556,-1,2,4,5,37,6,1,,,,,,,,,,,,,,,,,,,,,,,,,,,,,,,,,,,,,,,,,,,,,,,,,,,,,,,,,,,,,,,,,,,,,,,,,,,,
,,,,,,,,,,,,,,,,,,,,,,,,,,,,,,,,,,,,,,,,,,,,,,,,,,,,,,,,,,,,,,,,,528492,001,2024-06-19_18h39.00.320,experiment,2023.2.3,Win32,58.82352941,6658b23d243aa8c198969e40,6672e93b03029310057e1c76,66731762b05295a5a9ca4acc,,,,,,,,,,,,,,,,,,,,,,,,,,,,,,,,,,,,,,,,,,1,,,,,,,,,,,,,2,,,,,,,,,,,,,,,,,,,,,,,,,,,,,,,s,0.383,,space,0.38,,2,red_gnome,2,7,dark_forest,yellow_basket,yellow_gnome,2,7,bright_forest,red_basket,7,0,0,1,red_gnome,dark_forest,yellow_basket,563,-2,-3,4,6,38,1,1,,,,,,,,,,,,,,,,,,,,,,,,,,,,,,,,,,,,,,,,,,,,,,,,,,,,,,,,,,,,,,,,,,,,,,,,,,,,
,,,,,,,,,,,,,,,,,,,,,,,,,,,,,,,,,,,,,,,,,,,,,,,,,,,,,,,,,,,,,,,,,528492,001,2024-06-19_18h39.00.320,experiment,2023.2.3,Win32,58.82352941,6658b23d243aa8c198969e40,6672e93b03029310057e1c76,66731762b05295a5a9ca4acc,,,,,,,,,,,,,,,,,,,,,,,,,,,,,,,,,,,,,,,,,,1,,,,,,,,,,,,,3,,,,,,,,,,,,,,,,,,,,,,,,,,,,,,,s,0.399,,space,0.309,,3,pink_gnome,3,4,dark_forest,yellow_basket,green_gnome,3,5,bright_forest,red_basket,4,0,0,1,pink_gnome,dark_forest,yellow_basket,567,2,0,4,7,39,2,1,,,,,,,,,,,,,,,,,,,,,,,,,,,,,,,,,,,,,,,,,,,,,,,,,,,,,,,,,,,,,,,,,,,,,,,,,,,,
,,,,,,,,,,,,,,,,,,,,,,,,,,,,,,,,,,,,,,,,,,,,,,,,,,,,,,,,,,,,,,,,,528492,001,2024-06-19_18h39.00.320,experiment,2023.2.3,Win32,58.82352941,6658b23d243aa8c198969e40,6672e93b03029310057e1c76,66731762b05295a5a9ca4acc,,,,,,,,,,,,,,,,,,,,,,,,,,,,,,,,,,,,,,,,,,5,,,,,,,,,,,,,3,,,,,,,,,,,,,,,,,,,,,,,,,,,,,,,s,0.344,,space,0.173,,3,pink_gnome,3,4,dark_forest,yellow_basket,green_gnome,3,7,bright_forest,red_basket,20,0,0,1,pink_gnome,dark_forest,yellow_basket,587,1,-3,5,0,40,6,1,,,,,,,,,,,,,,,,,,,,,,,,,,,,,,,,,,,,,,,,,,,,,,,,,,,,,,,,,,,,,,,,,,,,,,,,,,,,
,,,,,,,,,,,,,,,,,,,,,,,,,,,,,,,,,,,,,,,,,,,,,,,,,,,,,,,,,,,,,,,,,528492,001,2024-06-19_18h39.00.320,experiment,2023.2.3,Win32,58.82352941,6658b23d243aa8c198969e40,6672e93b03029310057e1c76,66731762b05295a5a9ca4acc,,,,,,,,,,,,,,,,,,,,,,,,,,,,,,,,,,,,,,,,,,5,,,,,,,,,,,,,1,,,,,,,,,,,,,,,,,,,,,,,,,,,,,,,,,,,,,1,orange_gnome,1,8,bright_forest,red_basket,blue_gnome,1,1,dark_forest,yellow_basket,0,1,0,0,,dark_forest,yellow_basket,587,0,-2,5,1,41,4,1,,,,,,,,,,,,,,,,,,,,,,,,,,,,,,,,,,,,,,,,,,,,,,,,,,,,,,,,,,,,,,,,,,,,,,,,,,,,
,,,,,,,,,,,,,,,,,,,,,,,,,,,,,,,,,,,,,,,,,,,,,,,,,,,,,,,,,,,,,,,,,528492,001,2024-06-19_18h39.00.320,experiment,2023.2.3,Win32,58.82352941,6658b23d243aa8c198969e40,6672e93b03029310057e1c76,66731762b05295a5a9ca4acc,,,,,,,,,,,,,,,,,,,,,,,,,,,,,,,,,,,,,,,,,,5,,,,,,,,,,,,,4,,,,,,,,,,,,,,,,,,,,,,,,,,,,,,,s,0.397,,space,0.287,,4,purple_gnome,4,1,dark_forest,yellow_basket,brown_gnome,4,8,bright_forest,red_basket,5,0,0,1,purple_gnome,dark_forest,yellow_basket,592,-2,1,5,2,42,7,1,,,,,,,,,,,,,,,,,,,,,,,,,,,,,,,,,,,,,,,,,,,,,,,,,,,,,,,,,,,,,,,,,,,,,,,,,,,,
,,,,,,,,,,,,,,,,,,,,,,,,,,,,,,,,,,,,,,,,,,,,,,,,,,,,,,,,,,,,,,,,,528492,001,2024-06-19_18h39.00.320,experiment,2023.2.3,Win32,58.82352941,6658b23d243aa8c198969e40,6672e93b03029310057e1c76,66731762b05295a5a9ca4acc,,,,,,,,,,,,,,,,,,,,,,,,,,,,,,,,,,,,,,,,,,1,,,,,,,,,,,,,4,,,,,,,,,,,,,,,,,,,,,,,,,,,,,,,s,0.292,,space,0.431,,4,purple_gnome,4,2,dark_forest,yellow_basket,brown_gnome,4,6,bright_forest,red_basket,2,0,0,1,purple_gnome,dark_forest,yellow_basket,594,2,3,5,3,43,3,1,,,,,,,,,,,,,,,,,,,,,,,,,,,,,,,,,,,,,,,,,,,,,,,,,,,,,,,,,,,,,,,,,,,,,,,,,,,,
,,,,,,,,,,,,,,,,,,,,,,,,,,,,,,,,,,,,,,,,,,,,,,,,,,,,,,,,,,,,,,,,,528492,001,2024-06-19_18h39.00.320,experiment,2023.2.3,Win32,58.82352941,6658b23d243aa8c198969e40,6672e93b03029310057e1c76,66731762b05295a5a9ca4acc,,,,,,,,,,,,,,,,,,,,,,,,,,,,,,,,,,,,,,,,,,1,,,,,,,,,,,,,4,,,,,,,,,,,,,,,,,,,,,,,,,,,,,,,s,0.034,,space,0.212,,4,brown_gnome,4,8,bright_forest,red_basket,purple_gnome,4,5,dark_forest,yellow_basket,8,0,0,1,brown_gnome,bright_forest,red_basket,602,1,-3,5,4,44,3,1,,,,,,,,,,,,,,,,,,,,,,,,,,,,,,,,,,,,,,,,,,,,,,,,,,,,,,,,,,,,,,,,,,,,,,,,,,,,
,,,,,,,,,,,,,,,,,,,,,,,,,,,,,,,,,,,,,,,,,,,,,,,,,,,,,,,,,,,,,,,,,528492,001,2024-06-19_18h39.00.320,experiment,2023.2.3,Win32,58.82352941,6658b23d243aa8c198969e40,6672e93b03029310057e1c76,66731762b05295a5a9ca4acc,,,,,,,,,,,,,,,,,,,,,,,,,,,,,,,,,,,,,,,,,,5,,,,,,,,,,,,,3,,,,,,,,,,,,,,,,,,,,,,,,,,,,,,,s,0.22,,space,0.21,,3,pink_gnome,3,2,dark_forest,yellow_basket,green_gnome,3,9,bright_forest,red_basket,10,0,0,1,pink_gnome,dark_forest,yellow_basket,612,-3,0,5,5,45,6,1,,,,,,,,,,,,,,,,,,,,,,,,,,,,,,,,,,,,,,,,,,,,,,,,,,,,,,,,,,,,,,,,,,,,,,,,,,,,
,,,,,,,,,,,,,,,,,,,,,,,,,,,,,,,,,,,,,,,,,,,,,,,,,,,,,,,,,,,,,,,,,528492,001,2024-06-19_18h39.00.320,experiment,2023.2.3,Win32,58.82352941,6658b23d243aa8c198969e40,6672e93b03029310057e1c76,66731762b05295a5a9ca4acc,,,,,,,,,,,,,,,,,,,,,,,,,,,,,,,,,,,,,,,,,,1,,,,,,,,,,,,,3,,,,,,,,,,,,,,,,,,,,,,,,,,,,,,,s,0.034,,space,0.251,,3,pink_gnome,3,2,dark_forest,yellow_basket,green_gnome,3,6,bright_forest,red_basket,2,0,0,1,pink_gnome,dark_forest,yellow_basket,614,0,-3,5,6,46,2,1,,,,,,,,,,,,,,,,,,,,,,,,,,,,,,,,,,,,,,,,,,,,,,,,,,,,,,,,,,,,,,,,,,,,,,,,,,,,
,,,,,,,,,,,,,,,,,,,,,,,,,,,,,,,,,,,,,,,,,,,,,,,,,,,,,,,,,,,,,,,,,528492,001,2024-06-19_18h39.00.320,experiment,2023.2.3,Win32,58.82352941,6658b23d243aa8c198969e40,6672e93b03029310057e1c76,66731762b05295a5a9ca4acc,,,,,,,,,,,,,,,,,,,,,,,,,,,,,,,,,,,,,,,,,,1,,,,,,,,,,,,,3,,,,,,,,,,,,,,,,,,,,,,,,,,,,,,,s,0.042,,space,0.095,,3,green_gnome,3,6,bright_forest,red_basket,pink_gnome,3,1,dark_forest,yellow_basket,6,0,0,1,green_gnome,bright_forest,red_basket,620,-2,4,5,7,47,2,1,,,,,,,,,,,,,,,,,,,,,,,,,,,,,,,,,,,,,,,,,,,,,,,,,,,,,,,,,,,,,,,,,,,,,,,,,,,,
,,,,,,,,,,,,,,,,,,,,,,,,,,,,,,,,,,,,,,,,,,,,,,,,,,,,,,,,,,,,,,,,,528492,001,2024-06-19_18h39.00.320,experiment,2023.2.3,Win32,58.82352941,6658b23d243aa8c198969e40,6672e93b03029310057e1c76,66731762b05295a5a9ca4acc,,,,,,,,,,,,,,,,,,,,,,,,,,,,,,,,,,,,,,,,,,5,,,,,,,,,,,,,1,,,,,,,,,,,,,,,,,,,,,,,,,,,,,,,s,0.018,,space,0.06,,1,blue_gnome,1,5,dark_forest,yellow_basket,orange_gnome,1,4,bright_forest,red_basket,25,0,0,1,blue_gnome,dark_forest,yellow_basket,645,1,3,6,0,48,4,1,,,,,,,,,,,,,,,,,,,,,,,,,,,,,,,,,,,,,,,,,,,,,,,,,,,,,,,,,,,,,,,,,,,,,,,,,,,,
,,,,,,,,,,,,,,,,,,,,,,,,,,,,,,,,,,,,,,,,,,,,,,,,,,,,,,,,,,,,,,,,,528492,001,2024-06-19_18h39.00.320,experiment,2023.2.3,Win32,58.82352941,6658b23d243aa8c198969e40,6672e93b03029310057e1c76,66731762b05295a5a9ca4acc,,,,,,,,,,,,,,,,,,,,,,,,,,,,,,,,,,,,,,,,,,5,,,,,,,,,,,,,2,,,,,,,,,,,,,,,,,,,,,,,,,,,,,,,s,0.168,,space,0.199,,2,yellow_gnome,2,5,bright_forest,red_basket,red_gnome,2,8,dark_forest,yellow_basket,25,0,0,1,yellow_gnome,bright_forest,red_basket,670,0,2,6,1,49,5,1,,,,,,,,,,,,,,,,,,,,,,,,,,,,,,,,,,,,,,,,,,,,,,,,,,,,,,,,,,,,,,,,,,,,,,,,,,,,
,,,,,,,,,,,,,,,,,,,,,,,,,,,,,,,,,,,,,,,,,,,,,,,,,,,,,,,,,,,,,,,,,528492,001,2024-06-19_18h39.00.320,experiment,2023.2.3,Win32,58.82352941,6658b23d243aa8c198969e40,6672e93b03029310057e1c76,66731762b05295a5a9ca4acc,,,,,,,,,,,,,,,,,,,,,,,,,,,,,,,,,,,,,,,,,,5,,,,,,,,,,,,,1,,,,,,,,,,,,,,,,,,,,,,,,,,,,,,,s,0.246,,space,0.069,,1,blue_gnome,1,8,dark_forest,yellow_basket,orange_gnome,1,5,bright_forest,red_basket,40,0,0,1,blue_gnome,dark_forest,yellow_basket,710,-3,2,6,2,50,4,1,,,,,,,,,,,,,,,,,,,,,,,,,,,,,,,,,,,,,,,,,,,,,,,,,,,,,,,,,,,,,,,,,,,,,,,,,,,,
,,,,,,,,,,,,,,,,,,,,,,,,,,,,,,,,,,,,,,,,,,,,,,,,,,,,,,,,,,,,,,,,,528492,001,2024-06-19_18h39.00.320,experiment,2023.2.3,Win32,58.82352941,6658b23d243aa8c198969e40,6672e93b03029310057e1c76,66731762b05295a5a9ca4acc,,,,,,,,,,,,,,,,,,,,,,,,,,,,,,,,,,,,,,,,,,1,,,,,,,,,,,,,1,,,,,,,,,,,,,,,,,,,,,,,,,,,,,,,s,0.262,,space,0.22,,1,orange_gnome,1,2,bright_forest,red_basket,blue_gnome,1,8,dark_forest,yellow_basket,2,0,0,1,orange_gnome,bright_forest,red_basket,712,3,-1,6,3,51,0,1,,,,,,,,,,,,,,,,,,,,,,,,,,,,,,,,,,,,,,,,,,,,,,,,,,,,,,,,,,,,,,,,,,,,,,,,,,,,
,,,,,,,,,,,,,,,,,,,,,,,,,,,,,,,,,,,,,,,,,,,,,,,,,,,,,,,,,,,,,,,,,528492,001,2024-06-19_18h39.00.320,experiment,2023.2.3,Win32,58.82352941,6658b23d243aa8c198969e40,6672e93b03029310057e1c76,66731762b05295a5a9ca4acc,,,,,,,,,,,,,,,,,,,,,,,,,,,,,,,,,,,,,,,,,,5,,,,,,,,,,,,,2,,,,,,,,,,,,,,,,,,,,,,,,,,,,,,,s,0.223,,space,0.046,,2,yellow_gnome,2,5,bright_forest,red_basket,red_gnome,2,7,dark_forest,yellow_basket,25,0,0,1,yellow_gnome,bright_forest,red_basket,737,5,4,6,4,52,5,1,,,,,,,,,,,,,,,,,,,,,,,,,,,,,,,,,,,,,,,,,,,,,,,,,,,,,,,,,,,,,,,,,,,,,,,,,,,,
,,,,,,,,,,,,,,,,,,,,,,,,,,,,,,,,,,,,,,,,,,,,,,,,,,,,,,,,,,,,,,,,,528492,001,2024-06-19_18h39.00.320,experiment,2023.2.3,Win32,58.82352941,6658b23d243aa8c198969e40,6672e93b03029310057e1c76,66731762b05295a5a9ca4acc,,,,,,,,,,,,,,,,,,,,,,,,,,,,,,,,,,,,,,,,,,5,,,,,,,,,,,,,1,,,,,,,,,,,,,,,,,,,,,,,,,,,,,,,s,0.214,,space,0.148,,1,blue_gnome,1,7,dark_forest,yellow_basket,orange_gnome,1,8,bright_forest,red_basket,35,0,0,1,blue_gnome,dark_forest,yellow_basket,772,2,2,6,5,53,4,1,,,,,,,,,,,,,,,,,,,,,,,,,,,,,,,,,,,,,,,,,,,,,,,,,,,,,,,,,,,,,,,,,,,,,,,,,,,,
,,,,,,,,,,,,,,,,,,,,,,,,,,,,,,,,,,,,,,,,,,,,,,,,,,,,,,,,,,,,,,,,,528492,001,2024-06-19_18h39.00.320,experiment,2023.2.3,Win32,58.82352941,6658b23d243aa8c198969e40,6672e93b03029310057e1c76,66731762b05295a5a9ca4acc,,,,,,,,,,,,,,,,,,,,,,,,,,,,,,,,,,,,,,,,,,1,,,,,,,,,,,,,3,,,,,,,,,,,,,,,,,,,,,,,,,,,,,,,s,0.157,,space,0.078,,3,green_gnome,3,8,bright_forest,red_basket,pink_gnome,3,9,dark_forest,yellow_basket,8,0,0,1,green_gnome,bright_forest,red_basket,780,3,0,6,6,54,2,1,,,,,,,,,,,,,,,,,,,,,,,,,,,,,,,,,,,,,,,,,,,,,,,,,,,,,,,,,,,,,,,,,,,,,,,,,,,,
,,,,,,,,,,,,,,,,,,,,,,,,,,,,,,,,,,,,,,,,,,,,,,,,,,,,,,,,,,,,,,,,,528492,001,2024-06-19_18h39.00.320,experiment,2023.2.3,Win32,58.82352941,6658b23d243aa8c198969e40,6672e93b03029310057e1c76,66731762b05295a5a9ca4acc,,,,,,,,,,,,,,,,,,,,,,,,,,,,,,,,,,,,,,,,,,1,,,,,,,,,,,,,2,,,,,,,,,,,,,,,,,,,,,,,,,,,,,,,s,0.022,,space,0.13,,2,yellow_gnome,2,7,bright_forest,red_basket,red_gnome,2,9,dark_forest,yellow_basket,7,0,0,1,yellow_gnome,bright_forest,red_basket,787,2,0,6,7,55,1,1,,,,,,,,,,,,,,,,,,,,,,,,,,,,,,,,,,,,,,,,,,,,,,,,,,,,,,,,,,,,,,,,,,,,,,,,,,,,
,,,,,,,,,,,,,,,,,,,,,,,,,,,,,,,,,,,,,,,,,,,,,,,,,,,,,,,,,,,,,,,,,528492,001,2024-06-19_18h39.00.320,experiment,2023.2.3,Win32,58.82352941,6658b23d243aa8c198969e40,6672e93b03029310057e1c76,66731762b05295a5a9ca4acc,,,,,,,,,,,,,,,,,,,,,,,,,,,,,,,,,,,,,,,,,,1,,,,,,,,,,,,,3,,,,,,,,,,,,,,,,,,,,,,,,,,,,,,,s,0.27,,space,0.194,,3,green_gnome,3,9,bright_forest,red_basket,pink_gnome,3,9,dark_forest,yellow_basket,9,0,0,1,green_gnome,bright_forest,red_basket,796,-2,2,7,0,56,2,1,,,,,,,,,,,,,,,,,,,,,,,,,,,,,,,,,,,,,,,,,,,,,,,,,,,,,,,,,,,,,,,,,,,,,,,,,,,,
,,,,,,,,,,,,,,,,,,,,,,,,,,,,,,,,,,,,,,,,,,,,,,,,,,,,,,,,,,,,,,,,,528492,001,2024-06-19_18h39.00.320,experiment,2023.2.3,Win32,58.82352941,6658b23d243aa8c198969e40,6672e93b03029310057e1c76,66731762b05295a5a9ca4acc,,,,,,,,,,,,,,,,,,,,,,,,,,,,,,,,,,,,,,,,,,1,,,,,,,,,,,,,4,,,,,,,,,,,,,,,,,,,,,,,,,,,,,,,s,0.048,,space,0.195,,4,brown_gnome,4,7,bright_forest,red_basket,purple_gnome,4,7,dark_forest,yellow_basket,7,0,0,1,brown_gnome,bright_forest,red_basket,803,4,-3,7,1,57,3,1,,,,,,,,,,,,,,,,,,,,,,,,,,,,,,,,,,,,,,,,,,,,,,,,,,,,,,,,,,,,,,,,,,,,,,,,,,,,
,,,,,,,,,,,,,,,,,,,,,,,,,,,,,,,,,,,,,,,,,,,,,,,,,,,,,,,,,,,,,,,,,528492,001,2024-06-19_18h39.00.320,experiment,2023.2.3,Win32,58.82352941,6658b23d243aa8c198969e40,6672e93b03029310057e1c76,66731762b05295a5a9ca4acc,,,,,,,,,,,,,,,,,,,,,,,,,,,,,,,,,,,,,,,,,,1,,,,,,,,,,,,,2,,,,,,,,,,,,,,,,,,,,,,,,,,,,,,,s,0.219,,space,0.194,,2,red_gnome,2,4,dark_forest,yellow_basket,yellow_gnome,2,7,bright_forest,red_basket,4,0,0,1,red_gnome,dark_forest,yellow_basket,807,0,0,7,2,58,1,1,,,,,,,,,,,,,,,,,,,,,,,,,,,,,,,,,,,,,,,,,,,,,,,,,,,,,,,,,,,,,,,,,,,,,,,,,,,,
,,,,,,,,,,,,,,,,,,,,,,,,,,,,,,,,,,,,,,,,,,,,,,,,,,,,,,,,,,,,,,,,,528492,001,2024-06-19_18h39.00.320,experiment,2023.2.3,Win32,58.82352941,6658b23d243aa8c198969e40,6672e93b03029310057e1c76,66731762b05295a5a9ca4acc,,,,,,,,,,,,,,,,,,,,,,,,,,,,,,,,,,,,,,,,,,1,,,,,,,,,,,,,2,,,,,,,,,,,,,,,,,,,,,,,,,,,,,,,s,0.255,,space,0.033,,2,yellow_gnome,2,7,bright_forest,red_basket,red_gnome,2,4,dark_forest,yellow_basket,7,0,0,1,yellow_gnome,bright_forest,red_basket,814,-1,-1,7,3,59,1,1,,,,,,,,,,,,,,,,,,,,,,,,,,,,,,,,,,,,,,,,,,,,,,,,,,,,,,,,,,,,,,,,,,,,,,,,,,,,
,,,,,,,,,,,,,,,,,,,,,,,,,,,,,,,,,,,,,,,,,,,,,,,,,,,,,,,,,,,,,,,,,528492,001,2024-06-19_18h39.00.320,experiment,2023.2.3,Win32,58.82352941,6658b23d243aa8c198969e40,6672e93b03029310057e1c76,66731762b05295a5a9ca4acc,,,,,,,,,,,,,,,,,,,,,,,,,,,,,,,,,,,,,,,,,,5,,,,,,,,,,,,,3,,,,,,,,,,,,,,,,,,,,,,,,,,,,,,,s,0.024,,space,0.174,,3,pink_gnome,3,3,dark_forest,yellow_basket,green_gnome,3,6,bright_forest,red_basket,15,0,0,1,pink_gnome,dark_forest,yellow_basket,829,-2,-3,7,4,60,6,1,,,,,,,,,,,,,,,,,,,,,,,,,,,,,,,,,,,,,,,,,,,,,,,,,,,,,,,,,,,,,,,,,,,,,,,,,,,,
,,,,,,,,,,,,,,,,,,,,,,,,,,,,,,,,,,,,,,,,,,,,,,,,,,,,,,,,,,,,,,,,,528492,001,2024-06-19_18h39.00.320,experiment,2023.2.3,Win32,58.82352941,6658b23d243aa8c198969e40,6672e93b03029310057e1c76,66731762b05295a5a9ca4acc,,,,,,,,,,,,,,,,,,,,,,,,,,,,,,,,,,,,,,,,,,1,,,,,,,,,,,,,4,,,,,,,,,,,,,,,,,,,,,,,,,,,,,,,s,0.094,,space,0.033,,4,brown_gnome,4,4,bright_forest,red_basket,purple_gnome,4,0,dark_forest,yellow_basket,4,0,0,1,brown_gnome,bright_forest,red_basket,833,1,0,7,5,61,3,1,,,,,,,,,,,,,,,,,,,,,,,,,,,,,,,,,,,,,,,,,,,,,,,,,,,,,,,,,,,,,,,,,,,,,,,,,,,,
,,,,,,,,,,,,,,,,,,,,,,,,,,,,,,,,,,,,,,,,,,,,,,,,,,,,,,,,,,,,,,,,,528492,001,2024-06-19_18h39.00.320,experiment,2023.2.3,Win32,58.82352941,6658b23d243aa8c198969e40,6672e93b03029310057e1c76,66731762b05295a5a9ca4acc,,,,,,,,,,,,,,,,,,,,,,,,,,,,,,,,,,,,,,,,,,1,,,,,,,,,,,,,1,,,,,,,,,,,,,,,,,,,,,,,,,,,,,,,s,0.115,,space,0.247,,1,orange_gnome,1,5,bright_forest,red_basket,blue_gnome,1,0,dark_forest,yellow_basket,5,0,0,1,orange_gnome,bright_forest,red_basket,838,0,3,7,6,62,0,1,,,,,,,,,,,,,,,,,,,,,,,,,,,,,,,,,,,,,,,,,,,,,,,,,,,,,,,,,,,,,,,,,,,,,,,,,,,,
,,,,,,,,,,,,,,,,,,,,,,,,,,,,,,,,,,,,,,,,,,,,,,,,,,,,,,,,,,,,,,,,,528492,001,2024-06-19_18h39.00.320,experiment,2023.2.3,Win32,58.82352941,6658b23d243aa8c198969e40,6672e93b03029310057e1c76,66731762b05295a5a9ca4acc,,,,,,,,,,,,,,,,,,,,,,,,,,,,,,,,,,,,,,,,,,5,,,,,,,,,,,,,4,,,,,,,,,,,,,,,,,,,,,,,,,,,,,,,s,0.24,,space,0.081,,4,brown_gnome,4,5,bright_forest,red_basket,purple_gnome,4,3,dark_forest,yellow_basket,25,0,0,1,brown_gnome,bright_forest,red_basket,863,1,3,7,7,63,7,1,space,23.661,,,,,,,,,,,,,,,,,,,,,,,,,,,,,,,,,,,,,,,,,,,,,,,,,,,,,,,,,,,,,,,,,,,,,,,,,,
,,,,,,,,,,,,,,,,,,,,,,,,,,,,,,,,,,,,,,,,,,,,,,,,,,,,,,,,,,,,,,,,,528492,001,2024-06-19_18h39.00.320,experiment,2023.2.3,Win32,58.82352941,6658b23d243aa8c198969e40,6672e93b03029310057e1c76,66731762b05295a5a9ca4acc,,,,,,,,,,,,,,,,,,,,,,,,,,,,,,,,,,,,,,,,,,5,,,,,,,,,,,,,2,,,,,,,,,,,,,,,,,,,,,,,,,,,,,,,s,0.048,,space,0.184,,2,red_gnome,2,6,dark_forest,yellow_basket,yellow_gnome,2,6,bright_forest,red_basket,30,0,0,1,red_gnome,dark_forest,yellow_basket,893,4,2,8,0,64,5,1,,,,,,,,,,,,,,,,,,,,,,,,,,,,,,,,,,,,,,,,,,,,,,,,,,,,,,,,,,,,,,,,,,,,,,,,,,,,
,,,,,,,,,,,,,,,,,,,,,,,,,,,,,,,,,,,,,,,,,,,,,,,,,,,,,,,,,,,,,,,,,528492,001,2024-06-19_18h39.00.320,experiment,2023.2.3,Win32,58.82352941,6658b23d243aa8c198969e40,6672e93b03029310057e1c76,66731762b05295a5a9ca4acc,,,,,,,,,,,,,,,,,,,,,,,,,,,,,,,,,,,,,,,,,,5,,,,,,,,,,,,,3,,,,,,,,,,,,,,,,,,,,,,,,,,,,,,,s,0.174,,space,0.169,,3,pink_gnome,3,8,dark_forest,yellow_basket,green_gnome,3,8,bright_forest,red_basket,40,0,0,1,pink_gnome,dark_forest,yellow_basket,933,-1,4,8,1,65,6,1,,,,,,,,,,,,,,,,,,,,,,,,,,,,,,,,,,,,,,,,,,,,,,,,,,,,,,,,,,,,,,,,,,,,,,,,,,,,
,,,,,,,,,,,,,,,,,,,,,,,,,,,,,,,,,,,,,,,,,,,,,,,,,,,,,,,,,,,,,,,,,528492,001,2024-06-19_18h39.00.320,experiment,2023.2.3,Win32,58.82352941,6658b23d243aa8c198969e40,6672e93b03029310057e1c76,66731762b05295a5a9ca4acc,,,,,,,,,,,,,,,,,,,,,,,,,,,,,,,,,,,,,,,,,,5,,,,,,,,,,,,,4,,,,,,,,,,,,,,,,,,,,,,,,,,,,,,,s,0.255,,space,0.059,,4,brown_gnome,4,7,bright_forest,red_basket,purple_gnome,4,6,dark_forest,yellow_basket,35,0,0,1,brown_gnome,bright_forest,red_basket,968,-1,0,8,2,66,7,1,,,,,,,,,,,,,,,,,,,,,,,,,,,,,,,,,,,,,,,,,,,,,,,,,,,,,,,,,,,,,,,,,,,,,,,,,,,,
,,,,,,,,,,,,,,,,,,,,,,,,,,,,,,,,,,,,,,,,,,,,,,,,,,,,,,,,,,,,,,,,,528492,001,2024-06-19_18h39.00.320,experiment,2023.2.3,Win32,58.82352941,6658b23d243aa8c198969e40,6672e93b03029310057e1c76,66731762b05295a5a9ca4acc,,,,,,,,,,,,,,,,,,,,,,,,,,,,,,,,,,,,,,,,,,1,,,,,,,,,,,,,3,,,,,,,,,,,,,,,,,,,,,,,,,,,,,,,s,0.079,,space,0.267,,3,pink_gnome,3,6,dark_forest,yellow_basket,green_gnome,3,6,bright_forest,red_basket,6,0,0,1,pink_gnome,dark_forest,yellow_basket,974,-2,-5,8,3,67,2,1,,,,,,,,,,,,,,,,,,,,,,,,,,,,,,,,,,,,,,,,,,,,,,,,,,,,,,,,,,,,,,,,,,,,,,,,,,,,
,,,,,,,,,,,,,,,,,,,,,,,,,,,,,,,,,,,,,,,,,,,,,,,,,,,,,,,,,,,,,,,,,528492,001,2024-06-19_18h39.00.320,experiment,2023.2.3,Win32,58.82352941,6658b23d243aa8c198969e40,6672e93b03029310057e1c76,66731762b05295a5a9ca4acc,,,,,,,,,,,,,,,,,,,,,,,,,,,,,,,,,,,,,,,,,,5,,,,,,,,,,,,,3,,,,,,,,,,,,,,,,,,,,,,,,,,,,,,,s,0.238,,space,0.083,,3,green_gnome,3,4,bright_forest,red_basket,pink_gnome,3,1,dark_forest,yellow_basket,20,0,0,1,green_gnome,bright_forest,red_basket,994,1,0,8,4,68,6,1,,,,,,,,,,,,,,,,,,,,,,,,,,,,,,,,,,,,,,,,,,,,,,,,,,,,,,,,,,,,,,,,,,,,,,,,,,,,
,,,,,,,,,,,,,,,,,,,,,,,,,,,,,,,,,,,,,,,,,,,,,,,,,,,,,,,,,,,,,,,,,528492,001,2024-06-19_18h39.00.320,experiment,2023.2.3,Win32,58.82352941,6658b23d243aa8c198969e40,6672e93b03029310057e1c76,66731762b05295a5a9ca4acc,,,,,,,,,,,,,,,,,,,,,,,,,,,,,,,,,,,,,,,,,,5,,,,,,,,,,,,,1,,,,,,,,,,,,,,,,,,,,,,,,,,,,,,,s,0.019,,space,0.19,,1,orange_gnome,1,5,bright_forest,red_basket,blue_gnome,1,1,dark_forest,yellow_basket,25,0,0,1,orange_gnome,bright_forest,red_basket,1019,0,3,8,5,69,4,1,,,,,,,,,,,,,,,,,,,,,,,,,,,,,,,,,,,,,,,,,,,,,,,,,,,,,,,,,,,,,,,,,,,,,,,,,,,,
,,,,,,,,,,,,,,,,,,,,,,,,,,,,,,,,,,,,,,,,,,,,,,,,,,,,,,,,,,,,,,,,,528492,001,2024-06-19_18h39.00.320,experiment,2023.2.3,Win32,58.82352941,6658b23d243aa8c198969e40,6672e93b03029310057e1c76,66731762b05295a5a9ca4acc,,,,,,,,,,,,,,,,,,,,,,,,,,,,,,,,,,,,,,,,,,1,,,,,,,,,,,,,3,,,,,,,,,,,,,,,,,,,,,,,,,,,,,,,s,0.244,,space,0.086,,3,pink_gnome,3,4,dark_forest,yellow_basket,green_gnome,3,5,bright_forest,red_basket,4,0,0,1,pink_gnome,dark_forest,yellow_basket,1023,3,2,8,6,70,2,1,,,,,,,,,,,,,,,,,,,,,,,,,,,,,,,,,,,,,,,,,,,,,,,,,,,,,,,,,,,,,,,,,,,,,,,,,,,,
,,,,,,,,,,,,,,,,,,,,,,,,,,,,,,,,,,,,,,,,,,,,,,,,,,,,,,,,,,,,,,,,,528492,001,2024-06-19_18h39.00.320,experiment,2023.2.3,Win32,58.82352941,6658b23d243aa8c198969e40,6672e93b03029310057e1c76,66731762b05295a5a9ca4acc,,,,,,,,,,,,,,,,,,,,,,,,,,,,,,,,,,,,,,,,,,1,,,,,,,,,,,,,1,,,,,,,,,,,,,,,,,,,,,,,,,,,,,,,s,0.093,,space,0.121,,1,orange_gnome,1,8,bright_forest,red_basket,blue_gnome,1,6,dark_forest,yellow_basket,8,0,0,1,orange_gnome,bright_forest,red_basket,1031,2,0,8,7,71,0,1,,,,,,,,,,,,,,,,,,,,,,,,,,,,,,,,,,,,,,,,,,,,,,,,,,,,,,,,,,,,,,,,,,,,,,,,,,,,
,,,,,,,,,,,,,,,,,,,,,,,,,,,,,,,,,,,,,,,,,,,,,,,,,,,,,,,,,,,,,,,,,528492,001,2024-06-19_18h39.00.320,experiment,2023.2.3,Win32,58.82352941,6658b23d243aa8c198969e40,6672e93b03029310057e1c76,66731762b05295a5a9ca4acc,,,,,,,,,,,,,,,,,,,,,,,,,,,,,,,,,,,,,,,,,,1,,,,,,,,,,,,,4,,,,,,,,,,,,,,,,,,,,,,,,,,,,,,,s,0.094,,space,0.017,,4,purple_gnome,4,6,dark_forest,yellow_basket,brown_gnome,4,8,bright_forest,red_basket,6,0,0,1,purple_gnome,dark_forest,yellow_basket,1037,0,1,9,0,72,3,1,,,,,,,,,,,,,,,,,,,,,,,,,,,,,,,,,,,,,,,,,,,,,,,,,,,,,,,,,,,,,,,,,,,,,,,,,,,,
,,,,,,,,,,,,,,,,,,,,,,,,,,,,,,,,,,,,,,,,,,,,,,,,,,,,,,,,,,,,,,,,,528492,001,2024-06-19_18h39.00.320,experiment,2023.2.3,Win32,58.82352941,6658b23d243aa8c198969e40,6672e93b03029310057e1c76,66731762b05295a5a9ca4acc,,,,,,,,,,,,,,,,,,,,,,,,,,,,,,,,,,,,,,,,,,1,,,,,,,,,,,,,2,,,,,,,,,,,,,,,,,,,,,,,,,,,,,,,s,0.05,,space,0.198,,2,red_gnome,2,7,dark_forest,yellow_basket,yellow_gnome,2,8,bright_forest,red_basket,7,0,0,1,red_gnome,dark_forest,yellow_basket,1044,0,-2,9,1,73,1,1,,,,,,,,,,,,,,,,,,,,,,,,,,,,,,,,,,,,,,,,,,,,,,,,,,,,,,,,,,,,,,,,,,,,,,,,,,,,
,,,,,,,,,,,,,,,,,,,,,,,,,,,,,,,,,,,,,,,,,,,,,,,,,,,,,,,,,,,,,,,,,528492,001,2024-06-19_18h39.00.320,experiment,2023.2.3,Win32,58.82352941,6658b23d243aa8c198969e40,6672e93b03029310057e1c76,66731762b05295a5a9ca4acc,,,,,,,,,,,,,,,,,,,,,,,,,,,,,,,,,,,,,,,,,,5,,,,,,,,,,,,,3,,,,,,,,,,,,,,,,,,,,,,,,,,,,,,,s,0.171,,space,0.112,,3,pink_gnome,3,5,dark_forest,yellow_basket,green_gnome,3,8,bright_forest,red_basket,25,0,0,1,pink_gnome,dark_forest,yellow_basket,1069,0,0,9,2,74,6,1,,,,,,,,,,,,,,,,,,,,,,,,,,,,,,,,,,,,,,,,,,,,,,,,,,,,,,,,,,,,,,,,,,,,,,,,,,,,
,,,,,,,,,,,,,,,,,,,,,,,,,,,,,,,,,,,,,,,,,,,,,,,,,,,,,,,,,,,,,,,,,528492,001,2024-06-19_18h39.00.320,experiment,2023.2.3,Win32,58.82352941,6658b23d243aa8c198969e40,6672e93b03029310057e1c76,66731762b05295a5a9ca4acc,,,,,,,,,,,,,,,,,,,,,,,,,,,,,,,,,,,,,,,,,,5,,,,,,,,,,,,,1,,,,,,,,,,,,,,,,,,,,,,,,,,,,,,,s,0.306,,space,0.046,,1,blue_gnome,1,5,dark_forest,yellow_basket,orange_gnome,1,8,bright_forest,red_basket,25,0,0,1,blue_gnome,dark_forest,yellow_basket,1094,2,2,9,3,75,4,1,,,,,,,,,,,,,,,,,,,,,,,,,,,,,,,,,,,,,,,,,,,,,,,,,,,,,,,,,,,,,,,,,,,,,,,,,,,,
,,,,,,,,,,,,,,,,,,,,,,,,,,,,,,,,,,,,,,,,,,,,,,,,,,,,,,,,,,,,,,,,,528492,001,2024-06-19_18h39.00.320,experiment,2023.2.3,Win32,58.82352941,6658b23d243aa8c198969e40,6672e93b03029310057e1c76,66731762b05295a5a9ca4acc,,,,,,,,,,,,,,,,,,,,,,,,,,,,,,,,,,,,,,,,,,5,,,,,,,,,,,,,4,,,,,,,,,,,,,,,,,,,,,,,,,,,,,,,s,0.245,,space,0.263,,4,brown_gnome,4,8,bright_forest,red_basket,purple_gnome,4,7,dark_forest,yellow_basket,40,0,0,1,brown_gnome,bright_forest,red_basket,1134,1,1,9,4,76,7,1,,,,,,,,,,,,,,,,,,,,,,,,,,,,,,,,,,,,,,,,,,,,,,,,,,,,,,,,,,,,,,,,,,,,,,,,,,,,
,,,,,,,,,,,,,,,,,,,,,,,,,,,,,,,,,,,,,,,,,,,,,,,,,,,,,,,,,,,,,,,,,528492,001,2024-06-19_18h39.00.320,experiment,2023.2.3,Win32,58.82352941,6658b23d243aa8c198969e40,6672e93b03029310057e1c76,66731762b05295a5a9ca4acc,,,,,,,,,,,,,,,,,,,,,,,,,,,,,,,,,,,,,,,,,,1,,,,,,,,,,,,,1,,,,,,,,,,,,,,,,,,,,,,,,,,,,,,,,,,,,,1,orange_gnome,1,9,bright_forest,red_basket,blue_gnome,1,8,dark_forest,yellow_basket,0,1,0,0,,bright_forest,red_basket,1134,-1,0,9,5,77,0,1,,,,,,,,,,,,,,,,,,,,,,,,,,,,,,,,,,,,,,,,,,,,,,,,,,,,,,,,,,,,,,,,,,,,,,,,,,,,
,,,,,,,,,,,,,,,,,,,,,,,,,,,,,,,,,,,,,,,,,,,,,,,,,,,,,,,,,,,,,,,,,528492,001,2024-06-19_18h39.00.320,experiment,2023.2.3,Win32,58.82352941,6658b23d243aa8c198969e40,6672e93b03029310057e1c76,66731762b05295a5a9ca4acc,,,,,,,,,,,,,,,,,,,,,,,,,,,,,,,,,,,,,,,,,,5,,,,,,,,,,,,,2,,,,,,,,,,,,,,,,,,,,,,,,,,,,,,,s,0.078,,space,0.129,,2,red_gnome,2,8,dark_forest,yellow_basket,yellow_gnome,2,8,bright_forest,red_basket,40,0,0,1,red_gnome,dark_forest,yellow_basket,1174,0,-1,9,6,78,5,1,,,,,,,,,,,,,,,,,,,,,,,,,,,,,,,,,,,,,,,,,,,,,,,,,,,,,,,,,,,,,,,,,,,,,,,,,,,,
,,,,,,,,,,,,,,,,,,,,,,,,,,,,,,,,,,,,,,,,,,,,,,,,,,,,,,,,,,,,,,,,,528492,001,2024-06-19_18h39.00.320,experiment,2023.2.3,Win32,58.82352941,6658b23d243aa8c198969e40,6672e93b03029310057e1c76,66731762b05295a5a9ca4acc,,,,,,,,,,,,,,,,,,,,,,,,,,,,,,,,,,,,,,,,,,5,,,,,,,,,,,,,4,,,,,,,,,,,,,,,,,,,,,,,,,,,,,,,s,0.377,,space,0.066,,4,brown_gnome,4,8,bright_forest,red_basket,purple_gnome,4,7,dark_forest,yellow_basket,40,0,0,1,brown_gnome,bright_forest,red_basket,1214,-2,-4,9,7,79,7,1,,,,,,,,,,,,,,,,,,,,,,,,,,,,,,,,,,,,,,,,,,,,,,,,,,,,,,,,,,,,,,,,,,,,,,,,,,,,
,,,,,,,,,,,,,,,,,,,,,,,,,,,,,,,,,,,,,,,,,,,,,,,,,,,,,,,,,,,,,,,,,528492,001,2024-06-19_18h39.00.320,experiment,2023.2.3,Win32,58.82352941,6658b23d243aa8c198969e40,6672e93b03029310057e1c76,66731762b05295a5a9ca4acc,,,,,,,,,,,,,,,,,,,,,,,,,,,,,,,,,,,,,,,,,,1,,,,,,,,,,,,,1,,,,,,,,,,,,,,,,,,,,,,,,,,,,,,,s,0.109,,space,0.03,,1,orange_gnome,1,6,bright_forest,red_basket,blue_gnome,1,3,dark_forest,yellow_basket,6,0,0,1,orange_gnome,bright_forest,red_basket,1220,0,5,10,0,80,0,1,,,,,,,,,,,,,,,,,,,,,,,,,,,,,,,,,,,,,,,,,,,,,,,,,,,,,,,,,,,,,,,,,,,,,,,,,,,,
,,,,,,,,,,,,,,,,,,,,,,,,,,,,,,,,,,,,,,,,,,,,,,,,,,,,,,,,,,,,,,,,,528492,001,2024-06-19_18h39.00.320,experiment,2023.2.3,Win32,58.82352941,6658b23d243aa8c198969e40,6672e93b03029310057e1c76,66731762b05295a5a9ca4acc,,,,,,,,,,,,,,,,,,,,,,,,,,,,,,,,,,,,,,,,,,5,,,,,,,,,,,,,3,,,,,,,,,,,,,,,,,,,,,,,,,,,,,,,s,0.04,,space,0.311,,3,pink_gnome,3,8,dark_forest,yellow_basket,green_gnome,3,6,bright_forest,red_basket,40,0,0,1,pink_gnome,dark_forest,yellow_basket,1260,0,0,10,1,81,6,1,,,,,,,,,,,,,,,,,,,,,,,,,,,,,,,,,,,,,,,,,,,,,,,,,,,,,,,,,,,,,,,,,,,,,,,,,,,,
,,,,,,,,,,,,,,,,,,,,,,,,,,,,,,,,,,,,,,,,,,,,,,,,,,,,,,,,,,,,,,,,,528492,001,2024-06-19_18h39.00.320,experiment,2023.2.3,Win32,58.82352941,6658b23d243aa8c198969e40,6672e93b03029310057e1c76,66731762b05295a5a9ca4acc,,,,,,,,,,,,,,,,,,,,,,,,,,,,,,,,,,,,,,,,,,1,,,,,,,,,,,,,4,,,,,,,,,,,,,,,,,,,,,,,,,,,,,,,s,0.142,,space,0.241,,4,purple_gnome,4,8,dark_forest,yellow_basket,brown_gnome,4,6,bright_forest,red_basket,8,0,0,1,purple_gnome,dark_forest,yellow_basket,1268,1,-1,10,2,82,3,1,,,,,,,,,,,,,,,,,,,,,,,,,,,,,,,,,,,,,,,,,,,,,,,,,,,,,,,,,,,,,,,,,,,,,,,,,,,,
,,,,,,,,,,,,,,,,,,,,,,,,,,,,,,,,,,,,,,,,,,,,,,,,,,,,,,,,,,,,,,,,,528492,001,2024-06-19_18h39.00.320,experiment,2023.2.3,Win32,58.82352941,6658b23d243aa8c198969e40,6672e93b03029310057e1c76,66731762b05295a5a9ca4acc,,,,,,,,,,,,,,,,,,,,,,,,,,,,,,,,,,,,,,,,,,5,,,,,,,,,,,,,3,,,,,,,,,,,,,,,,,,,,,,,,,,,,,,,s,0.619,,space,0.391,,3,green_gnome,3,7,bright_forest,red_basket,pink_gnome,3,7,dark_forest,yellow_basket,35,0,0,1,green_gnome,bright_forest,red_basket,1303,4,3,10,3,83,6,1,,,,,,,,,,,,,,,,,,,,,,,,,,,,,,,,,,,,,,,,,,,,,,,,,,,,,,,,,,,,,,,,,,,,,,,,,,,,
,,,,,,,,,,,,,,,,,,,,,,,,,,,,,,,,,,,,,,,,,,,,,,,,,,,,,,,,,,,,,,,,,528492,001,2024-06-19_18h39.00.320,experiment,2023.2.3,Win32,58.82352941,6658b23d243aa8c198969e40,6672e93b03029310057e1c76,66731762b05295a5a9ca4acc,,,,,,,,,,,,,,,,,,,,,,,,,,,,,,,,,,,,,,,,,,1,,,,,,,,,,,,,2,,,,,,,,,,,,,,,,,,,,,,,,,,,,,,,s,0.118,,space,0.104,,2,red_gnome,2,8,dark_forest,yellow_basket,yellow_gnome,2,7,bright_forest,red_basket,8,0,0,1,red_gnome,dark_forest,yellow_basket,1311,2,1,10,4,84,1,1,,,,,,,,,,,,,,,,,,,,,,,,,,,,,,,,,,,,,,,,,,,,,,,,,,,,,,,,,,,,,,,,,,,,,,,,,,,,
,,,,,,,,,,,,,,,,,,,,,,,,,,,,,,,,,,,,,,,,,,,,,,,,,,,,,,,,,,,,,,,,,528492,001,2024-06-19_18h39.00.320,experiment,2023.2.3,Win32,58.82352941,6658b23d243aa8c198969e40,6672e93b03029310057e1c76,66731762b05295a5a9ca4acc,,,,,,,,,,,,,,,,,,,,,,,,,,,,,,,,,,,,,,,,,,5,,,,,,,,,,,,,3,,,,,,,,,,,,,,,,,,,,,,,,,,,,,,,s,0.137,,space,0.187,,3,pink_gnome,3,9,dark_forest,yellow_basket,green_gnome,3,9,bright_forest,red_basket,45,0,0,1,pink_gnome,dark_forest,yellow_basket,1356,-2,-2,10,5,85,6,1,,,,,,,,,,,,,,,,,,,,,,,,,,,,,,,,,,,,,,,,,,,,,,,,,,,,,,,,,,,,,,,,,,,,,,,,,,,,
,,,,,,,,,,,,,,,,,,,,,,,,,,,,,,,,,,,,,,,,,,,,,,,,,,,,,,,,,,,,,,,,,528492,001,2024-06-19_18h39.00.320,experiment,2023.2.3,Win32,58.82352941,6658b23d243aa8c198969e40,6672e93b03029310057e1c76,66731762b05295a5a9ca4acc,,,,,,,,,,,,,,,,,,,,,,,,,,,,,,,,,,,,,,,,,,5,,,,,,,,,,,,,1,,,,,,,,,,,,,,,,,,,,,,,,,,,,,,,s,0.266,,space,0.07,,1,orange_gnome,1,7,bright_forest,red_basket,blue_gnome,1,7,dark_forest,yellow_basket,35,0,0,1,orange_gnome,bright_forest,red_basket,1391,1,1,10,6,86,4,1,,,,,,,,,,,,,,,,,,,,,,,,,,,,,,,,,,,,,,,,,,,,,,,,,,,,,,,,,,,,,,,,,,,,,,,,,,,,
,,,,,,,,,,,,,,,,,,,,,,,,,,,,,,,,,,,,,,,,,,,,,,,,,,,,,,,,,,,,,,,,,528492,001,2024-06-19_18h39.00.320,experiment,2023.2.3,Win32,58.82352941,6658b23d243aa8c198969e40,6672e93b03029310057e1c76,66731762b05295a5a9ca4acc,,,,,,,,,,,,,,,,,,,,,,,,,,,,,,,,,,,,,,,,,,5,,,,,,,,,,,,,4,,,,,,,,,,,,,,,,,,,,,,,,,,,,,,,s,0.263,,space,0.032,,4,brown_gnome,4,8,bright_forest,red_basket,purple_gnome,4,8,dark_forest,yellow_basket,40,0,0,1,brown_gnome,bright_forest,red_basket,1431,-1,1,10,7,87,7,1,,,,,,,,,,,,,,,,,,,,,,,,,,,,,,,,,,,,,,,,,,,,,,,,,,,,,,,,,,,,,,,,,,,,,,,,,,,,
,,,,,,,,,,,,,,,,,,,,,,,,,,,,,,,,,,,,,,,,,,,,,,,,,,,,,,,,,,,,,,,,,528492,001,2024-06-19_18h39.00.320,experiment,2023.2.3,Win32,58.82352941,6658b23d243aa8c198969e40,6672e93b03029310057e1c76,66731762b05295a5a9ca4acc,,,,,,,,,,,,,,,,,,,,,,,,,,,,,,,,,,,,,,,,,,1,,,,,,,,,,,,,2,,,,,,,,,,,,,,,,,,,,,,,,,,,,,,,k,0.26,,space,0.153,,2,yellow_gnome,2,7,bright_forest,red_basket,red_gnome,2,9,dark_forest,yellow_basket,9,0,0,1,red_gnome,dark_forest,yellow_basket,1440,1,-1,11,0,88,1,1,,,,,,,,,,,,,,,,,,,,,,,,,,,,,,,,,,,,,,,,,,,,,,,,,,,,,,,,,,,,,,,,,,,,,,,,,,,,
,,,,,,,,,,,,,,,,,,,,,,,,,,,,,,,,,,,,,,,,,,,,,,,,,,,,,,,,,,,,,,,,,528492,001,2024-06-19_18h39.00.320,experiment,2023.2.3,Win32,58.82352941,6658b23d243aa8c198969e40,6672e93b03029310057e1c76,66731762b05295a5a9ca4acc,,,,,,,,,,,,,,,,,,,,,,,,,,,,,,,,,,,,,,,,,,1,,,,,,,,,,,,,2,,,,,,,,,,,,,,,,,,,,,,,,,,,,,,,k,0.175,,space,0.014,,2,yellow_gnome,2,8,bright_forest,red_basket,red_gnome,2,8,dark_forest,yellow_basket,8,0,0,1,red_gnome,dark_forest,yellow_basket,1448,1,2,11,1,89,1,1,,,,,,,,,,,,,,,,,,,,,,,,,,,,,,,,,,,,,,,,,,,,,,,,,,,,,,,,,,,,,,,,,,,,,,,,,,,,
,,,,,,,,,,,,,,,,,,,,,,,,,,,,,,,,,,,,,,,,,,,,,,,,,,,,,,,,,,,,,,,,,528492,001,2024-06-19_18h39.00.320,experiment,2023.2.3,Win32,58.82352941,6658b23d243aa8c198969e40,6672e93b03029310057e1c76,66731762b05295a5a9ca4acc,,,,,,,,,,,,,,,,,,,,,,,,,,,,,,,,,,,,,,,,,,1,,,,,,,,,,,,,1,,,,,,,,,,,,,,,,,,,,,,,,,,,,,,,k,0.235,,space,0.079,,1,orange_gnome,1,9,bright_forest,red_basket,blue_gnome,1,8,dark_forest,yellow_basket,8,0,0,1,blue_gnome,dark_forest,yellow_basket,1456,0,-1,11,2,90,0,1,,,,,,,,,,,,,,,,,,,,,,,,,,,,,,,,,,,,,,,,,,,,,,,,,,,,,,,,,,,,,,,,,,,,,,,,,,,,
,,,,,,,,,,,,,,,,,,,,,,,,,,,,,,,,,,,,,,,,,,,,,,,,,,,,,,,,,,,,,,,,,528492,001,2024-06-19_18h39.00.320,experiment,2023.2.3,Win32,58.82352941,6658b23d243aa8c198969e40,6672e93b03029310057e1c76,66731762b05295a5a9ca4acc,,,,,,,,,,,,,,,,,,,,,,,,,,,,,,,,,,,,,,,,,,5,,,,,,,,,,,,,1,,,,,,,,,,,,,,,,,,,,,,,,,,,,,,,k,0.057,,space,0.093,,1,blue_gnome,1,7,dark_forest,yellow_basket,orange_gnome,1,9,bright_forest,red_basket,45,0,0,1,orange_gnome,bright_forest,red_basket,1501,0,2,11,3,91,4,1,,,,,,,,,,,,,,,,,,,,,,,,,,,,,,,,,,,,,,,,,,,,,,,,,,,,,,,,,,,,,,,,,,,,,,,,,,,,
,,,,,,,,,,,,,,,,,,,,,,,,,,,,,,,,,,,,,,,,,,,,,,,,,,,,,,,,,,,,,,,,,528492,001,2024-06-19_18h39.00.320,experiment,2023.2.3,Win32,58.82352941,6658b23d243aa8c198969e40,6672e93b03029310057e1c76,66731762b05295a5a9ca4acc,,,,,,,,,,,,,,,,,,,,,,,,,,,,,,,,,,,,,,,,,,1,,,,,,,,,,,,,1,,,,,,,,,,,,,,,,,,,,,,,,,,,,,,,k,0.121,,space,0.208,,1,orange_gnome,1,9,bright_forest,red_basket,blue_gnome,1,9,dark_forest,yellow_basket,9,0,0,1,blue_gnome,dark_forest,yellow_basket,1510,0,0,11,4,92,0,1,,,,,,,,,,,,,,,,,,,,,,,,,,,,,,,,,,,,,,,,,,,,,,,,,,,,,,,,,,,,,,,,,,,,,,,,,,,,
,,,,,,,,,,,,,,,,,,,,,,,,,,,,,,,,,,,,,,,,,,,,,,,,,,,,,,,,,,,,,,,,,528492,001,2024-06-19_18h39.00.320,experiment,2023.2.3,Win32,58.82352941,6658b23d243aa8c198969e40,6672e93b03029310057e1c76,66731762b05295a5a9ca4acc,,,,,,,,,,,,,,,,,,,,,,,,,,,,,,,,,,,,,,,,,,5,,,,,,,,,,,,,2,,,,,,,,,,,,,,,,,,,,,,,,,,,,,,,k,0.034,,space,0.088,,2,red_gnome,2,9,dark_forest,yellow_basket,yellow_gnome,2,9,bright_forest,red_basket,45,0,0,1,yellow_gnome,bright_forest,red_basket,1555,-3,0,11,5,93,5,1,,,,,,,,,,,,,,,,,,,,,,,,,,,,,,,,,,,,,,,,,,,,,,,,,,,,,,,,,,,,,,,,,,,,,,,,,,,,
,,,,,,,,,,,,,,,,,,,,,,,,,,,,,,,,,,,,,,,,,,,,,,,,,,,,,,,,,,,,,,,,,528492,001,2024-06-19_18h39.00.320,experiment,2023.2.3,Win32,58.82352941,6658b23d243aa8c198969e40,6672e93b03029310057e1c76,66731762b05295a5a9ca4acc,,,,,,,,,,,,,,,,,,,,,,,,,,,,,,,,,,,,,,,,,,1,,,,,,,,,,,,,2,,,,,,,,,,,,,,,,,,,,,,,,,,,,,,,k,0.159,,space,0.122,,2,red_gnome,2,9,dark_forest,yellow_basket,yellow_gnome,2,6,bright_forest,red_basket,6,0,0,1,yellow_gnome,bright_forest,red_basket,1561,0,0,11,6,94,1,1,,,,,,,,,,,,,,,,,,,,,,,,,,,,,,,,,,,,,,,,,,,,,,,,,,,,,,,,,,,,,,,,,,,,,,,,,,,,
,,,,,,,,,,,,,,,,,,,,,,,,,,,,,,,,,,,,,,,,,,,,,,,,,,,,,,,,,,,,,,,,,528492,001,2024-06-19_18h39.00.320,experiment,2023.2.3,Win32,58.82352941,6658b23d243aa8c198969e40,6672e93b03029310057e1c76,66731762b05295a5a9ca4acc,,,,,,,,,,,,,,,,,,,,,,,,,,,,,,,,,,,,,,,,,,5,,,,,,,,,,,,,4,,,,,,,,,,,,,,,,,,,,,,,,,,,,,,,k,0.065,,space,0.029,,4,purple_gnome,4,9,dark_forest,yellow_basket,brown_gnome,4,6,bright_forest,red_basket,30,0,0,1,brown_gnome,bright_forest,red_basket,1591,0,-3,11,7,95,7,1,,,,,,,,,,,,,,,,,,,,,,,,,,,,,,,,,,,,,,,,,,,,,,,,,,,,,,,,,,,,,,,,,,,,,,,,,,,,
,,,,,,,,,,,,,,,,,,,,,,,,,,,,,,,,,,,,,,,,,,,,,,,,,,,,,,,,,,,,,,,,,528492,001,2024-06-19_18h39.00.320,experiment,2023.2.3,Win32,58.82352941,6658b23d243aa8c198969e40,6672e93b03029310057e1c76,66731762b05295a5a9ca4acc,,,,,,,,,,,,,,,,,,,,,,,,,,,,,,,,,,,,,,,,,,5,,,,,,,,,,,,,1,,,,,,,,,,,,,,,,,,,,,,,,,,,,,,,k,0.247,,space,0.06,,1,orange_gnome,1,6,bright_forest,red_basket,blue_gnome,1,6,dark_forest,yellow_basket,30,0,0,1,blue_gnome,dark_forest,yellow_basket,1621,1,0,12,0,96,4,1,,,,,,,,,,,,,,,,,,,,,,,,,,,,,,,,,,,,,,,,,,,,,,,,,,,,,,,,,,,,,,,,,,,,,,,,,,,,
,,,,,,,,,,,,,,,,,,,,,,,,,,,,,,,,,,,,,,,,,,,,,,,,,,,,,,,,,,,,,,,,,528492,001,2024-06-19_18h39.00.320,experiment,2023.2.3,Win32,58.82352941,6658b23d243aa8c198969e40,6672e93b03029310057e1c76,66731762b05295a5a9ca4acc,,,,,,,,,,,,,,,,,,,,,,,,,,,,,,,,,,,,,,,,,,1,,,,,,,,,,,,,3,,,,,,,,,,,,,,,,,,,,,,,,,,,,,,,k,0.251,,space,0.264,,3,green_gnome,3,7,bright_forest,red_basket,pink_gnome,3,6,dark_forest,yellow_basket,6,0,0,1,pink_gnome,dark_forest,yellow_basket,1627,-1,1,12,1,97,2,1,,,,,,,,,,,,,,,,,,,,,,,,,,,,,,,,,,,,,,,,,,,,,,,,,,,,,,,,,,,,,,,,,,,,,,,,,,,,
,,,,,,,,,,,,,,,,,,,,,,,,,,,,,,,,,,,,,,,,,,,,,,,,,,,,,,,,,,,,,,,,,528492,001,2024-06-19_18h39.00.320,experiment,2023.2.3,Win32,58.82352941,6658b23d243aa8c198969e40,6672e93b03029310057e1c76,66731762b05295a5a9ca4acc,,,,,,,,,,,,,,,,,,,,,,,,,,,,,,,,,,,,,,,,,,5,,,,,,,,,,,,,4,,,,,,,,,,,,,,,,,,,,,,,,,,,,,,,k,0.1,,space,0.284,,4,purple_gnome,4,7,dark_forest,yellow_basket,brown_gnome,4,6,bright_forest,red_basket,30,0,0,1,brown_gnome,bright_forest,red_basket,1657,1,0,12,2,98,7,1,,,,,,,,,,,,,,,,,,,,,,,,,,,,,,,,,,,,,,,,,,,,,,,,,,,,,,,,,,,,,,,,,,,,,,,,,,,,
,,,,,,,,,,,,,,,,,,,,,,,,,,,,,,,,,,,,,,,,,,,,,,,,,,,,,,,,,,,,,,,,,528492,001,2024-06-19_18h39.00.320,experiment,2023.2.3,Win32,58.82352941,6658b23d243aa8c198969e40,6672e93b03029310057e1c76,66731762b05295a5a9ca4acc,,,,,,,,,,,,,,,,,,,,,,,,,,,,,,,,,,,,,,,,,,1,,,,,,,,,,,,,3,,,,,,,,,,,,,,,,,,,,,,,,,,,,,,,k,0.159,,space,0.182,,3,pink_gnome,3,7,dark_forest,yellow_basket,green_gnome,3,7,bright_forest,red_basket,7,0,0,1,green_gnome,bright_forest,red_basket,1664,0,-2,12,3,99,2,1,,,,,,,,,,,,,,,,,,,,,,,,,,,,,,,,,,,,,,,,,,,,,,,,,,,,,,,,,,,,,,,,,,,,,,,,,,,,
,,,,,,,,,,,,,,,,,,,,,,,,,,,,,,,,,,,,,,,,,,,,,,,,,,,,,,,,,,,,,,,,,528492,001,2024-06-19_18h39.00.320,experiment,2023.2.3,Win32,58.82352941,6658b23d243aa8c198969e40,6672e93b03029310057e1c76,66731762b05295a5a9ca4acc,,,,,,,,,,,,,,,,,,,,,,,,,,,,,,,,,,,,,,,,,,1,,,,,,,,,,,,,3,,,,,,,,,,,,,,,,,,,,,,,,,,,,,,,k,0.178,,space,0.245,,3,green_gnome,3,7,bright_forest,red_basket,pink_gnome,3,5,dark_forest,yellow_basket,5,0,0,1,pink_gnome,dark_forest,yellow_basket,1669,2,1,12,4,100,2,1,,,,,,,,,,,,,,,,,,,,,,,,,,,,,,,,,,,,,,,,,,,,,,,,,,,,,,,,,,,,,,,,,,,,,,,,,,,,
,,,,,,,,,,,,,,,,,,,,,,,,,,,,,,,,,,,,,,,,,,,,,,,,,,,,,,,,,,,,,,,,,528492,001,2024-06-19_18h39.00.320,experiment,2023.2.3,Win32,58.82352941,6658b23d243aa8c198969e40,6672e93b03029310057e1c76,66731762b05295a5a9ca4acc,,,,,,,,,,,,,,,,,,,,,,,,,,,,,,,,,,,,,,,,,,1,,,,,,,,,,,,,1,,,,,,,,,,,,,,,,,,,,,,,,,,,,,,,k,0.083,,space,0.233,,1,orange_gnome,1,9,bright_forest,red_basket,blue_gnome,1,6,dark_forest,yellow_basket,6,0,0,1,blue_gnome,dark_forest,yellow_basket,1675,1,1,12,5,101,0,1,,,,,,,,,,,,,,,,,,,,,,,,,,,,,,,,,,,,,,,,,,,,,,,,,,,,,,,,,,,,,,,,,,,,,,,,,,,,
,,,,,,,,,,,,,,,,,,,,,,,,,,,,,,,,,,,,,,,,,,,,,,,,,,,,,,,,,,,,,,,,,528492,001,2024-06-19_18h39.00.320,experiment,2023.2.3,Win32,58.82352941,6658b23d243aa8c198969e40,6672e93b03029310057e1c76,66731762b05295a5a9ca4acc,,,,,,,,,,,,,,,,,,,,,,,,,,,,,,,,,,,,,,,,,,1,,,,,,,,,,,,,2,,,,,,,,,,,,,,,,,,,,,,,,,,,,,,,k,0.1,,,,,2,red_gnome,2,7,dark_forest,yellow_basket,yellow_gnome,2,8,bright_forest,red_basket,0,0,1,0,yellow_gnome,bright_forest,red_basket,1675,1,0,12,6,102,1,1,,,,,,,,,,,,,,,,,,,,,,,,,,,,,,,,,,,,,,,,,,,,,,,,,,,,,,,,,,,,,,,,,,,,,,,,,,,,
,,,,,,,,,,,,,,,,,,,,,,,,,,,,,,,,,,,,,,,,,,,,,,,,,,,,,,,,,,,,,,,,,528492,001,2024-06-19_18h39.00.320,experiment,2023.2.3,Win32,58.82352941,6658b23d243aa8c198969e40,6672e93b03029310057e1c76,66731762b05295a5a9ca4acc,,,,,,,,,,,,,,,,,,,,,,,,,,,,,,,,,,,,,,,,,,5,,,,,,,,,,,,,3,,,,,,,,,,,,,,,,,,,,,,,,,,,,,,,k,0.3,,space,0.211,,3,pink_gnome,3,7,dark_forest,yellow_basket,green_gnome,3,9,bright_forest,red_basket,45,0,0,1,green_gnome,bright_forest,red_basket,1720,1,1,12,7,103,6,1,,,,,,,,,,,,,,,,,,,,,,,,,,,,,,,,,,,,,,,,,,,,,,,,,,,,,,,,,,,,,,,,,,,,,,,,,,,,
,,,,,,,,,,,,,,,,,,,,,,,,,,,,,,,,,,,,,,,,,,,,,,,,,,,,,,,,,,,,,,,,,528492,001,2024-06-19_18h39.00.320,experiment,2023.2.3,Win32,58.82352941,6658b23d243aa8c198969e40,6672e93b03029310057e1c76,66731762b05295a5a9ca4acc,,,,,,,,,,,,,,,,,,,,,,,,,,,,,,,,,,,,,,,,,,1,,,,,,,,,,,,,2,,,,,,,,,,,,,,,,,,,,,,,,,,,,,,,k,0.032,,space,0.27,,2,yellow_gnome,2,8,bright_forest,red_basket,red_gnome,2,8,dark_forest,yellow_basket,8,0,0,1,red_gnome,dark_forest,yellow_basket,1728,1,1,13,0,104,1,1,,,,,,,,,,,,,,,,,,,,,,,,,,,,,,,,,,,,,,,,,,,,,,,,,,,,,,,,,,,,,,,,,,,,,,,,,,,,
,,,,,,,,,,,,,,,,,,,,,,,,,,,,,,,,,,,,,,,,,,,,,,,,,,,,,,,,,,,,,,,,,528492,001,2024-06-19_18h39.00.320,experiment,2023.2.3,Win32,58.82352941,6658b23d243aa8c198969e40,6672e93b03029310057e1c76,66731762b05295a5a9ca4acc,,,,,,,,,,,,,,,,,,,,,,,,,,,,,,,,,,,,,,,,,,5,,,,,,,,,,,,,1,,,,,,,,,,,,,,,,,,,,,,,,,,,,,,,k,0.049,,space,0.3,,1,blue_gnome,1,9,dark_forest,yellow_basket,orange_gnome,1,9,bright_forest,red_basket,45,0,0,1,orange_gnome,bright_forest,red_basket,1773,2,-2,13,1,105,4,1,,,,,,,,,,,,,,,,,,,,,,,,,,,,,,,,,,,,,,,,,,,,,,,,,,,,,,,,,,,,,,,,,,,,,,,,,,,,
,,,,,,,,,,,,,,,,,,,,,,,,,,,,,,,,,,,,,,,,,,,,,,,,,,,,,,,,,,,,,,,,,528492,001,2024-06-19_18h39.00.320,experiment,2023.2.3,Win32,58.82352941,6658b23d243aa8c198969e40,6672e93b03029310057e1c76,66731762b05295a5a9ca4acc,,,,,,,,,,,,,,,,,,,,,,,,,,,,,,,,,,,,,,,,,,5,,,,,,,,,,,,,4,,,,,,,,,,,,,,,,,,,,,,,,,,,,,,,k,0.161,,space,0.114,,4,purple_gnome,4,7,dark_forest,yellow_basket,brown_gnome,4,7,bright_forest,red_basket,35,0,0,1,brown_gnome,bright_forest,red_basket,1808,0,-1,13,2,106,7,1,,,,,,,,,,,,,,,,,,,,,,,,,,,,,,,,,,,,,,,,,,,,,,,,,,,,,,,,,,,,,,,,,,,,,,,,,,,,
,,,,,,,,,,,,,,,,,,,,,,,,,,,,,,,,,,,,,,,,,,,,,,,,,,,,,,,,,,,,,,,,,528492,001,2024-06-19_18h39.00.320,experiment,2023.2.3,Win32,58.82352941,6658b23d243aa8c198969e40,6672e93b03029310057e1c76,66731762b05295a5a9ca4acc,,,,,,,,,,,,,,,,,,,,,,,,,,,,,,,,,,,,,,,,,,5,,,,,,,,,,,,,4,,,,,,,,,,,,,,,,,,,,,,,,,,,,,,,k,0.276,,space,0.096,,4,brown_gnome,4,7,bright_forest,red_basket,purple_gnome,4,6,dark_forest,yellow_basket,30,0,0,1,purple_gnome,dark_forest,yellow_basket,1838,-2,0,13,3,107,7,1,,,,,,,,,,,,,,,,,,,,,,,,,,,,,,,,,,,,,,,,,,,,,,,,,,,,,,,,,,,,,,,,,,,,,,,,,,,,
,,,,,,,,,,,,,,,,,,,,,,,,,,,,,,,,,,,,,,,,,,,,,,,,,,,,,,,,,,,,,,,,,528492,001,2024-06-19_18h39.00.320,experiment,2023.2.3,Win32,58.82352941,6658b23d243aa8c198969e40,6672e93b03029310057e1c76,66731762b05295a5a9ca4acc,,,,,,,,,,,,,,,,,,,,,,,,,,,,,,,,,,,,,,,,,,5,,,,,,,,,,,,,1,,,,,,,,,,,,,,,,,,,,,,,,,,,,,,,k,0.149,,space,0.368,,1,blue_gnome,1,6,dark_forest,yellow_basket,orange_gnome,1,5,bright_forest,red_basket,25,0,0,1,orange_gnome,bright_forest,red_basket,1863,0,-2,13,4,108,4,1,,,,,,,,,,,,,,,,,,,,,,,,,,,,,,,,,,,,,,,,,,,,,,,,,,,,,,,,,,,,,,,,,,,,,,,,,,,,
,,,,,,,,,,,,,,,,,,,,,,,,,,,,,,,,,,,,,,,,,,,,,,,,,,,,,,,,,,,,,,,,,528492,001,2024-06-19_18h39.00.320,experiment,2023.2.3,Win32,58.82352941,6658b23d243aa8c198969e40,6672e93b03029310057e1c76,66731762b05295a5a9ca4acc,,,,,,,,,,,,,,,,,,,,,,,,,,,,,,,,,,,,,,,,,,5,,,,,,,,,,,,,2,,,,,,,,,,,,,,,,,,,,,,,,,,,,,,,k,0.243,,space,0.06,,2,red_gnome,2,4,dark_forest,yellow_basket,yellow_gnome,2,5,bright_forest,red_basket,25,0,0,1,yellow_gnome,bright_forest,red_basket,1888,3,-1,13,5,109,5,1,,,,,,,,,,,,,,,,,,,,,,,,,,,,,,,,,,,,,,,,,,,,,,,,,,,,,,,,,,,,,,,,,,,,,,,,,,,,
,,,,,,,,,,,,,,,,,,,,,,,,,,,,,,,,,,,,,,,,,,,,,,,,,,,,,,,,,,,,,,,,,528492,001,2024-06-19_18h39.00.320,experiment,2023.2.3,Win32,58.82352941,6658b23d243aa8c198969e40,6672e93b03029310057e1c76,66731762b05295a5a9ca4acc,,,,,,,,,,,,,,,,,,,,,,,,,,,,,,,,,,,,,,,,,,1,,,,,,,,,,,,,4,,,,,,,,,,,,,,,,,,,,,,,,,,,,,,,k,0.088,,space,0.293,,4,purple_gnome,4,3,dark_forest,yellow_basket,brown_gnome,4,8,bright_forest,red_basket,8,0,0,1,brown_gnome,bright_forest,red_basket,1896,-2,0,13,6,110,3,1,,,,,,,,,,,,,,,,,,,,,,,,,,,,,,,,,,,,,,,,,,,,,,,,,,,,,,,,,,,,,,,,,,,,,,,,,,,,
,,,,,,,,,,,,,,,,,,,,,,,,,,,,,,,,,,,,,,,,,,,,,,,,,,,,,,,,,,,,,,,,,528492,001,2024-06-19_18h39.00.320,experiment,2023.2.3,Win32,58.82352941,6658b23d243aa8c198969e40,6672e93b03029310057e1c76,66731762b05295a5a9ca4acc,,,,,,,,,,,,,,,,,,,,,,,,,,,,,,,,,,,,,,,,,,1,,,,,,,,,,,,,1,,,,,,,,,,,,,,,,,,,,,,,,,,,,,,,k,0.096,,space,0.207,,1,blue_gnome,1,3,dark_forest,yellow_basket,orange_gnome,1,6,bright_forest,red_basket,6,0,0,1,orange_gnome,bright_forest,red_basket,1902,2,1,13,7,111,0,1,,,,,,,,,,,,,,,,,,,,,,,,,,,,,,,,,,,,,,,,,,,,,,,,,,,,,,,,,,,,,,,,,,,,,,,,,,,,
,,,,,,,,,,,,,,,,,,,,,,,,,,,,,,,,,,,,,,,,,,,,,,,,,,,,,,,,,,,,,,,,,528492,001,2024-06-19_18h39.00.320,experiment,2023.2.3,Win32,58.82352941,6658b23d243aa8c198969e40,6672e93b03029310057e1c76,66731762b05295a5a9ca4acc,,,,,,,,,,,,,,,,,,,,,,,,,,,,,,,,,,,,,,,,,,1,,,,,,,,,,,,,1,,,,,,,,,,,,,,,,,,,,,,,,,,,,,,,k,0.023,,space,0.173,,1,orange_gnome,1,8,bright_forest,red_basket,blue_gnome,1,4,dark_forest,yellow_basket,4,0,0,1,blue_gnome,dark_forest,yellow_basket,1906,0,-2,14,0,112,0,1,,,,,,,,,,,,,,,,,,,,,,,,,,,,,,,,,,,,,,,,,,,,,,,,,,,,,,,,,,,,,,,,,,,,,,,,,,,,
,,,,,,,,,,,,,,,,,,,,,,,,,,,,,,,,,,,,,,,,,,,,,,,,,,,,,,,,,,,,,,,,,528492,001,2024-06-19_18h39.00.320,experiment,2023.2.3,Win32,58.82352941,6658b23d243aa8c198969e40,6672e93b03029310057e1c76,66731762b05295a5a9ca4acc,,,,,,,,,,,,,,,,,,,,,,,,,,,,,,,,,,,,,,,,,,1,,,,,,,,,,,,,2,,,,,,,,,,,,,,,,,,,,,,,,,,,,,,,k,0.25,,space,0.101,,2,red_gnome,2,2,dark_forest,yellow_basket,yellow_gnome,2,8,bright_forest,red_basket,8,0,0,1,yellow_gnome,bright_forest,red_basket,1914,-1,-1,14,1,113,1,1,,,,,,,,,,,,,,,,,,,,,,,,,,,,,,,,,,,,,,,,,,,,,,,,,,,,,,,,,,,,,,,,,,,,,,,,,,,,
,,,,,,,,,,,,,,,,,,,,,,,,,,,,,,,,,,,,,,,,,,,,,,,,,,,,,,,,,,,,,,,,,528492,001,2024-06-19_18h39.00.320,experiment,2023.2.3,Win32,58.82352941,6658b23d243aa8c198969e40,6672e93b03029310057e1c76,66731762b05295a5a9ca4acc,,,,,,,,,,,,,,,,,,,,,,,,,,,,,,,,,,,,,,,,,,1,,,,,,,,,,,,,1,,,,,,,,,,,,,,,,,,,,,,,,,,,,,,,k,0.665,,space,0.217,,1,orange_gnome,1,7,bright_forest,red_basket,blue_gnome,1,1,dark_forest,yellow_basket,1,0,0,1,blue_gnome,dark_forest,yellow_basket,1915,-5,0,14,2,114,0,1,,,,,,,,,,,,,,,,,,,,,,,,,,,,,,,,,,,,,,,,,,,,,,,,,,,,,,,,,,,,,,,,,,,,,,,,,,,,
,,,,,,,,,,,,,,,,,,,,,,,,,,,,,,,,,,,,,,,,,,,,,,,,,,,,,,,,,,,,,,,,,528492,001,2024-06-19_18h39.00.320,experiment,2023.2.3,Win32,58.82352941,6658b23d243aa8c198969e40,6672e93b03029310057e1c76,66731762b05295a5a9ca4acc,,,,,,,,,,,,,,,,,,,,,,,,,,,,,,,,,,,,,,,,,,1,,,,,,,,,,,,,3,,,,,,,,,,,,,,,,,,,,,,,,,,,,,,,k,0.184,,space,0.016,,3,green_gnome,3,2,bright_forest,red_basket,pink_gnome,3,1,dark_forest,yellow_basket,1,0,0,1,pink_gnome,dark_forest,yellow_basket,1916,1,1,14,3,115,2,1,,,,,,,,,,,,,,,,,,,,,,,,,,,,,,,,,,,,,,,,,,,,,,,,,,,,,,,,,,,,,,,,,,,,,,,,,,,,
,,,,,,,,,,,,,,,,,,,,,,,,,,,,,,,,,,,,,,,,,,,,,,,,,,,,,,,,,,,,,,,,,528492,001,2024-06-19_18h39.00.320,experiment,2023.2.3,Win32,58.82352941,6658b23d243aa8c198969e40,6672e93b03029310057e1c76,66731762b05295a5a9ca4acc,,,,,,,,,,,,,,,,,,,,,,,,,,,,,,,,,,,,,,,,,,1,,,,,,,,,,,,,3,,,,,,,,,,,,,,,,,,,,,,,,,,,,,,,k,0.153,,space,0.03,,3,green_gnome,3,3,bright_forest,red_basket,pink_gnome,3,2,dark_forest,yellow_basket,2,0,0,1,pink_gnome,dark_forest,yellow_basket,1918,-2,-3,14,4,116,2,1,,,,,,,,,,,,,,,,,,,,,,,,,,,,,,,,,,,,,,,,,,,,,,,,,,,,,,,,,,,,,,,,,,,,,,,,,,,,
,,,,,,,,,,,,,,,,,,,,,,,,,,,,,,,,,,,,,,,,,,,,,,,,,,,,,,,,,,,,,,,,,528492,001,2024-06-19_18h39.00.320,experiment,2023.2.3,Win32,58.82352941,6658b23d243aa8c198969e40,6672e93b03029310057e1c76,66731762b05295a5a9ca4acc,,,,,,,,,,,,,,,,,,,,,,,,,,,,,,,,,,,,,,,,,,5,,,,,,,,,,,,,4,,,,,,,,,,,,,,,,,,,,,,,,,,,,,,,k,0.034,,space,0.067,,4,purple_gnome,4,1,dark_forest,yellow_basket,brown_gnome,4,1,bright_forest,red_basket,5,0,0,1,brown_gnome,bright_forest,red_basket,1923,1,-2,14,5,117,7,1,,,,,,,,,,,,,,,,,,,,,,,,,,,,,,,,,,,,,,,,,,,,,,,,,,,,,,,,,,,,,,,,,,,,,,,,,,,,
,,,,,,,,,,,,,,,,,,,,,,,,,,,,,,,,,,,,,,,,,,,,,,,,,,,,,,,,,,,,,,,,,528492,001,2024-06-19_18h39.00.320,experiment,2023.2.3,Win32,58.82352941,6658b23d243aa8c198969e40,6672e93b03029310057e1c76,66731762b05295a5a9ca4acc,,,,,,,,,,,,,,,,,,,,,,,,,,,,,,,,,,,,,,,,,,5,,,,,,,,,,,,,4,,,,,,,,,,,,,,,,,,,,,,,,,,,,,,,k,1.298,,space,0.128,,4,purple_gnome,4,1,dark_forest,yellow_basket,brown_gnome,4,2,bright_forest,red_basket,10,0,0,1,brown_gnome,bright_forest,red_basket,1933,0,-1,14,6,118,7,1,,,,,,,,,,,,,,,,,,,,,,,,,,,,,,,,,,,,,,,,,,,,,,,,,,,,,,,,,,,,,,,,,,,,,,,,,,,,
,,,,,,,,,,,,,,,,,,,,,,,,,,,,,,,,,,,,,,,,,,,,,,,,,,,,,,,,,,,,,,,,,528492,001,2024-06-19_18h39.00.320,experiment,2023.2.3,Win32,58.82352941,6658b23d243aa8c198969e40,6672e93b03029310057e1c76,66731762b05295a5a9ca4acc,,,,,,,,,,,,,,,,,,,,,,,,,,,,,,,,,,,,,,,,,,1,,,,,,,,,,,,,4,,,,,,,,,,,,,,,,,,,,,,,,,,,,,,,k,0.212,,space,0.079,,4,brown_gnome,4,2,bright_forest,red_basket,purple_gnome,4,0,dark_forest,yellow_basket,0,0,0,1,purple_gnome,dark_forest,yellow_basket,1933,-3,-1,14,7,119,3,1,,,,,,,,,,,,,,,,,,,,,,,,,,,,,,,,,,,,,,,,,,,,,,,,,,,,,,,,,,,,,,,,,,,,,,,,,,,,
,,,,,,,,,,,,,,,,,,,,,,,,,,,,,,,,,,,,,,,,,,,,,,,,,,,,,,,,,,,,,,,,,528492,001,2024-06-19_18h39.00.320,experiment,2023.2.3,Win32,58.82352941,6658b23d243aa8c198969e40,6672e93b03029310057e1c76,66731762b05295a5a9ca4acc,,,,,,,,,,,,,,,,,,,,,,,,,,,,,,,,,,,,,,,,,,1,,,,,,,,,,,,,2,,,,,,,,,,,,,,,,,,,,,,,,,,,,,,,k,0.184,,space,0.083,,2,red_gnome,2,1,dark_forest,yellow_basket,yellow_gnome,2,1,bright_forest,red_basket,1,0,0,1,yellow_gnome,bright_forest,red_basket,1934,0,2,15,0,120,1,1,,,,,,,,,,,,,,,,,,,,,,,,,,,,,,,,,,,,,,,,,,,,,,,,,,,,,,,,,,,,,,,,,,,,,,,,,,,,
,,,,,,,,,,,,,,,,,,,,,,,,,,,,,,,,,,,,,,,,,,,,,,,,,,,,,,,,,,,,,,,,,528492,001,2024-06-19_18h39.00.320,experiment,2023.2.3,Win32,58.82352941,6658b23d243aa8c198969e40,6672e93b03029310057e1c76,66731762b05295a5a9ca4acc,,,,,,,,,,,,,,,,,,,,,,,,,,,,,,,,,,,,,,,,,,1,,,,,,,,,,,,,1,,,,,,,,,,,,,,,,,,,,,,,,,,,,,,,k,0.062,,space,0.228,,1,orange_gnome,1,1,bright_forest,red_basket,blue_gnome,1,3,dark_forest,yellow_basket,3,0,0,1,blue_gnome,dark_forest,yellow_basket,1937,-2,-1,15,1,121,0,1,,,,,,,,,,,,,,,,,,,,,,,,,,,,,,,,,,,,,,,,,,,,,,,,,,,,,,,,,,,,,,,,,,,,,,,,,,,,
,,,,,,,,,,,,,,,,,,,,,,,,,,,,,,,,,,,,,,,,,,,,,,,,,,,,,,,,,,,,,,,,,528492,001,2024-06-19_18h39.00.320,experiment,2023.2.3,Win32,58.82352941,6658b23d243aa8c198969e40,6672e93b03029310057e1c76,66731762b05295a5a9ca4acc,,,,,,,,,,,,,,,,,,,,,,,,,,,,,,,,,,,,,,,,,,1,,,,,,,,,,,,,2,,,,,,,,,,,,,,,,,,,,,,,,,,,,,,,k,0.23,,space,0.234,,2,red_gnome,2,2,dark_forest,yellow_basket,yellow_gnome,2,1,bright_forest,red_basket,1,0,0,1,yellow_gnome,bright_forest,red_basket,1938,1,-1,15,2,122,1,1,,,,,,,,,,,,,,,,,,,,,,,,,,,,,,,,,,,,,,,,,,,,,,,,,,,,,,,,,,,,,,,,,,,,,,,,,,,,
,,,,,,,,,,,,,,,,,,,,,,,,,,,,,,,,,,,,,,,,,,,,,,,,,,,,,,,,,,,,,,,,,528492,001,2024-06-19_18h39.00.320,experiment,2023.2.3,Win32,58.82352941,6658b23d243aa8c198969e40,6672e93b03029310057e1c76,66731762b05295a5a9ca4acc,,,,,,,,,,,,,,,,,,,,,,,,,,,,,,,,,,,,,,,,,,5,,,,,,,,,,,,,3,,,,,,,,,,,,,,,,,,,,,,,,,,,,,,,k,0.477,,space,0.264,,3,pink_gnome,3,1,dark_forest,yellow_basket,green_gnome,3,2,bright_forest,red_basket,10,0,0,1,green_gnome,bright_forest,red_basket,1948,2,4,15,3,123,6,1,,,,,,,,,,,,,,,,,,,,,,,,,,,,,,,,,,,,,,,,,,,,,,,,,,,,,,,,,,,,,,,,,,,,,,,,,,,,
,,,,,,,,,,,,,,,,,,,,,,,,,,,,,,,,,,,,,,,,,,,,,,,,,,,,,,,,,,,,,,,,,528492,001,2024-06-19_18h39.00.320,experiment,2023.2.3,Win32,58.82352941,6658b23d243aa8c198969e40,6672e93b03029310057e1c76,66731762b05295a5a9ca4acc,,,,,,,,,,,,,,,,,,,,,,,,,,,,,,,,,,,,,,,,,,5,,,,,,,,,,,,,3,,,,,,,,,,,,,,,,,,,,,,,,,,,,,,,k,0.197,,space,0.184,,3,green_gnome,3,4,bright_forest,red_basket,pink_gnome,3,5,dark_forest,yellow_basket,25,0,0,1,pink_gnome,dark_forest,yellow_basket,1973,-3,-2,15,4,124,6,1,,,,,,,,,,,,,,,,,,,,,,,,,,,,,,,,,,,,,,,,,,,,,,,,,,,,,,,,,,,,,,,,,,,,,,,,,,,,
,,,,,,,,,,,,,,,,,,,,,,,,,,,,,,,,,,,,,,,,,,,,,,,,,,,,,,,,,,,,,,,,,528492,001,2024-06-19_18h39.00.320,experiment,2023.2.3,Win32,58.82352941,6658b23d243aa8c198969e40,6672e93b03029310057e1c76,66731762b05295a5a9ca4acc,,,,,,,,,,,,,,,,,,,,,,,,,,,,,,,,,,,,,,,,,,5,,,,,,,,,,,,,2,,,,,,,,,,,,,,,,,,,,,,,,,,,,,,,k,0.046,,space,0.2,,2,yellow_gnome,2,1,bright_forest,red_basket,red_gnome,2,3,dark_forest,yellow_basket,15,0,0,1,red_gnome,dark_forest,yellow_basket,1988,3,-1,15,5,125,5,1,,,,,,,,,,,,,,,,,,,,,,,,,,,,,,,,,,,,,,,,,,,,,,,,,,,,,,,,,,,,,,,,,,,,,,,,,,,,
,,,,,,,,,,,,,,,,,,,,,,,,,,,,,,,,,,,,,,,,,,,,,,,,,,,,,,,,,,,,,,,,,528492,001,2024-06-19_18h39.00.320,experiment,2023.2.3,Win32,58.82352941,6658b23d243aa8c198969e40,6672e93b03029310057e1c76,66731762b05295a5a9ca4acc,,,,,,,,,,,,,,,,,,,,,,,,,,,,,,,,,,,,,,,,,,5,,,,,,,,,,,,,3,,,,,,,,,,,,,,,,,,,,,,,,,,,,,,,k,0.246,,space,0.434,,3,pink_gnome,3,2,dark_forest,yellow_basket,green_gnome,3,4,bright_forest,red_basket,20,0,0,1,green_gnome,bright_forest,red_basket,2008,0,-1,15,6,126,6,1,,,,,,,,,,,,,,,,,,,,,,,,,,,,,,,,,,,,,,,,,,,,,,,,,,,,,,,,,,,,,,,,,,,,,,,,,,,,
,,,,,,,,,,,,,,,,,,,,,,,,,,,,,,,,,,,,,,,,,,,,,,,,,,,,,,,,,,,,,,,,,528492,001,2024-06-19_18h39.00.320,experiment,2023.2.3,Win32,58.82352941,6658b23d243aa8c198969e40,6672e93b03029310057e1c76,66731762b05295a5a9ca4acc,,,,,,,,,,,,,,,,,,,,,,,,,,,,,,,,,,,,,,,,,,1,,,,,,,,,,,,,4,,,,,,,,,,,,,,,,,,,,,,,,,,,,,,,k,0.041,,space,0.295,,4,purple_gnome,4,1,dark_forest,yellow_basket,brown_gnome,4,4,bright_forest,red_basket,4,0,0,1,brown_gnome,bright_forest,red_basket,2012,-4,2,15,7,127,3,1,space,0.66,,,,,,,,,,,,,,,,,,,,,,,,,,,,,,,,,,,,,,,,,,,,,,,,,,,,,,,,,,,,,,,,,,,,,,,,,,
,,,,,,,,,,,,,,,,,,,,,,,,,,,,,,,,,,,,,,,,,,,,,,,,,,,,,,,,,,,,,,,,,528492,001,2024-06-19_18h39.00.320,experiment,2023.2.3,Win32,58.82352941,6658b23d243aa8c198969e40,6672e93b03029310057e1c76,66731762b05295a5a9ca4acc,,,,,,,,,,,,,,,,,,,,,,,,,,,,,,,,,,,,,,,,,,1,,,,,,,,,,,,,1,,,,,,,,,,,,,,,,,,,,,,,,,,,,,,,k,1.064,,space,0.216,,1,orange_gnome,1,0,bright_forest,red_basket,blue_gnome,1,3,dark_forest,yellow_basket,3,0,0,1,blue_gnome,dark_forest,yellow_basket,2015,-1,-1,16,0,128,0,1,,,,,,,,,,,,,,,,,,,,,,,,,,,,,,,,,,,,,,,,,,,,,,,,,,,,,,,,,,,,,,,,,,,,,,,,,,,,
,,,,,,,,,,,,,,,,,,,,,,,,,,,,,,,,,,,,,,,,,,,,,,,,,,,,,,,,,,,,,,,,,528492,001,2024-06-19_18h39.00.320,experiment,2023.2.3,Win32,58.82352941,6658b23d243aa8c198969e40,6672e93b03029310057e1c76,66731762b05295a5a9ca4acc,,,,,,,,,,,,,,,,,,,,,,,,,,,,,,,,,,,,,,,,,,5,,,,,,,,,,,,,1,,,,,,,,,,,,,,,,,,,,,,,,,,,,,,,k,0.234,,space,0.097,,1,orange_gnome,1,1,bright_forest,red_basket,blue_gnome,1,2,dark_forest,yellow_basket,10,0,0,1,blue_gnome,dark_forest,yellow_basket,2025,-2,1,16,1,129,4,1,,,,,,,,,,,,,,,,,,,,,,,,,,,,,,,,,,,,,,,,,,,,,,,,,,,,,,,,,,,,,,,,,,,,,,,,,,,,
,,,,,,,,,,,,,,,,,,,,,,,,,,,,,,,,,,,,,,,,,,,,,,,,,,,,,,,,,,,,,,,,,528492,001,2024-06-19_18h39.00.320,experiment,2023.2.3,Win32,58.82352941,6658b23d243aa8c198969e40,6672e93b03029310057e1c76,66731762b05295a5a9ca4acc,,,,,,,,,,,,,,,,,,,,,,,,,,,,,,,,,,,,,,,,,,5,,,,,,,,,,,,,2,,,,,,,,,,,,,,,,,,,,,,,,,,,,,,,k,0.199,,space,0.084,,2,yellow_gnome,2,1,bright_forest,red_basket,red_gnome,2,3,dark_forest,yellow_basket,15,0,0,1,red_gnome,dark_forest,yellow_basket,2040,1,2,16,2,130,5,1,,,,,,,,,,,,,,,,,,,,,,,,,,,,,,,,,,,,,,,,,,,,,,,,,,,,,,,,,,,,,,,,,,,,,,,,,,,,
,,,,,,,,,,,,,,,,,,,,,,,,,,,,,,,,,,,,,,,,,,,,,,,,,,,,,,,,,,,,,,,,,528492,001,2024-06-19_18h39.00.320,experiment,2023.2.3,Win32,58.82352941,6658b23d243aa8c198969e40,6672e93b03029310057e1c76,66731762b05295a5a9ca4acc,,,,,,,,,,,,,,,,,,,,,,,,,,,,,,,,,,,,,,,,,,5,,,,,,,,,,,,,1,,,,,,,,,,,,,,,,,,,,,,,,,,,,,,,k,0.116,,space,0.076,,1,orange_gnome,1,2,bright_forest,red_basket,blue_gnome,1,5,dark_forest,yellow_basket,25,0,0,1,blue_gnome,dark_forest,yellow_basket,2065,-1,-2,16,3,131,4,1,,,,,,,,,,,,,,,,,,,,,,,,,,,,,,,,,,,,,,,,,,,,,,,,,,,,,,,,,,,,,,,,,,,,,,,,,,,,
,,,,,,,,,,,,,,,,,,,,,,,,,,,,,,,,,,,,,,,,,,,,,,,,,,,,,,,,,,,,,,,,,528492,001,2024-06-19_18h39.00.320,experiment,2023.2.3,Win32,58.82352941,6658b23d243aa8c198969e40,6672e93b03029310057e1c76,66731762b05295a5a9ca4acc,,,,,,,,,,,,,,,,,,,,,,,,,,,,,,,,,,,,,,,,,,1,,,,,,,,,,,,,1,,,,,,,,,,,,,,,,,,,,,,,,,,,,,,,k,0.08,,space,0.087,,1,blue_gnome,1,3,dark_forest,yellow_basket,orange_gnome,1,1,bright_forest,red_basket,1,0,0,1,orange_gnome,bright_forest,red_basket,2066,2,1,16,4,132,0,1,,,,,,,,,,,,,,,,,,,,,,,,,,,,,,,,,,,,,,,,,,,,,,,,,,,,,,,,,,,,,,,,,,,,,,,,,,,,
,,,,,,,,,,,,,,,,,,,,,,,,,,,,,,,,,,,,,,,,,,,,,,,,,,,,,,,,,,,,,,,,,528492,001,2024-06-19_18h39.00.320,experiment,2023.2.3,Win32,58.82352941,6658b23d243aa8c198969e40,6672e93b03029310057e1c76,66731762b05295a5a9ca4acc,,,,,,,,,,,,,,,,,,,,,,,,,,,,,,,,,,,,,,,,,,1,,,,,,,,,,,,,2,,,,,,,,,,,,,,,,,,,,,,,,,,,,,,,k,0.062,,space,0.356,,2,red_gnome,2,4,dark_forest,yellow_basket,yellow_gnome,2,3,bright_forest,red_basket,3,0,0,1,yellow_gnome,bright_forest,red_basket,2069,1,0,16,5,133,1,1,,,,,,,,,,,,,,,,,,,,,,,,,,,,,,,,,,,,,,,,,,,,,,,,,,,,,,,,,,,,,,,,,,,,,,,,,,,,
,,,,,,,,,,,,,,,,,,,,,,,,,,,,,,,,,,,,,,,,,,,,,,,,,,,,,,,,,,,,,,,,,528492,001,2024-06-19_18h39.00.320,experiment,2023.2.3,Win32,58.82352941,6658b23d243aa8c198969e40,6672e93b03029310057e1c76,66731762b05295a5a9ca4acc,,,,,,,,,,,,,,,,,,,,,,,,,,,,,,,,,,,,,,,,,,1,,,,,,,,,,,,,1,,,,,,,,,,,,,,,,,,,,,,,,,,,,,,,k,0.063,,space,0.031,,1,blue_gnome,1,4,dark_forest,yellow_basket,orange_gnome,1,4,bright_forest,red_basket,4,0,0,1,orange_gnome,bright_forest,red_basket,2073,-3,1,16,6,134,0,1,,,,,,,,,,,,,,,,,,,,,,,,,,,,,,,,,,,,,,,,,,,,,,,,,,,,,,,,,,,,,,,,,,,,,,,,,,,,
,,,,,,,,,,,,,,,,,,,,,,,,,,,,,,,,,,,,,,,,,,,,,,,,,,,,,,,,,,,,,,,,,528492,001,2024-06-19_18h39.00.320,experiment,2023.2.3,Win32,58.82352941,6658b23d243aa8c198969e40,6672e93b03029310057e1c76,66731762b05295a5a9ca4acc,,,,,,,,,,,,,,,,,,,,,,,,,,,,,,,,,,,,,,,,,,1,,,,,,,,,,,,,2,,,,,,,,,,,,,,,,,,,,,,,,,,,,,,,k,0.09,,space,0.089,,2,red_gnome,2,5,dark_forest,yellow_basket,yellow_gnome,2,1,bright_forest,red_basket,1,0,0,1,yellow_gnome,bright_forest,red_basket,2074,0,-2,16,7,135,1,1,,,,,,,,,,,,,,,,,,,,,,,,,,,,,,,,,,,,,,,,,,,,,,,,,,,,,,,,,,,,,,,,,,,,,,,,,,,,
,,,,,,,,,,,,,,,,,,,,,,,,,,,,,,,,,,,,,,,,,,,,,,,,,,,,,,,,,,,,,,,,,528492,001,2024-06-19_18h39.00.320,experiment,2023.2.3,Win32,58.82352941,6658b23d243aa8c198969e40,6672e93b03029310057e1c76,66731762b05295a5a9ca4acc,,,,,,,,,,,,,,,,,,,,,,,,,,,,,,,,,,,,,,,,,,1,,,,,,,,,,,,,3,,,,,,,,,,,,,,,,,,,,,,,,,,,,,,,k,0.027,,space,0.219,,3,pink_gnome,3,3,dark_forest,yellow_basket,green_gnome,3,1,bright_forest,red_basket,1,0,0,1,green_gnome,bright_forest,red_basket,2075,3,1,17,0,136,2,1,,,,,,,,,,,,,,,,,,,,,,,,,,,,,,,,,,,,,,,,,,,,,,,,,,,,,,,,,,,,,,,,,,,,,,,,,,,,
,,,,,,,,,,,,,,,,,,,,,,,,,,,,,,,,,,,,,,,,,,,,,,,,,,,,,,,,,,,,,,,,,528492,001,2024-06-19_18h39.00.320,experiment,2023.2.3,Win32,58.82352941,6658b23d243aa8c198969e40,6672e93b03029310057e1c76,66731762b05295a5a9ca4acc,,,,,,,,,,,,,,,,,,,,,,,,,,,,,,,,,,,,,,,,,,5,,,,,,,,,,,,,2,,,,,,,,,,,,,,,,,,,,,,,,,,,,,,,s,0.155,,space,0.161,,2,yellow_gnome,2,4,bright_forest,red_basket,red_gnome,2,4,dark_forest,yellow_basket,20,0,0,1,yellow_gnome,bright_forest,red_basket,2095,4,-2,17,1,137,5,1,,,,,,,,,,,,,,,,,,,,,,,,,,,,,,,,,,,,,,,,,,,,,,,,,,,,,,,,,,,,,,,,,,,,,,,,,,,,
,,,,,,,,,,,,,,,,,,,,,,,,,,,,,,,,,,,,,,,,,,,,,,,,,,,,,,,,,,,,,,,,,528492,001,2024-06-19_18h39.00.320,experiment,2023.2.3,Win32,58.82352941,6658b23d243aa8c198969e40,6672e93b03029310057e1c76,66731762b05295a5a9ca4acc,,,,,,,,,,,,,,,,,,,,,,,,,,,,,,,,,,,,,,,,,,1,,,,,,,,,,,,,2,,,,,,,,,,,,,,,,,,,,,,,,,,,,,,,s,0.143,,space,0.047,,2,red_gnome,2,2,dark_forest,yellow_basket,yellow_gnome,2,8,bright_forest,red_basket,2,0,0,1,red_gnome,dark_forest,yellow_basket,2097,-3,1,17,2,138,1,1,,,,,,,,,,,,,,,,,,,,,,,,,,,,,,,,,,,,,,,,,,,,,,,,,,,,,,,,,,,,,,,,,,,,,,,,,,,,
,,,,,,,,,,,,,,,,,,,,,,,,,,,,,,,,,,,,,,,,,,,,,,,,,,,,,,,,,,,,,,,,,528492,001,2024-06-19_18h39.00.320,experiment,2023.2.3,Win32,58.82352941,6658b23d243aa8c198969e40,6672e93b03029310057e1c76,66731762b05295a5a9ca4acc,,,,,,,,,,,,,,,,,,,,,,,,,,,,,,,,,,,,,,,,,,5,,,,,,,,,,,,,4,,,,,,,,,,,,,,,,,,,,,,,,,,,,,,,s,0.534,,space,0.268,,4,brown_gnome,4,5,bright_forest,red_basket,purple_gnome,4,3,dark_forest,yellow_basket,25,0,0,1,brown_gnome,bright_forest,red_basket,2122,1,-1,17,3,139,7,1,,,,,,,,,,,,,,,,,,,,,,,,,,,,,,,,,,,,,,,,,,,,,,,,,,,,,,,,,,,,,,,,,,,,,,,,,,,,
,,,,,,,,,,,,,,,,,,,,,,,,,,,,,,,,,,,,,,,,,,,,,,,,,,,,,,,,,,,,,,,,,528492,001,2024-06-19_18h39.00.320,experiment,2023.2.3,Win32,58.82352941,6658b23d243aa8c198969e40,6672e93b03029310057e1c76,66731762b05295a5a9ca4acc,,,,,,,,,,,,,,,,,,,,,,,,,,,,,,,,,,,,,,,,,,5,,,,,,,,,,,,,2,,,,,,,,,,,,,,,,,,,,,,,,,,,,,,,s,0.123,,space,0.083,,2,yellow_gnome,2,6,bright_forest,red_basket,red_gnome,2,2,dark_forest,yellow_basket,30,0,0,1,yellow_gnome,bright_forest,red_basket,2152,-1,1,17,4,140,5,1,,,,,,,,,,,,,,,,,,,,,,,,,,,,,,,,,,,,,,,,,,,,,,,,,,,,,,,,,,,,,,,,,,,,,,,,,,,,
,,,,,,,,,,,,,,,,,,,,,,,,,,,,,,,,,,,,,,,,,,,,,,,,,,,,,,,,,,,,,,,,,528492,001,2024-06-19_18h39.00.320,experiment,2023.2.3,Win32,58.82352941,6658b23d243aa8c198969e40,6672e93b03029310057e1c76,66731762b05295a5a9ca4acc,,,,,,,,,,,,,,,,,,,,,,,,,,,,,,,,,,,,,,,,,,5,,,,,,,,,,,,,1,,,,,,,,,,,,,,,,,,,,,,,,,,,,,,,s,0.027,,space,0.142,,1,blue_gnome,1,3,dark_forest,yellow_basket,orange_gnome,1,5,bright_forest,red_basket,15,0,0,1,blue_gnome,dark_forest,yellow_basket,2167,-3,0,17,5,141,4,1,,,,,,,,,,,,,,,,,,,,,,,,,,,,,,,,,,,,,,,,,,,,,,,,,,,,,,,,,,,,,,,,,,,,,,,,,,,,
,,,,,,,,,,,,,,,,,,,,,,,,,,,,,,,,,,,,,,,,,,,,,,,,,,,,,,,,,,,,,,,,,528492,001,2024-06-19_18h39.00.320,experiment,2023.2.3,Win32,58.82352941,6658b23d243aa8c198969e40,6672e93b03029310057e1c76,66731762b05295a5a9ca4acc,,,,,,,,,,,,,,,,,,,,,,,,,,,,,,,,,,,,,,,,,,5,,,,,,,,,,,,,1,,,,,,,,,,,,,,,,,,,,,,,,,,,,,,,s,0.256,,space,0.117,,1,blue_gnome,1,3,dark_forest,yellow_basket,orange_gnome,1,2,bright_forest,red_basket,15,0,0,1,blue_gnome,dark_forest,yellow_basket,2182,3,-2,17,6,142,4,1,,,,,,,,,,,,,,,,,,,,,,,,,,,,,,,,,,,,,,,,,,,,,,,,,,,,,,,,,,,,,,,,,,,,,,,,,,,,
,,,,,,,,,,,,,,,,,,,,,,,,,,,,,,,,,,,,,,,,,,,,,,,,,,,,,,,,,,,,,,,,,528492,001,2024-06-19_18h39.00.320,experiment,2023.2.3,Win32,58.82352941,6658b23d243aa8c198969e40,6672e93b03029310057e1c76,66731762b05295a5a9ca4acc,,,,,,,,,,,,,,,,,,,,,,,,,,,,,,,,,,,,,,,,,,1,,,,,,,,,,,,,3,,,,,,,,,,,,,,,,,,,,,,,,,,,,,,,s,0.22,,space,0.046,,3,green_gnome,3,5,bright_forest,red_basket,pink_gnome,3,1,dark_forest,yellow_basket,5,0,0,1,green_gnome,bright_forest,red_basket,2187,2,-3,17,7,143,2,1,,,,,,,,,,,,,,,,,,,,,,,,,,,,,,,,,,,,,,,,,,,,,,,,,,,,,,,,,,,,,,,,,,,,,,,,,,,,
,,,,,,,,,,,,,,,,,,,,,,,,,,,,,,,,,,,,,,,,,,,,,,,,,,,,,,,,,,,,,,,,,528492,001,2024-06-19_18h39.00.320,experiment,2023.2.3,Win32,58.82352941,6658b23d243aa8c198969e40,6672e93b03029310057e1c76,66731762b05295a5a9ca4acc,,,,,,,,,,,,,,,,,,,,,,,,,,,,,,,,,,,,,,,,,,1,,,,,,,,,,,,,2,,,,,,,,,,,,,,,,,,,,,,,,,,,,,,,s,0.231,,space,0.015,,2,red_gnome,2,2,dark_forest,yellow_basket,yellow_gnome,2,7,bright_forest,red_basket,2,0,0,1,red_gnome,dark_forest,yellow_basket,2189,0,-4,18,0,144,1,1,,,,,,,,,,,,,,,,,,,,,,,,,,,,,,,,,,,,,,,,,,,,,,,,,,,,,,,,,,,,,,,,,,,,,,,,,,,,
,,,,,,,,,,,,,,,,,,,,,,,,,,,,,,,,,,,,,,,,,,,,,,,,,,,,,,,,,,,,,,,,,528492,001,2024-06-19_18h39.00.320,experiment,2023.2.3,Win32,58.82352941,6658b23d243aa8c198969e40,6672e93b03029310057e1c76,66731762b05295a5a9ca4acc,,,,,,,,,,,,,,,,,,,,,,,,,,,,,,,,,,,,,,,,,,1,,,,,,,,,,,,,4,,,,,,,,,,,,,,,,,,,,,,,,,,,,,,,s,0.132,,space,0.234,,4,purple_gnome,4,2,dark_forest,yellow_basket,brown_gnome,4,7,bright_forest,red_basket,2,0,0,1,purple_gnome,dark_forest,yellow_basket,2191,0,1,18,1,145,3,1,,,,,,,,,,,,,,,,,,,,,,,,,,,,,,,,,,,,,,,,,,,,,,,,,,,,,,,,,,,,,,,,,,,,,,,,,,,,
,,,,,,,,,,,,,,,,,,,,,,,,,,,,,,,,,,,,,,,,,,,,,,,,,,,,,,,,,,,,,,,,,528492,001,2024-06-19_18h39.00.320,experiment,2023.2.3,Win32,58.82352941,6658b23d243aa8c198969e40,6672e93b03029310057e1c76,66731762b05295a5a9ca4acc,,,,,,,,,,,,,,,,,,,,,,,,,,,,,,,,,,,,,,,,,,1,,,,,,,,,,,,,4,,,,,,,,,,,,,,,,,,,,,,,,,,,,,,,s,0.214,,space,0.1,,4,purple_gnome,4,3,dark_forest,yellow_basket,brown_gnome,4,7,bright_forest,red_basket,3,0,0,1,purple_gnome,dark_forest,yellow_basket,2194,1,1,18,2,146,3,1,,,,,,,,,,,,,,,,,,,,,,,,,,,,,,,,,,,,,,,,,,,,,,,,,,,,,,,,,,,,,,,,,,,,,,,,,,,,
,,,,,,,,,,,,,,,,,,,,,,,,,,,,,,,,,,,,,,,,,,,,,,,,,,,,,,,,,,,,,,,,,528492,001,2024-06-19_18h39.00.320,experiment,2023.2.3,Win32,58.82352941,6658b23d243aa8c198969e40,6672e93b03029310057e1c76,66731762b05295a5a9ca4acc,,,,,,,,,,,,,,,,,,,,,,,,,,,,,,,,,,,,,,,,,,1,,,,,,,,,,,,,4,,,,,,,,,,,,,,,,,,,,,,,,,,,,,,,s,0.217,,space,0.388,,4,purple_gnome,4,4,dark_forest,yellow_basket,brown_gnome,4,8,bright_forest,red_basket,4,0,0,1,purple_gnome,dark_forest,yellow_basket,2198,-4,0,18,3,147,3,1,,,,,,,,,,,,,,,,,,,,,,,,,,,,,,,,,,,,,,,,,,,,,,,,,,,,,,,,,,,,,,,,,,,,,,,,,,,,
,,,,,,,,,,,,,,,,,,,,,,,,,,,,,,,,,,,,,,,,,,,,,,,,,,,,,,,,,,,,,,,,,528492,001,2024-06-19_18h39.00.320,experiment,2023.2.3,Win32,58.82352941,6658b23d243aa8c198969e40,6672e93b03029310057e1c76,66731762b05295a5a9ca4acc,,,,,,,,,,,,,,,,,,,,,,,,,,,,,,,,,,,,,,,,,,1,,,,,,,,,,,,,3,,,,,,,,,,,,,,,,,,,,,,,,,,,,,,,s,0.15,,space,0.047,,3,pink_gnome,3,4,dark_forest,yellow_basket,green_gnome,3,4,bright_forest,red_basket,4,0,0,1,pink_gnome,dark_forest,yellow_basket,2202,2,0,18,4,148,2,1,,,,,,,,,,,,,,,,,,,,,,,,,,,,,,,,,,,,,,,,,,,,,,,,,,,,,,,,,,,,,,,,,,,,,,,,,,,,
,,,,,,,,,,,,,,,,,,,,,,,,,,,,,,,,,,,,,,,,,,,,,,,,,,,,,,,,,,,,,,,,,528492,001,2024-06-19_18h39.00.320,experiment,2023.2.3,Win32,58.82352941,6658b23d243aa8c198969e40,6672e93b03029310057e1c76,66731762b05295a5a9ca4acc,,,,,,,,,,,,,,,,,,,,,,,,,,,,,,,,,,,,,,,,,,5,,,,,,,,,,,,,3,,,,,,,,,,,,,,,,,,,,,,,,,,,,,,,s,0.217,,space,0.031,,3,green_gnome,3,6,bright_forest,red_basket,pink_gnome,3,4,dark_forest,yellow_basket,30,0,0,1,green_gnome,bright_forest,red_basket,2232,-1,5,18,5,149,6,1,,,,,,,,,,,,,,,,,,,,,,,,,,,,,,,,,,,,,,,,,,,,,,,,,,,,,,,,,,,,,,,,,,,,,,,,,,,,
,,,,,,,,,,,,,,,,,,,,,,,,,,,,,,,,,,,,,,,,,,,,,,,,,,,,,,,,,,,,,,,,,528492,001,2024-06-19_18h39.00.320,experiment,2023.2.3,Win32,58.82352941,6658b23d243aa8c198969e40,6672e93b03029310057e1c76,66731762b05295a5a9ca4acc,,,,,,,,,,,,,,,,,,,,,,,,,,,,,,,,,,,,,,,,,,1,,,,,,,,,,,,,2,,,,,,,,,,,,,,,,,,,,,,,,,,,,,,,s,0.209,,space,0.176,,2,yellow_gnome,2,5,bright_forest,red_basket,red_gnome,2,9,dark_forest,yellow_basket,5,0,0,1,yellow_gnome,bright_forest,red_basket,2237,-1,-2,18,6,150,1,1,,,,,,,,,,,,,,,,,,,,,,,,,,,,,,,,,,,,,,,,,,,,,,,,,,,,,,,,,,,,,,,,,,,,,,,,,,,,
,,,,,,,,,,,,,,,,,,,,,,,,,,,,,,,,,,,,,,,,,,,,,,,,,,,,,,,,,,,,,,,,,528492,001,2024-06-19_18h39.00.320,experiment,2023.2.3,Win32,58.82352941,6658b23d243aa8c198969e40,6672e93b03029310057e1c76,66731762b05295a5a9ca4acc,,,,,,,,,,,,,,,,,,,,,,,,,,,,,,,,,,,,,,,,,,5,,,,,,,,,,,,,4,,,,,,,,,,,,,,,,,,,,,,,,,,,,,,,s,0.221,,space,0.145,,4,purple_gnome,4,7,dark_forest,yellow_basket,brown_gnome,4,4,bright_forest,red_basket,35,0,0,1,purple_gnome,dark_forest,yellow_basket,2272,1,0,18,7,151,7,1,,,,,,,,,,,,,,,,,,,,,,,,,,,,,,,,,,,,,,,,,,,,,,,,,,,,,,,,,,,,,,,,,,,,,,,,,,,,
,,,,,,,,,,,,,,,,,,,,,,,,,,,,,,,,,,,,,,,,,,,,,,,,,,,,,,,,,,,,,,,,,528492,001,2024-06-19_18h39.00.320,experiment,2023.2.3,Win32,58.82352941,6658b23d243aa8c198969e40,6672e93b03029310057e1c76,66731762b05295a5a9ca4acc,,,,,,,,,,,,,,,,,,,,,,,,,,,,,,,,,,,,,,,,,,5,,,,,,,,,,,,,1,,,,,,,,,,,,,,,,,,,,,,,,,,,,,,,s,0.183,,space,0.04,,1,orange_gnome,1,5,bright_forest,red_basket,blue_gnome,1,7,dark_forest,yellow_basket,25,0,0,1,orange_gnome,bright_forest,red_basket,2297,1,0,19,0,152,4,1,,,,,,,,,,,,,,,,,,,,,,,,,,,,,,,,,,,,,,,,,,,,,,,,,,,,,,,,,,,,,,,,,,,,,,,,,,,,
,,,,,,,,,,,,,,,,,,,,,,,,,,,,,,,,,,,,,,,,,,,,,,,,,,,,,,,,,,,,,,,,,528492,001,2024-06-19_18h39.00.320,experiment,2023.2.3,Win32,58.82352941,6658b23d243aa8c198969e40,6672e93b03029310057e1c76,66731762b05295a5a9ca4acc,,,,,,,,,,,,,,,,,,,,,,,,,,,,,,,,,,,,,,,,,,1,,,,,,,,,,,,,4,,,,,,,,,,,,,,,,,,,,,,,,,,,,,,,s,0.116,,space,0.237,,4,brown_gnome,4,6,bright_forest,red_basket,purple_gnome,4,7,dark_forest,yellow_basket,6,0,0,1,brown_gnome,bright_forest,red_basket,2303,0,3,19,1,153,3,1,,,,,,,,,,,,,,,,,,,,,,,,,,,,,,,,,,,,,,,,,,,,,,,,,,,,,,,,,,,,,,,,,,,,,,,,,,,,
,,,,,,,,,,,,,,,,,,,,,,,,,,,,,,,,,,,,,,,,,,,,,,,,,,,,,,,,,,,,,,,,,528492,001,2024-06-19_18h39.00.320,experiment,2023.2.3,Win32,58.82352941,6658b23d243aa8c198969e40,6672e93b03029310057e1c76,66731762b05295a5a9ca4acc,,,,,,,,,,,,,,,,,,,,,,,,,,,,,,,,,,,,,,,,,,1,,,,,,,,,,,,,1,,,,,,,,,,,,,,,,,,,,,,,,,,,,,,,,,,,,,1,orange_gnome,1,6,bright_forest,red_basket,blue_gnome,1,8,dark_forest,yellow_basket,0,1,0,0,,bright_forest,red_basket,2303,3,1,19,2,154,0,1,,,,,,,,,,,,,,,,,,,,,,,,,,,,,,,,,,,,,,,,,,,,,,,,,,,,,,,,,,,,,,,,,,,,,,,,,,,,
,,,,,,,,,,,,,,,,,,,,,,,,,,,,,,,,,,,,,,,,,,,,,,,,,,,,,,,,,,,,,,,,,528492,001,2024-06-19_18h39.00.320,experiment,2023.2.3,Win32,58.82352941,6658b23d243aa8c198969e40,6672e93b03029310057e1c76,66731762b05295a5a9ca4acc,,,,,,,,,,,,,,,,,,,,,,,,,,,,,,,,,,,,,,,,,,5,,,,,,,,,,,,,1,,,,,,,,,,,,,,,,,,,,,,,,,,,,,,,s,0.097,,space,0.196,,1,orange_gnome,1,9,bright_forest,red_basket,blue_gnome,1,9,dark_forest,yellow_basket,45,0,0,1,orange_gnome,bright_forest,red_basket,2348,0,-4,19,3,155,4,1,,,,,,,,,,,,,,,,,,,,,,,,,,,,,,,,,,,,,,,,,,,,,,,,,,,,,,,,,,,,,,,,,,,,,,,,,,,,
,,,,,,,,,,,,,,,,,,,,,,,,,,,,,,,,,,,,,,,,,,,,,,,,,,,,,,,,,,,,,,,,,528492,001,2024-06-19_18h39.00.320,experiment,2023.2.3,Win32,58.82352941,6658b23d243aa8c198969e40,6672e93b03029310057e1c76,66731762b05295a5a9ca4acc,,,,,,,,,,,,,,,,,,,,,,,,,,,,,,,,,,,,,,,,,,1,,,,,,,,,,,,,4,,,,,,,,,,,,,,,,,,,,,,,,,,,,,,,s,0.725,,space,0.193,,4,brown_gnome,4,9,bright_forest,red_basket,purple_gnome,4,5,dark_forest,yellow_basket,9,0,0,1,brown_gnome,bright_forest,red_basket,2357,-3,-1,19,4,156,3,1,,,,,,,,,,,,,,,,,,,,,,,,,,,,,,,,,,,,,,,,,,,,,,,,,,,,,,,,,,,,,,,,,,,,,,,,,,,,
,,,,,,,,,,,,,,,,,,,,,,,,,,,,,,,,,,,,,,,,,,,,,,,,,,,,,,,,,,,,,,,,,528492,001,2024-06-19_18h39.00.320,experiment,2023.2.3,Win32,58.82352941,6658b23d243aa8c198969e40,6672e93b03029310057e1c76,66731762b05295a5a9ca4acc,,,,,,,,,,,,,,,,,,,,,,,,,,,,,,,,,,,,,,,,,,1,,,,,,,,,,,,,2,,,,,,,,,,,,,,,,,,,,,,,,,,,,,,,s,0.122,,space,0.176,,2,yellow_gnome,2,6,bright_forest,red_basket,red_gnome,2,4,dark_forest,yellow_basket,6,0,0,1,yellow_gnome,bright_forest,red_basket,2363,0,2,19,5,157,1,1,,,,,,,,,,,,,,,,,,,,,,,,,,,,,,,,,,,,,,,,,,,,,,,,,,,,,,,,,,,,,,,,,,,,,,,,,,,,
,,,,,,,,,,,,,,,,,,,,,,,,,,,,,,,,,,,,,,,,,,,,,,,,,,,,,,,,,,,,,,,,,528492,001,2024-06-19_18h39.00.320,experiment,2023.2.3,Win32,58.82352941,6658b23d243aa8c198969e40,6672e93b03029310057e1c76,66731762b05295a5a9ca4acc,,,,,,,,,,,,,,,,,,,,,,,,,,,,,,,,,,,,,,,,,,5,,,,,,,,,,,,,4,,,,,,,,,,,,,,,,,,,,,,,,,,,,,,,s,0.107,,space,0.125,,4,brown_gnome,4,6,bright_forest,red_basket,purple_gnome,4,6,dark_forest,yellow_basket,30,0,0,1,brown_gnome,bright_forest,red_basket,2393,-1,-2,19,6,158,7,1,,,,,,,,,,,,,,,,,,,,,,,,,,,,,,,,,,,,,,,,,,,,,,,,,,,,,,,,,,,,,,,,,,,,,,,,,,,,
,,,,,,,,,,,,,,,,,,,,,,,,,,,,,,,,,,,,,,,,,,,,,,,,,,,,,,,,,,,,,,,,,528492,001,2024-06-19_18h39.00.320,experiment,2023.2.3,Win32,58.82352941,6658b23d243aa8c198969e40,6672e93b03029310057e1c76,66731762b05295a5a9ca4acc,,,,,,,,,,,,,,,,,,,,,,,,,,,,,,,,,,,,,,,,,,1,,,,,,,,,,,,,4,,,,,,,,,,,,,,,,,,,,,,,,,,,,,,,s,0.104,,space,0.257,,4,purple_gnome,4,4,dark_forest,yellow_basket,brown_gnome,4,5,bright_forest,red_basket,4,0,0,1,purple_gnome,dark_forest,yellow_basket,2397,3,0,19,7,159,3,1,,,,,,,,,,,,,,,,,,,,,,,,,,,,,,,,,,,,,,,,,,,,,,,,,,,,,,,,,,,,,,,,,,,,,,,,,,,,
,,,,,,,,,,,,,,,,,,,,,,,,,,,,,,,,,,,,,,,,,,,,,,,,,,,,,,,,,,,,,,,,,528492,001,2024-06-19_18h39.00.320,experiment,2023.2.3,Win32,58.82352941,6658b23d243aa8c198969e40,6672e93b03029310057e1c76,66731762b05295a5a9ca4acc,,,,,,,,,,,,,,,,,,,,,,,,,,,,,,,,,,,,,,,,,,5,,,,,,,,,,,,,1,,,,,,,,,,,,,,,,,,,,,,,,,,,,,,,s,0.265,,space,0.874,,1,blue_gnome,1,4,dark_forest,yellow_basket,orange_gnome,1,8,bright_forest,red_basket,20,0,0,1,blue_gnome,dark_forest,yellow_basket,2417,-3,1,20,0,160,4,1,,,,,,,,,,,,,,,,,,,,,,,,,,,,,,,,,,,,,,,,,,,,,,,,,,,,,,,,,,,,,,,,,,,,,,,,,,,,
,,,,,,,,,,,,,,,,,,,,,,,,,,,,,,,,,,,,,,,,,,,,,,,,,,,,,,,,,,,,,,,,,528492,001,2024-06-19_18h39.00.320,experiment,2023.2.3,Win32,58.82352941,6658b23d243aa8c198969e40,6672e93b03029310057e1c76,66731762b05295a5a9ca4acc,,,,,,,,,,,,,,,,,,,,,,,,,,,,,,,,,,,,,,,,,,1,,,,,,,,,,,,,3,,,,,,,,,,,,,,,,,,,,,,,,,,,,,,,s,0.082,,space,0.246,,3,green_gnome,3,5,bright_forest,red_basket,pink_gnome,3,5,dark_forest,yellow_basket,5,0,0,1,green_gnome,bright_forest,red_basket,2422,-2,-2,20,1,161,2,1,,,,,,,,,,,,,,,,,,,,,,,,,,,,,,,,,,,,,,,,,,,,,,,,,,,,,,,,,,,,,,,,,,,,,,,,,,,,
,,,,,,,,,,,,,,,,,,,,,,,,,,,,,,,,,,,,,,,,,,,,,,,,,,,,,,,,,,,,,,,,,528492,001,2024-06-19_18h39.00.320,experiment,2023.2.3,Win32,58.82352941,6658b23d243aa8c198969e40,6672e93b03029310057e1c76,66731762b05295a5a9ca4acc,,,,,,,,,,,,,,,,,,,,,,,,,,,,,,,,,,,,,,,,,,5,,,,,,,,,,,,,3,,,,,,,,,,,,,,,,,,,,,,,,,,,,,,,s,0.179,,space,0.25,,3,green_gnome,3,3,bright_forest,red_basket,pink_gnome,3,3,dark_forest,yellow_basket,15,0,0,1,green_gnome,bright_forest,red_basket,2437,-1,1,20,2,162,6,1,,,,,,,,,,,,,,,,,,,,,,,,,,,,,,,,,,,,,,,,,,,,,,,,,,,,,,,,,,,,,,,,,,,,,,,,,,,,
,,,,,,,,,,,,,,,,,,,,,,,,,,,,,,,,,,,,,,,,,,,,,,,,,,,,,,,,,,,,,,,,,528492,001,2024-06-19_18h39.00.320,experiment,2023.2.3,Win32,58.82352941,6658b23d243aa8c198969e40,6672e93b03029310057e1c76,66731762b05295a5a9ca4acc,,,,,,,,,,,,,,,,,,,,,,,,,,,,,,,,,,,,,,,,,,5,,,,,,,,,,,,,2,,,,,,,,,,,,,,,,,,,,,,,,,,,,,,,s,0.183,,space,0.032,,2,red_gnome,2,4,dark_forest,yellow_basket,yellow_gnome,2,2,bright_forest,red_basket,20,0,0,1,red_gnome,dark_forest,yellow_basket,2457,-3,1,20,3,163,5,1,,,,,,,,,,,,,,,,,,,,,,,,,,,,,,,,,,,,,,,,,,,,,,,,,,,,,,,,,,,,,,,,,,,,,,,,,,,,
,,,,,,,,,,,,,,,,,,,,,,,,,,,,,,,,,,,,,,,,,,,,,,,,,,,,,,,,,,,,,,,,,528492,001,2024-06-19_18h39.00.320,experiment,2023.2.3,Win32,58.82352941,6658b23d243aa8c198969e40,6672e93b03029310057e1c76,66731762b05295a5a9ca4acc,,,,,,,,,,,,,,,,,,,,,,,,,,,,,,,,,,,,,,,,,,5,,,,,,,,,,,,,2,,,,,,,,,,,,,,,,,,,,,,,,,,,,,,,s,0.149,,space,0.266,,2,yellow_gnome,2,1,bright_forest,red_basket,red_gnome,2,5,dark_forest,yellow_basket,5,0,0,1,yellow_gnome,bright_forest,red_basket,2462,3,-3,20,4,164,5,1,,,,,,,,,,,,,,,,,,,,,,,,,,,,,,,,,,,,,,,,,,,,,,,,,,,,,,,,,,,,,,,,,,,,,,,,,,,,
,,,,,,,,,,,,,,,,,,,,,,,,,,,,,,,,,,,,,,,,,,,,,,,,,,,,,,,,,,,,,,,,,528492,001,2024-06-19_18h39.00.320,experiment,2023.2.3,Win32,58.82352941,6658b23d243aa8c198969e40,6672e93b03029310057e1c76,66731762b05295a5a9ca4acc,,,,,,,,,,,,,,,,,,,,,,,,,,,,,,,,,,,,,,,,,,5,,,,,,,,,,,,,2,,,,,,,,,,,,,,,,,,,,,,,,,,,,,,,s,0.024,,space,0.061,,2,red_gnome,2,2,dark_forest,yellow_basket,yellow_gnome,2,4,bright_forest,red_basket,10,0,0,1,red_gnome,dark_forest,yellow_basket,2472,-2,1,20,5,165,5,1,,,,,,,,,,,,,,,,,,,,,,,,,,,,,,,,,,,,,,,,,,,,,,,,,,,,,,,,,,,,,,,,,,,,,,,,,,,,
,,,,,,,,,,,,,,,,,,,,,,,,,,,,,,,,,,,,,,,,,,,,,,,,,,,,,,,,,,,,,,,,,528492,001,2024-06-19_18h39.00.320,experiment,2023.2.3,Win32,58.82352941,6658b23d243aa8c198969e40,6672e93b03029310057e1c76,66731762b05295a5a9ca4acc,,,,,,,,,,,,,,,,,,,,,,,,,,,,,,,,,,,,,,,,,,1,,,,,,,,,,,,,3,,,,,,,,,,,,,,,,,,,,,,,,,,,,,,,s,0.034,,space,0.119,,3,green_gnome,3,2,bright_forest,red_basket,pink_gnome,3,3,dark_forest,yellow_basket,2,0,0,1,green_gnome,bright_forest,red_basket,2474,-5,4,20,6,166,2,1,,,,,,,,,,,,,,,,,,,,,,,,,,,,,,,,,,,,,,,,,,,,,,,,,,,,,,,,,,,,,,,,,,,,,,,,,,,,
,,,,,,,,,,,,,,,,,,,,,,,,,,,,,,,,,,,,,,,,,,,,,,,,,,,,,,,,,,,,,,,,,528492,001,2024-06-19_18h39.00.320,experiment,2023.2.3,Win32,58.82352941,6658b23d243aa8c198969e40,6672e93b03029310057e1c76,66731762b05295a5a9ca4acc,,,,,,,,,,,,,,,,,,,,,,,,,,,,,,,,,,,,,,,,,,5,,,,,,,,,,,,,2,,,,,,,,,,,,,,,,,,,,,,,,,,,,,,,s,0.058,,space,0.075,,2,red_gnome,2,7,dark_forest,yellow_basket,yellow_gnome,2,3,bright_forest,red_basket,35,0,0,1,red_gnome,dark_forest,yellow_basket,2509,2,-2,20,7,167,5,1,,,,,,,,,,,,,,,,,,,,,,,,,,,,,,,,,,,,,,,,,,,,,,,,,,,,,,,,,,,,,,,,,,,,,,,,,,,,
,,,,,,,,,,,,,,,,,,,,,,,,,,,,,,,,,,,,,,,,,,,,,,,,,,,,,,,,,,,,,,,,,528492,001,2024-06-19_18h39.00.320,experiment,2023.2.3,Win32,58.82352941,6658b23d243aa8c198969e40,6672e93b03029310057e1c76,66731762b05295a5a9ca4acc,,,,,,,,,,,,,,,,,,,,,,,,,,,,,,,,,,,,,,,,,,1,,,,,,,,,,,,,4,,,,,,,,,,,,,,,,,,,,,,,,,,,,,,,s,0.066,,space,0.167,,4,brown_gnome,4,5,bright_forest,red_basket,purple_gnome,4,5,dark_forest,yellow_basket,5,0,0,1,brown_gnome,bright_forest,red_basket,2514,4,-2,21,0,168,3,1,,,,,,,,,,,,,,,,,,,,,,,,,,,,,,,,,,,,,,,,,,,,,,,,,,,,,,,,,,,,,,,,,,,,,,,,,,,,
,,,,,,,,,,,,,,,,,,,,,,,,,,,,,,,,,,,,,,,,,,,,,,,,,,,,,,,,,,,,,,,,,528492,001,2024-06-19_18h39.00.320,experiment,2023.2.3,Win32,58.82352941,6658b23d243aa8c198969e40,6672e93b03029310057e1c76,66731762b05295a5a9ca4acc,,,,,,,,,,,,,,,,,,,,,,,,,,,,,,,,,,,,,,,,,,5,,,,,,,,,,,,,3,,,,,,,,,,,,,,,,,,,,,,,,,,,,,,,s,0.155,,space,0.032,,3,green_gnome,3,9,bright_forest,red_basket,pink_gnome,3,3,dark_forest,yellow_basket,45,0,0,1,green_gnome,bright_forest,red_basket,2559,-1,-1,21,1,169,6,1,,,,,,,,,,,,,,,,,,,,,,,,,,,,,,,,,,,,,,,,,,,,,,,,,,,,,,,,,,,,,,,,,,,,,,,,,,,,
,,,,,,,,,,,,,,,,,,,,,,,,,,,,,,,,,,,,,,,,,,,,,,,,,,,,,,,,,,,,,,,,,528492,001,2024-06-19_18h39.00.320,experiment,2023.2.3,Win32,58.82352941,6658b23d243aa8c198969e40,6672e93b03029310057e1c76,66731762b05295a5a9ca4acc,,,,,,,,,,,,,,,,,,,,,,,,,,,,,,,,,,,,,,,,,,1,,,,,,,,,,,,,3,,,,,,,,,,,,,,,,,,,,,,,,,,,,,,,s,0.177,,space,0.102,,3,green_gnome,3,8,bright_forest,red_basket,pink_gnome,3,2,dark_forest,yellow_basket,8,0,0,1,green_gnome,bright_forest,red_basket,2567,-3,-2,21,2,170,2,1,,,,,,,,,,,,,,,,,,,,,,,,,,,,,,,,,,,,,,,,,,,,,,,,,,,,,,,,,,,,,,,,,,,,,,,,,,,,
,,,,,,,,,,,,,,,,,,,,,,,,,,,,,,,,,,,,,,,,,,,,,,,,,,,,,,,,,,,,,,,,,528492,001,2024-06-19_18h39.00.320,experiment,2023.2.3,Win32,58.82352941,6658b23d243aa8c198969e40,6672e93b03029310057e1c76,66731762b05295a5a9ca4acc,,,,,,,,,,,,,,,,,,,,,,,,,,,,,,,,,,,,,,,,,,5,,,,,,,,,,,,,4,,,,,,,,,,,,,,,,,,,,,,,,,,,,,,,s,1.266,,space,0.038,,4,purple_gnome,4,0,dark_forest,yellow_basket,brown_gnome,4,5,bright_forest,red_basket,0,0,0,1,purple_gnome,dark_forest,yellow_basket,2567,0,-2,21,3,171,7,1,,,,,,,,,,,,,,,,,,,,,,,,,,,,,,,,,,,,,,,,,,,,,,,,,,,,,,,,,,,,,,,,,,,,,,,,,,,,
,,,,,,,,,,,,,,,,,,,,,,,,,,,,,,,,,,,,,,,,,,,,,,,,,,,,,,,,,,,,,,,,,528492,001,2024-06-19_18h39.00.320,experiment,2023.2.3,Win32,58.82352941,6658b23d243aa8c198969e40,6672e93b03029310057e1c76,66731762b05295a5a9ca4acc,,,,,,,,,,,,,,,,,,,,,,,,,,,,,,,,,,,,,,,,,,5,,,,,,,,,,,,,3,,,,,,,,,,,,,,,,,,,,,,,,,,,,,,,s,0.019,,space,0.099,,3,pink_gnome,3,2,dark_forest,yellow_basket,green_gnome,3,5,bright_forest,red_basket,10,0,0,1,pink_gnome,dark_forest,yellow_basket,2577,1,-1,21,4,172,6,1,,,,,,,,,,,,,,,,,,,,,,,,,,,,,,,,,,,,,,,,,,,,,,,,,,,,,,,,,,,,,,,,,,,,,,,,,,,,
,,,,,,,,,,,,,,,,,,,,,,,,,,,,,,,,,,,,,,,,,,,,,,,,,,,,,,,,,,,,,,,,,528492,001,2024-06-19_18h39.00.320,experiment,2023.2.3,Win32,58.82352941,6658b23d243aa8c198969e40,6672e93b03029310057e1c76,66731762b05295a5a9ca4acc,,,,,,,,,,,,,,,,,,,,,,,,,,,,,,,,,,,,,,,,,,1,,,,,,,,,,,,,2,,,,,,,,,,,,,,,,,,,,,,,,,,,,,,,s,0.149,,space,0.26,,2,red_gnome,2,1,dark_forest,yellow_basket,yellow_gnome,2,6,bright_forest,red_basket,1,0,0,1,red_gnome,dark_forest,yellow_basket,2578,0,3,21,5,173,1,1,,,,,,,,,,,,,,,,,,,,,,,,,,,,,,,,,,,,,,,,,,,,,,,,,,,,,,,,,,,,,,,,,,,,,,,,,,,,
,,,,,,,,,,,,,,,,,,,,,,,,,,,,,,,,,,,,,,,,,,,,,,,,,,,,,,,,,,,,,,,,,528492,001,2024-06-19_18h39.00.320,experiment,2023.2.3,Win32,58.82352941,6658b23d243aa8c198969e40,6672e93b03029310057e1c76,66731762b05295a5a9ca4acc,,,,,,,,,,,,,,,,,,,,,,,,,,,,,,,,,,,,,,,,,,5,,,,,,,,,,,,,1,,,,,,,,,,,,,,,,,,,,,,,,,,,,,,,s,0.2,,space,0.031,,1,orange_gnome,1,6,bright_forest,red_basket,blue_gnome,1,4,dark_forest,yellow_basket,30,0,0,1,orange_gnome,bright_forest,red_basket,2608,-1,3,21,6,174,4,1,,,,,,,,,,,,,,,,,,,,,,,,,,,,,,,,,,,,,,,,,,,,,,,,,,,,,,,,,,,,,,,,,,,,,,,,,,,,
,,,,,,,,,,,,,,,,,,,,,,,,,,,,,,,,,,,,,,,,,,,,,,,,,,,,,,,,,,,,,,,,,528492,001,2024-06-19_18h39.00.320,experiment,2023.2.3,Win32,58.82352941,6658b23d243aa8c198969e40,6672e93b03029310057e1c76,66731762b05295a5a9ca4acc,,,,,,,,,,,,,,,,,,,,,,,,,,,,,,,,,,,,,,,,,,1,,,,,,,,,,,,,4,,,,,,,,,,,,,,,,,,,,,,,,,,,,,,,s,0.109,,space,0.25,,4,brown_gnome,4,5,bright_forest,red_basket,purple_gnome,4,7,dark_forest,yellow_basket,5,0,0,1,brown_gnome,bright_forest,red_basket,2613,-4,1,21,7,175,3,1,,,,,,,,,,,,,,,,,,,,,,,,,,,,,,,,,,,,,,,,,,,,,,,,,,,,,,,,,,,,,,,,,,,,,,,,,,,,
,,,,,,,,,,,,,,,,,,,,,,,,,,,,,,,,,,,,,,,,,,,,,,,,,,,,,,,,,,,,,,,,,528492,001,2024-06-19_18h39.00.320,experiment,2023.2.3,Win32,58.82352941,6658b23d243aa8c198969e40,6672e93b03029310057e1c76,66731762b05295a5a9ca4acc,,,,,,,,,,,,,,,,,,,,,,,,,,,,,,,,,,,,,,,,,,5,,,,,,,,,,,,,4,,,,,,,,,,,,,,,,,,,,,,,,,,,,,,,s,0.019,,space,0.264,,4,purple_gnome,4,8,dark_forest,yellow_basket,brown_gnome,4,1,bright_forest,red_basket,40,0,0,1,purple_gnome,dark_forest,yellow_basket,2653,-1,-4,22,0,176,7,1,,,,,,,,,,,,,,,,,,,,,,,,,,,,,,,,,,,,,,,,,,,,,,,,,,,,,,,,,,,,,,,,,,,,,,,,,,,,
,,,,,,,,,,,,,,,,,,,,,,,,,,,,,,,,,,,,,,,,,,,,,,,,,,,,,,,,,,,,,,,,,528492,001,2024-06-19_18h39.00.320,experiment,2023.2.3,Win32,58.82352941,6658b23d243aa8c198969e40,6672e93b03029310057e1c76,66731762b05295a5a9ca4acc,,,,,,,,,,,,,,,,,,,,,,,,,,,,,,,,,,,,,,,,,,5,,,,,,,,,,,,,4,,,,,,,,,,,,,,,,,,,,,,,,,,,,,,,s,0.02,,space,0.268,,4,brown_gnome,4,0,bright_forest,red_basket,purple_gnome,4,4,dark_forest,yellow_basket,0,0,0,1,brown_gnome,bright_forest,red_basket,2653,2,-1,22,1,177,7,1,,,,,,,,,,,,,,,,,,,,,,,,,,,,,,,,,,,,,,,,,,,,,,,,,,,,,,,,,,,,,,,,,,,,,,,,,,,,
,,,,,,,,,,,,,,,,,,,,,,,,,,,,,,,,,,,,,,,,,,,,,,,,,,,,,,,,,,,,,,,,,528492,001,2024-06-19_18h39.00.320,experiment,2023.2.3,Win32,58.82352941,6658b23d243aa8c198969e40,6672e93b03029310057e1c76,66731762b05295a5a9ca4acc,,,,,,,,,,,,,,,,,,,,,,,,,,,,,,,,,,,,,,,,,,1,,,,,,,,,,,,,4,,,,,,,,,,,,,,,,,,,,,,,,,,,,,,,s,0.53,,space,0.213,,4,purple_gnome,4,3,dark_forest,yellow_basket,brown_gnome,4,2,bright_forest,red_basket,3,0,0,1,purple_gnome,dark_forest,yellow_basket,2656,-1,0,22,2,178,3,1,,,,,,,,,,,,,,,,,,,,,,,,,,,,,,,,,,,,,,,,,,,,,,,,,,,,,,,,,,,,,,,,,,,,,,,,,,,,
,,,,,,,,,,,,,,,,,,,,,,,,,,,,,,,,,,,,,,,,,,,,,,,,,,,,,,,,,,,,,,,,,528492,001,2024-06-19_18h39.00.320,experiment,2023.2.3,Win32,58.82352941,6658b23d243aa8c198969e40,6672e93b03029310057e1c76,66731762b05295a5a9ca4acc,,,,,,,,,,,,,,,,,,,,,,,,,,,,,,,,,,,,,,,,,,5,,,,,,,,,,,,,3,,,,,,,,,,,,,,,,,,,,,,,,,,,,,,,s,0.167,,space,0.049,,3,pink_gnome,3,3,dark_forest,yellow_basket,green_gnome,3,1,bright_forest,red_basket,15,0,0,1,pink_gnome,dark_forest,yellow_basket,2671,0,-1,22,3,179,6,1,,,,,,,,,,,,,,,,,,,,,,,,,,,,,,,,,,,,,,,,,,,,,,,,,,,,,,,,,,,,,,,,,,,,,,,,,,,,
,,,,,,,,,,,,,,,,,,,,,,,,,,,,,,,,,,,,,,,,,,,,,,,,,,,,,,,,,,,,,,,,,528492,001,2024-06-19_18h39.00.320,experiment,2023.2.3,Win32,58.82352941,6658b23d243aa8c198969e40,6672e93b03029310057e1c76,66731762b05295a5a9ca4acc,,,,,,,,,,,,,,,,,,,,,,,,,,,,,,,,,,,,,,,,,,1,,,,,,,,,,,,,3,,,,,,,,,,,,,,,,,,,,,,,,,,,,,,,k,0.147,,space,0.137,,3,green_gnome,3,1,bright_forest,red_basket,pink_gnome,3,2,dark_forest,yellow_basket,2,0,0,1,pink_gnome,dark_forest,yellow_basket,2673,5,0,22,4,180,2,1,,,,,,,,,,,,,,,,,,,,,,,,,,,,,,,,,,,,,,,,,,,,,,,,,,,,,,,,,,,,,,,,,,,,,,,,,,,,
,,,,,,,,,,,,,,,,,,,,,,,,,,,,,,,,,,,,,,,,,,,,,,,,,,,,,,,,,,,,,,,,,528492,001,2024-06-19_18h39.00.320,experiment,2023.2.3,Win32,58.82352941,6658b23d243aa8c198969e40,6672e93b03029310057e1c76,66731762b05295a5a9ca4acc,,,,,,,,,,,,,,,,,,,,,,,,,,,,,,,,,,,,,,,,,,1,,,,,,,,,,,,,3,,,,,,,,,,,,,,,,,,,,,,,,,,,,,,,k,0.135,,space,0.117,,3,green_gnome,3,6,bright_forest,red_basket,pink_gnome,3,2,dark_forest,yellow_basket,2,0,0,1,pink_gnome,dark_forest,yellow_basket,2675,0,-2,22,5,181,2,1,,,,,,,,,,,,,,,,,,,,,,,,,,,,,,,,,,,,,,,,,,,,,,,,,,,,,,,,,,,,,,,,,,,,,,,,,,,,
,,,,,,,,,,,,,,,,,,,,,,,,,,,,,,,,,,,,,,,,,,,,,,,,,,,,,,,,,,,,,,,,,528492,001,2024-06-19_18h39.00.320,experiment,2023.2.3,Win32,58.82352941,6658b23d243aa8c198969e40,6672e93b03029310057e1c76,66731762b05295a5a9ca4acc,,,,,,,,,,,,,,,,,,,,,,,,,,,,,,,,,,,,,,,,,,1,,,,,,,,,,,,,1,,,,,,,,,,,,,,,,,,,,,,,,,,,,,,,k,0.067,,space,0.198,,1,blue_gnome,1,0,dark_forest,yellow_basket,orange_gnome,1,6,bright_forest,red_basket,6,0,0,1,orange_gnome,bright_forest,red_basket,2681,-1,-2,22,6,182,0,1,,,,,,,,,,,,,,,,,,,,,,,,,,,,,,,,,,,,,,,,,,,,,,,,,,,,,,,,,,,,,,,,,,,,,,,,,,,,
,,,,,,,,,,,,,,,,,,,,,,,,,,,,,,,,,,,,,,,,,,,,,,,,,,,,,,,,,,,,,,,,,528492,001,2024-06-19_18h39.00.320,experiment,2023.2.3,Win32,58.82352941,6658b23d243aa8c198969e40,6672e93b03029310057e1c76,66731762b05295a5a9ca4acc,,,,,,,,,,,,,,,,,,,,,,,,,,,,,,,,,,,,,,,,,,5,,,,,,,,,,,,,2,,,,,,,,,,,,,,,,,,,,,,,,,,,,,,,k,0.193,,space,0.148,,2,yellow_gnome,2,5,bright_forest,red_basket,red_gnome,2,2,dark_forest,yellow_basket,10,0,0,1,red_gnome,dark_forest,yellow_basket,2691,0,-3,22,7,183,5,1,,,,,,,,,,,,,,,,,,,,,,,,,,,,,,,,,,,,,,,,,,,,,,,,,,,,,,,,,,,,,,,,,,,,,,,,,,,,
,,,,,,,,,,,,,,,,,,,,,,,,,,,,,,,,,,,,,,,,,,,,,,,,,,,,,,,,,,,,,,,,,528492,001,2024-06-19_18h39.00.320,experiment,2023.2.3,Win32,58.82352941,6658b23d243aa8c198969e40,6672e93b03029310057e1c76,66731762b05295a5a9ca4acc,,,,,,,,,,,,,,,,,,,,,,,,,,,,,,,,,,,,,,,,,,5,,,,,,,,,,,,,2,,,,,,,,,,,,,,,,,,,,,,,,,,,,,,,k,0.1,,space,0.12,,2,red_gnome,2,1,dark_forest,yellow_basket,yellow_gnome,2,5,bright_forest,red_basket,25,0,0,1,yellow_gnome,bright_forest,red_basket,2716,2,2,23,0,184,5,1,,,,,,,,,,,,,,,,,,,,,,,,,,,,,,,,,,,,,,,,,,,,,,,,,,,,,,,,,,,,,,,,,,,,,,,,,,,,
,,,,,,,,,,,,,,,,,,,,,,,,,,,,,,,,,,,,,,,,,,,,,,,,,,,,,,,,,,,,,,,,,528492,001,2024-06-19_18h39.00.320,experiment,2023.2.3,Win32,58.82352941,6658b23d243aa8c198969e40,6672e93b03029310057e1c76,66731762b05295a5a9ca4acc,,,,,,,,,,,,,,,,,,,,,,,,,,,,,,,,,,,,,,,,,,5,,,,,,,,,,,,,3,,,,,,,,,,,,,,,,,,,,,,,,,,,,,,,k,0.06,,space,0.035,,3,pink_gnome,3,3,dark_forest,yellow_basket,green_gnome,3,7,bright_forest,red_basket,35,0,0,1,green_gnome,bright_forest,red_basket,2751,-3,1,23,1,185,6,1,,,,,,,,,,,,,,,,,,,,,,,,,,,,,,,,,,,,,,,,,,,,,,,,,,,,,,,,,,,,,,,,,,,,,,,,,,,,
,,,,,,,,,,,,,,,,,,,,,,,,,,,,,,,,,,,,,,,,,,,,,,,,,,,,,,,,,,,,,,,,,528492,001,2024-06-19_18h39.00.320,experiment,2023.2.3,Win32,58.82352941,6658b23d243aa8c198969e40,6672e93b03029310057e1c76,66731762b05295a5a9ca4acc,,,,,,,,,,,,,,,,,,,,,,,,,,,,,,,,,,,,,,,,,,1,,,,,,,,,,,,,1,,,,,,,,,,,,,,,,,,,,,,,,,,,,,,,k,0.103,,space,0.152,,1,blue_gnome,1,4,dark_forest,yellow_basket,orange_gnome,1,4,bright_forest,red_basket,4,0,0,1,orange_gnome,bright_forest,red_basket,2755,2,-2,23,2,186,0,1,,,,,,,,,,,,,,,,,,,,,,,,,,,,,,,,,,,,,,,,,,,,,,,,,,,,,,,,,,,,,,,,,,,,,,,,,,,,
,,,,,,,,,,,,,,,,,,,,,,,,,,,,,,,,,,,,,,,,,,,,,,,,,,,,,,,,,,,,,,,,,528492,001,2024-06-19_18h39.00.320,experiment,2023.2.3,Win32,58.82352941,6658b23d243aa8c198969e40,6672e93b03029310057e1c76,66731762b05295a5a9ca4acc,,,,,,,,,,,,,,,,,,,,,,,,,,,,,,,,,,,,,,,,,,1,,,,,,,,,,,,,4,,,,,,,,,,,,,,,,,,,,,,,,,,,,,,,k,0.022,,space,0.146,,4,brown_gnome,4,6,bright_forest,red_basket,purple_gnome,4,2,dark_forest,yellow_basket,2,0,0,1,purple_gnome,dark_forest,yellow_basket,2757,1,-1,23,3,187,3,1,,,,,,,,,,,,,,,,,,,,,,,,,,,,,,,,,,,,,,,,,,,,,,,,,,,,,,,,,,,,,,,,,,,,,,,,,,,,
,,,,,,,,,,,,,,,,,,,,,,,,,,,,,,,,,,,,,,,,,,,,,,,,,,,,,,,,,,,,,,,,,528492,001,2024-06-19_18h39.00.320,experiment,2023.2.3,Win32,58.82352941,6658b23d243aa8c198969e40,6672e93b03029310057e1c76,66731762b05295a5a9ca4acc,,,,,,,,,,,,,,,,,,,,,,,,,,,,,,,,,,,,,,,,,,1,,,,,,,,,,,,,1,,,,,,,,,,,,,,,,,,,,,,,,,,,,,,,k,0.146,,space,0.067,,1,orange_gnome,1,7,bright_forest,red_basket,blue_gnome,1,1,dark_forest,yellow_basket,1,0,0,1,blue_gnome,dark_forest,yellow_basket,2758,-2,5,23,4,188,0,1,,,,,,,,,,,,,,,,,,,,,,,,,,,,,,,,,,,,,,,,,,,,,,,,,,,,,,,,,,,,,,,,,,,,,,,,,,,,
,,,,,,,,,,,,,,,,,,,,,,,,,,,,,,,,,,,,,,,,,,,,,,,,,,,,,,,,,,,,,,,,,528492,001,2024-06-19_18h39.00.320,experiment,2023.2.3,Win32,58.82352941,6658b23d243aa8c198969e40,6672e93b03029310057e1c76,66731762b05295a5a9ca4acc,,,,,,,,,,,,,,,,,,,,,,,,,,,,,,,,,,,,,,,,,,5,,,,,,,,,,,,,3,,,,,,,,,,,,,,,,,,,,,,,,,,,,,,,k,0.065,,space,0.018,,3,green_gnome,3,5,bright_forest,red_basket,pink_gnome,3,6,dark_forest,yellow_basket,30,0,0,1,pink_gnome,dark_forest,yellow_basket,2788,4,-1,23,5,189,6,1,,,,,,,,,,,,,,,,,,,,,,,,,,,,,,,,,,,,,,,,,,,,,,,,,,,,,,,,,,,,,,,,,,,,,,,,,,,,
,,,,,,,,,,,,,,,,,,,,,,,,,,,,,,,,,,,,,,,,,,,,,,,,,,,,,,,,,,,,,,,,,528492,001,2024-06-19_18h39.00.320,experiment,2023.2.3,Win32,58.82352941,6658b23d243aa8c198969e40,6672e93b03029310057e1c76,66731762b05295a5a9ca4acc,,,,,,,,,,,,,,,,,,,,,,,,,,,,,,,,,,,,,,,,,,5,,,,,,,,,,,,,1,,,,,,,,,,,,,,,,,,,,,,,,,,,,,,,k,0.182,,space,0.185,,1,orange_gnome,1,9,bright_forest,red_basket,blue_gnome,1,5,dark_forest,yellow_basket,25,0,0,1,blue_gnome,dark_forest,yellow_basket,2813,0,2,23,6,190,4,1,,,,,,,,,,,,,,,,,,,,,,,,,,,,,,,,,,,,,,,,,,,,,,,,,,,,,,,,,,,,,,,,,,,,,,,,,,,,
,,,,,,,,,,,,,,,,,,,,,,,,,,,,,,,,,,,,,,,,,,,,,,,,,,,,,,,,,,,,,,,,,528492,001,2024-06-19_18h39.00.320,experiment,2023.2.3,Win32,58.82352941,6658b23d243aa8c198969e40,6672e93b03029310057e1c76,66731762b05295a5a9ca4acc,,,,,,,,,,,,,,,,,,,,,,,,,,,,,,,,,,,,,,,,,,1,,,,,,,,,,,,,1,,,,,,,,,,,,,,,,,,,,,,,,,,,,,,,k,0.07,,space,0.134,,1,orange_gnome,1,9,bright_forest,red_basket,blue_gnome,1,7,dark_forest,yellow_basket,7,0,0,1,blue_gnome,dark_forest,yellow_basket,2820,0,-4,23,7,191,0,1,,,,,,,,,,,,,,,,,,,,,,,,,,,,,,,,,,,,,,,,,,,,,,,,,,,,,,,,,,,,,,,,,,,,,,,,,,,,
,,,,,,,,,,,,,,,,,,,,,,,,,,,,,,,,,,,,,,,,,,,,,,,,,,,,,,,,,,,,,,,,,528492,001,2024-06-19_18h39.00.320,experiment,2023.2.3,Win32,58.82352941,6658b23d243aa8c198969e40,6672e93b03029310057e1c76,66731762b05295a5a9ca4acc,,,,,,,,,,,,,,,,,,,,,,,,,,,,,,,,,,,,,,,,,,1,,,,,,,,,,,,,3,,,,,,,,,,,,,,,,,,,,,,,,,,,,,,,,,,,,,3,green_gnome,3,9,bright_forest,red_basket,pink_gnome,3,3,dark_forest,yellow_basket,0,1,0,0,,dark_forest,yellow_basket,2820,-1,2,24,0,192,2,1,,,,,,,,,,,,,,,,,,,,,,,,,,,,,,,,,,,,,,,,,,,,,,,,,,,,,,,,,,,,,,,,,,,,,,,,,,,,
,,,,,,,,,,,,,,,,,,,,,,,,,,,,,,,,,,,,,,,,,,,,,,,,,,,,,,,,,,,,,,,,,528492,001,2024-06-19_18h39.00.320,experiment,2023.2.3,Win32,58.82352941,6658b23d243aa8c198969e40,6672e93b03029310057e1c76,66731762b05295a5a9ca4acc,,,,,,,,,,,,,,,,,,,,,,,,,,,,,,,,,,,,,,,,,,5,,,,,,,,,,,,,4,,,,,,,,,,,,,,,,,,,,,,,,,,,,,,,s,0.106,,space,0.164,,4,purple_gnome,4,5,dark_forest,yellow_basket,brown_gnome,4,8,bright_forest,red_basket,25,0,0,1,purple_gnome,dark_forest,yellow_basket,2845,2,-1,24,1,193,7,1,,,,,,,,,,,,,,,,,,,,,,,,,,,,,,,,,,,,,,,,,,,,,,,,,,,,,,,,,,,,,,,,,,,,,,,,,,,,
,,,,,,,,,,,,,,,,,,,,,,,,,,,,,,,,,,,,,,,,,,,,,,,,,,,,,,,,,,,,,,,,,528492,001,2024-06-19_18h39.00.320,experiment,2023.2.3,Win32,58.82352941,6658b23d243aa8c198969e40,6672e93b03029310057e1c76,66731762b05295a5a9ca4acc,,,,,,,,,,,,,,,,,,,,,,,,,,,,,,,,,,,,,,,,,,5,,,,,,,,,,,,,4,,,,,,,,,,,,,,,,,,,,,,,,,,,,,,,s,0.117,,space,0.111,,4,brown_gnome,4,8,bright_forest,red_basket,purple_gnome,4,4,dark_forest,yellow_basket,40,0,0,1,brown_gnome,bright_forest,red_basket,2885,-1,-1,24,2,194,7,1,,,,,,,,,,,,,,,,,,,,,,,,,,,,,,,,,,,,,,,,,,,,,,,,,,,,,,,,,,,,,,,,,,,,,,,,,,,,
,,,,,,,,,,,,,,,,,,,,,,,,,,,,,,,,,,,,,,,,,,,,,,,,,,,,,,,,,,,,,,,,,528492,001,2024-06-19_18h39.00.320,experiment,2023.2.3,Win32,58.82352941,6658b23d243aa8c198969e40,6672e93b03029310057e1c76,66731762b05295a5a9ca4acc,,,,,,,,,,,,,,,,,,,,,,,,,,,,,,,,,,,,,,,,,,5,,,,,,,,,,,,,4,,,,,,,,,,,,,,,,,,,,,,,,,,,,,,,s,0.024,,space,0.085,,4,brown_gnome,4,7,bright_forest,red_basket,purple_gnome,4,3,dark_forest,yellow_basket,35,0,0,1,brown_gnome,bright_forest,red_basket,2920,-3,0,24,3,195,7,1,,,,,,,,,,,,,,,,,,,,,,,,,,,,,,,,,,,,,,,,,,,,,,,,,,,,,,,,,,,,,,,,,,,,,,,,,,,,
,,,,,,,,,,,,,,,,,,,,,,,,,,,,,,,,,,,,,,,,,,,,,,,,,,,,,,,,,,,,,,,,,528492,001,2024-06-19_18h39.00.320,experiment,2023.2.3,Win32,58.82352941,6658b23d243aa8c198969e40,6672e93b03029310057e1c76,66731762b05295a5a9ca4acc,,,,,,,,,,,,,,,,,,,,,,,,,,,,,,,,,,,,,,,,,,1,,,,,,,,,,,,,1,,,,,,,,,,,,,,,,,,,,,,,,,,,,,,,s,0.109,,space,0.09,,1,orange_gnome,1,4,bright_forest,red_basket,blue_gnome,1,3,dark_forest,yellow_basket,4,0,0,1,orange_gnome,bright_forest,red_basket,2924,1,2,24,4,196,0,1,,,,,,,,,,,,,,,,,,,,,,,,,,,,,,,,,,,,,,,,,,,,,,,,,,,,,,,,,,,,,,,,,,,,,,,,,,,,
,,,,,,,,,,,,,,,,,,,,,,,,,,,,,,,,,,,,,,,,,,,,,,,,,,,,,,,,,,,,,,,,,528492,001,2024-06-19_18h39.00.320,experiment,2023.2.3,Win32,58.82352941,6658b23d243aa8c198969e40,6672e93b03029310057e1c76,66731762b05295a5a9ca4acc,,,,,,,,,,,,,,,,,,,,,,,,,,,,,,,,,,,,,,,,,,1,,,,,,,,,,,,,4,,,,,,,,,,,,,,,,,,,,,,,,,,,,,,,s,0.055,,space,0.015,,4,purple_gnome,4,5,dark_forest,yellow_basket,brown_gnome,4,5,bright_forest,red_basket,5,0,0,1,purple_gnome,dark_forest,yellow_basket,2929,2,0,24,5,197,3,1,,,,,,,,,,,,,,,,,,,,,,,,,,,,,,,,,,,,,,,,,,,,,,,,,,,,,,,,,,,,,,,,,,,,,,,,,,,,
,,,,,,,,,,,,,,,,,,,,,,,,,,,,,,,,,,,,,,,,,,,,,,,,,,,,,,,,,,,,,,,,,528492,001,2024-06-19_18h39.00.320,experiment,2023.2.3,Win32,58.82352941,6658b23d243aa8c198969e40,6672e93b03029310057e1c76,66731762b05295a5a9ca4acc,,,,,,,,,,,,,,,,,,,,,,,,,,,,,,,,,,,,,,,,,,1,,,,,,,,,,,,,4,,,,,,,,,,,,,,,,,,,,,,,,,,,,,,,s,0.048,,space,0.124,,4,brown_gnome,4,7,bright_forest,red_basket,purple_gnome,4,5,dark_forest,yellow_basket,7,0,0,1,brown_gnome,bright_forest,red_basket,2936,-4,-1,24,6,198,3,1,,,,,,,,,,,,,,,,,,,,,,,,,,,,,,,,,,,,,,,,,,,,,,,,,,,,,,,,,,,,,,,,,,,,,,,,,,,,
,,,,,,,,,,,,,,,,,,,,,,,,,,,,,,,,,,,,,,,,,,,,,,,,,,,,,,,,,,,,,,,,,528492,001,2024-06-19_18h39.00.320,experiment,2023.2.3,Win32,58.82352941,6658b23d243aa8c198969e40,6672e93b03029310057e1c76,66731762b05295a5a9ca4acc,,,,,,,,,,,,,,,,,,,,,,,,,,,,,,,,,,,,,,,,,,5,,,,,,,,,,,,,3,,,,,,,,,,,,,,,,,,,,,,,,,,,,,,,s,0.08,,space,0.034,,3,green_gnome,3,3,bright_forest,red_basket,pink_gnome,3,4,dark_forest,yellow_basket,15,0,0,1,green_gnome,bright_forest,red_basket,2951,-1,-4,24,7,199,6,1,,,,,,,,,,,,,,,,,,,,,,,,,,,,,,,,,,,,,,,,,,,,,,,,,,,,,,,,,,,,,,,,,,,,,,,,,,,,
,,,,,,,,,,,,,,,,,,,,,,,,,,,,,,,,,,,,,,,,,,,,,,,,,,,,,,,,,,,,,,,,,528492,001,2024-06-19_18h39.00.320,experiment,2023.2.3,Win32,58.82352941,6658b23d243aa8c198969e40,6672e93b03029310057e1c76,66731762b05295a5a9ca4acc,,,,,,,,,,,,,,,,,,,,,,,,,,,,,,,,,,,,,,,,,,5,,,,,,,,,,,,,3,,,,,,,,,,,,,,,,,,,,,,,,,,,,,,,s,0.072,,space,0.031,,3,green_gnome,3,2,bright_forest,red_basket,pink_gnome,3,0,dark_forest,yellow_basket,10,0,0,1,green_gnome,bright_forest,red_basket,2961,-3,-3,25,0,200,6,1,,,,,,,,,,,,,,,,,,,,,,,,,,,,,,,,,,,,,,,,,,,,,,,,,,,,,,,,,,,,,,,,,,,,,,,,,,,,
,,,,,,,,,,,,,,,,,,,,,,,,,,,,,,,,,,,,,,,,,,,,,,,,,,,,,,,,,,,,,,,,,528492,001,2024-06-19_18h39.00.320,experiment,2023.2.3,Win32,58.82352941,6658b23d243aa8c198969e40,6672e93b03029310057e1c76,66731762b05295a5a9ca4acc,,,,,,,,,,,,,,,,,,,,,,,,,,,,,,,,,,,,,,,,,,5,,,,,,,,,,,,,3,,,,,,,,,,,,,,,,,,,,,,,,,,,,,,,s,0.059,,space,0.029,,3,green_gnome,3,1,bright_forest,red_basket,pink_gnome,3,3,dark_forest,yellow_basket,5,0,0,1,green_gnome,bright_forest,red_basket,2966,2,-1,25,1,201,6,1,,,,,,,,,,,,,,,,,,,,,,,,,,,,,,,,,,,,,,,,,,,,,,,,,,,,,,,,,,,,,,,,,,,,,,,,,,,,
,,,,,,,,,,,,,,,,,,,,,,,,,,,,,,,,,,,,,,,,,,,,,,,,,,,,,,,,,,,,,,,,,528492,001,2024-06-19_18h39.00.320,experiment,2023.2.3,Win32,58.82352941,6658b23d243aa8c198969e40,6672e93b03029310057e1c76,66731762b05295a5a9ca4acc,,,,,,,,,,,,,,,,,,,,,,,,,,,,,,,,,,,,,,,,,,5,,,,,,,,,,,,,1,,,,,,,,,,,,,,,,,,,,,,,,,,,,,,,s,0.161,,space,0.029,,1,blue_gnome,1,2,dark_forest,yellow_basket,orange_gnome,1,3,bright_forest,red_basket,10,0,0,1,blue_gnome,dark_forest,yellow_basket,2976,-2,-2,25,2,202,4,1,,,,,,,,,,,,,,,,,,,,,,,,,,,,,,,,,,,,,,,,,,,,,,,,,,,,,,,,,,,,,,,,,,,,,,,,,,,,
,,,,,,,,,,,,,,,,,,,,,,,,,,,,,,,,,,,,,,,,,,,,,,,,,,,,,,,,,,,,,,,,,528492,001,2024-06-19_18h39.00.320,experiment,2023.2.3,Win32,58.82352941,6658b23d243aa8c198969e40,6672e93b03029310057e1c76,66731762b05295a5a9ca4acc,,,,,,,,,,,,,,,,,,,,,,,,,,,,,,,,,,,,,,,,,,5,,,,,,,,,,,,,2,,,,,,,,,,,,,,,,,,,,,,,,,,,,,,,s,0.069,,space,0.212,,2,red_gnome,2,0,dark_forest,yellow_basket,yellow_gnome,2,1,bright_forest,red_basket,0,0,0,1,red_gnome,dark_forest,yellow_basket,2976,-1,-1,25,3,203,5,1,,,,,,,,,,,,,,,,,,,,,,,,,,,,,,,,,,,,,,,,,,,,,,,,,,,,,,,,,,,,,,,,,,,,,,,,,,,,
,,,,,,,,,,,,,,,,,,,,,,,,,,,,,,,,,,,,,,,,,,,,,,,,,,,,,,,,,,,,,,,,,528492,001,2024-06-19_18h39.00.320,experiment,2023.2.3,Win32,58.82352941,6658b23d243aa8c198969e40,6672e93b03029310057e1c76,66731762b05295a5a9ca4acc,,,,,,,,,,,,,,,,,,,,,,,,,,,,,,,,,,,,,,,,,,1,,,,,,,,,,,,,2,,,,,,,,,,,,,,,,,,,,,,,,,,,,,,,s,0.167,,space,0.084,,2,red_gnome,2,1,dark_forest,yellow_basket,yellow_gnome,2,0,bright_forest,red_basket,1,0,0,1,red_gnome,dark_forest,yellow_basket,2977,-4,2,25,4,204,1,1,,,,,,,,,,,,,,,,,,,,,,,,,,,,,,,,,,,,,,,,,,,,,,,,,,,,,,,,,,,,,,,,,,,,,,,,,,,,
,,,,,,,,,,,,,,,,,,,,,,,,,,,,,,,,,,,,,,,,,,,,,,,,,,,,,,,,,,,,,,,,,528492,001,2024-06-19_18h39.00.320,experiment,2023.2.3,Win32,58.82352941,6658b23d243aa8c198969e40,6672e93b03029310057e1c76,66731762b05295a5a9ca4acc,,,,,,,,,,,,,,,,,,,,,,,,,,,,,,,,,,,,,,,,,,5,,,,,,,,,,,,,1,,,,,,,,,,,,,,,,,,,,,,,,,,,,,,,s,0.222,,space,0.072,,1,blue_gnome,1,3,dark_forest,yellow_basket,orange_gnome,1,4,bright_forest,red_basket,15,0,0,1,blue_gnome,dark_forest,yellow_basket,2992,2,4,25,5,205,4,1,,,,,,,,,,,,,,,,,,,,,,,,,,,,,,,,,,,,,,,,,,,,,,,,,,,,,,,,,,,,,,,,,,,,,,,,,,,,
,,,,,,,,,,,,,,,,,,,,,,,,,,,,,,,,,,,,,,,,,,,,,,,,,,,,,,,,,,,,,,,,,528492,001,2024-06-19_18h39.00.320,experiment,2023.2.3,Win32,58.82352941,6658b23d243aa8c198969e40,6672e93b03029310057e1c76,66731762b05295a5a9ca4acc,,,,,,,,,,,,,,,,,,,,,,,,,,,,,,,,,,,,,,,,,,5,,,,,,,,,,,,,3,,,,,,,,,,,,,,,,,,,,,,,,,,,,,,,,,,,,,3,pink_gnome,3,7,dark_forest,yellow_basket,green_gnome,3,6,bright_forest,red_basket,0,1,0,0,,dark_forest,yellow_basket,2992,2,4,25,6,206,6,1,,,,,,,,,,,,,,,,,,,,,,,,,,,,,,,,,,,,,,,,,,,,,,,,,,,,,,,,,,,,,,,,,,,,,,,,,,,,
,,,,,,,,,,,,,,,,,,,,,,,,,,,,,,,,,,,,,,,,,,,,,,,,,,,,,,,,,,,,,,,,,528492,001,2024-06-19_18h39.00.320,experiment,2023.2.3,Win32,58.82352941,6658b23d243aa8c198969e40,6672e93b03029310057e1c76,66731762b05295a5a9ca4acc,,,,,,,,,,,,,,,,,,,,,,,,,,,,,,,,,,,,,,,,,,5,,,,,,,,,,,,,1,,,,,,,,,,,,,,,,,,,,,,,,,,,,,,,s,0.181,,space,0.197,,1,blue_gnome,1,7,dark_forest,yellow_basket,orange_gnome,1,8,bright_forest,red_basket,35,0,0,1,blue_gnome,dark_forest,yellow_basket,3027,-1,1,25,7,207,4,1,,,,,,,,,,,,,,,,,,,,,,,,,,,,,,,,,,,,,,,,,,,,,,,,,,,,,,,,,,,,,,,,,,,,,,,,,,,,
,,,,,,,,,,,,,,,,,,,,,,,,,,,,,,,,,,,,,,,,,,,,,,,,,,,,,,,,,,,,,,,,,528492,001,2024-06-19_18h39.00.320,experiment,2023.2.3,Win32,58.82352941,6658b23d243aa8c198969e40,6672e93b03029310057e1c76,66731762b05295a5a9ca4acc,,,,,,,,,,,,,,,,,,,,,,,,,,,,,,,,,,,,,,,,,,1,,,,,,,,,,,,,3,,,,,,,,,,,,,,,,,,,,,,,,,,,,,,,s,0.116,,space,0.06,,3,green_gnome,3,7,bright_forest,red_basket,pink_gnome,3,8,dark_forest,yellow_basket,7,0,0,1,green_gnome,bright_forest,red_basket,3034,0,5,26,0,208,2,1,,,,,,,,,,,,,,,,,,,,,,,,,,,,,,,,,,,,,,,,,,,,,,,,,,,,,,,,,,,,,,,,,,,,,,,,,,,,
,,,,,,,,,,,,,,,,,,,,,,,,,,,,,,,,,,,,,,,,,,,,,,,,,,,,,,,,,,,,,,,,,528492,001,2024-06-19_18h39.00.320,experiment,2023.2.3,Win32,58.82352941,6658b23d243aa8c198969e40,6672e93b03029310057e1c76,66731762b05295a5a9ca4acc,,,,,,,,,,,,,,,,,,,,,,,,,,,,,,,,,,,,,,,,,,1,,,,,,,,,,,,,2,,,,,,,,,,,,,,,,,,,,,,,,,,,,,,,s,0.142,,,,,2,red_gnome,2,5,dark_forest,yellow_basket,yellow_gnome,2,7,bright_forest,red_basket,0,0,1,0,red_gnome,dark_forest,yellow_basket,3034,1,2,26,1,209,1,1,,,,,,,,,,,,,,,,,,,,,,,,,,,,,,,,,,,,,,,,,,,,,,,,,,,,,,,,,,,,,,,,,,,,,,,,,,,,
,,,,,,,,,,,,,,,,,,,,,,,,,,,,,,,,,,,,,,,,,,,,,,,,,,,,,,,,,,,,,,,,,528492,001,2024-06-19_18h39.00.320,experiment,2023.2.3,Win32,58.82352941,6658b23d243aa8c198969e40,6672e93b03029310057e1c76,66731762b05295a5a9ca4acc,,,,,,,,,,,,,,,,,,,,,,,,,,,,,,,,,,,,,,,,,,1,,,,,,,,,,,,,1,,,,,,,,,,,,,,,,,,,,,,,,,,,,,,,s,0.251,,space,0.125,,1,orange_gnome,1,8,bright_forest,red_basket,blue_gnome,1,7,dark_forest,yellow_basket,8,0,0,1,orange_gnome,bright_forest,red_basket,3042,0,0,26,2,210,0,1,,,,,,,,,,,,,,,,,,,,,,,,,,,,,,,,,,,,,,,,,,,,,,,,,,,,,,,,,,,,,,,,,,,,,,,,,,,,
,,,,,,,,,,,,,,,,,,,,,,,,,,,,,,,,,,,,,,,,,,,,,,,,,,,,,,,,,,,,,,,,,528492,001,2024-06-19_18h39.00.320,experiment,2023.2.3,Win32,58.82352941,6658b23d243aa8c198969e40,6672e93b03029310057e1c76,66731762b05295a5a9ca4acc,,,,,,,,,,,,,,,,,,,,,,,,,,,,,,,,,,,,,,,,,,1,,,,,,,,,,,,,1,,,,,,,,,,,,,,,,,,,,,,,,,,,,,,,s,0.098,,space,0.156,,1,orange_gnome,1,8,bright_forest,red_basket,blue_gnome,1,7,dark_forest,yellow_basket,8,0,0,1,orange_gnome,bright_forest,red_basket,3050,0,0,26,3,211,0,1,,,,,,,,,,,,,,,,,,,,,,,,,,,,,,,,,,,,,,,,,,,,,,,,,,,,,,,,,,,,,,,,,,,,,,,,,,,,
,,,,,,,,,,,,,,,,,,,,,,,,,,,,,,,,,,,,,,,,,,,,,,,,,,,,,,,,,,,,,,,,,528492,001,2024-06-19_18h39.00.320,experiment,2023.2.3,Win32,58.82352941,6658b23d243aa8c198969e40,6672e93b03029310057e1c76,66731762b05295a5a9ca4acc,,,,,,,,,,,,,,,,,,,,,,,,,,,,,,,,,,,,,,,,,,1,,,,,,,,,,,,,4,,,,,,,,,,,,,,,,,,,,,,,,,,,,,,,s,0.058,,space,0.238,,4,purple_gnome,4,7,dark_forest,yellow_basket,brown_gnome,4,8,bright_forest,red_basket,7,0,0,1,purple_gnome,dark_forest,yellow_basket,3057,-2,5,26,4,212,3,1,,,,,,,,,,,,,,,,,,,,,,,,,,,,,,,,,,,,,,,,,,,,,,,,,,,,,,,,,,,,,,,,,,,,,,,,,,,,
,,,,,,,,,,,,,,,,,,,,,,,,,,,,,,,,,,,,,,,,,,,,,,,,,,,,,,,,,,,,,,,,,528492,001,2024-06-19_18h39.00.320,experiment,2023.2.3,Win32,58.82352941,6658b23d243aa8c198969e40,6672e93b03029310057e1c76,66731762b05295a5a9ca4acc,,,,,,,,,,,,,,,,,,,,,,,,,,,,,,,,,,,,,,,,,,1,,,,,,,,,,,,,4,,,,,,,,,,,,,,,,,,,,,,,,,,,,,,,s,0.235,,space,0.234,,4,brown_gnome,4,6,bright_forest,red_basket,purple_gnome,4,6,dark_forest,yellow_basket,6,0,0,1,brown_gnome,bright_forest,red_basket,3063,1,-1,26,5,213,3,1,,,,,,,,,,,,,,,,,,,,,,,,,,,,,,,,,,,,,,,,,,,,,,,,,,,,,,,,,,,,,,,,,,,,,,,,,,,,
,,,,,,,,,,,,,,,,,,,,,,,,,,,,,,,,,,,,,,,,,,,,,,,,,,,,,,,,,,,,,,,,,528492,001,2024-06-19_18h39.00.320,experiment,2023.2.3,Win32,58.82352941,6658b23d243aa8c198969e40,6672e93b03029310057e1c76,66731762b05295a5a9ca4acc,,,,,,,,,,,,,,,,,,,,,,,,,,,,,,,,,,,,,,,,,,5,,,,,,,,,,,,,2,,,,,,,,,,,,,,,,,,,,,,,,,,,,,,,s,0.363,,space,0.417,,2,yellow_gnome,2,7,bright_forest,red_basket,red_gnome,2,5,dark_forest,yellow_basket,35,0,0,1,yellow_gnome,bright_forest,red_basket,3098,0,-6,26,6,214,5,1,,,,,,,,,,,,,,,,,,,,,,,,,,,,,,,,,,,,,,,,,,,,,,,,,,,,,,,,,,,,,,,,,,,,,,,,,,,,
,,,,,,,,,,,,,,,,,,,,,,,,,,,,,,,,,,,,,,,,,,,,,,,,,,,,,,,,,,,,,,,,,528492,001,2024-06-19_18h39.00.320,experiment,2023.2.3,Win32,58.82352941,6658b23d243aa8c198969e40,6672e93b03029310057e1c76,66731762b05295a5a9ca4acc,,,,,,,,,,,,,,,,,,,,,,,,,,,,,,,,,,,,,,,,,,5,,,,,,,,,,,,,3,,,,,,,,,,,,,,,,,,,,,,,,,,,,,,,s,0.18,,,,,3,pink_gnome,3,1,dark_forest,yellow_basket,green_gnome,3,7,bright_forest,red_basket,0,0,1,0,pink_gnome,dark_forest,yellow_basket,3098,-3,-1,26,7,215,6,1,,,,,,,,,,,,,,,,,,,,,,,,,,,,,,,,,,,,,,,,,,,,,,,,,,,,,,,,,,,,,,,,,,,,,,,,,,,,
,,,,,,,,,,,,,,,,,,,,,,,,,,,,,,,,,,,,,,,,,,,,,,,,,,,,,,,,,,,,,,,,,528492,001,2024-06-19_18h39.00.320,experiment,2023.2.3,Win32,58.82352941,6658b23d243aa8c198969e40,6672e93b03029310057e1c76,66731762b05295a5a9ca4acc,,,,,,,,,,,,,,,,,,,,,,,,,,,,,,,,,,,,,,,,,,5,,,,,,,,,,,,,4,,,,,,,,,,,,,,,,,,,,,,,,,,,,,,,s,0.216,,space,0.012,,4,purple_gnome,4,0,dark_forest,yellow_basket,brown_gnome,4,4,bright_forest,red_basket,0,0,0,1,purple_gnome,dark_forest,yellow_basket,3098,5,1,27,0,216,7,1,,,,,,,,,,,,,,,,,,,,,,,,,,,,,,,,,,,,,,,,,,,,,,,,,,,,,,,,,,,,,,,,,,,,,,,,,,,,
,,,,,,,,,,,,,,,,,,,,,,,,,,,,,,,,,,,,,,,,,,,,,,,,,,,,,,,,,,,,,,,,,528492,001,2024-06-19_18h39.00.320,experiment,2023.2.3,Win32,58.82352941,6658b23d243aa8c198969e40,6672e93b03029310057e1c76,66731762b05295a5a9ca4acc,,,,,,,,,,,,,,,,,,,,,,,,,,,,,,,,,,,,,,,,,,1,,,,,,,,,,,,,3,,,,,,,,,,,,,,,,,,,,,,,,,,,,,,,s,0.1,,space,0.087,,3,green_gnome,3,9,bright_forest,red_basket,pink_gnome,3,1,dark_forest,yellow_basket,9,0,0,1,green_gnome,bright_forest,red_basket,3107,0,0,27,1,217,2,1,,,,,,,,,,,,,,,,,,,,,,,,,,,,,,,,,,,,,,,,,,,,,,,,,,,,,,,,,,,,,,,,,,,,,,,,,,,,
,,,,,,,,,,,,,,,,,,,,,,,,,,,,,,,,,,,,,,,,,,,,,,,,,,,,,,,,,,,,,,,,,528492,001,2024-06-19_18h39.00.320,experiment,2023.2.3,Win32,58.82352941,6658b23d243aa8c198969e40,6672e93b03029310057e1c76,66731762b05295a5a9ca4acc,,,,,,,,,,,,,,,,,,,,,,,,,,,,,,,,,,,,,,,,,,1,,,,,,,,,,,,,1,,,,,,,,,,,,,,,,,,,,,,,,,,,,,,,s,0.539,,space,0.057,,1,blue_gnome,1,1,dark_forest,yellow_basket,orange_gnome,1,9,bright_forest,red_basket,1,0,0,1,blue_gnome,dark_forest,yellow_basket,3108,4,-1,27,2,218,0,1,,,,,,,,,,,,,,,,,,,,,,,,,,,,,,,,,,,,,,,,,,,,,,,,,,,,,,,,,,,,,,,,,,,,,,,,,,,,
,,,,,,,,,,,,,,,,,,,,,,,,,,,,,,,,,,,,,,,,,,,,,,,,,,,,,,,,,,,,,,,,,528492,001,2024-06-19_18h39.00.320,experiment,2023.2.3,Win32,58.82352941,6658b23d243aa8c198969e40,6672e93b03029310057e1c76,66731762b05295a5a9ca4acc,,,,,,,,,,,,,,,,,,,,,,,,,,,,,,,,,,,,,,,,,,1,,,,,,,,,,,,,2,,,,,,,,,,,,,,,,,,,,,,,,,,,,,,,s,0.25,,space,0.116,,2,yellow_gnome,2,5,bright_forest,red_basket,red_gnome,2,0,dark_forest,yellow_basket,5,0,0,1,yellow_gnome,bright_forest,red_basket,3113,2,-2,27,3,219,1,1,,,,,,,,,,,,,,,,,,,,,,,,,,,,,,,,,,,,,,,,,,,,,,,,,,,,,,,,,,,,,,,,,,,,,,,,,,,,
,,,,,,,,,,,,,,,,,,,,,,,,,,,,,,,,,,,,,,,,,,,,,,,,,,,,,,,,,,,,,,,,,528492,001,2024-06-19_18h39.00.320,experiment,2023.2.3,Win32,58.82352941,6658b23d243aa8c198969e40,6672e93b03029310057e1c76,66731762b05295a5a9ca4acc,,,,,,,,,,,,,,,,,,,,,,,,,,,,,,,,,,,,,,,,,,5,,,,,,,,,,,,,2,,,,,,,,,,,,,,,,,,,,,,,,,,,,,,,s,0.145,,space,0.138,,2,yellow_gnome,2,7,bright_forest,red_basket,red_gnome,2,2,dark_forest,yellow_basket,35,0,0,1,yellow_gnome,bright_forest,red_basket,3148,3,1,27,4,220,5,1,,,,,,,,,,,,,,,,,,,,,,,,,,,,,,,,,,,,,,,,,,,,,,,,,,,,,,,,,,,,,,,,,,,,,,,,,,,,
,,,,,,,,,,,,,,,,,,,,,,,,,,,,,,,,,,,,,,,,,,,,,,,,,,,,,,,,,,,,,,,,,528492,001,2024-06-19_18h39.00.320,experiment,2023.2.3,Win32,58.82352941,6658b23d243aa8c198969e40,6672e93b03029310057e1c76,66731762b05295a5a9ca4acc,,,,,,,,,,,,,,,,,,,,,,,,,,,,,,,,,,,,,,,,,,1,,,,,,,,,,,,,3,,,,,,,,,,,,,,,,,,,,,,,,,,,,,,,s,0.164,,space,0.195,,3,pink_gnome,3,3,dark_forest,yellow_basket,green_gnome,3,8,bright_forest,red_basket,3,0,0,1,pink_gnome,dark_forest,yellow_basket,3151,-1,1,27,5,221,2,1,,,,,,,,,,,,,,,,,,,,,,,,,,,,,,,,,,,,,,,,,,,,,,,,,,,,,,,,,,,,,,,,,,,,,,,,,,,,
,,,,,,,,,,,,,,,,,,,,,,,,,,,,,,,,,,,,,,,,,,,,,,,,,,,,,,,,,,,,,,,,,528492,001,2024-06-19_18h39.00.320,experiment,2023.2.3,Win32,58.82352941,6658b23d243aa8c198969e40,6672e93b03029310057e1c76,66731762b05295a5a9ca4acc,,,,,,,,,,,,,,,,,,,,,,,,,,,,,,,,,,,,,,,,,,5,,,,,,,,,,,,,1,,,,,,,,,,,,,,,,,,,,,,,,,,,,,,,s,0.264,,space,0.289,,1,orange_gnome,1,7,bright_forest,red_basket,blue_gnome,1,4,dark_forest,yellow_basket,35,0,0,1,orange_gnome,bright_forest,red_basket,3186,-3,0,27,6,222,4,1,,,,,,,,,,,,,,,,,,,,,,,,,,,,,,,,,,,,,,,,,,,,,,,,,,,,,,,,,,,,,,,,,,,,,,,,,,,,
,,,,,,,,,,,,,,,,,,,,,,,,,,,,,,,,,,,,,,,,,,,,,,,,,,,,,,,,,,,,,,,,,528492,001,2024-06-19_18h39.00.320,experiment,2023.2.3,Win32,58.82352941,6658b23d243aa8c198969e40,6672e93b03029310057e1c76,66731762b05295a5a9ca4acc,,,,,,,,,,,,,,,,,,,,,,,,,,,,,,,,,,,,,,,,,,5,,,,,,,,,,,,,3,,,,,,,,,,,,,,,,,,,,,,,,,,,,,,,s,0.185,,space,0.267,,3,green_gnome,3,4,bright_forest,red_basket,pink_gnome,3,4,dark_forest,yellow_basket,20,0,0,1,green_gnome,bright_forest,red_basket,3206,0,-1,27,7,223,6,1,,,,,,,,,,,,,,,,,,,,,,,,,,,,,,,,,,,,,,,,,,,,,,,,,,,,,,,,,,,,,,,,,,,,,,,,,,,,
,,,,,,,,,,,,,,,,,,,,,,,,,,,,,,,,,,,,,,,,,,,,,,,,,,,,,,,,,,,,,,,,,528492,001,2024-06-19_18h39.00.320,experiment,2023.2.3,Win32,58.82352941,6658b23d243aa8c198969e40,6672e93b03029310057e1c76,66731762b05295a5a9ca4acc,,,,,,,,,,,,,,,,,,,,,,,,,,,,,,,,,,,,,,,,,,5,,,,,,,,,,,,,2,,,,,,,,,,,,,,,,,,,,,,,,,,,,,,,s,0.227,,space,0.098,,2,yellow_gnome,2,4,bright_forest,red_basket,red_gnome,2,3,dark_forest,yellow_basket,20,0,0,1,yellow_gnome,bright_forest,red_basket,3226,-5,-1,28,0,224,5,1,,,,,,,,,,,,,,,,,,,,,,,,,,,,,,,,,,,,,,,,,,,,,,,,,,,,,,,,,,,,,,,,,,,,,,,,,,,,
,,,,,,,,,,,,,,,,,,,,,,,,,,,,,,,,,,,,,,,,,,,,,,,,,,,,,,,,,,,,,,,,,528492,001,2024-06-19_18h39.00.320,experiment,2023.2.3,Win32,58.82352941,6658b23d243aa8c198969e40,6672e93b03029310057e1c76,66731762b05295a5a9ca4acc,,,,,,,,,,,,,,,,,,,,,,,,,,,,,,,,,,,,,,,,,,5,,,,,,,,,,,,,3,,,,,,,,,,,,,,,,,,,,,,,,,,,,,,,s,0.293,,space,0.43,,3,green_gnome,3,1,bright_forest,red_basket,pink_gnome,3,2,dark_forest,yellow_basket,5,0,0,1,green_gnome,bright_forest,red_basket,3231,-2,-2,28,1,225,6,1,,,,,,,,,,,,,,,,,,,,,,,,,,,,,,,,,,,,,,,,,,,,,,,,,,,,,,,,,,,,,,,,,,,,,,,,,,,,
,,,,,,,,,,,,,,,,,,,,,,,,,,,,,,,,,,,,,,,,,,,,,,,,,,,,,,,,,,,,,,,,,528492,001,2024-06-19_18h39.00.320,experiment,2023.2.3,Win32,58.82352941,6658b23d243aa8c198969e40,6672e93b03029310057e1c76,66731762b05295a5a9ca4acc,,,,,,,,,,,,,,,,,,,,,,,,,,,,,,,,,,,,,,,,,,1,,,,,,,,,,,,,2,,,,,,,,,,,,,,,,,,,,,,,,,,,,,,,s,0.021,,space,0.194,,2,yellow_gnome,2,1,bright_forest,red_basket,red_gnome,2,0,dark_forest,yellow_basket,1,0,0,1,yellow_gnome,bright_forest,red_basket,3232,-3,0,28,2,226,1,1,,,,,,,,,,,,,,,,,,,,,,,,,,,,,,,,,,,,,,,,,,,,,,,,,,,,,,,,,,,,,,,,,,,,,,,,,,,,
,,,,,,,,,,,,,,,,,,,,,,,,,,,,,,,,,,,,,,,,,,,,,,,,,,,,,,,,,,,,,,,,,528492,001,2024-06-19_18h39.00.320,experiment,2023.2.3,Win32,58.82352941,6658b23d243aa8c198969e40,6672e93b03029310057e1c76,66731762b05295a5a9ca4acc,,,,,,,,,,,,,,,,,,,,,,,,,,,,,,,,,,,,,,,,,,5,,,,,,,,,,,,,2,,,,,,,,,,,,,,,,,,,,,,,,,,,,,,,k,0.256,,space,0.159,,2,red_gnome,2,0,dark_forest,yellow_basket,yellow_gnome,2,2,bright_forest,red_basket,10,0,0,1,yellow_gnome,bright_forest,red_basket,3242,-1,2,28,3,227,5,1,,,,,,,,,,,,,,,,,,,,,,,,,,,,,,,,,,,,,,,,,,,,,,,,,,,,,,,,,,,,,,,,,,,,,,,,,,,,
,,,,,,,,,,,,,,,,,,,,,,,,,,,,,,,,,,,,,,,,,,,,,,,,,,,,,,,,,,,,,,,,,528492,001,2024-06-19_18h39.00.320,experiment,2023.2.3,Win32,58.82352941,6658b23d243aa8c198969e40,6672e93b03029310057e1c76,66731762b05295a5a9ca4acc,,,,,,,,,,,,,,,,,,,,,,,,,,,,,,,,,,,,,,,,,,1,,,,,,,,,,,,,4,,,,,,,,,,,,,,,,,,,,,,,,,,,,,,,k,0.208,,space,0.032,,4,purple_gnome,4,2,dark_forest,yellow_basket,brown_gnome,4,1,bright_forest,red_basket,1,0,0,1,brown_gnome,bright_forest,red_basket,3243,2,2,28,4,228,3,1,,,,,,,,,,,,,,,,,,,,,,,,,,,,,,,,,,,,,,,,,,,,,,,,,,,,,,,,,,,,,,,,,,,,,,,,,,,,
,,,,,,,,,,,,,,,,,,,,,,,,,,,,,,,,,,,,,,,,,,,,,,,,,,,,,,,,,,,,,,,,,528492,001,2024-06-19_18h39.00.320,experiment,2023.2.3,Win32,58.82352941,6658b23d243aa8c198969e40,6672e93b03029310057e1c76,66731762b05295a5a9ca4acc,,,,,,,,,,,,,,,,,,,,,,,,,,,,,,,,,,,,,,,,,,5,,,,,,,,,,,,,2,,,,,,,,,,,,,,,,,,,,,,,,,,,,,,,k,0.097,,space,0.099,,2,red_gnome,2,4,dark_forest,yellow_basket,yellow_gnome,2,3,bright_forest,red_basket,15,0,0,1,yellow_gnome,bright_forest,red_basket,3258,0,2,28,5,229,5,1,,,,,,,,,,,,,,,,,,,,,,,,,,,,,,,,,,,,,,,,,,,,,,,,,,,,,,,,,,,,,,,,,,,,,,,,,,,,
,,,,,,,,,,,,,,,,,,,,,,,,,,,,,,,,,,,,,,,,,,,,,,,,,,,,,,,,,,,,,,,,,528492,001,2024-06-19_18h39.00.320,experiment,2023.2.3,Win32,58.82352941,6658b23d243aa8c198969e40,6672e93b03029310057e1c76,66731762b05295a5a9ca4acc,,,,,,,,,,,,,,,,,,,,,,,,,,,,,,,,,,,,,,,,,,1,,,,,,,,,,,,,4,,,,,,,,,,,,,,,,,,,,,,,,,,,,,,,k,0.138,,space,0.069,,4,purple_gnome,4,6,dark_forest,yellow_basket,brown_gnome,4,3,bright_forest,red_basket,3,0,0,1,brown_gnome,bright_forest,red_basket,3261,-1,1,28,6,230,3,1,,,,,,,,,,,,,,,,,,,,,,,,,,,,,,,,,,,,,,,,,,,,,,,,,,,,,,,,,,,,,,,,,,,,,,,,,,,,
,,,,,,,,,,,,,,,,,,,,,,,,,,,,,,,,,,,,,,,,,,,,,,,,,,,,,,,,,,,,,,,,,528492,001,2024-06-19_18h39.00.320,experiment,2023.2.3,Win32,58.82352941,6658b23d243aa8c198969e40,6672e93b03029310057e1c76,66731762b05295a5a9ca4acc,,,,,,,,,,,,,,,,,,,,,,,,,,,,,,,,,,,,,,,,,,5,,,,,,,,,,,,,4,,,,,,,,,,,,,,,,,,,,,,,,,,,,,,,k,0.065,,space,0.113,,4,purple_gnome,4,7,dark_forest,yellow_basket,brown_gnome,4,2,bright_forest,red_basket,10,0,0,1,brown_gnome,bright_forest,red_basket,3271,-1,-5,28,7,231,7,1,,,,,,,,,,,,,,,,,,,,,,,,,,,,,,,,,,,,,,,,,,,,,,,,,,,,,,,,,,,,,,,,,,,,,,,,,,,,
,,,,,,,,,,,,,,,,,,,,,,,,,,,,,,,,,,,,,,,,,,,,,,,,,,,,,,,,,,,,,,,,,528492,001,2024-06-19_18h39.00.320,experiment,2023.2.3,Win32,58.82352941,6658b23d243aa8c198969e40,6672e93b03029310057e1c76,66731762b05295a5a9ca4acc,,,,,,,,,,,,,,,,,,,,,,,,,,,,,,,,,,,,,,,,,,5,,,,,,,,,,,,,4,,,,,,,,,,,,,,,,,,,,,,,,,,,,,,,k,0.096,,space,0.028,,4,purple_gnome,4,2,dark_forest,yellow_basket,brown_gnome,4,1,bright_forest,red_basket,5,0,0,1,brown_gnome,bright_forest,red_basket,3276,-1,1,29,0,232,7,1,,,,,,,,,,,,,,,,,,,,,,,,,,,,,,,,,,,,,,,,,,,,,,,,,,,,,,,,,,,,,,,,,,,,,,,,,,,,
,,,,,,,,,,,,,,,,,,,,,,,,,,,,,,,,,,,,,,,,,,,,,,,,,,,,,,,,,,,,,,,,,528492,001,2024-06-19_18h39.00.320,experiment,2023.2.3,Win32,58.82352941,6658b23d243aa8c198969e40,6672e93b03029310057e1c76,66731762b05295a5a9ca4acc,,,,,,,,,,,,,,,,,,,,,,,,,,,,,,,,,,,,,,,,,,1,,,,,,,,,,,,,1,,,,,,,,,,,,,,,,,,,,,,,,,,,,,,,k,0.044,,space,0.164,,1,orange_gnome,1,0,bright_forest,red_basket,blue_gnome,1,3,dark_forest,yellow_basket,3,0,0,1,blue_gnome,dark_forest,yellow_basket,3279,3,0,29,1,233,0,1,,,,,,,,,,,,,,,,,,,,,,,,,,,,,,,,,,,,,,,,,,,,,,,,,,,,,,,,,,,,,,,,,,,,,,,,,,,,
,,,,,,,,,,,,,,,,,,,,,,,,,,,,,,,,,,,,,,,,,,,,,,,,,,,,,,,,,,,,,,,,,528492,001,2024-06-19_18h39.00.320,experiment,2023.2.3,Win32,58.82352941,6658b23d243aa8c198969e40,6672e93b03029310057e1c76,66731762b05295a5a9ca4acc,,,,,,,,,,,,,,,,,,,,,,,,,,,,,,,,,,,,,,,,,,5,,,,,,,,,,,,,1,,,,,,,,,,,,,,,,,,,,,,,,,,,,,,,k,0.1,,space,0.052,,1,blue_gnome,1,3,dark_forest,yellow_basket,orange_gnome,1,3,bright_forest,red_basket,15,0,0,1,orange_gnome,bright_forest,red_basket,3294,-3,-1,29,2,234,4,1,,,,,,,,,,,,,,,,,,,,,,,,,,,,,,,,,,,,,,,,,,,,,,,,,,,,,,,,,,,,,,,,,,,,,,,,,,,,
,,,,,,,,,,,,,,,,,,,,,,,,,,,,,,,,,,,,,,,,,,,,,,,,,,,,,,,,,,,,,,,,,528492,001,2024-06-19_18h39.00.320,experiment,2023.2.3,Win32,58.82352941,6658b23d243aa8c198969e40,6672e93b03029310057e1c76,66731762b05295a5a9ca4acc,,,,,,,,,,,,,,,,,,,,,,,,,,,,,,,,,,,,,,,,,,5,,,,,,,,,,,,,2,,,,,,,,,,,,,,,,,,,,,,,,,,,,,,,k,0.02,,space,0.229,,2,yellow_gnome,2,0,bright_forest,red_basket,red_gnome,2,2,dark_forest,yellow_basket,10,0,0,1,red_gnome,dark_forest,yellow_basket,3304,2,-2,29,3,235,5,1,,,,,,,,,,,,,,,,,,,,,,,,,,,,,,,,,,,,,,,,,,,,,,,,,,,,,,,,,,,,,,,,,,,,,,,,,,,,
,,,,,,,,,,,,,,,,,,,,,,,,,,,,,,,,,,,,,,,,,,,,,,,,,,,,,,,,,,,,,,,,,528492,001,2024-06-19_18h39.00.320,experiment,2023.2.3,Win32,58.82352941,6658b23d243aa8c198969e40,6672e93b03029310057e1c76,66731762b05295a5a9ca4acc,,,,,,,,,,,,,,,,,,,,,,,,,,,,,,,,,,,,,,,,,,1,,,,,,,,,,,,,4,,,,,,,,,,,,,,,,,,,,,,,,,,,,,,,k,0.019,,space,0.151,,4,brown_gnome,4,2,bright_forest,red_basket,purple_gnome,4,0,dark_forest,yellow_basket,0,0,0,1,purple_gnome,dark_forest,yellow_basket,3304,3,2,29,4,236,3,1,,,,,,,,,,,,,,,,,,,,,,,,,,,,,,,,,,,,,,,,,,,,,,,,,,,,,,,,,,,,,,,,,,,,,,,,,,,,
,,,,,,,,,,,,,,,,,,,,,,,,,,,,,,,,,,,,,,,,,,,,,,,,,,,,,,,,,,,,,,,,,528492,001,2024-06-19_18h39.00.320,experiment,2023.2.3,Win32,58.82352941,6658b23d243aa8c198969e40,6672e93b03029310057e1c76,66731762b05295a5a9ca4acc,,,,,,,,,,,,,,,,,,,,,,,,,,,,,,,,,,,,,,,,,,1,,,,,,,,,,,,,1,,,,,,,,,,,,,,,,,,,,,,,,,,,,,,,k,0.134,,space,0.2,,1,orange_gnome,1,5,bright_forest,red_basket,blue_gnome,1,2,dark_forest,yellow_basket,2,0,0,1,blue_gnome,dark_forest,yellow_basket,3306,-1,-4,29,5,237,0,1,,,,,,,,,,,,,,,,,,,,,,,,,,,,,,,,,,,,,,,,,,,,,,,,,,,,,,,,,,,,,,,,,,,,,,,,,,,,
,,,,,,,,,,,,,,,,,,,,,,,,,,,,,,,,,,,,,,,,,,,,,,,,,,,,,,,,,,,,,,,,,528492,001,2024-06-19_18h39.00.320,experiment,2023.2.3,Win32,58.82352941,6658b23d243aa8c198969e40,6672e93b03029310057e1c76,66731762b05295a5a9ca4acc,,,,,,,,,,,,,,,,,,,,,,,,,,,,,,,,,,,,,,,,,,5,,,,,,,,,,,,,2,,,,,,,,,,,,,,,,,,,,,,,,,,,,,,,k,0.068,,space,0.167,,2,red_gnome,2,2,dark_forest,yellow_basket,yellow_gnome,2,4,bright_forest,red_basket,20,0,0,1,yellow_gnome,bright_forest,red_basket,3326,-2,-2,29,6,238,5,1,,,,,,,,,,,,,,,,,,,,,,,,,,,,,,,,,,,,,,,,,,,,,,,,,,,,,,,,,,,,,,,,,,,,,,,,,,,,
,,,,,,,,,,,,,,,,,,,,,,,,,,,,,,,,,,,,,,,,,,,,,,,,,,,,,,,,,,,,,,,,,528492,001,2024-06-19_18h39.00.320,experiment,2023.2.3,Win32,58.82352941,6658b23d243aa8c198969e40,6672e93b03029310057e1c76,66731762b05295a5a9ca4acc,,,,,,,,,,,,,,,,,,,,,,,,,,,,,,,,,,,,,,,,,,5,,,,,,,,,,,,,3,,,,,,,,,,,,,,,,,,,,,,,,,,,,,,,k,0.142,,space,0.157,,3,pink_gnome,3,0,dark_forest,yellow_basket,green_gnome,3,2,bright_forest,red_basket,10,0,0,1,green_gnome,bright_forest,red_basket,3336,2,-3,29,7,239,6,1,,,,,,,,,,,,,,,,,,,,,,,,,,,,,,,,,,,,,,,,,,,,,,,,,,,,,,,,,,,,,,,,,,,,,,,,,,,,
,,,,,,,,,,,,,,,,,,,,,,,,,,,,,,,,,,,,,,,,,,,,,,,,,,,,,,,,,,,,,,,,,528492,001,2024-06-19_18h39.00.320,experiment,2023.2.3,Win32,58.82352941,6658b23d243aa8c198969e40,6672e93b03029310057e1c76,66731762b05295a5a9ca4acc,,,,,,,,,,,,,,,,,,,,,,,,,,,,,,,,,,,,,,,,,,5,,,,,,,,,,,,,2,,,,,,,,,,,,,,,,,,,,,,,,,,,,,,,k,0.027,,space,0.374,,2,red_gnome,2,3,dark_forest,yellow_basket,yellow_gnome,2,4,bright_forest,red_basket,20,0,0,1,yellow_gnome,bright_forest,red_basket,3356,-1,-1,30,0,240,5,1,,,,,,,,,,,,,,,,,,,,,,,,,,,,,,,,,,,,,,,,,,,,,,,,,,,,,,,,,,,,,,,,,,,,,,,,,,,,
,,,,,,,,,,,,,,,,,,,,,,,,,,,,,,,,,,,,,,,,,,,,,,,,,,,,,,,,,,,,,,,,,528492,001,2024-06-19_18h39.00.320,experiment,2023.2.3,Win32,58.82352941,6658b23d243aa8c198969e40,6672e93b03029310057e1c76,66731762b05295a5a9ca4acc,,,,,,,,,,,,,,,,,,,,,,,,,,,,,,,,,,,,,,,,,,5,,,,,,,,,,,,,1,,,,,,,,,,,,,,,,,,,,,,,,,,,,,,,k,0.039,,space,0.132,,1,blue_gnome,1,2,dark_forest,yellow_basket,orange_gnome,1,3,bright_forest,red_basket,15,0,0,1,orange_gnome,bright_forest,red_basket,3371,3,5,30,1,241,4,1,,,,,,,,,,,,,,,,,,,,,,,,,,,,,,,,,,,,,,,,,,,,,,,,,,,,,,,,,,,,,,,,,,,,,,,,,,,,
,,,,,,,,,,,,,,,,,,,,,,,,,,,,,,,,,,,,,,,,,,,,,,,,,,,,,,,,,,,,,,,,,528492,001,2024-06-19_18h39.00.320,experiment,2023.2.3,Win32,58.82352941,6658b23d243aa8c198969e40,6672e93b03029310057e1c76,66731762b05295a5a9ca4acc,,,,,,,,,,,,,,,,,,,,,,,,,,,,,,,,,,,,,,,,,,5,,,,,,,,,,,,,2,,,,,,,,,,,,,,,,,,,,,,,,,,,,,,,k,0.195,,space,0.217,,2,red_gnome,2,7,dark_forest,yellow_basket,yellow_gnome,2,6,bright_forest,red_basket,30,0,0,1,yellow_gnome,bright_forest,red_basket,3401,-1,0,30,2,242,5,1,,,,,,,,,,,,,,,,,,,,,,,,,,,,,,,,,,,,,,,,,,,,,,,,,,,,,,,,,,,,,,,,,,,,,,,,,,,,
,,,,,,,,,,,,,,,,,,,,,,,,,,,,,,,,,,,,,,,,,,,,,,,,,,,,,,,,,,,,,,,,,528492,001,2024-06-19_18h39.00.320,experiment,2023.2.3,Win32,58.82352941,6658b23d243aa8c198969e40,6672e93b03029310057e1c76,66731762b05295a5a9ca4acc,,,,,,,,,,,,,,,,,,,,,,,,,,,,,,,,,,,,,,,,,,5,,,,,,,,,,,,,2,,,,,,,,,,,,,,,,,,,,,,,,,,,,,,,k,0.064,,space,0.198,,2,yellow_gnome,2,5,bright_forest,red_basket,red_gnome,2,7,dark_forest,yellow_basket,35,0,0,1,red_gnome,dark_forest,yellow_basket,3436,-1,-1,30,3,243,5,1,,,,,,,,,,,,,,,,,,,,,,,,,,,,,,,,,,,,,,,,,,,,,,,,,,,,,,,,,,,,,,,,,,,,,,,,,,,,
,,,,,,,,,,,,,,,,,,,,,,,,,,,,,,,,,,,,,,,,,,,,,,,,,,,,,,,,,,,,,,,,,528492,001,2024-06-19_18h39.00.320,experiment,2023.2.3,Win32,58.82352941,6658b23d243aa8c198969e40,6672e93b03029310057e1c76,66731762b05295a5a9ca4acc,,,,,,,,,,,,,,,,,,,,,,,,,,,,,,,,,,,,,,,,,,1,,,,,,,,,,,,,3,,,,,,,,,,,,,,,,,,,,,,,,,,,,,,,k,0.067,,space,0.167,,3,green_gnome,3,4,bright_forest,red_basket,pink_gnome,3,6,dark_forest,yellow_basket,6,0,0,1,pink_gnome,dark_forest,yellow_basket,3442,-1,-1,30,4,244,2,1,,,,,,,,,,,,,,,,,,,,,,,,,,,,,,,,,,,,,,,,,,,,,,,,,,,,,,,,,,,,,,,,,,,,,,,,,,,,
,,,,,,,,,,,,,,,,,,,,,,,,,,,,,,,,,,,,,,,,,,,,,,,,,,,,,,,,,,,,,,,,,528492,001,2024-06-19_18h39.00.320,experiment,2023.2.3,Win32,58.82352941,6658b23d243aa8c198969e40,6672e93b03029310057e1c76,66731762b05295a5a9ca4acc,,,,,,,,,,,,,,,,,,,,,,,,,,,,,,,,,,,,,,,,,,1,,,,,,,,,,,,,4,,,,,,,,,,,,,,,,,,,,,,,,,,,,,,,k,0.068,,space,0.039,,4,purple_gnome,4,5,dark_forest,yellow_basket,brown_gnome,4,3,bright_forest,red_basket,3,0,0,1,brown_gnome,bright_forest,red_basket,3445,1,1,30,5,245,3,1,,,,,,,,,,,,,,,,,,,,,,,,,,,,,,,,,,,,,,,,,,,,,,,,,,,,,,,,,,,,,,,,,,,,,,,,,,,,
,,,,,,,,,,,,,,,,,,,,,,,,,,,,,,,,,,,,,,,,,,,,,,,,,,,,,,,,,,,,,,,,,528492,001,2024-06-19_18h39.00.320,experiment,2023.2.3,Win32,58.82352941,6658b23d243aa8c198969e40,6672e93b03029310057e1c76,66731762b05295a5a9ca4acc,,,,,,,,,,,,,,,,,,,,,,,,,,,,,,,,,,,,,,,,,,1,,,,,,,,,,,,,3,,,,,,,,,,,,,,,,,,,,,,,,,,,,,,,k,0.018,,space,0.226,,3,pink_gnome,3,6,dark_forest,yellow_basket,green_gnome,3,4,bright_forest,red_basket,4,0,0,1,green_gnome,bright_forest,red_basket,3449,4,-4,30,6,246,2,1,,,,,,,,,,,,,,,,,,,,,,,,,,,,,,,,,,,,,,,,,,,,,,,,,,,,,,,,,,,,,,,,,,,,,,,,,,,,
,,,,,,,,,,,,,,,,,,,,,,,,,,,,,,,,,,,,,,,,,,,,,,,,,,,,,,,,,,,,,,,,,528492,001,2024-06-19_18h39.00.320,experiment,2023.2.3,Win32,58.82352941,6658b23d243aa8c198969e40,6672e93b03029310057e1c76,66731762b05295a5a9ca4acc,,,,,,,,,,,,,,,,,,,,,,,,,,,,,,,,,,,,,,,,,,1,,,,,,,,,,,,,2,,,,,,,,,,,,,,,,,,,,,,,,,,,,,,,k,0.171,,space,0.049,,2,red_gnome,2,2,dark_forest,yellow_basket,yellow_gnome,2,8,bright_forest,red_basket,8,0,0,1,yellow_gnome,bright_forest,red_basket,3457,-7,-1,30,7,247,1,1,,,,,,,,,,,,,,,,,,,,,,,,,,,,,,,,,,,,,,,,,,,,,,,,,,,,,,,,,,,,,,,,,,,,,,,,,,,,
,,,,,,,,,,,,,,,,,,,,,,,,,,,,,,,,,,,,,,,,,,,,,,,,,,,,,,,,,,,,,,,,,528492,001,2024-06-19_18h39.00.320,experiment,2023.2.3,Win32,58.82352941,6658b23d243aa8c198969e40,6672e93b03029310057e1c76,66731762b05295a5a9ca4acc,,,,,,,,,,,,,,,,,,,,,,,,,,,,,,,,,,,,,,,,,,5,,,,,,,,,,,,,4,,,,,,,,,,,,,,,,,,,,,,,,,,,,,,,k,0.072,,space,0.022,,4,brown_gnome,4,1,bright_forest,red_basket,purple_gnome,4,1,dark_forest,yellow_basket,5,0,0,1,purple_gnome,dark_forest,yellow_basket,3462,-1,0,31,0,248,7,1,,,,,,,,,,,,,,,,,,,,,,,,,,,,,,,,,,,,,,,,,,,,,,,,,,,,,,,,,,,,,,,,,,,,,,,,,,,,
,,,,,,,,,,,,,,,,,,,,,,,,,,,,,,,,,,,,,,,,,,,,,,,,,,,,,,,,,,,,,,,,,528492,001,2024-06-19_18h39.00.320,experiment,2023.2.3,Win32,58.82352941,6658b23d243aa8c198969e40,6672e93b03029310057e1c76,66731762b05295a5a9ca4acc,,,,,,,,,,,,,,,,,,,,,,,,,,,,,,,,,,,,,,,,,,5,,,,,,,,,,,,,3,,,,,,,,,,,,,,,,,,,,,,,,,,,,,,,k,0.231,,space,0.134,,3,green_gnome,3,0,bright_forest,red_basket,pink_gnome,3,1,dark_forest,yellow_basket,5,0,0,1,pink_gnome,dark_forest,yellow_basket,3467,-4,-1,31,1,249,6,1,,,,,,,,,,,,,,,,,,,,,,,,,,,,,,,,,,,,,,,,,,,,,,,,,,,,,,,,,,,,,,,,,,,,,,,,,,,,
,,,,,,,,,,,,,,,,,,,,,,,,,,,,,,,,,,,,,,,,,,,,,,,,,,,,,,,,,,,,,,,,,528492,001,2024-06-19_18h39.00.320,experiment,2023.2.3,Win32,58.82352941,6658b23d243aa8c198969e40,6672e93b03029310057e1c76,66731762b05295a5a9ca4acc,,,,,,,,,,,,,,,,,,,,,,,,,,,,,,,,,,,,,,,,,,1,,,,,,,,,,,,,1,,,,,,,,,,,,,,,,,,,,,,,,,,,,,,,k,0.165,,space,0.165,,1,blue_gnome,1,0,dark_forest,yellow_basket,orange_gnome,1,4,bright_forest,red_basket,4,0,0,1,orange_gnome,bright_forest,red_basket,3471,1,3,31,2,250,0,1,,,,,,,,,,,,,,,,,,,,,,,,,,,,,,,,,,,,,,,,,,,,,,,,,,,,,,,,,,,,,,,,,,,,,,,,,,,,
,,,,,,,,,,,,,,,,,,,,,,,,,,,,,,,,,,,,,,,,,,,,,,,,,,,,,,,,,,,,,,,,,528492,001,2024-06-19_18h39.00.320,experiment,2023.2.3,Win32,58.82352941,6658b23d243aa8c198969e40,6672e93b03029310057e1c76,66731762b05295a5a9ca4acc,,,,,,,,,,,,,,,,,,,,,,,,,,,,,,,,,,,,,,,,,,1,,,,,,,,,,,,,2,,,,,,,,,,,,,,,,,,,,,,,,,,,,,,,k,0.162,,space,0.148,,2,yellow_gnome,2,5,bright_forest,red_basket,red_gnome,2,3,dark_forest,yellow_basket,3,0,0,1,red_gnome,dark_forest,yellow_basket,3474,0,0,31,3,251,1,1,,,,,,,,,,,,,,,,,,,,,,,,,,,,,,,,,,,,,,,,,,,,,,,,,,,,,,,,,,,,,,,,,,,,,,,,,,,,
,,,,,,,,,,,,,,,,,,,,,,,,,,,,,,,,,,,,,,,,,,,,,,,,,,,,,,,,,,,,,,,,,528492,001,2024-06-19_18h39.00.320,experiment,2023.2.3,Win32,58.82352941,6658b23d243aa8c198969e40,6672e93b03029310057e1c76,66731762b05295a5a9ca4acc,,,,,,,,,,,,,,,,,,,,,,,,,,,,,,,,,,,,,,,,,,1,,,,,,,,,,,,,1,,,,,,,,,,,,,,,,,,,,,,,,,,,,,,,k,0.211,,space,0.166,,1,orange_gnome,1,5,bright_forest,red_basket,blue_gnome,1,3,dark_forest,yellow_basket,3,0,0,1,blue_gnome,dark_forest,yellow_basket,3477,1,5,31,4,252,0,1,,,,,,,,,,,,,,,,,,,,,,,,,,,,,,,,,,,,,,,,,,,,,,,,,,,,,,,,,,,,,,,,,,,,,,,,,,,,
,,,,,,,,,,,,,,,,,,,,,,,,,,,,,,,,,,,,,,,,,,,,,,,,,,,,,,,,,,,,,,,,,528492,001,2024-06-19_18h39.00.320,experiment,2023.2.3,Win32,58.82352941,6658b23d243aa8c198969e40,6672e93b03029310057e1c76,66731762b05295a5a9ca4acc,,,,,,,,,,,,,,,,,,,,,,,,,,,,,,,,,,,,,,,,,,1,,,,,,,,,,,,,3,,,,,,,,,,,,,,,,,,,,,,,,,,,,,,,k,0.234,,space,0.034,,3,pink_gnome,3,8,dark_forest,yellow_basket,green_gnome,3,6,bright_forest,red_basket,6,0,0,1,green_gnome,bright_forest,red_basket,3483,-2,-1,31,5,253,2,1,,,,,,,,,,,,,,,,,,,,,,,,,,,,,,,,,,,,,,,,,,,,,,,,,,,,,,,,,,,,,,,,,,,,,,,,,,,,
,,,,,,,,,,,,,,,,,,,,,,,,,,,,,,,,,,,,,,,,,,,,,,,,,,,,,,,,,,,,,,,,,528492,001,2024-06-19_18h39.00.320,experiment,2023.2.3,Win32,58.82352941,6658b23d243aa8c198969e40,6672e93b03029310057e1c76,66731762b05295a5a9ca4acc,,,,,,,,,,,,,,,,,,,,,,,,,,,,,,,,,,,,,,,,,,5,,,,,,,,,,,,,1,,,,,,,,,,,,,,,,,,,,,,,,,,,,,,,k,0.021,,space,0.045,,1,orange_gnome,1,4,bright_forest,red_basket,blue_gnome,1,7,dark_forest,yellow_basket,35,0,0,1,blue_gnome,dark_forest,yellow_basket,3518,1,2,31,6,254,4,1,,,,,,,,,,,,,,,,,,,,,,,,,,,,,,,,,,,,,,,,,,,,,,,,,,,,,,,,,,,,,,,,,,,,,,,,,,,,
,,,,,,,,,,,,,,,,,,,,,,,,,,,,,,,,,,,,,,,,,,,,,,,,,,,,,,,,,,,,,,,,,528492,001,2024-06-19_18h39.00.320,experiment,2023.2.3,Win32,58.82352941,6658b23d243aa8c198969e40,6672e93b03029310057e1c76,66731762b05295a5a9ca4acc,,,,,,,,,,,,,,,,,,,,,,,,,,,,,,,,,,,,,,,,,,5,,,,,,,,,,,,,2,,,,,,,,,,,,,,,,,,,,,,,,,,,,,,,k,0.051,,space,0.167,,2,red_gnome,2,9,dark_forest,yellow_basket,yellow_gnome,2,5,bright_forest,red_basket,25,0,0,1,yellow_gnome,bright_forest,red_basket,3543,4,-1,31,7,255,5,1,,,,,,,,,,,,,,,,,,,,,,,,,,,,,,,,,,,,,,,,,,,,,,,,,,,,,,,,,,,,,,,,,,,,,,,,,,,,
,,,,,,,,,,,,,,,,,,,,,,,,,,,,,,,,,,,,,,,,,,,,,,,,,,,,,,,,,,,,,,,,,528492,001,2024-06-19_18h39.00.320,experiment,2023.2.3,Win32,58.82352941,6658b23d243aa8c198969e40,6672e93b03029310057e1c76,66731762b05295a5a9ca4acc,,,,,,,,,,,,,,,,,,,,,,,,,,,,,,,,,,,,,,,,,,,,,,,,,,,,,,,,,,,,,,,,,,2535.441,2638.569,0.707638889,-0.336111111,1,0,0,103.127,t_advice_finished_typing_rect,,,,,,,,,,,,,,,,,,,,,,,,,,,,,,,,,,,,,,,,,,,,,,,space,0.202,,space,0.198,,space,5.623,,the points are generated before you click anything just make sure you click fast enough so you are in time,0.065972222,0.050694444,1,0,0,1.398,vb_finished_typing_rect,space,4.453,,space,16.934,,space,4.842,,space,2.503,,9.930555556,4.659,20.97222222,6.145,space,7.294,,brown_gnome,red_gnome,0,0,0,4,1,0,5,,,,,,,,,,,,,,,,,,,,,,,,,,,,
,,,,,,,,,,,,,,,,,,,,,,,,,,,,,,,,,,,,,,,,,,,,,,,,,,,,,,,,,,,,,,,,,528492,001,2024-06-19_18h39.00.320,experiment,2023.2.3,Win32,58.82352941,6658b23d243aa8c198969e40,6672e93b03029310057e1c76,66731762b05295a5a9ca4acc,,,,,,,,,,,,,,,,,,,,,,,,,,,,,,,,,,,,,,,,,,,,,,,,,,,,,,,,,,,,,,,,,,,,,,,,,,,,,,,,,,,,,,,,,,,,,,,,,,,,,,,,,,,,,,,,,,,,,,,,,,,,,,,,,,,,,,,,,,,,,,,,,,,,,,69.58333333,3.436,60.625,4.74,space,4.472,,brown_gnome,yellow_gnome,0,1,1,5,1,0,6,,,,,,,,,,,,,,,,,,,,,,,,,,,,
,,,,,,,,,,,,,,,,,,,,,,,,,,,,,,,,,,,,,,,,,,,,,,,,,,,,,,,,,,,,,,,,,528492,001,2024-06-19_18h39.00.320,experiment,2023.2.3,Win32,58.82352941,6658b23d243aa8c198969e40,6672e93b03029310057e1c76,66731762b05295a5a9ca4acc,,,,,,,,,,,,,,,,,,,,,,,,,,,,,,,,,,,,,,,,,,,,,,,,,,,,,,,,,,,,,,,,,,,,,,,,,,,,,,,,,,,,,,,,,,,,,,,,,,,,,,,,,,,,,,,,,,,,,,,,,,,,,,,,,,,,,,,,,,,,,,,,,,,,,,7.777777778,3.105,19.09722222,3.673,space,3.524,,brown_gnome,blue_gnome,0,2,2,2,1,0,3,,,,,,,,,,,,,,,,,,,,,,,,,,,,
,,,,,,,,,,,,,,,,,,,,,,,,,,,,,,,,,,,,,,,,,,,,,,,,,,,,,,,,,,,,,,,,,528492,001,2024-06-19_18h39.00.320,experiment,2023.2.3,Win32,58.82352941,6658b23d243aa8c198969e40,6672e93b03029310057e1c76,66731762b05295a5a9ca4acc,,,,,,,,,,,,,,,,,,,,,,,,,,,,,,,,,,,,,,,,,,,,,,,,,,,,,,,,,,,,,,,,,,,,,,,,,,,,,,,,,,,,,,,,,,,,,,,,,,,,,,,,,,,,,,,,,,,,,,,,,,,,,,,,,,,,,,,,,,,,,,,,,,,,,,22.15277778,2.337,30.20833333,2.788,space,2.522,,brown_gnome,green_gnome,0,3,3,3,1,0,4,,,,,,,,,,,,,,,,,,,,,,,,,,,,
,,,,,,,,,,,,,,,,,,,,,,,,,,,,,,,,,,,,,,,,,,,,,,,,,,,,,,,,,,,,,,,,,528492,001,2024-06-19_18h39.00.320,experiment,2023.2.3,Win32,58.82352941,6658b23d243aa8c198969e40,6672e93b03029310057e1c76,66731762b05295a5a9ca4acc,,,,,,,,,,,,,,,,,,,,,,,,,,,,,,,,,,,,,,,,,,,,,,,,,,,,,,,,,,,,,,,,,,,,,,,,,,,,,,,,,,,,,,,,,,,,,,,,,,,,,,,,,,,,,,,,,,,,,,,,,,,,,,,,,,,,,,,,,,,,,,,,,,,,,,33.47222222,2.22,13.54166667,3.169,space,2.988,,pink_gnome,blue_gnome,0,4,4,13,1,2,3,,,,,,,,,,,,,,,,,,,,,,,,,,,,
,,,,,,,,,,,,,,,,,,,,,,,,,,,,,,,,,,,,,,,,,,,,,,,,,,,,,,,,,,,,,,,,,528492,001,2024-06-19_18h39.00.320,experiment,2023.2.3,Win32,58.82352941,6658b23d243aa8c198969e40,6672e93b03029310057e1c76,66731762b05295a5a9ca4acc,,,,,,,,,,,,,,,,,,,,,,,,,,,,,,,,,,,,,,,,,,,,,,,,,,,,,,,,,,,,,,,,,,,,,,,,,,,,,,,,,,,,,,,,,,,,,,,,,,,,,,,,,,,,,,,,,,,,,,,,,,,,,,,,,,,,,,,,,,,,,,,,,,,,,,84.44444444,2.483,71.59722222,3.351,space,3.086,,orange_gnome,blue_gnome,0,5,5,21,1,3,7,,,,,,,,,,,,,,,,,,,,,,,,,,,,
,,,,,,,,,,,,,,,,,,,,,,,,,,,,,,,,,,,,,,,,,,,,,,,,,,,,,,,,,,,,,,,,,528492,001,2024-06-19_18h39.00.320,experiment,2023.2.3,Win32,58.82352941,6658b23d243aa8c198969e40,6672e93b03029310057e1c76,66731762b05295a5a9ca4acc,,,,,,,,,,,,,,,,,,,,,,,,,,,,,,,,,,,,,,,,,,,,,,,,,,,,,,,,,,,,,,,,,,,,,,,,,,,,,,,,,,,,,,,,,,,,,,,,,,,,,,,,,,,,,,,,,,,,,,,,,,,,,,,,,,,,,,,,,,,,,,,,,,,,,,6.041666667,6.228,64.02777778,5.444,space,5.978,,pink_gnome,purple_gnome,0,6,6,7,1,1,2,,,,,,,,,,,,,,,,,,,,,,,,,,,,
,,,,,,,,,,,,,,,,,,,,,,,,,,,,,,,,,,,,,,,,,,,,,,,,,,,,,,,,,,,,,,,,,528492,001,2024-06-19_18h39.00.320,experiment,2023.2.3,Win32,58.82352941,6658b23d243aa8c198969e40,6672e93b03029310057e1c76,66731762b05295a5a9ca4acc,,,,,,,,,,,,,,,,,,,,,,,,,,,,,,,,,,,,,,,,,,,,,,,,,,,,,,,,,,,,,,,,,,,,,,,,,,,,,,,,,,,,,,,,,,,,,,,,,,,,,,,,,,,,,,,,,,,,,,,,,,,,,,,,,,,,,,,,,,,,,,,,,,,,,,,,,,space,4.025,,yellow_gnome,orange_gnome,0,7,7,27,1,6,7,,,,,,,,,,,,,,,,,,,,,,,,,,,,
,,,,,,,,,,,,,,,,,,,,,,,,,,,,,,,,,,,,,,,,,,,,,,,,,,,,,,,,,,,,,,,,,528492,001,2024-06-19_18h39.00.320,experiment,2023.2.3,Win32,58.82352941,6658b23d243aa8c198969e40,6672e93b03029310057e1c76,66731762b05295a5a9ca4acc,,,,,,,,,,,,,,,,,,,,,,,,,,,,,,,,,,,,,,,,,,,,,,,,,,,,,,,,,,,,,,,,,,,,,,,,,,,,,,,,,,,,,,,,,,,,,,,,,,,,,,,,,,,,,,,,,,,,,,,,,,,,,,,,,,,,,,,,,,,,,,,,,,,,,,38.54166667,1.181,26.875,2.25,space,1.971,,yellow_gnome,red_gnome,0,8,8,25,1,5,6,,,,,,,,,,,,,,,,,,,,,,,,,,,,
,,,,,,,,,,,,,,,,,,,,,,,,,,,,,,,,,,,,,,,,,,,,,,,,,,,,,,,,,,,,,,,,,528492,001,2024-06-19_18h39.00.320,experiment,2023.2.3,Win32,58.82352941,6658b23d243aa8c198969e40,6672e93b03029310057e1c76,66731762b05295a5a9ca4acc,,,,,,,,,,,,,,,,,,,,,,,,,,,,,,,,,,,,,,,,,,,,,,,,,,,,,,,,,,,,,,,,,,,,,,,,,,,,,,,,,,,,,,,,,,,,,,,,,,,,,,,,,,,,,,,,,,,,,,,,,,,,,,,,,,,,,,,,,,,,,,,,,,,,,,59.44444444,1.285,17.15277778,2.339,space,2.053,,yellow_gnome,pink_gnome,0,9,9,16,1,2,6,,,,,,,,,,,,,,,,,,,,,,,,,,,,
,,,,,,,,,,,,,,,,,,,,,,,,,,,,,,,,,,,,,,,,,,,,,,,,,,,,,,,,,,,,,,,,,528492,001,2024-06-19_18h39.00.320,experiment,2023.2.3,Win32,58.82352941,6658b23d243aa8c198969e40,6672e93b03029310057e1c76,66731762b05295a5a9ca4acc,,,,,,,,,,,,,,,,,,,,,,,,,,,,,,,,,,,,,,,,,,,,,,,,,,,,,,,,,,,,,,,,,,,,,,,,,,,,,,,,,,,,,,,,,,,,,,,,,,,,,,,,,,,,,,,,,,,,,,,,,,,,,,,,,,,,,,,,,,,,,,,,,,,,,,62.91666667,1.301,27.43055556,1.92,space,1.719,,pink_gnome,green_gnome,0,10,10,14,1,2,4,,,,,,,,,,,,,,,,,,,,,,,,,,,,
,,,,,,,,,,,,,,,,,,,,,,,,,,,,,,,,,,,,,,,,,,,,,,,,,,,,,,,,,,,,,,,,,528492,001,2024-06-19_18h39.00.320,experiment,2023.2.3,Win32,58.82352941,6658b23d243aa8c198969e40,6672e93b03029310057e1c76,66731762b05295a5a9ca4acc,,,,,,,,,,,,,,,,,,,,,,,,,,,,,,,,,,,,,,,,,,,,,,,,,,,,,,,,,,,,,,,,,,,,,,,,,,,,,,,,,,,,,,,,,,,,,,,,,,,,,,,,,,,,,,,,,,,,,,,,,,,,,,,,,,,,,,,,,,,,,,,,,,,,,,40.34722222,1.084,65.20833333,1.685,space,1.386,,purple_gnome,orange_gnome,0,11,11,12,1,1,7,,,,,,,,,,,,,,,,,,,,,,,,,,,,
,,,,,,,,,,,,,,,,,,,,,,,,,,,,,,,,,,,,,,,,,,,,,,,,,,,,,,,,,,,,,,,,,528492,001,2024-06-19_18h39.00.320,experiment,2023.2.3,Win32,58.82352941,6658b23d243aa8c198969e40,6672e93b03029310057e1c76,66731762b05295a5a9ca4acc,,,,,,,,,,,,,,,,,,,,,,,,,,,,,,,,,,,,,,,,,,,,,,,,,,,,,,,,,,,,,,,,,,,,,,,,,,,,,,,,,,,,,,,,,,,,,,,,,,,,,,,,,,,,,,,,,,,,,,,,,,,,,,,,,,,,,,,,,,,,,,,,,,,,,,36.52777778,1.03,31.52777778,1.414,space,1.082,,red_gnome,orange_gnome,0,12,12,26,1,5,7,,,,,,,,,,,,,,,,,,,,,,,,,,,,
,,,,,,,,,,,,,,,,,,,,,,,,,,,,,,,,,,,,,,,,,,,,,,,,,,,,,,,,,,,,,,,,,528492,001,2024-06-19_18h39.00.320,experiment,2023.2.3,Win32,58.82352941,6658b23d243aa8c198969e40,6672e93b03029310057e1c76,66731762b05295a5a9ca4acc,,,,,,,,,,,,,,,,,,,,,,,,,,,,,,,,,,,,,,,,,,,,,,,,,,,,,,,,,,,,,,,,,,,,,,,,,,,,,,,,,,,,,,,,,,,,,,,,,,,,,,,,,,,,,,,,,,,,,,,,,,,,,,,,,,,,,,,,,,,,,,,,,,,,,,24.79166667,2.286,65.90277778,1.418,space,2.17,,brown_gnome,orange_gnome,0,13,13,6,1,0,7,,,,,,,,,,,,,,,,,,,,,,,,,,,,
,,,,,,,,,,,,,,,,,,,,,,,,,,,,,,,,,,,,,,,,,,,,,,,,,,,,,,,,,,,,,,,,,528492,001,2024-06-19_18h39.00.320,experiment,2023.2.3,Win32,58.82352941,6658b23d243aa8c198969e40,6672e93b03029310057e1c76,66731762b05295a5a9ca4acc,,,,,,,,,,,,,,,,,,,,,,,,,,,,,,,,,,,,,,,,,,,,,,,,,,,,,,,,,,,,,,,,,,,,,,,,,,,,,,,,,,,,,,,,,,,,,,,,,,,,,,,,,,,,,,,,,,,,,,,,,,,,,,,,,,,,,,,,,,,,,,,,,,,,,,27.84722222,1.352,66.31944444,2.137,space,1.837,,blue_gnome,green_gnome,0,14,14,18,1,3,4,,,,,,,,,,,,,,,,,,,,,,,,,,,,
,,,,,,,,,,,,,,,,,,,,,,,,,,,,,,,,,,,,,,,,,,,,,,,,,,,,,,,,,,,,,,,,,528492,001,2024-06-19_18h39.00.320,experiment,2023.2.3,Win32,58.82352941,6658b23d243aa8c198969e40,6672e93b03029310057e1c76,66731762b05295a5a9ca4acc,,,,,,,,,,,,,,,,,,,,,,,,,,,,,,,,,,,,,,,,,,,,,,,,,,,,,,,,,,,,,,,,,,,,,,,,,,,,,,,,,,,,,,,,,,,,,,,,,,,,,,,,,,,,,,,,,,,,,,,,,,,,,,,,,,,,,,,,,,,,,,,,,,,,,,66.59722222,0.984,20.83333333,1.853,space,1.587,,yellow_gnome,blue_gnome,0,15,15,20,1,3,6,,,,,,,,,,,,,,,,,,,,,,,,,,,,
,,,,,,,,,,,,,,,,,,,,,,,,,,,,,,,,,,,,,,,,,,,,,,,,,,,,,,,,,,,,,,,,,528492,001,2024-06-19_18h39.00.320,experiment,2023.2.3,Win32,58.82352941,6658b23d243aa8c198969e40,6672e93b03029310057e1c76,66731762b05295a5a9ca4acc,,,,,,,,,,,,,,,,,,,,,,,,,,,,,,,,,,,,,,,,,,,,,,,,,,,,,,,,,,,,,,,,,,,,,,,,,,,,,,,,,,,,,,,,,,,,,,,,,,,,,,,,,,,,,,,,,,,,,,,,,,,,,,,,,,,,,,,,,,,,,,,,,,,,,,41.38888889,1.136,58.47222222,1.651,space,1.434,,green_gnome,red_gnome,0,16,16,22,1,4,5,,,,,,,,,,,,,,,,,,,,,,,,,,,,
,,,,,,,,,,,,,,,,,,,,,,,,,,,,,,,,,,,,,,,,,,,,,,,,,,,,,,,,,,,,,,,,,528492,001,2024-06-19_18h39.00.320,experiment,2023.2.3,Win32,58.82352941,6658b23d243aa8c198969e40,6672e93b03029310057e1c76,66731762b05295a5a9ca4acc,,,,,,,,,,,,,,,,,,,,,,,,,,,,,,,,,,,,,,,,,,,,,,,,,,,,,,,,,,,,,,,,,,,,,,,,,,,,,,,,,,,,,,,,,,,,,,,,,,,,,,,,,,,,,,,,,,,,,,,,,,,,,,,,,,,,,,,,,,,,,,,,,,,,,,30.97222222,1.052,28.47222222,1.453,space,1.135,,purple_gnome,brown_gnome,0,17,17,0,1,0,1,,,,,,,,,,,,,,,,,,,,,,,,,,,,
,,,,,,,,,,,,,,,,,,,,,,,,,,,,,,,,,,,,,,,,,,,,,,,,,,,,,,,,,,,,,,,,,528492,001,2024-06-19_18h39.00.320,experiment,2023.2.3,Win32,58.82352941,6658b23d243aa8c198969e40,6672e93b03029310057e1c76,66731762b05295a5a9ca4acc,,,,,,,,,,,,,,,,,,,,,,,,,,,,,,,,,,,,,,,,,,,,,,,,,,,,,,,,,,,,,,,,,,,,,,,,,,,,,,,,,,,,,,,,,,,,,,,,,,,,,,,,,,,,,,,,,,,,,,,,,,,,,,,,,,,,,,,,,,,,,,,,,,,,,,65.625,1.069,24.58333333,1.519,space,1.234,,green_gnome,orange_gnome,0,18,18,24,1,4,7,,,,,,,,,,,,,,,,,,,,,,,,,,,,
,,,,,,,,,,,,,,,,,,,,,,,,,,,,,,,,,,,,,,,,,,,,,,,,,,,,,,,,,,,,,,,,,528492,001,2024-06-19_18h39.00.320,experiment,2023.2.3,Win32,58.82352941,6658b23d243aa8c198969e40,6672e93b03029310057e1c76,66731762b05295a5a9ca4acc,,,,,,,,,,,,,,,,,,,,,,,,,,,,,,,,,,,,,,,,,,,,,,,,,,,,,,,,,,,,,,,,,,,,,,,,,,,,,,,,,,,,,,,,,,,,,,,,,,,,,,,,,,,,,,,,,,,,,,,,,,,,,,,,,,,,,,,,,,,,,,,,,,,,,,35.41666667,1.151,56.25,1.903,space,1.502,,pink_gnome,orange_gnome,0,19,19,17,1,2,7,,,,,,,,,,,,,,,,,,,,,,,,,,,,
,,,,,,,,,,,,,,,,,,,,,,,,,,,,,,,,,,,,,,,,,,,,,,,,,,,,,,,,,,,,,,,,,528492,001,2024-06-19_18h39.00.320,experiment,2023.2.3,Win32,58.82352941,6658b23d243aa8c198969e40,6672e93b03029310057e1c76,66731762b05295a5a9ca4acc,,,,,,,,,,,,,,,,,,,,,,,,,,,,,,,,,,,,,,,,,,,,,,,,,,,,,,,,,,,,,,,,,,,,,,,,,,,,,,,,,,,,,,,,,,,,,,,,,,,,,,,,,,,,,,,,,,,,,,,,,,,,,,,,,,,,,,,,,,,,,,,,,,,,,,64.02777778,2.187,58.19444444,2.587,space,2.354,,red_gnome,blue_gnome,0,20,20,19,1,3,5,,,,,,,,,,,,,,,,,,,,,,,,,,,,
,,,,,,,,,,,,,,,,,,,,,,,,,,,,,,,,,,,,,,,,,,,,,,,,,,,,,,,,,,,,,,,,,528492,001,2024-06-19_18h39.00.320,experiment,2023.2.3,Win32,58.82352941,6658b23d243aa8c198969e40,6672e93b03029310057e1c76,66731762b05295a5a9ca4acc,,,,,,,,,,,,,,,,,,,,,,,,,,,,,,,,,,,,,,,,,,,,,,,,,,,,,,,,,,,,,,,,,,,,,,,,,,,,,,,,,,,,,,,,,,,,,,,,,,,,,,,,,,,,,,,,,,,,,,,,,,,,,,,,,,,,,,,,,,,,,,,,,,,,,,60.97222222,1.002,61.31944444,1.352,space,1.085,,yellow_gnome,purple_gnome,0,21,21,11,1,1,6,,,,,,,,,,,,,,,,,,,,,,,,,,,,
,,,,,,,,,,,,,,,,,,,,,,,,,,,,,,,,,,,,,,,,,,,,,,,,,,,,,,,,,,,,,,,,,528492,001,2024-06-19_18h39.00.320,experiment,2023.2.3,Win32,58.82352941,6658b23d243aa8c198969e40,6672e93b03029310057e1c76,66731762b05295a5a9ca4acc,,,,,,,,,,,,,,,,,,,,,,,,,,,,,,,,,,,,,,,,,,,,,,,,,,,,,,,,,,,,,,,,,,,,,,,,,,,,,,,,,,,,,,,,,,,,,,,,,,,,,,,,,,,,,,,,,,,,,,,,,,,,,,,,,,,,,,,,,,,,,,,,,,,,,,65.48611111,1.367,67.01388889,1.852,space,1.586,,green_gnome,yellow_gnome,0,22,22,23,1,4,6,,,,,,,,,,,,,,,,,,,,,,,,,,,,
,,,,,,,,,,,,,,,,,,,,,,,,,,,,,,,,,,,,,,,,,,,,,,,,,,,,,,,,,,,,,,,,,528492,001,2024-06-19_18h39.00.320,experiment,2023.2.3,Win32,58.82352941,6658b23d243aa8c198969e40,6672e93b03029310057e1c76,66731762b05295a5a9ca4acc,,,,,,,,,,,,,,,,,,,,,,,,,,,,,,,,,,,,,,,,,,,,,,,,,,,,,,,,,,,,,,,,,,,,,,,,,,,,,,,,,,,,,,,,,,,,,,,,,,,,,,,,,,,,,,,,,,,,,,,,,,,,,,,,,,,,,,,,,,,,,,,,,,,,,,59.02777778,1.001,57.43055556,1.84,space,1.503,,red_gnome,purple_gnome,0,23,23,10,1,1,5,,,,,,,,,,,,,,,,,,,,,,,,,,,,
,,,,,,,,,,,,,,,,,,,,,,,,,,,,,,,,,,,,,,,,,,,,,,,,,,,,,,,,,,,,,,,,,528492,001,2024-06-19_18h39.00.320,experiment,2023.2.3,Win32,58.82352941,6658b23d243aa8c198969e40,6672e93b03029310057e1c76,66731762b05295a5a9ca4acc,,,,,,,,,,,,,,,,,,,,,,,,,,,,,,,,,,,,,,,,,,,,,,,,,,,,,,,,,,,,,,,,,,,,,,,,,,,,,,,,,,,,,,,,,,,,,,,,,,,,,,,,,,,,,,,,,,,,,,,,,,,,,,,,,,,,,,,,,,,,,,,,,,,,,,38.68055556,1.035,66.94444444,1.57,space,1.25,,red_gnome,pink_gnome,0,24,24,15,1,2,5,,,,,,,,,,,,,,,,,,,,,,,,,,,,
,,,,,,,,,,,,,,,,,,,,,,,,,,,,,,,,,,,,,,,,,,,,,,,,,,,,,,,,,,,,,,,,,528492,001,2024-06-19_18h39.00.320,experiment,2023.2.3,Win32,58.82352941,6658b23d243aa8c198969e40,6672e93b03029310057e1c76,66731762b05295a5a9ca4acc,,,,,,,,,,,,,,,,,,,,,,,,,,,,,,,,,,,,,,,,,,,,,,,,,,,,,,,,,,,,,,,,,,,,,,,,,,,,,,,,,,,,,,,,,,,,,,,,,,,,,,,,,,,,,,,,,,,,,,,,,,,,,,,,,,,,,,,,,,,,,,,,,,,,,,31.25,1.136,43.125,1.837,space,1.636,,blue_gnome,purple_gnome,0,25,25,8,1,1,3,,,,,,,,,,,,,,,,,,,,,,,,,,,,
,,,,,,,,,,,,,,,,,,,,,,,,,,,,,,,,,,,,,,,,,,,,,,,,,,,,,,,,,,,,,,,,,528492,001,2024-06-19_18h39.00.320,experiment,2023.2.3,Win32,58.82352941,6658b23d243aa8c198969e40,6672e93b03029310057e1c76,66731762b05295a5a9ca4acc,,,,,,,,,,,,,,,,,,,,,,,,,,,,,,,,,,,,,,,,,,,,,,,,,,,,,,,,,,,,,,,,,,,,,,,,,,,,,,,,,,,,,,,,,,,,,,,,,,,,,,,,,,,,,,,,,,,,,,,,,,,,,,,,,,,,,,,,,,,,,,,,,,,,,,59.86111111,1.101,64.72222222,2.054,space,1.687,,purple_gnome,green_gnome,0,26,26,9,1,1,4,,,,,,,,,,,,,,,,,,,,,,,,,,,,
,,,,,,,,,,,,,,,,,,,,,,,,,,,,,,,,,,,,,,,,,,,,,,,,,,,,,,,,,,,,,,,,,528492,001,2024-06-19_18h39.00.320,experiment,2023.2.3,Win32,58.82352941,6658b23d243aa8c198969e40,6672e93b03029310057e1c76,66731762b05295a5a9ca4acc,,,,,,,,,,,,,,,,,,,,,,,,,,,,,,,,,,,,,,,,,,,,,,,,,,,,,,,,,,,,,,,,,,,,,,,,,,,,,,,,,,,,,,,,,,,,,,,,,,,,,,,,,,,,,,,,,,,,,,,,,,,,,,,,,,,,,,,,,,,,,,,,,,,,,,27.98611111,1.017,0,2.587,space,2.289,,brown_gnome,pink_gnome,0,27,27,1,1,0,2,,,,,,,,,,,,,,,,,,,,,,,,,,,,
,,,,,,,,,,,,,,,,,,,,,,,,,,,,,,,,,,,,,,,,,,,,,,,,,,,,,,,,,,,,,,,,,528492,001,2024-06-19_18h39.00.320,experiment,2023.2.3,Win32,58.82352941,6658b23d243aa8c198969e40,6672e93b03029310057e1c76,66731762b05295a5a9ca4acc,,,,,,,,,,,,,,,,,,,,,,,,,,,,,,,,,,,,,,,,,,,,,,,,,,,,,,,,,,,,,,,,,,,,,,,,,,,,,,,,,,,,,,,,,,,,,,,,,,,,,,,,,,,,,,,,,,,,,,,,,,,,,,,,,,,,,,,,,,,,,,,,,,,,,,,,,,,,,,,,,,,,,,space,12.409,,71.73611111,4.566,,,space,4.526,,pink_gnome,dark_forest,yellow_basket,0,0,0,5,1,2,1,,,,,,,,
,,,,,,,,,,,,,,,,,,,,,,,,,,,,,,,,,,,,,,,,,,,,,,,,,,,,,,,,,,,,,,,,,528492,001,2024-06-19_18h39.00.320,experiment,2023.2.3,Win32,58.82352941,6658b23d243aa8c198969e40,6672e93b03029310057e1c76,66731762b05295a5a9ca4acc,,,,,,,,,,,,,,,,,,,,,,,,,,,,,,,,,,,,,,,,,,,,,,,,,,,,,,,,,,,,,,,,,,,,,,,,,,,,,,,,,,,,,,,,,,,,,,,,,,,,,,,,,,,,,,,,,,,,,,,,,,,,,,,,,,,,,,,,,,,,,,,,,,,,,,,,,,,,,,,,,,,,,,,,,73.26388889,2.11,64.44444444,2.773,space,2.438,,orange_gnome,bright_forest,red_basket,0,1,1,14,1,7,0,,,,,,,,
,,,,,,,,,,,,,,,,,,,,,,,,,,,,,,,,,,,,,,,,,,,,,,,,,,,,,,,,,,,,,,,,,528492,001,2024-06-19_18h39.00.320,experiment,2023.2.3,Win32,58.82352941,6658b23d243aa8c198969e40,6672e93b03029310057e1c76,66731762b05295a5a9ca4acc,,,,,,,,,,,,,,,,,,,,,,,,,,,,,,,,,,,,,,,,,,,,,,,,,,,,,,,,,,,,,,,,,,,,,,,,,,,,,,,,,,,,,,,,,,,,,,,,,,,,,,,,,,,,,,,,,,,,,,,,,,,,,,,,,,,,,,,,,,,,,,,,,,,,,,,,,,,,,,,,,,,,,,,,,0,1.93,77.36111111,3,space,2.799,,red_gnome,bright_forest,red_basket,0,2,2,10,1,5,0,,,,,,,,
,,,,,,,,,,,,,,,,,,,,,,,,,,,,,,,,,,,,,,,,,,,,,,,,,,,,,,,,,,,,,,,,,528492,001,2024-06-19_18h39.00.320,experiment,2023.2.3,Win32,58.82352941,6658b23d243aa8c198969e40,6672e93b03029310057e1c76,66731762b05295a5a9ca4acc,,,,,,,,,,,,,,,,,,,,,,,,,,,,,,,,,,,,,,,,,,,,,,,,,,,,,,,,,,,,,,,,,,,,,,,,,,,,,,,,,,,,,,,,,,,,,,,,,,,,,,,,,,,,,,,,,,,,,,,,,,,,,,,,,,,,,,,,,,,,,,,,,,,,,,,,,,,,,,,,,,,,,,,,,82.70833333,1.987,58.95833333,2.788,space,2.619,,brown_gnome,dark_forest,yellow_basket,0,3,3,1,1,0,1,,,,,,,,
,,,,,,,,,,,,,,,,,,,,,,,,,,,,,,,,,,,,,,,,,,,,,,,,,,,,,,,,,,,,,,,,,528492,001,2024-06-19_18h39.00.320,experiment,2023.2.3,Win32,58.82352941,6658b23d243aa8c198969e40,6672e93b03029310057e1c76,66731762b05295a5a9ca4acc,,,,,,,,,,,,,,,,,,,,,,,,,,,,,,,,,,,,,,,,,,,,,,,,,,,,,,,,,,,,,,,,,,,,,,,,,,,,,,,,,,,,,,,,,,,,,,,,,,,,,,,,,,,,,,,,,,,,,,,,,,,,,,,,,,,,,,,,,,,,,,,,,,,,,,,,,,,,,,,,,,,,,,,,,18.68055556,2.157,65,2.706,space,2.467,,purple_gnome,bright_forest,red_basket,0,4,4,2,1,1,0,,,,,,,,
,,,,,,,,,,,,,,,,,,,,,,,,,,,,,,,,,,,,,,,,,,,,,,,,,,,,,,,,,,,,,,,,,528492,001,2024-06-19_18h39.00.320,experiment,2023.2.3,Win32,58.82352941,6658b23d243aa8c198969e40,6672e93b03029310057e1c76,66731762b05295a5a9ca4acc,,,,,,,,,,,,,,,,,,,,,,,,,,,,,,,,,,,,,,,,,,,,,,,,,,,,,,,,,,,,,,,,,,,,,,,,,,,,,,,,,,,,,,,,,,,,,,,,,,,,,,,,,,,,,,,,,,,,,,,,,,,,,,,,,,,,,,,,,,,,,,,,,,,,,,,,,,,,,,,,,,,,,,,,,87.08333333,2.72,74.30555556,3.164,space,2.813,,red_gnome,dark_forest,yellow_basket,0,5,5,11,1,5,1,,,,,,,,
,,,,,,,,,,,,,,,,,,,,,,,,,,,,,,,,,,,,,,,,,,,,,,,,,,,,,,,,,,,,,,,,,528492,001,2024-06-19_18h39.00.320,experiment,2023.2.3,Win32,58.82352941,6658b23d243aa8c198969e40,6672e93b03029310057e1c76,66731762b05295a5a9ca4acc,,,,,,,,,,,,,,,,,,,,,,,,,,,,,,,,,,,,,,,,,,,,,,,,,,,,,,,,,,,,,,,,,,,,,,,,,,,,,,,,,,,,,,,,,,,,,,,,,,,,,,,,,,,,,,,,,,,,,,,,,,,,,,,,,,,,,,,,,,,,,,,,,,,,,,,,,,,,,,,,,,,,,,,,,86.875,1.259,78.26388889,1.644,space,1.407,,blue_gnome,bright_forest,red_basket,0,6,6,6,1,3,0,,,,,,,,
,,,,,,,,,,,,,,,,,,,,,,,,,,,,,,,,,,,,,,,,,,,,,,,,,,,,,,,,,,,,,,,,,528492,001,2024-06-19_18h39.00.320,experiment,2023.2.3,Win32,58.82352941,6658b23d243aa8c198969e40,6672e93b03029310057e1c76,66731762b05295a5a9ca4acc,,,,,,,,,,,,,,,,,,,,,,,,,,,,,,,,,,,,,,,,,,,,,,,,,,,,,,,,,,,,,,,,,,,,,,,,,,,,,,,,,,,,,,,,,,,,,,,,,,,,,,,,,,,,,,,,,,,,,,,,,,,,,,,,,,,,,,,,,,,,,,,,,,,,,,,,,,,,,,,,,,,,,,,,,74.72222222,2.929,74.65277778,3.814,space,3.599,,purple_gnome,dark_forest,yellow_basket,0,7,7,3,1,1,1,,,,,,,,
,,,,,,,,,,,,,,,,,,,,,,,,,,,,,,,,,,,,,,,,,,,,,,,,,,,,,,,,,,,,,,,,,528492,001,2024-06-19_18h39.00.320,experiment,2023.2.3,Win32,58.82352941,6658b23d243aa8c198969e40,6672e93b03029310057e1c76,66731762b05295a5a9ca4acc,,,,,,,,,,,,,,,,,,,,,,,,,,,,,,,,,,,,,,,,,,,,,,,,,,,,,,,,,,,,,,,,,,,,,,,,,,,,,,,,,,,,,,,,,,,,,,,,,,,,,,,,,,,,,,,,,,,,,,,,,,,,,,,,,,,,,,,,,,,,,,,,,,,,,,,,,,,,,,,,,,,,,,,,,100,2.07,70.34722222,2.774,space,2.303,,yellow_gnome,bright_forest,red_basket,0,8,8,12,1,6,0,,,,,,,,
,,,,,,,,,,,,,,,,,,,,,,,,,,,,,,,,,,,,,,,,,,,,,,,,,,,,,,,,,,,,,,,,,528492,001,2024-06-19_18h39.00.320,experiment,2023.2.3,Win32,58.82352941,6658b23d243aa8c198969e40,6672e93b03029310057e1c76,66731762b05295a5a9ca4acc,,,,,,,,,,,,,,,,,,,,,,,,,,,,,,,,,,,,,,,,,,,,,,,,,,,,,,,,,,,,,,,,,,,,,,,,,,,,,,,,,,,,,,,,,,,,,,,,,,,,,,,,,,,,,,,,,,,,,,,,,,,,,,,,,,,,,,,,,,,,,,,,,,,,,,,,,,,,,,,,,,,,,,,,,0,1.577,,,space,1.213,,yellow_gnome,dark_forest,yellow_basket,0,9,9,13,1,6,1,,,,,,,,
,,,,,,,,,,,,,,,,,,,,,,,,,,,,,,,,,,,,,,,,,,,,,,,,,,,,,,,,,,,,,,,,,528492,001,2024-06-19_18h39.00.320,experiment,2023.2.3,Win32,58.82352941,6658b23d243aa8c198969e40,6672e93b03029310057e1c76,66731762b05295a5a9ca4acc,,,,,,,,,,,,,,,,,,,,,,,,,,,,,,,,,,,,,,,,,,,,,,,,,,,,,,,,,,,,,,,,,,,,,,,,,,,,,,,,,,,,,,,,,,,,,,,,,,,,,,,,,,,,,,,,,,,,,,,,,,,,,,,,,,,,,,,,,,,,,,,,,,,,,,,,,,,,,,,,,,,,,,,,,69.79166667,1.83,,,space,1.654,,green_gnome,dark_forest,yellow_basket,0,10,10,9,1,4,1,,,,,,,,
,,,,,,,,,,,,,,,,,,,,,,,,,,,,,,,,,,,,,,,,,,,,,,,,,,,,,,,,,,,,,,,,,528492,001,2024-06-19_18h39.00.320,experiment,2023.2.3,Win32,58.82352941,6658b23d243aa8c198969e40,6672e93b03029310057e1c76,66731762b05295a5a9ca4acc,,,,,,,,,,,,,,,,,,,,,,,,,,,,,,,,,,,,,,,,,,,,,,,,,,,,,,,,,,,,,,,,,,,,,,,,,,,,,,,,,,,,,,,,,,,,,,,,,,,,,,,,,,,,,,,,,,,,,,,,,,,,,,,,,,,,,,,,,,,,,,,,,,,,,,,,,,,,,,,,,,,,,,,,,77.22222222,1.077,72.63888889,1.964,space,1.753,,green_gnome,bright_forest,red_basket,0,11,11,8,1,4,0,,,,,,,,
,,,,,,,,,,,,,,,,,,,,,,,,,,,,,,,,,,,,,,,,,,,,,,,,,,,,,,,,,,,,,,,,,528492,001,2024-06-19_18h39.00.320,experiment,2023.2.3,Win32,58.82352941,6658b23d243aa8c198969e40,6672e93b03029310057e1c76,66731762b05295a5a9ca4acc,,,,,,,,,,,,,,,,,,,,,,,,,,,,,,,,,,,,,,,,,,,,,,,,,,,,,,,,,,,,,,,,,,,,,,,,,,,,,,,,,,,,,,,,,,,,,,,,,,,,,,,,,,,,,,,,,,,,,,,,,,,,,,,,,,,,,,,,,,,,,,,,,,,,,,,,,,,,,,,,,,,,,,,,,0,1.484,,,space,1.15,,brown_gnome,bright_forest,red_basket,0,12,12,0,1,0,0,,,,,,,,
,,,,,,,,,,,,,,,,,,,,,,,,,,,,,,,,,,,,,,,,,,,,,,,,,,,,,,,,,,,,,,,,,528492,001,2024-06-19_18h39.00.320,experiment,2023.2.3,Win32,58.82352941,6658b23d243aa8c198969e40,6672e93b03029310057e1c76,66731762b05295a5a9ca4acc,,,,,,,,,,,,,,,,,,,,,,,,,,,,,,,,,,,,,,,,,,,,,,,,,,,,,,,,,,,,,,,,,,,,,,,,,,,,,,,,,,,,,,,,,,,,,,,,,,,,,,,,,,,,,,,,,,,,,,,,,,,,,,,,,,,,,,,,,,,,,,,,,,,,,,,,,,,,,,,,,,,,,,,,,92.29166667,1.285,72.70833333,1.852,space,1.669,,blue_gnome,dark_forest,yellow_basket,0,13,13,7,1,3,1,,,,,,,,
,,,,,,,,,,,,,,,,,,,,,,,,,,,,,,,,,,,,,,,,,,,,,,,,,,,,,,,,,,,,,,,,,528492,001,2024-06-19_18h39.00.320,experiment,2023.2.3,Win32,58.82352941,6658b23d243aa8c198969e40,6672e93b03029310057e1c76,66731762b05295a5a9ca4acc,,,,,,,,,,,,,,,,,,,,,,,,,,,,,,,,,,,,,,,,,,,,,,,,,,,,,,,,,,,,,,,,,,,,,,,,,,,,,,,,,,,,,,,,,,,,,,,,,,,,,,,,,,,,,,,,,,,,,,,,,,,,,,,,,,,,,,,,,,,,,,,,,,,,,,,,,,,,,,,,,,,,,,,,,4.166666667,1.57,100,2.789,space,2.47,,orange_gnome,dark_forest,yellow_basket,0,14,14,15,1,7,1,,,,,,,,
,,,,,,,,,,,,,,,,,,,,,,,,,,,,,,,,,,,,,,,,,,,,,,,,,,,,,,,,,,,,,,,,,528492,001,2024-06-19_18h39.00.320,experiment,2023.2.3,Win32,58.82352941,6658b23d243aa8c198969e40,6672e93b03029310057e1c76,66731762b05295a5a9ca4acc,,,,,,,,,,,,,,,,,,,,,,,,,,,,,,,,,,,,,,,,,,,,,,,,,,,,,,,,,,,,,,,,,,,,,,,,,,,,,,,,,,,,,,,,,,,,,,,,,,,,,,,,,,,,,,,,,,,,,,,,,,,,,,,,,,,,,,,,,,,,,,,,,,,,,,,,,,,,,,,,,,,,,,,,,13.75,2.354,29.09722222,2.875,space,2.558,,pink_gnome,bright_forest,red_basket,0,15,15,4,1,2,0,,,,,,,,
,,,,,,,,,,,,,,,,,,,,,,,,,,,,,,,,,,,,,,,,,,,,,,,,,,,,,,,,,,,,,,,,,528492,001,2024-06-19_18h39.00.320,experiment,2023.2.3,Win32,58.82352941,6658b23d243aa8c198969e40,6672e93b03029310057e1c76,66731762b05295a5a9ca4acc,,,,,,,,,,,,,,,,,,,,,,,,,,,,,,,,,,,,,,,,,,,,,,,,,,,,,,,,,,,,,,,,,,,,,,,,,,,,,,,,,,,,,,,,,,,,,,,,,,,,,,,,,,,,,,,,,,,,,,,,,,,,,,,,,,,,,,,,,,,,,,,,,,,,,,,,,,,,,,,,,,,,,,,,,,,,,,,,,,,,,,,,,,space,10.143,,0,0,0,0,1