parent_PID,stim1_name,stim1_file,stim1_pair,stim1_deact_file,stim1_step2_name,stim1_step2_file,stim1_step2_basket_name,stim1_step2_basket_file,stim2_name,stim2_file,stim2_pair,stim2_deact_file,stim2_step2_name,stim2_step2_file,stim2_step2_basket_name,stim2_step2_basket_file,stim3_name,stim3_file,stim3_pair,stim3_deact_file,stim3_step2_name,stim3_step2_file,stim3_step2_basket_name,stim3_step2_basket_file,stim4_name,stim4_file,stim4_pair,stim4_deact_file,stim4_step2_name,stim4_step2_file,stim4_step2_basket_name,stim4_step2_basket_file,participant,session,date,expName,psychopyVersion,OS,frameRate,PROLIFIC_PID,STUDY_ID,SESSION_ID,consent_keyresp.keys,consent_keyresp.rt,consent_keyresp.duration,global_instructions1_key.keys,global_instructions1_key.rt,global_instructions1_key.duration,global_instructions2_key.keys,global_instructions2_key.rt,global_instructions2_key.duration,global_instructions3_key.keys,global_instructions3_key.rt,global_instructions3_key.duration,global_instructions4_key.keys,global_instructions4_key.rt,global_instructions4_key.duration,global_instructions5_key.keys,global_instructions5_key.rt,global_instructions5_key.duration,p_fixation_2.started,p_fixation_2.stopped,p_step1_keyresp.keys,p_failStep1_keyresp.keys,p_failStep1_keyresp.rt,p_failStep1_keyresp.duration,p_step1_pair_index,p_step1_stimLeft_name,p_step1_stimLeft_pair,p_step1_stimLeft_reward,p_step1_stimLeft_step2Stim,p_step1_stimLeft_step2Basket,p_step1_stimRight_name,p_step1_stimRight_pair,p_step1_stimRight_reward,p_step1_stimRight_step2Stim,p_step1_stimRight_step2Basket,p_points,p_fail_step1,p_fail_step2,p_reward_flag,p_step1_choice,p_step2_stim,p_step2_basket,p_score,practice.thisRepN,practice.thisTrialN,practice.thisN,practice.thisIndex,practice.ran,pair_index,p_step1_keyresp.rt,p_step1_keyresp.duration,p_step2_keyresp.keys,p_failStep2_keyresp.keys,p_failStep2_keyresp.rt,p_failStep2_keyresp.duration,p_step2_keyresp.rt,p_step2_keyresp.duration,t_instructions_keyresp.keys,t_instructions_keyresp.rt,t_instructions_keyresp.duration,t_advice_reading.started,t_advice_reading.stopped,t_advice_mouse.x,t_advice_mouse.y,t_advice_mouse.leftButton,t_advice_mouse.midButton,t_advice_mouse.rightButton,t_advice_mouse.time,t_advice_mouse.clicked_name,t_instructions_2_keyresp.keys,t_instructions_2_keyresp.rt,t_instructions_2_keyresp.duration,t_start.started,t_start.stopped,t_step1_keyresp.keys,t_step1_keyresp.rt,t_step1_keyresp.duration,t_step2_keyresp.keys,t_step2_keyresp.rt,t_step2_keyresp.duration,t_step1_pair_index,t_step1_stimLeft_name,t_step1_stimLeft_pair,t_step1_stimLeft_reward,t_step1_stimLeft_step2Stim,t_step1_stimLeft_step2Basket,t_step1_stimRight_name,t_step1_stimRight_pair,t_step1_stimRight_reward,t_step1_stimRight_step2Stim,t_step1_stimRight_step2Basket,t_points,t_fail_step1,t_fail_step2,t_reward_flag,t_step1_choice,t_step2_stim,t_step2_basket,globa_score,t_data_stimWalk0,t_data_stimWalk1,trials.thisRepN,trials.thisTrialN,trials.thisN,trials.thisIndex,trials.ran,pl_global_instructions_keyresp.keys,pl_global_instructions_keyresp.rt,pl_global_instructions_keyresp.duration,vb_instructions_keyresp.keys,vb_instructions_keyresp.rt,vb_instructions_keyresp.duration,vb_instructions_2_keyresp.keys,vb_instructions_2_keyresp.rt,vb_instructions_2_keyresp.duration,vb_textbox.text,vb_mouse.x,vb_mouse.y,vb_mouse.leftButton,vb_mouse.midButton,vb_mouse.rightButton,vb_mouse.time,vb_mouse.clicked_name,pl1_instructions1_keyresp.keys,pl1_instructions1_keyresp.rt,pl1_instructions1_keyresp.duration,pl1_instructions2_keyresp.keys,pl1_instructions2_keyresp.rt,pl1_instructions2_keyresp.duration,pl1_instructions3_keyresp.keys,pl1_instructions3_keyresp.rt,pl1_instructions3_keyresp.duration,pl1_instructions4_keyresp.keys,pl1_instructions4_keyresp.rt,pl1_instructions4_keyresp.duration,pl1_task_lickert.response,pl1_task_lickert.rt,pl1_task_confidence_lickert.response,pl1_task_confidence_lickert.rt,pl1_task_keyresp.keys,pl1_task_keyresp.rt,pl1_task_keyresp.duration,pl1_task_stimLeft,pl1_task_stimRight,pl1_loop.thisRepN,pl1_loop.thisTrialN,pl1_loop.thisN,pl1_loop.thisIndex,pl1_loop.ran,stimLeft_index,stimRight_index,pl2_instructions_keyresp.keys,pl2_instructions_keyresp.rt,pl2_instructions_keyresp.duration,pl2_task_lickert.response,pl2_task_lickert.rt,pl2_task_confidence_lickert.response,pl2_task_confidence_lickert.rt,pl2_task_keyresp.keys,pl2_task_keyresp.rt,pl2_task_keyresp.duration,pl2_task_gnome,pl2_task_forest,pl2_task_basket,pl2_loop.thisRepN,pl2_loop.thisTrialN,pl2_loop.thisN,pl2_loop.thisIndex,pl2_loop.ran,gnome_id,forest_id,pl3_instructions_keyresp.keys,pl3_instructions_keyresp.rt,pl3_instructions_keyresp.duration,pl3_task_lickert.response,pl3_task_lickert.rt,pl3_task_keyresp.keys,pl3_task_keyresp.rt,pl3_task_keyresp.duration,pl3_task_confidence_lickert.response,pl3_task_confidence_lickert.rt,pl3_task_stimLeftBg,pl3_task_stimRightBg,pl3_task_stimLeft,pl3_task_stimRight,pl3_loop.thisRepN,pl3_loop.thisTrialN,pl3_loop.thisN,pl3_loop.thisIndex,pl3_loop.ran,pl4_instructions_keyresp.keys,pl4_instructions_keyresp.rt,pl4_instructions_keyresp.duration,pl4_task_lickert.response,pl4_task_lickert.rt,pl4_task_keyresp.keys,pl4_task_keyresp.rt,pl4_task_keyresp.duration,pl4_task_confidence_lickert.response,pl4_task_confidence_lickert.rt,pl4_task_stimLeft,pl4_task_stimRight,pl4_loop.thisRepN,pl4_loop.thisTrialN,pl4_loop.thisN,pl4_loop.thisIndex,pl4_loop.ran,end_keyresp.keys,end_keyresp.rt,end_keyresp.duration,show_trials.thisRepN,show_trials.thisTrialN,show_trials.thisN,show_trials.thisIndex,show_trials.ran
63d69163ecd60f16ced6c9c4,brown_gnomes,ressources/step1_stim1.png,2,ressources/step1_stim1_deact.png,dark_forest,ressources/step2_background2.png,red_basket,ressources/step2_stim2.png,purple_gnome,ressources/step1_stim2.png,1,ressources/step1_stim2_deact.png,dark_forest,ressources/step2_background2.png,red_basket,ressources/step2_stim2.png,red_gnome,ressources/step1_stim3.png,1,ressources/step1_stim3_deact.png,bright_forest,ressources/step2_background1.png,yellow_basket,ressources/step2_stim1.png,green_gnome,ressources/step1_stim4.png,2,ressources/step1_stim4_deact.png,bright_forest,ressources/step2_background1.png,yellow_basket,ressources/step2_stim1.png,545129,001,2024-02-21_16h07.30.934,experiment,2023.2.3,Win32,60.24096386,5828a6738dd4690001256b33,65d6198affd23d61dc0b5257,65d61efa86f816ad5de07a40,,,,,,,,,,,,,,,,,,,,,,,,,,,,,,,,,,,,,,,,,,,,,,,,,,,,,,,,,,,,,,,,,,,,,,,,,,,,,,,,,,,,,,,,,,,,,,,,,,,,,,,,,,,,,,,,,,,,,,,,,,,,,,,,,,,,,,,,,,,,,,,,,,,,,,,,,,,,,,,,,,,,,,,,,,,,,,,,,,,,,,,,,,,,,,,,,,,,,,,,,,,,,,,,,,,,,,,
,,,,,,,,,,,,,,,,,,,,,,,,,,,,,,,,,545129,001,2024-02-21_16h07.30.934,experiment,2023.2.3,Win32,60.24096386,5828a6738dd4690001256b33,65d6198affd23d61dc0b5257,65d61efa86f816ad5de07a40,y,13.9591,,,,,,,,,,,,,,,,,,,,,,,,,,,,,,,,,,,,,,,,,,,,,,,,,,,,,,,,,,,,,,,,,,,,,,,,,,,,,,,,,,,,,,,,,,,,,,,,,,,,,,,,,,,,,,,,,,,,,,,,,,,,,,,,,,,,,,,,,,,,,,,,,,,,,,,,,,,,,,,,,,,,,,,,,,,,,,,,,,,,,,,,,,,,,,,,,,,,,,,,,,,,,,,,,,,,,
,,,,,,,,,,,,,,,,,,,,,,,,,,,,,,,,,545129,001,2024-02-21_16h07.30.934,experiment,2023.2.3,Win32,60.24096386,5828a6738dd4690001256b33,65d6198affd23d61dc0b5257,65d61efa86f816ad5de07a40,,,,space,15.7115,,space,19.9884,,space,26.4196,,space,29.0438,,space,29.0397,,135.7704,136.2845,,space,3.3778,,2,p_blue_gnome,2,5,p_green_forest,p_blue_basket,p_green_gnome,2,0,p_yellow_forest,p_green_basket,0,1,0,0,,,,0,0,0,0,1,1,2,,,,,,,,,,,,,,,,,,,,,,,,,,,,,,,,,,,,,,,,,,,,,,,,,,,,,,,,,,,,,,,,,,,,,,,,,,,,,,,,,,,,,,,,,,,,,,,,,,,,,,,,,,,,,,,,,,,,,,,,,,,,,,,,,,,,,,,,,,,,,,,,,,,,,,,,,,,,,,,,,,,,,,
,,,,,,,,,,,,,,,,,,,,,,,,,,,,,,,,,545129,001,2024-02-21_16h07.30.934,experiment,2023.2.3,Win32,60.24096386,5828a6738dd4690001256b33,65d6198affd23d61dc0b5257,65d61efa86f816ad5de07a40,,,,,,,,,,,,,,,,,,,141.3019,141.8134,,space,3.9486,,2,p_green_gnome,2,0,p_yellow_forest,p_green_basket,p_blue_gnome,2,5,p_green_forest,p_blue_basket,0,1,0,0,,,,0,0,1,1,1,1,2,,,,,,,,,,,,,,,,,,,,,,,,,,,,,,,,,,,,,,,,,,,,,,,,,,,,,,,,,,,,,,,,,,,,,,,,,,,,,,,,,,,,,,,,,,,,,,,,,,,,,,,,,,,,,,,,,,,,,,,,,,,,,,,,,,,,,,,,,,,,,,,,,,,,,,,,,,,,,,,,,,,,,,
,,,,,,,,,,,,,,,,,,,,,,,,,,,,,,,,,545129,001,2024-02-21_16h07.30.934,experiment,2023.2.3,Win32,60.24096386,5828a6738dd4690001256b33,65d6198affd23d61dc0b5257,65d61efa86f816ad5de07a40,,,,,,,,,,,,,,,,,,,147.3279,147.832,k,,,,1,p_pink_gnome,1,6,p_green_forest,p_blue_basket,p_orange_gnome,1,1,p_yellow_forest,p_green_basket,0,0,1,0,p_orange_gnome,p_yellow_forest,p_green_basket,0,1,0,2,0,1,1,0.6712,,,space,0.1918,,,,,,,,,,,,,,,,,,,,,,,,,,,,,,,,,,,,,,,,,,,,,,,,,,,,,,,,,,,,,,,,,,,,,,,,,,,,,,,,,,,,,,,,,,,,,,,,,,,,,,,,,,,,,,,,,,,,,,,,,,,,,,,,,,,,,,,,,,,,,,,,,,,,,,,,,,,,,,,,,
,,,,,,,,,,,,,,,,,,,,,,,,,,,,,,,,,545129,001,2024-02-21_16h07.30.934,experiment,2023.2.3,Win32,60.24096386,5828a6738dd4690001256b33,65d6198affd23d61dc0b5257,65d61efa86f816ad5de07a40,,,,,,,,,,,,,,,,,,,151.151,151.6641,,space,4.8832,,2,p_blue_gnome,2,6,p_green_forest,p_blue_basket,p_green_gnome,2,1,p_yellow_forest,p_green_basket,0,1,0,0,p_orange_gnome,p_yellow_forest,p_green_basket,0,1,1,3,1,1,2,,,,,,,,,,,,,,,,,,,,,,,,,,,,,,,,,,,,,,,,,,,,,,,,,,,,,,,,,,,,,,,,,,,,,,,,,,,,,,,,,,,,,,,,,,,,,,,,,,,,,,,,,,,,,,,,,,,,,,,,,,,,,,,,,,,,,,,,,,,,,,,,,,,,,,,,,,,,,,,,,,,,,,
,,,,,,,,,,,,,,,,,,,,,,,,,,,,,,,,,545129,001,2024-02-21_16h07.30.934,experiment,2023.2.3,Win32,60.24096386,5828a6738dd4690001256b33,65d6198affd23d61dc0b5257,65d61efa86f816ad5de07a40,,,,,,,,,,,,,,,,,,,158.2303,158.7353,,space,2.8452,,1,p_pink_gnome,1,7,p_green_forest,p_blue_basket,p_orange_gnome,1,2,p_yellow_forest,p_green_basket,0,1,0,0,p_orange_gnome,p_yellow_forest,p_green_basket,0,2,0,4,0,1,1,,,,,,,,,,,,,,,,,,,,,,,,,,,,,,,,,,,,,,,,,,,,,,,,,,,,,,,,,,,,,,,,,,,,,,,,,,,,,,,,,,,,,,,,,,,,,,,,,,,,,,,,,,,,,,,,,,,,,,,,,,,,,,,,,,,,,,,,,,,,,,,,,,,,,,,,,,,,,,,,,,,,,,
,,,,,,,,,,,,,,,,,,,,,,,,,,,,,,,,,545129,001,2024-02-21_16h07.30.934,experiment,2023.2.3,Win32,60.24096386,5828a6738dd4690001256b33,65d6198affd23d61dc0b5257,65d61efa86f816ad5de07a40,,,,,,,,,,,,,,,,,,,163.1713,163.6884,k,,,,1,p_orange_gnome,1,2,p_yellow_forest,p_green_basket,p_pink_gnome,1,7,p_green_forest,p_blue_basket,7,0,0,1,p_pink_gnome,p_green_forest,p_blue_basket,7,2,1,5,0,1,1,0.6106,,space,,,,0.6056,,,,,,,,,,,,,,,,,,,,,,,,,,,,,,,,,,,,,,,,,,,,,,,,,,,,,,,,,,,,,,,,,,,,,,,,,,,,,,,,,,,,,,,,,,,,,,,,,,,,,,,,,,,,,,,,,,,,,,,,,,,,,,,,,,,,,,,,,,,,,,,,,,,,,,,,,,,,,,,
,,,,,,,,,,,,,,,,,,,,,,,,,,,,,,,,,545129,001,2024-02-21_16h07.30.934,experiment,2023.2.3,Win32,60.24096386,5828a6738dd4690001256b33,65d6198affd23d61dc0b5257,65d61efa86f816ad5de07a40,,,,,,,,,,,,,,,,,,,168.8236,169.3342,k,,,,1,p_orange_gnome,1,3,p_yellow_forest,p_green_basket,p_pink_gnome,1,8,p_green_forest,p_blue_basket,8,0,0,1,p_pink_gnome,p_green_forest,p_blue_basket,15,3,0,6,0,1,1,1.4282,,space,,,,1.0082,,,,,,,,,,,,,,,,,,,,,,,,,,,,,,,,,,,,,,,,,,,,,,,,,,,,,,,,,,,,,,,,,,,,,,,,,,,,,,,,,,,,,,,,,,,,,,,,,,,,,,,,,,,,,,,,,,,,,,,,,,,,,,,,,,,,,,,,,,,,,,,,,,,,,,,,,,,,,,,
,,,,,,,,,,,,,,,,,,,,,,,,,,,,,,,,,545129,001,2024-02-21_16h07.30.934,experiment,2023.2.3,Win32,60.24096386,5828a6738dd4690001256b33,65d6198affd23d61dc0b5257,65d61efa86f816ad5de07a40,,,,,,,,,,,,,,,,,,,174.4575,174.9806,s,,,,1,p_orange_gnome,1,3,p_yellow_forest,p_green_basket,p_pink_gnome,1,8,p_green_forest,p_blue_basket,3,0,0,1,p_orange_gnome,p_yellow_forest,p_green_basket,18,3,1,7,0,1,1,0.5987,,space,,,,0.5303,,,,,,,,,,,,,,,,,,,,,,,,,,,,,,,,,,,,,,,,,,,,,,,,,,,,,,,,,,,,,,,,,,,,,,,,,,,,,,,,,,,,,,,,,,,,,,,,,,,,,,,,,,,,,,,,,,,,,,,,,,,,,,,,,,,,,,,,,,,,,,,,,,,,,,,,,,,,,,,
,,,,,,,,,,,,,,,,,,,,,,,,,,,,,,,,,545129,001,2024-02-21_16h07.30.934,experiment,2023.2.3,Win32,60.24096386,5828a6738dd4690001256b33,65d6198affd23d61dc0b5257,65d61efa86f816ad5de07a40,,,,,,,,,,,,,,,,,,,180.0354,180.5477,s,,,,2,p_blue_gnome,2,9,p_green_forest,p_blue_basket,p_green_gnome,2,4,p_yellow_forest,p_green_basket,9,0,0,1,p_blue_gnome,p_green_forest,p_blue_basket,27,4,0,8,1,1,2,0.944,,space,,,,1.1548,,,,,,,,,,,,,,,,,,,,,,,,,,,,,,,,,,,,,,,,,,,,,,,,,,,,,,,,,,,,,,,,,,,,,,,,,,,,,,,,,,,,,,,,,,,,,,,,,,,,,,,,,,,,,,,,,,,,,,,,,,,,,,,,,,,,,,,,,,,,,,,,,,,,,,,,,,,,,,,
,,,,,,,,,,,,,,,,,,,,,,,,,,,,,,,,,545129,001,2024-02-21_16h07.30.934,experiment,2023.2.3,Win32,60.24096386,5828a6738dd4690001256b33,65d6198affd23d61dc0b5257,65d61efa86f816ad5de07a40,,,,,,,,,,,,,,,,,,,185.5991,186.1148,k,,,,2,p_blue_gnome,2,9,p_green_forest,p_blue_basket,p_green_gnome,2,4,p_yellow_forest,p_green_basket,4,0,0,1,p_green_gnome,p_yellow_forest,p_green_basket,31,4,1,9,1,1,2,0.6818,,space,,,,0.4107,,,,,,,,,,,,,,,,,,,,,,,,,,,,,,,,,,,,,,,,,,,,,,,,,,,,,,,,,,,,,,,,,,,,,,,,,,,,,,,,,,,,,,,,,,,,,,,,,,,,,,,,,,,,,,,,,,,,,,,,,,,,,,,,,,,,,,,,,,,,,,,,,,,,,,,,,,,,,,,
,,,,,,,,,,,,,,,,,,,,,,,,,,,,,,,,,545129,001,2024-02-21_16h07.30.934,experiment,2023.2.3,Win32,60.24096386,5828a6738dd4690001256b33,65d6198affd23d61dc0b5257,65d61efa86f816ad5de07a40,,,,,,,,,,,,,,,,,,,,,,,,,,,,,,,,,,,,,,,,,,,,,,,,,1,,,,,,,,,space,26.8716,,218.0638,263.7259,0.661111111,-0.353333333,1,0,0,45.5837,t_advice_finished_typing_rect,space,32.0704,,297.2995,297.3004,s,1.1443,,space,0.4917,,1,purple_gnome,1,1,dark_forest,red_basket,red_gnome,1,5,bright_forest,yellow_basket,1,0,0,1,purple_gnome,dark_forest,red_basket,1,2,2,0,0,0,0,1,,,,,,,,,,,,,,,,,,,,,,,,,,,,,,,,,,,,,,,,,,,,,,,,,,,,,,,,,,,,,,,,,,,,,,,,,,,,,,,,,,,,,,,,,,,,,,,,,,,,,,,,,,,,,
,,,,,,,,,,,,,,,,,,,,,,,,,,,,,,,,,545129,001,2024-02-21_16h07.30.934,experiment,2023.2.3,Win32,60.24096386,5828a6738dd4690001256b33,65d6198affd23d61dc0b5257,65d61efa86f816ad5de07a40,,,,,,,,,,,,,,,,,,,,,,,,,,,,,,,,,,,,,,,,,,,,,,,,,1,,,,,,,,,,,,,,,,,,,,,,,,,,k,0.9896,,space,0.3979,,1,red_gnome,1,7,bright_forest,yellow_basket,purple_gnome,1,3,dark_forest,red_basket,3,0,0,1,purple_gnome,dark_forest,red_basket,4,1,2,0,1,1,0,1,,,,,,,,,,,,,,,,,,,,,,,,,,,,,,,,,,,,,,,,,,,,,,,,,,,,,,,,,,,,,,,,,,,,,,,,,,,,,,,,,,,,,,,,,,,,,,,,,,,,,,,,,,,,,
,,,,,,,,,,,,,,,,,,,,,,,,,,,,,,,,,545129,001,2024-02-21_16h07.30.934,experiment,2023.2.3,Win32,60.24096386,5828a6738dd4690001256b33,65d6198affd23d61dc0b5257,65d61efa86f816ad5de07a40,,,,,,,,,,,,,,,,,,,,,,,,,,,,,,,,,,,,,,,,,,,,,,,,,2,,,,,,,,,,,,,,,,,,,,,,,,,,k,0.9704,,space,0.5101,,2,green_gnome,2,8,bright_forest,yellow_basket,brown_gnomes,2,5,dark_forest,red_basket,5,0,0,1,brown_gnomes,dark_forest,red_basket,9,1,-1,1,0,2,1,1,,,,,,,,,,,,,,,,,,,,,,,,,,,,,,,,,,,,,,,,,,,,,,,,,,,,,,,,,,,,,,,,,,,,,,,,,,,,,,,,,,,,,,,,,,,,,,,,,,,,,,,,,,,,,
,,,,,,,,,,,,,,,,,,,,,,,,,,,,,,,,,545129,001,2024-02-21_16h07.30.934,experiment,2023.2.3,Win32,60.24096386,5828a6738dd4690001256b33,65d6198affd23d61dc0b5257,65d61efa86f816ad5de07a40,,,,,,,,,,,,,,,,,,,,,,,,,,,,,,,,,,,,,,,,,,,,,,,,,1,,,,,,,,,,,,,,,,,,,,,,,,,,k,1.0242,,space,0.4937,,1,red_gnome,1,9,bright_forest,yellow_basket,purple_gnome,1,4,dark_forest,red_basket,4,0,0,1,purple_gnome,dark_forest,red_basket,13,2,2,1,1,3,0,1,,,,,,,,,,,,,,,,,,,,,,,,,,,,,,,,,,,,,,,,,,,,,,,,,,,,,,,,,,,,,,,,,,,,,,,,,,,,,,,,,,,,,,,,,,,,,,,,,,,,,,,,,,,,,
,,,,,,,,,,,,,,,,,,,,,,,,,,,,,,,,,545129,001,2024-02-21_16h07.30.934,experiment,2023.2.3,Win32,60.24096386,5828a6738dd4690001256b33,65d6198affd23d61dc0b5257,65d61efa86f816ad5de07a40,,,,,,,,,,,,,,,,,,,,,,,,,,,,,,,,,,,,,,,,,,,,,,,,,1,,,,,,,,,,,,,,,,,,,,,,,,,,s,0.9076,,space,1.1225,,1,red_gnome,1,7,bright_forest,yellow_basket,purple_gnome,1,6,dark_forest,red_basket,7,0,0,1,red_gnome,bright_forest,yellow_basket,20,-4,-1,2,0,4,0,1,,,,,,,,,,,,,,,,,,,,,,,,,,,,,,,,,,,,,,,,,,,,,,,,,,,,,,,,,,,,,,,,,,,,,,,,,,,,,,,,,,,,,,,,,,,,,,,,,,,,,,,,,,,,,
,,,,,,,,,,,,,,,,,,,,,,,,,,,,,,,,,545129,001,2024-02-21_16h07.30.934,experiment,2023.2.3,Win32,60.24096386,5828a6738dd4690001256b33,65d6198affd23d61dc0b5257,65d61efa86f816ad5de07a40,,,,,,,,,,,,,,,,,,,,,,,,,,,,,,,,,,,,,,,,,,,,,,,,,1,,,,,,,,,,,,,,,,,,,,,,,,,,s,1.2707,,space,0.7782,,1,red_gnome,1,3,bright_forest,yellow_basket,purple_gnome,1,5,dark_forest,red_basket,3,0,0,1,red_gnome,bright_forest,yellow_basket,23,4,-2,2,1,5,0,1,,,,,,,,,,,,,,,,,,,,,,,,,,,,,,,,,,,,,,,,,,,,,,,,,,,,,,,,,,,,,,,,,,,,,,,,,,,,,,,,,,,,,,,,,,,,,,,,,,,,,,,,,,,,,
,,,,,,,,,,,,,,,,,,,,,,,,,,,,,,,,,545129,001,2024-02-21_16h07.30.934,experiment,2023.2.3,Win32,60.24096386,5828a6738dd4690001256b33,65d6198affd23d61dc0b5257,65d61efa86f816ad5de07a40,,,,,,,,,,,,,,,,,,,,,,,,,,,,,,,,,,,,,,,,,,,,,,,,,1,,,,,,,,,,,,,,,,,,,,,,,,,,k,0.6401,,space,0.5203,,1,red_gnome,1,7,bright_forest,yellow_basket,purple_gnome,1,3,dark_forest,red_basket,3,0,0,1,purple_gnome,dark_forest,red_basket,26,-3,1,3,0,6,0,1,,,,,,,,,,,,,,,,,,,,,,,,,,,,,,,,,,,,,,,,,,,,,,,,,,,,,,,,,,,,,,,,,,,,,,,,,,,,,,,,,,,,,,,,,,,,,,,,,,,,,,,,,,,,,
,,,,,,,,,,,,,,,,,,,,,,,,,,,,,,,,,545129,001,2024-02-21_16h07.30.934,experiment,2023.2.3,Win32,60.24096386,5828a6738dd4690001256b33,65d6198affd23d61dc0b5257,65d61efa86f816ad5de07a40,,,,,,,,,,,,,,,,,,,,,,,,,,,,,,,,,,,,,,,,,,,,,,,,,1,,,,,,,,,,,,,,,,,,,,,,,,,,,,,,,,1,red_gnome,1,4,bright_forest,yellow_basket,purple_gnome,1,4,dark_forest,red_basket,0,1,0,0,,dark_forest,red_basket,26,0,1,3,1,7,0,1,,,,,,,,,,,,,,,,,,,,,,,,,,,,,,,,,,,,,,,,,,,,,,,,,,,,,,,,,,,,,,,,,,,,,,,,,,,,,,,,,,,,,,,,,,,,,,,,,,,,,,,,,,,,,
,,,,,,,,,,,,,,,,,,,,,,,,,,,,,,,,,545129,001,2024-02-21_16h07.30.934,experiment,2023.2.3,Win32,60.24096386,5828a6738dd4690001256b33,65d6198affd23d61dc0b5257,65d61efa86f816ad5de07a40,,,,,,,,,,,,,,,,,,,,,,,,,,,,,,,,,,,,,,,,,,,,,,,,,1,,,,,,,,,,,,,,,,,,,,,,,,,,s,0.9482,,space,0.4818,,1,purple_gnome,1,5,dark_forest,red_basket,red_gnome,1,4,bright_forest,yellow_basket,5,0,0,1,purple_gnome,dark_forest,red_basket,31,-1,3,4,0,8,0,1,,,,,,,,,,,,,,,,,,,,,,,,,,,,,,,,,,,,,,,,,,,,,,,,,,,,,,,,,,,,,,,,,,,,,,,,,,,,,,,,,,,,,,,,,,,,,,,,,,,,,,,,,,,,,
,,,,,,,,,,,,,,,,,,,,,,,,,,,,,,,,,545129,001,2024-02-21_16h07.30.934,experiment,2023.2.3,Win32,60.24096386,5828a6738dd4690001256b33,65d6198affd23d61dc0b5257,65d61efa86f816ad5de07a40,,,,,,,,,,,,,,,,,,,,,,,,,,,,,,,,,,,,,,,,,,,,,,,,,1,,,,,,,,,,,,,,,,,,,,,,,,,,s,0.6927,,space,0.3503,,1,purple_gnome,1,8,dark_forest,red_basket,red_gnome,1,3,bright_forest,yellow_basket,8,0,0,1,purple_gnome,dark_forest,red_basket,39,-1,-2,4,1,9,0,1,,,,,,,,,,,,,,,,,,,,,,,,,,,,,,,,,,,,,,,,,,,,,,,,,,,,,,,,,,,,,,,,,,,,,,,,,,,,,,,,,,,,,,,,,,,,,,,,,,,,,,,,,,,,,
,,,,,,,,,,,,,,,,,,,,,,,,,,,,,,,,,545129,001,2024-02-21_16h07.30.934,experiment,2023.2.3,Win32,60.24096386,5828a6738dd4690001256b33,65d6198affd23d61dc0b5257,65d61efa86f816ad5de07a40,,,,,,,,,,,,,,,,,,,,,,,,,,,,,,,,,,,,,,,,,,,,,,,,,2,,,,,,,,,,,,,,,,,,,,,,,,,,s,0.8809,,space,0.5952,,2,brown_gnomes,2,6,dark_forest,red_basket,green_gnome,2,2,bright_forest,yellow_basket,6,0,0,1,brown_gnomes,dark_forest,red_basket,45,-1,-3,5,0,10,1,1,,,,,,,,,,,,,,,,,,,,,,,,,,,,,,,,,,,,,,,,,,,,,,,,,,,,,,,,,,,,,,,,,,,,,,,,,,,,,,,,,,,,,,,,,,,,,,,,,,,,,,,,,,,,,
,,,,,,,,,,,,,,,,,,,,,,,,,,,,,,,,,545129,001,2024-02-21_16h07.30.934,experiment,2023.2.3,Win32,60.24096386,5828a6738dd4690001256b33,65d6198affd23d61dc0b5257,65d61efa86f816ad5de07a40,,,,,,,,,,,,,,,,,,,,,,,,,,,,,,,,,,,,,,,,,,,,,,,,,1,,,,,,,,,,,,,,,,,,,,,,,,,,k,0.9981,,space,0.5479,,1,red_gnome,1,1,bright_forest,yellow_basket,purple_gnome,1,3,dark_forest,red_basket,3,0,0,1,purple_gnome,dark_forest,red_basket,48,-1,1,5,1,11,0,1,,,,,,,,,,,,,,,,,,,,,,,,,,,,,,,,,,,,,,,,,,,,,,,,,,,,,,,,,,,,,,,,,,,,,,,,,,,,,,,,,,,,,,,,,,,,,,,,,,,,,,,,,,,,,
,,,,,,,,,,,,,,,,,,,,,,,,,,,,,,,,,545129,001,2024-02-21_16h07.30.934,experiment,2023.2.3,Win32,60.24096386,5828a6738dd4690001256b33,65d6198affd23d61dc0b5257,65d61efa86f816ad5de07a40,,,,,,,,,,,,,,,,,,,,,,,,,,,,,,,,,,,,,,,,,,,,,,,,,1,,,,,,,,,,,,,,,,,,,,,,,,,,k,0.8843,,space,0.7011,,1,purple_gnome,1,4,dark_forest,red_basket,red_gnome,1,0,bright_forest,yellow_basket,0,0,0,1,red_gnome,bright_forest,yellow_basket,48,-2,2,6,0,12,0,1,,,,,,,,,,,,,,,,,,,,,,,,,,,,,,,,,,,,,,,,,,,,,,,,,,,,,,,,,,,,,,,,,,,,,,,,,,,,,,,,,,,,,,,,,,,,,,,,,,,,,,,,,,,,,
,,,,,,,,,,,,,,,,,,,,,,,,,,,,,,,,,545129,001,2024-02-21_16h07.30.934,experiment,2023.2.3,Win32,60.24096386,5828a6738dd4690001256b33,65d6198affd23d61dc0b5257,65d61efa86f816ad5de07a40,,,,,,,,,,,,,,,,,,,,,,,,,,,,,,,,,,,,,,,,,,,,,,,,,2,,,,,,,,,,,,,,,,,,,,,,,,,,s,1.0169,,space,0.6874,,2,brown_gnomes,2,6,dark_forest,red_basket,green_gnome,2,2,bright_forest,yellow_basket,6,0,0,1,brown_gnomes,dark_forest,red_basket,54,-2,-1,6,1,13,1,1,,,,,,,,,,,,,,,,,,,,,,,,,,,,,,,,,,,,,,,,,,,,,,,,,,,,,,,,,,,,,,,,,,,,,,,,,,,,,,,,,,,,,,,,,,,,,,,,,,,,,,,,,,,,,
,,,,,,,,,,,,,,,,,,,,,,,,,,,,,,,,,545129,001,2024-02-21_16h07.30.934,experiment,2023.2.3,Win32,60.24096386,5828a6738dd4690001256b33,65d6198affd23d61dc0b5257,65d61efa86f816ad5de07a40,,,,,,,,,,,,,,,,,,,,,,,,,,,,,,,,,,,,,,,,,,,,,,,,,1,,,,,,,,,,,,,,,,,,,,,,,,,,k,0.688,,space,0.4108,,1,red_gnome,1,0,bright_forest,yellow_basket,purple_gnome,1,5,dark_forest,red_basket,5,0,0,1,purple_gnome,dark_forest,red_basket,59,3,0,7,0,14,0,1,,,,,,,,,,,,,,,,,,,,,,,,,,,,,,,,,,,,,,,,,,,,,,,,,,,,,,,,,,,,,,,,,,,,,,,,,,,,,,,,,,,,,,,,,,,,,,,,,,,,,,,,,,,,,
,,,,,,,,,,,,,,,,,,,,,,,,,,,,,,,,,545129,001,2024-02-21_16h07.30.934,experiment,2023.2.3,Win32,60.24096386,5828a6738dd4690001256b33,65d6198affd23d61dc0b5257,65d61efa86f816ad5de07a40,,,,,,,,,,,,,,,,,,,,,,,,,,,,,,,,,,,,,,,,,,,,,,,,,2,,,,,,,,,,,,,,,,,,,,,,,,,,k,0.6793,,,,,2,green_gnome,2,3,bright_forest,yellow_basket,brown_gnomes,2,5,dark_forest,red_basket,0,0,1,0,brown_gnomes,dark_forest,red_basket,59,0,3,7,1,15,1,1,,,,,,,,,,,,,,,,,,,,,,,,,,,,,,,,,,,,,,,,,,,,,,,,,,,,,,,,,,,,,,,,,,,,,,,,,,,,,,,,,,,,,,,,,,,,,,,,,,,,,,,,,,,,,
,,,,,,,,,,,,,,,,,,,,,,,,,,,,,,,,,545129,001,2024-02-21_16h07.30.934,experiment,2023.2.3,Win32,60.24096386,5828a6738dd4690001256b33,65d6198affd23d61dc0b5257,65d61efa86f816ad5de07a40,,,,,,,,,,,,,,,,,,,,,,,,,,,,,,,,,,,,,,,,,,,,,,,,,2,,,,,,,,,,,,,,,,,,,,,,,,,,s,0.999,,space,0.3639,,2,brown_gnomes,2,8,dark_forest,red_basket,green_gnome,2,3,bright_forest,yellow_basket,8,0,0,1,brown_gnomes,dark_forest,red_basket,67,0,1,8,0,16,1,1,,,,,,,,,,,,,,,,,,,,,,,,,,,,,,,,,,,,,,,,,,,,,,,,,,,,,,,,,,,,,,,,,,,,,,,,,,,,,,,,,,,,,,,,,,,,,,,,,,,,,,,,,,,,,
,,,,,,,,,,,,,,,,,,,,,,,,,,,,,,,,,545129,001,2024-02-21_16h07.30.934,experiment,2023.2.3,Win32,60.24096386,5828a6738dd4690001256b33,65d6198affd23d61dc0b5257,65d61efa86f816ad5de07a40,,,,,,,,,,,,,,,,,,,,,,,,,,,,,,,,,,,,,,,,,,,,,,,,,2,,,,,,,,,,,,,,,,,,,,,,,,,,s,0.5883,,space,0.3715,,2,brown_gnomes,2,9,dark_forest,red_basket,green_gnome,2,3,bright_forest,yellow_basket,9,0,0,1,brown_gnomes,dark_forest,red_basket,76,2,-3,8,1,17,1,1,,,,,,,,,,,,,,,,,,,,,,,,,,,,,,,,,,,,,,,,,,,,,,,,,,,,,,,,,,,,,,,,,,,,,,,,,,,,,,,,,,,,,,,,,,,,,,,,,,,,,,,,,,,,,
,,,,,,,,,,,,,,,,,,,,,,,,,,,,,,,,,545129,001,2024-02-21_16h07.30.934,experiment,2023.2.3,Win32,60.24096386,5828a6738dd4690001256b33,65d6198affd23d61dc0b5257,65d61efa86f816ad5de07a40,,,,,,,,,,,,,,,,,,,,,,,,,,,,,,,,,,,,,,,,,,,,,,,,,2,,,,,,,,,,,,,,,,,,,,,,,,,,s,0.5829,,space,0.3535,,2,brown_gnomes,2,6,dark_forest,red_basket,green_gnome,2,5,bright_forest,yellow_basket,6,0,0,1,brown_gnomes,dark_forest,red_basket,82,2,-1,9,0,18,1,1,,,,,,,,,,,,,,,,,,,,,,,,,,,,,,,,,,,,,,,,,,,,,,,,,,,,,,,,,,,,,,,,,,,,,,,,,,,,,,,,,,,,,,,,,,,,,,,,,,,,,,,,,,,,,
,,,,,,,,,,,,,,,,,,,,,,,,,,,,,,,,,545129,001,2024-02-21_16h07.30.934,experiment,2023.2.3,Win32,60.24096386,5828a6738dd4690001256b33,65d6198affd23d61dc0b5257,65d61efa86f816ad5de07a40,,,,,,,,,,,,,,,,,,,,,,,,,,,,,,,,,,,,,,,,,,,,,,,,,2,,,,,,,,,,,,,,,,,,,,,,,,,,s,0.6053,,space,0.365,,2,brown_gnomes,2,5,dark_forest,red_basket,green_gnome,2,7,bright_forest,yellow_basket,5,0,0,1,brown_gnomes,dark_forest,red_basket,87,3,2,9,1,19,1,1,,,,,,,,,,,,,,,,,,,,,,,,,,,,,,,,,,,,,,,,,,,,,,,,,,,,,,,,,,,,,,,,,,,,,,,,,,,,,,,,,,,,,,,,,,,,,,,,,,,,,,,,,,,,,
,,,,,,,,,,,,,,,,,,,,,,,,,,,,,,,,,545129,001,2024-02-21_16h07.30.934,experiment,2023.2.3,Win32,60.24096386,5828a6738dd4690001256b33,65d6198affd23d61dc0b5257,65d61efa86f816ad5de07a40,,,,,,,,,,,,,,,,,,,,,,,,,,,,,,,,,,,,,,,,,,,,,,,,,1,,,,,,,,,,,,,,,,,,,,,,,,,,s,0.7233,,space,0.4779,,1,purple_gnome,1,7,dark_forest,red_basket,red_gnome,1,8,bright_forest,yellow_basket,7,0,0,1,purple_gnome,dark_forest,red_basket,94,1,1,10,0,20,0,1,,,,,,,,,,,,,,,,,,,,,,,,,,,,,,,,,,,,,,,,,,,,,,,,,,,,,,,,,,,,,,,,,,,,,,,,,,,,,,,,,,,,,,,,,,,,,,,,,,,,,,,,,,,,,
,,,,,,,,,,,,,,,,,,,,,,,,,,,,,,,,,545129,001,2024-02-21_16h07.30.934,experiment,2023.2.3,Win32,60.24096386,5828a6738dd4690001256b33,65d6198affd23d61dc0b5257,65d61efa86f816ad5de07a40,,,,,,,,,,,,,,,,,,,,,,,,,,,,,,,,,,,,,,,,,,,,,,,,,2,,,,,,,,,,,,,,,,,,,,,,,,,,s,0.594,,space,0.386,,2,brown_gnomes,2,8,dark_forest,red_basket,green_gnome,2,9,bright_forest,yellow_basket,8,0,0,1,brown_gnomes,dark_forest,red_basket,102,0,-4,10,1,21,1,1,,,,,,,,,,,,,,,,,,,,,,,,,,,,,,,,,,,,,,,,,,,,,,,,,,,,,,,,,,,,,,,,,,,,,,,,,,,,,,,,,,,,,,,,,,,,,,,,,,,,,,,,,,,,,
,,,,,,,,,,,,,,,,,,,,,,,,,,,,,,,,,545129,001,2024-02-21_16h07.30.934,experiment,2023.2.3,Win32,60.24096386,5828a6738dd4690001256b33,65d6198affd23d61dc0b5257,65d61efa86f816ad5de07a40,,,,,,,,,,,,,,,,,,,,,,,,,,,,,,,,,,,,,,,,,,,,,,,,,2,,,,,,,,,,,,,,,,,,,,,,,,,,k,0.9472,,space,0.6278,,2,green_gnome,2,9,bright_forest,yellow_basket,brown_gnomes,2,4,dark_forest,red_basket,4,0,0,1,brown_gnomes,dark_forest,red_basket,106,5,0,11,0,22,1,1,,,,,,,,,,,,,,,,,,,,,,,,,,,,,,,,,,,,,,,,,,,,,,,,,,,,,,,,,,,,,,,,,,,,,,,,,,,,,,,,,,,,,,,,,,,,,,,,,,,,,,,,,,,,,
,,,,,,,,,,,,,,,,,,,,,,,,,,,,,,,,,545129,001,2024-02-21_16h07.30.934,experiment,2023.2.3,Win32,60.24096386,5828a6738dd4690001256b33,65d6198affd23d61dc0b5257,65d61efa86f816ad5de07a40,,,,,,,,,,,,,,,,,,,,,,,,,,,,,,,,,,,,,,,,,,,,,,,,,1,,,,,,,,,,,,,,,,,,,,,,,,,,s,0.953,,space,0.9485,,1,red_gnome,1,4,bright_forest,yellow_basket,purple_gnome,1,4,dark_forest,red_basket,4,0,0,1,red_gnome,bright_forest,yellow_basket,110,-1,1,11,1,23,0,1,,,,,,,,,,,,,,,,,,,,,,,,,,,,,,,,,,,,,,,,,,,,,,,,,,,,,,,,,,,,,,,,,,,,,,,,,,,,,,,,,,,,,,,,,,,,,,,,,,,,,,,,,,,,,
,,,,,,,,,,,,,,,,,,,,,,,,,,,,,,,,,545129,001,2024-02-21_16h07.30.934,experiment,2023.2.3,Win32,60.24096386,5828a6738dd4690001256b33,65d6198affd23d61dc0b5257,65d61efa86f816ad5de07a40,,,,,,,,,,,,,,,,,,,,,,,,,,,,,,,,,,,,,,,,,,,,,,,,,1,,,,,,,,,,,,,,,,,,,,,,,,,,k,0.821,,space,0.6388,,1,purple_gnome,1,5,dark_forest,red_basket,red_gnome,1,3,bright_forest,yellow_basket,3,0,0,1,red_gnome,bright_forest,yellow_basket,113,-1,0,12,0,24,0,1,,,,,,,,,,,,,,,,,,,,,,,,,,,,,,,,,,,,,,,,,,,,,,,,,,,,,,,,,,,,,,,,,,,,,,,,,,,,,,,,,,,,,,,,,,,,,,,,,,,,,,,,,,,,,
,,,,,,,,,,,,,,,,,,,,,,,,,,,,,,,,,545129,001,2024-02-21_16h07.30.934,experiment,2023.2.3,Win32,60.24096386,5828a6738dd4690001256b33,65d6198affd23d61dc0b5257,65d61efa86f816ad5de07a40,,,,,,,,,,,,,,,,,,,,,,,,,,,,,,,,,,,,,,,,,,,,,,,,,2,,,,,,,,,,,,,,,,,,,,,,,,,,k,0.7581,,space,0.4166,,2,green_gnome,2,2,bright_forest,yellow_basket,brown_gnomes,2,5,dark_forest,red_basket,5,0,0,1,brown_gnomes,dark_forest,red_basket,118,2,0,12,1,25,1,1,,,,,,,,,,,,,,,,,,,,,,,,,,,,,,,,,,,,,,,,,,,,,,,,,,,,,,,,,,,,,,,,,,,,,,,,,,,,,,,,,,,,,,,,,,,,,,,,,,,,,,,,,,,,,
,,,,,,,,,,,,,,,,,,,,,,,,,,,,,,,,,545129,001,2024-02-21_16h07.30.934,experiment,2023.2.3,Win32,60.24096386,5828a6738dd4690001256b33,65d6198affd23d61dc0b5257,65d61efa86f816ad5de07a40,,,,,,,,,,,,,,,,,,,,,,,,,,,,,,,,,,,,,,,,,,,,,,,,,2,,,,,,,,,,,,,,,,,,,,,,,,,,k,0.6176,,space,0.5711,,2,green_gnome,2,4,bright_forest,yellow_basket,brown_gnomes,2,5,dark_forest,red_basket,5,0,0,1,brown_gnomes,dark_forest,red_basket,123,2,0,13,0,26,1,1,,,,,,,,,,,,,,,,,,,,,,,,,,,,,,,,,,,,,,,,,,,,,,,,,,,,,,,,,,,,,,,,,,,,,,,,,,,,,,,,,,,,,,,,,,,,,,,,,,,,,,,,,,,,,
,,,,,,,,,,,,,,,,,,,,,,,,,,,,,,,,,545129,001,2024-02-21_16h07.30.934,experiment,2023.2.3,Win32,60.24096386,5828a6738dd4690001256b33,65d6198affd23d61dc0b5257,65d61efa86f816ad5de07a40,,,,,,,,,,,,,,,,,,,,,,,,,,,,,,,,,,,,,,,,,,,,,,,,,1,,,,,,,,,,,,,,,,,,,,,,,,,,k,0.7909,,space,0.4873,,1,red_gnome,1,6,bright_forest,yellow_basket,purple_gnome,1,5,dark_forest,red_basket,5,0,0,1,purple_gnome,dark_forest,red_basket,128,1,0,13,1,27,0,1,,,,,,,,,,,,,,,,,,,,,,,,,,,,,,,,,,,,,,,,,,,,,,,,,,,,,,,,,,,,,,,,,,,,,,,,,,,,,,,,,,,,,,,,,,,,,,,,,,,,,,,,,,,,,
,,,,,,,,,,,,,,,,,,,,,,,,,,,,,,,,,545129,001,2024-02-21_16h07.30.934,experiment,2023.2.3,Win32,60.24096386,5828a6738dd4690001256b33,65d6198affd23d61dc0b5257,65d61efa86f816ad5de07a40,,,,,,,,,,,,,,,,,,,,,,,,,,,,,,,,,,,,,,,,,,,,,,,,,1,,,,,,,,,,,,,,,,,,,,,,,,,,k,0.6725,,space,0.5572,,1,red_gnome,1,7,bright_forest,yellow_basket,purple_gnome,1,5,dark_forest,red_basket,5,0,0,1,purple_gnome,dark_forest,red_basket,133,5,-2,14,0,28,0,1,,,,,,,,,,,,,,,,,,,,,,,,,,,,,,,,,,,,,,,,,,,,,,,,,,,,,,,,,,,,,,,,,,,,,,,,,,,,,,,,,,,,,,,,,,,,,,,,,,,,,,,,,,,,,
,,,,,,,,,,,,,,,,,,,,,,,,,,,,,,,,,545129,001,2024-02-21_16h07.30.934,experiment,2023.2.3,Win32,60.24096386,5828a6738dd4690001256b33,65d6198affd23d61dc0b5257,65d61efa86f816ad5de07a40,,,,,,,,,,,,,,,,,,,,,,,,,,,,,,,,,,,,,,,,,,,,,,,,,2,,,,,,,,,,,,,,,,,,,,,,,,,,k,0.5274,,space,0.4657,,2,green_gnome,2,6,bright_forest,yellow_basket,brown_gnomes,2,3,dark_forest,red_basket,3,0,0,1,brown_gnomes,dark_forest,red_basket,136,-2,2,14,1,29,1,1,,,,,,,,,,,,,,,,,,,,,,,,,,,,,,,,,,,,,,,,,,,,,,,,,,,,,,,,,,,,,,,,,,,,,,,,,,,,,,,,,,,,,,,,,,,,,,,,,,,,,,,,,,,,,
,,,,,,,,,,,,,,,,,,,,,,,,,,,,,,,,,545129,001,2024-02-21_16h07.30.934,experiment,2023.2.3,Win32,60.24096386,5828a6738dd4690001256b33,65d6198affd23d61dc0b5257,65d61efa86f816ad5de07a40,,,,,,,,,,,,,,,,,,,,,,,,,,,,,,,,,,,,,,,,,,,,,,,,,2,,,,,,,,,,,,,,,,,,,,,,,,,,k,0.7487,,space,0.9413,,2,brown_gnomes,2,5,dark_forest,red_basket,green_gnome,2,4,bright_forest,yellow_basket,4,0,0,1,green_gnome,bright_forest,yellow_basket,140,0,0,15,0,30,1,1,,,,,,,,,,,,,,,,,,,,,,,,,,,,,,,,,,,,,,,,,,,,,,,,,,,,,,,,,,,,,,,,,,,,,,,,,,,,,,,,,,,,,,,,,,,,,,,,,,,,,,,,,,,,,
,,,,,,,,,,,,,,,,,,,,,,,,,,,,,,,,,545129,001,2024-02-21_16h07.30.934,experiment,2023.2.3,Win32,60.24096386,5828a6738dd4690001256b33,65d6198affd23d61dc0b5257,65d61efa86f816ad5de07a40,,,,,,,,,,,,,,,,,,,,,,,,,,,,,,,,,,,,,,,,,,,,,,,,,1,,,,,,,,,,,,,,,,,,,,,,,,,,k,0.748,,space,0.6009,,1,purple_gnome,1,5,dark_forest,red_basket,red_gnome,1,4,bright_forest,yellow_basket,4,0,0,1,red_gnome,bright_forest,yellow_basket,144,-1,3,15,1,31,0,1,,,,,,,,,,,,,,,,,,,,,,,,,,,,,,,,,,,,,,,,,,,,,,,,,,,,,,,,,,,,,,,,,,,,,,,,,,,,,,,,,,,,,,,,,,,,,,,,,,,,,,,,,,,,,
,,,,,,,,,,,,,,,,,,,,,,,,,,,,,,,,,545129,001,2024-02-21_16h07.30.934,experiment,2023.2.3,Win32,60.24096386,5828a6738dd4690001256b33,65d6198affd23d61dc0b5257,65d61efa86f816ad5de07a40,,,,,,,,,,,,,,,,,,,,,,,,,,,,,,,,,,,,,,,,,,,,,,,,,2,,,,,,,,,,,,,,,,,,,,,,,,,,s,1.0901,,space,0.6285,,2,green_gnome,2,3,bright_forest,yellow_basket,brown_gnomes,2,8,dark_forest,red_basket,3,0,0,1,green_gnome,bright_forest,yellow_basket,147,-4,-2,16,0,32,1,1,,,,,,,,,,,,,,,,,,,,,,,,,,,,,,,,,,,,,,,,,,,,,,,,,,,,,,,,,,,,,,,,,,,,,,,,,,,,,,,,,,,,,,,,,,,,,,,,,,,,,,,,,,,,,
,,,,,,,,,,,,,,,,,,,,,,,,,,,,,,,,,545129,001,2024-02-21_16h07.30.934,experiment,2023.2.3,Win32,60.24096386,5828a6738dd4690001256b33,65d6198affd23d61dc0b5257,65d61efa86f816ad5de07a40,,,,,,,,,,,,,,,,,,,,,,,,,,,,,,,,,,,,,,,,,,,,,,,,,1,,,,,,,,,,,,,,,,,,,,,,,,,,s,0.9026,,space,0.3958,,1,purple_gnome,1,6,dark_forest,red_basket,red_gnome,1,1,bright_forest,yellow_basket,6,0,0,1,purple_gnome,dark_forest,red_basket,153,-1,-2,16,1,33,0,1,,,,,,,,,,,,,,,,,,,,,,,,,,,,,,,,,,,,,,,,,,,,,,,,,,,,,,,,,,,,,,,,,,,,,,,,,,,,,,,,,,,,,,,,,,,,,,,,,,,,,,,,,,,,,
,,,,,,,,,,,,,,,,,,,,,,,,,,,,,,,,,545129,001,2024-02-21_16h07.30.934,experiment,2023.2.3,Win32,60.24096386,5828a6738dd4690001256b33,65d6198affd23d61dc0b5257,65d61efa86f816ad5de07a40,,,,,,,,,,,,,,,,,,,,,,,,,,,,,,,,,,,,,,,,,,,,,,,,,2,,,,,,,,,,,,,,,,,,,,,,,,,,k,0.7342,,space,0.6282,,2,green_gnome,2,0,bright_forest,yellow_basket,brown_gnomes,2,4,dark_forest,red_basket,4,0,0,1,brown_gnomes,dark_forest,red_basket,157,-3,-3,17,0,34,1,1,,,,,,,,,,,,,,,,,,,,,,,,,,,,,,,,,,,,,,,,,,,,,,,,,,,,,,,,,,,,,,,,,,,,,,,,,,,,,,,,,,,,,,,,,,,,,,,,,,,,,,,,,,,,,
,,,,,,,,,,,,,,,,,,,,,,,,,,,,,,,,,545129,001,2024-02-21_16h07.30.934,experiment,2023.2.3,Win32,60.24096386,5828a6738dd4690001256b33,65d6198affd23d61dc0b5257,65d61efa86f816ad5de07a40,,,,,,,,,,,,,,,,,,,,,,,,,,,,,,,,,,,,,,,,,,,,,,,,,1,,,,,,,,,,,,,,,,,,,,,,,,,,s,0.7737,,space,0.9131,,1,purple_gnome,1,1,dark_forest,red_basket,red_gnome,1,3,bright_forest,yellow_basket,1,0,0,1,purple_gnome,dark_forest,red_basket,158,-2,1,17,1,35,0,1,,,,,,,,,,,,,,,,,,,,,,,,,,,,,,,,,,,,,,,,,,,,,,,,,,,,,,,,,,,,,,,,,,,,,,,,,,,,,,,,,,,,,,,,,,,,,,,,,,,,,,,,,,,,,
,,,,,,,,,,,,,,,,,,,,,,,,,,,,,,,,,545129,001,2024-02-21_16h07.30.934,experiment,2023.2.3,Win32,60.24096386,5828a6738dd4690001256b33,65d6198affd23d61dc0b5257,65d61efa86f816ad5de07a40,,,,,,,,,,,,,,,,,,,,,,,,,,,,,,,,,,,,,,,,,,,,,,,,,2,,,,,,,,,,,,,,,,,,,,,,,,,,s,0.6861,,space,0.7584,,2,green_gnome,2,1,bright_forest,yellow_basket,brown_gnomes,2,2,dark_forest,red_basket,1,0,0,1,green_gnome,bright_forest,yellow_basket,159,4,-1,18,0,36,1,1,,,,,,,,,,,,,,,,,,,,,,,,,,,,,,,,,,,,,,,,,,,,,,,,,,,,,,,,,,,,,,,,,,,,,,,,,,,,,,,,,,,,,,,,,,,,,,,,,,,,,,,,,,,,,
,,,,,,,,,,,,,,,,,,,,,,,,,,,,,,,,,545129,001,2024-02-21_16h07.30.934,experiment,2023.2.3,Win32,60.24096386,5828a6738dd4690001256b33,65d6198affd23d61dc0b5257,65d61efa86f816ad5de07a40,,,,,,,,,,,,,,,,,,,,,,,,,,,,,,,,,,,,,,,,,,,,,,,,,2,,,,,,,,,,,,,,,,,,,,,,,,,,k,0.7717,,space,0.1732,,2,green_gnome,2,5,bright_forest,yellow_basket,brown_gnomes,2,1,dark_forest,red_basket,1,0,0,1,brown_gnomes,dark_forest,red_basket,160,3,0,18,1,37,1,1,,,,,,,,,,,,,,,,,,,,,,,,,,,,,,,,,,,,,,,,,,,,,,,,,,,,,,,,,,,,,,,,,,,,,,,,,,,,,,,,,,,,,,,,,,,,,,,,,,,,,,,,,,,,,
,,,,,,,,,,,,,,,,,,,,,,,,,,,,,,,,,545129,001,2024-02-21_16h07.30.934,experiment,2023.2.3,Win32,60.24096386,5828a6738dd4690001256b33,65d6198affd23d61dc0b5257,65d61efa86f816ad5de07a40,,,,,,,,,,,,,,,,,,,,,,,,,,,,,,,,,,,,,,,,,,,,,,,,,2,,,,,,,,,,,,,,,,,,,,,,,,,,k,0.7137,,space,0.6962,,2,brown_gnomes,2,1,dark_forest,red_basket,green_gnome,2,8,bright_forest,yellow_basket,8,0,0,1,green_gnome,bright_forest,yellow_basket,168,0,-2,19,0,38,1,1,,,,,,,,,,,,,,,,,,,,,,,,,,,,,,,,,,,,,,,,,,,,,,,,,,,,,,,,,,,,,,,,,,,,,,,,,,,,,,,,,,,,,,,,,,,,,,,,,,,,,,,,,,,,,
,,,,,,,,,,,,,,,,,,,,,,,,,,,,,,,,,545129,001,2024-02-21_16h07.30.934,experiment,2023.2.3,Win32,60.24096386,5828a6738dd4690001256b33,65d6198affd23d61dc0b5257,65d61efa86f816ad5de07a40,,,,,,,,,,,,,,,,,,,,,,,,,,,,,,,,,,,,,,,,,,,,,,,,,1,,,,,,,,,,,,,,,,,,,,,,,,,,s,0.9798,,space,0.5387,,1,red_gnome,1,8,bright_forest,yellow_basket,purple_gnome,1,1,dark_forest,red_basket,8,0,0,1,red_gnome,bright_forest,yellow_basket,176,1,2,19,1,39,0,1,,,,,,,,,,,,,,,,,,,,,,,,,,,,,,,,,,,,,,,,,,,,,,,,,,,,,,,,,,,,,,,,,,,,,,,,,,,,,,,,,,,,,,,,,,,,,,,,,,,,,,,,,,,,,
,,,,,,,,,,,,,,,,,,,,,,,,,,,,,,,,,545129,001,2024-02-21_16h07.30.934,experiment,2023.2.3,Win32,60.24096386,5828a6738dd4690001256b33,65d6198affd23d61dc0b5257,65d61efa86f816ad5de07a40,,,,,,,,,,,,,,,,,,,,,,,,,,,,,,,,,,,,,,,,,,,,,,,,,2,,,,,,,,,,,,,,,,,,,,,,,,,,s,0.9101,,space,0.6453,,2,green_gnome,2,9,bright_forest,yellow_basket,brown_gnomes,2,3,dark_forest,red_basket,9,0,0,1,green_gnome,bright_forest,yellow_basket,185,1,3,20,0,40,1,1,,,,,,,,,,,,,,,,,,,,,,,,,,,,,,,,,,,,,,,,,,,,,,,,,,,,,,,,,,,,,,,,,,,,,,,,,,,,,,,,,,,,,,,,,,,,,,,,,,,,,,,,,,,,,
,,,,,,,,,,,,,,,,,,,,,,,,,,,,,,,,,545129,001,2024-02-21_16h07.30.934,experiment,2023.2.3,Win32,60.24096386,5828a6738dd4690001256b33,65d6198affd23d61dc0b5257,65d61efa86f816ad5de07a40,,,,,,,,,,,,,,,,,,,,,,,,,,,,,,,,,,,,,,,,,,,,,,,,,2,,,,,,,,,,,,,,,,,,,,,,,,,,s,1.0423,,space,0.2445,,2,green_gnome,2,8,bright_forest,yellow_basket,brown_gnomes,2,6,dark_forest,red_basket,8,0,0,1,green_gnome,bright_forest,yellow_basket,193,-2,-2,20,1,41,1,1,,,,,,,,,,,,,,,,,,,,,,,,,,,,,,,,,,,,,,,,,,,,,,,,,,,,,,,,,,,,,,,,,,,,,,,,,,,,,,,,,,,,,,,,,,,,,,,,,,,,,,,,,,,,,
,,,,,,,,,,,,,,,,,,,,,,,,,,,,,,,,,545129,001,2024-02-21_16h07.30.934,experiment,2023.2.3,Win32,60.24096386,5828a6738dd4690001256b33,65d6198affd23d61dc0b5257,65d61efa86f816ad5de07a40,,,,,,,,,,,,,,,,,,,,,,,,,,,,,,,,,,,,,,,,,,,,,,,,,1,,,,,,,,,,,,,,,,,,,,,,,,,,s,0.7693,,space,1.1984,,1,red_gnome,1,6,bright_forest,yellow_basket,purple_gnome,1,4,dark_forest,red_basket,6,0,0,1,red_gnome,bright_forest,yellow_basket,199,-4,-2,21,0,42,0,1,,,,,,,,,,,,,,,,,,,,,,,,,,,,,,,,,,,,,,,,,,,,,,,,,,,,,,,,,,,,,,,,,,,,,,,,,,,,,,,,,,,,,,,,,,,,,,,,,,,,,,,,,,,,,
,,,,,,,,,,,,,,,,,,,,,,,,,,,,,,,,,545129,001,2024-02-21_16h07.30.934,experiment,2023.2.3,Win32,60.24096386,5828a6738dd4690001256b33,65d6198affd23d61dc0b5257,65d61efa86f816ad5de07a40,,,,,,,,,,,,,,,,,,,,,,,,,,,,,,,,,,,,,,,,,,,,,,,,,2,,,,,,,,,,,,,,,,,,,,,,,,,,k,0.8703,,space,0.5484,,2,brown_gnomes,2,2,dark_forest,red_basket,green_gnome,2,2,bright_forest,yellow_basket,2,0,0,1,green_gnome,bright_forest,yellow_basket,201,0,3,21,1,43,1,1,,,,,,,,,,,,,,,,,,,,,,,,,,,,,,,,,,,,,,,,,,,,,,,,,,,,,,,,,,,,,,,,,,,,,,,,,,,,,,,,,,,,,,,,,,,,,,,,,,,,,,,,,,,,,
,,,,,,,,,,,,,,,,,,,,,,,,,,,,,,,,,545129,001,2024-02-21_16h07.30.934,experiment,2023.2.3,Win32,60.24096386,5828a6738dd4690001256b33,65d6198affd23d61dc0b5257,65d61efa86f816ad5de07a40,,,,,,,,,,,,,,,,,,,,,,,,,,,,,,,,,,,,,,,,,,,,,,,,,2,,,,,,,,,,,,,,,,,,,,,,,,,,k,0.676,,space,0.4214,,2,green_gnome,2,2,bright_forest,yellow_basket,brown_gnomes,2,5,dark_forest,red_basket,5,0,0,1,brown_gnomes,dark_forest,red_basket,206,3,2,22,0,44,1,1,,,,,,,,,,,,,,,,,,,,,,,,,,,,,,,,,,,,,,,,,,,,,,,,,,,,,,,,,,,,,,,,,,,,,,,,,,,,,,,,,,,,,,,,,,,,,,,,,,,,,,,,,,,,,
,,,,,,,,,,,,,,,,,,,,,,,,,,,,,,,,,545129,001,2024-02-21_16h07.30.934,experiment,2023.2.3,Win32,60.24096386,5828a6738dd4690001256b33,65d6198affd23d61dc0b5257,65d61efa86f816ad5de07a40,,,,,,,,,,,,,,,,,,,,,,,,,,,,,,,,,,,,,,,,,,,,,,,,,2,,,,,,,,,,,,,,,,,,,,,,,,,,s,0.6973,,space,0.4473,,2,brown_gnomes,2,7,dark_forest,red_basket,green_gnome,2,5,bright_forest,yellow_basket,7,0,0,1,brown_gnomes,dark_forest,red_basket,213,5,0,22,1,45,1,1,,,,,,,,,,,,,,,,,,,,,,,,,,,,,,,,,,,,,,,,,,,,,,,,,,,,,,,,,,,,,,,,,,,,,,,,,,,,,,,,,,,,,,,,,,,,,,,,,,,,,,,,,,,,,
,,,,,,,,,,,,,,,,,,,,,,,,,,,,,,,,,545129,001,2024-02-21_16h07.30.934,experiment,2023.2.3,Win32,60.24096386,5828a6738dd4690001256b33,65d6198affd23d61dc0b5257,65d61efa86f816ad5de07a40,,,,,,,,,,,,,,,,,,,,,,,,,,,,,,,,,,,,,,,,,,,,,,,,,1,,,,,,,,,,,,,,,,,,,,,,,,,,s,0.7386,,space,0.5818,,1,purple_gnome,1,7,dark_forest,red_basket,red_gnome,1,8,bright_forest,yellow_basket,7,0,0,1,purple_gnome,dark_forest,red_basket,220,0,-2,23,0,46,0,1,,,,,,,,,,,,,,,,,,,,,,,,,,,,,,,,,,,,,,,,,,,,,,,,,,,,,,,,,,,,,,,,,,,,,,,,,,,,,,,,,,,,,,,,,,,,,,,,,,,,,,,,,,,,,
,,,,,,,,,,,,,,,,,,,,,,,,,,,,,,,,,545129,001,2024-02-21_16h07.30.934,experiment,2023.2.3,Win32,60.24096386,5828a6738dd4690001256b33,65d6198affd23d61dc0b5257,65d61efa86f816ad5de07a40,,,,,,,,,,,,,,,,,,,,,,,,,,,,,,,,,,,,,,,,,,,,,,,,,1,,,,,,,,,,,,,,,,,,,,,,,,,,s,0.5776,,,,,1,purple_gnome,1,5,dark_forest,red_basket,red_gnome,1,8,bright_forest,yellow_basket,0,0,1,0,purple_gnome,dark_forest,red_basket,220,1,2,23,1,47,0,1,,,,,,,,,,,,,,,,,,,,,,,,,,,,,,,,,,,,,,,,,,,,,,,,,,,,,,,,,,,,,,,,,,,,,,,,,,,,,,,,,,,,,,,,,,,,,,,,,,,,,,,,,,,,,
,,,,,,,,,,,,,,,,,,,,,,,,,,,,,,,,,545129,001,2024-02-21_16h07.30.934,experiment,2023.2.3,Win32,60.24096386,5828a6738dd4690001256b33,65d6198affd23d61dc0b5257,65d61efa86f816ad5de07a40,,,,,,,,,,,,,,,,,,,,,,,,,,,,,,,,,,,,,,,,,,,,,,,,,2,,,,,,,,,,,,,,,,,,,,,,,,,,k,1.4791,,space,0.7464,,2,green_gnome,2,9,bright_forest,yellow_basket,brown_gnomes,2,7,dark_forest,red_basket,7,0,0,1,brown_gnomes,dark_forest,red_basket,227,-1,1,24,0,48,1,1,,,,,,,,,,,,,,,,,,,,,,,,,,,,,,,,,,,,,,,,,,,,,,,,,,,,,,,,,,,,,,,,,,,,,,,,,,,,,,,,,,,,,,,,,,,,,,,,,,,,,,,,,,,,,
,,,,,,,,,,,,,,,,,,,,,,,,,,,,,,,,,545129,001,2024-02-21_16h07.30.934,experiment,2023.2.3,Win32,60.24096386,5828a6738dd4690001256b33,65d6198affd23d61dc0b5257,65d61efa86f816ad5de07a40,,,,,,,,,,,,,,,,,,,,,,,,,,,,,,,,,,,,,,,,,,,,,,,,,1,,,,,,,,,,,,,,,,,,,,,,,,,,k,0.5757,,space,0.6035,,1,red_gnome,1,8,bright_forest,yellow_basket,purple_gnome,1,8,dark_forest,red_basket,8,0,0,1,purple_gnome,dark_forest,red_basket,235,0,1,24,1,49,0,1,,,,,,,,,,,,,,,,,,,,,,,,,,,,,,,,,,,,,,,,,,,,,,,,,,,,,,,,,,,,,,,,,,,,,,,,,,,,,,,,,,,,,,,,,,,,,,,,,,,,,,,,,,,,,
,,,,,,,,,,,,,,,,,,,,,,,,,,,,,,,,,545129,001,2024-02-21_16h07.30.934,experiment,2023.2.3,Win32,60.24096386,5828a6738dd4690001256b33,65d6198affd23d61dc0b5257,65d61efa86f816ad5de07a40,,,,,,,,,,,,,,,,,,,,,,,,,,,,,,,,,,,,,,,,,,,,,,,,,1,,,,,,,,,,,,,,,,,,,,,,,,,,k,0.6734,,space,0.4928,,1,red_gnome,1,8,bright_forest,yellow_basket,purple_gnome,1,9,dark_forest,red_basket,9,0,0,1,purple_gnome,dark_forest,red_basket,244,0,-2,25,0,50,0,1,,,,,,,,,,,,,,,,,,,,,,,,,,,,,,,,,,,,,,,,,,,,,,,,,,,,,,,,,,,,,,,,,,,,,,,,,,,,,,,,,,,,,,,,,,,,,,,,,,,,,,,,,,,,,
,,,,,,,,,,,,,,,,,,,,,,,,,,,,,,,,,545129,001,2024-02-21_16h07.30.934,experiment,2023.2.3,Win32,60.24096386,5828a6738dd4690001256b33,65d6198affd23d61dc0b5257,65d61efa86f816ad5de07a40,,,,,,,,,,,,,,,,,,,,,,,,,,,,,,,,,,,,,,,,,,,,,,,,,2,,,,,,,,,,,,,,,,,,,,,,,,,,k,0.6419,,space,0.4319,,2,green_gnome,2,8,bright_forest,yellow_basket,brown_gnomes,2,7,dark_forest,red_basket,7,0,0,1,brown_gnomes,dark_forest,red_basket,251,-3,3,25,1,51,1,1,,,,,,,,,,,,,,,,,,,,,,,,,,,,,,,,,,,,,,,,,,,,,,,,,,,,,,,,,,,,,,,,,,,,,,,,,,,,,,,,,,,,,,,,,,,,,,,,,,,,,,,,,,,,,
,,,,,,,,,,,,,,,,,,,,,,,,,,,,,,,,,545129,001,2024-02-21_16h07.30.934,experiment,2023.2.3,Win32,60.24096386,5828a6738dd4690001256b33,65d6198affd23d61dc0b5257,65d61efa86f816ad5de07a40,,,,,,,,,,,,,,,,,,,,,,,,,,,,,,,,,,,,,,,,,,,,,,,,,2,,,,,,,,,,,,,,,,,,,,,,,,,,s,0.9226,,space,0.5896,,2,brown_gnomes,2,8,dark_forest,red_basket,green_gnome,2,5,bright_forest,yellow_basket,8,0,0,1,brown_gnomes,dark_forest,red_basket,259,-1,-2,26,0,52,1,1,,,,,,,,,,,,,,,,,,,,,,,,,,,,,,,,,,,,,,,,,,,,,,,,,,,,,,,,,,,,,,,,,,,,,,,,,,,,,,,,,,,,,,,,,,,,,,,,,,,,,,,,,,,,,
,,,,,,,,,,,,,,,,,,,,,,,,,,,,,,,,,545129,001,2024-02-21_16h07.30.934,experiment,2023.2.3,Win32,60.24096386,5828a6738dd4690001256b33,65d6198affd23d61dc0b5257,65d61efa86f816ad5de07a40,,,,,,,,,,,,,,,,,,,,,,,,,,,,,,,,,,,,,,,,,,,,,,,,,2,,,,,,,,,,,,,,,,,,,,,,,,,,k,0.7769,,space,0.5151,,2,green_gnome,2,4,bright_forest,yellow_basket,brown_gnomes,2,6,dark_forest,red_basket,6,0,0,1,brown_gnomes,dark_forest,red_basket,265,0,1,26,1,53,1,1,,,,,,,,,,,,,,,,,,,,,,,,,,,,,,,,,,,,,,,,,,,,,,,,,,,,,,,,,,,,,,,,,,,,,,,,,,,,,,,,,,,,,,,,,,,,,,,,,,,,,,,,,,,,,
,,,,,,,,,,,,,,,,,,,,,,,,,,,,,,,,,545129,001,2024-02-21_16h07.30.934,experiment,2023.2.3,Win32,60.24096386,5828a6738dd4690001256b33,65d6198affd23d61dc0b5257,65d61efa86f816ad5de07a40,,,,,,,,,,,,,,,,,,,,,,,,,,,,,,,,,,,,,,,,,,,,,,,,,2,,,,,,,,,,,,,,,,,,,,,,,,,,s,0.6298,,space,0.3928,,2,brown_gnomes,2,7,dark_forest,red_basket,green_gnome,2,4,bright_forest,yellow_basket,7,0,0,1,brown_gnomes,dark_forest,red_basket,272,-1,-1,27,0,54,1,1,,,,,,,,,,,,,,,,,,,,,,,,,,,,,,,,,,,,,,,,,,,,,,,,,,,,,,,,,,,,,,,,,,,,,,,,,,,,,,,,,,,,,,,,,,,,,,,,,,,,,,,,,,,,,
,,,,,,,,,,,,,,,,,,,,,,,,,,,,,,,,,545129,001,2024-02-21_16h07.30.934,experiment,2023.2.3,Win32,60.24096386,5828a6738dd4690001256b33,65d6198affd23d61dc0b5257,65d61efa86f816ad5de07a40,,,,,,,,,,,,,,,,,,,,,,,,,,,,,,,,,,,,,,,,,,,,,,,,,1,,,,,,,,,,,,,,,,,,,,,,,,,,s,0.8295,,space,1.4262,,1,purple_gnome,1,6,dark_forest,red_basket,red_gnome,1,3,bright_forest,yellow_basket,6,0,0,1,purple_gnome,dark_forest,red_basket,278,-1,4,27,1,55,0,1,,,,,,,,,,,,,,,,,,,,,,,,,,,,,,,,,,,,,,,,,,,,,,,,,,,,,,,,,,,,,,,,,,,,,,,,,,,,,,,,,,,,,,,,,,,,,,,,,,,,,,,,,,,,,
,,,,,,,,,,,,,,,,,,,,,,,,,,,,,,,,,545129,001,2024-02-21_16h07.30.934,experiment,2023.2.3,Win32,60.24096386,5828a6738dd4690001256b33,65d6198affd23d61dc0b5257,65d61efa86f816ad5de07a40,,,,,,,,,,,,,,,,,,,,,,,,,,,,,,,,,,,,,,,,,,,,,,,,,1,,,,,,,,,,,,,,,,,,,,,,,,,,s,0.5655,,space,0.5018,,1,purple_gnome,1,8,dark_forest,red_basket,red_gnome,1,2,bright_forest,yellow_basket,8,0,0,1,purple_gnome,dark_forest,red_basket,286,3,-2,28,0,56,0,1,,,,,,,,,,,,,,,,,,,,,,,,,,,,,,,,,,,,,,,,,,,,,,,,,,,,,,,,,,,,,,,,,,,,,,,,,,,,,,,,,,,,,,,,,,,,,,,,,,,,,,,,,,,,,
,,,,,,,,,,,,,,,,,,,,,,,,,,,,,,,,,545129,001,2024-02-21_16h07.30.934,experiment,2023.2.3,Win32,60.24096386,5828a6738dd4690001256b33,65d6198affd23d61dc0b5257,65d61efa86f816ad5de07a40,,,,,,,,,,,,,,,,,,,,,,,,,,,,,,,,,,,,,,,,,,,,,,,,,1,,,,,,,,,,,,,,,,,,,,,,,,,,s,0.7429,,space,0.5355,,1,purple_gnome,1,6,dark_forest,red_basket,red_gnome,1,5,bright_forest,yellow_basket,6,0,0,1,purple_gnome,dark_forest,red_basket,292,2,-1,28,1,57,0,1,,,,,,,,,,,,,,,,,,,,,,,,,,,,,,,,,,,,,,,,,,,,,,,,,,,,,,,,,,,,,,,,,,,,,,,,,,,,,,,,,,,,,,,,,,,,,,,,,,,,,,,,,,,,,
,,,,,,,,,,,,,,,,,,,,,,,,,,,,,,,,,545129,001,2024-02-21_16h07.30.934,experiment,2023.2.3,Win32,60.24096386,5828a6738dd4690001256b33,65d6198affd23d61dc0b5257,65d61efa86f816ad5de07a40,,,,,,,,,,,,,,,,,,,,,,,,,,,,,,,,,,,,,,,,,,,,,,,,,1,,,,,,,,,,,,,,,,,,,,,,,,,,k,0.6947,,space,0.8115,,1,red_gnome,1,7,bright_forest,yellow_basket,purple_gnome,1,5,dark_forest,red_basket,5,0,0,1,purple_gnome,dark_forest,red_basket,297,-1,-1,29,0,58,0,1,,,,,,,,,,,,,,,,,,,,,,,,,,,,,,,,,,,,,,,,,,,,,,,,,,,,,,,,,,,,,,,,,,,,,,,,,,,,,,,,,,,,,,,,,,,,,,,,,,,,,,,,,,,,,
,,,,,,,,,,,,,,,,,,,,,,,,,,,,,,,,,545129,001,2024-02-21_16h07.30.934,experiment,2023.2.3,Win32,60.24096386,5828a6738dd4690001256b33,65d6198affd23d61dc0b5257,65d61efa86f816ad5de07a40,,,,,,,,,,,,,,,,,,,,,,,,,,,,,,,,,,,,,,,,,,,,,,,,,1,,,,,,,,,,,,,,,,,,,,,,,,,,s,0.5233,,space,0.4809,,1,purple_gnome,1,4,dark_forest,red_basket,red_gnome,1,6,bright_forest,yellow_basket,4,0,0,1,purple_gnome,dark_forest,red_basket,301,3,-2,29,1,59,0,1,,,,,,,,,,,,,,,,,,,,,,,,,,,,,,,,,,,,,,,,,,,,,,,,,,,,,,,,,,,,,,,,,,,,,,,,,,,,,,,,,,,,,,,,,,,,,,,,,,,,,,,,,,,,,
,,,,,,,,,,,,,,,,,,,,,,,,,,,,,,,,,545129,001,2024-02-21_16h07.30.934,experiment,2023.2.3,Win32,60.24096386,5828a6738dd4690001256b33,65d6198affd23d61dc0b5257,65d61efa86f816ad5de07a40,,,,,,,,,,,,,,,,,,,,,,,,,,,,,,,,,,,,,,,,,,,,,,,,,1,,,,,,,,,,,,,,,,,,,,,,,,,,k,0.6754,,space,0.6906,,1,purple_gnome,1,2,dark_forest,red_basket,red_gnome,1,9,bright_forest,yellow_basket,9,0,0,1,red_gnome,bright_forest,yellow_basket,310,-1,0,30,0,60,0,1,,,,,,,,,,,,,,,,,,,,,,,,,,,,,,,,,,,,,,,,,,,,,,,,,,,,,,,,,,,,,,,,,,,,,,,,,,,,,,,,,,,,,,,,,,,,,,,,,,,,,,,,,,,,,
,,,,,,,,,,,,,,,,,,,,,,,,,,,,,,,,,545129,001,2024-02-21_16h07.30.934,experiment,2023.2.3,Win32,60.24096386,5828a6738dd4690001256b33,65d6198affd23d61dc0b5257,65d61efa86f816ad5de07a40,,,,,,,,,,,,,,,,,,,,,,,,,,,,,,,,,,,,,,,,,,,,,,,,,1,,,,,,,,,,,,,,,,,,,,,,,,,,k,0.567,,space,0.6972,,1,purple_gnome,1,2,dark_forest,red_basket,red_gnome,1,8,bright_forest,yellow_basket,8,0,0,1,red_gnome,bright_forest,yellow_basket,318,-2,-3,30,1,61,0,1,,,,,,,,,,,,,,,,,,,,,,,,,,,,,,,,,,,,,,,,,,,,,,,,,,,,,,,,,,,,,,,,,,,,,,,,,,,,,,,,,,,,,,,,,,,,,,,,,,,,,,,,,,,,,
,,,,,,,,,,,,,,,,,,,,,,,,,,,,,,,,,545129,001,2024-02-21_16h07.30.934,experiment,2023.2.3,Win32,60.24096386,5828a6738dd4690001256b33,65d6198affd23d61dc0b5257,65d61efa86f816ad5de07a40,,,,,,,,,,,,,,,,,,,,,,,,,,,,,,,,,,,,,,,,,,,,,,,,,2,,,,,,,,,,,,,,,,,,,,,,,,,,s,0.8903,,space,0.725,,2,green_gnome,2,6,bright_forest,yellow_basket,brown_gnomes,2,1,dark_forest,red_basket,6,0,0,1,green_gnome,bright_forest,yellow_basket,324,-1,1,31,0,62,1,1,,,,,,,,,,,,,,,,,,,,,,,,,,,,,,,,,,,,,,,,,,,,,,,,,,,,,,,,,,,,,,,,,,,,,,,,,,,,,,,,,,,,,,,,,,,,,,,,,,,,,,,,,,,,,
,,,,,,,,,,,,,,,,,,,,,,,,,,,,,,,,,545129,001,2024-02-21_16h07.30.934,experiment,2023.2.3,Win32,60.24096386,5828a6738dd4690001256b33,65d6198affd23d61dc0b5257,65d61efa86f816ad5de07a40,,,,,,,,,,,,,,,,,,,,,,,,,,,,,,,,,,,,,,,,,,,,,,,,,1,,,,,,,,,,,,,,,,,,,,,,,,,,s,0.6234,,space,0.6562,,1,red_gnome,1,5,bright_forest,yellow_basket,purple_gnome,1,2,dark_forest,red_basket,5,0,0,1,red_gnome,bright_forest,yellow_basket,329,-2,0,31,1,63,0,1,,,,,,,,,,,,,,,,,,,,,,,,,,,,,,,,,,,,,,,,,,,,,,,,,,,,,,,,,,,,,,,,,,,,,,,,,,,,,,,,,,,,,,,,,,,,,,,,,,,,,,,,,,,,,
,,,,,,,,,,,,,,,,,,,,,,,,,,,,,,,,,545129,001,2024-02-21_16h07.30.934,experiment,2023.2.3,Win32,60.24096386,5828a6738dd4690001256b33,65d6198affd23d61dc0b5257,65d61efa86f816ad5de07a40,,,,,,,,,,,,,,,,,,,,,,,,,,,,,,,,,,,,,,,,,,,,,,,,,2,,,,,,,,,,,,,,,,,,,,,,,,,,k,0.5409,,space,0.8933,,2,brown_gnomes,2,2,dark_forest,red_basket,green_gnome,2,3,bright_forest,yellow_basket,3,0,0,1,green_gnome,bright_forest,yellow_basket,332,-3,2,32,0,64,1,1,,,,,,,,,,,,,,,,,,,,,,,,,,,,,,,,,,,,,,,,,,,,,,,,,,,,,,,,,,,,,,,,,,,,,,,,,,,,,,,,,,,,,,,,,,,,,,,,,,,,,,,,,,,,,
,,,,,,,,,,,,,,,,,,,,,,,,,,,,,,,,,545129,001,2024-02-21_16h07.30.934,experiment,2023.2.3,Win32,60.24096386,5828a6738dd4690001256b33,65d6198affd23d61dc0b5257,65d61efa86f816ad5de07a40,,,,,,,,,,,,,,,,,,,,,,,,,,,,,,,,,,,,,,,,,,,,,,,,,1,,,,,,,,,,,,,,,,,,,,,,,,,,k,0.6998,,space,0.7241,,1,red_gnome,1,0,bright_forest,yellow_basket,purple_gnome,1,4,dark_forest,red_basket,4,0,0,1,purple_gnome,dark_forest,red_basket,336,-1,1,32,1,65,0,1,,,,,,,,,,,,,,,,,,,,,,,,,,,,,,,,,,,,,,,,,,,,,,,,,,,,,,,,,,,,,,,,,,,,,,,,,,,,,,,,,,,,,,,,,,,,,,,,,,,,,,,,,,,,,
,,,,,,,,,,,,,,,,,,,,,,,,,,,,,,,,,545129,001,2024-02-21_16h07.30.934,experiment,2023.2.3,Win32,60.24096386,5828a6738dd4690001256b33,65d6198affd23d61dc0b5257,65d61efa86f816ad5de07a40,,,,,,,,,,,,,,,,,,,,,,,,,,,,,,,,,,,,,,,,,,,,,,,,,1,,,,,,,,,,,,,,,,,,,,,,,,,,s,0.5374,,space,0.6712,,1,purple_gnome,1,5,dark_forest,red_basket,red_gnome,1,1,bright_forest,yellow_basket,5,0,0,1,purple_gnome,dark_forest,red_basket,341,-2,-2,33,0,66,0,1,,,,,,,,,,,,,,,,,,,,,,,,,,,,,,,,,,,,,,,,,,,,,,,,,,,,,,,,,,,,,,,,,,,,,,,,,,,,,,,,,,,,,,,,,,,,,,,,,,,,,,,,,,,,,
,,,,,,,,,,,,,,,,,,,,,,,,,,,,,,,,,545129,001,2024-02-21_16h07.30.934,experiment,2023.2.3,Win32,60.24096386,5828a6738dd4690001256b33,65d6198affd23d61dc0b5257,65d61efa86f816ad5de07a40,,,,,,,,,,,,,,,,,,,,,,,,,,,,,,,,,,,,,,,,,,,,,,,,,2,,,,,,,,,,,,,,,,,,,,,,,,,,k,1.3523,,space,0.7912,,2,green_gnome,2,1,bright_forest,yellow_basket,brown_gnomes,2,3,dark_forest,red_basket,3,0,0,1,brown_gnomes,dark_forest,red_basket,344,2,4,33,1,67,1,1,,,,,,,,,,,,,,,,,,,,,,,,,,,,,,,,,,,,,,,,,,,,,,,,,,,,,,,,,,,,,,,,,,,,,,,,,,,,,,,,,,,,,,,,,,,,,,,,,,,,,,,,,,,,,
,,,,,,,,,,,,,,,,,,,,,,,,,,,,,,,,,545129,001,2024-02-21_16h07.30.934,experiment,2023.2.3,Win32,60.24096386,5828a6738dd4690001256b33,65d6198affd23d61dc0b5257,65d61efa86f816ad5de07a40,,,,,,,,,,,,,,,,,,,,,,,,,,,,,,,,,,,,,,,,,,,,,,,,,1,,,,,,,,,,,,,,,,,,,,,,,,,,k,1.3147,,space,0.32,,1,purple_gnome,1,7,dark_forest,red_basket,red_gnome,1,3,bright_forest,yellow_basket,3,0,0,1,red_gnome,bright_forest,yellow_basket,347,-1,0,34,0,68,0,1,,,,,,,,,,,,,,,,,,,,,,,,,,,,,,,,,,,,,,,,,,,,,,,,,,,,,,,,,,,,,,,,,,,,,,,,,,,,,,,,,,,,,,,,,,,,,,,,,,,,,,,,,,,,,
,,,,,,,,,,,,,,,,,,,,,,,,,,,,,,,,,545129,001,2024-02-21_16h07.30.934,experiment,2023.2.3,Win32,60.24096386,5828a6738dd4690001256b33,65d6198affd23d61dc0b5257,65d61efa86f816ad5de07a40,,,,,,,,,,,,,,,,,,,,,,,,,,,,,,,,,,,,,,,,,,,,,,,,,1,,,,,,,,,,,,,,,,,,,,,,,,,,k,0.8996,,space,0.5332,,1,red_gnome,1,2,bright_forest,yellow_basket,purple_gnome,1,7,dark_forest,red_basket,7,0,0,1,purple_gnome,dark_forest,red_basket,354,-1,0,34,1,69,0,1,,,,,,,,,,,,,,,,,,,,,,,,,,,,,,,,,,,,,,,,,,,,,,,,,,,,,,,,,,,,,,,,,,,,,,,,,,,,,,,,,,,,,,,,,,,,,,,,,,,,,,,,,,,,,
,,,,,,,,,,,,,,,,,,,,,,,,,,,,,,,,,545129,001,2024-02-21_16h07.30.934,experiment,2023.2.3,Win32,60.24096386,5828a6738dd4690001256b33,65d6198affd23d61dc0b5257,65d61efa86f816ad5de07a40,,,,,,,,,,,,,,,,,,,,,,,,,,,,,,,,,,,,,,,,,,,,,,,,,2,,,,,,,,,,,,,,,,,,,,,,,,,,k,0.4787,,space,0.1103,,2,green_gnome,2,1,bright_forest,yellow_basket,brown_gnomes,2,7,dark_forest,red_basket,7,0,0,1,brown_gnomes,dark_forest,red_basket,361,0,0,35,0,70,1,1,,,,,,,,,,,,,,,,,,,,,,,,,,,,,,,,,,,,,,,,,,,,,,,,,,,,,,,,,,,,,,,,,,,,,,,,,,,,,,,,,,,,,,,,,,,,,,,,,,,,,,,,,,,,,
,,,,,,,,,,,,,,,,,,,,,,,,,,,,,,,,,545129,001,2024-02-21_16h07.30.934,experiment,2023.2.3,Win32,60.24096386,5828a6738dd4690001256b33,65d6198affd23d61dc0b5257,65d61efa86f816ad5de07a40,,,,,,,,,,,,,,,,,,,,,,,,,,,,,,,,,,,,,,,,,,,,,,,,,1,,,,,,,,,,,,,,,,,,,,,,,,,,s,0.6195,,space,0.4547,,1,purple_gnome,1,7,dark_forest,red_basket,red_gnome,1,1,bright_forest,yellow_basket,7,0,0,1,purple_gnome,dark_forest,red_basket,368,1,-1,35,1,71,0,1,,,,,,,,,,,,,,,,,,,,,,,,,,,,,,,,,,,,,,,,,,,,,,,,,,,,,,,,,,,,,,,,,,,,,,,,,,,,,,,,,,,,,,,,,,,,,,,,,,,,,,,,,,,,,
,,,,,,,,,,,,,,,,,,,,,,,,,,,,,,,,,545129,001,2024-02-21_16h07.30.934,experiment,2023.2.3,Win32,60.24096386,5828a6738dd4690001256b33,65d6198affd23d61dc0b5257,65d61efa86f816ad5de07a40,,,,,,,,,,,,,,,,,,,,,,,,,,,,,,,,,,,,,,,,,,,,,,,,,1,,,,,,,,,,,,,,,,,,,,,,,,,,s,0.6147,,space,0.4778,,1,purple_gnome,1,6,dark_forest,red_basket,red_gnome,1,2,bright_forest,yellow_basket,6,0,0,1,purple_gnome,dark_forest,red_basket,374,0,-2,36,0,72,0,1,,,,,,,,,,,,,,,,,,,,,,,,,,,,,,,,,,,,,,,,,,,,,,,,,,,,,,,,,,,,,,,,,,,,,,,,,,,,,,,,,,,,,,,,,,,,,,,,,,,,,,,,,,,,,
,,,,,,,,,,,,,,,,,,,,,,,,,,,,,,,,,545129,001,2024-02-21_16h07.30.934,experiment,2023.2.3,Win32,60.24096386,5828a6738dd4690001256b33,65d6198affd23d61dc0b5257,65d61efa86f816ad5de07a40,,,,,,,,,,,,,,,,,,,,,,,,,,,,,,,,,,,,,,,,,,,,,,,,,1,,,,,,,,,,,,,,,,,,,,,,,,,,k,0.5844,,space,0.4963,,1,red_gnome,1,2,bright_forest,yellow_basket,purple_gnome,1,4,dark_forest,red_basket,4,0,0,1,purple_gnome,dark_forest,red_basket,378,-1,-1,36,1,73,0,1,,,,,,,,,,,,,,,,,,,,,,,,,,,,,,,,,,,,,,,,,,,,,,,,,,,,,,,,,,,,,,,,,,,,,,,,,,,,,,,,,,,,,,,,,,,,,,,,,,,,,,,,,,,,,
,,,,,,,,,,,,,,,,,,,,,,,,,,,,,,,,,545129,001,2024-02-21_16h07.30.934,experiment,2023.2.3,Win32,60.24096386,5828a6738dd4690001256b33,65d6198affd23d61dc0b5257,65d61efa86f816ad5de07a40,,,,,,,,,,,,,,,,,,,,,,,,,,,,,,,,,,,,,,,,,,,,,,,,,1,,,,,,,,,,,,,,,,,,,,,,,,,,s,0.8993,,space,0.6813,,1,purple_gnome,1,3,dark_forest,red_basket,red_gnome,1,1,bright_forest,yellow_basket,3,0,0,1,purple_gnome,dark_forest,red_basket,381,-1,-3,37,0,74,0,1,,,,,,,,,,,,,,,,,,,,,,,,,,,,,,,,,,,,,,,,,,,,,,,,,,,,,,,,,,,,,,,,,,,,,,,,,,,,,,,,,,,,,,,,,,,,,,,,,,,,,,,,,,,,,
,,,,,,,,,,,,,,,,,,,,,,,,,,,,,,,,,545129,001,2024-02-21_16h07.30.934,experiment,2023.2.3,Win32,60.24096386,5828a6738dd4690001256b33,65d6198affd23d61dc0b5257,65d61efa86f816ad5de07a40,,,,,,,,,,,,,,,,,,,,,,,,,,,,,,,,,,,,,,,,,,,,,,,,,1,,,,,,,,,,,,,,,,,,,,,,,,,,s,0.8983,,space,0.6663,,1,red_gnome,1,0,bright_forest,yellow_basket,purple_gnome,1,0,dark_forest,red_basket,0,0,0,1,red_gnome,bright_forest,yellow_basket,381,-1,0,37,1,75,0,1,,,,,,,,,,,,,,,,,,,,,,,,,,,,,,,,,,,,,,,,,,,,,,,,,,,,,,,,,,,,,,,,,,,,,,,,,,,,,,,,,,,,,,,,,,,,,,,,,,,,,,,,,,,,,
,,,,,,,,,,,,,,,,,,,,,,,,,,,,,,,,,545129,001,2024-02-21_16h07.30.934,experiment,2023.2.3,Win32,60.24096386,5828a6738dd4690001256b33,65d6198affd23d61dc0b5257,65d61efa86f816ad5de07a40,,,,,,,,,,,,,,,,,,,,,,,,,,,,,,,,,,,,,,,,,,,,,,,,,2,,,,,,,,,,,,,,,,,,,,,,,,,,k,0.6164,,space,0.4176,,2,green_gnome,2,1,bright_forest,yellow_basket,brown_gnomes,2,0,dark_forest,red_basket,0,0,0,1,brown_gnomes,dark_forest,red_basket,381,-2,-2,38,0,76,1,1,,,,,,,,,,,,,,,,,,,,,,,,,,,,,,,,,,,,,,,,,,,,,,,,,,,,,,,,,,,,,,,,,,,,,,,,,,,,,,,,,,,,,,,,,,,,,,,,,,,,,,,,,,,,,
,,,,,,,,,,,,,,,,,,,,,,,,,,,,,,,,,545129,001,2024-02-21_16h07.30.934,experiment,2023.2.3,Win32,60.24096386,5828a6738dd4690001256b33,65d6198affd23d61dc0b5257,65d61efa86f816ad5de07a40,,,,,,,,,,,,,,,,,,,,,,,,,,,,,,,,,,,,,,,,,,,,,,,,,1,,,,,,,,,,,,,,,,,,,,,,,,,,k,0.8527,,space,0.673,,1,purple_gnome,1,2,dark_forest,red_basket,red_gnome,1,1,bright_forest,yellow_basket,1,0,0,1,red_gnome,bright_forest,yellow_basket,382,-4,0,38,1,77,0,1,,,,,,,,,,,,,,,,,,,,,,,,,,,,,,,,,,,,,,,,,,,,,,,,,,,,,,,,,,,,,,,,,,,,,,,,,,,,,,,,,,,,,,,,,,,,,,,,,,,,,,,,,,,,,
,,,,,,,,,,,,,,,,,,,,,,,,,,,,,,,,,545129,001,2024-02-21_16h07.30.934,experiment,2023.2.3,Win32,60.24096386,5828a6738dd4690001256b33,65d6198affd23d61dc0b5257,65d61efa86f816ad5de07a40,,,,,,,,,,,,,,,,,,,,,,,,,,,,,,,,,,,,,,,,,,,,,,,,,2,,,,,,,,,,,,,,,,,,,,,,,,,,k,0.7513,,space,0.5373,,2,green_gnome,2,3,bright_forest,yellow_basket,brown_gnomes,2,2,dark_forest,red_basket,2,0,0,1,brown_gnomes,dark_forest,red_basket,384,4,-1,39,0,78,1,1,,,,,,,,,,,,,,,,,,,,,,,,,,,,,,,,,,,,,,,,,,,,,,,,,,,,,,,,,,,,,,,,,,,,,,,,,,,,,,,,,,,,,,,,,,,,,,,,,,,,,,,,,,,,,
,,,,,,,,,,,,,,,,,,,,,,,,,,,,,,,,,545129,001,2024-02-21_16h07.30.934,experiment,2023.2.3,Win32,60.24096386,5828a6738dd4690001256b33,65d6198affd23d61dc0b5257,65d61efa86f816ad5de07a40,,,,,,,,,,,,,,,,,,,,,,,,,,,,,,,,,,,,,,,,,,,,,,,,,1,,,,,,,,,,,,,,,,,,,,,,,,,,s,0.6476,,space,0.0778,,1,purple_gnome,1,1,dark_forest,red_basket,red_gnome,1,7,bright_forest,yellow_basket,1,0,0,1,purple_gnome,dark_forest,red_basket,385,2,0,39,1,79,0,1,,,,,,,,,,,,,,,,,,,,,,,,,,,,,,,,,,,,,,,,,,,,,,,,,,,,,,,,,,,,,,,,,,,,,,,,,,,,,,,,,,,,,,,,,,,,,,,,,,,,,,,,,,,,,
,,,,,,,,,,,,,,,,,,,,,,,,,,,,,,,,,545129,001,2024-02-21_16h07.30.934,experiment,2023.2.3,Win32,60.24096386,5828a6738dd4690001256b33,65d6198affd23d61dc0b5257,65d61efa86f816ad5de07a40,,,,,,,,,,,,,,,,,,,,,,,,,,,,,,,,,,,,,,,,,,,,,,,,,1,,,,,,,,,,,,,,,,,,,,,,,,,,s,0.7623,,space,0.5346,,1,red_gnome,1,9,bright_forest,yellow_basket,purple_gnome,1,1,dark_forest,red_basket,9,0,0,1,red_gnome,bright_forest,yellow_basket,394,-2,2,40,0,80,0,1,,,,,,,,,,,,,,,,,,,,,,,,,,,,,,,,,,,,,,,,,,,,,,,,,,,,,,,,,,,,,,,,,,,,,,,,,,,,,,,,,,,,,,,,,,,,,,,,,,,,,,,,,,,,,
,,,,,,,,,,,,,,,,,,,,,,,,,,,,,,,,,545129,001,2024-02-21_16h07.30.934,experiment,2023.2.3,Win32,60.24096386,5828a6738dd4690001256b33,65d6198affd23d61dc0b5257,65d61efa86f816ad5de07a40,,,,,,,,,,,,,,,,,,,,,,,,,,,,,,,,,,,,,,,,,,,,,,,,,2,,,,,,,,,,,,,,,,,,,,,,,,,,s,0.5791,,space,0.881,,2,green_gnome,2,7,bright_forest,yellow_basket,brown_gnomes,2,3,dark_forest,red_basket,7,0,0,1,green_gnome,bright_forest,yellow_basket,401,1,1,40,1,81,1,1,,,,,,,,,,,,,,,,,,,,,,,,,,,,,,,,,,,,,,,,,,,,,,,,,,,,,,,,,,,,,,,,,,,,,,,,,,,,,,,,,,,,,,,,,,,,,,,,,,,,,,,,,,,,,
,,,,,,,,,,,,,,,,,,,,,,,,,,,,,,,,,545129,001,2024-02-21_16h07.30.934,experiment,2023.2.3,Win32,60.24096386,5828a6738dd4690001256b33,65d6198affd23d61dc0b5257,65d61efa86f816ad5de07a40,,,,,,,,,,,,,,,,,,,,,,,,,,,,,,,,,,,,,,,,,,,,,,,,,1,,,,,,,,,,,,,,,,,,,,,,,,,,k,0.6092,,space,0.7389,,1,purple_gnome,1,4,dark_forest,red_basket,red_gnome,1,8,bright_forest,yellow_basket,8,0,0,1,red_gnome,bright_forest,yellow_basket,409,-1,-2,41,0,82,0,1,,,,,,,,,,,,,,,,,,,,,,,,,,,,,,,,,,,,,,,,,,,,,,,,,,,,,,,,,,,,,,,,,,,,,,,,,,,,,,,,,,,,,,,,,,,,,,,,,,,,,,,,,,,,,
,,,,,,,,,,,,,,,,,,,,,,,,,,,,,,,,,545129,001,2024-02-21_16h07.30.934,experiment,2023.2.3,Win32,60.24096386,5828a6738dd4690001256b33,65d6198affd23d61dc0b5257,65d61efa86f816ad5de07a40,,,,,,,,,,,,,,,,,,,,,,,,,,,,,,,,,,,,,,,,,,,,,,,,,2,,,,,,,,,,,,,,,,,,,,,,,,,,s,0.5315,,space,0.8354,,2,green_gnome,2,7,bright_forest,yellow_basket,brown_gnomes,2,2,dark_forest,red_basket,7,0,0,1,green_gnome,bright_forest,yellow_basket,416,-1,2,41,1,83,1,1,,,,,,,,,,,,,,,,,,,,,,,,,,,,,,,,,,,,,,,,,,,,,,,,,,,,,,,,,,,,,,,,,,,,,,,,,,,,,,,,,,,,,,,,,,,,,,,,,,,,,,,,,,,,,
,,,,,,,,,,,,,,,,,,,,,,,,,,,,,,,,,545129,001,2024-02-21_16h07.30.934,experiment,2023.2.3,Win32,60.24096386,5828a6738dd4690001256b33,65d6198affd23d61dc0b5257,65d61efa86f816ad5de07a40,,,,,,,,,,,,,,,,,,,,,,,,,,,,,,,,,,,,,,,,,,,,,,,,,2,,,,,,,,,,,,,,,,,,,,,,,,,,k,0.6486,,space,0.6591,,2,brown_gnomes,2,4,dark_forest,red_basket,green_gnome,2,6,bright_forest,yellow_basket,6,0,0,1,green_gnome,bright_forest,yellow_basket,422,-3,0,42,0,84,1,1,,,,,,,,,,,,,,,,,,,,,,,,,,,,,,,,,,,,,,,,,,,,,,,,,,,,,,,,,,,,,,,,,,,,,,,,,,,,,,,,,,,,,,,,,,,,,,,,,,,,,,,,,,,,,
,,,,,,,,,,,,,,,,,,,,,,,,,,,,,,,,,545129,001,2024-02-21_16h07.30.934,experiment,2023.2.3,Win32,60.24096386,5828a6738dd4690001256b33,65d6198affd23d61dc0b5257,65d61efa86f816ad5de07a40,,,,,,,,,,,,,,,,,,,,,,,,,,,,,,,,,,,,,,,,,,,,,,,,,2,,,,,,,,,,,,,,,,,,,,,,,,,,s,0.6513,,space,0.5541,,2,green_gnome,2,3,bright_forest,yellow_basket,brown_gnomes,2,4,dark_forest,red_basket,3,0,0,1,green_gnome,bright_forest,yellow_basket,425,0,0,42,1,85,1,1,,,,,,,,,,,,,,,,,,,,,,,,,,,,,,,,,,,,,,,,,,,,,,,,,,,,,,,,,,,,,,,,,,,,,,,,,,,,,,,,,,,,,,,,,,,,,,,,,,,,,,,,,,,,,
,,,,,,,,,,,,,,,,,,,,,,,,,,,,,,,,,545129,001,2024-02-21_16h07.30.934,experiment,2023.2.3,Win32,60.24096386,5828a6738dd4690001256b33,65d6198affd23d61dc0b5257,65d61efa86f816ad5de07a40,,,,,,,,,,,,,,,,,,,,,,,,,,,,,,,,,,,,,,,,,,,,,,,,,2,,,,,,,,,,,,,,,,,,,,,,,,,,k,0.5722,,space,0.4274,,2,green_gnome,2,3,bright_forest,yellow_basket,brown_gnomes,2,4,dark_forest,red_basket,4,0,0,1,brown_gnomes,dark_forest,red_basket,429,1,0,43,0,86,1,1,,,,,,,,,,,,,,,,,,,,,,,,,,,,,,,,,,,,,,,,,,,,,,,,,,,,,,,,,,,,,,,,,,,,,,,,,,,,,,,,,,,,,,,,,,,,,,,,,,,,,,,,,,,,,
,,,,,,,,,,,,,,,,,,,,,,,,,,,,,,,,,545129,001,2024-02-21_16h07.30.934,experiment,2023.2.3,Win32,60.24096386,5828a6738dd4690001256b33,65d6198affd23d61dc0b5257,65d61efa86f816ad5de07a40,,,,,,,,,,,,,,,,,,,,,,,,,,,,,,,,,,,,,,,,,,,,,,,,,1,,,,,,,,,,,,,,,,,,,,,,,,,,s,0.8849,,space,0.4655,,1,purple_gnome,1,4,dark_forest,red_basket,red_gnome,1,4,bright_forest,yellow_basket,4,0,0,1,purple_gnome,dark_forest,red_basket,433,2,2,43,1,87,0,1,,,,,,,,,,,,,,,,,,,,,,,,,,,,,,,,,,,,,,,,,,,,,,,,,,,,,,,,,,,,,,,,,,,,,,,,,,,,,,,,,,,,,,,,,,,,,,,,,,,,,,,,,,,,,
,,,,,,,,,,,,,,,,,,,,,,,,,,,,,,,,,545129,001,2024-02-21_16h07.30.934,experiment,2023.2.3,Win32,60.24096386,5828a6738dd4690001256b33,65d6198affd23d61dc0b5257,65d61efa86f816ad5de07a40,,,,,,,,,,,,,,,,,,,,,,,,,,,,,,,,,,,,,,,,,,,,,,,,,2,,,,,,,,,,,,,,,,,,,,,,,,,,k,0.8954,,space,0.5796,,2,green_gnome,2,6,bright_forest,yellow_basket,brown_gnomes,2,6,dark_forest,red_basket,6,0,0,1,brown_gnomes,dark_forest,red_basket,439,-1,-1,44,0,88,1,1,,,,,,,,,,,,,,,,,,,,,,,,,,,,,,,,,,,,,,,,,,,,,,,,,,,,,,,,,,,,,,,,,,,,,,,,,,,,,,,,,,,,,,,,,,,,,,,,,,,,,,,,,,,,,
,,,,,,,,,,,,,,,,,,,,,,,,,,,,,,,,,545129,001,2024-02-21_16h07.30.934,experiment,2023.2.3,Win32,60.24096386,5828a6738dd4690001256b33,65d6198affd23d61dc0b5257,65d61efa86f816ad5de07a40,,,,,,,,,,,,,,,,,,,,,,,,,,,,,,,,,,,,,,,,,,,,,,,,,1,,,,,,,,,,,,,,,,,,,,,,,,,,s,0.6176,,space,0.4865,,1,purple_gnome,1,5,dark_forest,red_basket,red_gnome,1,5,bright_forest,yellow_basket,5,0,0,1,purple_gnome,dark_forest,red_basket,444,-1,2,44,1,89,0,1,,,,,,,,,,,,,,,,,,,,,,,,,,,,,,,,,,,,,,,,,,,,,,,,,,,,,,,,,,,,,,,,,,,,,,,,,,,,,,,,,,,,,,,,,,,,,,,,,,,,,,,,,,,,,
,,,,,,,,,,,,,,,,,,,,,,,,,,,,,,,,,545129,001,2024-02-21_16h07.30.934,experiment,2023.2.3,Win32,60.24096386,5828a6738dd4690001256b33,65d6198affd23d61dc0b5257,65d61efa86f816ad5de07a40,,,,,,,,,,,,,,,,,,,,,,,,,,,,,,,,,,,,,,,,,,,,,,,,,2,,,,,,,,,,,,,,,,,,,,,,,,,,k,0.7648,,space,0.7485,,2,green_gnome,2,4,bright_forest,yellow_basket,brown_gnomes,2,7,dark_forest,red_basket,7,0,0,1,brown_gnomes,dark_forest,red_basket,451,1,1,45,0,90,1,1,,,,,,,,,,,,,,,,,,,,,,,,,,,,,,,,,,,,,,,,,,,,,,,,,,,,,,,,,,,,,,,,,,,,,,,,,,,,,,,,,,,,,,,,,,,,,,,,,,,,,,,,,,,,,
,,,,,,,,,,,,,,,,,,,,,,,,,,,,,,,,,545129,001,2024-02-21_16h07.30.934,experiment,2023.2.3,Win32,60.24096386,5828a6738dd4690001256b33,65d6198affd23d61dc0b5257,65d61efa86f816ad5de07a40,,,,,,,,,,,,,,,,,,,,,,,,,,,,,,,,,,,,,,,,,,,,,,,,,2,,,,,,,,,,,,,,,,,,,,,,,,,,k,0.6182,,space,0.4401,,2,green_gnome,2,5,bright_forest,yellow_basket,brown_gnomes,2,8,dark_forest,red_basket,8,0,0,1,brown_gnomes,dark_forest,red_basket,459,-1,-3,45,1,91,1,1,,,,,,,,,,,,,,,,,,,,,,,,,,,,,,,,,,,,,,,,,,,,,,,,,,,,,,,,,,,,,,,,,,,,,,,,,,,,,,,,,,,,,,,,,,,,,,,,,,,,,,,,,,,,,
,,,,,,,,,,,,,,,,,,,,,,,,,,,,,,,,,545129,001,2024-02-21_16h07.30.934,experiment,2023.2.3,Win32,60.24096386,5828a6738dd4690001256b33,65d6198affd23d61dc0b5257,65d61efa86f816ad5de07a40,,,,,,,,,,,,,,,,,,,,,,,,,,,,,,,,,,,,,,,,,,,,,,,,,2,,,,,,,,,,,,,,,,,,,,,,,,,,s,0.677,,space,0.8676,,2,brown_gnomes,2,5,dark_forest,red_basket,green_gnome,2,4,bright_forest,yellow_basket,5,0,0,1,brown_gnomes,dark_forest,red_basket,464,-1,1,46,0,92,1,1,,,,,,,,,,,,,,,,,,,,,,,,,,,,,,,,,,,,,,,,,,,,,,,,,,,,,,,,,,,,,,,,,,,,,,,,,,,,,,,,,,,,,,,,,,,,,,,,,,,,,,,,,,,,,
,,,,,,,,,,,,,,,,,,,,,,,,,,,,,,,,,545129,001,2024-02-21_16h07.30.934,experiment,2023.2.3,Win32,60.24096386,5828a6738dd4690001256b33,65d6198affd23d61dc0b5257,65d61efa86f816ad5de07a40,,,,,,,,,,,,,,,,,,,,,,,,,,,,,,,,,,,,,,,,,,,,,,,,,2,,,,,,,,,,,,,,,,,,,,,,,,,,k,0.588,,space,0.7231,,2,green_gnome,2,3,bright_forest,yellow_basket,brown_gnomes,2,6,dark_forest,red_basket,6,0,0,1,brown_gnomes,dark_forest,red_basket,470,1,1,46,1,93,1,1,,,,,,,,,,,,,,,,,,,,,,,,,,,,,,,,,,,,,,,,,,,,,,,,,,,,,,,,,,,,,,,,,,,,,,,,,,,,,,,,,,,,,,,,,,,,,,,,,,,,,,,,,,,,,
,,,,,,,,,,,,,,,,,,,,,,,,,,,,,,,,,545129,001,2024-02-21_16h07.30.934,experiment,2023.2.3,Win32,60.24096386,5828a6738dd4690001256b33,65d6198affd23d61dc0b5257,65d61efa86f816ad5de07a40,,,,,,,,,,,,,,,,,,,,,,,,,,,,,,,,,,,,,,,,,,,,,,,,,2,,,,,,,,,,,,,,,,,,,,,,,,,,s,0.6656,,space,0.475,,2,brown_gnomes,2,7,dark_forest,red_basket,green_gnome,2,4,bright_forest,yellow_basket,7,0,0,1,brown_gnomes,dark_forest,red_basket,477,1,-5,47,0,94,1,1,,,,,,,,,,,,,,,,,,,,,,,,,,,,,,,,,,,,,,,,,,,,,,,,,,,,,,,,,,,,,,,,,,,,,,,,,,,,,,,,,,,,,,,,,,,,,,,,,,,,,,,,,,,,,
,,,,,,,,,,,,,,,,,,,,,,,,,,,,,,,,,545129,001,2024-02-21_16h07.30.934,experiment,2023.2.3,Win32,60.24096386,5828a6738dd4690001256b33,65d6198affd23d61dc0b5257,65d61efa86f816ad5de07a40,,,,,,,,,,,,,,,,,,,,,,,,,,,,,,,,,,,,,,,,,,,,,,,,,2,,,,,,,,,,,,,,,,,,,,,,,,,,k,0.6458,,space,0.5578,,2,green_gnome,2,5,bright_forest,yellow_basket,brown_gnomes,2,2,dark_forest,red_basket,2,0,0,1,brown_gnomes,dark_forest,red_basket,479,0,0,47,1,95,1,1,,,,,,,,,,,,,,,,,,,,,,,,,,,,,,,,,,,,,,,,,,,,,,,,,,,,,,,,,,,,,,,,,,,,,,,,,,,,,,,,,,,,,,,,,,,,,,,,,,,,,,,,,,,,,
,,,,,,,,,,,,,,,,,,,,,,,,,,,,,,,,,545129,001,2024-02-21_16h07.30.934,experiment,2023.2.3,Win32,60.24096386,5828a6738dd4690001256b33,65d6198affd23d61dc0b5257,65d61efa86f816ad5de07a40,,,,,,,,,,,,,,,,,,,,,,,,,,,,,,,,,,,,,,,,,,,,,,,,,1,,,,,,,,,,,,,,,,,,,,,,,,,,k,0.7744,,space,0.7222,,1,purple_gnome,1,2,dark_forest,red_basket,red_gnome,1,5,bright_forest,yellow_basket,5,0,0,1,red_gnome,bright_forest,yellow_basket,484,-1,3,48,0,96,0,1,,,,,,,,,,,,,,,,,,,,,,,,,,,,,,,,,,,,,,,,,,,,,,,,,,,,,,,,,,,,,,,,,,,,,,,,,,,,,,,,,,,,,,,,,,,,,,,,,,,,,,,,,,,,,
,,,,,,,,,,,,,,,,,,,,,,,,,,,,,,,,,545129,001,2024-02-21_16h07.30.934,experiment,2023.2.3,Win32,60.24096386,5828a6738dd4690001256b33,65d6198affd23d61dc0b5257,65d61efa86f816ad5de07a40,,,,,,,,,,,,,,,,,,,,,,,,,,,,,,,,,,,,,,,,,,,,,,,,,2,,,,,,,,,,,,,,,,,,,,,,,,,,s,0.7045,,space,0.6187,,2,green_gnome,2,4,bright_forest,yellow_basket,brown_gnomes,2,5,dark_forest,red_basket,4,0,0,1,green_gnome,bright_forest,yellow_basket,488,0,-2,48,1,97,1,1,,,,,,,,,,,,,,,,,,,,,,,,,,,,,,,,,,,,,,,,,,,,,,,,,,,,,,,,,,,,,,,,,,,,,,,,,,,,,,,,,,,,,,,,,,,,,,,,,,,,,,,,,,,,,
,,,,,,,,,,,,,,,,,,,,,,,,,,,,,,,,,545129,001,2024-02-21_16h07.30.934,experiment,2023.2.3,Win32,60.24096386,5828a6738dd4690001256b33,65d6198affd23d61dc0b5257,65d61efa86f816ad5de07a40,,,,,,,,,,,,,,,,,,,,,,,,,,,,,,,,,,,,,,,,,,,,,,,,,2,,,,,,,,,,,,,,,,,,,,,,,,,,s,1.2856,,space,0.8715,,2,green_gnome,2,4,bright_forest,yellow_basket,brown_gnomes,2,3,dark_forest,red_basket,4,0,0,1,green_gnome,bright_forest,yellow_basket,492,3,2,49,0,98,1,1,,,,,,,,,,,,,,,,,,,,,,,,,,,,,,,,,,,,,,,,,,,,,,,,,,,,,,,,,,,,,,,,,,,,,,,,,,,,,,,,,,,,,,,,,,,,,,,,,,,,,,,,,,,,,
,,,,,,,,,,,,,,,,,,,,,,,,,,,,,,,,,545129,001,2024-02-21_16h07.30.934,experiment,2023.2.3,Win32,60.24096386,5828a6738dd4690001256b33,65d6198affd23d61dc0b5257,65d61efa86f816ad5de07a40,,,,,,,,,,,,,,,,,,,,,,,,,,,,,,,,,,,,,,,,,,,,,,,,,1,,,,,,,,,,,,,,,,,,,,,,,,,,s,0.7033,,space,0.6058,,1,red_gnome,1,7,bright_forest,yellow_basket,purple_gnome,1,5,dark_forest,red_basket,7,0,0,1,red_gnome,bright_forest,yellow_basket,499,-1,-3,49,1,99,0,1,,,,,,,,,,,,,,,,,,,,,,,,,,,,,,,,,,,,,,,,,,,,,,,,,,,,,,,,,,,,,,,,,,,,,,,,,,,,,,,,,,,,,,,,,,,,,,,,,,,,,,,,,,,,,
,,,,,,,,,,,,,,,,,,,,,,,,,,,,,,,,,545129,001,2024-02-21_16h07.30.934,experiment,2023.2.3,Win32,60.24096386,5828a6738dd4690001256b33,65d6198affd23d61dc0b5257,65d61efa86f816ad5de07a40,,,,,,,,,,,,,,,,,,,,,,,,,,,,,,,,,,,,,,,,,,,,,,,,,2,,,,,,,,,,,,,,,,,,,,,,,,,,s,0.5002,,space,0.334,,2,green_gnome,2,6,bright_forest,yellow_basket,brown_gnomes,2,2,dark_forest,red_basket,6,0,0,1,green_gnome,bright_forest,yellow_basket,505,1,1,50,0,100,1,1,,,,,,,,,,,,,,,,,,,,,,,,,,,,,,,,,,,,,,,,,,,,,,,,,,,,,,,,,,,,,,,,,,,,,,,,,,,,,,,,,,,,,,,,,,,,,,,,,,,,,,,,,,,,,
,,,,,,,,,,,,,,,,,,,,,,,,,,,,,,,,,545129,001,2024-02-21_16h07.30.934,experiment,2023.2.3,Win32,60.24096386,5828a6738dd4690001256b33,65d6198affd23d61dc0b5257,65d61efa86f816ad5de07a40,,,,,,,,,,,,,,,,,,,,,,,,,,,,,,,,,,,,,,,,,,,,,,,,,1,,,,,,,,,,,,,,,,,,,,,,,,,,k,0.7442,,space,0.5899,,1,purple_gnome,1,3,dark_forest,red_basket,red_gnome,1,7,bright_forest,yellow_basket,7,0,0,1,red_gnome,bright_forest,yellow_basket,512,3,-4,50,1,101,0,1,,,,,,,,,,,,,,,,,,,,,,,,,,,,,,,,,,,,,,,,,,,,,,,,,,,,,,,,,,,,,,,,,,,,,,,,,,,,,,,,,,,,,,,,,,,,,,,,,,,,,,,,,,,,,
,,,,,,,,,,,,,,,,,,,,,,,,,,,,,,,,,545129,001,2024-02-21_16h07.30.934,experiment,2023.2.3,Win32,60.24096386,5828a6738dd4690001256b33,65d6198affd23d61dc0b5257,65d61efa86f816ad5de07a40,,,,,,,,,,,,,,,,,,,,,,,,,,,,,,,,,,,,,,,,,,,,,,,,,2,,,,,,,,,,,,,,,,,,,,,,,,,,s,0.579,,space,0.5588,,2,green_gnome,2,8,bright_forest,yellow_basket,brown_gnomes,2,1,dark_forest,red_basket,8,0,0,1,green_gnome,bright_forest,yellow_basket,520,2,1,51,0,102,1,1,,,,,,,,,,,,,,,,,,,,,,,,,,,,,,,,,,,,,,,,,,,,,,,,,,,,,,,,,,,,,,,,,,,,,,,,,,,,,,,,,,,,,,,,,,,,,,,,,,,,,,,,,,,,,
,,,,,,,,,,,,,,,,,,,,,,,,,,,,,,,,,545129,001,2024-02-21_16h07.30.934,experiment,2023.2.3,Win32,60.24096386,5828a6738dd4690001256b33,65d6198affd23d61dc0b5257,65d61efa86f816ad5de07a40,,,,,,,,,,,,,,,,,,,,,,,,,,,,,,,,,,,,,,,,,,,,,,,,,2,,,,,,,,,,,,,,,,,,,,,,,,,,k,0.7801,,space,0.7169,,2,brown_gnomes,2,2,dark_forest,red_basket,green_gnome,2,8,bright_forest,yellow_basket,8,0,0,1,green_gnome,bright_forest,yellow_basket,528,0,2,51,1,103,1,1,,,,,,,,,,,,,,,,,,,,,,,,,,,,,,,,,,,,,,,,,,,,,,,,,,,,,,,,,,,,,,,,,,,,,,,,,,,,,,,,,,,,,,,,,,,,,,,,,,,,,,,,,,,,,
,,,,,,,,,,,,,,,,,,,,,,,,,,,,,,,,,545129,001,2024-02-21_16h07.30.934,experiment,2023.2.3,Win32,60.24096386,5828a6738dd4690001256b33,65d6198affd23d61dc0b5257,65d61efa86f816ad5de07a40,,,,,,,,,,,,,,,,,,,,,,,,,,,,,,,,,,,,,,,,,,,,,,,,,2,,,,,,,,,,,,,,,,,,,,,,,,,,k,0.7093,,space,1.0272,,2,brown_gnomes,2,4,dark_forest,red_basket,green_gnome,2,8,bright_forest,yellow_basket,8,0,0,1,green_gnome,bright_forest,yellow_basket,536,0,0,52,0,104,1,1,,,,,,,,,,,,,,,,,,,,,,,,,,,,,,,,,,,,,,,,,,,,,,,,,,,,,,,,,,,,,,,,,,,,,,,,,,,,,,,,,,,,,,,,,,,,,,,,,,,,,,,,,,,,,
,,,,,,,,,,,,,,,,,,,,,,,,,,,,,,,,,545129,001,2024-02-21_16h07.30.934,experiment,2023.2.3,Win32,60.24096386,5828a6738dd4690001256b33,65d6198affd23d61dc0b5257,65d61efa86f816ad5de07a40,,,,,,,,,,,,,,,,,,,,,,,,,,,,,,,,,,,,,,,,,,,,,,,,,2,,,,,,,,,,,,,,,,,,,,,,,,,,k,0.8712,,space,0.8136,,2,brown_gnomes,2,4,dark_forest,red_basket,green_gnome,2,8,bright_forest,yellow_basket,8,0,0,1,green_gnome,bright_forest,yellow_basket,544,2,-3,52,1,105,1,1,,,,,,,,,,,,,,,,,,,,,,,,,,,,,,,,,,,,,,,,,,,,,,,,,,,,,,,,,,,,,,,,,,,,,,,,,,,,,,,,,,,,,,,,,,,,,,,,,,,,,,,,,,,,,
,,,,,,,,,,,,,,,,,,,,,,,,,,,,,,,,,545129,001,2024-02-21_16h07.30.934,experiment,2023.2.3,Win32,60.24096386,5828a6738dd4690001256b33,65d6198affd23d61dc0b5257,65d61efa86f816ad5de07a40,,,,,,,,,,,,,,,,,,,,,,,,,,,,,,,,,,,,,,,,,,,,,,,,,1,,,,,,,,,,,,,,,,,,,,,,,,,,k,0.7987,,space,0.7665,,1,purple_gnome,1,1,dark_forest,red_basket,red_gnome,1,8,bright_forest,yellow_basket,8,0,0,1,red_gnome,bright_forest,yellow_basket,552,-4,1,53,0,106,0,1,,,,,,,,,,,,,,,,,,,,,,,,,,,,,,,,,,,,,,,,,,,,,,,,,,,,,,,,,,,,,,,,,,,,,,,,,,,,,,,,,,,,,,,,,,,,,,,,,,,,,,,,,,,,,
,,,,,,,,,,,,,,,,,,,,,,,,,,,,,,,,,545129,001,2024-02-21_16h07.30.934,experiment,2023.2.3,Win32,60.24096386,5828a6738dd4690001256b33,65d6198affd23d61dc0b5257,65d61efa86f816ad5de07a40,,,,,,,,,,,,,,,,,,,,,,,,,,,,,,,,,,,,,,,,,,,,,,,,,2,,,,,,,,,,,,,,,,,,,,,,,,,,k,1.0343,,space,0.7245,,2,brown_gnomes,2,2,dark_forest,red_basket,green_gnome,2,4,bright_forest,yellow_basket,4,0,0,1,green_gnome,bright_forest,yellow_basket,556,2,1,53,1,107,1,1,,,,,,,,,,,,,,,,,,,,,,,,,,,,,,,,,,,,,,,,,,,,,,,,,,,,,,,,,,,,,,,,,,,,,,,,,,,,,,,,,,,,,,,,,,,,,,,,,,,,,,,,,,,,,
,,,,,,,,,,,,,,,,,,,,,,,,,,,,,,,,,545129,001,2024-02-21_16h07.30.934,experiment,2023.2.3,Win32,60.24096386,5828a6738dd4690001256b33,65d6198affd23d61dc0b5257,65d61efa86f816ad5de07a40,,,,,,,,,,,,,,,,,,,,,,,,,,,,,,,,,,,,,,,,,,,,,,,,,1,,,,,,,,,,,,,,,,,,,,,,,,,,s,0.5861,,space,0.4411,,1,purple_gnome,1,3,dark_forest,red_basket,red_gnome,1,6,bright_forest,yellow_basket,3,0,0,1,purple_gnome,dark_forest,red_basket,559,0,0,54,0,108,0,1,,,,,,,,,,,,,,,,,,,,,,,,,,,,,,,,,,,,,,,,,,,,,,,,,,,,,,,,,,,,,,,,,,,,,,,,,,,,,,,,,,,,,,,,,,,,,,,,,,,,,,,,,,,,,
,,,,,,,,,,,,,,,,,,,,,,,,,,,,,,,,,545129,001,2024-02-21_16h07.30.934,experiment,2023.2.3,Win32,60.24096386,5828a6738dd4690001256b33,65d6198affd23d61dc0b5257,65d61efa86f816ad5de07a40,,,,,,,,,,,,,,,,,,,,,,,,,,,,,,,,,,,,,,,,,,,,,,,,,2,,,,,,,,,,,,,,,,,,,,,,,,,,k,0.5867,,space,0.7279,,2,brown_gnomes,2,3,dark_forest,red_basket,green_gnome,2,6,bright_forest,yellow_basket,6,0,0,1,green_gnome,bright_forest,yellow_basket,565,1,0,54,1,109,1,1,,,,,,,,,,,,,,,,,,,,,,,,,,,,,,,,,,,,,,,,,,,,,,,,,,,,,,,,,,,,,,,,,,,,,,,,,,,,,,,,,,,,,,,,,,,,,,,,,,,,,,,,,,,,,
,,,,,,,,,,,,,,,,,,,,,,,,,,,,,,,,,545129,001,2024-02-21_16h07.30.934,experiment,2023.2.3,Win32,60.24096386,5828a6738dd4690001256b33,65d6198affd23d61dc0b5257,65d61efa86f816ad5de07a40,,,,,,,,,,,,,,,,,,,,,,,,,,,,,,,,,,,,,,,,,,,,,,,,,1,,,,,,,,,,,,,,,,,,,,,,,,,,k,0.6147,,space,0.8913,,1,purple_gnome,1,3,dark_forest,red_basket,red_gnome,1,7,bright_forest,yellow_basket,7,0,0,1,red_gnome,bright_forest,yellow_basket,572,-1,-3,55,0,110,0,1,,,,,,,,,,,,,,,,,,,,,,,,,,,,,,,,,,,,,,,,,,,,,,,,,,,,,,,,,,,,,,,,,,,,,,,,,,,,,,,,,,,,,,,,,,,,,,,,,,,,,,,,,,,,,
,,,,,,,,,,,,,,,,,,,,,,,,,,,,,,,,,545129,001,2024-02-21_16h07.30.934,experiment,2023.2.3,Win32,60.24096386,5828a6738dd4690001256b33,65d6198affd23d61dc0b5257,65d61efa86f816ad5de07a40,,,,,,,,,,,,,,,,,,,,,,,,,,,,,,,,,,,,,,,,,,,,,,,,,2,,,,,,,,,,,,,,,,,,,,,,,,,,s,0.7037,,space,0.5723,,2,green_gnome,2,6,bright_forest,yellow_basket,brown_gnomes,2,0,dark_forest,red_basket,6,0,0,1,green_gnome,bright_forest,yellow_basket,578,-5,-2,55,1,111,1,1,,,,,,,,,,,,,,,,,,,,,,,,,,,,,,,,,,,,,,,,,,,,,,,,,,,,,,,,,,,,,,,,,,,,,,,,,,,,,,,,,,,,,,,,,,,,,,,,,,,,,,,,,,,,,
,,,,,,,,,,,,,,,,,,,,,,,,,,,,,,,,,545129,001,2024-02-21_16h07.30.934,experiment,2023.2.3,Win32,60.24096386,5828a6738dd4690001256b33,65d6198affd23d61dc0b5257,65d61efa86f816ad5de07a40,,,,,,,,,,,,,,,,,,,,,,,,,,,,,,,,,,,,,,,,,,,,,,,,,2,,,,,,,,,,,,,,,,,,,,,,,,,,k,0.9552,,space,0.9196,,2,brown_gnomes,2,2,dark_forest,red_basket,green_gnome,2,1,bright_forest,yellow_basket,1,0,0,1,green_gnome,bright_forest,yellow_basket,579,2,0,56,0,112,1,1,,,,,,,,,,,,,,,,,,,,,,,,,,,,,,,,,,,,,,,,,,,,,,,,,,,,,,,,,,,,,,,,,,,,,,,,,,,,,,,,,,,,,,,,,,,,,,,,,,,,,,,,,,,,,
,,,,,,,,,,,,,,,,,,,,,,,,,,,,,,,,,545129,001,2024-02-21_16h07.30.934,experiment,2023.2.3,Win32,60.24096386,5828a6738dd4690001256b33,65d6198affd23d61dc0b5257,65d61efa86f816ad5de07a40,,,,,,,,,,,,,,,,,,,,,,,,,,,,,,,,,,,,,,,,,,,,,,,,,2,,,,,,,,,,,,,,,,,,,,,,,,,,s,0.4971,,space,0.5136,,2,brown_gnomes,2,2,dark_forest,red_basket,green_gnome,2,3,bright_forest,yellow_basket,2,0,0,1,brown_gnomes,dark_forest,red_basket,581,0,1,56,1,113,1,1,,,,,,,,,,,,,,,,,,,,,,,,,,,,,,,,,,,,,,,,,,,,,,,,,,,,,,,,,,,,,,,,,,,,,,,,,,,,,,,,,,,,,,,,,,,,,,,,,,,,,,,,,,,,,
,,,,,,,,,,,,,,,,,,,,,,,,,,,,,,,,,545129,001,2024-02-21_16h07.30.934,experiment,2023.2.3,Win32,60.24096386,5828a6738dd4690001256b33,65d6198affd23d61dc0b5257,65d61efa86f816ad5de07a40,,,,,,,,,,,,,,,,,,,,,,,,,,,,,,,,,,,,,,,,,,,,,,,,,2,,,,,,,,,,,,,,,,,,,,,,,,,,s,0.5153,,space,0.4327,,2,brown_gnomes,2,3,dark_forest,red_basket,green_gnome,2,3,bright_forest,yellow_basket,3,0,0,1,brown_gnomes,dark_forest,red_basket,584,0,1,57,0,114,1,1,,,,,,,,,,,,,,,,,,,,,,,,,,,,,,,,,,,,,,,,,,,,,,,,,,,,,,,,,,,,,,,,,,,,,,,,,,,,,,,,,,,,,,,,,,,,,,,,,,,,,,,,,,,,,
,,,,,,,,,,,,,,,,,,,,,,,,,,,,,,,,,545129,001,2024-02-21_16h07.30.934,experiment,2023.2.3,Win32,60.24096386,5828a6738dd4690001256b33,65d6198affd23d61dc0b5257,65d61efa86f816ad5de07a40,,,,,,,,,,,,,,,,,,,,,,,,,,,,,,,,,,,,,,,,,,,,,,,,,1,,,,,,,,,,,,,,,,,,,,,,,,,,s,1.1842,,space,0.6972,,1,red_gnome,1,3,bright_forest,yellow_basket,purple_gnome,1,4,dark_forest,red_basket,3,0,0,1,red_gnome,bright_forest,yellow_basket,587,0,-1,57,1,115,0,1,,,,,,,,,,,,,,,,,,,,,,,,,,,,,,,,,,,,,,,,,,,,,,,,,,,,,,,,,,,,,,,,,,,,,,,,,,,,,,,,,,,,,,,,,,,,,,,,,,,,,,,,,,,,,
,,,,,,,,,,,,,,,,,,,,,,,,,,,,,,,,,545129,001,2024-02-21_16h07.30.934,experiment,2023.2.3,Win32,60.24096386,5828a6738dd4690001256b33,65d6198affd23d61dc0b5257,65d61efa86f816ad5de07a40,,,,,,,,,,,,,,,,,,,,,,,,,,,,,,,,,,,,,,,,,,,,,,,,,2,,,,,,,,,,,,,,,,,,,,,,,,,,s,1.2824,,space,0.9253,,2,brown_gnomes,2,3,dark_forest,red_basket,green_gnome,2,3,bright_forest,yellow_basket,3,0,0,1,brown_gnomes,dark_forest,red_basket,590,2,1,58,0,116,1,1,,,,,,,,,,,,,,,,,,,,,,,,,,,,,,,,,,,,,,,,,,,,,,,,,,,,,,,,,,,,,,,,,,,,,,,,,,,,,,,,,,,,,,,,,,,,,,,,,,,,,,,,,,,,,
,,,,,,,,,,,,,,,,,,,,,,,,,,,,,,,,,545129,001,2024-02-21_16h07.30.934,experiment,2023.2.3,Win32,60.24096386,5828a6738dd4690001256b33,65d6198affd23d61dc0b5257,65d61efa86f816ad5de07a40,,,,,,,,,,,,,,,,,,,,,,,,,,,,,,,,,,,,,,,,,,,,,,,,,1,,,,,,,,,,,,,,,,,,,,,,,,,,s,0.8594,,space,0.5964,,1,red_gnome,1,5,bright_forest,yellow_basket,purple_gnome,1,4,dark_forest,red_basket,5,0,0,1,red_gnome,bright_forest,yellow_basket,595,-2,2,58,1,117,0,1,,,,,,,,,,,,,,,,,,,,,,,,,,,,,,,,,,,,,,,,,,,,,,,,,,,,,,,,,,,,,,,,,,,,,,,,,,,,,,,,,,,,,,,,,,,,,,,,,,,,,,,,,,,,,
,,,,,,,,,,,,,,,,,,,,,,,,,,,,,,,,,545129,001,2024-02-21_16h07.30.934,experiment,2023.2.3,Win32,60.24096386,5828a6738dd4690001256b33,65d6198affd23d61dc0b5257,65d61efa86f816ad5de07a40,,,,,,,,,,,,,,,,,,,,,,,,,,,,,,,,,,,,,,,,,,,,,,,,,2,,,,,,,,,,,,,,,,,,,,,,,,,,s,0.7212,,space,0.4598,,2,green_gnome,2,3,bright_forest,yellow_basket,brown_gnomes,2,6,dark_forest,red_basket,3,0,0,1,green_gnome,bright_forest,yellow_basket,598,-1,1,59,0,118,1,1,,,,,,,,,,,,,,,,,,,,,,,,,,,,,,,,,,,,,,,,,,,,,,,,,,,,,,,,,,,,,,,,,,,,,,,,,,,,,,,,,,,,,,,,,,,,,,,,,,,,,,,,,,,,,
,,,,,,,,,,,,,,,,,,,,,,,,,,,,,,,,,545129,001,2024-02-21_16h07.30.934,experiment,2023.2.3,Win32,60.24096386,5828a6738dd4690001256b33,65d6198affd23d61dc0b5257,65d61efa86f816ad5de07a40,,,,,,,,,,,,,,,,,,,,,,,,,,,,,,,,,,,,,,,,,,,,,,,,,2,,,,,,,,,,,,,,,,,,,,,,,,,,s,0.5524,,space,0.689,,2,green_gnome,2,2,bright_forest,yellow_basket,brown_gnomes,2,7,dark_forest,red_basket,2,0,0,1,green_gnome,bright_forest,yellow_basket,600,2,2,59,1,119,1,1,,,,,,,,,,,,,,,,,,,,,,,,,,,,,,,,,,,,,,,,,,,,,,,,,,,,,,,,,,,,,,,,,,,,,,,,,,,,,,,,,,,,,,,,,,,,,,,,,,,,,,,,,,,,,
,,,,,,,,,,,,,,,,,,,,,,,,,,,,,,,,,545129,001,2024-02-21_16h07.30.934,experiment,2023.2.3,Win32,60.24096386,5828a6738dd4690001256b33,65d6198affd23d61dc0b5257,65d61efa86f816ad5de07a40,,,,,,,,,,,,,,,,,,,,,,,,,,,,,,,,,,,,,,,,,,,,,,,,,1,,,,,,,,,,,,,,,,,,,,,,,,,,s,0.9042,,space,0.4012,,1,purple_gnome,1,9,dark_forest,red_basket,red_gnome,1,4,bright_forest,yellow_basket,9,0,0,1,purple_gnome,dark_forest,red_basket,609,2,2,60,0,120,0,1,,,,,,,,,,,,,,,,,,,,,,,,,,,,,,,,,,,,,,,,,,,,,,,,,,,,,,,,,,,,,,,,,,,,,,,,,,,,,,,,,,,,,,,,,,,,,,,,,,,,,,,,,,,,,
,,,,,,,,,,,,,,,,,,,,,,,,,,,,,,,,,545129,001,2024-02-21_16h07.30.934,experiment,2023.2.3,Win32,60.24096386,5828a6738dd4690001256b33,65d6198affd23d61dc0b5257,65d61efa86f816ad5de07a40,,,,,,,,,,,,,,,,,,,,,,,,,,,,,,,,,,,,,,,,,,,,,,,,,2,,,,,,,,,,,,,,,,,,,,,,,,,,s,0.5833,,space,0.4506,,2,brown_gnomes,2,7,dark_forest,red_basket,green_gnome,2,6,bright_forest,yellow_basket,7,0,0,1,brown_gnomes,dark_forest,red_basket,616,0,1,60,1,121,1,1,,,,,,,,,,,,,,,,,,,,,,,,,,,,,,,,,,,,,,,,,,,,,,,,,,,,,,,,,,,,,,,,,,,,,,,,,,,,,,,,,,,,,,,,,,,,,,,,,,,,,,,,,,,,,
,,,,,,,,,,,,,,,,,,,,,,,,,,,,,,,,,545129,001,2024-02-21_16h07.30.934,experiment,2023.2.3,Win32,60.24096386,5828a6738dd4690001256b33,65d6198affd23d61dc0b5257,65d61efa86f816ad5de07a40,,,,,,,,,,,,,,,,,,,,,,,,,,,,,,,,,,,,,,,,,,,,,,,,,1,,,,,,,,,,,,,,,,,,,,,,,,,,s,0.5087,,space,0.6246,,1,purple_gnome,1,8,dark_forest,red_basket,red_gnome,1,6,bright_forest,yellow_basket,8,0,0,1,purple_gnome,dark_forest,red_basket,624,0,-4,61,0,122,0,1,,,,,,,,,,,,,,,,,,,,,,,,,,,,,,,,,,,,,,,,,,,,,,,,,,,,,,,,,,,,,,,,,,,,,,,,,,,,,,,,,,,,,,,,,,,,,,,,,,,,,,,,,,,,,
,,,,,,,,,,,,,,,,,,,,,,,,,,,,,,,,,545129,001,2024-02-21_16h07.30.934,experiment,2023.2.3,Win32,60.24096386,5828a6738dd4690001256b33,65d6198affd23d61dc0b5257,65d61efa86f816ad5de07a40,,,,,,,,,,,,,,,,,,,,,,,,,,,,,,,,,,,,,,,,,,,,,,,,,1,,,,,,,,,,,,,,,,,,,,,,,,,,s,0.6103,,space,0.4941,,1,purple_gnome,1,4,dark_forest,red_basket,red_gnome,1,6,bright_forest,yellow_basket,4,0,0,1,purple_gnome,dark_forest,red_basket,628,2,-2,61,1,123,0,1,,,,,,,,,,,,,,,,,,,,,,,,,,,,,,,,,,,,,,,,,,,,,,,,,,,,,,,,,,,,,,,,,,,,,,,,,,,,,,,,,,,,,,,,,,,,,,,,,,,,,,,,,,,,,
,,,,,,,,,,,,,,,,,,,,,,,,,,,,,,,,,545129,001,2024-02-21_16h07.30.934,experiment,2023.2.3,Win32,60.24096386,5828a6738dd4690001256b33,65d6198affd23d61dc0b5257,65d61efa86f816ad5de07a40,,,,,,,,,,,,,,,,,,,,,,,,,,,,,,,,,,,,,,,,,,,,,,,,,2,,,,,,,,,,,,,,,,,,,,,,,,,,s,0.5007,,space,0.4803,,2,brown_gnomes,2,2,dark_forest,red_basket,green_gnome,2,8,bright_forest,yellow_basket,2,0,0,1,brown_gnomes,dark_forest,red_basket,630,2,3,62,0,124,1,1,,,,,,,,,,,,,,,,,,,,,,,,,,,,,,,,,,,,,,,,,,,,,,,,,,,,,,,,,,,,,,,,,,,,,,,,,,,,,,,,,,,,,,,,,,,,,,,,,,,,,,,,,,,,,
,,,,,,,,,,,,,,,,,,,,,,,,,,,,,,,,,545129,001,2024-02-21_16h07.30.934,experiment,2023.2.3,Win32,60.24096386,5828a6738dd4690001256b33,65d6198affd23d61dc0b5257,65d61efa86f816ad5de07a40,,,,,,,,,,,,,,,,,,,,,,,,,,,,,,,,,,,,,,,,,,,,,,,,,2,,,,,,,,,,,,,,,,,,,,,,,,,,s,0.7417,,space,0.628,,2,green_gnome,2,8,bright_forest,yellow_basket,brown_gnomes,2,5,dark_forest,red_basket,8,0,0,1,green_gnome,bright_forest,yellow_basket,638,0,-1,62,1,125,1,1,,,,,,,,,,,,,,,,,,,,,,,,,,,,,,,,,,,,,,,,,,,,,,,,,,,,,,,,,,,,,,,,,,,,,,,,,,,,,,,,,,,,,,,,,,,,,,,,,,,,,,,,,,,,,
,,,,,,,,,,,,,,,,,,,,,,,,,,,,,,,,,545129,001,2024-02-21_16h07.30.934,experiment,2023.2.3,Win32,60.24096386,5828a6738dd4690001256b33,65d6198affd23d61dc0b5257,65d61efa86f816ad5de07a40,,,,,,,,,,,,,,,,,,,,,,,,,,,,,,,,,,,,,,,,,,,,,,,,,1,,,,,,,,,,,,,,,,,,,,,,,,,,k,1.0889,,space,0.7161,,1,purple_gnome,1,4,dark_forest,red_basket,red_gnome,1,8,bright_forest,yellow_basket,8,0,0,1,red_gnome,bright_forest,yellow_basket,646,0,0,63,0,126,0,1,,,,,,,,,,,,,,,,,,,,,,,,,,,,,,,,,,,,,,,,,,,,,,,,,,,,,,,,,,,,,,,,,,,,,,,,,,,,,,,,,,,,,,,,,,,,,,,,,,,,,,,,,,,,,
,,,,,,,,,,,,,,,,,,,,,,,,,,,,,,,,,545129,001,2024-02-21_16h07.30.934,experiment,2023.2.3,Win32,60.24096386,5828a6738dd4690001256b33,65d6198affd23d61dc0b5257,65d61efa86f816ad5de07a40,,,,,,,,,,,,,,,,,,,,,,,,,,,,,,,,,,,,,,,,,,,,,,,,,1,,,,,,,,,,,,,,,,,,,,,,,,,,k,1.4134,,space,0.9212,,1,purple_gnome,1,4,dark_forest,red_basket,red_gnome,1,8,bright_forest,yellow_basket,8,0,0,1,red_gnome,bright_forest,yellow_basket,654,-2,-5,63,1,127,0,1,,,,,,,,,,,,,,,,,,,,,,,,,,,,,,,,,,,,,,,,,,,,,,,,,,,,,,,,,,,,,,,,,,,,,,,,,,,,,,,,,,,,,,,,,,,,,,,,,,,,,,,,,,,,,
,,,,,,,,,,,,,,,,,,,,,,,,,,,,,,,,,545129,001,2024-02-21_16h07.30.934,experiment,2023.2.3,Win32,60.24096386,5828a6738dd4690001256b33,65d6198affd23d61dc0b5257,65d61efa86f816ad5de07a40,,,,,,,,,,,,,,,,,,,,,,,,,,,,,,,,,,,,,,,,,,,,,,,,,1,,,,,,,,,,,,,,,,,,,,,,,,,,s,0.6239,,space,0.5641,,1,red_gnome,1,6,bright_forest,yellow_basket,purple_gnome,1,1,dark_forest,red_basket,6,0,0,1,red_gnome,bright_forest,yellow_basket,660,3,-2,64,0,128,0,1,,,,,,,,,,,,,,,,,,,,,,,,,,,,,,,,,,,,,,,,,,,,,,,,,,,,,,,,,,,,,,,,,,,,,,,,,,,,,,,,,,,,,,,,,,,,,,,,,,,,,,,,,,,,,
,,,,,,,,,,,,,,,,,,,,,,,,,,,,,,,,,545129,001,2024-02-21_16h07.30.934,experiment,2023.2.3,Win32,60.24096386,5828a6738dd4690001256b33,65d6198affd23d61dc0b5257,65d61efa86f816ad5de07a40,,,,,,,,,,,,,,,,,,,,,,,,,,,,,,,,,,,,,,,,,,,,,,,,,1,,,,,,,,,,,,,,,,,,,,,,,,,,k,0.6772,,space,0.6101,,1,purple_gnome,1,1,dark_forest,red_basket,red_gnome,1,9,bright_forest,yellow_basket,9,0,0,1,red_gnome,bright_forest,yellow_basket,669,-4,-3,64,1,129,0,1,,,,,,,,,,,,,,,,,,,,,,,,,,,,,,,,,,,,,,,,,,,,,,,,,,,,,,,,,,,,,,,,,,,,,,,,,,,,,,,,,,,,,,,,,,,,,,,,,,,,,,,,,,,,,
,,,,,,,,,,,,,,,,,,,,,,,,,,,,,,,,,545129,001,2024-02-21_16h07.30.934,experiment,2023.2.3,Win32,60.24096386,5828a6738dd4690001256b33,65d6198affd23d61dc0b5257,65d61efa86f816ad5de07a40,,,,,,,,,,,,,,,,,,,,,,,,,,,,,,,,,,,,,,,,,,,,,,,,,2,,,,,,,,,,,,,,,,,,,,,,,,,,s,0.7165,,space,0.537,,2,green_gnome,2,5,bright_forest,yellow_basket,brown_gnomes,2,2,dark_forest,red_basket,5,0,0,1,green_gnome,bright_forest,yellow_basket,674,-4,0,65,0,130,1,1,,,,,,,,,,,,,,,,,,,,,,,,,,,,,,,,,,,,,,,,,,,,,,,,,,,,,,,,,,,,,,,,,,,,,,,,,,,,,,,,,,,,,,,,,,,,,,,,,,,,,,,,,,,,,
,,,,,,,,,,,,,,,,,,,,,,,,,,,,,,,,,545129,001,2024-02-21_16h07.30.934,experiment,2023.2.3,Win32,60.24096386,5828a6738dd4690001256b33,65d6198affd23d61dc0b5257,65d61efa86f816ad5de07a40,,,,,,,,,,,,,,,,,,,,,,,,,,,,,,,,,,,,,,,,,,,,,,,,,2,,,,,,,,,,,,,,,,,,,,,,,,,,s,0.8985,,space,0.5263,,2,brown_gnomes,2,2,dark_forest,red_basket,green_gnome,2,1,bright_forest,yellow_basket,2,0,0,1,brown_gnomes,dark_forest,red_basket,676,-1,0,65,1,131,1,1,,,,,,,,,,,,,,,,,,,,,,,,,,,,,,,,,,,,,,,,,,,,,,,,,,,,,,,,,,,,,,,,,,,,,,,,,,,,,,,,,,,,,,,,,,,,,,,,,,,,,,,,,,,,,
,,,,,,,,,,,,,,,,,,,,,,,,,,,,,,,,,545129,001,2024-02-21_16h07.30.934,experiment,2023.2.3,Win32,60.24096386,5828a6738dd4690001256b33,65d6198affd23d61dc0b5257,65d61efa86f816ad5de07a40,,,,,,,,,,,,,,,,,,,,,,,,,,,,,,,,,,,,,,,,,,,,,,,,,2,,,,,,,,,,,,,,,,,,,,,,,,,,s,0.9601,,space,0.5415,,2,green_gnome,2,0,bright_forest,yellow_basket,brown_gnomes,2,2,dark_forest,red_basket,0,0,0,1,green_gnome,bright_forest,yellow_basket,676,2,0,66,0,132,1,1,,,,,,,,,,,,,,,,,,,,,,,,,,,,,,,,,,,,,,,,,,,,,,,,,,,,,,,,,,,,,,,,,,,,,,,,,,,,,,,,,,,,,,,,,,,,,,,,,,,,,,,,,,,,,
,,,,,,,,,,,,,,,,,,,,,,,,,,,,,,,,,545129,001,2024-02-21_16h07.30.934,experiment,2023.2.3,Win32,60.24096386,5828a6738dd4690001256b33,65d6198affd23d61dc0b5257,65d61efa86f816ad5de07a40,,,,,,,,,,,,,,,,,,,,,,,,,,,,,,,,,,,,,,,,,,,,,,,,,1,,,,,,,,,,,,,,,,,,,,,,,,,,s,1.3052,,space,0.6939,,1,purple_gnome,1,2,dark_forest,red_basket,red_gnome,1,2,bright_forest,yellow_basket,2,0,0,1,purple_gnome,dark_forest,red_basket,678,-2,-4,66,1,133,0,1,,,,,,,,,,,,,,,,,,,,,,,,,,,,,,,,,,,,,,,,,,,,,,,,,,,,,,,,,,,,,,,,,,,,,,,,,,,,,,,,,,,,,,,,,,,,,,,,,,,,,,,,,,,,,
,,,,,,,,,,,,,,,,,,,,,,,,,,,,,,,,,545129,001,2024-02-21_16h07.30.934,experiment,2023.2.3,Win32,60.24096386,5828a6738dd4690001256b33,65d6198affd23d61dc0b5257,65d61efa86f816ad5de07a40,,,,,,,,,,,,,,,,,,,,,,,,,,,,,,,,,,,,,,,,,,,,,,,,,1,,,,,,,,,,,,,,,,,,,,,,,,,,k,0.7843,,space,0.6913,,1,purple_gnome,1,2,dark_forest,red_basket,red_gnome,1,0,bright_forest,yellow_basket,0,0,0,1,red_gnome,bright_forest,yellow_basket,678,1,-5,67,0,134,0,1,,,,,,,,,,,,,,,,,,,,,,,,,,,,,,,,,,,,,,,,,,,,,,,,,,,,,,,,,,,,,,,,,,,,,,,,,,,,,,,,,,,,,,,,,,,,,,,,,,,,,,,,,,,,,
,,,,,,,,,,,,,,,,,,,,,,,,,,,,,,,,,545129,001,2024-02-21_16h07.30.934,experiment,2023.2.3,Win32,60.24096386,5828a6738dd4690001256b33,65d6198affd23d61dc0b5257,65d61efa86f816ad5de07a40,,,,,,,,,,,,,,,,,,,,,,,,,,,,,,,,,,,,,,,,,,,,,,,,,2,,,,,,,,,,,,,,,,,,,,,,,,,,s,0.5483,,space,0.5007,,2,brown_gnomes,2,3,dark_forest,red_basket,green_gnome,2,1,bright_forest,yellow_basket,3,0,0,1,brown_gnomes,dark_forest,red_basket,681,1,-3,67,1,135,1,1,,,,,,,,,,,,,,,,,,,,,,,,,,,,,,,,,,,,,,,,,,,,,,,,,,,,,,,,,,,,,,,,,,,,,,,,,,,,,,,,,,,,,,,,,,,,,,,,,,,,,,,,,,,,,
,,,,,,,,,,,,,,,,,,,,,,,,,,,,,,,,,545129,001,2024-02-21_16h07.30.934,experiment,2023.2.3,Win32,60.24096386,5828a6738dd4690001256b33,65d6198affd23d61dc0b5257,65d61efa86f816ad5de07a40,,,,,,,,,,,,,,,,,,,,,,,,,,,,,,,,,,,,,,,,,,,,,,,,,2,,,,,,,,,,,,,,,,,,,,,,,,,,k,1.2501,,space,0.9605,,2,brown_gnomes,2,0,dark_forest,red_basket,green_gnome,2,2,bright_forest,yellow_basket,2,0,0,1,green_gnome,bright_forest,yellow_basket,683,2,0,68,0,136,1,1,,,,,,,,,,,,,,,,,,,,,,,,,,,,,,,,,,,,,,,,,,,,,,,,,,,,,,,,,,,,,,,,,,,,,,,,,,,,,,,,,,,,,,,,,,,,,,,,,,,,,,,,,,,,,
,,,,,,,,,,,,,,,,,,,,,,,,,,,,,,,,,545129,001,2024-02-21_16h07.30.934,experiment,2023.2.3,Win32,60.24096386,5828a6738dd4690001256b33,65d6198affd23d61dc0b5257,65d61efa86f816ad5de07a40,,,,,,,,,,,,,,,,,,,,,,,,,,,,,,,,,,,,,,,,,,,,,,,,,1,,,,,,,,,,,,,,,,,,,,,,,,,,k,0.8146,,space,0.4515,,1,red_gnome,1,4,bright_forest,yellow_basket,purple_gnome,1,0,dark_forest,red_basket,0,0,0,1,purple_gnome,dark_forest,red_basket,683,-1,3,68,1,137,0,1,,,,,,,,,,,,,,,,,,,,,,,,,,,,,,,,,,,,,,,,,,,,,,,,,,,,,,,,,,,,,,,,,,,,,,,,,,,,,,,,,,,,,,,,,,,,,,,,,,,,,,,,,,,,,
,,,,,,,,,,,,,,,,,,,,,,,,,,,,,,,,,545129,001,2024-02-21_16h07.30.934,experiment,2023.2.3,Win32,60.24096386,5828a6738dd4690001256b33,65d6198affd23d61dc0b5257,65d61efa86f816ad5de07a40,,,,,,,,,,,,,,,,,,,,,,,,,,,,,,,,,,,,,,,,,,,,,,,,,2,,,,,,,,,,,,,,,,,,,,,,,,,,k,0.5866,,space,1.3406,,2,brown_gnomes,2,3,dark_forest,red_basket,green_gnome,2,3,bright_forest,yellow_basket,3,0,0,1,green_gnome,bright_forest,yellow_basket,686,1,0,69,0,138,1,1,,,,,,,,,,,,,,,,,,,,,,,,,,,,,,,,,,,,,,,,,,,,,,,,,,,,,,,,,,,,,,,,,,,,,,,,,,,,,,,,,,,,,,,,,,,,,,,,,,,,,,,,,,,,,
,,,,,,,,,,,,,,,,,,,,,,,,,,,,,,,,,545129,001,2024-02-21_16h07.30.934,experiment,2023.2.3,Win32,60.24096386,5828a6738dd4690001256b33,65d6198affd23d61dc0b5257,65d61efa86f816ad5de07a40,,,,,,,,,,,,,,,,,,,,,,,,,,,,,,,,,,,,,,,,,,,,,,,,,1,,,,,,,,,,,,,,,,,,,,,,,,,,k,1.2345,,space,0.742,,1,red_gnome,1,4,bright_forest,yellow_basket,purple_gnome,1,3,dark_forest,red_basket,3,0,0,1,purple_gnome,dark_forest,red_basket,689,3,3,69,1,139,0,1,,,,,,,,,,,,,,,,,,,,,,,,,,,,,,,,,,,,,,,,,,,,,,,,,,,,,,,,,,,,,,,,,,,,,,,,,,,,,,,,,,,,,,,,,,,,,,,,,,,,,,,,,,,,,
,,,,,,,,,,,,,,,,,,,,,,,,,,,,,,,,,545129,001,2024-02-21_16h07.30.934,experiment,2023.2.3,Win32,60.24096386,5828a6738dd4690001256b33,65d6198affd23d61dc0b5257,65d61efa86f816ad5de07a40,,,,,,,,,,,,,,,,,,,,,,,,,,,,,,,,,,,,,,,,,,,,,,,,,1,,,,,,,,,,,,,,,,,,,,,,,,,,s,1.2522,,space,0.6853,,1,purple_gnome,1,6,dark_forest,red_basket,red_gnome,1,7,bright_forest,yellow_basket,6,0,0,1,purple_gnome,dark_forest,red_basket,695,2,5,70,0,140,0,1,,,,,,,,,,,,,,,,,,,,,,,,,,,,,,,,,,,,,,,,,,,,,,,,,,,,,,,,,,,,,,,,,,,,,,,,,,,,,,,,,,,,,,,,,,,,,,,,,,,,,,,,,,,,,
,,,,,,,,,,,,,,,,,,,,,,,,,,,,,,,,,545129,001,2024-02-21_16h07.30.934,experiment,2023.2.3,Win32,60.24096386,5828a6738dd4690001256b33,65d6198affd23d61dc0b5257,65d61efa86f816ad5de07a40,,,,,,,,,,,,,,,,,,,,,,,,,,,,,,,,,,,,,,,,,,,,,,,,,2,,,,,,,,,,,,,,,,,,,,,,,,,,s,0.5418,,space,0.5918,,2,brown_gnomes,2,7,dark_forest,red_basket,green_gnome,2,9,bright_forest,yellow_basket,7,0,0,1,brown_gnomes,dark_forest,red_basket,702,-1,-1,70,1,141,1,1,,,,,,,,,,,,,,,,,,,,,,,,,,,,,,,,,,,,,,,,,,,,,,,,,,,,,,,,,,,,,,,,,,,,,,,,,,,,,,,,,,,,,,,,,,,,,,,,,,,,,,,,,,,,,
,,,,,,,,,,,,,,,,,,,,,,,,,,,,,,,,,545129,001,2024-02-21_16h07.30.934,experiment,2023.2.3,Win32,60.24096386,5828a6738dd4690001256b33,65d6198affd23d61dc0b5257,65d61efa86f816ad5de07a40,,,,,,,,,,,,,,,,,,,,,,,,,,,,,,,,,,,,,,,,,,,,,,,,,1,,,,,,,,,,,,,,,,,,,,,,,,,,s,0.6111,,space,0.3918,,1,purple_gnome,1,6,dark_forest,red_basket,red_gnome,1,8,bright_forest,yellow_basket,6,0,0,1,purple_gnome,dark_forest,red_basket,708,-2,1,71,0,142,0,1,,,,,,,,,,,,,,,,,,,,,,,,,,,,,,,,,,,,,,,,,,,,,,,,,,,,,,,,,,,,,,,,,,,,,,,,,,,,,,,,,,,,,,,,,,,,,,,,,,,,,,,,,,,,,
,,,,,,,,,,,,,,,,,,,,,,,,,,,,,,,,,545129,001,2024-02-21_16h07.30.934,experiment,2023.2.3,Win32,60.24096386,5828a6738dd4690001256b33,65d6198affd23d61dc0b5257,65d61efa86f816ad5de07a40,,,,,,,,,,,,,,,,,,,,,,,,,,,,,,,,,,,,,,,,,,,,,,,,,1,,,,,,,,,,,,,,,,,,,,,,,,,,s,0.5401,,space,0.4449,,1,purple_gnome,1,7,dark_forest,red_basket,red_gnome,1,6,bright_forest,yellow_basket,7,0,0,1,purple_gnome,dark_forest,red_basket,715,2,0,71,1,143,0,1,,,,,,,,,,,,,,,,,,,,,,,,,,,,,,,,,,,,,,,,,,,,,,,,,,,,,,,,,,,,,,,,,,,,,,,,,,,,,,,,,,,,,,,,,,,,,,,,,,,,,,,,,,,,,
,,,,,,,,,,,,,,,,,,,,,,,,,,,,,,,,,545129,001,2024-02-21_16h07.30.934,experiment,2023.2.3,Win32,60.24096386,5828a6738dd4690001256b33,65d6198affd23d61dc0b5257,65d61efa86f816ad5de07a40,,,,,,,,,,,,,,,,,,,,,,,,,,,,,,,,,,,,,,,,,,,,,,,,,1,,,,,,,,,,,,,,,,,,,,,,,,,,k,1.2521,,space,0.6851,,1,red_gnome,1,8,bright_forest,yellow_basket,purple_gnome,1,7,dark_forest,red_basket,7,0,0,1,purple_gnome,dark_forest,red_basket,722,-2,-4,72,0,144,0,1,,,,,,,,,,,,,,,,,,,,,,,,,,,,,,,,,,,,,,,,,,,,,,,,,,,,,,,,,,,,,,,,,,,,,,,,,,,,,,,,,,,,,,,,,,,,,,,,,,,,,,,,,,,,,
,,,,,,,,,,,,,,,,,,,,,,,,,,,,,,,,,545129,001,2024-02-21_16h07.30.934,experiment,2023.2.3,Win32,60.24096386,5828a6738dd4690001256b33,65d6198affd23d61dc0b5257,65d61efa86f816ad5de07a40,,,,,,,,,,,,,,,,,,,,,,,,,,,,,,,,,,,,,,,,,,,,,,,,,1,,,,,,,,,,,,,,,,,,,,,,,,,,k,0.6491,,space,0.4846,,1,red_gnome,1,6,bright_forest,yellow_basket,purple_gnome,1,3,dark_forest,red_basket,3,0,0,1,purple_gnome,dark_forest,red_basket,725,4,1,72,1,145,0,1,,,,,,,,,,,,,,,,,,,,,,,,,,,,,,,,,,,,,,,,,,,,,,,,,,,,,,,,,,,,,,,,,,,,,,,,,,,,,,,,,,,,,,,,,,,,,,,,,,,,,,,,,,,,,
,,,,,,,,,,,,,,,,,,,,,,,,,,,,,,,,,545129,001,2024-02-21_16h07.30.934,experiment,2023.2.3,Win32,60.24096386,5828a6738dd4690001256b33,65d6198affd23d61dc0b5257,65d61efa86f816ad5de07a40,,,,,,,,,,,,,,,,,,,,,,,,,,,,,,,,,,,,,,,,,,,,,,,,,1,,,,,,,,,,,,,,,,,,,,,,,,,,s,0.8969,,space,0.529,,1,purple_gnome,1,4,dark_forest,red_basket,red_gnome,1,8,bright_forest,yellow_basket,4,0,0,1,purple_gnome,dark_forest,red_basket,729,3,-1,73,0,146,0,1,,,,,,,,,,,,,,,,,,,,,,,,,,,,,,,,,,,,,,,,,,,,,,,,,,,,,,,,,,,,,,,,,,,,,,,,,,,,,,,,,,,,,,,,,,,,,,,,,,,,,,,,,,,,,
,,,,,,,,,,,,,,,,,,,,,,,,,,,,,,,,,545129,001,2024-02-21_16h07.30.934,experiment,2023.2.3,Win32,60.24096386,5828a6738dd4690001256b33,65d6198affd23d61dc0b5257,65d61efa86f816ad5de07a40,,,,,,,,,,,,,,,,,,,,,,,,,,,,,,,,,,,,,,,,,,,,,,,,,1,,,,,,,,,,,,,,,,,,,,,,,,,,s,0.5732,,space,0.4732,,1,purple_gnome,1,3,dark_forest,red_basket,red_gnome,1,7,bright_forest,yellow_basket,3,0,0,1,purple_gnome,dark_forest,red_basket,732,-1,1,73,1,147,0,1,,,,,,,,,,,,,,,,,,,,,,,,,,,,,,,,,,,,,,,,,,,,,,,,,,,,,,,,,,,,,,,,,,,,,,,,,,,,,,,,,,,,,,,,,,,,,,,,,,,,,,,,,,,,,
,,,,,,,,,,,,,,,,,,,,,,,,,,,,,,,,,545129,001,2024-02-21_16h07.30.934,experiment,2023.2.3,Win32,60.24096386,5828a6738dd4690001256b33,65d6198affd23d61dc0b5257,65d61efa86f816ad5de07a40,,,,,,,,,,,,,,,,,,,,,,,,,,,,,,,,,,,,,,,,,,,,,,,,,1,,,,,,,,,,,,,,,,,,,,,,,,,,k,0.672,,space,0.5716,,1,purple_gnome,1,4,dark_forest,red_basket,red_gnome,1,6,bright_forest,yellow_basket,6,0,0,1,red_gnome,bright_forest,yellow_basket,738,-2,-1,74,0,148,0,1,,,,,,,,,,,,,,,,,,,,,,,,,,,,,,,,,,,,,,,,,,,,,,,,,,,,,,,,,,,,,,,,,,,,,,,,,,,,,,,,,,,,,,,,,,,,,,,,,,,,,,,,,,,,,
,,,,,,,,,,,,,,,,,,,,,,,,,,,,,,,,,545129,001,2024-02-21_16h07.30.934,experiment,2023.2.3,Win32,60.24096386,5828a6738dd4690001256b33,65d6198affd23d61dc0b5257,65d61efa86f816ad5de07a40,,,,,,,,,,,,,,,,,,,,,,,,,,,,,,,,,,,,,,,,,,,,,,,,,1,,,,,,,,,,,,,,,,,,,,,,,,,,s,1.3323,,space,0.5346,,1,red_gnome,1,4,bright_forest,yellow_basket,purple_gnome,1,3,dark_forest,red_basket,4,0,0,1,red_gnome,bright_forest,yellow_basket,742,0,0,74,1,149,0,1,,,,,,,,,,,,,,,,,,,,,,,,,,,,,,,,,,,,,,,,,,,,,,,,,,,,,,,,,,,,,,,,,,,,,,,,,,,,,,,,,,,,,,,,,,,,,,,,,,,,,,,,,,,,,
,,,,,,,,,,,,,,,,,,,,,,,,,,,,,,,,,545129,001,2024-02-21_16h07.30.934,experiment,2023.2.3,Win32,60.24096386,5828a6738dd4690001256b33,65d6198affd23d61dc0b5257,65d61efa86f816ad5de07a40,,,,,,,,,,,,,,,,,,,,,,,,,,,,,,,,,,,,,,,,,,,,,,,,,2,,,,,,,,,,,,,,,,,,,,,,,,,,s,0.5675,,space,0.6752,,2,green_gnome,2,4,bright_forest,yellow_basket,brown_gnomes,2,3,dark_forest,red_basket,4,0,0,1,green_gnome,bright_forest,yellow_basket,746,0,0,75,0,150,1,1,,,,,,,,,,,,,,,,,,,,,,,,,,,,,,,,,,,,,,,,,,,,,,,,,,,,,,,,,,,,,,,,,,,,,,,,,,,,,,,,,,,,,,,,,,,,,,,,,,,,,,,,,,,,,
,,,,,,,,,,,,,,,,,,,,,,,,,,,,,,,,,545129,001,2024-02-21_16h07.30.934,experiment,2023.2.3,Win32,60.24096386,5828a6738dd4690001256b33,65d6198affd23d61dc0b5257,65d61efa86f816ad5de07a40,,,,,,,,,,,,,,,,,,,,,,,,,,,,,,,,,,,,,,,,,,,,,,,,,1,,,,,,,,,,,,,,,,,,,,,,,,,,k,0.83,,space,0.5735,,1,purple_gnome,1,3,dark_forest,red_basket,red_gnome,1,4,bright_forest,yellow_basket,4,0,0,1,red_gnome,bright_forest,yellow_basket,750,-1,2,75,1,151,0,1,,,,,,,,,,,,,,,,,,,,,,,,,,,,,,,,,,,,,,,,,,,,,,,,,,,,,,,,,,,,,,,,,,,,,,,,,,,,,,,,,,,,,,,,,,,,,,,,,,,,,,,,,,,,,
,,,,,,,,,,,,,,,,,,,,,,,,,,,,,,,,,545129,001,2024-02-21_16h07.30.934,experiment,2023.2.3,Win32,60.24096386,5828a6738dd4690001256b33,65d6198affd23d61dc0b5257,65d61efa86f816ad5de07a40,,,,,,,,,,,,,,,,,,,,,,,,,,,,,,,,,,,,,,,,,,,,,,,,,1,,,,,,,,,,,,,,,,,,,,,,,,,,s,0.5429,,space,0.6145,,1,red_gnome,1,3,bright_forest,yellow_basket,purple_gnome,1,5,dark_forest,red_basket,3,0,0,1,red_gnome,bright_forest,yellow_basket,753,-1,-3,76,0,152,0,1,,,,,,,,,,,,,,,,,,,,,,,,,,,,,,,,,,,,,,,,,,,,,,,,,,,,,,,,,,,,,,,,,,,,,,,,,,,,,,,,,,,,,,,,,,,,,,,,,,,,,,,,,,,,,
,,,,,,,,,,,,,,,,,,,,,,,,,,,,,,,,,545129,001,2024-02-21_16h07.30.934,experiment,2023.2.3,Win32,60.24096386,5828a6738dd4690001256b33,65d6198affd23d61dc0b5257,65d61efa86f816ad5de07a40,,,,,,,,,,,,,,,,,,,,,,,,,,,,,,,,,,,,,,,,,,,,,,,,,2,,,,,,,,,,,,,,,,,,,,,,,,,,s,0.5835,,space,0.5447,,2,brown_gnomes,2,2,dark_forest,red_basket,green_gnome,2,2,bright_forest,yellow_basket,2,0,0,1,brown_gnomes,dark_forest,red_basket,755,0,0,76,1,153,1,1,,,,,,,,,,,,,,,,,,,,,,,,,,,,,,,,,,,,,,,,,,,,,,,,,,,,,,,,,,,,,,,,,,,,,,,,,,,,,,,,,,,,,,,,,,,,,,,,,,,,,,,,,,,,,
,,,,,,,,,,,,,,,,,,,,,,,,,,,,,,,,,545129,001,2024-02-21_16h07.30.934,experiment,2023.2.3,Win32,60.24096386,5828a6738dd4690001256b33,65d6198affd23d61dc0b5257,65d61efa86f816ad5de07a40,,,,,,,,,,,,,,,,,,,,,,,,,,,,,,,,,,,,,,,,,,,,,,,,,1,,,,,,,,,,,,,,,,,,,,,,,,,,k,0.7518,,space,0.59,,1,purple_gnome,1,2,dark_forest,red_basket,red_gnome,1,2,bright_forest,yellow_basket,2,0,0,1,red_gnome,bright_forest,yellow_basket,757,-3,1,77,0,154,0,1,,,,,,,,,,,,,,,,,,,,,,,,,,,,,,,,,,,,,,,,,,,,,,,,,,,,,,,,,,,,,,,,,,,,,,,,,,,,,,,,,,,,,,,,,,,,,,,,,,,,,,,,,,,,,
,,,,,,,,,,,,,,,,,,,,,,,,,,,,,,,,,545129,001,2024-02-21_16h07.30.934,experiment,2023.2.3,Win32,60.24096386,5828a6738dd4690001256b33,65d6198affd23d61dc0b5257,65d61efa86f816ad5de07a40,,,,,,,,,,,,,,,,,,,,,,,,,,,,,,,,,,,,,,,,,,,,,,,,,1,,,,,,,,,,,,,,,,,,,,,,,,,,k,0.8279,,space,0.4925,,1,red_gnome,1,1,bright_forest,yellow_basket,purple_gnome,1,3,dark_forest,red_basket,3,0,0,1,purple_gnome,dark_forest,red_basket,760,0,-1,77,1,155,0,1,,,,,,,,,,,,,,,,,,,,,,,,,,,,,,,,,,,,,,,,,,,,,,,,,,,,,,,,,,,,,,,,,,,,,,,,,,,,,,,,,,,,,,,,,,,,,,,,,,,,,,,,,,,,,
,,,,,,,,,,,,,,,,,,,,,,,,,,,,,,,,,545129,001,2024-02-21_16h07.30.934,experiment,2023.2.3,Win32,60.24096386,5828a6738dd4690001256b33,65d6198affd23d61dc0b5257,65d61efa86f816ad5de07a40,,,,,,,,,,,,,,,,,,,,,,,,,,,,,,,,,,,,,,,,,,,,,,,,,1,,,,,,,,,,,,,,,,,,,,,,,,,,k,0.593,,space,0.4631,,1,red_gnome,1,1,bright_forest,yellow_basket,purple_gnome,1,2,dark_forest,red_basket,2,0,0,1,purple_gnome,dark_forest,red_basket,762,1,1,78,0,156,0,1,,,,,,,,,,,,,,,,,,,,,,,,,,,,,,,,,,,,,,,,,,,,,,,,,,,,,,,,,,,,,,,,,,,,,,,,,,,,,,,,,,,,,,,,,,,,,,,,,,,,,,,,,,,,,
,,,,,,,,,,,,,,,,,,,,,,,,,,,,,,,,,545129,001,2024-02-21_16h07.30.934,experiment,2023.2.3,Win32,60.24096386,5828a6738dd4690001256b33,65d6198affd23d61dc0b5257,65d61efa86f816ad5de07a40,,,,,,,,,,,,,,,,,,,,,,,,,,,,,,,,,,,,,,,,,,,,,,,,,1,,,,,,,,,,,,,,,,,,,,,,,,,,s,0.7153,,space,0.4854,,1,red_gnome,1,2,bright_forest,yellow_basket,purple_gnome,1,3,dark_forest,red_basket,2,0,0,1,red_gnome,bright_forest,yellow_basket,764,2,3,78,1,157,0,1,,,,,,,,,,,,,,,,,,,,,,,,,,,,,,,,,,,,,,,,,,,,,,,,,,,,,,,,,,,,,,,,,,,,,,,,,,,,,,,,,,,,,,,,,,,,,,,,,,,,,,,,,,,,,
,,,,,,,,,,,,,,,,,,,,,,,,,,,,,,,,,545129,001,2024-02-21_16h07.30.934,experiment,2023.2.3,Win32,60.24096386,5828a6738dd4690001256b33,65d6198affd23d61dc0b5257,65d61efa86f816ad5de07a40,,,,,,,,,,,,,,,,,,,,,,,,,,,,,,,,,,,,,,,,,,,,,,,,,1,,,,,,,,,,,,,,,,,,,,,,,,,,s,0.4886,,space,0.6802,,1,red_gnome,1,4,bright_forest,yellow_basket,purple_gnome,1,6,dark_forest,red_basket,4,0,0,1,red_gnome,bright_forest,yellow_basket,768,2,1,79,0,158,0,1,,,,,,,,,,,,,,,,,,,,,,,,,,,,,,,,,,,,,,,,,,,,,,,,,,,,,,,,,,,,,,,,,,,,,,,,,,,,,,,,,,,,,,,,,,,,,,,,,,,,,,,,,,,,,
,,,,,,,,,,,,,,,,,,,,,,,,,,,,,,,,,545129,001,2024-02-21_16h07.30.934,experiment,2023.2.3,Win32,60.24096386,5828a6738dd4690001256b33,65d6198affd23d61dc0b5257,65d61efa86f816ad5de07a40,,,,,,,,,,,,,,,,,,,,,,,,,,,,,,,,,,,,,,,,,,,,,,,,,2,,,,,,,,,,,,,,,,,,,,,,,,,,k,0.7082,,space,0.5156,,2,brown_gnomes,2,7,dark_forest,red_basket,green_gnome,2,6,bright_forest,yellow_basket,6,0,0,1,green_gnome,bright_forest,yellow_basket,774,-3,2,79,1,159,1,1,,,,,,,,,,,,,,,,,,,,,,,,,,,,,,,,,,,,,,,,,,,,,,,,,,,,,,,,,,,,,,,,,,,,,,,,,,,,,,,,,,,,,,,,,,,,,,,,,,,,,,,,,,,,,
,,,,,,,,,,,,,,,,,,,,,,,,,,,,,,,,,545129,001,2024-02-21_16h07.30.934,experiment,2023.2.3,Win32,60.24096386,5828a6738dd4690001256b33,65d6198affd23d61dc0b5257,65d61efa86f816ad5de07a40,,,,,,,,,,,,,,,,,,,,,,,,,,,,,,,,,,,,,,,,,,,,,,,,,1,,,,,,,,,,,,,,,,,,,,,,,,,,k,0.7934,,space,0.1384,0.0019,1,purple_gnome,1,9,dark_forest,red_basket,red_gnome,1,3,bright_forest,yellow_basket,3,0,0,1,red_gnome,bright_forest,yellow_basket,777,-1,3,80,0,160,0,1,,,,,,,,,,,,,,,,,,,,,,,,,,,,,,,,,,,,,,,,,,,,,,,,,,,,,,,,,,,,,,,,,,,,,,,,,,,,,,,,,,,,,,,,,,,,,,,,,,,,,,,,,,,,,
,,,,,,,,,,,,,,,,,,,,,,,,,,,,,,,,,545129,001,2024-02-21_16h07.30.934,experiment,2023.2.3,Win32,60.24096386,5828a6738dd4690001256b33,65d6198affd23d61dc0b5257,65d61efa86f816ad5de07a40,,,,,,,,,,,,,,,,,,,,,,,,,,,,,,,,,,,,,,,,,,,,,,,,,2,,,,,,,,,,,,,,,,,,,,,,,,,,s,1.3529,,space,0.7178,,2,green_gnome,2,2,bright_forest,yellow_basket,brown_gnomes,2,6,dark_forest,red_basket,2,0,0,1,green_gnome,bright_forest,yellow_basket,779,-3,-1,80,1,161,1,1,,,,,,,,,,,,,,,,,,,,,,,,,,,,,,,,,,,,,,,,,,,,,,,,,,,,,,,,,,,,,,,,,,,,,,,,,,,,,,,,,,,,,,,,,,,,,,,,,,,,,,,,,,,,,
,,,,,,,,,,,,,,,,,,,,,,,,,,,,,,,,,545129,001,2024-02-21_16h07.30.934,experiment,2023.2.3,Win32,60.24096386,5828a6738dd4690001256b33,65d6198affd23d61dc0b5257,65d61efa86f816ad5de07a40,,,,,,,,,,,,,,,,,,,,,,,,,,,,,,,,,,,,,,,,,,,,,,,,,2,,,,,,,,,,,,,,,,,,,,,,,,,,k,1.2893,,space,0.7765,,2,green_gnome,2,1,bright_forest,yellow_basket,brown_gnomes,2,5,dark_forest,red_basket,5,0,0,1,brown_gnomes,dark_forest,red_basket,784,-1,0,81,0,162,1,1,,,,,,,,,,,,,,,,,,,,,,,,,,,,,,,,,,,,,,,,,,,,,,,,,,,,,,,,,,,,,,,,,,,,,,,,,,,,,,,,,,,,,,,,,,,,,,,,,,,,,,,,,,,,,
,,,,,,,,,,,,,,,,,,,,,,,,,,,,,,,,,545129,001,2024-02-21_16h07.30.934,experiment,2023.2.3,Win32,60.24096386,5828a6738dd4690001256b33,65d6198affd23d61dc0b5257,65d61efa86f816ad5de07a40,,,,,,,,,,,,,,,,,,,,,,,,,,,,,,,,,,,,,,,,,,,,,,,,,1,,,,,,,,,,,,,,,,,,,,,,,,,,k,0.8764,,space,0.4254,,1,red_gnome,1,0,bright_forest,yellow_basket,purple_gnome,1,5,dark_forest,red_basket,5,0,0,1,purple_gnome,dark_forest,red_basket,789,0,2,81,1,163,0,1,,,,,,,,,,,,,,,,,,,,,,,,,,,,,,,,,,,,,,,,,,,,,,,,,,,,,,,,,,,,,,,,,,,,,,,,,,,,,,,,,,,,,,,,,,,,,,,,,,,,,,,,,,,,,
,,,,,,,,,,,,,,,,,,,,,,,,,,,,,,,,,545129,001,2024-02-21_16h07.30.934,experiment,2023.2.3,Win32,60.24096386,5828a6738dd4690001256b33,65d6198affd23d61dc0b5257,65d61efa86f816ad5de07a40,,,,,,,,,,,,,,,,,,,,,,,,,,,,,,,,,,,,,,,,,,,,,,,,,2,,,,,,,,,,,,,,,,,,,,,,,,,,s,0.6778,,space,0.5325,,2,brown_gnomes,2,7,dark_forest,red_basket,green_gnome,2,0,bright_forest,yellow_basket,7,0,0,1,brown_gnomes,dark_forest,red_basket,796,0,-1,82,0,164,1,1,,,,,,,,,,,,,,,,,,,,,,,,,,,,,,,,,,,,,,,,,,,,,,,,,,,,,,,,,,,,,,,,,,,,,,,,,,,,,,,,,,,,,,,,,,,,,,,,,,,,,,,,,,,,,
,,,,,,,,,,,,,,,,,,,,,,,,,,,,,,,,,545129,001,2024-02-21_16h07.30.934,experiment,2023.2.3,Win32,60.24096386,5828a6738dd4690001256b33,65d6198affd23d61dc0b5257,65d61efa86f816ad5de07a40,,,,,,,,,,,,,,,,,,,,,,,,,,,,,,,,,,,,,,,,,,,,,,,,,2,,,,,,,,,,,,,,,,,,,,,,,,,,k,0.6306,,space,0.6147,,2,green_gnome,2,0,bright_forest,yellow_basket,brown_gnomes,2,6,dark_forest,red_basket,6,0,0,1,brown_gnomes,dark_forest,red_basket,802,-4,-3,82,1,165,1,1,,,,,,,,,,,,,,,,,,,,,,,,,,,,,,,,,,,,,,,,,,,,,,,,,,,,,,,,,,,,,,,,,,,,,,,,,,,,,,,,,,,,,,,,,,,,,,,,,,,,,,,,,,,,,
,,,,,,,,,,,,,,,,,,,,,,,,,,,,,,,,,545129,001,2024-02-21_16h07.30.934,experiment,2023.2.3,Win32,60.24096386,5828a6738dd4690001256b33,65d6198affd23d61dc0b5257,65d61efa86f816ad5de07a40,,,,,,,,,,,,,,,,,,,,,,,,,,,,,,,,,,,,,,,,,,,,,,,,,2,,,,,,,,,,,,,,,,,,,,,,,,,,s,0.6394,,space,0.721,,2,brown_gnomes,2,3,dark_forest,red_basket,green_gnome,2,4,bright_forest,yellow_basket,3,0,0,1,brown_gnomes,dark_forest,red_basket,805,0,0,83,0,166,1,1,,,,,,,,,,,,,,,,,,,,,,,,,,,,,,,,,,,,,,,,,,,,,,,,,,,,,,,,,,,,,,,,,,,,,,,,,,,,,,,,,,,,,,,,,,,,,,,,,,,,,,,,,,,,,
,,,,,,,,,,,,,,,,,,,,,,,,,,,,,,,,,545129,001,2024-02-21_16h07.30.934,experiment,2023.2.3,Win32,60.24096386,5828a6738dd4690001256b33,65d6198affd23d61dc0b5257,65d61efa86f816ad5de07a40,,,,,,,,,,,,,,,,,,,,,,,,,,,,,,,,,,,,,,,,,,,,,,,,,1,,,,,,,,,,,,,,,,,,,,,,,,,,s,0.5778,,space,0.7412,,1,red_gnome,1,4,bright_forest,yellow_basket,purple_gnome,1,3,dark_forest,red_basket,4,0,0,1,red_gnome,bright_forest,yellow_basket,809,0,3,83,1,167,0,1,,,,,,,,,,,,,,,,,,,,,,,,,,,,,,,,,,,,,,,,,,,,,,,,,,,,,,,,,,,,,,,,,,,,,,,,,,,,,,,,,,,,,,,,,,,,,,,,,,,,,,,,,,,,,
,,,,,,,,,,,,,,,,,,,,,,,,,,,,,,,,,545129,001,2024-02-21_16h07.30.934,experiment,2023.2.3,Win32,60.24096386,5828a6738dd4690001256b33,65d6198affd23d61dc0b5257,65d61efa86f816ad5de07a40,,,,,,,,,,,,,,,,,,,,,,,,,,,,,,,,,,,,,,,,,,,,,,,,,1,,,,,,,,,,,,,,,,,,,,,,,,,,s,0.6884,,space,0.7009,,1,red_gnome,1,4,bright_forest,yellow_basket,purple_gnome,1,6,dark_forest,red_basket,4,0,0,1,red_gnome,bright_forest,yellow_basket,813,0,-4,84,0,168,0,1,,,,,,,,,,,,,,,,,,,,,,,,,,,,,,,,,,,,,,,,,,,,,,,,,,,,,,,,,,,,,,,,,,,,,,,,,,,,,,,,,,,,,,,,,,,,,,,,,,,,,,,,,,,,,
,,,,,,,,,,,,,,,,,,,,,,,,,,,,,,,,,545129,001,2024-02-21_16h07.30.934,experiment,2023.2.3,Win32,60.24096386,5828a6738dd4690001256b33,65d6198affd23d61dc0b5257,65d61efa86f816ad5de07a40,,,,,,,,,,,,,,,,,,,,,,,,,,,,,,,,,,,,,,,,,,,,,,,,,1,,,,,,,,,,,,,,,,,,,,,,,,,,s,0.912,,space,0.605,,1,red_gnome,1,4,bright_forest,yellow_basket,purple_gnome,1,2,dark_forest,red_basket,4,0,0,1,red_gnome,bright_forest,yellow_basket,817,-1,1,84,1,169,0,1,,,,,,,,,,,,,,,,,,,,,,,,,,,,,,,,,,,,,,,,,,,,,,,,,,,,,,,,,,,,,,,,,,,,,,,,,,,,,,,,,,,,,,,,,,,,,,,,,,,,,,,,,,,,,
,,,,,,,,,,,,,,,,,,,,,,,,,,,,,,,,,545129,001,2024-02-21_16h07.30.934,experiment,2023.2.3,Win32,60.24096386,5828a6738dd4690001256b33,65d6198affd23d61dc0b5257,65d61efa86f816ad5de07a40,,,,,,,,,,,,,,,,,,,,,,,,,,,,,,,,,,,,,,,,,,,,,,,,,2,,,,,,,,,,,,,,,,,,,,,,,,,,s,0.5584,,space,0.6585,,2,green_gnome,2,3,bright_forest,yellow_basket,brown_gnomes,2,3,dark_forest,red_basket,3,0,0,1,green_gnome,bright_forest,yellow_basket,820,-1,-2,85,0,170,1,1,,,,,,,,,,,,,,,,,,,,,,,,,,,,,,,,,,,,,,,,,,,,,,,,,,,,,,,,,,,,,,,,,,,,,,,,,,,,,,,,,,,,,,,,,,,,,,,,,,,,,,,,,,,,,
,,,,,,,,,,,,,,,,,,,,,,,,,,,,,,,,,545129,001,2024-02-21_16h07.30.934,experiment,2023.2.3,Win32,60.24096386,5828a6738dd4690001256b33,65d6198affd23d61dc0b5257,65d61efa86f816ad5de07a40,,,,,,,,,,,,,,,,,,,,,,,,,,,,,,,,,,,,,,,,,,,,,,,,,2,,,,,,,,,,,,,,,,,,,,,,,,,,s,0.767,,space,0.4473,,2,brown_gnomes,2,1,dark_forest,red_basket,green_gnome,2,2,bright_forest,yellow_basket,1,0,0,1,brown_gnomes,dark_forest,red_basket,821,3,2,85,1,171,1,1,,,,,,,,,,,,,,,,,,,,,,,,,,,,,,,,,,,,,,,,,,,,,,,,,,,,,,,,,,,,,,,,,,,,,,,,,,,,,,,,,,,,,,,,,,,,,,,,,,,,,,,,,,,,,
,,,,,,,,,,,,,,,,,,,,,,,,,,,,,,,,,545129,001,2024-02-21_16h07.30.934,experiment,2023.2.3,Win32,60.24096386,5828a6738dd4690001256b33,65d6198affd23d61dc0b5257,65d61efa86f816ad5de07a40,,,,,,,,,,,,,,,,,,,,,,,,,,,,,,,,,,,,,,,,,,,,,,,,,2,,,,,,,,,,,,,,,,,,,,,,,,,,k,1.1359,,space,0.5891,,2,green_gnome,2,5,bright_forest,yellow_basket,brown_gnomes,2,3,dark_forest,red_basket,3,0,0,1,brown_gnomes,dark_forest,red_basket,824,1,-1,86,0,172,1,1,,,,,,,,,,,,,,,,,,,,,,,,,,,,,,,,,,,,,,,,,,,,,,,,,,,,,,,,,,,,,,,,,,,,,,,,,,,,,,,,,,,,,,,,,,,,,,,,,,,,,,,,,,,,,
,,,,,,,,,,,,,,,,,,,,,,,,,,,,,,,,,545129,001,2024-02-21_16h07.30.934,experiment,2023.2.3,Win32,60.24096386,5828a6738dd4690001256b33,65d6198affd23d61dc0b5257,65d61efa86f816ad5de07a40,,,,,,,,,,,,,,,,,,,,,,,,,,,,,,,,,,,,,,,,,,,,,,,,,1,,,,,,,,,,,,,,,,,,,,,,,,,,k,1.1845,,space,0.7141,,1,red_gnome,1,6,bright_forest,yellow_basket,purple_gnome,1,2,dark_forest,red_basket,2,0,0,1,purple_gnome,dark_forest,red_basket,826,-3,2,86,1,173,0,1,,,,,,,,,,,,,,,,,,,,,,,,,,,,,,,,,,,,,,,,,,,,,,,,,,,,,,,,,,,,,,,,,,,,,,,,,,,,,,,,,,,,,,,,,,,,,,,,,,,,,,,,,,,,,
,,,,,,,,,,,,,,,,,,,,,,,,,,,,,,,,,545129,001,2024-02-21_16h07.30.934,experiment,2023.2.3,Win32,60.24096386,5828a6738dd4690001256b33,65d6198affd23d61dc0b5257,65d61efa86f816ad5de07a40,,,,,,,,,,,,,,,,,,,,,,,,,,,,,,,,,,,,,,,,,,,,,,,,,2,,,,,,,,,,,,,,,,,,,,,,,,,,k,0.5721,,space,0.4226,,2,green_gnome,2,3,bright_forest,yellow_basket,brown_gnomes,2,4,dark_forest,red_basket,4,0,0,1,brown_gnomes,dark_forest,red_basket,830,-3,-2,87,0,174,1,1,,,,,,,,,,,,,,,,,,,,,,,,,,,,,,,,,,,,,,,,,,,,,,,,,,,,,,,,,,,,,,,,,,,,,,,,,,,,,,,,,,,,,,,,,,,,,,,,,,,,,,,,,,,,,
,,,,,,,,,,,,,,,,,,,,,,,,,,,,,,,,,545129,001,2024-02-21_16h07.30.934,experiment,2023.2.3,Win32,60.24096386,5828a6738dd4690001256b33,65d6198affd23d61dc0b5257,65d61efa86f816ad5de07a40,,,,,,,,,,,,,,,,,,,,,,,,,,,,,,,,,,,,,,,,,,,,,,,,,1,,,,,,,,,,,,,,,,,,,,,,,,,,s,0.6632,,space,0.6426,,1,purple_gnome,1,2,dark_forest,red_basket,red_gnome,1,0,bright_forest,yellow_basket,2,0,0,1,purple_gnome,dark_forest,red_basket,832,3,-3,87,1,175,0,1,,,,,,,,,,,,,,,,,,,,,,,,,,,,,,,,,,,,,,,,,,,,,,,,,,,,,,,,,,,,,,,,,,,,,,,,,,,,,,,,,,,,,,,,,,,,,,,,,,,,,,,,,,,,,
,,,,,,,,,,,,,,,,,,,,,,,,,,,,,,,,,545129,001,2024-02-21_16h07.30.934,experiment,2023.2.3,Win32,60.24096386,5828a6738dd4690001256b33,65d6198affd23d61dc0b5257,65d61efa86f816ad5de07a40,,,,,,,,,,,,,,,,,,,,,,,,,,,,,,,,,,,,,,,,,,,,,,,,,1,,,,,,,,,,,,,,,,,,,,,,,,,,s,0.6437,,space,0.3303,0.0031,1,red_gnome,1,3,bright_forest,yellow_basket,purple_gnome,1,1,dark_forest,red_basket,3,0,0,1,red_gnome,bright_forest,yellow_basket,835,-2,-2,88,0,176,0,1,,,,,,,,,,,,,,,,,,,,,,,,,,,,,,,,,,,,,,,,,,,,,,,,,,,,,,,,,,,,,,,,,,,,,,,,,,,,,,,,,,,,,,,,,,,,,,,,,,,,,,,,,,,,,
,,,,,,,,,,,,,,,,,,,,,,,,,,,,,,,,,545129,001,2024-02-21_16h07.30.934,experiment,2023.2.3,Win32,60.24096386,5828a6738dd4690001256b33,65d6198affd23d61dc0b5257,65d61efa86f816ad5de07a40,,,,,,,,,,,,,,,,,,,,,,,,,,,,,,,,,,,,,,,,,,,,,,,,,2,,,,,,,,,,,,,,,,,,,,,,,,,,s,0.6937,,space,0.5425,,2,green_gnome,2,1,bright_forest,yellow_basket,brown_gnomes,2,1,dark_forest,red_basket,1,0,0,1,green_gnome,bright_forest,yellow_basket,836,0,-4,88,1,177,1,1,,,,,,,,,,,,,,,,,,,,,,,,,,,,,,,,,,,,,,,,,,,,,,,,,,,,,,,,,,,,,,,,,,,,,,,,,,,,,,,,,,,,,,,,,,,,,,,,,,,,,,,,,,,,,
,,,,,,,,,,,,,,,,,,,,,,,,,,,,,,,,,545129,001,2024-02-21_16h07.30.934,experiment,2023.2.3,Win32,60.24096386,5828a6738dd4690001256b33,65d6198affd23d61dc0b5257,65d61efa86f816ad5de07a40,,,,,,,,,,,,,,,,,,,,,,,,,,,,,,,,,,,,,,,,,,,,,,,,,2,,,,,,,,,,,,,,,,,,,,,,,,,,s,1.2565,,space,0.6439,,2,brown_gnomes,2,3,dark_forest,red_basket,green_gnome,2,1,bright_forest,yellow_basket,3,0,0,1,brown_gnomes,dark_forest,red_basket,839,-2,1,89,0,178,1,1,,,,,,,,,,,,,,,,,,,,,,,,,,,,,,,,,,,,,,,,,,,,,,,,,,,,,,,,,,,,,,,,,,,,,,,,,,,,,,,,,,,,,,,,,,,,,,,,,,,,,,,,,,,,,
,,,,,,,,,,,,,,,,,,,,,,,,,,,,,,,,,545129,001,2024-02-21_16h07.30.934,experiment,2023.2.3,Win32,60.24096386,5828a6738dd4690001256b33,65d6198affd23d61dc0b5257,65d61efa86f816ad5de07a40,,,,,,,,,,,,,,,,,,,,,,,,,,,,,,,,,,,,,,,,,,,,,,,,,1,,,,,,,,,,,,,,,,,,,,,,,,,,s,0.5922,,space,0.5982,,1,purple_gnome,1,4,dark_forest,red_basket,red_gnome,1,1,bright_forest,yellow_basket,4,0,0,1,purple_gnome,dark_forest,red_basket,843,-2,2,89,1,179,0,1,,,,,,,,,,,,,,,,,,,,,,,,,,,,,,,,,,,,,,,,,,,,,,,,,,,,,,,,,,,,,,,,,,,,,,,,,,,,,,,,,,,,,,,,,,,,,,,,,,,,,,,,,,,,,
,,,,,,,,,,,,,,,,,,,,,,,,,,,,,,,,,545129,001,2024-02-21_16h07.30.934,experiment,2023.2.3,Win32,60.24096386,5828a6738dd4690001256b33,65d6198affd23d61dc0b5257,65d61efa86f816ad5de07a40,,,,,,,,,,,,,,,,,,,,,,,,,,,,,,,,,,,,,,,,,,,,,,,,,2,,,,,,,,,,,,,,,,,,,,,,,,,,,,,,,,2,brown_gnomes,2,6,dark_forest,red_basket,green_gnome,2,1,bright_forest,yellow_basket,0,1,0,0,,dark_forest,red_basket,843,1,-3,90,0,180,1,1,,,,,,,,,,,,,,,,,,,,,,,,,,,,,,,,,,,,,,,,,,,,,,,,,,,,,,,,,,,,,,,,,,,,,,,,,,,,,,,,,,,,,,,,,,,,,,,,,,,,,,,,,,,,,
,,,,,,,,,,,,,,,,,,,,,,,,,,,,,,,,,545129,001,2024-02-21_16h07.30.934,experiment,2023.2.3,Win32,60.24096386,5828a6738dd4690001256b33,65d6198affd23d61dc0b5257,65d61efa86f816ad5de07a40,,,,,,,,,,,,,,,,,,,,,,,,,,,,,,,,,,,,,,,,,,,,,,,,,1,,,,,,,,,,,,,,,,,,,,,,,,,,k,1.1099,,space,0.6123,,1,red_gnome,1,2,bright_forest,yellow_basket,purple_gnome,1,3,dark_forest,red_basket,3,0,0,1,purple_gnome,dark_forest,red_basket,846,6,3,90,1,181,0,1,,,,,,,,,,,,,,,,,,,,,,,,,,,,,,,,,,,,,,,,,,,,,,,,,,,,,,,,,,,,,,,,,,,,,,,,,,,,,,,,,,,,,,,,,,,,,,,,,,,,,,,,,,,,,
,,,,,,,,,,,,,,,,,,,,,,,,,,,,,,,,,545129,001,2024-02-21_16h07.30.934,experiment,2023.2.3,Win32,60.24096386,5828a6738dd4690001256b33,65d6198affd23d61dc0b5257,65d61efa86f816ad5de07a40,,,,,,,,,,,,,,,,,,,,,,,,,,,,,,,,,,,,,,,,,,,,,,,,,2,,,,,,,,,,,,,,,,,,,,,,,,,,s,0.5184,,space,0.5203,,2,brown_gnomes,2,6,dark_forest,red_basket,green_gnome,2,8,bright_forest,yellow_basket,6,0,0,1,brown_gnomes,dark_forest,red_basket,852,0,-2,91,0,182,1,1,,,,,,,,,,,,,,,,,,,,,,,,,,,,,,,,,,,,,,,,,,,,,,,,,,,,,,,,,,,,,,,,,,,,,,,,,,,,,,,,,,,,,,,,,,,,,,,,,,,,,,,,,,,,,
,,,,,,,,,,,,,,,,,,,,,,,,,,,,,,,,,545129,001,2024-02-21_16h07.30.934,experiment,2023.2.3,Win32,60.24096386,5828a6738dd4690001256b33,65d6198affd23d61dc0b5257,65d61efa86f816ad5de07a40,,,,,,,,,,,,,,,,,,,,,,,,,,,,,,,,,,,,,,,,,,,,,,,,,2,,,,,,,,,,,,,,,,,,,,,,,,,,s,0.5984,,space,0.5089,,2,brown_gnomes,2,4,dark_forest,red_basket,green_gnome,2,8,bright_forest,yellow_basket,4,0,0,1,brown_gnomes,dark_forest,red_basket,856,0,-3,91,1,183,1,1,,,,,,,,,,,,,,,,,,,,,,,,,,,,,,,,,,,,,,,,,,,,,,,,,,,,,,,,,,,,,,,,,,,,,,,,,,,,,,,,,,,,,,,,,,,,,,,,,,,,,,,,,,,,,
,,,,,,,,,,,,,,,,,,,,,,,,,,,,,,,,,545129,001,2024-02-21_16h07.30.934,experiment,2023.2.3,Win32,60.24096386,5828a6738dd4690001256b33,65d6198affd23d61dc0b5257,65d61efa86f816ad5de07a40,,,,,,,,,,,,,,,,,,,,,,,,,,,,,,,,,,,,,,,,,,,,,,,,,1,,,,,,,,,,,,,,,,,,,,,,,,,,s,0.5652,,space,0.5636,,1,purple_gnome,1,1,dark_forest,red_basket,red_gnome,1,8,bright_forest,yellow_basket,1,0,0,1,purple_gnome,dark_forest,red_basket,857,-1,1,92,0,184,0,1,,,,,,,,,,,,,,,,,,,,,,,,,,,,,,,,,,,,,,,,,,,,,,,,,,,,,,,,,,,,,,,,,,,,,,,,,,,,,,,,,,,,,,,,,,,,,,,,,,,,,,,,,,,,,
,,,,,,,,,,,,,,,,,,,,,,,,,,,,,,,,,545129,001,2024-02-21_16h07.30.934,experiment,2023.2.3,Win32,60.24096386,5828a6738dd4690001256b33,65d6198affd23d61dc0b5257,65d61efa86f816ad5de07a40,,,,,,,,,,,,,,,,,,,,,,,,,,,,,,,,,,,,,,,,,,,,,,,,,2,,,,,,,,,,,,,,,,,,,,,,,,,,s,0.5598,,space,0.7666,,2,green_gnome,2,7,bright_forest,yellow_basket,brown_gnomes,2,2,dark_forest,red_basket,7,0,0,1,green_gnome,bright_forest,yellow_basket,864,-2,-2,92,1,185,1,1,,,,,,,,,,,,,,,,,,,,,,,,,,,,,,,,,,,,,,,,,,,,,,,,,,,,,,,,,,,,,,,,,,,,,,,,,,,,,,,,,,,,,,,,,,,,,,,,,,,,,,,,,,,,,
,,,,,,,,,,,,,,,,,,,,,,,,,,,,,,,,,545129,001,2024-02-21_16h07.30.934,experiment,2023.2.3,Win32,60.24096386,5828a6738dd4690001256b33,65d6198affd23d61dc0b5257,65d61efa86f816ad5de07a40,,,,,,,,,,,,,,,,,,,,,,,,,,,,,,,,,,,,,,,,,,,,,,,,,2,,,,,,,,,,,,,,,,,,,,,,,,,,k,0.9052,,space,0.8455,,2,brown_gnomes,2,0,dark_forest,red_basket,green_gnome,2,5,bright_forest,yellow_basket,5,0,0,1,green_gnome,bright_forest,yellow_basket,869,1,0,93,0,186,1,1,,,,,,,,,,,,,,,,,,,,,,,,,,,,,,,,,,,,,,,,,,,,,,,,,,,,,,,,,,,,,,,,,,,,,,,,,,,,,,,,,,,,,,,,,,,,,,,,,,,,,,,,,,,,,
,,,,,,,,,,,,,,,,,,,,,,,,,,,,,,,,,545129,001,2024-02-21_16h07.30.934,experiment,2023.2.3,Win32,60.24096386,5828a6738dd4690001256b33,65d6198affd23d61dc0b5257,65d61efa86f816ad5de07a40,,,,,,,,,,,,,,,,,,,,,,,,,,,,,,,,,,,,,,,,,,,,,,,,,2,,,,,,,,,,,,,,,,,,,,,,,,,,s,0.4802,,space,0.71,,2,green_gnome,2,6,bright_forest,yellow_basket,brown_gnomes,2,0,dark_forest,red_basket,6,0,0,1,green_gnome,bright_forest,yellow_basket,875,-5,-2,93,1,187,1,1,,,,,,,,,,,,,,,,,,,,,,,,,,,,,,,,,,,,,,,,,,,,,,,,,,,,,,,,,,,,,,,,,,,,,,,,,,,,,,,,,,,,,,,,,,,,,,,,,,,,,,,,,,,,,
,,,,,,,,,,,,,,,,,,,,,,,,,,,,,,,,,545129,001,2024-02-21_16h07.30.934,experiment,2023.2.3,Win32,60.24096386,5828a6738dd4690001256b33,65d6198affd23d61dc0b5257,65d61efa86f816ad5de07a40,,,,,,,,,,,,,,,,,,,,,,,,,,,,,,,,,,,,,,,,,,,,,,,,,2,,,,,,,,,,,,,,,,,,,,,,,,,,s,0.6658,,space,0.6892,,2,green_gnome,2,1,bright_forest,yellow_basket,brown_gnomes,2,2,dark_forest,red_basket,1,0,0,1,green_gnome,bright_forest,yellow_basket,876,-3,1,94,0,188,1,1,,,,,,,,,,,,,,,,,,,,,,,,,,,,,,,,,,,,,,,,,,,,,,,,,,,,,,,,,,,,,,,,,,,,,,,,,,,,,,,,,,,,,,,,,,,,,,,,,,,,,,,,,,,,,
,,,,,,,,,,,,,,,,,,,,,,,,,,,,,,,,,545129,001,2024-02-21_16h07.30.934,experiment,2023.2.3,Win32,60.24096386,5828a6738dd4690001256b33,65d6198affd23d61dc0b5257,65d61efa86f816ad5de07a40,,,,,,,,,,,,,,,,,,,,,,,,,,,,,,,,,,,,,,,,,,,,,,,,,1,,,,,,,,,,,,,,,,,,,,,,,,,,k,1.3813,,,,,1,purple_gnome,1,3,dark_forest,red_basket,red_gnome,1,2,bright_forest,yellow_basket,0,0,1,0,red_gnome,bright_forest,yellow_basket,876,3,1,94,1,189,0,1,,,,,,,,,,,,,,,,,,,,,,,,,,,,,,,,,,,,,,,,,,,,,,,,,,,,,,,,,,,,,,,,,,,,,,,,,,,,,,,,,,,,,,,,,,,,,,,,,,,,,,,,,,,,,
,,,,,,,,,,,,,,,,,,,,,,,,,,,,,,,,,545129,001,2024-02-21_16h07.30.934,experiment,2023.2.3,Win32,60.24096386,5828a6738dd4690001256b33,65d6198affd23d61dc0b5257,65d61efa86f816ad5de07a40,,,,,,,,,,,,,,,,,,,,,,,,,,,,,,,,,,,,,,,,,,,,,,,,,2,,,,,,,,,,,,,,,,,,,,,,,,,,k,1.4497,,space,0.3119,,2,brown_gnomes,2,4,dark_forest,red_basket,green_gnome,2,5,bright_forest,yellow_basket,5,0,0,1,green_gnome,bright_forest,yellow_basket,881,-1,0,95,0,190,1,1,,,,,,,,,,,,,,,,,,,,,,,,,,,,,,,,,,,,,,,,,,,,,,,,,,,,,,,,,,,,,,,,,,,,,,,,,,,,,,,,,,,,,,,,,,,,,,,,,,,,,,,,,,,,,
,,,,,,,,,,,,,,,,,,,,,,,,,,,,,,,,,545129,001,2024-02-21_16h07.30.934,experiment,2023.2.3,Win32,60.24096386,5828a6738dd4690001256b33,65d6198affd23d61dc0b5257,65d61efa86f816ad5de07a40,,,,,,,,,,,,,,,,,,,,,,,,,,,,,,,,,,,,,,,,,,,,,,,,,2,,,,,,,,,,,,,,,,,,,,,,,,,,k,0.9724,,space,0.5099,,2,brown_gnomes,2,4,dark_forest,red_basket,green_gnome,2,4,bright_forest,yellow_basket,4,0,0,1,green_gnome,bright_forest,yellow_basket,885,-1,1,95,1,191,1,1,,,,,,,,,,,,,,,,,,,,,,,,,,,,,,,,,,,,,,,,,,,,,,,,,,,,,,,,,,,,,,,,,,,,,,,,,,,,,,,,,,,,,,,,,,,,,,,,,,,,,,,,,,,,,
,,,,,,,,,,,,,,,,,,,,,,,,,,,,,,,,,545129,001,2024-02-21_16h07.30.934,experiment,2023.2.3,Win32,60.24096386,5828a6738dd4690001256b33,65d6198affd23d61dc0b5257,65d61efa86f816ad5de07a40,,,,,,,,,,,,,,,,,,,,,,,,,,,,,,,,,,,,,,,,,,,,,,,,,1,,,,,,,,,,,,,,,,,,,,,,,,,,s,0.6421,,space,0.6308,,1,red_gnome,1,3,bright_forest,yellow_basket,purple_gnome,1,5,dark_forest,red_basket,3,0,0,1,red_gnome,bright_forest,yellow_basket,888,1,4,96,0,192,0,1,,,,,,,,,,,,,,,,,,,,,,,,,,,,,,,,,,,,,,,,,,,,,,,,,,,,,,,,,,,,,,,,,,,,,,,,,,,,,,,,,,,,,,,,,,,,,,,,,,,,,,,,,,,,,
,,,,,,,,,,,,,,,,,,,,,,,,,,,,,,,,,545129,001,2024-02-21_16h07.30.934,experiment,2023.2.3,Win32,60.24096386,5828a6738dd4690001256b33,65d6198affd23d61dc0b5257,65d61efa86f816ad5de07a40,,,,,,,,,,,,,,,,,,,,,,,,,,,,,,,,,,,,,,,,,,,,,,,,,2,,,,,,,,,,,,,,,,,,,,,,,,,,s,0.5327,,space,0.5012,,2,brown_gnomes,2,9,dark_forest,red_basket,green_gnome,2,4,bright_forest,yellow_basket,9,0,0,1,brown_gnomes,dark_forest,red_basket,897,0,2,96,1,193,1,1,,,,,,,,,,,,,,,,,,,,,,,,,,,,,,,,,,,,,,,,,,,,,,,,,,,,,,,,,,,,,,,,,,,,,,,,,,,,,,,,,,,,,,,,,,,,,,,,,,,,,,,,,,,,,
,,,,,,,,,,,,,,,,,,,,,,,,,,,,,,,,,545129,001,2024-02-21_16h07.30.934,experiment,2023.2.3,Win32,60.24096386,5828a6738dd4690001256b33,65d6198affd23d61dc0b5257,65d61efa86f816ad5de07a40,,,,,,,,,,,,,,,,,,,,,,,,,,,,,,,,,,,,,,,,,,,,,,,,,2,,,,,,,,,,,,,,,,,,,,,,,,,,k,0.6837,,space,0.5987,,2,green_gnome,2,4,bright_forest,yellow_basket,brown_gnomes,2,7,dark_forest,red_basket,7,0,0,1,brown_gnomes,dark_forest,red_basket,904,-1,2,97,0,194,1,1,,,,,,,,,,,,,,,,,,,,,,,,,,,,,,,,,,,,,,,,,,,,,,,,,,,,,,,,,,,,,,,,,,,,,,,,,,,,,,,,,,,,,,,,,,,,,,,,,,,,,,,,,,,,,
,,,,,,,,,,,,,,,,,,,,,,,,,,,,,,,,,545129,001,2024-02-21_16h07.30.934,experiment,2023.2.3,Win32,60.24096386,5828a6738dd4690001256b33,65d6198affd23d61dc0b5257,65d61efa86f816ad5de07a40,,,,,,,,,,,,,,,,,,,,,,,,,,,,,,,,,,,,,,,,,,,,,,,,,1,,,,,,,,,,,,,,,,,,,,,,,,,,k,0.857,,space,0.6232,,1,red_gnome,1,3,bright_forest,yellow_basket,purple_gnome,1,9,dark_forest,red_basket,9,0,0,1,purple_gnome,dark_forest,red_basket,913,2,-4,97,1,195,0,1,,,,,,,,,,,,,,,,,,,,,,,,,,,,,,,,,,,,,,,,,,,,,,,,,,,,,,,,,,,,,,,,,,,,,,,,,,,,,,,,,,,,,,,,,,,,,,,,,,,,,,,,,,,,,
,,,,,,,,,,,,,,,,,,,,,,,,,,,,,,,,,545129,001,2024-02-21_16h07.30.934,experiment,2023.2.3,Win32,60.24096386,5828a6738dd4690001256b33,65d6198affd23d61dc0b5257,65d61efa86f816ad5de07a40,,,,,,,,,,,,,,,,,,,,,,,,,,,,,,,,,,,,,,,,,,,,,,,,,1,,,,,,,,,,,,,,,,,,,,,,,,,,s,0.5603,,space,0.3577,,1,purple_gnome,1,5,dark_forest,red_basket,red_gnome,1,5,bright_forest,yellow_basket,5,0,0,1,purple_gnome,dark_forest,red_basket,918,0,2,98,0,196,0,1,,,,,,,,,,,,,,,,,,,,,,,,,,,,,,,,,,,,,,,,,,,,,,,,,,,,,,,,,,,,,,,,,,,,,,,,,,,,,,,,,,,,,,,,,,,,,,,,,,,,,,,,,,,,,
,,,,,,,,,,,,,,,,,,,,,,,,,,,,,,,,,545129,001,2024-02-21_16h07.30.934,experiment,2023.2.3,Win32,60.24096386,5828a6738dd4690001256b33,65d6198affd23d61dc0b5257,65d61efa86f816ad5de07a40,,,,,,,,,,,,,,,,,,,,,,,,,,,,,,,,,,,,,,,,,,,,,,,,,1,,,,,,,,,,,,,,,,,,,,,,,,,,s,0.9447,,space,0.7096,,1,red_gnome,1,5,bright_forest,yellow_basket,purple_gnome,1,7,dark_forest,red_basket,5,0,0,1,red_gnome,bright_forest,yellow_basket,923,-3,1,98,1,197,0,1,,,,,,,,,,,,,,,,,,,,,,,,,,,,,,,,,,,,,,,,,,,,,,,,,,,,,,,,,,,,,,,,,,,,,,,,,,,,,,,,,,,,,,,,,,,,,,,,,,,,,,,,,,,,,
,,,,,,,,,,,,,,,,,,,,,,,,,,,,,,,,,545129,001,2024-02-21_16h07.30.934,experiment,2023.2.3,Win32,60.24096386,5828a6738dd4690001256b33,65d6198affd23d61dc0b5257,65d61efa86f816ad5de07a40,,,,,,,,,,,,,,,,,,,,,,,,,,,,,,,,,,,,,,,,,,,,,,,,,2,,,,,,,,,,,,,,,,,,,,,,,,,,k,0.8146,,space,0.5045,,2,brown_gnomes,2,8,dark_forest,red_basket,green_gnome,2,2,bright_forest,yellow_basket,2,0,0,1,green_gnome,bright_forest,yellow_basket,925,-3,2,99,0,198,1,1,,,,,,,,,,,,,,,,,,,,,,,,,,,,,,,,,,,,,,,,,,,,,,,,,,,,,,,,,,,,,,,,,,,,,,,,,,,,,,,,,,,,,,,,,,,,,,,,,,,,,,,,,,,,,
,,,,,,,,,,,,,,,,,,,,,,,,,,,,,,,,,545129,001,2024-02-21_16h07.30.934,experiment,2023.2.3,Win32,60.24096386,5828a6738dd4690001256b33,65d6198affd23d61dc0b5257,65d61efa86f816ad5de07a40,,,,,,,,,,,,,,,,,,,,,,,,,,,,,,,,,,,,,,,,,,,,,,,,,2,,,,,,,,,,,,,,,,,,,,,,,,,,s,0.5323,,space,0.4538,,2,brown_gnomes,2,8,dark_forest,red_basket,green_gnome,2,1,bright_forest,yellow_basket,8,0,0,1,brown_gnomes,dark_forest,red_basket,933,0,1,99,1,199,1,1,,,,,,,,,,,,,,,,,,,,,,,,,,,,,,,,,,,,,,,,,,,,,,,,,,,,,,,,,,,,,,,,,,,,,,,,,,,,,,,,,,,,,,,,,,,,,,,,,,,,,,,,,,,,,
,,,,,,,,,,,,,,,,,,,,,,,,,,,,,,,,,545129,001,2024-02-21_16h07.30.934,experiment,2023.2.3,Win32,60.24096386,5828a6738dd4690001256b33,65d6198affd23d61dc0b5257,65d61efa86f816ad5de07a40,,,,,,,,,,,,,,,,,,,,,,,,,,,,,,,,,,,,,,,,,,,,,,,,,,,,,,,,,,,,,1457.7636,1521.7929,0.624444444,-0.351111111,1,0,0,63.9929,t_advice_finished_typing_rect,,,,,,,,,,,,,,,,,,,,,,,,,,,,,,,,,,,,,,space,6.5065,,space,45.1294,,space,4.9109,,"You will see two gnomes, one will be taller with a pointy hat and one will be smaller with a flat hat, if you choose one of these gnomes and you get a lot of mushrooms (the max is 9) then keep choosing this gnome until the number drops to approx 4 or 5 then try the other gnome and keep selecting that gnome until the number drops. The colour or the position of the gnome does seem to affect the amount of mushrooms - focus on the hat!",0.704444444,-0.35,1,0,0,111.7236,vb_finished_typing_rect,space,10.3188,,space,8.6018,,space,21.5971,,left,4.1805,,50,21.3473,100,26.4644,space,46.6323,,green_gnome,brown_gnomes,0,0,0,2,1,0,3,,,,,,,,,,,,,,,,,,,,,,,,,,,,,,,,,,,,,,,,,,,,,,,,,,,,,,,,,,,,,,,,
,,,,,,,,,,,,,,,,,,,,,,,,,,,,,,,,,545129,001,2024-02-21_16h07.30.934,experiment,2023.2.3,Win32,60.24096386,5828a6738dd4690001256b33,65d6198affd23d61dc0b5257,65d61efa86f816ad5de07a40,,,,,,,,,,,,,,,,,,,,,,,,,,,,,,,,,,,,,,,,,,,,,,,,,,,,,,,,,,,,,,,,,,,,,,,,,,,,,,,,,,,,,,,,,,,,,,,,,,,,,,,,,,,,,,,,,,,,,,,,,,,,,,,,,,,,,,,,53.00957592,7.6677,98.7004104,10.5071,space,12.916,,green_gnome,purple_gnome,0,1,1,4,1,1,3,,,,,,,,,,,,,,,,,,,,,,,,,,,,,,,,,,,,,,,,,,,,,,,,,,,,,,,,,,,,,,,,
,,,,,,,,,,,,,,,,,,,,,,,,,,,,,,,,,545129,001,2024-02-21_16h07.30.934,experiment,2023.2.3,Win32,60.24096386,5828a6738dd4690001256b33,65d6198affd23d61dc0b5257,65d61efa86f816ad5de07a40,,,,,,,,,,,,,,,,,,,,,,,,,,,,,,,,,,,,,,,,,,,,,,,,,,,,,,,,,,,,,,,,,,,,,,,,,,,,,,,,,,,,,,,,,,,,,,,,,,,,,,,,,,,,,,,,,,,,,,,,,,,,,,,,,,,,,,,,61.90150479,7.2479,91.58686731,10.6556,space,11.1101,,brown_gnomes,red_gnome,0,2,2,1,1,0,2,,,,,,,,,,,,,,,,,,,,,,,,,,,,,,,,,,,,,,,,,,,,,,,,,,,,,,,,,,,,,,,,
,,,,,,,,,,,,,,,,,,,,,,,,,,,,,,,,,545129,001,2024-02-21_16h07.30.934,experiment,2023.2.3,Win32,60.24096386,5828a6738dd4690001256b33,65d6198affd23d61dc0b5257,65d61efa86f816ad5de07a40,,,,,,,,,,,,,,,,,,,,,,,,,,,,,,,,,,,,,,,,,,,,,,,,,,,,,,,,,,,,,,,,,,,,,,,,,,,,,,,,,,,,,,,,,,,,,,,,,,,,,,,,,,,,,,,,,,,,,,,,,,,,,,,,,,,,,,,,0,6.2963,100,8.4465,space,8.6461,,brown_gnomes,purple_gnome,0,3,3,0,1,0,1,,,,,,,,,,,,,,,,,,,,,,,,,,,,,,,,,,,,,,,,,,,,,,,,,,,,,,,,,,,,,,,,
,,,,,,,,,,,,,,,,,,,,,,,,,,,,,,,,,545129,001,2024-02-21_16h07.30.934,experiment,2023.2.3,Win32,60.24096386,5828a6738dd4690001256b33,65d6198affd23d61dc0b5257,65d61efa86f816ad5de07a40,,,,,,,,,,,,,,,,,,,,,,,,,,,,,,,,,,,,,,,,,,,,,,,,,,,,,,,,,,,,,,,,,,,,,,,,,,,,,,,,,,,,,,,,,,,,,,,,,,,,,,,,,,,,,,,,,,,,,,,,,,,,,,,,,,,,,,,,84.74692202,3.9784,87.07250342,8.8865,space,8.8492,,purple_gnome,red_gnome,0,4,4,3,1,1,2,,,,,,,,,,,,,,,,,,,,,,,,,,,,,,,,,,,,,,,,,,,,,,,,,,,,,,,,,,,,,,,,
,,,,,,,,,,,,,,,,,,,,,,,,,,,,,,,,,545129,001,2024-02-21_16h07.30.934,experiment,2023.2.3,Win32,60.24096386,5828a6738dd4690001256b33,65d6198affd23d61dc0b5257,65d61efa86f816ad5de07a40,,,,,,,,,,,,,,,,,,,,,,,,,,,,,,,,,,,,,,,,,,,,,,,,,,,,,,,,,,,,,,,,,,,,,,,,,,,,,,,,,,,,,,,,,,,,,,,,,,,,,,,,,,,,,,,,,,,,,,,,,,,,,,,,,,,,,,,,0,3.2319,100,4.9803,space,4.7238,,green_gnome,red_gnome,0,5,5,5,1,2,3,,,,,,,,,,,,,,,,,,,,,,,,,,,,,,,,,,,,,,,,,,,,,,,,,,,,,,,,,,,,,,,,
,,,,,,,,,,,,,,,,,,,,,,,,,,,,,,,,,545129,001,2024-02-21_16h07.30.934,experiment,2023.2.3,Win32,60.24096386,5828a6738dd4690001256b33,65d6198affd23d61dc0b5257,65d61efa86f816ad5de07a40,,,,,,,,,,,,,,,,,,,,,,,,,,,,,,,,,,,,,,,,,,,,,,,,,,,,,,,,,,,,,,,,,,,,,,,,,,,,,,,,,,,,,,,,,,,,,,,,,,,,,,,,,,,,,,,,,,,,,,,,,,,,,,,,,,,,,,,,,,,,,,,,,,,,,,,,space,21.4914,,74.4870041,5.1606,87.34610123,8.9527,space,9.5563,,red_gnome,bright_forest,yellow_basket,0,0,0,4,1,2,0,,,,,,,,,,,,,,,,,,,,,,,,,,,,,,,,,,,,,,,,,,,,
,,,,,,,,,,,,,,,,,,,,,,,,,,,,,,,,,545129,001,2024-02-21_16h07.30.934,experiment,2023.2.3,Win32,60.24096386,5828a6738dd4690001256b33,65d6198affd23d61dc0b5257,65d61efa86f816ad5de07a40,,,,,,,,,,,,,,,,,,,,,,,,,,,,,,,,,,,,,,,,,,,,,,,,,,,,,,,,,,,,,,,,,,,,,,,,,,,,,,,,,,,,,,,,,,,,,,,,,,,,,,,,,,,,,,,,,,,,,,,,,,,,,,,,,,,,,,,,,,,,,,,,,,,,,,,,,,,76.67578659,5.8789,80.09575923,7.6066,space,7.5927,,purple_gnome,bright_forest,yellow_basket,0,1,1,2,1,1,0,,,,,,,,,,,,,,,,,,,,,,,,,,,,,,,,,,,,,,,,,,,,
,,,,,,,,,,,,,,,,,,,,,,,,,,,,,,,,,545129,001,2024-02-21_16h07.30.934,experiment,2023.2.3,Win32,60.24096386,5828a6738dd4690001256b33,65d6198affd23d61dc0b5257,65d61efa86f816ad5de07a40,,,,,,,,,,,,,,,,,,,,,,,,,,,,,,,,,,,,,,,,,,,,,,,,,,,,,,,,,,,,,,,,,,,,,,,,,,,,,,,,,,,,,,,,,,,,,,,,,,,,,,,,,,,,,,,,,,,,,,,,,,,,,,,,,,,,,,,,,,,,,,,,,,,,,,,,,,,75.30779754,3.936,77.63337893,6.2325,space,5.8024,,purple_gnome,dark_forest,red_basket,0,2,2,3,1,1,1,,,,,,,,,,,,,,,,,,,,,,,,,,,,,,,,,,,,,,,,,,,,
,,,,,,,,,,,,,,,,,,,,,,,,,,,,,,,,,545129,001,2024-02-21_16h07.30.934,experiment,2023.2.3,Win32,60.24096386,5828a6738dd4690001256b33,65d6198affd23d61dc0b5257,65d61efa86f816ad5de07a40,,,,,,,,,,,,,,,,,,,,,,,,,,,,,,,,,,,,,,,,,,,,,,,,,,,,,,,,,,,,,,,,,,,,,,,,,,,,,,,,,,,,,,,,,,,,,,,,,,,,,,,,,,,,,,,,,,,,,,,,,,,,,,,,,,,,,,,,,,,,,,,,,,,,,,,,,,,75.17099863,2.8829,75.58139535,4.3657,space,3.9405,,red_gnome,dark_forest,red_basket,0,3,3,5,1,2,1,,,,,,,,,,,,,,,,,,,,,,,,,,,,,,,,,,,,,,,,,,,,
,,,,,,,,,,,,,,,,,,,,,,,,,,,,,,,,,545129,001,2024-02-21_16h07.30.934,experiment,2023.2.3,Win32,60.24096386,5828a6738dd4690001256b33,65d6198affd23d61dc0b5257,65d61efa86f816ad5de07a40,,,,,,,,,,,,,,,,,,,,,,,,,,,,,,,,,,,,,,,,,,,,,,,,,,,,,,,,,,,,,,,,,,,,,,,,,,,,,,,,,,,,,,,,,,,,,,,,,,,,,,,,,,,,,,,,,,,,,,,,,,,,,,,,,,,,,,,,,,,,,,,,,,,,,,,,,,,78.72777018,2.978,82.14774282,4.7839,space,4.4771,,green_gnome,bright_forest,yellow_basket,0,4,4,6,1,3,0,,,,,,,,,,,,,,,,,,,,,,,,,,,,,,,,,,,,,,,,,,,,
,,,,,,,,,,,,,,,,,,,,,,,,,,,,,,,,,545129,001,2024-02-21_16h07.30.934,experiment,2023.2.3,Win32,60.24096386,5828a6738dd4690001256b33,65d6198affd23d61dc0b5257,65d61efa86f816ad5de07a40,,,,,,,,,,,,,,,,,,,,,,,,,,,,,,,,,,,,,,,,,,,,,,,,,,,,,,,,,,,,,,,,,,,,,,,,,,,,,,,,,,,,,,,,,,,,,,,,,,,,,,,,,,,,,,,,,,,,,,,,,,,,,,,,,,,,,,,,,,,,,,,,,,,,,,,,,,,76.9493844,2.9423,80.23255814,4.3752,space,4.0794,,brown_gnomes,dark_forest,red_basket,0,5,5,1,1,0,1,,,,,,,,,,,,,,,,,,,,,,,,,,,,,,,,,,,,,,,,,,,,
,,,,,,,,,,,,,,,,,,,,,,,,,,,,,,,,,545129,001,2024-02-21_16h07.30.934,experiment,2023.2.3,Win32,60.24096386,5828a6738dd4690001256b33,65d6198affd23d61dc0b5257,65d61efa86f816ad5de07a40,,,,,,,,,,,,,,,,,,,,,,,,,,,,,,,,,,,,,,,,,,,,,,,,,,,,,,,,,,,,,,,,,,,,,,,,,,,,,,,,,,,,,,,,,,,,,,,,,,,,,,,,,,,,,,,,,,,,,,,,,,,,,,,,,,,,,,,,,,,,,,,,,,,,,,,,,,,77.49658003,2.5406,80.91655267,3.9127,space,3.735,,green_gnome,dark_forest,red_basket,0,6,6,7,1,3,1,,,,,,,,,,,,,,,,,,,,,,,,,,,,,,,,,,,,,,,,,,,,
,,,,,,,,,,,,,,,,,,,,,,,,,,,,,,,,,545129,001,2024-02-21_16h07.30.934,experiment,2023.2.3,Win32,60.24096386,5828a6738dd4690001256b33,65d6198affd23d61dc0b5257,65d61efa86f816ad5de07a40,,,,,,,,,,,,,,,,,,,,,,,,,,,,,,,,,,,,,,,,,,,,,,,,,,,,,,,,,,,,,,,,,,,,,,,,,,,,,,,,,,,,,,,,,,,,,,,,,,,,,,,,,,,,,,,,,,,,,,,,,,,,,,,,,,,,,,,,,,,,,,,,,,,,,,,,,,,79.95896033,3.0528,77.90697674,4.414,space,4.3353,,brown_gnomes,bright_forest,yellow_basket,0,7,7,0,1,0,0,,,,,,,,,,,,,,,,,,,,,,,,,,,,,,,,,,,,,,,,,,,,
,,,,,,,,,,,,,,,,,,,,,,,,,,,,,,,,,545129,001,2024-02-21_16h07.30.934,experiment,2023.2.3,Win32,60.24096386,5828a6738dd4690001256b33,65d6198affd23d61dc0b5257,65d61efa86f816ad5de07a40,,,,,,,,,,,,,,,,,,,,,,,,,,,,,,,,,,,,,,,,,,,,,,,,,,,,,,,,,,,,,,,,,,,,,,,,,,,,,,,,,,,,,,,,,,,,,,,,,,,,,,,,,,,,,,,,,,,,,,,,,,,,,,,,,,,,,,,,,,,,,,,,,,,,,,,,,,,,,,,,,,,,,,,,,,,,space,17.9436,,48.08481532,3.9492,space,6.0637,,0,5.6008,dark_forest,bright_forest,red_basket,yellow_basket,0,0,0,0,1,,,,,,,,,,,,,,,,,,,,,,,,,
,,,,,,,,,,,,,,,,,,,,,,,,,,,,,,,,,545129,001,2024-02-21_16h07.30.934,experiment,2023.2.3,Win32,60.24096386,5828a6738dd4690001256b33,65d6198affd23d61dc0b5257,65d61efa86f816ad5de07a40,,,,,,,,,,,,,,,,,,,,,,,,,,,,,,,,,,,,,,,,,,,,,,,,,,,,,,,,,,,,,,,,,,,,,,,,,,,,,,,,,,,,,,,,,,,,,,,,,,,,,,,,,,,,,,,,,,,,,,,,,,,,,,,,,,,,,,,,,,,,,,,,,,,,,,0,3,,,,,,,,,,,,,,,,,,,,,,,,,,,,,,,,,,,,,,,,space,6.1354,,12.51709986,3.0448,space,5.5122,,63.26949384,5.2627,brown_gnomes,green_gnome,0,0,0,2,1,,,,,,,,
,,,,,,,,,,,,,,,,,,,,,,,,,,,,,,,,,545129,001,2024-02-21_16h07.30.934,experiment,2023.2.3,Win32,60.24096386,5828a6738dd4690001256b33,65d6198affd23d61dc0b5257,65d61efa86f816ad5de07a40,,,,,,,,,,,,,,,,,,,,,,,,,,,,,,,,,,,,,,,,,,,,,,,,,,,,,,,,,,,,,,,,,,,,,,,,,,,,,,,,,,,,,,,,,,,,,,,,,,,,,,,,,,,,,,,,,,,,,,,,,,,,,,,,,,,,,,,,,,,,,,,,,,,,,,1,2,,,,,,,,,,,,,,,,,,,,,,,,,,,,,,,,,,,,,,,,,,,16.89466484,3.4822,space,5.0484,,39.74008208,5.3733,purple_gnome,red_gnome,0,1,1,3,1,,,,,,,,
,,,,,,,,,,,,,,,,,,,,,,,,,,,,,,,,,545129,001,2024-02-21_16h07.30.934,experiment,2023.2.3,Win32,60.24096386,5828a6738dd4690001256b33,65d6198affd23d61dc0b5257,65d61efa86f816ad5de07a40,,,,,,,,,,,,,,,,,,,,,,,,,,,,,,,,,,,,,,,,,,,,,,,,,,,,,,,,,,,,,,,,,,,,,,,,,,,,,,,,,,,,,,,,,,,,,,,,,,,,,,,,,,,,,,,,,,,,,,,,,,,,,,,,,,,,,,,,,,,,,,,,,,,,,,0,1,,,,,,,,,,,,,,,,,,,,,,,,,,,,,,,,,,,,,,,,,,,84.88372093,2.988,space,4.2463,,29.89056088,4.4823,purple_gnome,brown_gnomes,0,2,2,0,1,,,,,,,,
,,,,,,,,,,,,,,,,,,,,,,,,,,,,,,,,,545129,001,2024-02-21_16h07.30.934,experiment,2023.2.3,Win32,60.24096386,5828a6738dd4690001256b33,65d6198affd23d61dc0b5257,65d61efa86f816ad5de07a40,,,,,,,,,,,,,,,,,,,,,,,,,,,,,,,,,,,,,,,,,,,,,,,,,,,,,,,,,,,,,,,,,,,,,,,,,,,,,,,,,,,,,,,,,,,,,,,,,,,,,,,,,,,,,,,,,,,,,,,,,,,,,,,,,,,,,,,,,,,,,,,,,,,,,,1,3,,,,,,,,,,,,,,,,,,,,,,,,,,,,,,,,,,,,,,,,,,,69.28864569,2.9973,space,4.3797,,27.56497948,4.5949,green_gnome,purple_gnome,0,3,3,4,1,,,,,,,,
,,,,,,,,,,,,,,,,,,,,,,,,,,,,,,,,,545129,001,2024-02-21_16h07.30.934,experiment,2023.2.3,Win32,60.24096386,5828a6738dd4690001256b33,65d6198affd23d61dc0b5257,65d61efa86f816ad5de07a40,,,,,,,,,,,,,,,,,,,,,,,,,,,,,,,,,,,,,,,,,,,,,,,,,,,,,,,,,,,,,,,,,,,,,,,,,,,,,,,,,,,,,,,,,,,,,,,,,,,,,,,,,,,,,,,,,,,,,,,,,,,,,,,,,,,,,,,,,,,,,,,,,,,,,,2,3,,,,,,,,,,,,,,,,,,,,,,,,,,,,,,,,,,,,,,,,,,,19.76744186,4.0168,space,5.3476,,27.56497948,5.6637,green_gnome,red_gnome,0,4,4,5,1,,,,,,,,
,,,,,,,,,,,,,,,,,,,,,,,,,,,,,,,,,545129,001,2024-02-21_16h07.30.934,experiment,2023.2.3,Win32,60.24096386,5828a6738dd4690001256b33,65d6198affd23d61dc0b5257,65d61efa86f816ad5de07a40,,,,,,,,,,,,,,,,,,,,,,,,,,,,,,,,,,,,,,,,,,,,,,,,,,,,,,,,,,,,,,,,,,,,,,,,,,,,,,,,,,,,,,,,,,,,,,,,,,,,,,,,,,,,,,,,,,,,,,,,,,,,,,,,,,,,,,,,,,,,,,,,,,,,,,0,2,,,,,,,,,,,,,,,,,,,,,,,,,,,,,,,,,,,,,,,,,,,25.5129959,2.816,space,4.0488,,37.6880985,4.3148,brown_gnomes,red_gnome,0,5,5,1,1,,,,,,,,
,,,,,,,,,,,,,,,,,,,,,,,,,,,,,,,,,545129,001,2024-02-21_16h07.30.934,experiment,2023.2.3,Win32,60.24096386,5828a6738dd4690001256b33,65d6198affd23d61dc0b5257,65d61efa86f816ad5de07a40,,,,,,,,,,,,,,,,,,,,,,,,,,,,,,,,,,,,,,,,,,,,,,,,,,,,,,,,,,,,,,,,,,,,,,,,,,,,,,,,,,,,,,,,,,,,,,,,,,,,,,,,,,,,,,,,,,,,,,,,,,,,,,,,,,,,,,,,,,,,,,,,,,,,,,,,,,,,,,,,,,,,,,,,,,,,,,,,,,,,,,,,,,,,,,,,,,,,,,,,,,,,,,,,space,12.3557,,0,0,0,0,1