parent_PID,stim1_name,stim1_file,stim1_pair,stim1_deact_file,stim1_step2_name,stim1_step2_file,stim1_step2_basket_name,stim1_step2_basket_file,stim2_name,stim2_file,stim2_pair,stim2_deact_file,stim2_step2_name,stim2_step2_file,stim2_step2_basket_name,stim2_step2_basket_file,stim3_name,stim3_file,stim3_pair,stim3_deact_file,stim3_step2_name,stim3_step2_file,stim3_step2_basket_name,stim3_step2_basket_file,stim4_name,stim4_file,stim4_pair,stim4_deact_file,stim4_step2_name,stim4_step2_file,stim4_step2_basket_name,stim4_step2_basket_file,participant,session,date,expName,psychopyVersion,OS,frameRate,PROLIFIC_PID,STUDY_ID,SESSION_ID,consent_keyresp.keys,consent_keyresp.rt,consent_keyresp.duration,global_instructions1_key.keys,global_instructions1_key.rt,global_instructions1_key.duration,global_instructions2_key.keys,global_instructions2_key.rt,global_instructions2_key.duration,global_instructions3_key.keys,global_instructions3_key.rt,global_instructions3_key.duration,global_instructions4_key.keys,global_instructions4_key.rt,global_instructions4_key.duration,global_instructions5_key.keys,global_instructions5_key.rt,global_instructions5_key.duration,p_fixation_2.started,p_fixation_2.stopped,p_step1_keyresp.keys,p_step1_keyresp.rt,p_step1_keyresp.duration,p_step2_keyresp.keys,p_failStep2_keyresp.keys,p_failStep2_keyresp.rt,p_failStep2_keyresp.duration,p_step1_pair_index,p_step1_stimLeft_name,p_step1_stimLeft_pair,p_step1_stimLeft_reward,p_step1_stimLeft_step2Stim,p_step1_stimLeft_step2Basket,p_step1_stimRight_name,p_step1_stimRight_pair,p_step1_stimRight_reward,p_step1_stimRight_step2Stim,p_step1_stimRight_step2Basket,p_points,p_fail_step1,p_fail_step2,p_reward_flag,p_step1_choice,p_step2_stim,p_step2_basket,p_score,practice.thisRepN,practice.thisTrialN,practice.thisN,practice.thisIndex,practice.ran,pair_index,p_step2_keyresp.rt,p_step2_keyresp.duration,p_failStep1_keyresp.keys,p_failStep1_keyresp.rt,p_failStep1_keyresp.duration,t_instructions_keyresp.keys,t_instructions_keyresp.rt,t_instructions_keyresp.duration,t_advice_reading.started,t_advice_reading.stopped,t_advice_mouse.x,t_advice_mouse.y,t_advice_mouse.leftButton,t_advice_mouse.midButton,t_advice_mouse.rightButton,t_advice_mouse.time,t_advice_mouse.clicked_name,t_instructions_2_keyresp.keys,t_instructions_2_keyresp.rt,t_instructions_2_keyresp.duration,t_start.started,t_start.stopped,t_step1_keyresp.keys,t_step1_keyresp.rt,t_step1_keyresp.duration,t_step2_keyresp.keys,t_step2_keyresp.rt,t_step2_keyresp.duration,t_step1_pair_index,t_step1_stimLeft_name,t_step1_stimLeft_pair,t_step1_stimLeft_reward,t_step1_stimLeft_step2Stim,t_step1_stimLeft_step2Basket,t_step1_stimRight_name,t_step1_stimRight_pair,t_step1_stimRight_reward,t_step1_stimRight_step2Stim,t_step1_stimRight_step2Basket,t_points,t_fail_step1,t_fail_step2,t_reward_flag,t_step1_choice,t_step2_stim,t_step2_basket,globa_score,t_data_stimWalk0,t_data_stimWalk1,trials.thisRepN,trials.thisTrialN,trials.thisN,trials.thisIndex,trials.ran,pl_global_instructions_keyresp.keys,pl_global_instructions_keyresp.rt,pl_global_instructions_keyresp.duration,vb_instructions_keyresp.keys,vb_instructions_keyresp.rt,vb_instructions_keyresp.duration,vb_instructions_2_keyresp.keys,vb_instructions_2_keyresp.rt,vb_instructions_2_keyresp.duration,vb_textbox.text,vb_mouse.x,vb_mouse.y,vb_mouse.leftButton,vb_mouse.midButton,vb_mouse.rightButton,vb_mouse.time,vb_mouse.clicked_name,pl1_instructions1_keyresp.keys,pl1_instructions1_keyresp.rt,pl1_instructions1_keyresp.duration,pl1_instructions2_keyresp.keys,pl1_instructions2_keyresp.rt,pl1_instructions2_keyresp.duration,pl1_instructions3_keyresp.keys,pl1_instructions3_keyresp.rt,pl1_instructions3_keyresp.duration,pl1_instructions4_keyresp.keys,pl1_instructions4_keyresp.rt,pl1_instructions4_keyresp.duration,pl1_task_lickert.response,pl1_task_lickert.rt,pl1_task_confidence_lickert.response,pl1_task_confidence_lickert.rt,pl1_task_keyresp.keys,pl1_task_keyresp.rt,pl1_task_keyresp.duration,pl1_task_stimLeft,pl1_task_stimRight,pl1_loop.thisRepN,pl1_loop.thisTrialN,pl1_loop.thisN,pl1_loop.thisIndex,pl1_loop.ran,stimLeft_index,stimRight_index,pl2_instructions_keyresp.keys,pl2_instructions_keyresp.rt,pl2_instructions_keyresp.duration,pl2_task_lickert.response,pl2_task_lickert.rt,pl2_task_confidence_lickert.response,pl2_task_confidence_lickert.rt,pl2_task_keyresp.keys,pl2_task_keyresp.rt,pl2_task_keyresp.duration,pl2_task_gnome,pl2_task_forest,pl2_task_basket,pl2_loop.thisRepN,pl2_loop.thisTrialN,pl2_loop.thisN,pl2_loop.thisIndex,pl2_loop.ran,gnome_id,forest_id,pl3_instructions_keyresp.keys,pl3_instructions_keyresp.rt,pl3_instructions_keyresp.duration,pl3_task_lickert.response,pl3_task_lickert.rt,pl3_task_keyresp.keys,pl3_task_keyresp.rt,pl3_task_keyresp.duration,pl3_task_confidence_lickert.response,pl3_task_confidence_lickert.rt,pl3_task_stimLeftBg,pl3_task_stimRightBg,pl3_task_stimLeft,pl3_task_stimRight,pl3_loop.thisRepN,pl3_loop.thisTrialN,pl3_loop.thisN,pl3_loop.thisIndex,pl3_loop.ran,pl4_instructions_keyresp.keys,pl4_instructions_keyresp.rt,pl4_instructions_keyresp.duration,pl4_task_lickert.response,pl4_task_lickert.rt,pl4_task_keyresp.keys,pl4_task_keyresp.rt,pl4_task_keyresp.duration,pl4_task_confidence_lickert.response,pl4_task_confidence_lickert.rt,pl4_task_stimLeft,pl4_task_stimRight,pl4_loop.thisRepN,pl4_loop.thisTrialN,pl4_loop.thisN,pl4_loop.thisIndex,pl4_loop.ran,end_keyresp.keys,end_keyresp.rt,end_keyresp.duration,show_trials.thisRepN,show_trials.thisTrialN,show_trials.thisN,show_trials.thisIndex,show_trials.ran
5b0fa626bd9c310001568d6c,brown_gnomes,ressources/step1_stim1.png,1,ressources/step1_stim1_deact.png,dark_forest,ressources/step2_background2.png,yellow_basket,ressources/step2_stim1.png,purple_gnome,ressources/step1_stim2.png,1,ressources/step1_stim2_deact.png,bright_forest,ressources/step2_background1.png,red_basket,ressources/step2_stim2.png,red_gnome,ressources/step1_stim3.png,2,ressources/step1_stim3_deact.png,bright_forest,ressources/step2_background1.png,red_basket,ressources/step2_stim2.png,green_gnome,ressources/step1_stim4.png,2,ressources/step1_stim4_deact.png,dark_forest,ressources/step2_background2.png,yellow_basket,ressources/step2_stim1.png,724182,001,2024-02-21_16h16.39.137,experiment,2023.2.3,Win32,59.88023952,5e9430cc1ed15800084ffbb0,65d6198affd23d61dc0b5257,65d621bc979b6efb5b44f788,,,,,,,,,,,,,,,,,,,,,,,,,,,,,,,,,,,,,,,,,,,,,,,,,,,,,,,,,,,,,,,,,,,,,,,,,,,,,,,,,,,,,,,,,,,,,,,,,,,,,,,,,,,,,,,,,,,,,,,,,,,,,,,,,,,,,,,,,,,,,,,,,,,,,,,,,,,,,,,,,,,,,,,,,,,,,,,,,,,,,,,,,,,,,,,,,,,,,,,,,,,,,,,,,,,,,,,
,,,,,,,,,,,,,,,,,,,,,,,,,,,,,,,,,724182,001,2024-02-21_16h16.39.137,experiment,2023.2.3,Win32,59.88023952,5e9430cc1ed15800084ffbb0,65d6198affd23d61dc0b5257,65d621bc979b6efb5b44f788,y,10.8055,,,,,,,,,,,,,,,,,,,,,,,,,,,,,,,,,,,,,,,,,,,,,,,,,,,,,,,,,,,,,,,,,,,,,,,,,,,,,,,,,,,,,,,,,,,,,,,,,,,,,,,,,,,,,,,,,,,,,,,,,,,,,,,,,,,,,,,,,,,,,,,,,,,,,,,,,,,,,,,,,,,,,,,,,,,,,,,,,,,,,,,,,,,,,,,,,,,,,,,,,,,,,,,,,,,,,
,,,,,,,,,,,,,,,,,,,,,,,,,,,,,,,,,724182,001,2024-02-21_16h16.39.137,experiment,2023.2.3,Win32,59.88023952,5e9430cc1ed15800084ffbb0,65d6198affd23d61dc0b5257,65d621bc979b6efb5b44f788,,,,space,8.3705,,space,17.9684,,space,11.8977,,space,19.2738,,space,21.9339,,91.8579,92.3635,s,0.692,,,space,3.5161,,1,p_green_gnome,1,5,p_green_forest,p_green_basket,p_blue_gnome,1,0,p_yellow_forest,p_blue_basket,0,0,1,0,p_green_gnome,p_green_forest,p_green_basket,0,0,0,0,0,1,1,,,,,,,,,,,,,,,,,,,,,,,,,,,,,,,,,,,,,,,,,,,,,,,,,,,,,,,,,,,,,,,,,,,,,,,,,,,,,,,,,,,,,,,,,,,,,,,,,,,,,,,,,,,,,,,,,,,,,,,,,,,,,,,,,,,,,,,,,,,,,,,,,,,,,,,,,,,,,,,,,,,
,,,,,,,,,,,,,,,,,,,,,,,,,,,,,,,,,724182,001,2024-02-21_16h16.39.137,experiment,2023.2.3,Win32,59.88023952,5e9430cc1ed15800084ffbb0,65d6198affd23d61dc0b5257,65d621bc979b6efb5b44f788,,,,,,,,,,,,,,,,,,,99.0115,99.5273,s,0.6267,,space,,,,2,p_pink_gnome,2,5,p_green_forest,p_green_basket,p_orange_gnome,2,0,p_yellow_forest,p_blue_basket,5,0,0,1,p_pink_gnome,p_green_forest,p_green_basket,5,0,1,1,1,1,2,0.5219,,,,,,,,,,,,,,,,,,,,,,,,,,,,,,,,,,,,,,,,,,,,,,,,,,,,,,,,,,,,,,,,,,,,,,,,,,,,,,,,,,,,,,,,,,,,,,,,,,,,,,,,,,,,,,,,,,,,,,,,,,,,,,,,,,,,,,,,,,,,,,,,,,,,,,,,,,,,,,,,,,
,,,,,,,,,,,,,,,,,,,,,,,,,,,,,,,,,724182,001,2024-02-21_16h16.39.137,experiment,2023.2.3,Win32,59.88023952,5e9430cc1ed15800084ffbb0,65d6198affd23d61dc0b5257,65d621bc979b6efb5b44f788,,,,,,,,,,,,,,,,,,,104.6151,105.1262,k,0.4763,,space,,,,1,p_green_gnome,1,6,p_green_forest,p_green_basket,p_blue_gnome,1,1,p_yellow_forest,p_blue_basket,1,0,0,1,p_blue_gnome,p_yellow_forest,p_blue_basket,6,1,0,2,0,1,1,0.3877,,,,,,,,,,,,,,,,,,,,,,,,,,,,,,,,,,,,,,,,,,,,,,,,,,,,,,,,,,,,,,,,,,,,,,,,,,,,,,,,,,,,,,,,,,,,,,,,,,,,,,,,,,,,,,,,,,,,,,,,,,,,,,,,,,,,,,,,,,,,,,,,,,,,,,,,,,,,,,,,,,
,,,,,,,,,,,,,,,,,,,,,,,,,,,,,,,,,724182,001,2024-02-21_16h16.39.137,experiment,2023.2.3,Win32,59.88023952,5e9430cc1ed15800084ffbb0,65d6198affd23d61dc0b5257,65d621bc979b6efb5b44f788,,,,,,,,,,,,,,,,,,,110.1937,110.7088,s,0.5449,,space,,,,2,p_orange_gnome,2,1,p_yellow_forest,p_blue_basket,p_pink_gnome,2,6,p_green_forest,p_green_basket,1,0,0,1,p_orange_gnome,p_yellow_forest,p_blue_basket,7,1,1,3,1,1,2,0.6715,,,,,,,,,,,,,,,,,,,,,,,,,,,,,,,,,,,,,,,,,,,,,,,,,,,,,,,,,,,,,,,,,,,,,,,,,,,,,,,,,,,,,,,,,,,,,,,,,,,,,,,,,,,,,,,,,,,,,,,,,,,,,,,,,,,,,,,,,,,,,,,,,,,,,,,,,,,,,,,,,,
,,,,,,,,,,,,,,,,,,,,,,,,,,,,,,,,,724182,001,2024-02-21_16h16.39.137,experiment,2023.2.3,Win32,59.88023952,5e9430cc1ed15800084ffbb0,65d6198affd23d61dc0b5257,65d621bc979b6efb5b44f788,,,,,,,,,,,,,,,,,,,115.7967,116.3079,s,0.6614,,space,,,,2,p_pink_gnome,2,7,p_green_forest,p_green_basket,p_orange_gnome,2,2,p_yellow_forest,p_blue_basket,7,0,0,1,p_pink_gnome,p_green_forest,p_green_basket,14,2,0,4,1,1,2,0.2747,,,,,,,,,,,,,,,,,,,,,,,,,,,,,,,,,,,,,,,,,,,,,,,,,,,,,,,,,,,,,,,,,,,,,,,,,,,,,,,,,,,,,,,,,,,,,,,,,,,,,,,,,,,,,,,,,,,,,,,,,,,,,,,,,,,,,,,,,,,,,,,,,,,,,,,,,,,,,,,,,,
,,,,,,,,,,,,,,,,,,,,,,,,,,,,,,,,,724182,001,2024-02-21_16h16.39.137,experiment,2023.2.3,Win32,59.88023952,5e9430cc1ed15800084ffbb0,65d6198affd23d61dc0b5257,65d621bc979b6efb5b44f788,,,,,,,,,,,,,,,,,,,121.3892,121.8906,,,,,,,,1,p_blue_gnome,1,2,p_yellow_forest,p_blue_basket,p_green_gnome,1,7,p_green_forest,p_green_basket,0,1,0,0,p_pink_gnome,p_green_forest,p_green_basket,14,2,1,5,0,1,1,,,space,0.8768,,,,,,,,,,,,,,,,,,,,,,,,,,,,,,,,,,,,,,,,,,,,,,,,,,,,,,,,,,,,,,,,,,,,,,,,,,,,,,,,,,,,,,,,,,,,,,,,,,,,,,,,,,,,,,,,,,,,,,,,,,,,,,,,,,,,,,,,,,,,,,,,,,,,,,,,,,,,,,,
,,,,,,,,,,,,,,,,,,,,,,,,,,,,,,,,,724182,001,2024-02-21_16h16.39.137,experiment,2023.2.3,Win32,59.88023952,5e9430cc1ed15800084ffbb0,65d6198affd23d61dc0b5257,65d621bc979b6efb5b44f788,,,,,,,,,,,,,,,,,,,124.3528,124.8569,k,0.4921,,space,,,,2,p_pink_gnome,2,8,p_green_forest,p_green_basket,p_orange_gnome,2,3,p_yellow_forest,p_blue_basket,3,0,0,1,p_orange_gnome,p_yellow_forest,p_blue_basket,17,3,0,6,1,1,2,0.2704,,,,,,,,,,,,,,,,,,,,,,,,,,,,,,,,,,,,,,,,,,,,,,,,,,,,,,,,,,,,,,,,,,,,,,,,,,,,,,,,,,,,,,,,,,,,,,,,,,,,,,,,,,,,,,,,,,,,,,,,,,,,,,,,,,,,,,,,,,,,,,,,,,,,,,,,,,,,,,,,,,
,,,,,,,,,,,,,,,,,,,,,,,,,,,,,,,,,724182,001,2024-02-21_16h16.39.137,experiment,2023.2.3,Win32,59.88023952,5e9430cc1ed15800084ffbb0,65d6198affd23d61dc0b5257,65d621bc979b6efb5b44f788,,,,,,,,,,,,,,,,,,,129.9573,130.4728,s,0.4083,,space,,,,2,p_orange_gnome,2,3,p_yellow_forest,p_blue_basket,p_pink_gnome,2,8,p_green_forest,p_green_basket,3,0,0,1,p_orange_gnome,p_yellow_forest,p_blue_basket,20,3,1,7,1,1,2,0.2724,,,,,,,,,,,,,,,,,,,,,,,,,,,,,,,,,,,,,,,,,,,,,,,,,,,,,,,,,,,,,,,,,,,,,,,,,,,,,,,,,,,,,,,,,,,,,,,,,,,,,,,,,,,,,,,,,,,,,,,,,,,,,,,,,,,,,,,,,,,,,,,,,,,,,,,,,,,,,,,,,,
,,,,,,,,,,,,,,,,,,,,,,,,,,,,,,,,,724182,001,2024-02-21_16h16.39.137,experiment,2023.2.3,Win32,59.88023952,5e9430cc1ed15800084ffbb0,65d6198affd23d61dc0b5257,65d621bc979b6efb5b44f788,,,,,,,,,,,,,,,,,,,135.5564,136.0716,k,0.3923,,space,,,,1,p_blue_gnome,1,4,p_yellow_forest,p_blue_basket,p_green_gnome,1,9,p_green_forest,p_green_basket,9,0,0,1,p_green_gnome,p_green_forest,p_green_basket,29,4,0,8,0,1,1,0.2716,,,,,,,,,,,,,,,,,,,,,,,,,,,,,,,,,,,,,,,,,,,,,,,,,,,,,,,,,,,,,,,,,,,,,,,,,,,,,,,,,,,,,,,,,,,,,,,,,,,,,,,,,,,,,,,,,,,,,,,,,,,,,,,,,,,,,,,,,,,,,,,,,,,,,,,,,,,,,,,,,,
,,,,,,,,,,,,,,,,,,,,,,,,,,,,,,,,,724182,001,2024-02-21_16h16.39.137,experiment,2023.2.3,Win32,59.88023952,5e9430cc1ed15800084ffbb0,65d6198affd23d61dc0b5257,65d621bc979b6efb5b44f788,,,,,,,,,,,,,,,,,,,141.144,141.654,k,0.4478,,space,,,,1,p_green_gnome,1,9,p_green_forest,p_green_basket,p_blue_gnome,1,4,p_yellow_forest,p_blue_basket,4,0,0,1,p_blue_gnome,p_yellow_forest,p_blue_basket,33,4,1,9,0,1,1,0.0593,,,,,,,,,,,,,,,,,,,,,,,,,,,,,,,,,,,,,,,,,,,,,,,,,,,,,,,,,,,,,,,,,,,,,,,,,,,,,,,,,,,,,,,,,,,,,,,,,,,,,,,,,,,,,,,,,,,,,,,,,,,,,,,,,,,,,,,,,,,,,,,,,,,,,,,,,,,,,,,,,,
,,,,,,,,,,,,,,,,,,,,,,,,,,,,,,,,,724182,001,2024-02-21_16h16.39.137,experiment,2023.2.3,Win32,59.88023952,5e9430cc1ed15800084ffbb0,65d6198affd23d61dc0b5257,65d621bc979b6efb5b44f788,,,,,,,,,,,,,,,,,,,,,,,,,,,,,,,,,,,,,,,,,,,,,,,,,,,,2,,,,,,space,15.6854,,162.4048,188.6516,0.604485497,-0.319000794,1,0,0,26.1938,t_advice_finished_typing_rect,space,17.4915,,207.6445,207.6454,s,0.6925,,space,0.9039,,2,green_gnome,2,0,dark_forest,yellow_basket,red_gnome,2,5,bright_forest,red_basket,0,0,0,1,green_gnome,dark_forest,yellow_basket,0,3,1,0,0,0,1,1,,,,,,,,,,,,,,,,,,,,,,,,,,,,,,,,,,,,,,,,,,,,,,,,,,,,,,,,,,,,,,,,,,,,,,,,,,,,,,,,,,,,,,,,,,,,,,,,,,,,,,,,,,,,,
,,,,,,,,,,,,,,,,,,,,,,,,,,,,,,,,,724182,001,2024-02-21_16h16.39.137,experiment,2023.2.3,Win32,59.88023952,5e9430cc1ed15800084ffbb0,65d6198affd23d61dc0b5257,65d621bc979b6efb5b44f788,,,,,,,,,,,,,,,,,,,,,,,,,,,,,,,,,,,,,,,,,,,,,,,,,,,,2,,,,,,,,,,,,,,,,,,,,,,,k,0.5818,,space,0.8231,,2,green_gnome,2,1,dark_forest,yellow_basket,red_gnome,2,8,bright_forest,red_basket,8,0,0,1,red_gnome,bright_forest,red_basket,8,-1,4,0,1,1,1,1,,,,,,,,,,,,,,,,,,,,,,,,,,,,,,,,,,,,,,,,,,,,,,,,,,,,,,,,,,,,,,,,,,,,,,,,,,,,,,,,,,,,,,,,,,,,,,,,,,,,,,,,,,,,,
,,,,,,,,,,,,,,,,,,,,,,,,,,,,,,,,,724182,001,2024-02-21_16h16.39.137,experiment,2023.2.3,Win32,59.88023952,5e9430cc1ed15800084ffbb0,65d6198affd23d61dc0b5257,65d621bc979b6efb5b44f788,,,,,,,,,,,,,,,,,,,,,,,,,,,,,,,,,,,,,,,,,,,,,,,,,,,,2,,,,,,,,,,,,,,,,,,,,,,,k,0.6416,,,,,2,green_gnome,2,5,dark_forest,yellow_basket,red_gnome,2,7,bright_forest,red_basket,0,0,1,0,red_gnome,bright_forest,red_basket,8,4,1,1,0,2,1,1,,,,,,,,,,,,,,,,,,,,,,,,,,,,,,,,,,,,,,,,,,,,,,,,,,,,,,,,,,,,,,,,,,,,,,,,,,,,,,,,,,,,,,,,,,,,,,,,,,,,,,,,,,,,,
,,,,,,,,,,,,,,,,,,,,,,,,,,,,,,,,,724182,001,2024-02-21_16h16.39.137,experiment,2023.2.3,Win32,59.88023952,5e9430cc1ed15800084ffbb0,65d6198affd23d61dc0b5257,65d621bc979b6efb5b44f788,,,,,,,,,,,,,,,,,,,,,,,,,,,,,,,,,,,,,,,,,,,,,,,,,,,,1,,,,,,,,,,,,,,,,,,,,,,,s,1.1308,,space,0.1205,,1,purple_gnome,1,7,bright_forest,red_basket,brown_gnomes,1,6,dark_forest,yellow_basket,7,0,0,1,purple_gnome,bright_forest,red_basket,15,-2,-1,1,1,3,0,1,,,,,,,,,,,,,,,,,,,,,,,,,,,,,,,,,,,,,,,,,,,,,,,,,,,,,,,,,,,,,,,,,,,,,,,,,,,,,,,,,,,,,,,,,,,,,,,,,,,,,,,,,,,,,
,,,,,,,,,,,,,,,,,,,,,,,,,,,,,,,,,724182,001,2024-02-21_16h16.39.137,experiment,2023.2.3,Win32,59.88023952,5e9430cc1ed15800084ffbb0,65d6198affd23d61dc0b5257,65d621bc979b6efb5b44f788,,,,,,,,,,,,,,,,,,,,,,,,,,,,,,,,,,,,,,,,,,,,,,,,,,,,2,,,,,,,,,,,,,,,,,,,,,,,s,0.6252,,space,0.327,,2,red_gnome,2,5,bright_forest,red_basket,green_gnome,2,5,dark_forest,yellow_basket,5,0,0,1,red_gnome,bright_forest,red_basket,20,0,-2,2,0,4,1,1,,,,,,,,,,,,,,,,,,,,,,,,,,,,,,,,,,,,,,,,,,,,,,,,,,,,,,,,,,,,,,,,,,,,,,,,,,,,,,,,,,,,,,,,,,,,,,,,,,,,,,,,,,,,,
,,,,,,,,,,,,,,,,,,,,,,,,,,,,,,,,,724182,001,2024-02-21_16h16.39.137,experiment,2023.2.3,Win32,59.88023952,5e9430cc1ed15800084ffbb0,65d6198affd23d61dc0b5257,65d621bc979b6efb5b44f788,,,,,,,,,,,,,,,,,,,,,,,,,,,,,,,,,,,,,,,,,,,,,,,,,,,,1,,,,,,,,,,,,,,,,,,,,,,,k,0.6288,,space,0.3249,,1,brown_gnomes,1,3,dark_forest,yellow_basket,purple_gnome,1,5,bright_forest,red_basket,5,0,0,1,purple_gnome,bright_forest,red_basket,25,-3,0,2,1,5,0,1,,,,,,,,,,,,,,,,,,,,,,,,,,,,,,,,,,,,,,,,,,,,,,,,,,,,,,,,,,,,,,,,,,,,,,,,,,,,,,,,,,,,,,,,,,,,,,,,,,,,,,,,,,,,,
,,,,,,,,,,,,,,,,,,,,,,,,,,,,,,,,,724182,001,2024-02-21_16h16.39.137,experiment,2023.2.3,Win32,59.88023952,5e9430cc1ed15800084ffbb0,65d6198affd23d61dc0b5257,65d621bc979b6efb5b44f788,,,,,,,,,,,,,,,,,,,,,,,,,,,,,,,,,,,,,,,,,,,,,,,,,,,,1,,,,,,,,,,,,,,,,,,,,,,,s,0.7261,,space,0.2972,,1,purple_gnome,1,2,bright_forest,red_basket,brown_gnomes,1,3,dark_forest,yellow_basket,2,0,0,1,purple_gnome,bright_forest,red_basket,27,2,-1,3,0,6,0,1,,,,,,,,,,,,,,,,,,,,,,,,,,,,,,,,,,,,,,,,,,,,,,,,,,,,,,,,,,,,,,,,,,,,,,,,,,,,,,,,,,,,,,,,,,,,,,,,,,,,,,,,,,,,,
,,,,,,,,,,,,,,,,,,,,,,,,,,,,,,,,,724182,001,2024-02-21_16h16.39.137,experiment,2023.2.3,Win32,59.88023952,5e9430cc1ed15800084ffbb0,65d6198affd23d61dc0b5257,65d621bc979b6efb5b44f788,,,,,,,,,,,,,,,,,,,,,,,,,,,,,,,,,,,,,,,,,,,,,,,,,,,,1,,,,,,,,,,,,,,,,,,,,,,,k,0.5927,,space,0.4247,,1,brown_gnomes,1,2,dark_forest,yellow_basket,purple_gnome,1,4,bright_forest,red_basket,4,0,0,1,purple_gnome,bright_forest,red_basket,31,0,3,3,1,7,0,1,,,,,,,,,,,,,,,,,,,,,,,,,,,,,,,,,,,,,,,,,,,,,,,,,,,,,,,,,,,,,,,,,,,,,,,,,,,,,,,,,,,,,,,,,,,,,,,,,,,,,,,,,,,,,
,,,,,,,,,,,,,,,,,,,,,,,,,,,,,,,,,724182,001,2024-02-21_16h16.39.137,experiment,2023.2.3,Win32,59.88023952,5e9430cc1ed15800084ffbb0,65d6198affd23d61dc0b5257,65d621bc979b6efb5b44f788,,,,,,,,,,,,,,,,,,,,,,,,,,,,,,,,,,,,,,,,,,,,,,,,,,,,2,,,,,,,,,,,,,,,,,,,,,,,s,0.5795,,space,0.3753,,2,red_gnome,2,4,bright_forest,red_basket,green_gnome,2,5,dark_forest,yellow_basket,4,0,0,1,red_gnome,bright_forest,red_basket,35,-1,0,4,0,8,1,1,,,,,,,,,,,,,,,,,,,,,,,,,,,,,,,,,,,,,,,,,,,,,,,,,,,,,,,,,,,,,,,,,,,,,,,,,,,,,,,,,,,,,,,,,,,,,,,,,,,,,,,,,,,,,
,,,,,,,,,,,,,,,,,,,,,,,,,,,,,,,,,724182,001,2024-02-21_16h16.39.137,experiment,2023.2.3,Win32,59.88023952,5e9430cc1ed15800084ffbb0,65d6198affd23d61dc0b5257,65d621bc979b6efb5b44f788,,,,,,,,,,,,,,,,,,,,,,,,,,,,,,,,,,,,,,,,,,,,,,,,,,,,2,,,,,,,,,,,,,,,,,,,,,,,s,0.562,,space,0.4009,,2,red_gnome,2,3,bright_forest,red_basket,green_gnome,2,5,dark_forest,yellow_basket,3,0,0,1,red_gnome,bright_forest,red_basket,38,-1,-2,4,1,9,1,1,,,,,,,,,,,,,,,,,,,,,,,,,,,,,,,,,,,,,,,,,,,,,,,,,,,,,,,,,,,,,,,,,,,,,,,,,,,,,,,,,,,,,,,,,,,,,,,,,,,,,,,,,,,,,
,,,,,,,,,,,,,,,,,,,,,,,,,,,,,,,,,724182,001,2024-02-21_16h16.39.137,experiment,2023.2.3,Win32,59.88023952,5e9430cc1ed15800084ffbb0,65d6198affd23d61dc0b5257,65d621bc979b6efb5b44f788,,,,,,,,,,,,,,,,,,,,,,,,,,,,,,,,,,,,,,,,,,,,,,,,,,,,1,,,,,,,,,,,,,,,,,,,,,,,s,0.5607,,space,0.4712,,1,brown_gnomes,1,3,dark_forest,yellow_basket,purple_gnome,1,2,bright_forest,red_basket,3,0,0,1,brown_gnomes,dark_forest,yellow_basket,41,1,0,5,0,10,0,1,,,,,,,,,,,,,,,,,,,,,,,,,,,,,,,,,,,,,,,,,,,,,,,,,,,,,,,,,,,,,,,,,,,,,,,,,,,,,,,,,,,,,,,,,,,,,,,,,,,,,,,,,,,,,
,,,,,,,,,,,,,,,,,,,,,,,,,,,,,,,,,724182,001,2024-02-21_16h16.39.137,experiment,2023.2.3,Win32,59.88023952,5e9430cc1ed15800084ffbb0,65d6198affd23d61dc0b5257,65d621bc979b6efb5b44f788,,,,,,,,,,,,,,,,,,,,,,,,,,,,,,,,,,,,,,,,,,,,,,,,,,,,2,,,,,,,,,,,,,,,,,,,,,,,s,0.9086,,space,0.438,,2,red_gnome,2,3,bright_forest,red_basket,green_gnome,2,3,dark_forest,yellow_basket,3,0,0,1,red_gnome,bright_forest,red_basket,44,2,0,5,1,11,1,1,,,,,,,,,,,,,,,,,,,,,,,,,,,,,,,,,,,,,,,,,,,,,,,,,,,,,,,,,,,,,,,,,,,,,,,,,,,,,,,,,,,,,,,,,,,,,,,,,,,,,,,,,,,,,
,,,,,,,,,,,,,,,,,,,,,,,,,,,,,,,,,724182,001,2024-02-21_16h16.39.137,experiment,2023.2.3,Win32,59.88023952,5e9430cc1ed15800084ffbb0,65d6198affd23d61dc0b5257,65d621bc979b6efb5b44f788,,,,,,,,,,,,,,,,,,,,,,,,,,,,,,,,,,,,,,,,,,,,,,,,,,,,1,,,,,,,,,,,,,,,,,,,,,,,s,0.542,,space,0.3952,,1,purple_gnome,1,5,bright_forest,red_basket,brown_gnomes,1,3,dark_forest,yellow_basket,5,0,0,1,purple_gnome,bright_forest,red_basket,49,-3,1,6,0,12,0,1,,,,,,,,,,,,,,,,,,,,,,,,,,,,,,,,,,,,,,,,,,,,,,,,,,,,,,,,,,,,,,,,,,,,,,,,,,,,,,,,,,,,,,,,,,,,,,,,,,,,,,,,,,,,,
,,,,,,,,,,,,,,,,,,,,,,,,,,,,,,,,,724182,001,2024-02-21_16h16.39.137,experiment,2023.2.3,Win32,59.88023952,5e9430cc1ed15800084ffbb0,65d6198affd23d61dc0b5257,65d621bc979b6efb5b44f788,,,,,,,,,,,,,,,,,,,,,,,,,,,,,,,,,,,,,,,,,,,,,,,,,,,,2,,,,,,,,,,,,,,,,,,,,,,,s,0.5753,,space,0.3161,,2,red_gnome,2,2,bright_forest,red_basket,green_gnome,2,4,dark_forest,yellow_basket,2,0,0,1,red_gnome,bright_forest,red_basket,51,2,0,6,1,13,1,1,,,,,,,,,,,,,,,,,,,,,,,,,,,,,,,,,,,,,,,,,,,,,,,,,,,,,,,,,,,,,,,,,,,,,,,,,,,,,,,,,,,,,,,,,,,,,,,,,,,,,,,,,,,,,
,,,,,,,,,,,,,,,,,,,,,,,,,,,,,,,,,724182,001,2024-02-21_16h16.39.137,experiment,2023.2.3,Win32,59.88023952,5e9430cc1ed15800084ffbb0,65d6198affd23d61dc0b5257,65d621bc979b6efb5b44f788,,,,,,,,,,,,,,,,,,,,,,,,,,,,,,,,,,,,,,,,,,,,,,,,,,,,2,,,,,,,,,,,,,,,,,,,,,,,k,0.6621,,space,0.4382,,2,green_gnome,2,4,dark_forest,yellow_basket,red_gnome,2,4,bright_forest,red_basket,4,0,0,1,red_gnome,bright_forest,red_basket,55,0,-4,7,0,14,1,1,,,,,,,,,,,,,,,,,,,,,,,,,,,,,,,,,,,,,,,,,,,,,,,,,,,,,,,,,,,,,,,,,,,,,,,,,,,,,,,,,,,,,,,,,,,,,,,,,,,,,,,,,,,,,
,,,,,,,,,,,,,,,,,,,,,,,,,,,,,,,,,724182,001,2024-02-21_16h16.39.137,experiment,2023.2.3,Win32,59.88023952,5e9430cc1ed15800084ffbb0,65d6198affd23d61dc0b5257,65d621bc979b6efb5b44f788,,,,,,,,,,,,,,,,,,,,,,,,,,,,,,,,,,,,,,,,,,,,,,,,,,,,2,,,,,,,,,,,,,,,,,,,,,,,k,1.0258,,space,0.366,,2,green_gnome,2,0,dark_forest,yellow_basket,red_gnome,2,4,bright_forest,red_basket,4,0,0,1,red_gnome,bright_forest,red_basket,59,2,2,7,1,15,1,1,,,,,,,,,,,,,,,,,,,,,,,,,,,,,,,,,,,,,,,,,,,,,,,,,,,,,,,,,,,,,,,,,,,,,,,,,,,,,,,,,,,,,,,,,,,,,,,,,,,,,,,,,,,,,
,,,,,,,,,,,,,,,,,,,,,,,,,,,,,,,,,724182,001,2024-02-21_16h16.39.137,experiment,2023.2.3,Win32,59.88023952,5e9430cc1ed15800084ffbb0,65d6198affd23d61dc0b5257,65d621bc979b6efb5b44f788,,,,,,,,,,,,,,,,,,,,,,,,,,,,,,,,,,,,,,,,,,,,,,,,,,,,2,,,,,,,,,,,,,,,,,,,,,,,k,0.5442,,space,0.338,,2,green_gnome,2,2,dark_forest,yellow_basket,red_gnome,2,6,bright_forest,red_basket,6,0,0,1,red_gnome,bright_forest,red_basket,65,-4,0,8,0,16,1,1,,,,,,,,,,,,,,,,,,,,,,,,,,,,,,,,,,,,,,,,,,,,,,,,,,,,,,,,,,,,,,,,,,,,,,,,,,,,,,,,,,,,,,,,,,,,,,,,,,,,,,,,,,,,,
,,,,,,,,,,,,,,,,,,,,,,,,,,,,,,,,,724182,001,2024-02-21_16h16.39.137,experiment,2023.2.3,Win32,59.88023952,5e9430cc1ed15800084ffbb0,65d6198affd23d61dc0b5257,65d621bc979b6efb5b44f788,,,,,,,,,,,,,,,,,,,,,,,,,,,,,,,,,,,,,,,,,,,,,,,,,,,,1,,,,,,,,,,,,,,,,,,,,,,,k,0.6452,,space,0.3613,,1,brown_gnomes,1,2,dark_forest,yellow_basket,purple_gnome,1,2,bright_forest,red_basket,2,0,0,1,purple_gnome,bright_forest,red_basket,67,1,-1,8,1,17,0,1,,,,,,,,,,,,,,,,,,,,,,,,,,,,,,,,,,,,,,,,,,,,,,,,,,,,,,,,,,,,,,,,,,,,,,,,,,,,,,,,,,,,,,,,,,,,,,,,,,,,,,,,,,,,,
,,,,,,,,,,,,,,,,,,,,,,,,,,,,,,,,,724182,001,2024-02-21_16h16.39.137,experiment,2023.2.3,Win32,59.88023952,5e9430cc1ed15800084ffbb0,65d6198affd23d61dc0b5257,65d621bc979b6efb5b44f788,,,,,,,,,,,,,,,,,,,,,,,,,,,,,,,,,,,,,,,,,,,,,,,,,,,,1,,,,,,,,,,,,,,,,,,,,,,,k,0.6158,,space,0.3829,,1,brown_gnomes,1,1,dark_forest,yellow_basket,purple_gnome,1,3,bright_forest,red_basket,3,0,0,1,purple_gnome,bright_forest,red_basket,70,-3,1,9,0,18,0,1,,,,,,,,,,,,,,,,,,,,,,,,,,,,,,,,,,,,,,,,,,,,,,,,,,,,,,,,,,,,,,,,,,,,,,,,,,,,,,,,,,,,,,,,,,,,,,,,,,,,,,,,,,,,,
,,,,,,,,,,,,,,,,,,,,,,,,,,,,,,,,,724182,001,2024-02-21_16h16.39.137,experiment,2023.2.3,Win32,59.88023952,5e9430cc1ed15800084ffbb0,65d6198affd23d61dc0b5257,65d621bc979b6efb5b44f788,,,,,,,,,,,,,,,,,,,,,,,,,,,,,,,,,,,,,,,,,,,,,,,,,,,,2,,,,,,,,,,,,,,,,,,,,,,,k,0.5457,,space,0.3519,,2,green_gnome,2,2,dark_forest,yellow_basket,red_gnome,2,0,bright_forest,red_basket,0,0,0,1,red_gnome,bright_forest,red_basket,70,2,0,9,1,19,1,1,,,,,,,,,,,,,,,,,,,,,,,,,,,,,,,,,,,,,,,,,,,,,,,,,,,,,,,,,,,,,,,,,,,,,,,,,,,,,,,,,,,,,,,,,,,,,,,,,,,,,,,,,,,,,
,,,,,,,,,,,,,,,,,,,,,,,,,,,,,,,,,724182,001,2024-02-21_16h16.39.137,experiment,2023.2.3,Win32,59.88023952,5e9430cc1ed15800084ffbb0,65d6198affd23d61dc0b5257,65d621bc979b6efb5b44f788,,,,,,,,,,,,,,,,,,,,,,,,,,,,,,,,,,,,,,,,,,,,,,,,,,,,1,,,,,,,,,,,,,,,,,,,,,,,s,0.6761,,space,0.4088,,1,purple_gnome,1,2,bright_forest,red_basket,brown_gnomes,1,2,dark_forest,yellow_basket,2,0,0,1,purple_gnome,bright_forest,red_basket,72,-1,0,10,0,20,0,1,,,,,,,,,,,,,,,,,,,,,,,,,,,,,,,,,,,,,,,,,,,,,,,,,,,,,,,,,,,,,,,,,,,,,,,,,,,,,,,,,,,,,,,,,,,,,,,,,,,,,,,,,,,,,
,,,,,,,,,,,,,,,,,,,,,,,,,,,,,,,,,724182,001,2024-02-21_16h16.39.137,experiment,2023.2.3,Win32,59.88023952,5e9430cc1ed15800084ffbb0,65d6198affd23d61dc0b5257,65d621bc979b6efb5b44f788,,,,,,,,,,,,,,,,,,,,,,,,,,,,,,,,,,,,,,,,,,,,,,,,,,,,2,,,,,,,,,,,,,,,,,,,,,,,k,0.8135,,space,0.7465,,2,green_gnome,2,2,dark_forest,yellow_basket,red_gnome,2,1,bright_forest,red_basket,1,0,0,1,red_gnome,bright_forest,red_basket,73,3,2,10,1,21,1,1,,,,,,,,,,,,,,,,,,,,,,,,,,,,,,,,,,,,,,,,,,,,,,,,,,,,,,,,,,,,,,,,,,,,,,,,,,,,,,,,,,,,,,,,,,,,,,,,,,,,,,,,,,,,,
,,,,,,,,,,,,,,,,,,,,,,,,,,,,,,,,,724182,001,2024-02-21_16h16.39.137,experiment,2023.2.3,Win32,59.88023952,5e9430cc1ed15800084ffbb0,65d6198affd23d61dc0b5257,65d621bc979b6efb5b44f788,,,,,,,,,,,,,,,,,,,,,,,,,,,,,,,,,,,,,,,,,,,,,,,,,,,,1,,,,,,,,,,,,,,,,,,,,,,,k,0.854,,space,0.5333,,1,brown_gnomes,1,4,dark_forest,yellow_basket,purple_gnome,1,4,bright_forest,red_basket,4,0,0,1,purple_gnome,bright_forest,red_basket,77,-1,-4,11,0,22,0,1,,,,,,,,,,,,,,,,,,,,,,,,,,,,,,,,,,,,,,,,,,,,,,,,,,,,,,,,,,,,,,,,,,,,,,,,,,,,,,,,,,,,,,,,,,,,,,,,,,,,,,,,,,,,,
,,,,,,,,,,,,,,,,,,,,,,,,,,,,,,,,,724182,001,2024-02-21_16h16.39.137,experiment,2023.2.3,Win32,59.88023952,5e9430cc1ed15800084ffbb0,65d6198affd23d61dc0b5257,65d621bc979b6efb5b44f788,,,,,,,,,,,,,,,,,,,,,,,,,,,,,,,,,,,,,,,,,,,,,,,,,,,,1,,,,,,,,,,,,,,,,,,,,,,,k,0.5093,,space,0.3667,,1,brown_gnomes,1,0,dark_forest,yellow_basket,purple_gnome,1,3,bright_forest,red_basket,3,0,0,1,purple_gnome,bright_forest,red_basket,80,-1,-3,11,1,23,0,1,,,,,,,,,,,,,,,,,,,,,,,,,,,,,,,,,,,,,,,,,,,,,,,,,,,,,,,,,,,,,,,,,,,,,,,,,,,,,,,,,,,,,,,,,,,,,,,,,,,,,,,,,,,,,
,,,,,,,,,,,,,,,,,,,,,,,,,,,,,,,,,724182,001,2024-02-21_16h16.39.137,experiment,2023.2.3,Win32,59.88023952,5e9430cc1ed15800084ffbb0,65d6198affd23d61dc0b5257,65d621bc979b6efb5b44f788,,,,,,,,,,,,,,,,,,,,,,,,,,,,,,,,,,,,,,,,,,,,,,,,,,,,1,,,,,,,,,,,,,,,,,,,,,,,k,0.5274,,space,0.1414,,1,brown_gnomes,1,3,dark_forest,yellow_basket,purple_gnome,1,2,bright_forest,red_basket,2,0,0,1,purple_gnome,bright_forest,red_basket,82,-4,-1,12,0,24,0,1,,,,,,,,,,,,,,,,,,,,,,,,,,,,,,,,,,,,,,,,,,,,,,,,,,,,,,,,,,,,,,,,,,,,,,,,,,,,,,,,,,,,,,,,,,,,,,,,,,,,,,,,,,,,,
,,,,,,,,,,,,,,,,,,,,,,,,,,,,,,,,,724182,001,2024-02-21_16h16.39.137,experiment,2023.2.3,Win32,59.88023952,5e9430cc1ed15800084ffbb0,65d6198affd23d61dc0b5257,65d621bc979b6efb5b44f788,,,,,,,,,,,,,,,,,,,,,,,,,,,,,,,,,,,,,,,,,,,,,,,,,,,,1,,,,,,,,,,,,,,,,,,,,,,,k,0.4586,,space,1.1966,,1,brown_gnomes,1,2,dark_forest,yellow_basket,purple_gnome,1,2,bright_forest,red_basket,2,0,0,1,purple_gnome,bright_forest,red_basket,84,1,-3,12,1,25,0,1,,,,,,,,,,,,,,,,,,,,,,,,,,,,,,,,,,,,,,,,,,,,,,,,,,,,,,,,,,,,,,,,,,,,,,,,,,,,,,,,,,,,,,,,,,,,,,,,,,,,,,,,,,,,,
,,,,,,,,,,,,,,,,,,,,,,,,,,,,,,,,,724182,001,2024-02-21_16h16.39.137,experiment,2023.2.3,Win32,59.88023952,5e9430cc1ed15800084ffbb0,65d6198affd23d61dc0b5257,65d621bc979b6efb5b44f788,,,,,,,,,,,,,,,,,,,,,,,,,,,,,,,,,,,,,,,,,,,,,,,,,,,,1,,,,,,,,,,,,,,,,,,,,,,,s,0.5452,,space,0.5957,,1,brown_gnomes,1,1,dark_forest,yellow_basket,purple_gnome,1,3,bright_forest,red_basket,1,0,0,1,brown_gnomes,dark_forest,yellow_basket,85,-1,1,13,0,26,0,1,,,,,,,,,,,,,,,,,,,,,,,,,,,,,,,,,,,,,,,,,,,,,,,,,,,,,,,,,,,,,,,,,,,,,,,,,,,,,,,,,,,,,,,,,,,,,,,,,,,,,,,,,,,,,
,,,,,,,,,,,,,,,,,,,,,,,,,,,,,,,,,724182,001,2024-02-21_16h16.39.137,experiment,2023.2.3,Win32,59.88023952,5e9430cc1ed15800084ffbb0,65d6198affd23d61dc0b5257,65d621bc979b6efb5b44f788,,,,,,,,,,,,,,,,,,,,,,,,,,,,,,,,,,,,,,,,,,,,,,,,,,,,2,,,,,,,,,,,,,,,,,,,,,,,s,0.6944,,space,0.4785,,2,red_gnome,2,2,bright_forest,red_basket,green_gnome,2,2,dark_forest,yellow_basket,2,0,0,1,red_gnome,bright_forest,red_basket,87,1,0,13,1,27,1,1,,,,,,,,,,,,,,,,,,,,,,,,,,,,,,,,,,,,,,,,,,,,,,,,,,,,,,,,,,,,,,,,,,,,,,,,,,,,,,,,,,,,,,,,,,,,,,,,,,,,,,,,,,,,,
,,,,,,,,,,,,,,,,,,,,,,,,,,,,,,,,,724182,001,2024-02-21_16h16.39.137,experiment,2023.2.3,Win32,59.88023952,5e9430cc1ed15800084ffbb0,65d6198affd23d61dc0b5257,65d621bc979b6efb5b44f788,,,,,,,,,,,,,,,,,,,,,,,,,,,,,,,,,,,,,,,,,,,,,,,,,,,,2,,,,,,,,,,,,,,,,,,,,,,,k,0.6613,,space,0.4668,,2,green_gnome,2,2,dark_forest,yellow_basket,red_gnome,2,3,bright_forest,red_basket,3,0,0,1,red_gnome,bright_forest,red_basket,90,1,-3,14,0,28,1,1,,,,,,,,,,,,,,,,,,,,,,,,,,,,,,,,,,,,,,,,,,,,,,,,,,,,,,,,,,,,,,,,,,,,,,,,,,,,,,,,,,,,,,,,,,,,,,,,,,,,,,,,,,,,,
,,,,,,,,,,,,,,,,,,,,,,,,,,,,,,,,,724182,001,2024-02-21_16h16.39.137,experiment,2023.2.3,Win32,59.88023952,5e9430cc1ed15800084ffbb0,65d6198affd23d61dc0b5257,65d621bc979b6efb5b44f788,,,,,,,,,,,,,,,,,,,,,,,,,,,,,,,,,,,,,,,,,,,,,,,,,,,,1,,,,,,,,,,,,,,,,,,,,,,,k,0.6158,,space,0.4252,,1,brown_gnomes,1,1,dark_forest,yellow_basket,purple_gnome,1,4,bright_forest,red_basket,4,0,0,1,purple_gnome,bright_forest,red_basket,94,-2,-1,14,1,29,0,1,,,,,,,,,,,,,,,,,,,,,,,,,,,,,,,,,,,,,,,,,,,,,,,,,,,,,,,,,,,,,,,,,,,,,,,,,,,,,,,,,,,,,,,,,,,,,,,,,,,,,,,,,,,,,
,,,,,,,,,,,,,,,,,,,,,,,,,,,,,,,,,724182,001,2024-02-21_16h16.39.137,experiment,2023.2.3,Win32,59.88023952,5e9430cc1ed15800084ffbb0,65d6198affd23d61dc0b5257,65d621bc979b6efb5b44f788,,,,,,,,,,,,,,,,,,,,,,,,,,,,,,,,,,,,,,,,,,,,,,,,,,,,1,,,,,,,,,,,,,,,,,,,,,,,k,0.5114,,space,0.3268,,1,brown_gnomes,1,0,dark_forest,yellow_basket,purple_gnome,1,2,bright_forest,red_basket,2,0,0,1,purple_gnome,bright_forest,red_basket,96,-3,-1,15,0,30,0,1,,,,,,,,,,,,,,,,,,,,,,,,,,,,,,,,,,,,,,,,,,,,,,,,,,,,,,,,,,,,,,,,,,,,,,,,,,,,,,,,,,,,,,,,,,,,,,,,,,,,,,,,,,,,,
,,,,,,,,,,,,,,,,,,,,,,,,,,,,,,,,,724182,001,2024-02-21_16h16.39.137,experiment,2023.2.3,Win32,59.88023952,5e9430cc1ed15800084ffbb0,65d6198affd23d61dc0b5257,65d621bc979b6efb5b44f788,,,,,,,,,,,,,,,,,,,,,,,,,,,,,,,,,,,,,,,,,,,,,,,,,,,,2,,,,,,,,,,,,,,,,,,,,,,,s,0.776,,space,0.3268,,2,red_gnome,2,1,bright_forest,red_basket,green_gnome,2,1,dark_forest,yellow_basket,1,0,0,1,red_gnome,bright_forest,red_basket,97,0,2,15,1,31,1,1,,,,,,,,,,,,,,,,,,,,,,,,,,,,,,,,,,,,,,,,,,,,,,,,,,,,,,,,,,,,,,,,,,,,,,,,,,,,,,,,,,,,,,,,,,,,,,,,,,,,,,,,,,,,,
,,,,,,,,,,,,,,,,,,,,,,,,,,,,,,,,,724182,001,2024-02-21_16h16.39.137,experiment,2023.2.3,Win32,59.88023952,5e9430cc1ed15800084ffbb0,65d6198affd23d61dc0b5257,65d621bc979b6efb5b44f788,,,,,,,,,,,,,,,,,,,,,,,,,,,,,,,,,,,,,,,,,,,,,,,,,,,,2,,,,,,,,,,,,,,,,,,,,,,,k,0.7949,,space,0.558,,2,green_gnome,2,3,dark_forest,yellow_basket,red_gnome,2,1,bright_forest,red_basket,1,0,0,1,red_gnome,bright_forest,red_basket,98,-5,-2,16,0,32,1,1,,,,,,,,,,,,,,,,,,,,,,,,,,,,,,,,,,,,,,,,,,,,,,,,,,,,,,,,,,,,,,,,,,,,,,,,,,,,,,,,,,,,,,,,,,,,,,,,,,,,,,,,,,,,,
,,,,,,,,,,,,,,,,,,,,,,,,,,,,,,,,,724182,001,2024-02-21_16h16.39.137,experiment,2023.2.3,Win32,59.88023952,5e9430cc1ed15800084ffbb0,65d6198affd23d61dc0b5257,65d621bc979b6efb5b44f788,,,,,,,,,,,,,,,,,,,,,,,,,,,,,,,,,,,,,,,,,,,,,,,,,,,,2,,,,,,,,,,,,,,,,,,,,,,,k,0.4951,,space,0.4311,,2,green_gnome,2,1,dark_forest,yellow_basket,red_gnome,2,4,bright_forest,red_basket,4,0,0,1,red_gnome,bright_forest,red_basket,102,-4,1,16,1,33,1,1,,,,,,,,,,,,,,,,,,,,,,,,,,,,,,,,,,,,,,,,,,,,,,,,,,,,,,,,,,,,,,,,,,,,,,,,,,,,,,,,,,,,,,,,,,,,,,,,,,,,,,,,,,,,,
,,,,,,,,,,,,,,,,,,,,,,,,,,,,,,,,,724182,001,2024-02-21_16h16.39.137,experiment,2023.2.3,Win32,59.88023952,5e9430cc1ed15800084ffbb0,65d6198affd23d61dc0b5257,65d621bc979b6efb5b44f788,,,,,,,,,,,,,,,,,,,,,,,,,,,,,,,,,,,,,,,,,,,,,,,,,,,,1,,,,,,,,,,,,,,,,,,,,,,,s,0.7455,,space,0.4953,,1,purple_gnome,1,0,bright_forest,red_basket,brown_gnomes,1,2,dark_forest,yellow_basket,0,0,0,1,purple_gnome,bright_forest,red_basket,102,-1,-1,17,0,34,0,1,,,,,,,,,,,,,,,,,,,,,,,,,,,,,,,,,,,,,,,,,,,,,,,,,,,,,,,,,,,,,,,,,,,,,,,,,,,,,,,,,,,,,,,,,,,,,,,,,,,,,,,,,,,,,
,,,,,,,,,,,,,,,,,,,,,,,,,,,,,,,,,724182,001,2024-02-21_16h16.39.137,experiment,2023.2.3,Win32,59.88023952,5e9430cc1ed15800084ffbb0,65d6198affd23d61dc0b5257,65d621bc979b6efb5b44f788,,,,,,,,,,,,,,,,,,,,,,,,,,,,,,,,,,,,,,,,,,,,,,,,,,,,2,,,,,,,,,,,,,,,,,,,,,,,k,0.6281,,space,0.3261,,2,green_gnome,2,1,dark_forest,yellow_basket,red_gnome,2,1,bright_forest,red_basket,1,0,0,1,red_gnome,bright_forest,red_basket,103,1,-4,17,1,35,1,1,,,,,,,,,,,,,,,,,,,,,,,,,,,,,,,,,,,,,,,,,,,,,,,,,,,,,,,,,,,,,,,,,,,,,,,,,,,,,,,,,,,,,,,,,,,,,,,,,,,,,,,,,,,,,
,,,,,,,,,,,,,,,,,,,,,,,,,,,,,,,,,724182,001,2024-02-21_16h16.39.137,experiment,2023.2.3,Win32,59.88023952,5e9430cc1ed15800084ffbb0,65d6198affd23d61dc0b5257,65d621bc979b6efb5b44f788,,,,,,,,,,,,,,,,,,,,,,,,,,,,,,,,,,,,,,,,,,,,,,,,,,,,1,,,,,,,,,,,,,,,,,,,,,,,k,0.5038,,space,0.4128,,1,brown_gnomes,1,3,dark_forest,yellow_basket,purple_gnome,1,2,bright_forest,red_basket,2,0,0,1,purple_gnome,bright_forest,red_basket,105,-1,0,18,0,36,0,1,,,,,,,,,,,,,,,,,,,,,,,,,,,,,,,,,,,,,,,,,,,,,,,,,,,,,,,,,,,,,,,,,,,,,,,,,,,,,,,,,,,,,,,,,,,,,,,,,,,,,,,,,,,,,
,,,,,,,,,,,,,,,,,,,,,,,,,,,,,,,,,724182,001,2024-02-21_16h16.39.137,experiment,2023.2.3,Win32,59.88023952,5e9430cc1ed15800084ffbb0,65d6198affd23d61dc0b5257,65d621bc979b6efb5b44f788,,,,,,,,,,,,,,,,,,,,,,,,,,,,,,,,,,,,,,,,,,,,,,,,,,,,2,,,,,,,,,,,,,,,,,,,,,,,s,0.5611,,space,0.3998,,2,red_gnome,2,1,bright_forest,red_basket,green_gnome,2,3,dark_forest,yellow_basket,1,0,0,1,red_gnome,bright_forest,red_basket,106,0,-1,18,1,37,1,1,,,,,,,,,,,,,,,,,,,,,,,,,,,,,,,,,,,,,,,,,,,,,,,,,,,,,,,,,,,,,,,,,,,,,,,,,,,,,,,,,,,,,,,,,,,,,,,,,,,,,,,,,,,,,
,,,,,,,,,,,,,,,,,,,,,,,,,,,,,,,,,724182,001,2024-02-21_16h16.39.137,experiment,2023.2.3,Win32,59.88023952,5e9430cc1ed15800084ffbb0,65d6198affd23d61dc0b5257,65d621bc979b6efb5b44f788,,,,,,,,,,,,,,,,,,,,,,,,,,,,,,,,,,,,,,,,,,,,,,,,,,,,2,,,,,,,,,,,,,,,,,,,,,,,k,0.6627,,space,0.4443,,2,red_gnome,2,1,bright_forest,red_basket,green_gnome,2,2,dark_forest,yellow_basket,2,0,0,1,green_gnome,dark_forest,yellow_basket,108,-1,3,19,0,38,1,1,,,,,,,,,,,,,,,,,,,,,,,,,,,,,,,,,,,,,,,,,,,,,,,,,,,,,,,,,,,,,,,,,,,,,,,,,,,,,,,,,,,,,,,,,,,,,,,,,,,,,,,,,,,,,
,,,,,,,,,,,,,,,,,,,,,,,,,,,,,,,,,724182,001,2024-02-21_16h16.39.137,experiment,2023.2.3,Win32,59.88023952,5e9430cc1ed15800084ffbb0,65d6198affd23d61dc0b5257,65d621bc979b6efb5b44f788,,,,,,,,,,,,,,,,,,,,,,,,,,,,,,,,,,,,,,,,,,,,,,,,,,,,2,,,,,,,,,,,,,,,,,,,,,,,k,0.5846,,space,0.594,,2,green_gnome,2,5,dark_forest,yellow_basket,red_gnome,2,0,bright_forest,red_basket,0,0,0,1,red_gnome,bright_forest,red_basket,108,3,3,19,1,39,1,1,,,,,,,,,,,,,,,,,,,,,,,,,,,,,,,,,,,,,,,,,,,,,,,,,,,,,,,,,,,,,,,,,,,,,,,,,,,,,,,,,,,,,,,,,,,,,,,,,,,,,,,,,,,,,
,,,,,,,,,,,,,,,,,,,,,,,,,,,,,,,,,724182,001,2024-02-21_16h16.39.137,experiment,2023.2.3,Win32,59.88023952,5e9430cc1ed15800084ffbb0,65d6198affd23d61dc0b5257,65d621bc979b6efb5b44f788,,,,,,,,,,,,,,,,,,,,,,,,,,,,,,,,,,,,,,,,,,,,,,,,,,,,2,,,,,,,,,,,,,,,,,,,,,,,k,0.7831,,space,0.0808,,2,red_gnome,2,3,bright_forest,red_basket,green_gnome,2,8,dark_forest,yellow_basket,8,0,0,1,green_gnome,dark_forest,yellow_basket,116,1,-2,20,0,40,1,1,,,,,,,,,,,,,,,,,,,,,,,,,,,,,,,,,,,,,,,,,,,,,,,,,,,,,,,,,,,,,,,,,,,,,,,,,,,,,,,,,,,,,,,,,,,,,,,,,,,,,,,,,,,,,
,,,,,,,,,,,,,,,,,,,,,,,,,,,,,,,,,724182,001,2024-02-21_16h16.39.137,experiment,2023.2.3,Win32,59.88023952,5e9430cc1ed15800084ffbb0,65d6198affd23d61dc0b5257,65d621bc979b6efb5b44f788,,,,,,,,,,,,,,,,,,,,,,,,,,,,,,,,,,,,,,,,,,,,,,,,,,,,2,,,,,,,,,,,,,,,,,,,,,,,k,0.7512,,space,0.3246,,2,red_gnome,2,4,bright_forest,red_basket,green_gnome,2,6,dark_forest,yellow_basket,6,0,0,1,green_gnome,dark_forest,yellow_basket,122,-2,2,20,1,41,1,1,,,,,,,,,,,,,,,,,,,,,,,,,,,,,,,,,,,,,,,,,,,,,,,,,,,,,,,,,,,,,,,,,,,,,,,,,,,,,,,,,,,,,,,,,,,,,,,,,,,,,,,,,,,,,
,,,,,,,,,,,,,,,,,,,,,,,,,,,,,,,,,724182,001,2024-02-21_16h16.39.137,experiment,2023.2.3,Win32,59.88023952,5e9430cc1ed15800084ffbb0,65d6198affd23d61dc0b5257,65d621bc979b6efb5b44f788,,,,,,,,,,,,,,,,,,,,,,,,,,,,,,,,,,,,,,,,,,,,,,,,,,,,1,,,,,,,,,,,,,,,,,,,,,,,s,0.8275,,space,0.6154,,1,brown_gnomes,1,8,dark_forest,yellow_basket,purple_gnome,1,2,bright_forest,red_basket,8,0,0,1,brown_gnomes,dark_forest,yellow_basket,130,3,3,21,0,42,0,1,,,,,,,,,,,,,,,,,,,,,,,,,,,,,,,,,,,,,,,,,,,,,,,,,,,,,,,,,,,,,,,,,,,,,,,,,,,,,,,,,,,,,,,,,,,,,,,,,,,,,,,,,,,,,
,,,,,,,,,,,,,,,,,,,,,,,,,,,,,,,,,724182,001,2024-02-21_16h16.39.137,experiment,2023.2.3,Win32,59.88023952,5e9430cc1ed15800084ffbb0,65d6198affd23d61dc0b5257,65d621bc979b6efb5b44f788,,,,,,,,,,,,,,,,,,,,,,,,,,,,,,,,,,,,,,,,,,,,,,,,,,,,1,,,,,,,,,,,,,,,,,,,,,,,k,0.8056,,space,0.2965,,1,purple_gnome,1,5,bright_forest,red_basket,brown_gnomes,1,7,dark_forest,yellow_basket,7,0,0,1,brown_gnomes,dark_forest,yellow_basket,137,-1,2,21,1,43,0,1,,,,,,,,,,,,,,,,,,,,,,,,,,,,,,,,,,,,,,,,,,,,,,,,,,,,,,,,,,,,,,,,,,,,,,,,,,,,,,,,,,,,,,,,,,,,,,,,,,,,,,,,,,,,,
,,,,,,,,,,,,,,,,,,,,,,,,,,,,,,,,,724182,001,2024-02-21_16h16.39.137,experiment,2023.2.3,Win32,59.88023952,5e9430cc1ed15800084ffbb0,65d6198affd23d61dc0b5257,65d621bc979b6efb5b44f788,,,,,,,,,,,,,,,,,,,,,,,,,,,,,,,,,,,,,,,,,,,,,,,,,,,,2,,,,,,,,,,,,,,,,,,,,,,,s,0.7324,,space,0.6117,,2,green_gnome,2,9,dark_forest,yellow_basket,red_gnome,2,4,bright_forest,red_basket,9,0,0,1,green_gnome,dark_forest,yellow_basket,146,3,-1,22,0,44,1,1,,,,,,,,,,,,,,,,,,,,,,,,,,,,,,,,,,,,,,,,,,,,,,,,,,,,,,,,,,,,,,,,,,,,,,,,,,,,,,,,,,,,,,,,,,,,,,,,,,,,,,,,,,,,,
,,,,,,,,,,,,,,,,,,,,,,,,,,,,,,,,,724182,001,2024-02-21_16h16.39.137,experiment,2023.2.3,Win32,59.88023952,5e9430cc1ed15800084ffbb0,65d6198affd23d61dc0b5257,65d621bc979b6efb5b44f788,,,,,,,,,,,,,,,,,,,,,,,,,,,,,,,,,,,,,,,,,,,,,,,,,,,,1,,,,,,,,,,,,,,,,,,,,,,,s,0.7113,,space,0.4269,,1,brown_gnomes,1,8,dark_forest,yellow_basket,purple_gnome,1,7,bright_forest,red_basket,8,0,0,1,brown_gnomes,dark_forest,yellow_basket,154,-2,1,22,1,45,0,1,,,,,,,,,,,,,,,,,,,,,,,,,,,,,,,,,,,,,,,,,,,,,,,,,,,,,,,,,,,,,,,,,,,,,,,,,,,,,,,,,,,,,,,,,,,,,,,,,,,,,,,,,,,,,
,,,,,,,,,,,,,,,,,,,,,,,,,,,,,,,,,724182,001,2024-02-21_16h16.39.137,experiment,2023.2.3,Win32,59.88023952,5e9430cc1ed15800084ffbb0,65d6198affd23d61dc0b5257,65d621bc979b6efb5b44f788,,,,,,,,,,,,,,,,,,,,,,,,,,,,,,,,,,,,,,,,,,,,,,,,,,,,1,,,,,,,,,,,,,,,,,,,,,,,s,0.6431,,space,0.4255,,1,brown_gnomes,1,9,dark_forest,yellow_basket,purple_gnome,1,5,bright_forest,red_basket,9,0,0,1,brown_gnomes,dark_forest,yellow_basket,163,-3,0,23,0,46,0,1,,,,,,,,,,,,,,,,,,,,,,,,,,,,,,,,,,,,,,,,,,,,,,,,,,,,,,,,,,,,,,,,,,,,,,,,,,,,,,,,,,,,,,,,,,,,,,,,,,,,,,,,,,,,,
,,,,,,,,,,,,,,,,,,,,,,,,,,,,,,,,,724182,001,2024-02-21_16h16.39.137,experiment,2023.2.3,Win32,59.88023952,5e9430cc1ed15800084ffbb0,65d6198affd23d61dc0b5257,65d621bc979b6efb5b44f788,,,,,,,,,,,,,,,,,,,,,,,,,,,,,,,,,,,,,,,,,,,,,,,,,,,,1,,,,,,,,,,,,,,,,,,,,,,,k,0.6803,,space,0.4083,,1,purple_gnome,1,2,bright_forest,red_basket,brown_gnomes,1,9,dark_forest,yellow_basket,9,0,0,1,brown_gnomes,dark_forest,yellow_basket,172,1,3,23,1,47,0,1,,,,,,,,,,,,,,,,,,,,,,,,,,,,,,,,,,,,,,,,,,,,,,,,,,,,,,,,,,,,,,,,,,,,,,,,,,,,,,,,,,,,,,,,,,,,,,,,,,,,,,,,,,,,,
,,,,,,,,,,,,,,,,,,,,,,,,,,,,,,,,,724182,001,2024-02-21_16h16.39.137,experiment,2023.2.3,Win32,59.88023952,5e9430cc1ed15800084ffbb0,65d6198affd23d61dc0b5257,65d621bc979b6efb5b44f788,,,,,,,,,,,,,,,,,,,,,,,,,,,,,,,,,,,,,,,,,,,,,,,,,,,,2,,,,,,,,,,,,,,,,,,,,,,,k,0.9764,,space,0.5783,,2,red_gnome,2,3,bright_forest,red_basket,green_gnome,2,6,dark_forest,yellow_basket,6,0,0,1,green_gnome,dark_forest,yellow_basket,178,2,2,24,0,48,1,1,,,,,,,,,,,,,,,,,,,,,,,,,,,,,,,,,,,,,,,,,,,,,,,,,,,,,,,,,,,,,,,,,,,,,,,,,,,,,,,,,,,,,,,,,,,,,,,,,,,,,,,,,,,,,
,,,,,,,,,,,,,,,,,,,,,,,,,,,,,,,,,724182,001,2024-02-21_16h16.39.137,experiment,2023.2.3,Win32,59.88023952,5e9430cc1ed15800084ffbb0,65d6198affd23d61dc0b5257,65d621bc979b6efb5b44f788,,,,,,,,,,,,,,,,,,,,,,,,,,,,,,,,,,,,,,,,,,,,,,,,,,,,1,,,,,,,,,,,,,,,,,,,,,,,s,0.638,,space,0.6008,,1,brown_gnomes,1,8,dark_forest,yellow_basket,purple_gnome,1,5,bright_forest,red_basket,8,0,0,1,brown_gnomes,dark_forest,yellow_basket,186,0,0,24,1,49,0,1,,,,,,,,,,,,,,,,,,,,,,,,,,,,,,,,,,,,,,,,,,,,,,,,,,,,,,,,,,,,,,,,,,,,,,,,,,,,,,,,,,,,,,,,,,,,,,,,,,,,,,,,,,,,,
,,,,,,,,,,,,,,,,,,,,,,,,,,,,,,,,,724182,001,2024-02-21_16h16.39.137,experiment,2023.2.3,Win32,59.88023952,5e9430cc1ed15800084ffbb0,65d6198affd23d61dc0b5257,65d621bc979b6efb5b44f788,,,,,,,,,,,,,,,,,,,,,,,,,,,,,,,,,,,,,,,,,,,,,,,,,,,,1,,,,,,,,,,,,,,,,,,,,,,,s,0.633,,space,0.3378,,1,brown_gnomes,1,8,dark_forest,yellow_basket,purple_gnome,1,5,bright_forest,red_basket,8,0,0,1,brown_gnomes,dark_forest,yellow_basket,194,-1,4,25,0,50,0,1,,,,,,,,,,,,,,,,,,,,,,,,,,,,,,,,,,,,,,,,,,,,,,,,,,,,,,,,,,,,,,,,,,,,,,,,,,,,,,,,,,,,,,,,,,,,,,,,,,,,,,,,,,,,,
,,,,,,,,,,,,,,,,,,,,,,,,,,,,,,,,,724182,001,2024-02-21_16h16.39.137,experiment,2023.2.3,Win32,59.88023952,5e9430cc1ed15800084ffbb0,65d6198affd23d61dc0b5257,65d621bc979b6efb5b44f788,,,,,,,,,,,,,,,,,,,,,,,,,,,,,,,,,,,,,,,,,,,,,,,,,,,,2,,,,,,,,,,,,,,,,,,,,,,,s,0.8089,,space,0.4295,,2,green_gnome,2,6,dark_forest,yellow_basket,red_gnome,2,4,bright_forest,red_basket,6,0,0,1,green_gnome,dark_forest,yellow_basket,200,2,0,25,1,51,1,1,,,,,,,,,,,,,,,,,,,,,,,,,,,,,,,,,,,,,,,,,,,,,,,,,,,,,,,,,,,,,,,,,,,,,,,,,,,,,,,,,,,,,,,,,,,,,,,,,,,,,,,,,,,,,
,,,,,,,,,,,,,,,,,,,,,,,,,,,,,,,,,724182,001,2024-02-21_16h16.39.137,experiment,2023.2.3,Win32,59.88023952,5e9430cc1ed15800084ffbb0,65d6198affd23d61dc0b5257,65d621bc979b6efb5b44f788,,,,,,,,,,,,,,,,,,,,,,,,,,,,,,,,,,,,,,,,,,,,,,,,,,,,1,,,,,,,,,,,,,,,,,,,,,,,s,0.543,,space,0.6383,,1,brown_gnomes,1,6,dark_forest,yellow_basket,purple_gnome,1,6,bright_forest,red_basket,6,0,0,1,brown_gnomes,dark_forest,yellow_basket,206,0,4,26,0,52,0,1,,,,,,,,,,,,,,,,,,,,,,,,,,,,,,,,,,,,,,,,,,,,,,,,,,,,,,,,,,,,,,,,,,,,,,,,,,,,,,,,,,,,,,,,,,,,,,,,,,,,,,,,,,,,,
,,,,,,,,,,,,,,,,,,,,,,,,,,,,,,,,,724182,001,2024-02-21_16h16.39.137,experiment,2023.2.3,Win32,59.88023952,5e9430cc1ed15800084ffbb0,65d6198affd23d61dc0b5257,65d621bc979b6efb5b44f788,,,,,,,,,,,,,,,,,,,,,,,,,,,,,,,,,,,,,,,,,,,,,,,,,,,,2,,,,,,,,,,,,,,,,,,,,,,,k,0.8264,,space,0.3992,,2,red_gnome,2,6,bright_forest,red_basket,green_gnome,2,8,dark_forest,yellow_basket,8,0,0,1,green_gnome,dark_forest,yellow_basket,214,0,-1,26,1,53,1,1,,,,,,,,,,,,,,,,,,,,,,,,,,,,,,,,,,,,,,,,,,,,,,,,,,,,,,,,,,,,,,,,,,,,,,,,,,,,,,,,,,,,,,,,,,,,,,,,,,,,,,,,,,,,,
,,,,,,,,,,,,,,,,,,,,,,,,,,,,,,,,,724182,001,2024-02-21_16h16.39.137,experiment,2023.2.3,Win32,59.88023952,5e9430cc1ed15800084ffbb0,65d6198affd23d61dc0b5257,65d621bc979b6efb5b44f788,,,,,,,,,,,,,,,,,,,,,,,,,,,,,,,,,,,,,,,,,,,,,,,,,,,,1,,,,,,,,,,,,,,,,,,,,,,,s,0.5933,,space,0.3796,,1,brown_gnomes,1,7,dark_forest,yellow_basket,purple_gnome,1,6,bright_forest,red_basket,7,0,0,1,brown_gnomes,dark_forest,yellow_basket,221,1,0,27,0,54,0,1,,,,,,,,,,,,,,,,,,,,,,,,,,,,,,,,,,,,,,,,,,,,,,,,,,,,,,,,,,,,,,,,,,,,,,,,,,,,,,,,,,,,,,,,,,,,,,,,,,,,,,,,,,,,,
,,,,,,,,,,,,,,,,,,,,,,,,,,,,,,,,,724182,001,2024-02-21_16h16.39.137,experiment,2023.2.3,Win32,59.88023952,5e9430cc1ed15800084ffbb0,65d6198affd23d61dc0b5257,65d621bc979b6efb5b44f788,,,,,,,,,,,,,,,,,,,,,,,,,,,,,,,,,,,,,,,,,,,,,,,,,,,,2,,,,,,,,,,,,,,,,,,,,,,,s,0.5774,,space,0.3087,,2,green_gnome,2,7,dark_forest,yellow_basket,red_gnome,2,7,bright_forest,red_basket,7,0,0,1,green_gnome,dark_forest,yellow_basket,228,2,0,27,1,55,1,1,,,,,,,,,,,,,,,,,,,,,,,,,,,,,,,,,,,,,,,,,,,,,,,,,,,,,,,,,,,,,,,,,,,,,,,,,,,,,,,,,,,,,,,,,,,,,,,,,,,,,,,,,,,,,
,,,,,,,,,,,,,,,,,,,,,,,,,,,,,,,,,724182,001,2024-02-21_16h16.39.137,experiment,2023.2.3,Win32,59.88023952,5e9430cc1ed15800084ffbb0,65d6198affd23d61dc0b5257,65d621bc979b6efb5b44f788,,,,,,,,,,,,,,,,,,,,,,,,,,,,,,,,,,,,,,,,,,,,,,,,,,,,1,,,,,,,,,,,,,,,,,,,,,,,k,0.6438,,space,0.3452,,1,purple_gnome,1,9,bright_forest,red_basket,brown_gnomes,1,7,dark_forest,yellow_basket,7,0,0,1,brown_gnomes,dark_forest,yellow_basket,235,2,-1,28,0,56,0,1,,,,,,,,,,,,,,,,,,,,,,,,,,,,,,,,,,,,,,,,,,,,,,,,,,,,,,,,,,,,,,,,,,,,,,,,,,,,,,,,,,,,,,,,,,,,,,,,,,,,,,,,,,,,,
,,,,,,,,,,,,,,,,,,,,,,,,,,,,,,,,,724182,001,2024-02-21_16h16.39.137,experiment,2023.2.3,Win32,59.88023952,5e9430cc1ed15800084ffbb0,65d6198affd23d61dc0b5257,65d621bc979b6efb5b44f788,,,,,,,,,,,,,,,,,,,,,,,,,,,,,,,,,,,,,,,,,,,,,,,,,,,,2,,,,,,,,,,,,,,,,,,,,,,,k,0.8934,,space,0.2972,,2,red_gnome,2,7,bright_forest,red_basket,green_gnome,2,6,dark_forest,yellow_basket,6,0,0,1,green_gnome,dark_forest,yellow_basket,241,1,-3,28,1,57,1,1,,,,,,,,,,,,,,,,,,,,,,,,,,,,,,,,,,,,,,,,,,,,,,,,,,,,,,,,,,,,,,,,,,,,,,,,,,,,,,,,,,,,,,,,,,,,,,,,,,,,,,,,,,,,,
,,,,,,,,,,,,,,,,,,,,,,,,,,,,,,,,,724182,001,2024-02-21_16h16.39.137,experiment,2023.2.3,Win32,59.88023952,5e9430cc1ed15800084ffbb0,65d6198affd23d61dc0b5257,65d621bc979b6efb5b44f788,,,,,,,,,,,,,,,,,,,,,,,,,,,,,,,,,,,,,,,,,,,,,,,,,,,,1,,,,,,,,,,,,,,,,,,,,,,,k,0.5916,,space,0.3093,,1,purple_gnome,1,8,bright_forest,red_basket,brown_gnomes,1,3,dark_forest,yellow_basket,3,0,0,1,brown_gnomes,dark_forest,yellow_basket,244,0,-1,29,0,58,0,1,,,,,,,,,,,,,,,,,,,,,,,,,,,,,,,,,,,,,,,,,,,,,,,,,,,,,,,,,,,,,,,,,,,,,,,,,,,,,,,,,,,,,,,,,,,,,,,,,,,,,,,,,,,,,
,,,,,,,,,,,,,,,,,,,,,,,,,,,,,,,,,724182,001,2024-02-21_16h16.39.137,experiment,2023.2.3,Win32,59.88023952,5e9430cc1ed15800084ffbb0,65d6198affd23d61dc0b5257,65d621bc979b6efb5b44f788,,,,,,,,,,,,,,,,,,,,,,,,,,,,,,,,,,,,,,,,,,,,,,,,,,,,1,,,,,,,,,,,,,,,,,,,,,,,s,0.618,,space,0.4978,,1,brown_gnomes,1,2,dark_forest,yellow_basket,purple_gnome,1,8,bright_forest,red_basket,2,0,0,1,brown_gnomes,dark_forest,yellow_basket,246,1,-1,29,1,59,0,1,,,,,,,,,,,,,,,,,,,,,,,,,,,,,,,,,,,,,,,,,,,,,,,,,,,,,,,,,,,,,,,,,,,,,,,,,,,,,,,,,,,,,,,,,,,,,,,,,,,,,,,,,,,,,
,,,,,,,,,,,,,,,,,,,,,,,,,,,,,,,,,724182,001,2024-02-21_16h16.39.137,experiment,2023.2.3,Win32,59.88023952,5e9430cc1ed15800084ffbb0,65d6198affd23d61dc0b5257,65d621bc979b6efb5b44f788,,,,,,,,,,,,,,,,,,,,,,,,,,,,,,,,,,,,,,,,,,,,,,,,,,,,1,,,,,,,,,,,,,,,,,,,,,,,s,0.5791,,space,0.5068,,1,brown_gnomes,1,1,dark_forest,yellow_basket,purple_gnome,1,9,bright_forest,red_basket,1,0,0,1,brown_gnomes,dark_forest,yellow_basket,247,0,1,30,0,60,0,1,,,,,,,,,,,,,,,,,,,,,,,,,,,,,,,,,,,,,,,,,,,,,,,,,,,,,,,,,,,,,,,,,,,,,,,,,,,,,,,,,,,,,,,,,,,,,,,,,,,,,,,,,,,,,
,,,,,,,,,,,,,,,,,,,,,,,,,,,,,,,,,724182,001,2024-02-21_16h16.39.137,experiment,2023.2.3,Win32,59.88023952,5e9430cc1ed15800084ffbb0,65d6198affd23d61dc0b5257,65d621bc979b6efb5b44f788,,,,,,,,,,,,,,,,,,,,,,,,,,,,,,,,,,,,,,,,,,,,,,,,,,,,2,,,,,,,,,,,,,,,,,,,,,,,s,0.6765,,space,0.5397,,2,green_gnome,2,2,dark_forest,yellow_basket,red_gnome,2,9,bright_forest,red_basket,2,0,0,1,green_gnome,dark_forest,yellow_basket,249,0,-2,30,1,61,1,1,,,,,,,,,,,,,,,,,,,,,,,,,,,,,,,,,,,,,,,,,,,,,,,,,,,,,,,,,,,,,,,,,,,,,,,,,,,,,,,,,,,,,,,,,,,,,,,,,,,,,,,,,,,,,
,,,,,,,,,,,,,,,,,,,,,,,,,,,,,,,,,724182,001,2024-02-21_16h16.39.137,experiment,2023.2.3,Win32,59.88023952,5e9430cc1ed15800084ffbb0,65d6198affd23d61dc0b5257,65d621bc979b6efb5b44f788,,,,,,,,,,,,,,,,,,,,,,,,,,,,,,,,,,,,,,,,,,,,,,,,,,,,2,,,,,,,,,,,,,,,,,,,,,,,k,0.7566,,space,0.6124,,2,red_gnome,2,9,bright_forest,red_basket,green_gnome,2,0,dark_forest,yellow_basket,0,0,0,1,green_gnome,dark_forest,yellow_basket,249,-3,4,31,0,62,1,1,,,,,,,,,,,,,,,,,,,,,,,,,,,,,,,,,,,,,,,,,,,,,,,,,,,,,,,,,,,,,,,,,,,,,,,,,,,,,,,,,,,,,,,,,,,,,,,,,,,,,,,,,,,,,
,,,,,,,,,,,,,,,,,,,,,,,,,,,,,,,,,724182,001,2024-02-21_16h16.39.137,experiment,2023.2.3,Win32,59.88023952,5e9430cc1ed15800084ffbb0,65d6198affd23d61dc0b5257,65d621bc979b6efb5b44f788,,,,,,,,,,,,,,,,,,,,,,,,,,,,,,,,,,,,,,,,,,,,,,,,,,,,1,,,,,,,,,,,,,,,,,,,,,,,k,0.7094,,space,0.0904,,1,brown_gnomes,1,4,dark_forest,yellow_basket,purple_gnome,1,6,bright_forest,red_basket,6,0,0,1,purple_gnome,bright_forest,red_basket,255,-2,0,31,1,63,0,1,,,,,,,,,,,,,,,,,,,,,,,,,,,,,,,,,,,,,,,,,,,,,,,,,,,,,,,,,,,,,,,,,,,,,,,,,,,,,,,,,,,,,,,,,,,,,,,,,,,,,,,,,,,,,
,,,,,,,,,,,,,,,,,,,,,,,,,,,,,,,,,724182,001,2024-02-21_16h16.39.137,experiment,2023.2.3,Win32,59.88023952,5e9430cc1ed15800084ffbb0,65d6198affd23d61dc0b5257,65d621bc979b6efb5b44f788,,,,,,,,,,,,,,,,,,,,,,,,,,,,,,,,,,,,,,,,,,,,,,,,,,,,2,,,,,,,,,,,,,,,,,,,,,,,s,0.5957,,space,0.637,,2,red_gnome,2,4,bright_forest,red_basket,green_gnome,2,4,dark_forest,yellow_basket,4,0,0,1,red_gnome,bright_forest,red_basket,259,-3,4,32,0,64,1,1,,,,,,,,,,,,,,,,,,,,,,,,,,,,,,,,,,,,,,,,,,,,,,,,,,,,,,,,,,,,,,,,,,,,,,,,,,,,,,,,,,,,,,,,,,,,,,,,,,,,,,,,,,,,,
,,,,,,,,,,,,,,,,,,,,,,,,,,,,,,,,,724182,001,2024-02-21_16h16.39.137,experiment,2023.2.3,Win32,59.88023952,5e9430cc1ed15800084ffbb0,65d6198affd23d61dc0b5257,65d621bc979b6efb5b44f788,,,,,,,,,,,,,,,,,,,,,,,,,,,,,,,,,,,,,,,,,,,,,,,,,,,,2,,,,,,,,,,,,,,,,,,,,,,,k,0.7264,,space,0.4477,,2,green_gnome,2,8,dark_forest,yellow_basket,red_gnome,2,1,bright_forest,red_basket,1,0,0,1,red_gnome,bright_forest,red_basket,260,-2,0,32,1,65,1,1,,,,,,,,,,,,,,,,,,,,,,,,,,,,,,,,,,,,,,,,,,,,,,,,,,,,,,,,,,,,,,,,,,,,,,,,,,,,,,,,,,,,,,,,,,,,,,,,,,,,,,,,,,,,,
,,,,,,,,,,,,,,,,,,,,,,,,,,,,,,,,,724182,001,2024-02-21_16h16.39.137,experiment,2023.2.3,Win32,59.88023952,5e9430cc1ed15800084ffbb0,65d6198affd23d61dc0b5257,65d621bc979b6efb5b44f788,,,,,,,,,,,,,,,,,,,,,,,,,,,,,,,,,,,,,,,,,,,,,,,,,,,,1,,,,,,,,,,,,,,,,,,,,,,,k,0.6432,,space,0.5947,,1,brown_gnomes,1,8,dark_forest,yellow_basket,purple_gnome,1,1,bright_forest,red_basket,1,0,0,1,purple_gnome,bright_forest,red_basket,261,2,-2,33,0,66,0,1,,,,,,,,,,,,,,,,,,,,,,,,,,,,,,,,,,,,,,,,,,,,,,,,,,,,,,,,,,,,,,,,,,,,,,,,,,,,,,,,,,,,,,,,,,,,,,,,,,,,,,,,,,,,,
,,,,,,,,,,,,,,,,,,,,,,,,,,,,,,,,,724182,001,2024-02-21_16h16.39.137,experiment,2023.2.3,Win32,59.88023952,5e9430cc1ed15800084ffbb0,65d6198affd23d61dc0b5257,65d621bc979b6efb5b44f788,,,,,,,,,,,,,,,,,,,,,,,,,,,,,,,,,,,,,,,,,,,,,,,,,,,,2,,,,,,,,,,,,,,,,,,,,,,,k,0.543,,space,0.4494,,2,green_gnome,2,6,dark_forest,yellow_basket,red_gnome,2,3,bright_forest,red_basket,3,0,0,1,red_gnome,bright_forest,red_basket,264,0,0,33,1,67,1,1,,,,,,,,,,,,,,,,,,,,,,,,,,,,,,,,,,,,,,,,,,,,,,,,,,,,,,,,,,,,,,,,,,,,,,,,,,,,,,,,,,,,,,,,,,,,,,,,,,,,,,,,,,,,,
,,,,,,,,,,,,,,,,,,,,,,,,,,,,,,,,,724182,001,2024-02-21_16h16.39.137,experiment,2023.2.3,Win32,59.88023952,5e9430cc1ed15800084ffbb0,65d6198affd23d61dc0b5257,65d621bc979b6efb5b44f788,,,,,,,,,,,,,,,,,,,,,,,,,,,,,,,,,,,,,,,,,,,,,,,,,,,,1,,,,,,,,,,,,,,,,,,,,,,,k,0.5786,,,,,1,brown_gnomes,1,6,dark_forest,yellow_basket,purple_gnome,1,3,bright_forest,red_basket,0,0,1,0,purple_gnome,bright_forest,red_basket,264,0,2,34,0,68,0,1,,,,,,,,,,,,,,,,,,,,,,,,,,,,,,,,,,,,,,,,,,,,,,,,,,,,,,,,,,,,,,,,,,,,,,,,,,,,,,,,,,,,,,,,,,,,,,,,,,,,,,,,,,,,,
,,,,,,,,,,,,,,,,,,,,,,,,,,,,,,,,,724182,001,2024-02-21_16h16.39.137,experiment,2023.2.3,Win32,59.88023952,5e9430cc1ed15800084ffbb0,65d6198affd23d61dc0b5257,65d621bc979b6efb5b44f788,,,,,,,,,,,,,,,,,,,,,,,,,,,,,,,,,,,,,,,,,,,,,,,,,,,,1,,,,,,,,,,,,,,,,,,,,,,,k,0.6455,,space,0.4262,,1,brown_gnomes,1,8,dark_forest,yellow_basket,purple_gnome,1,3,bright_forest,red_basket,3,0,0,1,purple_gnome,bright_forest,red_basket,267,-3,-2,34,1,69,0,1,,,,,,,,,,,,,,,,,,,,,,,,,,,,,,,,,,,,,,,,,,,,,,,,,,,,,,,,,,,,,,,,,,,,,,,,,,,,,,,,,,,,,,,,,,,,,,,,,,,,,,,,,,,,,
,,,,,,,,,,,,,,,,,,,,,,,,,,,,,,,,,724182,001,2024-02-21_16h16.39.137,experiment,2023.2.3,Win32,59.88023952,5e9430cc1ed15800084ffbb0,65d6198affd23d61dc0b5257,65d621bc979b6efb5b44f788,,,,,,,,,,,,,,,,,,,,,,,,,,,,,,,,,,,,,,,,,,,,,,,,,,,,1,,,,,,,,,,,,,,,,,,,,,,,s,0.6942,,space,0.71,,1,purple_gnome,1,0,bright_forest,red_basket,brown_gnomes,1,6,dark_forest,yellow_basket,0,0,0,1,purple_gnome,bright_forest,red_basket,267,0,0,35,0,70,0,1,,,,,,,,,,,,,,,,,,,,,,,,,,,,,,,,,,,,,,,,,,,,,,,,,,,,,,,,,,,,,,,,,,,,,,,,,,,,,,,,,,,,,,,,,,,,,,,,,,,,,,,,,,,,,
,,,,,,,,,,,,,,,,,,,,,,,,,,,,,,,,,724182,001,2024-02-21_16h16.39.137,experiment,2023.2.3,Win32,59.88023952,5e9430cc1ed15800084ffbb0,65d6198affd23d61dc0b5257,65d621bc979b6efb5b44f788,,,,,,,,,,,,,,,,,,,,,,,,,,,,,,,,,,,,,,,,,,,,,,,,,,,,2,,,,,,,,,,,,,,,,,,,,,,,k,0.5612,,space,0.2087,,2,red_gnome,2,0,bright_forest,red_basket,green_gnome,2,6,dark_forest,yellow_basket,6,0,0,1,green_gnome,dark_forest,yellow_basket,273,-1,0,35,1,71,1,1,,,,,,,,,,,,,,,,,,,,,,,,,,,,,,,,,,,,,,,,,,,,,,,,,,,,,,,,,,,,,,,,,,,,,,,,,,,,,,,,,,,,,,,,,,,,,,,,,,,,,,,,,,,,,
,,,,,,,,,,,,,,,,,,,,,,,,,,,,,,,,,724182,001,2024-02-21_16h16.39.137,experiment,2023.2.3,Win32,59.88023952,5e9430cc1ed15800084ffbb0,65d6198affd23d61dc0b5257,65d621bc979b6efb5b44f788,,,,,,,,,,,,,,,,,,,,,,,,,,,,,,,,,,,,,,,,,,,,,,,,,,,,1,,,,,,,,,,,,,,,,,,,,,,,k,0.7619,,space,0.3258,,1,brown_gnomes,1,6,dark_forest,yellow_basket,purple_gnome,1,1,bright_forest,red_basket,1,0,0,1,purple_gnome,bright_forest,red_basket,274,-3,-2,36,0,72,0,1,,,,,,,,,,,,,,,,,,,,,,,,,,,,,,,,,,,,,,,,,,,,,,,,,,,,,,,,,,,,,,,,,,,,,,,,,,,,,,,,,,,,,,,,,,,,,,,,,,,,,,,,,,,,,
,,,,,,,,,,,,,,,,,,,,,,,,,,,,,,,,,724182,001,2024-02-21_16h16.39.137,experiment,2023.2.3,Win32,59.88023952,5e9430cc1ed15800084ffbb0,65d6198affd23d61dc0b5257,65d621bc979b6efb5b44f788,,,,,,,,,,,,,,,,,,,,,,,,,,,,,,,,,,,,,,,,,,,,,,,,,,,,2,,,,,,,,,,,,,,,,,,,,,,,s,0.499,,space,0.5723,,2,green_gnome,2,4,dark_forest,yellow_basket,red_gnome,2,2,bright_forest,red_basket,4,0,0,1,green_gnome,dark_forest,yellow_basket,278,-2,-2,36,1,73,1,1,,,,,,,,,,,,,,,,,,,,,,,,,,,,,,,,,,,,,,,,,,,,,,,,,,,,,,,,,,,,,,,,,,,,,,,,,,,,,,,,,,,,,,,,,,,,,,,,,,,,,,,,,,,,,
,,,,,,,,,,,,,,,,,,,,,,,,,,,,,,,,,724182,001,2024-02-21_16h16.39.137,experiment,2023.2.3,Win32,59.88023952,5e9430cc1ed15800084ffbb0,65d6198affd23d61dc0b5257,65d621bc979b6efb5b44f788,,,,,,,,,,,,,,,,,,,,,,,,,,,,,,,,,,,,,,,,,,,,,,,,,,,,2,,,,,,,,,,,,,,,,,,,,,,,k,0.5268,,space,0.3598,,2,green_gnome,2,2,dark_forest,yellow_basket,red_gnome,2,0,bright_forest,red_basket,0,0,0,1,red_gnome,bright_forest,red_basket,278,-1,3,37,0,74,1,1,,,,,,,,,,,,,,,,,,,,,,,,,,,,,,,,,,,,,,,,,,,,,,,,,,,,,,,,,,,,,,,,,,,,,,,,,,,,,,,,,,,,,,,,,,,,,,,,,,,,,,,,,,,,,
,,,,,,,,,,,,,,,,,,,,,,,,,,,,,,,,,724182,001,2024-02-21_16h16.39.137,experiment,2023.2.3,Win32,59.88023952,5e9430cc1ed15800084ffbb0,65d6198affd23d61dc0b5257,65d621bc979b6efb5b44f788,,,,,,,,,,,,,,,,,,,,,,,,,,,,,,,,,,,,,,,,,,,,,,,,,,,,2,,,,,,,,,,,,,,,,,,,,,,,s,0.531,,space,0.6931,,2,green_gnome,2,5,dark_forest,yellow_basket,red_gnome,2,1,bright_forest,red_basket,5,0,0,1,green_gnome,dark_forest,yellow_basket,283,0,1,37,1,75,1,1,,,,,,,,,,,,,,,,,,,,,,,,,,,,,,,,,,,,,,,,,,,,,,,,,,,,,,,,,,,,,,,,,,,,,,,,,,,,,,,,,,,,,,,,,,,,,,,,,,,,,,,,,,,,,
,,,,,,,,,,,,,,,,,,,,,,,,,,,,,,,,,724182,001,2024-02-21_16h16.39.137,experiment,2023.2.3,Win32,59.88023952,5e9430cc1ed15800084ffbb0,65d6198affd23d61dc0b5257,65d621bc979b6efb5b44f788,,,,,,,,,,,,,,,,,,,,,,,,,,,,,,,,,,,,,,,,,,,,,,,,,,,,1,,,,,,,,,,,,,,,,,,,,,,,s,0.7177,,space,0.6759,,1,purple_gnome,1,1,bright_forest,red_basket,brown_gnomes,1,6,dark_forest,yellow_basket,1,0,0,1,purple_gnome,bright_forest,red_basket,284,-1,-1,38,0,76,0,1,,,,,,,,,,,,,,,,,,,,,,,,,,,,,,,,,,,,,,,,,,,,,,,,,,,,,,,,,,,,,,,,,,,,,,,,,,,,,,,,,,,,,,,,,,,,,,,,,,,,,,,,,,,,,
,,,,,,,,,,,,,,,,,,,,,,,,,,,,,,,,,724182,001,2024-02-21_16h16.39.137,experiment,2023.2.3,Win32,59.88023952,5e9430cc1ed15800084ffbb0,65d6198affd23d61dc0b5257,65d621bc979b6efb5b44f788,,,,,,,,,,,,,,,,,,,,,,,,,,,,,,,,,,,,,,,,,,,,,,,,,,,,2,,,,,,,,,,,,,,,,,,,,,,,s,0.7592,,space,0.1161,,2,green_gnome,2,5,dark_forest,yellow_basket,red_gnome,2,0,bright_forest,red_basket,5,0,0,1,green_gnome,dark_forest,yellow_basket,289,0,0,38,1,77,1,1,,,,,,,,,,,,,,,,,,,,,,,,,,,,,,,,,,,,,,,,,,,,,,,,,,,,,,,,,,,,,,,,,,,,,,,,,,,,,,,,,,,,,,,,,,,,,,,,,,,,,,,,,,,,,
,,,,,,,,,,,,,,,,,,,,,,,,,,,,,,,,,724182,001,2024-02-21_16h16.39.137,experiment,2023.2.3,Win32,59.88023952,5e9430cc1ed15800084ffbb0,65d6198affd23d61dc0b5257,65d621bc979b6efb5b44f788,,,,,,,,,,,,,,,,,,,,,,,,,,,,,,,,,,,,,,,,,,,,,,,,,,,,2,,,,,,,,,,,,,,,,,,,,,,,k,1.3211,,space,0.2376,,2,green_gnome,2,5,dark_forest,yellow_basket,red_gnome,2,0,bright_forest,red_basket,0,0,0,1,red_gnome,bright_forest,red_basket,289,1,-2,39,0,78,1,1,,,,,,,,,,,,,,,,,,,,,,,,,,,,,,,,,,,,,,,,,,,,,,,,,,,,,,,,,,,,,,,,,,,,,,,,,,,,,,,,,,,,,,,,,,,,,,,,,,,,,,,,,,,,,
,,,,,,,,,,,,,,,,,,,,,,,,,,,,,,,,,724182,001,2024-02-21_16h16.39.137,experiment,2023.2.3,Win32,59.88023952,5e9430cc1ed15800084ffbb0,65d6198affd23d61dc0b5257,65d621bc979b6efb5b44f788,,,,,,,,,,,,,,,,,,,,,,,,,,,,,,,,,,,,,,,,,,,,,,,,,,,,1,,,,,,,,,,,,,,,,,,,,,,,s,0.7935,,,,,1,brown_gnomes,1,3,dark_forest,yellow_basket,purple_gnome,1,1,bright_forest,red_basket,0,0,1,0,brown_gnomes,dark_forest,yellow_basket,289,-3,-1,39,1,79,0,1,,,,,,,,,,,,,,,,,,,,,,,,,,,,,,,,,,,,,,,,,,,,,,,,,,,,,,,,,,,,,,,,,,,,,,,,,,,,,,,,,,,,,,,,,,,,,,,,,,,,,,,,,,,,,
,,,,,,,,,,,,,,,,,,,,,,,,,,,,,,,,,724182,001,2024-02-21_16h16.39.137,experiment,2023.2.3,Win32,59.88023952,5e9430cc1ed15800084ffbb0,65d6198affd23d61dc0b5257,65d621bc979b6efb5b44f788,,,,,,,,,,,,,,,,,,,,,,,,,,,,,,,,,,,,,,,,,,,,,,,,,,,,1,,,,,,,,,,,,,,,,,,,,,,,k,1.2259,,space,0.6863,,1,purple_gnome,1,2,bright_forest,red_basket,brown_gnomes,1,2,dark_forest,yellow_basket,2,0,0,1,brown_gnomes,dark_forest,yellow_basket,291,2,-1,40,0,80,0,1,,,,,,,,,,,,,,,,,,,,,,,,,,,,,,,,,,,,,,,,,,,,,,,,,,,,,,,,,,,,,,,,,,,,,,,,,,,,,,,,,,,,,,,,,,,,,,,,,,,,,,,,,,,,,
,,,,,,,,,,,,,,,,,,,,,,,,,,,,,,,,,724182,001,2024-02-21_16h16.39.137,experiment,2023.2.3,Win32,59.88023952,5e9430cc1ed15800084ffbb0,65d6198affd23d61dc0b5257,65d621bc979b6efb5b44f788,,,,,,,,,,,,,,,,,,,,,,,,,,,,,,,,,,,,,,,,,,,,,,,,,,,,2,,,,,,,,,,,,,,,,,,,,,,,k,0.7414,,space,0.4926,,2,red_gnome,2,4,bright_forest,red_basket,green_gnome,2,1,dark_forest,yellow_basket,1,0,0,1,green_gnome,dark_forest,yellow_basket,292,-1,-4,40,1,81,1,1,,,,,,,,,,,,,,,,,,,,,,,,,,,,,,,,,,,,,,,,,,,,,,,,,,,,,,,,,,,,,,,,,,,,,,,,,,,,,,,,,,,,,,,,,,,,,,,,,,,,,,,,,,,,,
,,,,,,,,,,,,,,,,,,,,,,,,,,,,,,,,,724182,001,2024-02-21_16h16.39.137,experiment,2023.2.3,Win32,59.88023952,5e9430cc1ed15800084ffbb0,65d6198affd23d61dc0b5257,65d621bc979b6efb5b44f788,,,,,,,,,,,,,,,,,,,,,,,,,,,,,,,,,,,,,,,,,,,,,,,,,,,,1,,,,,,,,,,,,,,,,,,,,,,,k,0.6105,,space,1.1334,,1,purple_gnome,1,3,bright_forest,red_basket,brown_gnomes,1,3,dark_forest,yellow_basket,3,0,0,1,brown_gnomes,dark_forest,yellow_basket,295,-2,0,41,0,82,0,1,,,,,,,,,,,,,,,,,,,,,,,,,,,,,,,,,,,,,,,,,,,,,,,,,,,,,,,,,,,,,,,,,,,,,,,,,,,,,,,,,,,,,,,,,,,,,,,,,,,,,,,,,,,,,
,,,,,,,,,,,,,,,,,,,,,,,,,,,,,,,,,724182,001,2024-02-21_16h16.39.137,experiment,2023.2.3,Win32,59.88023952,5e9430cc1ed15800084ffbb0,65d6198affd23d61dc0b5257,65d621bc979b6efb5b44f788,,,,,,,,,,,,,,,,,,,,,,,,,,,,,,,,,,,,,,,,,,,,,,,,,,,,2,,,,,,,,,,,,,,,,,,,,,,,k,0.7109,,space,0.35,,2,red_gnome,2,1,bright_forest,red_basket,green_gnome,2,3,dark_forest,yellow_basket,3,0,0,1,green_gnome,dark_forest,yellow_basket,298,-2,1,41,1,83,1,1,,,,,,,,,,,,,,,,,,,,,,,,,,,,,,,,,,,,,,,,,,,,,,,,,,,,,,,,,,,,,,,,,,,,,,,,,,,,,,,,,,,,,,,,,,,,,,,,,,,,,,,,,,,,,
,,,,,,,,,,,,,,,,,,,,,,,,,,,,,,,,,724182,001,2024-02-21_16h16.39.137,experiment,2023.2.3,Win32,59.88023952,5e9430cc1ed15800084ffbb0,65d6198affd23d61dc0b5257,65d621bc979b6efb5b44f788,,,,,,,,,,,,,,,,,,,,,,,,,,,,,,,,,,,,,,,,,,,,,,,,,,,,1,,,,,,,,,,,,,,,,,,,,,,,k,0.5426,,space,0.8488,,1,brown_gnomes,1,4,dark_forest,yellow_basket,purple_gnome,1,1,bright_forest,red_basket,1,0,0,1,purple_gnome,bright_forest,red_basket,299,1,1,42,0,84,0,1,,,,,,,,,,,,,,,,,,,,,,,,,,,,,,,,,,,,,,,,,,,,,,,,,,,,,,,,,,,,,,,,,,,,,,,,,,,,,,,,,,,,,,,,,,,,,,,,,,,,,,,,,,,,,
,,,,,,,,,,,,,,,,,,,,,,,,,,,,,,,,,724182,001,2024-02-21_16h16.39.137,experiment,2023.2.3,Win32,59.88023952,5e9430cc1ed15800084ffbb0,65d6198affd23d61dc0b5257,65d621bc979b6efb5b44f788,,,,,,,,,,,,,,,,,,,,,,,,,,,,,,,,,,,,,,,,,,,,,,,,,,,,1,,,,,,,,,,,,,,,,,,,,,,,s,0.5617,,space,0.5459,,1,brown_gnomes,1,5,dark_forest,yellow_basket,purple_gnome,1,2,bright_forest,red_basket,5,0,0,1,brown_gnomes,dark_forest,yellow_basket,304,2,-3,42,1,85,0,1,,,,,,,,,,,,,,,,,,,,,,,,,,,,,,,,,,,,,,,,,,,,,,,,,,,,,,,,,,,,,,,,,,,,,,,,,,,,,,,,,,,,,,,,,,,,,,,,,,,,,,,,,,,,,
,,,,,,,,,,,,,,,,,,,,,,,,,,,,,,,,,724182,001,2024-02-21_16h16.39.137,experiment,2023.2.3,Win32,59.88023952,5e9430cc1ed15800084ffbb0,65d6198affd23d61dc0b5257,65d621bc979b6efb5b44f788,,,,,,,,,,,,,,,,,,,,,,,,,,,,,,,,,,,,,,,,,,,,,,,,,,,,1,,,,,,,,,,,,,,,,,,,,,,,k,0.9765,,space,1.3214,,1,purple_gnome,1,4,bright_forest,red_basket,brown_gnomes,1,2,dark_forest,yellow_basket,2,0,0,1,brown_gnomes,dark_forest,yellow_basket,306,1,2,43,0,86,0,1,,,,,,,,,,,,,,,,,,,,,,,,,,,,,,,,,,,,,,,,,,,,,,,,,,,,,,,,,,,,,,,,,,,,,,,,,,,,,,,,,,,,,,,,,,,,,,,,,,,,,,,,,,,,,
,,,,,,,,,,,,,,,,,,,,,,,,,,,,,,,,,724182,001,2024-02-21_16h16.39.137,experiment,2023.2.3,Win32,59.88023952,5e9430cc1ed15800084ffbb0,65d6198affd23d61dc0b5257,65d621bc979b6efb5b44f788,,,,,,,,,,,,,,,,,,,,,,,,,,,,,,,,,,,,,,,,,,,,,,,,,,,,1,,,,,,,,,,,,,,,,,,,,,,,k,0.5968,,space,0.3298,,1,purple_gnome,1,5,bright_forest,red_basket,brown_gnomes,1,4,dark_forest,yellow_basket,4,0,0,1,brown_gnomes,dark_forest,yellow_basket,310,0,0,43,1,87,0,1,,,,,,,,,,,,,,,,,,,,,,,,,,,,,,,,,,,,,,,,,,,,,,,,,,,,,,,,,,,,,,,,,,,,,,,,,,,,,,,,,,,,,,,,,,,,,,,,,,,,,,,,,,,,,
,,,,,,,,,,,,,,,,,,,,,,,,,,,,,,,,,724182,001,2024-02-21_16h16.39.137,experiment,2023.2.3,Win32,59.88023952,5e9430cc1ed15800084ffbb0,65d6198affd23d61dc0b5257,65d621bc979b6efb5b44f788,,,,,,,,,,,,,,,,,,,,,,,,,,,,,,,,,,,,,,,,,,,,,,,,,,,,2,,,,,,,,,,,,,,,,,,,,,,,s,0.7277,,space,0.1632,,2,green_gnome,2,4,dark_forest,yellow_basket,red_gnome,2,5,bright_forest,red_basket,4,0,0,1,green_gnome,dark_forest,yellow_basket,314,0,-3,44,0,88,1,1,,,,,,,,,,,,,,,,,,,,,,,,,,,,,,,,,,,,,,,,,,,,,,,,,,,,,,,,,,,,,,,,,,,,,,,,,,,,,,,,,,,,,,,,,,,,,,,,,,,,,,,,,,,,,
,,,,,,,,,,,,,,,,,,,,,,,,,,,,,,,,,724182,001,2024-02-21_16h16.39.137,experiment,2023.2.3,Win32,59.88023952,5e9430cc1ed15800084ffbb0,65d6198affd23d61dc0b5257,65d621bc979b6efb5b44f788,,,,,,,,,,,,,,,,,,,,,,,,,,,,,,,,,,,,,,,,,,,,,,,,,,,,1,,,,,,,,,,,,,,,,,,,,,,,k,0.5964,,space,0.4532,,1,purple_gnome,1,5,bright_forest,red_basket,brown_gnomes,1,1,dark_forest,yellow_basket,1,0,0,1,brown_gnomes,dark_forest,yellow_basket,315,-4,0,44,1,89,0,1,,,,,,,,,,,,,,,,,,,,,,,,,,,,,,,,,,,,,,,,,,,,,,,,,,,,,,,,,,,,,,,,,,,,,,,,,,,,,,,,,,,,,,,,,,,,,,,,,,,,,,,,,,,,,
,,,,,,,,,,,,,,,,,,,,,,,,,,,,,,,,,724182,001,2024-02-21_16h16.39.137,experiment,2023.2.3,Win32,59.88023952,5e9430cc1ed15800084ffbb0,65d6198affd23d61dc0b5257,65d621bc979b6efb5b44f788,,,,,,,,,,,,,,,,,,,,,,,,,,,,,,,,,,,,,,,,,,,,,,,,,,,,2,,,,,,,,,,,,,,,,,,,,,,,s,0.657,,space,0.982,,2,green_gnome,2,1,dark_forest,yellow_basket,red_gnome,2,1,bright_forest,red_basket,1,0,0,1,green_gnome,dark_forest,yellow_basket,316,5,1,45,0,90,1,1,,,,,,,,,,,,,,,,,,,,,,,,,,,,,,,,,,,,,,,,,,,,,,,,,,,,,,,,,,,,,,,,,,,,,,,,,,,,,,,,,,,,,,,,,,,,,,,,,,,,,,,,,,,,,
,,,,,,,,,,,,,,,,,,,,,,,,,,,,,,,,,724182,001,2024-02-21_16h16.39.137,experiment,2023.2.3,Win32,59.88023952,5e9430cc1ed15800084ffbb0,65d6198affd23d61dc0b5257,65d621bc979b6efb5b44f788,,,,,,,,,,,,,,,,,,,,,,,,,,,,,,,,,,,,,,,,,,,,,,,,,,,,1,,,,,,,,,,,,,,,,,,,,,,,k,0.7286,,space,0.2108,,1,purple_gnome,1,6,bright_forest,red_basket,brown_gnomes,1,2,dark_forest,yellow_basket,2,0,0,1,brown_gnomes,dark_forest,yellow_basket,318,1,-2,45,1,91,0,1,,,,,,,,,,,,,,,,,,,,,,,,,,,,,,,,,,,,,,,,,,,,,,,,,,,,,,,,,,,,,,,,,,,,,,,,,,,,,,,,,,,,,,,,,,,,,,,,,,,,,,,,,,,,,
,,,,,,,,,,,,,,,,,,,,,,,,,,,,,,,,,724182,001,2024-02-21_16h16.39.137,experiment,2023.2.3,Win32,59.88023952,5e9430cc1ed15800084ffbb0,65d6198affd23d61dc0b5257,65d621bc979b6efb5b44f788,,,,,,,,,,,,,,,,,,,,,,,,,,,,,,,,,,,,,,,,,,,,,,,,,,,,1,,,,,,,,,,,,,,,,,,,,,,,s,0.626,,space,0.5273,,1,brown_gnomes,1,0,dark_forest,yellow_basket,purple_gnome,1,7,bright_forest,red_basket,0,0,0,1,brown_gnomes,dark_forest,yellow_basket,318,1,-5,46,0,92,0,1,,,,,,,,,,,,,,,,,,,,,,,,,,,,,,,,,,,,,,,,,,,,,,,,,,,,,,,,,,,,,,,,,,,,,,,,,,,,,,,,,,,,,,,,,,,,,,,,,,,,,,,,,,,,,
,,,,,,,,,,,,,,,,,,,,,,,,,,,,,,,,,724182,001,2024-02-21_16h16.39.137,experiment,2023.2.3,Win32,59.88023952,5e9430cc1ed15800084ffbb0,65d6198affd23d61dc0b5257,65d621bc979b6efb5b44f788,,,,,,,,,,,,,,,,,,,,,,,,,,,,,,,,,,,,,,,,,,,,,,,,,,,,2,,,,,,,,,,,,,,,,,,,,,,,s,0.6261,,space,0.2506,,2,red_gnome,2,8,bright_forest,red_basket,green_gnome,2,5,dark_forest,yellow_basket,8,0,0,1,red_gnome,bright_forest,red_basket,326,-2,3,46,1,93,1,1,,,,,,,,,,,,,,,,,,,,,,,,,,,,,,,,,,,,,,,,,,,,,,,,,,,,,,,,,,,,,,,,,,,,,,,,,,,,,,,,,,,,,,,,,,,,,,,,,,,,,,,,,,,,,
,,,,,,,,,,,,,,,,,,,,,,,,,,,,,,,,,724182,001,2024-02-21_16h16.39.137,experiment,2023.2.3,Win32,59.88023952,5e9430cc1ed15800084ffbb0,65d6198affd23d61dc0b5257,65d621bc979b6efb5b44f788,,,,,,,,,,,,,,,,,,,,,,,,,,,,,,,,,,,,,,,,,,,,,,,,,,,,2,,,,,,,,,,,,,,,,,,,,,,,s,0.5764,,space,0.1281,0.0014,2,red_gnome,2,6,bright_forest,red_basket,green_gnome,2,8,dark_forest,yellow_basket,6,0,0,1,red_gnome,bright_forest,red_basket,332,1,-2,47,0,94,1,1,,,,,,,,,,,,,,,,,,,,,,,,,,,,,,,,,,,,,,,,,,,,,,,,,,,,,,,,,,,,,,,,,,,,,,,,,,,,,,,,,,,,,,,,,,,,,,,,,,,,,,,,,,,,,
,,,,,,,,,,,,,,,,,,,,,,,,,,,,,,,,,724182,001,2024-02-21_16h16.39.137,experiment,2023.2.3,Win32,59.88023952,5e9430cc1ed15800084ffbb0,65d6198affd23d61dc0b5257,65d621bc979b6efb5b44f788,,,,,,,,,,,,,,,,,,,,,,,,,,,,,,,,,,,,,,,,,,,,,,,,,,,,2,,,,,,,,,,,,,,,,,,,,,,,k,0.7411,,space,0.5137,,2,green_gnome,2,6,dark_forest,yellow_basket,red_gnome,2,7,bright_forest,red_basket,7,0,0,1,red_gnome,bright_forest,red_basket,339,0,-1,47,1,95,1,1,,,,,,,,,,,,,,,,,,,,,,,,,,,,,,,,,,,,,,,,,,,,,,,,,,,,,,,,,,,,,,,,,,,,,,,,,,,,,,,,,,,,,,,,,,,,,,,,,,,,,,,,,,,,,
,,,,,,,,,,,,,,,,,,,,,,,,,,,,,,,,,724182,001,2024-02-21_16h16.39.137,experiment,2023.2.3,Win32,59.88023952,5e9430cc1ed15800084ffbb0,65d6198affd23d61dc0b5257,65d621bc979b6efb5b44f788,,,,,,,,,,,,,,,,,,,,,,,,,,,,,,,,,,,,,,,,,,,,,,,,,,,,1,,,,,,,,,,,,,,,,,,,,,,,s,0.6344,,space,0.1595,,1,purple_gnome,1,7,bright_forest,red_basket,brown_gnomes,1,5,dark_forest,yellow_basket,7,0,0,1,purple_gnome,bright_forest,red_basket,346,0,1,48,0,96,0,1,,,,,,,,,,,,,,,,,,,,,,,,,,,,,,,,,,,,,,,,,,,,,,,,,,,,,,,,,,,,,,,,,,,,,,,,,,,,,,,,,,,,,,,,,,,,,,,,,,,,,,,,,,,,,
,,,,,,,,,,,,,,,,,,,,,,,,,,,,,,,,,724182,001,2024-02-21_16h16.39.137,experiment,2023.2.3,Win32,59.88023952,5e9430cc1ed15800084ffbb0,65d6198affd23d61dc0b5257,65d621bc979b6efb5b44f788,,,,,,,,,,,,,,,,,,,,,,,,,,,,,,,,,,,,,,,,,,,,,,,,,,,,1,,,,,,,,,,,,,,,,,,,,,,,s,0.5777,,space,0.3725,,1,purple_gnome,1,7,bright_forest,red_basket,brown_gnomes,1,6,dark_forest,yellow_basket,7,0,0,1,purple_gnome,bright_forest,red_basket,353,-2,1,48,1,97,0,1,,,,,,,,,,,,,,,,,,,,,,,,,,,,,,,,,,,,,,,,,,,,,,,,,,,,,,,,,,,,,,,,,,,,,,,,,,,,,,,,,,,,,,,,,,,,,,,,,,,,,,,,,,,,,
,,,,,,,,,,,,,,,,,,,,,,,,,,,,,,,,,724182,001,2024-02-21_16h16.39.137,experiment,2023.2.3,Win32,59.88023952,5e9430cc1ed15800084ffbb0,65d6198affd23d61dc0b5257,65d621bc979b6efb5b44f788,,,,,,,,,,,,,,,,,,,,,,,,,,,,,,,,,,,,,,,,,,,,,,,,,,,,1,,,,,,,,,,,,,,,,,,,,,,,s,0.5423,,space,0.3159,,1,purple_gnome,1,5,bright_forest,red_basket,brown_gnomes,1,7,dark_forest,yellow_basket,5,0,0,1,purple_gnome,bright_forest,red_basket,358,1,0,49,0,98,0,1,,,,,,,,,,,,,,,,,,,,,,,,,,,,,,,,,,,,,,,,,,,,,,,,,,,,,,,,,,,,,,,,,,,,,,,,,,,,,,,,,,,,,,,,,,,,,,,,,,,,,,,,,,,,,
,,,,,,,,,,,,,,,,,,,,,,,,,,,,,,,,,724182,001,2024-02-21_16h16.39.137,experiment,2023.2.3,Win32,59.88023952,5e9430cc1ed15800084ffbb0,65d6198affd23d61dc0b5257,65d621bc979b6efb5b44f788,,,,,,,,,,,,,,,,,,,,,,,,,,,,,,,,,,,,,,,,,,,,,,,,,,,,2,,,,,,,,,,,,,,,,,,,,,,,k,0.5453,,space,0.362,,2,green_gnome,2,7,dark_forest,yellow_basket,red_gnome,2,6,bright_forest,red_basket,6,0,0,1,red_gnome,bright_forest,red_basket,364,1,3,49,1,99,1,1,,,,,,,,,,,,,,,,,,,,,,,,,,,,,,,,,,,,,,,,,,,,,,,,,,,,,,,,,,,,,,,,,,,,,,,,,,,,,,,,,,,,,,,,,,,,,,,,,,,,,,,,,,,,,
,,,,,,,,,,,,,,,,,,,,,,,,,,,,,,,,,724182,001,2024-02-21_16h16.39.137,experiment,2023.2.3,Win32,59.88023952,5e9430cc1ed15800084ffbb0,65d6198affd23d61dc0b5257,65d621bc979b6efb5b44f788,,,,,,,,,,,,,,,,,,,,,,,,,,,,,,,,,,,,,,,,,,,,,,,,,,,,1,,,,,,,,,,,,,,,,,,,,,,,s,0.5785,,space,0.3512,,1,purple_gnome,1,7,bright_forest,red_basket,brown_gnomes,1,8,dark_forest,yellow_basket,7,0,0,1,purple_gnome,bright_forest,red_basket,371,1,2,50,0,100,0,1,,,,,,,,,,,,,,,,,,,,,,,,,,,,,,,,,,,,,,,,,,,,,,,,,,,,,,,,,,,,,,,,,,,,,,,,,,,,,,,,,,,,,,,,,,,,,,,,,,,,,,,,,,,,,
,,,,,,,,,,,,,,,,,,,,,,,,,,,,,,,,,724182,001,2024-02-21_16h16.39.137,experiment,2023.2.3,Win32,59.88023952,5e9430cc1ed15800084ffbb0,65d6198affd23d61dc0b5257,65d621bc979b6efb5b44f788,,,,,,,,,,,,,,,,,,,,,,,,,,,,,,,,,,,,,,,,,,,,,,,,,,,,1,,,,,,,,,,,,,,,,,,,,,,,s,0.6602,,space,0.5109,,1,purple_gnome,1,8,bright_forest,red_basket,brown_gnomes,1,8,dark_forest,yellow_basket,8,0,0,1,purple_gnome,bright_forest,red_basket,379,-3,0,50,1,101,0,1,,,,,,,,,,,,,,,,,,,,,,,,,,,,,,,,,,,,,,,,,,,,,,,,,,,,,,,,,,,,,,,,,,,,,,,,,,,,,,,,,,,,,,,,,,,,,,,,,,,,,,,,,,,,,
,,,,,,,,,,,,,,,,,,,,,,,,,,,,,,,,,724182,001,2024-02-21_16h16.39.137,experiment,2023.2.3,Win32,59.88023952,5e9430cc1ed15800084ffbb0,65d6198affd23d61dc0b5257,65d621bc979b6efb5b44f788,,,,,,,,,,,,,,,,,,,,,,,,,,,,,,,,,,,,,,,,,,,,,,,,,,,,1,,,,,,,,,,,,,,,,,,,,,,,s,0.5191,,space,0.5168,,1,purple_gnome,1,5,bright_forest,red_basket,brown_gnomes,1,8,dark_forest,yellow_basket,5,0,0,1,purple_gnome,bright_forest,red_basket,384,3,0,51,0,102,0,1,,,,,,,,,,,,,,,,,,,,,,,,,,,,,,,,,,,,,,,,,,,,,,,,,,,,,,,,,,,,,,,,,,,,,,,,,,,,,,,,,,,,,,,,,,,,,,,,,,,,,,,,,,,,,
,,,,,,,,,,,,,,,,,,,,,,,,,,,,,,,,,724182,001,2024-02-21_16h16.39.137,experiment,2023.2.3,Win32,59.88023952,5e9430cc1ed15800084ffbb0,65d6198affd23d61dc0b5257,65d621bc979b6efb5b44f788,,,,,,,,,,,,,,,,,,,,,,,,,,,,,,,,,,,,,,,,,,,,,,,,,,,,1,,,,,,,,,,,,,,,,,,,,,,,s,0.5432,,space,0.3385,,1,purple_gnome,1,8,bright_forest,red_basket,brown_gnomes,1,8,dark_forest,yellow_basket,8,0,0,1,purple_gnome,bright_forest,red_basket,392,-2,2,51,1,103,0,1,,,,,,,,,,,,,,,,,,,,,,,,,,,,,,,,,,,,,,,,,,,,,,,,,,,,,,,,,,,,,,,,,,,,,,,,,,,,,,,,,,,,,,,,,,,,,,,,,,,,,,,,,,,,,
,,,,,,,,,,,,,,,,,,,,,,,,,,,,,,,,,724182,001,2024-02-21_16h16.39.137,experiment,2023.2.3,Win32,59.88023952,5e9430cc1ed15800084ffbb0,65d6198affd23d61dc0b5257,65d621bc979b6efb5b44f788,,,,,,,,,,,,,,,,,,,,,,,,,,,,,,,,,,,,,,,,,,,,,,,,,,,,2,,,,,,,,,,,,,,,,,,,,,,,s,0.4758,,space,0.3773,,2,red_gnome,2,6,bright_forest,red_basket,green_gnome,2,8,dark_forest,yellow_basket,6,0,0,1,red_gnome,bright_forest,red_basket,398,1,-2,52,0,104,1,1,,,,,,,,,,,,,,,,,,,,,,,,,,,,,,,,,,,,,,,,,,,,,,,,,,,,,,,,,,,,,,,,,,,,,,,,,,,,,,,,,,,,,,,,,,,,,,,,,,,,,,,,,,,,,
,,,,,,,,,,,,,,,,,,,,,,,,,,,,,,,,,724182,001,2024-02-21_16h16.39.137,experiment,2023.2.3,Win32,59.88023952,5e9430cc1ed15800084ffbb0,65d6198affd23d61dc0b5257,65d621bc979b6efb5b44f788,,,,,,,,,,,,,,,,,,,,,,,,,,,,,,,,,,,,,,,,,,,,,,,,,,,,2,,,,,,,,,,,,,,,,,,,,,,,s,0.4438,,space,0.5244,,2,red_gnome,2,7,bright_forest,red_basket,green_gnome,2,6,dark_forest,yellow_basket,7,0,0,1,red_gnome,bright_forest,red_basket,405,-2,0,52,1,105,1,1,,,,,,,,,,,,,,,,,,,,,,,,,,,,,,,,,,,,,,,,,,,,,,,,,,,,,,,,,,,,,,,,,,,,,,,,,,,,,,,,,,,,,,,,,,,,,,,,,,,,,,,,,,,,,
,,,,,,,,,,,,,,,,,,,,,,,,,,,,,,,,,724182,001,2024-02-21_16h16.39.137,experiment,2023.2.3,Win32,59.88023952,5e9430cc1ed15800084ffbb0,65d6198affd23d61dc0b5257,65d621bc979b6efb5b44f788,,,,,,,,,,,,,,,,,,,,,,,,,,,,,,,,,,,,,,,,,,,,,,,,,,,,2,,,,,,,,,,,,,,,,,,,,,,,k,0.7609,,space,0.3671,,2,green_gnome,2,6,dark_forest,yellow_basket,red_gnome,2,5,bright_forest,red_basket,5,0,0,1,red_gnome,bright_forest,red_basket,410,-3,0,53,0,106,1,1,,,,,,,,,,,,,,,,,,,,,,,,,,,,,,,,,,,,,,,,,,,,,,,,,,,,,,,,,,,,,,,,,,,,,,,,,,,,,,,,,,,,,,,,,,,,,,,,,,,,,,,,,,,,,
,,,,,,,,,,,,,,,,,,,,,,,,,,,,,,,,,724182,001,2024-02-21_16h16.39.137,experiment,2023.2.3,Win32,59.88023952,5e9430cc1ed15800084ffbb0,65d6198affd23d61dc0b5257,65d621bc979b6efb5b44f788,,,,,,,,,,,,,,,,,,,,,,,,,,,,,,,,,,,,,,,,,,,,,,,,,,,,2,,,,,,,,,,,,,,,,,,,,,,,k,0.5111,,space,0.3805,,2,green_gnome,2,6,dark_forest,yellow_basket,red_gnome,2,2,bright_forest,red_basket,2,0,0,1,red_gnome,bright_forest,red_basket,412,1,-3,53,1,107,1,1,,,,,,,,,,,,,,,,,,,,,,,,,,,,,,,,,,,,,,,,,,,,,,,,,,,,,,,,,,,,,,,,,,,,,,,,,,,,,,,,,,,,,,,,,,,,,,,,,,,,,,,,,,,,,
,,,,,,,,,,,,,,,,,,,,,,,,,,,,,,,,,724182,001,2024-02-21_16h16.39.137,experiment,2023.2.3,Win32,59.88023952,5e9430cc1ed15800084ffbb0,65d6198affd23d61dc0b5257,65d621bc979b6efb5b44f788,,,,,,,,,,,,,,,,,,,,,,,,,,,,,,,,,,,,,,,,,,,,,,,,,,,,2,,,,,,,,,,,,,,,,,,,,,,,k,0.5175,,space,0.3482,,2,green_gnome,2,3,dark_forest,yellow_basket,red_gnome,2,3,bright_forest,red_basket,3,0,0,1,red_gnome,bright_forest,red_basket,415,4,2,54,0,108,1,1,,,,,,,,,,,,,,,,,,,,,,,,,,,,,,,,,,,,,,,,,,,,,,,,,,,,,,,,,,,,,,,,,,,,,,,,,,,,,,,,,,,,,,,,,,,,,,,,,,,,,,,,,,,,,
,,,,,,,,,,,,,,,,,,,,,,,,,,,,,,,,,724182,001,2024-02-21_16h16.39.137,experiment,2023.2.3,Win32,59.88023952,5e9430cc1ed15800084ffbb0,65d6198affd23d61dc0b5257,65d621bc979b6efb5b44f788,,,,,,,,,,,,,,,,,,,,,,,,,,,,,,,,,,,,,,,,,,,,,,,,,,,,1,,,,,,,,,,,,,,,,,,,,,,,k,0.6176,,space,0.3661,,1,brown_gnomes,1,5,dark_forest,yellow_basket,purple_gnome,1,7,bright_forest,red_basket,7,0,0,1,purple_gnome,bright_forest,red_basket,422,1,-1,54,1,109,0,1,,,,,,,,,,,,,,,,,,,,,,,,,,,,,,,,,,,,,,,,,,,,,,,,,,,,,,,,,,,,,,,,,,,,,,,,,,,,,,,,,,,,,,,,,,,,,,,,,,,,,,,,,,,,,
,,,,,,,,,,,,,,,,,,,,,,,,,,,,,,,,,724182,001,2024-02-21_16h16.39.137,experiment,2023.2.3,Win32,59.88023952,5e9430cc1ed15800084ffbb0,65d6198affd23d61dc0b5257,65d621bc979b6efb5b44f788,,,,,,,,,,,,,,,,,,,,,,,,,,,,,,,,,,,,,,,,,,,,,,,,,,,,2,,,,,,,,,,,,,,,,,,,,,,,k,0.5232,,space,0.3818,,2,green_gnome,2,4,dark_forest,yellow_basket,red_gnome,2,8,bright_forest,red_basket,8,0,0,1,red_gnome,bright_forest,red_basket,430,0,4,55,0,110,1,1,,,,,,,,,,,,,,,,,,,,,,,,,,,,,,,,,,,,,,,,,,,,,,,,,,,,,,,,,,,,,,,,,,,,,,,,,,,,,,,,,,,,,,,,,,,,,,,,,,,,,,,,,,,,,
,,,,,,,,,,,,,,,,,,,,,,,,,,,,,,,,,724182,001,2024-02-21_16h16.39.137,experiment,2023.2.3,Win32,59.88023952,5e9430cc1ed15800084ffbb0,65d6198affd23d61dc0b5257,65d621bc979b6efb5b44f788,,,,,,,,,,,,,,,,,,,,,,,,,,,,,,,,,,,,,,,,,,,,,,,,,,,,2,,,,,,,,,,,,,,,,,,,,,,,s,0.5631,,space,0.5176,,2,red_gnome,2,8,bright_forest,red_basket,green_gnome,2,8,dark_forest,yellow_basket,8,0,0,1,red_gnome,bright_forest,red_basket,438,-1,1,55,1,111,1,1,,,,,,,,,,,,,,,,,,,,,,,,,,,,,,,,,,,,,,,,,,,,,,,,,,,,,,,,,,,,,,,,,,,,,,,,,,,,,,,,,,,,,,,,,,,,,,,,,,,,,,,,,,,,,
,,,,,,,,,,,,,,,,,,,,,,,,,,,,,,,,,724182,001,2024-02-21_16h16.39.137,experiment,2023.2.3,Win32,59.88023952,5e9430cc1ed15800084ffbb0,65d6198affd23d61dc0b5257,65d621bc979b6efb5b44f788,,,,,,,,,,,,,,,,,,,,,,,,,,,,,,,,,,,,,,,,,,,,,,,,,,,,2,,,,,,,,,,,,,,,,,,,,,,,s,0.6259,,space,0.4981,,2,red_gnome,2,7,bright_forest,red_basket,green_gnome,2,9,dark_forest,yellow_basket,7,0,0,1,red_gnome,bright_forest,red_basket,445,2,1,56,0,112,1,1,,,,,,,,,,,,,,,,,,,,,,,,,,,,,,,,,,,,,,,,,,,,,,,,,,,,,,,,,,,,,,,,,,,,,,,,,,,,,,,,,,,,,,,,,,,,,,,,,,,,,,,,,,,,,
,,,,,,,,,,,,,,,,,,,,,,,,,,,,,,,,,724182,001,2024-02-21_16h16.39.137,experiment,2023.2.3,Win32,59.88023952,5e9430cc1ed15800084ffbb0,65d6198affd23d61dc0b5257,65d621bc979b6efb5b44f788,,,,,,,,,,,,,,,,,,,,,,,,,,,,,,,,,,,,,,,,,,,,,,,,,,,,2,,,,,,,,,,,,,,,,,,,,,,,s,0.51,,space,0.5521,,2,red_gnome,2,9,bright_forest,red_basket,green_gnome,2,8,dark_forest,yellow_basket,9,0,0,1,red_gnome,bright_forest,red_basket,454,4,-1,56,1,113,1,1,,,,,,,,,,,,,,,,,,,,,,,,,,,,,,,,,,,,,,,,,,,,,,,,,,,,,,,,,,,,,,,,,,,,,,,,,,,,,,,,,,,,,,,,,,,,,,,,,,,,,,,,,,,,,
,,,,,,,,,,,,,,,,,,,,,,,,,,,,,,,,,724182,001,2024-02-21_16h16.39.137,experiment,2023.2.3,Win32,59.88023952,5e9430cc1ed15800084ffbb0,65d6198affd23d61dc0b5257,65d621bc979b6efb5b44f788,,,,,,,,,,,,,,,,,,,,,,,,,,,,,,,,,,,,,,,,,,,,,,,,,,,,2,,,,,,,,,,,,,,,,,,,,,,,k,0.5766,,space,0.5146,,2,green_gnome,2,7,dark_forest,yellow_basket,red_gnome,2,5,bright_forest,red_basket,5,0,0,1,red_gnome,bright_forest,red_basket,459,2,-6,57,0,114,1,1,,,,,,,,,,,,,,,,,,,,,,,,,,,,,,,,,,,,,,,,,,,,,,,,,,,,,,,,,,,,,,,,,,,,,,,,,,,,,,,,,,,,,,,,,,,,,,,,,,,,,,,,,,,,,
,,,,,,,,,,,,,,,,,,,,,,,,,,,,,,,,,724182,001,2024-02-21_16h16.39.137,experiment,2023.2.3,Win32,59.88023952,5e9430cc1ed15800084ffbb0,65d6198affd23d61dc0b5257,65d621bc979b6efb5b44f788,,,,,,,,,,,,,,,,,,,,,,,,,,,,,,,,,,,,,,,,,,,,,,,,,,,,2,,,,,,,,,,,,,,,,,,,,,,,k,0.6262,,space,0.5744,,2,green_gnome,2,1,dark_forest,yellow_basket,red_gnome,2,7,bright_forest,red_basket,7,0,0,1,red_gnome,bright_forest,red_basket,466,0,1,57,1,115,1,1,,,,,,,,,,,,,,,,,,,,,,,,,,,,,,,,,,,,,,,,,,,,,,,,,,,,,,,,,,,,,,,,,,,,,,,,,,,,,,,,,,,,,,,,,,,,,,,,,,,,,,,,,,,,,
,,,,,,,,,,,,,,,,,,,,,,,,,,,,,,,,,724182,001,2024-02-21_16h16.39.137,experiment,2023.2.3,Win32,59.88023952,5e9430cc1ed15800084ffbb0,65d6198affd23d61dc0b5257,65d621bc979b6efb5b44f788,,,,,,,,,,,,,,,,,,,,,,,,,,,,,,,,,,,,,,,,,,,,,,,,,,,,1,,,,,,,,,,,,,,,,,,,,,,,s,0.6619,,,,,1,purple_gnome,1,7,bright_forest,red_basket,brown_gnomes,1,2,dark_forest,yellow_basket,0,0,1,0,purple_gnome,bright_forest,red_basket,466,-1,-1,58,0,116,0,1,,,,,,,,,,,,,,,,,,,,,,,,,,,,,,,,,,,,,,,,,,,,,,,,,,,,,,,,,,,,,,,,,,,,,,,,,,,,,,,,,,,,,,,,,,,,,,,,,,,,,,,,,,,,,
,,,,,,,,,,,,,,,,,,,,,,,,,,,,,,,,,724182,001,2024-02-21_16h16.39.137,experiment,2023.2.3,Win32,59.88023952,5e9430cc1ed15800084ffbb0,65d6198affd23d61dc0b5257,65d621bc979b6efb5b44f788,,,,,,,,,,,,,,,,,,,,,,,,,,,,,,,,,,,,,,,,,,,,,,,,,,,,2,,,,,,,,,,,,,,,,,,,,,,,k,0.7121,,space,0.399,,2,green_gnome,2,1,dark_forest,yellow_basket,red_gnome,2,6,bright_forest,red_basket,6,0,0,1,red_gnome,bright_forest,red_basket,472,2,4,58,1,117,1,1,,,,,,,,,,,,,,,,,,,,,,,,,,,,,,,,,,,,,,,,,,,,,,,,,,,,,,,,,,,,,,,,,,,,,,,,,,,,,,,,,,,,,,,,,,,,,,,,,,,,,,,,,,,,,
,,,,,,,,,,,,,,,,,,,,,,,,,,,,,,,,,724182,001,2024-02-21_16h16.39.137,experiment,2023.2.3,Win32,59.88023952,5e9430cc1ed15800084ffbb0,65d6198affd23d61dc0b5257,65d621bc979b6efb5b44f788,,,,,,,,,,,,,,,,,,,,,,,,,,,,,,,,,,,,,,,,,,,,,,,,,,,,1,,,,,,,,,,,,,,,,,,,,,,,k,0.7215,,space,0.4079,,1,brown_gnomes,1,5,dark_forest,yellow_basket,purple_gnome,1,8,bright_forest,red_basket,8,0,0,1,purple_gnome,bright_forest,red_basket,480,-1,0,59,0,118,0,1,,,,,,,,,,,,,,,,,,,,,,,,,,,,,,,,,,,,,,,,,,,,,,,,,,,,,,,,,,,,,,,,,,,,,,,,,,,,,,,,,,,,,,,,,,,,,,,,,,,,,,,,,,,,,
,,,,,,,,,,,,,,,,,,,,,,,,,,,,,,,,,724182,001,2024-02-21_16h16.39.137,experiment,2023.2.3,Win32,59.88023952,5e9430cc1ed15800084ffbb0,65d6198affd23d61dc0b5257,65d621bc979b6efb5b44f788,,,,,,,,,,,,,,,,,,,,,,,,,,,,,,,,,,,,,,,,,,,,,,,,,,,,2,,,,,,,,,,,,,,,,,,,,,,,s,0.6285,,space,0.3787,,2,red_gnome,2,7,bright_forest,red_basket,green_gnome,2,5,dark_forest,yellow_basket,7,0,0,1,red_gnome,bright_forest,red_basket,487,4,3,59,1,119,1,1,,,,,,,,,,,,,,,,,,,,,,,,,,,,,,,,,,,,,,,,,,,,,,,,,,,,,,,,,,,,,,,,,,,,,,,,,,,,,,,,,,,,,,,,,,,,,,,,,,,,,,,,,,,,,
,,,,,,,,,,,,,,,,,,,,,,,,,,,,,,,,,724182,001,2024-02-21_16h16.39.137,experiment,2023.2.3,Win32,59.88023952,5e9430cc1ed15800084ffbb0,65d6198affd23d61dc0b5257,65d621bc979b6efb5b44f788,,,,,,,,,,,,,,,,,,,,,,,,,,,,,,,,,,,,,,,,,,,,,,,,,,,,1,,,,,,,,,,,,,,,,,,,,,,,s,0.7616,,space,0.4666,,1,purple_gnome,1,7,bright_forest,red_basket,brown_gnomes,1,8,dark_forest,yellow_basket,7,0,0,1,purple_gnome,bright_forest,red_basket,494,-3,0,60,0,120,0,1,,,,,,,,,,,,,,,,,,,,,,,,,,,,,,,,,,,,,,,,,,,,,,,,,,,,,,,,,,,,,,,,,,,,,,,,,,,,,,,,,,,,,,,,,,,,,,,,,,,,,,,,,,,,,
,,,,,,,,,,,,,,,,,,,,,,,,,,,,,,,,,724182,001,2024-02-21_16h16.39.137,experiment,2023.2.3,Win32,59.88023952,5e9430cc1ed15800084ffbb0,65d6198affd23d61dc0b5257,65d621bc979b6efb5b44f788,,,,,,,,,,,,,,,,,,,,,,,,,,,,,,,,,,,,,,,,,,,,,,,,,,,,1,,,,,,,,,,,,,,,,,,,,,,,s,0.4873,,,,,1,purple_gnome,1,4,bright_forest,red_basket,brown_gnomes,1,8,dark_forest,yellow_basket,0,0,1,0,purple_gnome,bright_forest,red_basket,494,3,2,60,1,121,0,1,,,,,,,,,,,,,,,,,,,,,,,,,,,,,,,,,,,,,,,,,,,,,,,,,,,,,,,,,,,,,,,,,,,,,,,,,,,,,,,,,,,,,,,,,,,,,,,,,,,,,,,,,,,,,
,,,,,,,,,,,,,,,,,,,,,,,,,,,,,,,,,724182,001,2024-02-21_16h16.39.137,experiment,2023.2.3,Win32,59.88023952,5e9430cc1ed15800084ffbb0,65d6198affd23d61dc0b5257,65d621bc979b6efb5b44f788,,,,,,,,,,,,,,,,,,,,,,,,,,,,,,,,,,,,,,,,,,,,,,,,,,,,2,,,,,,,,,,,,,,,,,,,,,,,k,0.8115,,space,0.3905,,2,green_gnome,2,8,dark_forest,yellow_basket,red_gnome,2,7,bright_forest,red_basket,7,0,0,1,red_gnome,bright_forest,red_basket,501,0,0,61,0,122,1,1,,,,,,,,,,,,,,,,,,,,,,,,,,,,,,,,,,,,,,,,,,,,,,,,,,,,,,,,,,,,,,,,,,,,,,,,,,,,,,,,,,,,,,,,,,,,,,,,,,,,,,,,,,,,,
,,,,,,,,,,,,,,,,,,,,,,,,,,,,,,,,,724182,001,2024-02-21_16h16.39.137,experiment,2023.2.3,Win32,59.88023952,5e9430cc1ed15800084ffbb0,65d6198affd23d61dc0b5257,65d621bc979b6efb5b44f788,,,,,,,,,,,,,,,,,,,,,,,,,,,,,,,,,,,,,,,,,,,,,,,,,,,,1,,,,,,,,,,,,,,,,,,,,,,,k,0.5666,,space,0.3626,,1,brown_gnomes,1,8,dark_forest,yellow_basket,purple_gnome,1,7,bright_forest,red_basket,7,0,0,1,purple_gnome,bright_forest,red_basket,508,1,2,61,1,123,0,1,,,,,,,,,,,,,,,,,,,,,,,,,,,,,,,,,,,,,,,,,,,,,,,,,,,,,,,,,,,,,,,,,,,,,,,,,,,,,,,,,,,,,,,,,,,,,,,,,,,,,,,,,,,,,
,,,,,,,,,,,,,,,,,,,,,,,,,,,,,,,,,724182,001,2024-02-21_16h16.39.137,experiment,2023.2.3,Win32,59.88023952,5e9430cc1ed15800084ffbb0,65d6198affd23d61dc0b5257,65d621bc979b6efb5b44f788,,,,,,,,,,,,,,,,,,,,,,,,,,,,,,,,,,,,,,,,,,,,,,,,,,,,1,,,,,,,,,,,,,,,,,,,,,,,s,0.6575,,space,0.4349,,1,purple_gnome,1,8,bright_forest,red_basket,brown_gnomes,1,8,dark_forest,yellow_basket,8,0,0,1,purple_gnome,bright_forest,red_basket,516,2,-2,62,0,124,0,1,,,,,,,,,,,,,,,,,,,,,,,,,,,,,,,,,,,,,,,,,,,,,,,,,,,,,,,,,,,,,,,,,,,,,,,,,,,,,,,,,,,,,,,,,,,,,,,,,,,,,,,,,,,,,
,,,,,,,,,,,,,,,,,,,,,,,,,,,,,,,,,724182,001,2024-02-21_16h16.39.137,experiment,2023.2.3,Win32,59.88023952,5e9430cc1ed15800084ffbb0,65d6198affd23d61dc0b5257,65d621bc979b6efb5b44f788,,,,,,,,,,,,,,,,,,,,,,,,,,,,,,,,,,,,,,,,,,,,,,,,,,,,1,,,,,,,,,,,,,,,,,,,,,,,s,0.5594,,space,0.4588,,1,purple_gnome,1,8,bright_forest,red_basket,brown_gnomes,1,6,dark_forest,yellow_basket,8,0,0,1,purple_gnome,bright_forest,red_basket,524,-3,4,62,1,125,0,1,,,,,,,,,,,,,,,,,,,,,,,,,,,,,,,,,,,,,,,,,,,,,,,,,,,,,,,,,,,,,,,,,,,,,,,,,,,,,,,,,,,,,,,,,,,,,,,,,,,,,,,,,,,,,
,,,,,,,,,,,,,,,,,,,,,,,,,,,,,,,,,724182,001,2024-02-21_16h16.39.137,experiment,2023.2.3,Win32,59.88023952,5e9430cc1ed15800084ffbb0,65d6198affd23d61dc0b5257,65d621bc979b6efb5b44f788,,,,,,,,,,,,,,,,,,,,,,,,,,,,,,,,,,,,,,,,,,,,,,,,,,,,1,,,,,,,,,,,,,,,,,,,,,,,s,0.5046,,space,0.3681,,1,purple_gnome,1,5,bright_forest,red_basket,brown_gnomes,1,8,dark_forest,yellow_basket,5,0,0,1,purple_gnome,bright_forest,red_basket,529,-2,-1,63,0,126,0,1,,,,,,,,,,,,,,,,,,,,,,,,,,,,,,,,,,,,,,,,,,,,,,,,,,,,,,,,,,,,,,,,,,,,,,,,,,,,,,,,,,,,,,,,,,,,,,,,,,,,,,,,,,,,,
,,,,,,,,,,,,,,,,,,,,,,,,,,,,,,,,,724182,001,2024-02-21_16h16.39.137,experiment,2023.2.3,Win32,59.88023952,5e9430cc1ed15800084ffbb0,65d6198affd23d61dc0b5257,65d621bc979b6efb5b44f788,,,,,,,,,,,,,,,,,,,,,,,,,,,,,,,,,,,,,,,,,,,,,,,,,,,,1,,,,,,,,,,,,,,,,,,,,,,,s,0.5133,,space,0.6315,,1,purple_gnome,1,3,bright_forest,red_basket,brown_gnomes,1,7,dark_forest,yellow_basket,3,0,0,1,purple_gnome,bright_forest,red_basket,532,4,-1,63,1,127,0,1,,,,,,,,,,,,,,,,,,,,,,,,,,,,,,,,,,,,,,,,,,,,,,,,,,,,,,,,,,,,,,,,,,,,,,,,,,,,,,,,,,,,,,,,,,,,,,,,,,,,,,,,,,,,,
,,,,,,,,,,,,,,,,,,,,,,,,,,,,,,,,,724182,001,2024-02-21_16h16.39.137,experiment,2023.2.3,Win32,59.88023952,5e9430cc1ed15800084ffbb0,65d6198affd23d61dc0b5257,65d621bc979b6efb5b44f788,,,,,,,,,,,,,,,,,,,,,,,,,,,,,,,,,,,,,,,,,,,,,,,,,,,,1,,,,,,,,,,,,,,,,,,,,,,,s,0.5199,,space,0.5955,,1,purple_gnome,1,7,bright_forest,red_basket,brown_gnomes,1,6,dark_forest,yellow_basket,7,0,0,1,purple_gnome,bright_forest,red_basket,539,2,-1,64,0,128,0,1,,,,,,,,,,,,,,,,,,,,,,,,,,,,,,,,,,,,,,,,,,,,,,,,,,,,,,,,,,,,,,,,,,,,,,,,,,,,,,,,,,,,,,,,,,,,,,,,,,,,,,,,,,,,,
,,,,,,,,,,,,,,,,,,,,,,,,,,,,,,,,,724182,001,2024-02-21_16h16.39.137,experiment,2023.2.3,Win32,59.88023952,5e9430cc1ed15800084ffbb0,65d6198affd23d61dc0b5257,65d621bc979b6efb5b44f788,,,,,,,,,,,,,,,,,,,,,,,,,,,,,,,,,,,,,,,,,,,,,,,,,,,,2,,,,,,,,,,,,,,,,,,,,,,,k,0.8925,,space,0.1129,,2,green_gnome,2,5,dark_forest,yellow_basket,red_gnome,2,9,bright_forest,red_basket,9,0,0,1,red_gnome,bright_forest,red_basket,548,-1,-3,64,1,129,1,1,,,,,,,,,,,,,,,,,,,,,,,,,,,,,,,,,,,,,,,,,,,,,,,,,,,,,,,,,,,,,,,,,,,,,,,,,,,,,,,,,,,,,,,,,,,,,,,,,,,,,,,,,,,,,
,,,,,,,,,,,,,,,,,,,,,,,,,,,,,,,,,724182,001,2024-02-21_16h16.39.137,experiment,2023.2.3,Win32,59.88023952,5e9430cc1ed15800084ffbb0,65d6198affd23d61dc0b5257,65d621bc979b6efb5b44f788,,,,,,,,,,,,,,,,,,,,,,,,,,,,,,,,,,,,,,,,,,,,,,,,,,,,1,,,,,,,,,,,,,,,,,,,,,,,s,0.6247,,space,0.1074,0.0013,1,purple_gnome,1,8,bright_forest,red_basket,brown_gnomes,1,2,dark_forest,yellow_basket,8,0,0,1,purple_gnome,bright_forest,red_basket,556,-4,2,65,0,130,0,1,,,,,,,,,,,,,,,,,,,,,,,,,,,,,,,,,,,,,,,,,,,,,,,,,,,,,,,,,,,,,,,,,,,,,,,,,,,,,,,,,,,,,,,,,,,,,,,,,,,,,,,,,,,,,
,,,,,,,,,,,,,,,,,,,,,,,,,,,,,,,,,724182,001,2024-02-21_16h16.39.137,experiment,2023.2.3,Win32,59.88023952,5e9430cc1ed15800084ffbb0,65d6198affd23d61dc0b5257,65d621bc979b6efb5b44f788,,,,,,,,,,,,,,,,,,,,,,,,,,,,,,,,,,,,,,,,,,,,,,,,,,,,1,,,,,,,,,,,,,,,,,,,,,,,k,0.8839,,space,0.3181,,1,brown_gnomes,1,4,dark_forest,yellow_basket,purple_gnome,1,4,bright_forest,red_basket,4,0,0,1,purple_gnome,bright_forest,red_basket,560,2,0,65,1,131,0,1,,,,,,,,,,,,,,,,,,,,,,,,,,,,,,,,,,,,,,,,,,,,,,,,,,,,,,,,,,,,,,,,,,,,,,,,,,,,,,,,,,,,,,,,,,,,,,,,,,,,,,,,,,,,,
,,,,,,,,,,,,,,,,,,,,,,,,,,,,,,,,,724182,001,2024-02-21_16h16.39.137,experiment,2023.2.3,Win32,59.88023952,5e9430cc1ed15800084ffbb0,65d6198affd23d61dc0b5257,65d621bc979b6efb5b44f788,,,,,,,,,,,,,,,,,,,,,,,,,,,,,,,,,,,,,,,,,,,,,,,,,,,,1,,,,,,,,,,,,,,,,,,,,,,,k,0.5787,,,,,1,brown_gnomes,1,4,dark_forest,yellow_basket,purple_gnome,1,6,bright_forest,red_basket,0,0,1,0,purple_gnome,bright_forest,red_basket,560,1,-2,66,0,132,0,1,,,,,,,,,,,,,,,,,,,,,,,,,,,,,,,,,,,,,,,,,,,,,,,,,,,,,,,,,,,,,,,,,,,,,,,,,,,,,,,,,,,,,,,,,,,,,,,,,,,,,,,,,,,,,
,,,,,,,,,,,,,,,,,,,,,,,,,,,,,,,,,724182,001,2024-02-21_16h16.39.137,experiment,2023.2.3,Win32,59.88023952,5e9430cc1ed15800084ffbb0,65d6198affd23d61dc0b5257,65d621bc979b6efb5b44f788,,,,,,,,,,,,,,,,,,,,,,,,,,,,,,,,,,,,,,,,,,,,,,,,,,,,1,,,,,,,,,,,,,,,,,,,,,,,k,0.5493,,space,0.3499,,1,brown_gnomes,1,2,dark_forest,yellow_basket,purple_gnome,1,7,bright_forest,red_basket,7,0,0,1,purple_gnome,bright_forest,red_basket,567,-3,-1,66,1,133,0,1,,,,,,,,,,,,,,,,,,,,,,,,,,,,,,,,,,,,,,,,,,,,,,,,,,,,,,,,,,,,,,,,,,,,,,,,,,,,,,,,,,,,,,,,,,,,,,,,,,,,,,,,,,,,,
,,,,,,,,,,,,,,,,,,,,,,,,,,,,,,,,,724182,001,2024-02-21_16h16.39.137,experiment,2023.2.3,Win32,59.88023952,5e9430cc1ed15800084ffbb0,65d6198affd23d61dc0b5257,65d621bc979b6efb5b44f788,,,,,,,,,,,,,,,,,,,,,,,,,,,,,,,,,,,,,,,,,,,,,,,,,,,,2,,,,,,,,,,,,,,,,,,,,,,,s,0.7981,,space,0.5566,,2,red_gnome,2,4,bright_forest,red_basket,green_gnome,2,1,dark_forest,yellow_basket,4,0,0,1,red_gnome,bright_forest,red_basket,571,-2,-2,67,0,134,1,1,,,,,,,,,,,,,,,,,,,,,,,,,,,,,,,,,,,,,,,,,,,,,,,,,,,,,,,,,,,,,,,,,,,,,,,,,,,,,,,,,,,,,,,,,,,,,,,,,,,,,,,,,,,,,
,,,,,,,,,,,,,,,,,,,,,,,,,,,,,,,,,724182,001,2024-02-21_16h16.39.137,experiment,2023.2.3,Win32,59.88023952,5e9430cc1ed15800084ffbb0,65d6198affd23d61dc0b5257,65d621bc979b6efb5b44f788,,,,,,,,,,,,,,,,,,,,,,,,,,,,,,,,,,,,,,,,,,,,,,,,,,,,2,,,,,,,,,,,,,,,,,,,,,,,k,0.8933,,space,0.4648,,2,green_gnome,2,1,dark_forest,yellow_basket,red_gnome,2,2,bright_forest,red_basket,2,0,0,1,red_gnome,bright_forest,red_basket,573,0,0,67,1,135,1,1,,,,,,,,,,,,,,,,,,,,,,,,,,,,,,,,,,,,,,,,,,,,,,,,,,,,,,,,,,,,,,,,,,,,,,,,,,,,,,,,,,,,,,,,,,,,,,,,,,,,,,,,,,,,,
,,,,,,,,,,,,,,,,,,,,,,,,,,,,,,,,,724182,001,2024-02-21_16h16.39.137,experiment,2023.2.3,Win32,59.88023952,5e9430cc1ed15800084ffbb0,65d6198affd23d61dc0b5257,65d621bc979b6efb5b44f788,,,,,,,,,,,,,,,,,,,,,,,,,,,,,,,,,,,,,,,,,,,,,,,,,,,,2,,,,,,,,,,,,,,,,,,,,,,,k,0.7291,,space,0.5013,,2,green_gnome,2,1,dark_forest,yellow_basket,red_gnome,2,2,bright_forest,red_basket,2,0,0,1,red_gnome,bright_forest,red_basket,575,-2,-3,68,0,136,1,1,,,,,,,,,,,,,,,,,,,,,,,,,,,,,,,,,,,,,,,,,,,,,,,,,,,,,,,,,,,,,,,,,,,,,,,,,,,,,,,,,,,,,,,,,,,,,,,,,,,,,,,,,,,,,
,,,,,,,,,,,,,,,,,,,,,,,,,,,,,,,,,724182,001,2024-02-21_16h16.39.137,experiment,2023.2.3,Win32,59.88023952,5e9430cc1ed15800084ffbb0,65d6198affd23d61dc0b5257,65d621bc979b6efb5b44f788,,,,,,,,,,,,,,,,,,,,,,,,,,,,,,,,,,,,,,,,,,,,,,,,,,,,2,,,,,,,,,,,,,,,,,,,,,,,s,0.6285,,space,0.1421,,2,red_gnome,2,0,bright_forest,red_basket,green_gnome,2,2,dark_forest,yellow_basket,0,0,0,1,red_gnome,bright_forest,red_basket,575,-1,-2,68,1,137,1,1,,,,,,,,,,,,,,,,,,,,,,,,,,,,,,,,,,,,,,,,,,,,,,,,,,,,,,,,,,,,,,,,,,,,,,,,,,,,,,,,,,,,,,,,,,,,,,,,,,,,,,,,,,,,,
,,,,,,,,,,,,,,,,,,,,,,,,,,,,,,,,,724182,001,2024-02-21_16h16.39.137,experiment,2023.2.3,Win32,59.88023952,5e9430cc1ed15800084ffbb0,65d6198affd23d61dc0b5257,65d621bc979b6efb5b44f788,,,,,,,,,,,,,,,,,,,,,,,,,,,,,,,,,,,,,,,,,,,,,,,,,,,,2,,,,,,,,,,,,,,,,,,,,,,,k,0.6769,,space,0.7988,,2,red_gnome,2,1,bright_forest,red_basket,green_gnome,2,0,dark_forest,yellow_basket,0,0,0,1,green_gnome,dark_forest,yellow_basket,575,-3,3,69,0,138,1,1,,,,,,,,,,,,,,,,,,,,,,,,,,,,,,,,,,,,,,,,,,,,,,,,,,,,,,,,,,,,,,,,,,,,,,,,,,,,,,,,,,,,,,,,,,,,,,,,,,,,,,,,,,,,,
,,,,,,,,,,,,,,,,,,,,,,,,,,,,,,,,,724182,001,2024-02-21_16h16.39.137,experiment,2023.2.3,Win32,59.88023952,5e9430cc1ed15800084ffbb0,65d6198affd23d61dc0b5257,65d621bc979b6efb5b44f788,,,,,,,,,,,,,,,,,,,,,,,,,,,,,,,,,,,,,,,,,,,,,,,,,,,,2,,,,,,,,,,,,,,,,,,,,,,,s,0.5597,,,,,2,red_gnome,2,2,bright_forest,red_basket,green_gnome,2,3,dark_forest,yellow_basket,0,0,1,0,red_gnome,bright_forest,red_basket,575,1,2,69,1,139,1,1,,,,,,,,,,,,,,,,,,,,,,,,,,,,,,,,,,,,,,,,,,,,,,,,,,,,,,,,,,,,,,,,,,,,,,,,,,,,,,,,,,,,,,,,,,,,,,,,,,,,,,,,,,,,,
,,,,,,,,,,,,,,,,,,,,,,,,,,,,,,,,,724182,001,2024-02-21_16h16.39.137,experiment,2023.2.3,Win32,59.88023952,5e9430cc1ed15800084ffbb0,65d6198affd23d61dc0b5257,65d621bc979b6efb5b44f788,,,,,,,,,,,,,,,,,,,,,,,,,,,,,,,,,,,,,,,,,,,,,,,,,,,,2,,,,,,,,,,,,,,,,,,,,,,,k,0.5767,,space,0.5008,,2,green_gnome,2,5,dark_forest,yellow_basket,red_gnome,2,3,bright_forest,red_basket,3,0,0,1,red_gnome,bright_forest,red_basket,578,0,1,70,0,140,1,1,,,,,,,,,,,,,,,,,,,,,,,,,,,,,,,,,,,,,,,,,,,,,,,,,,,,,,,,,,,,,,,,,,,,,,,,,,,,,,,,,,,,,,,,,,,,,,,,,,,,,,,,,,,,,
,,,,,,,,,,,,,,,,,,,,,,,,,,,,,,,,,724182,001,2024-02-21_16h16.39.137,experiment,2023.2.3,Win32,59.88023952,5e9430cc1ed15800084ffbb0,65d6198affd23d61dc0b5257,65d621bc979b6efb5b44f788,,,,,,,,,,,,,,,,,,,,,,,,,,,,,,,,,,,,,,,,,,,,,,,,,,,,1,,,,,,,,,,,,,,,,,,,,,,,k,0.6008,,,,,1,brown_gnomes,1,6,dark_forest,yellow_basket,purple_gnome,1,3,bright_forest,red_basket,0,0,1,0,purple_gnome,bright_forest,red_basket,578,0,2,70,1,141,0,1,,,,,,,,,,,,,,,,,,,,,,,,,,,,,,,,,,,,,,,,,,,,,,,,,,,,,,,,,,,,,,,,,,,,,,,,,,,,,,,,,,,,,,,,,,,,,,,,,,,,,,,,,,,,,
,,,,,,,,,,,,,,,,,,,,,,,,,,,,,,,,,724182,001,2024-02-21_16h16.39.137,experiment,2023.2.3,Win32,59.88023952,5e9430cc1ed15800084ffbb0,65d6198affd23d61dc0b5257,65d621bc979b6efb5b44f788,,,,,,,,,,,,,,,,,,,,,,,,,,,,,,,,,,,,,,,,,,,,,,,,,,,,1,,,,,,,,,,,,,,,,,,,,,,,k,0.7105,,space,0.3697,,1,brown_gnomes,1,8,dark_forest,yellow_basket,purple_gnome,1,3,bright_forest,red_basket,3,0,0,1,purple_gnome,bright_forest,red_basket,581,0,0,71,0,142,0,1,,,,,,,,,,,,,,,,,,,,,,,,,,,,,,,,,,,,,,,,,,,,,,,,,,,,,,,,,,,,,,,,,,,,,,,,,,,,,,,,,,,,,,,,,,,,,,,,,,,,,,,,,,,,,
,,,,,,,,,,,,,,,,,,,,,,,,,,,,,,,,,724182,001,2024-02-21_16h16.39.137,experiment,2023.2.3,Win32,59.88023952,5e9430cc1ed15800084ffbb0,65d6198affd23d61dc0b5257,65d621bc979b6efb5b44f788,,,,,,,,,,,,,,,,,,,,,,,,,,,,,,,,,,,,,,,,,,,,,,,,,,,,1,,,,,,,,,,,,,,,,,,,,,,,k,0.7267,,,,,1,brown_gnomes,1,8,dark_forest,yellow_basket,purple_gnome,1,3,bright_forest,red_basket,0,0,1,0,purple_gnome,bright_forest,red_basket,581,-3,0,71,1,143,0,1,,,,,,,,,,,,,,,,,,,,,,,,,,,,,,,,,,,,,,,,,,,,,,,,,,,,,,,,,,,,,,,,,,,,,,,,,,,,,,,,,,,,,,,,,,,,,,,,,,,,,,,,,,,,,
,,,,,,,,,,,,,,,,,,,,,,,,,,,,,,,,,724182,001,2024-02-21_16h16.39.137,experiment,2023.2.3,Win32,59.88023952,5e9430cc1ed15800084ffbb0,65d6198affd23d61dc0b5257,65d621bc979b6efb5b44f788,,,,,,,,,,,,,,,,,,,,,,,,,,,,,,,,,,,,,,,,,,,,,,,,,,,,2,,,,,,,,,,,,,,,,,,,,,,,k,0.8783,,space,0.7941,,2,green_gnome,2,8,dark_forest,yellow_basket,red_gnome,2,0,bright_forest,red_basket,0,0,0,1,red_gnome,bright_forest,red_basket,581,3,1,72,0,144,1,1,,,,,,,,,,,,,,,,,,,,,,,,,,,,,,,,,,,,,,,,,,,,,,,,,,,,,,,,,,,,,,,,,,,,,,,,,,,,,,,,,,,,,,,,,,,,,,,,,,,,,,,,,,,,,
,,,,,,,,,,,,,,,,,,,,,,,,,,,,,,,,,724182,001,2024-02-21_16h16.39.137,experiment,2023.2.3,Win32,59.88023952,5e9430cc1ed15800084ffbb0,65d6198affd23d61dc0b5257,65d621bc979b6efb5b44f788,,,,,,,,,,,,,,,,,,,,,,,,,,,,,,,,,,,,,,,,,,,,,,,,,,,,1,,,,,,,,,,,,,,,,,,,,,,,s,0.9434,,space,0.3594,,1,brown_gnomes,1,9,dark_forest,yellow_basket,purple_gnome,1,3,bright_forest,red_basket,9,0,0,1,brown_gnomes,dark_forest,yellow_basket,590,-3,1,72,1,145,0,1,,,,,,,,,,,,,,,,,,,,,,,,,,,,,,,,,,,,,,,,,,,,,,,,,,,,,,,,,,,,,,,,,,,,,,,,,,,,,,,,,,,,,,,,,,,,,,,,,,,,,,,,,,,,,
,,,,,,,,,,,,,,,,,,,,,,,,,,,,,,,,,724182,001,2024-02-21_16h16.39.137,experiment,2023.2.3,Win32,59.88023952,5e9430cc1ed15800084ffbb0,65d6198affd23d61dc0b5257,65d621bc979b6efb5b44f788,,,,,,,,,,,,,,,,,,,,,,,,,,,,,,,,,,,,,,,,,,,,,,,,,,,,2,,,,,,,,,,,,,,,,,,,,,,,s,0.7917,,space,0.4267,,2,green_gnome,2,8,dark_forest,yellow_basket,red_gnome,2,0,bright_forest,red_basket,8,0,0,1,green_gnome,dark_forest,yellow_basket,598,-3,-2,73,0,146,1,1,,,,,,,,,,,,,,,,,,,,,,,,,,,,,,,,,,,,,,,,,,,,,,,,,,,,,,,,,,,,,,,,,,,,,,,,,,,,,,,,,,,,,,,,,,,,,,,,,,,,,,,,,,,,,
,,,,,,,,,,,,,,,,,,,,,,,,,,,,,,,,,724182,001,2024-02-21_16h16.39.137,experiment,2023.2.3,Win32,59.88023952,5e9430cc1ed15800084ffbb0,65d6198affd23d61dc0b5257,65d621bc979b6efb5b44f788,,,,,,,,,,,,,,,,,,,,,,,,,,,,,,,,,,,,,,,,,,,,,,,,,,,,1,,,,,,,,,,,,,,,,,,,,,,,s,0.7048,,space,0.4692,,1,brown_gnomes,1,6,dark_forest,yellow_basket,purple_gnome,1,3,bright_forest,red_basket,6,0,0,1,brown_gnomes,dark_forest,yellow_basket,604,-1,1,73,1,147,0,1,,,,,,,,,,,,,,,,,,,,,,,,,,,,,,,,,,,,,,,,,,,,,,,,,,,,,,,,,,,,,,,,,,,,,,,,,,,,,,,,,,,,,,,,,,,,,,,,,,,,,,,,,,,,,
,,,,,,,,,,,,,,,,,,,,,,,,,,,,,,,,,724182,001,2024-02-21_16h16.39.137,experiment,2023.2.3,Win32,59.88023952,5e9430cc1ed15800084ffbb0,65d6198affd23d61dc0b5257,65d621bc979b6efb5b44f788,,,,,,,,,,,,,,,,,,,,,,,,,,,,,,,,,,,,,,,,,,,,,,,,,,,,1,,,,,,,,,,,,,,,,,,,,,,,k,0.6595,,space,0.2675,,1,purple_gnome,1,2,bright_forest,red_basket,brown_gnomes,1,7,dark_forest,yellow_basket,7,0,0,1,brown_gnomes,dark_forest,yellow_basket,611,-3,0,74,0,148,0,1,,,,,,,,,,,,,,,,,,,,,,,,,,,,,,,,,,,,,,,,,,,,,,,,,,,,,,,,,,,,,,,,,,,,,,,,,,,,,,,,,,,,,,,,,,,,,,,,,,,,,,,,,,,,,
,,,,,,,,,,,,,,,,,,,,,,,,,,,,,,,,,724182,001,2024-02-21_16h16.39.137,experiment,2023.2.3,Win32,59.88023952,5e9430cc1ed15800084ffbb0,65d6198affd23d61dc0b5257,65d621bc979b6efb5b44f788,,,,,,,,,,,,,,,,,,,,,,,,,,,,,,,,,,,,,,,,,,,,,,,,,,,,1,,,,,,,,,,,,,,,,,,,,,,,k,0.939,,space,0.3298,,1,purple_gnome,1,1,bright_forest,red_basket,brown_gnomes,1,7,dark_forest,yellow_basket,7,0,0,1,brown_gnomes,dark_forest,yellow_basket,618,-4,2,74,1,149,0,1,,,,,,,,,,,,,,,,,,,,,,,,,,,,,,,,,,,,,,,,,,,,,,,,,,,,,,,,,,,,,,,,,,,,,,,,,,,,,,,,,,,,,,,,,,,,,,,,,,,,,,,,,,,,,
,,,,,,,,,,,,,,,,,,,,,,,,,,,,,,,,,724182,001,2024-02-21_16h16.39.137,experiment,2023.2.3,Win32,59.88023952,5e9430cc1ed15800084ffbb0,65d6198affd23d61dc0b5257,65d621bc979b6efb5b44f788,,,,,,,,,,,,,,,,,,,,,,,,,,,,,,,,,,,,,,,,,,,,,,,,,,,,2,,,,,,,,,,,,,,,,,,,,,,,k,0.5606,,space,0.2791,,2,red_gnome,2,3,bright_forest,red_basket,green_gnome,2,9,dark_forest,yellow_basket,9,0,0,1,green_gnome,dark_forest,yellow_basket,627,1,-1,75,0,150,1,1,,,,,,,,,,,,,,,,,,,,,,,,,,,,,,,,,,,,,,,,,,,,,,,,,,,,,,,,,,,,,,,,,,,,,,,,,,,,,,,,,,,,,,,,,,,,,,,,,,,,,,,,,,,,,
,,,,,,,,,,,,,,,,,,,,,,,,,,,,,,,,,724182,001,2024-02-21_16h16.39.137,experiment,2023.2.3,Win32,59.88023952,5e9430cc1ed15800084ffbb0,65d6198affd23d61dc0b5257,65d621bc979b6efb5b44f788,,,,,,,,,,,,,,,,,,,,,,,,,,,,,,,,,,,,,,,,,,,,,,,,,,,,2,,,,,,,,,,,,,,,,,,,,,,,s,0.5606,,space,0.4893,,2,green_gnome,2,8,dark_forest,yellow_basket,red_gnome,2,4,bright_forest,red_basket,8,0,0,1,green_gnome,dark_forest,yellow_basket,635,0,2,75,1,151,1,1,,,,,,,,,,,,,,,,,,,,,,,,,,,,,,,,,,,,,,,,,,,,,,,,,,,,,,,,,,,,,,,,,,,,,,,,,,,,,,,,,,,,,,,,,,,,,,,,,,,,,,,,,,,,,
,,,,,,,,,,,,,,,,,,,,,,,,,,,,,,,,,724182,001,2024-02-21_16h16.39.137,experiment,2023.2.3,Win32,59.88023952,5e9430cc1ed15800084ffbb0,65d6198affd23d61dc0b5257,65d621bc979b6efb5b44f788,,,,,,,,,,,,,,,,,,,,,,,,,,,,,,,,,,,,,,,,,,,,,,,,,,,,2,,,,,,,,,,,,,,,,,,,,,,,k,0.5584,,space,0.3515,,2,red_gnome,2,4,bright_forest,red_basket,green_gnome,2,8,dark_forest,yellow_basket,8,0,0,1,green_gnome,dark_forest,yellow_basket,643,0,0,76,0,152,1,1,,,,,,,,,,,,,,,,,,,,,,,,,,,,,,,,,,,,,,,,,,,,,,,,,,,,,,,,,,,,,,,,,,,,,,,,,,,,,,,,,,,,,,,,,,,,,,,,,,,,,,,,,,,,,
,,,,,,,,,,,,,,,,,,,,,,,,,,,,,,,,,724182,001,2024-02-21_16h16.39.137,experiment,2023.2.3,Win32,59.88023952,5e9430cc1ed15800084ffbb0,65d6198affd23d61dc0b5257,65d621bc979b6efb5b44f788,,,,,,,,,,,,,,,,,,,,,,,,,,,,,,,,,,,,,,,,,,,,,,,,,,,,1,,,,,,,,,,,,,,,,,,,,,,,s,0.6536,,space,0.3592,,1,brown_gnomes,1,8,dark_forest,yellow_basket,purple_gnome,1,4,bright_forest,red_basket,8,0,0,1,brown_gnomes,dark_forest,yellow_basket,651,2,1,76,1,153,0,1,,,,,,,,,,,,,,,,,,,,,,,,,,,,,,,,,,,,,,,,,,,,,,,,,,,,,,,,,,,,,,,,,,,,,,,,,,,,,,,,,,,,,,,,,,,,,,,,,,,,,,,,,,,,,
,,,,,,,,,,,,,,,,,,,,,,,,,,,,,,,,,724182,001,2024-02-21_16h16.39.137,experiment,2023.2.3,Win32,59.88023952,5e9430cc1ed15800084ffbb0,65d6198affd23d61dc0b5257,65d621bc979b6efb5b44f788,,,,,,,,,,,,,,,,,,,,,,,,,,,,,,,,,,,,,,,,,,,,,,,,,,,,1,,,,,,,,,,,,,,,,,,,,,,,k,0.5602,,space,0.4151,,1,purple_gnome,1,6,bright_forest,red_basket,brown_gnomes,1,9,dark_forest,yellow_basket,9,0,0,1,brown_gnomes,dark_forest,yellow_basket,660,-2,2,77,0,154,0,1,,,,,,,,,,,,,,,,,,,,,,,,,,,,,,,,,,,,,,,,,,,,,,,,,,,,,,,,,,,,,,,,,,,,,,,,,,,,,,,,,,,,,,,,,,,,,,,,,,,,,,,,,,,,,
,,,,,,,,,,,,,,,,,,,,,,,,,,,,,,,,,724182,001,2024-02-21_16h16.39.137,experiment,2023.2.3,Win32,59.88023952,5e9430cc1ed15800084ffbb0,65d6198affd23d61dc0b5257,65d621bc979b6efb5b44f788,,,,,,,,,,,,,,,,,,,,,,,,,,,,,,,,,,,,,,,,,,,,,,,,,,,,1,,,,,,,,,,,,,,,,,,,,,,,s,0.5728,,space,0.4279,,1,brown_gnomes,1,7,dark_forest,yellow_basket,purple_gnome,1,4,bright_forest,red_basket,7,0,0,1,brown_gnomes,dark_forest,yellow_basket,667,2,-1,77,1,155,0,1,,,,,,,,,,,,,,,,,,,,,,,,,,,,,,,,,,,,,,,,,,,,,,,,,,,,,,,,,,,,,,,,,,,,,,,,,,,,,,,,,,,,,,,,,,,,,,,,,,,,,,,,,,,,,
,,,,,,,,,,,,,,,,,,,,,,,,,,,,,,,,,724182,001,2024-02-21_16h16.39.137,experiment,2023.2.3,Win32,59.88023952,5e9430cc1ed15800084ffbb0,65d6198affd23d61dc0b5257,65d621bc979b6efb5b44f788,,,,,,,,,,,,,,,,,,,,,,,,,,,,,,,,,,,,,,,,,,,,,,,,,,,,2,,,,,,,,,,,,,,,,,,,,,,,s,0.5963,,space,0.5428,,2,green_gnome,2,6,dark_forest,yellow_basket,red_gnome,2,6,bright_forest,red_basket,6,0,0,1,green_gnome,dark_forest,yellow_basket,673,-4,0,78,0,156,1,1,,,,,,,,,,,,,,,,,,,,,,,,,,,,,,,,,,,,,,,,,,,,,,,,,,,,,,,,,,,,,,,,,,,,,,,,,,,,,,,,,,,,,,,,,,,,,,,,,,,,,,,,,,,,,
,,,,,,,,,,,,,,,,,,,,,,,,,,,,,,,,,724182,001,2024-02-21_16h16.39.137,experiment,2023.2.3,Win32,59.88023952,5e9430cc1ed15800084ffbb0,65d6198affd23d61dc0b5257,65d621bc979b6efb5b44f788,,,,,,,,,,,,,,,,,,,,,,,,,,,,,,,,,,,,,,,,,,,,,,,,,,,,2,,,,,,,,,,,,,,,,,,,,,,,k,0.5928,,space,0.3938,,2,red_gnome,2,2,bright_forest,red_basket,green_gnome,2,6,dark_forest,yellow_basket,6,0,0,1,green_gnome,dark_forest,yellow_basket,679,-2,-2,78,1,157,1,1,,,,,,,,,,,,,,,,,,,,,,,,,,,,,,,,,,,,,,,,,,,,,,,,,,,,,,,,,,,,,,,,,,,,,,,,,,,,,,,,,,,,,,,,,,,,,,,,,,,,,,,,,,,,,
,,,,,,,,,,,,,,,,,,,,,,,,,,,,,,,,,724182,001,2024-02-21_16h16.39.137,experiment,2023.2.3,Win32,59.88023952,5e9430cc1ed15800084ffbb0,65d6198affd23d61dc0b5257,65d621bc979b6efb5b44f788,,,,,,,,,,,,,,,,,,,,,,,,,,,,,,,,,,,,,,,,,,,,,,,,,,,,2,,,,,,,,,,,,,,,,,,,,,,,k,0.7767,,space,0.429,,2,red_gnome,2,0,bright_forest,red_basket,green_gnome,2,4,dark_forest,yellow_basket,4,0,0,1,green_gnome,dark_forest,yellow_basket,683,-3,-1,79,0,158,1,1,,,,,,,,,,,,,,,,,,,,,,,,,,,,,,,,,,,,,,,,,,,,,,,,,,,,,,,,,,,,,,,,,,,,,,,,,,,,,,,,,,,,,,,,,,,,,,,,,,,,,,,,,,,,,
,,,,,,,,,,,,,,,,,,,,,,,,,,,,,,,,,724182,001,2024-02-21_16h16.39.137,experiment,2023.2.3,Win32,59.88023952,5e9430cc1ed15800084ffbb0,65d6198affd23d61dc0b5257,65d621bc979b6efb5b44f788,,,,,,,,,,,,,,,,,,,,,,,,,,,,,,,,,,,,,,,,,,,,,,,,,,,,2,,,,,,,,,,,,,,,,,,,,,,,s,0.6275,,space,0.5633,,2,green_gnome,2,3,dark_forest,yellow_basket,red_gnome,2,3,bright_forest,red_basket,3,0,0,1,green_gnome,dark_forest,yellow_basket,686,-1,0,79,1,159,1,1,,,,,,,,,,,,,,,,,,,,,,,,,,,,,,,,,,,,,,,,,,,,,,,,,,,,,,,,,,,,,,,,,,,,,,,,,,,,,,,,,,,,,,,,,,,,,,,,,,,,,,,,,,,,,
,,,,,,,,,,,,,,,,,,,,,,,,,,,,,,,,,724182,001,2024-02-21_16h16.39.137,experiment,2023.2.3,Win32,59.88023952,5e9430cc1ed15800084ffbb0,65d6198affd23d61dc0b5257,65d621bc979b6efb5b44f788,,,,,,,,,,,,,,,,,,,,,,,,,,,,,,,,,,,,,,,,,,,,,,,,,,,,2,,,,,,,,,,,,,,,,,,,,,,,k,0.5598,,space,0.5597,,2,red_gnome,2,2,bright_forest,red_basket,green_gnome,2,3,dark_forest,yellow_basket,3,0,0,1,green_gnome,dark_forest,yellow_basket,689,-2,-1,80,0,160,1,1,,,,,,,,,,,,,,,,,,,,,,,,,,,,,,,,,,,,,,,,,,,,,,,,,,,,,,,,,,,,,,,,,,,,,,,,,,,,,,,,,,,,,,,,,,,,,,,,,,,,,,,,,,,,,
,,,,,,,,,,,,,,,,,,,,,,,,,,,,,,,,,724182,001,2024-02-21_16h16.39.137,experiment,2023.2.3,Win32,59.88023952,5e9430cc1ed15800084ffbb0,65d6198affd23d61dc0b5257,65d621bc979b6efb5b44f788,,,,,,,,,,,,,,,,,,,,,,,,,,,,,,,,,,,,,,,,,,,,,,,,,,,,1,,,,,,,,,,,,,,,,,,,,,,,s,0.5191,,space,1.0073,,1,brown_gnomes,1,2,dark_forest,yellow_basket,purple_gnome,1,0,bright_forest,red_basket,2,0,0,1,brown_gnomes,dark_forest,yellow_basket,691,-3,-3,80,1,161,0,1,,,,,,,,,,,,,,,,,,,,,,,,,,,,,,,,,,,,,,,,,,,,,,,,,,,,,,,,,,,,,,,,,,,,,,,,,,,,,,,,,,,,,,,,,,,,,,,,,,,,,,,,,,,,,
,,,,,,,,,,,,,,,,,,,,,,,,,,,,,,,,,724182,001,2024-02-21_16h16.39.137,experiment,2023.2.3,Win32,59.88023952,5e9430cc1ed15800084ffbb0,65d6198affd23d61dc0b5257,65d621bc979b6efb5b44f788,,,,,,,,,,,,,,,,,,,,,,,,,,,,,,,,,,,,,,,,,,,,,,,,,,,,1,,,,,,,,,,,,,,,,,,,,,,,s,0.5767,,space,0.6149,,1,brown_gnomes,1,1,dark_forest,yellow_basket,purple_gnome,1,3,bright_forest,red_basket,1,0,0,1,brown_gnomes,dark_forest,yellow_basket,692,1,1,81,0,162,0,1,,,,,,,,,,,,,,,,,,,,,,,,,,,,,,,,,,,,,,,,,,,,,,,,,,,,,,,,,,,,,,,,,,,,,,,,,,,,,,,,,,,,,,,,,,,,,,,,,,,,,,,,,,,,,
,,,,,,,,,,,,,,,,,,,,,,,,,,,,,,,,,724182,001,2024-02-21_16h16.39.137,experiment,2023.2.3,Win32,59.88023952,5e9430cc1ed15800084ffbb0,65d6198affd23d61dc0b5257,65d621bc979b6efb5b44f788,,,,,,,,,,,,,,,,,,,,,,,,,,,,,,,,,,,,,,,,,,,,,,,,,,,,1,,,,,,,,,,,,,,,,,,,,,,,s,0.5215,,space,0.3293,,1,brown_gnomes,1,2,dark_forest,yellow_basket,purple_gnome,1,4,bright_forest,red_basket,2,0,0,1,brown_gnomes,dark_forest,yellow_basket,694,0,1,81,1,163,0,1,,,,,,,,,,,,,,,,,,,,,,,,,,,,,,,,,,,,,,,,,,,,,,,,,,,,,,,,,,,,,,,,,,,,,,,,,,,,,,,,,,,,,,,,,,,,,,,,,,,,,,,,,,,,,
,,,,,,,,,,,,,,,,,,,,,,,,,,,,,,,,,724182,001,2024-02-21_16h16.39.137,experiment,2023.2.3,Win32,59.88023952,5e9430cc1ed15800084ffbb0,65d6198affd23d61dc0b5257,65d621bc979b6efb5b44f788,,,,,,,,,,,,,,,,,,,,,,,,,,,,,,,,,,,,,,,,,,,,,,,,,,,,1,,,,,,,,,,,,,,,,,,,,,,,s,0.5938,,space,0.5538,,1,brown_gnomes,1,3,dark_forest,yellow_basket,purple_gnome,1,4,bright_forest,red_basket,3,0,0,1,brown_gnomes,dark_forest,yellow_basket,697,1,3,82,0,164,0,1,,,,,,,,,,,,,,,,,,,,,,,,,,,,,,,,,,,,,,,,,,,,,,,,,,,,,,,,,,,,,,,,,,,,,,,,,,,,,,,,,,,,,,,,,,,,,,,,,,,,,,,,,,,,,
,,,,,,,,,,,,,,,,,,,,,,,,,,,,,,,,,724182,001,2024-02-21_16h16.39.137,experiment,2023.2.3,Win32,59.88023952,5e9430cc1ed15800084ffbb0,65d6198affd23d61dc0b5257,65d621bc979b6efb5b44f788,,,,,,,,,,,,,,,,,,,,,,,,,,,,,,,,,,,,,,,,,,,,,,,,,,,,1,,,,,,,,,,,,,,,,,,,,,,,s,0.5104,,space,0.4324,,1,brown_gnomes,1,6,dark_forest,yellow_basket,purple_gnome,1,5,bright_forest,red_basket,6,0,0,1,brown_gnomes,dark_forest,yellow_basket,703,3,0,82,1,165,0,1,,,,,,,,,,,,,,,,,,,,,,,,,,,,,,,,,,,,,,,,,,,,,,,,,,,,,,,,,,,,,,,,,,,,,,,,,,,,,,,,,,,,,,,,,,,,,,,,,,,,,,,,,,,,,
,,,,,,,,,,,,,,,,,,,,,,,,,,,,,,,,,724182,001,2024-02-21_16h16.39.137,experiment,2023.2.3,Win32,59.88023952,5e9430cc1ed15800084ffbb0,65d6198affd23d61dc0b5257,65d621bc979b6efb5b44f788,,,,,,,,,,,,,,,,,,,,,,,,,,,,,,,,,,,,,,,,,,,,,,,,,,,,2,,,,,,,,,,,,,,,,,,,,,,,k,0.9433,,space,0.6454,,2,red_gnome,2,8,bright_forest,red_basket,green_gnome,2,6,dark_forest,yellow_basket,6,0,0,1,green_gnome,dark_forest,yellow_basket,709,-1,-1,83,0,166,1,1,,,,,,,,,,,,,,,,,,,,,,,,,,,,,,,,,,,,,,,,,,,,,,,,,,,,,,,,,,,,,,,,,,,,,,,,,,,,,,,,,,,,,,,,,,,,,,,,,,,,,,,,,,,,,
,,,,,,,,,,,,,,,,,,,,,,,,,,,,,,,,,724182,001,2024-02-21_16h16.39.137,experiment,2023.2.3,Win32,59.88023952,5e9430cc1ed15800084ffbb0,65d6198affd23d61dc0b5257,65d621bc979b6efb5b44f788,,,,,,,,,,,,,,,,,,,,,,,,,,,,,,,,,,,,,,,,,,,,,,,,,,,,2,,,,,,,,,,,,,,,,,,,,,,,k,0.6096,,space,0.7359,,2,red_gnome,2,7,bright_forest,red_basket,green_gnome,2,5,dark_forest,yellow_basket,5,0,0,1,green_gnome,dark_forest,yellow_basket,714,1,2,83,1,167,1,1,,,,,,,,,,,,,,,,,,,,,,,,,,,,,,,,,,,,,,,,,,,,,,,,,,,,,,,,,,,,,,,,,,,,,,,,,,,,,,,,,,,,,,,,,,,,,,,,,,,,,,,,,,,,,
,,,,,,,,,,,,,,,,,,,,,,,,,,,,,,,,,724182,001,2024-02-21_16h16.39.137,experiment,2023.2.3,Win32,59.88023952,5e9430cc1ed15800084ffbb0,65d6198affd23d61dc0b5257,65d621bc979b6efb5b44f788,,,,,,,,,,,,,,,,,,,,,,,,,,,,,,,,,,,,,,,,,,,,,,,,,,,,1,,,,,,,,,,,,,,,,,,,,,,,s,0.6688,,space,0.0849,,1,brown_gnomes,1,7,dark_forest,yellow_basket,purple_gnome,1,8,bright_forest,red_basket,7,0,0,1,brown_gnomes,dark_forest,yellow_basket,721,-1,-1,84,0,168,0,1,,,,,,,,,,,,,,,,,,,,,,,,,,,,,,,,,,,,,,,,,,,,,,,,,,,,,,,,,,,,,,,,,,,,,,,,,,,,,,,,,,,,,,,,,,,,,,,,,,,,,,,,,,,,,
,,,,,,,,,,,,,,,,,,,,,,,,,,,,,,,,,724182,001,2024-02-21_16h16.39.137,experiment,2023.2.3,Win32,59.88023952,5e9430cc1ed15800084ffbb0,65d6198affd23d61dc0b5257,65d621bc979b6efb5b44f788,,,,,,,,,,,,,,,,,,,,,,,,,,,,,,,,,,,,,,,,,,,,,,,,,,,,2,,,,,,,,,,,,,,,,,,,,,,,s,0.6124,,space,0.5902,,2,green_gnome,2,6,dark_forest,yellow_basket,red_gnome,2,7,bright_forest,red_basket,6,0,0,1,green_gnome,dark_forest,yellow_basket,727,0,-2,84,1,169,1,1,,,,,,,,,,,,,,,,,,,,,,,,,,,,,,,,,,,,,,,,,,,,,,,,,,,,,,,,,,,,,,,,,,,,,,,,,,,,,,,,,,,,,,,,,,,,,,,,,,,,,,,,,,,,,
,,,,,,,,,,,,,,,,,,,,,,,,,,,,,,,,,724182,001,2024-02-21_16h16.39.137,experiment,2023.2.3,Win32,59.88023952,5e9430cc1ed15800084ffbb0,65d6198affd23d61dc0b5257,65d621bc979b6efb5b44f788,,,,,,,,,,,,,,,,,,,,,,,,,,,,,,,,,,,,,,,,,,,,,,,,,,,,1,,,,,,,,,,,,,,,,,,,,,,,s,0.6107,,space,0.3341,,1,brown_gnomes,1,4,dark_forest,yellow_basket,purple_gnome,1,7,bright_forest,red_basket,4,0,0,1,brown_gnomes,dark_forest,yellow_basket,731,0,1,85,0,170,0,1,,,,,,,,,,,,,,,,,,,,,,,,,,,,,,,,,,,,,,,,,,,,,,,,,,,,,,,,,,,,,,,,,,,,,,,,,,,,,,,,,,,,,,,,,,,,,,,,,,,,,,,,,,,,,
,,,,,,,,,,,,,,,,,,,,,,,,,,,,,,,,,724182,001,2024-02-21_16h16.39.137,experiment,2023.2.3,Win32,59.88023952,5e9430cc1ed15800084ffbb0,65d6198affd23d61dc0b5257,65d621bc979b6efb5b44f788,,,,,,,,,,,,,,,,,,,,,,,,,,,,,,,,,,,,,,,,,,,,,,,,,,,,1,,,,,,,,,,,,,,,,,,,,,,,s,0.5927,,space,0.5457,,1,brown_gnomes,1,5,dark_forest,yellow_basket,purple_gnome,1,7,bright_forest,red_basket,5,0,0,1,brown_gnomes,dark_forest,yellow_basket,736,2,3,85,1,171,0,1,,,,,,,,,,,,,,,,,,,,,,,,,,,,,,,,,,,,,,,,,,,,,,,,,,,,,,,,,,,,,,,,,,,,,,,,,,,,,,,,,,,,,,,,,,,,,,,,,,,,,,,,,,,,,
,,,,,,,,,,,,,,,,,,,,,,,,,,,,,,,,,724182,001,2024-02-21_16h16.39.137,experiment,2023.2.3,Win32,59.88023952,5e9430cc1ed15800084ffbb0,65d6198affd23d61dc0b5257,65d621bc979b6efb5b44f788,,,,,,,,,,,,,,,,,,,,,,,,,,,,,,,,,,,,,,,,,,,,,,,,,,,,2,,,,,,,,,,,,,,,,,,,,,,,s,0.6261,,space,0.9676,,2,green_gnome,2,8,dark_forest,yellow_basket,red_gnome,2,9,bright_forest,red_basket,8,0,0,1,green_gnome,dark_forest,yellow_basket,744,0,0,86,0,172,1,1,,,,,,,,,,,,,,,,,,,,,,,,,,,,,,,,,,,,,,,,,,,,,,,,,,,,,,,,,,,,,,,,,,,,,,,,,,,,,,,,,,,,,,,,,,,,,,,,,,,,,,,,,,,,,
,,,,,,,,,,,,,,,,,,,,,,,,,,,,,,,,,724182,001,2024-02-21_16h16.39.137,experiment,2023.2.3,Win32,59.88023952,5e9430cc1ed15800084ffbb0,65d6198affd23d61dc0b5257,65d621bc979b6efb5b44f788,,,,,,,,,,,,,,,,,,,,,,,,,,,,,,,,,,,,,,,,,,,,,,,,,,,,2,,,,,,,,,,,,,,,,,,,,,,,k,0.8594,,space,0.6441,,2,red_gnome,2,9,bright_forest,red_basket,green_gnome,2,8,dark_forest,yellow_basket,8,0,0,1,green_gnome,dark_forest,yellow_basket,752,1,-1,86,1,173,1,1,,,,,,,,,,,,,,,,,,,,,,,,,,,,,,,,,,,,,,,,,,,,,,,,,,,,,,,,,,,,,,,,,,,,,,,,,,,,,,,,,,,,,,,,,,,,,,,,,,,,,,,,,,,,,
,,,,,,,,,,,,,,,,,,,,,,,,,,,,,,,,,724182,001,2024-02-21_16h16.39.137,experiment,2023.2.3,Win32,59.88023952,5e9430cc1ed15800084ffbb0,65d6198affd23d61dc0b5257,65d621bc979b6efb5b44f788,,,,,,,,,,,,,,,,,,,,,,,,,,,,,,,,,,,,,,,,,,,,,,,,,,,,2,,,,,,,,,,,,,,,,,,,,,,,s,0.8949,,space,0.4375,,2,red_gnome,2,8,bright_forest,red_basket,green_gnome,2,7,dark_forest,yellow_basket,8,0,0,1,red_gnome,bright_forest,red_basket,760,1,1,87,0,174,1,1,,,,,,,,,,,,,,,,,,,,,,,,,,,,,,,,,,,,,,,,,,,,,,,,,,,,,,,,,,,,,,,,,,,,,,,,,,,,,,,,,,,,,,,,,,,,,,,,,,,,,,,,,,,,,
,,,,,,,,,,,,,,,,,,,,,,,,,,,,,,,,,724182,001,2024-02-21_16h16.39.137,experiment,2023.2.3,Win32,59.88023952,5e9430cc1ed15800084ffbb0,65d6198affd23d61dc0b5257,65d621bc979b6efb5b44f788,,,,,,,,,,,,,,,,,,,,,,,,,,,,,,,,,,,,,,,,,,,,,,,,,,,,1,,,,,,,,,,,,,,,,,,,,,,,k,1.0051,,space,1.0417,,1,purple_gnome,1,9,bright_forest,red_basket,brown_gnomes,1,8,dark_forest,yellow_basket,8,0,0,1,brown_gnomes,dark_forest,yellow_basket,768,0,1,87,1,175,0,1,,,,,,,,,,,,,,,,,,,,,,,,,,,,,,,,,,,,,,,,,,,,,,,,,,,,,,,,,,,,,,,,,,,,,,,,,,,,,,,,,,,,,,,,,,,,,,,,,,,,,,,,,,,,,
,,,,,,,,,,,,,,,,,,,,,,,,,,,,,,,,,724182,001,2024-02-21_16h16.39.137,experiment,2023.2.3,Win32,59.88023952,5e9430cc1ed15800084ffbb0,65d6198affd23d61dc0b5257,65d621bc979b6efb5b44f788,,,,,,,,,,,,,,,,,,,,,,,,,,,,,,,,,,,,,,,,,,,,,,,,,,,,1,,,,,,,,,,,,,,,,,,,,,,,s,0.7109,,space,0.7124,,1,purple_gnome,1,9,bright_forest,red_basket,brown_gnomes,1,9,dark_forest,yellow_basket,9,0,0,1,purple_gnome,bright_forest,red_basket,777,2,-2,88,0,176,0,1,,,,,,,,,,,,,,,,,,,,,,,,,,,,,,,,,,,,,,,,,,,,,,,,,,,,,,,,,,,,,,,,,,,,,,,,,,,,,,,,,,,,,,,,,,,,,,,,,,,,,,,,,,,,,
,,,,,,,,,,,,,,,,,,,,,,,,,,,,,,,,,724182,001,2024-02-21_16h16.39.137,experiment,2023.2.3,Win32,59.88023952,5e9430cc1ed15800084ffbb0,65d6198affd23d61dc0b5257,65d621bc979b6efb5b44f788,,,,,,,,,,,,,,,,,,,,,,,,,,,,,,,,,,,,,,,,,,,,,,,,,,,,1,,,,,,,,,,,,,,,,,,,,,,,k,0.6429,,space,0.391,,1,brown_gnomes,1,7,dark_forest,yellow_basket,purple_gnome,1,7,bright_forest,red_basket,7,0,0,1,purple_gnome,bright_forest,red_basket,784,-2,2,88,1,177,0,1,,,,,,,,,,,,,,,,,,,,,,,,,,,,,,,,,,,,,,,,,,,,,,,,,,,,,,,,,,,,,,,,,,,,,,,,,,,,,,,,,,,,,,,,,,,,,,,,,,,,,,,,,,,,,
,,,,,,,,,,,,,,,,,,,,,,,,,,,,,,,,,724182,001,2024-02-21_16h16.39.137,experiment,2023.2.3,Win32,59.88023952,5e9430cc1ed15800084ffbb0,65d6198affd23d61dc0b5257,65d621bc979b6efb5b44f788,,,,,,,,,,,,,,,,,,,,,,,,,,,,,,,,,,,,,,,,,,,,,,,,,,,,1,,,,,,,,,,,,,,,,,,,,,,,s,0.5426,,space,0.6349,,1,purple_gnome,1,5,bright_forest,red_basket,brown_gnomes,1,9,dark_forest,yellow_basket,5,0,0,1,purple_gnome,bright_forest,red_basket,789,-1,0,89,0,178,0,1,,,,,,,,,,,,,,,,,,,,,,,,,,,,,,,,,,,,,,,,,,,,,,,,,,,,,,,,,,,,,,,,,,,,,,,,,,,,,,,,,,,,,,,,,,,,,,,,,,,,,,,,,,,,,
,,,,,,,,,,,,,,,,,,,,,,,,,,,,,,,,,724182,001,2024-02-21_16h16.39.137,experiment,2023.2.3,Win32,59.88023952,5e9430cc1ed15800084ffbb0,65d6198affd23d61dc0b5257,65d621bc979b6efb5b44f788,,,,,,,,,,,,,,,,,,,,,,,,,,,,,,,,,,,,,,,,,,,,,,,,,,,,2,,,,,,,,,,,,,,,,,,,,,,,k,0.7448,,space,0.5656,,2,green_gnome,2,9,dark_forest,yellow_basket,red_gnome,2,4,bright_forest,red_basket,4,0,0,1,red_gnome,bright_forest,red_basket,793,2,1,89,1,179,1,1,,,,,,,,,,,,,,,,,,,,,,,,,,,,,,,,,,,,,,,,,,,,,,,,,,,,,,,,,,,,,,,,,,,,,,,,,,,,,,,,,,,,,,,,,,,,,,,,,,,,,,,,,,,,,
,,,,,,,,,,,,,,,,,,,,,,,,,,,,,,,,,724182,001,2024-02-21_16h16.39.137,experiment,2023.2.3,Win32,59.88023952,5e9430cc1ed15800084ffbb0,65d6198affd23d61dc0b5257,65d621bc979b6efb5b44f788,,,,,,,,,,,,,,,,,,,,,,,,,,,,,,,,,,,,,,,,,,,,,,,,,,,,2,,,,,,,,,,,,,,,,,,,,,,,s,0.7763,,space,0.1185,,2,green_gnome,2,8,dark_forest,yellow_basket,red_gnome,2,6,bright_forest,red_basket,8,0,0,1,green_gnome,dark_forest,yellow_basket,801,5,2,90,0,180,1,1,,,,,,,,,,,,,,,,,,,,,,,,,,,,,,,,,,,,,,,,,,,,,,,,,,,,,,,,,,,,,,,,,,,,,,,,,,,,,,,,,,,,,,,,,,,,,,,,,,,,,,,,,,,,,
,,,,,,,,,,,,,,,,,,,,,,,,,,,,,,,,,724182,001,2024-02-21_16h16.39.137,experiment,2023.2.3,Win32,59.88023952,5e9430cc1ed15800084ffbb0,65d6198affd23d61dc0b5257,65d621bc979b6efb5b44f788,,,,,,,,,,,,,,,,,,,,,,,,,,,,,,,,,,,,,,,,,,,,,,,,,,,,1,,,,,,,,,,,,,,,,,,,,,,,s,0.5491,,space,0.4687,,1,brown_gnomes,1,8,dark_forest,yellow_basket,purple_gnome,1,7,bright_forest,red_basket,8,0,0,1,brown_gnomes,dark_forest,yellow_basket,809,1,-1,90,1,181,0,1,,,,,,,,,,,,,,,,,,,,,,,,,,,,,,,,,,,,,,,,,,,,,,,,,,,,,,,,,,,,,,,,,,,,,,,,,,,,,,,,,,,,,,,,,,,,,,,,,,,,,,,,,,,,,
,,,,,,,,,,,,,,,,,,,,,,,,,,,,,,,,,724182,001,2024-02-21_16h16.39.137,experiment,2023.2.3,Win32,59.88023952,5e9430cc1ed15800084ffbb0,65d6198affd23d61dc0b5257,65d621bc979b6efb5b44f788,,,,,,,,,,,,,,,,,,,,,,,,,,,,,,,,,,,,,,,,,,,,,,,,,,,,2,,,,,,,,,,,,,,,,,,,,,,,s,0.9208,,space,0.6452,,2,green_gnome,2,7,dark_forest,yellow_basket,red_gnome,2,8,bright_forest,red_basket,7,0,0,1,green_gnome,dark_forest,yellow_basket,816,0,2,91,0,182,1,1,,,,,,,,,,,,,,,,,,,,,,,,,,,,,,,,,,,,,,,,,,,,,,,,,,,,,,,,,,,,,,,,,,,,,,,,,,,,,,,,,,,,,,,,,,,,,,,,,,,,,,,,,,,,,
,,,,,,,,,,,,,,,,,,,,,,,,,,,,,,,,,724182,001,2024-02-21_16h16.39.137,experiment,2023.2.3,Win32,59.88023952,5e9430cc1ed15800084ffbb0,65d6198affd23d61dc0b5257,65d621bc979b6efb5b44f788,,,,,,,,,,,,,,,,,,,,,,,,,,,,,,,,,,,,,,,,,,,,,,,,,,,,2,,,,,,,,,,,,,,,,,,,,,,,k,0.6592,,space,0.5853,,2,red_gnome,2,8,bright_forest,red_basket,green_gnome,2,9,dark_forest,yellow_basket,9,0,0,1,green_gnome,dark_forest,yellow_basket,825,-1,1,91,1,183,1,1,,,,,,,,,,,,,,,,,,,,,,,,,,,,,,,,,,,,,,,,,,,,,,,,,,,,,,,,,,,,,,,,,,,,,,,,,,,,,,,,,,,,,,,,,,,,,,,,,,,,,,,,,,,,,
,,,,,,,,,,,,,,,,,,,,,,,,,,,,,,,,,724182,001,2024-02-21_16h16.39.137,experiment,2023.2.3,Win32,59.88023952,5e9430cc1ed15800084ffbb0,65d6198affd23d61dc0b5257,65d621bc979b6efb5b44f788,,,,,,,,,,,,,,,,,,,,,,,,,,,,,,,,,,,,,,,,,,,,,,,,,,,,1,,,,,,,,,,,,,,,,,,,,,,,s,0.5434,,space,0.4184,,1,brown_gnomes,1,8,dark_forest,yellow_basket,purple_gnome,1,7,bright_forest,red_basket,8,0,0,1,brown_gnomes,dark_forest,yellow_basket,833,2,0,92,0,184,0,1,,,,,,,,,,,,,,,,,,,,,,,,,,,,,,,,,,,,,,,,,,,,,,,,,,,,,,,,,,,,,,,,,,,,,,,,,,,,,,,,,,,,,,,,,,,,,,,,,,,,,,,,,,,,,
,,,,,,,,,,,,,,,,,,,,,,,,,,,,,,,,,724182,001,2024-02-21_16h16.39.137,experiment,2023.2.3,Win32,59.88023952,5e9430cc1ed15800084ffbb0,65d6198affd23d61dc0b5257,65d621bc979b6efb5b44f788,,,,,,,,,,,,,,,,,,,,,,,,,,,,,,,,,,,,,,,,,,,,,,,,,,,,2,,,,,,,,,,,,,,,,,,,,,,,s,0.5917,,space,0.3184,,2,green_gnome,2,8,dark_forest,yellow_basket,red_gnome,2,9,bright_forest,red_basket,8,0,0,1,green_gnome,dark_forest,yellow_basket,841,2,0,92,1,185,1,1,,,,,,,,,,,,,,,,,,,,,,,,,,,,,,,,,,,,,,,,,,,,,,,,,,,,,,,,,,,,,,,,,,,,,,,,,,,,,,,,,,,,,,,,,,,,,,,,,,,,,,,,,,,,,
,,,,,,,,,,,,,,,,,,,,,,,,,,,,,,,,,724182,001,2024-02-21_16h16.39.137,experiment,2023.2.3,Win32,59.88023952,5e9430cc1ed15800084ffbb0,65d6198affd23d61dc0b5257,65d621bc979b6efb5b44f788,,,,,,,,,,,,,,,,,,,,,,,,,,,,,,,,,,,,,,,,,,,,,,,,,,,,2,,,,,,,,,,,,,,,,,,,,,,,k,0.6334,,space,0.3957,,2,red_gnome,2,7,bright_forest,red_basket,green_gnome,2,8,dark_forest,yellow_basket,8,0,0,1,green_gnome,dark_forest,yellow_basket,849,2,1,93,0,186,1,1,,,,,,,,,,,,,,,,,,,,,,,,,,,,,,,,,,,,,,,,,,,,,,,,,,,,,,,,,,,,,,,,,,,,,,,,,,,,,,,,,,,,,,,,,,,,,,,,,,,,,,,,,,,,,
,,,,,,,,,,,,,,,,,,,,,,,,,,,,,,,,,724182,001,2024-02-21_16h16.39.137,experiment,2023.2.3,Win32,59.88023952,5e9430cc1ed15800084ffbb0,65d6198affd23d61dc0b5257,65d621bc979b6efb5b44f788,,,,,,,,,,,,,,,,,,,,,,,,,,,,,,,,,,,,,,,,,,,,,,,,,,,,2,,,,,,,,,,,,,,,,,,,,,,,k,0.6235,,space,0.4343,,2,red_gnome,2,9,bright_forest,red_basket,green_gnome,2,9,dark_forest,yellow_basket,9,0,0,1,green_gnome,dark_forest,yellow_basket,858,1,3,93,1,187,1,1,,,,,,,,,,,,,,,,,,,,,,,,,,,,,,,,,,,,,,,,,,,,,,,,,,,,,,,,,,,,,,,,,,,,,,,,,,,,,,,,,,,,,,,,,,,,,,,,,,,,,,,,,,,,,
,,,,,,,,,,,,,,,,,,,,,,,,,,,,,,,,,724182,001,2024-02-21_16h16.39.137,experiment,2023.2.3,Win32,59.88023952,5e9430cc1ed15800084ffbb0,65d6198affd23d61dc0b5257,65d621bc979b6efb5b44f788,,,,,,,,,,,,,,,,,,,,,,,,,,,,,,,,,,,,,,,,,,,,,,,,,,,,1,,,,,,,,,,,,,,,,,,,,,,,k,0.9763,,space,0.4381,,1,purple_gnome,1,8,bright_forest,red_basket,brown_gnomes,1,6,dark_forest,yellow_basket,6,0,0,1,brown_gnomes,dark_forest,yellow_basket,864,0,-3,94,0,188,0,1,,,,,,,,,,,,,,,,,,,,,,,,,,,,,,,,,,,,,,,,,,,,,,,,,,,,,,,,,,,,,,,,,,,,,,,,,,,,,,,,,,,,,,,,,,,,,,,,,,,,,,,,,,,,,
,,,,,,,,,,,,,,,,,,,,,,,,,,,,,,,,,724182,001,2024-02-21_16h16.39.137,experiment,2023.2.3,Win32,59.88023952,5e9430cc1ed15800084ffbb0,65d6198affd23d61dc0b5257,65d621bc979b6efb5b44f788,,,,,,,,,,,,,,,,,,,,,,,,,,,,,,,,,,,,,,,,,,,,,,,,,,,,1,,,,,,,,,,,,,,,,,,,,,,,s,0.6937,,space,0.4182,,1,brown_gnomes,1,3,dark_forest,yellow_basket,purple_gnome,1,8,bright_forest,red_basket,3,0,0,1,brown_gnomes,dark_forest,yellow_basket,867,1,1,94,1,189,0,1,,,,,,,,,,,,,,,,,,,,,,,,,,,,,,,,,,,,,,,,,,,,,,,,,,,,,,,,,,,,,,,,,,,,,,,,,,,,,,,,,,,,,,,,,,,,,,,,,,,,,,,,,,,,,
,,,,,,,,,,,,,,,,,,,,,,,,,,,,,,,,,724182,001,2024-02-21_16h16.39.137,experiment,2023.2.3,Win32,59.88023952,5e9430cc1ed15800084ffbb0,65d6198affd23d61dc0b5257,65d621bc979b6efb5b44f788,,,,,,,,,,,,,,,,,,,,,,,,,,,,,,,,,,,,,,,,,,,,,,,,,,,,2,,,,,,,,,,,,,,,,,,,,,,,s,0.5557,,space,0.452,,2,green_gnome,2,4,dark_forest,yellow_basket,red_gnome,2,9,bright_forest,red_basket,4,0,0,1,green_gnome,dark_forest,yellow_basket,871,0,2,95,0,190,1,1,,,,,,,,,,,,,,,,,,,,,,,,,,,,,,,,,,,,,,,,,,,,,,,,,,,,,,,,,,,,,,,,,,,,,,,,,,,,,,,,,,,,,,,,,,,,,,,,,,,,,,,,,,,,,
,,,,,,,,,,,,,,,,,,,,,,,,,,,,,,,,,724182,001,2024-02-21_16h16.39.137,experiment,2023.2.3,Win32,59.88023952,5e9430cc1ed15800084ffbb0,65d6198affd23d61dc0b5257,65d621bc979b6efb5b44f788,,,,,,,,,,,,,,,,,,,,,,,,,,,,,,,,,,,,,,,,,,,,,,,,,,,,2,,,,,,,,,,,,,,,,,,,,,,,k,0.6745,,space,1.0141,,2,green_gnome,2,6,dark_forest,yellow_basket,red_gnome,2,9,bright_forest,red_basket,9,0,0,1,red_gnome,bright_forest,red_basket,880,2,-4,95,1,191,1,1,,,,,,,,,,,,,,,,,,,,,,,,,,,,,,,,,,,,,,,,,,,,,,,,,,,,,,,,,,,,,,,,,,,,,,,,,,,,,,,,,,,,,,,,,,,,,,,,,,,,,,,,,,,,,
,,,,,,,,,,,,,,,,,,,,,,,,,,,,,,,,,724182,001,2024-02-21_16h16.39.137,experiment,2023.2.3,Win32,59.88023952,5e9430cc1ed15800084ffbb0,65d6198affd23d61dc0b5257,65d621bc979b6efb5b44f788,,,,,,,,,,,,,,,,,,,,,,,,,,,,,,,,,,,,,,,,,,,,,,,,,,,,1,,,,,,,,,,,,,,,,,,,,,,,s,0.7634,,space,0.0932,0.0024,1,purple_gnome,1,7,bright_forest,red_basket,brown_gnomes,1,2,dark_forest,yellow_basket,7,0,0,1,purple_gnome,bright_forest,red_basket,887,2,4,96,0,192,0,1,,,,,,,,,,,,,,,,,,,,,,,,,,,,,,,,,,,,,,,,,,,,,,,,,,,,,,,,,,,,,,,,,,,,,,,,,,,,,,,,,,,,,,,,,,,,,,,,,,,,,,,,,,,,,
,,,,,,,,,,,,,,,,,,,,,,,,,,,,,,,,,724182,001,2024-02-21_16h16.39.137,experiment,2023.2.3,Win32,59.88023952,5e9430cc1ed15800084ffbb0,65d6198affd23d61dc0b5257,65d621bc979b6efb5b44f788,,,,,,,,,,,,,,,,,,,,,,,,,,,,,,,,,,,,,,,,,,,,,,,,,,,,1,,,,,,,,,,,,,,,,,,,,,,,k,0.9584,,space,0.1958,,1,purple_gnome,1,9,bright_forest,red_basket,brown_gnomes,1,6,dark_forest,yellow_basket,6,0,0,1,brown_gnomes,dark_forest,yellow_basket,893,0,-3,96,1,193,0,1,,,,,,,,,,,,,,,,,,,,,,,,,,,,,,,,,,,,,,,,,,,,,,,,,,,,,,,,,,,,,,,,,,,,,,,,,,,,,,,,,,,,,,,,,,,,,,,,,,,,,,,,,,,,,
,,,,,,,,,,,,,,,,,,,,,,,,,,,,,,,,,724182,001,2024-02-21_16h16.39.137,experiment,2023.2.3,Win32,59.88023952,5e9430cc1ed15800084ffbb0,65d6198affd23d61dc0b5257,65d621bc979b6efb5b44f788,,,,,,,,,,,,,,,,,,,,,,,,,,,,,,,,,,,,,,,,,,,,,,,,,,,,2,,,,,,,,,,,,,,,,,,,,,,,k,0.7759,,space,0.0832,,2,green_gnome,2,3,dark_forest,yellow_basket,red_gnome,2,9,bright_forest,red_basket,9,0,0,1,red_gnome,bright_forest,red_basket,902,2,5,97,0,194,1,1,,,,,,,,,,,,,,,,,,,,,,,,,,,,,,,,,,,,,,,,,,,,,,,,,,,,,,,,,,,,,,,,,,,,,,,,,,,,,,,,,,,,,,,,,,,,,,,,,,,,,,,,,,,,,
,,,,,,,,,,,,,,,,,,,,,,,,,,,,,,,,,724182,001,2024-02-21_16h16.39.137,experiment,2023.2.3,Win32,59.88023952,5e9430cc1ed15800084ffbb0,65d6198affd23d61dc0b5257,65d621bc979b6efb5b44f788,,,,,,,,,,,,,,,,,,,,,,,,,,,,,,,,,,,,,,,,,,,,,,,,,,,,2,,,,,,,,,,,,,,,,,,,,,,,s,0.7204,,space,0.5466,,2,green_gnome,2,8,dark_forest,yellow_basket,red_gnome,2,7,bright_forest,red_basket,8,0,0,1,green_gnome,dark_forest,yellow_basket,910,2,-1,97,1,195,1,1,,,,,,,,,,,,,,,,,,,,,,,,,,,,,,,,,,,,,,,,,,,,,,,,,,,,,,,,,,,,,,,,,,,,,,,,,,,,,,,,,,,,,,,,,,,,,,,,,,,,,,,,,,,,,
,,,,,,,,,,,,,,,,,,,,,,,,,,,,,,,,,724182,001,2024-02-21_16h16.39.137,experiment,2023.2.3,Win32,59.88023952,5e9430cc1ed15800084ffbb0,65d6198affd23d61dc0b5257,65d621bc979b6efb5b44f788,,,,,,,,,,,,,,,,,,,,,,,,,,,,,,,,,,,,,,,,,,,,,,,,,,,,2,,,,,,,,,,,,,,,,,,,,,,,k,0.5948,,space,0.6355,,2,green_gnome,2,7,dark_forest,yellow_basket,red_gnome,2,9,bright_forest,red_basket,9,0,0,1,red_gnome,bright_forest,red_basket,919,0,-1,98,0,196,1,1,,,,,,,,,,,,,,,,,,,,,,,,,,,,,,,,,,,,,,,,,,,,,,,,,,,,,,,,,,,,,,,,,,,,,,,,,,,,,,,,,,,,,,,,,,,,,,,,,,,,,,,,,,,,,
,,,,,,,,,,,,,,,,,,,,,,,,,,,,,,,,,724182,001,2024-02-21_16h16.39.137,experiment,2023.2.3,Win32,59.88023952,5e9430cc1ed15800084ffbb0,65d6198affd23d61dc0b5257,65d621bc979b6efb5b44f788,,,,,,,,,,,,,,,,,,,,,,,,,,,,,,,,,,,,,,,,,,,,,,,,,,,,1,,,,,,,,,,,,,,,,,,,,,,,k,0.8256,,space,0.4251,,1,purple_gnome,1,9,bright_forest,red_basket,brown_gnomes,1,6,dark_forest,yellow_basket,6,0,0,1,brown_gnomes,dark_forest,yellow_basket,925,0,-3,98,1,197,0,1,,,,,,,,,,,,,,,,,,,,,,,,,,,,,,,,,,,,,,,,,,,,,,,,,,,,,,,,,,,,,,,,,,,,,,,,,,,,,,,,,,,,,,,,,,,,,,,,,,,,,,,,,,,,,
,,,,,,,,,,,,,,,,,,,,,,,,,,,,,,,,,724182,001,2024-02-21_16h16.39.137,experiment,2023.2.3,Win32,59.88023952,5e9430cc1ed15800084ffbb0,65d6198affd23d61dc0b5257,65d621bc979b6efb5b44f788,,,,,,,,,,,,,,,,,,,,,,,,,,,,,,,,,,,,,,,,,,,,,,,,,,,,1,,,,,,,,,,,,,,,,,,,,,,,s,0.4589,,space,0.6498,,1,purple_gnome,1,9,bright_forest,red_basket,brown_gnomes,1,3,dark_forest,yellow_basket,9,0,0,1,purple_gnome,bright_forest,red_basket,934,1,0,99,0,198,0,1,,,,,,,,,,,,,,,,,,,,,,,,,,,,,,,,,,,,,,,,,,,,,,,,,,,,,,,,,,,,,,,,,,,,,,,,,,,,,,,,,,,,,,,,,,,,,,,,,,,,,,,,,,,,,
,,,,,,,,,,,,,,,,,,,,,,,,,,,,,,,,,724182,001,2024-02-21_16h16.39.137,experiment,2023.2.3,Win32,59.88023952,5e9430cc1ed15800084ffbb0,65d6198affd23d61dc0b5257,65d621bc979b6efb5b44f788,,,,,,,,,,,,,,,,,,,,,,,,,,,,,,,,,,,,,,,,,,,,,,,,,,,,2,,,,,,,,,,,,,,,,,,,,,,,k,0.728,,space,0.4786,,2,red_gnome,2,8,bright_forest,red_basket,green_gnome,2,3,dark_forest,yellow_basket,3,0,0,1,green_gnome,dark_forest,yellow_basket,937,-1,0,99,1,199,1,1,,,,,,,,,,,,,,,,,,,,,,,,,,,,,,,,,,,,,,,,,,,,,,,,,,,,,,,,,,,,,,,,,,,,,,,,,,,,,,,,,,,,,,,,,,,,,,,,,,,,,,,,,,,,,
,,,,,,,,,,,,,,,,,,,,,,,,,,,,,,,,,724182,001,2024-02-21_16h16.39.137,experiment,2023.2.3,Win32,59.88023952,5e9430cc1ed15800084ffbb0,65d6198affd23d61dc0b5257,65d621bc979b6efb5b44f788,,,,,,,,,,,,,,,,,,,,,,,,,,,,,,,,,,,,,,,,,,,,,,,,,,,,,,,,,,,,,1344.6861,1358.9077,0.678839056,-0.364500762,1,0,0,14.2101,t_advice_finished_typing_rect,,,,,,,,,,,,,,,,,,,,,,,,,,,,,,,,,,,,,,space,5.2332,,space,27.9825,,space,3.3818,,"There are 2 colourful, 2 dull, 2 pointy hats and 2 round hats which might be pairs. Try to find a pattern.",0.613363272,-0.338976428,1,0,0,135.9546,vb_finished_typing_rect,space,7.9272,,right,18.3208,,space,8.7523,,space,9.9528,,17.87373763,9.6369,31.07494937,12.3891,space,12.9493,,red_gnome,brown_gnomes,0,0,0,1,1,0,2,,,,,,,,,,,,,,,,,,,,,,,,,,,,,,,,,,,,,,,,,,,,,,,,,,,,,,,,,,,,,,,,
,,,,,,,,,,,,,,,,,,,,,,,,,,,,,,,,,724182,001,2024-02-21_16h16.39.137,experiment,2023.2.3,Win32,59.88023952,5e9430cc1ed15800084ffbb0,65d6198affd23d61dc0b5257,65d621bc979b6efb5b44f788,,,,,,,,,,,,,,,,,,,,,,,,,,,,,,,,,,,,,,,,,,,,,,,,,,,,,,,,,,,,,,,,,,,,,,,,,,,,,,,,,,,,,,,,,,,,,,,,,,,,,,,,,,,,,,,,,,,,,,,,,,,,,,,,,,,,,,,,80.77362724,3.8691,79.33147829,5.502,space,5.1714,,brown_gnomes,purple_gnome,0,1,1,0,1,0,1,,,,,,,,,,,,,,,,,,,,,,,,,,,,,,,,,,,,,,,,,,,,,,,,,,,,,,,,,,,,,,,,
,,,,,,,,,,,,,,,,,,,,,,,,,,,,,,,,,724182,001,2024-02-21_16h16.39.137,experiment,2023.2.3,Win32,59.88023952,5e9430cc1ed15800084ffbb0,65d6198affd23d61dc0b5257,65d621bc979b6efb5b44f788,,,,,,,,,,,,,,,,,,,,,,,,,,,,,,,,,,,,,,,,,,,,,,,,,,,,,,,,,,,,,,,,,,,,,,,,,,,,,,,,,,,,,,,,,,,,,,,,,,,,,,,,,,,,,,,,,,,,,,,,,,,,,,,,,,,,,,,,36.51074298,4.1084,37.84197008,5.4221,space,7.3351,,red_gnome,purple_gnome,0,2,2,3,1,1,2,,,,,,,,,,,,,,,,,,,,,,,,,,,,,,,,,,,,,,,,,,,,,,,,,,,,,,,,,,,,,,,,
,,,,,,,,,,,,,,,,,,,,,,,,,,,,,,,,,724182,001,2024-02-21_16h16.39.137,experiment,2023.2.3,Win32,59.88023952,5e9430cc1ed15800084ffbb0,65d6198affd23d61dc0b5257,65d621bc979b6efb5b44f788,,,,,,,,,,,,,,,,,,,,,,,,,,,,,,,,,,,,,,,,,,,,,,,,,,,,,,,,,,,,,,,,,,,,,,,,,,,,,,,,,,,,,,,,,,,,,,,,,,,,,,,,,,,,,,,,,,,,,,,,,,,,,,,,,,,,,,,,12.54887961,3.9448,85.5438073,6.8309,space,6.6705,,green_gnome,purple_gnome,0,3,3,4,1,1,3,,,,,,,,,,,,,,,,,,,,,,,,,,,,,,,,,,,,,,,,,,,,,,,,,,,,,,,,,,,,,,,,
,,,,,,,,,,,,,,,,,,,,,,,,,,,,,,,,,724182,001,2024-02-21_16h16.39.137,experiment,2023.2.3,Win32,59.88023952,5e9430cc1ed15800084ffbb0,65d6198affd23d61dc0b5257,65d621bc979b6efb5b44f788,,,,,,,,,,,,,,,,,,,,,,,,,,,,,,,,,,,,,,,,,,,,,,,,,,,,,,,,,,,,,,,,,,,,,,,,,,,,,,,,,,,,,,,,,,,,,,,,,,,,,,,,,,,,,,,,,,,,,,,,,,,,,,,,,,,,,,,,84.7672719,6.0192,77.00185377,7.2878,space,6.936,,red_gnome,green_gnome,0,4,4,5,1,2,3,,,,,,,,,,,,,,,,,,,,,,,,,,,,,,,,,,,,,,,,,,,,,,,,,,,,,,,,,,,,,,,,
,,,,,,,,,,,,,,,,,,,,,,,,,,,,,,,,,724182,001,2024-02-21_16h16.39.137,experiment,2023.2.3,Win32,59.88023952,5e9430cc1ed15800084ffbb0,65d6198affd23d61dc0b5257,65d621bc979b6efb5b44f788,,,,,,,,,,,,,,,,,,,,,,,,,,,,,,,,,,,,,,,,,,,,,,,,,,,,,,,,,,,,,,,,,,,,,,,,,,,,,,,,,,,,,,,,,,,,,,,,,,,,,,,,,,,,,,,,,,,,,,,,,,,,,,,,,,,,,,,,29.63280042,3.299,36.06700977,4.2153,space,3.866,,brown_gnomes,green_gnome,0,5,5,2,1,0,3,,,,,,,,,,,,,,,,,,,,,,,,,,,,,,,,,,,,,,,,,,,,,,,,,,,,,,,,,,,,,,,,
,,,,,,,,,,,,,,,,,,,,,,,,,,,,,,,,,724182,001,2024-02-21_16h16.39.137,experiment,2023.2.3,Win32,59.88023952,5e9430cc1ed15800084ffbb0,65d6198affd23d61dc0b5257,65d621bc979b6efb5b44f788,,,,,,,,,,,,,,,,,,,,,,,,,,,,,,,,,,,,,,,,,,,,,,,,,,,,,,,,,,,,,,,,,,,,,,,,,,,,,,,,,,,,,,,,,,,,,,,,,,,,,,,,,,,,,,,,,,,,,,,,,,,,,,,,,,,,,,,,,,,,,,,,,,,,,,,,space,13.805,,53.26185701,6.141,10.1083195,7.5591,space,7.354,,red_gnome,dark_forest,yellow_basket,0,0,0,5,1,2,1,,,,,,,,,,,,,,,,,,,,,,,,,,,,,,,,,,,,,,,,,,,,
,,,,,,,,,,,,,,,,,,,,,,,,,,,,,,,,,724182,001,2024-02-21_16h16.39.137,experiment,2023.2.3,Win32,59.88023952,5e9430cc1ed15800084ffbb0,65d6198affd23d61dc0b5257,65d621bc979b6efb5b44f788,,,,,,,,,,,,,,,,,,,,,,,,,,,,,,,,,,,,,,,,,,,,,,,,,,,,,,,,,,,,,,,,,,,,,,,,,,,,,,,,,,,,,,,,,,,,,,,,,,,,,,,,,,,,,,,,,,,,,,,,,,,,,,,,,,,,,,,,,,,,,,,,,,,,,,,,,,,39.28410987,6.7434,9.5536507,8.5595,space,9.9304,,red_gnome,bright_forest,red_basket,0,1,1,4,1,2,0,,,,,,,,,,,,,,,,,,,,,,,,,,,,,,,,,,,,,,,,,,,,
,,,,,,,,,,,,,,,,,,,,,,,,,,,,,,,,,724182,001,2024-02-21_16h16.39.137,experiment,2023.2.3,Win32,59.88023952,5e9430cc1ed15800084ffbb0,65d6198affd23d61dc0b5257,65d621bc979b6efb5b44f788,,,,,,,,,,,,,,,,,,,,,,,,,,,,,,,,,,,,,,,,,,,,,,,,,,,,,,,,,,,,,,,,,,,,,,,,,,,,,,,,,,,,,,,,,,,,,,,,,,,,,,,,,,,,,,,,,,,,,,,,,,,,,,,,,,,,,,,,,,,,,,,,,,,,,,,,,,,18.98308438,5.6914,16.87532646,8.5242,space,9.7134,,brown_gnomes,dark_forest,yellow_basket,0,2,2,1,1,0,1,,,,,,,,,,,,,,,,,,,,,,,,,,,,,,,,,,,,,,,,,,,,
,,,,,,,,,,,,,,,,,,,,,,,,,,,,,,,,,724182,001,2024-02-21_16h16.39.137,experiment,2023.2.3,Win32,59.88023952,5e9430cc1ed15800084ffbb0,65d6198affd23d61dc0b5257,65d621bc979b6efb5b44f788,,,,,,,,,,,,,,,,,,,,,,,,,,,,,,,,,,,,,,,,,,,,,,,,,,,,,,,,,,,,,,,,,,,,,,,,,,,,,,,,,,,,,,,,,,,,,,,,,,,,,,,,,,,,,,,,,,,,,,,,,,,,,,,,,,,,,,,,,,,,,,,,,,,,,,,,,,,8.666170546,5.1987,10.55205728,3.9819,space,5.1474,,brown_gnomes,bright_forest,red_basket,0,3,3,0,1,0,0,,,,,,,,,,,,,,,,,,,,,,,,,,,,,,,,,,,,,,,,,,,,
,,,,,,,,,,,,,,,,,,,,,,,,,,,,,,,,,724182,001,2024-02-21_16h16.39.137,experiment,2023.2.3,Win32,59.88023952,5e9430cc1ed15800084ffbb0,65d6198affd23d61dc0b5257,65d621bc979b6efb5b44f788,,,,,,,,,,,,,,,,,,,,,,,,,,,,,,,,,,,,,,,,,,,,,,,,,,,,,,,,,,,,,,,,,,,,,,,,,,,,,,,,,,,,,,,,,,,,,,,,,,,,,,,,,,,,,,,,,,,,,,,,,,,,,,,,,,,,,,,,,,,,,,,,,,,,,,,,,,,9.775517302,1.8634,7.778694974,3.5134,space,3.2352,,purple_gnome,dark_forest,yellow_basket,0,4,4,3,1,1,1,,,,,,,,,,,,,,,,,,,,,,,,,,,,,,,,,,,,,,,,,,,,
,,,,,,,,,,,,,,,,,,,,,,,,,,,,,,,,,724182,001,2024-02-21_16h16.39.137,experiment,2023.2.3,Win32,59.88023952,5e9430cc1ed15800084ffbb0,65d6198affd23d61dc0b5257,65d621bc979b6efb5b44f788,,,,,,,,,,,,,,,,,,,,,,,,,,,,,,,,,,,,,,,,,,,,,,,,,,,,,,,,,,,,,,,,,,,,,,,,,,,,,,,,,,,,,,,,,,,,,,,,,,,,,,,,,,,,,,,,,,,,,,,,,,,,,,,,,,,,,,,,,,,,,,,,,,,,,,,,,,,8.333368352,1.6976,5.560006042,2.6142,space,2.2696,,green_gnome,dark_forest,yellow_basket,0,5,5,7,1,3,1,,,,,,,,,,,,,,,,,,,,,,,,,,,,,,,,,,,,,,,,,,,,
,,,,,,,,,,,,,,,,,,,,,,,,,,,,,,,,,724182,001,2024-02-21_16h16.39.137,experiment,2023.2.3,Win32,59.88023952,5e9430cc1ed15800084ffbb0,65d6198affd23d61dc0b5257,65d621bc979b6efb5b44f788,,,,,,,,,,,,,,,,,,,,,,,,,,,,,,,,,,,,,,,,,,,,,,,,,,,,,,,,,,,,,,,,,,,,,,,,,,,,,,,,,,,,,,,,,,,,,,,,,,,,,,,,,,,,,,,,,,,,,,,,,,,,,,,,,,,,,,,,,,,,,,,,,,,,,,,,,,,4.783466061,1.6137,3.895985908,2.4967,space,2.1657,,green_gnome,bright_forest,red_basket,0,6,6,6,1,3,0,,,,,,,,,,,,,,,,,,,,,,,,,,,,,,,,,,,,,,,,,,,,
,,,,,,,,,,,,,,,,,,,,,,,,,,,,,,,,,724182,001,2024-02-21_16h16.39.137,experiment,2023.2.3,Win32,59.88023952,5e9430cc1ed15800084ffbb0,65d6198affd23d61dc0b5257,65d621bc979b6efb5b44f788,,,,,,,,,,,,,,,,,,,,,,,,,,,,,,,,,,,,,,,,,,,,,,,,,,,,,,,,,,,,,,,,,,,,,,,,,,,,,,,,,,,,,,,,,,,,,,,,,,,,,,,,,,,,,,,,,,,,,,,,,,,,,,,,,,,,,,,,,,,,,,,,,,,,,,,,,,,,,5.670937053,3.0391,space,3.6426,,purple_gnome,bright_forest,red_basket,0,7,7,2,1,1,0,,,,,,,,,,,,,,,,,,,,,,,,,,,,,,,,,,,,,,,,,,,,
,,,,,,,,,,,,,,,,,,,,,,,,,,,,,,,,,724182,001,2024-02-21_16h16.39.137,experiment,2023.2.3,Win32,59.88023952,5e9430cc1ed15800084ffbb0,65d6198affd23d61dc0b5257,65d621bc979b6efb5b44f788,,,,,,,,,,,,,,,,,,,,,,,,,,,,,,,,,,,,,,,,,,,,,,,,,,,,,,,,,,,,,,,,,,,,,,,,,,,,,,,,,,,,,,,,,,,,,,,,,,,,,,,,,,,,,,,,,,,,,,,,,,,,,,,,,,,,,,,,,,,,,,,,,,,,,,,,,,,,,,,,,,,,,,,,,,,,space,11.1964,,,,space,6.9889,,4.117861672,2.0925,bright_forest,dark_forest,red_basket,yellow_basket,0,0,0,0,1,,,,,,,,,,,,,,,,,,,,,,,,,
,,,,,,,,,,,,,,,,,,,,,,,,,,,,,,,,,724182,001,2024-02-21_16h16.39.137,experiment,2023.2.3,Win32,59.88023952,5e9430cc1ed15800084ffbb0,65d6198affd23d61dc0b5257,65d621bc979b6efb5b44f788,,,,,,,,,,,,,,,,,,,,,,,,,,,,,,,,,,,,,,,,,,,,,,,,,,,,,,,,,,,,,,,,,,,,,,,,,,,,,,,,,,,,,,,,,,,,,,,,,,,,,,,,,,,,,,,,,,,,,,,,,,,,,,,,,,,,,,,,,,,,,,,,,,,,,,0,1,,,,,,,,,,,,,,,,,,,,,,,,,,,,,,,,,,,,,,,,space,5.0731,,16.20972207,2.0766,space,5.8547,,50.7103613,3.8736,brown_gnomes,purple_gnome,0,0,0,0,1,,,,,,,,
,,,,,,,,,,,,,,,,,,,,,,,,,,,,,,,,,724182,001,2024-02-21_16h16.39.137,experiment,2023.2.3,Win32,59.88023952,5e9430cc1ed15800084ffbb0,65d6198affd23d61dc0b5257,65d621bc979b6efb5b44f788,,,,,,,,,,,,,,,,,,,,,,,,,,,,,,,,,,,,,,,,,,,,,,,,,,,,,,,,,,,,,,,,,,,,,,,,,,,,,,,,,,,,,,,,,,,,,,,,,,,,,,,,,,,,,,,,,,,,,,,,,,,,,,,,,,,,,,,,,,,,,,,,,,,,,,2,3,,,,,,,,,,,,,,,,,,,,,,,,,,,,,,,,,,,,,,,,,,,23.86420461,4.0395,space,5.8865,,50.15568792,6.0048,red_gnome,green_gnome,0,1,1,5,1,,,,,,,,
,,,,,,,,,,,,,,,,,,,,,,,,,,,,,,,,,724182,001,2024-02-21_16h16.39.137,experiment,2023.2.3,Win32,59.88023952,5e9430cc1ed15800084ffbb0,65d6198affd23d61dc0b5257,65d621bc979b6efb5b44f788,,,,,,,,,,,,,,,,,,,,,,,,,,,,,,,,,,,,,,,,,,,,,,,,,,,,,,,,,,,,,,,,,,,,,,,,,,,,,,,,,,,,,,,,,,,,,,,,,,,,,,,,,,,,,,,,,,,,,,,,,,,,,,,,,,,,,,,,,,,,,,,,,,,,,,0,3,,,,,,,,,,,,,,,,,,,,,,,,,,,,,,,,,,,,,,,,,,,86.32035186,2.7064,space,4.0464,,71.56606932,4.2066,green_gnome,brown_gnomes,0,2,2,2,1,,,,,,,,
,,,,,,,,,,,,,,,,,,,,,,,,,,,,,,,,,724182,001,2024-02-21_16h16.39.137,experiment,2023.2.3,Win32,59.88023952,5e9430cc1ed15800084ffbb0,65d6198affd23d61dc0b5257,65d621bc979b6efb5b44f788,,,,,,,,,,,,,,,,,,,,,,,,,,,,,,,,,,,,,,,,,,,,,,,,,,,,,,,,,,,,,,,,,,,,,,,,,,,,,,,,,,,,,,,,,,,,,,,,,,,,,,,,,,,,,,,,,,,,,,,,,,,,,,,,,,,,,,,,,,,,,,,,,,,,,,1,3,,,,,,,,,,,,,,,,,,,,,,,,,,,,,,,,,,,,,,,,,,,20.86897112,2.7256,space,3.5984,,70.01297104,3.8577,purple_gnome,green_gnome,0,3,3,4,1,,,,,,,,
,,,,,,,,,,,,,,,,,,,,,,,,,,,,,,,,,724182,001,2024-02-21_16h16.39.137,experiment,2023.2.3,Win32,59.88023952,5e9430cc1ed15800084ffbb0,65d6198affd23d61dc0b5257,65d621bc979b6efb5b44f788,,,,,,,,,,,,,,,,,,,,,,,,,,,,,,,,,,,,,,,,,,,,,,,,,,,,,,,,,,,,,,,,,,,,,,,,,,,,,,,,,,,,,,,,,,,,,,,,,,,,,,,,,,,,,,,,,,,,,,,,,,,,,,,,,,,,,,,,,,,,,,,,,,,,,,0,2,,,,,,,,,,,,,,,,,,,,,,,,,,,,,,,,,,,,,,,,,,,19.20495099,2.0352,space,2.9635,,79.55334947,3.3355,brown_gnomes,red_gnome,0,4,4,1,1,,,,,,,,
,,,,,,,,,,,,,,,,,,,,,,,,,,,,,,,,,724182,001,2024-02-21_16h16.39.137,experiment,2023.2.3,Win32,59.88023952,5e9430cc1ed15800084ffbb0,65d6198affd23d61dc0b5257,65d621bc979b6efb5b44f788,,,,,,,,,,,,,,,,,,,,,,,,,,,,,,,,,,,,,,,,,,,,,,,,,,,,,,,,,,,,,,,,,,,,,,,,,,,,,,,,,,,,,,,,,,,,,,,,,,,,,,,,,,,,,,,,,,,,,,,,,,,,,,,,,,,,,,,,,,,,,,,,,,,,,,1,2,,,,,,,,,,,,,,,,,,,,,,,,,,,,,,,,,,,,,,,,,,,80.32988487,2.0426,space,3.1086,,69.79110901,3.26,red_gnome,purple_gnome,0,5,5,3,1,,,,,,,,
,,,,,,,,,,,,,,,,,,,,,,,,,,,,,,,,,724182,001,2024-02-21_16h16.39.137,experiment,2023.2.3,Win32,59.88023952,5e9430cc1ed15800084ffbb0,65d6198affd23d61dc0b5257,65d621bc979b6efb5b44f788,,,,,,,,,,,,,,,,,,,,,,,,,,,,,,,,,,,,,,,,,,,,,,,,,,,,,,,,,,,,,,,,,,,,,,,,,,,,,,,,,,,,,,,,,,,,,,,,,,,,,,,,,,,,,,,,,,,,,,,,,,,,,,,,,,,,,,,,,,,,,,,,,,,,,,,,,,,,,,,,,,,,,,,,,,,,,,,,,,,,,,,,,,,,,,,,,,,,,,,,,,,,,,,,space,16.5956,,0,0,0,0,1