parent_PID,stim1_name,stim1_file,stim1_pair,stim1_deact_file,stim1_step2_name,stim1_step2_file,stim1_step2_basket_name,stim1_step2_basket_file,stim2_name,stim2_file,stim2_pair,stim2_deact_file,stim2_step2_name,stim2_step2_file,stim2_step2_basket_name,stim2_step2_basket_file,stim3_name,stim3_file,stim3_pair,stim3_deact_file,stim3_step2_name,stim3_step2_file,stim3_step2_basket_name,stim3_step2_basket_file,stim4_name,stim4_file,stim4_pair,stim4_deact_file,stim4_step2_name,stim4_step2_file,stim4_step2_basket_name,stim4_step2_basket_file,stim5_name,stim5_file,stim5_pair,stim5_deact_file,stim5_step2_name,stim5_step2_file,stim5_step2_basket_name,stim5_step2_basket_file,stim6_name,stim6_file,stim6_pair,stim6_deact_file,stim6_step2_name,stim6_step2_file,stim6_step2_basket_name,stim6_step2_basket_file,stim7_name,stim7_file,stim7_pair,stim7_deact_file,stim7_step2_name,stim7_step2_file,stim7_step2_basket_name,stim7_step2_basket_file,stim8_name,stim8_file,stim8_pair,stim8_deact_file,stim8_step2_name,stim8_step2_file,stim8_step2_basket_name,stim8_step2_basket_file,participant,session,date,expName,psychopyVersion,OS,frameRate,PROLIFIC_PID,STUDY_ID,SESSION_ID,consent_keyresp.keys,consent_keyresp.rt,consent_keyresp.duration,global_instructions1_key.keys,global_instructions1_key.rt,global_instructions1_key.duration,global_instructions2_key.keys,global_instructions2_key.rt,global_instructions2_key.duration,global_instructions3_key.keys,global_instructions3_key.rt,global_instructions3_key.duration,global_instructions4_key.keys,global_instructions4_key.rt,global_instructions4_key.duration,stake_instructions_key.keys,stake_instructions_key.rt,stake_instructions_key.duration,global_instructions5_key.keys,global_instructions5_key.rt,global_instructions5_key.duration,p_fixation_2.started,p_fixation_2.stopped,p_step1_keyresp.keys,p_step1_keyresp.rt,p_step1_keyresp.duration,p_step2_keyresp.keys,p_failStep2_keyresp.keys,p_failStep2_keyresp.rt,p_failStep2_keyresp.duration,p_step1_pair_index,p_step1_stimLeft_name,p_step1_stimLeft_pair,p_step1_stimLeft_reward,p_step1_stimLeft_step2Stim,p_step1_stimLeft_step2Basket,p_step1_stimRight_name,p_step1_stimRight_pair,p_step1_stimRight_reward,p_step1_stimRight_step2Stim,p_step1_stimRight_step2Basket,p_points,t_mult,p_fail_step1,p_fail_step2,p_reward_flag,p_step1_choice,p_step2_stim,p_step2_basket,p_score,practice.thisRepN,practice.thisTrialN,practice.thisN,practice.thisIndex,practice.ran,pair_index,p_mult,p_step2_keyresp.rt,p_step2_keyresp.duration,t_instructions_keyresp.keys,t_instructions_keyresp.rt,t_instructions_keyresp.duration,t_advice_reading.started,t_advice_reading.stopped,t_advice_mouse.x,t_advice_mouse.y,t_advice_mouse.leftButton,t_advice_mouse.midButton,t_advice_mouse.rightButton,t_advice_mouse.time,t_advice_mouse.clicked_name,t_advice_summary_textbox.text,t_advice_summary_mouse.x,t_advice_summary_mouse.y,t_advice_summary_mouse.leftButton,t_advice_summary_mouse.midButton,t_advice_summary_mouse.rightButton,t_advice_summary_mouse.time,t_advice_summary_mouse.clicked_name,t_instructions_2_keyresp.keys,t_instructions_2_keyresp.rt,t_instructions_2_keyresp.duration,t_step1_keyresp.keys,t_step1_keyresp.rt,t_step1_keyresp.duration,t_step2_keyresp.keys,t_step2_keyresp.rt,t_step2_keyresp.duration,t_step1_pair_index,t_step1_stimLeft_name,t_step1_stimLeft_pair,t_step1_stimLeft_reward,t_step1_stimLeft_step2Stim,t_step1_stimLeft_step2Basket,t_step1_stimRight_name,t_step1_stimRight_pair,t_step1_stimRight_reward,t_step1_stimRight_step2Stim,t_step1_stimRight_step2Basket,t_points,t_fail_step1,t_fail_step2,t_reward_flag,t_step1_choice,t_step2_stim,t_step2_basket,globa_score,t_data_stimWalk0,t_data_stimWalk1,trials.thisRepN,trials.thisTrialN,trials.thisN,trials.thisIndex,trials.ran,break_key_resp.keys,break_key_resp.rt,break_key_resp.duration,pl_global_instructions_keyresp.keys,pl_global_instructions_keyresp.rt,pl_global_instructions_keyresp.duration,vb_instructions_keyresp.keys,vb_instructions_keyresp.rt,vb_instructions_keyresp.duration,vb_instructions_2_keyresp.keys,vb_instructions_2_keyresp.rt,vb_instructions_2_keyresp.duration,vb_textbox.text,vb_mouse.x,vb_mouse.y,vb_mouse.leftButton,vb_mouse.midButton,vb_mouse.rightButton,vb_mouse.time,vb_mouse.clicked_name,pl1_instructions1_keyresp.keys,pl1_instructions1_keyresp.rt,pl1_instructions1_keyresp.duration,pl1_instructions2_keyresp.keys,pl1_instructions2_keyresp.rt,pl1_instructions2_keyresp.duration,pl1_instructions3_keyresp.keys,pl1_instructions3_keyresp.rt,pl1_instructions3_keyresp.duration,pl1_instructions4_keyresp.keys,pl1_instructions4_keyresp.rt,pl1_instructions4_keyresp.duration,pl1_task_lickert.response,pl1_task_lickert.rt,pl1_task_confidence_lickert.response,pl1_task_confidence_lickert.rt,pl1_task_keyresp.keys,pl1_task_keyresp.rt,pl1_task_keyresp.duration,pl1_task_stimLeft,pl1_task_stimRight,pl1_loop.thisRepN,pl1_loop.thisTrialN,pl1_loop.thisN,pl1_loop.thisIndex,pl1_loop.ran,stimLeft_index,stimRight_index,pl2_instructions_keyresp.keys,pl2_instructions_keyresp.rt,pl2_instructions_keyresp.duration,pl2_task_lickert.response,pl2_task_lickert.rt,pl2_task_confidence_lickert.response,pl2_task_confidence_lickert.rt,pl2_task_keyresp.keys,pl2_task_keyresp.rt,pl2_task_keyresp.duration,pl2_task_gnome,pl2_task_forest,pl2_task_basket,pl2_loop.thisRepN,pl2_loop.thisTrialN,pl2_loop.thisN,pl2_loop.thisIndex,pl2_loop.ran,gnome_id,forest_id,end_keyresp.keys,end_keyresp.rt,end_keyresp.duration,show_trials.thisRepN,show_trials.thisTrialN,show_trials.thisN,show_trials.thisIndex,show_trials.ran
655d35168909cc0448bcd7b7,brown_gnome,ressources/step1_stim1.png,3,ressources/step1_tallGnome_deact.png,dark_forest,ressources/step2_background2.png,red_basket,ressources/step2_stim2.png,purple_gnome,ressources/step1_stim2.png,2,ressources/step1_tallGnome_deact.png,dark_forest,ressources/step2_background2.png,red_basket,ressources/step2_stim2.png,pink_gnome,ressources/step1_stim3.png,1,ressources/step1_tallGnome_deact.png,dark_forest,ressources/step2_background2.png,red_basket,ressources/step2_stim2.png,blue_gnome,ressources/step1_stim4.png,2,ressources/step1_tallGnome_deact.png,bright_forest,ressources/step2_background1.png,yellow_basket,ressources/step2_stim1.png,green_gnome,ressources/step1_stim5.png,1,ressources/step1_smallGnome_deact.png,bright_forest,ressources/step2_background1.png,yellow_basket,ressources/step2_stim1.png,red_gnome,ressources/step1_stim6.png,4,ressources/step1_smallGnome_deact.png,dark_forest,ressources/step2_background2.png,red_basket,ressources/step2_stim2.png,yellow_gnome,ressources/step1_stim7.png,4,ressources/step1_smallGnome_deact.png,bright_forest,ressources/step2_background1.png,yellow_basket,ressources/step2_stim1.png,orange_gnome,ressources/step1_stim8.png,3,ressources/step1_smallGnome_deact.png,bright_forest,ressources/step2_background1.png,yellow_basket,ressources/step2_stim1.png,252089,001,2024-06-20_19h24.31.635,experiment,2023.2.3,MacIntel,71.42857143,63d13edbfc31f4ecf0122017,6674306cb0738f9af1686fa9,66747393db6ac812a4025032,,,,,,,,,,,,,,,,,,,,,,,,,,,,,,,,,,,,,,,,,,,,,,,,,,,,,,,,,,,,,,,,,,,,,,,,,,,,,,,,,,,,,,,,,,,,,,,,,,,,,,,,,,,,,,,,,,,,,,,,,,,,,,,,,,,,,,,,,,,,,,,,,,,,,,,,,,,,,,,,,,,,,,,,,,,,,,,,,,,,,,,,,,,,,,
,,,,,,,,,,,,,,,,,,,,,,,,,,,,,,,,,,,,,,,,,,,,,,,,,,,,,,,,,,,,,,,,,252089,001,2024-06-20_19h24.31.635,experiment,2023.2.3,MacIntel,71.42857143,63d13edbfc31f4ecf0122017,6674306cb0738f9af1686fa9,66747393db6ac812a4025032,y,4.743,,,,,,,,,,,,,,,,,,,,,,,,,,,,,,,,,,,,,,,,,,,,,,,,,,,,,,,,,,,,,,,,,,,,,,,,,,,,,,,,,,,,,,,,,,,,,,,,,,,,,,,,,,,,,,,,,,,,,,,,,,,,,,,,,,,,,,,,,,,,,,,,,,,,,,,,,,,,,,,,,,,,,,,,,,,,,,,,,,,,,,,,,,,,
,,,,,,,,,,,,,,,,,,,,,,,,,,,,,,,,,,,,,,,,,,,,,,,,,,,,,,,,,,,,,,,,,252089,001,2024-06-20_19h24.31.635,experiment,2023.2.3,MacIntel,71.42857143,63d13edbfc31f4ecf0122017,6674306cb0738f9af1686fa9,66747393db6ac812a4025032,,,,space,465.119,,space,271.31,,space,6.807,,space,9.413,,space,8.534,,space,2.987,,770.49,771.002,s,0.369,,,space,1.264,,1,p_orange_gnome,1,0,p_yellow_forest,p_blue_basket,p_blue_gnome,1,5,p_green_forest,p_green_basket,0,1,0,1,0,p_orange_gnome,p_yellow_forest,p_blue_basket,0,0,0,0,0,1,1,1,,,,,,,,,,,,,,,,,,,,,,,,,,,,,,,,,,,,,,,,,,,,,,,,,,,,,,,,,,,,,,,,,,,,,,,,,,,,,,,,,,,,,,,,,,,,,,,,,,,,,,,,,,,,,,,,,,,,,,,,,,,,,,,,,,,,,
,,,,,,,,,,,,,,,,,,,,,,,,,,,,,,,,,,,,,,,,,,,,,,,,,,,,,,,,,,,,,,,,,252089,001,2024-06-20_19h24.31.635,experiment,2023.2.3,MacIntel,71.42857143,63d13edbfc31f4ecf0122017,6674306cb0738f9af1686fa9,66747393db6ac812a4025032,,,,,,,,,,,,,,,,,,,,,,776.814,777.327,k,0.04,,space,,,,2,p_green_gnome,2,0,p_yellow_forest,p_blue_basket,p_pink_gnome,2,5,p_green_forest,p_green_basket,5,1,0,0,1,p_pink_gnome,p_green_forest,p_green_basket,5,0,1,1,1,1,2,1,0.267,,,,,,,,,,,,,,,,,,,,,,,,,,,,,,,,,,,,,,,,,,,,,,,,,,,,,,,,,,,,,,,,,,,,,,,,,,,,,,,,,,,,,,,,,,,,,,,,,,,,,,,,,,,,,,,,,,,,,,,,,,,,,,,,,,,,
,,,,,,,,,,,,,,,,,,,,,,,,,,,,,,,,,,,,,,,,,,,,,,,,,,,,,,,,,,,,,,,,,252089,001,2024-06-20_19h24.31.635,experiment,2023.2.3,MacIntel,71.42857143,63d13edbfc31f4ecf0122017,6674306cb0738f9af1686fa9,66747393db6ac812a4025032,,,,,,,,,,,,,,,,,,,,,,783.89,784.398,k,0.399,,space,,,,1,p_orange_gnome,1,0,p_yellow_forest,p_blue_basket,p_blue_gnome,1,5,p_green_forest,p_green_basket,25,5,0,0,1,p_blue_gnome,p_green_forest,p_green_basket,30,0,2,2,2,1,1,5,0.531,,,,,,,,,,,,,,,,,,,,,,,,,,,,,,,,,,,,,,,,,,,,,,,,,,,,,,,,,,,,,,,,,,,,,,,,,,,,,,,,,,,,,,,,,,,,,,,,,,,,,,,,,,,,,,,,,,,,,,,,,,,,,,,,,,,,
,,,,,,,,,,,,,,,,,,,,,,,,,,,,,,,,,,,,,,,,,,,,,,,,,,,,,,,,,,,,,,,,,252089,001,2024-06-20_19h24.31.635,experiment,2023.2.3,MacIntel,71.42857143,63d13edbfc31f4ecf0122017,6674306cb0738f9af1686fa9,66747393db6ac812a4025032,,,,,,,,,,,,,,,,,,,,,,790.956,791.46,s,0.255,,space,,,,2,p_green_gnome,2,0,p_yellow_forest,p_blue_basket,p_pink_gnome,2,5,p_green_forest,p_green_basket,0,5,0,0,1,p_green_gnome,p_yellow_forest,p_blue_basket,30,0,3,3,3,1,2,5,0.25,,,,,,,,,,,,,,,,,,,,,,,,,,,,,,,,,,,,,,,,,,,,,,,,,,,,,,,,,,,,,,,,,,,,,,,,,,,,,,,,,,,,,,,,,,,,,,,,,,,,,,,,,,,,,,,,,,,,,,,,,,,,,,,,,,,,
,,,,,,,,,,,,,,,,,,,,,,,,,,,,,,,,,,,,,,,,,,,,,,,,,,,,,,,,,,,,,,,,,252089,001,2024-06-20_19h24.31.635,experiment,2023.2.3,MacIntel,71.42857143,63d13edbfc31f4ecf0122017,6674306cb0738f9af1686fa9,66747393db6ac812a4025032,,,,,,,,,,,,,,,,,,,,,,798.003,798.514,s,0.75,,space,,,,1,p_blue_gnome,1,6,p_green_forest,p_green_basket,p_orange_gnome,1,1,p_yellow_forest,p_blue_basket,30,5,0,0,1,p_blue_gnome,p_green_forest,p_green_basket,60,1,0,4,2,1,1,5,0.387,,,,,,,,,,,,,,,,,,,,,,,,,,,,,,,,,,,,,,,,,,,,,,,,,,,,,,,,,,,,,,,,,,,,,,,,,,,,,,,,,,,,,,,,,,,,,,,,,,,,,,,,,,,,,,,,,,,,,,,,,,,,,,,,,,,,
,,,,,,,,,,,,,,,,,,,,,,,,,,,,,,,,,,,,,,,,,,,,,,,,,,,,,,,,,,,,,,,,,252089,001,2024-06-20_19h24.31.635,experiment,2023.2.3,MacIntel,71.42857143,63d13edbfc31f4ecf0122017,6674306cb0738f9af1686fa9,66747393db6ac812a4025032,,,,,,,,,,,,,,,,,,,,,,805.06,805.565,k,0.762,,space,,,,2,p_pink_gnome,2,6,p_green_forest,p_green_basket,p_green_gnome,2,1,p_yellow_forest,p_blue_basket,1,1,0,0,1,p_green_gnome,p_yellow_forest,p_blue_basket,61,1,1,5,1,1,2,1,0.154,,,,,,,,,,,,,,,,,,,,,,,,,,,,,,,,,,,,,,,,,,,,,,,,,,,,,,,,,,,,,,,,,,,,,,,,,,,,,,,,,,,,,,,,,,,,,,,,,,,,,,,,,,,,,,,,,,,,,,,,,,,,,,,,,,,,
,,,,,,,,,,,,,,,,,,,,,,,,,,,,,,,,,,,,,,,,,,,,,,,,,,,,,,,,,,,,,,,,,252089,001,2024-06-20_19h24.31.635,experiment,2023.2.3,MacIntel,71.42857143,63d13edbfc31f4ecf0122017,6674306cb0738f9af1686fa9,66747393db6ac812a4025032,,,,,,,,,,,,,,,,,,,,,,812.118,812.63,k,0.984,,space,,,,2,p_green_gnome,2,1,p_yellow_forest,p_blue_basket,p_pink_gnome,2,6,p_green_forest,p_green_basket,6,1,0,0,1,p_pink_gnome,p_green_forest,p_green_basket,67,1,2,6,1,1,2,1,0.382,,,,,,,,,,,,,,,,,,,,,,,,,,,,,,,,,,,,,,,,,,,,,,,,,,,,,,,,,,,,,,,,,,,,,,,,,,,,,,,,,,,,,,,,,,,,,,,,,,,,,,,,,,,,,,,,,,,,,,,,,,,,,,,,,,,,
,,,,,,,,,,,,,,,,,,,,,,,,,,,,,,,,,,,,,,,,,,,,,,,,,,,,,,,,,,,,,,,,,252089,001,2024-06-20_19h24.31.635,experiment,2023.2.3,MacIntel,71.42857143,63d13edbfc31f4ecf0122017,6674306cb0738f9af1686fa9,66747393db6ac812a4025032,,,,,,,,,,,,,,,,,,,,,,819.173,819.686,k,0.531,,space,,,,1,p_orange_gnome,1,1,p_yellow_forest,p_blue_basket,p_blue_gnome,1,6,p_green_forest,p_green_basket,30,5,0,0,1,p_blue_gnome,p_green_forest,p_green_basket,97,1,3,7,2,1,1,5,0.455,,,,,,,,,,,,,,,,,,,,,,,,,,,,,,,,,,,,,,,,,,,,,,,,,,,,,,,,,,,,,,,,,,,,,,,,,,,,,,,,,,,,,,,,,,,,,,,,,,,,,,,,,,,,,,,,,,,,,,,,,,,,,,,,,,,,
,,,,,,,,,,,,,,,,,,,,,,,,,,,,,,,,,,,,,,,,,,,,,,,,,,,,,,,,,,,,,,,,,252089,001,2024-06-20_19h24.31.635,experiment,2023.2.3,MacIntel,71.42857143,63d13edbfc31f4ecf0122017,6674306cb0738f9af1686fa9,66747393db6ac812a4025032,,,,,,,,,,,,,,,,,,,,,,826.216,826.731,s,0.352,,space,,,,2,p_green_gnome,2,2,p_yellow_forest,p_blue_basket,p_pink_gnome,2,7,p_green_forest,p_green_basket,10,5,0,0,1,p_green_gnome,p_yellow_forest,p_blue_basket,107,2,0,8,3,1,2,5,0.145,,,,,,,,,,,,,,,,,,,,,,,,,,,,,,,,,,,,,,,,,,,,,,,,,,,,,,,,,,,,,,,,,,,,,,,,,,,,,,,,,,,,,,,,,,,,,,,,,,,,,,,,,,,,,,,,,,,,,,,,,,,,,,,,,,,,
,,,,,,,,,,,,,,,,,,,,,,,,,,,,,,,,,,,,,,,,,,,,,,,,,,,,,,,,,,,,,,,,,252089,001,2024-06-20_19h24.31.635,experiment,2023.2.3,MacIntel,71.42857143,63d13edbfc31f4ecf0122017,6674306cb0738f9af1686fa9,66747393db6ac812a4025032,,,,,,,,,,,,,,,,,,,,,,833.273,833.785,k,0.378,,space,,,,2,p_green_gnome,2,2,p_yellow_forest,p_blue_basket,p_pink_gnome,2,7,p_green_forest,p_green_basket,35,5,0,0,1,p_pink_gnome,p_green_forest,p_green_basket,142,2,1,9,3,1,2,5,0.196,,,,,,,,,,,,,,,,,,,,,,,,,,,,,,,,,,,,,,,,,,,,,,,,,,,,,,,,,,,,,,,,,,,,,,,,,,,,,,,,,,,,,,,,,,,,,,,,,,,,,,,,,,,,,,,,,,,,,,,,,,,,,,,,,,,,
,,,,,,,,,,,,,,,,,,,,,,,,,,,,,,,,,,,,,,,,,,,,,,,,,,,,,,,,,,,,,,,,,252089,001,2024-06-20_19h24.31.635,experiment,2023.2.3,MacIntel,71.42857143,63d13edbfc31f4ecf0122017,6674306cb0738f9af1686fa9,66747393db6ac812a4025032,,,,,,,,,,,,,,,,,,,,,,840.335,840.842,s,0.587,,space,,,,2,p_green_gnome,2,2,p_yellow_forest,p_blue_basket,p_pink_gnome,2,7,p_green_forest,p_green_basket,10,5,0,0,1,p_green_gnome,p_yellow_forest,p_blue_basket,152,2,2,10,3,1,2,5,1.168,,,,,,,,,,,,,,,,,,,,,,,,,,,,,,,,,,,,,,,,,,,,,,,,,,,,,,,,,,,,,,,,,,,,,,,,,,,,,,,,,,,,,,,,,,,,,,,,,,,,,,,,,,,,,,,,,,,,,,,,,,,,,,,,,,,,
,,,,,,,,,,,,,,,,,,,,,,,,,,,,,,,,,,,,,,,,,,,,,,,,,,,,,,,,,,,,,,,,,252089,001,2024-06-20_19h24.31.635,experiment,2023.2.3,MacIntel,71.42857143,63d13edbfc31f4ecf0122017,6674306cb0738f9af1686fa9,66747393db6ac812a4025032,,,,,,,,,,,,,,,,,,,,,,847.384,847.897,k,0.587,,space,,,,1,p_blue_gnome,1,7,p_green_forest,p_green_basket,p_orange_gnome,1,2,p_yellow_forest,p_blue_basket,2,1,0,0,1,p_orange_gnome,p_yellow_forest,p_blue_basket,154,2,3,11,0,1,1,1,0.183,,,,,,,,,,,,,,,,,,,,,,,,,,,,,,,,,,,,,,,,,,,,,,,,,,,,,,,,,,,,,,,,,,,,,,,,,,,,,,,,,,,,,,,,,,,,,,,,,,,,,,,,,,,,,,,,,,,,,,,,,,,,,,,,,,,,
,,,,,,,,,,,,,,,,,,,,,,,,,,,,,,,,,,,,,,,,,,,,,,,,,,,,,,,,,,,,,,,,,252089,001,2024-06-20_19h24.31.635,experiment,2023.2.3,MacIntel,71.42857143,63d13edbfc31f4ecf0122017,6674306cb0738f9af1686fa9,66747393db6ac812a4025032,,,,,,,,,,,,,,,,,,,,,,854.437,854.952,s,0.399,,space,,,,2,p_pink_gnome,2,8,p_green_forest,p_green_basket,p_green_gnome,2,3,p_yellow_forest,p_blue_basket,40,5,0,0,1,p_pink_gnome,p_green_forest,p_green_basket,194,3,0,12,3,1,2,5,0.468,,,,,,,,,,,,,,,,,,,,,,,,,,,,,,,,,,,,,,,,,,,,,,,,,,,,,,,,,,,,,,,,,,,,,,,,,,,,,,,,,,,,,,,,,,,,,,,,,,,,,,,,,,,,,,,,,,,,,,,,,,,,,,,,,,,,
,,,,,,,,,,,,,,,,,,,,,,,,,,,,,,,,,,,,,,,,,,,,,,,,,,,,,,,,,,,,,,,,,252089,001,2024-06-20_19h24.31.635,experiment,2023.2.3,MacIntel,71.42857143,63d13edbfc31f4ecf0122017,6674306cb0738f9af1686fa9,66747393db6ac812a4025032,,,,,,,,,,,,,,,,,,,,,,861.495,862.002,k,0.375,,space,,,,1,p_blue_gnome,1,8,p_green_forest,p_green_basket,p_orange_gnome,1,3,p_yellow_forest,p_blue_basket,15,5,0,0,1,p_orange_gnome,p_yellow_forest,p_blue_basket,209,3,1,13,2,1,1,5,0.192,,,,,,,,,,,,,,,,,,,,,,,,,,,,,,,,,,,,,,,,,,,,,,,,,,,,,,,,,,,,,,,,,,,,,,,,,,,,,,,,,,,,,,,,,,,,,,,,,,,,,,,,,,,,,,,,,,,,,,,,,,,,,,,,,,,,
,,,,,,,,,,,,,,,,,,,,,,,,,,,,,,,,,,,,,,,,,,,,,,,,,,,,,,,,,,,,,,,,,252089,001,2024-06-20_19h24.31.635,experiment,2023.2.3,MacIntel,71.42857143,63d13edbfc31f4ecf0122017,6674306cb0738f9af1686fa9,66747393db6ac812a4025032,,,,,,,,,,,,,,,,,,,,,,868.539,869.046,s,0.381,,space,,,,1,p_orange_gnome,1,3,p_yellow_forest,p_blue_basket,p_blue_gnome,1,8,p_green_forest,p_green_basket,3,1,0,0,1,p_orange_gnome,p_yellow_forest,p_blue_basket,212,3,2,14,0,1,1,1,0.115,,,,,,,,,,,,,,,,,,,,,,,,,,,,,,,,,,,,,,,,,,,,,,,,,,,,,,,,,,,,,,,,,,,,,,,,,,,,,,,,,,,,,,,,,,,,,,,,,,,,,,,,,,,,,,,,,,,,,,,,,,,,,,,,,,,,
,,,,,,,,,,,,,,,,,,,,,,,,,,,,,,,,,,,,,,,,,,,,,,,,,,,,,,,,,,,,,,,,,252089,001,2024-06-20_19h24.31.635,experiment,2023.2.3,MacIntel,71.42857143,63d13edbfc31f4ecf0122017,6674306cb0738f9af1686fa9,66747393db6ac812a4025032,,,,,,,,,,,,,,,,,,,,,,875.573,876.084,k,0.287,,space,,,,1,p_blue_gnome,1,8,p_green_forest,p_green_basket,p_orange_gnome,1,3,p_yellow_forest,p_blue_basket,3,1,0,0,1,p_orange_gnome,p_yellow_forest,p_blue_basket,215,3,3,15,0,1,1,1,0.162,,,,,,,,,,,,,,,,,,,,,,,,,,,,,,,,,,,,,,,,,,,,,,,,,,,,,,,,,,,,,,,,,,,,,,,,,,,,,,,,,,,,,,,,,,,,,,,,,,,,,,,,,,,,,,,,,,,,,,,,,,,,,,,,,,,,
,,,,,,,,,,,,,,,,,,,,,,,,,,,,,,,,,,,,,,,,,,,,,,,,,,,,,,,,,,,,,,,,,252089,001,2024-06-20_19h24.31.635,experiment,2023.2.3,MacIntel,71.42857143,63d13edbfc31f4ecf0122017,6674306cb0738f9af1686fa9,66747393db6ac812a4025032,,,,,,,,,,,,,,,,,,,,,,882.627,883.134,s,0.399,,space,,,,2,p_pink_gnome,2,9,p_green_forest,p_green_basket,p_green_gnome,2,4,p_yellow_forest,p_blue_basket,9,1,0,0,1,p_pink_gnome,p_green_forest,p_green_basket,224,4,0,16,1,1,2,1,0.415,,,,,,,,,,,,,,,,,,,,,,,,,,,,,,,,,,,,,,,,,,,,,,,,,,,,,,,,,,,,,,,,,,,,,,,,,,,,,,,,,,,,,,,,,,,,,,,,,,,,,,,,,,,,,,,,,,,,,,,,,,,,,,,,,,,,
,,,,,,,,,,,,,,,,,,,,,,,,,,,,,,,,,,,,,,,,,,,,,,,,,,,,,,,,,,,,,,,,,252089,001,2024-06-20_19h24.31.635,experiment,2023.2.3,MacIntel,71.42857143,63d13edbfc31f4ecf0122017,6674306cb0738f9af1686fa9,66747393db6ac812a4025032,,,,,,,,,,,,,,,,,,,,,,889.675,890.176,k,0.529,,space,,,,1,p_blue_gnome,1,9,p_green_forest,p_green_basket,p_orange_gnome,1,4,p_yellow_forest,p_blue_basket,20,5,0,0,1,p_orange_gnome,p_yellow_forest,p_blue_basket,244,4,1,17,2,1,1,5,0.359,,,,,,,,,,,,,,,,,,,,,,,,,,,,,,,,,,,,,,,,,,,,,,,,,,,,,,,,,,,,,,,,,,,,,,,,,,,,,,,,,,,,,,,,,,,,,,,,,,,,,,,,,,,,,,,,,,,,,,,,,,,,,,,,,,,,
,,,,,,,,,,,,,,,,,,,,,,,,,,,,,,,,,,,,,,,,,,,,,,,,,,,,,,,,,,,,,,,,,252089,001,2024-06-20_19h24.31.635,experiment,2023.2.3,MacIntel,71.42857143,63d13edbfc31f4ecf0122017,6674306cb0738f9af1686fa9,66747393db6ac812a4025032,,,,,,,,,,,,,,,,,,,,,,896.734,897.236,s,0.237,,space,,,,2,p_green_gnome,2,4,p_yellow_forest,p_blue_basket,p_pink_gnome,2,9,p_green_forest,p_green_basket,4,1,0,0,1,p_green_gnome,p_yellow_forest,p_blue_basket,248,4,2,18,1,1,2,1,0.674,,,,,,,,,,,,,,,,,,,,,,,,,,,,,,,,,,,,,,,,,,,,,,,,,,,,,,,,,,,,,,,,,,,,,,,,,,,,,,,,,,,,,,,,,,,,,,,,,,,,,,,,,,,,,,,,,,,,,,,,,,,,,,,,,,,,
,,,,,,,,,,,,,,,,,,,,,,,,,,,,,,,,,,,,,,,,,,,,,,,,,,,,,,,,,,,,,,,,,252089,001,2024-06-20_19h24.31.635,experiment,2023.2.3,MacIntel,71.42857143,63d13edbfc31f4ecf0122017,6674306cb0738f9af1686fa9,66747393db6ac812a4025032,,,,,,,,,,,,,,,,,,,,,,903.772,904.273,k,0.35,,space,,,,1,p_blue_gnome,1,9,p_green_forest,p_green_basket,p_orange_gnome,1,4,p_yellow_forest,p_blue_basket,4,1,0,0,1,p_orange_gnome,p_yellow_forest,p_blue_basket,252,4,3,19,0,1,1,1,0.263,,,,,,,,,,,,,,,,,,,,,,,,,,,,,,,,,,,,,,,,,,,,,,,,,,,,,,,,,,,,,,,,,,,,,,,,,,,,,,,,,,,,,,,,,,,,,,,,,,,,,,,,,,,,,,,,,,,,,,,,,,,,,,,,,,,,
,,,,,,,,,,,,,,,,,,,,,,,,,,,,,,,,,,,,,,,,,,,,,,,,,,,,,,,,,,,,,,,,,252089,001,2024-06-20_19h24.31.635,experiment,2023.2.3,MacIntel,71.42857143,63d13edbfc31f4ecf0122017,6674306cb0738f9af1686fa9,66747393db6ac812a4025032,,,,,,,,,,,,,,,,,,,,,,,,,,,,,,,,,,,,,,,,,,,1,,,,,,,,,,,,,4,,,,space,12.537,,923.327,1355.387,0.689421894,-0.337638376,1,0,0,432.049,t_advice_finished_typing_rect,You will have a choice of gnomes to choose when you are trying to get the most mushrooms. They are either red/pink or blue/green. There will be gnomes who pay more than others and one that won't give any mushrooms at all. Take note of it,0.138376384,0.140836408,1,0,0,3.561,vb_finished_typing_rect,space,2.486,,s,0.381,,space,0.295,,4,red_gnome,4,6,dark_forest,red_basket,yellow_gnome,4,1,bright_forest,yellow_basket,6,0,0,1,red_gnome,dark_forest,red_basket,6,-1,3,0,0,0,3,1,,,,,,,,,,,,,,,,,,,,,,,,,,,,,,,,,,,,,,,,,,,,,,,,,,,,,,,,,,,,,,,,,,,,,,,,,,,,
,,,,,,,,,,,,,,,,,,,,,,,,,,,,,,,,,,,,,,,,,,,,,,,,,,,,,,,,,,,,,,,,,252089,001,2024-06-20_19h24.31.635,experiment,2023.2.3,MacIntel,71.42857143,63d13edbfc31f4ecf0122017,6674306cb0738f9af1686fa9,66747393db6ac812a4025032,,,,,,,,,,,,,,,,,,,,,,,,,,,,,,,,,,,,,,,,,,,5,,,,,,,,,,,,,4,,,,,,,,,,,,,,,,,,,,,,,,,,,k,0.762,,space,0.391,,4,yellow_gnome,4,0,bright_forest,yellow_basket,red_gnome,4,9,dark_forest,red_basket,45,0,0,1,red_gnome,dark_forest,red_basket,51,3,1,0,1,1,7,1,,,,,,,,,,,,,,,,,,,,,,,,,,,,,,,,,,,,,,,,,,,,,,,,,,,,,,,,,,,,,,,,,,,,,,,,,,,,
,,,,,,,,,,,,,,,,,,,,,,,,,,,,,,,,,,,,,,,,,,,,,,,,,,,,,,,,,,,,,,,,,252089,001,2024-06-20_19h24.31.635,experiment,2023.2.3,MacIntel,71.42857143,63d13edbfc31f4ecf0122017,6674306cb0738f9af1686fa9,66747393db6ac812a4025032,,,,,,,,,,,,,,,,,,,,,,,,,,,,,,,,,,,,,,,,,,,1,,,,,,,,,,,,,1,,,,,,,,,,,,,,,,,,,,,,,,,,,k,1.463,,space,0.559,,1,green_gnome,1,3,bright_forest,yellow_basket,pink_gnome,1,8,dark_forest,red_basket,8,0,0,1,pink_gnome,dark_forest,red_basket,59,5,1,0,2,2,0,1,,,,,,,,,,,,,,,,,,,,,,,,,,,,,,,,,,,,,,,,,,,,,,,,,,,,,,,,,,,,,,,,,,,,,,,,,,,,
,,,,,,,,,,,,,,,,,,,,,,,,,,,,,,,,,,,,,,,,,,,,,,,,,,,,,,,,,,,,,,,,,252089,001,2024-06-20_19h24.31.635,experiment,2023.2.3,MacIntel,71.42857143,63d13edbfc31f4ecf0122017,6674306cb0738f9af1686fa9,66747393db6ac812a4025032,,,,,,,,,,,,,,,,,,,,,,,,,,,,,,,,,,,,,,,,,,,5,,,,,,,,,,,,,1,,,,,,,,,,,,,,,,,,,,,,,,,,,s,0.664,,space,0.323,,1,green_gnome,1,8,bright_forest,yellow_basket,pink_gnome,1,9,dark_forest,red_basket,40,0,0,1,green_gnome,bright_forest,yellow_basket,99,2,1,0,3,3,4,1,,,,,,,,,,,,,,,,,,,,,,,,,,,,,,,,,,,,,,,,,,,,,,,,,,,,,,,,,,,,,,,,,,,,,,,,,,,,
,,,,,,,,,,,,,,,,,,,,,,,,,,,,,,,,,,,,,,,,,,,,,,,,,,,,,,,,,,,,,,,,,252089,001,2024-06-20_19h24.31.635,experiment,2023.2.3,MacIntel,71.42857143,63d13edbfc31f4ecf0122017,6674306cb0738f9af1686fa9,66747393db6ac812a4025032,,,,,,,,,,,,,,,,,,,,,,,,,,,,,,,,,,,,,,,,,,,1,,,,,,,,,,,,,2,,,,,,,,,,,,,,,,,,,,,,,,,,,s,0.536,,space,0.387,,2,blue_gnome,2,8,bright_forest,yellow_basket,purple_gnome,2,8,dark_forest,red_basket,8,0,0,1,blue_gnome,bright_forest,yellow_basket,107,-2,1,0,4,4,1,1,,,,,,,,,,,,,,,,,,,,,,,,,,,,,,,,,,,,,,,,,,,,,,,,,,,,,,,,,,,,,,,,,,,,,,,,,,,,
,,,,,,,,,,,,,,,,,,,,,,,,,,,,,,,,,,,,,,,,,,,,,,,,,,,,,,,,,,,,,,,,,252089,001,2024-06-20_19h24.31.635,experiment,2023.2.3,MacIntel,71.42857143,63d13edbfc31f4ecf0122017,6674306cb0738f9af1686fa9,66747393db6ac812a4025032,,,,,,,,,,,,,,,,,,,,,,,,,,,,,,,,,,,,,,,,,,,5,,,,,,,,,,,,,2,,,,,,,,,,,,,,,,,,,,,,,,,,,k,0.483,,space,0.473,,2,blue_gnome,2,6,bright_forest,yellow_basket,purple_gnome,2,9,dark_forest,red_basket,45,0,0,1,purple_gnome,dark_forest,red_basket,152,-2,-1,0,5,5,5,1,,,,,,,,,,,,,,,,,,,,,,,,,,,,,,,,,,,,,,,,,,,,,,,,,,,,,,,,,,,,,,,,,,,,,,,,,,,,
,,,,,,,,,,,,,,,,,,,,,,,,,,,,,,,,,,,,,,,,,,,,,,,,,,,,,,,,,,,,,,,,,252089,001,2024-06-20_19h24.31.635,experiment,2023.2.3,MacIntel,71.42857143,63d13edbfc31f4ecf0122017,6674306cb0738f9af1686fa9,66747393db6ac812a4025032,,,,,,,,,,,,,,,,,,,,,,,,,,,,,,,,,,,,,,,,,,,1,,,,,,,,,,,,,3,,,,,,,,,,,,,,,,,,,,,,,,,,,k,0.273,,space,0.268,,3,orange_gnome,3,4,bright_forest,yellow_basket,brown_gnome,3,8,dark_forest,red_basket,8,0,0,1,brown_gnome,dark_forest,red_basket,160,-1,3,0,6,6,2,1,,,,,,,,,,,,,,,,,,,,,,,,,,,,,,,,,,,,,,,,,,,,,,,,,,,,,,,,,,,,,,,,,,,,,,,,,,,,
,,,,,,,,,,,,,,,,,,,,,,,,,,,,,,,,,,,,,,,,,,,,,,,,,,,,,,,,,,,,,,,,,252089,001,2024-06-20_19h24.31.635,experiment,2023.2.3,MacIntel,71.42857143,63d13edbfc31f4ecf0122017,6674306cb0738f9af1686fa9,66747393db6ac812a4025032,,,,,,,,,,,,,,,,,,,,,,,,,,,,,,,,,,,,,,,,,,,1,,,,,,,,,,,,,1,,,,,,,,,,,,,,,,,,,,,,,,,,,k,0.734,,space,0.318,,1,pink_gnome,1,7,dark_forest,red_basket,green_gnome,1,3,bright_forest,yellow_basket,3,0,0,1,green_gnome,bright_forest,yellow_basket,163,-2,0,0,7,7,0,1,,,,,,,,,,,,,,,,,,,,,,,,,,,,,,,,,,,,,,,,,,,,,,,,,,,,,,,,,,,,,,,,,,,,,,,,,,,,
,,,,,,,,,,,,,,,,,,,,,,,,,,,,,,,,,,,,,,,,,,,,,,,,,,,,,,,,,,,,,,,,,252089,001,2024-06-20_19h24.31.635,experiment,2023.2.3,MacIntel,71.42857143,63d13edbfc31f4ecf0122017,6674306cb0738f9af1686fa9,66747393db6ac812a4025032,,,,,,,,,,,,,,,,,,,,,,,,,,,,,,,,,,,,,,,,,,,5,,,,,,,,,,,,,1,,,,,,,,,,,,,,,,,,,,,,,,,,,s,0.855,,space,0.371,,1,pink_gnome,1,7,dark_forest,red_basket,green_gnome,1,1,bright_forest,yellow_basket,35,0,0,1,pink_gnome,dark_forest,red_basket,198,1,1,1,0,8,4,1,,,,,,,,,,,,,,,,,,,,,,,,,,,,,,,,,,,,,,,,,,,,,,,,,,,,,,,,,,,,,,,,,,,,,,,,,,,,
,,,,,,,,,,,,,,,,,,,,,,,,,,,,,,,,,,,,,,,,,,,,,,,,,,,,,,,,,,,,,,,,,252089,001,2024-06-20_19h24.31.635,experiment,2023.2.3,MacIntel,71.42857143,63d13edbfc31f4ecf0122017,6674306cb0738f9af1686fa9,66747393db6ac812a4025032,,,,,,,,,,,,,,,,,,,,,,,,,,,,,,,,,,,,,,,,,,,5,,,,,,,,,,,,,4,,,,,,,,,,,,,,,,,,,,,,,,,,,s,0.573,,space,0.39,,4,red_gnome,4,8,dark_forest,red_basket,yellow_gnome,4,2,bright_forest,yellow_basket,40,0,0,1,red_gnome,dark_forest,red_basket,238,0,0,1,1,9,7,1,,,,,,,,,,,,,,,,,,,,,,,,,,,,,,,,,,,,,,,,,,,,,,,,,,,,,,,,,,,,,,,,,,,,,,,,,,,,
,,,,,,,,,,,,,,,,,,,,,,,,,,,,,,,,,,,,,,,,,,,,,,,,,,,,,,,,,,,,,,,,,252089,001,2024-06-20_19h24.31.635,experiment,2023.2.3,MacIntel,71.42857143,63d13edbfc31f4ecf0122017,6674306cb0738f9af1686fa9,66747393db6ac812a4025032,,,,,,,,,,,,,,,,,,,,,,,,,,,,,,,,,,,,,,,,,,,5,,,,,,,,,,,,,1,,,,,,,,,,,,,,,,,,,,,,,,,,,s,0.901,,space,0.254,,1,pink_gnome,1,8,dark_forest,red_basket,green_gnome,1,2,bright_forest,yellow_basket,40,0,0,1,pink_gnome,dark_forest,red_basket,278,-1,-2,1,2,10,4,1,,,,,,,,,,,,,,,,,,,,,,,,,,,,,,,,,,,,,,,,,,,,,,,,,,,,,,,,,,,,,,,,,,,,,,,,,,,,
,,,,,,,,,,,,,,,,,,,,,,,,,,,,,,,,,,,,,,,,,,,,,,,,,,,,,,,,,,,,,,,,,252089,001,2024-06-20_19h24.31.635,experiment,2023.2.3,MacIntel,71.42857143,63d13edbfc31f4ecf0122017,6674306cb0738f9af1686fa9,66747393db6ac812a4025032,,,,,,,,,,,,,,,,,,,,,,,,,,,,,,,,,,,,,,,,,,,1,,,,,,,,,,,,,1,,,,,,,,,,,,,,,,,,,,,,,,,,,s,0.666,,space,1.15,,1,green_gnome,1,1,bright_forest,yellow_basket,pink_gnome,1,6,dark_forest,red_basket,1,0,0,1,green_gnome,bright_forest,yellow_basket,279,0,2,1,3,11,0,1,,,,,,,,,,,,,,,,,,,,,,,,,,,,,,,,,,,,,,,,,,,,,,,,,,,,,,,,,,,,,,,,,,,,,,,,,,,,
,,,,,,,,,,,,,,,,,,,,,,,,,,,,,,,,,,,,,,,,,,,,,,,,,,,,,,,,,,,,,,,,,252089,001,2024-06-20_19h24.31.635,experiment,2023.2.3,MacIntel,71.42857143,63d13edbfc31f4ecf0122017,6674306cb0738f9af1686fa9,66747393db6ac812a4025032,,,,,,,,,,,,,,,,,,,,,,,,,,,,,,,,,,,,,,,,,,,1,,,,,,,,,,,,,4,,,,,,,,,,,,,,,,,,,,,,,,,,,k,0.721,,space,0.08,,4,red_gnome,4,8,dark_forest,red_basket,yellow_gnome,4,1,bright_forest,yellow_basket,1,0,0,1,yellow_gnome,bright_forest,yellow_basket,280,-1,-3,1,4,12,3,1,,,,,,,,,,,,,,,,,,,,,,,,,,,,,,,,,,,,,,,,,,,,,,,,,,,,,,,,,,,,,,,,,,,,,,,,,,,,
,,,,,,,,,,,,,,,,,,,,,,,,,,,,,,,,,,,,,,,,,,,,,,,,,,,,,,,,,,,,,,,,,252089,001,2024-06-20_19h24.31.635,experiment,2023.2.3,MacIntel,71.42857143,63d13edbfc31f4ecf0122017,6674306cb0738f9af1686fa9,66747393db6ac812a4025032,,,,,,,,,,,,,,,,,,,,,,,,,,,,,,,,,,,,,,,,,,,5,,,,,,,,,,,,,4,,,,,,,,,,,,,,,,,,,,,,,,,,,k,0.579,,space,0.346,,4,yellow_gnome,4,0,bright_forest,yellow_basket,red_gnome,4,5,dark_forest,red_basket,25,0,0,1,red_gnome,dark_forest,red_basket,305,-1,-2,1,5,13,7,1,,,,,,,,,,,,,,,,,,,,,,,,,,,,,,,,,,,,,,,,,,,,,,,,,,,,,,,,,,,,,,,,,,,,,,,,,,,,
,,,,,,,,,,,,,,,,,,,,,,,,,,,,,,,,,,,,,,,,,,,,,,,,,,,,,,,,,,,,,,,,,252089,001,2024-06-20_19h24.31.635,experiment,2023.2.3,MacIntel,71.42857143,63d13edbfc31f4ecf0122017,6674306cb0738f9af1686fa9,66747393db6ac812a4025032,,,,,,,,,,,,,,,,,,,,,,,,,,,,,,,,,,,,,,,,,,,1,,,,,,,,,,,,,1,,,,,,,,,,,,,,,,,,,,,,,,,,,k,0.709,,space,0.219,,1,pink_gnome,1,3,dark_forest,red_basket,green_gnome,1,1,bright_forest,yellow_basket,1,0,0,1,green_gnome,bright_forest,yellow_basket,306,4,-1,1,6,14,0,1,,,,,,,,,,,,,,,,,,,,,,,,,,,,,,,,,,,,,,,,,,,,,,,,,,,,,,,,,,,,,,,,,,,,,,,,,,,,
,,,,,,,,,,,,,,,,,,,,,,,,,,,,,,,,,,,,,,,,,,,,,,,,,,,,,,,,,,,,,,,,,252089,001,2024-06-20_19h24.31.635,experiment,2023.2.3,MacIntel,71.42857143,63d13edbfc31f4ecf0122017,6674306cb0738f9af1686fa9,66747393db6ac812a4025032,,,,,,,,,,,,,,,,,,,,,,,,,,,,,,,,,,,,,,,,,,,1,,,,,,,,,,,,,3,,,,,,,,,,,,,,,,,,,,,,,,,,,k,0.92,,space,0.374,,3,orange_gnome,3,5,bright_forest,yellow_basket,brown_gnome,3,2,dark_forest,red_basket,2,0,0,1,brown_gnome,dark_forest,red_basket,308,-4,1,1,7,15,2,1,,,,,,,,,,,,,,,,,,,,,,,,,,,,,,,,,,,,,,,,,,,,,,,,,,,,,,,,,,,,,,,,,,,,,,,,,,,,
,,,,,,,,,,,,,,,,,,,,,,,,,,,,,,,,,,,,,,,,,,,,,,,,,,,,,,,,,,,,,,,,,252089,001,2024-06-20_19h24.31.635,experiment,2023.2.3,MacIntel,71.42857143,63d13edbfc31f4ecf0122017,6674306cb0738f9af1686fa9,66747393db6ac812a4025032,,,,,,,,,,,,,,,,,,,,,,,,,,,,,,,,,,,,,,,,,,,5,,,,,,,,,,,,,4,,,,,,,,,,,,,,,,,,,,,,,,,,,k,0.649,,space,0.355,,4,yellow_gnome,4,1,bright_forest,yellow_basket,red_gnome,4,3,dark_forest,red_basket,15,0,0,1,red_gnome,dark_forest,red_basket,323,2,-1,2,0,16,7,1,,,,,,,,,,,,,,,,,,,,,,,,,,,,,,,,,,,,,,,,,,,,,,,,,,,,,,,,,,,,,,,,,,,,,,,,,,,,
,,,,,,,,,,,,,,,,,,,,,,,,,,,,,,,,,,,,,,,,,,,,,,,,,,,,,,,,,,,,,,,,,252089,001,2024-06-20_19h24.31.635,experiment,2023.2.3,MacIntel,71.42857143,63d13edbfc31f4ecf0122017,6674306cb0738f9af1686fa9,66747393db6ac812a4025032,,,,,,,,,,,,,,,,,,,,,,,,,,,,,,,,,,,,,,,,,,,5,,,,,,,,,,,,,2,,,,,,,,,,,,,,,,,,,,,,,,,,,s,0.687,,space,0.197,,2,purple_gnome,2,2,dark_forest,red_basket,blue_gnome,2,3,bright_forest,yellow_basket,10,0,0,1,purple_gnome,dark_forest,red_basket,333,1,-4,2,1,17,5,1,,,,,,,,,,,,,,,,,,,,,,,,,,,,,,,,,,,,,,,,,,,,,,,,,,,,,,,,,,,,,,,,,,,,,,,,,,,,
,,,,,,,,,,,,,,,,,,,,,,,,,,,,,,,,,,,,,,,,,,,,,,,,,,,,,,,,,,,,,,,,,252089,001,2024-06-20_19h24.31.635,experiment,2023.2.3,MacIntel,71.42857143,63d13edbfc31f4ecf0122017,6674306cb0738f9af1686fa9,66747393db6ac812a4025032,,,,,,,,,,,,,,,,,,,,,,,,,,,,,,,,,,,,,,,,,,,5,,,,,,,,,,,,,1,,,,,,,,,,,,,,,,,,,,,,,,,,,k,1.038,,space,0.253,,1,green_gnome,1,4,bright_forest,yellow_basket,pink_gnome,1,2,dark_forest,red_basket,10,0,0,1,pink_gnome,dark_forest,red_basket,343,4,-2,2,2,18,4,1,,,,,,,,,,,,,,,,,,,,,,,,,,,,,,,,,,,,,,,,,,,,,,,,,,,,,,,,,,,,,,,,,,,,,,,,,,,,
,,,,,,,,,,,,,,,,,,,,,,,,,,,,,,,,,,,,,,,,,,,,,,,,,,,,,,,,,,,,,,,,,252089,001,2024-06-20_19h24.31.635,experiment,2023.2.3,MacIntel,71.42857143,63d13edbfc31f4ecf0122017,6674306cb0738f9af1686fa9,66747393db6ac812a4025032,,,,,,,,,,,,,,,,,,,,,,,,,,,,,,,,,,,,,,,,,,,1,,,,,,,,,,,,,3,,,,,,,,,,,,,,,,,,,,,,,,,,,k,0.76,,space,0.237,,3,brown_gnome,3,0,dark_forest,red_basket,orange_gnome,3,8,bright_forest,yellow_basket,8,0,0,1,orange_gnome,bright_forest,yellow_basket,351,2,-1,2,3,19,2,1,,,,,,,,,,,,,,,,,,,,,,,,,,,,,,,,,,,,,,,,,,,,,,,,,,,,,,,,,,,,,,,,,,,,,,,,,,,,
,,,,,,,,,,,,,,,,,,,,,,,,,,,,,,,,,,,,,,,,,,,,,,,,,,,,,,,,,,,,,,,,,252089,001,2024-06-20_19h24.31.635,experiment,2023.2.3,MacIntel,71.42857143,63d13edbfc31f4ecf0122017,6674306cb0738f9af1686fa9,66747393db6ac812a4025032,,,,,,,,,,,,,,,,,,,,,,,,,,,,,,,,,,,,,,,,,,,5,,,,,,,,,,,,,2,,,,,,,,,,,,,,,,,,,,,,,,,,,k,0.573,,space,0.268,,2,purple_gnome,2,1,dark_forest,red_basket,blue_gnome,2,8,bright_forest,yellow_basket,40,0,0,1,blue_gnome,bright_forest,yellow_basket,391,2,-1,2,4,20,5,1,,,,,,,,,,,,,,,,,,,,,,,,,,,,,,,,,,,,,,,,,,,,,,,,,,,,,,,,,,,,,,,,,,,,,,,,,,,,
,,,,,,,,,,,,,,,,,,,,,,,,,,,,,,,,,,,,,,,,,,,,,,,,,,,,,,,,,,,,,,,,,252089,001,2024-06-20_19h24.31.635,experiment,2023.2.3,MacIntel,71.42857143,63d13edbfc31f4ecf0122017,6674306cb0738f9af1686fa9,66747393db6ac812a4025032,,,,,,,,,,,,,,,,,,,,,,,,,,,,,,,,,,,,,,,,,,,1,,,,,,,,,,,,,4,,,,,,,,,,,,,,,,,,,,,,,,,,,k,0.881,,space,0.076,,4,yellow_gnome,4,8,bright_forest,yellow_basket,red_gnome,4,0,dark_forest,red_basket,0,0,0,1,red_gnome,dark_forest,red_basket,391,-1,2,2,5,21,3,1,,,,,,,,,,,,,,,,,,,,,,,,,,,,,,,,,,,,,,,,,,,,,,,,,,,,,,,,,,,,,,,,,,,,,,,,,,,,
,,,,,,,,,,,,,,,,,,,,,,,,,,,,,,,,,,,,,,,,,,,,,,,,,,,,,,,,,,,,,,,,,252089,001,2024-06-20_19h24.31.635,experiment,2023.2.3,MacIntel,71.42857143,63d13edbfc31f4ecf0122017,6674306cb0738f9af1686fa9,66747393db6ac812a4025032,,,,,,,,,,,,,,,,,,,,,,,,,,,,,,,,,,,,,,,,,,,5,,,,,,,,,,,,,4,,,,,,,,,,,,,,,,,,,,,,,,,,,k,0.741,,space,0.29,,4,red_gnome,4,2,dark_forest,red_basket,yellow_gnome,4,7,bright_forest,yellow_basket,35,0,0,1,yellow_gnome,bright_forest,yellow_basket,426,2,0,2,6,22,7,1,,,,,,,,,,,,,,,,,,,,,,,,,,,,,,,,,,,,,,,,,,,,,,,,,,,,,,,,,,,,,,,,,,,,,,,,,,,,
,,,,,,,,,,,,,,,,,,,,,,,,,,,,,,,,,,,,,,,,,,,,,,,,,,,,,,,,,,,,,,,,,252089,001,2024-06-20_19h24.31.635,experiment,2023.2.3,MacIntel,71.42857143,63d13edbfc31f4ecf0122017,6674306cb0738f9af1686fa9,66747393db6ac812a4025032,,,,,,,,,,,,,,,,,,,,,,,,,,,,,,,,,,,,,,,,,,,1,,,,,,,,,,,,,1,,,,,,,,,,,,,,,,,,,,,,,,,,,s,0.76,,space,0.101,,1,pink_gnome,1,2,dark_forest,red_basket,green_gnome,1,9,bright_forest,yellow_basket,2,0,0,1,pink_gnome,dark_forest,red_basket,428,2,-1,2,7,23,0,1,,,,,,,,,,,,,,,,,,,,,,,,,,,,,,,,,,,,,,,,,,,,,,,,,,,,,,,,,,,,,,,,,,,,,,,,,,,,
,,,,,,,,,,,,,,,,,,,,,,,,,,,,,,,,,,,,,,,,,,,,,,,,,,,,,,,,,,,,,,,,,252089,001,2024-06-20_19h24.31.635,experiment,2023.2.3,MacIntel,71.42857143,63d13edbfc31f4ecf0122017,6674306cb0738f9af1686fa9,66747393db6ac812a4025032,,,,,,,,,,,,,,,,,,,,,,,,,,,,,,,,,,,,,,,,,,,5,,,,,,,,,,,,,2,,,,,,,,,,,,,,,,,,,,,,,,,,,k,0.712,,space,0.216,,2,blue_gnome,2,7,bright_forest,yellow_basket,purple_gnome,2,1,dark_forest,red_basket,5,0,0,1,purple_gnome,dark_forest,red_basket,433,-2,1,3,0,24,5,1,,,,,,,,,,,,,,,,,,,,,,,,,,,,,,,,,,,,,,,,,,,,,,,,,,,,,,,,,,,,,,,,,,,,,,,,,,,,
,,,,,,,,,,,,,,,,,,,,,,,,,,,,,,,,,,,,,,,,,,,,,,,,,,,,,,,,,,,,,,,,,252089,001,2024-06-20_19h24.31.635,experiment,2023.2.3,MacIntel,71.42857143,63d13edbfc31f4ecf0122017,6674306cb0738f9af1686fa9,66747393db6ac812a4025032,,,,,,,,,,,,,,,,,,,,,,,,,,,,,,,,,,,,,,,,,,,5,,,,,,,,,,,,,1,,,,,,,,,,,,,,,,,,,,,,,,,,,k,0.659,,space,0.234,,1,green_gnome,1,5,bright_forest,yellow_basket,pink_gnome,1,2,dark_forest,red_basket,10,0,0,1,pink_gnome,dark_forest,red_basket,443,0,-1,3,1,25,4,1,,,,,,,,,,,,,,,,,,,,,,,,,,,,,,,,,,,,,,,,,,,,,,,,,,,,,,,,,,,,,,,,,,,,,,,,,,,,
,,,,,,,,,,,,,,,,,,,,,,,,,,,,,,,,,,,,,,,,,,,,,,,,,,,,,,,,,,,,,,,,,252089,001,2024-06-20_19h24.31.635,experiment,2023.2.3,MacIntel,71.42857143,63d13edbfc31f4ecf0122017,6674306cb0738f9af1686fa9,66747393db6ac812a4025032,,,,,,,,,,,,,,,,,,,,,,,,,,,,,,,,,,,,,,,,,,,1,,,,,,,,,,,,,3,,,,,,,,,,,,,,,,,,,,,,,,,,,s,0.996,,space,0.326,,3,orange_gnome,3,5,bright_forest,yellow_basket,brown_gnome,3,1,dark_forest,red_basket,5,0,0,1,orange_gnome,bright_forest,yellow_basket,448,2,-3,3,2,26,2,1,,,,,,,,,,,,,,,,,,,,,,,,,,,,,,,,,,,,,,,,,,,,,,,,,,,,,,,,,,,,,,,,,,,,,,,,,,,,
,,,,,,,,,,,,,,,,,,,,,,,,,,,,,,,,,,,,,,,,,,,,,,,,,,,,,,,,,,,,,,,,,252089,001,2024-06-20_19h24.31.635,experiment,2023.2.3,MacIntel,71.42857143,63d13edbfc31f4ecf0122017,6674306cb0738f9af1686fa9,66747393db6ac812a4025032,,,,,,,,,,,,,,,,,,,,,,,,,,,,,,,,,,,,,,,,,,,1,,,,,,,,,,,,,1,,,,,,,,,,,,,,,,,,,,,,,,,,,k,0.92,,space,0.268,,1,pink_gnome,1,2,dark_forest,red_basket,green_gnome,1,7,bright_forest,yellow_basket,7,0,0,1,green_gnome,bright_forest,yellow_basket,455,-2,-2,3,3,27,0,1,,,,,,,,,,,,,,,,,,,,,,,,,,,,,,,,,,,,,,,,,,,,,,,,,,,,,,,,,,,,,,,,,,,,,,,,,,,,
,,,,,,,,,,,,,,,,,,,,,,,,,,,,,,,,,,,,,,,,,,,,,,,,,,,,,,,,,,,,,,,,,252089,001,2024-06-20_19h24.31.635,experiment,2023.2.3,MacIntel,71.42857143,63d13edbfc31f4ecf0122017,6674306cb0738f9af1686fa9,66747393db6ac812a4025032,,,,,,,,,,,,,,,,,,,,,,,,,,,,,,,,,,,,,,,,,,,5,,,,,,,,,,,,,4,,,,,,,,,,,,,,,,,,,,,,,,,,,k,0.506,,space,0.235,,4,red_gnome,4,0,dark_forest,red_basket,yellow_gnome,4,5,bright_forest,yellow_basket,25,0,0,1,yellow_gnome,bright_forest,yellow_basket,480,-3,2,3,4,28,7,1,,,,,,,,,,,,,,,,,,,,,,,,,,,,,,,,,,,,,,,,,,,,,,,,,,,,,,,,,,,,,,,,,,,,,,,,,,,,
,,,,,,,,,,,,,,,,,,,,,,,,,,,,,,,,,,,,,,,,,,,,,,,,,,,,,,,,,,,,,,,,,252089,001,2024-06-20_19h24.31.635,experiment,2023.2.3,MacIntel,71.42857143,63d13edbfc31f4ecf0122017,6674306cb0738f9af1686fa9,66747393db6ac812a4025032,,,,,,,,,,,,,,,,,,,,,,,,,,,,,,,,,,,,,,,,,,,1,,,,,,,,,,,,,3,,,,,,,,,,,,,,,,,,,,,,,,,,,k,0.903,,space,0.242,,3,brown_gnome,3,2,dark_forest,red_basket,orange_gnome,3,2,bright_forest,yellow_basket,2,0,0,1,orange_gnome,bright_forest,yellow_basket,482,3,-2,3,5,29,2,1,,,,,,,,,,,,,,,,,,,,,,,,,,,,,,,,,,,,,,,,,,,,,,,,,,,,,,,,,,,,,,,,,,,,,,,,,,,,
,,,,,,,,,,,,,,,,,,,,,,,,,,,,,,,,,,,,,,,,,,,,,,,,,,,,,,,,,,,,,,,,,252089,001,2024-06-20_19h24.31.635,experiment,2023.2.3,MacIntel,71.42857143,63d13edbfc31f4ecf0122017,6674306cb0738f9af1686fa9,66747393db6ac812a4025032,,,,,,,,,,,,,,,,,,,,,,,,,,,,,,,,,,,,,,,,,,,5,,,,,,,,,,,,,2,,,,,,,,,,,,,,,,,,,,,,,,,,,s,0.418,,space,0.22,,2,blue_gnome,2,5,bright_forest,yellow_basket,purple_gnome,2,0,dark_forest,red_basket,25,0,0,1,blue_gnome,bright_forest,yellow_basket,507,5,4,3,6,30,5,1,,,,,,,,,,,,,,,,,,,,,,,,,,,,,,,,,,,,,,,,,,,,,,,,,,,,,,,,,,,,,,,,,,,,,,,,,,,,
,,,,,,,,,,,,,,,,,,,,,,,,,,,,,,,,,,,,,,,,,,,,,,,,,,,,,,,,,,,,,,,,,252089,001,2024-06-20_19h24.31.635,experiment,2023.2.3,MacIntel,71.42857143,63d13edbfc31f4ecf0122017,6674306cb0738f9af1686fa9,66747393db6ac812a4025032,,,,,,,,,,,,,,,,,,,,,,,,,,,,,,,,,,,,,,,,,,,1,,,,,,,,,,,,,3,,,,,,,,,,,,,,,,,,,,,,,,,,,k,0.374,,space,0.221,,3,brown_gnome,3,4,dark_forest,red_basket,orange_gnome,3,8,bright_forest,yellow_basket,8,0,0,1,orange_gnome,bright_forest,yellow_basket,515,-1,-2,3,7,31,2,1,,,,,,,,,,,,,,,,,,,,,,,,,,,,,,,,,,,,,,,,,,,,,,,,,,,,,,,,,,,,,,,,,,,,,,,,,,,,
,,,,,,,,,,,,,,,,,,,,,,,,,,,,,,,,,,,,,,,,,,,,,,,,,,,,,,,,,,,,,,,,,252089,001,2024-06-20_19h24.31.635,experiment,2023.2.3,MacIntel,71.42857143,63d13edbfc31f4ecf0122017,6674306cb0738f9af1686fa9,66747393db6ac812a4025032,,,,,,,,,,,,,,,,,,,,,,,,,,,,,,,,,,,,,,,,,,,1,,,,,,,,,,,,,1,,,,,,,,,,,,,,,,,,,,,,,,,,,s,0.841,,space,0.052,,1,pink_gnome,1,2,dark_forest,red_basket,green_gnome,1,7,bright_forest,yellow_basket,2,0,0,1,pink_gnome,dark_forest,red_basket,517,1,0,4,0,32,0,1,,,,,,,,,,,,,,,,,,,,,,,,,,,,,,,,,,,,,,,,,,,,,,,,,,,,,,,,,,,,,,,,,,,,,,,,,,,,
,,,,,,,,,,,,,,,,,,,,,,,,,,,,,,,,,,,,,,,,,,,,,,,,,,,,,,,,,,,,,,,,,252089,001,2024-06-20_19h24.31.635,experiment,2023.2.3,MacIntel,71.42857143,63d13edbfc31f4ecf0122017,6674306cb0738f9af1686fa9,66747393db6ac812a4025032,,,,,,,,,,,,,,,,,,,,,,,,,,,,,,,,,,,,,,,,,,,1,,,,,,,,,,,,,3,,,,,,,,,,,,,,,,,,,,,,,,,,,k,0.563,,space,0.123,,3,brown_gnome,3,2,dark_forest,red_basket,orange_gnome,3,8,bright_forest,yellow_basket,8,0,0,1,orange_gnome,bright_forest,yellow_basket,525,1,1,4,1,33,2,1,,,,,,,,,,,,,,,,,,,,,,,,,,,,,,,,,,,,,,,,,,,,,,,,,,,,,,,,,,,,,,,,,,,,,,,,,,,,
,,,,,,,,,,,,,,,,,,,,,,,,,,,,,,,,,,,,,,,,,,,,,,,,,,,,,,,,,,,,,,,,,252089,001,2024-06-20_19h24.31.635,experiment,2023.2.3,MacIntel,71.42857143,63d13edbfc31f4ecf0122017,6674306cb0738f9af1686fa9,66747393db6ac812a4025032,,,,,,,,,,,,,,,,,,,,,,,,,,,,,,,,,,,,,,,,,,,1,,,,,,,,,,,,,4,,,,,,,,,,,,,,,,,,,,,,,,,,,s,0.467,,space,0.126,,4,yellow_gnome,4,9,bright_forest,yellow_basket,red_gnome,4,3,dark_forest,red_basket,9,0,0,1,yellow_gnome,bright_forest,yellow_basket,534,1,0,4,2,34,3,1,,,,,,,,,,,,,,,,,,,,,,,,,,,,,,,,,,,,,,,,,,,,,,,,,,,,,,,,,,,,,,,,,,,,,,,,,,,,
,,,,,,,,,,,,,,,,,,,,,,,,,,,,,,,,,,,,,,,,,,,,,,,,,,,,,,,,,,,,,,,,,252089,001,2024-06-20_19h24.31.635,experiment,2023.2.3,MacIntel,71.42857143,63d13edbfc31f4ecf0122017,6674306cb0738f9af1686fa9,66747393db6ac812a4025032,,,,,,,,,,,,,,,,,,,,,,,,,,,,,,,,,,,,,,,,,,,1,,,,,,,,,,,,,1,,,,,,,,,,,,,,,,,,,,,,,,,,,k,0.635,,space,0.205,,1,pink_gnome,1,3,dark_forest,red_basket,green_gnome,1,8,bright_forest,yellow_basket,8,0,0,1,green_gnome,bright_forest,yellow_basket,542,-2,2,4,3,35,0,1,,,,,,,,,,,,,,,,,,,,,,,,,,,,,,,,,,,,,,,,,,,,,,,,,,,,,,,,,,,,,,,,,,,,,,,,,,,,
,,,,,,,,,,,,,,,,,,,,,,,,,,,,,,,,,,,,,,,,,,,,,,,,,,,,,,,,,,,,,,,,,252089,001,2024-06-20_19h24.31.635,experiment,2023.2.3,MacIntel,71.42857143,63d13edbfc31f4ecf0122017,6674306cb0738f9af1686fa9,66747393db6ac812a4025032,,,,,,,,,,,,,,,,,,,,,,,,,,,,,,,,,,,,,,,,,,,1,,,,,,,,,,,,,4,,,,,,,,,,,,,,,,,,,,,,,,,,,k,0.606,,space,0.126,,4,red_gnome,4,5,dark_forest,red_basket,yellow_gnome,4,6,bright_forest,yellow_basket,6,0,0,1,yellow_gnome,bright_forest,yellow_basket,548,-1,-2,4,4,36,3,1,,,,,,,,,,,,,,,,,,,,,,,,,,,,,,,,,,,,,,,,,,,,,,,,,,,,,,,,,,,,,,,,,,,,,,,,,,,,
,,,,,,,,,,,,,,,,,,,,,,,,,,,,,,,,,,,,,,,,,,,,,,,,,,,,,,,,,,,,,,,,,252089,001,2024-06-20_19h24.31.635,experiment,2023.2.3,MacIntel,71.42857143,63d13edbfc31f4ecf0122017,6674306cb0738f9af1686fa9,66747393db6ac812a4025032,,,,,,,,,,,,,,,,,,,,,,,,,,,,,,,,,,,,,,,,,,,1,,,,,,,,,,,,,4,,,,,,,,,,,,,,,,,,,,,,,,,,,k,0.261,,space,0.265,,4,red_gnome,4,3,dark_forest,red_basket,yellow_gnome,4,5,bright_forest,yellow_basket,5,0,0,1,yellow_gnome,bright_forest,yellow_basket,553,-1,-4,4,5,37,3,1,,,,,,,,,,,,,,,,,,,,,,,,,,,,,,,,,,,,,,,,,,,,,,,,,,,,,,,,,,,,,,,,,,,,,,,,,,,,
,,,,,,,,,,,,,,,,,,,,,,,,,,,,,,,,,,,,,,,,,,,,,,,,,,,,,,,,,,,,,,,,,252089,001,2024-06-20_19h24.31.635,experiment,2023.2.3,MacIntel,71.42857143,63d13edbfc31f4ecf0122017,6674306cb0738f9af1686fa9,66747393db6ac812a4025032,,,,,,,,,,,,,,,,,,,,,,,,,,,,,,,,,,,,,,,,,,,1,,,,,,,,,,,,,2,,,,,,,,,,,,,,,,,,,,,,,,,,,s,0.34,,space,0.658,,2,blue_gnome,2,4,bright_forest,yellow_basket,purple_gnome,2,1,dark_forest,red_basket,4,0,0,1,blue_gnome,bright_forest,yellow_basket,557,0,-3,4,6,38,1,1,,,,,,,,,,,,,,,,,,,,,,,,,,,,,,,,,,,,,,,,,,,,,,,,,,,,,,,,,,,,,,,,,,,,,,,,,,,,
,,,,,,,,,,,,,,,,,,,,,,,,,,,,,,,,,,,,,,,,,,,,,,,,,,,,,,,,,,,,,,,,,252089,001,2024-06-20_19h24.31.635,experiment,2023.2.3,MacIntel,71.42857143,63d13edbfc31f4ecf0122017,6674306cb0738f9af1686fa9,66747393db6ac812a4025032,,,,,,,,,,,,,,,,,,,,,,,,,,,,,,,,,,,,,,,,,,,1,,,,,,,,,,,,,4,,,,,,,,,,,,,,,,,,,,,,,,,,,k,0.491,,space,0.155,,4,red_gnome,4,2,dark_forest,red_basket,yellow_gnome,4,4,bright_forest,yellow_basket,4,0,0,1,yellow_gnome,bright_forest,yellow_basket,561,0,3,4,7,39,3,1,,,,,,,,,,,,,,,,,,,,,,,,,,,,,,,,,,,,,,,,,,,,,,,,,,,,,,,,,,,,,,,,,,,,,,,,,,,,
,,,,,,,,,,,,,,,,,,,,,,,,,,,,,,,,,,,,,,,,,,,,,,,,,,,,,,,,,,,,,,,,,252089,001,2024-06-20_19h24.31.635,experiment,2023.2.3,MacIntel,71.42857143,63d13edbfc31f4ecf0122017,6674306cb0738f9af1686fa9,66747393db6ac812a4025032,,,,,,,,,,,,,,,,,,,,,,,,,,,,,,,,,,,,,,,,,,,5,,,,,,,,,,,,,3,,,,,,,,,,,,,,,,,,,,,,,,,,,s,0.546,,space,0.334,,3,orange_gnome,3,4,bright_forest,yellow_basket,brown_gnome,3,5,dark_forest,red_basket,20,0,0,1,orange_gnome,bright_forest,yellow_basket,581,-2,1,5,0,40,6,1,,,,,,,,,,,,,,,,,,,,,,,,,,,,,,,,,,,,,,,,,,,,,,,,,,,,,,,,,,,,,,,,,,,,,,,,,,,,
,,,,,,,,,,,,,,,,,,,,,,,,,,,,,,,,,,,,,,,,,,,,,,,,,,,,,,,,,,,,,,,,,252089,001,2024-06-20_19h24.31.635,experiment,2023.2.3,MacIntel,71.42857143,63d13edbfc31f4ecf0122017,6674306cb0738f9af1686fa9,66747393db6ac812a4025032,,,,,,,,,,,,,,,,,,,,,,,,,,,,,,,,,,,,,,,,,,,1,,,,,,,,,,,,,3,,,,,,,,,,,,,,,,,,,,,,,,,,,k,0.478,,space,0.258,,3,brown_gnome,3,6,dark_forest,red_basket,orange_gnome,3,2,bright_forest,yellow_basket,2,0,0,1,orange_gnome,bright_forest,yellow_basket,583,-1,1,5,1,41,2,1,,,,,,,,,,,,,,,,,,,,,,,,,,,,,,,,,,,,,,,,,,,,,,,,,,,,,,,,,,,,,,,,,,,,,,,,,,,,
,,,,,,,,,,,,,,,,,,,,,,,,,,,,,,,,,,,,,,,,,,,,,,,,,,,,,,,,,,,,,,,,,252089,001,2024-06-20_19h24.31.635,experiment,2023.2.3,MacIntel,71.42857143,63d13edbfc31f4ecf0122017,6674306cb0738f9af1686fa9,66747393db6ac812a4025032,,,,,,,,,,,,,,,,,,,,,,,,,,,,,,,,,,,,,,,,,,,5,,,,,,,,,,,,,4,,,,,,,,,,,,,,,,,,,,,,,,,,,k,0.619,,space,0.068,,4,red_gnome,4,7,dark_forest,red_basket,yellow_gnome,4,1,bright_forest,yellow_basket,5,0,0,1,yellow_gnome,bright_forest,yellow_basket,588,2,-1,5,2,42,7,1,,,,,,,,,,,,,,,,,,,,,,,,,,,,,,,,,,,,,,,,,,,,,,,,,,,,,,,,,,,,,,,,,,,,,,,,,,,,
,,,,,,,,,,,,,,,,,,,,,,,,,,,,,,,,,,,,,,,,,,,,,,,,,,,,,,,,,,,,,,,,,252089,001,2024-06-20_19h24.31.635,experiment,2023.2.3,MacIntel,71.42857143,63d13edbfc31f4ecf0122017,6674306cb0738f9af1686fa9,66747393db6ac812a4025032,,,,,,,,,,,,,,,,,,,,,,,,,,,,,,,,,,,,,,,,,,,1,,,,,,,,,,,,,2,,,,,,,,,,,,,,,,,,,,,,,,,,,k,0.877,,space,0.258,,2,blue_gnome,2,3,bright_forest,yellow_basket,purple_gnome,2,6,dark_forest,red_basket,6,0,0,1,purple_gnome,dark_forest,red_basket,594,-3,2,5,3,43,1,1,,,,,,,,,,,,,,,,,,,,,,,,,,,,,,,,,,,,,,,,,,,,,,,,,,,,,,,,,,,,,,,,,,,,,,,,,,,,
,,,,,,,,,,,,,,,,,,,,,,,,,,,,,,,,,,,,,,,,,,,,,,,,,,,,,,,,,,,,,,,,,252089,001,2024-06-20_19h24.31.635,experiment,2023.2.3,MacIntel,71.42857143,63d13edbfc31f4ecf0122017,6674306cb0738f9af1686fa9,66747393db6ac812a4025032,,,,,,,,,,,,,,,,,,,,,,,,,,,,,,,,,,,,,,,,,,,1,,,,,,,,,,,,,2,,,,,,,,,,,,,,,,,,,,,,,,,,,s,0.613,,space,0.146,,2,blue_gnome,2,0,bright_forest,yellow_basket,purple_gnome,2,8,dark_forest,red_basket,0,0,0,1,blue_gnome,bright_forest,yellow_basket,594,2,1,5,4,44,1,1,,,,,,,,,,,,,,,,,,,,,,,,,,,,,,,,,,,,,,,,,,,,,,,,,,,,,,,,,,,,,,,,,,,,,,,,,,,,
,,,,,,,,,,,,,,,,,,,,,,,,,,,,,,,,,,,,,,,,,,,,,,,,,,,,,,,,,,,,,,,,,252089,001,2024-06-20_19h24.31.635,experiment,2023.2.3,MacIntel,71.42857143,63d13edbfc31f4ecf0122017,6674306cb0738f9af1686fa9,66747393db6ac812a4025032,,,,,,,,,,,,,,,,,,,,,,,,,,,,,,,,,,,,,,,,,,,1,,,,,,,,,,,,,3,,,,,,,,,,,,,,,,,,,,,,,,,,,k,0.521,,space,0.328,,3,brown_gnome,3,9,dark_forest,red_basket,orange_gnome,3,2,bright_forest,yellow_basket,2,0,0,1,orange_gnome,bright_forest,yellow_basket,596,-1,-3,5,5,45,2,1,,,,,,,,,,,,,,,,,,,,,,,,,,,,,,,,,,,,,,,,,,,,,,,,,,,,,,,,,,,,,,,,,,,,,,,,,,,,
,,,,,,,,,,,,,,,,,,,,,,,,,,,,,,,,,,,,,,,,,,,,,,,,,,,,,,,,,,,,,,,,,252089,001,2024-06-20_19h24.31.635,experiment,2023.2.3,MacIntel,71.42857143,63d13edbfc31f4ecf0122017,6674306cb0738f9af1686fa9,66747393db6ac812a4025032,,,,,,,,,,,,,,,,,,,,,,,,,,,,,,,,,,,,,,,,,,,1,,,,,,,,,,,,,4,,,,,,,,,,,,,,,,,,,,,,,,,,,s,0.433,,space,0.285,,4,red_gnome,4,6,dark_forest,red_basket,yellow_gnome,4,1,bright_forest,yellow_basket,6,0,0,1,red_gnome,dark_forest,red_basket,602,-1,-2,5,6,46,3,1,,,,,,,,,,,,,,,,,,,,,,,,,,,,,,,,,,,,,,,,,,,,,,,,,,,,,,,,,,,,,,,,,,,,,,,,,,,,
,,,,,,,,,,,,,,,,,,,,,,,,,,,,,,,,,,,,,,,,,,,,,,,,,,,,,,,,,,,,,,,,,252089,001,2024-06-20_19h24.31.635,experiment,2023.2.3,MacIntel,71.42857143,63d13edbfc31f4ecf0122017,6674306cb0738f9af1686fa9,66747393db6ac812a4025032,,,,,,,,,,,,,,,,,,,,,,,,,,,,,,,,,,,,,,,,,,,1,,,,,,,,,,,,,2,,,,,,,,,,,,,,,,,,,,,,,,,,,k,0.491,,space,0.159,,2,purple_gnome,2,4,dark_forest,red_basket,blue_gnome,2,0,bright_forest,yellow_basket,0,0,0,1,blue_gnome,bright_forest,yellow_basket,602,-1,-3,5,7,47,1,1,,,,,,,,,,,,,,,,,,,,,,,,,,,,,,,,,,,,,,,,,,,,,,,,,,,,,,,,,,,,,,,,,,,,,,,,,,,,
,,,,,,,,,,,,,,,,,,,,,,,,,,,,,,,,,,,,,,,,,,,,,,,,,,,,,,,,,,,,,,,,,252089,001,2024-06-20_19h24.31.635,experiment,2023.2.3,MacIntel,71.42857143,63d13edbfc31f4ecf0122017,6674306cb0738f9af1686fa9,66747393db6ac812a4025032,,,,,,,,,,,,,,,,,,,,,,,,,,,,,,,,,,,,,,,,,,,1,,,,,,,,,,,,,4,,,,,,,,,,,,,,,,,,,,,,,,,,,k,0.506,,space,0.179,,4,red_gnome,4,1,dark_forest,red_basket,yellow_gnome,4,1,bright_forest,yellow_basket,1,0,0,1,yellow_gnome,bright_forest,yellow_basket,603,-1,0,6,0,48,3,1,,,,,,,,,,,,,,,,,,,,,,,,,,,,,,,,,,,,,,,,,,,,,,,,,,,,,,,,,,,,,,,,,,,,,,,,,,,,
,,,,,,,,,,,,,,,,,,,,,,,,,,,,,,,,,,,,,,,,,,,,,,,,,,,,,,,,,,,,,,,,,252089,001,2024-06-20_19h24.31.635,experiment,2023.2.3,MacIntel,71.42857143,63d13edbfc31f4ecf0122017,6674306cb0738f9af1686fa9,66747393db6ac812a4025032,,,,,,,,,,,,,,,,,,,,,,,,,,,,,,,,,,,,,,,,,,,1,,,,,,,,,,,,,1,,,,,,,,,,,,,,,,,,,,,,,,,,,s,0.816,,space,1.054,,1,green_gnome,1,0,bright_forest,yellow_basket,pink_gnome,1,1,dark_forest,red_basket,0,0,0,1,green_gnome,bright_forest,yellow_basket,603,-2,1,6,1,49,0,1,,,,,,,,,,,,,,,,,,,,,,,,,,,,,,,,,,,,,,,,,,,,,,,,,,,,,,,,,,,,,,,,,,,,,,,,,,,,
,,,,,,,,,,,,,,,,,,,,,,,,,,,,,,,,,,,,,,,,,,,,,,,,,,,,,,,,,,,,,,,,,252089,001,2024-06-20_19h24.31.635,experiment,2023.2.3,MacIntel,71.42857143,63d13edbfc31f4ecf0122017,6674306cb0738f9af1686fa9,66747393db6ac812a4025032,,,,,,,,,,,,,,,,,,,,,,,,,,,,,,,,,,,,,,,,,,,1,,,,,,,,,,,,,4,,,,,,,,,,,,,,,,,,,,,,,,,,,s,0.437,,space,0.166,,4,yellow_gnome,4,2,bright_forest,yellow_basket,red_gnome,4,2,dark_forest,red_basket,2,0,0,1,yellow_gnome,bright_forest,yellow_basket,605,0,-2,6,2,50,3,1,,,,,,,,,,,,,,,,,,,,,,,,,,,,,,,,,,,,,,,,,,,,,,,,,,,,,,,,,,,,,,,,,,,,,,,,,,,,
,,,,,,,,,,,,,,,,,,,,,,,,,,,,,,,,,,,,,,,,,,,,,,,,,,,,,,,,,,,,,,,,,252089,001,2024-06-20_19h24.31.635,experiment,2023.2.3,MacIntel,71.42857143,63d13edbfc31f4ecf0122017,6674306cb0738f9af1686fa9,66747393db6ac812a4025032,,,,,,,,,,,,,,,,,,,,,,,,,,,,,,,,,,,,,,,,,,,5,,,,,,,,,,,,,3,,,,,,,,,,,,,,,,,,,,,,,,,,,k,0.616,,space,0.034,,3,brown_gnome,3,0,dark_forest,red_basket,orange_gnome,3,2,bright_forest,yellow_basket,10,0,0,1,orange_gnome,bright_forest,yellow_basket,615,0,0,6,3,51,6,1,,,,,,,,,,,,,,,,,,,,,,,,,,,,,,,,,,,,,,,,,,,,,,,,,,,,,,,,,,,,,,,,,,,,,,,,,,,,
,,,,,,,,,,,,,,,,,,,,,,,,,,,,,,,,,,,,,,,,,,,,,,,,,,,,,,,,,,,,,,,,,252089,001,2024-06-20_19h24.31.635,experiment,2023.2.3,MacIntel,71.42857143,63d13edbfc31f4ecf0122017,6674306cb0738f9af1686fa9,66747393db6ac812a4025032,,,,,,,,,,,,,,,,,,,,,,,,,,,,,,,,,,,,,,,,,,,1,,,,,,,,,,,,,3,,,,,,,,,,,,,,,,,,,,,,,,,,,s,0.856,,space,0.15,,3,orange_gnome,3,2,bright_forest,yellow_basket,brown_gnome,3,0,dark_forest,red_basket,2,0,0,1,orange_gnome,bright_forest,yellow_basket,617,1,2,6,4,52,2,1,,,,,,,,,,,,,,,,,,,,,,,,,,,,,,,,,,,,,,,,,,,,,,,,,,,,,,,,,,,,,,,,,,,,,,,,,,,,
,,,,,,,,,,,,,,,,,,,,,,,,,,,,,,,,,,,,,,,,,,,,,,,,,,,,,,,,,,,,,,,,,252089,001,2024-06-20_19h24.31.635,experiment,2023.2.3,MacIntel,71.42857143,63d13edbfc31f4ecf0122017,6674306cb0738f9af1686fa9,66747393db6ac812a4025032,,,,,,,,,,,,,,,,,,,,,,,,,,,,,,,,,,,,,,,,,,,5,,,,,,,,,,,,,3,,,,,,,,,,,,,,,,,,,,,,,,,,,s,1.09,,space,0.329,,3,brown_gnome,3,2,dark_forest,red_basket,orange_gnome,3,3,bright_forest,yellow_basket,10,0,0,1,brown_gnome,dark_forest,red_basket,627,-5,3,6,5,53,6,1,,,,,,,,,,,,,,,,,,,,,,,,,,,,,,,,,,,,,,,,,,,,,,,,,,,,,,,,,,,,,,,,,,,,,,,,,,,,
,,,,,,,,,,,,,,,,,,,,,,,,,,,,,,,,,,,,,,,,,,,,,,,,,,,,,,,,,,,,,,,,,252089,001,2024-06-20_19h24.31.635,experiment,2023.2.3,MacIntel,71.42857143,63d13edbfc31f4ecf0122017,6674306cb0738f9af1686fa9,66747393db6ac812a4025032,,,,,,,,,,,,,,,,,,,,,,,,,,,,,,,,,,,,,,,,,,,1,,,,,,,,,,,,,2,,,,,,,,,,,,,,,,,,,,,,,,,,,k,0.727,,space,0.244,,2,blue_gnome,2,2,bright_forest,yellow_basket,purple_gnome,2,5,dark_forest,red_basket,5,0,0,1,purple_gnome,dark_forest,red_basket,632,0,1,6,6,54,1,1,,,,,,,,,,,,,,,,,,,,,,,,,,,,,,,,,,,,,,,,,,,,,,,,,,,,,,,,,,,,,,,,,,,,,,,,,,,,
,,,,,,,,,,,,,,,,,,,,,,,,,,,,,,,,,,,,,,,,,,,,,,,,,,,,,,,,,,,,,,,,,252089,001,2024-06-20_19h24.31.635,experiment,2023.2.3,MacIntel,71.42857143,63d13edbfc31f4ecf0122017,6674306cb0738f9af1686fa9,66747393db6ac812a4025032,,,,,,,,,,,,,,,,,,,,,,,,,,,,,,,,,,,,,,,,,,,1,,,,,,,,,,,,,1,,,,,,,,,,,,,,,,,,,,,,,,,,,k,0.798,,space,0.198,,1,green_gnome,1,2,bright_forest,yellow_basket,pink_gnome,1,6,dark_forest,red_basket,6,0,0,1,pink_gnome,dark_forest,red_basket,638,0,-4,6,7,55,0,1,,,,,,,,,,,,,,,,,,,,,,,,,,,,,,,,,,,,,,,,,,,,,,,,,,,,,,,,,,,,,,,,,,,,,,,,,,,,
,,,,,,,,,,,,,,,,,,,,,,,,,,,,,,,,,,,,,,,,,,,,,,,,,,,,,,,,,,,,,,,,,252089,001,2024-06-20_19h24.31.635,experiment,2023.2.3,MacIntel,71.42857143,63d13edbfc31f4ecf0122017,6674306cb0738f9af1686fa9,66747393db6ac812a4025032,,,,,,,,,,,,,,,,,,,,,,,,,,,,,,,,,,,,,,,,,,,1,,,,,,,,,,,,,4,,,,,,,,,,,,,,,,,,,,,,,,,,,k,0.449,,space,0.228,,4,red_gnome,4,2,dark_forest,red_basket,yellow_gnome,4,2,bright_forest,yellow_basket,2,0,0,1,yellow_gnome,bright_forest,yellow_basket,640,-1,0,7,0,56,3,1,,,,,,,,,,,,,,,,,,,,,,,,,,,,,,,,,,,,,,,,,,,,,,,,,,,,,,,,,,,,,,,,,,,,,,,,,,,,
,,,,,,,,,,,,,,,,,,,,,,,,,,,,,,,,,,,,,,,,,,,,,,,,,,,,,,,,,,,,,,,,,252089,001,2024-06-20_19h24.31.635,experiment,2023.2.3,MacIntel,71.42857143,63d13edbfc31f4ecf0122017,6674306cb0738f9af1686fa9,66747393db6ac812a4025032,,,,,,,,,,,,,,,,,,,,,,,,,,,,,,,,,,,,,,,,,,,1,,,,,,,,,,,,,4,,,,,,,,,,,,,,,,,,,,,,,,,,,k,0.631,,space,0.04,,4,red_gnome,4,2,dark_forest,red_basket,yellow_gnome,4,1,bright_forest,yellow_basket,1,0,0,1,yellow_gnome,bright_forest,yellow_basket,641,2,2,7,1,57,3,1,,,,,,,,,,,,,,,,,,,,,,,,,,,,,,,,,,,,,,,,,,,,,,,,,,,,,,,,,,,,,,,,,,,,,,,,,,,,
,,,,,,,,,,,,,,,,,,,,,,,,,,,,,,,,,,,,,,,,,,,,,,,,,,,,,,,,,,,,,,,,,252089,001,2024-06-20_19h24.31.635,experiment,2023.2.3,MacIntel,71.42857143,63d13edbfc31f4ecf0122017,6674306cb0738f9af1686fa9,66747393db6ac812a4025032,,,,,,,,,,,,,,,,,,,,,,,,,,,,,,,,,,,,,,,,,,,5,,,,,,,,,,,,,2,,,,,,,,,,,,,,,,,,,,,,,,,,,k,0.679,,space,0.137,,2,blue_gnome,2,3,bright_forest,yellow_basket,purple_gnome,2,4,dark_forest,red_basket,20,0,0,1,purple_gnome,dark_forest,red_basket,661,0,1,7,2,58,5,1,,,,,,,,,,,,,,,,,,,,,,,,,,,,,,,,,,,,,,,,,,,,,,,,,,,,,,,,,,,,,,,,,,,,,,,,,,,,
,,,,,,,,,,,,,,,,,,,,,,,,,,,,,,,,,,,,,,,,,,,,,,,,,,,,,,,,,,,,,,,,,252089,001,2024-06-20_19h24.31.635,experiment,2023.2.3,MacIntel,71.42857143,63d13edbfc31f4ecf0122017,6674306cb0738f9af1686fa9,66747393db6ac812a4025032,,,,,,,,,,,,,,,,,,,,,,,,,,,,,,,,,,,,,,,,,,,1,,,,,,,,,,,,,1,,,,,,,,,,,,,,,,,,,,,,,,,,,k,0.864,,space,0.073,,1,green_gnome,1,3,bright_forest,yellow_basket,pink_gnome,1,5,dark_forest,red_basket,5,0,0,1,pink_gnome,dark_forest,red_basket,666,1,0,7,3,59,0,1,,,,,,,,,,,,,,,,,,,,,,,,,,,,,,,,,,,,,,,,,,,,,,,,,,,,,,,,,,,,,,,,,,,,,,,,,,,,
,,,,,,,,,,,,,,,,,,,,,,,,,,,,,,,,,,,,,,,,,,,,,,,,,,,,,,,,,,,,,,,,,252089,001,2024-06-20_19h24.31.635,experiment,2023.2.3,MacIntel,71.42857143,63d13edbfc31f4ecf0122017,6674306cb0738f9af1686fa9,66747393db6ac812a4025032,,,,,,,,,,,,,,,,,,,,,,,,,,,,,,,,,,,,,,,,,,,1,,,,,,,,,,,,,4,,,,,,,,,,,,,,,,,,,,,,,,,,,k,0.587,,space,0.032,,4,red_gnome,4,5,dark_forest,red_basket,yellow_gnome,4,4,bright_forest,yellow_basket,4,0,0,1,yellow_gnome,bright_forest,yellow_basket,670,2,1,7,4,60,3,1,,,,,,,,,,,,,,,,,,,,,,,,,,,,,,,,,,,,,,,,,,,,,,,,,,,,,,,,,,,,,,,,,,,,,,,,,,,,
,,,,,,,,,,,,,,,,,,,,,,,,,,,,,,,,,,,,,,,,,,,,,,,,,,,,,,,,,,,,,,,,,252089,001,2024-06-20_19h24.31.635,experiment,2023.2.3,MacIntel,71.42857143,63d13edbfc31f4ecf0122017,6674306cb0738f9af1686fa9,66747393db6ac812a4025032,,,,,,,,,,,,,,,,,,,,,,,,,,,,,,,,,,,,,,,,,,,5,,,,,,,,,,,,,4,,,,,,,,,,,,,,,,,,,,,,,,,,,k,0.634,,space,0.432,,4,red_gnome,4,6,dark_forest,red_basket,yellow_gnome,4,6,bright_forest,yellow_basket,30,0,0,1,yellow_gnome,bright_forest,yellow_basket,700,0,2,7,5,61,7,1,,,,,,,,,,,,,,,,,,,,,,,,,,,,,,,,,,,,,,,,,,,,,,,,,,,,,,,,,,,,,,,,,,,,,,,,,,,,
,,,,,,,,,,,,,,,,,,,,,,,,,,,,,,,,,,,,,,,,,,,,,,,,,,,,,,,,,,,,,,,,,252089,001,2024-06-20_19h24.31.635,experiment,2023.2.3,MacIntel,71.42857143,63d13edbfc31f4ecf0122017,6674306cb0738f9af1686fa9,66747393db6ac812a4025032,,,,,,,,,,,,,,,,,,,,,,,,,,,,,,,,,,,,,,,,,,,1,,,,,,,,,,,,,1,,,,,,,,,,,,,,,,,,,,,,,,,,,k,0.913,,space,0.224,,1,pink_gnome,1,8,dark_forest,red_basket,green_gnome,1,6,bright_forest,yellow_basket,6,0,0,1,green_gnome,bright_forest,yellow_basket,706,-6,-1,7,6,62,0,1,,,,,,,,,,,,,,,,,,,,,,,,,,,,,,,,,,,,,,,,,,,,,,,,,,,,,,,,,,,,,,,,,,,,,,,,,,,,
,,,,,,,,,,,,,,,,,,,,,,,,,,,,,,,,,,,,,,,,,,,,,,,,,,,,,,,,,,,,,,,,,252089,001,2024-06-20_19h24.31.635,experiment,2023.2.3,MacIntel,71.42857143,63d13edbfc31f4ecf0122017,6674306cb0738f9af1686fa9,66747393db6ac812a4025032,,,,,,,,,,,,,,,,,,,,,,,,,,,,,,,,,,,,,,,,,,,5,,,,,,,,,,,,,4,,,,,,,,,,,,,,,,,,,,,,,,,,,s,0.473,,space,0.189,,4,red_gnome,4,7,dark_forest,red_basket,yellow_gnome,4,0,bright_forest,yellow_basket,35,0,0,1,red_gnome,dark_forest,red_basket,741,2,-1,7,7,63,7,1,space,188.361,,,,,,,,,,,,,,,,,,,,,,,,,,,,,,,,,,,,,,,,,,,,,,,,,,,,,,,,,,,,,,,,,,,,,,,,,,
,,,,,,,,,,,,,,,,,,,,,,,,,,,,,,,,,,,,,,,,,,,,,,,,,,,,,,,,,,,,,,,,,252089,001,2024-06-20_19h24.31.635,experiment,2023.2.3,MacIntel,71.42857143,63d13edbfc31f4ecf0122017,6674306cb0738f9af1686fa9,66747393db6ac812a4025032,,,,,,,,,,,,,,,,,,,,,,,,,,,,,,,,,,,,,,,,,,,5,,,,,,,,,,,,,4,,,,,,,,,,,,,,,,,,,,,,,,,,,k,0.614,,space,0.256,,4,red_gnome,4,6,dark_forest,red_basket,yellow_gnome,4,2,bright_forest,yellow_basket,10,0,0,1,yellow_gnome,bright_forest,yellow_basket,751,-2,-1,8,0,64,7,1,,,,,,,,,,,,,,,,,,,,,,,,,,,,,,,,,,,,,,,,,,,,,,,,,,,,,,,,,,,,,,,,,,,,,,,,,,,,
,,,,,,,,,,,,,,,,,,,,,,,,,,,,,,,,,,,,,,,,,,,,,,,,,,,,,,,,,,,,,,,,,252089,001,2024-06-20_19h24.31.635,experiment,2023.2.3,MacIntel,71.42857143,63d13edbfc31f4ecf0122017,6674306cb0738f9af1686fa9,66747393db6ac812a4025032,,,,,,,,,,,,,,,,,,,,,,,,,,,,,,,,,,,,,,,,,,,5,,,,,,,,,,,,,4,,,,,,,,,,,,,,,,,,,,,,,,,,,s,0.67,,space,0.269,,4,red_gnome,4,5,dark_forest,red_basket,yellow_gnome,4,0,bright_forest,yellow_basket,25,0,0,1,red_gnome,dark_forest,red_basket,776,3,-5,8,1,65,7,1,,,,,,,,,,,,,,,,,,,,,,,,,,,,,,,,,,,,,,,,,,,,,,,,,,,,,,,,,,,,,,,,,,,,,,,,,,,,
,,,,,,,,,,,,,,,,,,,,,,,,,,,,,,,,,,,,,,,,,,,,,,,,,,,,,,,,,,,,,,,,,252089,001,2024-06-20_19h24.31.635,experiment,2023.2.3,MacIntel,71.42857143,63d13edbfc31f4ecf0122017,6674306cb0738f9af1686fa9,66747393db6ac812a4025032,,,,,,,,,,,,,,,,,,,,,,,,,,,,,,,,,,,,,,,,,,,5,,,,,,,,,,,,,4,,,,,,,,,,,,,,,,,,,,,,,,,,,k,0.829,,space,0.114,,4,yellow_gnome,4,3,bright_forest,yellow_basket,red_gnome,4,0,dark_forest,red_basket,0,0,0,1,red_gnome,dark_forest,red_basket,776,3,1,8,2,66,7,1,,,,,,,,,,,,,,,,,,,,,,,,,,,,,,,,,,,,,,,,,,,,,,,,,,,,,,,,,,,,,,,,,,,,,,,,,,,,
,,,,,,,,,,,,,,,,,,,,,,,,,,,,,,,,,,,,,,,,,,,,,,,,,,,,,,,,,,,,,,,,,252089,001,2024-06-20_19h24.31.635,experiment,2023.2.3,MacIntel,71.42857143,63d13edbfc31f4ecf0122017,6674306cb0738f9af1686fa9,66747393db6ac812a4025032,,,,,,,,,,,,,,,,,,,,,,,,,,,,,,,,,,,,,,,,,,,5,,,,,,,,,,,,,3,,,,,,,,,,,,,,,,,,,,,,,,,,,k,0.558,,space,0.229,,3,brown_gnome,3,1,dark_forest,red_basket,orange_gnome,3,6,bright_forest,yellow_basket,30,0,0,1,orange_gnome,bright_forest,yellow_basket,806,-4,-4,8,3,67,6,1,,,,,,,,,,,,,,,,,,,,,,,,,,,,,,,,,,,,,,,,,,,,,,,,,,,,,,,,,,,,,,,,,,,,,,,,,,,,
,,,,,,,,,,,,,,,,,,,,,,,,,,,,,,,,,,,,,,,,,,,,,,,,,,,,,,,,,,,,,,,,,252089,001,2024-06-20_19h24.31.635,experiment,2023.2.3,MacIntel,71.42857143,63d13edbfc31f4ecf0122017,6674306cb0738f9af1686fa9,66747393db6ac812a4025032,,,,,,,,,,,,,,,,,,,,,,,,,,,,,,,,,,,,,,,,,,,5,,,,,,,,,,,,,1,,,,,,,,,,,,,,,,,,,,,,,,,,,s,0.602,,space,0.102,,1,pink_gnome,1,3,dark_forest,red_basket,green_gnome,1,2,bright_forest,yellow_basket,15,0,0,1,pink_gnome,dark_forest,red_basket,821,0,2,8,4,68,4,1,,,,,,,,,,,,,,,,,,,,,,,,,,,,,,,,,,,,,,,,,,,,,,,,,,,,,,,,,,,,,,,,,,,,,,,,,,,,
,,,,,,,,,,,,,,,,,,,,,,,,,,,,,,,,,,,,,,,,,,,,,,,,,,,,,,,,,,,,,,,,,252089,001,2024-06-20_19h24.31.635,experiment,2023.2.3,MacIntel,71.42857143,63d13edbfc31f4ecf0122017,6674306cb0738f9af1686fa9,66747393db6ac812a4025032,,,,,,,,,,,,,,,,,,,,,,,,,,,,,,,,,,,,,,,,,,,5,,,,,,,,,,,,,2,,,,,,,,,,,,,,,,,,,,,,,,,,,k,0.611,,space,0.126,,2,purple_gnome,2,5,dark_forest,red_basket,blue_gnome,2,2,bright_forest,yellow_basket,10,0,0,1,blue_gnome,bright_forest,yellow_basket,831,1,0,8,5,69,5,1,,,,,,,,,,,,,,,,,,,,,,,,,,,,,,,,,,,,,,,,,,,,,,,,,,,,,,,,,,,,,,,,,,,,,,,,,,,,
,,,,,,,,,,,,,,,,,,,,,,,,,,,,,,,,,,,,,,,,,,,,,,,,,,,,,,,,,,,,,,,,,252089,001,2024-06-20_19h24.31.635,experiment,2023.2.3,MacIntel,71.42857143,63d13edbfc31f4ecf0122017,6674306cb0738f9af1686fa9,66747393db6ac812a4025032,,,,,,,,,,,,,,,,,,,,,,,,,,,,,,,,,,,,,,,,,,,1,,,,,,,,,,,,,3,,,,,,,,,,,,,,,,,,,,,,,,,,,s,0.233,,space,0.105,,3,brown_gnome,3,5,dark_forest,red_basket,orange_gnome,3,3,bright_forest,yellow_basket,5,0,0,1,brown_gnome,dark_forest,red_basket,836,3,-4,8,6,70,2,1,,,,,,,,,,,,,,,,,,,,,,,,,,,,,,,,,,,,,,,,,,,,,,,,,,,,,,,,,,,,,,,,,,,,,,,,,,,,
,,,,,,,,,,,,,,,,,,,,,,,,,,,,,,,,,,,,,,,,,,,,,,,,,,,,,,,,,,,,,,,,,252089,001,2024-06-20_19h24.31.635,experiment,2023.2.3,MacIntel,71.42857143,63d13edbfc31f4ecf0122017,6674306cb0738f9af1686fa9,66747393db6ac812a4025032,,,,,,,,,,,,,,,,,,,,,,,,,,,,,,,,,,,,,,,,,,,1,,,,,,,,,,,,,4,,,,,,,,,,,,,,,,,,,,,,,,,,,k,0.394,,space,0.027,,4,red_gnome,4,1,dark_forest,red_basket,yellow_gnome,4,6,bright_forest,yellow_basket,6,0,0,1,yellow_gnome,bright_forest,yellow_basket,842,-1,-1,8,7,71,3,1,,,,,,,,,,,,,,,,,,,,,,,,,,,,,,,,,,,,,,,,,,,,,,,,,,,,,,,,,,,,,,,,,,,,,,,,,,,,
,,,,,,,,,,,,,,,,,,,,,,,,,,,,,,,,,,,,,,,,,,,,,,,,,,,,,,,,,,,,,,,,,252089,001,2024-06-20_19h24.31.635,experiment,2023.2.3,MacIntel,71.42857143,63d13edbfc31f4ecf0122017,6674306cb0738f9af1686fa9,66747393db6ac812a4025032,,,,,,,,,,,,,,,,,,,,,,,,,,,,,,,,,,,,,,,,,,,5,,,,,,,,,,,,,2,,,,,,,,,,,,,,,,,,,,,,,,,,,k,0.567,,space,0.117,,2,blue_gnome,2,5,bright_forest,yellow_basket,purple_gnome,2,0,dark_forest,red_basket,0,0,0,1,purple_gnome,dark_forest,red_basket,842,0,0,9,0,72,5,1,,,,,,,,,,,,,,,,,,,,,,,,,,,,,,,,,,,,,,,,,,,,,,,,,,,,,,,,,,,,,,,,,,,,,,,,,,,,
,,,,,,,,,,,,,,,,,,,,,,,,,,,,,,,,,,,,,,,,,,,,,,,,,,,,,,,,,,,,,,,,,252089,001,2024-06-20_19h24.31.635,experiment,2023.2.3,MacIntel,71.42857143,63d13edbfc31f4ecf0122017,6674306cb0738f9af1686fa9,66747393db6ac812a4025032,,,,,,,,,,,,,,,,,,,,,,,,,,,,,,,,,,,,,,,,,,,5,,,,,,,,,,,,,3,,,,,,,,,,,,,,,,,,,,,,,,,,,k,0.647,,space,0.364,,3,brown_gnome,3,0,dark_forest,red_basket,orange_gnome,3,5,bright_forest,yellow_basket,25,0,0,1,orange_gnome,bright_forest,yellow_basket,867,-1,-2,9,1,73,6,1,,,,,,,,,,,,,,,,,,,,,,,,,,,,,,,,,,,,,,,,,,,,,,,,,,,,,,,,,,,,,,,,,,,,,,,,,,,,
,,,,,,,,,,,,,,,,,,,,,,,,,,,,,,,,,,,,,,,,,,,,,,,,,,,,,,,,,,,,,,,,,252089,001,2024-06-20_19h24.31.635,experiment,2023.2.3,MacIntel,71.42857143,63d13edbfc31f4ecf0122017,6674306cb0738f9af1686fa9,66747393db6ac812a4025032,,,,,,,,,,,,,,,,,,,,,,,,,,,,,,,,,,,,,,,,,,,1,,,,,,,,,,,,,3,,,,,,,,,,,,,,,,,,,,,,,,,,,s,0.48,,space,0.683,,3,orange_gnome,3,4,bright_forest,yellow_basket,brown_gnome,3,2,dark_forest,red_basket,4,0,0,1,orange_gnome,bright_forest,yellow_basket,871,2,0,9,2,74,2,1,,,,,,,,,,,,,,,,,,,,,,,,,,,,,,,,,,,,,,,,,,,,,,,,,,,,,,,,,,,,,,,,,,,,,,,,,,,,
,,,,,,,,,,,,,,,,,,,,,,,,,,,,,,,,,,,,,,,,,,,,,,,,,,,,,,,,,,,,,,,,,252089,001,2024-06-20_19h24.31.635,experiment,2023.2.3,MacIntel,71.42857143,63d13edbfc31f4ecf0122017,6674306cb0738f9af1686fa9,66747393db6ac812a4025032,,,,,,,,,,,,,,,,,,,,,,,,,,,,,,,,,,,,,,,,,,,1,,,,,,,,,,,,,2,,,,,,,,,,,,,,,,,,,,,,,,,,,k,0.227,,space,0.081,,2,blue_gnome,2,6,bright_forest,yellow_basket,purple_gnome,2,2,dark_forest,red_basket,2,0,0,1,purple_gnome,dark_forest,red_basket,873,0,0,9,3,75,1,1,,,,,,,,,,,,,,,,,,,,,,,,,,,,,,,,,,,,,,,,,,,,,,,,,,,,,,,,,,,,,,,,,,,,,,,,,,,,
,,,,,,,,,,,,,,,,,,,,,,,,,,,,,,,,,,,,,,,,,,,,,,,,,,,,,,,,,,,,,,,,,252089,001,2024-06-20_19h24.31.635,experiment,2023.2.3,MacIntel,71.42857143,63d13edbfc31f4ecf0122017,6674306cb0738f9af1686fa9,66747393db6ac812a4025032,,,,,,,,,,,,,,,,,,,,,,,,,,,,,,,,,,,,,,,,,,,5,,,,,,,,,,,,,3,,,,,,,,,,,,,,,,,,,,,,,,,,,s,0.497,,space,0.048,,3,orange_gnome,3,6,bright_forest,yellow_basket,brown_gnome,3,2,dark_forest,red_basket,30,0,0,1,orange_gnome,bright_forest,yellow_basket,903,2,2,9,4,76,6,1,,,,,,,,,,,,,,,,,,,,,,,,,,,,,,,,,,,,,,,,,,,,,,,,,,,,,,,,,,,,,,,,,,,,,,,,,,,,
,,,,,,,,,,,,,,,,,,,,,,,,,,,,,,,,,,,,,,,,,,,,,,,,,,,,,,,,,,,,,,,,,252089,001,2024-06-20_19h24.31.635,experiment,2023.2.3,MacIntel,71.42857143,63d13edbfc31f4ecf0122017,6674306cb0738f9af1686fa9,66747393db6ac812a4025032,,,,,,,,,,,,,,,,,,,,,,,,,,,,,,,,,,,,,,,,,,,1,,,,,,,,,,,,,1,,,,,,,,,,,,,,,,,,,,,,,,,,,k,0.331,,space,0.733,,1,green_gnome,1,8,bright_forest,yellow_basket,pink_gnome,1,4,dark_forest,red_basket,4,0,0,1,pink_gnome,dark_forest,red_basket,907,-1,0,9,5,77,0,1,,,,,,,,,,,,,,,,,,,,,,,,,,,,,,,,,,,,,,,,,,,,,,,,,,,,,,,,,,,,,,,,,,,,,,,,,,,,
,,,,,,,,,,,,,,,,,,,,,,,,,,,,,,,,,,,,,,,,,,,,,,,,,,,,,,,,,,,,,,,,,252089,001,2024-06-20_19h24.31.635,experiment,2023.2.3,MacIntel,71.42857143,63d13edbfc31f4ecf0122017,6674306cb0738f9af1686fa9,66747393db6ac812a4025032,,,,,,,,,,,,,,,,,,,,,,,,,,,,,,,,,,,,,,,,,,,5,,,,,,,,,,,,,3,,,,,,,,,,,,,,,,,,,,,,,,,,,s,0.418,,space,0.925,,3,orange_gnome,3,7,bright_forest,yellow_basket,brown_gnome,3,4,dark_forest,red_basket,35,0,0,1,orange_gnome,bright_forest,yellow_basket,942,-2,0,9,6,78,6,1,,,,,,,,,,,,,,,,,,,,,,,,,,,,,,,,,,,,,,,,,,,,,,,,,,,,,,,,,,,,,,,,,,,,,,,,,,,,
,,,,,,,,,,,,,,,,,,,,,,,,,,,,,,,,,,,,,,,,,,,,,,,,,,,,,,,,,,,,,,,,,252089,001,2024-06-20_19h24.31.635,experiment,2023.2.3,MacIntel,71.42857143,63d13edbfc31f4ecf0122017,6674306cb0738f9af1686fa9,66747393db6ac812a4025032,,,,,,,,,,,,,,,,,,,,,,,,,,,,,,,,,,,,,,,,,,,1,,,,,,,,,,,,,2,,,,,,,,,,,,,,,,,,,,,,,,,,,k,0.405,,space,0.447,,2,blue_gnome,2,5,bright_forest,yellow_basket,purple_gnome,2,4,dark_forest,red_basket,4,0,0,1,purple_gnome,dark_forest,red_basket,946,0,3,9,7,79,1,1,,,,,,,,,,,,,,,,,,,,,,,,,,,,,,,,,,,,,,,,,,,,,,,,,,,,,,,,,,,,,,,,,,,,,,,,,,,,
,,,,,,,,,,,,,,,,,,,,,,,,,,,,,,,,,,,,,,,,,,,,,,,,,,,,,,,,,,,,,,,,,252089,001,2024-06-20_19h24.31.635,experiment,2023.2.3,MacIntel,71.42857143,63d13edbfc31f4ecf0122017,6674306cb0738f9af1686fa9,66747393db6ac812a4025032,,,,,,,,,,,,,,,,,,,,,,,,,,,,,,,,,,,,,,,,,,,5,,,,,,,,,,,,,1,,,,,,,,,,,,,,,,,,,,,,,,,,,k,0.357,,space,0.204,,1,pink_gnome,1,7,dark_forest,red_basket,green_gnome,1,5,bright_forest,yellow_basket,25,0,0,1,green_gnome,bright_forest,yellow_basket,971,-3,2,10,0,80,4,1,,,,,,,,,,,,,,,,,,,,,,,,,,,,,,,,,,,,,,,,,,,,,,,,,,,,,,,,,,,,,,,,,,,,,,,,,,,,
,,,,,,,,,,,,,,,,,,,,,,,,,,,,,,,,,,,,,,,,,,,,,,,,,,,,,,,,,,,,,,,,,252089,001,2024-06-20_19h24.31.635,experiment,2023.2.3,MacIntel,71.42857143,63d13edbfc31f4ecf0122017,6674306cb0738f9af1686fa9,66747393db6ac812a4025032,,,,,,,,,,,,,,,,,,,,,,,,,,,,,,,,,,,,,,,,,,,1,,,,,,,,,,,,,2,,,,,,,,,,,,,,,,,,,,,,,,,,,s,0.241,,space,0.147,,2,blue_gnome,2,2,bright_forest,yellow_basket,purple_gnome,2,9,dark_forest,red_basket,2,0,0,1,blue_gnome,bright_forest,yellow_basket,973,-2,0,10,1,81,1,1,,,,,,,,,,,,,,,,,,,,,,,,,,,,,,,,,,,,,,,,,,,,,,,,,,,,,,,,,,,,,,,,,,,,,,,,,,,,
,,,,,,,,,,,,,,,,,,,,,,,,,,,,,,,,,,,,,,,,,,,,,,,,,,,,,,,,,,,,,,,,,252089,001,2024-06-20_19h24.31.635,experiment,2023.2.3,MacIntel,71.42857143,63d13edbfc31f4ecf0122017,6674306cb0738f9af1686fa9,66747393db6ac812a4025032,,,,,,,,,,,,,,,,,,,,,,,,,,,,,,,,,,,,,,,,,,,1,,,,,,,,,,,,,4,,,,,,,,,,,,,,,,,,,,,,,,,,,k,0.282,,space,0.376,,4,yellow_gnome,4,0,bright_forest,yellow_basket,red_gnome,4,9,dark_forest,red_basket,9,0,0,1,red_gnome,dark_forest,red_basket,982,4,3,10,2,82,3,1,,,,,,,,,,,,,,,,,,,,,,,,,,,,,,,,,,,,,,,,,,,,,,,,,,,,,,,,,,,,,,,,,,,,,,,,,,,,
,,,,,,,,,,,,,,,,,,,,,,,,,,,,,,,,,,,,,,,,,,,,,,,,,,,,,,,,,,,,,,,,,252089,001,2024-06-20_19h24.31.635,experiment,2023.2.3,MacIntel,71.42857143,63d13edbfc31f4ecf0122017,6674306cb0738f9af1686fa9,66747393db6ac812a4025032,,,,,,,,,,,,,,,,,,,,,,,,,,,,,,,,,,,,,,,,,,,1,,,,,,,,,,,,,2,,,,,,,,,,,,,,,,,,,,,,,,,,,k,0.491,,space,0.247,,2,purple_gnome,2,6,dark_forest,red_basket,blue_gnome,2,4,bright_forest,yellow_basket,4,0,0,1,blue_gnome,bright_forest,yellow_basket,986,0,-3,10,3,83,1,1,,,,,,,,,,,,,,,,,,,,,,,,,,,,,,,,,,,,,,,,,,,,,,,,,,,,,,,,,,,,,,,,,,,,,,,,,,,,
,,,,,,,,,,,,,,,,,,,,,,,,,,,,,,,,,,,,,,,,,,,,,,,,,,,,,,,,,,,,,,,,,252089,001,2024-06-20_19h24.31.635,experiment,2023.2.3,MacIntel,71.42857143,63d13edbfc31f4ecf0122017,6674306cb0738f9af1686fa9,66747393db6ac812a4025032,,,,,,,,,,,,,,,,,,,,,,,,,,,,,,,,,,,,,,,,,,,5,,,,,,,,,,,,,2,,,,,,,,,,,,,,,,,,,,,,,,,,,k,0.594,,space,0.276,,2,purple_gnome,2,3,dark_forest,red_basket,blue_gnome,2,4,bright_forest,yellow_basket,20,0,0,1,blue_gnome,bright_forest,yellow_basket,1006,-1,-1,10,4,84,5,1,,,,,,,,,,,,,,,,,,,,,,,,,,,,,,,,,,,,,,,,,,,,,,,,,,,,,,,,,,,,,,,,,,,,,,,,,,,,
,,,,,,,,,,,,,,,,,,,,,,,,,,,,,,,,,,,,,,,,,,,,,,,,,,,,,,,,,,,,,,,,,252089,001,2024-06-20_19h24.31.635,experiment,2023.2.3,MacIntel,71.42857143,63d13edbfc31f4ecf0122017,6674306cb0738f9af1686fa9,66747393db6ac812a4025032,,,,,,,,,,,,,,,,,,,,,,,,,,,,,,,,,,,,,,,,,,,5,,,,,,,,,,,,,3,,,,,,,,,,,,,,,,,,,,,,,,,,,s,0.442,,space,0.152,,3,brown_gnome,3,2,dark_forest,red_basket,orange_gnome,3,3,bright_forest,yellow_basket,10,0,0,1,brown_gnome,dark_forest,red_basket,1016,0,2,10,5,85,6,1,,,,,,,,,,,,,,,,,,,,,,,,,,,,,,,,,,,,,,,,,,,,,,,,,,,,,,,,,,,,,,,,,,,,,,,,,,,,
,,,,,,,,,,,,,,,,,,,,,,,,,,,,,,,,,,,,,,,,,,,,,,,,,,,,,,,,,,,,,,,,,252089,001,2024-06-20_19h24.31.635,experiment,2023.2.3,MacIntel,71.42857143,63d13edbfc31f4ecf0122017,6674306cb0738f9af1686fa9,66747393db6ac812a4025032,,,,,,,,,,,,,,,,,,,,,,,,,,,,,,,,,,,,,,,,,,,1,,,,,,,,,,,,,4,,,,,,,,,,,,,,,,,,,,,,,,,,,k,0.365,,space,0.424,,4,yellow_gnome,4,3,bright_forest,yellow_basket,red_gnome,4,4,dark_forest,red_basket,4,0,0,1,red_gnome,dark_forest,red_basket,1020,1,3,10,6,86,3,1,,,,,,,,,,,,,,,,,,,,,,,,,,,,,,,,,,,,,,,,,,,,,,,,,,,,,,,,,,,,,,,,,,,,,,,,,,,,
,,,,,,,,,,,,,,,,,,,,,,,,,,,,,,,,,,,,,,,,,,,,,,,,,,,,,,,,,,,,,,,,,252089,001,2024-06-20_19h24.31.635,experiment,2023.2.3,MacIntel,71.42857143,63d13edbfc31f4ecf0122017,6674306cb0738f9af1686fa9,66747393db6ac812a4025032,,,,,,,,,,,,,,,,,,,,,,,,,,,,,,,,,,,,,,,,,,,1,,,,,,,,,,,,,3,,,,,,,,,,,,,,,,,,,,,,,,,,,s,0.402,,space,0.362,,3,orange_gnome,3,4,bright_forest,yellow_basket,brown_gnome,3,7,dark_forest,red_basket,4,0,0,1,orange_gnome,bright_forest,yellow_basket,1024,1,-1,10,7,87,2,1,,,,,,,,,,,,,,,,,,,,,,,,,,,,,,,,,,,,,,,,,,,,,,,,,,,,,,,,,,,,,,,,,,,,,,,,,,,,
,,,,,,,,,,,,,,,,,,,,,,,,,,,,,,,,,,,,,,,,,,,,,,,,,,,,,,,,,,,,,,,,,252089,001,2024-06-20_19h24.31.635,experiment,2023.2.3,MacIntel,71.42857143,63d13edbfc31f4ecf0122017,6674306cb0738f9af1686fa9,66747393db6ac812a4025032,,,,,,,,,,,,,,,,,,,,,,,,,,,,,,,,,,,,,,,,,,,1,,,,,,,,,,,,,4,,,,,,,,,,,,,,,,,,,,,,,,,,,k,0.519,,space,0.402,,4,red_gnome,4,6,dark_forest,red_basket,yellow_gnome,4,5,bright_forest,yellow_basket,5,0,0,1,yellow_gnome,bright_forest,yellow_basket,1029,1,1,11,0,88,3,1,,,,,,,,,,,,,,,,,,,,,,,,,,,,,,,,,,,,,,,,,,,,,,,,,,,,,,,,,,,,,,,,,,,,,,,,,,,,
,,,,,,,,,,,,,,,,,,,,,,,,,,,,,,,,,,,,,,,,,,,,,,,,,,,,,,,,,,,,,,,,,252089,001,2024-06-20_19h24.31.635,experiment,2023.2.3,MacIntel,71.42857143,63d13edbfc31f4ecf0122017,6674306cb0738f9af1686fa9,66747393db6ac812a4025032,,,,,,,,,,,,,,,,,,,,,,,,,,,,,,,,,,,,,,,,,,,5,,,,,,,,,,,,,3,,,,,,,,,,,,,,,,,,,,,,,,,,,s,0.457,,space,0.43,,3,orange_gnome,3,6,bright_forest,yellow_basket,brown_gnome,3,7,dark_forest,red_basket,30,0,0,1,orange_gnome,bright_forest,yellow_basket,1059,5,-2,11,1,89,6,1,,,,,,,,,,,,,,,,,,,,,,,,,,,,,,,,,,,,,,,,,,,,,,,,,,,,,,,,,,,,,,,,,,,,,,,,,,,,
,,,,,,,,,,,,,,,,,,,,,,,,,,,,,,,,,,,,,,,,,,,,,,,,,,,,,,,,,,,,,,,,,252089,001,2024-06-20_19h24.31.635,experiment,2023.2.3,MacIntel,71.42857143,63d13edbfc31f4ecf0122017,6674306cb0738f9af1686fa9,66747393db6ac812a4025032,,,,,,,,,,,,,,,,,,,,,,,,,,,,,,,,,,,,,,,,,,,1,,,,,,,,,,,,,1,,,,,,,,,,,,,,,,,,,,,,,,,,,k,0.332,,space,0.274,,1,green_gnome,1,7,bright_forest,yellow_basket,pink_gnome,1,5,dark_forest,red_basket,5,0,0,1,pink_gnome,dark_forest,red_basket,1064,2,-2,11,2,90,0,1,,,,,,,,,,,,,,,,,,,,,,,,,,,,,,,,,,,,,,,,,,,,,,,,,,,,,,,,,,,,,,,,,,,,,,,,,,,,
,,,,,,,,,,,,,,,,,,,,,,,,,,,,,,,,,,,,,,,,,,,,,,,,,,,,,,,,,,,,,,,,,252089,001,2024-06-20_19h24.31.635,experiment,2023.2.3,MacIntel,71.42857143,63d13edbfc31f4ecf0122017,6674306cb0738f9af1686fa9,66747393db6ac812a4025032,,,,,,,,,,,,,,,,,,,,,,,,,,,,,,,,,,,,,,,,,,,1,,,,,,,,,,,,,2,,,,,,,,,,,,,,,,,,,,,,,,,,,s,0.392,,space,0.4,,2,purple_gnome,2,3,dark_forest,red_basket,blue_gnome,2,9,bright_forest,yellow_basket,3,0,0,1,purple_gnome,dark_forest,red_basket,1067,-2,-3,11,3,91,1,1,,,,,,,,,,,,,,,,,,,,,,,,,,,,,,,,,,,,,,,,,,,,,,,,,,,,,,,,,,,,,,,,,,,,,,,,,,,,
,,,,,,,,,,,,,,,,,,,,,,,,,,,,,,,,,,,,,,,,,,,,,,,,,,,,,,,,,,,,,,,,,252089,001,2024-06-20_19h24.31.635,experiment,2023.2.3,MacIntel,71.42857143,63d13edbfc31f4ecf0122017,6674306cb0738f9af1686fa9,66747393db6ac812a4025032,,,,,,,,,,,,,,,,,,,,,,,,,,,,,,,,,,,,,,,,,,,1,,,,,,,,,,,,,2,,,,,,,,,,,,,,,,,,,,,,,,,,,k,0.257,,space,0.305,,2,blue_gnome,2,7,bright_forest,yellow_basket,purple_gnome,2,0,dark_forest,red_basket,0,0,0,1,purple_gnome,dark_forest,red_basket,1067,1,-1,11,4,92,1,1,,,,,,,,,,,,,,,,,,,,,,,,,,,,,,,,,,,,,,,,,,,,,,,,,,,,,,,,,,,,,,,,,,,,,,,,,,,,
,,,,,,,,,,,,,,,,,,,,,,,,,,,,,,,,,,,,,,,,,,,,,,,,,,,,,,,,,,,,,,,,,252089,001,2024-06-20_19h24.31.635,experiment,2023.2.3,MacIntel,71.42857143,63d13edbfc31f4ecf0122017,6674306cb0738f9af1686fa9,66747393db6ac812a4025032,,,,,,,,,,,,,,,,,,,,,,,,,,,,,,,,,,,,,,,,,,,1,,,,,,,,,,,,,1,,,,,,,,,,,,,,,,,,,,,,,,,,,s,0.346,,space,0.296,,1,green_gnome,1,8,bright_forest,yellow_basket,pink_gnome,1,1,dark_forest,red_basket,8,0,0,1,green_gnome,bright_forest,yellow_basket,1075,2,-1,11,5,93,0,1,,,,,,,,,,,,,,,,,,,,,,,,,,,,,,,,,,,,,,,,,,,,,,,,,,,,,,,,,,,,,,,,,,,,,,,,,,,,
,,,,,,,,,,,,,,,,,,,,,,,,,,,,,,,,,,,,,,,,,,,,,,,,,,,,,,,,,,,,,,,,,252089,001,2024-06-20_19h24.31.635,experiment,2023.2.3,MacIntel,71.42857143,63d13edbfc31f4ecf0122017,6674306cb0738f9af1686fa9,66747393db6ac812a4025032,,,,,,,,,,,,,,,,,,,,,,,,,,,,,,,,,,,,,,,,,,,5,,,,,,,,,,,,,1,,,,,,,,,,,,,,,,,,,,,,,,,,,k,0.407,,space,0.456,,1,pink_gnome,1,0,dark_forest,red_basket,green_gnome,1,8,bright_forest,yellow_basket,40,0,0,1,green_gnome,bright_forest,yellow_basket,1115,-2,0,11,6,94,4,1,,,,,,,,,,,,,,,,,,,,,,,,,,,,,,,,,,,,,,,,,,,,,,,,,,,,,,,,,,,,,,,,,,,,,,,,,,,,
,,,,,,,,,,,,,,,,,,,,,,,,,,,,,,,,,,,,,,,,,,,,,,,,,,,,,,,,,,,,,,,,,252089,001,2024-06-20_19h24.31.635,experiment,2023.2.3,MacIntel,71.42857143,63d13edbfc31f4ecf0122017,6674306cb0738f9af1686fa9,66747393db6ac812a4025032,,,,,,,,,,,,,,,,,,,,,,,,,,,,,,,,,,,,,,,,,,,5,,,,,,,,,,,,,2,,,,,,,,,,,,,,,,,,,,,,,,,,,s,0.439,,space,0.344,,2,blue_gnome,2,6,bright_forest,yellow_basket,purple_gnome,2,0,dark_forest,red_basket,30,0,0,1,blue_gnome,bright_forest,yellow_basket,1145,2,-1,11,7,95,5,1,,,,,,,,,,,,,,,,,,,,,,,,,,,,,,,,,,,,,,,,,,,,,,,,,,,,,,,,,,,,,,,,,,,,,,,,,,,,
,,,,,,,,,,,,,,,,,,,,,,,,,,,,,,,,,,,,,,,,,,,,,,,,,,,,,,,,,,,,,,,,,252089,001,2024-06-20_19h24.31.635,experiment,2023.2.3,MacIntel,71.42857143,63d13edbfc31f4ecf0122017,6674306cb0738f9af1686fa9,66747393db6ac812a4025032,,,,,,,,,,,,,,,,,,,,,,,,,,,,,,,,,,,,,,,,,,,5,,,,,,,,,,,,,3,,,,,,,,,,,,,,,,,,,,,,,,,,,k,0.386,,space,0.304,,3,brown_gnome,3,1,dark_forest,red_basket,orange_gnome,3,8,bright_forest,yellow_basket,40,0,0,1,orange_gnome,bright_forest,yellow_basket,1185,1,0,12,0,96,6,1,,,,,,,,,,,,,,,,,,,,,,,,,,,,,,,,,,,,,,,,,,,,,,,,,,,,,,,,,,,,,,,,,,,,,,,,,,,,
,,,,,,,,,,,,,,,,,,,,,,,,,,,,,,,,,,,,,,,,,,,,,,,,,,,,,,,,,,,,,,,,,252089,001,2024-06-20_19h24.31.635,experiment,2023.2.3,MacIntel,71.42857143,63d13edbfc31f4ecf0122017,6674306cb0738f9af1686fa9,66747393db6ac812a4025032,,,,,,,,,,,,,,,,,,,,,,,,,,,,,,,,,,,,,,,,,,,5,,,,,,,,,,,,,2,,,,,,,,,,,,,,,,,,,,,,,,,,,k,0.536,,space,0.515,,2,blue_gnome,2,9,bright_forest,yellow_basket,purple_gnome,2,1,dark_forest,red_basket,5,0,0,1,purple_gnome,dark_forest,red_basket,1190,0,-3,12,1,97,5,1,,,,,,,,,,,,,,,,,,,,,,,,,,,,,,,,,,,,,,,,,,,,,,,,,,,,,,,,,,,,,,,,,,,,,,,,,,,,
,,,,,,,,,,,,,,,,,,,,,,,,,,,,,,,,,,,,,,,,,,,,,,,,,,,,,,,,,,,,,,,,,252089,001,2024-06-20_19h24.31.635,experiment,2023.2.3,MacIntel,71.42857143,63d13edbfc31f4ecf0122017,6674306cb0738f9af1686fa9,66747393db6ac812a4025032,,,,,,,,,,,,,,,,,,,,,,,,,,,,,,,,,,,,,,,,,,,5,,,,,,,,,,,,,3,,,,,,,,,,,,,,,,,,,,,,,,,,,s,0.356,,space,0.382,,3,brown_gnome,3,2,dark_forest,red_basket,orange_gnome,3,9,bright_forest,yellow_basket,10,0,0,1,brown_gnome,dark_forest,red_basket,1200,0,0,12,2,98,6,1,,,,,,,,,,,,,,,,,,,,,,,,,,,,,,,,,,,,,,,,,,,,,,,,,,,,,,,,,,,,,,,,,,,,,,,,,,,,
,,,,,,,,,,,,,,,,,,,,,,,,,,,,,,,,,,,,,,,,,,,,,,,,,,,,,,,,,,,,,,,,,252089,001,2024-06-20_19h24.31.635,experiment,2023.2.3,MacIntel,71.42857143,63d13edbfc31f4ecf0122017,6674306cb0738f9af1686fa9,66747393db6ac812a4025032,,,,,,,,,,,,,,,,,,,,,,,,,,,,,,,,,,,,,,,,,,,1,,,,,,,,,,,,,4,,,,,,,,,,,,,,,,,,,,,,,,,,,k,0.532,,space,0.243,,4,red_gnome,4,2,dark_forest,red_basket,yellow_gnome,4,9,bright_forest,yellow_basket,9,0,0,1,yellow_gnome,bright_forest,yellow_basket,1209,1,-1,12,3,99,3,1,,,,,,,,,,,,,,,,,,,,,,,,,,,,,,,,,,,,,,,,,,,,,,,,,,,,,,,,,,,,,,,,,,,,,,,,,,,,
,,,,,,,,,,,,,,,,,,,,,,,,,,,,,,,,,,,,,,,,,,,,,,,,,,,,,,,,,,,,,,,,,252089,001,2024-06-20_19h24.31.635,experiment,2023.2.3,MacIntel,71.42857143,63d13edbfc31f4ecf0122017,6674306cb0738f9af1686fa9,66747393db6ac812a4025032,,,,,,,,,,,,,,,,,,,,,,,,,,,,,,,,,,,,,,,,,,,1,,,,,,,,,,,,,2,,,,,,,,,,,,,,,,,,,,,,,,,,,s,0.469,,space,0.365,,2,purple_gnome,2,1,dark_forest,red_basket,blue_gnome,2,8,bright_forest,yellow_basket,1,0,0,1,purple_gnome,dark_forest,red_basket,1210,-1,2,12,4,100,1,1,,,,,,,,,,,,,,,,,,,,,,,,,,,,,,,,,,,,,,,,,,,,,,,,,,,,,,,,,,,,,,,,,,,,,,,,,,,,
,,,,,,,,,,,,,,,,,,,,,,,,,,,,,,,,,,,,,,,,,,,,,,,,,,,,,,,,,,,,,,,,,252089,001,2024-06-20_19h24.31.635,experiment,2023.2.3,MacIntel,71.42857143,63d13edbfc31f4ecf0122017,6674306cb0738f9af1686fa9,66747393db6ac812a4025032,,,,,,,,,,,,,,,,,,,,,,,,,,,,,,,,,,,,,,,,,,,1,,,,,,,,,,,,,1,,,,,,,,,,,,,,,,,,,,,,,,,,,k,0.357,,space,0.653,,1,green_gnome,1,7,bright_forest,yellow_basket,pink_gnome,1,3,dark_forest,red_basket,3,0,0,1,pink_gnome,dark_forest,red_basket,1213,1,0,12,5,101,0,1,,,,,,,,,,,,,,,,,,,,,,,,,,,,,,,,,,,,,,,,,,,,,,,,,,,,,,,,,,,,,,,,,,,,,,,,,,,,
,,,,,,,,,,,,,,,,,,,,,,,,,,,,,,,,,,,,,,,,,,,,,,,,,,,,,,,,,,,,,,,,,252089,001,2024-06-20_19h24.31.635,experiment,2023.2.3,MacIntel,71.42857143,63d13edbfc31f4ecf0122017,6674306cb0738f9af1686fa9,66747393db6ac812a4025032,,,,,,,,,,,,,,,,,,,,,,,,,,,,,,,,,,,,,,,,,,,1,,,,,,,,,,,,,2,,,,,,,,,,,,,,,,,,,,,,,,,,,s,0.449,,space,0.261,,2,blue_gnome,2,8,bright_forest,yellow_basket,purple_gnome,2,3,dark_forest,red_basket,8,0,0,1,blue_gnome,bright_forest,yellow_basket,1221,-1,-1,12,6,102,1,1,,,,,,,,,,,,,,,,,,,,,,,,,,,,,,,,,,,,,,,,,,,,,,,,,,,,,,,,,,,,,,,,,,,,,,,,,,,,
,,,,,,,,,,,,,,,,,,,,,,,,,,,,,,,,,,,,,,,,,,,,,,,,,,,,,,,,,,,,,,,,,252089,001,2024-06-20_19h24.31.635,experiment,2023.2.3,MacIntel,71.42857143,63d13edbfc31f4ecf0122017,6674306cb0738f9af1686fa9,66747393db6ac812a4025032,,,,,,,,,,,,,,,,,,,,,,,,,,,,,,,,,,,,,,,,,,,5,,,,,,,,,,,,,3,,,,,,,,,,,,,,,,,,,,,,,,,,,k,0.48,,space,0.122,,3,brown_gnome,3,2,dark_forest,red_basket,orange_gnome,3,7,bright_forest,yellow_basket,35,0,0,1,orange_gnome,bright_forest,yellow_basket,1256,0,2,12,7,103,6,1,,,,,,,,,,,,,,,,,,,,,,,,,,,,,,,,,,,,,,,,,,,,,,,,,,,,,,,,,,,,,,,,,,,,,,,,,,,,
,,,,,,,,,,,,,,,,,,,,,,,,,,,,,,,,,,,,,,,,,,,,,,,,,,,,,,,,,,,,,,,,,252089,001,2024-06-20_19h24.31.635,experiment,2023.2.3,MacIntel,71.42857143,63d13edbfc31f4ecf0122017,6674306cb0738f9af1686fa9,66747393db6ac812a4025032,,,,,,,,,,,,,,,,,,,,,,,,,,,,,,,,,,,,,,,,,,,1,,,,,,,,,,,,,1,,,,,,,,,,,,,,,,,,,,,,,,,,,s,0.291,,space,0.339,,1,pink_gnome,1,4,dark_forest,red_basket,green_gnome,1,7,bright_forest,yellow_basket,4,0,0,1,pink_gnome,dark_forest,red_basket,1260,1,1,13,0,104,0,1,,,,,,,,,,,,,,,,,,,,,,,,,,,,,,,,,,,,,,,,,,,,,,,,,,,,,,,,,,,,,,,,,,,,,,,,,,,,
,,,,,,,,,,,,,,,,,,,,,,,,,,,,,,,,,,,,,,,,,,,,,,,,,,,,,,,,,,,,,,,,,252089,001,2024-06-20_19h24.31.635,experiment,2023.2.3,MacIntel,71.42857143,63d13edbfc31f4ecf0122017,6674306cb0738f9af1686fa9,66747393db6ac812a4025032,,,,,,,,,,,,,,,,,,,,,,,,,,,,,,,,,,,,,,,,,,,5,,,,,,,,,,,,,1,,,,,,,,,,,,,,,,,,,,,,,,,,,k,0.428,,space,0.306,,1,pink_gnome,1,5,dark_forest,red_basket,green_gnome,1,8,bright_forest,yellow_basket,40,0,0,1,green_gnome,bright_forest,yellow_basket,1300,2,0,13,1,105,4,1,,,,,,,,,,,,,,,,,,,,,,,,,,,,,,,,,,,,,,,,,,,,,,,,,,,,,,,,,,,,,,,,,,,,,,,,,,,,
,,,,,,,,,,,,,,,,,,,,,,,,,,,,,,,,,,,,,,,,,,,,,,,,,,,,,,,,,,,,,,,,,252089,001,2024-06-20_19h24.31.635,experiment,2023.2.3,MacIntel,71.42857143,63d13edbfc31f4ecf0122017,6674306cb0738f9af1686fa9,66747393db6ac812a4025032,,,,,,,,,,,,,,,,,,,,,,,,,,,,,,,,,,,,,,,,,,,5,,,,,,,,,,,,,4,,,,,,,,,,,,,,,,,,,,,,,,,,,s,0.42,,space,0.438,,4,yellow_gnome,4,8,bright_forest,yellow_basket,red_gnome,4,5,dark_forest,red_basket,40,0,0,1,yellow_gnome,bright_forest,yellow_basket,1340,4,-1,13,2,106,7,1,,,,,,,,,,,,,,,,,,,,,,,,,,,,,,,,,,,,,,,,,,,,,,,,,,,,,,,,,,,,,,,,,,,,,,,,,,,,
,,,,,,,,,,,,,,,,,,,,,,,,,,,,,,,,,,,,,,,,,,,,,,,,,,,,,,,,,,,,,,,,,252089,001,2024-06-20_19h24.31.635,experiment,2023.2.3,MacIntel,71.42857143,63d13edbfc31f4ecf0122017,6674306cb0738f9af1686fa9,66747393db6ac812a4025032,,,,,,,,,,,,,,,,,,,,,,,,,,,,,,,,,,,,,,,,,,,1,,,,,,,,,,,,,2,,,,,,,,,,,,,,,,,,,,,,,,,,,k,0.46,,space,0.5,,2,purple_gnome,2,4,dark_forest,red_basket,blue_gnome,2,6,bright_forest,yellow_basket,6,0,0,1,blue_gnome,bright_forest,yellow_basket,1346,3,-3,13,3,107,1,1,,,,,,,,,,,,,,,,,,,,,,,,,,,,,,,,,,,,,,,,,,,,,,,,,,,,,,,,,,,,,,,,,,,,,,,,,,,,
,,,,,,,,,,,,,,,,,,,,,,,,,,,,,,,,,,,,,,,,,,,,,,,,,,,,,,,,,,,,,,,,,252089,001,2024-06-20_19h24.31.635,experiment,2023.2.3,MacIntel,71.42857143,63d13edbfc31f4ecf0122017,6674306cb0738f9af1686fa9,66747393db6ac812a4025032,,,,,,,,,,,,,,,,,,,,,,,,,,,,,,,,,,,,,,,,,,,1,,,,,,,,,,,,,4,,,,,,,,,,,,,,,,,,,,,,,,,,,k,0.419,,space,0.101,,4,yellow_gnome,4,9,bright_forest,yellow_basket,red_gnome,4,1,dark_forest,red_basket,1,0,0,1,red_gnome,dark_forest,red_basket,1347,-2,0,13,4,108,3,1,,,,,,,,,,,,,,,,,,,,,,,,,,,,,,,,,,,,,,,,,,,,,,,,,,,,,,,,,,,,,,,,,,,,,,,,,,,,
,,,,,,,,,,,,,,,,,,,,,,,,,,,,,,,,,,,,,,,,,,,,,,,,,,,,,,,,,,,,,,,,,252089,001,2024-06-20_19h24.31.635,experiment,2023.2.3,MacIntel,71.42857143,63d13edbfc31f4ecf0122017,6674306cb0738f9af1686fa9,66747393db6ac812a4025032,,,,,,,,,,,,,,,,,,,,,,,,,,,,,,,,,,,,,,,,,,,5,,,,,,,,,,,,,4,,,,,,,,,,,,,,,,,,,,,,,,,,,s,0.434,,space,0.306,,4,yellow_gnome,4,7,bright_forest,yellow_basket,red_gnome,4,1,dark_forest,red_basket,35,0,0,1,yellow_gnome,bright_forest,yellow_basket,1382,2,-1,13,5,109,7,1,,,,,,,,,,,,,,,,,,,,,,,,,,,,,,,,,,,,,,,,,,,,,,,,,,,,,,,,,,,,,,,,,,,,,,,,,,,,
,,,,,,,,,,,,,,,,,,,,,,,,,,,,,,,,,,,,,,,,,,,,,,,,,,,,,,,,,,,,,,,,,252089,001,2024-06-20_19h24.31.635,experiment,2023.2.3,MacIntel,71.42857143,63d13edbfc31f4ecf0122017,6674306cb0738f9af1686fa9,66747393db6ac812a4025032,,,,,,,,,,,,,,,,,,,,,,,,,,,,,,,,,,,,,,,,,,,1,,,,,,,,,,,,,3,,,,,,,,,,,,,,,,,,,,,,,,,,,k,0.337,,space,0.206,,3,orange_gnome,3,9,bright_forest,yellow_basket,brown_gnome,3,0,dark_forest,red_basket,0,0,0,1,brown_gnome,dark_forest,red_basket,1382,0,-1,13,6,110,2,1,,,,,,,,,,,,,,,,,,,,,,,,,,,,,,,,,,,,,,,,,,,,,,,,,,,,,,,,,,,,,,,,,,,,,,,,,,,,
,,,,,,,,,,,,,,,,,,,,,,,,,,,,,,,,,,,,,,,,,,,,,,,,,,,,,,,,,,,,,,,,,252089,001,2024-06-20_19h24.31.635,experiment,2023.2.3,MacIntel,71.42857143,63d13edbfc31f4ecf0122017,6674306cb0738f9af1686fa9,66747393db6ac812a4025032,,,,,,,,,,,,,,,,,,,,,,,,,,,,,,,,,,,,,,,,,,,5,,,,,,,,,,,,,2,,,,,,,,,,,,,,,,,,,,,,,,,,,s,0.461,,space,0.551,,2,purple_gnome,2,1,dark_forest,red_basket,blue_gnome,2,9,bright_forest,yellow_basket,5,0,0,1,purple_gnome,dark_forest,red_basket,1387,0,0,13,7,111,5,1,,,,,,,,,,,,,,,,,,,,,,,,,,,,,,,,,,,,,,,,,,,,,,,,,,,,,,,,,,,,,,,,,,,,,,,,,,,,
,,,,,,,,,,,,,,,,,,,,,,,,,,,,,,,,,,,,,,,,,,,,,,,,,,,,,,,,,,,,,,,,,252089,001,2024-06-20_19h24.31.635,experiment,2023.2.3,MacIntel,71.42857143,63d13edbfc31f4ecf0122017,6674306cb0738f9af1686fa9,66747393db6ac812a4025032,,,,,,,,,,,,,,,,,,,,,,,,,,,,,,,,,,,,,,,,,,,5,,,,,,,,,,,,,4,,,,,,,,,,,,,,,,,,,,,,,,,,,s,0.683,,space,0.291,,4,red_gnome,4,1,dark_forest,red_basket,yellow_gnome,4,9,bright_forest,yellow_basket,5,0,0,1,red_gnome,dark_forest,red_basket,1392,-1,0,14,0,112,7,1,,,,,,,,,,,,,,,,,,,,,,,,,,,,,,,,,,,,,,,,,,,,,,,,,,,,,,,,,,,,,,,,,,,,,,,,,,,,
,,,,,,,,,,,,,,,,,,,,,,,,,,,,,,,,,,,,,,,,,,,,,,,,,,,,,,,,,,,,,,,,,252089,001,2024-06-20_19h24.31.635,experiment,2023.2.3,MacIntel,71.42857143,63d13edbfc31f4ecf0122017,6674306cb0738f9af1686fa9,66747393db6ac812a4025032,,,,,,,,,,,,,,,,,,,,,,,,,,,,,,,,,,,,,,,,,,,5,,,,,,,,,,,,,4,,,,,,,,,,,,,,,,,,,,,,,,,,,,,,,,,4,yellow_gnome,4,8,bright_forest,yellow_basket,red_gnome,4,1,dark_forest,red_basket,0,1,0,0,,dark_forest,red_basket,1392,-2,-2,14,1,113,7,1,,,,,,,,,,,,,,,,,,,,,,,,,,,,,,,,,,,,,,,,,,,,,,,,,,,,,,,,,,,,,,,,,,,,,,,,,,,,
,,,,,,,,,,,,,,,,,,,,,,,,,,,,,,,,,,,,,,,,,,,,,,,,,,,,,,,,,,,,,,,,,252089,001,2024-06-20_19h24.31.635,experiment,2023.2.3,MacIntel,71.42857143,63d13edbfc31f4ecf0122017,6674306cb0738f9af1686fa9,66747393db6ac812a4025032,,,,,,,,,,,,,,,,,,,,,,,,,,,,,,,,,,,,,,,,,,,1,,,,,,,,,,,,,1,,,,,,,,,,,,,,,,,,,,,,,,,,,s,0.562,,space,1.334,,1,pink_gnome,1,1,dark_forest,red_basket,green_gnome,1,6,bright_forest,yellow_basket,1,0,0,1,pink_gnome,dark_forest,red_basket,1393,-4,0,14,2,114,0,1,,,,,,,,,,,,,,,,,,,,,,,,,,,,,,,,,,,,,,,,,,,,,,,,,,,,,,,,,,,,,,,,,,,,,,,,,,,,
,,,,,,,,,,,,,,,,,,,,,,,,,,,,,,,,,,,,,,,,,,,,,,,,,,,,,,,,,,,,,,,,,252089,001,2024-06-20_19h24.31.635,experiment,2023.2.3,MacIntel,71.42857143,63d13edbfc31f4ecf0122017,6674306cb0738f9af1686fa9,66747393db6ac812a4025032,,,,,,,,,,,,,,,,,,,,,,,,,,,,,,,,,,,,,,,,,,,5,,,,,,,,,,,,,2,,,,,,,,,,,,,,,,,,,,,,,,,,,k,0.489,,space,0.46,,2,purple_gnome,2,1,dark_forest,red_basket,blue_gnome,2,2,bright_forest,yellow_basket,10,0,0,1,blue_gnome,bright_forest,yellow_basket,1403,0,-4,14,3,115,5,1,,,,,,,,,,,,,,,,,,,,,,,,,,,,,,,,,,,,,,,,,,,,,,,,,,,,,,,,,,,,,,,,,,,,,,,,,,,,
,,,,,,,,,,,,,,,,,,,,,,,,,,,,,,,,,,,,,,,,,,,,,,,,,,,,,,,,,,,,,,,,,252089,001,2024-06-20_19h24.31.635,experiment,2023.2.3,MacIntel,71.42857143,63d13edbfc31f4ecf0122017,6674306cb0738f9af1686fa9,66747393db6ac812a4025032,,,,,,,,,,,,,,,,,,,,,,,,,,,,,,,,,,,,,,,,,,,5,,,,,,,,,,,,,3,,,,,,,,,,,,,,,,,,,,,,,,,,,s,0.395,,space,0.276,,3,orange_gnome,3,2,bright_forest,yellow_basket,brown_gnome,3,3,dark_forest,red_basket,10,0,0,1,orange_gnome,bright_forest,yellow_basket,1413,-2,1,14,4,116,6,1,,,,,,,,,,,,,,,,,,,,,,,,,,,,,,,,,,,,,,,,,,,,,,,,,,,,,,,,,,,,,,,,,,,,,,,,,,,,
,,,,,,,,,,,,,,,,,,,,,,,,,,,,,,,,,,,,,,,,,,,,,,,,,,,,,,,,,,,,,,,,,252089,001,2024-06-20_19h24.31.635,experiment,2023.2.3,MacIntel,71.42857143,63d13edbfc31f4ecf0122017,6674306cb0738f9af1686fa9,66747393db6ac812a4025032,,,,,,,,,,,,,,,,,,,,,,,,,,,,,,,,,,,,,,,,,,,1,,,,,,,,,,,,,4,,,,,,,,,,,,,,,,,,,,,,,,,,,k,0.274,,space,0.493,,4,yellow_gnome,4,0,bright_forest,yellow_basket,red_gnome,4,4,dark_forest,red_basket,4,0,0,1,red_gnome,dark_forest,red_basket,1417,-1,-3,14,5,117,3,1,,,,,,,,,,,,,,,,,,,,,,,,,,,,,,,,,,,,,,,,,,,,,,,,,,,,,,,,,,,,,,,,,,,,,,,,,,,,
,,,,,,,,,,,,,,,,,,,,,,,,,,,,,,,,,,,,,,,,,,,,,,,,,,,,,,,,,,,,,,,,,252089,001,2024-06-20_19h24.31.635,experiment,2023.2.3,MacIntel,71.42857143,63d13edbfc31f4ecf0122017,6674306cb0738f9af1686fa9,66747393db6ac812a4025032,,,,,,,,,,,,,,,,,,,,,,,,,,,,,,,,,,,,,,,,,,,5,,,,,,,,,,,,,1,,,,,,,,,,,,,,,,,,,,,,,,,,,s,0.371,,space,0.342,,1,pink_gnome,1,1,dark_forest,red_basket,green_gnome,1,1,bright_forest,yellow_basket,5,0,0,1,pink_gnome,dark_forest,red_basket,1422,-1,-1,14,6,118,4,1,,,,,,,,,,,,,,,,,,,,,,,,,,,,,,,,,,,,,,,,,,,,,,,,,,,,,,,,,,,,,,,,,,,,,,,,,,,,
,,,,,,,,,,,,,,,,,,,,,,,,,,,,,,,,,,,,,,,,,,,,,,,,,,,,,,,,,,,,,,,,,252089,001,2024-06-20_19h24.31.635,experiment,2023.2.3,MacIntel,71.42857143,63d13edbfc31f4ecf0122017,6674306cb0738f9af1686fa9,66747393db6ac812a4025032,,,,,,,,,,,,,,,,,,,,,,,,,,,,,,,,,,,,,,,,,,,5,,,,,,,,,,,,,4,,,,,,,,,,,,,,,,,,,,,,,,,,,k,0.344,,space,0.195,,4,yellow_gnome,4,0,bright_forest,yellow_basket,red_gnome,4,0,dark_forest,red_basket,0,0,0,1,red_gnome,dark_forest,red_basket,1422,-3,0,14,7,119,7,1,,,,,,,,,,,,,,,,,,,,,,,,,,,,,,,,,,,,,,,,,,,,,,,,,,,,,,,,,,,,,,,,,,,,,,,,,,,,
,,,,,,,,,,,,,,,,,,,,,,,,,,,,,,,,,,,,,,,,,,,,,,,,,,,,,,,,,,,,,,,,,252089,001,2024-06-20_19h24.31.635,experiment,2023.2.3,MacIntel,71.42857143,63d13edbfc31f4ecf0122017,6674306cb0738f9af1686fa9,66747393db6ac812a4025032,,,,,,,,,,,,,,,,,,,,,,,,,,,,,,,,,,,,,,,,,,,1,,,,,,,,,,,,,2,,,,,,,,,,,,,,,,,,,,,,,,,,,s,0.261,,space,0.432,,2,purple_gnome,2,0,dark_forest,red_basket,blue_gnome,2,3,bright_forest,yellow_basket,0,0,0,1,purple_gnome,dark_forest,red_basket,1422,2,-1,15,0,120,1,1,,,,,,,,,,,,,,,,,,,,,,,,,,,,,,,,,,,,,,,,,,,,,,,,,,,,,,,,,,,,,,,,,,,,,,,,,,,,
,,,,,,,,,,,,,,,,,,,,,,,,,,,,,,,,,,,,,,,,,,,,,,,,,,,,,,,,,,,,,,,,,252089,001,2024-06-20_19h24.31.635,experiment,2023.2.3,MacIntel,71.42857143,63d13edbfc31f4ecf0122017,6674306cb0738f9af1686fa9,66747393db6ac812a4025032,,,,,,,,,,,,,,,,,,,,,,,,,,,,,,,,,,,,,,,,,,,1,,,,,,,,,,,,,1,,,,,,,,,,,,,,,,,,,,,,,,,,,k,0.19,,space,0.225,,1,pink_gnome,1,1,dark_forest,red_basket,green_gnome,1,5,bright_forest,yellow_basket,5,0,0,1,green_gnome,bright_forest,yellow_basket,1427,-1,-2,15,1,121,0,1,,,,,,,,,,,,,,,,,,,,,,,,,,,,,,,,,,,,,,,,,,,,,,,,,,,,,,,,,,,,,,,,,,,,,,,,,,,,
,,,,,,,,,,,,,,,,,,,,,,,,,,,,,,,,,,,,,,,,,,,,,,,,,,,,,,,,,,,,,,,,,252089,001,2024-06-20_19h24.31.635,experiment,2023.2.3,MacIntel,71.42857143,63d13edbfc31f4ecf0122017,6674306cb0738f9af1686fa9,66747393db6ac812a4025032,,,,,,,,,,,,,,,,,,,,,,,,,,,,,,,,,,,,,,,,,,,1,,,,,,,,,,,,,1,,,,,,,,,,,,,,,,,,,,,,,,,,,k,0.305,,space,0.596,,1,pink_gnome,1,1,dark_forest,red_basket,green_gnome,1,4,bright_forest,yellow_basket,4,0,0,1,green_gnome,bright_forest,yellow_basket,1431,2,5,15,2,122,0,1,,,,,,,,,,,,,,,,,,,,,,,,,,,,,,,,,,,,,,,,,,,,,,,,,,,,,,,,,,,,,,,,,,,,,,,,,,,,
,,,,,,,,,,,,,,,,,,,,,,,,,,,,,,,,,,,,,,,,,,,,,,,,,,,,,,,,,,,,,,,,,252089,001,2024-06-20_19h24.31.635,experiment,2023.2.3,MacIntel,71.42857143,63d13edbfc31f4ecf0122017,6674306cb0738f9af1686fa9,66747393db6ac812a4025032,,,,,,,,,,,,,,,,,,,,,,,,,,,,,,,,,,,,,,,,,,,1,,,,,,,,,,,,,3,,,,,,,,,,,,,,,,,,,,,,,,,,,s,0.327,,space,0.212,,3,orange_gnome,3,6,bright_forest,yellow_basket,brown_gnome,3,6,dark_forest,red_basket,6,0,0,1,orange_gnome,bright_forest,yellow_basket,1437,0,1,15,3,123,2,1,,,,,,,,,,,,,,,,,,,,,,,,,,,,,,,,,,,,,,,,,,,,,,,,,,,,,,,,,,,,,,,,,,,,,,,,,,,,
,,,,,,,,,,,,,,,,,,,,,,,,,,,,,,,,,,,,,,,,,,,,,,,,,,,,,,,,,,,,,,,,,252089,001,2024-06-20_19h24.31.635,experiment,2023.2.3,MacIntel,71.42857143,63d13edbfc31f4ecf0122017,6674306cb0738f9af1686fa9,66747393db6ac812a4025032,,,,,,,,,,,,,,,,,,,,,,,,,,,,,,,,,,,,,,,,,,,1,,,,,,,,,,,,,3,,,,,,,,,,,,,,,,,,,,,,,,,,,s,0.338,,space,0.385,,3,brown_gnome,3,7,dark_forest,red_basket,orange_gnome,3,6,bright_forest,yellow_basket,7,0,0,1,brown_gnome,dark_forest,red_basket,1444,0,5,15,4,124,2,1,,,,,,,,,,,,,,,,,,,,,,,,,,,,,,,,,,,,,,,,,,,,,,,,,,,,,,,,,,,,,,,,,,,,,,,,,,,,
,,,,,,,,,,,,,,,,,,,,,,,,,,,,,,,,,,,,,,,,,,,,,,,,,,,,,,,,,,,,,,,,,252089,001,2024-06-20_19h24.31.635,experiment,2023.2.3,MacIntel,71.42857143,63d13edbfc31f4ecf0122017,6674306cb0738f9af1686fa9,66747393db6ac812a4025032,,,,,,,,,,,,,,,,,,,,,,,,,,,,,,,,,,,,,,,,,,,5,,,,,,,,,,,,,3,,,,,,,,,,,,,,,,,,,,,,,,,,,k,0.327,,space,0.206,,3,brown_gnome,3,6,dark_forest,red_basket,orange_gnome,3,6,bright_forest,yellow_basket,30,0,0,1,orange_gnome,bright_forest,yellow_basket,1474,2,-1,15,5,125,6,1,,,,,,,,,,,,,,,,,,,,,,,,,,,,,,,,,,,,,,,,,,,,,,,,,,,,,,,,,,,,,,,,,,,,,,,,,,,,
,,,,,,,,,,,,,,,,,,,,,,,,,,,,,,,,,,,,,,,,,,,,,,,,,,,,,,,,,,,,,,,,,252089,001,2024-06-20_19h24.31.635,experiment,2023.2.3,MacIntel,71.42857143,63d13edbfc31f4ecf0122017,6674306cb0738f9af1686fa9,66747393db6ac812a4025032,,,,,,,,,,,,,,,,,,,,,,,,,,,,,,,,,,,,,,,,,,,1,,,,,,,,,,,,,2,,,,,,,,,,,,,,,,,,,,,,,,,,,s,0.236,,space,0.188,,2,purple_gnome,2,5,dark_forest,red_basket,blue_gnome,2,8,bright_forest,yellow_basket,5,0,0,1,purple_gnome,dark_forest,red_basket,1479,0,-1,15,6,126,1,1,,,,,,,,,,,,,,,,,,,,,,,,,,,,,,,,,,,,,,,,,,,,,,,,,,,,,,,,,,,,,,,,,,,,,,,,,,,,
,,,,,,,,,,,,,,,,,,,,,,,,,,,,,,,,,,,,,,,,,,,,,,,,,,,,,,,,,,,,,,,,,252089,001,2024-06-20_19h24.31.635,experiment,2023.2.3,MacIntel,71.42857143,63d13edbfc31f4ecf0122017,6674306cb0738f9af1686fa9,66747393db6ac812a4025032,,,,,,,,,,,,,,,,,,,,,,,,,,,,,,,,,,,,,,,,,,,5,,,,,,,,,,,,,2,,,,,,,,,,,,,,,,,,,,,,,,,,,s,0.407,,space,0.261,,2,purple_gnome,2,4,dark_forest,red_basket,blue_gnome,2,8,bright_forest,yellow_basket,20,0,0,1,purple_gnome,dark_forest,red_basket,1499,0,-2,15,7,127,5,1,space,162.003,,,,,,,,,,,,,,,,,,,,,,,,,,,,,,,,,,,,,,,,,,,,,,,,,,,,,,,,,,,,,,,,,,,,,,,,,,
,,,,,,,,,,,,,,,,,,,,,,,,,,,,,,,,,,,,,,,,,,,,,,,,,,,,,,,,,,,,,,,,,252089,001,2024-06-20_19h24.31.635,experiment,2023.2.3,MacIntel,71.42857143,63d13edbfc31f4ecf0122017,6674306cb0738f9af1686fa9,66747393db6ac812a4025032,,,,,,,,,,,,,,,,,,,,,,,,,,,,,,,,,,,,,,,,,,,1,,,,,,,,,,,,,4,,,,,,,,,,,,,,,,,,,,,,,,,,,s,0.301,,space,0.352,,4,yellow_gnome,4,8,bright_forest,yellow_basket,red_gnome,4,2,dark_forest,red_basket,8,0,0,1,yellow_gnome,bright_forest,yellow_basket,1507,0,0,16,0,128,3,1,,,,,,,,,,,,,,,,,,,,,,,,,,,,,,,,,,,,,,,,,,,,,,,,,,,,,,,,,,,,,,,,,,,,,,,,,,,,
,,,,,,,,,,,,,,,,,,,,,,,,,,,,,,,,,,,,,,,,,,,,,,,,,,,,,,,,,,,,,,,,,252089,001,2024-06-20_19h24.31.635,experiment,2023.2.3,MacIntel,71.42857143,63d13edbfc31f4ecf0122017,6674306cb0738f9af1686fa9,66747393db6ac812a4025032,,,,,,,,,,,,,,,,,,,,,,,,,,,,,,,,,,,,,,,,,,,1,,,,,,,,,,,,,4,,,,,,,,,,,,,,,,,,,,,,,,,,,k,0.323,,space,0.222,,4,red_gnome,4,2,dark_forest,red_basket,yellow_gnome,4,8,bright_forest,yellow_basket,8,0,0,1,yellow_gnome,bright_forest,yellow_basket,1515,1,1,16,1,129,3,1,,,,,,,,,,,,,,,,,,,,,,,,,,,,,,,,,,,,,,,,,,,,,,,,,,,,,,,,,,,,,,,,,,,,,,,,,,,,
,,,,,,,,,,,,,,,,,,,,,,,,,,,,,,,,,,,,,,,,,,,,,,,,,,,,,,,,,,,,,,,,,252089,001,2024-06-20_19h24.31.635,experiment,2023.2.3,MacIntel,71.42857143,63d13edbfc31f4ecf0122017,6674306cb0738f9af1686fa9,66747393db6ac812a4025032,,,,,,,,,,,,,,,,,,,,,,,,,,,,,,,,,,,,,,,,,,,5,,,,,,,,,,,,,2,,,,,,,,,,,,,,,,,,,,,,,,,,,s,0.531,,space,0.269,,2,blue_gnome,2,9,bright_forest,yellow_basket,purple_gnome,2,3,dark_forest,red_basket,45,0,0,1,blue_gnome,bright_forest,yellow_basket,1560,3,1,16,2,130,5,1,,,,,,,,,,,,,,,,,,,,,,,,,,,,,,,,,,,,,,,,,,,,,,,,,,,,,,,,,,,,,,,,,,,,,,,,,,,,
,,,,,,,,,,,,,,,,,,,,,,,,,,,,,,,,,,,,,,,,,,,,,,,,,,,,,,,,,,,,,,,,,252089,001,2024-06-20_19h24.31.635,experiment,2023.2.3,MacIntel,71.42857143,63d13edbfc31f4ecf0122017,6674306cb0738f9af1686fa9,66747393db6ac812a4025032,,,,,,,,,,,,,,,,,,,,,,,,,,,,,,,,,,,,,,,,,,,1,,,,,,,,,,,,,3,,,,,,,,,,,,,,,,,,,,,,,,,,,k,0.3,,space,0.35,,3,orange_gnome,3,6,bright_forest,yellow_basket,brown_gnome,3,4,dark_forest,red_basket,4,0,0,1,brown_gnome,dark_forest,red_basket,1564,1,1,16,3,131,2,1,,,,,,,,,,,,,,,,,,,,,,,,,,,,,,,,,,,,,,,,,,,,,,,,,,,,,,,,,,,,,,,,,,,,,,,,,,,,
,,,,,,,,,,,,,,,,,,,,,,,,,,,,,,,,,,,,,,,,,,,,,,,,,,,,,,,,,,,,,,,,,252089,001,2024-06-20_19h24.31.635,experiment,2023.2.3,MacIntel,71.42857143,63d13edbfc31f4ecf0122017,6674306cb0738f9af1686fa9,66747393db6ac812a4025032,,,,,,,,,,,,,,,,,,,,,,,,,,,,,,,,,,,,,,,,,,,5,,,,,,,,,,,,,1,,,,,,,,,,,,,,,,,,,,,,,,,,,k,0.48,,space,0.312,,1,pink_gnome,1,5,dark_forest,red_basket,green_gnome,1,7,bright_forest,yellow_basket,35,0,0,1,green_gnome,bright_forest,yellow_basket,1599,-5,3,16,4,132,4,1,,,,,,,,,,,,,,,,,,,,,,,,,,,,,,,,,,,,,,,,,,,,,,,,,,,,,,,,,,,,,,,,,,,,,,,,,,,,
,,,,,,,,,,,,,,,,,,,,,,,,,,,,,,,,,,,,,,,,,,,,,,,,,,,,,,,,,,,,,,,,,252089,001,2024-06-20_19h24.31.635,experiment,2023.2.3,MacIntel,71.42857143,63d13edbfc31f4ecf0122017,6674306cb0738f9af1686fa9,66747393db6ac812a4025032,,,,,,,,,,,,,,,,,,,,,,,,,,,,,,,,,,,,,,,,,,,5,,,,,,,,,,,,,1,,,,,,,,,,,,,,,,,,,,,,,,,,,s,0.26,,space,0.13,,1,green_gnome,1,2,bright_forest,yellow_basket,pink_gnome,1,8,dark_forest,red_basket,10,0,0,1,green_gnome,bright_forest,yellow_basket,1609,0,-2,16,5,133,4,1,,,,,,,,,,,,,,,,,,,,,,,,,,,,,,,,,,,,,,,,,,,,,,,,,,,,,,,,,,,,,,,,,,,,,,,,,,,,
,,,,,,,,,,,,,,,,,,,,,,,,,,,,,,,,,,,,,,,,,,,,,,,,,,,,,,,,,,,,,,,,,252089,001,2024-06-20_19h24.31.635,experiment,2023.2.3,MacIntel,71.42857143,63d13edbfc31f4ecf0122017,6674306cb0738f9af1686fa9,66747393db6ac812a4025032,,,,,,,,,,,,,,,,,,,,,,,,,,,,,,,,,,,,,,,,,,,5,,,,,,,,,,,,,3,,,,,,,,,,,,,,,,,,,,,,,,,,,k,0.554,,space,0.474,,3,brown_gnome,3,6,dark_forest,red_basket,orange_gnome,3,2,bright_forest,yellow_basket,10,0,0,1,orange_gnome,bright_forest,yellow_basket,1619,1,1,16,6,134,6,1,,,,,,,,,,,,,,,,,,,,,,,,,,,,,,,,,,,,,,,,,,,,,,,,,,,,,,,,,,,,,,,,,,,,,,,,,,,,
,,,,,,,,,,,,,,,,,,,,,,,,,,,,,,,,,,,,,,,,,,,,,,,,,,,,,,,,,,,,,,,,,252089,001,2024-06-20_19h24.31.635,experiment,2023.2.3,MacIntel,71.42857143,63d13edbfc31f4ecf0122017,6674306cb0738f9af1686fa9,66747393db6ac812a4025032,,,,,,,,,,,,,,,,,,,,,,,,,,,,,,,,,,,,,,,,,,,5,,,,,,,,,,,,,4,,,,,,,,,,,,,,,,,,,,,,,,,,,s,0.411,,space,0.232,,4,yellow_gnome,4,3,bright_forest,yellow_basket,red_gnome,4,7,dark_forest,red_basket,15,0,0,1,yellow_gnome,bright_forest,yellow_basket,1634,0,0,16,7,135,7,1,,,,,,,,,,,,,,,,,,,,,,,,,,,,,,,,,,,,,,,,,,,,,,,,,,,,,,,,,,,,,,,,,,,,,,,,,,,,
,,,,,,,,,,,,,,,,,,,,,,,,,,,,,,,,,,,,,,,,,,,,,,,,,,,,,,,,,,,,,,,,,252089,001,2024-06-20_19h24.31.635,experiment,2023.2.3,MacIntel,71.42857143,63d13edbfc31f4ecf0122017,6674306cb0738f9af1686fa9,66747393db6ac812a4025032,,,,,,,,,,,,,,,,,,,,,,,,,,,,,,,,,,,,,,,,,,,1,,,,,,,,,,,,,2,,,,,,,,,,,,,,,,,,,,,,,,,,,k,0.385,,space,0.262,,2,purple_gnome,2,7,dark_forest,red_basket,blue_gnome,2,3,bright_forest,yellow_basket,3,0,0,1,blue_gnome,bright_forest,yellow_basket,1637,0,-1,17,0,136,1,1,,,,,,,,,,,,,,,,,,,,,,,,,,,,,,,,,,,,,,,,,,,,,,,,,,,,,,,,,,,,,,,,,,,,,,,,,,,,
,,,,,,,,,,,,,,,,,,,,,,,,,,,,,,,,,,,,,,,,,,,,,,,,,,,,,,,,,,,,,,,,,252089,001,2024-06-20_19h24.31.635,experiment,2023.2.3,MacIntel,71.42857143,63d13edbfc31f4ecf0122017,6674306cb0738f9af1686fa9,66747393db6ac812a4025032,,,,,,,,,,,,,,,,,,,,,,,,,,,,,,,,,,,,,,,,,,,5,,,,,,,,,,,,,1,,,,,,,,,,,,,,,,,,,,,,,,,,,s,0.329,,space,0.24,,1,green_gnome,1,3,bright_forest,yellow_basket,pink_gnome,1,6,dark_forest,red_basket,15,0,0,1,green_gnome,bright_forest,yellow_basket,1652,-1,0,17,1,137,4,1,,,,,,,,,,,,,,,,,,,,,,,,,,,,,,,,,,,,,,,,,,,,,,,,,,,,,,,,,,,,,,,,,,,,,,,,,,,,
,,,,,,,,,,,,,,,,,,,,,,,,,,,,,,,,,,,,,,,,,,,,,,,,,,,,,,,,,,,,,,,,,252089,001,2024-06-20_19h24.31.635,experiment,2023.2.3,MacIntel,71.42857143,63d13edbfc31f4ecf0122017,6674306cb0738f9af1686fa9,66747393db6ac812a4025032,,,,,,,,,,,,,,,,,,,,,,,,,,,,,,,,,,,,,,,,,,,5,,,,,,,,,,,,,2,,,,,,,,,,,,,,,,,,,,,,,,,,,k,0.322,,space,0.095,,2,blue_gnome,2,2,bright_forest,yellow_basket,purple_gnome,2,6,dark_forest,red_basket,30,0,0,1,purple_gnome,dark_forest,red_basket,1682,0,-3,17,2,138,5,1,,,,,,,,,,,,,,,,,,,,,,,,,,,,,,,,,,,,,,,,,,,,,,,,,,,,,,,,,,,,,,,,,,,,,,,,,,,,
,,,,,,,,,,,,,,,,,,,,,,,,,,,,,,,,,,,,,,,,,,,,,,,,,,,,,,,,,,,,,,,,,252089,001,2024-06-20_19h24.31.635,experiment,2023.2.3,MacIntel,71.42857143,63d13edbfc31f4ecf0122017,6674306cb0738f9af1686fa9,66747393db6ac812a4025032,,,,,,,,,,,,,,,,,,,,,,,,,,,,,,,,,,,,,,,,,,,5,,,,,,,,,,,,,3,,,,,,,,,,,,,,,,,,,,,,,,,,,k,0.449,,space,0.744,,3,brown_gnome,3,3,dark_forest,red_basket,orange_gnome,3,2,bright_forest,yellow_basket,10,0,0,1,orange_gnome,bright_forest,yellow_basket,1692,0,0,17,3,139,6,1,,,,,,,,,,,,,,,,,,,,,,,,,,,,,,,,,,,,,,,,,,,,,,,,,,,,,,,,,,,,,,,,,,,,,,,,,,,,
,,,,,,,,,,,,,,,,,,,,,,,,,,,,,,,,,,,,,,,,,,,,,,,,,,,,,,,,,,,,,,,,,252089,001,2024-06-20_19h24.31.635,experiment,2023.2.3,MacIntel,71.42857143,63d13edbfc31f4ecf0122017,6674306cb0738f9af1686fa9,66747393db6ac812a4025032,,,,,,,,,,,,,,,,,,,,,,,,,,,,,,,,,,,,,,,,,,,1,,,,,,,,,,,,,3,,,,,,,,,,,,,,,,,,,,,,,,,,,s,0.316,,space,0.29,,3,brown_gnome,3,3,dark_forest,red_basket,orange_gnome,3,2,bright_forest,yellow_basket,3,0,0,1,brown_gnome,dark_forest,red_basket,1695,1,1,17,4,140,2,1,,,,,,,,,,,,,,,,,,,,,,,,,,,,,,,,,,,,,,,,,,,,,,,,,,,,,,,,,,,,,,,,,,,,,,,,,,,,
,,,,,,,,,,,,,,,,,,,,,,,,,,,,,,,,,,,,,,,,,,,,,,,,,,,,,,,,,,,,,,,,,252089,001,2024-06-20_19h24.31.635,experiment,2023.2.3,MacIntel,71.42857143,63d13edbfc31f4ecf0122017,6674306cb0738f9af1686fa9,66747393db6ac812a4025032,,,,,,,,,,,,,,,,,,,,,,,,,,,,,,,,,,,,,,,,,,,1,,,,,,,,,,,,,2,,,,,,,,,,,,,,,,,,,,,,,,,,,k,0.066,,space,0.385,,2,blue_gnome,2,3,bright_forest,yellow_basket,purple_gnome,2,4,dark_forest,red_basket,4,0,0,1,purple_gnome,dark_forest,red_basket,1699,2,-3,17,5,141,1,1,,,,,,,,,,,,,,,,,,,,,,,,,,,,,,,,,,,,,,,,,,,,,,,,,,,,,,,,,,,,,,,,,,,,,,,,,,,,
,,,,,,,,,,,,,,,,,,,,,,,,,,,,,,,,,,,,,,,,,,,,,,,,,,,,,,,,,,,,,,,,,252089,001,2024-06-20_19h24.31.635,experiment,2023.2.3,MacIntel,71.42857143,63d13edbfc31f4ecf0122017,6674306cb0738f9af1686fa9,66747393db6ac812a4025032,,,,,,,,,,,,,,,,,,,,,,,,,,,,,,,,,,,,,,,,,,,1,,,,,,,,,,,,,2,,,,,,,,,,,,,,,,,,,,,,,,,,,s,0.138,,space,0.213,,2,purple_gnome,2,1,dark_forest,red_basket,blue_gnome,2,5,bright_forest,yellow_basket,1,0,0,1,purple_gnome,dark_forest,red_basket,1700,0,0,17,6,142,1,1,,,,,,,,,,,,,,,,,,,,,,,,,,,,,,,,,,,,,,,,,,,,,,,,,,,,,,,,,,,,,,,,,,,,,,,,,,,,
,,,,,,,,,,,,,,,,,,,,,,,,,,,,,,,,,,,,,,,,,,,,,,,,,,,,,,,,,,,,,,,,,252089,001,2024-06-20_19h24.31.635,experiment,2023.2.3,MacIntel,71.42857143,63d13edbfc31f4ecf0122017,6674306cb0738f9af1686fa9,66747393db6ac812a4025032,,,,,,,,,,,,,,,,,,,,,,,,,,,,,,,,,,,,,,,,,,,5,,,,,,,,,,,,,1,,,,,,,,,,,,,,,,,,,,,,,,,,,s,0.256,,space,0.138,,1,pink_gnome,1,1,dark_forest,red_basket,green_gnome,1,5,bright_forest,yellow_basket,5,0,0,1,pink_gnome,dark_forest,red_basket,1705,0,0,17,7,143,4,1,,,,,,,,,,,,,,,,,,,,,,,,,,,,,,,,,,,,,,,,,,,,,,,,,,,,,,,,,,,,,,,,,,,,,,,,,,,,
,,,,,,,,,,,,,,,,,,,,,,,,,,,,,,,,,,,,,,,,,,,,,,,,,,,,,,,,,,,,,,,,,252089,001,2024-06-20_19h24.31.635,experiment,2023.2.3,MacIntel,71.42857143,63d13edbfc31f4ecf0122017,6674306cb0738f9af1686fa9,66747393db6ac812a4025032,,,,,,,,,,,,,,,,,,,,,,,,,,,,,,,,,,,,,,,,,,,5,,,,,,,,,,,,,3,,,,,,,,,,,,,,,,,,,,,,,,,,,k,0.384,,space,0.295,,3,brown_gnome,3,1,dark_forest,red_basket,orange_gnome,3,5,bright_forest,yellow_basket,25,0,0,1,orange_gnome,bright_forest,yellow_basket,1730,-1,-3,18,0,144,6,1,,,,,,,,,,,,,,,,,,,,,,,,,,,,,,,,,,,,,,,,,,,,,,,,,,,,,,,,,,,,,,,,,,,,,,,,,,,,
,,,,,,,,,,,,,,,,,,,,,,,,,,,,,,,,,,,,,,,,,,,,,,,,,,,,,,,,,,,,,,,,,252089,001,2024-06-20_19h24.31.635,experiment,2023.2.3,MacIntel,71.42857143,63d13edbfc31f4ecf0122017,6674306cb0738f9af1686fa9,66747393db6ac812a4025032,,,,,,,,,,,,,,,,,,,,,,,,,,,,,,,,,,,,,,,,,,,5,,,,,,,,,,,,,2,,,,,,,,,,,,,,,,,,,,,,,,,,,s,0.116,,space,0.316,,2,blue_gnome,2,4,bright_forest,yellow_basket,purple_gnome,2,2,dark_forest,red_basket,20,0,0,1,blue_gnome,bright_forest,yellow_basket,1750,-1,0,18,1,145,5,1,,,,,,,,,,,,,,,,,,,,,,,,,,,,,,,,,,,,,,,,,,,,,,,,,,,,,,,,,,,,,,,,,,,,,,,,,,,,
,,,,,,,,,,,,,,,,,,,,,,,,,,,,,,,,,,,,,,,,,,,,,,,,,,,,,,,,,,,,,,,,,252089,001,2024-06-20_19h24.31.635,experiment,2023.2.3,MacIntel,71.42857143,63d13edbfc31f4ecf0122017,6674306cb0738f9af1686fa9,66747393db6ac812a4025032,,,,,,,,,,,,,,,,,,,,,,,,,,,,,,,,,,,,,,,,,,,1,,,,,,,,,,,,,4,,,,,,,,,,,,,,,,,,,,,,,,,,,k,0.418,,space,0.219,,4,red_gnome,4,2,dark_forest,red_basket,yellow_gnome,4,3,bright_forest,yellow_basket,3,0,0,1,yellow_gnome,bright_forest,yellow_basket,1753,-2,2,18,2,146,3,1,,,,,,,,,,,,,,,,,,,,,,,,,,,,,,,,,,,,,,,,,,,,,,,,,,,,,,,,,,,,,,,,,,,,,,,,,,,,
,,,,,,,,,,,,,,,,,,,,,,,,,,,,,,,,,,,,,,,,,,,,,,,,,,,,,,,,,,,,,,,,,252089,001,2024-06-20_19h24.31.635,experiment,2023.2.3,MacIntel,71.42857143,63d13edbfc31f4ecf0122017,6674306cb0738f9af1686fa9,66747393db6ac812a4025032,,,,,,,,,,,,,,,,,,,,,,,,,,,,,,,,,,,,,,,,,,,1,,,,,,,,,,,,,3,,,,,,,,,,,,,,,,,,,,,,,,,,,s,0.88,,,,,3,brown_gnome,3,4,dark_forest,red_basket,orange_gnome,3,1,bright_forest,yellow_basket,0,0,1,0,brown_gnome,dark_forest,red_basket,1753,2,1,18,3,147,2,1,,,,,,,,,,,,,,,,,,,,,,,,,,,,,,,,,,,,,,,,,,,,,,,,,,,,,,,,,,,,,,,,,,,,,,,,,,,,
,,,,,,,,,,,,,,,,,,,,,,,,,,,,,,,,,,,,,,,,,,,,,,,,,,,,,,,,,,,,,,,,,252089,001,2024-06-20_19h24.31.635,experiment,2023.2.3,MacIntel,71.42857143,63d13edbfc31f4ecf0122017,6674306cb0738f9af1686fa9,66747393db6ac812a4025032,,,,,,,,,,,,,,,,,,,,,,,,,,,,,,,,,,,,,,,,,,,1,,,,,,,,,,,,,1,,,,,,,,,,,,,,,,,,,,,,,,,,,k,0.23,,space,0.322,,1,green_gnome,1,3,bright_forest,yellow_basket,pink_gnome,1,5,dark_forest,red_basket,5,0,0,1,pink_gnome,dark_forest,red_basket,1758,0,-3,18,4,148,0,1,,,,,,,,,,,,,,,,,,,,,,,,,,,,,,,,,,,,,,,,,,,,,,,,,,,,,,,,,,,,,,,,,,,,,,,,,,,,
,,,,,,,,,,,,,,,,,,,,,,,,,,,,,,,,,,,,,,,,,,,,,,,,,,,,,,,,,,,,,,,,,252089,001,2024-06-20_19h24.31.635,experiment,2023.2.3,MacIntel,71.42857143,63d13edbfc31f4ecf0122017,6674306cb0738f9af1686fa9,66747393db6ac812a4025032,,,,,,,,,,,,,,,,,,,,,,,,,,,,,,,,,,,,,,,,,,,5,,,,,,,,,,,,,3,,,,,,,,,,,,,,,,,,,,,,,,,,,s,0.277,,space,0.376,,3,brown_gnome,3,2,dark_forest,red_basket,orange_gnome,3,3,bright_forest,yellow_basket,10,0,0,1,brown_gnome,dark_forest,red_basket,1768,0,5,18,5,149,6,1,,,,,,,,,,,,,,,,,,,,,,,,,,,,,,,,,,,,,,,,,,,,,,,,,,,,,,,,,,,,,,,,,,,,,,,,,,,,
,,,,,,,,,,,,,,,,,,,,,,,,,,,,,,,,,,,,,,,,,,,,,,,,,,,,,,,,,,,,,,,,,252089,001,2024-06-20_19h24.31.635,experiment,2023.2.3,MacIntel,71.42857143,63d13edbfc31f4ecf0122017,6674306cb0738f9af1686fa9,66747393db6ac812a4025032,,,,,,,,,,,,,,,,,,,,,,,,,,,,,,,,,,,,,,,,,,,1,,,,,,,,,,,,,4,,,,,,,,,,,,,,,,,,,,,,,,,,,k,0.306,,space,0.377,,4,yellow_gnome,4,3,bright_forest,yellow_basket,red_gnome,4,7,dark_forest,red_basket,7,0,0,1,red_gnome,dark_forest,red_basket,1775,-1,2,18,6,150,3,1,,,,,,,,,,,,,,,,,,,,,,,,,,,,,,,,,,,,,,,,,,,,,,,,,,,,,,,,,,,,,,,,,,,,,,,,,,,,
,,,,,,,,,,,,,,,,,,,,,,,,,,,,,,,,,,,,,,,,,,,,,,,,,,,,,,,,,,,,,,,,,252089,001,2024-06-20_19h24.31.635,experiment,2023.2.3,MacIntel,71.42857143,63d13edbfc31f4ecf0122017,6674306cb0738f9af1686fa9,66747393db6ac812a4025032,,,,,,,,,,,,,,,,,,,,,,,,,,,,,,,,,,,,,,,,,,,1,,,,,,,,,,,,,1,,,,,,,,,,,,,,,,,,,,,,,,,,,s,0.27,,space,0.254,,1,pink_gnome,1,9,dark_forest,red_basket,green_gnome,1,2,bright_forest,yellow_basket,9,0,0,1,pink_gnome,dark_forest,red_basket,1784,-1,4,18,7,151,0,1,,,,,,,,,,,,,,,,,,,,,,,,,,,,,,,,,,,,,,,,,,,,,,,,,,,,,,,,,,,,,,,,,,,,,,,,,,,,
,,,,,,,,,,,,,,,,,,,,,,,,,,,,,,,,,,,,,,,,,,,,,,,,,,,,,,,,,,,,,,,,,252089,001,2024-06-20_19h24.31.635,experiment,2023.2.3,MacIntel,71.42857143,63d13edbfc31f4ecf0122017,6674306cb0738f9af1686fa9,66747393db6ac812a4025032,,,,,,,,,,,,,,,,,,,,,,,,,,,,,,,,,,,,,,,,,,,1,,,,,,,,,,,,,3,,,,,,,,,,,,,,,,,,,,,,,,,,,k,0.301,,space,0.206,,3,brown_gnome,3,5,dark_forest,red_basket,orange_gnome,3,1,bright_forest,yellow_basket,1,0,0,1,orange_gnome,bright_forest,yellow_basket,1785,4,1,19,0,152,2,1,,,,,,,,,,,,,,,,,,,,,,,,,,,,,,,,,,,,,,,,,,,,,,,,,,,,,,,,,,,,,,,,,,,,,,,,,,,,
,,,,,,,,,,,,,,,,,,,,,,,,,,,,,,,,,,,,,,,,,,,,,,,,,,,,,,,,,,,,,,,,,252089,001,2024-06-20_19h24.31.635,experiment,2023.2.3,MacIntel,71.42857143,63d13edbfc31f4ecf0122017,6674306cb0738f9af1686fa9,66747393db6ac812a4025032,,,,,,,,,,,,,,,,,,,,,,,,,,,,,,,,,,,,,,,,,,,1,,,,,,,,,,,,,3,,,,,,,,,,,,,,,,,,,,,,,,,,,s,0.426,,space,0.267,,3,orange_gnome,3,5,bright_forest,yellow_basket,brown_gnome,3,6,dark_forest,red_basket,5,0,0,1,orange_gnome,bright_forest,yellow_basket,1790,1,-3,19,1,153,2,1,,,,,,,,,,,,,,,,,,,,,,,,,,,,,,,,,,,,,,,,,,,,,,,,,,,,,,,,,,,,,,,,,,,,,,,,,,,,
,,,,,,,,,,,,,,,,,,,,,,,,,,,,,,,,,,,,,,,,,,,,,,,,,,,,,,,,,,,,,,,,,252089,001,2024-06-20_19h24.31.635,experiment,2023.2.3,MacIntel,71.42857143,63d13edbfc31f4ecf0122017,6674306cb0738f9af1686fa9,66747393db6ac812a4025032,,,,,,,,,,,,,,,,,,,,,,,,,,,,,,,,,,,,,,,,,,,5,,,,,,,,,,,,,4,,,,,,,,,,,,,,,,,,,,,,,,,,,k,0.395,,space,0.289,,4,red_gnome,4,3,dark_forest,red_basket,yellow_gnome,4,6,bright_forest,yellow_basket,30,0,0,1,yellow_gnome,bright_forest,yellow_basket,1820,0,1,19,2,154,7,1,,,,,,,,,,,,,,,,,,,,,,,,,,,,,,,,,,,,,,,,,,,,,,,,,,,,,,,,,,,,,,,,,,,,,,,,,,,,
,,,,,,,,,,,,,,,,,,,,,,,,,,,,,,,,,,,,,,,,,,,,,,,,,,,,,,,,,,,,,,,,,252089,001,2024-06-20_19h24.31.635,experiment,2023.2.3,MacIntel,71.42857143,63d13edbfc31f4ecf0122017,6674306cb0738f9af1686fa9,66747393db6ac812a4025032,,,,,,,,,,,,,,,,,,,,,,,,,,,,,,,,,,,,,,,,,,,1,,,,,,,,,,,,,1,,,,,,,,,,,,,,,,,,,,,,,,,,,k,0.445,,space,0.7,,1,green_gnome,1,6,bright_forest,yellow_basket,pink_gnome,1,4,dark_forest,red_basket,4,0,0,1,pink_gnome,dark_forest,red_basket,1824,1,-2,19,3,155,0,1,,,,,,,,,,,,,,,,,,,,,,,,,,,,,,,,,,,,,,,,,,,,,,,,,,,,,,,,,,,,,,,,,,,,,,,,,,,,
,,,,,,,,,,,,,,,,,,,,,,,,,,,,,,,,,,,,,,,,,,,,,,,,,,,,,,,,,,,,,,,,,252089,001,2024-06-20_19h24.31.635,experiment,2023.2.3,MacIntel,71.42857143,63d13edbfc31f4ecf0122017,6674306cb0738f9af1686fa9,66747393db6ac812a4025032,,,,,,,,,,,,,,,,,,,,,,,,,,,,,,,,,,,,,,,,,,,5,,,,,,,,,,,,,1,,,,,,,,,,,,,,,,,,,,,,,,,,,s,0.277,,space,0.507,,1,green_gnome,1,7,bright_forest,yellow_basket,pink_gnome,1,2,dark_forest,red_basket,35,0,0,1,green_gnome,bright_forest,yellow_basket,1859,3,6,19,4,156,4,1,,,,,,,,,,,,,,,,,,,,,,,,,,,,,,,,,,,,,,,,,,,,,,,,,,,,,,,,,,,,,,,,,,,,,,,,,,,,
,,,,,,,,,,,,,,,,,,,,,,,,,,,,,,,,,,,,,,,,,,,,,,,,,,,,,,,,,,,,,,,,,252089,001,2024-06-20_19h24.31.635,experiment,2023.2.3,MacIntel,71.42857143,63d13edbfc31f4ecf0122017,6674306cb0738f9af1686fa9,66747393db6ac812a4025032,,,,,,,,,,,,,,,,,,,,,,,,,,,,,,,,,,,,,,,,,,,1,,,,,,,,,,,,,2,,,,,,,,,,,,,,,,,,,,,,,,,,,k,0.545,,space,0.581,,2,blue_gnome,2,8,bright_forest,yellow_basket,purple_gnome,2,8,dark_forest,red_basket,8,0,0,1,purple_gnome,dark_forest,red_basket,1867,2,1,19,5,157,1,1,,,,,,,,,,,,,,,,,,,,,,,,,,,,,,,,,,,,,,,,,,,,,,,,,,,,,,,,,,,,,,,,,,,,,,,,,,,,
,,,,,,,,,,,,,,,,,,,,,,,,,,,,,,,,,,,,,,,,,,,,,,,,,,,,,,,,,,,,,,,,,252089,001,2024-06-20_19h24.31.635,experiment,2023.2.3,MacIntel,71.42857143,63d13edbfc31f4ecf0122017,6674306cb0738f9af1686fa9,66747393db6ac812a4025032,,,,,,,,,,,,,,,,,,,,,,,,,,,,,,,,,,,,,,,,,,,5,,,,,,,,,,,,,2,,,,,,,,,,,,,,,,,,,,,,,,,,,s,0.324,,space,0.189,,2,purple_gnome,2,9,dark_forest,red_basket,blue_gnome,2,8,bright_forest,yellow_basket,45,0,0,1,purple_gnome,dark_forest,red_basket,1912,2,1,19,6,158,5,1,,,,,,,,,,,,,,,,,,,,,,,,,,,,,,,,,,,,,,,,,,,,,,,,,,,,,,,,,,,,,,,,,,,,,,,,,,,,
,,,,,,,,,,,,,,,,,,,,,,,,,,,,,,,,,,,,,,,,,,,,,,,,,,,,,,,,,,,,,,,,,252089,001,2024-06-20_19h24.31.635,experiment,2023.2.3,MacIntel,71.42857143,63d13edbfc31f4ecf0122017,6674306cb0738f9af1686fa9,66747393db6ac812a4025032,,,,,,,,,,,,,,,,,,,,,,,,,,,,,,,,,,,,,,,,,,,5,,,,,,,,,,,,,3,,,,,,,,,,,,,,,,,,,,,,,,,,,k,0.182,,space,0.631,,3,orange_gnome,3,8,bright_forest,yellow_basket,brown_gnome,3,8,dark_forest,red_basket,40,0,0,1,brown_gnome,dark_forest,red_basket,1952,-1,1,19,7,159,6,1,,,,,,,,,,,,,,,,,,,,,,,,,,,,,,,,,,,,,,,,,,,,,,,,,,,,,,,,,,,,,,,,,,,,,,,,,,,,
,,,,,,,,,,,,,,,,,,,,,,,,,,,,,,,,,,,,,,,,,,,,,,,,,,,,,,,,,,,,,,,,,252089,001,2024-06-20_19h24.31.635,experiment,2023.2.3,MacIntel,71.42857143,63d13edbfc31f4ecf0122017,6674306cb0738f9af1686fa9,66747393db6ac812a4025032,,,,,,,,,,,,,,,,,,,,,,,,,,,,,,,,,,,,,,,,,,,5,,,,,,,,,,,,,3,,,,,,,,,,,,,,,,,,,,,,,,,,,s,0.279,,space,0.173,,3,brown_gnome,3,9,dark_forest,red_basket,orange_gnome,3,7,bright_forest,yellow_basket,45,0,0,1,brown_gnome,dark_forest,red_basket,1997,5,4,20,0,160,6,1,,,,,,,,,,,,,,,,,,,,,,,,,,,,,,,,,,,,,,,,,,,,,,,,,,,,,,,,,,,,,,,,,,,,,,,,,,,,
,,,,,,,,,,,,,,,,,,,,,,,,,,,,,,,,,,,,,,,,,,,,,,,,,,,,,,,,,,,,,,,,,252089,001,2024-06-20_19h24.31.635,experiment,2023.2.3,MacIntel,71.42857143,63d13edbfc31f4ecf0122017,6674306cb0738f9af1686fa9,66747393db6ac812a4025032,,,,,,,,,,,,,,,,,,,,,,,,,,,,,,,,,,,,,,,,,,,1,,,,,,,,,,,,,3,,,,,,,,,,,,,,,,,,,,,,,,,,,s,0.238,,space,0.076,,3,brown_gnome,3,5,dark_forest,red_basket,orange_gnome,3,6,bright_forest,yellow_basket,5,0,0,1,brown_gnome,dark_forest,red_basket,2002,1,3,20,1,161,2,1,,,,,,,,,,,,,,,,,,,,,,,,,,,,,,,,,,,,,,,,,,,,,,,,,,,,,,,,,,,,,,,,,,,,,,,,,,,,
,,,,,,,,,,,,,,,,,,,,,,,,,,,,,,,,,,,,,,,,,,,,,,,,,,,,,,,,,,,,,,,,,252089,001,2024-06-20_19h24.31.635,experiment,2023.2.3,MacIntel,71.42857143,63d13edbfc31f4ecf0122017,6674306cb0738f9af1686fa9,66747393db6ac812a4025032,,,,,,,,,,,,,,,,,,,,,,,,,,,,,,,,,,,,,,,,,,,5,,,,,,,,,,,,,1,,,,,,,,,,,,,,,,,,,,,,,,,,,k,0.361,,space,0.287,,1,green_gnome,1,7,bright_forest,yellow_basket,pink_gnome,1,8,dark_forest,red_basket,40,0,0,1,pink_gnome,dark_forest,red_basket,2042,0,2,20,2,162,4,1,,,,,,,,,,,,,,,,,,,,,,,,,,,,,,,,,,,,,,,,,,,,,,,,,,,,,,,,,,,,,,,,,,,,,,,,,,,,
,,,,,,,,,,,,,,,,,,,,,,,,,,,,,,,,,,,,,,,,,,,,,,,,,,,,,,,,,,,,,,,,,252089,001,2024-06-20_19h24.31.635,experiment,2023.2.3,MacIntel,71.42857143,63d13edbfc31f4ecf0122017,6674306cb0738f9af1686fa9,66747393db6ac812a4025032,,,,,,,,,,,,,,,,,,,,,,,,,,,,,,,,,,,,,,,,,,,1,,,,,,,,,,,,,3,,,,,,,,,,,,,,,,,,,,,,,,,,,s,0.186,,space,0.257,,3,brown_gnome,3,8,dark_forest,red_basket,orange_gnome,3,7,bright_forest,yellow_basket,8,0,0,1,brown_gnome,dark_forest,red_basket,2050,3,2,20,3,163,2,1,,,,,,,,,,,,,,,,,,,,,,,,,,,,,,,,,,,,,,,,,,,,,,,,,,,,,,,,,,,,,,,,,,,,,,,,,,,,
,,,,,,,,,,,,,,,,,,,,,,,,,,,,,,,,,,,,,,,,,,,,,,,,,,,,,,,,,,,,,,,,,252089,001,2024-06-20_19h24.31.635,experiment,2023.2.3,MacIntel,71.42857143,63d13edbfc31f4ecf0122017,6674306cb0738f9af1686fa9,66747393db6ac812a4025032,,,,,,,,,,,,,,,,,,,,,,,,,,,,,,,,,,,,,,,,,,,5,,,,,,,,,,,,,2,,,,,,,,,,,,,,,,,,,,,,,,,,,k,0.309,,space,0.138,,2,purple_gnome,2,8,dark_forest,red_basket,blue_gnome,2,8,bright_forest,yellow_basket,40,0,0,1,blue_gnome,bright_forest,yellow_basket,2090,2,-1,20,4,164,5,1,,,,,,,,,,,,,,,,,,,,,,,,,,,,,,,,,,,,,,,,,,,,,,,,,,,,,,,,,,,,,,,,,,,,,,,,,,,,
,,,,,,,,,,,,,,,,,,,,,,,,,,,,,,,,,,,,,,,,,,,,,,,,,,,,,,,,,,,,,,,,,252089,001,2024-06-20_19h24.31.635,experiment,2023.2.3,MacIntel,71.42857143,63d13edbfc31f4ecf0122017,6674306cb0738f9af1686fa9,66747393db6ac812a4025032,,,,,,,,,,,,,,,,,,,,,,,,,,,,,,,,,,,,,,,,,,,5,,,,,,,,,,,,,4,,,,,,,,,,,,,,,,,,,,,,,,,,,k,0.074,,space,0.767,,4,yellow_gnome,4,8,bright_forest,yellow_basket,red_gnome,4,7,dark_forest,red_basket,35,0,0,1,red_gnome,dark_forest,red_basket,2125,0,2,20,5,165,7,1,,,,,,,,,,,,,,,,,,,,,,,,,,,,,,,,,,,,,,,,,,,,,,,,,,,,,,,,,,,,,,,,,,,,,,,,,,,,
,,,,,,,,,,,,,,,,,,,,,,,,,,,,,,,,,,,,,,,,,,,,,,,,,,,,,,,,,,,,,,,,,252089,001,2024-06-20_19h24.31.635,experiment,2023.2.3,MacIntel,71.42857143,63d13edbfc31f4ecf0122017,6674306cb0738f9af1686fa9,66747393db6ac812a4025032,,,,,,,,,,,,,,,,,,,,,,,,,,,,,,,,,,,,,,,,,,,5,,,,,,,,,,,,,1,,,,,,,,,,,,,,,,,,,,,,,,,,,s,0.305,,space,0.385,,1,green_gnome,1,8,bright_forest,yellow_basket,pink_gnome,1,9,dark_forest,red_basket,40,0,0,1,green_gnome,bright_forest,yellow_basket,2165,-2,-3,20,6,166,4,1,,,,,,,,,,,,,,,,,,,,,,,,,,,,,,,,,,,,,,,,,,,,,,,,,,,,,,,,,,,,,,,,,,,,,,,,,,,,
,,,,,,,,,,,,,,,,,,,,,,,,,,,,,,,,,,,,,,,,,,,,,,,,,,,,,,,,,,,,,,,,,252089,001,2024-06-20_19h24.31.635,experiment,2023.2.3,MacIntel,71.42857143,63d13edbfc31f4ecf0122017,6674306cb0738f9af1686fa9,66747393db6ac812a4025032,,,,,,,,,,,,,,,,,,,,,,,,,,,,,,,,,,,,,,,,,,,1,,,,,,,,,,,,,3,,,,,,,,,,,,,,,,,,,,,,,,,,,k,0.247,,space,0.128,,3,brown_gnome,3,6,dark_forest,red_basket,orange_gnome,3,6,bright_forest,yellow_basket,6,0,0,1,orange_gnome,bright_forest,yellow_basket,2171,-1,-3,20,7,167,2,1,,,,,,,,,,,,,,,,,,,,,,,,,,,,,,,,,,,,,,,,,,,,,,,,,,,,,,,,,,,,,,,,,,,,,,,,,,,,
,,,,,,,,,,,,,,,,,,,,,,,,,,,,,,,,,,,,,,,,,,,,,,,,,,,,,,,,,,,,,,,,,252089,001,2024-06-20_19h24.31.635,experiment,2023.2.3,MacIntel,71.42857143,63d13edbfc31f4ecf0122017,6674306cb0738f9af1686fa9,66747393db6ac812a4025032,,,,,,,,,,,,,,,,,,,,,,,,,,,,,,,,,,,,,,,,,,,1,,,,,,,,,,,,,1,,,,,,,,,,,,,,,,,,,,,,,,,,,s,0.426,,space,0.094,,1,green_gnome,1,5,bright_forest,yellow_basket,pink_gnome,1,3,dark_forest,red_basket,5,0,0,1,green_gnome,bright_forest,yellow_basket,2176,0,-3,21,0,168,0,1,,,,,,,,,,,,,,,,,,,,,,,,,,,,,,,,,,,,,,,,,,,,,,,,,,,,,,,,,,,,,,,,,,,,,,,,,,,,
,,,,,,,,,,,,,,,,,,,,,,,,,,,,,,,,,,,,,,,,,,,,,,,,,,,,,,,,,,,,,,,,,252089,001,2024-06-20_19h24.31.635,experiment,2023.2.3,MacIntel,71.42857143,63d13edbfc31f4ecf0122017,6674306cb0738f9af1686fa9,66747393db6ac812a4025032,,,,,,,,,,,,,,,,,,,,,,,,,,,,,,,,,,,,,,,,,,,5,,,,,,,,,,,,,3,,,,,,,,,,,,,,,,,,,,,,,,,,,k,0.088,,space,0.165,,3,orange_gnome,3,5,bright_forest,yellow_basket,brown_gnome,3,0,dark_forest,red_basket,0,0,0,1,brown_gnome,dark_forest,red_basket,2176,1,-2,21,1,169,6,1,,,,,,,,,,,,,,,,,,,,,,,,,,,,,,,,,,,,,,,,,,,,,,,,,,,,,,,,,,,,,,,,,,,,,,,,,,,,
,,,,,,,,,,,,,,,,,,,,,,,,,,,,,,,,,,,,,,,,,,,,,,,,,,,,,,,,,,,,,,,,,252089,001,2024-06-20_19h24.31.635,experiment,2023.2.3,MacIntel,71.42857143,63d13edbfc31f4ecf0122017,6674306cb0738f9af1686fa9,66747393db6ac812a4025032,,,,,,,,,,,,,,,,,,,,,,,,,,,,,,,,,,,,,,,,,,,5,,,,,,,,,,,,,2,,,,,,,,,,,,,,,,,,,,,,,,,,,s,0.348,,space,0.434,,2,purple_gnome,2,2,dark_forest,red_basket,blue_gnome,2,6,bright_forest,yellow_basket,10,0,0,1,purple_gnome,dark_forest,red_basket,2186,3,-2,21,2,170,5,1,,,,,,,,,,,,,,,,,,,,,,,,,,,,,,,,,,,,,,,,,,,,,,,,,,,,,,,,,,,,,,,,,,,,,,,,,,,,
,,,,,,,,,,,,,,,,,,,,,,,,,,,,,,,,,,,,,,,,,,,,,,,,,,,,,,,,,,,,,,,,,252089,001,2024-06-20_19h24.31.635,experiment,2023.2.3,MacIntel,71.42857143,63d13edbfc31f4ecf0122017,6674306cb0738f9af1686fa9,66747393db6ac812a4025032,,,,,,,,,,,,,,,,,,,,,,,,,,,,,,,,,,,,,,,,,,,5,,,,,,,,,,,,,3,,,,,,,,,,,,,,,,,,,,,,,,,,,k,0.288,,space,0.309,,3,orange_gnome,3,9,bright_forest,yellow_basket,brown_gnome,3,0,dark_forest,red_basket,0,0,0,1,brown_gnome,dark_forest,red_basket,2186,-1,1,21,3,171,6,1,,,,,,,,,,,,,,,,,,,,,,,,,,,,,,,,,,,,,,,,,,,,,,,,,,,,,,,,,,,,,,,,,,,,,,,,,,,,
,,,,,,,,,,,,,,,,,,,,,,,,,,,,,,,,,,,,,,,,,,,,,,,,,,,,,,,,,,,,,,,,,252089,001,2024-06-20_19h24.31.635,experiment,2023.2.3,MacIntel,71.42857143,63d13edbfc31f4ecf0122017,6674306cb0738f9af1686fa9,66747393db6ac812a4025032,,,,,,,,,,,,,,,,,,,,,,,,,,,,,,,,,,,,,,,,,,,1,,,,,,,,,,,,,4,,,,,,,,,,,,,,,,,,,,,,,,,,,k,0.324,,space,0.506,,4,yellow_gnome,4,8,bright_forest,yellow_basket,red_gnome,4,1,dark_forest,red_basket,1,0,0,1,red_gnome,dark_forest,red_basket,2187,2,0,21,4,172,3,1,,,,,,,,,,,,,,,,,,,,,,,,,,,,,,,,,,,,,,,,,,,,,,,,,,,,,,,,,,,,,,,,,,,,,,,,,,,,
,,,,,,,,,,,,,,,,,,,,,,,,,,,,,,,,,,,,,,,,,,,,,,,,,,,,,,,,,,,,,,,,,252089,001,2024-06-20_19h24.31.635,experiment,2023.2.3,MacIntel,71.42857143,63d13edbfc31f4ecf0122017,6674306cb0738f9af1686fa9,66747393db6ac812a4025032,,,,,,,,,,,,,,,,,,,,,,,,,,,,,,,,,,,,,,,,,,,5,,,,,,,,,,,,,1,,,,,,,,,,,,,,,,,,,,,,,,,,,s,0.036,,space,0.259,,1,green_gnome,1,8,bright_forest,yellow_basket,pink_gnome,1,1,dark_forest,red_basket,40,0,0,1,green_gnome,bright_forest,yellow_basket,2227,-2,2,21,5,173,4,1,,,,,,,,,,,,,,,,,,,,,,,,,,,,,,,,,,,,,,,,,,,,,,,,,,,,,,,,,,,,,,,,,,,,,,,,,,,,
,,,,,,,,,,,,,,,,,,,,,,,,,,,,,,,,,,,,,,,,,,,,,,,,,,,,,,,,,,,,,,,,,252089,001,2024-06-20_19h24.31.635,experiment,2023.2.3,MacIntel,71.42857143,63d13edbfc31f4ecf0122017,6674306cb0738f9af1686fa9,66747393db6ac812a4025032,,,,,,,,,,,,,,,,,,,,,,,,,,,,,,,,,,,,,,,,,,,1,,,,,,,,,,,,,3,,,,,,,,,,,,,,,,,,,,,,,,,,,k,0.285,,space,0.953,,3,brown_gnome,3,3,dark_forest,red_basket,orange_gnome,3,6,bright_forest,yellow_basket,6,0,0,1,orange_gnome,bright_forest,yellow_basket,2233,1,1,21,6,174,2,1,,,,,,,,,,,,,,,,,,,,,,,,,,,,,,,,,,,,,,,,,,,,,,,,,,,,,,,,,,,,,,,,,,,,,,,,,,,,
,,,,,,,,,,,,,,,,,,,,,,,,,,,,,,,,,,,,,,,,,,,,,,,,,,,,,,,,,,,,,,,,,252089,001,2024-06-20_19h24.31.635,experiment,2023.2.3,MacIntel,71.42857143,63d13edbfc31f4ecf0122017,6674306cb0738f9af1686fa9,66747393db6ac812a4025032,,,,,,,,,,,,,,,,,,,,,,,,,,,,,,,,,,,,,,,,,,,5,,,,,,,,,,,,,4,,,,,,,,,,,,,,,,,,,,,,,,,,,s,0.367,,space,0.375,,4,red_gnome,4,4,dark_forest,red_basket,yellow_gnome,4,7,bright_forest,yellow_basket,20,0,0,1,red_gnome,dark_forest,red_basket,2253,-2,-3,21,7,175,7,1,,,,,,,,,,,,,,,,,,,,,,,,,,,,,,,,,,,,,,,,,,,,,,,,,,,,,,,,,,,,,,,,,,,,,,,,,,,,
,,,,,,,,,,,,,,,,,,,,,,,,,,,,,,,,,,,,,,,,,,,,,,,,,,,,,,,,,,,,,,,,,252089,001,2024-06-20_19h24.31.635,experiment,2023.2.3,MacIntel,71.42857143,63d13edbfc31f4ecf0122017,6674306cb0738f9af1686fa9,66747393db6ac812a4025032,,,,,,,,,,,,,,,,,,,,,,,,,,,,,,,,,,,,,,,,,,,1,,,,,,,,,,,,,1,,,,,,,,,,,,,,,,,,,,,,,,,,,k,0.465,,space,0.492,,1,green_gnome,1,5,bright_forest,yellow_basket,pink_gnome,1,1,dark_forest,red_basket,1,0,0,1,pink_gnome,dark_forest,red_basket,2254,-3,-1,22,0,176,0,1,,,,,,,,,,,,,,,,,,,,,,,,,,,,,,,,,,,,,,,,,,,,,,,,,,,,,,,,,,,,,,,,,,,,,,,,,,,,
,,,,,,,,,,,,,,,,,,,,,,,,,,,,,,,,,,,,,,,,,,,,,,,,,,,,,,,,,,,,,,,,,252089,001,2024-06-20_19h24.31.635,experiment,2023.2.3,MacIntel,71.42857143,63d13edbfc31f4ecf0122017,6674306cb0738f9af1686fa9,66747393db6ac812a4025032,,,,,,,,,,,,,,,,,,,,,,,,,,,,,,,,,,,,,,,,,,,5,,,,,,,,,,,,,2,,,,,,,,,,,,,,,,,,,,,,,,,,,k,0.387,,space,0.62,,2,purple_gnome,2,0,dark_forest,red_basket,blue_gnome,2,2,bright_forest,yellow_basket,10,0,0,1,blue_gnome,bright_forest,yellow_basket,2264,1,-3,22,1,177,5,1,,,,,,,,,,,,,,,,,,,,,,,,,,,,,,,,,,,,,,,,,,,,,,,,,,,,,,,,,,,,,,,,,,,,,,,,,,,,
,,,,,,,,,,,,,,,,,,,,,,,,,,,,,,,,,,,,,,,,,,,,,,,,,,,,,,,,,,,,,,,,,252089,001,2024-06-20_19h24.31.635,experiment,2023.2.3,MacIntel,71.42857143,63d13edbfc31f4ecf0122017,6674306cb0738f9af1686fa9,66747393db6ac812a4025032,,,,,,,,,,,,,,,,,,,,,,,,,,,,,,,,,,,,,,,,,,,5,,,,,,,,,,,,,4,,,,,,,,,,,,,,,,,,,,,,,,,,,s,0.19,,space,0.25,,4,red_gnome,4,3,dark_forest,red_basket,yellow_gnome,4,3,bright_forest,yellow_basket,15,0,0,1,red_gnome,dark_forest,red_basket,2279,2,1,22,2,178,7,1,,,,,,,,,,,,,,,,,,,,,,,,,,,,,,,,,,,,,,,,,,,,,,,,,,,,,,,,,,,,,,,,,,,,,,,,,,,,
,,,,,,,,,,,,,,,,,,,,,,,,,,,,,,,,,,,,,,,,,,,,,,,,,,,,,,,,,,,,,,,,,252089,001,2024-06-20_19h24.31.635,experiment,2023.2.3,MacIntel,71.42857143,63d13edbfc31f4ecf0122017,6674306cb0738f9af1686fa9,66747393db6ac812a4025032,,,,,,,,,,,,,,,,,,,,,,,,,,,,,,,,,,,,,,,,,,,1,,,,,,,,,,,,,2,,,,,,,,,,,,,,,,,,,,,,,,,,,k,0.219,,space,0.413,,2,blue_gnome,2,5,bright_forest,yellow_basket,purple_gnome,2,4,dark_forest,red_basket,4,0,0,1,purple_gnome,dark_forest,red_basket,2283,-1,3,22,3,179,1,1,,,,,,,,,,,,,,,,,,,,,,,,,,,,,,,,,,,,,,,,,,,,,,,,,,,,,,,,,,,,,,,,,,,,,,,,,,,,
,,,,,,,,,,,,,,,,,,,,,,,,,,,,,,,,,,,,,,,,,,,,,,,,,,,,,,,,,,,,,,,,,252089,001,2024-06-20_19h24.31.635,experiment,2023.2.3,MacIntel,71.42857143,63d13edbfc31f4ecf0122017,6674306cb0738f9af1686fa9,66747393db6ac812a4025032,,,,,,,,,,,,,,,,,,,,,,,,,,,,,,,,,,,,,,,,,,,5,,,,,,,,,,,,,2,,,,,,,,,,,,,,,,,,,,,,,,,,,s,0.847,,space,0.476,,2,purple_gnome,2,7,dark_forest,red_basket,blue_gnome,2,4,bright_forest,yellow_basket,35,0,0,1,purple_gnome,dark_forest,red_basket,2318,-1,2,22,4,180,5,1,,,,,,,,,,,,,,,,,,,,,,,,,,,,,,,,,,,,,,,,,,,,,,,,,,,,,,,,,,,,,,,,,,,,,,,,,,,,
,,,,,,,,,,,,,,,,,,,,,,,,,,,,,,,,,,,,,,,,,,,,,,,,,,,,,,,,,,,,,,,,,252089,001,2024-06-20_19h24.31.635,experiment,2023.2.3,MacIntel,71.42857143,63d13edbfc31f4ecf0122017,6674306cb0738f9af1686fa9,66747393db6ac812a4025032,,,,,,,,,,,,,,,,,,,,,,,,,,,,,,,,,,,,,,,,,,,5,,,,,,,,,,,,,1,,,,,,,,,,,,,,,,,,,,,,,,,,,k,0.145,,space,0.015,,1,green_gnome,1,3,bright_forest,yellow_basket,pink_gnome,1,9,dark_forest,red_basket,45,0,0,1,pink_gnome,dark_forest,red_basket,2363,0,-1,22,5,181,4,1,,,,,,,,,,,,,,,,,,,,,,,,,,,,,,,,,,,,,,,,,,,,,,,,,,,,,,,,,,,,,,,,,,,,,,,,,,,,
,,,,,,,,,,,,,,,,,,,,,,,,,,,,,,,,,,,,,,,,,,,,,,,,,,,,,,,,,,,,,,,,,252089,001,2024-06-20_19h24.31.635,experiment,2023.2.3,MacIntel,71.42857143,63d13edbfc31f4ecf0122017,6674306cb0738f9af1686fa9,66747393db6ac812a4025032,,,,,,,,,,,,,,,,,,,,,,,,,,,,,,,,,,,,,,,,,,,1,,,,,,,,,,,,,4,,,,,,,,,,,,,,,,,,,,,,,,,,,s,0.072,,space,0.264,,4,red_gnome,4,8,dark_forest,red_basket,yellow_gnome,4,3,bright_forest,yellow_basket,8,0,0,1,red_gnome,dark_forest,red_basket,2371,0,1,22,6,182,3,1,,,,,,,,,,,,,,,,,,,,,,,,,,,,,,,,,,,,,,,,,,,,,,,,,,,,,,,,,,,,,,,,,,,,,,,,,,,,
,,,,,,,,,,,,,,,,,,,,,,,,,,,,,,,,,,,,,,,,,,,,,,,,,,,,,,,,,,,,,,,,,252089,001,2024-06-20_19h24.31.635,experiment,2023.2.3,MacIntel,71.42857143,63d13edbfc31f4ecf0122017,6674306cb0738f9af1686fa9,66747393db6ac812a4025032,,,,,,,,,,,,,,,,,,,,,,,,,,,,,,,,,,,,,,,,,,,5,,,,,,,,,,,,,4,,,,,,,,,,,,,,,,,,,,,,,,,,,k,0.229,,space,0.295,,4,yellow_gnome,4,3,bright_forest,yellow_basket,red_gnome,4,9,dark_forest,red_basket,45,0,0,1,red_gnome,dark_forest,red_basket,2416,-1,0,22,7,183,7,1,,,,,,,,,,,,,,,,,,,,,,,,,,,,,,,,,,,,,,,,,,,,,,,,,,,,,,,,,,,,,,,,,,,,,,,,,,,,
,,,,,,,,,,,,,,,,,,,,,,,,,,,,,,,,,,,,,,,,,,,,,,,,,,,,,,,,,,,,,,,,,252089,001,2024-06-20_19h24.31.635,experiment,2023.2.3,MacIntel,71.42857143,63d13edbfc31f4ecf0122017,6674306cb0738f9af1686fa9,66747393db6ac812a4025032,,,,,,,,,,,,,,,,,,,,,,,,,,,,,,,,,,,,,,,,,,,5,,,,,,,,,,,,,1,,,,,,,,,,,,,,,,,,,,,,,,,,,k,0.487,,space,0.669,,1,green_gnome,1,2,bright_forest,yellow_basket,pink_gnome,1,9,dark_forest,red_basket,45,0,0,1,pink_gnome,dark_forest,red_basket,2461,0,-1,23,0,184,4,1,,,,,,,,,,,,,,,,,,,,,,,,,,,,,,,,,,,,,,,,,,,,,,,,,,,,,,,,,,,,,,,,,,,,,,,,,,,,
,,,,,,,,,,,,,,,,,,,,,,,,,,,,,,,,,,,,,,,,,,,,,,,,,,,,,,,,,,,,,,,,,252089,001,2024-06-20_19h24.31.635,experiment,2023.2.3,MacIntel,71.42857143,63d13edbfc31f4ecf0122017,6674306cb0738f9af1686fa9,66747393db6ac812a4025032,,,,,,,,,,,,,,,,,,,,,,,,,,,,,,,,,,,,,,,,,,,1,,,,,,,,,,,,,3,,,,,,,,,,,,,,,,,,,,,,,,,,,s,0.365,,space,0.481,,3,brown_gnome,3,8,dark_forest,red_basket,orange_gnome,3,2,bright_forest,yellow_basket,8,0,0,1,brown_gnome,dark_forest,red_basket,2469,2,0,23,1,185,2,1,,,,,,,,,,,,,,,,,,,,,,,,,,,,,,,,,,,,,,,,,,,,,,,,,,,,,,,,,,,,,,,,,,,,,,,,,,,,
,,,,,,,,,,,,,,,,,,,,,,,,,,,,,,,,,,,,,,,,,,,,,,,,,,,,,,,,,,,,,,,,,252089,001,2024-06-20_19h24.31.635,experiment,2023.2.3,MacIntel,71.42857143,63d13edbfc31f4ecf0122017,6674306cb0738f9af1686fa9,66747393db6ac812a4025032,,,,,,,,,,,,,,,,,,,,,,,,,,,,,,,,,,,,,,,,,,,5,,,,,,,,,,,,,2,,,,,,,,,,,,,,,,,,,,,,,,,,,k,0.202,,space,0.56,,2,purple_gnome,2,8,dark_forest,red_basket,blue_gnome,2,4,bright_forest,yellow_basket,20,0,0,1,blue_gnome,bright_forest,yellow_basket,2489,-2,3,23,2,186,5,1,,,,,,,,,,,,,,,,,,,,,,,,,,,,,,,,,,,,,,,,,,,,,,,,,,,,,,,,,,,,,,,,,,,,,,,,,,,,
,,,,,,,,,,,,,,,,,,,,,,,,,,,,,,,,,,,,,,,,,,,,,,,,,,,,,,,,,,,,,,,,,252089,001,2024-06-20_19h24.31.635,experiment,2023.2.3,MacIntel,71.42857143,63d13edbfc31f4ecf0122017,6674306cb0738f9af1686fa9,66747393db6ac812a4025032,,,,,,,,,,,,,,,,,,,,,,,,,,,,,,,,,,,,,,,,,,,5,,,,,,,,,,,,,3,,,,,,,,,,,,,,,,,,,,,,,,,,,s,0.315,,space,0.454,,3,orange_gnome,3,2,bright_forest,yellow_basket,brown_gnome,3,7,dark_forest,red_basket,10,0,0,1,orange_gnome,bright_forest,yellow_basket,2499,-3,0,23,3,187,6,1,,,,,,,,,,,,,,,,,,,,,,,,,,,,,,,,,,,,,,,,,,,,,,,,,,,,,,,,,,,,,,,,,,,,,,,,,,,,
,,,,,,,,,,,,,,,,,,,,,,,,,,,,,,,,,,,,,,,,,,,,,,,,,,,,,,,,,,,,,,,,,252089,001,2024-06-20_19h24.31.635,experiment,2023.2.3,MacIntel,71.42857143,63d13edbfc31f4ecf0122017,6674306cb0738f9af1686fa9,66747393db6ac812a4025032,,,,,,,,,,,,,,,,,,,,,,,,,,,,,,,,,,,,,,,,,,,1,,,,,,,,,,,,,3,,,,,,,,,,,,,,,,,,,,,,,,,,,k,0.273,,space,0.349,,3,orange_gnome,3,1,bright_forest,yellow_basket,brown_gnome,3,7,dark_forest,red_basket,7,0,0,1,brown_gnome,dark_forest,red_basket,2506,0,0,23,4,188,2,1,,,,,,,,,,,,,,,,,,,,,,,,,,,,,,,,,,,,,,,,,,,,,,,,,,,,,,,,,,,,,,,,,,,,,,,,,,,,
,,,,,,,,,,,,,,,,,,,,,,,,,,,,,,,,,,,,,,,,,,,,,,,,,,,,,,,,,,,,,,,,,252089,001,2024-06-20_19h24.31.635,experiment,2023.2.3,MacIntel,71.42857143,63d13edbfc31f4ecf0122017,6674306cb0738f9af1686fa9,66747393db6ac812a4025032,,,,,,,,,,,,,,,,,,,,,,,,,,,,,,,,,,,,,,,,,,,5,,,,,,,,,,,,,1,,,,,,,,,,,,,,,,,,,,,,,,,,,s,0.268,,space,0.258,,1,pink_gnome,1,7,dark_forest,red_basket,green_gnome,1,1,bright_forest,yellow_basket,35,0,0,1,pink_gnome,dark_forest,red_basket,2541,-1,-2,23,5,189,4,1,,,,,,,,,,,,,,,,,,,,,,,,,,,,,,,,,,,,,,,,,,,,,,,,,,,,,,,,,,,,,,,,,,,,,,,,,,,,
,,,,,,,,,,,,,,,,,,,,,,,,,,,,,,,,,,,,,,,,,,,,,,,,,,,,,,,,,,,,,,,,,252089,001,2024-06-20_19h24.31.635,experiment,2023.2.3,MacIntel,71.42857143,63d13edbfc31f4ecf0122017,6674306cb0738f9af1686fa9,66747393db6ac812a4025032,,,,,,,,,,,,,,,,,,,,,,,,,,,,,,,,,,,,,,,,,,,5,,,,,,,,,,,,,4,,,,,,,,,,,,,,,,,,,,,,,,,,,k,0.316,,space,0.149,,4,yellow_gnome,4,0,bright_forest,yellow_basket,red_gnome,4,5,dark_forest,red_basket,25,0,0,1,red_gnome,dark_forest,red_basket,2566,0,2,23,6,190,7,1,,,,,,,,,,,,,,,,,,,,,,,,,,,,,,,,,,,,,,,,,,,,,,,,,,,,,,,,,,,,,,,,,,,,,,,,,,,,
,,,,,,,,,,,,,,,,,,,,,,,,,,,,,,,,,,,,,,,,,,,,,,,,,,,,,,,,,,,,,,,,,252089,001,2024-06-20_19h24.31.635,experiment,2023.2.3,MacIntel,71.42857143,63d13edbfc31f4ecf0122017,6674306cb0738f9af1686fa9,66747393db6ac812a4025032,,,,,,,,,,,,,,,,,,,,,,,,,,,,,,,,,,,,,,,,,,,5,,,,,,,,,,,,,4,,,,,,,,,,,,,,,,,,,,,,,,,,,s,0.215,,space,0.476,,4,red_gnome,4,7,dark_forest,red_basket,yellow_gnome,4,0,bright_forest,yellow_basket,35,0,0,1,red_gnome,dark_forest,red_basket,2601,-3,-2,23,7,191,7,1,space,3.699,,,,,,,,,,,,,,,,,,,,,,,,,,,,,,,,,,,,,,,,,,,,,,,,,,,,,,,,,,,,,,,,,,,,,,,,,,
,,,,,,,,,,,,,,,,,,,,,,,,,,,,,,,,,,,,,,,,,,,,,,,,,,,,,,,,,,,,,,,,,252089,001,2024-06-20_19h24.31.635,experiment,2023.2.3,MacIntel,71.42857143,63d13edbfc31f4ecf0122017,6674306cb0738f9af1686fa9,66747393db6ac812a4025032,,,,,,,,,,,,,,,,,,,,,,,,,,,,,,,,,,,,,,,,,,,5,,,,,,,,,,,,,2,,,,,,,,,,,,,,,,,,,,,,,,,,,k,0.244,,space,0.676,,2,blue_gnome,2,3,bright_forest,yellow_basket,purple_gnome,2,5,dark_forest,red_basket,25,0,0,1,purple_gnome,dark_forest,red_basket,2626,0,0,24,0,192,5,1,,,,,,,,,,,,,,,,,,,,,,,,,,,,,,,,,,,,,,,,,,,,,,,,,,,,,,,,,,,,,,,,,,,,,,,,,,,,
,,,,,,,,,,,,,,,,,,,,,,,,,,,,,,,,,,,,,,,,,,,,,,,,,,,,,,,,,,,,,,,,,252089,001,2024-06-20_19h24.31.635,experiment,2023.2.3,MacIntel,71.42857143,63d13edbfc31f4ecf0122017,6674306cb0738f9af1686fa9,66747393db6ac812a4025032,,,,,,,,,,,,,,,,,,,,,,,,,,,,,,,,,,,,,,,,,,,5,,,,,,,,,,,,,3,,,,,,,,,,,,,,,,,,,,,,,,,,,s,0.188,,space,0.226,,3,orange_gnome,3,3,bright_forest,yellow_basket,brown_gnome,3,5,dark_forest,red_basket,15,0,0,1,orange_gnome,bright_forest,yellow_basket,2641,2,-2,24,1,193,6,1,,,,,,,,,,,,,,,,,,,,,,,,,,,,,,,,,,,,,,,,,,,,,,,,,,,,,,,,,,,,,,,,,,,,,,,,,,,,
,,,,,,,,,,,,,,,,,,,,,,,,,,,,,,,,,,,,,,,,,,,,,,,,,,,,,,,,,,,,,,,,,252089,001,2024-06-20_19h24.31.635,experiment,2023.2.3,MacIntel,71.42857143,63d13edbfc31f4ecf0122017,6674306cb0738f9af1686fa9,66747393db6ac812a4025032,,,,,,,,,,,,,,,,,,,,,,,,,,,,,,,,,,,,,,,,,,,5,,,,,,,,,,,,,2,,,,,,,,,,,,,,,,,,,,,,,,,,,k,0.029,,space,0.276,,2,purple_gnome,2,3,dark_forest,red_basket,blue_gnome,2,5,bright_forest,yellow_basket,25,0,0,1,blue_gnome,bright_forest,yellow_basket,2666,-2,2,24,2,194,5,1,,,,,,,,,,,,,,,,,,,,,,,,,,,,,,,,,,,,,,,,,,,,,,,,,,,,,,,,,,,,,,,,,,,,,,,,,,,,
,,,,,,,,,,,,,,,,,,,,,,,,,,,,,,,,,,,,,,,,,,,,,,,,,,,,,,,,,,,,,,,,,252089,001,2024-06-20_19h24.31.635,experiment,2023.2.3,MacIntel,71.42857143,63d13edbfc31f4ecf0122017,6674306cb0738f9af1686fa9,66747393db6ac812a4025032,,,,,,,,,,,,,,,,,,,,,,,,,,,,,,,,,,,,,,,,,,,5,,,,,,,,,,,,,1,,,,,,,,,,,,,,,,,,,,,,,,,,,s,0.207,,space,0.198,,1,pink_gnome,1,5,dark_forest,red_basket,green_gnome,1,3,bright_forest,yellow_basket,25,0,0,1,pink_gnome,dark_forest,red_basket,2691,-1,-1,24,3,195,4,1,,,,,,,,,,,,,,,,,,,,,,,,,,,,,,,,,,,,,,,,,,,,,,,,,,,,,,,,,,,,,,,,,,,,,,,,,,,,
,,,,,,,,,,,,,,,,,,,,,,,,,,,,,,,,,,,,,,,,,,,,,,,,,,,,,,,,,,,,,,,,,252089,001,2024-06-20_19h24.31.635,experiment,2023.2.3,MacIntel,71.42857143,63d13edbfc31f4ecf0122017,6674306cb0738f9af1686fa9,66747393db6ac812a4025032,,,,,,,,,,,,,,,,,,,,,,,,,,,,,,,,,,,,,,,,,,,1,,,,,,,,,,,,,2,,,,,,,,,,,,,,,,,,,,,,,,,,,s,0.37,,space,0.172,,2,blue_gnome,2,2,bright_forest,yellow_basket,purple_gnome,2,4,dark_forest,red_basket,2,0,0,1,blue_gnome,bright_forest,yellow_basket,2693,-6,3,24,4,196,1,1,,,,,,,,,,,,,,,,,,,,,,,,,,,,,,,,,,,,,,,,,,,,,,,,,,,,,,,,,,,,,,,,,,,,,,,,,,,,
,,,,,,,,,,,,,,,,,,,,,,,,,,,,,,,,,,,,,,,,,,,,,,,,,,,,,,,,,,,,,,,,,252089,001,2024-06-20_19h24.31.635,experiment,2023.2.3,MacIntel,71.42857143,63d13edbfc31f4ecf0122017,6674306cb0738f9af1686fa9,66747393db6ac812a4025032,,,,,,,,,,,,,,,,,,,,,,,,,,,,,,,,,,,,,,,,,,,5,,,,,,,,,,,,,1,,,,,,,,,,,,,,,,,,,,,,,,,,,k,0.061,,space,0.618,,1,green_gnome,1,4,bright_forest,yellow_basket,pink_gnome,1,7,dark_forest,red_basket,35,0,0,1,pink_gnome,dark_forest,red_basket,2728,0,0,24,5,197,4,1,,,,,,,,,,,,,,,,,,,,,,,,,,,,,,,,,,,,,,,,,,,,,,,,,,,,,,,,,,,,,,,,,,,,,,,,,,,,
,,,,,,,,,,,,,,,,,,,,,,,,,,,,,,,,,,,,,,,,,,,,,,,,,,,,,,,,,,,,,,,,,252089,001,2024-06-20_19h24.31.635,experiment,2023.2.3,MacIntel,71.42857143,63d13edbfc31f4ecf0122017,6674306cb0738f9af1686fa9,66747393db6ac812a4025032,,,,,,,,,,,,,,,,,,,,,,,,,,,,,,,,,,,,,,,,,,,5,,,,,,,,,,,,,1,,,,,,,,,,,,,,,,,,,,,,,,,,,s,0.313,,space,0.251,,1,pink_gnome,1,7,dark_forest,red_basket,green_gnome,1,4,bright_forest,yellow_basket,35,0,0,1,pink_gnome,dark_forest,red_basket,2763,2,3,24,6,198,4,1,,,,,,,,,,,,,,,,,,,,,,,,,,,,,,,,,,,,,,,,,,,,,,,,,,,,,,,,,,,,,,,,,,,,,,,,,,,,
,,,,,,,,,,,,,,,,,,,,,,,,,,,,,,,,,,,,,,,,,,,,,,,,,,,,,,,,,,,,,,,,,252089,001,2024-06-20_19h24.31.635,experiment,2023.2.3,MacIntel,71.42857143,63d13edbfc31f4ecf0122017,6674306cb0738f9af1686fa9,66747393db6ac812a4025032,,,,,,,,,,,,,,,,,,,,,,,,,,,,,,,,,,,,,,,,,,,1,,,,,,,,,,,,,3,,,,,,,,,,,,,,,,,,,,,,,,,,,k,0.123,,space,0.36,,3,orange_gnome,3,6,bright_forest,yellow_basket,brown_gnome,3,8,dark_forest,red_basket,8,0,0,1,brown_gnome,dark_forest,red_basket,2771,2,0,24,7,199,2,1,,,,,,,,,,,,,,,,,,,,,,,,,,,,,,,,,,,,,,,,,,,,,,,,,,,,,,,,,,,,,,,,,,,,,,,,,,,,
,,,,,,,,,,,,,,,,,,,,,,,,,,,,,,,,,,,,,,,,,,,,,,,,,,,,,,,,,,,,,,,,,252089,001,2024-06-20_19h24.31.635,experiment,2023.2.3,MacIntel,71.42857143,63d13edbfc31f4ecf0122017,6674306cb0738f9af1686fa9,66747393db6ac812a4025032,,,,,,,,,,,,,,,,,,,,,,,,,,,,,,,,,,,,,,,,,,,1,,,,,,,,,,,,,3,,,,,,,,,,,,,,,,,,,,,,,,,,,s,0.28,,space,0.031,,3,orange_gnome,3,8,bright_forest,yellow_basket,brown_gnome,3,8,dark_forest,red_basket,8,0,0,1,orange_gnome,bright_forest,yellow_basket,2779,-1,-1,25,0,200,2,1,,,,,,,,,,,,,,,,,,,,,,,,,,,,,,,,,,,,,,,,,,,,,,,,,,,,,,,,,,,,,,,,,,,,,,,,,,,,
,,,,,,,,,,,,,,,,,,,,,,,,,,,,,,,,,,,,,,,,,,,,,,,,,,,,,,,,,,,,,,,,,252089,001,2024-06-20_19h24.31.635,experiment,2023.2.3,MacIntel,71.42857143,63d13edbfc31f4ecf0122017,6674306cb0738f9af1686fa9,66747393db6ac812a4025032,,,,,,,,,,,,,,,,,,,,,,,,,,,,,,,,,,,,,,,,,,,1,,,,,,,,,,,,,2,,,,,,,,,,,,,,,,,,,,,,,,,,,k,0.062,,space,0.13,,2,blue_gnome,2,7,bright_forest,yellow_basket,purple_gnome,2,7,dark_forest,red_basket,7,0,0,1,purple_gnome,dark_forest,red_basket,2786,-3,0,25,1,201,1,1,,,,,,,,,,,,,,,,,,,,,,,,,,,,,,,,,,,,,,,,,,,,,,,,,,,,,,,,,,,,,,,,,,,,,,,,,,,,
,,,,,,,,,,,,,,,,,,,,,,,,,,,,,,,,,,,,,,,,,,,,,,,,,,,,,,,,,,,,,,,,,252089,001,2024-06-20_19h24.31.635,experiment,2023.2.3,MacIntel,71.42857143,63d13edbfc31f4ecf0122017,6674306cb0738f9af1686fa9,66747393db6ac812a4025032,,,,,,,,,,,,,,,,,,,,,,,,,,,,,,,,,,,,,,,,,,,5,,,,,,,,,,,,,1,,,,,,,,,,,,,,,,,,,,,,,,,,,k,0.467,,space,0.287,,1,pink_gnome,1,7,dark_forest,red_basket,green_gnome,1,4,bright_forest,yellow_basket,20,0,0,1,green_gnome,bright_forest,yellow_basket,2806,-3,-1,25,2,202,4,1,,,,,,,,,,,,,,,,,,,,,,,,,,,,,,,,,,,,,,,,,,,,,,,,,,,,,,,,,,,,,,,,,,,,,,,,,,,,
,,,,,,,,,,,,,,,,,,,,,,,,,,,,,,,,,,,,,,,,,,,,,,,,,,,,,,,,,,,,,,,,,252089,001,2024-06-20_19h24.31.635,experiment,2023.2.3,MacIntel,71.42857143,63d13edbfc31f4ecf0122017,6674306cb0738f9af1686fa9,66747393db6ac812a4025032,,,,,,,,,,,,,,,,,,,,,,,,,,,,,,,,,,,,,,,,,,,5,,,,,,,,,,,,,3,,,,,,,,,,,,,,,,,,,,,,,,,,,k,0.332,,space,0.628,,3,orange_gnome,3,1,bright_forest,yellow_basket,brown_gnome,3,6,dark_forest,red_basket,30,0,0,1,brown_gnome,dark_forest,red_basket,2836,-2,1,25,3,203,6,1,,,,,,,,,,,,,,,,,,,,,,,,,,,,,,,,,,,,,,,,,,,,,,,,,,,,,,,,,,,,,,,,,,,,,,,,,,,,
,,,,,,,,,,,,,,,,,,,,,,,,,,,,,,,,,,,,,,,,,,,,,,,,,,,,,,,,,,,,,,,,,252089,001,2024-06-20_19h24.31.635,experiment,2023.2.3,MacIntel,71.42857143,63d13edbfc31f4ecf0122017,6674306cb0738f9af1686fa9,66747393db6ac812a4025032,,,,,,,,,,,,,,,,,,,,,,,,,,,,,,,,,,,,,,,,,,,5,,,,,,,,,,,,,4,,,,,,,,,,,,,,,,,,,,,,,,,,,s,0.04,,space,0.182,,4,red_gnome,4,7,dark_forest,red_basket,yellow_gnome,4,1,bright_forest,yellow_basket,35,0,0,1,red_gnome,dark_forest,red_basket,2871,2,-1,25,4,204,7,1,,,,,,,,,,,,,,,,,,,,,,,,,,,,,,,,,,,,,,,,,,,,,,,,,,,,,,,,,,,,,,,,,,,,,,,,,,,,
,,,,,,,,,,,,,,,,,,,,,,,,,,,,,,,,,,,,,,,,,,,,,,,,,,,,,,,,,,,,,,,,,252089,001,2024-06-20_19h24.31.635,experiment,2023.2.3,MacIntel,71.42857143,63d13edbfc31f4ecf0122017,6674306cb0738f9af1686fa9,66747393db6ac812a4025032,,,,,,,,,,,,,,,,,,,,,,,,,,,,,,,,,,,,,,,,,,,1,,,,,,,,,,,,,4,,,,,,,,,,,,,,,,,,,,,,,,,,,s,0.254,,space,0.493,,4,red_gnome,4,6,dark_forest,red_basket,yellow_gnome,4,3,bright_forest,yellow_basket,6,0,0,1,red_gnome,dark_forest,red_basket,2877,1,1,25,5,205,3,1,,,,,,,,,,,,,,,,,,,,,,,,,,,,,,,,,,,,,,,,,,,,,,,,,,,,,,,,,,,,,,,,,,,,,,,,,,,,
,,,,,,,,,,,,,,,,,,,,,,,,,,,,,,,,,,,,,,,,,,,,,,,,,,,,,,,,,,,,,,,,,252089,001,2024-06-20_19h24.31.635,experiment,2023.2.3,MacIntel,71.42857143,63d13edbfc31f4ecf0122017,6674306cb0738f9af1686fa9,66747393db6ac812a4025032,,,,,,,,,,,,,,,,,,,,,,,,,,,,,,,,,,,,,,,,,,,5,,,,,,,,,,,,,2,,,,,,,,,,,,,,,,,,,,,,,,,,,k,0.075,,space,0.152,,2,blue_gnome,2,4,bright_forest,yellow_basket,purple_gnome,2,7,dark_forest,red_basket,35,0,0,1,purple_gnome,dark_forest,red_basket,2912,-1,0,25,6,206,5,1,,,,,,,,,,,,,,,,,,,,,,,,,,,,,,,,,,,,,,,,,,,,,,,,,,,,,,,,,,,,,,,,,,,,,,,,,,,,
,,,,,,,,,,,,,,,,,,,,,,,,,,,,,,,,,,,,,,,,,,,,,,,,,,,,,,,,,,,,,,,,,252089,001,2024-06-20_19h24.31.635,experiment,2023.2.3,MacIntel,71.42857143,63d13edbfc31f4ecf0122017,6674306cb0738f9af1686fa9,66747393db6ac812a4025032,,,,,,,,,,,,,,,,,,,,,,,,,,,,,,,,,,,,,,,,,,,1,,,,,,,,,,,,,3,,,,,,,,,,,,,,,,,,,,,,,,,,,s,0.241,,space,0.191,,3,orange_gnome,3,3,bright_forest,yellow_basket,brown_gnome,3,7,dark_forest,red_basket,3,0,0,1,orange_gnome,bright_forest,yellow_basket,2915,2,2,25,7,207,2,1,,,,,,,,,,,,,,,,,,,,,,,,,,,,,,,,,,,,,,,,,,,,,,,,,,,,,,,,,,,,,,,,,,,,,,,,,,,,
,,,,,,,,,,,,,,,,,,,,,,,,,,,,,,,,,,,,,,,,,,,,,,,,,,,,,,,,,,,,,,,,,252089,001,2024-06-20_19h24.31.635,experiment,2023.2.3,MacIntel,71.42857143,63d13edbfc31f4ecf0122017,6674306cb0738f9af1686fa9,66747393db6ac812a4025032,,,,,,,,,,,,,,,,,,,,,,,,,,,,,,,,,,,,,,,,,,,1,,,,,,,,,,,,,1,,,,,,,,,,,,,,,,,,,,,,,,,,,k,0.278,,space,0.286,,1,green_gnome,1,5,bright_forest,yellow_basket,pink_gnome,1,9,dark_forest,red_basket,9,0,0,1,pink_gnome,dark_forest,red_basket,2924,2,1,26,0,208,0,1,,,,,,,,,,,,,,,,,,,,,,,,,,,,,,,,,,,,,,,,,,,,,,,,,,,,,,,,,,,,,,,,,,,,,,,,,,,,
,,,,,,,,,,,,,,,,,,,,,,,,,,,,,,,,,,,,,,,,,,,,,,,,,,,,,,,,,,,,,,,,,252089,001,2024-06-20_19h24.31.635,experiment,2023.2.3,MacIntel,71.42857143,63d13edbfc31f4ecf0122017,6674306cb0738f9af1686fa9,66747393db6ac812a4025032,,,,,,,,,,,,,,,,,,,,,,,,,,,,,,,,,,,,,,,,,,,1,,,,,,,,,,,,,2,,,,,,,,,,,,,,,,,,,,,,,,,,,s,0.306,,space,0.393,,2,blue_gnome,2,7,bright_forest,yellow_basket,purple_gnome,2,8,dark_forest,red_basket,7,0,0,1,blue_gnome,bright_forest,yellow_basket,2931,-1,-2,26,1,209,1,1,,,,,,,,,,,,,,,,,,,,,,,,,,,,,,,,,,,,,,,,,,,,,,,,,,,,,,,,,,,,,,,,,,,,,,,,,,,,
,,,,,,,,,,,,,,,,,,,,,,,,,,,,,,,,,,,,,,,,,,,,,,,,,,,,,,,,,,,,,,,,,252089,001,2024-06-20_19h24.31.635,experiment,2023.2.3,MacIntel,71.42857143,63d13edbfc31f4ecf0122017,6674306cb0738f9af1686fa9,66747393db6ac812a4025032,,,,,,,,,,,,,,,,,,,,,,,,,,,,,,,,,,,,,,,,,,,5,,,,,,,,,,,,,1,,,,,,,,,,,,,,,,,,,,,,,,,,,k,0.487,,space,0.239,,1,pink_gnome,1,6,dark_forest,red_basket,green_gnome,1,6,bright_forest,yellow_basket,30,0,0,1,green_gnome,bright_forest,yellow_basket,2961,2,1,26,2,210,4,1,,,,,,,,,,,,,,,,,,,,,,,,,,,,,,,,,,,,,,,,,,,,,,,,,,,,,,,,,,,,,,,,,,,,,,,,,,,,
,,,,,,,,,,,,,,,,,,,,,,,,,,,,,,,,,,,,,,,,,,,,,,,,,,,,,,,,,,,,,,,,,252089,001,2024-06-20_19h24.31.635,experiment,2023.2.3,MacIntel,71.42857143,63d13edbfc31f4ecf0122017,6674306cb0738f9af1686fa9,66747393db6ac812a4025032,,,,,,,,,,,,,,,,,,,,,,,,,,,,,,,,,,,,,,,,,,,5,,,,,,,,,,,,,4,,,,,,,,,,,,,,,,,,,,,,,,,,,s,0.223,,space,0.202,,4,yellow_gnome,4,8,bright_forest,yellow_basket,red_gnome,4,7,dark_forest,red_basket,40,0,0,1,yellow_gnome,bright_forest,yellow_basket,3001,0,3,26,3,211,7,1,,,,,,,,,,,,,,,,,,,,,,,,,,,,,,,,,,,,,,,,,,,,,,,,,,,,,,,,,,,,,,,,,,,,,,,,,,,,
,,,,,,,,,,,,,,,,,,,,,,,,,,,,,,,,,,,,,,,,,,,,,,,,,,,,,,,,,,,,,,,,,252089,001,2024-06-20_19h24.31.635,experiment,2023.2.3,MacIntel,71.42857143,63d13edbfc31f4ecf0122017,6674306cb0738f9af1686fa9,66747393db6ac812a4025032,,,,,,,,,,,,,,,,,,,,,,,,,,,,,,,,,,,,,,,,,,,5,,,,,,,,,,,,,2,,,,,,,,,,,,,,,,,,,,,,,,,,,k,1.27,,space,0.372,,2,purple_gnome,2,8,dark_forest,red_basket,blue_gnome,2,8,bright_forest,yellow_basket,40,0,0,1,blue_gnome,bright_forest,yellow_basket,3041,-5,-2,26,4,212,5,1,,,,,,,,,,,,,,,,,,,,,,,,,,,,,,,,,,,,,,,,,,,,,,,,,,,,,,,,,,,,,,,,,,,,,,,,,,,,
,,,,,,,,,,,,,,,,,,,,,,,,,,,,,,,,,,,,,,,,,,,,,,,,,,,,,,,,,,,,,,,,,252089,001,2024-06-20_19h24.31.635,experiment,2023.2.3,MacIntel,71.42857143,63d13edbfc31f4ecf0122017,6674306cb0738f9af1686fa9,66747393db6ac812a4025032,,,,,,,,,,,,,,,,,,,,,,,,,,,,,,,,,,,,,,,,,,,5,,,,,,,,,,,,,3,,,,,,,,,,,,,,,,,,,,,,,,,,,s,0.487,,space,0.252,,3,brown_gnome,3,6,dark_forest,red_basket,orange_gnome,3,3,bright_forest,yellow_basket,30,0,0,1,brown_gnome,dark_forest,red_basket,3071,4,2,26,5,213,6,1,,,,,,,,,,,,,,,,,,,,,,,,,,,,,,,,,,,,,,,,,,,,,,,,,,,,,,,,,,,,,,,,,,,,,,,,,,,,
,,,,,,,,,,,,,,,,,,,,,,,,,,,,,,,,,,,,,,,,,,,,,,,,,,,,,,,,,,,,,,,,,252089,001,2024-06-20_19h24.31.635,experiment,2023.2.3,MacIntel,71.42857143,63d13edbfc31f4ecf0122017,6674306cb0738f9af1686fa9,66747393db6ac812a4025032,,,,,,,,,,,,,,,,,,,,,,,,,,,,,,,,,,,,,,,,,,,1,,,,,,,,,,,,,1,,,,,,,,,,,,,,,,,,,,,,,,,,,k,0.292,,space,0.225,,1,green_gnome,1,7,bright_forest,yellow_basket,pink_gnome,1,8,dark_forest,red_basket,8,0,0,1,pink_gnome,dark_forest,red_basket,3079,1,3,26,6,214,0,1,,,,,,,,,,,,,,,,,,,,,,,,,,,,,,,,,,,,,,,,,,,,,,,,,,,,,,,,,,,,,,,,,,,,,,,,,,,,
,,,,,,,,,,,,,,,,,,,,,,,,,,,,,,,,,,,,,,,,,,,,,,,,,,,,,,,,,,,,,,,,,252089,001,2024-06-20_19h24.31.635,experiment,2023.2.3,MacIntel,71.42857143,63d13edbfc31f4ecf0122017,6674306cb0738f9af1686fa9,66747393db6ac812a4025032,,,,,,,,,,,,,,,,,,,,,,,,,,,,,,,,,,,,,,,,,,,5,,,,,,,,,,,,,3,,,,,,,,,,,,,,,,,,,,,,,,,,,s,0.062,,space,0.452,,3,brown_gnome,3,7,dark_forest,red_basket,orange_gnome,3,8,bright_forest,yellow_basket,35,0,0,1,brown_gnome,dark_forest,red_basket,3114,-2,-2,26,7,215,6,1,,,,,,,,,,,,,,,,,,,,,,,,,,,,,,,,,,,,,,,,,,,,,,,,,,,,,,,,,,,,,,,,,,,,,,,,,,,,
,,,,,,,,,,,,,,,,,,,,,,,,,,,,,,,,,,,,,,,,,,,,,,,,,,,,,,,,,,,,,,,,,252089,001,2024-06-20_19h24.31.635,experiment,2023.2.3,MacIntel,71.42857143,63d13edbfc31f4ecf0122017,6674306cb0738f9af1686fa9,66747393db6ac812a4025032,,,,,,,,,,,,,,,,,,,,,,,,,,,,,,,,,,,,,,,,,,,1,,,,,,,,,,,,,1,,,,,,,,,,,,,,,,,,,,,,,,,,,k,0.357,,space,0.194,,1,pink_gnome,1,5,dark_forest,red_basket,green_gnome,1,6,bright_forest,yellow_basket,6,0,0,1,green_gnome,bright_forest,yellow_basket,3120,0,-2,27,0,216,0,1,,,,,,,,,,,,,,,,,,,,,,,,,,,,,,,,,,,,,,,,,,,,,,,,,,,,,,,,,,,,,,,,,,,,,,,,,,,,
,,,,,,,,,,,,,,,,,,,,,,,,,,,,,,,,,,,,,,,,,,,,,,,,,,,,,,,,,,,,,,,,,252089,001,2024-06-20_19h24.31.635,experiment,2023.2.3,MacIntel,71.42857143,63d13edbfc31f4ecf0122017,6674306cb0738f9af1686fa9,66747393db6ac812a4025032,,,,,,,,,,,,,,,,,,,,,,,,,,,,,,,,,,,,,,,,,,,1,,,,,,,,,,,,,4,,,,,,,,,,,,,,,,,,,,,,,,,,,s,0.428,,space,0.244,,4,yellow_gnome,4,6,bright_forest,yellow_basket,red_gnome,4,3,dark_forest,red_basket,6,0,0,1,yellow_gnome,bright_forest,yellow_basket,3126,1,3,27,1,217,3,1,,,,,,,,,,,,,,,,,,,,,,,,,,,,,,,,,,,,,,,,,,,,,,,,,,,,,,,,,,,,,,,,,,,,,,,,,,,,
,,,,,,,,,,,,,,,,,,,,,,,,,,,,,,,,,,,,,,,,,,,,,,,,,,,,,,,,,,,,,,,,,252089,001,2024-06-20_19h24.31.635,experiment,2023.2.3,MacIntel,71.42857143,63d13edbfc31f4ecf0122017,6674306cb0738f9af1686fa9,66747393db6ac812a4025032,,,,,,,,,,,,,,,,,,,,,,,,,,,,,,,,,,,,,,,,,,,5,,,,,,,,,,,,,4,,,,,,,,,,,,,,,,,,,,,,,,,,,k,0.082,,space,0.23,,4,yellow_gnome,4,7,bright_forest,yellow_basket,red_gnome,4,6,dark_forest,red_basket,30,0,0,1,red_gnome,dark_forest,red_basket,3156,1,1,27,2,218,7,1,,,,,,,,,,,,,,,,,,,,,,,,,,,,,,,,,,,,,,,,,,,,,,,,,,,,,,,,,,,,,,,,,,,,,,,,,,,,
,,,,,,,,,,,,,,,,,,,,,,,,,,,,,,,,,,,,,,,,,,,,,,,,,,,,,,,,,,,,,,,,,252089,001,2024-06-20_19h24.31.635,experiment,2023.2.3,MacIntel,71.42857143,63d13edbfc31f4ecf0122017,6674306cb0738f9af1686fa9,66747393db6ac812a4025032,,,,,,,,,,,,,,,,,,,,,,,,,,,,,,,,,,,,,,,,,,,1,,,,,,,,,,,,,3,,,,,,,,,,,,,,,,,,,,,,,,,,,k,0.281,,space,0.118,,3,orange_gnome,3,8,bright_forest,yellow_basket,brown_gnome,3,7,dark_forest,red_basket,7,0,0,1,brown_gnome,dark_forest,red_basket,3163,4,2,27,3,219,2,1,,,,,,,,,,,,,,,,,,,,,,,,,,,,,,,,,,,,,,,,,,,,,,,,,,,,,,,,,,,,,,,,,,,,,,,,,,,,
,,,,,,,,,,,,,,,,,,,,,,,,,,,,,,,,,,,,,,,,,,,,,,,,,,,,,,,,,,,,,,,,,252089,001,2024-06-20_19h24.31.635,experiment,2023.2.3,MacIntel,71.42857143,63d13edbfc31f4ecf0122017,6674306cb0738f9af1686fa9,66747393db6ac812a4025032,,,,,,,,,,,,,,,,,,,,,,,,,,,,,,,,,,,,,,,,,,,5,,,,,,,,,,,,,2,,,,,,,,,,,,,,,,,,,,,,,,,,,s,0.305,,space,0.339,,2,blue_gnome,2,6,bright_forest,yellow_basket,purple_gnome,2,9,dark_forest,red_basket,30,0,0,1,blue_gnome,bright_forest,yellow_basket,3193,1,0,27,4,220,5,1,,,,,,,,,,,,,,,,,,,,,,,,,,,,,,,,,,,,,,,,,,,,,,,,,,,,,,,,,,,,,,,,,,,,,,,,,,,,
,,,,,,,,,,,,,,,,,,,,,,,,,,,,,,,,,,,,,,,,,,,,,,,,,,,,,,,,,,,,,,,,,252089,001,2024-06-20_19h24.31.635,experiment,2023.2.3,MacIntel,71.42857143,63d13edbfc31f4ecf0122017,6674306cb0738f9af1686fa9,66747393db6ac812a4025032,,,,,,,,,,,,,,,,,,,,,,,,,,,,,,,,,,,,,,,,,,,5,,,,,,,,,,,,,2,,,,,,,,,,,,,,,,,,,,,,,,,,,k,0.916,,space,0.155,,2,blue_gnome,2,7,bright_forest,yellow_basket,purple_gnome,2,9,dark_forest,red_basket,45,0,0,1,purple_gnome,dark_forest,red_basket,3238,3,-1,27,5,221,5,1,,,,,,,,,,,,,,,,,,,,,,,,,,,,,,,,,,,,,,,,,,,,,,,,,,,,,,,,,,,,,,,,,,,,,,,,,,,,
,,,,,,,,,,,,,,,,,,,,,,,,,,,,,,,,,,,,,,,,,,,,,,,,,,,,,,,,,,,,,,,,,252089,001,2024-06-20_19h24.31.635,experiment,2023.2.3,MacIntel,71.42857143,63d13edbfc31f4ecf0122017,6674306cb0738f9af1686fa9,66747393db6ac812a4025032,,,,,,,,,,,,,,,,,,,,,,,,,,,,,,,,,,,,,,,,,,,5,,,,,,,,,,,,,4,,,,,,,,,,,,,,,,,,,,,,,,,,,s,0.272,,space,0.24,,4,red_gnome,4,8,dark_forest,red_basket,yellow_gnome,4,8,bright_forest,yellow_basket,40,0,0,1,red_gnome,dark_forest,red_basket,3278,2,1,27,6,222,7,1,,,,,,,,,,,,,,,,,,,,,,,,,,,,,,,,,,,,,,,,,,,,,,,,,,,,,,,,,,,,,,,,,,,,,,,,,,,,
,,,,,,,,,,,,,,,,,,,,,,,,,,,,,,,,,,,,,,,,,,,,,,,,,,,,,,,,,,,,,,,,,252089,001,2024-06-20_19h24.31.635,experiment,2023.2.3,MacIntel,71.42857143,63d13edbfc31f4ecf0122017,6674306cb0738f9af1686fa9,66747393db6ac812a4025032,,,,,,,,,,,,,,,,,,,,,,,,,,,,,,,,,,,,,,,,,,,1,,,,,,,,,,,,,2,,,,,,,,,,,,,,,,,,,,,,,,,,,k,0.034,,space,0.06,,2,purple_gnome,2,9,dark_forest,red_basket,blue_gnome,2,8,bright_forest,yellow_basket,8,0,0,1,blue_gnome,bright_forest,yellow_basket,3286,1,2,27,7,223,1,1,,,,,,,,,,,,,,,,,,,,,,,,,,,,,,,,,,,,,,,,,,,,,,,,,,,,,,,,,,,,,,,,,,,,,,,,,,,,
,,,,,,,,,,,,,,,,,,,,,,,,,,,,,,,,,,,,,,,,,,,,,,,,,,,,,,,,,,,,,,,,,252089,001,2024-06-20_19h24.31.635,experiment,2023.2.3,MacIntel,71.42857143,63d13edbfc31f4ecf0122017,6674306cb0738f9af1686fa9,66747393db6ac812a4025032,,,,,,,,,,,,,,,,,,,,,,,,,,,,,,,,,,,,,,,,,,,1,,,,,,,,,,,,,2,,,,,,,,,,,,,,,,,,,,,,,,,,,k,0.221,,space,0.347,,2,purple_gnome,2,7,dark_forest,red_basket,blue_gnome,2,9,bright_forest,yellow_basket,9,0,0,1,blue_gnome,bright_forest,yellow_basket,3295,0,-2,28,0,224,1,1,,,,,,,,,,,,,,,,,,,,,,,,,,,,,,,,,,,,,,,,,,,,,,,,,,,,,,,,,,,,,,,,,,,,,,,,,,,,
,,,,,,,,,,,,,,,,,,,,,,,,,,,,,,,,,,,,,,,,,,,,,,,,,,,,,,,,,,,,,,,,,252089,001,2024-06-20_19h24.31.635,experiment,2023.2.3,MacIntel,71.42857143,63d13edbfc31f4ecf0122017,6674306cb0738f9af1686fa9,66747393db6ac812a4025032,,,,,,,,,,,,,,,,,,,,,,,,,,,,,,,,,,,,,,,,,,,5,,,,,,,,,,,,,3,,,,,,,,,,,,,,,,,,,,,,,,,,,s,0.041,,space,0.186,,3,brown_gnome,3,5,dark_forest,red_basket,orange_gnome,3,9,bright_forest,yellow_basket,25,0,0,1,brown_gnome,dark_forest,red_basket,3320,-3,0,28,1,225,6,1,,,,,,,,,,,,,,,,,,,,,,,,,,,,,,,,,,,,,,,,,,,,,,,,,,,,,,,,,,,,,,,,,,,,,,,,,,,,
,,,,,,,,,,,,,,,,,,,,,,,,,,,,,,,,,,,,,,,,,,,,,,,,,,,,,,,,,,,,,,,,,252089,001,2024-06-20_19h24.31.635,experiment,2023.2.3,MacIntel,71.42857143,63d13edbfc31f4ecf0122017,6674306cb0738f9af1686fa9,66747393db6ac812a4025032,,,,,,,,,,,,,,,,,,,,,,,,,,,,,,,,,,,,,,,,,,,1,,,,,,,,,,,,,1,,,,,,,,,,,,,,,,,,,,,,,,,,,k,0.552,,space,0.623,,1,pink_gnome,1,5,dark_forest,red_basket,green_gnome,1,6,bright_forest,yellow_basket,6,0,0,1,green_gnome,bright_forest,yellow_basket,3326,-2,0,28,2,226,0,1,,,,,,,,,,,,,,,,,,,,,,,,,,,,,,,,,,,,,,,,,,,,,,,,,,,,,,,,,,,,,,,,,,,,,,,,,,,,
,,,,,,,,,,,,,,,,,,,,,,,,,,,,,,,,,,,,,,,,,,,,,,,,,,,,,,,,,,,,,,,,,252089,001,2024-06-20_19h24.31.635,experiment,2023.2.3,MacIntel,71.42857143,63d13edbfc31f4ecf0122017,6674306cb0738f9af1686fa9,66747393db6ac812a4025032,,,,,,,,,,,,,,,,,,,,,,,,,,,,,,,,,,,,,,,,,,,1,,,,,,,,,,,,,3,,,,,,,,,,,,,,,,,,,,,,,,,,,s,0.279,,space,0.194,,3,brown_gnome,3,5,dark_forest,red_basket,orange_gnome,3,4,bright_forest,yellow_basket,5,0,0,1,brown_gnome,dark_forest,red_basket,3331,2,-2,28,3,227,2,1,,,,,,,,,,,,,,,,,,,,,,,,,,,,,,,,,,,,,,,,,,,,,,,,,,,,,,,,,,,,,,,,,,,,,,,,,,,,
,,,,,,,,,,,,,,,,,,,,,,,,,,,,,,,,,,,,,,,,,,,,,,,,,,,,,,,,,,,,,,,,,252089,001,2024-06-20_19h24.31.635,experiment,2023.2.3,MacIntel,71.42857143,63d13edbfc31f4ecf0122017,6674306cb0738f9af1686fa9,66747393db6ac812a4025032,,,,,,,,,,,,,,,,,,,,,,,,,,,,,,,,,,,,,,,,,,,1,,,,,,,,,,,,,2,,,,,,,,,,,,,,,,,,,,,,,,,,,k,0.244,,space,0.333,,2,purple_gnome,2,3,dark_forest,red_basket,blue_gnome,2,6,bright_forest,yellow_basket,6,0,0,1,blue_gnome,bright_forest,yellow_basket,3337,0,2,28,4,228,1,1,,,,,,,,,,,,,,,,,,,,,,,,,,,,,,,,,,,,,,,,,,,,,,,,,,,,,,,,,,,,,,,,,,,,,,,,,,,,
,,,,,,,,,,,,,,,,,,,,,,,,,,,,,,,,,,,,,,,,,,,,,,,,,,,,,,,,,,,,,,,,,252089,001,2024-06-20_19h24.31.635,experiment,2023.2.3,MacIntel,71.42857143,63d13edbfc31f4ecf0122017,6674306cb0738f9af1686fa9,66747393db6ac812a4025032,,,,,,,,,,,,,,,,,,,,,,,,,,,,,,,,,,,,,,,,,,,1,,,,,,,,,,,,,2,,,,,,,,,,,,,,,,,,,,,,,,,,,s,0.19,,space,0.119,,2,purple_gnome,2,5,dark_forest,red_basket,blue_gnome,2,6,bright_forest,yellow_basket,5,0,0,1,purple_gnome,dark_forest,red_basket,3342,-2,0,28,5,229,1,1,,,,,,,,,,,,,,,,,,,,,,,,,,,,,,,,,,,,,,,,,,,,,,,,,,,,,,,,,,,,,,,,,,,,,,,,,,,,
,,,,,,,,,,,,,,,,,,,,,,,,,,,,,,,,,,,,,,,,,,,,,,,,,,,,,,,,,,,,,,,,,252089,001,2024-06-20_19h24.31.635,experiment,2023.2.3,MacIntel,71.42857143,63d13edbfc31f4ecf0122017,6674306cb0738f9af1686fa9,66747393db6ac812a4025032,,,,,,,,,,,,,,,,,,,,,,,,,,,,,,,,,,,,,,,,,,,5,,,,,,,,,,,,,4,,,,,,,,,,,,,,,,,,,,,,,,,,,k,0.404,,space,0.247,,4,yellow_gnome,4,4,bright_forest,yellow_basket,red_gnome,4,5,dark_forest,red_basket,25,0,0,1,red_gnome,dark_forest,red_basket,3367,3,1,28,6,230,7,1,,,,,,,,,,,,,,,,,,,,,,,,,,,,,,,,,,,,,,,,,,,,,,,,,,,,,,,,,,,,,,,,,,,,,,,,,,,,
,,,,,,,,,,,,,,,,,,,,,,,,,,,,,,,,,,,,,,,,,,,,,,,,,,,,,,,,,,,,,,,,,252089,001,2024-06-20_19h24.31.635,experiment,2023.2.3,MacIntel,71.42857143,63d13edbfc31f4ecf0122017,6674306cb0738f9af1686fa9,66747393db6ac812a4025032,,,,,,,,,,,,,,,,,,,,,,,,,,,,,,,,,,,,,,,,,,,5,,,,,,,,,,,,,3,,,,,,,,,,,,,,,,,,,,,,,,,,,s,0.279,,space,0.531,,3,brown_gnome,3,6,dark_forest,red_basket,orange_gnome,3,7,bright_forest,yellow_basket,30,0,0,1,brown_gnome,dark_forest,red_basket,3397,3,1,28,7,231,6,1,,,,,,,,,,,,,,,,,,,,,,,,,,,,,,,,,,,,,,,,,,,,,,,,,,,,,,,,,,,,,,,,,,,,,,,,,,,,
,,,,,,,,,,,,,,,,,,,,,,,,,,,,,,,,,,,,,,,,,,,,,,,,,,,,,,,,,,,,,,,,,252089,001,2024-06-20_19h24.31.635,experiment,2023.2.3,MacIntel,71.42857143,63d13edbfc31f4ecf0122017,6674306cb0738f9af1686fa9,66747393db6ac812a4025032,,,,,,,,,,,,,,,,,,,,,,,,,,,,,,,,,,,,,,,,,,,5,,,,,,,,,,,,,1,,,,,,,,,,,,,,,,,,,,,,,,,,,k,0.36,,space,0.533,,1,green_gnome,1,8,bright_forest,yellow_basket,pink_gnome,1,7,dark_forest,red_basket,35,0,0,1,pink_gnome,dark_forest,red_basket,3432,-2,1,29,0,232,4,1,,,,,,,,,,,,,,,,,,,,,,,,,,,,,,,,,,,,,,,,,,,,,,,,,,,,,,,,,,,,,,,,,,,,,,,,,,,,
,,,,,,,,,,,,,,,,,,,,,,,,,,,,,,,,,,,,,,,,,,,,,,,,,,,,,,,,,,,,,,,,,252089,001,2024-06-20_19h24.31.635,experiment,2023.2.3,MacIntel,71.42857143,63d13edbfc31f4ecf0122017,6674306cb0738f9af1686fa9,66747393db6ac812a4025032,,,,,,,,,,,,,,,,,,,,,,,,,,,,,,,,,,,,,,,,,,,1,,,,,,,,,,,,,2,,,,,,,,,,,,,,,,,,,,,,,,,,,k,0.201,,space,0.207,,2,purple_gnome,2,8,dark_forest,red_basket,blue_gnome,2,6,bright_forest,yellow_basket,6,0,0,1,blue_gnome,bright_forest,yellow_basket,3438,-2,0,29,1,233,1,1,,,,,,,,,,,,,,,,,,,,,,,,,,,,,,,,,,,,,,,,,,,,,,,,,,,,,,,,,,,,,,,,,,,,,,,,,,,,
,,,,,,,,,,,,,,,,,,,,,,,,,,,,,,,,,,,,,,,,,,,,,,,,,,,,,,,,,,,,,,,,,252089,001,2024-06-20_19h24.31.635,experiment,2023.2.3,MacIntel,71.42857143,63d13edbfc31f4ecf0122017,6674306cb0738f9af1686fa9,66747393db6ac812a4025032,,,,,,,,,,,,,,,,,,,,,,,,,,,,,,,,,,,,,,,,,,,5,,,,,,,,,,,,,1,,,,,,,,,,,,,,,,,,,,,,,,,,,s,0.288,,space,0.284,,1,green_gnome,1,4,bright_forest,yellow_basket,pink_gnome,1,8,dark_forest,red_basket,20,0,0,1,green_gnome,bright_forest,yellow_basket,3458,0,-4,29,2,234,4,1,,,,,,,,,,,,,,,,,,,,,,,,,,,,,,,,,,,,,,,,,,,,,,,,,,,,,,,,,,,,,,,,,,,,,,,,,,,,
,,,,,,,,,,,,,,,,,,,,,,,,,,,,,,,,,,,,,,,,,,,,,,,,,,,,,,,,,,,,,,,,,252089,001,2024-06-20_19h24.31.635,experiment,2023.2.3,MacIntel,71.42857143,63d13edbfc31f4ecf0122017,6674306cb0738f9af1686fa9,66747393db6ac812a4025032,,,,,,,,,,,,,,,,,,,,,,,,,,,,,,,,,,,,,,,,,,,1,,,,,,,,,,,,,1,,,,,,,,,,,,,,,,,,,,,,,,,,,k,0.263,,space,0.313,,1,green_gnome,1,4,bright_forest,yellow_basket,pink_gnome,1,4,dark_forest,red_basket,4,0,0,1,pink_gnome,dark_forest,red_basket,3462,-2,1,29,3,235,0,1,,,,,,,,,,,,,,,,,,,,,,,,,,,,,,,,,,,,,,,,,,,,,,,,,,,,,,,,,,,,,,,,,,,,,,,,,,,,
,,,,,,,,,,,,,,,,,,,,,,,,,,,,,,,,,,,,,,,,,,,,,,,,,,,,,,,,,,,,,,,,,252089,001,2024-06-20_19h24.31.635,experiment,2023.2.3,MacIntel,71.42857143,63d13edbfc31f4ecf0122017,6674306cb0738f9af1686fa9,66747393db6ac812a4025032,,,,,,,,,,,,,,,,,,,,,,,,,,,,,,,,,,,,,,,,,,,5,,,,,,,,,,,,,4,,,,,,,,,,,,,,,,,,,,,,,,,,,s,0.687,,space,0.717,,4,yellow_gnome,4,2,bright_forest,yellow_basket,red_gnome,4,5,dark_forest,red_basket,10,0,0,1,yellow_gnome,bright_forest,yellow_basket,3472,1,-2,29,4,236,7,1,,,,,,,,,,,,,,,,,,,,,,,,,,,,,,,,,,,,,,,,,,,,,,,,,,,,,,,,,,,,,,,,,,,,,,,,,,,,
,,,,,,,,,,,,,,,,,,,,,,,,,,,,,,,,,,,,,,,,,,,,,,,,,,,,,,,,,,,,,,,,,252089,001,2024-06-20_19h24.31.635,experiment,2023.2.3,MacIntel,71.42857143,63d13edbfc31f4ecf0122017,6674306cb0738f9af1686fa9,66747393db6ac812a4025032,,,,,,,,,,,,,,,,,,,,,,,,,,,,,,,,,,,,,,,,,,,1,,,,,,,,,,,,,4,,,,,,,,,,,,,,,,,,,,,,,,,,,k,0.322,,space,0.447,,4,red_gnome,4,3,dark_forest,red_basket,yellow_gnome,4,3,bright_forest,yellow_basket,3,0,0,1,yellow_gnome,bright_forest,yellow_basket,3475,-3,1,29,5,237,3,1,,,,,,,,,,,,,,,,,,,,,,,,,,,,,,,,,,,,,,,,,,,,,,,,,,,,,,,,,,,,,,,,,,,,,,,,,,,,
,,,,,,,,,,,,,,,,,,,,,,,,,,,,,,,,,,,,,,,,,,,,,,,,,,,,,,,,,,,,,,,,,252089,001,2024-06-20_19h24.31.635,experiment,2023.2.3,MacIntel,71.42857143,63d13edbfc31f4ecf0122017,6674306cb0738f9af1686fa9,66747393db6ac812a4025032,,,,,,,,,,,,,,,,,,,,,,,,,,,,,,,,,,,,,,,,,,,1,,,,,,,,,,,,,1,,,,,,,,,,,,,,,,,,,,,,,,,,,s,0.028,,space,0.3,,1,pink_gnome,1,4,dark_forest,red_basket,green_gnome,1,0,bright_forest,yellow_basket,4,0,0,1,pink_gnome,dark_forest,red_basket,3479,1,0,29,6,238,0,1,,,,,,,,,,,,,,,,,,,,,,,,,,,,,,,,,,,,,,,,,,,,,,,,,,,,,,,,,,,,,,,,,,,,,,,,,,,,
,,,,,,,,,,,,,,,,,,,,,,,,,,,,,,,,,,,,,,,,,,,,,,,,,,,,,,,,,,,,,,,,,252089,001,2024-06-20_19h24.31.635,experiment,2023.2.3,MacIntel,71.42857143,63d13edbfc31f4ecf0122017,6674306cb0738f9af1686fa9,66747393db6ac812a4025032,,,,,,,,,,,,,,,,,,,,,,,,,,,,,,,,,,,,,,,,,,,5,,,,,,,,,,,,,2,,,,,,,,,,,,,,,,,,,,,,,,,,,k,0.252,,space,0.286,,2,blue_gnome,2,1,bright_forest,yellow_basket,purple_gnome,2,4,dark_forest,red_basket,20,0,0,1,purple_gnome,dark_forest,red_basket,3499,-1,-1,29,7,239,5,1,,,,,,,,,,,,,,,,,,,,,,,,,,,,,,,,,,,,,,,,,,,,,,,,,,,,,,,,,,,,,,,,,,,,,,,,,,,,
,,,,,,,,,,,,,,,,,,,,,,,,,,,,,,,,,,,,,,,,,,,,,,,,,,,,,,,,,,,,,,,,,252089,001,2024-06-20_19h24.31.635,experiment,2023.2.3,MacIntel,71.42857143,63d13edbfc31f4ecf0122017,6674306cb0738f9af1686fa9,66747393db6ac812a4025032,,,,,,,,,,,,,,,,,,,,,,,,,,,,,,,,,,,,,,,,,,,5,,,,,,,,,,,,,3,,,,,,,,,,,,,,,,,,,,,,,,,,,s,0.36,,space,0.88,,3,orange_gnome,3,0,bright_forest,yellow_basket,brown_gnome,3,3,dark_forest,red_basket,0,0,0,1,orange_gnome,bright_forest,yellow_basket,3499,-1,-1,30,0,240,6,1,,,,,,,,,,,,,,,,,,,,,,,,,,,,,,,,,,,,,,,,,,,,,,,,,,,,,,,,,,,,,,,,,,,,,,,,,,,,
,,,,,,,,,,,,,,,,,,,,,,,,,,,,,,,,,,,,,,,,,,,,,,,,,,,,,,,,,,,,,,,,,252089,001,2024-06-20_19h24.31.635,experiment,2023.2.3,MacIntel,71.42857143,63d13edbfc31f4ecf0122017,6674306cb0738f9af1686fa9,66747393db6ac812a4025032,,,,,,,,,,,,,,,,,,,,,,,,,,,,,,,,,,,,,,,,,,,1,,,,,,,,,,,,,2,,,,,,,,,,,,,,,,,,,,,,,,,,,k,0.04,,space,0.545,,2,purple_gnome,2,2,dark_forest,red_basket,blue_gnome,2,1,bright_forest,yellow_basket,1,0,0,1,blue_gnome,bright_forest,yellow_basket,3500,0,0,30,1,241,1,1,,,,,,,,,,,,,,,,,,,,,,,,,,,,,,,,,,,,,,,,,,,,,,,,,,,,,,,,,,,,,,,,,,,,,,,,,,,,
,,,,,,,,,,,,,,,,,,,,,,,,,,,,,,,,,,,,,,,,,,,,,,,,,,,,,,,,,,,,,,,,,252089,001,2024-06-20_19h24.31.635,experiment,2023.2.3,MacIntel,71.42857143,63d13edbfc31f4ecf0122017,6674306cb0738f9af1686fa9,66747393db6ac812a4025032,,,,,,,,,,,,,,,,,,,,,,,,,,,,,,,,,,,,,,,,,,,1,,,,,,,,,,,,,4,,,,,,,,,,,,,,,,,,,,,,,,,,,s,0.552,,space,0.256,,4,red_gnome,4,2,dark_forest,red_basket,yellow_gnome,4,1,bright_forest,yellow_basket,2,0,0,1,red_gnome,dark_forest,red_basket,3502,2,2,30,2,242,3,1,,,,,,,,,,,,,,,,,,,,,,,,,,,,,,,,,,,,,,,,,,,,,,,,,,,,,,,,,,,,,,,,,,,,,,,,,,,,
,,,,,,,,,,,,,,,,,,,,,,,,,,,,,,,,,,,,,,,,,,,,,,,,,,,,,,,,,,,,,,,,,252089,001,2024-06-20_19h24.31.635,experiment,2023.2.3,MacIntel,71.42857143,63d13edbfc31f4ecf0122017,6674306cb0738f9af1686fa9,66747393db6ac812a4025032,,,,,,,,,,,,,,,,,,,,,,,,,,,,,,,,,,,,,,,,,,,5,,,,,,,,,,,,,1,,,,,,,,,,,,,,,,,,,,,,,,,,,k,0.48,,space,0.525,,1,pink_gnome,1,4,dark_forest,red_basket,green_gnome,1,3,bright_forest,yellow_basket,15,0,0,1,green_gnome,bright_forest,yellow_basket,3517,2,-2,30,3,243,4,1,,,,,,,,,,,,,,,,,,,,,,,,,,,,,,,,,,,,,,,,,,,,,,,,,,,,,,,,,,,,,,,,,,,,,,,,,,,,
,,,,,,,,,,,,,,,,,,,,,,,,,,,,,,,,,,,,,,,,,,,,,,,,,,,,,,,,,,,,,,,,,252089,001,2024-06-20_19h24.31.635,experiment,2023.2.3,MacIntel,71.42857143,63d13edbfc31f4ecf0122017,6674306cb0738f9af1686fa9,66747393db6ac812a4025032,,,,,,,,,,,,,,,,,,,,,,,,,,,,,,,,,,,,,,,,,,,5,,,,,,,,,,,,,4,,,,,,,,,,,,,,,,,,,,,,,,,,,s,0.368,,space,0.268,,4,yellow_gnome,4,5,bright_forest,yellow_basket,red_gnome,4,2,dark_forest,red_basket,25,0,0,1,yellow_gnome,bright_forest,yellow_basket,3542,0,-1,30,4,244,7,1,,,,,,,,,,,,,,,,,,,,,,,,,,,,,,,,,,,,,,,,,,,,,,,,,,,,,,,,,,,,,,,,,,,,,,,,,,,,
,,,,,,,,,,,,,,,,,,,,,,,,,,,,,,,,,,,,,,,,,,,,,,,,,,,,,,,,,,,,,,,,,252089,001,2024-06-20_19h24.31.635,experiment,2023.2.3,MacIntel,71.42857143,63d13edbfc31f4ecf0122017,6674306cb0738f9af1686fa9,66747393db6ac812a4025032,,,,,,,,,,,,,,,,,,,,,,,,,,,,,,,,,,,,,,,,,,,5,,,,,,,,,,,,,2,,,,,,,,,,,,,,,,,,,,,,,,,,,k,0.282,,space,0.354,,2,purple_gnome,2,1,dark_forest,red_basket,blue_gnome,2,5,bright_forest,yellow_basket,25,0,0,1,blue_gnome,bright_forest,yellow_basket,3567,1,1,30,5,245,5,1,,,,,,,,,,,,,,,,,,,,,,,,,,,,,,,,,,,,,,,,,,,,,,,,,,,,,,,,,,,,,,,,,,,,,,,,,,,,
,,,,,,,,,,,,,,,,,,,,,,,,,,,,,,,,,,,,,,,,,,,,,,,,,,,,,,,,,,,,,,,,,252089,001,2024-06-20_19h24.31.635,experiment,2023.2.3,MacIntel,71.42857143,63d13edbfc31f4ecf0122017,6674306cb0738f9af1686fa9,66747393db6ac812a4025032,,,,,,,,,,,,,,,,,,,,,,,,,,,,,,,,,,,,,,,,,,,5,,,,,,,,,,,,,2,,,,,,,,,,,,,,,,,,,,,,,,,,,s,0.073,,space,0.245,,2,blue_gnome,2,6,bright_forest,yellow_basket,purple_gnome,2,2,dark_forest,red_basket,30,0,0,1,blue_gnome,bright_forest,yellow_basket,3597,2,3,30,6,246,5,1,,,,,,,,,,,,,,,,,,,,,,,,,,,,,,,,,,,,,,,,,,,,,,,,,,,,,,,,,,,,,,,,,,,,,,,,,,,,
,,,,,,,,,,,,,,,,,,,,,,,,,,,,,,,,,,,,,,,,,,,,,,,,,,,,,,,,,,,,,,,,,252089,001,2024-06-20_19h24.31.635,experiment,2023.2.3,MacIntel,71.42857143,63d13edbfc31f4ecf0122017,6674306cb0738f9af1686fa9,66747393db6ac812a4025032,,,,,,,,,,,,,,,,,,,,,,,,,,,,,,,,,,,,,,,,,,,5,,,,,,,,,,,,,3,,,,,,,,,,,,,,,,,,,,,,,,,,,k,0.267,,space,0.5,,3,brown_gnome,3,5,dark_forest,red_basket,orange_gnome,3,8,bright_forest,yellow_basket,40,0,0,1,orange_gnome,bright_forest,yellow_basket,3637,-3,1,30,7,247,6,1,,,,,,,,,,,,,,,,,,,,,,,,,,,,,,,,,,,,,,,,,,,,,,,,,,,,,,,,,,,,,,,,,,,,,,,,,,,,
,,,,,,,,,,,,,,,,,,,,,,,,,,,,,,,,,,,,,,,,,,,,,,,,,,,,,,,,,,,,,,,,,252089,001,2024-06-20_19h24.31.635,experiment,2023.2.3,MacIntel,71.42857143,63d13edbfc31f4ecf0122017,6674306cb0738f9af1686fa9,66747393db6ac812a4025032,,,,,,,,,,,,,,,,,,,,,,,,,,,,,,,,,,,,,,,,,,,1,,,,,,,,,,,,,2,,,,,,,,,,,,,,,,,,,,,,,,,,,s,0.511,,space,0.432,,2,purple_gnome,2,6,dark_forest,red_basket,blue_gnome,2,5,bright_forest,yellow_basket,6,0,0,1,purple_gnome,dark_forest,red_basket,3643,0,4,31,0,248,1,1,,,,,,,,,,,,,,,,,,,,,,,,,,,,,,,,,,,,,,,,,,,,,,,,,,,,,,,,,,,,,,,,,,,,,,,,,,,,
,,,,,,,,,,,,,,,,,,,,,,,,,,,,,,,,,,,,,,,,,,,,,,,,,,,,,,,,,,,,,,,,,252089,001,2024-06-20_19h24.31.635,experiment,2023.2.3,MacIntel,71.42857143,63d13edbfc31f4ecf0122017,6674306cb0738f9af1686fa9,66747393db6ac812a4025032,,,,,,,,,,,,,,,,,,,,,,,,,,,,,,,,,,,,,,,,,,,5,,,,,,,,,,,,,1,,,,,,,,,,,,,,,,,,,,,,,,,,,k,0.279,,space,0.422,,1,pink_gnome,1,8,dark_forest,red_basket,green_gnome,1,5,bright_forest,yellow_basket,25,0,0,1,green_gnome,bright_forest,yellow_basket,3668,0,0,31,1,249,4,1,,,,,,,,,,,,,,,,,,,,,,,,,,,,,,,,,,,,,,,,,,,,,,,,,,,,,,,,,,,,,,,,,,,,,,,,,,,,
,,,,,,,,,,,,,,,,,,,,,,,,,,,,,,,,,,,,,,,,,,,,,,,,,,,,,,,,,,,,,,,,,252089,001,2024-06-20_19h24.31.635,experiment,2023.2.3,MacIntel,71.42857143,63d13edbfc31f4ecf0122017,6674306cb0738f9af1686fa9,66747393db6ac812a4025032,,,,,,,,,,,,,,,,,,,,,,,,,,,,,,,,,,,,,,,,,,,5,,,,,,,,,,,,,1,,,,,,,,,,,,,,,,,,,,,,,,,,,s,0.264,,space,0.737,,1,green_gnome,1,5,bright_forest,yellow_basket,pink_gnome,1,8,dark_forest,red_basket,25,0,0,1,green_gnome,bright_forest,yellow_basket,3693,1,-1,31,2,250,4,1,,,,,,,,,,,,,,,,,,,,,,,,,,,,,,,,,,,,,,,,,,,,,,,,,,,,,,,,,,,,,,,,,,,,,,,,,,,,
,,,,,,,,,,,,,,,,,,,,,,,,,,,,,,,,,,,,,,,,,,,,,,,,,,,,,,,,,,,,,,,,,252089,001,2024-06-20_19h24.31.635,experiment,2023.2.3,MacIntel,71.42857143,63d13edbfc31f4ecf0122017,6674306cb0738f9af1686fa9,66747393db6ac812a4025032,,,,,,,,,,,,,,,,,,,,,,,,,,,,,,,,,,,,,,,,,,,1,,,,,,,,,,,,,1,,,,,,,,,,,,,,,,,,,,,,,,,,,k,0.427,,space,0.7,,1,green_gnome,1,6,bright_forest,yellow_basket,pink_gnome,1,7,dark_forest,red_basket,7,0,0,1,pink_gnome,dark_forest,red_basket,3700,0,1,31,3,251,0,1,,,,,,,,,,,,,,,,,,,,,,,,,,,,,,,,,,,,,,,,,,,,,,,,,,,,,,,,,,,,,,,,,,,,,,,,,,,,
,,,,,,,,,,,,,,,,,,,,,,,,,,,,,,,,,,,,,,,,,,,,,,,,,,,,,,,,,,,,,,,,,252089,001,2024-06-20_19h24.31.635,experiment,2023.2.3,MacIntel,71.42857143,63d13edbfc31f4ecf0122017,6674306cb0738f9af1686fa9,66747393db6ac812a4025032,,,,,,,,,,,,,,,,,,,,,,,,,,,,,,,,,,,,,,,,,,,1,,,,,,,,,,,,,4,,,,,,,,,,,,,,,,,,,,,,,,,,,s,0.26,,space,0.264,,4,yellow_gnome,4,6,bright_forest,yellow_basket,red_gnome,4,8,dark_forest,red_basket,6,0,0,1,yellow_gnome,bright_forest,yellow_basket,3706,1,1,31,4,252,3,1,,,,,,,,,,,,,,,,,,,,,,,,,,,,,,,,,,,,,,,,,,,,,,,,,,,,,,,,,,,,,,,,,,,,,,,,,,,,
,,,,,,,,,,,,,,,,,,,,,,,,,,,,,,,,,,,,,,,,,,,,,,,,,,,,,,,,,,,,,,,,,252089,001,2024-06-20_19h24.31.635,experiment,2023.2.3,MacIntel,71.42857143,63d13edbfc31f4ecf0122017,6674306cb0738f9af1686fa9,66747393db6ac812a4025032,,,,,,,,,,,,,,,,,,,,,,,,,,,,,,,,,,,,,,,,,,,5,,,,,,,,,,,,,3,,,,,,,,,,,,,,,,,,,,,,,,,,,k,0.413,,space,1.368,,3,brown_gnome,3,9,dark_forest,red_basket,orange_gnome,3,7,bright_forest,yellow_basket,35,0,0,1,orange_gnome,bright_forest,yellow_basket,3741,5,0,31,5,253,6,1,,,,,,,,,,,,,,,,,,,,,,,,,,,,,,,,,,,,,,,,,,,,,,,,,,,,,,,,,,,,,,,,,,,,,,,,,,,,
,,,,,,,,,,,,,,,,,,,,,,,,,,,,,,,,,,,,,,,,,,,,,,,,,,,,,,,,,,,,,,,,,252089,001,2024-06-20_19h24.31.635,experiment,2023.2.3,MacIntel,71.42857143,63d13edbfc31f4ecf0122017,6674306cb0738f9af1686fa9,66747393db6ac812a4025032,,,,,,,,,,,,,,,,,,,,,,,,,,,,,,,,,,,,,,,,,,,1,,,,,,,,,,,,,4,,,,,,,,,,,,,,,,,,,,,,,,,,,s,1.008,,space,0.933,,4,red_gnome,4,9,dark_forest,red_basket,yellow_gnome,4,6,bright_forest,yellow_basket,9,0,0,1,red_gnome,dark_forest,red_basket,3750,1,2,31,6,254,3,1,,,,,,,,,,,,,,,,,,,,,,,,,,,,,,,,,,,,,,,,,,,,,,,,,,,,,,,,,,,,,,,,,,,,,,,,,,,,
,,,,,,,,,,,,,,,,,,,,,,,,,,,,,,,,,,,,,,,,,,,,,,,,,,,,,,,,,,,,,,,,,252089,001,2024-06-20_19h24.31.635,experiment,2023.2.3,MacIntel,71.42857143,63d13edbfc31f4ecf0122017,6674306cb0738f9af1686fa9,66747393db6ac812a4025032,,,,,,,,,,,,,,,,,,,,,,,,,,,,,,,,,,,,,,,,,,,5,,,,,,,,,,,,,1,,,,,,,,,,,,,,,,,,,,,,,,,,,k,1.028,,space,0.765,,1,green_gnome,1,7,bright_forest,yellow_basket,pink_gnome,1,7,dark_forest,red_basket,35,0,0,1,pink_gnome,dark_forest,red_basket,3785,2,0,31,7,255,4,1,,,,,,,,,,,,,,,,,,,,,,,,,,,,,,,,,,,,,,,,,,,,,,,,,,,,,,,,,,,,,,,,,,,,,,,,,,,,
,,,,,,,,,,,,,,,,,,,,,,,,,,,,,,,,,,,,,,,,,,,,,,,,,,,,,,,,,,,,,,,,,252089,001,2024-06-20_19h24.31.635,experiment,2023.2.3,MacIntel,71.42857143,63d13edbfc31f4ecf0122017,6674306cb0738f9af1686fa9,66747393db6ac812a4025032,,,,,,,,,,,,,,,,,,,,,,,,,,,,,,,,,,,,,,,,,,,,,,,,,,,,,,,,,,,,,,,3723.171,3726.508,0.732472325,-0.322878229,1,0,0,3.331,t_advice_finished_typing_rect,,,,,,,,,,,,,,,,,,,,,,,,,,,,,,,,,,,,,,,,,,,,,,,space,100.117,,space,30.821,,space,1.91,,In the forest you will be picking mushrooms. Gnomes will appear to how many mushrooms they will be able to pick. They will change colour and pick a different of mushrooms. By process of elimination you will need to work out which colour gnomes gives out the most mushrooms. ,-0.155596556,0.188806888,1,0,0,6.209,vb_finished_typing_rect,space,2.205,,space,4.72,,space,5.791,,space,2.629,,100,3.14,98.03198032,5.312,space,6.502,,yellow_gnome,red_gnome,0,0,0,25,1,5,6,,,,,,,,,,,,,,,,,,,,,,,,,,,,
,,,,,,,,,,,,,,,,,,,,,,,,,,,,,,,,,,,,,,,,,,,,,,,,,,,,,,,,,,,,,,,,,252089,001,2024-06-20_19h24.31.635,experiment,2023.2.3,MacIntel,71.42857143,63d13edbfc31f4ecf0122017,6674306cb0738f9af1686fa9,66747393db6ac812a4025032,,,,,,,,,,,,,,,,,,,,,,,,,,,,,,,,,,,,,,,,,,,,,,,,,,,,,,,,,,,,,,,,,,,,,,,,,,,,,,,,,,,,,,,,,,,,,,,,,,,,,,,,,,,,,,,,,,,,,,,,,,,,,,,,,,,,,,,,,,,,,,,,,,,76.6297663,2.715,68.75768758,3.524,space,3.34,,brown_gnome,pink_gnome,0,1,1,1,1,0,2,,,,,,,,,,,,,,,,,,,,,,,,,,,,
,,,,,,,,,,,,,,,,,,,,,,,,,,,,,,,,,,,,,,,,,,,,,,,,,,,,,,,,,,,,,,,,,252089,001,2024-06-20_19h24.31.635,experiment,2023.2.3,MacIntel,71.42857143,63d13edbfc31f4ecf0122017,6674306cb0738f9af1686fa9,66747393db6ac812a4025032,,,,,,,,,,,,,,,,,,,,,,,,,,,,,,,,,,,,,,,,,,,,,,,,,,,,,,,,,,,,,,,,,,,,,,,,,,,,,,,,,,,,,,,,,,,,,,,,,,,,,,,,,,,,,,,,,,,,,,,,,,,,,,,,,,,,,,,,,,,,,,,,,,,34.93234932,2.543,17.46617466,3.836,space,3.642,,blue_gnome,pink_gnome,0,2,2,13,1,2,3,,,,,,,,,,,,,,,,,,,,,,,,,,,,
,,,,,,,,,,,,,,,,,,,,,,,,,,,,,,,,,,,,,,,,,,,,,,,,,,,,,,,,,,,,,,,,,252089,001,2024-06-20_19h24.31.635,experiment,2023.2.3,MacIntel,71.42857143,63d13edbfc31f4ecf0122017,6674306cb0738f9af1686fa9,66747393db6ac812a4025032,,,,,,,,,,,,,,,,,,,,,,,,,,,,,,,,,,,,,,,,,,,,,,,,,,,,,,,,,,,,,,,,,,,,,,,,,,,,,,,,,,,,,,,,,,,,,,,,,,,,,,,,,,,,,,,,,,,,,,,,,,,,,,,,,,,,,,,,,,,,,,,,,,,0,2.446,100,3.882,space,3.603,,brown_gnome,red_gnome,0,3,3,4,1,0,5,,,,,,,,,,,,,,,,,,,,,,,,,,,,
,,,,,,,,,,,,,,,,,,,,,,,,,,,,,,,,,,,,,,,,,,,,,,,,,,,,,,,,,,,,,,,,,252089,001,2024-06-20_19h24.31.635,experiment,2023.2.3,MacIntel,71.42857143,63d13edbfc31f4ecf0122017,6674306cb0738f9af1686fa9,66747393db6ac812a4025032,,,,,,,,,,,,,,,,,,,,,,,,,,,,,,,,,,,,,,,,,,,,,,,,,,,,,,,,,,,,,,,,,,,,,,,,,,,,,,,,,,,,,,,,,,,,,,,,,,,,,,,,,,,,,,,,,,,,,,,,,,,,,,,,,,,,,,,,,,,,,,,,,,,21.77121771,2.472,29.39729397,3.416,space,3.093,,purple_gnome,green_gnome,0,4,4,9,1,1,4,,,,,,,,,,,,,,,,,,,,,,,,,,,,
,,,,,,,,,,,,,,,,,,,,,,,,,,,,,,,,,,,,,,,,,,,,,,,,,,,,,,,,,,,,,,,,,252089,001,2024-06-20_19h24.31.635,experiment,2023.2.3,MacIntel,71.42857143,63d13edbfc31f4ecf0122017,6674306cb0738f9af1686fa9,66747393db6ac812a4025032,,,,,,,,,,,,,,,,,,,,,,,,,,,,,,,,,,,,,,,,,,,,,,,,,,,,,,,,,,,,,,,,,,,,,,,,,,,,,,,,,,,,,,,,,,,,,,,,,,,,,,,,,,,,,,,,,,,,,,,,,,,,,,,,,,,,,,,,,,,,,,,,,,,76.13776138,1.995,75.27675277,2.882,space,2.588,,purple_gnome,pink_gnome,0,5,5,7,1,1,2,,,,,,,,,,,,,,,,,,,,,,,,,,,,
,,,,,,,,,,,,,,,,,,,,,,,,,,,,,,,,,,,,,,,,,,,,,,,,,,,,,,,,,,,,,,,,,252089,001,2024-06-20_19h24.31.635,experiment,2023.2.3,MacIntel,71.42857143,63d13edbfc31f4ecf0122017,6674306cb0738f9af1686fa9,66747393db6ac812a4025032,,,,,,,,,,,,,,,,,,,,,,,,,,,,,,,,,,,,,,,,,,,,,,,,,,,,,,,,,,,,,,,,,,,,,,,,,,,,,,,,,,,,,,,,,,,,,,,,,,,,,,,,,,,,,,,,,,,,,,,,,,,,,,,,,,,,,,,,,,,,,,,,,,,93.23493235,2.101,95.20295203,3.194,space,2.946,,brown_gnome,orange_gnome,0,6,6,6,1,0,7,,,,,,,,,,,,,,,,,,,,,,,,,,,,
,,,,,,,,,,,,,,,,,,,,,,,,,,,,,,,,,,,,,,,,,,,,,,,,,,,,,,,,,,,,,,,,,252089,001,2024-06-20_19h24.31.635,experiment,2023.2.3,MacIntel,71.42857143,63d13edbfc31f4ecf0122017,6674306cb0738f9af1686fa9,66747393db6ac812a4025032,,,,,,,,,,,,,,,,,,,,,,,,,,,,,,,,,,,,,,,,,,,,,,,,,,,,,,,,,,,,,,,,,,,,,,,,,,,,,,,,,,,,,,,,,,,,,,,,,,,,,,,,,,,,,,,,,,,,,,,,,,,,,,,,,,,,,,,,,,,,,,,,,,,87.33087331,11.28,90.1599016,12.095,space,12.047,,orange_gnome,pink_gnome,0,7,7,17,1,2,7,,,,,,,,,,,,,,,,,,,,,,,,,,,,
,,,,,,,,,,,,,,,,,,,,,,,,,,,,,,,,,,,,,,,,,,,,,,,,,,,,,,,,,,,,,,,,,252089,001,2024-06-20_19h24.31.635,experiment,2023.2.3,MacIntel,71.42857143,63d13edbfc31f4ecf0122017,6674306cb0738f9af1686fa9,66747393db6ac812a4025032,,,,,,,,,,,,,,,,,,,,,,,,,,,,,,,,,,,,,,,,,,,,,,,,,,,,,,,,,,,,,,,,,,,,,,,,,,,,,,,,,,,,,,,,,,,,,,,,,,,,,,,,,,,,,,,,,,,,,,,,,,,,,,,,,,,,,,,,,,,,,,,,,,,68.88068881,6.188,79.58179582,7.038,space,6.754,,green_gnome,blue_gnome,0,8,8,18,1,3,4,,,,,,,,,,,,,,,,,,,,,,,,,,,,
,,,,,,,,,,,,,,,,,,,,,,,,,,,,,,,,,,,,,,,,,,,,,,,,,,,,,,,,,,,,,,,,,252089,001,2024-06-20_19h24.31.635,experiment,2023.2.3,MacIntel,71.42857143,63d13edbfc31f4ecf0122017,6674306cb0738f9af1686fa9,66747393db6ac812a4025032,,,,,,,,,,,,,,,,,,,,,,,,,,,,,,,,,,,,,,,,,,,,,,,,,,,,,,,,,,,,,,,,,,,,,,,,,,,,,,,,,,,,,,,,,,,,,,,,,,,,,,,,,,,,,,,,,,,,,,,,,,,,,,,,,,,,,,,,,,,,,,,,,,,81.42681427,7.478,67.65067651,8.333,space,7.996,,pink_gnome,yellow_gnome,0,9,9,16,1,2,6,,,,,,,,,,,,,,,,,,,,,,,,,,,,
,,,,,,,,,,,,,,,,,,,,,,,,,,,,,,,,,,,,,,,,,,,,,,,,,,,,,,,,,,,,,,,,,252089,001,2024-06-20_19h24.31.635,experiment,2023.2.3,MacIntel,71.42857143,63d13edbfc31f4ecf0122017,6674306cb0738f9af1686fa9,66747393db6ac812a4025032,,,,,,,,,,,,,,,,,,,,,,,,,,,,,,,,,,,,,,,,,,,,,,,,,,,,,,,,,,,,,,,,,,,,,,,,,,,,,,,,,,,,,,,,,,,,,,,,,,,,,,,,,,,,,,,,,,,,,,,,,,,,,,,,,,,,,,,,,,,,,,,,,,,76.87576876,1.69,71.46371464,2.433,space,2.767,,purple_gnome,orange_gnome,0,10,10,12,1,1,7,,,,,,,,,,,,,,,,,,,,,,,,,,,,
,,,,,,,,,,,,,,,,,,,,,,,,,,,,,,,,,,,,,,,,,,,,,,,,,,,,,,,,,,,,,,,,,252089,001,2024-06-20_19h24.31.635,experiment,2023.2.3,MacIntel,71.42857143,63d13edbfc31f4ecf0122017,6674306cb0738f9af1686fa9,66747393db6ac812a4025032,,,,,,,,,,,,,,,,,,,,,,,,,,,,,,,,,,,,,,,,,,,,,,,,,,,,,,,,,,,,,,,,,,,,,,,,,,,,,,,,,,,,,,,,,,,,,,,,,,,,,,,,,,,,,,,,,,,,,,,,,,,,,,,,,,,,,,,,,,,,,,,,,,,77.8597786,1.697,70.11070111,2.426,space,2.145,,brown_gnome,green_gnome,0,11,11,3,1,0,4,,,,,,,,,,,,,,,,,,,,,,,,,,,,
,,,,,,,,,,,,,,,,,,,,,,,,,,,,,,,,,,,,,,,,,,,,,,,,,,,,,,,,,,,,,,,,,252089,001,2024-06-20_19h24.31.635,experiment,2023.2.3,MacIntel,71.42857143,63d13edbfc31f4ecf0122017,6674306cb0738f9af1686fa9,66747393db6ac812a4025032,,,,,,,,,,,,,,,,,,,,,,,,,,,,,,,,,,,,,,,,,,,,,,,,,,,,,,,,,,,,,,,,,,,,,,,,,,,,,,,,,,,,,,,,,,,,,,,,,,,,,,,,,,,,,,,,,,,,,,,,,,,,,,,,,,,,,,,,,,,,,,,,,,,83.39483395,1.724,71.83271833,2.497,space,2.174,,pink_gnome,green_gnome,0,12,12,14,1,2,4,,,,,,,,,,,,,,,,,,,,,,,,,,,,
,,,,,,,,,,,,,,,,,,,,,,,,,,,,,,,,,,,,,,,,,,,,,,,,,,,,,,,,,,,,,,,,,252089,001,2024-06-20_19h24.31.635,experiment,2023.2.3,MacIntel,71.42857143,63d13edbfc31f4ecf0122017,6674306cb0738f9af1686fa9,66747393db6ac812a4025032,,,,,,,,,,,,,,,,,,,,,,,,,,,,,,,,,,,,,,,,,,,,,,,,,,,,,,,,,,,,,,,,,,,,,,,,,,,,,,,,,,,,,,,,,,,,,,,,,,,,,,,,,,,,,,,,,,,,,,,,,,,,,,,,,,,,,,,,,,,,,,,,,,,95.0799508,1.887,76.26076261,2.828,space,2.761,,green_gnome,orange_gnome,0,13,13,24,1,4,7,,,,,,,,,,,,,,,,,,,,,,,,,,,,
,,,,,,,,,,,,,,,,,,,,,,,,,,,,,,,,,,,,,,,,,,,,,,,,,,,,,,,,,,,,,,,,,252089,001,2024-06-20_19h24.31.635,experiment,2023.2.3,MacIntel,71.42857143,63d13edbfc31f4ecf0122017,6674306cb0738f9af1686fa9,66747393db6ac812a4025032,,,,,,,,,,,,,,,,,,,,,,,,,,,,,,,,,,,,,,,,,,,,,,,,,,,,,,,,,,,,,,,,,,,,,,,,,,,,,,,,,,,,,,,,,,,,,,,,,,,,,,,,,,,,,,,,,,,,,,,,,,,,,,,,,,,,,,,,,,,,,,,,,,,1.35301353,2.896,1.72201722,3.759,space,3.499,,orange_gnome,red_gnome,0,14,14,26,1,5,7,,,,,,,,,,,,,,,,,,,,,,,,,,,,
,,,,,,,,,,,,,,,,,,,,,,,,,,,,,,,,,,,,,,,,,,,,,,,,,,,,,,,,,,,,,,,,,252089,001,2024-06-20_19h24.31.635,experiment,2023.2.3,MacIntel,71.42857143,63d13edbfc31f4ecf0122017,6674306cb0738f9af1686fa9,66747393db6ac812a4025032,,,,,,,,,,,,,,,,,,,,,,,,,,,,,,,,,,,,,,,,,,,,,,,,,,,,,,,,,,,,,,,,,,,,,,,,,,,,,,,,,,,,,,,,,,,,,,,,,,,,,,,,,,,,,,,,,,,,,,,,,,,,,,,,,,,,,,,,,,,,,,,,,,,8.610086101,9.568,12.91512915,10.349,space,10.038,,red_gnome,green_gnome,0,15,15,22,1,4,5,,,,,,,,,,,,,,,,,,,,,,,,,,,,
,,,,,,,,,,,,,,,,,,,,,,,,,,,,,,,,,,,,,,,,,,,,,,,,,,,,,,,,,,,,,,,,,252089,001,2024-06-20_19h24.31.635,experiment,2023.2.3,MacIntel,71.42857143,63d13edbfc31f4ecf0122017,6674306cb0738f9af1686fa9,66747393db6ac812a4025032,,,,,,,,,,,,,,,,,,,,,,,,,,,,,,,,,,,,,,,,,,,,,,,,,,,,,,,,,,,,,,,,,,,,,,,,,,,,,,,,,,,,,,,,,,,,,,,,,,,,,,,,,,,,,,,,,,,,,,,,,,,,,,,,,,,,,,,,,,,,,,,,,,,77.8597786,1.907,85.11685117,2.666,space,2.338,,purple_gnome,red_gnome,0,16,16,10,1,1,5,,,,,,,,,,,,,,,,,,,,,,,,,,,,
,,,,,,,,,,,,,,,,,,,,,,,,,,,,,,,,,,,,,,,,,,,,,,,,,,,,,,,,,,,,,,,,,252089,001,2024-06-20_19h24.31.635,experiment,2023.2.3,MacIntel,71.42857143,63d13edbfc31f4ecf0122017,6674306cb0738f9af1686fa9,66747393db6ac812a4025032,,,,,,,,,,,,,,,,,,,,,,,,,,,,,,,,,,,,,,,,,,,,,,,,,,,,,,,,,,,,,,,,,,,,,,,,,,,,,,,,,,,,,,,,,,,,,,,,,,,,,,,,,,,,,,,,,,,,,,,,,,,,,,,,,,,,,,,,,,,,,,,,,,,0,2.044,0.24600246,3.025,space,2.664,,red_gnome,pink_gnome,0,17,17,15,1,2,5,,,,,,,,,,,,,,,,,,,,,,,,,,,,
,,,,,,,,,,,,,,,,,,,,,,,,,,,,,,,,,,,,,,,,,,,,,,,,,,,,,,,,,,,,,,,,,252089,001,2024-06-20_19h24.31.635,experiment,2023.2.3,MacIntel,71.42857143,63d13edbfc31f4ecf0122017,6674306cb0738f9af1686fa9,66747393db6ac812a4025032,,,,,,,,,,,,,,,,,,,,,,,,,,,,,,,,,,,,,,,,,,,,,,,,,,,,,,,,,,,,,,,,,,,,,,,,,,,,,,,,,,,,,,,,,,,,,,,,,,,,,,,,,,,,,,,,,,,,,,,,,,,,,,,,,,,,,,,,,,,,,,,,,,,85.48585486,8.437,91.88191882,9.363,space,9.127,,green_gnome,yellow_gnome,0,18,18,23,1,4,6,,,,,,,,,,,,,,,,,,,,,,,,,,,,
,,,,,,,,,,,,,,,,,,,,,,,,,,,,,,,,,,,,,,,,,,,,,,,,,,,,,,,,,,,,,,,,,252089,001,2024-06-20_19h24.31.635,experiment,2023.2.3,MacIntel,71.42857143,63d13edbfc31f4ecf0122017,6674306cb0738f9af1686fa9,66747393db6ac812a4025032,,,,,,,,,,,,,,,,,,,,,,,,,,,,,,,,,,,,,,,,,,,,,,,,,,,,,,,,,,,,,,,,,,,,,,,,,,,,,,,,,,,,,,,,,,,,,,,,,,,,,,,,,,,,,,,,,,,,,,,,,,,,,,,,,,,,,,,,,,,,,,,,,,,99.63099631,3.391,99.75399754,4.391,space,4.147,,blue_gnome,purple_gnome,0,19,19,8,1,1,3,,,,,,,,,,,,,,,,,,,,,,,,,,,,
,,,,,,,,,,,,,,,,,,,,,,,,,,,,,,,,,,,,,,,,,,,,,,,,,,,,,,,,,,,,,,,,,252089,001,2024-06-20_19h24.31.635,experiment,2023.2.3,MacIntel,71.42857143,63d13edbfc31f4ecf0122017,6674306cb0738f9af1686fa9,66747393db6ac812a4025032,,,,,,,,,,,,,,,,,,,,,,,,,,,,,,,,,,,,,,,,,,,,,,,,,,,,,,,,,,,,,,,,,,,,,,,,,,,,,,,,,,,,,,,,,,,,,,,,,,,,,,,,,,,,,,,,,,,,,,,,,,,,,,,,,,,,,,,,,,,,,,,,,,,71.46371464,1.859,79.82779828,2.857,space,2.775,,purple_gnome,brown_gnome,0,20,20,0,1,0,1,,,,,,,,,,,,,,,,,,,,,,,,,,,,
,,,,,,,,,,,,,,,,,,,,,,,,,,,,,,,,,,,,,,,,,,,,,,,,,,,,,,,,,,,,,,,,,252089,001,2024-06-20_19h24.31.635,experiment,2023.2.3,MacIntel,71.42857143,63d13edbfc31f4ecf0122017,6674306cb0738f9af1686fa9,66747393db6ac812a4025032,,,,,,,,,,,,,,,,,,,,,,,,,,,,,,,,,,,,,,,,,,,,,,,,,,,,,,,,,,,,,,,,,,,,,,,,,,,,,,,,,,,,,,,,,,,,,,,,,,,,,,,,,,,,,,,,,,,,,,,,,,,,,,,,,,,,,,,,,,,,,,,,,,,33.70233702,2.598,64.69864699,3.64,space,3.278,,blue_gnome,orange_gnome,0,21,21,21,1,3,7,,,,,,,,,,,,,,,,,,,,,,,,,,,,
,,,,,,,,,,,,,,,,,,,,,,,,,,,,,,,,,,,,,,,,,,,,,,,,,,,,,,,,,,,,,,,,,252089,001,2024-06-20_19h24.31.635,experiment,2023.2.3,MacIntel,71.42857143,63d13edbfc31f4ecf0122017,6674306cb0738f9af1686fa9,66747393db6ac812a4025032,,,,,,,,,,,,,,,,,,,,,,,,,,,,,,,,,,,,,,,,,,,,,,,,,,,,,,,,,,,,,,,,,,,,,,,,,,,,,,,,,,,,,,,,,,,,,,,,,,,,,,,,,,,,,,,,,,,,,,,,,,,,,,,,,,,,,,,,,,,,,,,,,,,72.20172202,1.72,65.19065191,2.452,space,2.121,,blue_gnome,brown_gnome,0,22,22,2,1,0,3,,,,,,,,,,,,,,,,,,,,,,,,,,,,
,,,,,,,,,,,,,,,,,,,,,,,,,,,,,,,,,,,,,,,,,,,,,,,,,,,,,,,,,,,,,,,,,252089,001,2024-06-20_19h24.31.635,experiment,2023.2.3,MacIntel,71.42857143,63d13edbfc31f4ecf0122017,6674306cb0738f9af1686fa9,66747393db6ac812a4025032,,,,,,,,,,,,,,,,,,,,,,,,,,,,,,,,,,,,,,,,,,,,,,,,,,,,,,,,,,,,,,,,,,,,,,,,,,,,,,,,,,,,,,,,,,,,,,,,,,,,,,,,,,,,,,,,,,,,,,,,,,,,,,,,,,,,,,,,,,,,,,,,,,,26.81426814,1.632,69.00369004,2.368,space,1.998,,purple_gnome,yellow_gnome,0,23,23,11,1,1,6,,,,,,,,,,,,,,,,,,,,,,,,,,,,
,,,,,,,,,,,,,,,,,,,,,,,,,,,,,,,,,,,,,,,,,,,,,,,,,,,,,,,,,,,,,,,,,252089,001,2024-06-20_19h24.31.635,experiment,2023.2.3,MacIntel,71.42857143,63d13edbfc31f4ecf0122017,6674306cb0738f9af1686fa9,66747393db6ac812a4025032,,,,,,,,,,,,,,,,,,,,,,,,,,,,,,,,,,,,,,,,,,,,,,,,,,,,,,,,,,,,,,,,,,,,,,,,,,,,,,,,,,,,,,,,,,,,,,,,,,,,,,,,,,,,,,,,,,,,,,,,,,,,,,,,,,,,,,,,,,,,,,,,,,,13.65313653,3.036,80.19680197,4.493,space,4.146,,blue_gnome,yellow_gnome,0,24,24,20,1,3,6,,,,,,,,,,,,,,,,,,,,,,,,,,,,
,,,,,,,,,,,,,,,,,,,,,,,,,,,,,,,,,,,,,,,,,,,,,,,,,,,,,,,,,,,,,,,,,252089,001,2024-06-20_19h24.31.635,experiment,2023.2.3,MacIntel,71.42857143,63d13edbfc31f4ecf0122017,6674306cb0738f9af1686fa9,66747393db6ac812a4025032,,,,,,,,,,,,,,,,,,,,,,,,,,,,,,,,,,,,,,,,,,,,,,,,,,,,,,,,,,,,,,,,,,,,,,,,,,,,,,,,,,,,,,,,,,,,,,,,,,,,,,,,,,,,,,,,,,,,,,,,,,,,,,,,,,,,,,,,,,,,,,,,,,,1.2300123,2.537,0.73800738,3.335,space,3.01,,orange_gnome,yellow_gnome,0,25,25,27,1,6,7,,,,,,,,,,,,,,,,,,,,,,,,,,,,
,,,,,,,,,,,,,,,,,,,,,,,,,,,,,,,,,,,,,,,,,,,,,,,,,,,,,,,,,,,,,,,,,252089,001,2024-06-20_19h24.31.635,experiment,2023.2.3,MacIntel,71.42857143,63d13edbfc31f4ecf0122017,6674306cb0738f9af1686fa9,66747393db6ac812a4025032,,,,,,,,,,,,,,,,,,,,,,,,,,,,,,,,,,,,,,,,,,,,,,,,,,,,,,,,,,,,,,,,,,,,,,,,,,,,,,,,,,,,,,,,,,,,,,,,,,,,,,,,,,,,,,,,,,,,,,,,,,,,,,,,,,,,,,,,,,,,,,,,,,,76.87576876,2.05,71.95571956,2.918,space,2.6,,yellow_gnome,brown_gnome,0,26,26,5,1,0,6,,,,,,,,,,,,,,,,,,,,,,,,,,,,
,,,,,,,,,,,,,,,,,,,,,,,,,,,,,,,,,,,,,,,,,,,,,,,,,,,,,,,,,,,,,,,,,252089,001,2024-06-20_19h24.31.635,experiment,2023.2.3,MacIntel,71.42857143,63d13edbfc31f4ecf0122017,6674306cb0738f9af1686fa9,66747393db6ac812a4025032,,,,,,,,,,,,,,,,,,,,,,,,,,,,,,,,,,,,,,,,,,,,,,,,,,,,,,,,,,,,,,,,,,,,,,,,,,,,,,,,,,,,,,,,,,,,,,,,,,,,,,,,,,,,,,,,,,,,,,,,,,,,,,,,,,,,,,,,,,,,,,,,,,,3.93603936,1.887,80.56580566,3.769,space,3.526,,blue_gnome,red_gnome,0,27,27,19,1,3,5,,,,,,,,,,,,,,,,,,,,,,,,,,,,
,,,,,,,,,,,,,,,,,,,,,,,,,,,,,,,,,,,,,,,,,,,,,,,,,,,,,,,,,,,,,,,,,252089,001,2024-06-20_19h24.31.635,experiment,2023.2.3,MacIntel,71.42857143,63d13edbfc31f4ecf0122017,6674306cb0738f9af1686fa9,66747393db6ac812a4025032,,,,,,,,,,,,,,,,,,,,,,,,,,,,,,,,,,,,,,,,,,,,,,,,,,,,,,,,,,,,,,,,,,,,,,,,,,,,,,,,,,,,,,,,,,,,,,,,,,,,,,,,,,,,,,,,,,,,,,,,,,,,,,,,,,,,,,,,,,,,,,,,,,,,,,,,,,,,,,,,,,,space,63.571,,31.9803198,2.348,68.51168512,3.585,space,3.195,,pink_gnome,bright_forest,yellow_basket,0,0,0,4,1,2,0,,,,,,,,
,,,,,,,,,,,,,,,,,,,,,,,,,,,,,,,,,,,,,,,,,,,,,,,,,,,,,,,,,,,,,,,,,252089,001,2024-06-20_19h24.31.635,experiment,2023.2.3,MacIntel,71.42857143,63d13edbfc31f4ecf0122017,6674306cb0738f9af1686fa9,66747393db6ac812a4025032,,,,,,,,,,,,,,,,,,,,,,,,,,,,,,,,,,,,,,,,,,,,,,,,,,,,,,,,,,,,,,,,,,,,,,,,,,,,,,,,,,,,,,,,,,,,,,,,,,,,,,,,,,,,,,,,,,,,,,,,,,,,,,,,,,,,,,,,,,,,,,,,,,,,,,,,,,,,,,,,,,,,,,69.86469865,1.646,78.84378844,2.396,space,2.008,,red_gnome,bright_forest,yellow_basket,0,1,1,10,1,5,0,,,,,,,,
,,,,,,,,,,,,,,,,,,,,,,,,,,,,,,,,,,,,,,,,,,,,,,,,,,,,,,,,,,,,,,,,,252089,001,2024-06-20_19h24.31.635,experiment,2023.2.3,MacIntel,71.42857143,63d13edbfc31f4ecf0122017,6674306cb0738f9af1686fa9,66747393db6ac812a4025032,,,,,,,,,,,,,,,,,,,,,,,,,,,,,,,,,,,,,,,,,,,,,,,,,,,,,,,,,,,,,,,,,,,,,,,,,,,,,,,,,,,,,,,,,,,,,,,,,,,,,,,,,,,,,,,,,,,,,,,,,,,,,,,,,,,,,,,,,,,,,,,,,,,,,,,,,,,,,,,,,,,,,,38.00738007,1.983,40.5904059,3.688,space,3.33,,green_gnome,dark_forest,red_basket,0,2,2,9,1,4,1,,,,,,,,
,,,,,,,,,,,,,,,,,,,,,,,,,,,,,,,,,,,,,,,,,,,,,,,,,,,,,,,,,,,,,,,,,252089,001,2024-06-20_19h24.31.635,experiment,2023.2.3,MacIntel,71.42857143,63d13edbfc31f4ecf0122017,6674306cb0738f9af1686fa9,66747393db6ac812a4025032,,,,,,,,,,,,,,,,,,,,,,,,,,,,,,,,,,,,,,,,,,,,,,,,,,,,,,,,,,,,,,,,,,,,,,,,,,,,,,,,,,,,,,,,,,,,,,,,,,,,,,,,,,,,,,,,,,,,,,,,,,,,,,,,,,,,,,,,,,,,,,,,,,,,,,,,,,,,,,,,,,,,,,67.40467405,3.296,77.61377614,4.227,space,3.919,,brown_gnome,dark_forest,red_basket,0,3,3,1,1,0,1,,,,,,,,
,,,,,,,,,,,,,,,,,,,,,,,,,,,,,,,,,,,,,,,,,,,,,,,,,,,,,,,,,,,,,,,,,252089,001,2024-06-20_19h24.31.635,experiment,2023.2.3,MacIntel,71.42857143,63d13edbfc31f4ecf0122017,6674306cb0738f9af1686fa9,66747393db6ac812a4025032,,,,,,,,,,,,,,,,,,,,,,,,,,,,,,,,,,,,,,,,,,,,,,,,,,,,,,,,,,,,,,,,,,,,,,,,,,,,,,,,,,,,,,,,,,,,,,,,,,,,,,,,,,,,,,,,,,,,,,,,,,,,,,,,,,,,,,,,,,,,,,,,,,,,,,,,,,,,,,,,,,,,,,41.45141451,5.428,72.9397294,6.461,space,6.158,,pink_gnome,dark_forest,red_basket,0,4,4,5,1,2,1,,,,,,,,
,,,,,,,,,,,,,,,,,,,,,,,,,,,,,,,,,,,,,,,,,,,,,,,,,,,,,,,,,,,,,,,,,252089,001,2024-06-20_19h24.31.635,experiment,2023.2.3,MacIntel,71.42857143,63d13edbfc31f4ecf0122017,6674306cb0738f9af1686fa9,66747393db6ac812a4025032,,,,,,,,,,,,,,,,,,,,,,,,,,,,,,,,,,,,,,,,,,,,,,,,,,,,,,,,,,,,,,,,,,,,,,,,,,,,,,,,,,,,,,,,,,,,,,,,,,,,,,,,,,,,,,,,,,,,,,,,,,,,,,,,,,,,,,,,,,,,,,,,,,,,,,,,,,,,,,,,,,,,,,63.96063961,1.516,77.12177122,2.202,space,1.906,,purple_gnome,dark_forest,red_basket,0,5,5,3,1,1,1,,,,,,,,
,,,,,,,,,,,,,,,,,,,,,,,,,,,,,,,,,,,,,,,,,,,,,,,,,,,,,,,,,,,,,,,,,252089,001,2024-06-20_19h24.31.635,experiment,2023.2.3,MacIntel,71.42857143,63d13edbfc31f4ecf0122017,6674306cb0738f9af1686fa9,66747393db6ac812a4025032,,,,,,,,,,,,,,,,,,,,,,,,,,,,,,,,,,,,,,,,,,,,,,,,,,,,,,,,,,,,,,,,,,,,,,,,,,,,,,,,,,,,,,,,,,,,,,,,,,,,,,,,,,,,,,,,,,,,,,,,,,,,,,,,,,,,,,,,,,,,,,,,,,,,,,,,,,,,,,,,,,,,,,27.30627306,1.24,58.05658057,2.254,space,1.892,,orange_gnome,bright_forest,yellow_basket,0,6,6,14,1,7,0,,,,,,,,
,,,,,,,,,,,,,,,,,,,,,,,,,,,,,,,,,,,,,,,,,,,,,,,,,,,,,,,,,,,,,,,,,252089,001,2024-06-20_19h24.31.635,experiment,2023.2.3,MacIntel,71.42857143,63d13edbfc31f4ecf0122017,6674306cb0738f9af1686fa9,66747393db6ac812a4025032,,,,,,,,,,,,,,,,,,,,,,,,,,,,,,,,,,,,,,,,,,,,,,,,,,,,,,,,,,,,,,,,,,,,,,,,,,,,,,,,,,,,,,,,,,,,,,,,,,,,,,,,,,,,,,,,,,,,,,,,,,,,,,,,,,,,,,,,,,,,,,,,,,,,,,,,,,,,,,,,,,,,,,38.86838868,1.455,61.74661747,2.091,space,1.727,,orange_gnome,dark_forest,red_basket,0,7,7,15,1,7,1,,,,,,,,
,,,,,,,,,,,,,,,,,,,,,,,,,,,,,,,,,,,,,,,,,,,,,,,,,,,,,,,,,,,,,,,,,252089,001,2024-06-20_19h24.31.635,experiment,2023.2.3,MacIntel,71.42857143,63d13edbfc31f4ecf0122017,6674306cb0738f9af1686fa9,66747393db6ac812a4025032,,,,,,,,,,,,,,,,,,,,,,,,,,,,,,,,,,,,,,,,,,,,,,,,,,,,,,,,,,,,,,,,,,,,,,,,,,,,,,,,,,,,,,,,,,,,,,,,,,,,,,,,,,,,,,,,,,,,,,,,,,,,,,,,,,,,,,,,,,,,,,,,,,,,,,,,,,,,,,,,,,,,,,69.61869619,2.034,32.84132841,2.848,space,2.769,,blue_gnome,dark_forest,red_basket,0,8,8,7,1,3,1,,,,,,,,
,,,,,,,,,,,,,,,,,,,,,,,,,,,,,,,,,,,,,,,,,,,,,,,,,,,,,,,,,,,,,,,,,252089,001,2024-06-20_19h24.31.635,experiment,2023.2.3,MacIntel,71.42857143,63d13edbfc31f4ecf0122017,6674306cb0738f9af1686fa9,66747393db6ac812a4025032,,,,,,,,,,,,,,,,,,,,,,,,,,,,,,,,,,,,,,,,,,,,,,,,,,,,,,,,,,,,,,,,,,,,,,,,,,,,,,,,,,,,,,,,,,,,,,,,,,,,,,,,,,,,,,,,,,,,,,,,,,,,,,,,,,,,,,,,,,,,,,,,,,,,,,,,,,,,,,,,,,,,,,64.08364084,1.653,37.76137761,2.318,space,1.983,,brown_gnome,bright_forest,yellow_basket,0,9,9,0,1,0,0,,,,,,,,
,,,,,,,,,,,,,,,,,,,,,,,,,,,,,,,,,,,,,,,,,,,,,,,,,,,,,,,,,,,,,,,,,252089,001,2024-06-20_19h24.31.635,experiment,2023.2.3,MacIntel,71.42857143,63d13edbfc31f4ecf0122017,6674306cb0738f9af1686fa9,66747393db6ac812a4025032,,,,,,,,,,,,,,,,,,,,,,,,,,,,,,,,,,,,,,,,,,,,,,,,,,,,,,,,,,,,,,,,,,,,,,,,,,,,,,,,,,,,,,,,,,,,,,,,,,,,,,,,,,,,,,,,,,,,,,,,,,,,,,,,,,,,,,,,,,,,,,,,,,,,,,,,,,,,,,,,,,,,,,66.42066421,1.384,64.57564576,1.879,space,1.628,,yellow_gnome,bright_forest,yellow_basket,0,10,10,12,1,6,0,,,,,,,,
,,,,,,,,,,,,,,,,,,,,,,,,,,,,,,,,,,,,,,,,,,,,,,,,,,,,,,,,,,,,,,,,,252089,001,2024-06-20_19h24.31.635,experiment,2023.2.3,MacIntel,71.42857143,63d13edbfc31f4ecf0122017,6674306cb0738f9af1686fa9,66747393db6ac812a4025032,,,,,,,,,,,,,,,,,,,,,,,,,,,,,,,,,,,,,,,,,,,,,,,,,,,,,,,,,,,,,,,,,,,,,,,,,,,,,,,,,,,,,,,,,,,,,,,,,,,,,,,,,,,,,,,,,,,,,,,,,,,,,,,,,,,,,,,,,,,,,,,,,,,,,,,,,,,,,,,,,,,,,,66.29766298,1.284,41.69741697,1.806,space,1.498,,red_gnome,dark_forest,red_basket,0,11,11,11,1,5,1,,,,,,,,
,,,,,,,,,,,,,,,,,,,,,,,,,,,,,,,,,,,,,,,,,,,,,,,,,,,,,,,,,,,,,,,,,252089,001,2024-06-20_19h24.31.635,experiment,2023.2.3,MacIntel,71.42857143,63d13edbfc31f4ecf0122017,6674306cb0738f9af1686fa9,66747393db6ac812a4025032,,,,,,,,,,,,,,,,,,,,,,,,,,,,,,,,,,,,,,,,,,,,,,,,,,,,,,,,,,,,,,,,,,,,,,,,,,,,,,,,,,,,,,,,,,,,,,,,,,,,,,,,,,,,,,,,,,,,,,,,,,,,,,,,,,,,,,,,,,,,,,,,,,,,,,,,,,,,,,,,,,,,,,68.63468635,1.27,65.92865929,1.821,space,1.444,,yellow_gnome,dark_forest,red_basket,0,12,12,13,1,6,1,,,,,,,,
,,,,,,,,,,,,,,,,,,,,,,,,,,,,,,,,,,,,,,,,,,,,,,,,,,,,,,,,,,,,,,,,,252089,001,2024-06-20_19h24.31.635,experiment,2023.2.3,MacIntel,71.42857143,63d13edbfc31f4ecf0122017,6674306cb0738f9af1686fa9,66747393db6ac812a4025032,,,,,,,,,,,,,,,,,,,,,,,,,,,,,,,,,,,,,,,,,,,,,,,,,,,,,,,,,,,,,,,,,,,,,,,,,,,,,,,,,,,,,,,,,,,,,,,,,,,,,,,,,,,,,,,,,,,,,,,,,,,,,,,,,,,,,,,,,,,,,,,,,,,,,,,,,,,,,,,,,,,,,,66.05166052,1.616,,,space,1.803,,blue_gnome,bright_forest,yellow_basket,0,13,13,6,1,3,0,,,,,,,,
,,,,,,,,,,,,,,,,,,,,,,,,,,,,,,,,,,,,,,,,,,,,,,,,,,,,,,,,,,,,,,,,,252089,001,2024-06-20_19h24.31.635,experiment,2023.2.3,MacIntel,71.42857143,63d13edbfc31f4ecf0122017,6674306cb0738f9af1686fa9,66747393db6ac812a4025032,,,,,,,,,,,,,,,,,,,,,,,,,,,,,,,,,,,,,,,,,,,,,,,,,,,,,,,,,,,,,,,,,,,,,,,,,,,,,,,,,,,,,,,,,,,,,,,,,,,,,,,,,,,,,,,,,,,,,,,,,,,,,,,,,,,,,,,,,,,,,,,,,,,,,,,,,,,,,,,,,,,,,,,,,,space,0.545,,green_gnome,bright_forest,yellow_basket,0,14,14,8,1,4,0,,,,,,,,
,,,,,,,,,,,,,,,,,,,,,,,,,,,,,,,,,,,,,,,,,,,,,,,,,,,,,,,,,,,,,,,,,252089,001,2024-06-20_19h24.31.635,experiment,2023.2.3,MacIntel,71.42857143,63d13edbfc31f4ecf0122017,6674306cb0738f9af1686fa9,66747393db6ac812a4025032,,,,,,,,,,,,,,,,,,,,,,,,,,,,,,,,,,,,,,,,,,,,,,,,,,,,,,,,,,,,,,,,,,,,,,,,,,,,,,,,,,,,,,,,,,,,,,,,,,,,,,,,,,,,,,,,,,,,,,,,,,,,,,,,,,,,,,,,,,,,,,,,,,,,,,,,,,,,,,,,,,,,,,13.89913899,1.96,12.79212792,3.173,space,2.794,,purple_gnome,bright_forest,yellow_basket,0,15,15,2,1,1,0,,,,,,,,
,,,,,,,,,,,,,,,,,,,,,,,,,,,,,,,,,,,,,,,,,,,,,,,,,,,,,,,,,,,,,,,,,252089,001,2024-06-20_19h24.31.635,experiment,2023.2.3,MacIntel,71.42857143,63d13edbfc31f4ecf0122017,6674306cb0738f9af1686fa9,66747393db6ac812a4025032,,,,,,,,,,,,,,,,,,,,,,,,,,,,,,,,,,,,,,,,,,,,,,,,,,,,,,,,,,,,,,,,,,,,,,,,,,,,,,,,,,,,,,,,,,,,,,,,,,,,,,,,,,,,,,,,,,,,,,,,,,,,,,,,,,,,,,,,,,,,,,,,,,,,,,,,,,,,,,,,,,,,,,,,,,,,,,,,,,,,,,,space,18.57,,0,0,0,0,1