parent_PID,stim1_name,stim1_file,stim1_pair,stim1_deact_file,stim1_step2_name,stim1_step2_file,stim1_step2_basket_name,stim1_step2_basket_file,stim2_name,stim2_file,stim2_pair,stim2_deact_file,stim2_step2_name,stim2_step2_file,stim2_step2_basket_name,stim2_step2_basket_file,stim3_name,stim3_file,stim3_pair,stim3_deact_file,stim3_step2_name,stim3_step2_file,stim3_step2_basket_name,stim3_step2_basket_file,stim4_name,stim4_file,stim4_pair,stim4_deact_file,stim4_step2_name,stim4_step2_file,stim4_step2_basket_name,stim4_step2_basket_file,participant,session,date,expName,psychopyVersion,OS,frameRate,PROLIFIC_PID,STUDY_ID,SESSION_ID,consent_keyresp.keys,consent_keyresp.rt,consent_keyresp.duration,global_instructions1_key.keys,global_instructions1_key.rt,global_instructions1_key.duration,global_instructions2_key.keys,global_instructions2_key.rt,global_instructions2_key.duration,global_instructions3_key.keys,global_instructions3_key.rt,global_instructions3_key.duration,global_instructions4_key.keys,global_instructions4_key.rt,global_instructions4_key.duration,global_instructions5_key.keys,global_instructions5_key.rt,global_instructions5_key.duration,p_fixation_2.started,p_fixation_2.stopped,p_step1_keyresp.keys,p_failStep1_keyresp.keys,p_failStep1_keyresp.rt,p_failStep1_keyresp.duration,p_step1_pair_index,p_step1_stimLeft_name,p_step1_stimLeft_pair,p_step1_stimLeft_reward,p_step1_stimLeft_step2Stim,p_step1_stimLeft_step2Basket,p_step1_stimRight_name,p_step1_stimRight_pair,p_step1_stimRight_reward,p_step1_stimRight_step2Stim,p_step1_stimRight_step2Basket,p_points,p_fail_step1,p_fail_step2,p_reward_flag,p_step1_choice,p_step2_stim,p_step2_basket,p_score,practice.thisRepN,practice.thisTrialN,practice.thisN,practice.thisIndex,practice.ran,pair_index,p_step1_keyresp.rt,p_step1_keyresp.duration,p_step2_keyresp.keys,p_failStep2_keyresp.keys,p_failStep2_keyresp.rt,p_failStep2_keyresp.duration,p_step2_keyresp.rt,p_step2_keyresp.duration,t_instructions_keyresp.keys,t_instructions_keyresp.rt,t_instructions_keyresp.duration,t_advice_reading.started,t_advice_reading.stopped,t_advice_mouse.x,t_advice_mouse.y,t_advice_mouse.leftButton,t_advice_mouse.midButton,t_advice_mouse.rightButton,t_advice_mouse.time,t_advice_mouse.clicked_name,t_instructions_2_keyresp.keys,t_instructions_2_keyresp.rt,t_instructions_2_keyresp.duration,t_start.started,t_start.stopped,t_step1_keyresp.keys,t_step1_keyresp.rt,t_step1_keyresp.duration,t_step2_keyresp.keys,t_step2_keyresp.rt,t_step2_keyresp.duration,t_step1_pair_index,t_step1_stimLeft_name,t_step1_stimLeft_pair,t_step1_stimLeft_reward,t_step1_stimLeft_step2Stim,t_step1_stimLeft_step2Basket,t_step1_stimRight_name,t_step1_stimRight_pair,t_step1_stimRight_reward,t_step1_stimRight_step2Stim,t_step1_stimRight_step2Basket,t_points,t_fail_step1,t_fail_step2,t_reward_flag,t_step1_choice,t_step2_stim,t_step2_basket,globa_score,t_data_stimWalk0,t_data_stimWalk1,trials.thisRepN,trials.thisTrialN,trials.thisN,trials.thisIndex,trials.ran,pl_global_instructions_keyresp.keys,pl_global_instructions_keyresp.rt,pl_global_instructions_keyresp.duration,vb_instructions_keyresp.keys,vb_instructions_keyresp.rt,vb_instructions_keyresp.duration,vb_instructions_2_keyresp.keys,vb_instructions_2_keyresp.rt,vb_instructions_2_keyresp.duration,vb_textbox.text,vb_mouse.x,vb_mouse.y,vb_mouse.leftButton,vb_mouse.midButton,vb_mouse.rightButton,vb_mouse.time,vb_mouse.clicked_name,pl1_instructions1_keyresp.keys,pl1_instructions1_keyresp.rt,pl1_instructions1_keyresp.duration,pl1_instructions2_keyresp.keys,pl1_instructions2_keyresp.rt,pl1_instructions2_keyresp.duration,pl1_instructions3_keyresp.keys,pl1_instructions3_keyresp.rt,pl1_instructions3_keyresp.duration,pl1_instructions4_keyresp.keys,pl1_instructions4_keyresp.rt,pl1_instructions4_keyresp.duration,pl1_task_lickert.response,pl1_task_lickert.rt,pl1_task_confidence_lickert.response,pl1_task_confidence_lickert.rt,pl1_task_keyresp.keys,pl1_task_keyresp.rt,pl1_task_keyresp.duration,pl1_task_stimLeft,pl1_task_stimRight,pl1_loop.thisRepN,pl1_loop.thisTrialN,pl1_loop.thisN,pl1_loop.thisIndex,pl1_loop.ran,stimLeft_index,stimRight_index,pl2_instructions_keyresp.keys,pl2_instructions_keyresp.rt,pl2_instructions_keyresp.duration,pl2_task_lickert.response,pl2_task_lickert.rt,pl2_task_confidence_lickert.response,pl2_task_confidence_lickert.rt,pl2_task_keyresp.keys,pl2_task_keyresp.rt,pl2_task_keyresp.duration,pl2_task_gnome,pl2_task_forest,pl2_task_basket,pl2_loop.thisRepN,pl2_loop.thisTrialN,pl2_loop.thisN,pl2_loop.thisIndex,pl2_loop.ran,gnome_id,forest_id,pl3_instructions_keyresp.keys,pl3_instructions_keyresp.rt,pl3_instructions_keyresp.duration,pl3_task_lickert.response,pl3_task_lickert.rt,pl3_task_keyresp.keys,pl3_task_keyresp.rt,pl3_task_keyresp.duration,pl3_task_confidence_lickert.response,pl3_task_confidence_lickert.rt,pl3_task_stimLeftBg,pl3_task_stimRightBg,pl3_task_stimLeft,pl3_task_stimRight,pl3_loop.thisRepN,pl3_loop.thisTrialN,pl3_loop.thisN,pl3_loop.thisIndex,pl3_loop.ran,pl4_instructions_keyresp.keys,pl4_instructions_keyresp.rt,pl4_instructions_keyresp.duration,pl4_task_lickert.response,pl4_task_lickert.rt,pl4_task_keyresp.keys,pl4_task_keyresp.rt,pl4_task_keyresp.duration,pl4_task_confidence_lickert.response,pl4_task_confidence_lickert.rt,pl4_task_stimLeft,pl4_task_stimRight,pl4_loop.thisRepN,pl4_loop.thisTrialN,pl4_loop.thisN,pl4_loop.thisIndex,pl4_loop.ran,end_keyresp.keys,end_keyresp.rt,end_keyresp.duration,show_trials.thisRepN,show_trials.thisTrialN,show_trials.thisN,show_trials.thisIndex,show_trials.ran
62851102d56842a48361f9d4,brown_gnomes,ressources/step1_stim1.png,2,ressources/step1_stim1_deact.png,bright_forest,ressources/step2_background1.png,yellow_basket,ressources/step2_stim1.png,purple_gnome,ressources/step1_stim2.png,2,ressources/step1_stim2_deact.png,dark_forest,ressources/step2_background2.png,red_basket,ressources/step2_stim2.png,red_gnome,ressources/step1_stim3.png,1,ressources/step1_stim3_deact.png,dark_forest,ressources/step2_background2.png,red_basket,ressources/step2_stim2.png,green_gnome,ressources/step1_stim4.png,1,ressources/step1_stim4_deact.png,bright_forest,ressources/step2_background1.png,yellow_basket,ressources/step2_stim1.png,463240,001,2024-02-22_11h53.33.211,experiment,2023.2.3,Win32,9.606147935,60f7588f01034ba56ee4ceae,65d7a31eda617eb71947213c,65d7a5ac84b61725dc7d9bb6,,,,,,,,,,,,,,,,,,,,,,,,,,,,,,,,,,,,,,,,,,,,,,,,,,,,,,,,,,,,,,,,,,,,,,,,,,,,,,,,,,,,,,,,,,,,,,,,,,,,,,,,,,,,,,,,,,,,,,,,,,,,,,,,,,,,,,,,,,,,,,,,,,,,,,,,,,,,,,,,,,,,,,,,,,,,,,,,,,,,,,,,,,,,,,,,,,,,,,,,,,,,,,,,,,,,,,,
,,,,,,,,,,,,,,,,,,,,,,,,,,,,,,,,,463240,001,2024-02-22_11h53.33.211,experiment,2023.2.3,Win32,9.606147935,60f7588f01034ba56ee4ceae,65d7a31eda617eb71947213c,65d7a5ac84b61725dc7d9bb6,y,16.8858,,,,,,,,,,,,,,,,,,,,,,,,,,,,,,,,,,,,,,,,,,,,,,,,,,,,,,,,,,,,,,,,,,,,,,,,,,,,,,,,,,,,,,,,,,,,,,,,,,,,,,,,,,,,,,,,,,,,,,,,,,,,,,,,,,,,,,,,,,,,,,,,,,,,,,,,,,,,,,,,,,,,,,,,,,,,,,,,,,,,,,,,,,,,,,,,,,,,,,,,,,,,,,,,,,,,,
,,,,,,,,,,,,,,,,,,,,,,,,,,,,,,,,,463240,001,2024-02-22_11h53.33.211,experiment,2023.2.3,Win32,9.606147935,60f7588f01034ba56ee4ceae,65d7a31eda617eb71947213c,65d7a5ac84b61725dc7d9bb6,,,,space,4.6544,,space,12.4654,0.0002,space,11.4209,,space,13.3282,,space,13.367,,73.6538,74.1911,,space,10.5418,0.0002,1,p_blue_gnome,1,5,p_yellow_forest,p_green_basket,p_orange_gnome,1,0,p_green_forest,p_blue_basket,0,1,0,0,,,,0,0,0,0,0,1,1,,,,,,,,,,,,,,,,,,,,,,,,,,,,,,,,,,,,,,,,,,,,,,,,,,,,,,,,,,,,,,,,,,,,,,,,,,,,,,,,,,,,,,,,,,,,,,,,,,,,,,,,,,,,,,,,,,,,,,,,,,,,,,,,,,,,,,,,,,,,,,,,,,,,,,,,,,,,,,,,,,,,,,
,,,,,,,,,,,,,,,,,,,,,,,,,,,,,,,,,463240,001,2024-02-22_11h53.33.211,experiment,2023.2.3,Win32,9.606147935,60f7588f01034ba56ee4ceae,65d7a31eda617eb71947213c,65d7a5ac84b61725dc7d9bb6,,,,,,,,,,,,,,,,,,,86.1356,86.7795,s,,,,1,p_blue_gnome,1,5,p_yellow_forest,p_green_basket,p_orange_gnome,1,0,p_green_forest,p_blue_basket,0,0,1,0,p_blue_gnome,p_yellow_forest,p_green_basket,0,0,1,1,0,1,1,1.0318,,,space,3.3075,,,,,,,,,,,,,,,,,,,,,,,,,,,,,,,,,,,,,,,,,,,,,,,,,,,,,,,,,,,,,,,,,,,,,,,,,,,,,,,,,,,,,,,,,,,,,,,,,,,,,,,,,,,,,,,,,,,,,,,,,,,,,,,,,,,,,,,,,,,,,,,,,,,,,,,,,,,,,,,,,
,,,,,,,,,,,,,,,,,,,,,,,,,,,,,,,,,463240,001,2024-02-22_11h53.33.211,experiment,2023.2.3,Win32,9.606147935,60f7588f01034ba56ee4ceae,65d7a31eda617eb71947213c,65d7a5ac84b61725dc7d9bb6,,,,,,,,,,,,,,,,,,,92.9971,93.6395,s,,,,2,p_pink_gnome,2,6,p_yellow_forest,p_green_basket,p_green_gnome,2,1,p_green_forest,p_blue_basket,6,0,0,1,p_pink_gnome,p_yellow_forest,p_green_basket,6,1,0,2,1,1,2,0.9232,0.0001,space,,,,1.1831,0.0001,,,,,,,,,,,,,,,,,,,,,,,,,,,,,,,,,,,,,,,,,,,,,,,,,,,,,,,,,,,,,,,,,,,,,,,,,,,,,,,,,,,,,,,,,,,,,,,,,,,,,,,,,,,,,,,,,,,,,,,,,,,,,,,,,,,,,,,,,,,,,,,,,,,,,,,,,,,,,,
,,,,,,,,,,,,,,,,,,,,,,,,,,,,,,,,,463240,001,2024-02-22_11h53.33.211,experiment,2023.2.3,Win32,9.606147935,60f7588f01034ba56ee4ceae,65d7a31eda617eb71947213c,65d7a5ac84b61725dc7d9bb6,,,,,,,,,,,,,,,,,,,98.6725,99.313,s,,,,1,p_blue_gnome,1,6,p_yellow_forest,p_green_basket,p_orange_gnome,1,1,p_green_forest,p_blue_basket,6,0,0,1,p_blue_gnome,p_yellow_forest,p_green_basket,12,1,1,3,0,1,1,0.7114,0.0002,space,,,,0.1729,0.0003,,,,,,,,,,,,,,,,,,,,,,,,,,,,,,,,,,,,,,,,,,,,,,,,,,,,,,,,,,,,,,,,,,,,,,,,,,,,,,,,,,,,,,,,,,,,,,,,,,,,,,,,,,,,,,,,,,,,,,,,,,,,,,,,,,,,,,,,,,,,,,,,,,,,,,,,,,,,,,
,,,,,,,,,,,,,,,,,,,,,,,,,,,,,,,,,463240,001,2024-02-22_11h53.33.211,experiment,2023.2.3,Win32,9.606147935,60f7588f01034ba56ee4ceae,65d7a31eda617eb71947213c,65d7a5ac84b61725dc7d9bb6,,,,,,,,,,,,,,,,,,,104.1691,104.8172,s,,,,1,p_blue_gnome,1,7,p_yellow_forest,p_green_basket,p_orange_gnome,1,2,p_green_forest,p_blue_basket,7,0,0,1,p_blue_gnome,p_yellow_forest,p_green_basket,19,2,0,4,0,1,1,0.1983,0.0002,space,,,,0.1727,0.0003,,,,,,,,,,,,,,,,,,,,,,,,,,,,,,,,,,,,,,,,,,,,,,,,,,,,,,,,,,,,,,,,,,,,,,,,,,,,,,,,,,,,,,,,,,,,,,,,,,,,,,,,,,,,,,,,,,,,,,,,,,,,,,,,,,,,,,,,,,,,,,,,,,,,,,,,,,,,,,
,,,,,,,,,,,,,,,,,,,,,,,,,,,,,,,,,463240,001,2024-02-22_11h53.33.211,experiment,2023.2.3,Win32,9.606147935,60f7588f01034ba56ee4ceae,65d7a31eda617eb71947213c,65d7a5ac84b61725dc7d9bb6,,,,,,,,,,,,,,,,,,,109.6892,110.3299,s,,,,2,p_green_gnome,2,2,p_green_forest,p_blue_basket,p_pink_gnome,2,7,p_yellow_forest,p_green_basket,2,0,0,1,p_green_gnome,p_green_forest,p_blue_basket,21,2,1,5,1,1,2,1.0345,,space,,,,0.3485,,,,,,,,,,,,,,,,,,,,,,,,,,,,,,,,,,,,,,,,,,,,,,,,,,,,,,,,,,,,,,,,,,,,,,,,,,,,,,,,,,,,,,,,,,,,,,,,,,,,,,,,,,,,,,,,,,,,,,,,,,,,,,,,,,,,,,,,,,,,,,,,,,,,,,,,,,,,,,,
,,,,,,,,,,,,,,,,,,,,,,,,,,,,,,,,,463240,001,2024-02-22_11h53.33.211,experiment,2023.2.3,Win32,9.606147935,60f7588f01034ba56ee4ceae,65d7a31eda617eb71947213c,65d7a5ac84b61725dc7d9bb6,,,,,,,,,,,,,,,,,,,115.1431,115.7792,s,,,,1,p_blue_gnome,1,8,p_yellow_forest,p_green_basket,p_orange_gnome,1,3,p_green_forest,p_blue_basket,8,0,0,1,p_blue_gnome,p_yellow_forest,p_green_basket,29,3,0,6,0,1,1,0.8685,,space,,,,0.1721,0.0002,,,,,,,,,,,,,,,,,,,,,,,,,,,,,,,,,,,,,,,,,,,,,,,,,,,,,,,,,,,,,,,,,,,,,,,,,,,,,,,,,,,,,,,,,,,,,,,,,,,,,,,,,,,,,,,,,,,,,,,,,,,,,,,,,,,,,,,,,,,,,,,,,,,,,,,,,,,,,,
,,,,,,,,,,,,,,,,,,,,,,,,,,,,,,,,,463240,001,2024-02-22_11h53.33.211,experiment,2023.2.3,Win32,9.606147935,60f7588f01034ba56ee4ceae,65d7a31eda617eb71947213c,65d7a5ac84b61725dc7d9bb6,,,,,,,,,,,,,,,,,,,120.7581,121.3997,s,,,,2,p_pink_gnome,2,8,p_yellow_forest,p_green_basket,p_green_gnome,2,3,p_green_forest,p_blue_basket,0,0,1,0,p_pink_gnome,p_yellow_forest,p_green_basket,29,3,1,7,1,1,2,1.0395,0.0003,,space,0.9305,,,,,,,,,,,,,,,,,,,,,,,,,,,,,,,,,,,,,,,,,,,,,,,,,,,,,,,,,,,,,,,,,,,,,,,,,,,,,,,,,,,,,,,,,,,,,,,,,,,,,,,,,,,,,,,,,,,,,,,,,,,,,,,,,,,,,,,,,,,,,,,,,,,,,,,,,,,,,,,,,
,,,,,,,,,,,,,,,,,,,,,,,,,,,,,,,,,463240,001,2024-02-22_11h53.33.211,experiment,2023.2.3,Win32,9.606147935,60f7588f01034ba56ee4ceae,65d7a31eda617eb71947213c,65d7a5ac84b61725dc7d9bb6,,,,,,,,,,,,,,,,,,,125.2318,125.8763,s,,,,2,p_green_gnome,2,4,p_green_forest,p_blue_basket,p_pink_gnome,2,9,p_yellow_forest,p_green_basket,4,0,0,1,p_green_gnome,p_green_forest,p_blue_basket,33,4,0,8,1,1,2,0.8671,,space,,,,0.1715,0.0002,,,,,,,,,,,,,,,,,,,,,,,,,,,,,,,,,,,,,,,,,,,,,,,,,,,,,,,,,,,,,,,,,,,,,,,,,,,,,,,,,,,,,,,,,,,,,,,,,,,,,,,,,,,,,,,,,,,,,,,,,,,,,,,,,,,,,,,,,,,,,,,,,,,,,,,,,,,,,,
,,,,,,,,,,,,,,,,,,,,,,,,,,,,,,,,,463240,001,2024-02-22_11h53.33.211,experiment,2023.2.3,Win32,9.606147935,60f7588f01034ba56ee4ceae,65d7a31eda617eb71947213c,65d7a5ac84b61725dc7d9bb6,,,,,,,,,,,,,,,,,,,130.7031,131.3447,k,,,,2,p_pink_gnome,2,9,p_yellow_forest,p_green_basket,p_green_gnome,2,4,p_green_forest,p_blue_basket,4,0,0,1,p_green_gnome,p_green_forest,p_blue_basket,37,4,1,9,1,1,2,1.2005,0.0002,space,,,,0.1722,0.0001,,,,,,,,,,,,,,,,,,,,,,,,,,,,,,,,,,,,,,,,,,,,,,,,,,,,,,,,,,,,,,,,,,,,,,,,,,,,,,,,,,,,,,,,,,,,,,,,,,,,,,,,,,,,,,,,,,,,,,,,,,,,,,,,,,,,,,,,,,,,,,,,,,,,,,,,,,,,,,
,,,,,,,,,,,,,,,,,,,,,,,,,,,,,,,,,463240,001,2024-02-22_11h53.33.211,experiment,2023.2.3,Win32,9.606147935,60f7588f01034ba56ee4ceae,65d7a31eda617eb71947213c,65d7a5ac84b61725dc7d9bb6,,,,,,,,,,,,,,,,,,,,,,,,,,,,,,,,,,,,,,,,,,,,,,,,,2,,,,,,,,,space,6.1771,,142.6465,163.8397,0.734722222,-0.377314843,1,0,0,21.1823,t_advice_finished_typing_rect,space,1.2937,,166.6366,166.6367,s,0.5484,,space,0.2806,0.0002,2,brown_gnomes,2,3,bright_forest,yellow_basket,purple_gnome,2,8,dark_forest,red_basket,3,0,0,1,brown_gnomes,bright_forest,yellow_basket,3,-3,0,0,0,0,1,1,,,,,,,,,,,,,,,,,,,,,,,,,,,,,,,,,,,,,,,,,,,,,,,,,,,,,,,,,,,,,,,,,,,,,,,,,,,,,,,,,,,,,,,,,,,,,,,,,,,,,,,,,,,,,
,,,,,,,,,,,,,,,,,,,,,,,,,,,,,,,,,463240,001,2024-02-22_11h53.33.211,experiment,2023.2.3,Win32,9.606147935,60f7588f01034ba56ee4ceae,65d7a31eda617eb71947213c,65d7a5ac84b61725dc7d9bb6,,,,,,,,,,,,,,,,,,,,,,,,,,,,,,,,,,,,,,,,,,,,,,,,,1,,,,,,,,,,,,,,,,,,,,,,,,,,s,0.2084,0.0002,space,0.1849,0.0003,1,red_gnome,1,8,dark_forest,red_basket,green_gnome,1,0,bright_forest,yellow_basket,8,0,0,1,red_gnome,dark_forest,red_basket,11,-1,0,0,1,1,0,1,,,,,,,,,,,,,,,,,,,,,,,,,,,,,,,,,,,,,,,,,,,,,,,,,,,,,,,,,,,,,,,,,,,,,,,,,,,,,,,,,,,,,,,,,,,,,,,,,,,,,,,,,,,,,
,,,,,,,,,,,,,,,,,,,,,,,,,,,,,,,,,463240,001,2024-02-22_11h53.33.211,experiment,2023.2.3,Win32,9.606147935,60f7588f01034ba56ee4ceae,65d7a31eda617eb71947213c,65d7a5ac84b61725dc7d9bb6,,,,,,,,,,,,,,,,,,,,,,,,,,,,,,,,,,,,,,,,,,,,,,,,,2,,,,,,,,,,,,,,,,,,,,,,,,,,k,1.2036,0.0001,space,0.1991,0.0003,2,purple_gnome,2,8,dark_forest,red_basket,brown_gnomes,2,1,bright_forest,yellow_basket,1,0,0,1,brown_gnomes,bright_forest,yellow_basket,12,2,-2,1,0,2,1,1,,,,,,,,,,,,,,,,,,,,,,,,,,,,,,,,,,,,,,,,,,,,,,,,,,,,,,,,,,,,,,,,,,,,,,,,,,,,,,,,,,,,,,,,,,,,,,,,,,,,,,,,,,,,,
,,,,,,,,,,,,,,,,,,,,,,,,,,,,,,,,,463240,001,2024-02-22_11h53.33.211,experiment,2023.2.3,Win32,9.606147935,60f7588f01034ba56ee4ceae,65d7a31eda617eb71947213c,65d7a5ac84b61725dc7d9bb6,,,,,,,,,,,,,,,,,,,,,,,,,,,,,,,,,,,,,,,,,,,,,,,,,1,,,,,,,,,,,,,,,,,,,,,,,,,,s,1.0345,,space,0.1713,0.0002,1,red_gnome,1,6,dark_forest,red_basket,green_gnome,1,3,bright_forest,yellow_basket,6,0,0,1,red_gnome,dark_forest,red_basket,18,-1,-2,1,1,3,0,1,,,,,,,,,,,,,,,,,,,,,,,,,,,,,,,,,,,,,,,,,,,,,,,,,,,,,,,,,,,,,,,,,,,,,,,,,,,,,,,,,,,,,,,,,,,,,,,,,,,,,,,,,,,,,
,,,,,,,,,,,,,,,,,,,,,,,,,,,,,,,,,463240,001,2024-02-22_11h53.33.211,experiment,2023.2.3,Win32,9.606147935,60f7588f01034ba56ee4ceae,65d7a31eda617eb71947213c,65d7a5ac84b61725dc7d9bb6,,,,,,,,,,,,,,,,,,,,,,,,,,,,,,,,,,,,,,,,,,,,,,,,,2,,,,,,,,,,,,,,,,,,,,,,,,,,k,1.0324,0.0002,space,0.17,0.0001,2,brown_gnomes,2,2,bright_forest,yellow_basket,purple_gnome,2,4,dark_forest,red_basket,4,0,0,1,purple_gnome,dark_forest,red_basket,22,4,-2,2,0,4,1,1,,,,,,,,,,,,,,,,,,,,,,,,,,,,,,,,,,,,,,,,,,,,,,,,,,,,,,,,,,,,,,,,,,,,,,,,,,,,,,,,,,,,,,,,,,,,,,,,,,,,,,,,,,,,,
,,,,,,,,,,,,,,,,,,,,,,,,,,,,,,,,,463240,001,2024-02-22_11h53.33.211,experiment,2023.2.3,Win32,9.606147935,60f7588f01034ba56ee4ceae,65d7a31eda617eb71947213c,65d7a5ac84b61725dc7d9bb6,,,,,,,,,,,,,,,,,,,,,,,,,,,,,,,,,,,,,,,,,,,,,,,,,1,,,,,,,,,,,,,,,,,,,,,,,,,,s,0.6936,,space,0.1726,0.0003,1,red_gnome,1,2,dark_forest,red_basket,green_gnome,1,6,bright_forest,yellow_basket,2,0,0,1,red_gnome,dark_forest,red_basket,24,-1,-1,2,1,5,0,1,,,,,,,,,,,,,,,,,,,,,,,,,,,,,,,,,,,,,,,,,,,,,,,,,,,,,,,,,,,,,,,,,,,,,,,,,,,,,,,,,,,,,,,,,,,,,,,,,,,,,,,,,,,,,
,,,,,,,,,,,,,,,,,,,,,,,,,,,,,,,,,463240,001,2024-02-22_11h53.33.211,experiment,2023.2.3,Win32,9.606147935,60f7588f01034ba56ee4ceae,65d7a31eda617eb71947213c,65d7a5ac84b61725dc7d9bb6,,,,,,,,,,,,,,,,,,,,,,,,,,,,,,,,,,,,,,,,,,,,,,,,,1,,,,,,,,,,,,,,,,,,,,,,,,,,k,1.0315,,space,0.1976,0.0002,1,red_gnome,1,1,dark_forest,red_basket,green_gnome,1,5,bright_forest,yellow_basket,5,0,0,1,green_gnome,bright_forest,yellow_basket,29,1,1,3,0,6,0,1,,,,,,,,,,,,,,,,,,,,,,,,,,,,,,,,,,,,,,,,,,,,,,,,,,,,,,,,,,,,,,,,,,,,,,,,,,,,,,,,,,,,,,,,,,,,,,,,,,,,,,,,,,,,,
,,,,,,,,,,,,,,,,,,,,,,,,,,,,,,,,,463240,001,2024-02-22_11h53.33.211,experiment,2023.2.3,Win32,9.606147935,60f7588f01034ba56ee4ceae,65d7a31eda617eb71947213c,65d7a5ac84b61725dc7d9bb6,,,,,,,,,,,,,,,,,,,,,,,,,,,,,,,,,,,,,,,,,,,,,,,,,1,,,,,,,,,,,,,,,,,,,,,,,,,,s,1.3589,,space,0.2021,0.0002,1,green_gnome,1,6,bright_forest,yellow_basket,red_gnome,1,2,dark_forest,red_basket,6,0,0,1,green_gnome,bright_forest,yellow_basket,35,-2,0,3,1,7,0,1,,,,,,,,,,,,,,,,,,,,,,,,,,,,,,,,,,,,,,,,,,,,,,,,,,,,,,,,,,,,,,,,,,,,,,,,,,,,,,,,,,,,,,,,,,,,,,,,,,,,,,,,,,,,,
,,,,,,,,,,,,,,,,,,,,,,,,,,,,,,,,,463240,001,2024-02-22_11h53.33.211,experiment,2023.2.3,Win32,9.606147935,60f7588f01034ba56ee4ceae,65d7a31eda617eb71947213c,65d7a5ac84b61725dc7d9bb6,,,,,,,,,,,,,,,,,,,,,,,,,,,,,,,,,,,,,,,,,,,,,,,,,2,,,,,,,,,,,,,,,,,,,,,,,,,,k,0.8647,,space,0.1705,,2,brown_gnomes,2,4,bright_forest,yellow_basket,purple_gnome,2,2,dark_forest,red_basket,2,0,0,1,purple_gnome,dark_forest,red_basket,37,1,-2,4,0,8,1,1,,,,,,,,,,,,,,,,,,,,,,,,,,,,,,,,,,,,,,,,,,,,,,,,,,,,,,,,,,,,,,,,,,,,,,,,,,,,,,,,,,,,,,,,,,,,,,,,,,,,,,,,,,,,,
,,,,,,,,,,,,,,,,,,,,,,,,,,,,,,,,,463240,001,2024-02-22_11h53.33.211,experiment,2023.2.3,Win32,9.606147935,60f7588f01034ba56ee4ceae,65d7a31eda617eb71947213c,65d7a5ac84b61725dc7d9bb6,,,,,,,,,,,,,,,,,,,,,,,,,,,,,,,,,,,,,,,,,,,,,,,,,2,,,,,,,,,,,,,,,,,,,,,,,,,,s,1.0328,0.0002,space,0.2015,0.0001,2,brown_gnomes,2,5,bright_forest,yellow_basket,purple_gnome,2,0,dark_forest,red_basket,5,0,0,1,brown_gnomes,bright_forest,yellow_basket,42,0,0,4,1,9,1,1,,,,,,,,,,,,,,,,,,,,,,,,,,,,,,,,,,,,,,,,,,,,,,,,,,,,,,,,,,,,,,,,,,,,,,,,,,,,,,,,,,,,,,,,,,,,,,,,,,,,,,,,,,,,,
,,,,,,,,,,,,,,,,,,,,,,,,,,,,,,,,,463240,001,2024-02-22_11h53.33.211,experiment,2023.2.3,Win32,9.606147935,60f7588f01034ba56ee4ceae,65d7a31eda617eb71947213c,65d7a5ac84b61725dc7d9bb6,,,,,,,,,,,,,,,,,,,,,,,,,,,,,,,,,,,,,,,,,,,,,,,,,1,,,,,,,,,,,,,,,,,,,,,,,,,,s,1.0323,,space,0.1703,0.0002,1,red_gnome,1,0,dark_forest,red_basket,green_gnome,1,5,bright_forest,yellow_basket,0,0,0,1,red_gnome,dark_forest,red_basket,42,0,4,5,0,10,0,1,,,,,,,,,,,,,,,,,,,,,,,,,,,,,,,,,,,,,,,,,,,,,,,,,,,,,,,,,,,,,,,,,,,,,,,,,,,,,,,,,,,,,,,,,,,,,,,,,,,,,,,,,,,,,
,,,,,,,,,,,,,,,,,,,,,,,,,,,,,,,,,463240,001,2024-02-22_11h53.33.211,experiment,2023.2.3,Win32,9.606147935,60f7588f01034ba56ee4ceae,65d7a31eda617eb71947213c,65d7a5ac84b61725dc7d9bb6,,,,,,,,,,,,,,,,,,,,,,,,,,,,,,,,,,,,,,,,,,,,,,,,,1,,,,,,,,,,,,,,,,,,,,,,,,,,k,1.0338,,space,0.1716,0.0001,1,green_gnome,1,5,bright_forest,yellow_basket,red_gnome,1,4,dark_forest,red_basket,4,0,0,1,red_gnome,dark_forest,red_basket,46,-1,3,5,1,11,0,1,,,,,,,,,,,,,,,,,,,,,,,,,,,,,,,,,,,,,,,,,,,,,,,,,,,,,,,,,,,,,,,,,,,,,,,,,,,,,,,,,,,,,,,,,,,,,,,,,,,,,,,,,,,,,
,,,,,,,,,,,,,,,,,,,,,,,,,,,,,,,,,463240,001,2024-02-22_11h53.33.211,experiment,2023.2.3,Win32,9.606147935,60f7588f01034ba56ee4ceae,65d7a31eda617eb71947213c,65d7a5ac84b61725dc7d9bb6,,,,,,,,,,,,,,,,,,,,,,,,,,,,,,,,,,,,,,,,,,,,,,,,,2,,,,,,,,,,,,,,,,,,,,,,,,,,s,0.6919,,space,0.1973,0.0003,2,brown_gnomes,2,4,bright_forest,yellow_basket,purple_gnome,2,7,dark_forest,red_basket,4,0,0,1,brown_gnomes,bright_forest,yellow_basket,50,2,0,6,0,12,1,1,,,,,,,,,,,,,,,,,,,,,,,,,,,,,,,,,,,,,,,,,,,,,,,,,,,,,,,,,,,,,,,,,,,,,,,,,,,,,,,,,,,,,,,,,,,,,,,,,,,,,,,,,,,,,
,,,,,,,,,,,,,,,,,,,,,,,,,,,,,,,,,463240,001,2024-02-22_11h53.33.211,experiment,2023.2.3,Win32,9.606147935,60f7588f01034ba56ee4ceae,65d7a31eda617eb71947213c,65d7a5ac84b61725dc7d9bb6,,,,,,,,,,,,,,,,,,,,,,,,,,,,,,,,,,,,,,,,,,,,,,,,,1,,,,,,,,,,,,,,,,,,,,,,,,,,k,1.0286,0.0002,space,0.1709,0.0002,1,green_gnome,1,6,bright_forest,yellow_basket,red_gnome,1,7,dark_forest,red_basket,7,0,0,1,red_gnome,dark_forest,red_basket,57,-2,0,6,1,13,0,1,,,,,,,,,,,,,,,,,,,,,,,,,,,,,,,,,,,,,,,,,,,,,,,,,,,,,,,,,,,,,,,,,,,,,,,,,,,,,,,,,,,,,,,,,,,,,,,,,,,,,,,,,,,,,
,,,,,,,,,,,,,,,,,,,,,,,,,,,,,,,,,463240,001,2024-02-22_11h53.33.211,experiment,2023.2.3,Win32,9.606147935,60f7588f01034ba56ee4ceae,65d7a31eda617eb71947213c,65d7a5ac84b61725dc7d9bb6,,,,,,,,,,,,,,,,,,,,,,,,,,,,,,,,,,,,,,,,,,,,,,,,,1,,,,,,,,,,,,,,,,,,,,,,,,,,k,1.0421,0.0002,space,0.1716,0.0001,1,green_gnome,1,4,bright_forest,yellow_basket,red_gnome,1,7,dark_forest,red_basket,7,0,0,1,red_gnome,dark_forest,red_basket,64,1,0,7,0,14,0,1,,,,,,,,,,,,,,,,,,,,,,,,,,,,,,,,,,,,,,,,,,,,,,,,,,,,,,,,,,,,,,,,,,,,,,,,,,,,,,,,,,,,,,,,,,,,,,,,,,,,,,,,,,,,,
,,,,,,,,,,,,,,,,,,,,,,,,,,,,,,,,,463240,001,2024-02-22_11h53.33.211,experiment,2023.2.3,Win32,9.606147935,60f7588f01034ba56ee4ceae,65d7a31eda617eb71947213c,65d7a5ac84b61725dc7d9bb6,,,,,,,,,,,,,,,,,,,,,,,,,,,,,,,,,,,,,,,,,,,,,,,,,1,,,,,,,,,,,,,,,,,,,,,,,,,,s,1.0358,,space,0.1757,0.0001,1,red_gnome,1,7,dark_forest,red_basket,green_gnome,1,5,bright_forest,yellow_basket,7,0,0,1,red_gnome,dark_forest,red_basket,71,-1,1,7,1,15,0,1,,,,,,,,,,,,,,,,,,,,,,,,,,,,,,,,,,,,,,,,,,,,,,,,,,,,,,,,,,,,,,,,,,,,,,,,,,,,,,,,,,,,,,,,,,,,,,,,,,,,,,,,,,,,,
,,,,,,,,,,,,,,,,,,,,,,,,,,,,,,,,,463240,001,2024-02-22_11h53.33.211,experiment,2023.2.3,Win32,9.606147935,60f7588f01034ba56ee4ceae,65d7a31eda617eb71947213c,65d7a5ac84b61725dc7d9bb6,,,,,,,,,,,,,,,,,,,,,,,,,,,,,,,,,,,,,,,,,,,,,,,,,2,,,,,,,,,,,,,,,,,,,,,,,,,,s,0.8729,,space,0.204,0.0003,2,brown_gnomes,2,4,bright_forest,yellow_basket,purple_gnome,2,8,dark_forest,red_basket,4,0,0,1,brown_gnomes,bright_forest,yellow_basket,75,-1,1,8,0,16,1,1,,,,,,,,,,,,,,,,,,,,,,,,,,,,,,,,,,,,,,,,,,,,,,,,,,,,,,,,,,,,,,,,,,,,,,,,,,,,,,,,,,,,,,,,,,,,,,,,,,,,,,,,,,,,,
,,,,,,,,,,,,,,,,,,,,,,,,,,,,,,,,,463240,001,2024-02-22_11h53.33.211,experiment,2023.2.3,Win32,9.606147935,60f7588f01034ba56ee4ceae,65d7a31eda617eb71947213c,65d7a5ac84b61725dc7d9bb6,,,,,,,,,,,,,,,,,,,,,,,,,,,,,,,,,,,,,,,,,,,,,,,,,1,,,,,,,,,,,,,,,,,,,,,,,,,,k,0.7014,,space,0.1705,0.0003,1,green_gnome,1,3,bright_forest,yellow_basket,red_gnome,1,9,dark_forest,red_basket,9,0,0,1,red_gnome,dark_forest,red_basket,84,-1,0,8,1,17,0,1,,,,,,,,,,,,,,,,,,,,,,,,,,,,,,,,,,,,,,,,,,,,,,,,,,,,,,,,,,,,,,,,,,,,,,,,,,,,,,,,,,,,,,,,,,,,,,,,,,,,,,,,,,,,,
,,,,,,,,,,,,,,,,,,,,,,,,,,,,,,,,,463240,001,2024-02-22_11h53.33.211,experiment,2023.2.3,Win32,9.606147935,60f7588f01034ba56ee4ceae,65d7a31eda617eb71947213c,65d7a5ac84b61725dc7d9bb6,,,,,,,,,,,,,,,,,,,,,,,,,,,,,,,,,,,,,,,,,,,,,,,,,1,,,,,,,,,,,,,,,,,,,,,,,,,,s,0.693,,space,0.1733,0.0003,1,red_gnome,1,9,dark_forest,red_basket,green_gnome,1,2,bright_forest,yellow_basket,9,0,0,1,red_gnome,dark_forest,red_basket,93,0,1,9,0,18,0,1,,,,,,,,,,,,,,,,,,,,,,,,,,,,,,,,,,,,,,,,,,,,,,,,,,,,,,,,,,,,,,,,,,,,,,,,,,,,,,,,,,,,,,,,,,,,,,,,,,,,,,,,,,,,,
,,,,,,,,,,,,,,,,,,,,,,,,,,,,,,,,,463240,001,2024-02-22_11h53.33.211,experiment,2023.2.3,Win32,9.606147935,60f7588f01034ba56ee4ceae,65d7a31eda617eb71947213c,65d7a5ac84b61725dc7d9bb6,,,,,,,,,,,,,,,,,,,,,,,,,,,,,,,,,,,,,,,,,,,,,,,,,2,,,,,,,,,,,,,,,,,,,,,,,,,,k,1.0334,,space,0.2021,0.0003,2,purple_gnome,2,8,dark_forest,red_basket,brown_gnomes,2,2,bright_forest,yellow_basket,2,0,0,1,brown_gnomes,bright_forest,yellow_basket,95,-1,4,9,1,19,1,1,,,,,,,,,,,,,,,,,,,,,,,,,,,,,,,,,,,,,,,,,,,,,,,,,,,,,,,,,,,,,,,,,,,,,,,,,,,,,,,,,,,,,,,,,,,,,,,,,,,,,,,,,,,,,
,,,,,,,,,,,,,,,,,,,,,,,,,,,,,,,,,463240,001,2024-02-22_11h53.33.211,experiment,2023.2.3,Win32,9.606147935,60f7588f01034ba56ee4ceae,65d7a31eda617eb71947213c,65d7a5ac84b61725dc7d9bb6,,,,,,,,,,,,,,,,,,,,,,,,,,,,,,,,,,,,,,,,,,,,,,,,,2,,,,,,,,,,,,,,,,,,,,,,,,,,k,1.2133,0.0003,space,0.1706,0.0002,2,brown_gnomes,2,1,bright_forest,yellow_basket,purple_gnome,2,6,dark_forest,red_basket,6,0,0,1,purple_gnome,dark_forest,red_basket,101,-3,1,10,0,20,1,1,,,,,,,,,,,,,,,,,,,,,,,,,,,,,,,,,,,,,,,,,,,,,,,,,,,,,,,,,,,,,,,,,,,,,,,,,,,,,,,,,,,,,,,,,,,,,,,,,,,,,,,,,,,,,
,,,,,,,,,,,,,,,,,,,,,,,,,,,,,,,,,463240,001,2024-02-22_11h53.33.211,experiment,2023.2.3,Win32,9.606147935,60f7588f01034ba56ee4ceae,65d7a31eda617eb71947213c,65d7a5ac84b61725dc7d9bb6,,,,,,,,,,,,,,,,,,,,,,,,,,,,,,,,,,,,,,,,,,,,,,,,,1,,,,,,,,,,,,,,,,,,,,,,,,,,k,0.8676,,space,0.1753,,1,green_gnome,1,2,bright_forest,yellow_basket,red_gnome,1,7,dark_forest,red_basket,7,0,0,1,red_gnome,dark_forest,red_basket,108,-3,-1,10,1,21,0,1,,,,,,,,,,,,,,,,,,,,,,,,,,,,,,,,,,,,,,,,,,,,,,,,,,,,,,,,,,,,,,,,,,,,,,,,,,,,,,,,,,,,,,,,,,,,,,,,,,,,,,,,,,,,,
,,,,,,,,,,,,,,,,,,,,,,,,,,,,,,,,,463240,001,2024-02-22_11h53.33.211,experiment,2023.2.3,Win32,9.606147935,60f7588f01034ba56ee4ceae,65d7a31eda617eb71947213c,65d7a5ac84b61725dc7d9bb6,,,,,,,,,,,,,,,,,,,,,,,,,,,,,,,,,,,,,,,,,,,,,,,,,2,,,,,,,,,,,,,,,,,,,,,,,,,,s,1.201,,space,0.1727,0.0003,2,purple_gnome,2,6,dark_forest,red_basket,brown_gnomes,2,1,bright_forest,yellow_basket,6,0,0,1,purple_gnome,dark_forest,red_basket,114,-2,-2,11,0,22,1,1,,,,,,,,,,,,,,,,,,,,,,,,,,,,,,,,,,,,,,,,,,,,,,,,,,,,,,,,,,,,,,,,,,,,,,,,,,,,,,,,,,,,,,,,,,,,,,,,,,,,,,,,,,,,,
,,,,,,,,,,,,,,,,,,,,,,,,,,,,,,,,,463240,001,2024-02-22_11h53.33.211,experiment,2023.2.3,Win32,9.606147935,60f7588f01034ba56ee4ceae,65d7a31eda617eb71947213c,65d7a5ac84b61725dc7d9bb6,,,,,,,,,,,,,,,,,,,,,,,,,,,,,,,,,,,,,,,,,,,,,,,,,2,,,,,,,,,,,,,,,,,,,,,,,,,,s,1.0342,,space,0.3423,0.0002,2,purple_gnome,2,4,dark_forest,red_basket,brown_gnomes,2,1,bright_forest,yellow_basket,4,0,0,1,purple_gnome,dark_forest,red_basket,118,-2,1,11,1,23,1,1,,,,,,,,,,,,,,,,,,,,,,,,,,,,,,,,,,,,,,,,,,,,,,,,,,,,,,,,,,,,,,,,,,,,,,,,,,,,,,,,,,,,,,,,,,,,,,,,,,,,,,,,,,,,,
,,,,,,,,,,,,,,,,,,,,,,,,,,,,,,,,,463240,001,2024-02-22_11h53.33.211,experiment,2023.2.3,Win32,9.606147935,60f7588f01034ba56ee4ceae,65d7a31eda617eb71947213c,65d7a5ac84b61725dc7d9bb6,,,,,,,,,,,,,,,,,,,,,,,,,,,,,,,,,,,,,,,,,,,,,,,,,1,,,,,,,,,,,,,,,,,,,,,,,,,,s,0.8699,,space,0.1707,0.0002,1,red_gnome,1,5,dark_forest,red_basket,green_gnome,1,1,bright_forest,yellow_basket,5,0,0,1,red_gnome,dark_forest,red_basket,123,0,-2,12,0,24,0,1,,,,,,,,,,,,,,,,,,,,,,,,,,,,,,,,,,,,,,,,,,,,,,,,,,,,,,,,,,,,,,,,,,,,,,,,,,,,,,,,,,,,,,,,,,,,,,,,,,,,,,,,,,,,,
,,,,,,,,,,,,,,,,,,,,,,,,,,,,,,,,,463240,001,2024-02-22_11h53.33.211,experiment,2023.2.3,Win32,9.606147935,60f7588f01034ba56ee4ceae,65d7a31eda617eb71947213c,65d7a5ac84b61725dc7d9bb6,,,,,,,,,,,,,,,,,,,,,,,,,,,,,,,,,,,,,,,,,,,,,,,,,1,,,,,,,,,,,,,,,,,,,,,,,,,,s,0.8729,0.0003,space,0.171,,1,red_gnome,1,3,dark_forest,red_basket,green_gnome,1,1,bright_forest,yellow_basket,3,0,0,1,red_gnome,dark_forest,red_basket,126,1,6,12,1,25,0,1,,,,,,,,,,,,,,,,,,,,,,,,,,,,,,,,,,,,,,,,,,,,,,,,,,,,,,,,,,,,,,,,,,,,,,,,,,,,,,,,,,,,,,,,,,,,,,,,,,,,,,,,,,,,,
,,,,,,,,,,,,,,,,,,,,,,,,,,,,,,,,,463240,001,2024-02-22_11h53.33.211,experiment,2023.2.3,Win32,9.606147935,60f7588f01034ba56ee4ceae,65d7a31eda617eb71947213c,65d7a5ac84b61725dc7d9bb6,,,,,,,,,,,,,,,,,,,,,,,,,,,,,,,,,,,,,,,,,,,,,,,,,2,,,,,,,,,,,,,,,,,,,,,,,,,,s,1.212,0.0002,space,0.3657,0.0003,2,brown_gnomes,2,2,bright_forest,yellow_basket,purple_gnome,2,9,dark_forest,red_basket,2,0,0,1,brown_gnomes,bright_forest,yellow_basket,128,-1,0,13,0,26,1,1,,,,,,,,,,,,,,,,,,,,,,,,,,,,,,,,,,,,,,,,,,,,,,,,,,,,,,,,,,,,,,,,,,,,,,,,,,,,,,,,,,,,,,,,,,,,,,,,,,,,,,,,,,,,,
,,,,,,,,,,,,,,,,,,,,,,,,,,,,,,,,,463240,001,2024-02-22_11h53.33.211,experiment,2023.2.3,Win32,9.606147935,60f7588f01034ba56ee4ceae,65d7a31eda617eb71947213c,65d7a5ac84b61725dc7d9bb6,,,,,,,,,,,,,,,,,,,,,,,,,,,,,,,,,,,,,,,,,,,,,,,,,1,,,,,,,,,,,,,,,,,,,,,,,,,,k,1.0424,0.0003,space,0.1999,,1,red_gnome,1,9,dark_forest,red_basket,green_gnome,1,1,bright_forest,yellow_basket,1,0,0,1,green_gnome,bright_forest,yellow_basket,129,0,-1,13,1,27,0,1,,,,,,,,,,,,,,,,,,,,,,,,,,,,,,,,,,,,,,,,,,,,,,,,,,,,,,,,,,,,,,,,,,,,,,,,,,,,,,,,,,,,,,,,,,,,,,,,,,,,,,,,,,,,,
,,,,,,,,,,,,,,,,,,,,,,,,,,,,,,,,,463240,001,2024-02-22_11h53.33.211,experiment,2023.2.3,Win32,9.606147935,60f7588f01034ba56ee4ceae,65d7a31eda617eb71947213c,65d7a5ac84b61725dc7d9bb6,,,,,,,,,,,,,,,,,,,,,,,,,,,,,,,,,,,,,,,,,,,,,,,,,1,,,,,,,,,,,,,,,,,,,,,,,,,,k,1.2013,,space,0.1721,,1,green_gnome,1,1,bright_forest,yellow_basket,red_gnome,1,8,dark_forest,red_basket,8,0,0,1,red_gnome,dark_forest,red_basket,137,0,-2,14,0,28,0,1,,,,,,,,,,,,,,,,,,,,,,,,,,,,,,,,,,,,,,,,,,,,,,,,,,,,,,,,,,,,,,,,,,,,,,,,,,,,,,,,,,,,,,,,,,,,,,,,,,,,,,,,,,,,,
,,,,,,,,,,,,,,,,,,,,,,,,,,,,,,,,,463240,001,2024-02-22_11h53.33.211,experiment,2023.2.3,Win32,9.606147935,60f7588f01034ba56ee4ceae,65d7a31eda617eb71947213c,65d7a5ac84b61725dc7d9bb6,,,,,,,,,,,,,,,,,,,,,,,,,,,,,,,,,,,,,,,,,,,,,,,,,2,,,,,,,,,,,,,,,,,,,,,,,,,,s,1.1972,,,,,2,purple_gnome,2,6,dark_forest,red_basket,brown_gnomes,2,1,bright_forest,yellow_basket,0,0,1,0,purple_gnome,dark_forest,red_basket,137,0,-3,14,1,29,1,1,,,,,,,,,,,,,,,,,,,,,,,,,,,,,,,,,,,,,,,,,,,,,,,,,,,,,,,,,,,,,,,,,,,,,,,,,,,,,,,,,,,,,,,,,,,,,,,,,,,,,,,,,,,,,
,,,,,,,,,,,,,,,,,,,,,,,,,,,,,,,,,463240,001,2024-02-22_11h53.33.211,experiment,2023.2.3,Win32,9.606147935,60f7588f01034ba56ee4ceae,65d7a31eda617eb71947213c,65d7a5ac84b61725dc7d9bb6,,,,,,,,,,,,,,,,,,,,,,,,,,,,,,,,,,,,,,,,,,,,,,,,,1,,,,,,,,,,,,,,,,,,,,,,,,,,s,1.5364,,space,1.021,,1,green_gnome,1,1,bright_forest,yellow_basket,red_gnome,1,3,dark_forest,red_basket,1,0,0,1,green_gnome,bright_forest,yellow_basket,138,-2,2,15,0,30,0,1,,,,,,,,,,,,,,,,,,,,,,,,,,,,,,,,,,,,,,,,,,,,,,,,,,,,,,,,,,,,,,,,,,,,,,,,,,,,,,,,,,,,,,,,,,,,,,,,,,,,,,,,,,,,,
,,,,,,,,,,,,,,,,,,,,,,,,,,,,,,,,,463240,001,2024-02-22_11h53.33.211,experiment,2023.2.3,Win32,9.606147935,60f7588f01034ba56ee4ceae,65d7a31eda617eb71947213c,65d7a5ac84b61725dc7d9bb6,,,,,,,,,,,,,,,,,,,,,,,,,,,,,,,,,,,,,,,,,,,,,,,,,1,,,,,,,,,,,,,,,,,,,,,,,,,,k,0.8627,0.0003,space,0.1726,0.0002,1,green_gnome,1,1,bright_forest,yellow_basket,red_gnome,1,5,dark_forest,red_basket,5,0,0,1,red_gnome,dark_forest,red_basket,143,-1,-1,15,1,31,0,1,,,,,,,,,,,,,,,,,,,,,,,,,,,,,,,,,,,,,,,,,,,,,,,,,,,,,,,,,,,,,,,,,,,,,,,,,,,,,,,,,,,,,,,,,,,,,,,,,,,,,,,,,,,,,
,,,,,,,,,,,,,,,,,,,,,,,,,,,,,,,,,463240,001,2024-02-22_11h53.33.211,experiment,2023.2.3,Win32,9.606147935,60f7588f01034ba56ee4ceae,65d7a31eda617eb71947213c,65d7a5ac84b61725dc7d9bb6,,,,,,,,,,,,,,,,,,,,,,,,,,,,,,,,,,,,,,,,,,,,,,,,,2,,,,,,,,,,,,,,,,,,,,,,,,,,s,0.7013,,space,0.1738,,2,purple_gnome,2,4,dark_forest,red_basket,brown_gnomes,2,0,bright_forest,yellow_basket,4,0,0,1,purple_gnome,dark_forest,red_basket,147,-1,3,16,0,32,1,1,,,,,,,,,,,,,,,,,,,,,,,,,,,,,,,,,,,,,,,,,,,,,,,,,,,,,,,,,,,,,,,,,,,,,,,,,,,,,,,,,,,,,,,,,,,,,,,,,,,,,,,,,,,,,
,,,,,,,,,,,,,,,,,,,,,,,,,,,,,,,,,463240,001,2024-02-22_11h53.33.211,experiment,2023.2.3,Win32,9.606147935,60f7588f01034ba56ee4ceae,65d7a31eda617eb71947213c,65d7a5ac84b61725dc7d9bb6,,,,,,,,,,,,,,,,,,,,,,,,,,,,,,,,,,,,,,,,,,,,,,,,,1,,,,,,,,,,,,,,,,,,,,,,,,,,s,0.859,,space,0.1719,0.0003,1,red_gnome,1,7,dark_forest,red_basket,green_gnome,1,1,bright_forest,yellow_basket,7,0,0,1,red_gnome,dark_forest,red_basket,154,2,1,16,1,33,0,1,,,,,,,,,,,,,,,,,,,,,,,,,,,,,,,,,,,,,,,,,,,,,,,,,,,,,,,,,,,,,,,,,,,,,,,,,,,,,,,,,,,,,,,,,,,,,,,,,,,,,,,,,,,,,
,,,,,,,,,,,,,,,,,,,,,,,,,,,,,,,,,463240,001,2024-02-22_11h53.33.211,experiment,2023.2.3,Win32,9.606147935,60f7588f01034ba56ee4ceae,65d7a31eda617eb71947213c,65d7a5ac84b61725dc7d9bb6,,,,,,,,,,,,,,,,,,,,,,,,,,,,,,,,,,,,,,,,,,,,,,,,,1,,,,,,,,,,,,,,,,,,,,,,,,,,s,0.7055,,space,0.1721,0.0002,1,red_gnome,1,8,dark_forest,red_basket,green_gnome,1,3,bright_forest,yellow_basket,8,0,0,1,red_gnome,dark_forest,red_basket,162,1,-3,17,0,34,0,1,,,,,,,,,,,,,,,,,,,,,,,,,,,,,,,,,,,,,,,,,,,,,,,,,,,,,,,,,,,,,,,,,,,,,,,,,,,,,,,,,,,,,,,,,,,,,,,,,,,,,,,,,,,,,
,,,,,,,,,,,,,,,,,,,,,,,,,,,,,,,,,463240,001,2024-02-22_11h53.33.211,experiment,2023.2.3,Win32,9.606147935,60f7588f01034ba56ee4ceae,65d7a31eda617eb71947213c,65d7a5ac84b61725dc7d9bb6,,,,,,,,,,,,,,,,,,,,,,,,,,,,,,,,,,,,,,,,,,,,,,,,,2,,,,,,,,,,,,,,,,,,,,,,,,,,k,1.0458,,space,0.1736,0.0002,2,brown_gnomes,2,4,bright_forest,yellow_basket,purple_gnome,2,5,dark_forest,red_basket,5,0,0,1,purple_gnome,dark_forest,red_basket,167,2,-1,17,1,35,1,1,,,,,,,,,,,,,,,,,,,,,,,,,,,,,,,,,,,,,,,,,,,,,,,,,,,,,,,,,,,,,,,,,,,,,,,,,,,,,,,,,,,,,,,,,,,,,,,,,,,,,,,,,,,,,
,,,,,,,,,,,,,,,,,,,,,,,,,,,,,,,,,463240,001,2024-02-22_11h53.33.211,experiment,2023.2.3,Win32,9.606147935,60f7588f01034ba56ee4ceae,65d7a31eda617eb71947213c,65d7a5ac84b61725dc7d9bb6,,,,,,,,,,,,,,,,,,,,,,,,,,,,,,,,,,,,,,,,,,,,,,,,,1,,,,,,,,,,,,,,,,,,,,,,,,,,s,0.7033,,space,0.1714,0.0003,1,red_gnome,1,4,dark_forest,red_basket,green_gnome,1,6,bright_forest,yellow_basket,4,0,0,1,red_gnome,dark_forest,red_basket,171,2,-1,18,0,36,0,1,,,,,,,,,,,,,,,,,,,,,,,,,,,,,,,,,,,,,,,,,,,,,,,,,,,,,,,,,,,,,,,,,,,,,,,,,,,,,,,,,,,,,,,,,,,,,,,,,,,,,,,,,,,,,
,,,,,,,,,,,,,,,,,,,,,,,,,,,,,,,,,463240,001,2024-02-22_11h53.33.211,experiment,2023.2.3,Win32,9.606147935,60f7588f01034ba56ee4ceae,65d7a31eda617eb71947213c,65d7a5ac84b61725dc7d9bb6,,,,,,,,,,,,,,,,,,,,,,,,,,,,,,,,,,,,,,,,,,,,,,,,,1,,,,,,,,,,,,,,,,,,,,,,,,,,s,0.8631,,space,0.1719,0.0003,1,red_gnome,1,3,dark_forest,red_basket,green_gnome,1,8,bright_forest,yellow_basket,3,0,0,1,red_gnome,dark_forest,red_basket,174,-1,2,18,1,37,0,1,,,,,,,,,,,,,,,,,,,,,,,,,,,,,,,,,,,,,,,,,,,,,,,,,,,,,,,,,,,,,,,,,,,,,,,,,,,,,,,,,,,,,,,,,,,,,,,,,,,,,,,,,,,,,
,,,,,,,,,,,,,,,,,,,,,,,,,,,,,,,,,463240,001,2024-02-22_11h53.33.211,experiment,2023.2.3,Win32,9.606147935,60f7588f01034ba56ee4ceae,65d7a31eda617eb71947213c,65d7a5ac84b61725dc7d9bb6,,,,,,,,,,,,,,,,,,,,,,,,,,,,,,,,,,,,,,,,,,,,,,,,,2,,,,,,,,,,,,,,,,,,,,,,,,,,s,1.2012,0.0003,space,0.3369,,2,purple_gnome,2,5,dark_forest,red_basket,brown_gnomes,2,7,bright_forest,yellow_basket,5,0,0,1,purple_gnome,dark_forest,red_basket,179,0,1,19,0,38,1,1,,,,,,,,,,,,,,,,,,,,,,,,,,,,,,,,,,,,,,,,,,,,,,,,,,,,,,,,,,,,,,,,,,,,,,,,,,,,,,,,,,,,,,,,,,,,,,,,,,,,,,,,,,,,,
,,,,,,,,,,,,,,,,,,,,,,,,,,,,,,,,,463240,001,2024-02-22_11h53.33.211,experiment,2023.2.3,Win32,9.606147935,60f7588f01034ba56ee4ceae,65d7a31eda617eb71947213c,65d7a5ac84b61725dc7d9bb6,,,,,,,,,,,,,,,,,,,,,,,,,,,,,,,,,,,,,,,,,,,,,,,,,1,,,,,,,,,,,,,,,,,,,,,,,,,,s,0.8673,,space,0.1983,0.0002,1,green_gnome,1,7,bright_forest,yellow_basket,red_gnome,1,6,dark_forest,red_basket,7,0,0,1,green_gnome,bright_forest,yellow_basket,186,-1,0,19,1,39,0,1,,,,,,,,,,,,,,,,,,,,,,,,,,,,,,,,,,,,,,,,,,,,,,,,,,,,,,,,,,,,,,,,,,,,,,,,,,,,,,,,,,,,,,,,,,,,,,,,,,,,,,,,,,,,,
,,,,,,,,,,,,,,,,,,,,,,,,,,,,,,,,,463240,001,2024-02-22_11h53.33.211,experiment,2023.2.3,Win32,9.606147935,60f7588f01034ba56ee4ceae,65d7a31eda617eb71947213c,65d7a5ac84b61725dc7d9bb6,,,,,,,,,,,,,,,,,,,,,,,,,,,,,,,,,,,,,,,,,,,,,,,,,1,,,,,,,,,,,,,,,,,,,,,,,,,,k,1.2225,0.0003,space,0.2007,0.0002,1,red_gnome,1,6,dark_forest,red_basket,green_gnome,1,6,bright_forest,yellow_basket,6,0,0,1,green_gnome,bright_forest,yellow_basket,192,4,2,20,0,40,0,1,,,,,,,,,,,,,,,,,,,,,,,,,,,,,,,,,,,,,,,,,,,,,,,,,,,,,,,,,,,,,,,,,,,,,,,,,,,,,,,,,,,,,,,,,,,,,,,,,,,,,,,,,,,,,
,,,,,,,,,,,,,,,,,,,,,,,,,,,,,,,,,463240,001,2024-02-22_11h53.33.211,experiment,2023.2.3,Win32,9.606147935,60f7588f01034ba56ee4ceae,65d7a31eda617eb71947213c,65d7a5ac84b61725dc7d9bb6,,,,,,,,,,,,,,,,,,,,,,,,,,,,,,,,,,,,,,,,,,,,,,,,,1,,,,,,,,,,,,,,,,,,,,,,,,,,s,0.7014,,space,0.2026,0.0003,1,green_gnome,1,8,bright_forest,yellow_basket,red_gnome,1,8,dark_forest,red_basket,8,0,0,1,green_gnome,bright_forest,yellow_basket,200,-4,-1,20,1,41,0,1,,,,,,,,,,,,,,,,,,,,,,,,,,,,,,,,,,,,,,,,,,,,,,,,,,,,,,,,,,,,,,,,,,,,,,,,,,,,,,,,,,,,,,,,,,,,,,,,,,,,,,,,,,,,,
,,,,,,,,,,,,,,,,,,,,,,,,,,,,,,,,,463240,001,2024-02-22_11h53.33.211,experiment,2023.2.3,Win32,9.606147935,60f7588f01034ba56ee4ceae,65d7a31eda617eb71947213c,65d7a5ac84b61725dc7d9bb6,,,,,,,,,,,,,,,,,,,,,,,,,,,,,,,,,,,,,,,,,,,,,,,,,1,,,,,,,,,,,,,,,,,,,,,,,,,,k,1.0402,,space,0.1991,0.0003,1,red_gnome,1,7,dark_forest,red_basket,green_gnome,1,4,bright_forest,yellow_basket,4,0,0,1,green_gnome,bright_forest,yellow_basket,204,-2,2,21,0,42,0,1,,,,,,,,,,,,,,,,,,,,,,,,,,,,,,,,,,,,,,,,,,,,,,,,,,,,,,,,,,,,,,,,,,,,,,,,,,,,,,,,,,,,,,,,,,,,,,,,,,,,,,,,,,,,,
,,,,,,,,,,,,,,,,,,,,,,,,,,,,,,,,,463240,001,2024-02-22_11h53.33.211,experiment,2023.2.3,Win32,9.606147935,60f7588f01034ba56ee4ceae,65d7a31eda617eb71947213c,65d7a5ac84b61725dc7d9bb6,,,,,,,,,,,,,,,,,,,,,,,,,,,,,,,,,,,,,,,,,,,,,,,,,1,,,,,,,,,,,,,,,,,,,,,,,,,,s,0.7016,,space,0.199,0.0003,1,green_gnome,1,2,bright_forest,yellow_basket,red_gnome,1,9,dark_forest,red_basket,2,0,0,1,green_gnome,bright_forest,yellow_basket,206,1,3,21,1,43,0,1,,,,,,,,,,,,,,,,,,,,,,,,,,,,,,,,,,,,,,,,,,,,,,,,,,,,,,,,,,,,,,,,,,,,,,,,,,,,,,,,,,,,,,,,,,,,,,,,,,,,,,,,,,,,,
,,,,,,,,,,,,,,,,,,,,,,,,,,,,,,,,,463240,001,2024-02-22_11h53.33.211,experiment,2023.2.3,Win32,9.606147935,60f7588f01034ba56ee4ceae,65d7a31eda617eb71947213c,65d7a5ac84b61725dc7d9bb6,,,,,,,,,,,,,,,,,,,,,,,,,,,,,,,,,,,,,,,,,,,,,,,,,2,,,,,,,,,,,,,,,,,,,,,,,,,,k,1.2517,,space,0.1715,0.0002,2,brown_gnomes,2,3,bright_forest,yellow_basket,purple_gnome,2,6,dark_forest,red_basket,6,0,0,1,purple_gnome,dark_forest,red_basket,212,-5,0,22,0,44,1,1,,,,,,,,,,,,,,,,,,,,,,,,,,,,,,,,,,,,,,,,,,,,,,,,,,,,,,,,,,,,,,,,,,,,,,,,,,,,,,,,,,,,,,,,,,,,,,,,,,,,,,,,,,,,,
,,,,,,,,,,,,,,,,,,,,,,,,,,,,,,,,,463240,001,2024-02-22_11h53.33.211,experiment,2023.2.3,Win32,9.606147935,60f7588f01034ba56ee4ceae,65d7a31eda617eb71947213c,65d7a5ac84b61725dc7d9bb6,,,,,,,,,,,,,,,,,,,,,,,,,,,,,,,,,,,,,,,,,,,,,,,,,2,,,,,,,,,,,,,,,,,,,,,,,,,,k,1.3651,,space,0.8407,,2,brown_gnomes,2,2,bright_forest,yellow_basket,purple_gnome,2,6,dark_forest,red_basket,6,0,0,1,purple_gnome,dark_forest,red_basket,218,-1,-1,22,1,45,1,1,,,,,,,,,,,,,,,,,,,,,,,,,,,,,,,,,,,,,,,,,,,,,,,,,,,,,,,,,,,,,,,,,,,,,,,,,,,,,,,,,,,,,,,,,,,,,,,,,,,,,,,,,,,,,
,,,,,,,,,,,,,,,,,,,,,,,,,,,,,,,,,463240,001,2024-02-22_11h53.33.211,experiment,2023.2.3,Win32,9.606147935,60f7588f01034ba56ee4ceae,65d7a31eda617eb71947213c,65d7a5ac84b61725dc7d9bb6,,,,,,,,,,,,,,,,,,,,,,,,,,,,,,,,,,,,,,,,,,,,,,,,,1,,,,,,,,,,,,,,,,,,,,,,,,,,s,0.8627,0.0004,space,1.0328,,1,green_gnome,1,1,bright_forest,yellow_basket,red_gnome,1,5,dark_forest,red_basket,1,0,0,1,green_gnome,bright_forest,yellow_basket,219,-2,-1,23,0,46,0,1,,,,,,,,,,,,,,,,,,,,,,,,,,,,,,,,,,,,,,,,,,,,,,,,,,,,,,,,,,,,,,,,,,,,,,,,,,,,,,,,,,,,,,,,,,,,,,,,,,,,,,,,,,,,,
,,,,,,,,,,,,,,,,,,,,,,,,,,,,,,,,,463240,001,2024-02-22_11h53.33.211,experiment,2023.2.3,Win32,9.606147935,60f7588f01034ba56ee4ceae,65d7a31eda617eb71947213c,65d7a5ac84b61725dc7d9bb6,,,,,,,,,,,,,,,,,,,,,,,,,,,,,,,,,,,,,,,,,,,,,,,,,1,,,,,,,,,,,,,,,,,,,,,,,,,,k,1.0285,,space,0.1726,,1,green_gnome,1,1,bright_forest,yellow_basket,red_gnome,1,4,dark_forest,red_basket,4,0,0,1,red_gnome,dark_forest,red_basket,223,-1,2,23,1,47,0,1,,,,,,,,,,,,,,,,,,,,,,,,,,,,,,,,,,,,,,,,,,,,,,,,,,,,,,,,,,,,,,,,,,,,,,,,,,,,,,,,,,,,,,,,,,,,,,,,,,,,,,,,,,,,,
,,,,,,,,,,,,,,,,,,,,,,,,,,,,,,,,,463240,001,2024-02-22_11h53.33.211,experiment,2023.2.3,Win32,9.606147935,60f7588f01034ba56ee4ceae,65d7a31eda617eb71947213c,65d7a5ac84b61725dc7d9bb6,,,,,,,,,,,,,,,,,,,,,,,,,,,,,,,,,,,,,,,,,,,,,,,,,2,,,,,,,,,,,,,,,,,,,,,,,,,,k,1.2113,0.0004,space,0.4989,0.0004,2,brown_gnomes,2,0,bright_forest,yellow_basket,purple_gnome,2,6,dark_forest,red_basket,6,0,0,1,purple_gnome,dark_forest,red_basket,229,0,-1,24,0,48,1,1,,,,,,,,,,,,,,,,,,,,,,,,,,,,,,,,,,,,,,,,,,,,,,,,,,,,,,,,,,,,,,,,,,,,,,,,,,,,,,,,,,,,,,,,,,,,,,,,,,,,,,,,,,,,,
,,,,,,,,,,,,,,,,,,,,,,,,,,,,,,,,,463240,001,2024-02-22_11h53.33.211,experiment,2023.2.3,Win32,9.606147935,60f7588f01034ba56ee4ceae,65d7a31eda617eb71947213c,65d7a5ac84b61725dc7d9bb6,,,,,,,,,,,,,,,,,,,,,,,,,,,,,,,,,,,,,,,,,,,,,,,,,2,,,,,,,,,,,,,,,,,,,,,,,,,,s,1.3649,,space,0.4973,,2,purple_gnome,2,5,dark_forest,red_basket,brown_gnomes,2,0,bright_forest,yellow_basket,5,0,0,1,purple_gnome,dark_forest,red_basket,234,1,-1,24,1,49,1,1,,,,,,,,,,,,,,,,,,,,,,,,,,,,,,,,,,,,,,,,,,,,,,,,,,,,,,,,,,,,,,,,,,,,,,,,,,,,,,,,,,,,,,,,,,,,,,,,,,,,,,,,,,,,,
,,,,,,,,,,,,,,,,,,,,,,,,,,,,,,,,,463240,001,2024-02-22_11h53.33.211,experiment,2023.2.3,Win32,9.606147935,60f7588f01034ba56ee4ceae,65d7a31eda617eb71947213c,65d7a5ac84b61725dc7d9bb6,,,,,,,,,,,,,,,,,,,,,,,,,,,,,,,,,,,,,,,,,,,,,,,,,2,,,,,,,,,,,,,,,,,,,,,,,,,,k,1.3746,,space,0.1731,0.0002,2,brown_gnomes,2,1,bright_forest,yellow_basket,purple_gnome,2,4,dark_forest,red_basket,4,0,0,1,purple_gnome,dark_forest,red_basket,238,-1,-3,25,0,50,1,1,,,,,,,,,,,,,,,,,,,,,,,,,,,,,,,,,,,,,,,,,,,,,,,,,,,,,,,,,,,,,,,,,,,,,,,,,,,,,,,,,,,,,,,,,,,,,,,,,,,,,,,,,,,,,
,,,,,,,,,,,,,,,,,,,,,,,,,,,,,,,,,463240,001,2024-02-22_11h53.33.211,experiment,2023.2.3,Win32,9.606147935,60f7588f01034ba56ee4ceae,65d7a31eda617eb71947213c,65d7a5ac84b61725dc7d9bb6,,,,,,,,,,,,,,,,,,,,,,,,,,,,,,,,,,,,,,,,,,,,,,,,,2,,,,,,,,,,,,,,,,,,,,,,,,,,k,1.3655,,space,0.1713,0.0004,2,brown_gnomes,2,0,bright_forest,yellow_basket,purple_gnome,2,1,dark_forest,red_basket,1,0,0,1,purple_gnome,dark_forest,red_basket,239,-2,3,25,1,51,1,1,,,,,,,,,,,,,,,,,,,,,,,,,,,,,,,,,,,,,,,,,,,,,,,,,,,,,,,,,,,,,,,,,,,,,,,,,,,,,,,,,,,,,,,,,,,,,,,,,,,,,,,,,,,,,
,,,,,,,,,,,,,,,,,,,,,,,,,,,,,,,,,463240,001,2024-02-22_11h53.33.211,experiment,2023.2.3,Win32,9.606147935,60f7588f01034ba56ee4ceae,65d7a31eda617eb71947213c,65d7a5ac84b61725dc7d9bb6,,,,,,,,,,,,,,,,,,,,,,,,,,,,,,,,,,,,,,,,,,,,,,,,,1,,,,,,,,,,,,,,,,,,,,,,,,,,s,1.031,0.0004,space,1.1489,0.0002,1,red_gnome,1,4,dark_forest,red_basket,green_gnome,1,2,bright_forest,yellow_basket,4,0,0,1,red_gnome,dark_forest,red_basket,243,4,1,26,0,52,0,1,,,,,,,,,,,,,,,,,,,,,,,,,,,,,,,,,,,,,,,,,,,,,,,,,,,,,,,,,,,,,,,,,,,,,,,,,,,,,,,,,,,,,,,,,,,,,,,,,,,,,,,,,,,,,
,,,,,,,,,,,,,,,,,,,,,,,,,,,,,,,,,463240,001,2024-02-22_11h53.33.211,experiment,2023.2.3,Win32,9.606147935,60f7588f01034ba56ee4ceae,65d7a31eda617eb71947213c,65d7a5ac84b61725dc7d9bb6,,,,,,,,,,,,,,,,,,,,,,,,,,,,,,,,,,,,,,,,,,,,,,,,,2,,,,,,,,,,,,,,,,,,,,,,,,,,s,0.8622,,space,0.195,0.0003,2,brown_gnomes,2,6,bright_forest,yellow_basket,purple_gnome,2,5,dark_forest,red_basket,6,0,0,1,brown_gnomes,bright_forest,yellow_basket,249,2,-2,26,1,53,1,1,,,,,,,,,,,,,,,,,,,,,,,,,,,,,,,,,,,,,,,,,,,,,,,,,,,,,,,,,,,,,,,,,,,,,,,,,,,,,,,,,,,,,,,,,,,,,,,,,,,,,,,,,,,,,
,,,,,,,,,,,,,,,,,,,,,,,,,,,,,,,,,463240,001,2024-02-22_11h53.33.211,experiment,2023.2.3,Win32,9.606147935,60f7588f01034ba56ee4ceae,65d7a31eda617eb71947213c,65d7a5ac84b61725dc7d9bb6,,,,,,,,,,,,,,,,,,,,,,,,,,,,,,,,,,,,,,,,,,,,,,,,,1,,,,,,,,,,,,,,,,,,,,,,,,,,s,0.8627,,space,0.172,,1,red_gnome,1,3,dark_forest,red_basket,green_gnome,1,8,bright_forest,yellow_basket,3,0,0,1,red_gnome,dark_forest,red_basket,252,-3,-2,27,0,54,0,1,,,,,,,,,,,,,,,,,,,,,,,,,,,,,,,,,,,,,,,,,,,,,,,,,,,,,,,,,,,,,,,,,,,,,,,,,,,,,,,,,,,,,,,,,,,,,,,,,,,,,,,,,,,,,
,,,,,,,,,,,,,,,,,,,,,,,,,,,,,,,,,463240,001,2024-02-22_11h53.33.211,experiment,2023.2.3,Win32,9.606147935,60f7588f01034ba56ee4ceae,65d7a31eda617eb71947213c,65d7a5ac84b61725dc7d9bb6,,,,,,,,,,,,,,,,,,,,,,,,,,,,,,,,,,,,,,,,,,,,,,,,,1,,,,,,,,,,,,,,,,,,,,,,,,,,k,1.0293,,space,0.2072,0.0002,1,red_gnome,1,1,dark_forest,red_basket,green_gnome,1,5,bright_forest,yellow_basket,5,0,0,1,green_gnome,bright_forest,yellow_basket,257,1,2,27,1,55,0,1,,,,,,,,,,,,,,,,,,,,,,,,,,,,,,,,,,,,,,,,,,,,,,,,,,,,,,,,,,,,,,,,,,,,,,,,,,,,,,,,,,,,,,,,,,,,,,,,,,,,,,,,,,,,,
,,,,,,,,,,,,,,,,,,,,,,,,,,,,,,,,,463240,001,2024-02-22_11h53.33.211,experiment,2023.2.3,Win32,9.606147935,60f7588f01034ba56ee4ceae,65d7a31eda617eb71947213c,65d7a5ac84b61725dc7d9bb6,,,,,,,,,,,,,,,,,,,,,,,,,,,,,,,,,,,,,,,,,,,,,,,,,1,,,,,,,,,,,,,,,,,,,,,,,,,,k,0.8657,0.0002,space,0.2008,0.0003,1,red_gnome,1,3,dark_forest,red_basket,green_gnome,1,6,bright_forest,yellow_basket,6,0,0,1,green_gnome,bright_forest,yellow_basket,263,-1,-1,28,0,56,0,1,,,,,,,,,,,,,,,,,,,,,,,,,,,,,,,,,,,,,,,,,,,,,,,,,,,,,,,,,,,,,,,,,,,,,,,,,,,,,,,,,,,,,,,,,,,,,,,,,,,,,,,,,,,,,
,,,,,,,,,,,,,,,,,,,,,,,,,,,,,,,,,463240,001,2024-02-22_11h53.33.211,experiment,2023.2.3,Win32,9.606147935,60f7588f01034ba56ee4ceae,65d7a31eda617eb71947213c,65d7a5ac84b61725dc7d9bb6,,,,,,,,,,,,,,,,,,,,,,,,,,,,,,,,,,,,,,,,,,,,,,,,,1,,,,,,,,,,,,,,,,,,,,,,,,,,s,0.6988,,space,0.202,,1,green_gnome,1,5,bright_forest,yellow_basket,red_gnome,1,2,dark_forest,red_basket,5,0,0,1,green_gnome,bright_forest,yellow_basket,268,-3,2,28,1,57,0,1,,,,,,,,,,,,,,,,,,,,,,,,,,,,,,,,,,,,,,,,,,,,,,,,,,,,,,,,,,,,,,,,,,,,,,,,,,,,,,,,,,,,,,,,,,,,,,,,,,,,,,,,,,,,,
,,,,,,,,,,,,,,,,,,,,,,,,,,,,,,,,,463240,001,2024-02-22_11h53.33.211,experiment,2023.2.3,Win32,9.606147935,60f7588f01034ba56ee4ceae,65d7a31eda617eb71947213c,65d7a5ac84b61725dc7d9bb6,,,,,,,,,,,,,,,,,,,,,,,,,,,,,,,,,,,,,,,,,,,,,,,,,1,,,,,,,,,,,,,,,,,,,,,,,,,,s,0.7067,0.0004,space,1.1814,0.0003,1,green_gnome,1,2,bright_forest,yellow_basket,red_gnome,1,4,dark_forest,red_basket,2,0,0,1,green_gnome,bright_forest,yellow_basket,270,-2,-2,29,0,58,0,1,,,,,,,,,,,,,,,,,,,,,,,,,,,,,,,,,,,,,,,,,,,,,,,,,,,,,,,,,,,,,,,,,,,,,,,,,,,,,,,,,,,,,,,,,,,,,,,,,,,,,,,,,,,,,
,,,,,,,,,,,,,,,,,,,,,,,,,,,,,,,,,463240,001,2024-02-22_11h53.33.211,experiment,2023.2.3,Win32,9.606147935,60f7588f01034ba56ee4ceae,65d7a31eda617eb71947213c,65d7a5ac84b61725dc7d9bb6,,,,,,,,,,,,,,,,,,,,,,,,,,,,,,,,,,,,,,,,,,,,,,,,,1,,,,,,,,,,,,,,,,,,,,,,,,,,k,1.0369,0.0003,space,0.1998,0.0003,1,red_gnome,1,2,dark_forest,red_basket,green_gnome,1,0,bright_forest,yellow_basket,0,0,0,1,green_gnome,bright_forest,yellow_basket,270,0,0,29,1,59,0,1,,,,,,,,,,,,,,,,,,,,,,,,,,,,,,,,,,,,,,,,,,,,,,,,,,,,,,,,,,,,,,,,,,,,,,,,,,,,,,,,,,,,,,,,,,,,,,,,,,,,,,,,,,,,,
,,,,,,,,,,,,,,,,,,,,,,,,,,,,,,,,,463240,001,2024-02-22_11h53.33.211,experiment,2023.2.3,Win32,9.606147935,60f7588f01034ba56ee4ceae,65d7a31eda617eb71947213c,65d7a5ac84b61725dc7d9bb6,,,,,,,,,,,,,,,,,,,,,,,,,,,,,,,,,,,,,,,,,,,,,,,,,1,,,,,,,,,,,,,,,,,,,,,,,,,,s,0.867,0.0004,space,0.1736,0.0005,1,red_gnome,1,2,dark_forest,red_basket,green_gnome,1,0,bright_forest,yellow_basket,2,0,0,1,red_gnome,dark_forest,red_basket,272,-2,3,30,0,60,0,1,,,,,,,,,,,,,,,,,,,,,,,,,,,,,,,,,,,,,,,,,,,,,,,,,,,,,,,,,,,,,,,,,,,,,,,,,,,,,,,,,,,,,,,,,,,,,,,,,,,,,,,,,,,,,
,,,,,,,,,,,,,,,,,,,,,,,,,,,,,,,,,463240,001,2024-02-22_11h53.33.211,experiment,2023.2.3,Win32,9.606147935,60f7588f01034ba56ee4ceae,65d7a31eda617eb71947213c,65d7a5ac84b61725dc7d9bb6,,,,,,,,,,,,,,,,,,,,,,,,,,,,,,,,,,,,,,,,,,,,,,,,,1,,,,,,,,,,,,,,,,,,,,,,,,,,s,1.0087,0.0004,space,0.1746,0.0003,1,red_gnome,1,5,dark_forest,red_basket,green_gnome,1,2,bright_forest,yellow_basket,5,0,0,1,red_gnome,dark_forest,red_basket,277,-1,0,30,1,61,0,1,,,,,,,,,,,,,,,,,,,,,,,,,,,,,,,,,,,,,,,,,,,,,,,,,,,,,,,,,,,,,,,,,,,,,,,,,,,,,,,,,,,,,,,,,,,,,,,,,,,,,,,,,,,,,
,,,,,,,,,,,,,,,,,,,,,,,,,,,,,,,,,463240,001,2024-02-22_11h53.33.211,experiment,2023.2.3,Win32,9.606147935,60f7588f01034ba56ee4ceae,65d7a31eda617eb71947213c,65d7a5ac84b61725dc7d9bb6,,,,,,,,,,,,,,,,,,,,,,,,,,,,,,,,,,,,,,,,,,,,,,,,,2,,,,,,,,,,,,,,,,,,,,,,,,,,k,1.204,0.002,space,0.3349,,2,brown_gnomes,2,1,bright_forest,yellow_basket,purple_gnome,2,5,dark_forest,red_basket,5,0,0,1,purple_gnome,dark_forest,red_basket,282,-2,-3,31,0,62,1,1,,,,,,,,,,,,,,,,,,,,,,,,,,,,,,,,,,,,,,,,,,,,,,,,,,,,,,,,,,,,,,,,,,,,,,,,,,,,,,,,,,,,,,,,,,,,,,,,,,,,,,,,,,,,,
,,,,,,,,,,,,,,,,,,,,,,,,,,,,,,,,,463240,001,2024-02-22_11h53.33.211,experiment,2023.2.3,Win32,9.606147935,60f7588f01034ba56ee4ceae,65d7a31eda617eb71947213c,65d7a5ac84b61725dc7d9bb6,,,,,,,,,,,,,,,,,,,,,,,,,,,,,,,,,,,,,,,,,,,,,,,,,1,,,,,,,,,,,,,,,,,,,,,,,,,,s,1.0497,0.0003,space,0.3368,,1,red_gnome,1,2,dark_forest,red_basket,green_gnome,1,1,bright_forest,yellow_basket,2,0,0,1,red_gnome,dark_forest,red_basket,284,0,0,31,1,63,0,1,,,,,,,,,,,,,,,,,,,,,,,,,,,,,,,,,,,,,,,,,,,,,,,,,,,,,,,,,,,,,,,,,,,,,,,,,,,,,,,,,,,,,,,,,,,,,,,,,,,,,,,,,,,,,
,,,,,,,,,,,,,,,,,,,,,,,,,,,,,,,,,463240,001,2024-02-22_11h53.33.211,experiment,2023.2.3,Win32,9.606147935,60f7588f01034ba56ee4ceae,65d7a31eda617eb71947213c,65d7a5ac84b61725dc7d9bb6,,,,,,,,,,,,,,,,,,,,,,,,,,,,,,,,,,,,,,,,,,,,,,,,,2,,,,,,,,,,,,,,,,,,,,,,,,,,k,0.1932,0.0004,space,1.3296,,2,brown_gnomes,2,1,bright_forest,yellow_basket,purple_gnome,2,2,dark_forest,red_basket,2,0,0,1,purple_gnome,dark_forest,red_basket,286,-1,1,32,0,64,1,1,,,,,,,,,,,,,,,,,,,,,,,,,,,,,,,,,,,,,,,,,,,,,,,,,,,,,,,,,,,,,,,,,,,,,,,,,,,,,,,,,,,,,,,,,,,,,,,,,,,,,,,,,,,,,
,,,,,,,,,,,,,,,,,,,,,,,,,,,,,,,,,463240,001,2024-02-22_11h53.33.211,experiment,2023.2.3,Win32,9.606147935,60f7588f01034ba56ee4ceae,65d7a31eda617eb71947213c,65d7a5ac84b61725dc7d9bb6,,,,,,,,,,,,,,,,,,,,,,,,,,,,,,,,,,,,,,,,,,,,,,,,,2,,,,,,,,,,,,,,,,,,,,,,,,,,k,1.3944,,space,0.6997,,2,purple_gnome,2,3,dark_forest,red_basket,brown_gnomes,2,0,bright_forest,yellow_basket,0,0,0,1,brown_gnomes,bright_forest,yellow_basket,286,0,1,32,1,65,1,1,,,,,,,,,,,,,,,,,,,,,,,,,,,,,,,,,,,,,,,,,,,,,,,,,,,,,,,,,,,,,,,,,,,,,,,,,,,,,,,,,,,,,,,,,,,,,,,,,,,,,,,,,,,,,
,,,,,,,,,,,,,,,,,,,,,,,,,,,,,,,,,463240,001,2024-02-22_11h53.33.211,experiment,2023.2.3,Win32,9.606147935,60f7588f01034ba56ee4ceae,65d7a31eda617eb71947213c,65d7a5ac84b61725dc7d9bb6,,,,,,,,,,,,,,,,,,,,,,,,,,,,,,,,,,,,,,,,,,,,,,,,,2,,,,,,,,,,,,,,,,,,,,,,,,,,s,0.5364,,space,0.1723,,2,purple_gnome,2,4,dark_forest,red_basket,brown_gnomes,2,0,bright_forest,yellow_basket,4,0,0,1,purple_gnome,dark_forest,red_basket,290,1,0,33,0,66,1,1,,,,,,,,,,,,,,,,,,,,,,,,,,,,,,,,,,,,,,,,,,,,,,,,,,,,,,,,,,,,,,,,,,,,,,,,,,,,,,,,,,,,,,,,,,,,,,,,,,,,,,,,,,,,,
,,,,,,,,,,,,,,,,,,,,,,,,,,,,,,,,,463240,001,2024-02-22_11h53.33.211,experiment,2023.2.3,Win32,9.606147935,60f7588f01034ba56ee4ceae,65d7a31eda617eb71947213c,65d7a5ac84b61725dc7d9bb6,,,,,,,,,,,,,,,,,,,,,,,,,,,,,,,,,,,,,,,,,,,,,,,,,2,,,,,,,,,,,,,,,,,,,,,,,,,,s,0.5434,,space,0.8381,,2,purple_gnome,2,4,dark_forest,red_basket,brown_gnomes,2,1,bright_forest,yellow_basket,4,0,0,1,purple_gnome,dark_forest,red_basket,294,0,-2,33,1,67,1,1,,,,,,,,,,,,,,,,,,,,,,,,,,,,,,,,,,,,,,,,,,,,,,,,,,,,,,,,,,,,,,,,,,,,,,,,,,,,,,,,,,,,,,,,,,,,,,,,,,,,,,,,,,,,,
,,,,,,,,,,,,,,,,,,,,,,,,,,,,,,,,,463240,001,2024-02-22_11h53.33.211,experiment,2023.2.3,Win32,9.606147935,60f7588f01034ba56ee4ceae,65d7a31eda617eb71947213c,65d7a5ac84b61725dc7d9bb6,,,,,,,,,,,,,,,,,,,,,,,,,,,,,,,,,,,,,,,,,,,,,,,,,1,,,,,,,,,,,,,,,,,,,,,,,,,,s,0.1924,0.0004,space,0.3554,0.0004,1,red_gnome,1,2,dark_forest,red_basket,green_gnome,1,1,bright_forest,yellow_basket,2,0,0,1,red_gnome,dark_forest,red_basket,296,2,2,34,0,68,0,1,,,,,,,,,,,,,,,,,,,,,,,,,,,,,,,,,,,,,,,,,,,,,,,,,,,,,,,,,,,,,,,,,,,,,,,,,,,,,,,,,,,,,,,,,,,,,,,,,,,,,,,,,,,,,
,,,,,,,,,,,,,,,,,,,,,,,,,,,,,,,,,463240,001,2024-02-22_11h53.33.211,experiment,2023.2.3,Win32,9.606147935,60f7588f01034ba56ee4ceae,65d7a31eda617eb71947213c,65d7a5ac84b61725dc7d9bb6,,,,,,,,,,,,,,,,,,,,,,,,,,,,,,,,,,,,,,,,,,,,,,,,,1,,,,,,,,,,,,,,,,,,,,,,,,,,k,0.8795,,space,0.1733,,1,green_gnome,1,3,bright_forest,yellow_basket,red_gnome,1,4,dark_forest,red_basket,4,0,0,1,red_gnome,dark_forest,red_basket,300,2,-2,34,1,69,0,1,,,,,,,,,,,,,,,,,,,,,,,,,,,,,,,,,,,,,,,,,,,,,,,,,,,,,,,,,,,,,,,,,,,,,,,,,,,,,,,,,,,,,,,,,,,,,,,,,,,,,,,,,,,,,
,,,,,,,,,,,,,,,,,,,,,,,,,,,,,,,,,463240,001,2024-02-22_11h53.33.211,experiment,2023.2.3,Win32,9.606147935,60f7588f01034ba56ee4ceae,65d7a31eda617eb71947213c,65d7a5ac84b61725dc7d9bb6,,,,,,,,,,,,,,,,,,,,,,,,,,,,,,,,,,,,,,,,,,,,,,,,,1,,,,,,,,,,,,,,,,,,,,,,,,,,s,0.1925,0.0004,space,0.2073,0.0004,1,green_gnome,1,5,bright_forest,yellow_basket,red_gnome,1,2,dark_forest,red_basket,5,0,0,1,green_gnome,bright_forest,yellow_basket,305,2,2,35,0,70,0,1,,,,,,,,,,,,,,,,,,,,,,,,,,,,,,,,,,,,,,,,,,,,,,,,,,,,,,,,,,,,,,,,,,,,,,,,,,,,,,,,,,,,,,,,,,,,,,,,,,,,,,,,,,,,,
,,,,,,,,,,,,,,,,,,,,,,,,,,,,,,,,,463240,001,2024-02-22_11h53.33.211,experiment,2023.2.3,Win32,9.606147935,60f7588f01034ba56ee4ceae,65d7a31eda617eb71947213c,65d7a5ac84b61725dc7d9bb6,,,,,,,,,,,,,,,,,,,,,,,,,,,,,,,,,,,,,,,,,,,,,,,,,2,,,,,,,,,,,,,,,,,,,,,,,,,,k,0.7115,0.0037,space,0.2019,0.0014,2,purple_gnome,2,4,dark_forest,red_basket,brown_gnomes,2,7,bright_forest,yellow_basket,7,0,0,1,brown_gnomes,bright_forest,yellow_basket,312,1,1,35,1,71,1,1,,,,,,,,,,,,,,,,,,,,,,,,,,,,,,,,,,,,,,,,,,,,,,,,,,,,,,,,,,,,,,,,,,,,,,,,,,,,,,,,,,,,,,,,,,,,,,,,,,,,,,,,,,,,,
,,,,,,,,,,,,,,,,,,,,,,,,,,,,,,,,,463240,001,2024-02-22_11h53.33.211,experiment,2023.2.3,Win32,9.606147935,60f7588f01034ba56ee4ceae,65d7a31eda617eb71947213c,65d7a5ac84b61725dc7d9bb6,,,,,,,,,,,,,,,,,,,,,,,,,,,,,,,,,,,,,,,,,,,,,,,,,1,,,,,,,,,,,,,,,,,,,,,,,,,,s,0.8547,0.0004,space,0.207,0.0003,1,green_gnome,1,8,bright_forest,yellow_basket,red_gnome,1,5,dark_forest,red_basket,8,0,0,1,green_gnome,bright_forest,yellow_basket,320,3,4,36,0,72,0,1,,,,,,,,,,,,,,,,,,,,,,,,,,,,,,,,,,,,,,,,,,,,,,,,,,,,,,,,,,,,,,,,,,,,,,,,,,,,,,,,,,,,,,,,,,,,,,,,,,,,,,,,,,,,,
,,,,,,,,,,,,,,,,,,,,,,,,,,,,,,,,,463240,001,2024-02-22_11h53.33.211,experiment,2023.2.3,Win32,9.606147935,60f7588f01034ba56ee4ceae,65d7a31eda617eb71947213c,65d7a5ac84b61725dc7d9bb6,,,,,,,,,,,,,,,,,,,,,,,,,,,,,,,,,,,,,,,,,,,,,,,,,1,,,,,,,,,,,,,,,,,,,,,,,,,,s,0.7177,,space,0.2027,0.0005,1,green_gnome,1,7,bright_forest,yellow_basket,red_gnome,1,9,dark_forest,red_basket,7,0,0,1,green_gnome,bright_forest,yellow_basket,327,2,1,36,1,73,0,1,,,,,,,,,,,,,,,,,,,,,,,,,,,,,,,,,,,,,,,,,,,,,,,,,,,,,,,,,,,,,,,,,,,,,,,,,,,,,,,,,,,,,,,,,,,,,,,,,,,,,,,,,,,,,
,,,,,,,,,,,,,,,,,,,,,,,,,,,,,,,,,463240,001,2024-02-22_11h53.33.211,experiment,2023.2.3,Win32,9.606147935,60f7588f01034ba56ee4ceae,65d7a31eda617eb71947213c,65d7a5ac84b61725dc7d9bb6,,,,,,,,,,,,,,,,,,,,,,,,,,,,,,,,,,,,,,,,,,,,,,,,,2,,,,,,,,,,,,,,,,,,,,,,,,,,s,0.5409,,space,0.207,0.0004,2,brown_gnomes,2,9,bright_forest,yellow_basket,purple_gnome,2,8,dark_forest,red_basket,9,0,0,1,brown_gnomes,bright_forest,yellow_basket,336,0,0,37,0,74,1,1,,,,,,,,,,,,,,,,,,,,,,,,,,,,,,,,,,,,,,,,,,,,,,,,,,,,,,,,,,,,,,,,,,,,,,,,,,,,,,,,,,,,,,,,,,,,,,,,,,,,,,,,,,,,,
,,,,,,,,,,,,,,,,,,,,,,,,,,,,,,,,,463240,001,2024-02-22_11h53.33.211,experiment,2023.2.3,Win32,9.606147935,60f7588f01034ba56ee4ceae,65d7a31eda617eb71947213c,65d7a5ac84b61725dc7d9bb6,,,,,,,,,,,,,,,,,,,,,,,,,,,,,,,,,,,,,,,,,,,,,,,,,2,,,,,,,,,,,,,,,,,,,,,,,,,,s,0.372,,space,0.2067,0.0004,2,brown_gnomes,2,9,bright_forest,yellow_basket,purple_gnome,2,8,dark_forest,red_basket,9,0,0,1,brown_gnomes,bright_forest,yellow_basket,345,2,1,37,1,75,1,1,,,,,,,,,,,,,,,,,,,,,,,,,,,,,,,,,,,,,,,,,,,,,,,,,,,,,,,,,,,,,,,,,,,,,,,,,,,,,,,,,,,,,,,,,,,,,,,,,,,,,,,,,,,,,
,,,,,,,,,,,,,,,,,,,,,,,,,,,,,,,,,463240,001,2024-02-22_11h53.33.211,experiment,2023.2.3,Win32,9.606147935,60f7588f01034ba56ee4ceae,65d7a31eda617eb71947213c,65d7a5ac84b61725dc7d9bb6,,,,,,,,,,,,,,,,,,,,,,,,,,,,,,,,,,,,,,,,,,,,,,,,,2,,,,,,,,,,,,,,,,,,,,,,,,,,s,0.2006,,space,0.1741,0.0003,2,purple_gnome,2,9,dark_forest,red_basket,brown_gnomes,2,7,bright_forest,yellow_basket,9,0,0,1,purple_gnome,dark_forest,red_basket,354,-3,0,38,0,76,1,1,,,,,,,,,,,,,,,,,,,,,,,,,,,,,,,,,,,,,,,,,,,,,,,,,,,,,,,,,,,,,,,,,,,,,,,,,,,,,,,,,,,,,,,,,,,,,,,,,,,,,,,,,,,,,
,,,,,,,,,,,,,,,,,,,,,,,,,,,,,,,,,463240,001,2024-02-22_11h53.33.211,experiment,2023.2.3,Win32,9.606147935,60f7588f01034ba56ee4ceae,65d7a31eda617eb71947213c,65d7a5ac84b61725dc7d9bb6,,,,,,,,,,,,,,,,,,,,,,,,,,,,,,,,,,,,,,,,,,,,,,,,,1,,,,,,,,,,,,,,,,,,,,,,,,,,s,0.2232,,space,0.2031,,1,green_gnome,1,4,bright_forest,yellow_basket,red_gnome,1,9,dark_forest,red_basket,4,0,0,1,green_gnome,bright_forest,yellow_basket,358,-1,0,38,1,77,0,1,,,,,,,,,,,,,,,,,,,,,,,,,,,,,,,,,,,,,,,,,,,,,,,,,,,,,,,,,,,,,,,,,,,,,,,,,,,,,,,,,,,,,,,,,,,,,,,,,,,,,,,,,,,,,
,,,,,,,,,,,,,,,,,,,,,,,,,,,,,,,,,463240,001,2024-02-22_11h53.33.211,experiment,2023.2.3,Win32,9.606147935,60f7588f01034ba56ee4ceae,65d7a31eda617eb71947213c,65d7a5ac84b61725dc7d9bb6,,,,,,,,,,,,,,,,,,,,,,,,,,,,,,,,,,,,,,,,,,,,,,,,,2,,,,,,,,,,,,,,,,,,,,,,,,,,k,0.3653,,space,0.1989,,2,purple_gnome,2,9,dark_forest,red_basket,brown_gnomes,2,3,bright_forest,yellow_basket,3,0,0,1,brown_gnomes,bright_forest,yellow_basket,361,3,-2,39,0,78,1,1,,,,,,,,,,,,,,,,,,,,,,,,,,,,,,,,,,,,,,,,,,,,,,,,,,,,,,,,,,,,,,,,,,,,,,,,,,,,,,,,,,,,,,,,,,,,,,,,,,,,,,,,,,,,,
,,,,,,,,,,,,,,,,,,,,,,,,,,,,,,,,,463240,001,2024-02-22_11h53.33.211,experiment,2023.2.3,Win32,9.606147935,60f7588f01034ba56ee4ceae,65d7a31eda617eb71947213c,65d7a5ac84b61725dc7d9bb6,,,,,,,,,,,,,,,,,,,,,,,,,,,,,,,,,,,,,,,,,,,,,,,,,2,,,,,,,,,,,,,,,,,,,,,,,,,,s,0.1936,,space,0.2007,,2,brown_gnomes,2,6,bright_forest,yellow_basket,purple_gnome,2,7,dark_forest,red_basket,6,0,0,1,brown_gnomes,bright_forest,yellow_basket,367,4,0,39,1,79,1,1,,,,,,,,,,,,,,,,,,,,,,,,,,,,,,,,,,,,,,,,,,,,,,,,,,,,,,,,,,,,,,,,,,,,,,,,,,,,,,,,,,,,,,,,,,,,,,,,,,,,,,,,,,,,,
,,,,,,,,,,,,,,,,,,,,,,,,,,,,,,,,,463240,001,2024-02-22_11h53.33.211,experiment,2023.2.3,Win32,9.606147935,60f7588f01034ba56ee4ceae,65d7a31eda617eb71947213c,65d7a5ac84b61725dc7d9bb6,,,,,,,,,,,,,,,,,,,,,,,,,,,,,,,,,,,,,,,,,,,,,,,,,2,,,,,,,,,,,,,,,,,,,,,,,,,,s,0.1931,,space,0.1716,0.0003,2,purple_gnome,2,7,dark_forest,red_basket,brown_gnomes,2,8,bright_forest,yellow_basket,7,0,0,1,purple_gnome,dark_forest,red_basket,374,-2,0,40,0,80,1,1,,,,,,,,,,,,,,,,,,,,,,,,,,,,,,,,,,,,,,,,,,,,,,,,,,,,,,,,,,,,,,,,,,,,,,,,,,,,,,,,,,,,,,,,,,,,,,,,,,,,,,,,,,,,,
,,,,,,,,,,,,,,,,,,,,,,,,,,,,,,,,,463240,001,2024-02-22_11h53.33.211,experiment,2023.2.3,Win32,9.606147935,60f7588f01034ba56ee4ceae,65d7a31eda617eb71947213c,65d7a5ac84b61725dc7d9bb6,,,,,,,,,,,,,,,,,,,,,,,,,,,,,,,,,,,,,,,,,,,,,,,,,1,,,,,,,,,,,,,,,,,,,,,,,,,,s,0.1926,0.0004,space,0.176,0.0003,1,red_gnome,1,7,dark_forest,red_basket,green_gnome,1,6,bright_forest,yellow_basket,7,0,0,1,red_gnome,dark_forest,red_basket,381,6,0,40,1,81,0,1,,,,,,,,,,,,,,,,,,,,,,,,,,,,,,,,,,,,,,,,,,,,,,,,,,,,,,,,,,,,,,,,,,,,,,,,,,,,,,,,,,,,,,,,,,,,,,,,,,,,,,,,,,,,,
,,,,,,,,,,,,,,,,,,,,,,,,,,,,,,,,,463240,001,2024-02-22_11h53.33.211,experiment,2023.2.3,Win32,9.606147935,60f7588f01034ba56ee4ceae,65d7a31eda617eb71947213c,65d7a5ac84b61725dc7d9bb6,,,,,,,,,,,,,,,,,,,,,,,,,,,,,,,,,,,,,,,,,,,,,,,,,1,,,,,,,,,,,,,,,,,,,,,,,,,,s,0.1955,0.0002,space,0.2009,,1,green_gnome,1,6,bright_forest,yellow_basket,red_gnome,1,7,dark_forest,red_basket,6,0,0,1,green_gnome,bright_forest,yellow_basket,387,-1,-3,41,0,82,0,1,,,,,,,,,,,,,,,,,,,,,,,,,,,,,,,,,,,,,,,,,,,,,,,,,,,,,,,,,,,,,,,,,,,,,,,,,,,,,,,,,,,,,,,,,,,,,,,,,,,,,,,,,,,,,
,,,,,,,,,,,,,,,,,,,,,,,,,,,,,,,,,463240,001,2024-02-22_11h53.33.211,experiment,2023.2.3,Win32,9.606147935,60f7588f01034ba56ee4ceae,65d7a31eda617eb71947213c,65d7a5ac84b61725dc7d9bb6,,,,,,,,,,,,,,,,,,,,,,,,,,,,,,,,,,,,,,,,,,,,,,,,,2,,,,,,,,,,,,,,,,,,,,,,,,,,s,0.1985,,space,0.1738,,2,purple_gnome,2,4,dark_forest,red_basket,brown_gnomes,2,5,bright_forest,yellow_basket,4,0,0,1,purple_gnome,dark_forest,red_basket,391,-4,-3,41,1,83,1,1,,,,,,,,,,,,,,,,,,,,,,,,,,,,,,,,,,,,,,,,,,,,,,,,,,,,,,,,,,,,,,,,,,,,,,,,,,,,,,,,,,,,,,,,,,,,,,,,,,,,,,,,,,,,,
,,,,,,,,,,,,,,,,,,,,,,,,,,,,,,,,,463240,001,2024-02-22_11h53.33.211,experiment,2023.2.3,Win32,9.606147935,60f7588f01034ba56ee4ceae,65d7a31eda617eb71947213c,65d7a5ac84b61725dc7d9bb6,,,,,,,,,,,,,,,,,,,,,,,,,,,,,,,,,,,,,,,,,,,,,,,,,1,,,,,,,,,,,,,,,,,,,,,,,,,,s,0.5439,,space,0.344,0.0002,1,red_gnome,1,1,dark_forest,red_basket,green_gnome,1,1,bright_forest,yellow_basket,1,0,0,1,red_gnome,dark_forest,red_basket,392,0,0,42,0,84,0,1,,,,,,,,,,,,,,,,,,,,,,,,,,,,,,,,,,,,,,,,,,,,,,,,,,,,,,,,,,,,,,,,,,,,,,,,,,,,,,,,,,,,,,,,,,,,,,,,,,,,,,,,,,,,,
,,,,,,,,,,,,,,,,,,,,,,,,,,,,,,,,,463240,001,2024-02-22_11h53.33.211,experiment,2023.2.3,Win32,9.606147935,60f7588f01034ba56ee4ceae,65d7a31eda617eb71947213c,65d7a5ac84b61725dc7d9bb6,,,,,,,,,,,,,,,,,,,,,,,,,,,,,,,,,,,,,,,,,,,,,,,,,2,,,,,,,,,,,,,,,,,,,,,,,,,,s,0.3706,0.0005,space,0.3414,,2,purple_gnome,2,1,dark_forest,red_basket,brown_gnomes,2,1,bright_forest,yellow_basket,1,0,0,1,purple_gnome,dark_forest,red_basket,393,-2,-1,42,1,85,1,1,,,,,,,,,,,,,,,,,,,,,,,,,,,,,,,,,,,,,,,,,,,,,,,,,,,,,,,,,,,,,,,,,,,,,,,,,,,,,,,,,,,,,,,,,,,,,,,,,,,,,,,,,,,,,
,,,,,,,,,,,,,,,,,,,,,,,,,,,,,,,,,463240,001,2024-02-22_11h53.33.211,experiment,2023.2.3,Win32,9.606147935,60f7588f01034ba56ee4ceae,65d7a31eda617eb71947213c,65d7a5ac84b61725dc7d9bb6,,,,,,,,,,,,,,,,,,,,,,,,,,,,,,,,,,,,,,,,,,,,,,,,,2,,,,,,,,,,,,,,,,,,,,,,,,,,k,0.7,0.0004,space,0.2001,0.0004,2,purple_gnome,2,0,dark_forest,red_basket,brown_gnomes,2,1,bright_forest,yellow_basket,1,0,0,1,brown_gnomes,bright_forest,yellow_basket,394,-1,-2,43,0,86,1,1,,,,,,,,,,,,,,,,,,,,,,,,,,,,,,,,,,,,,,,,,,,,,,,,,,,,,,,,,,,,,,,,,,,,,,,,,,,,,,,,,,,,,,,,,,,,,,,,,,,,,,,,,,,,,
,,,,,,,,,,,,,,,,,,,,,,,,,,,,,,,,,463240,001,2024-02-22_11h53.33.211,experiment,2023.2.3,Win32,9.606147935,60f7588f01034ba56ee4ceae,65d7a31eda617eb71947213c,65d7a5ac84b61725dc7d9bb6,,,,,,,,,,,,,,,,,,,,,,,,,,,,,,,,,,,,,,,,,,,,,,,,,2,,,,,,,,,,,,,,,,,,,,,,,,,,s,0.1983,,space,0.1752,,2,purple_gnome,2,2,dark_forest,red_basket,brown_gnomes,2,0,bright_forest,yellow_basket,2,0,0,1,purple_gnome,dark_forest,red_basket,396,-1,-1,43,1,87,1,1,,,,,,,,,,,,,,,,,,,,,,,,,,,,,,,,,,,,,,,,,,,,,,,,,,,,,,,,,,,,,,,,,,,,,,,,,,,,,,,,,,,,,,,,,,,,,,,,,,,,,,,,,,,,,
,,,,,,,,,,,,,,,,,,,,,,,,,,,,,,,,,463240,001,2024-02-22_11h53.33.211,experiment,2023.2.3,Win32,9.606147935,60f7588f01034ba56ee4ceae,65d7a31eda617eb71947213c,65d7a5ac84b61725dc7d9bb6,,,,,,,,,,,,,,,,,,,,,,,,,,,,,,,,,,,,,,,,,,,,,,,,,1,,,,,,,,,,,,,,,,,,,,,,,,,,k,0.1938,0.0006,space,0.1751,0.0004,1,green_gnome,1,1,bright_forest,yellow_basket,red_gnome,1,1,dark_forest,red_basket,1,0,0,1,red_gnome,dark_forest,red_basket,397,-3,2,44,0,88,0,1,,,,,,,,,,,,,,,,,,,,,,,,,,,,,,,,,,,,,,,,,,,,,,,,,,,,,,,,,,,,,,,,,,,,,,,,,,,,,,,,,,,,,,,,,,,,,,,,,,,,,,,,,,,,,
,,,,,,,,,,,,,,,,,,,,,,,,,,,,,,,,,463240,001,2024-02-22_11h53.33.211,experiment,2023.2.3,Win32,9.606147935,60f7588f01034ba56ee4ceae,65d7a31eda617eb71947213c,65d7a5ac84b61725dc7d9bb6,,,,,,,,,,,,,,,,,,,,,,,,,,,,,,,,,,,,,,,,,,,,,,,,,2,,,,,,,,,,,,,,,,,,,,,,,,,,s,0.3664,,,,,2,brown_gnomes,2,2,bright_forest,yellow_basket,purple_gnome,2,3,dark_forest,red_basket,0,0,1,0,brown_gnomes,bright_forest,yellow_basket,397,-3,4,44,1,89,1,1,,,,,,,,,,,,,,,,,,,,,,,,,,,,,,,,,,,,,,,,,,,,,,,,,,,,,,,,,,,,,,,,,,,,,,,,,,,,,,,,,,,,,,,,,,,,,,,,,,,,,,,,,,,,,
,,,,,,,,,,,,,,,,,,,,,,,,,,,,,,,,,463240,001,2024-02-22_11h53.33.211,experiment,2023.2.3,Win32,9.606147935,60f7588f01034ba56ee4ceae,65d7a31eda617eb71947213c,65d7a5ac84b61725dc7d9bb6,,,,,,,,,,,,,,,,,,,,,,,,,,,,,,,,,,,,,,,,,,,,,,,,,2,,,,,,,,,,,,,,,,,,,,,,,,,,s,0.1983,0.0004,space,0.2026,0.0004,2,brown_gnomes,2,1,bright_forest,yellow_basket,purple_gnome,2,7,dark_forest,red_basket,1,0,0,1,brown_gnomes,bright_forest,yellow_basket,398,0,1,45,0,90,1,1,,,,,,,,,,,,,,,,,,,,,,,,,,,,,,,,,,,,,,,,,,,,,,,,,,,,,,,,,,,,,,,,,,,,,,,,,,,,,,,,,,,,,,,,,,,,,,,,,,,,,,,,,,,,,
,,,,,,,,,,,,,,,,,,,,,,,,,,,,,,,,,463240,001,2024-02-22_11h53.33.211,experiment,2023.2.3,Win32,9.606147935,60f7588f01034ba56ee4ceae,65d7a31eda617eb71947213c,65d7a5ac84b61725dc7d9bb6,,,,,,,,,,,,,,,,,,,,,,,,,,,,,,,,,,,,,,,,,,,,,,,,,1,,,,,,,,,,,,,,,,,,,,,,,,,,s,0.7063,,space,0.175,0.0004,1,red_gnome,1,8,dark_forest,red_basket,green_gnome,1,1,bright_forest,yellow_basket,8,0,0,1,red_gnome,dark_forest,red_basket,406,-3,-2,45,1,91,0,1,,,,,,,,,,,,,,,,,,,,,,,,,,,,,,,,,,,,,,,,,,,,,,,,,,,,,,,,,,,,,,,,,,,,,,,,,,,,,,,,,,,,,,,,,,,,,,,,,,,,,,,,,,,,,
,,,,,,,,,,,,,,,,,,,,,,,,,,,,,,,,,463240,001,2024-02-22_11h53.33.211,experiment,2023.2.3,Win32,9.606147935,60f7588f01034ba56ee4ceae,65d7a31eda617eb71947213c,65d7a5ac84b61725dc7d9bb6,,,,,,,,,,,,,,,,,,,,,,,,,,,,,,,,,,,,,,,,,,,,,,,,,2,,,,,,,,,,,,,,,,,,,,,,,,,,k,0.7103,,space,0.176,0.0004,2,brown_gnomes,2,2,bright_forest,yellow_basket,purple_gnome,2,6,dark_forest,red_basket,6,0,0,1,purple_gnome,dark_forest,red_basket,412,-1,0,46,0,92,1,1,,,,,,,,,,,,,,,,,,,,,,,,,,,,,,,,,,,,,,,,,,,,,,,,,,,,,,,,,,,,,,,,,,,,,,,,,,,,,,,,,,,,,,,,,,,,,,,,,,,,,,,,,,,,,
,,,,,,,,,,,,,,,,,,,,,,,,,,,,,,,,,463240,001,2024-02-22_11h53.33.211,experiment,2023.2.3,Win32,9.606147935,60f7588f01034ba56ee4ceae,65d7a31eda617eb71947213c,65d7a5ac84b61725dc7d9bb6,,,,,,,,,,,,,,,,,,,,,,,,,,,,,,,,,,,,,,,,,,,,,,,,,2,,,,,,,,,,,,,,,,,,,,,,,,,,s,0.8807,0.0006,space,0.1757,,2,purple_gnome,2,6,dark_forest,red_basket,brown_gnomes,2,1,bright_forest,yellow_basket,6,0,0,1,purple_gnome,dark_forest,red_basket,418,0,-3,46,1,93,1,1,,,,,,,,,,,,,,,,,,,,,,,,,,,,,,,,,,,,,,,,,,,,,,,,,,,,,,,,,,,,,,,,,,,,,,,,,,,,,,,,,,,,,,,,,,,,,,,,,,,,,,,,,,,,,
,,,,,,,,,,,,,,,,,,,,,,,,,,,,,,,,,463240,001,2024-02-22_11h53.33.211,experiment,2023.2.3,Win32,9.606147935,60f7588f01034ba56ee4ceae,65d7a31eda617eb71947213c,65d7a5ac84b61725dc7d9bb6,,,,,,,,,,,,,,,,,,,,,,,,,,,,,,,,,,,,,,,,,,,,,,,,,2,,,,,,,,,,,,,,,,,,,,,,,,,,s,0.3707,,space,0.3398,0.0004,2,purple_gnome,2,3,dark_forest,red_basket,brown_gnomes,2,1,bright_forest,yellow_basket,3,0,0,1,purple_gnome,dark_forest,red_basket,421,-1,1,47,0,94,1,1,,,,,,,,,,,,,,,,,,,,,,,,,,,,,,,,,,,,,,,,,,,,,,,,,,,,,,,,,,,,,,,,,,,,,,,,,,,,,,,,,,,,,,,,,,,,,,,,,,,,,,,,,,,,,
,,,,,,,,,,,,,,,,,,,,,,,,,,,,,,,,,463240,001,2024-02-22_11h53.33.211,experiment,2023.2.3,Win32,9.606147935,60f7588f01034ba56ee4ceae,65d7a31eda617eb71947213c,65d7a5ac84b61725dc7d9bb6,,,,,,,,,,,,,,,,,,,,,,,,,,,,,,,,,,,,,,,,,,,,,,,,,2,,,,,,,,,,,,,,,,,,,,,,,,,,s,0.2006,,space,1.0409,,2,brown_gnomes,2,0,bright_forest,yellow_basket,purple_gnome,2,4,dark_forest,red_basket,0,0,0,1,brown_gnomes,bright_forest,yellow_basket,421,1,3,47,1,95,1,1,,,,,,,,,,,,,,,,,,,,,,,,,,,,,,,,,,,,,,,,,,,,,,,,,,,,,,,,,,,,,,,,,,,,,,,,,,,,,,,,,,,,,,,,,,,,,,,,,,,,,,,,,,,,,
,,,,,,,,,,,,,,,,,,,,,,,,,,,,,,,,,463240,001,2024-02-22_11h53.33.211,experiment,2023.2.3,Win32,9.606147935,60f7588f01034ba56ee4ceae,65d7a31eda617eb71947213c,65d7a5ac84b61725dc7d9bb6,,,,,,,,,,,,,,,,,,,,,,,,,,,,,,,,,,,,,,,,,,,,,,,,,1,,,,,,,,,,,,,,,,,,,,,,,,,,s,0.5421,,space,0.7128,,1,green_gnome,1,1,bright_forest,yellow_basket,red_gnome,1,7,dark_forest,red_basket,1,0,0,1,green_gnome,bright_forest,yellow_basket,422,-1,1,48,0,96,0,1,,,,,,,,,,,,,,,,,,,,,,,,,,,,,,,,,,,,,,,,,,,,,,,,,,,,,,,,,,,,,,,,,,,,,,,,,,,,,,,,,,,,,,,,,,,,,,,,,,,,,,,,,,,,,
,,,,,,,,,,,,,,,,,,,,,,,,,,,,,,,,,463240,001,2024-02-22_11h53.33.211,experiment,2023.2.3,Win32,9.606147935,60f7588f01034ba56ee4ceae,65d7a31eda617eb71947213c,65d7a5ac84b61725dc7d9bb6,,,,,,,,,,,,,,,,,,,,,,,,,,,,,,,,,,,,,,,,,,,,,,,,,2,,,,,,,,,,,,,,,,,,,,,,,,,,s,0.2007,,space,0.5598,,2,brown_gnomes,2,0,bright_forest,yellow_basket,purple_gnome,2,8,dark_forest,red_basket,0,0,0,1,brown_gnomes,bright_forest,yellow_basket,422,1,-3,48,1,97,1,1,,,,,,,,,,,,,,,,,,,,,,,,,,,,,,,,,,,,,,,,,,,,,,,,,,,,,,,,,,,,,,,,,,,,,,,,,,,,,,,,,,,,,,,,,,,,,,,,,,,,,,,,,,,,,
,,,,,,,,,,,,,,,,,,,,,,,,,,,,,,,,,463240,001,2024-02-22_11h53.33.211,experiment,2023.2.3,Win32,9.606147935,60f7588f01034ba56ee4ceae,65d7a31eda617eb71947213c,65d7a5ac84b61725dc7d9bb6,,,,,,,,,,,,,,,,,,,,,,,,,,,,,,,,,,,,,,,,,,,,,,,,,1,,,,,,,,,,,,,,,,,,,,,,,,,,s,0.3702,0.0009,space,0.1764,0.0003,1,red_gnome,1,5,dark_forest,red_basket,green_gnome,1,1,bright_forest,yellow_basket,5,0,0,1,red_gnome,dark_forest,red_basket,427,-2,-1,49,0,98,0,1,,,,,,,,,,,,,,,,,,,,,,,,,,,,,,,,,,,,,,,,,,,,,,,,,,,,,,,,,,,,,,,,,,,,,,,,,,,,,,,,,,,,,,,,,,,,,,,,,,,,,,,,,,,,,
,,,,,,,,,,,,,,,,,,,,,,,,,,,,,,,,,463240,001,2024-02-22_11h53.33.211,experiment,2023.2.3,Win32,9.606147935,60f7588f01034ba56ee4ceae,65d7a31eda617eb71947213c,65d7a5ac84b61725dc7d9bb6,,,,,,,,,,,,,,,,,,,,,,,,,,,,,,,,,,,,,,,,,,,,,,,,,2,,,,,,,,,,,,,,,,,,,,,,,,,,s,0.1989,,space,0.3391,,2,purple_gnome,2,4,dark_forest,red_basket,brown_gnomes,2,1,bright_forest,yellow_basket,4,0,0,1,purple_gnome,dark_forest,red_basket,431,-1,0,49,1,99,1,1,,,,,,,,,,,,,,,,,,,,,,,,,,,,,,,,,,,,,,,,,,,,,,,,,,,,,,,,,,,,,,,,,,,,,,,,,,,,,,,,,,,,,,,,,,,,,,,,,,,,,,,,,,,,,
,,,,,,,,,,,,,,,,,,,,,,,,,,,,,,,,,463240,001,2024-02-22_11h53.33.211,experiment,2023.2.3,Win32,9.606147935,60f7588f01034ba56ee4ceae,65d7a31eda617eb71947213c,65d7a5ac84b61725dc7d9bb6,,,,,,,,,,,,,,,,,,,,,,,,,,,,,,,,,,,,,,,,,,,,,,,,,2,,,,,,,,,,,,,,,,,,,,,,,,,,s,0.3646,,space,0.3412,,2,purple_gnome,2,4,dark_forest,red_basket,brown_gnomes,2,0,bright_forest,yellow_basket,4,0,0,1,purple_gnome,dark_forest,red_basket,435,1,-1,50,0,100,1,1,,,,,,,,,,,,,,,,,,,,,,,,,,,,,,,,,,,,,,,,,,,,,,,,,,,,,,,,,,,,,,,,,,,,,,,,,,,,,,,,,,,,,,,,,,,,,,,,,,,,,,,,,,,,,
,,,,,,,,,,,,,,,,,,,,,,,,,,,,,,,,,463240,001,2024-02-22_11h53.33.211,experiment,2023.2.3,Win32,9.606147935,60f7588f01034ba56ee4ceae,65d7a31eda617eb71947213c,65d7a5ac84b61725dc7d9bb6,,,,,,,,,,,,,,,,,,,,,,,,,,,,,,,,,,,,,,,,,,,,,,,,,2,,,,,,,,,,,,,,,,,,,,,,,,,,s,1.228,,space,0.1762,,2,purple_gnome,2,3,dark_forest,red_basket,brown_gnomes,2,1,bright_forest,yellow_basket,3,0,0,1,purple_gnome,dark_forest,red_basket,438,0,-1,50,1,101,1,1,,,,,,,,,,,,,,,,,,,,,,,,,,,,,,,,,,,,,,,,,,,,,,,,,,,,,,,,,,,,,,,,,,,,,,,,,,,,,,,,,,,,,,,,,,,,,,,,,,,,,,,,,,,,,
,,,,,,,,,,,,,,,,,,,,,,,,,,,,,,,,,463240,001,2024-02-22_11h53.33.211,experiment,2023.2.3,Win32,9.606147935,60f7588f01034ba56ee4ceae,65d7a31eda617eb71947213c,65d7a5ac84b61725dc7d9bb6,,,,,,,,,,,,,,,,,,,,,,,,,,,,,,,,,,,,,,,,,,,,,,,,,2,,,,,,,,,,,,,,,,,,,,,,,,,,s,0.5438,,,,,2,brown_gnomes,2,1,bright_forest,yellow_basket,purple_gnome,2,2,dark_forest,red_basket,0,0,1,0,brown_gnomes,bright_forest,yellow_basket,438,1,1,51,0,102,1,1,,,,,,,,,,,,,,,,,,,,,,,,,,,,,,,,,,,,,,,,,,,,,,,,,,,,,,,,,,,,,,,,,,,,,,,,,,,,,,,,,,,,,,,,,,,,,,,,,,,,,,,,,,,,,
,,,,,,,,,,,,,,,,,,,,,,,,,,,,,,,,,463240,001,2024-02-22_11h53.33.211,experiment,2023.2.3,Win32,9.606147935,60f7588f01034ba56ee4ceae,65d7a31eda617eb71947213c,65d7a5ac84b61725dc7d9bb6,,,,,,,,,,,,,,,,,,,,,,,,,,,,,,,,,,,,,,,,,,,,,,,,,1,,,,,,,,,,,,,,,,,,,,,,,,,,s,0.3683,0.0007,space,0.2042,0.0004,1,green_gnome,1,2,bright_forest,yellow_basket,red_gnome,1,3,dark_forest,red_basket,2,0,0,1,green_gnome,bright_forest,yellow_basket,440,1,-2,51,1,103,0,1,,,,,,,,,,,,,,,,,,,,,,,,,,,,,,,,,,,,,,,,,,,,,,,,,,,,,,,,,,,,,,,,,,,,,,,,,,,,,,,,,,,,,,,,,,,,,,,,,,,,,,,,,,,,,
,,,,,,,,,,,,,,,,,,,,,,,,,,,,,,,,,463240,001,2024-02-22_11h53.33.211,experiment,2023.2.3,Win32,9.606147935,60f7588f01034ba56ee4ceae,65d7a31eda617eb71947213c,65d7a5ac84b61725dc7d9bb6,,,,,,,,,,,,,,,,,,,,,,,,,,,,,,,,,,,,,,,,,,,,,,,,,2,,,,,,,,,,,,,,,,,,,,,,,,,,s,0.3694,0.0003,space,0.9077,,2,brown_gnomes,2,3,bright_forest,yellow_basket,purple_gnome,2,1,dark_forest,red_basket,3,0,0,1,brown_gnomes,bright_forest,yellow_basket,443,2,2,52,0,104,1,1,,,,,,,,,,,,,,,,,,,,,,,,,,,,,,,,,,,,,,,,,,,,,,,,,,,,,,,,,,,,,,,,,,,,,,,,,,,,,,,,,,,,,,,,,,,,,,,,,,,,,,,,,,,,,
,,,,,,,,,,,,,,,,,,,,,,,,,,,,,,,,,463240,001,2024-02-22_11h53.33.211,experiment,2023.2.3,Win32,9.606147935,60f7588f01034ba56ee4ceae,65d7a31eda617eb71947213c,65d7a5ac84b61725dc7d9bb6,,,,,,,,,,,,,,,,,,,,,,,,,,,,,,,,,,,,,,,,,,,,,,,,,1,,,,,,,,,,,,,,,,,,,,,,,,,,s,0.3657,0.0008,space,0.1728,,1,red_gnome,1,3,dark_forest,red_basket,green_gnome,1,5,bright_forest,yellow_basket,3,0,0,1,red_gnome,dark_forest,red_basket,446,0,1,52,1,105,0,1,,,,,,,,,,,,,,,,,,,,,,,,,,,,,,,,,,,,,,,,,,,,,,,,,,,,,,,,,,,,,,,,,,,,,,,,,,,,,,,,,,,,,,,,,,,,,,,,,,,,,,,,,,,,,
,,,,,,,,,,,,,,,,,,,,,,,,,,,,,,,,,463240,001,2024-02-22_11h53.33.211,experiment,2023.2.3,Win32,9.606147935,60f7588f01034ba56ee4ceae,65d7a31eda617eb71947213c,65d7a5ac84b61725dc7d9bb6,,,,,,,,,,,,,,,,,,,,,,,,,,,,,,,,,,,,,,,,,,,,,,,,,2,,,,,,,,,,,,,,,,,,,,,,,,,,s,0.1952,0.0012,space,0.2046,,2,brown_gnomes,2,5,bright_forest,yellow_basket,purple_gnome,2,4,dark_forest,red_basket,5,0,0,1,brown_gnomes,bright_forest,yellow_basket,451,-1,2,53,0,106,1,1,,,,,,,,,,,,,,,,,,,,,,,,,,,,,,,,,,,,,,,,,,,,,,,,,,,,,,,,,,,,,,,,,,,,,,,,,,,,,,,,,,,,,,,,,,,,,,,,,,,,,,,,,,,,,
,,,,,,,,,,,,,,,,,,,,,,,,,,,,,,,,,463240,001,2024-02-22_11h53.33.211,experiment,2023.2.3,Win32,9.606147935,60f7588f01034ba56ee4ceae,65d7a31eda617eb71947213c,65d7a5ac84b61725dc7d9bb6,,,,,,,,,,,,,,,,,,,,,,,,,,,,,,,,,,,,,,,,,,,,,,,,,2,,,,,,,,,,,,,,,,,,,,,,,,,,s,0.1955,0.0008,space,0.203,,2,brown_gnomes,2,4,bright_forest,yellow_basket,purple_gnome,2,6,dark_forest,red_basket,4,0,0,1,brown_gnomes,bright_forest,yellow_basket,455,-4,1,53,1,107,1,1,,,,,,,,,,,,,,,,,,,,,,,,,,,,,,,,,,,,,,,,,,,,,,,,,,,,,,,,,,,,,,,,,,,,,,,,,,,,,,,,,,,,,,,,,,,,,,,,,,,,,,,,,,,,,
,,,,,,,,,,,,,,,,,,,,,,,,,,,,,,,,,463240,001,2024-02-22_11h53.33.211,experiment,2023.2.3,Win32,9.606147935,60f7588f01034ba56ee4ceae,65d7a31eda617eb71947213c,65d7a5ac84b61725dc7d9bb6,,,,,,,,,,,,,,,,,,,,,,,,,,,,,,,,,,,,,,,,,,,,,,,,,2,,,,,,,,,,,,,,,,,,,,,,,,,,s,0.3686,,space,0.4036,,2,brown_gnomes,2,0,bright_forest,yellow_basket,purple_gnome,2,7,dark_forest,red_basket,0,0,0,1,brown_gnomes,bright_forest,yellow_basket,455,1,0,54,0,108,1,1,,,,,,,,,,,,,,,,,,,,,,,,,,,,,,,,,,,,,,,,,,,,,,,,,,,,,,,,,,,,,,,,,,,,,,,,,,,,,,,,,,,,,,,,,,,,,,,,,,,,,,,,,,,,,
,,,,,,,,,,,,,,,,,,,,,,,,,,,,,,,,,463240,001,2024-02-22_11h53.33.211,experiment,2023.2.3,Win32,9.606147935,60f7588f01034ba56ee4ceae,65d7a31eda617eb71947213c,65d7a5ac84b61725dc7d9bb6,,,,,,,,,,,,,,,,,,,,,,,,,,,,,,,,,,,,,,,,,,,,,,,,,1,,,,,,,,,,,,,,,,,,,,,,,,,,s,0.194,,space,0.3425,,1,red_gnome,1,7,dark_forest,red_basket,green_gnome,1,1,bright_forest,yellow_basket,7,0,0,1,red_gnome,dark_forest,red_basket,462,0,0,54,1,109,0,1,,,,,,,,,,,,,,,,,,,,,,,,,,,,,,,,,,,,,,,,,,,,,,,,,,,,,,,,,,,,,,,,,,,,,,,,,,,,,,,,,,,,,,,,,,,,,,,,,,,,,,,,,,,,,
,,,,,,,,,,,,,,,,,,,,,,,,,,,,,,,,,463240,001,2024-02-22_11h53.33.211,experiment,2023.2.3,Win32,9.606147935,60f7588f01034ba56ee4ceae,65d7a31eda617eb71947213c,65d7a5ac84b61725dc7d9bb6,,,,,,,,,,,,,,,,,,,,,,,,,,,,,,,,,,,,,,,,,,,,,,,,,1,,,,,,,,,,,,,,,,,,,,,,,,,,s,0.1973,,space,0.1758,,1,red_gnome,1,7,dark_forest,red_basket,green_gnome,1,1,bright_forest,yellow_basket,7,0,0,1,red_gnome,dark_forest,red_basket,469,-1,2,55,0,110,0,1,,,,,,,,,,,,,,,,,,,,,,,,,,,,,,,,,,,,,,,,,,,,,,,,,,,,,,,,,,,,,,,,,,,,,,,,,,,,,,,,,,,,,,,,,,,,,,,,,,,,,,,,,,,,,
,,,,,,,,,,,,,,,,,,,,,,,,,,,,,,,,,463240,001,2024-02-22_11h53.33.211,experiment,2023.2.3,Win32,9.606147935,60f7588f01034ba56ee4ceae,65d7a31eda617eb71947213c,65d7a5ac84b61725dc7d9bb6,,,,,,,,,,,,,,,,,,,,,,,,,,,,,,,,,,,,,,,,,,,,,,,,,2,,,,,,,,,,,,,,,,,,,,,,,,,,s,0.1938,0.0003,space,0.706,0.0004,2,brown_gnomes,2,0,bright_forest,yellow_basket,purple_gnome,2,9,dark_forest,red_basket,0,0,0,1,brown_gnomes,bright_forest,yellow_basket,469,3,-3,55,1,111,1,1,,,,,,,,,,,,,,,,,,,,,,,,,,,,,,,,,,,,,,,,,,,,,,,,,,,,,,,,,,,,,,,,,,,,,,,,,,,,,,,,,,,,,,,,,,,,,,,,,,,,,,,,,,,,,
,,,,,,,,,,,,,,,,,,,,,,,,,,,,,,,,,463240,001,2024-02-22_11h53.33.211,experiment,2023.2.3,Win32,9.606147935,60f7588f01034ba56ee4ceae,65d7a31eda617eb71947213c,65d7a5ac84b61725dc7d9bb6,,,,,,,,,,,,,,,,,,,,,,,,,,,,,,,,,,,,,,,,,,,,,,,,,1,,,,,,,,,,,,,,,,,,,,,,,,,,s,0.1966,,space,0.3468,,1,red_gnome,1,6,dark_forest,red_basket,green_gnome,1,3,bright_forest,yellow_basket,6,0,0,1,red_gnome,dark_forest,red_basket,475,3,-2,56,0,112,0,1,,,,,,,,,,,,,,,,,,,,,,,,,,,,,,,,,,,,,,,,,,,,,,,,,,,,,,,,,,,,,,,,,,,,,,,,,,,,,,,,,,,,,,,,,,,,,,,,,,,,,,,,,,,,,
,,,,,,,,,,,,,,,,,,,,,,,,,,,,,,,,,463240,001,2024-02-22_11h53.33.211,experiment,2023.2.3,Win32,9.606147935,60f7588f01034ba56ee4ceae,65d7a31eda617eb71947213c,65d7a5ac84b61725dc7d9bb6,,,,,,,,,,,,,,,,,,,,,,,,,,,,,,,,,,,,,,,,,,,,,,,,,2,,,,,,,,,,,,,,,,,,,,,,,,,,s,0.1963,,space,0.2076,,2,brown_gnomes,2,6,bright_forest,yellow_basket,purple_gnome,2,4,dark_forest,red_basket,6,0,0,1,brown_gnomes,bright_forest,yellow_basket,481,1,-1,56,1,113,1,1,,,,,,,,,,,,,,,,,,,,,,,,,,,,,,,,,,,,,,,,,,,,,,,,,,,,,,,,,,,,,,,,,,,,,,,,,,,,,,,,,,,,,,,,,,,,,,,,,,,,,,,,,,,,,
,,,,,,,,,,,,,,,,,,,,,,,,,,,,,,,,,463240,001,2024-02-22_11h53.33.211,experiment,2023.2.3,Win32,9.606147935,60f7588f01034ba56ee4ceae,65d7a31eda617eb71947213c,65d7a5ac84b61725dc7d9bb6,,,,,,,,,,,,,,,,,,,,,,,,,,,,,,,,,,,,,,,,,,,,,,,,,2,,,,,,,,,,,,,,,,,,,,,,,,,,s,1.4259,0.0008,space,0.7047,,2,brown_gnomes,2,7,bright_forest,yellow_basket,purple_gnome,2,3,dark_forest,red_basket,7,0,0,1,brown_gnomes,bright_forest,yellow_basket,488,1,3,57,0,114,1,1,,,,,,,,,,,,,,,,,,,,,,,,,,,,,,,,,,,,,,,,,,,,,,,,,,,,,,,,,,,,,,,,,,,,,,,,,,,,,,,,,,,,,,,,,,,,,,,,,,,,,,,,,,,,,
,,,,,,,,,,,,,,,,,,,,,,,,,,,,,,,,,463240,001,2024-02-22_11h53.33.211,experiment,2023.2.3,Win32,9.606147935,60f7588f01034ba56ee4ceae,65d7a31eda617eb71947213c,65d7a5ac84b61725dc7d9bb6,,,,,,,,,,,,,,,,,,,,,,,,,,,,,,,,,,,,,,,,,,,,,,,,,2,,,,,,,,,,,,,,,,,,,,,,,,,,s,0.6981,,space,0.1781,0.0003,2,purple_gnome,2,6,dark_forest,red_basket,brown_gnomes,2,8,bright_forest,yellow_basket,6,0,0,1,purple_gnome,dark_forest,red_basket,494,-3,-2,57,1,115,1,1,,,,,,,,,,,,,,,,,,,,,,,,,,,,,,,,,,,,,,,,,,,,,,,,,,,,,,,,,,,,,,,,,,,,,,,,,,,,,,,,,,,,,,,,,,,,,,,,,,,,,,,,,,,,,
,,,,,,,,,,,,,,,,,,,,,,,,,,,,,,,,,463240,001,2024-02-22_11h53.33.211,experiment,2023.2.3,Win32,9.606147935,60f7588f01034ba56ee4ceae,65d7a31eda617eb71947213c,65d7a5ac84b61725dc7d9bb6,,,,,,,,,,,,,,,,,,,,,,,,,,,,,,,,,,,,,,,,,,,,,,,,,1,,,,,,,,,,,,,,,,,,,,,,,,,,s,1.3896,,,,,1,red_gnome,1,4,dark_forest,red_basket,green_gnome,1,5,bright_forest,yellow_basket,0,0,1,0,red_gnome,dark_forest,red_basket,494,1,1,58,0,116,0,1,,,,,,,,,,,,,,,,,,,,,,,,,,,,,,,,,,,,,,,,,,,,,,,,,,,,,,,,,,,,,,,,,,,,,,,,,,,,,,,,,,,,,,,,,,,,,,,,,,,,,,,,,,,,,
,,,,,,,,,,,,,,,,,,,,,,,,,,,,,,,,,463240,001,2024-02-22_11h53.33.211,experiment,2023.2.3,Win32,9.606147935,60f7588f01034ba56ee4ceae,65d7a31eda617eb71947213c,65d7a5ac84b61725dc7d9bb6,,,,,,,,,,,,,,,,,,,,,,,,,,,,,,,,,,,,,,,,,,,,,,,,,1,,,,,,,,,,,,,,,,,,,,,,,,,,s,0.364,0.0012,,,,1,red_gnome,1,5,dark_forest,red_basket,green_gnome,1,6,bright_forest,yellow_basket,0,0,1,0,red_gnome,dark_forest,red_basket,494,0,-3,58,1,117,0,1,,,,,,,,,,,,,,,,,,,,,,,,,,,,,,,,,,,,,,,,,,,,,,,,,,,,,,,,,,,,,,,,,,,,,,,,,,,,,,,,,,,,,,,,,,,,,,,,,,,,,,,,,,,,,
,,,,,,,,,,,,,,,,,,,,,,,,,,,,,,,,,463240,001,2024-02-22_11h53.33.211,experiment,2023.2.3,Win32,9.606147935,60f7588f01034ba56ee4ceae,65d7a31eda617eb71947213c,65d7a5ac84b61725dc7d9bb6,,,,,,,,,,,,,,,,,,,,,,,,,,,,,,,,,,,,,,,,,,,,,,,,,1,,,,,,,,,,,,,,,,,,,,,,,,,,s,0.1938,,space,0.2067,0.0003,1,green_gnome,1,6,bright_forest,yellow_basket,red_gnome,1,2,dark_forest,red_basket,6,0,0,1,green_gnome,bright_forest,yellow_basket,500,2,1,59,0,118,0,1,,,,,,,,,,,,,,,,,,,,,,,,,,,,,,,,,,,,,,,,,,,,,,,,,,,,,,,,,,,,,,,,,,,,,,,,,,,,,,,,,,,,,,,,,,,,,,,,,,,,,,,,,,,,,
,,,,,,,,,,,,,,,,,,,,,,,,,,,,,,,,,463240,001,2024-02-22_11h53.33.211,experiment,2023.2.3,Win32,9.606147935,60f7588f01034ba56ee4ceae,65d7a31eda617eb71947213c,65d7a5ac84b61725dc7d9bb6,,,,,,,,,,,,,,,,,,,,,,,,,,,,,,,,,,,,,,,,,,,,,,,,,1,,,,,,,,,,,,,,,,,,,,,,,,,,s,0.372,,space,0.543,,1,green_gnome,1,8,bright_forest,yellow_basket,red_gnome,1,3,dark_forest,red_basket,8,0,0,1,green_gnome,bright_forest,yellow_basket,508,-4,-3,59,1,119,0,1,,,,,,,,,,,,,,,,,,,,,,,,,,,,,,,,,,,,,,,,,,,,,,,,,,,,,,,,,,,,,,,,,,,,,,,,,,,,,,,,,,,,,,,,,,,,,,,,,,,,,,,,,,,,,
,,,,,,,,,,,,,,,,,,,,,,,,,,,,,,,,,463240,001,2024-02-22_11h53.33.211,experiment,2023.2.3,Win32,9.606147935,60f7588f01034ba56ee4ceae,65d7a31eda617eb71947213c,65d7a5ac84b61725dc7d9bb6,,,,,,,,,,,,,,,,,,,,,,,,,,,,,,,,,,,,,,,,,,,,,,,,,1,,,,,,,,,,,,,,,,,,,,,,,,,,s,0.5442,,space,0.1725,,1,red_gnome,1,0,dark_forest,red_basket,green_gnome,1,4,bright_forest,yellow_basket,0,0,0,1,red_gnome,dark_forest,red_basket,508,1,1,60,0,120,0,1,,,,,,,,,,,,,,,,,,,,,,,,,,,,,,,,,,,,,,,,,,,,,,,,,,,,,,,,,,,,,,,,,,,,,,,,,,,,,,,,,,,,,,,,,,,,,,,,,,,,,,,,,,,,,
,,,,,,,,,,,,,,,,,,,,,,,,,,,,,,,,,463240,001,2024-02-22_11h53.33.211,experiment,2023.2.3,Win32,9.606147935,60f7588f01034ba56ee4ceae,65d7a31eda617eb71947213c,65d7a5ac84b61725dc7d9bb6,,,,,,,,,,,,,,,,,,,,,,,,,,,,,,,,,,,,,,,,,,,,,,,,,1,,,,,,,,,,,,,,,,,,,,,,,,,,s,0.1905,0.0003,space,0.1733,,1,red_gnome,1,1,dark_forest,red_basket,green_gnome,1,5,bright_forest,yellow_basket,1,0,0,1,red_gnome,dark_forest,red_basket,509,1,2,60,1,121,0,1,,,,,,,,,,,,,,,,,,,,,,,,,,,,,,,,,,,,,,,,,,,,,,,,,,,,,,,,,,,,,,,,,,,,,,,,,,,,,,,,,,,,,,,,,,,,,,,,,,,,,,,,,,,,,
,,,,,,,,,,,,,,,,,,,,,,,,,,,,,,,,,463240,001,2024-02-22_11h53.33.211,experiment,2023.2.3,Win32,9.606147935,60f7588f01034ba56ee4ceae,65d7a31eda617eb71947213c,65d7a5ac84b61725dc7d9bb6,,,,,,,,,,,,,,,,,,,,,,,,,,,,,,,,,,,,,,,,,,,,,,,,,2,,,,,,,,,,,,,,,,,,,,,,,,,,s,0.1967,,space,0.3387,,2,purple_gnome,2,3,dark_forest,red_basket,brown_gnomes,2,6,bright_forest,yellow_basket,3,0,0,1,purple_gnome,dark_forest,red_basket,512,-2,1,61,0,122,1,1,,,,,,,,,,,,,,,,,,,,,,,,,,,,,,,,,,,,,,,,,,,,,,,,,,,,,,,,,,,,,,,,,,,,,,,,,,,,,,,,,,,,,,,,,,,,,,,,,,,,,,,,,,,,,
,,,,,,,,,,,,,,,,,,,,,,,,,,,,,,,,,463240,001,2024-02-22_11h53.33.211,experiment,2023.2.3,Win32,9.606147935,60f7588f01034ba56ee4ceae,65d7a31eda617eb71947213c,65d7a5ac84b61725dc7d9bb6,,,,,,,,,,,,,,,,,,,,,,,,,,,,,,,,,,,,,,,,,,,,,,,,,1,,,,,,,,,,,,,,,,,,,,,,,,,,s,0.1987,,space,0.1769,,1,red_gnome,1,4,dark_forest,red_basket,green_gnome,1,4,bright_forest,yellow_basket,4,0,0,1,red_gnome,dark_forest,red_basket,516,1,0,61,1,123,0,1,,,,,,,,,,,,,,,,,,,,,,,,,,,,,,,,,,,,,,,,,,,,,,,,,,,,,,,,,,,,,,,,,,,,,,,,,,,,,,,,,,,,,,,,,,,,,,,,,,,,,,,,,,,,,
,,,,,,,,,,,,,,,,,,,,,,,,,,,,,,,,,463240,001,2024-02-22_11h53.33.211,experiment,2023.2.3,Win32,9.606147935,60f7588f01034ba56ee4ceae,65d7a31eda617eb71947213c,65d7a5ac84b61725dc7d9bb6,,,,,,,,,,,,,,,,,,,,,,,,,,,,,,,,,,,,,,,,,,,,,,,,,2,,,,,,,,,,,,,,,,,,,,,,,,,,s,0.3709,0.0006,space,0.2036,,2,brown_gnomes,2,5,bright_forest,yellow_basket,purple_gnome,2,4,dark_forest,red_basket,5,0,0,1,brown_gnomes,bright_forest,yellow_basket,521,-1,-1,62,0,124,1,1,,,,,,,,,,,,,,,,,,,,,,,,,,,,,,,,,,,,,,,,,,,,,,,,,,,,,,,,,,,,,,,,,,,,,,,,,,,,,,,,,,,,,,,,,,,,,,,,,,,,,,,,,,,,,
,,,,,,,,,,,,,,,,,,,,,,,,,,,,,,,,,463240,001,2024-02-22_11h53.33.211,experiment,2023.2.3,Win32,9.606147935,60f7588f01034ba56ee4ceae,65d7a31eda617eb71947213c,65d7a5ac84b61725dc7d9bb6,,,,,,,,,,,,,,,,,,,,,,,,,,,,,,,,,,,,,,,,,,,,,,,,,2,,,,,,,,,,,,,,,,,,,,,,,,,,s,0.1972,0.001,space,0.2042,0.0008,2,brown_gnomes,2,4,bright_forest,yellow_basket,purple_gnome,2,3,dark_forest,red_basket,4,0,0,1,brown_gnomes,bright_forest,yellow_basket,525,-3,0,62,1,125,1,1,,,,,,,,,,,,,,,,,,,,,,,,,,,,,,,,,,,,,,,,,,,,,,,,,,,,,,,,,,,,,,,,,,,,,,,,,,,,,,,,,,,,,,,,,,,,,,,,,,,,,,,,,,,,,
,,,,,,,,,,,,,,,,,,,,,,,,,,,,,,,,,463240,001,2024-02-22_11h53.33.211,experiment,2023.2.3,Win32,9.606147935,60f7588f01034ba56ee4ceae,65d7a31eda617eb71947213c,65d7a5ac84b61725dc7d9bb6,,,,,,,,,,,,,,,,,,,,,,,,,,,,,,,,,,,,,,,,,,,,,,,,,2,,,,,,,,,,,,,,,,,,,,,,,,,,s,0.2036,0.0003,,,,2,brown_gnomes,2,1,bright_forest,yellow_basket,purple_gnome,2,3,dark_forest,red_basket,0,0,1,0,brown_gnomes,bright_forest,yellow_basket,525,-3,0,63,0,126,1,1,,,,,,,,,,,,,,,,,,,,,,,,,,,,,,,,,,,,,,,,,,,,,,,,,,,,,,,,,,,,,,,,,,,,,,,,,,,,,,,,,,,,,,,,,,,,,,,,,,,,,,,,,,,,,
,,,,,,,,,,,,,,,,,,,,,,,,,,,,,,,,,463240,001,2024-02-22_11h53.33.211,experiment,2023.2.3,Win32,9.606147935,60f7588f01034ba56ee4ceae,65d7a31eda617eb71947213c,65d7a5ac84b61725dc7d9bb6,,,,,,,,,,,,,,,,,,,,,,,,,,,,,,,,,,,,,,,,,,,,,,,,,1,,,,,,,,,,,,,,,,,,,,,,,,,,s,1.3861,0.0018,space,0.1782,,1,red_gnome,1,3,dark_forest,red_basket,green_gnome,1,2,bright_forest,yellow_basket,3,0,0,1,red_gnome,dark_forest,red_basket,528,-1,0,63,1,127,0,1,,,,,,,,,,,,,,,,,,,,,,,,,,,,,,,,,,,,,,,,,,,,,,,,,,,,,,,,,,,,,,,,,,,,,,,,,,,,,,,,,,,,,,,,,,,,,,,,,,,,,,,,,,,,,
,,,,,,,,,,,,,,,,,,,,,,,,,,,,,,,,,463240,001,2024-02-22_11h53.33.211,experiment,2023.2.3,Win32,9.606147935,60f7588f01034ba56ee4ceae,65d7a31eda617eb71947213c,65d7a5ac84b61725dc7d9bb6,,,,,,,,,,,,,,,,,,,,,,,,,,,,,,,,,,,,,,,,,,,,,,,,,1,,,,,,,,,,,,,,,,,,,,,,,,,,s,0.3699,,space,0.5206,,1,red_gnome,1,3,dark_forest,red_basket,green_gnome,1,1,bright_forest,yellow_basket,3,0,0,1,red_gnome,dark_forest,red_basket,531,2,0,64,0,128,0,1,,,,,,,,,,,,,,,,,,,,,,,,,,,,,,,,,,,,,,,,,,,,,,,,,,,,,,,,,,,,,,,,,,,,,,,,,,,,,,,,,,,,,,,,,,,,,,,,,,,,,,,,,,,,,
,,,,,,,,,,,,,,,,,,,,,,,,,,,,,,,,,463240,001,2024-02-22_11h53.33.211,experiment,2023.2.3,Win32,9.606147935,60f7588f01034ba56ee4ceae,65d7a31eda617eb71947213c,65d7a5ac84b61725dc7d9bb6,,,,,,,,,,,,,,,,,,,,,,,,,,,,,,,,,,,,,,,,,,,,,,,,,2,,,,,,,,,,,,,,,,,,,,,,,,,,s,0.7121,0.0003,space,0.5051,,2,purple_gnome,2,3,dark_forest,red_basket,brown_gnomes,2,3,bright_forest,yellow_basket,3,0,0,1,purple_gnome,dark_forest,red_basket,534,3,1,64,1,129,1,1,,,,,,,,,,,,,,,,,,,,,,,,,,,,,,,,,,,,,,,,,,,,,,,,,,,,,,,,,,,,,,,,,,,,,,,,,,,,,,,,,,,,,,,,,,,,,,,,,,,,,,,,,,,,,
,,,,,,,,,,,,,,,,,,,,,,,,,,,,,,,,,463240,001,2024-02-22_11h53.33.211,experiment,2023.2.3,Win32,9.606147935,60f7588f01034ba56ee4ceae,65d7a31eda617eb71947213c,65d7a5ac84b61725dc7d9bb6,,,,,,,,,,,,,,,,,,,,,,,,,,,,,,,,,,,,,,,,,,,,,,,,,2,,,,,,,,,,,,,,,,,,,,,,,,,,s,0.5397,,space,0.2026,,2,brown_gnomes,2,6,bright_forest,yellow_basket,purple_gnome,2,4,dark_forest,red_basket,6,0,0,1,brown_gnomes,bright_forest,yellow_basket,540,-1,-1,65,0,130,1,1,,,,,,,,,,,,,,,,,,,,,,,,,,,,,,,,,,,,,,,,,,,,,,,,,,,,,,,,,,,,,,,,,,,,,,,,,,,,,,,,,,,,,,,,,,,,,,,,,,,,,,,,,,,,,
,,,,,,,,,,,,,,,,,,,,,,,,,,,,,,,,,463240,001,2024-02-22_11h53.33.211,experiment,2023.2.3,Win32,9.606147935,60f7588f01034ba56ee4ceae,65d7a31eda617eb71947213c,65d7a5ac84b61725dc7d9bb6,,,,,,,,,,,,,,,,,,,,,,,,,,,,,,,,,,,,,,,,,,,,,,,,,1,,,,,,,,,,,,,,,,,,,,,,,,,,s,0.1963,,space,0.1738,0.0004,1,red_gnome,1,3,dark_forest,red_basket,green_gnome,1,5,bright_forest,yellow_basket,3,0,0,1,red_gnome,dark_forest,red_basket,543,1,-2,65,1,131,0,1,,,,,,,,,,,,,,,,,,,,,,,,,,,,,,,,,,,,,,,,,,,,,,,,,,,,,,,,,,,,,,,,,,,,,,,,,,,,,,,,,,,,,,,,,,,,,,,,,,,,,,,,,,,,,
,,,,,,,,,,,,,,,,,,,,,,,,,,,,,,,,,463240,001,2024-02-22_11h53.33.211,experiment,2023.2.3,Win32,9.606147935,60f7588f01034ba56ee4ceae,65d7a31eda617eb71947213c,65d7a5ac84b61725dc7d9bb6,,,,,,,,,,,,,,,,,,,,,,,,,,,,,,,,,,,,,,,,,,,,,,,,,2,,,,,,,,,,,,,,,,,,,,,,,,,,s,0.1962,,,,,2,brown_gnomes,2,6,bright_forest,yellow_basket,purple_gnome,2,1,dark_forest,red_basket,0,0,1,0,brown_gnomes,bright_forest,yellow_basket,543,-1,-1,66,0,132,1,1,,,,,,,,,,,,,,,,,,,,,,,,,,,,,,,,,,,,,,,,,,,,,,,,,,,,,,,,,,,,,,,,,,,,,,,,,,,,,,,,,,,,,,,,,,,,,,,,,,,,,,,,,,,,,
,,,,,,,,,,,,,,,,,,,,,,,,,,,,,,,,,463240,001,2024-02-22_11h53.33.211,experiment,2023.2.3,Win32,9.606147935,60f7588f01034ba56ee4ceae,65d7a31eda617eb71947213c,65d7a5ac84b61725dc7d9bb6,,,,,,,,,,,,,,,,,,,,,,,,,,,,,,,,,,,,,,,,,,,,,,,,,1,,,,,,,,,,,,,,,,,,,,,,,,,,s,0.1965,,space,0.3391,0.0008,1,red_gnome,1,0,dark_forest,red_basket,green_gnome,1,5,bright_forest,yellow_basket,0,0,0,1,red_gnome,dark_forest,red_basket,543,-1,-1,66,1,133,0,1,,,,,,,,,,,,,,,,,,,,,,,,,,,,,,,,,,,,,,,,,,,,,,,,,,,,,,,,,,,,,,,,,,,,,,,,,,,,,,,,,,,,,,,,,,,,,,,,,,,,,,,,,,,,,
,,,,,,,,,,,,,,,,,,,,,,,,,,,,,,,,,463240,001,2024-02-22_11h53.33.211,experiment,2023.2.3,Win32,9.606147935,60f7588f01034ba56ee4ceae,65d7a31eda617eb71947213c,65d7a5ac84b61725dc7d9bb6,,,,,,,,,,,,,,,,,,,,,,,,,,,,,,,,,,,,,,,,,,,,,,,,,2,,,,,,,,,,,,,,,,,,,,,,,,,,s,0.3654,0.0005,space,0.1742,,2,purple_gnome,2,1,dark_forest,red_basket,brown_gnomes,2,4,bright_forest,yellow_basket,1,0,0,1,purple_gnome,dark_forest,red_basket,544,1,-2,67,0,134,1,1,,,,,,,,,,,,,,,,,,,,,,,,,,,,,,,,,,,,,,,,,,,,,,,,,,,,,,,,,,,,,,,,,,,,,,,,,,,,,,,,,,,,,,,,,,,,,,,,,,,,,,,,,,,,,
,,,,,,,,,,,,,,,,,,,,,,,,,,,,,,,,,463240,001,2024-02-22_11h53.33.211,experiment,2023.2.3,Win32,9.606147935,60f7588f01034ba56ee4ceae,65d7a31eda617eb71947213c,65d7a5ac84b61725dc7d9bb6,,,,,,,,,,,,,,,,,,,,,,,,,,,,,,,,,,,,,,,,,,,,,,,,,1,,,,,,,,,,,,,,,,,,,,,,,,,,s,0.3639,,space,0.2032,0.0006,1,green_gnome,1,5,bright_forest,yellow_basket,red_gnome,1,1,dark_forest,red_basket,5,0,0,1,green_gnome,bright_forest,yellow_basket,549,-1,-3,67,1,135,0,1,,,,,,,,,,,,,,,,,,,,,,,,,,,,,,,,,,,,,,,,,,,,,,,,,,,,,,,,,,,,,,,,,,,,,,,,,,,,,,,,,,,,,,,,,,,,,,,,,,,,,,,,,,,,,
,,,,,,,,,,,,,,,,,,,,,,,,,,,,,,,,,463240,001,2024-02-22_11h53.33.211,experiment,2023.2.3,Win32,9.606147935,60f7588f01034ba56ee4ceae,65d7a31eda617eb71947213c,65d7a5ac84b61725dc7d9bb6,,,,,,,,,,,,,,,,,,,,,,,,,,,,,,,,,,,,,,,,,,,,,,,,,2,,,,,,,,,,,,,,,,,,,,,,,,,,s,0.4212,0.0006,space,1.2054,0.0006,2,brown_gnomes,2,4,bright_forest,yellow_basket,purple_gnome,2,2,dark_forest,red_basket,4,0,0,1,brown_gnomes,bright_forest,yellow_basket,553,1,-3,68,0,136,1,1,,,,,,,,,,,,,,,,,,,,,,,,,,,,,,,,,,,,,,,,,,,,,,,,,,,,,,,,,,,,,,,,,,,,,,,,,,,,,,,,,,,,,,,,,,,,,,,,,,,,,,,,,,,,,
,,,,,,,,,,,,,,,,,,,,,,,,,,,,,,,,,463240,001,2024-02-22_11h53.33.211,experiment,2023.2.3,Win32,9.606147935,60f7588f01034ba56ee4ceae,65d7a31eda617eb71947213c,65d7a5ac84b61725dc7d9bb6,,,,,,,,,,,,,,,,,,,,,,,,,,,,,,,,,,,,,,,,,,,,,,,,,1,,,,,,,,,,,,,,,,,,,,,,,,,,s,0.7251,0.0003,,,,1,red_gnome,1,1,dark_forest,red_basket,green_gnome,1,5,bright_forest,yellow_basket,0,0,1,0,red_gnome,dark_forest,red_basket,553,0,-2,68,1,137,0,1,,,,,,,,,,,,,,,,,,,,,,,,,,,,,,,,,,,,,,,,,,,,,,,,,,,,,,,,,,,,,,,,,,,,,,,,,,,,,,,,,,,,,,,,,,,,,,,,,,,,,,,,,,,,,
,,,,,,,,,,,,,,,,,,,,,,,,,,,,,,,,,463240,001,2024-02-22_11h53.33.211,experiment,2023.2.3,Win32,9.606147935,60f7588f01034ba56ee4ceae,65d7a31eda617eb71947213c,65d7a5ac84b61725dc7d9bb6,,,,,,,,,,,,,,,,,,,,,,,,,,,,,,,,,,,,,,,,,,,,,,,,,2,,,,,,,,,,,,,,,,,,,,,,,,,,s,0.3672,,,,,2,purple_gnome,2,1,dark_forest,red_basket,brown_gnomes,2,5,bright_forest,yellow_basket,0,0,1,0,purple_gnome,dark_forest,red_basket,553,-2,-4,69,0,138,1,1,,,,,,,,,,,,,,,,,,,,,,,,,,,,,,,,,,,,,,,,,,,,,,,,,,,,,,,,,,,,,,,,,,,,,,,,,,,,,,,,,,,,,,,,,,,,,,,,,,,,,,,,,,,,,
,,,,,,,,,,,,,,,,,,,,,,,,,,,,,,,,,463240,001,2024-02-22_11h53.33.211,experiment,2023.2.3,Win32,9.606147935,60f7588f01034ba56ee4ceae,65d7a31eda617eb71947213c,65d7a5ac84b61725dc7d9bb6,,,,,,,,,,,,,,,,,,,,,,,,,,,,,,,,,,,,,,,,,,,,,,,,,1,,,,,,,,,,,,,,,,,,,,,,,,,,s,0.3622,,space,0.5075,,1,red_gnome,1,3,dark_forest,red_basket,green_gnome,1,3,bright_forest,yellow_basket,3,0,0,1,red_gnome,dark_forest,red_basket,556,-2,3,69,1,139,0,1,,,,,,,,,,,,,,,,,,,,,,,,,,,,,,,,,,,,,,,,,,,,,,,,,,,,,,,,,,,,,,,,,,,,,,,,,,,,,,,,,,,,,,,,,,,,,,,,,,,,,,,,,,,,,
,,,,,,,,,,,,,,,,,,,,,,,,,,,,,,,,,463240,001,2024-02-22_11h53.33.211,experiment,2023.2.3,Win32,9.606147935,60f7588f01034ba56ee4ceae,65d7a31eda617eb71947213c,65d7a5ac84b61725dc7d9bb6,,,,,,,,,,,,,,,,,,,,,,,,,,,,,,,,,,,,,,,,,,,,,,,,,2,,,,,,,,,,,,,,,,,,,,,,,,,,s,0.5355,,space,0.174,0.0016,2,purple_gnome,2,6,dark_forest,red_basket,brown_gnomes,2,1,bright_forest,yellow_basket,6,0,0,1,purple_gnome,dark_forest,red_basket,562,-2,-1,70,0,140,1,1,,,,,,,,,,,,,,,,,,,,,,,,,,,,,,,,,,,,,,,,,,,,,,,,,,,,,,,,,,,,,,,,,,,,,,,,,,,,,,,,,,,,,,,,,,,,,,,,,,,,,,,,,,,,,
,,,,,,,,,,,,,,,,,,,,,,,,,,,,,,,,,463240,001,2024-02-22_11h53.33.211,experiment,2023.2.3,Win32,9.606147935,60f7588f01034ba56ee4ceae,65d7a31eda617eb71947213c,65d7a5ac84b61725dc7d9bb6,,,,,,,,,,,,,,,,,,,,,,,,,,,,,,,,,,,,,,,,,,,,,,,,,1,,,,,,,,,,,,,,,,,,,,,,,,,,s,0.368,,space,0.2028,,1,green_gnome,1,1,bright_forest,yellow_basket,red_gnome,1,5,dark_forest,red_basket,1,0,0,1,green_gnome,bright_forest,yellow_basket,563,0,2,70,1,141,0,1,,,,,,,,,,,,,,,,,,,,,,,,,,,,,,,,,,,,,,,,,,,,,,,,,,,,,,,,,,,,,,,,,,,,,,,,,,,,,,,,,,,,,,,,,,,,,,,,,,,,,,,,,,,,,
,,,,,,,,,,,,,,,,,,,,,,,,,,,,,,,,,463240,001,2024-02-22_11h53.33.211,experiment,2023.2.3,Win32,9.606147935,60f7588f01034ba56ee4ceae,65d7a31eda617eb71947213c,65d7a5ac84b61725dc7d9bb6,,,,,,,,,,,,,,,,,,,,,,,,,,,,,,,,,,,,,,,,,,,,,,,,,1,,,,,,,,,,,,,,,,,,,,,,,,,,s,0.1989,,space,0.5069,,1,red_gnome,1,7,dark_forest,red_basket,green_gnome,1,1,bright_forest,yellow_basket,7,0,0,1,red_gnome,dark_forest,red_basket,570,1,2,71,0,142,0,1,,,,,,,,,,,,,,,,,,,,,,,,,,,,,,,,,,,,,,,,,,,,,,,,,,,,,,,,,,,,,,,,,,,,,,,,,,,,,,,,,,,,,,,,,,,,,,,,,,,,,,,,,,,,,
,,,,,,,,,,,,,,,,,,,,,,,,,,,,,,,,,463240,001,2024-02-22_11h53.33.211,experiment,2023.2.3,Win32,9.606147935,60f7588f01034ba56ee4ceae,65d7a31eda617eb71947213c,65d7a5ac84b61725dc7d9bb6,,,,,,,,,,,,,,,,,,,,,,,,,,,,,,,,,,,,,,,,,,,,,,,,,1,,,,,,,,,,,,,,,,,,,,,,,,,,s,0.5356,0.0006,space,0.2011,,1,green_gnome,1,2,bright_forest,yellow_basket,red_gnome,1,9,dark_forest,red_basket,2,0,0,1,green_gnome,bright_forest,yellow_basket,572,-1,-2,71,1,143,0,1,,,,,,,,,,,,,,,,,,,,,,,,,,,,,,,,,,,,,,,,,,,,,,,,,,,,,,,,,,,,,,,,,,,,,,,,,,,,,,,,,,,,,,,,,,,,,,,,,,,,,,,,,,,,,
,,,,,,,,,,,,,,,,,,,,,,,,,,,,,,,,,463240,001,2024-02-22_11h53.33.211,experiment,2023.2.3,Win32,9.606147935,60f7588f01034ba56ee4ceae,65d7a31eda617eb71947213c,65d7a5ac84b61725dc7d9bb6,,,,,,,,,,,,,,,,,,,,,,,,,,,,,,,,,,,,,,,,,,,,,,,,,1,,,,,,,,,,,,,,,,,,,,,,,,,,s,0.1926,,space,0.3387,0.0013,1,red_gnome,1,7,dark_forest,red_basket,green_gnome,1,1,bright_forest,yellow_basket,7,0,0,1,red_gnome,dark_forest,red_basket,579,2,-5,72,0,144,0,1,,,,,,,,,,,,,,,,,,,,,,,,,,,,,,,,,,,,,,,,,,,,,,,,,,,,,,,,,,,,,,,,,,,,,,,,,,,,,,,,,,,,,,,,,,,,,,,,,,,,,,,,,,,,,
,,,,,,,,,,,,,,,,,,,,,,,,,,,,,,,,,463240,001,2024-02-22_11h53.33.211,experiment,2023.2.3,Win32,9.606147935,60f7588f01034ba56ee4ceae,65d7a31eda617eb71947213c,65d7a5ac84b61725dc7d9bb6,,,,,,,,,,,,,,,,,,,,,,,,,,,,,,,,,,,,,,,,,,,,,,,,,2,,,,,,,,,,,,,,,,,,,,,,,,,,s,0.2018,,space,0.5068,0.0005,2,purple_gnome,2,2,dark_forest,red_basket,brown_gnomes,2,3,bright_forest,yellow_basket,2,0,0,1,purple_gnome,dark_forest,red_basket,581,1,2,72,1,145,1,1,,,,,,,,,,,,,,,,,,,,,,,,,,,,,,,,,,,,,,,,,,,,,,,,,,,,,,,,,,,,,,,,,,,,,,,,,,,,,,,,,,,,,,,,,,,,,,,,,,,,,,,,,,,,,
,,,,,,,,,,,,,,,,,,,,,,,,,,,,,,,,,463240,001,2024-02-22_11h53.33.211,experiment,2023.2.3,Win32,9.606147935,60f7588f01034ba56ee4ceae,65d7a31eda617eb71947213c,65d7a5ac84b61725dc7d9bb6,,,,,,,,,,,,,,,,,,,,,,,,,,,,,,,,,,,,,,,,,,,,,,,,,2,,,,,,,,,,,,,,,,,,,,,,,,,,s,0.1958,0.0004,,,,2,brown_gnomes,2,4,bright_forest,yellow_basket,purple_gnome,2,4,dark_forest,red_basket,0,0,1,0,brown_gnomes,bright_forest,yellow_basket,581,0,-2,73,0,146,1,1,,,,,,,,,,,,,,,,,,,,,,,,,,,,,,,,,,,,,,,,,,,,,,,,,,,,,,,,,,,,,,,,,,,,,,,,,,,,,,,,,,,,,,,,,,,,,,,,,,,,,,,,,,,,,
,,,,,,,,,,,,,,,,,,,,,,,,,,,,,,,,,463240,001,2024-02-22_11h53.33.211,experiment,2023.2.3,Win32,9.606147935,60f7588f01034ba56ee4ceae,65d7a31eda617eb71947213c,65d7a5ac84b61725dc7d9bb6,,,,,,,,,,,,,,,,,,,,,,,,,,,,,,,,,,,,,,,,,,,,,,,,,1,,,,,,,,,,,,,,,,,,,,,,,,,,s,0.3602,,space,0.5037,,1,red_gnome,1,2,dark_forest,red_basket,green_gnome,1,4,bright_forest,yellow_basket,2,0,0,1,red_gnome,dark_forest,red_basket,583,-2,1,73,1,147,0,1,,,,,,,,,,,,,,,,,,,,,,,,,,,,,,,,,,,,,,,,,,,,,,,,,,,,,,,,,,,,,,,,,,,,,,,,,,,,,,,,,,,,,,,,,,,,,,,,,,,,,,,,,,,,,
,,,,,,,,,,,,,,,,,,,,,,,,,,,,,,,,,463240,001,2024-02-22_11h53.33.211,experiment,2023.2.3,Win32,9.606147935,60f7588f01034ba56ee4ceae,65d7a31eda617eb71947213c,65d7a5ac84b61725dc7d9bb6,,,,,,,,,,,,,,,,,,,,,,,,,,,,,,,,,,,,,,,,,,,,,,,,,1,,,,,,,,,,,,,,,,,,,,,,,,,,s,1.2124,,space,0.347,,1,red_gnome,1,3,dark_forest,red_basket,green_gnome,1,2,bright_forest,yellow_basket,3,0,0,1,red_gnome,dark_forest,red_basket,586,0,1,74,0,148,0,1,,,,,,,,,,,,,,,,,,,,,,,,,,,,,,,,,,,,,,,,,,,,,,,,,,,,,,,,,,,,,,,,,,,,,,,,,,,,,,,,,,,,,,,,,,,,,,,,,,,,,,,,,,,,,
,,,,,,,,,,,,,,,,,,,,,,,,,,,,,,,,,463240,001,2024-02-22_11h53.33.211,experiment,2023.2.3,Win32,9.606147935,60f7588f01034ba56ee4ceae,65d7a31eda617eb71947213c,65d7a5ac84b61725dc7d9bb6,,,,,,,,,,,,,,,,,,,,,,,,,,,,,,,,,,,,,,,,,,,,,,,,,2,,,,,,,,,,,,,,,,,,,,,,,,,,s,0.3687,,,,,2,purple_gnome,2,4,dark_forest,red_basket,brown_gnomes,2,2,bright_forest,yellow_basket,0,0,1,0,purple_gnome,dark_forest,red_basket,586,4,-2,74,1,149,1,1,,,,,,,,,,,,,,,,,,,,,,,,,,,,,,,,,,,,,,,,,,,,,,,,,,,,,,,,,,,,,,,,,,,,,,,,,,,,,,,,,,,,,,,,,,,,,,,,,,,,,,,,,,,,,
,,,,,,,,,,,,,,,,,,,,,,,,,,,,,,,,,463240,001,2024-02-22_11h53.33.211,experiment,2023.2.3,Win32,9.606147935,60f7588f01034ba56ee4ceae,65d7a31eda617eb71947213c,65d7a5ac84b61725dc7d9bb6,,,,,,,,,,,,,,,,,,,,,,,,,,,,,,,,,,,,,,,,,,,,,,,,,1,,,,,,,,,,,,,,,,,,,,,,,,,,,,,,,,1,red_gnome,1,2,dark_forest,red_basket,green_gnome,1,6,bright_forest,yellow_basket,0,1,0,0,,dark_forest,red_basket,586,0,1,75,0,150,0,1,,,,,,,,,,,,,,,,,,,,,,,,,,,,,,,,,,,,,,,,,,,,,,,,,,,,,,,,,,,,,,,,,,,,,,,,,,,,,,,,,,,,,,,,,,,,,,,,,,,,,,,,,,,,,
,,,,,,,,,,,,,,,,,,,,,,,,,,,,,,,,,463240,001,2024-02-22_11h53.33.211,experiment,2023.2.3,Win32,9.606147935,60f7588f01034ba56ee4ceae,65d7a31eda617eb71947213c,65d7a5ac84b61725dc7d9bb6,,,,,,,,,,,,,,,,,,,,,,,,,,,,,,,,,,,,,,,,,,,,,,,,,1,,,,,,,,,,,,,,,,,,,,,,,,,,,,,,,,1,green_gnome,1,6,bright_forest,yellow_basket,red_gnome,1,3,dark_forest,red_basket,0,1,0,0,,dark_forest,red_basket,586,-5,-1,75,1,151,0,1,,,,,,,,,,,,,,,,,,,,,,,,,,,,,,,,,,,,,,,,,,,,,,,,,,,,,,,,,,,,,,,,,,,,,,,,,,,,,,,,,,,,,,,,,,,,,,,,,,,,,,,,,,,,,
,,,,,,,,,,,,,,,,,,,,,,,,,,,,,,,,,463240,001,2024-02-22_11h53.33.211,experiment,2023.2.3,Win32,9.606147935,60f7588f01034ba56ee4ceae,65d7a31eda617eb71947213c,65d7a5ac84b61725dc7d9bb6,,,,,,,,,,,,,,,,,,,,,,,,,,,,,,,,,,,,,,,,,,,,,,,,,2,,,,,,,,,,,,,,,,,,,,,,,,,,s,0.1993,,space,0.2057,,2,brown_gnomes,2,1,bright_forest,yellow_basket,purple_gnome,2,2,dark_forest,red_basket,1,0,0,1,brown_gnomes,bright_forest,yellow_basket,587,4,-3,76,0,152,1,1,,,,,,,,,,,,,,,,,,,,,,,,,,,,,,,,,,,,,,,,,,,,,,,,,,,,,,,,,,,,,,,,,,,,,,,,,,,,,,,,,,,,,,,,,,,,,,,,,,,,,,,,,,,,,
,,,,,,,,,,,,,,,,,,,,,,,,,,,,,,,,,463240,001,2024-02-22_11h53.33.211,experiment,2023.2.3,Win32,9.606147935,60f7588f01034ba56ee4ceae,65d7a31eda617eb71947213c,65d7a5ac84b61725dc7d9bb6,,,,,,,,,,,,,,,,,,,,,,,,,,,,,,,,,,,,,,,,,,,,,,,,,1,,,,,,,,,,,,,,,,,,,,,,,,,,s,0.3666,,space,0.3422,0.0004,1,red_gnome,1,1,dark_forest,red_basket,green_gnome,1,5,bright_forest,yellow_basket,1,0,0,1,red_gnome,dark_forest,red_basket,588,-1,-1,76,1,153,0,1,,,,,,,,,,,,,,,,,,,,,,,,,,,,,,,,,,,,,,,,,,,,,,,,,,,,,,,,,,,,,,,,,,,,,,,,,,,,,,,,,,,,,,,,,,,,,,,,,,,,,,,,,,,,,
,,,,,,,,,,,,,,,,,,,,,,,,,,,,,,,,,463240,001,2024-02-22_11h53.33.211,experiment,2023.2.3,Win32,9.606147935,60f7588f01034ba56ee4ceae,65d7a31eda617eb71947213c,65d7a5ac84b61725dc7d9bb6,,,,,,,,,,,,,,,,,,,,,,,,,,,,,,,,,,,,,,,,,,,,,,,,,2,,,,,,,,,,,,,,,,,,,,,,,,,,s,0.3719,0.0016,space,0.3368,,2,purple_gnome,2,0,dark_forest,red_basket,brown_gnomes,2,4,bright_forest,yellow_basket,0,0,0,1,purple_gnome,dark_forest,red_basket,588,-2,1,77,0,154,1,1,,,,,,,,,,,,,,,,,,,,,,,,,,,,,,,,,,,,,,,,,,,,,,,,,,,,,,,,,,,,,,,,,,,,,,,,,,,,,,,,,,,,,,,,,,,,,,,,,,,,,,,,,,,,,
,,,,,,,,,,,,,,,,,,,,,,,,,,,,,,,,,463240,001,2024-02-22_11h53.33.211,experiment,2023.2.3,Win32,9.606147935,60f7588f01034ba56ee4ceae,65d7a31eda617eb71947213c,65d7a5ac84b61725dc7d9bb6,,,,,,,,,,,,,,,,,,,,,,,,,,,,,,,,,,,,,,,,,,,,,,,,,1,,,,,,,,,,,,,,,,,,,,,,,,,,s,0.1897,0.0012,space,1.0231,,1,green_gnome,1,2,bright_forest,yellow_basket,red_gnome,1,1,dark_forest,red_basket,2,0,0,1,green_gnome,bright_forest,yellow_basket,590,-2,2,77,1,155,0,1,,,,,,,,,,,,,,,,,,,,,,,,,,,,,,,,,,,,,,,,,,,,,,,,,,,,,,,,,,,,,,,,,,,,,,,,,,,,,,,,,,,,,,,,,,,,,,,,,,,,,,,,,,,,,
,,,,,,,,,,,,,,,,,,,,,,,,,,,,,,,,,463240,001,2024-02-22_11h53.33.211,experiment,2023.2.3,Win32,9.606147935,60f7588f01034ba56ee4ceae,65d7a31eda617eb71947213c,65d7a5ac84b61725dc7d9bb6,,,,,,,,,,,,,,,,,,,,,,,,,,,,,,,,,,,,,,,,,,,,,,,,,2,,,,,,,,,,,,,,,,,,,,,,,,,,s,0.3687,,space,0.1994,,2,brown_gnomes,2,0,bright_forest,yellow_basket,purple_gnome,2,3,dark_forest,red_basket,0,0,0,1,brown_gnomes,bright_forest,yellow_basket,590,2,1,78,0,156,1,1,,,,,,,,,,,,,,,,,,,,,,,,,,,,,,,,,,,,,,,,,,,,,,,,,,,,,,,,,,,,,,,,,,,,,,,,,,,,,,,,,,,,,,,,,,,,,,,,,,,,,,,,,,,,,
,,,,,,,,,,,,,,,,,,,,,,,,,,,,,,,,,463240,001,2024-02-22_11h53.33.211,experiment,2023.2.3,Win32,9.606147935,60f7588f01034ba56ee4ceae,65d7a31eda617eb71947213c,65d7a5ac84b61725dc7d9bb6,,,,,,,,,,,,,,,,,,,,,,,,,,,,,,,,,,,,,,,,,,,,,,,,,1,,,,,,,,,,,,,,,,,,,,,,,,,,s,0.5441,0.0004,space,0.1751,0.0009,1,red_gnome,1,4,dark_forest,red_basket,green_gnome,1,2,bright_forest,yellow_basket,4,0,0,1,red_gnome,dark_forest,red_basket,594,-2,-2,78,1,157,0,1,,,,,,,,,,,,,,,,,,,,,,,,,,,,,,,,,,,,,,,,,,,,,,,,,,,,,,,,,,,,,,,,,,,,,,,,,,,,,,,,,,,,,,,,,,,,,,,,,,,,,,,,,,,,,
,,,,,,,,,,,,,,,,,,,,,,,,,,,,,,,,,463240,001,2024-02-22_11h53.33.211,experiment,2023.2.3,Win32,9.606147935,60f7588f01034ba56ee4ceae,65d7a31eda617eb71947213c,65d7a5ac84b61725dc7d9bb6,,,,,,,,,,,,,,,,,,,,,,,,,,,,,,,,,,,,,,,,,,,,,,,,,2,,,,,,,,,,,,,,,,,,,,,,,,,,s,0.1991,,space,0.2064,0.0006,2,brown_gnomes,2,0,bright_forest,yellow_basket,purple_gnome,2,2,dark_forest,red_basket,0,0,0,1,brown_gnomes,bright_forest,yellow_basket,594,-2,1,79,0,158,1,1,,,,,,,,,,,,,,,,,,,,,,,,,,,,,,,,,,,,,,,,,,,,,,,,,,,,,,,,,,,,,,,,,,,,,,,,,,,,,,,,,,,,,,,,,,,,,,,,,,,,,,,,,,,,,
,,,,,,,,,,,,,,,,,,,,,,,,,,,,,,,,,463240,001,2024-02-22_11h53.33.211,experiment,2023.2.3,Win32,9.606147935,60f7588f01034ba56ee4ceae,65d7a31eda617eb71947213c,65d7a5ac84b61725dc7d9bb6,,,,,,,,,,,,,,,,,,,,,,,,,,,,,,,,,,,,,,,,,,,,,,,,,1,,,,,,,,,,,,,,,,,,,,,,,,,,s,0.1948,0.0004,space,0.1751,,1,red_gnome,1,3,dark_forest,red_basket,green_gnome,1,2,bright_forest,yellow_basket,3,0,0,1,red_gnome,dark_forest,red_basket,597,0,0,79,1,159,0,1,,,,,,,,,,,,,,,,,,,,,,,,,,,,,,,,,,,,,,,,,,,,,,,,,,,,,,,,,,,,,,,,,,,,,,,,,,,,,,,,,,,,,,,,,,,,,,,,,,,,,,,,,,,,,
,,,,,,,,,,,,,,,,,,,,,,,,,,,,,,,,,463240,001,2024-02-22_11h53.33.211,experiment,2023.2.3,Win32,9.606147935,60f7588f01034ba56ee4ceae,65d7a31eda617eb71947213c,65d7a5ac84b61725dc7d9bb6,,,,,,,,,,,,,,,,,,,,,,,,,,,,,,,,,,,,,,,,,,,,,,,,,2,,,,,,,,,,,,,,,,,,,,,,,,,,s,0.5383,,space,0.3663,0.0005,2,brown_gnomes,2,2,bright_forest,yellow_basket,purple_gnome,2,3,dark_forest,red_basket,2,0,0,1,brown_gnomes,bright_forest,yellow_basket,599,-1,-1,80,0,160,1,1,,,,,,,,,,,,,,,,,,,,,,,,,,,,,,,,,,,,,,,,,,,,,,,,,,,,,,,,,,,,,,,,,,,,,,,,,,,,,,,,,,,,,,,,,,,,,,,,,,,,,,,,,,,,,
,,,,,,,,,,,,,,,,,,,,,,,,,,,,,,,,,463240,001,2024-02-22_11h53.33.211,experiment,2023.2.3,Win32,9.606147935,60f7588f01034ba56ee4ceae,65d7a31eda617eb71947213c,65d7a5ac84b61725dc7d9bb6,,,,,,,,,,,,,,,,,,,,,,,,,,,,,,,,,,,,,,,,,,,,,,,,,2,,,,,,,,,,,,,,,,,,,,,,,,,,s,0.3683,0.0007,space,0.1781,0.0003,2,purple_gnome,2,2,dark_forest,red_basket,brown_gnomes,2,1,bright_forest,yellow_basket,2,0,0,1,purple_gnome,dark_forest,red_basket,601,-1,2,80,1,161,1,1,,,,,,,,,,,,,,,,,,,,,,,,,,,,,,,,,,,,,,,,,,,,,,,,,,,,,,,,,,,,,,,,,,,,,,,,,,,,,,,,,,,,,,,,,,,,,,,,,,,,,,,,,,,,,
,,,,,,,,,,,,,,,,,,,,,,,,,,,,,,,,,463240,001,2024-02-22_11h53.33.211,experiment,2023.2.3,Win32,9.606147935,60f7588f01034ba56ee4ceae,65d7a31eda617eb71947213c,65d7a5ac84b61725dc7d9bb6,,,,,,,,,,,,,,,,,,,,,,,,,,,,,,,,,,,,,,,,,,,,,,,,,2,,,,,,,,,,,,,,,,,,,,,,,,,,s,0.5362,,space,1.1686,0.0007,2,purple_gnome,2,4,dark_forest,red_basket,brown_gnomes,2,0,bright_forest,yellow_basket,4,0,0,1,purple_gnome,dark_forest,red_basket,605,-1,-1,81,0,162,1,1,,,,,,,,,,,,,,,,,,,,,,,,,,,,,,,,,,,,,,,,,,,,,,,,,,,,,,,,,,,,,,,,,,,,,,,,,,,,,,,,,,,,,,,,,,,,,,,,,,,,,,,,,,,,,
,,,,,,,,,,,,,,,,,,,,,,,,,,,,,,,,,463240,001,2024-02-22_11h53.33.211,experiment,2023.2.3,Win32,9.606147935,60f7588f01034ba56ee4ceae,65d7a31eda617eb71947213c,65d7a5ac84b61725dc7d9bb6,,,,,,,,,,,,,,,,,,,,,,,,,,,,,,,,,,,,,,,,,,,,,,,,,2,,,,,,,,,,,,,,,,,,,,,,,,,,s,0.1948,,space,0.534,0.0009,2,brown_gnomes,2,1,bright_forest,yellow_basket,purple_gnome,2,3,dark_forest,red_basket,1,0,0,1,brown_gnomes,bright_forest,yellow_basket,606,3,4,81,1,163,1,1,,,,,,,,,,,,,,,,,,,,,,,,,,,,,,,,,,,,,,,,,,,,,,,,,,,,,,,,,,,,,,,,,,,,,,,,,,,,,,,,,,,,,,,,,,,,,,,,,,,,,,,,,,,,,
,,,,,,,,,,,,,,,,,,,,,,,,,,,,,,,,,463240,001,2024-02-22_11h53.33.211,experiment,2023.2.3,Win32,9.606147935,60f7588f01034ba56ee4ceae,65d7a31eda617eb71947213c,65d7a5ac84b61725dc7d9bb6,,,,,,,,,,,,,,,,,,,,,,,,,,,,,,,,,,,,,,,,,,,,,,,,,1,,,,,,,,,,,,,,,,,,,,,,,,,,,,,,,,1,red_gnome,1,7,dark_forest,red_basket,green_gnome,1,4,bright_forest,yellow_basket,0,1,0,0,,bright_forest,yellow_basket,606,2,0,82,0,164,0,1,,,,,,,,,,,,,,,,,,,,,,,,,,,,,,,,,,,,,,,,,,,,,,,,,,,,,,,,,,,,,,,,,,,,,,,,,,,,,,,,,,,,,,,,,,,,,,,,,,,,,,,,,,,,,
,,,,,,,,,,,,,,,,,,,,,,,,,,,,,,,,,463240,001,2024-02-22_11h53.33.211,experiment,2023.2.3,Win32,9.606147935,60f7588f01034ba56ee4ceae,65d7a31eda617eb71947213c,65d7a5ac84b61725dc7d9bb6,,,,,,,,,,,,,,,,,,,,,,,,,,,,,,,,,,,,,,,,,,,,,,,,,2,,,,,,,,,,,,,,,,,,,,,,,,,,,,,,,,2,purple_gnome,2,7,dark_forest,red_basket,brown_gnomes,2,6,bright_forest,yellow_basket,0,1,0,0,,bright_forest,yellow_basket,606,-1,0,82,1,165,1,1,,,,,,,,,,,,,,,,,,,,,,,,,,,,,,,,,,,,,,,,,,,,,,,,,,,,,,,,,,,,,,,,,,,,,,,,,,,,,,,,,,,,,,,,,,,,,,,,,,,,,,,,,,,,,
,,,,,,,,,,,,,,,,,,,,,,,,,,,,,,,,,463240,001,2024-02-22_11h53.33.211,experiment,2023.2.3,Win32,9.606147935,60f7588f01034ba56ee4ceae,65d7a31eda617eb71947213c,65d7a5ac84b61725dc7d9bb6,,,,,,,,,,,,,,,,,,,,,,,,,,,,,,,,,,,,,,,,,,,,,,,,,1,,,,,,,,,,,,,,,,,,,,,,,,,,s,0.3628,0.0005,space,0.2033,0.0013,1,green_gnome,1,5,bright_forest,yellow_basket,red_gnome,1,7,dark_forest,red_basket,5,0,0,1,green_gnome,bright_forest,yellow_basket,611,-1,4,83,0,166,0,1,,,,,,,,,,,,,,,,,,,,,,,,,,,,,,,,,,,,,,,,,,,,,,,,,,,,,,,,,,,,,,,,,,,,,,,,,,,,,,,,,,,,,,,,,,,,,,,,,,,,,,,,,,,,,
,,,,,,,,,,,,,,,,,,,,,,,,,,,,,,,,,463240,001,2024-02-22_11h53.33.211,experiment,2023.2.3,Win32,9.606147935,60f7588f01034ba56ee4ceae,65d7a31eda617eb71947213c,65d7a5ac84b61725dc7d9bb6,,,,,,,,,,,,,,,,,,,,,,,,,,,,,,,,,,,,,,,,,,,,,,,,,1,,,,,,,,,,,,,,,,,,,,,,,,,,s,0.1958,0.0008,space,0.1743,,1,red_gnome,1,7,dark_forest,red_basket,green_gnome,1,4,bright_forest,yellow_basket,7,0,0,1,red_gnome,dark_forest,red_basket,618,0,-1,83,1,167,0,1,,,,,,,,,,,,,,,,,,,,,,,,,,,,,,,,,,,,,,,,,,,,,,,,,,,,,,,,,,,,,,,,,,,,,,,,,,,,,,,,,,,,,,,,,,,,,,,,,,,,,,,,,,,,,
,,,,,,,,,,,,,,,,,,,,,,,,,,,,,,,,,463240,001,2024-02-22_11h53.33.211,experiment,2023.2.3,Win32,9.606147935,60f7588f01034ba56ee4ceae,65d7a31eda617eb71947213c,65d7a5ac84b61725dc7d9bb6,,,,,,,,,,,,,,,,,,,,,,,,,,,,,,,,,,,,,,,,,,,,,,,,,2,,,,,,,,,,,,,,,,,,,,,,,,,,s,0.2016,,space,0.2034,,2,brown_gnomes,2,4,bright_forest,yellow_basket,purple_gnome,2,6,dark_forest,red_basket,4,0,0,1,brown_gnomes,bright_forest,yellow_basket,622,1,-4,84,0,168,1,1,,,,,,,,,,,,,,,,,,,,,,,,,,,,,,,,,,,,,,,,,,,,,,,,,,,,,,,,,,,,,,,,,,,,,,,,,,,,,,,,,,,,,,,,,,,,,,,,,,,,,,,,,,,,,
,,,,,,,,,,,,,,,,,,,,,,,,,,,,,,,,,463240,001,2024-02-22_11h53.33.211,experiment,2023.2.3,Win32,9.606147935,60f7588f01034ba56ee4ceae,65d7a31eda617eb71947213c,65d7a5ac84b61725dc7d9bb6,,,,,,,,,,,,,,,,,,,,,,,,,,,,,,,,,,,,,,,,,,,,,,,,,2,,,,,,,,,,,,,,,,,,,,,,,,,,s,0.1967,,space,1.1964,,2,brown_gnomes,2,5,bright_forest,yellow_basket,purple_gnome,2,2,dark_forest,red_basket,5,0,0,1,brown_gnomes,bright_forest,yellow_basket,627,1,0,84,1,169,1,1,,,,,,,,,,,,,,,,,,,,,,,,,,,,,,,,,,,,,,,,,,,,,,,,,,,,,,,,,,,,,,,,,,,,,,,,,,,,,,,,,,,,,,,,,,,,,,,,,,,,,,,,,,,,,
,,,,,,,,,,,,,,,,,,,,,,,,,,,,,,,,,463240,001,2024-02-22_11h53.33.211,experiment,2023.2.3,Win32,9.606147935,60f7588f01034ba56ee4ceae,65d7a31eda617eb71947213c,65d7a5ac84b61725dc7d9bb6,,,,,,,,,,,,,,,,,,,,,,,,,,,,,,,,,,,,,,,,,,,,,,,,,2,,,,,,,,,,,,,,,,,,,,,,,,,,s,1.0554,0.0004,space,0.343,,2,purple_gnome,2,2,dark_forest,red_basket,brown_gnomes,2,6,bright_forest,yellow_basket,2,0,0,1,purple_gnome,dark_forest,red_basket,629,-2,2,85,0,170,1,1,,,,,,,,,,,,,,,,,,,,,,,,,,,,,,,,,,,,,,,,,,,,,,,,,,,,,,,,,,,,,,,,,,,,,,,,,,,,,,,,,,,,,,,,,,,,,,,,,,,,,,,,,,,,,
,,,,,,,,,,,,,,,,,,,,,,,,,,,,,,,,,463240,001,2024-02-22_11h53.33.211,experiment,2023.2.3,Win32,9.606147935,60f7588f01034ba56ee4ceae,65d7a31eda617eb71947213c,65d7a5ac84b61725dc7d9bb6,,,,,,,,,,,,,,,,,,,,,,,,,,,,,,,,,,,,,,,,,,,,,,,,,2,,,,,,,,,,,,,,,,,,,,,,,,,,s,0.1966,,space,0.175,0.0007,2,purple_gnome,2,4,dark_forest,red_basket,brown_gnomes,2,4,bright_forest,yellow_basket,4,0,0,1,purple_gnome,dark_forest,red_basket,633,1,0,85,1,171,1,1,,,,,,,,,,,,,,,,,,,,,,,,,,,,,,,,,,,,,,,,,,,,,,,,,,,,,,,,,,,,,,,,,,,,,,,,,,,,,,,,,,,,,,,,,,,,,,,,,,,,,,,,,,,,,
,,,,,,,,,,,,,,,,,,,,,,,,,,,,,,,,,463240,001,2024-02-22_11h53.33.211,experiment,2023.2.3,Win32,9.606147935,60f7588f01034ba56ee4ceae,65d7a31eda617eb71947213c,65d7a5ac84b61725dc7d9bb6,,,,,,,,,,,,,,,,,,,,,,,,,,,,,,,,,,,,,,,,,,,,,,,,,2,,,,,,,,,,,,,,,,,,,,,,,,,,s,0.368,,space,0.8698,,2,brown_gnomes,2,5,bright_forest,yellow_basket,purple_gnome,2,4,dark_forest,red_basket,5,0,0,1,brown_gnomes,bright_forest,yellow_basket,638,-2,-1,86,0,172,1,1,,,,,,,,,,,,,,,,,,,,,,,,,,,,,,,,,,,,,,,,,,,,,,,,,,,,,,,,,,,,,,,,,,,,,,,,,,,,,,,,,,,,,,,,,,,,,,,,,,,,,,,,,,,,,
,,,,,,,,,,,,,,,,,,,,,,,,,,,,,,,,,463240,001,2024-02-22_11h53.33.211,experiment,2023.2.3,Win32,9.606147935,60f7588f01034ba56ee4ceae,65d7a31eda617eb71947213c,65d7a5ac84b61725dc7d9bb6,,,,,,,,,,,,,,,,,,,,,,,,,,,,,,,,,,,,,,,,,,,,,,,,,1,,,,,,,,,,,,,,,,,,,,,,,,,,s,1.4003,0.0015,space,1.1807,,1,red_gnome,1,3,dark_forest,red_basket,green_gnome,1,3,bright_forest,yellow_basket,3,0,0,1,red_gnome,dark_forest,red_basket,641,1,-1,86,1,173,0,1,,,,,,,,,,,,,,,,,,,,,,,,,,,,,,,,,,,,,,,,,,,,,,,,,,,,,,,,,,,,,,,,,,,,,,,,,,,,,,,,,,,,,,,,,,,,,,,,,,,,,,,,,,,,,
,,,,,,,,,,,,,,,,,,,,,,,,,,,,,,,,,463240,001,2024-02-22_11h53.33.211,experiment,2023.2.3,Win32,9.606147935,60f7588f01034ba56ee4ceae,65d7a31eda617eb71947213c,65d7a5ac84b61725dc7d9bb6,,,,,,,,,,,,,,,,,,,,,,,,,,,,,,,,,,,,,,,,,,,,,,,,,1,,,,,,,,,,,,,,,,,,,,,,,,,,s,0.2028,,space,0.5419,,1,green_gnome,1,4,bright_forest,yellow_basket,red_gnome,1,2,dark_forest,red_basket,4,0,0,1,green_gnome,bright_forest,yellow_basket,645,-1,0,87,0,174,0,1,,,,,,,,,,,,,,,,,,,,,,,,,,,,,,,,,,,,,,,,,,,,,,,,,,,,,,,,,,,,,,,,,,,,,,,,,,,,,,,,,,,,,,,,,,,,,,,,,,,,,,,,,,,,,
,,,,,,,,,,,,,,,,,,,,,,,,,,,,,,,,,463240,001,2024-02-22_11h53.33.211,experiment,2023.2.3,Win32,9.606147935,60f7588f01034ba56ee4ceae,65d7a31eda617eb71947213c,65d7a5ac84b61725dc7d9bb6,,,,,,,,,,,,,,,,,,,,,,,,,,,,,,,,,,,,,,,,,,,,,,,,,2,,,,,,,,,,,,,,,,,,,,,,,,,,s,0.3608,,,,,2,brown_gnomes,2,3,bright_forest,yellow_basket,purple_gnome,2,2,dark_forest,red_basket,0,0,1,0,brown_gnomes,bright_forest,yellow_basket,645,-4,3,87,1,175,1,1,,,,,,,,,,,,,,,,,,,,,,,,,,,,,,,,,,,,,,,,,,,,,,,,,,,,,,,,,,,,,,,,,,,,,,,,,,,,,,,,,,,,,,,,,,,,,,,,,,,,,,,,,,,,,
,,,,,,,,,,,,,,,,,,,,,,,,,,,,,,,,,463240,001,2024-02-22_11h53.33.211,experiment,2023.2.3,Win32,9.606147935,60f7588f01034ba56ee4ceae,65d7a31eda617eb71947213c,65d7a5ac84b61725dc7d9bb6,,,,,,,,,,,,,,,,,,,,,,,,,,,,,,,,,,,,,,,,,,,,,,,,,2,,,,,,,,,,,,,,,,,,,,,,,,,,,,,,,,2,brown_gnomes,2,1,bright_forest,yellow_basket,purple_gnome,2,5,dark_forest,red_basket,0,1,0,0,,bright_forest,yellow_basket,645,3,3,88,0,176,1,1,,,,,,,,,,,,,,,,,,,,,,,,,,,,,,,,,,,,,,,,,,,,,,,,,,,,,,,,,,,,,,,,,,,,,,,,,,,,,,,,,,,,,,,,,,,,,,,,,,,,,,,,,,,,,
,,,,,,,,,,,,,,,,,,,,,,,,,,,,,,,,,463240,001,2024-02-22_11h53.33.211,experiment,2023.2.3,Win32,9.606147935,60f7588f01034ba56ee4ceae,65d7a31eda617eb71947213c,65d7a5ac84b61725dc7d9bb6,,,,,,,,,,,,,,,,,,,,,,,,,,,,,,,,,,,,,,,,,,,,,,,,,1,,,,,,,,,,,,,,,,,,,,,,,,,,,,,,,,1,green_gnome,1,4,bright_forest,yellow_basket,red_gnome,1,8,dark_forest,red_basket,0,1,0,0,,bright_forest,yellow_basket,645,2,1,88,1,177,0,1,,,,,,,,,,,,,,,,,,,,,,,,,,,,,,,,,,,,,,,,,,,,,,,,,,,,,,,,,,,,,,,,,,,,,,,,,,,,,,,,,,,,,,,,,,,,,,,,,,,,,,,,,,,,,
,,,,,,,,,,,,,,,,,,,,,,,,,,,,,,,,,463240,001,2024-02-22_11h53.33.211,experiment,2023.2.3,Win32,9.606147935,60f7588f01034ba56ee4ceae,65d7a31eda617eb71947213c,65d7a5ac84b61725dc7d9bb6,,,,,,,,,,,,,,,,,,,,,,,,,,,,,,,,,,,,,,,,,,,,,,,,,1,,,,,,,,,,,,,,,,,,,,,,,,,,s,0.5881,,space,0.5097,,1,red_gnome,1,9,dark_forest,red_basket,green_gnome,1,6,bright_forest,yellow_basket,9,0,0,1,red_gnome,dark_forest,red_basket,654,-2,1,89,0,178,0,1,,,,,,,,,,,,,,,,,,,,,,,,,,,,,,,,,,,,,,,,,,,,,,,,,,,,,,,,,,,,,,,,,,,,,,,,,,,,,,,,,,,,,,,,,,,,,,,,,,,,,,,,,,,,,
,,,,,,,,,,,,,,,,,,,,,,,,,,,,,,,,,463240,001,2024-02-22_11h53.33.211,experiment,2023.2.3,Win32,9.606147935,60f7588f01034ba56ee4ceae,65d7a31eda617eb71947213c,65d7a5ac84b61725dc7d9bb6,,,,,,,,,,,,,,,,,,,,,,,,,,,,,,,,,,,,,,,,,,,,,,,,,2,,,,,,,,,,,,,,,,,,,,,,,,,,s,0.3825,0.0003,space,0.3549,0.0004,2,purple_gnome,2,8,dark_forest,red_basket,brown_gnomes,2,4,bright_forest,yellow_basket,8,0,0,1,purple_gnome,dark_forest,red_basket,662,-1,1,89,1,179,1,1,,,,,,,,,,,,,,,,,,,,,,,,,,,,,,,,,,,,,,,,,,,,,,,,,,,,,,,,,,,,,,,,,,,,,,,,,,,,,,,,,,,,,,,,,,,,,,,,,,,,,,,,,,,,,
,,,,,,,,,,,,,,,,,,,,,,,,,,,,,,,,,463240,001,2024-02-22_11h53.33.211,experiment,2023.2.3,Win32,9.606147935,60f7588f01034ba56ee4ceae,65d7a31eda617eb71947213c,65d7a5ac84b61725dc7d9bb6,,,,,,,,,,,,,,,,,,,,,,,,,,,,,,,,,,,,,,,,,,,,,,,,,2,,,,,,,,,,,,,,,,,,,,,,,,,,s,0.5371,0.0004,space,0.879,0.0006,2,brown_gnomes,2,3,bright_forest,yellow_basket,purple_gnome,2,9,dark_forest,red_basket,3,0,0,1,brown_gnomes,bright_forest,yellow_basket,665,0,0,90,0,180,1,1,,,,,,,,,,,,,,,,,,,,,,,,,,,,,,,,,,,,,,,,,,,,,,,,,,,,,,,,,,,,,,,,,,,,,,,,,,,,,,,,,,,,,,,,,,,,,,,,,,,,,,,,,,,,,
,,,,,,,,,,,,,,,,,,,,,,,,,,,,,,,,,463240,001,2024-02-22_11h53.33.211,experiment,2023.2.3,Win32,9.606147935,60f7588f01034ba56ee4ceae,65d7a31eda617eb71947213c,65d7a5ac84b61725dc7d9bb6,,,,,,,,,,,,,,,,,,,,,,,,,,,,,,,,,,,,,,,,,,,,,,,,,1,,,,,,,,,,,,,,,,,,,,,,,,,,s,0.2004,0.0004,space,0.738,0.0004,1,green_gnome,1,3,bright_forest,yellow_basket,red_gnome,1,9,dark_forest,red_basket,3,0,0,1,green_gnome,bright_forest,yellow_basket,668,2,4,90,1,181,0,1,,,,,,,,,,,,,,,,,,,,,,,,,,,,,,,,,,,,,,,,,,,,,,,,,,,,,,,,,,,,,,,,,,,,,,,,,,,,,,,,,,,,,,,,,,,,,,,,,,,,,,,,,,,,,
,,,,,,,,,,,,,,,,,,,,,,,,,,,,,,,,,463240,001,2024-02-22_11h53.33.211,experiment,2023.2.3,Win32,9.606147935,60f7588f01034ba56ee4ceae,65d7a31eda617eb71947213c,65d7a5ac84b61725dc7d9bb6,,,,,,,,,,,,,,,,,,,,,,,,,,,,,,,,,,,,,,,,,,,,,,,,,1,,,,,,,,,,,,,,,,,,,,,,,,,,s,0.1923,0.0008,,,,1,red_gnome,1,5,dark_forest,red_basket,green_gnome,1,5,bright_forest,yellow_basket,0,0,1,0,red_gnome,dark_forest,red_basket,668,0,-3,91,0,182,0,1,,,,,,,,,,,,,,,,,,,,,,,,,,,,,,,,,,,,,,,,,,,,,,,,,,,,,,,,,,,,,,,,,,,,,,,,,,,,,,,,,,,,,,,,,,,,,,,,,,,,,,,,,,,,,
,,,,,,,,,,,,,,,,,,,,,,,,,,,,,,,,,463240,001,2024-02-22_11h53.33.211,experiment,2023.2.3,Win32,9.606147935,60f7588f01034ba56ee4ceae,65d7a31eda617eb71947213c,65d7a5ac84b61725dc7d9bb6,,,,,,,,,,,,,,,,,,,,,,,,,,,,,,,,,,,,,,,,,,,,,,,,,2,,,,,,,,,,,,,,,,,,,,,,,,,,s,0.5598,,space,0.2141,,2,brown_gnomes,2,5,bright_forest,yellow_basket,purple_gnome,2,2,dark_forest,red_basket,5,0,0,1,brown_gnomes,bright_forest,yellow_basket,673,0,-2,91,1,183,1,1,,,,,,,,,,,,,,,,,,,,,,,,,,,,,,,,,,,,,,,,,,,,,,,,,,,,,,,,,,,,,,,,,,,,,,,,,,,,,,,,,,,,,,,,,,,,,,,,,,,,,,,,,,,,,
,,,,,,,,,,,,,,,,,,,,,,,,,,,,,,,,,463240,001,2024-02-22_11h53.33.211,experiment,2023.2.3,Win32,9.606147935,60f7588f01034ba56ee4ceae,65d7a31eda617eb71947213c,65d7a5ac84b61725dc7d9bb6,,,,,,,,,,,,,,,,,,,,,,,,,,,,,,,,,,,,,,,,,,,,,,,,,2,,,,,,,,,,,,,,,,,,,,,,,,,,s,0.2051,,space,0.2031,,2,brown_gnomes,2,5,bright_forest,yellow_basket,purple_gnome,2,0,dark_forest,red_basket,5,0,0,1,brown_gnomes,bright_forest,yellow_basket,678,4,-1,92,0,184,1,1,,,,,,,,,,,,,,,,,,,,,,,,,,,,,,,,,,,,,,,,,,,,,,,,,,,,,,,,,,,,,,,,,,,,,,,,,,,,,,,,,,,,,,,,,,,,,,,,,,,,,,,,,,,,,
,,,,,,,,,,,,,,,,,,,,,,,,,,,,,,,,,463240,001,2024-02-22_11h53.33.211,experiment,2023.2.3,Win32,9.606147935,60f7588f01034ba56ee4ceae,65d7a31eda617eb71947213c,65d7a5ac84b61725dc7d9bb6,,,,,,,,,,,,,,,,,,,,,,,,,,,,,,,,,,,,,,,,,,,,,,,,,1,,,,,,,,,,,,,,,,,,,,,,,,,,s,0.5512,,space,1.0411,,1,green_gnome,1,9,bright_forest,yellow_basket,red_gnome,1,1,dark_forest,red_basket,9,0,0,1,green_gnome,bright_forest,yellow_basket,687,-1,-2,92,1,185,0,1,,,,,,,,,,,,,,,,,,,,,,,,,,,,,,,,,,,,,,,,,,,,,,,,,,,,,,,,,,,,,,,,,,,,,,,,,,,,,,,,,,,,,,,,,,,,,,,,,,,,,,,,,,,,,
,,,,,,,,,,,,,,,,,,,,,,,,,,,,,,,,,463240,001,2024-02-22_11h53.33.211,experiment,2023.2.3,Win32,9.606147935,60f7588f01034ba56ee4ceae,65d7a31eda617eb71947213c,65d7a5ac84b61725dc7d9bb6,,,,,,,,,,,,,,,,,,,,,,,,,,,,,,,,,,,,,,,,,,,,,,,,,1,,,,,,,,,,,,,,,,,,,,,,,,,,s,0.3732,,,,,1,red_gnome,1,1,dark_forest,red_basket,green_gnome,1,8,bright_forest,yellow_basket,0,0,1,0,red_gnome,dark_forest,red_basket,687,0,-6,93,0,186,0,1,,,,,,,,,,,,,,,,,,,,,,,,,,,,,,,,,,,,,,,,,,,,,,,,,,,,,,,,,,,,,,,,,,,,,,,,,,,,,,,,,,,,,,,,,,,,,,,,,,,,,,,,,,,,,
,,,,,,,,,,,,,,,,,,,,,,,,,,,,,,,,,463240,001,2024-02-22_11h53.33.211,experiment,2023.2.3,Win32,9.606147935,60f7588f01034ba56ee4ceae,65d7a31eda617eb71947213c,65d7a5ac84b61725dc7d9bb6,,,,,,,,,,,,,,,,,,,,,,,,,,,,,,,,,,,,,,,,,,,,,,,,,1,,,,,,,,,,,,,,,,,,,,,,,,,,s,0.2017,,space,1.0142,,1,red_gnome,1,5,dark_forest,red_basket,green_gnome,1,8,bright_forest,yellow_basket,5,0,0,1,red_gnome,dark_forest,red_basket,692,2,1,93,1,187,0,1,,,,,,,,,,,,,,,,,,,,,,,,,,,,,,,,,,,,,,,,,,,,,,,,,,,,,,,,,,,,,,,,,,,,,,,,,,,,,,,,,,,,,,,,,,,,,,,,,,,,,,,,,,,,,
,,,,,,,,,,,,,,,,,,,,,,,,,,,,,,,,,463240,001,2024-02-22_11h53.33.211,experiment,2023.2.3,Win32,9.606147935,60f7588f01034ba56ee4ceae,65d7a31eda617eb71947213c,65d7a5ac84b61725dc7d9bb6,,,,,,,,,,,,,,,,,,,,,,,,,,,,,,,,,,,,,,,,,,,,,,,,,1,,,,,,,,,,,,,,,,,,,,,,,,,,s,0.203,,space,0.4156,0.0004,1,green_gnome,1,8,bright_forest,yellow_basket,red_gnome,1,6,dark_forest,red_basket,8,0,0,1,green_gnome,bright_forest,yellow_basket,700,2,0,94,0,188,0,1,,,,,,,,,,,,,,,,,,,,,,,,,,,,,,,,,,,,,,,,,,,,,,,,,,,,,,,,,,,,,,,,,,,,,,,,,,,,,,,,,,,,,,,,,,,,,,,,,,,,,,,,,,,,,
,,,,,,,,,,,,,,,,,,,,,,,,,,,,,,,,,463240,001,2024-02-22_11h53.33.211,experiment,2023.2.3,Win32,9.606147935,60f7588f01034ba56ee4ceae,65d7a31eda617eb71947213c,65d7a5ac84b61725dc7d9bb6,,,,,,,,,,,,,,,,,,,,,,,,,,,,,,,,,,,,,,,,,,,,,,,,,2,,,,,,,,,,,,,,,,,,,,,,,,,,s,0.1999,,space,1.3587,,2,brown_gnomes,2,8,bright_forest,yellow_basket,purple_gnome,2,6,dark_forest,red_basket,8,0,0,1,brown_gnomes,bright_forest,yellow_basket,708,-2,1,94,1,189,1,1,,,,,,,,,,,,,,,,,,,,,,,,,,,,,,,,,,,,,,,,,,,,,,,,,,,,,,,,,,,,,,,,,,,,,,,,,,,,,,,,,,,,,,,,,,,,,,,,,,,,,,,,,,,,,
,,,,,,,,,,,,,,,,,,,,,,,,,,,,,,,,,463240,001,2024-02-22_11h53.33.211,experiment,2023.2.3,Win32,9.606147935,60f7588f01034ba56ee4ceae,65d7a31eda617eb71947213c,65d7a5ac84b61725dc7d9bb6,,,,,,,,,,,,,,,,,,,,,,,,,,,,,,,,,,,,,,,,,,,,,,,,,2,,,,,,,,,,,,,,,,,,,,,,,,,,s,0.3733,,space,0.6949,,2,purple_gnome,2,7,dark_forest,red_basket,brown_gnomes,2,6,bright_forest,yellow_basket,7,0,0,1,purple_gnome,dark_forest,red_basket,715,2,-1,95,0,190,1,1,,,,,,,,,,,,,,,,,,,,,,,,,,,,,,,,,,,,,,,,,,,,,,,,,,,,,,,,,,,,,,,,,,,,,,,,,,,,,,,,,,,,,,,,,,,,,,,,,,,,,,,,,,,,,
,,,,,,,,,,,,,,,,,,,,,,,,,,,,,,,,,463240,001,2024-02-22_11h53.33.211,experiment,2023.2.3,Win32,9.606147935,60f7588f01034ba56ee4ceae,65d7a31eda617eb71947213c,65d7a5ac84b61725dc7d9bb6,,,,,,,,,,,,,,,,,,,,,,,,,,,,,,,,,,,,,,,,,,,,,,,,,2,,,,,,,,,,,,,,,,,,,,,,,,,,,,,,,,2,purple_gnome,2,6,dark_forest,red_basket,brown_gnomes,2,8,bright_forest,yellow_basket,0,1,0,0,,dark_forest,red_basket,715,-4,-2,95,1,191,1,1,,,,,,,,,,,,,,,,,,,,,,,,,,,,,,,,,,,,,,,,,,,,,,,,,,,,,,,,,,,,,,,,,,,,,,,,,,,,,,,,,,,,,,,,,,,,,,,,,,,,,,,,,,,,,
,,,,,,,,,,,,,,,,,,,,,,,,,,,,,,,,,463240,001,2024-02-22_11h53.33.211,experiment,2023.2.3,Win32,9.606147935,60f7588f01034ba56ee4ceae,65d7a31eda617eb71947213c,65d7a5ac84b61725dc7d9bb6,,,,,,,,,,,,,,,,,,,,,,,,,,,,,,,,,,,,,,,,,,,,,,,,,2,,,,,,,,,,,,,,,,,,,,,,,,,,,,,,,,2,brown_gnomes,2,4,bright_forest,yellow_basket,purple_gnome,2,4,dark_forest,red_basket,0,1,0,0,,dark_forest,red_basket,715,1,1,96,0,192,1,1,,,,,,,,,,,,,,,,,,,,,,,,,,,,,,,,,,,,,,,,,,,,,,,,,,,,,,,,,,,,,,,,,,,,,,,,,,,,,,,,,,,,,,,,,,,,,,,,,,,,,,,,,,,,,
,,,,,,,,,,,,,,,,,,,,,,,,,,,,,,,,,463240,001,2024-02-22_11h53.33.211,experiment,2023.2.3,Win32,9.606147935,60f7588f01034ba56ee4ceae,65d7a31eda617eb71947213c,65d7a5ac84b61725dc7d9bb6,,,,,,,,,,,,,,,,,,,,,,,,,,,,,,,,,,,,,,,,,,,,,,,,,1,,,,,,,,,,,,,,,,,,,,,,,,,,,,,,,,1,green_gnome,1,5,bright_forest,yellow_basket,red_gnome,1,5,dark_forest,red_basket,0,1,0,0,,dark_forest,red_basket,715,-1,3,96,1,193,0,1,,,,,,,,,,,,,,,,,,,,,,,,,,,,,,,,,,,,,,,,,,,,,,,,,,,,,,,,,,,,,,,,,,,,,,,,,,,,,,,,,,,,,,,,,,,,,,,,,,,,,,,,,,,,,
,,,,,,,,,,,,,,,,,,,,,,,,,,,,,,,,,463240,001,2024-02-22_11h53.33.211,experiment,2023.2.3,Win32,9.606147935,60f7588f01034ba56ee4ceae,65d7a31eda617eb71947213c,65d7a5ac84b61725dc7d9bb6,,,,,,,,,,,,,,,,,,,,,,,,,,,,,,,,,,,,,,,,,,,,,,,,,2,,,,,,,,,,,,,,,,,,,,,,,,,,s,0.205,,,,,2,purple_gnome,2,8,dark_forest,red_basket,brown_gnomes,2,4,bright_forest,yellow_basket,0,0,1,0,purple_gnome,dark_forest,red_basket,715,-4,-1,97,0,194,1,1,,,,,,,,,,,,,,,,,,,,,,,,,,,,,,,,,,,,,,,,,,,,,,,,,,,,,,,,,,,,,,,,,,,,,,,,,,,,,,,,,,,,,,,,,,,,,,,,,,,,,,,,,,,,,
,,,,,,,,,,,,,,,,,,,,,,,,,,,,,,,,,463240,001,2024-02-22_11h53.33.211,experiment,2023.2.3,Win32,9.606147935,60f7588f01034ba56ee4ceae,65d7a31eda617eb71947213c,65d7a5ac84b61725dc7d9bb6,,,,,,,,,,,,,,,,,,,,,,,,,,,,,,,,,,,,,,,,,,,,,,,,,2,,,,,,,,,,,,,,,,,,,,,,,,,,s,0.3694,,space,0.3492,,2,purple_gnome,2,7,dark_forest,red_basket,brown_gnomes,2,0,bright_forest,yellow_basket,7,0,0,1,purple_gnome,dark_forest,red_basket,722,-3,0,97,1,195,1,1,,,,,,,,,,,,,,,,,,,,,,,,,,,,,,,,,,,,,,,,,,,,,,,,,,,,,,,,,,,,,,,,,,,,,,,,,,,,,,,,,,,,,,,,,,,,,,,,,,,,,,,,,,,,,
,,,,,,,,,,,,,,,,,,,,,,,,,,,,,,,,,463240,001,2024-02-22_11h53.33.211,experiment,2023.2.3,Win32,9.606147935,60f7588f01034ba56ee4ceae,65d7a31eda617eb71947213c,65d7a5ac84b61725dc7d9bb6,,,,,,,,,,,,,,,,,,,,,,,,,,,,,,,,,,,,,,,,,,,,,,,,,1,,,,,,,,,,,,,,,,,,,,,,,,,,,,,,,,1,green_gnome,1,3,bright_forest,yellow_basket,red_gnome,1,7,dark_forest,red_basket,0,1,0,0,,dark_forest,red_basket,722,1,1,98,0,196,0,1,,,,,,,,,,,,,,,,,,,,,,,,,,,,,,,,,,,,,,,,,,,,,,,,,,,,,,,,,,,,,,,,,,,,,,,,,,,,,,,,,,,,,,,,,,,,,,,,,,,,,,,,,,,,,
,,,,,,,,,,,,,,,,,,,,,,,,,,,,,,,,,463240,001,2024-02-22_11h53.33.211,experiment,2023.2.3,Win32,9.606147935,60f7588f01034ba56ee4ceae,65d7a31eda617eb71947213c,65d7a5ac84b61725dc7d9bb6,,,,,,,,,,,,,,,,,,,,,,,,,,,,,,,,,,,,,,,,,,,,,,,,,2,,,,,,,,,,,,,,,,,,,,,,,,,,,,,,,,2,brown_gnomes,2,4,bright_forest,yellow_basket,purple_gnome,2,8,dark_forest,red_basket,0,1,0,0,,dark_forest,red_basket,722,-1,-2,98,1,197,1,1,,,,,,,,,,,,,,,,,,,,,,,,,,,,,,,,,,,,,,,,,,,,,,,,,,,,,,,,,,,,,,,,,,,,,,,,,,,,,,,,,,,,,,,,,,,,,,,,,,,,,,,,,,,,,
,,,,,,,,,,,,,,,,,,,,,,,,,,,,,,,,,463240,001,2024-02-22_11h53.33.211,experiment,2023.2.3,Win32,9.606147935,60f7588f01034ba56ee4ceae,65d7a31eda617eb71947213c,65d7a5ac84b61725dc7d9bb6,,,,,,,,,,,,,,,,,,,,,,,,,,,,,,,,,,,,,,,,,,,,,,,,,2,,,,,,,,,,,,,,,,,,,,,,,,,,,,,,,,2,brown_gnomes,2,3,bright_forest,yellow_basket,purple_gnome,2,6,dark_forest,red_basket,0,1,0,0,,dark_forest,red_basket,722,0,-3,99,0,198,1,1,,,,,,,,,,,,,,,,,,,,,,,,,,,,,,,,,,,,,,,,,,,,,,,,,,,,,,,,,,,,,,,,,,,,,,,,,,,,,,,,,,,,,,,,,,,,,,,,,,,,,,,,,,,,,
,,,,,,,,,,,,,,,,,,,,,,,,,,,,,,,,,463240,001,2024-02-22_11h53.33.211,experiment,2023.2.3,Win32,9.606147935,60f7588f01034ba56ee4ceae,65d7a31eda617eb71947213c,65d7a5ac84b61725dc7d9bb6,,,,,,,,,,,,,,,,,,,,,,,,,,,,,,,,,,,,,,,,,,,,,,,,,1,,,,,,,,,,,,,,,,,,,,,,,,,,,,,,,,1,red_gnome,1,3,dark_forest,red_basket,green_gnome,1,3,bright_forest,yellow_basket,0,1,0,0,,dark_forest,red_basket,722,2,6,99,1,199,0,1,,,,,,,,,,,,,,,,,,,,,,,,,,,,,,,,,,,,,,,,,,,,,,,,,,,,,,,,,,,,,,,,,,,,,,,,,,,,,,,,,,,,,,,,,,,,,,,,,,,,,,,,,,,,,
,,,,,,,,,,,,,,,,,,,,,,,,,,,,,,,,,463240,001,2024-02-22_11h53.33.211,experiment,2023.2.3,Win32,9.606147935,60f7588f01034ba56ee4ceae,65d7a31eda617eb71947213c,65d7a5ac84b61725dc7d9bb6,,,,,,,,,,,,,,,,,,,,,,,,,,,,,,,,,,,,,,,,,,,,,,,,,,,,,,,,,,,,,1275.9846,1285.0072,0.079629686,-0.070370399,1,0,0,8.0507,t_advice_finished_typing_rect,,,,,,,,,,,,,,,,,,,,,,,,,,,,,,,,,,,,,,space,0.1685,,space,0.3441,,space,4.5882,,"The strategy that worked for me was checking the two pairs of gnomes that kept alternating which color was more valuable at that point. When the gnome of that color started going below 4 points, I would switch to picking the other color of the gnome pairs. Ex. Purple/brown and green/red. If purple and red were giving me the best yield, I would keep picking purple and red until one of the colors met the above condition and switch to the other color.",-0.574537023,0.294444444,1,0,0,1.3888,vb_finished_typing_rect,space,7.7418,,right,17.1187,,left,1.2436,,space,12.1235,0.001,100,3.7674,100,5.0198,space,11.283,0.0009,green_gnome,red_gnome,0,0,0,5,1,2,3,,,,,,,,,,,,,,,,,,,,,,,,,,,,,,,,,,,,,,,,,,,,,,,,,,,,,,,,,,,,,,,,
,,,,,,,,,,,,,,,,,,,,,,,,,,,,,,,,,463240,001,2024-02-22_11h53.33.211,experiment,2023.2.3,Win32,9.606147935,60f7588f01034ba56ee4ceae,65d7a31eda617eb71947213c,65d7a5ac84b61725dc7d9bb6,,,,,,,,,,,,,,,,,,,,,,,,,,,,,,,,,,,,,,,,,,,,,,,,,,,,,,,,,,,,,,,,,,,,,,,,,,,,,,,,,,,,,,,,,,,,,,,,,,,,,,,,,,,,,,,,,,,,,,,,,,,,,,,,,,,,,,,,100,2.6176,100,3.747,space,3.7942,,brown_gnomes,purple_gnome,0,1,1,0,1,0,1,,,,,,,,,,,,,,,,,,,,,,,,,,,,,,,,,,,,,,,,,,,,,,,,,,,,,,,,,,,,,,,,
,,,,,,,,,,,,,,,,,,,,,,,,,,,,,,,,,463240,001,2024-02-22_11h53.33.211,experiment,2023.2.3,Win32,9.606147935,60f7588f01034ba56ee4ceae,65d7a31eda617eb71947213c,65d7a5ac84b61725dc7d9bb6,,,,,,,,,,,,,,,,,,,,,,,,,,,,,,,,,,,,,,,,,,,,,,,,,,,,,,,,,,,,,,,,,,,,,,,,,,,,,,,,,,,,,,,,,,,,,,,,,,,,,,,,,,,,,,,,,,,,,,,,,,,,,,,,,,,,,,,,0,3.4607,100,4.5914,space,4.3941,,purple_gnome,green_gnome,0,2,2,4,1,1,3,,,,,,,,,,,,,,,,,,,,,,,,,,,,,,,,,,,,,,,,,,,,,,,,,,,,,,,,,,,,,,,,
,,,,,,,,,,,,,,,,,,,,,,,,,,,,,,,,,463240,001,2024-02-22_11h53.33.211,experiment,2023.2.3,Win32,9.606147935,60f7588f01034ba56ee4ceae,65d7a31eda617eb71947213c,65d7a5ac84b61725dc7d9bb6,,,,,,,,,,,,,,,,,,,,,,,,,,,,,,,,,,,,,,,,,,,,,,,,,,,,,,,,,,,,,,,,,,,,,,,,,,,,,,,,,,,,,,,,,,,,,,,,,,,,,,,,,,,,,,,,,,,,,,,,,,,,,,,,,,,,,,,,0,2.3535,100,3.6082,space,3.2681,,green_gnome,brown_gnomes,0,3,3,2,1,0,3,,,,,,,,,,,,,,,,,,,,,,,,,,,,,,,,,,,,,,,,,,,,,,,,,,,,,,,,,,,,,,,,
,,,,,,,,,,,,,,,,,,,,,,,,,,,,,,,,,463240,001,2024-02-22_11h53.33.211,experiment,2023.2.3,Win32,9.606147935,60f7588f01034ba56ee4ceae,65d7a31eda617eb71947213c,65d7a5ac84b61725dc7d9bb6,,,,,,,,,,,,,,,,,,,,,,,,,,,,,,,,,,,,,,,,,,,,,,,,,,,,,,,,,,,,,,,,,,,,,,,,,,,,,,,,,,,,,,,,,,,,,,,,,,,,,,,,,,,,,,,,,,,,,,,,,,,,,,,,,,,,,,,,0,2.1238,100,3.2662,space,2.9268,,red_gnome,purple_gnome,0,4,4,3,1,1,2,,,,,,,,,,,,,,,,,,,,,,,,,,,,,,,,,,,,,,,,,,,,,,,,,,,,,,,,,,,,,,,,
,,,,,,,,,,,,,,,,,,,,,,,,,,,,,,,,,463240,001,2024-02-22_11h53.33.211,experiment,2023.2.3,Win32,9.606147935,60f7588f01034ba56ee4ceae,65d7a31eda617eb71947213c,65d7a5ac84b61725dc7d9bb6,,,,,,,,,,,,,,,,,,,,,,,,,,,,,,,,,,,,,,,,,,,,,,,,,,,,,,,,,,,,,,,,,,,,,,,,,,,,,,,,,,,,,,,,,,,,,,,,,,,,,,,,,,,,,,,,,,,,,,,,,,,,,,,,,,,,,,,,0,2.1248,100,3.2551,space,2.7958,,brown_gnomes,red_gnome,0,5,5,1,1,0,2,,,,,,,,,,,,,,,,,,,,,,,,,,,,,,,,,,,,,,,,,,,,,,,,,,,,,,,,,,,,,,,,
,,,,,,,,,,,,,,,,,,,,,,,,,,,,,,,,,463240,001,2024-02-22_11h53.33.211,experiment,2023.2.3,Win32,9.606147935,60f7588f01034ba56ee4ceae,65d7a31eda617eb71947213c,65d7a5ac84b61725dc7d9bb6,,,,,,,,,,,,,,,,,,,,,,,,,,,,,,,,,,,,,,,,,,,,,,,,,,,,,,,,,,,,,,,,,,,,,,,,,,,,,,,,,,,,,,,,,,,,,,,,,,,,,,,,,,,,,,,,,,,,,,,,,,,,,,,,,,,,,,,,,,,,,,,,,,,,,,,,space,9.9681,,82.12963528,6.6866,0,3.8301,space,6.7303,,green_gnome,dark_forest,red_basket,0,0,0,7,1,3,1,,,,,,,,,,,,,,,,,,,,,,,,,,,,,,,,,,,,,,,,,,,,
,,,,,,,,,,,,,,,,,,,,,,,,,,,,,,,,,463240,001,2024-02-22_11h53.33.211,experiment,2023.2.3,Win32,9.606147935,60f7588f01034ba56ee4ceae,65d7a31eda617eb71947213c,65d7a5ac84b61725dc7d9bb6,,,,,,,,,,,,,,,,,,,,,,,,,,,,,,,,,,,,,,,,,,,,,,,,,,,,,,,,,,,,,,,,,,,,,,,,,,,,,,,,,,,,,,,,,,,,,,,,,,,,,,,,,,,,,,,,,,,,,,,,,,,,,,,,,,,,,,,,,,,,,,,,,,,,,,,,,,,35.46296861,4.7229,0,2.4747,space,4.5128,,purple_gnome,dark_forest,red_basket,0,1,1,3,1,1,1,,,,,,,,,,,,,,,,,,,,,,,,,,,,,,,,,,,,,,,,,,,,
,,,,,,,,,,,,,,,,,,,,,,,,,,,,,,,,,463240,001,2024-02-22_11h53.33.211,experiment,2023.2.3,Win32,9.606147935,60f7588f01034ba56ee4ceae,65d7a31eda617eb71947213c,65d7a5ac84b61725dc7d9bb6,,,,,,,,,,,,,,,,,,,,,,,,,,,,,,,,,,,,,,,,,,,,,,,,,,,,,,,,,,,,,,,,,,,,,,,,,,,,,,,,,,,,,,,,,,,,,,,,,,,,,,,,,,,,,,,,,,,,,,,,,,,,,,,,,,,,,,,,,,,,,,,,,,,,,,,,,,,51.75926208,3.1056,0,2.4756,space,2.6495,,red_gnome,dark_forest,red_basket,0,2,2,5,1,2,1,,,,,,,,,,,,,,,,,,,,,,,,,,,,,,,,,,,,,,,,,,,,
,,,,,,,,,,,,,,,,,,,,,,,,,,,,,,,,,463240,001,2024-02-22_11h53.33.211,experiment,2023.2.3,Win32,9.606147935,60f7588f01034ba56ee4ceae,65d7a31eda617eb71947213c,65d7a5ac84b61725dc7d9bb6,,,,,,,,,,,,,,,,,,,,,,,,,,,,,,,,,,,,,,,,,,,,,,,,,,,,,,,,,,,,,,,,,,,,,,,,,,,,,,,,,,,,,,,,,,,,,,,,,,,,,,,,,,,,,,,,,,,,,,,,,,,,,,,,,,,,,,,,,,,,,,,,,,,,,,,,,,,,,0,3.8768,space,3.4314,,brown_gnomes,dark_forest,red_basket,0,3,3,1,1,0,1,,,,,,,,,,,,,,,,,,,,,,,,,,,,,,,,,,,,,,,,,,,,
,,,,,,,,,,,,,,,,,,,,,,,,,,,,,,,,,463240,001,2024-02-22_11h53.33.211,experiment,2023.2.3,Win32,9.606147935,60f7588f01034ba56ee4ceae,65d7a31eda617eb71947213c,65d7a5ac84b61725dc7d9bb6,,,,,,,,,,,,,,,,,,,,,,,,,,,,,,,,,,,,,,,,,,,,,,,,,,,,,,,,,,,,,,,,,,,,,,,,,,,,,,,,,,,,,,,,,,,,,,,,,,,,,,,,,,,,,,,,,,,,,,,,,,,,,,,,,,,,,,,,,,,,,,,,,,,,,,,,,,,81.99074639,3.6546,12.54629771,5.2863,space,5.21,,brown_gnomes,bright_forest,yellow_basket,0,4,4,0,1,0,0,,,,,,,,,,,,,,,,,,,,,,,,,,,,,,,,,,,,,,,,,,,,
,,,,,,,,,,,,,,,,,,,,,,,,,,,,,,,,,463240,001,2024-02-22_11h53.33.211,experiment,2023.2.3,Win32,9.606147935,60f7588f01034ba56ee4ceae,65d7a31eda617eb71947213c,65d7a5ac84b61725dc7d9bb6,,,,,,,,,,,,,,,,,,,,,,,,,,,,,,,,,,,,,,,,,,,,,,,,,,,,,,,,,,,,,,,,,,,,,,,,,,,,,,,,,,,,,,,,,,,,,,,,,,,,,,,,,,,,,,,,,,,,,,,,,,,,,,,,,,,,,,,,,,,,,,,,,,,,,,,,,,,,,0,2.0872,space,1.7536,,green_gnome,bright_forest,yellow_basket,0,5,5,6,1,3,0,,,,,,,,,,,,,,,,,,,,,,,,,,,,,,,,,,,,,,,,,,,,
,,,,,,,,,,,,,,,,,,,,,,,,,,,,,,,,,463240,001,2024-02-22_11h53.33.211,experiment,2023.2.3,Win32,9.606147935,60f7588f01034ba56ee4ceae,65d7a31eda617eb71947213c,65d7a5ac84b61725dc7d9bb6,,,,,,,,,,,,,,,,,,,,,,,,,,,,,,,,,,,,,,,,,,,,,,,,,,,,,,,,,,,,,,,,,,,,,,,,,,,,,,,,,,,,,,,,,,,,,,,,,,,,,,,,,,,,,,,,,,,,,,,,,,,,,,,,,,,,,,,,,,,,,,,,,,,,,,,,,,,,,0,1.7117,space,1.2524,,purple_gnome,bright_forest,yellow_basket,0,6,6,2,1,1,0,,,,,,,,,,,,,,,,,,,,,,,,,,,,,,,,,,,,,,,,,,,,
,,,,,,,,,,,,,,,,,,,,,,,,,,,,,,,,,463240,001,2024-02-22_11h53.33.211,experiment,2023.2.3,Win32,9.606147935,60f7588f01034ba56ee4ceae,65d7a31eda617eb71947213c,65d7a5ac84b61725dc7d9bb6,,,,,,,,,,,,,,,,,,,,,,,,,,,,,,,,,,,,,,,,,,,,,,,,,,,,,,,,,,,,,,,,,,,,,,,,,,,,,,,,,,,,,,,,,,,,,,,,,,,,,,,,,,,,,,,,,,,,,,,,,,,,,,,,,,,,,,,,,,,,,,,,,,,,,,,,,,,,,33.1018575,2.4679,space,2.1324,,red_gnome,bright_forest,yellow_basket,0,7,7,4,1,2,0,,,,,,,,,,,,,,,,,,,,,,,,,,,,,,,,,,,,,,,,,,,,
,,,,,,,,,,,,,,,,,,,,,,,,,,,,,,,,,463240,001,2024-02-22_11h53.33.211,experiment,2023.2.3,Win32,9.606147935,60f7588f01034ba56ee4ceae,65d7a31eda617eb71947213c,65d7a5ac84b61725dc7d9bb6,,,,,,,,,,,,,,,,,,,,,,,,,,,,,,,,,,,,,,,,,,,,,,,,,,,,,,,,,,,,,,,,,,,,,,,,,,,,,,,,,,,,,,,,,,,,,,,,,,,,,,,,,,,,,,,,,,,,,,,,,,,,,,,,,,,,,,,,,,,,,,,,,,,,,,,,,,,,,,,,,,,,,,,,,,,,space,4.3096,,97.12963528,6.7561,space,6.6441,,,,bright_forest,dark_forest,yellow_basket,red_basket,0,0,0,0,1,,,,,,,,,,,,,,,,,,,,,,,,,
,,,,,,,,,,,,,,,,,,,,,,,,,,,,,,,,,463240,001,2024-02-22_11h53.33.211,experiment,2023.2.3,Win32,9.606147935,60f7588f01034ba56ee4ceae,65d7a31eda617eb71947213c,65d7a5ac84b61725dc7d9bb6,,,,,,,,,,,,,,,,,,,,,,,,,,,,,,,,,,,,,,,,,,,,,,,,,,,,,,,,,,,,,,,,,,,,,,,,,,,,,,,,,,,,,,,,,,,,,,,,,,,,,,,,,,,,,,,,,,,,,,,,,,,,,,,,,,,,,,,,,,,,,,,,,,,,,,2,3,,,,,,,,,,,,,,,,,,,,,,,,,,,,,,,,,,,,,,,,space,3.1684,,0,2.9218,space,3.8623,,100,4.3239,red_gnome,green_gnome,0,0,0,5,1,,,,,,,,
,,,,,,,,,,,,,,,,,,,,,,,,,,,,,,,,,463240,001,2024-02-22_11h53.33.211,experiment,2023.2.3,Win32,9.606147935,60f7588f01034ba56ee4ceae,65d7a31eda617eb71947213c,65d7a5ac84b61725dc7d9bb6,,,,,,,,,,,,,,,,,,,,,,,,,,,,,,,,,,,,,,,,,,,,,,,,,,,,,,,,,,,,,,,,,,,,,,,,,,,,,,,,,,,,,,,,,,,,,,,,,,,,,,,,,,,,,,,,,,,,,,,,,,,,,,,,,,,,,,,,,,,,,,,,,,,,,,0,1,,,,,,,,,,,,,,,,,,,,,,,,,,,,,,,,,,,,,,,,,,,48.33333333,6.5442,space,7.8418,,100,8.1821,purple_gnome,brown_gnomes,0,1,1,0,1,,,,,,,,
,,,,,,,,,,,,,,,,,,,,,,,,,,,,,,,,,463240,001,2024-02-22_11h53.33.211,experiment,2023.2.3,Win32,9.606147935,60f7588f01034ba56ee4ceae,65d7a31eda617eb71947213c,65d7a5ac84b61725dc7d9bb6,,,,,,,,,,,,,,,,,,,,,,,,,,,,,,,,,,,,,,,,,,,,,,,,,,,,,,,,,,,,,,,,,,,,,,,,,,,,,,,,,,,,,,,,,,,,,,,,,,,,,,,,,,,,,,,,,,,,,,,,,,,,,,,,,,,,,,,,,,,,,,,,,,,,,,0,3,,,,,,,,,,,,,,,,,,,,,,,,,,,,,,,,,,,,,,,,,,,100,8.1328,space,9.3036,,100,9.2962,brown_gnomes,green_gnome,0,2,2,2,1,,,,,,,,
,,,,,,,,,,,,,,,,,,,,,,,,,,,,,,,,,463240,001,2024-02-22_11h53.33.211,experiment,2023.2.3,Win32,9.606147935,60f7588f01034ba56ee4ceae,65d7a31eda617eb71947213c,65d7a5ac84b61725dc7d9bb6,,,,,,,,,,,,,,,,,,,,,,,,,,,,,,,,,,,,,,,,,,,,,,,,,,,,,,,,,,,,,,,,,,,,,,,,,,,,,,,,,,,,,,,,,,,,,,,,,,,,,,,,,,,,,,,,,,,,,,,,,,,,,,,,,,,,,,,,,,,,,,,,,,,,,,1,3,,,,,,,,,,,,,,,,,,,,,,,,,,,,,,,,,,,,,,,,,,,,,space,1.2941,,,,green_gnome,purple_gnome,0,3,3,4,1,,,,,,,,
,,,,,,,,,,,,,,,,,,,,,,,,,,,,,,,,,463240,001,2024-02-22_11h53.33.211,experiment,2023.2.3,Win32,9.606147935,60f7588f01034ba56ee4ceae,65d7a31eda617eb71947213c,65d7a5ac84b61725dc7d9bb6,,,,,,,,,,,,,,,,,,,,,,,,,,,,,,,,,,,,,,,,,,,,,,,,,,,,,,,,,,,,,,,,,,,,,,,,,,,,,,,,,,,,,,,,,,,,,,,,,,,,,,,,,,,,,,,,,,,,,,,,,,,,,,,,,,,,,,,,,,,,,,,,,,,,,,1,2,,,,,,,,,,,,,,,,,,,,,,,,,,,,,,,,,,,,,,,,,,,100,2.006,space,2.7119,,100,3.0592,purple_gnome,red_gnome,0,4,4,3,1,,,,,,,,
,,,,,,,,,,,,,,,,,,,,,,,,,,,,,,,,,463240,001,2024-02-22_11h53.33.211,experiment,2023.2.3,Win32,9.606147935,60f7588f01034ba56ee4ceae,65d7a31eda617eb71947213c,65d7a5ac84b61725dc7d9bb6,,,,,,,,,,,,,,,,,,,,,,,,,,,,,,,,,,,,,,,,,,,,,,,,,,,,,,,,,,,,,,,,,,,,,,,,,,,,,,,,,,,,,,,,,,,,,,,,,,,,,,,,,,,,,,,,,,,,,,,,,,,,,,,,,,,,,,,,,,,,,,,,,,,,,,0,2,,,,,,,,,,,,,,,,,,,,,,,,,,,,,,,,,,,,,,,,,,,0,2.0859,space,2.7996,,,,red_gnome,brown_gnomes,0,5,5,1,1,,,,,,,,
,,,,,,,,,,,,,,,,,,,,,,,,,,,,,,,,,463240,001,2024-02-22_11h53.33.211,experiment,2023.2.3,Win32,9.606147935,60f7588f01034ba56ee4ceae,65d7a31eda617eb71947213c,65d7a5ac84b61725dc7d9bb6,,,,,,,,,,,,,,,,,,,,,,,,,,,,,,,,,,,,,,,,,,,,,,,,,,,,,,,,,,,,,,,,,,,,,,,,,,,,,,,,,,,,,,,,,,,,,,,,,,,,,,,,,,,,,,,,,,,,,,,,,,,,,,,,,,,,,,,,,,,,,,,,,,,,,,,,,,,,,,,,,,,,,,,,,,,,,,,,,,,,,,,,,,,,,,,,,,,,,,,,,,,,,,,,space,4.8094,,0,0,0,0,1