parent_PID,stim1_name,stim1_file,stim1_pair,stim1_deact_file,stim1_step2_name,stim1_step2_file,stim1_step2_basket_name,stim1_step2_basket_file,stim2_name,stim2_file,stim2_pair,stim2_deact_file,stim2_step2_name,stim2_step2_file,stim2_step2_basket_name,stim2_step2_basket_file,stim3_name,stim3_file,stim3_pair,stim3_deact_file,stim3_step2_name,stim3_step2_file,stim3_step2_basket_name,stim3_step2_basket_file,stim4_name,stim4_file,stim4_pair,stim4_deact_file,stim4_step2_name,stim4_step2_file,stim4_step2_basket_name,stim4_step2_basket_file,participant,session,date,expName,psychopyVersion,OS,frameRate,PROLIFIC_PID,STUDY_ID,SESSION_ID,consent_keyresp.keys,consent_keyresp.rt,consent_keyresp.duration,global_instructions1_key.keys,global_instructions1_key.rt,global_instructions1_key.duration,global_instructions2_key.keys,global_instructions2_key.rt,global_instructions2_key.duration,global_instructions3_key.keys,global_instructions3_key.rt,global_instructions3_key.duration,global_instructions4_key.keys,global_instructions4_key.rt,global_instructions4_key.duration,global_instructions5_key.keys,global_instructions5_key.rt,global_instructions5_key.duration,p_fixation_2.started,p_fixation_2.stopped,p_step1_keyresp.keys,p_step1_keyresp.rt,p_step1_keyresp.duration,p_step2_keyresp.keys,p_failStep2_keyresp.keys,p_failStep2_keyresp.rt,p_failStep2_keyresp.duration,p_step1_pair_index,p_step1_stimLeft_name,p_step1_stimLeft_pair,p_step1_stimLeft_reward,p_step1_stimLeft_step2Stim,p_step1_stimLeft_step2Basket,p_step1_stimRight_name,p_step1_stimRight_pair,p_step1_stimRight_reward,p_step1_stimRight_step2Stim,p_step1_stimRight_step2Basket,p_points,p_fail_step1,p_fail_step2,p_reward_flag,p_step1_choice,p_step2_stim,p_step2_basket,p_score,practice.thisRepN,practice.thisTrialN,practice.thisN,practice.thisIndex,practice.ran,pair_index,p_step2_keyresp.rt,p_step2_keyresp.duration,p_failStep1_keyresp.keys,p_failStep1_keyresp.rt,p_failStep1_keyresp.duration,t_instructions_keyresp.keys,t_instructions_keyresp.rt,t_instructions_keyresp.duration,t_advice_reading.started,t_advice_reading.stopped,t_advice_mouse.x,t_advice_mouse.y,t_advice_mouse.leftButton,t_advice_mouse.midButton,t_advice_mouse.rightButton,t_advice_mouse.time,t_advice_mouse.clicked_name,t_instructions_2_keyresp.keys,t_instructions_2_keyresp.rt,t_instructions_2_keyresp.duration,t_start.started,t_start.stopped,t_step1_keyresp.keys,t_step1_keyresp.rt,t_step1_keyresp.duration,t_step2_keyresp.keys,t_step2_keyresp.rt,t_step2_keyresp.duration,t_step1_pair_index,t_step1_stimLeft_name,t_step1_stimLeft_pair,t_step1_stimLeft_reward,t_step1_stimLeft_step2Stim,t_step1_stimLeft_step2Basket,t_step1_stimRight_name,t_step1_stimRight_pair,t_step1_stimRight_reward,t_step1_stimRight_step2Stim,t_step1_stimRight_step2Basket,t_points,t_fail_step1,t_fail_step2,t_reward_flag,t_step1_choice,t_step2_stim,t_step2_basket,globa_score,t_data_stimWalk0,t_data_stimWalk1,trials.thisRepN,trials.thisTrialN,trials.thisN,trials.thisIndex,trials.ran,pl_global_instructions_keyresp.keys,pl_global_instructions_keyresp.rt,pl_global_instructions_keyresp.duration,vb_instructions_keyresp.keys,vb_instructions_keyresp.rt,vb_instructions_keyresp.duration,vb_instructions_2_keyresp.keys,vb_instructions_2_keyresp.rt,vb_instructions_2_keyresp.duration,vb_textbox.text,vb_mouse.x,vb_mouse.y,vb_mouse.leftButton,vb_mouse.midButton,vb_mouse.rightButton,vb_mouse.time,vb_mouse.clicked_name,pl1_instructions1_keyresp.keys,pl1_instructions1_keyresp.rt,pl1_instructions1_keyresp.duration,pl1_instructions2_keyresp.keys,pl1_instructions2_keyresp.rt,pl1_instructions2_keyresp.duration,pl1_instructions3_keyresp.keys,pl1_instructions3_keyresp.rt,pl1_instructions3_keyresp.duration,pl1_instructions4_keyresp.keys,pl1_instructions4_keyresp.rt,pl1_instructions4_keyresp.duration,pl1_task_lickert.response,pl1_task_lickert.rt,pl1_task_confidence_lickert.response,pl1_task_confidence_lickert.rt,pl1_task_keyresp.keys,pl1_task_keyresp.rt,pl1_task_keyresp.duration,pl1_task_stimLeft,pl1_task_stimRight,pl1_loop.thisRepN,pl1_loop.thisTrialN,pl1_loop.thisN,pl1_loop.thisIndex,pl1_loop.ran,stimLeft_index,stimRight_index,pl2_instructions_keyresp.keys,pl2_instructions_keyresp.rt,pl2_instructions_keyresp.duration,pl2_task_lickert.response,pl2_task_lickert.rt,pl2_task_confidence_lickert.response,pl2_task_confidence_lickert.rt,pl2_task_keyresp.keys,pl2_task_keyresp.rt,pl2_task_keyresp.duration,pl2_task_gnome,pl2_task_forest,pl2_task_basket,pl2_loop.thisRepN,pl2_loop.thisTrialN,pl2_loop.thisN,pl2_loop.thisIndex,pl2_loop.ran,gnome_id,forest_id,pl3_instructions_keyresp.keys,pl3_instructions_keyresp.rt,pl3_instructions_keyresp.duration,pl3_task_lickert.response,pl3_task_lickert.rt,pl3_task_keyresp.keys,pl3_task_keyresp.rt,pl3_task_keyresp.duration,pl3_task_confidence_lickert.response,pl3_task_confidence_lickert.rt,pl3_task_stimLeftBg,pl3_task_stimRightBg,pl3_task_stimLeft,pl3_task_stimRight,pl3_loop.thisRepN,pl3_loop.thisTrialN,pl3_loop.thisN,pl3_loop.thisIndex,pl3_loop.ran,pl4_instructions_keyresp.keys,pl4_instructions_keyresp.rt,pl4_instructions_keyresp.duration,pl4_task_lickert.response,pl4_task_lickert.rt,pl4_task_keyresp.keys,pl4_task_keyresp.rt,pl4_task_keyresp.duration,pl4_task_confidence_lickert.response,pl4_task_confidence_lickert.rt,pl4_task_stimLeft,pl4_task_stimRight,pl4_loop.thisRepN,pl4_loop.thisTrialN,pl4_loop.thisN,pl4_loop.thisIndex,pl4_loop.ran,end_keyresp.keys,end_keyresp.rt,end_keyresp.duration,show_trials.thisRepN,show_trials.thisTrialN,show_trials.thisN,show_trials.thisIndex,show_trials.ran
5dcddf9f4d51e40a5292727d,brown_gnomes,ressources/step1_stim1.png,2,ressources/step1_stim1_deact.png,bright_forest,ressources/step2_background1.png,yellow_basket,ressources/step2_stim1.png,purple_gnome,ressources/step1_stim2.png,1,ressources/step1_stim2_deact.png,dark_forest,ressources/step2_background2.png,red_basket,ressources/step2_stim2.png,red_gnome,ressources/step1_stim3.png,2,ressources/step1_stim3_deact.png,dark_forest,ressources/step2_background2.png,red_basket,ressources/step2_stim2.png,green_gnome,ressources/step1_stim4.png,1,ressources/step1_stim4_deact.png,bright_forest,ressources/step2_background1.png,yellow_basket,ressources/step2_stim1.png,691931,001,2024-02-20_16h48.59.046,experiment,2023.2.3,Win32,30.03003003,60c682d13eac136dcb62df4b,65d4ce4bfe04d08c28397785,65d4d7bdefe78706ae14314e,,,,,,,,,,,,,,,,,,,,,,,,,,,,,,,,,,,,,,,,,,,,,,,,,,,,,,,,,,,,,,,,,,,,,,,,,,,,,,,,,,,,,,,,,,,,,,,,,,,,,,,,,,,,,,,,,,,,,,,,,,,,,,,,,,,,,,,,,,,,,,,,,,,,,,,,,,,,,,,,,,,,,,,,,,,,,,,,,,,,,,,,,,,,,,,,,,,,,,,,,,,,,,,,,,,,,,,
,,,,,,,,,,,,,,,,,,,,,,,,,,,,,,,,,691931,001,2024-02-20_16h48.59.046,experiment,2023.2.3,Win32,30.03003003,60c682d13eac136dcb62df4b,65d4ce4bfe04d08c28397785,65d4d7bdefe78706ae14314e,y,201.5972,,,,,,,,,,,,,,,,,,,,,,,,,,,,,,,,,,,,,,,,,,,,,,,,,,,,,,,,,,,,,,,,,,,,,,,,,,,,,,,,,,,,,,,,,,,,,,,,,,,,,,,,,,,,,,,,,,,,,,,,,,,,,,,,,,,,,,,,,,,,,,,,,,,,,,,,,,,,,,,,,,,,,,,,,,,,,,,,,,,,,,,,,,,,,,,,,,,,,,,,,,,,,,,,,,,,,
,,,,,,,,,,,,,,,,,,,,,,,,,,,,,,,,,691931,001,2024-02-20_16h48.59.046,experiment,2023.2.3,Win32,30.03003003,60c682d13eac136dcb62df4b,65d4ce4bfe04d08c28397785,65d4d7bdefe78706ae14314e,,,,space,14.3543,,space,413.2556,,space,85.1054,,space,105.4083,,space,1269.2223,,2090.471,2091.0125,s,1.1265,,,space,2.4073,,2,p_blue_gnome,2,0,p_green_forest,p_blue_basket,p_green_gnome,2,5,p_yellow_forest,p_green_basket,0,0,1,0,p_blue_gnome,p_green_forest,p_blue_basket,0,0,0,0,1,1,2,,,,,,,,,,,,,,,,,,,,,,,,,,,,,,,,,,,,,,,,,,,,,,,,,,,,,,,,,,,,,,,,,,,,,,,,,,,,,,,,,,,,,,,,,,,,,,,,,,,,,,,,,,,,,,,,,,,,,,,,,,,,,,,,,,,,,,,,,,,,,,,,,,,,,,,,,,,,,,,,,,,
,,,,,,,,,,,,,,,,,,,,,,,,,,,,,,,,,691931,001,2024-02-20_16h48.59.046,experiment,2023.2.3,Win32,30.03003003,60c682d13eac136dcb62df4b,65d4ce4bfe04d08c28397785,65d4d7bdefe78706ae14314e,,,,,,,,,,,,,,,,,,,2096.3628,2096.863,s,0.7232,,space,,,,2,p_green_gnome,2,5,p_yellow_forest,p_green_basket,p_blue_gnome,2,0,p_green_forest,p_blue_basket,5,0,0,1,p_green_gnome,p_yellow_forest,p_green_basket,5,0,1,1,1,1,2,0.8081,,,,,,,,,,,,,,,,,,,,,,,,,,,,,,,,,,,,,,,,,,,,,,,,,,,,,,,,,,,,,,,,,,,,,,,,,,,,,,,,,,,,,,,,,,,,,,,,,,,,,,,,,,,,,,,,,,,,,,,,,,,,,,,,,,,,,,,,,,,,,,,,,,,,,,,,,,,,,,,,,,
,,,,,,,,,,,,,,,,,,,,,,,,,,,,,,,,,691931,001,2024-02-20_16h48.59.046,experiment,2023.2.3,Win32,30.03003003,60c682d13eac136dcb62df4b,65d4ce4bfe04d08c28397785,65d4d7bdefe78706ae14314e,,,,,,,,,,,,,,,,,,,2101.8544,2102.4111,s,0.776,,space,,,,2,p_green_gnome,2,6,p_yellow_forest,p_green_basket,p_blue_gnome,2,1,p_green_forest,p_blue_basket,6,0,0,1,p_green_gnome,p_yellow_forest,p_green_basket,11,1,0,2,1,1,2,1.451,,,,,,,,,,,,,,,,,,,,,,,,,,,,,,,,,,,,,,,,,,,,,,,,,,,,,,,,,,,,,,,,,,,,,,,,,,,,,,,,,,,,,,,,,,,,,,,,,,,,,,,,,,,,,,,,,,,,,,,,,,,,,,,,,,,,,,,,,,,,,,,,,,,,,,,,,,,,,,,,,,
,,,,,,,,,,,,,,,,,,,,,,,,,,,,,,,,,691931,001,2024-02-20_16h48.59.046,experiment,2023.2.3,Win32,30.03003003,60c682d13eac136dcb62df4b,65d4ce4bfe04d08c28397785,65d4d7bdefe78706ae14314e,,,,,,,,,,,,,,,,,,,2107.4772,2107.9797,s,0.2643,,space,,,,1,p_orange_gnome,1,6,p_yellow_forest,p_green_basket,p_pink_gnome,1,1,p_green_forest,p_blue_basket,6,0,0,1,p_orange_gnome,p_yellow_forest,p_green_basket,17,1,1,3,0,1,1,1.1816,,,,,,,,,,,,,,,,,,,,,,,,,,,,,,,,,,,,,,,,,,,,,,,,,,,,,,,,,,,,,,,,,,,,,,,,,,,,,,,,,,,,,,,,,,,,,,,,,,,,,,,,,,,,,,,,,,,,,,,,,,,,,,,,,,,,,,,,,,,,,,,,,,,,,,,,,,,,,,,,,,
,,,,,,,,,,,,,,,,,,,,,,,,,,,,,,,,,691931,001,2024-02-20_16h48.59.046,experiment,2023.2.3,Win32,30.03003003,60c682d13eac136dcb62df4b,65d4ce4bfe04d08c28397785,65d4d7bdefe78706ae14314e,,,,,,,,,,,,,,,,,,,2112.9673,2113.5105,s,1.2426,,space,,,,1,p_orange_gnome,1,7,p_yellow_forest,p_green_basket,p_pink_gnome,1,2,p_green_forest,p_blue_basket,7,0,0,1,p_orange_gnome,p_yellow_forest,p_green_basket,24,2,0,4,0,1,1,0.9854,,,,,,,,,,,,,,,,,,,,,,,,,,,,,,,,,,,,,,,,,,,,,,,,,,,,,,,,,,,,,,,,,,,,,,,,,,,,,,,,,,,,,,,,,,,,,,,,,,,,,,,,,,,,,,,,,,,,,,,,,,,,,,,,,,,,,,,,,,,,,,,,,,,,,,,,,,,,,,,,,,
,,,,,,,,,,,,,,,,,,,,,,,,,,,,,,,,,691931,001,2024-02-20_16h48.59.046,experiment,2023.2.3,Win32,30.03003003,60c682d13eac136dcb62df4b,65d4ce4bfe04d08c28397785,65d4d7bdefe78706ae14314e,,,,,,,,,,,,,,,,,,,2118.4792,2118.9876,,,,,,,,1,p_pink_gnome,1,2,p_green_forest,p_blue_basket,p_orange_gnome,1,7,p_yellow_forest,p_green_basket,0,1,0,0,p_orange_gnome,p_yellow_forest,p_green_basket,24,2,1,5,0,1,1,,,space,2.3047,,,,,,,,,,,,,,,,,,,,,,,,,,,,,,,,,,,,,,,,,,,,,,,,,,,,,,,,,,,,,,,,,,,,,,,,,,,,,,,,,,,,,,,,,,,,,,,,,,,,,,,,,,,,,,,,,,,,,,,,,,,,,,,,,,,,,,,,,,,,,,,,,,,,,,,,,,,,,,,
,,,,,,,,,,,,,,,,,,,,,,,,,,,,,,,,,691931,001,2024-02-20_16h48.59.046,experiment,2023.2.3,Win32,30.03003003,60c682d13eac136dcb62df4b,65d4ce4bfe04d08c28397785,65d4d7bdefe78706ae14314e,,,,,,,,,,,,,,,,,,,2122.7688,2123.2859,s,0.8844,,space,,,,1,p_orange_gnome,1,8,p_yellow_forest,p_green_basket,p_pink_gnome,1,3,p_green_forest,p_blue_basket,8,0,0,1,p_orange_gnome,p_yellow_forest,p_green_basket,32,3,0,6,0,1,1,0.7599,,,,,,,,,,,,,,,,,,,,,,,,,,,,,,,,,,,,,,,,,,,,,,,,,,,,,,,,,,,,,,,,,,,,,,,,,,,,,,,,,,,,,,,,,,,,,,,,,,,,,,,,,,,,,,,,,,,,,,,,,,,,,,,,,,,,,,,,,,,,,,,,,,,,,,,,,,,,,,,,,,
,,,,,,,,,,,,,,,,,,,,,,,,,,,,,,,,,691931,001,2024-02-20_16h48.59.046,experiment,2023.2.3,Win32,30.03003003,60c682d13eac136dcb62df4b,65d4ce4bfe04d08c28397785,65d4d7bdefe78706ae14314e,,,,,,,,,,,,,,,,,,,2128.3392,2128.8751,s,0.8254,,space,,,,2,p_green_gnome,2,8,p_yellow_forest,p_green_basket,p_blue_gnome,2,3,p_green_forest,p_blue_basket,8,0,0,1,p_green_gnome,p_yellow_forest,p_green_basket,40,3,1,7,1,1,2,0.4046,,,,,,,,,,,,,,,,,,,,,,,,,,,,,,,,,,,,,,,,,,,,,,,,,,,,,,,,,,,,,,,,,,,,,,,,,,,,,,,,,,,,,,,,,,,,,,,,,,,,,,,,,,,,,,,,,,,,,,,,,,,,,,,,,,,,,,,,,,,,,,,,,,,,,,,,,,,,,,,,,,
,,,,,,,,,,,,,,,,,,,,,,,,,,,,,,,,,691931,001,2024-02-20_16h48.59.046,experiment,2023.2.3,Win32,30.03003003,60c682d13eac136dcb62df4b,65d4ce4bfe04d08c28397785,65d4d7bdefe78706ae14314e,,,,,,,,,,,,,,,,,,,2133.9345,2134.4804,k,1.3886,,space,,,,1,p_pink_gnome,1,4,p_green_forest,p_blue_basket,p_orange_gnome,1,9,p_yellow_forest,p_green_basket,9,0,0,1,p_orange_gnome,p_yellow_forest,p_green_basket,49,4,0,8,0,1,1,0.6195,,,,,,,,,,,,,,,,,,,,,,,,,,,,,,,,,,,,,,,,,,,,,,,,,,,,,,,,,,,,,,,,,,,,,,,,,,,,,,,,,,,,,,,,,,,,,,,,,,,,,,,,,,,,,,,,,,,,,,,,,,,,,,,,,,,,,,,,,,,,,,,,,,,,,,,,,,,,,,,,,,
,,,,,,,,,,,,,,,,,,,,,,,,,,,,,,,,,691931,001,2024-02-20_16h48.59.046,experiment,2023.2.3,Win32,30.03003003,60c682d13eac136dcb62df4b,65d4ce4bfe04d08c28397785,65d4d7bdefe78706ae14314e,,,,,,,,,,,,,,,,,,,2139.49,2140.0475,k,0.6461,,space,,,,2,p_blue_gnome,2,4,p_green_forest,p_blue_basket,p_green_gnome,2,9,p_yellow_forest,p_green_basket,9,0,0,1,p_green_gnome,p_yellow_forest,p_green_basket,58,4,1,9,1,1,2,0.6933,,,,,,,,,,,,,,,,,,,,,,,,,,,,,,,,,,,,,,,,,,,,,,,,,,,,,,,,,,,,,,,,,,,,,,,,,,,,,,,,,,,,,,,,,,,,,,,,,,,,,,,,,,,,,,,,,,,,,,,,,,,,,,,,,,,,,,,,,,,,,,,,,,,,,,,,,,,,,,,,,,
,,,,,,,,,,,,,,,,,,,,,,,,,,,,,,,,,691931,001,2024-02-20_16h48.59.046,experiment,2023.2.3,Win32,30.03003003,60c682d13eac136dcb62df4b,65d4ce4bfe04d08c28397785,65d4d7bdefe78706ae14314e,,,,,,,,,,,,,,,,,,,,,,,,,,,,,,,,,,,,,,,,,,,,,,,,,,,,2,,,,,,space,170.8859,,2315.9732,2364.6149,0.57989418,0.188888889,1,0,0,47.3942,t_advice_finished_typing_rect,space,6.1555,,2372.2818,2372.2819,k,0.8534,,space,0.9831,,2,brown_gnomes,2,1,bright_forest,yellow_basket,red_gnome,2,7,dark_forest,red_basket,7,0,0,1,red_gnome,dark_forest,red_basket,7,4,3,0,0,0,1,1,,,,,,,,,,,,,,,,,,,,,,,,,,,,,,,,,,,,,,,,,,,,,,,,,,,,,,,,,,,,,,,,,,,,,,,,,,,,,,,,,,,,,,,,,,,,,,,,,,,,,,,,,,,,,
,,,,,,,,,,,,,,,,,,,,,,,,,,,,,,,,,691931,001,2024-02-20_16h48.59.046,experiment,2023.2.3,Win32,30.03003003,60c682d13eac136dcb62df4b,65d4ce4bfe04d08c28397785,65d4d7bdefe78706ae14314e,,,,,,,,,,,,,,,,,,,,,,,,,,,,,,,,,,,,,,,,,,,,,,,,,,,,2,,,,,,,,,,,,,,,,,,,,,,,k,0.6665,,space,0.7058,,2,brown_gnomes,2,5,bright_forest,yellow_basket,red_gnome,2,8,dark_forest,red_basket,8,0,0,1,red_gnome,dark_forest,red_basket,15,-4,-2,0,1,1,1,1,,,,,,,,,,,,,,,,,,,,,,,,,,,,,,,,,,,,,,,,,,,,,,,,,,,,,,,,,,,,,,,,,,,,,,,,,,,,,,,,,,,,,,,,,,,,,,,,,,,,,,,,,,,,,
,,,,,,,,,,,,,,,,,,,,,,,,,,,,,,,,,691931,001,2024-02-20_16h48.59.046,experiment,2023.2.3,Win32,30.03003003,60c682d13eac136dcb62df4b,65d4ce4bfe04d08c28397785,65d4d7bdefe78706ae14314e,,,,,,,,,,,,,,,,,,,,,,,,,,,,,,,,,,,,,,,,,,,,,,,,,,,,2,,,,,,,,,,,,,,,,,,,,,,,s,0.7768,,space,0.5829,,2,red_gnome,2,6,dark_forest,red_basket,brown_gnomes,2,1,bright_forest,yellow_basket,6,0,0,1,red_gnome,dark_forest,red_basket,21,0,-3,1,0,2,1,1,,,,,,,,,,,,,,,,,,,,,,,,,,,,,,,,,,,,,,,,,,,,,,,,,,,,,,,,,,,,,,,,,,,,,,,,,,,,,,,,,,,,,,,,,,,,,,,,,,,,,,,,,,,,,
,,,,,,,,,,,,,,,,,,,,,,,,,,,,,,,,,691931,001,2024-02-20_16h48.59.046,experiment,2023.2.3,Win32,30.03003003,60c682d13eac136dcb62df4b,65d4ce4bfe04d08c28397785,65d4d7bdefe78706ae14314e,,,,,,,,,,,,,,,,,,,,,,,,,,,,,,,,,,,,,,,,,,,,,,,,,,,,2,,,,,,,,,,,,,,,,,,,,,,,k,0.6705,,space,0.6632,,2,brown_gnomes,2,1,bright_forest,yellow_basket,red_gnome,2,3,dark_forest,red_basket,3,0,0,1,red_gnome,dark_forest,red_basket,24,2,0,1,1,3,1,1,,,,,,,,,,,,,,,,,,,,,,,,,,,,,,,,,,,,,,,,,,,,,,,,,,,,,,,,,,,,,,,,,,,,,,,,,,,,,,,,,,,,,,,,,,,,,,,,,,,,,,,,,,,,,
,,,,,,,,,,,,,,,,,,,,,,,,,,,,,,,,,691931,001,2024-02-20_16h48.59.046,experiment,2023.2.3,Win32,30.03003003,60c682d13eac136dcb62df4b,65d4ce4bfe04d08c28397785,65d4d7bdefe78706ae14314e,,,,,,,,,,,,,,,,,,,,,,,,,,,,,,,,,,,,,,,,,,,,,,,,,,,,1,,,,,,,,,,,,,,,,,,,,,,,s,1.1931,,space,0.7397,,1,purple_gnome,1,3,dark_forest,red_basket,green_gnome,1,3,bright_forest,yellow_basket,3,0,0,1,purple_gnome,dark_forest,red_basket,27,3,0,2,0,4,0,1,,,,,,,,,,,,,,,,,,,,,,,,,,,,,,,,,,,,,,,,,,,,,,,,,,,,,,,,,,,,,,,,,,,,,,,,,,,,,,,,,,,,,,,,,,,,,,,,,,,,,,,,,,,,,
,,,,,,,,,,,,,,,,,,,,,,,,,,,,,,,,,691931,001,2024-02-20_16h48.59.046,experiment,2023.2.3,Win32,30.03003003,60c682d13eac136dcb62df4b,65d4ce4bfe04d08c28397785,65d4d7bdefe78706ae14314e,,,,,,,,,,,,,,,,,,,,,,,,,,,,,,,,,,,,,,,,,,,,,,,,,,,,2,,,,,,,,,,,,,,,,,,,,,,,s,0.7266,,space,0.7652,,2,red_gnome,2,3,dark_forest,red_basket,brown_gnomes,2,6,bright_forest,yellow_basket,3,0,0,1,red_gnome,dark_forest,red_basket,30,2,1,2,1,5,1,1,,,,,,,,,,,,,,,,,,,,,,,,,,,,,,,,,,,,,,,,,,,,,,,,,,,,,,,,,,,,,,,,,,,,,,,,,,,,,,,,,,,,,,,,,,,,,,,,,,,,,,,,,,,,,
,,,,,,,,,,,,,,,,,,,,,,,,,,,,,,,,,691931,001,2024-02-20_16h48.59.046,experiment,2023.2.3,Win32,30.03003003,60c682d13eac136dcb62df4b,65d4ce4bfe04d08c28397785,65d4d7bdefe78706ae14314e,,,,,,,,,,,,,,,,,,,,,,,,,,,,,,,,,,,,,,,,,,,,,,,,,,,,2,,,,,,,,,,,,,,,,,,,,,,,k,0.6157,,space,0.6209,,2,red_gnome,2,4,dark_forest,red_basket,brown_gnomes,2,8,bright_forest,yellow_basket,8,0,0,1,brown_gnomes,bright_forest,yellow_basket,38,2,-3,3,0,6,1,1,,,,,,,,,,,,,,,,,,,,,,,,,,,,,,,,,,,,,,,,,,,,,,,,,,,,,,,,,,,,,,,,,,,,,,,,,,,,,,,,,,,,,,,,,,,,,,,,,,,,,,,,,,,,,
,,,,,,,,,,,,,,,,,,,,,,,,,,,,,,,,,691931,001,2024-02-20_16h48.59.046,experiment,2023.2.3,Win32,30.03003003,60c682d13eac136dcb62df4b,65d4ce4bfe04d08c28397785,65d4d7bdefe78706ae14314e,,,,,,,,,,,,,,,,,,,,,,,,,,,,,,,,,,,,,,,,,,,,,,,,,,,,1,,,,,,,,,,,,,,,,,,,,,,,k,1.0805,,space,0.791,,1,purple_gnome,1,1,dark_forest,red_basket,green_gnome,1,8,bright_forest,yellow_basket,8,0,0,1,green_gnome,bright_forest,yellow_basket,46,3,0,3,1,7,0,1,,,,,,,,,,,,,,,,,,,,,,,,,,,,,,,,,,,,,,,,,,,,,,,,,,,,,,,,,,,,,,,,,,,,,,,,,,,,,,,,,,,,,,,,,,,,,,,,,,,,,,,,,,,,,
,,,,,,,,,,,,,,,,,,,,,,,,,,,,,,,,,691931,001,2024-02-20_16h48.59.046,experiment,2023.2.3,Win32,30.03003003,60c682d13eac136dcb62df4b,65d4ce4bfe04d08c28397785,65d4d7bdefe78706ae14314e,,,,,,,,,,,,,,,,,,,,,,,,,,,,,,,,,,,,,,,,,,,,,,,,,,,,1,,,,,,,,,,,,,,,,,,,,,,,k,0.5445,,space,0.7164,,1,purple_gnome,1,1,dark_forest,red_basket,green_gnome,1,7,bright_forest,yellow_basket,7,0,0,1,green_gnome,bright_forest,yellow_basket,53,1,-1,4,0,8,0,1,,,,,,,,,,,,,,,,,,,,,,,,,,,,,,,,,,,,,,,,,,,,,,,,,,,,,,,,,,,,,,,,,,,,,,,,,,,,,,,,,,,,,,,,,,,,,,,,,,,,,,,,,,,,,
,,,,,,,,,,,,,,,,,,,,,,,,,,,,,,,,,691931,001,2024-02-20_16h48.59.046,experiment,2023.2.3,Win32,30.03003003,60c682d13eac136dcb62df4b,65d4ce4bfe04d08c28397785,65d4d7bdefe78706ae14314e,,,,,,,,,,,,,,,,,,,,,,,,,,,,,,,,,,,,,,,,,,,,,,,,,,,,1,,,,,,,,,,,,,,,,,,,,,,,,,,,,,1,green_gnome,1,8,bright_forest,yellow_basket,purple_gnome,1,0,dark_forest,red_basket,0,1,0,0,,bright_forest,yellow_basket,53,5,-2,4,1,9,0,1,,,,,,,,,,,,,,,,,,,,,,,,,,,,,,,,,,,,,,,,,,,,,,,,,,,,,,,,,,,,,,,,,,,,,,,,,,,,,,,,,,,,,,,,,,,,,,,,,,,,,,,,,,,,,
,,,,,,,,,,,,,,,,,,,,,,,,,,,,,,,,,691931,001,2024-02-20_16h48.59.046,experiment,2023.2.3,Win32,30.03003003,60c682d13eac136dcb62df4b,65d4ce4bfe04d08c28397785,65d4d7bdefe78706ae14314e,,,,,,,,,,,,,,,,,,,,,,,,,,,,,,,,,,,,,,,,,,,,,,,,,,,,1,,,,,,,,,,,,,,,,,,,,,,,s,0.937,,,,,1,green_gnome,1,5,bright_forest,yellow_basket,purple_gnome,1,2,dark_forest,red_basket,0,0,1,0,green_gnome,bright_forest,yellow_basket,53,0,4,5,0,10,0,1,,,,,,,,,,,,,,,,,,,,,,,,,,,,,,,,,,,,,,,,,,,,,,,,,,,,,,,,,,,,,,,,,,,,,,,,,,,,,,,,,,,,,,,,,,,,,,,,,,,,,,,,,,,,,
,,,,,,,,,,,,,,,,,,,,,,,,,,,,,,,,,691931,001,2024-02-20_16h48.59.046,experiment,2023.2.3,Win32,30.03003003,60c682d13eac136dcb62df4b,65d4ce4bfe04d08c28397785,65d4d7bdefe78706ae14314e,,,,,,,,,,,,,,,,,,,,,,,,,,,,,,,,,,,,,,,,,,,,,,,,,,,,1,,,,,,,,,,,,,,,,,,,,,,,k,0.7615,,space,0.7387,,1,purple_gnome,1,6,dark_forest,red_basket,green_gnome,1,5,bright_forest,yellow_basket,5,0,0,1,green_gnome,bright_forest,yellow_basket,58,2,0,5,1,11,0,1,,,,,,,,,,,,,,,,,,,,,,,,,,,,,,,,,,,,,,,,,,,,,,,,,,,,,,,,,,,,,,,,,,,,,,,,,,,,,,,,,,,,,,,,,,,,,,,,,,,,,,,,,,,,,
,,,,,,,,,,,,,,,,,,,,,,,,,,,,,,,,,691931,001,2024-02-20_16h48.59.046,experiment,2023.2.3,Win32,30.03003003,60c682d13eac136dcb62df4b,65d4ce4bfe04d08c28397785,65d4d7bdefe78706ae14314e,,,,,,,,,,,,,,,,,,,,,,,,,,,,,,,,,,,,,,,,,,,,,,,,,,,,1,,,,,,,,,,,,,,,,,,,,,,,s,0.842,,space,0.7606,,1,green_gnome,1,7,bright_forest,yellow_basket,purple_gnome,1,6,dark_forest,red_basket,7,0,0,1,green_gnome,bright_forest,yellow_basket,65,1,-1,6,0,12,0,1,,,,,,,,,,,,,,,,,,,,,,,,,,,,,,,,,,,,,,,,,,,,,,,,,,,,,,,,,,,,,,,,,,,,,,,,,,,,,,,,,,,,,,,,,,,,,,,,,,,,,,,,,,,,,
,,,,,,,,,,,,,,,,,,,,,,,,,,,,,,,,,691931,001,2024-02-20_16h48.59.046,experiment,2023.2.3,Win32,30.03003003,60c682d13eac136dcb62df4b,65d4ce4bfe04d08c28397785,65d4d7bdefe78706ae14314e,,,,,,,,,,,,,,,,,,,,,,,,,,,,,,,,,,,,,,,,,,,,,,,,,,,,1,,,,,,,,,,,,,,,,,,,,,,,s,0.6678,,space,1.0529,,1,green_gnome,1,8,bright_forest,yellow_basket,purple_gnome,1,5,dark_forest,red_basket,8,0,0,1,green_gnome,bright_forest,yellow_basket,73,-1,0,6,1,13,0,1,,,,,,,,,,,,,,,,,,,,,,,,,,,,,,,,,,,,,,,,,,,,,,,,,,,,,,,,,,,,,,,,,,,,,,,,,,,,,,,,,,,,,,,,,,,,,,,,,,,,,,,,,,,,,
,,,,,,,,,,,,,,,,,,,,,,,,,,,,,,,,,691931,001,2024-02-20_16h48.59.046,experiment,2023.2.3,Win32,30.03003003,60c682d13eac136dcb62df4b,65d4ce4bfe04d08c28397785,65d4d7bdefe78706ae14314e,,,,,,,,,,,,,,,,,,,,,,,,,,,,,,,,,,,,,,,,,,,,,,,,,,,,2,,,,,,,,,,,,,,,,,,,,,,,k,1.1097,,space,0.734,,2,red_gnome,2,5,dark_forest,red_basket,brown_gnomes,2,7,bright_forest,yellow_basket,7,0,0,1,brown_gnomes,bright_forest,yellow_basket,80,3,-1,7,0,14,1,1,,,,,,,,,,,,,,,,,,,,,,,,,,,,,,,,,,,,,,,,,,,,,,,,,,,,,,,,,,,,,,,,,,,,,,,,,,,,,,,,,,,,,,,,,,,,,,,,,,,,,,,,,,,,,
,,,,,,,,,,,,,,,,,,,,,,,,,,,,,,,,,691931,001,2024-02-20_16h48.59.046,experiment,2023.2.3,Win32,30.03003003,60c682d13eac136dcb62df4b,65d4ce4bfe04d08c28397785,65d4d7bdefe78706ae14314e,,,,,,,,,,,,,,,,,,,,,,,,,,,,,,,,,,,,,,,,,,,,,,,,,,,,1,,,,,,,,,,,,,,,,,,,,,,,s,0.8514,,space,0.9907,,1,green_gnome,1,8,bright_forest,yellow_basket,purple_gnome,1,4,dark_forest,red_basket,8,0,0,1,green_gnome,bright_forest,yellow_basket,88,-3,1,7,1,15,0,1,,,,,,,,,,,,,,,,,,,,,,,,,,,,,,,,,,,,,,,,,,,,,,,,,,,,,,,,,,,,,,,,,,,,,,,,,,,,,,,,,,,,,,,,,,,,,,,,,,,,,,,,,,,,,
,,,,,,,,,,,,,,,,,,,,,,,,,,,,,,,,,691931,001,2024-02-20_16h48.59.046,experiment,2023.2.3,Win32,30.03003003,60c682d13eac136dcb62df4b,65d4ce4bfe04d08c28397785,65d4d7bdefe78706ae14314e,,,,,,,,,,,,,,,,,,,,,,,,,,,,,,,,,,,,,,,,,,,,,,,,,,,,2,,,,,,,,,,,,,,,,,,,,,,,k,1.0289,,space,1.0719,,2,red_gnome,2,5,dark_forest,red_basket,brown_gnomes,2,5,bright_forest,yellow_basket,5,0,0,1,brown_gnomes,bright_forest,yellow_basket,93,-1,2,8,0,16,1,1,,,,,,,,,,,,,,,,,,,,,,,,,,,,,,,,,,,,,,,,,,,,,,,,,,,,,,,,,,,,,,,,,,,,,,,,,,,,,,,,,,,,,,,,,,,,,,,,,,,,,,,,,,,,,
,,,,,,,,,,,,,,,,,,,,,,,,,,,,,,,,,691931,001,2024-02-20_16h48.59.046,experiment,2023.2.3,Win32,30.03003003,60c682d13eac136dcb62df4b,65d4ce4bfe04d08c28397785,65d4d7bdefe78706ae14314e,,,,,,,,,,,,,,,,,,,,,,,,,,,,,,,,,,,,,,,,,,,,,,,,,,,,2,,,,,,,,,,,,,,,,,,,,,,,s,0.7728,,space,1.3518,,2,brown_gnomes,2,4,bright_forest,yellow_basket,red_gnome,2,7,dark_forest,red_basket,4,0,0,1,brown_gnomes,bright_forest,yellow_basket,97,4,1,8,1,17,1,1,,,,,,,,,,,,,,,,,,,,,,,,,,,,,,,,,,,,,,,,,,,,,,,,,,,,,,,,,,,,,,,,,,,,,,,,,,,,,,,,,,,,,,,,,,,,,,,,,,,,,,,,,,,,,
,,,,,,,,,,,,,,,,,,,,,,,,,,,,,,,,,691931,001,2024-02-20_16h48.59.046,experiment,2023.2.3,Win32,30.03003003,60c682d13eac136dcb62df4b,65d4ce4bfe04d08c28397785,65d4d7bdefe78706ae14314e,,,,,,,,,,,,,,,,,,,,,,,,,,,,,,,,,,,,,,,,,,,,,,,,,,,,1,,,,,,,,,,,,,,,,,,,,,,,s,0.7499,,space,0.5732,,1,purple_gnome,1,8,dark_forest,red_basket,green_gnome,1,8,bright_forest,yellow_basket,8,0,0,1,purple_gnome,dark_forest,red_basket,105,0,2,9,0,18,0,1,,,,,,,,,,,,,,,,,,,,,,,,,,,,,,,,,,,,,,,,,,,,,,,,,,,,,,,,,,,,,,,,,,,,,,,,,,,,,,,,,,,,,,,,,,,,,,,,,,,,,,,,,,,,,
,,,,,,,,,,,,,,,,,,,,,,,,,,,,,,,,,691931,001,2024-02-20_16h48.59.046,experiment,2023.2.3,Win32,30.03003003,60c682d13eac136dcb62df4b,65d4ce4bfe04d08c28397785,65d4d7bdefe78706ae14314e,,,,,,,,,,,,,,,,,,,,,,,,,,,,,,,,,,,,,,,,,,,,,,,,,,,,1,,,,,,,,,,,,,,,,,,,,,,,k,0.6606,,space,1.144,,1,green_gnome,1,8,bright_forest,yellow_basket,purple_gnome,1,8,dark_forest,red_basket,8,0,0,1,purple_gnome,dark_forest,red_basket,113,1,2,9,1,19,0,1,,,,,,,,,,,,,,,,,,,,,,,,,,,,,,,,,,,,,,,,,,,,,,,,,,,,,,,,,,,,,,,,,,,,,,,,,,,,,,,,,,,,,,,,,,,,,,,,,,,,,,,,,,,,,
,,,,,,,,,,,,,,,,,,,,,,,,,,,,,,,,,691931,001,2024-02-20_16h48.59.046,experiment,2023.2.3,Win32,30.03003003,60c682d13eac136dcb62df4b,65d4ce4bfe04d08c28397785,65d4d7bdefe78706ae14314e,,,,,,,,,,,,,,,,,,,,,,,,,,,,,,,,,,,,,,,,,,,,,,,,,,,,1,,,,,,,,,,,,,,,,,,,,,,,s,0.6616,,space,0.7483,,1,purple_gnome,1,8,dark_forest,red_basket,green_gnome,1,9,bright_forest,yellow_basket,8,0,0,1,purple_gnome,dark_forest,red_basket,121,1,3,10,0,20,0,1,,,,,,,,,,,,,,,,,,,,,,,,,,,,,,,,,,,,,,,,,,,,,,,,,,,,,,,,,,,,,,,,,,,,,,,,,,,,,,,,,,,,,,,,,,,,,,,,,,,,,,,,,,,,,
,,,,,,,,,,,,,,,,,,,,,,,,,,,,,,,,,691931,001,2024-02-20_16h48.59.046,experiment,2023.2.3,Win32,30.03003003,60c682d13eac136dcb62df4b,65d4ce4bfe04d08c28397785,65d4d7bdefe78706ae14314e,,,,,,,,,,,,,,,,,,,,,,,,,,,,,,,,,,,,,,,,,,,,,,,,,,,,1,,,,,,,,,,,,,,,,,,,,,,,k,0.8532,,space,0.7668,,1,green_gnome,1,8,bright_forest,yellow_basket,purple_gnome,1,7,dark_forest,red_basket,7,0,0,1,purple_gnome,dark_forest,red_basket,128,1,0,10,1,21,0,1,,,,,,,,,,,,,,,,,,,,,,,,,,,,,,,,,,,,,,,,,,,,,,,,,,,,,,,,,,,,,,,,,,,,,,,,,,,,,,,,,,,,,,,,,,,,,,,,,,,,,,,,,,,,,
,,,,,,,,,,,,,,,,,,,,,,,,,,,,,,,,,691931,001,2024-02-20_16h48.59.046,experiment,2023.2.3,Win32,30.03003003,60c682d13eac136dcb62df4b,65d4ce4bfe04d08c28397785,65d4d7bdefe78706ae14314e,,,,,,,,,,,,,,,,,,,,,,,,,,,,,,,,,,,,,,,,,,,,,,,,,,,,1,,,,,,,,,,,,,,,,,,,,,,,s,0.8875,,space,1.4334,,1,purple_gnome,1,7,dark_forest,red_basket,green_gnome,1,9,bright_forest,yellow_basket,7,0,0,1,purple_gnome,dark_forest,red_basket,135,1,-1,11,0,22,0,1,,,,,,,,,,,,,,,,,,,,,,,,,,,,,,,,,,,,,,,,,,,,,,,,,,,,,,,,,,,,,,,,,,,,,,,,,,,,,,,,,,,,,,,,,,,,,,,,,,,,,,,,,,,,,
,,,,,,,,,,,,,,,,,,,,,,,,,,,,,,,,,691931,001,2024-02-20_16h48.59.046,experiment,2023.2.3,Win32,30.03003003,60c682d13eac136dcb62df4b,65d4ce4bfe04d08c28397785,65d4d7bdefe78706ae14314e,,,,,,,,,,,,,,,,,,,,,,,,,,,,,,,,,,,,,,,,,,,,,,,,,,,,1,,,,,,,,,,,,,,,,,,,,,,,k,0.6088,,space,0.5317,,1,green_gnome,1,8,bright_forest,yellow_basket,purple_gnome,1,6,dark_forest,red_basket,6,0,0,1,purple_gnome,dark_forest,red_basket,141,-4,1,11,1,23,0,1,,,,,,,,,,,,,,,,,,,,,,,,,,,,,,,,,,,,,,,,,,,,,,,,,,,,,,,,,,,,,,,,,,,,,,,,,,,,,,,,,,,,,,,,,,,,,,,,,,,,,,,,,,,,,
,,,,,,,,,,,,,,,,,,,,,,,,,,,,,,,,,691931,001,2024-02-20_16h48.59.046,experiment,2023.2.3,Win32,30.03003003,60c682d13eac136dcb62df4b,65d4ce4bfe04d08c28397785,65d4d7bdefe78706ae14314e,,,,,,,,,,,,,,,,,,,,,,,,,,,,,,,,,,,,,,,,,,,,,,,,,,,,2,,,,,,,,,,,,,,,,,,,,,,,s,0.7948,,,,,2,red_gnome,2,7,dark_forest,red_basket,brown_gnomes,2,4,bright_forest,yellow_basket,0,0,1,0,red_gnome,dark_forest,red_basket,141,-3,3,12,0,24,1,1,,,,,,,,,,,,,,,,,,,,,,,,,,,,,,,,,,,,,,,,,,,,,,,,,,,,,,,,,,,,,,,,,,,,,,,,,,,,,,,,,,,,,,,,,,,,,,,,,,,,,,,,,,,,,
,,,,,,,,,,,,,,,,,,,,,,,,,,,,,,,,,691931,001,2024-02-20_16h48.59.046,experiment,2023.2.3,Win32,30.03003003,60c682d13eac136dcb62df4b,65d4ce4bfe04d08c28397785,65d4d7bdefe78706ae14314e,,,,,,,,,,,,,,,,,,,,,,,,,,,,,,,,,,,,,,,,,,,,,,,,,,,,2,,,,,,,,,,,,,,,,,,,,,,,s,0.7696,,space,0.6284,,2,red_gnome,2,8,dark_forest,red_basket,brown_gnomes,2,1,bright_forest,yellow_basket,8,0,0,1,red_gnome,dark_forest,red_basket,149,-4,-1,12,1,25,1,1,,,,,,,,,,,,,,,,,,,,,,,,,,,,,,,,,,,,,,,,,,,,,,,,,,,,,,,,,,,,,,,,,,,,,,,,,,,,,,,,,,,,,,,,,,,,,,,,,,,,,,,,,,,,,
,,,,,,,,,,,,,,,,,,,,,,,,,,,,,,,,,691931,001,2024-02-20_16h48.59.046,experiment,2023.2.3,Win32,30.03003003,60c682d13eac136dcb62df4b,65d4ce4bfe04d08c28397785,65d4d7bdefe78706ae14314e,,,,,,,,,,,,,,,,,,,,,,,,,,,,,,,,,,,,,,,,,,,,,,,,,,,,1,,,,,,,,,,,,,,,,,,,,,,,s,0.6133,,space,0.8061,,1,purple_gnome,1,7,dark_forest,red_basket,green_gnome,1,3,bright_forest,yellow_basket,7,0,0,1,purple_gnome,dark_forest,red_basket,156,0,3,13,0,26,0,1,,,,,,,,,,,,,,,,,,,,,,,,,,,,,,,,,,,,,,,,,,,,,,,,,,,,,,,,,,,,,,,,,,,,,,,,,,,,,,,,,,,,,,,,,,,,,,,,,,,,,,,,,,,,,
,,,,,,,,,,,,,,,,,,,,,,,,,,,,,,,,,691931,001,2024-02-20_16h48.59.046,experiment,2023.2.3,Win32,30.03003003,60c682d13eac136dcb62df4b,65d4ce4bfe04d08c28397785,65d4d7bdefe78706ae14314e,,,,,,,,,,,,,,,,,,,,,,,,,,,,,,,,,,,,,,,,,,,,,,,,,,,,1,,,,,,,,,,,,,,,,,,,,,,,s,0.7272,,space,1.0243,,1,purple_gnome,1,8,dark_forest,red_basket,green_gnome,1,3,bright_forest,yellow_basket,8,0,0,1,purple_gnome,dark_forest,red_basket,164,2,4,13,1,27,0,1,,,,,,,,,,,,,,,,,,,,,,,,,,,,,,,,,,,,,,,,,,,,,,,,,,,,,,,,,,,,,,,,,,,,,,,,,,,,,,,,,,,,,,,,,,,,,,,,,,,,,,,,,,,,,
,,,,,,,,,,,,,,,,,,,,,,,,,,,,,,,,,691931,001,2024-02-20_16h48.59.046,experiment,2023.2.3,Win32,30.03003003,60c682d13eac136dcb62df4b,65d4ce4bfe04d08c28397785,65d4d7bdefe78706ae14314e,,,,,,,,,,,,,,,,,,,,,,,,,,,,,,,,,,,,,,,,,,,,,,,,,,,,2,,,,,,,,,,,,,,,,,,,,,,,k,0.729,,space,1.0368,,2,brown_gnomes,2,5,bright_forest,yellow_basket,red_gnome,2,6,dark_forest,red_basket,6,0,0,1,red_gnome,dark_forest,red_basket,170,0,0,14,0,28,1,1,,,,,,,,,,,,,,,,,,,,,,,,,,,,,,,,,,,,,,,,,,,,,,,,,,,,,,,,,,,,,,,,,,,,,,,,,,,,,,,,,,,,,,,,,,,,,,,,,,,,,,,,,,,,,
,,,,,,,,,,,,,,,,,,,,,,,,,,,,,,,,,691931,001,2024-02-20_16h48.59.046,experiment,2023.2.3,Win32,30.03003003,60c682d13eac136dcb62df4b,65d4ce4bfe04d08c28397785,65d4d7bdefe78706ae14314e,,,,,,,,,,,,,,,,,,,,,,,,,,,,,,,,,,,,,,,,,,,,,,,,,,,,2,,,,,,,,,,,,,,,,,,,,,,,k,0.5674,,space,0.701,,2,brown_gnomes,2,5,bright_forest,yellow_basket,red_gnome,2,6,dark_forest,red_basket,6,0,0,1,red_gnome,dark_forest,red_basket,176,0,-1,14,1,29,1,1,,,,,,,,,,,,,,,,,,,,,,,,,,,,,,,,,,,,,,,,,,,,,,,,,,,,,,,,,,,,,,,,,,,,,,,,,,,,,,,,,,,,,,,,,,,,,,,,,,,,,,,,,,,,,
,,,,,,,,,,,,,,,,,,,,,,,,,,,,,,,,,691931,001,2024-02-20_16h48.59.046,experiment,2023.2.3,Win32,30.03003003,60c682d13eac136dcb62df4b,65d4ce4bfe04d08c28397785,65d4d7bdefe78706ae14314e,,,,,,,,,,,,,,,,,,,,,,,,,,,,,,,,,,,,,,,,,,,,,,,,,,,,1,,,,,,,,,,,,,,,,,,,,,,,s,0.6801,,space,0.8694,,1,purple_gnome,1,5,dark_forest,red_basket,green_gnome,1,5,bright_forest,yellow_basket,5,0,0,1,purple_gnome,dark_forest,red_basket,181,0,0,15,0,30,0,1,,,,,,,,,,,,,,,,,,,,,,,,,,,,,,,,,,,,,,,,,,,,,,,,,,,,,,,,,,,,,,,,,,,,,,,,,,,,,,,,,,,,,,,,,,,,,,,,,,,,,,,,,,,,,
,,,,,,,,,,,,,,,,,,,,,,,,,,,,,,,,,691931,001,2024-02-20_16h48.59.046,experiment,2023.2.3,Win32,30.03003003,60c682d13eac136dcb62df4b,65d4ce4bfe04d08c28397785,65d4d7bdefe78706ae14314e,,,,,,,,,,,,,,,,,,,,,,,,,,,,,,,,,,,,,,,,,,,,,,,,,,,,1,,,,,,,,,,,,,,,,,,,,,,,s,0.6892,,space,0.6291,,1,green_gnome,1,5,bright_forest,yellow_basket,purple_gnome,1,5,dark_forest,red_basket,5,0,0,1,green_gnome,bright_forest,yellow_basket,186,-2,-1,15,1,31,0,1,,,,,,,,,,,,,,,,,,,,,,,,,,,,,,,,,,,,,,,,,,,,,,,,,,,,,,,,,,,,,,,,,,,,,,,,,,,,,,,,,,,,,,,,,,,,,,,,,,,,,,,,,,,,,
,,,,,,,,,,,,,,,,,,,,,,,,,,,,,,,,,691931,001,2024-02-20_16h48.59.046,experiment,2023.2.3,Win32,30.03003003,60c682d13eac136dcb62df4b,65d4ce4bfe04d08c28397785,65d4d7bdefe78706ae14314e,,,,,,,,,,,,,,,,,,,,,,,,,,,,,,,,,,,,,,,,,,,,,,,,,,,,1,,,,,,,,,,,,,,,,,,,,,,,s,0.8491,,space,0.7051,,1,green_gnome,1,3,bright_forest,yellow_basket,purple_gnome,1,4,dark_forest,red_basket,3,0,0,1,green_gnome,bright_forest,yellow_basket,189,-1,0,16,0,32,0,1,,,,,,,,,,,,,,,,,,,,,,,,,,,,,,,,,,,,,,,,,,,,,,,,,,,,,,,,,,,,,,,,,,,,,,,,,,,,,,,,,,,,,,,,,,,,,,,,,,,,,,,,,,,,,
,,,,,,,,,,,,,,,,,,,,,,,,,,,,,,,,,691931,001,2024-02-20_16h48.59.046,experiment,2023.2.3,Win32,30.03003003,60c682d13eac136dcb62df4b,65d4ce4bfe04d08c28397785,65d4d7bdefe78706ae14314e,,,,,,,,,,,,,,,,,,,,,,,,,,,,,,,,,,,,,,,,,,,,,,,,,,,,1,,,,,,,,,,,,,,,,,,,,,,,k,0.6467,,space,0.6353,,1,green_gnome,1,2,bright_forest,yellow_basket,purple_gnome,1,4,dark_forest,red_basket,4,0,0,1,purple_gnome,dark_forest,red_basket,193,-1,0,16,1,33,0,1,,,,,,,,,,,,,,,,,,,,,,,,,,,,,,,,,,,,,,,,,,,,,,,,,,,,,,,,,,,,,,,,,,,,,,,,,,,,,,,,,,,,,,,,,,,,,,,,,,,,,,,,,,,,,
,,,,,,,,,,,,,,,,,,,,,,,,,,,,,,,,,691931,001,2024-02-20_16h48.59.046,experiment,2023.2.3,Win32,30.03003003,60c682d13eac136dcb62df4b,65d4ce4bfe04d08c28397785,65d4d7bdefe78706ae14314e,,,,,,,,,,,,,,,,,,,,,,,,,,,,,,,,,,,,,,,,,,,,,,,,,,,,1,,,,,,,,,,,,,,,,,,,,,,,s,0.7283,,space,0.8244,,1,green_gnome,1,1,bright_forest,yellow_basket,purple_gnome,1,4,dark_forest,red_basket,1,0,0,1,green_gnome,bright_forest,yellow_basket,194,1,0,17,0,34,0,1,,,,,,,,,,,,,,,,,,,,,,,,,,,,,,,,,,,,,,,,,,,,,,,,,,,,,,,,,,,,,,,,,,,,,,,,,,,,,,,,,,,,,,,,,,,,,,,,,,,,,,,,,,,,,
,,,,,,,,,,,,,,,,,,,,,,,,,,,,,,,,,691931,001,2024-02-20_16h48.59.046,experiment,2023.2.3,Win32,30.03003003,60c682d13eac136dcb62df4b,65d4ce4bfe04d08c28397785,65d4d7bdefe78706ae14314e,,,,,,,,,,,,,,,,,,,,,,,,,,,,,,,,,,,,,,,,,,,,,,,,,,,,1,,,,,,,,,,,,,,,,,,,,,,,k,0.9044,,space,0.6609,,1,purple_gnome,1,4,dark_forest,red_basket,green_gnome,1,2,bright_forest,yellow_basket,2,0,0,1,green_gnome,bright_forest,yellow_basket,196,-3,-3,17,1,35,0,1,,,,,,,,,,,,,,,,,,,,,,,,,,,,,,,,,,,,,,,,,,,,,,,,,,,,,,,,,,,,,,,,,,,,,,,,,,,,,,,,,,,,,,,,,,,,,,,,,,,,,,,,,,,,,
,,,,,,,,,,,,,,,,,,,,,,,,,,,,,,,,,691931,001,2024-02-20_16h48.59.046,experiment,2023.2.3,Win32,30.03003003,60c682d13eac136dcb62df4b,65d4ce4bfe04d08c28397785,65d4d7bdefe78706ae14314e,,,,,,,,,,,,,,,,,,,,,,,,,,,,,,,,,,,,,,,,,,,,,,,,,,,,2,,,,,,,,,,,,,,,,,,,,,,,k,0.6066,,space,0.6648,,2,brown_gnomes,2,1,bright_forest,yellow_basket,red_gnome,2,1,dark_forest,red_basket,1,0,0,1,red_gnome,dark_forest,red_basket,197,-3,2,18,0,36,1,1,,,,,,,,,,,,,,,,,,,,,,,,,,,,,,,,,,,,,,,,,,,,,,,,,,,,,,,,,,,,,,,,,,,,,,,,,,,,,,,,,,,,,,,,,,,,,,,,,,,,,,,,,,,,,
,,,,,,,,,,,,,,,,,,,,,,,,,,,,,,,,,691931,001,2024-02-20_16h48.59.046,experiment,2023.2.3,Win32,30.03003003,60c682d13eac136dcb62df4b,65d4ce4bfe04d08c28397785,65d4d7bdefe78706ae14314e,,,,,,,,,,,,,,,,,,,,,,,,,,,,,,,,,,,,,,,,,,,,,,,,,,,,2,,,,,,,,,,,,,,,,,,,,,,,s,1.1941,,space,0.8357,,2,red_gnome,2,3,dark_forest,red_basket,brown_gnomes,2,2,bright_forest,yellow_basket,3,0,0,1,red_gnome,dark_forest,red_basket,200,1,3,18,1,37,1,1,,,,,,,,,,,,,,,,,,,,,,,,,,,,,,,,,,,,,,,,,,,,,,,,,,,,,,,,,,,,,,,,,,,,,,,,,,,,,,,,,,,,,,,,,,,,,,,,,,,,,,,,,,,,,
,,,,,,,,,,,,,,,,,,,,,,,,,,,,,,,,,691931,001,2024-02-20_16h48.59.046,experiment,2023.2.3,Win32,30.03003003,60c682d13eac136dcb62df4b,65d4ce4bfe04d08c28397785,65d4d7bdefe78706ae14314e,,,,,,,,,,,,,,,,,,,,,,,,,,,,,,,,,,,,,,,,,,,,,,,,,,,,2,,,,,,,,,,,,,,,,,,,,,,,s,0.9615,,space,0.5004,,2,brown_gnomes,2,3,bright_forest,yellow_basket,red_gnome,2,6,dark_forest,red_basket,3,0,0,1,brown_gnomes,bright_forest,yellow_basket,203,0,-2,19,0,38,1,1,,,,,,,,,,,,,,,,,,,,,,,,,,,,,,,,,,,,,,,,,,,,,,,,,,,,,,,,,,,,,,,,,,,,,,,,,,,,,,,,,,,,,,,,,,,,,,,,,,,,,,,,,,,,,
,,,,,,,,,,,,,,,,,,,,,,,,,,,,,,,,,691931,001,2024-02-20_16h48.59.046,experiment,2023.2.3,Win32,30.03003003,60c682d13eac136dcb62df4b,65d4ce4bfe04d08c28397785,65d4d7bdefe78706ae14314e,,,,,,,,,,,,,,,,,,,,,,,,,,,,,,,,,,,,,,,,,,,,,,,,,,,,2,,,,,,,,,,,,,,,,,,,,,,,k,0.8972,,space,0.9359,,2,brown_gnomes,2,3,bright_forest,yellow_basket,red_gnome,2,4,dark_forest,red_basket,4,0,0,1,red_gnome,dark_forest,red_basket,207,-1,1,19,1,39,1,1,,,,,,,,,,,,,,,,,,,,,,,,,,,,,,,,,,,,,,,,,,,,,,,,,,,,,,,,,,,,,,,,,,,,,,,,,,,,,,,,,,,,,,,,,,,,,,,,,,,,,,,,,,,,,
,,,,,,,,,,,,,,,,,,,,,,,,,,,,,,,,,691931,001,2024-02-20_16h48.59.046,experiment,2023.2.3,Win32,30.03003003,60c682d13eac136dcb62df4b,65d4ce4bfe04d08c28397785,65d4d7bdefe78706ae14314e,,,,,,,,,,,,,,,,,,,,,,,,,,,,,,,,,,,,,,,,,,,,,,,,,,,,1,,,,,,,,,,,,,,,,,,,,,,,k,0.9538,,space,1.0447,,1,green_gnome,1,2,bright_forest,yellow_basket,purple_gnome,1,5,dark_forest,red_basket,5,0,0,1,purple_gnome,dark_forest,red_basket,212,0,-1,20,0,40,0,1,,,,,,,,,,,,,,,,,,,,,,,,,,,,,,,,,,,,,,,,,,,,,,,,,,,,,,,,,,,,,,,,,,,,,,,,,,,,,,,,,,,,,,,,,,,,,,,,,,,,,,,,,,,,,
,,,,,,,,,,,,,,,,,,,,,,,,,,,,,,,,,691931,001,2024-02-20_16h48.59.046,experiment,2023.2.3,Win32,30.03003003,60c682d13eac136dcb62df4b,65d4ce4bfe04d08c28397785,65d4d7bdefe78706ae14314e,,,,,,,,,,,,,,,,,,,,,,,,,,,,,,,,,,,,,,,,,,,,,,,,,,,,1,,,,,,,,,,,,,,,,,,,,,,,k,0.5459,,space,0.6368,,1,green_gnome,1,2,bright_forest,yellow_basket,purple_gnome,1,4,dark_forest,red_basket,4,0,0,1,purple_gnome,dark_forest,red_basket,216,-1,1,20,1,41,0,1,,,,,,,,,,,,,,,,,,,,,,,,,,,,,,,,,,,,,,,,,,,,,,,,,,,,,,,,,,,,,,,,,,,,,,,,,,,,,,,,,,,,,,,,,,,,,,,,,,,,,,,,,,,,,
,,,,,,,,,,,,,,,,,,,,,,,,,,,,,,,,,691931,001,2024-02-20_16h48.59.046,experiment,2023.2.3,Win32,30.03003003,60c682d13eac136dcb62df4b,65d4ce4bfe04d08c28397785,65d4d7bdefe78706ae14314e,,,,,,,,,,,,,,,,,,,,,,,,,,,,,,,,,,,,,,,,,,,,,,,,,,,,2,,,,,,,,,,,,,,,,,,,,,,,k,0.5964,,space,0.6346,,2,brown_gnomes,2,1,bright_forest,yellow_basket,red_gnome,2,5,dark_forest,red_basket,5,0,0,1,red_gnome,dark_forest,red_basket,221,3,2,21,0,42,1,1,,,,,,,,,,,,,,,,,,,,,,,,,,,,,,,,,,,,,,,,,,,,,,,,,,,,,,,,,,,,,,,,,,,,,,,,,,,,,,,,,,,,,,,,,,,,,,,,,,,,,,,,,,,,,
,,,,,,,,,,,,,,,,,,,,,,,,,,,,,,,,,691931,001,2024-02-20_16h48.59.046,experiment,2023.2.3,Win32,30.03003003,60c682d13eac136dcb62df4b,65d4ce4bfe04d08c28397785,65d4d7bdefe78706ae14314e,,,,,,,,,,,,,,,,,,,,,,,,,,,,,,,,,,,,,,,,,,,,,,,,,,,,1,,,,,,,,,,,,,,,,,,,,,,,s,0.7129,,space,0.6974,,1,purple_gnome,1,7,dark_forest,red_basket,green_gnome,1,4,bright_forest,yellow_basket,7,0,0,1,purple_gnome,dark_forest,red_basket,228,-5,-1,21,1,43,0,1,,,,,,,,,,,,,,,,,,,,,,,,,,,,,,,,,,,,,,,,,,,,,,,,,,,,,,,,,,,,,,,,,,,,,,,,,,,,,,,,,,,,,,,,,,,,,,,,,,,,,,,,,,,,,
,,,,,,,,,,,,,,,,,,,,,,,,,,,,,,,,,691931,001,2024-02-20_16h48.59.046,experiment,2023.2.3,Win32,30.03003003,60c682d13eac136dcb62df4b,65d4ce4bfe04d08c28397785,65d4d7bdefe78706ae14314e,,,,,,,,,,,,,,,,,,,,,,,,,,,,,,,,,,,,,,,,,,,,,,,,,,,,1,,,,,,,,,,,,,,,,,,,,,,,s,0.6184,,space,0.6894,,1,purple_gnome,1,6,dark_forest,red_basket,green_gnome,1,1,bright_forest,yellow_basket,6,0,0,1,purple_gnome,dark_forest,red_basket,234,5,1,22,0,44,0,1,,,,,,,,,,,,,,,,,,,,,,,,,,,,,,,,,,,,,,,,,,,,,,,,,,,,,,,,,,,,,,,,,,,,,,,,,,,,,,,,,,,,,,,,,,,,,,,,,,,,,,,,,,,,,
,,,,,,,,,,,,,,,,,,,,,,,,,,,,,,,,,691931,001,2024-02-20_16h48.59.046,experiment,2023.2.3,Win32,30.03003003,60c682d13eac136dcb62df4b,65d4ce4bfe04d08c28397785,65d4d7bdefe78706ae14314e,,,,,,,,,,,,,,,,,,,,,,,,,,,,,,,,,,,,,,,,,,,,,,,,,,,,1,,,,,,,,,,,,,,,,,,,,,,,s,0.6063,,space,0.7912,,1,purple_gnome,1,7,dark_forest,red_basket,green_gnome,1,6,bright_forest,yellow_basket,7,0,0,1,purple_gnome,dark_forest,red_basket,241,0,-1,22,1,45,0,1,,,,,,,,,,,,,,,,,,,,,,,,,,,,,,,,,,,,,,,,,,,,,,,,,,,,,,,,,,,,,,,,,,,,,,,,,,,,,,,,,,,,,,,,,,,,,,,,,,,,,,,,,,,,,
,,,,,,,,,,,,,,,,,,,,,,,,,,,,,,,,,691931,001,2024-02-20_16h48.59.046,experiment,2023.2.3,Win32,30.03003003,60c682d13eac136dcb62df4b,65d4ce4bfe04d08c28397785,65d4d7bdefe78706ae14314e,,,,,,,,,,,,,,,,,,,,,,,,,,,,,,,,,,,,,,,,,,,,,,,,,,,,2,,,,,,,,,,,,,,,,,,,,,,,k,0.5539,,space,1.1457,,2,brown_gnomes,2,6,bright_forest,yellow_basket,red_gnome,2,6,dark_forest,red_basket,6,0,0,1,red_gnome,dark_forest,red_basket,247,1,4,23,0,46,1,1,,,,,,,,,,,,,,,,,,,,,,,,,,,,,,,,,,,,,,,,,,,,,,,,,,,,,,,,,,,,,,,,,,,,,,,,,,,,,,,,,,,,,,,,,,,,,,,,,,,,,,,,,,,,,
,,,,,,,,,,,,,,,,,,,,,,,,,,,,,,,,,691931,001,2024-02-20_16h48.59.046,experiment,2023.2.3,Win32,30.03003003,60c682d13eac136dcb62df4b,65d4ce4bfe04d08c28397785,65d4d7bdefe78706ae14314e,,,,,,,,,,,,,,,,,,,,,,,,,,,,,,,,,,,,,,,,,,,,,,,,,,,,2,,,,,,,,,,,,,,,,,,,,,,,k,0.6986,,space,0.7075,,2,brown_gnomes,2,7,bright_forest,yellow_basket,red_gnome,2,8,dark_forest,red_basket,8,0,0,1,red_gnome,dark_forest,red_basket,255,1,0,23,1,47,1,1,,,,,,,,,,,,,,,,,,,,,,,,,,,,,,,,,,,,,,,,,,,,,,,,,,,,,,,,,,,,,,,,,,,,,,,,,,,,,,,,,,,,,,,,,,,,,,,,,,,,,,,,,,,,,
,,,,,,,,,,,,,,,,,,,,,,,,,,,,,,,,,691931,001,2024-02-20_16h48.59.046,experiment,2023.2.3,Win32,30.03003003,60c682d13eac136dcb62df4b,65d4ce4bfe04d08c28397785,65d4d7bdefe78706ae14314e,,,,,,,,,,,,,,,,,,,,,,,,,,,,,,,,,,,,,,,,,,,,,,,,,,,,2,,,,,,,,,,,,,,,,,,,,,,,k,0.6801,,space,0.7104,,2,brown_gnomes,2,8,bright_forest,yellow_basket,red_gnome,2,8,dark_forest,red_basket,8,0,0,1,red_gnome,dark_forest,red_basket,263,0,2,24,0,48,1,1,,,,,,,,,,,,,,,,,,,,,,,,,,,,,,,,,,,,,,,,,,,,,,,,,,,,,,,,,,,,,,,,,,,,,,,,,,,,,,,,,,,,,,,,,,,,,,,,,,,,,,,,,,,,,
,,,,,,,,,,,,,,,,,,,,,,,,,,,,,,,,,691931,001,2024-02-20_16h48.59.046,experiment,2023.2.3,Win32,30.03003003,60c682d13eac136dcb62df4b,65d4ce4bfe04d08c28397785,65d4d7bdefe78706ae14314e,,,,,,,,,,,,,,,,,,,,,,,,,,,,,,,,,,,,,,,,,,,,,,,,,,,,1,,,,,,,,,,,,,,,,,,,,,,,k,0.6045,,space,0.9219,,1,green_gnome,1,8,bright_forest,yellow_basket,purple_gnome,1,8,dark_forest,red_basket,8,0,0,1,purple_gnome,dark_forest,red_basket,271,-2,-1,24,1,49,0,1,,,,,,,,,,,,,,,,,,,,,,,,,,,,,,,,,,,,,,,,,,,,,,,,,,,,,,,,,,,,,,,,,,,,,,,,,,,,,,,,,,,,,,,,,,,,,,,,,,,,,,,,,,,,,
,,,,,,,,,,,,,,,,,,,,,,,,,,,,,,,,,691931,001,2024-02-20_16h48.59.046,experiment,2023.2.3,Win32,30.03003003,60c682d13eac136dcb62df4b,65d4ce4bfe04d08c28397785,65d4d7bdefe78706ae14314e,,,,,,,,,,,,,,,,,,,,,,,,,,,,,,,,,,,,,,,,,,,,,,,,,,,,2,,,,,,,,,,,,,,,,,,,,,,,s,0.7252,,space,0.8376,,2,red_gnome,2,7,dark_forest,red_basket,brown_gnomes,2,6,bright_forest,yellow_basket,7,0,0,1,red_gnome,dark_forest,red_basket,278,0,-3,25,0,50,1,1,,,,,,,,,,,,,,,,,,,,,,,,,,,,,,,,,,,,,,,,,,,,,,,,,,,,,,,,,,,,,,,,,,,,,,,,,,,,,,,,,,,,,,,,,,,,,,,,,,,,,,,,,,,,,
,,,,,,,,,,,,,,,,,,,,,,,,,,,,,,,,,691931,001,2024-02-20_16h48.59.046,experiment,2023.2.3,Win32,30.03003003,60c682d13eac136dcb62df4b,65d4ce4bfe04d08c28397785,65d4d7bdefe78706ae14314e,,,,,,,,,,,,,,,,,,,,,,,,,,,,,,,,,,,,,,,,,,,,,,,,,,,,2,,,,,,,,,,,,,,,,,,,,,,,k,0.5893,,space,0.7639,,2,brown_gnomes,2,6,bright_forest,yellow_basket,red_gnome,2,4,dark_forest,red_basket,4,0,0,1,red_gnome,dark_forest,red_basket,282,-1,-2,25,1,51,1,1,,,,,,,,,,,,,,,,,,,,,,,,,,,,,,,,,,,,,,,,,,,,,,,,,,,,,,,,,,,,,,,,,,,,,,,,,,,,,,,,,,,,,,,,,,,,,,,,,,,,,,,,,,,,,
,,,,,,,,,,,,,,,,,,,,,,,,,,,,,,,,,691931,001,2024-02-20_16h48.59.046,experiment,2023.2.3,Win32,30.03003003,60c682d13eac136dcb62df4b,65d4ce4bfe04d08c28397785,65d4d7bdefe78706ae14314e,,,,,,,,,,,,,,,,,,,,,,,,,,,,,,,,,,,,,,,,,,,,,,,,,,,,1,,,,,,,,,,,,,,,,,,,,,,,s,0.6073,,space,0.6346,,1,purple_gnome,1,2,dark_forest,red_basket,green_gnome,1,5,bright_forest,yellow_basket,2,0,0,1,purple_gnome,dark_forest,red_basket,284,3,-1,26,0,52,0,1,,,,,,,,,,,,,,,,,,,,,,,,,,,,,,,,,,,,,,,,,,,,,,,,,,,,,,,,,,,,,,,,,,,,,,,,,,,,,,,,,,,,,,,,,,,,,,,,,,,,,,,,,,,,,
,,,,,,,,,,,,,,,,,,,,,,,,,,,,,,,,,691931,001,2024-02-20_16h48.59.046,experiment,2023.2.3,Win32,30.03003003,60c682d13eac136dcb62df4b,65d4ce4bfe04d08c28397785,65d4d7bdefe78706ae14314e,,,,,,,,,,,,,,,,,,,,,,,,,,,,,,,,,,,,,,,,,,,,,,,,,,,,2,,,,,,,,,,,,,,,,,,,,,,,k,0.4871,,space,0.909,,2,brown_gnomes,2,8,bright_forest,yellow_basket,red_gnome,2,1,dark_forest,red_basket,1,0,0,1,red_gnome,dark_forest,red_basket,285,0,-1,26,1,53,1,1,,,,,,,,,,,,,,,,,,,,,,,,,,,,,,,,,,,,,,,,,,,,,,,,,,,,,,,,,,,,,,,,,,,,,,,,,,,,,,,,,,,,,,,,,,,,,,,,,,,,,,,,,,,,,
,,,,,,,,,,,,,,,,,,,,,,,,,,,,,,,,,691931,001,2024-02-20_16h48.59.046,experiment,2023.2.3,Win32,30.03003003,60c682d13eac136dcb62df4b,65d4ce4bfe04d08c28397785,65d4d7bdefe78706ae14314e,,,,,,,,,,,,,,,,,,,,,,,,,,,,,,,,,,,,,,,,,,,,,,,,,,,,1,,,,,,,,,,,,,,,,,,,,,,,k,0.6137,,space,0.6246,,1,purple_gnome,1,0,dark_forest,red_basket,green_gnome,1,8,bright_forest,yellow_basket,8,0,0,1,green_gnome,bright_forest,yellow_basket,293,1,-1,27,0,54,0,1,,,,,,,,,,,,,,,,,,,,,,,,,,,,,,,,,,,,,,,,,,,,,,,,,,,,,,,,,,,,,,,,,,,,,,,,,,,,,,,,,,,,,,,,,,,,,,,,,,,,,,,,,,,,,
,,,,,,,,,,,,,,,,,,,,,,,,,,,,,,,,,691931,001,2024-02-20_16h48.59.046,experiment,2023.2.3,Win32,30.03003003,60c682d13eac136dcb62df4b,65d4ce4bfe04d08c28397785,65d4d7bdefe78706ae14314e,,,,,,,,,,,,,,,,,,,,,,,,,,,,,,,,,,,,,,,,,,,,,,,,,,,,2,,,,,,,,,,,,,,,,,,,,,,,k,0.5536,,space,0.6042,,2,red_gnome,2,1,dark_forest,red_basket,brown_gnomes,2,9,bright_forest,yellow_basket,9,0,0,1,brown_gnomes,bright_forest,yellow_basket,302,1,-5,27,1,55,1,1,,,,,,,,,,,,,,,,,,,,,,,,,,,,,,,,,,,,,,,,,,,,,,,,,,,,,,,,,,,,,,,,,,,,,,,,,,,,,,,,,,,,,,,,,,,,,,,,,,,,,,,,,,,,,
,,,,,,,,,,,,,,,,,,,,,,,,,,,,,,,,,691931,001,2024-02-20_16h48.59.046,experiment,2023.2.3,Win32,30.03003003,60c682d13eac136dcb62df4b,65d4ce4bfe04d08c28397785,65d4d7bdefe78706ae14314e,,,,,,,,,,,,,,,,,,,,,,,,,,,,,,,,,,,,,,,,,,,,,,,,,,,,1,,,,,,,,,,,,,,,,,,,,,,,k,0.5468,,space,0.5492,,1,purple_gnome,1,4,dark_forest,red_basket,green_gnome,1,8,bright_forest,yellow_basket,8,0,0,1,green_gnome,bright_forest,yellow_basket,310,1,0,28,0,56,0,1,,,,,,,,,,,,,,,,,,,,,,,,,,,,,,,,,,,,,,,,,,,,,,,,,,,,,,,,,,,,,,,,,,,,,,,,,,,,,,,,,,,,,,,,,,,,,,,,,,,,,,,,,,,,,
,,,,,,,,,,,,,,,,,,,,,,,,,,,,,,,,,691931,001,2024-02-20_16h48.59.046,experiment,2023.2.3,Win32,30.03003003,60c682d13eac136dcb62df4b,65d4ce4bfe04d08c28397785,65d4d7bdefe78706ae14314e,,,,,,,,,,,,,,,,,,,,,,,,,,,,,,,,,,,,,,,,,,,,,,,,,,,,1,,,,,,,,,,,,,,,,,,,,,,,k,0.5791,,space,0.5668,,1,purple_gnome,1,4,dark_forest,red_basket,green_gnome,1,9,bright_forest,yellow_basket,9,0,0,1,green_gnome,bright_forest,yellow_basket,319,0,2,28,1,57,0,1,,,,,,,,,,,,,,,,,,,,,,,,,,,,,,,,,,,,,,,,,,,,,,,,,,,,,,,,,,,,,,,,,,,,,,,,,,,,,,,,,,,,,,,,,,,,,,,,,,,,,,,,,,,,,
,,,,,,,,,,,,,,,,,,,,,,,,,,,,,,,,,691931,001,2024-02-20_16h48.59.046,experiment,2023.2.3,Win32,30.03003003,60c682d13eac136dcb62df4b,65d4ce4bfe04d08c28397785,65d4d7bdefe78706ae14314e,,,,,,,,,,,,,,,,,,,,,,,,,,,,,,,,,,,,,,,,,,,,,,,,,,,,1,,,,,,,,,,,,,,,,,,,,,,,k,0.6492,,space,0.7213,,1,purple_gnome,1,6,dark_forest,red_basket,green_gnome,1,9,bright_forest,yellow_basket,9,0,0,1,green_gnome,bright_forest,yellow_basket,328,1,1,29,0,58,0,1,,,,,,,,,,,,,,,,,,,,,,,,,,,,,,,,,,,,,,,,,,,,,,,,,,,,,,,,,,,,,,,,,,,,,,,,,,,,,,,,,,,,,,,,,,,,,,,,,,,,,,,,,,,,,
,,,,,,,,,,,,,,,,,,,,,,,,,,,,,,,,,691931,001,2024-02-20_16h48.59.046,experiment,2023.2.3,Win32,30.03003003,60c682d13eac136dcb62df4b,65d4ce4bfe04d08c28397785,65d4d7bdefe78706ae14314e,,,,,,,,,,,,,,,,,,,,,,,,,,,,,,,,,,,,,,,,,,,,,,,,,,,,1,,,,,,,,,,,,,,,,,,,,,,,s,0.916,,space,0.6562,,1,green_gnome,1,8,bright_forest,yellow_basket,purple_gnome,1,7,dark_forest,red_basket,8,0,0,1,green_gnome,bright_forest,yellow_basket,336,1,-1,29,1,59,0,1,,,,,,,,,,,,,,,,,,,,,,,,,,,,,,,,,,,,,,,,,,,,,,,,,,,,,,,,,,,,,,,,,,,,,,,,,,,,,,,,,,,,,,,,,,,,,,,,,,,,,,,,,,,,,
,,,,,,,,,,,,,,,,,,,,,,,,,,,,,,,,,691931,001,2024-02-20_16h48.59.046,experiment,2023.2.3,Win32,30.03003003,60c682d13eac136dcb62df4b,65d4ce4bfe04d08c28397785,65d4d7bdefe78706ae14314e,,,,,,,,,,,,,,,,,,,,,,,,,,,,,,,,,,,,,,,,,,,,,,,,,,,,2,,,,,,,,,,,,,,,,,,,,,,,k,0.5508,,space,0.7595,,2,red_gnome,2,6,dark_forest,red_basket,brown_gnomes,2,9,bright_forest,yellow_basket,9,0,0,1,brown_gnomes,bright_forest,yellow_basket,345,3,-5,30,0,60,1,1,,,,,,,,,,,,,,,,,,,,,,,,,,,,,,,,,,,,,,,,,,,,,,,,,,,,,,,,,,,,,,,,,,,,,,,,,,,,,,,,,,,,,,,,,,,,,,,,,,,,,,,,,,,,,
,,,,,,,,,,,,,,,,,,,,,,,,,,,,,,,,,691931,001,2024-02-20_16h48.59.046,experiment,2023.2.3,Win32,30.03003003,60c682d13eac136dcb62df4b,65d4ce4bfe04d08c28397785,65d4d7bdefe78706ae14314e,,,,,,,,,,,,,,,,,,,,,,,,,,,,,,,,,,,,,,,,,,,,,,,,,,,,1,,,,,,,,,,,,,,,,,,,,,,,k,0.6657,,space,0.7704,,1,purple_gnome,1,1,dark_forest,red_basket,green_gnome,1,6,bright_forest,yellow_basket,6,0,0,1,green_gnome,bright_forest,yellow_basket,351,1,-1,30,1,61,0,1,,,,,,,,,,,,,,,,,,,,,,,,,,,,,,,,,,,,,,,,,,,,,,,,,,,,,,,,,,,,,,,,,,,,,,,,,,,,,,,,,,,,,,,,,,,,,,,,,,,,,,,,,,,,,
,,,,,,,,,,,,,,,,,,,,,,,,,,,,,,,,,691931,001,2024-02-20_16h48.59.046,experiment,2023.2.3,Win32,30.03003003,60c682d13eac136dcb62df4b,65d4ce4bfe04d08c28397785,65d4d7bdefe78706ae14314e,,,,,,,,,,,,,,,,,,,,,,,,,,,,,,,,,,,,,,,,,,,,,,,,,,,,2,,,,,,,,,,,,,,,,,,,,,,,k,0.6596,,space,1.1111,,2,red_gnome,2,0,dark_forest,red_basket,brown_gnomes,2,7,bright_forest,yellow_basket,7,0,0,1,brown_gnomes,bright_forest,yellow_basket,358,-5,0,31,0,62,1,1,,,,,,,,,,,,,,,,,,,,,,,,,,,,,,,,,,,,,,,,,,,,,,,,,,,,,,,,,,,,,,,,,,,,,,,,,,,,,,,,,,,,,,,,,,,,,,,,,,,,,,,,,,,,,
,,,,,,,,,,,,,,,,,,,,,,,,,,,,,,,,,691931,001,2024-02-20_16h48.59.046,experiment,2023.2.3,Win32,30.03003003,60c682d13eac136dcb62df4b,65d4ce4bfe04d08c28397785,65d4d7bdefe78706ae14314e,,,,,,,,,,,,,,,,,,,,,,,,,,,,,,,,,,,,,,,,,,,,,,,,,,,,1,,,,,,,,,,,,,,,,,,,,,,,s,0.726,,space,0.7353,,1,green_gnome,1,2,bright_forest,yellow_basket,purple_gnome,1,0,dark_forest,red_basket,2,0,0,1,green_gnome,bright_forest,yellow_basket,360,2,-1,31,1,63,0,1,,,,,,,,,,,,,,,,,,,,,,,,,,,,,,,,,,,,,,,,,,,,,,,,,,,,,,,,,,,,,,,,,,,,,,,,,,,,,,,,,,,,,,,,,,,,,,,,,,,,,,,,,,,,,
,,,,,,,,,,,,,,,,,,,,,,,,,,,,,,,,,691931,001,2024-02-20_16h48.59.046,experiment,2023.2.3,Win32,30.03003003,60c682d13eac136dcb62df4b,65d4ce4bfe04d08c28397785,65d4d7bdefe78706ae14314e,,,,,,,,,,,,,,,,,,,,,,,,,,,,,,,,,,,,,,,,,,,,,,,,,,,,1,,,,,,,,,,,,,,,,,,,,,,,s,0.6696,,space,0.799,,1,green_gnome,1,4,bright_forest,yellow_basket,purple_gnome,1,1,dark_forest,red_basket,4,0,0,1,green_gnome,bright_forest,yellow_basket,364,4,-3,32,0,64,0,1,,,,,,,,,,,,,,,,,,,,,,,,,,,,,,,,,,,,,,,,,,,,,,,,,,,,,,,,,,,,,,,,,,,,,,,,,,,,,,,,,,,,,,,,,,,,,,,,,,,,,,,,,,,,,
,,,,,,,,,,,,,,,,,,,,,,,,,,,,,,,,,691931,001,2024-02-20_16h48.59.046,experiment,2023.2.3,Win32,30.03003003,60c682d13eac136dcb62df4b,65d4ce4bfe04d08c28397785,65d4d7bdefe78706ae14314e,,,,,,,,,,,,,,,,,,,,,,,,,,,,,,,,,,,,,,,,,,,,,,,,,,,,1,,,,,,,,,,,,,,,,,,,,,,,s,0.5433,,space,0.564,,1,green_gnome,1,8,bright_forest,yellow_basket,purple_gnome,1,2,dark_forest,red_basket,8,0,0,1,green_gnome,bright_forest,yellow_basket,372,-4,-1,32,1,65,0,1,,,,,,,,,,,,,,,,,,,,,,,,,,,,,,,,,,,,,,,,,,,,,,,,,,,,,,,,,,,,,,,,,,,,,,,,,,,,,,,,,,,,,,,,,,,,,,,,,,,,,,,,,,,,,
,,,,,,,,,,,,,,,,,,,,,,,,,,,,,,,,,691931,001,2024-02-20_16h48.59.046,experiment,2023.2.3,Win32,30.03003003,60c682d13eac136dcb62df4b,65d4ce4bfe04d08c28397785,65d4d7bdefe78706ae14314e,,,,,,,,,,,,,,,,,,,,,,,,,,,,,,,,,,,,,,,,,,,,,,,,,,,,2,,,,,,,,,,,,,,,,,,,,,,,k,0.5521,,space,0.9261,,2,red_gnome,2,1,dark_forest,red_basket,brown_gnomes,2,4,bright_forest,yellow_basket,4,0,0,1,brown_gnomes,bright_forest,yellow_basket,376,2,-1,33,0,66,1,1,,,,,,,,,,,,,,,,,,,,,,,,,,,,,,,,,,,,,,,,,,,,,,,,,,,,,,,,,,,,,,,,,,,,,,,,,,,,,,,,,,,,,,,,,,,,,,,,,,,,,,,,,,,,,
,,,,,,,,,,,,,,,,,,,,,,,,,,,,,,,,,691931,001,2024-02-20_16h48.59.046,experiment,2023.2.3,Win32,30.03003003,60c682d13eac136dcb62df4b,65d4ce4bfe04d08c28397785,65d4d7bdefe78706ae14314e,,,,,,,,,,,,,,,,,,,,,,,,,,,,,,,,,,,,,,,,,,,,,,,,,,,,1,,,,,,,,,,,,,,,,,,,,,,,s,0.6613,,space,0.6519,,1,green_gnome,1,6,bright_forest,yellow_basket,purple_gnome,1,0,dark_forest,red_basket,6,0,0,1,green_gnome,bright_forest,yellow_basket,382,0,1,33,1,67,0,1,,,,,,,,,,,,,,,,,,,,,,,,,,,,,,,,,,,,,,,,,,,,,,,,,,,,,,,,,,,,,,,,,,,,,,,,,,,,,,,,,,,,,,,,,,,,,,,,,,,,,,,,,,,,,
,,,,,,,,,,,,,,,,,,,,,,,,,,,,,,,,,691931,001,2024-02-20_16h48.59.046,experiment,2023.2.3,Win32,30.03003003,60c682d13eac136dcb62df4b,65d4ce4bfe04d08c28397785,65d4d7bdefe78706ae14314e,,,,,,,,,,,,,,,,,,,,,,,,,,,,,,,,,,,,,,,,,,,,,,,,,,,,1,,,,,,,,,,,,,,,,,,,,,,,s,0.5541,,space,0.9906,,1,green_gnome,1,6,bright_forest,yellow_basket,purple_gnome,1,1,dark_forest,red_basket,6,0,0,1,green_gnome,bright_forest,yellow_basket,388,2,0,34,0,68,0,1,,,,,,,,,,,,,,,,,,,,,,,,,,,,,,,,,,,,,,,,,,,,,,,,,,,,,,,,,,,,,,,,,,,,,,,,,,,,,,,,,,,,,,,,,,,,,,,,,,,,,,,,,,,,,
,,,,,,,,,,,,,,,,,,,,,,,,,,,,,,,,,691931,001,2024-02-20_16h48.59.046,experiment,2023.2.3,Win32,30.03003003,60c682d13eac136dcb62df4b,65d4ce4bfe04d08c28397785,65d4d7bdefe78706ae14314e,,,,,,,,,,,,,,,,,,,,,,,,,,,,,,,,,,,,,,,,,,,,,,,,,,,,2,,,,,,,,,,,,,,,,,,,,,,,k,0.6278,,space,0.7865,,2,red_gnome,2,1,dark_forest,red_basket,brown_gnomes,2,8,bright_forest,yellow_basket,8,0,0,1,brown_gnomes,bright_forest,yellow_basket,396,-4,-5,34,1,69,1,1,,,,,,,,,,,,,,,,,,,,,,,,,,,,,,,,,,,,,,,,,,,,,,,,,,,,,,,,,,,,,,,,,,,,,,,,,,,,,,,,,,,,,,,,,,,,,,,,,,,,,,,,,,,,,
,,,,,,,,,,,,,,,,,,,,,,,,,,,,,,,,,691931,001,2024-02-20_16h48.59.046,experiment,2023.2.3,Win32,30.03003003,60c682d13eac136dcb62df4b,65d4ce4bfe04d08c28397785,65d4d7bdefe78706ae14314e,,,,,,,,,,,,,,,,,,,,,,,,,,,,,,,,,,,,,,,,,,,,,,,,,,,,2,,,,,,,,,,,,,,,,,,,,,,,k,0.488,,space,0.6629,,2,red_gnome,2,4,dark_forest,red_basket,brown_gnomes,2,4,bright_forest,yellow_basket,4,0,0,1,brown_gnomes,bright_forest,yellow_basket,400,0,-4,35,0,70,1,1,,,,,,,,,,,,,,,,,,,,,,,,,,,,,,,,,,,,,,,,,,,,,,,,,,,,,,,,,,,,,,,,,,,,,,,,,,,,,,,,,,,,,,,,,,,,,,,,,,,,,,,,,,,,,
,,,,,,,,,,,,,,,,,,,,,,,,,,,,,,,,,691931,001,2024-02-20_16h48.59.046,experiment,2023.2.3,Win32,30.03003003,60c682d13eac136dcb62df4b,65d4ce4bfe04d08c28397785,65d4d7bdefe78706ae14314e,,,,,,,,,,,,,,,,,,,,,,,,,,,,,,,,,,,,,,,,,,,,,,,,,,,,2,,,,,,,,,,,,,,,,,,,,,,,k,0.6065,,space,0.7262,,2,red_gnome,2,0,dark_forest,red_basket,brown_gnomes,2,4,bright_forest,yellow_basket,4,0,0,1,brown_gnomes,bright_forest,yellow_basket,404,2,3,35,1,71,1,1,,,,,,,,,,,,,,,,,,,,,,,,,,,,,,,,,,,,,,,,,,,,,,,,,,,,,,,,,,,,,,,,,,,,,,,,,,,,,,,,,,,,,,,,,,,,,,,,,,,,,,,,,,,,,
,,,,,,,,,,,,,,,,,,,,,,,,,,,,,,,,,691931,001,2024-02-20_16h48.59.046,experiment,2023.2.3,Win32,30.03003003,60c682d13eac136dcb62df4b,65d4ce4bfe04d08c28397785,65d4d7bdefe78706ae14314e,,,,,,,,,,,,,,,,,,,,,,,,,,,,,,,,,,,,,,,,,,,,,,,,,,,,1,,,,,,,,,,,,,,,,,,,,,,,k,0.628,,space,0.8265,,1,purple_gnome,1,3,dark_forest,red_basket,green_gnome,1,6,bright_forest,yellow_basket,6,0,0,1,green_gnome,bright_forest,yellow_basket,410,-2,0,36,0,72,0,1,,,,,,,,,,,,,,,,,,,,,,,,,,,,,,,,,,,,,,,,,,,,,,,,,,,,,,,,,,,,,,,,,,,,,,,,,,,,,,,,,,,,,,,,,,,,,,,,,,,,,,,,,,,,,
,,,,,,,,,,,,,,,,,,,,,,,,,,,,,,,,,691931,001,2024-02-20_16h48.59.046,experiment,2023.2.3,Win32,30.03003003,60c682d13eac136dcb62df4b,65d4ce4bfe04d08c28397785,65d4d7bdefe78706ae14314e,,,,,,,,,,,,,,,,,,,,,,,,,,,,,,,,,,,,,,,,,,,,,,,,,,,,2,,,,,,,,,,,,,,,,,,,,,,,k,0.6739,,space,0.7907,,2,red_gnome,2,3,dark_forest,red_basket,brown_gnomes,2,4,bright_forest,yellow_basket,4,0,0,1,brown_gnomes,bright_forest,yellow_basket,414,1,2,36,1,73,1,1,,,,,,,,,,,,,,,,,,,,,,,,,,,,,,,,,,,,,,,,,,,,,,,,,,,,,,,,,,,,,,,,,,,,,,,,,,,,,,,,,,,,,,,,,,,,,,,,,,,,,,,,,,,,,
,,,,,,,,,,,,,,,,,,,,,,,,,,,,,,,,,691931,001,2024-02-20_16h48.59.046,experiment,2023.2.3,Win32,30.03003003,60c682d13eac136dcb62df4b,65d4ce4bfe04d08c28397785,65d4d7bdefe78706ae14314e,,,,,,,,,,,,,,,,,,,,,,,,,,,,,,,,,,,,,,,,,,,,,,,,,,,,2,,,,,,,,,,,,,,,,,,,,,,,k,0.6134,,space,0.6672,,2,red_gnome,2,5,dark_forest,red_basket,brown_gnomes,2,5,bright_forest,yellow_basket,5,0,0,1,brown_gnomes,bright_forest,yellow_basket,419,0,-2,37,0,74,1,1,,,,,,,,,,,,,,,,,,,,,,,,,,,,,,,,,,,,,,,,,,,,,,,,,,,,,,,,,,,,,,,,,,,,,,,,,,,,,,,,,,,,,,,,,,,,,,,,,,,,,,,,,,,,,
,,,,,,,,,,,,,,,,,,,,,,,,,,,,,,,,,691931,001,2024-02-20_16h48.59.046,experiment,2023.2.3,Win32,30.03003003,60c682d13eac136dcb62df4b,65d4ce4bfe04d08c28397785,65d4d7bdefe78706ae14314e,,,,,,,,,,,,,,,,,,,,,,,,,,,,,,,,,,,,,,,,,,,,,,,,,,,,1,,,,,,,,,,,,,,,,,,,,,,,s,0.942,,space,0.8244,,1,green_gnome,1,5,bright_forest,yellow_basket,purple_gnome,1,3,dark_forest,red_basket,5,0,0,1,green_gnome,bright_forest,yellow_basket,424,1,-2,37,1,75,0,1,,,,,,,,,,,,,,,,,,,,,,,,,,,,,,,,,,,,,,,,,,,,,,,,,,,,,,,,,,,,,,,,,,,,,,,,,,,,,,,,,,,,,,,,,,,,,,,,,,,,,,,,,,,,,
,,,,,,,,,,,,,,,,,,,,,,,,,,,,,,,,,691931,001,2024-02-20_16h48.59.046,experiment,2023.2.3,Win32,30.03003003,60c682d13eac136dcb62df4b,65d4ce4bfe04d08c28397785,65d4d7bdefe78706ae14314e,,,,,,,,,,,,,,,,,,,,,,,,,,,,,,,,,,,,,,,,,,,,,,,,,,,,2,,,,,,,,,,,,,,,,,,,,,,,s,0.6539,,space,1.0689,,2,brown_gnomes,2,6,bright_forest,yellow_basket,red_gnome,2,1,dark_forest,red_basket,6,0,0,1,brown_gnomes,bright_forest,yellow_basket,430,1,1,38,0,76,1,1,,,,,,,,,,,,,,,,,,,,,,,,,,,,,,,,,,,,,,,,,,,,,,,,,,,,,,,,,,,,,,,,,,,,,,,,,,,,,,,,,,,,,,,,,,,,,,,,,,,,,,,,,,,,,
,,,,,,,,,,,,,,,,,,,,,,,,,,,,,,,,,691931,001,2024-02-20_16h48.59.046,experiment,2023.2.3,Win32,30.03003003,60c682d13eac136dcb62df4b,65d4ce4bfe04d08c28397785,65d4d7bdefe78706ae14314e,,,,,,,,,,,,,,,,,,,,,,,,,,,,,,,,,,,,,,,,,,,,,,,,,,,,1,,,,,,,,,,,,,,,,,,,,,,,s,0.6686,,space,1.3145,,1,green_gnome,1,7,bright_forest,yellow_basket,purple_gnome,1,2,dark_forest,red_basket,7,0,0,1,green_gnome,bright_forest,yellow_basket,437,0,-2,38,1,77,0,1,,,,,,,,,,,,,,,,,,,,,,,,,,,,,,,,,,,,,,,,,,,,,,,,,,,,,,,,,,,,,,,,,,,,,,,,,,,,,,,,,,,,,,,,,,,,,,,,,,,,,,,,,,,,,
,,,,,,,,,,,,,,,,,,,,,,,,,,,,,,,,,691931,001,2024-02-20_16h48.59.046,experiment,2023.2.3,Win32,30.03003003,60c682d13eac136dcb62df4b,65d4ce4bfe04d08c28397785,65d4d7bdefe78706ae14314e,,,,,,,,,,,,,,,,,,,,,,,,,,,,,,,,,,,,,,,,,,,,,,,,,,,,1,,,,,,,,,,,,,,,,,,,,,,,k,0.7285,,space,0.728,,1,purple_gnome,1,0,dark_forest,red_basket,green_gnome,1,7,bright_forest,yellow_basket,7,0,0,1,green_gnome,bright_forest,yellow_basket,444,0,1,39,0,78,0,1,,,,,,,,,,,,,,,,,,,,,,,,,,,,,,,,,,,,,,,,,,,,,,,,,,,,,,,,,,,,,,,,,,,,,,,,,,,,,,,,,,,,,,,,,,,,,,,,,,,,,,,,,,,,,
,,,,,,,,,,,,,,,,,,,,,,,,,,,,,,,,,691931,001,2024-02-20_16h48.59.046,experiment,2023.2.3,Win32,30.03003003,60c682d13eac136dcb62df4b,65d4ce4bfe04d08c28397785,65d4d7bdefe78706ae14314e,,,,,,,,,,,,,,,,,,,,,,,,,,,,,,,,,,,,,,,,,,,,,,,,,,,,2,,,,,,,,,,,,,,,,,,,,,,,k,0.7289,,space,0.8513,,2,red_gnome,2,1,dark_forest,red_basket,brown_gnomes,2,7,bright_forest,yellow_basket,7,0,0,1,brown_gnomes,bright_forest,yellow_basket,451,1,4,39,1,79,1,1,,,,,,,,,,,,,,,,,,,,,,,,,,,,,,,,,,,,,,,,,,,,,,,,,,,,,,,,,,,,,,,,,,,,,,,,,,,,,,,,,,,,,,,,,,,,,,,,,,,,,,,,,,,,,
,,,,,,,,,,,,,,,,,,,,,,,,,,,,,,,,,691931,001,2024-02-20_16h48.59.046,experiment,2023.2.3,Win32,30.03003003,60c682d13eac136dcb62df4b,65d4ce4bfe04d08c28397785,65d4d7bdefe78706ae14314e,,,,,,,,,,,,,,,,,,,,,,,,,,,,,,,,,,,,,,,,,,,,,,,,,,,,2,,,,,,,,,,,,,,,,,,,,,,,k,0.7768,,space,0.7754,,2,red_gnome,2,5,dark_forest,red_basket,brown_gnomes,2,8,bright_forest,yellow_basket,8,0,0,1,brown_gnomes,bright_forest,yellow_basket,459,1,2,40,0,80,1,1,,,,,,,,,,,,,,,,,,,,,,,,,,,,,,,,,,,,,,,,,,,,,,,,,,,,,,,,,,,,,,,,,,,,,,,,,,,,,,,,,,,,,,,,,,,,,,,,,,,,,,,,,,,,,
,,,,,,,,,,,,,,,,,,,,,,,,,,,,,,,,,691931,001,2024-02-20_16h48.59.046,experiment,2023.2.3,Win32,30.03003003,60c682d13eac136dcb62df4b,65d4ce4bfe04d08c28397785,65d4d7bdefe78706ae14314e,,,,,,,,,,,,,,,,,,,,,,,,,,,,,,,,,,,,,,,,,,,,,,,,,,,,2,,,,,,,,,,,,,,,,,,,,,,,k,1.03,,,,,2,red_gnome,2,7,dark_forest,red_basket,brown_gnomes,2,9,bright_forest,yellow_basket,0,0,1,0,brown_gnomes,bright_forest,yellow_basket,459,-2,0,40,1,81,1,1,,,,,,,,,,,,,,,,,,,,,,,,,,,,,,,,,,,,,,,,,,,,,,,,,,,,,,,,,,,,,,,,,,,,,,,,,,,,,,,,,,,,,,,,,,,,,,,,,,,,,,,,,,,,,
,,,,,,,,,,,,,,,,,,,,,,,,,,,,,,,,,691931,001,2024-02-20_16h48.59.046,experiment,2023.2.3,Win32,30.03003003,60c682d13eac136dcb62df4b,65d4ce4bfe04d08c28397785,65d4d7bdefe78706ae14314e,,,,,,,,,,,,,,,,,,,,,,,,,,,,,,,,,,,,,,,,,,,,,,,,,,,,2,,,,,,,,,,,,,,,,,,,,,,,k,0.6788,,,,,2,red_gnome,2,7,dark_forest,red_basket,brown_gnomes,2,7,bright_forest,yellow_basket,0,0,1,0,brown_gnomes,bright_forest,yellow_basket,459,-1,1,41,0,82,1,1,,,,,,,,,,,,,,,,,,,,,,,,,,,,,,,,,,,,,,,,,,,,,,,,,,,,,,,,,,,,,,,,,,,,,,,,,,,,,,,,,,,,,,,,,,,,,,,,,,,,,,,,,,,,,
,,,,,,,,,,,,,,,,,,,,,,,,,,,,,,,,,691931,001,2024-02-20_16h48.59.046,experiment,2023.2.3,Win32,30.03003003,60c682d13eac136dcb62df4b,65d4ce4bfe04d08c28397785,65d4d7bdefe78706ae14314e,,,,,,,,,,,,,,,,,,,,,,,,,,,,,,,,,,,,,,,,,,,,,,,,,,,,1,,,,,,,,,,,,,,,,,,,,,,,s,0.8354,,space,0.5592,,1,green_gnome,1,6,bright_forest,yellow_basket,purple_gnome,1,8,dark_forest,red_basket,6,0,0,1,green_gnome,bright_forest,yellow_basket,465,-2,-3,41,1,83,0,1,,,,,,,,,,,,,,,,,,,,,,,,,,,,,,,,,,,,,,,,,,,,,,,,,,,,,,,,,,,,,,,,,,,,,,,,,,,,,,,,,,,,,,,,,,,,,,,,,,,,,,,,,,,,,
,,,,,,,,,,,,,,,,,,,,,,,,,,,,,,,,,691931,001,2024-02-20_16h48.59.046,experiment,2023.2.3,Win32,30.03003003,60c682d13eac136dcb62df4b,65d4ce4bfe04d08c28397785,65d4d7bdefe78706ae14314e,,,,,,,,,,,,,,,,,,,,,,,,,,,,,,,,,,,,,,,,,,,,,,,,,,,,2,,,,,,,,,,,,,,,,,,,,,,,s,0.5965,,space,0.5465,,2,brown_gnomes,2,4,bright_forest,yellow_basket,red_gnome,2,5,dark_forest,red_basket,4,0,0,1,brown_gnomes,bright_forest,yellow_basket,469,3,4,42,0,84,1,1,,,,,,,,,,,,,,,,,,,,,,,,,,,,,,,,,,,,,,,,,,,,,,,,,,,,,,,,,,,,,,,,,,,,,,,,,,,,,,,,,,,,,,,,,,,,,,,,,,,,,,,,,,,,,
,,,,,,,,,,,,,,,,,,,,,,,,,,,,,,,,,691931,001,2024-02-20_16h48.59.046,experiment,2023.2.3,Win32,30.03003003,60c682d13eac136dcb62df4b,65d4ce4bfe04d08c28397785,65d4d7bdefe78706ae14314e,,,,,,,,,,,,,,,,,,,,,,,,,,,,,,,,,,,,,,,,,,,,,,,,,,,,1,,,,,,,,,,,,,,,,,,,,,,,s,0.6139,,space,0.7216,,1,green_gnome,1,7,bright_forest,yellow_basket,purple_gnome,1,9,dark_forest,red_basket,7,0,0,1,green_gnome,bright_forest,yellow_basket,476,-2,0,42,1,85,0,1,,,,,,,,,,,,,,,,,,,,,,,,,,,,,,,,,,,,,,,,,,,,,,,,,,,,,,,,,,,,,,,,,,,,,,,,,,,,,,,,,,,,,,,,,,,,,,,,,,,,,,,,,,,,,
,,,,,,,,,,,,,,,,,,,,,,,,,,,,,,,,,691931,001,2024-02-20_16h48.59.046,experiment,2023.2.3,Win32,30.03003003,60c682d13eac136dcb62df4b,65d4ce4bfe04d08c28397785,65d4d7bdefe78706ae14314e,,,,,,,,,,,,,,,,,,,,,,,,,,,,,,,,,,,,,,,,,,,,,,,,,,,,1,,,,,,,,,,,,,,,,,,,,,,,s,0.5672,,space,0.7644,,1,green_gnome,1,5,bright_forest,yellow_basket,purple_gnome,1,9,dark_forest,red_basket,5,0,0,1,green_gnome,bright_forest,yellow_basket,481,-2,0,43,0,86,0,1,,,,,,,,,,,,,,,,,,,,,,,,,,,,,,,,,,,,,,,,,,,,,,,,,,,,,,,,,,,,,,,,,,,,,,,,,,,,,,,,,,,,,,,,,,,,,,,,,,,,,,,,,,,,,
,,,,,,,,,,,,,,,,,,,,,,,,,,,,,,,,,691931,001,2024-02-20_16h48.59.046,experiment,2023.2.3,Win32,30.03003003,60c682d13eac136dcb62df4b,65d4ce4bfe04d08c28397785,65d4d7bdefe78706ae14314e,,,,,,,,,,,,,,,,,,,,,,,,,,,,,,,,,,,,,,,,,,,,,,,,,,,,1,,,,,,,,,,,,,,,,,,,,,,,s,0.7095,,space,0.7493,,1,green_gnome,1,3,bright_forest,yellow_basket,purple_gnome,1,9,dark_forest,red_basket,3,0,0,1,green_gnome,bright_forest,yellow_basket,484,1,0,43,1,87,0,1,,,,,,,,,,,,,,,,,,,,,,,,,,,,,,,,,,,,,,,,,,,,,,,,,,,,,,,,,,,,,,,,,,,,,,,,,,,,,,,,,,,,,,,,,,,,,,,,,,,,,,,,,,,,,
,,,,,,,,,,,,,,,,,,,,,,,,,,,,,,,,,691931,001,2024-02-20_16h48.59.046,experiment,2023.2.3,Win32,30.03003003,60c682d13eac136dcb62df4b,65d4ce4bfe04d08c28397785,65d4d7bdefe78706ae14314e,,,,,,,,,,,,,,,,,,,,,,,,,,,,,,,,,,,,,,,,,,,,,,,,,,,,2,,,,,,,,,,,,,,,,,,,,,,,k,0.6208,,space,0.8237,,2,red_gnome,2,9,dark_forest,red_basket,brown_gnomes,2,4,bright_forest,yellow_basket,4,0,0,1,brown_gnomes,bright_forest,yellow_basket,488,-3,3,44,0,88,1,1,,,,,,,,,,,,,,,,,,,,,,,,,,,,,,,,,,,,,,,,,,,,,,,,,,,,,,,,,,,,,,,,,,,,,,,,,,,,,,,,,,,,,,,,,,,,,,,,,,,,,,,,,,,,,
,,,,,,,,,,,,,,,,,,,,,,,,,,,,,,,,,691931,001,2024-02-20_16h48.59.046,experiment,2023.2.3,Win32,30.03003003,60c682d13eac136dcb62df4b,65d4ce4bfe04d08c28397785,65d4d7bdefe78706ae14314e,,,,,,,,,,,,,,,,,,,,,,,,,,,,,,,,,,,,,,,,,,,,,,,,,,,,1,,,,,,,,,,,,,,,,,,,,,,,s,0.6476,,space,0.7096,,1,green_gnome,1,1,bright_forest,yellow_basket,purple_gnome,1,6,dark_forest,red_basket,1,0,0,1,green_gnome,bright_forest,yellow_basket,489,4,-1,44,1,89,0,1,,,,,,,,,,,,,,,,,,,,,,,,,,,,,,,,,,,,,,,,,,,,,,,,,,,,,,,,,,,,,,,,,,,,,,,,,,,,,,,,,,,,,,,,,,,,,,,,,,,,,,,,,,,,,
,,,,,,,,,,,,,,,,,,,,,,,,,,,,,,,,,691931,001,2024-02-20_16h48.59.046,experiment,2023.2.3,Win32,30.03003003,60c682d13eac136dcb62df4b,65d4ce4bfe04d08c28397785,65d4d7bdefe78706ae14314e,,,,,,,,,,,,,,,,,,,,,,,,,,,,,,,,,,,,,,,,,,,,,,,,,,,,2,,,,,,,,,,,,,,,,,,,,,,,k,0.4866,,space,0.3536,,2,brown_gnomes,2,5,bright_forest,yellow_basket,red_gnome,2,5,dark_forest,red_basket,5,0,0,1,red_gnome,dark_forest,red_basket,494,0,1,45,0,90,1,1,,,,,,,,,,,,,,,,,,,,,,,,,,,,,,,,,,,,,,,,,,,,,,,,,,,,,,,,,,,,,,,,,,,,,,,,,,,,,,,,,,,,,,,,,,,,,,,,,,,,,,,,,,,,,
,,,,,,,,,,,,,,,,,,,,,,,,,,,,,,,,,691931,001,2024-02-20_16h48.59.046,experiment,2023.2.3,Win32,30.03003003,60c682d13eac136dcb62df4b,65d4ce4bfe04d08c28397785,65d4d7bdefe78706ae14314e,,,,,,,,,,,,,,,,,,,,,,,,,,,,,,,,,,,,,,,,,,,,,,,,,,,,2,,,,,,,,,,,,,,,,,,,,,,,s,0.5633,,space,0.4551,,2,red_gnome,2,6,dark_forest,red_basket,brown_gnomes,2,5,bright_forest,yellow_basket,6,0,0,1,red_gnome,dark_forest,red_basket,500,3,-1,45,1,91,1,1,,,,,,,,,,,,,,,,,,,,,,,,,,,,,,,,,,,,,,,,,,,,,,,,,,,,,,,,,,,,,,,,,,,,,,,,,,,,,,,,,,,,,,,,,,,,,,,,,,,,,,,,,,,,,
,,,,,,,,,,,,,,,,,,,,,,,,,,,,,,,,,691931,001,2024-02-20_16h48.59.046,experiment,2023.2.3,Win32,30.03003003,60c682d13eac136dcb62df4b,65d4ce4bfe04d08c28397785,65d4d7bdefe78706ae14314e,,,,,,,,,,,,,,,,,,,,,,,,,,,,,,,,,,,,,,,,,,,,,,,,,,,,2,,,,,,,,,,,,,,,,,,,,,,,s,0.6131,,space,0.8734,,2,red_gnome,2,5,dark_forest,red_basket,brown_gnomes,2,8,bright_forest,yellow_basket,5,0,0,1,red_gnome,dark_forest,red_basket,505,1,-1,46,0,92,1,1,,,,,,,,,,,,,,,,,,,,,,,,,,,,,,,,,,,,,,,,,,,,,,,,,,,,,,,,,,,,,,,,,,,,,,,,,,,,,,,,,,,,,,,,,,,,,,,,,,,,,,,,,,,,,
,,,,,,,,,,,,,,,,,,,,,,,,,,,,,,,,,691931,001,2024-02-20_16h48.59.046,experiment,2023.2.3,Win32,30.03003003,60c682d13eac136dcb62df4b,65d4ce4bfe04d08c28397785,65d4d7bdefe78706ae14314e,,,,,,,,,,,,,,,,,,,,,,,,,,,,,,,,,,,,,,,,,,,,,,,,,,,,2,,,,,,,,,,,,,,,,,,,,,,,k,0.5412,,space,0.8937,,2,brown_gnomes,2,9,bright_forest,yellow_basket,red_gnome,2,4,dark_forest,red_basket,4,0,0,1,red_gnome,dark_forest,red_basket,509,-2,-1,46,1,93,1,1,,,,,,,,,,,,,,,,,,,,,,,,,,,,,,,,,,,,,,,,,,,,,,,,,,,,,,,,,,,,,,,,,,,,,,,,,,,,,,,,,,,,,,,,,,,,,,,,,,,,,,,,,,,,,
,,,,,,,,,,,,,,,,,,,,,,,,,,,,,,,,,691931,001,2024-02-20_16h48.59.046,experiment,2023.2.3,Win32,30.03003003,60c682d13eac136dcb62df4b,65d4ce4bfe04d08c28397785,65d4d7bdefe78706ae14314e,,,,,,,,,,,,,,,,,,,,,,,,,,,,,,,,,,,,,,,,,,,,,,,,,,,,1,,,,,,,,,,,,,,,,,,,,,,,s,0.5958,,space,0.8085,,1,purple_gnome,1,3,dark_forest,red_basket,green_gnome,1,7,bright_forest,yellow_basket,3,0,0,1,purple_gnome,dark_forest,red_basket,512,-3,-1,47,0,94,0,1,,,,,,,,,,,,,,,,,,,,,,,,,,,,,,,,,,,,,,,,,,,,,,,,,,,,,,,,,,,,,,,,,,,,,,,,,,,,,,,,,,,,,,,,,,,,,,,,,,,,,,,,,,,,,
,,,,,,,,,,,,,,,,,,,,,,,,,,,,,,,,,691931,001,2024-02-20_16h48.59.046,experiment,2023.2.3,Win32,30.03003003,60c682d13eac136dcb62df4b,65d4ce4bfe04d08c28397785,65d4d7bdefe78706ae14314e,,,,,,,,,,,,,,,,,,,,,,,,,,,,,,,,,,,,,,,,,,,,,,,,,,,,1,,,,,,,,,,,,,,,,,,,,,,,k,1.1608,,space,0.6264,,1,green_gnome,1,4,bright_forest,yellow_basket,purple_gnome,1,2,dark_forest,red_basket,2,0,0,1,purple_gnome,dark_forest,red_basket,514,0,-4,47,1,95,0,1,,,,,,,,,,,,,,,,,,,,,,,,,,,,,,,,,,,,,,,,,,,,,,,,,,,,,,,,,,,,,,,,,,,,,,,,,,,,,,,,,,,,,,,,,,,,,,,,,,,,,,,,,,,,,
,,,,,,,,,,,,,,,,,,,,,,,,,,,,,,,,,691931,001,2024-02-20_16h48.59.046,experiment,2023.2.3,Win32,30.03003003,60c682d13eac136dcb62df4b,65d4ce4bfe04d08c28397785,65d4d7bdefe78706ae14314e,,,,,,,,,,,,,,,,,,,,,,,,,,,,,,,,,,,,,,,,,,,,,,,,,,,,2,,,,,,,,,,,,,,,,,,,,,,,s,0.6179,,space,0.5525,,2,brown_gnomes,2,4,bright_forest,yellow_basket,red_gnome,2,2,dark_forest,red_basket,4,0,0,1,brown_gnomes,bright_forest,yellow_basket,518,0,0,48,0,96,1,1,,,,,,,,,,,,,,,,,,,,,,,,,,,,,,,,,,,,,,,,,,,,,,,,,,,,,,,,,,,,,,,,,,,,,,,,,,,,,,,,,,,,,,,,,,,,,,,,,,,,,,,,,,,,,
,,,,,,,,,,,,,,,,,,,,,,,,,,,,,,,,,691931,001,2024-02-20_16h48.59.046,experiment,2023.2.3,Win32,30.03003003,60c682d13eac136dcb62df4b,65d4ce4bfe04d08c28397785,65d4d7bdefe78706ae14314e,,,,,,,,,,,,,,,,,,,,,,,,,,,,,,,,,,,,,,,,,,,,,,,,,,,,2,,,,,,,,,,,,,,,,,,,,,,,s,0.5442,,space,0.7681,,2,brown_gnomes,2,4,bright_forest,yellow_basket,red_gnome,2,2,dark_forest,red_basket,4,0,0,1,brown_gnomes,bright_forest,yellow_basket,522,3,-2,48,1,97,1,1,,,,,,,,,,,,,,,,,,,,,,,,,,,,,,,,,,,,,,,,,,,,,,,,,,,,,,,,,,,,,,,,,,,,,,,,,,,,,,,,,,,,,,,,,,,,,,,,,,,,,,,,,,,,,
,,,,,,,,,,,,,,,,,,,,,,,,,,,,,,,,,691931,001,2024-02-20_16h48.59.046,experiment,2023.2.3,Win32,30.03003003,60c682d13eac136dcb62df4b,65d4ce4bfe04d08c28397785,65d4d7bdefe78706ae14314e,,,,,,,,,,,,,,,,,,,,,,,,,,,,,,,,,,,,,,,,,,,,,,,,,,,,1,,,,,,,,,,,,,,,,,,,,,,,k,0.4864,,space,0.6488,,1,green_gnome,1,7,bright_forest,yellow_basket,purple_gnome,1,0,dark_forest,red_basket,0,0,0,1,purple_gnome,dark_forest,red_basket,522,0,2,49,0,98,0,1,,,,,,,,,,,,,,,,,,,,,,,,,,,,,,,,,,,,,,,,,,,,,,,,,,,,,,,,,,,,,,,,,,,,,,,,,,,,,,,,,,,,,,,,,,,,,,,,,,,,,,,,,,,,,
,,,,,,,,,,,,,,,,,,,,,,,,,,,,,,,,,691931,001,2024-02-20_16h48.59.046,experiment,2023.2.3,Win32,30.03003003,60c682d13eac136dcb62df4b,65d4ce4bfe04d08c28397785,65d4d7bdefe78706ae14314e,,,,,,,,,,,,,,,,,,,,,,,,,,,,,,,,,,,,,,,,,,,,,,,,,,,,1,,,,,,,,,,,,,,,,,,,,,,,s,0.4967,,space,0.7037,,1,green_gnome,1,7,bright_forest,yellow_basket,purple_gnome,1,2,dark_forest,red_basket,7,0,0,1,green_gnome,bright_forest,yellow_basket,529,-2,-3,49,1,99,0,1,,,,,,,,,,,,,,,,,,,,,,,,,,,,,,,,,,,,,,,,,,,,,,,,,,,,,,,,,,,,,,,,,,,,,,,,,,,,,,,,,,,,,,,,,,,,,,,,,,,,,,,,,,,,,
,,,,,,,,,,,,,,,,,,,,,,,,,,,,,,,,,691931,001,2024-02-20_16h48.59.046,experiment,2023.2.3,Win32,30.03003003,60c682d13eac136dcb62df4b,65d4ce4bfe04d08c28397785,65d4d7bdefe78706ae14314e,,,,,,,,,,,,,,,,,,,,,,,,,,,,,,,,,,,,,,,,,,,,,,,,,,,,1,,,,,,,,,,,,,,,,,,,,,,,s,0.6229,,space,0.6623,,1,green_gnome,1,5,bright_forest,yellow_basket,purple_gnome,1,1,dark_forest,red_basket,5,0,0,1,green_gnome,bright_forest,yellow_basket,534,-2,-1,50,0,100,0,1,,,,,,,,,,,,,,,,,,,,,,,,,,,,,,,,,,,,,,,,,,,,,,,,,,,,,,,,,,,,,,,,,,,,,,,,,,,,,,,,,,,,,,,,,,,,,,,,,,,,,,,,,,,,,
,,,,,,,,,,,,,,,,,,,,,,,,,,,,,,,,,691931,001,2024-02-20_16h48.59.046,experiment,2023.2.3,Win32,30.03003003,60c682d13eac136dcb62df4b,65d4ce4bfe04d08c28397785,65d4d7bdefe78706ae14314e,,,,,,,,,,,,,,,,,,,,,,,,,,,,,,,,,,,,,,,,,,,,,,,,,,,,1,,,,,,,,,,,,,,,,,,,,,,,s,1.0184,,space,0.7162,,1,green_gnome,1,3,bright_forest,yellow_basket,purple_gnome,1,0,dark_forest,red_basket,3,0,0,1,green_gnome,bright_forest,yellow_basket,537,-1,1,50,1,101,0,1,,,,,,,,,,,,,,,,,,,,,,,,,,,,,,,,,,,,,,,,,,,,,,,,,,,,,,,,,,,,,,,,,,,,,,,,,,,,,,,,,,,,,,,,,,,,,,,,,,,,,,,,,,,,,
,,,,,,,,,,,,,,,,,,,,,,,,,,,,,,,,,691931,001,2024-02-20_16h48.59.046,experiment,2023.2.3,Win32,30.03003003,60c682d13eac136dcb62df4b,65d4ce4bfe04d08c28397785,65d4d7bdefe78706ae14314e,,,,,,,,,,,,,,,,,,,,,,,,,,,,,,,,,,,,,,,,,,,,,,,,,,,,2,,,,,,,,,,,,,,,,,,,,,,,s,0.6543,,space,1.0129,,2,brown_gnomes,2,2,bright_forest,yellow_basket,red_gnome,2,1,dark_forest,red_basket,2,0,0,1,brown_gnomes,bright_forest,yellow_basket,539,1,1,51,0,102,1,1,,,,,,,,,,,,,,,,,,,,,,,,,,,,,,,,,,,,,,,,,,,,,,,,,,,,,,,,,,,,,,,,,,,,,,,,,,,,,,,,,,,,,,,,,,,,,,,,,,,,,,,,,,,,,
,,,,,,,,,,,,,,,,,,,,,,,,,,,,,,,,,691931,001,2024-02-20_16h48.59.046,experiment,2023.2.3,Win32,30.03003003,60c682d13eac136dcb62df4b,65d4ce4bfe04d08c28397785,65d4d7bdefe78706ae14314e,,,,,,,,,,,,,,,,,,,,,,,,,,,,,,,,,,,,,,,,,,,,,,,,,,,,2,,,,,,,,,,,,,,,,,,,,,,,s,0.5996,,,,,2,brown_gnomes,2,3,bright_forest,yellow_basket,red_gnome,2,2,dark_forest,red_basket,0,0,1,0,brown_gnomes,bright_forest,yellow_basket,539,2,-1,51,1,103,1,1,,,,,,,,,,,,,,,,,,,,,,,,,,,,,,,,,,,,,,,,,,,,,,,,,,,,,,,,,,,,,,,,,,,,,,,,,,,,,,,,,,,,,,,,,,,,,,,,,,,,,,,,,,,,,
,,,,,,,,,,,,,,,,,,,,,,,,,,,,,,,,,691931,001,2024-02-20_16h48.59.046,experiment,2023.2.3,Win32,30.03003003,60c682d13eac136dcb62df4b,65d4ce4bfe04d08c28397785,65d4d7bdefe78706ae14314e,,,,,,,,,,,,,,,,,,,,,,,,,,,,,,,,,,,,,,,,,,,,,,,,,,,,1,,,,,,,,,,,,,,,,,,,,,,,k,0.6414,,space,0.9311,,1,purple_gnome,1,1,dark_forest,red_basket,green_gnome,1,5,bright_forest,yellow_basket,5,0,0,1,green_gnome,bright_forest,yellow_basket,544,-3,-2,52,0,104,0,1,,,,,,,,,,,,,,,,,,,,,,,,,,,,,,,,,,,,,,,,,,,,,,,,,,,,,,,,,,,,,,,,,,,,,,,,,,,,,,,,,,,,,,,,,,,,,,,,,,,,,,,,,,,,,
,,,,,,,,,,,,,,,,,,,,,,,,,,,,,,,,,691931,001,2024-02-20_16h48.59.046,experiment,2023.2.3,Win32,30.03003003,60c682d13eac136dcb62df4b,65d4ce4bfe04d08c28397785,65d4d7bdefe78706ae14314e,,,,,,,,,,,,,,,,,,,,,,,,,,,,,,,,,,,,,,,,,,,,,,,,,,,,1,,,,,,,,,,,,,,,,,,,,,,,s,0.6694,,,,,1,green_gnome,1,2,bright_forest,yellow_basket,purple_gnome,1,1,dark_forest,red_basket,0,0,1,0,green_gnome,bright_forest,yellow_basket,544,1,2,52,1,105,0,1,,,,,,,,,,,,,,,,,,,,,,,,,,,,,,,,,,,,,,,,,,,,,,,,,,,,,,,,,,,,,,,,,,,,,,,,,,,,,,,,,,,,,,,,,,,,,,,,,,,,,,,,,,,,,
,,,,,,,,,,,,,,,,,,,,,,,,,,,,,,,,,691931,001,2024-02-20_16h48.59.046,experiment,2023.2.3,Win32,30.03003003,60c682d13eac136dcb62df4b,65d4ce4bfe04d08c28397785,65d4d7bdefe78706ae14314e,,,,,,,,,,,,,,,,,,,,,,,,,,,,,,,,,,,,,,,,,,,,,,,,,,,,1,,,,,,,,,,,,,,,,,,,,,,,k,0.7317,,space,0.6067,,1,purple_gnome,1,3,dark_forest,red_basket,green_gnome,1,3,bright_forest,yellow_basket,3,0,0,1,green_gnome,bright_forest,yellow_basket,547,-1,-2,53,0,106,0,1,,,,,,,,,,,,,,,,,,,,,,,,,,,,,,,,,,,,,,,,,,,,,,,,,,,,,,,,,,,,,,,,,,,,,,,,,,,,,,,,,,,,,,,,,,,,,,,,,,,,,,,,,,,,,
,,,,,,,,,,,,,,,,,,,,,,,,,,,,,,,,,691931,001,2024-02-20_16h48.59.046,experiment,2023.2.3,Win32,30.03003003,60c682d13eac136dcb62df4b,65d4ce4bfe04d08c28397785,65d4d7bdefe78706ae14314e,,,,,,,,,,,,,,,,,,,,,,,,,,,,,,,,,,,,,,,,,,,,,,,,,,,,2,,,,,,,,,,,,,,,,,,,,,,,s,0.5575,,space,0.592,,2,brown_gnomes,2,2,bright_forest,yellow_basket,red_gnome,2,1,dark_forest,red_basket,2,0,0,1,brown_gnomes,bright_forest,yellow_basket,549,2,1,53,1,107,1,1,,,,,,,,,,,,,,,,,,,,,,,,,,,,,,,,,,,,,,,,,,,,,,,,,,,,,,,,,,,,,,,,,,,,,,,,,,,,,,,,,,,,,,,,,,,,,,,,,,,,,,,,,,,,,
,,,,,,,,,,,,,,,,,,,,,,,,,,,,,,,,,691931,001,2024-02-20_16h48.59.046,experiment,2023.2.3,Win32,30.03003003,60c682d13eac136dcb62df4b,65d4ce4bfe04d08c28397785,65d4d7bdefe78706ae14314e,,,,,,,,,,,,,,,,,,,,,,,,,,,,,,,,,,,,,,,,,,,,,,,,,,,,2,,,,,,,,,,,,,,,,,,,,,,,s,0.5808,,space,0.6439,,2,brown_gnomes,2,4,bright_forest,yellow_basket,red_gnome,2,2,dark_forest,red_basket,4,0,0,1,brown_gnomes,bright_forest,yellow_basket,553,-3,-1,54,0,108,1,1,,,,,,,,,,,,,,,,,,,,,,,,,,,,,,,,,,,,,,,,,,,,,,,,,,,,,,,,,,,,,,,,,,,,,,,,,,,,,,,,,,,,,,,,,,,,,,,,,,,,,,,,,,,,,
,,,,,,,,,,,,,,,,,,,,,,,,,,,,,,,,,691931,001,2024-02-20_16h48.59.046,experiment,2023.2.3,Win32,30.03003003,60c682d13eac136dcb62df4b,65d4ce4bfe04d08c28397785,65d4d7bdefe78706ae14314e,,,,,,,,,,,,,,,,,,,,,,,,,,,,,,,,,,,,,,,,,,,,,,,,,,,,1,,,,,,,,,,,,,,,,,,,,,,,s,0.6536,,space,0.677,,1,green_gnome,1,1,bright_forest,yellow_basket,purple_gnome,1,1,dark_forest,red_basket,1,0,0,1,green_gnome,bright_forest,yellow_basket,554,-1,0,54,1,109,0,1,,,,,,,,,,,,,,,,,,,,,,,,,,,,,,,,,,,,,,,,,,,,,,,,,,,,,,,,,,,,,,,,,,,,,,,,,,,,,,,,,,,,,,,,,,,,,,,,,,,,,,,,,,,,,
,,,,,,,,,,,,,,,,,,,,,,,,,,,,,,,,,691931,001,2024-02-20_16h48.59.046,experiment,2023.2.3,Win32,30.03003003,60c682d13eac136dcb62df4b,65d4ce4bfe04d08c28397785,65d4d7bdefe78706ae14314e,,,,,,,,,,,,,,,,,,,,,,,,,,,,,,,,,,,,,,,,,,,,,,,,,,,,2,,,,,,,,,,,,,,,,,,,,,,,k,0.4842,,space,0.518,,2,brown_gnomes,2,0,bright_forest,yellow_basket,red_gnome,2,1,dark_forest,red_basket,1,0,0,1,red_gnome,dark_forest,red_basket,555,3,1,55,0,110,1,1,,,,,,,,,,,,,,,,,,,,,,,,,,,,,,,,,,,,,,,,,,,,,,,,,,,,,,,,,,,,,,,,,,,,,,,,,,,,,,,,,,,,,,,,,,,,,,,,,,,,,,,,,,,,,
,,,,,,,,,,,,,,,,,,,,,,,,,,,,,,,,,691931,001,2024-02-20_16h48.59.046,experiment,2023.2.3,Win32,30.03003003,60c682d13eac136dcb62df4b,65d4ce4bfe04d08c28397785,65d4d7bdefe78706ae14314e,,,,,,,,,,,,,,,,,,,,,,,,,,,,,,,,,,,,,,,,,,,,,,,,,,,,1,,,,,,,,,,,,,,,,,,,,,,,k,0.5532,,space,0.4268,,1,purple_gnome,1,2,dark_forest,red_basket,green_gnome,1,3,bright_forest,yellow_basket,3,0,0,1,green_gnome,bright_forest,yellow_basket,558,3,-2,55,1,111,0,1,,,,,,,,,,,,,,,,,,,,,,,,,,,,,,,,,,,,,,,,,,,,,,,,,,,,,,,,,,,,,,,,,,,,,,,,,,,,,,,,,,,,,,,,,,,,,,,,,,,,,,,,,,,,,
,,,,,,,,,,,,,,,,,,,,,,,,,,,,,,,,,691931,001,2024-02-20_16h48.59.046,experiment,2023.2.3,Win32,30.03003003,60c682d13eac136dcb62df4b,65d4ce4bfe04d08c28397785,65d4d7bdefe78706ae14314e,,,,,,,,,,,,,,,,,,,,,,,,,,,,,,,,,,,,,,,,,,,,,,,,,,,,2,,,,,,,,,,,,,,,,,,,,,,,k,0.5412,,space,0.6339,,2,red_gnome,2,0,dark_forest,red_basket,brown_gnomes,2,6,bright_forest,yellow_basket,6,0,0,1,brown_gnomes,bright_forest,yellow_basket,564,-2,1,56,0,112,1,1,,,,,,,,,,,,,,,,,,,,,,,,,,,,,,,,,,,,,,,,,,,,,,,,,,,,,,,,,,,,,,,,,,,,,,,,,,,,,,,,,,,,,,,,,,,,,,,,,,,,,,,,,,,,,
,,,,,,,,,,,,,,,,,,,,,,,,,,,,,,,,,691931,001,2024-02-20_16h48.59.046,experiment,2023.2.3,Win32,30.03003003,60c682d13eac136dcb62df4b,65d4ce4bfe04d08c28397785,65d4d7bdefe78706ae14314e,,,,,,,,,,,,,,,,,,,,,,,,,,,,,,,,,,,,,,,,,,,,,,,,,,,,2,,,,,,,,,,,,,,,,,,,,,,,s,0.6816,,space,1.1524,,2,brown_gnomes,2,4,bright_forest,yellow_basket,red_gnome,2,1,dark_forest,red_basket,4,0,0,1,brown_gnomes,bright_forest,yellow_basket,568,-2,2,56,1,113,1,1,,,,,,,,,,,,,,,,,,,,,,,,,,,,,,,,,,,,,,,,,,,,,,,,,,,,,,,,,,,,,,,,,,,,,,,,,,,,,,,,,,,,,,,,,,,,,,,,,,,,,,,,,,,,,
,,,,,,,,,,,,,,,,,,,,,,,,,,,,,,,,,691931,001,2024-02-20_16h48.59.046,experiment,2023.2.3,Win32,30.03003003,60c682d13eac136dcb62df4b,65d4ce4bfe04d08c28397785,65d4d7bdefe78706ae14314e,,,,,,,,,,,,,,,,,,,,,,,,,,,,,,,,,,,,,,,,,,,,,,,,,,,,2,,,,,,,,,,,,,,,,,,,,,,,s,0.6115,,space,1.1192,,2,brown_gnomes,2,2,bright_forest,yellow_basket,red_gnome,2,3,dark_forest,red_basket,2,0,0,1,brown_gnomes,bright_forest,yellow_basket,570,1,-3,57,0,114,1,1,,,,,,,,,,,,,,,,,,,,,,,,,,,,,,,,,,,,,,,,,,,,,,,,,,,,,,,,,,,,,,,,,,,,,,,,,,,,,,,,,,,,,,,,,,,,,,,,,,,,,,,,,,,,,
,,,,,,,,,,,,,,,,,,,,,,,,,,,,,,,,,691931,001,2024-02-20_16h48.59.046,experiment,2023.2.3,Win32,30.03003003,60c682d13eac136dcb62df4b,65d4ce4bfe04d08c28397785,65d4d7bdefe78706ae14314e,,,,,,,,,,,,,,,,,,,,,,,,,,,,,,,,,,,,,,,,,,,,,,,,,,,,1,,,,,,,,,,,,,,,,,,,,,,,s,0.8862,,space,0.8714,,1,green_gnome,1,3,bright_forest,yellow_basket,purple_gnome,1,0,dark_forest,red_basket,3,0,0,1,green_gnome,bright_forest,yellow_basket,573,1,0,57,1,115,0,1,,,,,,,,,,,,,,,,,,,,,,,,,,,,,,,,,,,,,,,,,,,,,,,,,,,,,,,,,,,,,,,,,,,,,,,,,,,,,,,,,,,,,,,,,,,,,,,,,,,,,,,,,,,,,
,,,,,,,,,,,,,,,,,,,,,,,,,,,,,,,,,691931,001,2024-02-20_16h48.59.046,experiment,2023.2.3,Win32,30.03003003,60c682d13eac136dcb62df4b,65d4ce4bfe04d08c28397785,65d4d7bdefe78706ae14314e,,,,,,,,,,,,,,,,,,,,,,,,,,,,,,,,,,,,,,,,,,,,,,,,,,,,2,,,,,,,,,,,,,,,,,,,,,,,k,0.8867,,space,0.5469,,2,red_gnome,2,0,dark_forest,red_basket,brown_gnomes,2,4,bright_forest,yellow_basket,4,0,0,1,brown_gnomes,bright_forest,yellow_basket,577,-1,2,58,0,116,1,1,,,,,,,,,,,,,,,,,,,,,,,,,,,,,,,,,,,,,,,,,,,,,,,,,,,,,,,,,,,,,,,,,,,,,,,,,,,,,,,,,,,,,,,,,,,,,,,,,,,,,,,,,,,,,
,,,,,,,,,,,,,,,,,,,,,,,,,,,,,,,,,691931,001,2024-02-20_16h48.59.046,experiment,2023.2.3,Win32,30.03003003,60c682d13eac136dcb62df4b,65d4ce4bfe04d08c28397785,65d4d7bdefe78706ae14314e,,,,,,,,,,,,,,,,,,,,,,,,,,,,,,,,,,,,,,,,,,,,,,,,,,,,2,,,,,,,,,,,,,,,,,,,,,,,s,0.6197,,space,0.7242,,2,brown_gnomes,2,3,bright_forest,yellow_basket,red_gnome,2,2,dark_forest,red_basket,3,0,0,1,brown_gnomes,bright_forest,yellow_basket,580,1,-3,58,1,117,1,1,,,,,,,,,,,,,,,,,,,,,,,,,,,,,,,,,,,,,,,,,,,,,,,,,,,,,,,,,,,,,,,,,,,,,,,,,,,,,,,,,,,,,,,,,,,,,,,,,,,,,,,,,,,,,
,,,,,,,,,,,,,,,,,,,,,,,,,,,,,,,,,691931,001,2024-02-20_16h48.59.046,experiment,2023.2.3,Win32,30.03003003,60c682d13eac136dcb62df4b,65d4ce4bfe04d08c28397785,65d4d7bdefe78706ae14314e,,,,,,,,,,,,,,,,,,,,,,,,,,,,,,,,,,,,,,,,,,,,,,,,,,,,1,,,,,,,,,,,,,,,,,,,,,,,k,1.1431,,space,0.9555,,1,purple_gnome,1,1,dark_forest,red_basket,green_gnome,1,4,bright_forest,yellow_basket,4,0,0,1,green_gnome,bright_forest,yellow_basket,584,0,-4,59,0,118,0,1,,,,,,,,,,,,,,,,,,,,,,,,,,,,,,,,,,,,,,,,,,,,,,,,,,,,,,,,,,,,,,,,,,,,,,,,,,,,,,,,,,,,,,,,,,,,,,,,,,,,,,,,,,,,,
,,,,,,,,,,,,,,,,,,,,,,,,,,,,,,,,,691931,001,2024-02-20_16h48.59.046,experiment,2023.2.3,Win32,30.03003003,60c682d13eac136dcb62df4b,65d4ce4bfe04d08c28397785,65d4d7bdefe78706ae14314e,,,,,,,,,,,,,,,,,,,,,,,,,,,,,,,,,,,,,,,,,,,,,,,,,,,,2,,,,,,,,,,,,,,,,,,,,,,,k,0.6181,,,,,2,red_gnome,2,3,dark_forest,red_basket,brown_gnomes,2,4,bright_forest,yellow_basket,0,0,1,0,brown_gnomes,bright_forest,yellow_basket,584,4,0,59,1,119,1,1,,,,,,,,,,,,,,,,,,,,,,,,,,,,,,,,,,,,,,,,,,,,,,,,,,,,,,,,,,,,,,,,,,,,,,,,,,,,,,,,,,,,,,,,,,,,,,,,,,,,,,,,,,,,,
,,,,,,,,,,,,,,,,,,,,,,,,,,,,,,,,,691931,001,2024-02-20_16h48.59.046,experiment,2023.2.3,Win32,30.03003003,60c682d13eac136dcb62df4b,65d4ce4bfe04d08c28397785,65d4d7bdefe78706ae14314e,,,,,,,,,,,,,,,,,,,,,,,,,,,,,,,,,,,,,,,,,,,,,,,,,,,,2,,,,,,,,,,,,,,,,,,,,,,,s,0.965,,,,,2,brown_gnomes,2,8,bright_forest,yellow_basket,red_gnome,2,3,dark_forest,red_basket,0,0,1,0,brown_gnomes,bright_forest,yellow_basket,584,0,-1,60,0,120,1,1,,,,,,,,,,,,,,,,,,,,,,,,,,,,,,,,,,,,,,,,,,,,,,,,,,,,,,,,,,,,,,,,,,,,,,,,,,,,,,,,,,,,,,,,,,,,,,,,,,,,,,,,,,,,,
,,,,,,,,,,,,,,,,,,,,,,,,,,,,,,,,,691931,001,2024-02-20_16h48.59.046,experiment,2023.2.3,Win32,30.03003003,60c682d13eac136dcb62df4b,65d4ce4bfe04d08c28397785,65d4d7bdefe78706ae14314e,,,,,,,,,,,,,,,,,,,,,,,,,,,,,,,,,,,,,,,,,,,,,,,,,,,,2,,,,,,,,,,,,,,,,,,,,,,,k,1.1776,,,,,2,red_gnome,2,2,dark_forest,red_basket,brown_gnomes,2,8,bright_forest,yellow_basket,0,0,1,0,brown_gnomes,bright_forest,yellow_basket,584,-1,-1,60,1,121,1,1,,,,,,,,,,,,,,,,,,,,,,,,,,,,,,,,,,,,,,,,,,,,,,,,,,,,,,,,,,,,,,,,,,,,,,,,,,,,,,,,,,,,,,,,,,,,,,,,,,,,,,,,,,,,,
,,,,,,,,,,,,,,,,,,,,,,,,,,,,,,,,,691931,001,2024-02-20_16h48.59.046,experiment,2023.2.3,Win32,30.03003003,60c682d13eac136dcb62df4b,65d4ce4bfe04d08c28397785,65d4d7bdefe78706ae14314e,,,,,,,,,,,,,,,,,,,,,,,,,,,,,,,,,,,,,,,,,,,,,,,,,,,,2,,,,,,,,,,,,,,,,,,,,,,,k,1.019,,space,0.4929,,2,red_gnome,2,1,dark_forest,red_basket,brown_gnomes,2,7,bright_forest,yellow_basket,7,0,0,1,brown_gnomes,bright_forest,yellow_basket,591,0,-1,61,0,122,1,1,,,,,,,,,,,,,,,,,,,,,,,,,,,,,,,,,,,,,,,,,,,,,,,,,,,,,,,,,,,,,,,,,,,,,,,,,,,,,,,,,,,,,,,,,,,,,,,,,,,,,,,,,,,,,
,,,,,,,,,,,,,,,,,,,,,,,,,,,,,,,,,691931,001,2024-02-20_16h48.59.046,experiment,2023.2.3,Win32,30.03003003,60c682d13eac136dcb62df4b,65d4ce4bfe04d08c28397785,65d4d7bdefe78706ae14314e,,,,,,,,,,,,,,,,,,,,,,,,,,,,,,,,,,,,,,,,,,,,,,,,,,,,2,,,,,,,,,,,,,,,,,,,,,,,s,0.7223,,space,0.9917,,2,brown_gnomes,2,7,bright_forest,yellow_basket,red_gnome,2,0,dark_forest,red_basket,7,0,0,1,brown_gnomes,bright_forest,yellow_basket,598,-1,5,61,1,123,1,1,,,,,,,,,,,,,,,,,,,,,,,,,,,,,,,,,,,,,,,,,,,,,,,,,,,,,,,,,,,,,,,,,,,,,,,,,,,,,,,,,,,,,,,,,,,,,,,,,,,,,,,,,,,,,
,,,,,,,,,,,,,,,,,,,,,,,,,,,,,,,,,691931,001,2024-02-20_16h48.59.046,experiment,2023.2.3,Win32,30.03003003,60c682d13eac136dcb62df4b,65d4ce4bfe04d08c28397785,65d4d7bdefe78706ae14314e,,,,,,,,,,,,,,,,,,,,,,,,,,,,,,,,,,,,,,,,,,,,,,,,,,,,1,,,,,,,,,,,,,,,,,,,,,,,k,0.537,,space,0.555,,1,purple_gnome,1,5,dark_forest,red_basket,green_gnome,1,6,bright_forest,yellow_basket,6,0,0,1,green_gnome,bright_forest,yellow_basket,604,-2,-1,62,0,124,0,1,,,,,,,,,,,,,,,,,,,,,,,,,,,,,,,,,,,,,,,,,,,,,,,,,,,,,,,,,,,,,,,,,,,,,,,,,,,,,,,,,,,,,,,,,,,,,,,,,,,,,,,,,,,,,
,,,,,,,,,,,,,,,,,,,,,,,,,,,,,,,,,691931,001,2024-02-20_16h48.59.046,experiment,2023.2.3,Win32,30.03003003,60c682d13eac136dcb62df4b,65d4ce4bfe04d08c28397785,65d4d7bdefe78706ae14314e,,,,,,,,,,,,,,,,,,,,,,,,,,,,,,,,,,,,,,,,,,,,,,,,,,,,2,,,,,,,,,,,,,,,,,,,,,,,s,0.7174,,space,1.0005,,2,brown_gnomes,2,4,bright_forest,yellow_basket,red_gnome,2,4,dark_forest,red_basket,4,0,0,1,brown_gnomes,bright_forest,yellow_basket,608,-2,-1,62,1,125,1,1,,,,,,,,,,,,,,,,,,,,,,,,,,,,,,,,,,,,,,,,,,,,,,,,,,,,,,,,,,,,,,,,,,,,,,,,,,,,,,,,,,,,,,,,,,,,,,,,,,,,,,,,,,,,,
,,,,,,,,,,,,,,,,,,,,,,,,,,,,,,,,,691931,001,2024-02-20_16h48.59.046,experiment,2023.2.3,Win32,30.03003003,60c682d13eac136dcb62df4b,65d4ce4bfe04d08c28397785,65d4d7bdefe78706ae14314e,,,,,,,,,,,,,,,,,,,,,,,,,,,,,,,,,,,,,,,,,,,,,,,,,,,,1,,,,,,,,,,,,,,,,,,,,,,,k,0.5583,,space,1.1251,,1,purple_gnome,1,3,dark_forest,red_basket,green_gnome,1,2,bright_forest,yellow_basket,2,0,0,1,green_gnome,bright_forest,yellow_basket,610,0,1,63,0,126,0,1,,,,,,,,,,,,,,,,,,,,,,,,,,,,,,,,,,,,,,,,,,,,,,,,,,,,,,,,,,,,,,,,,,,,,,,,,,,,,,,,,,,,,,,,,,,,,,,,,,,,,,,,,,,,,
,,,,,,,,,,,,,,,,,,,,,,,,,,,,,,,,,691931,001,2024-02-20_16h48.59.046,experiment,2023.2.3,Win32,30.03003003,60c682d13eac136dcb62df4b,65d4ce4bfe04d08c28397785,65d4d7bdefe78706ae14314e,,,,,,,,,,,,,,,,,,,,,,,,,,,,,,,,,,,,,,,,,,,,,,,,,,,,1,,,,,,,,,,,,,,,,,,,,,,,s,0.8217,,,,,1,green_gnome,1,2,bright_forest,yellow_basket,purple_gnome,1,4,dark_forest,red_basket,0,0,1,0,green_gnome,bright_forest,yellow_basket,610,-1,-3,63,1,127,0,1,,,,,,,,,,,,,,,,,,,,,,,,,,,,,,,,,,,,,,,,,,,,,,,,,,,,,,,,,,,,,,,,,,,,,,,,,,,,,,,,,,,,,,,,,,,,,,,,,,,,,,,,,,,,,
,,,,,,,,,,,,,,,,,,,,,,,,,,,,,,,,,691931,001,2024-02-20_16h48.59.046,experiment,2023.2.3,Win32,30.03003003,60c682d13eac136dcb62df4b,65d4ce4bfe04d08c28397785,65d4d7bdefe78706ae14314e,,,,,,,,,,,,,,,,,,,,,,,,,,,,,,,,,,,,,,,,,,,,,,,,,,,,1,,,,,,,,,,,,,,,,,,,,,,,s,0.9451,,space,1.2903,,1,green_gnome,1,1,bright_forest,yellow_basket,purple_gnome,1,1,dark_forest,red_basket,1,0,0,1,green_gnome,bright_forest,yellow_basket,611,0,0,64,0,128,0,1,,,,,,,,,,,,,,,,,,,,,,,,,,,,,,,,,,,,,,,,,,,,,,,,,,,,,,,,,,,,,,,,,,,,,,,,,,,,,,,,,,,,,,,,,,,,,,,,,,,,,,,,,,,,,
,,,,,,,,,,,,,,,,,,,,,,,,,,,,,,,,,691931,001,2024-02-20_16h48.59.046,experiment,2023.2.3,Win32,30.03003003,60c682d13eac136dcb62df4b,65d4ce4bfe04d08c28397785,65d4d7bdefe78706ae14314e,,,,,,,,,,,,,,,,,,,,,,,,,,,,,,,,,,,,,,,,,,,,,,,,,,,,1,,,,,,,,,,,,,,,,,,,,,,,k,0.5426,,space,0.7694,,1,purple_gnome,1,1,dark_forest,red_basket,green_gnome,1,1,bright_forest,yellow_basket,1,0,0,1,green_gnome,bright_forest,yellow_basket,612,-1,3,64,1,129,0,1,,,,,,,,,,,,,,,,,,,,,,,,,,,,,,,,,,,,,,,,,,,,,,,,,,,,,,,,,,,,,,,,,,,,,,,,,,,,,,,,,,,,,,,,,,,,,,,,,,,,,,,,,,,,,
,,,,,,,,,,,,,,,,,,,,,,,,,,,,,,,,,691931,001,2024-02-20_16h48.59.046,experiment,2023.2.3,Win32,30.03003003,60c682d13eac136dcb62df4b,65d4ce4bfe04d08c28397785,65d4d7bdefe78706ae14314e,,,,,,,,,,,,,,,,,,,,,,,,,,,,,,,,,,,,,,,,,,,,,,,,,,,,2,,,,,,,,,,,,,,,,,,,,,,,s,0.7878,,space,1.1777,,2,brown_gnomes,2,0,bright_forest,yellow_basket,red_gnome,2,4,dark_forest,red_basket,0,0,0,1,brown_gnomes,bright_forest,yellow_basket,612,2,-2,65,0,130,1,1,,,,,,,,,,,,,,,,,,,,,,,,,,,,,,,,,,,,,,,,,,,,,,,,,,,,,,,,,,,,,,,,,,,,,,,,,,,,,,,,,,,,,,,,,,,,,,,,,,,,,,,,,,,,,
,,,,,,,,,,,,,,,,,,,,,,,,,,,,,,,,,691931,001,2024-02-20_16h48.59.046,experiment,2023.2.3,Win32,30.03003003,60c682d13eac136dcb62df4b,65d4ce4bfe04d08c28397785,65d4d7bdefe78706ae14314e,,,,,,,,,,,,,,,,,,,,,,,,,,,,,,,,,,,,,,,,,,,,,,,,,,,,1,,,,,,,,,,,,,,,,,,,,,,,k,0.7101,,space,1.0515,,1,green_gnome,1,2,bright_forest,yellow_basket,purple_gnome,1,2,dark_forest,red_basket,2,0,0,1,purple_gnome,dark_forest,red_basket,614,-1,0,65,1,131,0,1,,,,,,,,,,,,,,,,,,,,,,,,,,,,,,,,,,,,,,,,,,,,,,,,,,,,,,,,,,,,,,,,,,,,,,,,,,,,,,,,,,,,,,,,,,,,,,,,,,,,,,,,,,,,,
,,,,,,,,,,,,,,,,,,,,,,,,,,,,,,,,,691931,001,2024-02-20_16h48.59.046,experiment,2023.2.3,Win32,30.03003003,60c682d13eac136dcb62df4b,65d4ce4bfe04d08c28397785,65d4d7bdefe78706ae14314e,,,,,,,,,,,,,,,,,,,,,,,,,,,,,,,,,,,,,,,,,,,,,,,,,,,,2,,,,,,,,,,,,,,,,,,,,,,,s,0.7239,,,,,2,red_gnome,2,2,dark_forest,red_basket,brown_gnomes,2,1,bright_forest,yellow_basket,0,0,1,0,red_gnome,dark_forest,red_basket,614,-1,1,66,0,132,1,1,,,,,,,,,,,,,,,,,,,,,,,,,,,,,,,,,,,,,,,,,,,,,,,,,,,,,,,,,,,,,,,,,,,,,,,,,,,,,,,,,,,,,,,,,,,,,,,,,,,,,,,,,,,,,
,,,,,,,,,,,,,,,,,,,,,,,,,,,,,,,,,691931,001,2024-02-20_16h48.59.046,experiment,2023.2.3,Win32,30.03003003,60c682d13eac136dcb62df4b,65d4ce4bfe04d08c28397785,65d4d7bdefe78706ae14314e,,,,,,,,,,,,,,,,,,,,,,,,,,,,,,,,,,,,,,,,,,,,,,,,,,,,2,,,,,,,,,,,,,,,,,,,,,,,s,0.5963,,space,0.6314,,2,red_gnome,2,3,dark_forest,red_basket,brown_gnomes,2,0,bright_forest,yellow_basket,3,0,0,1,red_gnome,dark_forest,red_basket,617,1,-1,66,1,133,1,1,,,,,,,,,,,,,,,,,,,,,,,,,,,,,,,,,,,,,,,,,,,,,,,,,,,,,,,,,,,,,,,,,,,,,,,,,,,,,,,,,,,,,,,,,,,,,,,,,,,,,,,,,,,,,
,,,,,,,,,,,,,,,,,,,,,,,,,,,,,,,,,691931,001,2024-02-20_16h48.59.046,experiment,2023.2.3,Win32,30.03003003,60c682d13eac136dcb62df4b,65d4ce4bfe04d08c28397785,65d4d7bdefe78706ae14314e,,,,,,,,,,,,,,,,,,,,,,,,,,,,,,,,,,,,,,,,,,,,,,,,,,,,2,,,,,,,,,,,,,,,,,,,,,,,s,0.608,,space,0.6464,,2,brown_gnomes,2,1,bright_forest,yellow_basket,red_gnome,2,2,dark_forest,red_basket,1,0,0,1,brown_gnomes,bright_forest,yellow_basket,618,-1,0,67,0,134,1,1,,,,,,,,,,,,,,,,,,,,,,,,,,,,,,,,,,,,,,,,,,,,,,,,,,,,,,,,,,,,,,,,,,,,,,,,,,,,,,,,,,,,,,,,,,,,,,,,,,,,,,,,,,,,,
,,,,,,,,,,,,,,,,,,,,,,,,,,,,,,,,,691931,001,2024-02-20_16h48.59.046,experiment,2023.2.3,Win32,30.03003003,60c682d13eac136dcb62df4b,65d4ce4bfe04d08c28397785,65d4d7bdefe78706ae14314e,,,,,,,,,,,,,,,,,,,,,,,,,,,,,,,,,,,,,,,,,,,,,,,,,,,,1,,,,,,,,,,,,,,,,,,,,,,,s,0.5612,,space,0.5311,,1,purple_gnome,1,2,dark_forest,red_basket,green_gnome,1,0,bright_forest,yellow_basket,2,0,0,1,purple_gnome,dark_forest,red_basket,620,0,-4,67,1,135,0,1,,,,,,,,,,,,,,,,,,,,,,,,,,,,,,,,,,,,,,,,,,,,,,,,,,,,,,,,,,,,,,,,,,,,,,,,,,,,,,,,,,,,,,,,,,,,,,,,,,,,,,,,,,,,,
,,,,,,,,,,,,,,,,,,,,,,,,,,,,,,,,,691931,001,2024-02-20_16h48.59.046,experiment,2023.2.3,Win32,30.03003003,60c682d13eac136dcb62df4b,65d4ce4bfe04d08c28397785,65d4d7bdefe78706ae14314e,,,,,,,,,,,,,,,,,,,,,,,,,,,,,,,,,,,,,,,,,,,,,,,,,,,,2,,,,,,,,,,,,,,,,,,,,,,,k,0.5442,,space,0.6736,,2,red_gnome,2,2,dark_forest,red_basket,brown_gnomes,2,0,bright_forest,yellow_basket,0,0,0,1,brown_gnomes,bright_forest,yellow_basket,620,0,-5,68,0,136,1,1,,,,,,,,,,,,,,,,,,,,,,,,,,,,,,,,,,,,,,,,,,,,,,,,,,,,,,,,,,,,,,,,,,,,,,,,,,,,,,,,,,,,,,,,,,,,,,,,,,,,,,,,,,,,,
,,,,,,,,,,,,,,,,,,,,,,,,,,,,,,,,,691931,001,2024-02-20_16h48.59.046,experiment,2023.2.3,Win32,30.03003003,60c682d13eac136dcb62df4b,65d4ce4bfe04d08c28397785,65d4d7bdefe78706ae14314e,,,,,,,,,,,,,,,,,,,,,,,,,,,,,,,,,,,,,,,,,,,,,,,,,,,,1,,,,,,,,,,,,,,,,,,,,,,,k,0.5361,,space,0.6656,,1,green_gnome,1,0,bright_forest,yellow_basket,purple_gnome,1,3,dark_forest,red_basket,3,0,0,1,purple_gnome,dark_forest,red_basket,623,0,-3,68,1,137,0,1,,,,,,,,,,,,,,,,,,,,,,,,,,,,,,,,,,,,,,,,,,,,,,,,,,,,,,,,,,,,,,,,,,,,,,,,,,,,,,,,,,,,,,,,,,,,,,,,,,,,,,,,,,,,,
,,,,,,,,,,,,,,,,,,,,,,,,,,,,,,,,,691931,001,2024-02-20_16h48.59.046,experiment,2023.2.3,Win32,30.03003003,60c682d13eac136dcb62df4b,65d4ce4bfe04d08c28397785,65d4d7bdefe78706ae14314e,,,,,,,,,,,,,,,,,,,,,,,,,,,,,,,,,,,,,,,,,,,,,,,,,,,,2,,,,,,,,,,,,,,,,,,,,,,,s,0.6037,,space,1.037,,2,red_gnome,2,0,dark_forest,red_basket,brown_gnomes,2,0,bright_forest,yellow_basket,0,0,0,1,red_gnome,dark_forest,red_basket,623,-2,-3,69,0,138,1,1,,,,,,,,,,,,,,,,,,,,,,,,,,,,,,,,,,,,,,,,,,,,,,,,,,,,,,,,,,,,,,,,,,,,,,,,,,,,,,,,,,,,,,,,,,,,,,,,,,,,,,,,,,,,,
,,,,,,,,,,,,,,,,,,,,,,,,,,,,,,,,,691931,001,2024-02-20_16h48.59.046,experiment,2023.2.3,Win32,30.03003003,60c682d13eac136dcb62df4b,65d4ce4bfe04d08c28397785,65d4d7bdefe78706ae14314e,,,,,,,,,,,,,,,,,,,,,,,,,,,,,,,,,,,,,,,,,,,,,,,,,,,,1,,,,,,,,,,,,,,,,,,,,,,,k,0.7544,,space,0.6579,,1,green_gnome,1,2,bright_forest,yellow_basket,purple_gnome,1,3,dark_forest,red_basket,3,0,0,1,purple_gnome,dark_forest,red_basket,626,1,2,69,1,139,0,1,,,,,,,,,,,,,,,,,,,,,,,,,,,,,,,,,,,,,,,,,,,,,,,,,,,,,,,,,,,,,,,,,,,,,,,,,,,,,,,,,,,,,,,,,,,,,,,,,,,,,,,,,,,,,
,,,,,,,,,,,,,,,,,,,,,,,,,,,,,,,,,691931,001,2024-02-20_16h48.59.046,experiment,2023.2.3,Win32,30.03003003,60c682d13eac136dcb62df4b,65d4ce4bfe04d08c28397785,65d4d7bdefe78706ae14314e,,,,,,,,,,,,,,,,,,,,,,,,,,,,,,,,,,,,,,,,,,,,,,,,,,,,2,,,,,,,,,,,,,,,,,,,,,,,s,0.55,,space,1.3077,,2,red_gnome,2,5,dark_forest,red_basket,brown_gnomes,2,3,bright_forest,yellow_basket,5,0,0,1,red_gnome,dark_forest,red_basket,631,0,-1,70,0,140,1,1,,,,,,,,,,,,,,,,,,,,,,,,,,,,,,,,,,,,,,,,,,,,,,,,,,,,,,,,,,,,,,,,,,,,,,,,,,,,,,,,,,,,,,,,,,,,,,,,,,,,,,,,,,,,,
,,,,,,,,,,,,,,,,,,,,,,,,,,,,,,,,,691931,001,2024-02-20_16h48.59.046,experiment,2023.2.3,Win32,30.03003003,60c682d13eac136dcb62df4b,65d4ce4bfe04d08c28397785,65d4d7bdefe78706ae14314e,,,,,,,,,,,,,,,,,,,,,,,,,,,,,,,,,,,,,,,,,,,,,,,,,,,,2,,,,,,,,,,,,,,,,,,,,,,,s,1.0262,,,,,2,red_gnome,2,4,dark_forest,red_basket,brown_gnomes,2,3,bright_forest,yellow_basket,0,0,1,0,red_gnome,dark_forest,red_basket,631,-1,0,70,1,141,1,1,,,,,,,,,,,,,,,,,,,,,,,,,,,,,,,,,,,,,,,,,,,,,,,,,,,,,,,,,,,,,,,,,,,,,,,,,,,,,,,,,,,,,,,,,,,,,,,,,,,,,,,,,,,,,
,,,,,,,,,,,,,,,,,,,,,,,,,,,,,,,,,691931,001,2024-02-20_16h48.59.046,experiment,2023.2.3,Win32,30.03003003,60c682d13eac136dcb62df4b,65d4ce4bfe04d08c28397785,65d4d7bdefe78706ae14314e,,,,,,,,,,,,,,,,,,,,,,,,,,,,,,,,,,,,,,,,,,,,,,,,,,,,1,,,,,,,,,,,,,,,,,,,,,,,k,0.6061,,,,,1,green_gnome,1,2,bright_forest,yellow_basket,purple_gnome,1,4,dark_forest,red_basket,0,0,1,0,purple_gnome,dark_forest,red_basket,631,-3,2,71,0,142,0,1,,,,,,,,,,,,,,,,,,,,,,,,,,,,,,,,,,,,,,,,,,,,,,,,,,,,,,,,,,,,,,,,,,,,,,,,,,,,,,,,,,,,,,,,,,,,,,,,,,,,,,,,,,,,,
,,,,,,,,,,,,,,,,,,,,,,,,,,,,,,,,,691931,001,2024-02-20_16h48.59.046,experiment,2023.2.3,Win32,30.03003003,60c682d13eac136dcb62df4b,65d4ce4bfe04d08c28397785,65d4d7bdefe78706ae14314e,,,,,,,,,,,,,,,,,,,,,,,,,,,,,,,,,,,,,,,,,,,,,,,,,,,,2,,,,,,,,,,,,,,,,,,,,,,,s,1.1497,,space,1.1462,,2,red_gnome,2,6,dark_forest,red_basket,brown_gnomes,2,1,bright_forest,yellow_basket,6,0,0,1,red_gnome,dark_forest,red_basket,637,0,-3,71,1,143,1,1,,,,,,,,,,,,,,,,,,,,,,,,,,,,,,,,,,,,,,,,,,,,,,,,,,,,,,,,,,,,,,,,,,,,,,,,,,,,,,,,,,,,,,,,,,,,,,,,,,,,,,,,,,,,,
,,,,,,,,,,,,,,,,,,,,,,,,,,,,,,,,,691931,001,2024-02-20_16h48.59.046,experiment,2023.2.3,Win32,30.03003003,60c682d13eac136dcb62df4b,65d4ce4bfe04d08c28397785,65d4d7bdefe78706ae14314e,,,,,,,,,,,,,,,,,,,,,,,,,,,,,,,,,,,,,,,,,,,,,,,,,,,,1,,,,,,,,,,,,,,,,,,,,,,,k,0.5424,,space,0.4109,,1,green_gnome,1,1,bright_forest,yellow_basket,purple_gnome,1,3,dark_forest,red_basket,3,0,0,1,purple_gnome,dark_forest,red_basket,640,2,2,72,0,144,0,1,,,,,,,,,,,,,,,,,,,,,,,,,,,,,,,,,,,,,,,,,,,,,,,,,,,,,,,,,,,,,,,,,,,,,,,,,,,,,,,,,,,,,,,,,,,,,,,,,,,,,,,,,,,,,
,,,,,,,,,,,,,,,,,,,,,,,,,,,,,,,,,691931,001,2024-02-20_16h48.59.046,experiment,2023.2.3,Win32,30.03003003,60c682d13eac136dcb62df4b,65d4ce4bfe04d08c28397785,65d4d7bdefe78706ae14314e,,,,,,,,,,,,,,,,,,,,,,,,,,,,,,,,,,,,,,,,,,,,,,,,,,,,1,,,,,,,,,,,,,,,,,,,,,,,k,1.36,,,,,1,green_gnome,1,3,bright_forest,yellow_basket,purple_gnome,1,5,dark_forest,red_basket,0,0,1,0,purple_gnome,dark_forest,red_basket,640,2,1,72,1,145,0,1,,,,,,,,,,,,,,,,,,,,,,,,,,,,,,,,,,,,,,,,,,,,,,,,,,,,,,,,,,,,,,,,,,,,,,,,,,,,,,,,,,,,,,,,,,,,,,,,,,,,,,,,,,,,,
,,,,,,,,,,,,,,,,,,,,,,,,,,,,,,,,,691931,001,2024-02-20_16h48.59.046,experiment,2023.2.3,Win32,30.03003003,60c682d13eac136dcb62df4b,65d4ce4bfe04d08c28397785,65d4d7bdefe78706ae14314e,,,,,,,,,,,,,,,,,,,,,,,,,,,,,,,,,,,,,,,,,,,,,,,,,,,,2,,,,,,,,,,,,,,,,,,,,,,,s,0.6073,,space,0.8136,,2,red_gnome,2,6,dark_forest,red_basket,brown_gnomes,2,5,bright_forest,yellow_basket,6,0,0,1,red_gnome,dark_forest,red_basket,646,-3,3,73,0,146,1,1,,,,,,,,,,,,,,,,,,,,,,,,,,,,,,,,,,,,,,,,,,,,,,,,,,,,,,,,,,,,,,,,,,,,,,,,,,,,,,,,,,,,,,,,,,,,,,,,,,,,,,,,,,,,,
,,,,,,,,,,,,,,,,,,,,,,,,,,,,,,,,,691931,001,2024-02-20_16h48.59.046,experiment,2023.2.3,Win32,30.03003003,60c682d13eac136dcb62df4b,65d4ce4bfe04d08c28397785,65d4d7bdefe78706ae14314e,,,,,,,,,,,,,,,,,,,,,,,,,,,,,,,,,,,,,,,,,,,,,,,,,,,,2,,,,,,,,,,,,,,,,,,,,,,,k,0.5061,,space,0.2841,,2,brown_gnomes,2,2,bright_forest,yellow_basket,red_gnome,2,9,dark_forest,red_basket,9,0,0,1,red_gnome,dark_forest,red_basket,655,1,1,73,1,147,1,1,,,,,,,,,,,,,,,,,,,,,,,,,,,,,,,,,,,,,,,,,,,,,,,,,,,,,,,,,,,,,,,,,,,,,,,,,,,,,,,,,,,,,,,,,,,,,,,,,,,,,,,,,,,,,
,,,,,,,,,,,,,,,,,,,,,,,,,,,,,,,,,691931,001,2024-02-20_16h48.59.046,experiment,2023.2.3,Win32,30.03003003,60c682d13eac136dcb62df4b,65d4ce4bfe04d08c28397785,65d4d7bdefe78706ae14314e,,,,,,,,,,,,,,,,,,,,,,,,,,,,,,,,,,,,,,,,,,,,,,,,,,,,2,,,,,,,,,,,,,,,,,,,,,,,s,0.7743,,space,1.0344,,2,red_gnome,2,8,dark_forest,red_basket,brown_gnomes,2,3,bright_forest,yellow_basket,8,0,0,1,red_gnome,dark_forest,red_basket,663,2,-1,74,0,148,1,1,,,,,,,,,,,,,,,,,,,,,,,,,,,,,,,,,,,,,,,,,,,,,,,,,,,,,,,,,,,,,,,,,,,,,,,,,,,,,,,,,,,,,,,,,,,,,,,,,,,,,,,,,,,,,
,,,,,,,,,,,,,,,,,,,,,,,,,,,,,,,,,691931,001,2024-02-20_16h48.59.046,experiment,2023.2.3,Win32,30.03003003,60c682d13eac136dcb62df4b,65d4ce4bfe04d08c28397785,65d4d7bdefe78706ae14314e,,,,,,,,,,,,,,,,,,,,,,,,,,,,,,,,,,,,,,,,,,,,,,,,,,,,1,,,,,,,,,,,,,,,,,,,,,,,k,0.581,,space,1.4478,,1,green_gnome,1,5,bright_forest,yellow_basket,purple_gnome,1,7,dark_forest,red_basket,7,0,0,1,purple_gnome,dark_forest,red_basket,670,0,1,74,1,149,0,1,,,,,,,,,,,,,,,,,,,,,,,,,,,,,,,,,,,,,,,,,,,,,,,,,,,,,,,,,,,,,,,,,,,,,,,,,,,,,,,,,,,,,,,,,,,,,,,,,,,,,,,,,,,,,
,,,,,,,,,,,,,,,,,,,,,,,,,,,,,,,,,691931,001,2024-02-20_16h48.59.046,experiment,2023.2.3,Win32,30.03003003,60c682d13eac136dcb62df4b,65d4ce4bfe04d08c28397785,65d4d7bdefe78706ae14314e,,,,,,,,,,,,,,,,,,,,,,,,,,,,,,,,,,,,,,,,,,,,,,,,,,,,1,,,,,,,,,,,,,,,,,,,,,,,s,0.782,,space,0.2878,,1,purple_gnome,1,8,dark_forest,red_basket,green_gnome,1,5,bright_forest,yellow_basket,8,0,0,1,purple_gnome,dark_forest,red_basket,678,2,-4,75,0,150,0,1,,,,,,,,,,,,,,,,,,,,,,,,,,,,,,,,,,,,,,,,,,,,,,,,,,,,,,,,,,,,,,,,,,,,,,,,,,,,,,,,,,,,,,,,,,,,,,,,,,,,,,,,,,,,,
,,,,,,,,,,,,,,,,,,,,,,,,,,,,,,,,,691931,001,2024-02-20_16h48.59.046,experiment,2023.2.3,Win32,30.03003003,60c682d13eac136dcb62df4b,65d4ce4bfe04d08c28397785,65d4d7bdefe78706ae14314e,,,,,,,,,,,,,,,,,,,,,,,,,,,,,,,,,,,,,,,,,,,,,,,,,,,,2,,,,,,,,,,,,,,,,,,,,,,,s,0.5581,,space,0.509,,2,red_gnome,2,4,dark_forest,red_basket,brown_gnomes,2,7,bright_forest,yellow_basket,4,0,0,1,red_gnome,dark_forest,red_basket,682,-4,1,75,1,151,1,1,,,,,,,,,,,,,,,,,,,,,,,,,,,,,,,,,,,,,,,,,,,,,,,,,,,,,,,,,,,,,,,,,,,,,,,,,,,,,,,,,,,,,,,,,,,,,,,,,,,,,,,,,,,,,
,,,,,,,,,,,,,,,,,,,,,,,,,,,,,,,,,691931,001,2024-02-20_16h48.59.046,experiment,2023.2.3,Win32,30.03003003,60c682d13eac136dcb62df4b,65d4ce4bfe04d08c28397785,65d4d7bdefe78706ae14314e,,,,,,,,,,,,,,,,,,,,,,,,,,,,,,,,,,,,,,,,,,,,,,,,,,,,2,,,,,,,,,,,,,,,,,,,,,,,s,0.6707,,space,0.6425,,2,red_gnome,2,5,dark_forest,red_basket,brown_gnomes,2,3,bright_forest,yellow_basket,5,0,0,1,red_gnome,dark_forest,red_basket,687,0,2,76,0,152,1,1,,,,,,,,,,,,,,,,,,,,,,,,,,,,,,,,,,,,,,,,,,,,,,,,,,,,,,,,,,,,,,,,,,,,,,,,,,,,,,,,,,,,,,,,,,,,,,,,,,,,,,,,,,,,,
,,,,,,,,,,,,,,,,,,,,,,,,,,,,,,,,,691931,001,2024-02-20_16h48.59.046,experiment,2023.2.3,Win32,30.03003003,60c682d13eac136dcb62df4b,65d4ce4bfe04d08c28397785,65d4d7bdefe78706ae14314e,,,,,,,,,,,,,,,,,,,,,,,,,,,,,,,,,,,,,,,,,,,,,,,,,,,,1,,,,,,,,,,,,,,,,,,,,,,,k,0.9654,,space,0.8616,,1,green_gnome,1,3,bright_forest,yellow_basket,purple_gnome,1,7,dark_forest,red_basket,7,0,0,1,purple_gnome,dark_forest,red_basket,694,-1,-1,76,1,153,0,1,,,,,,,,,,,,,,,,,,,,,,,,,,,,,,,,,,,,,,,,,,,,,,,,,,,,,,,,,,,,,,,,,,,,,,,,,,,,,,,,,,,,,,,,,,,,,,,,,,,,,,,,,,,,,
,,,,,,,,,,,,,,,,,,,,,,,,,,,,,,,,,691931,001,2024-02-20_16h48.59.046,experiment,2023.2.3,Win32,30.03003003,60c682d13eac136dcb62df4b,65d4ce4bfe04d08c28397785,65d4d7bdefe78706ae14314e,,,,,,,,,,,,,,,,,,,,,,,,,,,,,,,,,,,,,,,,,,,,,,,,,,,,2,,,,,,,,,,,,,,,,,,,,,,,s,0.5445,,space,0.8659,,2,red_gnome,2,6,dark_forest,red_basket,brown_gnomes,2,2,bright_forest,yellow_basket,6,0,0,1,red_gnome,dark_forest,red_basket,700,0,0,77,0,154,1,1,,,,,,,,,,,,,,,,,,,,,,,,,,,,,,,,,,,,,,,,,,,,,,,,,,,,,,,,,,,,,,,,,,,,,,,,,,,,,,,,,,,,,,,,,,,,,,,,,,,,,,,,,,,,,
,,,,,,,,,,,,,,,,,,,,,,,,,,,,,,,,,691931,001,2024-02-20_16h48.59.046,experiment,2023.2.3,Win32,30.03003003,60c682d13eac136dcb62df4b,65d4ce4bfe04d08c28397785,65d4d7bdefe78706ae14314e,,,,,,,,,,,,,,,,,,,,,,,,,,,,,,,,,,,,,,,,,,,,,,,,,,,,1,,,,,,,,,,,,,,,,,,,,,,,k,0.4944,,space,0.7152,,1,green_gnome,1,2,bright_forest,yellow_basket,purple_gnome,1,6,dark_forest,red_basket,6,0,0,1,purple_gnome,dark_forest,red_basket,706,1,-2,77,1,155,0,1,,,,,,,,,,,,,,,,,,,,,,,,,,,,,,,,,,,,,,,,,,,,,,,,,,,,,,,,,,,,,,,,,,,,,,,,,,,,,,,,,,,,,,,,,,,,,,,,,,,,,,,,,,,,,
,,,,,,,,,,,,,,,,,,,,,,,,,,,,,,,,,691931,001,2024-02-20_16h48.59.046,experiment,2023.2.3,Win32,30.03003003,60c682d13eac136dcb62df4b,65d4ce4bfe04d08c28397785,65d4d7bdefe78706ae14314e,,,,,,,,,,,,,,,,,,,,,,,,,,,,,,,,,,,,,,,,,,,,,,,,,,,,2,,,,,,,,,,,,,,,,,,,,,,,k,0.6739,,space,0.7501,,2,brown_gnomes,2,3,bright_forest,yellow_basket,red_gnome,2,4,dark_forest,red_basket,4,0,0,1,red_gnome,dark_forest,red_basket,710,-1,-1,78,0,156,1,1,,,,,,,,,,,,,,,,,,,,,,,,,,,,,,,,,,,,,,,,,,,,,,,,,,,,,,,,,,,,,,,,,,,,,,,,,,,,,,,,,,,,,,,,,,,,,,,,,,,,,,,,,,,,,
,,,,,,,,,,,,,,,,,,,,,,,,,,,,,,,,,691931,001,2024-02-20_16h48.59.046,experiment,2023.2.3,Win32,30.03003003,60c682d13eac136dcb62df4b,65d4ce4bfe04d08c28397785,65d4d7bdefe78706ae14314e,,,,,,,,,,,,,,,,,,,,,,,,,,,,,,,,,,,,,,,,,,,,,,,,,,,,2,,,,,,,,,,,,,,,,,,,,,,,k,0.9728,,space,0.7017,,2,brown_gnomes,2,2,bright_forest,yellow_basket,red_gnome,2,3,dark_forest,red_basket,3,0,0,1,red_gnome,dark_forest,red_basket,713,4,-2,78,1,157,1,1,,,,,,,,,,,,,,,,,,,,,,,,,,,,,,,,,,,,,,,,,,,,,,,,,,,,,,,,,,,,,,,,,,,,,,,,,,,,,,,,,,,,,,,,,,,,,,,,,,,,,,,,,,,,,
,,,,,,,,,,,,,,,,,,,,,,,,,,,,,,,,,691931,001,2024-02-20_16h48.59.046,experiment,2023.2.3,Win32,30.03003003,60c682d13eac136dcb62df4b,65d4ce4bfe04d08c28397785,65d4d7bdefe78706ae14314e,,,,,,,,,,,,,,,,,,,,,,,,,,,,,,,,,,,,,,,,,,,,,,,,,,,,1,,,,,,,,,,,,,,,,,,,,,,,s,1.5376,,space,0.6245,,1,purple_gnome,1,1,dark_forest,red_basket,green_gnome,1,6,bright_forest,yellow_basket,1,0,0,1,purple_gnome,dark_forest,red_basket,714,-1,0,79,0,158,0,1,,,,,,,,,,,,,,,,,,,,,,,,,,,,,,,,,,,,,,,,,,,,,,,,,,,,,,,,,,,,,,,,,,,,,,,,,,,,,,,,,,,,,,,,,,,,,,,,,,,,,,,,,,,,,
,,,,,,,,,,,,,,,,,,,,,,,,,,,,,,,,,691931,001,2024-02-20_16h48.59.046,experiment,2023.2.3,Win32,30.03003003,60c682d13eac136dcb62df4b,65d4ce4bfe04d08c28397785,65d4d7bdefe78706ae14314e,,,,,,,,,,,,,,,,,,,,,,,,,,,,,,,,,,,,,,,,,,,,,,,,,,,,1,,,,,,,,,,,,,,,,,,,,,,,s,0.8482,,space,0.2333,,1,purple_gnome,1,1,dark_forest,red_basket,green_gnome,1,5,bright_forest,yellow_basket,1,0,0,1,purple_gnome,dark_forest,red_basket,715,2,2,79,1,159,0,1,,,,,,,,,,,,,,,,,,,,,,,,,,,,,,,,,,,,,,,,,,,,,,,,,,,,,,,,,,,,,,,,,,,,,,,,,,,,,,,,,,,,,,,,,,,,,,,,,,,,,,,,,,,,,
,,,,,,,,,,,,,,,,,,,,,,,,,,,,,,,,,691931,001,2024-02-20_16h48.59.046,experiment,2023.2.3,Win32,30.03003003,60c682d13eac136dcb62df4b,65d4ce4bfe04d08c28397785,65d4d7bdefe78706ae14314e,,,,,,,,,,,,,,,,,,,,,,,,,,,,,,,,,,,,,,,,,,,,,,,,,,,,2,,,,,,,,,,,,,,,,,,,,,,,s,0.8307,,,,,2,brown_gnomes,2,7,bright_forest,yellow_basket,red_gnome,2,3,dark_forest,red_basket,0,0,1,0,brown_gnomes,bright_forest,yellow_basket,715,0,-1,80,0,160,1,1,,,,,,,,,,,,,,,,,,,,,,,,,,,,,,,,,,,,,,,,,,,,,,,,,,,,,,,,,,,,,,,,,,,,,,,,,,,,,,,,,,,,,,,,,,,,,,,,,,,,,,,,,,,,,
,,,,,,,,,,,,,,,,,,,,,,,,,,,,,,,,,691931,001,2024-02-20_16h48.59.046,experiment,2023.2.3,Win32,30.03003003,60c682d13eac136dcb62df4b,65d4ce4bfe04d08c28397785,65d4d7bdefe78706ae14314e,,,,,,,,,,,,,,,,,,,,,,,,,,,,,,,,,,,,,,,,,,,,,,,,,,,,2,,,,,,,,,,,,,,,,,,,,,,,k,0.662,,space,0.7929,,2,red_gnome,2,2,dark_forest,red_basket,brown_gnomes,2,7,bright_forest,yellow_basket,7,0,0,1,brown_gnomes,bright_forest,yellow_basket,722,-1,-3,80,1,161,1,1,,,,,,,,,,,,,,,,,,,,,,,,,,,,,,,,,,,,,,,,,,,,,,,,,,,,,,,,,,,,,,,,,,,,,,,,,,,,,,,,,,,,,,,,,,,,,,,,,,,,,,,,,,,,,
,,,,,,,,,,,,,,,,,,,,,,,,,,,,,,,,,691931,001,2024-02-20_16h48.59.046,experiment,2023.2.3,Win32,30.03003003,60c682d13eac136dcb62df4b,65d4ce4bfe04d08c28397785,65d4d7bdefe78706ae14314e,,,,,,,,,,,,,,,,,,,,,,,,,,,,,,,,,,,,,,,,,,,,,,,,,,,,1,,,,,,,,,,,,,,,,,,,,,,,s,0.9597,,space,0.77,,1,green_gnome,1,6,bright_forest,yellow_basket,purple_gnome,1,1,dark_forest,red_basket,6,0,0,1,green_gnome,bright_forest,yellow_basket,728,0,1,81,0,162,0,1,,,,,,,,,,,,,,,,,,,,,,,,,,,,,,,,,,,,,,,,,,,,,,,,,,,,,,,,,,,,,,,,,,,,,,,,,,,,,,,,,,,,,,,,,,,,,,,,,,,,,,,,,,,,,
,,,,,,,,,,,,,,,,,,,,,,,,,,,,,,,,,691931,001,2024-02-20_16h48.59.046,experiment,2023.2.3,Win32,30.03003003,60c682d13eac136dcb62df4b,65d4ce4bfe04d08c28397785,65d4d7bdefe78706ae14314e,,,,,,,,,,,,,,,,,,,,,,,,,,,,,,,,,,,,,,,,,,,,,,,,,,,,1,,,,,,,,,,,,,,,,,,,,,,,k,0.7975,,,,,1,purple_gnome,1,2,dark_forest,red_basket,green_gnome,1,6,bright_forest,yellow_basket,0,0,1,0,green_gnome,bright_forest,yellow_basket,728,0,-3,81,1,163,0,1,,,,,,,,,,,,,,,,,,,,,,,,,,,,,,,,,,,,,,,,,,,,,,,,,,,,,,,,,,,,,,,,,,,,,,,,,,,,,,,,,,,,,,,,,,,,,,,,,,,,,,,,,,,,,
,,,,,,,,,,,,,,,,,,,,,,,,,,,,,,,,,691931,001,2024-02-20_16h48.59.046,experiment,2023.2.3,Win32,30.03003003,60c682d13eac136dcb62df4b,65d4ce4bfe04d08c28397785,65d4d7bdefe78706ae14314e,,,,,,,,,,,,,,,,,,,,,,,,,,,,,,,,,,,,,,,,,,,,,,,,,,,,2,,,,,,,,,,,,,,,,,,,,,,,k,0.4958,,space,0.3251,,2,red_gnome,2,1,dark_forest,red_basket,brown_gnomes,2,6,bright_forest,yellow_basket,6,0,0,1,brown_gnomes,bright_forest,yellow_basket,734,4,1,82,0,164,1,1,,,,,,,,,,,,,,,,,,,,,,,,,,,,,,,,,,,,,,,,,,,,,,,,,,,,,,,,,,,,,,,,,,,,,,,,,,,,,,,,,,,,,,,,,,,,,,,,,,,,,,,,,,,,,
,,,,,,,,,,,,,,,,,,,,,,,,,,,,,,,,,691931,001,2024-02-20_16h48.59.046,experiment,2023.2.3,Win32,30.03003003,60c682d13eac136dcb62df4b,65d4ce4bfe04d08c28397785,65d4d7bdefe78706ae14314e,,,,,,,,,,,,,,,,,,,,,,,,,,,,,,,,,,,,,,,,,,,,,,,,,,,,1,,,,,,,,,,,,,,,,,,,,,,,k,0.908,,space,0.3136,,1,purple_gnome,1,2,dark_forest,red_basket,green_gnome,1,8,bright_forest,yellow_basket,8,0,0,1,green_gnome,bright_forest,yellow_basket,742,1,1,82,1,165,0,1,,,,,,,,,,,,,,,,,,,,,,,,,,,,,,,,,,,,,,,,,,,,,,,,,,,,,,,,,,,,,,,,,,,,,,,,,,,,,,,,,,,,,,,,,,,,,,,,,,,,,,,,,,,,,
,,,,,,,,,,,,,,,,,,,,,,,,,,,,,,,,,691931,001,2024-02-20_16h48.59.046,experiment,2023.2.3,Win32,30.03003003,60c682d13eac136dcb62df4b,65d4ce4bfe04d08c28397785,65d4d7bdefe78706ae14314e,,,,,,,,,,,,,,,,,,,,,,,,,,,,,,,,,,,,,,,,,,,,,,,,,,,,1,,,,,,,,,,,,,,,,,,,,,,,s,0.6727,,space,0.0863,,1,green_gnome,1,9,bright_forest,yellow_basket,purple_gnome,1,3,dark_forest,red_basket,9,0,0,1,green_gnome,bright_forest,yellow_basket,751,2,4,83,0,166,0,1,,,,,,,,,,,,,,,,,,,,,,,,,,,,,,,,,,,,,,,,,,,,,,,,,,,,,,,,,,,,,,,,,,,,,,,,,,,,,,,,,,,,,,,,,,,,,,,,,,,,,,,,,,,,,
,,,,,,,,,,,,,,,,,,,,,,,,,,,,,,,,,691931,001,2024-02-20_16h48.59.046,experiment,2023.2.3,Win32,30.03003003,60c682d13eac136dcb62df4b,65d4ce4bfe04d08c28397785,65d4d7bdefe78706ae14314e,,,,,,,,,,,,,,,,,,,,,,,,,,,,,,,,,,,,,,,,,,,,,,,,,,,,1,,,,,,,,,,,,,,,,,,,,,,,s,0.8462,,space,0.0877,,1,green_gnome,1,7,bright_forest,yellow_basket,purple_gnome,1,7,dark_forest,red_basket,7,0,0,1,green_gnome,bright_forest,yellow_basket,758,-1,0,83,1,167,0,1,,,,,,,,,,,,,,,,,,,,,,,,,,,,,,,,,,,,,,,,,,,,,,,,,,,,,,,,,,,,,,,,,,,,,,,,,,,,,,,,,,,,,,,,,,,,,,,,,,,,,,,,,,,,,
,,,,,,,,,,,,,,,,,,,,,,,,,,,,,,,,,691931,001,2024-02-20_16h48.59.046,experiment,2023.2.3,Win32,30.03003003,60c682d13eac136dcb62df4b,65d4ce4bfe04d08c28397785,65d4d7bdefe78706ae14314e,,,,,,,,,,,,,,,,,,,,,,,,,,,,,,,,,,,,,,,,,,,,,,,,,,,,1,,,,,,,,,,,,,,,,,,,,,,,k,0.6227,,space,0.5502,,1,purple_gnome,1,7,dark_forest,red_basket,green_gnome,1,6,bright_forest,yellow_basket,6,0,0,1,green_gnome,bright_forest,yellow_basket,764,2,-3,84,0,168,0,1,,,,,,,,,,,,,,,,,,,,,,,,,,,,,,,,,,,,,,,,,,,,,,,,,,,,,,,,,,,,,,,,,,,,,,,,,,,,,,,,,,,,,,,,,,,,,,,,,,,,,,,,,,,,,
,,,,,,,,,,,,,,,,,,,,,,,,,,,,,,,,,691931,001,2024-02-20_16h48.59.046,experiment,2023.2.3,Win32,30.03003003,60c682d13eac136dcb62df4b,65d4ce4bfe04d08c28397785,65d4d7bdefe78706ae14314e,,,,,,,,,,,,,,,,,,,,,,,,,,,,,,,,,,,,,,,,,,,,,,,,,,,,2,,,,,,,,,,,,,,,,,,,,,,,k,0.6009,,space,0.1826,,2,brown_gnomes,2,8,bright_forest,yellow_basket,red_gnome,2,4,dark_forest,red_basket,4,0,0,1,red_gnome,dark_forest,red_basket,768,0,4,84,1,169,1,1,,,,,,,,,,,,,,,,,,,,,,,,,,,,,,,,,,,,,,,,,,,,,,,,,,,,,,,,,,,,,,,,,,,,,,,,,,,,,,,,,,,,,,,,,,,,,,,,,,,,,,,,,,,,,
,,,,,,,,,,,,,,,,,,,,,,,,,,,,,,,,,691931,001,2024-02-20_16h48.59.046,experiment,2023.2.3,Win32,30.03003003,60c682d13eac136dcb62df4b,65d4ce4bfe04d08c28397785,65d4d7bdefe78706ae14314e,,,,,,,,,,,,,,,,,,,,,,,,,,,,,,,,,,,,,,,,,,,,,,,,,,,,2,,,,,,,,,,,,,,,,,,,,,,,k,0.7982,,space,0.6371,,2,brown_gnomes,2,8,bright_forest,yellow_basket,red_gnome,2,8,dark_forest,red_basket,8,0,0,1,red_gnome,dark_forest,red_basket,776,1,-1,85,0,170,1,1,,,,,,,,,,,,,,,,,,,,,,,,,,,,,,,,,,,,,,,,,,,,,,,,,,,,,,,,,,,,,,,,,,,,,,,,,,,,,,,,,,,,,,,,,,,,,,,,,,,,,,,,,,,,,
,,,,,,,,,,,,,,,,,,,,,,,,,,,,,,,,,691931,001,2024-02-20_16h48.59.046,experiment,2023.2.3,Win32,30.03003003,60c682d13eac136dcb62df4b,65d4ce4bfe04d08c28397785,65d4d7bdefe78706ae14314e,,,,,,,,,,,,,,,,,,,,,,,,,,,,,,,,,,,,,,,,,,,,,,,,,,,,1,,,,,,,,,,,,,,,,,,,,,,,s,0.7223,,space,0.2879,,1,purple_gnome,1,7,dark_forest,red_basket,green_gnome,1,9,bright_forest,yellow_basket,7,0,0,1,purple_gnome,dark_forest,red_basket,783,1,-3,85,1,171,0,1,,,,,,,,,,,,,,,,,,,,,,,,,,,,,,,,,,,,,,,,,,,,,,,,,,,,,,,,,,,,,,,,,,,,,,,,,,,,,,,,,,,,,,,,,,,,,,,,,,,,,,,,,,,,,
,,,,,,,,,,,,,,,,,,,,,,,,,,,,,,,,,691931,001,2024-02-20_16h48.59.046,experiment,2023.2.3,Win32,30.03003003,60c682d13eac136dcb62df4b,65d4ce4bfe04d08c28397785,65d4d7bdefe78706ae14314e,,,,,,,,,,,,,,,,,,,,,,,,,,,,,,,,,,,,,,,,,,,,,,,,,,,,2,,,,,,,,,,,,,,,,,,,,,,,k,1.4824,,space,0.2936,,2,brown_gnomes,2,8,bright_forest,yellow_basket,red_gnome,2,4,dark_forest,red_basket,4,0,0,1,red_gnome,dark_forest,red_basket,787,0,0,86,0,172,1,1,,,,,,,,,,,,,,,,,,,,,,,,,,,,,,,,,,,,,,,,,,,,,,,,,,,,,,,,,,,,,,,,,,,,,,,,,,,,,,,,,,,,,,,,,,,,,,,,,,,,,,,,,,,,,
,,,,,,,,,,,,,,,,,,,,,,,,,,,,,,,,,691931,001,2024-02-20_16h48.59.046,experiment,2023.2.3,Win32,30.03003003,60c682d13eac136dcb62df4b,65d4ce4bfe04d08c28397785,65d4d7bdefe78706ae14314e,,,,,,,,,,,,,,,,,,,,,,,,,,,,,,,,,,,,,,,,,,,,,,,,,,,,2,,,,,,,,,,,,,,,,,,,,,,,k,0.7343,,space,0.3388,,2,brown_gnomes,2,8,bright_forest,yellow_basket,red_gnome,2,4,dark_forest,red_basket,4,0,0,1,red_gnome,dark_forest,red_basket,791,1,-1,86,1,173,1,1,,,,,,,,,,,,,,,,,,,,,,,,,,,,,,,,,,,,,,,,,,,,,,,,,,,,,,,,,,,,,,,,,,,,,,,,,,,,,,,,,,,,,,,,,,,,,,,,,,,,,,,,,,,,,
,,,,,,,,,,,,,,,,,,,,,,,,,,,,,,,,,691931,001,2024-02-20_16h48.59.046,experiment,2023.2.3,Win32,30.03003003,60c682d13eac136dcb62df4b,65d4ce4bfe04d08c28397785,65d4d7bdefe78706ae14314e,,,,,,,,,,,,,,,,,,,,,,,,,,,,,,,,,,,,,,,,,,,,,,,,,,,,2,,,,,,,,,,,,,,,,,,,,,,,s,0.7464,,space,0.3561,,2,red_gnome,2,3,dark_forest,red_basket,brown_gnomes,2,9,bright_forest,yellow_basket,3,0,0,1,red_gnome,dark_forest,red_basket,794,0,0,87,0,174,1,1,,,,,,,,,,,,,,,,,,,,,,,,,,,,,,,,,,,,,,,,,,,,,,,,,,,,,,,,,,,,,,,,,,,,,,,,,,,,,,,,,,,,,,,,,,,,,,,,,,,,,,,,,,,,,
,,,,,,,,,,,,,,,,,,,,,,,,,,,,,,,,,691931,001,2024-02-20_16h48.59.046,experiment,2023.2.3,Win32,30.03003003,60c682d13eac136dcb62df4b,65d4ce4bfe04d08c28397785,65d4d7bdefe78706ae14314e,,,,,,,,,,,,,,,,,,,,,,,,,,,,,,,,,,,,,,,,,,,,,,,,,,,,2,,,,,,,,,,,,,,,,,,,,,,,s,1.0369,,space,0.2707,,2,brown_gnomes,2,9,bright_forest,yellow_basket,red_gnome,2,3,dark_forest,red_basket,9,0,0,1,brown_gnomes,bright_forest,yellow_basket,803,3,-1,87,1,175,1,1,,,,,,,,,,,,,,,,,,,,,,,,,,,,,,,,,,,,,,,,,,,,,,,,,,,,,,,,,,,,,,,,,,,,,,,,,,,,,,,,,,,,,,,,,,,,,,,,,,,,,,,,,,,,,
,,,,,,,,,,,,,,,,,,,,,,,,,,,,,,,,,691931,001,2024-02-20_16h48.59.046,experiment,2023.2.3,Win32,30.03003003,60c682d13eac136dcb62df4b,65d4ce4bfe04d08c28397785,65d4d7bdefe78706ae14314e,,,,,,,,,,,,,,,,,,,,,,,,,,,,,,,,,,,,,,,,,,,,,,,,,,,,1,,,,,,,,,,,,,,,,,,,,,,,k,0.7234,,space,0.2019,,1,purple_gnome,1,2,dark_forest,red_basket,green_gnome,1,6,bright_forest,yellow_basket,6,0,0,1,green_gnome,bright_forest,yellow_basket,809,2,0,88,0,176,0,1,,,,,,,,,,,,,,,,,,,,,,,,,,,,,,,,,,,,,,,,,,,,,,,,,,,,,,,,,,,,,,,,,,,,,,,,,,,,,,,,,,,,,,,,,,,,,,,,,,,,,,,,,,,,,
,,,,,,,,,,,,,,,,,,,,,,,,,,,,,,,,,691931,001,2024-02-20_16h48.59.046,experiment,2023.2.3,Win32,30.03003003,60c682d13eac136dcb62df4b,65d4ce4bfe04d08c28397785,65d4d7bdefe78706ae14314e,,,,,,,,,,,,,,,,,,,,,,,,,,,,,,,,,,,,,,,,,,,,,,,,,,,,2,,,,,,,,,,,,,,,,,,,,,,,s,0.9086,,space,0.0849,,2,brown_gnomes,2,8,bright_forest,yellow_basket,red_gnome,2,2,dark_forest,red_basket,8,0,0,1,brown_gnomes,bright_forest,yellow_basket,817,1,-1,88,1,177,1,1,,,,,,,,,,,,,,,,,,,,,,,,,,,,,,,,,,,,,,,,,,,,,,,,,,,,,,,,,,,,,,,,,,,,,,,,,,,,,,,,,,,,,,,,,,,,,,,,,,,,,,,,,,,,,
,,,,,,,,,,,,,,,,,,,,,,,,,,,,,,,,,691931,001,2024-02-20_16h48.59.046,experiment,2023.2.3,Win32,30.03003003,60c682d13eac136dcb62df4b,65d4ce4bfe04d08c28397785,65d4d7bdefe78706ae14314e,,,,,,,,,,,,,,,,,,,,,,,,,,,,,,,,,,,,,,,,,,,,,,,,,,,,2,,,,,,,,,,,,,,,,,,,,,,,k,0.9161,,space,0.2532,,2,red_gnome,2,1,dark_forest,red_basket,brown_gnomes,2,9,bright_forest,yellow_basket,9,0,0,1,brown_gnomes,bright_forest,yellow_basket,826,-3,-1,89,0,178,1,1,,,,,,,,,,,,,,,,,,,,,,,,,,,,,,,,,,,,,,,,,,,,,,,,,,,,,,,,,,,,,,,,,,,,,,,,,,,,,,,,,,,,,,,,,,,,,,,,,,,,,,,,,,,,,
,,,,,,,,,,,,,,,,,,,,,,,,,,,,,,,,,691931,001,2024-02-20_16h48.59.046,experiment,2023.2.3,Win32,30.03003003,60c682d13eac136dcb62df4b,65d4ce4bfe04d08c28397785,65d4d7bdefe78706ae14314e,,,,,,,,,,,,,,,,,,,,,,,,,,,,,,,,,,,,,,,,,,,,,,,,,,,,1,,,,,,,,,,,,,,,,,,,,,,,k,0.6712,,space,0.1515,,1,purple_gnome,1,0,dark_forest,red_basket,green_gnome,1,6,bright_forest,yellow_basket,6,0,0,1,green_gnome,bright_forest,yellow_basket,832,-1,-3,89,1,179,0,1,,,,,,,,,,,,,,,,,,,,,,,,,,,,,,,,,,,,,,,,,,,,,,,,,,,,,,,,,,,,,,,,,,,,,,,,,,,,,,,,,,,,,,,,,,,,,,,,,,,,,,,,,,,,,
,,,,,,,,,,,,,,,,,,,,,,,,,,,,,,,,,691931,001,2024-02-20_16h48.59.046,experiment,2023.2.3,Win32,30.03003003,60c682d13eac136dcb62df4b,65d4ce4bfe04d08c28397785,65d4d7bdefe78706ae14314e,,,,,,,,,,,,,,,,,,,,,,,,,,,,,,,,,,,,,,,,,,,,,,,,,,,,1,,,,,,,,,,,,,,,,,,,,,,,,,,,,,1,purple_gnome,1,3,dark_forest,red_basket,green_gnome,1,5,bright_forest,yellow_basket,0,1,0,0,,bright_forest,yellow_basket,832,-2,1,90,0,180,0,1,,,,,,,,,,,,,,,,,,,,,,,,,,,,,,,,,,,,,,,,,,,,,,,,,,,,,,,,,,,,,,,,,,,,,,,,,,,,,,,,,,,,,,,,,,,,,,,,,,,,,,,,,,,,,
,,,,,,,,,,,,,,,,,,,,,,,,,,,,,,,,,691931,001,2024-02-20_16h48.59.046,experiment,2023.2.3,Win32,30.03003003,60c682d13eac136dcb62df4b,65d4ce4bfe04d08c28397785,65d4d7bdefe78706ae14314e,,,,,,,,,,,,,,,,,,,,,,,,,,,,,,,,,,,,,,,,,,,,,,,,,,,,1,,,,,,,,,,,,,,,,,,,,,,,s,0.6141,,space,0.1936,,1,green_gnome,1,3,bright_forest,yellow_basket,purple_gnome,1,4,dark_forest,red_basket,3,0,0,1,green_gnome,bright_forest,yellow_basket,835,-3,-2,90,1,181,0,1,,,,,,,,,,,,,,,,,,,,,,,,,,,,,,,,,,,,,,,,,,,,,,,,,,,,,,,,,,,,,,,,,,,,,,,,,,,,,,,,,,,,,,,,,,,,,,,,,,,,,,,,,,,,,
,,,,,,,,,,,,,,,,,,,,,,,,,,,,,,,,,691931,001,2024-02-20_16h48.59.046,experiment,2023.2.3,Win32,30.03003003,60c682d13eac136dcb62df4b,65d4ce4bfe04d08c28397785,65d4d7bdefe78706ae14314e,,,,,,,,,,,,,,,,,,,,,,,,,,,,,,,,,,,,,,,,,,,,,,,,,,,,1,,,,,,,,,,,,,,,,,,,,,,,k,0.5464,,space,0.1959,,1,purple_gnome,1,2,dark_forest,red_basket,green_gnome,1,0,bright_forest,yellow_basket,0,0,0,1,green_gnome,bright_forest,yellow_basket,835,-2,0,91,0,182,0,1,,,,,,,,,,,,,,,,,,,,,,,,,,,,,,,,,,,,,,,,,,,,,,,,,,,,,,,,,,,,,,,,,,,,,,,,,,,,,,,,,,,,,,,,,,,,,,,,,,,,,,,,,,,,,
,,,,,,,,,,,,,,,,,,,,,,,,,,,,,,,,,691931,001,2024-02-20_16h48.59.046,experiment,2023.2.3,Win32,30.03003003,60c682d13eac136dcb62df4b,65d4ce4bfe04d08c28397785,65d4d7bdefe78706ae14314e,,,,,,,,,,,,,,,,,,,,,,,,,,,,,,,,,,,,,,,,,,,,,,,,,,,,1,,,,,,,,,,,,,,,,,,,,,,,s,0.5512,,space,0.2911,,1,purple_gnome,1,2,dark_forest,red_basket,green_gnome,1,2,bright_forest,yellow_basket,2,0,0,1,purple_gnome,dark_forest,red_basket,837,-2,2,91,1,183,0,1,,,,,,,,,,,,,,,,,,,,,,,,,,,,,,,,,,,,,,,,,,,,,,,,,,,,,,,,,,,,,,,,,,,,,,,,,,,,,,,,,,,,,,,,,,,,,,,,,,,,,,,,,,,,,
,,,,,,,,,,,,,,,,,,,,,,,,,,,,,,,,,691931,001,2024-02-20_16h48.59.046,experiment,2023.2.3,Win32,30.03003003,60c682d13eac136dcb62df4b,65d4ce4bfe04d08c28397785,65d4d7bdefe78706ae14314e,,,,,,,,,,,,,,,,,,,,,,,,,,,,,,,,,,,,,,,,,,,,,,,,,,,,2,,,,,,,,,,,,,,,,,,,,,,,s,1.1511,,space,0.5239,,2,red_gnome,2,4,dark_forest,red_basket,brown_gnomes,2,0,bright_forest,yellow_basket,4,0,0,1,red_gnome,dark_forest,red_basket,841,2,-1,92,0,184,1,1,,,,,,,,,,,,,,,,,,,,,,,,,,,,,,,,,,,,,,,,,,,,,,,,,,,,,,,,,,,,,,,,,,,,,,,,,,,,,,,,,,,,,,,,,,,,,,,,,,,,,,,,,,,,,
,,,,,,,,,,,,,,,,,,,,,,,,,,,,,,,,,691931,001,2024-02-20_16h48.59.046,experiment,2023.2.3,Win32,30.03003003,60c682d13eac136dcb62df4b,65d4ce4bfe04d08c28397785,65d4d7bdefe78706ae14314e,,,,,,,,,,,,,,,,,,,,,,,,,,,,,,,,,,,,,,,,,,,,,,,,,,,,1,,,,,,,,,,,,,,,,,,,,,,,s,0.5613,,space,0.0656,,1,purple_gnome,1,3,dark_forest,red_basket,green_gnome,1,2,bright_forest,yellow_basket,3,0,0,1,purple_gnome,dark_forest,red_basket,844,3,-2,92,1,185,0,1,,,,,,,,,,,,,,,,,,,,,,,,,,,,,,,,,,,,,,,,,,,,,,,,,,,,,,,,,,,,,,,,,,,,,,,,,,,,,,,,,,,,,,,,,,,,,,,,,,,,,,,,,,,,,
,,,,,,,,,,,,,,,,,,,,,,,,,,,,,,,,,691931,001,2024-02-20_16h48.59.046,experiment,2023.2.3,Win32,30.03003003,60c682d13eac136dcb62df4b,65d4ce4bfe04d08c28397785,65d4d7bdefe78706ae14314e,,,,,,,,,,,,,,,,,,,,,,,,,,,,,,,,,,,,,,,,,,,,,,,,,,,,2,,,,,,,,,,,,,,,,,,,,,,,k,0.6548,,space,0.2448,,2,brown_gnomes,2,5,bright_forest,yellow_basket,red_gnome,2,1,dark_forest,red_basket,1,0,0,1,red_gnome,dark_forest,red_basket,845,-3,0,93,0,186,1,1,,,,,,,,,,,,,,,,,,,,,,,,,,,,,,,,,,,,,,,,,,,,,,,,,,,,,,,,,,,,,,,,,,,,,,,,,,,,,,,,,,,,,,,,,,,,,,,,,,,,,,,,,,,,,
,,,,,,,,,,,,,,,,,,,,,,,,,,,,,,,,,691931,001,2024-02-20_16h48.59.046,experiment,2023.2.3,Win32,30.03003003,60c682d13eac136dcb62df4b,65d4ce4bfe04d08c28397785,65d4d7bdefe78706ae14314e,,,,,,,,,,,,,,,,,,,,,,,,,,,,,,,,,,,,,,,,,,,,,,,,,,,,1,,,,,,,,,,,,,,,,,,,,,,,s,0.5617,,space,0.1249,,1,purple_gnome,1,1,dark_forest,red_basket,green_gnome,1,2,bright_forest,yellow_basket,1,0,0,1,purple_gnome,dark_forest,red_basket,846,-1,-1,93,1,187,0,1,,,,,,,,,,,,,,,,,,,,,,,,,,,,,,,,,,,,,,,,,,,,,,,,,,,,,,,,,,,,,,,,,,,,,,,,,,,,,,,,,,,,,,,,,,,,,,,,,,,,,,,,,,,,,
,,,,,,,,,,,,,,,,,,,,,,,,,,,,,,,,,691931,001,2024-02-20_16h48.59.046,experiment,2023.2.3,Win32,30.03003003,60c682d13eac136dcb62df4b,65d4ce4bfe04d08c28397785,65d4d7bdefe78706ae14314e,,,,,,,,,,,,,,,,,,,,,,,,,,,,,,,,,,,,,,,,,,,,,,,,,,,,2,,,,,,,,,,,,,,,,,,,,,,,k,0.9621,,space,0.1476,,2,red_gnome,2,0,dark_forest,red_basket,brown_gnomes,2,1,bright_forest,yellow_basket,1,0,0,1,brown_gnomes,bright_forest,yellow_basket,847,0,-2,94,0,188,1,1,,,,,,,,,,,,,,,,,,,,,,,,,,,,,,,,,,,,,,,,,,,,,,,,,,,,,,,,,,,,,,,,,,,,,,,,,,,,,,,,,,,,,,,,,,,,,,,,,,,,,,,,,,,,,
,,,,,,,,,,,,,,,,,,,,,,,,,,,,,,,,,691931,001,2024-02-20_16h48.59.046,experiment,2023.2.3,Win32,30.03003003,60c682d13eac136dcb62df4b,65d4ce4bfe04d08c28397785,65d4d7bdefe78706ae14314e,,,,,,,,,,,,,,,,,,,,,,,,,,,,,,,,,,,,,,,,,,,,,,,,,,,,1,,,,,,,,,,,,,,,,,,,,,,,s,0.6591,,space,0.2141,,1,green_gnome,1,1,bright_forest,yellow_basket,purple_gnome,1,2,dark_forest,red_basket,1,0,0,1,green_gnome,bright_forest,yellow_basket,848,-2,0,94,1,189,0,1,,,,,,,,,,,,,,,,,,,,,,,,,,,,,,,,,,,,,,,,,,,,,,,,,,,,,,,,,,,,,,,,,,,,,,,,,,,,,,,,,,,,,,,,,,,,,,,,,,,,,,,,,,,,,
,,,,,,,,,,,,,,,,,,,,,,,,,,,,,,,,,691931,001,2024-02-20_16h48.59.046,experiment,2023.2.3,Win32,30.03003003,60c682d13eac136dcb62df4b,65d4ce4bfe04d08c28397785,65d4d7bdefe78706ae14314e,,,,,,,,,,,,,,,,,,,,,,,,,,,,,,,,,,,,,,,,,,,,,,,,,,,,2,,,,,,,,,,,,,,,,,,,,,,,s,0.7928,,space,0.3473,,2,red_gnome,2,2,dark_forest,red_basket,brown_gnomes,2,1,bright_forest,yellow_basket,2,0,0,1,red_gnome,dark_forest,red_basket,850,-1,1,95,0,190,1,1,,,,,,,,,,,,,,,,,,,,,,,,,,,,,,,,,,,,,,,,,,,,,,,,,,,,,,,,,,,,,,,,,,,,,,,,,,,,,,,,,,,,,,,,,,,,,,,,,,,,,,,,,,,,,
,,,,,,,,,,,,,,,,,,,,,,,,,,,,,,,,,691931,001,2024-02-20_16h48.59.046,experiment,2023.2.3,Win32,30.03003003,60c682d13eac136dcb62df4b,65d4ce4bfe04d08c28397785,65d4d7bdefe78706ae14314e,,,,,,,,,,,,,,,,,,,,,,,,,,,,,,,,,,,,,,,,,,,,,,,,,,,,2,,,,,,,,,,,,,,,,,,,,,,,s,0.5958,,space,0.1236,,2,red_gnome,2,3,dark_forest,red_basket,brown_gnomes,2,0,bright_forest,yellow_basket,3,0,0,1,red_gnome,dark_forest,red_basket,853,-2,2,95,1,191,1,1,,,,,,,,,,,,,,,,,,,,,,,,,,,,,,,,,,,,,,,,,,,,,,,,,,,,,,,,,,,,,,,,,,,,,,,,,,,,,,,,,,,,,,,,,,,,,,,,,,,,,,,,,,,,,
,,,,,,,,,,,,,,,,,,,,,,,,,,,,,,,,,691931,001,2024-02-20_16h48.59.046,experiment,2023.2.3,Win32,30.03003003,60c682d13eac136dcb62df4b,65d4ce4bfe04d08c28397785,65d4d7bdefe78706ae14314e,,,,,,,,,,,,,,,,,,,,,,,,,,,,,,,,,,,,,,,,,,,,,,,,,,,,2,,,,,,,,,,,,,,,,,,,,,,,k,0.9448,,space,0.3105,,2,red_gnome,2,5,dark_forest,red_basket,brown_gnomes,2,2,bright_forest,yellow_basket,2,0,0,1,brown_gnomes,bright_forest,yellow_basket,855,-4,0,96,0,192,1,1,,,,,,,,,,,,,,,,,,,,,,,,,,,,,,,,,,,,,,,,,,,,,,,,,,,,,,,,,,,,,,,,,,,,,,,,,,,,,,,,,,,,,,,,,,,,,,,,,,,,,,,,,,,,,
,,,,,,,,,,,,,,,,,,,,,,,,,,,,,,,,,691931,001,2024-02-20_16h48.59.046,experiment,2023.2.3,Win32,30.03003003,60c682d13eac136dcb62df4b,65d4ce4bfe04d08c28397785,65d4d7bdefe78706ae14314e,,,,,,,,,,,,,,,,,,,,,,,,,,,,,,,,,,,,,,,,,,,,,,,,,,,,2,,,,,,,,,,,,,,,,,,,,,,,s,0.6583,,space,0.182,,2,red_gnome,2,5,dark_forest,red_basket,brown_gnomes,2,2,bright_forest,yellow_basket,5,0,0,1,red_gnome,dark_forest,red_basket,860,-1,1,96,1,193,1,1,,,,,,,,,,,,,,,,,,,,,,,,,,,,,,,,,,,,,,,,,,,,,,,,,,,,,,,,,,,,,,,,,,,,,,,,,,,,,,,,,,,,,,,,,,,,,,,,,,,,,,,,,,,,,
,,,,,,,,,,,,,,,,,,,,,,,,,,,,,,,,,691931,001,2024-02-20_16h48.59.046,experiment,2023.2.3,Win32,30.03003003,60c682d13eac136dcb62df4b,65d4ce4bfe04d08c28397785,65d4d7bdefe78706ae14314e,,,,,,,,,,,,,,,,,,,,,,,,,,,,,,,,,,,,,,,,,,,,,,,,,,,,1,,,,,,,,,,,,,,,,,,,,,,,k,0.4866,,space,0.9214,,1,green_gnome,1,1,bright_forest,yellow_basket,purple_gnome,1,6,dark_forest,red_basket,6,0,0,1,purple_gnome,dark_forest,red_basket,866,-1,-2,97,0,194,0,1,,,,,,,,,,,,,,,,,,,,,,,,,,,,,,,,,,,,,,,,,,,,,,,,,,,,,,,,,,,,,,,,,,,,,,,,,,,,,,,,,,,,,,,,,,,,,,,,,,,,,,,,,,,,,
,,,,,,,,,,,,,,,,,,,,,,,,,,,,,,,,,691931,001,2024-02-20_16h48.59.046,experiment,2023.2.3,Win32,30.03003003,60c682d13eac136dcb62df4b,65d4ce4bfe04d08c28397785,65d4d7bdefe78706ae14314e,,,,,,,,,,,,,,,,,,,,,,,,,,,,,,,,,,,,,,,,,,,,,,,,,,,,1,,,,,,,,,,,,,,,,,,,,,,,k,0.4246,,,,,1,green_gnome,1,0,bright_forest,yellow_basket,purple_gnome,1,4,dark_forest,red_basket,0,0,1,0,purple_gnome,dark_forest,red_basket,866,3,-3,97,1,195,0,1,,,,,,,,,,,,,,,,,,,,,,,,,,,,,,,,,,,,,,,,,,,,,,,,,,,,,,,,,,,,,,,,,,,,,,,,,,,,,,,,,,,,,,,,,,,,,,,,,,,,,,,,,,,,,
,,,,,,,,,,,,,,,,,,,,,,,,,,,,,,,,,691931,001,2024-02-20_16h48.59.046,experiment,2023.2.3,Win32,30.03003003,60c682d13eac136dcb62df4b,65d4ce4bfe04d08c28397785,65d4d7bdefe78706ae14314e,,,,,,,,,,,,,,,,,,,,,,,,,,,,,,,,,,,,,,,,,,,,,,,,,,,,2,,,,,,,,,,,,,,,,,,,,,,,s,1.2534,,space,0.1835,,2,red_gnome,2,1,dark_forest,red_basket,brown_gnomes,2,3,bright_forest,yellow_basket,1,0,0,1,red_gnome,dark_forest,red_basket,867,1,2,98,0,196,1,1,,,,,,,,,,,,,,,,,,,,,,,,,,,,,,,,,,,,,,,,,,,,,,,,,,,,,,,,,,,,,,,,,,,,,,,,,,,,,,,,,,,,,,,,,,,,,,,,,,,,,,,,,,,,,
,,,,,,,,,,,,,,,,,,,,,,,,,,,,,,,,,691931,001,2024-02-20_16h48.59.046,experiment,2023.2.3,Win32,30.03003003,60c682d13eac136dcb62df4b,65d4ce4bfe04d08c28397785,65d4d7bdefe78706ae14314e,,,,,,,,,,,,,,,,,,,,,,,,,,,,,,,,,,,,,,,,,,,,,,,,,,,,2,,,,,,,,,,,,,,,,,,,,,,,s,0.9559,,space,0.0657,,2,red_gnome,2,3,dark_forest,red_basket,brown_gnomes,2,4,bright_forest,yellow_basket,3,0,0,1,red_gnome,dark_forest,red_basket,870,0,1,98,1,197,1,1,,,,,,,,,,,,,,,,,,,,,,,,,,,,,,,,,,,,,,,,,,,,,,,,,,,,,,,,,,,,,,,,,,,,,,,,,,,,,,,,,,,,,,,,,,,,,,,,,,,,,,,,,,,,,
,,,,,,,,,,,,,,,,,,,,,,,,,,,,,,,,,691931,001,2024-02-20_16h48.59.046,experiment,2023.2.3,Win32,30.03003003,60c682d13eac136dcb62df4b,65d4ce4bfe04d08c28397785,65d4d7bdefe78706ae14314e,,,,,,,,,,,,,,,,,,,,,,,,,,,,,,,,,,,,,,,,,,,,,,,,,,,,1,,,,,,,,,,,,,,,,,,,,,,,s,0.9504,,space,0.1781,,1,purple_gnome,1,4,dark_forest,red_basket,green_gnome,1,4,bright_forest,yellow_basket,4,0,0,1,purple_gnome,dark_forest,red_basket,874,-1,0,99,0,198,0,1,,,,,,,,,,,,,,,,,,,,,,,,,,,,,,,,,,,,,,,,,,,,,,,,,,,,,,,,,,,,,,,,,,,,,,,,,,,,,,,,,,,,,,,,,,,,,,,,,,,,,,,,,,,,,
,,,,,,,,,,,,,,,,,,,,,,,,,,,,,,,,,691931,001,2024-02-20_16h48.59.046,experiment,2023.2.3,Win32,30.03003003,60c682d13eac136dcb62df4b,65d4ce4bfe04d08c28397785,65d4d7bdefe78706ae14314e,,,,,,,,,,,,,,,,,,,,,,,,,,,,,,,,,,,,,,,,,,,,,,,,,,,,2,,,,,,,,,,,,,,,,,,,,,,,s,0.5976,,space,0.1775,,2,red_gnome,2,4,dark_forest,red_basket,brown_gnomes,2,3,bright_forest,yellow_basket,4,0,0,1,red_gnome,dark_forest,red_basket,878,0,-1,99,1,199,1,1,,,,,,,,,,,,,,,,,,,,,,,,,,,,,,,,,,,,,,,,,,,,,,,,,,,,,,,,,,,,,,,,,,,,,,,,,,,,,,,,,,,,,,,,,,,,,,,,,,,,,,,,,,,,,
,,,,,,,,,,,,,,,,,,,,,,,,,,,,,,,,,691931,001,2024-02-20_16h48.59.046,experiment,2023.2.3,Win32,30.03003003,60c682d13eac136dcb62df4b,65d4ce4bfe04d08c28397785,65d4d7bdefe78706ae14314e,,,,,,,,,,,,,,,,,,,,,,,,,,,,,,,,,,,,,,,,,,,,,,,,,,,,,,,,,,,,,3495.5312,3507.0919,-0.484656085,0.269312169,1,0,0,2.4976,t_advice_finished_typing_rect,,,,,,,,,,,,,,,,,,,,,,,,,,,,,,,,,,,,,,space,0.1154,,space,30.1178,,space,7.262,,"Figure out which one gives the most, and go with that for a while until they start to get really low. Then keep checking both gnomes. Purple one in general gives more, but the ""duller"" colours also have spells of giving high ones, so just keep switching between them until one is high consistantly. ",-0.351322751,0.159259259,1,0,0,104.8627,vb_finished_typing_rect,space,4.588,,right,12.7014,,right,5.4439,,space,2.2142,,63.54497354,3.6912,49.47089947,6.0304,space,6.7692,,red_gnome,brown_gnomes,0,0,0,1,1,0,2,,,,,,,,,,,,,,,,,,,,,,,,,,,,,,,,,,,,,,,,,,,,,,,,,,,,,,,,,,,,,,,,
,,,,,,,,,,,,,,,,,,,,,,,,,,,,,,,,,691931,001,2024-02-20_16h48.59.046,experiment,2023.2.3,Win32,30.03003003,60c682d13eac136dcb62df4b,65d4ce4bfe04d08c28397785,65d4d7bdefe78706ae14314e,,,,,,,,,,,,,,,,,,,,,,,,,,,,,,,,,,,,,,,,,,,,,,,,,,,,,,,,,,,,,,,,,,,,,,,,,,,,,,,,,,,,,,,,,,,,,,,,,,,,,,,,,,,,,,,,,,,,,,,,,,,,,,,,,,,,,,,,65.55555556,2.0466,53.91534392,3.7313,space,3.4718,,green_gnome,red_gnome,0,1,1,5,1,2,3,,,,,,,,,,,,,,,,,,,,,,,,,,,,,,,,,,,,,,,,,,,,,,,,,,,,,,,,,,,,,,,,
,,,,,,,,,,,,,,,,,,,,,,,,,,,,,,,,,691931,001,2024-02-20_16h48.59.046,experiment,2023.2.3,Win32,30.03003003,60c682d13eac136dcb62df4b,65d4ce4bfe04d08c28397785,65d4d7bdefe78706ae14314e,,,,,,,,,,,,,,,,,,,,,,,,,,,,,,,,,,,,,,,,,,,,,,,,,,,,,,,,,,,,,,,,,,,,,,,,,,,,,,,,,,,,,,,,,,,,,,,,,,,,,,,,,,,,,,,,,,,,,,,,,,,,,,,,,,,,,,,,74.44444444,2.6438,62.27513228,3.4844,space,3.5031,,brown_gnomes,purple_gnome,0,2,2,0,1,0,1,,,,,,,,,,,,,,,,,,,,,,,,,,,,,,,,,,,,,,,,,,,,,,,,,,,,,,,,,,,,,,,,
,,,,,,,,,,,,,,,,,,,,,,,,,,,,,,,,,691931,001,2024-02-20_16h48.59.046,experiment,2023.2.3,Win32,30.03003003,60c682d13eac136dcb62df4b,65d4ce4bfe04d08c28397785,65d4d7bdefe78706ae14314e,,,,,,,,,,,,,,,,,,,,,,,,,,,,,,,,,,,,,,,,,,,,,,,,,,,,,,,,,,,,,,,,,,,,,,,,,,,,,,,,,,,,,,,,,,,,,,,,,,,,,,,,,,,,,,,,,,,,,,,,,,,,,,,,,,,,,,,,69.36507937,3.2506,67.03703704,4.7521,space,4.7433,,purple_gnome,green_gnome,0,3,3,4,1,1,3,,,,,,,,,,,,,,,,,,,,,,,,,,,,,,,,,,,,,,,,,,,,,,,,,,,,,,,,,,,,,,,,
,,,,,,,,,,,,,,,,,,,,,,,,,,,,,,,,,691931,001,2024-02-20_16h48.59.046,experiment,2023.2.3,Win32,30.03003003,60c682d13eac136dcb62df4b,65d4ce4bfe04d08c28397785,65d4d7bdefe78706ae14314e,,,,,,,,,,,,,,,,,,,,,,,,,,,,,,,,,,,,,,,,,,,,,,,,,,,,,,,,,,,,,,,,,,,,,,,,,,,,,,,,,,,,,,,,,,,,,,,,,,,,,,,,,,,,,,,,,,,,,,,,,,,,,,,,,,,,,,,,54.33862434,4.2797,52.85714286,5.3266,space,5.2293,,green_gnome,brown_gnomes,0,4,4,2,1,0,3,,,,,,,,,,,,,,,,,,,,,,,,,,,,,,,,,,,,,,,,,,,,,,,,,,,,,,,,,,,,,,,,
,,,,,,,,,,,,,,,,,,,,,,,,,,,,,,,,,691931,001,2024-02-20_16h48.59.046,experiment,2023.2.3,Win32,30.03003003,60c682d13eac136dcb62df4b,65d4ce4bfe04d08c28397785,65d4d7bdefe78706ae14314e,,,,,,,,,,,,,,,,,,,,,,,,,,,,,,,,,,,,,,,,,,,,,,,,,,,,,,,,,,,,,,,,,,,,,,,,,,,,,,,,,,,,,,,,,,,,,,,,,,,,,,,,,,,,,,,,,,,,,,,,,,,,,,,,,,,,,,,,38.67724868,3.2259,63.86243386,4.1604,space,4.0247,,purple_gnome,red_gnome,0,5,5,3,1,1,2,,,,,,,,,,,,,,,,,,,,,,,,,,,,,,,,,,,,,,,,,,,,,,,,,,,,,,,,,,,,,,,,
,,,,,,,,,,,,,,,,,,,,,,,,,,,,,,,,,691931,001,2024-02-20_16h48.59.046,experiment,2023.2.3,Win32,30.03003003,60c682d13eac136dcb62df4b,65d4ce4bfe04d08c28397785,65d4d7bdefe78706ae14314e,,,,,,,,,,,,,,,,,,,,,,,,,,,,,,,,,,,,,,,,,,,,,,,,,,,,,,,,,,,,,,,,,,,,,,,,,,,,,,,,,,,,,,,,,,,,,,,,,,,,,,,,,,,,,,,,,,,,,,,,,,,,,,,,,,,,,,,,,,,,,,,,,,,,,,,,space,5.8869,,58.14814815,3.2075,41.21693122,4.2069,space,3.9694,,red_gnome,dark_forest,red_basket,0,0,0,5,1,2,1,,,,,,,,,,,,,,,,,,,,,,,,,,,,,,,,,,,,,,,,,,,,
,,,,,,,,,,,,,,,,,,,,,,,,,,,,,,,,,691931,001,2024-02-20_16h48.59.046,experiment,2023.2.3,Win32,30.03003003,60c682d13eac136dcb62df4b,65d4ce4bfe04d08c28397785,65d4d7bdefe78706ae14314e,,,,,,,,,,,,,,,,,,,,,,,,,,,,,,,,,,,,,,,,,,,,,,,,,,,,,,,,,,,,,,,,,,,,,,,,,,,,,,,,,,,,,,,,,,,,,,,,,,,,,,,,,,,,,,,,,,,,,,,,,,,,,,,,,,,,,,,,,,,,,,,,,,,,,,,,,,,48.62433862,2.6165,26.50793651,3.7964,space,3.4526,,green_gnome,dark_forest,red_basket,0,1,1,7,1,3,1,,,,,,,,,,,,,,,,,,,,,,,,,,,,,,,,,,,,,,,,,,,,
,,,,,,,,,,,,,,,,,,,,,,,,,,,,,,,,,691931,001,2024-02-20_16h48.59.046,experiment,2023.2.3,Win32,30.03003003,60c682d13eac136dcb62df4b,65d4ce4bfe04d08c28397785,65d4d7bdefe78706ae14314e,,,,,,,,,,,,,,,,,,,,,,,,,,,,,,,,,,,,,,,,,,,,,,,,,,,,,,,,,,,,,,,,,,,,,,,,,,,,,,,,,,,,,,,,,,,,,,,,,,,,,,,,,,,,,,,,,,,,,,,,,,,,,,,,,,,,,,,,,,,,,,,,,,,,,,,,,,,61.42857143,1.8304,32.43386243,3.5754,space,3.3099,,brown_gnomes,dark_forest,red_basket,0,2,2,1,1,0,1,,,,,,,,,,,,,,,,,,,,,,,,,,,,,,,,,,,,,,,,,,,,
,,,,,,,,,,,,,,,,,,,,,,,,,,,,,,,,,691931,001,2024-02-20_16h48.59.046,experiment,2023.2.3,Win32,30.03003003,60c682d13eac136dcb62df4b,65d4ce4bfe04d08c28397785,65d4d7bdefe78706ae14314e,,,,,,,,,,,,,,,,,,,,,,,,,,,,,,,,,,,,,,,,,,,,,,,,,,,,,,,,,,,,,,,,,,,,,,,,,,,,,,,,,,,,,,,,,,,,,,,,,,,,,,,,,,,,,,,,,,,,,,,,,,,,,,,,,,,,,,,,,,,,,,,,,,,,,,,,,,,56.45502646,1.4597,35.82010582,2.2727,space,1.9147,,purple_gnome,dark_forest,red_basket,0,3,3,3,1,1,1,,,,,,,,,,,,,,,,,,,,,,,,,,,,,,,,,,,,,,,,,,,,
,,,,,,,,,,,,,,,,,,,,,,,,,,,,,,,,,691931,001,2024-02-20_16h48.59.046,experiment,2023.2.3,Win32,30.03003003,60c682d13eac136dcb62df4b,65d4ce4bfe04d08c28397785,65d4d7bdefe78706ae14314e,,,,,,,,,,,,,,,,,,,,,,,,,,,,,,,,,,,,,,,,,,,,,,,,,,,,,,,,,,,,,,,,,,,,,,,,,,,,,,,,,,,,,,,,,,,,,,,,,,,,,,,,,,,,,,,,,,,,,,,,,,,,,,,,,,,,,,,,,,,,,,,,,,,,,,,,,,,61.64021164,3.0261,35.18518519,4.863,space,4.4752,,red_gnome,bright_forest,yellow_basket,0,4,4,4,1,2,0,,,,,,,,,,,,,,,,,,,,,,,,,,,,,,,,,,,,,,,,,,,,
,,,,,,,,,,,,,,,,,,,,,,,,,,,,,,,,,691931,001,2024-02-20_16h48.59.046,experiment,2023.2.3,Win32,30.03003003,60c682d13eac136dcb62df4b,65d4ce4bfe04d08c28397785,65d4d7bdefe78706ae14314e,,,,,,,,,,,,,,,,,,,,,,,,,,,,,,,,,,,,,,,,,,,,,,,,,,,,,,,,,,,,,,,,,,,,,,,,,,,,,,,,,,,,,,,,,,,,,,,,,,,,,,,,,,,,,,,,,,,,,,,,,,,,,,,,,,,,,,,,,,,,,,,,,,,,,,,,,,,54.76190476,2.488,32.85714286,3.2321,space,2.9015,,brown_gnomes,bright_forest,yellow_basket,0,5,5,0,1,0,0,,,,,,,,,,,,,,,,,,,,,,,,,,,,,,,,,,,,,,,,,,,,
,,,,,,,,,,,,,,,,,,,,,,,,,,,,,,,,,691931,001,2024-02-20_16h48.59.046,experiment,2023.2.3,Win32,30.03003003,60c682d13eac136dcb62df4b,65d4ce4bfe04d08c28397785,65d4d7bdefe78706ae14314e,,,,,,,,,,,,,,,,,,,,,,,,,,,,,,,,,,,,,,,,,,,,,,,,,,,,,,,,,,,,,,,,,,,,,,,,,,,,,,,,,,,,,,,,,,,,,,,,,,,,,,,,,,,,,,,,,,,,,,,,,,,,,,,,,,,,,,,,,,,,,,,,,,,,,,,,,,,58.14814815,2.2378,30.95238095,3.4008,space,3.1807,,green_gnome,bright_forest,yellow_basket,0,6,6,6,1,3,0,,,,,,,,,,,,,,,,,,,,,,,,,,,,,,,,,,,,,,,,,,,,
,,,,,,,,,,,,,,,,,,,,,,,,,,,,,,,,,691931,001,2024-02-20_16h48.59.046,experiment,2023.2.3,Win32,30.03003003,60c682d13eac136dcb62df4b,65d4ce4bfe04d08c28397785,65d4d7bdefe78706ae14314e,,,,,,,,,,,,,,,,,,,,,,,,,,,,,,,,,,,,,,,,,,,,,,,,,,,,,,,,,,,,,,,,,,,,,,,,,,,,,,,,,,,,,,,,,,,,,,,,,,,,,,,,,,,,,,,,,,,,,,,,,,,,,,,,,,,,,,,,,,,,,,,,,,,,,,,,,,,43.12169312,1.7932,35.5026455,3.17,space,2.8958,,purple_gnome,bright_forest,yellow_basket,0,7,7,2,1,1,0,,,,,,,,,,,,,,,,,,,,,,,,,,,,,,,,,,,,,,,,,,,,
,,,,,,,,,,,,,,,,,,,,,,,,,,,,,,,,,691931,001,2024-02-20_16h48.59.046,experiment,2023.2.3,Win32,30.03003003,60c682d13eac136dcb62df4b,65d4ce4bfe04d08c28397785,65d4d7bdefe78706ae14314e,,,,,,,,,,,,,,,,,,,,,,,,,,,,,,,,,,,,,,,,,,,,,,,,,,,,,,,,,,,,,,,,,,,,,,,,,,,,,,,,,,,,,,,,,,,,,,,,,,,,,,,,,,,,,,,,,,,,,,,,,,,,,,,,,,,,,,,,,,,,,,,,,,,,,,,,,,,,,,,,,,,,,,,,,,,,space,3.2403,,34.55026455,10.0621,space,10.746,,52.64550265,10.9688,bright_forest,dark_forest,yellow_basket,red_basket,0,0,0,0,1,,,,,,,,,,,,,,,,,,,,,,,,,
,,,,,,,,,,,,,,,,,,,,,,,,,,,,,,,,,691931,001,2024-02-20_16h48.59.046,experiment,2023.2.3,Win32,30.03003003,60c682d13eac136dcb62df4b,65d4ce4bfe04d08c28397785,65d4d7bdefe78706ae14314e,,,,,,,,,,,,,,,,,,,,,,,,,,,,,,,,,,,,,,,,,,,,,,,,,,,,,,,,,,,,,,,,,,,,,,,,,,,,,,,,,,,,,,,,,,,,,,,,,,,,,,,,,,,,,,,,,,,,,,,,,,,,,,,,,,,,,,,,,,,,,,,,,,,,,,0,3,,,,,,,,,,,,,,,,,,,,,,,,,,,,,,,,,,,,,,,,space,2.9222,,72.32804233,3.3015,space,3.9305,,57.72486772,4.1735,green_gnome,brown_gnomes,0,0,0,2,1,,,,,,,,
,,,,,,,,,,,,,,,,,,,,,,,,,,,,,,,,,691931,001,2024-02-20_16h48.59.046,experiment,2023.2.3,Win32,30.03003003,60c682d13eac136dcb62df4b,65d4ce4bfe04d08c28397785,65d4d7bdefe78706ae14314e,,,,,,,,,,,,,,,,,,,,,,,,,,,,,,,,,,,,,,,,,,,,,,,,,,,,,,,,,,,,,,,,,,,,,,,,,,,,,,,,,,,,,,,,,,,,,,,,,,,,,,,,,,,,,,,,,,,,,,,,,,,,,,,,,,,,,,,,,,,,,,,,,,,,,,0,2,,,,,,,,,,,,,,,,,,,,,,,,,,,,,,,,,,,,,,,,,,,47.88359788,3.3651,space,4.0931,,57.51322751,4.4085,brown_gnomes,red_gnome,0,1,1,1,1,,,,,,,,
,,,,,,,,,,,,,,,,,,,,,,,,,,,,,,,,,691931,001,2024-02-20_16h48.59.046,experiment,2023.2.3,Win32,30.03003003,60c682d13eac136dcb62df4b,65d4ce4bfe04d08c28397785,65d4d7bdefe78706ae14314e,,,,,,,,,,,,,,,,,,,,,,,,,,,,,,,,,,,,,,,,,,,,,,,,,,,,,,,,,,,,,,,,,,,,,,,,,,,,,,,,,,,,,,,,,,,,,,,,,,,,,,,,,,,,,,,,,,,,,,,,,,,,,,,,,,,,,,,,,,,,,,,,,,,,,,1,3,,,,,,,,,,,,,,,,,,,,,,,,,,,,,,,,,,,,,,,,,,,38.78306878,3.3958,space,4.4054,,55.60846561,4.6221,purple_gnome,green_gnome,0,2,2,4,1,,,,,,,,
,,,,,,,,,,,,,,,,,,,,,,,,,,,,,,,,,691931,001,2024-02-20_16h48.59.046,experiment,2023.2.3,Win32,30.03003003,60c682d13eac136dcb62df4b,65d4ce4bfe04d08c28397785,65d4d7bdefe78706ae14314e,,,,,,,,,,,,,,,,,,,,,,,,,,,,,,,,,,,,,,,,,,,,,,,,,,,,,,,,,,,,,,,,,,,,,,,,,,,,,,,,,,,,,,,,,,,,,,,,,,,,,,,,,,,,,,,,,,,,,,,,,,,,,,,,,,,,,,,,,,,,,,,,,,,,,,0,1,,,,,,,,,,,,,,,,,,,,,,,,,,,,,,,,,,,,,,,,,,,42.27513228,2.9626,space,4.3065,,42.38095238,4.6933,brown_gnomes,purple_gnome,0,3,3,0,1,,,,,,,,
,,,,,,,,,,,,,,,,,,,,,,,,,,,,,,,,,691931,001,2024-02-20_16h48.59.046,experiment,2023.2.3,Win32,30.03003003,60c682d13eac136dcb62df4b,65d4ce4bfe04d08c28397785,65d4d7bdefe78706ae14314e,,,,,,,,,,,,,,,,,,,,,,,,,,,,,,,,,,,,,,,,,,,,,,,,,,,,,,,,,,,,,,,,,,,,,,,,,,,,,,,,,,,,,,,,,,,,,,,,,,,,,,,,,,,,,,,,,,,,,,,,,,,,,,,,,,,,,,,,,,,,,,,,,,,,,,1,2,,,,,,,,,,,,,,,,,,,,,,,,,,,,,,,,,,,,,,,,,,,51.05820106,3.4193,space,6.5869,,31.16402116,6.7848,purple_gnome,red_gnome,0,4,4,3,1,,,,,,,,
,,,,,,,,,,,,,,,,,,,,,,,,,,,,,,,,,691931,001,2024-02-20_16h48.59.046,experiment,2023.2.3,Win32,30.03003003,60c682d13eac136dcb62df4b,65d4ce4bfe04d08c28397785,65d4d7bdefe78706ae14314e,,,,,,,,,,,,,,,,,,,,,,,,,,,,,,,,,,,,,,,,,,,,,,,,,,,,,,,,,,,,,,,,,,,,,,,,,,,,,,,,,,,,,,,,,,,,,,,,,,,,,,,,,,,,,,,,,,,,,,,,,,,,,,,,,,,,,,,,,,,,,,,,,,,,,,2,3,,,,,,,,,,,,,,,,,,,,,,,,,,,,,,,,,,,,,,,,,,,40.05291005,3.2178,space,4.364,,54.33862434,4.0895,red_gnome,green_gnome,0,5,5,5,1,,,,,,,,
,,,,,,,,,,,,,,,,,,,,,,,,,,,,,,,,,691931,001,2024-02-20_16h48.59.046,experiment,2023.2.3,Win32,30.03003003,60c682d13eac136dcb62df4b,65d4ce4bfe04d08c28397785,65d4d7bdefe78706ae14314e,,,,,,,,,,,,,,,,,,,,,,,,,,,,,,,,,,,,,,,,,,,,,,,,,,,,,,,,,,,,,,,,,,,,,,,,,,,,,,,,,,,,,,,,,,,,,,,,,,,,,,,,,,,,,,,,,,,,,,,,,,,,,,,,,,,,,,,,,,,,,,,,,,,,,,,,,,,,,,,,,,,,,,,,,,,,,,,,,,,,,,,,,,,,,,,,,,,,,,,,,,,,,,,,space,26.8924,,0,0,0,0,1