parent_PID,stim1_name,stim1_file,stim1_pair,stim1_deact_file,stim1_step2_name,stim1_step2_file,stim1_step2_basket_name,stim1_step2_basket_file,stim2_name,stim2_file,stim2_pair,stim2_deact_file,stim2_step2_name,stim2_step2_file,stim2_step2_basket_name,stim2_step2_basket_file,stim3_name,stim3_file,stim3_pair,stim3_deact_file,stim3_step2_name,stim3_step2_file,stim3_step2_basket_name,stim3_step2_basket_file,stim4_name,stim4_file,stim4_pair,stim4_deact_file,stim4_step2_name,stim4_step2_file,stim4_step2_basket_name,stim4_step2_basket_file,stim5_name,stim5_file,stim5_pair,stim5_deact_file,stim5_step2_name,stim5_step2_file,stim5_step2_basket_name,stim5_step2_basket_file,stim6_name,stim6_file,stim6_pair,stim6_deact_file,stim6_step2_name,stim6_step2_file,stim6_step2_basket_name,stim6_step2_basket_file,stim7_name,stim7_file,stim7_pair,stim7_deact_file,stim7_step2_name,stim7_step2_file,stim7_step2_basket_name,stim7_step2_basket_file,stim8_name,stim8_file,stim8_pair,stim8_deact_file,stim8_step2_name,stim8_step2_file,stim8_step2_basket_name,stim8_step2_basket_file,participant,session,date,expName,psychopyVersion,OS,frameRate,PROLIFIC_PID,STUDY_ID,SESSION_ID,consent_keyresp.keys,consent_keyresp.rt,consent_keyresp.duration,global_instructions1_key.keys,global_instructions1_key.rt,global_instructions1_key.duration,global_instructions2_key.keys,global_instructions2_key.rt,global_instructions2_key.duration,global_instructions3_key.keys,global_instructions3_key.rt,global_instructions3_key.duration,global_instructions4_key.keys,global_instructions4_key.rt,global_instructions4_key.duration,stake_instructions_key.keys,stake_instructions_key.rt,stake_instructions_key.duration,global_instructions5_key.keys,global_instructions5_key.rt,global_instructions5_key.duration,p_fixation_2.started,p_fixation_2.stopped,p_step1_keyresp.keys,p_step1_keyresp.rt,p_step1_keyresp.duration,p_step2_keyresp.keys,p_step2_keyresp.rt,p_step2_keyresp.duration,p_step1_pair_index,p_step1_stimLeft_name,p_step1_stimLeft_pair,p_step1_stimLeft_reward,p_step1_stimLeft_step2Stim,p_step1_stimLeft_step2Basket,p_step1_stimRight_name,p_step1_stimRight_pair,p_step1_stimRight_reward,p_step1_stimRight_step2Stim,p_step1_stimRight_step2Basket,p_points,t_mult,p_fail_step1,p_fail_step2,p_reward_flag,p_step1_choice,p_step2_stim,p_step2_basket,p_score,practice.thisRepN,practice.thisTrialN,practice.thisN,practice.thisIndex,practice.ran,pair_index,p_mult,p_failStep1_keyresp.keys,p_failStep1_keyresp.rt,p_failStep1_keyresp.duration,t_instructions_keyresp.keys,t_instructions_keyresp.rt,t_instructions_keyresp.duration,t_advice_reading.started,t_advice_reading.stopped,t_advice_mouse.x,t_advice_mouse.y,t_advice_mouse.leftButton,t_advice_mouse.midButton,t_advice_mouse.rightButton,t_advice_mouse.time,t_advice_mouse.clicked_name,t_advice_summary_textbox.text,t_advice_summary_mouse.x,t_advice_summary_mouse.y,t_advice_summary_mouse.leftButton,t_advice_summary_mouse.midButton,t_advice_summary_mouse.rightButton,t_advice_summary_mouse.time,t_advice_summary_mouse.clicked_name,t_instructions_2_keyresp.keys,t_instructions_2_keyresp.rt,t_instructions_2_keyresp.duration,t_step1_keyresp.keys,t_step1_keyresp.rt,t_step1_keyresp.duration,t_step2_keyresp.keys,t_step2_keyresp.rt,t_step2_keyresp.duration,t_step1_pair_index,t_step1_stimLeft_name,t_step1_stimLeft_pair,t_step1_stimLeft_reward,t_step1_stimLeft_step2Stim,t_step1_stimLeft_step2Basket,t_step1_stimRight_name,t_step1_stimRight_pair,t_step1_stimRight_reward,t_step1_stimRight_step2Stim,t_step1_stimRight_step2Basket,t_points,t_fail_step1,t_fail_step2,t_reward_flag,t_step1_choice,t_step2_stim,t_step2_basket,globa_score,t_data_stimWalk0,t_data_stimWalk1,trials.thisRepN,trials.thisTrialN,trials.thisN,trials.thisIndex,trials.ran,break_key_resp.keys,break_key_resp.rt,break_key_resp.duration,pl_global_instructions_keyresp.keys,pl_global_instructions_keyresp.rt,pl_global_instructions_keyresp.duration,vb_instructions_keyresp.keys,vb_instructions_keyresp.rt,vb_instructions_keyresp.duration,vb_instructions_2_keyresp.keys,vb_instructions_2_keyresp.rt,vb_instructions_2_keyresp.duration,vb_textbox.text,vb_mouse.x,vb_mouse.y,vb_mouse.leftButton,vb_mouse.midButton,vb_mouse.rightButton,vb_mouse.time,vb_mouse.clicked_name,pl1_instructions1_keyresp.keys,pl1_instructions1_keyresp.rt,pl1_instructions1_keyresp.duration,pl1_instructions2_keyresp.keys,pl1_instructions2_keyresp.rt,pl1_instructions2_keyresp.duration,pl1_instructions3_keyresp.keys,pl1_instructions3_keyresp.rt,pl1_instructions3_keyresp.duration,pl1_instructions4_keyresp.keys,pl1_instructions4_keyresp.rt,pl1_instructions4_keyresp.duration,pl1_task_lickert.response,pl1_task_lickert.rt,pl1_task_confidence_lickert.response,pl1_task_confidence_lickert.rt,pl1_task_keyresp.keys,pl1_task_keyresp.rt,pl1_task_keyresp.duration,pl1_task_stimLeft,pl1_task_stimRight,pl1_loop.thisRepN,pl1_loop.thisTrialN,pl1_loop.thisN,pl1_loop.thisIndex,pl1_loop.ran,stimLeft_index,stimRight_index,pl2_instructions_keyresp.keys,pl2_instructions_keyresp.rt,pl2_instructions_keyresp.duration,pl2_task_lickert.response,pl2_task_lickert.rt,pl2_task_confidence_lickert.response,pl2_task_confidence_lickert.rt,pl2_task_keyresp.keys,pl2_task_keyresp.rt,pl2_task_keyresp.duration,pl2_task_gnome,pl2_task_forest,pl2_task_basket,pl2_loop.thisRepN,pl2_loop.thisTrialN,pl2_loop.thisN,pl2_loop.thisIndex,pl2_loop.ran,gnome_id,forest_id,end_keyresp.keys,end_keyresp.rt,end_keyresp.duration,show_trials.thisRepN,show_trials.thisTrialN,show_trials.thisN,show_trials.thisIndex,show_trials.ran
5e7c7bf3ca18002bd9cf6eca,brown_gnome,ressources/step1_stim1.png,4,ressources/step1_tallGnome_deact.png,bright_forest,ressources/step2_background1.png,red_basket,ressources/step2_stim2.png,purple_gnome,ressources/step1_stim2.png,4,ressources/step1_tallGnome_deact.png,dark_forest,ressources/step2_background2.png,yellow_basket,ressources/step2_stim1.png,pink_gnome,ressources/step1_stim3.png,3,ressources/step1_tallGnome_deact.png,dark_forest,ressources/step2_background2.png,yellow_basket,ressources/step2_stim1.png,blue_gnome,ressources/step1_stim4.png,1,ressources/step1_tallGnome_deact.png,dark_forest,ressources/step2_background2.png,yellow_basket,ressources/step2_stim1.png,green_gnome,ressources/step1_stim5.png,3,ressources/step1_smallGnome_deact.png,bright_forest,ressources/step2_background1.png,red_basket,ressources/step2_stim2.png,red_gnome,ressources/step1_stim6.png,2,ressources/step1_smallGnome_deact.png,dark_forest,ressources/step2_background2.png,yellow_basket,ressources/step2_stim1.png,yellow_gnome,ressources/step1_stim7.png,2,ressources/step1_smallGnome_deact.png,bright_forest,ressources/step2_background1.png,red_basket,ressources/step2_stim2.png,orange_gnome,ressources/step1_stim8.png,1,ressources/step1_smallGnome_deact.png,bright_forest,ressources/step2_background1.png,red_basket,ressources/step2_stim2.png,704919,001,2024-06-19_18h39.22.193,experiment,2023.2.3,Linux x86_64,59.88023952,63655432e66823b2595ee761,6672e93b03029310057e1c76,6673179e8fce482c1e4ec0f9,,,,,,,,,,,,,,,,,,,,,,,,,,,,,,,,,,,,,,,,,,,,,,,,,,,,,,,,,,,,,,,,,,,,,,,,,,,,,,,,,,,,,,,,,,,,,,,,,,,,,,,,,,,,,,,,,,,,,,,,,,,,,,,,,,,,,,,,,,,,,,,,,,,,,,,,,,,,,,,,,,,,,,,,,,,,,,,,,,,,,,,,,,,,,,
,,,,,,,,,,,,,,,,,,,,,,,,,,,,,,,,,,,,,,,,,,,,,,,,,,,,,,,,,,,,,,,,,704919,001,2024-06-19_18h39.22.193,experiment,2023.2.3,Linux x86_64,59.88023952,63655432e66823b2595ee761,6672e93b03029310057e1c76,6673179e8fce482c1e4ec0f9,y,8.2856,,,,,,,,,,,,,,,,,,,,,,,,,,,,,,,,,,,,,,,,,,,,,,,,,,,,,,,,,,,,,,,,,,,,,,,,,,,,,,,,,,,,,,,,,,,,,,,,,,,,,,,,,,,,,,,,,,,,,,,,,,,,,,,,,,,,,,,,,,,,,,,,,,,,,,,,,,,,,,,,,,,,,,,,,,,,,,,,,,,,,,,,,,,,
,,,,,,,,,,,,,,,,,,,,,,,,,,,,,,,,,,,,,,,,,,,,,,,,,,,,,,,,,,,,,,,,,704919,001,2024-06-19_18h39.22.193,experiment,2023.2.3,Linux x86_64,59.88023952,63655432e66823b2595ee761,6672e93b03029310057e1c76,6673179e8fce482c1e4ec0f9,,,,space,4.7687,,space,12.6823,,space,10.4915,,space,26.3672,,space,14.9077,,space,21.2733,,100.3964,100.9039,s,0.7826,,space,0.9627,,2,p_blue_gnome,2,5,p_yellow_forest,p_green_basket,p_orange_gnome,2,0,p_green_forest,p_blue_basket,5,1,0,0,1,p_blue_gnome,p_yellow_forest,p_green_basket,5,0,0,0,1,1,2,1,,,,,,,,,,,,,,,,,,,,,,,,,,,,,,,,,,,,,,,,,,,,,,,,,,,,,,,,,,,,,,,,,,,,,,,,,,,,,,,,,,,,,,,,,,,,,,,,,,,,,,,,,,,,,,,,,,,,,,,,,,,,,,,,,,,,,,
,,,,,,,,,,,,,,,,,,,,,,,,,,,,,,,,,,,,,,,,,,,,,,,,,,,,,,,,,,,,,,,,,704919,001,2024-06-19_18h39.22.193,experiment,2023.2.3,Linux x86_64,59.88023952,63655432e66823b2595ee761,6672e93b03029310057e1c76,6673179e8fce482c1e4ec0f9,,,,,,,,,,,,,,,,,,,,,,107.5747,108.0885,s,0.5111,,space,0.4116,,1,p_pink_gnome,1,0,p_green_forest,p_blue_basket,p_green_gnome,1,5,p_yellow_forest,p_green_basket,0,1,0,0,1,p_pink_gnome,p_green_forest,p_blue_basket,5,0,1,1,0,1,1,1,,,,,,,,,,,,,,,,,,,,,,,,,,,,,,,,,,,,,,,,,,,,,,,,,,,,,,,,,,,,,,,,,,,,,,,,,,,,,,,,,,,,,,,,,,,,,,,,,,,,,,,,,,,,,,,,,,,,,,,,,,,,,,,,,,,,,,
,,,,,,,,,,,,,,,,,,,,,,,,,,,,,,,,,,,,,,,,,,,,,,,,,,,,,,,,,,,,,,,,,704919,001,2024-06-19_18h39.22.193,experiment,2023.2.3,Linux x86_64,59.88023952,63655432e66823b2595ee761,6672e93b03029310057e1c76,6673179e8fce482c1e4ec0f9,,,,,,,,,,,,,,,,,,,,,,114.7249,115.2282,s,0.7388,,space,0.3369,,2,p_orange_gnome,2,0,p_green_forest,p_blue_basket,p_blue_gnome,2,5,p_yellow_forest,p_green_basket,0,1,0,0,1,p_orange_gnome,p_green_forest,p_blue_basket,5,0,2,2,1,1,2,1,,,,,,,,,,,,,,,,,,,,,,,,,,,,,,,,,,,,,,,,,,,,,,,,,,,,,,,,,,,,,,,,,,,,,,,,,,,,,,,,,,,,,,,,,,,,,,,,,,,,,,,,,,,,,,,,,,,,,,,,,,,,,,,,,,,,,,
,,,,,,,,,,,,,,,,,,,,,,,,,,,,,,,,,,,,,,,,,,,,,,,,,,,,,,,,,,,,,,,,,704919,001,2024-06-19_18h39.22.193,experiment,2023.2.3,Linux x86_64,59.88023952,63655432e66823b2595ee761,6672e93b03029310057e1c76,6673179e8fce482c1e4ec0f9,,,,,,,,,,,,,,,,,,,,,,121.88,122.3815,s,0.3788,,space,0.3931,,2,p_orange_gnome,2,0,p_green_forest,p_blue_basket,p_blue_gnome,2,5,p_yellow_forest,p_green_basket,0,5,0,0,1,p_orange_gnome,p_green_forest,p_blue_basket,5,0,3,3,3,1,2,5,,,,,,,,,,,,,,,,,,,,,,,,,,,,,,,,,,,,,,,,,,,,,,,,,,,,,,,,,,,,,,,,,,,,,,,,,,,,,,,,,,,,,,,,,,,,,,,,,,,,,,,,,,,,,,,,,,,,,,,,,,,,,,,,,,,,,,
,,,,,,,,,,,,,,,,,,,,,,,,,,,,,,,,,,,,,,,,,,,,,,,,,,,,,,,,,,,,,,,,,704919,001,2024-06-19_18h39.22.193,experiment,2023.2.3,Linux x86_64,59.88023952,63655432e66823b2595ee761,6672e93b03029310057e1c76,6673179e8fce482c1e4ec0f9,,,,,,,,,,,,,,,,,,,,,,129.0167,129.5244,s,0.5166,,space,0.4445,,2,p_blue_gnome,2,6,p_yellow_forest,p_green_basket,p_orange_gnome,2,1,p_green_forest,p_blue_basket,6,1,0,0,1,p_blue_gnome,p_yellow_forest,p_green_basket,11,1,0,4,1,1,2,1,,,,,,,,,,,,,,,,,,,,,,,,,,,,,,,,,,,,,,,,,,,,,,,,,,,,,,,,,,,,,,,,,,,,,,,,,,,,,,,,,,,,,,,,,,,,,,,,,,,,,,,,,,,,,,,,,,,,,,,,,,,,,,,,,,,,,,
,,,,,,,,,,,,,,,,,,,,,,,,,,,,,,,,,,,,,,,,,,,,,,,,,,,,,,,,,,,,,,,,,704919,001,2024-06-19_18h39.22.193,experiment,2023.2.3,Linux x86_64,59.88023952,63655432e66823b2595ee761,6672e93b03029310057e1c76,6673179e8fce482c1e4ec0f9,,,,,,,,,,,,,,,,,,,,,,136.1687,136.6828,s,0.6371,,space,0.3741,,2,p_blue_gnome,2,6,p_yellow_forest,p_green_basket,p_orange_gnome,2,1,p_green_forest,p_blue_basket,30,5,0,0,1,p_blue_gnome,p_yellow_forest,p_green_basket,41,1,1,5,3,1,2,5,,,,,,,,,,,,,,,,,,,,,,,,,,,,,,,,,,,,,,,,,,,,,,,,,,,,,,,,,,,,,,,,,,,,,,,,,,,,,,,,,,,,,,,,,,,,,,,,,,,,,,,,,,,,,,,,,,,,,,,,,,,,,,,,,,,,,,
,,,,,,,,,,,,,,,,,,,,,,,,,,,,,,,,,,,,,,,,,,,,,,,,,,,,,,,,,,,,,,,,,704919,001,2024-06-19_18h39.22.193,experiment,2023.2.3,Linux x86_64,59.88023952,63655432e66823b2595ee761,6672e93b03029310057e1c76,6673179e8fce482c1e4ec0f9,,,,,,,,,,,,,,,,,,,,,,143.3238,143.8304,k,0.5956,,space,0.5886,,2,p_orange_gnome,2,1,p_green_forest,p_blue_basket,p_blue_gnome,2,6,p_yellow_forest,p_green_basket,30,5,0,0,1,p_blue_gnome,p_yellow_forest,p_green_basket,71,1,2,6,3,1,2,5,,,,,,,,,,,,,,,,,,,,,,,,,,,,,,,,,,,,,,,,,,,,,,,,,,,,,,,,,,,,,,,,,,,,,,,,,,,,,,,,,,,,,,,,,,,,,,,,,,,,,,,,,,,,,,,,,,,,,,,,,,,,,,,,,,,,,,
,,,,,,,,,,,,,,,,,,,,,,,,,,,,,,,,,,,,,,,,,,,,,,,,,,,,,,,,,,,,,,,,,704919,001,2024-06-19_18h39.22.193,experiment,2023.2.3,Linux x86_64,59.88023952,63655432e66823b2595ee761,6672e93b03029310057e1c76,6673179e8fce482c1e4ec0f9,,,,,,,,,,,,,,,,,,,,,,150.4784,150.9927,k,1.1754,,space,0.4685,,1,p_green_gnome,1,6,p_yellow_forest,p_green_basket,p_pink_gnome,1,1,p_green_forest,p_blue_basket,5,5,0,0,1,p_pink_gnome,p_green_forest,p_blue_basket,76,1,3,7,2,1,1,5,,,,,,,,,,,,,,,,,,,,,,,,,,,,,,,,,,,,,,,,,,,,,,,,,,,,,,,,,,,,,,,,,,,,,,,,,,,,,,,,,,,,,,,,,,,,,,,,,,,,,,,,,,,,,,,,,,,,,,,,,,,,,,,,,,,,,,
,,,,,,,,,,,,,,,,,,,,,,,,,,,,,,,,,,,,,,,,,,,,,,,,,,,,,,,,,,,,,,,,,704919,001,2024-06-19_18h39.22.193,experiment,2023.2.3,Linux x86_64,59.88023952,63655432e66823b2595ee761,6672e93b03029310057e1c76,6673179e8fce482c1e4ec0f9,,,,,,,,,,,,,,,,,,,,,,157.6293,158.1346,k,1.0532,,space,0.3592,,1,p_green_gnome,1,7,p_yellow_forest,p_green_basket,p_pink_gnome,1,2,p_green_forest,p_blue_basket,10,5,0,0,1,p_pink_gnome,p_green_forest,p_blue_basket,86,2,0,8,2,1,1,5,,,,,,,,,,,,,,,,,,,,,,,,,,,,,,,,,,,,,,,,,,,,,,,,,,,,,,,,,,,,,,,,,,,,,,,,,,,,,,,,,,,,,,,,,,,,,,,,,,,,,,,,,,,,,,,,,,,,,,,,,,,,,,,,,,,,,,
,,,,,,,,,,,,,,,,,,,,,,,,,,,,,,,,,,,,,,,,,,,,,,,,,,,,,,,,,,,,,,,,,704919,001,2024-06-19_18h39.22.193,experiment,2023.2.3,Linux x86_64,59.88023952,63655432e66823b2595ee761,6672e93b03029310057e1c76,6673179e8fce482c1e4ec0f9,,,,,,,,,,,,,,,,,,,,,,164.7423,165.248,s,0.6731,,space,0.3468,,2,p_orange_gnome,2,2,p_green_forest,p_blue_basket,p_blue_gnome,2,7,p_yellow_forest,p_green_basket,2,1,0,0,1,p_orange_gnome,p_green_forest,p_blue_basket,88,2,1,9,1,1,2,1,,,,,,,,,,,,,,,,,,,,,,,,,,,,,,,,,,,,,,,,,,,,,,,,,,,,,,,,,,,,,,,,,,,,,,,,,,,,,,,,,,,,,,,,,,,,,,,,,,,,,,,,,,,,,,,,,,,,,,,,,,,,,,,,,,,,,,
,,,,,,,,,,,,,,,,,,,,,,,,,,,,,,,,,,,,,,,,,,,,,,,,,,,,,,,,,,,,,,,,,704919,001,2024-06-19_18h39.22.193,experiment,2023.2.3,Linux x86_64,59.88023952,63655432e66823b2595ee761,6672e93b03029310057e1c76,6673179e8fce482c1e4ec0f9,,,,,,,,,,,,,,,,,,,,,,171.885,172.3857,,,,,,,2,p_blue_gnome,2,7,p_yellow_forest,p_green_basket,p_orange_gnome,2,2,p_green_forest,p_blue_basket,0,5,1,0,0,p_orange_gnome,p_green_forest,p_blue_basket,88,2,2,10,3,1,2,5,space,3.145,,,,,,,,,,,,,,,,,,,,,,,,,,,,,,,,,,,,,,,,,,,,,,,,,,,,,,,,,,,,,,,,,,,,,,,,,,,,,,,,,,,,,,,,,,,,,,,,,,,,,,,,,,,,,,,,,,,,,,,,,,,,,,,,,,,,
,,,,,,,,,,,,,,,,,,,,,,,,,,,,,,,,,,,,,,,,,,,,,,,,,,,,,,,,,,,,,,,,,704919,001,2024-06-19_18h39.22.193,experiment,2023.2.3,Linux x86_64,59.88023952,63655432e66823b2595ee761,6672e93b03029310057e1c76,6673179e8fce482c1e4ec0f9,,,,,,,,,,,,,,,,,,,,,,178.1506,178.6598,k,0.63,,space,0.5342,,1,p_green_gnome,1,7,p_yellow_forest,p_green_basket,p_pink_gnome,1,2,p_green_forest,p_blue_basket,2,1,0,0,1,p_pink_gnome,p_green_forest,p_blue_basket,90,2,3,11,0,1,1,1,,,,,,,,,,,,,,,,,,,,,,,,,,,,,,,,,,,,,,,,,,,,,,,,,,,,,,,,,,,,,,,,,,,,,,,,,,,,,,,,,,,,,,,,,,,,,,,,,,,,,,,,,,,,,,,,,,,,,,,,,,,,,,,,,,,,,,
,,,,,,,,,,,,,,,,,,,,,,,,,,,,,,,,,,,,,,,,,,,,,,,,,,,,,,,,,,,,,,,,,704919,001,2024-06-19_18h39.22.193,experiment,2023.2.3,Linux x86_64,59.88023952,63655432e66823b2595ee761,6672e93b03029310057e1c76,6673179e8fce482c1e4ec0f9,,,,,,,,,,,,,,,,,,,,,,185.284,185.7867,s,0.5695,,space,0.2723,,1,p_green_gnome,1,8,p_yellow_forest,p_green_basket,p_pink_gnome,1,3,p_green_forest,p_blue_basket,40,5,0,0,1,p_green_gnome,p_yellow_forest,p_green_basket,130,3,0,12,2,1,1,5,,,,,,,,,,,,,,,,,,,,,,,,,,,,,,,,,,,,,,,,,,,,,,,,,,,,,,,,,,,,,,,,,,,,,,,,,,,,,,,,,,,,,,,,,,,,,,,,,,,,,,,,,,,,,,,,,,,,,,,,,,,,,,,,,,,,,,
,,,,,,,,,,,,,,,,,,,,,,,,,,,,,,,,,,,,,,,,,,,,,,,,,,,,,,,,,,,,,,,,,704919,001,2024-06-19_18h39.22.193,experiment,2023.2.3,Linux x86_64,59.88023952,63655432e66823b2595ee761,6672e93b03029310057e1c76,6673179e8fce482c1e4ec0f9,,,,,,,,,,,,,,,,,,,,,,192.4161,192.9295,k,0.6545,,space,0.1177,,1,p_green_gnome,1,8,p_yellow_forest,p_green_basket,p_pink_gnome,1,3,p_green_forest,p_blue_basket,3,1,0,0,1,p_pink_gnome,p_green_forest,p_blue_basket,133,3,1,13,0,1,1,1,,,,,,,,,,,,,,,,,,,,,,,,,,,,,,,,,,,,,,,,,,,,,,,,,,,,,,,,,,,,,,,,,,,,,,,,,,,,,,,,,,,,,,,,,,,,,,,,,,,,,,,,,,,,,,,,,,,,,,,,,,,,,,,,,,,,,,
,,,,,,,,,,,,,,,,,,,,,,,,,,,,,,,,,,,,,,,,,,,,,,,,,,,,,,,,,,,,,,,,,704919,001,2024-06-19_18h39.22.193,experiment,2023.2.3,Linux x86_64,59.88023952,63655432e66823b2595ee761,6672e93b03029310057e1c76,6673179e8fce482c1e4ec0f9,,,,,,,,,,,,,,,,,,,,,,199.5519,200.0629,s,0.3989,,space,0.7228,,1,p_green_gnome,1,8,p_yellow_forest,p_green_basket,p_pink_gnome,1,3,p_green_forest,p_blue_basket,40,5,0,0,1,p_green_gnome,p_yellow_forest,p_green_basket,173,3,2,14,2,1,1,5,,,,,,,,,,,,,,,,,,,,,,,,,,,,,,,,,,,,,,,,,,,,,,,,,,,,,,,,,,,,,,,,,,,,,,,,,,,,,,,,,,,,,,,,,,,,,,,,,,,,,,,,,,,,,,,,,,,,,,,,,,,,,,,,,,,,,,
,,,,,,,,,,,,,,,,,,,,,,,,,,,,,,,,,,,,,,,,,,,,,,,,,,,,,,,,,,,,,,,,,704919,001,2024-06-19_18h39.22.193,experiment,2023.2.3,Linux x86_64,59.88023952,63655432e66823b2595ee761,6672e93b03029310057e1c76,6673179e8fce482c1e4ec0f9,,,,,,,,,,,,,,,,,,,,,,206.7279,207.2354,k,0.7364,,space,0.3457,,2,p_blue_gnome,2,8,p_yellow_forest,p_green_basket,p_orange_gnome,2,3,p_green_forest,p_blue_basket,3,1,0,0,1,p_orange_gnome,p_green_forest,p_blue_basket,176,3,3,15,1,1,2,1,,,,,,,,,,,,,,,,,,,,,,,,,,,,,,,,,,,,,,,,,,,,,,,,,,,,,,,,,,,,,,,,,,,,,,,,,,,,,,,,,,,,,,,,,,,,,,,,,,,,,,,,,,,,,,,,,,,,,,,,,,,,,,,,,,,,,,
,,,,,,,,,,,,,,,,,,,,,,,,,,,,,,,,,,,,,,,,,,,,,,,,,,,,,,,,,,,,,,,,,704919,001,2024-06-19_18h39.22.193,experiment,2023.2.3,Linux x86_64,59.88023952,63655432e66823b2595ee761,6672e93b03029310057e1c76,6673179e8fce482c1e4ec0f9,,,,,,,,,,,,,,,,,,,,,,213.8994,214.4013,s,0.3957,,space,0.5732,,2,p_blue_gnome,2,9,p_yellow_forest,p_green_basket,p_orange_gnome,2,4,p_green_forest,p_blue_basket,45,5,0,0,1,p_blue_gnome,p_yellow_forest,p_green_basket,221,4,0,16,3,1,2,5,,,,,,,,,,,,,,,,,,,,,,,,,,,,,,,,,,,,,,,,,,,,,,,,,,,,,,,,,,,,,,,,,,,,,,,,,,,,,,,,,,,,,,,,,,,,,,,,,,,,,,,,,,,,,,,,,,,,,,,,,,,,,,,,,,,,,,
,,,,,,,,,,,,,,,,,,,,,,,,,,,,,,,,,,,,,,,,,,,,,,,,,,,,,,,,,,,,,,,,,704919,001,2024-06-19_18h39.22.193,experiment,2023.2.3,Linux x86_64,59.88023952,63655432e66823b2595ee761,6672e93b03029310057e1c76,6673179e8fce482c1e4ec0f9,,,,,,,,,,,,,,,,,,,,,,221.0684,221.5722,k,0.606,,space,0.5745,,1,p_green_gnome,1,9,p_yellow_forest,p_green_basket,p_pink_gnome,1,4,p_green_forest,p_blue_basket,20,5,0,0,1,p_pink_gnome,p_green_forest,p_blue_basket,241,4,1,17,2,1,1,5,,,,,,,,,,,,,,,,,,,,,,,,,,,,,,,,,,,,,,,,,,,,,,,,,,,,,,,,,,,,,,,,,,,,,,,,,,,,,,,,,,,,,,,,,,,,,,,,,,,,,,,,,,,,,,,,,,,,,,,,,,,,,,,,,,,,,,
,,,,,,,,,,,,,,,,,,,,,,,,,,,,,,,,,,,,,,,,,,,,,,,,,,,,,,,,,,,,,,,,,704919,001,2024-06-19_18h39.22.193,experiment,2023.2.3,Linux x86_64,59.88023952,63655432e66823b2595ee761,6672e93b03029310057e1c76,6673179e8fce482c1e4ec0f9,,,,,,,,,,,,,,,,,,,,,,228.1796,228.6801,s,1.1088,,space,0.897,,1,p_green_gnome,1,9,p_yellow_forest,p_green_basket,p_pink_gnome,1,4,p_green_forest,p_blue_basket,9,1,0,0,1,p_green_gnome,p_yellow_forest,p_green_basket,250,4,2,18,0,1,1,1,,,,,,,,,,,,,,,,,,,,,,,,,,,,,,,,,,,,,,,,,,,,,,,,,,,,,,,,,,,,,,,,,,,,,,,,,,,,,,,,,,,,,,,,,,,,,,,,,,,,,,,,,,,,,,,,,,,,,,,,,,,,,,,,,,,,,,
,,,,,,,,,,,,,,,,,,,,,,,,,,,,,,,,,,,,,,,,,,,,,,,,,,,,,,,,,,,,,,,,,704919,001,2024-06-19_18h39.22.193,experiment,2023.2.3,Linux x86_64,59.88023952,63655432e66823b2595ee761,6672e93b03029310057e1c76,6673179e8fce482c1e4ec0f9,,,,,,,,,,,,,,,,,,,,,,235.3236,235.8399,k,0.4717,,space,0.5587,,1,p_green_gnome,1,9,p_yellow_forest,p_green_basket,p_pink_gnome,1,4,p_green_forest,p_blue_basket,4,1,0,0,1,p_pink_gnome,p_green_forest,p_blue_basket,254,4,3,19,0,1,1,1,,,,,,,,,,,,,,,,,,,,,,,,,,,,,,,,,,,,,,,,,,,,,,,,,,,,,,,,,,,,,,,,,,,,,,,,,,,,,,,,,,,,,,,,,,,,,,,,,,,,,,,,,,,,,,,,,,,,,,,,,,,,,,,,,,,,,,
,,,,,,,,,,,,,,,,,,,,,,,,,,,,,,,,,,,,,,,,,,,,,,,,,,,,,,,,,,,,,,,,,704919,001,2024-06-19_18h39.22.193,experiment,2023.2.3,Linux x86_64,59.88023952,63655432e66823b2595ee761,6672e93b03029310057e1c76,6673179e8fce482c1e4ec0f9,,,,,,,,,,,,,,,,,,,,,,,,,,,,,,,,,,,,,,,,,,5,,,,,,,,,,,,,4,,,,,space,15.186,,257.6351,274.4354,0.607121468,-0.346702735,1,0,0,16.7513,t_advice_finished_typing_rect,pick short yellow hat in the first part and the tall brown hat after the break,0.558423201,-0.340520302,1,0,0,33.8059,vb_finished_typing_rect,space,21.1949,,s,0.8779,,space,0.4953,,4,purple_gnome,4,2,dark_forest,yellow_basket,brown_gnome,4,9,bright_forest,red_basket,10,0,0,1,purple_gnome,dark_forest,yellow_basket,10,1,0,0,0,0,7,1,,,,,,,,,,,,,,,,,,,,,,,,,,,,,,,,,,,,,,,,,,,,,,,,,,,,,,,,,,,,,,,,,,,,,,,,,,,,
,,,,,,,,,,,,,,,,,,,,,,,,,,,,,,,,,,,,,,,,,,,,,,,,,,,,,,,,,,,,,,,,,704919,001,2024-06-19_18h39.22.193,experiment,2023.2.3,Linux x86_64,59.88023952,63655432e66823b2595ee761,6672e93b03029310057e1c76,6673179e8fce482c1e4ec0f9,,,,,,,,,,,,,,,,,,,,,,,,,,,,,,,,,,,,,,,,,,5,,,,,,,,,,,,,3,,,,,,,,,,,,,,,,,,,,,,,,,,,,k,0.5966,,space,0.8552,,3,pink_gnome,3,2,dark_forest,yellow_basket,green_gnome,3,8,bright_forest,red_basket,40,0,0,1,green_gnome,bright_forest,red_basket,50,2,-2,0,1,1,6,1,,,,,,,,,,,,,,,,,,,,,,,,,,,,,,,,,,,,,,,,,,,,,,,,,,,,,,,,,,,,,,,,,,,,,,,,,,,,
,,,,,,,,,,,,,,,,,,,,,,,,,,,,,,,,,,,,,,,,,,,,,,,,,,,,,,,,,,,,,,,,,704919,001,2024-06-19_18h39.22.193,experiment,2023.2.3,Linux x86_64,59.88023952,63655432e66823b2595ee761,6672e93b03029310057e1c76,6673179e8fce482c1e4ec0f9,,,,,,,,,,,,,,,,,,,,,,,,,,,,,,,,,,,,,,,,,,1,,,,,,,,,,,,,4,,,,,,,,,,,,,,,,,,,,,,,,,,,,s,0.4806,,space,0.4883,,4,brown_gnome,4,8,bright_forest,red_basket,purple_gnome,4,0,dark_forest,yellow_basket,8,0,0,1,brown_gnome,bright_forest,red_basket,58,1,2,0,2,2,3,1,,,,,,,,,,,,,,,,,,,,,,,,,,,,,,,,,,,,,,,,,,,,,,,,,,,,,,,,,,,,,,,,,,,,,,,,,,,,
,,,,,,,,,,,,,,,,,,,,,,,,,,,,,,,,,,,,,,,,,,,,,,,,,,,,,,,,,,,,,,,,,704919,001,2024-06-19_18h39.22.193,experiment,2023.2.3,Linux x86_64,59.88023952,63655432e66823b2595ee761,6672e93b03029310057e1c76,6673179e8fce482c1e4ec0f9,,,,,,,,,,,,,,,,,,,,,,,,,,,,,,,,,,,,,,,,,,5,,,,,,,,,,,,,4,,,,,,,,,,,,,,,,,,,,,,,,,,,,k,0.7504,,space,0.4137,,4,brown_gnome,4,9,bright_forest,red_basket,purple_gnome,4,2,dark_forest,yellow_basket,10,0,0,1,purple_gnome,dark_forest,yellow_basket,68,-2,0,0,3,3,7,1,,,,,,,,,,,,,,,,,,,,,,,,,,,,,,,,,,,,,,,,,,,,,,,,,,,,,,,,,,,,,,,,,,,,,,,,,,,,
,,,,,,,,,,,,,,,,,,,,,,,,,,,,,,,,,,,,,,,,,,,,,,,,,,,,,,,,,,,,,,,,,704919,001,2024-06-19_18h39.22.193,experiment,2023.2.3,Linux x86_64,59.88023952,63655432e66823b2595ee761,6672e93b03029310057e1c76,6673179e8fce482c1e4ec0f9,,,,,,,,,,,,,,,,,,,,,,,,,,,,,,,,,,,,,,,,,,1,,,,,,,,,,,,,4,,,,,,,,,,,,,,,,,,,,,,,,,,,,s,0.6145,,space,0.4787,,4,purple_gnome,4,2,dark_forest,yellow_basket,brown_gnome,4,7,bright_forest,red_basket,2,0,0,1,purple_gnome,dark_forest,yellow_basket,70,-1,-2,0,4,4,3,1,,,,,,,,,,,,,,,,,,,,,,,,,,,,,,,,,,,,,,,,,,,,,,,,,,,,,,,,,,,,,,,,,,,,,,,,,,,,
,,,,,,,,,,,,,,,,,,,,,,,,,,,,,,,,,,,,,,,,,,,,,,,,,,,,,,,,,,,,,,,,,704919,001,2024-06-19_18h39.22.193,experiment,2023.2.3,Linux x86_64,59.88023952,63655432e66823b2595ee761,6672e93b03029310057e1c76,6673179e8fce482c1e4ec0f9,,,,,,,,,,,,,,,,,,,,,,,,,,,,,,,,,,,,,,,,,,1,,,,,,,,,,,,,2,,,,,,,,,,,,,,,,,,,,,,,,,,,,k,1.057,,space,0.5199,,2,yellow_gnome,2,6,bright_forest,red_basket,red_gnome,2,0,dark_forest,yellow_basket,0,0,0,1,red_gnome,dark_forest,yellow_basket,70,2,-2,0,5,5,1,1,,,,,,,,,,,,,,,,,,,,,,,,,,,,,,,,,,,,,,,,,,,,,,,,,,,,,,,,,,,,,,,,,,,,,,,,,,,,
,,,,,,,,,,,,,,,,,,,,,,,,,,,,,,,,,,,,,,,,,,,,,,,,,,,,,,,,,,,,,,,,,704919,001,2024-06-19_18h39.22.193,experiment,2023.2.3,Linux x86_64,59.88023952,63655432e66823b2595ee761,6672e93b03029310057e1c76,6673179e8fce482c1e4ec0f9,,,,,,,,,,,,,,,,,,,,,,,,,,,,,,,,,,,,,,,,,,1,,,,,,,,,,,,,3,,,,,,,,,,,,,,,,,,,,,,,,,,,,s,0.7539,,space,0.4869,,3,pink_gnome,3,2,dark_forest,yellow_basket,green_gnome,3,8,bright_forest,red_basket,2,0,0,1,pink_gnome,dark_forest,yellow_basket,72,-4,0,0,6,6,2,1,,,,,,,,,,,,,,,,,,,,,,,,,,,,,,,,,,,,,,,,,,,,,,,,,,,,,,,,,,,,,,,,,,,,,,,,,,,,
,,,,,,,,,,,,,,,,,,,,,,,,,,,,,,,,,,,,,,,,,,,,,,,,,,,,,,,,,,,,,,,,,704919,001,2024-06-19_18h39.22.193,experiment,2023.2.3,Linux x86_64,59.88023952,63655432e66823b2595ee761,6672e93b03029310057e1c76,6673179e8fce482c1e4ec0f9,,,,,,,,,,,,,,,,,,,,,,,,,,,,,,,,,,,,,,,,,,5,,,,,,,,,,,,,3,,,,,,,,,,,,,,,,,,,,,,,,,,,,s,0.7472,,space,0.3695,,3,pink_gnome,3,2,dark_forest,yellow_basket,green_gnome,3,4,bright_forest,red_basket,10,0,0,1,pink_gnome,dark_forest,yellow_basket,82,0,-1,0,7,7,6,1,,,,,,,,,,,,,,,,,,,,,,,,,,,,,,,,,,,,,,,,,,,,,,,,,,,,,,,,,,,,,,,,,,,,,,,,,,,,
,,,,,,,,,,,,,,,,,,,,,,,,,,,,,,,,,,,,,,,,,,,,,,,,,,,,,,,,,,,,,,,,,704919,001,2024-06-19_18h39.22.193,experiment,2023.2.3,Linux x86_64,59.88023952,63655432e66823b2595ee761,6672e93b03029310057e1c76,6673179e8fce482c1e4ec0f9,,,,,,,,,,,,,,,,,,,,,,,,,,,,,,,,,,,,,,,,,,1,,,,,,,,,,,,,3,,,,,,,,,,,,,,,,,,,,,,,,,,,,s,0.882,,space,0.5863,,3,green_gnome,3,4,bright_forest,red_basket,pink_gnome,3,1,dark_forest,yellow_basket,4,0,0,1,green_gnome,bright_forest,red_basket,86,1,1,1,0,8,2,1,,,,,,,,,,,,,,,,,,,,,,,,,,,,,,,,,,,,,,,,,,,,,,,,,,,,,,,,,,,,,,,,,,,,,,,,,,,,
,,,,,,,,,,,,,,,,,,,,,,,,,,,,,,,,,,,,,,,,,,,,,,,,,,,,,,,,,,,,,,,,,704919,001,2024-06-19_18h39.22.193,experiment,2023.2.3,Linux x86_64,59.88023952,63655432e66823b2595ee761,6672e93b03029310057e1c76,6673179e8fce482c1e4ec0f9,,,,,,,,,,,,,,,,,,,,,,,,,,,,,,,,,,,,,,,,,,1,,,,,,,,,,,,,1,,,,,,,,,,,,,,,,,,,,,,,,,,,,k,0.9596,,space,0.5133,,1,blue_gnome,1,2,dark_forest,yellow_basket,orange_gnome,1,5,bright_forest,red_basket,5,0,0,1,orange_gnome,bright_forest,red_basket,91,-1,0,1,1,9,0,1,,,,,,,,,,,,,,,,,,,,,,,,,,,,,,,,,,,,,,,,,,,,,,,,,,,,,,,,,,,,,,,,,,,,,,,,,,,,
,,,,,,,,,,,,,,,,,,,,,,,,,,,,,,,,,,,,,,,,,,,,,,,,,,,,,,,,,,,,,,,,,704919,001,2024-06-19_18h39.22.193,experiment,2023.2.3,Linux x86_64,59.88023952,63655432e66823b2595ee761,6672e93b03029310057e1c76,6673179e8fce482c1e4ec0f9,,,,,,,,,,,,,,,,,,,,,,,,,,,,,,,,,,,,,,,,,,5,,,,,,,,,,,,,2,,,,,,,,,,,,,,,,,,,,,,,,,,,,k,0.6026,,space,0.4482,,2,yellow_gnome,2,4,bright_forest,red_basket,red_gnome,2,2,dark_forest,yellow_basket,10,0,0,1,red_gnome,dark_forest,yellow_basket,101,0,2,1,2,10,5,1,,,,,,,,,,,,,,,,,,,,,,,,,,,,,,,,,,,,,,,,,,,,,,,,,,,,,,,,,,,,,,,,,,,,,,,,,,,,
,,,,,,,,,,,,,,,,,,,,,,,,,,,,,,,,,,,,,,,,,,,,,,,,,,,,,,,,,,,,,,,,,704919,001,2024-06-19_18h39.22.193,experiment,2023.2.3,Linux x86_64,59.88023952,63655432e66823b2595ee761,6672e93b03029310057e1c76,6673179e8fce482c1e4ec0f9,,,,,,,,,,,,,,,,,,,,,,,,,,,,,,,,,,,,,,,,,,1,,,,,,,,,,,,,3,,,,,,,,,,,,,,,,,,,,,,,,,,,,s,0.8722,,space,0.821,,3,pink_gnome,3,4,dark_forest,yellow_basket,green_gnome,3,4,bright_forest,red_basket,4,0,0,1,pink_gnome,dark_forest,yellow_basket,105,-2,3,1,3,11,2,1,,,,,,,,,,,,,,,,,,,,,,,,,,,,,,,,,,,,,,,,,,,,,,,,,,,,,,,,,,,,,,,,,,,,,,,,,,,,
,,,,,,,,,,,,,,,,,,,,,,,,,,,,,,,,,,,,,,,,,,,,,,,,,,,,,,,,,,,,,,,,,704919,001,2024-06-19_18h39.22.193,experiment,2023.2.3,Linux x86_64,59.88023952,63655432e66823b2595ee761,6672e93b03029310057e1c76,6673179e8fce482c1e4ec0f9,,,,,,,,,,,,,,,,,,,,,,,,,,,,,,,,,,,,,,,,,,5,,,,,,,,,,,,,1,,,,,,,,,,,,,,,,,,,,,,,,,,,,s,1.1627,,space,0.7105,,1,orange_gnome,1,2,bright_forest,red_basket,blue_gnome,1,7,dark_forest,yellow_basket,10,0,0,1,orange_gnome,bright_forest,red_basket,115,-2,0,1,4,12,4,1,,,,,,,,,,,,,,,,,,,,,,,,,,,,,,,,,,,,,,,,,,,,,,,,,,,,,,,,,,,,,,,,,,,,,,,,,,,,
,,,,,,,,,,,,,,,,,,,,,,,,,,,,,,,,,,,,,,,,,,,,,,,,,,,,,,,,,,,,,,,,,704919,001,2024-06-19_18h39.22.193,experiment,2023.2.3,Linux x86_64,59.88023952,63655432e66823b2595ee761,6672e93b03029310057e1c76,6673179e8fce482c1e4ec0f9,,,,,,,,,,,,,,,,,,,,,,,,,,,,,,,,,,,,,,,,,,5,,,,,,,,,,,,,3,,,,,,,,,,,,,,,,,,,,,,,,,,,,s,0.7746,,space,1.0211,,3,green_gnome,3,0,bright_forest,red_basket,pink_gnome,3,7,dark_forest,yellow_basket,0,0,0,1,green_gnome,bright_forest,red_basket,115,-1,-3,1,5,13,6,1,,,,,,,,,,,,,,,,,,,,,,,,,,,,,,,,,,,,,,,,,,,,,,,,,,,,,,,,,,,,,,,,,,,,,,,,,,,,
,,,,,,,,,,,,,,,,,,,,,,,,,,,,,,,,,,,,,,,,,,,,,,,,,,,,,,,,,,,,,,,,,704919,001,2024-06-19_18h39.22.193,experiment,2023.2.3,Linux x86_64,59.88023952,63655432e66823b2595ee761,6672e93b03029310057e1c76,6673179e8fce482c1e4ec0f9,,,,,,,,,,,,,,,,,,,,,,,,,,,,,,,,,,,,,,,,,,1,,,,,,,,,,,,,4,,,,,,,,,,,,,,,,,,,,,,,,,,,,k,0.8407,,space,0.4974,,4,purple_gnome,4,4,dark_forest,yellow_basket,brown_gnome,4,1,bright_forest,red_basket,1,0,0,1,brown_gnome,bright_forest,red_basket,116,2,1,1,6,14,3,1,,,,,,,,,,,,,,,,,,,,,,,,,,,,,,,,,,,,,,,,,,,,,,,,,,,,,,,,,,,,,,,,,,,,,,,,,,,,
,,,,,,,,,,,,,,,,,,,,,,,,,,,,,,,,,,,,,,,,,,,,,,,,,,,,,,,,,,,,,,,,,704919,001,2024-06-19_18h39.22.193,experiment,2023.2.3,Linux x86_64,59.88023952,63655432e66823b2595ee761,6672e93b03029310057e1c76,6673179e8fce482c1e4ec0f9,,,,,,,,,,,,,,,,,,,,,,,,,,,,,,,,,,,,,,,,,,5,,,,,,,,,,,,,2,,,,,,,,,,,,,,,,,,,,,,,,,,,,,,,,,,2,red_gnome,2,5,dark_forest,yellow_basket,yellow_gnome,2,3,bright_forest,red_basket,0,1,0,0,,bright_forest,red_basket,116,-1,-1,1,7,15,5,1,,,,,,,,,,,,,,,,,,,,,,,,,,,,,,,,,,,,,,,,,,,,,,,,,,,,,,,,,,,,,,,,,,,,,,,,,,,,
,,,,,,,,,,,,,,,,,,,,,,,,,,,,,,,,,,,,,,,,,,,,,,,,,,,,,,,,,,,,,,,,,704919,001,2024-06-19_18h39.22.193,experiment,2023.2.3,Linux x86_64,59.88023952,63655432e66823b2595ee761,6672e93b03029310057e1c76,6673179e8fce482c1e4ec0f9,,,,,,,,,,,,,,,,,,,,,,,,,,,,,,,,,,,,,,,,,,1,,,,,,,,,,,,,4,,,,,,,,,,,,,,,,,,,,,,,,,,,,k,0.6015,,space,0.6323,,4,purple_gnome,4,4,dark_forest,yellow_basket,brown_gnome,4,2,bright_forest,red_basket,2,0,0,1,brown_gnome,bright_forest,red_basket,118,-4,0,2,0,16,3,1,,,,,,,,,,,,,,,,,,,,,,,,,,,,,,,,,,,,,,,,,,,,,,,,,,,,,,,,,,,,,,,,,,,,,,,,,,,,
,,,,,,,,,,,,,,,,,,,,,,,,,,,,,,,,,,,,,,,,,,,,,,,,,,,,,,,,,,,,,,,,,704919,001,2024-06-19_18h39.22.193,experiment,2023.2.3,Linux x86_64,59.88023952,63655432e66823b2595ee761,6672e93b03029310057e1c76,6673179e8fce482c1e4ec0f9,,,,,,,,,,,,,,,,,,,,,,,,,,,,,,,,,,,,,,,,,,5,,,,,,,,,,,,,2,,,,,,,,,,,,,,,,,,,,,,,,,,,,s,1.065,,space,0.5206,,2,yellow_gnome,2,2,bright_forest,red_basket,red_gnome,2,4,dark_forest,yellow_basket,10,0,0,1,yellow_gnome,bright_forest,red_basket,128,-4,0,2,1,17,5,1,,,,,,,,,,,,,,,,,,,,,,,,,,,,,,,,,,,,,,,,,,,,,,,,,,,,,,,,,,,,,,,,,,,,,,,,,,,,
,,,,,,,,,,,,,,,,,,,,,,,,,,,,,,,,,,,,,,,,,,,,,,,,,,,,,,,,,,,,,,,,,704919,001,2024-06-19_18h39.22.193,experiment,2023.2.3,Linux x86_64,59.88023952,63655432e66823b2595ee761,6672e93b03029310057e1c76,6673179e8fce482c1e4ec0f9,,,,,,,,,,,,,,,,,,,,,,,,,,,,,,,,,,,,,,,,,,5,,,,,,,,,,,,,1,,,,,,,,,,,,,,,,,,,,,,,,,,,,s,0.625,,space,0.427,,1,orange_gnome,1,2,bright_forest,red_basket,blue_gnome,1,4,dark_forest,yellow_basket,10,0,0,1,orange_gnome,bright_forest,red_basket,138,3,-2,2,2,18,4,1,,,,,,,,,,,,,,,,,,,,,,,,,,,,,,,,,,,,,,,,,,,,,,,,,,,,,,,,,,,,,,,,,,,,,,,,,,,,
,,,,,,,,,,,,,,,,,,,,,,,,,,,,,,,,,,,,,,,,,,,,,,,,,,,,,,,,,,,,,,,,,704919,001,2024-06-19_18h39.22.193,experiment,2023.2.3,Linux x86_64,59.88023952,63655432e66823b2595ee761,6672e93b03029310057e1c76,6673179e8fce482c1e4ec0f9,,,,,,,,,,,,,,,,,,,,,,,,,,,,,,,,,,,,,,,,,,1,,,,,,,,,,,,,2,,,,,,,,,,,,,,,,,,,,,,,,,,,,k,0.6865,,space,0.4791,,2,yellow_gnome,2,5,bright_forest,red_basket,red_gnome,2,2,dark_forest,yellow_basket,2,0,0,1,red_gnome,dark_forest,yellow_basket,140,3,-1,2,3,19,1,1,,,,,,,,,,,,,,,,,,,,,,,,,,,,,,,,,,,,,,,,,,,,,,,,,,,,,,,,,,,,,,,,,,,,,,,,,,,,
,,,,,,,,,,,,,,,,,,,,,,,,,,,,,,,,,,,,,,,,,,,,,,,,,,,,,,,,,,,,,,,,,704919,001,2024-06-19_18h39.22.193,experiment,2023.2.3,Linux x86_64,59.88023952,63655432e66823b2595ee761,6672e93b03029310057e1c76,6673179e8fce482c1e4ec0f9,,,,,,,,,,,,,,,,,,,,,,,,,,,,,,,,,,,,,,,,,,5,,,,,,,,,,,,,3,,,,,,,,,,,,,,,,,,,,,,,,,,,,k,0.5986,,space,0.5645,,3,pink_gnome,3,1,dark_forest,yellow_basket,green_gnome,3,8,bright_forest,red_basket,40,0,0,1,green_gnome,bright_forest,red_basket,180,2,-1,2,4,20,6,1,,,,,,,,,,,,,,,,,,,,,,,,,,,,,,,,,,,,,,,,,,,,,,,,,,,,,,,,,,,,,,,,,,,,,,,,,,,,
,,,,,,,,,,,,,,,,,,,,,,,,,,,,,,,,,,,,,,,,,,,,,,,,,,,,,,,,,,,,,,,,,704919,001,2024-06-19_18h39.22.193,experiment,2023.2.3,Linux x86_64,59.88023952,63655432e66823b2595ee761,6672e93b03029310057e1c76,6673179e8fce482c1e4ec0f9,,,,,,,,,,,,,,,,,,,,,,,,,,,,,,,,,,,,,,,,,,5,,,,,,,,,,,,,2,,,,,,,,,,,,,,,,,,,,,,,,,,,,,,,,,,2,red_gnome,2,0,dark_forest,yellow_basket,yellow_gnome,2,8,bright_forest,red_basket,0,1,0,0,,bright_forest,red_basket,180,1,-1,2,5,21,5,1,,,,,,,,,,,,,,,,,,,,,,,,,,,,,,,,,,,,,,,,,,,,,,,,,,,,,,,,,,,,,,,,,,,,,,,,,,,,
,,,,,,,,,,,,,,,,,,,,,,,,,,,,,,,,,,,,,,,,,,,,,,,,,,,,,,,,,,,,,,,,,704919,001,2024-06-19_18h39.22.193,experiment,2023.2.3,Linux x86_64,59.88023952,63655432e66823b2595ee761,6672e93b03029310057e1c76,6673179e8fce482c1e4ec0f9,,,,,,,,,,,,,,,,,,,,,,,,,,,,,,,,,,,,,,,,,,1,,,,,,,,,,,,,2,,,,,,,,,,,,,,,,,,,,,,,,,,,,k,0.5182,,space,0.4166,,2,yellow_gnome,2,9,bright_forest,red_basket,red_gnome,2,1,dark_forest,yellow_basket,1,0,0,1,red_gnome,dark_forest,yellow_basket,181,0,2,2,6,22,1,1,,,,,,,,,,,,,,,,,,,,,,,,,,,,,,,,,,,,,,,,,,,,,,,,,,,,,,,,,,,,,,,,,,,,,,,,,,,,
,,,,,,,,,,,,,,,,,,,,,,,,,,,,,,,,,,,,,,,,,,,,,,,,,,,,,,,,,,,,,,,,,704919,001,2024-06-19_18h39.22.193,experiment,2023.2.3,Linux x86_64,59.88023952,63655432e66823b2595ee761,6672e93b03029310057e1c76,6673179e8fce482c1e4ec0f9,,,,,,,,,,,,,,,,,,,,,,,,,,,,,,,,,,,,,,,,,,5,,,,,,,,,,,,,4,,,,,,,,,,,,,,,,,,,,,,,,,,,,k,0.5626,,space,0.526,,4,brown_gnome,4,9,bright_forest,red_basket,purple_gnome,4,3,dark_forest,yellow_basket,15,0,0,1,purple_gnome,dark_forest,yellow_basket,196,4,0,2,7,23,7,1,,,,,,,,,,,,,,,,,,,,,,,,,,,,,,,,,,,,,,,,,,,,,,,,,,,,,,,,,,,,,,,,,,,,,,,,,,,,
,,,,,,,,,,,,,,,,,,,,,,,,,,,,,,,,,,,,,,,,,,,,,,,,,,,,,,,,,,,,,,,,,704919,001,2024-06-19_18h39.22.193,experiment,2023.2.3,Linux x86_64,59.88023952,63655432e66823b2595ee761,6672e93b03029310057e1c76,6673179e8fce482c1e4ec0f9,,,,,,,,,,,,,,,,,,,,,,,,,,,,,,,,,,,,,,,,,,5,,,,,,,,,,,,,2,,,,,,,,,,,,,,,,,,,,,,,,,,,,s,0.6356,,space,0.5131,,2,red_gnome,2,3,dark_forest,yellow_basket,yellow_gnome,2,5,bright_forest,red_basket,15,0,0,1,red_gnome,dark_forest,yellow_basket,211,0,-1,3,0,24,5,1,,,,,,,,,,,,,,,,,,,,,,,,,,,,,,,,,,,,,,,,,,,,,,,,,,,,,,,,,,,,,,,,,,,,,,,,,,,,
,,,,,,,,,,,,,,,,,,,,,,,,,,,,,,,,,,,,,,,,,,,,,,,,,,,,,,,,,,,,,,,,,704919,001,2024-06-19_18h39.22.193,experiment,2023.2.3,Linux x86_64,59.88023952,63655432e66823b2595ee761,6672e93b03029310057e1c76,6673179e8fce482c1e4ec0f9,,,,,,,,,,,,,,,,,,,,,,,,,,,,,,,,,,,,,,,,,,1,,,,,,,,,,,,,2,,,,,,,,,,,,,,,,,,,,,,,,,,,,k,0.4604,,space,0.3113,,2,yellow_gnome,2,5,bright_forest,red_basket,red_gnome,2,2,dark_forest,yellow_basket,2,0,0,1,red_gnome,dark_forest,yellow_basket,213,4,0,3,1,25,1,1,,,,,,,,,,,,,,,,,,,,,,,,,,,,,,,,,,,,,,,,,,,,,,,,,,,,,,,,,,,,,,,,,,,,,,,,,,,,
,,,,,,,,,,,,,,,,,,,,,,,,,,,,,,,,,,,,,,,,,,,,,,,,,,,,,,,,,,,,,,,,,704919,001,2024-06-19_18h39.22.193,experiment,2023.2.3,Linux x86_64,59.88023952,63655432e66823b2595ee761,6672e93b03029310057e1c76,6673179e8fce482c1e4ec0f9,,,,,,,,,,,,,,,,,,,,,,,,,,,,,,,,,,,,,,,,,,5,,,,,,,,,,,,,4,,,,,,,,,,,,,,,,,,,,,,,,,,,,s,0.4988,,space,0.4737,,4,brown_gnome,4,9,bright_forest,red_basket,purple_gnome,4,2,dark_forest,yellow_basket,45,0,0,1,brown_gnome,bright_forest,red_basket,258,0,-4,3,2,26,7,1,,,,,,,,,,,,,,,,,,,,,,,,,,,,,,,,,,,,,,,,,,,,,,,,,,,,,,,,,,,,,,,,,,,,,,,,,,,,
,,,,,,,,,,,,,,,,,,,,,,,,,,,,,,,,,,,,,,,,,,,,,,,,,,,,,,,,,,,,,,,,,704919,001,2024-06-19_18h39.22.193,experiment,2023.2.3,Linux x86_64,59.88023952,63655432e66823b2595ee761,6672e93b03029310057e1c76,6673179e8fce482c1e4ec0f9,,,,,,,,,,,,,,,,,,,,,,,,,,,,,,,,,,,,,,,,,,5,,,,,,,,,,,,,1,,,,,,,,,,,,,,,,,,,,,,,,,,,,k,0.4664,,space,0.6023,,1,blue_gnome,1,2,dark_forest,yellow_basket,orange_gnome,1,9,bright_forest,red_basket,45,0,0,1,orange_gnome,bright_forest,red_basket,303,-2,-1,3,3,27,4,1,,,,,,,,,,,,,,,,,,,,,,,,,,,,,,,,,,,,,,,,,,,,,,,,,,,,,,,,,,,,,,,,,,,,,,,,,,,,
,,,,,,,,,,,,,,,,,,,,,,,,,,,,,,,,,,,,,,,,,,,,,,,,,,,,,,,,,,,,,,,,,704919,001,2024-06-19_18h39.22.193,experiment,2023.2.3,Linux x86_64,59.88023952,63655432e66823b2595ee761,6672e93b03029310057e1c76,6673179e8fce482c1e4ec0f9,,,,,,,,,,,,,,,,,,,,,,,,,,,,,,,,,,,,,,,,,,5,,,,,,,,,,,,,2,,,,,,,,,,,,,,,,,,,,,,,,,,,,s,0.4866,,space,0.4135,,2,yellow_gnome,2,7,bright_forest,red_basket,red_gnome,2,1,dark_forest,yellow_basket,35,0,0,1,yellow_gnome,bright_forest,red_basket,338,-1,-2,3,4,28,5,1,,,,,,,,,,,,,,,,,,,,,,,,,,,,,,,,,,,,,,,,,,,,,,,,,,,,,,,,,,,,,,,,,,,,,,,,,,,,
,,,,,,,,,,,,,,,,,,,,,,,,,,,,,,,,,,,,,,,,,,,,,,,,,,,,,,,,,,,,,,,,,704919,001,2024-06-19_18h39.22.193,experiment,2023.2.3,Linux x86_64,59.88023952,63655432e66823b2595ee761,6672e93b03029310057e1c76,6673179e8fce482c1e4ec0f9,,,,,,,,,,,,,,,,,,,,,,,,,,,,,,,,,,,,,,,,,,5,,,,,,,,,,,,,3,,,,,,,,,,,,,,,,,,,,,,,,,,,,k,0.5119,,space,0.4553,,3,pink_gnome,3,1,dark_forest,yellow_basket,green_gnome,3,6,bright_forest,red_basket,30,0,0,1,green_gnome,bright_forest,red_basket,368,-2,-3,3,5,29,6,1,,,,,,,,,,,,,,,,,,,,,,,,,,,,,,,,,,,,,,,,,,,,,,,,,,,,,,,,,,,,,,,,,,,,,,,,,,,,
,,,,,,,,,,,,,,,,,,,,,,,,,,,,,,,,,,,,,,,,,,,,,,,,,,,,,,,,,,,,,,,,,704919,001,2024-06-19_18h39.22.193,experiment,2023.2.3,Linux x86_64,59.88023952,63655432e66823b2595ee761,6672e93b03029310057e1c76,6673179e8fce482c1e4ec0f9,,,,,,,,,,,,,,,,,,,,,,,,,,,,,,,,,,,,,,,,,,1,,,,,,,,,,,,,4,,,,,,,,,,,,,,,,,,,,,,,,,,,,s,0.518,,space,0.5166,,4,brown_gnome,4,4,bright_forest,red_basket,purple_gnome,4,2,dark_forest,yellow_basket,4,0,0,1,brown_gnome,bright_forest,red_basket,372,1,2,3,6,30,3,1,,,,,,,,,,,,,,,,,,,,,,,,,,,,,,,,,,,,,,,,,,,,,,,,,,,,,,,,,,,,,,,,,,,,,,,,,,,,
,,,,,,,,,,,,,,,,,,,,,,,,,,,,,,,,,,,,,,,,,,,,,,,,,,,,,,,,,,,,,,,,,704919,001,2024-06-19_18h39.22.193,experiment,2023.2.3,Linux x86_64,59.88023952,63655432e66823b2595ee761,6672e93b03029310057e1c76,6673179e8fce482c1e4ec0f9,,,,,,,,,,,,,,,,,,,,,,,,,,,,,,,,,,,,,,,,,,5,,,,,,,,,,,,,4,,,,,,,,,,,,,,,,,,,,,,,,,,,,s,0.5535,,space,0.4055,,4,brown_gnome,4,5,bright_forest,red_basket,purple_gnome,4,4,dark_forest,yellow_basket,25,0,0,1,brown_gnome,bright_forest,red_basket,397,2,1,3,7,31,7,1,,,,,,,,,,,,,,,,,,,,,,,,,,,,,,,,,,,,,,,,,,,,,,,,,,,,,,,,,,,,,,,,,,,,,,,,,,,,
,,,,,,,,,,,,,,,,,,,,,,,,,,,,,,,,,,,,,,,,,,,,,,,,,,,,,,,,,,,,,,,,,704919,001,2024-06-19_18h39.22.193,experiment,2023.2.3,Linux x86_64,59.88023952,63655432e66823b2595ee761,6672e93b03029310057e1c76,6673179e8fce482c1e4ec0f9,,,,,,,,,,,,,,,,,,,,,,,,,,,,,,,,,,,,,,,,,,1,,,,,,,,,,,,,2,,,,,,,,,,,,,,,,,,,,,,,,,,,,s,0.5318,,space,0.5707,,2,red_gnome,2,5,dark_forest,yellow_basket,yellow_gnome,2,7,bright_forest,red_basket,5,0,0,1,red_gnome,dark_forest,yellow_basket,402,-2,-1,4,0,32,1,1,,,,,,,,,,,,,,,,,,,,,,,,,,,,,,,,,,,,,,,,,,,,,,,,,,,,,,,,,,,,,,,,,,,,,,,,,,,,
,,,,,,,,,,,,,,,,,,,,,,,,,,,,,,,,,,,,,,,,,,,,,,,,,,,,,,,,,,,,,,,,,704919,001,2024-06-19_18h39.22.193,experiment,2023.2.3,Linux x86_64,59.88023952,63655432e66823b2595ee761,6672e93b03029310057e1c76,6673179e8fce482c1e4ec0f9,,,,,,,,,,,,,,,,,,,,,,,,,,,,,,,,,,,,,,,,,,5,,,,,,,,,,,,,3,,,,,,,,,,,,,,,,,,,,,,,,,,,,s,0.4703,,space,0.2979,,3,pink_gnome,3,4,dark_forest,yellow_basket,green_gnome,3,5,bright_forest,red_basket,20,0,0,1,pink_gnome,dark_forest,yellow_basket,422,-1,1,4,1,33,6,1,,,,,,,,,,,,,,,,,,,,,,,,,,,,,,,,,,,,,,,,,,,,,,,,,,,,,,,,,,,,,,,,,,,,,,,,,,,,
,,,,,,,,,,,,,,,,,,,,,,,,,,,,,,,,,,,,,,,,,,,,,,,,,,,,,,,,,,,,,,,,,704919,001,2024-06-19_18h39.22.193,experiment,2023.2.3,Linux x86_64,59.88023952,63655432e66823b2595ee761,6672e93b03029310057e1c76,6673179e8fce482c1e4ec0f9,,,,,,,,,,,,,,,,,,,,,,,,,,,,,,,,,,,,,,,,,,5,,,,,,,,,,,,,4,,,,,,,,,,,,,,,,,,,,,,,,,,,,s,0.5681,,space,0.7064,,4,purple_gnome,4,5,dark_forest,yellow_basket,brown_gnome,4,4,bright_forest,red_basket,25,0,0,1,purple_gnome,dark_forest,yellow_basket,447,1,1,4,2,34,7,1,,,,,,,,,,,,,,,,,,,,,,,,,,,,,,,,,,,,,,,,,,,,,,,,,,,,,,,,,,,,,,,,,,,,,,,,,,,,
,,,,,,,,,,,,,,,,,,,,,,,,,,,,,,,,,,,,,,,,,,,,,,,,,,,,,,,,,,,,,,,,,704919,001,2024-06-19_18h39.22.193,experiment,2023.2.3,Linux x86_64,59.88023952,63655432e66823b2595ee761,6672e93b03029310057e1c76,6673179e8fce482c1e4ec0f9,,,,,,,,,,,,,,,,,,,,,,,,,,,,,,,,,,,,,,,,,,5,,,,,,,,,,,,,3,,,,,,,,,,,,,,,,,,,,,,,,,,,,s,0.3797,,space,0.2811,,3,pink_gnome,3,6,dark_forest,yellow_basket,green_gnome,3,5,bright_forest,red_basket,30,0,0,1,pink_gnome,dark_forest,yellow_basket,477,-1,0,4,3,35,6,1,,,,,,,,,,,,,,,,,,,,,,,,,,,,,,,,,,,,,,,,,,,,,,,,,,,,,,,,,,,,,,,,,,,,,,,,,,,,
,,,,,,,,,,,,,,,,,,,,,,,,,,,,,,,,,,,,,,,,,,,,,,,,,,,,,,,,,,,,,,,,,704919,001,2024-06-19_18h39.22.193,experiment,2023.2.3,Linux x86_64,59.88023952,63655432e66823b2595ee761,6672e93b03029310057e1c76,6673179e8fce482c1e4ec0f9,,,,,,,,,,,,,,,,,,,,,,,,,,,,,,,,,,,,,,,,,,5,,,,,,,,,,,,,4,,,,,,,,,,,,,,,,,,,,,,,,,,,,s,0.3387,,space,0.7886,,4,brown_gnome,4,4,bright_forest,red_basket,purple_gnome,4,6,dark_forest,yellow_basket,20,0,0,1,brown_gnome,bright_forest,red_basket,497,1,2,4,4,36,7,1,,,,,,,,,,,,,,,,,,,,,,,,,,,,,,,,,,,,,,,,,,,,,,,,,,,,,,,,,,,,,,,,,,,,,,,,,,,,
,,,,,,,,,,,,,,,,,,,,,,,,,,,,,,,,,,,,,,,,,,,,,,,,,,,,,,,,,,,,,,,,,704919,001,2024-06-19_18h39.22.193,experiment,2023.2.3,Linux x86_64,59.88023952,63655432e66823b2595ee761,6672e93b03029310057e1c76,6673179e8fce482c1e4ec0f9,,,,,,,,,,,,,,,,,,,,,,,,,,,,,,,,,,,,,,,,,,1,,,,,,,,,,,,,1,,,,,,,,,,,,,,,,,,,,,,,,,,,,s,0.3701,,space,0.4298,,1,blue_gnome,1,8,dark_forest,yellow_basket,orange_gnome,1,5,bright_forest,red_basket,8,0,0,1,blue_gnome,dark_forest,yellow_basket,505,2,-5,4,5,37,0,1,,,,,,,,,,,,,,,,,,,,,,,,,,,,,,,,,,,,,,,,,,,,,,,,,,,,,,,,,,,,,,,,,,,,,,,,,,,,
,,,,,,,,,,,,,,,,,,,,,,,,,,,,,,,,,,,,,,,,,,,,,,,,,,,,,,,,,,,,,,,,,704919,001,2024-06-19_18h39.22.193,experiment,2023.2.3,Linux x86_64,59.88023952,63655432e66823b2595ee761,6672e93b03029310057e1c76,6673179e8fce482c1e4ec0f9,,,,,,,,,,,,,,,,,,,,,,,,,,,,,,,,,,,,,,,,,,1,,,,,,,,,,,,,2,,,,,,,,,,,,,,,,,,,,,,,,,,,,s,0.452,,space,0.8345,,2,red_gnome,2,3,dark_forest,yellow_basket,yellow_gnome,2,7,bright_forest,red_basket,3,0,0,1,red_gnome,dark_forest,yellow_basket,508,-1,0,4,6,38,1,1,,,,,,,,,,,,,,,,,,,,,,,,,,,,,,,,,,,,,,,,,,,,,,,,,,,,,,,,,,,,,,,,,,,,,,,,,,,,
,,,,,,,,,,,,,,,,,,,,,,,,,,,,,,,,,,,,,,,,,,,,,,,,,,,,,,,,,,,,,,,,,704919,001,2024-06-19_18h39.22.193,experiment,2023.2.3,Linux x86_64,59.88023952,63655432e66823b2595ee761,6672e93b03029310057e1c76,6673179e8fce482c1e4ec0f9,,,,,,,,,,,,,,,,,,,,,,,,,,,,,,,,,,,,,,,,,,5,,,,,,,,,,,,,2,,,,,,,,,,,,,,,,,,,,,,,,,,,,s,0.4042,,space,0.163,,2,red_gnome,2,3,dark_forest,yellow_basket,yellow_gnome,2,6,bright_forest,red_basket,15,0,0,1,red_gnome,dark_forest,yellow_basket,523,2,2,4,7,39,5,1,,,,,,,,,,,,,,,,,,,,,,,,,,,,,,,,,,,,,,,,,,,,,,,,,,,,,,,,,,,,,,,,,,,,,,,,,,,,
,,,,,,,,,,,,,,,,,,,,,,,,,,,,,,,,,,,,,,,,,,,,,,,,,,,,,,,,,,,,,,,,,704919,001,2024-06-19_18h39.22.193,experiment,2023.2.3,Linux x86_64,59.88023952,63655432e66823b2595ee761,6672e93b03029310057e1c76,6673179e8fce482c1e4ec0f9,,,,,,,,,,,,,,,,,,,,,,,,,,,,,,,,,,,,,,,,,,5,,,,,,,,,,,,,3,,,,,,,,,,,,,,,,,,,,,,,,,,,,s,0.4089,,space,0.6268,,3,green_gnome,3,8,bright_forest,red_basket,pink_gnome,3,5,dark_forest,yellow_basket,40,0,0,1,green_gnome,bright_forest,red_basket,563,0,2,5,0,40,6,1,,,,,,,,,,,,,,,,,,,,,,,,,,,,,,,,,,,,,,,,,,,,,,,,,,,,,,,,,,,,,,,,,,,,,,,,,,,,
,,,,,,,,,,,,,,,,,,,,,,,,,,,,,,,,,,,,,,,,,,,,,,,,,,,,,,,,,,,,,,,,,704919,001,2024-06-19_18h39.22.193,experiment,2023.2.3,Linux x86_64,59.88023952,63655432e66823b2595ee761,6672e93b03029310057e1c76,6673179e8fce482c1e4ec0f9,,,,,,,,,,,,,,,,,,,,,,,,,,,,,,,,,,,,,,,,,,5,,,,,,,,,,,,,4,,,,,,,,,,,,,,,,,,,,,,,,,,,,s,0.5184,,space,0.4126,,4,brown_gnome,4,8,bright_forest,red_basket,purple_gnome,4,7,dark_forest,yellow_basket,40,0,0,1,brown_gnome,bright_forest,red_basket,603,-2,2,5,1,41,7,1,,,,,,,,,,,,,,,,,,,,,,,,,,,,,,,,,,,,,,,,,,,,,,,,,,,,,,,,,,,,,,,,,,,,,,,,,,,,
,,,,,,,,,,,,,,,,,,,,,,,,,,,,,,,,,,,,,,,,,,,,,,,,,,,,,,,,,,,,,,,,,704919,001,2024-06-19_18h39.22.193,experiment,2023.2.3,Linux x86_64,59.88023952,63655432e66823b2595ee761,6672e93b03029310057e1c76,6673179e8fce482c1e4ec0f9,,,,,,,,,,,,,,,,,,,,,,,,,,,,,,,,,,,,,,,,,,1,,,,,,,,,,,,,2,,,,,,,,,,,,,,,,,,,,,,,,,,,,s,0.6619,,space,0.7488,,2,yellow_gnome,2,6,bright_forest,red_basket,red_gnome,2,9,dark_forest,yellow_basket,6,0,0,1,yellow_gnome,bright_forest,red_basket,609,2,0,5,2,42,1,1,,,,,,,,,,,,,,,,,,,,,,,,,,,,,,,,,,,,,,,,,,,,,,,,,,,,,,,,,,,,,,,,,,,,,,,,,,,,
,,,,,,,,,,,,,,,,,,,,,,,,,,,,,,,,,,,,,,,,,,,,,,,,,,,,,,,,,,,,,,,,,704919,001,2024-06-19_18h39.22.193,experiment,2023.2.3,Linux x86_64,59.88023952,63655432e66823b2595ee761,6672e93b03029310057e1c76,6673179e8fce482c1e4ec0f9,,,,,,,,,,,,,,,,,,,,,,,,,,,,,,,,,,,,,,,,,,5,,,,,,,,,,,,,3,,,,,,,,,,,,,,,,,,,,,,,,,,,,s,0.5673,,space,0.5347,,3,pink_gnome,3,9,dark_forest,yellow_basket,green_gnome,3,8,bright_forest,red_basket,45,0,0,1,pink_gnome,dark_forest,yellow_basket,654,1,1,5,3,43,6,1,,,,,,,,,,,,,,,,,,,,,,,,,,,,,,,,,,,,,,,,,,,,,,,,,,,,,,,,,,,,,,,,,,,,,,,,,,,,
,,,,,,,,,,,,,,,,,,,,,,,,,,,,,,,,,,,,,,,,,,,,,,,,,,,,,,,,,,,,,,,,,704919,001,2024-06-19_18h39.22.193,experiment,2023.2.3,Linux x86_64,59.88023952,63655432e66823b2595ee761,6672e93b03029310057e1c76,6673179e8fce482c1e4ec0f9,,,,,,,,,,,,,,,,,,,,,,,,,,,,,,,,,,,,,,,,,,1,,,,,,,,,,,,,1,,,,,,,,,,,,,,,,,,,,,,,,,,,,s,0.6206,,space,0.4644,,1,blue_gnome,1,8,dark_forest,yellow_basket,orange_gnome,1,9,bright_forest,red_basket,8,0,0,1,blue_gnome,dark_forest,yellow_basket,662,0,-2,5,4,44,0,1,,,,,,,,,,,,,,,,,,,,,,,,,,,,,,,,,,,,,,,,,,,,,,,,,,,,,,,,,,,,,,,,,,,,,,,,,,,,
,,,,,,,,,,,,,,,,,,,,,,,,,,,,,,,,,,,,,,,,,,,,,,,,,,,,,,,,,,,,,,,,,704919,001,2024-06-19_18h39.22.193,experiment,2023.2.3,Linux x86_64,59.88023952,63655432e66823b2595ee761,6672e93b03029310057e1c76,6673179e8fce482c1e4ec0f9,,,,,,,,,,,,,,,,,,,,,,,,,,,,,,,,,,,,,,,,,,1,,,,,,,,,,,,,1,,,,,,,,,,,,,,,,,,,,,,,,,,,,s,0.685,,space,0.5172,,1,orange_gnome,1,9,bright_forest,red_basket,blue_gnome,1,6,dark_forest,yellow_basket,9,0,0,1,orange_gnome,bright_forest,red_basket,671,0,0,5,5,45,0,1,,,,,,,,,,,,,,,,,,,,,,,,,,,,,,,,,,,,,,,,,,,,,,,,,,,,,,,,,,,,,,,,,,,,,,,,,,,,
,,,,,,,,,,,,,,,,,,,,,,,,,,,,,,,,,,,,,,,,,,,,,,,,,,,,,,,,,,,,,,,,,704919,001,2024-06-19_18h39.22.193,experiment,2023.2.3,Linux x86_64,59.88023952,63655432e66823b2595ee761,6672e93b03029310057e1c76,6673179e8fce482c1e4ec0f9,,,,,,,,,,,,,,,,,,,,,,,,,,,,,,,,,,,,,,,,,,1,,,,,,,,,,,,,2,,,,,,,,,,,,,,,,,,,,,,,,,,,,s,0.5587,,space,0.5856,,2,red_gnome,2,6,dark_forest,yellow_basket,yellow_gnome,2,9,bright_forest,red_basket,6,0,0,1,red_gnome,dark_forest,yellow_basket,677,-1,-2,5,6,46,1,1,,,,,,,,,,,,,,,,,,,,,,,,,,,,,,,,,,,,,,,,,,,,,,,,,,,,,,,,,,,,,,,,,,,,,,,,,,,,
,,,,,,,,,,,,,,,,,,,,,,,,,,,,,,,,,,,,,,,,,,,,,,,,,,,,,,,,,,,,,,,,,704919,001,2024-06-19_18h39.22.193,experiment,2023.2.3,Linux x86_64,59.88023952,63655432e66823b2595ee761,6672e93b03029310057e1c76,6673179e8fce482c1e4ec0f9,,,,,,,,,,,,,,,,,,,,,,,,,,,,,,,,,,,,,,,,,,5,,,,,,,,,,,,,4,,,,,,,,,,,,,,,,,,,,,,,,,,,,s,0.4237,,space,0.3966,,4,purple_gnome,4,4,dark_forest,yellow_basket,brown_gnome,4,8,bright_forest,red_basket,20,0,0,1,purple_gnome,dark_forest,yellow_basket,697,-3,-1,5,7,47,7,1,,,,,,,,,,,,,,,,,,,,,,,,,,,,,,,,,,,,,,,,,,,,,,,,,,,,,,,,,,,,,,,,,,,,,,,,,,,,
,,,,,,,,,,,,,,,,,,,,,,,,,,,,,,,,,,,,,,,,,,,,,,,,,,,,,,,,,,,,,,,,,704919,001,2024-06-19_18h39.22.193,experiment,2023.2.3,Linux x86_64,59.88023952,63655432e66823b2595ee761,6672e93b03029310057e1c76,6673179e8fce482c1e4ec0f9,,,,,,,,,,,,,,,,,,,,,,,,,,,,,,,,,,,,,,,,,,5,,,,,,,,,,,,,2,,,,,,,,,,,,,,,,,,,,,,,,,,,,s,0.3701,,space,0.7838,,2,yellow_gnome,2,5,bright_forest,red_basket,red_gnome,2,3,dark_forest,yellow_basket,25,0,0,1,yellow_gnome,bright_forest,red_basket,722,2,-2,6,0,48,5,1,,,,,,,,,,,,,,,,,,,,,,,,,,,,,,,,,,,,,,,,,,,,,,,,,,,,,,,,,,,,,,,,,,,,,,,,,,,,
,,,,,,,,,,,,,,,,,,,,,,,,,,,,,,,,,,,,,,,,,,,,,,,,,,,,,,,,,,,,,,,,,704919,001,2024-06-19_18h39.22.193,experiment,2023.2.3,Linux x86_64,59.88023952,63655432e66823b2595ee761,6672e93b03029310057e1c76,6673179e8fce482c1e4ec0f9,,,,,,,,,,,,,,,,,,,,,,,,,,,,,,,,,,,,,,,,,,1,,,,,,,,,,,,,1,,,,,,,,,,,,,,,,,,,,,,,,,,,,s,0.7686,,space,0.8718,,1,orange_gnome,1,7,bright_forest,red_basket,blue_gnome,1,1,dark_forest,yellow_basket,7,0,0,1,orange_gnome,bright_forest,red_basket,729,-1,0,6,1,49,0,1,,,,,,,,,,,,,,,,,,,,,,,,,,,,,,,,,,,,,,,,,,,,,,,,,,,,,,,,,,,,,,,,,,,,,,,,,,,,
,,,,,,,,,,,,,,,,,,,,,,,,,,,,,,,,,,,,,,,,,,,,,,,,,,,,,,,,,,,,,,,,,704919,001,2024-06-19_18h39.22.193,experiment,2023.2.3,Linux x86_64,59.88023952,63655432e66823b2595ee761,6672e93b03029310057e1c76,6673179e8fce482c1e4ec0f9,,,,,,,,,,,,,,,,,,,,,,,,,,,,,,,,,,,,,,,,,,5,,,,,,,,,,,,,3,,,,,,,,,,,,,,,,,,,,,,,,,,,,s,0.4731,,space,0.5123,,3,green_gnome,3,6,bright_forest,red_basket,pink_gnome,3,1,dark_forest,yellow_basket,30,0,0,1,green_gnome,bright_forest,red_basket,759,0,2,6,2,50,6,1,,,,,,,,,,,,,,,,,,,,,,,,,,,,,,,,,,,,,,,,,,,,,,,,,,,,,,,,,,,,,,,,,,,,,,,,,,,,
,,,,,,,,,,,,,,,,,,,,,,,,,,,,,,,,,,,,,,,,,,,,,,,,,,,,,,,,,,,,,,,,,704919,001,2024-06-19_18h39.22.193,experiment,2023.2.3,Linux x86_64,59.88023952,63655432e66823b2595ee761,6672e93b03029310057e1c76,6673179e8fce482c1e4ec0f9,,,,,,,,,,,,,,,,,,,,,,,,,,,,,,,,,,,,,,,,,,5,,,,,,,,,,,,,3,,,,,,,,,,,,,,,,,,,,,,,,,,,,s,0.6133,,space,0.4092,,3,green_gnome,3,6,bright_forest,red_basket,pink_gnome,3,3,dark_forest,yellow_basket,30,0,0,1,green_gnome,bright_forest,red_basket,789,0,4,6,3,51,6,1,,,,,,,,,,,,,,,,,,,,,,,,,,,,,,,,,,,,,,,,,,,,,,,,,,,,,,,,,,,,,,,,,,,,,,,,,,,,
,,,,,,,,,,,,,,,,,,,,,,,,,,,,,,,,,,,,,,,,,,,,,,,,,,,,,,,,,,,,,,,,,704919,001,2024-06-19_18h39.22.193,experiment,2023.2.3,Linux x86_64,59.88023952,63655432e66823b2595ee761,6672e93b03029310057e1c76,6673179e8fce482c1e4ec0f9,,,,,,,,,,,,,,,,,,,,,,,,,,,,,,,,,,,,,,,,,,1,,,,,,,,,,,,,2,,,,,,,,,,,,,,,,,,,,,,,,,,,,s,0.4633,,space,0.6541,,2,red_gnome,2,7,dark_forest,yellow_basket,yellow_gnome,2,6,bright_forest,red_basket,7,0,0,1,red_gnome,dark_forest,yellow_basket,796,0,1,6,4,52,1,1,,,,,,,,,,,,,,,,,,,,,,,,,,,,,,,,,,,,,,,,,,,,,,,,,,,,,,,,,,,,,,,,,,,,,,,,,,,,
,,,,,,,,,,,,,,,,,,,,,,,,,,,,,,,,,,,,,,,,,,,,,,,,,,,,,,,,,,,,,,,,,704919,001,2024-06-19_18h39.22.193,experiment,2023.2.3,Linux x86_64,59.88023952,63655432e66823b2595ee761,6672e93b03029310057e1c76,6673179e8fce482c1e4ec0f9,,,,,,,,,,,,,,,,,,,,,,,,,,,,,,,,,,,,,,,,,,1,,,,,,,,,,,,,3,,,,,,,,,,,,,,,,,,,,,,,,,,,,s,0.5486,,space,0.5281,,3,pink_gnome,3,8,dark_forest,yellow_basket,green_gnome,3,6,bright_forest,red_basket,8,0,0,1,pink_gnome,dark_forest,yellow_basket,804,-1,-3,6,5,53,2,1,,,,,,,,,,,,,,,,,,,,,,,,,,,,,,,,,,,,,,,,,,,,,,,,,,,,,,,,,,,,,,,,,,,,,,,,,,,,
,,,,,,,,,,,,,,,,,,,,,,,,,,,,,,,,,,,,,,,,,,,,,,,,,,,,,,,,,,,,,,,,,704919,001,2024-06-19_18h39.22.193,experiment,2023.2.3,Linux x86_64,59.88023952,63655432e66823b2595ee761,6672e93b03029310057e1c76,6673179e8fce482c1e4ec0f9,,,,,,,,,,,,,,,,,,,,,,,,,,,,,,,,,,,,,,,,,,1,,,,,,,,,,,,,1,,,,,,,,,,,,,,,,,,,,,,,,,,,,s,1.0027,,space,0.6377,,1,orange_gnome,1,5,bright_forest,red_basket,blue_gnome,1,5,dark_forest,yellow_basket,5,0,0,1,orange_gnome,bright_forest,red_basket,809,-1,3,6,6,54,0,1,,,,,,,,,,,,,,,,,,,,,,,,,,,,,,,,,,,,,,,,,,,,,,,,,,,,,,,,,,,,,,,,,,,,,,,,,,,,
,,,,,,,,,,,,,,,,,,,,,,,,,,,,,,,,,,,,,,,,,,,,,,,,,,,,,,,,,,,,,,,,,704919,001,2024-06-19_18h39.22.193,experiment,2023.2.3,Linux x86_64,59.88023952,63655432e66823b2595ee761,6672e93b03029310057e1c76,6673179e8fce482c1e4ec0f9,,,,,,,,,,,,,,,,,,,,,,,,,,,,,,,,,,,,,,,,,,1,,,,,,,,,,,,,1,,,,,,,,,,,,,,,,,,,,,,,,,,,,k,0.3972,,space,0.4663,,1,orange_gnome,1,4,bright_forest,red_basket,blue_gnome,1,8,dark_forest,yellow_basket,8,0,0,1,blue_gnome,dark_forest,yellow_basket,817,3,-1,6,7,55,0,1,,,,,,,,,,,,,,,,,,,,,,,,,,,,,,,,,,,,,,,,,,,,,,,,,,,,,,,,,,,,,,,,,,,,,,,,,,,,
,,,,,,,,,,,,,,,,,,,,,,,,,,,,,,,,,,,,,,,,,,,,,,,,,,,,,,,,,,,,,,,,,704919,001,2024-06-19_18h39.22.193,experiment,2023.2.3,Linux x86_64,59.88023952,63655432e66823b2595ee761,6672e93b03029310057e1c76,6673179e8fce482c1e4ec0f9,,,,,,,,,,,,,,,,,,,,,,,,,,,,,,,,,,,,,,,,,,5,,,,,,,,,,,,,4,,,,,,,,,,,,,,,,,,,,,,,,,,,,,,,,,,4,brown_gnome,4,7,bright_forest,red_basket,purple_gnome,4,7,dark_forest,yellow_basket,0,1,0,0,,dark_forest,yellow_basket,817,-1,3,7,0,56,7,1,,,,,,,,,,,,,,,,,,,,,,,,,,,,,,,,,,,,,,,,,,,,,,,,,,,,,,,,,,,,,,,,,,,,,,,,,,,,
,,,,,,,,,,,,,,,,,,,,,,,,,,,,,,,,,,,,,,,,,,,,,,,,,,,,,,,,,,,,,,,,,704919,001,2024-06-19_18h39.22.193,experiment,2023.2.3,Linux x86_64,59.88023952,63655432e66823b2595ee761,6672e93b03029310057e1c76,6673179e8fce482c1e4ec0f9,,,,,,,,,,,,,,,,,,,,,,,,,,,,,,,,,,,,,,,,,,1,,,,,,,,,,,,,3,,,,,,,,,,,,,,,,,,,,,,,,,,,,k,0.4846,,space,0.5784,,3,pink_gnome,3,8,dark_forest,yellow_basket,green_gnome,3,6,bright_forest,red_basket,6,0,0,1,green_gnome,bright_forest,red_basket,823,-1,-2,7,1,57,2,1,,,,,,,,,,,,,,,,,,,,,,,,,,,,,,,,,,,,,,,,,,,,,,,,,,,,,,,,,,,,,,,,,,,,,,,,,,,,
,,,,,,,,,,,,,,,,,,,,,,,,,,,,,,,,,,,,,,,,,,,,,,,,,,,,,,,,,,,,,,,,,704919,001,2024-06-19_18h39.22.193,experiment,2023.2.3,Linux x86_64,59.88023952,63655432e66823b2595ee761,6672e93b03029310057e1c76,6673179e8fce482c1e4ec0f9,,,,,,,,,,,,,,,,,,,,,,,,,,,,,,,,,,,,,,,,,,1,,,,,,,,,,,,,1,,,,,,,,,,,,,,,,,,,,,,,,,,,,k,0.5321,,space,0.5916,,1,blue_gnome,1,6,dark_forest,yellow_basket,orange_gnome,1,5,bright_forest,red_basket,5,0,0,1,orange_gnome,bright_forest,red_basket,828,-1,3,7,2,58,0,1,,,,,,,,,,,,,,,,,,,,,,,,,,,,,,,,,,,,,,,,,,,,,,,,,,,,,,,,,,,,,,,,,,,,,,,,,,,,
,,,,,,,,,,,,,,,,,,,,,,,,,,,,,,,,,,,,,,,,,,,,,,,,,,,,,,,,,,,,,,,,,704919,001,2024-06-19_18h39.22.193,experiment,2023.2.3,Linux x86_64,59.88023952,63655432e66823b2595ee761,6672e93b03029310057e1c76,6673179e8fce482c1e4ec0f9,,,,,,,,,,,,,,,,,,,,,,,,,,,,,,,,,,,,,,,,,,5,,,,,,,,,,,,,3,,,,,,,,,,,,,,,,,,,,,,,,,,,,k,0.8571,,space,0.6746,,3,green_gnome,3,4,bright_forest,red_basket,pink_gnome,3,9,dark_forest,yellow_basket,45,0,0,1,pink_gnome,dark_forest,yellow_basket,873,3,-3,7,3,59,6,1,,,,,,,,,,,,,,,,,,,,,,,,,,,,,,,,,,,,,,,,,,,,,,,,,,,,,,,,,,,,,,,,,,,,,,,,,,,,
,,,,,,,,,,,,,,,,,,,,,,,,,,,,,,,,,,,,,,,,,,,,,,,,,,,,,,,,,,,,,,,,,704919,001,2024-06-19_18h39.22.193,experiment,2023.2.3,Linux x86_64,59.88023952,63655432e66823b2595ee761,6672e93b03029310057e1c76,6673179e8fce482c1e4ec0f9,,,,,,,,,,,,,,,,,,,,,,,,,,,,,,,,,,,,,,,,,,5,,,,,,,,,,,,,3,,,,,,,,,,,,,,,,,,,,,,,,,,,,k,0.5948,,space,0.7679,,3,pink_gnome,3,6,dark_forest,yellow_basket,green_gnome,3,7,bright_forest,red_basket,35,0,0,1,green_gnome,bright_forest,red_basket,908,-2,3,7,4,60,6,1,,,,,,,,,,,,,,,,,,,,,,,,,,,,,,,,,,,,,,,,,,,,,,,,,,,,,,,,,,,,,,,,,,,,,,,,,,,,
,,,,,,,,,,,,,,,,,,,,,,,,,,,,,,,,,,,,,,,,,,,,,,,,,,,,,,,,,,,,,,,,,704919,001,2024-06-19_18h39.22.193,experiment,2023.2.3,Linux x86_64,59.88023952,63655432e66823b2595ee761,6672e93b03029310057e1c76,6673179e8fce482c1e4ec0f9,,,,,,,,,,,,,,,,,,,,,,,,,,,,,,,,,,,,,,,,,,5,,,,,,,,,,,,,3,,,,,,,,,,,,,,,,,,,,,,,,,,,,k,0.5693,,space,0.3958,,3,green_gnome,3,5,bright_forest,red_basket,pink_gnome,3,9,dark_forest,yellow_basket,45,0,0,1,pink_gnome,dark_forest,yellow_basket,953,-1,0,7,5,61,6,1,,,,,,,,,,,,,,,,,,,,,,,,,,,,,,,,,,,,,,,,,,,,,,,,,,,,,,,,,,,,,,,,,,,,,,,,,,,,
,,,,,,,,,,,,,,,,,,,,,,,,,,,,,,,,,,,,,,,,,,,,,,,,,,,,,,,,,,,,,,,,,704919,001,2024-06-19_18h39.22.193,experiment,2023.2.3,Linux x86_64,59.88023952,63655432e66823b2595ee761,6672e93b03029310057e1c76,6673179e8fce482c1e4ec0f9,,,,,,,,,,,,,,,,,,,,,,,,,,,,,,,,,,,,,,,,,,5,,,,,,,,,,,,,4,,,,,,,,,,,,,,,,,,,,,,,,,,,,k,0.3471,,space,0.4391,,4,purple_gnome,4,9,dark_forest,yellow_basket,brown_gnome,4,4,bright_forest,red_basket,20,0,0,1,brown_gnome,bright_forest,red_basket,973,2,-3,7,6,62,7,1,,,,,,,,,,,,,,,,,,,,,,,,,,,,,,,,,,,,,,,,,,,,,,,,,,,,,,,,,,,,,,,,,,,,,,,,,,,,
,,,,,,,,,,,,,,,,,,,,,,,,,,,,,,,,,,,,,,,,,,,,,,,,,,,,,,,,,,,,,,,,,704919,001,2024-06-19_18h39.22.193,experiment,2023.2.3,Linux x86_64,59.88023952,63655432e66823b2595ee761,6672e93b03029310057e1c76,6673179e8fce482c1e4ec0f9,,,,,,,,,,,,,,,,,,,,,,,,,,,,,,,,,,,,,,,,,,1,,,,,,,,,,,,,2,,,,,,,,,,,,,,,,,,,,,,,,,,,,k,0.4313,,space,0.4301,,2,yellow_gnome,2,6,bright_forest,red_basket,red_gnome,2,6,dark_forest,yellow_basket,6,0,0,1,red_gnome,dark_forest,yellow_basket,979,-1,-3,7,7,63,1,1,space,184.4727,,,,,,,,,,,,,,,,,,,,,,,,,,,,,,,,,,,,,,,,,,,,,,,,,,,,,,,,,,,,,,,,,,,,,,,,,,
,,,,,,,,,,,,,,,,,,,,,,,,,,,,,,,,,,,,,,,,,,,,,,,,,,,,,,,,,,,,,,,,,704919,001,2024-06-19_18h39.22.193,experiment,2023.2.3,Linux x86_64,59.88023952,63655432e66823b2595ee761,6672e93b03029310057e1c76,6673179e8fce482c1e4ec0f9,,,,,,,,,,,,,,,,,,,,,,,,,,,,,,,,,,,,,,,,,,1,,,,,,,,,,,,,1,,,,,,,,,,,,,,,,,,,,,,,,,,,,k,0.4828,,space,0.3974,,1,orange_gnome,1,5,bright_forest,red_basket,blue_gnome,1,3,dark_forest,yellow_basket,3,0,0,1,blue_gnome,dark_forest,yellow_basket,982,0,3,8,0,64,0,1,,,,,,,,,,,,,,,,,,,,,,,,,,,,,,,,,,,,,,,,,,,,,,,,,,,,,,,,,,,,,,,,,,,,,,,,,,,,
,,,,,,,,,,,,,,,,,,,,,,,,,,,,,,,,,,,,,,,,,,,,,,,,,,,,,,,,,,,,,,,,,704919,001,2024-06-19_18h39.22.193,experiment,2023.2.3,Linux x86_64,59.88023952,63655432e66823b2595ee761,6672e93b03029310057e1c76,6673179e8fce482c1e4ec0f9,,,,,,,,,,,,,,,,,,,,,,,,,,,,,,,,,,,,,,,,,,5,,,,,,,,,,,,,1,,,,,,,,,,,,,,,,,,,,,,,,,,,,k,0.4199,,space,0.5532,,1,blue_gnome,1,6,dark_forest,yellow_basket,orange_gnome,1,5,bright_forest,red_basket,25,0,0,1,orange_gnome,bright_forest,red_basket,1007,0,-1,8,1,65,4,1,,,,,,,,,,,,,,,,,,,,,,,,,,,,,,,,,,,,,,,,,,,,,,,,,,,,,,,,,,,,,,,,,,,,,,,,,,,,
,,,,,,,,,,,,,,,,,,,,,,,,,,,,,,,,,,,,,,,,,,,,,,,,,,,,,,,,,,,,,,,,,704919,001,2024-06-19_18h39.22.193,experiment,2023.2.3,Linux x86_64,59.88023952,63655432e66823b2595ee761,6672e93b03029310057e1c76,6673179e8fce482c1e4ec0f9,,,,,,,,,,,,,,,,,,,,,,,,,,,,,,,,,,,,,,,,,,5,,,,,,,,,,,,,3,,,,,,,,,,,,,,,,,,,,,,,,,,,,k,0.5812,,space,0.7602,,3,pink_gnome,3,5,dark_forest,yellow_basket,green_gnome,3,5,bright_forest,red_basket,25,0,0,1,green_gnome,bright_forest,red_basket,1032,-2,-1,8,2,66,6,1,,,,,,,,,,,,,,,,,,,,,,,,,,,,,,,,,,,,,,,,,,,,,,,,,,,,,,,,,,,,,,,,,,,,,,,,,,,,
,,,,,,,,,,,,,,,,,,,,,,,,,,,,,,,,,,,,,,,,,,,,,,,,,,,,,,,,,,,,,,,,,704919,001,2024-06-19_18h39.22.193,experiment,2023.2.3,Linux x86_64,59.88023952,63655432e66823b2595ee761,6672e93b03029310057e1c76,6673179e8fce482c1e4ec0f9,,,,,,,,,,,,,,,,,,,,,,,,,,,,,,,,,,,,,,,,,,1,,,,,,,,,,,,,2,,,,,,,,,,,,,,,,,,,,,,,,,,,,k,0.4185,,space,0.3258,,2,yellow_gnome,2,3,bright_forest,red_basket,red_gnome,2,4,dark_forest,yellow_basket,4,0,0,1,red_gnome,dark_forest,yellow_basket,1036,-3,-1,8,3,67,1,1,,,,,,,,,,,,,,,,,,,,,,,,,,,,,,,,,,,,,,,,,,,,,,,,,,,,,,,,,,,,,,,,,,,,,,,,,,,,
,,,,,,,,,,,,,,,,,,,,,,,,,,,,,,,,,,,,,,,,,,,,,,,,,,,,,,,,,,,,,,,,,704919,001,2024-06-19_18h39.22.193,experiment,2023.2.3,Linux x86_64,59.88023952,63655432e66823b2595ee761,6672e93b03029310057e1c76,6673179e8fce482c1e4ec0f9,,,,,,,,,,,,,,,,,,,,,,,,,,,,,,,,,,,,,,,,,,1,,,,,,,,,,,,,3,,,,,,,,,,,,,,,,,,,,,,,,,,,,k,0.4752,,space,1.0349,,3,green_gnome,3,0,bright_forest,red_basket,pink_gnome,3,3,dark_forest,yellow_basket,3,0,0,1,pink_gnome,dark_forest,yellow_basket,1039,4,-2,8,4,68,2,1,,,,,,,,,,,,,,,,,,,,,,,,,,,,,,,,,,,,,,,,,,,,,,,,,,,,,,,,,,,,,,,,,,,,,,,,,,,,
,,,,,,,,,,,,,,,,,,,,,,,,,,,,,,,,,,,,,,,,,,,,,,,,,,,,,,,,,,,,,,,,,704919,001,2024-06-19_18h39.22.193,experiment,2023.2.3,Linux x86_64,59.88023952,63655432e66823b2595ee761,6672e93b03029310057e1c76,6673179e8fce482c1e4ec0f9,,,,,,,,,,,,,,,,,,,,,,,,,,,,,,,,,,,,,,,,,,1,,,,,,,,,,,,,2,,,,,,,,,,,,,,,,,,,,,,,,,,,,k,0.5367,,space,0.5346,,2,red_gnome,2,1,dark_forest,yellow_basket,yellow_gnome,2,4,bright_forest,red_basket,4,0,0,1,yellow_gnome,bright_forest,red_basket,1043,4,-1,8,5,69,1,1,,,,,,,,,,,,,,,,,,,,,,,,,,,,,,,,,,,,,,,,,,,,,,,,,,,,,,,,,,,,,,,,,,,,,,,,,,,,
,,,,,,,,,,,,,,,,,,,,,,,,,,,,,,,,,,,,,,,,,,,,,,,,,,,,,,,,,,,,,,,,,704919,001,2024-06-19_18h39.22.193,experiment,2023.2.3,Linux x86_64,59.88023952,63655432e66823b2595ee761,6672e93b03029310057e1c76,6673179e8fce482c1e4ec0f9,,,,,,,,,,,,,,,,,,,,,,,,,,,,,,,,,,,,,,,,,,1,,,,,,,,,,,,,4,,,,,,,,,,,,,,,,,,,,,,,,,,,,k,0.47,,space,0.3957,,4,purple_gnome,4,0,dark_forest,yellow_basket,brown_gnome,4,8,bright_forest,red_basket,8,0,0,1,brown_gnome,bright_forest,red_basket,1051,-6,-3,8,6,70,3,1,,,,,,,,,,,,,,,,,,,,,,,,,,,,,,,,,,,,,,,,,,,,,,,,,,,,,,,,,,,,,,,,,,,,,,,,,,,,
,,,,,,,,,,,,,,,,,,,,,,,,,,,,,,,,,,,,,,,,,,,,,,,,,,,,,,,,,,,,,,,,,704919,001,2024-06-19_18h39.22.193,experiment,2023.2.3,Linux x86_64,59.88023952,63655432e66823b2595ee761,6672e93b03029310057e1c76,6673179e8fce482c1e4ec0f9,,,,,,,,,,,,,,,,,,,,,,,,,,,,,,,,,,,,,,,,,,5,,,,,,,,,,,,,3,,,,,,,,,,,,,,,,,,,,,,,,,,,,k,0.4976,,space,0.4293,,3,pink_gnome,3,3,dark_forest,yellow_basket,green_gnome,3,2,bright_forest,red_basket,10,0,0,1,green_gnome,bright_forest,red_basket,1061,-3,0,8,7,71,6,1,,,,,,,,,,,,,,,,,,,,,,,,,,,,,,,,,,,,,,,,,,,,,,,,,,,,,,,,,,,,,,,,,,,,,,,,,,,,
,,,,,,,,,,,,,,,,,,,,,,,,,,,,,,,,,,,,,,,,,,,,,,,,,,,,,,,,,,,,,,,,,704919,001,2024-06-19_18h39.22.193,experiment,2023.2.3,Linux x86_64,59.88023952,63655432e66823b2595ee761,6672e93b03029310057e1c76,6673179e8fce482c1e4ec0f9,,,,,,,,,,,,,,,,,,,,,,,,,,,,,,,,,,,,,,,,,,5,,,,,,,,,,,,,1,,,,,,,,,,,,,,,,,,,,,,,,,,,,k,0.5317,,space,0.7092,,1,blue_gnome,1,3,dark_forest,yellow_basket,orange_gnome,1,1,bright_forest,red_basket,5,0,0,1,orange_gnome,bright_forest,red_basket,1066,-2,1,9,0,72,4,1,,,,,,,,,,,,,,,,,,,,,,,,,,,,,,,,,,,,,,,,,,,,,,,,,,,,,,,,,,,,,,,,,,,,,,,,,,,,
,,,,,,,,,,,,,,,,,,,,,,,,,,,,,,,,,,,,,,,,,,,,,,,,,,,,,,,,,,,,,,,,,704919,001,2024-06-19_18h39.22.193,experiment,2023.2.3,Linux x86_64,59.88023952,63655432e66823b2595ee761,6672e93b03029310057e1c76,6673179e8fce482c1e4ec0f9,,,,,,,,,,,,,,,,,,,,,,,,,,,,,,,,,,,,,,,,,,1,,,,,,,,,,,,,3,,,,,,,,,,,,,,,,,,,,,,,,,,,,k,0.4031,,space,0.4563,,3,green_gnome,3,1,bright_forest,red_basket,pink_gnome,3,4,dark_forest,yellow_basket,4,0,0,1,pink_gnome,dark_forest,yellow_basket,1070,0,4,9,1,73,2,1,,,,,,,,,,,,,,,,,,,,,,,,,,,,,,,,,,,,,,,,,,,,,,,,,,,,,,,,,,,,,,,,,,,,,,,,,,,,
,,,,,,,,,,,,,,,,,,,,,,,,,,,,,,,,,,,,,,,,,,,,,,,,,,,,,,,,,,,,,,,,,704919,001,2024-06-19_18h39.22.193,experiment,2023.2.3,Linux x86_64,59.88023952,63655432e66823b2595ee761,6672e93b03029310057e1c76,6673179e8fce482c1e4ec0f9,,,,,,,,,,,,,,,,,,,,,,,,,,,,,,,,,,,,,,,,,,1,,,,,,,,,,,,,1,,,,,,,,,,,,,,,,,,,,,,,,,,,,k,0.4291,,space,0.4763,,1,blue_gnome,1,8,dark_forest,yellow_basket,orange_gnome,1,1,bright_forest,red_basket,1,0,0,1,orange_gnome,bright_forest,red_basket,1071,-3,-2,9,2,74,0,1,,,,,,,,,,,,,,,,,,,,,,,,,,,,,,,,,,,,,,,,,,,,,,,,,,,,,,,,,,,,,,,,,,,,,,,,,,,,
,,,,,,,,,,,,,,,,,,,,,,,,,,,,,,,,,,,,,,,,,,,,,,,,,,,,,,,,,,,,,,,,,704919,001,2024-06-19_18h39.22.193,experiment,2023.2.3,Linux x86_64,59.88023952,63655432e66823b2595ee761,6672e93b03029310057e1c76,6673179e8fce482c1e4ec0f9,,,,,,,,,,,,,,,,,,,,,,,,,,,,,,,,,,,,,,,,,,5,,,,,,,,,,,,,1,,,,,,,,,,,,,,,,,,,,,,,,,,,,k,0.5015,,space,0.4259,,1,orange_gnome,1,2,bright_forest,red_basket,blue_gnome,1,6,dark_forest,yellow_basket,30,0,0,1,blue_gnome,dark_forest,yellow_basket,1101,3,-1,9,3,75,4,1,,,,,,,,,,,,,,,,,,,,,,,,,,,,,,,,,,,,,,,,,,,,,,,,,,,,,,,,,,,,,,,,,,,,,,,,,,,,
,,,,,,,,,,,,,,,,,,,,,,,,,,,,,,,,,,,,,,,,,,,,,,,,,,,,,,,,,,,,,,,,,704919,001,2024-06-19_18h39.22.193,experiment,2023.2.3,Linux x86_64,59.88023952,63655432e66823b2595ee761,6672e93b03029310057e1c76,6673179e8fce482c1e4ec0f9,,,,,,,,,,,,,,,,,,,,,,,,,,,,,,,,,,,,,,,,,,5,,,,,,,,,,,,,2,,,,,,,,,,,,,,,,,,,,,,,,,,,,k,0.4651,,space,0.5783,,2,red_gnome,2,5,dark_forest,yellow_basket,yellow_gnome,2,5,bright_forest,red_basket,25,0,0,1,yellow_gnome,bright_forest,red_basket,1126,0,-1,9,4,76,5,1,,,,,,,,,,,,,,,,,,,,,,,,,,,,,,,,,,,,,,,,,,,,,,,,,,,,,,,,,,,,,,,,,,,,,,,,,,,,
,,,,,,,,,,,,,,,,,,,,,,,,,,,,,,,,,,,,,,,,,,,,,,,,,,,,,,,,,,,,,,,,,704919,001,2024-06-19_18h39.22.193,experiment,2023.2.3,Linux x86_64,59.88023952,63655432e66823b2595ee761,6672e93b03029310057e1c76,6673179e8fce482c1e4ec0f9,,,,,,,,,,,,,,,,,,,,,,,,,,,,,,,,,,,,,,,,,,1,,,,,,,,,,,,,4,,,,,,,,,,,,,,,,,,,,,,,,,,,,k,0.5218,,space,0.7411,,4,brown_gnome,4,5,bright_forest,red_basket,purple_gnome,4,4,dark_forest,yellow_basket,4,0,0,1,purple_gnome,dark_forest,yellow_basket,1130,3,2,9,5,77,3,1,,,,,,,,,,,,,,,,,,,,,,,,,,,,,,,,,,,,,,,,,,,,,,,,,,,,,,,,,,,,,,,,,,,,,,,,,,,,
,,,,,,,,,,,,,,,,,,,,,,,,,,,,,,,,,,,,,,,,,,,,,,,,,,,,,,,,,,,,,,,,,704919,001,2024-06-19_18h39.22.193,experiment,2023.2.3,Linux x86_64,59.88023952,63655432e66823b2595ee761,6672e93b03029310057e1c76,6673179e8fce482c1e4ec0f9,,,,,,,,,,,,,,,,,,,,,,,,,,,,,,,,,,,,,,,,,,1,,,,,,,,,,,,,1,,,,,,,,,,,,,,,,,,,,,,,,,,,,k,0.4492,,space,0.4141,,1,blue_gnome,1,6,dark_forest,yellow_basket,orange_gnome,1,8,bright_forest,red_basket,8,0,0,1,orange_gnome,bright_forest,red_basket,1138,-3,0,9,6,78,0,1,,,,,,,,,,,,,,,,,,,,,,,,,,,,,,,,,,,,,,,,,,,,,,,,,,,,,,,,,,,,,,,,,,,,,,,,,,,,
,,,,,,,,,,,,,,,,,,,,,,,,,,,,,,,,,,,,,,,,,,,,,,,,,,,,,,,,,,,,,,,,,704919,001,2024-06-19_18h39.22.193,experiment,2023.2.3,Linux x86_64,59.88023952,63655432e66823b2595ee761,6672e93b03029310057e1c76,6673179e8fce482c1e4ec0f9,,,,,,,,,,,,,,,,,,,,,,,,,,,,,,,,,,,,,,,,,,1,,,,,,,,,,,,,4,,,,,,,,,,,,,,,,,,,,,,,,,,,,k,0.8669,,space,0.5926,,4,purple_gnome,4,6,dark_forest,yellow_basket,brown_gnome,4,5,bright_forest,red_basket,5,0,0,1,brown_gnome,bright_forest,red_basket,1143,3,-3,9,7,79,3,1,,,,,,,,,,,,,,,,,,,,,,,,,,,,,,,,,,,,,,,,,,,,,,,,,,,,,,,,,,,,,,,,,,,,,,,,,,,,
,,,,,,,,,,,,,,,,,,,,,,,,,,,,,,,,,,,,,,,,,,,,,,,,,,,,,,,,,,,,,,,,,704919,001,2024-06-19_18h39.22.193,experiment,2023.2.3,Linux x86_64,59.88023952,63655432e66823b2595ee761,6672e93b03029310057e1c76,6673179e8fce482c1e4ec0f9,,,,,,,,,,,,,,,,,,,,,,,,,,,,,,,,,,,,,,,,,,1,,,,,,,,,,,,,3,,,,,,,,,,,,,,,,,,,,,,,,,,,,k,0.7537,,space,0.4333,,3,pink_gnome,3,3,dark_forest,yellow_basket,green_gnome,3,8,bright_forest,red_basket,8,0,0,1,green_gnome,bright_forest,red_basket,1151,0,0,10,0,80,2,1,,,,,,,,,,,,,,,,,,,,,,,,,,,,,,,,,,,,,,,,,,,,,,,,,,,,,,,,,,,,,,,,,,,,,,,,,,,,
,,,,,,,,,,,,,,,,,,,,,,,,,,,,,,,,,,,,,,,,,,,,,,,,,,,,,,,,,,,,,,,,,704919,001,2024-06-19_18h39.22.193,experiment,2023.2.3,Linux x86_64,59.88023952,63655432e66823b2595ee761,6672e93b03029310057e1c76,6673179e8fce482c1e4ec0f9,,,,,,,,,,,,,,,,,,,,,,,,,,,,,,,,,,,,,,,,,,1,,,,,,,,,,,,,1,,,,,,,,,,,,,,,,,,,,,,,,,,,,k,0.6862,,space,0.3892,,1,orange_gnome,1,8,bright_forest,red_basket,blue_gnome,1,3,dark_forest,yellow_basket,3,0,0,1,blue_gnome,dark_forest,yellow_basket,1154,1,3,10,1,81,0,1,,,,,,,,,,,,,,,,,,,,,,,,,,,,,,,,,,,,,,,,,,,,,,,,,,,,,,,,,,,,,,,,,,,,,,,,,,,,
,,,,,,,,,,,,,,,,,,,,,,,,,,,,,,,,,,,,,,,,,,,,,,,,,,,,,,,,,,,,,,,,,704919,001,2024-06-19_18h39.22.193,experiment,2023.2.3,Linux x86_64,59.88023952,63655432e66823b2595ee761,6672e93b03029310057e1c76,6673179e8fce482c1e4ec0f9,,,,,,,,,,,,,,,,,,,,,,,,,,,,,,,,,,,,,,,,,,1,,,,,,,,,,,,,3,,,,,,,,,,,,,,,,,,,,,,,,,,,,k,0.415,,space,0.5268,,3,green_gnome,3,9,bright_forest,red_basket,pink_gnome,3,6,dark_forest,yellow_basket,6,0,0,1,pink_gnome,dark_forest,yellow_basket,1160,-2,2,10,2,82,2,1,,,,,,,,,,,,,,,,,,,,,,,,,,,,,,,,,,,,,,,,,,,,,,,,,,,,,,,,,,,,,,,,,,,,,,,,,,,,
,,,,,,,,,,,,,,,,,,,,,,,,,,,,,,,,,,,,,,,,,,,,,,,,,,,,,,,,,,,,,,,,,704919,001,2024-06-19_18h39.22.193,experiment,2023.2.3,Linux x86_64,59.88023952,63655432e66823b2595ee761,6672e93b03029310057e1c76,6673179e8fce482c1e4ec0f9,,,,,,,,,,,,,,,,,,,,,,,,,,,,,,,,,,,,,,,,,,1,,,,,,,,,,,,,3,,,,,,,,,,,,,,,,,,,,,,,,,,,,k,0.4155,,space,0.5743,,3,pink_gnome,3,8,dark_forest,yellow_basket,green_gnome,3,7,bright_forest,red_basket,7,0,0,1,green_gnome,bright_forest,red_basket,1167,2,1,10,3,83,2,1,,,,,,,,,,,,,,,,,,,,,,,,,,,,,,,,,,,,,,,,,,,,,,,,,,,,,,,,,,,,,,,,,,,,,,,,,,,,
,,,,,,,,,,,,,,,,,,,,,,,,,,,,,,,,,,,,,,,,,,,,,,,,,,,,,,,,,,,,,,,,,704919,001,2024-06-19_18h39.22.193,experiment,2023.2.3,Linux x86_64,59.88023952,63655432e66823b2595ee761,6672e93b03029310057e1c76,6673179e8fce482c1e4ec0f9,,,,,,,,,,,,,,,,,,,,,,,,,,,,,,,,,,,,,,,,,,5,,,,,,,,,,,,,2,,,,,,,,,,,,,,,,,,,,,,,,,,,,k,0.3761,,space,0.534,,2,red_gnome,2,9,dark_forest,yellow_basket,yellow_gnome,2,9,bright_forest,red_basket,45,0,0,1,yellow_gnome,bright_forest,red_basket,1212,0,-1,10,4,84,5,1,,,,,,,,,,,,,,,,,,,,,,,,,,,,,,,,,,,,,,,,,,,,,,,,,,,,,,,,,,,,,,,,,,,,,,,,,,,,
,,,,,,,,,,,,,,,,,,,,,,,,,,,,,,,,,,,,,,,,,,,,,,,,,,,,,,,,,,,,,,,,,704919,001,2024-06-19_18h39.22.193,experiment,2023.2.3,Linux x86_64,59.88023952,63655432e66823b2595ee761,6672e93b03029310057e1c76,6673179e8fce482c1e4ec0f9,,,,,,,,,,,,,,,,,,,,,,,,,,,,,,,,,,,,,,,,,,5,,,,,,,,,,,,,1,,,,,,,,,,,,,,,,,,,,,,,,,,,,k,0.9526,,space,0.6909,,1,orange_gnome,1,9,bright_forest,red_basket,blue_gnome,1,8,dark_forest,yellow_basket,40,0,0,1,blue_gnome,dark_forest,yellow_basket,1252,2,-1,10,5,85,4,1,,,,,,,,,,,,,,,,,,,,,,,,,,,,,,,,,,,,,,,,,,,,,,,,,,,,,,,,,,,,,,,,,,,,,,,,,,,,
,,,,,,,,,,,,,,,,,,,,,,,,,,,,,,,,,,,,,,,,,,,,,,,,,,,,,,,,,,,,,,,,,704919,001,2024-06-19_18h39.22.193,experiment,2023.2.3,Linux x86_64,59.88023952,63655432e66823b2595ee761,6672e93b03029310057e1c76,6673179e8fce482c1e4ec0f9,,,,,,,,,,,,,,,,,,,,,,,,,,,,,,,,,,,,,,,,,,5,,,,,,,,,,,,,3,,,,,,,,,,,,,,,,,,,,,,,,,,,,s,0.3723,,space,0.4297,,3,green_gnome,3,7,bright_forest,red_basket,pink_gnome,3,7,dark_forest,yellow_basket,35,0,0,1,green_gnome,bright_forest,red_basket,1287,-2,2,10,6,86,6,1,,,,,,,,,,,,,,,,,,,,,,,,,,,,,,,,,,,,,,,,,,,,,,,,,,,,,,,,,,,,,,,,,,,,,,,,,,,,
,,,,,,,,,,,,,,,,,,,,,,,,,,,,,,,,,,,,,,,,,,,,,,,,,,,,,,,,,,,,,,,,,704919,001,2024-06-19_18h39.22.193,experiment,2023.2.3,Linux x86_64,59.88023952,63655432e66823b2595ee761,6672e93b03029310057e1c76,6673179e8fce482c1e4ec0f9,,,,,,,,,,,,,,,,,,,,,,,,,,,,,,,,,,,,,,,,,,5,,,,,,,,,,,,,3,,,,,,,,,,,,,,,,,,,,,,,,,,,,s,0.7536,,space,0.371,,3,pink_gnome,3,9,dark_forest,yellow_basket,green_gnome,3,5,bright_forest,red_basket,45,0,0,1,pink_gnome,dark_forest,yellow_basket,1332,0,0,10,7,87,6,1,,,,,,,,,,,,,,,,,,,,,,,,,,,,,,,,,,,,,,,,,,,,,,,,,,,,,,,,,,,,,,,,,,,,,,,,,,,,
,,,,,,,,,,,,,,,,,,,,,,,,,,,,,,,,,,,,,,,,,,,,,,,,,,,,,,,,,,,,,,,,,704919,001,2024-06-19_18h39.22.193,experiment,2023.2.3,Linux x86_64,59.88023952,63655432e66823b2595ee761,6672e93b03029310057e1c76,6673179e8fce482c1e4ec0f9,,,,,,,,,,,,,,,,,,,,,,,,,,,,,,,,,,,,,,,,,,5,,,,,,,,,,,,,3,,,,,,,,,,,,,,,,,,,,,,,,,,,,s,0.4164,,space,0.5503,,3,pink_gnome,3,9,dark_forest,yellow_basket,green_gnome,3,5,bright_forest,red_basket,45,0,0,1,pink_gnome,dark_forest,yellow_basket,1377,3,-2,11,0,88,6,1,,,,,,,,,,,,,,,,,,,,,,,,,,,,,,,,,,,,,,,,,,,,,,,,,,,,,,,,,,,,,,,,,,,,,,,,,,,,
,,,,,,,,,,,,,,,,,,,,,,,,,,,,,,,,,,,,,,,,,,,,,,,,,,,,,,,,,,,,,,,,,704919,001,2024-06-19_18h39.22.193,experiment,2023.2.3,Linux x86_64,59.88023952,63655432e66823b2595ee761,6672e93b03029310057e1c76,6673179e8fce482c1e4ec0f9,,,,,,,,,,,,,,,,,,,,,,,,,,,,,,,,,,,,,,,,,,5,,,,,,,,,,,,,4,,,,,,,,,,,,,,,,,,,,,,,,,,,,s,0.6162,,space,0.5646,,4,purple_gnome,4,7,dark_forest,yellow_basket,brown_gnome,4,8,bright_forest,red_basket,35,0,0,1,purple_gnome,dark_forest,yellow_basket,1412,-1,0,11,1,89,7,1,,,,,,,,,,,,,,,,,,,,,,,,,,,,,,,,,,,,,,,,,,,,,,,,,,,,,,,,,,,,,,,,,,,,,,,,,,,,
,,,,,,,,,,,,,,,,,,,,,,,,,,,,,,,,,,,,,,,,,,,,,,,,,,,,,,,,,,,,,,,,,704919,001,2024-06-19_18h39.22.193,experiment,2023.2.3,Linux x86_64,59.88023952,63655432e66823b2595ee761,6672e93b03029310057e1c76,6673179e8fce482c1e4ec0f9,,,,,,,,,,,,,,,,,,,,,,,,,,,,,,,,,,,,,,,,,,5,,,,,,,,,,,,,1,,,,,,,,,,,,,,,,,,,,,,,,,,,,s,0.1504,,space,0.4541,,1,orange_gnome,1,7,bright_forest,red_basket,blue_gnome,1,7,dark_forest,yellow_basket,35,0,0,1,orange_gnome,bright_forest,red_basket,1447,1,-2,11,2,90,4,1,,,,,,,,,,,,,,,,,,,,,,,,,,,,,,,,,,,,,,,,,,,,,,,,,,,,,,,,,,,,,,,,,,,,,,,,,,,,
,,,,,,,,,,,,,,,,,,,,,,,,,,,,,,,,,,,,,,,,,,,,,,,,,,,,,,,,,,,,,,,,,704919,001,2024-06-19_18h39.22.193,experiment,2023.2.3,Linux x86_64,59.88023952,63655432e66823b2595ee761,6672e93b03029310057e1c76,6673179e8fce482c1e4ec0f9,,,,,,,,,,,,,,,,,,,,,,,,,,,,,,,,,,,,,,,,,,1,,,,,,,,,,,,,3,,,,,,,,,,,,,,,,,,,,,,,,,,,,s,0.5146,,space,0.3237,,3,pink_gnome,3,5,dark_forest,yellow_basket,green_gnome,3,8,bright_forest,red_basket,5,0,0,1,pink_gnome,dark_forest,yellow_basket,1452,-1,-3,11,3,91,2,1,,,,,,,,,,,,,,,,,,,,,,,,,,,,,,,,,,,,,,,,,,,,,,,,,,,,,,,,,,,,,,,,,,,,,,,,,,,,
,,,,,,,,,,,,,,,,,,,,,,,,,,,,,,,,,,,,,,,,,,,,,,,,,,,,,,,,,,,,,,,,,704919,001,2024-06-19_18h39.22.193,experiment,2023.2.3,Linux x86_64,59.88023952,63655432e66823b2595ee761,6672e93b03029310057e1c76,6673179e8fce482c1e4ec0f9,,,,,,,,,,,,,,,,,,,,,,,,,,,,,,,,,,,,,,,,,,1,,,,,,,,,,,,,3,,,,,,,,,,,,,,,,,,,,,,,,,,,,s,0.4893,,space,0.4543,,3,green_gnome,3,7,bright_forest,red_basket,pink_gnome,3,2,dark_forest,yellow_basket,7,0,0,1,green_gnome,bright_forest,red_basket,1459,2,0,11,4,92,2,1,,,,,,,,,,,,,,,,,,,,,,,,,,,,,,,,,,,,,,,,,,,,,,,,,,,,,,,,,,,,,,,,,,,,,,,,,,,,
,,,,,,,,,,,,,,,,,,,,,,,,,,,,,,,,,,,,,,,,,,,,,,,,,,,,,,,,,,,,,,,,,704919,001,2024-06-19_18h39.22.193,experiment,2023.2.3,Linux x86_64,59.88023952,63655432e66823b2595ee761,6672e93b03029310057e1c76,6673179e8fce482c1e4ec0f9,,,,,,,,,,,,,,,,,,,,,,,,,,,,,,,,,,,,,,,,,,1,,,,,,,,,,,,,4,,,,,,,,,,,,,,,,,,,,,,,,,,,,s,0.4588,,space,0.435,,4,brown_gnome,4,9,bright_forest,red_basket,purple_gnome,4,2,dark_forest,yellow_basket,9,0,0,1,brown_gnome,bright_forest,red_basket,1468,1,-2,11,5,93,3,1,,,,,,,,,,,,,,,,,,,,,,,,,,,,,,,,,,,,,,,,,,,,,,,,,,,,,,,,,,,,,,,,,,,,,,,,,,,,
,,,,,,,,,,,,,,,,,,,,,,,,,,,,,,,,,,,,,,,,,,,,,,,,,,,,,,,,,,,,,,,,,704919,001,2024-06-19_18h39.22.193,experiment,2023.2.3,Linux x86_64,59.88023952,63655432e66823b2595ee761,6672e93b03029310057e1c76,6673179e8fce482c1e4ec0f9,,,,,,,,,,,,,,,,,,,,,,,,,,,,,,,,,,,,,,,,,,5,,,,,,,,,,,,,4,,,,,,,,,,,,,,,,,,,,,,,,,,,,s,0.6355,,space,0.4828,,4,brown_gnome,4,8,bright_forest,red_basket,purple_gnome,4,0,dark_forest,yellow_basket,40,0,0,1,brown_gnome,bright_forest,red_basket,1508,0,-1,11,6,94,7,1,,,,,,,,,,,,,,,,,,,,,,,,,,,,,,,,,,,,,,,,,,,,,,,,,,,,,,,,,,,,,,,,,,,,,,,,,,,,
,,,,,,,,,,,,,,,,,,,,,,,,,,,,,,,,,,,,,,,,,,,,,,,,,,,,,,,,,,,,,,,,,704919,001,2024-06-19_18h39.22.193,experiment,2023.2.3,Linux x86_64,59.88023952,63655432e66823b2595ee761,6672e93b03029310057e1c76,6673179e8fce482c1e4ec0f9,,,,,,,,,,,,,,,,,,,,,,,,,,,,,,,,,,,,,,,,,,5,,,,,,,,,,,,,2,,,,,,,,,,,,,,,,,,,,,,,,,,,,k,0.4334,,space,0.548,,2,red_gnome,2,1,dark_forest,yellow_basket,yellow_gnome,2,8,bright_forest,red_basket,40,0,0,1,yellow_gnome,bright_forest,red_basket,1548,2,0,11,7,95,5,1,,,,,,,,,,,,,,,,,,,,,,,,,,,,,,,,,,,,,,,,,,,,,,,,,,,,,,,,,,,,,,,,,,,,,,,,,,,,
,,,,,,,,,,,,,,,,,,,,,,,,,,,,,,,,,,,,,,,,,,,,,,,,,,,,,,,,,,,,,,,,,704919,001,2024-06-19_18h39.22.193,experiment,2023.2.3,Linux x86_64,59.88023952,63655432e66823b2595ee761,6672e93b03029310057e1c76,6673179e8fce482c1e4ec0f9,,,,,,,,,,,,,,,,,,,,,,,,,,,,,,,,,,,,,,,,,,5,,,,,,,,,,,,,1,,,,,,,,,,,,,,,,,,,,,,,,,,,,k,0.4689,,space,0.1293,,1,orange_gnome,1,8,bright_forest,red_basket,blue_gnome,1,1,dark_forest,yellow_basket,5,0,0,1,blue_gnome,dark_forest,yellow_basket,1553,-3,-5,12,0,96,4,1,,,,,,,,,,,,,,,,,,,,,,,,,,,,,,,,,,,,,,,,,,,,,,,,,,,,,,,,,,,,,,,,,,,,,,,,,,,,
,,,,,,,,,,,,,,,,,,,,,,,,,,,,,,,,,,,,,,,,,,,,,,,,,,,,,,,,,,,,,,,,,704919,001,2024-06-19_18h39.22.193,experiment,2023.2.3,Linux x86_64,59.88023952,63655432e66823b2595ee761,6672e93b03029310057e1c76,6673179e8fce482c1e4ec0f9,,,,,,,,,,,,,,,,,,,,,,,,,,,,,,,,,,,,,,,,,,5,,,,,,,,,,,,,1,,,,,,,,,,,,,,,,,,,,,,,,,,,,k,1.0028,,space,0.9624,,1,orange_gnome,1,5,bright_forest,red_basket,blue_gnome,1,4,dark_forest,yellow_basket,20,0,0,1,blue_gnome,dark_forest,yellow_basket,1573,1,0,12,1,97,4,1,,,,,,,,,,,,,,,,,,,,,,,,,,,,,,,,,,,,,,,,,,,,,,,,,,,,,,,,,,,,,,,,,,,,,,,,,,,,
,,,,,,,,,,,,,,,,,,,,,,,,,,,,,,,,,,,,,,,,,,,,,,,,,,,,,,,,,,,,,,,,,704919,001,2024-06-19_18h39.22.193,experiment,2023.2.3,Linux x86_64,59.88023952,63655432e66823b2595ee761,6672e93b03029310057e1c76,6673179e8fce482c1e4ec0f9,,,,,,,,,,,,,,,,,,,,,,,,,,,,,,,,,,,,,,,,,,1,,,,,,,,,,,,,1,,,,,,,,,,,,,,,,,,,,,,,,,,,,k,0.503,,space,0.4385,,1,orange_gnome,1,6,bright_forest,red_basket,blue_gnome,1,4,dark_forest,yellow_basket,4,0,0,1,blue_gnome,dark_forest,yellow_basket,1577,0,1,12,2,98,0,1,,,,,,,,,,,,,,,,,,,,,,,,,,,,,,,,,,,,,,,,,,,,,,,,,,,,,,,,,,,,,,,,,,,,,,,,,,,,
,,,,,,,,,,,,,,,,,,,,,,,,,,,,,,,,,,,,,,,,,,,,,,,,,,,,,,,,,,,,,,,,,704919,001,2024-06-19_18h39.22.193,experiment,2023.2.3,Linux x86_64,59.88023952,63655432e66823b2595ee761,6672e93b03029310057e1c76,6673179e8fce482c1e4ec0f9,,,,,,,,,,,,,,,,,,,,,,,,,,,,,,,,,,,,,,,,,,1,,,,,,,,,,,,,4,,,,,,,,,,,,,,,,,,,,,,,,,,,,k,0.5071,,space,0.431,,4,brown_gnome,4,6,bright_forest,red_basket,purple_gnome,4,5,dark_forest,yellow_basket,5,0,0,1,purple_gnome,dark_forest,yellow_basket,1582,-3,1,12,3,99,3,1,,,,,,,,,,,,,,,,,,,,,,,,,,,,,,,,,,,,,,,,,,,,,,,,,,,,,,,,,,,,,,,,,,,,,,,,,,,,
,,,,,,,,,,,,,,,,,,,,,,,,,,,,,,,,,,,,,,,,,,,,,,,,,,,,,,,,,,,,,,,,,704919,001,2024-06-19_18h39.22.193,experiment,2023.2.3,Linux x86_64,59.88023952,63655432e66823b2595ee761,6672e93b03029310057e1c76,6673179e8fce482c1e4ec0f9,,,,,,,,,,,,,,,,,,,,,,,,,,,,,,,,,,,,,,,,,,5,,,,,,,,,,,,,2,,,,,,,,,,,,,,,,,,,,,,,,,,,,k,0.4574,,space,0.9617,,2,yellow_gnome,2,3,bright_forest,red_basket,red_gnome,2,6,dark_forest,yellow_basket,30,0,0,1,red_gnome,dark_forest,yellow_basket,1612,-2,-1,12,4,100,5,1,,,,,,,,,,,,,,,,,,,,,,,,,,,,,,,,,,,,,,,,,,,,,,,,,,,,,,,,,,,,,,,,,,,,,,,,,,,,
,,,,,,,,,,,,,,,,,,,,,,,,,,,,,,,,,,,,,,,,,,,,,,,,,,,,,,,,,,,,,,,,,704919,001,2024-06-19_18h39.22.193,experiment,2023.2.3,Linux x86_64,59.88023952,63655432e66823b2595ee761,6672e93b03029310057e1c76,6673179e8fce482c1e4ec0f9,,,,,,,,,,,,,,,,,,,,,,,,,,,,,,,,,,,,,,,,,,5,,,,,,,,,,,,,3,,,,,,,,,,,,,,,,,,,,,,,,,,,,k,0.4744,,space,0.4904,,3,pink_gnome,3,5,dark_forest,yellow_basket,green_gnome,3,1,bright_forest,red_basket,5,0,0,1,green_gnome,bright_forest,red_basket,1617,0,2,12,5,101,6,1,,,,,,,,,,,,,,,,,,,,,,,,,,,,,,,,,,,,,,,,,,,,,,,,,,,,,,,,,,,,,,,,,,,,,,,,,,,,
,,,,,,,,,,,,,,,,,,,,,,,,,,,,,,,,,,,,,,,,,,,,,,,,,,,,,,,,,,,,,,,,,704919,001,2024-06-19_18h39.22.193,experiment,2023.2.3,Linux x86_64,59.88023952,63655432e66823b2595ee761,6672e93b03029310057e1c76,6673179e8fce482c1e4ec0f9,,,,,,,,,,,,,,,,,,,,,,,,,,,,,,,,,,,,,,,,,,1,,,,,,,,,,,,,2,,,,,,,,,,,,,,,,,,,,,,,,,,,,k,0.3486,,space,0.6695,,2,red_gnome,2,7,dark_forest,yellow_basket,yellow_gnome,2,1,bright_forest,red_basket,1,0,0,1,yellow_gnome,bright_forest,red_basket,1618,-3,1,12,6,102,1,1,,,,,,,,,,,,,,,,,,,,,,,,,,,,,,,,,,,,,,,,,,,,,,,,,,,,,,,,,,,,,,,,,,,,,,,,,,,,
,,,,,,,,,,,,,,,,,,,,,,,,,,,,,,,,,,,,,,,,,,,,,,,,,,,,,,,,,,,,,,,,,704919,001,2024-06-19_18h39.22.193,experiment,2023.2.3,Linux x86_64,59.88023952,63655432e66823b2595ee761,6672e93b03029310057e1c76,6673179e8fce482c1e4ec0f9,,,,,,,,,,,,,,,,,,,,,,,,,,,,,,,,,,,,,,,,,,5,,,,,,,,,,,,,3,,,,,,,,,,,,,,,,,,,,,,,,,,,,k,0.6531,,space,0.7748,,3,pink_gnome,3,8,dark_forest,yellow_basket,green_gnome,3,2,bright_forest,red_basket,10,0,0,1,green_gnome,bright_forest,red_basket,1628,-2,0,12,7,103,6,1,,,,,,,,,,,,,,,,,,,,,,,,,,,,,,,,,,,,,,,,,,,,,,,,,,,,,,,,,,,,,,,,,,,,,,,,,,,,
,,,,,,,,,,,,,,,,,,,,,,,,,,,,,,,,,,,,,,,,,,,,,,,,,,,,,,,,,,,,,,,,,704919,001,2024-06-19_18h39.22.193,experiment,2023.2.3,Linux x86_64,59.88023952,63655432e66823b2595ee761,6672e93b03029310057e1c76,6673179e8fce482c1e4ec0f9,,,,,,,,,,,,,,,,,,,,,,,,,,,,,,,,,,,,,,,,,,5,,,,,,,,,,,,,4,,,,,,,,,,,,,,,,,,,,,,,,,,,,k,0.4513,,space,0.8868,,4,brown_gnome,4,0,bright_forest,red_basket,purple_gnome,4,8,dark_forest,yellow_basket,40,0,0,1,purple_gnome,dark_forest,yellow_basket,1668,0,2,13,0,104,7,1,,,,,,,,,,,,,,,,,,,,,,,,,,,,,,,,,,,,,,,,,,,,,,,,,,,,,,,,,,,,,,,,,,,,,,,,,,,,
,,,,,,,,,,,,,,,,,,,,,,,,,,,,,,,,,,,,,,,,,,,,,,,,,,,,,,,,,,,,,,,,,704919,001,2024-06-19_18h39.22.193,experiment,2023.2.3,Linux x86_64,59.88023952,63655432e66823b2595ee761,6672e93b03029310057e1c76,6673179e8fce482c1e4ec0f9,,,,,,,,,,,,,,,,,,,,,,,,,,,,,,,,,,,,,,,,,,5,,,,,,,,,,,,,1,,,,,,,,,,,,,,,,,,,,,,,,,,,,s,0.5095,,space,0.5848,,1,orange_gnome,1,0,bright_forest,red_basket,blue_gnome,1,8,dark_forest,yellow_basket,0,0,0,1,orange_gnome,bright_forest,red_basket,1668,4,-2,13,1,105,4,1,,,,,,,,,,,,,,,,,,,,,,,,,,,,,,,,,,,,,,,,,,,,,,,,,,,,,,,,,,,,,,,,,,,,,,,,,,,,
,,,,,,,,,,,,,,,,,,,,,,,,,,,,,,,,,,,,,,,,,,,,,,,,,,,,,,,,,,,,,,,,,704919,001,2024-06-19_18h39.22.193,experiment,2023.2.3,Linux x86_64,59.88023952,63655432e66823b2595ee761,6672e93b03029310057e1c76,6673179e8fce482c1e4ec0f9,,,,,,,,,,,,,,,,,,,,,,,,,,,,,,,,,,,,,,,,,,1,,,,,,,,,,,,,1,,,,,,,,,,,,,,,,,,,,,,,,,,,,s,0.3935,,space,0.41,,1,orange_gnome,1,4,bright_forest,red_basket,blue_gnome,1,6,dark_forest,yellow_basket,4,0,0,1,orange_gnome,bright_forest,red_basket,1672,0,3,13,2,106,0,1,,,,,,,,,,,,,,,,,,,,,,,,,,,,,,,,,,,,,,,,,,,,,,,,,,,,,,,,,,,,,,,,,,,,,,,,,,,,
,,,,,,,,,,,,,,,,,,,,,,,,,,,,,,,,,,,,,,,,,,,,,,,,,,,,,,,,,,,,,,,,,704919,001,2024-06-19_18h39.22.193,experiment,2023.2.3,Linux x86_64,59.88023952,63655432e66823b2595ee761,6672e93b03029310057e1c76,6673179e8fce482c1e4ec0f9,,,,,,,,,,,,,,,,,,,,,,,,,,,,,,,,,,,,,,,,,,1,,,,,,,,,,,,,4,,,,,,,,,,,,,,,,,,,,,,,,,,,,s,0.4676,,space,0.5283,,4,purple_gnome,4,9,dark_forest,yellow_basket,brown_gnome,4,4,bright_forest,red_basket,9,0,0,1,purple_gnome,dark_forest,yellow_basket,1681,3,-1,13,3,107,3,1,,,,,,,,,,,,,,,,,,,,,,,,,,,,,,,,,,,,,,,,,,,,,,,,,,,,,,,,,,,,,,,,,,,,,,,,,,,,
,,,,,,,,,,,,,,,,,,,,,,,,,,,,,,,,,,,,,,,,,,,,,,,,,,,,,,,,,,,,,,,,,704919,001,2024-06-19_18h39.22.193,experiment,2023.2.3,Linux x86_64,59.88023952,63655432e66823b2595ee761,6672e93b03029310057e1c76,6673179e8fce482c1e4ec0f9,,,,,,,,,,,,,,,,,,,,,,,,,,,,,,,,,,,,,,,,,,1,,,,,,,,,,,,,2,,,,,,,,,,,,,,,,,,,,,,,,,,,,s,0.4874,,space,0.5051,,2,yellow_gnome,2,7,bright_forest,red_basket,red_gnome,2,8,dark_forest,yellow_basket,7,0,0,1,yellow_gnome,bright_forest,red_basket,1688,1,-1,13,4,108,1,1,,,,,,,,,,,,,,,,,,,,,,,,,,,,,,,,,,,,,,,,,,,,,,,,,,,,,,,,,,,,,,,,,,,,,,,,,,,,
,,,,,,,,,,,,,,,,,,,,,,,,,,,,,,,,,,,,,,,,,,,,,,,,,,,,,,,,,,,,,,,,,704919,001,2024-06-19_18h39.22.193,experiment,2023.2.3,Linux x86_64,59.88023952,63655432e66823b2595ee761,6672e93b03029310057e1c76,6673179e8fce482c1e4ec0f9,,,,,,,,,,,,,,,,,,,,,,,,,,,,,,,,,,,,,,,,,,5,,,,,,,,,,,,,4,,,,,,,,,,,,,,,,,,,,,,,,,,,,s,0.9029,,space,0.5239,,4,brown_gnome,4,8,bright_forest,red_basket,purple_gnome,4,7,dark_forest,yellow_basket,40,0,0,1,brown_gnome,bright_forest,red_basket,1728,-2,0,13,5,109,7,1,,,,,,,,,,,,,,,,,,,,,,,,,,,,,,,,,,,,,,,,,,,,,,,,,,,,,,,,,,,,,,,,,,,,,,,,,,,,
,,,,,,,,,,,,,,,,,,,,,,,,,,,,,,,,,,,,,,,,,,,,,,,,,,,,,,,,,,,,,,,,,704919,001,2024-06-19_18h39.22.193,experiment,2023.2.3,Linux x86_64,59.88023952,63655432e66823b2595ee761,6672e93b03029310057e1c76,6673179e8fce482c1e4ec0f9,,,,,,,,,,,,,,,,,,,,,,,,,,,,,,,,,,,,,,,,,,1,,,,,,,,,,,,,2,,,,,,,,,,,,,,,,,,,,,,,,,,,,s,0.7658,,space,1.4426,,2,yellow_gnome,2,6,bright_forest,red_basket,red_gnome,2,7,dark_forest,yellow_basket,6,0,0,1,yellow_gnome,bright_forest,red_basket,1734,-2,-2,13,6,110,1,1,,,,,,,,,,,,,,,,,,,,,,,,,,,,,,,,,,,,,,,,,,,,,,,,,,,,,,,,,,,,,,,,,,,,,,,,,,,,
,,,,,,,,,,,,,,,,,,,,,,,,,,,,,,,,,,,,,,,,,,,,,,,,,,,,,,,,,,,,,,,,,704919,001,2024-06-19_18h39.22.193,experiment,2023.2.3,Linux x86_64,59.88023952,63655432e66823b2595ee761,6672e93b03029310057e1c76,6673179e8fce482c1e4ec0f9,,,,,,,,,,,,,,,,,,,,,,,,,,,,,,,,,,,,,,,,,,1,,,,,,,,,,,,,1,,,,,,,,,,,,,,,,,,,,,,,,,,,,s,0.4512,,space,0.4603,,1,orange_gnome,1,4,bright_forest,red_basket,blue_gnome,1,5,dark_forest,yellow_basket,4,0,0,1,orange_gnome,bright_forest,red_basket,1738,4,-1,13,7,111,0,1,,,,,,,,,,,,,,,,,,,,,,,,,,,,,,,,,,,,,,,,,,,,,,,,,,,,,,,,,,,,,,,,,,,,,,,,,,,,
,,,,,,,,,,,,,,,,,,,,,,,,,,,,,,,,,,,,,,,,,,,,,,,,,,,,,,,,,,,,,,,,,704919,001,2024-06-19_18h39.22.193,experiment,2023.2.3,Linux x86_64,59.88023952,63655432e66823b2595ee761,6672e93b03029310057e1c76,6673179e8fce482c1e4ec0f9,,,,,,,,,,,,,,,,,,,,,,,,,,,,,,,,,,,,,,,,,,1,,,,,,,,,,,,,1,,,,,,,,,,,,,,,,,,,,,,,,,,,,s,0.6532,,space,0.8571,,1,orange_gnome,1,8,bright_forest,red_basket,blue_gnome,1,4,dark_forest,yellow_basket,8,0,0,1,orange_gnome,bright_forest,red_basket,1746,0,4,14,0,112,0,1,,,,,,,,,,,,,,,,,,,,,,,,,,,,,,,,,,,,,,,,,,,,,,,,,,,,,,,,,,,,,,,,,,,,,,,,,,,,
,,,,,,,,,,,,,,,,,,,,,,,,,,,,,,,,,,,,,,,,,,,,,,,,,,,,,,,,,,,,,,,,,704919,001,2024-06-19_18h39.22.193,experiment,2023.2.3,Linux x86_64,59.88023952,63655432e66823b2595ee761,6672e93b03029310057e1c76,6673179e8fce482c1e4ec0f9,,,,,,,,,,,,,,,,,,,,,,,,,,,,,,,,,,,,,,,,,,1,,,,,,,,,,,,,2,,,,,,,,,,,,,,,,,,,,,,,,,,,,k,0.848,,space,0.3333,,2,yellow_gnome,2,8,bright_forest,red_basket,red_gnome,2,8,dark_forest,yellow_basket,8,0,0,1,red_gnome,dark_forest,yellow_basket,1754,-3,1,14,1,113,1,1,,,,,,,,,,,,,,,,,,,,,,,,,,,,,,,,,,,,,,,,,,,,,,,,,,,,,,,,,,,,,,,,,,,,,,,,,,,,
,,,,,,,,,,,,,,,,,,,,,,,,,,,,,,,,,,,,,,,,,,,,,,,,,,,,,,,,,,,,,,,,,704919,001,2024-06-19_18h39.22.193,experiment,2023.2.3,Linux x86_64,59.88023952,63655432e66823b2595ee761,6672e93b03029310057e1c76,6673179e8fce482c1e4ec0f9,,,,,,,,,,,,,,,,,,,,,,,,,,,,,,,,,,,,,,,,,,1,,,,,,,,,,,,,2,,,,,,,,,,,,,,,,,,,,,,,,,,,,k,0.4704,,space,0.3252,,2,yellow_gnome,2,5,bright_forest,red_basket,red_gnome,2,9,dark_forest,yellow_basket,9,0,0,1,red_gnome,dark_forest,yellow_basket,1763,2,0,14,2,114,1,1,,,,,,,,,,,,,,,,,,,,,,,,,,,,,,,,,,,,,,,,,,,,,,,,,,,,,,,,,,,,,,,,,,,,,,,,,,,,
,,,,,,,,,,,,,,,,,,,,,,,,,,,,,,,,,,,,,,,,,,,,,,,,,,,,,,,,,,,,,,,,,704919,001,2024-06-19_18h39.22.193,experiment,2023.2.3,Linux x86_64,59.88023952,63655432e66823b2595ee761,6672e93b03029310057e1c76,6673179e8fce482c1e4ec0f9,,,,,,,,,,,,,,,,,,,,,,,,,,,,,,,,,,,,,,,,,,5,,,,,,,,,,,,,4,,,,,,,,,,,,,,,,,,,,,,,,,,,,k,0.5023,,space,0.5245,,4,purple_gnome,4,9,dark_forest,yellow_basket,brown_gnome,4,7,bright_forest,red_basket,35,0,0,1,brown_gnome,bright_forest,red_basket,1798,3,-3,14,3,115,7,1,,,,,,,,,,,,,,,,,,,,,,,,,,,,,,,,,,,,,,,,,,,,,,,,,,,,,,,,,,,,,,,,,,,,,,,,,,,,
,,,,,,,,,,,,,,,,,,,,,,,,,,,,,,,,,,,,,,,,,,,,,,,,,,,,,,,,,,,,,,,,,704919,001,2024-06-19_18h39.22.193,experiment,2023.2.3,Linux x86_64,59.88023952,63655432e66823b2595ee761,6672e93b03029310057e1c76,6673179e8fce482c1e4ec0f9,,,,,,,,,,,,,,,,,,,,,,,,,,,,,,,,,,,,,,,,,,1,,,,,,,,,,,,,3,,,,,,,,,,,,,,,,,,,,,,,,,,,,k,0.4539,,space,0.555,,3,pink_gnome,3,6,dark_forest,yellow_basket,green_gnome,3,8,bright_forest,red_basket,8,0,0,1,green_gnome,bright_forest,red_basket,1806,-3,-5,14,4,116,2,1,,,,,,,,,,,,,,,,,,,,,,,,,,,,,,,,,,,,,,,,,,,,,,,,,,,,,,,,,,,,,,,,,,,,,,,,,,,,
,,,,,,,,,,,,,,,,,,,,,,,,,,,,,,,,,,,,,,,,,,,,,,,,,,,,,,,,,,,,,,,,,704919,001,2024-06-19_18h39.22.193,experiment,2023.2.3,Linux x86_64,59.88023952,63655432e66823b2595ee761,6672e93b03029310057e1c76,6673179e8fce482c1e4ec0f9,,,,,,,,,,,,,,,,,,,,,,,,,,,,,,,,,,,,,,,,,,5,,,,,,,,,,,,,4,,,,,,,,,,,,,,,,,,,,,,,,,,,,,,,,,,4,brown_gnome,4,5,bright_forest,red_basket,purple_gnome,4,1,dark_forest,yellow_basket,0,1,0,0,,bright_forest,red_basket,1806,0,0,14,5,117,7,1,,,,,,,,,,,,,,,,,,,,,,,,,,,,,,,,,,,,,,,,,,,,,,,,,,,,,,,,,,,,,,,,,,,,,,,,,,,,
,,,,,,,,,,,,,,,,,,,,,,,,,,,,,,,,,,,,,,,,,,,,,,,,,,,,,,,,,,,,,,,,,704919,001,2024-06-19_18h39.22.193,experiment,2023.2.3,Linux x86_64,59.88023952,63655432e66823b2595ee761,6672e93b03029310057e1c76,6673179e8fce482c1e4ec0f9,,,,,,,,,,,,,,,,,,,,,,,,,,,,,,,,,,,,,,,,,,5,,,,,,,,,,,,,1,,,,,,,,,,,,,,,,,,,,,,,,,,,,k,0.4651,,space,0.655,,1,blue_gnome,1,1,dark_forest,yellow_basket,orange_gnome,1,5,bright_forest,red_basket,25,0,0,1,orange_gnome,bright_forest,red_basket,1831,2,3,14,6,118,4,1,,,,,,,,,,,,,,,,,,,,,,,,,,,,,,,,,,,,,,,,,,,,,,,,,,,,,,,,,,,,,,,,,,,,,,,,,,,,
,,,,,,,,,,,,,,,,,,,,,,,,,,,,,,,,,,,,,,,,,,,,,,,,,,,,,,,,,,,,,,,,,704919,001,2024-06-19_18h39.22.193,experiment,2023.2.3,Linux x86_64,59.88023952,63655432e66823b2595ee761,6672e93b03029310057e1c76,6673179e8fce482c1e4ec0f9,,,,,,,,,,,,,,,,,,,,,,,,,,,,,,,,,,,,,,,,,,1,,,,,,,,,,,,,3,,,,,,,,,,,,,,,,,,,,,,,,,,,,k,0.3992,,space,0.5595,,3,pink_gnome,3,4,dark_forest,yellow_basket,green_gnome,3,7,bright_forest,red_basket,7,0,0,1,green_gnome,bright_forest,red_basket,1838,-3,-2,14,7,119,2,1,,,,,,,,,,,,,,,,,,,,,,,,,,,,,,,,,,,,,,,,,,,,,,,,,,,,,,,,,,,,,,,,,,,,,,,,,,,,
,,,,,,,,,,,,,,,,,,,,,,,,,,,,,,,,,,,,,,,,,,,,,,,,,,,,,,,,,,,,,,,,,704919,001,2024-06-19_18h39.22.193,experiment,2023.2.3,Linux x86_64,59.88023952,63655432e66823b2595ee761,6672e93b03029310057e1c76,6673179e8fce482c1e4ec0f9,,,,,,,,,,,,,,,,,,,,,,,,,,,,,,,,,,,,,,,,,,5,,,,,,,,,,,,,3,,,,,,,,,,,,,,,,,,,,,,,,,,,,k,0.452,,space,0.427,,3,green_gnome,3,4,bright_forest,red_basket,pink_gnome,3,2,dark_forest,yellow_basket,10,0,0,1,pink_gnome,dark_forest,yellow_basket,1848,0,2,15,0,120,6,1,,,,,,,,,,,,,,,,,,,,,,,,,,,,,,,,,,,,,,,,,,,,,,,,,,,,,,,,,,,,,,,,,,,,,,,,,,,,
,,,,,,,,,,,,,,,,,,,,,,,,,,,,,,,,,,,,,,,,,,,,,,,,,,,,,,,,,,,,,,,,,704919,001,2024-06-19_18h39.22.193,experiment,2023.2.3,Linux x86_64,59.88023952,63655432e66823b2595ee761,6672e93b03029310057e1c76,6673179e8fce482c1e4ec0f9,,,,,,,,,,,,,,,,,,,,,,,,,,,,,,,,,,,,,,,,,,1,,,,,,,,,,,,,1,,,,,,,,,,,,,,,,,,,,,,,,,,,,k,0.6047,,space,1.0002,,1,blue_gnome,1,4,dark_forest,yellow_basket,orange_gnome,1,4,bright_forest,red_basket,4,0,0,1,orange_gnome,bright_forest,red_basket,1852,1,-1,15,1,121,0,1,,,,,,,,,,,,,,,,,,,,,,,,,,,,,,,,,,,,,,,,,,,,,,,,,,,,,,,,,,,,,,,,,,,,,,,,,,,,
,,,,,,,,,,,,,,,,,,,,,,,,,,,,,,,,,,,,,,,,,,,,,,,,,,,,,,,,,,,,,,,,,704919,001,2024-06-19_18h39.22.193,experiment,2023.2.3,Linux x86_64,59.88023952,63655432e66823b2595ee761,6672e93b03029310057e1c76,6673179e8fce482c1e4ec0f9,,,,,,,,,,,,,,,,,,,,,,,,,,,,,,,,,,,,,,,,,,1,,,,,,,,,,,,,4,,,,,,,,,,,,,,,,,,,,,,,,,,,,k,0.5731,,space,1.2542,,4,purple_gnome,4,3,dark_forest,yellow_basket,brown_gnome,4,5,bright_forest,red_basket,5,0,0,1,brown_gnome,bright_forest,red_basket,1857,-2,-1,15,2,122,3,1,,,,,,,,,,,,,,,,,,,,,,,,,,,,,,,,,,,,,,,,,,,,,,,,,,,,,,,,,,,,,,,,,,,,,,,,,,,,
,,,,,,,,,,,,,,,,,,,,,,,,,,,,,,,,,,,,,,,,,,,,,,,,,,,,,,,,,,,,,,,,,704919,001,2024-06-19_18h39.22.193,experiment,2023.2.3,Linux x86_64,59.88023952,63655432e66823b2595ee761,6672e93b03029310057e1c76,6673179e8fce482c1e4ec0f9,,,,,,,,,,,,,,,,,,,,,,,,,,,,,,,,,,,,,,,,,,1,,,,,,,,,,,,,1,,,,,,,,,,,,,,,,,,,,,,,,,,,,k,0.4027,,space,0.4382,,1,orange_gnome,1,3,bright_forest,red_basket,blue_gnome,1,2,dark_forest,yellow_basket,2,0,0,1,blue_gnome,dark_forest,yellow_basket,1859,0,0,15,3,123,0,1,,,,,,,,,,,,,,,,,,,,,,,,,,,,,,,,,,,,,,,,,,,,,,,,,,,,,,,,,,,,,,,,,,,,,,,,,,,,
,,,,,,,,,,,,,,,,,,,,,,,,,,,,,,,,,,,,,,,,,,,,,,,,,,,,,,,,,,,,,,,,,704919,001,2024-06-19_18h39.22.193,experiment,2023.2.3,Linux x86_64,59.88023952,63655432e66823b2595ee761,6672e93b03029310057e1c76,6673179e8fce482c1e4ec0f9,,,,,,,,,,,,,,,,,,,,,,,,,,,,,,,,,,,,,,,,,,5,,,,,,,,,,,,,4,,,,,,,,,,,,,,,,,,,,,,,,,,,,k,0.5258,,space,0.9224,,4,brown_gnome,4,3,bright_forest,red_basket,purple_gnome,4,2,dark_forest,yellow_basket,10,0,0,1,purple_gnome,dark_forest,yellow_basket,1869,-2,-2,15,4,124,7,1,,,,,,,,,,,,,,,,,,,,,,,,,,,,,,,,,,,,,,,,,,,,,,,,,,,,,,,,,,,,,,,,,,,,,,,,,,,,
,,,,,,,,,,,,,,,,,,,,,,,,,,,,,,,,,,,,,,,,,,,,,,,,,,,,,,,,,,,,,,,,,704919,001,2024-06-19_18h39.22.193,experiment,2023.2.3,Linux x86_64,59.88023952,63655432e66823b2595ee761,6672e93b03029310057e1c76,6673179e8fce482c1e4ec0f9,,,,,,,,,,,,,,,,,,,,,,,,,,,,,,,,,,,,,,,,,,1,,,,,,,,,,,,,2,,,,,,,,,,,,,,,,,,,,,,,,,,,,k,0.3528,,space,0.5279,,2,red_gnome,2,0,dark_forest,yellow_basket,yellow_gnome,2,1,bright_forest,red_basket,1,0,0,1,yellow_gnome,bright_forest,red_basket,1870,0,-2,15,5,125,1,1,,,,,,,,,,,,,,,,,,,,,,,,,,,,,,,,,,,,,,,,,,,,,,,,,,,,,,,,,,,,,,,,,,,,,,,,,,,,
,,,,,,,,,,,,,,,,,,,,,,,,,,,,,,,,,,,,,,,,,,,,,,,,,,,,,,,,,,,,,,,,,704919,001,2024-06-19_18h39.22.193,experiment,2023.2.3,Linux x86_64,59.88023952,63655432e66823b2595ee761,6672e93b03029310057e1c76,6673179e8fce482c1e4ec0f9,,,,,,,,,,,,,,,,,,,,,,,,,,,,,,,,,,,,,,,,,,1,,,,,,,,,,,,,3,,,,,,,,,,,,,,,,,,,,,,,,,,,,k,0.4684,,space,0.3931,,3,pink_gnome,3,2,dark_forest,yellow_basket,green_gnome,3,1,bright_forest,red_basket,1,0,0,1,green_gnome,bright_forest,red_basket,1871,-1,2,15,6,126,2,1,,,,,,,,,,,,,,,,,,,,,,,,,,,,,,,,,,,,,,,,,,,,,,,,,,,,,,,,,,,,,,,,,,,,,,,,,,,,
,,,,,,,,,,,,,,,,,,,,,,,,,,,,,,,,,,,,,,,,,,,,,,,,,,,,,,,,,,,,,,,,,704919,001,2024-06-19_18h39.22.193,experiment,2023.2.3,Linux x86_64,59.88023952,63655432e66823b2595ee761,6672e93b03029310057e1c76,6673179e8fce482c1e4ec0f9,,,,,,,,,,,,,,,,,,,,,,,,,,,,,,,,,,,,,,,,,,5,,,,,,,,,,,,,2,,,,,,,,,,,,,,,,,,,,,,,,,,,,k,0.373,,space,0.2648,,2,red_gnome,2,4,dark_forest,yellow_basket,yellow_gnome,2,0,bright_forest,red_basket,0,0,0,1,yellow_gnome,bright_forest,red_basket,1871,3,3,15,7,127,5,1,space,167.8178,,,,,,,,,,,,,,,,,,,,,,,,,,,,,,,,,,,,,,,,,,,,,,,,,,,,,,,,,,,,,,,,,,,,,,,,,,
,,,,,,,,,,,,,,,,,,,,,,,,,,,,,,,,,,,,,,,,,,,,,,,,,,,,,,,,,,,,,,,,,704919,001,2024-06-19_18h39.22.193,experiment,2023.2.3,Linux x86_64,59.88023952,63655432e66823b2595ee761,6672e93b03029310057e1c76,6673179e8fce482c1e4ec0f9,,,,,,,,,,,,,,,,,,,,,,,,,,,,,,,,,,,,,,,,,,5,,,,,,,,,,,,,3,,,,,,,,,,,,,,,,,,,,,,,,,,,,s,0.3873,,space,0.4702,,3,pink_gnome,3,7,dark_forest,yellow_basket,green_gnome,3,3,bright_forest,red_basket,35,0,0,1,pink_gnome,dark_forest,yellow_basket,1906,-2,-4,16,0,128,6,1,,,,,,,,,,,,,,,,,,,,,,,,,,,,,,,,,,,,,,,,,,,,,,,,,,,,,,,,,,,,,,,,,,,,,,,,,,,,
,,,,,,,,,,,,,,,,,,,,,,,,,,,,,,,,,,,,,,,,,,,,,,,,,,,,,,,,,,,,,,,,,704919,001,2024-06-19_18h39.22.193,experiment,2023.2.3,Linux x86_64,59.88023952,63655432e66823b2595ee761,6672e93b03029310057e1c76,6673179e8fce482c1e4ec0f9,,,,,,,,,,,,,,,,,,,,,,,,,,,,,,,,,,,,,,,,,,5,,,,,,,,,,,,,3,,,,,,,,,,,,,,,,,,,,,,,,,,,,s,0.3972,,space,0.613,,3,green_gnome,3,1,bright_forest,red_basket,pink_gnome,3,3,dark_forest,yellow_basket,5,0,0,1,green_gnome,bright_forest,red_basket,1911,0,1,16,1,129,6,1,,,,,,,,,,,,,,,,,,,,,,,,,,,,,,,,,,,,,,,,,,,,,,,,,,,,,,,,,,,,,,,,,,,,,,,,,,,,
,,,,,,,,,,,,,,,,,,,,,,,,,,,,,,,,,,,,,,,,,,,,,,,,,,,,,,,,,,,,,,,,,704919,001,2024-06-19_18h39.22.193,experiment,2023.2.3,Linux x86_64,59.88023952,63655432e66823b2595ee761,6672e93b03029310057e1c76,6673179e8fce482c1e4ec0f9,,,,,,,,,,,,,,,,,,,,,,,,,,,,,,,,,,,,,,,,,,1,,,,,,,,,,,,,2,,,,,,,,,,,,,,,,,,,,,,,,,,,,s,0.3794,,space,0.4328,,2,yellow_gnome,2,1,bright_forest,red_basket,red_gnome,2,4,dark_forest,yellow_basket,1,0,0,1,yellow_gnome,bright_forest,red_basket,1912,0,-1,16,2,130,1,1,,,,,,,,,,,,,,,,,,,,,,,,,,,,,,,,,,,,,,,,,,,,,,,,,,,,,,,,,,,,,,,,,,,,,,,,,,,,
,,,,,,,,,,,,,,,,,,,,,,,,,,,,,,,,,,,,,,,,,,,,,,,,,,,,,,,,,,,,,,,,,704919,001,2024-06-19_18h39.22.193,experiment,2023.2.3,Linux x86_64,59.88023952,63655432e66823b2595ee761,6672e93b03029310057e1c76,6673179e8fce482c1e4ec0f9,,,,,,,,,,,,,,,,,,,,,,,,,,,,,,,,,,,,,,,,,,5,,,,,,,,,,,,,2,,,,,,,,,,,,,,,,,,,,,,,,,,,,s,0.4149,,space,0.4557,,2,yellow_gnome,2,1,bright_forest,red_basket,red_gnome,2,3,dark_forest,yellow_basket,5,0,0,1,yellow_gnome,bright_forest,red_basket,1917,-1,2,16,3,131,5,1,,,,,,,,,,,,,,,,,,,,,,,,,,,,,,,,,,,,,,,,,,,,,,,,,,,,,,,,,,,,,,,,,,,,,,,,,,,,
,,,,,,,,,,,,,,,,,,,,,,,,,,,,,,,,,,,,,,,,,,,,,,,,,,,,,,,,,,,,,,,,,704919,001,2024-06-19_18h39.22.193,experiment,2023.2.3,Linux x86_64,59.88023952,63655432e66823b2595ee761,6672e93b03029310057e1c76,6673179e8fce482c1e4ec0f9,,,,,,,,,,,,,,,,,,,,,,,,,,,,,,,,,,,,,,,,,,1,,,,,,,,,,,,,4,,,,,,,,,,,,,,,,,,,,,,,,,,,,s,1.1934,,space,0.7897,,4,purple_gnome,4,5,dark_forest,yellow_basket,brown_gnome,4,0,bright_forest,red_basket,5,0,0,1,purple_gnome,dark_forest,yellow_basket,1922,0,-2,16,4,132,3,1,,,,,,,,,,,,,,,,,,,,,,,,,,,,,,,,,,,,,,,,,,,,,,,,,,,,,,,,,,,,,,,,,,,,,,,,,,,,
,,,,,,,,,,,,,,,,,,,,,,,,,,,,,,,,,,,,,,,,,,,,,,,,,,,,,,,,,,,,,,,,,704919,001,2024-06-19_18h39.22.193,experiment,2023.2.3,Linux x86_64,59.88023952,63655432e66823b2595ee761,6672e93b03029310057e1c76,6673179e8fce482c1e4ec0f9,,,,,,,,,,,,,,,,,,,,,,,,,,,,,,,,,,,,,,,,,,1,,,,,,,,,,,,,2,,,,,,,,,,,,,,,,,,,,,,,,,,,,k,0.6801,,space,0.0594,,2,yellow_gnome,2,0,bright_forest,red_basket,red_gnome,2,3,dark_forest,yellow_basket,3,0,0,1,red_gnome,dark_forest,yellow_basket,1925,-1,-1,16,5,133,1,1,,,,,,,,,,,,,,,,,,,,,,,,,,,,,,,,,,,,,,,,,,,,,,,,,,,,,,,,,,,,,,,,,,,,,,,,,,,,
,,,,,,,,,,,,,,,,,,,,,,,,,,,,,,,,,,,,,,,,,,,,,,,,,,,,,,,,,,,,,,,,,704919,001,2024-06-19_18h39.22.193,experiment,2023.2.3,Linux x86_64,59.88023952,63655432e66823b2595ee761,6672e93b03029310057e1c76,6673179e8fce482c1e4ec0f9,,,,,,,,,,,,,,,,,,,,,,,,,,,,,,,,,,,,,,,,,,5,,,,,,,,,,,,,3,,,,,,,,,,,,,,,,,,,,,,,,,,,,k,0.5514,,space,0.4352,,3,pink_gnome,3,2,dark_forest,yellow_basket,green_gnome,3,1,bright_forest,red_basket,5,0,0,1,green_gnome,bright_forest,red_basket,1930,3,1,16,6,134,6,1,,,,,,,,,,,,,,,,,,,,,,,,,,,,,,,,,,,,,,,,,,,,,,,,,,,,,,,,,,,,,,,,,,,,,,,,,,,,
,,,,,,,,,,,,,,,,,,,,,,,,,,,,,,,,,,,,,,,,,,,,,,,,,,,,,,,,,,,,,,,,,704919,001,2024-06-19_18h39.22.193,experiment,2023.2.3,Linux x86_64,59.88023952,63655432e66823b2595ee761,6672e93b03029310057e1c76,6673179e8fce482c1e4ec0f9,,,,,,,,,,,,,,,,,,,,,,,,,,,,,,,,,,,,,,,,,,1,,,,,,,,,,,,,1,,,,,,,,,,,,,,,,,,,,,,,,,,,,k,0.6111,,space,0.4565,,1,blue_gnome,1,3,dark_forest,yellow_basket,orange_gnome,1,4,bright_forest,red_basket,4,0,0,1,orange_gnome,bright_forest,red_basket,1934,2,-2,16,7,135,0,1,,,,,,,,,,,,,,,,,,,,,,,,,,,,,,,,,,,,,,,,,,,,,,,,,,,,,,,,,,,,,,,,,,,,,,,,,,,,
,,,,,,,,,,,,,,,,,,,,,,,,,,,,,,,,,,,,,,,,,,,,,,,,,,,,,,,,,,,,,,,,,704919,001,2024-06-19_18h39.22.193,experiment,2023.2.3,Linux x86_64,59.88023952,63655432e66823b2595ee761,6672e93b03029310057e1c76,6673179e8fce482c1e4ec0f9,,,,,,,,,,,,,,,,,,,,,,,,,,,,,,,,,,,,,,,,,,1,,,,,,,,,,,,,4,,,,,,,,,,,,,,,,,,,,,,,,,,,,k,0.5456,,space,0.7047,,4,purple_gnome,4,1,dark_forest,yellow_basket,brown_gnome,4,6,bright_forest,red_basket,6,0,0,1,brown_gnome,bright_forest,red_basket,1940,0,-1,17,0,136,3,1,,,,,,,,,,,,,,,,,,,,,,,,,,,,,,,,,,,,,,,,,,,,,,,,,,,,,,,,,,,,,,,,,,,,,,,,,,,,
,,,,,,,,,,,,,,,,,,,,,,,,,,,,,,,,,,,,,,,,,,,,,,,,,,,,,,,,,,,,,,,,,704919,001,2024-06-19_18h39.22.193,experiment,2023.2.3,Linux x86_64,59.88023952,63655432e66823b2595ee761,6672e93b03029310057e1c76,6673179e8fce482c1e4ec0f9,,,,,,,,,,,,,,,,,,,,,,,,,,,,,,,,,,,,,,,,,,5,,,,,,,,,,,,,1,,,,,,,,,,,,,,,,,,,,,,,,,,,,k,0.7922,,space,1.0666,,1,blue_gnome,1,0,dark_forest,yellow_basket,orange_gnome,1,6,bright_forest,red_basket,30,0,0,1,orange_gnome,bright_forest,red_basket,1970,0,0,17,1,137,4,1,,,,,,,,,,,,,,,,,,,,,,,,,,,,,,,,,,,,,,,,,,,,,,,,,,,,,,,,,,,,,,,,,,,,,,,,,,,,
,,,,,,,,,,,,,,,,,,,,,,,,,,,,,,,,,,,,,,,,,,,,,,,,,,,,,,,,,,,,,,,,,704919,001,2024-06-19_18h39.22.193,experiment,2023.2.3,Linux x86_64,59.88023952,63655432e66823b2595ee761,6672e93b03029310057e1c76,6673179e8fce482c1e4ec0f9,,,,,,,,,,,,,,,,,,,,,,,,,,,,,,,,,,,,,,,,,,5,,,,,,,,,,,,,4,,,,,,,,,,,,,,,,,,,,,,,,,,,,k,0.5285,,space,0.8871,,4,brown_gnome,4,6,bright_forest,red_basket,purple_gnome,4,0,dark_forest,yellow_basket,0,0,0,1,purple_gnome,dark_forest,yellow_basket,1970,0,-2,17,2,138,7,1,,,,,,,,,,,,,,,,,,,,,,,,,,,,,,,,,,,,,,,,,,,,,,,,,,,,,,,,,,,,,,,,,,,,,,,,,,,,
,,,,,,,,,,,,,,,,,,,,,,,,,,,,,,,,,,,,,,,,,,,,,,,,,,,,,,,,,,,,,,,,,704919,001,2024-06-19_18h39.22.193,experiment,2023.2.3,Linux x86_64,59.88023952,63655432e66823b2595ee761,6672e93b03029310057e1c76,6673179e8fce482c1e4ec0f9,,,,,,,,,,,,,,,,,,,,,,,,,,,,,,,,,,,,,,,,,,1,,,,,,,,,,,,,1,,,,,,,,,,,,,,,,,,,,,,,,,,,,k,0.6997,,space,0.4817,,1,orange_gnome,1,6,bright_forest,red_basket,blue_gnome,1,2,dark_forest,yellow_basket,2,0,0,1,blue_gnome,dark_forest,yellow_basket,1972,1,2,17,3,139,0,1,,,,,,,,,,,,,,,,,,,,,,,,,,,,,,,,,,,,,,,,,,,,,,,,,,,,,,,,,,,,,,,,,,,,,,,,,,,,
,,,,,,,,,,,,,,,,,,,,,,,,,,,,,,,,,,,,,,,,,,,,,,,,,,,,,,,,,,,,,,,,,704919,001,2024-06-19_18h39.22.193,experiment,2023.2.3,Linux x86_64,59.88023952,63655432e66823b2595ee761,6672e93b03029310057e1c76,6673179e8fce482c1e4ec0f9,,,,,,,,,,,,,,,,,,,,,,,,,,,,,,,,,,,,,,,,,,5,,,,,,,,,,,,,1,,,,,,,,,,,,,,,,,,,,,,,,,,,,k,0.4487,,space,0.3237,,1,orange_gnome,1,7,bright_forest,red_basket,blue_gnome,1,4,dark_forest,yellow_basket,20,0,0,1,blue_gnome,dark_forest,yellow_basket,1992,1,-3,17,4,140,4,1,,,,,,,,,,,,,,,,,,,,,,,,,,,,,,,,,,,,,,,,,,,,,,,,,,,,,,,,,,,,,,,,,,,,,,,,,,,,
,,,,,,,,,,,,,,,,,,,,,,,,,,,,,,,,,,,,,,,,,,,,,,,,,,,,,,,,,,,,,,,,,704919,001,2024-06-19_18h39.22.193,experiment,2023.2.3,Linux x86_64,59.88023952,63655432e66823b2595ee761,6672e93b03029310057e1c76,6673179e8fce482c1e4ec0f9,,,,,,,,,,,,,,,,,,,,,,,,,,,,,,,,,,,,,,,,,,5,,,,,,,,,,,,,1,,,,,,,,,,,,,,,,,,,,,,,,,,,,k,0.4537,,space,0.4159,,1,blue_gnome,1,1,dark_forest,yellow_basket,orange_gnome,1,8,bright_forest,red_basket,40,0,0,1,orange_gnome,bright_forest,red_basket,2032,0,2,17,5,141,4,1,,,,,,,,,,,,,,,,,,,,,,,,,,,,,,,,,,,,,,,,,,,,,,,,,,,,,,,,,,,,,,,,,,,,,,,,,,,,
,,,,,,,,,,,,,,,,,,,,,,,,,,,,,,,,,,,,,,,,,,,,,,,,,,,,,,,,,,,,,,,,,704919,001,2024-06-19_18h39.22.193,experiment,2023.2.3,Linux x86_64,59.88023952,63655432e66823b2595ee761,6672e93b03029310057e1c76,6673179e8fce482c1e4ec0f9,,,,,,,,,,,,,,,,,,,,,,,,,,,,,,,,,,,,,,,,,,1,,,,,,,,,,,,,3,,,,,,,,,,,,,,,,,,,,,,,,,,,,k,0.4999,,space,0.3169,,3,green_gnome,3,8,bright_forest,red_basket,pink_gnome,3,3,dark_forest,yellow_basket,3,0,0,1,pink_gnome,dark_forest,yellow_basket,2035,-4,0,17,6,142,2,1,,,,,,,,,,,,,,,,,,,,,,,,,,,,,,,,,,,,,,,,,,,,,,,,,,,,,,,,,,,,,,,,,,,,,,,,,,,,
,,,,,,,,,,,,,,,,,,,,,,,,,,,,,,,,,,,,,,,,,,,,,,,,,,,,,,,,,,,,,,,,,704919,001,2024-06-19_18h39.22.193,experiment,2023.2.3,Linux x86_64,59.88023952,63655432e66823b2595ee761,6672e93b03029310057e1c76,6673179e8fce482c1e4ec0f9,,,,,,,,,,,,,,,,,,,,,,,,,,,,,,,,,,,,,,,,,,1,,,,,,,,,,,,,3,,,,,,,,,,,,,,,,,,,,,,,,,,,,k,0.4715,,space,0.3997,,3,pink_gnome,3,3,dark_forest,yellow_basket,green_gnome,3,4,bright_forest,red_basket,4,0,0,1,green_gnome,bright_forest,red_basket,2039,6,0,17,7,143,2,1,,,,,,,,,,,,,,,,,,,,,,,,,,,,,,,,,,,,,,,,,,,,,,,,,,,,,,,,,,,,,,,,,,,,,,,,,,,,
,,,,,,,,,,,,,,,,,,,,,,,,,,,,,,,,,,,,,,,,,,,,,,,,,,,,,,,,,,,,,,,,,704919,001,2024-06-19_18h39.22.193,experiment,2023.2.3,Linux x86_64,59.88023952,63655432e66823b2595ee761,6672e93b03029310057e1c76,6673179e8fce482c1e4ec0f9,,,,,,,,,,,,,,,,,,,,,,,,,,,,,,,,,,,,,,,,,,5,,,,,,,,,,,,,2,,,,,,,,,,,,,,,,,,,,,,,,,,,,k,0.4348,,space,0.4116,,2,red_gnome,2,3,dark_forest,yellow_basket,yellow_gnome,2,8,bright_forest,red_basket,40,0,0,1,yellow_gnome,bright_forest,red_basket,2079,4,-1,18,0,144,5,1,,,,,,,,,,,,,,,,,,,,,,,,,,,,,,,,,,,,,,,,,,,,,,,,,,,,,,,,,,,,,,,,,,,,,,,,,,,,
,,,,,,,,,,,,,,,,,,,,,,,,,,,,,,,,,,,,,,,,,,,,,,,,,,,,,,,,,,,,,,,,,704919,001,2024-06-19_18h39.22.193,experiment,2023.2.3,Linux x86_64,59.88023952,63655432e66823b2595ee761,6672e93b03029310057e1c76,6673179e8fce482c1e4ec0f9,,,,,,,,,,,,,,,,,,,,,,,,,,,,,,,,,,,,,,,,,,1,,,,,,,,,,,,,4,,,,,,,,,,,,,,,,,,,,,,,,,,,,k,0.6412,,space,0.6848,,4,brown_gnome,4,6,bright_forest,red_basket,purple_gnome,4,2,dark_forest,yellow_basket,2,0,0,1,purple_gnome,dark_forest,yellow_basket,2081,1,0,18,1,145,3,1,,,,,,,,,,,,,,,,,,,,,,,,,,,,,,,,,,,,,,,,,,,,,,,,,,,,,,,,,,,,,,,,,,,,,,,,,,,,
,,,,,,,,,,,,,,,,,,,,,,,,,,,,,,,,,,,,,,,,,,,,,,,,,,,,,,,,,,,,,,,,,704919,001,2024-06-19_18h39.22.193,experiment,2023.2.3,Linux x86_64,59.88023952,63655432e66823b2595ee761,6672e93b03029310057e1c76,6673179e8fce482c1e4ec0f9,,,,,,,,,,,,,,,,,,,,,,,,,,,,,,,,,,,,,,,,,,1,,,,,,,,,,,,,2,,,,,,,,,,,,,,,,,,,,,,,,,,,,k,0.6978,,space,1.2247,,2,yellow_gnome,2,7,bright_forest,red_basket,red_gnome,2,2,dark_forest,yellow_basket,2,0,0,1,red_gnome,dark_forest,yellow_basket,2083,-3,-1,18,2,146,1,1,,,,,,,,,,,,,,,,,,,,,,,,,,,,,,,,,,,,,,,,,,,,,,,,,,,,,,,,,,,,,,,,,,,,,,,,,,,,
,,,,,,,,,,,,,,,,,,,,,,,,,,,,,,,,,,,,,,,,,,,,,,,,,,,,,,,,,,,,,,,,,704919,001,2024-06-19_18h39.22.193,experiment,2023.2.3,Linux x86_64,59.88023952,63655432e66823b2595ee761,6672e93b03029310057e1c76,6673179e8fce482c1e4ec0f9,,,,,,,,,,,,,,,,,,,,,,,,,,,,,,,,,,,,,,,,,,5,,,,,,,,,,,,,4,,,,,,,,,,,,,,,,,,,,,,,,,,,,k,1.1675,,space,1.1699,,4,brown_gnome,4,4,bright_forest,red_basket,purple_gnome,4,1,dark_forest,yellow_basket,5,0,0,1,purple_gnome,dark_forest,yellow_basket,2088,1,-2,18,3,147,7,1,,,,,,,,,,,,,,,,,,,,,,,,,,,,,,,,,,,,,,,,,,,,,,,,,,,,,,,,,,,,,,,,,,,,,,,,,,,,
,,,,,,,,,,,,,,,,,,,,,,,,,,,,,,,,,,,,,,,,,,,,,,,,,,,,,,,,,,,,,,,,,704919,001,2024-06-19_18h39.22.193,experiment,2023.2.3,Linux x86_64,59.88023952,63655432e66823b2595ee761,6672e93b03029310057e1c76,6673179e8fce482c1e4ec0f9,,,,,,,,,,,,,,,,,,,,,,,,,,,,,,,,,,,,,,,,,,5,,,,,,,,,,,,,2,,,,,,,,,,,,,,,,,,,,,,,,,,,,k,0.928,,space,1.3042,,2,yellow_gnome,2,5,bright_forest,red_basket,red_gnome,2,1,dark_forest,yellow_basket,5,0,0,1,red_gnome,dark_forest,yellow_basket,2093,-3,4,18,4,148,5,1,,,,,,,,,,,,,,,,,,,,,,,,,,,,,,,,,,,,,,,,,,,,,,,,,,,,,,,,,,,,,,,,,,,,,,,,,,,,
,,,,,,,,,,,,,,,,,,,,,,,,,,,,,,,,,,,,,,,,,,,,,,,,,,,,,,,,,,,,,,,,,704919,001,2024-06-19_18h39.22.193,experiment,2023.2.3,Linux x86_64,59.88023952,63655432e66823b2595ee761,6672e93b03029310057e1c76,6673179e8fce482c1e4ec0f9,,,,,,,,,,,,,,,,,,,,,,,,,,,,,,,,,,,,,,,,,,1,,,,,,,,,,,,,1,,,,,,,,,,,,,,,,,,,,,,,,,,,,k,0.5899,,space,0.8977,,1,blue_gnome,1,5,dark_forest,yellow_basket,orange_gnome,1,2,bright_forest,red_basket,2,0,0,1,orange_gnome,bright_forest,red_basket,2095,0,-3,18,5,149,0,1,,,,,,,,,,,,,,,,,,,,,,,,,,,,,,,,,,,,,,,,,,,,,,,,,,,,,,,,,,,,,,,,,,,,,,,,,,,,
,,,,,,,,,,,,,,,,,,,,,,,,,,,,,,,,,,,,,,,,,,,,,,,,,,,,,,,,,,,,,,,,,704919,001,2024-06-19_18h39.22.193,experiment,2023.2.3,Linux x86_64,59.88023952,63655432e66823b2595ee761,6672e93b03029310057e1c76,6673179e8fce482c1e4ec0f9,,,,,,,,,,,,,,,,,,,,,,,,,,,,,,,,,,,,,,,,,,5,,,,,,,,,,,,,3,,,,,,,,,,,,,,,,,,,,,,,,,,,,k,0.7834,,space,0.9622,,3,green_gnome,3,2,bright_forest,red_basket,pink_gnome,3,2,dark_forest,yellow_basket,10,0,0,1,pink_gnome,dark_forest,yellow_basket,2105,-1,-2,18,6,150,6,1,,,,,,,,,,,,,,,,,,,,,,,,,,,,,,,,,,,,,,,,,,,,,,,,,,,,,,,,,,,,,,,,,,,,,,,,,,,,
,,,,,,,,,,,,,,,,,,,,,,,,,,,,,,,,,,,,,,,,,,,,,,,,,,,,,,,,,,,,,,,,,704919,001,2024-06-19_18h39.22.193,experiment,2023.2.3,Linux x86_64,59.88023952,63655432e66823b2595ee761,6672e93b03029310057e1c76,6673179e8fce482c1e4ec0f9,,,,,,,,,,,,,,,,,,,,,,,,,,,,,,,,,,,,,,,,,,5,,,,,,,,,,,,,4,,,,,,,,,,,,,,,,,,,,,,,,,,,,k,0.7004,,space,0.9985,,4,brown_gnome,4,1,bright_forest,red_basket,purple_gnome,4,0,dark_forest,yellow_basket,0,0,0,1,purple_gnome,dark_forest,yellow_basket,2105,-3,-3,18,7,151,7,1,,,,,,,,,,,,,,,,,,,,,,,,,,,,,,,,,,,,,,,,,,,,,,,,,,,,,,,,,,,,,,,,,,,,,,,,,,,,
,,,,,,,,,,,,,,,,,,,,,,,,,,,,,,,,,,,,,,,,,,,,,,,,,,,,,,,,,,,,,,,,,704919,001,2024-06-19_18h39.22.193,experiment,2023.2.3,Linux x86_64,59.88023952,63655432e66823b2595ee761,6672e93b03029310057e1c76,6673179e8fce482c1e4ec0f9,,,,,,,,,,,,,,,,,,,,,,,,,,,,,,,,,,,,,,,,,,1,,,,,,,,,,,,,4,,,,,,,,,,,,,,,,,,,,,,,,,,,,k,0.964,,space,1.0756,,4,brown_gnome,4,2,bright_forest,red_basket,purple_gnome,4,3,dark_forest,yellow_basket,3,0,0,1,purple_gnome,dark_forest,yellow_basket,2108,2,-2,19,0,152,3,1,,,,,,,,,,,,,,,,,,,,,,,,,,,,,,,,,,,,,,,,,,,,,,,,,,,,,,,,,,,,,,,,,,,,,,,,,,,,
,,,,,,,,,,,,,,,,,,,,,,,,,,,,,,,,,,,,,,,,,,,,,,,,,,,,,,,,,,,,,,,,,704919,001,2024-06-19_18h39.22.193,experiment,2023.2.3,Linux x86_64,59.88023952,63655432e66823b2595ee761,6672e93b03029310057e1c76,6673179e8fce482c1e4ec0f9,,,,,,,,,,,,,,,,,,,,,,,,,,,,,,,,,,,,,,,,,,5,,,,,,,,,,,,,4,,,,,,,,,,,,,,,,,,,,,,,,,,,,k,0.9717,,space,0.7084,,4,purple_gnome,4,1,dark_forest,yellow_basket,brown_gnome,4,4,bright_forest,red_basket,20,0,0,1,brown_gnome,bright_forest,red_basket,2128,0,1,19,1,153,7,1,,,,,,,,,,,,,,,,,,,,,,,,,,,,,,,,,,,,,,,,,,,,,,,,,,,,,,,,,,,,,,,,,,,,,,,,,,,,
,,,,,,,,,,,,,,,,,,,,,,,,,,,,,,,,,,,,,,,,,,,,,,,,,,,,,,,,,,,,,,,,,704919,001,2024-06-19_18h39.22.193,experiment,2023.2.3,Linux x86_64,59.88023952,63655432e66823b2595ee761,6672e93b03029310057e1c76,6673179e8fce482c1e4ec0f9,,,,,,,,,,,,,,,,,,,,,,,,,,,,,,,,,,,,,,,,,,1,,,,,,,,,,,,,4,,,,,,,,,,,,,,,,,,,,,,,,,,,,k,0.6787,,space,0.4865,,4,purple_gnome,4,2,dark_forest,yellow_basket,brown_gnome,4,4,bright_forest,red_basket,4,0,0,1,brown_gnome,bright_forest,red_basket,2132,-2,-2,19,2,154,3,1,,,,,,,,,,,,,,,,,,,,,,,,,,,,,,,,,,,,,,,,,,,,,,,,,,,,,,,,,,,,,,,,,,,,,,,,,,,,
,,,,,,,,,,,,,,,,,,,,,,,,,,,,,,,,,,,,,,,,,,,,,,,,,,,,,,,,,,,,,,,,,704919,001,2024-06-19_18h39.22.193,experiment,2023.2.3,Linux x86_64,59.88023952,63655432e66823b2595ee761,6672e93b03029310057e1c76,6673179e8fce482c1e4ec0f9,,,,,,,,,,,,,,,,,,,,,,,,,,,,,,,,,,,,,,,,,,1,,,,,,,,,,,,,3,,,,,,,,,,,,,,,,,,,,,,,,,,,,k,0.4593,,space,0.3386,,3,pink_gnome,3,0,dark_forest,yellow_basket,green_gnome,3,2,bright_forest,red_basket,2,0,0,1,green_gnome,bright_forest,red_basket,2134,-1,0,19,3,155,2,1,,,,,,,,,,,,,,,,,,,,,,,,,,,,,,,,,,,,,,,,,,,,,,,,,,,,,,,,,,,,,,,,,,,,,,,,,,,,
,,,,,,,,,,,,,,,,,,,,,,,,,,,,,,,,,,,,,,,,,,,,,,,,,,,,,,,,,,,,,,,,,704919,001,2024-06-19_18h39.22.193,experiment,2023.2.3,Linux x86_64,59.88023952,63655432e66823b2595ee761,6672e93b03029310057e1c76,6673179e8fce482c1e4ec0f9,,,,,,,,,,,,,,,,,,,,,,,,,,,,,,,,,,,,,,,,,,5,,,,,,,,,,,,,2,,,,,,,,,,,,,,,,,,,,,,,,,,,,k,0.6218,,space,0.9731,,2,red_gnome,2,0,dark_forest,yellow_basket,yellow_gnome,2,1,bright_forest,red_basket,5,0,0,1,yellow_gnome,bright_forest,red_basket,2139,0,1,19,4,156,5,1,,,,,,,,,,,,,,,,,,,,,,,,,,,,,,,,,,,,,,,,,,,,,,,,,,,,,,,,,,,,,,,,,,,,,,,,,,,,
,,,,,,,,,,,,,,,,,,,,,,,,,,,,,,,,,,,,,,,,,,,,,,,,,,,,,,,,,,,,,,,,,704919,001,2024-06-19_18h39.22.193,experiment,2023.2.3,Linux x86_64,59.88023952,63655432e66823b2595ee761,6672e93b03029310057e1c76,6673179e8fce482c1e4ec0f9,,,,,,,,,,,,,,,,,,,,,,,,,,,,,,,,,,,,,,,,,,1,,,,,,,,,,,,,2,,,,,,,,,,,,,,,,,,,,,,,,,,,,k,0.5172,,space,0.4374,,2,yellow_gnome,2,1,bright_forest,red_basket,red_gnome,2,1,dark_forest,yellow_basket,1,0,0,1,red_gnome,dark_forest,yellow_basket,2140,2,-2,19,5,157,1,1,,,,,,,,,,,,,,,,,,,,,,,,,,,,,,,,,,,,,,,,,,,,,,,,,,,,,,,,,,,,,,,,,,,,,,,,,,,,
,,,,,,,,,,,,,,,,,,,,,,,,,,,,,,,,,,,,,,,,,,,,,,,,,,,,,,,,,,,,,,,,,704919,001,2024-06-19_18h39.22.193,experiment,2023.2.3,Linux x86_64,59.88023952,63655432e66823b2595ee761,6672e93b03029310057e1c76,6673179e8fce482c1e4ec0f9,,,,,,,,,,,,,,,,,,,,,,,,,,,,,,,,,,,,,,,,,,1,,,,,,,,,,,,,3,,,,,,,,,,,,,,,,,,,,,,,,,,,,k,0.5119,,space,0.5772,,3,green_gnome,3,3,bright_forest,red_basket,pink_gnome,3,1,dark_forest,yellow_basket,1,0,0,1,pink_gnome,dark_forest,yellow_basket,2141,0,5,19,6,158,2,1,,,,,,,,,,,,,,,,,,,,,,,,,,,,,,,,,,,,,,,,,,,,,,,,,,,,,,,,,,,,,,,,,,,,,,,,,,,,
,,,,,,,,,,,,,,,,,,,,,,,,,,,,,,,,,,,,,,,,,,,,,,,,,,,,,,,,,,,,,,,,,704919,001,2024-06-19_18h39.22.193,experiment,2023.2.3,Linux x86_64,59.88023952,63655432e66823b2595ee761,6672e93b03029310057e1c76,6673179e8fce482c1e4ec0f9,,,,,,,,,,,,,,,,,,,,,,,,,,,,,,,,,,,,,,,,,,5,,,,,,,,,,,,,2,,,,,,,,,,,,,,,,,,,,,,,,,,,,s,0.6111,,space,0.4167,,2,red_gnome,2,6,dark_forest,yellow_basket,yellow_gnome,2,3,bright_forest,red_basket,30,0,0,1,red_gnome,dark_forest,yellow_basket,2171,-2,0,19,7,159,5,1,,,,,,,,,,,,,,,,,,,,,,,,,,,,,,,,,,,,,,,,,,,,,,,,,,,,,,,,,,,,,,,,,,,,,,,,,,,,
,,,,,,,,,,,,,,,,,,,,,,,,,,,,,,,,,,,,,,,,,,,,,,,,,,,,,,,,,,,,,,,,,704919,001,2024-06-19_18h39.22.193,experiment,2023.2.3,Linux x86_64,59.88023952,63655432e66823b2595ee761,6672e93b03029310057e1c76,6673179e8fce482c1e4ec0f9,,,,,,,,,,,,,,,,,,,,,,,,,,,,,,,,,,,,,,,,,,1,,,,,,,,,,,,,3,,,,,,,,,,,,,,,,,,,,,,,,,,,,s,0.4412,,space,0.3886,,3,pink_gnome,3,6,dark_forest,yellow_basket,green_gnome,3,1,bright_forest,red_basket,6,0,0,1,pink_gnome,dark_forest,yellow_basket,2177,-3,2,20,0,160,2,1,,,,,,,,,,,,,,,,,,,,,,,,,,,,,,,,,,,,,,,,,,,,,,,,,,,,,,,,,,,,,,,,,,,,,,,,,,,,
,,,,,,,,,,,,,,,,,,,,,,,,,,,,,,,,,,,,,,,,,,,,,,,,,,,,,,,,,,,,,,,,,704919,001,2024-06-19_18h39.22.193,experiment,2023.2.3,Linux x86_64,59.88023952,63655432e66823b2595ee761,6672e93b03029310057e1c76,6673179e8fce482c1e4ec0f9,,,,,,,,,,,,,,,,,,,,,,,,,,,,,,,,,,,,,,,,,,1,,,,,,,,,,,,,1,,,,,,,,,,,,,,,,,,,,,,,,,,,,s,0.4177,,space,0.2435,,1,blue_gnome,1,8,dark_forest,yellow_basket,orange_gnome,1,2,bright_forest,red_basket,8,0,0,1,blue_gnome,dark_forest,yellow_basket,2185,2,2,20,1,161,0,1,,,,,,,,,,,,,,,,,,,,,,,,,,,,,,,,,,,,,,,,,,,,,,,,,,,,,,,,,,,,,,,,,,,,,,,,,,,,
,,,,,,,,,,,,,,,,,,,,,,,,,,,,,,,,,,,,,,,,,,,,,,,,,,,,,,,,,,,,,,,,,704919,001,2024-06-19_18h39.22.193,experiment,2023.2.3,Linux x86_64,59.88023952,63655432e66823b2595ee761,6672e93b03029310057e1c76,6673179e8fce482c1e4ec0f9,,,,,,,,,,,,,,,,,,,,,,,,,,,,,,,,,,,,,,,,,,1,,,,,,,,,,,,,1,,,,,,,,,,,,,,,,,,,,,,,,,,,,s,0.4081,,space,0.2133,,1,orange_gnome,1,4,bright_forest,red_basket,blue_gnome,1,8,dark_forest,yellow_basket,4,0,0,1,orange_gnome,bright_forest,red_basket,2189,3,-2,20,2,162,0,1,,,,,,,,,,,,,,,,,,,,,,,,,,,,,,,,,,,,,,,,,,,,,,,,,,,,,,,,,,,,,,,,,,,,,,,,,,,,
,,,,,,,,,,,,,,,,,,,,,,,,,,,,,,,,,,,,,,,,,,,,,,,,,,,,,,,,,,,,,,,,,704919,001,2024-06-19_18h39.22.193,experiment,2023.2.3,Linux x86_64,59.88023952,63655432e66823b2595ee761,6672e93b03029310057e1c76,6673179e8fce482c1e4ec0f9,,,,,,,,,,,,,,,,,,,,,,,,,,,,,,,,,,,,,,,,,,1,,,,,,,,,,,,,4,,,,,,,,,,,,,,,,,,,,,,,,,,,,s,0.4647,,space,0.3104,,4,purple_gnome,4,6,dark_forest,yellow_basket,brown_gnome,4,7,bright_forest,red_basket,6,0,0,1,purple_gnome,dark_forest,yellow_basket,2195,-2,1,20,3,163,3,1,,,,,,,,,,,,,,,,,,,,,,,,,,,,,,,,,,,,,,,,,,,,,,,,,,,,,,,,,,,,,,,,,,,,,,,,,,,,
,,,,,,,,,,,,,,,,,,,,,,,,,,,,,,,,,,,,,,,,,,,,,,,,,,,,,,,,,,,,,,,,,704919,001,2024-06-19_18h39.22.193,experiment,2023.2.3,Linux x86_64,59.88023952,63655432e66823b2595ee761,6672e93b03029310057e1c76,6673179e8fce482c1e4ec0f9,,,,,,,,,,,,,,,,,,,,,,,,,,,,,,,,,,,,,,,,,,1,,,,,,,,,,,,,2,,,,,,,,,,,,,,,,,,,,,,,,,,,,s,0.4275,,space,0.4909,,2,yellow_gnome,2,5,bright_forest,red_basket,red_gnome,2,7,dark_forest,yellow_basket,5,0,0,1,yellow_gnome,bright_forest,red_basket,2200,2,0,20,4,164,1,1,,,,,,,,,,,,,,,,,,,,,,,,,,,,,,,,,,,,,,,,,,,,,,,,,,,,,,,,,,,,,,,,,,,,,,,,,,,,
,,,,,,,,,,,,,,,,,,,,,,,,,,,,,,,,,,,,,,,,,,,,,,,,,,,,,,,,,,,,,,,,,704919,001,2024-06-19_18h39.22.193,experiment,2023.2.3,Linux x86_64,59.88023952,63655432e66823b2595ee761,6672e93b03029310057e1c76,6673179e8fce482c1e4ec0f9,,,,,,,,,,,,,,,,,,,,,,,,,,,,,,,,,,,,,,,,,,1,,,,,,,,,,,,,2,,,,,,,,,,,,,,,,,,,,,,,,,,,,s,0.5506,,space,0.4822,,2,yellow_gnome,2,7,bright_forest,red_basket,red_gnome,2,7,dark_forest,yellow_basket,7,0,0,1,yellow_gnome,bright_forest,red_basket,2207,3,0,20,5,165,1,1,,,,,,,,,,,,,,,,,,,,,,,,,,,,,,,,,,,,,,,,,,,,,,,,,,,,,,,,,,,,,,,,,,,,,,,,,,,,
,,,,,,,,,,,,,,,,,,,,,,,,,,,,,,,,,,,,,,,,,,,,,,,,,,,,,,,,,,,,,,,,,704919,001,2024-06-19_18h39.22.193,experiment,2023.2.3,Linux x86_64,59.88023952,63655432e66823b2595ee761,6672e93b03029310057e1c76,6673179e8fce482c1e4ec0f9,,,,,,,,,,,,,,,,,,,,,,,,,,,,,,,,,,,,,,,,,,1,,,,,,,,,,,,,1,,,,,,,,,,,,,,,,,,,,,,,,,,,,s,0.7558,,space,0.4508,,1,blue_gnome,1,7,dark_forest,yellow_basket,orange_gnome,1,8,bright_forest,red_basket,7,0,0,1,blue_gnome,dark_forest,yellow_basket,2214,2,1,20,6,166,0,1,,,,,,,,,,,,,,,,,,,,,,,,,,,,,,,,,,,,,,,,,,,,,,,,,,,,,,,,,,,,,,,,,,,,,,,,,,,,
,,,,,,,,,,,,,,,,,,,,,,,,,,,,,,,,,,,,,,,,,,,,,,,,,,,,,,,,,,,,,,,,,704919,001,2024-06-19_18h39.22.193,experiment,2023.2.3,Linux x86_64,59.88023952,63655432e66823b2595ee761,6672e93b03029310057e1c76,6673179e8fce482c1e4ec0f9,,,,,,,,,,,,,,,,,,,,,,,,,,,,,,,,,,,,,,,,,,5,,,,,,,,,,,,,4,,,,,,,,,,,,,,,,,,,,,,,,,,,,s,0.5947,,space,0.5512,,4,brown_gnome,4,8,bright_forest,red_basket,purple_gnome,4,8,dark_forest,yellow_basket,40,0,0,1,brown_gnome,bright_forest,red_basket,2254,-1,-2,20,7,167,7,1,,,,,,,,,,,,,,,,,,,,,,,,,,,,,,,,,,,,,,,,,,,,,,,,,,,,,,,,,,,,,,,,,,,,,,,,,,,,
,,,,,,,,,,,,,,,,,,,,,,,,,,,,,,,,,,,,,,,,,,,,,,,,,,,,,,,,,,,,,,,,,704919,001,2024-06-19_18h39.22.193,experiment,2023.2.3,Linux x86_64,59.88023952,63655432e66823b2595ee761,6672e93b03029310057e1c76,6673179e8fce482c1e4ec0f9,,,,,,,,,,,,,,,,,,,,,,,,,,,,,,,,,,,,,,,,,,5,,,,,,,,,,,,,1,,,,,,,,,,,,,,,,,,,,,,,,,,,,s,0.7265,,space,0.5523,,1,orange_gnome,1,7,bright_forest,red_basket,blue_gnome,1,6,dark_forest,yellow_basket,35,0,0,1,orange_gnome,bright_forest,red_basket,2289,1,1,21,0,168,4,1,,,,,,,,,,,,,,,,,,,,,,,,,,,,,,,,,,,,,,,,,,,,,,,,,,,,,,,,,,,,,,,,,,,,,,,,,,,,
,,,,,,,,,,,,,,,,,,,,,,,,,,,,,,,,,,,,,,,,,,,,,,,,,,,,,,,,,,,,,,,,,704919,001,2024-06-19_18h39.22.193,experiment,2023.2.3,Linux x86_64,59.88023952,63655432e66823b2595ee761,6672e93b03029310057e1c76,6673179e8fce482c1e4ec0f9,,,,,,,,,,,,,,,,,,,,,,,,,,,,,,,,,,,,,,,,,,5,,,,,,,,,,,,,4,,,,,,,,,,,,,,,,,,,,,,,,,,,,k,0.8578,,space,0.4257,,4,purple_gnome,4,7,dark_forest,yellow_basket,brown_gnome,4,8,bright_forest,red_basket,40,0,0,1,brown_gnome,bright_forest,red_basket,2329,2,-1,21,1,169,7,1,,,,,,,,,,,,,,,,,,,,,,,,,,,,,,,,,,,,,,,,,,,,,,,,,,,,,,,,,,,,,,,,,,,,,,,,,,,,
,,,,,,,,,,,,,,,,,,,,,,,,,,,,,,,,,,,,,,,,,,,,,,,,,,,,,,,,,,,,,,,,,704919,001,2024-06-19_18h39.22.193,experiment,2023.2.3,Linux x86_64,59.88023952,63655432e66823b2595ee761,6672e93b03029310057e1c76,6673179e8fce482c1e4ec0f9,,,,,,,,,,,,,,,,,,,,,,,,,,,,,,,,,,,,,,,,,,5,,,,,,,,,,,,,4,,,,,,,,,,,,,,,,,,,,,,,,,,,,k,0.4284,,space,0.3787,,4,brown_gnome,4,8,bright_forest,red_basket,purple_gnome,4,6,dark_forest,yellow_basket,30,0,0,1,purple_gnome,dark_forest,yellow_basket,2359,3,0,21,2,170,7,1,,,,,,,,,,,,,,,,,,,,,,,,,,,,,,,,,,,,,,,,,,,,,,,,,,,,,,,,,,,,,,,,,,,,,,,,,,,,
,,,,,,,,,,,,,,,,,,,,,,,,,,,,,,,,,,,,,,,,,,,,,,,,,,,,,,,,,,,,,,,,,704919,001,2024-06-19_18h39.22.193,experiment,2023.2.3,Linux x86_64,59.88023952,63655432e66823b2595ee761,6672e93b03029310057e1c76,6673179e8fce482c1e4ec0f9,,,,,,,,,,,,,,,,,,,,,,,,,,,,,,,,,,,,,,,,,,5,,,,,,,,,,,,,1,,,,,,,,,,,,,,,,,,,,,,,,,,,,k,0.5206,,space,0.3576,,1,orange_gnome,1,7,bright_forest,red_basket,blue_gnome,1,6,dark_forest,yellow_basket,30,0,0,1,blue_gnome,dark_forest,yellow_basket,2389,3,0,21,3,171,4,1,,,,,,,,,,,,,,,,,,,,,,,,,,,,,,,,,,,,,,,,,,,,,,,,,,,,,,,,,,,,,,,,,,,,,,,,,,,,
,,,,,,,,,,,,,,,,,,,,,,,,,,,,,,,,,,,,,,,,,,,,,,,,,,,,,,,,,,,,,,,,,704919,001,2024-06-19_18h39.22.193,experiment,2023.2.3,Linux x86_64,59.88023952,63655432e66823b2595ee761,6672e93b03029310057e1c76,6673179e8fce482c1e4ec0f9,,,,,,,,,,,,,,,,,,,,,,,,,,,,,,,,,,,,,,,,,,5,,,,,,,,,,,,,1,,,,,,,,,,,,,,,,,,,,,,,,,,,,k,0.4219,,space,0.3038,,1,orange_gnome,1,8,bright_forest,red_basket,blue_gnome,1,6,dark_forest,yellow_basket,30,0,0,1,blue_gnome,dark_forest,yellow_basket,2419,-1,0,21,4,172,4,1,,,,,,,,,,,,,,,,,,,,,,,,,,,,,,,,,,,,,,,,,,,,,,,,,,,,,,,,,,,,,,,,,,,,,,,,,,,,
,,,,,,,,,,,,,,,,,,,,,,,,,,,,,,,,,,,,,,,,,,,,,,,,,,,,,,,,,,,,,,,,,704919,001,2024-06-19_18h39.22.193,experiment,2023.2.3,Linux x86_64,59.88023952,63655432e66823b2595ee761,6672e93b03029310057e1c76,6673179e8fce482c1e4ec0f9,,,,,,,,,,,,,,,,,,,,,,,,,,,,,,,,,,,,,,,,,,5,,,,,,,,,,,,,4,,,,,,,,,,,,,,,,,,,,,,,,,,,,k,0.4542,,space,0.6439,,4,purple_gnome,4,6,dark_forest,yellow_basket,brown_gnome,4,7,bright_forest,red_basket,35,0,0,1,brown_gnome,bright_forest,red_basket,2454,2,1,21,5,173,7,1,,,,,,,,,,,,,,,,,,,,,,,,,,,,,,,,,,,,,,,,,,,,,,,,,,,,,,,,,,,,,,,,,,,,,,,,,,,,
,,,,,,,,,,,,,,,,,,,,,,,,,,,,,,,,,,,,,,,,,,,,,,,,,,,,,,,,,,,,,,,,,704919,001,2024-06-19_18h39.22.193,experiment,2023.2.3,Linux x86_64,59.88023952,63655432e66823b2595ee761,6672e93b03029310057e1c76,6673179e8fce482c1e4ec0f9,,,,,,,,,,,,,,,,,,,,,,,,,,,,,,,,,,,,,,,,,,1,,,,,,,,,,,,,1,,,,,,,,,,,,,,,,,,,,,,,,,,,,k,0.3657,,space,0.4292,,1,blue_gnome,1,7,dark_forest,yellow_basket,orange_gnome,1,9,bright_forest,red_basket,9,0,0,1,orange_gnome,bright_forest,red_basket,2463,1,-2,21,6,174,0,1,,,,,,,,,,,,,,,,,,,,,,,,,,,,,,,,,,,,,,,,,,,,,,,,,,,,,,,,,,,,,,,,,,,,,,,,,,,,
,,,,,,,,,,,,,,,,,,,,,,,,,,,,,,,,,,,,,,,,,,,,,,,,,,,,,,,,,,,,,,,,,704919,001,2024-06-19_18h39.22.193,experiment,2023.2.3,Linux x86_64,59.88023952,63655432e66823b2595ee761,6672e93b03029310057e1c76,6673179e8fce482c1e4ec0f9,,,,,,,,,,,,,,,,,,,,,,,,,,,,,,,,,,,,,,,,,,1,,,,,,,,,,,,,1,,,,,,,,,,,,,,,,,,,,,,,,,,,,k,0.4359,,space,0.3248,,1,orange_gnome,1,8,bright_forest,red_basket,blue_gnome,1,5,dark_forest,yellow_basket,5,0,0,1,blue_gnome,dark_forest,yellow_basket,2468,2,5,21,7,175,0,1,,,,,,,,,,,,,,,,,,,,,,,,,,,,,,,,,,,,,,,,,,,,,,,,,,,,,,,,,,,,,,,,,,,,,,,,,,,,
,,,,,,,,,,,,,,,,,,,,,,,,,,,,,,,,,,,,,,,,,,,,,,,,,,,,,,,,,,,,,,,,,704919,001,2024-06-19_18h39.22.193,experiment,2023.2.3,Linux x86_64,59.88023952,63655432e66823b2595ee761,6672e93b03029310057e1c76,6673179e8fce482c1e4ec0f9,,,,,,,,,,,,,,,,,,,,,,,,,,,,,,,,,,,,,,,,,,1,,,,,,,,,,,,,3,,,,,,,,,,,,,,,,,,,,,,,,,,,,k,0.7731,,space,0.907,,3,green_gnome,3,8,bright_forest,red_basket,pink_gnome,3,8,dark_forest,yellow_basket,8,0,0,1,pink_gnome,dark_forest,yellow_basket,2476,-3,0,22,0,176,2,1,,,,,,,,,,,,,,,,,,,,,,,,,,,,,,,,,,,,,,,,,,,,,,,,,,,,,,,,,,,,,,,,,,,,,,,,,,,,
,,,,,,,,,,,,,,,,,,,,,,,,,,,,,,,,,,,,,,,,,,,,,,,,,,,,,,,,,,,,,,,,,704919,001,2024-06-19_18h39.22.193,experiment,2023.2.3,Linux x86_64,59.88023952,63655432e66823b2595ee761,6672e93b03029310057e1c76,6673179e8fce482c1e4ec0f9,,,,,,,,,,,,,,,,,,,,,,,,,,,,,,,,,,,,,,,,,,5,,,,,,,,,,,,,1,,,,,,,,,,,,,,,,,,,,,,,,,,,,k,0.3413,,space,0.0621,,1,orange_gnome,1,5,bright_forest,red_basket,blue_gnome,1,8,dark_forest,yellow_basket,40,0,0,1,blue_gnome,dark_forest,yellow_basket,2516,3,2,22,1,177,4,1,,,,,,,,,,,,,,,,,,,,,,,,,,,,,,,,,,,,,,,,,,,,,,,,,,,,,,,,,,,,,,,,,,,,,,,,,,,,
,,,,,,,,,,,,,,,,,,,,,,,,,,,,,,,,,,,,,,,,,,,,,,,,,,,,,,,,,,,,,,,,,704919,001,2024-06-19_18h39.22.193,experiment,2023.2.3,Linux x86_64,59.88023952,63655432e66823b2595ee761,6672e93b03029310057e1c76,6673179e8fce482c1e4ec0f9,,,,,,,,,,,,,,,,,,,,,,,,,,,,,,,,,,,,,,,,,,5,,,,,,,,,,,,,2,,,,,,,,,,,,,,,,,,,,,,,,,,,,k,0.3964,,space,0.3251,,2,yellow_gnome,2,8,bright_forest,red_basket,red_gnome,2,8,dark_forest,yellow_basket,40,0,0,1,red_gnome,dark_forest,yellow_basket,2556,0,-1,22,2,178,5,1,,,,,,,,,,,,,,,,,,,,,,,,,,,,,,,,,,,,,,,,,,,,,,,,,,,,,,,,,,,,,,,,,,,,,,,,,,,,
,,,,,,,,,,,,,,,,,,,,,,,,,,,,,,,,,,,,,,,,,,,,,,,,,,,,,,,,,,,,,,,,,704919,001,2024-06-19_18h39.22.193,experiment,2023.2.3,Linux x86_64,59.88023952,63655432e66823b2595ee761,6672e93b03029310057e1c76,6673179e8fce482c1e4ec0f9,,,,,,,,,,,,,,,,,,,,,,,,,,,,,,,,,,,,,,,,,,5,,,,,,,,,,,,,1,,,,,,,,,,,,,,,,,,,,,,,,,,,,k,0.4643,,space,0.2716,,1,orange_gnome,1,8,bright_forest,red_basket,blue_gnome,1,7,dark_forest,yellow_basket,35,0,0,1,blue_gnome,dark_forest,yellow_basket,2591,2,-2,22,3,179,4,1,,,,,,,,,,,,,,,,,,,,,,,,,,,,,,,,,,,,,,,,,,,,,,,,,,,,,,,,,,,,,,,,,,,,,,,,,,,,
,,,,,,,,,,,,,,,,,,,,,,,,,,,,,,,,,,,,,,,,,,,,,,,,,,,,,,,,,,,,,,,,,704919,001,2024-06-19_18h39.22.193,experiment,2023.2.3,Linux x86_64,59.88023952,63655432e66823b2595ee761,6672e93b03029310057e1c76,6673179e8fce482c1e4ec0f9,,,,,,,,,,,,,,,,,,,,,,,,,,,,,,,,,,,,,,,,,,5,,,,,,,,,,,,,2,,,,,,,,,,,,,,,,,,,,,,,,,,,,s,0.3697,,space,1.0302,,2,yellow_gnome,2,8,bright_forest,red_basket,red_gnome,2,5,dark_forest,yellow_basket,40,0,0,1,yellow_gnome,bright_forest,red_basket,2631,-2,-1,22,4,180,5,1,,,,,,,,,,,,,,,,,,,,,,,,,,,,,,,,,,,,,,,,,,,,,,,,,,,,,,,,,,,,,,,,,,,,,,,,,,,,
,,,,,,,,,,,,,,,,,,,,,,,,,,,,,,,,,,,,,,,,,,,,,,,,,,,,,,,,,,,,,,,,,704919,001,2024-06-19_18h39.22.193,experiment,2023.2.3,Linux x86_64,59.88023952,63655432e66823b2595ee761,6672e93b03029310057e1c76,6673179e8fce482c1e4ec0f9,,,,,,,,,,,,,,,,,,,,,,,,,,,,,,,,,,,,,,,,,,1,,,,,,,,,,,,,1,,,,,,,,,,,,,,,,,,,,,,,,,,,,s,0.5937,,space,0.7174,,1,blue_gnome,1,4,dark_forest,yellow_basket,orange_gnome,1,6,bright_forest,red_basket,4,0,0,1,blue_gnome,dark_forest,yellow_basket,2635,0,-4,22,5,181,0,1,,,,,,,,,,,,,,,,,,,,,,,,,,,,,,,,,,,,,,,,,,,,,,,,,,,,,,,,,,,,,,,,,,,,,,,,,,,,
,,,,,,,,,,,,,,,,,,,,,,,,,,,,,,,,,,,,,,,,,,,,,,,,,,,,,,,,,,,,,,,,,704919,001,2024-06-19_18h39.22.193,experiment,2023.2.3,Linux x86_64,59.88023952,63655432e66823b2595ee761,6672e93b03029310057e1c76,6673179e8fce482c1e4ec0f9,,,,,,,,,,,,,,,,,,,,,,,,,,,,,,,,,,,,,,,,,,1,,,,,,,,,,,,,1,,,,,,,,,,,,,,,,,,,,,,,,,,,,s,0.9799,,space,0.9818,,1,orange_gnome,1,6,bright_forest,red_basket,blue_gnome,1,0,dark_forest,yellow_basket,6,0,0,1,orange_gnome,bright_forest,red_basket,2641,0,1,22,6,182,0,1,,,,,,,,,,,,,,,,,,,,,,,,,,,,,,,,,,,,,,,,,,,,,,,,,,,,,,,,,,,,,,,,,,,,,,,,,,,,
,,,,,,,,,,,,,,,,,,,,,,,,,,,,,,,,,,,,,,,,,,,,,,,,,,,,,,,,,,,,,,,,,704919,001,2024-06-19_18h39.22.193,experiment,2023.2.3,Linux x86_64,59.88023952,63655432e66823b2595ee761,6672e93b03029310057e1c76,6673179e8fce482c1e4ec0f9,,,,,,,,,,,,,,,,,,,,,,,,,,,,,,,,,,,,,,,,,,5,,,,,,,,,,,,,2,,,,,,,,,,,,,,,,,,,,,,,,,,,,s,0.6299,,space,1.0062,,2,yellow_gnome,2,6,bright_forest,red_basket,red_gnome,2,1,dark_forest,yellow_basket,30,0,0,1,yellow_gnome,bright_forest,red_basket,2671,1,-1,22,7,183,5,1,,,,,,,,,,,,,,,,,,,,,,,,,,,,,,,,,,,,,,,,,,,,,,,,,,,,,,,,,,,,,,,,,,,,,,,,,,,,
,,,,,,,,,,,,,,,,,,,,,,,,,,,,,,,,,,,,,,,,,,,,,,,,,,,,,,,,,,,,,,,,,704919,001,2024-06-19_18h39.22.193,experiment,2023.2.3,Linux x86_64,59.88023952,63655432e66823b2595ee761,6672e93b03029310057e1c76,6673179e8fce482c1e4ec0f9,,,,,,,,,,,,,,,,,,,,,,,,,,,,,,,,,,,,,,,,,,5,,,,,,,,,,,,,2,,,,,,,,,,,,,,,,,,,,,,,,,,,,s,0.5682,,space,1.4555,,2,red_gnome,2,0,dark_forest,yellow_basket,yellow_gnome,2,7,bright_forest,red_basket,0,0,0,1,red_gnome,dark_forest,yellow_basket,2671,0,-1,23,0,184,5,1,,,,,,,,,,,,,,,,,,,,,,,,,,,,,,,,,,,,,,,,,,,,,,,,,,,,,,,,,,,,,,,,,,,,,,,,,,,,
,,,,,,,,,,,,,,,,,,,,,,,,,,,,,,,,,,,,,,,,,,,,,,,,,,,,,,,,,,,,,,,,,704919,001,2024-06-19_18h39.22.193,experiment,2023.2.3,Linux x86_64,59.88023952,63655432e66823b2595ee761,6672e93b03029310057e1c76,6673179e8fce482c1e4ec0f9,,,,,,,,,,,,,,,,,,,,,,,,,,,,,,,,,,,,,,,,,,1,,,,,,,,,,,,,3,,,,,,,,,,,,,,,,,,,,,,,,,,,,s,0.4562,,space,0.3728,,3,green_gnome,3,7,bright_forest,red_basket,pink_gnome,3,1,dark_forest,yellow_basket,7,0,0,1,green_gnome,bright_forest,red_basket,2678,-5,0,23,1,185,2,1,,,,,,,,,,,,,,,,,,,,,,,,,,,,,,,,,,,,,,,,,,,,,,,,,,,,,,,,,,,,,,,,,,,,,,,,,,,,
,,,,,,,,,,,,,,,,,,,,,,,,,,,,,,,,,,,,,,,,,,,,,,,,,,,,,,,,,,,,,,,,,704919,001,2024-06-19_18h39.22.193,experiment,2023.2.3,Linux x86_64,59.88023952,63655432e66823b2595ee761,6672e93b03029310057e1c76,6673179e8fce482c1e4ec0f9,,,,,,,,,,,,,,,,,,,,,,,,,,,,,,,,,,,,,,,,,,1,,,,,,,,,,,,,4,,,,,,,,,,,,,,,,,,,,,,,,,,,,s,0.3703,,space,1.0663,,4,purple_gnome,4,1,dark_forest,yellow_basket,brown_gnome,4,2,bright_forest,red_basket,1,0,0,1,purple_gnome,dark_forest,yellow_basket,2679,-1,-2,23,2,186,3,1,,,,,,,,,,,,,,,,,,,,,,,,,,,,,,,,,,,,,,,,,,,,,,,,,,,,,,,,,,,,,,,,,,,,,,,,,,,,
,,,,,,,,,,,,,,,,,,,,,,,,,,,,,,,,,,,,,,,,,,,,,,,,,,,,,,,,,,,,,,,,,704919,001,2024-06-19_18h39.22.193,experiment,2023.2.3,Linux x86_64,59.88023952,63655432e66823b2595ee761,6672e93b03029310057e1c76,6673179e8fce482c1e4ec0f9,,,,,,,,,,,,,,,,,,,,,,,,,,,,,,,,,,,,,,,,,,1,,,,,,,,,,,,,2,,,,,,,,,,,,,,,,,,,,,,,,,,,,s,0.7206,,space,1.0495,,2,yellow_gnome,2,1,bright_forest,red_basket,red_gnome,2,1,dark_forest,yellow_basket,1,0,0,1,yellow_gnome,bright_forest,red_basket,2680,1,3,23,3,187,1,1,,,,,,,,,,,,,,,,,,,,,,,,,,,,,,,,,,,,,,,,,,,,,,,,,,,,,,,,,,,,,,,,,,,,,,,,,,,,
,,,,,,,,,,,,,,,,,,,,,,,,,,,,,,,,,,,,,,,,,,,,,,,,,,,,,,,,,,,,,,,,,704919,001,2024-06-19_18h39.22.193,experiment,2023.2.3,Linux x86_64,59.88023952,63655432e66823b2595ee761,6672e93b03029310057e1c76,6673179e8fce482c1e4ec0f9,,,,,,,,,,,,,,,,,,,,,,,,,,,,,,,,,,,,,,,,,,5,,,,,,,,,,,,,3,,,,,,,,,,,,,,,,,,,,,,,,,,,,s,0.4546,,space,0.3058,,3,pink_gnome,3,4,dark_forest,yellow_basket,green_gnome,3,2,bright_forest,red_basket,20,0,0,1,pink_gnome,dark_forest,yellow_basket,2700,-3,-2,23,4,188,6,1,,,,,,,,,,,,,,,,,,,,,,,,,,,,,,,,,,,,,,,,,,,,,,,,,,,,,,,,,,,,,,,,,,,,,,,,,,,,
,,,,,,,,,,,,,,,,,,,,,,,,,,,,,,,,,,,,,,,,,,,,,,,,,,,,,,,,,,,,,,,,,704919,001,2024-06-19_18h39.22.193,experiment,2023.2.3,Linux x86_64,59.88023952,63655432e66823b2595ee761,6672e93b03029310057e1c76,6673179e8fce482c1e4ec0f9,,,,,,,,,,,,,,,,,,,,,,,,,,,,,,,,,,,,,,,,,,1,,,,,,,,,,,,,4,,,,,,,,,,,,,,,,,,,,,,,,,,,,s,0.4018,,space,0.5343,,4,purple_gnome,4,2,dark_forest,yellow_basket,brown_gnome,4,1,bright_forest,red_basket,2,0,0,1,purple_gnome,dark_forest,yellow_basket,2702,-2,0,23,5,189,3,1,,,,,,,,,,,,,,,,,,,,,,,,,,,,,,,,,,,,,,,,,,,,,,,,,,,,,,,,,,,,,,,,,,,,,,,,,,,,
,,,,,,,,,,,,,,,,,,,,,,,,,,,,,,,,,,,,,,,,,,,,,,,,,,,,,,,,,,,,,,,,,704919,001,2024-06-19_18h39.22.193,experiment,2023.2.3,Linux x86_64,59.88023952,63655432e66823b2595ee761,6672e93b03029310057e1c76,6673179e8fce482c1e4ec0f9,,,,,,,,,,,,,,,,,,,,,,,,,,,,,,,,,,,,,,,,,,1,,,,,,,,,,,,,4,,,,,,,,,,,,,,,,,,,,,,,,,,,,s,0.751,,space,0.8882,,4,purple_gnome,4,2,dark_forest,yellow_basket,brown_gnome,4,1,bright_forest,red_basket,2,0,0,1,purple_gnome,dark_forest,yellow_basket,2704,0,-2,23,6,190,3,1,,,,,,,,,,,,,,,,,,,,,,,,,,,,,,,,,,,,,,,,,,,,,,,,,,,,,,,,,,,,,,,,,,,,,,,,,,,,
,,,,,,,,,,,,,,,,,,,,,,,,,,,,,,,,,,,,,,,,,,,,,,,,,,,,,,,,,,,,,,,,,704919,001,2024-06-19_18h39.22.193,experiment,2023.2.3,Linux x86_64,59.88023952,63655432e66823b2595ee761,6672e93b03029310057e1c76,6673179e8fce482c1e4ec0f9,,,,,,,,,,,,,,,,,,,,,,,,,,,,,,,,,,,,,,,,,,5,,,,,,,,,,,,,3,,,,,,,,,,,,,,,,,,,,,,,,,,,,s,0.9609,,space,1.31,,3,pink_gnome,3,0,dark_forest,yellow_basket,green_gnome,3,1,bright_forest,red_basket,0,0,0,1,pink_gnome,dark_forest,yellow_basket,2704,1,-1,23,7,191,6,1,space,2.3322,,,,,,,,,,,,,,,,,,,,,,,,,,,,,,,,,,,,,,,,,,,,,,,,,,,,,,,,,,,,,,,,,,,,,,,,,,
,,,,,,,,,,,,,,,,,,,,,,,,,,,,,,,,,,,,,,,,,,,,,,,,,,,,,,,,,,,,,,,,,704919,001,2024-06-19_18h39.22.193,experiment,2023.2.3,Linux x86_64,59.88023952,63655432e66823b2595ee761,6672e93b03029310057e1c76,6673179e8fce482c1e4ec0f9,,,,,,,,,,,,,,,,,,,,,,,,,,,,,,,,,,,,,,,,,,1,,,,,,,,,,,,,1,,,,,,,,,,,,,,,,,,,,,,,,,,,,s,0.4085,,space,0.598,,1,orange_gnome,1,2,bright_forest,red_basket,blue_gnome,1,1,dark_forest,yellow_basket,2,0,0,1,orange_gnome,bright_forest,red_basket,2706,-1,-2,24,0,192,0,1,,,,,,,,,,,,,,,,,,,,,,,,,,,,,,,,,,,,,,,,,,,,,,,,,,,,,,,,,,,,,,,,,,,,,,,,,,,,
,,,,,,,,,,,,,,,,,,,,,,,,,,,,,,,,,,,,,,,,,,,,,,,,,,,,,,,,,,,,,,,,,704919,001,2024-06-19_18h39.22.193,experiment,2023.2.3,Linux x86_64,59.88023952,63655432e66823b2595ee761,6672e93b03029310057e1c76,6673179e8fce482c1e4ec0f9,,,,,,,,,,,,,,,,,,,,,,,,,,,,,,,,,,,,,,,,,,5,,,,,,,,,,,,,1,,,,,,,,,,,,,,,,,,,,,,,,,,,,k,0.4126,,space,0.3225,,1,orange_gnome,1,1,bright_forest,red_basket,blue_gnome,1,1,dark_forest,yellow_basket,5,0,0,1,blue_gnome,dark_forest,yellow_basket,2711,0,-4,24,1,193,4,1,,,,,,,,,,,,,,,,,,,,,,,,,,,,,,,,,,,,,,,,,,,,,,,,,,,,,,,,,,,,,,,,,,,,,,,,,,,,
,,,,,,,,,,,,,,,,,,,,,,,,,,,,,,,,,,,,,,,,,,,,,,,,,,,,,,,,,,,,,,,,,704919,001,2024-06-19_18h39.22.193,experiment,2023.2.3,Linux x86_64,59.88023952,63655432e66823b2595ee761,6672e93b03029310057e1c76,6673179e8fce482c1e4ec0f9,,,,,,,,,,,,,,,,,,,,,,,,,,,,,,,,,,,,,,,,,,5,,,,,,,,,,,,,2,,,,,,,,,,,,,,,,,,,,,,,,,,,,k,0.4241,,space,0.4126,,2,red_gnome,2,3,dark_forest,yellow_basket,yellow_gnome,2,1,bright_forest,red_basket,5,0,0,1,yellow_gnome,bright_forest,red_basket,2716,-1,0,24,2,194,5,1,,,,,,,,,,,,,,,,,,,,,,,,,,,,,,,,,,,,,,,,,,,,,,,,,,,,,,,,,,,,,,,,,,,,,,,,,,,,
,,,,,,,,,,,,,,,,,,,,,,,,,,,,,,,,,,,,,,,,,,,,,,,,,,,,,,,,,,,,,,,,,704919,001,2024-06-19_18h39.22.193,experiment,2023.2.3,Linux x86_64,59.88023952,63655432e66823b2595ee761,6672e93b03029310057e1c76,6673179e8fce482c1e4ec0f9,,,,,,,,,,,,,,,,,,,,,,,,,,,,,,,,,,,,,,,,,,5,,,,,,,,,,,,,3,,,,,,,,,,,,,,,,,,,,,,,,,,,,s,1.4585,,space,0.8448,,3,pink_gnome,3,3,dark_forest,yellow_basket,green_gnome,3,0,bright_forest,red_basket,15,0,0,1,pink_gnome,dark_forest,yellow_basket,2731,-1,1,24,3,195,6,1,,,,,,,,,,,,,,,,,,,,,,,,,,,,,,,,,,,,,,,,,,,,,,,,,,,,,,,,,,,,,,,,,,,,,,,,,,,,
,,,,,,,,,,,,,,,,,,,,,,,,,,,,,,,,,,,,,,,,,,,,,,,,,,,,,,,,,,,,,,,,,704919,001,2024-06-19_18h39.22.193,experiment,2023.2.3,Linux x86_64,59.88023952,63655432e66823b2595ee761,6672e93b03029310057e1c76,6673179e8fce482c1e4ec0f9,,,,,,,,,,,,,,,,,,,,,,,,,,,,,,,,,,,,,,,,,,5,,,,,,,,,,,,,1,,,,,,,,,,,,,,,,,,,,,,,,,,,,s,0.7689,,space,0.9955,,1,orange_gnome,1,1,bright_forest,red_basket,blue_gnome,1,4,dark_forest,yellow_basket,5,0,0,1,orange_gnome,bright_forest,red_basket,2736,-3,-1,24,4,196,4,1,,,,,,,,,,,,,,,,,,,,,,,,,,,,,,,,,,,,,,,,,,,,,,,,,,,,,,,,,,,,,,,,,,,,,,,,,,,,
,,,,,,,,,,,,,,,,,,,,,,,,,,,,,,,,,,,,,,,,,,,,,,,,,,,,,,,,,,,,,,,,,704919,001,2024-06-19_18h39.22.193,experiment,2023.2.3,Linux x86_64,59.88023952,63655432e66823b2595ee761,6672e93b03029310057e1c76,6673179e8fce482c1e4ec0f9,,,,,,,,,,,,,,,,,,,,,,,,,,,,,,,,,,,,,,,,,,5,,,,,,,,,,,,,1,,,,,,,,,,,,,,,,,,,,,,,,,,,,s,0.5186,,space,0.6001,,1,orange_gnome,1,2,bright_forest,red_basket,blue_gnome,1,3,dark_forest,yellow_basket,10,0,0,1,orange_gnome,bright_forest,red_basket,2746,0,-1,24,5,197,4,1,,,,,,,,,,,,,,,,,,,,,,,,,,,,,,,,,,,,,,,,,,,,,,,,,,,,,,,,,,,,,,,,,,,,,,,,,,,,
,,,,,,,,,,,,,,,,,,,,,,,,,,,,,,,,,,,,,,,,,,,,,,,,,,,,,,,,,,,,,,,,,704919,001,2024-06-19_18h39.22.193,experiment,2023.2.3,Linux x86_64,59.88023952,63655432e66823b2595ee761,6672e93b03029310057e1c76,6673179e8fce482c1e4ec0f9,,,,,,,,,,,,,,,,,,,,,,,,,,,,,,,,,,,,,,,,,,5,,,,,,,,,,,,,4,,,,,,,,,,,,,,,,,,,,,,,,,,,,s,0.46,,space,0.5304,,4,purple_gnome,4,2,dark_forest,yellow_basket,brown_gnome,4,2,bright_forest,red_basket,10,0,0,1,purple_gnome,dark_forest,yellow_basket,2756,0,-1,24,6,198,7,1,,,,,,,,,,,,,,,,,,,,,,,,,,,,,,,,,,,,,,,,,,,,,,,,,,,,,,,,,,,,,,,,,,,,,,,,,,,,
,,,,,,,,,,,,,,,,,,,,,,,,,,,,,,,,,,,,,,,,,,,,,,,,,,,,,,,,,,,,,,,,,704919,001,2024-06-19_18h39.22.193,experiment,2023.2.3,Linux x86_64,59.88023952,63655432e66823b2595ee761,6672e93b03029310057e1c76,6673179e8fce482c1e4ec0f9,,,,,,,,,,,,,,,,,,,,,,,,,,,,,,,,,,,,,,,,,,1,,,,,,,,,,,,,4,,,,,,,,,,,,,,,,,,,,,,,,,,,,s,0.4287,,space,0.3834,,4,brown_gnome,4,2,bright_forest,red_basket,purple_gnome,4,1,dark_forest,yellow_basket,2,0,0,1,brown_gnome,bright_forest,red_basket,2758,0,1,24,7,199,3,1,,,,,,,,,,,,,,,,,,,,,,,,,,,,,,,,,,,,,,,,,,,,,,,,,,,,,,,,,,,,,,,,,,,,,,,,,,,,
,,,,,,,,,,,,,,,,,,,,,,,,,,,,,,,,,,,,,,,,,,,,,,,,,,,,,,,,,,,,,,,,,704919,001,2024-06-19_18h39.22.193,experiment,2023.2.3,Linux x86_64,59.88023952,63655432e66823b2595ee761,6672e93b03029310057e1c76,6673179e8fce482c1e4ec0f9,,,,,,,,,,,,,,,,,,,,,,,,,,,,,,,,,,,,,,,,,,5,,,,,,,,,,,,,1,,,,,,,,,,,,,,,,,,,,,,,,,,,,s,0.3592,,space,0.4979,,1,orange_gnome,1,2,bright_forest,red_basket,blue_gnome,1,2,dark_forest,yellow_basket,10,0,0,1,orange_gnome,bright_forest,red_basket,2768,-3,1,25,0,200,4,1,,,,,,,,,,,,,,,,,,,,,,,,,,,,,,,,,,,,,,,,,,,,,,,,,,,,,,,,,,,,,,,,,,,,,,,,,,,,
,,,,,,,,,,,,,,,,,,,,,,,,,,,,,,,,,,,,,,,,,,,,,,,,,,,,,,,,,,,,,,,,,704919,001,2024-06-19_18h39.22.193,experiment,2023.2.3,Linux x86_64,59.88023952,63655432e66823b2595ee761,6672e93b03029310057e1c76,6673179e8fce482c1e4ec0f9,,,,,,,,,,,,,,,,,,,,,,,,,,,,,,,,,,,,,,,,,,5,,,,,,,,,,,,,1,,,,,,,,,,,,,,,,,,,,,,,,,,,,s,0.4071,,space,0.393,,1,orange_gnome,1,1,bright_forest,red_basket,blue_gnome,1,3,dark_forest,yellow_basket,5,0,0,1,orange_gnome,bright_forest,red_basket,2773,2,0,25,1,201,4,1,,,,,,,,,,,,,,,,,,,,,,,,,,,,,,,,,,,,,,,,,,,,,,,,,,,,,,,,,,,,,,,,,,,,,,,,,,,,
,,,,,,,,,,,,,,,,,,,,,,,,,,,,,,,,,,,,,,,,,,,,,,,,,,,,,,,,,,,,,,,,,704919,001,2024-06-19_18h39.22.193,experiment,2023.2.3,Linux x86_64,59.88023952,63655432e66823b2595ee761,6672e93b03029310057e1c76,6673179e8fce482c1e4ec0f9,,,,,,,,,,,,,,,,,,,,,,,,,,,,,,,,,,,,,,,,,,1,,,,,,,,,,,,,2,,,,,,,,,,,,,,,,,,,,,,,,,,,,s,0.7373,,space,0.5977,,2,yellow_gnome,2,3,bright_forest,red_basket,red_gnome,2,3,dark_forest,yellow_basket,3,0,0,1,yellow_gnome,bright_forest,red_basket,2776,-1,-3,25,2,202,1,1,,,,,,,,,,,,,,,,,,,,,,,,,,,,,,,,,,,,,,,,,,,,,,,,,,,,,,,,,,,,,,,,,,,,,,,,,,,,
,,,,,,,,,,,,,,,,,,,,,,,,,,,,,,,,,,,,,,,,,,,,,,,,,,,,,,,,,,,,,,,,,704919,001,2024-06-19_18h39.22.193,experiment,2023.2.3,Linux x86_64,59.88023952,63655432e66823b2595ee761,6672e93b03029310057e1c76,6673179e8fce482c1e4ec0f9,,,,,,,,,,,,,,,,,,,,,,,,,,,,,,,,,,,,,,,,,,1,,,,,,,,,,,,,2,,,,,,,,,,,,,,,,,,,,,,,,,,,,s,0.4073,,space,0.4173,,2,yellow_gnome,2,2,bright_forest,red_basket,red_gnome,2,0,dark_forest,yellow_basket,2,0,0,1,yellow_gnome,bright_forest,red_basket,2778,0,2,25,3,203,1,1,,,,,,,,,,,,,,,,,,,,,,,,,,,,,,,,,,,,,,,,,,,,,,,,,,,,,,,,,,,,,,,,,,,,,,,,,,,,
,,,,,,,,,,,,,,,,,,,,,,,,,,,,,,,,,,,,,,,,,,,,,,,,,,,,,,,,,,,,,,,,,704919,001,2024-06-19_18h39.22.193,experiment,2023.2.3,Linux x86_64,59.88023952,63655432e66823b2595ee761,6672e93b03029310057e1c76,6673179e8fce482c1e4ec0f9,,,,,,,,,,,,,,,,,,,,,,,,,,,,,,,,,,,,,,,,,,5,,,,,,,,,,,,,4,,,,,,,,,,,,,,,,,,,,,,,,,,,,s,0.7203,,space,0.5978,,4,purple_gnome,4,2,dark_forest,yellow_basket,brown_gnome,4,2,bright_forest,red_basket,10,0,0,1,purple_gnome,dark_forest,yellow_basket,2788,2,0,25,4,204,7,1,,,,,,,,,,,,,,,,,,,,,,,,,,,,,,,,,,,,,,,,,,,,,,,,,,,,,,,,,,,,,,,,,,,,,,,,,,,,
,,,,,,,,,,,,,,,,,,,,,,,,,,,,,,,,,,,,,,,,,,,,,,,,,,,,,,,,,,,,,,,,,704919,001,2024-06-19_18h39.22.193,experiment,2023.2.3,Linux x86_64,59.88023952,63655432e66823b2595ee761,6672e93b03029310057e1c76,6673179e8fce482c1e4ec0f9,,,,,,,,,,,,,,,,,,,,,,,,,,,,,,,,,,,,,,,,,,1,,,,,,,,,,,,,2,,,,,,,,,,,,,,,,,,,,,,,,,,,,s,0.481,,space,0.4206,,2,yellow_gnome,2,4,bright_forest,red_basket,red_gnome,2,2,dark_forest,yellow_basket,4,0,0,1,yellow_gnome,bright_forest,red_basket,2792,-3,0,25,5,205,1,1,,,,,,,,,,,,,,,,,,,,,,,,,,,,,,,,,,,,,,,,,,,,,,,,,,,,,,,,,,,,,,,,,,,,,,,,,,,,
,,,,,,,,,,,,,,,,,,,,,,,,,,,,,,,,,,,,,,,,,,,,,,,,,,,,,,,,,,,,,,,,,704919,001,2024-06-19_18h39.22.193,experiment,2023.2.3,Linux x86_64,59.88023952,63655432e66823b2595ee761,6672e93b03029310057e1c76,6673179e8fce482c1e4ec0f9,,,,,,,,,,,,,,,,,,,,,,,,,,,,,,,,,,,,,,,,,,5,,,,,,,,,,,,,1,,,,,,,,,,,,,,,,,,,,,,,,,,,,k,0.4758,,space,1.0236,,1,blue_gnome,1,2,dark_forest,yellow_basket,orange_gnome,1,1,bright_forest,red_basket,5,0,0,1,orange_gnome,bright_forest,red_basket,2797,-4,0,25,6,206,4,1,,,,,,,,,,,,,,,,,,,,,,,,,,,,,,,,,,,,,,,,,,,,,,,,,,,,,,,,,,,,,,,,,,,,,,,,,,,,
,,,,,,,,,,,,,,,,,,,,,,,,,,,,,,,,,,,,,,,,,,,,,,,,,,,,,,,,,,,,,,,,,704919,001,2024-06-19_18h39.22.193,experiment,2023.2.3,Linux x86_64,59.88023952,63655432e66823b2595ee761,6672e93b03029310057e1c76,6673179e8fce482c1e4ec0f9,,,,,,,,,,,,,,,,,,,,,,,,,,,,,,,,,,,,,,,,,,1,,,,,,,,,,,,,3,,,,,,,,,,,,,,,,,,,,,,,,,,,,k,0.3691,,space,0.4391,,3,green_gnome,3,3,bright_forest,red_basket,pink_gnome,3,2,dark_forest,yellow_basket,2,0,0,1,pink_gnome,dark_forest,yellow_basket,2799,0,2,25,7,207,2,1,,,,,,,,,,,,,,,,,,,,,,,,,,,,,,,,,,,,,,,,,,,,,,,,,,,,,,,,,,,,,,,,,,,,,,,,,,,,
,,,,,,,,,,,,,,,,,,,,,,,,,,,,,,,,,,,,,,,,,,,,,,,,,,,,,,,,,,,,,,,,,704919,001,2024-06-19_18h39.22.193,experiment,2023.2.3,Linux x86_64,59.88023952,63655432e66823b2595ee761,6672e93b03029310057e1c76,6673179e8fce482c1e4ec0f9,,,,,,,,,,,,,,,,,,,,,,,,,,,,,,,,,,,,,,,,,,5,,,,,,,,,,,,,1,,,,,,,,,,,,,,,,,,,,,,,,,,,,k,0.3981,,space,0.5001,,1,orange_gnome,1,3,bright_forest,red_basket,blue_gnome,1,4,dark_forest,yellow_basket,20,0,0,1,blue_gnome,dark_forest,yellow_basket,2819,0,-1,26,0,208,4,1,,,,,,,,,,,,,,,,,,,,,,,,,,,,,,,,,,,,,,,,,,,,,,,,,,,,,,,,,,,,,,,,,,,,,,,,,,,,
,,,,,,,,,,,,,,,,,,,,,,,,,,,,,,,,,,,,,,,,,,,,,,,,,,,,,,,,,,,,,,,,,704919,001,2024-06-19_18h39.22.193,experiment,2023.2.3,Linux x86_64,59.88023952,63655432e66823b2595ee761,6672e93b03029310057e1c76,6673179e8fce482c1e4ec0f9,,,,,,,,,,,,,,,,,,,,,,,,,,,,,,,,,,,,,,,,,,1,,,,,,,,,,,,,3,,,,,,,,,,,,,,,,,,,,,,,,,,,,k,0.4397,,space,0.5936,,3,green_gnome,3,3,bright_forest,red_basket,pink_gnome,3,3,dark_forest,yellow_basket,3,0,0,1,pink_gnome,dark_forest,yellow_basket,2822,2,-1,26,1,209,2,1,,,,,,,,,,,,,,,,,,,,,,,,,,,,,,,,,,,,,,,,,,,,,,,,,,,,,,,,,,,,,,,,,,,,,,,,,,,,
,,,,,,,,,,,,,,,,,,,,,,,,,,,,,,,,,,,,,,,,,,,,,,,,,,,,,,,,,,,,,,,,,704919,001,2024-06-19_18h39.22.193,experiment,2023.2.3,Linux x86_64,59.88023952,63655432e66823b2595ee761,6672e93b03029310057e1c76,6673179e8fce482c1e4ec0f9,,,,,,,,,,,,,,,,,,,,,,,,,,,,,,,,,,,,,,,,,,1,,,,,,,,,,,,,4,,,,,,,,,,,,,,,,,,,,,,,,,,,,k,0.8845,,space,0.4125,,4,purple_gnome,4,2,dark_forest,yellow_basket,brown_gnome,4,5,bright_forest,red_basket,5,0,0,1,brown_gnome,bright_forest,red_basket,2827,2,-1,26,2,210,3,1,,,,,,,,,,,,,,,,,,,,,,,,,,,,,,,,,,,,,,,,,,,,,,,,,,,,,,,,,,,,,,,,,,,,,,,,,,,,
,,,,,,,,,,,,,,,,,,,,,,,,,,,,,,,,,,,,,,,,,,,,,,,,,,,,,,,,,,,,,,,,,704919,001,2024-06-19_18h39.22.193,experiment,2023.2.3,Linux x86_64,59.88023952,63655432e66823b2595ee761,6672e93b03029310057e1c76,6673179e8fce482c1e4ec0f9,,,,,,,,,,,,,,,,,,,,,,,,,,,,,,,,,,,,,,,,,,5,,,,,,,,,,,,,3,,,,,,,,,,,,,,,,,,,,,,,,,,,,k,0.5034,,space,0.2837,,3,green_gnome,3,7,bright_forest,red_basket,pink_gnome,3,1,dark_forest,yellow_basket,5,0,0,1,pink_gnome,dark_forest,yellow_basket,2832,-2,1,26,3,211,6,1,,,,,,,,,,,,,,,,,,,,,,,,,,,,,,,,,,,,,,,,,,,,,,,,,,,,,,,,,,,,,,,,,,,,,,,,,,,,
,,,,,,,,,,,,,,,,,,,,,,,,,,,,,,,,,,,,,,,,,,,,,,,,,,,,,,,,,,,,,,,,,704919,001,2024-06-19_18h39.22.193,experiment,2023.2.3,Linux x86_64,59.88023952,63655432e66823b2595ee761,6672e93b03029310057e1c76,6673179e8fce482c1e4ec0f9,,,,,,,,,,,,,,,,,,,,,,,,,,,,,,,,,,,,,,,,,,1,,,,,,,,,,,,,3,,,,,,,,,,,,,,,,,,,,,,,,,,,,k,0.3584,,space,0.2826,,3,green_gnome,3,5,bright_forest,red_basket,pink_gnome,3,2,dark_forest,yellow_basket,2,0,0,1,pink_gnome,dark_forest,yellow_basket,2834,2,1,26,4,212,2,1,,,,,,,,,,,,,,,,,,,,,,,,,,,,,,,,,,,,,,,,,,,,,,,,,,,,,,,,,,,,,,,,,,,,,,,,,,,,
,,,,,,,,,,,,,,,,,,,,,,,,,,,,,,,,,,,,,,,,,,,,,,,,,,,,,,,,,,,,,,,,,704919,001,2024-06-19_18h39.22.193,experiment,2023.2.3,Linux x86_64,59.88023952,63655432e66823b2595ee761,6672e93b03029310057e1c76,6673179e8fce482c1e4ec0f9,,,,,,,,,,,,,,,,,,,,,,,,,,,,,,,,,,,,,,,,,,1,,,,,,,,,,,,,3,,,,,,,,,,,,,,,,,,,,,,,,,,,,k,0.3632,,space,0.3859,,3,pink_gnome,3,3,dark_forest,yellow_basket,green_gnome,3,7,bright_forest,red_basket,7,0,0,1,green_gnome,bright_forest,red_basket,2841,3,5,26,5,213,2,1,,,,,,,,,,,,,,,,,,,,,,,,,,,,,,,,,,,,,,,,,,,,,,,,,,,,,,,,,,,,,,,,,,,,,,,,,,,,
,,,,,,,,,,,,,,,,,,,,,,,,,,,,,,,,,,,,,,,,,,,,,,,,,,,,,,,,,,,,,,,,,704919,001,2024-06-19_18h39.22.193,experiment,2023.2.3,Linux x86_64,59.88023952,63655432e66823b2595ee761,6672e93b03029310057e1c76,6673179e8fce482c1e4ec0f9,,,,,,,,,,,,,,,,,,,,,,,,,,,,,,,,,,,,,,,,,,5,,,,,,,,,,,,,1,,,,,,,,,,,,,,,,,,,,,,,,,,,,k,0.3865,,space,0.2789,,1,orange_gnome,1,8,bright_forest,red_basket,blue_gnome,1,8,dark_forest,yellow_basket,40,0,0,1,blue_gnome,dark_forest,yellow_basket,2881,-1,0,26,6,214,4,1,,,,,,,,,,,,,,,,,,,,,,,,,,,,,,,,,,,,,,,,,,,,,,,,,,,,,,,,,,,,,,,,,,,,,,,,,,,,
,,,,,,,,,,,,,,,,,,,,,,,,,,,,,,,,,,,,,,,,,,,,,,,,,,,,,,,,,,,,,,,,,704919,001,2024-06-19_18h39.22.193,experiment,2023.2.3,Linux x86_64,59.88023952,63655432e66823b2595ee761,6672e93b03029310057e1c76,6673179e8fce482c1e4ec0f9,,,,,,,,,,,,,,,,,,,,,,,,,,,,,,,,,,,,,,,,,,5,,,,,,,,,,,,,2,,,,,,,,,,,,,,,,,,,,,,,,,,,,k,0.7842,,,,,2,yellow_gnome,2,7,bright_forest,red_basket,red_gnome,2,8,dark_forest,yellow_basket,0,0,1,0,red_gnome,dark_forest,yellow_basket,2881,0,0,26,7,215,5,1,,,,,,,,,,,,,,,,,,,,,,,,,,,,,,,,,,,,,,,,,,,,,,,,,,,,,,,,,,,,,,,,,,,,,,,,,,,,
,,,,,,,,,,,,,,,,,,,,,,,,,,,,,,,,,,,,,,,,,,,,,,,,,,,,,,,,,,,,,,,,,704919,001,2024-06-19_18h39.22.193,experiment,2023.2.3,Linux x86_64,59.88023952,63655432e66823b2595ee761,6672e93b03029310057e1c76,6673179e8fce482c1e4ec0f9,,,,,,,,,,,,,,,,,,,,,,,,,,,,,,,,,,,,,,,,,,5,,,,,,,,,,,,,4,,,,,,,,,,,,,,,,,,,,,,,,,,,,s,0.4579,,space,0.5269,,4,purple_gnome,4,8,dark_forest,yellow_basket,brown_gnome,4,7,bright_forest,red_basket,40,0,0,1,purple_gnome,dark_forest,yellow_basket,2921,1,-2,27,0,216,7,1,,,,,,,,,,,,,,,,,,,,,,,,,,,,,,,,,,,,,,,,,,,,,,,,,,,,,,,,,,,,,,,,,,,,,,,,,,,,
,,,,,,,,,,,,,,,,,,,,,,,,,,,,,,,,,,,,,,,,,,,,,,,,,,,,,,,,,,,,,,,,,704919,001,2024-06-19_18h39.22.193,experiment,2023.2.3,Linux x86_64,59.88023952,63655432e66823b2595ee761,6672e93b03029310057e1c76,6673179e8fce482c1e4ec0f9,,,,,,,,,,,,,,,,,,,,,,,,,,,,,,,,,,,,,,,,,,1,,,,,,,,,,,,,3,,,,,,,,,,,,,,,,,,,,,,,,,,,,s,0.4966,,space,0.7887,,3,green_gnome,3,8,bright_forest,red_basket,pink_gnome,3,6,dark_forest,yellow_basket,8,0,0,1,green_gnome,bright_forest,red_basket,2929,1,-2,27,1,217,2,1,,,,,,,,,,,,,,,,,,,,,,,,,,,,,,,,,,,,,,,,,,,,,,,,,,,,,,,,,,,,,,,,,,,,,,,,,,,,
,,,,,,,,,,,,,,,,,,,,,,,,,,,,,,,,,,,,,,,,,,,,,,,,,,,,,,,,,,,,,,,,,704919,001,2024-06-19_18h39.22.193,experiment,2023.2.3,Linux x86_64,59.88023952,63655432e66823b2595ee761,6672e93b03029310057e1c76,6673179e8fce482c1e4ec0f9,,,,,,,,,,,,,,,,,,,,,,,,,,,,,,,,,,,,,,,,,,5,,,,,,,,,,,,,2,,,,,,,,,,,,,,,,,,,,,,,,,,,,s,1.3247,,space,1.221,,2,red_gnome,2,4,dark_forest,yellow_basket,yellow_gnome,2,9,bright_forest,red_basket,20,0,0,1,red_gnome,dark_forest,yellow_basket,2949,-5,-1,27,2,218,5,1,,,,,,,,,,,,,,,,,,,,,,,,,,,,,,,,,,,,,,,,,,,,,,,,,,,,,,,,,,,,,,,,,,,,,,,,,,,,
,,,,,,,,,,,,,,,,,,,,,,,,,,,,,,,,,,,,,,,,,,,,,,,,,,,,,,,,,,,,,,,,,704919,001,2024-06-19_18h39.22.193,experiment,2023.2.3,Linux x86_64,59.88023952,63655432e66823b2595ee761,6672e93b03029310057e1c76,6673179e8fce482c1e4ec0f9,,,,,,,,,,,,,,,,,,,,,,,,,,,,,,,,,,,,,,,,,,1,,,,,,,,,,,,,3,,,,,,,,,,,,,,,,,,,,,,,,,,,,s,0.6834,,space,0.4267,,3,pink_gnome,3,3,dark_forest,yellow_basket,green_gnome,3,4,bright_forest,red_basket,3,0,0,1,pink_gnome,dark_forest,yellow_basket,2952,1,-2,27,3,219,2,1,,,,,,,,,,,,,,,,,,,,,,,,,,,,,,,,,,,,,,,,,,,,,,,,,,,,,,,,,,,,,,,,,,,,,,,,,,,,
,,,,,,,,,,,,,,,,,,,,,,,,,,,,,,,,,,,,,,,,,,,,,,,,,,,,,,,,,,,,,,,,,704919,001,2024-06-19_18h39.22.193,experiment,2023.2.3,Linux x86_64,59.88023952,63655432e66823b2595ee761,6672e93b03029310057e1c76,6673179e8fce482c1e4ec0f9,,,,,,,,,,,,,,,,,,,,,,,,,,,,,,,,,,,,,,,,,,5,,,,,,,,,,,,,3,,,,,,,,,,,,,,,,,,,,,,,,,,,,s,0.406,,space,0.2712,,3,pink_gnome,3,1,dark_forest,yellow_basket,green_gnome,3,5,bright_forest,red_basket,5,0,0,1,pink_gnome,dark_forest,yellow_basket,2957,1,0,27,4,220,6,1,,,,,,,,,,,,,,,,,,,,,,,,,,,,,,,,,,,,,,,,,,,,,,,,,,,,,,,,,,,,,,,,,,,,,,,,,,,,
,,,,,,,,,,,,,,,,,,,,,,,,,,,,,,,,,,,,,,,,,,,,,,,,,,,,,,,,,,,,,,,,,704919,001,2024-06-19_18h39.22.193,experiment,2023.2.3,Linux x86_64,59.88023952,63655432e66823b2595ee761,6672e93b03029310057e1c76,6673179e8fce482c1e4ec0f9,,,,,,,,,,,,,,,,,,,,,,,,,,,,,,,,,,,,,,,,,,5,,,,,,,,,,,,,2,,,,,,,,,,,,,,,,,,,,,,,,,,,,s,0.6219,,space,0.68,,2,yellow_gnome,2,6,bright_forest,red_basket,red_gnome,2,1,dark_forest,yellow_basket,30,0,0,1,yellow_gnome,bright_forest,red_basket,2987,0,0,27,5,221,5,1,,,,,,,,,,,,,,,,,,,,,,,,,,,,,,,,,,,,,,,,,,,,,,,,,,,,,,,,,,,,,,,,,,,,,,,,,,,,
,,,,,,,,,,,,,,,,,,,,,,,,,,,,,,,,,,,,,,,,,,,,,,,,,,,,,,,,,,,,,,,,,704919,001,2024-06-19_18h39.22.193,experiment,2023.2.3,Linux x86_64,59.88023952,63655432e66823b2595ee761,6672e93b03029310057e1c76,6673179e8fce482c1e4ec0f9,,,,,,,,,,,,,,,,,,,,,,,,,,,,,,,,,,,,,,,,,,5,,,,,,,,,,,,,3,,,,,,,,,,,,,,,,,,,,,,,,,,,,s,0.3622,,space,0.7744,,3,pink_gnome,3,1,dark_forest,yellow_basket,green_gnome,3,6,bright_forest,red_basket,5,0,0,1,pink_gnome,dark_forest,yellow_basket,2992,0,1,27,6,222,6,1,,,,,,,,,,,,,,,,,,,,,,,,,,,,,,,,,,,,,,,,,,,,,,,,,,,,,,,,,,,,,,,,,,,,,,,,,,,,
,,,,,,,,,,,,,,,,,,,,,,,,,,,,,,,,,,,,,,,,,,,,,,,,,,,,,,,,,,,,,,,,,704919,001,2024-06-19_18h39.22.193,experiment,2023.2.3,Linux x86_64,59.88023952,63655432e66823b2595ee761,6672e93b03029310057e1c76,6673179e8fce482c1e4ec0f9,,,,,,,,,,,,,,,,,,,,,,,,,,,,,,,,,,,,,,,,,,1,,,,,,,,,,,,,4,,,,,,,,,,,,,,,,,,,,,,,,,,,,s,0.4491,,space,0.3979,,4,brown_gnome,4,6,bright_forest,red_basket,purple_gnome,4,2,dark_forest,yellow_basket,6,0,0,1,brown_gnome,bright_forest,red_basket,2998,1,3,27,7,223,3,1,,,,,,,,,,,,,,,,,,,,,,,,,,,,,,,,,,,,,,,,,,,,,,,,,,,,,,,,,,,,,,,,,,,,,,,,,,,,
,,,,,,,,,,,,,,,,,,,,,,,,,,,,,,,,,,,,,,,,,,,,,,,,,,,,,,,,,,,,,,,,,704919,001,2024-06-19_18h39.22.193,experiment,2023.2.3,Linux x86_64,59.88023952,63655432e66823b2595ee761,6672e93b03029310057e1c76,6673179e8fce482c1e4ec0f9,,,,,,,,,,,,,,,,,,,,,,,,,,,,,,,,,,,,,,,,,,1,,,,,,,,,,,,,3,,,,,,,,,,,,,,,,,,,,,,,,,,,,k,0.4019,,space,0.3725,,3,pink_gnome,3,5,dark_forest,yellow_basket,green_gnome,3,7,bright_forest,red_basket,7,0,0,1,green_gnome,bright_forest,red_basket,3005,0,-1,28,0,224,2,1,,,,,,,,,,,,,,,,,,,,,,,,,,,,,,,,,,,,,,,,,,,,,,,,,,,,,,,,,,,,,,,,,,,,,,,,,,,,
,,,,,,,,,,,,,,,,,,,,,,,,,,,,,,,,,,,,,,,,,,,,,,,,,,,,,,,,,,,,,,,,,704919,001,2024-06-19_18h39.22.193,experiment,2023.2.3,Linux x86_64,59.88023952,63655432e66823b2595ee761,6672e93b03029310057e1c76,6673179e8fce482c1e4ec0f9,,,,,,,,,,,,,,,,,,,,,,,,,,,,,,,,,,,,,,,,,,5,,,,,,,,,,,,,2,,,,,,,,,,,,,,,,,,,,,,,,,,,,k,0.512,,space,0.4741,,2,yellow_gnome,2,7,bright_forest,red_basket,red_gnome,2,4,dark_forest,yellow_basket,20,0,0,1,red_gnome,dark_forest,yellow_basket,3025,1,-1,28,1,225,5,1,,,,,,,,,,,,,,,,,,,,,,,,,,,,,,,,,,,,,,,,,,,,,,,,,,,,,,,,,,,,,,,,,,,,,,,,,,,,
,,,,,,,,,,,,,,,,,,,,,,,,,,,,,,,,,,,,,,,,,,,,,,,,,,,,,,,,,,,,,,,,,704919,001,2024-06-19_18h39.22.193,experiment,2023.2.3,Linux x86_64,59.88023952,63655432e66823b2595ee761,6672e93b03029310057e1c76,6673179e8fce482c1e4ec0f9,,,,,,,,,,,,,,,,,,,,,,,,,,,,,,,,,,,,,,,,,,1,,,,,,,,,,,,,1,,,,,,,,,,,,,,,,,,,,,,,,,,,,k,0.4972,,space,0.5034,,1,blue_gnome,1,3,dark_forest,yellow_basket,orange_gnome,1,8,bright_forest,red_basket,8,0,0,1,orange_gnome,bright_forest,red_basket,3033,3,-1,28,2,226,0,1,,,,,,,,,,,,,,,,,,,,,,,,,,,,,,,,,,,,,,,,,,,,,,,,,,,,,,,,,,,,,,,,,,,,,,,,,,,,
,,,,,,,,,,,,,,,,,,,,,,,,,,,,,,,,,,,,,,,,,,,,,,,,,,,,,,,,,,,,,,,,,704919,001,2024-06-19_18h39.22.193,experiment,2023.2.3,Linux x86_64,59.88023952,63655432e66823b2595ee761,6672e93b03029310057e1c76,6673179e8fce482c1e4ec0f9,,,,,,,,,,,,,,,,,,,,,,,,,,,,,,,,,,,,,,,,,,1,,,,,,,,,,,,,2,,,,,,,,,,,,,,,,,,,,,,,,,,,,k,0.3363,,space,0.5194,,2,red_gnome,2,2,dark_forest,yellow_basket,yellow_gnome,2,7,bright_forest,red_basket,7,0,0,1,yellow_gnome,bright_forest,red_basket,3040,1,3,28,3,227,1,1,,,,,,,,,,,,,,,,,,,,,,,,,,,,,,,,,,,,,,,,,,,,,,,,,,,,,,,,,,,,,,,,,,,,,,,,,,,,
,,,,,,,,,,,,,,,,,,,,,,,,,,,,,,,,,,,,,,,,,,,,,,,,,,,,,,,,,,,,,,,,,704919,001,2024-06-19_18h39.22.193,experiment,2023.2.3,Linux x86_64,59.88023952,63655432e66823b2595ee761,6672e93b03029310057e1c76,6673179e8fce482c1e4ec0f9,,,,,,,,,,,,,,,,,,,,,,,,,,,,,,,,,,,,,,,,,,5,,,,,,,,,,,,,4,,,,,,,,,,,,,,,,,,,,,,,,,,,,k,0.4167,,space,0.5671,,4,purple_gnome,4,5,dark_forest,yellow_basket,brown_gnome,4,8,bright_forest,red_basket,40,0,0,1,brown_gnome,bright_forest,red_basket,3080,1,0,28,4,228,7,1,,,,,,,,,,,,,,,,,,,,,,,,,,,,,,,,,,,,,,,,,,,,,,,,,,,,,,,,,,,,,,,,,,,,,,,,,,,,
,,,,,,,,,,,,,,,,,,,,,,,,,,,,,,,,,,,,,,,,,,,,,,,,,,,,,,,,,,,,,,,,,704919,001,2024-06-19_18h39.22.193,experiment,2023.2.3,Linux x86_64,59.88023952,63655432e66823b2595ee761,6672e93b03029310057e1c76,6673179e8fce482c1e4ec0f9,,,,,,,,,,,,,,,,,,,,,,,,,,,,,,,,,,,,,,,,,,5,,,,,,,,,,,,,4,,,,,,,,,,,,,,,,,,,,,,,,,,,,k,1.2717,,space,1.0664,,4,brown_gnome,4,9,bright_forest,red_basket,purple_gnome,4,5,dark_forest,yellow_basket,25,0,0,1,purple_gnome,dark_forest,yellow_basket,3105,0,-1,28,5,229,7,1,,,,,,,,,,,,,,,,,,,,,,,,,,,,,,,,,,,,,,,,,,,,,,,,,,,,,,,,,,,,,,,,,,,,,,,,,,,,
,,,,,,,,,,,,,,,,,,,,,,,,,,,,,,,,,,,,,,,,,,,,,,,,,,,,,,,,,,,,,,,,,704919,001,2024-06-19_18h39.22.193,experiment,2023.2.3,Linux x86_64,59.88023952,63655432e66823b2595ee761,6672e93b03029310057e1c76,6673179e8fce482c1e4ec0f9,,,,,,,,,,,,,,,,,,,,,,,,,,,,,,,,,,,,,,,,,,1,,,,,,,,,,,,,4,,,,,,,,,,,,,,,,,,,,,,,,,,,,k,1.4274,,space,0.7265,,4,purple_gnome,4,4,dark_forest,yellow_basket,brown_gnome,4,9,bright_forest,red_basket,9,0,0,1,brown_gnome,bright_forest,red_basket,3114,1,1,28,6,230,3,1,,,,,,,,,,,,,,,,,,,,,,,,,,,,,,,,,,,,,,,,,,,,,,,,,,,,,,,,,,,,,,,,,,,,,,,,,,,,
,,,,,,,,,,,,,,,,,,,,,,,,,,,,,,,,,,,,,,,,,,,,,,,,,,,,,,,,,,,,,,,,,704919,001,2024-06-19_18h39.22.193,experiment,2023.2.3,Linux x86_64,59.88023952,63655432e66823b2595ee761,6672e93b03029310057e1c76,6673179e8fce482c1e4ec0f9,,,,,,,,,,,,,,,,,,,,,,,,,,,,,,,,,,,,,,,,,,5,,,,,,,,,,,,,1,,,,,,,,,,,,,,,,,,,,,,,,,,,,k,0.4661,,space,0.7728,,1,orange_gnome,1,8,bright_forest,red_basket,blue_gnome,1,5,dark_forest,yellow_basket,25,0,0,1,blue_gnome,dark_forest,yellow_basket,3139,-1,2,28,7,231,4,1,,,,,,,,,,,,,,,,,,,,,,,,,,,,,,,,,,,,,,,,,,,,,,,,,,,,,,,,,,,,,,,,,,,,,,,,,,,,
,,,,,,,,,,,,,,,,,,,,,,,,,,,,,,,,,,,,,,,,,,,,,,,,,,,,,,,,,,,,,,,,,704919,001,2024-06-19_18h39.22.193,experiment,2023.2.3,Linux x86_64,59.88023952,63655432e66823b2595ee761,6672e93b03029310057e1c76,6673179e8fce482c1e4ec0f9,,,,,,,,,,,,,,,,,,,,,,,,,,,,,,,,,,,,,,,,,,5,,,,,,,,,,,,,2,,,,,,,,,,,,,,,,,,,,,,,,,,,,k,0.4995,,space,0.3432,,2,yellow_gnome,2,7,bright_forest,red_basket,red_gnome,2,7,dark_forest,yellow_basket,35,0,0,1,red_gnome,dark_forest,yellow_basket,3174,1,-1,29,0,232,5,1,,,,,,,,,,,,,,,,,,,,,,,,,,,,,,,,,,,,,,,,,,,,,,,,,,,,,,,,,,,,,,,,,,,,,,,,,,,,
,,,,,,,,,,,,,,,,,,,,,,,,,,,,,,,,,,,,,,,,,,,,,,,,,,,,,,,,,,,,,,,,,704919,001,2024-06-19_18h39.22.193,experiment,2023.2.3,Linux x86_64,59.88023952,63655432e66823b2595ee761,6672e93b03029310057e1c76,6673179e8fce482c1e4ec0f9,,,,,,,,,,,,,,,,,,,,,,,,,,,,,,,,,,,,,,,,,,1,,,,,,,,,,,,,1,,,,,,,,,,,,,,,,,,,,,,,,,,,,s,0.5879,,space,0.3681,,1,blue_gnome,1,6,dark_forest,yellow_basket,orange_gnome,1,8,bright_forest,red_basket,6,0,0,1,blue_gnome,dark_forest,yellow_basket,3180,0,-1,29,1,233,0,1,,,,,,,,,,,,,,,,,,,,,,,,,,,,,,,,,,,,,,,,,,,,,,,,,,,,,,,,,,,,,,,,,,,,,,,,,,,,
,,,,,,,,,,,,,,,,,,,,,,,,,,,,,,,,,,,,,,,,,,,,,,,,,,,,,,,,,,,,,,,,,704919,001,2024-06-19_18h39.22.193,experiment,2023.2.3,Linux x86_64,59.88023952,63655432e66823b2595ee761,6672e93b03029310057e1c76,6673179e8fce482c1e4ec0f9,,,,,,,,,,,,,,,,,,,,,,,,,,,,,,,,,,,,,,,,,,1,,,,,,,,,,,,,4,,,,,,,,,,,,,,,,,,,,,,,,,,,,s,0.3553,,space,0.8441,,4,purple_gnome,4,5,dark_forest,yellow_basket,brown_gnome,4,8,bright_forest,red_basket,5,0,0,1,purple_gnome,dark_forest,yellow_basket,3185,-1,1,29,2,234,3,1,,,,,,,,,,,,,,,,,,,,,,,,,,,,,,,,,,,,,,,,,,,,,,,,,,,,,,,,,,,,,,,,,,,,,,,,,,,,
,,,,,,,,,,,,,,,,,,,,,,,,,,,,,,,,,,,,,,,,,,,,,,,,,,,,,,,,,,,,,,,,,704919,001,2024-06-19_18h39.22.193,experiment,2023.2.3,Linux x86_64,59.88023952,63655432e66823b2595ee761,6672e93b03029310057e1c76,6673179e8fce482c1e4ec0f9,,,,,,,,,,,,,,,,,,,,,,,,,,,,,,,,,,,,,,,,,,5,,,,,,,,,,,,,2,,,,,,,,,,,,,,,,,,,,,,,,,,,,s,0.5387,,space,0.9327,,2,red_gnome,2,6,dark_forest,yellow_basket,yellow_gnome,2,7,bright_forest,red_basket,30,0,0,1,red_gnome,dark_forest,yellow_basket,3215,6,3,29,3,235,5,1,,,,,,,,,,,,,,,,,,,,,,,,,,,,,,,,,,,,,,,,,,,,,,,,,,,,,,,,,,,,,,,,,,,,,,,,,,,,
,,,,,,,,,,,,,,,,,,,,,,,,,,,,,,,,,,,,,,,,,,,,,,,,,,,,,,,,,,,,,,,,,704919,001,2024-06-19_18h39.22.193,experiment,2023.2.3,Linux x86_64,59.88023952,63655432e66823b2595ee761,6672e93b03029310057e1c76,6673179e8fce482c1e4ec0f9,,,,,,,,,,,,,,,,,,,,,,,,,,,,,,,,,,,,,,,,,,1,,,,,,,,,,,,,4,,,,,,,,,,,,,,,,,,,,,,,,,,,,,,,,,,4,brown_gnome,4,5,bright_forest,red_basket,purple_gnome,4,9,dark_forest,yellow_basket,0,1,0,0,,dark_forest,yellow_basket,3215,0,2,29,4,236,3,1,,,,,,,,,,,,,,,,,,,,,,,,,,,,,,,,,,,,,,,,,,,,,,,,,,,,,,,,,,,,,,,,,,,,,,,,,,,,
,,,,,,,,,,,,,,,,,,,,,,,,,,,,,,,,,,,,,,,,,,,,,,,,,,,,,,,,,,,,,,,,,704919,001,2024-06-19_18h39.22.193,experiment,2023.2.3,Linux x86_64,59.88023952,63655432e66823b2595ee761,6672e93b03029310057e1c76,6673179e8fce482c1e4ec0f9,,,,,,,,,,,,,,,,,,,,,,,,,,,,,,,,,,,,,,,,,,1,,,,,,,,,,,,,2,,,,,,,,,,,,,,,,,,,,,,,,,,,,s,0.4772,,space,0.4206,,2,yellow_gnome,2,5,bright_forest,red_basket,red_gnome,2,7,dark_forest,yellow_basket,5,0,0,1,yellow_gnome,bright_forest,red_basket,3220,4,0,29,5,237,1,1,,,,,,,,,,,,,,,,,,,,,,,,,,,,,,,,,,,,,,,,,,,,,,,,,,,,,,,,,,,,,,,,,,,,,,,,,,,,
,,,,,,,,,,,,,,,,,,,,,,,,,,,,,,,,,,,,,,,,,,,,,,,,,,,,,,,,,,,,,,,,,704919,001,2024-06-19_18h39.22.193,experiment,2023.2.3,Linux x86_64,59.88023952,63655432e66823b2595ee761,6672e93b03029310057e1c76,6673179e8fce482c1e4ec0f9,,,,,,,,,,,,,,,,,,,,,,,,,,,,,,,,,,,,,,,,,,1,,,,,,,,,,,,,4,,,,,,,,,,,,,,,,,,,,,,,,,,,,s,0.7575,,space,0.5356,,4,purple_gnome,4,7,dark_forest,yellow_basket,brown_gnome,4,9,bright_forest,red_basket,7,0,0,1,purple_gnome,dark_forest,yellow_basket,3227,-1,3,29,6,238,3,1,,,,,,,,,,,,,,,,,,,,,,,,,,,,,,,,,,,,,,,,,,,,,,,,,,,,,,,,,,,,,,,,,,,,,,,,,,,,
,,,,,,,,,,,,,,,,,,,,,,,,,,,,,,,,,,,,,,,,,,,,,,,,,,,,,,,,,,,,,,,,,704919,001,2024-06-19_18h39.22.193,experiment,2023.2.3,Linux x86_64,59.88023952,63655432e66823b2595ee761,6672e93b03029310057e1c76,6673179e8fce482c1e4ec0f9,,,,,,,,,,,,,,,,,,,,,,,,,,,,,,,,,,,,,,,,,,1,,,,,,,,,,,,,4,,,,,,,,,,,,,,,,,,,,,,,,,,,,s,0.5691,,space,0.9828,,4,brown_gnome,4,8,bright_forest,red_basket,purple_gnome,4,8,dark_forest,yellow_basket,8,0,0,1,brown_gnome,bright_forest,red_basket,3235,-1,0,29,7,239,3,1,,,,,,,,,,,,,,,,,,,,,,,,,,,,,,,,,,,,,,,,,,,,,,,,,,,,,,,,,,,,,,,,,,,,,,,,,,,,
,,,,,,,,,,,,,,,,,,,,,,,,,,,,,,,,,,,,,,,,,,,,,,,,,,,,,,,,,,,,,,,,,704919,001,2024-06-19_18h39.22.193,experiment,2023.2.3,Linux x86_64,59.88023952,63655432e66823b2595ee761,6672e93b03029310057e1c76,6673179e8fce482c1e4ec0f9,,,,,,,,,,,,,,,,,,,,,,,,,,,,,,,,,,,,,,,,,,5,,,,,,,,,,,,,1,,,,,,,,,,,,,,,,,,,,,,,,,,,,s,0.8324,,space,0.6457,,1,blue_gnome,1,8,dark_forest,yellow_basket,orange_gnome,1,7,bright_forest,red_basket,40,0,0,1,blue_gnome,dark_forest,yellow_basket,3275,-1,1,30,0,240,4,1,,,,,,,,,,,,,,,,,,,,,,,,,,,,,,,,,,,,,,,,,,,,,,,,,,,,,,,,,,,,,,,,,,,,,,,,,,,,
,,,,,,,,,,,,,,,,,,,,,,,,,,,,,,,,,,,,,,,,,,,,,,,,,,,,,,,,,,,,,,,,,704919,001,2024-06-19_18h39.22.193,experiment,2023.2.3,Linux x86_64,59.88023952,63655432e66823b2595ee761,6672e93b03029310057e1c76,6673179e8fce482c1e4ec0f9,,,,,,,,,,,,,,,,,,,,,,,,,,,,,,,,,,,,,,,,,,5,,,,,,,,,,,,,2,,,,,,,,,,,,,,,,,,,,,,,,,,,,s,1.257,,space,1.0391,,2,red_gnome,2,9,dark_forest,yellow_basket,yellow_gnome,2,6,bright_forest,red_basket,45,0,0,1,red_gnome,dark_forest,yellow_basket,3320,1,0,30,1,241,5,1,,,,,,,,,,,,,,,,,,,,,,,,,,,,,,,,,,,,,,,,,,,,,,,,,,,,,,,,,,,,,,,,,,,,,,,,,,,,
,,,,,,,,,,,,,,,,,,,,,,,,,,,,,,,,,,,,,,,,,,,,,,,,,,,,,,,,,,,,,,,,,704919,001,2024-06-19_18h39.22.193,experiment,2023.2.3,Linux x86_64,59.88023952,63655432e66823b2595ee761,6672e93b03029310057e1c76,6673179e8fce482c1e4ec0f9,,,,,,,,,,,,,,,,,,,,,,,,,,,,,,,,,,,,,,,,,,1,,,,,,,,,,,,,3,,,,,,,,,,,,,,,,,,,,,,,,,,,,s,0.4993,,space,0.344,,3,pink_gnome,3,9,dark_forest,yellow_basket,green_gnome,3,7,bright_forest,red_basket,9,0,0,1,pink_gnome,dark_forest,yellow_basket,3329,-1,0,30,2,242,2,1,,,,,,,,,,,,,,,,,,,,,,,,,,,,,,,,,,,,,,,,,,,,,,,,,,,,,,,,,,,,,,,,,,,,,,,,,,,,
,,,,,,,,,,,,,,,,,,,,,,,,,,,,,,,,,,,,,,,,,,,,,,,,,,,,,,,,,,,,,,,,,704919,001,2024-06-19_18h39.22.193,experiment,2023.2.3,Linux x86_64,59.88023952,63655432e66823b2595ee761,6672e93b03029310057e1c76,6673179e8fce482c1e4ec0f9,,,,,,,,,,,,,,,,,,,,,,,,,,,,,,,,,,,,,,,,,,1,,,,,,,,,,,,,3,,,,,,,,,,,,,,,,,,,,,,,,,,,,s,0.7204,,space,0.53,,3,green_gnome,3,6,bright_forest,red_basket,pink_gnome,3,9,dark_forest,yellow_basket,6,0,0,1,green_gnome,bright_forest,red_basket,3335,-3,1,30,3,243,2,1,,,,,,,,,,,,,,,,,,,,,,,,,,,,,,,,,,,,,,,,,,,,,,,,,,,,,,,,,,,,,,,,,,,,,,,,,,,,
,,,,,,,,,,,,,,,,,,,,,,,,,,,,,,,,,,,,,,,,,,,,,,,,,,,,,,,,,,,,,,,,,704919,001,2024-06-19_18h39.22.193,experiment,2023.2.3,Linux x86_64,59.88023952,63655432e66823b2595ee761,6672e93b03029310057e1c76,6673179e8fce482c1e4ec0f9,,,,,,,,,,,,,,,,,,,,,,,,,,,,,,,,,,,,,,,,,,5,,,,,,,,,,,,,2,,,,,,,,,,,,,,,,,,,,,,,,,,,,s,0.5765,,space,1.0519,,2,red_gnome,2,8,dark_forest,yellow_basket,yellow_gnome,2,3,bright_forest,red_basket,40,0,0,1,red_gnome,dark_forest,yellow_basket,3375,1,1,30,4,244,5,1,,,,,,,,,,,,,,,,,,,,,,,,,,,,,,,,,,,,,,,,,,,,,,,,,,,,,,,,,,,,,,,,,,,,,,,,,,,,
,,,,,,,,,,,,,,,,,,,,,,,,,,,,,,,,,,,,,,,,,,,,,,,,,,,,,,,,,,,,,,,,,704919,001,2024-06-19_18h39.22.193,experiment,2023.2.3,Linux x86_64,59.88023952,63655432e66823b2595ee761,6672e93b03029310057e1c76,6673179e8fce482c1e4ec0f9,,,,,,,,,,,,,,,,,,,,,,,,,,,,,,,,,,,,,,,,,,5,,,,,,,,,,,,,1,,,,,,,,,,,,,,,,,,,,,,,,,,,,s,0.398,,,,,1,orange_gnome,1,4,bright_forest,red_basket,blue_gnome,1,9,dark_forest,yellow_basket,0,0,1,0,orange_gnome,bright_forest,red_basket,3375,2,-1,30,5,245,4,1,,,,,,,,,,,,,,,,,,,,,,,,,,,,,,,,,,,,,,,,,,,,,,,,,,,,,,,,,,,,,,,,,,,,,,,,,,,,
,,,,,,,,,,,,,,,,,,,,,,,,,,,,,,,,,,,,,,,,,,,,,,,,,,,,,,,,,,,,,,,,,704919,001,2024-06-19_18h39.22.193,experiment,2023.2.3,Linux x86_64,59.88023952,63655432e66823b2595ee761,6672e93b03029310057e1c76,6673179e8fce482c1e4ec0f9,,,,,,,,,,,,,,,,,,,,,,,,,,,,,,,,,,,,,,,,,,1,,,,,,,,,,,,,2,,,,,,,,,,,,,,,,,,,,,,,,,,,,s,0.4138,,space,0.4929,,2,red_gnome,2,8,dark_forest,yellow_basket,yellow_gnome,2,6,bright_forest,red_basket,8,0,0,1,red_gnome,dark_forest,yellow_basket,3383,-1,-2,30,6,246,1,1,,,,,,,,,,,,,,,,,,,,,,,,,,,,,,,,,,,,,,,,,,,,,,,,,,,,,,,,,,,,,,,,,,,,,,,,,,,,
,,,,,,,,,,,,,,,,,,,,,,,,,,,,,,,,,,,,,,,,,,,,,,,,,,,,,,,,,,,,,,,,,704919,001,2024-06-19_18h39.22.193,experiment,2023.2.3,Linux x86_64,59.88023952,63655432e66823b2595ee761,6672e93b03029310057e1c76,6673179e8fce482c1e4ec0f9,,,,,,,,,,,,,,,,,,,,,,,,,,,,,,,,,,,,,,,,,,5,,,,,,,,,,,,,4,,,,,,,,,,,,,,,,,,,,,,,,,,,,s,0.3487,,space,0.3931,,4,brown_gnome,4,5,bright_forest,red_basket,purple_gnome,4,6,dark_forest,yellow_basket,25,0,0,1,brown_gnome,bright_forest,red_basket,3408,0,-1,30,7,247,7,1,,,,,,,,,,,,,,,,,,,,,,,,,,,,,,,,,,,,,,,,,,,,,,,,,,,,,,,,,,,,,,,,,,,,,,,,,,,,
,,,,,,,,,,,,,,,,,,,,,,,,,,,,,,,,,,,,,,,,,,,,,,,,,,,,,,,,,,,,,,,,,704919,001,2024-06-19_18h39.22.193,experiment,2023.2.3,Linux x86_64,59.88023952,63655432e66823b2595ee761,6672e93b03029310057e1c76,6673179e8fce482c1e4ec0f9,,,,,,,,,,,,,,,,,,,,,,,,,,,,,,,,,,,,,,,,,,1,,,,,,,,,,,,,3,,,,,,,,,,,,,,,,,,,,,,,,,,,,s,0.3962,,space,0.6168,,3,green_gnome,3,5,bright_forest,red_basket,pink_gnome,3,5,dark_forest,yellow_basket,5,0,0,1,green_gnome,bright_forest,red_basket,3413,0,-2,31,0,248,2,1,,,,,,,,,,,,,,,,,,,,,,,,,,,,,,,,,,,,,,,,,,,,,,,,,,,,,,,,,,,,,,,,,,,,,,,,,,,,
,,,,,,,,,,,,,,,,,,,,,,,,,,,,,,,,,,,,,,,,,,,,,,,,,,,,,,,,,,,,,,,,,704919,001,2024-06-19_18h39.22.193,experiment,2023.2.3,Linux x86_64,59.88023952,63655432e66823b2595ee761,6672e93b03029310057e1c76,6673179e8fce482c1e4ec0f9,,,,,,,,,,,,,,,,,,,,,,,,,,,,,,,,,,,,,,,,,,1,,,,,,,,,,,,,4,,,,,,,,,,,,,,,,,,,,,,,,,,,,s,0.1929,,space,0.5131,,4,purple_gnome,4,3,dark_forest,yellow_basket,brown_gnome,4,5,bright_forest,red_basket,3,0,0,1,purple_gnome,dark_forest,yellow_basket,3416,0,-2,31,1,249,3,1,,,,,,,,,,,,,,,,,,,,,,,,,,,,,,,,,,,,,,,,,,,,,,,,,,,,,,,,,,,,,,,,,,,,,,,,,,,,
,,,,,,,,,,,,,,,,,,,,,,,,,,,,,,,,,,,,,,,,,,,,,,,,,,,,,,,,,,,,,,,,,704919,001,2024-06-19_18h39.22.193,experiment,2023.2.3,Linux x86_64,59.88023952,63655432e66823b2595ee761,6672e93b03029310057e1c76,6673179e8fce482c1e4ec0f9,,,,,,,,,,,,,,,,,,,,,,,,,,,,,,,,,,,,,,,,,,1,,,,,,,,,,,,,4,,,,,,,,,,,,,,,,,,,,,,,,,,,,s,1.2206,,space,0.9286,,4,brown_gnome,4,5,bright_forest,red_basket,purple_gnome,4,1,dark_forest,yellow_basket,5,0,0,1,brown_gnome,bright_forest,red_basket,3421,1,-2,31,2,250,3,1,,,,,,,,,,,,,,,,,,,,,,,,,,,,,,,,,,,,,,,,,,,,,,,,,,,,,,,,,,,,,,,,,,,,,,,,,,,,
,,,,,,,,,,,,,,,,,,,,,,,,,,,,,,,,,,,,,,,,,,,,,,,,,,,,,,,,,,,,,,,,,704919,001,2024-06-19_18h39.22.193,experiment,2023.2.3,Linux x86_64,59.88023952,63655432e66823b2595ee761,6672e93b03029310057e1c76,6673179e8fce482c1e4ec0f9,,,,,,,,,,,,,,,,,,,,,,,,,,,,,,,,,,,,,,,,,,5,,,,,,,,,,,,,1,,,,,,,,,,,,,,,,,,,,,,,,,,,,,,,,,,1,blue_gnome,1,1,dark_forest,yellow_basket,orange_gnome,1,6,bright_forest,red_basket,0,1,0,0,,bright_forest,red_basket,3421,-1,-4,31,3,251,4,1,,,,,,,,,,,,,,,,,,,,,,,,,,,,,,,,,,,,,,,,,,,,,,,,,,,,,,,,,,,,,,,,,,,,,,,,,,,,
,,,,,,,,,,,,,,,,,,,,,,,,,,,,,,,,,,,,,,,,,,,,,,,,,,,,,,,,,,,,,,,,,704919,001,2024-06-19_18h39.22.193,experiment,2023.2.3,Linux x86_64,59.88023952,63655432e66823b2595ee761,6672e93b03029310057e1c76,6673179e8fce482c1e4ec0f9,,,,,,,,,,,,,,,,,,,,,,,,,,,,,,,,,,,,,,,,,,1,,,,,,,,,,,,,1,,,,,,,,,,,,,,,,,,,,,,,,,,,,s,1.1106,,space,1.4025,,1,orange_gnome,1,5,bright_forest,red_basket,blue_gnome,1,3,dark_forest,yellow_basket,5,0,0,1,orange_gnome,bright_forest,red_basket,3426,4,3,31,4,252,0,1,,,,,,,,,,,,,,,,,,,,,,,,,,,,,,,,,,,,,,,,,,,,,,,,,,,,,,,,,,,,,,,,,,,,,,,,,,,,
,,,,,,,,,,,,,,,,,,,,,,,,,,,,,,,,,,,,,,,,,,,,,,,,,,,,,,,,,,,,,,,,,704919,001,2024-06-19_18h39.22.193,experiment,2023.2.3,Linux x86_64,59.88023952,63655432e66823b2595ee761,6672e93b03029310057e1c76,6673179e8fce482c1e4ec0f9,,,,,,,,,,,,,,,,,,,,,,,,,,,,,,,,,,,,,,,,,,1,,,,,,,,,,,,,4,,,,,,,,,,,,,,,,,,,,,,,,,,,,s,1.0961,,space,0.6915,,4,purple_gnome,4,6,dark_forest,yellow_basket,brown_gnome,4,9,bright_forest,red_basket,6,0,0,1,purple_gnome,dark_forest,yellow_basket,3432,-3,-1,31,5,253,3,1,,,,,,,,,,,,,,,,,,,,,,,,,,,,,,,,,,,,,,,,,,,,,,,,,,,,,,,,,,,,,,,,,,,,,,,,,,,,
,,,,,,,,,,,,,,,,,,,,,,,,,,,,,,,,,,,,,,,,,,,,,,,,,,,,,,,,,,,,,,,,,704919,001,2024-06-19_18h39.22.193,experiment,2023.2.3,Linux x86_64,59.88023952,63655432e66823b2595ee761,6672e93b03029310057e1c76,6673179e8fce482c1e4ec0f9,,,,,,,,,,,,,,,,,,,,,,,,,,,,,,,,,,,,,,,,,,5,,,,,,,,,,,,,2,,,,,,,,,,,,,,,,,,,,,,,,,,,,s,1.4057,,space,0.4958,,2,red_gnome,2,5,dark_forest,yellow_basket,yellow_gnome,2,6,bright_forest,red_basket,25,0,0,1,red_gnome,dark_forest,yellow_basket,3457,-3,2,31,6,254,5,1,,,,,,,,,,,,,,,,,,,,,,,,,,,,,,,,,,,,,,,,,,,,,,,,,,,,,,,,,,,,,,,,,,,,,,,,,,,,
,,,,,,,,,,,,,,,,,,,,,,,,,,,,,,,,,,,,,,,,,,,,,,,,,,,,,,,,,,,,,,,,,704919,001,2024-06-19_18h39.22.193,experiment,2023.2.3,Linux x86_64,59.88023952,63655432e66823b2595ee761,6672e93b03029310057e1c76,6673179e8fce482c1e4ec0f9,,,,,,,,,,,,,,,,,,,,,,,,,,,,,,,,,,,,,,,,,,1,,,,,,,,,,,,,2,,,,,,,,,,,,,,,,,,,,,,,,,,,,s,0.9577,,space,0.466,,2,red_gnome,2,7,dark_forest,yellow_basket,yellow_gnome,2,3,bright_forest,red_basket,7,0,0,1,red_gnome,dark_forest,yellow_basket,3464,-2,0,31,7,255,1,1,,,,,,,,,,,,,,,,,,,,,,,,,,,,,,,,,,,,,,,,,,,,,,,,,,,,,,,,,,,,,,,,,,,,,,,,,,,,
,,,,,,,,,,,,,,,,,,,,,,,,,,,,,,,,,,,,,,,,,,,,,,,,,,,,,,,,,,,,,,,,,704919,001,2024-06-19_18h39.22.193,experiment,2023.2.3,Linux x86_64,59.88023952,63655432e66823b2595ee761,6672e93b03029310057e1c76,6673179e8fce482c1e4ec0f9,,,,,,,,,,,,,,,,,,,,,,,,,,,,,,,,,,,,,,,,,,,,,,,,,,,,,,,,,,,,,,,2520.9913,2524.3149,0.603957176,-0.328844229,1,0,0,3.2976,t_advice_finished_typing_rect,,,,,,,,,,,,,,,,,,,,,,,,,,,,,,,,,,,,,,,,,,,,,,,space,12.986,,space,8.9459,,space,2.5138,,"go for the short yellow hat and the tall hats in the beginning but then after the 2nd break go for just the tall hats, especially the brown one",0.767424742,-0.331346353,1,0,0,38.067,vb_finished_typing_rect,space,3.1678,,space,12.8302,,space,4.0841,,space,3.1123,,62.23376592,5.4079,13.10072343,7.256,space,8.2054,,pink_gnome,blue_gnome,0,0,0,13,1,2,3,,,,,,,,,,,,,,,,,,,,,,,,,,,,
,,,,,,,,,,,,,,,,,,,,,,,,,,,,,,,,,,,,,,,,,,,,,,,,,,,,,,,,,,,,,,,,,704919,001,2024-06-19_18h39.22.193,experiment,2023.2.3,Linux x86_64,59.88023952,63655432e66823b2595ee761,6672e93b03029310057e1c76,6673179e8fce482c1e4ec0f9,,,,,,,,,,,,,,,,,,,,,,,,,,,,,,,,,,,,,,,,,,,,,,,,,,,,,,,,,,,,,,,,,,,,,,,,,,,,,,,,,,,,,,,,,,,,,,,,,,,,,,,,,,,,,,,,,,,,,,,,,,,,,,,,,,,,,,,,,,,,,,,,,,,77.45538553,4.2868,59.2356046,5.8337,space,5.4745,,orange_gnome,brown_gnome,0,1,1,6,1,0,7,,,,,,,,,,,,,,,,,,,,,,,,,,,,
,,,,,,,,,,,,,,,,,,,,,,,,,,,,,,,,,,,,,,,,,,,,,,,,,,,,,,,,,,,,,,,,,704919,001,2024-06-19_18h39.22.193,experiment,2023.2.3,Linux x86_64,59.88023952,63655432e66823b2595ee761,6672e93b03029310057e1c76,6673179e8fce482c1e4ec0f9,,,,,,,,,,,,,,,,,,,,,,,,,,,,,,,,,,,,,,,,,,,,,,,,,,,,,,,,,,,,,,,,,,,,,,,,,,,,,,,,,,,,,,,,,,,,,,,,,,,,,,,,,,,,,,,,,,,,,,,,,,,,,,,,,,,,,,,,,,,,,,,,,,,31.41794205,4.8829,39.33053811,6.6645,space,6.3959,,red_gnome,pink_gnome,0,2,2,15,1,2,5,,,,,,,,,,,,,,,,,,,,,,,,,,,,
,,,,,,,,,,,,,,,,,,,,,,,,,,,,,,,,,,,,,,,,,,,,,,,,,,,,,,,,,,,,,,,,,704919,001,2024-06-19_18h39.22.193,experiment,2023.2.3,Linux x86_64,59.88023952,63655432e66823b2595ee761,6672e93b03029310057e1c76,6673179e8fce482c1e4ec0f9,,,,,,,,,,,,,,,,,,,,,,,,,,,,,,,,,,,,,,,,,,,,,,,,,,,,,,,,,,,,,,,,,,,,,,,,,,,,,,,,,,,,,,,,,,,,,,,,,,,,,,,,,,,,,,,,,,,,,,,,,,,,,,,,,,,,,,,,,,,,,,,,,,,77.62112617,3.2042,66.9910272,5.0017,space,4.6826,,blue_gnome,orange_gnome,0,3,3,21,1,3,7,,,,,,,,,,,,,,,,,,,,,,,,,,,,
,,,,,,,,,,,,,,,,,,,,,,,,,,,,,,,,,,,,,,,,,,,,,,,,,,,,,,,,,,,,,,,,,704919,001,2024-06-19_18h39.22.193,experiment,2023.2.3,Linux x86_64,59.88023952,63655432e66823b2595ee761,6672e93b03029310057e1c76,6673179e8fce482c1e4ec0f9,,,,,,,,,,,,,,,,,,,,,,,,,,,,,,,,,,,,,,,,,,,,,,,,,,,,,,,,,,,,,,,,,,,,,,,,,,,,,,,,,,,,,,,,,,,,,,,,,,,,,,,,,,,,,,,,,,,,,,,,,,,,,,,,,,,,,,,,,,,,,,,,,,,30.80832958,3.6213,12.96683153,5.2393,space,4.8477,,red_gnome,yellow_gnome,0,4,4,25,1,5,6,,,,,,,,,,,,,,,,,,,,,,,,,,,,
,,,,,,,,,,,,,,,,,,,,,,,,,,,,,,,,,,,,,,,,,,,,,,,,,,,,,,,,,,,,,,,,,704919,001,2024-06-19_18h39.22.193,experiment,2023.2.3,Linux x86_64,59.88023952,63655432e66823b2595ee761,6672e93b03029310057e1c76,6673179e8fce482c1e4ec0f9,,,,,,,,,,,,,,,,,,,,,,,,,,,,,,,,,,,,,,,,,,,,,,,,,,,,,,,,,,,,,,,,,,,,,,,,,,,,,,,,,,,,,,,,,,,,,,,,,,,,,,,,,,,,,,,,,,,,,,,,,,,,,,,,,,,,,,,,,,,,,,,,,,,80.53427537,2.5584,83.88667901,4.5528,space,4.1985,,yellow_gnome,orange_gnome,0,5,5,27,1,6,7,,,,,,,,,,,,,,,,,,,,,,,,,,,,
,,,,,,,,,,,,,,,,,,,,,,,,,,,,,,,,,,,,,,,,,,,,,,,,,,,,,,,,,,,,,,,,,704919,001,2024-06-19_18h39.22.193,experiment,2023.2.3,Linux x86_64,59.88023952,63655432e66823b2595ee761,6672e93b03029310057e1c76,6673179e8fce482c1e4ec0f9,,,,,,,,,,,,,,,,,,,,,,,,,,,,,,,,,,,,,,,,,,,,,,,,,,,,,,,,,,,,,,,,,,,,,,,,,,,,,,,,,,,,,,,,,,,,,,,,,,,,,,,,,,,,,,,,,,,,,,,,,,,,,,,,,,,,,,,,,,,,,,,,,,,13.17968766,2.956,61.13795439,4.4212,space,4.1912,,red_gnome,green_gnome,0,6,6,22,1,4,5,,,,,,,,,,,,,,,,,,,,,,,,,,,,
,,,,,,,,,,,,,,,,,,,,,,,,,,,,,,,,,,,,,,,,,,,,,,,,,,,,,,,,,,,,,,,,,704919,001,2024-06-19_18h39.22.193,experiment,2023.2.3,Linux x86_64,59.88023952,63655432e66823b2595ee761,6672e93b03029310057e1c76,6673179e8fce482c1e4ec0f9,,,,,,,,,,,,,,,,,,,,,,,,,,,,,,,,,,,,,,,,,,,,,,,,,,,,,,,,,,,,,,,,,,,,,,,,,,,,,,,,,,,,,,,,,,,,,,,,,,,,,,,,,,,,,,,,,,,,,,,,,,,,,,,,,,,,,,,,,,,,,,,,,,,78.11774413,2.3756,76.59026782,3.9598,space,3.6484,,orange_gnome,pink_gnome,0,7,7,17,1,2,7,,,,,,,,,,,,,,,,,,,,,,,,,,,,
,,,,,,,,,,,,,,,,,,,,,,,,,,,,,,,,,,,,,,,,,,,,,,,,,,,,,,,,,,,,,,,,,704919,001,2024-06-19_18h39.22.193,experiment,2023.2.3,Linux x86_64,59.88023952,63655432e66823b2595ee761,6672e93b03029310057e1c76,6673179e8fce482c1e4ec0f9,,,,,,,,,,,,,,,,,,,,,,,,,,,,,,,,,,,,,,,,,,,,,,,,,,,,,,,,,,,,,,,,,,,,,,,,,,,,,,,,,,,,,,,,,,,,,,,,,,,,,,,,,,,,,,,,,,,,,,,,,,,,,,,,,,,,,,,,,,,,,,,,,,,73.73982271,2.4873,74.04173215,4.7196,space,4.3998,,orange_gnome,purple_gnome,0,8,8,12,1,1,7,,,,,,,,,,,,,,,,,,,,,,,,,,,,
,,,,,,,,,,,,,,,,,,,,,,,,,,,,,,,,,,,,,,,,,,,,,,,,,,,,,,,,,,,,,,,,,704919,001,2024-06-19_18h39.22.193,experiment,2023.2.3,Linux x86_64,59.88023952,63655432e66823b2595ee761,6672e93b03029310057e1c76,6673179e8fce482c1e4ec0f9,,,,,,,,,,,,,,,,,,,,,,,,,,,,,,,,,,,,,,,,,,,,,,,,,,,,,,,,,,,,,,,,,,,,,,,,,,,,,,,,,,,,,,,,,,,,,,,,,,,,,,,,,,,,,,,,,,,,,,,,,,,,,,,,,,,,,,,,,,,,,,,,,,,75.21981398,2.5061,55.28493722,3.8751,space,3.5441,,brown_gnome,blue_gnome,0,9,9,2,1,0,3,,,,,,,,,,,,,,,,,,,,,,,,,,,,
,,,,,,,,,,,,,,,,,,,,,,,,,,,,,,,,,,,,,,,,,,,,,,,,,,,,,,,,,,,,,,,,,704919,001,2024-06-19_18h39.22.193,experiment,2023.2.3,Linux x86_64,59.88023952,63655432e66823b2595ee761,6672e93b03029310057e1c76,6673179e8fce482c1e4ec0f9,,,,,,,,,,,,,,,,,,,,,,,,,,,,,,,,,,,,,,,,,,,,,,,,,,,,,,,,,,,,,,,,,,,,,,,,,,,,,,,,,,,,,,,,,,,,,,,,,,,,,,,,,,,,,,,,,,,,,,,,,,,,,,,,,,,,,,,,,,,,,,,,,,,23.7438639,2.3417,58.39164257,4.69,space,4.3375,,green_gnome,orange_gnome,0,10,10,24,1,4,7,,,,,,,,,,,,,,,,,,,,,,,,,,,,
,,,,,,,,,,,,,,,,,,,,,,,,,,,,,,,,,,,,,,,,,,,,,,,,,,,,,,,,,,,,,,,,,704919,001,2024-06-19_18h39.22.193,experiment,2023.2.3,Linux x86_64,59.88023952,63655432e66823b2595ee761,6672e93b03029310057e1c76,6673179e8fce482c1e4ec0f9,,,,,,,,,,,,,,,,,,,,,,,,,,,,,,,,,,,,,,,,,,,,,,,,,,,,,,,,,,,,,,,,,,,,,,,,,,,,,,,,,,,,,,,,,,,,,,,,,,,,,,,,,,,,,,,,,,,,,,,,,,,,,,,,,,,,,,,,,,,,,,,,,,,22.95234998,4.1532,39.14913336,6.8994,space,6.6951,,yellow_gnome,blue_gnome,0,11,11,20,1,3,6,,,,,,,,,,,,,,,,,,,,,,,,,,,,
,,,,,,,,,,,,,,,,,,,,,,,,,,,,,,,,,,,,,,,,,,,,,,,,,,,,,,,,,,,,,,,,,704919,001,2024-06-19_18h39.22.193,experiment,2023.2.3,Linux x86_64,59.88023952,63655432e66823b2595ee761,6672e93b03029310057e1c76,6673179e8fce482c1e4ec0f9,,,,,,,,,,,,,,,,,,,,,,,,,,,,,,,,,,,,,,,,,,,,,,,,,,,,,,,,,,,,,,,,,,,,,,,,,,,,,,,,,,,,,,,,,,,,,,,,,,,,,,,,,,,,,,,,,,,,,,,,,,,,,,,,,,,,,,,,,,,,,,,,,,,69.03024515,3.4068,65.79012076,5.1848,space,5.0668,,brown_gnome,yellow_gnome,0,12,12,5,1,0,6,,,,,,,,,,,,,,,,,,,,,,,,,,,,
,,,,,,,,,,,,,,,,,,,,,,,,,,,,,,,,,,,,,,,,,,,,,,,,,,,,,,,,,,,,,,,,,704919,001,2024-06-19_18h39.22.193,experiment,2023.2.3,Linux x86_64,59.88023952,63655432e66823b2595ee761,6672e93b03029310057e1c76,6673179e8fce482c1e4ec0f9,,,,,,,,,,,,,,,,,,,,,,,,,,,,,,,,,,,,,,,,,,,,,,,,,,,,,,,,,,,,,,,,,,,,,,,,,,,,,,,,,,,,,,,,,,,,,,,,,,,,,,,,,,,,,,,,,,,,,,,,,,,,,,,,,,,,,,,,,,,,,,,,,,,27.71762609,4.2079,60.82873344,6.2357,space,6.0494,,brown_gnome,pink_gnome,0,13,13,1,1,0,2,,,,,,,,,,,,,,,,,,,,,,,,,,,,
,,,,,,,,,,,,,,,,,,,,,,,,,,,,,,,,,,,,,,,,,,,,,,,,,,,,,,,,,,,,,,,,,704919,001,2024-06-19_18h39.22.193,experiment,2023.2.3,Linux x86_64,59.88023952,63655432e66823b2595ee761,6672e93b03029310057e1c76,6673179e8fce482c1e4ec0f9,,,,,,,,,,,,,,,,,,,,,,,,,,,,,,,,,,,,,,,,,,,,,,,,,,,,,,,,,,,,,,,,,,,,,,,,,,,,,,,,,,,,,,,,,,,,,,,,,,,,,,,,,,,,,,,,,,,,,,,,,,,,,,,,,,,,,,,,,,,,,,,,,,,25.19810994,2.3872,32.60349433,4.5366,space,4.5157,,red_gnome,purple_gnome,0,14,14,10,1,1,5,,,,,,,,,,,,,,,,,,,,,,,,,,,,
,,,,,,,,,,,,,,,,,,,,,,,,,,,,,,,,,,,,,,,,,,,,,,,,,,,,,,,,,,,,,,,,,704919,001,2024-06-19_18h39.22.193,experiment,2023.2.3,Linux x86_64,59.88023952,63655432e66823b2595ee761,6672e93b03029310057e1c76,6673179e8fce482c1e4ec0f9,,,,,,,,,,,,,,,,,,,,,,,,,,,,,,,,,,,,,,,,,,,,,,,,,,,,,,,,,,,,,,,,,,,,,,,,,,,,,,,,,,,,,,,,,,,,,,,,,,,,,,,,,,,,,,,,,,,,,,,,,,,,,,,,,,,,,,,,,,,,,,,,,,,23.74618053,2.5755,69.64157422,4.007,space,3.6695,,purple_gnome,yellow_gnome,0,15,15,11,1,1,6,,,,,,,,,,,,,,,,,,,,,,,,,,,,
,,,,,,,,,,,,,,,,,,,,,,,,,,,,,,,,,,,,,,,,,,,,,,,,,,,,,,,,,,,,,,,,,704919,001,2024-06-19_18h39.22.193,experiment,2023.2.3,Linux x86_64,59.88023952,63655432e66823b2595ee761,6672e93b03029310057e1c76,6673179e8fce482c1e4ec0f9,,,,,,,,,,,,,,,,,,,,,,,,,,,,,,,,,,,,,,,,,,,,,,,,,,,,,,,,,,,,,,,,,,,,,,,,,,,,,,,,,,,,,,,,,,,,,,,,,,,,,,,,,,,,,,,,,,,,,,,,,,,,,,,,,,,,,,,,,,,,,,,,,,,25.05569061,2.386,60.88273525,4.6502,space,4.3486,,green_gnome,brown_gnome,0,16,16,3,1,0,4,,,,,,,,,,,,,,,,,,,,,,,,,,,,
,,,,,,,,,,,,,,,,,,,,,,,,,,,,,,,,,,,,,,,,,,,,,,,,,,,,,,,,,,,,,,,,,704919,001,2024-06-19_18h39.22.193,experiment,2023.2.3,Linux x86_64,59.88023952,63655432e66823b2595ee761,6672e93b03029310057e1c76,6673179e8fce482c1e4ec0f9,,,,,,,,,,,,,,,,,,,,,,,,,,,,,,,,,,,,,,,,,,,,,,,,,,,,,,,,,,,,,,,,,,,,,,,,,,,,,,,,,,,,,,,,,,,,,,,,,,,,,,,,,,,,,,,,,,,,,,,,,,,,,,,,,,,,,,,,,,,,,,,,,,,37.64881293,3.1399,37.59537538,4.5896,space,4.1819,,purple_gnome,pink_gnome,0,17,17,7,1,1,2,,,,,,,,,,,,,,,,,,,,,,,,,,,,
,,,,,,,,,,,,,,,,,,,,,,,,,,,,,,,,,,,,,,,,,,,,,,,,,,,,,,,,,,,,,,,,,704919,001,2024-06-19_18h39.22.193,experiment,2023.2.3,Linux x86_64,59.88023952,63655432e66823b2595ee761,6672e93b03029310057e1c76,6673179e8fce482c1e4ec0f9,,,,,,,,,,,,,,,,,,,,,,,,,,,,,,,,,,,,,,,,,,,,,,,,,,,,,,,,,,,,,,,,,,,,,,,,,,,,,,,,,,,,,,,,,,,,,,,,,,,,,,,,,,,,,,,,,,,,,,,,,,,,,,,,,,,,,,,,,,,,,,,,,,,56.48295085,3.1511,17.38587618,4.5491,space,4.2665,,red_gnome,orange_gnome,0,18,18,26,1,5,7,,,,,,,,,,,,,,,,,,,,,,,,,,,,
,,,,,,,,,,,,,,,,,,,,,,,,,,,,,,,,,,,,,,,,,,,,,,,,,,,,,,,,,,,,,,,,,704919,001,2024-06-19_18h39.22.193,experiment,2023.2.3,Linux x86_64,59.88023952,63655432e66823b2595ee761,6672e93b03029310057e1c76,6673179e8fce482c1e4ec0f9,,,,,,,,,,,,,,,,,,,,,,,,,,,,,,,,,,,,,,,,,,,,,,,,,,,,,,,,,,,,,,,,,,,,,,,,,,,,,,,,,,,,,,,,,,,,,,,,,,,,,,,,,,,,,,,,,,,,,,,,,,,,,,,,,,,,,,,,,,,,,,,,,,,31.50851727,3.0726,32.78795878,4.52,space,4.2501,,green_gnome,blue_gnome,0,19,19,18,1,3,4,,,,,,,,,,,,,,,,,,,,,,,,,,,,
,,,,,,,,,,,,,,,,,,,,,,,,,,,,,,,,,,,,,,,,,,,,,,,,,,,,,,,,,,,,,,,,,704919,001,2024-06-19_18h39.22.193,experiment,2023.2.3,Linux x86_64,59.88023952,63655432e66823b2595ee761,6672e93b03029310057e1c76,6673179e8fce482c1e4ec0f9,,,,,,,,,,,,,,,,,,,,,,,,,,,,,,,,,,,,,,,,,,,,,,,,,,,,,,,,,,,,,,,,,,,,,,,,,,,,,,,,,,,,,,,,,,,,,,,,,,,,,,,,,,,,,,,,,,,,,,,,,,,,,,,,,,,,,,,,,,,,,,,,,,,73.13429515,2.4566,64.07794952,3.9819,space,3.6797,,brown_gnome,red_gnome,0,20,20,4,1,0,5,,,,,,,,,,,,,,,,,,,,,,,,,,,,
,,,,,,,,,,,,,,,,,,,,,,,,,,,,,,,,,,,,,,,,,,,,,,,,,,,,,,,,,,,,,,,,,704919,001,2024-06-19_18h39.22.193,experiment,2023.2.3,Linux x86_64,59.88023952,63655432e66823b2595ee761,6672e93b03029310057e1c76,6673179e8fce482c1e4ec0f9,,,,,,,,,,,,,,,,,,,,,,,,,,,,,,,,,,,,,,,,,,,,,,,,,,,,,,,,,,,,,,,,,,,,,,,,,,,,,,,,,,,,,,,,,,,,,,,,,,,,,,,,,,,,,,,,,,,,,,,,,,,,,,,,,,,,,,,,,,,,,,,,,,,65.9450531,2.6594,59.11842982,4.4557,space,4.0999,,blue_gnome,red_gnome,0,21,21,19,1,3,5,,,,,,,,,,,,,,,,,,,,,,,,,,,,
,,,,,,,,,,,,,,,,,,,,,,,,,,,,,,,,,,,,,,,,,,,,,,,,,,,,,,,,,,,,,,,,,704919,001,2024-06-19_18h39.22.193,experiment,2023.2.3,Linux x86_64,59.88023952,63655432e66823b2595ee761,6672e93b03029310057e1c76,6673179e8fce482c1e4ec0f9,,,,,,,,,,,,,,,,,,,,,,,,,,,,,,,,,,,,,,,,,,,,,,,,,,,,,,,,,,,,,,,,,,,,,,,,,,,,,,,,,,,,,,,,,,,,,,,,,,,,,,,,,,,,,,,,,,,,,,,,,,,,,,,,,,,,,,,,,,,,,,,,,,,35.67356269,2.2583,21.17787997,3.8911,space,3.4654,,pink_gnome,green_gnome,0,22,22,14,1,2,4,,,,,,,,,,,,,,,,,,,,,,,,,,,,
,,,,,,,,,,,,,,,,,,,,,,,,,,,,,,,,,,,,,,,,,,,,,,,,,,,,,,,,,,,,,,,,,704919,001,2024-06-19_18h39.22.193,experiment,2023.2.3,Linux x86_64,59.88023952,63655432e66823b2595ee761,6672e93b03029310057e1c76,6673179e8fce482c1e4ec0f9,,,,,,,,,,,,,,,,,,,,,,,,,,,,,,,,,,,,,,,,,,,,,,,,,,,,,,,,,,,,,,,,,,,,,,,,,,,,,,,,,,,,,,,,,,,,,,,,,,,,,,,,,,,,,,,,,,,,,,,,,,,,,,,,,,,,,,,,,,,,,,,,,,,33.11285973,4.6878,57.868735,6.0104,space,5.6466,,purple_gnome,green_gnome,0,23,23,9,1,1,4,,,,,,,,,,,,,,,,,,,,,,,,,,,,
,,,,,,,,,,,,,,,,,,,,,,,,,,,,,,,,,,,,,,,,,,,,,,,,,,,,,,,,,,,,,,,,,704919,001,2024-06-19_18h39.22.193,experiment,2023.2.3,Linux x86_64,59.88023952,63655432e66823b2595ee761,6672e93b03029310057e1c76,6673179e8fce482c1e4ec0f9,,,,,,,,,,,,,,,,,,,,,,,,,,,,,,,,,,,,,,,,,,,,,,,,,,,,,,,,,,,,,,,,,,,,,,,,,,,,,,,,,,,,,,,,,,,,,,,,,,,,,,,,,,,,,,,,,,,,,,,,,,,,,,,,,,,,,,,,,,,,,,,,,,,34.15544828,6.221,62.63438861,9.1882,space,10.6438,,pink_gnome,yellow_gnome,0,24,24,16,1,2,6,,,,,,,,,,,,,,,,,,,,,,,,,,,,
,,,,,,,,,,,,,,,,,,,,,,,,,,,,,,,,,,,,,,,,,,,,,,,,,,,,,,,,,,,,,,,,,704919,001,2024-06-19_18h39.22.193,experiment,2023.2.3,Linux x86_64,59.88023952,63655432e66823b2595ee761,6672e93b03029310057e1c76,6673179e8fce482c1e4ec0f9,,,,,,,,,,,,,,,,,,,,,,,,,,,,,,,,,,,,,,,,,,,,,,,,,,,,,,,,,,,,,,,,,,,,,,,,,,,,,,,,,,,,,,,,,,,,,,,,,,,,,,,,,,,,,,,,,,,,,,,,,,,,,,,,,,,,,,,,,,,,,,,,,,,66.69597626,11.2137,36.54631774,13.8167,space,15.0049,,blue_gnome,purple_gnome,0,25,25,8,1,1,3,,,,,,,,,,,,,,,,,,,,,,,,,,,,
,,,,,,,,,,,,,,,,,,,,,,,,,,,,,,,,,,,,,,,,,,,,,,,,,,,,,,,,,,,,,,,,,704919,001,2024-06-19_18h39.22.193,experiment,2023.2.3,Linux x86_64,59.88023952,63655432e66823b2595ee761,6672e93b03029310057e1c76,6673179e8fce482c1e4ec0f9,,,,,,,,,,,,,,,,,,,,,,,,,,,,,,,,,,,,,,,,,,,,,,,,,,,,,,,,,,,,,,,,,,,,,,,,,,,,,,,,,,,,,,,,,,,,,,,,,,,,,,,,,,,,,,,,,,,,,,,,,,,,,,,,,,,,,,,,,,,,,,,,,,,67.14142958,16.1786,72.33771483,18.3392,space,18.1181,,brown_gnome,purple_gnome,0,26,26,0,1,0,1,,,,,,,,,,,,,,,,,,,,,,,,,,,,
,,,,,,,,,,,,,,,,,,,,,,,,,,,,,,,,,,,,,,,,,,,,,,,,,,,,,,,,,,,,,,,,,704919,001,2024-06-19_18h39.22.193,experiment,2023.2.3,Linux x86_64,59.88023952,63655432e66823b2595ee761,6672e93b03029310057e1c76,6673179e8fce482c1e4ec0f9,,,,,,,,,,,,,,,,,,,,,,,,,,,,,,,,,,,,,,,,,,,,,,,,,,,,,,,,,,,,,,,,,,,,,,,,,,,,,,,,,,,,,,,,,,,,,,,,,,,,,,,,,,,,,,,,,,,,,,,,,,,,,,,,,,,,,,,,,,,,,,,,,,,19.28017537,2.41,32.10028013,4.5728,space,4.4328,,yellow_gnome,green_gnome,0,27,27,23,1,4,6,,,,,,,,,,,,,,,,,,,,,,,,,,,,
,,,,,,,,,,,,,,,,,,,,,,,,,,,,,,,,,,,,,,,,,,,,,,,,,,,,,,,,,,,,,,,,,704919,001,2024-06-19_18h39.22.193,experiment,2023.2.3,Linux x86_64,59.88023952,63655432e66823b2595ee761,6672e93b03029310057e1c76,6673179e8fce482c1e4ec0f9,,,,,,,,,,,,,,,,,,,,,,,,,,,,,,,,,,,,,,,,,,,,,,,,,,,,,,,,,,,,,,,,,,,,,,,,,,,,,,,,,,,,,,,,,,,,,,,,,,,,,,,,,,,,,,,,,,,,,,,,,,,,,,,,,,,,,,,,,,,,,,,,,,,,,,,,,,,,,,,,,,,space,6.629,,47.21600215,6.1876,0,7.5682,space,7.5596,,orange_gnome,bright_forest,red_basket,0,0,0,14,1,7,0,,,,,,,,
,,,,,,,,,,,,,,,,,,,,,,,,,,,,,,,,,,,,,,,,,,,,,,,,,,,,,,,,,,,,,,,,,704919,001,2024-06-19_18h39.22.193,experiment,2023.2.3,Linux x86_64,59.88023952,63655432e66823b2595ee761,6672e93b03029310057e1c76,6673179e8fce482c1e4ec0f9,,,,,,,,,,,,,,,,,,,,,,,,,,,,,,,,,,,,,,,,,,,,,,,,,,,,,,,,,,,,,,,,,,,,,,,,,,,,,,,,,,,,,,,,,,,,,,,,,,,,,,,,,,,,,,,,,,,,,,,,,,,,,,,,,,,,,,,,,,,,,,,,,,,,,,,,,,,,,,,,,,,,,,45.02963225,2.9535,4.870450497,4.5835,space,4.2675,,green_gnome,dark_forest,yellow_basket,0,1,1,9,1,4,1,,,,,,,,
,,,,,,,,,,,,,,,,,,,,,,,,,,,,,,,,,,,,,,,,,,,,,,,,,,,,,,,,,,,,,,,,,704919,001,2024-06-19_18h39.22.193,experiment,2023.2.3,Linux x86_64,59.88023952,63655432e66823b2595ee761,6672e93b03029310057e1c76,6673179e8fce482c1e4ec0f9,,,,,,,,,,,,,,,,,,,,,,,,,,,,,,,,,,,,,,,,,,,,,,,,,,,,,,,,,,,,,,,,,,,,,,,,,,,,,,,,,,,,,,,,,,,,,,,,,,,,,,,,,,,,,,,,,,,,,,,,,,,,,,,,,,,,,,,,,,,,,,,,,,,,,,,,,,,,,,,,,,,,,,,,6.132642428,2.5234,space,2.7683,,pink_gnome,bright_forest,red_basket,0,2,2,4,1,2,0,,,,,,,,
,,,,,,,,,,,,,,,,,,,,,,,,,,,,,,,,,,,,,,,,,,,,,,,,,,,,,,,,,,,,,,,,,704919,001,2024-06-19_18h39.22.193,experiment,2023.2.3,Linux x86_64,59.88023952,63655432e66823b2595ee761,6672e93b03029310057e1c76,6673179e8fce482c1e4ec0f9,,,,,,,,,,,,,,,,,,,,,,,,,,,,,,,,,,,,,,,,,,,,,,,,,,,,,,,,,,,,,,,,,,,,,,,,,,,,,,,,,,,,,,,,,,,,,,,,,,,,,,,,,,,,,,,,,,,,,,,,,,,,,,,,,,,,,,,,,,,,,,,,,,,,,,,,,,,,,,,,,,,,,,,,4.956448078,3.772,space,3.6202,,orange_gnome,dark_forest,yellow_basket,0,3,3,15,1,7,1,,,,,,,,
,,,,,,,,,,,,,,,,,,,,,,,,,,,,,,,,,,,,,,,,,,,,,,,,,,,,,,,,,,,,,,,,,704919,001,2024-06-19_18h39.22.193,experiment,2023.2.3,Linux x86_64,59.88023952,63655432e66823b2595ee761,6672e93b03029310057e1c76,6673179e8fce482c1e4ec0f9,,,,,,,,,,,,,,,,,,,,,,,,,,,,,,,,,,,,,,,,,,,,,,,,,,,,,,,,,,,,,,,,,,,,,,,,,,,,,,,,,,,,,,,,,,,,,,,,,,,,,,,,,,,,,,,,,,,,,,,,,,,,,,,,,,,,,,,,,,,,,,,,,,,,,,,,,,,,,,,,,,,,,,,,6.737057368,2.8227,space,2.7,,yellow_gnome,bright_forest,red_basket,0,4,4,12,1,6,0,,,,,,,,
,,,,,,,,,,,,,,,,,,,,,,,,,,,,,,,,,,,,,,,,,,,,,,,,,,,,,,,,,,,,,,,,,704919,001,2024-06-19_18h39.22.193,experiment,2023.2.3,Linux x86_64,59.88023952,63655432e66823b2595ee761,6672e93b03029310057e1c76,6673179e8fce482c1e4ec0f9,,,,,,,,,,,,,,,,,,,,,,,,,,,,,,,,,,,,,,,,,,,,,,,,,,,,,,,,,,,,,,,,,,,,,,,,,,,,,,,,,,,,,,,,,,,,,,,,,,,,,,,,,,,,,,,,,,,,,,,,,,,,,,,,,,,,,,,,,,,,,,,,,,,,,,,,,,,,,,,,,,,,,,,,7.725135485,2.6736,space,2.4365,,pink_gnome,dark_forest,yellow_basket,0,5,5,5,1,2,1,,,,,,,,
,,,,,,,,,,,,,,,,,,,,,,,,,,,,,,,,,,,,,,,,,,,,,,,,,,,,,,,,,,,,,,,,,704919,001,2024-06-19_18h39.22.193,experiment,2023.2.3,Linux x86_64,59.88023952,63655432e66823b2595ee761,6672e93b03029310057e1c76,6673179e8fce482c1e4ec0f9,,,,,,,,,,,,,,,,,,,,,,,,,,,,,,,,,,,,,,,,,,,,,,,,,,,,,,,,,,,,,,,,,,,,,,,,,,,,,,,,,,,,,,,,,,,,,,,,,,,,,,,,,,,,,,,,,,,,,,,,,,,,,,,,,,,,,,,,,,,,,,,,,,,,,,,,,,,,,,,,,,,,,,,,10.80794732,2.7206,space,2.5955,,red_gnome,bright_forest,red_basket,0,6,6,10,1,5,0,,,,,,,,
,,,,,,,,,,,,,,,,,,,,,,,,,,,,,,,,,,,,,,,,,,,,,,,,,,,,,,,,,,,,,,,,,704919,001,2024-06-19_18h39.22.193,experiment,2023.2.3,Linux x86_64,59.88023952,63655432e66823b2595ee761,6672e93b03029310057e1c76,6673179e8fce482c1e4ec0f9,,,,,,,,,,,,,,,,,,,,,,,,,,,,,,,,,,,,,,,,,,,,,,,,,,,,,,,,,,,,,,,,,,,,,,,,,,,,,,,,,,,,,,,,,,,,,,,,,,,,,,,,,,,,,,,,,,,,,,,,,,,,,,,,,,,,,,,,,,,,,,,,,,,,,,,,,,,,,,,,,,,,,,,,8.063598474,2.6575,space,2.6508,,purple_gnome,dark_forest,yellow_basket,0,7,7,3,1,1,1,,,,,,,,
,,,,,,,,,,,,,,,,,,,,,,,,,,,,,,,,,,,,,,,,,,,,,,,,,,,,,,,,,,,,,,,,,704919,001,2024-06-19_18h39.22.193,experiment,2023.2.3,Linux x86_64,59.88023952,63655432e66823b2595ee761,6672e93b03029310057e1c76,6673179e8fce482c1e4ec0f9,,,,,,,,,,,,,,,,,,,,,,,,,,,,,,,,,,,,,,,,,,,,,,,,,,,,,,,,,,,,,,,,,,,,,,,,,,,,,,,,,,,,,,,,,,,,,,,,,,,,,,,,,,,,,,,,,,,,,,,,,,,,,,,,,,,,,,,,,,,,,,,,,,,,,,,,,,,,,,,,,,,,,,,,7.697586219,3.055,space,3.035,,blue_gnome,bright_forest,red_basket,0,8,8,6,1,3,0,,,,,,,,
,,,,,,,,,,,,,,,,,,,,,,,,,,,,,,,,,,,,,,,,,,,,,,,,,,,,,,,,,,,,,,,,,704919,001,2024-06-19_18h39.22.193,experiment,2023.2.3,Linux x86_64,59.88023952,63655432e66823b2595ee761,6672e93b03029310057e1c76,6673179e8fce482c1e4ec0f9,,,,,,,,,,,,,,,,,,,,,,,,,,,,,,,,,,,,,,,,,,,,,,,,,,,,,,,,,,,,,,,,,,,,,,,,,,,,,,,,,,,,,,,,,,,,,,,,,,,,,,,,,,,,,,,,,,,,,,,,,,,,,,,,,,,,,,,,,,,,,,,,,,,,,,,,,,,,,,,,,,,,,,,,13.28595479,3.2374,space,3.3905,,green_gnome,bright_forest,red_basket,0,9,9,8,1,4,0,,,,,,,,
,,,,,,,,,,,,,,,,,,,,,,,,,,,,,,,,,,,,,,,,,,,,,,,,,,,,,,,,,,,,,,,,,704919,001,2024-06-19_18h39.22.193,experiment,2023.2.3,Linux x86_64,59.88023952,63655432e66823b2595ee761,6672e93b03029310057e1c76,6673179e8fce482c1e4ec0f9,,,,,,,,,,,,,,,,,,,,,,,,,,,,,,,,,,,,,,,,,,,,,,,,,,,,,,,,,,,,,,,,,,,,,,,,,,,,,,,,,,,,,,,,,,,,,,,,,,,,,,,,,,,,,,,,,,,,,,,,,,,,,,,,,,,,,,,,,,,,,,,,,,,,,,,,,,,,,,,,,,,,,,,,9.481108189,2.4911,space,2.5502,,brown_gnome,bright_forest,red_basket,0,10,10,0,1,0,0,,,,,,,,
,,,,,,,,,,,,,,,,,,,,,,,,,,,,,,,,,,,,,,,,,,,,,,,,,,,,,,,,,,,,,,,,,704919,001,2024-06-19_18h39.22.193,experiment,2023.2.3,Linux x86_64,59.88023952,63655432e66823b2595ee761,6672e93b03029310057e1c76,6673179e8fce482c1e4ec0f9,,,,,,,,,,,,,,,,,,,,,,,,,,,,,,,,,,,,,,,,,,,,,,,,,,,,,,,,,,,,,,,,,,,,,,,,,,,,,,,,,,,,,,,,,,,,,,,,,,,,,,,,,,,,,,,,,,,,,,,,,,,,,,,,,,,,,,,,,,,,,,,,,,,,,,,,,,,,,,,,,,,,,,,,9.169137478,2.0585,space,1.87,,red_gnome,dark_forest,yellow_basket,0,11,11,11,1,5,1,,,,,,,,
,,,,,,,,,,,,,,,,,,,,,,,,,,,,,,,,,,,,,,,,,,,,,,,,,,,,,,,,,,,,,,,,,704919,001,2024-06-19_18h39.22.193,experiment,2023.2.3,Linux x86_64,59.88023952,63655432e66823b2595ee761,6672e93b03029310057e1c76,6673179e8fce482c1e4ec0f9,,,,,,,,,,,,,,,,,,,,,,,,,,,,,,,,,,,,,,,,,,,,,,,,,,,,,,,,,,,,,,,,,,,,,,,,,,,,,,,,,,,,,,,,,,,,,,,,,,,,,,,,,,,,,,,,,,,,,,,,,,,,,,,,,,,,,,,,,,,,,,,,,,,,,,,,,,,,,,,,,,,,,,,,10.02032359,2.2268,space,1.92,,brown_gnome,dark_forest,yellow_basket,0,12,12,1,1,0,1,,,,,,,,
,,,,,,,,,,,,,,,,,,,,,,,,,,,,,,,,,,,,,,,,,,,,,,,,,,,,,,,,,,,,,,,,,704919,001,2024-06-19_18h39.22.193,experiment,2023.2.3,Linux x86_64,59.88023952,63655432e66823b2595ee761,6672e93b03029310057e1c76,6673179e8fce482c1e4ec0f9,,,,,,,,,,,,,,,,,,,,,,,,,,,,,,,,,,,,,,,,,,,,,,,,,,,,,,,,,,,,,,,,,,,,,,,,,,,,,,,,,,,,,,,,,,,,,,,,,,,,,,,,,,,,,,,,,,,,,,,,,,,,,,,,,,,,,,,,,,,,,,,,,,,,,,,,,,,,,,,,,,,,,,,,8.785585562,2.3398,space,2.1535,,yellow_gnome,dark_forest,yellow_basket,0,13,13,13,1,6,1,,,,,,,,
,,,,,,,,,,,,,,,,,,,,,,,,,,,,,,,,,,,,,,,,,,,,,,,,,,,,,,,,,,,,,,,,,704919,001,2024-06-19_18h39.22.193,experiment,2023.2.3,Linux x86_64,59.88023952,63655432e66823b2595ee761,6672e93b03029310057e1c76,6673179e8fce482c1e4ec0f9,,,,,,,,,,,,,,,,,,,,,,,,,,,,,,,,,,,,,,,,,,,,,,,,,,,,,,,,,,,,,,,,,,,,,,,,,,,,,,,,,,,,,,,,,,,,,,,,,,,,,,,,,,,,,,,,,,,,,,,,,,,,,,,,,,,,,,,,,,,,,,,,,,,,,,,,,,,,,,,,,,,,,,,,8.953595161,2.2242,space,2.0214,,purple_gnome,bright_forest,red_basket,0,14,14,2,1,1,0,,,,,,,,
,,,,,,,,,,,,,,,,,,,,,,,,,,,,,,,,,,,,,,,,,,,,,,,,,,,,,,,,,,,,,,,,,704919,001,2024-06-19_18h39.22.193,experiment,2023.2.3,Linux x86_64,59.88023952,63655432e66823b2595ee761,6672e93b03029310057e1c76,6673179e8fce482c1e4ec0f9,,,,,,,,,,,,,,,,,,,,,,,,,,,,,,,,,,,,,,,,,,,,,,,,,,,,,,,,,,,,,,,,,,,,,,,,,,,,,,,,,,,,,,,,,,,,,,,,,,,,,,,,,,,,,,,,,,,,,,,,,,,,,,,,,,,,,,,,,,,,,,,,,,,,,,,,,,,,,,,,,,,,,,,,8.606270949,2.5381,space,2.2338,,blue_gnome,dark_forest,yellow_basket,0,15,15,7,1,3,1,,,,,,,,
,,,,,,,,,,,,,,,,,,,,,,,,,,,,,,,,,,,,,,,,,,,,,,,,,,,,,,,,,,,,,,,,,704919,001,2024-06-19_18h39.22.193,experiment,2023.2.3,Linux x86_64,59.88023952,63655432e66823b2595ee761,6672e93b03029310057e1c76,6673179e8fce482c1e4ec0f9,,,,,,,,,,,,,,,,,,,,,,,,,,,,,,,,,,,,,,,,,,,,,,,,,,,,,,,,,,,,,,,,,,,,,,,,,,,,,,,,,,,,,,,,,,,,,,,,,,,,,,,,,,,,,,,,,,,,,,,,,,,,,,,,,,,,,,,,,,,,,,,,,,,,,,,,,,,,,,,,,,,,,,,,,,,,,,,,,,,,,,,space,10.4351,,0,0,0,0,1