"parent_PID","stim1_name","stim1_file","stim1_pair","stim1_deact_file","stim1_step2_name","stim1_step2_file","stim1_step2_basket_name","stim1_step2_basket_file","stim2_name","stim2_file","stim2_pair","stim2_deact_file","stim2_step2_name","stim2_step2_file","stim2_step2_basket_name","stim2_step2_basket_file","stim3_name","stim3_file","stim3_pair","stim3_deact_file","stim3_step2_name","stim3_step2_file","stim3_step2_basket_name","stim3_step2_basket_file","stim4_name","stim4_file","stim4_pair","stim4_deact_file","stim4_step2_name","stim4_step2_file","stim4_step2_basket_name","stim4_step2_basket_file","stim5_name","stim5_file","stim5_pair","stim5_deact_file","stim5_step2_name","stim5_step2_file","stim5_step2_basket_name","stim5_step2_basket_file","stim6_name","stim6_file","stim6_pair","stim6_deact_file","stim6_step2_name","stim6_step2_file","stim6_step2_basket_name","stim6_step2_basket_file","stim7_name","stim7_file","stim7_pair","stim7_deact_file","stim7_step2_name","stim7_step2_file","stim7_step2_basket_name","stim7_step2_basket_file","stim8_name","stim8_file","stim8_pair","stim8_deact_file","stim8_step2_name","stim8_step2_file","stim8_step2_basket_name","stim8_step2_basket_file","participant","session","date","expName","psychopyVersion","OS","frameRate","PROLIFIC_PID","STUDY_ID","SESSION_ID","consent_keyresp.keys","consent_keyresp.rt","consent_keyresp.duration","global_instructions1_key.keys","global_instructions1_key.rt","global_instructions1_key.duration","global_instructions2_key.keys","global_instructions2_key.rt","global_instructions2_key.duration","global_instructions3_key.keys","global_instructions3_key.rt","global_instructions3_key.duration","global_instructions4_key.keys","global_instructions4_key.rt","global_instructions4_key.duration","stake_instructions_key.keys","stake_instructions_key.rt","stake_instructions_key.duration","global_instructions5_key.keys","global_instructions5_key.rt","global_instructions5_key.duration","p_fixation_2.started","p_fixation_2.stopped","p_step1_keyresp.keys","p_step1_keyresp.rt","p_step1_keyresp.duration","p_step2_keyresp.keys","p_step2_keyresp.rt","p_step2_keyresp.duration","p_step1_pair_index","p_step1_stimLeft_name","p_step1_stimLeft_pair","p_step1_stimLeft_reward","p_step1_stimLeft_step2Stim","p_step1_stimLeft_step2Basket","p_step1_stimRight_name","p_step1_stimRight_pair","p_step1_stimRight_reward","p_step1_stimRight_step2Stim","p_step1_stimRight_step2Basket","p_points","t_mult","p_fail_step1","p_fail_step2","p_reward_flag","p_step1_choice","p_step2_stim","p_step2_basket","p_score","practice.thisRepN","practice.thisTrialN","practice.thisN","practice.thisIndex","practice.ran","pair_index","p_mult","p_failStep2_keyresp.keys","p_failStep2_keyresp.rt","p_failStep2_keyresp.duration","t_instructions_keyresp.keys","t_instructions_keyresp.rt","t_instructions_keyresp.duration","t_advice_reading.started","t_advice_reading.stopped","t_advice_mouse.x","t_advice_mouse.y","t_advice_mouse.leftButton","t_advice_mouse.midButton","t_advice_mouse.rightButton","t_advice_mouse.time","t_advice_mouse.clicked_name","t_advice_summary_textbox.text","t_advice_summary_mouse.x","t_advice_summary_mouse.y","t_advice_summary_mouse.leftButton","t_advice_summary_mouse.midButton","t_advice_summary_mouse.rightButton","t_advice_summary_mouse.time","t_advice_summary_mouse.clicked_name","t_instructions_2_keyresp.keys","t_instructions_2_keyresp.rt","t_instructions_2_keyresp.duration","t_step1_keyresp.keys","t_step1_keyresp.rt","t_step1_keyresp.duration","t_step2_keyresp.keys","t_step2_keyresp.rt","t_step2_keyresp.duration","t_step1_pair_index","t_step1_stimLeft_name","t_step1_stimLeft_pair","t_step1_stimLeft_reward","t_step1_stimLeft_step2Stim","t_step1_stimLeft_step2Basket","t_step1_stimRight_name","t_step1_stimRight_pair","t_step1_stimRight_reward","t_step1_stimRight_step2Stim","t_step1_stimRight_step2Basket","t_points","t_fail_step1","t_fail_step2","t_reward_flag","t_step1_choice","t_step2_stim","t_step2_basket","globa_score","t_data_stimWalk0","t_data_stimWalk1","trials.thisRepN","trials.thisTrialN","trials.thisN","trials.thisIndex","trials.ran","break_key_resp.keys","break_key_resp.rt","break_key_resp.duration","pl_global_instructions_keyresp.keys","pl_global_instructions_keyresp.rt","pl_global_instructions_keyresp.duration","vb_instructions_keyresp.keys","vb_instructions_keyresp.rt","vb_instructions_keyresp.duration","vb_instructions_2_keyresp.keys","vb_instructions_2_keyresp.rt","vb_instructions_2_keyresp.duration","vb_textbox.text","vb_mouse.x","vb_mouse.y","vb_mouse.leftButton","vb_mouse.midButton","vb_mouse.rightButton","vb_mouse.time","vb_mouse.clicked_name","pl1_instructions1_keyresp.keys","pl1_instructions1_keyresp.rt","pl1_instructions1_keyresp.duration","pl1_instructions2_keyresp.keys","pl1_instructions2_keyresp.rt","pl1_instructions2_keyresp.duration","pl1_instructions3_keyresp.keys","pl1_instructions3_keyresp.rt","pl1_instructions3_keyresp.duration","pl1_instructions4_keyresp.keys","pl1_instructions4_keyresp.rt","pl1_instructions4_keyresp.duration","pl1_task_lickert.response","pl1_task_lickert.rt","pl1_task_confidence_lickert.response","pl1_task_confidence_lickert.rt","pl1_task_keyresp.keys","pl1_task_keyresp.rt","pl1_task_keyresp.duration","pl1_task_stimLeft","pl1_task_stimRight","pl1_loop.thisRepN","pl1_loop.thisTrialN","pl1_loop.thisN","pl1_loop.thisIndex","pl1_loop.ran","stimLeft_index","stimRight_index","pl2_instructions_keyresp.keys","pl2_instructions_keyresp.rt","pl2_instructions_keyresp.duration","pl2_task_lickert.response","pl2_task_lickert.rt","pl2_task_confidence_lickert.response","pl2_task_confidence_lickert.rt","pl2_task_keyresp.keys","pl2_task_keyresp.rt","pl2_task_keyresp.duration","pl2_task_gnome","pl2_task_forest","pl2_task_basket","pl2_loop.thisRepN","pl2_loop.thisTrialN","pl2_loop.thisN","pl2_loop.thisIndex","pl2_loop.ran","gnome_id","forest_id","end_keyresp.keys","end_keyresp.rt","end_keyresp.duration","show_trials.thisRepN","show_trials.thisTrialN","show_trials.thisN","show_trials.thisIndex","show_trials.ran"
"37EXP37","orange_gnome","ressources/step1_stim8.png",1,"ressources/step1_smallGnome_deact.png","bright_forest","ressources/step2_background1.png","red_basket","ressources/step2_stim2.png","brown_gnome","ressources/step1_stim1.png",1,"ressources/step1_tallGnome_deact.png","dark_forest","ressources/step2_background2.png","yellow_basket","ressources/step2_stim1.png","green_gnome","ressources/step1_stim5.png",2,"ressources/step1_smallGnome_deact.png","bright_forest","ressources/step2_background1.png","red_basket","ressources/step2_stim2.png","pink_gnome","ressources/step1_stim3.png",2,"ressources/step1_tallGnome_deact.png","dark_forest","ressources/step2_background2.png","yellow_basket","ressources/step2_stim1.png","red_gnome","ressources/step1_stim6.png",3,"ressources/step1_smallGnome_deact.png","bright_forest","ressources/step2_background1.png","red_basket","ressources/step2_stim2.png","yellow_gnome","ressources/step1_stim7.png",3,"ressources/step1_smallGnome_deact.png","dark_forest","ressources/step2_background2.png","yellow_basket","ressources/step2_stim1.png","blue_gnome","ressources/step1_stim4.png",4,"ressources/step1_tallGnome_deact.png","bright_forest","ressources/step2_background1.png","red_basket","ressources/step2_stim2.png","purple_gnome","ressources/step1_stim2.png",4,"ressources/step1_tallGnome_deact.png","dark_forest","ressources/step2_background2.png","yellow_basket","ressources/step2_stim1.png",242602,1,"2024-05-16_18h50.00.923","experiment","2023.2.3","Win32",60.60606061,"64136cee580125262273f242","6644f019e4b599e96769a32b","6646472fbdc35bd9d6fb0e58","",,,"",,,"",,,"",,,"",,,"",,,"",,,,,"",,,"",,,,"",,,"","","",,,"","",,,,,,"","","",,,,,,,,,"",,,"",,,,,,,,,,,"","",,,,,,,"","",,,"",,,"",,,,"",,,"","","",,,"","",,,,,"","","",,,,,,,,,"",,,"",,,"",,,"",,,"",,,,,,,"","",,,"",,,"",,,"",,,,,,,"",,,"","",,,,,,,,"",,,,,,,"",,,"","","",,,,,,,,"",,,,,,,
"","","",,"","","","","","","",,"","","","","","","",,"","","","","","","",,"","","","","","","",,"","","","","","","",,"","","","","","","",,"","","","","","","",,"","","","","",242602,1,"2024-05-16_18h50.00.923","experiment","2023.2.3","Win32",60.60606061,"64136cee580125262273f242","6644f019e4b599e96769a32b","6646472fbdc35bd9d6fb0e58","y",9.4973,,"",,,"",,,"",,,"",,,"",,,"",,,,,"",,,"",,,,"",,,"","","",,,"","",,,,,,"","","",,,,,,,,,"",,,"",,,,,,,,,,,"","",,,,,,,"","",,,"",,,"",,,,"",,,"","","",,,"","",,,,,"","","",,,,,,,,,"",,,"",,,"",,,"",,,"",,,,,,,"","",,,"",,,"",,,"",,,,,,,"",,,"","",,,,,,,,"",,,,,,,"",,,"","","",,,,,,,,"",,,,,,,
"","","",,"","","","","","","",,"","","","","","","",,"","","","","","","",,"","","","","","","",,"","","","","","","",,"","","","","","","",,"","","","","","","",,"","","","","",242602,1,"2024-05-16_18h50.00.923","experiment","2023.2.3","Win32",60.60606061,"64136cee580125262273f242","6644f019e4b599e96769a32b","6646472fbdc35bd9d6fb0e58","",,,"space",10.5208,,"space",21.2421,,"space",0.1188,,"space",18.999,,"space",9.8849,,"space",20.0527,,91.9433,92.4594,"s",0.7713,,"space",0.7966,,2,"p_orange_gnome",2,0,"p_green_forest","p_green_basket","p_pink_gnome",2,5,"p_yellow_forest","p_blue_basket",0,1,0,0,1,"p_orange_gnome","p_green_forest","p_green_basket",0,0,0,0,1,1,2,1,"",,,"",,,,,,,,,,,"","",,,,,,,"","",,,"",,,"",,,,"",,,"","","",,,"","",,,,,"","","",,,,,,,,,"",,,"",,,"",,,"",,,"",,,,,,,"","",,,"",,,"",,,"",,,,,,,"",,,"","",,,,,,,,"",,,,,,,"",,,"","","",,,,,,,,"",,,,,,,
"","","",,"","","","","","","",,"","","","","","","",,"","","","","","","",,"","","","","","","",,"","","","","","","",,"","","","","","","",,"","","","","","","",,"","","","","",242602,1,"2024-05-16_18h50.00.923","experiment","2023.2.3","Win32",60.60606061,"64136cee580125262273f242","6644f019e4b599e96769a32b","6646472fbdc35bd9d6fb0e58","",,,"",,,"",,,"",,,"",,,"",,,"",,,99.0424,99.5428,"k",0.5228,,"space",0.5289,,1,"p_blue_gnome",1,5,"p_yellow_forest","p_blue_basket","p_green_gnome",1,0,"p_green_forest","p_green_basket",0,1,0,0,1,"p_green_gnome","p_green_forest","p_green_basket",0,0,1,1,0,1,1,1,"",,,"",,,,,,,,,,,"","",,,,,,,"","",,,"",,,"",,,,"",,,"","","",,,"","",,,,,"","","",,,,,,,,,"",,,"",,,"",,,"",,,"",,,,,,,"","",,,"",,,"",,,"",,,,,,,"",,,"","",,,,,,,,"",,,,,,,"",,,"","","",,,,,,,,"",,,,,,,
"","","",,"","","","","","","",,"","","","","","","",,"","","","","","","",,"","","","","","","",,"","","","","","","",,"","","","","","","",,"","","","","","","",,"","","","","",242602,1,"2024-05-16_18h50.00.923","experiment","2023.2.3","Win32",60.60606061,"64136cee580125262273f242","6644f019e4b599e96769a32b","6646472fbdc35bd9d6fb0e58","",,,"",,,"",,,"",,,"",,,"",,,"",,,106.1088,106.6097,"s",0.8909,,"",,,1,"p_blue_gnome",1,5,"p_yellow_forest","p_blue_basket","p_green_gnome",1,0,"p_green_forest","p_green_basket",0,5,0,1,0,"p_blue_gnome","p_yellow_forest","p_blue_basket",0,0,2,2,2,1,1,5,"space",2.0641,,"",,,,,,,,,,,"","",,,,,,,"","",,,"",,,"",,,,"",,,"","","",,,"","",,,,,"","","",,,,,,,,,"",,,"",,,"",,,"",,,"",,,,,,,"","",,,"",,,"",,,"",,,,,,,"",,,"","",,,,,,,,"",,,,,,,"",,,"","","",,,,,,,,"",,,,,,,
"","","",,"","","","","","","",,"","","","","","","",,"","","","","","","",,"","","","","","","",,"","","","","","","",,"","","","","","","",,"","","","","","","",,"","","","","",242602,1,"2024-05-16_18h50.00.923","experiment","2023.2.3","Win32",60.60606061,"64136cee580125262273f242","6644f019e4b599e96769a32b","6646472fbdc35bd9d6fb0e58","",,,"",,,"",,,"",,,"",,,"",,,"",,,113.2583,113.7601,"k",0.3135,,"space",0.0303,,2,"p_pink_gnome",2,5,"p_yellow_forest","p_blue_basket","p_orange_gnome",2,0,"p_green_forest","p_green_basket",0,1,0,0,1,"p_orange_gnome","p_green_forest","p_green_basket",0,0,3,3,1,1,2,1,"",,,"",,,,,,,,,,,"","",,,,,,,"","",,,"",,,"",,,,"",,,"","","",,,"","",,,,,"","","",,,,,,,,,"",,,"",,,"",,,"",,,"",,,,,,,"","",,,"",,,"",,,"",,,,,,,"",,,"","",,,,,,,,"",,,,,,,"",,,"","","",,,,,,,,"",,,,,,,
"","","",,"","","","","","","",,"","","","","","","",,"","","","","","","",,"","","","","","","",,"","","","","","","",,"","","","","","","",,"","","","","","","",,"","","","","",242602,1,"2024-05-16_18h50.00.923","experiment","2023.2.3","Win32",60.60606061,"64136cee580125262273f242","6644f019e4b599e96769a32b","6646472fbdc35bd9d6fb0e58","",,,"",,,"",,,"",,,"",,,"",,,"",,,120.3216,120.8271,"s",0.2575,,"space",0.3398,,1,"p_blue_gnome",1,6,"p_yellow_forest","p_blue_basket","p_green_gnome",1,1,"p_green_forest","p_green_basket",30,5,0,0,1,"p_blue_gnome","p_yellow_forest","p_blue_basket",30,1,0,4,2,1,1,5,"",,,"",,,,,,,,,,,"","",,,,,,,"","",,,"",,,"",,,,"",,,"","","",,,"","",,,,,"","","",,,,,,,,,"",,,"",,,"",,,"",,,"",,,,,,,"","",,,"",,,"",,,"",,,,,,,"",,,"","",,,,,,,,"",,,,,,,"",,,"","","",,,,,,,,"",,,,,,,
"","","",,"","","","","","","",,"","","","","","","",,"","","","","","","",,"","","","","","","",,"","","","","","","",,"","","","","","","",,"","","","","","","",,"","","","","",242602,1,"2024-05-16_18h50.00.923","experiment","2023.2.3","Win32",60.60606061,"64136cee580125262273f242","6644f019e4b599e96769a32b","6646472fbdc35bd9d6fb0e58","",,,"",,,"",,,"",,,"",,,"",,,"",,,127.3878,127.8937,"s",0.4542,,"space",0.3887,,1,"p_blue_gnome",1,6,"p_yellow_forest","p_blue_basket","p_green_gnome",1,1,"p_green_forest","p_green_basket",30,5,0,0,1,"p_blue_gnome","p_yellow_forest","p_blue_basket",60,1,1,5,2,1,1,5,"",,,"",,,,,,,,,,,"","",,,,,,,"","",,,"",,,"",,,,"",,,"","","",,,"","",,,,,"","","",,,,,,,,,"",,,"",,,"",,,"",,,"",,,,,,,"","",,,"",,,"",,,"",,,,,,,"",,,"","",,,,,,,,"",,,,,,,"",,,"","","",,,,,,,,"",,,,,,,
"","","",,"","","","","","","",,"","","","","","","",,"","","","","","","",,"","","","","","","",,"","","","","","","",,"","","","","","","",,"","","","","","","",,"","","","","",242602,1,"2024-05-16_18h50.00.923","experiment","2023.2.3","Win32",60.60606061,"64136cee580125262273f242","6644f019e4b599e96769a32b","6646472fbdc35bd9d6fb0e58","",,,"",,,"",,,"",,,"",,,"",,,"",,,134.4899,134.9939,"k",0.31,,"space",0.3268,,2,"p_pink_gnome",2,6,"p_yellow_forest","p_blue_basket","p_orange_gnome",2,1,"p_green_forest","p_green_basket",1,1,0,0,1,"p_orange_gnome","p_green_forest","p_green_basket",61,1,2,6,1,1,2,1,"",,,"",,,,,,,,,,,"","",,,,,,,"","",,,"",,,"",,,,"",,,"","","",,,"","",,,,,"","","",,,,,,,,,"",,,"",,,"",,,"",,,"",,,,,,,"","",,,"",,,"",,,"",,,,,,,"",,,"","",,,,,,,,"",,,,,,,"",,,"","","",,,,,,,,"",,,,,,,
"","","",,"","","","","","","",,"","","","","","","",,"","","","","","","",,"","","","","","","",,"","","","","","","",,"","","","","","","",,"","","","","","","",,"","","","","",242602,1,"2024-05-16_18h50.00.923","experiment","2023.2.3","Win32",60.60606061,"64136cee580125262273f242","6644f019e4b599e96769a32b","6646472fbdc35bd9d6fb0e58","",,,"",,,"",,,"",,,"",,,"",,,"",,,141.5765,142.0776,"s",0.4767,,"space",0.305,,1,"p_blue_gnome",1,6,"p_yellow_forest","p_blue_basket","p_green_gnome",1,1,"p_green_forest","p_green_basket",30,5,0,0,1,"p_blue_gnome","p_yellow_forest","p_blue_basket",91,1,3,7,2,1,1,5,"",,,"",,,,,,,,,,,"","",,,,,,,"","",,,"",,,"",,,,"",,,"","","",,,"","",,,,,"","","",,,,,,,,,"",,,"",,,"",,,"",,,"",,,,,,,"","",,,"",,,"",,,"",,,,,,,"",,,"","",,,,,,,,"",,,,,,,"",,,"","","",,,,,,,,"",,,,,,,
"","","",,"","","","","","","",,"","","","","","","",,"","","","","","","",,"","","","","","","",,"","","","","","","",,"","","","","","","",,"","","","","","","",,"","","","","",242602,1,"2024-05-16_18h50.00.923","experiment","2023.2.3","Win32",60.60606061,"64136cee580125262273f242","6644f019e4b599e96769a32b","6646472fbdc35bd9d6fb0e58","",,,"",,,"",,,"",,,"",,,"",,,"",,,148.6578,149.1608,"s",0.4482,,"space",0.3046,,2,"p_orange_gnome",2,2,"p_green_forest","p_green_basket","p_pink_gnome",2,7,"p_yellow_forest","p_blue_basket",10,5,0,0,1,"p_orange_gnome","p_green_forest","p_green_basket",101,2,0,8,3,1,2,5,"",,,"",,,,,,,,,,,"","",,,,,,,"","",,,"",,,"",,,,"",,,"","","",,,"","",,,,,"","","",,,,,,,,,"",,,"",,,"",,,"",,,"",,,,,,,"","",,,"",,,"",,,"",,,,,,,"",,,"","",,,,,,,,"",,,,,,,"",,,"","","",,,,,,,,"",,,,,,,
"","","",,"","","","","","","",,"","","","","","","",,"","","","","","","",,"","","","","","","",,"","","","","","","",,"","","","","","","",,"","","","","","","",,"","","","","",242602,1,"2024-05-16_18h50.00.923","experiment","2023.2.3","Win32",60.60606061,"64136cee580125262273f242","6644f019e4b599e96769a32b","6646472fbdc35bd9d6fb0e58","",,,"",,,"",,,"",,,"",,,"",,,"",,,155.7092,156.2113,"s",0.6126,,"space",0.3051,,1,"p_blue_gnome",1,7,"p_yellow_forest","p_blue_basket","p_green_gnome",1,2,"p_green_forest","p_green_basket",7,1,0,0,1,"p_blue_gnome","p_yellow_forest","p_blue_basket",108,2,1,9,0,1,1,1,"",,,"",,,,,,,,,,,"","",,,,,,,"","",,,"",,,"",,,,"",,,"","","",,,"","",,,,,"","","",,,,,,,,,"",,,"",,,"",,,"",,,"",,,,,,,"","",,,"",,,"",,,"",,,,,,,"",,,"","",,,,,,,,"",,,,,,,"",,,"","","",,,,,,,,"",,,,,,,
"","","",,"","","","","","","",,"","","","","","","",,"","","","","","","",,"","","","","","","",,"","","","","","","",,"","","","","","","",,"","","","","","","",,"","","","","",242602,1,"2024-05-16_18h50.00.923","experiment","2023.2.3","Win32",60.60606061,"64136cee580125262273f242","6644f019e4b599e96769a32b","6646472fbdc35bd9d6fb0e58","",,,"",,,"",,,"",,,"",,,"",,,"",,,162.7758,163.2783,"k",0.3883,,"space",0.3029,,2,"p_pink_gnome",2,7,"p_yellow_forest","p_blue_basket","p_orange_gnome",2,2,"p_green_forest","p_green_basket",10,5,0,0,1,"p_orange_gnome","p_green_forest","p_green_basket",118,2,2,10,3,1,2,5,"",,,"",,,,,,,,,,,"","",,,,,,,"","",,,"",,,"",,,,"",,,"","","",,,"","",,,,,"","","",,,,,,,,,"",,,"",,,"",,,"",,,"",,,,,,,"","",,,"",,,"",,,"",,,,,,,"",,,"","",,,,,,,,"",,,,,,,"",,,"","","",,,,,,,,"",,,,,,,
"","","",,"","","","","","","",,"","","","","","","",,"","","","","","","",,"","","","","","","",,"","","","","","","",,"","","","","","","",,"","","","","","","",,"","","","","",242602,1,"2024-05-16_18h50.00.923","experiment","2023.2.3","Win32",60.60606061,"64136cee580125262273f242","6644f019e4b599e96769a32b","6646472fbdc35bd9d6fb0e58","",,,"",,,"",,,"",,,"",,,"",,,"",,,169.8427,170.3451,"s",0.2822,,"space",0.2929,,2,"p_orange_gnome",2,2,"p_green_forest","p_green_basket","p_pink_gnome",2,7,"p_yellow_forest","p_blue_basket",10,5,0,0,1,"p_orange_gnome","p_green_forest","p_green_basket",128,2,3,11,3,1,2,5,"",,,"",,,,,,,,,,,"","",,,,,,,"","",,,"",,,"",,,,"",,,"","","",,,"","",,,,,"","","",,,,,,,,,"",,,"",,,"",,,"",,,"",,,,,,,"","",,,"",,,"",,,"",,,,,,,"",,,"","",,,,,,,,"",,,,,,,"",,,"","","",,,,,,,,"",,,,,,,
"","","",,"","","","","","","",,"","","","","","","",,"","","","","","","",,"","","","","","","",,"","","","","","","",,"","","","","","","",,"","","","","","","",,"","","","","",242602,1,"2024-05-16_18h50.00.923","experiment","2023.2.3","Win32",60.60606061,"64136cee580125262273f242","6644f019e4b599e96769a32b","6646472fbdc35bd9d6fb0e58","",,,"",,,"",,,"",,,"",,,"",,,"",,,176.9086,177.4119,"s",0.2984,,"space",0.3405,,1,"p_green_gnome",1,3,"p_green_forest","p_green_basket","p_blue_gnome",1,8,"p_yellow_forest","p_blue_basket",3,1,0,0,1,"p_green_gnome","p_green_forest","p_green_basket",131,3,0,12,0,1,1,1,"",,,"",,,,,,,,,,,"","",,,,,,,"","",,,"",,,"",,,,"",,,"","","",,,"","",,,,,"","","",,,,,,,,,"",,,"",,,"",,,"",,,"",,,,,,,"","",,,"",,,"",,,"",,,,,,,"",,,"","",,,,,,,,"",,,,,,,"",,,"","","",,,,,,,,"",,,,,,,
"","","",,"","","","","","","",,"","","","","","","",,"","","","","","","",,"","","","","","","",,"","","","","","","",,"","","","","","","",,"","","","","","","",,"","","","","",242602,1,"2024-05-16_18h50.00.923","experiment","2023.2.3","Win32",60.60606061,"64136cee580125262273f242","6644f019e4b599e96769a32b","6646472fbdc35bd9d6fb0e58","",,,"",,,"",,,"",,,"",,,"",,,"",,,183.9874,184.4954,"k",0.3125,,"space",0.0963,,2,"p_pink_gnome",2,8,"p_yellow_forest","p_blue_basket","p_orange_gnome",2,3,"p_green_forest","p_green_basket",15,5,0,0,1,"p_orange_gnome","p_green_forest","p_green_basket",146,3,1,13,3,1,2,5,"",,,"",,,,,,,,,,,"","",,,,,,,"","",,,"",,,"",,,,"",,,"","","",,,"","",,,,,"","","",,,,,,,,,"",,,"",,,"",,,"",,,"",,,,,,,"","",,,"",,,"",,,"",,,,,,,"",,,"","",,,,,,,,"",,,,,,,"",,,"","","",,,,,,,,"",,,,,,,
"","","",,"","","","","","","",,"","","","","","","",,"","","","","","","",,"","","","","","","",,"","","","","","","",,"","","","","","","",,"","","","","","","",,"","","","","",242602,1,"2024-05-16_18h50.00.923","experiment","2023.2.3","Win32",60.60606061,"64136cee580125262273f242","6644f019e4b599e96769a32b","6646472fbdc35bd9d6fb0e58","",,,"",,,"",,,"",,,"",,,"",,,"",,,191.0711,191.5792,"s",0.3159,,"space",0.3147,,2,"p_orange_gnome",2,3,"p_green_forest","p_green_basket","p_pink_gnome",2,8,"p_yellow_forest","p_blue_basket",3,1,0,0,1,"p_orange_gnome","p_green_forest","p_green_basket",149,3,2,14,1,1,2,1,"",,,"",,,,,,,,,,,"","",,,,,,,"","",,,"",,,"",,,,"",,,"","","",,,"","",,,,,"","","",,,,,,,,,"",,,"",,,"",,,"",,,"",,,,,,,"","",,,"",,,"",,,"",,,,,,,"",,,"","",,,,,,,,"",,,,,,,"",,,"","","",,,,,,,,"",,,,,,,
"","","",,"","","","","","","",,"","","","","","","",,"","","","","","","",,"","","","","","","",,"","","","","","","",,"","","","","","","",,"","","","","","","",,"","","","","",242602,1,"2024-05-16_18h50.00.923","experiment","2023.2.3","Win32",60.60606061,"64136cee580125262273f242","6644f019e4b599e96769a32b","6646472fbdc35bd9d6fb0e58","",,,"",,,"",,,"",,,"",,,"",,,"",,,198.1626,198.6793,"k",0.3452,,"space",0.3515,,1,"p_green_gnome",1,3,"p_green_forest","p_green_basket","p_blue_gnome",1,8,"p_yellow_forest","p_blue_basket",8,1,0,0,1,"p_blue_gnome","p_yellow_forest","p_blue_basket",157,3,3,15,0,1,1,1,"",,,"",,,,,,,,,,,"","",,,,,,,"","",,,"",,,"",,,,"",,,"","","",,,"","",,,,,"","","",,,,,,,,,"",,,"",,,"",,,"",,,"",,,,,,,"","",,,"",,,"",,,"",,,,,,,"",,,"","",,,,,,,,"",,,,,,,"",,,"","","",,,,,,,,"",,,,,,,
"","","",,"","","","","","","",,"","","","","","","",,"","","","","","","",,"","","","","","","",,"","","","","","","",,"","","","","","","",,"","","","","","","",,"","","","","",242602,1,"2024-05-16_18h50.00.923","experiment","2023.2.3","Win32",60.60606061,"64136cee580125262273f242","6644f019e4b599e96769a32b","6646472fbdc35bd9d6fb0e58","",,,"",,,"",,,"",,,"",,,"",,,"",,,205.2434,205.7462,"s",0.2885,,"space",0.2775,,2,"p_pink_gnome",2,9,"p_yellow_forest","p_blue_basket","p_orange_gnome",2,4,"p_green_forest","p_green_basket",9,1,0,0,1,"p_pink_gnome","p_yellow_forest","p_blue_basket",166,4,0,16,1,1,2,1,"",,,"",,,,,,,,,,,"","",,,,,,,"","",,,"",,,"",,,,"",,,"","","",,,"","",,,,,"","","",,,,,,,,,"",,,"",,,"",,,"",,,"",,,,,,,"","",,,"",,,"",,,"",,,,,,,"",,,"","",,,,,,,,"",,,,,,,"",,,"","","",,,,,,,,"",,,,,,,
"","","",,"","","","","","","",,"","","","","","","",,"","","","","","","",,"","","","","","","",,"","","","","","","",,"","","","","","","",,"","","","","","","",,"","","","","",242602,1,"2024-05-16_18h50.00.923","experiment","2023.2.3","Win32",60.60606061,"64136cee580125262273f242","6644f019e4b599e96769a32b","6646472fbdc35bd9d6fb0e58","",,,"",,,"",,,"",,,"",,,"",,,"",,,212.3105,212.8132,"k",0.3118,,"space",0.3243,,1,"p_green_gnome",1,4,"p_green_forest","p_green_basket","p_blue_gnome",1,9,"p_yellow_forest","p_blue_basket",45,5,0,0,1,"p_blue_gnome","p_yellow_forest","p_blue_basket",211,4,1,17,2,1,1,5,"",,,"",,,,,,,,,,,"","",,,,,,,"","",,,"",,,"",,,,"",,,"","","",,,"","",,,,,"","","",,,,,,,,,"",,,"",,,"",,,"",,,"",,,,,,,"","",,,"",,,"",,,"",,,,,,,"",,,"","",,,,,,,,"",,,,,,,"",,,"","","",,,,,,,,"",,,,,,,
"","","",,"","","","","","","",,"","","","","","","",,"","","","","","","",,"","","","","","","",,"","","","","","","",,"","","","","","","",,"","","","","","","",,"","","","","",242602,1,"2024-05-16_18h50.00.923","experiment","2023.2.3","Win32",60.60606061,"64136cee580125262273f242","6644f019e4b599e96769a32b","6646472fbdc35bd9d6fb0e58","",,,"",,,"",,,"",,,"",,,"",,,"",,,219.3955,219.8967,"s",0.3072,,"space",0.1541,,1,"p_blue_gnome",1,9,"p_yellow_forest","p_blue_basket","p_green_gnome",1,4,"p_green_forest","p_green_basket",9,1,0,0,1,"p_blue_gnome","p_yellow_forest","p_blue_basket",220,4,2,18,0,1,1,1,"",,,"",,,,,,,,,,,"","",,,,,,,"","",,,"",,,"",,,,"",,,"","","",,,"","",,,,,"","","",,,,,,,,,"",,,"",,,"",,,"",,,"",,,,,,,"","",,,"",,,"",,,"",,,,,,,"",,,"","",,,,,,,,"",,,,,,,"",,,"","","",,,,,,,,"",,,,,,,
"","","",,"","","","","","","",,"","","","","","","",,"","","","","","","",,"","","","","","","",,"","","","","","","",,"","","","","","","",,"","","","","","","",,"","","","","",242602,1,"2024-05-16_18h50.00.923","experiment","2023.2.3","Win32",60.60606061,"64136cee580125262273f242","6644f019e4b599e96769a32b","6646472fbdc35bd9d6fb0e58","",,,"",,,"",,,"",,,"",,,"",,,"",,,226.4803,226.9969,"k",0.3871,,"space",0.313,,2,"p_orange_gnome",2,4,"p_green_forest","p_green_basket","p_pink_gnome",2,9,"p_yellow_forest","p_blue_basket",45,5,0,0,1,"p_pink_gnome","p_yellow_forest","p_blue_basket",265,4,3,19,3,1,2,5,"",,,"",,,,,,,,,,,"","",,,,,,,"","",,,"",,,"",,,,"",,,"","","",,,"","",,,,,"","","",,,,,,,,,"",,,"",,,"",,,"",,,"",,,,,,,"","",,,"",,,"",,,"",,,,,,,"",,,"","",,,,,,,,"",,,,,,,"",,,"","","",,,,,,,,"",,,,,,,
"","","",,"","","","","","","",,"","","","","","","",,"","","","","","","",,"","","","","","","",,"","","","","","","",,"","","","","","","",,"","","","","","","",,"","","","","",242602,1,"2024-05-16_18h50.00.923","experiment","2023.2.3","Win32",60.60606061,"64136cee580125262273f242","6644f019e4b599e96769a32b","6646472fbdc35bd9d6fb0e58","",,,"",,,"",,,"",,,"",,,"",,,"",,,,,"",,,"",,,,"",,,"","","",,,"","",,5,,,,"","","",,,,,,,4,,"",,,"space",22.191,,255.7664,321.9448,0.638888889,-0.335185185,1,0,0,66.1123,"t_advice_finished_typing_rect","Seems  like certain gnomes lead to certain forests but theres no actual way to recognise what forest has the most amount of mushrooms so to me it seemed too over explained and overcomplicated as in the end it still makes the game look random.",0.736111111,-0.361111111,1,0,0,90.6966,"vb_finished_typing_rect","space",33.2198,,"k",0.6372,,"space",0.7468,,4,"purple_gnome",4,3,"dark_forest","yellow_basket","blue_gnome",4,7,"bright_forest","red_basket",35,0,0,1,"blue_gnome","bright_forest","red_basket",35,-3,0,0,0,0,7,1,"",,,"",,,"",,,"",,,"",,,,,,,"","",,,"",,,"",,,"",,,,,,,"",,,"","",,,,,,,,"",,,,,,,"",,,"","","",,,,,,,,"",,,,,,,
"","","",,"","","","","","","",,"","","","","","","",,"","","","","","","",,"","","","","","","",,"","","","","","","",,"","","","","","","",,"","","","","","","",,"","","","","",242602,1,"2024-05-16_18h50.00.923","experiment","2023.2.3","Win32",60.60606061,"64136cee580125262273f242","6644f019e4b599e96769a32b","6646472fbdc35bd9d6fb0e58","",,,"",,,"",,,"",,,"",,,"",,,"",,,,,"",,,"",,,,"",,,"","","",,,"","",,5,,,,"","","",,,,,,,4,,"",,,"",,,,,,,,,,,"","",,,,,,,"","",,,"s",0.7205,,"space",0.4024,,4,"purple_gnome",4,3,"dark_forest","yellow_basket","blue_gnome",4,4,"bright_forest","red_basket",15,0,0,1,"purple_gnome","dark_forest","yellow_basket",50,-1,2,0,1,1,7,1,"",,,"",,,"",,,"",,,"",,,,,,,"","",,,"",,,"",,,"",,,,,,,"",,,"","",,,,,,,,"",,,,,,,"",,,"","","",,,,,,,,"",,,,,,,
"","","",,"","","","","","","",,"","","","","","","",,"","","","","","","",,"","","","","","","",,"","","","","","","",,"","","","","","","",,"","","","","","","",,"","","","","",242602,1,"2024-05-16_18h50.00.923","experiment","2023.2.3","Win32",60.60606061,"64136cee580125262273f242","6644f019e4b599e96769a32b","6646472fbdc35bd9d6fb0e58","",,,"",,,"",,,"",,,"",,,"",,,"",,,,,"",,,"",,,,"",,,"","","",,,"","",,5,,,,"","","",,,,,,,4,,"",,,"",,,,,,,,,,,"","",,,,,,,"","",,,"k",0.6527,,"space",0.7034,,4,"blue_gnome",4,3,"bright_forest","red_basket","purple_gnome",4,5,"dark_forest","yellow_basket",25,0,0,1,"purple_gnome","dark_forest","yellow_basket",75,-1,-2,0,2,2,7,1,"",,,"",,,"",,,"",,,"",,,,,,,"","",,,"",,,"",,,"",,,,,,,"",,,"","",,,,,,,,"",,,,,,,"",,,"","","",,,,,,,,"",,,,,,,
"","","",,"","","","","","","",,"","","","","","","",,"","","","","","","",,"","","","","","","",,"","","","","","","",,"","","","","","","",,"","","","","","","",,"","","","","",242602,1,"2024-05-16_18h50.00.923","experiment","2023.2.3","Win32",60.60606061,"64136cee580125262273f242","6644f019e4b599e96769a32b","6646472fbdc35bd9d6fb0e58","",,,"",,,"",,,"",,,"",,,"",,,"",,,,,"",,,"",,,,"",,,"","","",,,"","",,5,,,,"","","",,,,,,,1,,"",,,"",,,,,,,,,,,"","",,,,,,,"","",,,"k",0.6857,,"space",0.3868,,1,"orange_gnome",1,2,"bright_forest","red_basket","brown_gnome",1,3,"dark_forest","yellow_basket",15,0,0,1,"brown_gnome","dark_forest","yellow_basket",90,2,1,0,3,3,4,1,"",,,"",,,"",,,"",,,"",,,,,,,"","",,,"",,,"",,,"",,,,,,,"",,,"","",,,,,,,,"",,,,,,,"",,,"","","",,,,,,,,"",,,,,,,
"","","",,"","","","","","","",,"","","","","","","",,"","","","","","","",,"","","","","","","",,"","","","","","","",,"","","","","","","",,"","","","","","","",,"","","","","",242602,1,"2024-05-16_18h50.00.923","experiment","2023.2.3","Win32",60.60606061,"64136cee580125262273f242","6644f019e4b599e96769a32b","6646472fbdc35bd9d6fb0e58","",,,"",,,"",,,"",,,"",,,"",,,"",,,,,"",,,"",,,,"",,,"","","",,,"","",,1,,,,"","","",,,,,,,4,,"",,,"",,,,,,,,,,,"","",,,,,,,"","",,,"k",0.9998,,"space",0.3425,,4,"purple_gnome",4,4,"dark_forest","yellow_basket","blue_gnome",4,4,"bright_forest","red_basket",4,0,0,1,"blue_gnome","bright_forest","red_basket",94,3,1,0,4,4,3,1,"",,,"",,,"",,,"",,,"",,,,,,,"","",,,"",,,"",,,"",,,,,,,"",,,"","",,,,,,,,"",,,,,,,"",,,"","","",,,,,,,,"",,,,,,,
"","","",,"","","","","","","",,"","","","","","","",,"","","","","","","",,"","","","","","","",,"","","","","","","",,"","","","","","","",,"","","","","","","",,"","","","","",242602,1,"2024-05-16_18h50.00.923","experiment","2023.2.3","Win32",60.60606061,"64136cee580125262273f242","6644f019e4b599e96769a32b","6646472fbdc35bd9d6fb0e58","",,,"",,,"",,,"",,,"",,,"",,,"",,,,,"",,,"",,,,"",,,"","","",,,"","",,1,,,,"","","",,,,,,,4,,"",,,"",,,,,,,,,,,"","",,,,,,,"","",,,"k",0.5412,,"space",0.3814,,4,"purple_gnome",4,5,"dark_forest","yellow_basket","blue_gnome",4,7,"bright_forest","red_basket",7,0,0,1,"blue_gnome","bright_forest","red_basket",101,-2,-2,0,5,5,3,1,"",,,"",,,"",,,"",,,"",,,,,,,"","",,,"",,,"",,,"",,,,,,,"",,,"","",,,,,,,,"",,,,,,,"",,,"","","",,,,,,,,"",,,,,,,
"","","",,"","","","","","","",,"","","","","","","",,"","","","","","","",,"","","","","","","",,"","","","","","","",,"","","","","","","",,"","","","","","","",,"","","","","",242602,1,"2024-05-16_18h50.00.923","experiment","2023.2.3","Win32",60.60606061,"64136cee580125262273f242","6644f019e4b599e96769a32b","6646472fbdc35bd9d6fb0e58","",,,"",,,"",,,"",,,"",,,"",,,"",,,,,"",,,"",,,,"",,,"","","",,,"","",,5,,,,"","","",,,,,,,3,,"",,,"",,,,,,,,,,,"","",,,,,,,"","",,,"s",0.8546,,"space",0.506,,3,"red_gnome",3,5,"bright_forest","red_basket","yellow_gnome",3,3,"dark_forest","yellow_basket",25,0,0,1,"red_gnome","bright_forest","red_basket",126,0,2,0,6,6,6,1,"",,,"",,,"",,,"",,,"",,,,,,,"","",,,"",,,"",,,"",,,,,,,"",,,"","",,,,,,,,"",,,,,,,"",,,"","","",,,,,,,,"",,,,,,,
"","","",,"","","","","","","",,"","","","","","","",,"","","","","","","",,"","","","","","","",,"","","","","","","",,"","","","","","","",,"","","","","","","",,"","","","","",242602,1,"2024-05-16_18h50.00.923","experiment","2023.2.3","Win32",60.60606061,"64136cee580125262273f242","6644f019e4b599e96769a32b","6646472fbdc35bd9d6fb0e58","",,,"",,,"",,,"",,,"",,,"",,,"",,,,,"",,,"",,,,"",,,"","","",,,"","",,1,,,,"","","",,,,,,,1,,"",,,"",,,,,,,,,,,"","",,,,,,,"","",,,"s",0.8433,,"space",0.3474,,1,"brown_gnome",1,5,"dark_forest","yellow_basket","orange_gnome",1,5,"bright_forest","red_basket",5,0,0,1,"brown_gnome","dark_forest","yellow_basket",131,-2,-1,0,7,7,0,1,"",,,"",,,"",,,"",,,"",,,,,,,"","",,,"",,,"",,,"",,,,,,,"",,,"","",,,,,,,,"",,,,,,,"",,,"","","",,,,,,,,"",,,,,,,
"","","",,"","","","","","","",,"","","","","","","",,"","","","","","","",,"","","","","","","",,"","","","","","","",,"","","","","","","",,"","","","","","","",,"","","","","",242602,1,"2024-05-16_18h50.00.923","experiment","2023.2.3","Win32",60.60606061,"64136cee580125262273f242","6644f019e4b599e96769a32b","6646472fbdc35bd9d6fb0e58","",,,"",,,"",,,"",,,"",,,"",,,"",,,,,"",,,"",,,,"",,,"","","",,,"","",,5,,,,"","","",,,,,,,3,,"",,,"",,,,,,,,,,,"","",,,,,,,"","",,,"k",1.1972,,"space",0.3583,,3,"yellow_gnome",3,4,"dark_forest","yellow_basket","red_gnome",3,3,"bright_forest","red_basket",15,0,0,1,"red_gnome","bright_forest","red_basket",146,1,-2,1,0,8,6,1,"",,,"",,,"",,,"",,,"",,,,,,,"","",,,"",,,"",,,"",,,,,,,"",,,"","",,,,,,,,"",,,,,,,"",,,"","","",,,,,,,,"",,,,,,,
"","","",,"","","","","","","",,"","","","","","","",,"","","","","","","",,"","","","","","","",,"","","","","","","",,"","","","","","","",,"","","","","","","",,"","","","","",242602,1,"2024-05-16_18h50.00.923","experiment","2023.2.3","Win32",60.60606061,"64136cee580125262273f242","6644f019e4b599e96769a32b","6646472fbdc35bd9d6fb0e58","",,,"",,,"",,,"",,,"",,,"",,,"",,,,,"",,,"",,,,"",,,"","","",,,"","",,1,,,,"","","",,,,,,,2,,"",,,"",,,,,,,,,,,"","",,,,,,,"","",,,"s",1.1158,,"space",0.3775,,2,"green_gnome",2,4,"bright_forest","red_basket","pink_gnome",2,2,"dark_forest","yellow_basket",4,0,0,1,"green_gnome","bright_forest","red_basket",150,-3,2,1,1,9,1,1,"",,,"",,,"",,,"",,,"",,,,,,,"","",,,"",,,"",,,"",,,,,,,"",,,"","",,,,,,,,"",,,,,,,"",,,"","","",,,,,,,,"",,,,,,,
"","","",,"","","","","","","",,"","","","","","","",,"","","","","","","",,"","","","","","","",,"","","","","","","",,"","","","","","","",,"","","","","","","",,"","","","","",242602,1,"2024-05-16_18h50.00.923","experiment","2023.2.3","Win32",60.60606061,"64136cee580125262273f242","6644f019e4b599e96769a32b","6646472fbdc35bd9d6fb0e58","",,,"",,,"",,,"",,,"",,,"",,,"",,,,,"",,,"",,,,"",,,"","","",,,"","",,1,,,,"","","",,,,,,,4,,"",,,"",,,,,,,,,,,"","",,,,,,,"","",,,"s",0.5274,,"space",0.3289,,4,"purple_gnome",4,4,"dark_forest","yellow_basket","blue_gnome",4,1,"bright_forest","red_basket",4,0,0,1,"purple_gnome","dark_forest","yellow_basket",154,-1,1,1,2,10,3,1,"",,,"",,,"",,,"",,,"",,,,,,,"","",,,"",,,"",,,"",,,,,,,"",,,"","",,,,,,,,"",,,,,,,"",,,"","","",,,,,,,,"",,,,,,,
"","","",,"","","","","","","",,"","","","","","","",,"","","","","","","",,"","","","","","","",,"","","","","","","",,"","","","","","","",,"","","","","","","",,"","","","","",242602,1,"2024-05-16_18h50.00.923","experiment","2023.2.3","Win32",60.60606061,"64136cee580125262273f242","6644f019e4b599e96769a32b","6646472fbdc35bd9d6fb0e58","",,,"",,,"",,,"",,,"",,,"",,,"",,,,,"",,,"",,,,"",,,"","","",,,"","",,5,,,,"","","",,,,,,,4,,"",,,"",,,,,,,,,,,"","",,,,,,,"","",,,"s",0.783,,"space",0.3516,,4,"blue_gnome",4,0,"bright_forest","red_basket","purple_gnome",4,5,"dark_forest","yellow_basket",0,0,0,1,"blue_gnome","bright_forest","red_basket",154,-2,2,1,3,11,7,1,"",,,"",,,"",,,"",,,"",,,,,,,"","",,,"",,,"",,,"",,,,,,,"",,,"","",,,,,,,,"",,,,,,,"",,,"","","",,,,,,,,"",,,,,,,
"","","",,"","","","","","","",,"","","","","","","",,"","","","","","","",,"","","","","","","",,"","","","","","","",,"","","","","","","",,"","","","","","","",,"","","","","",242602,1,"2024-05-16_18h50.00.923","experiment","2023.2.3","Win32",60.60606061,"64136cee580125262273f242","6644f019e4b599e96769a32b","6646472fbdc35bd9d6fb0e58","",,,"",,,"",,,"",,,"",,,"",,,"",,,,,"",,,"",,,,"",,,"","","",,,"","",,5,,,,"","","",,,,,,,4,,"",,,"",,,,,,,,,,,"","",,,,,,,"","",,,"",,,"",,,4,"purple_gnome",4,7,"dark_forest","yellow_basket","blue_gnome",4,2,"bright_forest","red_basket",0,1,0,0,"","bright_forest","red_basket",154,-3,2,1,4,12,7,1,"",,,"",,,"",,,"",,,"",,,,,,,"","",,,"",,,"",,,"",,,,,,,"",,,"","",,,,,,,,"",,,,,,,"",,,"","","",,,,,,,,"",,,,,,,
"","","",,"","","","","","","",,"","","","","","","",,"","","","","","","",,"","","","","","","",,"","","","","","","",,"","","","","","","",,"","","","","","","",,"","","","","",242602,1,"2024-05-16_18h50.00.923","experiment","2023.2.3","Win32",60.60606061,"64136cee580125262273f242","6644f019e4b599e96769a32b","6646472fbdc35bd9d6fb0e58","",,,"",,,"",,,"",,,"",,,"",,,"",,,,,"",,,"",,,,"",,,"","","",,,"","",,1,,,,"","","",,,,,,,2,,"",,,"",,,,,,,,,,,"","",,,,,,,"","",,,"s",0.2901,,"space",0.1465,,2,"pink_gnome",2,9,"dark_forest","yellow_basket","green_gnome",2,1,"bright_forest","red_basket",9,0,0,1,"pink_gnome","dark_forest","yellow_basket",163,-3,-4,1,5,13,1,1,"",,,"",,,"",,,"",,,"",,,,,,,"","",,,"",,,"",,,"",,,,,,,"",,,"","",,,,,,,,"",,,,,,,"",,,"","","",,,,,,,,"",,,,,,,
"","","",,"","","","","","","",,"","","","","","","",,"","","","","","","",,"","","","","","","",,"","","","","","","",,"","","","","","","",,"","","","","","","",,"","","","","",242602,1,"2024-05-16_18h50.00.923","experiment","2023.2.3","Win32",60.60606061,"64136cee580125262273f242","6644f019e4b599e96769a32b","6646472fbdc35bd9d6fb0e58","",,,"",,,"",,,"",,,"",,,"",,,"",,,,,"",,,"",,,,"",,,"","","",,,"","",,5,,,,"","","",,,,,,,2,,"",,,"",,,,,,,,,,,"","",,,,,,,"","",,,"k",0.0575,,"space",0.0285,,2,"green_gnome",2,2,"bright_forest","red_basket","pink_gnome",2,5,"dark_forest","yellow_basket",25,0,0,1,"pink_gnome","dark_forest","yellow_basket",188,2,5,1,6,14,5,1,"",,,"",,,"",,,"",,,"",,,,,,,"","",,,"",,,"",,,"",,,,,,,"",,,"","",,,,,,,,"",,,,,,,"",,,"","","",,,,,,,,"",,,,,,,
"","","",,"","","","","","","",,"","","","","","","",,"","","","","","","",,"","","","","","","",,"","","","","","","",,"","","","","","","",,"","","","","","","",,"","","","","",242602,1,"2024-05-16_18h50.00.923","experiment","2023.2.3","Win32",60.60606061,"64136cee580125262273f242","6644f019e4b599e96769a32b","6646472fbdc35bd9d6fb0e58","",,,"",,,"",,,"",,,"",,,"",,,"",,,,,"",,,"",,,,"",,,"","","",,,"","",,5,,,,"","","",,,,,,,2,,"",,,"",,,,,,,,,,,"","",,,,,,,"","",,,"s",0.233,,"space",0.122,,2,"pink_gnome",2,8,"dark_forest","yellow_basket","green_gnome",2,4,"bright_forest","red_basket",40,0,0,1,"pink_gnome","dark_forest","yellow_basket",228,-3,-1,1,7,15,5,1,"",,,"",,,"",,,"",,,"",,,,,,,"","",,,"",,,"",,,"",,,,,,,"",,,"","",,,,,,,,"",,,,,,,"",,,"","","",,,,,,,,"",,,,,,,
"","","",,"","","","","","","",,"","","","","","","",,"","","","","","","",,"","","","","","","",,"","","","","","","",,"","","","","","","",,"","","","","","","",,"","","","","",242602,1,"2024-05-16_18h50.00.923","experiment","2023.2.3","Win32",60.60606061,"64136cee580125262273f242","6644f019e4b599e96769a32b","6646472fbdc35bd9d6fb0e58","",,,"",,,"",,,"",,,"",,,"",,,"",,,,,"",,,"",,,,"",,,"","","",,,"","",,1,,,,"","","",,,,,,,3,,"",,,"",,,,,,,,,,,"","",,,,,,,"","",,,"k",0.1293,,"space",0.1741,,3,"yellow_gnome",3,7,"dark_forest","yellow_basket","red_gnome",3,1,"bright_forest","red_basket",1,0,0,1,"red_gnome","bright_forest","red_basket",229,3,-4,2,0,16,2,1,"",,,"",,,"",,,"",,,"",,,,,,,"","",,,"",,,"",,,"",,,,,,,"",,,"","",,,,,,,,"",,,,,,,"",,,"","","",,,,,,,,"",,,,,,,
"","","",,"","","","","","","",,"","","","","","","",,"","","","","","","",,"","","","","","","",,"","","","","","","",,"","","","","","","",,"","","","","","","",,"","","","","",242602,1,"2024-05-16_18h50.00.923","experiment","2023.2.3","Win32",60.60606061,"64136cee580125262273f242","6644f019e4b599e96769a32b","6646472fbdc35bd9d6fb0e58","",,,"",,,"",,,"",,,"",,,"",,,"",,,,,"",,,"",,,,"",,,"","","",,,"","",,1,,,,"","","",,,,,,,3,,"",,,"",,,,,,,,,,,"","",,,,,,,"","",,,"k",0.1625,,"space",0.0638,,3,"yellow_gnome",3,3,"dark_forest","yellow_basket","red_gnome",3,4,"bright_forest","red_basket",4,0,0,1,"red_gnome","bright_forest","red_basket",233,-1,1,2,1,17,2,1,"",,,"",,,"",,,"",,,"",,,,,,,"","",,,"",,,"",,,"",,,,,,,"",,,"","",,,,,,,,"",,,,,,,"",,,"","","",,,,,,,,"",,,,,,,
"","","",,"","","","","","","",,"","","","","","","",,"","","","","","","",,"","","","","","","",,"","","","","","","",,"","","","","","","",,"","","","","","","",,"","","","","",242602,1,"2024-05-16_18h50.00.923","experiment","2023.2.3","Win32",60.60606061,"64136cee580125262273f242","6644f019e4b599e96769a32b","6646472fbdc35bd9d6fb0e58","",,,"",,,"",,,"",,,"",,,"",,,"",,,,,"",,,"",,,,"",,,"","","",,,"","",,5,,,,"","","",,,,,,,2,,"",,,"",,,,,,,,,,,"","",,,,,,,"","",,,"k",0.2029,,"space",0.1806,,2,"green_gnome",2,3,"bright_forest","red_basket","pink_gnome",2,4,"dark_forest","yellow_basket",20,0,0,1,"pink_gnome","dark_forest","yellow_basket",253,-1,1,2,2,18,5,1,"",,,"",,,"",,,"",,,"",,,,,,,"","",,,"",,,"",,,"",,,,,,,"",,,"","",,,,,,,,"",,,,,,,"",,,"","","",,,,,,,,"",,,,,,,
"","","",,"","","","","","","",,"","","","","","","",,"","","","","","","",,"","","","","","","",,"","","","","","","",,"","","","","","","",,"","","","","","","",,"","","","","",242602,1,"2024-05-16_18h50.00.923","experiment","2023.2.3","Win32",60.60606061,"64136cee580125262273f242","6644f019e4b599e96769a32b","6646472fbdc35bd9d6fb0e58","",,,"",,,"",,,"",,,"",,,"",,,"",,,,,"",,,"",,,,"",,,"","","",,,"","",,5,,,,"","","",,,,,,,3,,"",,,"",,,,,,,,,,,"","",,,,,,,"","",,,"s",0.1793,,"space",0.0315,,3,"yellow_gnome",3,5,"dark_forest","yellow_basket","red_gnome",3,2,"bright_forest","red_basket",25,0,0,1,"yellow_gnome","dark_forest","yellow_basket",278,3,-7,2,3,19,6,1,"",,,"",,,"",,,"",,,"",,,,,,,"","",,,"",,,"",,,"",,,,,,,"",,,"","",,,,,,,,"",,,,,,,"",,,"","","",,,,,,,,"",,,,,,,
"","","",,"","","","","","","",,"","","","","","","",,"","","","","","","",,"","","","","","","",,"","","","","","","",,"","","","","","","",,"","","","","","","",,"","","","","",242602,1,"2024-05-16_18h50.00.923","experiment","2023.2.3","Win32",60.60606061,"64136cee580125262273f242","6644f019e4b599e96769a32b","6646472fbdc35bd9d6fb0e58","",,,"",,,"",,,"",,,"",,,"",,,"",,,,,"",,,"",,,,"",,,"","","",,,"","",,1,,,,"","","",,,,,,,4,,"",,,"",,,,,,,,,,,"","",,,,,,,"","",,,"k",0.4779,,"space",0.4428,,4,"blue_gnome",4,5,"bright_forest","red_basket","purple_gnome",4,2,"dark_forest","yellow_basket",2,0,0,1,"purple_gnome","dark_forest","yellow_basket",280,2,3,2,4,20,3,1,"",,,"",,,"",,,"",,,"",,,,,,,"","",,,"",,,"",,,"",,,,,,,"",,,"","",,,,,,,,"",,,,,,,"",,,"","","",,,,,,,,"",,,,,,,
"","","",,"","","","","","","",,"","","","","","","",,"","","","","","","",,"","","","","","","",,"","","","","","","",,"","","","","","","",,"","","","","","","",,"","","","","",242602,1,"2024-05-16_18h50.00.923","experiment","2023.2.3","Win32",60.60606061,"64136cee580125262273f242","6644f019e4b599e96769a32b","6646472fbdc35bd9d6fb0e58","",,,"",,,"",,,"",,,"",,,"",,,"",,,,,"",,,"",,,,"",,,"","","",,,"","",,5,,,,"","","",,,,,,,2,,"",,,"",,,,,,,,,,,"","",,,,,,,"","",,,"s",0.3373,,"space",0.6379,,2,"green_gnome",2,7,"bright_forest","red_basket","pink_gnome",2,5,"dark_forest","yellow_basket",35,0,0,1,"green_gnome","bright_forest","red_basket",315,-1,-3,2,5,21,5,1,"",,,"",,,"",,,"",,,"",,,,,,,"","",,,"",,,"",,,"",,,,,,,"",,,"","",,,,,,,,"",,,,,,,"",,,"","","",,,,,,,,"",,,,,,,
"","","",,"","","","","","","",,"","","","","","","",,"","","","","","","",,"","","","","","","",,"","","","","","","",,"","","","","","","",,"","","","","","","",,"","","","","",242602,1,"2024-05-16_18h50.00.923","experiment","2023.2.3","Win32",60.60606061,"64136cee580125262273f242","6644f019e4b599e96769a32b","6646472fbdc35bd9d6fb0e58","",,,"",,,"",,,"",,,"",,,"",,,"",,,,,"",,,"",,,,"",,,"","","",,,"","",,1,,,,"","","",,,,,,,1,,"",,,"",,,,,,,,,,,"","",,,,,,,"","",,,"s",0.1215,,"space",1.4302,,1,"orange_gnome",1,6,"bright_forest","red_basket","brown_gnome",1,2,"dark_forest","yellow_basket",6,0,0,1,"orange_gnome","bright_forest","red_basket",321,-2,-1,2,6,22,0,1,"",,,"",,,"",,,"",,,"",,,,,,,"","",,,"",,,"",,,"",,,,,,,"",,,"","",,,,,,,,"",,,,,,,"",,,"","","",,,,,,,,"",,,,,,,
"","","",,"","","","","","","",,"","","","","","","",,"","","","","","","",,"","","","","","","",,"","","","","","","",,"","","","","","","",,"","","","","","","",,"","","","","",242602,1,"2024-05-16_18h50.00.923","experiment","2023.2.3","Win32",60.60606061,"64136cee580125262273f242","6644f019e4b599e96769a32b","6646472fbdc35bd9d6fb0e58","",,,"",,,"",,,"",,,"",,,"",,,"",,,,,"",,,"",,,,"",,,"","","",,,"","",,1,,,,"","","",,,,,,,3,,"",,,"",,,,,,,,,,,"","",,,,,,,"","",,,"s",0.7923,,"space",0.5769,,3,"yellow_gnome",3,1,"dark_forest","yellow_basket","red_gnome",3,4,"bright_forest","red_basket",1,0,0,1,"yellow_gnome","dark_forest","yellow_basket",322,1,1,2,7,23,2,1,"",,,"",,,"",,,"",,,"",,,,,,,"","",,,"",,,"",,,"",,,,,,,"",,,"","",,,,,,,,"",,,,,,,"",,,"","","",,,,,,,,"",,,,,,,
"","","",,"","","","","","","",,"","","","","","","",,"","","","","","","",,"","","","","","","",,"","","","","","","",,"","","","","","","",,"","","","","","","",,"","","","","",242602,1,"2024-05-16_18h50.00.923","experiment","2023.2.3","Win32",60.60606061,"64136cee580125262273f242","6644f019e4b599e96769a32b","6646472fbdc35bd9d6fb0e58","",,,"",,,"",,,"",,,"",,,"",,,"",,,,,"",,,"",,,,"",,,"","","",,,"","",,5,,,,"","","",,,,,,,3,,"",,,"",,,,,,,,,,,"","",,,,,,,"","",,,"k",0.4362,,"space",0.5069,,3,"red_gnome",3,5,"bright_forest","red_basket","yellow_gnome",3,2,"dark_forest","yellow_basket",10,0,0,1,"yellow_gnome","dark_forest","yellow_basket",332,0,1,3,0,24,6,1,"",,,"",,,"",,,"",,,"",,,,,,,"","",,,"",,,"",,,"",,,,,,,"",,,"","",,,,,,,,"",,,,,,,"",,,"","","",,,,,,,,"",,,,,,,
"","","",,"","","","","","","",,"","","","","","","",,"","","","","","","",,"","","","","","","",,"","","","","","","",,"","","","","","","",,"","","","","","","",,"","","","","",242602,1,"2024-05-16_18h50.00.923","experiment","2023.2.3","Win32",60.60606061,"64136cee580125262273f242","6644f019e4b599e96769a32b","6646472fbdc35bd9d6fb0e58","",,,"",,,"",,,"",,,"",,,"",,,"",,,,,"",,,"",,,,"",,,"","","",,,"","",,1,,,,"","","",,,,,,,3,,"",,,"",,,,,,,,,,,"","",,,,,,,"","",,,"k",0.0973,,"space",1.173,,3,"yellow_gnome",3,3,"dark_forest","yellow_basket","red_gnome",3,5,"bright_forest","red_basket",5,0,0,1,"red_gnome","bright_forest","red_basket",337,0,4,3,1,25,2,1,"",,,"",,,"",,,"",,,"",,,,,,,"","",,,"",,,"",,,"",,,,,,,"",,,"","",,,,,,,,"",,,,,,,"",,,"","","",,,,,,,,"",,,,,,,
"","","",,"","","","","","","",,"","","","","","","",,"","","","","","","",,"","","","","","","",,"","","","","","","",,"","","","","","","",,"","","","","","","",,"","","","","",242602,1,"2024-05-16_18h50.00.923","experiment","2023.2.3","Win32",60.60606061,"64136cee580125262273f242","6644f019e4b599e96769a32b","6646472fbdc35bd9d6fb0e58","",,,"",,,"",,,"",,,"",,,"",,,"",,,,,"",,,"",,,,"",,,"","","",,,"","",,1,,,,"","","",,,,,,,1,,"",,,"",,,,,,,,,,,"","",,,,,,,"","",,,"s",0.6223,,"space",0.1378,,1,"brown_gnome",1,7,"dark_forest","yellow_basket","orange_gnome",1,5,"bright_forest","red_basket",7,0,0,1,"brown_gnome","dark_forest","yellow_basket",344,-1,0,3,2,26,0,1,"",,,"",,,"",,,"",,,"",,,,,,,"","",,,"",,,"",,,"",,,,,,,"",,,"","",,,,,,,,"",,,,,,,"",,,"","","",,,,,,,,"",,,,,,,
"","","",,"","","","","","","",,"","","","","","","",,"","","","","","","",,"","","","","","","",,"","","","","","","",,"","","","","","","",,"","","","","","","",,"","","","","",242602,1,"2024-05-16_18h50.00.923","experiment","2023.2.3","Win32",60.60606061,"64136cee580125262273f242","6644f019e4b599e96769a32b","6646472fbdc35bd9d6fb0e58","",,,"",,,"",,,"",,,"",,,"",,,"",,,,,"",,,"",,,,"",,,"","","",,,"","",,5,,,,"","","",,,,,,,1,,"",,,"",,,,,,,,,,,"","",,,,,,,"","",,,"k",0.1471,,"space",0.0348,,1,"orange_gnome",1,4,"bright_forest","red_basket","brown_gnome",1,7,"dark_forest","yellow_basket",35,0,0,1,"brown_gnome","dark_forest","yellow_basket",379,-5,-1,3,3,27,4,1,"",,,"",,,"",,,"",,,"",,,,,,,"","",,,"",,,"",,,"",,,,,,,"",,,"","",,,,,,,,"",,,,,,,"",,,"","","",,,,,,,,"",,,,,,,
"","","",,"","","","","","","",,"","","","","","","",,"","","","","","","",,"","","","","","","",,"","","","","","","",,"","","","","","","",,"","","","","","","",,"","","","","",242602,1,"2024-05-16_18h50.00.923","experiment","2023.2.3","Win32",60.60606061,"64136cee580125262273f242","6644f019e4b599e96769a32b","6646472fbdc35bd9d6fb0e58","",,,"",,,"",,,"",,,"",,,"",,,"",,,,,"",,,"",,,,"",,,"","","",,,"","",,1,,,,"","","",,,,,,,4,,"",,,"",,,,,,,,,,,"","",,,,,,,"","",,,"s",0.3474,,"space",0.0926,,4,"purple_gnome",4,6,"dark_forest","yellow_basket","blue_gnome",4,1,"bright_forest","red_basket",6,0,0,1,"purple_gnome","dark_forest","yellow_basket",385,4,-2,3,4,28,3,1,"",,,"",,,"",,,"",,,"",,,,,,,"","",,,"",,,"",,,"",,,,,,,"",,,"","",,,,,,,,"",,,,,,,"",,,"","","",,,,,,,,"",,,,,,,
"","","",,"","","","","","","",,"","","","","","","",,"","","","","","","",,"","","","","","","",,"","","","","","","",,"","","","","","","",,"","","","","","","",,"","","","","",242602,1,"2024-05-16_18h50.00.923","experiment","2023.2.3","Win32",60.60606061,"64136cee580125262273f242","6644f019e4b599e96769a32b","6646472fbdc35bd9d6fb0e58","",,,"",,,"",,,"",,,"",,,"",,,"",,,,,"",,,"",,,,"",,,"","","",,,"","",,1,,,,"","","",,,,,,,3,,"",,,"",,,,,,,,,,,"","",,,,,,,"","",,,"k",0.1811,,"space",0.322,,3,"red_gnome",3,5,"bright_forest","red_basket","yellow_gnome",3,4,"dark_forest","yellow_basket",4,0,0,1,"yellow_gnome","dark_forest","yellow_basket",389,-4,-2,3,5,29,2,1,"",,,"",,,"",,,"",,,"",,,,,,,"","",,,"",,,"",,,"",,,,,,,"",,,"","",,,,,,,,"",,,,,,,"",,,"","","",,,,,,,,"",,,,,,,
"","","",,"","","","","","","",,"","","","","","","",,"","","","","","","",,"","","","","","","",,"","","","","","","",,"","","","","","","",,"","","","","","","",,"","","","","",242602,1,"2024-05-16_18h50.00.923","experiment","2023.2.3","Win32",60.60606061,"64136cee580125262273f242","6644f019e4b599e96769a32b","6646472fbdc35bd9d6fb0e58","",,,"",,,"",,,"",,,"",,,"",,,"",,,,,"",,,"",,,,"",,,"","","",,,"","",,5,,,,"","","",,,,,,,4,,"",,,"",,,,,,,,,,,"","",,,,,,,"","",,,"s",0.2727,,"space",0.224,,4,"purple_gnome",4,2,"dark_forest","yellow_basket","blue_gnome",4,1,"bright_forest","red_basket",10,0,0,1,"purple_gnome","dark_forest","yellow_basket",399,1,0,3,6,30,7,1,"",,,"",,,"",,,"",,,"",,,,,,,"","",,,"",,,"",,,"",,,,,,,"",,,"","",,,,,,,,"",,,,,,,"",,,"","","",,,,,,,,"",,,,,,,
"","","",,"","","","","","","",,"","","","","","","",,"","","","","","","",,"","","","","","","",,"","","","","","","",,"","","","","","","",,"","","","","","","",,"","","","","",242602,1,"2024-05-16_18h50.00.923","experiment","2023.2.3","Win32",60.60606061,"64136cee580125262273f242","6644f019e4b599e96769a32b","6646472fbdc35bd9d6fb0e58","",,,"",,,"",,,"",,,"",,,"",,,"",,,,,"",,,"",,,,"",,,"","","",,,"","",,5,,,,"","","",,,,,,,4,,"",,,"",,,,,,,,,,,"","",,,,,,,"","",,,"k",0.5314,,"space",0.7897,,4,"blue_gnome",4,2,"bright_forest","red_basket","purple_gnome",4,2,"dark_forest","yellow_basket",10,0,0,1,"purple_gnome","dark_forest","yellow_basket",409,3,1,3,7,31,7,1,"",,,"",,,"",,,"",,,"",,,,,,,"","",,,"",,,"",,,"",,,,,,,"",,,"","",,,,,,,,"",,,,,,,"",,,"","","",,,,,,,,"",,,,,,,
"","","",,"","","","","","","",,"","","","","","","",,"","","","","","","",,"","","","","","","",,"","","","","","","",,"","","","","","","",,"","","","","","","",,"","","","","",242602,1,"2024-05-16_18h50.00.923","experiment","2023.2.3","Win32",60.60606061,"64136cee580125262273f242","6644f019e4b599e96769a32b","6646472fbdc35bd9d6fb0e58","",,,"",,,"",,,"",,,"",,,"",,,"",,,,,"",,,"",,,,"",,,"","","",,,"","",,1,,,,"","","",,,,,,,3,,"",,,"",,,,,,,,,,,"","",,,,,,,"","",,,"s",0.3081,,"space",0.5895,,3,"yellow_gnome",3,3,"dark_forest","yellow_basket","red_gnome",3,5,"bright_forest","red_basket",3,0,0,1,"yellow_gnome","dark_forest","yellow_basket",412,3,3,4,0,32,2,1,"",,,"",,,"",,,"",,,"",,,,,,,"","",,,"",,,"",,,"",,,,,,,"",,,"","",,,,,,,,"",,,,,,,"",,,"","","",,,,,,,,"",,,,,,,
"","","",,"","","","","","","",,"","","","","","","",,"","","","","","","",,"","","","","","","",,"","","","","","","",,"","","","","","","",,"","","","","","","",,"","","","","",242602,1,"2024-05-16_18h50.00.923","experiment","2023.2.3","Win32",60.60606061,"64136cee580125262273f242","6644f019e4b599e96769a32b","6646472fbdc35bd9d6fb0e58","",,,"",,,"",,,"",,,"",,,"",,,"",,,,,"",,,"",,,,"",,,"","","",,,"","",,1,,,,"","","",,,,,,,2,,"",,,"",,,,,,,,,,,"","",,,,,,,"","",,,"k",0.0646,,"space",0.3119,,2,"green_gnome",2,8,"bright_forest","red_basket","pink_gnome",2,6,"dark_forest","yellow_basket",6,0,0,1,"pink_gnome","dark_forest","yellow_basket",418,0,-7,4,1,33,1,1,"",,,"",,,"",,,"",,,"",,,,,,,"","",,,"",,,"",,,"",,,,,,,"",,,"","",,,,,,,,"",,,,,,,"",,,"","","",,,,,,,,"",,,,,,,
"","","",,"","","","","","","",,"","","","","","","",,"","","","","","","",,"","","","","","","",,"","","","","","","",,"","","","","","","",,"","","","","","","",,"","","","","",242602,1,"2024-05-16_18h50.00.923","experiment","2023.2.3","Win32",60.60606061,"64136cee580125262273f242","6644f019e4b599e96769a32b","6646472fbdc35bd9d6fb0e58","",,,"",,,"",,,"",,,"",,,"",,,"",,,,,"",,,"",,,,"",,,"","","",,,"","",,5,,,,"","","",,,,,,,1,,"",,,"",,,,,,,,,,,"","",,,,,,,"","",,,"s",0.0649,,"space",0.4822,,1,"brown_gnome",1,1,"dark_forest","yellow_basket","orange_gnome",1,8,"bright_forest","red_basket",5,0,0,1,"brown_gnome","dark_forest","yellow_basket",423,0,0,4,2,34,4,1,"",,,"",,,"",,,"",,,"",,,,,,,"","",,,"",,,"",,,"",,,,,,,"",,,"","",,,,,,,,"",,,,,,,"",,,"","","",,,,,,,,"",,,,,,,
"","","",,"","","","","","","",,"","","","","","","",,"","","","","","","",,"","","","","","","",,"","","","","","","",,"","","","","","","",,"","","","","","","",,"","","","","",242602,1,"2024-05-16_18h50.00.923","experiment","2023.2.3","Win32",60.60606061,"64136cee580125262273f242","6644f019e4b599e96769a32b","6646472fbdc35bd9d6fb0e58","",,,"",,,"",,,"",,,"",,,"",,,"",,,,,"",,,"",,,,"",,,"","","",,,"","",,5,,,,"","","",,,,,,,3,,"",,,"",,,,,,,,,,,"","",,,,,,,"","",,,"s",0.4869,,"space",0.6051,,3,"red_gnome",3,8,"bright_forest","red_basket","yellow_gnome",3,1,"dark_forest","yellow_basket",40,0,0,1,"red_gnome","bright_forest","red_basket",463,0,4,4,3,35,6,1,"",,,"",,,"",,,"",,,"",,,,,,,"","",,,"",,,"",,,"",,,,,,,"",,,"","",,,,,,,,"",,,,,,,"",,,"","","",,,,,,,,"",,,,,,,
"","","",,"","","","","","","",,"","","","","","","",,"","","","","","","",,"","","","","","","",,"","","","","","","",,"","","","","","","",,"","","","","","","",,"","","","","",242602,1,"2024-05-16_18h50.00.923","experiment","2023.2.3","Win32",60.60606061,"64136cee580125262273f242","6644f019e4b599e96769a32b","6646472fbdc35bd9d6fb0e58","",,,"",,,"",,,"",,,"",,,"",,,"",,,,,"",,,"",,,,"",,,"","","",,,"","",,1,,,,"","","",,,,,,,2,,"",,,"",,,,,,,,,,,"","",,,,,,,"","",,,"s",0.5804,,"space",0.5104,,2,"pink_gnome",2,5,"dark_forest","yellow_basket","green_gnome",2,8,"bright_forest","red_basket",5,0,0,1,"pink_gnome","dark_forest","yellow_basket",468,-1,-4,4,4,36,1,1,"",,,"",,,"",,,"",,,"",,,,,,,"","",,,"",,,"",,,"",,,,,,,"",,,"","",,,,,,,,"",,,,,,,"",,,"","","",,,,,,,,"",,,,,,,
"","","",,"","","","","","","",,"","","","","","","",,"","","","","","","",,"","","","","","","",,"","","","","","","",,"","","","","","","",,"","","","","","","",,"","","","","",242602,1,"2024-05-16_18h50.00.923","experiment","2023.2.3","Win32",60.60606061,"64136cee580125262273f242","6644f019e4b599e96769a32b","6646472fbdc35bd9d6fb0e58","",,,"",,,"",,,"",,,"",,,"",,,"",,,,,"",,,"",,,,"",,,"","","",,,"","",,5,,,,"","","",,,,,,,2,,"",,,"",,,,,,,,,,,"","",,,,,,,"","",,,"s",0.4869,,"space",0.5116,,2,"pink_gnome",2,1,"dark_forest","yellow_basket","green_gnome",2,7,"bright_forest","red_basket",5,0,0,1,"pink_gnome","dark_forest","yellow_basket",473,2,3,4,5,37,5,1,"",,,"",,,"",,,"",,,"",,,,,,,"","",,,"",,,"",,,"",,,,,,,"",,,"","",,,,,,,,"",,,,,,,"",,,"","","",,,,,,,,"",,,,,,,
"","","",,"","","","","","","",,"","","","","","","",,"","","","","","","",,"","","","","","","",,"","","","","","","",,"","","","","","","",,"","","","","","","",,"","","","","",242602,1,"2024-05-16_18h50.00.923","experiment","2023.2.3","Win32",60.60606061,"64136cee580125262273f242","6644f019e4b599e96769a32b","6646472fbdc35bd9d6fb0e58","",,,"",,,"",,,"",,,"",,,"",,,"",,,,,"",,,"",,,,"",,,"","","",,,"","",,1,,,,"","","",,,,,,,3,,"",,,"",,,,,,,,,,,"","",,,,,,,"","",,,"s",0.4754,,"space",0.3805,,3,"yellow_gnome",3,4,"dark_forest","yellow_basket","red_gnome",3,9,"bright_forest","red_basket",4,0,0,1,"yellow_gnome","dark_forest","yellow_basket",477,-2,2,4,6,38,2,1,"",,,"",,,"",,,"",,,"",,,,,,,"","",,,"",,,"",,,"",,,,,,,"",,,"","",,,,,,,,"",,,,,,,"",,,"","","",,,,,,,,"",,,,,,,
"","","",,"","","","","","","",,"","","","","","","",,"","","","","","","",,"","","","","","","",,"","","","","","","",,"","","","","","","",,"","","","","","","",,"","","","","",242602,1,"2024-05-16_18h50.00.923","experiment","2023.2.3","Win32",60.60606061,"64136cee580125262273f242","6644f019e4b599e96769a32b","6646472fbdc35bd9d6fb0e58","",,,"",,,"",,,"",,,"",,,"",,,"",,,,,"",,,"",,,,"",,,"","","",,,"","",,5,,,,"","","",,,,,,,4,,"",,,"",,,,,,,,,,,"","",,,,,,,"","",,,"k",0.3897,,"space",0.3096,,4,"blue_gnome",4,7,"bright_forest","red_basket","purple_gnome",4,6,"dark_forest","yellow_basket",30,0,0,1,"purple_gnome","dark_forest","yellow_basket",507,2,3,4,7,39,7,1,"",,,"",,,"",,,"",,,"",,,,,,,"","",,,"",,,"",,,"",,,,,,,"",,,"","",,,,,,,,"",,,,,,,"",,,"","","",,,,,,,,"",,,,,,,
"","","",,"","","","","","","",,"","","","","","","",,"","","","","","","",,"","","","","","","",,"","","","","","","",,"","","","","","","",,"","","","","","","",,"","","","","",242602,1,"2024-05-16_18h50.00.923","experiment","2023.2.3","Win32",60.60606061,"64136cee580125262273f242","6644f019e4b599e96769a32b","6646472fbdc35bd9d6fb0e58","",,,"",,,"",,,"",,,"",,,"",,,"",,,,,"",,,"",,,,"",,,"","","",,,"","",,5,,,,"","","",,,,,,,3,,"",,,"",,,,,,,,,,,"","",,,,,,,"","",,,"s",0.306,,"space",0.3542,,3,"red_gnome",3,9,"bright_forest","red_basket","yellow_gnome",3,9,"dark_forest","yellow_basket",45,0,0,1,"red_gnome","bright_forest","red_basket",552,1,2,5,0,40,6,1,"",,,"",,,"",,,"",,,"",,,,,,,"","",,,"",,,"",,,"",,,,,,,"",,,"","",,,,,,,,"",,,,,,,"",,,"","","",,,,,,,,"",,,,,,,
"","","",,"","","","","","","",,"","","","","","","",,"","","","","","","",,"","","","","","","",,"","","","","","","",,"","","","","","","",,"","","","","","","",,"","","","","",242602,1,"2024-05-16_18h50.00.923","experiment","2023.2.3","Win32",60.60606061,"64136cee580125262273f242","6644f019e4b599e96769a32b","6646472fbdc35bd9d6fb0e58","",,,"",,,"",,,"",,,"",,,"",,,"",,,,,"",,,"",,,,"",,,"","","",,,"","",,1,,,,"","","",,,,,,,2,,"",,,"",,,,,,,,,,,"","",,,,,,,"","",,,"s",0.379,,"space",0.5258,,2,"green_gnome",2,8,"bright_forest","red_basket","pink_gnome",2,7,"dark_forest","yellow_basket",8,0,0,1,"green_gnome","bright_forest","red_basket",560,3,0,5,1,41,1,1,"",,,"",,,"",,,"",,,"",,,,,,,"","",,,"",,,"",,,"",,,,,,,"",,,"","",,,,,,,,"",,,,,,,"",,,"","","",,,,,,,,"",,,,,,,
"","","",,"","","","","","","",,"","","","","","","",,"","","","","","","",,"","","","","","","",,"","","","","","","",,"","","","","","","",,"","","","","","","",,"","","","","",242602,1,"2024-05-16_18h50.00.923","experiment","2023.2.3","Win32",60.60606061,"64136cee580125262273f242","6644f019e4b599e96769a32b","6646472fbdc35bd9d6fb0e58","",,,"",,,"",,,"",,,"",,,"",,,"",,,,,"",,,"",,,,"",,,"","","",,,"","",,1,,,,"","","",,,,,,,1,,"",,,"",,,,,,,,,,,"","",,,,,,,"","",,,"k",0.8542,,"space",0.3382,,1,"orange_gnome",1,7,"bright_forest","red_basket","brown_gnome",1,7,"dark_forest","yellow_basket",7,0,0,1,"brown_gnome","dark_forest","yellow_basket",567,3,1,5,2,42,0,1,"",,,"",,,"",,,"",,,"",,,,,,,"","",,,"",,,"",,,"",,,,,,,"",,,"","",,,,,,,,"",,,,,,,"",,,"","","",,,,,,,,"",,,,,,,
"","","",,"","","","","","","",,"","","","","","","",,"","","","","","","",,"","","","","","","",,"","","","","","","",,"","","","","","","",,"","","","","","","",,"","","","","",242602,1,"2024-05-16_18h50.00.923","experiment","2023.2.3","Win32",60.60606061,"64136cee580125262273f242","6644f019e4b599e96769a32b","6646472fbdc35bd9d6fb0e58","",,,"",,,"",,,"",,,"",,,"",,,"",,,,,"",,,"",,,,"",,,"","","",,,"","",,1,,,,"","","",,,,,,,3,,"",,,"",,,,,,,,,,,"","",,,,,,,"","",,,"s",0.2445,,"space",0.462,,3,"red_gnome",3,8,"bright_forest","red_basket","yellow_gnome",3,8,"dark_forest","yellow_basket",8,0,0,1,"red_gnome","bright_forest","red_basket",575,-1,2,5,3,43,2,1,"",,,"",,,"",,,"",,,"",,,,,,,"","",,,"",,,"",,,"",,,,,,,"",,,"","",,,,,,,,"",,,,,,,"",,,"","","",,,,,,,,"",,,,,,,
"","","",,"","","","","","","",,"","","","","","","",,"","","","","","","",,"","","","","","","",,"","","","","","","",,"","","","","","","",,"","","","","","","",,"","","","","",242602,1,"2024-05-16_18h50.00.923","experiment","2023.2.3","Win32",60.60606061,"64136cee580125262273f242","6644f019e4b599e96769a32b","6646472fbdc35bd9d6fb0e58","",,,"",,,"",,,"",,,"",,,"",,,"",,,,,"",,,"",,,,"",,,"","","",,,"","",,5,,,,"","","",,,,,,,3,,"",,,"",,,,,,,,,,,"","",,,,,,,"","",,,"k",0.4381,,"space",0.5195,,3,"red_gnome",3,7,"bright_forest","red_basket","yellow_gnome",3,8,"dark_forest","yellow_basket",40,0,0,1,"yellow_gnome","dark_forest","yellow_basket",615,0,0,5,4,44,6,1,"",,,"",,,"",,,"",,,"",,,,,,,"","",,,"",,,"",,,"",,,,,,,"",,,"","",,,,,,,,"",,,,,,,"",,,"","","",,,,,,,,"",,,,,,,
"","","",,"","","","","","","",,"","","","","","","",,"","","","","","","",,"","","","","","","",,"","","","","","","",,"","","","","","","",,"","","","","","","",,"","","","","",242602,1,"2024-05-16_18h50.00.923","experiment","2023.2.3","Win32",60.60606061,"64136cee580125262273f242","6644f019e4b599e96769a32b","6646472fbdc35bd9d6fb0e58","",,,"",,,"",,,"",,,"",,,"",,,"",,,,,"",,,"",,,,"",,,"","","",,,"","",,1,,,,"","","",,,,,,,1,,"",,,"",,,,,,,,,,,"","",,,,,,,"","",,,"k",1.0551,,"space",0.6594,,1,"orange_gnome",1,7,"bright_forest","red_basket","brown_gnome",1,8,"dark_forest","yellow_basket",8,0,0,1,"brown_gnome","dark_forest","yellow_basket",623,2,-2,5,5,45,0,1,"",,,"",,,"",,,"",,,"",,,,,,,"","",,,"",,,"",,,"",,,,,,,"",,,"","",,,,,,,,"",,,,,,,"",,,"","","",,,,,,,,"",,,,,,,
"","","",,"","","","","","","",,"","","","","","","",,"","","","","","","",,"","","","","","","",,"","","","","","","",,"","","","","","","",,"","","","","","","",,"","","","","",242602,1,"2024-05-16_18h50.00.923","experiment","2023.2.3","Win32",60.60606061,"64136cee580125262273f242","6644f019e4b599e96769a32b","6646472fbdc35bd9d6fb0e58","",,,"",,,"",,,"",,,"",,,"",,,"",,,,,"",,,"",,,,"",,,"","","",,,"","",,5,,,,"","","",,,,,,,4,,"",,,"",,,,,,,,,,,"","",,,,,,,"","",,,"s",0.5285,,"space",0.3785,,4,"purple_gnome",4,6,"dark_forest","yellow_basket","blue_gnome",4,9,"bright_forest","red_basket",30,0,0,1,"purple_gnome","dark_forest","yellow_basket",653,2,-5,5,6,46,7,1,"",,,"",,,"",,,"",,,"",,,,,,,"","",,,"",,,"",,,"",,,,,,,"",,,"","",,,,,,,,"",,,,,,,"",,,"","","",,,,,,,,"",,,,,,,
"","","",,"","","","","","","",,"","","","","","","",,"","","","","","","",,"","","","","","","",,"","","","","","","",,"","","","","","","",,"","","","","","","",,"","","","","",242602,1,"2024-05-16_18h50.00.923","experiment","2023.2.3","Win32",60.60606061,"64136cee580125262273f242","6644f019e4b599e96769a32b","6646472fbdc35bd9d6fb0e58","",,,"",,,"",,,"",,,"",,,"",,,"",,,,,"",,,"",,,,"",,,"","","",,,"","",,1,,,,"","","",,,,,,,4,,"",,,"",,,,,,,,,,,"","",,,,,,,"","",,,"k",0.2801,,"space",0.2458,,4,"purple_gnome",4,1,"dark_forest","yellow_basket","blue_gnome",4,7,"bright_forest","red_basket",7,0,0,1,"blue_gnome","bright_forest","red_basket",660,0,-2,5,7,47,3,1,"",,,"",,,"",,,"",,,"",,,,,,,"","",,,"",,,"",,,"",,,,,,,"",,,"","",,,,,,,,"",,,,,,,"",,,"","","",,,,,,,,"",,,,,,,
"","","",,"","","","","","","",,"","","","","","","",,"","","","","","","",,"","","","","","","",,"","","","","","","",,"","","","","","","",,"","","","","","","",,"","","","","",242602,1,"2024-05-16_18h50.00.923","experiment","2023.2.3","Win32",60.60606061,"64136cee580125262273f242","6644f019e4b599e96769a32b","6646472fbdc35bd9d6fb0e58","",,,"",,,"",,,"",,,"",,,"",,,"",,,,,"",,,"",,,,"",,,"","","",,,"","",,1,,,,"","","",,,,,,,3,,"",,,"",,,,,,,,,,,"","",,,,,,,"","",,,"s",0.4646,,"space",0.4497,,3,"red_gnome",3,7,"bright_forest","red_basket","yellow_gnome",3,1,"dark_forest","yellow_basket",7,0,0,1,"red_gnome","bright_forest","red_basket",667,-1,0,6,0,48,2,1,"",,,"",,,"",,,"",,,"",,,,,,,"","",,,"",,,"",,,"",,,,,,,"",,,"","",,,,,,,,"",,,,,,,"",,,"","","",,,,,,,,"",,,,,,,
"","","",,"","","","","","","",,"","","","","","","",,"","","","","","","",,"","","","","","","",,"","","","","","","",,"","","","","","","",,"","","","","","","",,"","","","","",242602,1,"2024-05-16_18h50.00.923","experiment","2023.2.3","Win32",60.60606061,"64136cee580125262273f242","6644f019e4b599e96769a32b","6646472fbdc35bd9d6fb0e58","",,,"",,,"",,,"",,,"",,,"",,,"",,,,,"",,,"",,,,"",,,"","","",,,"","",,1,,,,"","","",,,,,,,4,,"",,,"",,,,,,,,,,,"","",,,,,,,"","",,,"k",0.4199,,"space",0.0528,,4,"blue_gnome",4,6,"bright_forest","red_basket","purple_gnome",4,1,"dark_forest","yellow_basket",1,0,0,1,"purple_gnome","dark_forest","yellow_basket",668,4,3,6,1,49,3,1,"",,,"",,,"",,,"",,,"",,,,,,,"","",,,"",,,"",,,"",,,,,,,"",,,"","",,,,,,,,"",,,,,,,"",,,"","","",,,,,,,,"",,,,,,,
"","","",,"","","","","","","",,"","","","","","","",,"","","","","","","",,"","","","","","","",,"","","","","","","",,"","","","","","","",,"","","","","","","",,"","","","","",242602,1,"2024-05-16_18h50.00.923","experiment","2023.2.3","Win32",60.60606061,"64136cee580125262273f242","6644f019e4b599e96769a32b","6646472fbdc35bd9d6fb0e58","",,,"",,,"",,,"",,,"",,,"",,,"",,,,,"",,,"",,,,"",,,"","","",,,"","",,1,,,,"","","",,,,,,,1,,"",,,"",,,,,,,,,,,"","",,,,,,,"","",,,"s",0.0629,,"space",0.3462,,1,"brown_gnome",1,4,"dark_forest","yellow_basket","orange_gnome",1,8,"bright_forest","red_basket",4,0,0,1,"brown_gnome","dark_forest","yellow_basket",672,0,0,6,2,50,0,1,"",,,"",,,"",,,"",,,"",,,,,,,"","",,,"",,,"",,,"",,,,,,,"",,,"","",,,,,,,,"",,,,,,,"",,,"","","",,,,,,,,"",,,,,,,
"","","",,"","","","","","","",,"","","","","","","",,"","","","","","","",,"","","","","","","",,"","","","","","","",,"","","","","","","",,"","","","","","","",,"","","","","",242602,1,"2024-05-16_18h50.00.923","experiment","2023.2.3","Win32",60.60606061,"64136cee580125262273f242","6644f019e4b599e96769a32b","6646472fbdc35bd9d6fb0e58","",,,"",,,"",,,"",,,"",,,"",,,"",,,,,"",,,"",,,,"",,,"","","",,,"","",,1,,,,"","","",,,,,,,2,,"",,,"",,,,,,,,,,,"","",,,,,,,"","",,,"k",1.4058,,"space",0.4903,,2,"pink_gnome",2,4,"dark_forest","yellow_basket","green_gnome",2,8,"bright_forest","red_basket",8,0,0,1,"green_gnome","bright_forest","red_basket",680,-2,-1,6,3,51,1,1,"",,,"",,,"",,,"",,,"",,,,,,,"","",,,"",,,"",,,"",,,,,,,"",,,"","",,,,,,,,"",,,,,,,"",,,"","","",,,,,,,,"",,,,,,,
"","","",,"","","","","","","",,"","","","","","","",,"","","","","","","",,"","","","","","","",,"","","","","","","",,"","","","","","","",,"","","","","","","",,"","","","","",242602,1,"2024-05-16_18h50.00.923","experiment","2023.2.3","Win32",60.60606061,"64136cee580125262273f242","6644f019e4b599e96769a32b","6646472fbdc35bd9d6fb0e58","",,,"",,,"",,,"",,,"",,,"",,,"",,,,,"",,,"",,,,"",,,"","","",,,"","",,5,,,,"","","",,,,,,,1,,"",,,"",,,,,,,,,,,"","",,,,,,,"","",,,"s",0.3788,,"space",0.2131,,1,"brown_gnome",1,3,"dark_forest","yellow_basket","orange_gnome",1,6,"bright_forest","red_basket",15,0,0,1,"brown_gnome","dark_forest","yellow_basket",695,2,2,6,4,52,4,1,"",,,"",,,"",,,"",,,"",,,,,,,"","",,,"",,,"",,,"",,,,,,,"",,,"","",,,,,,,,"",,,,,,,"",,,"","","",,,,,,,,"",,,,,,,
"","","",,"","","","","","","",,"","","","","","","",,"","","","","","","",,"","","","","","","",,"","","","","","","",,"","","","","","","",,"","","","","","","",,"","","","","",242602,1,"2024-05-16_18h50.00.923","experiment","2023.2.3","Win32",60.60606061,"64136cee580125262273f242","6644f019e4b599e96769a32b","6646472fbdc35bd9d6fb0e58","",,,"",,,"",,,"",,,"",,,"",,,"",,,,,"",,,"",,,,"",,,"","","",,,"","",,1,,,,"","","",,,,,,,2,,"",,,"",,,,,,,,,,,"","",,,,,,,"","",,,"k",0.5038,,"space",0.3864,,2,"green_gnome",2,8,"bright_forest","red_basket","pink_gnome",2,5,"dark_forest","yellow_basket",5,0,0,1,"pink_gnome","dark_forest","yellow_basket",700,-1,2,6,5,53,1,1,"",,,"",,,"",,,"",,,"",,,,,,,"","",,,"",,,"",,,"",,,,,,,"",,,"","",,,,,,,,"",,,,,,,"",,,"","","",,,,,,,,"",,,,,,,
"","","",,"","","","","","","",,"","","","","","","",,"","","","","","","",,"","","","","","","",,"","","","","","","",,"","","","","","","",,"","","","","","","",,"","","","","",242602,1,"2024-05-16_18h50.00.923","experiment","2023.2.3","Win32",60.60606061,"64136cee580125262273f242","6644f019e4b599e96769a32b","6646472fbdc35bd9d6fb0e58","",,,"",,,"",,,"",,,"",,,"",,,"",,,,,"",,,"",,,,"",,,"","","",,,"","",,1,,,,"","","",,,,,,,3,,"",,,"",,,,,,,,,,,"","",,,,,,,"","",,,"s",0.5321,,"space",0.3197,,3,"yellow_gnome",3,7,"dark_forest","yellow_basket","red_gnome",3,7,"bright_forest","red_basket",7,0,0,1,"yellow_gnome","dark_forest","yellow_basket",707,1,5,6,6,54,2,1,"",,,"",,,"",,,"",,,"",,,,,,,"","",,,"",,,"",,,"",,,,,,,"",,,"","",,,,,,,,"",,,,,,,"",,,"","","",,,,,,,,"",,,,,,,
"","","",,"","","","","","","",,"","","","","","","",,"","","","","","","",,"","","","","","","",,"","","","","","","",,"","","","","","","",,"","","","","","","",,"","","","","",242602,1,"2024-05-16_18h50.00.923","experiment","2023.2.3","Win32",60.60606061,"64136cee580125262273f242","6644f019e4b599e96769a32b","6646472fbdc35bd9d6fb0e58","",,,"",,,"",,,"",,,"",,,"",,,"",,,,,"",,,"",,,,"",,,"","","",,,"","",,5,,,,"","","",,,,,,,3,,"",,,"",,,,,,,,,,,"","",,,,,,,"","",,,"k",0.17,,"space",0.4868,,3,"yellow_gnome",3,6,"dark_forest","yellow_basket","red_gnome",3,8,"bright_forest","red_basket",40,0,0,1,"red_gnome","bright_forest","red_basket",747,2,0,6,7,55,6,1,"",,,"",,,"",,,"",,,"",,,,,,,"","",,,"",,,"",,,"",,,,,,,"",,,"","",,,,,,,,"",,,,,,,"",,,"","","",,,,,,,,"",,,,,,,
"","","",,"","","","","","","",,"","","","","","","",,"","","","","","","",,"","","","","","","",,"","","","","","","",,"","","","","","","",,"","","","","","","",,"","","","","",242602,1,"2024-05-16_18h50.00.923","experiment","2023.2.3","Win32",60.60606061,"64136cee580125262273f242","6644f019e4b599e96769a32b","6646472fbdc35bd9d6fb0e58","",,,"",,,"",,,"",,,"",,,"",,,"",,,,,"",,,"",,,,"",,,"","","",,,"","",,1,,,,"","","",,,,,,,2,,"",,,"",,,,,,,,,,,"","",,,,,,,"","",,,"s",0.2418,,"space",0.3367,,2,"pink_gnome",2,6,"dark_forest","yellow_basket","green_gnome",2,8,"bright_forest","red_basket",6,0,0,1,"pink_gnome","dark_forest","yellow_basket",753,4,-2,7,0,56,1,1,"",,,"",,,"",,,"",,,"",,,,,,,"","",,,"",,,"",,,"",,,,,,,"",,,"","",,,,,,,,"",,,,,,,"",,,"","","",,,,,,,,"",,,,,,,
"","","",,"","","","","","","",,"","","","","","","",,"","","","","","","",,"","","","","","","",,"","","","","","","",,"","","","","","","",,"","","","","","","",,"","","","","",242602,1,"2024-05-16_18h50.00.923","experiment","2023.2.3","Win32",60.60606061,"64136cee580125262273f242","6644f019e4b599e96769a32b","6646472fbdc35bd9d6fb0e58","",,,"",,,"",,,"",,,"",,,"",,,"",,,,,"",,,"",,,,"",,,"","","",,,"","",,1,,,,"","","",,,,,,,1,,"",,,"",,,,,,,,,,,"","",,,,,,,"","",,,"k",0.2422,,"space",0.875,,1,"brown_gnome",1,4,"dark_forest","yellow_basket","orange_gnome",1,6,"bright_forest","red_basket",6,0,0,1,"orange_gnome","bright_forest","red_basket",759,3,-3,7,1,57,0,1,"",,,"",,,"",,,"",,,"",,,,,,,"","",,,"",,,"",,,"",,,,,,,"",,,"","",,,,,,,,"",,,,,,,"",,,"","","",,,,,,,,"",,,,,,,
"","","",,"","","","","","","",,"","","","","","","",,"","","","","","","",,"","","","","","","",,"","","","","","","",,"","","","","","","",,"","","","","","","",,"","","","","",242602,1,"2024-05-16_18h50.00.923","experiment","2023.2.3","Win32",60.60606061,"64136cee580125262273f242","6644f019e4b599e96769a32b","6646472fbdc35bd9d6fb0e58","",,,"",,,"",,,"",,,"",,,"",,,"",,,,,"",,,"",,,,"",,,"","","",,,"","",,1,,,,"","","",,,,,,,2,,"",,,"",,,,,,,,,,,"","",,,,,,,"","",,,"s",0.3946,,"space",0.3709,,2,"green_gnome",2,9,"bright_forest","red_basket","pink_gnome",2,1,"dark_forest","yellow_basket",9,0,0,1,"green_gnome","bright_forest","red_basket",768,2,-1,7,2,58,1,1,"",,,"",,,"",,,"",,,"",,,,,,,"","",,,"",,,"",,,"",,,,,,,"",,,"","",,,,,,,,"",,,,,,,"",,,"","","",,,,,,,,"",,,,,,,
"","","",,"","","","","","","",,"","","","","","","",,"","","","","","","",,"","","","","","","",,"","","","","","","",,"","","","","","","",,"","","","","","","",,"","","","","",242602,1,"2024-05-16_18h50.00.923","experiment","2023.2.3","Win32",60.60606061,"64136cee580125262273f242","6644f019e4b599e96769a32b","6646472fbdc35bd9d6fb0e58","",,,"",,,"",,,"",,,"",,,"",,,"",,,,,"",,,"",,,,"",,,"","","",,,"","",,5,,,,"","","",,,,,,,3,,"",,,"",,,,,,,,,,,"","",,,,,,,"","",,,"k",0.6039,,"space",0.6735,,3,"yellow_gnome",3,0,"dark_forest","yellow_basket","red_gnome",3,7,"bright_forest","red_basket",35,0,0,1,"red_gnome","bright_forest","red_basket",803,2,-3,7,3,59,6,1,"",,,"",,,"",,,"",,,"",,,,,,,"","",,,"",,,"",,,"",,,,,,,"",,,"","",,,,,,,,"",,,,,,,"",,,"","","",,,,,,,,"",,,,,,,
"","","",,"","","","","","","",,"","","","","","","",,"","","","","","","",,"","","","","","","",,"","","","","","","",,"","","","","","","",,"","","","","","","",,"","","","","",242602,1,"2024-05-16_18h50.00.923","experiment","2023.2.3","Win32",60.60606061,"64136cee580125262273f242","6644f019e4b599e96769a32b","6646472fbdc35bd9d6fb0e58","",,,"",,,"",,,"",,,"",,,"",,,"",,,,,"",,,"",,,,"",,,"","","",,,"","",,1,,,,"","","",,,,,,,2,,"",,,"",,,,,,,,,,,"","",,,,,,,"","",,,"s",0.1582,,"space",0.686,,2,"pink_gnome",2,3,"dark_forest","yellow_basket","green_gnome",2,9,"bright_forest","red_basket",3,0,0,1,"pink_gnome","dark_forest","yellow_basket",806,4,-1,7,4,60,1,1,"",,,"",,,"",,,"",,,"",,,,,,,"","",,,"",,,"",,,"",,,,,,,"",,,"","",,,,,,,,"",,,,,,,"",,,"","","",,,,,,,,"",,,,,,,
"","","",,"","","","","","","",,"","","","","","","",,"","","","","","","",,"","","","","","","",,"","","","","","","",,"","","","","","","",,"","","","","","","",,"","","","","",242602,1,"2024-05-16_18h50.00.923","experiment","2023.2.3","Win32",60.60606061,"64136cee580125262273f242","6644f019e4b599e96769a32b","6646472fbdc35bd9d6fb0e58","",,,"",,,"",,,"",,,"",,,"",,,"",,,,,"",,,"",,,,"",,,"","","",,,"","",,5,,,,"","","",,,,,,,4,,"",,,"",,,,,,,,,,,"","",,,,,,,"","",,,"k",0.116,,"space",0.2189,,4,"purple_gnome",4,2,"dark_forest","yellow_basket","blue_gnome",4,5,"bright_forest","red_basket",25,0,0,1,"blue_gnome","bright_forest","red_basket",831,2,1,7,5,61,7,1,"",,,"",,,"",,,"",,,"",,,,,,,"","",,,"",,,"",,,"",,,,,,,"",,,"","",,,,,,,,"",,,,,,,"",,,"","","",,,,,,,,"",,,,,,,
"","","",,"","","","","","","",,"","","","","","","",,"","","","","","","",,"","","","","","","",,"","","","","","","",,"","","","","","","",,"","","","","","","",,"","","","","",242602,1,"2024-05-16_18h50.00.923","experiment","2023.2.3","Win32",60.60606061,"64136cee580125262273f242","6644f019e4b599e96769a32b","6646472fbdc35bd9d6fb0e58","",,,"",,,"",,,"",,,"",,,"",,,"",,,,,"",,,"",,,,"",,,"","","",,,"","",,5,,,,"","","",,,,,,,4,,"",,,"",,,,,,,,,,,"","",,,,,,,"","",,,"s",0.3798,,"space",0.3698,,4,"purple_gnome",4,3,"dark_forest","yellow_basket","blue_gnome",4,7,"bright_forest","red_basket",15,0,0,1,"purple_gnome","dark_forest","yellow_basket",846,-1,-1,7,6,62,7,1,"",,,"",,,"",,,"",,,"",,,,,,,"","",,,"",,,"",,,"",,,,,,,"",,,"","",,,,,,,,"",,,,,,,"",,,"","","",,,,,,,,"",,,,,,,
"","","",,"","","","","","","",,"","","","","","","",,"","","","","","","",,"","","","","","","",,"","","","","","","",,"","","","","","","",,"","","","","","","",,"","","","","",242602,1,"2024-05-16_18h50.00.923","experiment","2023.2.3","Win32",60.60606061,"64136cee580125262273f242","6644f019e4b599e96769a32b","6646472fbdc35bd9d6fb0e58","",,,"",,,"",,,"",,,"",,,"",,,"",,,,,"",,,"",,,,"",,,"","","",,,"","",,5,,,,"","","",,,,,,,2,,"",,,"",,,,,,,,,,,"","",,,,,,,"","",,,"k",0.866,,"space",1.2637,,2,"green_gnome",2,6,"bright_forest","red_basket","pink_gnome",2,2,"dark_forest","yellow_basket",10,0,0,1,"pink_gnome","dark_forest","yellow_basket",856,-1,-3,7,7,63,5,1,"space",5.5425,,"",,,"",,,"",,,"",,,,,,,"","",,,"",,,"",,,"",,,,,,,"",,,"","",,,,,,,,"",,,,,,,"",,,"","","",,,,,,,,"",,,,,,,
"","","",,"","","","","","","",,"","","","","","","",,"","","","","","","",,"","","","","","","",,"","","","","","","",,"","","","","","","",,"","","","","","","",,"","","","","",242602,1,"2024-05-16_18h50.00.923","experiment","2023.2.3","Win32",60.60606061,"64136cee580125262273f242","6644f019e4b599e96769a32b","6646472fbdc35bd9d6fb0e58","",,,"",,,"",,,"",,,"",,,"",,,"",,,,,"",,,"",,,,"",,,"","","",,,"","",,5,,,,"","","",,,,,,,3,,"",,,"",,,,,,,,,,,"","",,,,,,,"","",,,"k",0.2909,,"space",0.2943,,3,"yellow_gnome",3,1,"dark_forest","yellow_basket","red_gnome",3,5,"bright_forest","red_basket",25,0,0,1,"red_gnome","bright_forest","red_basket",881,1,3,8,0,64,6,1,"",,,"",,,"",,,"",,,"",,,,,,,"","",,,"",,,"",,,"",,,,,,,"",,,"","",,,,,,,,"",,,,,,,"",,,"","","",,,,,,,,"",,,,,,,
"","","",,"","","","","","","",,"","","","","","","",,"","","","","","","",,"","","","","","","",,"","","","","","","",,"","","","","","","",,"","","","","","","",,"","","","","",242602,1,"2024-05-16_18h50.00.923","experiment","2023.2.3","Win32",60.60606061,"64136cee580125262273f242","6644f019e4b599e96769a32b","6646472fbdc35bd9d6fb0e58","",,,"",,,"",,,"",,,"",,,"",,,"",,,,,"",,,"",,,,"",,,"","","",,,"","",,1,,,,"","","",,,,,,,3,,"",,,"",,,,,,,,,,,"","",,,,,,,"","",,,"s",0.243,,"space",0.1991,,3,"yellow_gnome",3,4,"dark_forest","yellow_basket","red_gnome",3,6,"bright_forest","red_basket",4,0,0,1,"yellow_gnome","dark_forest","yellow_basket",885,1,1,8,1,65,2,1,"",,,"",,,"",,,"",,,"",,,,,,,"","",,,"",,,"",,,"",,,,,,,"",,,"","",,,,,,,,"",,,,,,,"",,,"","","",,,,,,,,"",,,,,,,
"","","",,"","","","","","","",,"","","","","","","",,"","","","","","","",,"","","","","","","",,"","","","","","","",,"","","","","","","",,"","","","","","","",,"","","","","",242602,1,"2024-05-16_18h50.00.923","experiment","2023.2.3","Win32",60.60606061,"64136cee580125262273f242","6644f019e4b599e96769a32b","6646472fbdc35bd9d6fb0e58","",,,"",,,"",,,"",,,"",,,"",,,"",,,,,"",,,"",,,,"",,,"","","",,,"","",,1,,,,"","","",,,,,,,1,,"",,,"",,,,,,,,,,,"","",,,,,,,"","",,,"k",0.4875,,"",,,1,"orange_gnome",1,7,"bright_forest","red_basket","brown_gnome",1,5,"dark_forest","yellow_basket",0,0,1,0,"brown_gnome","dark_forest","yellow_basket",885,2,0,8,2,66,0,1,"",,,"",,,"",,,"",,,"",,,,,,,"","",,,"",,,"",,,"",,,,,,,"",,,"","",,,,,,,,"",,,,,,,"",,,"","","",,,,,,,,"",,,,,,,
"","","",,"","","","","","","",,"","","","","","","",,"","","","","","","",,"","","","","","","",,"","","","","","","",,"","","","","","","",,"","","","","","","",,"","","","","",242602,1,"2024-05-16_18h50.00.923","experiment","2023.2.3","Win32",60.60606061,"64136cee580125262273f242","6644f019e4b599e96769a32b","6646472fbdc35bd9d6fb0e58","",,,"",,,"",,,"",,,"",,,"",,,"",,,,,"",,,"",,,,"",,,"","","",,,"","",,1,,,,"","","",,,,,,,3,,"",,,"",,,,,,,,,,,"","",,,,,,,"","",,,"s",0.0477,,"space",0.1577,,3,"red_gnome",3,9,"bright_forest","red_basket","yellow_gnome",3,5,"dark_forest","yellow_basket",9,0,0,1,"red_gnome","bright_forest","red_basket",894,1,-1,8,3,67,2,1,"",,,"",,,"",,,"",,,"",,,,,,,"","",,,"",,,"",,,"",,,,,,,"",,,"","",,,,,,,,"",,,,,,,"",,,"","","",,,,,,,,"",,,,,,,
"","","",,"","","","","","","",,"","","","","","","",,"","","","","","","",,"","","","","","","",,"","","","","","","",,"","","","","","","",,"","","","","","","",,"","","","","",242602,1,"2024-05-16_18h50.00.923","experiment","2023.2.3","Win32",60.60606061,"64136cee580125262273f242","6644f019e4b599e96769a32b","6646472fbdc35bd9d6fb0e58","",,,"",,,"",,,"",,,"",,,"",,,"",,,,,"",,,"",,,,"",,,"","","",,,"","",,1,,,,"","","",,,,,,,1,,"",,,"",,,,,,,,,,,"","",,,,,,,"","",,,"k",0.1271,,"space",0.3544,,1,"orange_gnome",1,8,"bright_forest","red_basket","brown_gnome",1,4,"dark_forest","yellow_basket",4,0,0,1,"brown_gnome","dark_forest","yellow_basket",898,2,1,8,4,68,0,1,"",,,"",,,"",,,"",,,"",,,,,,,"","",,,"",,,"",,,"",,,,,,,"",,,"","",,,,,,,,"",,,,,,,"",,,"","","",,,,,,,,"",,,,,,,
"","","",,"","","","","","","",,"","","","","","","",,"","","","","","","",,"","","","","","","",,"","","","","","","",,"","","","","","","",,"","","","","","","",,"","","","","",242602,1,"2024-05-16_18h50.00.923","experiment","2023.2.3","Win32",60.60606061,"64136cee580125262273f242","6644f019e4b599e96769a32b","6646472fbdc35bd9d6fb0e58","",,,"",,,"",,,"",,,"",,,"",,,"",,,,,"",,,"",,,,"",,,"","","",,,"","",,1,,,,"","","",,,,,,,1,,"",,,"",,,,,,,,,,,"","",,,,,,,"","",,,"s",0.3464,,"space",0.2721,,1,"brown_gnome",1,5,"dark_forest","yellow_basket","orange_gnome",1,8,"bright_forest","red_basket",5,0,0,1,"brown_gnome","dark_forest","yellow_basket",903,4,-1,8,5,69,0,1,"",,,"",,,"",,,"",,,"",,,,,,,"","",,,"",,,"",,,"",,,,,,,"",,,"","",,,,,,,,"",,,,,,,"",,,"","","",,,,,,,,"",,,,,,,
"","","",,"","","","","","","",,"","","","","","","",,"","","","","","","",,"","","","","","","",,"","","","","","","",,"","","","","","","",,"","","","","","","",,"","","","","",242602,1,"2024-05-16_18h50.00.923","experiment","2023.2.3","Win32",60.60606061,"64136cee580125262273f242","6644f019e4b599e96769a32b","6646472fbdc35bd9d6fb0e58","",,,"",,,"",,,"",,,"",,,"",,,"",,,,,"",,,"",,,,"",,,"","","",,,"","",,5,,,,"","","",,,,,,,3,,"",,,"",,,,,,,,,,,"","",,,,,,,"","",,,"k",0.2777,,"space",0.1605,,3,"yellow_gnome",3,4,"dark_forest","yellow_basket","red_gnome",3,6,"bright_forest","red_basket",30,0,0,1,"red_gnome","bright_forest","red_basket",933,-3,1,8,6,70,6,1,"",,,"",,,"",,,"",,,"",,,,,,,"","",,,"",,,"",,,"",,,,,,,"",,,"","",,,,,,,,"",,,,,,,"",,,"","","",,,,,,,,"",,,,,,,
"","","",,"","","","","","","",,"","","","","","","",,"","","","","","","",,"","","","","","","",,"","","","","","","",,"","","","","","","",,"","","","","","","",,"","","","","",242602,1,"2024-05-16_18h50.00.923","experiment","2023.2.3","Win32",60.60606061,"64136cee580125262273f242","6644f019e4b599e96769a32b","6646472fbdc35bd9d6fb0e58","",,,"",,,"",,,"",,,"",,,"",,,"",,,,,"",,,"",,,,"",,,"","","",,,"","",,1,,,,"","","",,,,,,,2,,"",,,"",,,,,,,,,,,"","",,,,,,,"","",,,"k",0.3287,,"space",0.0343,,2,"green_gnome",2,3,"bright_forest","red_basket","pink_gnome",2,5,"dark_forest","yellow_basket",5,0,0,1,"pink_gnome","dark_forest","yellow_basket",938,2,3,8,7,71,1,1,"",,,"",,,"",,,"",,,"",,,,,,,"","",,,"",,,"",,,"",,,,,,,"",,,"","",,,,,,,,"",,,,,,,"",,,"","","",,,,,,,,"",,,,,,,
"","","",,"","","","","","","",,"","","","","","","",,"","","","","","","",,"","","","","","","",,"","","","","","","",,"","","","","","","",,"","","","","","","",,"","","","","",242602,1,"2024-05-16_18h50.00.923","experiment","2023.2.3","Win32",60.60606061,"64136cee580125262273f242","6644f019e4b599e96769a32b","6646472fbdc35bd9d6fb0e58","",,,"",,,"",,,"",,,"",,,"",,,"",,,,,"",,,"",,,,"",,,"","","",,,"","",,1,,,,"","","",,,,,,,2,,"",,,"",,,,,,,,,,,"","",,,,,,,"","",,,"s",0.3534,,"space",0.1236,,2,"green_gnome",2,5,"bright_forest","red_basket","pink_gnome",2,8,"dark_forest","yellow_basket",5,0,0,1,"green_gnome","bright_forest","red_basket",943,0,0,9,0,72,1,1,"",,,"",,,"",,,"",,,"",,,,,,,"","",,,"",,,"",,,"",,,,,,,"",,,"","",,,,,,,,"",,,,,,,"",,,"","","",,,,,,,,"",,,,,,,
"","","",,"","","","","","","",,"","","","","","","",,"","","","","","","",,"","","","","","","",,"","","","","","","",,"","","","","","","",,"","","","","","","",,"","","","","",242602,1,"2024-05-16_18h50.00.923","experiment","2023.2.3","Win32",60.60606061,"64136cee580125262273f242","6644f019e4b599e96769a32b","6646472fbdc35bd9d6fb0e58","",,,"",,,"",,,"",,,"",,,"",,,"",,,,,"",,,"",,,,"",,,"","","",,,"","",,5,,,,"","","",,,,,,,2,,"",,,"",,,,,,,,,,,"","",,,,,,,"","",,,"s",0.0543,,"space",0.2609,,2,"pink_gnome",2,8,"dark_forest","yellow_basket","green_gnome",2,5,"bright_forest","red_basket",40,0,0,1,"pink_gnome","dark_forest","yellow_basket",983,2,-2,9,1,73,5,1,"",,,"",,,"",,,"",,,"",,,,,,,"","",,,"",,,"",,,"",,,,,,,"",,,"","",,,,,,,,"",,,,,,,"",,,"","","",,,,,,,,"",,,,,,,
"","","",,"","","","","","","",,"","","","","","","",,"","","","","","","",,"","","","","","","",,"","","","","","","",,"","","","","","","",,"","","","","","","",,"","","","","",242602,1,"2024-05-16_18h50.00.923","experiment","2023.2.3","Win32",60.60606061,"64136cee580125262273f242","6644f019e4b599e96769a32b","6646472fbdc35bd9d6fb0e58","",,,"",,,"",,,"",,,"",,,"",,,"",,,,,"",,,"",,,,"",,,"","","",,,"","",,1,,,,"","","",,,,,,,2,,"",,,"",,,,,,,,,,,"","",,,,,,,"","",,,"k",0.0534,,"space",0.0577,,2,"pink_gnome",2,6,"dark_forest","yellow_basket","green_gnome",2,7,"bright_forest","red_basket",7,0,0,1,"green_gnome","bright_forest","red_basket",990,4,0,9,2,74,1,1,"",,,"",,,"",,,"",,,"",,,,,,,"","",,,"",,,"",,,"",,,,,,,"",,,"","",,,,,,,,"",,,,,,,"",,,"","","",,,,,,,,"",,,,,,,
"","","",,"","","","","","","",,"","","","","","","",,"","","","","","","",,"","","","","","","",,"","","","","","","",,"","","","","","","",,"","","","","","","",,"","","","","",242602,1,"2024-05-16_18h50.00.923","experiment","2023.2.3","Win32",60.60606061,"64136cee580125262273f242","6644f019e4b599e96769a32b","6646472fbdc35bd9d6fb0e58","",,,"",,,"",,,"",,,"",,,"",,,"",,,,,"",,,"",,,,"",,,"","","",,,"","",,5,,,,"","","",,,,,,,1,,"",,,"",,,,,,,,,,,"","",,,,,,,"","",,,"s",0.1391,,"space",0.1482,,1,"orange_gnome",1,7,"bright_forest","red_basket","brown_gnome",1,6,"dark_forest","yellow_basket",35,0,0,1,"orange_gnome","bright_forest","red_basket",1025,-3,1,9,3,75,4,1,"",,,"",,,"",,,"",,,"",,,,,,,"","",,,"",,,"",,,"",,,,,,,"",,,"","",,,,,,,,"",,,,,,,"",,,"","","",,,,,,,,"",,,,,,,
"","","",,"","","","","","","",,"","","","","","","",,"","","","","","","",,"","","","","","","",,"","","","","","","",,"","","","","","","",,"","","","","","","",,"","","","","",242602,1,"2024-05-16_18h50.00.923","experiment","2023.2.3","Win32",60.60606061,"64136cee580125262273f242","6644f019e4b599e96769a32b","6646472fbdc35bd9d6fb0e58","",,,"",,,"",,,"",,,"",,,"",,,"",,,,,"",,,"",,,,"",,,"","","",,,"","",,5,,,,"","","",,,,,,,3,,"",,,"",,,,,,,,,,,"","",,,,,,,"","",,,"k",0.1961,,"space",0.0436,,3,"red_gnome",3,4,"bright_forest","red_basket","yellow_gnome",3,7,"dark_forest","yellow_basket",35,0,0,1,"yellow_gnome","dark_forest","yellow_basket",1060,3,0,9,4,76,6,1,"",,,"",,,"",,,"",,,"",,,,,,,"","",,,"",,,"",,,"",,,,,,,"",,,"","",,,,,,,,"",,,,,,,"",,,"","","",,,,,,,,"",,,,,,,
"","","",,"","","","","","","",,"","","","","","","",,"","","","","","","",,"","","","","","","",,"","","","","","","",,"","","","","","","",,"","","","","","","",,"","","","","",242602,1,"2024-05-16_18h50.00.923","experiment","2023.2.3","Win32",60.60606061,"64136cee580125262273f242","6644f019e4b599e96769a32b","6646472fbdc35bd9d6fb0e58","",,,"",,,"",,,"",,,"",,,"",,,"",,,,,"",,,"",,,,"",,,"","","",,,"","",,5,,,,"","","",,,,,,,3,,"",,,"",,,,,,,,,,,"","",,,,,,,"","",,,"k",0.2713,,"space",0.2558,,3,"yellow_gnome",3,7,"dark_forest","yellow_basket","red_gnome",3,7,"bright_forest","red_basket",35,0,0,1,"red_gnome","bright_forest","red_basket",1095,1,2,9,5,77,6,1,"",,,"",,,"",,,"",,,"",,,,,,,"","",,,"",,,"",,,"",,,,,,,"",,,"","",,,,,,,,"",,,,,,,"",,,"","","",,,,,,,,"",,,,,,,
"","","",,"","","","","","","",,"","","","","","","",,"","","","","","","",,"","","","","","","",,"","","","","","","",,"","","","","","","",,"","","","","","","",,"","","","","",242602,1,"2024-05-16_18h50.00.923","experiment","2023.2.3","Win32",60.60606061,"64136cee580125262273f242","6644f019e4b599e96769a32b","6646472fbdc35bd9d6fb0e58","",,,"",,,"",,,"",,,"",,,"",,,"",,,,,"",,,"",,,,"",,,"","","",,,"","",,5,,,,"","","",,,,,,,4,,"",,,"",,,,,,,,,,,"","",,,,,,,"","",,,"s",0.0488,,"space",0.2906,,4,"blue_gnome",4,8,"bright_forest","red_basket","purple_gnome",4,9,"dark_forest","yellow_basket",40,0,0,1,"blue_gnome","bright_forest","red_basket",1135,0,2,9,6,78,7,1,"",,,"",,,"",,,"",,,"",,,,,,,"","",,,"",,,"",,,"",,,,,,,"",,,"","",,,,,,,,"",,,,,,,"",,,"","","",,,,,,,,"",,,,,,,
"","","",,"","","","","","","",,"","","","","","","",,"","","","","","","",,"","","","","","","",,"","","","","","","",,"","","","","","","",,"","","","","","","",,"","","","","",242602,1,"2024-05-16_18h50.00.923","experiment","2023.2.3","Win32",60.60606061,"64136cee580125262273f242","6644f019e4b599e96769a32b","6646472fbdc35bd9d6fb0e58","",,,"",,,"",,,"",,,"",,,"",,,"",,,,,"",,,"",,,,"",,,"","","",,,"","",,1,,,,"","","",,,,,,,3,,"",,,"",,,,,,,,,,,"","",,,,,,,"","",,,"s",0.6594,,"space",0.9938,,3,"red_gnome",3,8,"bright_forest","red_basket","yellow_gnome",3,7,"dark_forest","yellow_basket",8,0,0,1,"red_gnome","bright_forest","red_basket",1143,-3,-1,9,7,79,2,1,"",,,"",,,"",,,"",,,"",,,,,,,"","",,,"",,,"",,,"",,,,,,,"",,,"","",,,,,,,,"",,,,,,,"",,,"","","",,,,,,,,"",,,,,,,
"","","",,"","","","","","","",,"","","","","","","",,"","","","","","","",,"","","","","","","",,"","","","","","","",,"","","","","","","",,"","","","","","","",,"","","","","",242602,1,"2024-05-16_18h50.00.923","experiment","2023.2.3","Win32",60.60606061,"64136cee580125262273f242","6644f019e4b599e96769a32b","6646472fbdc35bd9d6fb0e58","",,,"",,,"",,,"",,,"",,,"",,,"",,,,,"",,,"",,,,"",,,"","","",,,"","",,1,,,,"","","",,,,,,,2,,"",,,"",,,,,,,,,,,"","",,,,,,,"","",,,"k",0.3277,,"space",0.3364,,2,"pink_gnome",2,6,"dark_forest","yellow_basket","green_gnome",2,5,"bright_forest","red_basket",5,0,0,1,"green_gnome","bright_forest","red_basket",1148,-2,0,10,0,80,1,1,"",,,"",,,"",,,"",,,"",,,,,,,"","",,,"",,,"",,,"",,,,,,,"",,,"","",,,,,,,,"",,,,,,,"",,,"","","",,,,,,,,"",,,,,,,
"","","",,"","","","","","","",,"","","","","","","",,"","","","","","","",,"","","","","","","",,"","","","","","","",,"","","","","","","",,"","","","","","","",,"","","","","",242602,1,"2024-05-16_18h50.00.923","experiment","2023.2.3","Win32",60.60606061,"64136cee580125262273f242","6644f019e4b599e96769a32b","6646472fbdc35bd9d6fb0e58","",,,"",,,"",,,"",,,"",,,"",,,"",,,,,"",,,"",,,,"",,,"","","",,,"","",,1,,,,"","","",,,,,,,1,,"",,,"",,,,,,,,,,,"","",,,,,,,"","",,,"s",0.079,,"space",0.2883,,1,"brown_gnome",1,6,"dark_forest","yellow_basket","orange_gnome",1,3,"bright_forest","red_basket",6,0,0,1,"brown_gnome","dark_forest","yellow_basket",1154,1,0,10,1,81,0,1,"",,,"",,,"",,,"",,,"",,,,,,,"","",,,"",,,"",,,"",,,,,,,"",,,"","",,,,,,,,"",,,,,,,"",,,"","","",,,,,,,,"",,,,,,,
"","","",,"","","","","","","",,"","","","","","","",,"","","","","","","",,"","","","","","","",,"","","","","","","",,"","","","","","","",,"","","","","","","",,"","","","","",242602,1,"2024-05-16_18h50.00.923","experiment","2023.2.3","Win32",60.60606061,"64136cee580125262273f242","6644f019e4b599e96769a32b","6646472fbdc35bd9d6fb0e58","",,,"",,,"",,,"",,,"",,,"",,,"",,,,,"",,,"",,,,"",,,"","","",,,"","",,5,,,,"","","",,,,,,,4,,"",,,"",,,,,,,,,,,"","",,,,,,,"","",,,"k",0.0471,,"space",0.4135,,4,"purple_gnome",4,6,"dark_forest","yellow_basket","blue_gnome",4,4,"bright_forest","red_basket",20,0,0,1,"blue_gnome","bright_forest","red_basket",1174,-2,2,10,2,82,7,1,"",,,"",,,"",,,"",,,"",,,,,,,"","",,,"",,,"",,,"",,,,,,,"",,,"","",,,,,,,,"",,,,,,,"",,,"","","",,,,,,,,"",,,,,,,
"","","",,"","","","","","","",,"","","","","","","",,"","","","","","","",,"","","","","","","",,"","","","","","","",,"","","","","","","",,"","","","","","","",,"","","","","",242602,1,"2024-05-16_18h50.00.923","experiment","2023.2.3","Win32",60.60606061,"64136cee580125262273f242","6644f019e4b599e96769a32b","6646472fbdc35bd9d6fb0e58","",,,"",,,"",,,"",,,"",,,"",,,"",,,,,"",,,"",,,,"",,,"","","",,,"","",,5,,,,"","","",,,,,,,3,,"",,,"",,,,,,,,,,,"","",,,,,,,"","",,,"s",0.3215,,"space",0.2301,,3,"yellow_gnome",3,8,"dark_forest","yellow_basket","red_gnome",3,2,"bright_forest","red_basket",40,0,0,1,"yellow_gnome","dark_forest","yellow_basket",1214,-2,-5,10,3,83,6,1,"",,,"",,,"",,,"",,,"",,,,,,,"","",,,"",,,"",,,"",,,,,,,"",,,"","",,,,,,,,"",,,,,,,"",,,"","","",,,,,,,,"",,,,,,,
"","","",,"","","","","","","",,"","","","","","","",,"","","","","","","",,"","","","","","","",,"","","","","","","",,"","","","","","","",,"","","","","","","",,"","","","","",242602,1,"2024-05-16_18h50.00.923","experiment","2023.2.3","Win32",60.60606061,"64136cee580125262273f242","6644f019e4b599e96769a32b","6646472fbdc35bd9d6fb0e58","",,,"",,,"",,,"",,,"",,,"",,,"",,,,,"",,,"",,,,"",,,"","","",,,"","",,5,,,,"","","",,,,,,,2,,"",,,"",,,,,,,,,,,"","",,,,,,,"","",,,"k",0.2366,,"space",0.2933,,2,"pink_gnome",2,3,"dark_forest","yellow_basket","green_gnome",2,0,"bright_forest","red_basket",0,0,0,1,"green_gnome","bright_forest","red_basket",1214,2,1,10,4,84,5,1,"",,,"",,,"",,,"",,,"",,,,,,,"","",,,"",,,"",,,"",,,,,,,"",,,"","",,,,,,,,"",,,,,,,"",,,"","","",,,,,,,,"",,,,,,,
"","","",,"","","","","","","",,"","","","","","","",,"","","","","","","",,"","","","","","","",,"","","","","","","",,"","","","","","","",,"","","","","","","",,"","","","","",242602,1,"2024-05-16_18h50.00.923","experiment","2023.2.3","Win32",60.60606061,"64136cee580125262273f242","6644f019e4b599e96769a32b","6646472fbdc35bd9d6fb0e58","",,,"",,,"",,,"",,,"",,,"",,,"",,,,,"",,,"",,,,"",,,"","","",,,"","",,5,,,,"","","",,,,,,,2,,"",,,"",,,,,,,,,,,"","",,,,,,,"","",,,"s",0.3916,,"space",0.2719,,2,"pink_gnome",2,4,"dark_forest","yellow_basket","green_gnome",2,2,"bright_forest","red_basket",20,0,0,1,"pink_gnome","dark_forest","yellow_basket",1234,3,2,10,5,85,5,1,"",,,"",,,"",,,"",,,"",,,,,,,"","",,,"",,,"",,,"",,,,,,,"",,,"","",,,,,,,,"",,,,,,,"",,,"","","",,,,,,,,"",,,,,,,
"","","",,"","","","","","","",,"","","","","","","",,"","","","","","","",,"","","","","","","",,"","","","","","","",,"","","","","","","",,"","","","","","","",,"","","","","",242602,1,"2024-05-16_18h50.00.923","experiment","2023.2.3","Win32",60.60606061,"64136cee580125262273f242","6644f019e4b599e96769a32b","6646472fbdc35bd9d6fb0e58","",,,"",,,"",,,"",,,"",,,"",,,"",,,,,"",,,"",,,,"",,,"","","",,,"","",,5,,,,"","","",,,,,,,1,,"",,,"",,,,,,,,,,,"","",,,,,,,"","",,,"k",0.0883,,"space",0.1851,,1,"brown_gnome",1,6,"dark_forest","yellow_basket","orange_gnome",1,5,"bright_forest","red_basket",25,0,0,1,"orange_gnome","bright_forest","red_basket",1259,2,1,10,6,86,4,1,"",,,"",,,"",,,"",,,"",,,,,,,"","",,,"",,,"",,,"",,,,,,,"",,,"","",,,,,,,,"",,,,,,,"",,,"","","",,,,,,,,"",,,,,,,
"","","",,"","","","","","","",,"","","","","","","",,"","","","","","","",,"","","","","","","",,"","","","","","","",,"","","","","","","",,"","","","","","","",,"","","","","",242602,1,"2024-05-16_18h50.00.923","experiment","2023.2.3","Win32",60.60606061,"64136cee580125262273f242","6644f019e4b599e96769a32b","6646472fbdc35bd9d6fb0e58","",,,"",,,"",,,"",,,"",,,"",,,"",,,,,"",,,"",,,,"",,,"","","",,,"","",,1,,,,"","","",,,,,,,4,,"",,,"",,,,,,,,,,,"","",,,,,,,"","",,,"s",0.4279,,"space",0.0902,,4,"blue_gnome",4,7,"bright_forest","red_basket","purple_gnome",4,7,"dark_forest","yellow_basket",7,0,0,1,"blue_gnome","bright_forest","red_basket",1266,-5,3,10,7,87,3,1,"",,,"",,,"",,,"",,,"",,,,,,,"","",,,"",,,"",,,"",,,,,,,"",,,"","",,,,,,,,"",,,,,,,"",,,"","","",,,,,,,,"",,,,,,,
"","","",,"","","","","","","",,"","","","","","","",,"","","","","","","",,"","","","","","","",,"","","","","","","",,"","","","","","","",,"","","","","","","",,"","","","","",242602,1,"2024-05-16_18h50.00.923","experiment","2023.2.3","Win32",60.60606061,"64136cee580125262273f242","6644f019e4b599e96769a32b","6646472fbdc35bd9d6fb0e58","",,,"",,,"",,,"",,,"",,,"",,,"",,,,,"",,,"",,,,"",,,"","","",,,"","",,1,,,,"","","",,,,,,,4,,"",,,"",,,,,,,,,,,"","",,,,,,,"","",,,"k",0.9816,,"space",0.3857,,4,"blue_gnome",4,2,"bright_forest","red_basket","purple_gnome",4,8,"dark_forest","yellow_basket",8,0,0,1,"purple_gnome","dark_forest","yellow_basket",1274,1,4,11,0,88,3,1,"",,,"",,,"",,,"",,,"",,,,,,,"","",,,"",,,"",,,"",,,,,,,"",,,"","",,,,,,,,"",,,,,,,"",,,"","","",,,,,,,,"",,,,,,,
"","","",,"","","","","","","",,"","","","","","","",,"","","","","","","",,"","","","","","","",,"","","","","","","",,"","","","","","","",,"","","","","","","",,"","","","","",242602,1,"2024-05-16_18h50.00.923","experiment","2023.2.3","Win32",60.60606061,"64136cee580125262273f242","6644f019e4b599e96769a32b","6646472fbdc35bd9d6fb0e58","",,,"",,,"",,,"",,,"",,,"",,,"",,,,,"",,,"",,,,"",,,"","","",,,"","",,5,,,,"","","",,,,,,,3,,"",,,"",,,,,,,,,,,"","",,,,,,,"","",,,"s",0.6212,,"space",0.6089,,3,"yellow_gnome",3,6,"dark_forest","yellow_basket","red_gnome",3,3,"bright_forest","red_basket",30,0,0,1,"yellow_gnome","dark_forest","yellow_basket",1304,0,0,11,1,89,6,1,"",,,"",,,"",,,"",,,"",,,,,,,"","",,,"",,,"",,,"",,,,,,,"",,,"","",,,,,,,,"",,,,,,,"",,,"","","",,,,,,,,"",,,,,,,
"","","",,"","","","","","","",,"","","","","","","",,"","","","","","","",,"","","","","","","",,"","","","","","","",,"","","","","","","",,"","","","","","","",,"","","","","",242602,1,"2024-05-16_18h50.00.923","experiment","2023.2.3","Win32",60.60606061,"64136cee580125262273f242","6644f019e4b599e96769a32b","6646472fbdc35bd9d6fb0e58","",,,"",,,"",,,"",,,"",,,"",,,"",,,,,"",,,"",,,,"",,,"","","",,,"","",,5,,,,"","","",,,,,,,1,,"",,,"",,,,,,,,,,,"","",,,,,,,"","",,,"k",0.127,,"space",0.1989,,1,"orange_gnome",1,3,"bright_forest","red_basket","brown_gnome",1,6,"dark_forest","yellow_basket",30,0,0,1,"brown_gnome","dark_forest","yellow_basket",1334,-1,-1,11,2,90,4,1,"",,,"",,,"",,,"",,,"",,,,,,,"","",,,"",,,"",,,"",,,,,,,"",,,"","",,,,,,,,"",,,,,,,"",,,"","","",,,,,,,,"",,,,,,,
"","","",,"","","","","","","",,"","","","","","","",,"","","","","","","",,"","","","","","","",,"","","","","","","",,"","","","","","","",,"","","","","","","",,"","","","","",242602,1,"2024-05-16_18h50.00.923","experiment","2023.2.3","Win32",60.60606061,"64136cee580125262273f242","6644f019e4b599e96769a32b","6646472fbdc35bd9d6fb0e58","",,,"",,,"",,,"",,,"",,,"",,,"",,,,,"",,,"",,,,"",,,"","","",,,"","",,5,,,,"","","",,,,,,,3,,"",,,"",,,,,,,,,,,"","",,,,,,,"","",,,"k",0.2481,,"space",0.9282,,3,"yellow_gnome",3,5,"dark_forest","yellow_basket","red_gnome",3,2,"bright_forest","red_basket",10,0,0,1,"red_gnome","bright_forest","red_basket",1344,2,-5,11,3,91,6,1,"",,,"",,,"",,,"",,,"",,,,,,,"","",,,"",,,"",,,"",,,,,,,"",,,"","",,,,,,,,"",,,,,,,"",,,"","","",,,,,,,,"",,,,,,,
"","","",,"","","","","","","",,"","","","","","","",,"","","","","","","",,"","","","","","","",,"","","","","","","",,"","","","","","","",,"","","","","","","",,"","","","","",242602,1,"2024-05-16_18h50.00.923","experiment","2023.2.3","Win32",60.60606061,"64136cee580125262273f242","6644f019e4b599e96769a32b","6646472fbdc35bd9d6fb0e58","",,,"",,,"",,,"",,,"",,,"",,,"",,,,,"",,,"",,,,"",,,"","","",,,"","",,5,,,,"","","",,,,,,,1,,"",,,"",,,,,,,,,,,"","",,,,,,,"","",,,"s",0.3614,,"space",0.5324,,1,"brown_gnome",1,0,"dark_forest","yellow_basket","orange_gnome",1,4,"bright_forest","red_basket",0,0,0,1,"brown_gnome","dark_forest","yellow_basket",1344,0,1,11,4,92,4,1,"",,,"",,,"",,,"",,,"",,,,,,,"","",,,"",,,"",,,"",,,,,,,"",,,"","",,,,,,,,"",,,,,,,"",,,"","","",,,,,,,,"",,,,,,,
"","","",,"","","","","","","",,"","","","","","","",,"","","","","","","",,"","","","","","","",,"","","","","","","",,"","","","","","","",,"","","","","","","",,"","","","","",242602,1,"2024-05-16_18h50.00.923","experiment","2023.2.3","Win32",60.60606061,"64136cee580125262273f242","6644f019e4b599e96769a32b","6646472fbdc35bd9d6fb0e58","",,,"",,,"",,,"",,,"",,,"",,,"",,,,,"",,,"",,,,"",,,"","","",,,"","",,1,,,,"","","",,,,,,,4,,"",,,"",,,,,,,,,,,"","",,,,,,,"","",,,"k",0.4439,,"space",0.5291,,4,"blue_gnome",4,4,"bright_forest","red_basket","purple_gnome",4,1,"dark_forest","yellow_basket",1,0,0,1,"purple_gnome","dark_forest","yellow_basket",1345,-2,0,11,5,93,3,1,"",,,"",,,"",,,"",,,"",,,,,,,"","",,,"",,,"",,,"",,,,,,,"",,,"","",,,,,,,,"",,,,,,,"",,,"","","",,,,,,,,"",,,,,,,
"","","",,"","","","","","","",,"","","","","","","",,"","","","","","","",,"","","","","","","",,"","","","","","","",,"","","","","","","",,"","","","","","","",,"","","","","",242602,1,"2024-05-16_18h50.00.923","experiment","2023.2.3","Win32",60.60606061,"64136cee580125262273f242","6644f019e4b599e96769a32b","6646472fbdc35bd9d6fb0e58","",,,"",,,"",,,"",,,"",,,"",,,"",,,,,"",,,"",,,,"",,,"","","",,,"","",,5,,,,"","","",,,,,,,1,,"",,,"",,,,,,,,,,,"","",,,,,,,"","",,,"s",0.4618,,"space",0.4968,,1,"brown_gnome",1,1,"dark_forest","yellow_basket","orange_gnome",1,2,"bright_forest","red_basket",5,0,0,1,"brown_gnome","dark_forest","yellow_basket",1350,-1,-2,11,6,94,4,1,"",,,"",,,"",,,"",,,"",,,,,,,"","",,,"",,,"",,,"",,,,,,,"",,,"","",,,,,,,,"",,,,,,,"",,,"","","",,,,,,,,"",,,,,,,
"","","",,"","","","","","","",,"","","","","","","",,"","","","","","","",,"","","","","","","",,"","","","","","","",,"","","","","","","",,"","","","","","","",,"","","","","",242602,1,"2024-05-16_18h50.00.923","experiment","2023.2.3","Win32",60.60606061,"64136cee580125262273f242","6644f019e4b599e96769a32b","6646472fbdc35bd9d6fb0e58","",,,"",,,"",,,"",,,"",,,"",,,"",,,,,"",,,"",,,,"",,,"","","",,,"","",,1,,,,"","","",,,,,,,3,,"",,,"",,,,,,,,,,,"","",,,,,,,"","",,,"k",0.2779,,"space",0.161,,3,"red_gnome",3,1,"bright_forest","red_basket","yellow_gnome",3,1,"dark_forest","yellow_basket",1,0,0,1,"yellow_gnome","dark_forest","yellow_basket",1351,0,-2,11,7,95,2,1,"",,,"",,,"",,,"",,,"",,,,,,,"","",,,"",,,"",,,"",,,,,,,"",,,"","",,,,,,,,"",,,,,,,"",,,"","","",,,,,,,,"",,,,,,,
"","","",,"","","","","","","",,"","","","","","","",,"","","","","","","",,"","","","","","","",,"","","","","","","",,"","","","","","","",,"","","","","","","",,"","","","","",242602,1,"2024-05-16_18h50.00.923","experiment","2023.2.3","Win32",60.60606061,"64136cee580125262273f242","6644f019e4b599e96769a32b","6646472fbdc35bd9d6fb0e58","",,,"",,,"",,,"",,,"",,,"",,,"",,,,,"",,,"",,,,"",,,"","","",,,"","",,1,,,,"","","",,,,,,,4,,"",,,"",,,,,,,,,,,"","",,,,,,,"","",,,"s",0.9212,,"space",0.519,,4,"purple_gnome",4,1,"dark_forest","yellow_basket","blue_gnome",4,1,"bright_forest","red_basket",1,0,0,1,"purple_gnome","dark_forest","yellow_basket",1352,1,1,12,0,96,3,1,"",,,"",,,"",,,"",,,"",,,,,,,"","",,,"",,,"",,,"",,,,,,,"",,,"","",,,,,,,,"",,,,,,,"",,,"","","",,,,,,,,"",,,,,,,
"","","",,"","","","","","","",,"","","","","","","",,"","","","","","","",,"","","","","","","",,"","","","","","","",,"","","","","","","",,"","","","","","","",,"","","","","",242602,1,"2024-05-16_18h50.00.923","experiment","2023.2.3","Win32",60.60606061,"64136cee580125262273f242","6644f019e4b599e96769a32b","6646472fbdc35bd9d6fb0e58","",,,"",,,"",,,"",,,"",,,"",,,"",,,,,"",,,"",,,,"",,,"","","",,,"","",,1,,,,"","","",,,,,,,4,,"",,,"",,,,,,,,,,,"","",,,,,,,"","",,,"s",0.129,,"space",0.3056,,4,"blue_gnome",4,2,"bright_forest","red_basket","purple_gnome",4,2,"dark_forest","yellow_basket",2,0,0,1,"blue_gnome","bright_forest","red_basket",1354,5,-1,12,1,97,3,1,"",,,"",,,"",,,"",,,"",,,,,,,"","",,,"",,,"",,,"",,,,,,,"",,,"","",,,,,,,,"",,,,,,,"",,,"","","",,,,,,,,"",,,,,,,
"","","",,"","","","","","","",,"","","","","","","",,"","","","","","","",,"","","","","","","",,"","","","","","","",,"","","","","","","",,"","","","","","","",,"","","","","",242602,1,"2024-05-16_18h50.00.923","experiment","2023.2.3","Win32",60.60606061,"64136cee580125262273f242","6644f019e4b599e96769a32b","6646472fbdc35bd9d6fb0e58","",,,"",,,"",,,"",,,"",,,"",,,"",,,,,"",,,"",,,,"",,,"","","",,,"","",,5,,,,"","","",,,,,,,2,,"",,,"",,,,,,,,,,,"","",,,,,,,"","",,,"k",0.1916,,"space",0.3566,,2,"green_gnome",2,7,"bright_forest","red_basket","pink_gnome",2,1,"dark_forest","yellow_basket",5,0,0,1,"pink_gnome","dark_forest","yellow_basket",1359,-4,4,12,2,98,5,1,"",,,"",,,"",,,"",,,"",,,,,,,"","",,,"",,,"",,,"",,,,,,,"",,,"","",,,,,,,,"",,,,,,,"",,,"","","",,,,,,,,"",,,,,,,
"","","",,"","","","","","","",,"","","","","","","",,"","","","","","","",,"","","","","","","",,"","","","","","","",,"","","","","","","",,"","","","","","","",,"","","","","",242602,1,"2024-05-16_18h50.00.923","experiment","2023.2.3","Win32",60.60606061,"64136cee580125262273f242","6644f019e4b599e96769a32b","6646472fbdc35bd9d6fb0e58","",,,"",,,"",,,"",,,"",,,"",,,"",,,,,"",,,"",,,,"",,,"","","",,,"","",,5,,,,"","","",,,,,,,1,,"",,,"",,,,,,,,,,,"","",,,,,,,"","",,,"s",0.1661,,"space",0.2369,,1,"orange_gnome",1,3,"bright_forest","red_basket","brown_gnome",1,5,"dark_forest","yellow_basket",15,0,0,1,"orange_gnome","bright_forest","red_basket",1374,0,-2,12,3,99,4,1,"",,,"",,,"",,,"",,,"",,,,,,,"","",,,"",,,"",,,"",,,,,,,"",,,"","",,,,,,,,"",,,,,,,"",,,"","","",,,,,,,,"",,,,,,,
"","","",,"","","","","","","",,"","","","","","","",,"","","","","","","",,"","","","","","","",,"","","","","","","",,"","","","","","","",,"","","","","","","",,"","","","","",242602,1,"2024-05-16_18h50.00.923","experiment","2023.2.3","Win32",60.60606061,"64136cee580125262273f242","6644f019e4b599e96769a32b","6646472fbdc35bd9d6fb0e58","",,,"",,,"",,,"",,,"",,,"",,,"",,,,,"",,,"",,,,"",,,"","","",,,"","",,1,,,,"","","",,,,,,,3,,"",,,"",,,,,,,,,,,"","",,,,,,,"","",,,"k",0.1364,,"space",0.2028,,3,"red_gnome",3,3,"bright_forest","red_basket","yellow_gnome",3,3,"dark_forest","yellow_basket",3,0,0,1,"yellow_gnome","dark_forest","yellow_basket",1377,5,1,12,4,100,2,1,"",,,"",,,"",,,"",,,"",,,,,,,"","",,,"",,,"",,,"",,,,,,,"",,,"","",,,,,,,,"",,,,,,,"",,,"","","",,,,,,,,"",,,,,,,
"","","",,"","","","","","","",,"","","","","","","",,"","","","","","","",,"","","","","","","",,"","","","","","","",,"","","","","","","",,"","","","","","","",,"","","","","",242602,1,"2024-05-16_18h50.00.923","experiment","2023.2.3","Win32",60.60606061,"64136cee580125262273f242","6644f019e4b599e96769a32b","6646472fbdc35bd9d6fb0e58","",,,"",,,"",,,"",,,"",,,"",,,"",,,,,"",,,"",,,,"",,,"","","",,,"","",,5,,,,"","","",,,,,,,4,,"",,,"",,,,,,,,,,,"","",,,,,,,"","",,,"s",0.4702,,"space",0.5625,,4,"blue_gnome",4,8,"bright_forest","red_basket","purple_gnome",4,4,"dark_forest","yellow_basket",40,0,0,1,"blue_gnome","bright_forest","red_basket",1417,-3,2,12,5,101,7,1,"",,,"",,,"",,,"",,,"",,,,,,,"","",,,"",,,"",,,"",,,,,,,"",,,"","",,,,,,,,"",,,,,,,"",,,"","","",,,,,,,,"",,,,,,,
"","","",,"","","","","","","",,"","","","","","","",,"","","","","","","",,"","","","","","","",,"","","","","","","",,"","","","","","","",,"","","","","","","",,"","","","","",242602,1,"2024-05-16_18h50.00.923","experiment","2023.2.3","Win32",60.60606061,"64136cee580125262273f242","6644f019e4b599e96769a32b","6646472fbdc35bd9d6fb0e58","",,,"",,,"",,,"",,,"",,,"",,,"",,,,,"",,,"",,,,"",,,"","","",,,"","",,1,,,,"","","",,,,,,,1,,"",,,"",,,,,,,,,,,"","",,,,,,,"","",,,"k",0.3134,,"space",0.322,,1,"orange_gnome",1,5,"bright_forest","red_basket","brown_gnome",1,6,"dark_forest","yellow_basket",6,0,0,1,"brown_gnome","dark_forest","yellow_basket",1423,0,-1,12,6,102,0,1,"",,,"",,,"",,,"",,,"",,,,,,,"","",,,"",,,"",,,"",,,,,,,"",,,"","",,,,,,,,"",,,,,,,"",,,"","","",,,,,,,,"",,,,,,,
"","","",,"","","","","","","",,"","","","","","","",,"","","","","","","",,"","","","","","","",,"","","","","","","",,"","","","","","","",,"","","","","","","",,"","","","","",242602,1,"2024-05-16_18h50.00.923","experiment","2023.2.3","Win32",60.60606061,"64136cee580125262273f242","6644f019e4b599e96769a32b","6646472fbdc35bd9d6fb0e58","",,,"",,,"",,,"",,,"",,,"",,,"",,,,,"",,,"",,,,"",,,"","","",,,"","",,5,,,,"","","",,,,,,,2,,"",,,"",,,,,,,,,,,"","",,,,,,,"","",,,"s",0.2744,,"space",0.2766,,2,"green_gnome",2,5,"bright_forest","red_basket","pink_gnome",2,5,"dark_forest","yellow_basket",25,0,0,1,"green_gnome","bright_forest","red_basket",1448,2,-2,12,7,103,5,1,"",,,"",,,"",,,"",,,"",,,,,,,"","",,,"",,,"",,,"",,,,,,,"",,,"","",,,,,,,,"",,,,,,,"",,,"","","",,,,,,,,"",,,,,,,
"","","",,"","","","","","","",,"","","","","","","",,"","","","","","","",,"","","","","","","",,"","","","","","","",,"","","","","","","",,"","","","","","","",,"","","","","",242602,1,"2024-05-16_18h50.00.923","experiment","2023.2.3","Win32",60.60606061,"64136cee580125262273f242","6644f019e4b599e96769a32b","6646472fbdc35bd9d6fb0e58","",,,"",,,"",,,"",,,"",,,"",,,"",,,,,"",,,"",,,,"",,,"","","",,,"","",,1,,,,"","","",,,,,,,4,,"",,,"",,,,,,,,,,,"","",,,,,,,"","",,,"s",0.103,,"space",0.2956,,4,"blue_gnome",4,7,"bright_forest","red_basket","purple_gnome",4,3,"dark_forest","yellow_basket",7,0,0,1,"blue_gnome","bright_forest","red_basket",1455,0,0,13,0,104,3,1,"",,,"",,,"",,,"",,,"",,,,,,,"","",,,"",,,"",,,"",,,,,,,"",,,"","",,,,,,,,"",,,,,,,"",,,"","","",,,,,,,,"",,,,,,,
"","","",,"","","","","","","",,"","","","","","","",,"","","","","","","",,"","","","","","","",,"","","","","","","",,"","","","","","","",,"","","","","","","",,"","","","","",242602,1,"2024-05-16_18h50.00.923","experiment","2023.2.3","Win32",60.60606061,"64136cee580125262273f242","6644f019e4b599e96769a32b","6646472fbdc35bd9d6fb0e58","",,,"",,,"",,,"",,,"",,,"",,,"",,,,,"",,,"",,,,"",,,"","","",,,"","",,1,,,,"","","",,,,,,,3,,"",,,"",,,,,,,,,,,"","",,,,,,,"","",,,"k",0.1134,,"space",0.3456,,3,"yellow_gnome",3,3,"dark_forest","yellow_basket","red_gnome",3,7,"bright_forest","red_basket",7,0,0,1,"red_gnome","bright_forest","red_basket",1462,-1,-2,13,1,105,2,1,"",,,"",,,"",,,"",,,"",,,,,,,"","",,,"",,,"",,,"",,,,,,,"",,,"","",,,,,,,,"",,,,,,,"",,,"","","",,,,,,,,"",,,,,,,
"","","",,"","","","","","","",,"","","","","","","",,"","","","","","","",,"","","","","","","",,"","","","","","","",,"","","","","","","",,"","","","","","","",,"","","","","",242602,1,"2024-05-16_18h50.00.923","experiment","2023.2.3","Win32",60.60606061,"64136cee580125262273f242","6644f019e4b599e96769a32b","6646472fbdc35bd9d6fb0e58","",,,"",,,"",,,"",,,"",,,"",,,"",,,,,"",,,"",,,,"",,,"","","",,,"","",,1,,,,"","","",,,,,,,1,,"",,,"",,,,,,,,,,,"","",,,,,,,"","",,,"s",0.1534,,"space",0.2457,,1,"brown_gnome",1,1,"dark_forest","yellow_basket","orange_gnome",1,6,"bright_forest","red_basket",1,0,0,1,"brown_gnome","dark_forest","yellow_basket",1463,0,0,13,2,106,0,1,"",,,"",,,"",,,"",,,"",,,,,,,"","",,,"",,,"",,,"",,,,,,,"",,,"","",,,,,,,,"",,,,,,,"",,,"","","",,,,,,,,"",,,,,,,
"","","",,"","","","","","","",,"","","","","","","",,"","","","","","","",,"","","","","","","",,"","","","","","","",,"","","","","","","",,"","","","","","","",,"","","","","",242602,1,"2024-05-16_18h50.00.923","experiment","2023.2.3","Win32",60.60606061,"64136cee580125262273f242","6644f019e4b599e96769a32b","6646472fbdc35bd9d6fb0e58","",,,"",,,"",,,"",,,"",,,"",,,"",,,,,"",,,"",,,,"",,,"","","",,,"","",,1,,,,"","","",,,,,,,3,,"",,,"",,,,,,,,,,,"","",,,,,,,"","",,,"k",0.053,,"space",0.2971,,3,"red_gnome",3,6,"bright_forest","red_basket","yellow_gnome",3,1,"dark_forest","yellow_basket",1,0,0,1,"yellow_gnome","dark_forest","yellow_basket",1464,2,-1,13,3,107,2,1,"",,,"",,,"",,,"",,,"",,,,,,,"","",,,"",,,"",,,"",,,,,,,"",,,"","",,,,,,,,"",,,,,,,"",,,"","","",,,,,,,,"",,,,,,,
"","","",,"","","","","","","",,"","","","","","","",,"","","","","","","",,"","","","","","","",,"","","","","","","",,"","","","","","","",,"","","","","","","",,"","","","","",242602,1,"2024-05-16_18h50.00.923","experiment","2023.2.3","Win32",60.60606061,"64136cee580125262273f242","6644f019e4b599e96769a32b","6646472fbdc35bd9d6fb0e58","",,,"",,,"",,,"",,,"",,,"",,,"",,,,,"",,,"",,,,"",,,"","","",,,"","",,5,,,,"","","",,,,,,,4,,"",,,"",,,,,,,,,,,"","",,,,,,,"","",,,"k",0.0535,,"space",0.0811,,4,"purple_gnome",4,0,"dark_forest","yellow_basket","blue_gnome",4,8,"bright_forest","red_basket",40,0,0,1,"blue_gnome","bright_forest","red_basket",1504,-1,0,13,4,108,7,1,"",,,"",,,"",,,"",,,"",,,,,,,"","",,,"",,,"",,,"",,,,,,,"",,,"","",,,,,,,,"",,,,,,,"",,,"","","",,,,,,,,"",,,,,,,
"","","",,"","","","","","","",,"","","","","","","",,"","","","","","","",,"","","","","","","",,"","","","","","","",,"","","","","","","",,"","","","","","","",,"","","","","",242602,1,"2024-05-16_18h50.00.923","experiment","2023.2.3","Win32",60.60606061,"64136cee580125262273f242","6644f019e4b599e96769a32b","6646472fbdc35bd9d6fb0e58","",,,"",,,"",,,"",,,"",,,"",,,"",,,,,"",,,"",,,,"",,,"","","",,,"","",,1,,,,"","","",,,,,,,4,,"",,,"",,,,,,,,,,,"","",,,,,,,"","",,,"s",0.0524,,"space",0.3868,,4,"purple_gnome",4,0,"dark_forest","yellow_basket","blue_gnome",4,7,"bright_forest","red_basket",0,0,0,1,"purple_gnome","dark_forest","yellow_basket",1504,-3,0,13,5,109,3,1,"",,,"",,,"",,,"",,,"",,,,,,,"","",,,"",,,"",,,"",,,,,,,"",,,"","",,,,,,,,"",,,,,,,"",,,"","","",,,,,,,,"",,,,,,,
"","","",,"","","","","","","",,"","","","","","","",,"","","","","","","",,"","","","","","","",,"","","","","","","",,"","","","","","","",,"","","","","","","",,"","","","","",242602,1,"2024-05-16_18h50.00.923","experiment","2023.2.3","Win32",60.60606061,"64136cee580125262273f242","6644f019e4b599e96769a32b","6646472fbdc35bd9d6fb0e58","",,,"",,,"",,,"",,,"",,,"",,,"",,,,,"",,,"",,,,"",,,"","","",,,"","",,5,,,,"","","",,,,,,,1,,"",,,"",,,,,,,,,,,"","",,,,,,,"","",,,"k",0.2075,,"space",0.2794,,1,"brown_gnome",1,0,"dark_forest","yellow_basket","orange_gnome",1,4,"bright_forest","red_basket",20,0,0,1,"orange_gnome","bright_forest","red_basket",1524,-2,3,13,6,110,4,1,"",,,"",,,"",,,"",,,"",,,,,,,"","",,,"",,,"",,,"",,,,,,,"",,,"","",,,,,,,,"",,,,,,,"",,,"","","",,,,,,,,"",,,,,,,
"","","",,"","","","","","","",,"","","","","","","",,"","","","","","","",,"","","","","","","",,"","","","","","","",,"","","","","","","",,"","","","","","","",,"","","","","",242602,1,"2024-05-16_18h50.00.923","experiment","2023.2.3","Win32",60.60606061,"64136cee580125262273f242","6644f019e4b599e96769a32b","6646472fbdc35bd9d6fb0e58","",,,"",,,"",,,"",,,"",,,"",,,"",,,,,"",,,"",,,,"",,,"","","",,,"","",,5,,,,"","","",,,,,,,4,,"",,,"",,,,,,,,,,,"","",,,,,,,"","",,,"s",0.1692,,"space",0.077,,4,"purple_gnome",4,3,"dark_forest","yellow_basket","blue_gnome",4,2,"bright_forest","red_basket",15,0,0,1,"purple_gnome","dark_forest","yellow_basket",1539,0,-3,13,7,111,7,1,"",,,"",,,"",,,"",,,"",,,,,,,"","",,,"",,,"",,,"",,,,,,,"",,,"","",,,,,,,,"",,,,,,,"",,,"","","",,,,,,,,"",,,,,,,
"","","",,"","","","","","","",,"","","","","","","",,"","","","","","","",,"","","","","","","",,"","","","","","","",,"","","","","","","",,"","","","","","","",,"","","","","",242602,1,"2024-05-16_18h50.00.923","experiment","2023.2.3","Win32",60.60606061,"64136cee580125262273f242","6644f019e4b599e96769a32b","6646472fbdc35bd9d6fb0e58","",,,"",,,"",,,"",,,"",,,"",,,"",,,,,"",,,"",,,,"",,,"","","",,,"","",,5,,,,"","","",,,,,,,4,,"",,,"",,,,,,,,,,,"","",,,,,,,"","",,,"k",0.5708,,"space",0.243,,4,"purple_gnome",4,0,"dark_forest","yellow_basket","blue_gnome",4,2,"bright_forest","red_basket",10,0,0,1,"blue_gnome","bright_forest","red_basket",1549,1,2,14,0,112,7,1,"",,,"",,,"",,,"",,,"",,,,,,,"","",,,"",,,"",,,"",,,,,,,"",,,"","",,,,,,,,"",,,,,,,"",,,"","","",,,,,,,,"",,,,,,,
"","","",,"","","","","","","",,"","","","","","","",,"","","","","","","",,"","","","","","","",,"","","","","","","",,"","","","","","","",,"","","","","","","",,"","","","","",242602,1,"2024-05-16_18h50.00.923","experiment","2023.2.3","Win32",60.60606061,"64136cee580125262273f242","6644f019e4b599e96769a32b","6646472fbdc35bd9d6fb0e58","",,,"",,,"",,,"",,,"",,,"",,,"",,,,,"",,,"",,,,"",,,"","","",,,"","",,5,,,,"","","",,,,,,,3,,"",,,"",,,,,,,,,,,"","",,,,,,,"","",,,"s",0.2138,,"space",0.2156,,3,"yellow_gnome",3,2,"dark_forest","yellow_basket","red_gnome",3,3,"bright_forest","red_basket",10,0,0,1,"yellow_gnome","dark_forest","yellow_basket",1559,0,-1,14,1,113,6,1,"",,,"",,,"",,,"",,,"",,,,,,,"","",,,"",,,"",,,"",,,,,,,"",,,"","",,,,,,,,"",,,,,,,"",,,"","","",,,,,,,,"",,,,,,,
"","","",,"","","","","","","",,"","","","","","","",,"","","","","","","",,"","","","","","","",,"","","","","","","",,"","","","","","","",,"","","","","","","",,"","","","","",242602,1,"2024-05-16_18h50.00.923","experiment","2023.2.3","Win32",60.60606061,"64136cee580125262273f242","6644f019e4b599e96769a32b","6646472fbdc35bd9d6fb0e58","",,,"",,,"",,,"",,,"",,,"",,,"",,,,,"",,,"",,,,"",,,"","","",,,"","",,5,,,,"","","",,,,,,,4,,"",,,"",,,,,,,,,,,"","",,,,,,,"","",,,"k",0.1928,,"space",0.4064,,4,"blue_gnome",4,3,"bright_forest","red_basket","purple_gnome",4,1,"dark_forest","yellow_basket",5,0,0,1,"purple_gnome","dark_forest","yellow_basket",1564,-2,0,14,2,114,7,1,"",,,"",,,"",,,"",,,"",,,,,,,"","",,,"",,,"",,,"",,,,,,,"",,,"","",,,,,,,,"",,,,,,,"",,,"","","",,,,,,,,"",,,,,,,
"","","",,"","","","","","","",,"","","","","","","",,"","","","","","","",,"","","","","","","",,"","","","","","","",,"","","","","","","",,"","","","","","","",,"","","","","",242602,1,"2024-05-16_18h50.00.923","experiment","2023.2.3","Win32",60.60606061,"64136cee580125262273f242","6644f019e4b599e96769a32b","6646472fbdc35bd9d6fb0e58","",,,"",,,"",,,"",,,"",,,"",,,"",,,,,"",,,"",,,,"",,,"","","",,,"","",,1,,,,"","","",,,,,,,2,,"",,,"",,,,,,,,,,,"","",,,,,,,"","",,,"k",0.1878,,"space",0.2878,,2,"green_gnome",2,1,"bright_forest","red_basket","pink_gnome",2,1,"dark_forest","yellow_basket",1,0,0,1,"pink_gnome","dark_forest","yellow_basket",1565,0,-2,14,3,115,1,1,"",,,"",,,"",,,"",,,"",,,,,,,"","",,,"",,,"",,,"",,,,,,,"",,,"","",,,,,,,,"",,,,,,,"",,,"","","",,,,,,,,"",,,,,,,
"","","",,"","","","","","","",,"","","","","","","",,"","","","","","","",,"","","","","","","",,"","","","","","","",,"","","","","","","",,"","","","","","","",,"","","","","",242602,1,"2024-05-16_18h50.00.923","experiment","2023.2.3","Win32",60.60606061,"64136cee580125262273f242","6644f019e4b599e96769a32b","6646472fbdc35bd9d6fb0e58","",,,"",,,"",,,"",,,"",,,"",,,"",,,,,"",,,"",,,,"",,,"","","",,,"","",,5,,,,"","","",,,,,,,2,,"",,,"",,,,,,,,,,,"","",,,,,,,"","",,,"s",0.3124,,"space",0.0897,,2,"green_gnome",2,1,"bright_forest","red_basket","pink_gnome",2,1,"dark_forest","yellow_basket",5,0,0,1,"green_gnome","bright_forest","red_basket",1570,2,0,14,4,116,5,1,"",,,"",,,"",,,"",,,"",,,,,,,"","",,,"",,,"",,,"",,,,,,,"",,,"","",,,,,,,,"",,,,,,,"",,,"","","",,,,,,,,"",,,,,,,
"","","",,"","","","","","","",,"","","","","","","",,"","","","","","","",,"","","","","","","",,"","","","","","","",,"","","","","","","",,"","","","","","","",,"","","","","",242602,1,"2024-05-16_18h50.00.923","experiment","2023.2.3","Win32",60.60606061,"64136cee580125262273f242","6644f019e4b599e96769a32b","6646472fbdc35bd9d6fb0e58","",,,"",,,"",,,"",,,"",,,"",,,"",,,,,"",,,"",,,,"",,,"","","",,,"","",,5,,,,"","","",,,,,,,3,,"",,,"",,,,,,,,,,,"","",,,,,,,"","",,,"s",0.1883,,"space",0.0721,,3,"yellow_gnome",3,1,"dark_forest","yellow_basket","red_gnome",3,3,"bright_forest","red_basket",5,0,0,1,"yellow_gnome","dark_forest","yellow_basket",1575,1,0,14,5,117,6,1,"",,,"",,,"",,,"",,,"",,,,,,,"","",,,"",,,"",,,"",,,,,,,"",,,"","",,,,,,,,"",,,,,,,"",,,"","","",,,,,,,,"",,,,,,,
"","","",,"","","","","","","",,"","","","","","","",,"","","","","","","",,"","","","","","","",,"","","","","","","",,"","","","","","","",,"","","","","","","",,"","","","","",242602,1,"2024-05-16_18h50.00.923","experiment","2023.2.3","Win32",60.60606061,"64136cee580125262273f242","6644f019e4b599e96769a32b","6646472fbdc35bd9d6fb0e58","",,,"",,,"",,,"",,,"",,,"",,,"",,,,,"",,,"",,,,"",,,"","","",,,"","",,5,,,,"","","",,,,,,,2,,"",,,"",,,,,,,,,,,"","",,,,,,,"","",,,"k",0.456,,"space",0.8105,,2,"pink_gnome",2,1,"dark_forest","yellow_basket","green_gnome",2,4,"bright_forest","red_basket",20,0,0,1,"green_gnome","bright_forest","red_basket",1595,0,2,14,6,118,5,1,"",,,"",,,"",,,"",,,"",,,,,,,"","",,,"",,,"",,,"",,,,,,,"",,,"","",,,,,,,,"",,,,,,,"",,,"","","",,,,,,,,"",,,,,,,
"","","",,"","","","","","","",,"","","","","","","",,"","","","","","","",,"","","","","","","",,"","","","","","","",,"","","","","","","",,"","","","","","","",,"","","","","",242602,1,"2024-05-16_18h50.00.923","experiment","2023.2.3","Win32",60.60606061,"64136cee580125262273f242","6644f019e4b599e96769a32b","6646472fbdc35bd9d6fb0e58","",,,"",,,"",,,"",,,"",,,"",,,"",,,,,"",,,"",,,,"",,,"","","",,,"","",,1,,,,"","","",,,,,,,2,,"",,,"",,,,,,,,,,,"","",,,,,,,"","",,,"s",0.41,,"space",0.4016,,2,"pink_gnome",2,3,"dark_forest","yellow_basket","green_gnome",2,4,"bright_forest","red_basket",3,0,0,1,"pink_gnome","dark_forest","yellow_basket",1598,2,1,14,7,119,1,1,"",,,"",,,"",,,"",,,"",,,,,,,"","",,,"",,,"",,,"",,,,,,,"",,,"","",,,,,,,,"",,,,,,,"",,,"","","",,,,,,,,"",,,,,,,
"","","",,"","","","","","","",,"","","","","","","",,"","","","","","","",,"","","","","","","",,"","","","","","","",,"","","","","","","",,"","","","","","","",,"","","","","",242602,1,"2024-05-16_18h50.00.923","experiment","2023.2.3","Win32",60.60606061,"64136cee580125262273f242","6644f019e4b599e96769a32b","6646472fbdc35bd9d6fb0e58","",,,"",,,"",,,"",,,"",,,"",,,"",,,,,"",,,"",,,,"",,,"","","",,,"","",,5,,,,"","","",,,,,,,1,,"",,,"",,,,,,,,,,,"","",,,,,,,"","",,,"s",0.3213,,"space",0.8316,,1,"orange_gnome",1,6,"bright_forest","red_basket","brown_gnome",1,4,"dark_forest","yellow_basket",30,0,0,1,"orange_gnome","bright_forest","red_basket",1628,-1,-2,15,0,120,4,1,"",,,"",,,"",,,"",,,"",,,,,,,"","",,,"",,,"",,,"",,,,,,,"",,,"","",,,,,,,,"",,,,,,,"",,,"","","",,,,,,,,"",,,,,,,
"","","",,"","","","","","","",,"","","","","","","",,"","","","","","","",,"","","","","","","",,"","","","","","","",,"","","","","","","",,"","","","","","","",,"","","","","",242602,1,"2024-05-16_18h50.00.923","experiment","2023.2.3","Win32",60.60606061,"64136cee580125262273f242","6644f019e4b599e96769a32b","6646472fbdc35bd9d6fb0e58","",,,"",,,"",,,"",,,"",,,"",,,"",,,,,"",,,"",,,,"",,,"","","",,,"","",,5,,,,"","","",,,,,,,1,,"",,,"",,,,,,,,,,,"","",,,,,,,"","",,,"k",0.0807,,"space",0.2863,,1,"orange_gnome",1,5,"bright_forest","red_basket","brown_gnome",1,2,"dark_forest","yellow_basket",10,0,0,1,"brown_gnome","dark_forest","yellow_basket",1638,2,0,15,1,121,4,1,"",,,"",,,"",,,"",,,"",,,,,,,"","",,,"",,,"",,,"",,,,,,,"",,,"","",,,,,,,,"",,,,,,,"",,,"","","",,,,,,,,"",,,,,,,
"","","",,"","","","","","","",,"","","","","","","",,"","","","","","","",,"","","","","","","",,"","","","","","","",,"","","","","","","",,"","","","","","","",,"","","","","",242602,1,"2024-05-16_18h50.00.923","experiment","2023.2.3","Win32",60.60606061,"64136cee580125262273f242","6644f019e4b599e96769a32b","6646472fbdc35bd9d6fb0e58","",,,"",,,"",,,"",,,"",,,"",,,"",,,,,"",,,"",,,,"",,,"","","",,,"","",,5,,,,"","","",,,,,,,3,,"",,,"",,,,,,,,,,,"","",,,,,,,"","",,,"s",0.515,,"space",0.0806,,3,"yellow_gnome",3,2,"dark_forest","yellow_basket","red_gnome",3,7,"bright_forest","red_basket",10,0,0,1,"yellow_gnome","dark_forest","yellow_basket",1648,-4,-1,15,2,122,6,1,"",,,"",,,"",,,"",,,"",,,,,,,"","",,,"",,,"",,,"",,,,,,,"",,,"","",,,,,,,,"",,,,,,,"",,,"","","",,,,,,,,"",,,,,,,
"","","",,"","","","","","","",,"","","","","","","",,"","","","","","","",,"","","","","","","",,"","","","","","","",,"","","","","","","",,"","","","","","","",,"","","","","",242602,1,"2024-05-16_18h50.00.923","experiment","2023.2.3","Win32",60.60606061,"64136cee580125262273f242","6644f019e4b599e96769a32b","6646472fbdc35bd9d6fb0e58","",,,"",,,"",,,"",,,"",,,"",,,"",,,,,"",,,"",,,,"",,,"","","",,,"","",,5,,,,"","","",,,,,,,2,,"",,,"",,,,,,,,,,,"","",,,,,,,"","",,,"s",0.1222,,"space",0.2027,,2,"pink_gnome",2,1,"dark_forest","yellow_basket","green_gnome",2,3,"bright_forest","red_basket",5,0,0,1,"pink_gnome","dark_forest","yellow_basket",1653,-2,-2,15,3,123,5,1,"",,,"",,,"",,,"",,,"",,,,,,,"","",,,"",,,"",,,"",,,,,,,"",,,"","",,,,,,,,"",,,,,,,"",,,"","","",,,,,,,,"",,,,,,,
"","","",,"","","","","","","",,"","","","","","","",,"","","","","","","",,"","","","","","","",,"","","","","","","",,"","","","","","","",,"","","","","","","",,"","","","","",242602,1,"2024-05-16_18h50.00.923","experiment","2023.2.3","Win32",60.60606061,"64136cee580125262273f242","6644f019e4b599e96769a32b","6646472fbdc35bd9d6fb0e58","",,,"",,,"",,,"",,,"",,,"",,,"",,,,,"",,,"",,,,"",,,"","","",,,"","",,1,,,,"","","",,,,,,,4,,"",,,"",,,,,,,,,,,"","",,,,,,,"","",,,"k",0.2938,,"space",0.1792,,4,"purple_gnome",4,1,"dark_forest","yellow_basket","blue_gnome",4,1,"bright_forest","red_basket",1,0,0,1,"blue_gnome","bright_forest","red_basket",1654,-2,1,15,4,124,3,1,"",,,"",,,"",,,"",,,"",,,,,,,"","",,,"",,,"",,,"",,,,,,,"",,,"","",,,,,,,,"",,,,,,,"",,,"","","",,,,,,,,"",,,,,,,
"","","",,"","","","","","","",,"","","","","","","",,"","","","","","","",,"","","","","","","",,"","","","","","","",,"","","","","","","",,"","","","","","","",,"","","","","",242602,1,"2024-05-16_18h50.00.923","experiment","2023.2.3","Win32",60.60606061,"64136cee580125262273f242","6644f019e4b599e96769a32b","6646472fbdc35bd9d6fb0e58","",,,"",,,"",,,"",,,"",,,"",,,"",,,,,"",,,"",,,,"",,,"","","",,,"","",,1,,,,"","","",,,,,,,2,,"",,,"",,,,,,,,,,,"","",,,,,,,"","",,,"s",0.6704,,"",,,2,"pink_gnome",2,2,"dark_forest","yellow_basket","green_gnome",2,1,"bright_forest","red_basket",0,0,1,0,"pink_gnome","dark_forest","yellow_basket",1654,-1,-2,15,5,125,1,1,"",,,"",,,"",,,"",,,"",,,,,,,"","",,,"",,,"",,,"",,,,,,,"",,,"","",,,,,,,,"",,,,,,,"",,,"","","",,,,,,,,"",,,,,,,
"","","",,"","","","","","","",,"","","","","","","",,"","","","","","","",,"","","","","","","",,"","","","","","","",,"","","","","","","",,"","","","","","","",,"","","","","",242602,1,"2024-05-16_18h50.00.923","experiment","2023.2.3","Win32",60.60606061,"64136cee580125262273f242","6644f019e4b599e96769a32b","6646472fbdc35bd9d6fb0e58","",,,"",,,"",,,"",,,"",,,"",,,"",,,,,"",,,"",,,,"",,,"","","",,,"","",,5,,,,"","","",,,,,,,4,,"",,,"",,,,,,,,,,,"","",,,,,,,"","",,,"k",0.6759,,"space",0.1087,,4,"purple_gnome",4,0,"dark_forest","yellow_basket","blue_gnome",4,0,"bright_forest","red_basket",0,0,0,1,"blue_gnome","bright_forest","red_basket",1654,-2,0,15,6,126,7,1,"",,,"",,,"",,,"",,,"",,,,,,,"","",,,"",,,"",,,"",,,,,,,"",,,"","",,,,,,,,"",,,,,,,"",,,"","","",,,,,,,,"",,,,,,,
"","","",,"","","","","","","",,"","","","","","","",,"","","","","","","",,"","","","","","","",,"","","","","","","",,"","","","","","","",,"","","","","","","",,"","","","","",242602,1,"2024-05-16_18h50.00.923","experiment","2023.2.3","Win32",60.60606061,"64136cee580125262273f242","6644f019e4b599e96769a32b","6646472fbdc35bd9d6fb0e58","",,,"",,,"",,,"",,,"",,,"",,,"",,,,,"",,,"",,,,"",,,"","","",,,"","",,1,,,,"","","",,,,,,,1,,"",,,"",,,,,,,,,,,"","",,,,,,,"","",,,"k",0.253,,"space",0.2694,,1,"brown_gnome",1,0,"dark_forest","yellow_basket","orange_gnome",1,2,"bright_forest","red_basket",2,0,0,1,"orange_gnome","bright_forest","red_basket",1656,0,1,15,7,127,0,1,"space",5.5715,,"",,,"",,,"",,,"",,,,,,,"","",,,"",,,"",,,"",,,,,,,"",,,"","",,,,,,,,"",,,,,,,"",,,"","","",,,,,,,,"",,,,,,,
"","","",,"","","","","","","",,"","","","","","","",,"","","","","","","",,"","","","","","","",,"","","","","","","",,"","","","","","","",,"","","","","","","",,"","","","","",242602,1,"2024-05-16_18h50.00.923","experiment","2023.2.3","Win32",60.60606061,"64136cee580125262273f242","6644f019e4b599e96769a32b","6646472fbdc35bd9d6fb0e58","",,,"",,,"",,,"",,,"",,,"",,,"",,,,,"",,,"",,,,"",,,"","","",,,"","",,1,,,,"","","",,,,,,,2,,"",,,"",,,,,,,,,,,"","",,,,,,,"","",,,"k",0.1762,,"space",0.427,,2,"green_gnome",2,2,"bright_forest","red_basket","pink_gnome",2,1,"dark_forest","yellow_basket",1,0,0,1,"pink_gnome","dark_forest","yellow_basket",1657,-1,2,16,0,128,1,1,"",,,"",,,"",,,"",,,"",,,,,,,"","",,,"",,,"",,,"",,,,,,,"",,,"","",,,,,,,,"",,,,,,,"",,,"","","",,,,,,,,"",,,,,,,
"","","",,"","","","","","","",,"","","","","","","",,"","","","","","","",,"","","","","","","",,"","","","","","","",,"","","","","","","",,"","","","","","","",,"","","","","",242602,1,"2024-05-16_18h50.00.923","experiment","2023.2.3","Win32",60.60606061,"64136cee580125262273f242","6644f019e4b599e96769a32b","6646472fbdc35bd9d6fb0e58","",,,"",,,"",,,"",,,"",,,"",,,"",,,,,"",,,"",,,,"",,,"","","",,,"","",,1,,,,"","","",,,,,,,2,,"",,,"",,,,,,,,,,,"","",,,,,,,"","",,,"s",0.3378,,"space",0.0908,,2,"green_gnome",2,1,"bright_forest","red_basket","pink_gnome",2,3,"dark_forest","yellow_basket",1,0,0,1,"green_gnome","bright_forest","red_basket",1658,2,0,16,1,129,1,1,"",,,"",,,"",,,"",,,"",,,,,,,"","",,,"",,,"",,,"",,,,,,,"",,,"","",,,,,,,,"",,,,,,,"",,,"","","",,,,,,,,"",,,,,,,
"","","",,"","","","","","","",,"","","","","","","",,"","","","","","","",,"","","","","","","",,"","","","","","","",,"","","","","","","",,"","","","","","","",,"","","","","",242602,1,"2024-05-16_18h50.00.923","experiment","2023.2.3","Win32",60.60606061,"64136cee580125262273f242","6644f019e4b599e96769a32b","6646472fbdc35bd9d6fb0e58","",,,"",,,"",,,"",,,"",,,"",,,"",,,,,"",,,"",,,,"",,,"","","",,,"","",,1,,,,"","","",,,,,,,1,,"",,,"",,,,,,,,,,,"","",,,,,,,"","",,,"k",0.037,,"space",0.4707,,1,"brown_gnome",1,3,"dark_forest","yellow_basket","orange_gnome",1,3,"bright_forest","red_basket",3,0,0,1,"orange_gnome","bright_forest","red_basket",1661,4,1,16,2,130,0,1,"",,,"",,,"",,,"",,,"",,,,,,,"","",,,"",,,"",,,"",,,,,,,"",,,"","",,,,,,,,"",,,,,,,"",,,"","","",,,,,,,,"",,,,,,,
"","","",,"","","","","","","",,"","","","","","","",,"","","","","","","",,"","","","","","","",,"","","","","","","",,"","","","","","","",,"","","","","","","",,"","","","","",242602,1,"2024-05-16_18h50.00.923","experiment","2023.2.3","Win32",60.60606061,"64136cee580125262273f242","6644f019e4b599e96769a32b","6646472fbdc35bd9d6fb0e58","",,,"",,,"",,,"",,,"",,,"",,,"",,,,,"",,,"",,,,"",,,"","","",,,"","",,1,,,,"","","",,,,,,,4,,"",,,"",,,,,,,,,,,"","",,,,,,,"","",,,"s",0.1186,,"space",0.4079,,4,"blue_gnome",4,7,"bright_forest","red_basket","purple_gnome",4,4,"dark_forest","yellow_basket",7,0,0,1,"blue_gnome","bright_forest","red_basket",1668,-1,1,16,3,131,3,1,"",,,"",,,"",,,"",,,"",,,,,,,"","",,,"",,,"",,,"",,,,,,,"",,,"","",,,,,,,,"",,,,,,,"",,,"","","",,,,,,,,"",,,,,,,
"","","",,"","","","","","","",,"","","","","","","",,"","","","","","","",,"","","","","","","",,"","","","","","","",,"","","","","","","",,"","","","","","","",,"","","","","",242602,1,"2024-05-16_18h50.00.923","experiment","2023.2.3","Win32",60.60606061,"64136cee580125262273f242","6644f019e4b599e96769a32b","6646472fbdc35bd9d6fb0e58","",,,"",,,"",,,"",,,"",,,"",,,"",,,,,"",,,"",,,,"",,,"","","",,,"","",,1,,,,"","","",,,,,,,1,,"",,,"",,,,,,,,,,,"","",,,,,,,"","",,,"k",0.042,,"space",0.3037,,1,"brown_gnome",1,5,"dark_forest","yellow_basket","orange_gnome",1,6,"bright_forest","red_basket",6,0,0,1,"orange_gnome","bright_forest","red_basket",1674,-2,2,16,4,132,0,1,"",,,"",,,"",,,"",,,"",,,,,,,"","",,,"",,,"",,,"",,,,,,,"",,,"","",,,,,,,,"",,,,,,,"",,,"","","",,,,,,,,"",,,,,,,
"","","",,"","","","","","","",,"","","","","","","",,"","","","","","","",,"","","","","","","",,"","","","","","","",,"","","","","","","",,"","","","","","","",,"","","","","",242602,1,"2024-05-16_18h50.00.923","experiment","2023.2.3","Win32",60.60606061,"64136cee580125262273f242","6644f019e4b599e96769a32b","6646472fbdc35bd9d6fb0e58","",,,"",,,"",,,"",,,"",,,"",,,"",,,,,"",,,"",,,,"",,,"","","",,,"","",,5,,,,"","","",,,,,,,4,,"",,,"",,,,,,,,,,,"","",,,,,,,"","",,,"s",0.1376,,"space",0.3954,,4,"purple_gnome",4,7,"dark_forest","yellow_basket","blue_gnome",4,4,"bright_forest","red_basket",35,0,0,1,"purple_gnome","dark_forest","yellow_basket",1709,-1,2,16,5,133,7,1,"",,,"",,,"",,,"",,,"",,,,,,,"","",,,"",,,"",,,"",,,,,,,"",,,"","",,,,,,,,"",,,,,,,"",,,"","","",,,,,,,,"",,,,,,,
"","","",,"","","","","","","",,"","","","","","","",,"","","","","","","",,"","","","","","","",,"","","","","","","",,"","","","","","","",,"","","","","","","",,"","","","","",242602,1,"2024-05-16_18h50.00.923","experiment","2023.2.3","Win32",60.60606061,"64136cee580125262273f242","6644f019e4b599e96769a32b","6646472fbdc35bd9d6fb0e58","",,,"",,,"",,,"",,,"",,,"",,,"",,,,,"",,,"",,,,"",,,"","","",,,"","",,5,,,,"","","",,,,,,,2,,"",,,"",,,,,,,,,,,"","",,,,,,,"","",,,"k",0.4326,,"space",0.4272,,2,"pink_gnome",2,9,"dark_forest","yellow_basket","green_gnome",2,3,"bright_forest","red_basket",15,0,0,1,"green_gnome","bright_forest","red_basket",1724,-2,0,16,6,134,5,1,"",,,"",,,"",,,"",,,"",,,,,,,"","",,,"",,,"",,,"",,,,,,,"",,,"","",,,,,,,,"",,,,,,,"",,,"","","",,,,,,,,"",,,,,,,
"","","",,"","","","","","","",,"","","","","","","",,"","","","","","","",,"","","","","","","",,"","","","","","","",,"","","","","","","",,"","","","","","","",,"","","","","",242602,1,"2024-05-16_18h50.00.923","experiment","2023.2.3","Win32",60.60606061,"64136cee580125262273f242","6644f019e4b599e96769a32b","6646472fbdc35bd9d6fb0e58","",,,"",,,"",,,"",,,"",,,"",,,"",,,,,"",,,"",,,,"",,,"","","",,,"","",,5,,,,"","","",,,,,,,3,,"",,,"",,,,,,,,,,,"","",,,,,,,"","",,,"k",0.1887,,"space",0.2038,,3,"red_gnome",3,1,"bright_forest","red_basket","yellow_gnome",3,9,"dark_forest","yellow_basket",45,0,0,1,"yellow_gnome","dark_forest","yellow_basket",1769,2,4,16,7,135,6,1,"",,,"",,,"",,,"",,,"",,,,,,,"","",,,"",,,"",,,"",,,,,,,"",,,"","",,,,,,,,"",,,,,,,"",,,"","","",,,,,,,,"",,,,,,,
"","","",,"","","","","","","",,"","","","","","","",,"","","","","","","",,"","","","","","","",,"","","","","","","",,"","","","","","","",,"","","","","","","",,"","","","","",242602,1,"2024-05-16_18h50.00.923","experiment","2023.2.3","Win32",60.60606061,"64136cee580125262273f242","6644f019e4b599e96769a32b","6646472fbdc35bd9d6fb0e58","",,,"",,,"",,,"",,,"",,,"",,,"",,,,,"",,,"",,,,"",,,"","","",,,"","",,1,,,,"","","",,,,,,,2,,"",,,"",,,,,,,,,,,"","",,,,,,,"","",,,"s",0.5072,,"space",0.3612,,2,"green_gnome",2,3,"bright_forest","red_basket","pink_gnome",2,5,"dark_forest","yellow_basket",3,0,0,1,"green_gnome","bright_forest","red_basket",1772,-1,1,17,0,136,1,1,"",,,"",,,"",,,"",,,"",,,,,,,"","",,,"",,,"",,,"",,,,,,,"",,,"","",,,,,,,,"",,,,,,,"",,,"","","",,,,,,,,"",,,,,,,
"","","",,"","","","","","","",,"","","","","","","",,"","","","","","","",,"","","","","","","",,"","","","","","","",,"","","","","","","",,"","","","","","","",,"","","","","",242602,1,"2024-05-16_18h50.00.923","experiment","2023.2.3","Win32",60.60606061,"64136cee580125262273f242","6644f019e4b599e96769a32b","6646472fbdc35bd9d6fb0e58","",,,"",,,"",,,"",,,"",,,"",,,"",,,,,"",,,"",,,,"",,,"","","",,,"","",,5,,,,"","","",,,,,,,1,,"",,,"",,,,,,,,,,,"","",,,,,,,"","",,,"k",0.3661,,"space",0.2319,,1,"brown_gnome",1,6,"dark_forest","yellow_basket","orange_gnome",1,2,"bright_forest","red_basket",10,0,0,1,"orange_gnome","bright_forest","red_basket",1782,-3,-2,17,1,137,4,1,"",,,"",,,"",,,"",,,"",,,,,,,"","",,,"",,,"",,,"",,,,,,,"",,,"","",,,,,,,,"",,,,,,,"",,,"","","",,,,,,,,"",,,,,,,
"","","",,"","","","","","","",,"","","","","","","",,"","","","","","","",,"","","","","","","",,"","","","","","","",,"","","","","","","",,"","","","","","","",,"","","","","",242602,1,"2024-05-16_18h50.00.923","experiment","2023.2.3","Win32",60.60606061,"64136cee580125262273f242","6644f019e4b599e96769a32b","6646472fbdc35bd9d6fb0e58","",,,"",,,"",,,"",,,"",,,"",,,"",,,,,"",,,"",,,,"",,,"","","",,,"","",,5,,,,"","","",,,,,,,3,,"",,,"",,,,,,,,,,,"","",,,,,,,"","",,,"k",0.6189,,"space",0.0323,,3,"red_gnome",3,1,"bright_forest","red_basket","yellow_gnome",3,4,"dark_forest","yellow_basket",20,0,0,1,"yellow_gnome","dark_forest","yellow_basket",1802,4,1,17,2,138,6,1,"",,,"",,,"",,,"",,,"",,,,,,,"","",,,"",,,"",,,"",,,,,,,"",,,"","",,,,,,,,"",,,,,,,"",,,"","","",,,,,,,,"",,,,,,,
"","","",,"","","","","","","",,"","","","","","","",,"","","","","","","",,"","","","","","","",,"","","","","","","",,"","","","","","","",,"","","","","","","",,"","","","","",242602,1,"2024-05-16_18h50.00.923","experiment","2023.2.3","Win32",60.60606061,"64136cee580125262273f242","6644f019e4b599e96769a32b","6646472fbdc35bd9d6fb0e58","",,,"",,,"",,,"",,,"",,,"",,,"",,,,,"",,,"",,,,"",,,"","","",,,"","",,5,,,,"","","",,,,,,,1,,"",,,"",,,,,,,,,,,"","",,,,,,,"","",,,"s",0.0573,,"space",0.4814,,1,"orange_gnome",1,5,"bright_forest","red_basket","brown_gnome",1,5,"dark_forest","yellow_basket",25,0,0,1,"orange_gnome","bright_forest","red_basket",1827,1,3,17,3,139,4,1,"",,,"",,,"",,,"",,,"",,,,,,,"","",,,"",,,"",,,"",,,,,,,"",,,"","",,,,,,,,"",,,,,,,"",,,"","","",,,,,,,,"",,,,,,,
"","","",,"","","","","","","",,"","","","","","","",,"","","","","","","",,"","","","","","","",,"","","","","","","",,"","","","","","","",,"","","","","","","",,"","","","","",242602,1,"2024-05-16_18h50.00.923","experiment","2023.2.3","Win32",60.60606061,"64136cee580125262273f242","6644f019e4b599e96769a32b","6646472fbdc35bd9d6fb0e58","",,,"",,,"",,,"",,,"",,,"",,,"",,,,,"",,,"",,,,"",,,"","","",,,"","",,5,,,,"","","",,,,,,,3,,"",,,"",,,,,,,,,,,"","",,,,,,,"","",,,"k",1.0465,,"space",0.7401,,3,"yellow_gnome",3,8,"dark_forest","yellow_basket","red_gnome",3,6,"bright_forest","red_basket",30,0,0,1,"red_gnome","bright_forest","red_basket",1857,5,0,17,4,140,6,1,"",,,"",,,"",,,"",,,"",,,,,,,"","",,,"",,,"",,,"",,,,,,,"",,,"","",,,,,,,,"",,,,,,,"",,,"","","",,,,,,,,"",,,,,,,
"","","",,"","","","","","","",,"","","","","","","",,"","","","","","","",,"","","","","","","",,"","","","","","","",,"","","","","","","",,"","","","","","","",,"","","","","",242602,1,"2024-05-16_18h50.00.923","experiment","2023.2.3","Win32",60.60606061,"64136cee580125262273f242","6644f019e4b599e96769a32b","6646472fbdc35bd9d6fb0e58","",,,"",,,"",,,"",,,"",,,"",,,"",,,,,"",,,"",,,,"",,,"","","",,,"","",,5,,,,"","","",,,,,,,3,,"",,,"",,,,,,,,,,,"","",,,,,,,"","",,,"s",0.3857,,"space",0.9208,,3,"red_gnome",3,7,"bright_forest","red_basket","yellow_gnome",3,8,"dark_forest","yellow_basket",35,0,0,1,"red_gnome","bright_forest","red_basket",1892,-1,-1,17,5,141,6,1,"",,,"",,,"",,,"",,,"",,,,,,,"","",,,"",,,"",,,"",,,,,,,"",,,"","",,,,,,,,"",,,,,,,"",,,"","","",,,,,,,,"",,,,,,,
"","","",,"","","","","","","",,"","","","","","","",,"","","","","","","",,"","","","","","","",,"","","","","","","",,"","","","","","","",,"","","","","","","",,"","","","","",242602,1,"2024-05-16_18h50.00.923","experiment","2023.2.3","Win32",60.60606061,"64136cee580125262273f242","6644f019e4b599e96769a32b","6646472fbdc35bd9d6fb0e58","",,,"",,,"",,,"",,,"",,,"",,,"",,,,,"",,,"",,,,"",,,"","","",,,"","",,5,,,,"","","",,,,,,,1,,"",,,"",,,,,,,,,,,"","",,,,,,,"","",,,"k",0.3863,,"space",0.3627,,1,"orange_gnome",1,6,"bright_forest","red_basket","brown_gnome",1,7,"dark_forest","yellow_basket",35,0,0,1,"brown_gnome","dark_forest","yellow_basket",1927,-5,0,17,6,142,4,1,"",,,"",,,"",,,"",,,"",,,,,,,"","",,,"",,,"",,,"",,,,,,,"",,,"","",,,,,,,,"",,,,,,,"",,,"","","",,,,,,,,"",,,,,,,
"","","",,"","","","","","","",,"","","","","","","",,"","","","","","","",,"","","","","","","",,"","","","","","","",,"","","","","","","",,"","","","","","","",,"","","","","",242602,1,"2024-05-16_18h50.00.923","experiment","2023.2.3","Win32",60.60606061,"64136cee580125262273f242","6644f019e4b599e96769a32b","6646472fbdc35bd9d6fb0e58","",,,"",,,"",,,"",,,"",,,"",,,"",,,,,"",,,"",,,,"",,,"","","",,,"","",,1,,,,"","","",,,,,,,2,,"",,,"",,,,,,,,,,,"","",,,,,,,"","",,,"s",0.0547,,"space",1.044,,2,"pink_gnome",2,7,"dark_forest","yellow_basket","green_gnome",2,1,"bright_forest","red_basket",7,0,0,1,"pink_gnome","dark_forest","yellow_basket",1934,0,-1,17,7,143,1,1,"",,,"",,,"",,,"",,,"",,,,,,,"","",,,"",,,"",,,"",,,,,,,"",,,"","",,,,,,,,"",,,,,,,"",,,"","","",,,,,,,,"",,,,,,,
"","","",,"","","","","","","",,"","","","","","","",,"","","","","","","",,"","","","","","","",,"","","","","","","",,"","","","","","","",,"","","","","","","",,"","","","","",242602,1,"2024-05-16_18h50.00.923","experiment","2023.2.3","Win32",60.60606061,"64136cee580125262273f242","6644f019e4b599e96769a32b","6646472fbdc35bd9d6fb0e58","",,,"",,,"",,,"",,,"",,,"",,,"",,,,,"",,,"",,,,"",,,"","","",,,"","",,5,,,,"","","",,,,,,,1,,"",,,"",,,,,,,,,,,"","",,,,,,,"","",,,"k",0.6103,,"space",0.3471,,1,"orange_gnome",1,1,"bright_forest","red_basket","brown_gnome",1,6,"dark_forest","yellow_basket",30,0,0,1,"brown_gnome","dark_forest","yellow_basket",1964,5,1,18,0,144,4,1,"",,,"",,,"",,,"",,,"",,,,,,,"","",,,"",,,"",,,"",,,,,,,"",,,"","",,,,,,,,"",,,,,,,"",,,"","","",,,,,,,,"",,,,,,,
"","","",,"","","","","","","",,"","","","","","","",,"","","","","","","",,"","","","","","","",,"","","","","","","",,"","","","","","","",,"","","","","","","",,"","","","","",242602,1,"2024-05-16_18h50.00.923","experiment","2023.2.3","Win32",60.60606061,"64136cee580125262273f242","6644f019e4b599e96769a32b","6646472fbdc35bd9d6fb0e58","",,,"",,,"",,,"",,,"",,,"",,,"",,,,,"",,,"",,,,"",,,"","","",,,"","",,1,,,,"","","",,,,,,,2,,"",,,"",,,,,,,,,,,"","",,,,,,,"","",,,"s",0.0574,,"space",0.6993,,2,"pink_gnome",2,7,"dark_forest","yellow_basket","green_gnome",2,6,"bright_forest","red_basket",7,0,0,1,"pink_gnome","dark_forest","yellow_basket",1971,-2,1,18,1,145,1,1,"",,,"",,,"",,,"",,,"",,,,,,,"","",,,"",,,"",,,"",,,,,,,"",,,"","",,,,,,,,"",,,,,,,"",,,"","","",,,,,,,,"",,,,,,,
"","","",,"","","","","","","",,"","","","","","","",,"","","","","","","",,"","","","","","","",,"","","","","","","",,"","","","","","","",,"","","","","","","",,"","","","","",242602,1,"2024-05-16_18h50.00.923","experiment","2023.2.3","Win32",60.60606061,"64136cee580125262273f242","6644f019e4b599e96769a32b","6646472fbdc35bd9d6fb0e58","",,,"",,,"",,,"",,,"",,,"",,,"",,,,,"",,,"",,,,"",,,"","","",,,"","",,5,,,,"","","",,,,,,,4,,"",,,"",,,,,,,,,,,"","",,,,,,,"","",,,"k",0.0575,,"space",0.3122,,4,"blue_gnome",4,4,"bright_forest","red_basket","purple_gnome",4,8,"dark_forest","yellow_basket",40,0,0,1,"purple_gnome","dark_forest","yellow_basket",2011,1,0,18,2,146,7,1,"",,,"",,,"",,,"",,,"",,,,,,,"","",,,"",,,"",,,"",,,,,,,"",,,"","",,,,,,,,"",,,,,,,"",,,"","","",,,,,,,,"",,,,,,,
"","","",,"","","","","","","",,"","","","","","","",,"","","","","","","",,"","","","","","","",,"","","","","","","",,"","","","","","","",,"","","","","","","",,"","","","","",242602,1,"2024-05-16_18h50.00.923","experiment","2023.2.3","Win32",60.60606061,"64136cee580125262273f242","6644f019e4b599e96769a32b","6646472fbdc35bd9d6fb0e58","",,,"",,,"",,,"",,,"",,,"",,,"",,,,,"",,,"",,,,"",,,"","","",,,"","",,5,,,,"","","",,,,,,,1,,"",,,"",,,,,,,,,,,"","",,,,,,,"","",,,"k",0.0432,,"space",0.549,,1,"brown_gnome",1,8,"dark_forest","yellow_basket","orange_gnome",1,5,"bright_forest","red_basket",25,0,0,1,"orange_gnome","bright_forest","red_basket",2036,2,3,18,3,147,4,1,"",,,"",,,"",,,"",,,"",,,,,,,"","",,,"",,,"",,,"",,,,,,,"",,,"","",,,,,,,,"",,,,,,,"",,,"","","",,,,,,,,"",,,,,,,
"","","",,"","","","","","","",,"","","","","","","",,"","","","","","","",,"","","","","","","",,"","","","","","","",,"","","","","","","",,"","","","","","","",,"","","","","",242602,1,"2024-05-16_18h50.00.923","experiment","2023.2.3","Win32",60.60606061,"64136cee580125262273f242","6644f019e4b599e96769a32b","6646472fbdc35bd9d6fb0e58","",,,"",,,"",,,"",,,"",,,"",,,"",,,,,"",,,"",,,,"",,,"","","",,,"","",,1,,,,"","","",,,,,,,4,,"",,,"",,,,,,,,,,,"","",,,,,,,"","",,,"s",0.3554,,"space",0.6779,,4,"purple_gnome",4,7,"dark_forest","yellow_basket","blue_gnome",4,7,"bright_forest","red_basket",7,0,0,1,"purple_gnome","dark_forest","yellow_basket",2043,2,2,18,4,148,3,1,"",,,"",,,"",,,"",,,"",,,,,,,"","",,,"",,,"",,,"",,,,,,,"",,,"","",,,,,,,,"",,,,,,,"",,,"","","",,,,,,,,"",,,,,,,
"","","",,"","","","","","","",,"","","","","","","",,"","","","","","","",,"","","","","","","",,"","","","","","","",,"","","","","","","",,"","","","","","","",,"","","","","",242602,1,"2024-05-16_18h50.00.923","experiment","2023.2.3","Win32",60.60606061,"64136cee580125262273f242","6644f019e4b599e96769a32b","6646472fbdc35bd9d6fb0e58","",,,"",,,"",,,"",,,"",,,"",,,"",,,,,"",,,"",,,,"",,,"","","",,,"","",,1,,,,"","","",,,,,,,4,,"",,,"",,,,,,,,,,,"","",,,,,,,"","",,,"k",0.198,,"space",0.1924,,4,"blue_gnome",4,9,"bright_forest","red_basket","purple_gnome",4,9,"dark_forest","yellow_basket",9,0,0,1,"purple_gnome","dark_forest","yellow_basket",2052,4,3,18,5,149,3,1,"",,,"",,,"",,,"",,,"",,,,,,,"","",,,"",,,"",,,"",,,,,,,"",,,"","",,,,,,,,"",,,,,,,"",,,"","","",,,,,,,,"",,,,,,,
"","","",,"","","","","","","",,"","","","","","","",,"","","","","","","",,"","","","","","","",,"","","","","","","",,"","","","","","","",,"","","","","","","",,"","","","","",242602,1,"2024-05-16_18h50.00.923","experiment","2023.2.3","Win32",60.60606061,"64136cee580125262273f242","6644f019e4b599e96769a32b","6646472fbdc35bd9d6fb0e58","",,,"",,,"",,,"",,,"",,,"",,,"",,,,,"",,,"",,,,"",,,"","","",,,"","",,5,,,,"","","",,,,,,,4,,"",,,"",,,,,,,,,,,"","",,,,,,,"","",,,"s",0.0436,,"space",0.3475,,4,"blue_gnome",4,5,"bright_forest","red_basket","purple_gnome",4,6,"dark_forest","yellow_basket",25,0,0,1,"blue_gnome","bright_forest","red_basket",2077,2,-2,18,6,150,7,1,"",,,"",,,"",,,"",,,"",,,,,,,"","",,,"",,,"",,,"",,,,,,,"",,,"","",,,,,,,,"",,,,,,,"",,,"","","",,,,,,,,"",,,,,,,
"","","",,"","","","","","","",,"","","","","","","",,"","","","","","","",,"","","","","","","",,"","","","","","","",,"","","","","","","",,"","","","","","","",,"","","","","",242602,1,"2024-05-16_18h50.00.923","experiment","2023.2.3","Win32",60.60606061,"64136cee580125262273f242","6644f019e4b599e96769a32b","6646472fbdc35bd9d6fb0e58","",,,"",,,"",,,"",,,"",,,"",,,"",,,,,"",,,"",,,,"",,,"","","",,,"","",,5,,,,"","","",,,,,,,1,,"",,,"",,,,,,,,,,,"","",,,,,,,"","",,,"k",0.1242,,"space",0.5314,,1,"brown_gnome",1,4,"dark_forest","yellow_basket","orange_gnome",1,7,"bright_forest","red_basket",35,0,0,1,"orange_gnome","bright_forest","red_basket",2112,1,-1,18,7,151,4,1,"",,,"",,,"",,,"",,,"",,,,,,,"","",,,"",,,"",,,"",,,,,,,"",,,"","",,,,,,,,"",,,,,,,"",,,"","","",,,,,,,,"",,,,,,,
"","","",,"","","","","","","",,"","","","","","","",,"","","","","","","",,"","","","","","","",,"","","","","","","",,"","","","","","","",,"","","","","","","",,"","","","","",242602,1,"2024-05-16_18h50.00.923","experiment","2023.2.3","Win32",60.60606061,"64136cee580125262273f242","6644f019e4b599e96769a32b","6646472fbdc35bd9d6fb0e58","",,,"",,,"",,,"",,,"",,,"",,,"",,,,,"",,,"",,,,"",,,"","","",,,"","",,1,,,,"","","",,,,,,,2,,"",,,"",,,,,,,,,,,"","",,,,,,,"","",,,"s",0.0534,,"space",0.455,,2,"pink_gnome",2,3,"dark_forest","yellow_basket","green_gnome",2,8,"bright_forest","red_basket",3,0,0,1,"pink_gnome","dark_forest","yellow_basket",2115,5,2,19,0,152,1,1,"",,,"",,,"",,,"",,,"",,,,,,,"","",,,"",,,"",,,"",,,,,,,"",,,"","",,,,,,,,"",,,,,,,"",,,"","","",,,,,,,,"",,,,,,,
"","","",,"","","","","","","",,"","","","","","","",,"","","","","","","",,"","","","","","","",,"","","","","","","",,"","","","","","","",,"","","","","","","",,"","","","","",242602,1,"2024-05-16_18h50.00.923","experiment","2023.2.3","Win32",60.60606061,"64136cee580125262273f242","6644f019e4b599e96769a32b","6646472fbdc35bd9d6fb0e58","",,,"",,,"",,,"",,,"",,,"",,,"",,,,,"",,,"",,,,"",,,"","","",,,"","",,1,,,,"","","",,,,,,,1,,"",,,"",,,,,,,,,,,"","",,,,,,,"","",,,"k",0.391,,"space",0.5245,,1,"orange_gnome",1,5,"bright_forest","red_basket","brown_gnome",1,5,"dark_forest","yellow_basket",5,0,0,1,"brown_gnome","dark_forest","yellow_basket",2120,2,1,19,1,153,0,1,"",,,"",,,"",,,"",,,"",,,,,,,"","",,,"",,,"",,,"",,,,,,,"",,,"","",,,,,,,,"",,,,,,,"",,,"","","",,,,,,,,"",,,,,,,
"","","",,"","","","","","","",,"","","","","","","",,"","","","","","","",,"","","","","","","",,"","","","","","","",,"","","","","","","",,"","","","","","","",,"","","","","",242602,1,"2024-05-16_18h50.00.923","experiment","2023.2.3","Win32",60.60606061,"64136cee580125262273f242","6644f019e4b599e96769a32b","6646472fbdc35bd9d6fb0e58","",,,"",,,"",,,"",,,"",,,"",,,"",,,,,"",,,"",,,,"",,,"","","",,,"","",,5,,,,"","","",,,,,,,4,,"",,,"",,,,,,,,,,,"","",,,,,,,"","",,,"s",1.0453,,"space",0.2483,,4,"purple_gnome",4,6,"dark_forest","yellow_basket","blue_gnome",4,7,"bright_forest","red_basket",30,0,0,1,"purple_gnome","dark_forest","yellow_basket",2150,-3,-1,19,2,154,7,1,"",,,"",,,"",,,"",,,"",,,,,,,"","",,,"",,,"",,,"",,,,,,,"",,,"","",,,,,,,,"",,,,,,,"",,,"","","",,,,,,,,"",,,,,,,
"","","",,"","","","","","","",,"","","","","","","",,"","","","","","","",,"","","","","","","",,"","","","","","","",,"","","","","","","",,"","","","","","","",,"","","","","",242602,1,"2024-05-16_18h50.00.923","experiment","2023.2.3","Win32",60.60606061,"64136cee580125262273f242","6644f019e4b599e96769a32b","6646472fbdc35bd9d6fb0e58","",,,"",,,"",,,"",,,"",,,"",,,"",,,,,"",,,"",,,,"",,,"","","",,,"","",,1,,,,"","","",,,,,,,3,,"",,,"",,,,,,,,,,,"","",,,,,,,"","",,,"k",0.257,,"space",0.4585,,3,"yellow_gnome",3,5,"dark_forest","yellow_basket","red_gnome",3,4,"bright_forest","red_basket",4,0,0,1,"red_gnome","bright_forest","red_basket",2154,-2,-2,19,3,155,2,1,"",,,"",,,"",,,"",,,"",,,,,,,"","",,,"",,,"",,,"",,,,,,,"",,,"","",,,,,,,,"",,,,,,,"",,,"","","",,,,,,,,"",,,,,,,
"","","",,"","","","","","","",,"","","","","","","",,"","","","","","","",,"","","","","","","",,"","","","","","","",,"","","","","","","",,"","","","","","","",,"","","","","",242602,1,"2024-05-16_18h50.00.923","experiment","2023.2.3","Win32",60.60606061,"64136cee580125262273f242","6644f019e4b599e96769a32b","6646472fbdc35bd9d6fb0e58","",,,"",,,"",,,"",,,"",,,"",,,"",,,,,"",,,"",,,,"",,,"","","",,,"","",,5,,,,"","","",,,,,,,4,,"",,,"",,,,,,,,,,,"","",,,,,,,"","",,,"s",0.455,,"space",1.0143,,4,"blue_gnome",4,2,"bright_forest","red_basket","purple_gnome",4,3,"dark_forest","yellow_basket",10,0,0,1,"blue_gnome","bright_forest","red_basket",2164,-2,0,19,4,156,7,1,"",,,"",,,"",,,"",,,"",,,,,,,"","",,,"",,,"",,,"",,,,,,,"",,,"","",,,,,,,,"",,,,,,,"",,,"","","",,,,,,,,"",,,,,,,
"","","",,"","","","","","","",,"","","","","","","",,"","","","","","","",,"","","","","","","",,"","","","","","","",,"","","","","","","",,"","","","","","","",,"","","","","",242602,1,"2024-05-16_18h50.00.923","experiment","2023.2.3","Win32",60.60606061,"64136cee580125262273f242","6644f019e4b599e96769a32b","6646472fbdc35bd9d6fb0e58","",,,"",,,"",,,"",,,"",,,"",,,"",,,,,"",,,"",,,,"",,,"","","",,,"","",,5,,,,"","","",,,,,,,3,,"",,,"",,,,,,,,,,,"","",,,,,,,"","",,,"s",0.9109,,"space",0.1729,,3,"red_gnome",3,0,"bright_forest","red_basket","yellow_gnome",3,3,"dark_forest","yellow_basket",0,0,0,1,"red_gnome","bright_forest","red_basket",2164,1,5,19,5,157,6,1,"",,,"",,,"",,,"",,,"",,,,,,,"","",,,"",,,"",,,"",,,,,,,"",,,"","",,,,,,,,"",,,,,,,"",,,"","","",,,,,,,,"",,,,,,,
"","","",,"","","","","","","",,"","","","","","","",,"","","","","","","",,"","","","","","","",,"","","","","","","",,"","","","","","","",,"","","","","","","",,"","","","","",242602,1,"2024-05-16_18h50.00.923","experiment","2023.2.3","Win32",60.60606061,"64136cee580125262273f242","6644f019e4b599e96769a32b","6646472fbdc35bd9d6fb0e58","",,,"",,,"",,,"",,,"",,,"",,,"",,,,,"",,,"",,,,"",,,"","","",,,"","",,5,,,,"","","",,,,,,,3,,"",,,"",,,,,,,,,,,"","",,,,,,,"","",,,"k",0.0705,,"",,,3,"red_gnome",3,1,"bright_forest","red_basket","yellow_gnome",3,8,"dark_forest","yellow_basket",0,0,1,0,"yellow_gnome","dark_forest","yellow_basket",2164,1,-2,19,6,158,6,1,"",,,"",,,"",,,"",,,"",,,,,,,"","",,,"",,,"",,,"",,,,,,,"",,,"","",,,,,,,,"",,,,,,,"",,,"","","",,,,,,,,"",,,,,,,
"","","",,"","","","","","","",,"","","","","","","",,"","","","","","","",,"","","","","","","",,"","","","","","","",,"","","","","","","",,"","","","","","","",,"","","","","",242602,1,"2024-05-16_18h50.00.923","experiment","2023.2.3","Win32",60.60606061,"64136cee580125262273f242","6644f019e4b599e96769a32b","6646472fbdc35bd9d6fb0e58","",,,"",,,"",,,"",,,"",,,"",,,"",,,,,"",,,"",,,,"",,,"","","",,,"","",,5,,,,"","","",,,,,,,2,,"",,,"",,,,,,,,,,,"","",,,,,,,"","",,,"s",0.2554,,"space",0.272,,2,"green_gnome",2,2,"bright_forest","red_basket","pink_gnome",2,6,"dark_forest","yellow_basket",10,0,0,1,"green_gnome","bright_forest","red_basket",2174,2,-6,19,7,159,5,1,"",,,"",,,"",,,"",,,"",,,,,,,"","",,,"",,,"",,,"",,,,,,,"",,,"","",,,,,,,,"",,,,,,,"",,,"","","",,,,,,,,"",,,,,,,
"","","",,"","","","","","","",,"","","","","","","",,"","","","","","","",,"","","","","","","",,"","","","","","","",,"","","","","","","",,"","","","","","","",,"","","","","",242602,1,"2024-05-16_18h50.00.923","experiment","2023.2.3","Win32",60.60606061,"64136cee580125262273f242","6644f019e4b599e96769a32b","6646472fbdc35bd9d6fb0e58","",,,"",,,"",,,"",,,"",,,"",,,"",,,,,"",,,"",,,,"",,,"","","",,,"","",,1,,,,"","","",,,,,,,1,,"",,,"",,,,,,,,,,,"","",,,,,,,"","",,,"k",0.1577,,"space",0.0558,,1,"brown_gnome",1,0,"dark_forest","yellow_basket","orange_gnome",1,4,"bright_forest","red_basket",4,0,0,1,"orange_gnome","bright_forest","red_basket",2178,-1,-6,20,0,160,0,1,"",,,"",,,"",,,"",,,"",,,,,,,"","",,,"",,,"",,,"",,,,,,,"",,,"","",,,,,,,,"",,,,,,,"",,,"","","",,,,,,,,"",,,,,,,
"","","",,"","","","","","","",,"","","","","","","",,"","","","","","","",,"","","","","","","",,"","","","","","","",,"","","","","","","",,"","","","","","","",,"","","","","",242602,1,"2024-05-16_18h50.00.923","experiment","2023.2.3","Win32",60.60606061,"64136cee580125262273f242","6644f019e4b599e96769a32b","6646472fbdc35bd9d6fb0e58","",,,"",,,"",,,"",,,"",,,"",,,"",,,,,"",,,"",,,,"",,,"","","",,,"","",,1,,,,"","","",,,,,,,3,,"",,,"",,,,,,,,,,,"","",,,,,,,"","",,,"s",0.0462,,"space",0.0588,,3,"red_gnome",3,3,"bright_forest","red_basket","yellow_gnome",3,6,"dark_forest","yellow_basket",3,0,0,1,"red_gnome","bright_forest","red_basket",2181,1,-1,20,1,161,2,1,"",,,"",,,"",,,"",,,"",,,,,,,"","",,,"",,,"",,,"",,,,,,,"",,,"","",,,,,,,,"",,,,,,,"",,,"","","",,,,,,,,"",,,,,,,
"","","",,"","","","","","","",,"","","","","","","",,"","","","","","","",,"","","","","","","",,"","","","","","","",,"","","","","","","",,"","","","","","","",,"","","","","",242602,1,"2024-05-16_18h50.00.923","experiment","2023.2.3","Win32",60.60606061,"64136cee580125262273f242","6644f019e4b599e96769a32b","6646472fbdc35bd9d6fb0e58","",,,"",,,"",,,"",,,"",,,"",,,"",,,,,"",,,"",,,,"",,,"","","",,,"","",,1,,,,"","","",,,,,,,1,,"",,,"",,,,,,,,,,,"","",,,,,,,"","",,,"k",0.5049,,"space",0.4538,,1,"orange_gnome",1,4,"bright_forest","red_basket","brown_gnome",1,5,"dark_forest","yellow_basket",5,0,0,1,"brown_gnome","dark_forest","yellow_basket",2186,-3,0,20,2,162,0,1,"",,,"",,,"",,,"",,,"",,,,,,,"","",,,"",,,"",,,"",,,,,,,"",,,"","",,,,,,,,"",,,,,,,"",,,"","","",,,,,,,,"",,,,,,,
"","","",,"","","","","","","",,"","","","","","","",,"","","","","","","",,"","","","","","","",,"","","","","","","",,"","","","","","","",,"","","","","","","",,"","","","","",242602,1,"2024-05-16_18h50.00.923","experiment","2023.2.3","Win32",60.60606061,"64136cee580125262273f242","6644f019e4b599e96769a32b","6646472fbdc35bd9d6fb0e58","",,,"",,,"",,,"",,,"",,,"",,,"",,,,,"",,,"",,,,"",,,"","","",,,"","",,1,,,,"","","",,,,,,,3,,"",,,"",,,,,,,,,,,"","",,,,,,,"","",,,"s",0.2878,,"space",0.4413,,3,"yellow_gnome",3,5,"dark_forest","yellow_basket","red_gnome",3,1,"bright_forest","red_basket",5,0,0,1,"yellow_gnome","dark_forest","yellow_basket",2191,2,0,20,3,163,2,1,"",,,"",,,"",,,"",,,"",,,,,,,"","",,,"",,,"",,,"",,,,,,,"",,,"","",,,,,,,,"",,,,,,,"",,,"","","",,,,,,,,"",,,,,,,
"","","",,"","","","","","","",,"","","","","","","",,"","","","","","","",,"","","","","","","",,"","","","","","","",,"","","","","","","",,"","","","","","","",,"","","","","",242602,1,"2024-05-16_18h50.00.923","experiment","2023.2.3","Win32",60.60606061,"64136cee580125262273f242","6644f019e4b599e96769a32b","6646472fbdc35bd9d6fb0e58","",,,"",,,"",,,"",,,"",,,"",,,"",,,,,"",,,"",,,,"",,,"","","",,,"","",,5,,,,"","","",,,,,,,2,,"",,,"",,,,,,,,,,,"","",,,,,,,"","",,,"s",0.1683,,"space",0.2757,,2,"green_gnome",2,3,"bright_forest","red_basket","pink_gnome",2,5,"dark_forest","yellow_basket",15,0,0,1,"green_gnome","bright_forest","red_basket",2206,-2,1,20,4,164,5,1,"",,,"",,,"",,,"",,,"",,,,,,,"","",,,"",,,"",,,"",,,,,,,"",,,"","",,,,,,,,"",,,,,,,"",,,"","","",,,,,,,,"",,,,,,,
"","","",,"","","","","","","",,"","","","","","","",,"","","","","","","",,"","","","","","","",,"","","","","","","",,"","","","","","","",,"","","","","","","",,"","","","","",242602,1,"2024-05-16_18h50.00.923","experiment","2023.2.3","Win32",60.60606061,"64136cee580125262273f242","6644f019e4b599e96769a32b","6646472fbdc35bd9d6fb0e58","",,,"",,,"",,,"",,,"",,,"",,,"",,,,,"",,,"",,,,"",,,"","","",,,"","",,1,,,,"","","",,,,,,,3,,"",,,"",,,,,,,,,,,"","",,,,,,,"","",,,"s",0.2045,,"space",0.2466,,3,"yellow_gnome",3,6,"dark_forest","yellow_basket","red_gnome",3,1,"bright_forest","red_basket",6,0,0,1,"yellow_gnome","dark_forest","yellow_basket",2212,-1,0,20,5,165,2,1,"",,,"",,,"",,,"",,,"",,,,,,,"","",,,"",,,"",,,"",,,,,,,"",,,"","",,,,,,,,"",,,,,,,"",,,"","","",,,,,,,,"",,,,,,,
"","","",,"","","","","","","",,"","","","","","","",,"","","","","","","",,"","","","","","","",,"","","","","","","",,"","","","","","","",,"","","","","","","",,"","","","","",242602,1,"2024-05-16_18h50.00.923","experiment","2023.2.3","Win32",60.60606061,"64136cee580125262273f242","6644f019e4b599e96769a32b","6646472fbdc35bd9d6fb0e58","",,,"",,,"",,,"",,,"",,,"",,,"",,,,,"",,,"",,,,"",,,"","","",,,"","",,1,,,,"","","",,,,,,,4,,"",,,"",,,,,,,,,,,"","",,,,,,,"","",,,"k",0.3873,,"space",0.3013,,4,"purple_gnome",4,6,"dark_forest","yellow_basket","blue_gnome",4,0,"bright_forest","red_basket",0,0,0,1,"blue_gnome","bright_forest","red_basket",2212,0,3,20,6,166,3,1,"",,,"",,,"",,,"",,,"",,,,,,,"","",,,"",,,"",,,"",,,,,,,"",,,"","",,,,,,,,"",,,,,,,"",,,"","","",,,,,,,,"",,,,,,,
"","","",,"","","","","","","",,"","","","","","","",,"","","","","","","",,"","","","","","","",,"","","","","","","",,"","","","","","","",,"","","","","","","",,"","","","","",242602,1,"2024-05-16_18h50.00.923","experiment","2023.2.3","Win32",60.60606061,"64136cee580125262273f242","6644f019e4b599e96769a32b","6646472fbdc35bd9d6fb0e58","",,,"",,,"",,,"",,,"",,,"",,,"",,,,,"",,,"",,,,"",,,"","","",,,"","",,5,,,,"","","",,,,,,,1,,"",,,"",,,,,,,,,,,"","",,,,,,,"","",,,"s",0.3225,,"space",0.2156,,1,"brown_gnome",1,9,"dark_forest","yellow_basket","orange_gnome",1,0,"bright_forest","red_basket",45,0,0,1,"brown_gnome","dark_forest","yellow_basket",2257,-4,2,20,7,167,4,1,"",,,"",,,"",,,"",,,"",,,,,,,"","",,,"",,,"",,,"",,,,,,,"",,,"","",,,,,,,,"",,,,,,,"",,,"","","",,,,,,,,"",,,,,,,
"","","",,"","","","","","","",,"","","","","","","",,"","","","","","","",,"","","","","","","",,"","","","","","","",,"","","","","","","",,"","","","","","","",,"","","","","",242602,1,"2024-05-16_18h50.00.923","experiment","2023.2.3","Win32",60.60606061,"64136cee580125262273f242","6644f019e4b599e96769a32b","6646472fbdc35bd9d6fb0e58","",,,"",,,"",,,"",,,"",,,"",,,"",,,,,"",,,"",,,,"",,,"","","",,,"","",,1,,,,"","","",,,,,,,1,,"",,,"",,,,,,,,,,,"","",,,,,,,"","",,,"s",0.6275,,"space",0.6788,,1,"orange_gnome",1,4,"bright_forest","red_basket","brown_gnome",1,7,"dark_forest","yellow_basket",4,0,0,1,"orange_gnome","bright_forest","red_basket",2261,-2,-1,21,0,168,0,1,"",,,"",,,"",,,"",,,"",,,,,,,"","",,,"",,,"",,,"",,,,,,,"",,,"","",,,,,,,,"",,,,,,,"",,,"","","",,,,,,,,"",,,,,,,
"","","",,"","","","","","","",,"","","","","","","",,"","","","","","","",,"","","","","","","",,"","","","","","","",,"","","","","","","",,"","","","","","","",,"","","","","",242602,1,"2024-05-16_18h50.00.923","experiment","2023.2.3","Win32",60.60606061,"64136cee580125262273f242","6644f019e4b599e96769a32b","6646472fbdc35bd9d6fb0e58","",,,"",,,"",,,"",,,"",,,"",,,"",,,,,"",,,"",,,,"",,,"","","",,,"","",,5,,,,"","","",,,,,,,1,,"",,,"",,,,,,,,,,,"","",,,,,,,"","",,,"k",0.4635,,"space",0.504,,1,"brown_gnome",1,6,"dark_forest","yellow_basket","orange_gnome",1,2,"bright_forest","red_basket",10,0,0,1,"orange_gnome","bright_forest","red_basket",2271,-1,5,21,1,169,4,1,"",,,"",,,"",,,"",,,"",,,,,,,"","",,,"",,,"",,,"",,,,,,,"",,,"","",,,,,,,,"",,,,,,,"",,,"","","",,,,,,,,"",,,,,,,
"","","",,"","","","","","","",,"","","","","","","",,"","","","","","","",,"","","","","","","",,"","","","","","","",,"","","","","","","",,"","","","","","","",,"","","","","",242602,1,"2024-05-16_18h50.00.923","experiment","2023.2.3","Win32",60.60606061,"64136cee580125262273f242","6644f019e4b599e96769a32b","6646472fbdc35bd9d6fb0e58","",,,"",,,"",,,"",,,"",,,"",,,"",,,,,"",,,"",,,,"",,,"","","",,,"","",,5,,,,"","","",,,,,,,2,,"",,,"",,,,,,,,,,,"","",,,,,,,"","",,,"s",0.0494,,"space",0.6727,,2,"pink_gnome",2,7,"dark_forest","yellow_basket","green_gnome",2,1,"bright_forest","red_basket",35,0,0,1,"pink_gnome","dark_forest","yellow_basket",2306,2,-4,21,2,170,5,1,"",,,"",,,"",,,"",,,"",,,,,,,"","",,,"",,,"",,,"",,,,,,,"",,,"","",,,,,,,,"",,,,,,,"",,,"","","",,,,,,,,"",,,,,,,
"","","",,"","","","","","","",,"","","","","","","",,"","","","","","","",,"","","","","","","",,"","","","","","","",,"","","","","","","",,"","","","","","","",,"","","","","",242602,1,"2024-05-16_18h50.00.923","experiment","2023.2.3","Win32",60.60606061,"64136cee580125262273f242","6644f019e4b599e96769a32b","6646472fbdc35bd9d6fb0e58","",,,"",,,"",,,"",,,"",,,"",,,"",,,,,"",,,"",,,,"",,,"","","",,,"","",,5,,,,"","","",,,,,,,2,,"",,,"",,,,,,,,,,,"","",,,,,,,"","",,,"s",0.8955,,"space",0.2916,,2,"pink_gnome",2,3,"dark_forest","yellow_basket","green_gnome",2,3,"bright_forest","red_basket",15,0,0,1,"pink_gnome","dark_forest","yellow_basket",2321,1,-2,21,3,171,5,1,"",,,"",,,"",,,"",,,"",,,,,,,"","",,,"",,,"",,,"",,,,,,,"",,,"","",,,,,,,,"",,,,,,,"",,,"","","",,,,,,,,"",,,,,,,
"","","",,"","","","","","","",,"","","","","","","",,"","","","","","","",,"","","","","","","",,"","","","","","","",,"","","","","","","",,"","","","","","","",,"","","","","",242602,1,"2024-05-16_18h50.00.923","experiment","2023.2.3","Win32",60.60606061,"64136cee580125262273f242","6644f019e4b599e96769a32b","6646472fbdc35bd9d6fb0e58","",,,"",,,"",,,"",,,"",,,"",,,"",,,,,"",,,"",,,,"",,,"","","",,,"","",,1,,,,"","","",,,,,,,1,,"",,,"",,,,,,,,,,,"","",,,,,,,"","",,,"s",0.4279,,"space",0.2703,,1,"orange_gnome",1,4,"bright_forest","red_basket","brown_gnome",1,1,"dark_forest","yellow_basket",4,0,0,1,"orange_gnome","bright_forest","red_basket",2325,1,0,21,4,172,0,1,"",,,"",,,"",,,"",,,"",,,,,,,"","",,,"",,,"",,,"",,,,,,,"",,,"","",,,,,,,,"",,,,,,,"",,,"","","",,,,,,,,"",,,,,,,
"","","",,"","","","","","","",,"","","","","","","",,"","","","","","","",,"","","","","","","",,"","","","","","","",,"","","","","","","",,"","","","","","","",,"","","","","",242602,1,"2024-05-16_18h50.00.923","experiment","2023.2.3","Win32",60.60606061,"64136cee580125262273f242","6644f019e4b599e96769a32b","6646472fbdc35bd9d6fb0e58","",,,"",,,"",,,"",,,"",,,"",,,"",,,,,"",,,"",,,,"",,,"","","",,,"","",,1,,,,"","","",,,,,,,4,,"",,,"",,,,,,,,,,,"","",,,,,,,"","",,,"s",0.1564,,"space",0.7606,,4,"purple_gnome",4,1,"dark_forest","yellow_basket","blue_gnome",4,5,"bright_forest","red_basket",1,0,0,1,"purple_gnome","dark_forest","yellow_basket",2326,0,-2,21,5,173,3,1,"",,,"",,,"",,,"",,,"",,,,,,,"","",,,"",,,"",,,"",,,,,,,"",,,"","",,,,,,,,"",,,,,,,"",,,"","","",,,,,,,,"",,,,,,,
"","","",,"","","","","","","",,"","","","","","","",,"","","","","","","",,"","","","","","","",,"","","","","","","",,"","","","","","","",,"","","","","","","",,"","","","","",242602,1,"2024-05-16_18h50.00.923","experiment","2023.2.3","Win32",60.60606061,"64136cee580125262273f242","6644f019e4b599e96769a32b","6646472fbdc35bd9d6fb0e58","",,,"",,,"",,,"",,,"",,,"",,,"",,,,,"",,,"",,,,"",,,"","","",,,"","",,1,,,,"","","",,,,,,,1,,"",,,"",,,,,,,,,,,"","",,,,,,,"","",,,"k",0.3929,,"space",1.4774,,1,"orange_gnome",1,5,"bright_forest","red_basket","brown_gnome",1,1,"dark_forest","yellow_basket",1,0,0,1,"brown_gnome","dark_forest","yellow_basket",2327,-2,0,21,6,174,0,1,"",,,"",,,"",,,"",,,"",,,,,,,"","",,,"",,,"",,,"",,,,,,,"",,,"","",,,,,,,,"",,,,,,,"",,,"","","",,,,,,,,"",,,,,,,
"","","",,"","","","","","","",,"","","","","","","",,"","","","","","","",,"","","","","","","",,"","","","","","","",,"","","","","","","",,"","","","","","","",,"","","","","",242602,1,"2024-05-16_18h50.00.923","experiment","2023.2.3","Win32",60.60606061,"64136cee580125262273f242","6644f019e4b599e96769a32b","6646472fbdc35bd9d6fb0e58","",,,"",,,"",,,"",,,"",,,"",,,"",,,,,"",,,"",,,,"",,,"","","",,,"","",,5,,,,"","","",,,,,,,4,,"",,,"",,,,,,,,,,,"","",,,,,,,"","",,,"s",0.1878,,"space",0.3152,,4,"blue_gnome",4,3,"bright_forest","red_basket","purple_gnome",4,1,"dark_forest","yellow_basket",15,0,0,1,"blue_gnome","bright_forest","red_basket",2342,1,-2,21,7,175,7,1,"",,,"",,,"",,,"",,,"",,,,,,,"","",,,"",,,"",,,"",,,,,,,"",,,"","",,,,,,,,"",,,,,,,"",,,"","","",,,,,,,,"",,,,,,,
"","","",,"","","","","","","",,"","","","","","","",,"","","","","","","",,"","","","","","","",,"","","","","","","",,"","","","","","","",,"","","","","","","",,"","","","","",242602,1,"2024-05-16_18h50.00.923","experiment","2023.2.3","Win32",60.60606061,"64136cee580125262273f242","6644f019e4b599e96769a32b","6646472fbdc35bd9d6fb0e58","",,,"",,,"",,,"",,,"",,,"",,,"",,,,,"",,,"",,,,"",,,"","","",,,"","",,1,,,,"","","",,,,,,,3,,"",,,"",,,,,,,,,,,"","",,,,,,,"","",,,"",,,"",,,3,"yellow_gnome",3,1,"dark_forest","yellow_basket","red_gnome",3,4,"bright_forest","red_basket",0,1,0,0,"","bright_forest","red_basket",2342,1,-3,22,0,176,2,1,"",,,"",,,"",,,"",,,"",,,,,,,"","",,,"",,,"",,,"",,,,,,,"",,,"","",,,,,,,,"",,,,,,,"",,,"","","",,,,,,,,"",,,,,,,
"","","",,"","","","","","","",,"","","","","","","",,"","","","","","","",,"","","","","","","",,"","","","","","","",,"","","","","","","",,"","","","","","","",,"","","","","",242602,1,"2024-05-16_18h50.00.923","experiment","2023.2.3","Win32",60.60606061,"64136cee580125262273f242","6644f019e4b599e96769a32b","6646472fbdc35bd9d6fb0e58","",,,"",,,"",,,"",,,"",,,"",,,"",,,,,"",,,"",,,,"",,,"","","",,,"","",,1,,,,"","","",,,,,,,1,,"",,,"",,,,,,,,,,,"","",,,,,,,"","",,,"k",0.5415,,"space",0.3712,,1,"orange_gnome",1,5,"bright_forest","red_basket","brown_gnome",1,2,"dark_forest","yellow_basket",2,0,0,1,"brown_gnome","dark_forest","yellow_basket",2344,1,-1,22,1,177,0,1,"",,,"",,,"",,,"",,,"",,,,,,,"","",,,"",,,"",,,"",,,,,,,"",,,"","",,,,,,,,"",,,,,,,"",,,"","","",,,,,,,,"",,,,,,,
"","","",,"","","","","","","",,"","","","","","","",,"","","","","","","",,"","","","","","","",,"","","","","","","",,"","","","","","","",,"","","","","","","",,"","","","","",242602,1,"2024-05-16_18h50.00.923","experiment","2023.2.3","Win32",60.60606061,"64136cee580125262273f242","6644f019e4b599e96769a32b","6646472fbdc35bd9d6fb0e58","",,,"",,,"",,,"",,,"",,,"",,,"",,,,,"",,,"",,,,"",,,"","","",,,"","",,5,,,,"","","",,,,,,,1,,"",,,"",,,,,,,,,,,"","",,,,,,,"","",,,"s",0.0887,,"space",0.3489,,1,"orange_gnome",1,6,"bright_forest","red_basket","brown_gnome",1,1,"dark_forest","yellow_basket",30,0,0,1,"orange_gnome","bright_forest","red_basket",2374,-3,3,22,2,178,4,1,"",,,"",,,"",,,"",,,"",,,,,,,"","",,,"",,,"",,,"",,,,,,,"",,,"","",,,,,,,,"",,,,,,,"",,,"","","",,,,,,,,"",,,,,,,
"","","",,"","","","","","","",,"","","","","","","",,"","","","","","","",,"","","","","","","",,"","","","","","","",,"","","","","","","",,"","","","","","","",,"","","","","",242602,1,"2024-05-16_18h50.00.923","experiment","2023.2.3","Win32",60.60606061,"64136cee580125262273f242","6644f019e4b599e96769a32b","6646472fbdc35bd9d6fb0e58","",,,"",,,"",,,"",,,"",,,"",,,"",,,,,"",,,"",,,,"",,,"","","",,,"","",,1,,,,"","","",,,,,,,3,,"",,,"",,,,,,,,,,,"","",,,,,,,"","",,,"s",0.3564,,"space",0.3864,,3,"red_gnome",3,3,"bright_forest","red_basket","yellow_gnome",3,4,"dark_forest","yellow_basket",3,0,0,1,"red_gnome","bright_forest","red_basket",2377,1,1,22,3,179,2,1,"",,,"",,,"",,,"",,,"",,,,,,,"","",,,"",,,"",,,"",,,,,,,"",,,"","",,,,,,,,"",,,,,,,"",,,"","","",,,,,,,,"",,,,,,,
"","","",,"","","","","","","",,"","","","","","","",,"","","","","","","",,"","","","","","","",,"","","","","","","",,"","","","","","","",,"","","","","","","",,"","","","","",242602,1,"2024-05-16_18h50.00.923","experiment","2023.2.3","Win32",60.60606061,"64136cee580125262273f242","6644f019e4b599e96769a32b","6646472fbdc35bd9d6fb0e58","",,,"",,,"",,,"",,,"",,,"",,,"",,,,,"",,,"",,,,"",,,"","","",,,"","",,1,,,,"","","",,,,,,,1,,"",,,"",,,,,,,,,,,"","",,,,,,,"","",,,"k",0.2861,,"space",0.4468,,1,"brown_gnome",1,5,"dark_forest","yellow_basket","orange_gnome",1,4,"bright_forest","red_basket",4,0,0,1,"orange_gnome","bright_forest","red_basket",2381,1,1,22,4,180,0,1,"",,,"",,,"",,,"",,,"",,,,,,,"","",,,"",,,"",,,"",,,,,,,"",,,"","",,,,,,,,"",,,,,,,"",,,"","","",,,,,,,,"",,,,,,,
"","","",,"","","","","","","",,"","","","","","","",,"","","","","","","",,"","","","","","","",,"","","","","","","",,"","","","","","","",,"","","","","","","",,"","","","","",242602,1,"2024-05-16_18h50.00.923","experiment","2023.2.3","Win32",60.60606061,"64136cee580125262273f242","6644f019e4b599e96769a32b","6646472fbdc35bd9d6fb0e58","",,,"",,,"",,,"",,,"",,,"",,,"",,,,,"",,,"",,,,"",,,"","","",,,"","",,5,,,,"","","",,,,,,,3,,"",,,"",,,,,,,,,,,"","",,,,,,,"","",,,"s",0.244,,"space",0.322,,3,"yellow_gnome",3,6,"dark_forest","yellow_basket","red_gnome",3,5,"bright_forest","red_basket",30,0,0,1,"yellow_gnome","dark_forest","yellow_basket",2411,-1,1,22,5,181,6,1,"",,,"",,,"",,,"",,,"",,,,,,,"","",,,"",,,"",,,"",,,,,,,"",,,"","",,,,,,,,"",,,,,,,"",,,"","","",,,,,,,,"",,,,,,,
"","","",,"","","","","","","",,"","","","","","","",,"","","","","","","",,"","","","","","","",,"","","","","","","",,"","","","","","","",,"","","","","","","",,"","","","","",242602,1,"2024-05-16_18h50.00.923","experiment","2023.2.3","Win32",60.60606061,"64136cee580125262273f242","6644f019e4b599e96769a32b","6646472fbdc35bd9d6fb0e58","",,,"",,,"",,,"",,,"",,,"",,,"",,,,,"",,,"",,,,"",,,"","","",,,"","",,1,,,,"","","",,,,,,,2,,"",,,"",,,,,,,,,,,"","",,,,,,,"","",,,"k",0.2818,,"space",0.5608,,2,"green_gnome",2,4,"bright_forest","red_basket","pink_gnome",2,7,"dark_forest","yellow_basket",7,0,0,1,"pink_gnome","dark_forest","yellow_basket",2418,0,2,22,6,182,1,1,"",,,"",,,"",,,"",,,"",,,,,,,"","",,,"",,,"",,,"",,,,,,,"",,,"","",,,,,,,,"",,,,,,,"",,,"","","",,,,,,,,"",,,,,,,
"","","",,"","","","","","","",,"","","","","","","",,"","","","","","","",,"","","","","","","",,"","","","","","","",,"","","","","","","",,"","","","","","","",,"","","","","",242602,1,"2024-05-16_18h50.00.923","experiment","2023.2.3","Win32",60.60606061,"64136cee580125262273f242","6644f019e4b599e96769a32b","6646472fbdc35bd9d6fb0e58","",,,"",,,"",,,"",,,"",,,"",,,"",,,,,"",,,"",,,,"",,,"","","",,,"","",,5,,,,"","","",,,,,,,4,,"",,,"",,,,,,,,,,,"","",,,,,,,"","",,,"s",0.353,,"space",0.5739,,4,"blue_gnome",4,4,"bright_forest","red_basket","purple_gnome",4,9,"dark_forest","yellow_basket",20,0,0,1,"blue_gnome","bright_forest","red_basket",2438,1,0,22,7,183,7,1,"",,,"",,,"",,,"",,,"",,,,,,,"","",,,"",,,"",,,"",,,,,,,"",,,"","",,,,,,,,"",,,,,,,"",,,"","","",,,,,,,,"",,,,,,,
"","","",,"","","","","","","",,"","","","","","","",,"","","","","","","",,"","","","","","","",,"","","","","","","",,"","","","","","","",,"","","","","","","",,"","","","","",242602,1,"2024-05-16_18h50.00.923","experiment","2023.2.3","Win32",60.60606061,"64136cee580125262273f242","6644f019e4b599e96769a32b","6646472fbdc35bd9d6fb0e58","",,,"",,,"",,,"",,,"",,,"",,,"",,,,,"",,,"",,,,"",,,"","","",,,"","",,5,,,,"","","",,,,,,,1,,"",,,"",,,,,,,,,,,"","",,,,,,,"","",,,"k",0.2533,,"space",0.3912,,1,"orange_gnome",1,5,"bright_forest","red_basket","brown_gnome",1,9,"dark_forest","yellow_basket",45,0,0,1,"brown_gnome","dark_forest","yellow_basket",2483,3,-1,23,0,184,4,1,"",,,"",,,"",,,"",,,"",,,,,,,"","",,,"",,,"",,,"",,,,,,,"",,,"","",,,,,,,,"",,,,,,,"",,,"","","",,,,,,,,"",,,,,,,
"","","",,"","","","","","","",,"","","","","","","",,"","","","","","","",,"","","","","","","",,"","","","","","","",,"","","","","","","",,"","","","","","","",,"","","","","",242602,1,"2024-05-16_18h50.00.923","experiment","2023.2.3","Win32",60.60606061,"64136cee580125262273f242","6644f019e4b599e96769a32b","6646472fbdc35bd9d6fb0e58","",,,"",,,"",,,"",,,"",,,"",,,"",,,,,"",,,"",,,,"",,,"","","",,,"","",,5,,,,"","","",,,,,,,2,,"",,,"",,,,,,,,,,,"","",,,,,,,"","",,,"s",0.1412,,"space",0.1933,,2,"green_gnome",2,8,"bright_forest","red_basket","pink_gnome",2,8,"dark_forest","yellow_basket",40,0,0,1,"green_gnome","bright_forest","red_basket",2523,-2,1,23,1,185,5,1,"",,,"",,,"",,,"",,,"",,,,,,,"","",,,"",,,"",,,"",,,,,,,"",,,"","",,,,,,,,"",,,,,,,"",,,"","","",,,,,,,,"",,,,,,,
"","","",,"","","","","","","",,"","","","","","","",,"","","","","","","",,"","","","","","","",,"","","","","","","",,"","","","","","","",,"","","","","","","",,"","","","","",242602,1,"2024-05-16_18h50.00.923","experiment","2023.2.3","Win32",60.60606061,"64136cee580125262273f242","6644f019e4b599e96769a32b","6646472fbdc35bd9d6fb0e58","",,,"",,,"",,,"",,,"",,,"",,,"",,,,,"",,,"",,,,"",,,"","","",,,"","",,1,,,,"","","",,,,,,,3,,"",,,"",,,,,,,,,,,"","",,,,,,,"","",,,"k",0.5457,,"space",0.7152,,3,"yellow_gnome",3,9,"dark_forest","yellow_basket","red_gnome",3,6,"bright_forest","red_basket",6,0,0,1,"red_gnome","bright_forest","red_basket",2529,0,0,23,2,186,2,1,"",,,"",,,"",,,"",,,"",,,,,,,"","",,,"",,,"",,,"",,,,,,,"",,,"","",,,,,,,,"",,,,,,,"",,,"","","",,,,,,,,"",,,,,,,
"","","",,"","","","","","","",,"","","","","","","",,"","","","","","","",,"","","","","","","",,"","","","","","","",,"","","","","","","",,"","","","","","","",,"","","","","",242602,1,"2024-05-16_18h50.00.923","experiment","2023.2.3","Win32",60.60606061,"64136cee580125262273f242","6644f019e4b599e96769a32b","6646472fbdc35bd9d6fb0e58","",,,"",,,"",,,"",,,"",,,"",,,"",,,,,"",,,"",,,,"",,,"","","",,,"","",,1,,,,"","","",,,,,,,1,,"",,,"",,,,,,,,,,,"","",,,,,,,"","",,,"s",0.3417,,"space",0.4096,,1,"brown_gnome",1,9,"dark_forest","yellow_basket","orange_gnome",1,6,"bright_forest","red_basket",9,0,0,1,"brown_gnome","dark_forest","yellow_basket",2538,-1,-3,23,3,187,0,1,"",,,"",,,"",,,"",,,"",,,,,,,"","",,,"",,,"",,,"",,,,,,,"",,,"","",,,,,,,,"",,,,,,,"",,,"","","",,,,,,,,"",,,,,,,
"","","",,"","","","","","","",,"","","","","","","",,"","","","","","","",,"","","","","","","",,"","","","","","","",,"","","","","","","",,"","","","","","","",,"","","","","",242602,1,"2024-05-16_18h50.00.923","experiment","2023.2.3","Win32",60.60606061,"64136cee580125262273f242","6644f019e4b599e96769a32b","6646472fbdc35bd9d6fb0e58","",,,"",,,"",,,"",,,"",,,"",,,"",,,,,"",,,"",,,,"",,,"","","",,,"","",,5,,,,"","","",,,,,,,4,,"",,,"",,,,,,,,,,,"","",,,,,,,"","",,,"k",0.2868,,"space",0.6122,,4,"blue_gnome",4,5,"bright_forest","red_basket","purple_gnome",4,6,"dark_forest","yellow_basket",30,0,0,1,"purple_gnome","dark_forest","yellow_basket",2568,1,0,23,4,188,7,1,"",,,"",,,"",,,"",,,"",,,,,,,"","",,,"",,,"",,,"",,,,,,,"",,,"","",,,,,,,,"",,,,,,,"",,,"","","",,,,,,,,"",,,,,,,
"","","",,"","","","","","","",,"","","","","","","",,"","","","","","","",,"","","","","","","",,"","","","","","","",,"","","","","","","",,"","","","","","","",,"","","","","",242602,1,"2024-05-16_18h50.00.923","experiment","2023.2.3","Win32",60.60606061,"64136cee580125262273f242","6644f019e4b599e96769a32b","6646472fbdc35bd9d6fb0e58","",,,"",,,"",,,"",,,"",,,"",,,"",,,,,"",,,"",,,,"",,,"","","",,,"","",,5,,,,"","","",,,,,,,4,,"",,,"",,,,,,,,,,,"","",,,,,,,"","",,,"s",0.1963,,"space",0.4137,,4,"purple_gnome",4,6,"dark_forest","yellow_basket","blue_gnome",4,6,"bright_forest","red_basket",30,0,0,1,"purple_gnome","dark_forest","yellow_basket",2598,-1,2,23,5,189,7,1,"",,,"",,,"",,,"",,,"",,,,,,,"","",,,"",,,"",,,"",,,,,,,"",,,"","",,,,,,,,"",,,,,,,"",,,"","","",,,,,,,,"",,,,,,,
"","","",,"","","","","","","",,"","","","","","","",,"","","","","","","",,"","","","","","","",,"","","","","","","",,"","","","","","","",,"","","","","","","",,"","","","","",242602,1,"2024-05-16_18h50.00.923","experiment","2023.2.3","Win32",60.60606061,"64136cee580125262273f242","6644f019e4b599e96769a32b","6646472fbdc35bd9d6fb0e58","",,,"",,,"",,,"",,,"",,,"",,,"",,,,,"",,,"",,,,"",,,"","","",,,"","",,1,,,,"","","",,,,,,,2,,"",,,"",,,,,,,,,,,"","",,,,,,,"","",,,"k",0.5533,,"space",0.3869,,2,"green_gnome",2,5,"bright_forest","red_basket","pink_gnome",2,8,"dark_forest","yellow_basket",8,0,0,1,"pink_gnome","dark_forest","yellow_basket",2606,2,-3,23,6,190,1,1,"",,,"",,,"",,,"",,,"",,,,,,,"","",,,"",,,"",,,"",,,,,,,"",,,"","",,,,,,,,"",,,,,,,"",,,"","","",,,,,,,,"",,,,,,,
"","","",,"","","","","","","",,"","","","","","","",,"","","","","","","",,"","","","","","","",,"","","","","","","",,"","","","","","","",,"","","","","","","",,"","","","","",242602,1,"2024-05-16_18h50.00.923","experiment","2023.2.3","Win32",60.60606061,"64136cee580125262273f242","6644f019e4b599e96769a32b","6646472fbdc35bd9d6fb0e58","",,,"",,,"",,,"",,,"",,,"",,,"",,,,,"",,,"",,,,"",,,"","","",,,"","",,1,,,,"","","",,,,,,,1,,"",,,"",,,,,,,,,,,"","",,,,,,,"","",,,"s",0.3154,,"space",0.3094,,1,"orange_gnome",1,7,"bright_forest","red_basket","brown_gnome",1,5,"dark_forest","yellow_basket",7,0,0,1,"orange_gnome","bright_forest","red_basket",2613,-5,0,23,7,191,0,1,"space",4.0051,,"",,,"",,,"",,,"",,,,,,,"","",,,"",,,"",,,"",,,,,,,"",,,"","",,,,,,,,"",,,,,,,"",,,"","","",,,,,,,,"",,,,,,,
"","","",,"","","","","","","",,"","","","","","","",,"","","","","","","",,"","","","","","","",,"","","","","","","",,"","","","","","","",,"","","","","","","",,"","","","","",242602,1,"2024-05-16_18h50.00.923","experiment","2023.2.3","Win32",60.60606061,"64136cee580125262273f242","6644f019e4b599e96769a32b","6646472fbdc35bd9d6fb0e58","",,,"",,,"",,,"",,,"",,,"",,,"",,,,,"",,,"",,,,"",,,"","","",,,"","",,1,,,,"","","",,,,,,,3,,"",,,"",,,,,,,,,,,"","",,,,,,,"","",,,"k",0.3426,,"space",0.3113,,3,"red_gnome",3,2,"bright_forest","red_basket","yellow_gnome",3,5,"dark_forest","yellow_basket",5,0,0,1,"yellow_gnome","dark_forest","yellow_basket",2618,-5,2,24,0,192,2,1,"",,,"",,,"",,,"",,,"",,,,,,,"","",,,"",,,"",,,"",,,,,,,"",,,"","",,,,,,,,"",,,,,,,"",,,"","","",,,,,,,,"",,,,,,,
"","","",,"","","","","","","",,"","","","","","","",,"","","","","","","",,"","","","","","","",,"","","","","","","",,"","","","","","","",,"","","","","","","",,"","","","","",242602,1,"2024-05-16_18h50.00.923","experiment","2023.2.3","Win32",60.60606061,"64136cee580125262273f242","6644f019e4b599e96769a32b","6646472fbdc35bd9d6fb0e58","",,,"",,,"",,,"",,,"",,,"",,,"",,,,,"",,,"",,,,"",,,"","","",,,"","",,1,,,,"","","",,,,,,,2,,"",,,"",,,,,,,,,,,"","",,,,,,,"","",,,"s",0.3741,,"space",0.4369,,2,"pink_gnome",2,7,"dark_forest","yellow_basket","green_gnome",2,3,"bright_forest","red_basket",7,0,0,1,"pink_gnome","dark_forest","yellow_basket",2625,0,0,24,1,193,1,1,"",,,"",,,"",,,"",,,"",,,,,,,"","",,,"",,,"",,,"",,,,,,,"",,,"","",,,,,,,,"",,,,,,,"",,,"","","",,,,,,,,"",,,,,,,
"","","",,"","","","","","","",,"","","","","","","",,"","","","","","","",,"","","","","","","",,"","","","","","","",,"","","","","","","",,"","","","","","","",,"","","","","",242602,1,"2024-05-16_18h50.00.923","experiment","2023.2.3","Win32",60.60606061,"64136cee580125262273f242","6644f019e4b599e96769a32b","6646472fbdc35bd9d6fb0e58","",,,"",,,"",,,"",,,"",,,"",,,"",,,,,"",,,"",,,,"",,,"","","",,,"","",,1,,,,"","","",,,,,,,4,,"",,,"",,,,,,,,,,,"","",,,,,,,"","",,,"s",0.2365,,"space",0.4572,,4,"purple_gnome",4,7,"dark_forest","yellow_basket","blue_gnome",4,3,"bright_forest","red_basket",7,0,0,1,"purple_gnome","dark_forest","yellow_basket",2632,-2,-1,24,2,194,3,1,"",,,"",,,"",,,"",,,"",,,,,,,"","",,,"",,,"",,,"",,,,,,,"",,,"","",,,,,,,,"",,,,,,,"",,,"","","",,,,,,,,"",,,,,,,
"","","",,"","","","","","","",,"","","","","","","",,"","","","","","","",,"","","","","","","",,"","","","","","","",,"","","","","","","",,"","","","","","","",,"","","","","",242602,1,"2024-05-16_18h50.00.923","experiment","2023.2.3","Win32",60.60606061,"64136cee580125262273f242","6644f019e4b599e96769a32b","6646472fbdc35bd9d6fb0e58","",,,"",,,"",,,"",,,"",,,"",,,"",,,,,"",,,"",,,,"",,,"","","",,,"","",,5,,,,"","","",,,,,,,2,,"",,,"",,,,,,,,,,,"","",,,,,,,"","",,,"k",0.2891,,"space",0.3913,,2,"pink_gnome",2,6,"dark_forest","yellow_basket","green_gnome",2,1,"bright_forest","red_basket",5,0,0,1,"green_gnome","bright_forest","red_basket",2637,-1,2,24,3,195,5,1,"",,,"",,,"",,,"",,,"",,,,,,,"","",,,"",,,"",,,"",,,,,,,"",,,"","",,,,,,,,"",,,,,,,"",,,"","","",,,,,,,,"",,,,,,,
"","","",,"","","","","","","",,"","","","","","","",,"","","","","","","",,"","","","","","","",,"","","","","","","",,"","","","","","","",,"","","","","","","",,"","","","","",242602,1,"2024-05-16_18h50.00.923","experiment","2023.2.3","Win32",60.60606061,"64136cee580125262273f242","6644f019e4b599e96769a32b","6646472fbdc35bd9d6fb0e58","",,,"",,,"",,,"",,,"",,,"",,,"",,,,,"",,,"",,,,"",,,"","","",,,"","",,1,,,,"","","",,,,,,,4,,"",,,"",,,,,,,,,,,"","",,,,,,,"","",,,"s",0.1938,,"space",0.361,,4,"purple_gnome",4,8,"dark_forest","yellow_basket","blue_gnome",4,0,"bright_forest","red_basket",8,0,0,1,"purple_gnome","dark_forest","yellow_basket",2645,-1,-3,24,4,196,3,1,"",,,"",,,"",,,"",,,"",,,,,,,"","",,,"",,,"",,,"",,,,,,,"",,,"","",,,,,,,,"",,,,,,,"",,,"","","",,,,,,,,"",,,,,,,
"","","",,"","","","","","","",,"","","","","","","",,"","","","","","","",,"","","","","","","",,"","","","","","","",,"","","","","","","",,"","","","","","","",,"","","","","",242602,1,"2024-05-16_18h50.00.923","experiment","2023.2.3","Win32",60.60606061,"64136cee580125262273f242","6644f019e4b599e96769a32b","6646472fbdc35bd9d6fb0e58","",,,"",,,"",,,"",,,"",,,"",,,"",,,,,"",,,"",,,,"",,,"","","",,,"","",,5,,,,"","","",,,,,,,2,,"",,,"",,,,,,,,,,,"","",,,,,,,"","",,,"k",0.2796,,"space",0.4893,,2,"pink_gnome",2,5,"dark_forest","yellow_basket","green_gnome",2,1,"bright_forest","red_basket",5,0,0,1,"green_gnome","bright_forest","red_basket",2650,1,0,24,5,197,5,1,"",,,"",,,"",,,"",,,"",,,,,,,"","",,,"",,,"",,,"",,,,,,,"",,,"","",,,,,,,,"",,,,,,,"",,,"","","",,,,,,,,"",,,,,,,
"","","",,"","","","","","","",,"","","","","","","",,"","","","","","","",,"","","","","","","",,"","","","","","","",,"","","","","","","",,"","","","","","","",,"","","","","",242602,1,"2024-05-16_18h50.00.923","experiment","2023.2.3","Win32",60.60606061,"64136cee580125262273f242","6644f019e4b599e96769a32b","6646472fbdc35bd9d6fb0e58","",,,"",,,"",,,"",,,"",,,"",,,"",,,,,"",,,"",,,,"",,,"","","",,,"","",,5,,,,"","","",,,,,,,3,,"",,,"",,,,,,,,,,,"","",,,,,,,"","",,,"s",0.3552,,"space",0.8561,,3,"yellow_gnome",3,5,"dark_forest","yellow_basket","red_gnome",3,2,"bright_forest","red_basket",25,0,0,1,"yellow_gnome","dark_forest","yellow_basket",2675,-1,0,24,6,198,6,1,"",,,"",,,"",,,"",,,"",,,,,,,"","",,,"",,,"",,,"",,,,,,,"",,,"","",,,,,,,,"",,,,,,,"",,,"","","",,,,,,,,"",,,,,,,
"","","",,"","","","","","","",,"","","","","","","",,"","","","","","","",,"","","","","","","",,"","","","","","","",,"","","","","","","",,"","","","","","","",,"","","","","",242602,1,"2024-05-16_18h50.00.923","experiment","2023.2.3","Win32",60.60606061,"64136cee580125262273f242","6644f019e4b599e96769a32b","6646472fbdc35bd9d6fb0e58","",,,"",,,"",,,"",,,"",,,"",,,"",,,,,"",,,"",,,,"",,,"","","",,,"","",,1,,,,"","","",,,,,,,3,,"",,,"",,,,,,,,,,,"","",,,,,,,"","",,,"s",0.247,,"space",0.6301,,3,"yellow_gnome",3,5,"dark_forest","yellow_basket","red_gnome",3,1,"bright_forest","red_basket",5,0,0,1,"yellow_gnome","dark_forest","yellow_basket",2680,6,0,24,7,199,2,1,"",,,"",,,"",,,"",,,"",,,,,,,"","",,,"",,,"",,,"",,,,,,,"",,,"","",,,,,,,,"",,,,,,,"",,,"","","",,,,,,,,"",,,,,,,
"","","",,"","","","","","","",,"","","","","","","",,"","","","","","","",,"","","","","","","",,"","","","","","","",,"","","","","","","",,"","","","","","","",,"","","","","",242602,1,"2024-05-16_18h50.00.923","experiment","2023.2.3","Win32",60.60606061,"64136cee580125262273f242","6644f019e4b599e96769a32b","6646472fbdc35bd9d6fb0e58","",,,"",,,"",,,"",,,"",,,"",,,"",,,,,"",,,"",,,,"",,,"","","",,,"","",,1,,,,"","","",,,,,,,4,,"",,,"",,,,,,,,,,,"","",,,,,,,"","",,,"k",0.0516,,"space",0.5362,,4,"blue_gnome",4,7,"bright_forest","red_basket","purple_gnome",4,5,"dark_forest","yellow_basket",5,0,0,1,"purple_gnome","dark_forest","yellow_basket",2685,1,2,25,0,200,3,1,"",,,"",,,"",,,"",,,"",,,,,,,"","",,,"",,,"",,,"",,,,,,,"",,,"","",,,,,,,,"",,,,,,,"",,,"","","",,,,,,,,"",,,,,,,
"","","",,"","","","","","","",,"","","","","","","",,"","","","","","","",,"","","","","","","",,"","","","","","","",,"","","","","","","",,"","","","","","","",,"","","","","",242602,1,"2024-05-16_18h50.00.923","experiment","2023.2.3","Win32",60.60606061,"64136cee580125262273f242","6644f019e4b599e96769a32b","6646472fbdc35bd9d6fb0e58","",,,"",,,"",,,"",,,"",,,"",,,"",,,,,"",,,"",,,,"",,,"","","",,,"","",,1,,,,"","","",,,,,,,2,,"",,,"",,,,,,,,,,,"","",,,,,,,"","",,,"s",0.0557,,"space",0.4041,,2,"pink_gnome",2,7,"dark_forest","yellow_basket","green_gnome",2,8,"bright_forest","red_basket",7,0,0,1,"pink_gnome","dark_forest","yellow_basket",2692,-1,-2,25,1,201,1,1,"",,,"",,,"",,,"",,,"",,,,,,,"","",,,"",,,"",,,"",,,,,,,"",,,"","",,,,,,,,"",,,,,,,"",,,"","","",,,,,,,,"",,,,,,,
"","","",,"","","","","","","",,"","","","","","","",,"","","","","","","",,"","","","","","","",,"","","","","","","",,"","","","","","","",,"","","","","","","",,"","","","","",242602,1,"2024-05-16_18h50.00.923","experiment","2023.2.3","Win32",60.60606061,"64136cee580125262273f242","6644f019e4b599e96769a32b","6646472fbdc35bd9d6fb0e58","",,,"",,,"",,,"",,,"",,,"",,,"",,,,,"",,,"",,,,"",,,"","","",,,"","",,1,,,,"","","",,,,,,,2,,"",,,"",,,,,,,,,,,"","",,,,,,,"","",,,"s",0.3413,,"space",0.1978,,2,"pink_gnome",2,5,"dark_forest","yellow_basket","green_gnome",2,7,"bright_forest","red_basket",5,0,0,1,"pink_gnome","dark_forest","yellow_basket",2697,0,-2,25,2,202,1,1,"",,,"",,,"",,,"",,,"",,,,,,,"","",,,"",,,"",,,"",,,,,,,"",,,"","",,,,,,,,"",,,,,,,"",,,"","","",,,,,,,,"",,,,,,,
"","","",,"","","","","","","",,"","","","","","","",,"","","","","","","",,"","","","","","","",,"","","","","","","",,"","","","","","","",,"","","","","","","",,"","","","","",242602,1,"2024-05-16_18h50.00.923","experiment","2023.2.3","Win32",60.60606061,"64136cee580125262273f242","6644f019e4b599e96769a32b","6646472fbdc35bd9d6fb0e58","",,,"",,,"",,,"",,,"",,,"",,,"",,,,,"",,,"",,,,"",,,"","","",,,"","",,1,,,,"","","",,,,,,,4,,"",,,"",,,,,,,,,,,"","",,,,,,,"","",,,"k",0.2231,,"space",0.5132,,4,"blue_gnome",4,7,"bright_forest","red_basket","purple_gnome",4,3,"dark_forest","yellow_basket",3,0,0,1,"purple_gnome","dark_forest","yellow_basket",2700,-2,1,25,3,203,3,1,"",,,"",,,"",,,"",,,"",,,,,,,"","",,,"",,,"",,,"",,,,,,,"",,,"","",,,,,,,,"",,,,,,,"",,,"","","",,,,,,,,"",,,,,,,
"","","",,"","","","","","","",,"","","","","","","",,"","","","","","","",,"","","","","","","",,"","","","","","","",,"","","","","","","",,"","","","","","","",,"","","","","",242602,1,"2024-05-16_18h50.00.923","experiment","2023.2.3","Win32",60.60606061,"64136cee580125262273f242","6644f019e4b599e96769a32b","6646472fbdc35bd9d6fb0e58","",,,"",,,"",,,"",,,"",,,"",,,"",,,,,"",,,"",,,,"",,,"","","",,,"","",,5,,,,"","","",,,,,,,2,,"",,,"",,,,,,,,,,,"","",,,,,,,"","",,,"s",0.3717,,"space",0.1372,,2,"green_gnome",2,5,"bright_forest","red_basket","pink_gnome",2,4,"dark_forest","yellow_basket",25,0,0,1,"green_gnome","bright_forest","red_basket",2725,-1,-1,25,4,204,5,1,"",,,"",,,"",,,"",,,"",,,,,,,"","",,,"",,,"",,,"",,,,,,,"",,,"","",,,,,,,,"",,,,,,,"",,,"","","",,,,,,,,"",,,,,,,
"","","",,"","","","","","","",,"","","","","","","",,"","","","","","","",,"","","","","","","",,"","","","","","","",,"","","","","","","",,"","","","","","","",,"","","","","",242602,1,"2024-05-16_18h50.00.923","experiment","2023.2.3","Win32",60.60606061,"64136cee580125262273f242","6644f019e4b599e96769a32b","6646472fbdc35bd9d6fb0e58","",,,"",,,"",,,"",,,"",,,"",,,"",,,,,"",,,"",,,,"",,,"","","",,,"","",,1,,,,"","","",,,,,,,1,,"",,,"",,,,,,,,,,,"","",,,,,,,"","",,,"k",0.4252,,"space",0.4811,,1,"orange_gnome",1,4,"bright_forest","red_basket","brown_gnome",1,3,"dark_forest","yellow_basket",3,0,0,1,"brown_gnome","dark_forest","yellow_basket",2728,1,2,25,5,205,0,1,"",,,"",,,"",,,"",,,"",,,,,,,"","",,,"",,,"",,,"",,,,,,,"",,,"","",,,,,,,,"",,,,,,,"",,,"","","",,,,,,,,"",,,,,,,
"","","",,"","","","","","","",,"","","","","","","",,"","","","","","","",,"","","","","","","",,"","","","","","","",,"","","","","","","",,"","","","","","","",,"","","","","",242602,1,"2024-05-16_18h50.00.923","experiment","2023.2.3","Win32",60.60606061,"64136cee580125262273f242","6644f019e4b599e96769a32b","6646472fbdc35bd9d6fb0e58","",,,"",,,"",,,"",,,"",,,"",,,"",,,,,"",,,"",,,,"",,,"","","",,,"","",,1,,,,"","","",,,,,,,1,,"",,,"",,,,,,,,,,,"","",,,,,,,"","",,,"s",0.2468,,"space",0.2243,,1,"orange_gnome",1,5,"bright_forest","red_basket","brown_gnome",1,5,"dark_forest","yellow_basket",5,0,0,1,"orange_gnome","bright_forest","red_basket",2733,-1,-2,25,6,206,0,1,"",,,"",,,"",,,"",,,"",,,,,,,"","",,,"",,,"",,,"",,,,,,,"",,,"","",,,,,,,,"",,,,,,,"",,,"","","",,,,,,,,"",,,,,,,
"","","",,"","","","","","","",,"","","","","","","",,"","","","","","","",,"","","","","","","",,"","","","","","","",,"","","","","","","",,"","","","","","","",,"","","","","",242602,1,"2024-05-16_18h50.00.923","experiment","2023.2.3","Win32",60.60606061,"64136cee580125262273f242","6644f019e4b599e96769a32b","6646472fbdc35bd9d6fb0e58","",,,"",,,"",,,"",,,"",,,"",,,"",,,,,"",,,"",,,,"",,,"","","",,,"","",,1,,,,"","","",,,,,,,3,,"",,,"",,,,,,,,,,,"","",,,,,,,"","",,,"s",0.1865,,"space",0.3213,,3,"yellow_gnome",3,3,"dark_forest","yellow_basket","red_gnome",3,4,"bright_forest","red_basket",3,0,0,1,"yellow_gnome","dark_forest","yellow_basket",2736,4,0,25,7,207,2,1,"",,,"",,,"",,,"",,,"",,,,,,,"","",,,"",,,"",,,"",,,,,,,"",,,"","",,,,,,,,"",,,,,,,"",,,"","","",,,,,,,,"",,,,,,,
"","","",,"","","","","","","",,"","","","","","","",,"","","","","","","",,"","","","","","","",,"","","","","","","",,"","","","","","","",,"","","","","","","",,"","","","","",242602,1,"2024-05-16_18h50.00.923","experiment","2023.2.3","Win32",60.60606061,"64136cee580125262273f242","6644f019e4b599e96769a32b","6646472fbdc35bd9d6fb0e58","",,,"",,,"",,,"",,,"",,,"",,,"",,,,,"",,,"",,,,"",,,"","","",,,"","",,5,,,,"","","",,,,,,,2,,"",,,"",,,,,,,,,,,"","",,,,,,,"","",,,"k",0.8823,,"space",0.3729,,2,"pink_gnome",2,3,"dark_forest","yellow_basket","green_gnome",2,8,"bright_forest","red_basket",40,0,0,1,"green_gnome","bright_forest","red_basket",2776,1,1,26,0,208,5,1,"",,,"",,,"",,,"",,,"",,,,,,,"","",,,"",,,"",,,"",,,,,,,"",,,"","",,,,,,,,"",,,,,,,"",,,"","","",,,,,,,,"",,,,,,,
"","","",,"","","","","","","",,"","","","","","","",,"","","","","","","",,"","","","","","","",,"","","","","","","",,"","","","","","","",,"","","","","","","",,"","","","","",242602,1,"2024-05-16_18h50.00.923","experiment","2023.2.3","Win32",60.60606061,"64136cee580125262273f242","6644f019e4b599e96769a32b","6646472fbdc35bd9d6fb0e58","",,,"",,,"",,,"",,,"",,,"",,,"",,,,,"",,,"",,,,"",,,"","","",,,"","",,5,,,,"","","",,,,,,,2,,"",,,"",,,,,,,,,,,"","",,,,,,,"","",,,"s",0.3881,,"space",0.5254,,2,"pink_gnome",2,4,"dark_forest","yellow_basket","green_gnome",2,9,"bright_forest","red_basket",20,0,0,1,"pink_gnome","dark_forest","yellow_basket",2796,0,1,26,1,209,5,1,"",,,"",,,"",,,"",,,"",,,,,,,"","",,,"",,,"",,,"",,,,,,,"",,,"","",,,,,,,,"",,,,,,,"",,,"","","",,,,,,,,"",,,,,,,
"","","",,"","","","","","","",,"","","","","","","",,"","","","","","","",,"","","","","","","",,"","","","","","","",,"","","","","","","",,"","","","","","","",,"","","","","",242602,1,"2024-05-16_18h50.00.923","experiment","2023.2.3","Win32",60.60606061,"64136cee580125262273f242","6644f019e4b599e96769a32b","6646472fbdc35bd9d6fb0e58","",,,"",,,"",,,"",,,"",,,"",,,"",,,,,"",,,"",,,,"",,,"","","",,,"","",,1,,,,"","","",,,,,,,1,,"",,,"",,,,,,,,,,,"","",,,,,,,"","",,,"s",0.3597,,"space",0.035,,1,"brown_gnome",1,5,"dark_forest","yellow_basket","orange_gnome",1,9,"bright_forest","red_basket",5,0,0,1,"brown_gnome","dark_forest","yellow_basket",2801,4,2,26,2,210,0,1,"",,,"",,,"",,,"",,,"",,,,,,,"","",,,"",,,"",,,"",,,,,,,"",,,"","",,,,,,,,"",,,,,,,"",,,"","","",,,,,,,,"",,,,,,,
"","","",,"","","","","","","",,"","","","","","","",,"","","","","","","",,"","","","","","","",,"","","","","","","",,"","","","","","","",,"","","","","","","",,"","","","","",242602,1,"2024-05-16_18h50.00.923","experiment","2023.2.3","Win32",60.60606061,"64136cee580125262273f242","6644f019e4b599e96769a32b","6646472fbdc35bd9d6fb0e58","",,,"",,,"",,,"",,,"",,,"",,,"",,,,,"",,,"",,,,"",,,"","","",,,"","",,1,,,,"","","",,,,,,,4,,"",,,"",,,,,,,,,,,"","",,,,,,,"","",,,"s",0.3712,,"space",0.3918,,4,"blue_gnome",4,5,"bright_forest","red_basket","purple_gnome",4,7,"dark_forest","yellow_basket",5,0,0,1,"blue_gnome","bright_forest","red_basket",2806,0,-2,26,3,211,3,1,"",,,"",,,"",,,"",,,"",,,,,,,"","",,,"",,,"",,,"",,,,,,,"",,,"","",,,,,,,,"",,,,,,,"",,,"","","",,,,,,,,"",,,,,,,
"","","",,"","","","","","","",,"","","","","","","",,"","","","","","","",,"","","","","","","",,"","","","","","","",,"","","","","","","",,"","","","","","","",,"","","","","",242602,1,"2024-05-16_18h50.00.923","experiment","2023.2.3","Win32",60.60606061,"64136cee580125262273f242","6644f019e4b599e96769a32b","6646472fbdc35bd9d6fb0e58","",,,"",,,"",,,"",,,"",,,"",,,"",,,,,"",,,"",,,,"",,,"","","",,,"","",,1,,,,"","","",,,,,,,2,,"",,,"",,,,,,,,,,,"","",,,,,,,"","",,,"k",0.3395,,"space",0.3637,,2,"green_gnome",2,5,"bright_forest","red_basket","pink_gnome",2,5,"dark_forest","yellow_basket",5,0,0,1,"pink_gnome","dark_forest","yellow_basket",2811,-1,2,26,4,212,1,1,"",,,"",,,"",,,"",,,"",,,,,,,"","",,,"",,,"",,,"",,,,,,,"",,,"","",,,,,,,,"",,,,,,,"",,,"","","",,,,,,,,"",,,,,,,
"","","",,"","","","","","","",,"","","","","","","",,"","","","","","","",,"","","","","","","",,"","","","","","","",,"","","","","","","",,"","","","","","","",,"","","","","",242602,1,"2024-05-16_18h50.00.923","experiment","2023.2.3","Win32",60.60606061,"64136cee580125262273f242","6644f019e4b599e96769a32b","6646472fbdc35bd9d6fb0e58","",,,"",,,"",,,"",,,"",,,"",,,"",,,,,"",,,"",,,,"",,,"","","",,,"","",,1,,,,"","","",,,,,,,3,,"",,,"",,,,,,,,,,,"","",,,,,,,"","",,,"s",0.2826,,"space",0.6366,,3,"red_gnome",3,4,"bright_forest","red_basket","yellow_gnome",3,7,"dark_forest","yellow_basket",4,0,0,1,"red_gnome","bright_forest","red_basket",2815,1,-1,26,5,213,2,1,"",,,"",,,"",,,"",,,"",,,,,,,"","",,,"",,,"",,,"",,,,,,,"",,,"","",,,,,,,,"",,,,,,,"",,,"","","",,,,,,,,"",,,,,,,
"","","",,"","","","","","","",,"","","","","","","",,"","","","","","","",,"","","","","","","",,"","","","","","","",,"","","","","","","",,"","","","","","","",,"","","","","",242602,1,"2024-05-16_18h50.00.923","experiment","2023.2.3","Win32",60.60606061,"64136cee580125262273f242","6644f019e4b599e96769a32b","6646472fbdc35bd9d6fb0e58","",,,"",,,"",,,"",,,"",,,"",,,"",,,,,"",,,"",,,,"",,,"","","",,,"","",,1,,,,"","","",,,,,,,3,,"",,,"",,,,,,,,,,,"","",,,,,,,"","",,,"k",0.3159,,"space",0.4466,,3,"yellow_gnome",3,6,"dark_forest","yellow_basket","red_gnome",3,5,"bright_forest","red_basket",5,0,0,1,"red_gnome","bright_forest","red_basket",2820,0,1,26,6,214,2,1,"",,,"",,,"",,,"",,,"",,,,,,,"","",,,"",,,"",,,"",,,,,,,"",,,"","",,,,,,,,"",,,,,,,"",,,"","","",,,,,,,,"",,,,,,,
"","","",,"","","","","","","",,"","","","","","","",,"","","","","","","",,"","","","","","","",,"","","","","","","",,"","","","","","","",,"","","","","","","",,"","","","","",242602,1,"2024-05-16_18h50.00.923","experiment","2023.2.3","Win32",60.60606061,"64136cee580125262273f242","6644f019e4b599e96769a32b","6646472fbdc35bd9d6fb0e58","",,,"",,,"",,,"",,,"",,,"",,,"",,,,,"",,,"",,,,"",,,"","","",,,"","",,5,,,,"","","",,,,,,,2,,"",,,"",,,,,,,,,,,"","",,,,,,,"","",,,"s",0.286,,"space",0.4946,,2,"pink_gnome",2,7,"dark_forest","yellow_basket","green_gnome",2,5,"bright_forest","red_basket",35,0,0,1,"pink_gnome","dark_forest","yellow_basket",2855,-1,-3,26,7,215,5,1,"",,,"",,,"",,,"",,,"",,,,,,,"","",,,"",,,"",,,"",,,,,,,"",,,"","",,,,,,,,"",,,,,,,"",,,"","","",,,,,,,,"",,,,,,,
"","","",,"","","","","","","",,"","","","","","","",,"","","","","","","",,"","","","","","","",,"","","","","","","",,"","","","","","","",,"","","","","","","",,"","","","","",242602,1,"2024-05-16_18h50.00.923","experiment","2023.2.3","Win32",60.60606061,"64136cee580125262273f242","6644f019e4b599e96769a32b","6646472fbdc35bd9d6fb0e58","",,,"",,,"",,,"",,,"",,,"",,,"",,,,,"",,,"",,,,"",,,"","","",,,"","",,5,,,,"","","",,,,,,,2,,"",,,"",,,,,,,,,,,"","",,,,,,,"","",,,"k",0.3143,,"space",0.7204,,2,"pink_gnome",2,4,"dark_forest","yellow_basket","green_gnome",2,4,"bright_forest","red_basket",20,0,0,1,"green_gnome","bright_forest","red_basket",2875,-2,-3,27,0,216,5,1,"",,,"",,,"",,,"",,,"",,,,,,,"","",,,"",,,"",,,"",,,,,,,"",,,"","",,,,,,,,"",,,,,,,"",,,"","","",,,,,,,,"",,,,,,,
"","","",,"","","","","","","",,"","","","","","","",,"","","","","","","",,"","","","","","","",,"","","","","","","",,"","","","","","","",,"","","","","","","",,"","","","","",242602,1,"2024-05-16_18h50.00.923","experiment","2023.2.3","Win32",60.60606061,"64136cee580125262273f242","6644f019e4b599e96769a32b","6646472fbdc35bd9d6fb0e58","",,,"",,,"",,,"",,,"",,,"",,,"",,,,,"",,,"",,,,"",,,"","","",,,"","",,1,,,,"","","",,,,,,,4,,"",,,"",,,,,,,,,,,"","",,,,,,,"","",,,"s",0.046,,"space",0.4206,,4,"blue_gnome",4,2,"bright_forest","red_basket","purple_gnome",4,1,"dark_forest","yellow_basket",2,0,0,1,"blue_gnome","bright_forest","red_basket",2877,0,-2,27,1,217,3,1,"",,,"",,,"",,,"",,,"",,,,,,,"","",,,"",,,"",,,"",,,,,,,"",,,"","",,,,,,,,"",,,,,,,"",,,"","","",,,,,,,,"",,,,,,,
"","","",,"","","","","","","",,"","","","","","","",,"","","","","","","",,"","","","","","","",,"","","","","","","",,"","","","","","","",,"","","","","","","",,"","","","","",242602,1,"2024-05-16_18h50.00.923","experiment","2023.2.3","Win32",60.60606061,"64136cee580125262273f242","6644f019e4b599e96769a32b","6646472fbdc35bd9d6fb0e58","",,,"",,,"",,,"",,,"",,,"",,,"",,,,,"",,,"",,,,"",,,"","","",,,"","",,5,,,,"","","",,,,,,,4,,"",,,"",,,,,,,,,,,"","",,,,,,,"","",,,"k",0.3267,,"space",0.6664,,4,"purple_gnome",4,1,"dark_forest","yellow_basket","blue_gnome",4,2,"bright_forest","red_basket",10,0,0,1,"blue_gnome","bright_forest","red_basket",2887,-2,-3,27,2,218,7,1,"",,,"",,,"",,,"",,,"",,,,,,,"","",,,"",,,"",,,"",,,,,,,"",,,"","",,,,,,,,"",,,,,,,"",,,"","","",,,,,,,,"",,,,,,,
"","","",,"","","","","","","",,"","","","","","","",,"","","","","","","",,"","","","","","","",,"","","","","","","",,"","","","","","","",,"","","","","","","",,"","","","","",242602,1,"2024-05-16_18h50.00.923","experiment","2023.2.3","Win32",60.60606061,"64136cee580125262273f242","6644f019e4b599e96769a32b","6646472fbdc35bd9d6fb0e58","",,,"",,,"",,,"",,,"",,,"",,,"",,,,,"",,,"",,,,"",,,"","","",,,"","",,5,,,,"","","",,,,,,,2,,"",,,"",,,,,,,,,,,"","",,,,,,,"","",,,"s",0.2857,,"space",0.67,,2,"green_gnome",2,0,"bright_forest","red_basket","pink_gnome",2,2,"dark_forest","yellow_basket",0,0,0,1,"green_gnome","bright_forest","red_basket",2887,-1,2,27,3,219,5,1,"",,,"",,,"",,,"",,,"",,,,,,,"","",,,"",,,"",,,"",,,,,,,"",,,"","",,,,,,,,"",,,,,,,"",,,"","","",,,,,,,,"",,,,,,,
"","","",,"","","","","","","",,"","","","","","","",,"","","","","","","",,"","","","","","","",,"","","","","","","",,"","","","","","","",,"","","","","","","",,"","","","","",242602,1,"2024-05-16_18h50.00.923","experiment","2023.2.3","Win32",60.60606061,"64136cee580125262273f242","6644f019e4b599e96769a32b","6646472fbdc35bd9d6fb0e58","",,,"",,,"",,,"",,,"",,,"",,,"",,,,,"",,,"",,,,"",,,"","","",,,"","",,5,,,,"","","",,,,,,,1,,"",,,"",,,,,,,,,,,"","",,,,,,,"","",,,"s",0.7055,,"space",0.572,,1,"brown_gnome",1,4,"dark_forest","yellow_basket","orange_gnome",1,1,"bright_forest","red_basket",20,0,0,1,"brown_gnome","dark_forest","yellow_basket",2907,-1,0,27,4,220,4,1,"",,,"",,,"",,,"",,,"",,,,,,,"","",,,"",,,"",,,"",,,,,,,"",,,"","",,,,,,,,"",,,,,,,"",,,"","","",,,,,,,,"",,,,,,,
"","","",,"","","","","","","",,"","","","","","","",,"","","","","","","",,"","","","","","","",,"","","","","","","",,"","","","","","","",,"","","","","","","",,"","","","","",242602,1,"2024-05-16_18h50.00.923","experiment","2023.2.3","Win32",60.60606061,"64136cee580125262273f242","6644f019e4b599e96769a32b","6646472fbdc35bd9d6fb0e58","",,,"",,,"",,,"",,,"",,,"",,,"",,,,,"",,,"",,,,"",,,"","","",,,"","",,5,,,,"","","",,,,,,,2,,"",,,"",,,,,,,,,,,"","",,,,,,,"","",,,"k",0.7657,,"space",0.3218,,2,"pink_gnome",2,4,"dark_forest","yellow_basket","green_gnome",2,0,"bright_forest","red_basket",0,0,0,1,"green_gnome","bright_forest","red_basket",2907,-1,0,27,5,221,5,1,"",,,"",,,"",,,"",,,"",,,,,,,"","",,,"",,,"",,,"",,,,,,,"",,,"","",,,,,,,,"",,,,,,,"",,,"","","",,,,,,,,"",,,,,,,
"","","",,"","","","","","","",,"","","","","","","",,"","","","","","","",,"","","","","","","",,"","","","","","","",,"","","","","","","",,"","","","","","","",,"","","","","",242602,1,"2024-05-16_18h50.00.923","experiment","2023.2.3","Win32",60.60606061,"64136cee580125262273f242","6644f019e4b599e96769a32b","6646472fbdc35bd9d6fb0e58","",,,"",,,"",,,"",,,"",,,"",,,"",,,,,"",,,"",,,,"",,,"","","",,,"","",,5,,,,"","","",,,,,,,1,,"",,,"",,,,,,,,,,,"","",,,,,,,"","",,,"s",0.6772,,"space",0.3308,,1,"brown_gnome",1,4,"dark_forest","yellow_basket","orange_gnome",1,1,"bright_forest","red_basket",20,0,0,1,"brown_gnome","dark_forest","yellow_basket",2927,1,-4,27,6,222,4,1,"",,,"",,,"",,,"",,,"",,,,,,,"","",,,"",,,"",,,"",,,,,,,"",,,"","",,,,,,,,"",,,,,,,"",,,"","","",,,,,,,,"",,,,,,,
"","","",,"","","","","","","",,"","","","","","","",,"","","","","","","",,"","","","","","","",,"","","","","","","",,"","","","","","","",,"","","","","","","",,"","","","","",242602,1,"2024-05-16_18h50.00.923","experiment","2023.2.3","Win32",60.60606061,"64136cee580125262273f242","6644f019e4b599e96769a32b","6646472fbdc35bd9d6fb0e58","",,,"",,,"",,,"",,,"",,,"",,,"",,,,,"",,,"",,,,"",,,"","","",,,"","",,5,,,,"","","",,,,,,,1,,"",,,"",,,,,,,,,,,"","",,,,,,,"","",,,"s",0.5526,,"space",0.3874,,1,"brown_gnome",1,0,"dark_forest","yellow_basket","orange_gnome",1,2,"bright_forest","red_basket",0,0,0,1,"brown_gnome","dark_forest","yellow_basket",2927,0,0,27,7,223,4,1,"",,,"",,,"",,,"",,,"",,,,,,,"","",,,"",,,"",,,"",,,,,,,"",,,"","",,,,,,,,"",,,,,,,"",,,"","","",,,,,,,,"",,,,,,,
"","","",,"","","","","","","",,"","","","","","","",,"","","","","","","",,"","","","","","","",,"","","","","","","",,"","","","","","","",,"","","","","","","",,"","","","","",242602,1,"2024-05-16_18h50.00.923","experiment","2023.2.3","Win32",60.60606061,"64136cee580125262273f242","6644f019e4b599e96769a32b","6646472fbdc35bd9d6fb0e58","",,,"",,,"",,,"",,,"",,,"",,,"",,,,,"",,,"",,,,"",,,"","","",,,"","",,1,,,,"","","",,,,,,,1,,"",,,"",,,,,,,,,,,"","",,,,,,,"","",,,"k",0.4888,,"space",0.2893,,1,"orange_gnome",1,2,"bright_forest","red_basket","brown_gnome",1,0,"dark_forest","yellow_basket",0,0,0,1,"brown_gnome","dark_forest","yellow_basket",2927,2,0,28,0,224,0,1,"",,,"",,,"",,,"",,,"",,,,,,,"","",,,"",,,"",,,"",,,,,,,"",,,"","",,,,,,,,"",,,,,,,"",,,"","","",,,,,,,,"",,,,,,,
"","","",,"","","","","","","",,"","","","","","","",,"","","","","","","",,"","","","","","","",,"","","","","","","",,"","","","","","","",,"","","","","","","",,"","","","","",242602,1,"2024-05-16_18h50.00.923","experiment","2023.2.3","Win32",60.60606061,"64136cee580125262273f242","6644f019e4b599e96769a32b","6646472fbdc35bd9d6fb0e58","",,,"",,,"",,,"",,,"",,,"",,,"",,,,,"",,,"",,,,"",,,"","","",,,"","",,5,,,,"","","",,,,,,,4,,"",,,"",,,,,,,,,,,"","",,,,,,,"","",,,"k",0.7367,,"space",0.3929,,4,"purple_gnome",4,0,"dark_forest","yellow_basket","blue_gnome",4,4,"bright_forest","red_basket",20,0,0,1,"blue_gnome","bright_forest","red_basket",2947,1,-1,28,1,225,7,1,"",,,"",,,"",,,"",,,"",,,,,,,"","",,,"",,,"",,,"",,,,,,,"",,,"","",,,,,,,,"",,,,,,,"",,,"","","",,,,,,,,"",,,,,,,
"","","",,"","","","","","","",,"","","","","","","",,"","","","","","","",,"","","","","","","",,"","","","","","","",,"","","","","","","",,"","","","","","","",,"","","","","",242602,1,"2024-05-16_18h50.00.923","experiment","2023.2.3","Win32",60.60606061,"64136cee580125262273f242","6644f019e4b599e96769a32b","6646472fbdc35bd9d6fb0e58","",,,"",,,"",,,"",,,"",,,"",,,"",,,,,"",,,"",,,,"",,,"","","",,,"","",,1,,,,"","","",,,,,,,4,,"",,,"",,,,,,,,,,,"","",,,,,,,"","",,,"s",0.7269,,"space",0.3469,,4,"blue_gnome",4,5,"bright_forest","red_basket","purple_gnome",4,1,"dark_forest","yellow_basket",5,0,0,1,"blue_gnome","bright_forest","red_basket",2952,-2,-2,28,2,226,3,1,"",,,"",,,"",,,"",,,"",,,,,,,"","",,,"",,,"",,,"",,,,,,,"",,,"","",,,,,,,,"",,,,,,,"",,,"","","",,,,,,,,"",,,,,,,
"","","",,"","","","","","","",,"","","","","","","",,"","","","","","","",,"","","","","","","",,"","","","","","","",,"","","","","","","",,"","","","","","","",,"","","","","",242602,1,"2024-05-16_18h50.00.923","experiment","2023.2.3","Win32",60.60606061,"64136cee580125262273f242","6644f019e4b599e96769a32b","6646472fbdc35bd9d6fb0e58","",,,"",,,"",,,"",,,"",,,"",,,"",,,,,"",,,"",,,,"",,,"","","",,,"","",,1,,,,"","","",,,,,,,4,,"",,,"",,,,,,,,,,,"","",,,,,,,"","",,,"s",0.9452,,"space",0.6884,,4,"blue_gnome",4,3,"bright_forest","red_basket","purple_gnome",4,1,"dark_forest","yellow_basket",3,0,0,1,"blue_gnome","bright_forest","red_basket",2955,-1,3,28,3,227,3,1,"",,,"",,,"",,,"",,,"",,,,,,,"","",,,"",,,"",,,"",,,,,,,"",,,"","",,,,,,,,"",,,,,,,"",,,"","","",,,,,,,,"",,,,,,,
"","","",,"","","","","","","",,"","","","","","","",,"","","","","","","",,"","","","","","","",,"","","","","","","",,"","","","","","","",,"","","","","","","",,"","","","","",242602,1,"2024-05-16_18h50.00.923","experiment","2023.2.3","Win32",60.60606061,"64136cee580125262273f242","6644f019e4b599e96769a32b","6646472fbdc35bd9d6fb0e58","",,,"",,,"",,,"",,,"",,,"",,,"",,,,,"",,,"",,,,"",,,"","","",,,"","",,1,,,,"","","",,,,,,,2,,"",,,"",,,,,,,,,,,"","",,,,,,,"","",,,"s",0.9299,,"space",0.5764,,2,"green_gnome",2,2,"bright_forest","red_basket","pink_gnome",2,4,"dark_forest","yellow_basket",2,0,0,1,"green_gnome","bright_forest","red_basket",2957,0,1,28,4,228,1,1,"",,,"",,,"",,,"",,,"",,,,,,,"","",,,"",,,"",,,"",,,,,,,"",,,"","",,,,,,,,"",,,,,,,"",,,"","","",,,,,,,,"",,,,,,,
"","","",,"","","","","","","",,"","","","","","","",,"","","","","","","",,"","","","","","","",,"","","","","","","",,"","","","","","","",,"","","","","","","",,"","","","","",242602,1,"2024-05-16_18h50.00.923","experiment","2023.2.3","Win32",60.60606061,"64136cee580125262273f242","6644f019e4b599e96769a32b","6646472fbdc35bd9d6fb0e58","",,,"",,,"",,,"",,,"",,,"",,,"",,,,,"",,,"",,,,"",,,"","","",,,"","",,1,,,,"","","",,,,,,,3,,"",,,"",,,,,,,,,,,"","",,,,,,,"","",,,"s",0.8618,,"space",0.5166,,3,"red_gnome",3,2,"bright_forest","red_basket","yellow_gnome",3,5,"dark_forest","yellow_basket",2,0,0,1,"red_gnome","bright_forest","red_basket",2959,2,-2,28,5,229,2,1,"",,,"",,,"",,,"",,,"",,,,,,,"","",,,"",,,"",,,"",,,,,,,"",,,"","",,,,,,,,"",,,,,,,"",,,"","","",,,,,,,,"",,,,,,,
"","","",,"","","","","","","",,"","","","","","","",,"","","","","","","",,"","","","","","","",,"","","","","","","",,"","","","","","","",,"","","","","","","",,"","","","","",242602,1,"2024-05-16_18h50.00.923","experiment","2023.2.3","Win32",60.60606061,"64136cee580125262273f242","6644f019e4b599e96769a32b","6646472fbdc35bd9d6fb0e58","",,,"",,,"",,,"",,,"",,,"",,,"",,,,,"",,,"",,,,"",,,"","","",,,"","",,1,,,,"","","",,,,,,,4,,"",,,"",,,,,,,,,,,"","",,,,,,,"","",,,"k",0.7933,,"space",0.2876,,4,"blue_gnome",4,4,"bright_forest","red_basket","purple_gnome",4,3,"dark_forest","yellow_basket",3,0,0,1,"purple_gnome","dark_forest","yellow_basket",2962,-2,-2,28,6,230,3,1,"",,,"",,,"",,,"",,,"",,,,,,,"","",,,"",,,"",,,"",,,,,,,"",,,"","",,,,,,,,"",,,,,,,"",,,"","","",,,,,,,,"",,,,,,,
"","","",,"","","","","","","",,"","","","","","","",,"","","","","","","",,"","","","","","","",,"","","","","","","",,"","","","","","","",,"","","","","","","",,"","","","","",242602,1,"2024-05-16_18h50.00.923","experiment","2023.2.3","Win32",60.60606061,"64136cee580125262273f242","6644f019e4b599e96769a32b","6646472fbdc35bd9d6fb0e58","",,,"",,,"",,,"",,,"",,,"",,,"",,,,,"",,,"",,,,"",,,"","","",,,"","",,5,,,,"","","",,,,,,,3,,"",,,"",,,,,,,,,,,"","",,,,,,,"","",,,"s",0.6023,,"space",1.0837,,3,"red_gnome",3,2,"bright_forest","red_basket","yellow_gnome",3,1,"dark_forest","yellow_basket",10,0,0,1,"red_gnome","bright_forest","red_basket",2972,-1,1,28,7,231,6,1,"",,,"",,,"",,,"",,,"",,,,,,,"","",,,"",,,"",,,"",,,,,,,"",,,"","",,,,,,,,"",,,,,,,"",,,"","","",,,,,,,,"",,,,,,,
"","","",,"","","","","","","",,"","","","","","","",,"","","","","","","",,"","","","","","","",,"","","","","","","",,"","","","","","","",,"","","","","","","",,"","","","","",242602,1,"2024-05-16_18h50.00.923","experiment","2023.2.3","Win32",60.60606061,"64136cee580125262273f242","6644f019e4b599e96769a32b","6646472fbdc35bd9d6fb0e58","",,,"",,,"",,,"",,,"",,,"",,,"",,,,,"",,,"",,,,"",,,"","","",,,"","",,5,,,,"","","",,,,,,,3,,"",,,"",,,,,,,,,,,"","",,,,,,,"","",,,"k",0.11,,"space",0.1958,,3,"yellow_gnome",3,2,"dark_forest","yellow_basket","red_gnome",3,1,"bright_forest","red_basket",5,0,0,1,"red_gnome","bright_forest","red_basket",2977,0,3,29,0,232,6,1,"",,,"",,,"",,,"",,,"",,,,,,,"","",,,"",,,"",,,"",,,,,,,"",,,"","",,,,,,,,"",,,,,,,"",,,"","","",,,,,,,,"",,,,,,,
"","","",,"","","","","","","",,"","","","","","","",,"","","","","","","",,"","","","","","","",,"","","","","","","",,"","","","","","","",,"","","","","","","",,"","","","","",242602,1,"2024-05-16_18h50.00.923","experiment","2023.2.3","Win32",60.60606061,"64136cee580125262273f242","6644f019e4b599e96769a32b","6646472fbdc35bd9d6fb0e58","",,,"",,,"",,,"",,,"",,,"",,,"",,,,,"",,,"",,,,"",,,"","","",,,"","",,5,,,,"","","",,,,,,,2,,"",,,"",,,,,,,,,,,"","",,,,,,,"","",,,"s",0.6535,,"space",0.8085,,2,"pink_gnome",2,5,"dark_forest","yellow_basket","green_gnome",2,1,"bright_forest","red_basket",25,0,0,1,"pink_gnome","dark_forest","yellow_basket",3002,1,1,29,1,233,5,1,"",,,"",,,"",,,"",,,"",,,,,,,"","",,,"",,,"",,,"",,,,,,,"",,,"","",,,,,,,,"",,,,,,,"",,,"","","",,,,,,,,"",,,,,,,
"","","",,"","","","","","","",,"","","","","","","",,"","","","","","","",,"","","","","","","",,"","","","","","","",,"","","","","","","",,"","","","","","","",,"","","","","",242602,1,"2024-05-16_18h50.00.923","experiment","2023.2.3","Win32",60.60606061,"64136cee580125262273f242","6644f019e4b599e96769a32b","6646472fbdc35bd9d6fb0e58","",,,"",,,"",,,"",,,"",,,"",,,"",,,,,"",,,"",,,,"",,,"","","",,,"","",,1,,,,"","","",,,,,,,2,,"",,,"",,,,,,,,,,,"","",,,,,,,"","",,,"k",0.3865,,"space",0.1537,,2,"green_gnome",2,2,"bright_forest","red_basket","pink_gnome",2,6,"dark_forest","yellow_basket",6,0,0,1,"pink_gnome","dark_forest","yellow_basket",3008,3,-1,29,2,234,1,1,"",,,"",,,"",,,"",,,"",,,,,,,"","",,,"",,,"",,,"",,,,,,,"",,,"","",,,,,,,,"",,,,,,,"",,,"","","",,,,,,,,"",,,,,,,
"","","",,"","","","","","","",,"","","","","","","",,"","","","","","","",,"","","","","","","",,"","","","","","","",,"","","","","","","",,"","","","","","","",,"","","","","",242602,1,"2024-05-16_18h50.00.923","experiment","2023.2.3","Win32",60.60606061,"64136cee580125262273f242","6644f019e4b599e96769a32b","6646472fbdc35bd9d6fb0e58","",,,"",,,"",,,"",,,"",,,"",,,"",,,,,"",,,"",,,,"",,,"","","",,,"","",,5,,,,"","","",,,,,,,3,,"",,,"",,,,,,,,,,,"","",,,,,,,"","",,,"s",0.0937,,"space",0.1581,,3,"yellow_gnome",3,5,"dark_forest","yellow_basket","red_gnome",3,5,"bright_forest","red_basket",25,0,0,1,"yellow_gnome","dark_forest","yellow_basket",3033,1,1,29,3,235,6,1,"",,,"",,,"",,,"",,,"",,,,,,,"","",,,"",,,"",,,"",,,,,,,"",,,"","",,,,,,,,"",,,,,,,"",,,"","","",,,,,,,,"",,,,,,,
"","","",,"","","","","","","",,"","","","","","","",,"","","","","","","",,"","","","","","","",,"","","","","","","",,"","","","","","","",,"","","","","","","",,"","","","","",242602,1,"2024-05-16_18h50.00.923","experiment","2023.2.3","Win32",60.60606061,"64136cee580125262273f242","6644f019e4b599e96769a32b","6646472fbdc35bd9d6fb0e58","",,,"",,,"",,,"",,,"",,,"",,,"",,,,,"",,,"",,,,"",,,"","","",,,"","",,5,,,,"","","",,,,,,,4,,"",,,"",,,,,,,,,,,"","",,,,,,,"","",,,"k",0.6877,,"space",0.1238,,4,"purple_gnome",4,6,"dark_forest","yellow_basket","blue_gnome",4,6,"bright_forest","red_basket",30,0,0,1,"blue_gnome","bright_forest","red_basket",3063,0,-2,29,4,236,7,1,"",,,"",,,"",,,"",,,"",,,,,,,"","",,,"",,,"",,,"",,,,,,,"",,,"","",,,,,,,,"",,,,,,,"",,,"","","",,,,,,,,"",,,,,,,
"","","",,"","","","","","","",,"","","","","","","",,"","","","","","","",,"","","","","","","",,"","","","","","","",,"","","","","","","",,"","","","","","","",,"","","","","",242602,1,"2024-05-16_18h50.00.923","experiment","2023.2.3","Win32",60.60606061,"64136cee580125262273f242","6644f019e4b599e96769a32b","6646472fbdc35bd9d6fb0e58","",,,"",,,"",,,"",,,"",,,"",,,"",,,,,"",,,"",,,,"",,,"","","",,,"","",,5,,,,"","","",,,,,,,1,,"",,,"",,,,,,,,,,,"","",,,,,,,"","",,,"k",0.2641,,"space",0.2397,,1,"orange_gnome",1,6,"bright_forest","red_basket","brown_gnome",1,4,"dark_forest","yellow_basket",20,0,0,1,"brown_gnome","dark_forest","yellow_basket",3083,3,4,29,5,237,4,1,"",,,"",,,"",,,"",,,"",,,,,,,"","",,,"",,,"",,,"",,,,,,,"",,,"","",,,,,,,,"",,,,,,,"",,,"","","",,,,,,,,"",,,,,,,
"","","",,"","","","","","","",,"","","","","","","",,"","","","","","","",,"","","","","","","",,"","","","","","","",,"","","","","","","",,"","","","","","","",,"","","","","",242602,1,"2024-05-16_18h50.00.923","experiment","2023.2.3","Win32",60.60606061,"64136cee580125262273f242","6644f019e4b599e96769a32b","6646472fbdc35bd9d6fb0e58","",,,"",,,"",,,"",,,"",,,"",,,"",,,,,"",,,"",,,,"",,,"","","",,,"","",,5,,,,"","","",,,,,,,1,,"",,,"",,,,,,,,,,,"","",,,,,,,"","",,,"k",0.0699,,"space",0.1075,,1,"orange_gnome",1,9,"bright_forest","red_basket","brown_gnome",1,8,"dark_forest","yellow_basket",40,0,0,1,"brown_gnome","dark_forest","yellow_basket",3123,0,2,29,6,238,4,1,"",,,"",,,"",,,"",,,"",,,,,,,"","",,,"",,,"",,,"",,,,,,,"",,,"","",,,,,,,,"",,,,,,,"",,,"","","",,,,,,,,"",,,,,,,
"","","",,"","","","","","","",,"","","","","","","",,"","","","","","","",,"","","","","","","",,"","","","","","","",,"","","","","","","",,"","","","","","","",,"","","","","",242602,1,"2024-05-16_18h50.00.923","experiment","2023.2.3","Win32",60.60606061,"64136cee580125262273f242","6644f019e4b599e96769a32b","6646472fbdc35bd9d6fb0e58","",,,"",,,"",,,"",,,"",,,"",,,"",,,,,"",,,"",,,,"",,,"","","",,,"","",,5,,,,"","","",,,,,,,3,,"",,,"",,,,,,,,,,,"","",,,,,,,"","",,,"s",0.4323,,"space",0.1249,,3,"red_gnome",3,9,"bright_forest","red_basket","yellow_gnome",3,8,"dark_forest","yellow_basket",45,0,0,1,"red_gnome","bright_forest","red_basket",3168,3,0,29,7,239,6,1,"",,,"",,,"",,,"",,,"",,,,,,,"","",,,"",,,"",,,"",,,,,,,"",,,"","",,,,,,,,"",,,,,,,"",,,"","","",,,,,,,,"",,,,,,,
"","","",,"","","","","","","",,"","","","","","","",,"","","","","","","",,"","","","","","","",,"","","","","","","",,"","","","","","","",,"","","","","","","",,"","","","","",242602,1,"2024-05-16_18h50.00.923","experiment","2023.2.3","Win32",60.60606061,"64136cee580125262273f242","6644f019e4b599e96769a32b","6646472fbdc35bd9d6fb0e58","",,,"",,,"",,,"",,,"",,,"",,,"",,,,,"",,,"",,,,"",,,"","","",,,"","",,1,,,,"","","",,,,,,,1,,"",,,"",,,,,,,,,,,"","",,,,,,,"","",,,"k",0.3652,,"space",0.4254,,1,"brown_gnome",1,8,"dark_forest","yellow_basket","orange_gnome",1,6,"bright_forest","red_basket",6,0,0,1,"orange_gnome","bright_forest","red_basket",3174,-2,1,30,0,240,0,1,"",,,"",,,"",,,"",,,"",,,,,,,"","",,,"",,,"",,,"",,,,,,,"",,,"","",,,,,,,,"",,,,,,,"",,,"","","",,,,,,,,"",,,,,,,
"","","",,"","","","","","","",,"","","","","","","",,"","","","","","","",,"","","","","","","",,"","","","","","","",,"","","","","","","",,"","","","","","","",,"","","","","",242602,1,"2024-05-16_18h50.00.923","experiment","2023.2.3","Win32",60.60606061,"64136cee580125262273f242","6644f019e4b599e96769a32b","6646472fbdc35bd9d6fb0e58","",,,"",,,"",,,"",,,"",,,"",,,"",,,,,"",,,"",,,,"",,,"","","",,,"","",,5,,,,"","","",,,,,,,1,,"",,,"",,,,,,,,,,,"","",,,,,,,"","",,,"s",0.2746,,"space",0.3275,,1,"brown_gnome",1,9,"dark_forest","yellow_basket","orange_gnome",1,4,"bright_forest","red_basket",45,0,0,1,"brown_gnome","dark_forest","yellow_basket",3219,0,2,30,1,241,4,1,"",,,"",,,"",,,"",,,"",,,,,,,"","",,,"",,,"",,,"",,,,,,,"",,,"","",,,,,,,,"",,,,,,,"",,,"","","",,,,,,,,"",,,,,,,
"","","",,"","","","","","","",,"","","","","","","",,"","","","","","","",,"","","","","","","",,"","","","","","","",,"","","","","","","",,"","","","","","","",,"","","","","",242602,1,"2024-05-16_18h50.00.923","experiment","2023.2.3","Win32",60.60606061,"64136cee580125262273f242","6644f019e4b599e96769a32b","6646472fbdc35bd9d6fb0e58","",,,"",,,"",,,"",,,"",,,"",,,"",,,,,"",,,"",,,,"",,,"","","",,,"","",,1,,,,"","","",,,,,,,2,,"",,,"",,,,,,,,,,,"","",,,,,,,"","",,,"s",0.5578,,"space",0.4258,,2,"green_gnome",2,4,"bright_forest","red_basket","pink_gnome",2,7,"dark_forest","yellow_basket",4,0,0,1,"green_gnome","bright_forest","red_basket",3223,2,1,30,2,242,1,1,"",,,"",,,"",,,"",,,"",,,,,,,"","",,,"",,,"",,,"",,,,,,,"",,,"","",,,,,,,,"",,,,,,,"",,,"","","",,,,,,,,"",,,,,,,
"","","",,"","","","","","","",,"","","","","","","",,"","","","","","","",,"","","","","","","",,"","","","","","","",,"","","","","","","",,"","","","","","","",,"","","","","",242602,1,"2024-05-16_18h50.00.923","experiment","2023.2.3","Win32",60.60606061,"64136cee580125262273f242","6644f019e4b599e96769a32b","6646472fbdc35bd9d6fb0e58","",,,"",,,"",,,"",,,"",,,"",,,"",,,,,"",,,"",,,,"",,,"","","",,,"","",,1,,,,"","","",,,,,,,1,,"",,,"",,,,,,,,,,,"","",,,,,,,"","",,,"k",0.1086,,"space",0.0525,,1,"orange_gnome",1,6,"bright_forest","red_basket","brown_gnome",1,8,"dark_forest","yellow_basket",8,0,0,1,"brown_gnome","dark_forest","yellow_basket",3231,-5,-4,30,3,243,0,1,"",,,"",,,"",,,"",,,"",,,,,,,"","",,,"",,,"",,,"",,,,,,,"",,,"","",,,,,,,,"",,,,,,,"",,,"","","",,,,,,,,"",,,,,,,
"","","",,"","","","","","","",,"","","","","","","",,"","","","","","","",,"","","","","","","",,"","","","","","","",,"","","","","","","",,"","","","","","","",,"","","","","",242602,1,"2024-05-16_18h50.00.923","experiment","2023.2.3","Win32",60.60606061,"64136cee580125262273f242","6644f019e4b599e96769a32b","6646472fbdc35bd9d6fb0e58","",,,"",,,"",,,"",,,"",,,"",,,"",,,,,"",,,"",,,,"",,,"","","",,,"","",,5,,,,"","","",,,,,,,2,,"",,,"",,,,,,,,,,,"","",,,,,,,"","",,,"s",0.7036,,"space",0.2853,,2,"green_gnome",2,1,"bright_forest","red_basket","pink_gnome",2,4,"dark_forest","yellow_basket",5,0,0,1,"green_gnome","bright_forest","red_basket",3236,-1,-2,30,4,244,5,1,"",,,"",,,"",,,"",,,"",,,,,,,"","",,,"",,,"",,,"",,,,,,,"",,,"","",,,,,,,,"",,,,,,,"",,,"","","",,,,,,,,"",,,,,,,
"","","",,"","","","","","","",,"","","","","","","",,"","","","","","","",,"","","","","","","",,"","","","","","","",,"","","","","","","",,"","","","","","","",,"","","","","",242602,1,"2024-05-16_18h50.00.923","experiment","2023.2.3","Win32",60.60606061,"64136cee580125262273f242","6644f019e4b599e96769a32b","6646472fbdc35bd9d6fb0e58","",,,"",,,"",,,"",,,"",,,"",,,"",,,,,"",,,"",,,,"",,,"","","",,,"","",,1,,,,"","","",,,,,,,4,,"",,,"",,,,,,,,,,,"","",,,,,,,"","",,,"s",0.2208,,"space",0.7657,,4,"purple_gnome",4,2,"dark_forest","yellow_basket","blue_gnome",4,0,"bright_forest","red_basket",2,0,0,1,"purple_gnome","dark_forest","yellow_basket",3238,-4,0,30,5,245,3,1,"",,,"",,,"",,,"",,,"",,,,,,,"","",,,"",,,"",,,"",,,,,,,"",,,"","",,,,,,,,"",,,,,,,"",,,"","","",,,,,,,,"",,,,,,,
"","","",,"","","","","","","",,"","","","","","","",,"","","","","","","",,"","","","","","","",,"","","","","","","",,"","","","","","","",,"","","","","","","",,"","","","","",242602,1,"2024-05-16_18h50.00.923","experiment","2023.2.3","Win32",60.60606061,"64136cee580125262273f242","6644f019e4b599e96769a32b","6646472fbdc35bd9d6fb0e58","",,,"",,,"",,,"",,,"",,,"",,,"",,,,,"",,,"",,,,"",,,"","","",,,"","",,5,,,,"","","",,,,,,,4,,"",,,"",,,,,,,,,,,"","",,,,,,,"","",,,"s",0.423,,"space",0.8804,,4,"purple_gnome",4,2,"dark_forest","yellow_basket","blue_gnome",4,4,"bright_forest","red_basket",10,0,0,1,"purple_gnome","dark_forest","yellow_basket",3248,-4,1,30,6,246,7,1,"",,,"",,,"",,,"",,,"",,,,,,,"","",,,"",,,"",,,"",,,,,,,"",,,"","",,,,,,,,"",,,,,,,"",,,"","","",,,,,,,,"",,,,,,,
"","","",,"","","","","","","",,"","","","","","","",,"","","","","","","",,"","","","","","","",,"","","","","","","",,"","","","","","","",,"","","","","","","",,"","","","","",242602,1,"2024-05-16_18h50.00.923","experiment","2023.2.3","Win32",60.60606061,"64136cee580125262273f242","6644f019e4b599e96769a32b","6646472fbdc35bd9d6fb0e58","",,,"",,,"",,,"",,,"",,,"",,,"",,,,,"",,,"",,,,"",,,"","","",,,"","",,1,,,,"","","",,,,,,,4,,"",,,"",,,,,,,,,,,"","",,,,,,,"","",,,"k",1.0045,,"space",0.5995,,4,"purple_gnome",4,3,"dark_forest","yellow_basket","blue_gnome",4,0,"bright_forest","red_basket",0,0,0,1,"blue_gnome","bright_forest","red_basket",3248,0,-4,30,7,247,3,1,"",,,"",,,"",,,"",,,"",,,,,,,"","",,,"",,,"",,,"",,,,,,,"",,,"","",,,,,,,,"",,,,,,,"",,,"","","",,,,,,,,"",,,,,,,
"","","",,"","","","","","","",,"","","","","","","",,"","","","","","","",,"","","","","","","",,"","","","","","","",,"","","","","","","",,"","","","","","","",,"","","","","",242602,1,"2024-05-16_18h50.00.923","experiment","2023.2.3","Win32",60.60606061,"64136cee580125262273f242","6644f019e4b599e96769a32b","6646472fbdc35bd9d6fb0e58","",,,"",,,"",,,"",,,"",,,"",,,"",,,,,"",,,"",,,,"",,,"","","",,,"","",,5,,,,"","","",,,,,,,1,,"",,,"",,,,,,,,,,,"","",,,,,,,"","",,,"s",0.5552,,"space",0.3774,,1,"brown_gnome",1,1,"dark_forest","yellow_basket","orange_gnome",1,0,"bright_forest","red_basket",5,0,0,1,"brown_gnome","dark_forest","yellow_basket",3253,2,2,31,0,248,4,1,"",,,"",,,"",,,"",,,"",,,,,,,"","",,,"",,,"",,,"",,,,,,,"",,,"","",,,,,,,,"",,,,,,,"",,,"","","",,,,,,,,"",,,,,,,
"","","",,"","","","","","","",,"","","","","","","",,"","","","","","","",,"","","","","","","",,"","","","","","","",,"","","","","","","",,"","","","","","","",,"","","","","",242602,1,"2024-05-16_18h50.00.923","experiment","2023.2.3","Win32",60.60606061,"64136cee580125262273f242","6644f019e4b599e96769a32b","6646472fbdc35bd9d6fb0e58","",,,"",,,"",,,"",,,"",,,"",,,"",,,,,"",,,"",,,,"",,,"","","",,,"","",,1,,,,"","","",,,,,,,3,,"",,,"",,,,,,,,,,,"","",,,,,,,"","",,,"k",0.549,,"space",0.08,,3,"yellow_gnome",3,3,"dark_forest","yellow_basket","red_gnome",3,2,"bright_forest","red_basket",2,0,0,1,"red_gnome","bright_forest","red_basket",3255,0,-2,31,1,249,2,1,"",,,"",,,"",,,"",,,"",,,,,,,"","",,,"",,,"",,,"",,,,,,,"",,,"","",,,,,,,,"",,,,,,,"",,,"","","",,,,,,,,"",,,,,,,
"","","",,"","","","","","","",,"","","","","","","",,"","","","","","","",,"","","","","","","",,"","","","","","","",,"","","","","","","",,"","","","","","","",,"","","","","",242602,1,"2024-05-16_18h50.00.923","experiment","2023.2.3","Win32",60.60606061,"64136cee580125262273f242","6644f019e4b599e96769a32b","6646472fbdc35bd9d6fb0e58","",,,"",,,"",,,"",,,"",,,"",,,"",,,,,"",,,"",,,,"",,,"","","",,,"","",,5,,,,"","","",,,,,,,1,,"",,,"",,,,,,,,,,,"","",,,,,,,"","",,,"s",0.4788,,"space",0.31,,1,"brown_gnome",1,1,"dark_forest","yellow_basket","orange_gnome",1,2,"bright_forest","red_basket",5,0,0,1,"brown_gnome","dark_forest","yellow_basket",3260,-1,1,31,2,250,4,1,"",,,"",,,"",,,"",,,"",,,,,,,"","",,,"",,,"",,,"",,,,,,,"",,,"","",,,,,,,,"",,,,,,,"",,,"","","",,,,,,,,"",,,,,,,
"","","",,"","","","","","","",,"","","","","","","",,"","","","","","","",,"","","","","","","",,"","","","","","","",,"","","","","","","",,"","","","","","","",,"","","","","",242602,1,"2024-05-16_18h50.00.923","experiment","2023.2.3","Win32",60.60606061,"64136cee580125262273f242","6644f019e4b599e96769a32b","6646472fbdc35bd9d6fb0e58","",,,"",,,"",,,"",,,"",,,"",,,"",,,,,"",,,"",,,,"",,,"","","",,,"","",,5,,,,"","","",,,,,,,3,,"",,,"",,,,,,,,,,,"","",,,,,,,"","",,,"k",0.056,,"space",0.9277,,3,"yellow_gnome",3,2,"dark_forest","yellow_basket","red_gnome",3,1,"bright_forest","red_basket",5,0,0,1,"red_gnome","bright_forest","red_basket",3265,1,0,31,3,251,6,1,"",,,"",,,"",,,"",,,"",,,,,,,"","",,,"",,,"",,,"",,,,,,,"",,,"","",,,,,,,,"",,,,,,,"",,,"","","",,,,,,,,"",,,,,,,
"","","",,"","","","","","","",,"","","","","","","",,"","","","","","","",,"","","","","","","",,"","","","","","","",,"","","","","","","",,"","","","","","","",,"","","","","",242602,1,"2024-05-16_18h50.00.923","experiment","2023.2.3","Win32",60.60606061,"64136cee580125262273f242","6644f019e4b599e96769a32b","6646472fbdc35bd9d6fb0e58","",,,"",,,"",,,"",,,"",,,"",,,"",,,,,"",,,"",,,,"",,,"","","",,,"","",,1,,,,"","","",,,,,,,3,,"",,,"",,,,,,,,,,,"","",,,,,,,"","",,,"s",0.1405,,"space",0.1971,,3,"yellow_gnome",3,2,"dark_forest","yellow_basket","red_gnome",3,2,"bright_forest","red_basket",2,0,0,1,"yellow_gnome","dark_forest","yellow_basket",3267,1,-1,31,4,252,2,1,"",,,"",,,"",,,"",,,"",,,,,,,"","",,,"",,,"",,,"",,,,,,,"",,,"","",,,,,,,,"",,,,,,,"",,,"","","",,,,,,,,"",,,,,,,
"","","",,"","","","","","","",,"","","","","","","",,"","","","","","","",,"","","","","","","",,"","","","","","","",,"","","","","","","",,"","","","","","","",,"","","","","",242602,1,"2024-05-16_18h50.00.923","experiment","2023.2.3","Win32",60.60606061,"64136cee580125262273f242","6644f019e4b599e96769a32b","6646472fbdc35bd9d6fb0e58","",,,"",,,"",,,"",,,"",,,"",,,"",,,,,"",,,"",,,,"",,,"","","",,,"","",,5,,,,"","","",,,,,,,2,,"",,,"",,,,,,,,,,,"","",,,,,,,"","",,,"k",0.3524,,"space",0.204,,2,"green_gnome",2,3,"bright_forest","red_basket","pink_gnome",2,1,"dark_forest","yellow_basket",5,0,0,1,"pink_gnome","dark_forest","yellow_basket",3272,-1,0,31,5,253,5,1,"",,,"",,,"",,,"",,,"",,,,,,,"","",,,"",,,"",,,"",,,,,,,"",,,"","",,,,,,,,"",,,,,,,"",,,"","","",,,,,,,,"",,,,,,,
"","","",,"","","","","","","",,"","","","","","","",,"","","","","","","",,"","","","","","","",,"","","","","","","",,"","","","","","","",,"","","","","","","",,"","","","","",242602,1,"2024-05-16_18h50.00.923","experiment","2023.2.3","Win32",60.60606061,"64136cee580125262273f242","6644f019e4b599e96769a32b","6646472fbdc35bd9d6fb0e58","",,,"",,,"",,,"",,,"",,,"",,,"",,,,,"",,,"",,,,"",,,"","","",,,"","",,5,,,,"","","",,,,,,,1,,"",,,"",,,,,,,,,,,"","",,,,,,,"","",,,"s",0.0951,,"space",0.1573,,1,"orange_gnome",1,2,"bright_forest","red_basket","brown_gnome",1,1,"dark_forest","yellow_basket",10,0,0,1,"orange_gnome","bright_forest","red_basket",3282,-2,-3,31,6,254,4,1,"",,,"",,,"",,,"",,,"",,,,,,,"","",,,"",,,"",,,"",,,,,,,"",,,"","",,,,,,,,"",,,,,,,"",,,"","","",,,,,,,,"",,,,,,,
"","","",,"","","","","","","",,"","","","","","","",,"","","","","","","",,"","","","","","","",,"","","","","","","",,"","","","","","","",,"","","","","","","",,"","","","","",242602,1,"2024-05-16_18h50.00.923","experiment","2023.2.3","Win32",60.60606061,"64136cee580125262273f242","6644f019e4b599e96769a32b","6646472fbdc35bd9d6fb0e58","",,,"",,,"",,,"",,,"",,,"",,,"",,,,,"",,,"",,,,"",,,"","","",,,"","",,1,,,,"","","",,,,,,,4,,"",,,"",,,,,,,,,,,"","",,,,,,,"","",,,"k",0.0517,,"space",0.0692,,4,"blue_gnome",4,0,"bright_forest","red_basket","purple_gnome",4,2,"dark_forest","yellow_basket",2,0,0,1,"purple_gnome","dark_forest","yellow_basket",3284,-1,-1,31,7,255,3,1,"",,,"",,,"",,,"",,,"",,,,,,,"","",,,"",,,"",,,"",,,,,,,"",,,"","",,,,,,,,"",,,,,,,"",,,"","","",,,,,,,,"",,,,,,,
"","","",,"","","","","","","",,"","","","","","","",,"","","","","","","",,"","","","","","","",,"","","","","","","",,"","","","","","","",,"","","","","","","",,"","","","","",242602,1,"2024-05-16_18h50.00.923","experiment","2023.2.3","Win32",60.60606061,"64136cee580125262273f242","6644f019e4b599e96769a32b","6646472fbdc35bd9d6fb0e58","",,,"",,,"",,,"",,,"",,,"",,,"",,,,,"",,,"",,,,"",,,"","","",,,"","",,,,,,"","","",,,,,,,,,"",,,"",,,2294.5812,2297.1801,0.739814815,-0.34537037,1,0,0,2.5797,"t_advice_finished_typing_rect","",,,,,,,"","",,,"",,,"",,,,"",,,"","","",,,"","",,,,,"","","",,,,,,,,,"",,,"space",6.4171,,"space",20.372,,"space",3.8551,,"Hi Player,Goodluck,seems all warm colours take you to the ""light"" forest and cold colours take you to the ""dark"" forest,points seem to decrease on each forest as you keep playing through the game, what i done was change the forest i was going to when i hit +single digits.otherwise it seems the game is rather random and the multipliers seem to have no real value.again good luck",0.012037037,0.100925926,1,0,0,1.1622,"vb_finished_typing_rect","space",5.211,,"left",14.2939,,"right",2.9703,,"space",5.2034,,2.592592593,4.6205,97.68518519,6.8651,"space",6.616,,"orange_gnome","red_gnome",0,0,0,3,1,0,4,"",,,,,,,"",,,"","","",,,,,,,,"",,,,,,,
"","","",,"","","","","","","",,"","","","","","","",,"","","","","","","",,"","","","","","","",,"","","","","","","",,"","","","","","","",,"","","","","","","",,"","","","","",242602,1,"2024-05-16_18h50.00.923","experiment","2023.2.3","Win32",60.60606061,"64136cee580125262273f242","6644f019e4b599e96769a32b","6646472fbdc35bd9d6fb0e58","",,,"",,,"",,,"",,,"",,,"",,,"",,,,,"",,,"",,,,"",,,"","","",,,"","",,,,,,"","","",,,,,,,,,"",,,"",,,,,,,,,,,"","",,,,,,,"","",,,"",,,"",,,,"",,,"","","",,,"","",,,,,"","","",,,,,,,,,"",,,"",,,"",,,"",,,"",,,,,,,"","",,,"",,,"",,,"",,,2.5,4.0693,99.35185185,4.9787,"space",4.6314,,"red_gnome","purple_gnome",0,1,1,24,1,4,7,"",,,,,,,"",,,"","","",,,,,,,,"",,,,,,,
"","","",,"","","","","","","",,"","","","","","","",,"","","","","","","",,"","","","","","","",,"","","","","","","",,"","","","","","","",,"","","","","","","",,"","","","","",242602,1,"2024-05-16_18h50.00.923","experiment","2023.2.3","Win32",60.60606061,"64136cee580125262273f242","6644f019e4b599e96769a32b","6646472fbdc35bd9d6fb0e58","",,,"",,,"",,,"",,,"",,,"",,,"",,,,,"",,,"",,,,"",,,"","","",,,"","",,,,,,"","","",,,,,,,,,"",,,"",,,,,,,,,,,"","",,,,,,,"","",,,"",,,"",,,,"",,,"","","",,,"","",,,,,"","","",,,,,,,,,"",,,"",,,"",,,"",,,"",,,,,,,"","",,,"",,,"",,,"",,,72.68518519,7.113,97.03703704,5.1057,"space",6.6571,,"brown_gnome","blue_gnome",0,2,2,11,1,1,6,"",,,,,,,"",,,"","","",,,,,,,,"",,,,,,,
"","","",,"","","","","","","",,"","","","","","","",,"","","","","","","",,"","","","","","","",,"","","","","","","",,"","","","","","","",,"","","","","","","",,"","","","","",242602,1,"2024-05-16_18h50.00.923","experiment","2023.2.3","Win32",60.60606061,"64136cee580125262273f242","6644f019e4b599e96769a32b","6646472fbdc35bd9d6fb0e58","",,,"",,,"",,,"",,,"",,,"",,,"",,,,,"",,,"",,,,"",,,"","","",,,"","",,,,,,"","","",,,,,,,,,"",,,"",,,,,,,,,,,"","",,,,,,,"","",,,"",,,"",,,,"",,,"","","",,,"","",,,,,"","","",,,,,,,,,"",,,"",,,"",,,"",,,"",,,,,,,"","",,,"",,,"",,,"",,,0.925925926,3.0025,94.62962963,4.3684,"space",4.0018,,"brown_gnome","purple_gnome",0,3,3,12,1,1,7,"",,,,,,,"",,,"","","",,,,,,,,"",,,,,,,
"","","",,"","","","","","","",,"","","","","","","",,"","","","","","","",,"","","","","","","",,"","","","","","","",,"","","","","","","",,"","","","","","","",,"","","","","",242602,1,"2024-05-16_18h50.00.923","experiment","2023.2.3","Win32",60.60606061,"64136cee580125262273f242","6644f019e4b599e96769a32b","6646472fbdc35bd9d6fb0e58","",,,"",,,"",,,"",,,"",,,"",,,"",,,,,"",,,"",,,,"",,,"","","",,,"","",,,,,,"","","",,,,,,,,,"",,,"",,,,,,,,,,,"","",,,,,,,"","",,,"",,,"",,,,"",,,"","","",,,"","",,,,,"","","",,,,,,,,,"",,,"",,,"",,,"",,,"",,,,,,,"","",,,"",,,"",,,"",,,18.05555556,3.415,82.68518519,4.8372,"space",4.434,,"yellow_gnome","orange_gnome",0,4,4,4,1,0,5,"",,,,,,,"",,,"","","",,,,,,,,"",,,,,,,
"","","",,"","","","","","","",,"","","","","","","",,"","","","","","","",,"","","","","","","",,"","","","","","","",,"","","","","","","",,"","","","","","","",,"","","","","",242602,1,"2024-05-16_18h50.00.923","experiment","2023.2.3","Win32",60.60606061,"64136cee580125262273f242","6644f019e4b599e96769a32b","6646472fbdc35bd9d6fb0e58","",,,"",,,"",,,"",,,"",,,"",,,"",,,,,"",,,"",,,,"",,,"","","",,,"","",,,,,,"","","",,,,,,,,,"",,,"",,,,,,,,,,,"","",,,,,,,"","",,,"",,,"",,,,"",,,"","","",,,"","",,,,,"","","",,,,,,,,,"",,,"",,,"",,,"",,,"",,,,,,,"","",,,"",,,"",,,"",,,70.18518519,3.4755,65.55555556,4.8193,"space",4.3411,,"orange_gnome","green_gnome",0,5,5,1,1,0,2,"",,,,,,,"",,,"","","",,,,,,,,"",,,,,,,
"","","",,"","","","","","","",,"","","","","","","",,"","","","","","","",,"","","","","","","",,"","","","","","","",,"","","","","","","",,"","","","","","","",,"","","","","",242602,1,"2024-05-16_18h50.00.923","experiment","2023.2.3","Win32",60.60606061,"64136cee580125262273f242","6644f019e4b599e96769a32b","6646472fbdc35bd9d6fb0e58","",,,"",,,"",,,"",,,"",,,"",,,"",,,,,"",,,"",,,,"",,,"","","",,,"","",,,,,,"","","",,,,,,,,,"",,,"",,,,,,,,,,,"","",,,,,,,"","",,,"",,,"",,,,"",,,"","","",,,"","",,,,,"","","",,,,,,,,,"",,,"",,,"",,,"",,,"",,,,,,,"","",,,"",,,"",,,"",,,24.35185185,2.5122,22.96296296,3.5632,"space",3.2604,,"yellow_gnome","pink_gnome",0,6,6,19,1,3,5,"",,,,,,,"",,,"","","",,,,,,,,"",,,,,,,
"","","",,"","","","","","","",,"","","","","","","",,"","","","","","","",,"","","","","","","",,"","","","","","","",,"","","","","","","",,"","","","","","","",,"","","","","",242602,1,"2024-05-16_18h50.00.923","experiment","2023.2.3","Win32",60.60606061,"64136cee580125262273f242","6644f019e4b599e96769a32b","6646472fbdc35bd9d6fb0e58","",,,"",,,"",,,"",,,"",,,"",,,"",,,,,"",,,"",,,,"",,,"","","",,,"","",,,,,,"","","",,,,,,,,,"",,,"",,,,,,,,,,,"","",,,,,,,"","",,,"",,,"",,,,"",,,"","","",,,"","",,,,,"","","",,,,,,,,,"",,,"",,,"",,,"",,,"",,,,,,,"","",,,"",,,"",,,"",,,11.57407407,2.6713,92.12962963,4.0223,"space",3.5904,,"green_gnome","yellow_gnome",0,7,7,15,1,2,5,"",,,,,,,"",,,"","","",,,,,,,,"",,,,,,,
"","","",,"","","","","","","",,"","","","","","","",,"","","","","","","",,"","","","","","","",,"","","","","","","",,"","","","","","","",,"","","","","","","",,"","","","","",242602,1,"2024-05-16_18h50.00.923","experiment","2023.2.3","Win32",60.60606061,"64136cee580125262273f242","6644f019e4b599e96769a32b","6646472fbdc35bd9d6fb0e58","",,,"",,,"",,,"",,,"",,,"",,,"",,,,,"",,,"",,,,"",,,"","","",,,"","",,,,,,"","","",,,,,,,,,"",,,"",,,,,,,,,,,"","",,,,,,,"","",,,"",,,"",,,,"",,,"","","",,,"","",,,,,"","","",,,,,,,,,"",,,"",,,"",,,"",,,"",,,,,,,"","",,,"",,,"",,,"",,,23.7037037,2.7052,86.94444444,3.8904,"space",3.5907,,"pink_gnome","blue_gnome",0,8,8,20,1,3,6,"",,,,,,,"",,,"","","",,,,,,,,"",,,,,,,
"","","",,"","","","","","","",,"","","","","","","",,"","","","","","","",,"","","","","","","",,"","","","","","","",,"","","","","","","",,"","","","","","","",,"","","","","",242602,1,"2024-05-16_18h50.00.923","experiment","2023.2.3","Win32",60.60606061,"64136cee580125262273f242","6644f019e4b599e96769a32b","6646472fbdc35bd9d6fb0e58","",,,"",,,"",,,"",,,"",,,"",,,"",,,,,"",,,"",,,,"",,,"","","",,,"","",,,,,,"","","",,,,,,,,,"",,,"",,,,,,,,,,,"","",,,,,,,"","",,,"",,,"",,,,"",,,"","","",,,"","",,,,,"","","",,,,,,,,,"",,,"",,,"",,,"",,,"",,,,,,,"","",,,"",,,"",,,"",,,29.90740741,6.7824,72.87037037,8.0302,"space",7.5565,,"blue_gnome","green_gnome",0,9,9,16,1,2,6,"",,,,,,,"",,,"","","",,,,,,,,"",,,,,,,
"","","",,"","","","","","","",,"","","","","","","",,"","","","","","","",,"","","","","","","",,"","","","","","","",,"","","","","","","",,"","","","","","","",,"","","","","",242602,1,"2024-05-16_18h50.00.923","experiment","2023.2.3","Win32",60.60606061,"64136cee580125262273f242","6644f019e4b599e96769a32b","6646472fbdc35bd9d6fb0e58","",,,"",,,"",,,"",,,"",,,"",,,"",,,,,"",,,"",,,,"",,,"","","",,,"","",,,,,,"","","",,,,,,,,,"",,,"",,,,,,,,,,,"","",,,,,,,"","",,,"",,,"",,,,"",,,"","","",,,"","",,,,,"","","",,,,,,,,,"",,,"",,,"",,,"",,,"",,,,,,,"","",,,"",,,"",,,"",,,23.24074074,3.244,49.72222222,5.1575,"space",4.8224,,"green_gnome","pink_gnome",0,10,10,13,1,2,3,"",,,,,,,"",,,"","","",,,,,,,,"",,,,,,,
"","","",,"","","","","","","",,"","","","","","","",,"","","","","","","",,"","","","","","","",,"","","","","","","",,"","","","","","","",,"","","","","","","",,"","","","","",242602,1,"2024-05-16_18h50.00.923","experiment","2023.2.3","Win32",60.60606061,"64136cee580125262273f242","6644f019e4b599e96769a32b","6646472fbdc35bd9d6fb0e58","",,,"",,,"",,,"",,,"",,,"",,,"",,,,,"",,,"",,,,"",,,"","","",,,"","",,,,,,"","","",,,,,,,,,"",,,"",,,,,,,,,,,"","",,,,,,,"","",,,"",,,"",,,,"",,,"","","",,,"","",,,,,"","","",,,,,,,,,"",,,"",,,"",,,"",,,"",,,,,,,"","",,,"",,,"",,,"",,,63.24074074,2.7707,61.57407407,5.441,"space",4.9673,,"orange_gnome","pink_gnome",0,11,11,2,1,0,3,"",,,,,,,"",,,"","","",,,,,,,,"",,,,,,,
"","","",,"","","","","","","",,"","","","","","","",,"","","","","","","",,"","","","","","","",,"","","","","","","",,"","","","","","","",,"","","","","","","",,"","","","","",242602,1,"2024-05-16_18h50.00.923","experiment","2023.2.3","Win32",60.60606061,"64136cee580125262273f242","6644f019e4b599e96769a32b","6646472fbdc35bd9d6fb0e58","",,,"",,,"",,,"",,,"",,,"",,,"",,,,,"",,,"",,,,"",,,"","","",,,"","",,,,,,"","","",,,,,,,,,"",,,"",,,,,,,,,,,"","",,,,,,,"","",,,"",,,"",,,,"",,,"","","",,,"","",,,,,"","","",,,,,,,,,"",,,"",,,"",,,"",,,"",,,,,,,"","",,,"",,,"",,,"",,,64.72222222,2.1543,70.18518519,3.2183,"space",2.7066,,"yellow_gnome","blue_gnome",0,12,12,25,1,5,6,"",,,,,,,"",,,"","","",,,,,,,,"",,,,,,,
"","","",,"","","","","","","",,"","","","","","","",,"","","","","","","",,"","","","","","","",,"","","","","","","",,"","","","","","","",,"","","","","","","",,"","","","","",242602,1,"2024-05-16_18h50.00.923","experiment","2023.2.3","Win32",60.60606061,"64136cee580125262273f242","6644f019e4b599e96769a32b","6646472fbdc35bd9d6fb0e58","",,,"",,,"",,,"",,,"",,,"",,,"",,,,,"",,,"",,,,"",,,"","","",,,"","",,,,,,"","","",,,,,,,,,"",,,"",,,,,,,,,,,"","",,,,,,,"","",,,"",,,"",,,,"",,,"","","",,,"","",,,,,"","","",,,,,,,,,"",,,"",,,"",,,"",,,"",,,,,,,"","",,,"",,,"",,,"",,,31.94444444,3.1791,65.09259259,4.3042,"space",3.8369,,"pink_gnome","purple_gnome",0,13,13,21,1,3,7,"",,,,,,,"",,,"","","",,,,,,,,"",,,,,,,
"","","",,"","","","","","","",,"","","","","","","",,"","","","","","","",,"","","","","","","",,"","","","","","","",,"","","","","","","",,"","","","","","","",,"","","","","",242602,1,"2024-05-16_18h50.00.923","experiment","2023.2.3","Win32",60.60606061,"64136cee580125262273f242","6644f019e4b599e96769a32b","6646472fbdc35bd9d6fb0e58","",,,"",,,"",,,"",,,"",,,"",,,"",,,,,"",,,"",,,,"",,,"","","",,,"","",,,,,,"","","",,,,,,,,,"",,,"",,,,,,,,,,,"","",,,,,,,"","",,,"",,,"",,,,"",,,"","","",,,"","",,,,,"","","",,,,,,,,,"",,,"",,,"",,,"",,,"",,,,,,,"","",,,"",,,"",,,"",,,65,5.0118,59.25925926,6.5726,"space",6.1145,,"purple_gnome","blue_gnome",0,14,14,27,1,6,7,"",,,,,,,"",,,"","","",,,,,,,,"",,,,,,,
"","","",,"","","","","","","",,"","","","","","","",,"","","","","","","",,"","","","","","","",,"","","","","","","",,"","","","","","","",,"","","","","","","",,"","","","","",242602,1,"2024-05-16_18h50.00.923","experiment","2023.2.3","Win32",60.60606061,"64136cee580125262273f242","6644f019e4b599e96769a32b","6646472fbdc35bd9d6fb0e58","",,,"",,,"",,,"",,,"",,,"",,,"",,,,,"",,,"",,,,"",,,"","","",,,"","",,,,,,"","","",,,,,,,,,"",,,"",,,,,,,,,,,"","",,,,,,,"","",,,"",,,"",,,,"",,,"","","",,,"","",,,,,"","","",,,,,,,,,"",,,"",,,"",,,"",,,"",,,,,,,"","",,,"",,,"",,,"",,,31.2962963,2.0703,36.01851852,2.9676,"space",2.5207,,"red_gnome","pink_gnome",0,15,15,18,1,3,4,"",,,,,,,"",,,"","","",,,,,,,,"",,,,,,,
"","","",,"","","","","","","",,"","","","","","","",,"","","","","","","",,"","","","","","","",,"","","","","","","",,"","","","","","","",,"","","","","","","",,"","","","","",242602,1,"2024-05-16_18h50.00.923","experiment","2023.2.3","Win32",60.60606061,"64136cee580125262273f242","6644f019e4b599e96769a32b","6646472fbdc35bd9d6fb0e58","",,,"",,,"",,,"",,,"",,,"",,,"",,,,,"",,,"",,,,"",,,"","","",,,"","",,,,,,"","","",,,,,,,,,"",,,"",,,,,,,,,,,"","",,,,,,,"","",,,"",,,"",,,,"",,,"","","",,,"","",,,,,"","","",,,,,,,,,"",,,"",,,"",,,"",,,"",,,,,,,"","",,,"",,,"",,,"",,,81.66666667,4.3592,84.81481481,3.4358,"space",3.9387,,"brown_gnome","green_gnome",0,16,16,7,1,1,2,"",,,,,,,"",,,"","","",,,,,,,,"",,,,,,,
"","","",,"","","","","","","",,"","","","","","","",,"","","","","","","",,"","","","","","","",,"","","","","","","",,"","","","","","","",,"","","","","","","",,"","","","","",242602,1,"2024-05-16_18h50.00.923","experiment","2023.2.3","Win32",60.60606061,"64136cee580125262273f242","6644f019e4b599e96769a32b","6646472fbdc35bd9d6fb0e58","",,,"",,,"",,,"",,,"",,,"",,,"",,,,,"",,,"",,,,"",,,"","","",,,"","",,,,,,"","","",,,,,,,,,"",,,"",,,,,,,,,,,"","",,,,,,,"","",,,"",,,"",,,,"",,,"","","",,,"","",,,,,"","","",,,,,,,,,"",,,"",,,"",,,"",,,"",,,,,,,"","",,,"",,,"",,,"",,,26.85185185,2.3301,72.31481481,3.5892,"space",3.1769,,"brown_gnome","red_gnome",0,17,17,9,1,1,4,"",,,,,,,"",,,"","","",,,,,,,,"",,,,,,,
"","","",,"","","","","","","",,"","","","","","","",,"","","","","","","",,"","","","","","","",,"","","","","","","",,"","","","","","","",,"","","","","","","",,"","","","","",242602,1,"2024-05-16_18h50.00.923","experiment","2023.2.3","Win32",60.60606061,"64136cee580125262273f242","6644f019e4b599e96769a32b","6646472fbdc35bd9d6fb0e58","",,,"",,,"",,,"",,,"",,,"",,,"",,,,,"",,,"",,,,"",,,"","","",,,"","",,,,,,"","","",,,,,,,,,"",,,"",,,,,,,,,,,"","",,,,,,,"","",,,"",,,"",,,,"",,,"","","",,,"","",,,,,"","","",,,,,,,,,"",,,"",,,"",,,"",,,"",,,,,,,"","",,,"",,,"",,,"",,,23.05555556,2.6375,75.55555556,3.6618,"space",3.2271,,"green_gnome","red_gnome",0,18,18,14,1,2,4,"",,,,,,,"",,,"","","",,,,,,,,"",,,,,,,
"","","",,"","","","","","","",,"","","","","","","",,"","","","","","","",,"","","","","","","",,"","","","","","","",,"","","","","","","",,"","","","","","","",,"","","","","",242602,1,"2024-05-16_18h50.00.923","experiment","2023.2.3","Win32",60.60606061,"64136cee580125262273f242","6644f019e4b599e96769a32b","6646472fbdc35bd9d6fb0e58","",,,"",,,"",,,"",,,"",,,"",,,"",,,,,"",,,"",,,,"",,,"","","",,,"","",,,,,,"","","",,,,,,,,,"",,,"",,,,,,,,,,,"","",,,,,,,"","",,,"",,,"",,,,"",,,"","","",,,"","",,,,,"","","",,,,,,,,,"",,,"",,,"",,,"",,,"",,,,,,,"","",,,"",,,"",,,"",,,76.11111111,2.6529,75.92592593,3.7307,"space",3.3685,,"orange_gnome","brown_gnome",0,19,19,0,1,0,1,"",,,,,,,"",,,"","","",,,,,,,,"",,,,,,,
"","","",,"","","","","","","",,"","","","","","","",,"","","","","","","",,"","","","","","","",,"","","","","","","",,"","","","","","","",,"","","","","","","",,"","","","","",242602,1,"2024-05-16_18h50.00.923","experiment","2023.2.3","Win32",60.60606061,"64136cee580125262273f242","6644f019e4b599e96769a32b","6646472fbdc35bd9d6fb0e58","",,,"",,,"",,,"",,,"",,,"",,,"",,,,,"",,,"",,,,"",,,"","","",,,"","",,,,,,"","","",,,,,,,,,"",,,"",,,,,,,,,,,"","",,,,,,,"","",,,"",,,"",,,,"",,,"","","",,,"","",,,,,"","","",,,,,,,,,"",,,"",,,"",,,"",,,"",,,,,,,"","",,,"",,,"",,,"",,,86.48148148,2.6926,80.83333333,3.7623,"space",3.3896,,"brown_gnome","yellow_gnome",0,20,20,10,1,1,5,"",,,,,,,"",,,"","","",,,,,,,,"",,,,,,,
"","","",,"","","","","","","",,"","","","","","","",,"","","","","","","",,"","","","","","","",,"","","","","","","",,"","","","","","","",,"","","","","","","",,"","","","","",242602,1,"2024-05-16_18h50.00.923","experiment","2023.2.3","Win32",60.60606061,"64136cee580125262273f242","6644f019e4b599e96769a32b","6646472fbdc35bd9d6fb0e58","",,,"",,,"",,,"",,,"",,,"",,,"",,,,,"",,,"",,,,"",,,"","","",,,"","",,,,,,"","","",,,,,,,,,"",,,"",,,,,,,,,,,"","",,,,,,,"","",,,"",,,"",,,,"",,,"","","",,,"","",,,,,"","","",,,,,,,,,"",,,"",,,"",,,"",,,"",,,,,,,"","",,,"",,,"",,,"",,,88.7962963,2.9705,92.68518519,4.1037,"space",3.7835,,"green_gnome","purple_gnome",0,21,21,17,1,2,7,"",,,,,,,"",,,"","","",,,,,,,,"",,,,,,,
"","","",,"","","","","","","",,"","","","","","","",,"","","","","","","",,"","","","","","","",,"","","","","","","",,"","","","","","","",,"","","","","","","",,"","","","","",242602,1,"2024-05-16_18h50.00.923","experiment","2023.2.3","Win32",60.60606061,"64136cee580125262273f242","6644f019e4b599e96769a32b","6646472fbdc35bd9d6fb0e58","",,,"",,,"",,,"",,,"",,,"",,,"",,,,,"",,,"",,,,"",,,"","","",,,"","",,,,,,"","","",,,,,,,,,"",,,"",,,,,,,,,,,"","",,,,,,,"","",,,"",,,"",,,,"",,,"","","",,,"","",,,,,"","","",,,,,,,,,"",,,"",,,"",,,"",,,"",,,,,,,"","",,,"",,,"",,,"",,,79.16666667,2.0938,80.46296296,3.1556,"space",2.7703,,"yellow_gnome","purple_gnome",0,22,22,26,1,5,7,"",,,,,,,"",,,"","","",,,,,,,,"",,,,,,,
"","","",,"","","","","","","",,"","","","","","","",,"","","","","","","",,"","","","","","","",,"","","","","","","",,"","","","","","","",,"","","","","","","",,"","","","","",242602,1,"2024-05-16_18h50.00.923","experiment","2023.2.3","Win32",60.60606061,"64136cee580125262273f242","6644f019e4b599e96769a32b","6646472fbdc35bd9d6fb0e58","",,,"",,,"",,,"",,,"",,,"",,,"",,,,,"",,,"",,,,"",,,"","","",,,"","",,,,,,"","","",,,,,,,,,"",,,"",,,,,,,,,,,"","",,,,,,,"","",,,"",,,"",,,,"",,,"","","",,,"","",,,,,"","","",,,,,,,,,"",,,"",,,"",,,"",,,"",,,,,,,"","",,,"",,,"",,,"",,,75.37037037,2.9694,75.64814815,3.9743,"space",3.4754,,"brown_gnome","pink_gnome",0,23,23,8,1,1,3,"",,,,,,,"",,,"","","",,,,,,,,"",,,,,,,
"","","",,"","","","","","","",,"","","","","","","",,"","","","","","","",,"","","","","","","",,"","","","","","","",,"","","","","","","",,"","","","","","","",,"","","","","",242602,1,"2024-05-16_18h50.00.923","experiment","2023.2.3","Win32",60.60606061,"64136cee580125262273f242","6644f019e4b599e96769a32b","6646472fbdc35bd9d6fb0e58","",,,"",,,"",,,"",,,"",,,"",,,"",,,,,"",,,"",,,,"",,,"","","",,,"","",,,,,,"","","",,,,,,,,,"",,,"",,,,,,,,,,,"","",,,,,,,"","",,,"",,,"",,,,"",,,"","","",,,"","",,,,,"","","",,,,,,,,,"",,,"",,,"",,,"",,,"",,,,,,,"","",,,"",,,"",,,"",,,29.53703704,2.207,28.7037037,2.9911,"space",2.5112,,"red_gnome","yellow_gnome",0,24,24,22,1,4,5,"",,,,,,,"",,,"","","",,,,,,,,"",,,,,,,
"","","",,"","","","","","","",,"","","","","","","",,"","","","","","","",,"","","","","","","",,"","","","","","","",,"","","","","","","",,"","","","","","","",,"","","","","",242602,1,"2024-05-16_18h50.00.923","experiment","2023.2.3","Win32",60.60606061,"64136cee580125262273f242","6644f019e4b599e96769a32b","6646472fbdc35bd9d6fb0e58","",,,"",,,"",,,"",,,"",,,"",,,"",,,,,"",,,"",,,,"",,,"","","",,,"","",,,,,,"","","",,,,,,,,,"",,,"",,,,,,,,,,,"","",,,,,,,"","",,,"",,,"",,,,"",,,"","","",,,"","",,,,,"","","",,,,,,,,,"",,,"",,,"",,,"",,,"",,,,,,,"","",,,"",,,"",,,"",,,73.61111111,2.2208,34.72222222,3.1079,"space",2.6281,,"orange_gnome","blue_gnome",0,25,25,5,1,0,6,"",,,,,,,"",,,"","","",,,,,,,,"",,,,,,,
"","","",,"","","","","","","",,"","","","","","","",,"","","","","","","",,"","","","","","","",,"","","","","","","",,"","","","","","","",,"","","","","","","",,"","","","","",242602,1,"2024-05-16_18h50.00.923","experiment","2023.2.3","Win32",60.60606061,"64136cee580125262273f242","6644f019e4b599e96769a32b","6646472fbdc35bd9d6fb0e58","",,,"",,,"",,,"",,,"",,,"",,,"",,,,,"",,,"",,,,"",,,"","","",,,"","",,,,,,"","","",,,,,,,,,"",,,"",,,,,,,,,,,"","",,,,,,,"","",,,"",,,"",,,,"",,,"","","",,,"","",,,,,"","","",,,,,,,,,"",,,"",,,"",,,"",,,"",,,,,,,"","",,,"",,,"",,,"",,,69.90740741,1.6796,,,"space",2.0454,,"orange_gnome","purple_gnome",0,26,26,6,1,0,7,"",,,,,,,"",,,"","","",,,,,,,,"",,,,,,,
"","","",,"","","","","","","",,"","","","","","","",,"","","","","","","",,"","","","","","","",,"","","","","","","",,"","","","","","","",,"","","","","","","",,"","","","","",242602,1,"2024-05-16_18h50.00.923","experiment","2023.2.3","Win32",60.60606061,"64136cee580125262273f242","6644f019e4b599e96769a32b","6646472fbdc35bd9d6fb0e58","",,,"",,,"",,,"",,,"",,,"",,,"",,,,,"",,,"",,,,"",,,"","","",,,"","",,,,,,"","","",,,,,,,,,"",,,"",,,,,,,,,,,"","",,,,,,,"","",,,"",,,"",,,,"",,,"","","",,,"","",,,,,"","","",,,,,,,,,"",,,"",,,"",,,"",,,"",,,,,,,"","",,,"",,,"",,,"",,,31.57407407,1.7019,66.01851852,2.5028,"space",2.0999,,"red_gnome","blue_gnome",0,27,27,23,1,4,6,"",,,,,,,"",,,"","","",,,,,,,,"",,,,,,,
"","","",,"","","","","","","",,"","","","","","","",,"","","","","","","",,"","","","","","","",,"","","","","","","",,"","","","","","","",,"","","","","","","",,"","","","","",242602,1,"2024-05-16_18h50.00.923","experiment","2023.2.3","Win32",60.60606061,"64136cee580125262273f242","6644f019e4b599e96769a32b","6646472fbdc35bd9d6fb0e58","",,,"",,,"",,,"",,,"",,,"",,,"",,,,,"",,,"",,,,"",,,"","","",,,"","",,,,,,"","","",,,,,,,,,"",,,"",,,,,,,,,,,"","",,,,,,,"","",,,"",,,"",,,,"",,,"","","",,,"","",,,,,"","","",,,,,,,,,"",,,"",,,"",,,"",,,"",,,,,,,"","",,,"",,,"",,,"",,,,,,,"",,,"","",,,,,,,,"space",8.0854,,0,6.5442,99.16666667,5.5667,"space",6.2408,,"blue_gnome","dark_forest","yellow_basket",0,0,0,13,1,6,1,"",,,,,,,
"","","",,"","","","","","","",,"","","","","","","",,"","","","","","","",,"","","","","","","",,"","","","","","","",,"","","","","","","",,"","","","","","","",,"","","","","",242602,1,"2024-05-16_18h50.00.923","experiment","2023.2.3","Win32",60.60606061,"64136cee580125262273f242","6644f019e4b599e96769a32b","6646472fbdc35bd9d6fb0e58","",,,"",,,"",,,"",,,"",,,"",,,"",,,,,"",,,"",,,,"",,,"","","",,,"","",,,,,,"","","",,,,,,,,,"",,,"",,,,,,,,,,,"","",,,,,,,"","",,,"",,,"",,,,"",,,"","","",,,"","",,,,,"","","",,,,,,,,,"",,,"",,,"",,,"",,,"",,,,,,,"","",,,"",,,"",,,"",,,,,,,"",,,"","",,,,,,,,"",,,91.57407407,2.7738,91.38888889,3.741,"space",3.2742,,"green_gnome","bright_forest","red_basket",0,1,1,4,1,2,0,"",,,,,,,
"","","",,"","","","","","","",,"","","","","","","",,"","","","","","","",,"","","","","","","",,"","","","","","","",,"","","","","","","",,"","","","","","","",,"","","","","",242602,1,"2024-05-16_18h50.00.923","experiment","2023.2.3","Win32",60.60606061,"64136cee580125262273f242","6644f019e4b599e96769a32b","6646472fbdc35bd9d6fb0e58","",,,"",,,"",,,"",,,"",,,"",,,"",,,,,"",,,"",,,,"",,,"","","",,,"","",,,,,,"","","",,,,,,,,,"",,,"",,,,,,,,,,,"","",,,,,,,"","",,,"",,,"",,,,"",,,"","","",,,"","",,,,,"","","",,,,,,,,,"",,,"",,,"",,,"",,,"",,,,,,,"","",,,"",,,"",,,"",,,,,,,"",,,"","",,,,,,,,"",,,78.88888889,2.4878,85.27777778,3.2741,"space",2.8252,,"orange_gnome","bright_forest","red_basket",0,2,2,0,1,0,0,"",,,,,,,
"","","",,"","","","","","","",,"","","","","","","",,"","","","","","","",,"","","","","","","",,"","","","","","","",,"","","","","","","",,"","","","","","","",,"","","","","",242602,1,"2024-05-16_18h50.00.923","experiment","2023.2.3","Win32",60.60606061,"64136cee580125262273f242","6644f019e4b599e96769a32b","6646472fbdc35bd9d6fb0e58","",,,"",,,"",,,"",,,"",,,"",,,"",,,,,"",,,"",,,,"",,,"","","",,,"","",,,,,,"","","",,,,,,,,,"",,,"",,,,,,,,,,,"","",,,,,,,"","",,,"",,,"",,,,"",,,"","","",,,"","",,,,,"","","",,,,,,,,,"",,,"",,,"",,,"",,,"",,,,,,,"","",,,"",,,"",,,"",,,,,,,"",,,"","",,,,,,,,"",,,83.33333333,2.8283,83.51851852,3.7514,"space",3.3385,,"blue_gnome","bright_forest","red_basket",0,3,3,12,1,6,0,"",,,,,,,
"","","",,"","","","","","","",,"","","","","","","",,"","","","","","","",,"","","","","","","",,"","","","","","","",,"","","","","","","",,"","","","","","","",,"","","","","",242602,1,"2024-05-16_18h50.00.923","experiment","2023.2.3","Win32",60.60606061,"64136cee580125262273f242","6644f019e4b599e96769a32b","6646472fbdc35bd9d6fb0e58","",,,"",,,"",,,"",,,"",,,"",,,"",,,,,"",,,"",,,,"",,,"","","",,,"","",,,,,,"","","",,,,,,,,,"",,,"",,,,,,,,,,,"","",,,,,,,"","",,,"",,,"",,,,"",,,"","","",,,"","",,,,,"","","",,,,,,,,,"",,,"",,,"",,,"",,,"",,,,,,,"","",,,"",,,"",,,"",,,,,,,"",,,"","",,,,,,,,"",,,26.2962963,3.6362,68.33333333,4.7913,"space",4.4122,,"red_gnome","dark_forest","yellow_basket",0,4,4,9,1,4,1,"",,,,,,,
"","","",,"","","","","","","",,"","","","","","","",,"","","","","","","",,"","","","","","","",,"","","","","","","",,"","","","","","","",,"","","","","","","",,"","","","","",242602,1,"2024-05-16_18h50.00.923","experiment","2023.2.3","Win32",60.60606061,"64136cee580125262273f242","6644f019e4b599e96769a32b","6646472fbdc35bd9d6fb0e58","",,,"",,,"",,,"",,,"",,,"",,,"",,,,,"",,,"",,,,"",,,"","","",,,"","",,,,,,"","","",,,,,,,,,"",,,"",,,,,,,,,,,"","",,,,,,,"","",,,"",,,"",,,,"",,,"","","",,,"","",,,,,"","","",,,,,,,,,"",,,"",,,"",,,"",,,"",,,,,,,"","",,,"",,,"",,,"",,,,,,,"",,,"","",,,,,,,,"",,,81.85185185,2.1363,82.87037037,3.2701,"space",2.8093,,"brown_gnome","dark_forest","yellow_basket",0,5,5,3,1,1,1,"",,,,,,,
"","","",,"","","","","","","",,"","","","","","","",,"","","","","","","",,"","","","","","","",,"","","","","","","",,"","","","","","","",,"","","","","","","",,"","","","","",242602,1,"2024-05-16_18h50.00.923","experiment","2023.2.3","Win32",60.60606061,"64136cee580125262273f242","6644f019e4b599e96769a32b","6646472fbdc35bd9d6fb0e58","",,,"",,,"",,,"",,,"",,,"",,,"",,,,,"",,,"",,,,"",,,"","","",,,"","",,,,,,"","","",,,,,,,,,"",,,"",,,,,,,,,,,"","",,,,,,,"","",,,"",,,"",,,,"",,,"","","",,,"","",,,,,"","","",,,,,,,,,"",,,"",,,"",,,"",,,"",,,,,,,"","",,,"",,,"",,,"",,,,,,,"",,,"","",,,,,,,,"",,,15.09259259,2.2545,89.44444444,3.387,"space",3.069,,"purple_gnome","bright_forest","red_basket",0,6,6,14,1,7,0,"",,,,,,,
"","","",,"","","","","","","",,"","","","","","","",,"","","","","","","",,"","","","","","","",,"","","","","","","",,"","","","","","","",,"","","","","","","",,"","","","","",242602,1,"2024-05-16_18h50.00.923","experiment","2023.2.3","Win32",60.60606061,"64136cee580125262273f242","6644f019e4b599e96769a32b","6646472fbdc35bd9d6fb0e58","",,,"",,,"",,,"",,,"",,,"",,,"",,,,,"",,,"",,,,"",,,"","","",,,"","",,,,,,"","","",,,,,,,,,"",,,"",,,,,,,,,,,"","",,,,,,,"","",,,"",,,"",,,,"",,,"","","",,,"","",,,,,"","","",,,,,,,,,"",,,"",,,"",,,"",,,"",,,,,,,"","",,,"",,,"",,,"",,,,,,,"",,,"","",,,,,,,,"",,,84.62962963,2.3764,80,3.304,"space",2.9563,,"purple_gnome","dark_forest","yellow_basket",0,7,7,15,1,7,1,"",,,,,,,
"","","",,"","","","","","","",,"","","","","","","",,"","","","","","","",,"","","","","","","",,"","","","","","","",,"","","","","","","",,"","","","","","","",,"","","","","",242602,1,"2024-05-16_18h50.00.923","experiment","2023.2.3","Win32",60.60606061,"64136cee580125262273f242","6644f019e4b599e96769a32b","6646472fbdc35bd9d6fb0e58","",,,"",,,"",,,"",,,"",,,"",,,"",,,,,"",,,"",,,,"",,,"","","",,,"","",,,,,,"","","",,,,,,,,,"",,,"",,,,,,,,,,,"","",,,,,,,"","",,,"",,,"",,,,"",,,"","","",,,"","",,,,,"","","",,,,,,,,,"",,,"",,,"",,,"",,,"",,,,,,,"","",,,"",,,"",,,"",,,,,,,"",,,"","",,,,,,,,"",,,19.44444444,2.4915,67.77777778,3.9433,"space",3.4841,,"yellow_gnome","dark_forest","yellow_basket",0,8,8,11,1,5,1,"",,,,,,,
"","","",,"","","","","","","",,"","","","","","","",,"","","","","","","",,"","","","","","","",,"","","","","","","",,"","","","","","","",,"","","","","","","",,"","","","","",242602,1,"2024-05-16_18h50.00.923","experiment","2023.2.3","Win32",60.60606061,"64136cee580125262273f242","6644f019e4b599e96769a32b","6646472fbdc35bd9d6fb0e58","",,,"",,,"",,,"",,,"",,,"",,,"",,,,,"",,,"",,,,"",,,"","","",,,"","",,,,,,"","","",,,,,,,,,"",,,"",,,,,,,,,,,"","",,,,,,,"","",,,"",,,"",,,,"",,,"","","",,,"","",,,,,"","","",,,,,,,,,"",,,"",,,"",,,"",,,"",,,,,,,"","",,,"",,,"",,,"",,,,,,,"",,,"","",,,,,,,,"",,,18.7962963,3.0548,31.94444444,3.8953,"space",3.4518,,"orange_gnome","dark_forest","yellow_basket",0,9,9,1,1,0,1,"",,,,,,,
"","","",,"","","","","","","",,"","","","","","","",,"","","","","","","",,"","","","","","","",,"","","","","","","",,"","","","","","","",,"","","","","","","",,"","","","","",242602,1,"2024-05-16_18h50.00.923","experiment","2023.2.3","Win32",60.60606061,"64136cee580125262273f242","6644f019e4b599e96769a32b","6646472fbdc35bd9d6fb0e58","",,,"",,,"",,,"",,,"",,,"",,,"",,,,,"",,,"",,,,"",,,"","","",,,"","",,,,,,"","","",,,,,,,,,"",,,"",,,,,,,,,,,"","",,,,,,,"","",,,"",,,"",,,,"",,,"","","",,,"","",,,,,"","","",,,,,,,,,"",,,"",,,"",,,"",,,"",,,,,,,"","",,,"",,,"",,,"",,,,,,,"",,,"","",,,,,,,,"",,,79.35185185,2.3319,72.96296296,3.1859,"space",2.7149,,"red_gnome","bright_forest","red_basket",0,10,10,8,1,4,0,"",,,,,,,
"","","",,"","","","","","","",,"","","","","","","",,"","","","","","","",,"","","","","","","",,"","","","","","","",,"","","","","","","",,"","","","","","","",,"","","","","",242602,1,"2024-05-16_18h50.00.923","experiment","2023.2.3","Win32",60.60606061,"64136cee580125262273f242","6644f019e4b599e96769a32b","6646472fbdc35bd9d6fb0e58","",,,"",,,"",,,"",,,"",,,"",,,"",,,,,"",,,"",,,,"",,,"","","",,,"","",,,,,,"","","",,,,,,,,,"",,,"",,,,,,,,,,,"","",,,,,,,"","",,,"",,,"",,,,"",,,"","","",,,"","",,,,,"","","",,,,,,,,,"",,,"",,,"",,,"",,,"",,,,,,,"","",,,"",,,"",,,"",,,,,,,"",,,"","",,,,,,,,"",,,7.5,2.7528,79.53703704,3.9451,"space",3.5509,,"brown_gnome","bright_forest","red_basket",0,11,11,2,1,1,0,"",,,,,,,
"","","",,"","","","","","","",,"","","","","","","",,"","","","","","","",,"","","","","","","",,"","","","","","","",,"","","","","","","",,"","","","","","","",,"","","","","",242602,1,"2024-05-16_18h50.00.923","experiment","2023.2.3","Win32",60.60606061,"64136cee580125262273f242","6644f019e4b599e96769a32b","6646472fbdc35bd9d6fb0e58","",,,"",,,"",,,"",,,"",,,"",,,"",,,,,"",,,"",,,,"",,,"","","",,,"","",,,,,,"","","",,,,,,,,,"",,,"",,,,,,,,,,,"","",,,,,,,"","",,,"",,,"",,,,"",,,"","","",,,"","",,,,,"","","",,,,,,,,,"",,,"",,,"",,,"",,,"",,,,,,,"","",,,"",,,"",,,"",,,,,,,"",,,"","",,,,,,,,"",,,28.98148148,2.6628,71.01851852,3.6555,"space",3.2398,,"pink_gnome","dark_forest","yellow_basket",0,12,12,7,1,3,1,"",,,,,,,
"","","",,"","","","","","","",,"","","","","","","",,"","","","","","","",,"","","","","","","",,"","","","","","","",,"","","","","","","",,"","","","","","","",,"","","","","",242602,1,"2024-05-16_18h50.00.923","experiment","2023.2.3","Win32",60.60606061,"64136cee580125262273f242","6644f019e4b599e96769a32b","6646472fbdc35bd9d6fb0e58","",,,"",,,"",,,"",,,"",,,"",,,"",,,,,"",,,"",,,,"",,,"","","",,,"","",,,,,,"","","",,,,,,,,,"",,,"",,,,,,,,,,,"","",,,,,,,"","",,,"",,,"",,,,"",,,"","","",,,"","",,,,,"","","",,,,,,,,,"",,,"",,,"",,,"",,,"",,,,,,,"","",,,"",,,"",,,"",,,,,,,"",,,"","",,,,,,,,"",,,15.83333333,3.1104,76.94444444,4.1927,"space",3.7529,,"green_gnome","dark_forest","yellow_basket",0,13,13,5,1,2,1,"",,,,,,,
"","","",,"","","","","","","",,"","","","","","","",,"","","","","","","",,"","","","","","","",,"","","","","","","",,"","","","","","","",,"","","","","","","",,"","","","","",242602,1,"2024-05-16_18h50.00.923","experiment","2023.2.3","Win32",60.60606061,"64136cee580125262273f242","6644f019e4b599e96769a32b","6646472fbdc35bd9d6fb0e58","",,,"",,,"",,,"",,,"",,,"",,,"",,,,,"",,,"",,,,"",,,"","","",,,"","",,,,,,"","","",,,,,,,,,"",,,"",,,,,,,,,,,"","",,,,,,,"","",,,"",,,"",,,,"",,,"","","",,,"","",,,,,"","","",,,,,,,,,"",,,"",,,"",,,"",,,"",,,,,,,"","",,,"",,,"",,,"",,,,,,,"",,,"","",,,,,,,,"",,,77.40740741,2.7022,75.64814815,3.6015,"space",3.2499,,"yellow_gnome","bright_forest","red_basket",0,14,14,10,1,5,0,"",,,,,,,
"","","",,"","","","","","","",,"","","","","","","",,"","","","","","","",,"","","","","","","",,"","","","","","","",,"","","","","","","",,"","","","","","","",,"","","","","",242602,1,"2024-05-16_18h50.00.923","experiment","2023.2.3","Win32",60.60606061,"64136cee580125262273f242","6644f019e4b599e96769a32b","6646472fbdc35bd9d6fb0e58","",,,"",,,"",,,"",,,"",,,"",,,"",,,,,"",,,"",,,,"",,,"","","",,,"","",,,,,,"","","",,,,,,,,,"",,,"",,,,,,,,,,,"","",,,,,,,"","",,,"",,,"",,,,"",,,"","","",,,"","",,,,,"","","",,,,,,,,,"",,,"",,,"",,,"",,,"",,,,,,,"","",,,"",,,"",,,"",,,,,,,"",,,"","",,,,,,,,"",,,82.22222222,2.0299,79.16666667,2.8929,"space",2.5347,,"pink_gnome","bright_forest","red_basket",0,15,15,6,1,3,0,"",,,,,,,
"","","",,"","","","","","","",,"","","","","","","",,"","","","","","","",,"","","","","","","",,"","","","","","","",,"","","","","","","",,"","","","","","","",,"","","","","",242602,1,"2024-05-16_18h50.00.923","experiment","2023.2.3","Win32",60.60606061,"64136cee580125262273f242","6644f019e4b599e96769a32b","6646472fbdc35bd9d6fb0e58","",,,"",,,"",,,"",,,"",,,"",,,"",,,,,"",,,"",,,,"",,,"","","",,,"","",,,,,,"","","",,,,,,,,,"",,,"",,,,,,,,,,,"","",,,,,,,"","",,,"",,,"",,,,"",,,"","","",,,"","",,,,,"","","",,,,,,,,,"",,,"",,,"",,,"",,,"",,,,,,,"","",,,"",,,"",,,"",,,,,,,"",,,"","",,,,,,,,"",,,,,,,"",,,"","","",,,,,,,,"space",10.6489,,0,0,0,0,1
