"parent_PID","stim1_name","stim1_file","stim1_pair","stim1_deact_file","stim1_step2_name","stim1_step2_file","stim1_step2_basket_name","stim1_step2_basket_file","stim2_name","stim2_file","stim2_pair","stim2_deact_file","stim2_step2_name","stim2_step2_file","stim2_step2_basket_name","stim2_step2_basket_file","stim3_name","stim3_file","stim3_pair","stim3_deact_file","stim3_step2_name","stim3_step2_file","stim3_step2_basket_name","stim3_step2_basket_file","stim4_name","stim4_file","stim4_pair","stim4_deact_file","stim4_step2_name","stim4_step2_file","stim4_step2_basket_name","stim4_step2_basket_file","participant","session","date","expName","psychopyVersion","OS","frameRate","PROLIFIC_PID","STUDY_ID","SESSION_ID","consent_keyresp.keys","consent_keyresp.rt","consent_keyresp.duration","global_instructions1_key.keys","global_instructions1_key.rt","global_instructions1_key.duration","global_instructions2_key.keys","global_instructions2_key.rt","global_instructions2_key.duration","global_instructions3_key.keys","global_instructions3_key.rt","global_instructions3_key.duration","global_instructions4_key.keys","global_instructions4_key.rt","global_instructions4_key.duration","global_instructions5_key.keys","global_instructions5_key.rt","global_instructions5_key.duration","p_fixation_2.started","p_fixation_2.stopped","p_step1_keyresp.keys","p_failStep1_keyresp.keys","p_failStep1_keyresp.rt","p_failStep1_keyresp.duration","p_step1_pair_index","p_step1_stimLeft_name","p_step1_stimLeft_pair","p_step1_stimLeft_reward","p_step1_stimLeft_step2Stim","p_step1_stimLeft_step2Basket","p_step1_stimRight_name","p_step1_stimRight_pair","p_step1_stimRight_reward","p_step1_stimRight_step2Stim","p_step1_stimRight_step2Basket","p_points","p_fail_step1","p_fail_step2","p_reward_flag","p_step1_choice","p_step2_stim","p_step2_basket","p_score","practice.thisRepN","practice.thisTrialN","practice.thisN","practice.thisIndex","practice.ran","pair_index","p_step1_keyresp.rt","p_step1_keyresp.duration","p_step2_keyresp.keys","p_failStep2_keyresp.keys","p_failStep2_keyresp.rt","p_failStep2_keyresp.duration","p_step2_keyresp.rt","p_step2_keyresp.duration","t_instructions_keyresp.keys","t_instructions_keyresp.rt","t_instructions_keyresp.duration","t_advice_reading.started","t_advice_reading.stopped","t_advice_mouse.x","t_advice_mouse.y","t_advice_mouse.leftButton","t_advice_mouse.midButton","t_advice_mouse.rightButton","t_advice_mouse.time","t_advice_mouse.clicked_name","t_instructions_2_keyresp.keys","t_instructions_2_keyresp.rt","t_instructions_2_keyresp.duration","t_start.started","t_start.stopped","t_step1_keyresp.keys","t_step1_keyresp.rt","t_step1_keyresp.duration","t_step2_keyresp.keys","t_step1_pair_index","t_step1_stimLeft_name","t_step1_stimLeft_pair","t_step1_stimLeft_reward","t_step1_stimLeft_step2Stim","t_step1_stimLeft_step2Basket","t_step1_stimRight_name","t_step1_stimRight_pair","t_step1_stimRight_reward","t_step1_stimRight_step2Stim","t_step1_stimRight_step2Basket","t_points","t_fail_step1","t_fail_step2","t_reward_flag","t_step1_choice","t_step2_stim","t_step2_basket","globa_score","t_data_stimWalk0","t_data_stimWalk1","trials.thisRepN","trials.thisTrialN","trials.thisN","trials.thisIndex","trials.ran","t_step2_keyresp.rt","t_step2_keyresp.duration","pl_global_instructions_keyresp.keys","pl_global_instructions_keyresp.rt","pl_global_instructions_keyresp.duration","vb_instructions_keyresp.keys","vb_instructions_keyresp.rt","vb_instructions_keyresp.duration","vb_instructions_2_keyresp.keys","vb_instructions_2_keyresp.rt","vb_instructions_2_keyresp.duration","vb_textbox.text","vb_mouse.x","vb_mouse.y","vb_mouse.leftButton","vb_mouse.midButton","vb_mouse.rightButton","vb_mouse.time","vb_mouse.clicked_name","pl1_instructions1_keyresp.keys","pl1_instructions1_keyresp.rt","pl1_instructions1_keyresp.duration","pl1_instructions2_keyresp.keys","pl1_instructions2_keyresp.rt","pl1_instructions2_keyresp.duration","pl1_instructions3_keyresp.keys","pl1_instructions3_keyresp.rt","pl1_instructions3_keyresp.duration","pl1_instructions4_keyresp.keys","pl1_instructions4_keyresp.rt","pl1_instructions4_keyresp.duration","pl1_task_lickert.response","pl1_task_lickert.rt","pl1_task_confidence_lickert.response","pl1_task_confidence_lickert.rt","pl1_task_keyresp.keys","pl1_task_keyresp.rt","pl1_task_keyresp.duration","pl1_task_stimLeft","pl1_task_stimRight","pl1_loop.thisRepN","pl1_loop.thisTrialN","pl1_loop.thisN","pl1_loop.thisIndex","pl1_loop.ran","stimLeft_index","stimRight_index","pl2_instructions_keyresp.keys","pl2_instructions_keyresp.rt","pl2_instructions_keyresp.duration","pl2_task_lickert.response","pl2_task_lickert.rt","pl2_task_confidence_lickert.response","pl2_task_confidence_lickert.rt","pl2_task_keyresp.keys","pl2_task_keyresp.rt","pl2_task_keyresp.duration","pl2_task_gnome","pl2_task_forest","pl2_task_basket","pl2_loop.thisRepN","pl2_loop.thisTrialN","pl2_loop.thisN","pl2_loop.thisIndex","pl2_loop.ran","gnome_id","forest_id","pl3_instructions_keyresp.keys","pl3_instructions_keyresp.rt","pl3_instructions_keyresp.duration","pl3_task_lickert.response","pl3_task_lickert.rt","pl3_task_keyresp.keys","pl3_task_keyresp.rt","pl3_task_keyresp.duration","pl3_task_confidence_lickert.response","pl3_task_confidence_lickert.rt","pl3_task_stimLeftBg","pl3_task_stimRightBg","pl3_task_stimLeft","pl3_task_stimRight","pl3_loop.thisRepN","pl3_loop.thisTrialN","pl3_loop.thisN","pl3_loop.thisIndex","pl3_loop.ran","pl4_instructions_keyresp.keys","pl4_instructions_keyresp.rt","pl4_instructions_keyresp.duration","pl4_task_lickert.response","pl4_task_lickert.rt","pl4_task_keyresp.keys","pl4_task_keyresp.rt","pl4_task_keyresp.duration","pl4_task_confidence_lickert.response","pl4_task_confidence_lickert.rt","pl4_task_stimLeft","pl4_task_stimRight","pl4_loop.thisRepN","pl4_loop.thisTrialN","pl4_loop.thisN","pl4_loop.thisIndex","pl4_loop.ran","end_keyresp.keys","end_keyresp.rt","end_keyresp.duration","show_trials.thisRepN","show_trials.thisTrialN","show_trials.thisN","show_trials.thisIndex","show_trials.ran"
"63ea5f39871e9fdef021a53d","brown_gnomes","ressources/step1_stim1.png",2,"ressources/step1_stim1_deact.png","dark_forest","ressources/step2_background2.png","yellow_basket","ressources/step2_stim1.png","purple_gnome","ressources/step1_stim2.png",1,"ressources/step1_stim2_deact.png","bright_forest","ressources/step2_background1.png","red_basket","ressources/step2_stim2.png","red_gnome","ressources/step1_stim3.png",2,"ressources/step1_stim3_deact.png","bright_forest","ressources/step2_background1.png","red_basket","ressources/step2_stim2.png","green_gnome","ressources/step1_stim4.png",1,"ressources/step1_stim4_deact.png","dark_forest","ressources/step2_background2.png","yellow_basket","ressources/step2_stim1.png",495320,1,"2024-02-20_16h31.12.277","experiment","2023.2.3","Win32",11.96172249,"5deae12ff4c5e12050a1acb5","65d4ce4bfe04d08c28397785","65d4d301131f2c182dc4fa88","",,,"",,,"",,,"",,,"",,,"",,,,,"","",,,,"",,,"","","",,,"","",,,,,"","","",,,,,,,,,,"","",,,,,"",,,,,,,,,,,"","",,,,,"",,,"",,"",,,"","","",,,"","",,,,,"","","",,,,,,,,,,,"",,,"",,,"",,,"",,,,,,,"","",,,"",,,"",,,"",,,,,,,"",,,"","",,,,,,,,"",,,,,,,"",,,"","","",,,,,,,,"",,,,,"",,,,,"","","","",,,,,,"",,,,,"",,,,,"","",,,,,,"",,,,,,,
"","","",,"","","","","","","",,"","","","","","","",,"","","","","","","",,"","","","","",495320,1,"2024-02-20_16h31.12.277","experiment","2023.2.3","Win32",11.96172249,"5deae12ff4c5e12050a1acb5","65d4ce4bfe04d08c28397785","65d4d301131f2c182dc4fa88","y",19.9077,,"",,,"",,,"",,,"",,,"",,,,,"","",,,,"",,,"","","",,,"","",,,,,"","","",,,,,,,,,,"","",,,,,"",,,,,,,,,,,"","",,,,,"",,,"",,"",,,"","","",,,"","",,,,,"","","",,,,,,,,,,,"",,,"",,,"",,,"",,,,,,,"","",,,"",,,"",,,"",,,,,,,"",,,"","",,,,,,,,"",,,,,,,"",,,"","","",,,,,,,,"",,,,,"",,,,,"","","","",,,,,,"",,,,,"",,,,,"","",,,,,,"",,,,,,,
"","","",,"","","","","","","",,"","","","","","","",,"","","","","","","",,"","","","","",495320,1,"2024-02-20_16h31.12.277","experiment","2023.2.3","Win32",11.96172249,"5deae12ff4c5e12050a1acb5","65d4ce4bfe04d08c28397785","65d4d301131f2c182dc4fa88","",,,"space",10.8828,,"space",20.5482,,"space",15.6874,,"space",19.5859,,"space",22.2029,,110.3247,110.9195,"","space",8.1412,,2,"p_pink_gnome",2,0,"p_green_forest","p_green_basket","p_blue_gnome",2,5,"p_yellow_forest","p_blue_basket",0,1,0,0,"","","",0,0,0,0,1,1,2,,,"","",,,,,"",,,,,,,,,,,"","",,,,,"",,,"",,"",,,"","","",,,"","",,,,,"","","",,,,,,,,,,,"",,,"",,,"",,,"",,,,,,,"","",,,"",,,"",,,"",,,,,,,"",,,"","",,,,,,,,"",,,,,,,"",,,"","","",,,,,,,,"",,,,,"",,,,,"","","","",,,,,,"",,,,,"",,,,,"","",,,,,,"",,,,,,,
"","","",,"","","","","","","",,"","","","","","","",,"","","","","","","",,"","","","","",495320,1,"2024-02-20_16h31.12.277","experiment","2023.2.3","Win32",11.96172249,"5deae12ff4c5e12050a1acb5","65d4ce4bfe04d08c28397785","65d4d301131f2c182dc4fa88","",,,"",,,"",,,"",,,"",,,"",,,120.573,121.1442,"","space",2.0068,,1,"p_green_gnome",1,5,"p_yellow_forest","p_blue_basket","p_orange_gnome",1,0,"p_green_forest","p_green_basket",0,1,0,0,"","","",0,0,1,1,0,1,1,,,"","",,,,,"",,,,,,,,,,,"","",,,,,"",,,"",,"",,,"","","",,,"","",,,,,"","","",,,,,,,,,,,"",,,"",,,"",,,"",,,,,,,"","",,,"",,,"",,,"",,,,,,,"",,,"","",,,,,,,,"",,,,,,,"",,,"","","",,,,,,,,"",,,,,"",,,,,"","","","",,,,,,"",,,,,"",,,,,"","",,,,,,"",,,,,,,
"","","",,"","","","","","","",,"","","","","","","",,"","","","","","","",,"","","","","",495320,1,"2024-02-20_16h31.12.277","experiment","2023.2.3","Win32",11.96172249,"5deae12ff4c5e12050a1acb5","65d4ce4bfe04d08c28397785","65d4d301131f2c182dc4fa88","",,,"",,,"",,,"",,,"",,,"",,,124.6423,125.2052,"k","",,,1,"p_green_gnome",1,6,"p_yellow_forest","p_blue_basket","p_orange_gnome",1,1,"p_green_forest","p_green_basket",0,0,1,0,"p_orange_gnome","p_green_forest","p_green_basket",0,1,0,2,0,1,1,0.679,,"","space",2.6198,,,,"",,,,,,,,,,,"","",,,,,"",,,"",,"",,,"","","",,,"","",,,,,"","","",,,,,,,,,,,"",,,"",,,"",,,"",,,,,,,"","",,,"",,,"",,,"",,,,,,,"",,,"","",,,,,,,,"",,,,,,,"",,,"","","",,,,,,,,"",,,,,"",,,,,"","","","",,,,,,"",,,,,"",,,,,"","",,,,,,"",,,,,,,
"","","",,"","","","","","","",,"","","","","","","",,"","","","","","","",,"","","","","",495320,1,"2024-02-20_16h31.12.277","experiment","2023.2.3","Win32",11.96172249,"5deae12ff4c5e12050a1acb5","65d4ce4bfe04d08c28397785","65d4d301131f2c182dc4fa88","",,,"",,,"",,,"",,,"",,,"",,,130.9005,131.512,"k","",,,2,"p_blue_gnome",2,6,"p_yellow_forest","p_blue_basket","p_pink_gnome",2,1,"p_green_forest","p_green_basket",0,0,1,0,"p_pink_gnome","p_green_forest","p_green_basket",0,1,1,3,1,1,2,1.1134,,"","space",2.4177,,,,"",,,,,,,,,,,"","",,,,,"",,,"",,"",,,"","","",,,"","",,,,,"","","",,,,,,,,,,,"",,,"",,,"",,,"",,,,,,,"","",,,"",,,"",,,"",,,,,,,"",,,"","",,,,,,,,"",,,,,,,"",,,"","","",,,,,,,,"",,,,,"",,,,,"","","","",,,,,,"",,,,,"",,,,,"","",,,,,,"",,,,,,,
"","","",,"","","","","","","",,"","","","","","","",,"","","","","","","",,"","","","","",495320,1,"2024-02-20_16h31.12.277","experiment","2023.2.3","Win32",11.96172249,"5deae12ff4c5e12050a1acb5","65d4ce4bfe04d08c28397785","65d4d301131f2c182dc4fa88","",,,"",,,"",,,"",,,"",,,"",,,136.9244,137.4836,"k","",,,2,"p_blue_gnome",2,7,"p_yellow_forest","p_blue_basket","p_pink_gnome",2,2,"p_green_forest","p_green_basket",0,0,1,0,"p_pink_gnome","p_green_forest","p_green_basket",0,2,0,4,1,1,2,1.1421,2e-04,"","space",3.1838,,,,"",,,,,,,,,,,"","",,,,,"",,,"",,"",,,"","","",,,"","",,,,,"","","",,,,,,,,,,,"",,,"",,,"",,,"",,,,,,,"","",,,"",,,"",,,"",,,,,,,"",,,"","",,,,,,,,"",,,,,,,"",,,"","","",,,,,,,,"",,,,,"",,,,,"","","","",,,,,,"",,,,,"",,,,,"","",,,,,,"",,,,,,,
"","","",,"","","","","","","",,"","","","","","","",,"","","","","","","",,"","","","","",495320,1,"2024-02-20_16h31.12.277","experiment","2023.2.3","Win32",11.96172249,"5deae12ff4c5e12050a1acb5","65d4ce4bfe04d08c28397785","65d4d301131f2c182dc4fa88","",,,"",,,"",,,"",,,"",,,"",,,143.6681,144.2397,"k","",,,2,"p_pink_gnome",2,2,"p_green_forest","p_green_basket","p_blue_gnome",2,7,"p_yellow_forest","p_blue_basket",0,0,1,0,"p_blue_gnome","p_yellow_forest","p_blue_basket",0,2,1,5,1,1,2,0.8125,,"","space",1.9001,,,,"",,,,,,,,,,,"","",,,,,"",,,"",,"",,,"","","",,,"","",,,,,"","","",,,,,,,,,,,"",,,"",,,"",,,"",,,,,,,"","",,,"",,,"",,,"",,,,,,,"",,,"","",,,,,,,,"",,,,,,,"",,,"","","",,,,,,,,"",,,,,"",,,,,"","","","",,,,,,"",,,,,"",,,,,"","",,,,,,"",,,,,,,
"","","",,"","","","","","","",,"","","","","","","",,"","","","","","","",,"","","","","",495320,1,"2024-02-20_16h31.12.277","experiment","2023.2.3","Win32",11.96172249,"5deae12ff4c5e12050a1acb5","65d4ce4bfe04d08c28397785","65d4d301131f2c182dc4fa88","",,,"",,,"",,,"",,,"",,,"",,,149.1624,149.7696,"","space",1.4236,,1,"p_orange_gnome",1,3,"p_green_forest","p_green_basket","p_green_gnome",1,8,"p_yellow_forest","p_blue_basket",0,1,0,0,"p_blue_gnome","p_yellow_forest","p_blue_basket",0,3,0,6,0,1,1,,,"","",,,,,"",,,,,,,,,,,"","",,,,,"",,,"",,"",,,"","","",,,"","",,,,,"","","",,,,,,,,,,,"",,,"",,,"",,,"",,,,,,,"","",,,"",,,"",,,"",,,,,,,"",,,"","",,,,,,,,"",,,,,,,"",,,"","","",,,,,,,,"",,,,,"",,,,,"","","","",,,,,,"",,,,,"",,,,,"","",,,,,,"",,,,,,,
"","","",,"","","","","","","",,"","","","","","","",,"","","","","","","",,"","","","","",495320,1,"2024-02-20_16h31.12.277","experiment","2023.2.3","Win32",11.96172249,"5deae12ff4c5e12050a1acb5","65d4ce4bfe04d08c28397785","65d4d301131f2c182dc4fa88","",,,"",,,"",,,"",,,"",,,"",,,152.6355,153.2205,"s","",,,1,"p_orange_gnome",1,3,"p_green_forest","p_green_basket","p_green_gnome",1,8,"p_yellow_forest","p_blue_basket",0,0,1,0,"p_orange_gnome","p_green_forest","p_green_basket",0,3,1,7,0,1,1,0.646,,"","space",2.6705,,,,"",,,,,,,,,,,"","",,,,,"",,,"",,"",,,"","","",,,"","",,,,,"","","",,,,,,,,,,,"",,,"",,,"",,,"",,,,,,,"","",,,"",,,"",,,"",,,,,,,"",,,"","",,,,,,,,"",,,,,,,"",,,"","","",,,,,,,,"",,,,,"",,,,,"","","","",,,,,,"",,,,,"",,,,,"","",,,,,,"",,,,,,,
"","","",,"","","","","","","",,"","","","","","","",,"","","","","","","",,"","","","","",495320,1,"2024-02-20_16h31.12.277","experiment","2023.2.3","Win32",11.96172249,"5deae12ff4c5e12050a1acb5","65d4ce4bfe04d08c28397785","65d4d301131f2c182dc4fa88","",,,"",,,"",,,"",,,"",,,"",,,158.7976,159.3781,"s","",,,1,"p_orange_gnome",1,4,"p_green_forest","p_green_basket","p_green_gnome",1,9,"p_yellow_forest","p_blue_basket",4,0,0,1,"p_orange_gnome","p_green_forest","p_green_basket",4,4,0,8,0,1,1,0.8262,,"space","",,,1.1309,,"",,,,,,,,,,,"","",,,,,"",,,"",,"",,,"","","",,,"","",,,,,"","","",,,,,,,,,,,"",,,"",,,"",,,"",,,,,,,"","",,,"",,,"",,,"",,,,,,,"",,,"","",,,,,,,,"",,,,,,,"",,,"","","",,,,,,,,"",,,,,"",,,,,"","","","",,,,,,"",,,,,"",,,,,"","",,,,,,"",,,,,,,
"","","",,"","","","","","","",,"","","","","","","",,"","","","","","","",,"","","","","",495320,1,"2024-02-20_16h31.12.277","experiment","2023.2.3","Win32",11.96172249,"5deae12ff4c5e12050a1acb5","65d4ce4bfe04d08c28397785","65d4d301131f2c182dc4fa88","",,,"",,,"",,,"",,,"",,,"",,,164.5074,165.1005,"s","",,,2,"p_blue_gnome",2,9,"p_yellow_forest","p_blue_basket","p_pink_gnome",2,4,"p_green_forest","p_green_basket",9,0,0,1,"p_blue_gnome","p_yellow_forest","p_blue_basket",13,4,1,9,1,1,2,0.9815,,"space","",,,1.1113,,"",,,,,,,,,,,"","",,,,,"",,,"",,"",,,"","","",,,"","",,,,,"","","",,,,,,,,,,,"",,,"",,,"",,,"",,,,,,,"","",,,"",,,"",,,"",,,,,,,"",,,"","",,,,,,,,"",,,,,,,"",,,"","","",,,,,,,,"",,,,,"",,,,,"","","","",,,,,,"",,,,,"",,,,,"","",,,,,,"",,,,,,,
"","","",,"","","","","","","",,"","","","","","","",,"","","","","","","",,"","","","","",495320,1,"2024-02-20_16h31.12.277","experiment","2023.2.3","Win32",11.96172249,"5deae12ff4c5e12050a1acb5","65d4ce4bfe04d08c28397785","65d4d301131f2c182dc4fa88","",,,"",,,"",,,"",,,"",,,"",,,,,"","",,,,"",,,"","","",,,"","",,,,,"","","",,,,,,,2,,,"","",,,,,"space",18.399,,188.5101,205.6799,0.554444444,-0.332222222,1,0,0,17.0079,"t_advice_finished_typing_rect","space",10.9453,,218.1228,218.123,"s",1.1503,,"",2,"brown_gnomes",2,8,"dark_forest","yellow_basket","red_gnome",2,0,"bright_forest","red_basket",0,0,1,0,"brown_gnomes","dark_forest","yellow_basket",0,-2,1,0,0,0,1,1,,,"",,,"",,,"",,,"",,,,,,,"","",,,"",,,"",,,"",,,,,,,"",,,"","",,,,,,,,"",,,,,,,"",,,"","","",,,,,,,,"",,,,,"",,,,,"","","","",,,,,,"",,,,,"",,,,,"","",,,,,,"",,,,,,,
"","","",,"","","","","","","",,"","","","","","","",,"","","","","","","",,"","","","","",495320,1,"2024-02-20_16h31.12.277","experiment","2023.2.3","Win32",11.96172249,"5deae12ff4c5e12050a1acb5","65d4ce4bfe04d08c28397785","65d4d301131f2c182dc4fa88","",,,"",,,"",,,"",,,"",,,"",,,,,"","",,,,"",,,"","","",,,"","",,,,,"","","",,,,,,,1,,,"","",,,,,"",,,,,,,,,,,"","",,,,,"s",1.3502,,"",1,"green_gnome",1,9,"dark_forest","yellow_basket","purple_gnome",1,2,"bright_forest","red_basket",0,0,1,0,"green_gnome","dark_forest","yellow_basket",0,2,0,0,1,1,0,1,,,"",,,"",,,"",,,"",,,,,,,"","",,,"",,,"",,,"",,,,,,,"",,,"","",,,,,,,,"",,,,,,,"",,,"","","",,,,,,,,"",,,,,"",,,,,"","","","",,,,,,"",,,,,"",,,,,"","",,,,,,"",,,,,,,
"","","",,"","","","","","","",,"","","","","","","",,"","","","","","","",,"","","","","",495320,1,"2024-02-20_16h31.12.277","experiment","2023.2.3","Win32",11.96172249,"5deae12ff4c5e12050a1acb5","65d4ce4bfe04d08c28397785","65d4d301131f2c182dc4fa88","",,,"",,,"",,,"",,,"",,,"",,,,,"","",,,,"",,,"","","",,,"","",,,,,"","","",,,,,,,2,,,"","",,,,,"",,,,,,,,,,,"","",,,,,"s",1.4793,,"",2,"brown_gnomes",2,9,"dark_forest","yellow_basket","red_gnome",2,4,"bright_forest","red_basket",0,0,1,0,"brown_gnomes","dark_forest","yellow_basket",0,0,0,1,0,2,1,1,,,"",,,"",,,"",,,"",,,,,,,"","",,,"",,,"",,,"",,,,,,,"",,,"","",,,,,,,,"",,,,,,,"",,,"","","",,,,,,,,"",,,,,"",,,,,"","","","",,,,,,"",,,,,"",,,,,"","",,,,,,"",,,,,,,
"","","",,"","","","","","","",,"","","","","","","",,"","","","","","","",,"","","","","",495320,1,"2024-02-20_16h31.12.277","experiment","2023.2.3","Win32",11.96172249,"5deae12ff4c5e12050a1acb5","65d4ce4bfe04d08c28397785","65d4d301131f2c182dc4fa88","",,,"",,,"",,,"",,,"",,,"",,,,,"","",,,,"",,,"","","",,,"","",,,,,"","","",,,,,,,2,,,"","",,,,,"",,,,,,,,,,,"","",,,,,"s",1.3125,,"",2,"red_gnome",2,4,"bright_forest","red_basket","brown_gnomes",2,9,"dark_forest","yellow_basket",0,0,1,0,"red_gnome","bright_forest","red_basket",0,-1,-2,1,1,3,1,1,,,"",,,"",,,"",,,"",,,,,,,"","",,,"",,,"",,,"",,,,,,,"",,,"","",,,,,,,,"",,,,,,,"",,,"","","",,,,,,,,"",,,,,"",,,,,"","","","",,,,,,"",,,,,"",,,,,"","",,,,,,"",,,,,,,
"","","",,"","","","","","","",,"","","","","","","",,"","","","","","","",,"","","","","",495320,1,"2024-02-20_16h31.12.277","experiment","2023.2.3","Win32",11.96172249,"5deae12ff4c5e12050a1acb5","65d4ce4bfe04d08c28397785","65d4d301131f2c182dc4fa88","",,,"",,,"",,,"",,,"",,,"",,,,,"","",,,,"",,,"","","",,,"","",,,,,"","","",,,,,,,1,,,"","",,,,,"",,,,,,,,,,,"","",,,,,"",,,"",1,"purple_gnome",1,3,"bright_forest","red_basket","green_gnome",1,7,"dark_forest","yellow_basket",0,1,0,0,"","bright_forest","red_basket",0,0,-3,2,0,4,0,1,,,"",,,"",,,"",,,"",,,,,,,"","",,,"",,,"",,,"",,,,,,,"",,,"","",,,,,,,,"",,,,,,,"",,,"","","",,,,,,,,"",,,,,"",,,,,"","","","",,,,,,"",,,,,"",,,,,"","",,,,,,"",,,,,,,
"","","",,"","","","","","","",,"","","","","","","",,"","","","","","","",,"","","","","",495320,1,"2024-02-20_16h31.12.277","experiment","2023.2.3","Win32",11.96172249,"5deae12ff4c5e12050a1acb5","65d4ce4bfe04d08c28397785","65d4d301131f2c182dc4fa88","",,,"",,,"",,,"",,,"",,,"",,,,,"","",,,,"",,,"","","",,,"","",,,,,"","","",,,,,,,2,,,"","",,,,,"",,,,,,,,,,,"","",,,,,"",,,"",2,"brown_gnomes",2,4,"dark_forest","yellow_basket","red_gnome",2,3,"bright_forest","red_basket",0,1,0,0,"","bright_forest","red_basket",0,1,1,2,1,5,1,1,,,"",,,"",,,"",,,"",,,,,,,"","",,,"",,,"",,,"",,,,,,,"",,,"","",,,,,,,,"",,,,,,,"",,,"","","",,,,,,,,"",,,,,"",,,,,"","","","",,,,,,"",,,,,"",,,,,"","",,,,,,"",,,,,,,
"","","",,"","","","","","","",,"","","","","","","",,"","","","","","","",,"","","","","",495320,1,"2024-02-20_16h31.12.277","experiment","2023.2.3","Win32",11.96172249,"5deae12ff4c5e12050a1acb5","65d4ce4bfe04d08c28397785","65d4d301131f2c182dc4fa88","",,,"",,,"",,,"",,,"",,,"",,,,,"","",,,,"",,,"","","",,,"","",,,,,"","","",,,,,,,2,,,"","",,,,,"",,,,,,,,,,,"","",,,,,"",,,"",2,"red_gnome",2,4,"bright_forest","red_basket","brown_gnomes",2,5,"dark_forest","yellow_basket",0,1,0,0,"","bright_forest","red_basket",0,-4,-2,3,0,6,1,1,,,"",,,"",,,"",,,"",,,,,,,"","",,,"",,,"",,,"",,,,,,,"",,,"","",,,,,,,,"",,,,,,,"",,,"","","",,,,,,,,"",,,,,"",,,,,"","","","",,,,,,"",,,,,"",,,,,"","",,,,,,"",,,,,,,
"","","",,"","","","","","","",,"","","","","","","",,"","","","","","","",,"","","","","",495320,1,"2024-02-20_16h31.12.277","experiment","2023.2.3","Win32",11.96172249,"5deae12ff4c5e12050a1acb5","65d4ce4bfe04d08c28397785","65d4d301131f2c182dc4fa88","",,,"",,,"",,,"",,,"",,,"",,,,,"","",,,,"",,,"","","",,,"","",,,,,"","","",,,,,,,2,,,"","",,,,,"",,,,,,,,,,,"","",,,,,"k",0.6878,,"",2,"red_gnome",2,0,"bright_forest","red_basket","brown_gnomes",2,3,"dark_forest","yellow_basket",0,0,1,0,"brown_gnomes","dark_forest","yellow_basket",0,-1,3,3,1,7,1,1,,,"",,,"",,,"",,,"",,,,,,,"","",,,"",,,"",,,"",,,,,,,"",,,"","",,,,,,,,"",,,,,,,"",,,"","","",,,,,,,,"",,,,,"",,,,,"","","","",,,,,,"",,,,,"",,,,,"","",,,,,,"",,,,,,,
"","","",,"","","","","","","",,"","","","","","","",,"","","","","","","",,"","","","","",495320,1,"2024-02-20_16h31.12.277","experiment","2023.2.3","Win32",11.96172249,"5deae12ff4c5e12050a1acb5","65d4ce4bfe04d08c28397785","65d4d301131f2c182dc4fa88","",,,"",,,"",,,"",,,"",,,"",,,,,"","",,,,"",,,"","","",,,"","",,,,,"","","",,,,,,,1,,,"","",,,,,"",,,,,,,,,,,"","",,,,,"k",0.8478,,"space",1,"green_gnome",1,6,"dark_forest","yellow_basket","purple_gnome",1,1,"bright_forest","red_basket",1,0,0,1,"purple_gnome","bright_forest","red_basket",1,0,0,4,0,8,0,1,1.1773,,"",,,"",,,"",,,"",,,,,,,"","",,,"",,,"",,,"",,,,,,,"",,,"","",,,,,,,,"",,,,,,,"",,,"","","",,,,,,,,"",,,,,"",,,,,"","","","",,,,,,"",,,,,"",,,,,"","",,,,,,"",,,,,,,
"","","",,"","","","","","","",,"","","","","","","",,"","","","","","","",,"","","","","",495320,1,"2024-02-20_16h31.12.277","experiment","2023.2.3","Win32",11.96172249,"5deae12ff4c5e12050a1acb5","65d4ce4bfe04d08c28397785","65d4d301131f2c182dc4fa88","",,,"",,,"",,,"",,,"",,,"",,,,,"","",,,,"",,,"","","",,,"","",,,,,"","","",,,,,,,1,,,"","",,,,,"",,,,,,,,,,,"","",,,,,"k",1.0018,,"",1,"purple_gnome",1,1,"bright_forest","red_basket","green_gnome",1,6,"dark_forest","yellow_basket",0,0,1,0,"green_gnome","dark_forest","yellow_basket",1,-2,-1,4,1,9,0,1,,,"",,,"",,,"",,,"",,,,,,,"","",,,"",,,"",,,"",,,,,,,"",,,"","",,,,,,,,"",,,,,,,"",,,"","","",,,,,,,,"",,,,,"",,,,,"","","","",,,,,,"",,,,,"",,,,,"","",,,,,,"",,,,,,,
"","","",,"","","","","","","",,"","","","","","","",,"","","","","","","",,"","","","","",495320,1,"2024-02-20_16h31.12.277","experiment","2023.2.3","Win32",11.96172249,"5deae12ff4c5e12050a1acb5","65d4ce4bfe04d08c28397785","65d4d301131f2c182dc4fa88","",,,"",,,"",,,"",,,"",,,"",,,,,"","",,,,"",,,"","","",,,"","",,,,,"","","",,,,,,,2,,,"","",,,,,"",,,,,,,,,,,"","",,,,,"k",1.4294,,"space",2,"red_gnome",2,1,"bright_forest","red_basket","brown_gnomes",2,5,"dark_forest","yellow_basket",5,0,0,1,"brown_gnomes","dark_forest","yellow_basket",6,-1,-1,5,0,10,1,1,1.0343,,"",,,"",,,"",,,"",,,,,,,"","",,,"",,,"",,,"",,,,,,,"",,,"","",,,,,,,,"",,,,,,,"",,,"","","",,,,,,,,"",,,,,"",,,,,"","","","",,,,,,"",,,,,"",,,,,"","",,,,,,"",,,,,,,
"","","",,"","","","","","","",,"","","","","","","",,"","","","","","","",,"","","","","",495320,1,"2024-02-20_16h31.12.277","experiment","2023.2.3","Win32",11.96172249,"5deae12ff4c5e12050a1acb5","65d4ce4bfe04d08c28397785","65d4d301131f2c182dc4fa88","",,,"",,,"",,,"",,,"",,,"",,,,,"","",,,,"",,,"","","",,,"","",,,,,"","","",,,,,,,2,,,"","",,,,,"",,,,,,,,,,,"","",,,,,"k",1.1388,,"space",2,"red_gnome",2,0,"bright_forest","red_basket","brown_gnomes",2,4,"dark_forest","yellow_basket",4,0,0,1,"brown_gnomes","dark_forest","yellow_basket",10,1,2,5,1,11,1,1,0.9087,,"",,,"",,,"",,,"",,,,,,,"","",,,"",,,"",,,"",,,,,,,"",,,"","",,,,,,,,"",,,,,,,"",,,"","","",,,,,,,,"",,,,,"",,,,,"","","","",,,,,,"",,,,,"",,,,,"","",,,,,,"",,,,,,,
"","","",,"","","","","","","",,"","","","","","","",,"","","","","","","",,"","","","","",495320,1,"2024-02-20_16h31.12.277","experiment","2023.2.3","Win32",11.96172249,"5deae12ff4c5e12050a1acb5","65d4ce4bfe04d08c28397785","65d4d301131f2c182dc4fa88","",,,"",,,"",,,"",,,"",,,"",,,,,"","",,,,"",,,"","","",,,"","",,,,,"","","",,,,,,,2,,,"","",,,,,"",,,,,,,,,,,"","",,,,,"k",0.9977,,"space",2,"brown_gnomes",2,6,"dark_forest","yellow_basket","red_gnome",2,1,"bright_forest","red_basket",1,0,0,1,"red_gnome","bright_forest","red_basket",11,-2,1,6,0,12,1,1,0.9191,,"",,,"",,,"",,,"",,,,,,,"","",,,"",,,"",,,"",,,,,,,"",,,"","",,,,,,,,"",,,,,,,"",,,"","","",,,,,,,,"",,,,,"",,,,,"","","","",,,,,,"",,,,,"",,,,,"","",,,,,,"",,,,,,,
"","","",,"","","","","","","",,"","","","","","","",,"","","","","","","",,"","","","","",495320,1,"2024-02-20_16h31.12.277","experiment","2023.2.3","Win32",11.96172249,"5deae12ff4c5e12050a1acb5","65d4ce4bfe04d08c28397785","65d4d301131f2c182dc4fa88","",,,"",,,"",,,"",,,"",,,"",,,,,"","",,,,"",,,"","","",,,"","",,,,,"","","",,,,,,,1,,,"","",,,,,"",,,,,,,,,,,"","",,,,,"k",0.981,,"space",1,"purple_gnome",1,1,"bright_forest","red_basket","green_gnome",1,7,"dark_forest","yellow_basket",7,0,0,1,"green_gnome","dark_forest","yellow_basket",18,-2,-2,6,1,13,0,1,1.2547,,"",,,"",,,"",,,"",,,,,,,"","",,,"",,,"",,,"",,,,,,,"",,,"","",,,,,,,,"",,,,,,,"",,,"","","",,,,,,,,"",,,,,"",,,,,"","","","",,,,,,"",,,,,"",,,,,"","",,,,,,"",,,,,,,
"","","",,"","","","","","","",,"","","","","","","",,"","","","","","","",,"","","","","",495320,1,"2024-02-20_16h31.12.277","experiment","2023.2.3","Win32",11.96172249,"5deae12ff4c5e12050a1acb5","65d4ce4bfe04d08c28397785","65d4d301131f2c182dc4fa88","",,,"",,,"",,,"",,,"",,,"",,,,,"","",,,,"",,,"","","",,,"","",,,,,"","","",,,,,,,2,,,"","",,,,,"",,,,,,,,,,,"","",,,,,"s",1.0016,,"space",2,"red_gnome",2,1,"bright_forest","red_basket","brown_gnomes",2,5,"dark_forest","yellow_basket",1,0,0,1,"red_gnome","bright_forest","red_basket",19,1,-4,7,0,14,1,1,0.7946,,"",,,"",,,"",,,"",,,,,,,"","",,,"",,,"",,,"",,,,,,,"",,,"","",,,,,,,,"",,,,,,,"",,,"","","",,,,,,,,"",,,,,"",,,,,"","","","",,,,,,"",,,,,"",,,,,"","",,,,,,"",,,,,,,
"","","",,"","","","","","","",,"","","","","","","",,"","","","","","","",,"","","","","",495320,1,"2024-02-20_16h31.12.277","experiment","2023.2.3","Win32",11.96172249,"5deae12ff4c5e12050a1acb5","65d4ce4bfe04d08c28397785","65d4d301131f2c182dc4fa88","",,,"",,,"",,,"",,,"",,,"",,,,,"","",,,,"",,,"","","",,,"","",,,,,"","","",,,,,,,1,,,"","",,,,,"",,,,,,,,,,,"","",,,,,"s",1.1104,,"space",1,"green_gnome",1,1,"dark_forest","yellow_basket","purple_gnome",1,2,"bright_forest","red_basket",1,0,0,1,"green_gnome","dark_forest","yellow_basket",20,1,-2,7,1,15,0,1,0.9089,,"",,,"",,,"",,,"",,,,,,,"","",,,"",,,"",,,"",,,,,,,"",,,"","",,,,,,,,"",,,,,,,"",,,"","","",,,,,,,,"",,,,,"",,,,,"","","","",,,,,,"",,,,,"",,,,,"","",,,,,,"",,,,,,,
"","","",,"","","","","","","",,"","","","","","","",,"","","","","","","",,"","","","","",495320,1,"2024-02-20_16h31.12.277","experiment","2023.2.3","Win32",11.96172249,"5deae12ff4c5e12050a1acb5","65d4ce4bfe04d08c28397785","65d4d301131f2c182dc4fa88","",,,"",,,"",,,"",,,"",,,"",,,,,"","",,,,"",,,"","","",,,"","",,,,,"","","",,,,,,,2,,,"","",,,,,"",,,,,,,,,,,"","",,,,,"",,,"",2,"red_gnome",2,3,"bright_forest","red_basket","brown_gnomes",2,1,"dark_forest","yellow_basket",0,1,0,0,"","dark_forest","yellow_basket",20,-1,-3,8,0,16,1,1,,,"",,,"",,,"",,,"",,,,,,,"","",,,"",,,"",,,"",,,,,,,"",,,"","",,,,,,,,"",,,,,,,"",,,"","","",,,,,,,,"",,,,,"",,,,,"","","","",,,,,,"",,,,,"",,,,,"","",,,,,,"",,,,,,,
"","","",,"","","","","","","",,"","","","","","","",,"","","","","","","",,"","","","","",495320,1,"2024-02-20_16h31.12.277","experiment","2023.2.3","Win32",11.96172249,"5deae12ff4c5e12050a1acb5","65d4ce4bfe04d08c28397785","65d4d301131f2c182dc4fa88","",,,"",,,"",,,"",,,"",,,"",,,,,"","",,,,"",,,"","","",,,"","",,,,,"","","",,,,,,,2,,,"","",,,,,"",,,,,,,,,,,"","",,,,,"",,,"",2,"brown_gnomes",2,2,"dark_forest","yellow_basket","red_gnome",2,2,"bright_forest","red_basket",0,1,0,0,"","dark_forest","yellow_basket",20,-2,0,8,1,17,1,1,,,"",,,"",,,"",,,"",,,,,,,"","",,,"",,,"",,,"",,,,,,,"",,,"","",,,,,,,,"",,,,,,,"",,,"","","",,,,,,,,"",,,,,"",,,,,"","","","",,,,,,"",,,,,"",,,,,"","",,,,,,"",,,,,,,
"","","",,"","","","","","","",,"","","","","","","",,"","","","","","","",,"","","","","",495320,1,"2024-02-20_16h31.12.277","experiment","2023.2.3","Win32",11.96172249,"5deae12ff4c5e12050a1acb5","65d4ce4bfe04d08c28397785","65d4d301131f2c182dc4fa88","",,,"",,,"",,,"",,,"",,,"",,,,,"","",,,,"",,,"","","",,,"","",,,,,"","","",,,,,,,1,,,"","",,,,,"",,,,,,,,,,,"","",,,,,"s",0.1848,,"space",1,"green_gnome",1,2,"dark_forest","yellow_basket","purple_gnome",1,0,"bright_forest","red_basket",2,0,0,1,"green_gnome","dark_forest","yellow_basket",22,0,-3,9,0,18,0,1,0.6229,,"",,,"",,,"",,,"",,,,,,,"","",,,"",,,"",,,"",,,,,,,"",,,"","",,,,,,,,"",,,,,,,"",,,"","","",,,,,,,,"",,,,,"",,,,,"","","","",,,,,,"",,,,,"",,,,,"","",,,,,,"",,,,,,,
"","","",,"","","","","","","",,"","","","","","","",,"","","","","","","",,"","","","","",495320,1,"2024-02-20_16h31.12.277","experiment","2023.2.3","Win32",11.96172249,"5deae12ff4c5e12050a1acb5","65d4ce4bfe04d08c28397785","65d4d301131f2c182dc4fa88","",,,"",,,"",,,"",,,"",,,"",,,,,"","",,,,"",,,"","","",,,"","",,,,,"","","",,,,,,,1,,,"","",,,,,"",,,,,,,,,,,"","",,,,,"s",1.3474,,"space",1,"green_gnome",1,1,"dark_forest","yellow_basket","purple_gnome",1,0,"bright_forest","red_basket",1,0,0,1,"green_gnome","dark_forest","yellow_basket",23,1,-1,9,1,19,0,1,0.9107,,"",,,"",,,"",,,"",,,,,,,"","",,,"",,,"",,,"",,,,,,,"",,,"","",,,,,,,,"",,,,,,,"",,,"","","",,,,,,,,"",,,,,"",,,,,"","","","",,,,,,"",,,,,"",,,,,"","",,,,,,"",,,,,,,
"","","",,"","","","","","","",,"","","","","","","",,"","","","","","","",,"","","","","",495320,1,"2024-02-20_16h31.12.277","experiment","2023.2.3","Win32",11.96172249,"5deae12ff4c5e12050a1acb5","65d4ce4bfe04d08c28397785","65d4d301131f2c182dc4fa88","",,,"",,,"",,,"",,,"",,,"",,,,,"","",,,,"",,,"","","",,,"","",,,,,"","","",,,,,,,2,,,"","",,,,,"",,,,,,,,,,,"","",,,,,"k",0.6707,,"space",2,"brown_gnomes",2,0,"dark_forest","yellow_basket","red_gnome",2,1,"bright_forest","red_basket",1,0,0,1,"red_gnome","bright_forest","red_basket",24,0,-1,10,0,20,1,1,0.5136,,"",,,"",,,"",,,"",,,,,,,"","",,,"",,,"",,,"",,,,,,,"",,,"","",,,,,,,,"",,,,,,,"",,,"","","",,,,,,,,"",,,,,"",,,,,"","","","",,,,,,"",,,,,"",,,,,"","",,,,,,"",,,,,,,
"","","",,"","","","","","","",,"","","","","","","",,"","","","","","","",,"","","","","",495320,1,"2024-02-20_16h31.12.277","experiment","2023.2.3","Win32",11.96172249,"5deae12ff4c5e12050a1acb5","65d4ce4bfe04d08c28397785","65d4d301131f2c182dc4fa88","",,,"",,,"",,,"",,,"",,,"",,,,,"","",,,,"",,,"","","",,,"","",,,,,"","","",,,,,,,2,,,"","",,,,,"",,,,,,,,,,,"","",,,,,"k",1.4562,,"space",2,"brown_gnomes",2,1,"dark_forest","yellow_basket","red_gnome",2,1,"bright_forest","red_basket",1,0,0,1,"red_gnome","bright_forest","red_basket",25,1,2,10,1,21,1,1,1.0643,2e-04,"",,,"",,,"",,,"",,,,,,,"","",,,"",,,"",,,"",,,,,,,"",,,"","",,,,,,,,"",,,,,,,"",,,"","","",,,,,,,,"",,,,,"",,,,,"","","","",,,,,,"",,,,,"",,,,,"","",,,,,,"",,,,,,,
"","","",,"","","","","","","",,"","","","","","","",,"","","","","","","",,"","","","","",495320,1,"2024-02-20_16h31.12.277","experiment","2023.2.3","Win32",11.96172249,"5deae12ff4c5e12050a1acb5","65d4ce4bfe04d08c28397785","65d4d301131f2c182dc4fa88","",,,"",,,"",,,"",,,"",,,"",,,,,"","",,,,"",,,"","","",,,"","",,,,,"","","",,,,,,,2,,,"","",,,,,"",,,,,,,,,,,"","",,,,,"k",0.9482,,"space",2,"brown_gnomes",2,3,"dark_forest","yellow_basket","red_gnome",2,2,"bright_forest","red_basket",2,0,0,1,"red_gnome","bright_forest","red_basket",27,0,1,11,0,22,1,1,0.964,,"",,,"",,,"",,,"",,,,,,,"","",,,"",,,"",,,"",,,,,,,"",,,"","",,,,,,,,"",,,,,,,"",,,"","","",,,,,,,,"",,,,,"",,,,,"","","","",,,,,,"",,,,,"",,,,,"","",,,,,,"",,,,,,,
"","","",,"","","","","","","",,"","","","","","","",,"","","","","","","",,"","","","","",495320,1,"2024-02-20_16h31.12.277","experiment","2023.2.3","Win32",11.96172249,"5deae12ff4c5e12050a1acb5","65d4ce4bfe04d08c28397785","65d4d301131f2c182dc4fa88","",,,"",,,"",,,"",,,"",,,"",,,,,"","",,,,"",,,"","","",,,"","",,,,,"","","",,,,,,,2,,,"","",,,,,"",,,,,,,,,,,"","",,,,,"s",0.6623,,"space",2,"brown_gnomes",2,4,"dark_forest","yellow_basket","red_gnome",2,2,"bright_forest","red_basket",4,0,0,1,"brown_gnomes","dark_forest","yellow_basket",31,-3,2,11,1,23,1,1,0.6261,3e-04,"",,,"",,,"",,,"",,,,,,,"","",,,"",,,"",,,"",,,,,,,"",,,"","",,,,,,,,"",,,,,,,"",,,"","","",,,,,,,,"",,,,,"",,,,,"","","","",,,,,,"",,,,,"",,,,,"","",,,,,,"",,,,,,,
"","","",,"","","","","","","",,"","","","","","","",,"","","","","","","",,"","","","","",495320,1,"2024-02-20_16h31.12.277","experiment","2023.2.3","Win32",11.96172249,"5deae12ff4c5e12050a1acb5","65d4ce4bfe04d08c28397785","65d4d301131f2c182dc4fa88","",,,"",,,"",,,"",,,"",,,"",,,,,"","",,,,"",,,"","","",,,"","",,,,,"","","",,,,,,,2,,,"","",,,,,"",,,,,,,,,,,"","",,,,,"k",0.9608,3e-04,"space",2,"brown_gnomes",2,6,"dark_forest","yellow_basket","red_gnome",2,1,"bright_forest","red_basket",1,0,0,1,"red_gnome","bright_forest","red_basket",32,-5,2,12,0,24,1,1,0.7723,,"",,,"",,,"",,,"",,,,,,,"","",,,"",,,"",,,"",,,,,,,"",,,"","",,,,,,,,"",,,,,,,"",,,"","","",,,,,,,,"",,,,,"",,,,,"","","","",,,,,,"",,,,,"",,,,,"","",,,,,,"",,,,,,,
"","","",,"","","","","","","",,"","","","","","","",,"","","","","","","",,"","","","","",495320,1,"2024-02-20_16h31.12.277","experiment","2023.2.3","Win32",11.96172249,"5deae12ff4c5e12050a1acb5","65d4ce4bfe04d08c28397785","65d4d301131f2c182dc4fa88","",,,"",,,"",,,"",,,"",,,"",,,,,"","",,,,"",,,"","","",,,"","",,,,,"","","",,,,,,,1,,,"","",,,,,"",,,,,,,,,,,"","",,,,,"s",0.8129,,"space",1,"green_gnome",1,8,"dark_forest","yellow_basket","purple_gnome",1,4,"bright_forest","red_basket",8,0,0,1,"green_gnome","dark_forest","yellow_basket",40,1,0,12,1,25,0,1,0.6437,,"",,,"",,,"",,,"",,,,,,,"","",,,"",,,"",,,"",,,,,,,"",,,"","",,,,,,,,"",,,,,,,"",,,"","","",,,,,,,,"",,,,,"",,,,,"","","","",,,,,,"",,,,,"",,,,,"","",,,,,,"",,,,,,,
"","","",,"","","","","","","",,"","","","","","","",,"","","","","","","",,"","","","","",495320,1,"2024-02-20_16h31.12.277","experiment","2023.2.3","Win32",11.96172249,"5deae12ff4c5e12050a1acb5","65d4ce4bfe04d08c28397785","65d4d301131f2c182dc4fa88","",,,"",,,"",,,"",,,"",,,"",,,,,"","",,,,"",,,"","","",,,"","",,,,,"","","",,,,,,,1,,,"","",,,,,"",,,,,,,,,,,"","",,,,,"k",1.1174,,"",1,"green_gnome",1,8,"dark_forest","yellow_basket","purple_gnome",1,5,"bright_forest","red_basket",0,0,1,0,"purple_gnome","bright_forest","red_basket",40,0,-3,13,0,26,0,1,,,"",,,"",,,"",,,"",,,,,,,"","",,,"",,,"",,,"",,,,,,,"",,,"","",,,,,,,,"",,,,,,,"",,,"","","",,,,,,,,"",,,,,"",,,,,"","","","",,,,,,"",,,,,"",,,,,"","",,,,,,"",,,,,,,
"","","",,"","","","","","","",,"","","","","","","",,"","","","","","","",,"","","","","",495320,1,"2024-02-20_16h31.12.277","experiment","2023.2.3","Win32",11.96172249,"5deae12ff4c5e12050a1acb5","65d4ce4bfe04d08c28397785","65d4d301131f2c182dc4fa88","",,,"",,,"",,,"",,,"",,,"",,,,,"","",,,,"",,,"","","",,,"","",,,,,"","","",,,,,,,1,,,"","",,,,,"",,,,,,,,,,,"","",,,,,"k",0.7959,,"space",1,"purple_gnome",1,5,"bright_forest","red_basket","green_gnome",1,5,"dark_forest","yellow_basket",5,0,0,1,"green_gnome","dark_forest","yellow_basket",45,-2,-3,13,1,27,0,1,0.7509,2e-04,"",,,"",,,"",,,"",,,,,,,"","",,,"",,,"",,,"",,,,,,,"",,,"","",,,,,,,,"",,,,,,,"",,,"","","",,,,,,,,"",,,,,"",,,,,"","","","",,,,,,"",,,,,"",,,,,"","",,,,,,"",,,,,,,
"","","",,"","","","","","","",,"","","","","","","",,"","","","","","","",,"","","","","",495320,1,"2024-02-20_16h31.12.277","experiment","2023.2.3","Win32",11.96172249,"5deae12ff4c5e12050a1acb5","65d4ce4bfe04d08c28397785","65d4d301131f2c182dc4fa88","",,,"",,,"",,,"",,,"",,,"",,,,,"","",,,,"",,,"","","",,,"","",,,,,"","","",,,,,,,2,,,"","",,,,,"",,,,,,,,,,,"","",,,,,"s",1.2859,,"space",2,"red_gnome",2,3,"bright_forest","red_basket","brown_gnomes",2,2,"dark_forest","yellow_basket",3,0,0,1,"red_gnome","bright_forest","red_basket",48,0,-1,14,0,28,1,1,0.7765,,"",,,"",,,"",,,"",,,,,,,"","",,,"",,,"",,,"",,,,,,,"",,,"","",,,,,,,,"",,,,,,,"",,,"","","",,,,,,,,"",,,,,"",,,,,"","","","",,,,,,"",,,,,"",,,,,"","",,,,,,"",,,,,,,
"","","",,"","","","","","","",,"","","","","","","",,"","","","","","","",,"","","","","",495320,1,"2024-02-20_16h31.12.277","experiment","2023.2.3","Win32",11.96172249,"5deae12ff4c5e12050a1acb5","65d4ce4bfe04d08c28397785","65d4d301131f2c182dc4fa88","",,,"",,,"",,,"",,,"",,,"",,,,,"","",,,,"",,,"","","",,,"","",,,,,"","","",,,,,,,1,,,"","",,,,,"",,,,,,,,,,,"","",,,,,"k",0.7995,,"space",1,"green_gnome",1,1,"dark_forest","yellow_basket","purple_gnome",1,3,"bright_forest","red_basket",3,0,0,1,"purple_gnome","bright_forest","red_basket",51,0,1,14,1,29,0,1,0.7978,,"",,,"",,,"",,,"",,,,,,,"","",,,"",,,"",,,"",,,,,,,"",,,"","",,,,,,,,"",,,,,,,"",,,"","","",,,,,,,,"",,,,,"",,,,,"","","","",,,,,,"",,,,,"",,,,,"","",,,,,,"",,,,,,,
"","","",,"","","","","","","",,"","","","","","","",,"","","","","","","",,"","","","","",495320,1,"2024-02-20_16h31.12.277","experiment","2023.2.3","Win32",11.96172249,"5deae12ff4c5e12050a1acb5","65d4ce4bfe04d08c28397785","65d4d301131f2c182dc4fa88","",,,"",,,"",,,"",,,"",,,"",,,,,"","",,,,"",,,"","","",,,"","",,,,,"","","",,,,,,,2,,,"","",,,,,"",,,,,,,,,,,"","",,,,,"k",1.1287,,"space",2,"red_gnome",2,3,"bright_forest","red_basket","brown_gnomes",2,2,"dark_forest","yellow_basket",2,0,0,1,"brown_gnomes","dark_forest","yellow_basket",53,3,-3,15,0,30,1,1,0.4868,,"",,,"",,,"",,,"",,,,,,,"","",,,"",,,"",,,"",,,,,,,"",,,"","",,,,,,,,"",,,,,,,"",,,"","","",,,,,,,,"",,,,,"",,,,,"","","","",,,,,,"",,,,,"",,,,,"","",,,,,,"",,,,,,,
"","","",,"","","","","","","",,"","","","","","","",,"","","","","","","",,"","","","","",495320,1,"2024-02-20_16h31.12.277","experiment","2023.2.3","Win32",11.96172249,"5deae12ff4c5e12050a1acb5","65d4ce4bfe04d08c28397785","65d4d301131f2c182dc4fa88","",,,"",,,"",,,"",,,"",,,"",,,,,"","",,,,"",,,"","","",,,"","",,,,,"","","",,,,,,,1,,,"","",,,,,"",,,,,,,,,,,"","",,,,,"s",0.9708,,"space",1,"green_gnome",1,1,"dark_forest","yellow_basket","purple_gnome",1,6,"bright_forest","red_basket",1,0,0,1,"green_gnome","dark_forest","yellow_basket",54,-1,0,15,1,31,0,1,0.7753,,"",,,"",,,"",,,"",,,,,,,"","",,,"",,,"",,,"",,,,,,,"",,,"","",,,,,,,,"",,,,,,,"",,,"","","",,,,,,,,"",,,,,"",,,,,"","","","",,,,,,"",,,,,"",,,,,"","",,,,,,"",,,,,,,
"","","",,"","","","","","","",,"","","","","","","",,"","","","","","","",,"","","","","",495320,1,"2024-02-20_16h31.12.277","experiment","2023.2.3","Win32",11.96172249,"5deae12ff4c5e12050a1acb5","65d4ce4bfe04d08c28397785","65d4d301131f2c182dc4fa88","",,,"",,,"",,,"",,,"",,,"",,,,,"","",,,,"",,,"","","",,,"","",,,,,"","","",,,,,,,1,,,"","",,,,,"",,,,,,,,,,,"","",,,,,"k",0.6723,,"space",1,"green_gnome",1,1,"dark_forest","yellow_basket","purple_gnome",1,5,"bright_forest","red_basket",5,0,0,1,"purple_gnome","bright_forest","red_basket",59,0,-2,16,0,32,0,1,0.9289,,"",,,"",,,"",,,"",,,,,,,"","",,,"",,,"",,,"",,,,,,,"",,,"","",,,,,,,,"",,,,,,,"",,,"","","",,,,,,,,"",,,,,"",,,,,"","","","",,,,,,"",,,,,"",,,,,"","",,,,,,"",,,,,,,
"","","",,"","","","","","","",,"","","","","","","",,"","","","","","","",,"","","","","",495320,1,"2024-02-20_16h31.12.277","experiment","2023.2.3","Win32",11.96172249,"5deae12ff4c5e12050a1acb5","65d4ce4bfe04d08c28397785","65d4d301131f2c182dc4fa88","",,,"",,,"",,,"",,,"",,,"",,,,,"","",,,,"",,,"","","",,,"","",,,,,"","","",,,,,,,2,,,"","",,,,,"",,,,,,,,,,,"","",,,,,"k",1.1387,,"space",2,"red_gnome",2,5,"bright_forest","red_basket","brown_gnomes",2,1,"dark_forest","yellow_basket",1,0,0,1,"brown_gnomes","dark_forest","yellow_basket",60,0,-1,16,1,33,1,1,0.8934,,"",,,"",,,"",,,"",,,,,,,"","",,,"",,,"",,,"",,,,,,,"",,,"","",,,,,,,,"",,,,,,,"",,,"","","",,,,,,,,"",,,,,"",,,,,"","","","",,,,,,"",,,,,"",,,,,"","",,,,,,"",,,,,,,
"","","",,"","","","","","","",,"","","","","","","",,"","","","","","","",,"","","","","",495320,1,"2024-02-20_16h31.12.277","experiment","2023.2.3","Win32",11.96172249,"5deae12ff4c5e12050a1acb5","65d4ce4bfe04d08c28397785","65d4d301131f2c182dc4fa88","",,,"",,,"",,,"",,,"",,,"",,,,,"","",,,,"",,,"","","",,,"","",,,,,"","","",,,,,,,2,,,"","",,,,,"",,,,,,,,,,,"","",,,,,"s",1.13,,"space",2,"red_gnome",2,5,"bright_forest","red_basket","brown_gnomes",2,0,"dark_forest","yellow_basket",5,0,0,1,"red_gnome","bright_forest","red_basket",65,1,-2,17,0,34,1,1,0.7777,,"",,,"",,,"",,,"",,,,,,,"","",,,"",,,"",,,"",,,,,,,"",,,"","",,,,,,,,"",,,,,,,"",,,"","","",,,,,,,,"",,,,,"",,,,,"","","","",,,,,,"",,,,,"",,,,,"","",,,,,,"",,,,,,,
"","","",,"","","","","","","",,"","","","","","","",,"","","","","","","",,"","","","","",495320,1,"2024-02-20_16h31.12.277","experiment","2023.2.3","Win32",11.96172249,"5deae12ff4c5e12050a1acb5","65d4ce4bfe04d08c28397785","65d4d301131f2c182dc4fa88","",,,"",,,"",,,"",,,"",,,"",,,,,"","",,,,"",,,"","","",,,"","",,,,,"","","",,,,,,,2,,,"","",,,,,"",,,,,,,,,,,"","",,,,,"k",1.0999,,"space",2,"red_gnome",2,6,"bright_forest","red_basket","brown_gnomes",2,2,"dark_forest","yellow_basket",2,0,0,1,"brown_gnomes","dark_forest","yellow_basket",67,2,3,17,1,35,1,1,0.8963,,"",,,"",,,"",,,"",,,,,,,"","",,,"",,,"",,,"",,,,,,,"",,,"","",,,,,,,,"",,,,,,,"",,,"","","",,,,,,,,"",,,,,"",,,,,"","","","",,,,,,"",,,,,"",,,,,"","",,,,,,"",,,,,,,
"","","",,"","","","","","","",,"","","","","","","",,"","","","","","","",,"","","","","",495320,1,"2024-02-20_16h31.12.277","experiment","2023.2.3","Win32",11.96172249,"5deae12ff4c5e12050a1acb5","65d4ce4bfe04d08c28397785","65d4d301131f2c182dc4fa88","",,,"",,,"",,,"",,,"",,,"",,,,,"","",,,,"",,,"","","",,,"","",,,,,"","","",,,,,,,2,,,"","",,,,,"",,,,,,,,,,,"","",,,,,"s",0.8173,,"space",2,"brown_gnomes",2,5,"dark_forest","yellow_basket","red_gnome",2,8,"bright_forest","red_basket",5,0,0,1,"brown_gnomes","dark_forest","yellow_basket",72,-1,-2,18,0,36,1,1,0.9536,,"",,,"",,,"",,,"",,,,,,,"","",,,"",,,"",,,"",,,,,,,"",,,"","",,,,,,,,"",,,,,,,"",,,"","","",,,,,,,,"",,,,,"",,,,,"","","","",,,,,,"",,,,,"",,,,,"","",,,,,,"",,,,,,,
"","","",,"","","","","","","",,"","","","","","","",,"","","","","","","",,"","","","","",495320,1,"2024-02-20_16h31.12.277","experiment","2023.2.3","Win32",11.96172249,"5deae12ff4c5e12050a1acb5","65d4ce4bfe04d08c28397785","65d4d301131f2c182dc4fa88","",,,"",,,"",,,"",,,"",,,"",,,,,"","",,,,"",,,"","","",,,"","",,,,,"","","",,,,,,,1,,,"","",,,,,"",,,,,,,,,,,"","",,,,,"k",1.1311,,"space",1,"purple_gnome",1,7,"bright_forest","red_basket","green_gnome",1,3,"dark_forest","yellow_basket",3,0,0,1,"green_gnome","dark_forest","yellow_basket",75,0,2,18,1,37,0,1,0.903,,"",,,"",,,"",,,"",,,,,,,"","",,,"",,,"",,,"",,,,,,,"",,,"","",,,,,,,,"",,,,,,,"",,,"","","",,,,,,,,"",,,,,"",,,,,"","","","",,,,,,"",,,,,"",,,,,"","",,,,,,"",,,,,,,
"","","",,"","","","","","","",,"","","","","","","",,"","","","","","","",,"","","","","",495320,1,"2024-02-20_16h31.12.277","experiment","2023.2.3","Win32",11.96172249,"5deae12ff4c5e12050a1acb5","65d4ce4bfe04d08c28397785","65d4d301131f2c182dc4fa88","",,,"",,,"",,,"",,,"",,,"",,,,,"","",,,,"",,,"","","",,,"","",,,,,"","","",,,,,,,2,,,"","",,,,,"",,,,,,,,,,,"","",,,,,"k",1.1349,,"space",2,"brown_gnomes",2,5,"dark_forest","yellow_basket","red_gnome",2,7,"bright_forest","red_basket",7,0,0,1,"red_gnome","bright_forest","red_basket",82,4,0,19,0,38,1,1,0.8172,,"",,,"",,,"",,,"",,,,,,,"","",,,"",,,"",,,"",,,,,,,"",,,"","",,,,,,,,"",,,,,,,"",,,"","","",,,,,,,,"",,,,,"",,,,,"","","","",,,,,,"",,,,,"",,,,,"","",,,,,,"",,,,,,,
"","","",,"","","","","","","",,"","","","","","","",,"","","","","","","",,"","","","","",495320,1,"2024-02-20_16h31.12.277","experiment","2023.2.3","Win32",11.96172249,"5deae12ff4c5e12050a1acb5","65d4ce4bfe04d08c28397785","65d4d301131f2c182dc4fa88","",,,"",,,"",,,"",,,"",,,"",,,,,"","",,,,"",,,"","","",,,"","",,,,,"","","",,,,,,,1,,,"","",,,,,"",,,,,,,,,,,"","",,,,,"s",0.8393,,"space",1,"purple_gnome",1,7,"bright_forest","red_basket","green_gnome",1,5,"dark_forest","yellow_basket",7,0,0,1,"purple_gnome","bright_forest","red_basket",89,4,1,19,1,39,0,1,0.9487,,"",,,"",,,"",,,"",,,,,,,"","",,,"",,,"",,,"",,,,,,,"",,,"","",,,,,,,,"",,,,,,,"",,,"","","",,,,,,,,"",,,,,"",,,,,"","","","",,,,,,"",,,,,"",,,,,"","",,,,,,"",,,,,,,
"","","",,"","","","","","","",,"","","","","","","",,"","","","","","","",,"","","","","",495320,1,"2024-02-20_16h31.12.277","experiment","2023.2.3","Win32",11.96172249,"5deae12ff4c5e12050a1acb5","65d4ce4bfe04d08c28397785","65d4d301131f2c182dc4fa88","",,,"",,,"",,,"",,,"",,,"",,,,,"","",,,,"",,,"","","",,,"","",,,,,"","","",,,,,,,1,,,"","",,,,,"",,,,,,,,,,,"","",,,,,"k",0.807,,"space",1,"purple_gnome",1,7,"bright_forest","red_basket","green_gnome",1,6,"dark_forest","yellow_basket",6,0,0,1,"green_gnome","dark_forest","yellow_basket",95,2,2,20,0,40,0,1,0.9697,,"",,,"",,,"",,,"",,,,,,,"","",,,"",,,"",,,"",,,,,,,"",,,"","",,,,,,,,"",,,,,,,"",,,"","","",,,,,,,,"",,,,,"",,,,,"","","","",,,,,,"",,,,,"",,,,,"","",,,,,,"",,,,,,,
"","","",,"","","","","","","",,"","","","","","","",,"","","","","","","",,"","","","","",495320,1,"2024-02-20_16h31.12.277","experiment","2023.2.3","Win32",11.96172249,"5deae12ff4c5e12050a1acb5","65d4ce4bfe04d08c28397785","65d4d301131f2c182dc4fa88","",,,"",,,"",,,"",,,"",,,"",,,,,"","",,,,"",,,"","","",,,"","",,,,,"","","",,,,,,,2,,,"","",,,,,"",,,,,,,,,,,"","",,,,,"s",0.8158,,"space",2,"red_gnome",2,9,"bright_forest","red_basket","brown_gnomes",2,8,"dark_forest","yellow_basket",9,0,0,1,"red_gnome","bright_forest","red_basket",104,0,1,20,1,41,1,1,0.765,,"",,,"",,,"",,,"",,,,,,,"","",,,"",,,"",,,"",,,,,,,"",,,"","",,,,,,,,"",,,,,,,"",,,"","","",,,,,,,,"",,,,,"",,,,,"","","","",,,,,,"",,,,,"",,,,,"","",,,,,,"",,,,,,,
"","","",,"","","","","","","",,"","","","","","","",,"","","","","","","",,"","","","","",495320,1,"2024-02-20_16h31.12.277","experiment","2023.2.3","Win32",11.96172249,"5deae12ff4c5e12050a1acb5","65d4ce4bfe04d08c28397785","65d4d301131f2c182dc4fa88","",,,"",,,"",,,"",,,"",,,"",,,,,"","",,,,"",,,"","","",,,"","",,,,,"","","",,,,,,,2,,,"","",,,,,"",,,,,,,,,,,"","",,,,,"k",0.8066,,"space",2,"red_gnome",2,9,"bright_forest","red_basket","brown_gnomes",2,9,"dark_forest","yellow_basket",9,0,0,1,"brown_gnomes","dark_forest","yellow_basket",113,-3,1,21,0,42,1,1,0.9227,,"",,,"",,,"",,,"",,,,,,,"","",,,"",,,"",,,"",,,,,,,"",,,"","",,,,,,,,"",,,,,,,"",,,"","","",,,,,,,,"",,,,,"",,,,,"","","","",,,,,,"",,,,,"",,,,,"","",,,,,,"",,,,,,,
"","","",,"","","","","","","",,"","","","","","","",,"","","","","","","",,"","","","","",495320,1,"2024-02-20_16h31.12.277","experiment","2023.2.3","Win32",11.96172249,"5deae12ff4c5e12050a1acb5","65d4ce4bfe04d08c28397785","65d4d301131f2c182dc4fa88","",,,"",,,"",,,"",,,"",,,"",,,,,"","",,,,"",,,"","","",,,"","",,,,,"","","",,,,,,,1,,,"","",,,,,"",,,,,,,,,,,"","",,,,,"s",0.6866,,"space",1,"purple_gnome",1,6,"bright_forest","red_basket","green_gnome",1,8,"dark_forest","yellow_basket",6,0,0,1,"purple_gnome","bright_forest","red_basket",119,2,-2,21,1,43,0,1,0.6461,,"",,,"",,,"",,,"",,,,,,,"","",,,"",,,"",,,"",,,,,,,"",,,"","",,,,,,,,"",,,,,,,"",,,"","","",,,,,,,,"",,,,,"",,,,,"","","","",,,,,,"",,,,,"",,,,,"","",,,,,,"",,,,,,,
"","","",,"","","","","","","",,"","","","","","","",,"","","","","","","",,"","","","","",495320,1,"2024-02-20_16h31.12.277","experiment","2023.2.3","Win32",11.96172249,"5deae12ff4c5e12050a1acb5","65d4ce4bfe04d08c28397785","65d4d301131f2c182dc4fa88","",,,"",,,"",,,"",,,"",,,"",,,,,"","",,,,"",,,"","","",,,"","",,,,,"","","",,,,,,,1,,,"","",,,,,"",,,,,,,,,,,"","",,,,,"k",1.4177,,"space",1,"green_gnome",1,6,"dark_forest","yellow_basket","purple_gnome",1,8,"bright_forest","red_basket",8,0,0,1,"purple_gnome","bright_forest","red_basket",127,0,1,22,0,44,0,1,0.988,,"",,,"",,,"",,,"",,,,,,,"","",,,"",,,"",,,"",,,,,,,"",,,"","",,,,,,,,"",,,,,,,"",,,"","","",,,,,,,,"",,,,,"",,,,,"","","","",,,,,,"",,,,,"",,,,,"","",,,,,,"",,,,,,,
"","","",,"","","","","","","",,"","","","","","","",,"","","","","","","",,"","","","","",495320,1,"2024-02-20_16h31.12.277","experiment","2023.2.3","Win32",11.96172249,"5deae12ff4c5e12050a1acb5","65d4ce4bfe04d08c28397785","65d4d301131f2c182dc4fa88","",,,"",,,"",,,"",,,"",,,"",,,,,"","",,,,"",,,"","","",,,"","",,,,,"","","",,,,,,,2,,,"","",,,,,"",,,,,,,,,,,"","",,,,,"s",1.134,,"space",2,"red_gnome",2,8,"bright_forest","red_basket","brown_gnomes",2,7,"dark_forest","yellow_basket",8,0,0,1,"red_gnome","bright_forest","red_basket",135,-1,2,22,1,45,1,1,0.9359,,"",,,"",,,"",,,"",,,,,,,"","",,,"",,,"",,,"",,,,,,,"",,,"","",,,,,,,,"",,,,,,,"",,,"","","",,,,,,,,"",,,,,"",,,,,"","","","",,,,,,"",,,,,"",,,,,"","",,,,,,"",,,,,,,
"","","",,"","","","","","","",,"","","","","","","",,"","","","","","","",,"","","","","",495320,1,"2024-02-20_16h31.12.277","experiment","2023.2.3","Win32",11.96172249,"5deae12ff4c5e12050a1acb5","65d4ce4bfe04d08c28397785","65d4d301131f2c182dc4fa88","",,,"",,,"",,,"",,,"",,,"",,,,,"","",,,,"",,,"","","",,,"","",,,,,"","","",,,,,,,2,,,"","",,,,,"",,,,,,,,,,,"","",,,,,"s",1.1219,,"space",2,"red_gnome",2,7,"bright_forest","red_basket","brown_gnomes",2,9,"dark_forest","yellow_basket",7,0,0,1,"red_gnome","bright_forest","red_basket",142,0,2,23,0,46,1,1,0.3365,,"",,,"",,,"",,,"",,,,,,,"","",,,"",,,"",,,"",,,,,,,"",,,"","",,,,,,,,"",,,,,,,"",,,"","","",,,,,,,,"",,,,,"",,,,,"","","","",,,,,,"",,,,,"",,,,,"","",,,,,,"",,,,,,,
"","","",,"","","","","","","",,"","","","","","","",,"","","","","","","",,"","","","","",495320,1,"2024-02-20_16h31.12.277","experiment","2023.2.3","Win32",11.96172249,"5deae12ff4c5e12050a1acb5","65d4ce4bfe04d08c28397785","65d4d301131f2c182dc4fa88","",,,"",,,"",,,"",,,"",,,"",,,,,"","",,,,"",,,"","","",,,"","",,,,,"","","",,,,,,,1,,,"","",,,,,"",,,,,,,,,,,"","",,,,,"k",0.9527,,"space",1,"green_gnome",1,7,"dark_forest","yellow_basket","purple_gnome",1,7,"bright_forest","red_basket",7,0,0,1,"purple_gnome","bright_forest","red_basket",149,1,1,23,1,47,0,1,0.9636,,"",,,"",,,"",,,"",,,,,,,"","",,,"",,,"",,,"",,,,,,,"",,,"","",,,,,,,,"",,,,,,,"",,,"","","",,,,,,,,"",,,,,"",,,,,"","","","",,,,,,"",,,,,"",,,,,"","",,,,,,"",,,,,,,
"","","",,"","","","","","","",,"","","","","","","",,"","","","","","","",,"","","","","",495320,1,"2024-02-20_16h31.12.277","experiment","2023.2.3","Win32",11.96172249,"5deae12ff4c5e12050a1acb5","65d4ce4bfe04d08c28397785","65d4d301131f2c182dc4fa88","",,,"",,,"",,,"",,,"",,,"",,,,,"","",,,,"",,,"","","",,,"","",,,,,"","","",,,,,,,2,,,"","",,,,,"",,,,,,,,,,,"","",,,,,"s",0.8324,,"space",2,"red_gnome",2,8,"bright_forest","red_basket","brown_gnomes",2,8,"dark_forest","yellow_basket",8,0,0,1,"red_gnome","bright_forest","red_basket",157,1,3,24,0,48,1,1,0.7993,,"",,,"",,,"",,,"",,,,,,,"","",,,"",,,"",,,"",,,,,,,"",,,"","",,,,,,,,"",,,,,,,"",,,"","","",,,,,,,,"",,,,,"",,,,,"","","","",,,,,,"",,,,,"",,,,,"","",,,,,,"",,,,,,,
"","","",,"","","","","","","",,"","","","","","","",,"","","","","","","",,"","","","","",495320,1,"2024-02-20_16h31.12.277","experiment","2023.2.3","Win32",11.96172249,"5deae12ff4c5e12050a1acb5","65d4ce4bfe04d08c28397785","65d4d301131f2c182dc4fa88","",,,"",,,"",,,"",,,"",,,"",,,,,"","",,,,"",,,"","","",,,"","",,,,,"","","",,,,,,,2,,,"","",,,,,"",,,,,,,,,,,"","",,,,,"s",0.9438,,"space",2,"red_gnome",2,9,"bright_forest","red_basket","brown_gnomes",2,7,"dark_forest","yellow_basket",9,0,0,1,"red_gnome","bright_forest","red_basket",166,-1,-2,24,1,49,1,1,1.0949,,"",,,"",,,"",,,"",,,,,,,"","",,,"",,,"",,,"",,,,,,,"",,,"","",,,,,,,,"",,,,,,,"",,,"","","",,,,,,,,"",,,,,"",,,,,"","","","",,,,,,"",,,,,"",,,,,"","",,,,,,"",,,,,,,
"","","",,"","","","","","","",,"","","","","","","",,"","","","","","","",,"","","","","",495320,1,"2024-02-20_16h31.12.277","experiment","2023.2.3","Win32",11.96172249,"5deae12ff4c5e12050a1acb5","65d4ce4bfe04d08c28397785","65d4d301131f2c182dc4fa88","",,,"",,,"",,,"",,,"",,,"",,,,,"","",,,,"",,,"","","",,,"","",,,,,"","","",,,,,,,2,,,"","",,,,,"",,,,,,,,,,,"","",,,,,"s",0.983,,"space",2,"red_gnome",2,8,"bright_forest","red_basket","brown_gnomes",2,5,"dark_forest","yellow_basket",8,0,0,1,"red_gnome","bright_forest","red_basket",174,0,3,25,0,50,1,1,0.7755,,"",,,"",,,"",,,"",,,,,,,"","",,,"",,,"",,,"",,,,,,,"",,,"","",,,,,,,,"",,,,,,,"",,,"","","",,,,,,,,"",,,,,"",,,,,"","","","",,,,,,"",,,,,"",,,,,"","",,,,,,"",,,,,,,
"","","",,"","","","","","","",,"","","","","","","",,"","","","","","","",,"","","","","",495320,1,"2024-02-20_16h31.12.277","experiment","2023.2.3","Win32",11.96172249,"5deae12ff4c5e12050a1acb5","65d4ce4bfe04d08c28397785","65d4d301131f2c182dc4fa88","",,,"",,,"",,,"",,,"",,,"",,,,,"","",,,,"",,,"","","",,,"","",,,,,"","","",,,,,,,1,,,"","",,,,,"",,,,,,,,,,,"","",,,,,"k",0.8177,,"space",1,"green_gnome",1,8,"dark_forest","yellow_basket","purple_gnome",1,8,"bright_forest","red_basket",8,0,0,1,"purple_gnome","bright_forest","red_basket",182,1,-1,25,1,51,0,1,1.2569,,"",,,"",,,"",,,"",,,,,,,"","",,,"",,,"",,,"",,,,,,,"",,,"","",,,,,,,,"",,,,,,,"",,,"","","",,,,,,,,"",,,,,"",,,,,"","","","",,,,,,"",,,,,"",,,,,"","",,,,,,"",,,,,,,
"","","",,"","","","","","","",,"","","","","","","",,"","","","","","","",,"","","","","",495320,1,"2024-02-20_16h31.12.277","experiment","2023.2.3","Win32",11.96172249,"5deae12ff4c5e12050a1acb5","65d4ce4bfe04d08c28397785","65d4d301131f2c182dc4fa88","",,,"",,,"",,,"",,,"",,,"",,,,,"","",,,,"",,,"","","",,,"","",,,,,"","","",,,,,,,1,,,"","",,,,,"",,,,,,,,,,,"","",,,,,"s",0.7952,,"space",1,"purple_gnome",1,9,"bright_forest","red_basket","green_gnome",1,7,"dark_forest","yellow_basket",9,0,0,1,"purple_gnome","bright_forest","red_basket",191,1,0,26,0,52,0,1,0.6664,,"",,,"",,,"",,,"",,,,,,,"","",,,"",,,"",,,"",,,,,,,"",,,"","",,,,,,,,"",,,,,,,"",,,"","","",,,,,,,,"",,,,,"",,,,,"","","","",,,,,,"",,,,,"",,,,,"","",,,,,,"",,,,,,,
"","","",,"","","","","","","",,"","","","","","","",,"","","","","","","",,"","","","","",495320,1,"2024-02-20_16h31.12.277","experiment","2023.2.3","Win32",11.96172249,"5deae12ff4c5e12050a1acb5","65d4ce4bfe04d08c28397785","65d4d301131f2c182dc4fa88","",,,"",,,"",,,"",,,"",,,"",,,,,"","",,,,"",,,"","","",,,"","",,,,,"","","",,,,,,,2,,,"","",,,,,"",,,,,,,,,,,"","",,,,,"k",0.94,,"space",2,"brown_gnomes",2,7,"dark_forest","yellow_basket","red_gnome",2,8,"bright_forest","red_basket",8,0,0,1,"red_gnome","bright_forest","red_basket",199,2,0,26,1,53,1,1,0.8252,,"",,,"",,,"",,,"",,,,,,,"","",,,"",,,"",,,"",,,,,,,"",,,"","",,,,,,,,"",,,,,,,"",,,"","","",,,,,,,,"",,,,,"",,,,,"","","","",,,,,,"",,,,,"",,,,,"","",,,,,,"",,,,,,,
"","","",,"","","","","","","",,"","","","","","","",,"","","","","","","",,"","","","","",495320,1,"2024-02-20_16h31.12.277","experiment","2023.2.3","Win32",11.96172249,"5deae12ff4c5e12050a1acb5","65d4ce4bfe04d08c28397785","65d4d301131f2c182dc4fa88","",,,"",,,"",,,"",,,"",,,"",,,,,"","",,,,"",,,"","","",,,"","",,,,,"","","",,,,,,,1,,,"","",,,,,"",,,,,,,,,,,"","",,,,,"k",0.9869,,"space",1,"green_gnome",1,7,"dark_forest","yellow_basket","purple_gnome",1,8,"bright_forest","red_basket",8,0,0,1,"purple_gnome","bright_forest","red_basket",207,-2,1,27,0,54,0,1,0.6205,,"",,,"",,,"",,,"",,,,,,,"","",,,"",,,"",,,"",,,,,,,"",,,"","",,,,,,,,"",,,,,,,"",,,"","","",,,,,,,,"",,,,,"",,,,,"","","","",,,,,,"",,,,,"",,,,,"","",,,,,,"",,,,,,,
"","","",,"","","","","","","",,"","","","","","","",,"","","","","","","",,"","","","","",495320,1,"2024-02-20_16h31.12.277","experiment","2023.2.3","Win32",11.96172249,"5deae12ff4c5e12050a1acb5","65d4ce4bfe04d08c28397785","65d4d301131f2c182dc4fa88","",,,"",,,"",,,"",,,"",,,"",,,,,"","",,,,"",,,"","","",,,"","",,,,,"","","",,,,,,,2,,,"","",,,,,"",,,,,,,,,,,"","",,,,,"k",0.9999,,"space",2,"brown_gnomes",2,8,"dark_forest","yellow_basket","red_gnome",2,6,"bright_forest","red_basket",6,0,0,1,"red_gnome","bright_forest","red_basket",213,0,2,27,1,55,1,1,0.83,,"",,,"",,,"",,,"",,,,,,,"","",,,"",,,"",,,"",,,,,,,"",,,"","",,,,,,,,"",,,,,,,"",,,"","","",,,,,,,,"",,,,,"",,,,,"","","","",,,,,,"",,,,,"",,,,,"","",,,,,,"",,,,,,,
"","","",,"","","","","","","",,"","","","","","","",,"","","","","","","",,"","","","","",495320,1,"2024-02-20_16h31.12.277","experiment","2023.2.3","Win32",11.96172249,"5deae12ff4c5e12050a1acb5","65d4ce4bfe04d08c28397785","65d4d301131f2c182dc4fa88","",,,"",,,"",,,"",,,"",,,"",,,,,"","",,,,"",,,"","","",,,"","",,,,,"","","",,,,,,,1,,,"","",,,,,"",,,,,,,,,,,"","",,,,,"s",0.9804,,"space",1,"purple_gnome",1,6,"bright_forest","red_basket","green_gnome",1,8,"dark_forest","yellow_basket",6,0,0,1,"purple_gnome","bright_forest","red_basket",219,0,2,28,0,56,0,1,0.9321,,"",,,"",,,"",,,"",,,,,,,"","",,,"",,,"",,,"",,,,,,,"",,,"","",,,,,,,,"",,,,,,,"",,,"","","",,,,,,,,"",,,,,"",,,,,"","","","",,,,,,"",,,,,"",,,,,"","",,,,,,"",,,,,,,
"","","",,"","","","","","","",,"","","","","","","",,"","","","","","","",,"","","","","",495320,1,"2024-02-20_16h31.12.277","experiment","2023.2.3","Win32",11.96172249,"5deae12ff4c5e12050a1acb5","65d4ce4bfe04d08c28397785","65d4d301131f2c182dc4fa88","",,,"",,,"",,,"",,,"",,,"",,,,,"","",,,,"",,,"","","",,,"","",,,,,"","","",,,,,,,2,,,"","",,,,,"",,,,,,,,,,,"","",,,,,"s",0.9422,,"space",2,"red_gnome",2,6,"bright_forest","red_basket","brown_gnomes",2,8,"dark_forest","yellow_basket",6,0,0,1,"red_gnome","bright_forest","red_basket",225,3,2,28,1,57,1,1,0.8285,,"",,,"",,,"",,,"",,,,,,,"","",,,"",,,"",,,"",,,,,,,"",,,"","",,,,,,,,"",,,,,,,"",,,"","","",,,,,,,,"",,,,,"",,,,,"","","","",,,,,,"",,,,,"",,,,,"","",,,,,,"",,,,,,,
"","","",,"","","","","","","",,"","","","","","","",,"","","","","","","",,"","","","","",495320,1,"2024-02-20_16h31.12.277","experiment","2023.2.3","Win32",11.96172249,"5deae12ff4c5e12050a1acb5","65d4ce4bfe04d08c28397785","65d4d301131f2c182dc4fa88","",,,"",,,"",,,"",,,"",,,"",,,,,"","",,,,"",,,"","","",,,"","",,,,,"","","",,,,,,,1,,,"","",,,,,"",,,,,,,,,,,"","",,,,,"k",0.7884,,"space",1,"green_gnome",1,8,"dark_forest","yellow_basket","purple_gnome",1,9,"bright_forest","red_basket",9,0,0,1,"purple_gnome","bright_forest","red_basket",234,-2,4,29,0,58,0,1,0.7754,,"",,,"",,,"",,,"",,,,,,,"","",,,"",,,"",,,"",,,,,,,"",,,"","",,,,,,,,"",,,,,,,"",,,"","","",,,,,,,,"",,,,,"",,,,,"","","","",,,,,,"",,,,,"",,,,,"","",,,,,,"",,,,,,,
"","","",,"","","","","","","",,"","","","","","","",,"","","","","","","",,"","","","","",495320,1,"2024-02-20_16h31.12.277","experiment","2023.2.3","Win32",11.96172249,"5deae12ff4c5e12050a1acb5","65d4ce4bfe04d08c28397785","65d4d301131f2c182dc4fa88","",,,"",,,"",,,"",,,"",,,"",,,,,"","",,,,"",,,"","","",,,"","",,,,,"","","",,,,,,,1,,,"","",,,,,"",,,,,,,,,,,"","",,,,,"k",0.9556,,"space",1,"green_gnome",1,6,"dark_forest","yellow_basket","purple_gnome",1,7,"bright_forest","red_basket",7,0,0,1,"purple_gnome","bright_forest","red_basket",241,6,1,29,1,59,0,1,0.9316,,"",,,"",,,"",,,"",,,,,,,"","",,,"",,,"",,,"",,,,,,,"",,,"","",,,,,,,,"",,,,,,,"",,,"","","",,,,,,,,"",,,,,"",,,,,"","","","",,,,,,"",,,,,"",,,,,"","",,,,,,"",,,,,,,
"","","",,"","","","","","","",,"","","","","","","",,"","","","","","","",,"","","","","",495320,1,"2024-02-20_16h31.12.277","experiment","2023.2.3","Win32",11.96172249,"5deae12ff4c5e12050a1acb5","65d4ce4bfe04d08c28397785","65d4d301131f2c182dc4fa88","",,,"",,,"",,,"",,,"",,,"",,,,,"","",,,,"",,,"","","",,,"","",,,,,"","","",,,,,,,2,,,"","",,,,,"",,,,,,,,,,,"","",,,,,"k",0.9697,,"space",2,"brown_gnomes",2,7,"dark_forest","yellow_basket","red_gnome",2,5,"bright_forest","red_basket",5,0,0,1,"red_gnome","bright_forest","red_basket",246,0,-1,30,0,60,1,1,0.7896,,"",,,"",,,"",,,"",,,,,,,"","",,,"",,,"",,,"",,,,,,,"",,,"","",,,,,,,,"",,,,,,,"",,,"","","",,,,,,,,"",,,,,"",,,,,"","","","",,,,,,"",,,,,"",,,,,"","",,,,,,"",,,,,,,
"","","",,"","","","","","","",,"","","","","","","",,"","","","","","","",,"","","","","",495320,1,"2024-02-20_16h31.12.277","experiment","2023.2.3","Win32",11.96172249,"5deae12ff4c5e12050a1acb5","65d4ce4bfe04d08c28397785","65d4d301131f2c182dc4fa88","",,,"",,,"",,,"",,,"",,,"",,,,,"","",,,,"",,,"","","",,,"","",,,,,"","","",,,,,,,1,,,"","",,,,,"",,,,,,,,,,,"","",,,,,"s",0.9546,,"space",1,"purple_gnome",1,5,"bright_forest","red_basket","green_gnome",1,6,"dark_forest","yellow_basket",5,0,0,1,"purple_gnome","bright_forest","red_basket",251,1,-3,30,1,61,0,1,0.5088,,"",,,"",,,"",,,"",,,,,,,"","",,,"",,,"",,,"",,,,,,,"",,,"","",,,,,,,,"",,,,,,,"",,,"","","",,,,,,,,"",,,,,"",,,,,"","","","",,,,,,"",,,,,"",,,,,"","",,,,,,"",,,,,,,
"","","",,"","","","","","","",,"","","","","","","",,"","","","","","","",,"","","","","",495320,1,"2024-02-20_16h31.12.277","experiment","2023.2.3","Win32",11.96172249,"5deae12ff4c5e12050a1acb5","65d4ce4bfe04d08c28397785","65d4d301131f2c182dc4fa88","",,,"",,,"",,,"",,,"",,,"",,,,,"","",,,,"",,,"","","",,,"","",,,,,"","","",,,,,,,1,,,"","",,,,,"",,,,,,,,,,,"","",,,,,"s",0.8703,,"space",1,"purple_gnome",1,6,"bright_forest","red_basket","green_gnome",1,3,"dark_forest","yellow_basket",6,0,0,1,"purple_gnome","bright_forest","red_basket",257,3,1,31,0,62,0,1,0.9726,,"",,,"",,,"",,,"",,,,,,,"","",,,"",,,"",,,"",,,,,,,"",,,"","",,,,,,,,"",,,,,,,"",,,"","","",,,,,,,,"",,,,,"",,,,,"","","","",,,,,,"",,,,,"",,,,,"","",,,,,,"",,,,,,,
"","","",,"","","","","","","",,"","","","","","","",,"","","","","","","",,"","","","","",495320,1,"2024-02-20_16h31.12.277","experiment","2023.2.3","Win32",11.96172249,"5deae12ff4c5e12050a1acb5","65d4ce4bfe04d08c28397785","65d4d301131f2c182dc4fa88","",,,"",,,"",,,"",,,"",,,"",,,,,"","",,,,"",,,"","","",,,"","",,,,,"","","",,,,,,,2,,,"","",,,,,"",,,,,,,,,,,"","",,,,,"s",0.8685,,"space",2,"red_gnome",2,9,"bright_forest","red_basket","brown_gnomes",2,4,"dark_forest","yellow_basket",9,0,0,1,"red_gnome","bright_forest","red_basket",266,0,5,31,1,63,1,1,0.8066,,"",,,"",,,"",,,"",,,,,,,"","",,,"",,,"",,,"",,,,,,,"",,,"","",,,,,,,,"",,,,,,,"",,,"","","",,,,,,,,"",,,,,"",,,,,"","","","",,,,,,"",,,,,"",,,,,"","",,,,,,"",,,,,,,
"","","",,"","","","","","","",,"","","","","","","",,"","","","","","","",,"","","","","",495320,1,"2024-02-20_16h31.12.277","experiment","2023.2.3","Win32",11.96172249,"5deae12ff4c5e12050a1acb5","65d4ce4bfe04d08c28397785","65d4d301131f2c182dc4fa88","",,,"",,,"",,,"",,,"",,,"",,,,,"","",,,,"",,,"","","",,,"","",,,,,"","","",,,,,,,1,,,"","",,,,,"",,,,,,,,,,,"","",,,,,"s",0.8539,,"space",1,"purple_gnome",1,9,"bright_forest","red_basket","green_gnome",1,9,"dark_forest","yellow_basket",9,0,0,1,"purple_gnome","bright_forest","red_basket",275,-1,3,32,0,64,0,1,0.6593,,"",,,"",,,"",,,"",,,,,,,"","",,,"",,,"",,,"",,,,,,,"",,,"","",,,,,,,,"",,,,,,,"",,,"","","",,,,,,,,"",,,,,"",,,,,"","","","",,,,,,"",,,,,"",,,,,"","",,,,,,"",,,,,,,
"","","",,"","","","","","","",,"","","","","","","",,"","","","","","","",,"","","","","",495320,1,"2024-02-20_16h31.12.277","experiment","2023.2.3","Win32",11.96172249,"5deae12ff4c5e12050a1acb5","65d4ce4bfe04d08c28397785","65d4d301131f2c182dc4fa88","",,,"",,,"",,,"",,,"",,,"",,,,,"","",,,,"",,,"","","",,,"","",,,,,"","","",,,,,,,1,,,"","",,,,,"",,,,,,,,,,,"","",,,,,"k",0.6942,,"space",1,"green_gnome",1,6,"dark_forest","yellow_basket","purple_gnome",1,8,"bright_forest","red_basket",8,0,0,1,"purple_gnome","bright_forest","red_basket",283,-1,-3,32,1,65,0,1,1.0575,,"",,,"",,,"",,,"",,,,,,,"","",,,"",,,"",,,"",,,,,,,"",,,"","",,,,,,,,"",,,,,,,"",,,"","","",,,,,,,,"",,,,,"",,,,,"","","","",,,,,,"",,,,,"",,,,,"","",,,,,,"",,,,,,,
"","","",,"","","","","","","",,"","","","","","","",,"","","","","","","",,"","","","","",495320,1,"2024-02-20_16h31.12.277","experiment","2023.2.3","Win32",11.96172249,"5deae12ff4c5e12050a1acb5","65d4ce4bfe04d08c28397785","65d4d301131f2c182dc4fa88","",,,"",,,"",,,"",,,"",,,"",,,,,"","",,,,"",,,"","","",,,"","",,,,,"","","",,,,,,,2,,,"","",,,,,"",,,,,,,,,,,"","",,,,,"k",1.05,,"space",2,"brown_gnomes",2,3,"dark_forest","yellow_basket","red_gnome",2,7,"bright_forest","red_basket",7,0,0,1,"red_gnome","bright_forest","red_basket",290,0,0,33,0,66,1,1,0.7964,,"",,,"",,,"",,,"",,,,,,,"","",,,"",,,"",,,"",,,,,,,"",,,"","",,,,,,,,"",,,,,,,"",,,"","","",,,,,,,,"",,,,,"",,,,,"","","","",,,,,,"",,,,,"",,,,,"","",,,,,,"",,,,,,,
"","","",,"","","","","","","",,"","","","","","","",,"","","","","","","",,"","","","","",495320,1,"2024-02-20_16h31.12.277","experiment","2023.2.3","Win32",11.96172249,"5deae12ff4c5e12050a1acb5","65d4ce4bfe04d08c28397785","65d4d301131f2c182dc4fa88","",,,"",,,"",,,"",,,"",,,"",,,,,"","",,,,"",,,"","","",,,"","",,,,,"","","",,,,,,,1,,,"","",,,,,"",,,,,,,,,,,"","",,,,,"s",0.8284,,"space",1,"purple_gnome",1,7,"bright_forest","red_basket","green_gnome",1,3,"dark_forest","yellow_basket",7,0,0,1,"purple_gnome","bright_forest","red_basket",297,0,1,33,1,67,0,1,0.7929,,"",,,"",,,"",,,"",,,,,,,"","",,,"",,,"",,,"",,,,,,,"",,,"","",,,,,,,,"",,,,,,,"",,,"","","",,,,,,,,"",,,,,"",,,,,"","","","",,,,,,"",,,,,"",,,,,"","",,,,,,"",,,,,,,
"","","",,"","","","","","","",,"","","","","","","",,"","","","","","","",,"","","","","",495320,1,"2024-02-20_16h31.12.277","experiment","2023.2.3","Win32",11.96172249,"5deae12ff4c5e12050a1acb5","65d4ce4bfe04d08c28397785","65d4d301131f2c182dc4fa88","",,,"",,,"",,,"",,,"",,,"",,,,,"","",,,,"",,,"","","",,,"","",,,,,"","","",,,,,,,2,,,"","",,,,,"",,,,,,,,,,,"","",,,,,"k",0.8545,,"space",2,"brown_gnomes",2,4,"dark_forest","yellow_basket","red_gnome",2,7,"bright_forest","red_basket",7,0,0,1,"red_gnome","bright_forest","red_basket",304,-1,1,34,0,68,1,1,0.9091,,"",,,"",,,"",,,"",,,,,,,"","",,,"",,,"",,,"",,,,,,,"",,,"","",,,,,,,,"",,,,,,,"",,,"","","",,,,,,,,"",,,,,"",,,,,"","","","",,,,,,"",,,,,"",,,,,"","",,,,,,"",,,,,,,
"","","",,"","","","","","","",,"","","","","","","",,"","","","","","","",,"","","","","",495320,1,"2024-02-20_16h31.12.277","experiment","2023.2.3","Win32",11.96172249,"5deae12ff4c5e12050a1acb5","65d4ce4bfe04d08c28397785","65d4d301131f2c182dc4fa88","",,,"",,,"",,,"",,,"",,,"",,,,,"","",,,,"",,,"","","",,,"","",,,,,"","","",,,,,,,2,,,"","",,,,,"",,,,,,,,,,,"","",,,,,"k",1.1526,,"space",2,"brown_gnomes",2,5,"dark_forest","yellow_basket","red_gnome",2,6,"bright_forest","red_basket",6,0,0,1,"red_gnome","bright_forest","red_basket",310,0,0,34,1,69,1,1,0.8646,,"",,,"",,,"",,,"",,,,,,,"","",,,"",,,"",,,"",,,,,,,"",,,"","",,,,,,,,"",,,,,,,"",,,"","","",,,,,,,,"",,,,,"",,,,,"","","","",,,,,,"",,,,,"",,,,,"","",,,,,,"",,,,,,,
"","","",,"","","","","","","",,"","","","","","","",,"","","","","","","",,"","","","","",495320,1,"2024-02-20_16h31.12.277","experiment","2023.2.3","Win32",11.96172249,"5deae12ff4c5e12050a1acb5","65d4ce4bfe04d08c28397785","65d4d301131f2c182dc4fa88","",,,"",,,"",,,"",,,"",,,"",,,,,"","",,,,"",,,"","","",,,"","",,,,,"","","",,,,,,,1,,,"","",,,,,"",,,,,,,,,,,"","",,,,,"s",0.824,,"space",1,"purple_gnome",1,6,"bright_forest","red_basket","green_gnome",1,5,"dark_forest","yellow_basket",6,0,0,1,"purple_gnome","bright_forest","red_basket",316,-1,1,35,0,70,0,1,0.8105,,"",,,"",,,"",,,"",,,,,,,"","",,,"",,,"",,,"",,,,,,,"",,,"","",,,,,,,,"",,,,,,,"",,,"","","",,,,,,,,"",,,,,"",,,,,"","","","",,,,,,"",,,,,"",,,,,"","",,,,,,"",,,,,,,
"","","",,"","","","","","","",,"","","","","","","",,"","","","","","","",,"","","","","",495320,1,"2024-02-20_16h31.12.277","experiment","2023.2.3","Win32",11.96172249,"5deae12ff4c5e12050a1acb5","65d4ce4bfe04d08c28397785","65d4d301131f2c182dc4fa88","",,,"",,,"",,,"",,,"",,,"",,,,,"","",,,,"",,,"","","",,,"","",,,,,"","","",,,,,,,1,,,"","",,,,,"",,,,,,,,,,,"","",,,,,"k",0.9725,,"space",1,"green_gnome",1,6,"dark_forest","yellow_basket","purple_gnome",1,5,"bright_forest","red_basket",5,0,0,1,"purple_gnome","bright_forest","red_basket",321,0,0,35,1,71,0,1,0.9397,,"",,,"",,,"",,,"",,,,,,,"","",,,"",,,"",,,"",,,,,,,"",,,"","",,,,,,,,"",,,,,,,"",,,"","","",,,,,,,,"",,,,,"",,,,,"","","","",,,,,,"",,,,,"",,,,,"","",,,,,,"",,,,,,,
"","","",,"","","","","","","",,"","","","","","","",,"","","","","","","",,"","","","","",495320,1,"2024-02-20_16h31.12.277","experiment","2023.2.3","Win32",11.96172249,"5deae12ff4c5e12050a1acb5","65d4ce4bfe04d08c28397785","65d4d301131f2c182dc4fa88","",,,"",,,"",,,"",,,"",,,"",,,,,"","",,,,"",,,"","","",,,"","",,,,,"","","",,,,,,,1,,,"","",,,,,"",,,,,,,,,,,"","",,,,,"s",0.7934,,"space",1,"purple_gnome",1,5,"bright_forest","red_basket","green_gnome",1,6,"dark_forest","yellow_basket",5,0,0,1,"purple_gnome","bright_forest","red_basket",326,-1,-1,36,0,72,0,1,0.9548,,"",,,"",,,"",,,"",,,,,,,"","",,,"",,,"",,,"",,,,,,,"",,,"","",,,,,,,,"",,,,,,,"",,,"","","",,,,,,,,"",,,,,"",,,,,"","","","",,,,,,"",,,,,"",,,,,"","",,,,,,"",,,,,,,
"","","",,"","","","","","","",,"","","","","","","",,"","","","","","","",,"","","","","",495320,1,"2024-02-20_16h31.12.277","experiment","2023.2.3","Win32",11.96172249,"5deae12ff4c5e12050a1acb5","65d4ce4bfe04d08c28397785","65d4d301131f2c182dc4fa88","",,,"",,,"",,,"",,,"",,,"",,,,,"","",,,,"",,,"","","",,,"","",,,,,"","","",,,,,,,1,,,"","",,,,,"",,,,,,,,,,,"","",,,,,"k",0.8867,,"space",1,"green_gnome",1,5,"dark_forest","yellow_basket","purple_gnome",1,4,"bright_forest","red_basket",4,0,0,1,"purple_gnome","bright_forest","red_basket",330,-1,0,36,1,73,0,1,0.9213,,"",,,"",,,"",,,"",,,,,,,"","",,,"",,,"",,,"",,,,,,,"",,,"","",,,,,,,,"",,,,,,,"",,,"","","",,,,,,,,"",,,,,"",,,,,"","","","",,,,,,"",,,,,"",,,,,"","",,,,,,"",,,,,,,
"","","",,"","","","","","","",,"","","","","","","",,"","","","","","","",,"","","","","",495320,1,"2024-02-20_16h31.12.277","experiment","2023.2.3","Win32",11.96172249,"5deae12ff4c5e12050a1acb5","65d4ce4bfe04d08c28397785","65d4d301131f2c182dc4fa88","",,,"",,,"",,,"",,,"",,,"",,,,,"","",,,,"",,,"","","",,,"","",,,,,"","","",,,,,,,1,,,"","",,,,,"",,,,,,,,,,,"","",,,,,"k",1.0264,,"space",1,"green_gnome",1,5,"dark_forest","yellow_basket","purple_gnome",1,3,"bright_forest","red_basket",3,0,0,1,"purple_gnome","bright_forest","red_basket",333,-3,1,37,0,74,0,1,1.0927,,"",,,"",,,"",,,"",,,,,,,"","",,,"",,,"",,,"",,,,,,,"",,,"","",,,,,,,,"",,,,,,,"",,,"","","",,,,,,,,"",,,,,"",,,,,"","","","",,,,,,"",,,,,"",,,,,"","",,,,,,"",,,,,,,
"","","",,"","","","","","","",,"","","","","","","",,"","","","","","","",,"","","","","",495320,1,"2024-02-20_16h31.12.277","experiment","2023.2.3","Win32",11.96172249,"5deae12ff4c5e12050a1acb5","65d4ce4bfe04d08c28397785","65d4d301131f2c182dc4fa88","",,,"",,,"",,,"",,,"",,,"",,,,,"","",,,,"",,,"","","",,,"","",,,,,"","","",,,,,,,1,,,"","",,,,,"",,,,,,,,,,,"","",,,,,"k",0.9978,,"space",1,"green_gnome",1,6,"dark_forest","yellow_basket","purple_gnome",1,0,"bright_forest","red_basket",0,0,0,1,"purple_gnome","bright_forest","red_basket",333,0,3,37,1,75,0,1,0.7806,,"",,,"",,,"",,,"",,,,,,,"","",,,"",,,"",,,"",,,,,,,"",,,"","",,,,,,,,"",,,,,,,"",,,"","","",,,,,,,,"",,,,,"",,,,,"","","","",,,,,,"",,,,,"",,,,,"","",,,,,,"",,,,,,,
"","","",,"","","","","","","",,"","","","","","","",,"","","","","","","",,"","","","","",495320,1,"2024-02-20_16h31.12.277","experiment","2023.2.3","Win32",11.96172249,"5deae12ff4c5e12050a1acb5","65d4ce4bfe04d08c28397785","65d4d301131f2c182dc4fa88","",,,"",,,"",,,"",,,"",,,"",,,,,"","",,,,"",,,"","","",,,"","",,,,,"","","",,,,,,,2,,,"","",,,,,"",,,,,,,,,,,"","",,,,,"k",1.0268,,"space",2,"brown_gnomes",2,9,"dark_forest","yellow_basket","red_gnome",2,0,"bright_forest","red_basket",0,0,0,1,"red_gnome","bright_forest","red_basket",333,-2,-1,38,0,76,1,1,0.8019,,"",,,"",,,"",,,"",,,,,,,"","",,,"",,,"",,,"",,,,,,,"",,,"","",,,,,,,,"",,,,,,,"",,,"","","",,,,,,,,"",,,,,"",,,,,"","","","",,,,,,"",,,,,"",,,,,"","",,,,,,"",,,,,,,
"","","",,"","","","","","","",,"","","","","","","",,"","","","","","","",,"","","","","",495320,1,"2024-02-20_16h31.12.277","experiment","2023.2.3","Win32",11.96172249,"5deae12ff4c5e12050a1acb5","65d4ce4bfe04d08c28397785","65d4d301131f2c182dc4fa88","",,,"",,,"",,,"",,,"",,,"",,,,,"","",,,,"",,,"","","",,,"","",,,,,"","","",,,,,,,1,,,"","",,,,,"",,,,,,,,,,,"","",,,,,"s",1.1405,,"space",1,"purple_gnome",1,2,"bright_forest","red_basket","green_gnome",1,8,"dark_forest","yellow_basket",2,0,0,1,"purple_gnome","bright_forest","red_basket",335,-1,4,38,1,77,0,1,1.3677,,"",,,"",,,"",,,"",,,,,,,"","",,,"",,,"",,,"",,,,,,,"",,,"","",,,,,,,,"",,,,,,,"",,,"","","",,,,,,,,"",,,,,"",,,,,"","","","",,,,,,"",,,,,"",,,,,"","",,,,,,"",,,,,,,
"","","",,"","","","","","","",,"","","","","","","",,"","","","","","","",,"","","","","",495320,1,"2024-02-20_16h31.12.277","experiment","2023.2.3","Win32",11.96172249,"5deae12ff4c5e12050a1acb5","65d4ce4bfe04d08c28397785","65d4d301131f2c182dc4fa88","",,,"",,,"",,,"",,,"",,,"",,,,,"","",,,,"",,,"","","",,,"","",,,,,"","","",,,,,,,1,,,"","",,,,,"",,,,,,,,,,,"","",,,,,"s",1.0527,,"space",1,"green_gnome",1,6,"dark_forest","yellow_basket","purple_gnome",1,1,"bright_forest","red_basket",6,0,0,1,"green_gnome","dark_forest","yellow_basket",341,-5,0,39,0,78,0,1,0.6591,,"",,,"",,,"",,,"",,,,,,,"","",,,"",,,"",,,"",,,,,,,"",,,"","",,,,,,,,"",,,,,,,"",,,"","","",,,,,,,,"",,,,,"",,,,,"","","","",,,,,,"",,,,,"",,,,,"","",,,,,,"",,,,,,,
"","","",,"","","","","","","",,"","","","","","","",,"","","","","","","",,"","","","","",495320,1,"2024-02-20_16h31.12.277","experiment","2023.2.3","Win32",11.96172249,"5deae12ff4c5e12050a1acb5","65d4ce4bfe04d08c28397785","65d4d301131f2c182dc4fa88","",,,"",,,"",,,"",,,"",,,"",,,,,"","",,,,"",,,"","","",,,"","",,,,,"","","",,,,,,,1,,,"","",,,,,"",,,,,,,,,,,"","",,,,,"s",1.1814,,"space",1,"green_gnome",1,6,"dark_forest","yellow_basket","purple_gnome",1,4,"bright_forest","red_basket",6,0,0,1,"green_gnome","dark_forest","yellow_basket",347,-1,1,39,1,79,0,1,0.7748,,"",,,"",,,"",,,"",,,,,,,"","",,,"",,,"",,,"",,,,,,,"",,,"","",,,,,,,,"",,,,,,,"",,,"","","",,,,,,,,"",,,,,"",,,,,"","","","",,,,,,"",,,,,"",,,,,"","",,,,,,"",,,,,,,
"","","",,"","","","","","","",,"","","","","","","",,"","","","","","","",,"","","","","",495320,1,"2024-02-20_16h31.12.277","experiment","2023.2.3","Win32",11.96172249,"5deae12ff4c5e12050a1acb5","65d4ce4bfe04d08c28397785","65d4d301131f2c182dc4fa88","",,,"",,,"",,,"",,,"",,,"",,,,,"","",,,,"",,,"","","",,,"","",,,,,"","","",,,,,,,1,,,"","",,,,,"",,,,,,,,,,,"","",,,,,"s",1.0014,,"space",1,"green_gnome",1,7,"dark_forest","yellow_basket","purple_gnome",1,3,"bright_forest","red_basket",7,0,0,1,"green_gnome","dark_forest","yellow_basket",354,3,0,40,0,80,0,1,0.8015,,"",,,"",,,"",,,"",,,,,,,"","",,,"",,,"",,,"",,,,,,,"",,,"","",,,,,,,,"",,,,,,,"",,,"","","",,,,,,,,"",,,,,"",,,,,"","","","",,,,,,"",,,,,"",,,,,"","",,,,,,"",,,,,,,
"","","",,"","","","","","","",,"","","","","","","",,"","","","","","","",,"","","","","",495320,1,"2024-02-20_16h31.12.277","experiment","2023.2.3","Win32",11.96172249,"5deae12ff4c5e12050a1acb5","65d4ce4bfe04d08c28397785","65d4d301131f2c182dc4fa88","",,,"",,,"",,,"",,,"",,,"",,,,,"","",,,,"",,,"","","",,,"","",,,,,"","","",,,,,,,1,,,"","",,,,,"",,,,,,,,,,,"","",,,,,"",,,"",1,"purple_gnome",1,6,"bright_forest","red_basket","green_gnome",1,7,"dark_forest","yellow_basket",0,1,0,0,"","dark_forest","yellow_basket",354,-1,-5,40,1,81,0,1,,,"",,,"",,,"",,,"",,,,,,,"","",,,"",,,"",,,"",,,,,,,"",,,"","",,,,,,,,"",,,,,,,"",,,"","","",,,,,,,,"",,,,,"",,,,,"","","","",,,,,,"",,,,,"",,,,,"","",,,,,,"",,,,,,,
"","","",,"","","","","","","",,"","","","","","","",,"","","","","","","",,"","","","","",495320,1,"2024-02-20_16h31.12.277","experiment","2023.2.3","Win32",11.96172249,"5deae12ff4c5e12050a1acb5","65d4ce4bfe04d08c28397785","65d4d301131f2c182dc4fa88","",,,"",,,"",,,"",,,"",,,"",,,,,"","",,,,"",,,"","","",,,"","",,,,,"","","",,,,,,,2,,,"","",,,,,"",,,,,,,,,,,"","",,,,,"k",0.2325,4e-04,"space",2,"brown_gnomes",2,2,"dark_forest","yellow_basket","red_gnome",2,5,"bright_forest","red_basket",5,0,0,1,"red_gnome","bright_forest","red_basket",359,0,-2,41,0,82,1,1,0.9134,,"",,,"",,,"",,,"",,,,,,,"","",,,"",,,"",,,"",,,,,,,"",,,"","",,,,,,,,"",,,,,,,"",,,"","","",,,,,,,,"",,,,,"",,,,,"","","","",,,,,,"",,,,,"",,,,,"","",,,,,,"",,,,,,,
"","","",,"","","","","","","",,"","","","","","","",,"","","","","","","",,"","","","","",495320,1,"2024-02-20_16h31.12.277","experiment","2023.2.3","Win32",11.96172249,"5deae12ff4c5e12050a1acb5","65d4ce4bfe04d08c28397785","65d4d301131f2c182dc4fa88","",,,"",,,"",,,"",,,"",,,"",,,,,"","",,,,"",,,"","","",,,"","",,,,,"","","",,,,,,,2,,,"","",,,,,"",,,,,,,,,,,"","",,,,,"k",1.2024,,"space",2,"red_gnome",2,5,"bright_forest","red_basket","brown_gnomes",2,0,"dark_forest","yellow_basket",0,0,0,1,"brown_gnomes","dark_forest","yellow_basket",359,-1,1,41,1,83,1,1,0.8525,,"",,,"",,,"",,,"",,,,,,,"","",,,"",,,"",,,"",,,,,,,"",,,"","",,,,,,,,"",,,,,,,"",,,"","","",,,,,,,,"",,,,,"",,,,,"","","","",,,,,,"",,,,,"",,,,,"","",,,,,,"",,,,,,,
"","","",,"","","","","","","",,"","","","","","","",,"","","","","","","",,"","","","","",495320,1,"2024-02-20_16h31.12.277","experiment","2023.2.3","Win32",11.96172249,"5deae12ff4c5e12050a1acb5","65d4ce4bfe04d08c28397785","65d4d301131f2c182dc4fa88","",,,"",,,"",,,"",,,"",,,"",,,,,"","",,,,"",,,"","","",,,"","",,,,,"","","",,,,,,,2,,,"","",,,,,"",,,,,,,,,,,"","",,,,,"k",1.0012,,"space",2,"red_gnome",2,4,"bright_forest","red_basket","brown_gnomes",2,1,"dark_forest","yellow_basket",1,0,0,1,"brown_gnomes","dark_forest","yellow_basket",360,-1,-1,42,0,84,1,1,0.7609,,"",,,"",,,"",,,"",,,,,,,"","",,,"",,,"",,,"",,,,,,,"",,,"","",,,,,,,,"",,,,,,,"",,,"","","",,,,,,,,"",,,,,"",,,,,"","","","",,,,,,"",,,,,"",,,,,"","",,,,,,"",,,,,,,
"","","",,"","","","","","","",,"","","","","","","",,"","","","","","","",,"","","","","",495320,1,"2024-02-20_16h31.12.277","experiment","2023.2.3","Win32",11.96172249,"5deae12ff4c5e12050a1acb5","65d4ce4bfe04d08c28397785","65d4d301131f2c182dc4fa88","",,,"",,,"",,,"",,,"",,,"",,,,,"","",,,,"",,,"","","",,,"","",,,,,"","","",,,,,,,1,,,"","",,,,,"",,,,,,,,,,,"","",,,,,"s",0.9223,,"space",1,"purple_gnome",1,3,"bright_forest","red_basket","green_gnome",1,0,"dark_forest","yellow_basket",3,0,0,1,"purple_gnome","bright_forest","red_basket",363,-1,0,42,1,85,0,1,0.8293,,"",,,"",,,"",,,"",,,,,,,"","",,,"",,,"",,,"",,,,,,,"",,,"","",,,,,,,,"",,,,,,,"",,,"","","",,,,,,,,"",,,,,"",,,,,"","","","",,,,,,"",,,,,"",,,,,"","",,,,,,"",,,,,,,
"","","",,"","","","","","","",,"","","","","","","",,"","","","","","","",,"","","","","",495320,1,"2024-02-20_16h31.12.277","experiment","2023.2.3","Win32",11.96172249,"5deae12ff4c5e12050a1acb5","65d4ce4bfe04d08c28397785","65d4d301131f2c182dc4fa88","",,,"",,,"",,,"",,,"",,,"",,,,,"","",,,,"",,,"","","",,,"","",,,,,"","","",,,,,,,2,,,"","",,,,,"",,,,,,,,,,,"","",,,,,"s",1.1768,,"space",2,"brown_gnomes",2,0,"dark_forest","yellow_basket","red_gnome",2,2,"bright_forest","red_basket",0,0,0,1,"brown_gnomes","dark_forest","yellow_basket",363,0,1,43,0,86,1,1,0.7854,,"",,,"",,,"",,,"",,,,,,,"","",,,"",,,"",,,"",,,,,,,"",,,"","",,,,,,,,"",,,,,,,"",,,"","","",,,,,,,,"",,,,,"",,,,,"","","","",,,,,,"",,,,,"",,,,,"","",,,,,,"",,,,,,,
"","","",,"","","","","","","",,"","","","","","","",,"","","","","","","",,"","","","","",495320,1,"2024-02-20_16h31.12.277","experiment","2023.2.3","Win32",11.96172249,"5deae12ff4c5e12050a1acb5","65d4ce4bfe04d08c28397785","65d4d301131f2c182dc4fa88","",,,"",,,"",,,"",,,"",,,"",,,,,"","",,,,"",,,"","","",,,"","",,,,,"","","",,,,,,,1,,,"","",,,,,"",,,,,,,,,,,"","",,,,,"k",0.9416,,"space",1,"green_gnome",1,1,"dark_forest","yellow_basket","purple_gnome",1,2,"bright_forest","red_basket",2,0,0,1,"purple_gnome","bright_forest","red_basket",365,-1,-2,43,1,87,0,1,0.8348,,"",,,"",,,"",,,"",,,,,,,"","",,,"",,,"",,,"",,,,,,,"",,,"","",,,,,,,,"",,,,,,,"",,,"","","",,,,,,,,"",,,,,"",,,,,"","","","",,,,,,"",,,,,"",,,,,"","",,,,,,"",,,,,,,
"","","",,"","","","","","","",,"","","","","","","",,"","","","","","","",,"","","","","",495320,1,"2024-02-20_16h31.12.277","experiment","2023.2.3","Win32",11.96172249,"5deae12ff4c5e12050a1acb5","65d4ce4bfe04d08c28397785","65d4d301131f2c182dc4fa88","",,,"",,,"",,,"",,,"",,,"",,,,,"","",,,,"",,,"","","",,,"","",,,,,"","","",,,,,,,1,,,"","",,,,,"",,,,,,,,,,,"","",,,,,"k",0.9511,,"space",1,"green_gnome",1,1,"dark_forest","yellow_basket","purple_gnome",1,1,"bright_forest","red_basket",1,0,0,1,"purple_gnome","bright_forest","red_basket",366,1,0,44,0,88,0,1,0.666,,"",,,"",,,"",,,"",,,,,,,"","",,,"",,,"",,,"",,,,,,,"",,,"","",,,,,,,,"",,,,,,,"",,,"","","",,,,,,,,"",,,,,"",,,,,"","","","",,,,,,"",,,,,"",,,,,"","",,,,,,"",,,,,,,
"","","",,"","","","","","","",,"","","","","","","",,"","","","","","","",,"","","","","",495320,1,"2024-02-20_16h31.12.277","experiment","2023.2.3","Win32",11.96172249,"5deae12ff4c5e12050a1acb5","65d4ce4bfe04d08c28397785","65d4d301131f2c182dc4fa88","",,,"",,,"",,,"",,,"",,,"",,,,,"","",,,,"",,,"","","",,,"","",,,,,"","","",,,,,,,1,,,"","",,,,,"",,,,,,,,,,,"","",,,,,"s",0.9894,,"space",1,"purple_gnome",1,2,"bright_forest","red_basket","green_gnome",1,1,"dark_forest","yellow_basket",2,0,0,1,"purple_gnome","bright_forest","red_basket",368,0,2,44,1,89,0,1,0.8254,,"",,,"",,,"",,,"",,,,,,,"","",,,"",,,"",,,"",,,,,,,"",,,"","",,,,,,,,"",,,,,,,"",,,"","","",,,,,,,,"",,,,,"",,,,,"","","","",,,,,,"",,,,,"",,,,,"","",,,,,,"",,,,,,,
"","","",,"","","","","","","",,"","","","","","","",,"","","","","","","",,"","","","","",495320,1,"2024-02-20_16h31.12.277","experiment","2023.2.3","Win32",11.96172249,"5deae12ff4c5e12050a1acb5","65d4ce4bfe04d08c28397785","65d4d301131f2c182dc4fa88","",,,"",,,"",,,"",,,"",,,"",,,,,"","",,,,"",,,"","","",,,"","",,,,,"","","",,,,,,,2,,,"","",,,,,"",,,,,,,,,,,"","",,,,,"s",0.9645,,"space",2,"red_gnome",2,2,"bright_forest","red_basket","brown_gnomes",2,3,"dark_forest","yellow_basket",2,0,0,1,"red_gnome","bright_forest","red_basket",370,4,1,45,0,90,1,1,0.7983,,"",,,"",,,"",,,"",,,,,,,"","",,,"",,,"",,,"",,,,,,,"",,,"","",,,,,,,,"",,,,,,,"",,,"","","",,,,,,,,"",,,,,"",,,,,"","","","",,,,,,"",,,,,"",,,,,"","",,,,,,"",,,,,,,
"","","",,"","","","","","","",,"","","","","","","",,"","","","","","","",,"","","","","",495320,1,"2024-02-20_16h31.12.277","experiment","2023.2.3","Win32",11.96172249,"5deae12ff4c5e12050a1acb5","65d4ce4bfe04d08c28397785","65d4d301131f2c182dc4fa88","",,,"",,,"",,,"",,,"",,,"",,,,,"","",,,,"",,,"","","",,,"","",,,,,"","","",,,,,,,2,,,"","",,,,,"",,,,,,,,,,,"","",,,,,"s",1.2625,,"space",2,"brown_gnomes",2,4,"dark_forest","yellow_basket","red_gnome",2,6,"bright_forest","red_basket",4,0,0,1,"brown_gnomes","dark_forest","yellow_basket",374,-2,2,45,1,91,1,1,0.8828,,"",,,"",,,"",,,"",,,,,,,"","",,,"",,,"",,,"",,,,,,,"",,,"","",,,,,,,,"",,,,,,,"",,,"","","",,,,,,,,"",,,,,"",,,,,"","","","",,,,,,"",,,,,"",,,,,"","",,,,,,"",,,,,,,
"","","",,"","","","","","","",,"","","","","","","",,"","","","","","","",,"","","","","",495320,1,"2024-02-20_16h31.12.277","experiment","2023.2.3","Win32",11.96172249,"5deae12ff4c5e12050a1acb5","65d4ce4bfe04d08c28397785","65d4d301131f2c182dc4fa88","",,,"",,,"",,,"",,,"",,,"",,,,,"","",,,,"",,,"","","",,,"","",,,,,"","","",,,,,,,2,,,"","",,,,,"",,,,,,,,,,,"","",,,,,"k",0.6887,,"space",2,"red_gnome",2,4,"bright_forest","red_basket","brown_gnomes",2,6,"dark_forest","yellow_basket",6,0,0,1,"brown_gnomes","dark_forest","yellow_basket",380,1,1,46,0,92,1,1,0.7353,,"",,,"",,,"",,,"",,,,,,,"","",,,"",,,"",,,"",,,,,,,"",,,"","",,,,,,,,"",,,,,,,"",,,"","","",,,,,,,,"",,,,,"",,,,,"","","","",,,,,,"",,,,,"",,,,,"","",,,,,,"",,,,,,,
"","","",,"","","","","","","",,"","","","","","","",,"","","","","","","",,"","","","","",495320,1,"2024-02-20_16h31.12.277","experiment","2023.2.3","Win32",11.96172249,"5deae12ff4c5e12050a1acb5","65d4ce4bfe04d08c28397785","65d4d301131f2c182dc4fa88","",,,"",,,"",,,"",,,"",,,"",,,,,"","",,,,"",,,"","","",,,"","",,,,,"","","",,,,,,,2,,,"","",,,,,"",,,,,,,,,,,"","",,,,,"k",0.7817,,"space",2,"red_gnome",2,5,"bright_forest","red_basket","brown_gnomes",2,7,"dark_forest","yellow_basket",7,0,0,1,"brown_gnomes","dark_forest","yellow_basket",387,2,3,46,1,93,1,1,0.5939,,"",,,"",,,"",,,"",,,,,,,"","",,,"",,,"",,,"",,,,,,,"",,,"","",,,,,,,,"",,,,,,,"",,,"","","",,,,,,,,"",,,,,"",,,,,"","","","",,,,,,"",,,,,"",,,,,"","",,,,,,"",,,,,,,
"","","",,"","","","","","","",,"","","","","","","",,"","","","","","","",,"","","","","",495320,1,"2024-02-20_16h31.12.277","experiment","2023.2.3","Win32",11.96172249,"5deae12ff4c5e12050a1acb5","65d4ce4bfe04d08c28397785","65d4d301131f2c182dc4fa88","",,,"",,,"",,,"",,,"",,,"",,,,,"","",,,,"",,,"","","",,,"","",,,,,"","","",,,,,,,2,,,"","",,,,,"",,,,,,,,,,,"","",,,,,"s",1.1964,,"space",2,"brown_gnomes",2,8,"dark_forest","yellow_basket","red_gnome",2,7,"bright_forest","red_basket",8,0,0,1,"brown_gnomes","dark_forest","yellow_basket",395,2,1,47,0,94,1,1,0.781,,"",,,"",,,"",,,"",,,,,,,"","",,,"",,,"",,,"",,,,,,,"",,,"","",,,,,,,,"",,,,,,,"",,,"","","",,,,,,,,"",,,,,"",,,,,"","","","",,,,,,"",,,,,"",,,,,"","",,,,,,"",,,,,,,
"","","",,"","","","","","","",,"","","","","","","",,"","","","","","","",,"","","","","",495320,1,"2024-02-20_16h31.12.277","experiment","2023.2.3","Win32",11.96172249,"5deae12ff4c5e12050a1acb5","65d4ce4bfe04d08c28397785","65d4d301131f2c182dc4fa88","",,,"",,,"",,,"",,,"",,,"",,,,,"","",,,,"",,,"","","",,,"","",,,,,"","","",,,,,,,1,,,"","",,,,,"",,,,,,,,,,,"","",,,,,"k",1.1415,,"space",1,"green_gnome",1,9,"dark_forest","yellow_basket","purple_gnome",1,9,"bright_forest","red_basket",9,0,0,1,"purple_gnome","bright_forest","red_basket",404,1,0,47,1,95,0,1,0.8231,,"",,,"",,,"",,,"",,,,,,,"","",,,"",,,"",,,"",,,,,,,"",,,"","",,,,,,,,"",,,,,,,"",,,"","","",,,,,,,,"",,,,,"",,,,,"","","","",,,,,,"",,,,,"",,,,,"","",,,,,,"",,,,,,,
"","","",,"","","","","","","",,"","","","","","","",,"","","","","","","",,"","","","","",495320,1,"2024-02-20_16h31.12.277","experiment","2023.2.3","Win32",11.96172249,"5deae12ff4c5e12050a1acb5","65d4ce4bfe04d08c28397785","65d4d301131f2c182dc4fa88","",,,"",,,"",,,"",,,"",,,"",,,,,"","",,,,"",,,"","","",,,"","",,,,,"","","",,,,,,,1,,,"","",,,,,"",,,,,,,,,,,"","",,,,,"s",0.9727,,"space",1,"purple_gnome",1,8,"bright_forest","red_basket","green_gnome",1,9,"dark_forest","yellow_basket",8,0,0,1,"purple_gnome","bright_forest","red_basket",412,0,-3,48,0,96,0,1,0.678,5e-04,"",,,"",,,"",,,"",,,,,,,"","",,,"",,,"",,,"",,,,,,,"",,,"","",,,,,,,,"",,,,,,,"",,,"","","",,,,,,,,"",,,,,"",,,,,"","","","",,,,,,"",,,,,"",,,,,"","",,,,,,"",,,,,,,
"","","",,"","","","","","","",,"","","","","","","",,"","","","","","","",,"","","","","",495320,1,"2024-02-20_16h31.12.277","experiment","2023.2.3","Win32",11.96172249,"5deae12ff4c5e12050a1acb5","65d4ce4bfe04d08c28397785","65d4d301131f2c182dc4fa88","",,,"",,,"",,,"",,,"",,,"",,,,,"","",,,,"",,,"","","",,,"","",,,,,"","","",,,,,,,2,,,"","",,,,,"",,,,,,,,,,,"","",,,,,"s",1.2523,,"space",2,"red_gnome",2,8,"bright_forest","red_basket","brown_gnomes",2,6,"dark_forest","yellow_basket",8,0,0,1,"red_gnome","bright_forest","red_basket",420,-2,3,48,1,97,1,1,0.8333,,"",,,"",,,"",,,"",,,,,,,"","",,,"",,,"",,,"",,,,,,,"",,,"","",,,,,,,,"",,,,,,,"",,,"","","",,,,,,,,"",,,,,"",,,,,"","","","",,,,,,"",,,,,"",,,,,"","",,,,,,"",,,,,,,
"","","",,"","","","","","","",,"","","","","","","",,"","","","","","","",,"","","","","",495320,1,"2024-02-20_16h31.12.277","experiment","2023.2.3","Win32",11.96172249,"5deae12ff4c5e12050a1acb5","65d4ce4bfe04d08c28397785","65d4d301131f2c182dc4fa88","",,,"",,,"",,,"",,,"",,,"",,,,,"","",,,,"",,,"","","",,,"","",,,,,"","","",,,,,,,2,,,"","",,,,,"",,,,,,,,,,,"","",,,,,"k",0.7822,,"space",2,"brown_gnomes",2,9,"dark_forest","yellow_basket","red_gnome",2,6,"bright_forest","red_basket",6,0,0,1,"red_gnome","bright_forest","red_basket",426,0,-1,49,0,98,1,1,0.7684,,"",,,"",,,"",,,"",,,,,,,"","",,,"",,,"",,,"",,,,,,,"",,,"","",,,,,,,,"",,,,,,,"",,,"","","",,,,,,,,"",,,,,"",,,,,"","","","",,,,,,"",,,,,"",,,,,"","",,,,,,"",,,,,,,
"","","",,"","","","","","","",,"","","","","","","",,"","","","","","","",,"","","","","",495320,1,"2024-02-20_16h31.12.277","experiment","2023.2.3","Win32",11.96172249,"5deae12ff4c5e12050a1acb5","65d4ce4bfe04d08c28397785","65d4d301131f2c182dc4fa88","",,,"",,,"",,,"",,,"",,,"",,,,,"","",,,,"",,,"","","",,,"","",,,,,"","","",,,,,,,1,,,"","",,,,,"",,,,,,,,,,,"","",,,,,"s",0.8073,,"space",1,"purple_gnome",1,6,"bright_forest","red_basket","green_gnome",1,8,"dark_forest","yellow_basket",6,0,0,1,"purple_gnome","bright_forest","red_basket",432,-1,2,49,1,99,0,1,0.6475,,"",,,"",,,"",,,"",,,,,,,"","",,,"",,,"",,,"",,,,,,,"",,,"","",,,,,,,,"",,,,,,,"",,,"","","",,,,,,,,"",,,,,"",,,,,"","","","",,,,,,"",,,,,"",,,,,"","",,,,,,"",,,,,,,
"","","",,"","","","","","","",,"","","","","","","",,"","","","","","","",,"","","","","",495320,1,"2024-02-20_16h31.12.277","experiment","2023.2.3","Win32",11.96172249,"5deae12ff4c5e12050a1acb5","65d4ce4bfe04d08c28397785","65d4d301131f2c182dc4fa88","",,,"",,,"",,,"",,,"",,,"",,,,,"","",,,,"",,,"","","",,,"","",,,,,"","","",,,,,,,1,,,"","",,,,,"",,,,,,,,,,,"","",,,,,"k",1.134,,"space",1,"green_gnome",1,8,"dark_forest","yellow_basket","purple_gnome",1,5,"bright_forest","red_basket",5,0,0,1,"purple_gnome","bright_forest","red_basket",437,-4,1,50,0,100,0,1,0.7879,,"",,,"",,,"",,,"",,,,,,,"","",,,"",,,"",,,"",,,,,,,"",,,"","",,,,,,,,"",,,,,,,"",,,"","","",,,,,,,,"",,,,,"",,,,,"","","","",,,,,,"",,,,,"",,,,,"","",,,,,,"",,,,,,,
"","","",,"","","","","","","",,"","","","","","","",,"","","","","","","",,"","","","","",495320,1,"2024-02-20_16h31.12.277","experiment","2023.2.3","Win32",11.96172249,"5deae12ff4c5e12050a1acb5","65d4ce4bfe04d08c28397785","65d4d301131f2c182dc4fa88","",,,"",,,"",,,"",,,"",,,"",,,,,"","",,,,"",,,"","","",,,"","",,,,,"","","",,,,,,,1,,,"","",,,,,"",,,,,,,,,,,"","",,,,,"k",0.8087,,"space",1,"purple_gnome",1,1,"bright_forest","red_basket","green_gnome",1,9,"dark_forest","yellow_basket",9,0,0,1,"green_gnome","dark_forest","yellow_basket",446,-1,-2,50,1,101,0,1,0.589,,"",,,"",,,"",,,"",,,,,,,"","",,,"",,,"",,,"",,,,,,,"",,,"","",,,,,,,,"",,,,,,,"",,,"","","",,,,,,,,"",,,,,"",,,,,"","","","",,,,,,"",,,,,"",,,,,"","",,,,,,"",,,,,,,
"","","",,"","","","","","","",,"","","","","","","",,"","","","","","","",,"","","","","",495320,1,"2024-02-20_16h31.12.277","experiment","2023.2.3","Win32",11.96172249,"5deae12ff4c5e12050a1acb5","65d4ce4bfe04d08c28397785","65d4d301131f2c182dc4fa88","",,,"",,,"",,,"",,,"",,,"",,,,,"","",,,,"",,,"","","",,,"","",,,,,"","","",,,,,,,2,,,"","",,,,,"",,,,,,,,,,,"","",,,,,"k",1.1165,,"space",2,"red_gnome",2,0,"bright_forest","red_basket","brown_gnomes",2,7,"dark_forest","yellow_basket",7,0,0,1,"brown_gnomes","dark_forest","yellow_basket",453,1,-1,51,0,102,1,1,0.757,,"",,,"",,,"",,,"",,,,,,,"","",,,"",,,"",,,"",,,,,,,"",,,"","",,,,,,,,"",,,,,,,"",,,"","","",,,,,,,,"",,,,,"",,,,,"","","","",,,,,,"",,,,,"",,,,,"","",,,,,,"",,,,,,,
"","","",,"","","","","","","",,"","","","","","","",,"","","","","","","",,"","","","","",495320,1,"2024-02-20_16h31.12.277","experiment","2023.2.3","Win32",11.96172249,"5deae12ff4c5e12050a1acb5","65d4ce4bfe04d08c28397785","65d4d301131f2c182dc4fa88","",,,"",,,"",,,"",,,"",,,"",,,,,"","",,,,"",,,"","","",,,"","",,,,,"","","",,,,,,,1,,,"","",,,,,"",,,,,,,,,,,"","",,,,,"s",1.0648,,"space",1,"purple_gnome",1,1,"bright_forest","red_basket","green_gnome",1,6,"dark_forest","yellow_basket",1,0,0,1,"purple_gnome","bright_forest","red_basket",454,2,0,51,1,103,0,1,0.6325,,"",,,"",,,"",,,"",,,,,,,"","",,,"",,,"",,,"",,,,,,,"",,,"","",,,,,,,,"",,,,,,,"",,,"","","",,,,,,,,"",,,,,"",,,,,"","","","",,,,,,"",,,,,"",,,,,"","",,,,,,"",,,,,,,
"","","",,"","","","","","","",,"","","","","","","",,"","","","","","","",,"","","","","",495320,1,"2024-02-20_16h31.12.277","experiment","2023.2.3","Win32",11.96172249,"5deae12ff4c5e12050a1acb5","65d4ce4bfe04d08c28397785","65d4d301131f2c182dc4fa88","",,,"",,,"",,,"",,,"",,,"",,,,,"","",,,,"",,,"","","",,,"","",,,,,"","","",,,,,,,1,,,"","",,,,,"",,,,,,,,,,,"","",,,,,"s",1.3318,,"space",1,"green_gnome",1,6,"dark_forest","yellow_basket","purple_gnome",1,3,"bright_forest","red_basket",6,0,0,1,"green_gnome","dark_forest","yellow_basket",460,-2,-2,52,0,104,0,1,0.8008,,"",,,"",,,"",,,"",,,,,,,"","",,,"",,,"",,,"",,,,,,,"",,,"","",,,,,,,,"",,,,,,,"",,,"","","",,,,,,,,"",,,,,"",,,,,"","","","",,,,,,"",,,,,"",,,,,"","",,,,,,"",,,,,,,
"","","",,"","","","","","","",,"","","","","","","",,"","","","","","","",,"","","","","",495320,1,"2024-02-20_16h31.12.277","experiment","2023.2.3","Win32",11.96172249,"5deae12ff4c5e12050a1acb5","65d4ce4bfe04d08c28397785","65d4d301131f2c182dc4fa88","",,,"",,,"",,,"",,,"",,,"",,,,,"","",,,,"",,,"","","",,,"","",,,,,"","","",,,,,,,2,,,"","",,,,,"",,,,,,,,,,,"","",,,,,"k",0.9625,,"space",2,"red_gnome",2,1,"bright_forest","red_basket","brown_gnomes",2,4,"dark_forest","yellow_basket",4,0,0,1,"brown_gnomes","dark_forest","yellow_basket",464,1,0,52,1,105,1,1,0.3334,,"",,,"",,,"",,,"",,,,,,,"","",,,"",,,"",,,"",,,,,,,"",,,"","",,,,,,,,"",,,,,,,"",,,"","","",,,,,,,,"",,,,,"",,,,,"","","","",,,,,,"",,,,,"",,,,,"","",,,,,,"",,,,,,,
"","","",,"","","","","","","",,"","","","","","","",,"","","","","","","",,"","","","","",495320,1,"2024-02-20_16h31.12.277","experiment","2023.2.3","Win32",11.96172249,"5deae12ff4c5e12050a1acb5","65d4ce4bfe04d08c28397785","65d4d301131f2c182dc4fa88","",,,"",,,"",,,"",,,"",,,"",,,,,"","",,,,"",,,"","","",,,"","",,,,,"","","",,,,,,,2,,,"","",,,,,"",,,,,,,,,,,"","",,,,,"s",1.4321,,"",2,"red_gnome",2,2,"bright_forest","red_basket","brown_gnomes",2,4,"dark_forest","yellow_basket",0,0,1,0,"red_gnome","bright_forest","red_basket",464,-1,4,53,0,106,1,1,,,"",,,"",,,"",,,"",,,,,,,"","",,,"",,,"",,,"",,,,,,,"",,,"","",,,,,,,,"",,,,,,,"",,,"","","",,,,,,,,"",,,,,"",,,,,"","","","",,,,,,"",,,,,"",,,,,"","",,,,,,"",,,,,,,
"","","",,"","","","","","","",,"","","","","","","",,"","","","","","","",,"","","","","",495320,1,"2024-02-20_16h31.12.277","experiment","2023.2.3","Win32",11.96172249,"5deae12ff4c5e12050a1acb5","65d4ce4bfe04d08c28397785","65d4d301131f2c182dc4fa88","",,,"",,,"",,,"",,,"",,,"",,,,,"","",,,,"",,,"","","",,,"","",,,,,"","","",,,,,,,1,,,"","",,,,,"",,,,,,,,,,,"","",,,,,"k",0.9717,,"space",1,"green_gnome",1,8,"dark_forest","yellow_basket","purple_gnome",1,1,"bright_forest","red_basket",1,0,0,1,"purple_gnome","bright_forest","red_basket",465,0,1,53,1,107,0,1,0.9721,,"",,,"",,,"",,,"",,,,,,,"","",,,"",,,"",,,"",,,,,,,"",,,"","",,,,,,,,"",,,,,,,"",,,"","","",,,,,,,,"",,,,,"",,,,,"","","","",,,,,,"",,,,,"",,,,,"","",,,,,,"",,,,,,,
"","","",,"","","","","","","",,"","","","","","","",,"","","","","","","",,"","","","","",495320,1,"2024-02-20_16h31.12.277","experiment","2023.2.3","Win32",11.96172249,"5deae12ff4c5e12050a1acb5","65d4ce4bfe04d08c28397785","65d4d301131f2c182dc4fa88","",,,"",,,"",,,"",,,"",,,"",,,,,"","",,,,"",,,"","","",,,"","",,,,,"","","",,,,,,,2,,,"","",,,,,"",,,,,,,,,,,"","",,,,,"s",1.0644,,"space",2,"red_gnome",2,1,"bright_forest","red_basket","brown_gnomes",2,9,"dark_forest","yellow_basket",1,0,0,1,"red_gnome","bright_forest","red_basket",466,1,-5,54,0,108,1,1,0.7961,,"",,,"",,,"",,,"",,,,,,,"","",,,"",,,"",,,"",,,,,,,"",,,"","",,,,,,,,"",,,,,,,"",,,"","","",,,,,,,,"",,,,,"",,,,,"","","","",,,,,,"",,,,,"",,,,,"","",,,,,,"",,,,,,,
"","","",,"","","","","","","",,"","","","","","","",,"","","","","","","",,"","","","","",495320,1,"2024-02-20_16h31.12.277","experiment","2023.2.3","Win32",11.96172249,"5deae12ff4c5e12050a1acb5","65d4ce4bfe04d08c28397785","65d4d301131f2c182dc4fa88","",,,"",,,"",,,"",,,"",,,"",,,,,"","",,,,"",,,"","","",,,"","",,,,,"","","",,,,,,,2,,,"","",,,,,"",,,,,,,,,,,"","",,,,,"k",0.9799,,"space",2,"red_gnome",2,2,"bright_forest","red_basket","brown_gnomes",2,4,"dark_forest","yellow_basket",4,0,0,1,"brown_gnomes","dark_forest","yellow_basket",470,1,0,54,1,109,1,1,0.7627,,"",,,"",,,"",,,"",,,,,,,"","",,,"",,,"",,,"",,,,,,,"",,,"","",,,,,,,,"",,,,,,,"",,,"","","",,,,,,,,"",,,,,"",,,,,"","","","",,,,,,"",,,,,"",,,,,"","",,,,,,"",,,,,,,
"","","",,"","","","","","","",,"","","","","","","",,"","","","","","","",,"","","","","",495320,1,"2024-02-20_16h31.12.277","experiment","2023.2.3","Win32",11.96172249,"5deae12ff4c5e12050a1acb5","65d4ce4bfe04d08c28397785","65d4d301131f2c182dc4fa88","",,,"",,,"",,,"",,,"",,,"",,,,,"","",,,,"",,,"","","",,,"","",,,,,"","","",,,,,,,1,,,"","",,,,,"",,,,,,,,,,,"","",,,,,"s",1.5361,,"space",1,"green_gnome",1,4,"dark_forest","yellow_basket","purple_gnome",1,3,"bright_forest","red_basket",4,0,0,1,"green_gnome","dark_forest","yellow_basket",474,-1,0,55,0,110,0,1,0.8768,,"",,,"",,,"",,,"",,,,,,,"","",,,"",,,"",,,"",,,,,,,"",,,"","",,,,,,,,"",,,,,,,"",,,"","","",,,,,,,,"",,,,,"",,,,,"","","","",,,,,,"",,,,,"",,,,,"","",,,,,,"",,,,,,,
"","","",,"","","","","","","",,"","","","","","","",,"","","","","","","",,"","","","","",495320,1,"2024-02-20_16h31.12.277","experiment","2023.2.3","Win32",11.96172249,"5deae12ff4c5e12050a1acb5","65d4ce4bfe04d08c28397785","65d4d301131f2c182dc4fa88","",,,"",,,"",,,"",,,"",,,"",,,,,"","",,,,"",,,"","","",,,"","",,,,,"","","",,,,,,,2,,,"","",,,,,"",,,,,,,,,,,"","",,,,,"k",0.9952,,"space",2,"brown_gnomes",2,4,"dark_forest","yellow_basket","red_gnome",2,2,"bright_forest","red_basket",2,0,0,1,"red_gnome","bright_forest","red_basket",476,1,2,55,1,111,1,1,1.0354,,"",,,"",,,"",,,"",,,,,,,"","",,,"",,,"",,,"",,,,,,,"",,,"","",,,,,,,,"",,,,,,,"",,,"","","",,,,,,,,"",,,,,"",,,,,"","","","",,,,,,"",,,,,"",,,,,"","",,,,,,"",,,,,,,
"","","",,"","","","","","","",,"","","","","","","",,"","","","","","","",,"","","","","",495320,1,"2024-02-20_16h31.12.277","experiment","2023.2.3","Win32",11.96172249,"5deae12ff4c5e12050a1acb5","65d4ce4bfe04d08c28397785","65d4d301131f2c182dc4fa88","",,,"",,,"",,,"",,,"",,,"",,,,,"","",,,,"",,,"","","",,,"","",,,,,"","","",,,,,,,2,,,"","",,,,,"",,,,,,,,,,,"","",,,,,"k",0.818,,"space",2,"red_gnome",2,3,"bright_forest","red_basket","brown_gnomes",2,6,"dark_forest","yellow_basket",6,0,0,1,"brown_gnomes","dark_forest","yellow_basket",482,0,-1,56,0,112,1,1,0.6321,,"",,,"",,,"",,,"",,,,,,,"","",,,"",,,"",,,"",,,,,,,"",,,"","",,,,,,,,"",,,,,,,"",,,"","","",,,,,,,,"",,,,,"",,,,,"","","","",,,,,,"",,,,,"",,,,,"","",,,,,,"",,,,,,,
"","","",,"","","","","","","",,"","","","","","","",,"","","","","","","",,"","","","","",495320,1,"2024-02-20_16h31.12.277","experiment","2023.2.3","Win32",11.96172249,"5deae12ff4c5e12050a1acb5","65d4ce4bfe04d08c28397785","65d4d301131f2c182dc4fa88","",,,"",,,"",,,"",,,"",,,"",,,,,"","",,,,"",,,"","","",,,"","",,,,,"","","",,,,,,,1,,,"","",,,,,"",,,,,,,,,,,"","",,,,,"s",1.0808,,"space",1,"purple_gnome",1,3,"bright_forest","red_basket","green_gnome",1,5,"dark_forest","yellow_basket",3,0,0,1,"purple_gnome","bright_forest","red_basket",485,2,2,56,1,113,0,1,0.7864,,"",,,"",,,"",,,"",,,,,,,"","",,,"",,,"",,,"",,,,,,,"",,,"","",,,,,,,,"",,,,,,,"",,,"","","",,,,,,,,"",,,,,"",,,,,"","","","",,,,,,"",,,,,"",,,,,"","",,,,,,"",,,,,,,
"","","",,"","","","","","","",,"","","","","","","",,"","","","","","","",,"","","","","",495320,1,"2024-02-20_16h31.12.277","experiment","2023.2.3","Win32",11.96172249,"5deae12ff4c5e12050a1acb5","65d4ce4bfe04d08c28397785","65d4d301131f2c182dc4fa88","",,,"",,,"",,,"",,,"",,,"",,,,,"","",,,,"",,,"","","",,,"","",,,,,"","","",,,,,,,2,,,"","",,,,,"",,,,,,,,,,,"","",,,,,"k",1.1576,,"space",2,"brown_gnomes",2,7,"dark_forest","yellow_basket","red_gnome",2,5,"bright_forest","red_basket",5,0,0,1,"red_gnome","bright_forest","red_basket",490,0,0,57,0,114,1,1,0.6522,,"",,,"",,,"",,,"",,,,,,,"","",,,"",,,"",,,"",,,,,,,"",,,"","",,,,,,,,"",,,,,,,"",,,"","","",,,,,,,,"",,,,,"",,,,,"","","","",,,,,,"",,,,,"",,,,,"","",,,,,,"",,,,,,,
"","","",,"","","","","","","",,"","","","","","","",,"","","","","","","",,"","","","","",495320,1,"2024-02-20_16h31.12.277","experiment","2023.2.3","Win32",11.96172249,"5deae12ff4c5e12050a1acb5","65d4ce4bfe04d08c28397785","65d4d301131f2c182dc4fa88","",,,"",,,"",,,"",,,"",,,"",,,,,"","",,,,"",,,"","","",,,"","",,,,,"","","",,,,,,,1,,,"","",,,,,"",,,,,,,,,,,"","",,,,,"k",1.1713,,"space",1,"green_gnome",1,7,"dark_forest","yellow_basket","purple_gnome",1,5,"bright_forest","red_basket",5,0,0,1,"purple_gnome","bright_forest","red_basket",495,0,0,57,1,115,0,1,0.7862,,"",,,"",,,"",,,"",,,,,,,"","",,,"",,,"",,,"",,,,,,,"",,,"","",,,,,,,,"",,,,,,,"",,,"","","",,,,,,,,"",,,,,"",,,,,"","","","",,,,,,"",,,,,"",,,,,"","",,,,,,"",,,,,,,
"","","",,"","","","","","","",,"","","","","","","",,"","","","","","","",,"","","","","",495320,1,"2024-02-20_16h31.12.277","experiment","2023.2.3","Win32",11.96172249,"5deae12ff4c5e12050a1acb5","65d4ce4bfe04d08c28397785","65d4d301131f2c182dc4fa88","",,,"",,,"",,,"",,,"",,,"",,,,,"","",,,,"",,,"","","",,,"","",,,,,"","","",,,,,,,2,,,"","",,,,,"",,,,,,,,,,,"","",,,,,"k",1.0152,,"space",2,"brown_gnomes",2,7,"dark_forest","yellow_basket","red_gnome",2,5,"bright_forest","red_basket",5,0,0,1,"red_gnome","bright_forest","red_basket",500,-2,1,58,0,116,1,1,0.6255,,"",,,"",,,"",,,"",,,,,,,"","",,,"",,,"",,,"",,,,,,,"",,,"","",,,,,,,,"",,,,,,,"",,,"","","",,,,,,,,"",,,,,"",,,,,"","","","",,,,,,"",,,,,"",,,,,"","",,,,,,"",,,,,,,
"","","",,"","","","","","","",,"","","","","","","",,"","","","","","","",,"","","","","",495320,1,"2024-02-20_16h31.12.277","experiment","2023.2.3","Win32",11.96172249,"5deae12ff4c5e12050a1acb5","65d4ce4bfe04d08c28397785","65d4d301131f2c182dc4fa88","",,,"",,,"",,,"",,,"",,,"",,,,,"","",,,,"",,,"","","",,,"","",,,,,"","","",,,,,,,2,,,"","",,,,,"",,,,,,,,,,,"","",,,,,"k",1.0215,,"space",2,"brown_gnomes",2,8,"dark_forest","yellow_basket","red_gnome",2,3,"bright_forest","red_basket",3,0,0,1,"red_gnome","bright_forest","red_basket",503,0,0,58,1,117,1,1,0.8235,,"",,,"",,,"",,,"",,,,,,,"","",,,"",,,"",,,"",,,,,,,"",,,"","",,,,,,,,"",,,,,,,"",,,"","","",,,,,,,,"",,,,,"",,,,,"","","","",,,,,,"",,,,,"",,,,,"","",,,,,,"",,,,,,,
"","","",,"","","","","","","",,"","","","","","","",,"","","","","","","",,"","","","","",495320,1,"2024-02-20_16h31.12.277","experiment","2023.2.3","Win32",11.96172249,"5deae12ff4c5e12050a1acb5","65d4ce4bfe04d08c28397785","65d4d301131f2c182dc4fa88","",,,"",,,"",,,"",,,"",,,"",,,,,"","",,,,"",,,"","","",,,"","",,,,,"","","",,,,,,,2,,,"","",,,,,"",,,,,,,,,,,"","",,,,,"k",0.9857,,"space",2,"brown_gnomes",2,8,"dark_forest","yellow_basket","red_gnome",2,3,"bright_forest","red_basket",3,0,0,1,"red_gnome","bright_forest","red_basket",506,1,0,59,0,118,1,1,0.7851,,"",,,"",,,"",,,"",,,,,,,"","",,,"",,,"",,,"",,,,,,,"",,,"","",,,,,,,,"",,,,,,,"",,,"","","",,,,,,,,"",,,,,"",,,,,"","","","",,,,,,"",,,,,"",,,,,"","",,,,,,"",,,,,,,
"","","",,"","","","","","","",,"","","","","","","",,"","","","","","","",,"","","","","",495320,1,"2024-02-20_16h31.12.277","experiment","2023.2.3","Win32",11.96172249,"5deae12ff4c5e12050a1acb5","65d4ce4bfe04d08c28397785","65d4d301131f2c182dc4fa88","",,,"",,,"",,,"",,,"",,,"",,,,,"","",,,,"",,,"","","",,,"","",,,,,"","","",,,,,,,1,,,"","",,,,,"",,,,,,,,,,,"","",,,,,"k",1.3088,,"space",1,"green_gnome",1,8,"dark_forest","yellow_basket","purple_gnome",1,4,"bright_forest","red_basket",4,0,0,1,"purple_gnome","bright_forest","red_basket",510,-1,3,59,1,119,0,1,1.0939,,"",,,"",,,"",,,"",,,,,,,"","",,,"",,,"",,,"",,,,,,,"",,,"","",,,,,,,,"",,,,,,,"",,,"","","",,,,,,,,"",,,,,"",,,,,"","","","",,,,,,"",,,,,"",,,,,"","",,,,,,"",,,,,,,
"","","",,"","","","","","","",,"","","","","","","",,"","","","","","","",,"","","","","",495320,1,"2024-02-20_16h31.12.277","experiment","2023.2.3","Win32",11.96172249,"5deae12ff4c5e12050a1acb5","65d4ce4bfe04d08c28397785","65d4d301131f2c182dc4fa88","",,,"",,,"",,,"",,,"",,,"",,,,,"","",,,,"",,,"","","",,,"","",,,,,"","","",,,,,,,2,,,"","",,,,,"",,,,,,,,,,,"","",,,,,"s",1.3352,,"space",2,"brown_gnomes",2,7,"dark_forest","yellow_basket","red_gnome",2,3,"bright_forest","red_basket",7,0,0,1,"brown_gnomes","dark_forest","yellow_basket",517,-4,0,60,0,120,1,1,0.8161,,"",,,"",,,"",,,"",,,,,,,"","",,,"",,,"",,,"",,,,,,,"",,,"","",,,,,,,,"",,,,,,,"",,,"","","",,,,,,,,"",,,,,"",,,,,"","","","",,,,,,"",,,,,"",,,,,"","",,,,,,"",,,,,,,
"","","",,"","","","","","","",,"","","","","","","",,"","","","","","","",,"","","","","",495320,1,"2024-02-20_16h31.12.277","experiment","2023.2.3","Win32",11.96172249,"5deae12ff4c5e12050a1acb5","65d4ce4bfe04d08c28397785","65d4d301131f2c182dc4fa88","",,,"",,,"",,,"",,,"",,,"",,,,,"","",,,,"",,,"","","",,,"","",,,,,"","","",,,,,,,2,,,"","",,,,,"",,,,,,,,,,,"","",,,,,"k",0.9906,,"space",2,"red_gnome",2,1,"bright_forest","red_basket","brown_gnomes",2,7,"dark_forest","yellow_basket",7,0,0,1,"brown_gnomes","dark_forest","yellow_basket",524,-2,0,60,1,121,1,1,0.76,,"",,,"",,,"",,,"",,,,,,,"","",,,"",,,"",,,"",,,,,,,"",,,"","",,,,,,,,"",,,,,,,"",,,"","","",,,,,,,,"",,,,,"",,,,,"","","","",,,,,,"",,,,,"",,,,,"","",,,,,,"",,,,,,,
"","","",,"","","","","","","",,"","","","","","","",,"","","","","","","",,"","","","","",495320,1,"2024-02-20_16h31.12.277","experiment","2023.2.3","Win32",11.96172249,"5deae12ff4c5e12050a1acb5","65d4ce4bfe04d08c28397785","65d4d301131f2c182dc4fa88","",,,"",,,"",,,"",,,"",,,"",,,,,"","",,,,"",,,"","","",,,"","",,,,,"","","",,,,,,,1,,,"","",,,,,"",,,,,,,,,,,"","",,,,,"k",1.2184,,"space",1,"purple_gnome",1,1,"bright_forest","red_basket","green_gnome",1,7,"dark_forest","yellow_basket",7,0,0,1,"green_gnome","dark_forest","yellow_basket",531,-1,2,61,0,122,0,1,0.7359,,"",,,"",,,"",,,"",,,,,,,"","",,,"",,,"",,,"",,,,,,,"",,,"","",,,,,,,,"",,,,,,,"",,,"","","",,,,,,,,"",,,,,"",,,,,"","","","",,,,,,"",,,,,"",,,,,"","",,,,,,"",,,,,,,
"","","",,"","","","","","","",,"","","","","","","",,"","","","","","","",,"","","","","",495320,1,"2024-02-20_16h31.12.277","experiment","2023.2.3","Win32",11.96172249,"5deae12ff4c5e12050a1acb5","65d4ce4bfe04d08c28397785","65d4d301131f2c182dc4fa88","",,,"",,,"",,,"",,,"",,,"",,,,,"","",,,,"",,,"","","",,,"","",,,,,"","","",,,,,,,2,,,"","",,,,,"",,,,,,,,,,,"","",,,,,"s",1.1829,,"space",2,"brown_gnomes",2,9,"dark_forest","yellow_basket","red_gnome",2,0,"bright_forest","red_basket",9,0,0,1,"brown_gnomes","dark_forest","yellow_basket",540,3,3,61,1,123,1,1,0.7504,,"",,,"",,,"",,,"",,,,,,,"","",,,"",,,"",,,"",,,,,,,"",,,"","",,,,,,,,"",,,,,,,"",,,"","","",,,,,,,,"",,,,,"",,,,,"","","","",,,,,,"",,,,,"",,,,,"","",,,,,,"",,,,,,,
"","","",,"","","","","","","",,"","","","","","","",,"","","","","","","",,"","","","","",495320,1,"2024-02-20_16h31.12.277","experiment","2023.2.3","Win32",11.96172249,"5deae12ff4c5e12050a1acb5","65d4ce4bfe04d08c28397785","65d4d301131f2c182dc4fa88","",,,"",,,"",,,"",,,"",,,"",,,,,"","",,,,"",,,"","","",,,"","",,,,,"","","",,,,,,,2,,,"","",,,,,"",,,,,,,,,,,"","",,,,,"k",0.8733,,"space",2,"red_gnome",2,3,"bright_forest","red_basket","brown_gnomes",2,6,"dark_forest","yellow_basket",6,0,0,1,"brown_gnomes","dark_forest","yellow_basket",546,-4,2,62,0,124,1,1,0.6086,,"",,,"",,,"",,,"",,,,,,,"","",,,"",,,"",,,"",,,,,,,"",,,"","",,,,,,,,"",,,,,,,"",,,"","","",,,,,,,,"",,,,,"",,,,,"","","","",,,,,,"",,,,,"",,,,,"","",,,,,,"",,,,,,,
"","","",,"","","","","","","",,"","","","","","","",,"","","","","","","",,"","","","","",495320,1,"2024-02-20_16h31.12.277","experiment","2023.2.3","Win32",11.96172249,"5deae12ff4c5e12050a1acb5","65d4ce4bfe04d08c28397785","65d4d301131f2c182dc4fa88","",,,"",,,"",,,"",,,"",,,"",,,,,"","",,,,"",,,"","","",,,"","",,,,,"","","",,,,,,,1,,,"","",,,,,"",,,,,,,,,,,"","",,,,,"k",1.0711,,"space",1,"purple_gnome",1,1,"bright_forest","red_basket","green_gnome",1,8,"dark_forest","yellow_basket",8,0,0,1,"green_gnome","dark_forest","yellow_basket",554,4,0,62,1,125,0,1,0.6241,,"",,,"",,,"",,,"",,,,,,,"","",,,"",,,"",,,"",,,,,,,"",,,"","",,,,,,,,"",,,,,,,"",,,"","","",,,,,,,,"",,,,,"",,,,,"","","","",,,,,,"",,,,,"",,,,,"","",,,,,,"",,,,,,,
"","","",,"","","","","","","",,"","","","","","","",,"","","","","","","",,"","","","","",495320,1,"2024-02-20_16h31.12.277","experiment","2023.2.3","Win32",11.96172249,"5deae12ff4c5e12050a1acb5","65d4ce4bfe04d08c28397785","65d4d301131f2c182dc4fa88","",,,"",,,"",,,"",,,"",,,"",,,,,"","",,,,"",,,"","","",,,"","",,,,,"","","",,,,,,,1,,,"","",,,,,"",,,,,,,,,,,"","",,,,,"k",0.8826,,"space",1,"purple_gnome",1,5,"bright_forest","red_basket","green_gnome",1,8,"dark_forest","yellow_basket",8,0,0,1,"green_gnome","dark_forest","yellow_basket",562,-2,-1,63,0,126,0,1,0.4697,,"",,,"",,,"",,,"",,,,,,,"","",,,"",,,"",,,"",,,,,,,"",,,"","",,,,,,,,"",,,,,,,"",,,"","","",,,,,,,,"",,,,,"",,,,,"","","","",,,,,,"",,,,,"",,,,,"","",,,,,,"",,,,,,,
"","","",,"","","","","","","",,"","","","","","","",,"","","","","","","",,"","","","","",495320,1,"2024-02-20_16h31.12.277","experiment","2023.2.3","Win32",11.96172249,"5deae12ff4c5e12050a1acb5","65d4ce4bfe04d08c28397785","65d4d301131f2c182dc4fa88","",,,"",,,"",,,"",,,"",,,"",,,,,"","",,,,"",,,"","","",,,"","",,,,,"","","",,,,,,,1,,,"","",,,,,"",,,,,,,,,,,"","",,,,,"s",1.3031,,"space",1,"green_gnome",1,7,"dark_forest","yellow_basket","purple_gnome",1,3,"bright_forest","red_basket",7,0,0,1,"green_gnome","dark_forest","yellow_basket",569,1,2,63,1,127,0,1,0.7552,,"",,,"",,,"",,,"",,,,,,,"","",,,"",,,"",,,"",,,,,,,"",,,"","",,,,,,,,"",,,,,,,"",,,"","","",,,,,,,,"",,,,,"",,,,,"","","","",,,,,,"",,,,,"",,,,,"","",,,,,,"",,,,,,,
"","","",,"","","","","","","",,"","","","","","","",,"","","","","","","",,"","","","","",495320,1,"2024-02-20_16h31.12.277","experiment","2023.2.3","Win32",11.96172249,"5deae12ff4c5e12050a1acb5","65d4ce4bfe04d08c28397785","65d4d301131f2c182dc4fa88","",,,"",,,"",,,"",,,"",,,"",,,,,"","",,,,"",,,"","","",,,"","",,,,,"","","",,,,,,,1,,,"","",,,,,"",,,,,,,,,,,"","",,,,,"k",0.9563,,"space",1,"purple_gnome",1,4,"bright_forest","red_basket","green_gnome",1,9,"dark_forest","yellow_basket",9,0,0,1,"green_gnome","dark_forest","yellow_basket",578,3,1,64,0,128,0,1,0.9118,,"",,,"",,,"",,,"",,,,,,,"","",,,"",,,"",,,"",,,,,,,"",,,"","",,,,,,,,"",,,,,,,"",,,"","","",,,,,,,,"",,,,,"",,,,,"","","","",,,,,,"",,,,,"",,,,,"","",,,,,,"",,,,,,,
"","","",,"","","","","","","",,"","","","","","","",,"","","","","","","",,"","","","","",495320,1,"2024-02-20_16h31.12.277","experiment","2023.2.3","Win32",11.96172249,"5deae12ff4c5e12050a1acb5","65d4ce4bfe04d08c28397785","65d4d301131f2c182dc4fa88","",,,"",,,"",,,"",,,"",,,"",,,,,"","",,,,"",,,"","","",,,"","",,,,,"","","",,,,,,,2,,,"","",,,,,"",,,,,,,,,,,"","",,,,,"s",1.147,,"space",2,"brown_gnomes",2,8,"dark_forest","yellow_basket","red_gnome",2,7,"bright_forest","red_basket",8,0,0,1,"brown_gnomes","dark_forest","yellow_basket",586,2,0,64,1,129,1,1,0.9234,7e-04,"",,,"",,,"",,,"",,,,,,,"","",,,"",,,"",,,"",,,,,,,"",,,"","",,,,,,,,"",,,,,,,"",,,"","","",,,,,,,,"",,,,,"",,,,,"","","","",,,,,,"",,,,,"",,,,,"","",,,,,,"",,,,,,,
"","","",,"","","","","","","",,"","","","","","","",,"","","","","","","",,"","","","","",495320,1,"2024-02-20_16h31.12.277","experiment","2023.2.3","Win32",11.96172249,"5deae12ff4c5e12050a1acb5","65d4ce4bfe04d08c28397785","65d4d301131f2c182dc4fa88","",,,"",,,"",,,"",,,"",,,"",,,,,"","",,,,"",,,"","","",,,"","",,,,,"","","",,,,,,,2,,,"","",,,,,"",,,,,,,,,,,"","",,,,,"k",1.1129,,"space",2,"red_gnome",2,9,"bright_forest","red_basket","brown_gnomes",2,8,"dark_forest","yellow_basket",8,0,0,1,"brown_gnomes","dark_forest","yellow_basket",594,-1,1,65,0,130,1,1,0.6787,,"",,,"",,,"",,,"",,,,,,,"","",,,"",,,"",,,"",,,,,,,"",,,"","",,,,,,,,"",,,,,,,"",,,"","","",,,,,,,,"",,,,,"",,,,,"","","","",,,,,,"",,,,,"",,,,,"","",,,,,,"",,,,,,,
"","","",,"","","","","","","",,"","","","","","","",,"","","","","","","",,"","","","","",495320,1,"2024-02-20_16h31.12.277","experiment","2023.2.3","Win32",11.96172249,"5deae12ff4c5e12050a1acb5","65d4ce4bfe04d08c28397785","65d4d301131f2c182dc4fa88","",,,"",,,"",,,"",,,"",,,"",,,,,"","",,,,"",,,"","","",,,"","",,,,,"","","",,,,,,,1,,,"","",,,,,"",,,,,,,,,,,"","",,,,,"k",1.0349,,"space",1,"purple_gnome",1,8,"bright_forest","red_basket","green_gnome",1,9,"dark_forest","yellow_basket",9,0,0,1,"green_gnome","dark_forest","yellow_basket",603,1,1,65,1,131,0,1,0.9559,5e-04,"",,,"",,,"",,,"",,,,,,,"","",,,"",,,"",,,"",,,,,,,"",,,"","",,,,,,,,"",,,,,,,"",,,"","","",,,,,,,,"",,,,,"",,,,,"","","","",,,,,,"",,,,,"",,,,,"","",,,,,,"",,,,,,,
"","","",,"","","","","","","",,"","","","","","","",,"","","","","","","",,"","","","","",495320,1,"2024-02-20_16h31.12.277","experiment","2023.2.3","Win32",11.96172249,"5deae12ff4c5e12050a1acb5","65d4ce4bfe04d08c28397785","65d4d301131f2c182dc4fa88","",,,"",,,"",,,"",,,"",,,"",,,,,"","",,,,"",,,"","","",,,"","",,,,,"","","",,,,,,,1,,,"","",,,,,"",,,,,,,,,,,"","",,,,,"s",1.1269,,"space",1,"green_gnome",1,8,"dark_forest","yellow_basket","purple_gnome",1,9,"bright_forest","red_basket",8,0,0,1,"green_gnome","dark_forest","yellow_basket",611,-2,3,66,0,132,0,1,0.6393,,"",,,"",,,"",,,"",,,,,,,"","",,,"",,,"",,,"",,,,,,,"",,,"","",,,,,,,,"",,,,,,,"",,,"","","",,,,,,,,"",,,,,"",,,,,"","","","",,,,,,"",,,,,"",,,,,"","",,,,,,"",,,,,,,
"","","",,"","","","","","","",,"","","","","","","",,"","","","","","","",,"","","","","",495320,1,"2024-02-20_16h31.12.277","experiment","2023.2.3","Win32",11.96172249,"5deae12ff4c5e12050a1acb5","65d4ce4bfe04d08c28397785","65d4d301131f2c182dc4fa88","",,,"",,,"",,,"",,,"",,,"",,,,,"","",,,,"",,,"","","",,,"","",,,,,"","","",,,,,,,2,,,"","",,,,,"",,,,,,,,,,,"","",,,,,"k",1.1892,,"space",2,"red_gnome",2,7,"bright_forest","red_basket","brown_gnomes",2,7,"dark_forest","yellow_basket",7,0,0,1,"brown_gnomes","dark_forest","yellow_basket",618,3,1,66,1,133,1,1,0.7695,,"",,,"",,,"",,,"",,,,,,,"","",,,"",,,"",,,"",,,,,,,"",,,"","",,,,,,,,"",,,,,,,"",,,"","","",,,,,,,,"",,,,,"",,,,,"","","","",,,,,,"",,,,,"",,,,,"","",,,,,,"",,,,,,,
"","","",,"","","","","","","",,"","","","","","","",,"","","","","","","",,"","","","","",495320,1,"2024-02-20_16h31.12.277","experiment","2023.2.3","Win32",11.96172249,"5deae12ff4c5e12050a1acb5","65d4ce4bfe04d08c28397785","65d4d301131f2c182dc4fa88","",,,"",,,"",,,"",,,"",,,"",,,,,"","",,,,"",,,"","","",,,"","",,,,,"","","",,,,,,,1,,,"","",,,,,"",,,,,,,,,,,"","",,,,,"s",1.2957,,"space",1,"purple_gnome",1,8,"bright_forest","red_basket","green_gnome",1,8,"dark_forest","yellow_basket",8,0,0,1,"purple_gnome","bright_forest","red_basket",626,-3,1,67,0,134,0,1,0.5316,,"",,,"",,,"",,,"",,,,,,,"","",,,"",,,"",,,"",,,,,,,"",,,"","",,,,,,,,"",,,,,,,"",,,"","","",,,,,,,,"",,,,,"",,,,,"","","","",,,,,,"",,,,,"",,,,,"","",,,,,,"",,,,,,,
"","","",,"","","","","","","",,"","","","","","","",,"","","","","","","",,"","","","","",495320,1,"2024-02-20_16h31.12.277","experiment","2023.2.3","Win32",11.96172249,"5deae12ff4c5e12050a1acb5","65d4ce4bfe04d08c28397785","65d4d301131f2c182dc4fa88","",,,"",,,"",,,"",,,"",,,"",,,,,"","",,,,"",,,"","","",,,"","",,,,,"","","",,,,,,,1,,,"","",,,,,"",,,,,,,,,,,"","",,,,,"k",0.9803,,"space",1,"purple_gnome",1,5,"bright_forest","red_basket","green_gnome",1,9,"dark_forest","yellow_basket",9,0,0,1,"green_gnome","dark_forest","yellow_basket",635,-2,-2,67,1,135,0,1,0.8303,,"",,,"",,,"",,,"",,,,,,,"","",,,"",,,"",,,"",,,,,,,"",,,"","",,,,,,,,"",,,,,,,"",,,"","","",,,,,,,,"",,,,,"",,,,,"","","","",,,,,,"",,,,,"",,,,,"","",,,,,,"",,,,,,,
"","","",,"","","","","","","",,"","","","","","","",,"","","","","","","",,"","","","","",495320,1,"2024-02-20_16h31.12.277","experiment","2023.2.3","Win32",11.96172249,"5deae12ff4c5e12050a1acb5","65d4ce4bfe04d08c28397785","65d4d301131f2c182dc4fa88","",,,"",,,"",,,"",,,"",,,"",,,,,"","",,,,"",,,"","","",,,"","",,,,,"","","",,,,,,,1,,,"","",,,,,"",,,,,,,,,,,"","",,,,,"k",0.9997,,"space",1,"purple_gnome",1,3,"bright_forest","red_basket","green_gnome",1,7,"dark_forest","yellow_basket",7,0,0,1,"green_gnome","dark_forest","yellow_basket",642,0,1,68,0,136,0,1,0.766,,"",,,"",,,"",,,"",,,,,,,"","",,,"",,,"",,,"",,,,,,,"",,,"","",,,,,,,,"",,,,,,,"",,,"","","",,,,,,,,"",,,,,"",,,,,"","","","",,,,,,"",,,,,"",,,,,"","",,,,,,"",,,,,,,
"","","",,"","","","","","","",,"","","","","","","",,"","","","","","","",,"","","","","",495320,1,"2024-02-20_16h31.12.277","experiment","2023.2.3","Win32",11.96172249,"5deae12ff4c5e12050a1acb5","65d4ce4bfe04d08c28397785","65d4d301131f2c182dc4fa88","",,,"",,,"",,,"",,,"",,,"",,,,,"","",,,,"",,,"","","",,,"","",,,,,"","","",,,,,,,1,,,"","",,,,,"",,,,,,,,,,,"","",,,,,"k",0.9917,,"space",1,"purple_gnome",1,3,"bright_forest","red_basket","green_gnome",1,8,"dark_forest","yellow_basket",8,0,0,1,"green_gnome","dark_forest","yellow_basket",650,0,-2,68,1,137,0,1,0.6179,,"",,,"",,,"",,,"",,,,,,,"","",,,"",,,"",,,"",,,,,,,"",,,"","",,,,,,,,"",,,,,,,"",,,"","","",,,,,,,,"",,,,,"",,,,,"","","","",,,,,,"",,,,,"",,,,,"","",,,,,,"",,,,,,,
"","","",,"","","","","","","",,"","","","","","","",,"","","","","","","",,"","","","","",495320,1,"2024-02-20_16h31.12.277","experiment","2023.2.3","Win32",11.96172249,"5deae12ff4c5e12050a1acb5","65d4ce4bfe04d08c28397785","65d4d301131f2c182dc4fa88","",,,"",,,"",,,"",,,"",,,"",,,,,"","",,,,"",,,"","","",,,"","",,,,,"","","",,,,,,,1,,,"","",,,,,"",,,,,,,,,,,"","",,,,,"s",0.9721,,"space",1,"green_gnome",1,6,"dark_forest","yellow_basket","purple_gnome",1,3,"bright_forest","red_basket",6,0,0,1,"green_gnome","dark_forest","yellow_basket",656,2,0,69,0,138,0,1,0.7595,,"",,,"",,,"",,,"",,,,,,,"","",,,"",,,"",,,"",,,,,,,"",,,"","",,,,,,,,"",,,,,,,"",,,"","","",,,,,,,,"",,,,,"",,,,,"","","","",,,,,,"",,,,,"",,,,,"","",,,,,,"",,,,,,,
"","","",,"","","","","","","",,"","","","","","","",,"","","","","","","",,"","","","","",495320,1,"2024-02-20_16h31.12.277","experiment","2023.2.3","Win32",11.96172249,"5deae12ff4c5e12050a1acb5","65d4ce4bfe04d08c28397785","65d4d301131f2c182dc4fa88","",,,"",,,"",,,"",,,"",,,"",,,,,"","",,,,"",,,"","","",,,"","",,,,,"","","",,,,,,,1,,,"","",,,,,"",,,,,,,,,,,"","",,,,,"k",0.9603,,"space",1,"purple_gnome",1,5,"bright_forest","red_basket","green_gnome",1,6,"dark_forest","yellow_basket",6,0,0,1,"green_gnome","dark_forest","yellow_basket",662,-1,0,69,1,139,0,1,0.5875,,"",,,"",,,"",,,"",,,,,,,"","",,,"",,,"",,,"",,,,,,,"",,,"","",,,,,,,,"",,,,,,,"",,,"","","",,,,,,,,"",,,,,"",,,,,"","","","",,,,,,"",,,,,"",,,,,"","",,,,,,"",,,,,,,
"","","",,"","","","","","","",,"","","","","","","",,"","","","","","","",,"","","","","",495320,1,"2024-02-20_16h31.12.277","experiment","2023.2.3","Win32",11.96172249,"5deae12ff4c5e12050a1acb5","65d4ce4bfe04d08c28397785","65d4d301131f2c182dc4fa88","",,,"",,,"",,,"",,,"",,,"",,,,,"","",,,,"",,,"","","",,,"","",,,,,"","","",,,,,,,1,,,"","",,,,,"",,,,,,,,,,,"","",,,,,"k",1.119,,"space",1,"purple_gnome",1,4,"bright_forest","red_basket","green_gnome",1,6,"dark_forest","yellow_basket",6,0,0,1,"green_gnome","dark_forest","yellow_basket",668,1,-2,70,0,140,0,1,0.6059,,"",,,"",,,"",,,"",,,,,,,"","",,,"",,,"",,,"",,,,,,,"",,,"","",,,,,,,,"",,,,,,,"",,,"","","",,,,,,,,"",,,,,"",,,,,"","","","",,,,,,"",,,,,"",,,,,"","",,,,,,"",,,,,,,
"","","",,"","","","","","","",,"","","","","","","",,"","","","","","","",,"","","","","",495320,1,"2024-02-20_16h31.12.277","experiment","2023.2.3","Win32",11.96172249,"5deae12ff4c5e12050a1acb5","65d4ce4bfe04d08c28397785","65d4d301131f2c182dc4fa88","",,,"",,,"",,,"",,,"",,,"",,,,,"","",,,,"",,,"","","",,,"","",,,,,"","","",,,,,,,2,,,"","",,,,,"",,,,,,,,,,,"","",,,,,"s",1.1432,,"space",2,"brown_gnomes",2,4,"dark_forest","yellow_basket","red_gnome",2,5,"bright_forest","red_basket",4,0,0,1,"brown_gnomes","dark_forest","yellow_basket",672,-2,-3,70,1,141,1,1,0.9068,,"",,,"",,,"",,,"",,,,,,,"","",,,"",,,"",,,"",,,,,,,"",,,"","",,,,,,,,"",,,,,,,"",,,"","","",,,,,,,,"",,,,,"",,,,,"","","","",,,,,,"",,,,,"",,,,,"","",,,,,,"",,,,,,,
"","","",,"","","","","","","",,"","","","","","","",,"","","","","","","",,"","","","","",495320,1,"2024-02-20_16h31.12.277","experiment","2023.2.3","Win32",11.96172249,"5deae12ff4c5e12050a1acb5","65d4ce4bfe04d08c28397785","65d4d301131f2c182dc4fa88","",,,"",,,"",,,"",,,"",,,"",,,,,"","",,,,"",,,"","","",,,"","",,,,,"","","",,,,,,,2,,,"","",,,,,"",,,,,,,,,,,"","",,,,,"s",1.3229,,"space",2,"brown_gnomes",2,1,"dark_forest","yellow_basket","red_gnome",2,3,"bright_forest","red_basket",1,0,0,1,"brown_gnomes","dark_forest","yellow_basket",673,2,-1,71,0,142,1,1,0.7417,,"",,,"",,,"",,,"",,,,,,,"","",,,"",,,"",,,"",,,,,,,"",,,"","",,,,,,,,"",,,,,,,"",,,"","","",,,,,,,,"",,,,,"",,,,,"","","","",,,,,,"",,,,,"",,,,,"","",,,,,,"",,,,,,,
"","","",,"","","","","","","",,"","","","","","","",,"","","","","","","",,"","","","","",495320,1,"2024-02-20_16h31.12.277","experiment","2023.2.3","Win32",11.96172249,"5deae12ff4c5e12050a1acb5","65d4ce4bfe04d08c28397785","65d4d301131f2c182dc4fa88","",,,"",,,"",,,"",,,"",,,"",,,,,"","",,,,"",,,"","","",,,"","",,,,,"","","",,,,,,,2,,,"","",,,,,"",,,,,,,,,,,"","",,,,,"k",0.9944,,"space",2,"brown_gnomes",2,0,"dark_forest","yellow_basket","red_gnome",2,5,"bright_forest","red_basket",5,0,0,1,"red_gnome","bright_forest","red_basket",678,1,1,71,1,143,1,1,0.9393,,"",,,"",,,"",,,"",,,,,,,"","",,,"",,,"",,,"",,,,,,,"",,,"","",,,,,,,,"",,,,,,,"",,,"","","",,,,,,,,"",,,,,"",,,,,"","","","",,,,,,"",,,,,"",,,,,"","",,,,,,"",,,,,,,
"","","",,"","","","","","","",,"","","","","","","",,"","","","","","","",,"","","","","",495320,1,"2024-02-20_16h31.12.277","experiment","2023.2.3","Win32",11.96172249,"5deae12ff4c5e12050a1acb5","65d4ce4bfe04d08c28397785","65d4d301131f2c182dc4fa88","",,,"",,,"",,,"",,,"",,,"",,,,,"","",,,,"",,,"","","",,,"","",,,,,"","","",,,,,,,1,,,"","",,,,,"",,,,,,,,,,,"","",,,,,"k",1.1897,,"space",1,"green_gnome",1,1,"dark_forest","yellow_basket","purple_gnome",1,6,"bright_forest","red_basket",6,0,0,1,"purple_gnome","bright_forest","red_basket",684,-3,-2,72,0,144,0,1,0.7891,,"",,,"",,,"",,,"",,,,,,,"","",,,"",,,"",,,"",,,,,,,"",,,"","",,,,,,,,"",,,,,,,"",,,"","","",,,,,,,,"",,,,,"",,,,,"","","","",,,,,,"",,,,,"",,,,,"","",,,,,,"",,,,,,,
"","","",,"","","","","","","",,"","","","","","","",,"","","","","","","",,"","","","","",495320,1,"2024-02-20_16h31.12.277","experiment","2023.2.3","Win32",11.96172249,"5deae12ff4c5e12050a1acb5","65d4ce4bfe04d08c28397785","65d4d301131f2c182dc4fa88","",,,"",,,"",,,"",,,"",,,"",,,,,"","",,,,"",,,"","","",,,"","",,,,,"","","",,,,,,,1,,,"","",,,,,"",,,,,,,,,,,"","",,,,,"k",1.1415,,"space",1,"green_gnome",1,1,"dark_forest","yellow_basket","purple_gnome",1,3,"bright_forest","red_basket",3,0,0,1,"purple_gnome","bright_forest","red_basket",687,-1,1,72,1,145,0,1,0.8593,,"",,,"",,,"",,,"",,,,,,,"","",,,"",,,"",,,"",,,,,,,"",,,"","",,,,,,,,"",,,,,,,"",,,"","","",,,,,,,,"",,,,,"",,,,,"","","","",,,,,,"",,,,,"",,,,,"","",,,,,,"",,,,,,,
"","","",,"","","","","","","",,"","","","","","","",,"","","","","","","",,"","","","","",495320,1,"2024-02-20_16h31.12.277","experiment","2023.2.3","Win32",11.96172249,"5deae12ff4c5e12050a1acb5","65d4ce4bfe04d08c28397785","65d4d301131f2c182dc4fa88","",,,"",,,"",,,"",,,"",,,"",,,,,"","",,,,"",,,"","","",,,"","",,,,,"","","",,,,,,,2,,,"","",,,,,"",,,,,,,,,,,"","",,,,,"k",1.0001,,"space",2,"brown_gnomes",2,2,"dark_forest","yellow_basket","red_gnome",2,2,"bright_forest","red_basket",2,0,0,1,"red_gnome","bright_forest","red_basket",689,-1,-2,73,0,146,1,1,0.7977,,"",,,"",,,"",,,"",,,,,,,"","",,,"",,,"",,,"",,,,,,,"",,,"","",,,,,,,,"",,,,,,,"",,,"","","",,,,,,,,"",,,,,"",,,,,"","","","",,,,,,"",,,,,"",,,,,"","",,,,,,"",,,,,,,
"","","",,"","","","","","","",,"","","","","","","",,"","","","","","","",,"","","","","",495320,1,"2024-02-20_16h31.12.277","experiment","2023.2.3","Win32",11.96172249,"5deae12ff4c5e12050a1acb5","65d4ce4bfe04d08c28397785","65d4d301131f2c182dc4fa88","",,,"",,,"",,,"",,,"",,,"",,,,,"","",,,,"",,,"","","",,,"","",,,,,"","","",,,,,,,1,,,"","",,,,,"",,,,,,,,,,,"","",,,,,"s",0.9729,,"space",1,"purple_gnome",1,1,"bright_forest","red_basket","green_gnome",1,0,"dark_forest","yellow_basket",1,0,0,1,"purple_gnome","bright_forest","red_basket",690,2,2,73,1,147,0,1,0.8117,,"",,,"",,,"",,,"",,,,,,,"","",,,"",,,"",,,"",,,,,,,"",,,"","",,,,,,,,"",,,,,,,"",,,"","","",,,,,,,,"",,,,,"",,,,,"","","","",,,,,,"",,,,,"",,,,,"","",,,,,,"",,,,,,,
"","","",,"","","","","","","",,"","","","","","","",,"","","","","","","",,"","","","","",495320,1,"2024-02-20_16h31.12.277","experiment","2023.2.3","Win32",11.96172249,"5deae12ff4c5e12050a1acb5","65d4ce4bfe04d08c28397785","65d4d301131f2c182dc4fa88","",,,"",,,"",,,"",,,"",,,"",,,,,"","",,,,"",,,"","","",,,"","",,,,,"","","",,,,,,,1,,,"","",,,,,"",,,,,,,,,,,"","",,,,,"k",1.4718,,"space",1,"green_gnome",1,2,"dark_forest","yellow_basket","purple_gnome",1,3,"bright_forest","red_basket",3,0,0,1,"purple_gnome","bright_forest","red_basket",693,-2,0,74,0,148,0,1,1.105,,"",,,"",,,"",,,"",,,,,,,"","",,,"",,,"",,,"",,,,,,,"",,,"","",,,,,,,,"",,,,,,,"",,,"","","",,,,,,,,"",,,,,"",,,,,"","","","",,,,,,"",,,,,"",,,,,"","",,,,,,"",,,,,,,
"","","",,"","","","","","","",,"","","","","","","",,"","","","","","","",,"","","","","",495320,1,"2024-02-20_16h31.12.277","experiment","2023.2.3","Win32",11.96172249,"5deae12ff4c5e12050a1acb5","65d4ce4bfe04d08c28397785","65d4d301131f2c182dc4fa88","",,,"",,,"",,,"",,,"",,,"",,,,,"","",,,,"",,,"","","",,,"","",,,,,"","","",,,,,,,1,,,"","",,,,,"",,,,,,,,,,,"","",,,,,"s",0.9819,,"space",1,"green_gnome",1,2,"dark_forest","yellow_basket","purple_gnome",1,1,"bright_forest","red_basket",2,0,0,1,"green_gnome","dark_forest","yellow_basket",695,0,3,74,1,149,0,1,0.7573,,"",,,"",,,"",,,"",,,,,,,"","",,,"",,,"",,,"",,,,,,,"",,,"","",,,,,,,,"",,,,,,,"",,,"","","",,,,,,,,"",,,,,"",,,,,"","","","",,,,,,"",,,,,"",,,,,"","",,,,,,"",,,,,,,
"","","",,"","","","","","","",,"","","","","","","",,"","","","","","","",,"","","","","",495320,1,"2024-02-20_16h31.12.277","experiment","2023.2.3","Win32",11.96172249,"5deae12ff4c5e12050a1acb5","65d4ce4bfe04d08c28397785","65d4d301131f2c182dc4fa88","",,,"",,,"",,,"",,,"",,,"",,,,,"","",,,,"",,,"","","",,,"","",,,,,"","","",,,,,,,2,,,"","",,,,,"",,,,,,,,,,,"","",,,,,"s",1.1469,,"space",2,"red_gnome",2,1,"bright_forest","red_basket","brown_gnomes",2,5,"dark_forest","yellow_basket",1,0,0,1,"red_gnome","bright_forest","red_basket",696,4,1,75,0,150,1,1,0.7922,,"",,,"",,,"",,,"",,,,,,,"","",,,"",,,"",,,"",,,,,,,"",,,"","",,,,,,,,"",,,,,,,"",,,"","","",,,,,,,,"",,,,,"",,,,,"","","","",,,,,,"",,,,,"",,,,,"","",,,,,,"",,,,,,,
"","","",,"","","","","","","",,"","","","","","","",,"","","","","","","",,"","","","","",495320,1,"2024-02-20_16h31.12.277","experiment","2023.2.3","Win32",11.96172249,"5deae12ff4c5e12050a1acb5","65d4ce4bfe04d08c28397785","65d4d301131f2c182dc4fa88","",,,"",,,"",,,"",,,"",,,"",,,,,"","",,,,"",,,"","","",,,"","",,,,,"","","",,,,,,,1,,,"","",,,,,"",,,,,,,,,,,"","",,,,,"k",1.1382,,"space",1,"green_gnome",1,6,"dark_forest","yellow_basket","purple_gnome",1,5,"bright_forest","red_basket",5,0,0,1,"purple_gnome","bright_forest","red_basket",701,0,0,75,1,151,0,1,0.8196,,"",,,"",,,"",,,"",,,,,,,"","",,,"",,,"",,,"",,,,,,,"",,,"","",,,,,,,,"",,,,,,,"",,,"","","",,,,,,,,"",,,,,"",,,,,"","","","",,,,,,"",,,,,"",,,,,"","",,,,,,"",,,,,,,
"","","",,"","","","","","","",,"","","","","","","",,"","","","","","","",,"","","","","",495320,1,"2024-02-20_16h31.12.277","experiment","2023.2.3","Win32",11.96172249,"5deae12ff4c5e12050a1acb5","65d4ce4bfe04d08c28397785","65d4d301131f2c182dc4fa88","",,,"",,,"",,,"",,,"",,,"",,,,,"","",,,,"",,,"","","",,,"","",,,,,"","","",,,,,,,1,,,"","",,,,,"",,,,,,,,,,,"","",,,,,"k",1.1138,,"space",1,"green_gnome",1,6,"dark_forest","yellow_basket","purple_gnome",1,5,"bright_forest","red_basket",5,0,0,1,"purple_gnome","bright_forest","red_basket",706,1,-2,76,0,152,0,1,1.0779,,"",,,"",,,"",,,"",,,,,,,"","",,,"",,,"",,,"",,,,,,,"",,,"","",,,,,,,,"",,,,,,,"",,,"","","",,,,,,,,"",,,,,"",,,,,"","","","",,,,,,"",,,,,"",,,,,"","",,,,,,"",,,,,,,
"","","",,"","","","","","","",,"","","","","","","",,"","","","","","","",,"","","","","",495320,1,"2024-02-20_16h31.12.277","experiment","2023.2.3","Win32",11.96172249,"5deae12ff4c5e12050a1acb5","65d4ce4bfe04d08c28397785","65d4d301131f2c182dc4fa88","",,,"",,,"",,,"",,,"",,,"",,,,,"","",,,,"",,,"","","",,,"","",,,,,"","","",,,,,,,1,,,"","",,,,,"",,,,,,,,,,,"","",,,,,"s",1.2943,,"space",1,"purple_gnome",1,6,"bright_forest","red_basket","green_gnome",1,4,"dark_forest","yellow_basket",6,0,0,1,"purple_gnome","bright_forest","red_basket",712,-1,3,76,1,153,0,1,0.8135,,"",,,"",,,"",,,"",,,,,,,"","",,,"",,,"",,,"",,,,,,,"",,,"","",,,,,,,,"",,,,,,,"",,,"","","",,,,,,,,"",,,,,"",,,,,"","","","",,,,,,"",,,,,"",,,,,"","",,,,,,"",,,,,,,
"","","",,"","","","","","","",,"","","","","","","",,"","","","","","","",,"","","","","",495320,1,"2024-02-20_16h31.12.277","experiment","2023.2.3","Win32",11.96172249,"5deae12ff4c5e12050a1acb5","65d4ce4bfe04d08c28397785","65d4d301131f2c182dc4fa88","",,,"",,,"",,,"",,,"",,,"",,,,,"","",,,,"",,,"","","",,,"","",,,,,"","","",,,,,,,2,,,"","",,,,,"",,,,,,,,,,,"","",,,,,"s",1.6495,,"space",2,"red_gnome",2,5,"bright_forest","red_basket","brown_gnomes",2,7,"dark_forest","yellow_basket",5,0,0,1,"red_gnome","bright_forest","red_basket",717,0,1,77,0,154,1,1,0.7865,,"",,,"",,,"",,,"",,,,,,,"","",,,"",,,"",,,"",,,,,,,"",,,"","",,,,,,,,"",,,,,,,"",,,"","","",,,,,,,,"",,,,,"",,,,,"","","","",,,,,,"",,,,,"",,,,,"","",,,,,,"",,,,,,,
"","","",,"","","","","","","",,"","","","","","","",,"","","","","","","",,"","","","","",495320,1,"2024-02-20_16h31.12.277","experiment","2023.2.3","Win32",11.96172249,"5deae12ff4c5e12050a1acb5","65d4ce4bfe04d08c28397785","65d4d301131f2c182dc4fa88","",,,"",,,"",,,"",,,"",,,"",,,,,"","",,,,"",,,"","","",,,"","",,,,,"","","",,,,,,,2,,,"","",,,,,"",,,,,,,,,,,"","",,,,,"k",1.2904,,"space",2,"red_gnome",2,5,"bright_forest","red_basket","brown_gnomes",2,8,"dark_forest","yellow_basket",8,0,0,1,"brown_gnomes","dark_forest","yellow_basket",725,-3,0,77,1,155,1,1,0.7603,8e-04,"",,,"",,,"",,,"",,,,,,,"","",,,"",,,"",,,"",,,,,,,"",,,"","",,,,,,,,"",,,,,,,"",,,"","","",,,,,,,,"",,,,,"",,,,,"","","","",,,,,,"",,,,,"",,,,,"","",,,,,,"",,,,,,,
"","","",,"","","","","","","",,"","","","","","","",,"","","","","","","",,"","","","","",495320,1,"2024-02-20_16h31.12.277","experiment","2023.2.3","Win32",11.96172249,"5deae12ff4c5e12050a1acb5","65d4ce4bfe04d08c28397785","65d4d301131f2c182dc4fa88","",,,"",,,"",,,"",,,"",,,"",,,,,"","",,,,"",,,"","","",,,"","",,,,,"","","",,,,,,,1,,,"","",,,,,"",,,,,,,,,,,"","",,,,,"k",1.299,,"space",1,"green_gnome",1,8,"dark_forest","yellow_basket","purple_gnome",1,2,"bright_forest","red_basket",2,0,0,1,"purple_gnome","bright_forest","red_basket",727,-3,-2,78,0,156,0,1,0.8066,,"",,,"",,,"",,,"",,,,,,,"","",,,"",,,"",,,"",,,,,,,"",,,"","",,,,,,,,"",,,,,,,"",,,"","","",,,,,,,,"",,,,,"",,,,,"","","","",,,,,,"",,,,,"",,,,,"","",,,,,,"",,,,,,,
"","","",,"","","","","","","",,"","","","","","","",,"","","","","","","",,"","","","","",495320,1,"2024-02-20_16h31.12.277","experiment","2023.2.3","Win32",11.96172249,"5deae12ff4c5e12050a1acb5","65d4ce4bfe04d08c28397785","65d4d301131f2c182dc4fa88","",,,"",,,"",,,"",,,"",,,"",,,,,"","",,,,"",,,"","","",,,"","",,,,,"","","",,,,,,,1,,,"","",,,,,"",,,,,,,,,,,"","",,,,,"k",0.963,,"space",1,"green_gnome",1,6,"dark_forest","yellow_basket","purple_gnome",1,1,"bright_forest","red_basket",1,0,0,1,"purple_gnome","bright_forest","red_basket",728,-2,4,78,1,157,0,1,0.6493,,"",,,"",,,"",,,"",,,,,,,"","",,,"",,,"",,,"",,,,,,,"",,,"","",,,,,,,,"",,,,,,,"",,,"","","",,,,,,,,"",,,,,"",,,,,"","","","",,,,,,"",,,,,"",,,,,"","",,,,,,"",,,,,,,
"","","",,"","","","","","","",,"","","","","","","",,"","","","","","","",,"","","","","",495320,1,"2024-02-20_16h31.12.277","experiment","2023.2.3","Win32",11.96172249,"5deae12ff4c5e12050a1acb5","65d4ce4bfe04d08c28397785","65d4d301131f2c182dc4fa88","",,,"",,,"",,,"",,,"",,,"",,,,,"","",,,,"",,,"","","",,,"","",,,,,"","","",,,,,,,1,,,"","",,,,,"",,,,,,,,,,,"","",,,,,"s",1.3204,,"space",1,"green_gnome",1,8,"dark_forest","yellow_basket","purple_gnome",1,1,"bright_forest","red_basket",8,0,0,1,"green_gnome","dark_forest","yellow_basket",736,-2,-4,79,0,158,0,1,0.7745,,"",,,"",,,"",,,"",,,,,,,"","",,,"",,,"",,,"",,,,,,,"",,,"","",,,,,,,,"",,,,,,,"",,,"","","",,,,,,,,"",,,,,"",,,,,"","","","",,,,,,"",,,,,"",,,,,"","",,,,,,"",,,,,,,
"","","",,"","","","","","","",,"","","","","","","",,"","","","","","","",,"","","","","",495320,1,"2024-02-20_16h31.12.277","experiment","2023.2.3","Win32",11.96172249,"5deae12ff4c5e12050a1acb5","65d4ce4bfe04d08c28397785","65d4d301131f2c182dc4fa88","",,,"",,,"",,,"",,,"",,,"",,,,,"","",,,,"",,,"","","",,,"","",,,,,"","","",,,,,,,2,,,"","",,,,,"",,,,,,,,,,,"","",,,,,"s",1.1707,,"space",2,"red_gnome",2,1,"bright_forest","red_basket","brown_gnomes",2,4,"dark_forest","yellow_basket",1,0,0,1,"red_gnome","bright_forest","red_basket",737,1,-4,79,1,159,1,1,0.9926,,"",,,"",,,"",,,"",,,,,,,"","",,,"",,,"",,,"",,,,,,,"",,,"","",,,,,,,,"",,,,,,,"",,,"","","",,,,,,,,"",,,,,"",,,,,"","","","",,,,,,"",,,,,"",,,,,"","",,,,,,"",,,,,,,
"","","",,"","","","","","","",,"","","","","","","",,"","","","","","","",,"","","","","",495320,1,"2024-02-20_16h31.12.277","experiment","2023.2.3","Win32",11.96172249,"5deae12ff4c5e12050a1acb5","65d4ce4bfe04d08c28397785","65d4d301131f2c182dc4fa88","",,,"",,,"",,,"",,,"",,,"",,,,,"","",,,,"",,,"","","",,,"","",,,,,"","","",,,,,,,2,,,"","",,,,,"",,,,,,,,,,,"","",,,,,"k",1.0148,,"space",2,"red_gnome",2,2,"bright_forest","red_basket","brown_gnomes",2,0,"dark_forest","yellow_basket",0,0,0,1,"brown_gnomes","dark_forest","yellow_basket",737,3,-1,80,0,160,1,1,0.8814,,"",,,"",,,"",,,"",,,,,,,"","",,,"",,,"",,,"",,,,,,,"",,,"","",,,,,,,,"",,,,,,,"",,,"","","",,,,,,,,"",,,,,"",,,,,"","","","",,,,,,"",,,,,"",,,,,"","",,,,,,"",,,,,,,
"","","",,"","","","","","","",,"","","","","","","",,"","","","","","","",,"","","","","",495320,1,"2024-02-20_16h31.12.277","experiment","2023.2.3","Win32",11.96172249,"5deae12ff4c5e12050a1acb5","65d4ce4bfe04d08c28397785","65d4d301131f2c182dc4fa88","",,,"",,,"",,,"",,,"",,,"",,,,,"","",,,,"",,,"","","",,,"","",,,,,"","","",,,,,,,1,,,"","",,,,,"",,,,,,,,,,,"","",,,,,"k",1.0118,,"space",1,"purple_gnome",1,5,"bright_forest","red_basket","green_gnome",1,1,"dark_forest","yellow_basket",1,0,0,1,"green_gnome","dark_forest","yellow_basket",738,-3,-1,80,1,161,0,1,0.2949,,"",,,"",,,"",,,"",,,,,,,"","",,,"",,,"",,,"",,,,,,,"",,,"","",,,,,,,,"",,,,,,,"",,,"","","",,,,,,,,"",,,,,"",,,,,"","","","",,,,,,"",,,,,"",,,,,"","",,,,,,"",,,,,,,
"","","",,"","","","","","","",,"","","","","","","",,"","","","","","","",,"","","","","",495320,1,"2024-02-20_16h31.12.277","experiment","2023.2.3","Win32",11.96172249,"5deae12ff4c5e12050a1acb5","65d4ce4bfe04d08c28397785","65d4d301131f2c182dc4fa88","",,,"",,,"",,,"",,,"",,,"",,,,,"","",,,,"",,,"","","",,,"","",,,,,"","","",,,,,,,1,,,"","",,,,,"",,,,,,,,,,,"","",,,,,"k",1.1047,,"space",1,"purple_gnome",1,2,"bright_forest","red_basket","green_gnome",1,0,"dark_forest","yellow_basket",0,0,0,1,"green_gnome","dark_forest","yellow_basket",738,4,1,81,0,162,0,1,0.9091,,"",,,"",,,"",,,"",,,,,,,"","",,,"",,,"",,,"",,,,,,,"",,,"","",,,,,,,,"",,,,,,,"",,,"","","",,,,,,,,"",,,,,"",,,,,"","","","",,,,,,"",,,,,"",,,,,"","",,,,,,"",,,,,,,
"","","",,"","","","","","","",,"","","","","","","",,"","","","","","","",,"","","","","",495320,1,"2024-02-20_16h31.12.277","experiment","2023.2.3","Win32",11.96172249,"5deae12ff4c5e12050a1acb5","65d4ce4bfe04d08c28397785","65d4d301131f2c182dc4fa88","",,,"",,,"",,,"",,,"",,,"",,,,,"","",,,,"",,,"","","",,,"","",,,,,"","","",,,,,,,2,,,"","",,,,,"",,,,,,,,,,,"","",,,,,"k",1.0163,,"space",2,"brown_gnomes",2,1,"dark_forest","yellow_basket","red_gnome",2,6,"bright_forest","red_basket",6,0,0,1,"red_gnome","bright_forest","red_basket",744,-3,-2,81,1,163,1,1,0.6419,,"",,,"",,,"",,,"",,,,,,,"","",,,"",,,"",,,"",,,,,,,"",,,"","",,,,,,,,"",,,,,,,"",,,"","","",,,,,,,,"",,,,,"",,,,,"","","","",,,,,,"",,,,,"",,,,,"","",,,,,,"",,,,,,,
"","","",,"","","","","","","",,"","","","","","","",,"","","","","","","",,"","","","","",495320,1,"2024-02-20_16h31.12.277","experiment","2023.2.3","Win32",11.96172249,"5deae12ff4c5e12050a1acb5","65d4ce4bfe04d08c28397785","65d4d301131f2c182dc4fa88","",,,"",,,"",,,"",,,"",,,"",,,,,"","",,,,"",,,"","","",,,"","",,,,,"","","",,,,,,,1,,,"","",,,,,"",,,,,,,,,,,"","",,,,,"s",0.9718,,"space",1,"purple_gnome",1,3,"bright_forest","red_basket","green_gnome",1,1,"dark_forest","yellow_basket",3,0,0,1,"purple_gnome","bright_forest","red_basket",747,-1,0,82,0,164,0,1,0.7776,,"",,,"",,,"",,,"",,,,,,,"","",,,"",,,"",,,"",,,,,,,"",,,"","",,,,,,,,"",,,,,,,"",,,"","","",,,,,,,,"",,,,,"",,,,,"","","","",,,,,,"",,,,,"",,,,,"","",,,,,,"",,,,,,,
"","","",,"","","","","","","",,"","","","","","","",,"","","","","","","",,"","","","","",495320,1,"2024-02-20_16h31.12.277","experiment","2023.2.3","Win32",11.96172249,"5deae12ff4c5e12050a1acb5","65d4ce4bfe04d08c28397785","65d4d301131f2c182dc4fa88","",,,"",,,"",,,"",,,"",,,"",,,,,"","",,,,"",,,"","","",,,"","",,,,,"","","",,,,,,,2,,,"","",,,,,"",,,,,,,,,,,"","",,,,,"s",1.1546,,"space",2,"red_gnome",2,2,"bright_forest","red_basket","brown_gnomes",2,1,"dark_forest","yellow_basket",2,0,0,1,"red_gnome","bright_forest","red_basket",749,-6,0,82,1,165,1,1,0.8127,,"",,,"",,,"",,,"",,,,,,,"","",,,"",,,"",,,"",,,,,,,"",,,"","",,,,,,,,"",,,,,,,"",,,"","","",,,,,,,,"",,,,,"",,,,,"","","","",,,,,,"",,,,,"",,,,,"","",,,,,,"",,,,,,,
"","","",,"","","","","","","",,"","","","","","","",,"","","","","","","",,"","","","","",495320,1,"2024-02-20_16h31.12.277","experiment","2023.2.3","Win32",11.96172249,"5deae12ff4c5e12050a1acb5","65d4ce4bfe04d08c28397785","65d4d301131f2c182dc4fa88","",,,"",,,"",,,"",,,"",,,"",,,,,"","",,,,"",,,"","","",,,"","",,,,,"","","",,,,,,,2,,,"","",,,,,"",,,,,,,,,,,"","",,,,,"k",0.9653,,"space",2,"brown_gnomes",2,1,"dark_forest","yellow_basket","red_gnome",2,4,"bright_forest","red_basket",4,0,0,1,"red_gnome","bright_forest","red_basket",753,-1,-1,83,0,166,1,1,0.4596,,"",,,"",,,"",,,"",,,,,,,"","",,,"",,,"",,,"",,,,,,,"",,,"","",,,,,,,,"",,,,,,,"",,,"","","",,,,,,,,"",,,,,"",,,,,"","","","",,,,,,"",,,,,"",,,,,"","",,,,,,"",,,,,,,
"","","",,"","","","","","","",,"","","","","","","",,"","","","","","","",,"","","","","",495320,1,"2024-02-20_16h31.12.277","experiment","2023.2.3","Win32",11.96172249,"5deae12ff4c5e12050a1acb5","65d4ce4bfe04d08c28397785","65d4d301131f2c182dc4fa88","",,,"",,,"",,,"",,,"",,,"",,,,,"","",,,,"",,,"","","",,,"","",,,,,"","","",,,,,,,2,,,"","",,,,,"",,,,,,,,,,,"","",,,,,"k",0.8437,,"space",2,"brown_gnomes",2,0,"dark_forest","yellow_basket","red_gnome",2,3,"bright_forest","red_basket",3,0,0,1,"red_gnome","bright_forest","red_basket",756,-3,-1,83,1,167,1,1,0.8607,,"",,,"",,,"",,,"",,,,,,,"","",,,"",,,"",,,"",,,,,,,"",,,"","",,,,,,,,"",,,,,,,"",,,"","","",,,,,,,,"",,,,,"",,,,,"","","","",,,,,,"",,,,,"",,,,,"","",,,,,,"",,,,,,,
"","","",,"","","","","","","",,"","","","","","","",,"","","","","","","",,"","","","","",495320,1,"2024-02-20_16h31.12.277","experiment","2023.2.3","Win32",11.96172249,"5deae12ff4c5e12050a1acb5","65d4ce4bfe04d08c28397785","65d4d301131f2c182dc4fa88","",,,"",,,"",,,"",,,"",,,"",,,,,"","",,,,"",,,"","","",,,"","",,,,,"","","",,,,,,,2,,,"","",,,,,"",,,,,,,,,,,"","",,,,,"k",1.1561,,"space",2,"brown_gnomes",2,1,"dark_forest","yellow_basket","red_gnome",2,0,"bright_forest","red_basket",0,0,0,1,"red_gnome","bright_forest","red_basket",756,2,0,84,0,168,1,1,0.9621,,"",,,"",,,"",,,"",,,,,,,"","",,,"",,,"",,,"",,,,,,,"",,,"","",,,,,,,,"",,,,,,,"",,,"","","",,,,,,,,"",,,,,"",,,,,"","","","",,,,,,"",,,,,"",,,,,"","",,,,,,"",,,,,,,
"","","",,"","","","","","","",,"","","","","","","",,"","","","","","","",,"","","","","",495320,1,"2024-02-20_16h31.12.277","experiment","2023.2.3","Win32",11.96172249,"5deae12ff4c5e12050a1acb5","65d4ce4bfe04d08c28397785","65d4d301131f2c182dc4fa88","",,,"",,,"",,,"",,,"",,,"",,,,,"","",,,,"",,,"","","",,,"","",,,,,"","","",,,,,,,1,,,"","",,,,,"",,,,,,,,,,,"","",,,,,"s",1.449,,"space",1,"purple_gnome",1,2,"bright_forest","red_basket","green_gnome",1,1,"dark_forest","yellow_basket",2,0,0,1,"purple_gnome","bright_forest","red_basket",758,0,1,84,1,169,0,1,0.8165,,"",,,"",,,"",,,"",,,,,,,"","",,,"",,,"",,,"",,,,,,,"",,,"","",,,,,,,,"",,,,,,,"",,,"","","",,,,,,,,"",,,,,"",,,,,"","","","",,,,,,"",,,,,"",,,,,"","",,,,,,"",,,,,,,
"","","",,"","","","","","","",,"","","","","","","",,"","","","","","","",,"","","","","",495320,1,"2024-02-20_16h31.12.277","experiment","2023.2.3","Win32",11.96172249,"5deae12ff4c5e12050a1acb5","65d4ce4bfe04d08c28397785","65d4d301131f2c182dc4fa88","",,,"",,,"",,,"",,,"",,,"",,,,,"","",,,,"",,,"","","",,,"","",,,,,"","","",,,,,,,2,,,"","",,,,,"",,,,,,,,,,,"","",,,,,"k",1.1451,,"space",2,"red_gnome",2,2,"bright_forest","red_basket","brown_gnomes",2,2,"dark_forest","yellow_basket",2,0,0,1,"brown_gnomes","dark_forest","yellow_basket",760,-1,-2,85,0,170,1,1,0.7664,,"",,,"",,,"",,,"",,,,,,,"","",,,"",,,"",,,"",,,,,,,"",,,"","",,,,,,,,"",,,,,,,"",,,"","","",,,,,,,,"",,,,,"",,,,,"","","","",,,,,,"",,,,,"",,,,,"","",,,,,,"",,,,,,,
"","","",,"","","","","","","",,"","","","","","","",,"","","","","","","",,"","","","","",495320,1,"2024-02-20_16h31.12.277","experiment","2023.2.3","Win32",11.96172249,"5deae12ff4c5e12050a1acb5","65d4ce4bfe04d08c28397785","65d4d301131f2c182dc4fa88","",,,"",,,"",,,"",,,"",,,"",,,,,"","",,,,"",,,"","","",,,"","",,,,,"","","",,,,,,,2,,,"","",,,,,"",,,,,,,,,,,"","",,,,,"k",1.1488,,"space",2,"brown_gnomes",2,0,"dark_forest","yellow_basket","red_gnome",2,1,"bright_forest","red_basket",1,0,0,1,"red_gnome","bright_forest","red_basket",761,0,-2,85,1,171,1,1,0.4823,,"",,,"",,,"",,,"",,,,,,,"","",,,"",,,"",,,"",,,,,,,"",,,"","",,,,,,,,"",,,,,,,"",,,"","","",,,,,,,,"",,,,,"",,,,,"","","","",,,,,,"",,,,,"",,,,,"","",,,,,,"",,,,,,,
"","","",,"","","","","","","",,"","","","","","","",,"","","","","","","",,"","","","","",495320,1,"2024-02-20_16h31.12.277","experiment","2023.2.3","Win32",11.96172249,"5deae12ff4c5e12050a1acb5","65d4ce4bfe04d08c28397785","65d4d301131f2c182dc4fa88","",,,"",,,"",,,"",,,"",,,"",,,,,"","",,,,"",,,"","","",,,"","",,,,,"","","",,,,,,,1,,,"","",,,,,"",,,,,,,,,,,"","",,,,,"k",1.0663,,"space",1,"purple_gnome",1,1,"bright_forest","red_basket","green_gnome",1,2,"dark_forest","yellow_basket",2,0,0,1,"green_gnome","dark_forest","yellow_basket",763,2,1,86,0,172,0,1,0.8285,,"",,,"",,,"",,,"",,,,,,,"","",,,"",,,"",,,"",,,,,,,"",,,"","",,,,,,,,"",,,,,,,"",,,"","","",,,,,,,,"",,,,,"",,,,,"","","","",,,,,,"",,,,,"",,,,,"","",,,,,,"",,,,,,,
"","","",,"","","","","","","",,"","","","","","","",,"","","","","","","",,"","","","","",495320,1,"2024-02-20_16h31.12.277","experiment","2023.2.3","Win32",11.96172249,"5deae12ff4c5e12050a1acb5","65d4ce4bfe04d08c28397785","65d4d301131f2c182dc4fa88","",,,"",,,"",,,"",,,"",,,"",,,,,"","",,,,"",,,"","","",,,"","",,,,,"","","",,,,,,,1,,,"","",,,,,"",,,,,,,,,,,"","",,,,,"s",1.0728,,"space",1,"purple_gnome",1,3,"bright_forest","red_basket","green_gnome",1,3,"dark_forest","yellow_basket",3,0,0,1,"purple_gnome","bright_forest","red_basket",766,-2,-2,86,1,173,0,1,0.7829,,"",,,"",,,"",,,"",,,,,,,"","",,,"",,,"",,,"",,,,,,,"",,,"","",,,,,,,,"",,,,,,,"",,,"","","",,,,,,,,"",,,,,"",,,,,"","","","",,,,,,"",,,,,"",,,,,"","",,,,,,"",,,,,,,
"","","",,"","","","","","","",,"","","","","","","",,"","","","","","","",,"","","","","",495320,1,"2024-02-20_16h31.12.277","experiment","2023.2.3","Win32",11.96172249,"5deae12ff4c5e12050a1acb5","65d4ce4bfe04d08c28397785","65d4d301131f2c182dc4fa88","",,,"",,,"",,,"",,,"",,,"",,,,,"","",,,,"",,,"","","",,,"","",,,,,"","","",,,,,,,2,,,"","",,,,,"",,,,,,,,,,,"","",,,,,"k",1.2024,,"space",2,"red_gnome",2,1,"bright_forest","red_basket","brown_gnomes",2,1,"dark_forest","yellow_basket",1,0,0,1,"brown_gnomes","dark_forest","yellow_basket",767,-1,-4,87,0,174,1,1,0.7523,,"",,,"",,,"",,,"",,,,,,,"","",,,"",,,"",,,"",,,,,,,"",,,"","",,,,,,,,"",,,,,,,"",,,"","","",,,,,,,,"",,,,,"",,,,,"","","","",,,,,,"",,,,,"",,,,,"","",,,,,,"",,,,,,,
"","","",,"","","","","","","",,"","","","","","","",,"","","","","","","",,"","","","","",495320,1,"2024-02-20_16h31.12.277","experiment","2023.2.3","Win32",11.96172249,"5deae12ff4c5e12050a1acb5","65d4ce4bfe04d08c28397785","65d4d301131f2c182dc4fa88","",,,"",,,"",,,"",,,"",,,"",,,,,"","",,,,"",,,"","","",,,"","",,,,,"","","",,,,,,,1,,,"","",,,,,"",,,,,,,,,,,"","",,,,,"k",1.0079,,"space",1,"purple_gnome",1,0,"bright_forest","red_basket","green_gnome",1,3,"dark_forest","yellow_basket",3,0,0,1,"green_gnome","dark_forest","yellow_basket",770,-1,-1,87,1,175,0,1,0.8889,,"",,,"",,,"",,,"",,,,,,,"","",,,"",,,"",,,"",,,,,,,"",,,"","",,,,,,,,"",,,,,,,"",,,"","","",,,,,,,,"",,,,,"",,,,,"","","","",,,,,,"",,,,,"",,,,,"","",,,,,,"",,,,,,,
"","","",,"","","","","","","",,"","","","","","","",,"","","","","","","",,"","","","","",495320,1,"2024-02-20_16h31.12.277","experiment","2023.2.3","Win32",11.96172249,"5deae12ff4c5e12050a1acb5","65d4ce4bfe04d08c28397785","65d4d301131f2c182dc4fa88","",,,"",,,"",,,"",,,"",,,"",,,,,"","",,,,"",,,"","","",,,"","",,,,,"","","",,,,,,,2,,,"","",,,,,"",,,,,,,,,,,"","",,,,,"s",1.3388,,"space",2,"red_gnome",2,1,"bright_forest","red_basket","brown_gnomes",2,2,"dark_forest","yellow_basket",1,0,0,1,"red_gnome","bright_forest","red_basket",771,0,1,88,0,176,1,1,0.983,5e-04,"",,,"",,,"",,,"",,,,,,,"","",,,"",,,"",,,"",,,,,,,"",,,"","",,,,,,,,"",,,,,,,"",,,"","","",,,,,,,,"",,,,,"",,,,,"","","","",,,,,,"",,,,,"",,,,,"","",,,,,,"",,,,,,,
"","","",,"","","","","","","",,"","","","","","","",,"","","","","","","",,"","","","","",495320,1,"2024-02-20_16h31.12.277","experiment","2023.2.3","Win32",11.96172249,"5deae12ff4c5e12050a1acb5","65d4ce4bfe04d08c28397785","65d4d301131f2c182dc4fa88","",,,"",,,"",,,"",,,"",,,"",,,,,"","",,,,"",,,"","","",,,"","",,,,,"","","",,,,,,,1,,,"","",,,,,"",,,,,,,,,,,"","",,,,,"",,,"",1,"green_gnome",1,3,"dark_forest","yellow_basket","purple_gnome",1,1,"bright_forest","red_basket",0,1,0,0,"","bright_forest","red_basket",771,1,2,88,1,177,0,1,,,"",,,"",,,"",,,"",,,,,,,"","",,,"",,,"",,,"",,,,,,,"",,,"","",,,,,,,,"",,,,,,,"",,,"","","",,,,,,,,"",,,,,"",,,,,"","","","",,,,,,"",,,,,"",,,,,"","",,,,,,"",,,,,,,
"","","",,"","","","","","","",,"","","","","","","",,"","","","","","","",,"","","","","",495320,1,"2024-02-20_16h31.12.277","experiment","2023.2.3","Win32",11.96172249,"5deae12ff4c5e12050a1acb5","65d4ce4bfe04d08c28397785","65d4d301131f2c182dc4fa88","",,,"",,,"",,,"",,,"",,,"",,,,,"","",,,,"",,,"","","",,,"","",,,,,"","","",,,,,,,1,,,"","",,,,,"",,,,,,,,,,,"","",,,,,"k",0.8156,7e-04,"space",1,"green_gnome",1,5,"dark_forest","yellow_basket","purple_gnome",1,2,"bright_forest","red_basket",2,0,0,1,"purple_gnome","bright_forest","red_basket",773,2,0,89,0,178,0,1,0.8413,,"",,,"",,,"",,,"",,,,,,,"","",,,"",,,"",,,"",,,,,,,"",,,"","",,,,,,,,"",,,,,,,"",,,"","","",,,,,,,,"",,,,,"",,,,,"","","","",,,,,,"",,,,,"",,,,,"","",,,,,,"",,,,,,,
"","","",,"","","","","","","",,"","","","","","","",,"","","","","","","",,"","","","","",495320,1,"2024-02-20_16h31.12.277","experiment","2023.2.3","Win32",11.96172249,"5deae12ff4c5e12050a1acb5","65d4ce4bfe04d08c28397785","65d4d301131f2c182dc4fa88","",,,"",,,"",,,"",,,"",,,"",,,,,"","",,,,"",,,"","","",,,"","",,,,,"","","",,,,,,,1,,,"","",,,,,"",,,,,,,,,,,"","",,,,,"k",0.8055,,"space",1,"green_gnome",1,5,"dark_forest","yellow_basket","purple_gnome",1,4,"bright_forest","red_basket",4,0,0,1,"purple_gnome","bright_forest","red_basket",777,-1,1,89,1,179,0,1,0.6407,,"",,,"",,,"",,,"",,,,,,,"","",,,"",,,"",,,"",,,,,,,"",,,"","",,,,,,,,"",,,,,,,"",,,"","","",,,,,,,,"",,,,,"",,,,,"","","","",,,,,,"",,,,,"",,,,,"","",,,,,,"",,,,,,,
"","","",,"","","","","","","",,"","","","","","","",,"","","","","","","",,"","","","","",495320,1,"2024-02-20_16h31.12.277","experiment","2023.2.3","Win32",11.96172249,"5deae12ff4c5e12050a1acb5","65d4ce4bfe04d08c28397785","65d4d301131f2c182dc4fa88","",,,"",,,"",,,"",,,"",,,"",,,,,"","",,,,"",,,"","","",,,"","",,,,,"","","",,,,,,,1,,,"","",,,,,"",,,,,,,,,,,"","",,,,,"k",1.1574,,"space",1,"green_gnome",1,6,"dark_forest","yellow_basket","purple_gnome",1,3,"bright_forest","red_basket",3,0,0,1,"purple_gnome","bright_forest","red_basket",780,1,1,90,0,180,0,1,0.7961,,"",,,"",,,"",,,"",,,,,,,"","",,,"",,,"",,,"",,,,,,,"",,,"","",,,,,,,,"",,,,,,,"",,,"","","",,,,,,,,"",,,,,"",,,,,"","","","",,,,,,"",,,,,"",,,,,"","",,,,,,"",,,,,,,
"","","",,"","","","","","","",,"","","","","","","",,"","","","","","","",,"","","","","",495320,1,"2024-02-20_16h31.12.277","experiment","2023.2.3","Win32",11.96172249,"5deae12ff4c5e12050a1acb5","65d4ce4bfe04d08c28397785","65d4d301131f2c182dc4fa88","",,,"",,,"",,,"",,,"",,,"",,,,,"","",,,,"",,,"","","",,,"","",,,,,"","","",,,,,,,1,,,"","",,,,,"",,,,,,,,,,,"","",,,,,"s",1.0095,,"space",1,"green_gnome",1,7,"dark_forest","yellow_basket","purple_gnome",1,4,"bright_forest","red_basket",7,0,0,1,"green_gnome","dark_forest","yellow_basket",787,3,-2,90,1,181,0,1,0.7832,,"",,,"",,,"",,,"",,,,,,,"","",,,"",,,"",,,"",,,,,,,"",,,"","",,,,,,,,"",,,,,,,"",,,"","","",,,,,,,,"",,,,,"",,,,,"","","","",,,,,,"",,,,,"",,,,,"","",,,,,,"",,,,,,,
"","","",,"","","","","","","",,"","","","","","","",,"","","","","","","",,"","","","","",495320,1,"2024-02-20_16h31.12.277","experiment","2023.2.3","Win32",11.96172249,"5deae12ff4c5e12050a1acb5","65d4ce4bfe04d08c28397785","65d4d301131f2c182dc4fa88","",,,"",,,"",,,"",,,"",,,"",,,,,"","",,,,"",,,"","","",,,"","",,,,,"","","",,,,,,,1,,,"","",,,,,"",,,,,,,,,,,"","",,,,,"s",0.8243,,"space",1,"green_gnome",1,5,"dark_forest","yellow_basket","purple_gnome",1,7,"bright_forest","red_basket",5,0,0,1,"green_gnome","dark_forest","yellow_basket",792,-3,0,91,0,182,0,1,0.6118,,"",,,"",,,"",,,"",,,,,,,"","",,,"",,,"",,,"",,,,,,,"",,,"","",,,,,,,,"",,,,,,,"",,,"","","",,,,,,,,"",,,,,"",,,,,"","","","",,,,,,"",,,,,"",,,,,"","",,,,,,"",,,,,,,
"","","",,"","","","","","","",,"","","","","","","",,"","","","","","","",,"","","","","",495320,1,"2024-02-20_16h31.12.277","experiment","2023.2.3","Win32",11.96172249,"5deae12ff4c5e12050a1acb5","65d4ce4bfe04d08c28397785","65d4d301131f2c182dc4fa88","",,,"",,,"",,,"",,,"",,,"",,,,,"","",,,,"",,,"","","",,,"","",,,,,"","","",,,,,,,2,,,"","",,,,,"",,,,,,,,,,,"","",,,,,"k",0.9989,,"space",2,"red_gnome",2,4,"bright_forest","red_basket","brown_gnomes",2,5,"dark_forest","yellow_basket",5,0,0,1,"brown_gnomes","dark_forest","yellow_basket",797,-2,-1,91,1,183,1,1,0.7855,,"",,,"",,,"",,,"",,,,,,,"","",,,"",,,"",,,"",,,,,,,"",,,"","",,,,,,,,"",,,,,,,"",,,"","","",,,,,,,,"",,,,,"",,,,,"","","","",,,,,,"",,,,,"",,,,,"","",,,,,,"",,,,,,,
"","","",,"","","","","","","",,"","","","","","","",,"","","","","","","",,"","","","","",495320,1,"2024-02-20_16h31.12.277","experiment","2023.2.3","Win32",11.96172249,"5deae12ff4c5e12050a1acb5","65d4ce4bfe04d08c28397785","65d4d301131f2c182dc4fa88","",,,"",,,"",,,"",,,"",,,"",,,,,"","",,,,"",,,"","","",,,"","",,,,,"","","",,,,,,,1,,,"","",,,,,"",,,,,,,,,,,"","",,,,,"k",1.3134,,"space",1,"green_gnome",1,4,"dark_forest","yellow_basket","purple_gnome",1,2,"bright_forest","red_basket",2,0,0,1,"purple_gnome","bright_forest","red_basket",799,0,1,92,0,184,0,1,1.11,,"",,,"",,,"",,,"",,,,,,,"","",,,"",,,"",,,"",,,,,,,"",,,"","",,,,,,,,"",,,,,,,"",,,"","","",,,,,,,,"",,,,,"",,,,,"","","","",,,,,,"",,,,,"",,,,,"","",,,,,,"",,,,,,,
"","","",,"","","","","","","",,"","","","","","","",,"","","","","","","",,"","","","","",495320,1,"2024-02-20_16h31.12.277","experiment","2023.2.3","Win32",11.96172249,"5deae12ff4c5e12050a1acb5","65d4ce4bfe04d08c28397785","65d4d301131f2c182dc4fa88","",,,"",,,"",,,"",,,"",,,"",,,,,"","",,,,"",,,"","","",,,"","",,,,,"","","",,,,,,,2,,,"","",,,,,"",,,,,,,,,,,"","",,,,,"s",0.9877,,"space",2,"brown_gnomes",2,5,"dark_forest","yellow_basket","red_gnome",2,2,"bright_forest","red_basket",5,0,0,1,"brown_gnomes","dark_forest","yellow_basket",804,-1,-1,92,1,185,1,1,0.6305,,"",,,"",,,"",,,"",,,,,,,"","",,,"",,,"",,,"",,,,,,,"",,,"","",,,,,,,,"",,,,,,,"",,,"","","",,,,,,,,"",,,,,"",,,,,"","","","",,,,,,"",,,,,"",,,,,"","",,,,,,"",,,,,,,
"","","",,"","","","","","","",,"","","","","","","",,"","","","","","","",,"","","","","",495320,1,"2024-02-20_16h31.12.277","experiment","2023.2.3","Win32",11.96172249,"5deae12ff4c5e12050a1acb5","65d4ce4bfe04d08c28397785","65d4d301131f2c182dc4fa88","",,,"",,,"",,,"",,,"",,,"",,,,,"","",,,,"",,,"","","",,,"","",,,,,"","","",,,,,,,2,,,"","",,,,,"",,,,,,,,,,,"","",,,,,"s",1.095,,"space",2,"brown_gnomes",2,4,"dark_forest","yellow_basket","red_gnome",2,1,"bright_forest","red_basket",4,0,0,1,"brown_gnomes","dark_forest","yellow_basket",808,-1,1,93,0,186,1,1,0.6386,,"",,,"",,,"",,,"",,,,,,,"","",,,"",,,"",,,"",,,,,,,"",,,"","",,,,,,,,"",,,,,,,"",,,"","","",,,,,,,,"",,,,,"",,,,,"","","","",,,,,,"",,,,,"",,,,,"","",,,,,,"",,,,,,,
"","","",,"","","","","","","",,"","","","","","","",,"","","","","","","",,"","","","","",495320,1,"2024-02-20_16h31.12.277","experiment","2023.2.3","Win32",11.96172249,"5deae12ff4c5e12050a1acb5","65d4ce4bfe04d08c28397785","65d4d301131f2c182dc4fa88","",,,"",,,"",,,"",,,"",,,"",,,,,"","",,,,"",,,"","","",,,"","",,,,,"","","",,,,,,,2,,,"","",,,,,"",,,,,,,,,,,"","",,,,,"k",1.1678,8e-04,"space",2,"brown_gnomes",2,5,"dark_forest","yellow_basket","red_gnome",2,0,"bright_forest","red_basket",0,0,0,1,"red_gnome","bright_forest","red_basket",808,0,-2,93,1,187,1,1,0.8398,,"",,,"",,,"",,,"",,,,,,,"","",,,"",,,"",,,"",,,,,,,"",,,"","",,,,,,,,"",,,,,,,"",,,"","","",,,,,,,,"",,,,,"",,,,,"","","","",,,,,,"",,,,,"",,,,,"","",,,,,,"",,,,,,,
"","","",,"","","","","","","",,"","","","","","","",,"","","","","","","",,"","","","","",495320,1,"2024-02-20_16h31.12.277","experiment","2023.2.3","Win32",11.96172249,"5deae12ff4c5e12050a1acb5","65d4ce4bfe04d08c28397785","65d4d301131f2c182dc4fa88","",,,"",,,"",,,"",,,"",,,"",,,,,"","",,,,"",,,"","","",,,"","",,,,,"","","",,,,,,,2,,,"","",,,,,"",,,,,,,,,,,"","",,,,,"s",0.8448,,"",2,"red_gnome",2,0,"bright_forest","red_basket","brown_gnomes",2,3,"dark_forest","yellow_basket",0,0,1,0,"red_gnome","bright_forest","red_basket",808,3,-2,94,0,188,1,1,,,"",,,"",,,"",,,"",,,,,,,"","",,,"",,,"",,,"",,,,,,,"",,,"","",,,,,,,,"",,,,,,,"",,,"","","",,,,,,,,"",,,,,"",,,,,"","","","",,,,,,"",,,,,"",,,,,"","",,,,,,"",,,,,,,
"","","",,"","","","","","","",,"","","","","","","",,"","","","","","","",,"","","","","",495320,1,"2024-02-20_16h31.12.277","experiment","2023.2.3","Win32",11.96172249,"5deae12ff4c5e12050a1acb5","65d4ce4bfe04d08c28397785","65d4d301131f2c182dc4fa88","",,,"",,,"",,,"",,,"",,,"",,,,,"","",,,,"",,,"","","",,,"","",,,,,"","","",,,,,,,2,,,"","",,,,,"",,,,,,,,,,,"","",,,,,"s",0.8659,,"space",2,"red_gnome",2,3,"bright_forest","red_basket","brown_gnomes",2,1,"dark_forest","yellow_basket",3,0,0,1,"red_gnome","bright_forest","red_basket",811,-3,-3,94,1,189,1,1,0.676,,"",,,"",,,"",,,"",,,,,,,"","",,,"",,,"",,,"",,,,,,,"",,,"","",,,,,,,,"",,,,,,,"",,,"","","",,,,,,,,"",,,,,"",,,,,"","","","",,,,,,"",,,,,"",,,,,"","",,,,,,"",,,,,,,
"","","",,"","","","","","","",,"","","","","","","",,"","","","","","","",,"","","","","",495320,1,"2024-02-20_16h31.12.277","experiment","2023.2.3","Win32",11.96172249,"5deae12ff4c5e12050a1acb5","65d4ce4bfe04d08c28397785","65d4d301131f2c182dc4fa88","",,,"",,,"",,,"",,,"",,,"",,,,,"","",,,,"",,,"","","",,,"","",,,,,"","","",,,,,,,2,,,"","",,,,,"",,,,,,,,,,,"","",,,,,"k",0.1811,,"space",2,"red_gnome",2,0,"bright_forest","red_basket","brown_gnomes",2,2,"dark_forest","yellow_basket",2,0,0,1,"brown_gnomes","dark_forest","yellow_basket",813,-5,1,95,0,190,1,1,0.8162,,"",,,"",,,"",,,"",,,,,,,"","",,,"",,,"",,,"",,,,,,,"",,,"","",,,,,,,,"",,,,,,,"",,,"","","",,,,,,,,"",,,,,"",,,,,"","","","",,,,,,"",,,,,"",,,,,"","",,,,,,"",,,,,,,
"","","",,"","","","","","","",,"","","","","","","",,"","","","","","","",,"","","","","",495320,1,"2024-02-20_16h31.12.277","experiment","2023.2.3","Win32",11.96172249,"5deae12ff4c5e12050a1acb5","65d4ce4bfe04d08c28397785","65d4d301131f2c182dc4fa88","",,,"",,,"",,,"",,,"",,,"",,,,,"","",,,,"",,,"","","",,,"","",,,,,"","","",,,,,,,2,,,"","",,,,,"",,,,,,,,,,,"","",,,,,"k",0.8109,,"space",2,"red_gnome",2,5,"bright_forest","red_basket","brown_gnomes",2,3,"dark_forest","yellow_basket",3,0,0,1,"brown_gnomes","dark_forest","yellow_basket",816,-4,1,95,1,191,1,1,0.7832,,"",,,"",,,"",,,"",,,,,,,"","",,,"",,,"",,,"",,,,,,,"",,,"","",,,,,,,,"",,,,,,,"",,,"","","",,,,,,,,"",,,,,"",,,,,"","","","",,,,,,"",,,,,"",,,,,"","",,,,,,"",,,,,,,
"","","",,"","","","","","","",,"","","","","","","",,"","","","","","","",,"","","","","",495320,1,"2024-02-20_16h31.12.277","experiment","2023.2.3","Win32",11.96172249,"5deae12ff4c5e12050a1acb5","65d4ce4bfe04d08c28397785","65d4d301131f2c182dc4fa88","",,,"",,,"",,,"",,,"",,,"",,,,,"","",,,,"",,,"","","",,,"","",,,,,"","","",,,,,,,2,,,"","",,,,,"",,,,,,,,,,,"","",,,,,"k",0.8314,,"space",2,"red_gnome",2,1,"bright_forest","red_basket","brown_gnomes",2,4,"dark_forest","yellow_basket",4,0,0,1,"brown_gnomes","dark_forest","yellow_basket",820,-1,4,96,0,192,1,1,0.7562,,"",,,"",,,"",,,"",,,,,,,"","",,,"",,,"",,,"",,,,,,,"",,,"","",,,,,,,,"",,,,,,,"",,,"","","",,,,,,,,"",,,,,"",,,,,"","","","",,,,,,"",,,,,"",,,,,"","",,,,,,"",,,,,,,
"","","",,"","","","","","","",,"","","","","","","",,"","","","","","","",,"","","","","",495320,1,"2024-02-20_16h31.12.277","experiment","2023.2.3","Win32",11.96172249,"5deae12ff4c5e12050a1acb5","65d4ce4bfe04d08c28397785","65d4d301131f2c182dc4fa88","",,,"",,,"",,,"",,,"",,,"",,,,,"","",,,,"",,,"","","",,,"","",,,,,"","","",,,,,,,2,,,"","",,,,,"",,,,,,,,,,,"","",,,,,"k",1.2455,,"space",2,"red_gnome",2,0,"bright_forest","red_basket","brown_gnomes",2,8,"dark_forest","yellow_basket",8,0,0,1,"brown_gnomes","dark_forest","yellow_basket",828,0,0,96,1,193,1,1,0.7912,,"",,,"",,,"",,,"",,,,,,,"","",,,"",,,"",,,"",,,,,,,"",,,"","",,,,,,,,"",,,,,,,"",,,"","","",,,,,,,,"",,,,,"",,,,,"","","","",,,,,,"",,,,,"",,,,,"","",,,,,,"",,,,,,,
"","","",,"","","","","","","",,"","","","","","","",,"","","","","","","",,"","","","","",495320,1,"2024-02-20_16h31.12.277","experiment","2023.2.3","Win32",11.96172249,"5deae12ff4c5e12050a1acb5","65d4ce4bfe04d08c28397785","65d4d301131f2c182dc4fa88","",,,"",,,"",,,"",,,"",,,"",,,,,"","",,,,"",,,"","","",,,"","",,,,,"","","",,,,,,,1,,,"","",,,,,"",,,,,,,,,,,"","",,,,,"s",1.16,,"space",1,"purple_gnome",1,0,"bright_forest","red_basket","green_gnome",1,8,"dark_forest","yellow_basket",0,0,0,1,"purple_gnome","bright_forest","red_basket",828,-3,1,97,0,194,0,1,0.5446,,"",,,"",,,"",,,"",,,,,,,"","",,,"",,,"",,,"",,,,,,,"",,,"","",,,,,,,,"",,,,,,,"",,,"","","",,,,,,,,"",,,,,"",,,,,"","","","",,,,,,"",,,,,"",,,,,"","",,,,,,"",,,,,,,
"","","",,"","","","","","","",,"","","","","","","",,"","","","","","","",,"","","","","",495320,1,"2024-02-20_16h31.12.277","experiment","2023.2.3","Win32",11.96172249,"5deae12ff4c5e12050a1acb5","65d4ce4bfe04d08c28397785","65d4d301131f2c182dc4fa88","",,,"",,,"",,,"",,,"",,,"",,,,,"","",,,,"",,,"","","",,,"","",,,,,"","","",,,,,,,2,,,"","",,,,,"",,,,,,,,,,,"","",,,,,"s",0.807,,"space",2,"brown_gnomes",2,9,"dark_forest","yellow_basket","red_gnome",2,3,"bright_forest","red_basket",9,0,0,1,"brown_gnomes","dark_forest","yellow_basket",837,-5,-1,97,1,195,1,1,0.3074,,"",,,"",,,"",,,"",,,,,,,"","",,,"",,,"",,,"",,,,,,,"",,,"","",,,,,,,,"",,,,,,,"",,,"","","",,,,,,,,"",,,,,"",,,,,"","","","",,,,,,"",,,,,"",,,,,"","",,,,,,"",,,,,,,
"","","",,"","","","","","","",,"","","","","","","",,"","","","","","","",,"","","","","",495320,1,"2024-02-20_16h31.12.277","experiment","2023.2.3","Win32",11.96172249,"5deae12ff4c5e12050a1acb5","65d4ce4bfe04d08c28397785","65d4d301131f2c182dc4fa88","",,,"",,,"",,,"",,,"",,,"",,,,,"","",,,,"",,,"","","",,,"","",,,,,"","","",,,,,,,1,,,"","",,,,,"",,,,,,,,,,,"","",,,,,"k",1.0241,,"space",1,"green_gnome",1,8,"dark_forest","yellow_basket","purple_gnome",1,2,"bright_forest","red_basket",2,0,0,1,"purple_gnome","bright_forest","red_basket",839,0,0,98,0,196,0,1,0.8319,,"",,,"",,,"",,,"",,,,,,,"","",,,"",,,"",,,"",,,,,,,"",,,"","",,,,,,,,"",,,,,,,"",,,"","","",,,,,,,,"",,,,,"",,,,,"","","","",,,,,,"",,,,,"",,,,,"","",,,,,,"",,,,,,,
"","","",,"","","","","","","",,"","","","","","","",,"","","","","","","",,"","","","","",495320,1,"2024-02-20_16h31.12.277","experiment","2023.2.3","Win32",11.96172249,"5deae12ff4c5e12050a1acb5","65d4ce4bfe04d08c28397785","65d4d301131f2c182dc4fa88","",,,"",,,"",,,"",,,"",,,"",,,,,"","",,,,"",,,"","","",,,"","",,,,,"","","",,,,,,,2,,,"","",,,,,"",,,,,,,,,,,"","",,,,,"k",1.1289,,"space",2,"red_gnome",2,2,"bright_forest","red_basket","brown_gnomes",2,8,"dark_forest","yellow_basket",8,0,0,1,"brown_gnomes","dark_forest","yellow_basket",847,-1,3,98,1,197,1,1,0.3753,,"",,,"",,,"",,,"",,,,,,,"","",,,"",,,"",,,"",,,,,,,"",,,"","",,,,,,,,"",,,,,,,"",,,"","","",,,,,,,,"",,,,,"",,,,,"","","","",,,,,,"",,,,,"",,,,,"","",,,,,,"",,,,,,,
"","","",,"","","","","","","",,"","","","","","","",,"","","","","","","",,"","","","","",495320,1,"2024-02-20_16h31.12.277","experiment","2023.2.3","Win32",11.96172249,"5deae12ff4c5e12050a1acb5","65d4ce4bfe04d08c28397785","65d4d301131f2c182dc4fa88","",,,"",,,"",,,"",,,"",,,"",,,,,"","",,,,"",,,"","","",,,"","",,,,,"","","",,,,,,,2,,,"","",,,,,"",,,,,,,,,,,"","",,,,,"k",1.1861,,"space",2,"red_gnome",2,1,"bright_forest","red_basket","brown_gnomes",2,7,"dark_forest","yellow_basket",7,0,0,1,"brown_gnomes","dark_forest","yellow_basket",854,0,3,99,0,198,1,1,0.7927,,"",,,"",,,"",,,"",,,,,,,"","",,,"",,,"",,,"",,,,,,,"",,,"","",,,,,,,,"",,,,,,,"",,,"","","",,,,,,,,"",,,,,"",,,,,"","","","",,,,,,"",,,,,"",,,,,"","",,,,,,"",,,,,,,
"","","",,"","","","","","","",,"","","","","","","",,"","","","","","","",,"","","","","",495320,1,"2024-02-20_16h31.12.277","experiment","2023.2.3","Win32",11.96172249,"5deae12ff4c5e12050a1acb5","65d4ce4bfe04d08c28397785","65d4d301131f2c182dc4fa88","",,,"",,,"",,,"",,,"",,,"",,,,,"","",,,,"",,,"","","",,,"","",,,,,"","","",,,,,,,1,,,"","",,,,,"",,,,,,,,,,,"","",,,,,"k",1.3741,,"space",1,"green_gnome",1,8,"dark_forest","yellow_basket","purple_gnome",1,1,"bright_forest","red_basket",1,0,0,1,"purple_gnome","bright_forest","red_basket",855,1,-1,99,1,199,0,1,0.9188,,"",,,"",,,"",,,"",,,,,,,"","",,,"",,,"",,,"",,,,,,,"",,,"","",,,,,,,,"",,,,,,,"",,,"","","",,,,,,,,"",,,,,"",,,,,"","","","",,,,,,"",,,,,"",,,,,"","",,,,,,"",,,,,,,
"","","",,"","","","","","","",,"","","","","","","",,"","","","","","","",,"","","","","",495320,1,"2024-02-20_16h31.12.277","experiment","2023.2.3","Win32",11.96172249,"5deae12ff4c5e12050a1acb5","65d4ce4bfe04d08c28397785","65d4d301131f2c182dc4fa88","",,,"",,,"",,,"",,,"",,,"",,,,,"","",,,,"",,,"","","",,,"","",,,,,"","","",,,,,,,,,,"","",,,,,"",,,1373.0727,1417.8071,0.572222222,-0.302222222,1,0,0,44.6848,"t_advice_finished_typing_rect","",,,,,"",,,"",,"",,,"","","",,,"","",,,,,"","","",,,,,,,,,,,"space",8.5399,,"space",27.9985,,"space",4.7582,,"Once the game starts you have to be quick, so keep your fingers on the stated buttons. The gnomes looked like they were in pairs, so keep an eye on that. ",0.072222222,-0.151111111,1,0,0,2.0346,"vb_finished_typing_rect","space",9.4668,,"space",24.2887,,"space",13.105,,"space",8.6826,,33.77777778,8.0508,18.33333333,12.5418,"space",13.6366,,"purple_gnome","red_gnome",0,0,0,3,1,1,2,"",,,,,,,"",,,"","","",,,,,,,,"",,,,,"",,,,,"","","","",,,,,,"",,,,,"",,,,,"","",,,,,,"",,,,,,,
"","","",,"","","","","","","",,"","","","","","","",,"","","","","","","",,"","","","","",495320,1,"2024-02-20_16h31.12.277","experiment","2023.2.3","Win32",11.96172249,"5deae12ff4c5e12050a1acb5","65d4ce4bfe04d08c28397785","65d4d301131f2c182dc4fa88","",,,"",,,"",,,"",,,"",,,"",,,,,"","",,,,"",,,"","","",,,"","",,,,,"","","",,,,,,,,,,"","",,,,,"",,,,,,,,,,,"","",,,,,"",,,"",,"",,,"","","",,,"","",,,,,"","","",,,,,,,,,,,"",,,"",,,"",,,"",,,,,,,"","",,,"",,,"",,,"",,,79.88888889,7.2561,54.66666667,9.6841,"space",9.7463,,"brown_gnomes","red_gnome",0,1,1,1,1,0,2,"",,,,,,,"",,,"","","",,,,,,,,"",,,,,"",,,,,"","","","",,,,,,"",,,,,"",,,,,"","",,,,,,"",,,,,,,
"","","",,"","","","","","","",,"","","","","","","",,"","","","","","","",,"","","","","",495320,1,"2024-02-20_16h31.12.277","experiment","2023.2.3","Win32",11.96172249,"5deae12ff4c5e12050a1acb5","65d4ce4bfe04d08c28397785","65d4d301131f2c182dc4fa88","",,,"",,,"",,,"",,,"",,,"",,,,,"","",,,,"",,,"","","",,,"","",,,,,"","","",,,,,,,,,,"","",,,,,"",,,,,,,,,,,"","",,,,,"",,,"",,"",,,"","","",,,"","",,,,,"","","",,,,,,,,,,,"",,,"",,,"",,,"",,,,,,,"","",,,"",,,"",,,"",,,55.77777778,7.4337,38.33333333,11.0414,"space",10.8026,,"purple_gnome","green_gnome",0,2,2,4,1,1,3,"",,,,,,,"",,,"","","",,,,,,,,"",,,,,"",,,,,"","","","",,,,,,"",,,,,"",,,,,"","",,,,,,"",,,,,,,
"","","",,"","","","","","","",,"","","","","","","",,"","","","","","","",,"","","","","",495320,1,"2024-02-20_16h31.12.277","experiment","2023.2.3","Win32",11.96172249,"5deae12ff4c5e12050a1acb5","65d4ce4bfe04d08c28397785","65d4d301131f2c182dc4fa88","",,,"",,,"",,,"",,,"",,,"",,,,,"","",,,,"",,,"","","",,,"","",,,,,"","","",,,,,,,,,,"","",,,,,"",,,,,,,,,,,"","",,,,,"",,,"",,"",,,"","","",,,"","",,,,,"","","",,,,,,,,,,,"",,,"",,,"",,,"",,,,,,,"","",,,"",,,"",,,"",,,34.66666667,7.9161,24,11.6301,"space",11.601,,"green_gnome","red_gnome",0,3,3,5,1,2,3,"",,,,,,,"",,,"","","",,,,,,,,"",,,,,"",,,,,"","","","",,,,,,"",,,,,"",,,,,"","",,,,,,"",,,,,,,
"","","",,"","","","","","","",,"","","","","","","",,"","","","","","","",,"","","","","",495320,1,"2024-02-20_16h31.12.277","experiment","2023.2.3","Win32",11.96172249,"5deae12ff4c5e12050a1acb5","65d4ce4bfe04d08c28397785","65d4d301131f2c182dc4fa88","",,,"",,,"",,,"",,,"",,,"",,,,,"","",,,,"",,,"","","",,,"","",,,,,"","","",,,,,,,,,,"","",,,,,"",,,,,,,,,,,"","",,,,,"",,,"",,"",,,"","","",,,"","",,,,,"","","",,,,,,,,,,,"",,,"",,,"",,,"",,,,,,,"","",,,"",,,"",,,"",,,92.44444444,8.3345,37.77777778,11.3456,"space",11.1942,,"brown_gnomes","green_gnome",0,4,4,2,1,0,3,"",,,,,,,"",,,"","","",,,,,,,,"",,,,,"",,,,,"","","","",,,,,,"",,,,,"",,,,,"","",,,,,,"",,,,,,,
"","","",,"","","","","","","",,"","","","","","","",,"","","","","","","",,"","","","","",495320,1,"2024-02-20_16h31.12.277","experiment","2023.2.3","Win32",11.96172249,"5deae12ff4c5e12050a1acb5","65d4ce4bfe04d08c28397785","65d4d301131f2c182dc4fa88","",,,"",,,"",,,"",,,"",,,"",,,,,"","",,,,"",,,"","","",,,"","",,,,,"","","",,,,,,,,,,"","",,,,,"",,,,,,,,,,,"","",,,,,"",,,"",,"",,,"","","",,,"","",,,,,"","","",,,,,,,,,,,"",,,"",,,"",,,"",,,,,,,"","",,,"",,,"",,,"",,,75.88888889,5.622,42.55555556,8.8343,"space",8.901,,"purple_gnome","brown_gnomes",0,5,5,0,1,0,1,"",,,,,,,"",,,"","","",,,,,,,,"",,,,,"",,,,,"","","","",,,,,,"",,,,,"",,,,,"","",,,,,,"",,,,,,,
"","","",,"","","","","","","",,"","","","","","","",,"","","","","","","",,"","","","","",495320,1,"2024-02-20_16h31.12.277","experiment","2023.2.3","Win32",11.96172249,"5deae12ff4c5e12050a1acb5","65d4ce4bfe04d08c28397785","65d4d301131f2c182dc4fa88","",,,"",,,"",,,"",,,"",,,"",,,,,"","",,,,"",,,"","","",,,"","",,,,,"","","",,,,,,,,,,"","",,,,,"",,,,,,,,,,,"","",,,,,"",,,"",,"",,,"","","",,,"","",,,,,"","","",,,,,,,,,,,"",,,"",,,"",,,"",,,,,,,"","",,,"",,,"",,,"",,,,,,,"",,,"","",,,,,,,,"space",13.2923,,38.88888889,7.788,22.88888889,11.6196,"space",11.5929,,"red_gnome","bright_forest","red_basket",0,0,0,4,1,2,0,"",,,,,"",,,,,"","","","",,,,,,"",,,,,"",,,,,"","",,,,,,"",,,,,,,
"","","",,"","","","","","","",,"","","","","","","",,"","","","","","","",,"","","","","",495320,1,"2024-02-20_16h31.12.277","experiment","2023.2.3","Win32",11.96172249,"5deae12ff4c5e12050a1acb5","65d4ce4bfe04d08c28397785","65d4d301131f2c182dc4fa88","",,,"",,,"",,,"",,,"",,,"",,,,,"","",,,,"",,,"","","",,,"","",,,,,"","","",,,,,,,,,,"","",,,,,"",,,,,,,,,,,"","",,,,,"",,,"",,"",,,"","","",,,"","",,,,,"","","",,,,,,,,,,,"",,,"",,,"",,,"",,,,,,,"","",,,"",,,"",,,"",,,,,,,"",,,"","",,,,,,,,"",,,58,4.5114,37.44444444,7.5026,"space",7.4824,,"purple_gnome","dark_forest","yellow_basket",0,1,1,3,1,1,1,"",,,,,"",,,,,"","","","",,,,,,"",,,,,"",,,,,"","",,,,,,"",,,,,,,
"","","",,"","","","","","","",,"","","","","","","",,"","","","","","","",,"","","","","",495320,1,"2024-02-20_16h31.12.277","experiment","2023.2.3","Win32",11.96172249,"5deae12ff4c5e12050a1acb5","65d4ce4bfe04d08c28397785","65d4d301131f2c182dc4fa88","",,,"",,,"",,,"",,,"",,,"",,,,,"","",,,,"",,,"","","",,,"","",,,,,"","","",,,,,,,,,,"","",,,,,"",,,,,,,,,,,"","",,,,,"",,,"",,"",,,"","","",,,"","",,,,,"","","",,,,,,,,,,,"",,,"",,,"",,,"",,,,,,,"","",,,"",,,"",,,"",,,,,,,"",,,"","",,,,,,,,"",,,33,6.2096,27.22222222,9.0103,"space",8.8953,,"red_gnome","dark_forest","yellow_basket",0,2,2,5,1,2,1,"",,,,,"",,,,,"","","","",,,,,,"",,,,,"",,,,,"","",,,,,,"",,,,,,,
"","","",,"","","","","","","",,"","","","","","","",,"","","","","","","",,"","","","","",495320,1,"2024-02-20_16h31.12.277","experiment","2023.2.3","Win32",11.96172249,"5deae12ff4c5e12050a1acb5","65d4ce4bfe04d08c28397785","65d4d301131f2c182dc4fa88","",,,"",,,"",,,"",,,"",,,"",,,,,"","",,,,"",,,"","","",,,"","",,,,,"","","",,,,,,,,,,"","",,,,,"",,,,,,,,,,,"","",,,,,"",,,"",,"",,,"","","",,,"","",,,,,"","","",,,,,,,,,,,"",,,"",,,"",,,"",,,,,,,"","",,,"",,,"",,,"",,,,,,,"",,,"","",,,,,,,,"",,,62,4.0226,29.11111111,9.1951,"space",9.1745,,"brown_gnomes","dark_forest","yellow_basket",0,3,3,1,1,0,1,"",,,,,"",,,,,"","","","",,,,,,"",,,,,"",,,,,"","",,,,,,"",,,,,,,
"","","",,"","","","","","","",,"","","","","","","",,"","","","","","","",,"","","","","",495320,1,"2024-02-20_16h31.12.277","experiment","2023.2.3","Win32",11.96172249,"5deae12ff4c5e12050a1acb5","65d4ce4bfe04d08c28397785","65d4d301131f2c182dc4fa88","",,,"",,,"",,,"",,,"",,,"",,,,,"","",,,,"",,,"","","",,,"","",,,,,"","","",,,,,,,,,,"","",,,,,"",,,,,,,,,,,"","",,,,,"",,,"",,"",,,"","","",,,"","",,,,,"","","",,,,,,,,,,,"",,,"",,,"",,,"",,,,,,,"","",,,"",,,"",,,"",,,,,,,"",,,"","",,,,,,,,"",,,28.33333333,5.4642,22.55555556,9.1516,"space",9.1396,,"green_gnome","dark_forest","yellow_basket",0,4,4,7,1,3,1,"",,,,,"",,,,,"","","","",,,,,,"",,,,,"",,,,,"","",,,,,,"",,,,,,,
"","","",,"","","","","","","",,"","","","","","","",,"","","","","","","",,"","","","","",495320,1,"2024-02-20_16h31.12.277","experiment","2023.2.3","Win32",11.96172249,"5deae12ff4c5e12050a1acb5","65d4ce4bfe04d08c28397785","65d4d301131f2c182dc4fa88","",,,"",,,"",,,"",,,"",,,"",,,,,"","",,,,"",,,"","","",,,"","",,,,,"","","",,,,,,,,,,"","",,,,,"",,,,,,,,,,,"","",,,,,"",,,"",,"",,,"","","",,,"","",,,,,"","","",,,,,,,,,,,"",,,"",,,"",,,"",,,,,,,"","",,,"",,,"",,,"",,,,,,,"",,,"","",,,,,,,,"",,,64.77777778,5.6096,28.55555556,7.8538,"space",8.0452,,"purple_gnome","bright_forest","red_basket",0,5,5,2,1,1,0,"",,,,,"",,,,,"","","","",,,,,,"",,,,,"",,,,,"","",,,,,,"",,,,,,,
"","","",,"","","","","","","",,"","","","","","","",,"","","","","","","",,"","","","","",495320,1,"2024-02-20_16h31.12.277","experiment","2023.2.3","Win32",11.96172249,"5deae12ff4c5e12050a1acb5","65d4ce4bfe04d08c28397785","65d4d301131f2c182dc4fa88","",,,"",,,"",,,"",,,"",,,"",,,,,"","",,,,"",,,"","","",,,"","",,,,,"","","",,,,,,,,,,"","",,,,,"",,,,,,,,,,,"","",,,,,"",,,"",,"",,,"","","",,,"","",,,,,"","","",,,,,,,,,,,"",,,"",,,"",,,"",,,,,,,"","",,,"",,,"",,,"",,,,,,,"",,,"","",,,,,,,,"",,,26.55555556,5.5897,37.11111111,8.2728,"space",9.0963,,"green_gnome","bright_forest","red_basket",0,6,6,6,1,3,0,"",,,,,"",,,,,"","","","",,,,,,"",,,,,"",,,,,"","",,,,,,"",,,,,,,
"","","",,"","","","","","","",,"","","","","","","",,"","","","","","","",,"","","","","",495320,1,"2024-02-20_16h31.12.277","experiment","2023.2.3","Win32",11.96172249,"5deae12ff4c5e12050a1acb5","65d4ce4bfe04d08c28397785","65d4d301131f2c182dc4fa88","",,,"",,,"",,,"",,,"",,,"",,,,,"","",,,,"",,,"","","",,,"","",,,,,"","","",,,,,,,,,,"","",,,,,"",,,,,,,,,,,"","",,,,,"",,,"",,"",,,"","","",,,"","",,,,,"","","",,,,,,,,,,,"",,,"",,,"",,,"",,,,,,,"","",,,"",,,"",,,"",,,,,,,"",,,"","",,,,,,,,"",,,58.22222222,4.7223,23.22222222,7.8552,"space",7.6257,,"brown_gnomes","bright_forest","red_basket",0,7,7,0,1,0,0,"",,,,,"",,,,,"","","","",,,,,,"",,,,,"",,,,,"","",,,,,,"",,,,,,,
"","","",,"","","","","","","",,"","","","","","","",,"","","","","","","",,"","","","","",495320,1,"2024-02-20_16h31.12.277","experiment","2023.2.3","Win32",11.96172249,"5deae12ff4c5e12050a1acb5","65d4ce4bfe04d08c28397785","65d4d301131f2c182dc4fa88","",,,"",,,"",,,"",,,"",,,"",,,,,"","",,,,"",,,"","","",,,"","",,,,,"","","",,,,,,,,,,"","",,,,,"",,,,,,,,,,,"","",,,,,"",,,"",,"",,,"","","",,,"","",,,,,"","","",,,,,,,,,,,"",,,"",,,"",,,"",,,,,,,"","",,,"",,,"",,,"",,,,,,,"",,,"","",,,,,,,,"",,,,,,,"",,,"","","",,,,,,,,"space",13.7729,,71.77777778,10.2073,"space",13.7034,,15.55555556,13.694,"dark_forest","bright_forest","yellow_basket","red_basket",0,0,0,0,1,"",,,,,"",,,,,"","",,,,,,"",,,,,,,
"","","",,"","","","","","","",,"","","","","","","",,"","","","","","","",,"","","","","",495320,1,"2024-02-20_16h31.12.277","experiment","2023.2.3","Win32",11.96172249,"5deae12ff4c5e12050a1acb5","65d4ce4bfe04d08c28397785","65d4d301131f2c182dc4fa88","",,,"",,,"",,,"",,,"",,,"",,,,,"","",,,,"",,,"","","",,,"","",,,,,"","","",,,,,,,,,,"","",,,,,"",,,,,,,,,,,"","",,,,,"",,,"",,"",,,"","","",,,"","",,,,,"","","",,,,,,,,,,,"",,,"",,,"",,,"",,,,,,,"","",,,"",,,"",,,"",,,,,,,"",,,"","",,,,,,0,2,"",,,,,,,"",,,"","","",,,,,,,,"",,,,,"",,,,,"","","","",,,,,,"space",7.9289,,85.55555556,5.8375,"space",9.0464,,17.66666667,9.0265,"red_gnome","brown_gnomes",0,0,0,1,1,"",,,,,,,
"","","",,"","","","","","","",,"","","","","","","",,"","","","","","","",,"","","","","",495320,1,"2024-02-20_16h31.12.277","experiment","2023.2.3","Win32",11.96172249,"5deae12ff4c5e12050a1acb5","65d4ce4bfe04d08c28397785","65d4d301131f2c182dc4fa88","",,,"",,,"",,,"",,,"",,,"",,,,,"","",,,,"",,,"","","",,,"","",,,,,"","","",,,,,,,,,,"","",,,,,"",,,,,,,,,,,"","",,,,,"",,,"",,"",,,"","","",,,"","",,,,,"","","",,,,,,,,,,,"",,,"",,,"",,,"",,,,,,,"","",,,"",,,"",,,"",,,,,,,"",,,"","",,,,,,0,3,"",,,,,,,"",,,"","","",,,,,,,,"",,,,,"",,,,,"","","","",,,,,,"",,,17.55555556,5.2448,"space",9.2494,,17,9.5086,"brown_gnomes","green_gnome",0,1,1,2,1,"",,,,,,,
"","","",,"","","","","","","",,"","","","","","","",,"","","","","","","",,"","","","","",495320,1,"2024-02-20_16h31.12.277","experiment","2023.2.3","Win32",11.96172249,"5deae12ff4c5e12050a1acb5","65d4ce4bfe04d08c28397785","65d4d301131f2c182dc4fa88","",,,"",,,"",,,"",,,"",,,"",,,,,"","",,,,"",,,"","","",,,"","",,,,,"","","",,,,,,,,,,"","",,,,,"",,,,,,,,,,,"","",,,,,"",,,"",,"",,,"","","",,,"","",,,,,"","","",,,,,,,,,,,"",,,"",,,"",,,"",,,,,,,"","",,,"",,,"",,,"",,,,,,,"",,,"","",,,,,,0,1,"",,,,,,,"",,,"","","",,,,,,,,"",,,,,"",,,,,"","","","",,,,,,"",,,80.88888889,5.0461,"space",8.0234,,19,8.296,"purple_gnome","brown_gnomes",0,2,2,0,1,"",,,,,,,
"","","",,"","","","","","","",,"","","","","","","",,"","","","","","","",,"","","","","",495320,1,"2024-02-20_16h31.12.277","experiment","2023.2.3","Win32",11.96172249,"5deae12ff4c5e12050a1acb5","65d4ce4bfe04d08c28397785","65d4d301131f2c182dc4fa88","",,,"",,,"",,,"",,,"",,,"",,,,,"","",,,,"",,,"","","",,,"","",,,,,"","","",,,,,,,,,,"","",,,,,"",,,,,,,,,,,"","",,,,,"",,,"",,"",,,"","","",,,"","",,,,,"","","",,,,,,,,,,,"",,,"",,,"",,,"",,,,,,,"","",,,"",,,"",,,"",,,,,,,"",,,"","",,,,,,1,3,"",,,,,,,"",,,"","","",,,,,,,,"",,,,,"",,,,,"","","","",,,,,,"",,,81.66666667,5.6676,"space",8.638,,19.22222222,8.9247,"green_gnome","purple_gnome",0,3,3,4,1,"",,,,,,,
"","","",,"","","","","","","",,"","","","","","","",,"","","","","","","",,"","","","","",495320,1,"2024-02-20_16h31.12.277","experiment","2023.2.3","Win32",11.96172249,"5deae12ff4c5e12050a1acb5","65d4ce4bfe04d08c28397785","65d4d301131f2c182dc4fa88","",,,"",,,"",,,"",,,"",,,"",,,,,"","",,,,"",,,"","","",,,"","",,,,,"","","",,,,,,,,,,"","",,,,,"",,,,,,,,,,,"","",,,,,"",,,"",,"",,,"","","",,,"","",,,,,"","","",,,,,,,,,,,"",,,"",,,"",,,"",,,,,,,"","",,,"",,,"",,,"",,,,,,,"",,,"","",,,,,,2,3,"",,,,,,,"",,,"","","",,,,,,,,"",,,,,"",,,,,"","","","",,,,,,"",,,21,5.1858,"space",8.9268,,14.77777778,9.1895,"red_gnome","green_gnome",0,4,4,5,1,"",,,,,,,
"","","",,"","","","","","","",,"","","","","","","",,"","","","","","","",,"","","","","",495320,1,"2024-02-20_16h31.12.277","experiment","2023.2.3","Win32",11.96172249,"5deae12ff4c5e12050a1acb5","65d4ce4bfe04d08c28397785","65d4d301131f2c182dc4fa88","",,,"",,,"",,,"",,,"",,,"",,,,,"","",,,,"",,,"","","",,,"","",,,,,"","","",,,,,,,,,,"","",,,,,"",,,,,,,,,,,"","",,,,,"",,,"",,"",,,"","","",,,"","",,,,,"","","",,,,,,,,,,,"",,,"",,,"",,,"",,,,,,,"","",,,"",,,"",,,"",,,,,,,"",,,"","",,,,,,1,2,"",,,,,,,"",,,"","","",,,,,,,,"",,,,,"",,,,,"","","","",,,,,,"",,,14.44444444,5.8783,"space",9.2848,,12.66666667,9.4452,"purple_gnome","red_gnome",0,5,5,3,1,"",,,,,,,
"","","",,"","","","","","","",,"","","","","","","",,"","","","","","","",,"","","","","",495320,1,"2024-02-20_16h31.12.277","experiment","2023.2.3","Win32",11.96172249,"5deae12ff4c5e12050a1acb5","65d4ce4bfe04d08c28397785","65d4d301131f2c182dc4fa88","",,,"",,,"",,,"",,,"",,,"",,,,,"","",,,,"",,,"","","",,,"","",,,,,"","","",,,,,,,,,,"","",,,,,"",,,,,,,,,,,"","",,,,,"",,,"",,"",,,"","","",,,"","",,,,,"","","",,,,,,,,,,,"",,,"",,,"",,,"",,,,,,,"","",,,"",,,"",,,"",,,,,,,"",,,"","",,,,,,,,"",,,,,,,"",,,"","","",,,,,,,,"",,,,,"",,,,,"","","","",,,,,,"",,,,,"",,,,,"","",,,,,,"space",10.8931,,0,0,0,0,1
