"parent_PID","stim1_name","stim1_file","stim1_pair","stim1_deact_file","stim1_step2_name","stim1_step2_file","stim1_step2_basket_name","stim1_step2_basket_file","stim2_name","stim2_file","stim2_pair","stim2_deact_file","stim2_step2_name","stim2_step2_file","stim2_step2_basket_name","stim2_step2_basket_file","stim3_name","stim3_file","stim3_pair","stim3_deact_file","stim3_step2_name","stim3_step2_file","stim3_step2_basket_name","stim3_step2_basket_file","stim4_name","stim4_file","stim4_pair","stim4_deact_file","stim4_step2_name","stim4_step2_file","stim4_step2_basket_name","stim4_step2_basket_file","participant","session","date","expName","psychopyVersion","OS","frameRate","PROLIFIC_PID","STUDY_ID","SESSION_ID","consent_keyresp.keys","consent_keyresp.rt","consent_keyresp.duration","global_instructions1_key.keys","global_instructions1_key.rt","global_instructions1_key.duration","global_instructions2_key.keys","global_instructions2_key.rt","global_instructions2_key.duration","global_instructions3_key.keys","global_instructions3_key.rt","global_instructions3_key.duration","global_instructions4_key.keys","global_instructions4_key.rt","global_instructions4_key.duration","global_instructions5_key.keys","global_instructions5_key.rt","global_instructions5_key.duration","p_fixation_2.started","p_fixation_2.stopped","p_step1_keyresp.keys","p_step1_keyresp.rt","p_step1_keyresp.duration","p_step2_keyresp.keys","p_step2_keyresp.rt","p_step2_keyresp.duration","p_step1_pair_index","p_step1_stimLeft_name","p_step1_stimLeft_pair","p_step1_stimLeft_reward","p_step1_stimLeft_step2Stim","p_step1_stimLeft_step2Basket","p_step1_stimRight_name","p_step1_stimRight_pair","p_step1_stimRight_reward","p_step1_stimRight_step2Stim","p_step1_stimRight_step2Basket","p_points","p_fail_step1","p_fail_step2","p_reward_flag","p_step1_choice","p_step2_stim","p_step2_basket","p_score","practice.thisRepN","practice.thisTrialN","practice.thisN","practice.thisIndex","practice.ran","pair_index","t_instructions_keyresp.keys","t_instructions_keyresp.rt","t_instructions_keyresp.duration","t_advice_reading.started","t_advice_reading.stopped","t_advice_mouse.x","t_advice_mouse.y","t_advice_mouse.leftButton","t_advice_mouse.midButton","t_advice_mouse.rightButton","t_advice_mouse.time","t_advice_mouse.clicked_name","t_instructions_2_keyresp.keys","t_instructions_2_keyresp.rt","t_instructions_2_keyresp.duration","t_start.started","t_start.stopped","t_step1_keyresp.keys","t_step1_keyresp.rt","t_step1_keyresp.duration","t_step2_keyresp.keys","t_step2_keyresp.rt","t_step2_keyresp.duration","t_step1_pair_index","t_step1_stimLeft_name","t_step1_stimLeft_pair","t_step1_stimLeft_reward","t_step1_stimLeft_step2Stim","t_step1_stimLeft_step2Basket","t_step1_stimRight_name","t_step1_stimRight_pair","t_step1_stimRight_reward","t_step1_stimRight_step2Stim","t_step1_stimRight_step2Basket","t_points","t_fail_step1","t_fail_step2","t_reward_flag","t_step1_choice","t_step2_stim","t_step2_basket","globa_score","t_data_stimWalk0","t_data_stimWalk1","trials.thisRepN","trials.thisTrialN","trials.thisN","trials.thisIndex","trials.ran","pl_global_instructions_keyresp.keys","pl_global_instructions_keyresp.rt","pl_global_instructions_keyresp.duration","vb_instructions_keyresp.keys","vb_instructions_keyresp.rt","vb_instructions_keyresp.duration","vb_instructions_2_keyresp.keys","vb_instructions_2_keyresp.rt","vb_instructions_2_keyresp.duration","vb_textbox.text","vb_mouse.x","vb_mouse.y","vb_mouse.leftButton","vb_mouse.midButton","vb_mouse.rightButton","vb_mouse.time","vb_mouse.clicked_name","pl1_instructions1_keyresp.keys","pl1_instructions1_keyresp.rt","pl1_instructions1_keyresp.duration","pl1_instructions2_keyresp.keys","pl1_instructions2_keyresp.rt","pl1_instructions2_keyresp.duration","pl1_instructions3_keyresp.keys","pl1_instructions3_keyresp.rt","pl1_instructions3_keyresp.duration","pl1_instructions4_keyresp.keys","pl1_instructions4_keyresp.rt","pl1_instructions4_keyresp.duration","pl1_task_lickert.response","pl1_task_lickert.rt","pl1_task_confidence_lickert.response","pl1_task_confidence_lickert.rt","pl1_task_keyresp.keys","pl1_task_keyresp.rt","pl1_task_keyresp.duration","pl1_task_stimLeft","pl1_task_stimRight","pl1_loop.thisRepN","pl1_loop.thisTrialN","pl1_loop.thisN","pl1_loop.thisIndex","pl1_loop.ran","stimLeft_index","stimRight_index","pl2_instructions_keyresp.keys","pl2_instructions_keyresp.rt","pl2_instructions_keyresp.duration","pl2_task_lickert.response","pl2_task_lickert.rt","pl2_task_confidence_lickert.response","pl2_task_confidence_lickert.rt","pl2_task_keyresp.keys","pl2_task_keyresp.rt","pl2_task_keyresp.duration","pl2_task_gnome","pl2_task_forest","pl2_task_basket","pl2_loop.thisRepN","pl2_loop.thisTrialN","pl2_loop.thisN","pl2_loop.thisIndex","pl2_loop.ran","gnome_id","forest_id","pl3_instructions_keyresp.keys","pl3_instructions_keyresp.rt","pl3_instructions_keyresp.duration","pl3_task_lickert.response","pl3_task_lickert.rt","pl3_task_keyresp.keys","pl3_task_keyresp.rt","pl3_task_keyresp.duration","pl3_task_confidence_lickert.response","pl3_task_confidence_lickert.rt","pl3_task_stimLeftBg","pl3_task_stimRightBg","pl3_task_stimLeft","pl3_task_stimRight","pl3_loop.thisRepN","pl3_loop.thisTrialN","pl3_loop.thisN","pl3_loop.thisIndex","pl3_loop.ran","pl4_instructions_keyresp.keys","pl4_instructions_keyresp.rt","pl4_instructions_keyresp.duration","pl4_task_lickert.response","pl4_task_lickert.rt","pl4_task_keyresp.keys","pl4_task_keyresp.rt","pl4_task_keyresp.duration","pl4_task_confidence_lickert.response","pl4_task_confidence_lickert.rt","pl4_task_stimLeft","pl4_task_stimRight","pl4_loop.thisRepN","pl4_loop.thisTrialN","pl4_loop.thisN","pl4_loop.thisIndex","pl4_loop.ran","end_keyresp.keys","end_keyresp.rt","end_keyresp.duration","show_trials.thisRepN","show_trials.thisTrialN","show_trials.thisN","show_trials.thisIndex","show_trials.ran"
"60ec5f9e9b8a3146ae4feac9","brown_gnomes","ressources/step1_stim1.png",1,"ressources/step1_stim1_deact.png","bright_forest","ressources/step2_background1.png","yellow_basket","ressources/step2_stim1.png","purple_gnome","ressources/step1_stim2.png",2,"ressources/step1_stim2_deact.png","bright_forest","ressources/step2_background1.png","yellow_basket","ressources/step2_stim1.png","red_gnome","ressources/step1_stim3.png",1,"ressources/step1_stim3_deact.png","dark_forest","ressources/step2_background2.png","red_basket","ressources/step2_stim2.png","green_gnome","ressources/step1_stim4.png",2,"ressources/step1_stim4_deact.png","dark_forest","ressources/step2_background2.png","red_basket","ressources/step2_stim2.png",307361,1,"2024-02-22_16h32.54.400","experiment","2023.2.3","MacIntel",59.52380952,"5df9f1c15777b5752bf8b085","65d6198c9820d372ff6c9d7f","65d77726d27af10dc8ef6b00","",,,"",,,"",,,"",,,"",,,"",,,,,"",,,"",,,,"",,,"","","",,,"","",,,,,"","","",,,,,,,,"",,,,,,,,,,,"","",,,,,"",,,"",,,,"",,,"","","",,,"","",,,,,"","","",,,,,,,,,"",,,"",,,"",,,"",,,,,,,"","",,,"",,,"",,,"",,,,,,,"",,,"","",,,,,,,,"",,,,,,,"",,,"","","",,,,,,,,"",,,,,"",,,,,"","","","",,,,,,"",,,,,"",,,,,"","",,,,,,"",,,,,,,
"","","",,"","","","","","","",,"","","","","","","",,"","","","","","","",,"","","","","",307361,1,"2024-02-22_16h32.54.400","experiment","2023.2.3","MacIntel",59.52380952,"5df9f1c15777b5752bf8b085","65d6198c9820d372ff6c9d7f","65d77726d27af10dc8ef6b00","y",638.5658,7e-04,"",,,"",,,"",,,"",,,"",,,,,"",,,"",,,,"",,,"","","",,,"","",,,,,"","","",,,,,,,,"",,,,,,,,,,,"","",,,,,"",,,"",,,,"",,,"","","",,,"","",,,,,"","","",,,,,,,,,"",,,"",,,"",,,"",,,,,,,"","",,,"",,,"",,,"",,,,,,,"",,,"","",,,,,,,,"",,,,,,,"",,,"","","",,,,,,,,"",,,,,"",,,,,"","","","",,,,,,"",,,,,"",,,,,"","",,,,,,"",,,,,,,
"","","",,"","","","","","","",,"","","","","","","",,"","","","","","","",,"","","","","",307361,1,"2024-02-22_16h32.54.400","experiment","2023.2.3","MacIntel",59.52380952,"5df9f1c15777b5752bf8b085","65d6198c9820d372ff6c9d7f","65d77726d27af10dc8ef6b00","",,,"space",12.2287,,"space",13.7255,,"space",10.8935,,"space",20.8067,,"space",25.3255,,723.0925,723.5947,"s",1.2589,,"space",0.6864,,1,"p_orange_gnome",1,5,"p_green_forest","p_blue_basket","p_pink_gnome",1,0,"p_yellow_forest","p_green_basket",5,0,0,1,"p_orange_gnome","p_green_forest","p_blue_basket",5,0,0,0,0,1,1,"",,,,,,,,,,,"","",,,,,"",,,"",,,,"",,,"","","",,,"","",,,,,"","","",,,,,,,,,"",,,"",,,"",,,"",,,,,,,"","",,,"",,,"",,,"",,,,,,,"",,,"","",,,,,,,,"",,,,,,,"",,,"","","",,,,,,,,"",,,,,"",,,,,"","","","",,,,,,"",,,,,"",,,,,"","",,,,,,"",,,,,,,
"","","",,"","","","","","","",,"","","","","","","",,"","","","","","","",,"","","","","",307361,1,"2024-02-22_16h32.54.400","experiment","2023.2.3","MacIntel",59.52380952,"5df9f1c15777b5752bf8b085","65d6198c9820d372ff6c9d7f","65d77726d27af10dc8ef6b00","",,,"",,,"",,,"",,,"",,,"",,,728.6373,729.1437,"k",0.6318,,"space",0.7507,,2,"p_blue_gnome",2,5,"p_green_forest","p_blue_basket","p_green_gnome",2,0,"p_yellow_forest","p_green_basket",0,0,0,1,"p_green_gnome","p_yellow_forest","p_green_basket",5,0,1,1,1,1,2,"",,,,,,,,,,,"","",,,,,"",,,"",,,,"",,,"","","",,,"","",,,,,"","","",,,,,,,,,"",,,"",,,"",,,"",,,,,,,"","",,,"",,,"",,,"",,,,,,,"",,,"","",,,,,,,,"",,,,,,,"",,,"","","",,,,,,,,"",,,,,"",,,,,"","","","",,,,,,"",,,,,"",,,,,"","",,,,,,"",,,,,,,
"","","",,"","","","","","","",,"","","","","","","",,"","","","","","","",,"","","","","",307361,1,"2024-02-22_16h32.54.400","experiment","2023.2.3","MacIntel",59.52380952,"5df9f1c15777b5752bf8b085","65d6198c9820d372ff6c9d7f","65d77726d27af10dc8ef6b00","",,,"",,,"",,,"",,,"",,,"",,,734.1698,734.6776,"k",0.3969,,"space",0.5482,,1,"p_orange_gnome",1,6,"p_green_forest","p_blue_basket","p_pink_gnome",1,1,"p_yellow_forest","p_green_basket",1,0,0,1,"p_pink_gnome","p_yellow_forest","p_green_basket",6,1,0,2,0,1,1,"",,,,,,,,,,,"","",,,,,"",,,"",,,,"",,,"","","",,,"","",,,,,"","","",,,,,,,,,"",,,"",,,"",,,"",,,,,,,"","",,,"",,,"",,,"",,,,,,,"",,,"","",,,,,,,,"",,,,,,,"",,,"","","",,,,,,,,"",,,,,"",,,,,"","","","",,,,,,"",,,,,"",,,,,"","",,,,,,"",,,,,,,
"","","",,"","","","","","","",,"","","","","","","",,"","","","","","","",,"","","","","",307361,1,"2024-02-22_16h32.54.400","experiment","2023.2.3","MacIntel",59.52380952,"5df9f1c15777b5752bf8b085","65d6198c9820d372ff6c9d7f","65d77726d27af10dc8ef6b00","",,,"",,,"",,,"",,,"",,,"",,,739.703,740.2108,"s",0.6804,,"space",0.8378,,2,"p_green_gnome",2,1,"p_yellow_forest","p_green_basket","p_blue_gnome",2,6,"p_green_forest","p_blue_basket",1,0,0,1,"p_green_gnome","p_yellow_forest","p_green_basket",7,1,1,3,1,1,2,"",,,,,,,,,,,"","",,,,,"",,,"",,,,"",,,"","","",,,"","",,,,,"","","",,,,,,,,,"",,,"",,,"",,,"",,,,,,,"","",,,"",,,"",,,"",,,,,,,"",,,"","",,,,,,,,"",,,,,,,"",,,"","","",,,,,,,,"",,,,,"",,,,,"","","","",,,,,,"",,,,,"",,,,,"","",,,,,,"",,,,,,,
"","","",,"","","","","","","",,"","","","","","","",,"","","","","","","",,"","","","","",307361,1,"2024-02-22_16h32.54.400","experiment","2023.2.3","MacIntel",59.52380952,"5df9f1c15777b5752bf8b085","65d6198c9820d372ff6c9d7f","65d77726d27af10dc8ef6b00","",,,"",,,"",,,"",,,"",,,"",,,745.2368,745.7432,"k",0.5481,,"space",0.667,,2,"p_blue_gnome",2,7,"p_green_forest","p_blue_basket","p_green_gnome",2,2,"p_yellow_forest","p_green_basket",2,0,0,1,"p_green_gnome","p_yellow_forest","p_green_basket",9,2,0,4,1,1,2,"",,,,,,,,,,,"","",,,,,"",,,"",,,,"",,,"","","",,,"","",,,,,"","","",,,,,,,,,"",,,"",,,"",,,"",,,,,,,"","",,,"",,,"",,,"",,,,,,,"",,,"","",,,,,,,,"",,,,,,,"",,,"","","",,,,,,,,"",,,,,"",,,,,"","","","",,,,,,"",,,,,"",,,,,"","",,,,,,"",,,,,,,
"","","",,"","","","","","","",,"","","","","","","",,"","","","","","","",,"","","","","",307361,1,"2024-02-22_16h32.54.400","experiment","2023.2.3","MacIntel",59.52380952,"5df9f1c15777b5752bf8b085","65d6198c9820d372ff6c9d7f","65d77726d27af10dc8ef6b00","",,,"",,,"",,,"",,,"",,,"",,,750.7697,751.2766,"s",0.6164,,"space",0.6366,,1,"p_orange_gnome",1,7,"p_green_forest","p_blue_basket","p_pink_gnome",1,2,"p_yellow_forest","p_green_basket",7,0,0,1,"p_orange_gnome","p_green_forest","p_blue_basket",16,2,1,5,0,1,1,"",,,,,,,,,,,"","",,,,,"",,,"",,,,"",,,"","","",,,"","",,,,,"","","",,,,,,,,,"",,,"",,,"",,,"",,,,,,,"","",,,"",,,"",,,"",,,,,,,"",,,"","",,,,,,,,"",,,,,,,"",,,"","","",,,,,,,,"",,,,,"",,,,,"","","","",,,,,,"",,,,,"",,,,,"","",,,,,,"",,,,,,,
"","","",,"","","","","","","",,"","","","","","","",,"","","","","","","",,"","","","","",307361,1,"2024-02-22_16h32.54.400","experiment","2023.2.3","MacIntel",59.52380952,"5df9f1c15777b5752bf8b085","65d6198c9820d372ff6c9d7f","65d77726d27af10dc8ef6b00","",,,"",,,"",,,"",,,"",,,"",,,756.3023,756.8096,"s",0.7765,,"space",0.7992,,2,"p_green_gnome",2,3,"p_yellow_forest","p_green_basket","p_blue_gnome",2,8,"p_green_forest","p_blue_basket",3,0,0,1,"p_green_gnome","p_yellow_forest","p_green_basket",19,3,0,6,1,1,2,"",,,,,,,,,,,"","",,,,,"",,,"",,,,"",,,"","","",,,"","",,,,,"","","",,,,,,,,,"",,,"",,,"",,,"",,,,,,,"","",,,"",,,"",,,"",,,,,,,"",,,"","",,,,,,,,"",,,,,,,"",,,"","","",,,,,,,,"",,,,,"",,,,,"","","","",,,,,,"",,,,,"",,,,,"","",,,,,,"",,,,,,,
"","","",,"","","","","","","",,"","","","","","","",,"","","","","","","",,"","","","","",307361,1,"2024-02-22_16h32.54.400","experiment","2023.2.3","MacIntel",59.52380952,"5df9f1c15777b5752bf8b085","65d6198c9820d372ff6c9d7f","65d77726d27af10dc8ef6b00","",,,"",,,"",,,"",,,"",,,"",,,761.8359,762.3428,"k",0.128,,"space",0.7995,,2,"p_blue_gnome",2,8,"p_green_forest","p_blue_basket","p_green_gnome",2,3,"p_yellow_forest","p_green_basket",3,0,0,1,"p_green_gnome","p_yellow_forest","p_green_basket",22,3,1,7,1,1,2,"",,,,,,,,,,,"","",,,,,"",,,"",,,,"",,,"","","",,,"","",,,,,"","","",,,,,,,,,"",,,"",,,"",,,"",,,,,,,"","",,,"",,,"",,,"",,,,,,,"",,,"","",,,,,,,,"",,,,,,,"",,,"","","",,,,,,,,"",,,,,"",,,,,"","","","",,,,,,"",,,,,"",,,,,"","",,,,,,"",,,,,,,
"","","",,"","","","","","","",,"","","","","","","",,"","","","","","","",,"","","","","",307361,1,"2024-02-22_16h32.54.400","experiment","2023.2.3","MacIntel",59.52380952,"5df9f1c15777b5752bf8b085","65d6198c9820d372ff6c9d7f","65d77726d27af10dc8ef6b00","",,,"",,,"",,,"",,,"",,,"",,,767.3685,767.8761,"s",0.4655,,"space",0.5172,,1,"p_pink_gnome",1,4,"p_yellow_forest","p_green_basket","p_orange_gnome",1,9,"p_green_forest","p_blue_basket",4,0,0,1,"p_pink_gnome","p_yellow_forest","p_green_basket",26,4,0,8,0,1,1,"",,,,,,,,,,,"","",,,,,"",,,"",,,,"",,,"","","",,,"","",,,,,"","","",,,,,,,,,"",,,"",,,"",,,"",,,,,,,"","",,,"",,,"",,,"",,,,,,,"",,,"","",,,,,,,,"",,,,,,,"",,,"","","",,,,,,,,"",,,,,"",,,,,"","","","",,,,,,"",,,,,"",,,,,"","",,,,,,"",,,,,,,
"","","",,"","","","","","","",,"","","","","","","",,"","","","","","","",,"","","","","",307361,1,"2024-02-22_16h32.54.400","experiment","2023.2.3","MacIntel",59.52380952,"5df9f1c15777b5752bf8b085","65d6198c9820d372ff6c9d7f","65d77726d27af10dc8ef6b00","",,,"",,,"",,,"",,,"",,,"",,,772.9007,773.4098,"k",0.3981,,"space",0.6019,,1,"p_orange_gnome",1,9,"p_green_forest","p_blue_basket","p_pink_gnome",1,4,"p_yellow_forest","p_green_basket",4,0,0,1,"p_pink_gnome","p_yellow_forest","p_green_basket",30,4,1,9,0,1,1,"",,,,,,,,,,,"","",,,,,"",,,"",,,,"",,,"","","",,,"","",,,,,"","","",,,,,,,,,"",,,"",,,"",,,"",,,,,,,"","",,,"",,,"",,,"",,,,,,,"",,,"","",,,,,,,,"",,,,,,,"",,,"","","",,,,,,,,"",,,,,"",,,,,"","","","",,,,,,"",,,,,"",,,,,"","",,,,,,"",,,,,,,
"","","",,"","","","","","","",,"","","","","","","",,"","","","","","","",,"","","","","",307361,1,"2024-02-22_16h32.54.400","experiment","2023.2.3","MacIntel",59.52380952,"5df9f1c15777b5752bf8b085","65d6198c9820d372ff6c9d7f","65d77726d27af10dc8ef6b00","",,,"",,,"",,,"",,,"",,,"",,,,,"",,,"",,,,"",,,"","","",,,"","",,,,,"","","",,,,,,,1,"space",32.4411,,810.8764,843.4815,0.652134022,-0.352871094,1,0,0,32.5908,"t_advice_finished_typing_rect","space",17.0704,,862.0594,862.0596,"s",0.697,,"space",0.4494,,1,"red_gnome",1,0,"dark_forest","red_basket","brown_gnomes",1,9,"bright_forest","yellow_basket",0,0,0,1,"red_gnome","dark_forest","red_basket",0,1,3,0,0,0,0,1,"",,,"",,,"",,,"",,,,,,,"","",,,"",,,"",,,"",,,,,,,"",,,"","",,,,,,,,"",,,,,,,"",,,"","","",,,,,,,,"",,,,,"",,,,,"","","","",,,,,,"",,,,,"",,,,,"","",,,,,,"",,,,,,,
"","","",,"","","","","","","",,"","","","","","","",,"","","","","","","",,"","","","","",307361,1,"2024-02-22_16h32.54.400","experiment","2023.2.3","MacIntel",59.52380952,"5df9f1c15777b5752bf8b085","65d6198c9820d372ff6c9d7f","65d77726d27af10dc8ef6b00","",,,"",,,"",,,"",,,"",,,"",,,,,"",,,"",,,,"",,,"","","",,,"","",,,,,"","","",,,,,,,2,"",,,,,,,,,,,"","",,,,,"k",0.5929,,"space",0.5043,,2,"purple_gnome",2,8,"bright_forest","yellow_basket","green_gnome",2,3,"dark_forest","red_basket",3,0,0,1,"green_gnome","dark_forest","red_basket",3,-2,-1,0,1,1,1,1,"",,,"",,,"",,,"",,,,,,,"","",,,"",,,"",,,"",,,,,,,"",,,"","",,,,,,,,"",,,,,,,"",,,"","","",,,,,,,,"",,,,,"",,,,,"","","","",,,,,,"",,,,,"",,,,,"","",,,,,,"",,,,,,,
"","","",,"","","","","","","",,"","","","","","","",,"","","","","","","",,"","","","","",307361,1,"2024-02-22_16h32.54.400","experiment","2023.2.3","MacIntel",59.52380952,"5df9f1c15777b5752bf8b085","65d6198c9820d372ff6c9d7f","65d77726d27af10dc8ef6b00","",,,"",,,"",,,"",,,"",,,"",,,,,"",,,"",,,,"",,,"","","",,,"","",,,,,"","","",,,,,,,1,"",,,,,,,,,,,"","",,,,,"s",0.545,,"space",0.6168,,1,"brown_gnomes",1,6,"bright_forest","yellow_basket","red_gnome",1,2,"dark_forest","red_basket",6,0,0,1,"brown_gnomes","bright_forest","yellow_basket",9,1,-1,1,0,2,0,1,"",,,"",,,"",,,"",,,,,,,"","",,,"",,,"",,,"",,,,,,,"",,,"","",,,,,,,,"",,,,,,,"",,,"","","",,,,,,,,"",,,,,"",,,,,"","","","",,,,,,"",,,,,"",,,,,"","",,,,,,"",,,,,,,
"","","",,"","","","","","","",,"","","","","","","",,"","","","","","","",,"","","","","",307361,1,"2024-02-22_16h32.54.400","experiment","2023.2.3","MacIntel",59.52380952,"5df9f1c15777b5752bf8b085","65d6198c9820d372ff6c9d7f","65d77726d27af10dc8ef6b00","",,,"",,,"",,,"",,,"",,,"",,,,,"",,,"",,,,"",,,"","","",,,"","",,,,,"","","",,,,,,,1,"",,,,,,,,,,,"","",,,,,"s",0.5094,,"space",1.3556,,1,"brown_gnomes",1,7,"bright_forest","yellow_basket","red_gnome",1,1,"dark_forest","red_basket",7,0,0,1,"brown_gnomes","bright_forest","yellow_basket",16,-1,2,1,1,3,0,1,"",,,"",,,"",,,"",,,,,,,"","",,,"",,,"",,,"",,,,,,,"",,,"","",,,,,,,,"",,,,,,,"",,,"","","",,,,,,,,"",,,,,"",,,,,"","","","",,,,,,"",,,,,"",,,,,"","",,,,,,"",,,,,,,
"","","",,"","","","","","","",,"","","","","","","",,"","","","","","","",,"","","","","",307361,1,"2024-02-22_16h32.54.400","experiment","2023.2.3","MacIntel",59.52380952,"5df9f1c15777b5752bf8b085","65d6198c9820d372ff6c9d7f","65d77726d27af10dc8ef6b00","",,,"",,,"",,,"",,,"",,,"",,,,,"",,,"",,,,"",,,"","","",,,"","",,,,,"","","",,,,,,,2,"",,,,,,,,,,,"","",,,,,"k",0.6936,,"space",0.7034,,2,"purple_gnome",2,6,"bright_forest","yellow_basket","green_gnome",2,3,"dark_forest","red_basket",3,0,0,1,"green_gnome","dark_forest","red_basket",19,0,5,2,0,4,1,1,"",,,"",,,"",,,"",,,,,,,"","",,,"",,,"",,,"",,,,,,,"",,,"","",,,,,,,,"",,,,,,,"",,,"","","",,,,,,,,"",,,,,"",,,,,"","","","",,,,,,"",,,,,"",,,,,"","",,,,,,"",,,,,,,
"","","",,"","","","","","","",,"","","","","","","",,"","","","","","","",,"","","","","",307361,1,"2024-02-22_16h32.54.400","experiment","2023.2.3","MacIntel",59.52380952,"5df9f1c15777b5752bf8b085","65d6198c9820d372ff6c9d7f","65d77726d27af10dc8ef6b00","",,,"",,,"",,,"",,,"",,,"",,,,,"",,,"",,,,"",,,"","","",,,"","",,,,,"","","",,,,,,,2,"",,,,,,,,,,,"","",,,,,"s",0.7971,,"space",1.3014,,2,"purple_gnome",2,6,"bright_forest","yellow_basket","green_gnome",2,8,"dark_forest","red_basket",6,0,0,1,"purple_gnome","bright_forest","yellow_basket",25,1,1,2,1,5,1,1,"",,,"",,,"",,,"",,,,,,,"","",,,"",,,"",,,"",,,,,,,"",,,"","",,,,,,,,"",,,,,,,"",,,"","","",,,,,,,,"",,,,,"",,,,,"","","","",,,,,,"",,,,,"",,,,,"","",,,,,,"",,,,,,,
"","","",,"","","","","","","",,"","","","","","","",,"","","","","","","",,"","","","","",307361,1,"2024-02-22_16h32.54.400","experiment","2023.2.3","MacIntel",59.52380952,"5df9f1c15777b5752bf8b085","65d6198c9820d372ff6c9d7f","65d77726d27af10dc8ef6b00","",,,"",,,"",,,"",,,"",,,"",,,,,"",,,"",,,,"",,,"","","",,,"","",,,,,"","","",,,,,,,1,"",,,,,,,,,,,"","",,,,,"k",0.6649,,"space",0.7018,,1,"brown_gnomes",1,7,"bright_forest","yellow_basket","red_gnome",1,9,"dark_forest","red_basket",9,0,0,1,"red_gnome","dark_forest","red_basket",34,0,1,3,0,6,0,1,"",,,"",,,"",,,"",,,,,,,"","",,,"",,,"",,,"",,,,,,,"",,,"","",,,,,,,,"",,,,,,,"",,,"","","",,,,,,,,"",,,,,"",,,,,"","","","",,,,,,"",,,,,"",,,,,"","",,,,,,"",,,,,,,
"","","",,"","","","","","","",,"","","","","","","",,"","","","","","","",,"","","","","",307361,1,"2024-02-22_16h32.54.400","experiment","2023.2.3","MacIntel",59.52380952,"5df9f1c15777b5752bf8b085","65d6198c9820d372ff6c9d7f","65d77726d27af10dc8ef6b00","",,,"",,,"",,,"",,,"",,,"",,,,,"",,,"",,,,"",,,"","","",,,"","",,,,,"","","",,,,,,,2,"",,,,,,,,,,,"","",,,,,"s",0.5822,,"space",1.3389,,2,"green_gnome",2,8,"dark_forest","red_basket","purple_gnome",2,7,"bright_forest","yellow_basket",8,0,0,1,"green_gnome","dark_forest","red_basket",42,-1,1,3,1,7,1,1,"",,,"",,,"",,,"",,,,,,,"","",,,"",,,"",,,"",,,,,,,"",,,"","",,,,,,,,"",,,,,,,"",,,"","","",,,,,,,,"",,,,,"",,,,,"","","","",,,,,,"",,,,,"",,,,,"","",,,,,,"",,,,,,,
"","","",,"","","","","","","",,"","","","","","","",,"","","","","","","",,"","","","","",307361,1,"2024-02-22_16h32.54.400","experiment","2023.2.3","MacIntel",59.52380952,"5df9f1c15777b5752bf8b085","65d6198c9820d372ff6c9d7f","65d77726d27af10dc8ef6b00","",,,"",,,"",,,"",,,"",,,"",,,,,"",,,"",,,,"",,,"","","",,,"","",,,,,"","","",,,,,,,2,"",,,,,,,,,,,"","",,,,,"k",0.495,,"space",0.9353,,2,"purple_gnome",2,6,"bright_forest","yellow_basket","green_gnome",2,9,"dark_forest","red_basket",9,0,0,1,"green_gnome","dark_forest","red_basket",51,1,-2,4,0,8,1,1,"",,,"",,,"",,,"",,,,,,,"","",,,"",,,"",,,"",,,,,,,"",,,"","",,,,,,,,"",,,,,,,"",,,"","","",,,,,,,,"",,,,,"",,,,,"","","","",,,,,,"",,,,,"",,,,,"","",,,,,,"",,,,,,,
"","","",,"","","","","","","",,"","","","","","","",,"","","","","","","",,"","","","","",307361,1,"2024-02-22_16h32.54.400","experiment","2023.2.3","MacIntel",59.52380952,"5df9f1c15777b5752bf8b085","65d6198c9820d372ff6c9d7f","65d77726d27af10dc8ef6b00","",,,"",,,"",,,"",,,"",,,"",,,,,"",,,"",,,,"",,,"","","",,,"","",,,,,"","","",,,,,,,1,"",,,,,,,,,,,"","",,,,,"s",0.5629,,"space",0.6396,,1,"red_gnome",1,7,"dark_forest","red_basket","brown_gnomes",1,7,"bright_forest","yellow_basket",7,0,0,1,"red_gnome","dark_forest","red_basket",58,-1,-1,4,1,9,0,1,"",,,"",,,"",,,"",,,,,,,"","",,,"",,,"",,,"",,,,,,,"",,,"","",,,,,,,,"",,,,,,,"",,,"","","",,,,,,,,"",,,,,"",,,,,"","","","",,,,,,"",,,,,"",,,,,"","",,,,,,"",,,,,,,
"","","",,"","","","","","","",,"","","","","","","",,"","","","","","","",,"","","","","",307361,1,"2024-02-22_16h32.54.400","experiment","2023.2.3","MacIntel",59.52380952,"5df9f1c15777b5752bf8b085","65d6198c9820d372ff6c9d7f","65d77726d27af10dc8ef6b00","",,,"",,,"",,,"",,,"",,,"",,,,,"",,,"",,,,"",,,"","","",,,"","",,,,,"","","",,,,,,,1,"",,,,,,,,,,,"","",,,,,"k",0.6098,,"space",0.685,,1,"brown_gnomes",1,6,"bright_forest","yellow_basket","red_gnome",1,6,"dark_forest","red_basket",6,0,0,1,"red_gnome","dark_forest","red_basket",64,1,1,5,0,10,0,1,"",,,"",,,"",,,"",,,,,,,"","",,,"",,,"",,,"",,,,,,,"",,,"","",,,,,,,,"",,,,,,,"",,,"","","",,,,,,,,"",,,,,"",,,,,"","","","",,,,,,"",,,,,"",,,,,"","",,,,,,"",,,,,,,
"","","",,"","","","","","","",,"","","","","","","",,"","","","","","","",,"","","","","",307361,1,"2024-02-22_16h32.54.400","experiment","2023.2.3","MacIntel",59.52380952,"5df9f1c15777b5752bf8b085","65d6198c9820d372ff6c9d7f","65d77726d27af10dc8ef6b00","",,,"",,,"",,,"",,,"",,,"",,,,,"",,,"",,,,"",,,"","","",,,"","",,,,,"","","",,,,,,,1,"",,,,,,,,,,,"","",,,,,"s",0.5113,,"space",0.6382,,1,"red_gnome",1,7,"dark_forest","red_basket","brown_gnomes",1,7,"bright_forest","yellow_basket",7,0,0,1,"red_gnome","dark_forest","red_basket",71,1,-1,5,1,11,0,1,"",,,"",,,"",,,"",,,,,,,"","",,,"",,,"",,,"",,,,,,,"",,,"","",,,,,,,,"",,,,,,,"",,,"","","",,,,,,,,"",,,,,"",,,,,"","","","",,,,,,"",,,,,"",,,,,"","",,,,,,"",,,,,,,
"","","",,"","","","","","","",,"","","","","","","",,"","","","","","","",,"","","","","",307361,1,"2024-02-22_16h32.54.400","experiment","2023.2.3","MacIntel",59.52380952,"5df9f1c15777b5752bf8b085","65d6198c9820d372ff6c9d7f","65d77726d27af10dc8ef6b00","",,,"",,,"",,,"",,,"",,,"",,,,,"",,,"",,,,"",,,"","","",,,"","",,,,,"","","",,,,,,,2,"",,,,,,,,,,,"","",,,,,"s",0.6299,,"space",0.7068,,2,"green_gnome",2,6,"dark_forest","red_basket","purple_gnome",2,8,"bright_forest","yellow_basket",6,0,0,1,"green_gnome","dark_forest","red_basket",77,0,0,6,0,12,1,1,"",,,"",,,"",,,"",,,,,,,"","",,,"",,,"",,,"",,,,,,,"",,,"","",,,,,,,,"",,,,,,,"",,,"","","",,,,,,,,"",,,,,"",,,,,"","","","",,,,,,"",,,,,"",,,,,"","",,,,,,"",,,,,,,
"","","",,"","","","","","","",,"","","","","","","",,"","","","","","","",,"","","","","",307361,1,"2024-02-22_16h32.54.400","experiment","2023.2.3","MacIntel",59.52380952,"5df9f1c15777b5752bf8b085","65d6198c9820d372ff6c9d7f","65d77726d27af10dc8ef6b00","",,,"",,,"",,,"",,,"",,,"",,,,,"",,,"",,,,"",,,"","","",,,"","",,,,,"","","",,,,,,,1,"",,,,,,,,,,,"","",,,,,"k",0.444,,"space",0.5074,,1,"brown_gnomes",1,8,"bright_forest","yellow_basket","red_gnome",1,6,"dark_forest","red_basket",6,0,0,1,"red_gnome","dark_forest","red_basket",83,2,-2,6,1,13,0,1,"",,,"",,,"",,,"",,,,,,,"","",,,"",,,"",,,"",,,,,,,"",,,"","",,,,,,,,"",,,,,,,"",,,"","","",,,,,,,,"",,,,,"",,,,,"","","","",,,,,,"",,,,,"",,,,,"","",,,,,,"",,,,,,,
"","","",,"","","","","","","",,"","","","","","","",,"","","","","","","",,"","","","","",307361,1,"2024-02-22_16h32.54.400","experiment","2023.2.3","MacIntel",59.52380952,"5df9f1c15777b5752bf8b085","65d6198c9820d372ff6c9d7f","65d77726d27af10dc8ef6b00","",,,"",,,"",,,"",,,"",,,"",,,,,"",,,"",,,,"",,,"","","",,,"","",,,,,"","","",,,,,,,1,"",,,,,,,,,,,"","",,,,,"k",0.7142,,"space",0.6201,,1,"brown_gnomes",1,8,"bright_forest","yellow_basket","red_gnome",1,4,"dark_forest","red_basket",4,0,0,1,"red_gnome","dark_forest","red_basket",87,2,-4,7,0,14,0,1,"",,,"",,,"",,,"",,,,,,,"","",,,"",,,"",,,"",,,,,,,"",,,"","",,,,,,,,"",,,,,,,"",,,"","","",,,,,,,,"",,,,,"",,,,,"","","","",,,,,,"",,,,,"",,,,,"","",,,,,,"",,,,,,,
"","","",,"","","","","","","",,"","","","","","","",,"","","","","","","",,"","","","","",307361,1,"2024-02-22_16h32.54.400","experiment","2023.2.3","MacIntel",59.52380952,"5df9f1c15777b5752bf8b085","65d6198c9820d372ff6c9d7f","65d77726d27af10dc8ef6b00","",,,"",,,"",,,"",,,"",,,"",,,,,"",,,"",,,,"",,,"","","",,,"","",,,,,"","","",,,,,,,2,"",,,,,,,,,,,"","",,,,,"k",0.514,,"space",0.8059,,2,"green_gnome",2,0,"dark_forest","red_basket","purple_gnome",2,8,"bright_forest","yellow_basket",8,0,0,1,"purple_gnome","bright_forest","yellow_basket",95,2,1,7,1,15,1,1,"",,,"",,,"",,,"",,,,,,,"","",,,"",,,"",,,"",,,,,,,"",,,"","",,,,,,,,"",,,,,,,"",,,"","","",,,,,,,,"",,,,,"",,,,,"","","","",,,,,,"",,,,,"",,,,,"","",,,,,,"",,,,,,,
"","","",,"","","","","","","",,"","","","","","","",,"","","","","","","",,"","","","","",307361,1,"2024-02-22_16h32.54.400","experiment","2023.2.3","MacIntel",59.52380952,"5df9f1c15777b5752bf8b085","65d6198c9820d372ff6c9d7f","65d77726d27af10dc8ef6b00","",,,"",,,"",,,"",,,"",,,"",,,,,"",,,"",,,,"",,,"","","",,,"","",,,,,"","","",,,,,,,2,"",,,,,,,,,,,"","",,,,,"s",0.4804,,"space",0.8218,,2,"purple_gnome",2,8,"bright_forest","yellow_basket","green_gnome",2,1,"dark_forest","red_basket",8,0,0,1,"purple_gnome","bright_forest","yellow_basket",103,0,0,8,0,16,1,1,"",,,"",,,"",,,"",,,,,,,"","",,,"",,,"",,,"",,,,,,,"",,,"","",,,,,,,,"",,,,,,,"",,,"","","",,,,,,,,"",,,,,"",,,,,"","","","",,,,,,"",,,,,"",,,,,"","",,,,,,"",,,,,,,
"","","",,"","","","","","","",,"","","","","","","",,"","","","","","","",,"","","","","",307361,1,"2024-02-22_16h32.54.400","experiment","2023.2.3","MacIntel",59.52380952,"5df9f1c15777b5752bf8b085","65d6198c9820d372ff6c9d7f","65d77726d27af10dc8ef6b00","",,,"",,,"",,,"",,,"",,,"",,,,,"",,,"",,,,"",,,"","","",,,"","",,,,,"","","",,,,,,,1,"",,,,,,,,,,,"","",,,,,"k",0.7469,,"space",0.7553,,1,"brown_gnomes",1,8,"bright_forest","yellow_basket","red_gnome",1,1,"dark_forest","red_basket",1,0,0,1,"red_gnome","dark_forest","red_basket",104,2,-2,8,1,17,0,1,"",,,"",,,"",,,"",,,,,,,"","",,,"",,,"",,,"",,,,,,,"",,,"","",,,,,,,,"",,,,,,,"",,,"","","",,,,,,,,"",,,,,"",,,,,"","","","",,,,,,"",,,,,"",,,,,"","",,,,,,"",,,,,,,
"","","",,"","","","","","","",,"","","","","","","",,"","","","","","","",,"","","","","",307361,1,"2024-02-22_16h32.54.400","experiment","2023.2.3","MacIntel",59.52380952,"5df9f1c15777b5752bf8b085","65d6198c9820d372ff6c9d7f","65d77726d27af10dc8ef6b00","",,,"",,,"",,,"",,,"",,,"",,,,,"",,,"",,,,"",,,"","","",,,"","",,,,,"","","",,,,,,,1,"",,,,,,,,,,,"","",,,,,"s",0.6966,,"space",0.8406,,1,"brown_gnomes",1,8,"bright_forest","yellow_basket","red_gnome",1,1,"dark_forest","red_basket",8,0,0,1,"brown_gnomes","bright_forest","yellow_basket",112,-1,2,9,0,18,0,1,"",,,"",,,"",,,"",,,,,,,"","",,,"",,,"",,,"",,,,,,,"",,,"","",,,,,,,,"",,,,,,,"",,,"","","",,,,,,,,"",,,,,"",,,,,"","","","",,,,,,"",,,,,"",,,,,"","",,,,,,"",,,,,,,
"","","",,"","","","","","","",,"","","","","","","",,"","","","","","","",,"","","","","",307361,1,"2024-02-22_16h32.54.400","experiment","2023.2.3","MacIntel",59.52380952,"5df9f1c15777b5752bf8b085","65d6198c9820d372ff6c9d7f","65d77726d27af10dc8ef6b00","",,,"",,,"",,,"",,,"",,,"",,,,,"",,,"",,,,"",,,"","","",,,"","",,,,,"","","",,,,,,,1,"",,,,,,,,,,,"","",,,,,"k",0.4596,,"space",0.5881,,1,"red_gnome",1,3,"dark_forest","red_basket","brown_gnomes",1,7,"bright_forest","yellow_basket",7,0,0,1,"brown_gnomes","bright_forest","yellow_basket",119,1,1,9,1,19,0,1,"",,,"",,,"",,,"",,,,,,,"","",,,"",,,"",,,"",,,,,,,"",,,"","",,,,,,,,"",,,,,,,"",,,"","","",,,,,,,,"",,,,,"",,,,,"","","","",,,,,,"",,,,,"",,,,,"","",,,,,,"",,,,,,,
"","","",,"","","","","","","",,"","","","","","","",,"","","","","","","",,"","","","","",307361,1,"2024-02-22_16h32.54.400","experiment","2023.2.3","MacIntel",59.52380952,"5df9f1c15777b5752bf8b085","65d6198c9820d372ff6c9d7f","65d77726d27af10dc8ef6b00","",,,"",,,"",,,"",,,"",,,"",,,,,"",,,"",,,,"",,,"","","",,,"","",,,,,"","","",,,,,,,1,"",,,,,,,,,,,"","",,,,,"s",0.4639,,"space",0.4063,,1,"red_gnome",1,4,"dark_forest","red_basket","brown_gnomes",1,8,"bright_forest","yellow_basket",4,0,0,1,"red_gnome","dark_forest","red_basket",123,2,1,10,0,20,0,1,"",,,"",,,"",,,"",,,,,,,"","",,,"",,,"",,,"",,,,,,,"",,,"","",,,,,,,,"",,,,,,,"",,,"","","",,,,,,,,"",,,,,"",,,,,"","","","",,,,,,"",,,,,"",,,,,"","",,,,,,"",,,,,,,
"","","",,"","","","","","","",,"","","","","","","",,"","","","","","","",,"","","","","",307361,1,"2024-02-22_16h32.54.400","experiment","2023.2.3","MacIntel",59.52380952,"5df9f1c15777b5752bf8b085","65d6198c9820d372ff6c9d7f","65d77726d27af10dc8ef6b00","",,,"",,,"",,,"",,,"",,,"",,,,,"",,,"",,,,"",,,"","","",,,"","",,,,,"","","",,,,,,,1,"",,,,,,,,,,,"","",,,,,"k",0.5975,,"space",1.0211,,1,"brown_gnomes",1,8,"bright_forest","yellow_basket","red_gnome",1,5,"dark_forest","red_basket",5,0,0,1,"red_gnome","dark_forest","red_basket",128,-1,-2,10,1,21,0,1,"",,,"",,,"",,,"",,,,,,,"","",,,"",,,"",,,"",,,,,,,"",,,"","",,,,,,,,"",,,,,,,"",,,"","","",,,,,,,,"",,,,,"",,,,,"","","","",,,,,,"",,,,,"",,,,,"","",,,,,,"",,,,,,,
"","","",,"","","","","","","",,"","","","","","","",,"","","","","","","",,"","","","","",307361,1,"2024-02-22_16h32.54.400","experiment","2023.2.3","MacIntel",59.52380952,"5df9f1c15777b5752bf8b085","65d6198c9820d372ff6c9d7f","65d77726d27af10dc8ef6b00","",,,"",,,"",,,"",,,"",,,"",,,,,"",,,"",,,,"",,,"","","",,,"","",,,,,"","","",,,,,,,2,"",,,,,,,,,,,"","",,,,,"s",0.4638,,"space",0.9545,,2,"green_gnome",2,3,"dark_forest","red_basket","purple_gnome",2,7,"bright_forest","yellow_basket",3,0,0,1,"green_gnome","dark_forest","red_basket",131,0,0,11,0,22,1,1,"",,,"",,,"",,,"",,,,,,,"","",,,"",,,"",,,"",,,,,,,"",,,"","",,,,,,,,"",,,,,,,"",,,"","","",,,,,,,,"",,,,,"",,,,,"","","","",,,,,,"",,,,,"",,,,,"","",,,,,,"",,,,,,,
"","","",,"","","","","","","",,"","","","","","","",,"","","","","","","",,"","","","","",307361,1,"2024-02-22_16h32.54.400","experiment","2023.2.3","MacIntel",59.52380952,"5df9f1c15777b5752bf8b085","65d6198c9820d372ff6c9d7f","65d77726d27af10dc8ef6b00","",,,"",,,"",,,"",,,"",,,"",,,,,"",,,"",,,,"",,,"","","",,,"","",,,,,"","","",,,,,,,1,"",,,,,,,,,,,"","",,,,,"k",0.6156,,"space",0.4202,,1,"brown_gnomes",1,7,"bright_forest","yellow_basket","red_gnome",1,3,"dark_forest","red_basket",3,0,0,1,"red_gnome","dark_forest","red_basket",134,1,4,11,1,23,0,1,"",,,"",,,"",,,"",,,,,,,"","",,,"",,,"",,,"",,,,,,,"",,,"","",,,,,,,,"",,,,,,,"",,,"","","",,,,,,,,"",,,,,"",,,,,"","","","",,,,,,"",,,,,"",,,,,"","",,,,,,"",,,,,,,
"","","",,"","","","","","","",,"","","","","","","",,"","","","","","","",,"","","","","",307361,1,"2024-02-22_16h32.54.400","experiment","2023.2.3","MacIntel",59.52380952,"5df9f1c15777b5752bf8b085","65d6198c9820d372ff6c9d7f","65d77726d27af10dc8ef6b00","",,,"",,,"",,,"",,,"",,,"",,,,,"",,,"",,,,"",,,"","","",,,"","",,,,,"","","",,,,,,,1,"",,,,,,,,,,,"","",,,,,"s",0.5132,,"space",0.5383,,1,"red_gnome",1,7,"dark_forest","red_basket","brown_gnomes",1,8,"bright_forest","yellow_basket",7,0,0,1,"red_gnome","dark_forest","red_basket",141,-1,-1,12,0,24,0,1,"",,,"",,,"",,,"",,,,,,,"","",,,"",,,"",,,"",,,,,,,"",,,"","",,,,,,,,"",,,,,,,"",,,"","","",,,,,,,,"",,,,,"",,,,,"","","","",,,,,,"",,,,,"",,,,,"","",,,,,,"",,,,,,,
"","","",,"","","","","","","",,"","","","","","","",,"","","","","","","",,"","","","","",307361,1,"2024-02-22_16h32.54.400","experiment","2023.2.3","MacIntel",59.52380952,"5df9f1c15777b5752bf8b085","65d6198c9820d372ff6c9d7f","65d77726d27af10dc8ef6b00","",,,"",,,"",,,"",,,"",,,"",,,,,"",,,"",,,,"",,,"","","",,,"","",,,,,"","","",,,,,,,1,"",,,,,,,,,,,"","",,,,,"k",0.4476,,"space",0.6717,,1,"red_gnome",1,6,"dark_forest","red_basket","brown_gnomes",1,7,"bright_forest","yellow_basket",7,0,0,1,"brown_gnomes","bright_forest","yellow_basket",148,2,2,12,1,25,0,1,"",,,"",,,"",,,"",,,,,,,"","",,,"",,,"",,,"",,,,,,,"",,,"","",,,,,,,,"",,,,,,,"",,,"","","",,,,,,,,"",,,,,"",,,,,"","","","",,,,,,"",,,,,"",,,,,"","",,,,,,"",,,,,,,
"","","",,"","","","","","","",,"","","","","","","",,"","","","","","","",,"","","","","",307361,1,"2024-02-22_16h32.54.400","experiment","2023.2.3","MacIntel",59.52380952,"5df9f1c15777b5752bf8b085","65d6198c9820d372ff6c9d7f","65d77726d27af10dc8ef6b00","",,,"",,,"",,,"",,,"",,,"",,,,,"",,,"",,,,"",,,"","","",,,"","",,,,,"","","",,,,,,,1,"",,,,,,,,,,,"","",,,,,"s",0.6291,,"space",0.5699,,1,"red_gnome",1,8,"dark_forest","red_basket","brown_gnomes",1,9,"bright_forest","yellow_basket",8,0,0,1,"red_gnome","dark_forest","red_basket",156,2,-4,13,0,26,0,1,"",,,"",,,"",,,"",,,,,,,"","",,,"",,,"",,,"",,,,,,,"",,,"","",,,,,,,,"",,,,,,,"",,,"","","",,,,,,,,"",,,,,"",,,,,"","","","",,,,,,"",,,,,"",,,,,"","",,,,,,"",,,,,,,
"","","",,"","","","","","","",,"","","","","","","",,"","","","","","","",,"","","","","",307361,1,"2024-02-22_16h32.54.400","experiment","2023.2.3","MacIntel",59.52380952,"5df9f1c15777b5752bf8b085","65d6198c9820d372ff6c9d7f","65d77726d27af10dc8ef6b00","",,,"",,,"",,,"",,,"",,,"",,,,,"",,,"",,,,"",,,"","","",,,"","",,,,,"","","",,,,,,,2,"",,,,,,,,,,,"","",,,,,"k",0.6957,,"space",1.1378,,2,"purple_gnome",2,7,"bright_forest","yellow_basket","green_gnome",2,4,"dark_forest","red_basket",4,0,0,1,"green_gnome","dark_forest","red_basket",160,-5,-1,13,1,27,1,1,"",,,"",,,"",,,"",,,,,,,"","",,,"",,,"",,,"",,,,,,,"",,,"","",,,,,,,,"",,,,,,,"",,,"","","",,,,,,,,"",,,,,"",,,,,"","","","",,,,,,"",,,,,"",,,,,"","",,,,,,"",,,,,,,
"","","",,"","","","","","","",,"","","","","","","",,"","","","","","","",,"","","","","",307361,1,"2024-02-22_16h32.54.400","experiment","2023.2.3","MacIntel",59.52380952,"5df9f1c15777b5752bf8b085","65d6198c9820d372ff6c9d7f","65d77726d27af10dc8ef6b00","",,,"",,,"",,,"",,,"",,,"",,,,,"",,,"",,,,"",,,"","","",,,"","",,,,,"","","",,,,,,,2,"",,,,,,,,,,,"","",,,,,"s",0.4123,,"space",0.7705,,2,"purple_gnome",2,2,"bright_forest","yellow_basket","green_gnome",2,3,"dark_forest","red_basket",2,0,0,1,"purple_gnome","bright_forest","yellow_basket",162,-6,-2,14,0,28,1,1,"",,,"",,,"",,,"",,,,,,,"","",,,"",,,"",,,"",,,,,,,"",,,"","",,,,,,,,"",,,,,,,"",,,"","","",,,,,,,,"",,,,,"",,,,,"","","","",,,,,,"",,,,,"",,,,,"","",,,,,,"",,,,,,,
"","","",,"","","","","","","",,"","","","","","","",,"","","","","","","",,"","","","","",307361,1,"2024-02-22_16h32.54.400","experiment","2023.2.3","MacIntel",59.52380952,"5df9f1c15777b5752bf8b085","65d6198c9820d372ff6c9d7f","65d77726d27af10dc8ef6b00","",,,"",,,"",,,"",,,"",,,"",,,,,"",,,"",,,,"",,,"","","",,,"","",,,,,"","","",,,,,,,2,"",,,,,,,,,,,"","",,,,,"k",0.6146,,"space",0.7576,,2,"green_gnome",2,1,"dark_forest","red_basket","purple_gnome",2,4,"bright_forest","yellow_basket",4,0,0,1,"purple_gnome","bright_forest","yellow_basket",166,0,2,14,1,29,1,1,"",,,"",,,"",,,"",,,,,,,"","",,,"",,,"",,,"",,,,,,,"",,,"","",,,,,,,,"",,,,,,,"",,,"","","",,,,,,,,"",,,,,"",,,,,"","","","",,,,,,"",,,,,"",,,,,"","",,,,,,"",,,,,,,
"","","",,"","","","","","","",,"","","","","","","",,"","","","","","","",,"","","","","",307361,1,"2024-02-22_16h32.54.400","experiment","2023.2.3","MacIntel",59.52380952,"5df9f1c15777b5752bf8b085","65d6198c9820d372ff6c9d7f","65d77726d27af10dc8ef6b00","",,,"",,,"",,,"",,,"",,,"",,,,,"",,,"",,,,"",,,"","","",,,"","",,,,,"","","",,,,,,,1,"",,,,,,,,,,,"","",,,,,"s",0.5793,,"space",0.5881,,1,"red_gnome",1,3,"dark_forest","red_basket","brown_gnomes",1,4,"bright_forest","yellow_basket",3,0,0,1,"red_gnome","dark_forest","red_basket",169,-5,3,15,0,30,0,1,"",,,"",,,"",,,"",,,,,,,"","",,,"",,,"",,,"",,,,,,,"",,,"","",,,,,,,,"",,,,,,,"",,,"","","",,,,,,,,"",,,,,"",,,,,"","","","",,,,,,"",,,,,"",,,,,"","",,,,,,"",,,,,,,
"","","",,"","","","","","","",,"","","","","","","",,"","","","","","","",,"","","","","",307361,1,"2024-02-22_16h32.54.400","experiment","2023.2.3","MacIntel",59.52380952,"5df9f1c15777b5752bf8b085","65d6198c9820d372ff6c9d7f","65d77726d27af10dc8ef6b00","",,,"",,,"",,,"",,,"",,,"",,,,,"",,,"",,,,"",,,"","","",,,"","",,,,,"","","",,,,,,,1,"",,,,,,,,,,,"","",,,,,"s",0.647,,"space",0.7706,,1,"red_gnome",1,6,"dark_forest","red_basket","brown_gnomes",1,1,"bright_forest","yellow_basket",6,0,0,1,"red_gnome","dark_forest","red_basket",175,0,2,15,1,31,0,1,"",,,"",,,"",,,"",,,,,,,"","",,,"",,,"",,,"",,,,,,,"",,,"","",,,,,,,,"",,,,,,,"",,,"","","",,,,,,,,"",,,,,"",,,,,"","","","",,,,,,"",,,,,"",,,,,"","",,,,,,"",,,,,,,
"","","",,"","","","","","","",,"","","","","","","",,"","","","","","","",,"","","","","",307361,1,"2024-02-22_16h32.54.400","experiment","2023.2.3","MacIntel",59.52380952,"5df9f1c15777b5752bf8b085","65d6198c9820d372ff6c9d7f","65d77726d27af10dc8ef6b00","",,,"",,,"",,,"",,,"",,,"",,,,,"",,,"",,,,"",,,"","","",,,"","",,,,,"","","",,,,,,,1,"",,,,,,,,,,,"","",,,,,"s",0.6131,,"space",1.1213,,1,"brown_gnomes",1,1,"bright_forest","yellow_basket","red_gnome",1,8,"dark_forest","red_basket",1,0,0,1,"brown_gnomes","bright_forest","yellow_basket",176,-2,-2,16,0,32,0,1,"",,,"",,,"",,,"",,,,,,,"","",,,"",,,"",,,"",,,,,,,"",,,"","",,,,,,,,"",,,,,,,"",,,"","","",,,,,,,,"",,,,,"",,,,,"","","","",,,,,,"",,,,,"",,,,,"","",,,,,,"",,,,,,,
"","","",,"","","","","","","",,"","","","","","","",,"","","","","","","",,"","","","","",307361,1,"2024-02-22_16h32.54.400","experiment","2023.2.3","MacIntel",59.52380952,"5df9f1c15777b5752bf8b085","65d6198c9820d372ff6c9d7f","65d77726d27af10dc8ef6b00","",,,"",,,"",,,"",,,"",,,"",,,,,"",,,"",,,,"",,,"","","",,,"","",,,,,"","","",,,,,,,1,"",,,,,,,,,,,"","",,,,,"k",0.4293,,"space",0.5878,,1,"red_gnome",1,6,"dark_forest","red_basket","brown_gnomes",1,1,"bright_forest","yellow_basket",1,0,0,1,"brown_gnomes","bright_forest","yellow_basket",177,-2,-1,16,1,33,0,1,"",,,"",,,"",,,"",,,,,,,"","",,,"",,,"",,,"",,,,,,,"",,,"","",,,,,,,,"",,,,,,,"",,,"","","",,,,,,,,"",,,,,"",,,,,"","","","",,,,,,"",,,,,"",,,,,"","",,,,,,"",,,,,,,
"","","",,"","","","","","","",,"","","","","","","",,"","","","","","","",,"","","","","",307361,1,"2024-02-22_16h32.54.400","experiment","2023.2.3","MacIntel",59.52380952,"5df9f1c15777b5752bf8b085","65d6198c9820d372ff6c9d7f","65d77726d27af10dc8ef6b00","",,,"",,,"",,,"",,,"",,,"",,,,,"",,,"",,,,"",,,"","","",,,"","",,,,,"","","",,,,,,,1,"",,,,,,,,,,,"","",,,,,"s",0.3961,,"space",0.5052,,1,"brown_gnomes",1,1,"bright_forest","yellow_basket","red_gnome",1,5,"dark_forest","red_basket",1,0,0,1,"brown_gnomes","bright_forest","yellow_basket",178,0,1,17,0,34,0,1,"",,,"",,,"",,,"",,,,,,,"","",,,"",,,"",,,"",,,,,,,"",,,"","",,,,,,,,"",,,,,,,"",,,"","","",,,,,,,,"",,,,,"",,,,,"","","","",,,,,,"",,,,,"",,,,,"","",,,,,,"",,,,,,,
"","","",,"","","","","","","",,"","","","","","","",,"","","","","","","",,"","","","","",307361,1,"2024-02-22_16h32.54.400","experiment","2023.2.3","MacIntel",59.52380952,"5df9f1c15777b5752bf8b085","65d6198c9820d372ff6c9d7f","65d77726d27af10dc8ef6b00","",,,"",,,"",,,"",,,"",,,"",,,,,"",,,"",,,,"",,,"","","",,,"","",,,,,"","","",,,,,,,1,"",,,,,,,,,,,"","",,,,,"k",0.4965,,"space",0.521,,1,"brown_gnomes",1,1,"bright_forest","yellow_basket","red_gnome",1,6,"dark_forest","red_basket",6,0,0,1,"red_gnome","dark_forest","red_basket",184,0,1,17,1,35,0,1,"",,,"",,,"",,,"",,,,,,,"","",,,"",,,"",,,"",,,,,,,"",,,"","",,,,,,,,"",,,,,,,"",,,"","","",,,,,,,,"",,,,,"",,,,,"","","","",,,,,,"",,,,,"",,,,,"","",,,,,,"",,,,,,,
"","","",,"","","","","","","",,"","","","","","","",,"","","","","","","",,"","","","","",307361,1,"2024-02-22_16h32.54.400","experiment","2023.2.3","MacIntel",59.52380952,"5df9f1c15777b5752bf8b085","65d6198c9820d372ff6c9d7f","65d77726d27af10dc8ef6b00","",,,"",,,"",,,"",,,"",,,"",,,,,"",,,"",,,,"",,,"","","",,,"","",,,,,"","","",,,,,,,2,"",,,,,,,,,,,"","",,,,,"s",0.5279,,"space",0.6378,,2,"green_gnome",2,7,"dark_forest","red_basket","purple_gnome",2,1,"bright_forest","yellow_basket",7,0,0,1,"green_gnome","dark_forest","red_basket",191,1,1,18,0,36,1,1,"",,,"",,,"",,,"",,,,,,,"","",,,"",,,"",,,"",,,,,,,"",,,"","",,,,,,,,"",,,,,,,"",,,"","","",,,,,,,,"",,,,,"",,,,,"","","","",,,,,,"",,,,,"",,,,,"","",,,,,,"",,,,,,,
"","","",,"","","","","","","",,"","","","","","","",,"","","","","","","",,"","","","","",307361,1,"2024-02-22_16h32.54.400","experiment","2023.2.3","MacIntel",59.52380952,"5df9f1c15777b5752bf8b085","65d6198c9820d372ff6c9d7f","65d77726d27af10dc8ef6b00","",,,"",,,"",,,"",,,"",,,"",,,,,"",,,"",,,,"",,,"","","",,,"","",,,,,"","","",,,,,,,1,"",,,,,,,,,,,"","",,,,,"k",0.496,,"space",0.5048,,1,"red_gnome",1,8,"dark_forest","red_basket","brown_gnomes",1,2,"bright_forest","yellow_basket",2,0,0,1,"brown_gnomes","bright_forest","yellow_basket",193,-1,1,18,1,37,0,1,"",,,"",,,"",,,"",,,,,,,"","",,,"",,,"",,,"",,,,,,,"",,,"","",,,,,,,,"",,,,,,,"",,,"","","",,,,,,,,"",,,,,"",,,,,"","","","",,,,,,"",,,,,"",,,,,"","",,,,,,"",,,,,,,
"","","",,"","","","","","","",,"","","","","","","",,"","","","","","","",,"","","","","",307361,1,"2024-02-22_16h32.54.400","experiment","2023.2.3","MacIntel",59.52380952,"5df9f1c15777b5752bf8b085","65d6198c9820d372ff6c9d7f","65d77726d27af10dc8ef6b00","",,,"",,,"",,,"",,,"",,,"",,,,,"",,,"",,,,"",,,"","","",,,"","",,,,,"","","",,,,,,,1,"",,,,,,,,,,,"","",,,,,"k",0.5981,,"space",0.7713,,1,"brown_gnomes",1,1,"bright_forest","yellow_basket","red_gnome",1,9,"dark_forest","red_basket",9,0,0,1,"red_gnome","dark_forest","red_basket",202,-1,0,19,0,38,0,1,"",,,"",,,"",,,"",,,,,,,"","",,,"",,,"",,,"",,,,,,,"",,,"","",,,,,,,,"",,,,,,,"",,,"","","",,,,,,,,"",,,,,"",,,,,"","","","",,,,,,"",,,,,"",,,,,"","",,,,,,"",,,,,,,
"","","",,"","","","","","","",,"","","","","","","",,"","","","","","","",,"","","","","",307361,1,"2024-02-22_16h32.54.400","experiment","2023.2.3","MacIntel",59.52380952,"5df9f1c15777b5752bf8b085","65d6198c9820d372ff6c9d7f","65d77726d27af10dc8ef6b00","",,,"",,,"",,,"",,,"",,,"",,,,,"",,,"",,,,"",,,"","","",,,"","",,,,,"","","",,,,,,,1,"",,,,,,,,,,,"","",,,,,"s",0.5464,,"space",0.7373,,1,"brown_gnomes",1,0,"bright_forest","yellow_basket","red_gnome",1,9,"dark_forest","red_basket",0,0,0,1,"brown_gnomes","bright_forest","yellow_basket",202,-2,-1,19,1,39,0,1,"",,,"",,,"",,,"",,,,,,,"","",,,"",,,"",,,"",,,,,,,"",,,"","",,,,,,,,"",,,,,,,"",,,"","","",,,,,,,,"",,,,,"",,,,,"","","","",,,,,,"",,,,,"",,,,,"","",,,,,,"",,,,,,,
"","","",,"","","","","","","",,"","","","","","","",,"","","","","","","",,"","","","","",307361,1,"2024-02-22_16h32.54.400","experiment","2023.2.3","MacIntel",59.52380952,"5df9f1c15777b5752bf8b085","65d6198c9820d372ff6c9d7f","65d77726d27af10dc8ef6b00","",,,"",,,"",,,"",,,"",,,"",,,,,"",,,"",,,,"",,,"","","",,,"","",,,,,"","","",,,,,,,1,"",,,,,,,,,,,"","",,,,,"s",0.728,,"space",0.6374,,1,"red_gnome",1,8,"dark_forest","red_basket","brown_gnomes",1,2,"bright_forest","yellow_basket",8,0,0,1,"red_gnome","dark_forest","red_basket",210,-1,0,20,0,40,0,1,"",,,"",,,"",,,"",,,,,,,"","",,,"",,,"",,,"",,,,,,,"",,,"","",,,,,,,,"",,,,,,,"",,,"","","",,,,,,,,"",,,,,"",,,,,"","","","",,,,,,"",,,,,"",,,,,"","",,,,,,"",,,,,,,
"","","",,"","","","","","","",,"","","","","","","",,"","","","","","","",,"","","","","",307361,1,"2024-02-22_16h32.54.400","experiment","2023.2.3","MacIntel",59.52380952,"5df9f1c15777b5752bf8b085","65d6198c9820d372ff6c9d7f","65d77726d27af10dc8ef6b00","",,,"",,,"",,,"",,,"",,,"",,,,,"",,,"",,,,"",,,"","","",,,"","",,,,,"","","",,,,,,,2,"",,,,,,,,,,,"","",,,,,"k",0.8457,,"space",0.587,,2,"purple_gnome",2,1,"bright_forest","yellow_basket","green_gnome",2,8,"dark_forest","red_basket",8,0,0,1,"green_gnome","dark_forest","red_basket",218,-1,-1,20,1,41,1,1,"",,,"",,,"",,,"",,,,,,,"","",,,"",,,"",,,"",,,,,,,"",,,"","",,,,,,,,"",,,,,,,"",,,"","","",,,,,,,,"",,,,,"",,,,,"","","","",,,,,,"",,,,,"",,,,,"","",,,,,,"",,,,,,,
"","","",,"","","","","","","",,"","","","","","","",,"","","","","","","",,"","","","","",307361,1,"2024-02-22_16h32.54.400","experiment","2023.2.3","MacIntel",59.52380952,"5df9f1c15777b5752bf8b085","65d6198c9820d372ff6c9d7f","65d77726d27af10dc8ef6b00","",,,"",,,"",,,"",,,"",,,"",,,,,"",,,"",,,,"",,,"","","",,,"","",,,,,"","","",,,,,,,1,"",,,,,,,,,,,"","",,,,,"k",0.6454,,"space",0.7231,,1,"brown_gnomes",1,0,"bright_forest","yellow_basket","red_gnome",1,7,"dark_forest","red_basket",7,0,0,1,"red_gnome","dark_forest","red_basket",225,0,1,21,0,42,0,1,"",,,"",,,"",,,"",,,,,,,"","",,,"",,,"",,,"",,,,,,,"",,,"","",,,,,,,,"",,,,,,,"",,,"","","",,,,,,,,"",,,,,"",,,,,"","","","",,,,,,"",,,,,"",,,,,"","",,,,,,"",,,,,,,
"","","",,"","","","","","","",,"","","","","","","",,"","","","","","","",,"","","","","",307361,1,"2024-02-22_16h32.54.400","experiment","2023.2.3","MacIntel",59.52380952,"5df9f1c15777b5752bf8b085","65d6198c9820d372ff6c9d7f","65d77726d27af10dc8ef6b00","",,,"",,,"",,,"",,,"",,,"",,,,,"",,,"",,,,"",,,"","","",,,"","",,,,,"","","",,,,,,,1,"",,,,,,,,,,,"","",,,,,"s",0.5458,,"space",0.7039,,1,"red_gnome",1,8,"dark_forest","red_basket","brown_gnomes",1,0,"bright_forest","yellow_basket",8,0,0,1,"red_gnome","dark_forest","red_basket",233,-1,-3,21,1,43,0,1,"",,,"",,,"",,,"",,,,,,,"","",,,"",,,"",,,"",,,,,,,"",,,"","",,,,,,,,"",,,,,,,"",,,"","","",,,,,,,,"",,,,,"",,,,,"","","","",,,,,,"",,,,,"",,,,,"","",,,,,,"",,,,,,,
"","","",,"","","","","","","",,"","","","","","","",,"","","","","","","",,"","","","","",307361,1,"2024-02-22_16h32.54.400","experiment","2023.2.3","MacIntel",59.52380952,"5df9f1c15777b5752bf8b085","65d6198c9820d372ff6c9d7f","65d77726d27af10dc8ef6b00","",,,"",,,"",,,"",,,"",,,"",,,,,"",,,"",,,,"",,,"","","",,,"","",,,,,"","","",,,,,,,2,"",,,,,,,,,,,"","",,,,,"s",0.6112,,"space",0.5855,,2,"green_gnome",2,5,"dark_forest","red_basket","purple_gnome",2,1,"bright_forest","yellow_basket",5,0,0,1,"green_gnome","dark_forest","red_basket",238,-2,-2,22,0,44,1,1,"",,,"",,,"",,,"",,,,,,,"","",,,"",,,"",,,"",,,,,,,"",,,"","",,,,,,,,"",,,,,,,"",,,"","","",,,,,,,,"",,,,,"",,,,,"","","","",,,,,,"",,,,,"",,,,,"","",,,,,,"",,,,,,,
"","","",,"","","","","","","",,"","","","","","","",,"","","","","","","",,"","","","","",307361,1,"2024-02-22_16h32.54.400","experiment","2023.2.3","MacIntel",59.52380952,"5df9f1c15777b5752bf8b085","65d6198c9820d372ff6c9d7f","65d77726d27af10dc8ef6b00","",,,"",,,"",,,"",,,"",,,"",,,,,"",,,"",,,,"",,,"","","",,,"","",,,,,"","","",,,,,,,2,"",,,,,,,,,,,"","",,,,,"s",0.6119,,"space",0.4698,,2,"green_gnome",2,3,"dark_forest","red_basket","purple_gnome",2,1,"bright_forest","yellow_basket",3,0,0,1,"green_gnome","dark_forest","red_basket",241,-1,3,22,1,45,1,1,"",,,"",,,"",,,"",,,,,,,"","",,,"",,,"",,,"",,,,,,,"",,,"","",,,,,,,,"",,,,,,,"",,,"","","",,,,,,,,"",,,,,"",,,,,"","","","",,,,,,"",,,,,"",,,,,"","",,,,,,"",,,,,,,
"","","",,"","","","","","","",,"","","","","","","",,"","","","","","","",,"","","","","",307361,1,"2024-02-22_16h32.54.400","experiment","2023.2.3","MacIntel",59.52380952,"5df9f1c15777b5752bf8b085","65d6198c9820d372ff6c9d7f","65d77726d27af10dc8ef6b00","",,,"",,,"",,,"",,,"",,,"",,,,,"",,,"",,,,"",,,"","","",,,"","",,,,,"","","",,,,,,,2,"",,,,,,,,,,,"","",,,,,"k",0.1787,,"space",0.5716,,2,"green_gnome",2,6,"dark_forest","red_basket","purple_gnome",2,0,"bright_forest","yellow_basket",0,0,0,1,"purple_gnome","bright_forest","yellow_basket",241,-1,4,23,0,46,1,1,"",,,"",,,"",,,"",,,,,,,"","",,,"",,,"",,,"",,,,,,,"",,,"","",,,,,,,,"",,,,,,,"",,,"","","",,,,,,,,"",,,,,"",,,,,"","","","",,,,,,"",,,,,"",,,,,"","",,,,,,"",,,,,,,
"","","",,"","","","","","","",,"","","","","","","",,"","","","","","","",,"","","","","",307361,1,"2024-02-22_16h32.54.400","experiment","2023.2.3","MacIntel",59.52380952,"5df9f1c15777b5752bf8b085","65d6198c9820d372ff6c9d7f","65d77726d27af10dc8ef6b00","",,,"",,,"",,,"",,,"",,,"",,,,,"",,,"",,,,"",,,"","","",,,"","",,,,,"","","",,,,,,,2,"",,,,,,,,,,,"","",,,,,"s",0.5939,,"space",0.4563,,2,"green_gnome",2,8,"dark_forest","red_basket","purple_gnome",2,1,"bright_forest","yellow_basket",8,0,0,1,"green_gnome","dark_forest","red_basket",249,0,1,23,1,47,1,1,"",,,"",,,"",,,"",,,,,,,"","",,,"",,,"",,,"",,,,,,,"",,,"","",,,,,,,,"",,,,,,,"",,,"","","",,,,,,,,"",,,,,"",,,,,"","","","",,,,,,"",,,,,"",,,,,"","",,,,,,"",,,,,,,
"","","",,"","","","","","","",,"","","","","","","",,"","","","","","","",,"","","","","",307361,1,"2024-02-22_16h32.54.400","experiment","2023.2.3","MacIntel",59.52380952,"5df9f1c15777b5752bf8b085","65d6198c9820d372ff6c9d7f","65d77726d27af10dc8ef6b00","",,,"",,,"",,,"",,,"",,,"",,,,,"",,,"",,,,"",,,"","","",,,"","",,,,,"","","",,,,,,,2,"",,,,,,,,,,,"","",,,,,"k",0.5779,,"space",0.4193,,2,"purple_gnome",2,1,"bright_forest","yellow_basket","green_gnome",2,9,"dark_forest","red_basket",9,0,0,1,"green_gnome","dark_forest","red_basket",258,4,-3,24,0,48,1,1,"",,,"",,,"",,,"",,,,,,,"","",,,"",,,"",,,"",,,,,,,"",,,"","",,,,,,,,"",,,,,,,"",,,"","","",,,,,,,,"",,,,,"",,,,,"","","","",,,,,,"",,,,,"",,,,,"","",,,,,,"",,,,,,,
"","","",,"","","","","","","",,"","","","","","","",,"","","","","","","",,"","","","","",307361,1,"2024-02-22_16h32.54.400","experiment","2023.2.3","MacIntel",59.52380952,"5df9f1c15777b5752bf8b085","65d6198c9820d372ff6c9d7f","65d77726d27af10dc8ef6b00","",,,"",,,"",,,"",,,"",,,"",,,,,"",,,"",,,,"",,,"","","",,,"","",,,,,"","","",,,,,,,1,"",,,,,,,,,,,"","",,,,,"s",0.6451,,"space",0.8021,,1,"red_gnome",1,6,"dark_forest","red_basket","brown_gnomes",1,5,"bright_forest","yellow_basket",6,0,0,1,"red_gnome","dark_forest","red_basket",264,1,1,24,1,49,0,1,"",,,"",,,"",,,"",,,,,,,"","",,,"",,,"",,,"",,,,,,,"",,,"","",,,,,,,,"",,,,,,,"",,,"","","",,,,,,,,"",,,,,"",,,,,"","","","",,,,,,"",,,,,"",,,,,"","",,,,,,"",,,,,,,
"","","",,"","","","","","","",,"","","","","","","",,"","","","","","","",,"","","","","",307361,1,"2024-02-22_16h32.54.400","experiment","2023.2.3","MacIntel",59.52380952,"5df9f1c15777b5752bf8b085","65d6198c9820d372ff6c9d7f","65d77726d27af10dc8ef6b00","",,,"",,,"",,,"",,,"",,,"",,,,,"",,,"",,,,"",,,"","","",,,"","",,,,,"","","",,,,,,,2,"",,,,,,,,,,,"","",,,,,"k",0.4942,,"space",0.702,,2,"purple_gnome",2,6,"bright_forest","yellow_basket","green_gnome",2,7,"dark_forest","red_basket",7,0,0,1,"green_gnome","dark_forest","red_basket",271,2,-1,25,0,50,1,1,"",,,"",,,"",,,"",,,,,,,"","",,,"",,,"",,,"",,,,,,,"",,,"","",,,,,,,,"",,,,,,,"",,,"","","",,,,,,,,"",,,,,"",,,,,"","","","",,,,,,"",,,,,"",,,,,"","",,,,,,"",,,,,,,
"","","",,"","","","","","","",,"","","","","","","",,"","","","","","","",,"","","","","",307361,1,"2024-02-22_16h32.54.400","experiment","2023.2.3","MacIntel",59.52380952,"5df9f1c15777b5752bf8b085","65d6198c9820d372ff6c9d7f","65d77726d27af10dc8ef6b00","",,,"",,,"",,,"",,,"",,,"",,,,,"",,,"",,,,"",,,"","","",,,"","",,,,,"","","",,,,,,,2,"",,,,,,,,,,,"","",,,,,"k",0.4959,,"space",0.3908,,2,"purple_gnome",2,8,"bright_forest","yellow_basket","green_gnome",2,6,"dark_forest","red_basket",6,0,0,1,"green_gnome","dark_forest","red_basket",277,3,2,25,1,51,1,1,"",,,"",,,"",,,"",,,,,,,"","",,,"",,,"",,,"",,,,,,,"",,,"","",,,,,,,,"",,,,,,,"",,,"","","",,,,,,,,"",,,,,"",,,,,"","","","",,,,,,"",,,,,"",,,,,"","",,,,,,"",,,,,,,
"","","",,"","","","","","","",,"","","","","","","",,"","","","","","","",,"","","","","",307361,1,"2024-02-22_16h32.54.400","experiment","2023.2.3","MacIntel",59.52380952,"5df9f1c15777b5752bf8b085","65d6198c9820d372ff6c9d7f","65d77726d27af10dc8ef6b00","",,,"",,,"",,,"",,,"",,,"",,,,,"",,,"",,,,"",,,"","","",,,"","",,,,,"","","",,,,,,,1,"",,,,,,,,,,,"","",,,,,"s",0.5269,,"space",0.4848,,1,"red_gnome",1,8,"dark_forest","red_basket","brown_gnomes",1,7,"bright_forest","yellow_basket",8,0,0,1,"red_gnome","dark_forest","red_basket",285,-2,-4,26,0,52,0,1,"",,,"",,,"",,,"",,,,,,,"","",,,"",,,"",,,"",,,,,,,"",,,"","",,,,,,,,"",,,,,,,"",,,"","","",,,,,,,,"",,,,,"",,,,,"","","","",,,,,,"",,,,,"",,,,,"","",,,,,,"",,,,,,,
"","","",,"","","","","","","",,"","","","","","","",,"","","","","","","",,"","","","","",307361,1,"2024-02-22_16h32.54.400","experiment","2023.2.3","MacIntel",59.52380952,"5df9f1c15777b5752bf8b085","65d6198c9820d372ff6c9d7f","65d77726d27af10dc8ef6b00","",,,"",,,"",,,"",,,"",,,"",,,,,"",,,"",,,,"",,,"","","",,,"","",,,,,"","","",,,,,,,1,"",,,,,,,,,,,"","",,,,,"s",0.5271,,"space",0.4365,,1,"red_gnome",1,4,"dark_forest","red_basket","brown_gnomes",1,5,"bright_forest","yellow_basket",4,0,0,1,"red_gnome","dark_forest","red_basket",289,0,2,26,1,53,0,1,"",,,"",,,"",,,"",,,,,,,"","",,,"",,,"",,,"",,,,,,,"",,,"","",,,,,,,,"",,,,,,,"",,,"","","",,,,,,,,"",,,,,"",,,,,"","","","",,,,,,"",,,,,"",,,,,"","",,,,,,"",,,,,,,
"","","",,"","","","","","","",,"","","","","","","",,"","","","","","","",,"","","","","",307361,1,"2024-02-22_16h32.54.400","experiment","2023.2.3","MacIntel",59.52380952,"5df9f1c15777b5752bf8b085","65d6198c9820d372ff6c9d7f","65d77726d27af10dc8ef6b00","",,,"",,,"",,,"",,,"",,,"",,,,,"",,,"",,,,"",,,"","","",,,"","",,,,,"","","",,,,,,,2,"",,,,,,,,,,,"","",,,,,"k",0.461,,"space",0.586,,2,"purple_gnome",2,5,"bright_forest","yellow_basket","green_gnome",2,6,"dark_forest","red_basket",6,0,0,1,"green_gnome","dark_forest","red_basket",295,2,-1,27,0,54,1,1,"",,,"",,,"",,,"",,,,,,,"","",,,"",,,"",,,"",,,,,,,"",,,"","",,,,,,,,"",,,,,,,"",,,"","","",,,,,,,,"",,,,,"",,,,,"","","","",,,,,,"",,,,,"",,,,,"","",,,,,,"",,,,,,,
"","","",,"","","","","","","",,"","","","","","","",,"","","","","","","",,"","","","","",307361,1,"2024-02-22_16h32.54.400","experiment","2023.2.3","MacIntel",59.52380952,"5df9f1c15777b5752bf8b085","65d6198c9820d372ff6c9d7f","65d77726d27af10dc8ef6b00","",,,"",,,"",,,"",,,"",,,"",,,,,"",,,"",,,,"",,,"","","",,,"","",,,,,"","","",,,,,,,2,"",,,,,,,,,,,"","",,,,,"s",0.5108,,"space",1.0724,,2,"green_gnome",2,5,"dark_forest","red_basket","purple_gnome",2,7,"bright_forest","yellow_basket",5,0,0,1,"green_gnome","dark_forest","red_basket",300,0,0,27,1,55,1,1,"",,,"",,,"",,,"",,,,,,,"","",,,"",,,"",,,"",,,,,,,"",,,"","",,,,,,,,"",,,,,,,"",,,"","","",,,,,,,,"",,,,,"",,,,,"","","","",,,,,,"",,,,,"",,,,,"","",,,,,,"",,,,,,,
"","","",,"","","","","","","",,"","","","","","","",,"","","","","","","",,"","","","","",307361,1,"2024-02-22_16h32.54.400","experiment","2023.2.3","MacIntel",59.52380952,"5df9f1c15777b5752bf8b085","65d6198c9820d372ff6c9d7f","65d77726d27af10dc8ef6b00","",,,"",,,"",,,"",,,"",,,"",,,,,"",,,"",,,,"",,,"","","",,,"","",,,,,"","","",,,,,,,1,"",,,,,,,,,,,"","",,,,,"k",0.6278,,"space",0.769,,1,"brown_gnomes",1,7,"bright_forest","yellow_basket","red_gnome",1,5,"dark_forest","red_basket",5,0,0,1,"red_gnome","dark_forest","red_basket",305,3,0,28,0,56,0,1,"",,,"",,,"",,,"",,,,,,,"","",,,"",,,"",,,"",,,,,,,"",,,"","",,,,,,,,"",,,,,,,"",,,"","","",,,,,,,,"",,,,,"",,,,,"","","","",,,,,,"",,,,,"",,,,,"","",,,,,,"",,,,,,,
"","","",,"","","","","","","",,"","","","","","","",,"","","","","","","",,"","","","","",307361,1,"2024-02-22_16h32.54.400","experiment","2023.2.3","MacIntel",59.52380952,"5df9f1c15777b5752bf8b085","65d6198c9820d372ff6c9d7f","65d77726d27af10dc8ef6b00","",,,"",,,"",,,"",,,"",,,"",,,,,"",,,"",,,,"",,,"","","",,,"","",,,,,"","","",,,,,,,2,"",,,,,,,,,,,"","",,,,,"s",0.4761,,"space",0.6078,,2,"green_gnome",2,5,"dark_forest","red_basket","purple_gnome",2,8,"bright_forest","yellow_basket",5,0,0,1,"green_gnome","dark_forest","red_basket",310,2,2,28,1,57,1,1,"",,,"",,,"",,,"",,,,,,,"","",,,"",,,"",,,"",,,,,,,"",,,"","",,,,,,,,"",,,,,,,"",,,"","","",,,,,,,,"",,,,,"",,,,,"","","","",,,,,,"",,,,,"",,,,,"","",,,,,,"",,,,,,,
"","","",,"","","","","","","",,"","","","","","","",,"","","","","","","",,"","","","","",307361,1,"2024-02-22_16h32.54.400","experiment","2023.2.3","MacIntel",59.52380952,"5df9f1c15777b5752bf8b085","65d6198c9820d372ff6c9d7f","65d77726d27af10dc8ef6b00","",,,"",,,"",,,"",,,"",,,"",,,,,"",,,"",,,,"",,,"","","",,,"","",,,,,"","","",,,,,,,2,"",,,,,,,,,,,"","",,,,,"k",0.5153,,"space",0.7016,,2,"purple_gnome",2,8,"bright_forest","yellow_basket","green_gnome",2,7,"dark_forest","red_basket",7,0,0,1,"green_gnome","dark_forest","red_basket",317,-2,-2,29,0,58,1,1,"",,,"",,,"",,,"",,,,,,,"","",,,"",,,"",,,"",,,,,,,"",,,"","",,,,,,,,"",,,,,,,"",,,"","","",,,,,,,,"",,,,,"",,,,,"","","","",,,,,,"",,,,,"",,,,,"","",,,,,,"",,,,,,,
"","","",,"","","","","","","",,"","","","","","","",,"","","","","","","",,"","","","","",307361,1,"2024-02-22_16h32.54.400","experiment","2023.2.3","MacIntel",59.52380952,"5df9f1c15777b5752bf8b085","65d6198c9820d372ff6c9d7f","65d77726d27af10dc8ef6b00","",,,"",,,"",,,"",,,"",,,"",,,,,"",,,"",,,,"",,,"","","",,,"","",,,,,"","","",,,,,,,1,"",,,,,,,,,,,"","",,,,,"s",0.5616,,"space",0.4357,,1,"red_gnome",1,5,"dark_forest","red_basket","brown_gnomes",1,6,"bright_forest","yellow_basket",5,0,0,1,"red_gnome","dark_forest","red_basket",322,-1,0,29,1,59,0,1,"",,,"",,,"",,,"",,,,,,,"","",,,"",,,"",,,"",,,,,,,"",,,"","",,,,,,,,"",,,,,,,"",,,"","","",,,,,,,,"",,,,,"",,,,,"","","","",,,,,,"",,,,,"",,,,,"","",,,,,,"",,,,,,,
"","","",,"","","","","","","",,"","","","","","","",,"","","","","","","",,"","","","","",307361,1,"2024-02-22_16h32.54.400","experiment","2023.2.3","MacIntel",59.52380952,"5df9f1c15777b5752bf8b085","65d6198c9820d372ff6c9d7f","65d77726d27af10dc8ef6b00","",,,"",,,"",,,"",,,"",,,"",,,,,"",,,"",,,,"",,,"","","",,,"","",,,,,"","","",,,,,,,1,"",,,,,,,,,,,"","",,,,,"k",0.4957,,"space",0.6691,,1,"brown_gnomes",1,5,"bright_forest","yellow_basket","red_gnome",1,5,"dark_forest","red_basket",5,0,0,1,"red_gnome","dark_forest","red_basket",327,-2,0,30,0,60,0,1,"",,,"",,,"",,,"",,,,,,,"","",,,"",,,"",,,"",,,,,,,"",,,"","",,,,,,,,"",,,,,,,"",,,"","","",,,,,,,,"",,,,,"",,,,,"","","","",,,,,,"",,,,,"",,,,,"","",,,,,,"",,,,,,,
"","","",,"","","","","","","",,"","","","","","","",,"","","","","","","",,"","","","","",307361,1,"2024-02-22_16h32.54.400","experiment","2023.2.3","MacIntel",59.52380952,"5df9f1c15777b5752bf8b085","65d6198c9820d372ff6c9d7f","65d77726d27af10dc8ef6b00","",,,"",,,"",,,"",,,"",,,"",,,,,"",,,"",,,,"",,,"","","",,,"","",,,,,"","","",,,,,,,1,"",,,,,,,,,,,"","",,,,,"s",0.7966,,"space",0.6375,,1,"red_gnome",1,5,"dark_forest","red_basket","brown_gnomes",1,3,"bright_forest","yellow_basket",5,0,0,1,"red_gnome","dark_forest","red_basket",332,1,1,30,1,61,0,1,"",,,"",,,"",,,"",,,,,,,"","",,,"",,,"",,,"",,,,,,,"",,,"","",,,,,,,,"",,,,,,,"",,,"","","",,,,,,,,"",,,,,"",,,,,"","","","",,,,,,"",,,,,"",,,,,"","",,,,,,"",,,,,,,
"","","",,"","","","","","","",,"","","","","","","",,"","","","","","","",,"","","","","",307361,1,"2024-02-22_16h32.54.400","experiment","2023.2.3","MacIntel",59.52380952,"5df9f1c15777b5752bf8b085","65d6198c9820d372ff6c9d7f","65d77726d27af10dc8ef6b00","",,,"",,,"",,,"",,,"",,,"",,,,,"",,,"",,,,"",,,"","","",,,"","",,,,,"","","",,,,,,,1,"",,,,,,,,,,,"","",,,,,"s",0.5941,,"space",0.6351,,1,"red_gnome",1,6,"dark_forest","red_basket","brown_gnomes",1,4,"bright_forest","yellow_basket",6,0,0,1,"red_gnome","dark_forest","red_basket",338,2,-4,31,0,62,0,1,"",,,"",,,"",,,"",,,,,,,"","",,,"",,,"",,,"",,,,,,,"",,,"","",,,,,,,,"",,,,,,,"",,,"","","",,,,,,,,"",,,,,"",,,,,"","","","",,,,,,"",,,,,"",,,,,"","",,,,,,"",,,,,,,
"","","",,"","","","","","","",,"","","","","","","",,"","","","","","","",,"","","","","",307361,1,"2024-02-22_16h32.54.400","experiment","2023.2.3","MacIntel",59.52380952,"5df9f1c15777b5752bf8b085","65d6198c9820d372ff6c9d7f","65d77726d27af10dc8ef6b00","",,,"",,,"",,,"",,,"",,,"",,,,,"",,,"",,,,"",,,"","","",,,"","",,,,,"","","",,,,,,,2,"",,,,,,,,,,,"","",,,,,"s",0.5623,,"space",0.4356,,2,"green_gnome",2,2,"dark_forest","red_basket","purple_gnome",2,6,"bright_forest","yellow_basket",2,0,0,1,"green_gnome","dark_forest","red_basket",340,-3,-2,31,1,63,1,1,"",,,"",,,"",,,"",,,,,,,"","",,,"",,,"",,,"",,,,,,,"",,,"","",,,,,,,,"",,,,,,,"",,,"","","",,,,,,,,"",,,,,"",,,,,"","","","",,,,,,"",,,,,"",,,,,"","",,,,,,"",,,,,,,
"","","",,"","","","","","","",,"","","","","","","",,"","","","","","","",,"","","","","",307361,1,"2024-02-22_16h32.54.400","experiment","2023.2.3","MacIntel",59.52380952,"5df9f1c15777b5752bf8b085","65d6198c9820d372ff6c9d7f","65d77726d27af10dc8ef6b00","",,,"",,,"",,,"",,,"",,,"",,,,,"",,,"",,,,"",,,"","","",,,"","",,,,,"","","",,,,,,,1,"",,,,,,,,,,,"","",,,,,"k",0.5266,,"space",0.3683,,1,"brown_gnomes",1,3,"bright_forest","yellow_basket","red_gnome",1,0,"dark_forest","red_basket",0,0,0,1,"red_gnome","dark_forest","red_basket",340,1,2,32,0,64,0,1,"",,,"",,,"",,,"",,,,,,,"","",,,"",,,"",,,"",,,,,,,"",,,"","",,,,,,,,"",,,,,,,"",,,"","","",,,,,,,,"",,,,,"",,,,,"","","","",,,,,,"",,,,,"",,,,,"","",,,,,,"",,,,,,,
"","","",,"","","","","","","",,"","","","","","","",,"","","","","","","",,"","","","","",307361,1,"2024-02-22_16h32.54.400","experiment","2023.2.3","MacIntel",59.52380952,"5df9f1c15777b5752bf8b085","65d6198c9820d372ff6c9d7f","65d77726d27af10dc8ef6b00","",,,"",,,"",,,"",,,"",,,"",,,,,"",,,"",,,,"",,,"","","",,,"","",,,,,"","","",,,,,,,2,"",,,,,,,,,,,"","",,,,,"s",0.8942,,"space",0.9854,,2,"green_gnome",2,2,"dark_forest","red_basket","purple_gnome",2,4,"bright_forest","yellow_basket",2,0,0,1,"green_gnome","dark_forest","red_basket",342,0,-2,32,1,65,1,1,"",,,"",,,"",,,"",,,,,,,"","",,,"",,,"",,,"",,,,,,,"",,,"","",,,,,,,,"",,,,,,,"",,,"","","",,,,,,,,"",,,,,"",,,,,"","","","",,,,,,"",,,,,"",,,,,"","",,,,,,"",,,,,,,
"","","",,"","","","","","","",,"","","","","","","",,"","","","","","","",,"","","","","",307361,1,"2024-02-22_16h32.54.400","experiment","2023.2.3","MacIntel",59.52380952,"5df9f1c15777b5752bf8b085","65d6198c9820d372ff6c9d7f","65d77726d27af10dc8ef6b00","",,,"",,,"",,,"",,,"",,,"",,,,,"",,,"",,,,"",,,"","","",,,"","",,,,,"","","",,,,,,,2,"",,,,,,,,,,,"","",,,,,"s",0.9432,,"space",0.624,,2,"green_gnome",2,0,"dark_forest","red_basket","purple_gnome",2,4,"bright_forest","yellow_basket",0,0,0,1,"green_gnome","dark_forest","red_basket",342,0,5,33,0,66,1,1,"",,,"",,,"",,,"",,,,,,,"","",,,"",,,"",,,"",,,,,,,"",,,"","",,,,,,,,"",,,,,,,"",,,"","","",,,,,,,,"",,,,,"",,,,,"","","","",,,,,,"",,,,,"",,,,,"","",,,,,,"",,,,,,,
"","","",,"","","","","","","",,"","","","","","","",,"","","","","","","",,"","","","","",307361,1,"2024-02-22_16h32.54.400","experiment","2023.2.3","MacIntel",59.52380952,"5df9f1c15777b5752bf8b085","65d6198c9820d372ff6c9d7f","65d77726d27af10dc8ef6b00","",,,"",,,"",,,"",,,"",,,"",,,,,"",,,"",,,,"",,,"","","",,,"","",,,,,"","","",,,,,,,2,"",,,,,,,,,,,"","",,,,,"k",0.5148,,"space",0.7013,,2,"purple_gnome",2,4,"bright_forest","yellow_basket","green_gnome",2,5,"dark_forest","red_basket",5,0,0,1,"green_gnome","dark_forest","red_basket",347,-1,-1,33,1,67,1,1,"",,,"",,,"",,,"",,,,,,,"","",,,"",,,"",,,"",,,,,,,"",,,"","",,,,,,,,"",,,,,,,"",,,"","","",,,,,,,,"",,,,,"",,,,,"","","","",,,,,,"",,,,,"",,,,,"","",,,,,,"",,,,,,,
"","","",,"","","","","","","",,"","","","","","","",,"","","","","","","",,"","","","","",307361,1,"2024-02-22_16h32.54.400","experiment","2023.2.3","MacIntel",59.52380952,"5df9f1c15777b5752bf8b085","65d6198c9820d372ff6c9d7f","65d77726d27af10dc8ef6b00","",,,"",,,"",,,"",,,"",,,"",,,,,"",,,"",,,,"",,,"","","",,,"","",,,,,"","","",,,,,,,1,"",,,,,,,,,,,"","",,,,,"s",0.493,,"space",0.902,,1,"red_gnome",1,4,"dark_forest","red_basket","brown_gnomes",1,3,"bright_forest","yellow_basket",4,0,0,1,"red_gnome","dark_forest","red_basket",351,1,3,34,0,68,0,1,"",,,"",,,"",,,"",,,,,,,"","",,,"",,,"",,,"",,,,,,,"",,,"","",,,,,,,,"",,,,,,,"",,,"","","",,,,,,,,"",,,,,"",,,,,"","","","",,,,,,"",,,,,"",,,,,"","",,,,,,"",,,,,,,
"","","",,"","","","","","","",,"","","","","","","",,"","","","","","","",,"","","","","",307361,1,"2024-02-22_16h32.54.400","experiment","2023.2.3","MacIntel",59.52380952,"5df9f1c15777b5752bf8b085","65d6198c9820d372ff6c9d7f","65d77726d27af10dc8ef6b00","",,,"",,,"",,,"",,,"",,,"",,,,,"",,,"",,,,"",,,"","","",,,"","",,,,,"","","",,,,,,,2,"",,,,,,,,,,,"","",,,,,"k",0.4949,,"space",0.654,,2,"purple_gnome",2,4,"bright_forest","yellow_basket","green_gnome",2,7,"dark_forest","red_basket",7,0,0,1,"green_gnome","dark_forest","red_basket",358,-2,-2,34,1,69,1,1,"",,,"",,,"",,,"",,,,,,,"","",,,"",,,"",,,"",,,,,,,"",,,"","",,,,,,,,"",,,,,,,"",,,"","","",,,,,,,,"",,,,,"",,,,,"","","","",,,,,,"",,,,,"",,,,,"","",,,,,,"",,,,,,,
"","","",,"","","","","","","",,"","","","","","","",,"","","","","","","",,"","","","","",307361,1,"2024-02-22_16h32.54.400","experiment","2023.2.3","MacIntel",59.52380952,"5df9f1c15777b5752bf8b085","65d6198c9820d372ff6c9d7f","65d77726d27af10dc8ef6b00","",,,"",,,"",,,"",,,"",,,"",,,,,"",,,"",,,,"",,,"","","",,,"","",,,,,"","","",,,,,,,2,"",,,,,,,,,,,"","",,,,,"s",0.4287,,"space",1.1702,,2,"purple_gnome",2,2,"bright_forest","yellow_basket","green_gnome",2,5,"dark_forest","red_basket",2,0,0,1,"purple_gnome","bright_forest","yellow_basket",360,1,0,35,0,70,1,1,"",,,"",,,"",,,"",,,,,,,"","",,,"",,,"",,,"",,,,,,,"",,,"","",,,,,,,,"",,,,,,,"",,,"","","",,,,,,,,"",,,,,"",,,,,"","","","",,,,,,"",,,,,"",,,,,"","",,,,,,"",,,,,,,
"","","",,"","","","","","","",,"","","","","","","",,"","","","","","","",,"","","","","",307361,1,"2024-02-22_16h32.54.400","experiment","2023.2.3","MacIntel",59.52380952,"5df9f1c15777b5752bf8b085","65d6198c9820d372ff6c9d7f","65d77726d27af10dc8ef6b00","",,,"",,,"",,,"",,,"",,,"",,,,,"",,,"",,,,"",,,"","","",,,"","",,,,,"","","",,,,,,,1,"",,,,,,,,,,,"","",,,,,"k",0.4983,,"space",0.6023,,1,"brown_gnomes",1,3,"bright_forest","yellow_basket","red_gnome",1,5,"dark_forest","red_basket",5,0,0,1,"red_gnome","dark_forest","red_basket",365,1,3,35,1,71,0,1,"",,,"",,,"",,,"",,,,,,,"","",,,"",,,"",,,"",,,,,,,"",,,"","",,,,,,,,"",,,,,,,"",,,"","","",,,,,,,,"",,,,,"",,,,,"","","","",,,,,,"",,,,,"",,,,,"","",,,,,,"",,,,,,,
"","","",,"","","","","","","",,"","","","","","","",,"","","","","","","",,"","","","","",307361,1,"2024-02-22_16h32.54.400","experiment","2023.2.3","MacIntel",59.52380952,"5df9f1c15777b5752bf8b085","65d6198c9820d372ff6c9d7f","65d77726d27af10dc8ef6b00","",,,"",,,"",,,"",,,"",,,"",,,,,"",,,"",,,,"",,,"","","",,,"","",,,,,"","","",,,,,,,1,"",,,,,,,,,,,"","",,,,,"s",0.6126,,"space",0.5903,,1,"red_gnome",1,8,"dark_forest","red_basket","brown_gnomes",1,4,"bright_forest","yellow_basket",8,0,0,1,"red_gnome","dark_forest","red_basket",373,-1,4,36,0,72,0,1,"",,,"",,,"",,,"",,,,,,,"","",,,"",,,"",,,"",,,,,,,"",,,"","",,,,,,,,"",,,,,,,"",,,"","","",,,,,,,,"",,,,,"",,,,,"","","","",,,,,,"",,,,,"",,,,,"","",,,,,,"",,,,,,,
"","","",,"","","","","","","",,"","","","","","","",,"","","","","","","",,"","","","","",307361,1,"2024-02-22_16h32.54.400","experiment","2023.2.3","MacIntel",59.52380952,"5df9f1c15777b5752bf8b085","65d6198c9820d372ff6c9d7f","65d77726d27af10dc8ef6b00","",,,"",,,"",,,"",,,"",,,"",,,,,"",,,"",,,,"",,,"","","",,,"","",,,,,"","","",,,,,,,1,"",,,,,,,,,,,"","",,,,,"k",0.5274,,"space",0.6857,,1,"brown_gnomes",1,3,"bright_forest","yellow_basket","red_gnome",1,6,"dark_forest","red_basket",6,0,0,1,"red_gnome","dark_forest","red_basket",379,1,0,36,1,73,0,1,"",,,"",,,"",,,"",,,,,,,"","",,,"",,,"",,,"",,,,,,,"",,,"","",,,,,,,,"",,,,,,,"",,,"","","",,,,,,,,"",,,,,"",,,,,"","","","",,,,,,"",,,,,"",,,,,"","",,,,,,"",,,,,,,
"","","",,"","","","","","","",,"","","","","","","",,"","","","","","","",,"","","","","",307361,1,"2024-02-22_16h32.54.400","experiment","2023.2.3","MacIntel",59.52380952,"5df9f1c15777b5752bf8b085","65d6198c9820d372ff6c9d7f","65d77726d27af10dc8ef6b00","",,,"",,,"",,,"",,,"",,,"",,,,,"",,,"",,,,"",,,"","","",,,"","",,,,,"","","",,,,,,,1,"",,,,,,,,,,,"","",,,,,"s",0.5107,,"space",0.6515,,1,"red_gnome",1,6,"dark_forest","red_basket","brown_gnomes",1,4,"bright_forest","yellow_basket",6,0,0,1,"red_gnome","dark_forest","red_basket",385,3,0,37,0,74,0,1,"",,,"",,,"",,,"",,,,,,,"","",,,"",,,"",,,"",,,,,,,"",,,"","",,,,,,,,"",,,,,,,"",,,"","","",,,,,,,,"",,,,,"",,,,,"","","","",,,,,,"",,,,,"",,,,,"","",,,,,,"",,,,,,,
"","","",,"","","","","","","",,"","","","","","","",,"","","","","","","",,"","","","","",307361,1,"2024-02-22_16h32.54.400","experiment","2023.2.3","MacIntel",59.52380952,"5df9f1c15777b5752bf8b085","65d6198c9820d372ff6c9d7f","65d77726d27af10dc8ef6b00","",,,"",,,"",,,"",,,"",,,"",,,,,"",,,"",,,,"",,,"","","",,,"","",,,,,"","","",,,,,,,1,"",,,,,,,,,,,"","",,,,,"s",0.493,,"space",0.9512,,1,"red_gnome",1,6,"dark_forest","red_basket","brown_gnomes",1,7,"bright_forest","yellow_basket",6,0,0,1,"red_gnome","dark_forest","red_basket",391,2,1,37,1,75,0,1,"",,,"",,,"",,,"",,,,,,,"","",,,"",,,"",,,"",,,,,,,"",,,"","",,,,,,,,"",,,,,,,"",,,"","","",,,,,,,,"",,,,,"",,,,,"","","","",,,,,,"",,,,,"",,,,,"","",,,,,,"",,,,,,,
"","","",,"","","","","","","",,"","","","","","","",,"","","","","","","",,"","","","","",307361,1,"2024-02-22_16h32.54.400","experiment","2023.2.3","MacIntel",59.52380952,"5df9f1c15777b5752bf8b085","65d6198c9820d372ff6c9d7f","65d77726d27af10dc8ef6b00","",,,"",,,"",,,"",,,"",,,"",,,,,"",,,"",,,,"",,,"","","",,,"","",,,,,"","","",,,,,,,2,"",,,,,,,,,,,"","",,,,,"k",0.459,,"space",0.4358,,2,"green_gnome",2,7,"dark_forest","red_basket","purple_gnome",2,9,"bright_forest","yellow_basket",9,0,0,1,"purple_gnome","bright_forest","yellow_basket",400,2,-1,38,0,76,1,1,"",,,"",,,"",,,"",,,,,,,"","",,,"",,,"",,,"",,,,,,,"",,,"","",,,,,,,,"",,,,,,,"",,,"","","",,,,,,,,"",,,,,"",,,,,"","","","",,,,,,"",,,,,"",,,,,"","",,,,,,"",,,,,,,
"","","",,"","","","","","","",,"","","","","","","",,"","","","","","","",,"","","","","",307361,1,"2024-02-22_16h32.54.400","experiment","2023.2.3","MacIntel",59.52380952,"5df9f1c15777b5752bf8b085","65d6198c9820d372ff6c9d7f","65d77726d27af10dc8ef6b00","",,,"",,,"",,,"",,,"",,,"",,,,,"",,,"",,,,"",,,"","","",,,"","",,,,,"","","",,,,,,,1,"",,,,,,,,,,,"","",,,,,"k",0.5766,,"space",0.4864,,1,"brown_gnomes",1,7,"bright_forest","yellow_basket","red_gnome",1,6,"dark_forest","red_basket",6,0,0,1,"red_gnome","dark_forest","red_basket",406,0,-2,38,1,77,0,1,"",,,"",,,"",,,"",,,,,,,"","",,,"",,,"",,,"",,,,,,,"",,,"","",,,,,,,,"",,,,,,,"",,,"","","",,,,,,,,"",,,,,"",,,,,"","","","",,,,,,"",,,,,"",,,,,"","",,,,,,"",,,,,,,
"","","",,"","","","","","","",,"","","","","","","",,"","","","","","","",,"","","","","",307361,1,"2024-02-22_16h32.54.400","experiment","2023.2.3","MacIntel",59.52380952,"5df9f1c15777b5752bf8b085","65d6198c9820d372ff6c9d7f","65d77726d27af10dc8ef6b00","",,,"",,,"",,,"",,,"",,,"",,,,,"",,,"",,,,"",,,"","","",,,"","",,,,,"","","",,,,,,,2,"",,,,,,,,,,,"","",,,,,"k",0.5951,,"space",0.6184,,2,"purple_gnome",2,7,"bright_forest","yellow_basket","green_gnome",2,4,"dark_forest","red_basket",4,0,0,1,"green_gnome","dark_forest","red_basket",410,-4,2,39,0,78,1,1,"",,,"",,,"",,,"",,,,,,,"","",,,"",,,"",,,"",,,,,,,"",,,"","",,,,,,,,"",,,,,,,"",,,"","","",,,,,,,,"",,,,,"",,,,,"","","","",,,,,,"",,,,,"",,,,,"","",,,,,,"",,,,,,,
"","","",,"","","","","","","",,"","","","","","","",,"","","","","","","",,"","","","","",307361,1,"2024-02-22_16h32.54.400","experiment","2023.2.3","MacIntel",59.52380952,"5df9f1c15777b5752bf8b085","65d6198c9820d372ff6c9d7f","65d77726d27af10dc8ef6b00","",,,"",,,"",,,"",,,"",,,"",,,,,"",,,"",,,,"",,,"","","",,,"","",,,,,"","","",,,,,,,1,"",,,,,,,,,,,"","",,,,,"k",0.799,,"space",0.5362,,1,"brown_gnomes",1,3,"bright_forest","yellow_basket","red_gnome",1,6,"dark_forest","red_basket",6,0,0,1,"red_gnome","dark_forest","red_basket",416,-3,-2,39,1,79,0,1,"",,,"",,,"",,,"",,,,,,,"","",,,"",,,"",,,"",,,,,,,"",,,"","",,,,,,,,"",,,,,,,"",,,"","","",,,,,,,,"",,,,,"",,,,,"","","","",,,,,,"",,,,,"",,,,,"","",,,,,,"",,,,,,,
"","","",,"","","","","","","",,"","","","","","","",,"","","","","","","",,"","","","","",307361,1,"2024-02-22_16h32.54.400","experiment","2023.2.3","MacIntel",59.52380952,"5df9f1c15777b5752bf8b085","65d6198c9820d372ff6c9d7f","65d77726d27af10dc8ef6b00","",,,"",,,"",,,"",,,"",,,"",,,,,"",,,"",,,,"",,,"","","",,,"","",,,,,"","","",,,,,,,2,"",,,,,,,,,,,"","",,,,,"s",0.3766,,"space",0.4184,,2,"green_gnome",2,4,"dark_forest","red_basket","purple_gnome",2,0,"bright_forest","yellow_basket",4,0,0,1,"green_gnome","dark_forest","red_basket",420,-1,-3,40,0,80,1,1,"",,,"",,,"",,,"",,,,,,,"","",,,"",,,"",,,"",,,,,,,"",,,"","",,,,,,,,"",,,,,,,"",,,"","","",,,,,,,,"",,,,,"",,,,,"","","","",,,,,,"",,,,,"",,,,,"","",,,,,,"",,,,,,,
"","","",,"","","","","","","",,"","","","","","","",,"","","","","","","",,"","","","","",307361,1,"2024-02-22_16h32.54.400","experiment","2023.2.3","MacIntel",59.52380952,"5df9f1c15777b5752bf8b085","65d6198c9820d372ff6c9d7f","65d77726d27af10dc8ef6b00","",,,"",,,"",,,"",,,"",,,"",,,,,"",,,"",,,,"",,,"","","",,,"","",,,,,"","","",,,,,,,2,"",,,,,,,,,,,"","",,,,,"k",0.494,,"space",0.5859,,2,"purple_gnome",2,1,"bright_forest","yellow_basket","green_gnome",2,1,"dark_forest","red_basket",1,0,0,1,"green_gnome","dark_forest","red_basket",421,2,3,40,1,81,1,1,"",,,"",,,"",,,"",,,,,,,"","",,,"",,,"",,,"",,,,,,,"",,,"","",,,,,,,,"",,,,,,,"",,,"","","",,,,,,,,"",,,,,"",,,,,"","","","",,,,,,"",,,,,"",,,,,"","",,,,,,"",,,,,,,
"","","",,"","","","","","","",,"","","","","","","",,"","","","","","","",,"","","","","",307361,1,"2024-02-22_16h32.54.400","experiment","2023.2.3","MacIntel",59.52380952,"5df9f1c15777b5752bf8b085","65d6198c9820d372ff6c9d7f","65d77726d27af10dc8ef6b00","",,,"",,,"",,,"",,,"",,,"",,,,,"",,,"",,,,"",,,"","","",,,"","",,,,,"","","",,,,,,,1,"",,,,,,,,,,,"","",,,,,"s",0.4269,,"space",0.4515,,1,"red_gnome",1,4,"dark_forest","red_basket","brown_gnomes",1,3,"bright_forest","yellow_basket",4,0,0,1,"red_gnome","dark_forest","red_basket",425,-2,-3,41,0,82,0,1,"",,,"",,,"",,,"",,,,,,,"","",,,"",,,"",,,"",,,,,,,"",,,"","",,,,,,,,"",,,,,,,"",,,"","","",,,,,,,,"",,,,,"",,,,,"","","","",,,,,,"",,,,,"",,,,,"","",,,,,,"",,,,,,,
"","","",,"","","","","","","",,"","","","","","","",,"","","","","","","",,"","","","","",307361,1,"2024-02-22_16h32.54.400","experiment","2023.2.3","MacIntel",59.52380952,"5df9f1c15777b5752bf8b085","65d6198c9820d372ff6c9d7f","65d77726d27af10dc8ef6b00","",,,"",,,"",,,"",,,"",,,"",,,,,"",,,"",,,,"",,,"","","",,,"","",,,,,"","","",,,,,,,1,"",,,,,,,,,,,"","",,,,,"s",0.5801,,"space",0.4248,,1,"red_gnome",1,1,"dark_forest","red_basket","brown_gnomes",1,1,"bright_forest","yellow_basket",1,0,0,1,"red_gnome","dark_forest","red_basket",426,0,0,41,1,83,0,1,"",,,"",,,"",,,"",,,,,,,"","",,,"",,,"",,,"",,,,,,,"",,,"","",,,,,,,,"",,,,,,,"",,,"","","",,,,,,,,"",,,,,"",,,,,"","","","",,,,,,"",,,,,"",,,,,"","",,,,,,"",,,,,,,
"","","",,"","","","","","","",,"","","","","","","",,"","","","","","","",,"","","","","",307361,1,"2024-02-22_16h32.54.400","experiment","2023.2.3","MacIntel",59.52380952,"5df9f1c15777b5752bf8b085","65d6198c9820d372ff6c9d7f","65d77726d27af10dc8ef6b00","",,,"",,,"",,,"",,,"",,,"",,,,,"",,,"",,,,"",,,"","","",,,"","",,,,,"","","",,,,,,,2,"",,,,,,,,,,,"","",,,,,"k",0.4268,,"space",0.4518,,2,"purple_gnome",2,1,"bright_forest","yellow_basket","green_gnome",2,1,"dark_forest","red_basket",1,0,0,1,"green_gnome","dark_forest","red_basket",427,1,-1,42,0,84,1,1,"",,,"",,,"",,,"",,,,,,,"","",,,"",,,"",,,"",,,,,,,"",,,"","",,,,,,,,"",,,,,,,"",,,"","","",,,,,,,,"",,,,,"",,,,,"","","","",,,,,,"",,,,,"",,,,,"","",,,,,,"",,,,,,,
"","","",,"","","","","","","",,"","","","","","","",,"","","","","","","",,"","","","","",307361,1,"2024-02-22_16h32.54.400","experiment","2023.2.3","MacIntel",59.52380952,"5df9f1c15777b5752bf8b085","65d6198c9820d372ff6c9d7f","65d77726d27af10dc8ef6b00","",,,"",,,"",,,"",,,"",,,"",,,,,"",,,"",,,,"",,,"","","",,,"","",,,,,"","","",,,,,,,2,"",,,,,,,,,,,"","",,,,,"s",0.4271,,"space",0.3692,,2,"green_gnome",2,0,"dark_forest","red_basket","purple_gnome",2,2,"bright_forest","yellow_basket",0,0,0,1,"green_gnome","dark_forest","red_basket",427,1,2,42,1,85,1,1,"",,,"",,,"",,,"",,,,,,,"","",,,"",,,"",,,"",,,,,,,"",,,"","",,,,,,,,"",,,,,,,"",,,"","","",,,,,,,,"",,,,,"",,,,,"","","","",,,,,,"",,,,,"",,,,,"","",,,,,,"",,,,,,,
"","","",,"","","","","","","",,"","","","","","","",,"","","","","","","",,"","","","","",307361,1,"2024-02-22_16h32.54.400","experiment","2023.2.3","MacIntel",59.52380952,"5df9f1c15777b5752bf8b085","65d6198c9820d372ff6c9d7f","65d77726d27af10dc8ef6b00","",,,"",,,"",,,"",,,"",,,"",,,,,"",,,"",,,,"",,,"","","",,,"","",,,,,"","","",,,,,,,2,"",,,,,,,,,,,"","",,,,,"k",0.4771,,"space",0.5552,,2,"purple_gnome",2,3,"bright_forest","yellow_basket","green_gnome",2,2,"dark_forest","red_basket",2,0,0,1,"green_gnome","dark_forest","red_basket",429,3,0,43,0,86,1,1,"",,,"",,,"",,,"",,,,,,,"","",,,"",,,"",,,"",,,,,,,"",,,"","",,,,,,,,"",,,,,,,"",,,"","","",,,,,,,,"",,,,,"",,,,,"","","","",,,,,,"",,,,,"",,,,,"","",,,,,,"",,,,,,,
"","","",,"","","","","","","",,"","","","","","","",,"","","","","","","",,"","","","","",307361,1,"2024-02-22_16h32.54.400","experiment","2023.2.3","MacIntel",59.52380952,"5df9f1c15777b5752bf8b085","65d6198c9820d372ff6c9d7f","65d77726d27af10dc8ef6b00","",,,"",,,"",,,"",,,"",,,"",,,,,"",,,"",,,,"",,,"","","",,,"","",,,,,"","","",,,,,,,2,"",,,,,,,,,,,"","",,,,,"s",0.4302,,"space",0.6843,,2,"green_gnome",2,2,"dark_forest","red_basket","purple_gnome",2,6,"bright_forest","yellow_basket",2,0,0,1,"green_gnome","dark_forest","red_basket",431,0,-4,43,1,87,1,1,"",,,"",,,"",,,"",,,,,,,"","",,,"",,,"",,,"",,,,,,,"",,,"","",,,,,,,,"",,,,,,,"",,,"","","",,,,,,,,"",,,,,"",,,,,"","","","",,,,,,"",,,,,"",,,,,"","",,,,,,"",,,,,,,
"","","",,"","","","","","","",,"","","","","","","",,"","","","","","","",,"","","","","",307361,1,"2024-02-22_16h32.54.400","experiment","2023.2.3","MacIntel",59.52380952,"5df9f1c15777b5752bf8b085","65d6198c9820d372ff6c9d7f","65d77726d27af10dc8ef6b00","",,,"",,,"",,,"",,,"",,,"",,,,,"",,,"",,,,"",,,"","","",,,"","",,,,,"","","",,,,,,,2,"",,,,,,,,,,,"","",,,,,"k",0.3932,,"space",0.5563,,2,"purple_gnome",2,6,"bright_forest","yellow_basket","green_gnome",2,2,"dark_forest","red_basket",2,0,0,1,"green_gnome","dark_forest","red_basket",433,-1,-1,44,0,88,1,1,"",,,"",,,"",,,"",,,,,,,"","",,,"",,,"",,,"",,,,,,,"",,,"","",,,,,,,,"",,,,,,,"",,,"","","",,,,,,,,"",,,,,"",,,,,"","","","",,,,,,"",,,,,"",,,,,"","",,,,,,"",,,,,,,
"","","",,"","","","","","","",,"","","","","","","",,"","","","","","","",,"","","","","",307361,1,"2024-02-22_16h32.54.400","experiment","2023.2.3","MacIntel",59.52380952,"5df9f1c15777b5752bf8b085","65d6198c9820d372ff6c9d7f","65d77726d27af10dc8ef6b00","",,,"",,,"",,,"",,,"",,,"",,,,,"",,,"",,,,"",,,"","","",,,"","",,,,,"","","",,,,,,,2,"",,,,,,,,,,,"","",,,,,"s",0.5602,,"space",0.8205,,2,"purple_gnome",2,5,"bright_forest","yellow_basket","green_gnome",2,1,"dark_forest","red_basket",5,0,0,1,"purple_gnome","bright_forest","yellow_basket",438,-1,2,44,1,89,1,1,"",,,"",,,"",,,"",,,,,,,"","",,,"",,,"",,,"",,,,,,,"",,,"","",,,,,,,,"",,,,,,,"",,,"","","",,,,,,,,"",,,,,"",,,,,"","","","",,,,,,"",,,,,"",,,,,"","",,,,,,"",,,,,,,
"","","",,"","","","","","","",,"","","","","","","",,"","","","","","","",,"","","","","",307361,1,"2024-02-22_16h32.54.400","experiment","2023.2.3","MacIntel",59.52380952,"5df9f1c15777b5752bf8b085","65d6198c9820d372ff6c9d7f","65d77726d27af10dc8ef6b00","",,,"",,,"",,,"",,,"",,,"",,,,,"",,,"",,,,"",,,"","","",,,"","",,,,,"","","",,,,,,,2,"",,,,,,,,,,,"","",,,,,"k",0.3928,,"space",0.4513,,2,"purple_gnome",2,4,"bright_forest","yellow_basket","green_gnome",2,3,"dark_forest","red_basket",3,0,0,1,"green_gnome","dark_forest","red_basket",441,-1,0,45,0,90,1,1,"",,,"",,,"",,,"",,,,,,,"","",,,"",,,"",,,"",,,,,,,"",,,"","",,,,,,,,"",,,,,,,"",,,"","","",,,,,,,,"",,,,,"",,,,,"","","","",,,,,,"",,,,,"",,,,,"","",,,,,,"",,,,,,,
"","","",,"","","","","","","",,"","","","","","","",,"","","","","","","",,"","","","","",307361,1,"2024-02-22_16h32.54.400","experiment","2023.2.3","MacIntel",59.52380952,"5df9f1c15777b5752bf8b085","65d6198c9820d372ff6c9d7f","65d77726d27af10dc8ef6b00","",,,"",,,"",,,"",,,"",,,"",,,,,"",,,"",,,,"",,,"","","",,,"","",,,,,"","","",,,,,,,2,"",,,,,,,,,,,"","",,,,,"s",0.3969,,"space",0.8237,,2,"purple_gnome",2,3,"bright_forest","yellow_basket","green_gnome",2,3,"dark_forest","red_basket",3,0,0,1,"purple_gnome","bright_forest","yellow_basket",444,3,0,45,1,91,1,1,"",,,"",,,"",,,"",,,,,,,"","",,,"",,,"",,,"",,,,,,,"",,,"","",,,,,,,,"",,,,,,,"",,,"","","",,,,,,,,"",,,,,"",,,,,"","","","",,,,,,"",,,,,"",,,,,"","",,,,,,"",,,,,,,
"","","",,"","","","","","","",,"","","","","","","",,"","","","","","","",,"","","","","",307361,1,"2024-02-22_16h32.54.400","experiment","2023.2.3","MacIntel",59.52380952,"5df9f1c15777b5752bf8b085","65d6198c9820d372ff6c9d7f","65d77726d27af10dc8ef6b00","",,,"",,,"",,,"",,,"",,,"",,,,,"",,,"",,,,"",,,"","","",,,"","",,,,,"","","",,,,,,,1,"",,,,,,,,,,,"","",,,,,"k",0.3314,,"space",0.9179,,1,"brown_gnomes",1,6,"bright_forest","yellow_basket","red_gnome",1,3,"dark_forest","red_basket",3,0,0,1,"red_gnome","dark_forest","red_basket",447,-1,1,46,0,92,0,1,"",,,"",,,"",,,"",,,,,,,"","",,,"",,,"",,,"",,,,,,,"",,,"","",,,,,,,,"",,,,,,,"",,,"","","",,,,,,,,"",,,,,"",,,,,"","","","",,,,,,"",,,,,"",,,,,"","",,,,,,"",,,,,,,
"","","",,"","","","","","","",,"","","","","","","",,"","","","","","","",,"","","","","",307361,1,"2024-02-22_16h32.54.400","experiment","2023.2.3","MacIntel",59.52380952,"5df9f1c15777b5752bf8b085","65d6198c9820d372ff6c9d7f","65d77726d27af10dc8ef6b00","",,,"",,,"",,,"",,,"",,,"",,,,,"",,,"",,,,"",,,"","","",,,"","",,,,,"","","",,,,,,,1,"",,,,,,,,,,,"","",,,,,"s",0.4096,,"space",0.5177,,1,"red_gnome",1,4,"dark_forest","red_basket","brown_gnomes",1,5,"bright_forest","yellow_basket",4,0,0,1,"red_gnome","dark_forest","red_basket",451,2,0,46,1,93,0,1,"",,,"",,,"",,,"",,,,,,,"","",,,"",,,"",,,"",,,,,,,"",,,"","",,,,,,,,"",,,,,,,"",,,"","","",,,,,,,,"",,,,,"",,,,,"","","","",,,,,,"",,,,,"",,,,,"","",,,,,,"",,,,,,,
"","","",,"","","","","","","",,"","","","","","","",,"","","","","","","",,"","","","","",307361,1,"2024-02-22_16h32.54.400","experiment","2023.2.3","MacIntel",59.52380952,"5df9f1c15777b5752bf8b085","65d6198c9820d372ff6c9d7f","65d77726d27af10dc8ef6b00","",,,"",,,"",,,"",,,"",,,"",,,,,"",,,"",,,,"",,,"","","",,,"","",,,,,"","","",,,,,,,1,"",,,,,,,,,,,"","",,,,,"s",0.9313,,"space",1.041,,1,"red_gnome",1,4,"dark_forest","red_basket","brown_gnomes",1,7,"bright_forest","yellow_basket",4,0,0,1,"red_gnome","dark_forest","red_basket",455,-1,1,47,0,94,0,1,"",,,"",,,"",,,"",,,,,,,"","",,,"",,,"",,,"",,,,,,,"",,,"","",,,,,,,,"",,,,,,,"",,,"","","",,,,,,,,"",,,,,"",,,,,"","","","",,,,,,"",,,,,"",,,,,"","",,,,,,"",,,,,,,
"","","",,"","","","","","","",,"","","","","","","",,"","","","","","","",,"","","","","",307361,1,"2024-02-22_16h32.54.400","experiment","2023.2.3","MacIntel",59.52380952,"5df9f1c15777b5752bf8b085","65d6198c9820d372ff6c9d7f","65d77726d27af10dc8ef6b00","",,,"",,,"",,,"",,,"",,,"",,,,,"",,,"",,,,"",,,"","","",,,"","",,,,,"","","",,,,,,,1,"",,,,,,,,,,,"","",,,,,"k",0.4605,,"space",0.6177,,1,"red_gnome",1,5,"dark_forest","red_basket","brown_gnomes",1,6,"bright_forest","yellow_basket",6,0,0,1,"brown_gnomes","bright_forest","yellow_basket",461,2,-2,47,1,95,0,1,"",,,"",,,"",,,"",,,,,,,"","",,,"",,,"",,,"",,,,,,,"",,,"","",,,,,,,,"",,,,,,,"",,,"","","",,,,,,,,"",,,,,"",,,,,"","","","",,,,,,"",,,,,"",,,,,"","",,,,,,"",,,,,,,
"","","",,"","","","","","","",,"","","","","","","",,"","","","","","","",,"","","","","",307361,1,"2024-02-22_16h32.54.400","experiment","2023.2.3","MacIntel",59.52380952,"5df9f1c15777b5752bf8b085","65d6198c9820d372ff6c9d7f","65d77726d27af10dc8ef6b00","",,,"",,,"",,,"",,,"",,,"",,,,,"",,,"",,,,"",,,"","","",,,"","",,,,,"","","",,,,,,,2,"",,,,,,,,,,,"","",,,,,"s",0.3289,,"space",0.3348,,2,"green_gnome",2,3,"dark_forest","red_basket","purple_gnome",2,8,"bright_forest","yellow_basket",3,0,0,1,"green_gnome","dark_forest","red_basket",464,-3,2,48,0,96,1,1,"",,,"",,,"",,,"",,,,,,,"","",,,"",,,"",,,"",,,,,,,"",,,"","",,,,,,,,"",,,,,,,"",,,"","","",,,,,,,,"",,,,,"",,,,,"","","","",,,,,,"",,,,,"",,,,,"","",,,,,,"",,,,,,,
"","","",,"","","","","","","",,"","","","","","","",,"","","","","","","",,"","","","","",307361,1,"2024-02-22_16h32.54.400","experiment","2023.2.3","MacIntel",59.52380952,"5df9f1c15777b5752bf8b085","65d6198c9820d372ff6c9d7f","65d77726d27af10dc8ef6b00","",,,"",,,"",,,"",,,"",,,"",,,,,"",,,"",,,,"",,,"","","",,,"","",,,,,"","","",,,,,,,1,"",,,,,,,,,,,"","",,,,,"k",0.3808,,"space",0.386,,1,"red_gnome",1,5,"dark_forest","red_basket","brown_gnomes",1,5,"bright_forest","yellow_basket",5,0,0,1,"brown_gnomes","bright_forest","yellow_basket",469,-2,1,48,1,97,0,1,"",,,"",,,"",,,"",,,,,,,"","",,,"",,,"",,,"",,,,,,,"",,,"","",,,,,,,,"",,,,,,,"",,,"","","",,,,,,,,"",,,,,"",,,,,"","","","",,,,,,"",,,,,"",,,,,"","",,,,,,"",,,,,,,
"","","",,"","","","","","","",,"","","","","","","",,"","","","","","","",,"","","","","",307361,1,"2024-02-22_16h32.54.400","experiment","2023.2.3","MacIntel",59.52380952,"5df9f1c15777b5752bf8b085","65d6198c9820d372ff6c9d7f","65d77726d27af10dc8ef6b00","",,,"",,,"",,,"",,,"",,,"",,,,,"",,,"",,,,"",,,"","","",,,"","",,,,,"","","",,,,,,,2,"",,,,,,,,,,,"","",,,,,"s",0.3438,,"space",0.3896,,2,"purple_gnome",2,3,"bright_forest","yellow_basket","green_gnome",2,6,"dark_forest","red_basket",3,0,0,1,"purple_gnome","bright_forest","yellow_basket",472,3,1,49,0,98,1,1,"",,,"",,,"",,,"",,,,,,,"","",,,"",,,"",,,"",,,,,,,"",,,"","",,,,,,,,"",,,,,,,"",,,"","","",,,,,,,,"",,,,,"",,,,,"","","","",,,,,,"",,,,,"",,,,,"","",,,,,,"",,,,,,,
"","","",,"","","","","","","",,"","","","","","","",,"","","","","","","",,"","","","","",307361,1,"2024-02-22_16h32.54.400","experiment","2023.2.3","MacIntel",59.52380952,"5df9f1c15777b5752bf8b085","65d6198c9820d372ff6c9d7f","65d77726d27af10dc8ef6b00","",,,"",,,"",,,"",,,"",,,"",,,,,"",,,"",,,,"",,,"","","",,,"","",,,,,"","","",,,,,,,1,"",,,,,,,,,,,"","",,,,,"k",0.5928,,"space",0.7712,,1,"red_gnome",1,7,"dark_forest","red_basket","brown_gnomes",1,6,"bright_forest","yellow_basket",6,0,0,1,"brown_gnomes","bright_forest","yellow_basket",478,-1,2,49,1,99,0,1,"",,,"",,,"",,,"",,,,,,,"","",,,"",,,"",,,"",,,,,,,"",,,"","",,,,,,,,"",,,,,,,"",,,"","","",,,,,,,,"",,,,,"",,,,,"","","","",,,,,,"",,,,,"",,,,,"","",,,,,,"",,,,,,,
"","","",,"","","","","","","",,"","","","","","","",,"","","","","","","",,"","","","","",307361,1,"2024-02-22_16h32.54.400","experiment","2023.2.3","MacIntel",59.52380952,"5df9f1c15777b5752bf8b085","65d6198c9820d372ff6c9d7f","65d77726d27af10dc8ef6b00","",,,"",,,"",,,"",,,"",,,"",,,,,"",,,"",,,,"",,,"","","",,,"","",,,,,"","","",,,,,,,2,"",,,,,,,,,,,"","",,,,,"s",0.2786,,"space",0.4213,,2,"purple_gnome",2,5,"bright_forest","yellow_basket","green_gnome",2,9,"dark_forest","red_basket",5,0,0,1,"purple_gnome","bright_forest","yellow_basket",483,0,-1,50,0,100,1,1,"",,,"",,,"",,,"",,,,,,,"","",,,"",,,"",,,"",,,,,,,"",,,"","",,,,,,,,"",,,,,,,"",,,"","","",,,,,,,,"",,,,,"",,,,,"","","","",,,,,,"",,,,,"",,,,,"","",,,,,,"",,,,,,,
"","","",,"","","","","","","",,"","","","","","","",,"","","","","","","",,"","","","","",307361,1,"2024-02-22_16h32.54.400","experiment","2023.2.3","MacIntel",59.52380952,"5df9f1c15777b5752bf8b085","65d6198c9820d372ff6c9d7f","65d77726d27af10dc8ef6b00","",,,"",,,"",,,"",,,"",,,"",,,,,"",,,"",,,,"",,,"","","",,,"","",,,,,"","","",,,,,,,2,"",,,,,,,,,,,"","",,,,,"k",0.3319,,"space",0.1165,,2,"green_gnome",2,8,"dark_forest","red_basket","purple_gnome",2,5,"bright_forest","yellow_basket",5,0,0,1,"purple_gnome","bright_forest","yellow_basket",488,-2,-1,50,1,101,1,1,"",,,"",,,"",,,"",,,,,,,"","",,,"",,,"",,,"",,,,,,,"",,,"","",,,,,,,,"",,,,,,,"",,,"","","",,,,,,,,"",,,,,"",,,,,"","","","",,,,,,"",,,,,"",,,,,"","",,,,,,"",,,,,,,
"","","",,"","","","","","","",,"","","","","","","",,"","","","","","","",,"","","","","",307361,1,"2024-02-22_16h32.54.400","experiment","2023.2.3","MacIntel",59.52380952,"5df9f1c15777b5752bf8b085","65d6198c9820d372ff6c9d7f","65d77726d27af10dc8ef6b00","",,,"",,,"",,,"",,,"",,,"",,,,,"",,,"",,,,"",,,"","","",,,"","",,,,,"","","",,,,,,,1,"",,,,,,,,,,,"","",,,,,"s",0.3919,,"space",0.3892,,1,"red_gnome",1,7,"dark_forest","red_basket","brown_gnomes",1,3,"bright_forest","yellow_basket",7,0,0,1,"red_gnome","dark_forest","red_basket",495,0,1,51,0,102,0,1,"",,,"",,,"",,,"",,,,,,,"","",,,"",,,"",,,"",,,,,,,"",,,"","",,,,,,,,"",,,,,,,"",,,"","","",,,,,,,,"",,,,,"",,,,,"","","","",,,,,,"",,,,,"",,,,,"","",,,,,,"",,,,,,,
"","","",,"","","","","","","",,"","","","","","","",,"","","","","","","",,"","","","","",307361,1,"2024-02-22_16h32.54.400","experiment","2023.2.3","MacIntel",59.52380952,"5df9f1c15777b5752bf8b085","65d6198c9820d372ff6c9d7f","65d77726d27af10dc8ef6b00","",,,"",,,"",,,"",,,"",,,"",,,,,"",,,"",,,,"",,,"","","",,,"","",,,,,"","","",,,,,,,2,"",,,,,,,,,,,"","",,,,,"k",0.3922,,"space",0.6174,,2,"green_gnome",2,8,"dark_forest","red_basket","purple_gnome",2,3,"bright_forest","yellow_basket",3,0,0,1,"purple_gnome","bright_forest","yellow_basket",498,0,2,51,1,103,1,1,"",,,"",,,"",,,"",,,,,,,"","",,,"",,,"",,,"",,,,,,,"",,,"","",,,,,,,,"",,,,,,,"",,,"","","",,,,,,,,"",,,,,"",,,,,"","","","",,,,,,"",,,,,"",,,,,"","",,,,,,"",,,,,,,
"","","",,"","","","","","","",,"","","","","","","",,"","","","","","","",,"","","","","",307361,1,"2024-02-22_16h32.54.400","experiment","2023.2.3","MacIntel",59.52380952,"5df9f1c15777b5752bf8b085","65d6198c9820d372ff6c9d7f","65d77726d27af10dc8ef6b00","",,,"",,,"",,,"",,,"",,,"",,,,,"",,,"",,,,"",,,"","","",,,"","",,,,,"","","",,,,,,,1,"",,,,,,,,,,,"","",,,,,"s",0.4317,,"space",0.5215,,1,"brown_gnomes",1,3,"bright_forest","yellow_basket","red_gnome",1,8,"dark_forest","red_basket",3,0,0,1,"brown_gnomes","bright_forest","yellow_basket",501,-1,1,52,0,104,0,1,"",,,"",,,"",,,"",,,,,,,"","",,,"",,,"",,,"",,,,,,,"",,,"","",,,,,,,,"",,,,,,,"",,,"","","",,,,,,,,"",,,,,"",,,,,"","","","",,,,,,"",,,,,"",,,,,"","",,,,,,"",,,,,,,
"","","",,"","","","","","","",,"","","","","","","",,"","","","","","","",,"","","","","",307361,1,"2024-02-22_16h32.54.400","experiment","2023.2.3","MacIntel",59.52380952,"5df9f1c15777b5752bf8b085","65d6198c9820d372ff6c9d7f","65d77726d27af10dc8ef6b00","",,,"",,,"",,,"",,,"",,,"",,,,,"",,,"",,,,"",,,"","","",,,"","",,,,,"","","",,,,,,,2,"",,,,,,,,,,,"","",,,,,"k",0.4113,,"space",0.4727,,2,"green_gnome",2,9,"dark_forest","red_basket","purple_gnome",2,2,"bright_forest","yellow_basket",2,0,0,1,"purple_gnome","bright_forest","yellow_basket",503,0,0,52,1,105,1,1,"",,,"",,,"",,,"",,,,,,,"","",,,"",,,"",,,"",,,,,,,"",,,"","",,,,,,,,"",,,,,,,"",,,"","","",,,,,,,,"",,,,,"",,,,,"","","","",,,,,,"",,,,,"",,,,,"","",,,,,,"",,,,,,,
"","","",,"","","","","","","",,"","","","","","","",,"","","","","","","",,"","","","","",307361,1,"2024-02-22_16h32.54.400","experiment","2023.2.3","MacIntel",59.52380952,"5df9f1c15777b5752bf8b085","65d6198c9820d372ff6c9d7f","65d77726d27af10dc8ef6b00","",,,"",,,"",,,"",,,"",,,"",,,,,"",,,"",,,,"",,,"","","",,,"","",,,,,"","","",,,,,,,1,"",,,,,,,,,,,"","",,,,,"s",0.3258,,"space",0.3336,,1,"red_gnome",1,9,"dark_forest","red_basket","brown_gnomes",1,2,"bright_forest","yellow_basket",9,0,0,1,"red_gnome","dark_forest","red_basket",512,1,1,53,0,106,0,1,"",,,"",,,"",,,"",,,,,,,"","",,,"",,,"",,,"",,,,,,,"",,,"","",,,,,,,,"",,,,,,,"",,,"","","",,,,,,,,"",,,,,"",,,,,"","","","",,,,,,"",,,,,"",,,,,"","",,,,,,"",,,,,,,
"","","",,"","","","","","","",,"","","","","","","",,"","","","","","","",,"","","","","",307361,1,"2024-02-22_16h32.54.400","experiment","2023.2.3","MacIntel",59.52380952,"5df9f1c15777b5752bf8b085","65d6198c9820d372ff6c9d7f","65d77726d27af10dc8ef6b00","",,,"",,,"",,,"",,,"",,,"",,,,,"",,,"",,,,"",,,"","","",,,"","",,,,,"","","",,,,,,,1,"",,,,,,,,,,,"","",,,,,"k",0.5774,,"space",0.8525,,1,"brown_gnomes",1,3,"bright_forest","yellow_basket","red_gnome",1,8,"dark_forest","red_basket",8,0,0,1,"red_gnome","dark_forest","red_basket",520,0,3,53,1,107,0,1,"",,,"",,,"",,,"",,,,,,,"","",,,"",,,"",,,"",,,,,,,"",,,"","",,,,,,,,"",,,,,,,"",,,"","","",,,,,,,,"",,,,,"",,,,,"","","","",,,,,,"",,,,,"",,,,,"","",,,,,,"",,,,,,,
"","","",,"","","","","","","",,"","","","","","","",,"","","","","","","",,"","","","","",307361,1,"2024-02-22_16h32.54.400","experiment","2023.2.3","MacIntel",59.52380952,"5df9f1c15777b5752bf8b085","65d6198c9820d372ff6c9d7f","65d77726d27af10dc8ef6b00","",,,"",,,"",,,"",,,"",,,"",,,,,"",,,"",,,,"",,,"","","",,,"","",,,,,"","","",,,,,,,2,"",,,,,,,,,,,"","",,,,,"s",0.4639,,"space",0.5518,,2,"green_gnome",2,7,"dark_forest","red_basket","purple_gnome",2,3,"bright_forest","yellow_basket",7,0,0,1,"green_gnome","dark_forest","red_basket",527,2,-3,54,0,108,1,1,"",,,"",,,"",,,"",,,,,,,"","",,,"",,,"",,,"",,,,,,,"",,,"","",,,,,,,,"",,,,,,,"",,,"","","",,,,,,,,"",,,,,"",,,,,"","","","",,,,,,"",,,,,"",,,,,"","",,,,,,"",,,,,,,
"","","",,"","","","","","","",,"","","","","","","",,"","","","","","","",,"","","","","",307361,1,"2024-02-22_16h32.54.400","experiment","2023.2.3","MacIntel",59.52380952,"5df9f1c15777b5752bf8b085","65d6198c9820d372ff6c9d7f","65d77726d27af10dc8ef6b00","",,,"",,,"",,,"",,,"",,,"",,,,,"",,,"",,,,"",,,"","","",,,"","",,,,,"","","",,,,,,,2,"",,,,,,,,,,,"","",,,,,"s",0.5754,,"space",0.5847,,2,"green_gnome",2,4,"dark_forest","red_basket","purple_gnome",2,5,"bright_forest","yellow_basket",4,0,0,1,"green_gnome","dark_forest","red_basket",531,-3,1,54,1,109,1,1,"",,,"",,,"",,,"",,,,,,,"","",,,"",,,"",,,"",,,,,,,"",,,"","",,,,,,,,"",,,,,,,"",,,"","","",,,,,,,,"",,,,,"",,,,,"","","","",,,,,,"",,,,,"",,,,,"","",,,,,,"",,,,,,,
"","","",,"","","","","","","",,"","","","","","","",,"","","","","","","",,"","","","","",307361,1,"2024-02-22_16h32.54.400","experiment","2023.2.3","MacIntel",59.52380952,"5df9f1c15777b5752bf8b085","65d6198c9820d372ff6c9d7f","65d77726d27af10dc8ef6b00","",,,"",,,"",,,"",,,"",,,"",,,,,"",,,"",,,,"",,,"","","",,,"","",,,,,"","","",,,,,,,1,"",,,,,,,,,,,"","",,,,,"k",0.8822,,"space",0.5359,,1,"brown_gnomes",1,2,"bright_forest","yellow_basket","red_gnome",1,5,"dark_forest","red_basket",5,0,0,1,"red_gnome","dark_forest","red_basket",536,-1,2,55,0,110,0,1,"",,,"",,,"",,,"",,,,,,,"","",,,"",,,"",,,"",,,,,,,"",,,"","",,,,,,,,"",,,,,,,"",,,"","","",,,,,,,,"",,,,,"",,,,,"","","","",,,,,,"",,,,,"",,,,,"","",,,,,,"",,,,,,,
"","","",,"","","","","","","",,"","","","","","","",,"","","","","","","",,"","","","","",307361,1,"2024-02-22_16h32.54.400","experiment","2023.2.3","MacIntel",59.52380952,"5df9f1c15777b5752bf8b085","65d6198c9820d372ff6c9d7f","65d77726d27af10dc8ef6b00","",,,"",,,"",,,"",,,"",,,"",,,,,"",,,"",,,,"",,,"","","",,,"","",,,,,"","","",,,,,,,2,"",,,,,,,,,,,"","",,,,,"s",0.4284,,"space",0.4502,,2,"green_gnome",2,7,"dark_forest","red_basket","purple_gnome",2,1,"bright_forest","yellow_basket",7,0,0,1,"green_gnome","dark_forest","red_basket",543,-2,4,55,1,111,1,1,"",,,"",,,"",,,"",,,,,,,"","",,,"",,,"",,,"",,,,,,,"",,,"","",,,,,,,,"",,,,,,,"",,,"","","",,,,,,,,"",,,,,"",,,,,"","","","",,,,,,"",,,,,"",,,,,"","",,,,,,"",,,,,,,
"","","",,"","","","","","","",,"","","","","","","",,"","","","","","","",,"","","","","",307361,1,"2024-02-22_16h32.54.400","experiment","2023.2.3","MacIntel",59.52380952,"5df9f1c15777b5752bf8b085","65d6198c9820d372ff6c9d7f","65d77726d27af10dc8ef6b00","",,,"",,,"",,,"",,,"",,,"",,,,,"",,,"",,,,"",,,"","","",,,"","",,,,,"","","",,,,,,,1,"",,,,,,,,,,,"","",,,,,"k",0.476,,"space",0.5168,,1,"brown_gnomes",1,1,"bright_forest","yellow_basket","red_gnome",1,7,"dark_forest","red_basket",7,0,0,1,"red_gnome","dark_forest","red_basket",550,-2,-1,56,0,112,0,1,"",,,"",,,"",,,"",,,,,,,"","",,,"",,,"",,,"",,,,,,,"",,,"","",,,,,,,,"",,,,,,,"",,,"","","",,,,,,,,"",,,,,"",,,,,"","","","",,,,,,"",,,,,"",,,,,"","",,,,,,"",,,,,,,
"","","",,"","","","","","","",,"","","","","","","",,"","","","","","","",,"","","","","",307361,1,"2024-02-22_16h32.54.400","experiment","2023.2.3","MacIntel",59.52380952,"5df9f1c15777b5752bf8b085","65d6198c9820d372ff6c9d7f","65d77726d27af10dc8ef6b00","",,,"",,,"",,,"",,,"",,,"",,,,,"",,,"",,,,"",,,"","","",,,"","",,,,,"","","",,,,,,,2,"",,,,,,,,,,,"","",,,,,"s",0.3802,,"space",0.3675,,2,"green_gnome",2,6,"dark_forest","red_basket","purple_gnome",2,1,"bright_forest","yellow_basket",6,0,0,1,"green_gnome","dark_forest","red_basket",556,0,1,56,1,113,1,1,"",,,"",,,"",,,"",,,,,,,"","",,,"",,,"",,,"",,,,,,,"",,,"","",,,,,,,,"",,,,,,,"",,,"","","",,,,,,,,"",,,,,"",,,,,"","","","",,,,,,"",,,,,"",,,,,"","",,,,,,"",,,,,,,
"","","",,"","","","","","","",,"","","","","","","",,"","","","","","","",,"","","","","",307361,1,"2024-02-22_16h32.54.400","experiment","2023.2.3","MacIntel",59.52380952,"5df9f1c15777b5752bf8b085","65d6198c9820d372ff6c9d7f","65d77726d27af10dc8ef6b00","",,,"",,,"",,,"",,,"",,,"",,,,,"",,,"",,,,"",,,"","","",,,"","",,,,,"","","",,,,,,,1,"",,,,,,,,,,,"","",,,,,"k",0.3445,,"space",0.4177,,1,"red_gnome",1,7,"dark_forest","red_basket","brown_gnomes",1,1,"bright_forest","yellow_basket",1,0,0,1,"brown_gnomes","bright_forest","yellow_basket",557,-2,1,57,0,114,0,1,"",,,"",,,"",,,"",,,,,,,"","",,,"",,,"",,,"",,,,,,,"",,,"","",,,,,,,,"",,,,,,,"",,,"","","",,,,,,,,"",,,,,"",,,,,"","","","",,,,,,"",,,,,"",,,,,"","",,,,,,"",,,,,,,
"","","",,"","","","","","","",,"","","","","","","",,"","","","","","","",,"","","","","",307361,1,"2024-02-22_16h32.54.400","experiment","2023.2.3","MacIntel",59.52380952,"5df9f1c15777b5752bf8b085","65d6198c9820d372ff6c9d7f","65d77726d27af10dc8ef6b00","",,,"",,,"",,,"",,,"",,,"",,,,,"",,,"",,,,"",,,"","","",,,"","",,,,,"","","",,,,,,,2,"",,,,,,,,,,,"","",,,,,"s",0.3763,,"space",0.801,,2,"green_gnome",2,8,"dark_forest","red_basket","purple_gnome",2,1,"bright_forest","yellow_basket",8,0,0,1,"green_gnome","dark_forest","red_basket",565,0,-4,57,1,115,1,1,"",,,"",,,"",,,"",,,,,,,"","",,,"",,,"",,,"",,,,,,,"",,,"","",,,,,,,,"",,,,,,,"",,,"","","",,,,,,,,"",,,,,"",,,,,"","","","",,,,,,"",,,,,"",,,,,"","",,,,,,"",,,,,,,
"","","",,"","","","","","","",,"","","","","","","",,"","","","","","","",,"","","","","",307361,1,"2024-02-22_16h32.54.400","experiment","2023.2.3","MacIntel",59.52380952,"5df9f1c15777b5752bf8b085","65d6198c9820d372ff6c9d7f","65d77726d27af10dc8ef6b00","",,,"",,,"",,,"",,,"",,,"",,,,,"",,,"",,,,"",,,"","","",,,"","",,,,,"","","",,,,,,,2,"",,,,,,,,,,,"","",,,,,"s",0.6764,,"space",0.4839,,2,"purple_gnome",2,1,"bright_forest","yellow_basket","green_gnome",2,4,"dark_forest","red_basket",1,0,0,1,"purple_gnome","bright_forest","yellow_basket",566,-3,0,58,0,116,1,1,"",,,"",,,"",,,"",,,,,,,"","",,,"",,,"",,,"",,,,,,,"",,,"","",,,,,,,,"",,,,,,,"",,,"","","",,,,,,,,"",,,,,"",,,,,"","","","",,,,,,"",,,,,"",,,,,"","",,,,,,"",,,,,,,
"","","",,"","","","","","","",,"","","","","","","",,"","","","","","","",,"","","","","",307361,1,"2024-02-22_16h32.54.400","experiment","2023.2.3","MacIntel",59.52380952,"5df9f1c15777b5752bf8b085","65d6198c9820d372ff6c9d7f","65d77726d27af10dc8ef6b00","",,,"",,,"",,,"",,,"",,,"",,,,,"",,,"",,,,"",,,"","","",,,"","",,,,,"","","",,,,,,,2,"",,,,,,,,,,,"","",,,,,"k",0.3927,,"space",0.5537,,2,"purple_gnome",2,2,"bright_forest","yellow_basket","green_gnome",2,4,"dark_forest","red_basket",4,0,0,1,"green_gnome","dark_forest","red_basket",570,1,3,58,1,117,1,1,"",,,"",,,"",,,"",,,,,,,"","",,,"",,,"",,,"",,,,,,,"",,,"","",,,,,,,,"",,,,,,,"",,,"","","",,,,,,,,"",,,,,"",,,,,"","","","",,,,,,"",,,,,"",,,,,"","",,,,,,"",,,,,,,
"","","",,"","","","","","","",,"","","","","","","",,"","","","","","","",,"","","","","",307361,1,"2024-02-22_16h32.54.400","experiment","2023.2.3","MacIntel",59.52380952,"5df9f1c15777b5752bf8b085","65d6198c9820d372ff6c9d7f","65d77726d27af10dc8ef6b00","",,,"",,,"",,,"",,,"",,,"",,,,,"",,,"",,,,"",,,"","","",,,"","",,,,,"","","",,,,,,,2,"",,,,,,,,,,,"","",,,,,"s",0.3632,,"space",0.5852,,2,"purple_gnome",2,3,"bright_forest","yellow_basket","green_gnome",2,7,"dark_forest","red_basket",3,0,0,1,"purple_gnome","bright_forest","yellow_basket",573,2,0,59,0,118,1,1,"",,,"",,,"",,,"",,,,,,,"","",,,"",,,"",,,"",,,,,,,"",,,"","",,,,,,,,"",,,,,,,"",,,"","","",,,,,,,,"",,,,,"",,,,,"","","","",,,,,,"",,,,,"",,,,,"","",,,,,,"",,,,,,,
"","","",,"","","","","","","",,"","","","","","","",,"","","","","","","",,"","","","","",307361,1,"2024-02-22_16h32.54.400","experiment","2023.2.3","MacIntel",59.52380952,"5df9f1c15777b5752bf8b085","65d6198c9820d372ff6c9d7f","65d77726d27af10dc8ef6b00","",,,"",,,"",,,"",,,"",,,"",,,,,"",,,"",,,,"",,,"","","",,,"","",,,,,"","","",,,,,,,2,"",,,,,,,,,,,"","",,,,,"s",0.5596,,"space",0.3691,,2,"purple_gnome",2,5,"bright_forest","yellow_basket","green_gnome",2,7,"dark_forest","red_basket",5,0,0,1,"purple_gnome","bright_forest","yellow_basket",578,2,0,59,1,119,1,1,"",,,"",,,"",,,"",,,,,,,"","",,,"",,,"",,,"",,,,,,,"",,,"","",,,,,,,,"",,,,,,,"",,,"","","",,,,,,,,"",,,,,"",,,,,"","","","",,,,,,"",,,,,"",,,,,"","",,,,,,"",,,,,,,
"","","",,"","","","","","","",,"","","","","","","",,"","","","","","","",,"","","","","",307361,1,"2024-02-22_16h32.54.400","experiment","2023.2.3","MacIntel",59.52380952,"5df9f1c15777b5752bf8b085","65d6198c9820d372ff6c9d7f","65d77726d27af10dc8ef6b00","",,,"",,,"",,,"",,,"",,,"",,,,,"",,,"",,,,"",,,"","","",,,"","",,,,,"","","",,,,,,,2,"",,,,,,,,,,,"","",,,,,"k",0.4123,,"space",0.3527,,2,"purple_gnome",2,7,"bright_forest","yellow_basket","green_gnome",2,7,"dark_forest","red_basket",7,0,0,1,"green_gnome","dark_forest","red_basket",585,3,1,60,0,120,1,1,"",,,"",,,"",,,"",,,,,,,"","",,,"",,,"",,,"",,,,,,,"",,,"","",,,,,,,,"",,,,,,,"",,,"","","",,,,,,,,"",,,,,"",,,,,"","","","",,,,,,"",,,,,"",,,,,"","",,,,,,"",,,,,,,
"","","",,"","","","","","","",,"","","","","","","",,"","","","","","","",,"","","","","",307361,1,"2024-02-22_16h32.54.400","experiment","2023.2.3","MacIntel",59.52380952,"5df9f1c15777b5752bf8b085","65d6198c9820d372ff6c9d7f","65d77726d27af10dc8ef6b00","",,,"",,,"",,,"",,,"",,,"",,,,,"",,,"",,,,"",,,"","","",,,"","",,,,,"","","",,,,,,,2,"",,,,,,,,,,,"","",,,,,"k",0.5106,,"space",0.4176,,2,"purple_gnome",2,8,"bright_forest","yellow_basket","green_gnome",2,8,"dark_forest","red_basket",8,0,0,1,"green_gnome","dark_forest","red_basket",593,-1,1,60,1,121,1,1,"",,,"",,,"",,,"",,,,,,,"","",,,"",,,"",,,"",,,,,,,"",,,"","",,,,,,,,"",,,,,,,"",,,"","","",,,,,,,,"",,,,,"",,,,,"","","","",,,,,,"",,,,,"",,,,,"","",,,,,,"",,,,,,,
"","","",,"","","","","","","",,"","","","","","","",,"","","","","","","",,"","","","","",307361,1,"2024-02-22_16h32.54.400","experiment","2023.2.3","MacIntel",59.52380952,"5df9f1c15777b5752bf8b085","65d6198c9820d372ff6c9d7f","65d77726d27af10dc8ef6b00","",,,"",,,"",,,"",,,"",,,"",,,,,"",,,"",,,,"",,,"","","",,,"","",,,,,"","","",,,,,,,1,"",,,,,,,,,,,"","",,,,,"k",0.6632,,"space",0.5182,,1,"brown_gnomes",1,7,"bright_forest","yellow_basket","red_gnome",1,9,"dark_forest","red_basket",9,0,0,1,"red_gnome","dark_forest","red_basket",602,0,5,61,0,122,0,1,"",,,"",,,"",,,"",,,,,,,"","",,,"",,,"",,,"",,,,,,,"",,,"","",,,,,,,,"",,,,,,,"",,,"","","",,,,,,,,"",,,,,"",,,,,"","","","",,,,,,"",,,,,"",,,,,"","",,,,,,"",,,,,,,
"","","",,"","","","","","","",,"","","","","","","",,"","","","","","","",,"","","","","",307361,1,"2024-02-22_16h32.54.400","experiment","2023.2.3","MacIntel",59.52380952,"5df9f1c15777b5752bf8b085","65d6198c9820d372ff6c9d7f","65d77726d27af10dc8ef6b00","",,,"",,,"",,,"",,,"",,,"",,,,,"",,,"",,,,"",,,"","","",,,"","",,,,,"","","",,,,,,,1,"",,,,,,,,,,,"","",,,,,"k",0.6435,,"space",0.8503,,1,"brown_gnomes",1,7,"bright_forest","yellow_basket","red_gnome",1,4,"dark_forest","red_basket",4,0,0,1,"red_gnome","dark_forest","red_basket",606,4,0,61,1,123,0,1,"",,,"",,,"",,,"",,,,,,,"","",,,"",,,"",,,"",,,,,,,"",,,"","",,,,,,,,"",,,,,,,"",,,"","","",,,,,,,,"",,,,,"",,,,,"","","","",,,,,,"",,,,,"",,,,,"","",,,,,,"",,,,,,,
"","","",,"","","","","","","",,"","","","","","","",,"","","","","","","",,"","","","","",307361,1,"2024-02-22_16h32.54.400","experiment","2023.2.3","MacIntel",59.52380952,"5df9f1c15777b5752bf8b085","65d6198c9820d372ff6c9d7f","65d77726d27af10dc8ef6b00","",,,"",,,"",,,"",,,"",,,"",,,,,"",,,"",,,,"",,,"","","",,,"","",,,,,"","","",,,,,,,2,"",,,,,,,,,,,"","",,,,,"k",0.5586,,"space",0.8339,,2,"purple_gnome",2,7,"bright_forest","yellow_basket","green_gnome",2,4,"dark_forest","red_basket",4,0,0,1,"green_gnome","dark_forest","red_basket",610,-1,0,62,0,124,1,1,"",,,"",,,"",,,"",,,,,,,"","",,,"",,,"",,,"",,,,,,,"",,,"","",,,,,,,,"",,,,,,,"",,,"","","",,,,,,,,"",,,,,"",,,,,"","","","",,,,,,"",,,,,"",,,,,"","",,,,,,"",,,,,,,
"","","",,"","","","","","","",,"","","","","","","",,"","","","","","","",,"","","","","",307361,1,"2024-02-22_16h32.54.400","experiment","2023.2.3","MacIntel",59.52380952,"5df9f1c15777b5752bf8b085","65d6198c9820d372ff6c9d7f","65d77726d27af10dc8ef6b00","",,,"",,,"",,,"",,,"",,,"",,,,,"",,,"",,,,"",,,"","","",,,"","",,,,,"","","",,,,,,,1,"",,,,,,,,,,,"","",,,,,"k",0.877,,"space",0.7173,,1,"brown_gnomes",1,6,"bright_forest","yellow_basket","red_gnome",1,4,"dark_forest","red_basket",4,0,0,1,"red_gnome","dark_forest","red_basket",614,-2,1,62,1,125,0,1,"",,,"",,,"",,,"",,,,,,,"","",,,"",,,"",,,"",,,,,,,"",,,"","",,,,,,,,"",,,,,,,"",,,"","","",,,,,,,,"",,,,,"",,,,,"","","","",,,,,,"",,,,,"",,,,,"","",,,,,,"",,,,,,,
"","","",,"","","","","","","",,"","","","","","","",,"","","","","","","",,"","","","","",307361,1,"2024-02-22_16h32.54.400","experiment","2023.2.3","MacIntel",59.52380952,"5df9f1c15777b5752bf8b085","65d6198c9820d372ff6c9d7f","65d77726d27af10dc8ef6b00","",,,"",,,"",,,"",,,"",,,"",,,,,"",,,"",,,,"",,,"","","",,,"","",,,,,"","","",,,,,,,1,"",,,,,,,,,,,"","",,,,,"k",0.5265,,"",,,1,"brown_gnomes",1,4,"bright_forest","yellow_basket","red_gnome",1,5,"dark_forest","red_basket",0,0,1,0,"red_gnome","dark_forest","red_basket",614,-2,3,63,0,126,0,1,"",,,"",,,"",,,"",,,,,,,"","",,,"",,,"",,,"",,,,,,,"",,,"","",,,,,,,,"",,,,,,,"",,,"","","",,,,,,,,"",,,,,"",,,,,"","","","",,,,,,"",,,,,"",,,,,"","",,,,,,"",,,,,,,
"","","",,"","","","","","","",,"","","","","","","",,"","","","","","","",,"","","","","",307361,1,"2024-02-22_16h32.54.400","experiment","2023.2.3","MacIntel",59.52380952,"5df9f1c15777b5752bf8b085","65d6198c9820d372ff6c9d7f","65d77726d27af10dc8ef6b00","",,,"",,,"",,,"",,,"",,,"",,,,,"",,,"",,,,"",,,"","","",,,"","",,,,,"","","",,,,,,,1,"",,,,,,,,,,,"","",,,,,"s",0.5954,,"space",0.7172,,1,"red_gnome",1,8,"dark_forest","red_basket","brown_gnomes",1,2,"bright_forest","yellow_basket",8,0,0,1,"red_gnome","dark_forest","red_basket",622,2,1,63,1,127,0,1,"",,,"",,,"",,,"",,,,,,,"","",,,"",,,"",,,"",,,,,,,"",,,"","",,,,,,,,"",,,,,,,"",,,"","","",,,,,,,,"",,,,,"",,,,,"","","","",,,,,,"",,,,,"",,,,,"","",,,,,,"",,,,,,,
"","","",,"","","","","","","",,"","","","","","","",,"","","","","","","",,"","","","","",307361,1,"2024-02-22_16h32.54.400","experiment","2023.2.3","MacIntel",59.52380952,"5df9f1c15777b5752bf8b085","65d6198c9820d372ff6c9d7f","65d77726d27af10dc8ef6b00","",,,"",,,"",,,"",,,"",,,"",,,,,"",,,"",,,,"",,,"","","",,,"","",,,,,"","","",,,,,,,1,"",,,,,,,,,,,"","",,,,,"s",0.5295,,"space",0.5351,,1,"red_gnome",1,9,"dark_forest","red_basket","brown_gnomes",1,4,"bright_forest","yellow_basket",9,0,0,1,"red_gnome","dark_forest","red_basket",631,2,1,64,0,128,0,1,"",,,"",,,"",,,"",,,,,,,"","",,,"",,,"",,,"",,,,,,,"",,,"","",,,,,,,,"",,,,,,,"",,,"","","",,,,,,,,"",,,,,"",,,,,"","","","",,,,,,"",,,,,"",,,,,"","",,,,,,"",,,,,,,
"","","",,"","","","","","","",,"","","","","","","",,"","","","","","","",,"","","","","",307361,1,"2024-02-22_16h32.54.400","experiment","2023.2.3","MacIntel",59.52380952,"5df9f1c15777b5752bf8b085","65d6198c9820d372ff6c9d7f","65d77726d27af10dc8ef6b00","",,,"",,,"",,,"",,,"",,,"",,,,,"",,,"",,,,"",,,"","","",,,"","",,,,,"","","",,,,,,,2,"",,,,,,,,,,,"","",,,,,"k",0.3961,,"space",0.669,,2,"green_gnome",2,8,"dark_forest","red_basket","purple_gnome",2,6,"bright_forest","yellow_basket",6,0,0,1,"purple_gnome","bright_forest","yellow_basket",637,0,-2,64,1,129,1,1,"",,,"",,,"",,,"",,,,,,,"","",,,"",,,"",,,"",,,,,,,"",,,"","",,,,,,,,"",,,,,,,"",,,"","","",,,,,,,,"",,,,,"",,,,,"","","","",,,,,,"",,,,,"",,,,,"","",,,,,,"",,,,,,,
"","","",,"","","","","","","",,"","","","","","","",,"","","","","","","",,"","","","","",307361,1,"2024-02-22_16h32.54.400","experiment","2023.2.3","MacIntel",59.52380952,"5df9f1c15777b5752bf8b085","65d6198c9820d372ff6c9d7f","65d77726d27af10dc8ef6b00","",,,"",,,"",,,"",,,"",,,"",,,,,"",,,"",,,,"",,,"","","",,,"","",,,,,"","","",,,,,,,2,"",,,,,,,,,,,"","",,,,,"k",0.4654,,"space",0.6216,,2,"green_gnome",2,6,"dark_forest","red_basket","purple_gnome",2,6,"bright_forest","yellow_basket",6,0,0,1,"purple_gnome","bright_forest","yellow_basket",643,-1,-1,65,0,130,1,1,"",,,"",,,"",,,"",,,,,,,"","",,,"",,,"",,,"",,,,,,,"",,,"","",,,,,,,,"",,,,,,,"",,,"","","",,,,,,,,"",,,,,"",,,,,"","","","",,,,,,"",,,,,"",,,,,"","",,,,,,"",,,,,,,
"","","",,"","","","","","","",,"","","","","","","",,"","","","","","","",,"","","","","",307361,1,"2024-02-22_16h32.54.400","experiment","2023.2.3","MacIntel",59.52380952,"5df9f1c15777b5752bf8b085","65d6198c9820d372ff6c9d7f","65d77726d27af10dc8ef6b00","",,,"",,,"",,,"",,,"",,,"",,,,,"",,,"",,,,"",,,"","","",,,"","",,,,,"","","",,,,,,,1,"",,,,,,,,,,,"","",,,,,"k",0.5612,,"space",0.6042,,1,"brown_gnomes",1,5,"bright_forest","yellow_basket","red_gnome",1,5,"dark_forest","red_basket",5,0,0,1,"red_gnome","dark_forest","red_basket",648,1,1,65,1,131,0,1,"",,,"",,,"",,,"",,,,,,,"","",,,"",,,"",,,"",,,,,,,"",,,"","",,,,,,,,"",,,,,,,"",,,"","","",,,,,,,,"",,,,,"",,,,,"","","","",,,,,,"",,,,,"",,,,,"","",,,,,,"",,,,,,,
"","","",,"","","","","","","",,"","","","","","","",,"","","","","","","",,"","","","","",307361,1,"2024-02-22_16h32.54.400","experiment","2023.2.3","MacIntel",59.52380952,"5df9f1c15777b5752bf8b085","65d6198c9820d372ff6c9d7f","65d77726d27af10dc8ef6b00","",,,"",,,"",,,"",,,"",,,"",,,,,"",,,"",,,,"",,,"","","",,,"","",,,,,"","","",,,,,,,1,"",,,,,,,,,,,"","",,,,,"s",0.5433,,"space",0.4185,,1,"brown_gnomes",1,6,"bright_forest","yellow_basket","red_gnome",1,6,"dark_forest","red_basket",6,0,0,1,"brown_gnomes","bright_forest","yellow_basket",654,0,3,66,0,132,0,1,"",,,"",,,"",,,"",,,,,,,"","",,,"",,,"",,,"",,,,,,,"",,,"","",,,,,,,,"",,,,,,,"",,,"","","",,,,,,,,"",,,,,"",,,,,"","","","",,,,,,"",,,,,"",,,,,"","",,,,,,"",,,,,,,
"","","",,"","","","","","","",,"","","","","","","",,"","","","","","","",,"","","","","",307361,1,"2024-02-22_16h32.54.400","experiment","2023.2.3","MacIntel",59.52380952,"5df9f1c15777b5752bf8b085","65d6198c9820d372ff6c9d7f","65d77726d27af10dc8ef6b00","",,,"",,,"",,,"",,,"",,,"",,,,,"",,,"",,,,"",,,"","","",,,"","",,,,,"","","",,,,,,,2,"",,,,,,,,,,,"","",,,,,"s",0.4654,,"space",0.3554,,2,"green_gnome",2,9,"dark_forest","red_basket","purple_gnome",2,6,"bright_forest","yellow_basket",9,0,0,1,"green_gnome","dark_forest","red_basket",663,-1,2,66,1,133,1,1,"",,,"",,,"",,,"",,,,,,,"","",,,"",,,"",,,"",,,,,,,"",,,"","",,,,,,,,"",,,,,,,"",,,"","","",,,,,,,,"",,,,,"",,,,,"","","","",,,,,,"",,,,,"",,,,,"","",,,,,,"",,,,,,,
"","","",,"","","","","","","",,"","","","","","","",,"","","","","","","",,"","","","","",307361,1,"2024-02-22_16h32.54.400","experiment","2023.2.3","MacIntel",59.52380952,"5df9f1c15777b5752bf8b085","65d6198c9820d372ff6c9d7f","65d77726d27af10dc8ef6b00","",,,"",,,"",,,"",,,"",,,"",,,,,"",,,"",,,,"",,,"","","",,,"","",,,,,"","","",,,,,,,2,"",,,,,,,,,,,"","",,,,,"k",0.526,,"space",0.3834,,2,"green_gnome",2,7,"dark_forest","red_basket","purple_gnome",2,5,"bright_forest","yellow_basket",5,0,0,1,"purple_gnome","bright_forest","yellow_basket",668,0,0,67,0,134,1,1,"",,,"",,,"",,,"",,,,,,,"","",,,"",,,"",,,"",,,,,,,"",,,"","",,,,,,,,"",,,,,,,"",,,"","","",,,,,,,,"",,,,,"",,,,,"","","","",,,,,,"",,,,,"",,,,,"","",,,,,,"",,,,,,,
"","","",,"","","","","","","",,"","","","","","","",,"","","","","","","",,"","","","","",307361,1,"2024-02-22_16h32.54.400","experiment","2023.2.3","MacIntel",59.52380952,"5df9f1c15777b5752bf8b085","65d6198c9820d372ff6c9d7f","65d77726d27af10dc8ef6b00","",,,"",,,"",,,"",,,"",,,"",,,,,"",,,"",,,,"",,,"","","",,,"","",,,,,"","","",,,,,,,1,"",,,,,,,,,,,"","",,,,,"s",0.3617,,"space",0.7514,,1,"brown_gnomes",1,5,"bright_forest","yellow_basket","red_gnome",1,7,"dark_forest","red_basket",5,0,0,1,"brown_gnomes","bright_forest","yellow_basket",673,-1,4,67,1,135,0,1,"",,,"",,,"",,,"",,,,,,,"","",,,"",,,"",,,"",,,,,,,"",,,"","",,,,,,,,"",,,,,,,"",,,"","","",,,,,,,,"",,,,,"",,,,,"","","","",,,,,,"",,,,,"",,,,,"","",,,,,,"",,,,,,,
"","","",,"","","","","","","",,"","","","","","","",,"","","","","","","",,"","","","","",307361,1,"2024-02-22_16h32.54.400","experiment","2023.2.3","MacIntel",59.52380952,"5df9f1c15777b5752bf8b085","65d6198c9820d372ff6c9d7f","65d77726d27af10dc8ef6b00","",,,"",,,"",,,"",,,"",,,"",,,,,"",,,"",,,,"",,,"","","",,,"","",,,,,"","","",,,,,,,1,"",,,,,,,,,,,"","",,,,,"s",0.4771,,"space",0.5348,,1,"red_gnome",1,7,"dark_forest","red_basket","brown_gnomes",1,4,"bright_forest","yellow_basket",7,0,0,1,"red_gnome","dark_forest","red_basket",680,1,-2,68,0,136,0,1,"",,,"",,,"",,,"",,,,,,,"","",,,"",,,"",,,"",,,,,,,"",,,"","",,,,,,,,"",,,,,,,"",,,"","","",,,,,,,,"",,,,,"",,,,,"","","","",,,,,,"",,,,,"",,,,,"","",,,,,,"",,,,,,,
"","","",,"","","","","","","",,"","","","","","","",,"","","","","","","",,"","","","","",307361,1,"2024-02-22_16h32.54.400","experiment","2023.2.3","MacIntel",59.52380952,"5df9f1c15777b5752bf8b085","65d6198c9820d372ff6c9d7f","65d77726d27af10dc8ef6b00","",,,"",,,"",,,"",,,"",,,"",,,,,"",,,"",,,,"",,,"","","",,,"","",,,,,"","","",,,,,,,1,"",,,,,,,,,,,"","",,,,,"s",0.6938,,"space",0.6869,,1,"red_gnome",1,5,"dark_forest","red_basket","brown_gnomes",1,5,"bright_forest","yellow_basket",5,0,0,1,"red_gnome","dark_forest","red_basket",685,-3,0,68,1,137,0,1,"",,,"",,,"",,,"",,,,,,,"","",,,"",,,"",,,"",,,,,,,"",,,"","",,,,,,,,"",,,,,,,"",,,"","","",,,,,,,,"",,,,,"",,,,,"","","","",,,,,,"",,,,,"",,,,,"","",,,,,,"",,,,,,,
"","","",,"","","","","","","",,"","","","","","","",,"","","","","","","",,"","","","","",307361,1,"2024-02-22_16h32.54.400","experiment","2023.2.3","MacIntel",59.52380952,"5df9f1c15777b5752bf8b085","65d6198c9820d372ff6c9d7f","65d77726d27af10dc8ef6b00","",,,"",,,"",,,"",,,"",,,"",,,,,"",,,"",,,,"",,,"","","",,,"","",,,,,"","","",,,,,,,2,"",,,,,,,,,,,"","",,,,,"s",0.4638,,"space",0.5835,,2,"green_gnome",2,5,"dark_forest","red_basket","purple_gnome",2,2,"bright_forest","yellow_basket",5,0,0,1,"green_gnome","dark_forest","red_basket",690,-1,1,69,0,138,1,1,"",,,"",,,"",,,"",,,,,,,"","",,,"",,,"",,,"",,,,,,,"",,,"","",,,,,,,,"",,,,,,,"",,,"","","",,,,,,,,"",,,,,"",,,,,"","","","",,,,,,"",,,,,"",,,,,"","",,,,,,"",,,,,,,
"","","",,"","","","","","","",,"","","","","","","",,"","","","","","","",,"","","","","",307361,1,"2024-02-22_16h32.54.400","experiment","2023.2.3","MacIntel",59.52380952,"5df9f1c15777b5752bf8b085","65d6198c9820d372ff6c9d7f","65d77726d27af10dc8ef6b00","",,,"",,,"",,,"",,,"",,,"",,,,,"",,,"",,,,"",,,"","","",,,"","",,,,,"","","",,,,,,,2,"",,,,,,,,,,,"","",,,,,"k",0.5112,,"space",0.6674,,2,"purple_gnome",2,1,"bright_forest","yellow_basket","green_gnome",2,6,"dark_forest","red_basket",6,0,0,1,"green_gnome","dark_forest","red_basket",696,-2,2,69,1,139,1,1,"",,,"",,,"",,,"",,,,,,,"","",,,"",,,"",,,"",,,,,,,"",,,"","",,,,,,,,"",,,,,,,"",,,"","","",,,,,,,,"",,,,,"",,,,,"","","","",,,,,,"",,,,,"",,,,,"","",,,,,,"",,,,,,,
"","","",,"","","","","","","",,"","","","","","","",,"","","","","","","",,"","","","","",307361,1,"2024-02-22_16h32.54.400","experiment","2023.2.3","MacIntel",59.52380952,"5df9f1c15777b5752bf8b085","65d6198c9820d372ff6c9d7f","65d77726d27af10dc8ef6b00","",,,"",,,"",,,"",,,"",,,"",,,,,"",,,"",,,,"",,,"","","",,,"","",,,,,"","","",,,,,,,2,"",,,,,,,,,,,"","",,,,,"s",0.4108,,"space",0.6056,,2,"green_gnome",2,8,"dark_forest","red_basket","purple_gnome",2,1,"bright_forest","yellow_basket",8,0,0,1,"green_gnome","dark_forest","red_basket",704,-1,1,70,0,140,1,1,"",,,"",,,"",,,"",,,,,,,"","",,,"",,,"",,,"",,,,,,,"",,,"","",,,,,,,,"",,,,,,,"",,,"","","",,,,,,,,"",,,,,"",,,,,"","","","",,,,,,"",,,,,"",,,,,"","",,,,,,"",,,,,,,
"","","",,"","","","","","","",,"","","","","","","",,"","","","","","","",,"","","","","",307361,1,"2024-02-22_16h32.54.400","experiment","2023.2.3","MacIntel",59.52380952,"5df9f1c15777b5752bf8b085","65d6198c9820d372ff6c9d7f","65d77726d27af10dc8ef6b00","",,,"",,,"",,,"",,,"",,,"",,,,,"",,,"",,,,"",,,"","","",,,"","",,,,,"","","",,,,,,,1,"",,,,,,,,,,,"","",,,,,"k",0.4954,,"space",0.5398,,1,"brown_gnomes",1,0,"bright_forest","yellow_basket","red_gnome",1,9,"dark_forest","red_basket",9,0,0,1,"red_gnome","dark_forest","red_basket",713,3,0,70,1,141,0,1,"",,,"",,,"",,,"",,,,,,,"","",,,"",,,"",,,"",,,,,,,"",,,"","",,,,,,,,"",,,,,,,"",,,"","","",,,,,,,,"",,,,,"",,,,,"","","","",,,,,,"",,,,,"",,,,,"","",,,,,,"",,,,,,,
"","","",,"","","","","","","",,"","","","","","","",,"","","","","","","",,"","","","","",307361,1,"2024-02-22_16h32.54.400","experiment","2023.2.3","MacIntel",59.52380952,"5df9f1c15777b5752bf8b085","65d6198c9820d372ff6c9d7f","65d77726d27af10dc8ef6b00","",,,"",,,"",,,"",,,"",,,"",,,,,"",,,"",,,,"",,,"","","",,,"","",,,,,"","","",,,,,,,1,"",,,,,,,,,,,"","",,,,,"k",0.5657,,"space",0.5679,,1,"brown_gnomes",1,3,"bright_forest","yellow_basket","red_gnome",1,9,"dark_forest","red_basket",9,0,0,1,"red_gnome","dark_forest","red_basket",722,-2,-1,71,0,142,0,1,"",,,"",,,"",,,"",,,,,,,"","",,,"",,,"",,,"",,,,,,,"",,,"","",,,,,,,,"",,,,,,,"",,,"","","",,,,,,,,"",,,,,"",,,,,"","","","",,,,,,"",,,,,"",,,,,"","",,,,,,"",,,,,,,
"","","",,"","","","","","","",,"","","","","","","",,"","","","","","","",,"","","","","",307361,1,"2024-02-22_16h32.54.400","experiment","2023.2.3","MacIntel",59.52380952,"5df9f1c15777b5752bf8b085","65d6198c9820d372ff6c9d7f","65d77726d27af10dc8ef6b00","",,,"",,,"",,,"",,,"",,,"",,,,,"",,,"",,,,"",,,"","","",,,"","",,,,,"","","",,,,,,,2,"",,,,,,,,,,,"","",,,,,"k",0.5103,,"space",0.5512,,2,"purple_gnome",2,1,"bright_forest","yellow_basket","green_gnome",2,8,"dark_forest","red_basket",8,0,0,1,"green_gnome","dark_forest","red_basket",730,0,-2,71,1,143,1,1,"",,,"",,,"",,,"",,,,,,,"","",,,"",,,"",,,"",,,,,,,"",,,"","",,,,,,,,"",,,,,,,"",,,"","","",,,,,,,,"",,,,,"",,,,,"","","","",,,,,,"",,,,,"",,,,,"","",,,,,,"",,,,,,,
"","","",,"","","","","","","",,"","","","","","","",,"","","","","","","",,"","","","","",307361,1,"2024-02-22_16h32.54.400","experiment","2023.2.3","MacIntel",59.52380952,"5df9f1c15777b5752bf8b085","65d6198c9820d372ff6c9d7f","65d77726d27af10dc8ef6b00","",,,"",,,"",,,"",,,"",,,"",,,,,"",,,"",,,,"",,,"","","",,,"","",,,,,"","","",,,,,,,2,"",,,,,,,,,,,"","",,,,,"s",0.5259,,"space",0.3883,,2,"green_gnome",2,6,"dark_forest","red_basket","purple_gnome",2,1,"bright_forest","yellow_basket",6,0,0,1,"green_gnome","dark_forest","red_basket",736,-1,5,72,0,144,1,1,"",,,"",,,"",,,"",,,,,,,"","",,,"",,,"",,,"",,,,,,,"",,,"","",,,,,,,,"",,,,,,,"",,,"","","",,,,,,,,"",,,,,"",,,,,"","","","",,,,,,"",,,,,"",,,,,"","",,,,,,"",,,,,,,
"","","",,"","","","","","","",,"","","","","","","",,"","","","","","","",,"","","","","",307361,1,"2024-02-22_16h32.54.400","experiment","2023.2.3","MacIntel",59.52380952,"5df9f1c15777b5752bf8b085","65d6198c9820d372ff6c9d7f","65d77726d27af10dc8ef6b00","",,,"",,,"",,,"",,,"",,,"",,,,,"",,,"",,,,"",,,"","","",,,"","",,,,,"","","",,,,,,,2,"",,,,,,,,,,,"","",,,,,"s",0.4816,,"space",0.6682,,2,"green_gnome",2,7,"dark_forest","red_basket","purple_gnome",2,0,"bright_forest","yellow_basket",7,0,0,1,"green_gnome","dark_forest","red_basket",743,-1,0,72,1,145,1,1,"",,,"",,,"",,,"",,,,,,,"","",,,"",,,"",,,"",,,,,,,"",,,"","",,,,,,,,"",,,,,,,"",,,"","","",,,,,,,,"",,,,,"",,,,,"","","","",,,,,,"",,,,,"",,,,,"","",,,,,,"",,,,,,,
"","","",,"","","","","","","",,"","","","","","","",,"","","","","","","",,"","","","","",307361,1,"2024-02-22_16h32.54.400","experiment","2023.2.3","MacIntel",59.52380952,"5df9f1c15777b5752bf8b085","65d6198c9820d372ff6c9d7f","65d77726d27af10dc8ef6b00","",,,"",,,"",,,"",,,"",,,"",,,,,"",,,"",,,,"",,,"","","",,,"","",,,,,"","","",,,,,,,1,"",,,,,,,,,,,"","",,,,,"s",0.5768,,"space",0.5895,,1,"red_gnome",1,7,"dark_forest","red_basket","brown_gnomes",1,1,"bright_forest","yellow_basket",7,0,0,1,"red_gnome","dark_forest","red_basket",750,-1,-2,73,0,146,0,1,"",,,"",,,"",,,"",,,,,,,"","",,,"",,,"",,,"",,,,,,,"",,,"","",,,,,,,,"",,,,,,,"",,,"","","",,,,,,,,"",,,,,"",,,,,"","","","",,,,,,"",,,,,"",,,,,"","",,,,,,"",,,,,,,
"","","",,"","","","","","","",,"","","","","","","",,"","","","","","","",,"","","","","",307361,1,"2024-02-22_16h32.54.400","experiment","2023.2.3","MacIntel",59.52380952,"5df9f1c15777b5752bf8b085","65d6198c9820d372ff6c9d7f","65d77726d27af10dc8ef6b00","",,,"",,,"",,,"",,,"",,,"",,,,,"",,,"",,,,"",,,"","","",,,"","",,,,,"","","",,,,,,,1,"",,,,,,,,,,,"","",,,,,"s",0.495,,"space",0.3542,,1,"red_gnome",1,5,"dark_forest","red_basket","brown_gnomes",1,0,"bright_forest","yellow_basket",5,0,0,1,"red_gnome","dark_forest","red_basket",755,-2,0,73,1,147,0,1,"",,,"",,,"",,,"",,,,,,,"","",,,"",,,"",,,"",,,,,,,"",,,"","",,,,,,,,"",,,,,,,"",,,"","","",,,,,,,,"",,,,,"",,,,,"","","","",,,,,,"",,,,,"",,,,,"","",,,,,,"",,,,,,,
"","","",,"","","","","","","",,"","","","","","","",,"","","","","","","",,"","","","","",307361,1,"2024-02-22_16h32.54.400","experiment","2023.2.3","MacIntel",59.52380952,"5df9f1c15777b5752bf8b085","65d6198c9820d372ff6c9d7f","65d77726d27af10dc8ef6b00","",,,"",,,"",,,"",,,"",,,"",,,,,"",,,"",,,,"",,,"","","",,,"","",,,,,"","","",,,,,,,1,"",,,,,,,,,,,"","",,,,,"k",0.8292,,"space",0.3856,,1,"brown_gnomes",1,2,"bright_forest","yellow_basket","red_gnome",1,5,"dark_forest","red_basket",5,0,0,1,"red_gnome","dark_forest","red_basket",760,2,0,74,0,148,0,1,"",,,"",,,"",,,"",,,,,,,"","",,,"",,,"",,,"",,,,,,,"",,,"","",,,,,,,,"",,,,,,,"",,,"","","",,,,,,,,"",,,,,"",,,,,"","","","",,,,,,"",,,,,"",,,,,"","",,,,,,"",,,,,,,
"","","",,"","","","","","","",,"","","","","","","",,"","","","","","","",,"","","","","",307361,1,"2024-02-22_16h32.54.400","experiment","2023.2.3","MacIntel",59.52380952,"5df9f1c15777b5752bf8b085","65d6198c9820d372ff6c9d7f","65d77726d27af10dc8ef6b00","",,,"",,,"",,,"",,,"",,,"",,,,,"",,,"",,,,"",,,"","","",,,"","",,,,,"","","",,,,,,,1,"",,,,,,,,,,,"","",,,,,"k",0.9446,,"space",0.5852,,1,"brown_gnomes",1,4,"bright_forest","yellow_basket","red_gnome",1,5,"dark_forest","red_basket",5,0,0,1,"red_gnome","dark_forest","red_basket",765,0,0,74,1,149,0,1,"",,,"",,,"",,,"",,,,,,,"","",,,"",,,"",,,"",,,,,,,"",,,"","",,,,,,,,"",,,,,,,"",,,"","","",,,,,,,,"",,,,,"",,,,,"","","","",,,,,,"",,,,,"",,,,,"","",,,,,,"",,,,,,,
"","","",,"","","","","","","",,"","","","","","","",,"","","","","","","",,"","","","","",307361,1,"2024-02-22_16h32.54.400","experiment","2023.2.3","MacIntel",59.52380952,"5df9f1c15777b5752bf8b085","65d6198c9820d372ff6c9d7f","65d77726d27af10dc8ef6b00","",,,"",,,"",,,"",,,"",,,"",,,,,"",,,"",,,,"",,,"","","",,,"","",,,,,"","","",,,,,,,2,"",,,,,,,,,,,"","",,,,,"s",0.3483,,"space",0.3351,,2,"green_gnome",2,5,"dark_forest","red_basket","purple_gnome",2,4,"bright_forest","yellow_basket",5,0,0,1,"green_gnome","dark_forest","red_basket",770,1,0,75,0,150,1,1,"",,,"",,,"",,,"",,,,,,,"","",,,"",,,"",,,"",,,,,,,"",,,"","",,,,,,,,"",,,,,,,"",,,"","","",,,,,,,,"",,,,,"",,,,,"","","","",,,,,,"",,,,,"",,,,,"","",,,,,,"",,,,,,,
"","","",,"","","","","","","",,"","","","","","","",,"","","","","","","",,"","","","","",307361,1,"2024-02-22_16h32.54.400","experiment","2023.2.3","MacIntel",59.52380952,"5df9f1c15777b5752bf8b085","65d6198c9820d372ff6c9d7f","65d77726d27af10dc8ef6b00","",,,"",,,"",,,"",,,"",,,"",,,,,"",,,"",,,,"",,,"","","",,,"","",,,,,"","","",,,,,,,2,"",,,,,,,,,,,"","",,,,,"k",0.4925,,"space",0.5349,,2,"purple_gnome",2,5,"bright_forest","yellow_basket","green_gnome",2,5,"dark_forest","red_basket",5,0,0,1,"green_gnome","dark_forest","red_basket",775,1,-2,75,1,151,1,1,"",,,"",,,"",,,"",,,,,,,"","",,,"",,,"",,,"",,,,,,,"",,,"","",,,,,,,,"",,,,,,,"",,,"","","",,,,,,,,"",,,,,"",,,,,"","","","",,,,,,"",,,,,"",,,,,"","",,,,,,"",,,,,,,
"","","",,"","","","","","","",,"","","","","","","",,"","","","","","","",,"","","","","",307361,1,"2024-02-22_16h32.54.400","experiment","2023.2.3","MacIntel",59.52380952,"5df9f1c15777b5752bf8b085","65d6198c9820d372ff6c9d7f","65d77726d27af10dc8ef6b00","",,,"",,,"",,,"",,,"",,,"",,,,,"",,,"",,,,"",,,"","","",,,"","",,,,,"","","",,,,,,,1,"",,,,,,,,,,,"","",,,,,"s",0.4813,,"space",0.4535,,1,"red_gnome",1,3,"dark_forest","red_basket","brown_gnomes",1,6,"bright_forest","yellow_basket",3,0,0,1,"red_gnome","dark_forest","red_basket",778,-2,-2,76,0,152,0,1,"",,,"",,,"",,,"",,,,,,,"","",,,"",,,"",,,"",,,,,,,"",,,"","",,,,,,,,"",,,,,,,"",,,"","","",,,,,,,,"",,,,,"",,,,,"","","","",,,,,,"",,,,,"",,,,,"","",,,,,,"",,,,,,,
"","","",,"","","","","","","",,"","","","","","","",,"","","","","","","",,"","","","","",307361,1,"2024-02-22_16h32.54.400","experiment","2023.2.3","MacIntel",59.52380952,"5df9f1c15777b5752bf8b085","65d6198c9820d372ff6c9d7f","65d77726d27af10dc8ef6b00","",,,"",,,"",,,"",,,"",,,"",,,,,"",,,"",,,,"",,,"","","",,,"","",,,,,"","","",,,,,,,1,"",,,,,,,,,,,"","",,,,,"s",0.5946,,"space",0.5217,,1,"red_gnome",1,1,"dark_forest","red_basket","brown_gnomes",1,4,"bright_forest","yellow_basket",1,0,0,1,"red_gnome","dark_forest","red_basket",779,-1,3,76,1,153,0,1,"",,,"",,,"",,,"",,,,,,,"","",,,"",,,"",,,"",,,,,,,"",,,"","",,,,,,,,"",,,,,,,"",,,"","","",,,,,,,,"",,,,,"",,,,,"","","","",,,,,,"",,,,,"",,,,,"","",,,,,,"",,,,,,,
"","","",,"","","","","","","",,"","","","","","","",,"","","","","","","",,"","","","","",307361,1,"2024-02-22_16h32.54.400","experiment","2023.2.3","MacIntel",59.52380952,"5df9f1c15777b5752bf8b085","65d6198c9820d372ff6c9d7f","65d77726d27af10dc8ef6b00","",,,"",,,"",,,"",,,"",,,"",,,,,"",,,"",,,,"",,,"","","",,,"","",,,,,"","","",,,,,,,1,"",,,,,,,,,,,"","",,,,,"k",0.577,,"space",0.6694,,1,"brown_gnomes",1,3,"bright_forest","yellow_basket","red_gnome",1,4,"dark_forest","red_basket",4,0,0,1,"red_gnome","dark_forest","red_basket",783,0,0,77,0,154,0,1,"",,,"",,,"",,,"",,,,,,,"","",,,"",,,"",,,"",,,,,,,"",,,"","",,,,,,,,"",,,,,,,"",,,"","","",,,,,,,,"",,,,,"",,,,,"","","","",,,,,,"",,,,,"",,,,,"","",,,,,,"",,,,,,,
"","","",,"","","","","","","",,"","","","","","","",,"","","","","","","",,"","","","","",307361,1,"2024-02-22_16h32.54.400","experiment","2023.2.3","MacIntel",59.52380952,"5df9f1c15777b5752bf8b085","65d6198c9820d372ff6c9d7f","65d77726d27af10dc8ef6b00","",,,"",,,"",,,"",,,"",,,"",,,,,"",,,"",,,,"",,,"","","",,,"","",,,,,"","","",,,,,,,1,"",,,,,,,,,,,"","",,,,,"s",0.4589,,"space",0.5037,,1,"red_gnome",1,4,"dark_forest","red_basket","brown_gnomes",1,3,"bright_forest","yellow_basket",4,0,0,1,"red_gnome","dark_forest","red_basket",787,0,3,77,1,155,0,1,"",,,"",,,"",,,"",,,,,,,"","",,,"",,,"",,,"",,,,,,,"",,,"","",,,,,,,,"",,,,,,,"",,,"","","",,,,,,,,"",,,,,"",,,,,"","","","",,,,,,"",,,,,"",,,,,"","",,,,,,"",,,,,,,
"","","",,"","","","","","","",,"","","","","","","",,"","","","","","","",,"","","","","",307361,1,"2024-02-22_16h32.54.400","experiment","2023.2.3","MacIntel",59.52380952,"5df9f1c15777b5752bf8b085","65d6198c9820d372ff6c9d7f","65d77726d27af10dc8ef6b00","",,,"",,,"",,,"",,,"",,,"",,,,,"",,,"",,,,"",,,"","","",,,"","",,,,,"","","",,,,,,,2,"",,,,,,,,,,,"","",,,,,"k",0.5276,,"space",0.5834,,2,"purple_gnome",2,3,"bright_forest","yellow_basket","green_gnome",2,7,"dark_forest","red_basket",7,0,0,1,"green_gnome","dark_forest","red_basket",794,-3,1,78,0,156,1,1,"",,,"",,,"",,,"",,,,,,,"","",,,"",,,"",,,"",,,,,,,"",,,"","",,,,,,,,"",,,,,,,"",,,"","","",,,,,,,,"",,,,,"",,,,,"","","","",,,,,,"",,,,,"",,,,,"","",,,,,,"",,,,,,,
"","","",,"","","","","","","",,"","","","","","","",,"","","","","","","",,"","","","","",307361,1,"2024-02-22_16h32.54.400","experiment","2023.2.3","MacIntel",59.52380952,"5df9f1c15777b5752bf8b085","65d6198c9820d372ff6c9d7f","65d77726d27af10dc8ef6b00","",,,"",,,"",,,"",,,"",,,"",,,,,"",,,"",,,,"",,,"","","",,,"","",,,,,"","","",,,,,,,2,"",,,,,,,,,,,"","",,,,,"k",0.6096,,"space",0.6688,,2,"purple_gnome",2,0,"bright_forest","yellow_basket","green_gnome",2,8,"dark_forest","red_basket",8,0,0,1,"green_gnome","dark_forest","red_basket",802,4,3,78,1,157,1,1,"",,,"",,,"",,,"",,,,,,,"","",,,"",,,"",,,"",,,,,,,"",,,"","",,,,,,,,"",,,,,,,"",,,"","","",,,,,,,,"",,,,,"",,,,,"","","","",,,,,,"",,,,,"",,,,,"","",,,,,,"",,,,,,,
"","","",,"","","","","","","",,"","","","","","","",,"","","","","","","",,"","","","","",307361,1,"2024-02-22_16h32.54.400","experiment","2023.2.3","MacIntel",59.52380952,"5df9f1c15777b5752bf8b085","65d6198c9820d372ff6c9d7f","65d77726d27af10dc8ef6b00","",,,"",,,"",,,"",,,"",,,"",,,,,"",,,"",,,,"",,,"","","",,,"","",,,,,"","","",,,,,,,2,"",,,,,,,,,,,"","",,,,,"k",0.5923,,"space",0.6502,,2,"purple_gnome",2,4,"bright_forest","yellow_basket","green_gnome",2,7,"dark_forest","red_basket",7,0,0,1,"green_gnome","dark_forest","red_basket",809,-1,-3,79,0,158,1,1,"",,,"",,,"",,,"",,,,,,,"","",,,"",,,"",,,"",,,,,,,"",,,"","",,,,,,,,"",,,,,,,"",,,"","","",,,,,,,,"",,,,,"",,,,,"","","","",,,,,,"",,,,,"",,,,,"","",,,,,,"",,,,,,,
"","","",,"","","","","","","",,"","","","","","","",,"","","","","","","",,"","","","","",307361,1,"2024-02-22_16h32.54.400","experiment","2023.2.3","MacIntel",59.52380952,"5df9f1c15777b5752bf8b085","65d6198c9820d372ff6c9d7f","65d77726d27af10dc8ef6b00","",,,"",,,"",,,"",,,"",,,"",,,,,"",,,"",,,,"",,,"","","",,,"","",,,,,"","","",,,,,,,2,"",,,,,,,,,,,"","",,,,,"s",0.4485,,"space",0.7508,,2,"purple_gnome",2,3,"bright_forest","yellow_basket","green_gnome",2,4,"dark_forest","red_basket",3,0,0,1,"purple_gnome","bright_forest","yellow_basket",812,2,-1,79,1,159,1,1,"",,,"",,,"",,,"",,,,,,,"","",,,"",,,"",,,"",,,,,,,"",,,"","",,,,,,,,"",,,,,,,"",,,"","","",,,,,,,,"",,,,,"",,,,,"","","","",,,,,,"",,,,,"",,,,,"","",,,,,,"",,,,,,,
"","","",,"","","","","","","",,"","","","","","","",,"","","","","","","",,"","","","","",307361,1,"2024-02-22_16h32.54.400","experiment","2023.2.3","MacIntel",59.52380952,"5df9f1c15777b5752bf8b085","65d6198c9820d372ff6c9d7f","65d77726d27af10dc8ef6b00","",,,"",,,"",,,"",,,"",,,"",,,,,"",,,"",,,,"",,,"","","",,,"","",,,,,"","","",,,,,,,2,"",,,,,,,,,,,"","",,,,,"k",0.6095,,"",,,2,"purple_gnome",2,5,"bright_forest","yellow_basket","green_gnome",2,3,"dark_forest","red_basket",0,0,1,0,"green_gnome","dark_forest","red_basket",812,-4,2,80,0,160,1,1,"",,,"",,,"",,,"",,,,,,,"","",,,"",,,"",,,"",,,,,,,"",,,"","",,,,,,,,"",,,,,,,"",,,"","","",,,,,,,,"",,,,,"",,,,,"","","","",,,,,,"",,,,,"",,,,,"","",,,,,,"",,,,,,,
"","","",,"","","","","","","",,"","","","","","","",,"","","","","","","",,"","","","","",307361,1,"2024-02-22_16h32.54.400","experiment","2023.2.3","MacIntel",59.52380952,"5df9f1c15777b5752bf8b085","65d6198c9820d372ff6c9d7f","65d77726d27af10dc8ef6b00","",,,"",,,"",,,"",,,"",,,"",,,,,"",,,"",,,,"",,,"","","",,,"","",,,,,"","","",,,,,,,1,"",,,,,,,,,,,"","",,,,,"k",0.5105,,"space",0.5052,,1,"brown_gnomes",1,1,"bright_forest","yellow_basket","red_gnome",1,5,"dark_forest","red_basket",5,0,0,1,"red_gnome","dark_forest","red_basket",817,1,-4,80,1,161,0,1,"",,,"",,,"",,,"",,,,,,,"","",,,"",,,"",,,"",,,,,,,"",,,"","",,,,,,,,"",,,,,,,"",,,"","","",,,,,,,,"",,,,,"",,,,,"","","","",,,,,,"",,,,,"",,,,,"","",,,,,,"",,,,,,,
"","","",,"","","","","","","",,"","","","","","","",,"","","","","","","",,"","","","","",307361,1,"2024-02-22_16h32.54.400","experiment","2023.2.3","MacIntel",59.52380952,"5df9f1c15777b5752bf8b085","65d6198c9820d372ff6c9d7f","65d77726d27af10dc8ef6b00","",,,"",,,"",,,"",,,"",,,"",,,,,"",,,"",,,,"",,,"","","",,,"","",,,,,"","","",,,,,,,2,"",,,,,,,,,,,"","",,,,,"k",0.465,,"space",0.3519,,2,"purple_gnome",2,2,"bright_forest","yellow_basket","green_gnome",2,1,"dark_forest","red_basket",1,0,0,1,"green_gnome","dark_forest","red_basket",818,-2,-3,81,0,162,1,1,"",,,"",,,"",,,"",,,,,,,"","",,,"",,,"",,,"",,,,,,,"",,,"","",,,,,,,,"",,,,,,,"",,,"","","",,,,,,,,"",,,,,"",,,,,"","","","",,,,,,"",,,,,"",,,,,"","",,,,,,"",,,,,,,
"","","",,"","","","","","","",,"","","","","","","",,"","","","","","","",,"","","","","",307361,1,"2024-02-22_16h32.54.400","experiment","2023.2.3","MacIntel",59.52380952,"5df9f1c15777b5752bf8b085","65d6198c9820d372ff6c9d7f","65d77726d27af10dc8ef6b00","",,,"",,,"",,,"",,,"",,,"",,,,,"",,,"",,,,"",,,"","","",,,"","",,,,,"","","",,,,,,,2,"",,,,,,,,,,,"","",,,,,"s",0.3776,,"space",0.4559,,2,"purple_gnome",2,0,"bright_forest","yellow_basket","green_gnome",2,2,"dark_forest","red_basket",0,0,0,1,"purple_gnome","bright_forest","yellow_basket",818,2,-3,81,1,163,1,1,"",,,"",,,"",,,"",,,,,,,"","",,,"",,,"",,,"",,,,,,,"",,,"","",,,,,,,,"",,,,,,,"",,,"","","",,,,,,,,"",,,,,"",,,,,"","","","",,,,,,"",,,,,"",,,,,"","",,,,,,"",,,,,,,
"","","",,"","","","","","","",,"","","","","","","",,"","","","","","","",,"","","","","",307361,1,"2024-02-22_16h32.54.400","experiment","2023.2.3","MacIntel",59.52380952,"5df9f1c15777b5752bf8b085","65d6198c9820d372ff6c9d7f","65d77726d27af10dc8ef6b00","",,,"",,,"",,,"",,,"",,,"",,,,,"",,,"",,,,"",,,"","","",,,"","",,,,,"","","",,,,,,,2,"",,,,,,,,,,,"","",,,,,"k",0.3438,,"space",0.5196,,2,"purple_gnome",2,2,"bright_forest","yellow_basket","green_gnome",2,1,"dark_forest","red_basket",1,0,0,1,"green_gnome","dark_forest","red_basket",819,2,2,82,0,164,1,1,"",,,"",,,"",,,"",,,,,,,"","",,,"",,,"",,,"",,,,,,,"",,,"","",,,,,,,,"",,,,,,,"",,,"","","",,,,,,,,"",,,,,"",,,,,"","","","",,,,,,"",,,,,"",,,,,"","",,,,,,"",,,,,,,
"","","",,"","","","","","","",,"","","","","","","",,"","","","","","","",,"","","","","",307361,1,"2024-02-22_16h32.54.400","experiment","2023.2.3","MacIntel",59.52380952,"5df9f1c15777b5752bf8b085","65d6198c9820d372ff6c9d7f","65d77726d27af10dc8ef6b00","",,,"",,,"",,,"",,,"",,,"",,,,,"",,,"",,,,"",,,"","","",,,"","",,,,,"","","",,,,,,,2,"",,,,,,,,,,,"","",,,,,"s",0.1943,,"space",0.3012,,2,"green_gnome",2,3,"dark_forest","red_basket","purple_gnome",2,4,"bright_forest","yellow_basket",3,0,0,1,"green_gnome","dark_forest","red_basket",822,-1,-1,82,1,165,1,1,"",,,"",,,"",,,"",,,,,,,"","",,,"",,,"",,,"",,,,,,,"",,,"","",,,,,,,,"",,,,,,,"",,,"","","",,,,,,,,"",,,,,"",,,,,"","","","",,,,,,"",,,,,"",,,,,"","",,,,,,"",,,,,,,
"","","",,"","","","","","","",,"","","","","","","",,"","","","","","","",,"","","","","",307361,1,"2024-02-22_16h32.54.400","experiment","2023.2.3","MacIntel",59.52380952,"5df9f1c15777b5752bf8b085","65d6198c9820d372ff6c9d7f","65d77726d27af10dc8ef6b00","",,,"",,,"",,,"",,,"",,,"",,,,,"",,,"",,,,"",,,"","","",,,"","",,,,,"","","",,,,,,,2,"",,,,,,,,,,,"","",,,,,"s",0.6253,,"space",0.5162,,2,"green_gnome",2,2,"dark_forest","red_basket","purple_gnome",2,3,"bright_forest","yellow_basket",2,0,0,1,"green_gnome","dark_forest","red_basket",824,0,-1,83,0,166,1,1,"",,,"",,,"",,,"",,,,,,,"","",,,"",,,"",,,"",,,,,,,"",,,"","",,,,,,,,"",,,,,,,"",,,"","","",,,,,,,,"",,,,,"",,,,,"","","","",,,,,,"",,,,,"",,,,,"","",,,,,,"",,,,,,,
"","","",,"","","","","","","",,"","","","","","","",,"","","","","","","",,"","","","","",307361,1,"2024-02-22_16h32.54.400","experiment","2023.2.3","MacIntel",59.52380952,"5df9f1c15777b5752bf8b085","65d6198c9820d372ff6c9d7f","65d77726d27af10dc8ef6b00","",,,"",,,"",,,"",,,"",,,"",,,,,"",,,"",,,,"",,,"","","",,,"","",,,,,"","","",,,,,,,2,"",,,,,,,,,,,"","",,,,,"k",0.2767,,"space",0.5351,,2,"purple_gnome",2,3,"bright_forest","yellow_basket","green_gnome",2,1,"dark_forest","red_basket",1,0,0,1,"green_gnome","dark_forest","red_basket",825,1,0,83,1,167,1,1,"",,,"",,,"",,,"",,,,,,,"","",,,"",,,"",,,"",,,,,,,"",,,"","",,,,,,,,"",,,,,,,"",,,"","","",,,,,,,,"",,,,,"",,,,,"","","","",,,,,,"",,,,,"",,,,,"","",,,,,,"",,,,,,,
"","","",,"","","","","","","",,"","","","","","","",,"","","","","","","",,"","","","","",307361,1,"2024-02-22_16h32.54.400","experiment","2023.2.3","MacIntel",59.52380952,"5df9f1c15777b5752bf8b085","65d6198c9820d372ff6c9d7f","65d77726d27af10dc8ef6b00","",,,"",,,"",,,"",,,"",,,"",,,,,"",,,"",,,,"",,,"","","",,,"","",,,,,"","","",,,,,,,2,"",,,,,,,,,,,"","",,,,,"s",0.3429,,"space",0.5177,,2,"green_gnome",2,1,"dark_forest","red_basket","purple_gnome",2,4,"bright_forest","yellow_basket",1,0,0,1,"green_gnome","dark_forest","red_basket",826,2,1,84,0,168,1,1,"",,,"",,,"",,,"",,,,,,,"","",,,"",,,"",,,"",,,,,,,"",,,"","",,,,,,,,"",,,,,,,"",,,"","","",,,,,,,,"",,,,,"",,,,,"","","","",,,,,,"",,,,,"",,,,,"","",,,,,,"",,,,,,,
"","","",,"","","","","","","",,"","","","","","","",,"","","","","","","",,"","","","","",307361,1,"2024-02-22_16h32.54.400","experiment","2023.2.3","MacIntel",59.52380952,"5df9f1c15777b5752bf8b085","65d6198c9820d372ff6c9d7f","65d77726d27af10dc8ef6b00","",,,"",,,"",,,"",,,"",,,"",,,,,"",,,"",,,,"",,,"","","",,,"","",,,,,"","","",,,,,,,1,"",,,,,,,,,,,"","",,,,,"k",0.3279,,"space",0.5017,,1,"brown_gnomes",1,6,"bright_forest","yellow_basket","red_gnome",1,2,"dark_forest","red_basket",2,0,0,1,"red_gnome","dark_forest","red_basket",828,-5,-1,84,1,169,0,1,"",,,"",,,"",,,"",,,,,,,"","",,,"",,,"",,,"",,,,,,,"",,,"","",,,,,,,,"",,,,,,,"",,,"","","",,,,,,,,"",,,,,"",,,,,"","","","",,,,,,"",,,,,"",,,,,"","",,,,,,"",,,,,,,
"","","",,"","","","","","","",,"","","","","","","",,"","","","","","","",,"","","","","",307361,1,"2024-02-22_16h32.54.400","experiment","2023.2.3","MacIntel",59.52380952,"5df9f1c15777b5752bf8b085","65d6198c9820d372ff6c9d7f","65d77726d27af10dc8ef6b00","",,,"",,,"",,,"",,,"",,,"",,,,,"",,,"",,,,"",,,"","","",,,"","",,,,,"","","",,,,,,,1,"",,,,,,,,,,,"","",,,,,"s",0.5448,,"space",0.6349,,1,"red_gnome",1,1,"dark_forest","red_basket","brown_gnomes",1,1,"bright_forest","yellow_basket",1,0,0,1,"red_gnome","dark_forest","red_basket",829,1,1,85,0,170,0,1,"",,,"",,,"",,,"",,,,,,,"","",,,"",,,"",,,"",,,,,,,"",,,"","",,,,,,,,"",,,,,,,"",,,"","","",,,,,,,,"",,,,,"",,,,,"","","","",,,,,,"",,,,,"",,,,,"","",,,,,,"",,,,,,,
"","","",,"","","","","","","",,"","","","","","","",,"","","","","","","",,"","","","","",307361,1,"2024-02-22_16h32.54.400","experiment","2023.2.3","MacIntel",59.52380952,"5df9f1c15777b5752bf8b085","65d6198c9820d372ff6c9d7f","65d77726d27af10dc8ef6b00","",,,"",,,"",,,"",,,"",,,"",,,,,"",,,"",,,,"",,,"","","",,,"","",,,,,"","","",,,,,,,1,"",,,,,,,,,,,"","",,,,,"k",0.2598,,"space",0.4367,,1,"brown_gnomes",1,2,"bright_forest","yellow_basket","red_gnome",1,2,"dark_forest","red_basket",2,0,0,1,"red_gnome","dark_forest","red_basket",831,2,2,85,1,171,0,1,"",,,"",,,"",,,"",,,,,,,"","",,,"",,,"",,,"",,,,,,,"",,,"","",,,,,,,,"",,,,,,,"",,,"","","",,,,,,,,"",,,,,"",,,,,"","","","",,,,,,"",,,,,"",,,,,"","",,,,,,"",,,,,,,
"","","",,"","","","","","","",,"","","","","","","",,"","","","","","","",,"","","","","",307361,1,"2024-02-22_16h32.54.400","experiment","2023.2.3","MacIntel",59.52380952,"5df9f1c15777b5752bf8b085","65d6198c9820d372ff6c9d7f","65d77726d27af10dc8ef6b00","",,,"",,,"",,,"",,,"",,,"",,,,,"",,,"",,,,"",,,"","","",,,"","",,,,,"","","",,,,,,,2,"",,,,,,,,,,,"","",,,,,"k",0.41,,"space",0.5026,,2,"purple_gnome",2,4,"bright_forest","yellow_basket","green_gnome",2,4,"dark_forest","red_basket",4,0,0,1,"green_gnome","dark_forest","red_basket",835,-3,4,86,0,172,1,1,"",,,"",,,"",,,"",,,,,,,"","",,,"",,,"",,,"",,,,,,,"",,,"","",,,,,,,,"",,,,,,,"",,,"","","",,,,,,,,"",,,,,"",,,,,"","","","",,,,,,"",,,,,"",,,,,"","",,,,,,"",,,,,,,
"","","",,"","","","","","","",,"","","","","","","",,"","","","","","","",,"","","","","",307361,1,"2024-02-22_16h32.54.400","experiment","2023.2.3","MacIntel",59.52380952,"5df9f1c15777b5752bf8b085","65d6198c9820d372ff6c9d7f","65d77726d27af10dc8ef6b00","",,,"",,,"",,,"",,,"",,,"",,,,,"",,,"",,,,"",,,"","","",,,"","",,,,,"","","",,,,,,,2,"",,,,,,,,,,,"","",,,,,"s",0.5288,,"space",0.5357,,2,"green_gnome",2,8,"dark_forest","red_basket","purple_gnome",2,1,"bright_forest","yellow_basket",8,0,0,1,"green_gnome","dark_forest","red_basket",843,-1,-2,86,1,173,1,1,"",,,"",,,"",,,"",,,,,,,"","",,,"",,,"",,,"",,,,,,,"",,,"","",,,,,,,,"",,,,,,,"",,,"","","",,,,,,,,"",,,,,"",,,,,"","","","",,,,,,"",,,,,"",,,,,"","",,,,,,"",,,,,,,
"","","",,"","","","","","","",,"","","","","","","",,"","","","","","","",,"","","","","",307361,1,"2024-02-22_16h32.54.400","experiment","2023.2.3","MacIntel",59.52380952,"5df9f1c15777b5752bf8b085","65d6198c9820d372ff6c9d7f","65d77726d27af10dc8ef6b00","",,,"",,,"",,,"",,,"",,,"",,,,,"",,,"",,,,"",,,"","","",,,"","",,,,,"","","",,,,,,,1,"",,,,,,,,,,,"","",,,,,"s",0.5765,,"space",0.6509,,1,"red_gnome",1,6,"dark_forest","red_basket","brown_gnomes",1,0,"bright_forest","yellow_basket",6,0,0,1,"red_gnome","dark_forest","red_basket",849,-1,-1,87,0,174,0,1,"",,,"",,,"",,,"",,,,,,,"","",,,"",,,"",,,"",,,,,,,"",,,"","",,,,,,,,"",,,,,,,"",,,"","","",,,,,,,,"",,,,,"",,,,,"","","","",,,,,,"",,,,,"",,,,,"","",,,,,,"",,,,,,,
"","","",,"","","","","","","",,"","","","","","","",,"","","","","","","",,"","","","","",307361,1,"2024-02-22_16h32.54.400","experiment","2023.2.3","MacIntel",59.52380952,"5df9f1c15777b5752bf8b085","65d6198c9820d372ff6c9d7f","65d77726d27af10dc8ef6b00","",,,"",,,"",,,"",,,"",,,"",,,,,"",,,"",,,,"",,,"","","",,,"","",,,,,"","","",,,,,,,1,"",,,,,,,,,,,"","",,,,,"k",0.3592,,"space",0.5166,,1,"red_gnome",1,5,"dark_forest","red_basket","brown_gnomes",1,1,"bright_forest","yellow_basket",1,0,0,1,"brown_gnomes","bright_forest","yellow_basket",850,-1,1,87,1,175,0,1,"",,,"",,,"",,,"",,,,,,,"","",,,"",,,"",,,"",,,,,,,"",,,"","",,,,,,,,"",,,,,,,"",,,"","","",,,,,,,,"",,,,,"",,,,,"","","","",,,,,,"",,,,,"",,,,,"","",,,,,,"",,,,,,,
"","","",,"","","","","","","",,"","","","","","","",,"","","","","","","",,"","","","","",307361,1,"2024-02-22_16h32.54.400","experiment","2023.2.3","MacIntel",59.52380952,"5df9f1c15777b5752bf8b085","65d6198c9820d372ff6c9d7f","65d77726d27af10dc8ef6b00","",,,"",,,"",,,"",,,"",,,"",,,,,"",,,"",,,,"",,,"","","",,,"","",,,,,"","","",,,,,,,1,"",,,,,,,,,,,"","",,,,,"k",0.5426,,"space",0.3205,,1,"brown_gnomes",1,0,"bright_forest","yellow_basket","red_gnome",1,6,"dark_forest","red_basket",6,0,0,1,"red_gnome","dark_forest","red_basket",856,-2,-3,88,0,176,0,1,"",,,"",,,"",,,"",,,,,,,"","",,,"",,,"",,,"",,,,,,,"",,,"","",,,,,,,,"",,,,,,,"",,,"","","",,,,,,,,"",,,,,"",,,,,"","","","",,,,,,"",,,,,"",,,,,"","",,,,,,"",,,,,,,
"","","",,"","","","","","","",,"","","","","","","",,"","","","","","","",,"","","","","",307361,1,"2024-02-22_16h32.54.400","experiment","2023.2.3","MacIntel",59.52380952,"5df9f1c15777b5752bf8b085","65d6198c9820d372ff6c9d7f","65d77726d27af10dc8ef6b00","",,,"",,,"",,,"",,,"",,,"",,,,,"",,,"",,,,"",,,"","","",,,"","",,,,,"","","",,,,,,,1,"",,,,,,,,,,,"","",,,,,"k",0.6613,,"space",0.3015,,1,"brown_gnomes",1,2,"bright_forest","yellow_basket","red_gnome",1,3,"dark_forest","red_basket",3,0,0,1,"red_gnome","dark_forest","red_basket",859,1,2,88,1,177,0,1,"",,,"",,,"",,,"",,,,,,,"","",,,"",,,"",,,"",,,,,,,"",,,"","",,,,,,,,"",,,,,,,"",,,"","","",,,,,,,,"",,,,,"",,,,,"","","","",,,,,,"",,,,,"",,,,,"","",,,,,,"",,,,,,,
"","","",,"","","","","","","",,"","","","","","","",,"","","","","","","",,"","","","","",307361,1,"2024-02-22_16h32.54.400","experiment","2023.2.3","MacIntel",59.52380952,"5df9f1c15777b5752bf8b085","65d6198c9820d372ff6c9d7f","65d77726d27af10dc8ef6b00","",,,"",,,"",,,"",,,"",,,"",,,,,"",,,"",,,,"",,,"","","",,,"","",,,,,"","","",,,,,,,1,"",,,,,,,,,,,"","",,,,,"k",0.6438,,"space",0.3684,,1,"brown_gnomes",1,3,"bright_forest","yellow_basket","red_gnome",1,5,"dark_forest","red_basket",5,0,0,1,"red_gnome","dark_forest","red_basket",864,4,2,89,0,178,0,1,"",,,"",,,"",,,"",,,,,,,"","",,,"",,,"",,,"",,,,,,,"",,,"","",,,,,,,,"",,,,,,,"",,,"","","",,,,,,,,"",,,,,"",,,,,"","","","",,,,,,"",,,,,"",,,,,"","",,,,,,"",,,,,,,
"","","",,"","","","","","","",,"","","","","","","",,"","","","","","","",,"","","","","",307361,1,"2024-02-22_16h32.54.400","experiment","2023.2.3","MacIntel",59.52380952,"5df9f1c15777b5752bf8b085","65d6198c9820d372ff6c9d7f","65d77726d27af10dc8ef6b00","",,,"",,,"",,,"",,,"",,,"",,,,,"",,,"",,,,"",,,"","","",,,"","",,,,,"","","",,,,,,,1,"",,,,,,,,,,,"","",,,,,"s",0.4441,,"space",0.6849,,1,"brown_gnomes",1,7,"bright_forest","yellow_basket","red_gnome",1,7,"dark_forest","red_basket",7,0,0,1,"brown_gnomes","bright_forest","yellow_basket",871,1,-1,89,1,179,0,1,"",,,"",,,"",,,"",,,,,,,"","",,,"",,,"",,,"",,,,,,,"",,,"","",,,,,,,,"",,,,,,,"",,,"","","",,,,,,,,"",,,,,"",,,,,"","","","",,,,,,"",,,,,"",,,,,"","",,,,,,"",,,,,,,
"","","",,"","","","","","","",,"","","","","","","",,"","","","","","","",,"","","","","",307361,1,"2024-02-22_16h32.54.400","experiment","2023.2.3","MacIntel",59.52380952,"5df9f1c15777b5752bf8b085","65d6198c9820d372ff6c9d7f","65d77726d27af10dc8ef6b00","",,,"",,,"",,,"",,,"",,,"",,,,,"",,,"",,,,"",,,"","","",,,"","",,,,,"","","",,,,,,,2,"",,,,,,,,,,,"","",,,,,"s",0.6947,,"space",0.6883,,2,"green_gnome",2,6,"dark_forest","red_basket","purple_gnome",2,8,"bright_forest","yellow_basket",6,0,0,1,"green_gnome","dark_forest","red_basket",877,4,1,90,0,180,1,1,"",,,"",,,"",,,"",,,,,,,"","",,,"",,,"",,,"",,,,,,,"",,,"","",,,,,,,,"",,,,,,,"",,,"","","",,,,,,,,"",,,,,"",,,,,"","","","",,,,,,"",,,,,"",,,,,"","",,,,,,"",,,,,,,
"","","",,"","","","","","","",,"","","","","","","",,"","","","","","","",,"","","","","",307361,1,"2024-02-22_16h32.54.400","experiment","2023.2.3","MacIntel",59.52380952,"5df9f1c15777b5752bf8b085","65d6198c9820d372ff6c9d7f","65d77726d27af10dc8ef6b00","",,,"",,,"",,,"",,,"",,,"",,,,,"",,,"",,,,"",,,"","","",,,"","",,,,,"","","",,,,,,,2,"",,,,,,,,,,,"","",,,,,"k",0.3753,,"space",0.3734,,2,"green_gnome",2,7,"dark_forest","red_basket","purple_gnome",2,6,"bright_forest","yellow_basket",6,0,0,1,"purple_gnome","bright_forest","yellow_basket",883,0,-2,90,1,181,1,1,"",,,"",,,"",,,"",,,,,,,"","",,,"",,,"",,,"",,,,,,,"",,,"","",,,,,,,,"",,,,,,,"",,,"","","",,,,,,,,"",,,,,"",,,,,"","","","",,,,,,"",,,,,"",,,,,"","",,,,,,"",,,,,,,
"","","",,"","","","","","","",,"","","","","","","",,"","","","","","","",,"","","","","",307361,1,"2024-02-22_16h32.54.400","experiment","2023.2.3","MacIntel",59.52380952,"5df9f1c15777b5752bf8b085","65d6198c9820d372ff6c9d7f","65d77726d27af10dc8ef6b00","",,,"",,,"",,,"",,,"",,,"",,,,,"",,,"",,,,"",,,"","","",,,"","",,,,,"","","",,,,,,,1,"",,,,,,,,,,,"","",,,,,"k",0.4781,,"space",0.6847,,1,"brown_gnomes",1,6,"bright_forest","yellow_basket","red_gnome",1,5,"dark_forest","red_basket",5,0,0,1,"red_gnome","dark_forest","red_basket",888,1,3,91,0,182,0,1,"",,,"",,,"",,,"",,,,,,,"","",,,"",,,"",,,"",,,,,,,"",,,"","",,,,,,,,"",,,,,,,"",,,"","","",,,,,,,,"",,,,,"",,,,,"","","","",,,,,,"",,,,,"",,,,,"","",,,,,,"",,,,,,,
"","","",,"","","","","","","",,"","","","","","","",,"","","","","","","",,"","","","","",307361,1,"2024-02-22_16h32.54.400","experiment","2023.2.3","MacIntel",59.52380952,"5df9f1c15777b5752bf8b085","65d6198c9820d372ff6c9d7f","65d77726d27af10dc8ef6b00","",,,"",,,"",,,"",,,"",,,"",,,,,"",,,"",,,,"",,,"","","",,,"","",,,,,"","","",,,,,,,2,"",,,,,,,,,,,"","",,,,,"s",0.4793,,"space",0.5685,,2,"green_gnome",2,8,"dark_forest","red_basket","purple_gnome",2,7,"bright_forest","yellow_basket",8,0,0,1,"green_gnome","dark_forest","red_basket",896,-2,0,91,1,183,1,1,"",,,"",,,"",,,"",,,,,,,"","",,,"",,,"",,,"",,,,,,,"",,,"","",,,,,,,,"",,,,,,,"",,,"","","",,,,,,,,"",,,,,"",,,,,"","","","",,,,,,"",,,,,"",,,,,"","",,,,,,"",,,,,,,
"","","",,"","","","","","","",,"","","","","","","",,"","","","","","","",,"","","","","",307361,1,"2024-02-22_16h32.54.400","experiment","2023.2.3","MacIntel",59.52380952,"5df9f1c15777b5752bf8b085","65d6198c9820d372ff6c9d7f","65d77726d27af10dc8ef6b00","",,,"",,,"",,,"",,,"",,,"",,,,,"",,,"",,,,"",,,"","","",,,"","",,,,,"","","",,,,,,,2,"",,,,,,,,,,,"","",,,,,"k",0.5097,,"space",0.6685,,2,"purple_gnome",2,5,"bright_forest","yellow_basket","green_gnome",2,8,"dark_forest","red_basket",8,0,0,1,"green_gnome","dark_forest","red_basket",904,-4,0,92,0,184,1,1,"",,,"",,,"",,,"",,,,,,,"","",,,"",,,"",,,"",,,,,,,"",,,"","",,,,,,,,"",,,,,,,"",,,"","","",,,,,,,,"",,,,,"",,,,,"","","","",,,,,,"",,,,,"",,,,,"","",,,,,,"",,,,,,,
"","","",,"","","","","","","",,"","","","","","","",,"","","","","","","",,"","","","","",307361,1,"2024-02-22_16h32.54.400","experiment","2023.2.3","MacIntel",59.52380952,"5df9f1c15777b5752bf8b085","65d6198c9820d372ff6c9d7f","65d77726d27af10dc8ef6b00","",,,"",,,"",,,"",,,"",,,"",,,,,"",,,"",,,,"",,,"","","",,,"","",,,,,"","","",,,,,,,1,"",,,,,,,,,,,"","",,,,,"k",0.6259,,"space",0.6388,,1,"brown_gnomes",1,1,"bright_forest","yellow_basket","red_gnome",1,8,"dark_forest","red_basket",8,0,0,1,"red_gnome","dark_forest","red_basket",912,-2,2,92,1,185,0,1,"",,,"",,,"",,,"",,,,,,,"","",,,"",,,"",,,"",,,,,,,"",,,"","",,,,,,,,"",,,,,,,"",,,"","","",,,,,,,,"",,,,,"",,,,,"","","","",,,,,,"",,,,,"",,,,,"","",,,,,,"",,,,,,,
"","","",,"","","","","","","",,"","","","","","","",,"","","","","","","",,"","","","","",307361,1,"2024-02-22_16h32.54.400","experiment","2023.2.3","MacIntel",59.52380952,"5df9f1c15777b5752bf8b085","65d6198c9820d372ff6c9d7f","65d77726d27af10dc8ef6b00","",,,"",,,"",,,"",,,"",,,"",,,,,"",,,"",,,,"",,,"","","",,,"","",,,,,"","","",,,,,,,2,"",,,,,,,,,,,"","",,,,,"k",0.493,,"space",0.5073,,2,"purple_gnome",2,1,"bright_forest","yellow_basket","green_gnome",2,8,"dark_forest","red_basket",8,0,0,1,"green_gnome","dark_forest","red_basket",920,2,0,93,0,186,1,1,"",,,"",,,"",,,"",,,,,,,"","",,,"",,,"",,,"",,,,,,,"",,,"","",,,,,,,,"",,,,,,,"",,,"","","",,,,,,,,"",,,,,"",,,,,"","","","",,,,,,"",,,,,"",,,,,"","",,,,,,"",,,,,,,
"","","",,"","","","","","","",,"","","","","","","",,"","","","","","","",,"","","","","",307361,1,"2024-02-22_16h32.54.400","experiment","2023.2.3","MacIntel",59.52380952,"5df9f1c15777b5752bf8b085","65d6198c9820d372ff6c9d7f","65d77726d27af10dc8ef6b00","",,,"",,,"",,,"",,,"",,,"",,,,,"",,,"",,,,"",,,"","","",,,"","",,,,,"","","",,,,,,,2,"",,,,,,,,,,,"","",,,,,"s",0.6271,,"space",0.7562,,2,"green_gnome",2,8,"dark_forest","red_basket","purple_gnome",2,3,"bright_forest","yellow_basket",8,0,0,1,"green_gnome","dark_forest","red_basket",928,0,-3,93,1,187,1,1,"",,,"",,,"",,,"",,,,,,,"","",,,"",,,"",,,"",,,,,,,"",,,"","",,,,,,,,"",,,,,,,"",,,"","","",,,,,,,,"",,,,,"",,,,,"","","","",,,,,,"",,,,,"",,,,,"","",,,,,,"",,,,,,,
"","","",,"","","","","","","",,"","","","","","","",,"","","","","","","",,"","","","","",307361,1,"2024-02-22_16h32.54.400","experiment","2023.2.3","MacIntel",59.52380952,"5df9f1c15777b5752bf8b085","65d6198c9820d372ff6c9d7f","65d77726d27af10dc8ef6b00","",,,"",,,"",,,"",,,"",,,"",,,,,"",,,"",,,,"",,,"","","",,,"","",,,,,"","","",,,,,,,1,"",,,,,,,,,,,"","",,,,,"k",0.5595,,"space",0.4345,,1,"brown_gnomes",1,3,"bright_forest","yellow_basket","red_gnome",1,5,"dark_forest","red_basket",5,0,0,1,"red_gnome","dark_forest","red_basket",933,-1,2,94,0,188,0,1,"",,,"",,,"",,,"",,,,,,,"","",,,"",,,"",,,"",,,,,,,"",,,"","",,,,,,,,"",,,,,,,"",,,"","","",,,,,,,,"",,,,,"",,,,,"","","","",,,,,,"",,,,,"",,,,,"","",,,,,,"",,,,,,,
"","","",,"","","","","","","",,"","","","","","","",,"","","","","","","",,"","","","","",307361,1,"2024-02-22_16h32.54.400","experiment","2023.2.3","MacIntel",59.52380952,"5df9f1c15777b5752bf8b085","65d6198c9820d372ff6c9d7f","65d77726d27af10dc8ef6b00","",,,"",,,"",,,"",,,"",,,"",,,,,"",,,"",,,,"",,,"","","",,,"","",,,,,"","","",,,,,,,2,"",,,,,,,,,,,"","",,,,,"k",0.542,,"space",0.7002,,2,"purple_gnome",2,2,"bright_forest","yellow_basket","green_gnome",2,7,"dark_forest","red_basket",7,0,0,1,"green_gnome","dark_forest","red_basket",940,4,-1,94,1,189,1,1,"",,,"",,,"",,,"",,,,,,,"","",,,"",,,"",,,"",,,,,,,"",,,"","",,,,,,,,"",,,,,,,"",,,"","","",,,,,,,,"",,,,,"",,,,,"","","","",,,,,,"",,,,,"",,,,,"","",,,,,,"",,,,,,,
"","","",,"","","","","","","",,"","","","","","","",,"","","","","","","",,"","","","","",307361,1,"2024-02-22_16h32.54.400","experiment","2023.2.3","MacIntel",59.52380952,"5df9f1c15777b5752bf8b085","65d6198c9820d372ff6c9d7f","65d77726d27af10dc8ef6b00","",,,"",,,"",,,"",,,"",,,"",,,,,"",,,"",,,,"",,,"","","",,,"","",,,,,"","","",,,,,,,1,"",,,,,,,,,,,"","",,,,,"s",0.5147,,"space",0.536,,1,"red_gnome",1,6,"dark_forest","red_basket","brown_gnomes",1,6,"bright_forest","yellow_basket",6,0,0,1,"red_gnome","dark_forest","red_basket",946,0,2,95,0,190,0,1,"",,,"",,,"",,,"",,,,,,,"","",,,"",,,"",,,"",,,,,,,"",,,"","",,,,,,,,"",,,,,,,"",,,"","","",,,,,,,,"",,,,,"",,,,,"","","","",,,,,,"",,,,,"",,,,,"","",,,,,,"",,,,,,,
"","","",,"","","","","","","",,"","","","","","","",,"","","","","","","",,"","","","","",307361,1,"2024-02-22_16h32.54.400","experiment","2023.2.3","MacIntel",59.52380952,"5df9f1c15777b5752bf8b085","65d6198c9820d372ff6c9d7f","65d77726d27af10dc8ef6b00","",,,"",,,"",,,"",,,"",,,"",,,,,"",,,"",,,,"",,,"","","",,,"","",,,,,"","","",,,,,,,2,"",,,,,,,,,,,"","",,,,,"k",0.4924,,"space",0.5515,,2,"purple_gnome",2,6,"bright_forest","yellow_basket","green_gnome",2,8,"dark_forest","red_basket",8,0,0,1,"green_gnome","dark_forest","red_basket",954,0,0,95,1,191,1,1,"",,,"",,,"",,,"",,,,,,,"","",,,"",,,"",,,"",,,,,,,"",,,"","",,,,,,,,"",,,,,,,"",,,"","","",,,,,,,,"",,,,,"",,,,,"","","","",,,,,,"",,,,,"",,,,,"","",,,,,,"",,,,,,,
"","","",,"","","","","","","",,"","","","","","","",,"","","","","","","",,"","","","","",307361,1,"2024-02-22_16h32.54.400","experiment","2023.2.3","MacIntel",59.52380952,"5df9f1c15777b5752bf8b085","65d6198c9820d372ff6c9d7f","65d77726d27af10dc8ef6b00","",,,"",,,"",,,"",,,"",,,"",,,,,"",,,"",,,,"",,,"","","",,,"","",,,,,"","","",,,,,,,2,"",,,,,,,,,,,"","",,,,,"k",0.4951,,"space",0.8206,,2,"purple_gnome",2,6,"bright_forest","yellow_basket","green_gnome",2,8,"dark_forest","red_basket",8,0,0,1,"green_gnome","dark_forest","red_basket",962,0,-5,96,0,192,1,1,"",,,"",,,"",,,"",,,,,,,"","",,,"",,,"",,,"",,,,,,,"",,,"","",,,,,,,,"",,,,,,,"",,,"","","",,,,,,,,"",,,,,"",,,,,"","","","",,,,,,"",,,,,"",,,,,"","",,,,,,"",,,,,,,
"","","",,"","","","","","","",,"","","","","","","",,"","","","","","","",,"","","","","",307361,1,"2024-02-22_16h32.54.400","experiment","2023.2.3","MacIntel",59.52380952,"5df9f1c15777b5752bf8b085","65d6198c9820d372ff6c9d7f","65d77726d27af10dc8ef6b00","",,,"",,,"",,,"",,,"",,,"",,,,,"",,,"",,,,"",,,"","","",,,"","",,,,,"","","",,,,,,,1,"",,,,,,,,,,,"","",,,,,"s",0.5272,,"space",0.5032,,1,"red_gnome",1,3,"dark_forest","red_basket","brown_gnomes",1,6,"bright_forest","yellow_basket",3,0,0,1,"red_gnome","dark_forest","red_basket",965,-3,-2,96,1,193,0,1,"",,,"",,,"",,,"",,,,,,,"","",,,"",,,"",,,"",,,,,,,"",,,"","",,,,,,,,"",,,,,,,"",,,"","","",,,,,,,,"",,,,,"",,,,,"","","","",,,,,,"",,,,,"",,,,,"","",,,,,,"",,,,,,,
"","","",,"","","","","","","",,"","","","","","","",,"","","","","","","",,"","","","","",307361,1,"2024-02-22_16h32.54.400","experiment","2023.2.3","MacIntel",59.52380952,"5df9f1c15777b5752bf8b085","65d6198c9820d372ff6c9d7f","65d77726d27af10dc8ef6b00","",,,"",,,"",,,"",,,"",,,"",,,,,"",,,"",,,,"",,,"","","",,,"","",,,,,"","","",,,,,,,2,"",,,,,,,,,,,"","",,,,,"k",0.3277,,"space",0.6359,,2,"green_gnome",2,1,"dark_forest","red_basket","purple_gnome",2,3,"bright_forest","yellow_basket",3,0,0,1,"purple_gnome","bright_forest","yellow_basket",968,4,0,97,0,194,1,1,"",,,"",,,"",,,"",,,,,,,"","",,,"",,,"",,,"",,,,,,,"",,,"","",,,,,,,,"",,,,,,,"",,,"","","",,,,,,,,"",,,,,"",,,,,"","","","",,,,,,"",,,,,"",,,,,"","",,,,,,"",,,,,,,
"","","",,"","","","","","","",,"","","","","","","",,"","","","","","","",,"","","","","",307361,1,"2024-02-22_16h32.54.400","experiment","2023.2.3","MacIntel",59.52380952,"5df9f1c15777b5752bf8b085","65d6198c9820d372ff6c9d7f","65d77726d27af10dc8ef6b00","",,,"",,,"",,,"",,,"",,,"",,,,,"",,,"",,,,"",,,"","","",,,"","",,,,,"","","",,,,,,,1,"",,,,,,,,,,,"","",,,,,"s",0.4602,,"space",0.4196,,1,"red_gnome",1,1,"dark_forest","red_basket","brown_gnomes",1,7,"bright_forest","yellow_basket",1,0,0,1,"red_gnome","dark_forest","red_basket",969,-1,-2,97,1,195,0,1,"",,,"",,,"",,,"",,,,,,,"","",,,"",,,"",,,"",,,,,,,"",,,"","",,,,,,,,"",,,,,,,"",,,"","","",,,,,,,,"",,,,,"",,,,,"","","","",,,,,,"",,,,,"",,,,,"","",,,,,,"",,,,,,,
"","","",,"","","","","","","",,"","","","","","","",,"","","","","","","",,"","","","","",307361,1,"2024-02-22_16h32.54.400","experiment","2023.2.3","MacIntel",59.52380952,"5df9f1c15777b5752bf8b085","65d6198c9820d372ff6c9d7f","65d77726d27af10dc8ef6b00","",,,"",,,"",,,"",,,"",,,"",,,,,"",,,"",,,,"",,,"","","",,,"","",,,,,"","","",,,,,,,2,"",,,,,,,,,,,"","",,,,,"k",0.0586,,"space",0.4197,,2,"green_gnome",2,1,"dark_forest","red_basket","purple_gnome",2,6,"bright_forest","yellow_basket",6,0,0,1,"purple_gnome","bright_forest","yellow_basket",975,0,2,98,0,196,1,1,"",,,"",,,"",,,"",,,,,,,"","",,,"",,,"",,,"",,,,,,,"",,,"","",,,,,,,,"",,,,,,,"",,,"","","",,,,,,,,"",,,,,"",,,,,"","","","",,,,,,"",,,,,"",,,,,"","",,,,,,"",,,,,,,
"","","",,"","","","","","","",,"","","","","","","",,"","","","","","","",,"","","","","",307361,1,"2024-02-22_16h32.54.400","experiment","2023.2.3","MacIntel",59.52380952,"5df9f1c15777b5752bf8b085","65d6198c9820d372ff6c9d7f","65d77726d27af10dc8ef6b00","",,,"",,,"",,,"",,,"",,,"",,,,,"",,,"",,,,"",,,"","","",,,"","",,,,,"","","",,,,,,,1,"",,,,,,,,,,,"","",,,,,"s",0.5999,,"space",0.4031,,1,"red_gnome",1,3,"dark_forest","red_basket","brown_gnomes",1,6,"bright_forest","yellow_basket",3,0,0,1,"red_gnome","dark_forest","red_basket",978,2,-1,98,1,197,0,1,"",,,"",,,"",,,"",,,,,,,"","",,,"",,,"",,,"",,,,,,,"",,,"","",,,,,,,,"",,,,,,,"",,,"","","",,,,,,,,"",,,,,"",,,,,"","","","",,,,,,"",,,,,"",,,,,"","",,,,,,"",,,,,,,
"","","",,"","","","","","","",,"","","","","","","",,"","","","","","","",,"","","","","",307361,1,"2024-02-22_16h32.54.400","experiment","2023.2.3","MacIntel",59.52380952,"5df9f1c15777b5752bf8b085","65d6198c9820d372ff6c9d7f","65d77726d27af10dc8ef6b00","",,,"",,,"",,,"",,,"",,,"",,,,,"",,,"",,,,"",,,"","","",,,"","",,,,,"","","",,,,,,,2,"",,,,,,,,,,,"","",,,,,"k",0.4433,,"space",0.3543,,2,"purple_gnome",2,8,"bright_forest","yellow_basket","green_gnome",2,2,"dark_forest","red_basket",2,0,0,1,"green_gnome","dark_forest","red_basket",980,3,-2,99,0,198,1,1,"",,,"",,,"",,,"",,,,,,,"","",,,"",,,"",,,"",,,,,,,"",,,"","",,,,,,,,"",,,,,,,"",,,"","","",,,,,,,,"",,,,,"",,,,,"","","","",,,,,,"",,,,,"",,,,,"","",,,,,,"",,,,,,,
"","","",,"","","","","","","",,"","","","","","","",,"","","","","","","",,"","","","","",307361,1,"2024-02-22_16h32.54.400","experiment","2023.2.3","MacIntel",59.52380952,"5df9f1c15777b5752bf8b085","65d6198c9820d372ff6c9d7f","65d77726d27af10dc8ef6b00","",,,"",,,"",,,"",,,"",,,"",,,,,"",,,"",,,,"",,,"","","",,,"","",,,,,"","","",,,,,,,2,"",,,,,,,,,,,"","",,,,,"s",0.4098,,"space",0.4188,,2,"purple_gnome",2,7,"bright_forest","yellow_basket","green_gnome",2,0,"dark_forest","red_basket",7,0,0,1,"purple_gnome","bright_forest","yellow_basket",987,2,-2,99,1,199,1,1,"",,,"",,,"",,,"",,,,,,,"","",,,"",,,"",,,"",,,,,,,"",,,"","",,,,,,,,"",,,,,,,"",,,"","","",,,,,,,,"",,,,,"",,,,,"","","","",,,,,,"",,,,,"",,,,,"","",,,,,,"",,,,,,,
"","","",,"","","","","","","",,"","","","","","","",,"","","","","","","",,"","","","","",307361,1,"2024-02-22_16h32.54.400","experiment","2023.2.3","MacIntel",59.52380952,"5df9f1c15777b5752bf8b085","65d6198c9820d372ff6c9d7f","65d77726d27af10dc8ef6b00","",,,"",,,"",,,"",,,"",,,"",,,,,"",,,"",,,,"",,,"","","",,,"","",,,,,"","","",,,,,,,,"",,,1994.4588,1996.4429,0.600843448,-0.323506557,1,0,0,1.9744,"t_advice_finished_typing_rect","",,,,,"",,,"",,,,"",,,"","","",,,"","",,,,,"","","",,,,,,,,,"space",4.2919,,"space",22.6746,,"space",2.8448,,"Although it does seem the higher amount of mushrooms is allocated somewhat at random, it appeared that when I selected the smaller gnome, the amount was higher, so I would suggesting going with the smaller gnome if unsure. The speed with which you press a button, either s, k or space, doesn't seem to affect the number of mushrooms you aquire. Good luck!",0.045690627,-0.03141962,1,0,0,0.8573,"vb_finished_typing_rect","space",5.7853,,"space",18.1788,,"space",5.4936,,"space",2.9445,,36.60353306,4.6381,64.45016044,5.9883,"space",5.7043,,"red_gnome","green_gnome",0,0,0,5,1,2,3,"",,,,,,,"",,,"","","",,,,,,,,"",,,,,"",,,,,"","","","",,,,,,"",,,,,"",,,,,"","",,,,,,"",,,,,,,
"","","",,"","","","","","","",,"","","","","","","",,"","","","","","","",,"","","","","",307361,1,"2024-02-22_16h32.54.400","experiment","2023.2.3","MacIntel",59.52380952,"5df9f1c15777b5752bf8b085","65d6198c9820d372ff6c9d7f","65d77726d27af10dc8ef6b00","",,,"",,,"",,,"",,,"",,,"",,,,,"",,,"",,,,"",,,"","","",,,"","",,,,,"","","",,,,,,,,"",,,,,,,,,,,"","",,,,,"",,,"",,,,"",,,"","","",,,"","",,,,,"","","",,,,,,,,,"",,,"",,,"",,,"",,,,,,,"","",,,"",,,"",,,"",,,90.70608956,3.3945,71.88571894,4.6117,"space",4.3587,,"purple_gnome","red_gnome",0,1,1,3,1,1,2,"",,,,,,,"",,,"","","",,,,,,,,"",,,,,"",,,,,"","","","",,,,,,"",,,,,"",,,,,"","",,,,,,"",,,,,,,
"","","",,"","","","","","","",,"","","","","","","",,"","","","","","","",,"","","","","",307361,1,"2024-02-22_16h32.54.400","experiment","2023.2.3","MacIntel",59.52380952,"5df9f1c15777b5752bf8b085","65d6198c9820d372ff6c9d7f","65d77726d27af10dc8ef6b00","",,,"",,,"",,,"",,,"",,,"",,,,,"",,,"",,,,"",,,"","","",,,"","",,,,,"","","",,,,,,,,"",,,,,,,,,,,"","",,,,,"",,,"",,,,"",,,"","","",,,"","",,,,,"","","",,,,,,,,,"",,,"",,,"",,,"",,,,,,,"","",,,"",,,"",,,"",,,100,2.863,70.34702846,3.9456,"space",3.6602,,"green_gnome","purple_gnome",0,2,2,4,1,1,3,"",,,,,,,"",,,"","","",,,,,,,,"",,,,,"",,,,,"","","","",,,,,,"",,,,,"",,,,,"","",,,,,,"",,,,,,,
"","","",,"","","","","","","",,"","","","","","","",,"","","","","","","",,"","","","","",307361,1,"2024-02-22_16h32.54.400","experiment","2023.2.3","MacIntel",59.52380952,"5df9f1c15777b5752bf8b085","65d6198c9820d372ff6c9d7f","65d77726d27af10dc8ef6b00","",,,"",,,"",,,"",,,"",,,"",,,,,"",,,"",,,,"",,,"","","",,,"","",,,,,"","","",,,,,,,,"",,,,,,,,,,,"","",,,,,"",,,"",,,,"",,,"","","",,,"","",,,,,"","","",,,,,,,,,"",,,"",,,"",,,"",,,,,,,"","",,,"",,,"",,,"",,,88.61680385,2.8626,55.87860398,4.146,"space",3.8434,,"green_gnome","brown_gnomes",0,3,3,2,1,0,3,"",,,,,,,"",,,"","","",,,,,,,,"",,,,,"",,,,,"","","","",,,,,,"",,,,,"",,,,,"","",,,,,,"",,,,,,,
"","","",,"","","","","","","",,"","","","","","","",,"","","","","","","",,"","","","","",307361,1,"2024-02-22_16h32.54.400","experiment","2023.2.3","MacIntel",59.52380952,"5df9f1c15777b5752bf8b085","65d6198c9820d372ff6c9d7f","65d77726d27af10dc8ef6b00","",,,"",,,"",,,"",,,"",,,"",,,,,"",,,"",,,,"",,,"","","",,,"","",,,,,"","","",,,,,,,,"",,,,,,,,,,,"","",,,,,"",,,"",,,,"",,,"","","",,,"","",,,,,"","","",,,,,,,,,"",,,"",,,"",,,"",,,,,,,"","",,,"",,,"",,,"",,,67.03520275,3.461,30.60434105,4.4452,"space",4.0601,,"brown_gnomes","purple_gnome",0,4,4,0,1,0,1,"",,,,,,,"",,,"","","",,,,,,,,"",,,,,"",,,,,"","","","",,,,,,"",,,,,"",,,,,"","",,,,,,"",,,,,,,
"","","",,"","","","","","","",,"","","","","","","",,"","","","","","","",,"","","","","",307361,1,"2024-02-22_16h32.54.400","experiment","2023.2.3","MacIntel",59.52380952,"5df9f1c15777b5752bf8b085","65d6198c9820d372ff6c9d7f","65d77726d27af10dc8ef6b00","",,,"",,,"",,,"",,,"",,,"",,,,,"",,,"",,,,"",,,"","","",,,"","",,,,,"","","",,,,,,,,"",,,,,,,,,,,"","",,,,,"",,,"",,,,"",,,"","","",,,"","",,,,,"","","",,,,,,,,,"",,,"",,,"",,,"",,,,,,,"","",,,"",,,"",,,"",,,92.71797108,2.445,20.32578241,3.7792,"space",3.4268,,"red_gnome","brown_gnomes",0,5,5,1,1,0,2,"",,,,,,,"",,,"","","",,,,,,,,"",,,,,"",,,,,"","","","",,,,,,"",,,,,"",,,,,"","",,,,,,"",,,,,,,
"","","",,"","","","","","","",,"","","","","","","",,"","","","","","","",,"","","","","",307361,1,"2024-02-22_16h32.54.400","experiment","2023.2.3","MacIntel",59.52380952,"5df9f1c15777b5752bf8b085","65d6198c9820d372ff6c9d7f","65d77726d27af10dc8ef6b00","",,,"",,,"",,,"",,,"",,,"",,,,,"",,,"",,,,"",,,"","","",,,"","",,,,,"","","",,,,,,,,"",,,,,,,,,,,"","",,,,,"",,,"",,,,"",,,"","","",,,"","",,,,,"","","",,,,,,,,,"",,,"",,,"",,,"",,,,,,,"","",,,"",,,"",,,"",,,,,,,"",,,"","",,,,,,,,"space",4.3779,,77.15143694,4.1778,42.49759347,5.0944,"space",4.6942,,"green_gnome","dark_forest","red_basket",0,0,0,7,1,3,1,"",,,,,"",,,,,"","","","",,,,,,"",,,,,"",,,,,"","",,,,,,"",,,,,,,
"","","",,"","","","","","","",,"","","","","","","",,"","","","","","","",,"","","","","",307361,1,"2024-02-22_16h32.54.400","experiment","2023.2.3","MacIntel",59.52380952,"5df9f1c15777b5752bf8b085","65d6198c9820d372ff6c9d7f","65d77726d27af10dc8ef6b00","",,,"",,,"",,,"",,,"",,,"",,,,,"",,,"",,,,"",,,"","","",,,"","",,,,,"","","",,,,,,,,"",,,,,,,,,,,"","",,,,,"",,,"",,,,"",,,"","","",,,"","",,,,,"","","",,,,,,,,,"",,,"",,,"",,,"",,,,,,,"","",,,"",,,"",,,"",,,,,,,"",,,"","",,,,,,,,"",,,28.18767439,3.5782,55.15123349,4.2285,"space",4.1102,,"red_gnome","dark_forest","red_basket",0,1,1,5,1,2,1,"",,,,,"",,,,,"","","","",,,,,,"",,,,,"",,,,,"","",,,,,,"",,,,,,,
"","","",,"","","","","","","",,"","","","","","","",,"","","","","","","",,"","","","","",307361,1,"2024-02-22_16h32.54.400","experiment","2023.2.3","MacIntel",59.52380952,"5df9f1c15777b5752bf8b085","65d6198c9820d372ff6c9d7f","65d77726d27af10dc8ef6b00","",,,"",,,"",,,"",,,"",,,"",,,,,"",,,"",,,,"",,,"","","",,,"","",,,,,"","","",,,,,,,,"",,,,,,,,,,,"","",,,,,"",,,"",,,,"",,,"","","",,,"","",,,,,"","","",,,,,,,,,"",,,"",,,"",,,"",,,,,,,"","",,,"",,,"",,,"",,,,,,,"",,,"","",,,,,,,,"",,,63.1080671,2.2961,54.36993118,3.295,"space",2.9103,,"purple_gnome","dark_forest","red_basket",0,2,2,3,1,1,1,"",,,,,"",,,,,"","","","",,,,,,"",,,,,"",,,,,"","",,,,,,"",,,,,,,
"","","",,"","","","","","","",,"","","","","","","",,"","","","","","","",,"","","","","",307361,1,"2024-02-22_16h32.54.400","experiment","2023.2.3","MacIntel",59.52380952,"5df9f1c15777b5752bf8b085","65d6198c9820d372ff6c9d7f","65d77726d27af10dc8ef6b00","",,,"",,,"",,,"",,,"",,,"",,,,,"",,,"",,,,"",,,"","","",,,"","",,,,,"","","",,,,,,,,"",,,,,,,,,,,"","",,,,,"",,,"",,,,"",,,"","","",,,"","",,,,,"","","",,,,,,,,,"",,,"",,,"",,,"",,,,,,,"","",,,"",,,"",,,"",,,,,,,"",,,"","",,,,,,,,"",,,82.0500372,4.329,27.26046898,3.1957,"space",3.91,,"purple_gnome","bright_forest","yellow_basket",0,3,3,2,1,1,0,"",,,,,"",,,,,"","","","",,,,,,"",,,,,"",,,,,"","",,,,,,"",,,,,,,
"","","",,"","","","","","","",,"","","","","","","",,"","","","","","","",,"","","","","",307361,1,"2024-02-22_16h32.54.400","experiment","2023.2.3","MacIntel",59.52380952,"5df9f1c15777b5752bf8b085","65d6198c9820d372ff6c9d7f","65d77726d27af10dc8ef6b00","",,,"",,,"",,,"",,,"",,,"",,,,,"",,,"",,,,"",,,"","","",,,"","",,,,,"","","",,,,,,,,"",,,,,,,,,,,"","",,,,,"",,,"",,,,"",,,"","","",,,"","",,,,,"","","",,,,,,,,,"",,,"",,,"",,,"",,,,,,,"","",,,"",,,"",,,"",,,,,,,"",,,"","",,,,,,,,"",,,79.45877511,2.4108,62.20621745,3.2444,"space",2.8437,,"green_gnome","bright_forest","yellow_basket",0,4,4,6,1,3,0,"",,,,,"",,,,,"","","","",,,,,,"",,,,,"",,,,,"","",,,,,,"",,,,,,,
"","","",,"","","","","","","",,"","","","","","","",,"","","","","","","",,"","","","","",307361,1,"2024-02-22_16h32.54.400","experiment","2023.2.3","MacIntel",59.52380952,"5df9f1c15777b5752bf8b085","65d6198c9820d372ff6c9d7f","65d77726d27af10dc8ef6b00","",,,"",,,"",,,"",,,"",,,"",,,,,"",,,"",,,,"",,,"","","",,,"","",,,,,"","","",,,,,,,,"",,,,,,,,,,,"","",,,,,"",,,"",,,,"",,,"","","",,,"","",,,,,"","","",,,,,,,,,"",,,"",,,"",,,"",,,,,,,"","",,,"",,,"",,,"",,,,,,,"",,,"","",,,,,,,,"",,,30.17983282,2.628,39.17958287,4.1617,"space",4.3292,,"brown_gnomes","bright_forest","yellow_basket",0,5,5,0,1,0,0,"",,,,,"",,,,,"","","","",,,,,,"",,,,,"",,,,,"","",,,,,,"",,,,,,,
"","","",,"","","","","","","",,"","","","","","","",,"","","","","","","",,"","","","","",307361,1,"2024-02-22_16h32.54.400","experiment","2023.2.3","MacIntel",59.52380952,"5df9f1c15777b5752bf8b085","65d6198c9820d372ff6c9d7f","65d77726d27af10dc8ef6b00","",,,"",,,"",,,"",,,"",,,"",,,,,"",,,"",,,,"",,,"","","",,,"","",,,,,"","","",,,,,,,,"",,,,,,,,,,,"","",,,,,"",,,"",,,,"",,,"","","",,,"","",,,,,"","","",,,,,,,,,"",,,"",,,"",,,"",,,,,,,"","",,,"",,,"",,,"",,,,,,,"",,,"","",,,,,,,,"",,,59.59079125,2.0119,17.97976249,2.8791,"space",3.8257,,"brown_gnomes","dark_forest","red_basket",0,6,6,1,1,0,1,"",,,,,"",,,,,"","","","",,,,,,"",,,,,"",,,,,"","",,,,,,"",,,,,,,
"","","",,"","","","","","","",,"","","","","","","",,"","","","","","","",,"","","","","",307361,1,"2024-02-22_16h32.54.400","experiment","2023.2.3","MacIntel",59.52380952,"5df9f1c15777b5752bf8b085","65d6198c9820d372ff6c9d7f","65d77726d27af10dc8ef6b00","",,,"",,,"",,,"",,,"",,,"",,,,,"",,,"",,,,"",,,"","","",,,"","",,,,,"","","",,,,,,,,"",,,,,,,,,,,"","",,,,,"",,,"",,,,"",,,"","","",,,"","",,,,,"","","",,,,,,,,,"",,,"",,,"",,,"",,,,,,,"","",,,"",,,"",,,"",,,,,,,"",,,"","",,,,,,,,"",,,73.39947219,2.2284,60.65373303,3.2954,"space",3.6606,,"red_gnome","bright_forest","yellow_basket",0,7,7,4,1,2,0,"",,,,,"",,,,,"","","","",,,,,,"",,,,,"",,,,,"","",,,,,,"",,,,,,,
"","","",,"","","","","","","",,"","","","","","","",,"","","","","","","",,"","","","","",307361,1,"2024-02-22_16h32.54.400","experiment","2023.2.3","MacIntel",59.52380952,"5df9f1c15777b5752bf8b085","65d6198c9820d372ff6c9d7f","65d77726d27af10dc8ef6b00","",,,"",,,"",,,"",,,"",,,"",,,,,"",,,"",,,,"",,,"","","",,,"","",,,,,"","","",,,,,,,,"",,,,,,,,,,,"","",,,,,"",,,"",,,,"",,,"","","",,,"","",,,,,"","","",,,,,,,,,"",,,"",,,"",,,"",,,,,,,"","",,,"",,,"",,,"",,,,,,,"",,,"","",,,,,,,,"",,,,,,,"",,,"","","",,,,,,,,"space",4.2822,,75.93799991,2.5008,"space",2.9238,,62.85988653,3.3671,"bright_forest","dark_forest","yellow_basket","red_basket",0,0,0,0,1,"",,,,,"",,,,,"","",,,,,,"",,,,,,,
"","","",,"","","","","","","",,"","","","","","","",,"","","","","","","",,"","","","","",307361,1,"2024-02-22_16h32.54.400","experiment","2023.2.3","MacIntel",59.52380952,"5df9f1c15777b5752bf8b085","65d6198c9820d372ff6c9d7f","65d77726d27af10dc8ef6b00","",,,"",,,"",,,"",,,"",,,"",,,,,"",,,"",,,,"",,,"","","",,,"","",,,,,"","","",,,,,,,,"",,,,,,,,,,,"","",,,,,"",,,"",,,,"",,,"","","",,,"","",,,,,"","","",,,,,,,,,"",,,"",,,"",,,"",,,,,,,"","",,,"",,,"",,,"",,,,,,,"",,,"","",,,,,,0,3,"",,,,,,,"",,,"","","",,,,,,,,"",,,,,"",,,,,"","","","",,,,,,"space",4.3099,,88.26770601,4.8269,"space",4.4931,,90.87781343,4.1102,"brown_gnomes","green_gnome",0,0,0,2,1,"",,,,,,,
"","","",,"","","","","","","",,"","","","","","","",,"","","","","","","",,"","","","","",307361,1,"2024-02-22_16h32.54.400","experiment","2023.2.3","MacIntel",59.52380952,"5df9f1c15777b5752bf8b085","65d6198c9820d372ff6c9d7f","65d77726d27af10dc8ef6b00","",,,"",,,"",,,"",,,"",,,"",,,,,"",,,"",,,,"",,,"","","",,,"","",,,,,"","","",,,,,,,,"",,,,,,,,,,,"","",,,,,"",,,"",,,,"",,,"","","",,,"","",,,,,"","","",,,,,,,,,"",,,"",,,"",,,"",,,,,,,"","",,,"",,,"",,,"",,,,,,,"",,,"","",,,,,,0,1,"",,,,,,,"",,,"","","",,,,,,,,"",,,,,"",,,,,"","","","",,,,,,"",,,60.45721145,4.177,"space",4.7311,,41.0844494,5.1275,"brown_gnomes","purple_gnome",0,1,1,0,1,"",,,,,,,
"","","",,"","","","","","","",,"","","","","","","",,"","","","","","","",,"","","","","",307361,1,"2024-02-22_16h32.54.400","experiment","2023.2.3","MacIntel",59.52380952,"5df9f1c15777b5752bf8b085","65d6198c9820d372ff6c9d7f","65d77726d27af10dc8ef6b00","",,,"",,,"",,,"",,,"",,,"",,,,,"",,,"",,,,"",,,"","","",,,"","",,,,,"","","",,,,,,,,"",,,,,,,,,,,"","",,,,,"",,,"",,,,"",,,"","","",,,"","",,,,,"","","",,,,,,,,,"",,,"",,,"",,,"",,,,,,,"","",,,"",,,"",,,"",,,,,,,"",,,"","",,,,,,1,2,"",,,,,,,"",,,"","","",,,,,,,,"",,,,,"",,,,,"","","","",,,,,,"",,,67.03630139,2.061,"space",2.9274,,45.08071754,3.228,"purple_gnome","red_gnome",0,2,2,3,1,"",,,,,,,
"","","",,"","","","","","","",,"","","","","","","",,"","","","","","","",,"","","","","",307361,1,"2024-02-22_16h32.54.400","experiment","2023.2.3","MacIntel",59.52380952,"5df9f1c15777b5752bf8b085","65d6198c9820d372ff6c9d7f","65d77726d27af10dc8ef6b00","",,,"",,,"",,,"",,,"",,,"",,,,,"",,,"",,,,"",,,"","","",,,"","",,,,,"","","",,,,,,,,"",,,,,,,,,,,"","",,,,,"",,,"",,,,"",,,"","","",,,"","",,,,,"","","",,,,,,,,,"",,,"",,,"",,,"",,,,,,,"","",,,"",,,"",,,"",,,,,,,"",,,"","",,,,,,2,3,"",,,,,,,"",,,"","","",,,,,,,,"",,,,,"",,,,,"","","","",,,,,,"",,,86.11939639,3.6942,"space",3.4334,,58.55511184,2.9106,"red_gnome","green_gnome",0,3,3,5,1,"",,,,,,,
"","","",,"","","","","","","",,"","","","","","","",,"","","","","","","",,"","","","","",307361,1,"2024-02-22_16h32.54.400","experiment","2023.2.3","MacIntel",59.52380952,"5df9f1c15777b5752bf8b085","65d6198c9820d372ff6c9d7f","65d77726d27af10dc8ef6b00","",,,"",,,"",,,"",,,"",,,"",,,,,"",,,"",,,,"",,,"","","",,,"","",,,,,"","","",,,,,,,,"",,,,,,,,,,,"","",,,,,"",,,"",,,,"",,,"","","",,,"","",,,,,"","","",,,,,,,,,"",,,"",,,"",,,"",,,,,,,"","",,,"",,,"",,,"",,,,,,,"",,,"","",,,,,,1,3,"",,,,,,,"",,,"","","",,,,,,,,"",,,,,"",,,,,"","","","",,,,,,"",,,19.53915551,3.877,"space",5.333,,43.76148624,5.6437,"green_gnome","purple_gnome",0,4,4,4,1,"",,,,,,,
"","","",,"","","","","","","",,"","","","","","","",,"","","","","","","",,"","","","","",307361,1,"2024-02-22_16h32.54.400","experiment","2023.2.3","MacIntel",59.52380952,"5df9f1c15777b5752bf8b085","65d6198c9820d372ff6c9d7f","65d77726d27af10dc8ef6b00","",,,"",,,"",,,"",,,"",,,"",,,,,"",,,"",,,,"",,,"","","",,,"","",,,,,"","","",,,,,,,,"",,,,,,,,,,,"","",,,,,"",,,"",,,,"",,,"","","",,,"","",,,,,"","","",,,,,,,,,"",,,"",,,"",,,"",,,,,,,"","",,,"",,,"",,,"",,,,,,,"",,,"","",,,,,,0,2,"",,,,,,,"",,,"","","",,,,,,,,"",,,,,"",,,,,"","","","",,,,,,"",,,80.23960658,2.1275,"space",2.7773,,59.43113491,3.077,"brown_gnomes","red_gnome",0,5,5,1,1,"",,,,,,,
"","","",,"","","","","","","",,"","","","","","","",,"","","","","","","",,"","","","","",307361,1,"2024-02-22_16h32.54.400","experiment","2023.2.3","MacIntel",59.52380952,"5df9f1c15777b5752bf8b085","65d6198c9820d372ff6c9d7f","65d77726d27af10dc8ef6b00","",,,"",,,"",,,"",,,"",,,"",,,,,"",,,"",,,,"",,,"","","",,,"","",,,,,"","","",,,,,,,,"",,,,,,,,,,,"","",,,,,"",,,"",,,,"",,,"","","",,,"","",,,,,"","","",,,,,,,,,"",,,"",,,"",,,"",,,,,,,"","",,,"",,,"",,,"",,,,,,,"",,,"","",,,,,,,,"",,,,,,,"",,,"","","",,,,,,,,"",,,,,"",,,,,"","","","",,,,,,"",,,,,"",,,,,"","",,,,,,"space",8.8912,,0,0,0,0,1
