parent_PID,stim1_name,stim1_file,stim1_pair,stim1_deact_file,stim1_step2_name,stim1_step2_file,stim1_step2_basket_name,stim1_step2_basket_file,stim2_name,stim2_file,stim2_pair,stim2_deact_file,stim2_step2_name,stim2_step2_file,stim2_step2_basket_name,stim2_step2_basket_file,stim3_name,stim3_file,stim3_pair,stim3_deact_file,stim3_step2_name,stim3_step2_file,stim3_step2_basket_name,stim3_step2_basket_file,stim4_name,stim4_file,stim4_pair,stim4_deact_file,stim4_step2_name,stim4_step2_file,stim4_step2_basket_name,stim4_step2_basket_file,stim5_name,stim5_file,stim5_pair,stim5_deact_file,stim5_step2_name,stim5_step2_file,stim5_step2_basket_name,stim5_step2_basket_file,stim6_name,stim6_file,stim6_pair,stim6_deact_file,stim6_step2_name,stim6_step2_file,stim6_step2_basket_name,stim6_step2_basket_file,stim7_name,stim7_file,stim7_pair,stim7_deact_file,stim7_step2_name,stim7_step2_file,stim7_step2_basket_name,stim7_step2_basket_file,stim8_name,stim8_file,stim8_pair,stim8_deact_file,stim8_step2_name,stim8_step2_file,stim8_step2_basket_name,stim8_step2_basket_file,obs_AC_trials,participant,session,date,expName,psychopyVersion,OS,frameRate,PROLIFIC_PID,STUDY_ID,SESSION_ID,consent_keyresp.keys,consent_keyresp.rt,consent_keyresp.duration,global_instructions1_key.keys,global_instructions1_key.rt,global_instructions1_key.duration,global_instructions2_key.keys,global_instructions2_key.rt,global_instructions2_key.duration,global_instructions3_key.keys,global_instructions3_key.rt,global_instructions3_key.duration,global_instructions4_key.keys,global_instructions4_key.rt,global_instructions4_key.duration,stake_instructions_key.keys,stake_instructions_key.rt,stake_instructions_key.duration,global_instructions5_key.keys,global_instructions5_key.rt,global_instructions5_key.duration,p_fixation_2.started,p_fixation_2.stopped,p_step1_keyresp.keys,p_failStep1_keyresp.keys,p_failStep1_keyresp.rt,p_failStep1_keyresp.duration,p_step1_pair_index,p_step1_stimLeft_name,p_step1_stimLeft_pair,p_step1_stimLeft_reward,p_step1_stimLeft_step2Stim,p_step1_stimLeft_step2Basket,p_step1_stimRight_name,p_step1_stimRight_pair,p_step1_stimRight_reward,p_step1_stimRight_step2Stim,p_step1_stimRight_step2Basket,p_points,t_mult,p_fail_step1,p_fail_step2,p_reward_flag,p_step1_choice,p_step2_stim,p_step2_basket,p_score,practice.thisRepN,practice.thisTrialN,practice.thisN,practice.thisIndex,practice.ran,pair_index,p_mult,p_step1_keyresp.rt,p_step1_keyresp.duration,p_step2_keyresp.keys,p_failStep2_keyresp.keys,p_failStep2_keyresp.rt,p_failStep2_keyresp.duration,p_step2_keyresp.rt,p_step2_keyresp.duration,obs_instructions_1_key.keys,obs_instructions_1_key.rt,obs_instructions_1_key.duration,obs_instructions_2_key.keys,obs_instructions_2_key.rt,obs_instructions_2_key.duration,obs_attention_check_step1_keyresp.keys,obs_attention_check_step1_keyresp.rt,obs_attention_check_step1_keyresp.duration,obs_stim_left,obs_stim_right,obs_step1_key,obs_step1_RT,obs_step2_forest,obs_step2_basket,obs_step2_RT,obs_mult,obs_points,obs_score,obs_AC_flag,obs_AC_step1_flag,obs_AC_step2_flag,obs_AC_mistake_flag,obs_AC_no_answer_flag,obs_AC_step2_no_answer_flag,obs_AC_counter,good_answer,obs_attention_check_fail,obs.thisRepN,obs.thisTrialN,obs.thisN,obs.thisIndex,obs.ran,obs_attention_check_step2_keyresp.keys,obs_attention_check_step2_keyresp.rt,obs_attention_check_step2_keyresp.duration,t_instructions_keyresp.keys,t_instructions_keyresp.rt,t_instructions_keyresp.duration,t_instructions_2_keyresp.keys,t_instructions_2_keyresp.rt,t_instructions_2_keyresp.duration,t_step1_keyresp.keys,t_step1_keyresp.rt,t_step1_keyresp.duration,t_step2_keyresp.keys,t_step2_keyresp.rt,t_step2_keyresp.duration,t_step1_pair_index,t_step1_stimLeft_name,t_step1_stimLeft_pair,t_step1_stimLeft_reward,t_step1_stimLeft_step2Stim,t_step1_stimLeft_step2Basket,t_step1_stimRight_name,t_step1_stimRight_pair,t_step1_stimRight_reward,t_step1_stimRight_step2Stim,t_step1_stimRight_step2Basket,t_points,t_fail_step1,t_fail_step2,t_reward_flag,t_step1_choice,t_step2_stim,t_step2_basket,globa_score,t_data_stimWalk0,t_data_stimWalk1,trials.thisRepN,trials.thisTrialN,trials.thisN,trials.thisIndex,trials.ran,break_key_resp.keys,break_key_resp.rt,break_key_resp.duration,t_recording.started,t_recording.stopped,pl_global_instructions_keyresp.keys,pl_global_instructions_keyresp.rt,pl_global_instructions_keyresp.duration,pl1_instructions1_keyresp.keys,pl1_instructions1_keyresp.rt,pl1_instructions1_keyresp.duration,pl1_instructions2_keyresp.keys,pl1_instructions2_keyresp.rt,pl1_instructions2_keyresp.duration,pl1_instructions3_keyresp.keys,pl1_instructions3_keyresp.rt,pl1_instructions3_keyresp.duration,pl1_instructions4_keyresp.keys,pl1_instructions4_keyresp.rt,pl1_instructions4_keyresp.duration,pl1_task_lickert.response,pl1_task_lickert.rt,pl1_task_confidence_lickert.response,pl1_task_confidence_lickert.rt,pl1_task_keyresp.keys,pl1_task_keyresp.rt,pl1_task_keyresp.duration,pl1_task_stimLeft,pl1_task_stimRight,pl1_loop.thisRepN,pl1_loop.thisTrialN,pl1_loop.thisN,pl1_loop.thisIndex,pl1_loop.ran,stimLeft_index,stimRight_index,pl2_instructions_keyresp.keys,pl2_instructions_keyresp.rt,pl2_instructions_keyresp.duration,pl2_task_lickert.response,pl2_task_lickert.rt,pl2_task_confidence_lickert.response,pl2_task_confidence_lickert.rt,pl2_task_keyresp.keys,pl2_task_keyresp.rt,pl2_task_keyresp.duration,pl2_task_gnome,pl2_task_forest,pl2_task_basket,pl2_loop.thisRepN,pl2_loop.thisTrialN,pl2_loop.thisN,pl2_loop.thisIndex,pl2_loop.ran,gnome_id,forest_id,end_keyresp.keys,end_keyresp.rt,end_keyresp.duration,passed_attention_check_loop.thisRepN,passed_attention_check_loop.thisTrialN,passed_attention_check_loop.thisN,passed_attention_check_loop.thisIndex,passed_attention_check_loop.ran,show_trials.thisRepN,show_trials.thisTrialN,show_trials.thisN,show_trials.thisIndex,show_trials.ran
667bf6ac2a011549876ca80e,brown_gnome,ressources/step1_stim1.png,2,ressources/step1_tallGnome_deact.png,dark_forest,ressources/step2_background2.png,yellow_basket,ressources/step2_stim1.png,purple_gnome,ressources/step1_stim2.png,3,ressources/step1_tallGnome_deact.png,dark_forest,ressources/step2_background2.png,yellow_basket,ressources/step2_stim1.png,pink_gnome,ressources/step1_stim3.png,4,ressources/step1_tallGnome_deact.png,dark_forest,ressources/step2_background2.png,yellow_basket,ressources/step2_stim1.png,blue_gnome,ressources/step1_stim4.png,2,ressources/step1_tallGnome_deact.png,bright_forest,ressources/step2_background1.png,red_basket,ressources/step2_stim2.png,green_gnome,ressources/step1_stim5.png,3,ressources/step1_smallGnome_deact.png,bright_forest,ressources/step2_background1.png,red_basket,ressources/step2_stim2.png,red_gnome,ressources/step1_stim6.png,4,ressources/step1_smallGnome_deact.png,bright_forest,ressources/step2_background1.png,red_basket,ressources/step2_stim2.png,yellow_gnome,ressources/step1_stim7.png,1,ressources/step1_smallGnome_deact.png,bright_forest,ressources/step2_background1.png,red_basket,ressources/step2_stim2.png,orange_gnome,ressources/step1_stim8.png,1,ressources/step1_smallGnome_deact.png,dark_forest,ressources/step2_background2.png,yellow_basket,ressources/step2_stim1.png,"[14,76,46,9,34,78,65,61,79,0]",385373,001,2024-11-19_18h06.03.845,experiment,2023.2.3,MacIntel,62.5,5d2de4db914b6e001877da8f,673c6e3c1bdcd7f14d4497df,673ccd8341fc97f417430d03,,,,,,,,,,,,,,,,,,,,,,,,,,,,,,,,,,,,,,,,,,,,,,,,,,,,,,,,,,,,,,,,,,,,,,,,,,,,,,,,,,,,,,,,,,,,,,,,,,,,,,,,,,,,,,,,,,,,,,,,,,,,,,,,,,,,,,,,,,,,,,,,,,,,,,,,,,,,,,,,,,,,,,,,,,,,,,,,,,,,,,,,,,,,,,,,,,,,,,,,,,,,,
,,,,,,,,,,,,,,,,,,,,,,,,,,,,,,,,,,,,,,,,,,,,,,,,,,,,,,,,,,,,,,,,,,385373,001,2024-11-19_18h06.03.845,experiment,2023.2.3,MacIntel,62.5,5d2de4db914b6e001877da8f,673c6e3c1bdcd7f14d4497df,673ccd8341fc97f417430d03,y,4.877,,,,,,,,,,,,,,,,,,,,,,,,,,,,,,,,,,,,,,,,,,,,,,,,,,,,,,,,,,,,,,,,,,,,,,,,,,,,,,,,,,,,,,,,,,,,,,,,,,,,,,,,,,,,,,,,,,,,,,,,,,,,,,,,,,,,,,,,,,,,,,,,,,,,,,,,,,,,,,,,,,,,,,,,,,,,,,,,,,,,,,,,,,,,,,,,,,,,,,,,,,,
,,,,,,,,,,,,,,,,,,,,,,,,,,,,,,,,,,,,,,,,,,,,,,,,,,,,,,,,,,,,,,,,,,385373,001,2024-11-19_18h06.03.845,experiment,2023.2.3,MacIntel,62.5,5d2de4db914b6e001877da8f,673c6e3c1bdcd7f14d4497df,673ccd8341fc97f417430d03,,,,space,5.154,,space,7.654,,space,5.287,,space,8.536,,space,9.104,,space,14.411,,56.614,57.116,,space,2.43,,1,p_orange_gnome,1,0,p_yellow_forest,p_blue_basket,p_pink_gnome,1,5,p_green_forest,p_green_basket,0,1,1,0,0,,,,0,0,0,0,0,1,1,1,,,,,,,,,,,,,,,,,,,,,,,,,,,,,,,,,,,,,,,,,,,,,,,,,,,,,,,,,,,,,,,,,,,,,,,,,,,,,,,,,,,,,,,,,,,,,,,,,,,,,,,,,,,,,,,,,,,,,,,,,,,,,,,,,,,,,,,,,,,,,,,,,,,,,,,
,,,,,,,,,,,,,,,,,,,,,,,,,,,,,,,,,,,,,,,,,,,,,,,,,,,,,,,,,,,,,,,,,,385373,001,2024-11-19_18h06.03.845,experiment,2023.2.3,MacIntel,62.5,5d2de4db914b6e001877da8f,673c6e3c1bdcd7f14d4497df,673ccd8341fc97f417430d03,,,,,,,,,,,,,,,,,,,,,,62.09,62.598,s,,,,1,p_orange_gnome,1,0,p_yellow_forest,p_blue_basket,p_pink_gnome,1,5,p_green_forest,p_green_basket,0,5,0,1,0,p_orange_gnome,p_yellow_forest,p_blue_basket,0,0,1,1,2,1,1,5,0.307,,,space,0.155,,,,,,,,,,,,,,,,,,,,,,,,,,,,,,,,,,,,,,,,,,,,,,,,,,,,,,,,,,,,,,,,,,,,,,,,,,,,,,,,,,,,,,,,,,,,,,,,,,,,,,,,,,,,,,,,,,,,,,,,,,,,,,,,,,,,,,,,,,,,,,,,,,
,,,,,,,,,,,,,,,,,,,,,,,,,,,,,,,,,,,,,,,,,,,,,,,,,,,,,,,,,,,,,,,,,,385373,001,2024-11-19_18h06.03.845,experiment,2023.2.3,MacIntel,62.5,5d2de4db914b6e001877da8f,673c6e3c1bdcd7f14d4497df,673ccd8341fc97f417430d03,,,,,,,,,,,,,,,,,,,,,,67.319,67.832,k,,,,2,p_blue_gnome,2,0,p_yellow_forest,p_blue_basket,p_green_gnome,2,5,p_green_forest,p_green_basket,0,1,0,1,0,p_green_gnome,p_green_forest,p_green_basket,0,0,2,2,1,1,2,1,0.39,,,space,2.649,,,,,,,,,,,,,,,,,,,,,,,,,,,,,,,,,,,,,,,,,,,,,,,,,,,,,,,,,,,,,,,,,,,,,,,,,,,,,,,,,,,,,,,,,,,,,,,,,,,,,,,,,,,,,,,,,,,,,,,,,,,,,,,,,,,,,,,,,,,,,,,,,,
,,,,,,,,,,,,,,,,,,,,,,,,,,,,,,,,,,,,,,,,,,,,,,,,,,,,,,,,,,,,,,,,,,385373,001,2024-11-19_18h06.03.845,experiment,2023.2.3,MacIntel,62.5,5d2de4db914b6e001877da8f,673c6e3c1bdcd7f14d4497df,673ccd8341fc97f417430d03,,,,,,,,,,,,,,,,,,,,,,75.04,75.548,k,,,,2,p_green_gnome,2,5,p_green_forest,p_green_basket,p_blue_gnome,2,0,p_yellow_forest,p_blue_basket,0,1,0,0,1,p_blue_gnome,p_yellow_forest,p_blue_basket,0,0,3,3,1,1,2,1,0.44,,space,,,,0.318,,,,,,,,,,,,,,,,,,,,,,,,,,,,,,,,,,,,,,,,,,,,,,,,,,,,,,,,,,,,,,,,,,,,,,,,,,,,,,,,,,,,,,,,,,,,,,,,,,,,,,,,,,,,,,,,,,,,,,,,,,,,,,,,,,,,,,,,,,,,,,,,
,,,,,,,,,,,,,,,,,,,,,,,,,,,,,,,,,,,,,,,,,,,,,,,,,,,,,,,,,,,,,,,,,,385373,001,2024-11-19_18h06.03.845,experiment,2023.2.3,MacIntel,62.5,5d2de4db914b6e001877da8f,673c6e3c1bdcd7f14d4497df,673ccd8341fc97f417430d03,,,,,,,,,,,,,,,,,,,,,,82.11,82.616,s,,,,2,p_blue_gnome,2,1,p_yellow_forest,p_blue_basket,p_green_gnome,2,6,p_green_forest,p_green_basket,1,1,0,0,1,p_blue_gnome,p_yellow_forest,p_blue_basket,1,1,0,4,1,1,2,1,0.645,,space,,,,0.431,,,,,,,,,,,,,,,,,,,,,,,,,,,,,,,,,,,,,,,,,,,,,,,,,,,,,,,,,,,,,,,,,,,,,,,,,,,,,,,,,,,,,,,,,,,,,,,,,,,,,,,,,,,,,,,,,,,,,,,,,,,,,,,,,,,,,,,,,,,,,,,,
,,,,,,,,,,,,,,,,,,,,,,,,,,,,,,,,,,,,,,,,,,,,,,,,,,,,,,,,,,,,,,,,,,385373,001,2024-11-19_18h06.03.845,experiment,2023.2.3,MacIntel,62.5,5d2de4db914b6e001877da8f,673c6e3c1bdcd7f14d4497df,673ccd8341fc97f417430d03,,,,,,,,,,,,,,,,,,,,,,89.175,89.682,s,,,,2,p_green_gnome,2,6,p_green_forest,p_green_basket,p_blue_gnome,2,1,p_yellow_forest,p_blue_basket,30,5,0,0,1,p_green_gnome,p_green_forest,p_green_basket,31,1,1,5,3,1,2,5,0.922,,space,,,,0.501,,,,,,,,,,,,,,,,,,,,,,,,,,,,,,,,,,,,,,,,,,,,,,,,,,,,,,,,,,,,,,,,,,,,,,,,,,,,,,,,,,,,,,,,,,,,,,,,,,,,,,,,,,,,,,,,,,,,,,,,,,,,,,,,,,,,,,,,,,,,,,,,
,,,,,,,,,,,,,,,,,,,,,,,,,,,,,,,,,,,,,,,,,,,,,,,,,,,,,,,,,,,,,,,,,,385373,001,2024-11-19_18h06.03.845,experiment,2023.2.3,MacIntel,62.5,5d2de4db914b6e001877da8f,673c6e3c1bdcd7f14d4497df,673ccd8341fc97f417430d03,,,,,,,,,,,,,,,,,,,,,,96.24,96.749,k,,,,1,p_pink_gnome,1,6,p_green_forest,p_green_basket,p_orange_gnome,1,1,p_yellow_forest,p_blue_basket,1,1,0,0,1,p_orange_gnome,p_yellow_forest,p_blue_basket,32,1,2,6,0,1,1,1,0.676,,space,,,,0.457,,,,,,,,,,,,,,,,,,,,,,,,,,,,,,,,,,,,,,,,,,,,,,,,,,,,,,,,,,,,,,,,,,,,,,,,,,,,,,,,,,,,,,,,,,,,,,,,,,,,,,,,,,,,,,,,,,,,,,,,,,,,,,,,,,,,,,,,,,,,,,,,
,,,,,,,,,,,,,,,,,,,,,,,,,,,,,,,,,,,,,,,,,,,,,,,,,,,,,,,,,,,,,,,,,,385373,001,2024-11-19_18h06.03.845,experiment,2023.2.3,MacIntel,62.5,5d2de4db914b6e001877da8f,673c6e3c1bdcd7f14d4497df,673ccd8341fc97f417430d03,,,,,,,,,,,,,,,,,,,,,,103.308,103.816,k,,,,1,p_pink_gnome,1,6,p_green_forest,p_green_basket,p_orange_gnome,1,1,p_yellow_forest,p_blue_basket,5,5,0,0,1,p_orange_gnome,p_yellow_forest,p_blue_basket,37,1,3,7,2,1,1,5,0.805,,space,,,,0.323,,,,,,,,,,,,,,,,,,,,,,,,,,,,,,,,,,,,,,,,,,,,,,,,,,,,,,,,,,,,,,,,,,,,,,,,,,,,,,,,,,,,,,,,,,,,,,,,,,,,,,,,,,,,,,,,,,,,,,,,,,,,,,,,,,,,,,,,,,,,,,,,
,,,,,,,,,,,,,,,,,,,,,,,,,,,,,,,,,,,,,,,,,,,,,,,,,,,,,,,,,,,,,,,,,,385373,001,2024-11-19_18h06.03.845,experiment,2023.2.3,MacIntel,62.5,5d2de4db914b6e001877da8f,673c6e3c1bdcd7f14d4497df,673ccd8341fc97f417430d03,,,,,,,,,,,,,,,,,,,,,,110.374,110.883,s,,,,1,p_pink_gnome,1,7,p_green_forest,p_green_basket,p_orange_gnome,1,2,p_yellow_forest,p_blue_basket,35,5,0,0,1,p_pink_gnome,p_green_forest,p_green_basket,72,2,0,8,2,1,1,5,0.591,,space,,,,0.123,,,,,,,,,,,,,,,,,,,,,,,,,,,,,,,,,,,,,,,,,,,,,,,,,,,,,,,,,,,,,,,,,,,,,,,,,,,,,,,,,,,,,,,,,,,,,,,,,,,,,,,,,,,,,,,,,,,,,,,,,,,,,,,,,,,,,,,,,,,,,,,,
,,,,,,,,,,,,,,,,,,,,,,,,,,,,,,,,,,,,,,,,,,,,,,,,,,,,,,,,,,,,,,,,,,385373,001,2024-11-19_18h06.03.845,experiment,2023.2.3,MacIntel,62.5,5d2de4db914b6e001877da8f,673c6e3c1bdcd7f14d4497df,673ccd8341fc97f417430d03,,,,,,,,,,,,,,,,,,,,,,117.442,117.949,s,,,,2,p_blue_gnome,2,2,p_yellow_forest,p_blue_basket,p_green_gnome,2,7,p_green_forest,p_green_basket,10,5,0,0,1,p_blue_gnome,p_yellow_forest,p_blue_basket,82,2,1,9,3,1,2,5,0.624,,space,,,,0.301,,,,,,,,,,,,,,,,,,,,,,,,,,,,,,,,,,,,,,,,,,,,,,,,,,,,,,,,,,,,,,,,,,,,,,,,,,,,,,,,,,,,,,,,,,,,,,,,,,,,,,,,,,,,,,,,,,,,,,,,,,,,,,,,,,,,,,,,,,,,,,,,
,,,,,,,,,,,,,,,,,,,,,,,,,,,,,,,,,,,,,,,,,,,,,,,,,,,,,,,,,,,,,,,,,,385373,001,2024-11-19_18h06.03.845,experiment,2023.2.3,MacIntel,62.5,5d2de4db914b6e001877da8f,673c6e3c1bdcd7f14d4497df,673ccd8341fc97f417430d03,,,,,,,,,,,,,,,,,,,,,,124.51,125.016,s,,,,2,p_blue_gnome,2,2,p_yellow_forest,p_blue_basket,p_green_gnome,2,7,p_green_forest,p_green_basket,2,1,0,0,1,p_blue_gnome,p_yellow_forest,p_blue_basket,84,2,2,10,1,1,2,1,0.722,,space,,,,0.302,,,,,,,,,,,,,,,,,,,,,,,,,,,,,,,,,,,,,,,,,,,,,,,,,,,,,,,,,,,,,,,,,,,,,,,,,,,,,,,,,,,,,,,,,,,,,,,,,,,,,,,,,,,,,,,,,,,,,,,,,,,,,,,,,,,,,,,,,,,,,,,,
,,,,,,,,,,,,,,,,,,,,,,,,,,,,,,,,,,,,,,,,,,,,,,,,,,,,,,,,,,,,,,,,,,385373,001,2024-11-19_18h06.03.845,experiment,2023.2.3,MacIntel,62.5,5d2de4db914b6e001877da8f,673c6e3c1bdcd7f14d4497df,673ccd8341fc97f417430d03,,,,,,,,,,,,,,,,,,,,,,131.576,132.083,k,,,,2,p_blue_gnome,2,2,p_yellow_forest,p_blue_basket,p_green_gnome,2,7,p_green_forest,p_green_basket,35,5,0,0,1,p_green_gnome,p_green_forest,p_green_basket,119,2,3,11,3,1,2,5,0.472,,space,,,,0.339,,,,,,,,,,,,,,,,,,,,,,,,,,,,,,,,,,,,,,,,,,,,,,,,,,,,,,,,,,,,,,,,,,,,,,,,,,,,,,,,,,,,,,,,,,,,,,,,,,,,,,,,,,,,,,,,,,,,,,,,,,,,,,,,,,,,,,,,,,,,,,,,
,,,,,,,,,,,,,,,,,,,,,,,,,,,,,,,,,,,,,,,,,,,,,,,,,,,,,,,,,,,,,,,,,,385373,001,2024-11-19_18h06.03.845,experiment,2023.2.3,MacIntel,62.5,5d2de4db914b6e001877da8f,673c6e3c1bdcd7f14d4497df,673ccd8341fc97f417430d03,,,,,,,,,,,,,,,,,,,,,,138.641,139.15,s,,,,2,p_green_gnome,2,8,p_green_forest,p_green_basket,p_blue_gnome,2,3,p_yellow_forest,p_blue_basket,40,5,0,0,1,p_green_gnome,p_green_forest,p_green_basket,159,3,0,12,3,1,2,5,0.674,,space,,,,0.435,,,,,,,,,,,,,,,,,,,,,,,,,,,,,,,,,,,,,,,,,,,,,,,,,,,,,,,,,,,,,,,,,,,,,,,,,,,,,,,,,,,,,,,,,,,,,,,,,,,,,,,,,,,,,,,,,,,,,,,,,,,,,,,,,,,,,,,,,,,,,,,,
,,,,,,,,,,,,,,,,,,,,,,,,,,,,,,,,,,,,,,,,,,,,,,,,,,,,,,,,,,,,,,,,,,385373,001,2024-11-19_18h06.03.845,experiment,2023.2.3,MacIntel,62.5,5d2de4db914b6e001877da8f,673c6e3c1bdcd7f14d4497df,673ccd8341fc97f417430d03,,,,,,,,,,,,,,,,,,,,,,145.709,146.216,s,,,,1,p_orange_gnome,1,3,p_yellow_forest,p_blue_basket,p_pink_gnome,1,8,p_green_forest,p_green_basket,3,1,0,0,1,p_orange_gnome,p_yellow_forest,p_blue_basket,162,3,1,13,0,1,1,1,0.822,,space,,,,0.301,,,,,,,,,,,,,,,,,,,,,,,,,,,,,,,,,,,,,,,,,,,,,,,,,,,,,,,,,,,,,,,,,,,,,,,,,,,,,,,,,,,,,,,,,,,,,,,,,,,,,,,,,,,,,,,,,,,,,,,,,,,,,,,,,,,,,,,,,,,,,,,,
,,,,,,,,,,,,,,,,,,,,,,,,,,,,,,,,,,,,,,,,,,,,,,,,,,,,,,,,,,,,,,,,,,385373,001,2024-11-19_18h06.03.845,experiment,2023.2.3,MacIntel,62.5,5d2de4db914b6e001877da8f,673c6e3c1bdcd7f14d4497df,673ccd8341fc97f417430d03,,,,,,,,,,,,,,,,,,,,,,152.775,153.283,s,,,,2,p_green_gnome,2,8,p_green_forest,p_green_basket,p_blue_gnome,2,3,p_yellow_forest,p_blue_basket,40,5,0,0,1,p_green_gnome,p_green_forest,p_green_basket,202,3,2,14,3,1,2,5,0.591,,space,,,,0.287,,,,,,,,,,,,,,,,,,,,,,,,,,,,,,,,,,,,,,,,,,,,,,,,,,,,,,,,,,,,,,,,,,,,,,,,,,,,,,,,,,,,,,,,,,,,,,,,,,,,,,,,,,,,,,,,,,,,,,,,,,,,,,,,,,,,,,,,,,,,,,,,
,,,,,,,,,,,,,,,,,,,,,,,,,,,,,,,,,,,,,,,,,,,,,,,,,,,,,,,,,,,,,,,,,,385373,001,2024-11-19_18h06.03.845,experiment,2023.2.3,MacIntel,62.5,5d2de4db914b6e001877da8f,673c6e3c1bdcd7f14d4497df,673ccd8341fc97f417430d03,,,,,,,,,,,,,,,,,,,,,,159.843,160.35,s,,,,1,p_orange_gnome,1,3,p_yellow_forest,p_blue_basket,p_pink_gnome,1,8,p_green_forest,p_green_basket,15,5,0,0,1,p_orange_gnome,p_yellow_forest,p_blue_basket,217,3,3,15,2,1,1,5,0.657,,space,,,,0.353,,,,,,,,,,,,,,,,,,,,,,,,,,,,,,,,,,,,,,,,,,,,,,,,,,,,,,,,,,,,,,,,,,,,,,,,,,,,,,,,,,,,,,,,,,,,,,,,,,,,,,,,,,,,,,,,,,,,,,,,,,,,,,,,,,,,,,,,,,,,,,,,
,,,,,,,,,,,,,,,,,,,,,,,,,,,,,,,,,,,,,,,,,,,,,,,,,,,,,,,,,,,,,,,,,,385373,001,2024-11-19_18h06.03.845,experiment,2023.2.3,MacIntel,62.5,5d2de4db914b6e001877da8f,673c6e3c1bdcd7f14d4497df,673ccd8341fc97f417430d03,,,,,,,,,,,,,,,,,,,,,,166.91,167.417,s,,,,2,p_blue_gnome,2,4,p_yellow_forest,p_blue_basket,p_green_gnome,2,9,p_green_forest,p_green_basket,4,1,0,0,1,p_blue_gnome,p_yellow_forest,p_blue_basket,221,4,0,16,1,1,2,1,0.575,,space,,,,0.32,,,,,,,,,,,,,,,,,,,,,,,,,,,,,,,,,,,,,,,,,,,,,,,,,,,,,,,,,,,,,,,,,,,,,,,,,,,,,,,,,,,,,,,,,,,,,,,,,,,,,,,,,,,,,,,,,,,,,,,,,,,,,,,,,,,,,,,,,,,,,,,,
,,,,,,,,,,,,,,,,,,,,,,,,,,,,,,,,,,,,,,,,,,,,,,,,,,,,,,,,,,,,,,,,,,385373,001,2024-11-19_18h06.03.845,experiment,2023.2.3,MacIntel,62.5,5d2de4db914b6e001877da8f,673c6e3c1bdcd7f14d4497df,673ccd8341fc97f417430d03,,,,,,,,,,,,,,,,,,,,,,173.977,174.484,s,,,,1,p_pink_gnome,1,9,p_green_forest,p_green_basket,p_orange_gnome,1,4,p_yellow_forest,p_blue_basket,45,5,0,0,1,p_pink_gnome,p_green_forest,p_green_basket,266,4,1,17,2,1,1,5,0.607,,space,,,,0.205,,,,,,,,,,,,,,,,,,,,,,,,,,,,,,,,,,,,,,,,,,,,,,,,,,,,,,,,,,,,,,,,,,,,,,,,,,,,,,,,,,,,,,,,,,,,,,,,,,,,,,,,,,,,,,,,,,,,,,,,,,,,,,,,,,,,,,,,,,,,,,,,
,,,,,,,,,,,,,,,,,,,,,,,,,,,,,,,,,,,,,,,,,,,,,,,,,,,,,,,,,,,,,,,,,,385373,001,2024-11-19_18h06.03.845,experiment,2023.2.3,MacIntel,62.5,5d2de4db914b6e001877da8f,673c6e3c1bdcd7f14d4497df,673ccd8341fc97f417430d03,,,,,,,,,,,,,,,,,,,,,,181.042,181.55,s,,,,1,p_orange_gnome,1,4,p_yellow_forest,p_blue_basket,p_pink_gnome,1,9,p_green_forest,p_green_basket,4,1,0,0,1,p_orange_gnome,p_yellow_forest,p_blue_basket,270,4,2,18,0,1,1,1,0.29,,space,,,,0.269,,,,,,,,,,,,,,,,,,,,,,,,,,,,,,,,,,,,,,,,,,,,,,,,,,,,,,,,,,,,,,,,,,,,,,,,,,,,,,,,,,,,,,,,,,,,,,,,,,,,,,,,,,,,,,,,,,,,,,,,,,,,,,,,,,,,,,,,,,,,,,,,
,,,,,,,,,,,,,,,,,,,,,,,,,,,,,,,,,,,,,,,,,,,,,,,,,,,,,,,,,,,,,,,,,,385373,001,2024-11-19_18h06.03.845,experiment,2023.2.3,MacIntel,62.5,5d2de4db914b6e001877da8f,673c6e3c1bdcd7f14d4497df,673ccd8341fc97f417430d03,,,,,,,,,,,,,,,,,,,,,,188.11,188.617,k,,,,1,p_orange_gnome,1,4,p_yellow_forest,p_blue_basket,p_pink_gnome,1,9,p_green_forest,p_green_basket,9,1,0,0,1,p_pink_gnome,p_green_forest,p_green_basket,279,4,3,19,0,1,1,1,0.689,,space,,,,0.474,,,,,,,,,,,,,,,,,,,,,,,,,,,,,,,,,,,,,,,,,,,,,,,,,,,,,,,,,,,,,,,,,,,,,,,,,,,,,,,,,,,,,,,,,,,,,,,,,,,,,,,,,,,,,,,,,,,,,,,,,,,,,,,,,,,,,,,,,,,,,,,,
,,,,,,,,,,,,,,,,,,,,,,,,,,,,,,,,,,,,,,,,,,,,,,,,,,,,,,,,,,,,,,,,,,385373,001,2024-11-19_18h06.03.845,experiment,2023.2.3,MacIntel,62.5,5d2de4db914b6e001877da8f,673c6e3c1bdcd7f14d4497df,673ccd8341fc97f417430d03,,,,,,,,,,,,,,,,,,,,,,,,,,,,,,,,,,,,,,,,,,,,,,,,,,,,,,,,,,,,,,,space,23.121,,space,13.16,,s,0.966,,ressources/step1_stim1.png,ressources/step1_stim4.png,s,0.733,ressources/step2_background2.png,ressources/step2_stim1.png,0.64,5,5,1922,1,1,0,0,0,0,1,s,0,0,0,0,0,1,,,,,,,,,,,,,,,,,,,,,,,,,,,,,,,,,,,,,,,,,,,,,,,,,,,,,,,,,,,,,,,,,,,,,,,,,,,,,,,,,,,,,,,,,,,,,,,,,,,,,,,,,,,,,,
,,,,,,,,,,,,,,,,,,,,,,,,,,,,,,,,,,,,,,,,,,,,,,,,,,,,,,,,,,,,,,,,,,385373,001,2024-11-19_18h06.03.845,experiment,2023.2.3,MacIntel,62.5,5d2de4db914b6e001877da8f,673c6e3c1bdcd7f14d4497df,673ccd8341fc97f417430d03,,,,,,,,,,,,,,,,,,,,,,,,,,,,,,,,,,,,,,,,,,,,,,,,,,,,,,,,,,,,,,,,,,,,,,,,ressources/step1_stim8.png,ressources/step1_stim7.png,s,0.85,ressources/step2_background2.png,ressources/step2_stim1.png,0.45,1,2,1924,0,0,0,0,0,0,1,s,0,1,0,1,0,1,,,,,,,,,,,,,,,,,,,,,,,,,,,,,,,,,,,,,,,,,,,,,,,,,,,,,,,,,,,,,,,,,,,,,,,,,,,,,,,,,,,,,,,,,,,,,,,,,,,,,,,,,,,,,,
,,,,,,,,,,,,,,,,,,,,,,,,,,,,,,,,,,,,,,,,,,,,,,,,,,,,,,,,,,,,,,,,,,385373,001,2024-11-19_18h06.03.845,experiment,2023.2.3,MacIntel,62.5,5d2de4db914b6e001877da8f,673c6e3c1bdcd7f14d4497df,673ccd8341fc97f417430d03,,,,,,,,,,,,,,,,,,,,,,,,,,,,,,,,,,,,,,,,,,,,,,,,,,,,,,,,,,,,,,,,,,,,,,,,ressources/step1_stim6.png,ressources/step1_stim3.png,s,0.482,ressources/step2_background1.png,ressources/step2_stim2.png,0.241,1,2,1926,0,0,0,0,0,0,1,s,0,2,0,2,0,1,,,,,,,,,,,,,,,,,,,,,,,,,,,,,,,,,,,,,,,,,,,,,,,,,,,,,,,,,,,,,,,,,,,,,,,,,,,,,,,,,,,,,,,,,,,,,,,,,,,,,,,,,,,,,,
,,,,,,,,,,,,,,,,,,,,,,,,,,,,,,,,,,,,,,,,,,,,,,,,,,,,,,,,,,,,,,,,,,385373,001,2024-11-19_18h06.03.845,experiment,2023.2.3,MacIntel,62.5,5d2de4db914b6e001877da8f,673c6e3c1bdcd7f14d4497df,673ccd8341fc97f417430d03,,,,,,,,,,,,,,,,,,,,,,,,,,,,,,,,,,,,,,,,,,,,,,,,,,,,,,,,,,,,,,,,,,,,,,,,ressources/step1_stim4.png,ressources/step1_stim1.png,k,0.537,ressources/step2_background2.png,ressources/step2_stim1.png,0.167,1,2,1928,0,0,0,0,0,0,1,s,0,3,0,3,0,1,,,,,,,,,,,,,,,,,,,,,,,,,,,,,,,,,,,,,,,,,,,,,,,,,,,,,,,,,,,,,,,,,,,,,,,,,,,,,,,,,,,,,,,,,,,,,,,,,,,,,,,,,,,,,,
,,,,,,,,,,,,,,,,,,,,,,,,,,,,,,,,,,,,,,,,,,,,,,,,,,,,,,,,,,,,,,,,,,385373,001,2024-11-19_18h06.03.845,experiment,2023.2.3,MacIntel,62.5,5d2de4db914b6e001877da8f,673c6e3c1bdcd7f14d4497df,673ccd8341fc97f417430d03,,,,,,,,,,,,,,,,,,,,,,,,,,,,,,,,,,,,,,,,,,,,,,,,,,,,,,,,,,,,,,,,,,,,,,,,ressources/step1_stim5.png,ressources/step1_stim2.png,k,0.884,ressources/step2_background2.png,ressources/step2_stim1.png,0.266,5,20,1948,0,0,0,0,0,0,1,k,0,4,0,4,0,1,,,,,,,,,,,,,,,,,,,,,,,,,,,,,,,,,,,,,,,,,,,,,,,,,,,,,,,,,,,,,,,,,,,,,,,,,,,,,,,,,,,,,,,,,,,,,,,,,,,,,,,,,,,,,,
,,,,,,,,,,,,,,,,,,,,,,,,,,,,,,,,,,,,,,,,,,,,,,,,,,,,,,,,,,,,,,,,,,385373,001,2024-11-19_18h06.03.845,experiment,2023.2.3,MacIntel,62.5,5d2de4db914b6e001877da8f,673c6e3c1bdcd7f14d4497df,673ccd8341fc97f417430d03,,,,,,,,,,,,,,,,,,,,,,,,,,,,,,,,,,,,,,,,,,,,,,,,,,,,,,,,,,,,,,,,,,,,,,,,ressources/step1_stim7.png,ressources/step1_stim8.png,k,0.596,ressources/step2_background2.png,ressources/step2_stim1.png,0.26,1,7,1955,0,0,0,0,0,0,1,k,0,5,0,5,0,1,,,,,,,,,,,,,,,,,,,,,,,,,,,,,,,,,,,,,,,,,,,,,,,,,,,,,,,,,,,,,,,,,,,,,,,,,,,,,,,,,,,,,,,,,,,,,,,,,,,,,,,,,,,,,,
,,,,,,,,,,,,,,,,,,,,,,,,,,,,,,,,,,,,,,,,,,,,,,,,,,,,,,,,,,,,,,,,,,385373,001,2024-11-19_18h06.03.845,experiment,2023.2.3,MacIntel,62.5,5d2de4db914b6e001877da8f,673c6e3c1bdcd7f14d4497df,673ccd8341fc97f417430d03,,,,,,,,,,,,,,,,,,,,,,,,,,,,,,,,,,,,,,,,,,,,,,,,,,,,,,,,,,,,,,,,,,,,,,,,ressources/step1_stim3.png,ressources/step1_stim6.png,k,0.953,ressources/step2_background1.png,ressources/step2_stim2.png,0.276,5,15,1970,0,0,0,0,0,0,1,k,0,6,0,6,0,1,,,,,,,,,,,,,,,,,,,,,,,,,,,,,,,,,,,,,,,,,,,,,,,,,,,,,,,,,,,,,,,,,,,,,,,,,,,,,,,,,,,,,,,,,,,,,,,,,,,,,,,,,,,,,,
,,,,,,,,,,,,,,,,,,,,,,,,,,,,,,,,,,,,,,,,,,,,,,,,,,,,,,,,,,,,,,,,,,385373,001,2024-11-19_18h06.03.845,experiment,2023.2.3,MacIntel,62.5,5d2de4db914b6e001877da8f,673c6e3c1bdcd7f14d4497df,673ccd8341fc97f417430d03,,,,,,,,,,,,,,,,,,,,,,,,,,,,,,,,,,,,,,,,,,,,,,,,,,,,,,,,,,,,,,,,,,,,,,,,ressources/step1_stim7.png,ressources/step1_stim8.png,k,0.807,ressources/step2_background2.png,ressources/step2_stim1.png,0.05,5,40,2010,0,0,0,0,0,0,1,k,0,7,0,7,0,1,,,,,,,,,,,,,,,,,,,,,,,,,,,,,,,,,,,,,,,,,,,,,,,,,,,,,,,,,,,,,,,,,,,,,,,,,,,,,,,,,,,,,,,,,,,,,,,,,,,,,,,,,,,,,,
,,,,,,,,,,,,,,,,,,,,,,,,,,,,,,,,,,,,,,,,,,,,,,,,,,,,,,,,,,,,,,,,,,385373,001,2024-11-19_18h06.03.845,experiment,2023.2.3,MacIntel,62.5,5d2de4db914b6e001877da8f,673c6e3c1bdcd7f14d4497df,673ccd8341fc97f417430d03,,,,,,,,,,,,,,,,,,,,,,,,,,,,,,,,,,,,,,,,,,,,,,,,,,,,,,,,,,,,,,,,,,,,,,,,ressources/step1_stim5.png,ressources/step1_stim2.png,k,0.911,ressources/step2_background2.png,ressources/step2_stim1.png,0.105,5,35,2045,0,0,0,0,0,0,1,k,0,8,0,8,0,1,,,,,,,,,,,,,,,,,,,,,,,,,,,,,,,,,,,,,,,,,,,,,,,,,,,,,,,,,,,,,,,,,,,,,,,,,,,,,,,,,,,,,,,,,,,,,,,,,,,,,,,,,,,,,,
,,,,,,,,,,,,,,,,,,,,,,,,,,,,,,,,,,,,,,,,,,,,,,,,,,,,,,,,,,,,,,,,,,385373,001,2024-11-19_18h06.03.845,experiment,2023.2.3,MacIntel,62.5,5d2de4db914b6e001877da8f,673c6e3c1bdcd7f14d4497df,673ccd8341fc97f417430d03,,,,,,,,,,,,,,,,,,,,,,,,,,,,,,,,,,,,,,,,,,,,,,,,,,,,,,,,,,,,,,,,,,,,,k,0.488,,ressources/step1_stim2.png,ressources/step1_stim5.png,k,0.82,ressources/step2_background1.png,ressources/step2_stim2.png,0.138,5,0,2045,1,1,0,0,0,0,2,s,0,9,0,9,0,1,,,,,,,,,,,,,,,,,,,,,,,,,,,,,,,,,,,,,,,,,,,,,,,,,,,,,,,,,,,,,,,,,,,,,,,,,,,,,,,,,,,,,,,,,,,,,,,,,,,,,,,,,,,,,,
,,,,,,,,,,,,,,,,,,,,,,,,,,,,,,,,,,,,,,,,,,,,,,,,,,,,,,,,,,,,,,,,,,385373,001,2024-11-19_18h06.03.845,experiment,2023.2.3,MacIntel,62.5,5d2de4db914b6e001877da8f,673c6e3c1bdcd7f14d4497df,673ccd8341fc97f417430d03,,,,,,,,,,,,,,,,,,,,,,,,,,,,,,,,,,,,,,,,,,,,,,,,,,,,,,,,,,,,,,,,,,,,,,,,ressources/step1_stim3.png,ressources/step1_stim6.png,k,0.908,ressources/step2_background1.png,ressources/step2_stim2.png,0.086,1,1,2046,0,0,0,0,0,0,2,s,0,10,0,10,0,1,,,,,,,,,,,,,,,,,,,,,,,,,,,,,,,,,,,,,,,,,,,,,,,,,,,,,,,,,,,,,,,,,,,,,,,,,,,,,,,,,,,,,,,,,,,,,,,,,,,,,,,,,,,,,,
,,,,,,,,,,,,,,,,,,,,,,,,,,,,,,,,,,,,,,,,,,,,,,,,,,,,,,,,,,,,,,,,,,385373,001,2024-11-19_18h06.03.845,experiment,2023.2.3,MacIntel,62.5,5d2de4db914b6e001877da8f,673c6e3c1bdcd7f14d4497df,673ccd8341fc97f417430d03,,,,,,,,,,,,,,,,,,,,,,,,,,,,,,,,,,,,,,,,,,,,,,,,,,,,,,,,,,,,,,,,,,,,,,,,ressources/step1_stim5.png,ressources/step1_stim2.png,k,0.876,ressources/step2_background2.png,ressources/step2_stim1.png,0.318,1,4,2050,0,0,0,0,0,0,2,s,0,11,0,11,0,1,,,,,,,,,,,,,,,,,,,,,,,,,,,,,,,,,,,,,,,,,,,,,,,,,,,,,,,,,,,,,,,,,,,,,,,,,,,,,,,,,,,,,,,,,,,,,,,,,,,,,,,,,,,,,,
,,,,,,,,,,,,,,,,,,,,,,,,,,,,,,,,,,,,,,,,,,,,,,,,,,,,,,,,,,,,,,,,,,385373,001,2024-11-19_18h06.03.845,experiment,2023.2.3,MacIntel,62.5,5d2de4db914b6e001877da8f,673c6e3c1bdcd7f14d4497df,673ccd8341fc97f417430d03,,,,,,,,,,,,,,,,,,,,,,,,,,,,,,,,,,,,,,,,,,,,,,,,,,,,,,,,,,,,,,,,,,,,,,,,ressources/step1_stim1.png,ressources/step1_stim4.png,s,0.662,ressources/step2_background2.png,ressources/step2_stim1.png,0.168,5,20,2070,0,0,0,0,0,0,2,k,0,12,0,12,0,1,,,,,,,,,,,,,,,,,,,,,,,,,,,,,,,,,,,,,,,,,,,,,,,,,,,,,,,,,,,,,,,,,,,,,,,,,,,,,,,,,,,,,,,,,,,,,,,,,,,,,,,,,,,,,,
,,,,,,,,,,,,,,,,,,,,,,,,,,,,,,,,,,,,,,,,,,,,,,,,,,,,,,,,,,,,,,,,,,385373,001,2024-11-19_18h06.03.845,experiment,2023.2.3,MacIntel,62.5,5d2de4db914b6e001877da8f,673c6e3c1bdcd7f14d4497df,673ccd8341fc97f417430d03,,,,,,,,,,,,,,,,,,,,,,,,,,,,,,,,,,,,,,,,,,,,,,,,,,,,,,,,,,,,,,,,,,,,,,,,ressources/step1_stim2.png,ressources/step1_stim5.png,s,1.402,ressources/step2_background2.png,ressources/step2_stim1.png,0.238,5,20,2090,0,0,0,0,0,0,2,k,0,13,0,13,0,1,,,,,,,,,,,,,,,,,,,,,,,,,,,,,,,,,,,,,,,,,,,,,,,,,,,,,,,,,,,,,,,,,,,,,,,,,,,,,,,,,,,,,,,,,,,,,,,,,,,,,,,,,,,,,,
,,,,,,,,,,,,,,,,,,,,,,,,,,,,,,,,,,,,,,,,,,,,,,,,,,,,,,,,,,,,,,,,,,385373,001,2024-11-19_18h06.03.845,experiment,2023.2.3,MacIntel,62.5,5d2de4db914b6e001877da8f,673c6e3c1bdcd7f14d4497df,673ccd8341fc97f417430d03,,,,,,,,,,,,,,,,,,,,,,,,,,,,,,,,,,,,,,,,,,,,,,,,,,,,,,,,,,,,,,,,,,,,,s,1.055,,ressources/step1_stim2.png,ressources/step1_stim5.png,s,0.733,ressources/step2_background2.png,ressources/step2_stim1.png,0.355,5,25,2115,1,1,0,0,0,0,3,k,0,14,0,14,0,1,,,,,,,,,,,,,,,,,,,,,,,,,,,,,,,,,,,,,,,,,,,,,,,,,,,,,,,,,,,,,,,,,,,,,,,,,,,,,,,,,,,,,,,,,,,,,,,,,,,,,,,,,,,,,,
,,,,,,,,,,,,,,,,,,,,,,,,,,,,,,,,,,,,,,,,,,,,,,,,,,,,,,,,,,,,,,,,,,385373,001,2024-11-19_18h06.03.845,experiment,2023.2.3,MacIntel,62.5,5d2de4db914b6e001877da8f,673c6e3c1bdcd7f14d4497df,673ccd8341fc97f417430d03,,,,,,,,,,,,,,,,,,,,,,,,,,,,,,,,,,,,,,,,,,,,,,,,,,,,,,,,,,,,,,,,,,,,,,,,ressources/step1_stim4.png,ressources/step1_stim1.png,k,0.616,ressources/step2_background2.png,ressources/step2_stim1.png,0.114,5,15,2130,0,0,0,0,0,0,3,k,0,15,0,15,0,1,,,,,,,,,,,,,,,,,,,,,,,,,,,,,,,,,,,,,,,,,,,,,,,,,,,,,,,,,,,,,,,,,,,,,,,,,,,,,,,,,,,,,,,,,,,,,,,,,,,,,,,,,,,,,,
,,,,,,,,,,,,,,,,,,,,,,,,,,,,,,,,,,,,,,,,,,,,,,,,,,,,,,,,,,,,,,,,,,385373,001,2024-11-19_18h06.03.845,experiment,2023.2.3,MacIntel,62.5,5d2de4db914b6e001877da8f,673c6e3c1bdcd7f14d4497df,673ccd8341fc97f417430d03,,,,,,,,,,,,,,,,,,,,,,,,,,,,,,,,,,,,,,,,,,,,,,,,,,,,,,,,,,,,,,,,,,,,,,,,ressources/step1_stim1.png,ressources/step1_stim4.png,s,0.474,ressources/step2_background2.png,ressources/step2_stim1.png,0.011,5,10,2140,0,0,0,0,0,0,3,k,0,16,0,16,0,1,,,,,,,,,,,,,,,,,,,,,,,,,,,,,,,,,,,,,,,,,,,,,,,,,,,,,,,,,,,,,,,,,,,,,,,,,,,,,,,,,,,,,,,,,,,,,,,,,,,,,,,,,,,,,,
,,,,,,,,,,,,,,,,,,,,,,,,,,,,,,,,,,,,,,,,,,,,,,,,,,,,,,,,,,,,,,,,,,385373,001,2024-11-19_18h06.03.845,experiment,2023.2.3,MacIntel,62.5,5d2de4db914b6e001877da8f,673c6e3c1bdcd7f14d4497df,673ccd8341fc97f417430d03,,,,,,,,,,,,,,,,,,,,,,,,,,,,,,,,,,,,,,,,,,,,,,,,,,,,,,,,,,,,,,,,,,,,,,,,ressources/step1_stim8.png,ressources/step1_stim7.png,s,0.669,ressources/step2_background2.png,ressources/step2_stim1.png,0.296,5,10,2150,0,0,0,0,0,0,3,k,0,17,0,17,0,1,,,,,,,,,,,,,,,,,,,,,,,,,,,,,,,,,,,,,,,,,,,,,,,,,,,,,,,,,,,,,,,,,,,,,,,,,,,,,,,,,,,,,,,,,,,,,,,,,,,,,,,,,,,,,,
,,,,,,,,,,,,,,,,,,,,,,,,,,,,,,,,,,,,,,,,,,,,,,,,,,,,,,,,,,,,,,,,,,385373,001,2024-11-19_18h06.03.845,experiment,2023.2.3,MacIntel,62.5,5d2de4db914b6e001877da8f,673c6e3c1bdcd7f14d4497df,673ccd8341fc97f417430d03,,,,,,,,,,,,,,,,,,,,,,,,,,,,,,,,,,,,,,,,,,,,,,,,,,,,,,,,,,,,,,,,,,,,,,,,ressources/step1_stim1.png,ressources/step1_stim4.png,s,0.448,ressources/step2_background2.png,ressources/step2_stim1.png,0.194,5,20,2170,0,0,0,0,0,0,3,k,0,18,0,18,0,1,,,,,,,,,,,,,,,,,,,,,,,,,,,,,,,,,,,,,,,,,,,,,,,,,,,,,,,,,,,,,,,,,,,,,,,,,,,,,,,,,,,,,,,,,,,,,,,,,,,,,,,,,,,,,,
,,,,,,,,,,,,,,,,,,,,,,,,,,,,,,,,,,,,,,,,,,,,,,,,,,,,,,,,,,,,,,,,,,385373,001,2024-11-19_18h06.03.845,experiment,2023.2.3,MacIntel,62.5,5d2de4db914b6e001877da8f,673c6e3c1bdcd7f14d4497df,673ccd8341fc97f417430d03,,,,,,,,,,,,,,,,,,,,,,,,,,,,,,,,,,,,,,,,,,,,,,,,,,,,,,,,,,,,,,,,,,,,,,,,ressources/step1_stim6.png,ressources/step1_stim3.png,s,0.637,ressources/step2_background1.png,ressources/step2_stim2.png,0.62,1,4,2174,0,0,0,0,0,0,3,s,0,19,0,19,0,1,,,,,,,,,,,,,,,,,,,,,,,,,,,,,,,,,,,,,,,,,,,,,,,,,,,,,,,,,,,,,,,,,,,,,,,,,,,,,,,,,,,,,,,,,,,,,,,,,,,,,,,,,,,,,,
,,,,,,,,,,,,,,,,,,,,,,,,,,,,,,,,,,,,,,,,,,,,,,,,,,,,,,,,,,,,,,,,,,385373,001,2024-11-19_18h06.03.845,experiment,2023.2.3,MacIntel,62.5,5d2de4db914b6e001877da8f,673c6e3c1bdcd7f14d4497df,673ccd8341fc97f417430d03,,,,,,,,,,,,,,,,,,,,,,,,,,,,,,,,,,,,,,,,,,,,,,,,,,,,,,,,,,,,,,,,,,,,,,,,ressources/step1_stim6.png,ressources/step1_stim3.png,s,0.768,ressources/step2_background1.png,ressources/step2_stim2.png,0.239,1,3,2177,0,0,0,0,0,0,3,s,0,20,0,20,0,1,,,,,,,,,,,,,,,,,,,,,,,,,,,,,,,,,,,,,,,,,,,,,,,,,,,,,,,,,,,,,,,,,,,,,,,,,,,,,,,,,,,,,,,,,,,,,,,,,,,,,,,,,,,,,,
,,,,,,,,,,,,,,,,,,,,,,,,,,,,,,,,,,,,,,,,,,,,,,,,,,,,,,,,,,,,,,,,,,385373,001,2024-11-19_18h06.03.845,experiment,2023.2.3,MacIntel,62.5,5d2de4db914b6e001877da8f,673c6e3c1bdcd7f14d4497df,673ccd8341fc97f417430d03,,,,,,,,,,,,,,,,,,,,,,,,,,,,,,,,,,,,,,,,,,,,,,,,,,,,,,,,,,,,,,,,,,,,,,,,ressources/step1_stim1.png,ressources/step1_stim4.png,s,0.531,ressources/step2_background2.png,ressources/step2_stim1.png,0.301,1,1,2178,0,0,0,0,0,0,3,s,0,21,0,21,0,1,,,,,,,,,,,,,,,,,,,,,,,,,,,,,,,,,,,,,,,,,,,,,,,,,,,,,,,,,,,,,,,,,,,,,,,,,,,,,,,,,,,,,,,,,,,,,,,,,,,,,,,,,,,,,,
,,,,,,,,,,,,,,,,,,,,,,,,,,,,,,,,,,,,,,,,,,,,,,,,,,,,,,,,,,,,,,,,,,385373,001,2024-11-19_18h06.03.845,experiment,2023.2.3,MacIntel,62.5,5d2de4db914b6e001877da8f,673c6e3c1bdcd7f14d4497df,673ccd8341fc97f417430d03,,,,,,,,,,,,,,,,,,,,,,,,,,,,,,,,,,,,,,,,,,,,,,,,,,,,,,,,,,,,,,,,,,,,,,,,ressources/step1_stim3.png,ressources/step1_stim6.png,k,0.836,ressources/step2_background1.png,ressources/step2_stim2.png,0.123,1,3,2181,0,0,0,0,0,0,3,s,0,22,0,22,0,1,,,,,,,,,,,,,,,,,,,,,,,,,,,,,,,,,,,,,,,,,,,,,,,,,,,,,,,,,,,,,,,,,,,,,,,,,,,,,,,,,,,,,,,,,,,,,,,,,,,,,,,,,,,,,,
,,,,,,,,,,,,,,,,,,,,,,,,,,,,,,,,,,,,,,,,,,,,,,,,,,,,,,,,,,,,,,,,,,385373,001,2024-11-19_18h06.03.845,experiment,2023.2.3,MacIntel,62.5,5d2de4db914b6e001877da8f,673c6e3c1bdcd7f14d4497df,673ccd8341fc97f417430d03,,,,,,,,,,,,,,,,,,,,,,,,,,,,,,,,,,,,,,,,,,,,,,,,,,,,,,,,,,,,,,,,,,,,,,,,ressources/step1_stim7.png,ressources/step1_stim8.png,k,0.911,ressources/step2_background2.png,ressources/step2_stim1.png,0.286,5,10,2191,0,0,0,0,0,0,3,k,0,23,0,23,0,1,,,,,,,,,,,,,,,,,,,,,,,,,,,,,,,,,,,,,,,,,,,,,,,,,,,,,,,,,,,,,,,,,,,,,,,,,,,,,,,,,,,,,,,,,,,,,,,,,,,,,,,,,,,,,,
,,,,,,,,,,,,,,,,,,,,,,,,,,,,,,,,,,,,,,,,,,,,,,,,,,,,,,,,,,,,,,,,,,385373,001,2024-11-19_18h06.03.845,experiment,2023.2.3,MacIntel,62.5,5d2de4db914b6e001877da8f,673c6e3c1bdcd7f14d4497df,673ccd8341fc97f417430d03,,,,,,,,,,,,,,,,,,,,,,,,,,,,,,,,,,,,,,,,,,,,,,,,,,,,,,,,,,,,,,,,,,,,,,,,ressources/step1_stim2.png,ressources/step1_stim5.png,s,1.086,ressources/step2_background2.png,ressources/step2_stim1.png,0.153,1,0,2191,0,0,0,0,0,0,3,s,0,24,0,24,0,1,,,,,,,,,,,,,,,,,,,,,,,,,,,,,,,,,,,,,,,,,,,,,,,,,,,,,,,,,,,,,,,,,,,,,,,,,,,,,,,,,,,,,,,,,,,,,,,,,,,,,,,,,,,,,,
,,,,,,,,,,,,,,,,,,,,,,,,,,,,,,,,,,,,,,,,,,,,,,,,,,,,,,,,,,,,,,,,,,385373,001,2024-11-19_18h06.03.845,experiment,2023.2.3,MacIntel,62.5,5d2de4db914b6e001877da8f,673c6e3c1bdcd7f14d4497df,673ccd8341fc97f417430d03,,,,,,,,,,,,,,,,,,,,,,,,,,,,,,,,,,,,,,,,,,,,,,,,,,,,,,,,,,,,,,,,,,,,,,,,ressources/step1_stim4.png,ressources/step1_stim1.png,k,0.959,ressources/step2_background2.png,ressources/step2_stim1.png,0.156,1,1,2192,0,0,0,0,0,0,3,s,0,25,0,25,0,1,,,,,,,,,,,,,,,,,,,,,,,,,,,,,,,,,,,,,,,,,,,,,,,,,,,,,,,,,,,,,,,,,,,,,,,,,,,,,,,,,,,,,,,,,,,,,,,,,,,,,,,,,,,,,,
,,,,,,,,,,,,,,,,,,,,,,,,,,,,,,,,,,,,,,,,,,,,,,,,,,,,,,,,,,,,,,,,,,385373,001,2024-11-19_18h06.03.845,experiment,2023.2.3,MacIntel,62.5,5d2de4db914b6e001877da8f,673c6e3c1bdcd7f14d4497df,673ccd8341fc97f417430d03,,,,,,,,,,,,,,,,,,,,,,,,,,,,,,,,,,,,,,,,,,,,,,,,,,,,,,,,,,,,,,,,,,,,,,,,ressources/step1_stim7.png,ressources/step1_stim8.png,k,0.598,ressources/step2_background2.png,ressources/step2_stim1.png,0.19,1,1,2193,0,0,0,0,0,0,3,s,0,26,0,26,0,1,,,,,,,,,,,,,,,,,,,,,,,,,,,,,,,,,,,,,,,,,,,,,,,,,,,,,,,,,,,,,,,,,,,,,,,,,,,,,,,,,,,,,,,,,,,,,,,,,,,,,,,,,,,,,,
,,,,,,,,,,,,,,,,,,,,,,,,,,,,,,,,,,,,,,,,,,,,,,,,,,,,,,,,,,,,,,,,,,385373,001,2024-11-19_18h06.03.845,experiment,2023.2.3,MacIntel,62.5,5d2de4db914b6e001877da8f,673c6e3c1bdcd7f14d4497df,673ccd8341fc97f417430d03,,,,,,,,,,,,,,,,,,,,,,,,,,,,,,,,,,,,,,,,,,,,,,,,,,,,,,,,,,,,,,,,,,,,,,,,ressources/step1_stim7.png,ressources/step1_stim8.png,k,0.578,ressources/step2_background2.png,ressources/step2_stim1.png,0.474,1,1,2194,0,0,0,0,0,0,3,s,0,27,0,27,0,1,,,,,,,,,,,,,,,,,,,,,,,,,,,,,,,,,,,,,,,,,,,,,,,,,,,,,,,,,,,,,,,,,,,,,,,,,,,,,,,,,,,,,,,,,,,,,,,,,,,,,,,,,,,,,,
,,,,,,,,,,,,,,,,,,,,,,,,,,,,,,,,,,,,,,,,,,,,,,,,,,,,,,,,,,,,,,,,,,385373,001,2024-11-19_18h06.03.845,experiment,2023.2.3,MacIntel,62.5,5d2de4db914b6e001877da8f,673c6e3c1bdcd7f14d4497df,673ccd8341fc97f417430d03,,,,,,,,,,,,,,,,,,,,,,,,,,,,,,,,,,,,,,,,,,,,,,,,,,,,,,,,,,,,,,,,,,,,,,,,ressources/step1_stim5.png,ressources/step1_stim2.png,s,0.605,ressources/step2_background1.png,ressources/step2_stim2.png,0.128,1,2,2196,0,0,0,0,0,0,3,s,0,28,0,28,0,1,,,,,,,,,,,,,,,,,,,,,,,,,,,,,,,,,,,,,,,,,,,,,,,,,,,,,,,,,,,,,,,,,,,,,,,,,,,,,,,,,,,,,,,,,,,,,,,,,,,,,,,,,,,,,,
,,,,,,,,,,,,,,,,,,,,,,,,,,,,,,,,,,,,,,,,,,,,,,,,,,,,,,,,,,,,,,,,,,385373,001,2024-11-19_18h06.03.845,experiment,2023.2.3,MacIntel,62.5,5d2de4db914b6e001877da8f,673c6e3c1bdcd7f14d4497df,673ccd8341fc97f417430d03,,,,,,,,,,,,,,,,,,,,,,,,,,,,,,,,,,,,,,,,,,,,,,,,,,,,,,,,,,,,,,,,,,,,,,,,ressources/step1_stim5.png,ressources/step1_stim2.png,k,0.789,ressources/step2_background2.png,ressources/step2_stim1.png,0.235,1,3,2199,0,0,0,0,0,0,3,s,0,29,0,29,0,1,,,,,,,,,,,,,,,,,,,,,,,,,,,,,,,,,,,,,,,,,,,,,,,,,,,,,,,,,,,,,,,,,,,,,,,,,,,,,,,,,,,,,,,,,,,,,,,,,,,,,,,,,,,,,,
,,,,,,,,,,,,,,,,,,,,,,,,,,,,,,,,,,,,,,,,,,,,,,,,,,,,,,,,,,,,,,,,,,385373,001,2024-11-19_18h06.03.845,experiment,2023.2.3,MacIntel,62.5,5d2de4db914b6e001877da8f,673c6e3c1bdcd7f14d4497df,673ccd8341fc97f417430d03,,,,,,,,,,,,,,,,,,,,,,,,,,,,,,,,,,,,,,,,,,,,,,,,,,,,,,,,,,,,,,,,,,,,,,,,ressources/step1_stim3.png,ressources/step1_stim6.png,k,0.93,ressources/step2_background1.png,ressources/step2_stim2.png,0.206,5,15,2214,0,0,0,0,0,0,3,k,0,30,0,30,0,1,,,,,,,,,,,,,,,,,,,,,,,,,,,,,,,,,,,,,,,,,,,,,,,,,,,,,,,,,,,,,,,,,,,,,,,,,,,,,,,,,,,,,,,,,,,,,,,,,,,,,,,,,,,,,,
,,,,,,,,,,,,,,,,,,,,,,,,,,,,,,,,,,,,,,,,,,,,,,,,,,,,,,,,,,,,,,,,,,385373,001,2024-11-19_18h06.03.845,experiment,2023.2.3,MacIntel,62.5,5d2de4db914b6e001877da8f,673c6e3c1bdcd7f14d4497df,673ccd8341fc97f417430d03,,,,,,,,,,,,,,,,,,,,,,,,,,,,,,,,,,,,,,,,,,,,,,,,,,,,,,,,,,,,,,,,,,,,,,,,ressources/step1_stim7.png,ressources/step1_stim8.png,k,0.633,ressources/step2_background2.png,ressources/step2_stim1.png,0.061,5,5,2219,0,0,0,0,0,0,3,s,0,31,0,31,0,1,,,,,,,,,,,,,,,,,,,,,,,,,,,,,,,,,,,,,,,,,,,,,,,,,,,,,,,,,,,,,,,,,,,,,,,,,,,,,,,,,,,,,,,,,,,,,,,,,,,,,,,,,,,,,,
,,,,,,,,,,,,,,,,,,,,,,,,,,,,,,,,,,,,,,,,,,,,,,,,,,,,,,,,,,,,,,,,,,385373,001,2024-11-19_18h06.03.845,experiment,2023.2.3,MacIntel,62.5,5d2de4db914b6e001877da8f,673c6e3c1bdcd7f14d4497df,673ccd8341fc97f417430d03,,,,,,,,,,,,,,,,,,,,,,,,,,,,,,,,,,,,,,,,,,,,,,,,,,,,,,,,,,,,,,,,,,,,,,,,ressources/step1_stim6.png,ressources/step1_stim3.png,k,1.093,ressources/step2_background2.png,ressources/step2_stim1.png,0.283,5,10,2229,0,0,0,0,0,0,3,k,0,32,0,32,0,1,,,,,,,,,,,,,,,,,,,,,,,,,,,,,,,,,,,,,,,,,,,,,,,,,,,,,,,,,,,,,,,,,,,,,,,,,,,,,,,,,,,,,,,,,,,,,,,,,,,,,,,,,,,,,,
,,,,,,,,,,,,,,,,,,,,,,,,,,,,,,,,,,,,,,,,,,,,,,,,,,,,,,,,,,,,,,,,,,385373,001,2024-11-19_18h06.03.845,experiment,2023.2.3,MacIntel,62.5,5d2de4db914b6e001877da8f,673c6e3c1bdcd7f14d4497df,673ccd8341fc97f417430d03,,,,,,,,,,,,,,,,,,,,,,,,,,,,,,,,,,,,,,,,,,,,,,,,,,,,,,,,,,,,,,,,,,,,,,,,ressources/step1_stim6.png,ressources/step1_stim3.png,k,0.849,ressources/step2_background2.png,ressources/step2_stim1.png,0.503,5,5,2234,0,0,0,0,0,0,3,s,0,33,0,33,0,1,,,,,,,,,,,,,,,,,,,,,,,,,,,,,,,,,,,,,,,,,,,,,,,,,,,,,,,,,,,,,,,,,,,,,,,,,,,,,,,,,,,,,,,,,,,,,,,,,,,,,,,,,,,,,,
,,,,,,,,,,,,,,,,,,,,,,,,,,,,,,,,,,,,,,,,,,,,,,,,,,,,,,,,,,,,,,,,,,385373,001,2024-11-19_18h06.03.845,experiment,2023.2.3,MacIntel,62.5,5d2de4db914b6e001877da8f,673c6e3c1bdcd7f14d4497df,673ccd8341fc97f417430d03,,,,,,,,,,,,,,,,,,,,,,,,,,,,,,,,,,,,,,,,,,,,,,,,,,,,,,,,,,,,,,,,,,,,,,,,ressources/step1_stim1.png,ressources/step1_stim4.png,s,0.64,ressources/step2_background2.png,ressources/step2_stim1.png,0.362,1,1,2235,1,0,1,0,0,0,4,s,1,34,0,34,0,1,k,2.815,,,,,,,,,,,,,,,,,,,,,,,,,,,,,,,,,,,,,,,,,,,,,,,,,,,,,,,,,,,,,,,,,,,,,,,,,,,,,,,,,,,,,,,,,,,,,,,,,,,,,,,,,,,,
,,,,,,,,,,,,,,,,,,,,,,,,,,,,,,,,,,,,,,,,,,,,,,,,,,,,,,,,,,,,,,,,,,385373,001,2024-11-19_18h06.03.845,experiment,2023.2.3,MacIntel,62.5,5d2de4db914b6e001877da8f,673c6e3c1bdcd7f14d4497df,673ccd8341fc97f417430d03,,,,,,,,,,,,,,,,,,,,,,,,,,,,,,,,,,,,,,,,,,,,,,,,,,,,,,,,,,,,,,,,,,,,,,,,ressources/step1_stim6.png,ressources/step1_stim3.png,s,0.676,ressources/step2_background1.png,ressources/step2_stim2.png,0.168,1,1,2236,0,0,0,0,0,0,4,s,1,35,0,35,0,1,,,,,,,,,,,,,,,,,,,,,,,,,,,,,,,,,,,,,,,,,,,,,,,,,,,,,,,,,,,,,,,,,,,,,,,,,,,,,,,,,,,,,,,,,,,,,,,,,,,,,,,,,,,,,,
,,,,,,,,,,,,,,,,,,,,,,,,,,,,,,,,,,,,,,,,,,,,,,,,,,,,,,,,,,,,,,,,,,385373,001,2024-11-19_18h06.03.845,experiment,2023.2.3,MacIntel,62.5,5d2de4db914b6e001877da8f,673c6e3c1bdcd7f14d4497df,673ccd8341fc97f417430d03,,,,,,,,,,,,,,,,,,,,,,,,,,,,,,,,,,,,,,,,,,,,,,,,,,,,,,,,,,,,,,,,,,,,,,,,ressources/step1_stim1.png,ressources/step1_stim4.png,s,0.543,ressources/step2_background2.png,ressources/step2_stim1.png,0.511,1,1,2237,0,0,0,0,0,0,4,s,1,36,0,36,0,1,,,,,,,,,,,,,,,,,,,,,,,,,,,,,,,,,,,,,,,,,,,,,,,,,,,,,,,,,,,,,,,,,,,,,,,,,,,,,,,,,,,,,,,,,,,,,,,,,,,,,,,,,,,,,,
,,,,,,,,,,,,,,,,,,,,,,,,,,,,,,,,,,,,,,,,,,,,,,,,,,,,,,,,,,,,,,,,,,385373,001,2024-11-19_18h06.03.845,experiment,2023.2.3,MacIntel,62.5,5d2de4db914b6e001877da8f,673c6e3c1bdcd7f14d4497df,673ccd8341fc97f417430d03,,,,,,,,,,,,,,,,,,,,,,,,,,,,,,,,,,,,,,,,,,,,,,,,,,,,,,,,,,,,,,,,,,,,,,,,ressources/step1_stim6.png,ressources/step1_stim3.png,s,0.93,ressources/step2_background1.png,ressources/step2_stim2.png,0.117,5,0,2237,0,0,0,0,0,0,4,s,1,37,0,37,0,1,,,,,,,,,,,,,,,,,,,,,,,,,,,,,,,,,,,,,,,,,,,,,,,,,,,,,,,,,,,,,,,,,,,,,,,,,,,,,,,,,,,,,,,,,,,,,,,,,,,,,,,,,,,,,,
,,,,,,,,,,,,,,,,,,,,,,,,,,,,,,,,,,,,,,,,,,,,,,,,,,,,,,,,,,,,,,,,,,385373,001,2024-11-19_18h06.03.845,experiment,2023.2.3,MacIntel,62.5,5d2de4db914b6e001877da8f,673c6e3c1bdcd7f14d4497df,673ccd8341fc97f417430d03,,,,,,,,,,,,,,,,,,,,,,,,,,,,,,,,,,,,,,,,,,,,,,,,,,,,,,,,,,,,,,,,,,,,,,,,ressources/step1_stim8.png,ressources/step1_stim7.png,s,0.937,ressources/step2_background2.png,ressources/step2_stim1.png,0.765,5,10,2247,0,0,0,0,0,0,4,k,1,38,0,38,0,1,,,,,,,,,,,,,,,,,,,,,,,,,,,,,,,,,,,,,,,,,,,,,,,,,,,,,,,,,,,,,,,,,,,,,,,,,,,,,,,,,,,,,,,,,,,,,,,,,,,,,,,,,,,,,,
,,,,,,,,,,,,,,,,,,,,,,,,,,,,,,,,,,,,,,,,,,,,,,,,,,,,,,,,,,,,,,,,,,385373,001,2024-11-19_18h06.03.845,experiment,2023.2.3,MacIntel,62.5,5d2de4db914b6e001877da8f,673c6e3c1bdcd7f14d4497df,673ccd8341fc97f417430d03,,,,,,,,,,,,,,,,,,,,,,,,,,,,,,,,,,,,,,,,,,,,,,,,,,,,,,,,,,,,,,,,,,,,,,,,ressources/step1_stim8.png,ressources/step1_stim7.png,s,0.689,ressources/step2_background2.png,ressources/step2_stim1.png,0.047,1,4,2251,0,0,0,0,0,0,4,s,1,39,0,39,0,1,,,,,,,,,,,,,,,,,,,,,,,,,,,,,,,,,,,,,,,,,,,,,,,,,,,,,,,,,,,,,,,,,,,,,,,,,,,,,,,,,,,,,,,,,,,,,,,,,,,,,,,,,,,,,,
,,,,,,,,,,,,,,,,,,,,,,,,,,,,,,,,,,,,,,,,,,,,,,,,,,,,,,,,,,,,,,,,,,385373,001,2024-11-19_18h06.03.845,experiment,2023.2.3,MacIntel,62.5,5d2de4db914b6e001877da8f,673c6e3c1bdcd7f14d4497df,673ccd8341fc97f417430d03,,,,,,,,,,,,,,,,,,,,,,,,,,,,,,,,,,,,,,,,,,,,,,,,,,,,,,,,,,,,,,,,,,,,,,,,ressources/step1_stim6.png,ressources/step1_stim3.png,s,0.721,ressources/step2_background1.png,ressources/step2_stim2.png,0.807,5,5,2256,0,0,0,0,0,0,4,s,1,40,0,40,0,1,,,,,,,,,,,,,,,,,,,,,,,,,,,,,,,,,,,,,,,,,,,,,,,,,,,,,,,,,,,,,,,,,,,,,,,,,,,,,,,,,,,,,,,,,,,,,,,,,,,,,,,,,,,,,,
,,,,,,,,,,,,,,,,,,,,,,,,,,,,,,,,,,,,,,,,,,,,,,,,,,,,,,,,,,,,,,,,,,385373,001,2024-11-19_18h06.03.845,experiment,2023.2.3,MacIntel,62.5,5d2de4db914b6e001877da8f,673c6e3c1bdcd7f14d4497df,673ccd8341fc97f417430d03,,,,,,,,,,,,,,,,,,,,,,,,,,,,,,,,,,,,,,,,,,,,,,,,,,,,,,,,,,,,,,,,,,,,,,,,ressources/step1_stim1.png,ressources/step1_stim4.png,s,0.606,ressources/step2_background2.png,ressources/step2_stim1.png,0.543,5,40,2296,0,0,0,0,0,0,4,k,1,41,0,41,0,1,,,,,,,,,,,,,,,,,,,,,,,,,,,,,,,,,,,,,,,,,,,,,,,,,,,,,,,,,,,,,,,,,,,,,,,,,,,,,,,,,,,,,,,,,,,,,,,,,,,,,,,,,,,,,,
,,,,,,,,,,,,,,,,,,,,,,,,,,,,,,,,,,,,,,,,,,,,,,,,,,,,,,,,,,,,,,,,,,385373,001,2024-11-19_18h06.03.845,experiment,2023.2.3,MacIntel,62.5,5d2de4db914b6e001877da8f,673c6e3c1bdcd7f14d4497df,673ccd8341fc97f417430d03,,,,,,,,,,,,,,,,,,,,,,,,,,,,,,,,,,,,,,,,,,,,,,,,,,,,,,,,,,,,,,,,,,,,,,,,ressources/step1_stim3.png,ressources/step1_stim6.png,k,0.672,ressources/step2_background1.png,ressources/step2_stim2.png,1.026,1,3,2299,0,0,0,0,0,0,4,s,1,42,0,42,0,1,,,,,,,,,,,,,,,,,,,,,,,,,,,,,,,,,,,,,,,,,,,,,,,,,,,,,,,,,,,,,,,,,,,,,,,,,,,,,,,,,,,,,,,,,,,,,,,,,,,,,,,,,,,,,,
,,,,,,,,,,,,,,,,,,,,,,,,,,,,,,,,,,,,,,,,,,,,,,,,,,,,,,,,,,,,,,,,,,385373,001,2024-11-19_18h06.03.845,experiment,2023.2.3,MacIntel,62.5,5d2de4db914b6e001877da8f,673c6e3c1bdcd7f14d4497df,673ccd8341fc97f417430d03,,,,,,,,,,,,,,,,,,,,,,,,,,,,,,,,,,,,,,,,,,,,,,,,,,,,,,,,,,,,,,,,,,,,,,,,ressources/step1_stim3.png,ressources/step1_stim6.png,s,0.565,ressources/step2_background2.png,ressources/step2_stim1.png,0.124,5,40,2339,0,0,0,0,0,0,4,k,1,43,0,43,0,1,,,,,,,,,,,,,,,,,,,,,,,,,,,,,,,,,,,,,,,,,,,,,,,,,,,,,,,,,,,,,,,,,,,,,,,,,,,,,,,,,,,,,,,,,,,,,,,,,,,,,,,,,,,,,,
,,,,,,,,,,,,,,,,,,,,,,,,,,,,,,,,,,,,,,,,,,,,,,,,,,,,,,,,,,,,,,,,,,385373,001,2024-11-19_18h06.03.845,experiment,2023.2.3,MacIntel,62.5,5d2de4db914b6e001877da8f,673c6e3c1bdcd7f14d4497df,673ccd8341fc97f417430d03,,,,,,,,,,,,,,,,,,,,,,,,,,,,,,,,,,,,,,,,,,,,,,,,,,,,,,,,,,,,,,,,,,,,,,,,ressources/step1_stim5.png,ressources/step1_stim2.png,k,0.899,ressources/step2_background2.png,ressources/step2_stim1.png,0.192,1,7,2346,0,0,0,0,0,0,4,k,1,44,0,44,0,1,,,,,,,,,,,,,,,,,,,,,,,,,,,,,,,,,,,,,,,,,,,,,,,,,,,,,,,,,,,,,,,,,,,,,,,,,,,,,,,,,,,,,,,,,,,,,,,,,,,,,,,,,,,,,,
,,,,,,,,,,,,,,,,,,,,,,,,,,,,,,,,,,,,,,,,,,,,,,,,,,,,,,,,,,,,,,,,,,385373,001,2024-11-19_18h06.03.845,experiment,2023.2.3,MacIntel,62.5,5d2de4db914b6e001877da8f,673c6e3c1bdcd7f14d4497df,673ccd8341fc97f417430d03,,,,,,,,,,,,,,,,,,,,,,,,,,,,,,,,,,,,,,,,,,,,,,,,,,,,,,,,,,,,,,,,,,,,,,,,ressources/step1_stim1.png,ressources/step1_stim4.png,s,0.467,ressources/step2_background2.png,ressources/step2_stim1.png,0.249,1,6,2352,0,0,0,0,0,0,4,k,1,45,0,45,0,1,,,,,,,,,,,,,,,,,,,,,,,,,,,,,,,,,,,,,,,,,,,,,,,,,,,,,,,,,,,,,,,,,,,,,,,,,,,,,,,,,,,,,,,,,,,,,,,,,,,,,,,,,,,,,,
,,,,,,,,,,,,,,,,,,,,,,,,,,,,,,,,,,,,,,,,,,,,,,,,,,,,,,,,,,,,,,,,,,385373,001,2024-11-19_18h06.03.845,experiment,2023.2.3,MacIntel,62.5,5d2de4db914b6e001877da8f,673c6e3c1bdcd7f14d4497df,673ccd8341fc97f417430d03,,,,,,,,,,,,,,,,,,,,,,,,,,,,,,,,,,,,,,,,,,,,,,,,,,,,,,,,,,,,,,,,,,,,,,,,ressources/step1_stim1.png,ressources/step1_stim4.png,s,0.621,ressources/step2_background2.png,ressources/step2_stim1.png,0.269,1,7,2359,1,0,1,0,0,0,5,k,1,46,0,46,0,1,k,4.25,,,,,,,,,,,,,,,,,,,,,,,,,,,,,,,,,,,,,,,,,,,,,,,,,,,,,,,,,,,,,,,,,,,,,,,,,,,,,,,,,,,,,,,,,,,,,,,,,,,,,,,,,,,,
,,,,,,,,,,,,,,,,,,,,,,,,,,,,,,,,,,,,,,,,,,,,,,,,,,,,,,,,,,,,,,,,,,385373,001,2024-11-19_18h06.03.845,experiment,2023.2.3,MacIntel,62.5,5d2de4db914b6e001877da8f,673c6e3c1bdcd7f14d4497df,673ccd8341fc97f417430d03,,,,,,,,,,,,,,,,,,,,,,,,,,,,,,,,,,,,,,,,,,,,,,,,,,,,,,,,,,,,,,,,,,,,,,,,ressources/step1_stim3.png,ressources/step1_stim6.png,k,1.056,ressources/step2_background1.png,ressources/step2_stim2.png,0.307,1,0,2359,0,0,0,0,0,0,5,s,1,47,0,47,0,1,,,,,,,,,,,,,,,,,,,,,,,,,,,,,,,,,,,,,,,,,,,,,,,,,,,,,,,,,,,,,,,,,,,,,,,,,,,,,,,,,,,,,,,,,,,,,,,,,,,,,,,,,,,,,,
,,,,,,,,,,,,,,,,,,,,,,,,,,,,,,,,,,,,,,,,,,,,,,,,,,,,,,,,,,,,,,,,,,385373,001,2024-11-19_18h06.03.845,experiment,2023.2.3,MacIntel,62.5,5d2de4db914b6e001877da8f,673c6e3c1bdcd7f14d4497df,673ccd8341fc97f417430d03,,,,,,,,,,,,,,,,,,,,,,,,,,,,,,,,,,,,,,,,,,,,,,,,,,,,,,,,,,,,,,,,,,,,,,,,ressources/step1_stim8.png,ressources/step1_stim7.png,s,0.6,ressources/step2_background2.png,ressources/step2_stim1.png,0.565,1,8,2367,0,0,0,0,0,0,5,k,1,48,0,48,0,1,,,,,,,,,,,,,,,,,,,,,,,,,,,,,,,,,,,,,,,,,,,,,,,,,,,,,,,,,,,,,,,,,,,,,,,,,,,,,,,,,,,,,,,,,,,,,,,,,,,,,,,,,,,,,,
,,,,,,,,,,,,,,,,,,,,,,,,,,,,,,,,,,,,,,,,,,,,,,,,,,,,,,,,,,,,,,,,,,385373,001,2024-11-19_18h06.03.845,experiment,2023.2.3,MacIntel,62.5,5d2de4db914b6e001877da8f,673c6e3c1bdcd7f14d4497df,673ccd8341fc97f417430d03,,,,,,,,,,,,,,,,,,,,,,,,,,,,,,,,,,,,,,,,,,,,,,,,,,,,,,,,,,,,,,,,,,,,,,,,ressources/step1_stim7.png,ressources/step1_stim8.png,k,1.28,ressources/step2_background2.png,ressources/step2_stim1.png,0.106,5,40,2407,0,0,0,0,0,0,5,k,1,49,0,49,0,1,,,,,,,,,,,,,,,,,,,,,,,,,,,,,,,,,,,,,,,,,,,,,,,,,,,,,,,,,,,,,,,,,,,,,,,,,,,,,,,,,,,,,,,,,,,,,,,,,,,,,,,,,,,,,,
,,,,,,,,,,,,,,,,,,,,,,,,,,,,,,,,,,,,,,,,,,,,,,,,,,,,,,,,,,,,,,,,,,385373,001,2024-11-19_18h06.03.845,experiment,2023.2.3,MacIntel,62.5,5d2de4db914b6e001877da8f,673c6e3c1bdcd7f14d4497df,673ccd8341fc97f417430d03,,,,,,,,,,,,,,,,,,,,,,,,,,,,,,,,,,,,,,,,,,,,,,,,,,,,,,,,,,,,,,,,,,,,,,,,ressources/step1_stim5.png,ressources/step1_stim2.png,k,1.172,ressources/step2_background2.png,ressources/step2_stim1.png,0.095,5,20,2427,0,0,0,0,0,0,5,k,1,50,0,50,0,1,,,,,,,,,,,,,,,,,,,,,,,,,,,,,,,,,,,,,,,,,,,,,,,,,,,,,,,,,,,,,,,,,,,,,,,,,,,,,,,,,,,,,,,,,,,,,,,,,,,,,,,,,,,,,,
,,,,,,,,,,,,,,,,,,,,,,,,,,,,,,,,,,,,,,,,,,,,,,,,,,,,,,,,,,,,,,,,,,385373,001,2024-11-19_18h06.03.845,experiment,2023.2.3,MacIntel,62.5,5d2de4db914b6e001877da8f,673c6e3c1bdcd7f14d4497df,673ccd8341fc97f417430d03,,,,,,,,,,,,,,,,,,,,,,,,,,,,,,,,,,,,,,,,,,,,,,,,,,,,,,,,,,,,,,,,,,,,,,,,ressources/step1_stim4.png,ressources/step1_stim1.png,k,0.541,ressources/step2_background2.png,ressources/step2_stim1.png,0.461,1,3,2430,0,0,0,0,0,0,5,s,1,51,0,51,0,1,,,,,,,,,,,,,,,,,,,,,,,,,,,,,,,,,,,,,,,,,,,,,,,,,,,,,,,,,,,,,,,,,,,,,,,,,,,,,,,,,,,,,,,,,,,,,,,,,,,,,,,,,,,,,,
,,,,,,,,,,,,,,,,,,,,,,,,,,,,,,,,,,,,,,,,,,,,,,,,,,,,,,,,,,,,,,,,,,385373,001,2024-11-19_18h06.03.845,experiment,2023.2.3,MacIntel,62.5,5d2de4db914b6e001877da8f,673c6e3c1bdcd7f14d4497df,673ccd8341fc97f417430d03,,,,,,,,,,,,,,,,,,,,,,,,,,,,,,,,,,,,,,,,,,,,,,,,,,,,,,,,,,,,,,,,,,,,,,,,ressources/step1_stim2.png,ressources/step1_stim5.png,s,0.917,ressources/step2_background2.png,ressources/step2_stim1.png,0.655,5,35,2465,0,0,0,0,0,0,5,k,1,52,0,52,0,1,,,,,,,,,,,,,,,,,,,,,,,,,,,,,,,,,,,,,,,,,,,,,,,,,,,,,,,,,,,,,,,,,,,,,,,,,,,,,,,,,,,,,,,,,,,,,,,,,,,,,,,,,,,,,,
,,,,,,,,,,,,,,,,,,,,,,,,,,,,,,,,,,,,,,,,,,,,,,,,,,,,,,,,,,,,,,,,,,385373,001,2024-11-19_18h06.03.845,experiment,2023.2.3,MacIntel,62.5,5d2de4db914b6e001877da8f,673c6e3c1bdcd7f14d4497df,673ccd8341fc97f417430d03,,,,,,,,,,,,,,,,,,,,,,,,,,,,,,,,,,,,,,,,,,,,,,,,,,,,,,,,,,,,,,,,,,,,,,,,ressources/step1_stim7.png,ressources/step1_stim8.png,k,0.606,ressources/step2_background2.png,ressources/step2_stim1.png,0.37,5,25,2490,0,0,0,0,0,0,5,k,1,53,0,53,0,1,,,,,,,,,,,,,,,,,,,,,,,,,,,,,,,,,,,,,,,,,,,,,,,,,,,,,,,,,,,,,,,,,,,,,,,,,,,,,,,,,,,,,,,,,,,,,,,,,,,,,,,,,,,,,,
,,,,,,,,,,,,,,,,,,,,,,,,,,,,,,,,,,,,,,,,,,,,,,,,,,,,,,,,,,,,,,,,,,385373,001,2024-11-19_18h06.03.845,experiment,2023.2.3,MacIntel,62.5,5d2de4db914b6e001877da8f,673c6e3c1bdcd7f14d4497df,673ccd8341fc97f417430d03,,,,,,,,,,,,,,,,,,,,,,,,,,,,,,,,,,,,,,,,,,,,,,,,,,,,,,,,,,,,,,,,,,,,,,,,ressources/step1_stim1.png,ressources/step1_stim4.png,s,0.446,ressources/step2_background2.png,ressources/step2_stim1.png,0.32,1,8,2498,0,0,0,0,0,0,5,k,1,54,0,54,0,1,,,,,,,,,,,,,,,,,,,,,,,,,,,,,,,,,,,,,,,,,,,,,,,,,,,,,,,,,,,,,,,,,,,,,,,,,,,,,,,,,,,,,,,,,,,,,,,,,,,,,,,,,,,,,,
,,,,,,,,,,,,,,,,,,,,,,,,,,,,,,,,,,,,,,,,,,,,,,,,,,,,,,,,,,,,,,,,,,385373,001,2024-11-19_18h06.03.845,experiment,2023.2.3,MacIntel,62.5,5d2de4db914b6e001877da8f,673c6e3c1bdcd7f14d4497df,673ccd8341fc97f417430d03,,,,,,,,,,,,,,,,,,,,,,,,,,,,,,,,,,,,,,,,,,,,,,,,,,,,,,,,,,,,,,,,,,,,,,,,ressources/step1_stim2.png,ressources/step1_stim5.png,s,1.149,ressources/step2_background2.png,ressources/step2_stim1.png,0.642,5,40,2538,0,0,0,0,0,0,5,k,1,55,0,55,0,1,,,,,,,,,,,,,,,,,,,,,,,,,,,,,,,,,,,,,,,,,,,,,,,,,,,,,,,,,,,,,,,,,,,,,,,,,,,,,,,,,,,,,,,,,,,,,,,,,,,,,,,,,,,,,,
,,,,,,,,,,,,,,,,,,,,,,,,,,,,,,,,,,,,,,,,,,,,,,,,,,,,,,,,,,,,,,,,,,385373,001,2024-11-19_18h06.03.845,experiment,2023.2.3,MacIntel,62.5,5d2de4db914b6e001877da8f,673c6e3c1bdcd7f14d4497df,673ccd8341fc97f417430d03,,,,,,,,,,,,,,,,,,,,,,,,,,,,,,,,,,,,,,,,,,,,,,,,,,,,,,,,,,,,,,,,,,,,,,,,ressources/step1_stim8.png,ressources/step1_stim7.png,s,0.64,ressources/step2_background2.png,ressources/step2_stim1.png,0.037,1,8,2546,0,0,0,0,0,0,5,k,1,56,0,56,0,1,,,,,,,,,,,,,,,,,,,,,,,,,,,,,,,,,,,,,,,,,,,,,,,,,,,,,,,,,,,,,,,,,,,,,,,,,,,,,,,,,,,,,,,,,,,,,,,,,,,,,,,,,,,,,,
,,,,,,,,,,,,,,,,,,,,,,,,,,,,,,,,,,,,,,,,,,,,,,,,,,,,,,,,,,,,,,,,,,385373,001,2024-11-19_18h06.03.845,experiment,2023.2.3,MacIntel,62.5,5d2de4db914b6e001877da8f,673c6e3c1bdcd7f14d4497df,673ccd8341fc97f417430d03,,,,,,,,,,,,,,,,,,,,,,,,,,,,,,,,,,,,,,,,,,,,,,,,,,,,,,,,,,,,,,,,,,,,,,,,ressources/step1_stim8.png,ressources/step1_stim7.png,s,0.577,ressources/step2_background2.png,ressources/step2_stim1.png,0.026,5,20,2566,0,0,0,0,0,0,5,k,1,57,0,57,0,1,,,,,,,,,,,,,,,,,,,,,,,,,,,,,,,,,,,,,,,,,,,,,,,,,,,,,,,,,,,,,,,,,,,,,,,,,,,,,,,,,,,,,,,,,,,,,,,,,,,,,,,,,,,,,,
,,,,,,,,,,,,,,,,,,,,,,,,,,,,,,,,,,,,,,,,,,,,,,,,,,,,,,,,,,,,,,,,,,385373,001,2024-11-19_18h06.03.845,experiment,2023.2.3,MacIntel,62.5,5d2de4db914b6e001877da8f,673c6e3c1bdcd7f14d4497df,673ccd8341fc97f417430d03,,,,,,,,,,,,,,,,,,,,,,,,,,,,,,,,,,,,,,,,,,,,,,,,,,,,,,,,,,,,,,,,,,,,,,,,ressources/step1_stim2.png,ressources/step1_stim5.png,s,0.774,ressources/step2_background2.png,ressources/step2_stim1.png,1.144,5,20,2586,0,0,0,0,0,0,5,k,1,58,0,58,0,1,,,,,,,,,,,,,,,,,,,,,,,,,,,,,,,,,,,,,,,,,,,,,,,,,,,,,,,,,,,,,,,,,,,,,,,,,,,,,,,,,,,,,,,,,,,,,,,,,,,,,,,,,,,,,,
,,,,,,,,,,,,,,,,,,,,,,,,,,,,,,,,,,,,,,,,,,,,,,,,,,,,,,,,,,,,,,,,,,385373,001,2024-11-19_18h06.03.845,experiment,2023.2.3,MacIntel,62.5,5d2de4db914b6e001877da8f,673c6e3c1bdcd7f14d4497df,673ccd8341fc97f417430d03,,,,,,,,,,,,,,,,,,,,,,,,,,,,,,,,,,,,,,,,,,,,,,,,,,,,,,,,,,,,,,,,,,,,,,,,ressources/step1_stim8.png,ressources/step1_stim7.png,s,0.713,ressources/step2_background2.png,ressources/step2_stim1.png,0.722,1,2,2588,0,0,0,0,0,0,5,s,1,59,0,59,0,1,,,,,,,,,,,,,,,,,,,,,,,,,,,,,,,,,,,,,,,,,,,,,,,,,,,,,,,,,,,,,,,,,,,,,,,,,,,,,,,,,,,,,,,,,,,,,,,,,,,,,,,,,,,,,,
,,,,,,,,,,,,,,,,,,,,,,,,,,,,,,,,,,,,,,,,,,,,,,,,,,,,,,,,,,,,,,,,,,385373,001,2024-11-19_18h06.03.845,experiment,2023.2.3,MacIntel,62.5,5d2de4db914b6e001877da8f,673c6e3c1bdcd7f14d4497df,673ccd8341fc97f417430d03,,,,,,,,,,,,,,,,,,,,,,,,,,,,,,,,,,,,,,,,,,,,,,,,,,,,,,,,,,,,,,,,,,,,,,,,ressources/step1_stim2.png,ressources/step1_stim5.png,s,0.652,ressources/step2_background2.png,ressources/step2_stim1.png,1.162,5,15,2603,0,0,0,0,0,0,5,k,1,60,0,60,0,1,,,,,,,,,,,,,,,,,,,,,,,,,,,,,,,,,,,,,,,,,,,,,,,,,,,,,,,,,,,,,,,,,,,,,,,,,,,,,,,,,,,,,,,,,,,,,,,,,,,,,,,,,,,,,,
,,,,,,,,,,,,,,,,,,,,,,,,,,,,,,,,,,,,,,,,,,,,,,,,,,,,,,,,,,,,,,,,,,385373,001,2024-11-19_18h06.03.845,experiment,2023.2.3,MacIntel,62.5,5d2de4db914b6e001877da8f,673c6e3c1bdcd7f14d4497df,673ccd8341fc97f417430d03,,,,,,,,,,,,,,,,,,,,,,,,,,,,,,,,,,,,,,,,,,,,,,,,,,,,,,,,,,,,,,,,,,,,,s,1.387,,ressources/step1_stim8.png,ressources/step1_stim7.png,s,0.543,ressources/step2_background2.png,ressources/step2_stim1.png,0.644,1,2,2605,1,1,0,0,0,0,6,s,1,61,0,61,0,1,,,,,,,,,,,,,,,,,,,,,,,,,,,,,,,,,,,,,,,,,,,,,,,,,,,,,,,,,,,,,,,,,,,,,,,,,,,,,,,,,,,,,,,,,,,,,,,,,,,,,,,,,,,,,,
,,,,,,,,,,,,,,,,,,,,,,,,,,,,,,,,,,,,,,,,,,,,,,,,,,,,,,,,,,,,,,,,,,385373,001,2024-11-19_18h06.03.845,experiment,2023.2.3,MacIntel,62.5,5d2de4db914b6e001877da8f,673c6e3c1bdcd7f14d4497df,673ccd8341fc97f417430d03,,,,,,,,,,,,,,,,,,,,,,,,,,,,,,,,,,,,,,,,,,,,,,,,,,,,,,,,,,,,,,,,,,,,,,,,ressources/step1_stim6.png,ressources/step1_stim3.png,s,0.879,ressources/step2_background1.png,ressources/step2_stim2.png,1.175,5,5,2610,0,0,0,0,0,0,6,s,1,62,0,62,0,1,,,,,,,,,,,,,,,,,,,,,,,,,,,,,,,,,,,,,,,,,,,,,,,,,,,,,,,,,,,,,,,,,,,,,,,,,,,,,,,,,,,,,,,,,,,,,,,,,,,,,,,,,,,,,,
,,,,,,,,,,,,,,,,,,,,,,,,,,,,,,,,,,,,,,,,,,,,,,,,,,,,,,,,,,,,,,,,,,385373,001,2024-11-19_18h06.03.845,experiment,2023.2.3,MacIntel,62.5,5d2de4db914b6e001877da8f,673c6e3c1bdcd7f14d4497df,673ccd8341fc97f417430d03,,,,,,,,,,,,,,,,,,,,,,,,,,,,,,,,,,,,,,,,,,,,,,,,,,,,,,,,,,,,,,,,,,,,,,,,ressources/step1_stim1.png,ressources/step1_stim4.png,s,0.523,ressources/step2_background2.png,ressources/step2_stim1.png,0.74,1,6,2616,0,0,0,0,0,0,6,k,1,63,0,63,0,1,,,,,,,,,,,,,,,,,,,,,,,,,,,,,,,,,,,,,,,,,,,,,,,,,,,,,,,,,,,,,,,,,,,,,,,,,,,,,,,,,,,,,,,,,,,,,,,,,,,,,,,,,,,,,,
,,,,,,,,,,,,,,,,,,,,,,,,,,,,,,,,,,,,,,,,,,,,,,,,,,,,,,,,,,,,,,,,,,385373,001,2024-11-19_18h06.03.845,experiment,2023.2.3,MacIntel,62.5,5d2de4db914b6e001877da8f,673c6e3c1bdcd7f14d4497df,673ccd8341fc97f417430d03,,,,,,,,,,,,,,,,,,,,,,,,,,,,,,,,,,,,,,,,,,,,,,,,,,,,,,,,,,,,,,,,,,,,,,,,ressources/step1_stim5.png,ressources/step1_stim2.png,s,1.238,ressources/step2_background1.png,ressources/step2_stim2.png,0.022,5,10,2626,0,0,0,0,0,0,6,k,1,64,0,64,0,1,,,,,,,,,,,,,,,,,,,,,,,,,,,,,,,,,,,,,,,,,,,,,,,,,,,,,,,,,,,,,,,,,,,,,,,,,,,,,,,,,,,,,,,,,,,,,,,,,,,,,,,,,,,,,,
,,,,,,,,,,,,,,,,,,,,,,,,,,,,,,,,,,,,,,,,,,,,,,,,,,,,,,,,,,,,,,,,,,385373,001,2024-11-19_18h06.03.845,experiment,2023.2.3,MacIntel,62.5,5d2de4db914b6e001877da8f,673c6e3c1bdcd7f14d4497df,673ccd8341fc97f417430d03,,,,,,,,,,,,,,,,,,,,,,,,,,,,,,,,,,,,,,,,,,,,,,,,,,,,,,,,,,,,,,,,,,,,,,,,ressources/step1_stim1.png,ressources/step1_stim4.png,s,0.674,ressources/step2_background2.png,ressources/step2_stim1.png,0.294,1,6,2632,1,0,1,0,0,0,7,k,1,65,0,65,0,1,k,2.001,,,,,,,,,,,,,,,,,,,,,,,,,,,,,,,,,,,,,,,,,,,,,,,,,,,,,,,,,,,,,,,,,,,,,,,,,,,,,,,,,,,,,,,,,,,,,,,,,,,,,,,,,,,,
,,,,,,,,,,,,,,,,,,,,,,,,,,,,,,,,,,,,,,,,,,,,,,,,,,,,,,,,,,,,,,,,,,385373,001,2024-11-19_18h06.03.845,experiment,2023.2.3,MacIntel,62.5,5d2de4db914b6e001877da8f,673c6e3c1bdcd7f14d4497df,673ccd8341fc97f417430d03,,,,,,,,,,,,,,,,,,,,,,,,,,,,,,,,,,,,,,,,,,,,,,,,,,,,,,,,,,,,,,,,,,,,,,,,ressources/step1_stim5.png,ressources/step1_stim2.png,k,0.911,ressources/step2_background2.png,ressources/step2_stim1.png,0.398,1,5,2637,0,0,0,0,0,0,7,s,1,66,0,66,0,1,,,,,,,,,,,,,,,,,,,,,,,,,,,,,,,,,,,,,,,,,,,,,,,,,,,,,,,,,,,,,,,,,,,,,,,,,,,,,,,,,,,,,,,,,,,,,,,,,,,,,,,,,,,,,,
,,,,,,,,,,,,,,,,,,,,,,,,,,,,,,,,,,,,,,,,,,,,,,,,,,,,,,,,,,,,,,,,,,385373,001,2024-11-19_18h06.03.845,experiment,2023.2.3,MacIntel,62.5,5d2de4db914b6e001877da8f,673c6e3c1bdcd7f14d4497df,673ccd8341fc97f417430d03,,,,,,,,,,,,,,,,,,,,,,,,,,,,,,,,,,,,,,,,,,,,,,,,,,,,,,,,,,,,,,,,,,,,,,,,ressources/step1_stim5.png,ressources/step1_stim2.png,k,1.073,ressources/step2_background2.png,ressources/step2_stim1.png,1.259,1,2,2639,0,0,0,0,0,0,7,s,1,67,0,67,0,1,,,,,,,,,,,,,,,,,,,,,,,,,,,,,,,,,,,,,,,,,,,,,,,,,,,,,,,,,,,,,,,,,,,,,,,,,,,,,,,,,,,,,,,,,,,,,,,,,,,,,,,,,,,,,,
,,,,,,,,,,,,,,,,,,,,,,,,,,,,,,,,,,,,,,,,,,,,,,,,,,,,,,,,,,,,,,,,,,385373,001,2024-11-19_18h06.03.845,experiment,2023.2.3,MacIntel,62.5,5d2de4db914b6e001877da8f,673c6e3c1bdcd7f14d4497df,673ccd8341fc97f417430d03,,,,,,,,,,,,,,,,,,,,,,,,,,,,,,,,,,,,,,,,,,,,,,,,,,,,,,,,,,,,,,,,,,,,,,,,ressources/step1_stim4.png,ressources/step1_stim1.png,k,1.057,ressources/step2_background2.png,ressources/step2_stim1.png,0.288,5,5,2644,0,0,0,0,0,0,7,s,1,68,0,68,0,1,,,,,,,,,,,,,,,,,,,,,,,,,,,,,,,,,,,,,,,,,,,,,,,,,,,,,,,,,,,,,,,,,,,,,,,,,,,,,,,,,,,,,,,,,,,,,,,,,,,,,,,,,,,,,,
,,,,,,,,,,,,,,,,,,,,,,,,,,,,,,,,,,,,,,,,,,,,,,,,,,,,,,,,,,,,,,,,,,385373,001,2024-11-19_18h06.03.845,experiment,2023.2.3,MacIntel,62.5,5d2de4db914b6e001877da8f,673c6e3c1bdcd7f14d4497df,673ccd8341fc97f417430d03,,,,,,,,,,,,,,,,,,,,,,,,,,,,,,,,,,,,,,,,,,,,,,,,,,,,,,,,,,,,,,,,,,,,,,,,ressources/step1_stim3.png,ressources/step1_stim6.png,k,0.829,ressources/step2_background1.png,ressources/step2_stim2.png,0.332,1,6,2650,0,0,0,0,0,0,7,k,1,69,0,69,0,1,,,,,,,,,,,,,,,,,,,,,,,,,,,,,,,,,,,,,,,,,,,,,,,,,,,,,,,,,,,,,,,,,,,,,,,,,,,,,,,,,,,,,,,,,,,,,,,,,,,,,,,,,,,,,,
,,,,,,,,,,,,,,,,,,,,,,,,,,,,,,,,,,,,,,,,,,,,,,,,,,,,,,,,,,,,,,,,,,385373,001,2024-11-19_18h06.03.845,experiment,2023.2.3,MacIntel,62.5,5d2de4db914b6e001877da8f,673c6e3c1bdcd7f14d4497df,673ccd8341fc97f417430d03,,,,,,,,,,,,,,,,,,,,,,,,,,,,,,,,,,,,,,,,,,,,,,,,,,,,,,,,,,,,,,,,,,,,,,,,ressources/step1_stim1.png,ressources/step1_stim4.png,s,0.598,ressources/step2_background2.png,ressources/step2_stim1.png,0.738,1,2,2652,0,0,0,0,0,0,7,s,1,70,0,70,0,1,,,,,,,,,,,,,,,,,,,,,,,,,,,,,,,,,,,,,,,,,,,,,,,,,,,,,,,,,,,,,,,,,,,,,,,,,,,,,,,,,,,,,,,,,,,,,,,,,,,,,,,,,,,,,,
,,,,,,,,,,,,,,,,,,,,,,,,,,,,,,,,,,,,,,,,,,,,,,,,,,,,,,,,,,,,,,,,,,385373,001,2024-11-19_18h06.03.845,experiment,2023.2.3,MacIntel,62.5,5d2de4db914b6e001877da8f,673c6e3c1bdcd7f14d4497df,673ccd8341fc97f417430d03,,,,,,,,,,,,,,,,,,,,,,,,,,,,,,,,,,,,,,,,,,,,,,,,,,,,,,,,,,,,,,,,,,,,,,,,ressources/step1_stim3.png,ressources/step1_stim6.png,k,0.629,ressources/step2_background1.png,ressources/step2_stim2.png,0.681,5,40,2692,0,0,0,0,0,0,7,k,1,71,0,71,0,1,,,,,,,,,,,,,,,,,,,,,,,,,,,,,,,,,,,,,,,,,,,,,,,,,,,,,,,,,,,,,,,,,,,,,,,,,,,,,,,,,,,,,,,,,,,,,,,,,,,,,,,,,,,,,,
,,,,,,,,,,,,,,,,,,,,,,,,,,,,,,,,,,,,,,,,,,,,,,,,,,,,,,,,,,,,,,,,,,385373,001,2024-11-19_18h06.03.845,experiment,2023.2.3,MacIntel,62.5,5d2de4db914b6e001877da8f,673c6e3c1bdcd7f14d4497df,673ccd8341fc97f417430d03,,,,,,,,,,,,,,,,,,,,,,,,,,,,,,,,,,,,,,,,,,,,,,,,,,,,,,,,,,,,,,,,,,,,,,,,ressources/step1_stim3.png,ressources/step1_stim6.png,k,0.806,ressources/step2_background1.png,ressources/step2_stim2.png,0.303,5,45,2737,0,0,0,0,0,0,7,k,1,72,0,72,0,1,,,,,,,,,,,,,,,,,,,,,,,,,,,,,,,,,,,,,,,,,,,,,,,,,,,,,,,,,,,,,,,,,,,,,,,,,,,,,,,,,,,,,,,,,,,,,,,,,,,,,,,,,,,,,,
,,,,,,,,,,,,,,,,,,,,,,,,,,,,,,,,,,,,,,,,,,,,,,,,,,,,,,,,,,,,,,,,,,385373,001,2024-11-19_18h06.03.845,experiment,2023.2.3,MacIntel,62.5,5d2de4db914b6e001877da8f,673c6e3c1bdcd7f14d4497df,673ccd8341fc97f417430d03,,,,,,,,,,,,,,,,,,,,,,,,,,,,,,,,,,,,,,,,,,,,,,,,,,,,,,,,,,,,,,,,,,,,,,,,ressources/step1_stim2.png,ressources/step1_stim5.png,s,1.347,ressources/step2_background2.png,ressources/step2_stim1.png,0.858,1,2,2739,0,0,0,0,0,0,7,s,1,73,0,73,0,1,,,,,,,,,,,,,,,,,,,,,,,,,,,,,,,,,,,,,,,,,,,,,,,,,,,,,,,,,,,,,,,,,,,,,,,,,,,,,,,,,,,,,,,,,,,,,,,,,,,,,,,,,,,,,,
,,,,,,,,,,,,,,,,,,,,,,,,,,,,,,,,,,,,,,,,,,,,,,,,,,,,,,,,,,,,,,,,,,385373,001,2024-11-19_18h06.03.845,experiment,2023.2.3,MacIntel,62.5,5d2de4db914b6e001877da8f,673c6e3c1bdcd7f14d4497df,673ccd8341fc97f417430d03,,,,,,,,,,,,,,,,,,,,,,,,,,,,,,,,,,,,,,,,,,,,,,,,,,,,,,,,,,,,,,,,,,,,,,,,ressources/step1_stim3.png,ressources/step1_stim6.png,k,0.904,ressources/step2_background1.png,ressources/step2_stim2.png,0.742,1,2,2741,0,0,0,0,0,0,7,s,1,74,0,74,0,1,,,,,,,,,,,,,,,,,,,,,,,,,,,,,,,,,,,,,,,,,,,,,,,,,,,,,,,,,,,,,,,,,,,,,,,,,,,,,,,,,,,,,,,,,,,,,,,,,,,,,,,,,,,,,,
,,,,,,,,,,,,,,,,,,,,,,,,,,,,,,,,,,,,,,,,,,,,,,,,,,,,,,,,,,,,,,,,,,385373,001,2024-11-19_18h06.03.845,experiment,2023.2.3,MacIntel,62.5,5d2de4db914b6e001877da8f,673c6e3c1bdcd7f14d4497df,673ccd8341fc97f417430d03,,,,,,,,,,,,,,,,,,,,,,,,,,,,,,,,,,,,,,,,,,,,,,,,,,,,,,,,,,,,,,,,,,,,,,,,ressources/step1_stim5.png,ressources/step1_stim2.png,s,0.645,ressources/step2_background1.png,ressources/step2_stim2.png,0.575,1,4,2745,0,0,0,0,0,0,7,s,1,75,0,75,0,1,,,,,,,,,,,,,,,,,,,,,,,,,,,,,,,,,,,,,,,,,,,,,,,,,,,,,,,,,,,,,,,,,,,,,,,,,,,,,,,,,,,,,,,,,,,,,,,,,,,,,,,,,,,,,,
,,,,,,,,,,,,,,,,,,,,,,,,,,,,,,,,,,,,,,,,,,,,,,,,,,,,,,,,,,,,,,,,,,385373,001,2024-11-19_18h06.03.845,experiment,2023.2.3,MacIntel,62.5,5d2de4db914b6e001877da8f,673c6e3c1bdcd7f14d4497df,673ccd8341fc97f417430d03,,,,,,,,,,,,,,,,,,,,,,,,,,,,,,,,,,,,,,,,,,,,,,,,,,,,,,,,,,,,,,,,,,,,,,,,ressources/step1_stim7.png,ressources/step1_stim8.png,k,0.977,ressources/step2_background2.png,ressources/step2_stim1.png,0.455,5,30,2775,1,0,1,0,0,0,8,k,1,76,0,76,0,1,k,1.773,,,,,,,,,,,,,,,,,,,,,,,,,,,,,,,,,,,,,,,,,,,,,,,,,,,,,,,,,,,,,,,,,,,,,,,,,,,,,,,,,,,,,,,,,,,,,,,,,,,,,,,,,,,,
,,,,,,,,,,,,,,,,,,,,,,,,,,,,,,,,,,,,,,,,,,,,,,,,,,,,,,,,,,,,,,,,,,385373,001,2024-11-19_18h06.03.845,experiment,2023.2.3,MacIntel,62.5,5d2de4db914b6e001877da8f,673c6e3c1bdcd7f14d4497df,673ccd8341fc97f417430d03,,,,,,,,,,,,,,,,,,,,,,,,,,,,,,,,,,,,,,,,,,,,,,,,,,,,,,,,,,,,,,,,,,,,,,,,ressources/step1_stim2.png,ressources/step1_stim5.png,s,0.661,ressources/step2_background2.png,ressources/step2_stim1.png,0.376,5,40,2815,0,0,0,0,0,0,8,k,1,77,0,77,0,1,,,,,,,,,,,,,,,,,,,,,,,,,,,,,,,,,,,,,,,,,,,,,,,,,,,,,,,,,,,,,,,,,,,,,,,,,,,,,,,,,,,,,,,,,,,,,,,,,,,,,,,,,,,,,,
,,,,,,,,,,,,,,,,,,,,,,,,,,,,,,,,,,,,,,,,,,,,,,,,,,,,,,,,,,,,,,,,,,385373,001,2024-11-19_18h06.03.845,experiment,2023.2.3,MacIntel,62.5,5d2de4db914b6e001877da8f,673c6e3c1bdcd7f14d4497df,673ccd8341fc97f417430d03,,,,,,,,,,,,,,,,,,,,,,,,,,,,,,,,,,,,,,,,,,,,,,,,,,,,,,,,,,,,,,,,,,,,,k,1.493,,ressources/step1_stim5.png,ressources/step1_stim2.png,k,1.048,ressources/step2_background2.png,ressources/step2_stim1.png,0.277,5,35,2850,1,1,0,0,0,0,9,k,1,78,0,78,0,1,,,,,,,,,,,,,,,,,,,,,,,,,,,,,,,,,,,,,,,,,,,,,,,,,,,,,,,,,,,,,,,,,,,,,,,,,,,,,,,,,,,,,,,,,,,,,,,,,,,,,,,,,,,,,,
,,,,,,,,,,,,,,,,,,,,,,,,,,,,,,,,,,,,,,,,,,,,,,,,,,,,,,,,,,,,,,,,,,385373,001,2024-11-19_18h06.03.845,experiment,2023.2.3,MacIntel,62.5,5d2de4db914b6e001877da8f,673c6e3c1bdcd7f14d4497df,673ccd8341fc97f417430d03,,,,,,,,,,,,,,,,,,,,,,,,,,,,,,,,,,,,,,,,,,,,,,,,,,,,,,,,,,,,,,,,,,,,,,,,ressources/step1_stim3.png,ressources/step1_stim6.png,s,1.227,ressources/step2_background2.png,ressources/step2_stim1.png,0.175,1,6,2856,1,0,1,0,0,0,10,k,1,79,0,79,0,1,k,1.366,,,,,,,,,,,,,,,,,,,,,,,,,,,,,,,,,,,,,,,,,,,,,,,,,,,,,,,,,,,,,,,,,,,,,,,,,,,,,,,,,,,,,,,,,,,,,,,,,,,,,,,,,,,,
,,,,,,,,,,,,,,,,,,,,,,,,,,,,,,,,,,,,,,,,,,,,,,,,,,,,,,,,,,,,,,,,,,385373,001,2024-11-19_18h06.03.845,experiment,2023.2.3,MacIntel,62.5,5d2de4db914b6e001877da8f,673c6e3c1bdcd7f14d4497df,673ccd8341fc97f417430d03,,,,,,,,,,,,,,,,,,,,,,,,,,,,,,,,,,,,,,,,1,,,,,,,,,,,,,4,,,,,,,,,,,,,,,,,,,,,,,,,,,,,,,,,,,,,,,,,,,,,,space,75.474,,space,12.959,,k,0.757,,space,0.526,,4,pink_gnome,4,9,dark_forest,yellow_basket,red_gnome,4,1,bright_forest,red_basket,1,0,0,1,red_gnome,bright_forest,red_basket,1,-4,0,0,0,0,3,1,,,,,,,,,,,,,,,,,,,,,,,,,,,,,,,,,,,,,,,,,,,,,,,,,,,,,,,,,,,,,,,,,,,,,
,,,,,,,,,,,,,,,,,,,,,,,,,,,,,,,,,,,,,,,,,,,,,,,,,,,,,,,,,,,,,,,,,,385373,001,2024-11-19_18h06.03.845,experiment,2023.2.3,MacIntel,62.5,5d2de4db914b6e001877da8f,673c6e3c1bdcd7f14d4497df,673ccd8341fc97f417430d03,,,,,,,,,,,,,,,,,,,,,,,,,,,,,,,,,,,,,,,,1,,,,,,,,,,,,,2,,,,,,,,,,,,,,,,,,,,,,,,,,,,,,,,,,,,,,,,,,,,,,,,,,,,s,0.556,,space,0.252,,2,brown_gnome,2,9,dark_forest,yellow_basket,blue_gnome,2,3,bright_forest,red_basket,9,0,0,1,brown_gnome,dark_forest,yellow_basket,10,-2,-2,0,1,1,1,1,,,,,,,,,,,,,,,,,,,,,,,,,,,,,,,,,,,,,,,,,,,,,,,,,,,,,,,,,,,,,,,,,,,,,
,,,,,,,,,,,,,,,,,,,,,,,,,,,,,,,,,,,,,,,,,,,,,,,,,,,,,,,,,,,,,,,,,,385373,001,2024-11-19_18h06.03.845,experiment,2023.2.3,MacIntel,62.5,5d2de4db914b6e001877da8f,673c6e3c1bdcd7f14d4497df,673ccd8341fc97f417430d03,,,,,,,,,,,,,,,,,,,,,,,,,,,,,,,,,,,,,,,,1,,,,,,,,,,,,,3,,,,,,,,,,,,,,,,,,,,,,,,,,,,,,,,,,,,,,,,,,,,,,,,,,,,s,0.529,,space,0.302,,3,purple_gnome,3,7,dark_forest,yellow_basket,green_gnome,3,1,bright_forest,red_basket,7,0,0,1,purple_gnome,dark_forest,yellow_basket,17,1,-3,0,2,2,2,1,,,,,,,,,,,,,,,,,,,,,,,,,,,,,,,,,,,,,,,,,,,,,,,,,,,,,,,,,,,,,,,,,,,,,
,,,,,,,,,,,,,,,,,,,,,,,,,,,,,,,,,,,,,,,,,,,,,,,,,,,,,,,,,,,,,,,,,,385373,001,2024-11-19_18h06.03.845,experiment,2023.2.3,MacIntel,62.5,5d2de4db914b6e001877da8f,673c6e3c1bdcd7f14d4497df,673ccd8341fc97f417430d03,,,,,,,,,,,,,,,,,,,,,,,,,,,,,,,,,,,,,,,,1,,,,,,,,,,,,,1,,,,,,,,,,,,,,,,,,,,,,,,,,,,,,,,,,,,,,,,,,,,,,,,,,,,k,0.488,,space,0.253,,1,yellow_gnome,1,2,bright_forest,red_basket,orange_gnome,1,4,dark_forest,yellow_basket,4,0,0,1,orange_gnome,dark_forest,yellow_basket,21,-2,-1,0,3,3,0,1,,,,,,,,,,,,,,,,,,,,,,,,,,,,,,,,,,,,,,,,,,,,,,,,,,,,,,,,,,,,,,,,,,,,,
,,,,,,,,,,,,,,,,,,,,,,,,,,,,,,,,,,,,,,,,,,,,,,,,,,,,,,,,,,,,,,,,,,385373,001,2024-11-19_18h06.03.845,experiment,2023.2.3,MacIntel,62.5,5d2de4db914b6e001877da8f,673c6e3c1bdcd7f14d4497df,673ccd8341fc97f417430d03,,,,,,,,,,,,,,,,,,,,,,,,,,,,,,,,,,,,,,,,5,,,,,,,,,,,,,3,,,,,,,,,,,,,,,,,,,,,,,,,,,,,,,,,,,,,,,,,,,,,,,,,,,,s,0.408,,space,0.224,,3,purple_gnome,3,3,dark_forest,yellow_basket,green_gnome,3,0,bright_forest,red_basket,15,0,0,1,purple_gnome,dark_forest,yellow_basket,36,2,-1,0,4,4,6,1,,,,,,,,,,,,,,,,,,,,,,,,,,,,,,,,,,,,,,,,,,,,,,,,,,,,,,,,,,,,,,,,,,,,,
,,,,,,,,,,,,,,,,,,,,,,,,,,,,,,,,,,,,,,,,,,,,,,,,,,,,,,,,,,,,,,,,,,385373,001,2024-11-19_18h06.03.845,experiment,2023.2.3,MacIntel,62.5,5d2de4db914b6e001877da8f,673c6e3c1bdcd7f14d4497df,673ccd8341fc97f417430d03,,,,,,,,,,,,,,,,,,,,,,,,,,,,,,,,,,,,,,,,1,,,,,,,,,,,,,3,,,,,,,,,,,,,,,,,,,,,,,,,,,,,,,,,,,,,,,,,,,,,,,,,,,,k,0.573,,space,0.283,,3,green_gnome,3,2,bright_forest,red_basket,purple_gnome,3,2,dark_forest,yellow_basket,2,0,0,1,purple_gnome,dark_forest,yellow_basket,38,-3,-3,0,5,5,2,1,,,,,,,,,,,,,,,,,,,,,,,,,,,,,,,,,,,,,,,,,,,,,,,,,,,,,,,,,,,,,,,,,,,,,
,,,,,,,,,,,,,,,,,,,,,,,,,,,,,,,,,,,,,,,,,,,,,,,,,,,,,,,,,,,,,,,,,,385373,001,2024-11-19_18h06.03.845,experiment,2023.2.3,MacIntel,62.5,5d2de4db914b6e001877da8f,673c6e3c1bdcd7f14d4497df,673ccd8341fc97f417430d03,,,,,,,,,,,,,,,,,,,,,,,,,,,,,,,,,,,,,,,,1,,,,,,,,,,,,,2,,,,,,,,,,,,,,,,,,,,,,,,,,,,,,,,,,,,,,,,,,,,,,,,,,,,k,0.472,,space,0.185,,2,blue_gnome,2,1,bright_forest,red_basket,brown_gnome,2,1,dark_forest,yellow_basket,1,0,0,1,brown_gnome,dark_forest,yellow_basket,39,1,3,0,6,6,1,1,,,,,,,,,,,,,,,,,,,,,,,,,,,,,,,,,,,,,,,,,,,,,,,,,,,,,,,,,,,,,,,,,,,,,
,,,,,,,,,,,,,,,,,,,,,,,,,,,,,,,,,,,,,,,,,,,,,,,,,,,,,,,,,,,,,,,,,,385373,001,2024-11-19_18h06.03.845,experiment,2023.2.3,MacIntel,62.5,5d2de4db914b6e001877da8f,673c6e3c1bdcd7f14d4497df,673ccd8341fc97f417430d03,,,,,,,,,,,,,,,,,,,,,,,,,,,,,,,,,,,,,,,,1,,,,,,,,,,,,,1,,,,,,,,,,,,,,,,,,,,,,,,,,,,,,,,,,,,,,,,,,,,,,,,,,,,k,0.556,,space,0.218,,1,yellow_gnome,1,2,bright_forest,red_basket,orange_gnome,1,4,dark_forest,yellow_basket,4,0,0,1,orange_gnome,dark_forest,yellow_basket,43,0,-4,0,7,7,0,1,,,,,,,,,,,,,,,,,,,,,,,,,,,,,,,,,,,,,,,,,,,,,,,,,,,,,,,,,,,,,,,,,,,,,
,,,,,,,,,,,,,,,,,,,,,,,,,,,,,,,,,,,,,,,,,,,,,,,,,,,,,,,,,,,,,,,,,,385373,001,2024-11-19_18h06.03.845,experiment,2023.2.3,MacIntel,62.5,5d2de4db914b6e001877da8f,673c6e3c1bdcd7f14d4497df,673ccd8341fc97f417430d03,,,,,,,,,,,,,,,,,,,,,,,,,,,,,,,,,,,,,,,,1,,,,,,,,,,,,,2,,,,,,,,,,,,,,,,,,,,,,,,,,,,,,,,,,,,,,,,,,,,,,,,,,,,s,0.456,,space,0.26,,2,brown_gnome,2,0,dark_forest,yellow_basket,blue_gnome,2,2,bright_forest,red_basket,0,0,0,1,brown_gnome,dark_forest,yellow_basket,43,0,-4,1,0,8,1,1,,,,,,,,,,,,,,,,,,,,,,,,,,,,,,,,,,,,,,,,,,,,,,,,,,,,,,,,,,,,,,,,,,,,,
,,,,,,,,,,,,,,,,,,,,,,,,,,,,,,,,,,,,,,,,,,,,,,,,,,,,,,,,,,,,,,,,,,385373,001,2024-11-19_18h06.03.845,experiment,2023.2.3,MacIntel,62.5,5d2de4db914b6e001877da8f,673c6e3c1bdcd7f14d4497df,673ccd8341fc97f417430d03,,,,,,,,,,,,,,,,,,,,,,,,,,,,,,,,,,,,,,,,1,,,,,,,,,,,,,4,,,,,,,,,,,,,,,,,,,,,,,,,,,,,,,,,,,,,,,,,,,,,,,,,,,,s,0.839,,space,0.255,,4,red_gnome,4,2,bright_forest,red_basket,pink_gnome,4,4,dark_forest,yellow_basket,2,0,0,1,red_gnome,bright_forest,red_basket,45,0,-2,1,1,9,3,1,,,,,,,,,,,,,,,,,,,,,,,,,,,,,,,,,,,,,,,,,,,,,,,,,,,,,,,,,,,,,,,,,,,,,
,,,,,,,,,,,,,,,,,,,,,,,,,,,,,,,,,,,,,,,,,,,,,,,,,,,,,,,,,,,,,,,,,,385373,001,2024-11-19_18h06.03.845,experiment,2023.2.3,MacIntel,62.5,5d2de4db914b6e001877da8f,673c6e3c1bdcd7f14d4497df,673ccd8341fc97f417430d03,,,,,,,,,,,,,,,,,,,,,,,,,,,,,,,,,,,,,,,,5,,,,,,,,,,,,,2,,,,,,,,,,,,,,,,,,,,,,,,,,,,,,,,,,,,,,,,,,,,,,,,,,,,k,0.523,,space,0.17,,2,blue_gnome,2,2,bright_forest,red_basket,brown_gnome,2,2,dark_forest,yellow_basket,10,0,0,1,brown_gnome,dark_forest,yellow_basket,55,2,-2,1,2,10,5,1,,,,,,,,,,,,,,,,,,,,,,,,,,,,,,,,,,,,,,,,,,,,,,,,,,,,,,,,,,,,,,,,,,,,,
,,,,,,,,,,,,,,,,,,,,,,,,,,,,,,,,,,,,,,,,,,,,,,,,,,,,,,,,,,,,,,,,,,385373,001,2024-11-19_18h06.03.845,experiment,2023.2.3,MacIntel,62.5,5d2de4db914b6e001877da8f,673c6e3c1bdcd7f14d4497df,673ccd8341fc97f417430d03,,,,,,,,,,,,,,,,,,,,,,,,,,,,,,,,,,,,,,,,5,,,,,,,,,,,,,2,,,,,,,,,,,,,,,,,,,,,,,,,,,,,,,,,,,,,,,,,,,,,,,,,,,,s,0.723,,space,0.153,,2,blue_gnome,2,4,bright_forest,red_basket,brown_gnome,2,0,dark_forest,yellow_basket,20,0,0,1,blue_gnome,bright_forest,red_basket,75,-1,-1,1,3,11,5,1,,,,,,,,,,,,,,,,,,,,,,,,,,,,,,,,,,,,,,,,,,,,,,,,,,,,,,,,,,,,,,,,,,,,,
,,,,,,,,,,,,,,,,,,,,,,,,,,,,,,,,,,,,,,,,,,,,,,,,,,,,,,,,,,,,,,,,,,385373,001,2024-11-19_18h06.03.845,experiment,2023.2.3,MacIntel,62.5,5d2de4db914b6e001877da8f,673c6e3c1bdcd7f14d4497df,673ccd8341fc97f417430d03,,,,,,,,,,,,,,,,,,,,,,,,,,,,,,,,,,,,,,,,1,,,,,,,,,,,,,3,,,,,,,,,,,,,,,,,,,,,,,,,,,,,,,,,,,,,,,,,,,,,,,,,,,,k,1.206,,space,0.303,,3,green_gnome,3,3,bright_forest,red_basket,purple_gnome,3,1,dark_forest,yellow_basket,1,0,0,1,purple_gnome,dark_forest,yellow_basket,76,-1,2,1,4,12,2,1,,,,,,,,,,,,,,,,,,,,,,,,,,,,,,,,,,,,,,,,,,,,,,,,,,,,,,,,,,,,,,,,,,,,,
,,,,,,,,,,,,,,,,,,,,,,,,,,,,,,,,,,,,,,,,,,,,,,,,,,,,,,,,,,,,,,,,,,385373,001,2024-11-19_18h06.03.845,experiment,2023.2.3,MacIntel,62.5,5d2de4db914b6e001877da8f,673c6e3c1bdcd7f14d4497df,673ccd8341fc97f417430d03,,,,,,,,,,,,,,,,,,,,,,,,,,,,,,,,,,,,,,,,1,,,,,,,,,,,,,1,,,,,,,,,,,,,,,,,,,,,,,,,,,,,,,,,,,,,,,,,,,,,,,,,,,,k,0.854,,space,0.241,,1,yellow_gnome,1,2,bright_forest,red_basket,orange_gnome,1,3,dark_forest,yellow_basket,3,0,0,1,orange_gnome,dark_forest,yellow_basket,79,-2,2,1,5,13,0,1,,,,,,,,,,,,,,,,,,,,,,,,,,,,,,,,,,,,,,,,,,,,,,,,,,,,,,,,,,,,,,,,,,,,,
,,,,,,,,,,,,,,,,,,,,,,,,,,,,,,,,,,,,,,,,,,,,,,,,,,,,,,,,,,,,,,,,,,385373,001,2024-11-19_18h06.03.845,experiment,2023.2.3,MacIntel,62.5,5d2de4db914b6e001877da8f,673c6e3c1bdcd7f14d4497df,673ccd8341fc97f417430d03,,,,,,,,,,,,,,,,,,,,,,,,,,,,,,,,,,,,,,,,5,,,,,,,,,,,,,2,,,,,,,,,,,,,,,,,,,,,,,,,,,,,,,,,,,,,,,,,,,,,,,,,,,,k,0.694,,space,0.124,,2,brown_gnome,2,5,dark_forest,yellow_basket,blue_gnome,2,0,bright_forest,red_basket,0,0,0,1,blue_gnome,bright_forest,red_basket,79,1,1,1,6,14,5,1,,,,,,,,,,,,,,,,,,,,,,,,,,,,,,,,,,,,,,,,,,,,,,,,,,,,,,,,,,,,,,,,,,,,,
,,,,,,,,,,,,,,,,,,,,,,,,,,,,,,,,,,,,,,,,,,,,,,,,,,,,,,,,,,,,,,,,,,385373,001,2024-11-19_18h06.03.845,experiment,2023.2.3,MacIntel,62.5,5d2de4db914b6e001877da8f,673c6e3c1bdcd7f14d4497df,673ccd8341fc97f417430d03,,,,,,,,,,,,,,,,,,,,,,,,,,,,,,,,,,,,,,,,1,,,,,,,,,,,,,4,,,,,,,,,,,,,,,,,,,,,,,,,,,,,,,,,,,,,,,,,,,,,,,,,,,,k,1.11,,space,0.186,,4,red_gnome,4,1,bright_forest,red_basket,pink_gnome,4,6,dark_forest,yellow_basket,6,0,0,1,pink_gnome,dark_forest,yellow_basket,85,2,-1,1,7,15,3,1,,,,,,,,,,,,,,,,,,,,,,,,,,,,,,,,,,,,,,,,,,,,,,,,,,,,,,,,,,,,,,,,,,,,,
,,,,,,,,,,,,,,,,,,,,,,,,,,,,,,,,,,,,,,,,,,,,,,,,,,,,,,,,,,,,,,,,,,385373,001,2024-11-19_18h06.03.845,experiment,2023.2.3,MacIntel,62.5,5d2de4db914b6e001877da8f,673c6e3c1bdcd7f14d4497df,673ccd8341fc97f417430d03,,,,,,,,,,,,,,,,,,,,,,,,,,,,,,,,,,,,,,,,1,,,,,,,,,,,,,3,,,,,,,,,,,,,,,,,,,,,,,,,,,,,,,,,,,,,,,,,,,,,,,,,,,,s,0.755,,space,0.1,,3,green_gnome,3,3,bright_forest,red_basket,purple_gnome,3,5,dark_forest,yellow_basket,3,0,0,1,green_gnome,bright_forest,red_basket,88,2,0,2,0,16,2,1,,,,,,,,,,,,,,,,,,,,,,,,,,,,,,,,,,,,,,,,,,,,,,,,,,,,,,,,,,,,,,,,,,,,,
,,,,,,,,,,,,,,,,,,,,,,,,,,,,,,,,,,,,,,,,,,,,,,,,,,,,,,,,,,,,,,,,,,385373,001,2024-11-19_18h06.03.845,experiment,2023.2.3,MacIntel,62.5,5d2de4db914b6e001877da8f,673c6e3c1bdcd7f14d4497df,673ccd8341fc97f417430d03,,,,,,,,,,,,,,,,,,,,,,,,,,,,,,,,,,,,,,,,1,,,,,,,,,,,,,3,,,,,,,,,,,,,,,,,,,,,,,,,,,,,,,,,,,,,,,,,,,,,,,,,,,,k,0.411,,space,0.051,,3,green_gnome,3,5,bright_forest,red_basket,purple_gnome,3,5,dark_forest,yellow_basket,5,0,0,1,purple_gnome,dark_forest,yellow_basket,93,-2,2,2,1,17,2,1,,,,,,,,,,,,,,,,,,,,,,,,,,,,,,,,,,,,,,,,,,,,,,,,,,,,,,,,,,,,,,,,,,,,,
,,,,,,,,,,,,,,,,,,,,,,,,,,,,,,,,,,,,,,,,,,,,,,,,,,,,,,,,,,,,,,,,,,385373,001,2024-11-19_18h06.03.845,experiment,2023.2.3,MacIntel,62.5,5d2de4db914b6e001877da8f,673c6e3c1bdcd7f14d4497df,673ccd8341fc97f417430d03,,,,,,,,,,,,,,,,,,,,,,,,,,,,,,,,,,,,,,,,5,,,,,,,,,,,,,1,,,,,,,,,,,,,,,,,,,,,,,,,,,,,,,,,,,,,,,,,,,,,,,,,,,,s,0.63,,space,0.287,,1,orange_gnome,1,7,dark_forest,yellow_basket,yellow_gnome,1,3,bright_forest,red_basket,35,0,0,1,orange_gnome,dark_forest,yellow_basket,128,1,0,2,2,18,4,1,,,,,,,,,,,,,,,,,,,,,,,,,,,,,,,,,,,,,,,,,,,,,,,,,,,,,,,,,,,,,,,,,,,,,
,,,,,,,,,,,,,,,,,,,,,,,,,,,,,,,,,,,,,,,,,,,,,,,,,,,,,,,,,,,,,,,,,,385373,001,2024-11-19_18h06.03.845,experiment,2023.2.3,MacIntel,62.5,5d2de4db914b6e001877da8f,673c6e3c1bdcd7f14d4497df,673ccd8341fc97f417430d03,,,,,,,,,,,,,,,,,,,,,,,,,,,,,,,,,,,,,,,,5,,,,,,,,,,,,,4,,,,,,,,,,,,,,,,,,,,,,,,,,,,,,,,,,,,,,,,,,,,,,,,,,,,k,1.056,,space,0.136,,4,red_gnome,4,4,bright_forest,red_basket,pink_gnome,4,7,dark_forest,yellow_basket,35,0,0,1,pink_gnome,dark_forest,yellow_basket,163,4,-1,2,3,19,7,1,,,,,,,,,,,,,,,,,,,,,,,,,,,,,,,,,,,,,,,,,,,,,,,,,,,,,,,,,,,,,,,,,,,,,
,,,,,,,,,,,,,,,,,,,,,,,,,,,,,,,,,,,,,,,,,,,,,,,,,,,,,,,,,,,,,,,,,,385373,001,2024-11-19_18h06.03.845,experiment,2023.2.3,MacIntel,62.5,5d2de4db914b6e001877da8f,673c6e3c1bdcd7f14d4497df,673ccd8341fc97f417430d03,,,,,,,,,,,,,,,,,,,,,,,,,,,,,,,,,,,,,,,,1,,,,,,,,,,,,,4,,,,,,,,,,,,,,,,,,,,,,,,,,,,,,,,,,,,,,,,,,,,,,,,,,,,k,0.839,,space,1.034,,4,red_gnome,4,8,bright_forest,red_basket,pink_gnome,4,6,dark_forest,yellow_basket,6,0,0,1,pink_gnome,dark_forest,yellow_basket,169,1,-2,2,4,20,3,1,,,,,,,,,,,,,,,,,,,,,,,,,,,,,,,,,,,,,,,,,,,,,,,,,,,,,,,,,,,,,,,,,,,,,
,,,,,,,,,,,,,,,,,,,,,,,,,,,,,,,,,,,,,,,,,,,,,,,,,,,,,,,,,,,,,,,,,,385373,001,2024-11-19_18h06.03.845,experiment,2023.2.3,MacIntel,62.5,5d2de4db914b6e001877da8f,673c6e3c1bdcd7f14d4497df,673ccd8341fc97f417430d03,,,,,,,,,,,,,,,,,,,,,,,,,,,,,,,,,,,,,,,,1,,,,,,,,,,,,,2,,,,,,,,,,,,,,,,,,,,,,,,,,,,,,,,,,,,,,,,,,,,,,,,,,,,k,0.591,,space,0.135,,2,blue_gnome,2,9,bright_forest,red_basket,brown_gnome,2,4,dark_forest,yellow_basket,4,0,0,1,brown_gnome,dark_forest,yellow_basket,173,2,-1,2,5,21,1,1,,,,,,,,,,,,,,,,,,,,,,,,,,,,,,,,,,,,,,,,,,,,,,,,,,,,,,,,,,,,,,,,,,,,,
,,,,,,,,,,,,,,,,,,,,,,,,,,,,,,,,,,,,,,,,,,,,,,,,,,,,,,,,,,,,,,,,,,385373,001,2024-11-19_18h06.03.845,experiment,2023.2.3,MacIntel,62.5,5d2de4db914b6e001877da8f,673c6e3c1bdcd7f14d4497df,673ccd8341fc97f417430d03,,,,,,,,,,,,,,,,,,,,,,,,,,,,,,,,,,,,,,,,1,,,,,,,,,,,,,4,,,,,,,,,,,,,,,,,,,,,,,,,,,,,,,,,,,,,,,,,,,,,,,,,,,,k,0.856,,space,0.277,,4,red_gnome,4,7,bright_forest,red_basket,pink_gnome,4,3,dark_forest,yellow_basket,3,0,0,1,pink_gnome,dark_forest,yellow_basket,176,-1,1,2,6,22,3,1,,,,,,,,,,,,,,,,,,,,,,,,,,,,,,,,,,,,,,,,,,,,,,,,,,,,,,,,,,,,,,,,,,,,,
,,,,,,,,,,,,,,,,,,,,,,,,,,,,,,,,,,,,,,,,,,,,,,,,,,,,,,,,,,,,,,,,,,385373,001,2024-11-19_18h06.03.845,experiment,2023.2.3,MacIntel,62.5,5d2de4db914b6e001877da8f,673c6e3c1bdcd7f14d4497df,673ccd8341fc97f417430d03,,,,,,,,,,,,,,,,,,,,,,,,,,,,,,,,,,,,,,,,1,,,,,,,,,,,,,2,,,,,,,,,,,,,,,,,,,,,,,,,,,,,,,,,,,,,,,,,,,,,,,,,,,,k,0.423,,space,0.174,,2,blue_gnome,2,6,bright_forest,red_basket,brown_gnome,2,4,dark_forest,yellow_basket,4,0,0,1,brown_gnome,dark_forest,yellow_basket,180,-2,-1,2,7,23,1,1,,,,,,,,,,,,,,,,,,,,,,,,,,,,,,,,,,,,,,,,,,,,,,,,,,,,,,,,,,,,,,,,,,,,,
,,,,,,,,,,,,,,,,,,,,,,,,,,,,,,,,,,,,,,,,,,,,,,,,,,,,,,,,,,,,,,,,,,385373,001,2024-11-19_18h06.03.845,experiment,2023.2.3,MacIntel,62.5,5d2de4db914b6e001877da8f,673c6e3c1bdcd7f14d4497df,673ccd8341fc97f417430d03,,,,,,,,,,,,,,,,,,,,,,,,,,,,,,,,,,,,,,,,5,,,,,,,,,,,,,4,,,,,,,,,,,,,,,,,,,,,,,,,,,,,,,,,,,,,,,,,,,,,,,,,,,,s,0.872,,space,0.402,,4,pink_gnome,4,3,dark_forest,yellow_basket,red_gnome,4,4,bright_forest,red_basket,15,0,0,1,pink_gnome,dark_forest,yellow_basket,195,3,-2,3,0,24,7,1,,,,,,,,,,,,,,,,,,,,,,,,,,,,,,,,,,,,,,,,,,,,,,,,,,,,,,,,,,,,,,,,,,,,,
,,,,,,,,,,,,,,,,,,,,,,,,,,,,,,,,,,,,,,,,,,,,,,,,,,,,,,,,,,,,,,,,,,385373,001,2024-11-19_18h06.03.845,experiment,2023.2.3,MacIntel,62.5,5d2de4db914b6e001877da8f,673c6e3c1bdcd7f14d4497df,673ccd8341fc97f417430d03,,,,,,,,,,,,,,,,,,,,,,,,,,,,,,,,,,,,,,,,1,,,,,,,,,,,,,3,,,,,,,,,,,,,,,,,,,,,,,,,,,,,,,,,,,,,,,,,,,,,,,,,,,,s,0.49,,space,0.185,,3,purple_gnome,3,1,dark_forest,yellow_basket,green_gnome,3,7,bright_forest,red_basket,1,0,0,1,purple_gnome,dark_forest,yellow_basket,196,2,0,3,1,25,2,1,,,,,,,,,,,,,,,,,,,,,,,,,,,,,,,,,,,,,,,,,,,,,,,,,,,,,,,,,,,,,,,,,,,,,
,,,,,,,,,,,,,,,,,,,,,,,,,,,,,,,,,,,,,,,,,,,,,,,,,,,,,,,,,,,,,,,,,,385373,001,2024-11-19_18h06.03.845,experiment,2023.2.3,MacIntel,62.5,5d2de4db914b6e001877da8f,673c6e3c1bdcd7f14d4497df,673ccd8341fc97f417430d03,,,,,,,,,,,,,,,,,,,,,,,,,,,,,,,,,,,,,,,,1,,,,,,,,,,,,,2,,,,,,,,,,,,,,,,,,,,,,,,,,,,,,,,,,,,,,,,,,,,,,,,,,,,s,0.641,,space,0.351,,2,brown_gnome,2,1,dark_forest,yellow_basket,blue_gnome,2,9,bright_forest,red_basket,1,0,0,1,brown_gnome,dark_forest,yellow_basket,197,-1,-1,3,2,26,1,1,,,,,,,,,,,,,,,,,,,,,,,,,,,,,,,,,,,,,,,,,,,,,,,,,,,,,,,,,,,,,,,,,,,,,
,,,,,,,,,,,,,,,,,,,,,,,,,,,,,,,,,,,,,,,,,,,,,,,,,,,,,,,,,,,,,,,,,,385373,001,2024-11-19_18h06.03.845,experiment,2023.2.3,MacIntel,62.5,5d2de4db914b6e001877da8f,673c6e3c1bdcd7f14d4497df,673ccd8341fc97f417430d03,,,,,,,,,,,,,,,,,,,,,,,,,,,,,,,,,,,,,,,,1,,,,,,,,,,,,,4,,,,,,,,,,,,,,,,,,,,,,,,,,,,,,,,,,,,,,,,,,,,,,,,,,,,k,0.522,,space,0.457,,4,red_gnome,4,8,bright_forest,red_basket,pink_gnome,4,0,dark_forest,yellow_basket,0,0,0,1,pink_gnome,dark_forest,yellow_basket,197,0,-3,3,3,27,3,1,,,,,,,,,,,,,,,,,,,,,,,,,,,,,,,,,,,,,,,,,,,,,,,,,,,,,,,,,,,,,,,,,,,,,
,,,,,,,,,,,,,,,,,,,,,,,,,,,,,,,,,,,,,,,,,,,,,,,,,,,,,,,,,,,,,,,,,,385373,001,2024-11-19_18h06.03.845,experiment,2023.2.3,MacIntel,62.5,5d2de4db914b6e001877da8f,673c6e3c1bdcd7f14d4497df,673ccd8341fc97f417430d03,,,,,,,,,,,,,,,,,,,,,,,,,,,,,,,,,,,,,,,,5,,,,,,,,,,,,,2,,,,,,,,,,,,,,,,,,,,,,,,,,,,,,,,,,,,,,,,,,,,,,,,,,,,k,0.676,,space,0.469,,2,blue_gnome,2,8,bright_forest,red_basket,brown_gnome,2,3,dark_forest,yellow_basket,15,0,0,1,brown_gnome,dark_forest,yellow_basket,212,0,-2,3,4,28,5,1,,,,,,,,,,,,,,,,,,,,,,,,,,,,,,,,,,,,,,,,,,,,,,,,,,,,,,,,,,,,,,,,,,,,,
,,,,,,,,,,,,,,,,,,,,,,,,,,,,,,,,,,,,,,,,,,,,,,,,,,,,,,,,,,,,,,,,,,385373,001,2024-11-19_18h06.03.845,experiment,2023.2.3,MacIntel,62.5,5d2de4db914b6e001877da8f,673c6e3c1bdcd7f14d4497df,673ccd8341fc97f417430d03,,,,,,,,,,,,,,,,,,,,,,,,,,,,,,,,,,,,,,,,1,,,,,,,,,,,,,1,,,,,,,,,,,,,,,,,,,,,,,,,,,,,,,,,,,,,,,,,,,,,,,,,,,,s,0.856,,space,0.335,,1,orange_gnome,1,1,dark_forest,yellow_basket,yellow_gnome,1,8,bright_forest,red_basket,1,0,0,1,orange_gnome,dark_forest,yellow_basket,213,-4,-2,3,5,29,0,1,,,,,,,,,,,,,,,,,,,,,,,,,,,,,,,,,,,,,,,,,,,,,,,,,,,,,,,,,,,,,,,,,,,,,
,,,,,,,,,,,,,,,,,,,,,,,,,,,,,,,,,,,,,,,,,,,,,,,,,,,,,,,,,,,,,,,,,,385373,001,2024-11-19_18h06.03.845,experiment,2023.2.3,MacIntel,62.5,5d2de4db914b6e001877da8f,673c6e3c1bdcd7f14d4497df,673ccd8341fc97f417430d03,,,,,,,,,,,,,,,,,,,,,,,,,,,,,,,,,,,,,,,,1,,,,,,,,,,,,,2,,,,,,,,,,,,,,,,,,,,,,,,,,,,,,,,,,,,,,,,,,,,,,,,,,,,k,0.64,,space,0.238,,2,blue_gnome,2,4,bright_forest,red_basket,brown_gnome,2,1,dark_forest,yellow_basket,1,0,0,1,brown_gnome,dark_forest,yellow_basket,214,-2,1,3,6,30,1,1,,,,,,,,,,,,,,,,,,,,,,,,,,,,,,,,,,,,,,,,,,,,,,,,,,,,,,,,,,,,,,,,,,,,,
,,,,,,,,,,,,,,,,,,,,,,,,,,,,,,,,,,,,,,,,,,,,,,,,,,,,,,,,,,,,,,,,,,385373,001,2024-11-19_18h06.03.845,experiment,2023.2.3,MacIntel,62.5,5d2de4db914b6e001877da8f,673c6e3c1bdcd7f14d4497df,673ccd8341fc97f417430d03,,,,,,,,,,,,,,,,,,,,,,,,,,,,,,,,,,,,,,,,5,,,,,,,,,,,,,4,,,,,,,,,,,,,,,,,,,,,,,,,,,,,,,,,,,,,,,,,,,,,,,,,,,,k,0.772,,space,0.205,,4,pink_gnome,4,2,dark_forest,yellow_basket,red_gnome,4,2,bright_forest,red_basket,10,0,0,1,red_gnome,bright_forest,red_basket,224,0,1,3,7,31,7,1,,,,,,,,,,,,,,,,,,,,,,,,,,,,,,,,,,,,,,,,,,,,,,,,,,,,,,,,,,,,,,,,,,,,,
,,,,,,,,,,,,,,,,,,,,,,,,,,,,,,,,,,,,,,,,,,,,,,,,,,,,,,,,,,,,,,,,,,385373,001,2024-11-19_18h06.03.845,experiment,2023.2.3,MacIntel,62.5,5d2de4db914b6e001877da8f,673c6e3c1bdcd7f14d4497df,673ccd8341fc97f417430d03,,,,,,,,,,,,,,,,,,,,,,,,,,,,,,,,,,,,,,,,5,,,,,,,,,,,,,2,,,,,,,,,,,,,,,,,,,,,,,,,,,,,,,,,,,,,,,,,,,,,,,,,,,,s,0.473,,space,0.089,,2,brown_gnome,2,3,dark_forest,yellow_basket,blue_gnome,2,2,bright_forest,red_basket,15,0,0,1,brown_gnome,dark_forest,yellow_basket,239,0,-3,4,0,32,5,1,,,,,,,,,,,,,,,,,,,,,,,,,,,,,,,,,,,,,,,,,,,,,,,,,,,,,,,,,,,,,,,,,,,,,
,,,,,,,,,,,,,,,,,,,,,,,,,,,,,,,,,,,,,,,,,,,,,,,,,,,,,,,,,,,,,,,,,,385373,001,2024-11-19_18h06.03.845,experiment,2023.2.3,MacIntel,62.5,5d2de4db914b6e001877da8f,673c6e3c1bdcd7f14d4497df,673ccd8341fc97f417430d03,,,,,,,,,,,,,,,,,,,,,,,,,,,,,,,,,,,,,,,,5,,,,,,,,,,,,,3,,,,,,,,,,,,,,,,,,,,,,,,,,,,,,,,,,,,,,,,,,,,,,,,,,,,s,0.539,,space,0.033,,3,purple_gnome,3,0,dark_forest,yellow_basket,green_gnome,3,2,bright_forest,red_basket,0,0,0,1,purple_gnome,dark_forest,yellow_basket,239,2,0,4,1,33,6,1,,,,,,,,,,,,,,,,,,,,,,,,,,,,,,,,,,,,,,,,,,,,,,,,,,,,,,,,,,,,,,,,,,,,,
,,,,,,,,,,,,,,,,,,,,,,,,,,,,,,,,,,,,,,,,,,,,,,,,,,,,,,,,,,,,,,,,,,385373,001,2024-11-19_18h06.03.845,experiment,2023.2.3,MacIntel,62.5,5d2de4db914b6e001877da8f,673c6e3c1bdcd7f14d4497df,673ccd8341fc97f417430d03,,,,,,,,,,,,,,,,,,,,,,,,,,,,,,,,,,,,,,,,1,,,,,,,,,,,,,1,,,,,,,,,,,,,,,,,,,,,,,,,,,,,,,,,,,,,,,,,,,,,,,,,,,,s,0.656,,space,1.02,,1,orange_gnome,1,0,dark_forest,yellow_basket,yellow_gnome,1,4,bright_forest,red_basket,0,0,0,1,orange_gnome,dark_forest,yellow_basket,239,0,1,4,2,34,0,1,,,,,,,,,,,,,,,,,,,,,,,,,,,,,,,,,,,,,,,,,,,,,,,,,,,,,,,,,,,,,,,,,,,,,
,,,,,,,,,,,,,,,,,,,,,,,,,,,,,,,,,,,,,,,,,,,,,,,,,,,,,,,,,,,,,,,,,,385373,001,2024-11-19_18h06.03.845,experiment,2023.2.3,MacIntel,62.5,5d2de4db914b6e001877da8f,673c6e3c1bdcd7f14d4497df,673ccd8341fc97f417430d03,,,,,,,,,,,,,,,,,,,,,,,,,,,,,,,,,,,,,,,,5,,,,,,,,,,,,,4,,,,,,,,,,,,,,,,,,,,,,,,,,,,,,,,,,,,,,,,,,,,,,,,,,,,k,0.641,,space,0.736,,4,pink_gnome,4,1,dark_forest,yellow_basket,red_gnome,4,4,bright_forest,red_basket,20,0,0,1,red_gnome,bright_forest,red_basket,259,1,-1,4,3,35,7,1,,,,,,,,,,,,,,,,,,,,,,,,,,,,,,,,,,,,,,,,,,,,,,,,,,,,,,,,,,,,,,,,,,,,,
,,,,,,,,,,,,,,,,,,,,,,,,,,,,,,,,,,,,,,,,,,,,,,,,,,,,,,,,,,,,,,,,,,385373,001,2024-11-19_18h06.03.845,experiment,2023.2.3,MacIntel,62.5,5d2de4db914b6e001877da8f,673c6e3c1bdcd7f14d4497df,673ccd8341fc97f417430d03,,,,,,,,,,,,,,,,,,,,,,,,,,,,,,,,,,,,,,,,5,,,,,,,,,,,,,3,,,,,,,,,,,,,,,,,,,,,,,,,,,,,,,,,,,,,,,,,,,,,,,,,,,,s,0.463,,space,0.106,,3,purple_gnome,3,0,dark_forest,yellow_basket,green_gnome,3,5,bright_forest,red_basket,0,0,0,1,purple_gnome,dark_forest,yellow_basket,259,1,3,4,4,36,6,1,,,,,,,,,,,,,,,,,,,,,,,,,,,,,,,,,,,,,,,,,,,,,,,,,,,,,,,,,,,,,,,,,,,,,
,,,,,,,,,,,,,,,,,,,,,,,,,,,,,,,,,,,,,,,,,,,,,,,,,,,,,,,,,,,,,,,,,,385373,001,2024-11-19_18h06.03.845,experiment,2023.2.3,MacIntel,62.5,5d2de4db914b6e001877da8f,673c6e3c1bdcd7f14d4497df,673ccd8341fc97f417430d03,,,,,,,,,,,,,,,,,,,,,,,,,,,,,,,,,,,,,,,,1,,,,,,,,,,,,,1,,,,,,,,,,,,,,,,,,,,,,,,,,,,,,,,,,,,,,,,,,,,,,,,,,,,k,0.789,,space,0.104,,1,orange_gnome,1,3,dark_forest,yellow_basket,yellow_gnome,1,6,bright_forest,red_basket,6,0,0,1,yellow_gnome,bright_forest,red_basket,265,2,2,4,5,37,0,1,,,,,,,,,,,,,,,,,,,,,,,,,,,,,,,,,,,,,,,,,,,,,,,,,,,,,,,,,,,,,,,,,,,,,
,,,,,,,,,,,,,,,,,,,,,,,,,,,,,,,,,,,,,,,,,,,,,,,,,,,,,,,,,,,,,,,,,,385373,001,2024-11-19_18h06.03.845,experiment,2023.2.3,MacIntel,62.5,5d2de4db914b6e001877da8f,673c6e3c1bdcd7f14d4497df,673ccd8341fc97f417430d03,,,,,,,,,,,,,,,,,,,,,,,,,,,,,,,,,,,,,,,,5,,,,,,,,,,,,,1,,,,,,,,,,,,,,,,,,,,,,,,,,,,,,,,,,,,,,,,,,,,,,,,,,,,s,0.539,,space,0.286,,1,yellow_gnome,1,8,bright_forest,red_basket,orange_gnome,1,5,dark_forest,yellow_basket,40,0,0,1,yellow_gnome,bright_forest,red_basket,305,1,4,4,6,38,4,1,,,,,,,,,,,,,,,,,,,,,,,,,,,,,,,,,,,,,,,,,,,,,,,,,,,,,,,,,,,,,,,,,,,,,
,,,,,,,,,,,,,,,,,,,,,,,,,,,,,,,,,,,,,,,,,,,,,,,,,,,,,,,,,,,,,,,,,,385373,001,2024-11-19_18h06.03.845,experiment,2023.2.3,MacIntel,62.5,5d2de4db914b6e001877da8f,673c6e3c1bdcd7f14d4497df,673ccd8341fc97f417430d03,,,,,,,,,,,,,,,,,,,,,,,,,,,,,,,,,,,,,,,,1,,,,,,,,,,,,,1,,,,,,,,,,,,,,,,,,,,,,,,,,,,,,,,,,,,,,,,,,,,,,,,,,,,s,0.424,,space,0.453,,1,yellow_gnome,1,9,bright_forest,red_basket,orange_gnome,1,9,dark_forest,yellow_basket,9,0,0,1,yellow_gnome,bright_forest,red_basket,314,4,-2,4,7,39,0,1,,,,,,,,,,,,,,,,,,,,,,,,,,,,,,,,,,,,,,,,,,,,,,,,,,,,,,,,,,,,,,,,,,,,,
,,,,,,,,,,,,,,,,,,,,,,,,,,,,,,,,,,,,,,,,,,,,,,,,,,,,,,,,,,,,,,,,,,385373,001,2024-11-19_18h06.03.845,experiment,2023.2.3,MacIntel,62.5,5d2de4db914b6e001877da8f,673c6e3c1bdcd7f14d4497df,673ccd8341fc97f417430d03,,,,,,,,,,,,,,,,,,,,,,,,,,,,,,,,,,,,,,,,1,,,,,,,,,,,,,1,,,,,,,,,,,,,,,,,,,,,,,,,,,,,,,,,,,,,,,,,,,,,,,,,,,,k,0.406,,space,0.236,,1,orange_gnome,1,7,dark_forest,yellow_basket,yellow_gnome,1,5,bright_forest,red_basket,5,0,0,1,yellow_gnome,bright_forest,red_basket,319,3,1,5,0,40,0,1,,,,,,,,,,,,,,,,,,,,,,,,,,,,,,,,,,,,,,,,,,,,,,,,,,,,,,,,,,,,,,,,,,,,,
,,,,,,,,,,,,,,,,,,,,,,,,,,,,,,,,,,,,,,,,,,,,,,,,,,,,,,,,,,,,,,,,,,385373,001,2024-11-19_18h06.03.845,experiment,2023.2.3,MacIntel,62.5,5d2de4db914b6e001877da8f,673c6e3c1bdcd7f14d4497df,673ccd8341fc97f417430d03,,,,,,,,,,,,,,,,,,,,,,,,,,,,,,,,,,,,,,,,5,,,,,,,,,,,,,3,,,,,,,,,,,,,,,,,,,,,,,,,,,,,,,,,,,,,,,,,,,,,,,,,,,,k,0.726,,space,0.187,,3,purple_gnome,3,8,dark_forest,yellow_basket,green_gnome,3,8,bright_forest,red_basket,40,0,0,1,green_gnome,bright_forest,red_basket,359,-2,0,5,1,41,6,1,,,,,,,,,,,,,,,,,,,,,,,,,,,,,,,,,,,,,,,,,,,,,,,,,,,,,,,,,,,,,,,,,,,,,
,,,,,,,,,,,,,,,,,,,,,,,,,,,,,,,,,,,,,,,,,,,,,,,,,,,,,,,,,,,,,,,,,,385373,001,2024-11-19_18h06.03.845,experiment,2023.2.3,MacIntel,62.5,5d2de4db914b6e001877da8f,673c6e3c1bdcd7f14d4497df,673ccd8341fc97f417430d03,,,,,,,,,,,,,,,,,,,,,,,,,,,,,,,,,,,,,,,,5,,,,,,,,,,,,,4,,,,,,,,,,,,,,,,,,,,,,,,,,,,,,,,,,,,,,,,,,,,,,,,,,,,k,0.62,,space,0.235,,4,pink_gnome,4,8,dark_forest,yellow_basket,red_gnome,4,6,bright_forest,red_basket,30,0,0,1,red_gnome,bright_forest,red_basket,389,1,-4,5,2,42,7,1,,,,,,,,,,,,,,,,,,,,,,,,,,,,,,,,,,,,,,,,,,,,,,,,,,,,,,,,,,,,,,,,,,,,,
,,,,,,,,,,,,,,,,,,,,,,,,,,,,,,,,,,,,,,,,,,,,,,,,,,,,,,,,,,,,,,,,,,385373,001,2024-11-19_18h06.03.845,experiment,2023.2.3,MacIntel,62.5,5d2de4db914b6e001877da8f,673c6e3c1bdcd7f14d4497df,673ccd8341fc97f417430d03,,,,,,,,,,,,,,,,,,,,,,,,,,,,,,,,,,,,,,,,1,,,,,,,,,,,,,2,,,,,,,,,,,,,,,,,,,,,,,,,,,,,,,,,,,,,,,,,,,,,,,,,,,,k,0.694,,space,0.217,,2,brown_gnome,2,4,dark_forest,yellow_basket,blue_gnome,2,7,bright_forest,red_basket,7,0,0,1,blue_gnome,bright_forest,red_basket,396,0,-1,5,3,43,1,1,,,,,,,,,,,,,,,,,,,,,,,,,,,,,,,,,,,,,,,,,,,,,,,,,,,,,,,,,,,,,,,,,,,,,
,,,,,,,,,,,,,,,,,,,,,,,,,,,,,,,,,,,,,,,,,,,,,,,,,,,,,,,,,,,,,,,,,,385373,001,2024-11-19_18h06.03.845,experiment,2023.2.3,MacIntel,62.5,5d2de4db914b6e001877da8f,673c6e3c1bdcd7f14d4497df,673ccd8341fc97f417430d03,,,,,,,,,,,,,,,,,,,,,,,,,,,,,,,,,,,,,,,,5,,,,,,,,,,,,,4,,,,,,,,,,,,,,,,,,,,,,,,,,,,,,,,,,,,,,,,,,,,,,,,,,,,k,0.672,,space,0.236,,4,red_gnome,4,7,bright_forest,red_basket,pink_gnome,4,3,dark_forest,yellow_basket,15,0,0,1,pink_gnome,dark_forest,yellow_basket,411,-1,-2,5,4,44,7,1,,,,,,,,,,,,,,,,,,,,,,,,,,,,,,,,,,,,,,,,,,,,,,,,,,,,,,,,,,,,,,,,,,,,,
,,,,,,,,,,,,,,,,,,,,,,,,,,,,,,,,,,,,,,,,,,,,,,,,,,,,,,,,,,,,,,,,,,385373,001,2024-11-19_18h06.03.845,experiment,2023.2.3,MacIntel,62.5,5d2de4db914b6e001877da8f,673c6e3c1bdcd7f14d4497df,673ccd8341fc97f417430d03,,,,,,,,,,,,,,,,,,,,,,,,,,,,,,,,,,,,,,,,5,,,,,,,,,,,,,2,,,,,,,,,,,,,,,,,,,,,,,,,,,,,,,,,,,,,,,,,,,,,,,,,,,,s,0.621,,space,0.301,,2,blue_gnome,2,6,bright_forest,red_basket,brown_gnome,2,1,dark_forest,yellow_basket,30,0,0,1,blue_gnome,bright_forest,red_basket,441,1,-1,5,5,45,5,1,,,,,,,,,,,,,,,,,,,,,,,,,,,,,,,,,,,,,,,,,,,,,,,,,,,,,,,,,,,,,,,,,,,,,
,,,,,,,,,,,,,,,,,,,,,,,,,,,,,,,,,,,,,,,,,,,,,,,,,,,,,,,,,,,,,,,,,,385373,001,2024-11-19_18h06.03.845,experiment,2023.2.3,MacIntel,62.5,5d2de4db914b6e001877da8f,673c6e3c1bdcd7f14d4497df,673ccd8341fc97f417430d03,,,,,,,,,,,,,,,,,,,,,,,,,,,,,,,,,,,,,,,,5,,,,,,,,,,,,,4,,,,,,,,,,,,,,,,,,,,,,,,,,,,,,,,,,,,,,,,,,,,,,,,,,,,s,1.048,,space,0.333,,4,pink_gnome,4,0,dark_forest,yellow_basket,red_gnome,4,7,bright_forest,red_basket,0,0,0,1,pink_gnome,dark_forest,yellow_basket,441,1,2,5,6,46,7,1,,,,,,,,,,,,,,,,,,,,,,,,,,,,,,,,,,,,,,,,,,,,,,,,,,,,,,,,,,,,,,,,,,,,,
,,,,,,,,,,,,,,,,,,,,,,,,,,,,,,,,,,,,,,,,,,,,,,,,,,,,,,,,,,,,,,,,,,385373,001,2024-11-19_18h06.03.845,experiment,2023.2.3,MacIntel,62.5,5d2de4db914b6e001877da8f,673c6e3c1bdcd7f14d4497df,673ccd8341fc97f417430d03,,,,,,,,,,,,,,,,,,,,,,,,,,,,,,,,,,,,,,,,1,,,,,,,,,,,,,1,,,,,,,,,,,,,,,,,,,,,,,,,,,,,,,,,,,,,,,,,,,,,,,,,,,,k,0.659,,space,0.268,,1,orange_gnome,1,2,dark_forest,yellow_basket,yellow_gnome,1,8,bright_forest,red_basket,8,0,0,1,yellow_gnome,bright_forest,red_basket,449,1,0,5,7,47,0,1,,,,,,,,,,,,,,,,,,,,,,,,,,,,,,,,,,,,,,,,,,,,,,,,,,,,,,,,,,,,,,,,,,,,,
,,,,,,,,,,,,,,,,,,,,,,,,,,,,,,,,,,,,,,,,,,,,,,,,,,,,,,,,,,,,,,,,,,385373,001,2024-11-19_18h06.03.845,experiment,2023.2.3,MacIntel,62.5,5d2de4db914b6e001877da8f,673c6e3c1bdcd7f14d4497df,673ccd8341fc97f417430d03,,,,,,,,,,,,,,,,,,,,,,,,,,,,,,,,,,,,,,,,5,,,,,,,,,,,,,1,,,,,,,,,,,,,,,,,,,,,,,,,,,,,,,,,,,,,,,,,,,,,,,,,,,,s,0.489,,space,0.183,,1,yellow_gnome,1,9,bright_forest,red_basket,orange_gnome,1,2,dark_forest,yellow_basket,45,0,0,1,yellow_gnome,bright_forest,red_basket,494,2,4,6,0,48,4,1,,,,,,,,,,,,,,,,,,,,,,,,,,,,,,,,,,,,,,,,,,,,,,,,,,,,,,,,,,,,,,,,,,,,,
,,,,,,,,,,,,,,,,,,,,,,,,,,,,,,,,,,,,,,,,,,,,,,,,,,,,,,,,,,,,,,,,,,385373,001,2024-11-19_18h06.03.845,experiment,2023.2.3,MacIntel,62.5,5d2de4db914b6e001877da8f,673c6e3c1bdcd7f14d4497df,673ccd8341fc97f417430d03,,,,,,,,,,,,,,,,,,,,,,,,,,,,,,,,,,,,,,,,1,,,,,,,,,,,,,2,,,,,,,,,,,,,,,,,,,,,,,,,,,,,,,,,,,,,,,,,,,,,,,,,,,,k,0.721,,space,0.585,,2,brown_gnome,2,6,dark_forest,yellow_basket,blue_gnome,2,7,bright_forest,red_basket,7,0,0,1,blue_gnome,bright_forest,red_basket,501,0,4,6,1,49,1,1,,,,,,,,,,,,,,,,,,,,,,,,,,,,,,,,,,,,,,,,,,,,,,,,,,,,,,,,,,,,,,,,,,,,,
,,,,,,,,,,,,,,,,,,,,,,,,,,,,,,,,,,,,,,,,,,,,,,,,,,,,,,,,,,,,,,,,,,385373,001,2024-11-19_18h06.03.845,experiment,2023.2.3,MacIntel,62.5,5d2de4db914b6e001877da8f,673c6e3c1bdcd7f14d4497df,673ccd8341fc97f417430d03,,,,,,,,,,,,,,,,,,,,,,,,,,,,,,,,,,,,,,,,5,,,,,,,,,,,,,3,,,,,,,,,,,,,,,,,,,,,,,,,,,,,,,,,,,,,,,,,,,,,,,,,,,,k,0.639,,space,0.145,,3,purple_gnome,3,8,dark_forest,yellow_basket,green_gnome,3,7,bright_forest,red_basket,35,0,0,1,green_gnome,bright_forest,red_basket,536,-3,1,6,2,50,6,1,,,,,,,,,,,,,,,,,,,,,,,,,,,,,,,,,,,,,,,,,,,,,,,,,,,,,,,,,,,,,,,,,,,,,
,,,,,,,,,,,,,,,,,,,,,,,,,,,,,,,,,,,,,,,,,,,,,,,,,,,,,,,,,,,,,,,,,,385373,001,2024-11-19_18h06.03.845,experiment,2023.2.3,MacIntel,62.5,5d2de4db914b6e001877da8f,673c6e3c1bdcd7f14d4497df,673ccd8341fc97f417430d03,,,,,,,,,,,,,,,,,,,,,,,,,,,,,,,,,,,,,,,,1,,,,,,,,,,,,,3,,,,,,,,,,,,,,,,,,,,,,,,,,,,,,,,,,,,,,,,,,,,,,,,,,,,s,0.494,,space,0.251,,3,green_gnome,3,4,bright_forest,red_basket,purple_gnome,3,9,dark_forest,yellow_basket,4,0,0,1,green_gnome,bright_forest,red_basket,540,-3,0,6,3,51,2,1,,,,,,,,,,,,,,,,,,,,,,,,,,,,,,,,,,,,,,,,,,,,,,,,,,,,,,,,,,,,,,,,,,,,,
,,,,,,,,,,,,,,,,,,,,,,,,,,,,,,,,,,,,,,,,,,,,,,,,,,,,,,,,,,,,,,,,,,385373,001,2024-11-19_18h06.03.845,experiment,2023.2.3,MacIntel,62.5,5d2de4db914b6e001877da8f,673c6e3c1bdcd7f14d4497df,673ccd8341fc97f417430d03,,,,,,,,,,,,,,,,,,,,,,,,,,,,,,,,,,,,,,,,5,,,,,,,,,,,,,4,,,,,,,,,,,,,,,,,,,,,,,,,,,,,,,,,,,,,,,,,,,,,,,,,,,,s,1.022,,space,0.305,,4,pink_gnome,4,9,dark_forest,yellow_basket,red_gnome,4,1,bright_forest,red_basket,45,0,0,1,pink_gnome,dark_forest,yellow_basket,585,-1,1,6,4,52,7,1,,,,,,,,,,,,,,,,,,,,,,,,,,,,,,,,,,,,,,,,,,,,,,,,,,,,,,,,,,,,,,,,,,,,,
,,,,,,,,,,,,,,,,,,,,,,,,,,,,,,,,,,,,,,,,,,,,,,,,,,,,,,,,,,,,,,,,,,385373,001,2024-11-19_18h06.03.845,experiment,2023.2.3,MacIntel,62.5,5d2de4db914b6e001877da8f,673c6e3c1bdcd7f14d4497df,673ccd8341fc97f417430d03,,,,,,,,,,,,,,,,,,,,,,,,,,,,,,,,,,,,,,,,1,,,,,,,,,,,,,4,,,,,,,,,,,,,,,,,,,,,,,,,,,,,,,,,,,,,,,,,,,,,,,,,,,,s,0.876,,space,0.167,,4,pink_gnome,4,8,dark_forest,yellow_basket,red_gnome,4,0,bright_forest,red_basket,8,0,0,1,pink_gnome,dark_forest,yellow_basket,593,2,0,6,5,53,3,1,,,,,,,,,,,,,,,,,,,,,,,,,,,,,,,,,,,,,,,,,,,,,,,,,,,,,,,,,,,,,,,,,,,,,
,,,,,,,,,,,,,,,,,,,,,,,,,,,,,,,,,,,,,,,,,,,,,,,,,,,,,,,,,,,,,,,,,,385373,001,2024-11-19_18h06.03.845,experiment,2023.2.3,MacIntel,62.5,5d2de4db914b6e001877da8f,673c6e3c1bdcd7f14d4497df,673ccd8341fc97f417430d03,,,,,,,,,,,,,,,,,,,,,,,,,,,,,,,,,,,,,,,,1,,,,,,,,,,,,,1,,,,,,,,,,,,,,,,,,,,,,,,,,,,,,,,,,,,,,,,,,,,,,,,,,,,s,0.689,,space,0.185,,1,yellow_gnome,1,2,bright_forest,red_basket,orange_gnome,1,8,dark_forest,yellow_basket,2,0,0,1,yellow_gnome,bright_forest,red_basket,595,4,0,6,6,54,0,1,,,,,,,,,,,,,,,,,,,,,,,,,,,,,,,,,,,,,,,,,,,,,,,,,,,,,,,,,,,,,,,,,,,,,
,,,,,,,,,,,,,,,,,,,,,,,,,,,,,,,,,,,,,,,,,,,,,,,,,,,,,,,,,,,,,,,,,,385373,001,2024-11-19_18h06.03.845,experiment,2023.2.3,MacIntel,62.5,5d2de4db914b6e001877da8f,673c6e3c1bdcd7f14d4497df,673ccd8341fc97f417430d03,,,,,,,,,,,,,,,,,,,,,,,,,,,,,,,,,,,,,,,,5,,,,,,,,,,,,,1,,,,,,,,,,,,,,,,,,,,,,,,,,,,,,,,,,,,,,,,,,,,,,,,,,,,k,0.653,,space,0.223,,1,orange_gnome,1,8,dark_forest,yellow_basket,yellow_gnome,1,6,bright_forest,red_basket,30,0,0,1,yellow_gnome,bright_forest,red_basket,625,3,0,6,7,55,4,1,,,,,,,,,,,,,,,,,,,,,,,,,,,,,,,,,,,,,,,,,,,,,,,,,,,,,,,,,,,,,,,,,,,,,
,,,,,,,,,,,,,,,,,,,,,,,,,,,,,,,,,,,,,,,,,,,,,,,,,,,,,,,,,,,,,,,,,,385373,001,2024-11-19_18h06.03.845,experiment,2023.2.3,MacIntel,62.5,5d2de4db914b6e001877da8f,673c6e3c1bdcd7f14d4497df,673ccd8341fc97f417430d03,,,,,,,,,,,,,,,,,,,,,,,,,,,,,,,,,,,,,,,,5,,,,,,,,,,,,,4,,,,,,,,,,,,,,,,,,,,,,,,,,,,,,,,,,,,,,,,,,,,,,,,,,,,s,0.939,,space,0.289,,4,pink_gnome,4,8,dark_forest,yellow_basket,red_gnome,4,9,bright_forest,red_basket,40,0,0,1,pink_gnome,dark_forest,yellow_basket,665,0,0,7,0,56,7,1,,,,,,,,,,,,,,,,,,,,,,,,,,,,,,,,,,,,,,,,,,,,,,,,,,,,,,,,,,,,,,,,,,,,,
,,,,,,,,,,,,,,,,,,,,,,,,,,,,,,,,,,,,,,,,,,,,,,,,,,,,,,,,,,,,,,,,,,385373,001,2024-11-19_18h06.03.845,experiment,2023.2.3,MacIntel,62.5,5d2de4db914b6e001877da8f,673c6e3c1bdcd7f14d4497df,673ccd8341fc97f417430d03,,,,,,,,,,,,,,,,,,,,,,,,,,,,,,,,,,,,,,,,1,,,,,,,,,,,,,1,,,,,,,,,,,,,,,,,,,,,,,,,,,,,,,,,,,,,,,,,,,,,,,,,,,,s,0.588,,space,0.324,,1,yellow_gnome,1,9,bright_forest,red_basket,orange_gnome,1,8,dark_forest,yellow_basket,9,0,0,1,yellow_gnome,bright_forest,red_basket,674,2,0,7,1,57,0,1,,,,,,,,,,,,,,,,,,,,,,,,,,,,,,,,,,,,,,,,,,,,,,,,,,,,,,,,,,,,,,,,,,,,,
,,,,,,,,,,,,,,,,,,,,,,,,,,,,,,,,,,,,,,,,,,,,,,,,,,,,,,,,,,,,,,,,,,385373,001,2024-11-19_18h06.03.845,experiment,2023.2.3,MacIntel,62.5,5d2de4db914b6e001877da8f,673c6e3c1bdcd7f14d4497df,673ccd8341fc97f417430d03,,,,,,,,,,,,,,,,,,,,,,,,,,,,,,,,,,,,,,,,5,,,,,,,,,,,,,4,,,,,,,,,,,,,,,,,,,,,,,,,,,,,,,,,,,,,,,,,,,,,,,,,,,,k,0.822,,space,0.56,,4,red_gnome,4,7,bright_forest,red_basket,pink_gnome,4,8,dark_forest,yellow_basket,40,0,0,1,pink_gnome,dark_forest,yellow_basket,714,1,-1,7,2,58,7,1,,,,,,,,,,,,,,,,,,,,,,,,,,,,,,,,,,,,,,,,,,,,,,,,,,,,,,,,,,,,,,,,,,,,,
,,,,,,,,,,,,,,,,,,,,,,,,,,,,,,,,,,,,,,,,,,,,,,,,,,,,,,,,,,,,,,,,,,385373,001,2024-11-19_18h06.03.845,experiment,2023.2.3,MacIntel,62.5,5d2de4db914b6e001877da8f,673c6e3c1bdcd7f14d4497df,673ccd8341fc97f417430d03,,,,,,,,,,,,,,,,,,,,,,,,,,,,,,,,,,,,,,,,1,,,,,,,,,,,,,4,,,,,,,,,,,,,,,,,,,,,,,,,,,,,,,,,,,,,,,,,,,,,,,,,,,,s,0.454,,space,0.768,,4,red_gnome,4,8,bright_forest,red_basket,pink_gnome,4,7,dark_forest,yellow_basket,8,0,0,1,red_gnome,bright_forest,red_basket,722,3,4,7,3,59,3,1,,,,,,,,,,,,,,,,,,,,,,,,,,,,,,,,,,,,,,,,,,,,,,,,,,,,,,,,,,,,,,,,,,,,,
,,,,,,,,,,,,,,,,,,,,,,,,,,,,,,,,,,,,,,,,,,,,,,,,,,,,,,,,,,,,,,,,,,385373,001,2024-11-19_18h06.03.845,experiment,2023.2.3,MacIntel,62.5,5d2de4db914b6e001877da8f,673c6e3c1bdcd7f14d4497df,673ccd8341fc97f417430d03,,,,,,,,,,,,,,,,,,,,,,,,,,,,,,,,,,,,,,,,1,,,,,,,,,,,,,3,,,,,,,,,,,,,,,,,,,,,,,,,,,,,,,,,,,,,,,,,,,,,,,,,,,,k,0.422,,space,0.136,,3,green_gnome,3,7,bright_forest,red_basket,purple_gnome,3,7,dark_forest,yellow_basket,7,0,0,1,purple_gnome,dark_forest,yellow_basket,729,1,0,7,4,60,2,1,,,,,,,,,,,,,,,,,,,,,,,,,,,,,,,,,,,,,,,,,,,,,,,,,,,,,,,,,,,,,,,,,,,,,
,,,,,,,,,,,,,,,,,,,,,,,,,,,,,,,,,,,,,,,,,,,,,,,,,,,,,,,,,,,,,,,,,,385373,001,2024-11-19_18h06.03.845,experiment,2023.2.3,MacIntel,62.5,5d2de4db914b6e001877da8f,673c6e3c1bdcd7f14d4497df,673ccd8341fc97f417430d03,,,,,,,,,,,,,,,,,,,,,,,,,,,,,,,,,,,,,,,,1,,,,,,,,,,,,,2,,,,,,,,,,,,,,,,,,,,,,,,,,,,,,,,,,,,,,,,,,,,,,,,,,,,s,0.659,,space,0.673,,2,blue_gnome,2,8,bright_forest,red_basket,brown_gnome,2,7,dark_forest,yellow_basket,8,0,0,1,blue_gnome,bright_forest,red_basket,737,0,-2,7,5,61,1,1,,,,,,,,,,,,,,,,,,,,,,,,,,,,,,,,,,,,,,,,,,,,,,,,,,,,,,,,,,,,,,,,,,,,,
,,,,,,,,,,,,,,,,,,,,,,,,,,,,,,,,,,,,,,,,,,,,,,,,,,,,,,,,,,,,,,,,,,385373,001,2024-11-19_18h06.03.845,experiment,2023.2.3,MacIntel,62.5,5d2de4db914b6e001877da8f,673c6e3c1bdcd7f14d4497df,673ccd8341fc97f417430d03,,,,,,,,,,,,,,,,,,,,,,,,,,,,,,,,,,,,,,,,5,,,,,,,,,,,,,1,,,,,,,,,,,,,,,,,,,,,,,,,,,,,,,,,,,,,,,,,,,,,,,,,,,,k,0.588,,space,0.819,,1,orange_gnome,1,5,dark_forest,yellow_basket,yellow_gnome,1,8,bright_forest,red_basket,40,0,0,1,yellow_gnome,bright_forest,red_basket,777,1,0,7,6,62,4,1,,,,,,,,,,,,,,,,,,,,,,,,,,,,,,,,,,,,,,,,,,,,,,,,,,,,,,,,,,,,,,,,,,,,,
,,,,,,,,,,,,,,,,,,,,,,,,,,,,,,,,,,,,,,,,,,,,,,,,,,,,,,,,,,,,,,,,,,385373,001,2024-11-19_18h06.03.845,experiment,2023.2.3,MacIntel,62.5,5d2de4db914b6e001877da8f,673c6e3c1bdcd7f14d4497df,673ccd8341fc97f417430d03,,,,,,,,,,,,,,,,,,,,,,,,,,,,,,,,,,,,,,,,5,,,,,,,,,,,,,2,,,,,,,,,,,,,,,,,,,,,,,,,,,,,,,,,,,,,,,,,,,,,,,,,,,,s,0.299,,space,0.148,,2,brown_gnome,2,5,dark_forest,yellow_basket,blue_gnome,2,9,bright_forest,red_basket,25,0,0,1,brown_gnome,dark_forest,yellow_basket,802,-1,0,7,7,63,5,1,space,82.868,,,,,,,,,,,,,,,,,,,,,,,,,,,,,,,,,,,,,,,,,,,,,,,,,,,,,,,,,,,,,,,,,,,
,,,,,,,,,,,,,,,,,,,,,,,,,,,,,,,,,,,,,,,,,,,,,,,,,,,,,,,,,,,,,,,,,,385373,001,2024-11-19_18h06.03.845,experiment,2023.2.3,MacIntel,62.5,5d2de4db914b6e001877da8f,673c6e3c1bdcd7f14d4497df,673ccd8341fc97f417430d03,,,,,,,,,,,,,,,,,,,,,,,,,,,,,,,,,,,,,,,,1,,,,,,,,,,,,,3,,,,,,,,,,,,,,,,,,,,,,,,,,,,,,,,,,,,,,,,,,,,,,,,,,,,k,0.611,,space,0.152,,3,purple_gnome,3,5,dark_forest,yellow_basket,green_gnome,3,8,bright_forest,red_basket,8,0,0,1,green_gnome,bright_forest,red_basket,810,-1,-1,8,0,64,2,1,,,,,,,,,,,,,,,,,,,,,,,,,,,,,,,,,,,,,,,,,,,,,,,,,,,,,,,,,,,,,,,,,,,,,
,,,,,,,,,,,,,,,,,,,,,,,,,,,,,,,,,,,,,,,,,,,,,,,,,,,,,,,,,,,,,,,,,,385373,001,2024-11-19_18h06.03.845,experiment,2023.2.3,MacIntel,62.5,5d2de4db914b6e001877da8f,673c6e3c1bdcd7f14d4497df,673ccd8341fc97f417430d03,,,,,,,,,,,,,,,,,,,,,,,,,,,,,,,,,,,,,,,,1,,,,,,,,,,,,,4,,,,,,,,,,,,,,,,,,,,,,,,,,,,,,,,,,,,,,,,,,,,,,,,,,,,k,0.938,,space,0.517,,4,pink_gnome,4,4,dark_forest,yellow_basket,red_gnome,4,7,bright_forest,red_basket,7,0,0,1,red_gnome,bright_forest,red_basket,817,1,2,8,1,65,3,1,,,,,,,,,,,,,,,,,,,,,,,,,,,,,,,,,,,,,,,,,,,,,,,,,,,,,,,,,,,,,,,,,,,,,
,,,,,,,,,,,,,,,,,,,,,,,,,,,,,,,,,,,,,,,,,,,,,,,,,,,,,,,,,,,,,,,,,,385373,001,2024-11-19_18h06.03.845,experiment,2023.2.3,MacIntel,62.5,5d2de4db914b6e001877da8f,673c6e3c1bdcd7f14d4497df,673ccd8341fc97f417430d03,,,,,,,,,,,,,,,,,,,,,,,,,,,,,,,,,,,,,,,,5,,,,,,,,,,,,,4,,,,,,,,,,,,,,,,,,,,,,,,,,,,,,,,,,,,,,,,,,,,,,,,,,,,k,1.057,,space,0.056,,4,pink_gnome,4,6,dark_forest,yellow_basket,red_gnome,4,8,bright_forest,red_basket,40,0,0,1,red_gnome,bright_forest,red_basket,857,-1,-2,8,2,66,7,1,,,,,,,,,,,,,,,,,,,,,,,,,,,,,,,,,,,,,,,,,,,,,,,,,,,,,,,,,,,,,,,,,,,,,
,,,,,,,,,,,,,,,,,,,,,,,,,,,,,,,,,,,,,,,,,,,,,,,,,,,,,,,,,,,,,,,,,,385373,001,2024-11-19_18h06.03.845,experiment,2023.2.3,MacIntel,62.5,5d2de4db914b6e001877da8f,673c6e3c1bdcd7f14d4497df,673ccd8341fc97f417430d03,,,,,,,,,,,,,,,,,,,,,,,,,,,,,,,,,,,,,,,,1,,,,,,,,,,,,,4,,,,,,,,,,,,,,,,,,,,,,,,,,,,,,,,,,,,,,,,,,,,,,,,,,,,k,0.672,,space,0.185,,4,red_gnome,4,7,bright_forest,red_basket,pink_gnome,4,4,dark_forest,yellow_basket,4,0,0,1,pink_gnome,dark_forest,yellow_basket,861,-1,-2,8,3,67,3,1,,,,,,,,,,,,,,,,,,,,,,,,,,,,,,,,,,,,,,,,,,,,,,,,,,,,,,,,,,,,,,,,,,,,,
,,,,,,,,,,,,,,,,,,,,,,,,,,,,,,,,,,,,,,,,,,,,,,,,,,,,,,,,,,,,,,,,,,385373,001,2024-11-19_18h06.03.845,experiment,2023.2.3,MacIntel,62.5,5d2de4db914b6e001877da8f,673c6e3c1bdcd7f14d4497df,673ccd8341fc97f417430d03,,,,,,,,,,,,,,,,,,,,,,,,,,,,,,,,,,,,,,,,1,,,,,,,,,,,,,4,,,,,,,,,,,,,,,,,,,,,,,,,,,,,,,,,,,,,,,,,,,,,,,,,,,,k,0.506,,space,0.15,,4,pink_gnome,4,2,dark_forest,yellow_basket,red_gnome,4,6,bright_forest,red_basket,6,0,0,1,red_gnome,bright_forest,red_basket,867,-4,3,8,4,68,3,1,,,,,,,,,,,,,,,,,,,,,,,,,,,,,,,,,,,,,,,,,,,,,,,,,,,,,,,,,,,,,,,,,,,,,
,,,,,,,,,,,,,,,,,,,,,,,,,,,,,,,,,,,,,,,,,,,,,,,,,,,,,,,,,,,,,,,,,,385373,001,2024-11-19_18h06.03.845,experiment,2023.2.3,MacIntel,62.5,5d2de4db914b6e001877da8f,673c6e3c1bdcd7f14d4497df,673ccd8341fc97f417430d03,,,,,,,,,,,,,,,,,,,,,,,,,,,,,,,,,,,,,,,,5,,,,,,,,,,,,,3,,,,,,,,,,,,,,,,,,,,,,,,,,,,,,,,,,,,,,,,,,,,,,,,,,,,s,0.922,,space,0.302,,3,green_gnome,3,2,bright_forest,red_basket,purple_gnome,3,5,dark_forest,yellow_basket,10,0,0,1,green_gnome,bright_forest,red_basket,877,2,5,8,5,69,6,1,,,,,,,,,,,,,,,,,,,,,,,,,,,,,,,,,,,,,,,,,,,,,,,,,,,,,,,,,,,,,,,,,,,,,
,,,,,,,,,,,,,,,,,,,,,,,,,,,,,,,,,,,,,,,,,,,,,,,,,,,,,,,,,,,,,,,,,,385373,001,2024-11-19_18h06.03.845,experiment,2023.2.3,MacIntel,62.5,5d2de4db914b6e001877da8f,673c6e3c1bdcd7f14d4497df,673ccd8341fc97f417430d03,,,,,,,,,,,,,,,,,,,,,,,,,,,,,,,,,,,,,,,,5,,,,,,,,,,,,,1,,,,,,,,,,,,,,,,,,,,,,,,,,,,,,,,,,,,,,,,,,,,,,,,,,,,s,0.739,,space,0.369,,1,yellow_gnome,1,4,bright_forest,red_basket,orange_gnome,1,8,dark_forest,yellow_basket,20,0,0,1,yellow_gnome,bright_forest,red_basket,897,-3,-1,8,6,70,4,1,,,,,,,,,,,,,,,,,,,,,,,,,,,,,,,,,,,,,,,,,,,,,,,,,,,,,,,,,,,,,,,,,,,,,
,,,,,,,,,,,,,,,,,,,,,,,,,,,,,,,,,,,,,,,,,,,,,,,,,,,,,,,,,,,,,,,,,,385373,001,2024-11-19_18h06.03.845,experiment,2023.2.3,MacIntel,62.5,5d2de4db914b6e001877da8f,673c6e3c1bdcd7f14d4497df,673ccd8341fc97f417430d03,,,,,,,,,,,,,,,,,,,,,,,,,,,,,,,,,,,,,,,,1,,,,,,,,,,,,,2,,,,,,,,,,,,,,,,,,,,,,,,,,,,,,,,,,,,,,,,,,,,,,,,,,,,k,0.856,,space,1.119,,2,brown_gnome,2,7,dark_forest,yellow_basket,blue_gnome,2,1,bright_forest,red_basket,1,0,0,1,blue_gnome,bright_forest,red_basket,898,0,-1,8,7,71,1,1,,,,,,,,,,,,,,,,,,,,,,,,,,,,,,,,,,,,,,,,,,,,,,,,,,,,,,,,,,,,,,,,,,,,,
,,,,,,,,,,,,,,,,,,,,,,,,,,,,,,,,,,,,,,,,,,,,,,,,,,,,,,,,,,,,,,,,,,385373,001,2024-11-19_18h06.03.845,experiment,2023.2.3,MacIntel,62.5,5d2de4db914b6e001877da8f,673c6e3c1bdcd7f14d4497df,673ccd8341fc97f417430d03,,,,,,,,,,,,,,,,,,,,,,,,,,,,,,,,,,,,,,,,5,,,,,,,,,,,,,1,,,,,,,,,,,,,,,,,,,,,,,,,,,,,,,,,,,,,,,,,,,,,,,,,,,,s,0.606,,space,0.366,,1,yellow_gnome,1,1,bright_forest,red_basket,orange_gnome,1,6,dark_forest,yellow_basket,5,0,0,1,yellow_gnome,bright_forest,red_basket,903,1,-2,9,0,72,4,1,,,,,,,,,,,,,,,,,,,,,,,,,,,,,,,,,,,,,,,,,,,,,,,,,,,,,,,,,,,,,,,,,,,,,
,,,,,,,,,,,,,,,,,,,,,,,,,,,,,,,,,,,,,,,,,,,,,,,,,,,,,,,,,,,,,,,,,,385373,001,2024-11-19_18h06.03.845,experiment,2023.2.3,MacIntel,62.5,5d2de4db914b6e001877da8f,673c6e3c1bdcd7f14d4497df,673ccd8341fc97f417430d03,,,,,,,,,,,,,,,,,,,,,,,,,,,,,,,,,,,,,,,,1,,,,,,,,,,,,,2,,,,,,,,,,,,,,,,,,,,,,,,,,,,,,,,,,,,,,,,,,,,,,,,,,,,k,0.821,,space,0.476,,2,brown_gnome,2,4,dark_forest,yellow_basket,blue_gnome,2,2,bright_forest,red_basket,2,0,0,1,blue_gnome,bright_forest,red_basket,905,-1,0,9,1,73,1,1,,,,,,,,,,,,,,,,,,,,,,,,,,,,,,,,,,,,,,,,,,,,,,,,,,,,,,,,,,,,,,,,,,,,,
,,,,,,,,,,,,,,,,,,,,,,,,,,,,,,,,,,,,,,,,,,,,,,,,,,,,,,,,,,,,,,,,,,385373,001,2024-11-19_18h06.03.845,experiment,2023.2.3,MacIntel,62.5,5d2de4db914b6e001877da8f,673c6e3c1bdcd7f14d4497df,673ccd8341fc97f417430d03,,,,,,,,,,,,,,,,,,,,,,,,,,,,,,,,,,,,,,,,5,,,,,,,,,,,,,1,,,,,,,,,,,,,,,,,,,,,,,,,,,,,,,,,,,,,,,,,,,,,,,,,,,,k,0.688,,space,0.339,,1,orange_gnome,1,4,dark_forest,yellow_basket,yellow_gnome,1,1,bright_forest,red_basket,5,0,0,1,yellow_gnome,bright_forest,red_basket,910,-3,1,9,2,74,4,1,,,,,,,,,,,,,,,,,,,,,,,,,,,,,,,,,,,,,,,,,,,,,,,,,,,,,,,,,,,,,,,,,,,,,
,,,,,,,,,,,,,,,,,,,,,,,,,,,,,,,,,,,,,,,,,,,,,,,,,,,,,,,,,,,,,,,,,,385373,001,2024-11-19_18h06.03.845,experiment,2023.2.3,MacIntel,62.5,5d2de4db914b6e001877da8f,673c6e3c1bdcd7f14d4497df,673ccd8341fc97f417430d03,,,,,,,,,,,,,,,,,,,,,,,,,,,,,,,,,,,,,,,,5,,,,,,,,,,,,,3,,,,,,,,,,,,,,,,,,,,,,,,,,,,,,,,,,,,,,,,,,,,,,,,,,,,,,,,,,3,green_gnome,3,2,bright_forest,red_basket,purple_gnome,3,5,dark_forest,yellow_basket,0,1,0,0,,bright_forest,red_basket,910,2,0,9,3,75,6,1,,,,,,,,,,,,,,,,,,,,,,,,,,,,,,,,,,,,,,,,,,,,,,,,,,,,,,,,,,,,,,,,,,,,,
,,,,,,,,,,,,,,,,,,,,,,,,,,,,,,,,,,,,,,,,,,,,,,,,,,,,,,,,,,,,,,,,,,385373,001,2024-11-19_18h06.03.845,experiment,2023.2.3,MacIntel,62.5,5d2de4db914b6e001877da8f,673c6e3c1bdcd7f14d4497df,673ccd8341fc97f417430d03,,,,,,,,,,,,,,,,,,,,,,,,,,,,,,,,,,,,,,,,5,,,,,,,,,,,,,3,,,,,,,,,,,,,,,,,,,,,,,,,,,,,,,,,,,,,,,,,,,,,,,,,,,,s,0.322,,space,0.031,,3,green_gnome,3,4,bright_forest,red_basket,purple_gnome,3,5,dark_forest,yellow_basket,20,0,0,1,green_gnome,bright_forest,red_basket,930,0,1,9,4,76,6,1,,,,,,,,,,,,,,,,,,,,,,,,,,,,,,,,,,,,,,,,,,,,,,,,,,,,,,,,,,,,,,,,,,,,,
,,,,,,,,,,,,,,,,,,,,,,,,,,,,,,,,,,,,,,,,,,,,,,,,,,,,,,,,,,,,,,,,,,385373,001,2024-11-19_18h06.03.845,experiment,2023.2.3,MacIntel,62.5,5d2de4db914b6e001877da8f,673c6e3c1bdcd7f14d4497df,673ccd8341fc97f417430d03,,,,,,,,,,,,,,,,,,,,,,,,,,,,,,,,,,,,,,,,1,,,,,,,,,,,,,4,,,,,,,,,,,,,,,,,,,,,,,,,,,,,,,,,,,,,,,,,,,,,,,,,,,,k,0.604,,space,0.028,,4,red_gnome,4,4,bright_forest,red_basket,pink_gnome,4,6,dark_forest,yellow_basket,6,0,0,1,pink_gnome,dark_forest,yellow_basket,936,-1,-3,9,5,77,3,1,,,,,,,,,,,,,,,,,,,,,,,,,,,,,,,,,,,,,,,,,,,,,,,,,,,,,,,,,,,,,,,,,,,,,
,,,,,,,,,,,,,,,,,,,,,,,,,,,,,,,,,,,,,,,,,,,,,,,,,,,,,,,,,,,,,,,,,,385373,001,2024-11-19_18h06.03.845,experiment,2023.2.3,MacIntel,62.5,5d2de4db914b6e001877da8f,673c6e3c1bdcd7f14d4497df,673ccd8341fc97f417430d03,,,,,,,,,,,,,,,,,,,,,,,,,,,,,,,,,,,,,,,,1,,,,,,,,,,,,,2,,,,,,,,,,,,,,,,,,,,,,,,,,,,,,,,,,,,,,,,,,,,,,,,,,,,s,0.855,,space,0.241,,2,blue_gnome,2,3,bright_forest,red_basket,brown_gnome,2,3,dark_forest,yellow_basket,3,0,0,1,blue_gnome,bright_forest,red_basket,939,2,0,9,6,78,1,1,,,,,,,,,,,,,,,,,,,,,,,,,,,,,,,,,,,,,,,,,,,,,,,,,,,,,,,,,,,,,,,,,,,,,
,,,,,,,,,,,,,,,,,,,,,,,,,,,,,,,,,,,,,,,,,,,,,,,,,,,,,,,,,,,,,,,,,,385373,001,2024-11-19_18h06.03.845,experiment,2023.2.3,MacIntel,62.5,5d2de4db914b6e001877da8f,673c6e3c1bdcd7f14d4497df,673ccd8341fc97f417430d03,,,,,,,,,,,,,,,,,,,,,,,,,,,,,,,,,,,,,,,,5,,,,,,,,,,,,,1,,,,,,,,,,,,,,,,,,,,,,,,,,,,,,,,,,,,,,,,,,,,,,,,,,,,k,0.603,,space,0.803,,1,orange_gnome,1,3,dark_forest,yellow_basket,yellow_gnome,1,5,bright_forest,red_basket,25,0,0,1,yellow_gnome,bright_forest,red_basket,964,0,2,9,7,79,4,1,,,,,,,,,,,,,,,,,,,,,,,,,,,,,,,,,,,,,,,,,,,,,,,,,,,,,,,,,,,,,,,,,,,,,
,,,,,,,,,,,,,,,,,,,,,,,,,,,,,,,,,,,,,,,,,,,,,,,,,,,,,,,,,,,,,,,,,,385373,001,2024-11-19_18h06.03.845,experiment,2023.2.3,MacIntel,62.5,5d2de4db914b6e001877da8f,673c6e3c1bdcd7f14d4497df,673ccd8341fc97f417430d03,,,,,,,,,,,,,,,,,,,,,,,,,,,,,,,,,,,,,,,,1,,,,,,,,,,,,,2,,,,,,,,,,,,,,,,,,,,,,,,,,,,,,,,,,,,,,,,,,,,,,,,,,,,s,0.611,,space,0.353,,2,blue_gnome,2,5,bright_forest,red_basket,brown_gnome,2,5,dark_forest,yellow_basket,5,0,0,1,blue_gnome,bright_forest,red_basket,969,-3,0,10,0,80,1,1,,,,,,,,,,,,,,,,,,,,,,,,,,,,,,,,,,,,,,,,,,,,,,,,,,,,,,,,,,,,,,,,,,,,,
,,,,,,,,,,,,,,,,,,,,,,,,,,,,,,,,,,,,,,,,,,,,,,,,,,,,,,,,,,,,,,,,,,385373,001,2024-11-19_18h06.03.845,experiment,2023.2.3,MacIntel,62.5,5d2de4db914b6e001877da8f,673c6e3c1bdcd7f14d4497df,673ccd8341fc97f417430d03,,,,,,,,,,,,,,,,,,,,,,,,,,,,,,,,,,,,,,,,1,,,,,,,,,,,,,3,,,,,,,,,,,,,,,,,,,,,,,,,,,,,,,,,,,,,,,,,,,,,,,,,,,,s,0.781,,space,0.207,,3,green_gnome,3,2,bright_forest,red_basket,purple_gnome,3,5,dark_forest,yellow_basket,2,0,0,1,green_gnome,bright_forest,red_basket,971,-3,-2,10,1,81,2,1,,,,,,,,,,,,,,,,,,,,,,,,,,,,,,,,,,,,,,,,,,,,,,,,,,,,,,,,,,,,,,,,,,,,,
,,,,,,,,,,,,,,,,,,,,,,,,,,,,,,,,,,,,,,,,,,,,,,,,,,,,,,,,,,,,,,,,,,385373,001,2024-11-19_18h06.03.845,experiment,2023.2.3,MacIntel,62.5,5d2de4db914b6e001877da8f,673c6e3c1bdcd7f14d4497df,673ccd8341fc97f417430d03,,,,,,,,,,,,,,,,,,,,,,,,,,,,,,,,,,,,,,,,5,,,,,,,,,,,,,2,,,,,,,,,,,,,,,,,,,,,,,,,,,,,,,,,,,,,,,,,,,,,,,,,,,,k,0.588,,space,0.235,,2,brown_gnome,2,3,dark_forest,yellow_basket,blue_gnome,2,1,bright_forest,red_basket,5,0,0,1,blue_gnome,bright_forest,red_basket,976,-2,1,10,2,82,5,1,,,,,,,,,,,,,,,,,,,,,,,,,,,,,,,,,,,,,,,,,,,,,,,,,,,,,,,,,,,,,,,,,,,,,
,,,,,,,,,,,,,,,,,,,,,,,,,,,,,,,,,,,,,,,,,,,,,,,,,,,,,,,,,,,,,,,,,,385373,001,2024-11-19_18h06.03.845,experiment,2023.2.3,MacIntel,62.5,5d2de4db914b6e001877da8f,673c6e3c1bdcd7f14d4497df,673ccd8341fc97f417430d03,,,,,,,,,,,,,,,,,,,,,,,,,,,,,,,,,,,,,,,,5,,,,,,,,,,,,,4,,,,,,,,,,,,,,,,,,,,,,,,,,,,,,,,,,,,,,,,,,,,,,,,,,,,s,0.722,,space,0.068,,4,pink_gnome,4,4,dark_forest,yellow_basket,red_gnome,4,1,bright_forest,red_basket,20,0,0,1,pink_gnome,dark_forest,yellow_basket,996,2,2,10,3,83,7,1,,,,,,,,,,,,,,,,,,,,,,,,,,,,,,,,,,,,,,,,,,,,,,,,,,,,,,,,,,,,,,,,,,,,,
,,,,,,,,,,,,,,,,,,,,,,,,,,,,,,,,,,,,,,,,,,,,,,,,,,,,,,,,,,,,,,,,,,385373,001,2024-11-19_18h06.03.845,experiment,2023.2.3,MacIntel,62.5,5d2de4db914b6e001877da8f,673c6e3c1bdcd7f14d4497df,673ccd8341fc97f417430d03,,,,,,,,,,,,,,,,,,,,,,,,,,,,,,,,,,,,,,,,1,,,,,,,,,,,,,1,,,,,,,,,,,,,,,,,,,,,,,,,,,,,,,,,,,,,,,,,,,,,,,,,,,,s,0.695,,space,0.202,,1,yellow_gnome,1,3,bright_forest,red_basket,orange_gnome,1,6,dark_forest,yellow_basket,3,0,0,1,yellow_gnome,bright_forest,red_basket,999,-1,-2,10,4,84,0,1,,,,,,,,,,,,,,,,,,,,,,,,,,,,,,,,,,,,,,,,,,,,,,,,,,,,,,,,,,,,,,,,,,,,,
,,,,,,,,,,,,,,,,,,,,,,,,,,,,,,,,,,,,,,,,,,,,,,,,,,,,,,,,,,,,,,,,,,385373,001,2024-11-19_18h06.03.845,experiment,2023.2.3,MacIntel,62.5,5d2de4db914b6e001877da8f,673c6e3c1bdcd7f14d4497df,673ccd8341fc97f417430d03,,,,,,,,,,,,,,,,,,,,,,,,,,,,,,,,,,,,,,,,5,,,,,,,,,,,,,1,,,,,,,,,,,,,,,,,,,,,,,,,,,,,,,,,,,,,,,,,,,,,,,,,,,,k,0.556,,space,0.143,,1,orange_gnome,1,4,dark_forest,yellow_basket,yellow_gnome,1,2,bright_forest,red_basket,10,0,0,1,yellow_gnome,bright_forest,red_basket,1009,-1,0,10,5,85,4,1,,,,,,,,,,,,,,,,,,,,,,,,,,,,,,,,,,,,,,,,,,,,,,,,,,,,,,,,,,,,,,,,,,,,,
,,,,,,,,,,,,,,,,,,,,,,,,,,,,,,,,,,,,,,,,,,,,,,,,,,,,,,,,,,,,,,,,,,385373,001,2024-11-19_18h06.03.845,experiment,2023.2.3,MacIntel,62.5,5d2de4db914b6e001877da8f,673c6e3c1bdcd7f14d4497df,673ccd8341fc97f417430d03,,,,,,,,,,,,,,,,,,,,,,,,,,,,,,,,,,,,,,,,5,,,,,,,,,,,,,3,,,,,,,,,,,,,,,,,,,,,,,,,,,,,,,,,,,,,,,,,,,,,,,,,,,,s,1.054,,space,0.249,,3,green_gnome,3,1,bright_forest,red_basket,purple_gnome,3,4,dark_forest,yellow_basket,5,0,0,1,green_gnome,bright_forest,red_basket,1014,0,-4,10,6,86,6,1,,,,,,,,,,,,,,,,,,,,,,,,,,,,,,,,,,,,,,,,,,,,,,,,,,,,,,,,,,,,,,,,,,,,,
,,,,,,,,,,,,,,,,,,,,,,,,,,,,,,,,,,,,,,,,,,,,,,,,,,,,,,,,,,,,,,,,,,385373,001,2024-11-19_18h06.03.845,experiment,2023.2.3,MacIntel,62.5,5d2de4db914b6e001877da8f,673c6e3c1bdcd7f14d4497df,673ccd8341fc97f417430d03,,,,,,,,,,,,,,,,,,,,,,,,,,,,,,,,,,,,,,,,1,,,,,,,,,,,,,2,,,,,,,,,,,,,,,,,,,,,,,,,,,,,,,,,,,,,,,,,,,,,,,,,,,,s,0.954,,space,1.169,,2,blue_gnome,2,1,bright_forest,red_basket,brown_gnome,2,0,dark_forest,yellow_basket,1,0,0,1,blue_gnome,bright_forest,red_basket,1015,-2,0,10,7,87,1,1,,,,,,,,,,,,,,,,,,,,,,,,,,,,,,,,,,,,,,,,,,,,,,,,,,,,,,,,,,,,,,,,,,,,,
,,,,,,,,,,,,,,,,,,,,,,,,,,,,,,,,,,,,,,,,,,,,,,,,,,,,,,,,,,,,,,,,,,385373,001,2024-11-19_18h06.03.845,experiment,2023.2.3,MacIntel,62.5,5d2de4db914b6e001877da8f,673c6e3c1bdcd7f14d4497df,673ccd8341fc97f417430d03,,,,,,,,,,,,,,,,,,,,,,,,,,,,,,,,,,,,,,,,5,,,,,,,,,,,,,3,,,,,,,,,,,,,,,,,,,,,,,,,,,,,,,,,,,,,,,,,,,,,,,,,,,,k,0.92,,space,0.013,,3,green_gnome,3,1,bright_forest,red_basket,purple_gnome,3,0,dark_forest,yellow_basket,0,0,0,1,purple_gnome,dark_forest,yellow_basket,1015,1,2,11,0,88,6,1,,,,,,,,,,,,,,,,,,,,,,,,,,,,,,,,,,,,,,,,,,,,,,,,,,,,,,,,,,,,,,,,,,,,,
,,,,,,,,,,,,,,,,,,,,,,,,,,,,,,,,,,,,,,,,,,,,,,,,,,,,,,,,,,,,,,,,,,385373,001,2024-11-19_18h06.03.845,experiment,2023.2.3,MacIntel,62.5,5d2de4db914b6e001877da8f,673c6e3c1bdcd7f14d4497df,673ccd8341fc97f417430d03,,,,,,,,,,,,,,,,,,,,,,,,,,,,,,,,,,,,,,,,1,,,,,,,,,,,,,2,,,,,,,,,,,,,,,,,,,,,,,,,,,,,,,,,,,,,,,,,,,,,,,,,,,,s,1.056,,space,0.32,,2,brown_gnome,2,2,dark_forest,yellow_basket,blue_gnome,2,2,bright_forest,red_basket,2,0,0,1,brown_gnome,dark_forest,yellow_basket,1017,-1,2,11,1,89,1,1,,,,,,,,,,,,,,,,,,,,,,,,,,,,,,,,,,,,,,,,,,,,,,,,,,,,,,,,,,,,,,,,,,,,,
,,,,,,,,,,,,,,,,,,,,,,,,,,,,,,,,,,,,,,,,,,,,,,,,,,,,,,,,,,,,,,,,,,385373,001,2024-11-19_18h06.03.845,experiment,2023.2.3,MacIntel,62.5,5d2de4db914b6e001877da8f,673c6e3c1bdcd7f14d4497df,673ccd8341fc97f417430d03,,,,,,,,,,,,,,,,,,,,,,,,,,,,,,,,,,,,,,,,5,,,,,,,,,,,,,4,,,,,,,,,,,,,,,,,,,,,,,,,,,,,,,,,,,,,,,,,,,,,,,,,,,,s,1.027,,space,0.235,,4,pink_gnome,4,4,dark_forest,yellow_basket,red_gnome,4,1,bright_forest,red_basket,20,0,0,1,pink_gnome,dark_forest,yellow_basket,1037,1,-4,11,2,90,7,1,,,,,,,,,,,,,,,,,,,,,,,,,,,,,,,,,,,,,,,,,,,,,,,,,,,,,,,,,,,,,,,,,,,,,
,,,,,,,,,,,,,,,,,,,,,,,,,,,,,,,,,,,,,,,,,,,,,,,,,,,,,,,,,,,,,,,,,,385373,001,2024-11-19_18h06.03.845,experiment,2023.2.3,MacIntel,62.5,5d2de4db914b6e001877da8f,673c6e3c1bdcd7f14d4497df,673ccd8341fc97f417430d03,,,,,,,,,,,,,,,,,,,,,,,,,,,,,,,,,,,,,,,,1,,,,,,,,,,,,,1,,,,,,,,,,,,,,,,,,,,,,,,,,,,,,,,,,,,,,,,,,,,,,,,,,,,k,0.907,,space,0.284,,1,orange_gnome,1,0,dark_forest,yellow_basket,yellow_gnome,1,2,bright_forest,red_basket,2,0,0,1,yellow_gnome,bright_forest,red_basket,1039,2,-1,11,3,91,0,1,,,,,,,,,,,,,,,,,,,,,,,,,,,,,,,,,,,,,,,,,,,,,,,,,,,,,,,,,,,,,,,,,,,,,
,,,,,,,,,,,,,,,,,,,,,,,,,,,,,,,,,,,,,,,,,,,,,,,,,,,,,,,,,,,,,,,,,,385373,001,2024-11-19_18h06.03.845,experiment,2023.2.3,MacIntel,62.5,5d2de4db914b6e001877da8f,673c6e3c1bdcd7f14d4497df,673ccd8341fc97f417430d03,,,,,,,,,,,,,,,,,,,,,,,,,,,,,,,,,,,,,,,,1,,,,,,,,,,,,,1,,,,,,,,,,,,,,,,,,,,,,,,,,,,,,,,,,,,,,,,,,,,,,,,,,,,s,0.608,,space,0.534,,1,yellow_gnome,1,4,bright_forest,red_basket,orange_gnome,1,1,dark_forest,yellow_basket,4,0,0,1,yellow_gnome,bright_forest,red_basket,1043,-1,0,11,4,92,0,1,,,,,,,,,,,,,,,,,,,,,,,,,,,,,,,,,,,,,,,,,,,,,,,,,,,,,,,,,,,,,,,,,,,,,
,,,,,,,,,,,,,,,,,,,,,,,,,,,,,,,,,,,,,,,,,,,,,,,,,,,,,,,,,,,,,,,,,,385373,001,2024-11-19_18h06.03.845,experiment,2023.2.3,MacIntel,62.5,5d2de4db914b6e001877da8f,673c6e3c1bdcd7f14d4497df,673ccd8341fc97f417430d03,,,,,,,,,,,,,,,,,,,,,,,,,,,,,,,,,,,,,,,,5,,,,,,,,,,,,,2,,,,,,,,,,,,,,,,,,,,,,,,,,,,,,,,,,,,,,,,,,,,,,,,,,,,k,0.411,,space,0.257,,2,brown_gnome,2,1,dark_forest,yellow_basket,blue_gnome,2,3,bright_forest,red_basket,15,0,0,1,blue_gnome,bright_forest,red_basket,1058,-1,2,11,5,93,5,1,,,,,,,,,,,,,,,,,,,,,,,,,,,,,,,,,,,,,,,,,,,,,,,,,,,,,,,,,,,,,,,,,,,,,
,,,,,,,,,,,,,,,,,,,,,,,,,,,,,,,,,,,,,,,,,,,,,,,,,,,,,,,,,,,,,,,,,,385373,001,2024-11-19_18h06.03.845,experiment,2023.2.3,MacIntel,62.5,5d2de4db914b6e001877da8f,673c6e3c1bdcd7f14d4497df,673ccd8341fc97f417430d03,,,,,,,,,,,,,,,,,,,,,,,,,,,,,,,,,,,,,,,,1,,,,,,,,,,,,,1,,,,,,,,,,,,,,,,,,,,,,,,,,,,,,,,,,,,,,,,,,,,,,,,,,,,s,0.571,,space,0.275,,1,yellow_gnome,1,2,bright_forest,red_basket,orange_gnome,1,3,dark_forest,yellow_basket,2,0,0,1,yellow_gnome,bright_forest,red_basket,1060,4,-3,11,6,94,0,1,,,,,,,,,,,,,,,,,,,,,,,,,,,,,,,,,,,,,,,,,,,,,,,,,,,,,,,,,,,,,,,,,,,,,
,,,,,,,,,,,,,,,,,,,,,,,,,,,,,,,,,,,,,,,,,,,,,,,,,,,,,,,,,,,,,,,,,,385373,001,2024-11-19_18h06.03.845,experiment,2023.2.3,MacIntel,62.5,5d2de4db914b6e001877da8f,673c6e3c1bdcd7f14d4497df,673ccd8341fc97f417430d03,,,,,,,,,,,,,,,,,,,,,,,,,,,,,,,,,,,,,,,,1,,,,,,,,,,,,,4,,,,,,,,,,,,,,,,,,,,,,,,,,,,,,,,,,,,,,,,,,,,,,,,,,,,s,0.82,,space,0.903,,4,pink_gnome,4,0,dark_forest,yellow_basket,red_gnome,4,6,bright_forest,red_basket,0,0,0,1,pink_gnome,dark_forest,yellow_basket,1060,-3,2,11,7,95,3,1,,,,,,,,,,,,,,,,,,,,,,,,,,,,,,,,,,,,,,,,,,,,,,,,,,,,,,,,,,,,,,,,,,,,,
,,,,,,,,,,,,,,,,,,,,,,,,,,,,,,,,,,,,,,,,,,,,,,,,,,,,,,,,,,,,,,,,,,385373,001,2024-11-19_18h06.03.845,experiment,2023.2.3,MacIntel,62.5,5d2de4db914b6e001877da8f,673c6e3c1bdcd7f14d4497df,673ccd8341fc97f417430d03,,,,,,,,,,,,,,,,,,,,,,,,,,,,,,,,,,,,,,,,5,,,,,,,,,,,,,4,,,,,,,,,,,,,,,,,,,,,,,,,,,,,,,,,,,,,,,,,,,,,,,,,,,,s,0.576,,space,0.224,,4,red_gnome,4,3,bright_forest,red_basket,pink_gnome,4,2,dark_forest,yellow_basket,15,0,0,1,red_gnome,bright_forest,red_basket,1075,-3,0,12,0,96,7,1,,,,,,,,,,,,,,,,,,,,,,,,,,,,,,,,,,,,,,,,,,,,,,,,,,,,,,,,,,,,,,,,,,,,,
,,,,,,,,,,,,,,,,,,,,,,,,,,,,,,,,,,,,,,,,,,,,,,,,,,,,,,,,,,,,,,,,,,385373,001,2024-11-19_18h06.03.845,experiment,2023.2.3,MacIntel,62.5,5d2de4db914b6e001877da8f,673c6e3c1bdcd7f14d4497df,673ccd8341fc97f417430d03,,,,,,,,,,,,,,,,,,,,,,,,,,,,,,,,,,,,,,,,5,,,,,,,,,,,,,1,,,,,,,,,,,,,,,,,,,,,,,,,,,,,,,,,,,,,,,,,,,,,,,,,,,,s,0.739,,space,0.258,,1,yellow_gnome,1,0,bright_forest,red_basket,orange_gnome,1,2,dark_forest,yellow_basket,0,0,0,1,yellow_gnome,bright_forest,red_basket,1075,0,2,12,1,97,4,1,,,,,,,,,,,,,,,,,,,,,,,,,,,,,,,,,,,,,,,,,,,,,,,,,,,,,,,,,,,,,,,,,,,,,
,,,,,,,,,,,,,,,,,,,,,,,,,,,,,,,,,,,,,,,,,,,,,,,,,,,,,,,,,,,,,,,,,,385373,001,2024-11-19_18h06.03.845,experiment,2023.2.3,MacIntel,62.5,5d2de4db914b6e001877da8f,673c6e3c1bdcd7f14d4497df,673ccd8341fc97f417430d03,,,,,,,,,,,,,,,,,,,,,,,,,,,,,,,,,,,,,,,,5,,,,,,,,,,,,,1,,,,,,,,,,,,,,,,,,,,,,,,,,,,,,,,,,,,,,,,,,,,,,,,,,,,s,0.613,,space,0.083,,1,yellow_gnome,1,0,bright_forest,red_basket,orange_gnome,1,4,dark_forest,yellow_basket,0,0,0,1,yellow_gnome,bright_forest,red_basket,1075,-2,0,12,2,98,4,1,,,,,,,,,,,,,,,,,,,,,,,,,,,,,,,,,,,,,,,,,,,,,,,,,,,,,,,,,,,,,,,,,,,,,
,,,,,,,,,,,,,,,,,,,,,,,,,,,,,,,,,,,,,,,,,,,,,,,,,,,,,,,,,,,,,,,,,,385373,001,2024-11-19_18h06.03.845,experiment,2023.2.3,MacIntel,62.5,5d2de4db914b6e001877da8f,673c6e3c1bdcd7f14d4497df,673ccd8341fc97f417430d03,,,,,,,,,,,,,,,,,,,,,,,,,,,,,,,,,,,,,,,,5,,,,,,,,,,,,,2,,,,,,,,,,,,,,,,,,,,,,,,,,,,,,,,,,,,,,,,,,,,,,,,,,,,k,0.821,,,,,2,brown_gnome,2,4,dark_forest,yellow_basket,blue_gnome,2,2,bright_forest,red_basket,0,0,1,0,blue_gnome,bright_forest,red_basket,1075,-1,1,12,3,99,5,1,,,,,,,,,,,,,,,,,,,,,,,,,,,,,,,,,,,,,,,,,,,,,,,,,,,,,,,,,,,,,,,,,,,,,
,,,,,,,,,,,,,,,,,,,,,,,,,,,,,,,,,,,,,,,,,,,,,,,,,,,,,,,,,,,,,,,,,,385373,001,2024-11-19_18h06.03.845,experiment,2023.2.3,MacIntel,62.5,5d2de4db914b6e001877da8f,673c6e3c1bdcd7f14d4497df,673ccd8341fc97f417430d03,,,,,,,,,,,,,,,,,,,,,,,,,,,,,,,,,,,,,,,,5,,,,,,,,,,,,,1,,,,,,,,,,,,,,,,,,,,,,,,,,,,,,,,,,,,,,,,,,,,,,,,,,,,s,0.688,,space,0.285,,1,yellow_gnome,1,1,bright_forest,red_basket,orange_gnome,1,5,dark_forest,yellow_basket,5,0,0,1,yellow_gnome,bright_forest,red_basket,1080,2,2,12,4,100,4,1,,,,,,,,,,,,,,,,,,,,,,,,,,,,,,,,,,,,,,,,,,,,,,,,,,,,,,,,,,,,,,,,,,,,,
,,,,,,,,,,,,,,,,,,,,,,,,,,,,,,,,,,,,,,,,,,,,,,,,,,,,,,,,,,,,,,,,,,385373,001,2024-11-19_18h06.03.845,experiment,2023.2.3,MacIntel,62.5,5d2de4db914b6e001877da8f,673c6e3c1bdcd7f14d4497df,673ccd8341fc97f417430d03,,,,,,,,,,,,,,,,,,,,,,,,,,,,,,,,,,,,,,,,5,,,,,,,,,,,,,2,,,,,,,,,,,,,,,,,,,,,,,,,,,,,,,,,,,,,,,,,,,,,,,,,,,,s,0.71,,space,0.102,,2,brown_gnome,2,7,dark_forest,yellow_basket,blue_gnome,2,3,bright_forest,red_basket,35,0,0,1,brown_gnome,dark_forest,yellow_basket,1115,2,-1,12,5,101,5,1,,,,,,,,,,,,,,,,,,,,,,,,,,,,,,,,,,,,,,,,,,,,,,,,,,,,,,,,,,,,,,,,,,,,,
,,,,,,,,,,,,,,,,,,,,,,,,,,,,,,,,,,,,,,,,,,,,,,,,,,,,,,,,,,,,,,,,,,385373,001,2024-11-19_18h06.03.845,experiment,2023.2.3,MacIntel,62.5,5d2de4db914b6e001877da8f,673c6e3c1bdcd7f14d4497df,673ccd8341fc97f417430d03,,,,,,,,,,,,,,,,,,,,,,,,,,,,,,,,,,,,,,,,1,,,,,,,,,,,,,4,,,,,,,,,,,,,,,,,,,,,,,,,,,,,,,,,,,,,,,,,,,,,,,,,,,,k,0.806,,space,0.218,,4,pink_gnome,4,6,dark_forest,yellow_basket,red_gnome,4,5,bright_forest,red_basket,5,0,0,1,red_gnome,bright_forest,red_basket,1120,-2,3,12,6,102,3,1,,,,,,,,,,,,,,,,,,,,,,,,,,,,,,,,,,,,,,,,,,,,,,,,,,,,,,,,,,,,,,,,,,,,,
,,,,,,,,,,,,,,,,,,,,,,,,,,,,,,,,,,,,,,,,,,,,,,,,,,,,,,,,,,,,,,,,,,385373,001,2024-11-19_18h06.03.845,experiment,2023.2.3,MacIntel,62.5,5d2de4db914b6e001877da8f,673c6e3c1bdcd7f14d4497df,673ccd8341fc97f417430d03,,,,,,,,,,,,,,,,,,,,,,,,,,,,,,,,,,,,,,,,5,,,,,,,,,,,,,2,,,,,,,,,,,,,,,,,,,,,,,,,,,,,,,,,,,,,,,,,,,,,,,,,,,,s,0.539,,space,0.102,,2,brown_gnome,2,9,dark_forest,yellow_basket,blue_gnome,2,3,bright_forest,red_basket,45,0,0,1,brown_gnome,dark_forest,yellow_basket,1165,-1,3,12,7,103,5,1,,,,,,,,,,,,,,,,,,,,,,,,,,,,,,,,,,,,,,,,,,,,,,,,,,,,,,,,,,,,,,,,,,,,,
,,,,,,,,,,,,,,,,,,,,,,,,,,,,,,,,,,,,,,,,,,,,,,,,,,,,,,,,,,,,,,,,,,385373,001,2024-11-19_18h06.03.845,experiment,2023.2.3,MacIntel,62.5,5d2de4db914b6e001877da8f,673c6e3c1bdcd7f14d4497df,673ccd8341fc97f417430d03,,,,,,,,,,,,,,,,,,,,,,,,,,,,,,,,,,,,,,,,1,,,,,,,,,,,,,2,,,,,,,,,,,,,,,,,,,,,,,,,,,,,,,,,,,,,,,,,,,,,,,,,,,,s,0.39,,space,0.012,,2,brown_gnome,2,6,dark_forest,yellow_basket,blue_gnome,2,2,bright_forest,red_basket,6,0,0,1,brown_gnome,dark_forest,yellow_basket,1171,-2,1,13,0,104,1,1,,,,,,,,,,,,,,,,,,,,,,,,,,,,,,,,,,,,,,,,,,,,,,,,,,,,,,,,,,,,,,,,,,,,,
,,,,,,,,,,,,,,,,,,,,,,,,,,,,,,,,,,,,,,,,,,,,,,,,,,,,,,,,,,,,,,,,,,385373,001,2024-11-19_18h06.03.845,experiment,2023.2.3,MacIntel,62.5,5d2de4db914b6e001877da8f,673c6e3c1bdcd7f14d4497df,673ccd8341fc97f417430d03,,,,,,,,,,,,,,,,,,,,,,,,,,,,,,,,,,,,,,,,1,,,,,,,,,,,,,1,,,,,,,,,,,,,,,,,,,,,,,,,,,,,,,,,,,,,,,,,,,,,,,,,,,,s,0.922,,space,0.235,,1,yellow_gnome,1,0,bright_forest,red_basket,orange_gnome,1,7,dark_forest,yellow_basket,0,0,0,1,yellow_gnome,bright_forest,red_basket,1171,1,0,13,1,105,0,1,,,,,,,,,,,,,,,,,,,,,,,,,,,,,,,,,,,,,,,,,,,,,,,,,,,,,,,,,,,,,,,,,,,,,
,,,,,,,,,,,,,,,,,,,,,,,,,,,,,,,,,,,,,,,,,,,,,,,,,,,,,,,,,,,,,,,,,,385373,001,2024-11-19_18h06.03.845,experiment,2023.2.3,MacIntel,62.5,5d2de4db914b6e001877da8f,673c6e3c1bdcd7f14d4497df,673ccd8341fc97f417430d03,,,,,,,,,,,,,,,,,,,,,,,,,,,,,,,,,,,,,,,,1,,,,,,,,,,,,,2,,,,,,,,,,,,,,,,,,,,,,,,,,,,,,,,,,,,,,,,,,,,,,,,,,,,k,0.838,,space,0.054,,2,blue_gnome,2,1,bright_forest,red_basket,brown_gnome,2,7,dark_forest,yellow_basket,7,0,0,1,brown_gnome,dark_forest,yellow_basket,1178,-1,1,13,2,106,1,1,,,,,,,,,,,,,,,,,,,,,,,,,,,,,,,,,,,,,,,,,,,,,,,,,,,,,,,,,,,,,,,,,,,,,
,,,,,,,,,,,,,,,,,,,,,,,,,,,,,,,,,,,,,,,,,,,,,,,,,,,,,,,,,,,,,,,,,,385373,001,2024-11-19_18h06.03.845,experiment,2023.2.3,MacIntel,62.5,5d2de4db914b6e001877da8f,673c6e3c1bdcd7f14d4497df,673ccd8341fc97f417430d03,,,,,,,,,,,,,,,,,,,,,,,,,,,,,,,,,,,,,,,,1,,,,,,,,,,,,,3,,,,,,,,,,,,,,,,,,,,,,,,,,,,,,,,,,,,,,,,,,,,,,,,,,,,s,1.037,,space,0.334,,3,green_gnome,3,0,bright_forest,red_basket,purple_gnome,3,8,dark_forest,yellow_basket,0,0,0,1,green_gnome,bright_forest,red_basket,1178,2,1,13,3,107,2,1,,,,,,,,,,,,,,,,,,,,,,,,,,,,,,,,,,,,,,,,,,,,,,,,,,,,,,,,,,,,,,,,,,,,,
,,,,,,,,,,,,,,,,,,,,,,,,,,,,,,,,,,,,,,,,,,,,,,,,,,,,,,,,,,,,,,,,,,385373,001,2024-11-19_18h06.03.845,experiment,2023.2.3,MacIntel,62.5,5d2de4db914b6e001877da8f,673c6e3c1bdcd7f14d4497df,673ccd8341fc97f417430d03,,,,,,,,,,,,,,,,,,,,,,,,,,,,,,,,,,,,,,,,5,,,,,,,,,,,,,1,,,,,,,,,,,,,,,,,,,,,,,,,,,,,,,,,,,,,,,,,,,,,,,,,,,,s,1.072,,space,0.106,,1,yellow_gnome,1,2,bright_forest,red_basket,orange_gnome,1,9,dark_forest,yellow_basket,10,0,0,1,yellow_gnome,bright_forest,red_basket,1188,0,-2,13,4,108,4,1,,,,,,,,,,,,,,,,,,,,,,,,,,,,,,,,,,,,,,,,,,,,,,,,,,,,,,,,,,,,,,,,,,,,,
,,,,,,,,,,,,,,,,,,,,,,,,,,,,,,,,,,,,,,,,,,,,,,,,,,,,,,,,,,,,,,,,,,385373,001,2024-11-19_18h06.03.845,experiment,2023.2.3,MacIntel,62.5,5d2de4db914b6e001877da8f,673c6e3c1bdcd7f14d4497df,673ccd8341fc97f417430d03,,,,,,,,,,,,,,,,,,,,,,,,,,,,,,,,,,,,,,,,1,,,,,,,,,,,,,1,,,,,,,,,,,,,,,,,,,,,,,,,,,,,,,,,,,,,,,,,,,,,,,,,,,,s,0.72,,space,0.028,,1,orange_gnome,1,7,dark_forest,yellow_basket,yellow_gnome,1,2,bright_forest,red_basket,7,0,0,1,orange_gnome,dark_forest,yellow_basket,1195,0,2,13,5,109,0,1,,,,,,,,,,,,,,,,,,,,,,,,,,,,,,,,,,,,,,,,,,,,,,,,,,,,,,,,,,,,,,,,,,,,,
,,,,,,,,,,,,,,,,,,,,,,,,,,,,,,,,,,,,,,,,,,,,,,,,,,,,,,,,,,,,,,,,,,385373,001,2024-11-19_18h06.03.845,experiment,2023.2.3,MacIntel,62.5,5d2de4db914b6e001877da8f,673c6e3c1bdcd7f14d4497df,673ccd8341fc97f417430d03,,,,,,,,,,,,,,,,,,,,,,,,,,,,,,,,,,,,,,,,5,,,,,,,,,,,,,3,,,,,,,,,,,,,,,,,,,,,,,,,,,,,,,,,,,,,,,,,,,,,,,,,,,,s,1.388,,space,0.406,,3,purple_gnome,3,9,dark_forest,yellow_basket,green_gnome,3,2,bright_forest,red_basket,45,0,0,1,purple_gnome,dark_forest,yellow_basket,1240,4,-1,13,6,110,6,1,,,,,,,,,,,,,,,,,,,,,,,,,,,,,,,,,,,,,,,,,,,,,,,,,,,,,,,,,,,,,,,,,,,,,
,,,,,,,,,,,,,,,,,,,,,,,,,,,,,,,,,,,,,,,,,,,,,,,,,,,,,,,,,,,,,,,,,,385373,001,2024-11-19_18h06.03.845,experiment,2023.2.3,MacIntel,62.5,5d2de4db914b6e001877da8f,673c6e3c1bdcd7f14d4497df,673ccd8341fc97f417430d03,,,,,,,,,,,,,,,,,,,,,,,,,,,,,,,,,,,,,,,,5,,,,,,,,,,,,,3,,,,,,,,,,,,,,,,,,,,,,,,,,,,,,,,,,,,,,,,,,,,,,,,,,,,s,0.9,,space,0.019,,3,purple_gnome,3,8,dark_forest,yellow_basket,green_gnome,3,6,bright_forest,red_basket,40,0,0,1,purple_gnome,dark_forest,yellow_basket,1280,2,3,13,7,111,6,1,,,,,,,,,,,,,,,,,,,,,,,,,,,,,,,,,,,,,,,,,,,,,,,,,,,,,,,,,,,,,,,,,,,,,
,,,,,,,,,,,,,,,,,,,,,,,,,,,,,,,,,,,,,,,,,,,,,,,,,,,,,,,,,,,,,,,,,,385373,001,2024-11-19_18h06.03.845,experiment,2023.2.3,MacIntel,62.5,5d2de4db914b6e001877da8f,673c6e3c1bdcd7f14d4497df,673ccd8341fc97f417430d03,,,,,,,,,,,,,,,,,,,,,,,,,,,,,,,,,,,,,,,,5,,,,,,,,,,,,,4,,,,,,,,,,,,,,,,,,,,,,,,,,,,,,,,,,,,,,,,,,,,,,,,,,,,s,0.921,,space,0.135,,4,pink_gnome,4,7,dark_forest,yellow_basket,red_gnome,4,8,bright_forest,red_basket,35,0,0,1,pink_gnome,dark_forest,yellow_basket,1315,3,-1,14,0,112,7,1,,,,,,,,,,,,,,,,,,,,,,,,,,,,,,,,,,,,,,,,,,,,,,,,,,,,,,,,,,,,,,,,,,,,,
,,,,,,,,,,,,,,,,,,,,,,,,,,,,,,,,,,,,,,,,,,,,,,,,,,,,,,,,,,,,,,,,,,385373,001,2024-11-19_18h06.03.845,experiment,2023.2.3,MacIntel,62.5,5d2de4db914b6e001877da8f,673c6e3c1bdcd7f14d4497df,673ccd8341fc97f417430d03,,,,,,,,,,,,,,,,,,,,,,,,,,,,,,,,,,,,,,,,1,,,,,,,,,,,,,4,,,,,,,,,,,,,,,,,,,,,,,,,,,,,,,,,,,,,,,,,,,,,,,,,,,,k,0.645,,space,0.252,,4,red_gnome,4,7,bright_forest,red_basket,pink_gnome,4,6,dark_forest,yellow_basket,6,0,0,1,pink_gnome,dark_forest,yellow_basket,1321,-1,1,14,1,113,3,1,,,,,,,,,,,,,,,,,,,,,,,,,,,,,,,,,,,,,,,,,,,,,,,,,,,,,,,,,,,,,,,,,,,,,
,,,,,,,,,,,,,,,,,,,,,,,,,,,,,,,,,,,,,,,,,,,,,,,,,,,,,,,,,,,,,,,,,,385373,001,2024-11-19_18h06.03.845,experiment,2023.2.3,MacIntel,62.5,5d2de4db914b6e001877da8f,673c6e3c1bdcd7f14d4497df,673ccd8341fc97f417430d03,,,,,,,,,,,,,,,,,,,,,,,,,,,,,,,,,,,,,,,,1,,,,,,,,,,,,,4,,,,,,,,,,,,,,,,,,,,,,,,,,,,,,,,,,,,,,,,,,,,,,,,,,,,s,0.662,,space,0.568,,4,pink_gnome,4,7,dark_forest,yellow_basket,red_gnome,4,6,bright_forest,red_basket,7,0,0,1,pink_gnome,dark_forest,yellow_basket,1328,0,0,14,2,114,3,1,,,,,,,,,,,,,,,,,,,,,,,,,,,,,,,,,,,,,,,,,,,,,,,,,,,,,,,,,,,,,,,,,,,,,
,,,,,,,,,,,,,,,,,,,,,,,,,,,,,,,,,,,,,,,,,,,,,,,,,,,,,,,,,,,,,,,,,,385373,001,2024-11-19_18h06.03.845,experiment,2023.2.3,MacIntel,62.5,5d2de4db914b6e001877da8f,673c6e3c1bdcd7f14d4497df,673ccd8341fc97f417430d03,,,,,,,,,,,,,,,,,,,,,,,,,,,,,,,,,,,,,,,,1,,,,,,,,,,,,,4,,,,,,,,,,,,,,,,,,,,,,,,,,,,,,,,,,,,,,,,,,,,,,,,,,,,k,0.706,,space,0.166,,4,pink_gnome,4,7,dark_forest,yellow_basket,red_gnome,4,6,bright_forest,red_basket,6,0,0,1,red_gnome,bright_forest,red_basket,1334,1,0,14,3,115,3,1,,,,,,,,,,,,,,,,,,,,,,,,,,,,,,,,,,,,,,,,,,,,,,,,,,,,,,,,,,,,,,,,,,,,,
,,,,,,,,,,,,,,,,,,,,,,,,,,,,,,,,,,,,,,,,,,,,,,,,,,,,,,,,,,,,,,,,,,385373,001,2024-11-19_18h06.03.845,experiment,2023.2.3,MacIntel,62.5,5d2de4db914b6e001877da8f,673c6e3c1bdcd7f14d4497df,673ccd8341fc97f417430d03,,,,,,,,,,,,,,,,,,,,,,,,,,,,,,,,,,,,,,,,1,,,,,,,,,,,,,3,,,,,,,,,,,,,,,,,,,,,,,,,,,,,,,,,,,,,,,,,,,,,,,,,,,,k,0.809,,space,0.619,,3,green_gnome,3,7,bright_forest,red_basket,purple_gnome,3,7,dark_forest,yellow_basket,7,0,0,1,purple_gnome,dark_forest,yellow_basket,1341,2,2,14,4,116,2,1,,,,,,,,,,,,,,,,,,,,,,,,,,,,,,,,,,,,,,,,,,,,,,,,,,,,,,,,,,,,,,,,,,,,,
,,,,,,,,,,,,,,,,,,,,,,,,,,,,,,,,,,,,,,,,,,,,,,,,,,,,,,,,,,,,,,,,,,385373,001,2024-11-19_18h06.03.845,experiment,2023.2.3,MacIntel,62.5,5d2de4db914b6e001877da8f,673c6e3c1bdcd7f14d4497df,673ccd8341fc97f417430d03,,,,,,,,,,,,,,,,,,,,,,,,,,,,,,,,,,,,,,,,5,,,,,,,,,,,,,1,,,,,,,,,,,,,,,,,,,,,,,,,,,,,,,,,,,,,,,,,,,,,,,,,,,,k,0.705,,space,0.317,,1,yellow_gnome,1,9,bright_forest,red_basket,orange_gnome,1,9,dark_forest,yellow_basket,45,0,0,1,orange_gnome,dark_forest,yellow_basket,1386,-3,1,14,5,117,4,1,,,,,,,,,,,,,,,,,,,,,,,,,,,,,,,,,,,,,,,,,,,,,,,,,,,,,,,,,,,,,,,,,,,,,
,,,,,,,,,,,,,,,,,,,,,,,,,,,,,,,,,,,,,,,,,,,,,,,,,,,,,,,,,,,,,,,,,,385373,001,2024-11-19_18h06.03.845,experiment,2023.2.3,MacIntel,62.5,5d2de4db914b6e001877da8f,673c6e3c1bdcd7f14d4497df,673ccd8341fc97f417430d03,,,,,,,,,,,,,,,,,,,,,,,,,,,,,,,,,,,,,,,,5,,,,,,,,,,,,,1,,,,,,,,,,,,,,,,,,,,,,,,,,,,,,,,,,,,,,,,,,,,,,,,,,,,s,0.689,,space,0.013,,1,orange_gnome,1,8,dark_forest,yellow_basket,yellow_gnome,1,6,bright_forest,red_basket,40,0,0,1,orange_gnome,dark_forest,yellow_basket,1426,1,-2,14,6,118,4,1,,,,,,,,,,,,,,,,,,,,,,,,,,,,,,,,,,,,,,,,,,,,,,,,,,,,,,,,,,,,,,,,,,,,,
,,,,,,,,,,,,,,,,,,,,,,,,,,,,,,,,,,,,,,,,,,,,,,,,,,,,,,,,,,,,,,,,,,385373,001,2024-11-19_18h06.03.845,experiment,2023.2.3,MacIntel,62.5,5d2de4db914b6e001877da8f,673c6e3c1bdcd7f14d4497df,673ccd8341fc97f417430d03,,,,,,,,,,,,,,,,,,,,,,,,,,,,,,,,,,,,,,,,5,,,,,,,,,,,,,2,,,,,,,,,,,,,,,,,,,,,,,,,,,,,,,,,,,,,,,,,,,,,,,,,,,,s,0.971,,space,0.109,,2,brown_gnome,2,6,dark_forest,yellow_basket,blue_gnome,2,7,bright_forest,red_basket,30,0,0,1,brown_gnome,dark_forest,yellow_basket,1456,1,-1,14,7,119,5,1,,,,,,,,,,,,,,,,,,,,,,,,,,,,,,,,,,,,,,,,,,,,,,,,,,,,,,,,,,,,,,,,,,,,,
,,,,,,,,,,,,,,,,,,,,,,,,,,,,,,,,,,,,,,,,,,,,,,,,,,,,,,,,,,,,,,,,,,385373,001,2024-11-19_18h06.03.845,experiment,2023.2.3,MacIntel,62.5,5d2de4db914b6e001877da8f,673c6e3c1bdcd7f14d4497df,673ccd8341fc97f417430d03,,,,,,,,,,,,,,,,,,,,,,,,,,,,,,,,,,,,,,,,5,,,,,,,,,,,,,3,,,,,,,,,,,,,,,,,,,,,,,,,,,,,,,,,,,,,,,,,,,,,,,,,,,,k,0.619,,space,0.251,,3,green_gnome,3,8,bright_forest,red_basket,purple_gnome,3,5,dark_forest,yellow_basket,25,0,0,1,purple_gnome,dark_forest,yellow_basket,1481,0,-1,15,0,120,6,1,,,,,,,,,,,,,,,,,,,,,,,,,,,,,,,,,,,,,,,,,,,,,,,,,,,,,,,,,,,,,,,,,,,,,
,,,,,,,,,,,,,,,,,,,,,,,,,,,,,,,,,,,,,,,,,,,,,,,,,,,,,,,,,,,,,,,,,,385373,001,2024-11-19_18h06.03.845,experiment,2023.2.3,MacIntel,62.5,5d2de4db914b6e001877da8f,673c6e3c1bdcd7f14d4497df,673ccd8341fc97f417430d03,,,,,,,,,,,,,,,,,,,,,,,,,,,,,,,,,,,,,,,,5,,,,,,,,,,,,,1,,,,,,,,,,,,,,,,,,,,,,,,,,,,,,,,,,,,,,,,,,,,,,,,,,,,s,0.471,,,,,1,orange_gnome,1,4,dark_forest,yellow_basket,yellow_gnome,1,8,bright_forest,red_basket,0,0,1,0,orange_gnome,dark_forest,yellow_basket,1481,1,0,15,1,121,4,1,,,,,,,,,,,,,,,,,,,,,,,,,,,,,,,,,,,,,,,,,,,,,,,,,,,,,,,,,,,,,,,,,,,,,
,,,,,,,,,,,,,,,,,,,,,,,,,,,,,,,,,,,,,,,,,,,,,,,,,,,,,,,,,,,,,,,,,,385373,001,2024-11-19_18h06.03.845,experiment,2023.2.3,MacIntel,62.5,5d2de4db914b6e001877da8f,673c6e3c1bdcd7f14d4497df,673ccd8341fc97f417430d03,,,,,,,,,,,,,,,,,,,,,,,,,,,,,,,,,,,,,,,,1,,,,,,,,,,,,,3,,,,,,,,,,,,,,,,,,,,,,,,,,,,,,,,,,,,,,,,,,,,,,,,,,,,k,0.523,,space,0.258,,3,green_gnome,3,9,bright_forest,red_basket,purple_gnome,3,4,dark_forest,yellow_basket,4,0,0,1,purple_gnome,dark_forest,yellow_basket,1485,1,0,15,2,122,2,1,,,,,,,,,,,,,,,,,,,,,,,,,,,,,,,,,,,,,,,,,,,,,,,,,,,,,,,,,,,,,,,,,,,,,
,,,,,,,,,,,,,,,,,,,,,,,,,,,,,,,,,,,,,,,,,,,,,,,,,,,,,,,,,,,,,,,,,,385373,001,2024-11-19_18h06.03.845,experiment,2023.2.3,MacIntel,62.5,5d2de4db914b6e001877da8f,673c6e3c1bdcd7f14d4497df,673ccd8341fc97f417430d03,,,,,,,,,,,,,,,,,,,,,,,,,,,,,,,,,,,,,,,,5,,,,,,,,,,,,,1,,,,,,,,,,,,,,,,,,,,,,,,,,,,,,,,,,,,,,,,,,,,,,,,,,,,s,0.638,,space,0.336,,1,orange_gnome,1,4,dark_forest,yellow_basket,yellow_gnome,1,8,bright_forest,red_basket,20,0,0,1,orange_gnome,dark_forest,yellow_basket,1505,-2,1,15,3,123,4,1,,,,,,,,,,,,,,,,,,,,,,,,,,,,,,,,,,,,,,,,,,,,,,,,,,,,,,,,,,,,,,,,,,,,,
,,,,,,,,,,,,,,,,,,,,,,,,,,,,,,,,,,,,,,,,,,,,,,,,,,,,,,,,,,,,,,,,,,385373,001,2024-11-19_18h06.03.845,experiment,2023.2.3,MacIntel,62.5,5d2de4db914b6e001877da8f,673c6e3c1bdcd7f14d4497df,673ccd8341fc97f417430d03,,,,,,,,,,,,,,,,,,,,,,,,,,,,,,,,,,,,,,,,5,,,,,,,,,,,,,1,,,,,,,,,,,,,,,,,,,,,,,,,,,,,,,,,,,,,,,,,,,,,,,,,,,,k,0.642,,,,,1,yellow_gnome,1,6,bright_forest,red_basket,orange_gnome,1,5,dark_forest,yellow_basket,0,0,1,0,orange_gnome,dark_forest,yellow_basket,1505,-3,-3,15,4,124,4,1,,,,,,,,,,,,,,,,,,,,,,,,,,,,,,,,,,,,,,,,,,,,,,,,,,,,,,,,,,,,,,,,,,,,,
,,,,,,,,,,,,,,,,,,,,,,,,,,,,,,,,,,,,,,,,,,,,,,,,,,,,,,,,,,,,,,,,,,385373,001,2024-11-19_18h06.03.845,experiment,2023.2.3,MacIntel,62.5,5d2de4db914b6e001877da8f,673c6e3c1bdcd7f14d4497df,673ccd8341fc97f417430d03,,,,,,,,,,,,,,,,,,,,,,,,,,,,,,,,,,,,,,,,5,,,,,,,,,,,,,3,,,,,,,,,,,,,,,,,,,,,,,,,,,,,,,,,,,,,,,,,,,,,,,,,,,,s,0.772,,space,0.012,,3,purple_gnome,3,2,dark_forest,yellow_basket,green_gnome,3,3,bright_forest,red_basket,10,0,0,1,purple_gnome,dark_forest,yellow_basket,1515,1,0,15,5,125,6,1,,,,,,,,,,,,,,,,,,,,,,,,,,,,,,,,,,,,,,,,,,,,,,,,,,,,,,,,,,,,,,,,,,,,,
,,,,,,,,,,,,,,,,,,,,,,,,,,,,,,,,,,,,,,,,,,,,,,,,,,,,,,,,,,,,,,,,,,385373,001,2024-11-19_18h06.03.845,experiment,2023.2.3,MacIntel,62.5,5d2de4db914b6e001877da8f,673c6e3c1bdcd7f14d4497df,673ccd8341fc97f417430d03,,,,,,,,,,,,,,,,,,,,,,,,,,,,,,,,,,,,,,,,5,,,,,,,,,,,,,2,,,,,,,,,,,,,,,,,,,,,,,,,,,,,,,,,,,,,,,,,,,,,,,,,,,,k,0.492,,space,0.24,,2,blue_gnome,2,4,bright_forest,red_basket,brown_gnome,2,2,dark_forest,yellow_basket,10,0,0,1,brown_gnome,dark_forest,yellow_basket,1525,3,0,15,6,126,5,1,,,,,,,,,,,,,,,,,,,,,,,,,,,,,,,,,,,,,,,,,,,,,,,,,,,,,,,,,,,,,,,,,,,,,
,,,,,,,,,,,,,,,,,,,,,,,,,,,,,,,,,,,,,,,,,,,,,,,,,,,,,,,,,,,,,,,,,,385373,001,2024-11-19_18h06.03.845,experiment,2023.2.3,MacIntel,62.5,5d2de4db914b6e001877da8f,673c6e3c1bdcd7f14d4497df,673ccd8341fc97f417430d03,,,,,,,,,,,,,,,,,,,,,,,,,,,,,,,,,,,,,,,,1,,,,,,,,,,,,,4,,,,,,,,,,,,,,,,,,,,,,,,,,,,,,,,,,,,,,,,,,,,,,,,,,,,k,0.955,,space,0.144,,4,pink_gnome,4,2,dark_forest,yellow_basket,red_gnome,4,7,bright_forest,red_basket,7,0,0,1,red_gnome,bright_forest,red_basket,1532,-2,2,15,7,127,3,1,space,5.999,,,,,,,,,,,,,,,,,,,,,,,,,,,,,,,,,,,,,,,,,,,,,,,,,,,,,,,,,,,,,,,,,,,
,,,,,,,,,,,,,,,,,,,,,,,,,,,,,,,,,,,,,,,,,,,,,,,,,,,,,,,,,,,,,,,,,,385373,001,2024-11-19_18h06.03.845,experiment,2023.2.3,MacIntel,62.5,5d2de4db914b6e001877da8f,673c6e3c1bdcd7f14d4497df,673ccd8341fc97f417430d03,,,,,,,,,,,,,,,,,,,,,,,,,,,,,,,,,,,,,,,,5,,,,,,,,,,,,,3,,,,,,,,,,,,,,,,,,,,,,,,,,,,,,,,,,,,,,,,,,,,,,,,,,,,s,0.719,,space,0.433,,3,green_gnome,3,5,bright_forest,red_basket,purple_gnome,3,4,dark_forest,yellow_basket,25,0,0,1,green_gnome,bright_forest,red_basket,1557,0,-1,16,0,128,6,1,,,,,,,,,,,,,,,,,,,,,,,,,,,,,,,,,,,,,,,,,,,,,,,,,,,,,,,,,,,,,,,,,,,,,
,,,,,,,,,,,,,,,,,,,,,,,,,,,,,,,,,,,,,,,,,,,,,,,,,,,,,,,,,,,,,,,,,,385373,001,2024-11-19_18h06.03.845,experiment,2023.2.3,MacIntel,62.5,5d2de4db914b6e001877da8f,673c6e3c1bdcd7f14d4497df,673ccd8341fc97f417430d03,,,,,,,,,,,,,,,,,,,,,,,,,,,,,,,,,,,,,,,,5,,,,,,,,,,,,,2,,,,,,,,,,,,,,,,,,,,,,,,,,,,,,,,,,,,,,,,,,,,,,,,,,,,s,0.606,,space,0.033,,2,blue_gnome,2,5,bright_forest,red_basket,brown_gnome,2,3,dark_forest,yellow_basket,25,0,0,1,blue_gnome,bright_forest,red_basket,1582,1,1,16,1,129,5,1,,,,,,,,,,,,,,,,,,,,,,,,,,,,,,,,,,,,,,,,,,,,,,,,,,,,,,,,,,,,,,,,,,,,,
,,,,,,,,,,,,,,,,,,,,,,,,,,,,,,,,,,,,,,,,,,,,,,,,,,,,,,,,,,,,,,,,,,385373,001,2024-11-19_18h06.03.845,experiment,2023.2.3,MacIntel,62.5,5d2de4db914b6e001877da8f,673c6e3c1bdcd7f14d4497df,673ccd8341fc97f417430d03,,,,,,,,,,,,,,,,,,,,,,,,,,,,,,,,,,,,,,,,1,,,,,,,,,,,,,2,,,,,,,,,,,,,,,,,,,,,,,,,,,,,,,,,,,,,,,,,,,,,,,,,,,,s,0.254,,space,0.234,,2,brown_gnome,2,4,dark_forest,yellow_basket,blue_gnome,2,6,bright_forest,red_basket,4,0,0,1,brown_gnome,dark_forest,yellow_basket,1586,2,3,16,2,130,1,1,,,,,,,,,,,,,,,,,,,,,,,,,,,,,,,,,,,,,,,,,,,,,,,,,,,,,,,,,,,,,,,,,,,,,
,,,,,,,,,,,,,,,,,,,,,,,,,,,,,,,,,,,,,,,,,,,,,,,,,,,,,,,,,,,,,,,,,,385373,001,2024-11-19_18h06.03.845,experiment,2023.2.3,MacIntel,62.5,5d2de4db914b6e001877da8f,673c6e3c1bdcd7f14d4497df,673ccd8341fc97f417430d03,,,,,,,,,,,,,,,,,,,,,,,,,,,,,,,,,,,,,,,,1,,,,,,,,,,,,,2,,,,,,,,,,,,,,,,,,,,,,,,,,,,,,,,,,,,,,,,,,,,,,,,,,,,k,0.76,,space,0.036,,2,brown_gnome,2,7,dark_forest,yellow_basket,blue_gnome,2,8,bright_forest,red_basket,8,0,0,1,blue_gnome,bright_forest,red_basket,1594,1,-2,16,3,131,1,1,,,,,,,,,,,,,,,,,,,,,,,,,,,,,,,,,,,,,,,,,,,,,,,,,,,,,,,,,,,,,,,,,,,,,
,,,,,,,,,,,,,,,,,,,,,,,,,,,,,,,,,,,,,,,,,,,,,,,,,,,,,,,,,,,,,,,,,,385373,001,2024-11-19_18h06.03.845,experiment,2023.2.3,MacIntel,62.5,5d2de4db914b6e001877da8f,673c6e3c1bdcd7f14d4497df,673ccd8341fc97f417430d03,,,,,,,,,,,,,,,,,,,,,,,,,,,,,,,,,,,,,,,,1,,,,,,,,,,,,,3,,,,,,,,,,,,,,,,,,,,,,,,,,,,,,,,,,,,,,,,,,,,,,,,,,,,s,0.554,,space,0.171,,3,purple_gnome,3,5,dark_forest,yellow_basket,green_gnome,3,9,bright_forest,red_basket,5,0,0,1,purple_gnome,dark_forest,yellow_basket,1599,-2,1,16,4,132,2,1,,,,,,,,,,,,,,,,,,,,,,,,,,,,,,,,,,,,,,,,,,,,,,,,,,,,,,,,,,,,,,,,,,,,,
,,,,,,,,,,,,,,,,,,,,,,,,,,,,,,,,,,,,,,,,,,,,,,,,,,,,,,,,,,,,,,,,,,385373,001,2024-11-19_18h06.03.845,experiment,2023.2.3,MacIntel,62.5,5d2de4db914b6e001877da8f,673c6e3c1bdcd7f14d4497df,673ccd8341fc97f417430d03,,,,,,,,,,,,,,,,,,,,,,,,,,,,,,,,,,,,,,,,1,,,,,,,,,,,,,3,,,,,,,,,,,,,,,,,,,,,,,,,,,,,,,,,,,,,,,,,,,,,,,,,,,,s,0.069,,space,0.083,,3,green_gnome,3,7,bright_forest,red_basket,purple_gnome,3,6,dark_forest,yellow_basket,7,0,0,1,green_gnome,bright_forest,red_basket,1606,-1,-2,16,5,133,2,1,,,,,,,,,,,,,,,,,,,,,,,,,,,,,,,,,,,,,,,,,,,,,,,,,,,,,,,,,,,,,,,,,,,,,
,,,,,,,,,,,,,,,,,,,,,,,,,,,,,,,,,,,,,,,,,,,,,,,,,,,,,,,,,,,,,,,,,,385373,001,2024-11-19_18h06.03.845,experiment,2023.2.3,MacIntel,62.5,5d2de4db914b6e001877da8f,673c6e3c1bdcd7f14d4497df,673ccd8341fc97f417430d03,,,,,,,,,,,,,,,,,,,,,,,,,,,,,,,,,,,,,,,,5,,,,,,,,,,,,,2,,,,,,,,,,,,,,,,,,,,,,,,,,,,,,,,,,,,,,,,,,,,,,,,,,,,k,0.653,,space,0.245,,2,brown_gnome,2,4,dark_forest,yellow_basket,blue_gnome,2,6,bright_forest,red_basket,30,0,0,1,blue_gnome,bright_forest,red_basket,1636,3,-1,16,6,134,5,1,,,,,,,,,,,,,,,,,,,,,,,,,,,,,,,,,,,,,,,,,,,,,,,,,,,,,,,,,,,,,,,,,,,,,
,,,,,,,,,,,,,,,,,,,,,,,,,,,,,,,,,,,,,,,,,,,,,,,,,,,,,,,,,,,,,,,,,,385373,001,2024-11-19_18h06.03.845,experiment,2023.2.3,MacIntel,62.5,5d2de4db914b6e001877da8f,673c6e3c1bdcd7f14d4497df,673ccd8341fc97f417430d03,,,,,,,,,,,,,,,,,,,,,,,,,,,,,,,,,,,,,,,,5,,,,,,,,,,,,,1,,,,,,,,,,,,,,,,,,,,,,,,,,,,,,,,,,,,,,,,,,,,,,,,,,,,k,0.689,,space,0.041,,1,orange_gnome,1,3,dark_forest,yellow_basket,yellow_gnome,1,9,bright_forest,red_basket,45,0,0,1,yellow_gnome,bright_forest,red_basket,1681,1,0,16,7,135,4,1,,,,,,,,,,,,,,,,,,,,,,,,,,,,,,,,,,,,,,,,,,,,,,,,,,,,,,,,,,,,,,,,,,,,,
,,,,,,,,,,,,,,,,,,,,,,,,,,,,,,,,,,,,,,,,,,,,,,,,,,,,,,,,,,,,,,,,,,385373,001,2024-11-19_18h06.03.845,experiment,2023.2.3,MacIntel,62.5,5d2de4db914b6e001877da8f,673c6e3c1bdcd7f14d4497df,673ccd8341fc97f417430d03,,,,,,,,,,,,,,,,,,,,,,,,,,,,,,,,,,,,,,,,5,,,,,,,,,,,,,4,,,,,,,,,,,,,,,,,,,,,,,,,,,,,,,,,,,,,,,,,,,,,,,,,,,,k,0.822,,space,0.249,,4,pink_gnome,4,3,dark_forest,yellow_basket,red_gnome,4,8,bright_forest,red_basket,40,0,0,1,red_gnome,bright_forest,red_basket,1721,3,1,17,0,136,7,1,,,,,,,,,,,,,,,,,,,,,,,,,,,,,,,,,,,,,,,,,,,,,,,,,,,,,,,,,,,,,,,,,,,,,
,,,,,,,,,,,,,,,,,,,,,,,,,,,,,,,,,,,,,,,,,,,,,,,,,,,,,,,,,,,,,,,,,,385373,001,2024-11-19_18h06.03.845,experiment,2023.2.3,MacIntel,62.5,5d2de4db914b6e001877da8f,673c6e3c1bdcd7f14d4497df,673ccd8341fc97f417430d03,,,,,,,,,,,,,,,,,,,,,,,,,,,,,,,,,,,,,,,,5,,,,,,,,,,,,,3,,,,,,,,,,,,,,,,,,,,,,,,,,,,,,,,,,,,,,,,,,,,,,,,,,,,k,0.611,,space,0.201,,3,purple_gnome,3,4,dark_forest,yellow_basket,green_gnome,3,7,bright_forest,red_basket,35,0,0,1,green_gnome,bright_forest,red_basket,1756,1,-5,17,1,137,6,1,,,,,,,,,,,,,,,,,,,,,,,,,,,,,,,,,,,,,,,,,,,,,,,,,,,,,,,,,,,,,,,,,,,,,
,,,,,,,,,,,,,,,,,,,,,,,,,,,,,,,,,,,,,,,,,,,,,,,,,,,,,,,,,,,,,,,,,,385373,001,2024-11-19_18h06.03.845,experiment,2023.2.3,MacIntel,62.5,5d2de4db914b6e001877da8f,673c6e3c1bdcd7f14d4497df,673ccd8341fc97f417430d03,,,,,,,,,,,,,,,,,,,,,,,,,,,,,,,,,,,,,,,,1,,,,,,,,,,,,,2,,,,,,,,,,,,,,,,,,,,,,,,,,,,,,,,,,,,,,,,,,,,,,,,,,,,s,0.738,,space,0.066,,2,blue_gnome,2,8,bright_forest,red_basket,brown_gnome,2,1,dark_forest,yellow_basket,8,0,0,1,blue_gnome,bright_forest,red_basket,1764,3,-1,17,2,138,1,1,,,,,,,,,,,,,,,,,,,,,,,,,,,,,,,,,,,,,,,,,,,,,,,,,,,,,,,,,,,,,,,,,,,,,
,,,,,,,,,,,,,,,,,,,,,,,,,,,,,,,,,,,,,,,,,,,,,,,,,,,,,,,,,,,,,,,,,,385373,001,2024-11-19_18h06.03.845,experiment,2023.2.3,MacIntel,62.5,5d2de4db914b6e001877da8f,673c6e3c1bdcd7f14d4497df,673ccd8341fc97f417430d03,,,,,,,,,,,,,,,,,,,,,,,,,,,,,,,,,,,,,,,,1,,,,,,,,,,,,,1,,,,,,,,,,,,,,,,,,,,,,,,,,,,,,,,,,,,,,,,,,,,,,,,,,,,k,0.611,,space,0.117,,1,orange_gnome,1,0,dark_forest,yellow_basket,yellow_gnome,1,7,bright_forest,red_basket,7,0,0,1,yellow_gnome,bright_forest,red_basket,1771,0,-2,17,3,139,0,1,,,,,,,,,,,,,,,,,,,,,,,,,,,,,,,,,,,,,,,,,,,,,,,,,,,,,,,,,,,,,,,,,,,,,
,,,,,,,,,,,,,,,,,,,,,,,,,,,,,,,,,,,,,,,,,,,,,,,,,,,,,,,,,,,,,,,,,,385373,001,2024-11-19_18h06.03.845,experiment,2023.2.3,MacIntel,62.5,5d2de4db914b6e001877da8f,673c6e3c1bdcd7f14d4497df,673ccd8341fc97f417430d03,,,,,,,,,,,,,,,,,,,,,,,,,,,,,,,,,,,,,,,,1,,,,,,,,,,,,,2,,,,,,,,,,,,,,,,,,,,,,,,,,,,,,,,,,,,,,,,,,,,,,,,,,,,k,0.726,,space,0.517,,2,brown_gnome,2,2,dark_forest,yellow_basket,blue_gnome,2,7,bright_forest,red_basket,7,0,0,1,blue_gnome,bright_forest,red_basket,1778,-1,-3,17,4,140,1,1,,,,,,,,,,,,,,,,,,,,,,,,,,,,,,,,,,,,,,,,,,,,,,,,,,,,,,,,,,,,,,,,,,,,,
,,,,,,,,,,,,,,,,,,,,,,,,,,,,,,,,,,,,,,,,,,,,,,,,,,,,,,,,,,,,,,,,,,385373,001,2024-11-19_18h06.03.845,experiment,2023.2.3,MacIntel,62.5,5d2de4db914b6e001877da8f,673c6e3c1bdcd7f14d4497df,673ccd8341fc97f417430d03,,,,,,,,,,,,,,,,,,,,,,,,,,,,,,,,,,,,,,,,5,,,,,,,,,,,,,3,,,,,,,,,,,,,,,,,,,,,,,,,,,,,,,,,,,,,,,,,,,,,,,,,,,,s,0.604,,space,0.083,,3,green_gnome,3,6,bright_forest,red_basket,purple_gnome,3,1,dark_forest,yellow_basket,30,0,0,1,green_gnome,bright_forest,red_basket,1808,1,-1,17,5,141,6,1,,,,,,,,,,,,,,,,,,,,,,,,,,,,,,,,,,,,,,,,,,,,,,,,,,,,,,,,,,,,,,,,,,,,,
,,,,,,,,,,,,,,,,,,,,,,,,,,,,,,,,,,,,,,,,,,,,,,,,,,,,,,,,,,,,,,,,,,385373,001,2024-11-19_18h06.03.845,experiment,2023.2.3,MacIntel,62.5,5d2de4db914b6e001877da8f,673c6e3c1bdcd7f14d4497df,673ccd8341fc97f417430d03,,,,,,,,,,,,,,,,,,,,,,,,,,,,,,,,,,,,,,,,1,,,,,,,,,,,,,1,,,,,,,,,,,,,,,,,,,,,,,,,,,,,,,,,,,,,,,,,,,,,,,,,,,,s,0.574,,space,0.048,,1,yellow_gnome,1,7,bright_forest,red_basket,orange_gnome,1,0,dark_forest,yellow_basket,7,0,0,1,yellow_gnome,bright_forest,red_basket,1815,2,1,17,6,142,0,1,,,,,,,,,,,,,,,,,,,,,,,,,,,,,,,,,,,,,,,,,,,,,,,,,,,,,,,,,,,,,,,,,,,,,
,,,,,,,,,,,,,,,,,,,,,,,,,,,,,,,,,,,,,,,,,,,,,,,,,,,,,,,,,,,,,,,,,,385373,001,2024-11-19_18h06.03.845,experiment,2023.2.3,MacIntel,62.5,5d2de4db914b6e001877da8f,673c6e3c1bdcd7f14d4497df,673ccd8341fc97f417430d03,,,,,,,,,,,,,,,,,,,,,,,,,,,,,,,,,,,,,,,,5,,,,,,,,,,,,,3,,,,,,,,,,,,,,,,,,,,,,,,,,,,,,,,,,,,,,,,,,,,,,,,,,,,s,0.676,,space,0.134,,3,green_gnome,3,9,bright_forest,red_basket,purple_gnome,3,1,dark_forest,yellow_basket,45,0,0,1,green_gnome,bright_forest,red_basket,1860,3,0,17,7,143,6,1,,,,,,,,,,,,,,,,,,,,,,,,,,,,,,,,,,,,,,,,,,,,,,,,,,,,,,,,,,,,,,,,,,,,,
,,,,,,,,,,,,,,,,,,,,,,,,,,,,,,,,,,,,,,,,,,,,,,,,,,,,,,,,,,,,,,,,,,385373,001,2024-11-19_18h06.03.845,experiment,2023.2.3,MacIntel,62.5,5d2de4db914b6e001877da8f,673c6e3c1bdcd7f14d4497df,673ccd8341fc97f417430d03,,,,,,,,,,,,,,,,,,,,,,,,,,,,,,,,,,,,,,,,5,,,,,,,,,,,,,4,,,,,,,,,,,,,,,,,,,,,,,,,,,,,,,,,,,,,,,,,,,,,,,,,,,,s,0.756,,space,0.063,,4,red_gnome,4,6,bright_forest,red_basket,pink_gnome,4,1,dark_forest,yellow_basket,30,0,0,1,red_gnome,bright_forest,red_basket,1890,0,-1,18,0,144,7,1,,,,,,,,,,,,,,,,,,,,,,,,,,,,,,,,,,,,,,,,,,,,,,,,,,,,,,,,,,,,,,,,,,,,,
,,,,,,,,,,,,,,,,,,,,,,,,,,,,,,,,,,,,,,,,,,,,,,,,,,,,,,,,,,,,,,,,,,385373,001,2024-11-19_18h06.03.845,experiment,2023.2.3,MacIntel,62.5,5d2de4db914b6e001877da8f,673c6e3c1bdcd7f14d4497df,673ccd8341fc97f417430d03,,,,,,,,,,,,,,,,,,,,,,,,,,,,,,,,,,,,,,,,5,,,,,,,,,,,,,2,,,,,,,,,,,,,,,,,,,,,,,,,,,,,,,,,,,,,,,,,,,,,,,,,,,,s,0.745,,space,0.152,,2,blue_gnome,2,6,bright_forest,red_basket,brown_gnome,2,0,dark_forest,yellow_basket,30,0,0,1,blue_gnome,bright_forest,red_basket,1920,2,3,18,1,145,5,1,,,,,,,,,,,,,,,,,,,,,,,,,,,,,,,,,,,,,,,,,,,,,,,,,,,,,,,,,,,,,,,,,,,,,
,,,,,,,,,,,,,,,,,,,,,,,,,,,,,,,,,,,,,,,,,,,,,,,,,,,,,,,,,,,,,,,,,,385373,001,2024-11-19_18h06.03.845,experiment,2023.2.3,MacIntel,62.5,5d2de4db914b6e001877da8f,673c6e3c1bdcd7f14d4497df,673ccd8341fc97f417430d03,,,,,,,,,,,,,,,,,,,,,,,,,,,,,,,,,,,,,,,,5,,,,,,,,,,,,,4,,,,,,,,,,,,,,,,,,,,,,,,,,,,,,,,,,,,,,,,,,,,,,,,,,,,s,0.528,,space,0.028,,4,pink_gnome,4,3,dark_forest,yellow_basket,red_gnome,4,8,bright_forest,red_basket,15,0,0,1,pink_gnome,dark_forest,yellow_basket,1935,2,2,18,2,146,7,1,,,,,,,,,,,,,,,,,,,,,,,,,,,,,,,,,,,,,,,,,,,,,,,,,,,,,,,,,,,,,,,,,,,,,
,,,,,,,,,,,,,,,,,,,,,,,,,,,,,,,,,,,,,,,,,,,,,,,,,,,,,,,,,,,,,,,,,,385373,001,2024-11-19_18h06.03.845,experiment,2023.2.3,MacIntel,62.5,5d2de4db914b6e001877da8f,673c6e3c1bdcd7f14d4497df,673ccd8341fc97f417430d03,,,,,,,,,,,,,,,,,,,,,,,,,,,,,,,,,,,,,,,,1,,,,,,,,,,,,,3,,,,,,,,,,,,,,,,,,,,,,,,,,,,,,,,,,,,,,,,,,,,,,,,,,,,s,0.755,,space,0.484,,3,green_gnome,3,8,bright_forest,red_basket,purple_gnome,3,5,dark_forest,yellow_basket,8,0,0,1,green_gnome,bright_forest,red_basket,1943,-2,-2,18,3,147,2,1,,,,,,,,,,,,,,,,,,,,,,,,,,,,,,,,,,,,,,,,,,,,,,,,,,,,,,,,,,,,,,,,,,,,,
,,,,,,,,,,,,,,,,,,,,,,,,,,,,,,,,,,,,,,,,,,,,,,,,,,,,,,,,,,,,,,,,,,385373,001,2024-11-19_18h06.03.845,experiment,2023.2.3,MacIntel,62.5,5d2de4db914b6e001877da8f,673c6e3c1bdcd7f14d4497df,673ccd8341fc97f417430d03,,,,,,,,,,,,,,,,,,,,,,,,,,,,,,,,,,,,,,,,5,,,,,,,,,,,,,4,,,,,,,,,,,,,,,,,,,,,,,,,,,,,,,,,,,,,,,,,,,,,,,,,,,,k,0.59,,space,0.203,,4,red_gnome,4,6,bright_forest,red_basket,pink_gnome,4,3,dark_forest,yellow_basket,15,0,0,1,pink_gnome,dark_forest,yellow_basket,1958,2,1,18,4,148,7,1,,,,,,,,,,,,,,,,,,,,,,,,,,,,,,,,,,,,,,,,,,,,,,,,,,,,,,,,,,,,,,,,,,,,,
,,,,,,,,,,,,,,,,,,,,,,,,,,,,,,,,,,,,,,,,,,,,,,,,,,,,,,,,,,,,,,,,,,385373,001,2024-11-19_18h06.03.845,experiment,2023.2.3,MacIntel,62.5,5d2de4db914b6e001877da8f,673c6e3c1bdcd7f14d4497df,673ccd8341fc97f417430d03,,,,,,,,,,,,,,,,,,,,,,,,,,,,,,,,,,,,,,,,5,,,,,,,,,,,,,3,,,,,,,,,,,,,,,,,,,,,,,,,,,,,,,,,,,,,,,,,,,,,,,,,,,,k,0.789,,space,0.135,,3,purple_gnome,3,4,dark_forest,yellow_basket,green_gnome,3,8,bright_forest,red_basket,40,0,0,1,green_gnome,bright_forest,red_basket,1998,0,-2,18,5,149,6,1,,,,,,,,,,,,,,,,,,,,,,,,,,,,,,,,,,,,,,,,,,,,,,,,,,,,,,,,,,,,,,,,,,,,,
,,,,,,,,,,,,,,,,,,,,,,,,,,,,,,,,,,,,,,,,,,,,,,,,,,,,,,,,,,,,,,,,,,385373,001,2024-11-19_18h06.03.845,experiment,2023.2.3,MacIntel,62.5,5d2de4db914b6e001877da8f,673c6e3c1bdcd7f14d4497df,673ccd8341fc97f417430d03,,,,,,,,,,,,,,,,,,,,,,,,,,,,,,,,,,,,,,,,5,,,,,,,,,,,,,2,,,,,,,,,,,,,,,,,,,,,,,,,,,,,,,,,,,,,,,,,,,,,,,,,,,,s,0.97,,space,0.268,,2,blue_gnome,2,8,bright_forest,red_basket,brown_gnome,2,2,dark_forest,yellow_basket,40,0,0,1,blue_gnome,bright_forest,red_basket,2038,1,-1,18,6,150,5,1,,,,,,,,,,,,,,,,,,,,,,,,,,,,,,,,,,,,,,,,,,,,,,,,,,,,,,,,,,,,,,,,,,,,,
,,,,,,,,,,,,,,,,,,,,,,,,,,,,,,,,,,,,,,,,,,,,,,,,,,,,,,,,,,,,,,,,,,385373,001,2024-11-19_18h06.03.845,experiment,2023.2.3,MacIntel,62.5,5d2de4db914b6e001877da8f,673c6e3c1bdcd7f14d4497df,673ccd8341fc97f417430d03,,,,,,,,,,,,,,,,,,,,,,,,,,,,,,,,,,,,,,,,5,,,,,,,,,,,,,4,,,,,,,,,,,,,,,,,,,,,,,,,,,,,,,,,,,,,,,,,,,,,,,,,,,,k,1.141,,space,0.188,,4,pink_gnome,4,1,dark_forest,yellow_basket,red_gnome,4,9,bright_forest,red_basket,45,0,0,1,red_gnome,bright_forest,red_basket,2083,-4,2,18,7,151,7,1,,,,,,,,,,,,,,,,,,,,,,,,,,,,,,,,,,,,,,,,,,,,,,,,,,,,,,,,,,,,,,,,,,,,,
,,,,,,,,,,,,,,,,,,,,,,,,,,,,,,,,,,,,,,,,,,,,,,,,,,,,,,,,,,,,,,,,,,385373,001,2024-11-19_18h06.03.845,experiment,2023.2.3,MacIntel,62.5,5d2de4db914b6e001877da8f,673c6e3c1bdcd7f14d4497df,673ccd8341fc97f417430d03,,,,,,,,,,,,,,,,,,,,,,,,,,,,,,,,,,,,,,,,5,,,,,,,,,,,,,3,,,,,,,,,,,,,,,,,,,,,,,,,,,,,,,,,,,,,,,,,,,,,,,,,,,,k,0.788,,space,0.054,,3,purple_gnome,3,3,dark_forest,yellow_basket,green_gnome,3,5,bright_forest,red_basket,25,0,0,1,green_gnome,bright_forest,red_basket,2108,2,2,19,0,152,6,1,,,,,,,,,,,,,,,,,,,,,,,,,,,,,,,,,,,,,,,,,,,,,,,,,,,,,,,,,,,,,,,,,,,,,
,,,,,,,,,,,,,,,,,,,,,,,,,,,,,,,,,,,,,,,,,,,,,,,,,,,,,,,,,,,,,,,,,,385373,001,2024-11-19_18h06.03.845,experiment,2023.2.3,MacIntel,62.5,5d2de4db914b6e001877da8f,673c6e3c1bdcd7f14d4497df,673ccd8341fc97f417430d03,,,,,,,,,,,,,,,,,,,,,,,,,,,,,,,,,,,,,,,,5,,,,,,,,,,,,,1,,,,,,,,,,,,,,,,,,,,,,,,,,,,,,,,,,,,,,,,,,,,,,,,,,,,k,0.904,,space,0.234,,1,orange_gnome,1,5,dark_forest,yellow_basket,yellow_gnome,1,7,bright_forest,red_basket,35,0,0,1,yellow_gnome,bright_forest,red_basket,2143,3,0,19,1,153,4,1,,,,,,,,,,,,,,,,,,,,,,,,,,,,,,,,,,,,,,,,,,,,,,,,,,,,,,,,,,,,,,,,,,,,,
,,,,,,,,,,,,,,,,,,,,,,,,,,,,,,,,,,,,,,,,,,,,,,,,,,,,,,,,,,,,,,,,,,385373,001,2024-11-19_18h06.03.845,experiment,2023.2.3,MacIntel,62.5,5d2de4db914b6e001877da8f,673c6e3c1bdcd7f14d4497df,673ccd8341fc97f417430d03,,,,,,,,,,,,,,,,,,,,,,,,,,,,,,,,,,,,,,,,1,,,,,,,,,,,,,4,,,,,,,,,,,,,,,,,,,,,,,,,,,,,,,,,,,,,,,,,,,,,,,,,,,,k,0.687,,space,0.303,,4,pink_gnome,4,5,dark_forest,yellow_basket,red_gnome,4,8,bright_forest,red_basket,8,0,0,1,red_gnome,bright_forest,red_basket,2151,0,2,19,2,154,3,1,,,,,,,,,,,,,,,,,,,,,,,,,,,,,,,,,,,,,,,,,,,,,,,,,,,,,,,,,,,,,,,,,,,,,
,,,,,,,,,,,,,,,,,,,,,,,,,,,,,,,,,,,,,,,,,,,,,,,,,,,,,,,,,,,,,,,,,,385373,001,2024-11-19_18h06.03.845,experiment,2023.2.3,MacIntel,62.5,5d2de4db914b6e001877da8f,673c6e3c1bdcd7f14d4497df,673ccd8341fc97f417430d03,,,,,,,,,,,,,,,,,,,,,,,,,,,,,,,,,,,,,,,,1,,,,,,,,,,,,,4,,,,,,,,,,,,,,,,,,,,,,,,,,,,,,,,,,,,,,,,,,,,,,,,,,,,k,0.744,,space,0.523,,4,pink_gnome,4,7,dark_forest,yellow_basket,red_gnome,4,8,bright_forest,red_basket,8,0,0,1,red_gnome,bright_forest,red_basket,2159,2,2,19,3,155,3,1,,,,,,,,,,,,,,,,,,,,,,,,,,,,,,,,,,,,,,,,,,,,,,,,,,,,,,,,,,,,,,,,,,,,,
,,,,,,,,,,,,,,,,,,,,,,,,,,,,,,,,,,,,,,,,,,,,,,,,,,,,,,,,,,,,,,,,,,385373,001,2024-11-19_18h06.03.845,experiment,2023.2.3,MacIntel,62.5,5d2de4db914b6e001877da8f,673c6e3c1bdcd7f14d4497df,673ccd8341fc97f417430d03,,,,,,,,,,,,,,,,,,,,,,,,,,,,,,,,,,,,,,,,1,,,,,,,,,,,,,1,,,,,,,,,,,,,,,,,,,,,,,,,,,,,,,,,,,,,,,,,,,,,,,,,,,,k,0.556,,space,0.325,,1,orange_gnome,1,9,dark_forest,yellow_basket,yellow_gnome,1,8,bright_forest,red_basket,8,0,0,1,yellow_gnome,bright_forest,red_basket,2167,-2,3,19,4,156,0,1,,,,,,,,,,,,,,,,,,,,,,,,,,,,,,,,,,,,,,,,,,,,,,,,,,,,,,,,,,,,,,,,,,,,,
,,,,,,,,,,,,,,,,,,,,,,,,,,,,,,,,,,,,,,,,,,,,,,,,,,,,,,,,,,,,,,,,,,385373,001,2024-11-19_18h06.03.845,experiment,2023.2.3,MacIntel,62.5,5d2de4db914b6e001877da8f,673c6e3c1bdcd7f14d4497df,673ccd8341fc97f417430d03,,,,,,,,,,,,,,,,,,,,,,,,,,,,,,,,,,,,,,,,1,,,,,,,,,,,,,1,,,,,,,,,,,,,,,,,,,,,,,,,,,,,,,,,,,,,,,,,,,,,,,,,,,,k,0.639,,space,0.253,,1,yellow_gnome,1,6,bright_forest,red_basket,orange_gnome,1,6,dark_forest,yellow_basket,6,0,0,1,orange_gnome,dark_forest,yellow_basket,2173,-1,-2,19,5,157,0,1,,,,,,,,,,,,,,,,,,,,,,,,,,,,,,,,,,,,,,,,,,,,,,,,,,,,,,,,,,,,,,,,,,,,,
,,,,,,,,,,,,,,,,,,,,,,,,,,,,,,,,,,,,,,,,,,,,,,,,,,,,,,,,,,,,,,,,,,385373,001,2024-11-19_18h06.03.845,experiment,2023.2.3,MacIntel,62.5,5d2de4db914b6e001877da8f,673c6e3c1bdcd7f14d4497df,673ccd8341fc97f417430d03,,,,,,,,,,,,,,,,,,,,,,,,,,,,,,,,,,,,,,,,1,,,,,,,,,,,,,3,,,,,,,,,,,,,,,,,,,,,,,,,,,,,,,,,,,,,,,,,,,,,,,,,,,,s,0.972,,space,0.402,,3,green_gnome,3,5,bright_forest,red_basket,purple_gnome,3,4,dark_forest,yellow_basket,5,0,0,1,green_gnome,bright_forest,red_basket,2178,-1,0,19,6,158,2,1,,,,,,,,,,,,,,,,,,,,,,,,,,,,,,,,,,,,,,,,,,,,,,,,,,,,,,,,,,,,,,,,,,,,,
,,,,,,,,,,,,,,,,,,,,,,,,,,,,,,,,,,,,,,,,,,,,,,,,,,,,,,,,,,,,,,,,,,385373,001,2024-11-19_18h06.03.845,experiment,2023.2.3,MacIntel,62.5,5d2de4db914b6e001877da8f,673c6e3c1bdcd7f14d4497df,673ccd8341fc97f417430d03,,,,,,,,,,,,,,,,,,,,,,,,,,,,,,,,,,,,,,,,5,,,,,,,,,,,,,1,,,,,,,,,,,,,,,,,,,,,,,,,,,,,,,,,,,,,,,,,,,,,,,,,,,,k,0.586,,space,0.065,,1,orange_gnome,1,4,dark_forest,yellow_basket,yellow_gnome,1,4,bright_forest,red_basket,20,0,0,1,yellow_gnome,bright_forest,red_basket,2198,-1,1,19,7,159,4,1,,,,,,,,,,,,,,,,,,,,,,,,,,,,,,,,,,,,,,,,,,,,,,,,,,,,,,,,,,,,,,,,,,,,,
,,,,,,,,,,,,,,,,,,,,,,,,,,,,,,,,,,,,,,,,,,,,,,,,,,,,,,,,,,,,,,,,,,385373,001,2024-11-19_18h06.03.845,experiment,2023.2.3,MacIntel,62.5,5d2de4db914b6e001877da8f,673c6e3c1bdcd7f14d4497df,673ccd8341fc97f417430d03,,,,,,,,,,,,,,,,,,,,,,,,,,,,,,,,,,,,,,,,1,,,,,,,,,,,,,1,,,,,,,,,,,,,,,,,,,,,,,,,,,,,,,,,,,,,,,,,,,,,,,,,,,,k,0.524,,space,0.068,,1,orange_gnome,1,5,dark_forest,yellow_basket,yellow_gnome,1,3,bright_forest,red_basket,3,0,0,1,yellow_gnome,bright_forest,red_basket,2201,-1,-2,20,0,160,0,1,,,,,,,,,,,,,,,,,,,,,,,,,,,,,,,,,,,,,,,,,,,,,,,,,,,,,,,,,,,,,,,,,,,,,
,,,,,,,,,,,,,,,,,,,,,,,,,,,,,,,,,,,,,,,,,,,,,,,,,,,,,,,,,,,,,,,,,,385373,001,2024-11-19_18h06.03.845,experiment,2023.2.3,MacIntel,62.5,5d2de4db914b6e001877da8f,673c6e3c1bdcd7f14d4497df,673ccd8341fc97f417430d03,,,,,,,,,,,,,,,,,,,,,,,,,,,,,,,,,,,,,,,,5,,,,,,,,,,,,,4,,,,,,,,,,,,,,,,,,,,,,,,,,,,,,,,,,,,,,,,,,,,,,,,,,,,k,0.79,,space,0.096,,4,pink_gnome,4,3,dark_forest,yellow_basket,red_gnome,4,2,bright_forest,red_basket,10,0,0,1,red_gnome,bright_forest,red_basket,2211,-1,-3,20,1,161,7,1,,,,,,,,,,,,,,,,,,,,,,,,,,,,,,,,,,,,,,,,,,,,,,,,,,,,,,,,,,,,,,,,,,,,,
,,,,,,,,,,,,,,,,,,,,,,,,,,,,,,,,,,,,,,,,,,,,,,,,,,,,,,,,,,,,,,,,,,385373,001,2024-11-19_18h06.03.845,experiment,2023.2.3,MacIntel,62.5,5d2de4db914b6e001877da8f,673c6e3c1bdcd7f14d4497df,673ccd8341fc97f417430d03,,,,,,,,,,,,,,,,,,,,,,,,,,,,,,,,,,,,,,,,1,,,,,,,,,,,,,2,,,,,,,,,,,,,,,,,,,,,,,,,,,,,,,,,,,,,,,,,,,,,,,,,,,,s,0.668,,space,0.082,,2,blue_gnome,2,1,bright_forest,red_basket,brown_gnome,2,0,dark_forest,yellow_basket,1,0,0,1,blue_gnome,bright_forest,red_basket,2212,-3,-2,20,2,162,1,1,,,,,,,,,,,,,,,,,,,,,,,,,,,,,,,,,,,,,,,,,,,,,,,,,,,,,,,,,,,,,,,,,,,,,
,,,,,,,,,,,,,,,,,,,,,,,,,,,,,,,,,,,,,,,,,,,,,,,,,,,,,,,,,,,,,,,,,,385373,001,2024-11-19_18h06.03.845,experiment,2023.2.3,MacIntel,62.5,5d2de4db914b6e001877da8f,673c6e3c1bdcd7f14d4497df,673ccd8341fc97f417430d03,,,,,,,,,,,,,,,,,,,,,,,,,,,,,,,,,,,,,,,,5,,,,,,,,,,,,,2,,,,,,,,,,,,,,,,,,,,,,,,,,,,,,,,,,,,,,,,,,,,,,,,,,,,k,0.472,,space,0.057,,2,blue_gnome,2,2,bright_forest,red_basket,brown_gnome,2,2,dark_forest,yellow_basket,10,0,0,1,brown_gnome,dark_forest,yellow_basket,2222,2,1,20,3,163,5,1,,,,,,,,,,,,,,,,,,,,,,,,,,,,,,,,,,,,,,,,,,,,,,,,,,,,,,,,,,,,,,,,,,,,,
,,,,,,,,,,,,,,,,,,,,,,,,,,,,,,,,,,,,,,,,,,,,,,,,,,,,,,,,,,,,,,,,,,385373,001,2024-11-19_18h06.03.845,experiment,2023.2.3,MacIntel,62.5,5d2de4db914b6e001877da8f,673c6e3c1bdcd7f14d4497df,673ccd8341fc97f417430d03,,,,,,,,,,,,,,,,,,,,,,,,,,,,,,,,,,,,,,,,5,,,,,,,,,,,,,1,,,,,,,,,,,,,,,,,,,,,,,,,,,,,,,,,,,,,,,,,,,,,,,,,,,,s,1.075,,space,0.267,,1,yellow_gnome,1,4,bright_forest,red_basket,orange_gnome,1,3,dark_forest,yellow_basket,20,0,0,1,yellow_gnome,bright_forest,red_basket,2242,0,3,20,4,164,4,1,,,,,,,,,,,,,,,,,,,,,,,,,,,,,,,,,,,,,,,,,,,,,,,,,,,,,,,,,,,,,,,,,,,,,
,,,,,,,,,,,,,,,,,,,,,,,,,,,,,,,,,,,,,,,,,,,,,,,,,,,,,,,,,,,,,,,,,,385373,001,2024-11-19_18h06.03.845,experiment,2023.2.3,MacIntel,62.5,5d2de4db914b6e001877da8f,673c6e3c1bdcd7f14d4497df,673ccd8341fc97f417430d03,,,,,,,,,,,,,,,,,,,,,,,,,,,,,,,,,,,,,,,,1,,,,,,,,,,,,,3,,,,,,,,,,,,,,,,,,,,,,,,,,,,,,,,,,,,,,,,,,,,,,,,,,,,k,0.624,,space,0.119,,3,purple_gnome,3,6,dark_forest,yellow_basket,green_gnome,3,4,bright_forest,red_basket,4,0,0,1,green_gnome,bright_forest,red_basket,2246,0,-1,20,5,165,2,1,,,,,,,,,,,,,,,,,,,,,,,,,,,,,,,,,,,,,,,,,,,,,,,,,,,,,,,,,,,,,,,,,,,,,
,,,,,,,,,,,,,,,,,,,,,,,,,,,,,,,,,,,,,,,,,,,,,,,,,,,,,,,,,,,,,,,,,,385373,001,2024-11-19_18h06.03.845,experiment,2023.2.3,MacIntel,62.5,5d2de4db914b6e001877da8f,673c6e3c1bdcd7f14d4497df,673ccd8341fc97f417430d03,,,,,,,,,,,,,,,,,,,,,,,,,,,,,,,,,,,,,,,,5,,,,,,,,,,,,,4,,,,,,,,,,,,,,,,,,,,,,,,,,,,,,,,,,,,,,,,,,,,,,,,,,,,k,0.936,,space,0.188,,4,pink_gnome,4,5,dark_forest,yellow_basket,red_gnome,4,4,bright_forest,red_basket,20,0,0,1,red_gnome,bright_forest,red_basket,2266,-2,-2,20,6,166,7,1,,,,,,,,,,,,,,,,,,,,,,,,,,,,,,,,,,,,,,,,,,,,,,,,,,,,,,,,,,,,,,,,,,,,,
,,,,,,,,,,,,,,,,,,,,,,,,,,,,,,,,,,,,,,,,,,,,,,,,,,,,,,,,,,,,,,,,,,385373,001,2024-11-19_18h06.03.845,experiment,2023.2.3,MacIntel,62.5,5d2de4db914b6e001877da8f,673c6e3c1bdcd7f14d4497df,673ccd8341fc97f417430d03,,,,,,,,,,,,,,,,,,,,,,,,,,,,,,,,,,,,,,,,5,,,,,,,,,,,,,3,,,,,,,,,,,,,,,,,,,,,,,,,,,,,,,,,,,,,,,,,,,,,,,,,,,,k,0.588,,space,0.065,,3,purple_gnome,3,3,dark_forest,yellow_basket,green_gnome,3,2,bright_forest,red_basket,10,0,0,1,green_gnome,bright_forest,red_basket,2276,1,-1,20,7,167,6,1,,,,,,,,,,,,,,,,,,,,,,,,,,,,,,,,,,,,,,,,,,,,,,,,,,,,,,,,,,,,,,,,,,,,,
,,,,,,,,,,,,,,,,,,,,,,,,,,,,,,,,,,,,,,,,,,,,,,,,,,,,,,,,,,,,,,,,,,385373,001,2024-11-19_18h06.03.845,experiment,2023.2.3,MacIntel,62.5,5d2de4db914b6e001877da8f,673c6e3c1bdcd7f14d4497df,673ccd8341fc97f417430d03,,,,,,,,,,,,,,,,,,,,,,,,,,,,,,,,,,,,,,,,1,,,,,,,,,,,,,1,,,,,,,,,,,,,,,,,,,,,,,,,,,,,,,,,,,,,,,,,,,,,,,,,,,,k,0.644,,space,0.257,,1,orange_gnome,1,2,dark_forest,yellow_basket,yellow_gnome,1,3,bright_forest,red_basket,3,0,0,1,yellow_gnome,bright_forest,red_basket,2279,-2,2,21,0,168,0,1,,,,,,,,,,,,,,,,,,,,,,,,,,,,,,,,,,,,,,,,,,,,,,,,,,,,,,,,,,,,,,,,,,,,,
,,,,,,,,,,,,,,,,,,,,,,,,,,,,,,,,,,,,,,,,,,,,,,,,,,,,,,,,,,,,,,,,,,385373,001,2024-11-19_18h06.03.845,experiment,2023.2.3,MacIntel,62.5,5d2de4db914b6e001877da8f,673c6e3c1bdcd7f14d4497df,673ccd8341fc97f417430d03,,,,,,,,,,,,,,,,,,,,,,,,,,,,,,,,,,,,,,,,1,,,,,,,,,,,,,2,,,,,,,,,,,,,,,,,,,,,,,,,,,,,,,,,,,,,,,,,,,,,,,,,,,,s,0.805,,space,0.639,,2,brown_gnome,2,4,dark_forest,yellow_basket,blue_gnome,2,1,bright_forest,red_basket,4,0,0,1,brown_gnome,dark_forest,yellow_basket,2283,1,0,21,1,169,1,1,,,,,,,,,,,,,,,,,,,,,,,,,,,,,,,,,,,,,,,,,,,,,,,,,,,,,,,,,,,,,,,,,,,,,
,,,,,,,,,,,,,,,,,,,,,,,,,,,,,,,,,,,,,,,,,,,,,,,,,,,,,,,,,,,,,,,,,,385373,001,2024-11-19_18h06.03.845,experiment,2023.2.3,MacIntel,62.5,5d2de4db914b6e001877da8f,673c6e3c1bdcd7f14d4497df,673ccd8341fc97f417430d03,,,,,,,,,,,,,,,,,,,,,,,,,,,,,,,,,,,,,,,,1,,,,,,,,,,,,,2,,,,,,,,,,,,,,,,,,,,,,,,,,,,,,,,,,,,,,,,,,,,,,,,,,,,s,1.038,,space,0.454,,2,brown_gnome,2,4,dark_forest,yellow_basket,blue_gnome,2,2,bright_forest,red_basket,4,0,0,1,brown_gnome,dark_forest,yellow_basket,2287,-1,2,21,2,170,1,1,,,,,,,,,,,,,,,,,,,,,,,,,,,,,,,,,,,,,,,,,,,,,,,,,,,,,,,,,,,,,,,,,,,,,
,,,,,,,,,,,,,,,,,,,,,,,,,,,,,,,,,,,,,,,,,,,,,,,,,,,,,,,,,,,,,,,,,,385373,001,2024-11-19_18h06.03.845,experiment,2023.2.3,MacIntel,62.5,5d2de4db914b6e001877da8f,673c6e3c1bdcd7f14d4497df,673ccd8341fc97f417430d03,,,,,,,,,,,,,,,,,,,,,,,,,,,,,,,,,,,,,,,,1,,,,,,,,,,,,,4,,,,,,,,,,,,,,,,,,,,,,,,,,,,,,,,,,,,,,,,,,,,,,,,,,,,s,0.672,,space,0.318,,4,red_gnome,4,1,bright_forest,red_basket,pink_gnome,4,6,dark_forest,yellow_basket,1,0,0,1,red_gnome,bright_forest,red_basket,2288,-1,-1,21,3,171,3,1,,,,,,,,,,,,,,,,,,,,,,,,,,,,,,,,,,,,,,,,,,,,,,,,,,,,,,,,,,,,,,,,,,,,,
,,,,,,,,,,,,,,,,,,,,,,,,,,,,,,,,,,,,,,,,,,,,,,,,,,,,,,,,,,,,,,,,,,385373,001,2024-11-19_18h06.03.845,experiment,2023.2.3,MacIntel,62.5,5d2de4db914b6e001877da8f,673c6e3c1bdcd7f14d4497df,673ccd8341fc97f417430d03,,,,,,,,,,,,,,,,,,,,,,,,,,,,,,,,,,,,,,,,5,,,,,,,,,,,,,4,,,,,,,,,,,,,,,,,,,,,,,,,,,,,,,,,,,,,,,,,,,,,,,,,,,,k,0.472,,space,0.385,,4,red_gnome,4,0,bright_forest,red_basket,pink_gnome,4,5,dark_forest,yellow_basket,25,0,0,1,pink_gnome,dark_forest,yellow_basket,2313,-3,0,21,4,172,7,1,,,,,,,,,,,,,,,,,,,,,,,,,,,,,,,,,,,,,,,,,,,,,,,,,,,,,,,,,,,,,,,,,,,,,
,,,,,,,,,,,,,,,,,,,,,,,,,,,,,,,,,,,,,,,,,,,,,,,,,,,,,,,,,,,,,,,,,,385373,001,2024-11-19_18h06.03.845,experiment,2023.2.3,MacIntel,62.5,5d2de4db914b6e001877da8f,673c6e3c1bdcd7f14d4497df,673ccd8341fc97f417430d03,,,,,,,,,,,,,,,,,,,,,,,,,,,,,,,,,,,,,,,,1,,,,,,,,,,,,,2,,,,,,,,,,,,,,,,,,,,,,,,,,,,,,,,,,,,,,,,,,,,,,,,,,,,k,0.755,,space,0.27,,2,brown_gnome,2,5,dark_forest,yellow_basket,blue_gnome,2,3,bright_forest,red_basket,3,0,0,1,blue_gnome,bright_forest,red_basket,2316,-1,-2,21,5,173,1,1,,,,,,,,,,,,,,,,,,,,,,,,,,,,,,,,,,,,,,,,,,,,,,,,,,,,,,,,,,,,,,,,,,,,,
,,,,,,,,,,,,,,,,,,,,,,,,,,,,,,,,,,,,,,,,,,,,,,,,,,,,,,,,,,,,,,,,,,385373,001,2024-11-19_18h06.03.845,experiment,2023.2.3,MacIntel,62.5,5d2de4db914b6e001877da8f,673c6e3c1bdcd7f14d4497df,673ccd8341fc97f417430d03,,,,,,,,,,,,,,,,,,,,,,,,,,,,,,,,,,,,,,,,1,,,,,,,,,,,,,3,,,,,,,,,,,,,,,,,,,,,,,,,,,,,,,,,,,,,,,,,,,,,,,,,,,,s,0.652,,space,0.293,,3,green_gnome,3,2,bright_forest,red_basket,purple_gnome,3,3,dark_forest,yellow_basket,2,0,0,1,green_gnome,bright_forest,red_basket,2318,1,3,21,6,174,2,1,,,,,,,,,,,,,,,,,,,,,,,,,,,,,,,,,,,,,,,,,,,,,,,,,,,,,,,,,,,,,,,,,,,,,
,,,,,,,,,,,,,,,,,,,,,,,,,,,,,,,,,,,,,,,,,,,,,,,,,,,,,,,,,,,,,,,,,,385373,001,2024-11-19_18h06.03.845,experiment,2023.2.3,MacIntel,62.5,5d2de4db914b6e001877da8f,673c6e3c1bdcd7f14d4497df,673ccd8341fc97f417430d03,,,,,,,,,,,,,,,,,,,,,,,,,,,,,,,,,,,,,,,,5,,,,,,,,,,,,,2,,,,,,,,,,,,,,,,,,,,,,,,,,,,,,,,,,,,,,,,,,,,,,,,,,,,s,0.472,,space,0.184,,2,blue_gnome,2,3,bright_forest,red_basket,brown_gnome,2,6,dark_forest,yellow_basket,15,0,0,1,blue_gnome,bright_forest,red_basket,2333,-2,1,21,7,175,5,1,,,,,,,,,,,,,,,,,,,,,,,,,,,,,,,,,,,,,,,,,,,,,,,,,,,,,,,,,,,,,,,,,,,,,
,,,,,,,,,,,,,,,,,,,,,,,,,,,,,,,,,,,,,,,,,,,,,,,,,,,,,,,,,,,,,,,,,,385373,001,2024-11-19_18h06.03.845,experiment,2023.2.3,MacIntel,62.5,5d2de4db914b6e001877da8f,673c6e3c1bdcd7f14d4497df,673ccd8341fc97f417430d03,,,,,,,,,,,,,,,,,,,,,,,,,,,,,,,,,,,,,,,,1,,,,,,,,,,,,,3,,,,,,,,,,,,,,,,,,,,,,,,,,,,,,,,,,,,,,,,,,,,,,,,,,,,k,0.629,,space,0.154,,3,purple_gnome,3,7,dark_forest,yellow_basket,green_gnome,3,1,bright_forest,red_basket,1,0,0,1,green_gnome,bright_forest,red_basket,2334,-1,1,22,0,176,2,1,,,,2305.73,2315.745,,,,,,,,,,,,,,,,,,,,,,,,,,,,,,,,,,,,,,,,,,,,,,,,,,,,,,,,,,,,,,,,
,,,,,,,,,,,,,,,,,,,,,,,,,,,,,,,,,,,,,,,,,,,,,,,,,,,,,,,,,,,,,,,,,,385373,001,2024-11-19_18h06.03.845,experiment,2023.2.3,MacIntel,62.5,5d2de4db914b6e001877da8f,673c6e3c1bdcd7f14d4497df,673ccd8341fc97f417430d03,,,,,,,,,,,,,,,,,,,,,,,,,,,,,,,,,,,,,,,,5,,,,,,,,,,,,,2,,,,,,,,,,,,,,,,,,,,,,,,,,,,,,,,,,,,,,,,,,,,,,,,,,,,k,1.054,,space,0.049,,2,brown_gnome,2,8,dark_forest,yellow_basket,blue_gnome,2,0,bright_forest,red_basket,0,0,0,1,blue_gnome,bright_forest,red_basket,2334,0,1,22,1,177,5,1,,,,,,,,,,,,,,,,,,,,,,,,,,,,,,,,,,,,,,,,,,,,,,,,,,,,,,,,,,,,,,,,,,,,,
,,,,,,,,,,,,,,,,,,,,,,,,,,,,,,,,,,,,,,,,,,,,,,,,,,,,,,,,,,,,,,,,,,385373,001,2024-11-19_18h06.03.845,experiment,2023.2.3,MacIntel,62.5,5d2de4db914b6e001877da8f,673c6e3c1bdcd7f14d4497df,673ccd8341fc97f417430d03,,,,,,,,,,,,,,,,,,,,,,,,,,,,,,,,,,,,,,,,1,,,,,,,,,,,,,3,,,,,,,,,,,,,,,,,,,,,,,,,,,,,,,,,,,,,,,,,,,,,,,,,,,,s,0.539,,space,0.236,,3,purple_gnome,3,9,dark_forest,yellow_basket,green_gnome,3,0,bright_forest,red_basket,9,0,0,1,purple_gnome,dark_forest,yellow_basket,2343,0,3,22,2,178,2,1,,,,,,,,,,,,,,,,,,,,,,,,,,,,,,,,,,,,,,,,,,,,,,,,,,,,,,,,,,,,,,,,,,,,,
,,,,,,,,,,,,,,,,,,,,,,,,,,,,,,,,,,,,,,,,,,,,,,,,,,,,,,,,,,,,,,,,,,385373,001,2024-11-19_18h06.03.845,experiment,2023.2.3,MacIntel,62.5,5d2de4db914b6e001877da8f,673c6e3c1bdcd7f14d4497df,673ccd8341fc97f417430d03,,,,,,,,,,,,,,,,,,,,,,,,,,,,,,,,,,,,,,,,5,,,,,,,,,,,,,1,,,,,,,,,,,,,,,,,,,,,,,,,,,,,,,,,,,,,,,,,,,,,,,,,,,,k,0.708,,space,0.234,,1,orange_gnome,1,6,dark_forest,yellow_basket,yellow_gnome,1,0,bright_forest,red_basket,0,0,0,1,yellow_gnome,bright_forest,red_basket,2343,1,0,22,3,179,4,1,,,,,,,,,,,,,,,,,,,,,,,,,,,,,,,,,,,,,,,,,,,,,,,,,,,,,,,,,,,,,,,,,,,,,
,,,,,,,,,,,,,,,,,,,,,,,,,,,,,,,,,,,,,,,,,,,,,,,,,,,,,,,,,,,,,,,,,,385373,001,2024-11-19_18h06.03.845,experiment,2023.2.3,MacIntel,62.5,5d2de4db914b6e001877da8f,673c6e3c1bdcd7f14d4497df,673ccd8341fc97f417430d03,,,,,,,,,,,,,,,,,,,,,,,,,,,,,,,,,,,,,,,,5,,,,,,,,,,,,,4,,,,,,,,,,,,,,,,,,,,,,,,,,,,,,,,,,,,,,,,,,,,,,,,,,,,k,0.839,,space,0.19,,4,pink_gnome,4,6,dark_forest,yellow_basket,red_gnome,4,1,bright_forest,red_basket,5,0,0,1,red_gnome,bright_forest,red_basket,2348,3,-3,22,4,180,7,1,,,,,,,,,,,,,,,,,,,,,,,,,,,,,,,,,,,,,,,,,,,,,,,,,,,,,,,,,,,,,,,,,,,,,
,,,,,,,,,,,,,,,,,,,,,,,,,,,,,,,,,,,,,,,,,,,,,,,,,,,,,,,,,,,,,,,,,,385373,001,2024-11-19_18h06.03.845,experiment,2023.2.3,MacIntel,62.5,5d2de4db914b6e001877da8f,673c6e3c1bdcd7f14d4497df,673ccd8341fc97f417430d03,,,,,,,,,,,,,,,,,,,,,,,,,,,,,,,,,,,,,,,,5,,,,,,,,,,,,,4,,,,,,,,,,,,,,,,,,,,,,,,,,,,,,,,,,,,,,,,,,,,,,,,,,,,s,0.97,,space,0.286,,4,red_gnome,4,4,bright_forest,red_basket,pink_gnome,4,3,dark_forest,yellow_basket,20,0,0,1,red_gnome,bright_forest,red_basket,2368,-4,0,22,5,181,7,1,,,,,,,,,,,,,,,,,,,,,,,,,,,,,,,,,,,,,,,,,,,,,,,,,,,,,,,,,,,,,,,,,,,,,
,,,,,,,,,,,,,,,,,,,,,,,,,,,,,,,,,,,,,,,,,,,,,,,,,,,,,,,,,,,,,,,,,,385373,001,2024-11-19_18h06.03.845,experiment,2023.2.3,MacIntel,62.5,5d2de4db914b6e001877da8f,673c6e3c1bdcd7f14d4497df,673ccd8341fc97f417430d03,,,,,,,,,,,,,,,,,,,,,,,,,,,,,,,,,,,,,,,,1,,,,,,,,,,,,,3,,,,,,,,,,,,,,,,,,,,,,,,,,,,,,,,,,,,,,,,,,,,,,,,,,,,s,0.953,,space,0.15,,3,purple_gnome,3,3,dark_forest,yellow_basket,green_gnome,3,0,bright_forest,red_basket,3,0,0,1,purple_gnome,dark_forest,yellow_basket,2371,-1,0,22,6,182,2,1,,,,,,,,,,,,,,,,,,,,,,,,,,,,,,,,,,,,,,,,,,,,,,,,,,,,,,,,,,,,,,,,,,,,,
,,,,,,,,,,,,,,,,,,,,,,,,,,,,,,,,,,,,,,,,,,,,,,,,,,,,,,,,,,,,,,,,,,385373,001,2024-11-19_18h06.03.845,experiment,2023.2.3,MacIntel,62.5,5d2de4db914b6e001877da8f,673c6e3c1bdcd7f14d4497df,673ccd8341fc97f417430d03,,,,,,,,,,,,,,,,,,,,,,,,,,,,,,,,,,,,,,,,1,,,,,,,,,,,,,3,,,,,,,,,,,,,,,,,,,,,,,,,,,,,,,,,,,,,,,,,,,,,,,,,,,,k,0.839,,space,0.133,,3,purple_gnome,3,3,dark_forest,yellow_basket,green_gnome,3,1,bright_forest,red_basket,1,0,0,1,green_gnome,bright_forest,red_basket,2372,2,1,22,7,183,2,1,,,,,,,,,,,,,,,,,,,,,,,,,,,,,,,,,,,,,,,,,,,,,,,,,,,,,,,,,,,,,,,,,,,,,
,,,,,,,,,,,,,,,,,,,,,,,,,,,,,,,,,,,,,,,,,,,,,,,,,,,,,,,,,,,,,,,,,,385373,001,2024-11-19_18h06.03.845,experiment,2023.2.3,MacIntel,62.5,5d2de4db914b6e001877da8f,673c6e3c1bdcd7f14d4497df,673ccd8341fc97f417430d03,,,,,,,,,,,,,,,,,,,,,,,,,,,,,,,,,,,,,,,,1,,,,,,,,,,,,,1,,,,,,,,,,,,,,,,,,,,,,,,,,,,,,,,,,,,,,,,,,,,,,,,,,,,s,0.905,,space,0.284,,1,orange_gnome,1,4,dark_forest,yellow_basket,yellow_gnome,1,3,bright_forest,red_basket,4,0,0,1,orange_gnome,dark_forest,yellow_basket,2376,1,-1,23,0,184,0,1,,,,,,,,,,,,,,,,,,,,,,,,,,,,,,,,,,,,,,,,,,,,,,,,,,,,,,,,,,,,,,,,,,,,,
,,,,,,,,,,,,,,,,,,,,,,,,,,,,,,,,,,,,,,,,,,,,,,,,,,,,,,,,,,,,,,,,,,385373,001,2024-11-19_18h06.03.845,experiment,2023.2.3,MacIntel,62.5,5d2de4db914b6e001877da8f,673c6e3c1bdcd7f14d4497df,673ccd8341fc97f417430d03,,,,,,,,,,,,,,,,,,,,,,,,,,,,,,,,,,,,,,,,5,,,,,,,,,,,,,1,,,,,,,,,,,,,,,,,,,,,,,,,,,,,,,,,,,,,,,,,,,,,,,,,,,,s,1.006,,space,0.221,,1,orange_gnome,1,3,dark_forest,yellow_basket,yellow_gnome,1,4,bright_forest,red_basket,15,0,0,1,orange_gnome,dark_forest,yellow_basket,2391,0,1,23,1,185,4,1,,,,,,,,,,,,,,,,,,,,,,,,,,,,,,,,,,,,,,,,,,,,,,,,,,,,,,,,,,,,,,,,,,,,,
,,,,,,,,,,,,,,,,,,,,,,,,,,,,,,,,,,,,,,,,,,,,,,,,,,,,,,,,,,,,,,,,,,385373,001,2024-11-19_18h06.03.845,experiment,2023.2.3,MacIntel,62.5,5d2de4db914b6e001877da8f,673c6e3c1bdcd7f14d4497df,673ccd8341fc97f417430d03,,,,,,,,,,,,,,,,,,,,,,,,,,,,,,,,,,,,,,,,5,,,,,,,,,,,,,4,,,,,,,,,,,,,,,,,,,,,,,,,,,,,,,,,,,,,,,,,,,,,,,,,,,,s,0.821,,space,0.201,,4,red_gnome,4,4,bright_forest,red_basket,pink_gnome,4,4,dark_forest,yellow_basket,20,0,0,1,red_gnome,bright_forest,red_basket,2411,-1,-2,23,2,186,7,1,,,,,,,,,,,,,,,,,,,,,,,,,,,,,,,,,,,,,,,,,,,,,,,,,,,,,,,,,,,,,,,,,,,,,
,,,,,,,,,,,,,,,,,,,,,,,,,,,,,,,,,,,,,,,,,,,,,,,,,,,,,,,,,,,,,,,,,,385373,001,2024-11-19_18h06.03.845,experiment,2023.2.3,MacIntel,62.5,5d2de4db914b6e001877da8f,673c6e3c1bdcd7f14d4497df,673ccd8341fc97f417430d03,,,,,,,,,,,,,,,,,,,,,,,,,,,,,,,,,,,,,,,,5,,,,,,,,,,,,,1,,,,,,,,,,,,,,,,,,,,,,,,,,,,,,,,,,,,,,,,,,,,,,,,,,,,k,1.039,,space,0.373,,1,yellow_gnome,1,3,bright_forest,red_basket,orange_gnome,1,2,dark_forest,yellow_basket,10,0,0,1,orange_gnome,dark_forest,yellow_basket,2421,0,4,23,3,187,4,1,,,,,,,,,,,,,,,,,,,,,,,,,,,,,,,,,,,,,,,,,,,,,,,,,,,,,,,,,,,,,,,,,,,,,
,,,,,,,,,,,,,,,,,,,,,,,,,,,,,,,,,,,,,,,,,,,,,,,,,,,,,,,,,,,,,,,,,,385373,001,2024-11-19_18h06.03.845,experiment,2023.2.3,MacIntel,62.5,5d2de4db914b6e001877da8f,673c6e3c1bdcd7f14d4497df,673ccd8341fc97f417430d03,,,,,,,,,,,,,,,,,,,,,,,,,,,,,,,,,,,,,,,,5,,,,,,,,,,,,,3,,,,,,,,,,,,,,,,,,,,,,,,,,,,,,,,,,,,,,,,,,,,,,,,,,,,k,0.723,,space,0.102,,3,green_gnome,3,3,bright_forest,red_basket,purple_gnome,3,6,dark_forest,yellow_basket,30,0,0,1,purple_gnome,dark_forest,yellow_basket,2451,2,0,23,4,188,6,1,,,,,,,,,,,,,,,,,,,,,,,,,,,,,,,,,,,,,,,,,,,,,,,,,,,,,,,,,,,,,,,,,,,,,
,,,,,,,,,,,,,,,,,,,,,,,,,,,,,,,,,,,,,,,,,,,,,,,,,,,,,,,,,,,,,,,,,,385373,001,2024-11-19_18h06.03.845,experiment,2023.2.3,MacIntel,62.5,5d2de4db914b6e001877da8f,673c6e3c1bdcd7f14d4497df,673ccd8341fc97f417430d03,,,,,,,,,,,,,,,,,,,,,,,,,,,,,,,,,,,,,,,,1,,,,,,,,,,,,,2,,,,,,,,,,,,,,,,,,,,,,,,,,,,,,,,,,,,,,,,,,,,,,,,,,,,s,0.555,,space,0.219,,2,brown_gnome,2,6,dark_forest,yellow_basket,blue_gnome,2,5,bright_forest,red_basket,6,0,0,1,brown_gnome,dark_forest,yellow_basket,2457,2,0,23,5,189,1,1,,,,,,,,,,,,,,,,,,,,,,,,,,,,,,,,,,,,,,,,,,,,,,,,,,,,,,,,,,,,,,,,,,,,,
,,,,,,,,,,,,,,,,,,,,,,,,,,,,,,,,,,,,,,,,,,,,,,,,,,,,,,,,,,,,,,,,,,385373,001,2024-11-19_18h06.03.845,experiment,2023.2.3,MacIntel,62.5,5d2de4db914b6e001877da8f,673c6e3c1bdcd7f14d4497df,673ccd8341fc97f417430d03,,,,,,,,,,,,,,,,,,,,,,,,,,,,,,,,,,,,,,,,5,,,,,,,,,,,,,2,,,,,,,,,,,,,,,,,,,,,,,,,,,,,,,,,,,,,,,,,,,,,,,,,,,,k,0.521,,space,0.208,,2,blue_gnome,2,7,bright_forest,red_basket,brown_gnome,2,6,dark_forest,yellow_basket,30,0,0,1,brown_gnome,dark_forest,yellow_basket,2487,2,-5,23,6,190,5,1,,,,,,,,,,,,,,,,,,,,,,,,,,,,,,,,,,,,,,,,,,,,,,,,,,,,,,,,,,,,,,,,,,,,,
,,,,,,,,,,,,,,,,,,,,,,,,,,,,,,,,,,,,,,,,,,,,,,,,,,,,,,,,,,,,,,,,,,385373,001,2024-11-19_18h06.03.845,experiment,2023.2.3,MacIntel,62.5,5d2de4db914b6e001877da8f,673c6e3c1bdcd7f14d4497df,673ccd8341fc97f417430d03,,,,,,,,,,,,,,,,,,,,,,,,,,,,,,,,,,,,,,,,1,,,,,,,,,,,,,3,,,,,,,,,,,,,,,,,,,,,,,,,,,,,,,,,,,,,,,,,,,,,,,,,,,,k,0.793,,space,0.013,,3,green_gnome,3,9,bright_forest,red_basket,purple_gnome,3,1,dark_forest,yellow_basket,1,0,0,1,purple_gnome,dark_forest,yellow_basket,2488,-5,3,23,7,191,2,1,space,1.605,,,,,,,,,,,,,,,,,,,,,,,,,,,,,,,,,,,,,,,,,,,,,,,,,,,,,,,,,,,,,,,,,,,
,,,,,,,,,,,,,,,,,,,,,,,,,,,,,,,,,,,,,,,,,,,,,,,,,,,,,,,,,,,,,,,,,,385373,001,2024-11-19_18h06.03.845,experiment,2023.2.3,MacIntel,62.5,5d2de4db914b6e001877da8f,673c6e3c1bdcd7f14d4497df,673ccd8341fc97f417430d03,,,,,,,,,,,,,,,,,,,,,,,,,,,,,,,,,,,,,,,,5,,,,,,,,,,,,,3,,,,,,,,,,,,,,,,,,,,,,,,,,,,,,,,,,,,,,,,,,,,,,,,,,,,k,0.604,,space,0.404,,3,green_gnome,3,4,bright_forest,red_basket,purple_gnome,3,4,dark_forest,yellow_basket,20,0,0,1,purple_gnome,dark_forest,yellow_basket,2508,0,1,24,0,192,6,1,,,,,,,,,,,,,,,,,,,,,,,,,,,,,,,,,,,,,,,,,,,,,,,,,,,,,,,,,,,,,,,,,,,,,
,,,,,,,,,,,,,,,,,,,,,,,,,,,,,,,,,,,,,,,,,,,,,,,,,,,,,,,,,,,,,,,,,,385373,001,2024-11-19_18h06.03.845,experiment,2023.2.3,MacIntel,62.5,5d2de4db914b6e001877da8f,673c6e3c1bdcd7f14d4497df,673ccd8341fc97f417430d03,,,,,,,,,,,,,,,,,,,,,,,,,,,,,,,,,,,,,,,,5,,,,,,,,,,,,,3,,,,,,,,,,,,,,,,,,,,,,,,,,,,,,,,,,,,,,,,,,,,,,,,,,,,s,0.601,,space,0.204,,3,purple_gnome,3,5,dark_forest,yellow_basket,green_gnome,3,4,bright_forest,red_basket,25,0,0,1,purple_gnome,dark_forest,yellow_basket,2533,-2,1,24,1,193,6,1,,,,,,,,,,,,,,,,,,,,,,,,,,,,,,,,,,,,,,,,,,,,,,,,,,,,,,,,,,,,,,,,,,,,,
,,,,,,,,,,,,,,,,,,,,,,,,,,,,,,,,,,,,,,,,,,,,,,,,,,,,,,,,,,,,,,,,,,385373,001,2024-11-19_18h06.03.845,experiment,2023.2.3,MacIntel,62.5,5d2de4db914b6e001877da8f,673c6e3c1bdcd7f14d4497df,673ccd8341fc97f417430d03,,,,,,,,,,,,,,,,,,,,,,,,,,,,,,,,,,,,,,,,1,,,,,,,,,,,,,2,,,,,,,,,,,,,,,,,,,,,,,,,,,,,,,,,,,,,,,,,,,,,,,,,,,,k,0.52,,space,0.254,,2,blue_gnome,2,2,bright_forest,red_basket,brown_gnome,2,6,dark_forest,yellow_basket,6,0,0,1,brown_gnome,dark_forest,yellow_basket,2539,3,3,24,2,194,1,1,,,,,,,,,,,,,,,,,,,,,,,,,,,,,,,,,,,,,,,,,,,,,,,,,,,,,,,,,,,,,,,,,,,,,
,,,,,,,,,,,,,,,,,,,,,,,,,,,,,,,,,,,,,,,,,,,,,,,,,,,,,,,,,,,,,,,,,,385373,001,2024-11-19_18h06.03.845,experiment,2023.2.3,MacIntel,62.5,5d2de4db914b6e001877da8f,673c6e3c1bdcd7f14d4497df,673ccd8341fc97f417430d03,,,,,,,,,,,,,,,,,,,,,,,,,,,,,,,,,,,,,,,,5,,,,,,,,,,,,,1,,,,,,,,,,,,,,,,,,,,,,,,,,,,,,,,,,,,,,,,,,,,,,,,,,,,s,0.605,,space,0.317,,1,orange_gnome,1,9,dark_forest,yellow_basket,yellow_gnome,1,5,bright_forest,red_basket,45,0,0,1,orange_gnome,dark_forest,yellow_basket,2584,-3,1,24,3,195,4,1,,,,,,,,,,,,,,,,,,,,,,,,,,,,,,,,,,,,,,,,,,,,,,,,,,,,,,,,,,,,,,,,,,,,,
,,,,,,,,,,,,,,,,,,,,,,,,,,,,,,,,,,,,,,,,,,,,,,,,,,,,,,,,,,,,,,,,,,385373,001,2024-11-19_18h06.03.845,experiment,2023.2.3,MacIntel,62.5,5d2de4db914b6e001877da8f,673c6e3c1bdcd7f14d4497df,673ccd8341fc97f417430d03,,,,,,,,,,,,,,,,,,,,,,,,,,,,,,,,,,,,,,,,1,,,,,,,,,,,,,1,,,,,,,,,,,,,,,,,,,,,,,,,,,,,,,,,,,,,,,,,,,,,,,,,,,,s,0.589,,space,0.32,,1,orange_gnome,1,8,dark_forest,yellow_basket,yellow_gnome,1,2,bright_forest,red_basket,8,0,0,1,orange_gnome,dark_forest,yellow_basket,2592,-4,3,24,4,196,0,1,,,,,,,,,,,,,,,,,,,,,,,,,,,,,,,,,,,,,,,,,,,,,,,,,,,,,,,,,,,,,,,,,,,,,
,,,,,,,,,,,,,,,,,,,,,,,,,,,,,,,,,,,,,,,,,,,,,,,,,,,,,,,,,,,,,,,,,,385373,001,2024-11-19_18h06.03.845,experiment,2023.2.3,MacIntel,62.5,5d2de4db914b6e001877da8f,673c6e3c1bdcd7f14d4497df,673ccd8341fc97f417430d03,,,,,,,,,,,,,,,,,,,,,,,,,,,,,,,,,,,,,,,,1,,,,,,,,,,,,,1,,,,,,,,,,,,,,,,,,,,,,,,,,,,,,,,,,,,,,,,,,,,,,,,,,,,s,0.67,,space,0.226,,1,orange_gnome,1,7,dark_forest,yellow_basket,yellow_gnome,1,2,bright_forest,red_basket,7,0,0,1,orange_gnome,dark_forest,yellow_basket,2599,4,0,24,5,197,0,1,,,,,,,,,,,,,,,,,,,,,,,,,,,,,,,,,,,,,,,,,,,,,,,,,,,,,,,,,,,,,,,,,,,,,
,,,,,,,,,,,,,,,,,,,,,,,,,,,,,,,,,,,,,,,,,,,,,,,,,,,,,,,,,,,,,,,,,,385373,001,2024-11-19_18h06.03.845,experiment,2023.2.3,MacIntel,62.5,5d2de4db914b6e001877da8f,673c6e3c1bdcd7f14d4497df,673ccd8341fc97f417430d03,,,,,,,,,,,,,,,,,,,,,,,,,,,,,,,,,,,,,,,,1,,,,,,,,,,,,,4,,,,,,,,,,,,,,,,,,,,,,,,,,,,,,,,,,,,,,,,,,,,,,,,,,,,s,0.606,,space,0.064,,4,red_gnome,4,6,bright_forest,red_basket,pink_gnome,4,7,dark_forest,yellow_basket,6,0,0,1,red_gnome,bright_forest,red_basket,2605,1,2,24,6,198,3,1,,,,,,,,,,,,,,,,,,,,,,,,,,,,,,,,,,,,,,,,,,,,,,,,,,,,,,,,,,,,,,,,,,,,,
,,,,,,,,,,,,,,,,,,,,,,,,,,,,,,,,,,,,,,,,,,,,,,,,,,,,,,,,,,,,,,,,,,385373,001,2024-11-19_18h06.03.845,experiment,2023.2.3,MacIntel,62.5,5d2de4db914b6e001877da8f,673c6e3c1bdcd7f14d4497df,673ccd8341fc97f417430d03,,,,,,,,,,,,,,,,,,,,,,,,,,,,,,,,,,,,,,,,1,,,,,,,,,,,,,4,,,,,,,,,,,,,,,,,,,,,,,,,,,,,,,,,,,,,,,,,,,,,,,,,,,,k,0.704,,space,0.667,,4,pink_gnome,4,9,dark_forest,yellow_basket,red_gnome,4,7,bright_forest,red_basket,7,0,0,1,red_gnome,bright_forest,red_basket,2612,1,1,24,7,199,3,1,,,,,,,,,,,,,,,,,,,,,,,,,,,,,,,,,,,,,,,,,,,,,,,,,,,,,,,,,,,,,,,,,,,,,
,,,,,,,,,,,,,,,,,,,,,,,,,,,,,,,,,,,,,,,,,,,,,,,,,,,,,,,,,,,,,,,,,,385373,001,2024-11-19_18h06.03.845,experiment,2023.2.3,MacIntel,62.5,5d2de4db914b6e001877da8f,673c6e3c1bdcd7f14d4497df,673ccd8341fc97f417430d03,,,,,,,,,,,,,,,,,,,,,,,,,,,,,,,,,,,,,,,,5,,,,,,,,,,,,,4,,,,,,,,,,,,,,,,,,,,,,,,,,,,,,,,,,,,,,,,,,,,,,,,,,,,k,0.49,,space,0.274,,4,pink_gnome,4,8,dark_forest,yellow_basket,red_gnome,4,8,bright_forest,red_basket,40,0,0,1,red_gnome,bright_forest,red_basket,2652,2,-3,25,0,200,7,1,,,,,,,,,,,,,,,,,,,,,,,,,,,,,,,,,,,,,,,,,,,,,,,,,,,,,,,,,,,,,,,,,,,,,
,,,,,,,,,,,,,,,,,,,,,,,,,,,,,,,,,,,,,,,,,,,,,,,,,,,,,,,,,,,,,,,,,,385373,001,2024-11-19_18h06.03.845,experiment,2023.2.3,MacIntel,62.5,5d2de4db914b6e001877da8f,673c6e3c1bdcd7f14d4497df,673ccd8341fc97f417430d03,,,,,,,,,,,,,,,,,,,,,,,,,,,,,,,,,,,,,,,,1,,,,,,,,,,,,,3,,,,,,,,,,,,,,,,,,,,,,,,,,,,,,,,,,,,,,,,,,,,,,,,,,,,k,0.738,,space,0.806,,3,green_gnome,3,8,bright_forest,red_basket,purple_gnome,3,5,dark_forest,yellow_basket,5,0,0,1,purple_gnome,dark_forest,yellow_basket,2657,-3,-1,25,1,201,2,1,,,,,,,,,,,,,,,,,,,,,,,,,,,,,,,,,,,,,,,,,,,,,,,,,,,,,,,,,,,,,,,,,,,,,
,,,,,,,,,,,,,,,,,,,,,,,,,,,,,,,,,,,,,,,,,,,,,,,,,,,,,,,,,,,,,,,,,,385373,001,2024-11-19_18h06.03.845,experiment,2023.2.3,MacIntel,62.5,5d2de4db914b6e001877da8f,673c6e3c1bdcd7f14d4497df,673ccd8341fc97f417430d03,,,,,,,,,,,,,,,,,,,,,,,,,,,,,,,,,,,,,,,,5,,,,,,,,,,,,,2,,,,,,,,,,,,,,,,,,,,,,,,,,,,,,,,,,,,,,,,,,,,,,,,,,,,s,0.503,,space,0.351,,2,blue_gnome,2,5,bright_forest,red_basket,brown_gnome,2,4,dark_forest,yellow_basket,25,0,0,1,blue_gnome,bright_forest,red_basket,2682,1,1,25,2,202,5,1,,,,,,,,,,,,,,,,,,,,,,,,,,,,,,,,,,,,,,,,,,,,,,,,,,,,,,,,,,,,,,,,,,,,,
,,,,,,,,,,,,,,,,,,,,,,,,,,,,,,,,,,,,,,,,,,,,,,,,,,,,,,,,,,,,,,,,,,385373,001,2024-11-19_18h06.03.845,experiment,2023.2.3,MacIntel,62.5,5d2de4db914b6e001877da8f,673c6e3c1bdcd7f14d4497df,673ccd8341fc97f417430d03,,,,,,,,,,,,,,,,,,,,,,,,,,,,,,,,,,,,,,,,1,,,,,,,,,,,,,3,,,,,,,,,,,,,,,,,,,,,,,,,,,,,,,,,,,,,,,,,,,,,,,,,,,,s,0.506,,space,0.169,,3,purple_gnome,3,5,dark_forest,yellow_basket,green_gnome,3,6,bright_forest,red_basket,5,0,0,1,purple_gnome,dark_forest,yellow_basket,2687,0,1,25,3,203,2,1,,,,,,,,,,,,,,,,,,,,,,,,,,,,,,,,,,,,,,,,,,,,,,,,,,,,,,,,,,,,,,,,,,,,,
,,,,,,,,,,,,,,,,,,,,,,,,,,,,,,,,,,,,,,,,,,,,,,,,,,,,,,,,,,,,,,,,,,385373,001,2024-11-19_18h06.03.845,experiment,2023.2.3,MacIntel,62.5,5d2de4db914b6e001877da8f,673c6e3c1bdcd7f14d4497df,673ccd8341fc97f417430d03,,,,,,,,,,,,,,,,,,,,,,,,,,,,,,,,,,,,,,,,5,,,,,,,,,,,,,4,,,,,,,,,,,,,,,,,,,,,,,,,,,,,,,,,,,,,,,,,,,,,,,,,,,,s,0.606,,space,0.27,,4,red_gnome,4,6,bright_forest,red_basket,pink_gnome,4,6,dark_forest,yellow_basket,30,0,0,1,red_gnome,bright_forest,red_basket,2717,5,-1,25,4,204,7,1,,,,,,,,,,,,,,,,,,,,,,,,,,,,,,,,,,,,,,,,,,,,,,,,,,,,,,,,,,,,,,,,,,,,,
,,,,,,,,,,,,,,,,,,,,,,,,,,,,,,,,,,,,,,,,,,,,,,,,,,,,,,,,,,,,,,,,,,385373,001,2024-11-19_18h06.03.845,experiment,2023.2.3,MacIntel,62.5,5d2de4db914b6e001877da8f,673c6e3c1bdcd7f14d4497df,673ccd8341fc97f417430d03,,,,,,,,,,,,,,,,,,,,,,,,,,,,,,,,,,,,,,,,5,,,,,,,,,,,,,2,,,,,,,,,,,,,,,,,,,,,,,,,,,,,,,,,,,,,,,,,,,,,,,,,,,,k,0.555,,space,0.137,,2,blue_gnome,2,7,bright_forest,red_basket,brown_gnome,2,5,dark_forest,yellow_basket,25,0,0,1,brown_gnome,dark_forest,yellow_basket,2742,1,1,25,5,205,5,1,,,,,,,,,,,,,,,,,,,,,,,,,,,,,,,,,,,,,,,,,,,,,,,,,,,,,,,,,,,,,,,,,,,,,
,,,,,,,,,,,,,,,,,,,,,,,,,,,,,,,,,,,,,,,,,,,,,,,,,,,,,,,,,,,,,,,,,,385373,001,2024-11-19_18h06.03.845,experiment,2023.2.3,MacIntel,62.5,5d2de4db914b6e001877da8f,673c6e3c1bdcd7f14d4497df,673ccd8341fc97f417430d03,,,,,,,,,,,,,,,,,,,,,,,,,,,,,,,,,,,,,,,,5,,,,,,,,,,,,,4,,,,,,,,,,,,,,,,,,,,,,,,,,,,,,,,,,,,,,,,,,,,,,,,,,,,s,0.621,,space,0.151,,4,red_gnome,4,8,bright_forest,red_basket,pink_gnome,4,6,dark_forest,yellow_basket,40,0,0,1,red_gnome,bright_forest,red_basket,2782,1,-1,25,6,206,7,1,,,,,,,,,,,,,,,,,,,,,,,,,,,,,,,,,,,,,,,,,,,,,,,,,,,,,,,,,,,,,,,,,,,,,
,,,,,,,,,,,,,,,,,,,,,,,,,,,,,,,,,,,,,,,,,,,,,,,,,,,,,,,,,,,,,,,,,,385373,001,2024-11-19_18h06.03.845,experiment,2023.2.3,MacIntel,62.5,5d2de4db914b6e001877da8f,673c6e3c1bdcd7f14d4497df,673ccd8341fc97f417430d03,,,,,,,,,,,,,,,,,,,,,,,,,,,,,,,,,,,,,,,,1,,,,,,,,,,,,,4,,,,,,,,,,,,,,,,,,,,,,,,,,,,,,,,,,,,,,,,,,,,,,,,,,,,s,0.488,,space,0.201,,4,red_gnome,4,9,bright_forest,red_basket,pink_gnome,4,5,dark_forest,yellow_basket,9,0,0,1,red_gnome,bright_forest,red_basket,2791,1,-2,25,7,207,3,1,,,,,,,,,,,,,,,,,,,,,,,,,,,,,,,,,,,,,,,,,,,,,,,,,,,,,,,,,,,,,,,,,,,,,
,,,,,,,,,,,,,,,,,,,,,,,,,,,,,,,,,,,,,,,,,,,,,,,,,,,,,,,,,,,,,,,,,,385373,001,2024-11-19_18h06.03.845,experiment,2023.2.3,MacIntel,62.5,5d2de4db914b6e001877da8f,673c6e3c1bdcd7f14d4497df,673ccd8341fc97f417430d03,,,,,,,,,,,,,,,,,,,,,,,,,,,,,,,,,,,,,,,,5,,,,,,,,,,,,,3,,,,,,,,,,,,,,,,,,,,,,,,,,,,,,,,,,,,,,,,,,,,,,,,,,,,k,0.572,,space,0.219,,3,green_gnome,3,8,bright_forest,red_basket,purple_gnome,3,3,dark_forest,yellow_basket,15,0,0,1,purple_gnome,dark_forest,yellow_basket,2806,2,2,26,0,208,6,1,,,,,,,,,,,,,,,,,,,,,,,,,,,,,,,,,,,,,,,,,,,,,,,,,,,,,,,,,,,,,,,,,,,,,
,,,,,,,,,,,,,,,,,,,,,,,,,,,,,,,,,,,,,,,,,,,,,,,,,,,,,,,,,,,,,,,,,,385373,001,2024-11-19_18h06.03.845,experiment,2023.2.3,MacIntel,62.5,5d2de4db914b6e001877da8f,673c6e3c1bdcd7f14d4497df,673ccd8341fc97f417430d03,,,,,,,,,,,,,,,,,,,,,,,,,,,,,,,,,,,,,,,,5,,,,,,,,,,,,,1,,,,,,,,,,,,,,,,,,,,,,,,,,,,,,,,,,,,,,,,,,,,,,,,,,,,s,0.656,,space,0.151,,1,orange_gnome,1,5,dark_forest,yellow_basket,yellow_gnome,1,8,bright_forest,red_basket,25,0,0,1,orange_gnome,dark_forest,yellow_basket,2831,-3,-2,26,1,209,4,1,,,,,,,,,,,,,,,,,,,,,,,,,,,,,,,,,,,,,,,,,,,,,,,,,,,,,,,,,,,,,,,,,,,,,
,,,,,,,,,,,,,,,,,,,,,,,,,,,,,,,,,,,,,,,,,,,,,,,,,,,,,,,,,,,,,,,,,,385373,001,2024-11-19_18h06.03.845,experiment,2023.2.3,MacIntel,62.5,5d2de4db914b6e001877da8f,673c6e3c1bdcd7f14d4497df,673ccd8341fc97f417430d03,,,,,,,,,,,,,,,,,,,,,,,,,,,,,,,,,,,,,,,,5,,,,,,,,,,,,,1,,,,,,,,,,,,,,,,,,,,,,,,,,,,,,,,,,,,,,,,,,,,,,,,,,,,s,0.564,,space,0.148,,1,orange_gnome,1,3,dark_forest,yellow_basket,yellow_gnome,1,5,bright_forest,red_basket,15,0,0,1,orange_gnome,dark_forest,yellow_basket,2846,-2,0,26,2,210,4,1,,,,,,,,,,,,,,,,,,,,,,,,,,,,,,,,,,,,,,,,,,,,,,,,,,,,,,,,,,,,,,,,,,,,,
,,,,,,,,,,,,,,,,,,,,,,,,,,,,,,,,,,,,,,,,,,,,,,,,,,,,,,,,,,,,,,,,,,385373,001,2024-11-19_18h06.03.845,experiment,2023.2.3,MacIntel,62.5,5d2de4db914b6e001877da8f,673c6e3c1bdcd7f14d4497df,673ccd8341fc97f417430d03,,,,,,,,,,,,,,,,,,,,,,,,,,,,,,,,,,,,,,,,5,,,,,,,,,,,,,3,,,,,,,,,,,,,,,,,,,,,,,,,,,,,,,,,,,,,,,,,,,,,,,,,,,,k,0.618,,space,0.603,,3,green_gnome,3,3,bright_forest,red_basket,purple_gnome,3,3,dark_forest,yellow_basket,15,0,0,1,purple_gnome,dark_forest,yellow_basket,2861,0,-1,26,3,211,6,1,,,,,,,,,,,,,,,,,,,,,,,,,,,,,,,,,,,,,,,,,,,,,,,,,,,,,,,,,,,,,,,,,,,,,
,,,,,,,,,,,,,,,,,,,,,,,,,,,,,,,,,,,,,,,,,,,,,,,,,,,,,,,,,,,,,,,,,,385373,001,2024-11-19_18h06.03.845,experiment,2023.2.3,MacIntel,62.5,5d2de4db914b6e001877da8f,673c6e3c1bdcd7f14d4497df,673ccd8341fc97f417430d03,,,,,,,,,,,,,,,,,,,,,,,,,,,,,,,,,,,,,,,,1,,,,,,,,,,,,,1,,,,,,,,,,,,,,,,,,,,,,,,,,,,,,,,,,,,,,,,,,,,,,,,,,,,s,0.688,,space,0.187,,1,yellow_gnome,1,3,bright_forest,red_basket,orange_gnome,1,2,dark_forest,yellow_basket,3,0,0,1,yellow_gnome,bright_forest,red_basket,2864,0,-1,26,4,212,0,1,,,,,,,,,,,,,,,,,,,,,,,,,,,,,,,,,,,,,,,,,,,,,,,,,,,,,,,,,,,,,,,,,,,,,
,,,,,,,,,,,,,,,,,,,,,,,,,,,,,,,,,,,,,,,,,,,,,,,,,,,,,,,,,,,,,,,,,,385373,001,2024-11-19_18h06.03.845,experiment,2023.2.3,MacIntel,62.5,5d2de4db914b6e001877da8f,673c6e3c1bdcd7f14d4497df,673ccd8341fc97f417430d03,,,,,,,,,,,,,,,,,,,,,,,,,,,,,,,,,,,,,,,,1,,,,,,,,,,,,,4,,,,,,,,,,,,,,,,,,,,,,,,,,,,,,,,,,,,,,,,,,,,,,,,,,,,k,0.908,,space,0.289,,4,red_gnome,4,3,bright_forest,red_basket,pink_gnome,4,1,dark_forest,yellow_basket,1,0,0,1,pink_gnome,dark_forest,yellow_basket,2865,-1,-2,26,5,213,3,1,,,,,,,,,,,,,,,,,,,,,,,,,,,,,,,,,,,,,,,,,,,,,,,,,,,,,,,,,,,,,,,,,,,,,
,,,,,,,,,,,,,,,,,,,,,,,,,,,,,,,,,,,,,,,,,,,,,,,,,,,,,,,,,,,,,,,,,,385373,001,2024-11-19_18h06.03.845,experiment,2023.2.3,MacIntel,62.5,5d2de4db914b6e001877da8f,673c6e3c1bdcd7f14d4497df,673ccd8341fc97f417430d03,,,,,,,,,,,,,,,,,,,,,,,,,,,,,,,,,,,,,,,,1,,,,,,,,,,,,,1,,,,,,,,,,,,,,,,,,,,,,,,,,,,,,,,,,,,,,,,,,,,,,,,,,,,k,0.799,,space,0.134,,1,yellow_gnome,1,2,bright_forest,red_basket,orange_gnome,1,1,dark_forest,yellow_basket,1,0,0,1,orange_gnome,dark_forest,yellow_basket,2866,-1,1,26,6,214,0,1,,,,,,,,,,,,,,,,,,,,,,,,,,,,,,,,,,,,,,,,,,,,,,,,,,,,,,,,,,,,,,,,,,,,,
,,,,,,,,,,,,,,,,,,,,,,,,,,,,,,,,,,,,,,,,,,,,,,,,,,,,,,,,,,,,,,,,,,385373,001,2024-11-19_18h06.03.845,experiment,2023.2.3,MacIntel,62.5,5d2de4db914b6e001877da8f,673c6e3c1bdcd7f14d4497df,673ccd8341fc97f417430d03,,,,,,,,,,,,,,,,,,,,,,,,,,,,,,,,,,,,,,,,1,,,,,,,,,,,,,3,,,,,,,,,,,,,,,,,,,,,,,,,,,,,,,,,,,,,,,,,,,,,,,,,,,,k,0.722,,space,0.218,,3,green_gnome,3,1,bright_forest,red_basket,purple_gnome,3,2,dark_forest,yellow_basket,2,0,0,1,purple_gnome,dark_forest,yellow_basket,2868,-4,-4,26,7,215,2,1,,,,,,,,,,,,,,,,,,,,,,,,,,,,,,,,,,,,,,,,,,,,,,,,,,,,,,,,,,,,,,,,,,,,,
,,,,,,,,,,,,,,,,,,,,,,,,,,,,,,,,,,,,,,,,,,,,,,,,,,,,,,,,,,,,,,,,,,385373,001,2024-11-19_18h06.03.845,experiment,2023.2.3,MacIntel,62.5,5d2de4db914b6e001877da8f,673c6e3c1bdcd7f14d4497df,673ccd8341fc97f417430d03,,,,,,,,,,,,,,,,,,,,,,,,,,,,,,,,,,,,,,,,1,,,,,,,,,,,,,3,,,,,,,,,,,,,,,,,,,,,,,,,,,,,,,,,,,,,,,,,,,,,,,,,,,,k,0.405,,space,0.16,,3,purple_gnome,3,2,dark_forest,yellow_basket,green_gnome,3,3,bright_forest,red_basket,3,0,0,1,green_gnome,bright_forest,red_basket,2871,3,3,27,0,216,2,1,,,,,,,,,,,,,,,,,,,,,,,,,,,,,,,,,,,,,,,,,,,,,,,,,,,,,,,,,,,,,,,,,,,,,
,,,,,,,,,,,,,,,,,,,,,,,,,,,,,,,,,,,,,,,,,,,,,,,,,,,,,,,,,,,,,,,,,,385373,001,2024-11-19_18h06.03.845,experiment,2023.2.3,MacIntel,62.5,5d2de4db914b6e001877da8f,673c6e3c1bdcd7f14d4497df,673ccd8341fc97f417430d03,,,,,,,,,,,,,,,,,,,,,,,,,,,,,,,,,,,,,,,,5,,,,,,,,,,,,,2,,,,,,,,,,,,,,,,,,,,,,,,,,,,,,,,,,,,,,,,,,,,,,,,,,,,s,0.789,,space,0.068,,2,blue_gnome,2,6,bright_forest,red_basket,brown_gnome,2,5,dark_forest,yellow_basket,30,0,0,1,blue_gnome,bright_forest,red_basket,2901,-1,2,27,1,217,5,1,,,,,,,,,,,,,,,,,,,,,,,,,,,,,,,,,,,,,,,,,,,,,,,,,,,,,,,,,,,,,,,,,,,,,
,,,,,,,,,,,,,,,,,,,,,,,,,,,,,,,,,,,,,,,,,,,,,,,,,,,,,,,,,,,,,,,,,,385373,001,2024-11-19_18h06.03.845,experiment,2023.2.3,MacIntel,62.5,5d2de4db914b6e001877da8f,673c6e3c1bdcd7f14d4497df,673ccd8341fc97f417430d03,,,,,,,,,,,,,,,,,,,,,,,,,,,,,,,,,,,,,,,,5,,,,,,,,,,,,,4,,,,,,,,,,,,,,,,,,,,,,,,,,,,,,,,,,,,,,,,,,,,,,,,,,,,k,0.906,,space,0.134,,4,pink_gnome,4,7,dark_forest,yellow_basket,red_gnome,4,5,bright_forest,red_basket,25,0,0,1,red_gnome,bright_forest,red_basket,2926,0,-3,27,2,218,7,1,,,,,,,,,,,,,,,,,,,,,,,,,,,,,,,,,,,,,,,,,,,,,,,,,,,,,,,,,,,,,,,,,,,,,
,,,,,,,,,,,,,,,,,,,,,,,,,,,,,,,,,,,,,,,,,,,,,,,,,,,,,,,,,,,,,,,,,,385373,001,2024-11-19_18h06.03.845,experiment,2023.2.3,MacIntel,62.5,5d2de4db914b6e001877da8f,673c6e3c1bdcd7f14d4497df,673ccd8341fc97f417430d03,,,,,,,,,,,,,,,,,,,,,,,,,,,,,,,,,,,,,,,,5,,,,,,,,,,,,,1,,,,,,,,,,,,,,,,,,,,,,,,,,,,,,,,,,,,,,,,,,,,,,,,,,,,k,0.656,,space,0.188,,1,orange_gnome,1,4,dark_forest,yellow_basket,yellow_gnome,1,5,bright_forest,red_basket,25,0,0,1,yellow_gnome,bright_forest,red_basket,2951,0,-2,27,3,219,4,1,,,,,,,,,,,,,,,,,,,,,,,,,,,,,,,,,,,,,,,,,,,,,,,,,,,,,,,,,,,,,,,,,,,,,
,,,,,,,,,,,,,,,,,,,,,,,,,,,,,,,,,,,,,,,,,,,,,,,,,,,,,,,,,,,,,,,,,,385373,001,2024-11-19_18h06.03.845,experiment,2023.2.3,MacIntel,62.5,5d2de4db914b6e001877da8f,673c6e3c1bdcd7f14d4497df,673ccd8341fc97f417430d03,,,,,,,,,,,,,,,,,,,,,,,,,,,,,,,,,,,,,,,,5,,,,,,,,,,,,,2,,,,,,,,,,,,,,,,,,,,,,,,,,,,,,,,,,,,,,,,,,,,,,,,,,,,s,0.888,,space,0.407,,2,blue_gnome,2,5,bright_forest,red_basket,brown_gnome,2,2,dark_forest,yellow_basket,25,0,0,1,blue_gnome,bright_forest,red_basket,2976,0,1,27,4,220,5,1,,,,,,,,,,,,,,,,,,,,,,,,,,,,,,,,,,,,,,,,,,,,,,,,,,,,,,,,,,,,,,,,,,,,,
,,,,,,,,,,,,,,,,,,,,,,,,,,,,,,,,,,,,,,,,,,,,,,,,,,,,,,,,,,,,,,,,,,385373,001,2024-11-19_18h06.03.845,experiment,2023.2.3,MacIntel,62.5,5d2de4db914b6e001877da8f,673c6e3c1bdcd7f14d4497df,673ccd8341fc97f417430d03,,,,,,,,,,,,,,,,,,,,,,,,,,,,,,,,,,,,,,,,1,,,,,,,,,,,,,1,,,,,,,,,,,,,,,,,,,,,,,,,,,,,,,,,,,,,,,,,,,,,,,,,,,,s,0.638,,space,0.253,,1,orange_gnome,1,3,dark_forest,yellow_basket,yellow_gnome,1,5,bright_forest,red_basket,3,0,0,1,orange_gnome,dark_forest,yellow_basket,2979,-2,0,27,5,221,0,1,,,,,,,,,,,,,,,,,,,,,,,,,,,,,,,,,,,,,,,,,,,,,,,,,,,,,,,,,,,,,,,,,,,,,
,,,,,,,,,,,,,,,,,,,,,,,,,,,,,,,,,,,,,,,,,,,,,,,,,,,,,,,,,,,,,,,,,,385373,001,2024-11-19_18h06.03.845,experiment,2023.2.3,MacIntel,62.5,5d2de4db914b6e001877da8f,673c6e3c1bdcd7f14d4497df,673ccd8341fc97f417430d03,,,,,,,,,,,,,,,,,,,,,,,,,,,,,,,,,,,,,,,,5,,,,,,,,,,,,,3,,,,,,,,,,,,,,,,,,,,,,,,,,,,,,,,,,,,,,,,,,,,,,,,,,,,k,0.722,,space,0.553,,3,green_gnome,3,3,bright_forest,red_basket,purple_gnome,3,3,dark_forest,yellow_basket,15,0,0,1,purple_gnome,dark_forest,yellow_basket,2994,-3,1,27,6,222,6,1,,,,,,,,,,,,,,,,,,,,,,,,,,,,,,,,,,,,,,,,,,,,,,,,,,,,,,,,,,,,,,,,,,,,,
,,,,,,,,,,,,,,,,,,,,,,,,,,,,,,,,,,,,,,,,,,,,,,,,,,,,,,,,,,,,,,,,,,385373,001,2024-11-19_18h06.03.845,experiment,2023.2.3,MacIntel,62.5,5d2de4db914b6e001877da8f,673c6e3c1bdcd7f14d4497df,673ccd8341fc97f417430d03,,,,,,,,,,,,,,,,,,,,,,,,,,,,,,,,,,,,,,,,1,,,,,,,,,,,,,3,,,,,,,,,,,,,,,,,,,,,,,,,,,,,,,,,,,,,,,,,,,,,,,,,,,,k,0.52,,space,0.016,,3,green_gnome,3,0,bright_forest,red_basket,purple_gnome,3,4,dark_forest,yellow_basket,4,0,0,1,purple_gnome,dark_forest,yellow_basket,2998,-2,-2,27,7,223,2,1,,,,,,,,,,,,,,,,,,,,,,,,,,,,,,,,,,,,,,,,,,,,,,,,,,,,,,,,,,,,,,,,,,,,,
,,,,,,,,,,,,,,,,,,,,,,,,,,,,,,,,,,,,,,,,,,,,,,,,,,,,,,,,,,,,,,,,,,385373,001,2024-11-19_18h06.03.845,experiment,2023.2.3,MacIntel,62.5,5d2de4db914b6e001877da8f,673c6e3c1bdcd7f14d4497df,673ccd8341fc97f417430d03,,,,,,,,,,,,,,,,,,,,,,,,,,,,,,,,,,,,,,,,5,,,,,,,,,,,,,3,,,,,,,,,,,,,,,,,,,,,,,,,,,,,,,,,,,,,,,,,,,,,,,,,,,,k,0.791,,space,0.205,,3,green_gnome,3,2,bright_forest,red_basket,purple_gnome,3,2,dark_forest,yellow_basket,10,0,0,1,purple_gnome,dark_forest,yellow_basket,3008,1,0,28,0,224,6,1,,,,,,,,,,,,,,,,,,,,,,,,,,,,,,,,,,,,,,,,,,,,,,,,,,,,,,,,,,,,,,,,,,,,,
,,,,,,,,,,,,,,,,,,,,,,,,,,,,,,,,,,,,,,,,,,,,,,,,,,,,,,,,,,,,,,,,,,385373,001,2024-11-19_18h06.03.845,experiment,2023.2.3,MacIntel,62.5,5d2de4db914b6e001877da8f,673c6e3c1bdcd7f14d4497df,673ccd8341fc97f417430d03,,,,,,,,,,,,,,,,,,,,,,,,,,,,,,,,,,,,,,,,1,,,,,,,,,,,,,2,,,,,,,,,,,,,,,,,,,,,,,,,,,,,,,,,,,,,,,,,,,,,,,,,,,,k,0.671,,space,0.224,,2,brown_gnome,2,2,dark_forest,yellow_basket,blue_gnome,2,3,bright_forest,red_basket,3,0,0,1,blue_gnome,bright_forest,red_basket,3011,0,2,28,1,225,1,1,,,,,,,,,,,,,,,,,,,,,,,,,,,,,,,,,,,,,,,,,,,,,,,,,,,,,,,,,,,,,,,,,,,,,
,,,,,,,,,,,,,,,,,,,,,,,,,,,,,,,,,,,,,,,,,,,,,,,,,,,,,,,,,,,,,,,,,,385373,001,2024-11-19_18h06.03.845,experiment,2023.2.3,MacIntel,62.5,5d2de4db914b6e001877da8f,673c6e3c1bdcd7f14d4497df,673ccd8341fc97f417430d03,,,,,,,,,,,,,,,,,,,,,,,,,,,,,,,,,,,,,,,,5,,,,,,,,,,,,,2,,,,,,,,,,,,,,,,,,,,,,,,,,,,,,,,,,,,,,,,,,,,,,,,,,,,s,0.305,,space,0.207,,2,blue_gnome,2,3,bright_forest,red_basket,brown_gnome,2,4,dark_forest,yellow_basket,15,0,0,1,blue_gnome,bright_forest,red_basket,3026,-2,2,28,2,226,5,1,,,,,,,,,,,,,,,,,,,,,,,,,,,,,,,,,,,,,,,,,,,,,,,,,,,,,,,,,,,,,,,,,,,,,
,,,,,,,,,,,,,,,,,,,,,,,,,,,,,,,,,,,,,,,,,,,,,,,,,,,,,,,,,,,,,,,,,,385373,001,2024-11-19_18h06.03.845,experiment,2023.2.3,MacIntel,62.5,5d2de4db914b6e001877da8f,673c6e3c1bdcd7f14d4497df,673ccd8341fc97f417430d03,,,,,,,,,,,,,,,,,,,,,,,,,,,,,,,,,,,,,,,,1,,,,,,,,,,,,,2,,,,,,,,,,,,,,,,,,,,,,,,,,,,,,,,,,,,,,,,,,,,,,,,,,,,k,0.654,,space,0.188,,2,blue_gnome,2,1,bright_forest,red_basket,brown_gnome,2,6,dark_forest,yellow_basket,6,0,0,1,brown_gnome,dark_forest,yellow_basket,3032,-1,3,28,3,227,1,1,,,,,,,,,,,,,,,,,,,,,,,,,,,,,,,,,,,,,,,,,,,,,,,,,,,,,,,,,,,,,,,,,,,,,
,,,,,,,,,,,,,,,,,,,,,,,,,,,,,,,,,,,,,,,,,,,,,,,,,,,,,,,,,,,,,,,,,,385373,001,2024-11-19_18h06.03.845,experiment,2023.2.3,MacIntel,62.5,5d2de4db914b6e001877da8f,673c6e3c1bdcd7f14d4497df,673ccd8341fc97f417430d03,,,,,,,,,,,,,,,,,,,,,,,,,,,,,,,,,,,,,,,,1,,,,,,,,,,,,,3,,,,,,,,,,,,,,,,,,,,,,,,,,,,,,,,,,,,,,,,,,,,,,,,,,,,k,0.593,,space,0.275,,3,green_gnome,3,0,bright_forest,red_basket,purple_gnome,3,9,dark_forest,yellow_basket,9,0,0,1,purple_gnome,dark_forest,yellow_basket,3041,-1,-1,28,4,228,2,1,,,,,,,,,,,,,,,,,,,,,,,,,,,,,,,,,,,,,,,,,,,,,,,,,,,,,,,,,,,,,,,,,,,,,
,,,,,,,,,,,,,,,,,,,,,,,,,,,,,,,,,,,,,,,,,,,,,,,,,,,,,,,,,,,,,,,,,,385373,001,2024-11-19_18h06.03.845,experiment,2023.2.3,MacIntel,62.5,5d2de4db914b6e001877da8f,673c6e3c1bdcd7f14d4497df,673ccd8341fc97f417430d03,,,,,,,,,,,,,,,,,,,,,,,,,,,,,,,,,,,,,,,,1,,,,,,,,,,,,,4,,,,,,,,,,,,,,,,,,,,,,,,,,,,,,,,,,,,,,,,,,,,,,,,,,,,k,0.854,,space,0.352,,4,pink_gnome,4,8,dark_forest,yellow_basket,red_gnome,4,1,bright_forest,red_basket,1,0,0,1,red_gnome,bright_forest,red_basket,3042,0,-2,28,5,229,3,1,,,,,,,,,,,,,,,,,,,,,,,,,,,,,,,,,,,,,,,,,,,,,,,,,,,,,,,,,,,,,,,,,,,,,
,,,,,,,,,,,,,,,,,,,,,,,,,,,,,,,,,,,,,,,,,,,,,,,,,,,,,,,,,,,,,,,,,,385373,001,2024-11-19_18h06.03.845,experiment,2023.2.3,MacIntel,62.5,5d2de4db914b6e001877da8f,673c6e3c1bdcd7f14d4497df,673ccd8341fc97f417430d03,,,,,,,,,,,,,,,,,,,,,,,,,,,,,,,,,,,,,,,,1,,,,,,,,,,,,,4,,,,,,,,,,,,,,,,,,,,,,,,,,,,,,,,,,,,,,,,,,,,,,,,,,,,k,0.638,,space,0.386,,4,pink_gnome,4,6,dark_forest,yellow_basket,red_gnome,4,1,bright_forest,red_basket,1,0,0,1,red_gnome,bright_forest,red_basket,3043,-1,0,28,6,230,3,1,,,,,,,,,,,,,,,,,,,,,,,,,,,,,,,,,,,,,,,,,,,,,,,,,,,,,,,,,,,,,,,,,,,,,
,,,,,,,,,,,,,,,,,,,,,,,,,,,,,,,,,,,,,,,,,,,,,,,,,,,,,,,,,,,,,,,,,,385373,001,2024-11-19_18h06.03.845,experiment,2023.2.3,MacIntel,62.5,5d2de4db914b6e001877da8f,673c6e3c1bdcd7f14d4497df,673ccd8341fc97f417430d03,,,,,,,,,,,,,,,,,,,,,,,,,,,,,,,,,,,,,,,,5,,,,,,,,,,,,,2,,,,,,,,,,,,,,,,,,,,,,,,,,,,,,,,,,,,,,,,,,,,,,,,,,,,s,0.689,,space,0.217,,2,brown_gnome,2,6,dark_forest,yellow_basket,blue_gnome,2,0,bright_forest,red_basket,30,0,0,1,brown_gnome,dark_forest,yellow_basket,3073,0,1,28,7,231,5,1,,,,,,,,,,,,,,,,,,,,,,,,,,,,,,,,,,,,,,,,,,,,,,,,,,,,,,,,,,,,,,,,,,,,,
,,,,,,,,,,,,,,,,,,,,,,,,,,,,,,,,,,,,,,,,,,,,,,,,,,,,,,,,,,,,,,,,,,385373,001,2024-11-19_18h06.03.845,experiment,2023.2.3,MacIntel,62.5,5d2de4db914b6e001877da8f,673c6e3c1bdcd7f14d4497df,673ccd8341fc97f417430d03,,,,,,,,,,,,,,,,,,,,,,,,,,,,,,,,,,,,,,,,5,,,,,,,,,,,,,2,,,,,,,,,,,,,,,,,,,,,,,,,,,,,,,,,,,,,,,,,,,,,,,,,,,,s,0.503,,space,0.4,,2,brown_gnome,2,7,dark_forest,yellow_basket,blue_gnome,2,0,bright_forest,red_basket,35,0,0,1,brown_gnome,dark_forest,yellow_basket,3108,0,0,29,0,232,5,1,,,,,,,,,,,,,,,,,,,,,,,,,,,,,,,,,,,,,,,,,,,,,,,,,,,,,,,,,,,,,,,,,,,,,
,,,,,,,,,,,,,,,,,,,,,,,,,,,,,,,,,,,,,,,,,,,,,,,,,,,,,,,,,,,,,,,,,,385373,001,2024-11-19_18h06.03.845,experiment,2023.2.3,MacIntel,62.5,5d2de4db914b6e001877da8f,673c6e3c1bdcd7f14d4497df,673ccd8341fc97f417430d03,,,,,,,,,,,,,,,,,,,,,,,,,,,,,,,,,,,,,,,,1,,,,,,,,,,,,,2,,,,,,,,,,,,,,,,,,,,,,,,,,,,,,,,,,,,,,,,,,,,,,,,,,,,k,0.54,,space,0.353,,2,blue_gnome,2,0,bright_forest,red_basket,brown_gnome,2,7,dark_forest,yellow_basket,7,0,0,1,brown_gnome,dark_forest,yellow_basket,3115,0,-2,29,1,233,1,1,,,,,,,,,,,,,,,,,,,,,,,,,,,,,,,,,,,,,,,,,,,,,,,,,,,,,,,,,,,,,,,,,,,,,
,,,,,,,,,,,,,,,,,,,,,,,,,,,,,,,,,,,,,,,,,,,,,,,,,,,,,,,,,,,,,,,,,,385373,001,2024-11-19_18h06.03.845,experiment,2023.2.3,MacIntel,62.5,5d2de4db914b6e001877da8f,673c6e3c1bdcd7f14d4497df,673ccd8341fc97f417430d03,,,,,,,,,,,,,,,,,,,,,,,,,,,,,,,,,,,,,,,,5,,,,,,,,,,,,,4,,,,,,,,,,,,,,,,,,,,,,,,,,,,,,,,,,,,,,,,,,,,,,,,,,,,k,0.704,,space,0.115,,4,pink_gnome,4,5,dark_forest,yellow_basket,red_gnome,4,0,bright_forest,red_basket,0,0,0,1,red_gnome,bright_forest,red_basket,3115,1,4,29,2,234,7,1,,,,,,,,,,,,,,,,,,,,,,,,,,,,,,,,,,,,,,,,,,,,,,,,,,,,,,,,,,,,,,,,,,,,,
,,,,,,,,,,,,,,,,,,,,,,,,,,,,,,,,,,,,,,,,,,,,,,,,,,,,,,,,,,,,,,,,,,385373,001,2024-11-19_18h06.03.845,experiment,2023.2.3,MacIntel,62.5,5d2de4db914b6e001877da8f,673c6e3c1bdcd7f14d4497df,673ccd8341fc97f417430d03,,,,,,,,,,,,,,,,,,,,,,,,,,,,,,,,,,,,,,,,5,,,,,,,,,,,,,2,,,,,,,,,,,,,,,,,,,,,,,,,,,,,,,,,,,,,,,,,,,,,,,,,,,,s,0.539,,space,0.222,,2,brown_gnome,2,9,dark_forest,yellow_basket,blue_gnome,2,1,bright_forest,red_basket,45,0,0,1,brown_gnome,dark_forest,yellow_basket,3160,0,0,29,3,235,5,1,,,,,,,,,,,,,,,,,,,,,,,,,,,,,,,,,,,,,,,,,,,,,,,,,,,,,,,,,,,,,,,,,,,,,
,,,,,,,,,,,,,,,,,,,,,,,,,,,,,,,,,,,,,,,,,,,,,,,,,,,,,,,,,,,,,,,,,,385373,001,2024-11-19_18h06.03.845,experiment,2023.2.3,MacIntel,62.5,5d2de4db914b6e001877da8f,673c6e3c1bdcd7f14d4497df,673ccd8341fc97f417430d03,,,,,,,,,,,,,,,,,,,,,,,,,,,,,,,,,,,,,,,,5,,,,,,,,,,,,,2,,,,,,,,,,,,,,,,,,,,,,,,,,,,,,,,,,,,,,,,,,,,,,,,,,,,s,0.506,,space,0.323,,2,brown_gnome,2,9,dark_forest,yellow_basket,blue_gnome,2,1,bright_forest,red_basket,45,0,0,1,brown_gnome,dark_forest,yellow_basket,3205,3,2,29,4,236,5,1,,,,,,,,,,,,,,,,,,,,,,,,,,,,,,,,,,,,,,,,,,,,,,,,,,,,,,,,,,,,,,,,,,,,,
,,,,,,,,,,,,,,,,,,,,,,,,,,,,,,,,,,,,,,,,,,,,,,,,,,,,,,,,,,,,,,,,,,385373,001,2024-11-19_18h06.03.845,experiment,2023.2.3,MacIntel,62.5,5d2de4db914b6e001877da8f,673c6e3c1bdcd7f14d4497df,673ccd8341fc97f417430d03,,,,,,,,,,,,,,,,,,,,,,,,,,,,,,,,,,,,,,,,5,,,,,,,,,,,,,2,,,,,,,,,,,,,,,,,,,,,,,,,,,,,,,,,,,,,,,,,,,,,,,,,,,,s,0.47,,space,0.235,,2,brown_gnome,2,7,dark_forest,yellow_basket,blue_gnome,2,4,bright_forest,red_basket,35,0,0,1,brown_gnome,dark_forest,yellow_basket,3240,2,1,29,5,237,5,1,,,,,,,,,,,,,,,,,,,,,,,,,,,,,,,,,,,,,,,,,,,,,,,,,,,,,,,,,,,,,,,,,,,,,
,,,,,,,,,,,,,,,,,,,,,,,,,,,,,,,,,,,,,,,,,,,,,,,,,,,,,,,,,,,,,,,,,,385373,001,2024-11-19_18h06.03.845,experiment,2023.2.3,MacIntel,62.5,5d2de4db914b6e001877da8f,673c6e3c1bdcd7f14d4497df,673ccd8341fc97f417430d03,,,,,,,,,,,,,,,,,,,,,,,,,,,,,,,,,,,,,,,,1,,,,,,,,,,,,,1,,,,,,,,,,,,,,,,,,,,,,,,,,,,,,,,,,,,,,,,,,,,,,,,,,,,k,0.596,,space,0.203,,1,yellow_gnome,1,6,bright_forest,red_basket,orange_gnome,1,8,dark_forest,yellow_basket,8,0,0,1,orange_gnome,dark_forest,yellow_basket,3248,1,1,29,6,238,0,1,,,,,,,,,,,,,,,,,,,,,,,,,,,,,,,,,,,,,,,,,,,,,,,,,,,,,,,,,,,,,,,,,,,,,
,,,,,,,,,,,,,,,,,,,,,,,,,,,,,,,,,,,,,,,,,,,,,,,,,,,,,,,,,,,,,,,,,,385373,001,2024-11-19_18h06.03.845,experiment,2023.2.3,MacIntel,62.5,5d2de4db914b6e001877da8f,673c6e3c1bdcd7f14d4497df,673ccd8341fc97f417430d03,,,,,,,,,,,,,,,,,,,,,,,,,,,,,,,,,,,,,,,,1,,,,,,,,,,,,,2,,,,,,,,,,,,,,,,,,,,,,,,,,,,,,,,,,,,,,,,,,,,,,,,,,,,k,0.955,,space,0.524,,2,blue_gnome,2,7,bright_forest,red_basket,brown_gnome,2,9,dark_forest,yellow_basket,9,0,0,1,brown_gnome,dark_forest,yellow_basket,3257,-1,2,29,7,239,1,1,,,,,,,,,,,,,,,,,,,,,,,,,,,,,,,,,,,,,,,,,,,,,,,,,,,,,,,,,,,,,,,,,,,,,
,,,,,,,,,,,,,,,,,,,,,,,,,,,,,,,,,,,,,,,,,,,,,,,,,,,,,,,,,,,,,,,,,,385373,001,2024-11-19_18h06.03.845,experiment,2023.2.3,MacIntel,62.5,5d2de4db914b6e001877da8f,673c6e3c1bdcd7f14d4497df,673ccd8341fc97f417430d03,,,,,,,,,,,,,,,,,,,,,,,,,,,,,,,,,,,,,,,,5,,,,,,,,,,,,,1,,,,,,,,,,,,,,,,,,,,,,,,,,,,,,,,,,,,,,,,,,,,,,,,,,,,s,0.921,,space,0.301,,1,orange_gnome,1,7,dark_forest,yellow_basket,yellow_gnome,1,6,bright_forest,red_basket,35,0,0,1,orange_gnome,dark_forest,yellow_basket,3292,4,1,30,0,240,4,1,,,,,,,,,,,,,,,,,,,,,,,,,,,,,,,,,,,,,,,,,,,,,,,,,,,,,,,,,,,,,,,,,,,,,
,,,,,,,,,,,,,,,,,,,,,,,,,,,,,,,,,,,,,,,,,,,,,,,,,,,,,,,,,,,,,,,,,,385373,001,2024-11-19_18h06.03.845,experiment,2023.2.3,MacIntel,62.5,5d2de4db914b6e001877da8f,673c6e3c1bdcd7f14d4497df,673ccd8341fc97f417430d03,,,,,,,,,,,,,,,,,,,,,,,,,,,,,,,,,,,,,,,,5,,,,,,,,,,,,,3,,,,,,,,,,,,,,,,,,,,,,,,,,,,,,,,,,,,,,,,,,,,,,,,,,,,s,0.955,,space,0.704,,3,purple_gnome,3,8,dark_forest,yellow_basket,green_gnome,3,8,bright_forest,red_basket,40,0,0,1,purple_gnome,dark_forest,yellow_basket,3332,-2,-1,30,1,241,6,1,,,,,,,,,,,,,,,,,,,,,,,,,,,,,,,,,,,,,,,,,,,,,,,,,,,,,,,,,,,,,,,,,,,,,
,,,,,,,,,,,,,,,,,,,,,,,,,,,,,,,,,,,,,,,,,,,,,,,,,,,,,,,,,,,,,,,,,,385373,001,2024-11-19_18h06.03.845,experiment,2023.2.3,MacIntel,62.5,5d2de4db914b6e001877da8f,673c6e3c1bdcd7f14d4497df,673ccd8341fc97f417430d03,,,,,,,,,,,,,,,,,,,,,,,,,,,,,,,,,,,,,,,,5,,,,,,,,,,,,,3,,,,,,,,,,,,,,,,,,,,,,,,,,,,,,,,,,,,,,,,,,,,,,,,,,,,k,0.654,,space,0.34,,3,green_gnome,3,6,bright_forest,red_basket,purple_gnome,3,7,dark_forest,yellow_basket,35,0,0,1,purple_gnome,dark_forest,yellow_basket,3367,-4,-1,30,2,242,6,1,,,,,,,,,,,,,,,,,,,,,,,,,,,,,,,,,,,,,,,,,,,,,,,,,,,,,,,,,,,,,,,,,,,,,
,,,,,,,,,,,,,,,,,,,,,,,,,,,,,,,,,,,,,,,,,,,,,,,,,,,,,,,,,,,,,,,,,,385373,001,2024-11-19_18h06.03.845,experiment,2023.2.3,MacIntel,62.5,5d2de4db914b6e001877da8f,673c6e3c1bdcd7f14d4497df,673ccd8341fc97f417430d03,,,,,,,,,,,,,,,,,,,,,,,,,,,,,,,,,,,,,,,,1,,,,,,,,,,,,,4,,,,,,,,,,,,,,,,,,,,,,,,,,,,,,,,,,,,,,,,,,,,,,,,,,,,s,0.676,,space,0.133,,4,red_gnome,4,2,bright_forest,red_basket,pink_gnome,4,6,dark_forest,yellow_basket,2,0,0,1,red_gnome,bright_forest,red_basket,3369,0,0,30,3,243,3,1,,,,,,,,,,,,,,,,,,,,,,,,,,,,,,,,,,,,,,,,,,,,,,,,,,,,,,,,,,,,,,,,,,,,,
,,,,,,,,,,,,,,,,,,,,,,,,,,,,,,,,,,,,,,,,,,,,,,,,,,,,,,,,,,,,,,,,,,385373,001,2024-11-19_18h06.03.845,experiment,2023.2.3,MacIntel,62.5,5d2de4db914b6e001877da8f,673c6e3c1bdcd7f14d4497df,673ccd8341fc97f417430d03,,,,,,,,,,,,,,,,,,,,,,,,,,,,,,,,,,,,,,,,1,,,,,,,,,,,,,3,,,,,,,,,,,,,,,,,,,,,,,,,,,,,,,,,,,,,,,,,,,,,,,,,,,,k,0.793,,space,0.267,,3,green_gnome,3,2,bright_forest,red_basket,purple_gnome,3,6,dark_forest,yellow_basket,6,0,0,1,purple_gnome,dark_forest,yellow_basket,3375,1,0,30,4,244,2,1,,,,,,,,,,,,,,,,,,,,,,,,,,,,,,,,,,,,,,,,,,,,,,,,,,,,,,,,,,,,,,,,,,,,,
,,,,,,,,,,,,,,,,,,,,,,,,,,,,,,,,,,,,,,,,,,,,,,,,,,,,,,,,,,,,,,,,,,385373,001,2024-11-19_18h06.03.845,experiment,2023.2.3,MacIntel,62.5,5d2de4db914b6e001877da8f,673c6e3c1bdcd7f14d4497df,673ccd8341fc97f417430d03,,,,,,,,,,,,,,,,,,,,,,,,,,,,,,,,,,,,,,,,1,,,,,,,,,,,,,1,,,,,,,,,,,,,,,,,,,,,,,,,,,,,,,,,,,,,,,,,,,,,,,,,,,,s,0.593,,space,0.049,,1,orange_gnome,1,6,dark_forest,yellow_basket,yellow_gnome,1,3,bright_forest,red_basket,6,0,0,1,orange_gnome,dark_forest,yellow_basket,3381,-5,2,30,5,245,0,1,,,,,,,,,,,,,,,,,,,,,,,,,,,,,,,,,,,,,,,,,,,,,,,,,,,,,,,,,,,,,,,,,,,,,
,,,,,,,,,,,,,,,,,,,,,,,,,,,,,,,,,,,,,,,,,,,,,,,,,,,,,,,,,,,,,,,,,,385373,001,2024-11-19_18h06.03.845,experiment,2023.2.3,MacIntel,62.5,5d2de4db914b6e001877da8f,673c6e3c1bdcd7f14d4497df,673ccd8341fc97f417430d03,,,,,,,,,,,,,,,,,,,,,,,,,,,,,,,,,,,,,,,,1,,,,,,,,,,,,,4,,,,,,,,,,,,,,,,,,,,,,,,,,,,,,,,,,,,,,,,,,,,,,,,,,,,s,0.787,,space,0.435,,4,red_gnome,4,2,bright_forest,red_basket,pink_gnome,4,8,dark_forest,yellow_basket,2,0,0,1,red_gnome,bright_forest,red_basket,3383,1,-1,30,6,246,3,1,,,,,,,,,,,,,,,,,,,,,,,,,,,,,,,,,,,,,,,,,,,,,,,,,,,,,,,,,,,,,,,,,,,,,
,,,,,,,,,,,,,,,,,,,,,,,,,,,,,,,,,,,,,,,,,,,,,,,,,,,,,,,,,,,,,,,,,,385373,001,2024-11-19_18h06.03.845,experiment,2023.2.3,MacIntel,62.5,5d2de4db914b6e001877da8f,673c6e3c1bdcd7f14d4497df,673ccd8341fc97f417430d03,,,,,,,,,,,,,,,,,,,,,,,,,,,,,,,,,,,,,,,,5,,,,,,,,,,,,,1,,,,,,,,,,,,,,,,,,,,,,,,,,,,,,,,,,,,,,,,,,,,,,,,,,,,s,0.612,,space,0.27,,1,orange_gnome,1,7,dark_forest,yellow_basket,yellow_gnome,1,3,bright_forest,red_basket,35,0,0,1,orange_gnome,dark_forest,yellow_basket,3418,1,1,30,7,247,4,1,,,,,,,,,,,,,,,,,,,,,,,,,,,,,,,,,,,,,,,,,,,,,,,,,,,,,,,,,,,,,,,,,,,,,
,,,,,,,,,,,,,,,,,,,,,,,,,,,,,,,,,,,,,,,,,,,,,,,,,,,,,,,,,,,,,,,,,,385373,001,2024-11-19_18h06.03.845,experiment,2023.2.3,MacIntel,62.5,5d2de4db914b6e001877da8f,673c6e3c1bdcd7f14d4497df,673ccd8341fc97f417430d03,,,,,,,,,,,,,,,,,,,,,,,,,,,,,,,,,,,,,,,,1,,,,,,,,,,,,,1,,,,,,,,,,,,,,,,,,,,,,,,,,,,,,,,,,,,,,,,,,,,,,,,,,,,s,0.558,,space,0.266,,1,orange_gnome,1,8,dark_forest,yellow_basket,yellow_gnome,1,4,bright_forest,red_basket,8,0,0,1,orange_gnome,dark_forest,yellow_basket,3426,-3,3,31,0,248,0,1,,,,,,,,,,,,,,,,,,,,,,,,,,,,,,,,,,,,,,,,,,,,,,,,,,,,,,,,,,,,,,,,,,,,,
,,,,,,,,,,,,,,,,,,,,,,,,,,,,,,,,,,,,,,,,,,,,,,,,,,,,,,,,,,,,,,,,,,385373,001,2024-11-19_18h06.03.845,experiment,2023.2.3,MacIntel,62.5,5d2de4db914b6e001877da8f,673c6e3c1bdcd7f14d4497df,673ccd8341fc97f417430d03,,,,,,,,,,,,,,,,,,,,,,,,,,,,,,,,,,,,,,,,1,,,,,,,,,,,,,4,,,,,,,,,,,,,,,,,,,,,,,,,,,,,,,,,,,,,,,,,,,,,,,,,,,,s,0.59,,space,0.1,,4,pink_gnome,4,7,dark_forest,yellow_basket,red_gnome,4,1,bright_forest,red_basket,7,0,0,1,pink_gnome,dark_forest,yellow_basket,3433,1,-5,31,1,249,3,1,,,,,,,,,,,,,,,,,,,,,,,,,,,,,,,,,,,,,,,,,,,,,,,,,,,,,,,,,,,,,,,,,,,,,
,,,,,,,,,,,,,,,,,,,,,,,,,,,,,,,,,,,,,,,,,,,,,,,,,,,,,,,,,,,,,,,,,,385373,001,2024-11-19_18h06.03.845,experiment,2023.2.3,MacIntel,62.5,5d2de4db914b6e001877da8f,673c6e3c1bdcd7f14d4497df,673ccd8341fc97f417430d03,,,,,,,,,,,,,,,,,,,,,,,,,,,,,,,,,,,,,,,,5,,,,,,,,,,,,,3,,,,,,,,,,,,,,,,,,,,,,,,,,,,,,,,,,,,,,,,,,,,,,,,,,,,k,0.805,,space,0.243,,3,green_gnome,3,2,bright_forest,red_basket,purple_gnome,3,2,dark_forest,yellow_basket,10,0,0,1,purple_gnome,dark_forest,yellow_basket,3443,4,1,31,2,250,6,1,,,,,,,,,,,,,,,,,,,,,,,,,,,,,,,,,,,,,,,,,,,,,,,,,,,,,,,,,,,,,,,,,,,,,
,,,,,,,,,,,,,,,,,,,,,,,,,,,,,,,,,,,,,,,,,,,,,,,,,,,,,,,,,,,,,,,,,,385373,001,2024-11-19_18h06.03.845,experiment,2023.2.3,MacIntel,62.5,5d2de4db914b6e001877da8f,673c6e3c1bdcd7f14d4497df,673ccd8341fc97f417430d03,,,,,,,,,,,,,,,,,,,,,,,,,,,,,,,,,,,,,,,,5,,,,,,,,,,,,,4,,,,,,,,,,,,,,,,,,,,,,,,,,,,,,,,,,,,,,,,,,,,,,,,,,,,k,0.74,,space,0.037,,4,red_gnome,4,6,bright_forest,red_basket,pink_gnome,4,3,dark_forest,yellow_basket,15,0,0,1,pink_gnome,dark_forest,yellow_basket,3458,0,5,31,3,251,7,1,,,,,,,,,,,,,,,,,,,,,,,,,,,,,,,,,,,,,,,,,,,,,,,,,,,,,,,,,,,,,,,,,,,,,
,,,,,,,,,,,,,,,,,,,,,,,,,,,,,,,,,,,,,,,,,,,,,,,,,,,,,,,,,,,,,,,,,,385373,001,2024-11-19_18h06.03.845,experiment,2023.2.3,MacIntel,62.5,5d2de4db914b6e001877da8f,673c6e3c1bdcd7f14d4497df,673ccd8341fc97f417430d03,,,,,,,,,,,,,,,,,,,,,,,,,,,,,,,,,,,,,,,,1,,,,,,,,,,,,,3,,,,,,,,,,,,,,,,,,,,,,,,,,,,,,,,,,,,,,,,,,,,,,,,,,,,s,0.605,,space,0.064,,3,green_gnome,3,6,bright_forest,red_basket,purple_gnome,3,8,dark_forest,yellow_basket,6,0,0,1,green_gnome,bright_forest,red_basket,3464,4,2,31,4,252,2,1,,,,,,,,,,,,,,,,,,,,,,,,,,,,,,,,,,,,,,,,,,,,,,,,,,,,,,,,,,,,,,,,,,,,,
,,,,,,,,,,,,,,,,,,,,,,,,,,,,,,,,,,,,,,,,,,,,,,,,,,,,,,,,,,,,,,,,,,385373,001,2024-11-19_18h06.03.845,experiment,2023.2.3,MacIntel,62.5,5d2de4db914b6e001877da8f,673c6e3c1bdcd7f14d4497df,673ccd8341fc97f417430d03,,,,,,,,,,,,,,,,,,,,,,,,,,,,,,,,,,,,,,,,5,,,,,,,,,,,,,3,,,,,,,,,,,,,,,,,,,,,,,,,,,,,,,,,,,,,,,,,,,,,,,,,,,,k,0.508,,space,0.335,,3,purple_gnome,3,8,dark_forest,yellow_basket,green_gnome,3,8,bright_forest,red_basket,40,0,0,1,green_gnome,bright_forest,red_basket,3504,-1,-1,31,5,253,6,1,,,,,,,,,,,,,,,,,,,,,,,,,,,,,,,,,,,,,,,,,,,,,,,,,,,,,,,,,,,,,,,,,,,,,
,,,,,,,,,,,,,,,,,,,,,,,,,,,,,,,,,,,,,,,,,,,,,,,,,,,,,,,,,,,,,,,,,,385373,001,2024-11-19_18h06.03.845,experiment,2023.2.3,MacIntel,62.5,5d2de4db914b6e001877da8f,673c6e3c1bdcd7f14d4497df,673ccd8341fc97f417430d03,,,,,,,,,,,,,,,,,,,,,,,,,,,,,,,,,,,,,,,,1,,,,,,,,,,,,,4,,,,,,,,,,,,,,,,,,,,,,,,,,,,,,,,,,,,,,,,,,,,,,,,,,,,s,0.606,,space,0.241,,4,red_gnome,4,7,bright_forest,red_basket,pink_gnome,4,7,dark_forest,yellow_basket,7,0,0,1,red_gnome,bright_forest,red_basket,3511,2,2,31,6,254,3,1,,,,,,,,,,,,,,,,,,,,,,,,,,,,,,,,,,,,,,,,,,,,,,,,,,,,,,,,,,,,,,,,,,,,,
,,,,,,,,,,,,,,,,,,,,,,,,,,,,,,,,,,,,,,,,,,,,,,,,,,,,,,,,,,,,,,,,,,385373,001,2024-11-19_18h06.03.845,experiment,2023.2.3,MacIntel,62.5,5d2de4db914b6e001877da8f,673c6e3c1bdcd7f14d4497df,673ccd8341fc97f417430d03,,,,,,,,,,,,,,,,,,,,,,,,,,,,,,,,,,,,,,,,1,,,,,,,,,,,,,4,,,,,,,,,,,,,,,,,,,,,,,,,,,,,,,,,,,,,,,,,,,,,,,,,,,,s,0.572,,space,0.512,,4,red_gnome,4,9,bright_forest,red_basket,pink_gnome,4,9,dark_forest,yellow_basket,9,0,0,1,red_gnome,bright_forest,red_basket,3520,2,0,31,7,255,3,1,,,,,,,,,,,,,,,,,,,,,,,,,,,,,,,,,,,,,,,,,,,,,,,,,,,,,,,,,,,,,,,,,,,,,
,,,,,,,,,,,,,,,,,,,,,,,,,,,,,,,,,,,,,,,,,,,,,,,,,,,,,,,,,,,,,,,,,,385373,001,2024-11-19_18h06.03.845,experiment,2023.2.3,MacIntel,62.5,5d2de4db914b6e001877da8f,673c6e3c1bdcd7f14d4497df,673ccd8341fc97f417430d03,,,,,,,,,,,,,,,,,,,,,,,,,,,,,,,,,,,,,,,,,,,,,,,,,,,,,,,,,,,,,,,,,,,,,,,,,,,,,,,,,,,,,,,,,,,,,,,,,,,,,,,,,,,,,,,,,,,,,,,,,,,,,,,,,,,,,,,,,,,,,,space,2.151,,space,1.106,,space,5.173,,space,2.302,,space,1.723,,11.66666667,3.204,89.22222222,5.387,space,6.042,,yellow_gnome,brown_gnome,0,0,0,5,1,0,6,,,,,,,,,,,,,,,,,,,,,,,,,,,,,,,,,
,,,,,,,,,,,,,,,,,,,,,,,,,,,,,,,,,,,,,,,,,,,,,,,,,,,,,,,,,,,,,,,,,,385373,001,2024-11-19_18h06.03.845,experiment,2023.2.3,MacIntel,62.5,5d2de4db914b6e001877da8f,673c6e3c1bdcd7f14d4497df,673ccd8341fc97f417430d03,,,,,,,,,,,,,,,,,,,,,,,,,,,,,,,,,,,,,,,,,,,,,,,,,,,,,,,,,,,,,,,,,,,,,,,,,,,,,,,,,,,,,,,,,,,,,,,,,,,,,,,,,,,,,,,,,,,,,,,,,,,,,,,,,,,,,,,,,,,,,,,,,,,,,,,,,,,,,98.33333333,7.735,92.88888889,4.136,space,7.966,,orange_gnome,yellow_gnome,0,1,1,27,1,6,7,,,,,,,,,,,,,,,,,,,,,,,,,,,,,,,,,
,,,,,,,,,,,,,,,,,,,,,,,,,,,,,,,,,,,,,,,,,,,,,,,,,,,,,,,,,,,,,,,,,,385373,001,2024-11-19_18h06.03.845,experiment,2023.2.3,MacIntel,62.5,5d2de4db914b6e001877da8f,673c6e3c1bdcd7f14d4497df,673ccd8341fc97f417430d03,,,,,,,,,,,,,,,,,,,,,,,,,,,,,,,,,,,,,,,,,,,,,,,,,,,,,,,,,,,,,,,,,,,,,,,,,,,,,,,,,,,,,,,,,,,,,,,,,,,,,,,,,,,,,,,,,,,,,,,,,,,,,,,,,,,,,,,,,,,,,,,,,,,,,,,,,,,,,19.33333333,3.753,69.88888889,5.604,space,5.192,,purple_gnome,yellow_gnome,0,2,2,11,1,1,6,,,,,,,,,,,,,,,,,,,,,,,,,,,,,,,,,
,,,,,,,,,,,,,,,,,,,,,,,,,,,,,,,,,,,,,,,,,,,,,,,,,,,,,,,,,,,,,,,,,,385373,001,2024-11-19_18h06.03.845,experiment,2023.2.3,MacIntel,62.5,5d2de4db914b6e001877da8f,673c6e3c1bdcd7f14d4497df,673ccd8341fc97f417430d03,,,,,,,,,,,,,,,,,,,,,,,,,,,,,,,,,,,,,,,,,,,,,,,,,,,,,,,,,,,,,,,,,,,,,,,,,,,,,,,,,,,,,,,,,,,,,,,,,,,,,,,,,,,,,,,,,,,,,,,,,,,,,,,,,,,,,,,,,,,,,,,,,,,,,,,,,,,,,24.77777778,3.471,39.77777778,4.888,space,4.564,,brown_gnome,purple_gnome,0,3,3,0,1,0,1,,,,,,,,,,,,,,,,,,,,,,,,,,,,,,,,,
,,,,,,,,,,,,,,,,,,,,,,,,,,,,,,,,,,,,,,,,,,,,,,,,,,,,,,,,,,,,,,,,,,385373,001,2024-11-19_18h06.03.845,experiment,2023.2.3,MacIntel,62.5,5d2de4db914b6e001877da8f,673c6e3c1bdcd7f14d4497df,673ccd8341fc97f417430d03,,,,,,,,,,,,,,,,,,,,,,,,,,,,,,,,,,,,,,,,,,,,,,,,,,,,,,,,,,,,,,,,,,,,,,,,,,,,,,,,,,,,,,,,,,,,,,,,,,,,,,,,,,,,,,,,,,,,,,,,,,,,,,,,,,,,,,,,,,,,,,,,,,,,,,,,,,,,,4.666666667,2.303,88.11111111,3.503,space,3.142,,blue_gnome,yellow_gnome,0,4,4,20,1,3,6,,,,,,,,,,,,,,,,,,,,,,,,,,,,,,,,,
,,,,,,,,,,,,,,,,,,,,,,,,,,,,,,,,,,,,,,,,,,,,,,,,,,,,,,,,,,,,,,,,,,385373,001,2024-11-19_18h06.03.845,experiment,2023.2.3,MacIntel,62.5,5d2de4db914b6e001877da8f,673c6e3c1bdcd7f14d4497df,673ccd8341fc97f417430d03,,,,,,,,,,,,,,,,,,,,,,,,,,,,,,,,,,,,,,,,,,,,,,,,,,,,,,,,,,,,,,,,,,,,,,,,,,,,,,,,,,,,,,,,,,,,,,,,,,,,,,,,,,,,,,,,,,,,,,,,,,,,,,,,,,,,,,,,,,,,,,,,,,,,,,,,,,,,,11.44444444,3.589,86.77777778,6.372,space,6,,red_gnome,green_gnome,0,5,5,22,1,4,5,,,,,,,,,,,,,,,,,,,,,,,,,,,,,,,,,
,,,,,,,,,,,,,,,,,,,,,,,,,,,,,,,,,,,,,,,,,,,,,,,,,,,,,,,,,,,,,,,,,,385373,001,2024-11-19_18h06.03.845,experiment,2023.2.3,MacIntel,62.5,5d2de4db914b6e001877da8f,673c6e3c1bdcd7f14d4497df,673ccd8341fc97f417430d03,,,,,,,,,,,,,,,,,,,,,,,,,,,,,,,,,,,,,,,,,,,,,,,,,,,,,,,,,,,,,,,,,,,,,,,,,,,,,,,,,,,,,,,,,,,,,,,,,,,,,,,,,,,,,,,,,,,,,,,,,,,,,,,,,,,,,,,,,,,,,,,,,,,,,,,,,,,,,72.33333333,3.923,85.66666667,6.44,space,6.309,,blue_gnome,brown_gnome,0,6,6,2,1,0,3,,,,,,,,,,,,,,,,,,,,,,,,,,,,,,,,,
,,,,,,,,,,,,,,,,,,,,,,,,,,,,,,,,,,,,,,,,,,,,,,,,,,,,,,,,,,,,,,,,,,385373,001,2024-11-19_18h06.03.845,experiment,2023.2.3,MacIntel,62.5,5d2de4db914b6e001877da8f,673c6e3c1bdcd7f14d4497df,673ccd8341fc97f417430d03,,,,,,,,,,,,,,,,,,,,,,,,,,,,,,,,,,,,,,,,,,,,,,,,,,,,,,,,,,,,,,,,,,,,,,,,,,,,,,,,,,,,,,,,,,,,,,,,,,,,,,,,,,,,,,,,,,,,,,,,,,,,,,,,,,,,,,,,,,,,,,,,,,,,,,,,,,,,,39.55555556,3.754,57.44444444,6.189,space,5.751,,yellow_gnome,red_gnome,0,7,7,25,1,5,6,,,,,,,,,,,,,,,,,,,,,,,,,,,,,,,,,
,,,,,,,,,,,,,,,,,,,,,,,,,,,,,,,,,,,,,,,,,,,,,,,,,,,,,,,,,,,,,,,,,,385373,001,2024-11-19_18h06.03.845,experiment,2023.2.3,MacIntel,62.5,5d2de4db914b6e001877da8f,673c6e3c1bdcd7f14d4497df,673ccd8341fc97f417430d03,,,,,,,,,,,,,,,,,,,,,,,,,,,,,,,,,,,,,,,,,,,,,,,,,,,,,,,,,,,,,,,,,,,,,,,,,,,,,,,,,,,,,,,,,,,,,,,,,,,,,,,,,,,,,,,,,,,,,,,,,,,,,,,,,,,,,,,,,,,,,,,,,,,,,,,,,,,,,41.44444444,3.557,33.88888889,5.091,space,4.976,,pink_gnome,yellow_gnome,0,8,8,16,1,2,6,,,,,,,,,,,,,,,,,,,,,,,,,,,,,,,,,
,,,,,,,,,,,,,,,,,,,,,,,,,,,,,,,,,,,,,,,,,,,,,,,,,,,,,,,,,,,,,,,,,,385373,001,2024-11-19_18h06.03.845,experiment,2023.2.3,MacIntel,62.5,5d2de4db914b6e001877da8f,673c6e3c1bdcd7f14d4497df,673ccd8341fc97f417430d03,,,,,,,,,,,,,,,,,,,,,,,,,,,,,,,,,,,,,,,,,,,,,,,,,,,,,,,,,,,,,,,,,,,,,,,,,,,,,,,,,,,,,,,,,,,,,,,,,,,,,,,,,,,,,,,,,,,,,,,,,,,,,,,,,,,,,,,,,,,,,,,,,,,,,,,,,,,,,14.55555556,5.255,75.11111111,6.355,space,6.009,,orange_gnome,purple_gnome,0,9,9,12,1,1,7,,,,,,,,,,,,,,,,,,,,,,,,,,,,,,,,,
,,,,,,,,,,,,,,,,,,,,,,,,,,,,,,,,,,,,,,,,,,,,,,,,,,,,,,,,,,,,,,,,,,385373,001,2024-11-19_18h06.03.845,experiment,2023.2.3,MacIntel,62.5,5d2de4db914b6e001877da8f,673c6e3c1bdcd7f14d4497df,673ccd8341fc97f417430d03,,,,,,,,,,,,,,,,,,,,,,,,,,,,,,,,,,,,,,,,,,,,,,,,,,,,,,,,,,,,,,,,,,,,,,,,,,,,,,,,,,,,,,,,,,,,,,,,,,,,,,,,,,,,,,,,,,,,,,,,,,,,,,,,,,,,,,,,,,,,,,,,,,,,,,,,,,,,,57.66666667,3.655,62.88888889,5.554,space,5.227,,green_gnome,purple_gnome,0,10,10,9,1,1,4,,,,,,,,,,,,,,,,,,,,,,,,,,,,,,,,,
,,,,,,,,,,,,,,,,,,,,,,,,,,,,,,,,,,,,,,,,,,,,,,,,,,,,,,,,,,,,,,,,,,385373,001,2024-11-19_18h06.03.845,experiment,2023.2.3,MacIntel,62.5,5d2de4db914b6e001877da8f,673c6e3c1bdcd7f14d4497df,673ccd8341fc97f417430d03,,,,,,,,,,,,,,,,,,,,,,,,,,,,,,,,,,,,,,,,,,,,,,,,,,,,,,,,,,,,,,,,,,,,,,,,,,,,,,,,,,,,,,,,,,,,,,,,,,,,,,,,,,,,,,,,,,,,,,,,,,,,,,,,,,,,,,,,,,,,,,,,,,,,,,,,,,,,,30.66666667,1.822,21.55555556,5.737,space,5.428,,green_gnome,orange_gnome,0,11,11,24,1,4,7,,,,,,,,,,,,,,,,,,,,,,,,,,,,,,,,,
,,,,,,,,,,,,,,,,,,,,,,,,,,,,,,,,,,,,,,,,,,,,,,,,,,,,,,,,,,,,,,,,,,385373,001,2024-11-19_18h06.03.845,experiment,2023.2.3,MacIntel,62.5,5d2de4db914b6e001877da8f,673c6e3c1bdcd7f14d4497df,673ccd8341fc97f417430d03,,,,,,,,,,,,,,,,,,,,,,,,,,,,,,,,,,,,,,,,,,,,,,,,,,,,,,,,,,,,,,,,,,,,,,,,,,,,,,,,,,,,,,,,,,,,,,,,,,,,,,,,,,,,,,,,,,,,,,,,,,,,,,,,,,,,,,,,,,,,,,,,,,,,,,,,,,,,,14,5.556,61.11111111,6.589,space,6.696,,brown_gnome,red_gnome,0,12,12,4,1,0,5,,,,,,,,,,,,,,,,,,,,,,,,,,,,,,,,,
,,,,,,,,,,,,,,,,,,,,,,,,,,,,,,,,,,,,,,,,,,,,,,,,,,,,,,,,,,,,,,,,,,385373,001,2024-11-19_18h06.03.845,experiment,2023.2.3,MacIntel,62.5,5d2de4db914b6e001877da8f,673c6e3c1bdcd7f14d4497df,673ccd8341fc97f417430d03,,,,,,,,,,,,,,,,,,,,,,,,,,,,,,,,,,,,,,,,,,,,,,,,,,,,,,,,,,,,,,,,,,,,,,,,,,,,,,,,,,,,,,,,,,,,,,,,,,,,,,,,,,,,,,,,,,,,,,,,,,,,,,,,,,,,,,,,,,,,,,,,,,,,,,,,,,,,,35.11111111,3.838,50.22222222,5.621,space,5.732,,brown_gnome,green_gnome,0,13,13,3,1,0,4,,,,,,,,,,,,,,,,,,,,,,,,,,,,,,,,,
,,,,,,,,,,,,,,,,,,,,,,,,,,,,,,,,,,,,,,,,,,,,,,,,,,,,,,,,,,,,,,,,,,385373,001,2024-11-19_18h06.03.845,experiment,2023.2.3,MacIntel,62.5,5d2de4db914b6e001877da8f,673c6e3c1bdcd7f14d4497df,673ccd8341fc97f417430d03,,,,,,,,,,,,,,,,,,,,,,,,,,,,,,,,,,,,,,,,,,,,,,,,,,,,,,,,,,,,,,,,,,,,,,,,,,,,,,,,,,,,,,,,,,,,,,,,,,,,,,,,,,,,,,,,,,,,,,,,,,,,,,,,,,,,,,,,,,,,,,,,,,,,,,,,,,,,,16.66666667,8.49,35.22222222,7.041,space,8.308,,red_gnome,purple_gnome,0,14,14,10,1,1,5,,,,,,,,,,,,,,,,,,,,,,,,,,,,,,,,,
,,,,,,,,,,,,,,,,,,,,,,,,,,,,,,,,,,,,,,,,,,,,,,,,,,,,,,,,,,,,,,,,,,385373,001,2024-11-19_18h06.03.845,experiment,2023.2.3,MacIntel,62.5,5d2de4db914b6e001877da8f,673c6e3c1bdcd7f14d4497df,673ccd8341fc97f417430d03,,,,,,,,,,,,,,,,,,,,,,,,,,,,,,,,,,,,,,,,,,,,,,,,,,,,,,,,,,,,,,,,,,,,,,,,,,,,,,,,,,,,,,,,,,,,,,,,,,,,,,,,,,,,,,,,,,,,,,,,,,,,,,,,,,,,,,,,,,,,,,,,,,,,,,,,,,,,,12.66666667,3.505,82.66666667,5.772,space,5.899,,pink_gnome,green_gnome,0,15,15,14,1,2,4,,,,,,,,,,,,,,,,,,,,,,,,,,,,,,,,,
,,,,,,,,,,,,,,,,,,,,,,,,,,,,,,,,,,,,,,,,,,,,,,,,,,,,,,,,,,,,,,,,,,385373,001,2024-11-19_18h06.03.845,experiment,2023.2.3,MacIntel,62.5,5d2de4db914b6e001877da8f,673c6e3c1bdcd7f14d4497df,673ccd8341fc97f417430d03,,,,,,,,,,,,,,,,,,,,,,,,,,,,,,,,,,,,,,,,,,,,,,,,,,,,,,,,,,,,,,,,,,,,,,,,,,,,,,,,,,,,,,,,,,,,,,,,,,,,,,,,,,,,,,,,,,,,,,,,,,,,,,,,,,,,,,,,,,,,,,,,,,,,,,,,,,,,,58.22222222,3.824,78.55555556,4.739,space,4.616,,pink_gnome,red_gnome,0,16,16,15,1,2,5,,,,,,,,,,,,,,,,,,,,,,,,,,,,,,,,,
,,,,,,,,,,,,,,,,,,,,,,,,,,,,,,,,,,,,,,,,,,,,,,,,,,,,,,,,,,,,,,,,,,385373,001,2024-11-19_18h06.03.845,experiment,2023.2.3,MacIntel,62.5,5d2de4db914b6e001877da8f,673c6e3c1bdcd7f14d4497df,673ccd8341fc97f417430d03,,,,,,,,,,,,,,,,,,,,,,,,,,,,,,,,,,,,,,,,,,,,,,,,,,,,,,,,,,,,,,,,,,,,,,,,,,,,,,,,,,,,,,,,,,,,,,,,,,,,,,,,,,,,,,,,,,,,,,,,,,,,,,,,,,,,,,,,,,,,,,,,,,,,,,,,,,,,,38.33333333,3.24,62.66666667,5.739,space,5.38,,blue_gnome,purple_gnome,0,17,17,8,1,1,3,,,,,,,,,,,,,,,,,,,,,,,,,,,,,,,,,
,,,,,,,,,,,,,,,,,,,,,,,,,,,,,,,,,,,,,,,,,,,,,,,,,,,,,,,,,,,,,,,,,,385373,001,2024-11-19_18h06.03.845,experiment,2023.2.3,MacIntel,62.5,5d2de4db914b6e001877da8f,673c6e3c1bdcd7f14d4497df,673ccd8341fc97f417430d03,,,,,,,,,,,,,,,,,,,,,,,,,,,,,,,,,,,,,,,,,,,,,,,,,,,,,,,,,,,,,,,,,,,,,,,,,,,,,,,,,,,,,,,,,,,,,,,,,,,,,,,,,,,,,,,,,,,,,,,,,,,,,,,,,,,,,,,,,,,,,,,,,,,,,,,,,,,,,33.22222222,3.371,73.11111111,4.335,space,3.938,,orange_gnome,blue_gnome,0,18,18,21,1,3,7,,,,,,,,,,,,,,,,,,,,,,,,,,,,,,,,,
,,,,,,,,,,,,,,,,,,,,,,,,,,,,,,,,,,,,,,,,,,,,,,,,,,,,,,,,,,,,,,,,,,385373,001,2024-11-19_18h06.03.845,experiment,2023.2.3,MacIntel,62.5,5d2de4db914b6e001877da8f,673c6e3c1bdcd7f14d4497df,673ccd8341fc97f417430d03,,,,,,,,,,,,,,,,,,,,,,,,,,,,,,,,,,,,,,,,,,,,,,,,,,,,,,,,,,,,,,,,,,,,,,,,,,,,,,,,,,,,,,,,,,,,,,,,,,,,,,,,,,,,,,,,,,,,,,,,,,,,,,,,,,,,,,,,,,,,,,,,,,,,,,,,,,,,,40,3.937,31.77777778,5.104,space,4.714,,pink_gnome,orange_gnome,0,19,19,17,1,2,7,,,,,,,,,,,,,,,,,,,,,,,,,,,,,,,,,
,,,,,,,,,,,,,,,,,,,,,,,,,,,,,,,,,,,,,,,,,,,,,,,,,,,,,,,,,,,,,,,,,,385373,001,2024-11-19_18h06.03.845,experiment,2023.2.3,MacIntel,62.5,5d2de4db914b6e001877da8f,673c6e3c1bdcd7f14d4497df,673ccd8341fc97f417430d03,,,,,,,,,,,,,,,,,,,,,,,,,,,,,,,,,,,,,,,,,,,,,,,,,,,,,,,,,,,,,,,,,,,,,,,,,,,,,,,,,,,,,,,,,,,,,,,,,,,,,,,,,,,,,,,,,,,,,,,,,,,,,,,,,,,,,,,,,,,,,,,,,,,,,,,,,,,,,10.44444444,4.306,81.33333333,5.173,space,4.983,,red_gnome,blue_gnome,0,20,20,19,1,3,5,,,,,,,,,,,,,,,,,,,,,,,,,,,,,,,,,
,,,,,,,,,,,,,,,,,,,,,,,,,,,,,,,,,,,,,,,,,,,,,,,,,,,,,,,,,,,,,,,,,,385373,001,2024-11-19_18h06.03.845,experiment,2023.2.3,MacIntel,62.5,5d2de4db914b6e001877da8f,673c6e3c1bdcd7f14d4497df,673ccd8341fc97f417430d03,,,,,,,,,,,,,,,,,,,,,,,,,,,,,,,,,,,,,,,,,,,,,,,,,,,,,,,,,,,,,,,,,,,,,,,,,,,,,,,,,,,,,,,,,,,,,,,,,,,,,,,,,,,,,,,,,,,,,,,,,,,,,,,,,,,,,,,,,,,,,,,,,,,,,,,,,,,,,57.11111111,3.205,74.11111111,4.222,space,3.83,,yellow_gnome,green_gnome,0,21,21,23,1,4,6,,,,,,,,,,,,,,,,,,,,,,,,,,,,,,,,,
,,,,,,,,,,,,,,,,,,,,,,,,,,,,,,,,,,,,,,,,,,,,,,,,,,,,,,,,,,,,,,,,,,385373,001,2024-11-19_18h06.03.845,experiment,2023.2.3,MacIntel,62.5,5d2de4db914b6e001877da8f,673c6e3c1bdcd7f14d4497df,673ccd8341fc97f417430d03,,,,,,,,,,,,,,,,,,,,,,,,,,,,,,,,,,,,,,,,,,,,,,,,,,,,,,,,,,,,,,,,,,,,,,,,,,,,,,,,,,,,,,,,,,,,,,,,,,,,,,,,,,,,,,,,,,,,,,,,,,,,,,,,,,,,,,,,,,,,,,,,,,,,,,,,,,,,,6.888888889,2.688,94.33333333,4.955,space,4.518,,brown_gnome,orange_gnome,0,22,22,6,1,0,7,,,,,,,,,,,,,,,,,,,,,,,,,,,,,,,,,
,,,,,,,,,,,,,,,,,,,,,,,,,,,,,,,,,,,,,,,,,,,,,,,,,,,,,,,,,,,,,,,,,,385373,001,2024-11-19_18h06.03.845,experiment,2023.2.3,MacIntel,62.5,5d2de4db914b6e001877da8f,673c6e3c1bdcd7f14d4497df,673ccd8341fc97f417430d03,,,,,,,,,,,,,,,,,,,,,,,,,,,,,,,,,,,,,,,,,,,,,,,,,,,,,,,,,,,,,,,,,,,,,,,,,,,,,,,,,,,,,,,,,,,,,,,,,,,,,,,,,,,,,,,,,,,,,,,,,,,,,,,,,,,,,,,,,,,,,,,,,,,,,,,,,,,,,8.777777778,2.59,86.44444444,3.572,space,3.227,,blue_gnome,pink_gnome,0,23,23,13,1,2,3,,,,,,,,,,,,,,,,,,,,,,,,,,,,,,,,,
,,,,,,,,,,,,,,,,,,,,,,,,,,,,,,,,,,,,,,,,,,,,,,,,,,,,,,,,,,,,,,,,,,385373,001,2024-11-19_18h06.03.845,experiment,2023.2.3,MacIntel,62.5,5d2de4db914b6e001877da8f,673c6e3c1bdcd7f14d4497df,673ccd8341fc97f417430d03,,,,,,,,,,,,,,,,,,,,,,,,,,,,,,,,,,,,,,,,,,,,,,,,,,,,,,,,,,,,,,,,,,,,,,,,,,,,,,,,,,,,,,,,,,,,,,,,,,,,,,,,,,,,,,,,,,,,,,,,,,,,,,,,,,,,,,,,,,,,,,,,,,,,,,,,,,,,,6.444444444,2.172,95,5.523,space,5.129,,brown_gnome,pink_gnome,0,24,24,1,1,0,2,,,,,,,,,,,,,,,,,,,,,,,,,,,,,,,,,
,,,,,,,,,,,,,,,,,,,,,,,,,,,,,,,,,,,,,,,,,,,,,,,,,,,,,,,,,,,,,,,,,,385373,001,2024-11-19_18h06.03.845,experiment,2023.2.3,MacIntel,62.5,5d2de4db914b6e001877da8f,673c6e3c1bdcd7f14d4497df,673ccd8341fc97f417430d03,,,,,,,,,,,,,,,,,,,,,,,,,,,,,,,,,,,,,,,,,,,,,,,,,,,,,,,,,,,,,,,,,,,,,,,,,,,,,,,,,,,,,,,,,,,,,,,,,,,,,,,,,,,,,,,,,,,,,,,,,,,,,,,,,,,,,,,,,,,,,,,,,,,,,,,,,,,,,31,2.671,73,3.537,space,3.131,,blue_gnome,green_gnome,0,25,25,18,1,3,4,,,,,,,,,,,,,,,,,,,,,,,,,,,,,,,,,
,,,,,,,,,,,,,,,,,,,,,,,,,,,,,,,,,,,,,,,,,,,,,,,,,,,,,,,,,,,,,,,,,,385373,001,2024-11-19_18h06.03.845,experiment,2023.2.3,MacIntel,62.5,5d2de4db914b6e001877da8f,673c6e3c1bdcd7f14d4497df,673ccd8341fc97f417430d03,,,,,,,,,,,,,,,,,,,,,,,,,,,,,,,,,,,,,,,,,,,,,,,,,,,,,,,,,,,,,,,,,,,,,,,,,,,,,,,,,,,,,,,,,,,,,,,,,,,,,,,,,,,,,,,,,,,,,,,,,,,,,,,,,,,,,,,,,,,,,,,,,,,,,,,,,,,,,1.111111111,2.171,88.88888889,3.304,space,2.88,,pink_gnome,purple_gnome,0,26,26,7,1,1,2,,,,,,,,,,,,,,,,,,,,,,,,,,,,,,,,,
,,,,,,,,,,,,,,,,,,,,,,,,,,,,,,,,,,,,,,,,,,,,,,,,,,,,,,,,,,,,,,,,,,385373,001,2024-11-19_18h06.03.845,experiment,2023.2.3,MacIntel,62.5,5d2de4db914b6e001877da8f,673c6e3c1bdcd7f14d4497df,673ccd8341fc97f417430d03,,,,,,,,,,,,,,,,,,,,,,,,,,,,,,,,,,,,,,,,,,,,,,,,,,,,,,,,,,,,,,,,,,,,,,,,,,,,,,,,,,,,,,,,,,,,,,,,,,,,,,,,,,,,,,,,,,,,,,,,,,,,,,,,,,,,,,,,,,,,,,,,,,,,,,,,,,,,,54.55555556,3.155,39,4.539,space,4.25,,orange_gnome,red_gnome,0,27,27,26,1,5,7,,,,,,,,,,,,,,,,,,,,,,,,,,,,,,,,,
,,,,,,,,,,,,,,,,,,,,,,,,,,,,,,,,,,,,,,,,,,,,,,,,,,,,,,,,,,,,,,,,,,385373,001,2024-11-19_18h06.03.845,experiment,2023.2.3,MacIntel,62.5,5d2de4db914b6e001877da8f,673c6e3c1bdcd7f14d4497df,673ccd8341fc97f417430d03,,,,,,,,,,,,,,,,,,,,,,,,,,,,,,,,,,,,,,,,,,,,,,,,,,,,,,,,,,,,,,,,,,,,,,,,,,,,,,,,,,,,,,,,,,,,,,,,,,,,,,,,,,,,,,,,,,,,,,,,,,,,,,,,,,,,,,,,,,,,,,,,,,,,,,,,,,,,,,,,,,,,,,,,,,,,,space,7.56,,11.44444444,5.823,8.888888889,6.776,space,7.037,,blue_gnome,bright_forest,red_basket,0,0,0,6,1,3,0,,,,,,,,,,,,,
,,,,,,,,,,,,,,,,,,,,,,,,,,,,,,,,,,,,,,,,,,,,,,,,,,,,,,,,,,,,,,,,,,385373,001,2024-11-19_18h06.03.845,experiment,2023.2.3,MacIntel,62.5,5d2de4db914b6e001877da8f,673c6e3c1bdcd7f14d4497df,673ccd8341fc97f417430d03,,,,,,,,,,,,,,,,,,,,,,,,,,,,,,,,,,,,,,,,,,,,,,,,,,,,,,,,,,,,,,,,,,,,,,,,,,,,,,,,,,,,,,,,,,,,,,,,,,,,,,,,,,,,,,,,,,,,,,,,,,,,,,,,,,,,,,,,,,,,,,,,,,,,,,,,,,,,,,,,,,,,,,,,,,,,,,,,65.22222222,5.036,18.66666667,6.569,space,6.697,,purple_gnome,bright_forest,red_basket,0,1,1,2,1,1,0,,,,,,,,,,,,,
,,,,,,,,,,,,,,,,,,,,,,,,,,,,,,,,,,,,,,,,,,,,,,,,,,,,,,,,,,,,,,,,,,385373,001,2024-11-19_18h06.03.845,experiment,2023.2.3,MacIntel,62.5,5d2de4db914b6e001877da8f,673c6e3c1bdcd7f14d4497df,673ccd8341fc97f417430d03,,,,,,,,,,,,,,,,,,,,,,,,,,,,,,,,,,,,,,,,,,,,,,,,,,,,,,,,,,,,,,,,,,,,,,,,,,,,,,,,,,,,,,,,,,,,,,,,,,,,,,,,,,,,,,,,,,,,,,,,,,,,,,,,,,,,,,,,,,,,,,,,,,,,,,,,,,,,,,,,,,,,,,,,,,,,,,,,74.88888889,4.607,76.77777778,5.557,space,5.148,,red_gnome,dark_forest,yellow_basket,0,2,2,11,1,5,1,,,,,,,,,,,,,
,,,,,,,,,,,,,,,,,,,,,,,,,,,,,,,,,,,,,,,,,,,,,,,,,,,,,,,,,,,,,,,,,,385373,001,2024-11-19_18h06.03.845,experiment,2023.2.3,MacIntel,62.5,5d2de4db914b6e001877da8f,673c6e3c1bdcd7f14d4497df,673ccd8341fc97f417430d03,,,,,,,,,,,,,,,,,,,,,,,,,,,,,,,,,,,,,,,,,,,,,,,,,,,,,,,,,,,,,,,,,,,,,,,,,,,,,,,,,,,,,,,,,,,,,,,,,,,,,,,,,,,,,,,,,,,,,,,,,,,,,,,,,,,,,,,,,,,,,,,,,,,,,,,,,,,,,,,,,,,,,,,,,,,,,,,,51,3.238,,,space,2.882,,purple_gnome,dark_forest,yellow_basket,0,3,3,3,1,1,1,,,,,,,,,,,,,
,,,,,,,,,,,,,,,,,,,,,,,,,,,,,,,,,,,,,,,,,,,,,,,,,,,,,,,,,,,,,,,,,,385373,001,2024-11-19_18h06.03.845,experiment,2023.2.3,MacIntel,62.5,5d2de4db914b6e001877da8f,673c6e3c1bdcd7f14d4497df,673ccd8341fc97f417430d03,,,,,,,,,,,,,,,,,,,,,,,,,,,,,,,,,,,,,,,,,,,,,,,,,,,,,,,,,,,,,,,,,,,,,,,,,,,,,,,,,,,,,,,,,,,,,,,,,,,,,,,,,,,,,,,,,,,,,,,,,,,,,,,,,,,,,,,,,,,,,,,,,,,,,,,,,,,,,,,,,,,,,,,,,,,,,,,,33.44444444,4.69,35.33333333,5.742,space,5.361,,red_gnome,bright_forest,red_basket,0,4,4,10,1,5,0,,,,,,,,,,,,,
,,,,,,,,,,,,,,,,,,,,,,,,,,,,,,,,,,,,,,,,,,,,,,,,,,,,,,,,,,,,,,,,,,385373,001,2024-11-19_18h06.03.845,experiment,2023.2.3,MacIntel,62.5,5d2de4db914b6e001877da8f,673c6e3c1bdcd7f14d4497df,673ccd8341fc97f417430d03,,,,,,,,,,,,,,,,,,,,,,,,,,,,,,,,,,,,,,,,,,,,,,,,,,,,,,,,,,,,,,,,,,,,,,,,,,,,,,,,,,,,,,,,,,,,,,,,,,,,,,,,,,,,,,,,,,,,,,,,,,,,,,,,,,,,,,,,,,,,,,,,,,,,,,,,,,,,,,,,,,,,,,,,,,,,,,,,67.11111111,1.939,56.22222222,3.473,space,3.379,,blue_gnome,dark_forest,yellow_basket,0,5,5,7,1,3,1,,,,,,,,,,,,,
,,,,,,,,,,,,,,,,,,,,,,,,,,,,,,,,,,,,,,,,,,,,,,,,,,,,,,,,,,,,,,,,,,385373,001,2024-11-19_18h06.03.845,experiment,2023.2.3,MacIntel,62.5,5d2de4db914b6e001877da8f,673c6e3c1bdcd7f14d4497df,673ccd8341fc97f417430d03,,,,,,,,,,,,,,,,,,,,,,,,,,,,,,,,,,,,,,,,,,,,,,,,,,,,,,,,,,,,,,,,,,,,,,,,,,,,,,,,,,,,,,,,,,,,,,,,,,,,,,,,,,,,,,,,,,,,,,,,,,,,,,,,,,,,,,,,,,,,,,,,,,,,,,,,,,,,,,,,,,,,,,,,,,,,,,,,87.22222222,2.139,74.44444444,3.124,space,4.286,,green_gnome,bright_forest,red_basket,0,6,6,8,1,4,0,,,,,,,,,,,,,
,,,,,,,,,,,,,,,,,,,,,,,,,,,,,,,,,,,,,,,,,,,,,,,,,,,,,,,,,,,,,,,,,,385373,001,2024-11-19_18h06.03.845,experiment,2023.2.3,MacIntel,62.5,5d2de4db914b6e001877da8f,673c6e3c1bdcd7f14d4497df,673ccd8341fc97f417430d03,,,,,,,,,,,,,,,,,,,,,,,,,,,,,,,,,,,,,,,,,,,,,,,,,,,,,,,,,,,,,,,,,,,,,,,,,,,,,,,,,,,,,,,,,,,,,,,,,,,,,,,,,,,,,,,,,,,,,,,,,,,,,,,,,,,,,,,,,,,,,,,,,,,,,,,,,,,,,,,,,,,,,,,,,,,,,,,,34.66666667,4.268,55,6.501,space,6.178,,green_gnome,dark_forest,yellow_basket,0,7,7,9,1,4,1,,,,,,,,,,,,,
,,,,,,,,,,,,,,,,,,,,,,,,,,,,,,,,,,,,,,,,,,,,,,,,,,,,,,,,,,,,,,,,,,385373,001,2024-11-19_18h06.03.845,experiment,2023.2.3,MacIntel,62.5,5d2de4db914b6e001877da8f,673c6e3c1bdcd7f14d4497df,673ccd8341fc97f417430d03,,,,,,,,,,,,,,,,,,,,,,,,,,,,,,,,,,,,,,,,,,,,,,,,,,,,,,,,,,,,,,,,,,,,,,,,,,,,,,,,,,,,,,,,,,,,,,,,,,,,,,,,,,,,,,,,,,,,,,,,,,,,,,,,,,,,,,,,,,,,,,,,,,,,,,,,,,,,,,,,,,,,,,,,,,,,,,,,72.33333333,2.437,56.77777778,3.354,space,2.952,,pink_gnome,bright_forest,red_basket,0,8,8,4,1,2,0,,,,,,,,,,,,,
,,,,,,,,,,,,,,,,,,,,,,,,,,,,,,,,,,,,,,,,,,,,,,,,,,,,,,,,,,,,,,,,,,385373,001,2024-11-19_18h06.03.845,experiment,2023.2.3,MacIntel,62.5,5d2de4db914b6e001877da8f,673c6e3c1bdcd7f14d4497df,673ccd8341fc97f417430d03,,,,,,,,,,,,,,,,,,,,,,,,,,,,,,,,,,,,,,,,,,,,,,,,,,,,,,,,,,,,,,,,,,,,,,,,,,,,,,,,,,,,,,,,,,,,,,,,,,,,,,,,,,,,,,,,,,,,,,,,,,,,,,,,,,,,,,,,,,,,,,,,,,,,,,,,,,,,,,,,,,,,,,,,,,,,,,,,64.55555556,1.888,34.33333333,3.038,space,3.381,,yellow_gnome,bright_forest,red_basket,0,9,9,12,1,6,0,,,,,,,,,,,,,
,,,,,,,,,,,,,,,,,,,,,,,,,,,,,,,,,,,,,,,,,,,,,,,,,,,,,,,,,,,,,,,,,,385373,001,2024-11-19_18h06.03.845,experiment,2023.2.3,MacIntel,62.5,5d2de4db914b6e001877da8f,673c6e3c1bdcd7f14d4497df,673ccd8341fc97f417430d03,,,,,,,,,,,,,,,,,,,,,,,,,,,,,,,,,,,,,,,,,,,,,,,,,,,,,,,,,,,,,,,,,,,,,,,,,,,,,,,,,,,,,,,,,,,,,,,,,,,,,,,,,,,,,,,,,,,,,,,,,,,,,,,,,,,,,,,,,,,,,,,,,,,,,,,,,,,,,,,,,,,,,,,,,,,,,,,,30.11111111,2.156,41.88888889,4.489,space,4.567,,orange_gnome,bright_forest,red_basket,0,10,10,14,1,7,0,,,,,,,,,,,,,
,,,,,,,,,,,,,,,,,,,,,,,,,,,,,,,,,,,,,,,,,,,,,,,,,,,,,,,,,,,,,,,,,,385373,001,2024-11-19_18h06.03.845,experiment,2023.2.3,MacIntel,62.5,5d2de4db914b6e001877da8f,673c6e3c1bdcd7f14d4497df,673ccd8341fc97f417430d03,,,,,,,,,,,,,,,,,,,,,,,,,,,,,,,,,,,,,,,,,,,,,,,,,,,,,,,,,,,,,,,,,,,,,,,,,,,,,,,,,,,,,,,,,,,,,,,,,,,,,,,,,,,,,,,,,,,,,,,,,,,,,,,,,,,,,,,,,,,,,,,,,,,,,,,,,,,,,,,,,,,,,,,,,,,,,,,,78.44444444,2.572,70,5.822,space,5.832,,brown_gnome,dark_forest,yellow_basket,0,11,11,1,1,0,1,,,,,,,,,,,,,
,,,,,,,,,,,,,,,,,,,,,,,,,,,,,,,,,,,,,,,,,,,,,,,,,,,,,,,,,,,,,,,,,,385373,001,2024-11-19_18h06.03.845,experiment,2023.2.3,MacIntel,62.5,5d2de4db914b6e001877da8f,673c6e3c1bdcd7f14d4497df,673ccd8341fc97f417430d03,,,,,,,,,,,,,,,,,,,,,,,,,,,,,,,,,,,,,,,,,,,,,,,,,,,,,,,,,,,,,,,,,,,,,,,,,,,,,,,,,,,,,,,,,,,,,,,,,,,,,,,,,,,,,,,,,,,,,,,,,,,,,,,,,,,,,,,,,,,,,,,,,,,,,,,,,,,,,,,,,,,,,,,,,,,,,,,,36.11111111,2.974,53.55555556,4.305,space,5.229,,pink_gnome,dark_forest,yellow_basket,0,12,12,5,1,2,1,,,,,,,,,,,,,
,,,,,,,,,,,,,,,,,,,,,,,,,,,,,,,,,,,,,,,,,,,,,,,,,,,,,,,,,,,,,,,,,,385373,001,2024-11-19_18h06.03.845,experiment,2023.2.3,MacIntel,62.5,5d2de4db914b6e001877da8f,673c6e3c1bdcd7f14d4497df,673ccd8341fc97f417430d03,,,,,,,,,,,,,,,,,,,,,,,,,,,,,,,,,,,,,,,,,,,,,,,,,,,,,,,,,,,,,,,,,,,,,,,,,,,,,,,,,,,,,,,,,,,,,,,,,,,,,,,,,,,,,,,,,,,,,,,,,,,,,,,,,,,,,,,,,,,,,,,,,,,,,,,,,,,,,,,,,,,,,,,,,,,,,,,,62.33333333,1.855,63.22222222,2.687,space,2.575,,orange_gnome,dark_forest,yellow_basket,0,13,13,15,1,7,1,,,,,,,,,,,,,
,,,,,,,,,,,,,,,,,,,,,,,,,,,,,,,,,,,,,,,,,,,,,,,,,,,,,,,,,,,,,,,,,,385373,001,2024-11-19_18h06.03.845,experiment,2023.2.3,MacIntel,62.5,5d2de4db914b6e001877da8f,673c6e3c1bdcd7f14d4497df,673ccd8341fc97f417430d03,,,,,,,,,,,,,,,,,,,,,,,,,,,,,,,,,,,,,,,,,,,,,,,,,,,,,,,,,,,,,,,,,,,,,,,,,,,,,,,,,,,,,,,,,,,,,,,,,,,,,,,,,,,,,,,,,,,,,,,,,,,,,,,,,,,,,,,,,,,,,,,,,,,,,,,,,,,,,,,,,,,,,,,,,,,,,,,,71.33333333,2.588,59.55555556,3.389,space,3.246,,brown_gnome,bright_forest,red_basket,0,14,14,0,1,0,0,,,,,,,,,,,,,
,,,,,,,,,,,,,,,,,,,,,,,,,,,,,,,,,,,,,,,,,,,,,,,,,,,,,,,,,,,,,,,,,,385373,001,2024-11-19_18h06.03.845,experiment,2023.2.3,MacIntel,62.5,5d2de4db914b6e001877da8f,673c6e3c1bdcd7f14d4497df,673ccd8341fc97f417430d03,,,,,,,,,,,,,,,,,,,,,,,,,,,,,,,,,,,,,,,,,,,,,,,,,,,,,,,,,,,,,,,,,,,,,,,,,,,,,,,,,,,,,,,,,,,,,,,,,,,,,,,,,,,,,,,,,,,,,,,,,,,,,,,,,,,,,,,,,,,,,,,,,,,,,,,,,,,,,,,,,,,,,,,,,,,,,,,,31.22222222,3.906,,,space,4.379,,yellow_gnome,dark_forest,yellow_basket,0,15,15,13,1,6,1,,,,,,,,,,,,,
,,,,,,,,,,,,,,,,,,,,,,,,,,,,,,,,,,,,,,,,,,,,,,,,,,,,,,,,,,,,,,,,,,385373,001,2024-11-19_18h06.03.845,experiment,2023.2.3,MacIntel,62.5,5d2de4db914b6e001877da8f,673c6e3c1bdcd7f14d4497df,673ccd8341fc97f417430d03,,,,,,,,,,,,,,,,,,,,,,,,,,,,,,,,,,,,,,,,,,,,,,,,,,,,,,,,,,,,,,,,,,,,,,,,,,,,,,,,,,,,,,,,,,,,,,,,,,,,,,,,,,,,,,,,,,,,,,,,,,,,,,,,,,,,,,,,,,,,,,,,,,,,,,,,,,,,,,,,,,,,,,,,,,,,,,,,,,,,,,,,,,,,,,,,,space,8.348,,0,0,0,0,1,,,,,
,,,,,,,,,,,,,,,,,,,,,,,,,,,,,,,,,,,,,,,,,,,,,,,,,,,,,,,,,,,,,,,,,,385373,001,2024-11-19_18h06.03.845,experiment,2023.2.3,MacIntel,62.5,5d2de4db914b6e001877da8f,673c6e3c1bdcd7f14d4497df,673ccd8341fc97f417430d03,,,,,,,,,,,,,,,,,,,,,,,,,,,,,,,,,,,,,,,,,,,,,,,,,,,,,,,,,,,,,,,,,,,,,,,,,,,,,,,,,,,,,,,,,,,,,,,,,,,,,,,,,,,,,,,,,,,,,,,,,,,,,,,,,,,,,,,,,,,,,,,,,,,,,,,,,,,,,,,,,,,,,,,,,,,,,,,,,,,,,,,,,,,,,,,,,,,,,,,,,0,0,0,0,1