"parent_PID","stim1_name","stim1_file","stim1_pair","stim1_deact_file","stim1_step2_name","stim1_step2_file","stim1_step2_basket_name","stim1_step2_basket_file","stim2_name","stim2_file","stim2_pair","stim2_deact_file","stim2_step2_name","stim2_step2_file","stim2_step2_basket_name","stim2_step2_basket_file","stim3_name","stim3_file","stim3_pair","stim3_deact_file","stim3_step2_name","stim3_step2_file","stim3_step2_basket_name","stim3_step2_basket_file","stim4_name","stim4_file","stim4_pair","stim4_deact_file","stim4_step2_name","stim4_step2_file","stim4_step2_basket_name","stim4_step2_basket_file","stim5_name","stim5_file","stim5_pair","stim5_deact_file","stim5_step2_name","stim5_step2_file","stim5_step2_basket_name","stim5_step2_basket_file","stim6_name","stim6_file","stim6_pair","stim6_deact_file","stim6_step2_name","stim6_step2_file","stim6_step2_basket_name","stim6_step2_basket_file","stim7_name","stim7_file","stim7_pair","stim7_deact_file","stim7_step2_name","stim7_step2_file","stim7_step2_basket_name","stim7_step2_basket_file","stim8_name","stim8_file","stim8_pair","stim8_deact_file","stim8_step2_name","stim8_step2_file","stim8_step2_basket_name","stim8_step2_basket_file","participant","session","date","expName","psychopyVersion","OS","frameRate","PROLIFIC_PID","STUDY_ID","SESSION_ID","consent_keyresp.keys","consent_keyresp.rt","consent_keyresp.duration","global_instructions1_key.keys","global_instructions1_key.rt","global_instructions1_key.duration","global_instructions2_key.keys","global_instructions2_key.rt","global_instructions2_key.duration","global_instructions3_key.keys","global_instructions3_key.rt","global_instructions3_key.duration","global_instructions4_key.keys","global_instructions4_key.rt","global_instructions4_key.duration","stake_instructions_key.keys","stake_instructions_key.rt","stake_instructions_key.duration","global_instructions5_key.keys","global_instructions5_key.rt","global_instructions5_key.duration","p_fixation_2.started","p_fixation_2.stopped","p_step1_keyresp.keys","p_step1_keyresp.rt","p_step1_keyresp.duration","p_step2_keyresp.keys","p_step2_keyresp.rt","p_step2_keyresp.duration","p_step1_pair_index","p_step1_stimLeft_name","p_step1_stimLeft_pair","p_step1_stimLeft_reward","p_step1_stimLeft_step2Stim","p_step1_stimLeft_step2Basket","p_step1_stimRight_name","p_step1_stimRight_pair","p_step1_stimRight_reward","p_step1_stimRight_step2Stim","p_step1_stimRight_step2Basket","p_points","t_mult","p_fail_step1","p_fail_step2","p_reward_flag","p_step1_choice","p_step2_stim","p_step2_basket","p_score","practice.thisRepN","practice.thisTrialN","practice.thisN","practice.thisIndex","practice.ran","pair_index","p_mult","t_instructions_keyresp.keys","t_instructions_keyresp.rt","t_instructions_keyresp.duration","t_advice_reading.started","t_advice_reading.stopped","t_advice_mouse.x","t_advice_mouse.y","t_advice_mouse.leftButton","t_advice_mouse.midButton","t_advice_mouse.rightButton","t_advice_mouse.time","t_advice_mouse.clicked_name","t_advice_summary_textbox.text","t_advice_summary_mouse.x","t_advice_summary_mouse.y","t_advice_summary_mouse.leftButton","t_advice_summary_mouse.midButton","t_advice_summary_mouse.rightButton","t_advice_summary_mouse.time","t_advice_summary_mouse.clicked_name","t_instructions_2_keyresp.keys","t_instructions_2_keyresp.rt","t_instructions_2_keyresp.duration","t_step1_keyresp.keys","t_step1_keyresp.rt","t_step1_keyresp.duration","t_step2_keyresp.keys","t_step2_keyresp.rt","t_step2_keyresp.duration","t_step1_pair_index","t_step1_stimLeft_name","t_step1_stimLeft_pair","t_step1_stimLeft_reward","t_step1_stimLeft_step2Stim","t_step1_stimLeft_step2Basket","t_step1_stimRight_name","t_step1_stimRight_pair","t_step1_stimRight_reward","t_step1_stimRight_step2Stim","t_step1_stimRight_step2Basket","t_points","t_fail_step1","t_fail_step2","t_reward_flag","t_step1_choice","t_step2_stim","t_step2_basket","globa_score","t_data_stimWalk0","t_data_stimWalk1","trials.thisRepN","trials.thisTrialN","trials.thisN","trials.thisIndex","trials.ran","break_key_resp.keys","break_key_resp.rt","break_key_resp.duration","pl_global_instructions_keyresp.keys","pl_global_instructions_keyresp.rt","pl_global_instructions_keyresp.duration","vb_instructions_keyresp.keys","vb_instructions_keyresp.rt","vb_instructions_keyresp.duration","vb_instructions_2_keyresp.keys","vb_instructions_2_keyresp.rt","vb_instructions_2_keyresp.duration","vb_textbox.text","vb_mouse.x","vb_mouse.y","vb_mouse.leftButton","vb_mouse.midButton","vb_mouse.rightButton","vb_mouse.time","vb_mouse.clicked_name","pl1_instructions1_keyresp.keys","pl1_instructions1_keyresp.rt","pl1_instructions1_keyresp.duration","pl1_instructions2_keyresp.keys","pl1_instructions2_keyresp.rt","pl1_instructions2_keyresp.duration","pl1_instructions3_keyresp.keys","pl1_instructions3_keyresp.rt","pl1_instructions3_keyresp.duration","pl1_instructions4_keyresp.keys","pl1_instructions4_keyresp.rt","pl1_instructions4_keyresp.duration","pl1_task_lickert.response","pl1_task_lickert.rt","pl1_task_confidence_lickert.response","pl1_task_confidence_lickert.rt","pl1_task_keyresp.keys","pl1_task_keyresp.rt","pl1_task_keyresp.duration","pl1_task_stimLeft","pl1_task_stimRight","pl1_loop.thisRepN","pl1_loop.thisTrialN","pl1_loop.thisN","pl1_loop.thisIndex","pl1_loop.ran","stimLeft_index","stimRight_index","pl2_instructions_keyresp.keys","pl2_instructions_keyresp.rt","pl2_instructions_keyresp.duration","pl2_task_lickert.response","pl2_task_lickert.rt","pl2_task_confidence_lickert.response","pl2_task_confidence_lickert.rt","pl2_task_keyresp.keys","pl2_task_keyresp.rt","pl2_task_keyresp.duration","pl2_task_gnome","pl2_task_forest","pl2_task_basket","pl2_loop.thisRepN","pl2_loop.thisTrialN","pl2_loop.thisN","pl2_loop.thisIndex","pl2_loop.ran","gnome_id","forest_id","end_keyresp.keys","end_keyresp.rt","end_keyresp.duration","show_trials.thisRepN","show_trials.thisTrialN","show_trials.thisN","show_trials.thisIndex","show_trials.ran"
"660d5af29e8f6f8ac3be3749","brown_gnome","ressources/step1_stim1.png",4,"ressources/step1_tallGnome_deact.png","bright_forest","ressources/step2_background1.png","yellow_basket","ressources/step2_stim1.png","purple_gnome","ressources/step1_stim2.png",2,"ressources/step1_tallGnome_deact.png","dark_forest","ressources/step2_background2.png","red_basket","ressources/step2_stim2.png","pink_gnome","ressources/step1_stim3.png",1,"ressources/step1_tallGnome_deact.png","bright_forest","ressources/step2_background1.png","yellow_basket","ressources/step2_stim1.png","blue_gnome","ressources/step1_stim4.png",4,"ressources/step1_tallGnome_deact.png","dark_forest","ressources/step2_background2.png","red_basket","ressources/step2_stim2.png","green_gnome","ressources/step1_stim5.png",1,"ressources/step1_smallGnome_deact.png","dark_forest","ressources/step2_background2.png","red_basket","ressources/step2_stim2.png","red_gnome","ressources/step1_stim6.png",3,"ressources/step1_smallGnome_deact.png","dark_forest","ressources/step2_background2.png","red_basket","ressources/step2_stim2.png","yellow_gnome","ressources/step1_stim7.png",3,"ressources/step1_smallGnome_deact.png","bright_forest","ressources/step2_background1.png","yellow_basket","ressources/step2_stim1.png","orange_gnome","ressources/step1_stim8.png",2,"ressources/step1_smallGnome_deact.png","bright_forest","ressources/step2_background1.png","yellow_basket","ressources/step2_stim1.png",159986,1,"2024-05-21_19h20.35.819","experiment","2023.2.3","MacIntel",61.34969325,"5dc9e325ac77c76f8a335019","664cb95af670ddca0a461021","664ce0d2679c458e54512a83","",,,"",,,"",,,"",,,"",,,"",,,"",,,,,"",,,"",,,,"",,,"","","",,,"","",,,,,,"","","",,,,,,,,,"",,,,,,,,,,,"","",,,,,,,"","",,,"",,,"",,,,"",,,"","","",,,"","",,,,,"","","",,,,,,,,,"",,,"",,,"",,,"",,,"",,,,,,,"","",,,"",,,"",,,"",,,,,,,"",,,"","",,,,,,,,"",,,,,,,"",,,"","","",,,,,,,,"",,,,,,,
"","","",,"","","","","","","",,"","","","","","","",,"","","","","","","",,"","","","","","","",,"","","","","","","",,"","","","","","","",,"","","","","","","",,"","","","","",159986,1,"2024-05-21_19h20.35.819","experiment","2023.2.3","MacIntel",61.34969325,"5dc9e325ac77c76f8a335019","664cb95af670ddca0a461021","664ce0d2679c458e54512a83","y",62.51,,"",,,"",,,"",,,"",,,"",,,"",,,,,"",,,"",,,,"",,,"","","",,,"","",,,,,,"","","",,,,,,,,,"",,,,,,,,,,,"","",,,,,,,"","",,,"",,,"",,,,"",,,"","","",,,"","",,,,,"","","",,,,,,,,,"",,,"",,,"",,,"",,,"",,,,,,,"","",,,"",,,"",,,"",,,,,,,"",,,"","",,,,,,,,"",,,,,,,"",,,"","","",,,,,,,,"",,,,,,,
"","","",,"","","","","","","",,"","","","","","","",,"","","","","","","",,"","","","","","","",,"","","","","","","",,"","","","","","","",,"","","","","","","",,"","","","","",159986,1,"2024-05-21_19h20.35.819","experiment","2023.2.3","MacIntel",61.34969325,"5dc9e325ac77c76f8a335019","664cb95af670ddca0a461021","664ce0d2679c458e54512a83","",,,"space",8.6367,,"space",14.1137,,"space",20.4438,,"space",31.2686,,"space",23.4634,,"space",158.0565,,320.0625,320.5701,"s",0.1205,,"space",0.5786,,1,"p_blue_gnome",1,0,"p_yellow_forest","p_blue_basket","p_green_gnome",1,5,"p_green_forest","p_green_basket",0,1,0,0,1,"p_blue_gnome","p_yellow_forest","p_blue_basket",0,0,0,0,0,1,1,1,"",,,,,,,,,,,"","",,,,,,,"","",,,"",,,"",,,,"",,,"","","",,,"","",,,,,"","","",,,,,,,,,"",,,"",,,"",,,"",,,"",,,,,,,"","",,,"",,,"",,,"",,,,,,,"",,,"","",,,,,,,,"",,,,,,,"",,,"","","",,,,,,,,"",,,,,,,
"","","",,"","","","","","","",,"","","","","","","",,"","","","","","","",,"","","","","","","",,"","","","","","","",,"","","","","","","",,"","","","","","","",,"","","","","",159986,1,"2024-05-21_19h20.35.819","experiment","2023.2.3","MacIntel",61.34969325,"5dc9e325ac77c76f8a335019","664cb95af670ddca0a461021","664ce0d2679c458e54512a83","",,,"",,,"",,,"",,,"",,,"",,,"",,,327.1314,327.6417,"k",0.4801,,"space",0.6785,,2,"p_pink_gnome",2,5,"p_green_forest","p_green_basket","p_orange_gnome",2,0,"p_yellow_forest","p_blue_basket",0,5,0,0,1,"p_orange_gnome","p_yellow_forest","p_blue_basket",0,0,1,1,3,1,2,5,"",,,,,,,,,,,"","",,,,,,,"","",,,"",,,"",,,,"",,,"","","",,,"","",,,,,"","","",,,,,,,,,"",,,"",,,"",,,"",,,"",,,,,,,"","",,,"",,,"",,,"",,,,,,,"",,,"","",,,,,,,,"",,,,,,,"",,,"","","",,,,,,,,"",,,,,,,
"","","",,"","","","","","","",,"","","","","","","",,"","","","","","","",,"","","","","","","",,"","","","","","","",,"","","","","","","",,"","","","","","","",,"","","","","",159986,1,"2024-05-21_19h20.35.819","experiment","2023.2.3","MacIntel",61.34969325,"5dc9e325ac77c76f8a335019","664cb95af670ddca0a461021","664ce0d2679c458e54512a83","",,,"",,,"",,,"",,,"",,,"",,,"",,,334.1864,334.6954,"s",0.4305,,"space",0.4963,,1,"p_blue_gnome",1,0,"p_yellow_forest","p_blue_basket","p_green_gnome",1,5,"p_green_forest","p_green_basket",0,5,0,0,1,"p_blue_gnome","p_yellow_forest","p_blue_basket",0,0,2,2,2,1,1,5,"",,,,,,,,,,,"","",,,,,,,"","",,,"",,,"",,,,"",,,"","","",,,"","",,,,,"","","",,,,,,,,,"",,,"",,,"",,,"",,,"",,,,,,,"","",,,"",,,"",,,"",,,,,,,"",,,"","",,,,,,,,"",,,,,,,"",,,"","","",,,,,,,,"",,,,,,,
"","","",,"","","","","","","",,"","","","","","","",,"","","","","","","",,"","","","","","","",,"","","","","","","",,"","","","","","","",,"","","","","","","",,"","","","","",159986,1,"2024-05-21_19h20.35.819","experiment","2023.2.3","MacIntel",61.34969325,"5dc9e325ac77c76f8a335019","664cb95af670ddca0a461021","664ce0d2679c458e54512a83","",,,"",,,"",,,"",,,"",,,"",,,"",,,341.231,341.7348,"s",0.4081,,"space",0.5627,,2,"p_orange_gnome",2,0,"p_yellow_forest","p_blue_basket","p_pink_gnome",2,5,"p_green_forest","p_green_basket",0,1,0,0,1,"p_orange_gnome","p_yellow_forest","p_blue_basket",0,0,3,3,1,1,2,1,"",,,,,,,,,,,"","",,,,,,,"","",,,"",,,"",,,,"",,,"","","",,,"","",,,,,"","","",,,,,,,,,"",,,"",,,"",,,"",,,"",,,,,,,"","",,,"",,,"",,,"",,,,,,,"",,,"","",,,,,,,,"",,,,,,,"",,,"","","",,,,,,,,"",,,,,,,
"","","",,"","","","","","","",,"","","","","","","",,"","","","","","","",,"","","","","","","",,"","","","","","","",,"","","","","","","",,"","","","","","","",,"","","","","",159986,1,"2024-05-21_19h20.35.819","experiment","2023.2.3","MacIntel",61.34969325,"5dc9e325ac77c76f8a335019","664cb95af670ddca0a461021","664ce0d2679c458e54512a83","",,,"",,,"",,,"",,,"",,,"",,,"",,,348.2793,348.7897,"k",0.6806,,"space",0.499,,1,"p_blue_gnome",1,1,"p_yellow_forest","p_blue_basket","p_green_gnome",1,6,"p_green_forest","p_green_basket",30,5,0,0,1,"p_green_gnome","p_green_forest","p_green_basket",30,1,0,4,2,1,1,5,"",,,,,,,,,,,"","",,,,,,,"","",,,"",,,"",,,,"",,,"","","",,,"","",,,,,"","","",,,,,,,,,"",,,"",,,"",,,"",,,"",,,,,,,"","",,,"",,,"",,,"",,,,,,,"",,,"","",,,,,,,,"",,,,,,,"",,,"","","",,,,,,,,"",,,,,,,
"","","",,"","","","","","","",,"","","","","","","",,"","","","","","","",,"","","","","","","",,"","","","","","","",,"","","","","","","",,"","","","","","","",,"","","","","",159986,1,"2024-05-21_19h20.35.819","experiment","2023.2.3","MacIntel",61.34969325,"5dc9e325ac77c76f8a335019","664cb95af670ddca0a461021","664ce0d2679c458e54512a83","",,,"",,,"",,,"",,,"",,,"",,,"",,,355.3342,355.8447,"s",0.5631,,"space",0.3628,,1,"p_blue_gnome",1,1,"p_yellow_forest","p_blue_basket","p_green_gnome",1,6,"p_green_forest","p_green_basket",1,1,0,0,1,"p_blue_gnome","p_yellow_forest","p_blue_basket",31,1,1,5,0,1,1,1,"",,,,,,,,,,,"","",,,,,,,"","",,,"",,,"",,,,"",,,"","","",,,"","",,,,,"","","",,,,,,,,,"",,,"",,,"",,,"",,,"",,,,,,,"","",,,"",,,"",,,"",,,,,,,"",,,"","",,,,,,,,"",,,,,,,"",,,"","","",,,,,,,,"",,,,,,,
"","","",,"","","","","","","",,"","","","","","","",,"","","","","","","",,"","","","","","","",,"","","","","","","",,"","","","","","","",,"","","","","","","",,"","","","","",159986,1,"2024-05-21_19h20.35.819","experiment","2023.2.3","MacIntel",61.34969325,"5dc9e325ac77c76f8a335019","664cb95af670ddca0a461021","664ce0d2679c458e54512a83","",,,"",,,"",,,"",,,"",,,"",,,"",,,362.4055,362.9163,"s",0.5968,,"space",0.973,,2,"p_pink_gnome",2,6,"p_green_forest","p_green_basket","p_orange_gnome",2,1,"p_yellow_forest","p_blue_basket",6,1,0,0,1,"p_pink_gnome","p_green_forest","p_green_basket",37,1,2,6,1,1,2,1,"",,,,,,,,,,,"","",,,,,,,"","",,,"",,,"",,,,"",,,"","","",,,"","",,,,,"","","",,,,,,,,,"",,,"",,,"",,,"",,,"",,,,,,,"","",,,"",,,"",,,"",,,,,,,"",,,"","",,,,,,,,"",,,,,,,"",,,"","","",,,,,,,,"",,,,,,,
"","","",,"","","","","","","",,"","","","","","","",,"","","","","","","",,"","","","","","","",,"","","","","","","",,"","","","","","","",,"","","","","","","",,"","","","","",159986,1,"2024-05-21_19h20.35.819","experiment","2023.2.3","MacIntel",61.34969325,"5dc9e325ac77c76f8a335019","664cb95af670ddca0a461021","664ce0d2679c458e54512a83","",,,"",,,"",,,"",,,"",,,"",,,"",,,369.4431,369.9535,"k",0.4327,,"space",0.3319,,2,"p_pink_gnome",2,6,"p_green_forest","p_green_basket","p_orange_gnome",2,1,"p_yellow_forest","p_blue_basket",1,1,0,0,1,"p_orange_gnome","p_yellow_forest","p_blue_basket",38,1,3,7,1,1,2,1,"",,,,,,,,,,,"","",,,,,,,"","",,,"",,,"",,,,"",,,"","","",,,"","",,,,,"","","",,,,,,,,,"",,,"",,,"",,,"",,,"",,,,,,,"","",,,"",,,"",,,"",,,,,,,"",,,"","",,,,,,,,"",,,,,,,"",,,"","","",,,,,,,,"",,,,,,,
"","","",,"","","","","","","",,"","","","","","","",,"","","","","","","",,"","","","","","","",,"","","","","","","",,"","","","","","","",,"","","","","","","",,"","","","","",159986,1,"2024-05-21_19h20.35.819","experiment","2023.2.3","MacIntel",61.34969325,"5dc9e325ac77c76f8a335019","664cb95af670ddca0a461021","664ce0d2679c458e54512a83","",,,"",,,"",,,"",,,"",,,"",,,"",,,376.4719,376.9822,"k",0.3471,,"space",0.3979,,1,"p_blue_gnome",1,2,"p_yellow_forest","p_blue_basket","p_green_gnome",1,7,"p_green_forest","p_green_basket",7,1,0,0,1,"p_green_gnome","p_green_forest","p_green_basket",45,2,0,8,0,1,1,1,"",,,,,,,,,,,"","",,,,,,,"","",,,"",,,"",,,,"",,,"","","",,,"","",,,,,"","","",,,,,,,,,"",,,"",,,"",,,"",,,"",,,,,,,"","",,,"",,,"",,,"",,,,,,,"",,,"","",,,,,,,,"",,,,,,,"",,,"","","",,,,,,,,"",,,,,,,
"","","",,"","","","","","","",,"","","","","","","",,"","","","","","","",,"","","","","","","",,"","","","","","","",,"","","","","","","",,"","","","","","","",,"","","","","",159986,1,"2024-05-21_19h20.35.819","experiment","2023.2.3","MacIntel",61.34969325,"5dc9e325ac77c76f8a335019","664cb95af670ddca0a461021","664ce0d2679c458e54512a83","",,,"",,,"",,,"",,,"",,,"",,,"",,,383.5369,384.0477,"s",0.4635,,"space",0.4302,,1,"p_green_gnome",1,7,"p_green_forest","p_green_basket","p_blue_gnome",1,2,"p_yellow_forest","p_blue_basket",35,5,0,0,1,"p_green_gnome","p_green_forest","p_green_basket",80,2,1,9,2,1,1,5,"",,,,,,,,,,,"","",,,,,,,"","",,,"",,,"",,,,"",,,"","","",,,"","",,,,,"","","",,,,,,,,,"",,,"",,,"",,,"",,,"",,,,,,,"","",,,"",,,"",,,"",,,,,,,"",,,"","",,,,,,,,"",,,,,,,"",,,"","","",,,,,,,,"",,,,,,,
"","","",,"","","","","","","",,"","","","","","","",,"","","","","","","",,"","","","","","","",,"","","","","","","",,"","","","","","","",,"","","","","","","",,"","","","","",159986,1,"2024-05-21_19h20.35.819","experiment","2023.2.3","MacIntel",61.34969325,"5dc9e325ac77c76f8a335019","664cb95af670ddca0a461021","664ce0d2679c458e54512a83","",,,"",,,"",,,"",,,"",,,"",,,"",,,390.5991,391.102,"s",0.4795,,"space",0.5471,,1,"p_blue_gnome",1,2,"p_yellow_forest","p_blue_basket","p_green_gnome",1,7,"p_green_forest","p_green_basket",10,5,0,0,1,"p_blue_gnome","p_yellow_forest","p_blue_basket",90,2,2,10,2,1,1,5,"",,,,,,,,,,,"","",,,,,,,"","",,,"",,,"",,,,"",,,"","","",,,"","",,,,,"","","",,,,,,,,,"",,,"",,,"",,,"",,,"",,,,,,,"","",,,"",,,"",,,"",,,,,,,"",,,"","",,,,,,,,"",,,,,,,"",,,"","","",,,,,,,,"",,,,,,,
"","","",,"","","","","","","",,"","","","","","","",,"","","","","","","",,"","","","","","","",,"","","","","","","",,"","","","","","","",,"","","","","","","",,"","","","","",159986,1,"2024-05-21_19h20.35.819","experiment","2023.2.3","MacIntel",61.34969325,"5dc9e325ac77c76f8a335019","664cb95af670ddca0a461021","664ce0d2679c458e54512a83","",,,"",,,"",,,"",,,"",,,"",,,"",,,397.6466,398.1569,"k",0.5471,,"space",0.4907,,1,"p_green_gnome",1,7,"p_green_forest","p_green_basket","p_blue_gnome",1,2,"p_yellow_forest","p_blue_basket",10,5,0,0,1,"p_blue_gnome","p_yellow_forest","p_blue_basket",100,2,3,11,2,1,1,5,"",,,,,,,,,,,"","",,,,,,,"","",,,"",,,"",,,,"",,,"","","",,,"","",,,,,"","","",,,,,,,,,"",,,"",,,"",,,"",,,"",,,,,,,"","",,,"",,,"",,,"",,,,,,,"",,,"","",,,,,,,,"",,,,,,,"",,,"","","",,,,,,,,"",,,,,,,
"","","",,"","","","","","","",,"","","","","","","",,"","","","","","","",,"","","","","","","",,"","","","","","","",,"","","","","","","",,"","","","","","","",,"","","","","",159986,1,"2024-05-21_19h20.35.819","experiment","2023.2.3","MacIntel",61.34969325,"5dc9e325ac77c76f8a335019","664cb95af670ddca0a461021","664ce0d2679c458e54512a83","",,,"",,,"",,,"",,,"",,,"",,,"",,,404.7019,405.2125,"s",0.4256,,"space",0.6632,,2,"p_orange_gnome",2,3,"p_yellow_forest","p_blue_basket","p_pink_gnome",2,8,"p_green_forest","p_green_basket",15,5,0,0,1,"p_orange_gnome","p_yellow_forest","p_blue_basket",115,3,0,12,3,1,2,5,"",,,,,,,,,,,"","",,,,,,,"","",,,"",,,"",,,,"",,,"","","",,,"","",,,,,"","","",,,,,,,,,"",,,"",,,"",,,"",,,"",,,,,,,"","",,,"",,,"",,,"",,,,,,,"",,,"","",,,,,,,,"",,,,,,,"",,,"","","",,,,,,,,"",,,,,,,
"","","",,"","","","","","","",,"","","","","","","",,"","","","","","","",,"","","","","","","",,"","","","","","","",,"","","","","","","",,"","","","","","","",,"","","","","",159986,1,"2024-05-21_19h20.35.819","experiment","2023.2.3","MacIntel",61.34969325,"5dc9e325ac77c76f8a335019","664cb95af670ddca0a461021","664ce0d2679c458e54512a83","",,,"",,,"",,,"",,,"",,,"",,,"",,,411.7562,412.2674,"k",0.3418,,"space",0.4966,,1,"p_green_gnome",1,8,"p_green_forest","p_green_basket","p_blue_gnome",1,3,"p_yellow_forest","p_blue_basket",3,1,0,0,1,"p_blue_gnome","p_yellow_forest","p_blue_basket",118,3,1,13,0,1,1,1,"",,,,,,,,,,,"","",,,,,,,"","",,,"",,,"",,,,"",,,"","","",,,"","",,,,,"","","",,,,,,,,,"",,,"",,,"",,,"",,,"",,,,,,,"","",,,"",,,"",,,"",,,,,,,"",,,"","",,,,,,,,"",,,,,,,"",,,"","","",,,,,,,,"",,,,,,,
"","","",,"","","","","","","",,"","","","","","","",,"","","","","","","",,"","","","","","","",,"","","","","","","",,"","","","","","","",,"","","","","","","",,"","","","","",159986,1,"2024-05-21_19h20.35.819","experiment","2023.2.3","MacIntel",61.34969325,"5dc9e325ac77c76f8a335019","664cb95af670ddca0a461021","664ce0d2679c458e54512a83","",,,"",,,"",,,"",,,"",,,"",,,"",,,418.8092,419.3219,"s",0.458,,"space",0.633,,1,"p_blue_gnome",1,3,"p_yellow_forest","p_blue_basket","p_green_gnome",1,8,"p_green_forest","p_green_basket",3,1,0,0,1,"p_blue_gnome","p_yellow_forest","p_blue_basket",121,3,2,14,0,1,1,1,"",,,,,,,,,,,"","",,,,,,,"","",,,"",,,"",,,,"",,,"","","",,,"","",,,,,"","","",,,,,,,,,"",,,"",,,"",,,"",,,"",,,,,,,"","",,,"",,,"",,,"",,,,,,,"",,,"","",,,,,,,,"",,,,,,,"",,,"","","",,,,,,,,"",,,,,,,
"","","",,"","","","","","","",,"","","","","","","",,"","","","","","","",,"","","","","","","",,"","","","","","","",,"","","","","","","",,"","","","","","","",,"","","","","",159986,1,"2024-05-21_19h20.35.819","experiment","2023.2.3","MacIntel",61.34969325,"5dc9e325ac77c76f8a335019","664cb95af670ddca0a461021","664ce0d2679c458e54512a83","",,,"",,,"",,,"",,,"",,,"",,,"",,,425.8829,426.3938,"k",0.6642,,"space",0.5473,,2,"p_orange_gnome",2,3,"p_yellow_forest","p_blue_basket","p_pink_gnome",2,8,"p_green_forest","p_green_basket",8,1,0,0,1,"p_pink_gnome","p_green_forest","p_green_basket",129,3,3,15,1,1,2,1,"",,,,,,,,,,,"","",,,,,,,"","",,,"",,,"",,,,"",,,"","","",,,"","",,,,,"","","",,,,,,,,,"",,,"",,,"",,,"",,,"",,,,,,,"","",,,"",,,"",,,"",,,,,,,"",,,"","",,,,,,,,"",,,,,,,"",,,"","","",,,,,,,,"",,,,,,,
"","","",,"","","","","","","",,"","","","","","","",,"","","","","","","",,"","","","","","","",,"","","","","","","",,"","","","","","","",,"","","","","","","",,"","","","","",159986,1,"2024-05-21_19h20.35.819","experiment","2023.2.3","MacIntel",61.34969325,"5dc9e325ac77c76f8a335019","664cb95af670ddca0a461021","664ce0d2679c458e54512a83","",,,"",,,"",,,"",,,"",,,"",,,"",,,432.9376,433.4488,"k",0.5241,,"space",0.4297,,2,"p_orange_gnome",2,4,"p_yellow_forest","p_blue_basket","p_pink_gnome",2,9,"p_green_forest","p_green_basket",45,5,0,0,1,"p_pink_gnome","p_green_forest","p_green_basket",174,4,0,16,3,1,2,5,"",,,,,,,,,,,"","",,,,,,,"","",,,"",,,"",,,,"",,,"","","",,,"","",,,,,"","","",,,,,,,,,"",,,"",,,"",,,"",,,"",,,,,,,"","",,,"",,,"",,,"",,,,,,,"",,,"","",,,,,,,,"",,,,,,,"",,,"","","",,,,,,,,"",,,,,,,
"","","",,"","","","","","","",,"","","","","","","",,"","","","","","","",,"","","","","","","",,"","","","","","","",,"","","","","","","",,"","","","","","","",,"","","","","",159986,1,"2024-05-21_19h20.35.819","experiment","2023.2.3","MacIntel",61.34969325,"5dc9e325ac77c76f8a335019","664cb95af670ddca0a461021","664ce0d2679c458e54512a83","",,,"",,,"",,,"",,,"",,,"",,,"",,,439.9929,440.5033,"k",0.547,,"space",0.6963,,2,"p_orange_gnome",2,4,"p_yellow_forest","p_blue_basket","p_pink_gnome",2,9,"p_green_forest","p_green_basket",45,5,0,0,1,"p_pink_gnome","p_green_forest","p_green_basket",219,4,1,17,3,1,2,5,"",,,,,,,,,,,"","",,,,,,,"","",,,"",,,"",,,,"",,,"","","",,,"","",,,,,"","","",,,,,,,,,"",,,"",,,"",,,"",,,"",,,,,,,"","",,,"",,,"",,,"",,,,,,,"",,,"","",,,,,,,,"",,,,,,,"",,,"","","",,,,,,,,"",,,,,,,
"","","",,"","","","","","","",,"","","","","","","",,"","","","","","","",,"","","","","","","",,"","","","","","","",,"","","","","","","",,"","","","","","","",,"","","","","",159986,1,"2024-05-21_19h20.35.819","experiment","2023.2.3","MacIntel",61.34969325,"5dc9e325ac77c76f8a335019","664cb95af670ddca0a461021","664ce0d2679c458e54512a83","",,,"",,,"",,,"",,,"",,,"",,,"",,,447.0486,447.5586,"k",0.5399,,"space",0.4633,,2,"p_orange_gnome",2,4,"p_yellow_forest","p_blue_basket","p_pink_gnome",2,9,"p_green_forest","p_green_basket",9,1,0,0,1,"p_pink_gnome","p_green_forest","p_green_basket",228,4,2,18,1,1,2,1,"",,,,,,,,,,,"","",,,,,,,"","",,,"",,,"",,,,"",,,"","","",,,"","",,,,,"","","",,,,,,,,,"",,,"",,,"",,,"",,,"",,,,,,,"","",,,"",,,"",,,"",,,,,,,"",,,"","",,,,,,,,"",,,,,,,"",,,"","","",,,,,,,,"",,,,,,,
"","","",,"","","","","","","",,"","","","","","","",,"","","","","","","",,"","","","","","","",,"","","","","","","",,"","","","","","","",,"","","","","","","",,"","","","","",159986,1,"2024-05-21_19h20.35.819","experiment","2023.2.3","MacIntel",61.34969325,"5dc9e325ac77c76f8a335019","664cb95af670ddca0a461021","664ce0d2679c458e54512a83","",,,"",,,"",,,"",,,"",,,"",,,"",,,454.0841,454.5969,"k",0.5906,,"space",0.4128,,2,"p_orange_gnome",2,4,"p_yellow_forest","p_blue_basket","p_pink_gnome",2,9,"p_green_forest","p_green_basket",45,5,0,0,1,"p_pink_gnome","p_green_forest","p_green_basket",273,4,3,19,3,1,2,5,"",,,,,,,,,,,"","",,,,,,,"","",,,"",,,"",,,,"",,,"","","",,,"","",,,,,"","","",,,,,,,,,"",,,"",,,"",,,"",,,"",,,,,,,"","",,,"",,,"",,,"",,,,,,,"",,,"","",,,,,,,,"",,,,,,,"",,,"","","",,,,,,,,"",,,,,,,
"","","",,"","","","","","","",,"","","","","","","",,"","","","","","","",,"","","","","","","",,"","","","","","","",,"","","","","","","",,"","","","","","","",,"","","","","",159986,1,"2024-05-21_19h20.35.819","experiment","2023.2.3","MacIntel",61.34969325,"5dc9e325ac77c76f8a335019","664cb95af670ddca0a461021","664ce0d2679c458e54512a83","",,,"",,,"",,,"",,,"",,,"",,,"",,,,,"",,,"",,,,"",,,"","","",,,"","",,5,,,,"","","",,,,,,,2,,"space",29.9323,,491.0886,538.0266,0.68006346,-0.346370061,1,0,0,46.9271,"t_advice_finished_typing_rect","Be focussed, make sure you always hit the keys in time. But don't follow any particular pattern. Make use of the breaks and rest your eyes.",-0.390044424,0.301754488,1,0,0,1.9799,"vb_finished_typing_rect","space",23.6621,1e-04,"s",0.847,,"space",0.4951,,2,"orange_gnome",2,4,"bright_forest","yellow_basket","purple_gnome",2,9,"dark_forest","red_basket",20,0,0,1,"orange_gnome","bright_forest","yellow_basket",20,-2,-1,0,0,0,5,1,"",,,"",,,"",,,"",,,"",,,,,,,"","",,,"",,,"",,,"",,,,,,,"",,,"","",,,,,,,,"",,,,,,,"",,,"","","",,,,,,,,"",,,,,,,
"","","",,"","","","","","","",,"","","","","","","",,"","","","","","","",,"","","","","","","",,"","","","","","","",,"","","","","","","",,"","","","","","","",,"","","","","",159986,1,"2024-05-21_19h20.35.819","experiment","2023.2.3","MacIntel",61.34969325,"5dc9e325ac77c76f8a335019","664cb95af670ddca0a461021","664ce0d2679c458e54512a83","",,,"",,,"",,,"",,,"",,,"",,,"",,,,,"",,,"",,,,"",,,"","","",,,"","",,1,,,,"","","",,,,,,,1,,"",,,,,,,,,,,"","",,,,,,,"","",,,"k",0.5469,,"space",0.4963,,1,"green_gnome",1,8,"dark_forest","red_basket","pink_gnome",1,2,"bright_forest","yellow_basket",2,0,0,1,"pink_gnome","bright_forest","yellow_basket",22,-2,2,0,1,1,0,1,"",,,"",,,"",,,"",,,"",,,,,,,"","",,,"",,,"",,,"",,,,,,,"",,,"","",,,,,,,,"",,,,,,,"",,,"","","",,,,,,,,"",,,,,,,
"","","",,"","","","","","","",,"","","","","","","",,"","","","","","","",,"","","","","","","",,"","","","","","","",,"","","","","","","",,"","","","","","","",,"","","","","",159986,1,"2024-05-21_19h20.35.819","experiment","2023.2.3","MacIntel",61.34969325,"5dc9e325ac77c76f8a335019","664cb95af670ddca0a461021","664ce0d2679c458e54512a83","",,,"",,,"",,,"",,,"",,,"",,,"",,,,,"",,,"",,,,"",,,"","","",,,"","",,5,,,,"","","",,,,,,,3,,"",,,,,,,,,,,"","",,,,,,,"","",,,"k",0.6324,,"space",0.3631,,3,"red_gnome",3,8,"dark_forest","red_basket","yellow_gnome",3,0,"bright_forest","yellow_basket",0,0,0,1,"yellow_gnome","bright_forest","yellow_basket",22,2,0,0,2,2,6,1,"",,,"",,,"",,,"",,,"",,,,,,,"","",,,"",,,"",,,"",,,,,,,"",,,"","",,,,,,,,"",,,,,,,"",,,"","","",,,,,,,,"",,,,,,,
"","","",,"","","","","","","",,"","","","","","","",,"","","","","","","",,"","","","","","","",,"","","","","","","",,"","","","","","","",,"","","","","","","",,"","","","","",159986,1,"2024-05-21_19h20.35.819","experiment","2023.2.3","MacIntel",61.34969325,"5dc9e325ac77c76f8a335019","664cb95af670ddca0a461021","664ce0d2679c458e54512a83","",,,"",,,"",,,"",,,"",,,"",,,"",,,,,"",,,"",,,,"",,,"","","",,,"","",,1,,,,"","","",,,,,,,3,,"",,,,,,,,,,,"","",,,,,,,"","",,,"k",0.3579,,"space",0.3968,,3,"red_gnome",3,8,"dark_forest","red_basket","yellow_gnome",3,2,"bright_forest","yellow_basket",2,0,0,1,"yellow_gnome","bright_forest","yellow_basket",24,-2,2,0,3,3,2,1,"",,,"",,,"",,,"",,,"",,,,,,,"","",,,"",,,"",,,"",,,,,,,"",,,"","",,,,,,,,"",,,,,,,"",,,"","","",,,,,,,,"",,,,,,,
"","","",,"","","","","","","",,"","","","","","","",,"","","","","","","",,"","","","","","","",,"","","","","","","",,"","","","","","","",,"","","","","","","",,"","","","","",159986,1,"2024-05-21_19h20.35.819","experiment","2023.2.3","MacIntel",61.34969325,"5dc9e325ac77c76f8a335019","664cb95af670ddca0a461021","664ce0d2679c458e54512a83","",,,"",,,"",,,"",,,"",,,"",,,"",,,,,"",,,"",,,,"",,,"","","",,,"","",,1,,,,"","","",,,,,,,4,,"",,,,,,,,,,,"","",,,,,,,"","",,,"s",0.6576,,"space",0.6467,,4,"blue_gnome",4,8,"dark_forest","red_basket","brown_gnome",4,0,"bright_forest","yellow_basket",8,0,0,1,"blue_gnome","dark_forest","red_basket",32,-3,-2,0,4,4,3,1,"",,,"",,,"",,,"",,,"",,,,,,,"","",,,"",,,"",,,"",,,,,,,"",,,"","",,,,,,,,"",,,,,,,"",,,"","","",,,,,,,,"",,,,,,,
"","","",,"","","","","","","",,"","","","","","","",,"","","","","","","",,"","","","","","","",,"","","","","","","",,"","","","","","","",,"","","","","","","",,"","","","","",159986,1,"2024-05-21_19h20.35.819","experiment","2023.2.3","MacIntel",61.34969325,"5dc9e325ac77c76f8a335019","664cb95af670ddca0a461021","664ce0d2679c458e54512a83","",,,"",,,"",,,"",,,"",,,"",,,"",,,,,"",,,"",,,,"",,,"","","",,,"","",,5,,,,"","","",,,,,,,2,,"",,,,,,,,,,,"","",,,,,,,"","",,,"k",0.4139,,"space",0.2959,,2,"orange_gnome",2,3,"bright_forest","yellow_basket","purple_gnome",2,6,"dark_forest","red_basket",30,0,0,1,"purple_gnome","dark_forest","red_basket",62,1,-4,0,5,5,5,1,"",,,"",,,"",,,"",,,"",,,,,,,"","",,,"",,,"",,,"",,,,,,,"",,,"","",,,,,,,,"",,,,,,,"",,,"","","",,,,,,,,"",,,,,,,
"","","",,"","","","","","","",,"","","","","","","",,"","","","","","","",,"","","","","","","",,"","","","","","","",,"","","","","","","",,"","","","","","","",,"","","","","",159986,1,"2024-05-21_19h20.35.819","experiment","2023.2.3","MacIntel",61.34969325,"5dc9e325ac77c76f8a335019","664cb95af670ddca0a461021","664ce0d2679c458e54512a83","",,,"",,,"",,,"",,,"",,,"",,,"",,,,,"",,,"",,,,"",,,"","","",,,"","",,1,,,,"","","",,,,,,,4,,"",,,,,,,,,,,"","",,,,,,,"","",,,"k",0.5798,,"space",0.591,,4,"blue_gnome",4,2,"dark_forest","red_basket","brown_gnome",4,4,"bright_forest","yellow_basket",4,0,0,1,"brown_gnome","bright_forest","yellow_basket",66,-1,1,0,6,6,3,1,"",,,"",,,"",,,"",,,"",,,,,,,"","",,,"",,,"",,,"",,,,,,,"",,,"","",,,,,,,,"",,,,,,,"",,,"","","",,,,,,,,"",,,,,,,
"","","",,"","","","","","","",,"","","","","","","",,"","","","","","","",,"","","","","","","",,"","","","","","","",,"","","","","","","",,"","","","","","","",,"","","","","",159986,1,"2024-05-21_19h20.35.819","experiment","2023.2.3","MacIntel",61.34969325,"5dc9e325ac77c76f8a335019","664cb95af670ddca0a461021","664ce0d2679c458e54512a83","",,,"",,,"",,,"",,,"",,,"",,,"",,,,,"",,,"",,,,"",,,"","","",,,"","",,5,,,,"","","",,,,,,,4,,"",,,,,,,,,,,"","",,,,,,,"","",,,"k",0.4406,,"space",0.4133,,4,"brown_gnome",4,3,"bright_forest","yellow_basket","blue_gnome",4,3,"dark_forest","red_basket",15,0,0,1,"blue_gnome","dark_forest","red_basket",81,-5,3,0,7,7,7,1,"",,,"",,,"",,,"",,,"",,,,,,,"","",,,"",,,"",,,"",,,,,,,"",,,"","",,,,,,,,"",,,,,,,"",,,"","","",,,,,,,,"",,,,,,,
"","","",,"","","","","","","",,"","","","","","","",,"","","","","","","",,"","","","","","","",,"","","","","","","",,"","","","","","","",,"","","","","","","",,"","","","","",159986,1,"2024-05-21_19h20.35.819","experiment","2023.2.3","MacIntel",61.34969325,"5dc9e325ac77c76f8a335019","664cb95af670ddca0a461021","664ce0d2679c458e54512a83","",,,"",,,"",,,"",,,"",,,"",,,"",,,,,"",,,"",,,,"",,,"","","",,,"","",,5,,,,"","","",,,,,,,4,,"",,,,,,,,,,,"","",,,,,,,"","",,,"s",0.0622,,"space",0.3742,,4,"brown_gnome",4,2,"bright_forest","yellow_basket","blue_gnome",4,6,"dark_forest","red_basket",10,0,0,1,"brown_gnome","bright_forest","yellow_basket",91,2,0,1,0,8,7,1,"",,,"",,,"",,,"",,,"",,,,,,,"","",,,"",,,"",,,"",,,,,,,"",,,"","",,,,,,,,"",,,,,,,"",,,"","","",,,,,,,,"",,,,,,,
"","","",,"","","","","","","",,"","","","","","","",,"","","","","","","",,"","","","","","","",,"","","","","","","",,"","","","","","","",,"","","","","","","",,"","","","","",159986,1,"2024-05-21_19h20.35.819","experiment","2023.2.3","MacIntel",61.34969325,"5dc9e325ac77c76f8a335019","664cb95af670ddca0a461021","664ce0d2679c458e54512a83","",,,"",,,"",,,"",,,"",,,"",,,"",,,,,"",,,"",,,,"",,,"","","",,,"","",,5,,,,"","","",,,,,,,3,,"",,,,,,,,,,,"","",,,,,,,"","",,,"k",0.3962,,"space",0.5128,,3,"yellow_gnome",3,4,"bright_forest","yellow_basket","red_gnome",3,6,"dark_forest","red_basket",30,0,0,1,"red_gnome","dark_forest","red_basket",121,2,2,1,1,9,6,1,"",,,"",,,"",,,"",,,"",,,,,,,"","",,,"",,,"",,,"",,,,,,,"",,,"","",,,,,,,,"",,,,,,,"",,,"","","",,,,,,,,"",,,,,,,
"","","",,"","","","","","","",,"","","","","","","",,"","","","","","","",,"","","","","","","",,"","","","","","","",,"","","","","","","",,"","","","","","","",,"","","","","",159986,1,"2024-05-21_19h20.35.819","experiment","2023.2.3","MacIntel",61.34969325,"5dc9e325ac77c76f8a335019","664cb95af670ddca0a461021","664ce0d2679c458e54512a83","",,,"",,,"",,,"",,,"",,,"",,,"",,,,,"",,,"",,,,"",,,"","","",,,"","",,1,,,,"","","",,,,,,,3,,"",,,,,,,,,,,"","",,,,,,,"","",,,"k",0.3229,,"space",0.3132,,3,"yellow_gnome",3,6,"bright_forest","yellow_basket","red_gnome",3,8,"dark_forest","red_basket",8,0,0,1,"red_gnome","dark_forest","red_basket",129,4,1,1,2,10,2,1,"",,,"",,,"",,,"",,,"",,,,,,,"","",,,"",,,"",,,"",,,,,,,"",,,"","",,,,,,,,"",,,,,,,"",,,"","","",,,,,,,,"",,,,,,,
"","","",,"","","","","","","",,"","","","","","","",,"","","","","","","",,"","","","","","","",,"","","","","","","",,"","","","","","","",,"","","","","","","",,"","","","","",159986,1,"2024-05-21_19h20.35.819","experiment","2023.2.3","MacIntel",61.34969325,"5dc9e325ac77c76f8a335019","664cb95af670ddca0a461021","664ce0d2679c458e54512a83","",,,"",,,"",,,"",,,"",,,"",,,"",,,,,"",,,"",,,,"",,,"","","",,,"","",,1,,,,"","","",,,,,,,2,,"",,,,,,,,,,,"","",,,,,,,"","",,,"k",0.4409,,"space",0.5638,,2,"purple_gnome",2,9,"dark_forest","red_basket","orange_gnome",2,8,"bright_forest","yellow_basket",8,0,0,1,"orange_gnome","bright_forest","yellow_basket",137,1,0,1,3,11,1,1,"",,,"",,,"",,,"",,,"",,,,,,,"","",,,"",,,"",,,"",,,,,,,"",,,"","",,,,,,,,"",,,,,,,"",,,"","","",,,,,,,,"",,,,,,,
"","","",,"","","","","","","",,"","","","","","","",,"","","","","","","",,"","","","","","","",,"","","","","","","",,"","","","","","","",,"","","","","","","",,"","","","","",159986,1,"2024-05-21_19h20.35.819","experiment","2023.2.3","MacIntel",61.34969325,"5dc9e325ac77c76f8a335019","664cb95af670ddca0a461021","664ce0d2679c458e54512a83","",,,"",,,"",,,"",,,"",,,"",,,"",,,,,"",,,"",,,,"",,,"","","",,,"","",,1,,,,"","","",,,,,,,4,,"",,,,,,,,,,,"","",,,,,,,"","",,,"s",0.3064,,"space",0.4963,,4,"brown_gnome",4,9,"bright_forest","yellow_basket","blue_gnome",4,9,"dark_forest","red_basket",9,0,0,1,"brown_gnome","bright_forest","yellow_basket",146,0,-1,1,4,12,3,1,"",,,"",,,"",,,"",,,"",,,,,,,"","",,,"",,,"",,,"",,,,,,,"",,,"","",,,,,,,,"",,,,,,,"",,,"","","",,,,,,,,"",,,,,,,
"","","",,"","","","","","","",,"","","","","","","",,"","","","","","","",,"","","","","","","",,"","","","","","","",,"","","","","","","",,"","","","","","","",,"","","","","",159986,1,"2024-05-21_19h20.35.819","experiment","2023.2.3","MacIntel",61.34969325,"5dc9e325ac77c76f8a335019","664cb95af670ddca0a461021","664ce0d2679c458e54512a83","",,,"",,,"",,,"",,,"",,,"",,,"",,,,,"",,,"",,,,"",,,"","","",,,"","",,1,,,,"","","",,,,,,,3,,"",,,,,,,,,,,"","",,,,,,,"","",,,"k",0.3637,,"space",0.5063,,3,"yellow_gnome",3,9,"bright_forest","yellow_basket","red_gnome",3,8,"dark_forest","red_basket",8,0,0,1,"red_gnome","dark_forest","red_basket",154,-2,-2,1,5,13,2,1,"",,,"",,,"",,,"",,,"",,,,,,,"","",,,"",,,"",,,"",,,,,,,"",,,"","",,,,,,,,"",,,,,,,"",,,"","","",,,,,,,,"",,,,,,,
"","","",,"","","","","","","",,"","","","","","","",,"","","","","","","",,"","","","","","","",,"","","","","","","",,"","","","","","","",,"","","","","","","",,"","","","","",159986,1,"2024-05-21_19h20.35.819","experiment","2023.2.3","MacIntel",61.34969325,"5dc9e325ac77c76f8a335019","664cb95af670ddca0a461021","664ce0d2679c458e54512a83","",,,"",,,"",,,"",,,"",,,"",,,"",,,,,"",,,"",,,,"",,,"","","",,,"","",,1,,,,"","","",,,,,,,2,,"",,,,,,,,,,,"","",,,,,,,"","",,,"s",0.4794,,"space",0.3239,,2,"orange_gnome",2,7,"bright_forest","yellow_basket","purple_gnome",2,6,"dark_forest","red_basket",7,0,0,1,"orange_gnome","bright_forest","yellow_basket",161,-3,0,1,6,14,1,1,"",,,"",,,"",,,"",,,"",,,,,,,"","",,,"",,,"",,,"",,,,,,,"",,,"","",,,,,,,,"",,,,,,,"",,,"","","",,,,,,,,"",,,,,,,
"","","",,"","","","","","","",,"","","","","","","",,"","","","","","","",,"","","","","","","",,"","","","","","","",,"","","","","","","",,"","","","","","","",,"","","","","",159986,1,"2024-05-21_19h20.35.819","experiment","2023.2.3","MacIntel",61.34969325,"5dc9e325ac77c76f8a335019","664cb95af670ddca0a461021","664ce0d2679c458e54512a83","",,,"",,,"",,,"",,,"",,,"",,,"",,,,,"",,,"",,,,"",,,"","","",,,"","",,5,,,,"","","",,,,,,,3,,"",,,,,,,,,,,"","",,,,,,,"","",,,"k",0.3473,,"space",0.4463,,3,"yellow_gnome",3,4,"bright_forest","yellow_basket","red_gnome",3,6,"dark_forest","red_basket",30,0,0,1,"red_gnome","dark_forest","red_basket",191,3,-2,1,7,15,6,1,"",,,"",,,"",,,"",,,"",,,,,,,"","",,,"",,,"",,,"",,,,,,,"",,,"","",,,,,,,,"",,,,,,,"",,,"","","",,,,,,,,"",,,,,,,
"","","",,"","","","","","","",,"","","","","","","",,"","","","","","","",,"","","","","","","",,"","","","","","","",,"","","","","","","",,"","","","","","","",,"","","","","",159986,1,"2024-05-21_19h20.35.819","experiment","2023.2.3","MacIntel",61.34969325,"5dc9e325ac77c76f8a335019","664cb95af670ddca0a461021","664ce0d2679c458e54512a83","",,,"",,,"",,,"",,,"",,,"",,,"",,,,,"",,,"",,,,"",,,"","","",,,"","",,5,,,,"","","",,,,,,,3,,"",,,,,,,,,,,"","",,,,,,,"","",,,"s",0.3576,,"space",0.6979,,3,"red_gnome",3,4,"dark_forest","red_basket","yellow_gnome",3,7,"bright_forest","yellow_basket",20,0,0,1,"red_gnome","dark_forest","red_basket",211,-2,1,2,0,16,6,1,"",,,"",,,"",,,"",,,"",,,,,,,"","",,,"",,,"",,,"",,,,,,,"",,,"","",,,,,,,,"",,,,,,,"",,,"","","",,,,,,,,"",,,,,,,
"","","",,"","","","","","","",,"","","","","","","",,"","","","","","","",,"","","","","","","",,"","","","","","","",,"","","","","","","",,"","","","","","","",,"","","","","",159986,1,"2024-05-21_19h20.35.819","experiment","2023.2.3","MacIntel",61.34969325,"5dc9e325ac77c76f8a335019","664cb95af670ddca0a461021","664ce0d2679c458e54512a83","",,,"",,,"",,,"",,,"",,,"",,,"",,,,,"",,,"",,,,"",,,"","","",,,"","",,1,,,,"","","",,,,,,,3,,"",,,,,,,,,,,"","",,,,,,,"","",,,"k",0.3468,,"space",0.3305,,3,"red_gnome",3,5,"dark_forest","red_basket","yellow_gnome",3,5,"bright_forest","yellow_basket",5,0,0,1,"yellow_gnome","bright_forest","yellow_basket",216,-3,3,2,1,17,2,1,"",,,"",,,"",,,"",,,"",,,,,,,"","",,,"",,,"",,,"",,,,,,,"",,,"","",,,,,,,,"",,,,,,,"",,,"","","",,,,,,,,"",,,,,,,
"","","",,"","","","","","","",,"","","","","","","",,"","","","","","","",,"","","","","","","",,"","","","","","","",,"","","","","","","",,"","","","","","","",,"","","","","",159986,1,"2024-05-21_19h20.35.819","experiment","2023.2.3","MacIntel",61.34969325,"5dc9e325ac77c76f8a335019","664cb95af670ddca0a461021","664ce0d2679c458e54512a83","",,,"",,,"",,,"",,,"",,,"",,,"",,,,,"",,,"",,,,"",,,"","","",,,"","",,1,,,,"","","",,,,,,,3,,"",,,,,,,,,,,"","",,,,,,,"","",,,"k",0.2915,,"space",0.7972,,3,"yellow_gnome",3,2,"bright_forest","yellow_basket","red_gnome",3,8,"dark_forest","red_basket",8,0,0,1,"red_gnome","dark_forest","red_basket",224,-2,-1,2,2,18,2,1,"",,,"",,,"",,,"",,,"",,,,,,,"","",,,"",,,"",,,"",,,,,,,"",,,"","",,,,,,,,"",,,,,,,"",,,"","","",,,,,,,,"",,,,,,,
"","","",,"","","","","","","",,"","","","","","","",,"","","","","","","",,"","","","","","","",,"","","","","","","",,"","","","","","","",,"","","","","","","",,"","","","","",159986,1,"2024-05-21_19h20.35.819","experiment","2023.2.3","MacIntel",61.34969325,"5dc9e325ac77c76f8a335019","664cb95af670ddca0a461021","664ce0d2679c458e54512a83","",,,"",,,"",,,"",,,"",,,"",,,"",,,,,"",,,"",,,,"",,,"","","",,,"","",,1,,,,"","","",,,,,,,2,,"",,,,,,,,,,,"","",,,,,,,"","",,,"k",0.3473,,"space",0.4146,,2,"purple_gnome",2,7,"dark_forest","red_basket","orange_gnome",2,0,"bright_forest","yellow_basket",0,0,0,1,"orange_gnome","bright_forest","yellow_basket",224,-1,2,2,3,19,1,1,"",,,"",,,"",,,"",,,"",,,,,,,"","",,,"",,,"",,,"",,,,,,,"",,,"","",,,,,,,,"",,,,,,,"",,,"","","",,,,,,,,"",,,,,,,
"","","",,"","","","","","","",,"","","","","","","",,"","","","","","","",,"","","","","","","",,"","","","","","","",,"","","","","","","",,"","","","","","","",,"","","","","",159986,1,"2024-05-21_19h20.35.819","experiment","2023.2.3","MacIntel",61.34969325,"5dc9e325ac77c76f8a335019","664cb95af670ddca0a461021","664ce0d2679c458e54512a83","",,,"",,,"",,,"",,,"",,,"",,,"",,,,,"",,,"",,,,"",,,"","","",,,"","",,5,,,,"","","",,,,,,,4,,"",,,,,,,,,,,"","",,,,,,,"","",,,"s",0.4081,,"space",0.3301,,4,"brown_gnome",4,1,"bright_forest","yellow_basket","blue_gnome",4,9,"dark_forest","red_basket",5,0,0,1,"brown_gnome","bright_forest","yellow_basket",229,1,1,2,4,20,7,1,"",,,"",,,"",,,"",,,"",,,,,,,"","",,,"",,,"",,,"",,,,,,,"",,,"","",,,,,,,,"",,,,,,,"",,,"","","",,,,,,,,"",,,,,,,
"","","",,"","","","","","","",,"","","","","","","",,"","","","","","","",,"","","","","","","",,"","","","","","","",,"","","","","","","",,"","","","","","","",,"","","","","",159986,1,"2024-05-21_19h20.35.819","experiment","2023.2.3","MacIntel",61.34969325,"5dc9e325ac77c76f8a335019","664cb95af670ddca0a461021","664ce0d2679c458e54512a83","",,,"",,,"",,,"",,,"",,,"",,,"",,,,,"",,,"",,,,"",,,"","","",,,"","",,5,,,,"","","",,,,,,,2,,"",,,,,,,,,,,"","",,,,,,,"","",,,"k",0.3631,,"space",0.3233,,2,"purple_gnome",2,8,"dark_forest","red_basket","orange_gnome",2,2,"bright_forest","yellow_basket",10,0,0,1,"orange_gnome","bright_forest","yellow_basket",239,-4,2,2,5,21,5,1,"",,,"",,,"",,,"",,,"",,,,,,,"","",,,"",,,"",,,"",,,,,,,"",,,"","",,,,,,,,"",,,,,,,"",,,"","","",,,,,,,,"",,,,,,,
"","","",,"","","","","","","",,"","","","","","","",,"","","","","","","",,"","","","","","","",,"","","","","","","",,"","","","","","","",,"","","","","","","",,"","","","","",159986,1,"2024-05-21_19h20.35.819","experiment","2023.2.3","MacIntel",61.34969325,"5dc9e325ac77c76f8a335019","664cb95af670ddca0a461021","664ce0d2679c458e54512a83","",,,"",,,"",,,"",,,"",,,"",,,"",,,,,"",,,"",,,,"",,,"","","",,,"","",,1,,,,"","","",,,,,,,2,,"",,,,,,,,,,,"","",,,,,,,"","",,,"s",0.1414,,"space",0.3967,,2,"purple_gnome",2,8,"dark_forest","red_basket","orange_gnome",2,2,"bright_forest","yellow_basket",8,0,0,1,"purple_gnome","dark_forest","red_basket",247,-2,-1,2,6,22,1,1,"",,,"",,,"",,,"",,,"",,,,,,,"","",,,"",,,"",,,"",,,,,,,"",,,"","",,,,,,,,"",,,,,,,"",,,"","","",,,,,,,,"",,,,,,,
"","","",,"","","","","","","",,"","","","","","","",,"","","","","","","",,"","","","","","","",,"","","","","","","",,"","","","","","","",,"","","","","","","",,"","","","","",159986,1,"2024-05-21_19h20.35.819","experiment","2023.2.3","MacIntel",61.34969325,"5dc9e325ac77c76f8a335019","664cb95af670ddca0a461021","664ce0d2679c458e54512a83","",,,"",,,"",,,"",,,"",,,"",,,"",,,,,"",,,"",,,,"",,,"","","",,,"","",,1,,,,"","","",,,,,,,3,,"",,,,,,,,,,,"","",,,,,,,"","",,,"k",0.4408,,"space",0.6138,,3,"red_gnome",3,7,"dark_forest","red_basket","yellow_gnome",3,0,"bright_forest","yellow_basket",0,0,0,1,"yellow_gnome","bright_forest","yellow_basket",247,-2,1,2,7,23,2,1,"",,,"",,,"",,,"",,,"",,,,,,,"","",,,"",,,"",,,"",,,,,,,"",,,"","",,,,,,,,"",,,,,,,"",,,"","","",,,,,,,,"",,,,,,,
"","","",,"","","","","","","",,"","","","","","","",,"","","","","","","",,"","","","","","","",,"","","","","","","",,"","","","","","","",,"","","","","","","",,"","","","","",159986,1,"2024-05-21_19h20.35.819","experiment","2023.2.3","MacIntel",61.34969325,"5dc9e325ac77c76f8a335019","664cb95af670ddca0a461021","664ce0d2679c458e54512a83","",,,"",,,"",,,"",,,"",,,"",,,"",,,,,"",,,"",,,,"",,,"","","",,,"","",,1,,,,"","","",,,,,,,3,,"",,,,,,,,,,,"","",,,,,,,"","",,,"k",0.4641,,"space",0.3819,,3,"yellow_gnome",3,2,"bright_forest","yellow_basket","red_gnome",3,8,"dark_forest","red_basket",8,0,0,1,"red_gnome","dark_forest","red_basket",255,-2,1,3,0,24,2,1,"",,,"",,,"",,,"",,,"",,,,,,,"","",,,"",,,"",,,"",,,,,,,"",,,"","",,,,,,,,"",,,,,,,"",,,"","","",,,,,,,,"",,,,,,,
"","","",,"","","","","","","",,"","","","","","","",,"","","","","","","",,"","","","","","","",,"","","","","","","",,"","","","","","","",,"","","","","","","",,"","","","","",159986,1,"2024-05-21_19h20.35.819","experiment","2023.2.3","MacIntel",61.34969325,"5dc9e325ac77c76f8a335019","664cb95af670ddca0a461021","664ce0d2679c458e54512a83","",,,"",,,"",,,"",,,"",,,"",,,"",,,,,"",,,"",,,,"",,,"","","",,,"","",,1,,,,"","","",,,,,,,1,,"",,,,,,,,,,,"","",,,,,,,"","",,,"k",0.5466,,"space",0.3969,,1,"green_gnome",1,9,"dark_forest","red_basket","pink_gnome",1,0,"bright_forest","yellow_basket",0,0,0,1,"pink_gnome","bright_forest","yellow_basket",255,2,2,3,1,25,0,1,"",,,"",,,"",,,"",,,"",,,,,,,"","",,,"",,,"",,,"",,,,,,,"",,,"","",,,,,,,,"",,,,,,,"",,,"","","",,,,,,,,"",,,,,,,
"","","",,"","","","","","","",,"","","","","","","",,"","","","","","","",,"","","","","","","",,"","","","","","","",,"","","","","","","",,"","","","","","","",,"","","","","",159986,1,"2024-05-21_19h20.35.819","experiment","2023.2.3","MacIntel",61.34969325,"5dc9e325ac77c76f8a335019","664cb95af670ddca0a461021","664ce0d2679c458e54512a83","",,,"",,,"",,,"",,,"",,,"",,,"",,,,,"",,,"",,,,"",,,"","","",,,"","",,1,,,,"","","",,,,,,,4,,"",,,,,,,,,,,"","",,,,,,,"","",,,"k",0.3739,,"space",0.4645,,4,"blue_gnome",4,7,"dark_forest","red_basket","brown_gnome",4,2,"bright_forest","yellow_basket",2,0,0,1,"brown_gnome","bright_forest","yellow_basket",257,-1,0,3,2,26,3,1,"",,,"",,,"",,,"",,,"",,,,,,,"","",,,"",,,"",,,"",,,,,,,"",,,"","",,,,,,,,"",,,,,,,"",,,"","","",,,,,,,,"",,,,,,,
"","","",,"","","","","","","",,"","","","","","","",,"","","","","","","",,"","","","","","","",,"","","","","","","",,"","","","","","","",,"","","","","","","",,"","","","","",159986,1,"2024-05-21_19h20.35.819","experiment","2023.2.3","MacIntel",61.34969325,"5dc9e325ac77c76f8a335019","664cb95af670ddca0a461021","664ce0d2679c458e54512a83","",,,"",,,"",,,"",,,"",,,"",,,"",,,,,"",,,"",,,,"",,,"","","",,,"","",,5,,,,"","","",,,,,,,1,,"",,,,,,,,,,,"","",,,,,,,"","",,,"s",0.3796,,"space",0.5132,,1,"green_gnome",1,7,"dark_forest","red_basket","pink_gnome",1,1,"bright_forest","yellow_basket",35,0,0,1,"green_gnome","dark_forest","red_basket",292,-1,-1,3,3,27,4,1,"",,,"",,,"",,,"",,,"",,,,,,,"","",,,"",,,"",,,"",,,,,,,"",,,"","",,,,,,,,"",,,,,,,"",,,"","","",,,,,,,,"",,,,,,,
"","","",,"","","","","","","",,"","","","","","","",,"","","","","","","",,"","","","","","","",,"","","","","","","",,"","","","","","","",,"","","","","","","",,"","","","","",159986,1,"2024-05-21_19h20.35.819","experiment","2023.2.3","MacIntel",61.34969325,"5dc9e325ac77c76f8a335019","664cb95af670ddca0a461021","664ce0d2679c458e54512a83","",,,"",,,"",,,"",,,"",,,"",,,"",,,,,"",,,"",,,,"",,,"","","",,,"","",,5,,,,"","","",,,,,,,1,,"",,,,,,,,,,,"","",,,,,,,"","",,,"s",0.3965,,"space",0.4135,,1,"pink_gnome",1,0,"bright_forest","yellow_basket","green_gnome",1,6,"dark_forest","red_basket",0,0,0,1,"pink_gnome","bright_forest","yellow_basket",292,0,4,3,4,28,4,1,"",,,"",,,"",,,"",,,"",,,,,,,"","",,,"",,,"",,,"",,,,,,,"",,,"","",,,,,,,,"",,,,,,,"",,,"","","",,,,,,,,"",,,,,,,
"","","",,"","","","","","","",,"","","","","","","",,"","","","","","","",,"","","","","","","",,"","","","","","","",,"","","","","","","",,"","","","","","","",,"","","","","",159986,1,"2024-05-21_19h20.35.819","experiment","2023.2.3","MacIntel",61.34969325,"5dc9e325ac77c76f8a335019","664cb95af670ddca0a461021","664ce0d2679c458e54512a83","",,,"",,,"",,,"",,,"",,,"",,,"",,,,,"",,,"",,,,"",,,"","","",,,"","",,5,,,,"","","",,,,,,,1,,"",,,,,,,,,,,"","",,,,,,,"","",,,"k",0.4482,,"space",0.3644,,1,"pink_gnome",1,0,"bright_forest","yellow_basket","green_gnome",1,8,"dark_forest","red_basket",40,0,0,1,"green_gnome","dark_forest","red_basket",332,2,1,3,5,29,4,1,"",,,"",,,"",,,"",,,"",,,,,,,"","",,,"",,,"",,,"",,,,,,,"",,,"","",,,,,,,,"",,,,,,,"",,,"","","",,,,,,,,"",,,,,,,
"","","",,"","","","","","","",,"","","","","","","",,"","","","","","","",,"","","","","","","",,"","","","","","","",,"","","","","","","",,"","","","","","","",,"","","","","",159986,1,"2024-05-21_19h20.35.819","experiment","2023.2.3","MacIntel",61.34969325,"5dc9e325ac77c76f8a335019","664cb95af670ddca0a461021","664ce0d2679c458e54512a83","",,,"",,,"",,,"",,,"",,,"",,,"",,,,,"",,,"",,,,"",,,"","","",,,"","",,1,,,,"","","",,,,,,,4,,"",,,,,,,,,,,"","",,,,,,,"","",,,"s",0.6803,,"space",0.4011,,4,"blue_gnome",4,9,"dark_forest","red_basket","brown_gnome",4,2,"bright_forest","yellow_basket",9,0,0,1,"blue_gnome","dark_forest","red_basket",341,0,3,3,6,30,3,1,"",,,"",,,"",,,"",,,"",,,,,,,"","",,,"",,,"",,,"",,,,,,,"",,,"","",,,,,,,,"",,,,,,,"",,,"","","",,,,,,,,"",,,,,,,
"","","",,"","","","","","","",,"","","","","","","",,"","","","","","","",,"","","","","","","",,"","","","","","","",,"","","","","","","",,"","","","","","","",,"","","","","",159986,1,"2024-05-21_19h20.35.819","experiment","2023.2.3","MacIntel",61.34969325,"5dc9e325ac77c76f8a335019","664cb95af670ddca0a461021","664ce0d2679c458e54512a83","",,,"",,,"",,,"",,,"",,,"",,,"",,,,,"",,,"",,,,"",,,"","","",,,"","",,5,,,,"","","",,,,,,,1,,"",,,,,,,,,,,"","",,,,,,,"","",,,"k",0.38,,"space",0.3282,,1,"pink_gnome",1,2,"bright_forest","yellow_basket","green_gnome",1,6,"dark_forest","red_basket",30,0,0,1,"green_gnome","dark_forest","red_basket",371,-1,1,3,7,31,4,1,"",,,"",,,"",,,"",,,"",,,,,,,"","",,,"",,,"",,,"",,,,,,,"",,,"","",,,,,,,,"",,,,,,,"",,,"","","",,,,,,,,"",,,,,,,
"","","",,"","","","","","","",,"","","","","","","",,"","","","","","","",,"","","","","","","",,"","","","","","","",,"","","","","","","",,"","","","","","","",,"","","","","",159986,1,"2024-05-21_19h20.35.819","experiment","2023.2.3","MacIntel",61.34969325,"5dc9e325ac77c76f8a335019","664cb95af670ddca0a461021","664ce0d2679c458e54512a83","",,,"",,,"",,,"",,,"",,,"",,,"",,,,,"",,,"",,,,"",,,"","","",,,"","",,1,,,,"","","",,,,,,,1,,"",,,,,,,,,,,"","",,,,,,,"","",,,"k",0.3078,,"space",0.3914,,1,"green_gnome",1,7,"dark_forest","red_basket","pink_gnome",1,1,"bright_forest","yellow_basket",1,0,0,1,"pink_gnome","bright_forest","yellow_basket",372,1,-2,4,0,32,0,1,"",,,"",,,"",,,"",,,"",,,,,,,"","",,,"",,,"",,,"",,,,,,,"",,,"","",,,,,,,,"",,,,,,,"",,,"","","",,,,,,,,"",,,,,,,
"","","",,"","","","","","","",,"","","","","","","",,"","","","","","","",,"","","","","","","",,"","","","","","","",,"","","","","","","",,"","","","","","","",,"","","","","",159986,1,"2024-05-21_19h20.35.819","experiment","2023.2.3","MacIntel",61.34969325,"5dc9e325ac77c76f8a335019","664cb95af670ddca0a461021","664ce0d2679c458e54512a83","",,,"",,,"",,,"",,,"",,,"",,,"",,,,,"",,,"",,,,"",,,"","","",,,"","",,1,,,,"","","",,,,,,,4,,"",,,,,,,,,,,"","",,,,,,,"","",,,"s",0.3048,,"space",0.6463,,4,"brown_gnome",4,2,"bright_forest","yellow_basket","blue_gnome",4,5,"dark_forest","red_basket",2,0,0,1,"brown_gnome","bright_forest","yellow_basket",374,2,3,4,1,33,3,1,"",,,"",,,"",,,"",,,"",,,,,,,"","",,,"",,,"",,,"",,,,,,,"",,,"","",,,,,,,,"",,,,,,,"",,,"","","",,,,,,,,"",,,,,,,
"","","",,"","","","","","","",,"","","","","","","",,"","","","","","","",,"","","","","","","",,"","","","","","","",,"","","","","","","",,"","","","","","","",,"","","","","",159986,1,"2024-05-21_19h20.35.819","experiment","2023.2.3","MacIntel",61.34969325,"5dc9e325ac77c76f8a335019","664cb95af670ddca0a461021","664ce0d2679c458e54512a83","",,,"",,,"",,,"",,,"",,,"",,,"",,,,,"",,,"",,,,"",,,"","","",,,"","",,5,,,,"","","",,,,,,,3,,"",,,,,,,,,,,"","",,,,,,,"","",,,"k",0.3567,,"space",0.3633,,3,"red_gnome",3,8,"dark_forest","red_basket","yellow_gnome",3,4,"bright_forest","yellow_basket",20,0,0,1,"yellow_gnome","bright_forest","yellow_basket",394,2,3,4,2,34,6,1,"",,,"",,,"",,,"",,,"",,,,,,,"","",,,"",,,"",,,"",,,,,,,"",,,"","",,,,,,,,"",,,,,,,"",,,"","","",,,,,,,,"",,,,,,,
"","","",,"","","","","","","",,"","","","","","","",,"","","","","","","",,"","","","","","","",,"","","","","","","",,"","","","","","","",,"","","","","","","",,"","","","","",159986,1,"2024-05-21_19h20.35.819","experiment","2023.2.3","MacIntel",61.34969325,"5dc9e325ac77c76f8a335019","664cb95af670ddca0a461021","664ce0d2679c458e54512a83","",,,"",,,"",,,"",,,"",,,"",,,"",,,,,"",,,"",,,,"",,,"","","",,,"","",,1,,,,"","","",,,,,,,1,,"",,,,,,,,,,,"","",,,,,,,"","",,,"s",0.4913,3e-04,"space",0.4471,,1,"green_gnome",1,7,"dark_forest","red_basket","pink_gnome",1,6,"bright_forest","yellow_basket",7,0,0,1,"green_gnome","dark_forest","red_basket",401,1,-1,4,3,35,0,1,"",,,"",,,"",,,"",,,"",,,,,,,"","",,,"",,,"",,,"",,,,,,,"",,,"","",,,,,,,,"",,,,,,,"",,,"","","",,,,,,,,"",,,,,,,
"","","",,"","","","","","","",,"","","","","","","",,"","","","","","","",,"","","","","","","",,"","","","","","","",,"","","","","","","",,"","","","","","","",,"","","","","",159986,1,"2024-05-21_19h20.35.819","experiment","2023.2.3","MacIntel",61.34969325,"5dc9e325ac77c76f8a335019","664cb95af670ddca0a461021","664ce0d2679c458e54512a83","",,,"",,,"",,,"",,,"",,,"",,,"",,,,,"",,,"",,,,"",,,"","","",,,"","",,5,,,,"","","",,,,,,,4,,"",,,,,,,,,,,"","",,,,,,,"","",,,"k",0.4312,,"space",0.5467,,4,"brown_gnome",4,7,"bright_forest","yellow_basket","blue_gnome",4,6,"dark_forest","red_basket",30,0,0,1,"blue_gnome","dark_forest","red_basket",431,-2,2,4,4,36,7,1,"",,,"",,,"",,,"",,,"",,,,,,,"","",,,"",,,"",,,"",,,,,,,"",,,"","",,,,,,,,"",,,,,,,"",,,"","","",,,,,,,,"",,,,,,,
"","","",,"","","","","","","",,"","","","","","","",,"","","","","","","",,"","","","","","","",,"","","","","","","",,"","","","","","","",,"","","","","","","",,"","","","","",159986,1,"2024-05-21_19h20.35.819","experiment","2023.2.3","MacIntel",61.34969325,"5dc9e325ac77c76f8a335019","664cb95af670ddca0a461021","664ce0d2679c458e54512a83","",,,"",,,"",,,"",,,"",,,"",,,"",,,,,"",,,"",,,,"",,,"","","",,,"","",,1,,,,"","","",,,,,,,4,,"",,,,,,,,,,,"","",,,,,,,"","",,,"s",0.3078,,"space",0.4974,,4,"blue_gnome",4,8,"dark_forest","red_basket","brown_gnome",4,5,"bright_forest","yellow_basket",8,0,0,1,"blue_gnome","dark_forest","red_basket",439,-2,1,4,5,37,3,1,"",,,"",,,"",,,"",,,"",,,,,,,"","",,,"",,,"",,,"",,,,,,,"",,,"","",,,,,,,,"",,,,,,,"",,,"","","",,,,,,,,"",,,,,,,
"","","",,"","","","","","","",,"","","","","","","",,"","","","","","","",,"","","","","","","",,"","","","","","","",,"","","","","","","",,"","","","","","","",,"","","","","",159986,1,"2024-05-21_19h20.35.819","experiment","2023.2.3","MacIntel",61.34969325,"5dc9e325ac77c76f8a335019","664cb95af670ddca0a461021","664ce0d2679c458e54512a83","",,,"",,,"",,,"",,,"",,,"",,,"",,,,,"",,,"",,,,"",,,"","","",,,"","",,5,,,,"","","",,,,,,,1,,"",,,,,,,,,,,"","",,,,,,,"","",,,"k",0.3807,,"space",0.4302,,1,"pink_gnome",1,3,"bright_forest","yellow_basket","green_gnome",1,9,"dark_forest","red_basket",45,0,0,1,"green_gnome","dark_forest","red_basket",484,-1,-1,4,6,38,4,1,"",,,"",,,"",,,"",,,"",,,,,,,"","",,,"",,,"",,,"",,,,,,,"",,,"","",,,,,,,,"",,,,,,,"",,,"","","",,,,,,,,"",,,,,,,
"","","",,"","","","","","","",,"","","","","","","",,"","","","","","","",,"","","","","","","",,"","","","","","","",,"","","","","","","",,"","","","","","","",,"","","","","",159986,1,"2024-05-21_19h20.35.819","experiment","2023.2.3","MacIntel",61.34969325,"5dc9e325ac77c76f8a335019","664cb95af670ddca0a461021","664ce0d2679c458e54512a83","",,,"",,,"",,,"",,,"",,,"",,,"",,,,,"",,,"",,,,"",,,"","","",,,"","",,5,,,,"","","",,,,,,,4,,"",,,,,,,,,,,"","",,,,,,,"","",,,"s",0.597,,"space",0.4467,,4,"brown_gnome",4,2,"bright_forest","yellow_basket","blue_gnome",4,8,"dark_forest","red_basket",10,0,0,1,"brown_gnome","bright_forest","yellow_basket",494,1,0,4,7,39,7,1,"",,,"",,,"",,,"",,,"",,,,,,,"","",,,"",,,"",,,"",,,,,,,"",,,"","",,,,,,,,"",,,,,,,"",,,"","","",,,,,,,,"",,,,,,,
"","","",,"","","","","","","",,"","","","","","","",,"","","","","","","",,"","","","","","","",,"","","","","","","",,"","","","","","","",,"","","","","","","",,"","","","","",159986,1,"2024-05-21_19h20.35.819","experiment","2023.2.3","MacIntel",61.34969325,"5dc9e325ac77c76f8a335019","664cb95af670ddca0a461021","664ce0d2679c458e54512a83","",,,"",,,"",,,"",,,"",,,"",,,"",,,,,"",,,"",,,,"",,,"","","",,,"","",,5,,,,"","","",,,,,,,4,,"",,,,,,,,,,,"","",,,,,,,"","",,,"k",0.5972,,"space",0.4796,,4,"brown_gnome",4,3,"bright_forest","yellow_basket","blue_gnome",4,8,"dark_forest","red_basket",40,0,0,1,"blue_gnome","dark_forest","red_basket",534,4,2,5,0,40,7,1,"",,,"",,,"",,,"",,,"",,,,,,,"","",,,"",,,"",,,"",,,,,,,"",,,"","",,,,,,,,"",,,,,,,"",,,"","","",,,,,,,,"",,,,,,,
"","","",,"","","","","","","",,"","","","","","","",,"","","","","","","",,"","","","","","","",,"","","","","","","",,"","","","","","","",,"","","","","","","",,"","","","","",159986,1,"2024-05-21_19h20.35.819","experiment","2023.2.3","MacIntel",61.34969325,"5dc9e325ac77c76f8a335019","664cb95af670ddca0a461021","664ce0d2679c458e54512a83","",,,"",,,"",,,"",,,"",,,"",,,"",,,,,"",,,"",,,,"",,,"","","",,,"","",,5,,,,"","","",,,,,,,1,,"",,,,,,,,,,,"","",,,,,,,"","",,,"k",0.2906,,"space",0.3799,,1,"pink_gnome",1,7,"bright_forest","yellow_basket","green_gnome",1,8,"dark_forest","red_basket",40,0,0,1,"green_gnome","dark_forest","red_basket",574,-1,1,5,1,41,4,1,"",,,"",,,"",,,"",,,"",,,,,,,"","",,,"",,,"",,,"",,,,,,,"",,,"","",,,,,,,,"",,,,,,,"",,,"","","",,,,,,,,"",,,,,,,
"","","",,"","","","","","","",,"","","","","","","",,"","","","","","","",,"","","","","","","",,"","","","","","","",,"","","","","","","",,"","","","","","","",,"","","","","",159986,1,"2024-05-21_19h20.35.819","experiment","2023.2.3","MacIntel",61.34969325,"5dc9e325ac77c76f8a335019","664cb95af670ddca0a461021","664ce0d2679c458e54512a83","",,,"",,,"",,,"",,,"",,,"",,,"",,,,,"",,,"",,,,"",,,"","","",,,"","",,1,,,,"","","",,,,,,,4,,"",,,,,,,,,,,"","",,,,,,,"","",,,"k",0.3584,,"space",0.3961,,4,"blue_gnome",4,9,"dark_forest","red_basket","brown_gnome",4,6,"bright_forest","yellow_basket",6,0,0,1,"brown_gnome","bright_forest","yellow_basket",580,-1,1,5,2,42,3,1,"",,,"",,,"",,,"",,,"",,,,,,,"","",,,"",,,"",,,"",,,,,,,"",,,"","",,,,,,,,"",,,,,,,"",,,"","","",,,,,,,,"",,,,,,,
"","","",,"","","","","","","",,"","","","","","","",,"","","","","","","",,"","","","","","","",,"","","","","","","",,"","","","","","","",,"","","","","","","",,"","","","","",159986,1,"2024-05-21_19h20.35.819","experiment","2023.2.3","MacIntel",61.34969325,"5dc9e325ac77c76f8a335019","664cb95af670ddca0a461021","664ce0d2679c458e54512a83","",,,"",,,"",,,"",,,"",,,"",,,"",,,,,"",,,"",,,,"",,,"","","",,,"","",,5,,,,"","","",,,,,,,1,,"",,,,,,,,,,,"","",,,,,,,"","",,,"k",0.3627,,"space",0.6965,,1,"green_gnome",1,8,"dark_forest","red_basket","pink_gnome",1,5,"bright_forest","yellow_basket",25,0,0,1,"pink_gnome","bright_forest","yellow_basket",605,2,1,5,3,43,4,1,"",,,"",,,"",,,"",,,"",,,,,,,"","",,,"",,,"",,,"",,,,,,,"",,,"","",,,,,,,,"",,,,,,,"",,,"","","",,,,,,,,"",,,,,,,
"","","",,"","","","","","","",,"","","","","","","",,"","","","","","","",,"","","","","","","",,"","","","","","","",,"","","","","","","",,"","","","","","","",,"","","","","",159986,1,"2024-05-21_19h20.35.819","experiment","2023.2.3","MacIntel",61.34969325,"5dc9e325ac77c76f8a335019","664cb95af670ddca0a461021","664ce0d2679c458e54512a83","",,,"",,,"",,,"",,,"",,,"",,,"",,,,,"",,,"",,,,"",,,"","","",,,"","",,1,,,,"","","",,,,,,,2,,"",,,,,,,,,,,"","",,,,,,,"","",,,"k",0.4395,,"space",0.6133,,2,"purple_gnome",2,9,"dark_forest","red_basket","orange_gnome",2,7,"bright_forest","yellow_basket",7,0,0,1,"orange_gnome","bright_forest","yellow_basket",612,2,-2,5,4,44,1,1,"",,,"",,,"",,,"",,,"",,,,,,,"","",,,"",,,"",,,"",,,,,,,"",,,"","",,,,,,,,"",,,,,,,"",,,"","","",,,,,,,,"",,,,,,,
"","","",,"","","","","","","",,"","","","","","","",,"","","","","","","",,"","","","","","","",,"","","","","","","",,"","","","","","","",,"","","","","","","",,"","","","","",159986,1,"2024-05-21_19h20.35.819","experiment","2023.2.3","MacIntel",61.34969325,"5dc9e325ac77c76f8a335019","664cb95af670ddca0a461021","664ce0d2679c458e54512a83","",,,"",,,"",,,"",,,"",,,"",,,"",,,,,"",,,"",,,,"",,,"","","",,,"","",,5,,,,"","","",,,,,,,2,,"",,,,,,,,,,,"","",,,,,,,"","",,,"s",0.4245,,"space",0.3464,,2,"purple_gnome",2,7,"dark_forest","red_basket","orange_gnome",2,9,"bright_forest","yellow_basket",35,0,0,1,"purple_gnome","dark_forest","red_basket",647,0,2,5,5,45,5,1,"",,,"",,,"",,,"",,,"",,,,,,,"","",,,"",,,"",,,"",,,,,,,"",,,"","",,,,,,,,"",,,,,,,"",,,"","","",,,,,,,,"",,,,,,,
"","","",,"","","","","","","",,"","","","","","","",,"","","","","","","",,"","","","","","","",,"","","","","","","",,"","","","","","","",,"","","","","","","",,"","","","","",159986,1,"2024-05-21_19h20.35.819","experiment","2023.2.3","MacIntel",61.34969325,"5dc9e325ac77c76f8a335019","664cb95af670ddca0a461021","664ce0d2679c458e54512a83","",,,"",,,"",,,"",,,"",,,"",,,"",,,,,"",,,"",,,,"",,,"","","",,,"","",,5,,,,"","","",,,,,,,3,,"",,,,,,,,,,,"","",,,,,,,"","",,,"k",0.3406,,"space",0.3806,,3,"red_gnome",3,9,"dark_forest","red_basket","yellow_gnome",3,9,"bright_forest","yellow_basket",45,0,0,1,"yellow_gnome","bright_forest","yellow_basket",692,0,-1,5,6,46,6,1,"",,,"",,,"",,,"",,,"",,,,,,,"","",,,"",,,"",,,"",,,,,,,"",,,"","",,,,,,,,"",,,,,,,"",,,"","","",,,,,,,,"",,,,,,,
"","","",,"","","","","","","",,"","","","","","","",,"","","","","","","",,"","","","","","","",,"","","","","","","",,"","","","","","","",,"","","","","","","",,"","","","","",159986,1,"2024-05-21_19h20.35.819","experiment","2023.2.3","MacIntel",61.34969325,"5dc9e325ac77c76f8a335019","664cb95af670ddca0a461021","664ce0d2679c458e54512a83","",,,"",,,"",,,"",,,"",,,"",,,"",,,,,"",,,"",,,,"",,,"","","",,,"","",,5,,,,"","","",,,,,,,2,,"",,,,,,,,,,,"","",,,,,,,"","",,,"k",0.3465,,"space",0.3972,,2,"purple_gnome",2,8,"dark_forest","red_basket","orange_gnome",2,9,"bright_forest","yellow_basket",45,0,0,1,"orange_gnome","bright_forest","yellow_basket",737,2,-1,5,7,47,5,1,"",,,"",,,"",,,"",,,"",,,,,,,"","",,,"",,,"",,,"",,,,,,,"",,,"","",,,,,,,,"",,,,,,,"",,,"","","",,,,,,,,"",,,,,,,
"","","",,"","","","","","","",,"","","","","","","",,"","","","","","","",,"","","","","","","",,"","","","","","","",,"","","","","","","",,"","","","","","","",,"","","","","",159986,1,"2024-05-21_19h20.35.819","experiment","2023.2.3","MacIntel",61.34969325,"5dc9e325ac77c76f8a335019","664cb95af670ddca0a461021","664ce0d2679c458e54512a83","",,,"",,,"",,,"",,,"",,,"",,,"",,,,,"",,,"",,,,"",,,"","","",,,"","",,1,,,,"","","",,,,,,,2,,"",,,,,,,,,,,"","",,,,,,,"","",,,"k",0.3308,,"space",0.4465,,2,"orange_gnome",2,7,"bright_forest","yellow_basket","purple_gnome",2,7,"dark_forest","red_basket",7,0,0,1,"purple_gnome","dark_forest","red_basket",744,-1,1,6,0,48,1,1,"",,,"",,,"",,,"",,,"",,,,,,,"","",,,"",,,"",,,"",,,,,,,"",,,"","",,,,,,,,"",,,,,,,"",,,"","","",,,,,,,,"",,,,,,,
"","","",,"","","","","","","",,"","","","","","","",,"","","","","","","",,"","","","","","","",,"","","","","","","",,"","","","","","","",,"","","","","","","",,"","","","","",159986,1,"2024-05-21_19h20.35.819","experiment","2023.2.3","MacIntel",61.34969325,"5dc9e325ac77c76f8a335019","664cb95af670ddca0a461021","664ce0d2679c458e54512a83","",,,"",,,"",,,"",,,"",,,"",,,"",,,,,"",,,"",,,,"",,,"","","",,,"","",,1,,,,"","","",,,,,,,1,,"",,,,,,,,,,,"","",,,,,,,"","",,,"s",0.3639,,"space",0.4382,,1,"green_gnome",1,8,"dark_forest","red_basket","pink_gnome",1,6,"bright_forest","yellow_basket",8,0,0,1,"green_gnome","dark_forest","red_basket",752,-1,0,6,1,49,0,1,"",,,"",,,"",,,"",,,"",,,,,,,"","",,,"",,,"",,,"",,,,,,,"",,,"","",,,,,,,,"",,,,,,,"",,,"","","",,,,,,,,"",,,,,,,
"","","",,"","","","","","","",,"","","","","","","",,"","","","","","","",,"","","","","","","",,"","","","","","","",,"","","","","","","",,"","","","","","","",,"","","","","",159986,1,"2024-05-21_19h20.35.819","experiment","2023.2.3","MacIntel",61.34969325,"5dc9e325ac77c76f8a335019","664cb95af670ddca0a461021","664ce0d2679c458e54512a83","",,,"",,,"",,,"",,,"",,,"",,,"",,,,,"",,,"",,,,"",,,"","","",,,"","",,5,,,,"","","",,,,,,,4,,"",,,,,,,,,,,"","",,,,,,,"","",,,"s",0.3293,,"space",1.0639,,4,"brown_gnome",4,5,"bright_forest","yellow_basket","blue_gnome",4,8,"dark_forest","red_basket",25,0,0,1,"brown_gnome","bright_forest","yellow_basket",777,-1,-1,6,2,50,7,1,"",,,"",,,"",,,"",,,"",,,,,,,"","",,,"",,,"",,,"",,,,,,,"",,,"","",,,,,,,,"",,,,,,,"",,,"","","",,,,,,,,"",,,,,,,
"","","",,"","","","","","","",,"","","","","","","",,"","","","","","","",,"","","","","","","",,"","","","","","","",,"","","","","","","",,"","","","","","","",,"","","","","",159986,1,"2024-05-21_19h20.35.819","experiment","2023.2.3","MacIntel",61.34969325,"5dc9e325ac77c76f8a335019","664cb95af670ddca0a461021","664ce0d2679c458e54512a83","",,,"",,,"",,,"",,,"",,,"",,,"",,,,,"",,,"",,,,"",,,"","","",,,"","",,1,,,,"","","",,,,,,,3,,"",,,,,,,,,,,"","",,,,,,,"","",,,"k",0.4566,,"space",0.3974,,3,"red_gnome",3,7,"dark_forest","red_basket","yellow_gnome",3,4,"bright_forest","yellow_basket",4,0,0,1,"yellow_gnome","bright_forest","yellow_basket",781,2,-2,6,3,51,2,1,"",,,"",,,"",,,"",,,"",,,,,,,"","",,,"",,,"",,,"",,,,,,,"",,,"","",,,,,,,,"",,,,,,,"",,,"","","",,,,,,,,"",,,,,,,
"","","",,"","","","","","","",,"","","","","","","",,"","","","","","","",,"","","","","","","",,"","","","","","","",,"","","","","","","",,"","","","","","","",,"","","","","",159986,1,"2024-05-21_19h20.35.819","experiment","2023.2.3","MacIntel",61.34969325,"5dc9e325ac77c76f8a335019","664cb95af670ddca0a461021","664ce0d2679c458e54512a83","",,,"",,,"",,,"",,,"",,,"",,,"",,,,,"",,,"",,,,"",,,"","","",,,"","",,5,,,,"","","",,,,,,,3,,"",,,,,,,,,,,"","",,,,,,,"","",,,"s",0.3134,,"space",0.5459,,3,"yellow_gnome",3,6,"bright_forest","yellow_basket","red_gnome",3,5,"dark_forest","red_basket",30,0,0,1,"yellow_gnome","bright_forest","yellow_basket",811,-1,0,6,4,52,6,1,"",,,"",,,"",,,"",,,"",,,,,,,"","",,,"",,,"",,,"",,,,,,,"",,,"","",,,,,,,,"",,,,,,,"",,,"","","",,,,,,,,"",,,,,,,
"","","",,"","","","","","","",,"","","","","","","",,"","","","","","","",,"","","","","","","",,"","","","","","","",,"","","","","","","",,"","","","","","","",,"","","","","",159986,1,"2024-05-21_19h20.35.819","experiment","2023.2.3","MacIntel",61.34969325,"5dc9e325ac77c76f8a335019","664cb95af670ddca0a461021","664ce0d2679c458e54512a83","",,,"",,,"",,,"",,,"",,,"",,,"",,,,,"",,,"",,,,"",,,"","","",,,"","",,1,,,,"","","",,,,,,,2,,"",,,,,,,,,,,"","",,,,,,,"","",,,"k",0.4741,,"space",0.3911,,2,"orange_gnome",2,5,"bright_forest","yellow_basket","purple_gnome",2,5,"dark_forest","red_basket",5,0,0,1,"purple_gnome","dark_forest","red_basket",816,-4,-1,6,5,53,1,1,"",,,"",,,"",,,"",,,"",,,,,,,"","",,,"",,,"",,,"",,,,,,,"",,,"","",,,,,,,,"",,,,,,,"",,,"","","",,,,,,,,"",,,,,,,
"","","",,"","","","","","","",,"","","","","","","",,"","","","","","","",,"","","","","","","",,"","","","","","","",,"","","","","","","",,"","","","","","","",,"","","","","",159986,1,"2024-05-21_19h20.35.819","experiment","2023.2.3","MacIntel",61.34969325,"5dc9e325ac77c76f8a335019","664cb95af670ddca0a461021","664ce0d2679c458e54512a83","",,,"",,,"",,,"",,,"",,,"",,,"",,,,,"",,,"",,,,"",,,"","","",,,"","",,1,,,,"","","",,,,,,,4,,"",,,,,,,,,,,"","",,,,,,,"","",,,"s",0.3479,,"space",0.5454,,4,"blue_gnome",4,4,"dark_forest","red_basket","brown_gnome",4,1,"bright_forest","yellow_basket",4,0,0,1,"blue_gnome","dark_forest","red_basket",820,-1,2,6,6,54,3,1,"",,,"",,,"",,,"",,,"",,,,,,,"","",,,"",,,"",,,"",,,,,,,"",,,"","",,,,,,,,"",,,,,,,"",,,"","","",,,,,,,,"",,,,,,,
"","","",,"","","","","","","",,"","","","","","","",,"","","","","","","",,"","","","","","","",,"","","","","","","",,"","","","","","","",,"","","","","","","",,"","","","","",159986,1,"2024-05-21_19h20.35.819","experiment","2023.2.3","MacIntel",61.34969325,"5dc9e325ac77c76f8a335019","664cb95af670ddca0a461021","664ce0d2679c458e54512a83","",,,"",,,"",,,"",,,"",,,"",,,"",,,,,"",,,"",,,,"",,,"","","",,,"","",,5,,,,"","","",,,,,,,1,,"",,,,,,,,,,,"","",,,,,,,"","",,,"k",0.3449,,"space",0.4295,,1,"green_gnome",1,6,"dark_forest","red_basket","pink_gnome",1,0,"bright_forest","yellow_basket",0,0,0,1,"pink_gnome","bright_forest","yellow_basket",820,0,0,6,7,55,4,1,"",,,"",,,"",,,"",,,"",,,,,,,"","",,,"",,,"",,,"",,,,,,,"",,,"","",,,,,,,,"",,,,,,,"",,,"","","",,,,,,,,"",,,,,,,
"","","",,"","","","","","","",,"","","","","","","",,"","","","","","","",,"","","","","","","",,"","","","","","","",,"","","","","","","",,"","","","","","","",,"","","","","",159986,1,"2024-05-21_19h20.35.819","experiment","2023.2.3","MacIntel",61.34969325,"5dc9e325ac77c76f8a335019","664cb95af670ddca0a461021","664ce0d2679c458e54512a83","",,,"",,,"",,,"",,,"",,,"",,,"",,,,,"",,,"",,,,"",,,"","","",,,"","",,5,,,,"","","",,,,,,,2,,"",,,,,,,,,,,"","",,,,,,,"","",,,"k",0.3069,,"space",0.3632,,2,"orange_gnome",2,0,"bright_forest","yellow_basket","purple_gnome",2,6,"dark_forest","red_basket",30,0,0,1,"purple_gnome","dark_forest","red_basket",850,3,-2,7,0,56,5,1,"",,,"",,,"",,,"",,,"",,,,,,,"","",,,"",,,"",,,"",,,,,,,"",,,"","",,,,,,,,"",,,,,,,"",,,"","","",,,,,,,,"",,,,,,,
"","","",,"","","","","","","",,"","","","","","","",,"","","","","","","",,"","","","","","","",,"","","","","","","",,"","","","","","","",,"","","","","","","",,"","","","","",159986,1,"2024-05-21_19h20.35.819","experiment","2023.2.3","MacIntel",61.34969325,"5dc9e325ac77c76f8a335019","664cb95af670ddca0a461021","664ce0d2679c458e54512a83","",,,"",,,"",,,"",,,"",,,"",,,"",,,,,"",,,"",,,,"",,,"","","",,,"","",,5,,,,"","","",,,,,,,1,,"",,,,,,,,,,,"","",,,,,,,"","",,,"k",0.5641,,"space",0.3122,,1,"pink_gnome",1,3,"bright_forest","yellow_basket","green_gnome",1,4,"dark_forest","red_basket",20,0,0,1,"green_gnome","dark_forest","red_basket",870,1,-1,7,1,57,4,1,"",,,"",,,"",,,"",,,"",,,,,,,"","",,,"",,,"",,,"",,,,,,,"",,,"","",,,,,,,,"",,,,,,,"",,,"","","",,,,,,,,"",,,,,,,
"","","",,"","","","","","","",,"","","","","","","",,"","","","","","","",,"","","","","","","",,"","","","","","","",,"","","","","","","",,"","","","","","","",,"","","","","",159986,1,"2024-05-21_19h20.35.819","experiment","2023.2.3","MacIntel",61.34969325,"5dc9e325ac77c76f8a335019","664cb95af670ddca0a461021","664ce0d2679c458e54512a83","",,,"",,,"",,,"",,,"",,,"",,,"",,,,,"",,,"",,,,"",,,"","","",,,"","",,5,,,,"","","",,,,,,,1,,"",,,,,,,,,,,"","",,,,,,,"","",,,"s",0.3243,,"space",0.3801,,1,"pink_gnome",1,4,"bright_forest","yellow_basket","green_gnome",1,3,"dark_forest","red_basket",20,0,0,1,"pink_gnome","bright_forest","yellow_basket",890,-1,-1,7,2,58,4,1,"",,,"",,,"",,,"",,,"",,,,,,,"","",,,"",,,"",,,"",,,,,,,"",,,"","",,,,,,,,"",,,,,,,"",,,"","","",,,,,,,,"",,,,,,,
"","","",,"","","","","","","",,"","","","","","","",,"","","","","","","",,"","","","","","","",,"","","","","","","",,"","","","","","","",,"","","","","","","",,"","","","","",159986,1,"2024-05-21_19h20.35.819","experiment","2023.2.3","MacIntel",61.34969325,"5dc9e325ac77c76f8a335019","664cb95af670ddca0a461021","664ce0d2679c458e54512a83","",,,"",,,"",,,"",,,"",,,"",,,"",,,,,"",,,"",,,,"",,,"","","",,,"","",,1,,,,"","","",,,,,,,1,,"",,,,,,,,,,,"","",,,,,,,"","",,,"k",0.313,,"space",0.0795,,1,"pink_gnome",1,3,"bright_forest","yellow_basket","green_gnome",1,2,"dark_forest","red_basket",2,0,0,1,"green_gnome","dark_forest","red_basket",892,-2,1,7,3,59,0,1,"",,,"",,,"",,,"",,,"",,,,,,,"","",,,"",,,"",,,"",,,,,,,"",,,"","",,,,,,,,"",,,,,,,"",,,"","","",,,,,,,,"",,,,,,,
"","","",,"","","","","","","",,"","","","","","","",,"","","","","","","",,"","","","","","","",,"","","","","","","",,"","","","","","","",,"","","","","","","",,"","","","","",159986,1,"2024-05-21_19h20.35.819","experiment","2023.2.3","MacIntel",61.34969325,"5dc9e325ac77c76f8a335019","664cb95af670ddca0a461021","664ce0d2679c458e54512a83","",,,"",,,"",,,"",,,"",,,"",,,"",,,,,"",,,"",,,,"",,,"","","",,,"","",,1,,,,"","","",,,,,,,1,,"",,,,,,,,,,,"","",,,,,,,"","",,,"s",0.2803,,"space",0.4479,,1,"pink_gnome",1,1,"bright_forest","yellow_basket","green_gnome",1,3,"dark_forest","red_basket",1,0,0,1,"pink_gnome","bright_forest","yellow_basket",893,-2,1,7,4,60,0,1,"",,,"",,,"",,,"",,,"",,,,,,,"","",,,"",,,"",,,"",,,,,,,"",,,"","",,,,,,,,"",,,,,,,"",,,"","","",,,,,,,,"",,,,,,,
"","","",,"","","","","","","",,"","","","","","","",,"","","","","","","",,"","","","","","","",,"","","","","","","",,"","","","","","","",,"","","","","","","",,"","","","","",159986,1,"2024-05-21_19h20.35.819","experiment","2023.2.3","MacIntel",61.34969325,"5dc9e325ac77c76f8a335019","664cb95af670ddca0a461021","664ce0d2679c458e54512a83","",,,"",,,"",,,"",,,"",,,"",,,"",,,,,"",,,"",,,,"",,,"","","",,,"","",,5,,,,"","","",,,,,,,3,,"",,,,,,,,,,,"","",,,,,,,"","",,,"k",0.3471,,"space",0.3953,,3,"red_gnome",3,4,"dark_forest","red_basket","yellow_gnome",3,1,"bright_forest","yellow_basket",5,0,0,1,"yellow_gnome","bright_forest","yellow_basket",898,-2,-2,7,5,61,6,1,"",,,"",,,"",,,"",,,"",,,,,,,"","",,,"",,,"",,,"",,,,,,,"",,,"","",,,,,,,,"",,,,,,,"",,,"","","",,,,,,,,"",,,,,,,
"","","",,"","","","","","","",,"","","","","","","",,"","","","","","","",,"","","","","","","",,"","","","","","","",,"","","","","","","",,"","","","","","","",,"","","","","",159986,1,"2024-05-21_19h20.35.819","experiment","2023.2.3","MacIntel",61.34969325,"5dc9e325ac77c76f8a335019","664cb95af670ddca0a461021","664ce0d2679c458e54512a83","",,,"",,,"",,,"",,,"",,,"",,,"",,,,,"",,,"",,,,"",,,"","","",,,"","",,5,,,,"","","",,,,,,,3,,"",,,,,,,,,,,"","",,,,,,,"","",,,"k",0.3321,,"space",0.34,,3,"yellow_gnome",3,1,"bright_forest","yellow_basket","red_gnome",3,2,"dark_forest","red_basket",10,0,0,1,"red_gnome","dark_forest","red_basket",908,-1,4,7,6,62,6,1,"",,,"",,,"",,,"",,,"",,,,,,,"","",,,"",,,"",,,"",,,,,,,"",,,"","",,,,,,,,"",,,,,,,"",,,"","","",,,,,,,,"",,,,,,,
"","","",,"","","","","","","",,"","","","","","","",,"","","","","","","",,"","","","","","","",,"","","","","","","",,"","","","","","","",,"","","","","","","",,"","","","","",159986,1,"2024-05-21_19h20.35.819","experiment","2023.2.3","MacIntel",61.34969325,"5dc9e325ac77c76f8a335019","664cb95af670ddca0a461021","664ce0d2679c458e54512a83","",,,"",,,"",,,"",,,"",,,"",,,"",,,,,"",,,"",,,,"",,,"","","",,,"","",,1,,,,"","","",,,,,,,2,,"",,,,,,,,,,,"","",,,,,,,"","",,,"s",0.2981,,"space",0.4415,,2,"purple_gnome",2,6,"dark_forest","red_basket","orange_gnome",2,0,"bright_forest","yellow_basket",6,0,0,1,"purple_gnome","dark_forest","red_basket",914,-1,-2,7,7,63,1,1,"space",21.097,,"",,,"",,,"",,,"",,,,,,,"","",,,"",,,"",,,"",,,,,,,"",,,"","",,,,,,,,"",,,,,,,"",,,"","","",,,,,,,,"",,,,,,,
"","","",,"","","","","","","",,"","","","","","","",,"","","","","","","",,"","","","","","","",,"","","","","","","",,"","","","","","","",,"","","","","","","",,"","","","","",159986,1,"2024-05-21_19h20.35.819","experiment","2023.2.3","MacIntel",61.34969325,"5dc9e325ac77c76f8a335019","664cb95af670ddca0a461021","664ce0d2679c458e54512a83","",,,"",,,"",,,"",,,"",,,"",,,"",,,,,"",,,"",,,,"",,,"","","",,,"","",,5,,,,"","","",,,,,,,2,,"",,,,,,,,,,,"","",,,,,,,"","",,,"s",0.3492,,"space",0.4575,,2,"purple_gnome",2,4,"dark_forest","red_basket","orange_gnome",2,1,"bright_forest","yellow_basket",20,0,0,1,"purple_gnome","dark_forest","red_basket",934,1,-3,8,0,64,5,1,"",,,"",,,"",,,"",,,"",,,,,,,"","",,,"",,,"",,,"",,,,,,,"",,,"","",,,,,,,,"",,,,,,,"",,,"","","",,,,,,,,"",,,,,,,
"","","",,"","","","","","","",,"","","","","","","",,"","","","","","","",,"","","","","","","",,"","","","","","","",,"","","","","","","",,"","","","","","","",,"","","","","",159986,1,"2024-05-21_19h20.35.819","experiment","2023.2.3","MacIntel",61.34969325,"5dc9e325ac77c76f8a335019","664cb95af670ddca0a461021","664ce0d2679c458e54512a83","",,,"",,,"",,,"",,,"",,,"",,,"",,,,,"",,,"",,,,"",,,"","","",,,"","",,1,,,,"","","",,,,,,,1,,"",,,,,,,,,,,"","",,,,,,,"","",,,"k",0.3471,,"space",0.5304,,1,"pink_gnome",1,2,"bright_forest","yellow_basket","green_gnome",1,1,"dark_forest","red_basket",1,0,0,1,"green_gnome","dark_forest","red_basket",935,0,0,8,1,65,0,1,"",,,"",,,"",,,"",,,"",,,,,,,"","",,,"",,,"",,,"",,,,,,,"",,,"","",,,,,,,,"",,,,,,,"",,,"","","",,,,,,,,"",,,,,,,
"","","",,"","","","","","","",,"","","","","","","",,"","","","","","","",,"","","","","","","",,"","","","","","","",,"","","","","","","",,"","","","","","","",,"","","","","",159986,1,"2024-05-21_19h20.35.819","experiment","2023.2.3","MacIntel",61.34969325,"5dc9e325ac77c76f8a335019","664cb95af670ddca0a461021","664ce0d2679c458e54512a83","",,,"",,,"",,,"",,,"",,,"",,,"",,,,,"",,,"",,,,"",,,"","","",,,"","",,5,,,,"","","",,,,,,,2,,"",,,,,,,,,,,"","",,,,,,,"","",,,"k",0.3976,,"space",0.4292,,2,"purple_gnome",2,1,"dark_forest","red_basket","orange_gnome",2,2,"bright_forest","yellow_basket",10,0,0,1,"orange_gnome","bright_forest","yellow_basket",945,1,-1,8,2,66,5,1,"",,,"",,,"",,,"",,,"",,,,,,,"","",,,"",,,"",,,"",,,,,,,"",,,"","",,,,,,,,"",,,,,,,"",,,"","","",,,,,,,,"",,,,,,,
"","","",,"","","","","","","",,"","","","","","","",,"","","","","","","",,"","","","","","","",,"","","","","","","",,"","","","","","","",,"","","","","","","",,"","","","","",159986,1,"2024-05-21_19h20.35.819","experiment","2023.2.3","MacIntel",61.34969325,"5dc9e325ac77c76f8a335019","664cb95af670ddca0a461021","664ce0d2679c458e54512a83","",,,"",,,"",,,"",,,"",,,"",,,"",,,,,"",,,"",,,,"",,,"","","",,,"","",,1,,,,"","","",,,,,,,4,,"",,,,,,,,,,,"","",,,,,,,"","",,,"k",0.3476,,"space",0.4134,,4,"blue_gnome",4,0,"dark_forest","red_basket","brown_gnome",4,3,"bright_forest","yellow_basket",3,0,0,1,"brown_gnome","bright_forest","yellow_basket",948,-2,0,8,3,67,3,1,"",,,"",,,"",,,"",,,"",,,,,,,"","",,,"",,,"",,,"",,,,,,,"",,,"","",,,,,,,,"",,,,,,,"",,,"","","",,,,,,,,"",,,,,,,
"","","",,"","","","","","","",,"","","","","","","",,"","","","","","","",,"","","","","","","",,"","","","","","","",,"","","","","","","",,"","","","","","","",,"","","","","",159986,1,"2024-05-21_19h20.35.819","experiment","2023.2.3","MacIntel",61.34969325,"5dc9e325ac77c76f8a335019","664cb95af670ddca0a461021","664ce0d2679c458e54512a83","",,,"",,,"",,,"",,,"",,,"",,,"",,,,,"",,,"",,,,"",,,"","","",,,"","",,5,,,,"","","",,,,,,,4,,"",,,,,,,,,,,"","",,,,,,,"","",,,"s",0.375,,"space",0.4627,,4,"blue_gnome",4,0,"dark_forest","red_basket","brown_gnome",4,1,"bright_forest","yellow_basket",0,0,0,1,"blue_gnome","dark_forest","red_basket",948,1,2,8,4,68,7,1,"",,,"",,,"",,,"",,,"",,,,,,,"","",,,"",,,"",,,"",,,,,,,"",,,"","",,,,,,,,"",,,,,,,"",,,"","","",,,,,,,,"",,,,,,,
"","","",,"","","","","","","",,"","","","","","","",,"","","","","","","",,"","","","","","","",,"","","","","","","",,"","","","","","","",,"","","","","","","",,"","","","","",159986,1,"2024-05-21_19h20.35.819","experiment","2023.2.3","MacIntel",61.34969325,"5dc9e325ac77c76f8a335019","664cb95af670ddca0a461021","664ce0d2679c458e54512a83","",,,"",,,"",,,"",,,"",,,"",,,"",,,,,"",,,"",,,,"",,,"","","",,,"","",,5,,,,"","","",,,,,,,4,,"",,,,,,,,,,,"","",,,,,,,"","",,,"s",0.3588,,"space",0.3814,,4,"blue_gnome",4,2,"dark_forest","red_basket","brown_gnome",4,2,"bright_forest","yellow_basket",10,0,0,1,"blue_gnome","dark_forest","red_basket",958,0,2,8,5,69,7,1,"",,,"",,,"",,,"",,,"",,,,,,,"","",,,"",,,"",,,"",,,,,,,"",,,"","",,,,,,,,"",,,,,,,"",,,"","","",,,,,,,,"",,,,,,,
"","","",,"","","","","","","",,"","","","","","","",,"","","","","","","",,"","","","","","","",,"","","","","","","",,"","","","","","","",,"","","","","","","",,"","","","","",159986,1,"2024-05-21_19h20.35.819","experiment","2023.2.3","MacIntel",61.34969325,"5dc9e325ac77c76f8a335019","664cb95af670ddca0a461021","664ce0d2679c458e54512a83","",,,"",,,"",,,"",,,"",,,"",,,"",,,,,"",,,"",,,,"",,,"","","",,,"","",,5,,,,"","","",,,,,,,3,,"",,,,,,,,,,,"","",,,,,,,"","",,,"k",0.3581,,"space",0.4464,,3,"red_gnome",3,4,"dark_forest","red_basket","yellow_gnome",3,2,"bright_forest","yellow_basket",10,0,0,1,"yellow_gnome","bright_forest","yellow_basket",968,2,-1,8,6,70,6,1,"",,,"",,,"",,,"",,,"",,,,,,,"","",,,"",,,"",,,"",,,,,,,"",,,"","",,,,,,,,"",,,,,,,"",,,"","","",,,,,,,,"",,,,,,,
"","","",,"","","","","","","",,"","","","","","","",,"","","","","","","",,"","","","","","","",,"","","","","","","",,"","","","","","","",,"","","","","","","",,"","","","","",159986,1,"2024-05-21_19h20.35.819","experiment","2023.2.3","MacIntel",61.34969325,"5dc9e325ac77c76f8a335019","664cb95af670ddca0a461021","664ce0d2679c458e54512a83","",,,"",,,"",,,"",,,"",,,"",,,"",,,,,"",,,"",,,,"",,,"","","",,,"","",,1,,,,"","","",,,,,,,1,,"",,,,,,,,,,,"","",,,,,,,"","",,,"k",0.442,,"space",0.3465,,1,"pink_gnome",1,4,"bright_forest","yellow_basket","green_gnome",1,3,"dark_forest","red_basket",3,0,0,1,"green_gnome","dark_forest","red_basket",971,-2,-2,8,7,71,0,1,"",,,"",,,"",,,"",,,"",,,,,,,"","",,,"",,,"",,,"",,,,,,,"",,,"","",,,,,,,,"",,,,,,,"",,,"","","",,,,,,,,"",,,,,,,
"","","",,"","","","","","","",,"","","","","","","",,"","","","","","","",,"","","","","","","",,"","","","","","","",,"","","","","","","",,"","","","","","","",,"","","","","",159986,1,"2024-05-21_19h20.35.819","experiment","2023.2.3","MacIntel",61.34969325,"5dc9e325ac77c76f8a335019","664cb95af670ddca0a461021","664ce0d2679c458e54512a83","",,,"",,,"",,,"",,,"",,,"",,,"",,,,,"",,,"",,,,"",,,"","","",,,"","",,5,,,,"","","",,,,,,,4,,"",,,,,,,,,,,"","",,,,,,,"","",,,"s",0.3569,,"space",0.4129,,4,"blue_gnome",4,1,"dark_forest","red_basket","brown_gnome",4,2,"bright_forest","yellow_basket",5,0,0,1,"blue_gnome","dark_forest","red_basket",976,2,-3,9,0,72,7,1,"",,,"",,,"",,,"",,,"",,,,,,,"","",,,"",,,"",,,"",,,,,,,"",,,"","",,,,,,,,"",,,,,,,"",,,"","","",,,,,,,,"",,,,,,,
"","","",,"","","","","","","",,"","","","","","","",,"","","","","","","",,"","","","","","","",,"","","","","","","",,"","","","","","","",,"","","","","","","",,"","","","","",159986,1,"2024-05-21_19h20.35.819","experiment","2023.2.3","MacIntel",61.34969325,"5dc9e325ac77c76f8a335019","664cb95af670ddca0a461021","664ce0d2679c458e54512a83","",,,"",,,"",,,"",,,"",,,"",,,"",,,,,"",,,"",,,,"",,,"","","",,,"","",,1,,,,"","","",,,,,,,3,,"",,,,,,,,,,,"","",,,,,,,"","",,,"k",0.3579,,"space",0.3656,,3,"yellow_gnome",3,4,"bright_forest","yellow_basket","red_gnome",3,2,"dark_forest","red_basket",2,0,0,1,"red_gnome","dark_forest","red_basket",978,1,-2,9,1,73,2,1,"",,,"",,,"",,,"",,,"",,,,,,,"","",,,"",,,"",,,"",,,,,,,"",,,"","",,,,,,,,"",,,,,,,"",,,"","","",,,,,,,,"",,,,,,,
"","","",,"","","","","","","",,"","","","","","","",,"","","","","","","",,"","","","","","","",,"","","","","","","",,"","","","","","","",,"","","","","","","",,"","","","","",159986,1,"2024-05-21_19h20.35.819","experiment","2023.2.3","MacIntel",61.34969325,"5dc9e325ac77c76f8a335019","664cb95af670ddca0a461021","664ce0d2679c458e54512a83","",,,"",,,"",,,"",,,"",,,"",,,"",,,,,"",,,"",,,,"",,,"","","",,,"","",,5,,,,"","","",,,,,,,3,,"",,,,,,,,,,,"","",,,,,,,"","",,,"k",0.3804,,"space",0.3656,,3,"yellow_gnome",3,5,"bright_forest","yellow_basket","red_gnome",3,0,"dark_forest","red_basket",0,0,0,1,"red_gnome","dark_forest","red_basket",978,-2,0,9,2,74,6,1,"",,,"",,,"",,,"",,,"",,,,,,,"","",,,"",,,"",,,"",,,,,,,"",,,"","",,,,,,,,"",,,,,,,"",,,"","","",,,,,,,,"",,,,,,,
"","","",,"","","","","","","",,"","","","","","","",,"","","","","","","",,"","","","","","","",,"","","","","","","",,"","","","","","","",,"","","","","","","",,"","","","","",159986,1,"2024-05-21_19h20.35.819","experiment","2023.2.3","MacIntel",61.34969325,"5dc9e325ac77c76f8a335019","664cb95af670ddca0a461021","664ce0d2679c458e54512a83","",,,"",,,"",,,"",,,"",,,"",,,"",,,,,"",,,"",,,,"",,,"","","",,,"","",,5,,,,"","","",,,,,,,2,,"",,,,,,,,,,,"","",,,,,,,"","",,,"k",0.3412,,"space",0.4305,,2,"purple_gnome",2,0,"dark_forest","red_basket","orange_gnome",2,3,"bright_forest","yellow_basket",15,0,0,1,"orange_gnome","bright_forest","yellow_basket",993,0,2,9,3,75,5,1,"",,,"",,,"",,,"",,,"",,,,,,,"","",,,"",,,"",,,"",,,,,,,"",,,"","",,,,,,,,"",,,,,,,"",,,"","","",,,,,,,,"",,,,,,,
"","","",,"","","","","","","",,"","","","","","","",,"","","","","","","",,"","","","","","","",,"","","","","","","",,"","","","","","","",,"","","","","","","",,"","","","","",159986,1,"2024-05-21_19h20.35.819","experiment","2023.2.3","MacIntel",61.34969325,"5dc9e325ac77c76f8a335019","664cb95af670ddca0a461021","664ce0d2679c458e54512a83","",,,"",,,"",,,"",,,"",,,"",,,"",,,,,"",,,"",,,,"",,,"","","",,,"","",,5,,,,"","","",,,,,,,3,,"",,,,,,,,,,,"","",,,,,,,"","",,,"s",0.8153,,"space",0.4398,,3,"yellow_gnome",3,3,"bright_forest","yellow_basket","red_gnome",3,2,"dark_forest","red_basket",15,0,0,1,"yellow_gnome","bright_forest","yellow_basket",1008,2,0,9,4,76,6,1,"",,,"",,,"",,,"",,,"",,,,,,,"","",,,"",,,"",,,"",,,,,,,"",,,"","",,,,,,,,"",,,,,,,"",,,"","","",,,,,,,,"",,,,,,,
"","","",,"","","","","","","",,"","","","","","","",,"","","","","","","",,"","","","","","","",,"","","","","","","",,"","","","","","","",,"","","","","","","",,"","","","","",159986,1,"2024-05-21_19h20.35.819","experiment","2023.2.3","MacIntel",61.34969325,"5dc9e325ac77c76f8a335019","664cb95af670ddca0a461021","664ce0d2679c458e54512a83","",,,"",,,"",,,"",,,"",,,"",,,"",,,,,"",,,"",,,,"",,,"","","",,,"","",,5,,,,"","","",,,,,,,2,,"",,,,,,,,,,,"","",,,,,,,"","",,,"k",0.3315,,"space",0.5298,,2,"orange_gnome",2,5,"bright_forest","yellow_basket","purple_gnome",2,2,"dark_forest","red_basket",10,0,0,1,"purple_gnome","dark_forest","red_basket",1018,-2,1,9,5,77,5,1,"",,,"",,,"",,,"",,,"",,,,,,,"","",,,"",,,"",,,"",,,,,,,"",,,"","",,,,,,,,"",,,,,,,"",,,"","","",,,,,,,,"",,,,,,,
"","","",,"","","","","","","",,"","","","","","","",,"","","","","","","",,"","","","","","","",,"","","","","","","",,"","","","","","","",,"","","","","","","",,"","","","","",159986,1,"2024-05-21_19h20.35.819","experiment","2023.2.3","MacIntel",61.34969325,"5dc9e325ac77c76f8a335019","664cb95af670ddca0a461021","664ce0d2679c458e54512a83","",,,"",,,"",,,"",,,"",,,"",,,"",,,,,"",,,"",,,,"",,,"","","",,,"","",,1,,,,"","","",,,,,,,2,,"",,,,,,,,,,,"","",,,,,,,"","",,,"k",0.4991,,"space",0.5302,,2,"purple_gnome",2,3,"dark_forest","red_basket","orange_gnome",2,3,"bright_forest","yellow_basket",3,0,0,1,"orange_gnome","bright_forest","yellow_basket",1021,-4,-2,9,6,78,1,1,"",,,"",,,"",,,"",,,"",,,,,,,"","",,,"",,,"",,,"",,,,,,,"",,,"","",,,,,,,,"",,,,,,,"",,,"","","",,,,,,,,"",,,,,,,
"","","",,"","","","","","","",,"","","","","","","",,"","","","","","","",,"","","","","","","",,"","","","","","","",,"","","","","","","",,"","","","","","","",,"","","","","",159986,1,"2024-05-21_19h20.35.819","experiment","2023.2.3","MacIntel",61.34969325,"5dc9e325ac77c76f8a335019","664cb95af670ddca0a461021","664ce0d2679c458e54512a83","",,,"",,,"",,,"",,,"",,,"",,,"",,,,,"",,,"",,,,"",,,"","","",,,"","",,5,,,,"","","",,,,,,,4,,"",,,,,,,,,,,"","",,,,,,,"","",,,"k",0.5068,,"space",0.3649,,4,"brown_gnome",4,1,"bright_forest","yellow_basket","blue_gnome",4,1,"dark_forest","red_basket",5,0,0,1,"blue_gnome","dark_forest","red_basket",1026,-1,1,9,7,79,7,1,"",,,"",,,"",,,"",,,"",,,,,,,"","",,,"",,,"",,,"",,,,,,,"",,,"","",,,,,,,,"",,,,,,,"",,,"","","",,,,,,,,"",,,,,,,
"","","",,"","","","","","","",,"","","","","","","",,"","","","","","","",,"","","","","","","",,"","","","","","","",,"","","","","","","",,"","","","","","","",,"","","","","",159986,1,"2024-05-21_19h20.35.819","experiment","2023.2.3","MacIntel",61.34969325,"5dc9e325ac77c76f8a335019","664cb95af670ddca0a461021","664ce0d2679c458e54512a83","",,,"",,,"",,,"",,,"",,,"",,,"",,,,,"",,,"",,,,"",,,"","","",,,"","",,1,,,,"","","",,,,,,,2,,"",,,,,,,,,,,"","",,,,,,,"","",,,"k",0.5578,,"space",0.4303,,2,"orange_gnome",2,0,"bright_forest","yellow_basket","purple_gnome",2,2,"dark_forest","red_basket",2,0,0,1,"purple_gnome","dark_forest","red_basket",1028,1,-2,10,0,80,1,1,"",,,"",,,"",,,"",,,"",,,,,,,"","",,,"",,,"",,,"",,,,,,,"",,,"","",,,,,,,,"",,,,,,,"",,,"","","",,,,,,,,"",,,,,,,
"","","",,"","","","","","","",,"","","","","","","",,"","","","","","","",,"","","","","","","",,"","","","","","","",,"","","","","","","",,"","","","","","","",,"","","","","",159986,1,"2024-05-21_19h20.35.819","experiment","2023.2.3","MacIntel",61.34969325,"5dc9e325ac77c76f8a335019","664cb95af670ddca0a461021","664ce0d2679c458e54512a83","",,,"",,,"",,,"",,,"",,,"",,,"",,,,,"",,,"",,,,"",,,"","","",,,"","",,1,,,,"","","",,,,,,,1,,"",,,,,,,,,,,"","",,,,,,,"","",,,"k",0.4139,,"space",0.3464,,1,"pink_gnome",1,1,"bright_forest","yellow_basket","green_gnome",1,0,"dark_forest","red_basket",0,0,0,1,"green_gnome","dark_forest","red_basket",1028,0,-2,10,1,81,0,1,"",,,"",,,"",,,"",,,"",,,,,,,"","",,,"",,,"",,,"",,,,,,,"",,,"","",,,,,,,,"",,,,,,,"",,,"","","",,,,,,,,"",,,,,,,
"","","",,"","","","","","","",,"","","","","","","",,"","","","","","","",,"","","","","","","",,"","","","","","","",,"","","","","","","",,"","","","","","","",,"","","","","",159986,1,"2024-05-21_19h20.35.819","experiment","2023.2.3","MacIntel",61.34969325,"5dc9e325ac77c76f8a335019","664cb95af670ddca0a461021","664ce0d2679c458e54512a83","",,,"",,,"",,,"",,,"",,,"",,,"",,,,,"",,,"",,,,"",,,"","","",,,"","",,5,,,,"","","",,,,,,,4,,"",,,,,,,,,,,"","",,,,,,,"","",,,"k",0.4409,,"space",0.4226,,4,"brown_gnome",4,1,"bright_forest","yellow_basket","blue_gnome",4,2,"dark_forest","red_basket",10,0,0,1,"blue_gnome","dark_forest","red_basket",1038,1,2,10,2,82,7,1,"",,,"",,,"",,,"",,,"",,,,,,,"","",,,"",,,"",,,"",,,,,,,"",,,"","",,,,,,,,"",,,,,,,"",,,"","","",,,,,,,,"",,,,,,,
"","","",,"","","","","","","",,"","","","","","","",,"","","","","","","",,"","","","","","","",,"","","","","","","",,"","","","","","","",,"","","","","","","",,"","","","","",159986,1,"2024-05-21_19h20.35.819","experiment","2023.2.3","MacIntel",61.34969325,"5dc9e325ac77c76f8a335019","664cb95af670ddca0a461021","664ce0d2679c458e54512a83","",,,"",,,"",,,"",,,"",,,"",,,"",,,,,"",,,"",,,,"",,,"","","",,,"","",,1,,,,"","","",,,,,,,2,,"",,,,,,,,,,,"","",,,,,,,"","",,,"k",0.5138,,"space",0.5898,,2,"purple_gnome",2,4,"dark_forest","red_basket","orange_gnome",2,2,"bright_forest","yellow_basket",2,0,0,1,"orange_gnome","bright_forest","yellow_basket",1040,1,-2,10,3,83,1,1,"",,,"",,,"",,,"",,,"",,,,,,,"","",,,"",,,"",,,"",,,,,,,"",,,"","",,,,,,,,"",,,,,,,"",,,"","","",,,,,,,,"",,,,,,,
"","","",,"","","","","","","",,"","","","","","","",,"","","","","","","",,"","","","","","","",,"","","","","","","",,"","","","","","","",,"","","","","","","",,"","","","","",159986,1,"2024-05-21_19h20.35.819","experiment","2023.2.3","MacIntel",61.34969325,"5dc9e325ac77c76f8a335019","664cb95af670ddca0a461021","664ce0d2679c458e54512a83","",,,"",,,"",,,"",,,"",,,"",,,"",,,,,"",,,"",,,,"",,,"","","",,,"","",,1,,,,"","","",,,,,,,2,,"",,,,,,,,,,,"","",,,,,,,"","",,,"k",0.7495,,"space",0.4801,,2,"purple_gnome",2,2,"dark_forest","red_basket","orange_gnome",2,3,"bright_forest","yellow_basket",3,0,0,1,"orange_gnome","bright_forest","yellow_basket",1043,0,0,10,4,84,1,1,"",,,"",,,"",,,"",,,"",,,,,,,"","",,,"",,,"",,,"",,,,,,,"",,,"","",,,,,,,,"",,,,,,,"",,,"","","",,,,,,,,"",,,,,,,
"","","",,"","","","","","","",,"","","","","","","",,"","","","","","","",,"","","","","","","",,"","","","","","","",,"","","","","","","",,"","","","","","","",,"","","","","",159986,1,"2024-05-21_19h20.35.819","experiment","2023.2.3","MacIntel",61.34969325,"5dc9e325ac77c76f8a335019","664cb95af670ddca0a461021","664ce0d2679c458e54512a83","",,,"",,,"",,,"",,,"",,,"",,,"",,,,,"",,,"",,,,"",,,"","","",,,"","",,5,,,,"","","",,,,,,,1,,"",,,,,,,,,,,"","",,,,,,,"","",,,"s",0.4974,,"space",0.4235,,1,"green_gnome",1,2,"dark_forest","red_basket","pink_gnome",1,3,"bright_forest","yellow_basket",10,0,0,1,"green_gnome","dark_forest","red_basket",1053,-1,0,10,5,85,4,1,"",,,"",,,"",,,"",,,"",,,,,,,"","",,,"",,,"",,,"",,,,,,,"",,,"","",,,,,,,,"",,,,,,,"",,,"","","",,,,,,,,"",,,,,,,
"","","",,"","","","","","","",,"","","","","","","",,"","","","","","","",,"","","","","","","",,"","","","","","","",,"","","","","","","",,"","","","","","","",,"","","","","",159986,1,"2024-05-21_19h20.35.819","experiment","2023.2.3","MacIntel",61.34969325,"5dc9e325ac77c76f8a335019","664cb95af670ddca0a461021","664ce0d2679c458e54512a83","",,,"",,,"",,,"",,,"",,,"",,,"",,,,,"",,,"",,,,"",,,"","","",,,"","",,5,,,,"","","",,,,,,,3,,"",,,,,,,,,,,"","",,,,,,,"","",,,"k",0.3907,,"space",0.4802,,3,"yellow_gnome",3,2,"bright_forest","yellow_basket","red_gnome",3,2,"dark_forest","red_basket",10,0,0,1,"red_gnome","dark_forest","red_basket",1063,-1,1,10,6,86,6,1,"",,,"",,,"",,,"",,,"",,,,,,,"","",,,"",,,"",,,"",,,,,,,"",,,"","",,,,,,,,"",,,,,,,"",,,"","","",,,,,,,,"",,,,,,,
"","","",,"","","","","","","",,"","","","","","","",,"","","","","","","",,"","","","","","","",,"","","","","","","",,"","","","","","","",,"","","","","","","",,"","","","","",159986,1,"2024-05-21_19h20.35.819","experiment","2023.2.3","MacIntel",61.34969325,"5dc9e325ac77c76f8a335019","664cb95af670ddca0a461021","664ce0d2679c458e54512a83","",,,"",,,"",,,"",,,"",,,"",,,"",,,,,"",,,"",,,,"",,,"","","",,,"","",,5,,,,"","","",,,,,,,4,,"",,,,,,,,,,,"","",,,,,,,"","",,,"s",0.3983,,"space",0.398,,4,"brown_gnome",4,1,"bright_forest","yellow_basket","blue_gnome",4,3,"dark_forest","red_basket",5,0,0,1,"brown_gnome","bright_forest","yellow_basket",1068,0,-1,10,7,87,7,1,"",,,"",,,"",,,"",,,"",,,,,,,"","",,,"",,,"",,,"",,,,,,,"",,,"","",,,,,,,,"",,,,,,,"",,,"","","",,,,,,,,"",,,,,,,
"","","",,"","","","","","","",,"","","","","","","",,"","","","","","","",,"","","","","","","",,"","","","","","","",,"","","","","","","",,"","","","","","","",,"","","","","",159986,1,"2024-05-21_19h20.35.819","experiment","2023.2.3","MacIntel",61.34969325,"5dc9e325ac77c76f8a335019","664cb95af670ddca0a461021","664ce0d2679c458e54512a83","",,,"",,,"",,,"",,,"",,,"",,,"",,,,,"",,,"",,,,"",,,"","","",,,"","",,1,,,,"","","",,,,,,,2,,"",,,,,,,,,,,"","",,,,,,,"","",,,"s",0.3967,,"space",0.4479,,2,"purple_gnome",2,2,"dark_forest","red_basket","orange_gnome",2,1,"bright_forest","yellow_basket",2,0,0,1,"purple_gnome","dark_forest","red_basket",1070,0,-2,11,0,88,1,1,"",,,"",,,"",,,"",,,"",,,,,,,"","",,,"",,,"",,,"",,,,,,,"",,,"","",,,,,,,,"",,,,,,,"",,,"","","",,,,,,,,"",,,,,,,
"","","",,"","","","","","","",,"","","","","","","",,"","","","","","","",,"","","","","","","",,"","","","","","","",,"","","","","","","",,"","","","","","","",,"","","","","",159986,1,"2024-05-21_19h20.35.819","experiment","2023.2.3","MacIntel",61.34969325,"5dc9e325ac77c76f8a335019","664cb95af670ddca0a461021","664ce0d2679c458e54512a83","",,,"",,,"",,,"",,,"",,,"",,,"",,,,,"",,,"",,,,"",,,"","","",,,"","",,5,,,,"","","",,,,,,,1,,"",,,,,,,,,,,"","",,,,,,,"","",,,"k",0.5473,,"space",0.3467,,1,"pink_gnome",1,1,"bright_forest","yellow_basket","green_gnome",1,0,"dark_forest","red_basket",0,0,0,1,"green_gnome","dark_forest","red_basket",1070,1,0,11,1,89,4,1,"",,,"",,,"",,,"",,,"",,,,,,,"","",,,"",,,"",,,"",,,,,,,"",,,"","",,,,,,,,"",,,,,,,"",,,"","","",,,,,,,,"",,,,,,,
"","","",,"","","","","","","",,"","","","","","","",,"","","","","","","",,"","","","","","","",,"","","","","","","",,"","","","","","","",,"","","","","","","",,"","","","","",159986,1,"2024-05-21_19h20.35.819","experiment","2023.2.3","MacIntel",61.34969325,"5dc9e325ac77c76f8a335019","664cb95af670ddca0a461021","664ce0d2679c458e54512a83","",,,"",,,"",,,"",,,"",,,"",,,"",,,,,"",,,"",,,,"",,,"","","",,,"","",,5,,,,"","","",,,,,,,2,,"",,,,,,,,,,,"","",,,,,,,"","",,,"k",0.3657,,"space",0.347,,2,"orange_gnome",2,2,"bright_forest","yellow_basket","purple_gnome",2,0,"dark_forest","red_basket",0,0,0,1,"purple_gnome","dark_forest","red_basket",1070,-2,2,11,2,90,5,1,"",,,"",,,"",,,"",,,"",,,,,,,"","",,,"",,,"",,,"",,,,,,,"",,,"","",,,,,,,,"",,,,,,,"",,,"","","",,,,,,,,"",,,,,,,
"","","",,"","","","","","","",,"","","","","","","",,"","","","","","","",,"","","","","","","",,"","","","","","","",,"","","","","","","",,"","","","","","","",,"","","","","",159986,1,"2024-05-21_19h20.35.819","experiment","2023.2.3","MacIntel",61.34969325,"5dc9e325ac77c76f8a335019","664cb95af670ddca0a461021","664ce0d2679c458e54512a83","",,,"",,,"",,,"",,,"",,,"",,,"",,,,,"",,,"",,,,"",,,"","","",,,"","",,1,,,,"","","",,,,,,,3,,"",,,,,,,,,,,"","",,,,,,,"","",,,"k",0.3808,,"space",0.3813,,3,"red_gnome",3,2,"dark_forest","red_basket","yellow_gnome",3,0,"bright_forest","yellow_basket",0,0,0,1,"yellow_gnome","bright_forest","yellow_basket",1070,-4,0,11,3,91,2,1,"",,,"",,,"",,,"",,,"",,,,,,,"","",,,"",,,"",,,"",,,,,,,"",,,"","",,,,,,,,"",,,,,,,"",,,"","","",,,,,,,,"",,,,,,,
"","","",,"","","","","","","",,"","","","","","","",,"","","","","","","",,"","","","","","","",,"","","","","","","",,"","","","","","","",,"","","","","","","",,"","","","","",159986,1,"2024-05-21_19h20.35.819","experiment","2023.2.3","MacIntel",61.34969325,"5dc9e325ac77c76f8a335019","664cb95af670ddca0a461021","664ce0d2679c458e54512a83","",,,"",,,"",,,"",,,"",,,"",,,"",,,,,"",,,"",,,,"",,,"","","",,,"","",,5,,,,"","","",,,,,,,4,,"",,,,,,,,,,,"","",,,,,,,"","",,,"s",0.3141,,"space",0.3299,,4,"blue_gnome",4,2,"dark_forest","red_basket","brown_gnome",4,4,"bright_forest","yellow_basket",10,0,0,1,"blue_gnome","dark_forest","red_basket",1080,1,-2,11,4,92,7,1,"",,,"",,,"",,,"",,,"",,,,,,,"","",,,"",,,"",,,"",,,,,,,"",,,"","",,,,,,,,"",,,,,,,"",,,"","","",,,,,,,,"",,,,,,,
"","","",,"","","","","","","",,"","","","","","","",,"","","","","","","",,"","","","","","","",,"","","","","","","",,"","","","","","","",,"","","","","","","",,"","","","","",159986,1,"2024-05-21_19h20.35.819","experiment","2023.2.3","MacIntel",61.34969325,"5dc9e325ac77c76f8a335019","664cb95af670ddca0a461021","664ce0d2679c458e54512a83","",,,"",,,"",,,"",,,"",,,"",,,"",,,,,"",,,"",,,,"",,,"","","",,,"","",,5,,,,"","","",,,,,,,4,,"",,,,,,,,,,,"","",,,,,,,"","",,,"s",0.38,,"space",0.4233,,4,"blue_gnome",4,0,"dark_forest","red_basket","brown_gnome",4,5,"bright_forest","yellow_basket",0,0,0,1,"blue_gnome","dark_forest","red_basket",1080,1,1,11,5,93,7,1,"",,,"",,,"",,,"",,,"",,,,,,,"","",,,"",,,"",,,"",,,,,,,"",,,"","",,,,,,,,"",,,,,,,"",,,"","","",,,,,,,,"",,,,,,,
"","","",,"","","","","","","",,"","","","","","","",,"","","","","","","",,"","","","","","","",,"","","","","","","",,"","","","","","","",,"","","","","","","",,"","","","","",159986,1,"2024-05-21_19h20.35.819","experiment","2023.2.3","MacIntel",61.34969325,"5dc9e325ac77c76f8a335019","664cb95af670ddca0a461021","664ce0d2679c458e54512a83","",,,"",,,"",,,"",,,"",,,"",,,"",,,,,"",,,"",,,,"",,,"","","",,,"","",,5,,,,"","","",,,,,,,1,,"",,,,,,,,,,,"","",,,,,,,"","",,,"k",0.3409,,"space",0.2974,,1,"green_gnome",1,1,"dark_forest","red_basket","pink_gnome",1,6,"bright_forest","yellow_basket",30,0,0,1,"pink_gnome","bright_forest","yellow_basket",1110,3,4,11,6,94,4,1,"",,,"",,,"",,,"",,,"",,,,,,,"","",,,"",,,"",,,"",,,,,,,"",,,"","",,,,,,,,"",,,,,,,"",,,"","","",,,,,,,,"",,,,,,,
"","","",,"","","","","","","",,"","","","","","","",,"","","","","","","",,"","","","","","","",,"","","","","","","",,"","","","","","","",,"","","","","","","",,"","","","","",159986,1,"2024-05-21_19h20.35.819","experiment","2023.2.3","MacIntel",61.34969325,"5dc9e325ac77c76f8a335019","664cb95af670ddca0a461021","664ce0d2679c458e54512a83","",,,"",,,"",,,"",,,"",,,"",,,"",,,,,"",,,"",,,,"",,,"","","",,,"","",,1,,,,"","","",,,,,,,4,,"",,,,,,,,,,,"","",,,,,,,"","",,,"s",0.4247,,"space",0.4807,,4,"brown_gnome",4,9,"bright_forest","yellow_basket","blue_gnome",4,5,"dark_forest","red_basket",9,0,0,1,"brown_gnome","bright_forest","yellow_basket",1119,-2,-1,11,7,95,3,1,"",,,"",,,"",,,"",,,"",,,,,,,"","",,,"",,,"",,,"",,,,,,,"",,,"","",,,,,,,,"",,,,,,,"",,,"","","",,,,,,,,"",,,,,,,
"","","",,"","","","","","","",,"","","","","","","",,"","","","","","","",,"","","","","","","",,"","","","","","","",,"","","","","","","",,"","","","","","","",,"","","","","",159986,1,"2024-05-21_19h20.35.819","experiment","2023.2.3","MacIntel",61.34969325,"5dc9e325ac77c76f8a335019","664cb95af670ddca0a461021","664ce0d2679c458e54512a83","",,,"",,,"",,,"",,,"",,,"",,,"",,,,,"",,,"",,,,"",,,"","","",,,"","",,1,,,,"","","",,,,,,,3,,"",,,,,,,,,,,"","",,,,,,,"","",,,"k",0.4642,,"space",0.4636,,3,"red_gnome",3,4,"dark_forest","red_basket","yellow_gnome",3,7,"bright_forest","yellow_basket",7,0,0,1,"yellow_gnome","bright_forest","yellow_basket",1126,-1,1,12,0,96,2,1,"",,,"",,,"",,,"",,,"",,,,,,,"","",,,"",,,"",,,"",,,,,,,"",,,"","",,,,,,,,"",,,,,,,"",,,"","","",,,,,,,,"",,,,,,,
"","","",,"","","","","","","",,"","","","","","","",,"","","","","","","",,"","","","","","","",,"","","","","","","",,"","","","","","","",,"","","","","","","",,"","","","","",159986,1,"2024-05-21_19h20.35.819","experiment","2023.2.3","MacIntel",61.34969325,"5dc9e325ac77c76f8a335019","664cb95af670ddca0a461021","664ce0d2679c458e54512a83","",,,"",,,"",,,"",,,"",,,"",,,"",,,,,"",,,"",,,,"",,,"","","",,,"","",,5,,,,"","","",,,,,,,2,,"",,,,,,,,,,,"","",,,,,,,"","",,,"s",0.3967,,"space",0.4469,,2,"orange_gnome",2,6,"bright_forest","yellow_basket","purple_gnome",2,5,"dark_forest","red_basket",30,0,0,1,"orange_gnome","bright_forest","yellow_basket",1156,-1,-1,12,1,97,5,1,"",,,"",,,"",,,"",,,"",,,,,,,"","",,,"",,,"",,,"",,,,,,,"",,,"","",,,,,,,,"",,,,,,,"",,,"","","",,,,,,,,"",,,,,,,
"","","",,"","","","","","","",,"","","","","","","",,"","","","","","","",,"","","","","","","",,"","","","","","","",,"","","","","","","",,"","","","","","","",,"","","","","",159986,1,"2024-05-21_19h20.35.819","experiment","2023.2.3","MacIntel",61.34969325,"5dc9e325ac77c76f8a335019","664cb95af670ddca0a461021","664ce0d2679c458e54512a83","",,,"",,,"",,,"",,,"",,,"",,,"",,,,,"",,,"",,,,"",,,"","","",,,"","",,1,,,,"","","",,,,,,,4,,"",,,,,,,,,,,"","",,,,,,,"","",,,"k",0.3475,,"space",0.3787,,4,"blue_gnome",4,4,"dark_forest","red_basket","brown_gnome",4,5,"bright_forest","yellow_basket",5,0,0,1,"brown_gnome","bright_forest","yellow_basket",1161,2,1,12,2,98,3,1,"",,,"",,,"",,,"",,,"",,,,,,,"","",,,"",,,"",,,"",,,,,,,"",,,"","",,,,,,,,"",,,,,,,"",,,"","","",,,,,,,,"",,,,,,,
"","","",,"","","","","","","",,"","","","","","","",,"","","","","","","",,"","","","","","","",,"","","","","","","",,"","","","","","","",,"","","","","","","",,"","","","","",159986,1,"2024-05-21_19h20.35.819","experiment","2023.2.3","MacIntel",61.34969325,"5dc9e325ac77c76f8a335019","664cb95af670ddca0a461021","664ce0d2679c458e54512a83","",,,"",,,"",,,"",,,"",,,"",,,"",,,,,"",,,"",,,,"",,,"","","",,,"","",,1,,,,"","","",,,,,,,1,,"",,,,,,,,,,,"","",,,,,,,"","",,,"k",0.2803,,"space",0.2225,,1,"pink_gnome",1,7,"bright_forest","yellow_basket","green_gnome",1,5,"dark_forest","red_basket",5,0,0,1,"green_gnome","dark_forest","red_basket",1166,0,-2,12,3,99,0,1,"",,,"",,,"",,,"",,,"",,,,,,,"","",,,"",,,"",,,"",,,,,,,"",,,"","",,,,,,,,"",,,,,,,"",,,"","","",,,,,,,,"",,,,,,,
"","","",,"","","","","","","",,"","","","","","","",,"","","","","","","",,"","","","","","","",,"","","","","","","",,"","","","","","","",,"","","","","","","",,"","","","","",159986,1,"2024-05-21_19h20.35.819","experiment","2023.2.3","MacIntel",61.34969325,"5dc9e325ac77c76f8a335019","664cb95af670ddca0a461021","664ce0d2679c458e54512a83","",,,"",,,"",,,"",,,"",,,"",,,"",,,,,"",,,"",,,,"",,,"","","",,,"","",,1,,,,"","","",,,,,,,1,,"",,,,,,,,,,,"","",,,,,,,"","",,,"k",0.1747,,"space",0.1624,,1,"green_gnome",1,3,"dark_forest","red_basket","pink_gnome",1,7,"bright_forest","yellow_basket",7,0,0,1,"pink_gnome","bright_forest","yellow_basket",1173,3,-1,12,4,100,0,1,"",,,"",,,"",,,"",,,"",,,,,,,"","",,,"",,,"",,,"",,,,,,,"",,,"","",,,,,,,,"",,,,,,,"",,,"","","",,,,,,,,"",,,,,,,
"","","",,"","","","","","","",,"","","","","","","",,"","","","","","","",,"","","","","","","",,"","","","","","","",,"","","","","","","",,"","","","","","","",,"","","","","",159986,1,"2024-05-21_19h20.35.819","experiment","2023.2.3","MacIntel",61.34969325,"5dc9e325ac77c76f8a335019","664cb95af670ddca0a461021","664ce0d2679c458e54512a83","",,,"",,,"",,,"",,,"",,,"",,,"",,,,,"",,,"",,,,"",,,"","","",,,"","",,5,,,,"","","",,,,,,,1,,"",,,,,,,,,,,"","",,,,,,,"","",,,"s",0.4629,,"space",0.447,,1,"pink_gnome",1,8,"bright_forest","yellow_basket","green_gnome",1,2,"dark_forest","red_basket",40,0,0,1,"pink_gnome","bright_forest","yellow_basket",1213,-1,0,12,5,101,4,1,"",,,"",,,"",,,"",,,"",,,,,,,"","",,,"",,,"",,,"",,,,,,,"",,,"","",,,,,,,,"",,,,,,,"",,,"","","",,,,,,,,"",,,,,,,
"","","",,"","","","","","","",,"","","","","","","",,"","","","","","","",,"","","","","","","",,"","","","","","","",,"","","","","","","",,"","","","","","","",,"","","","","",159986,1,"2024-05-21_19h20.35.819","experiment","2023.2.3","MacIntel",61.34969325,"5dc9e325ac77c76f8a335019","664cb95af670ddca0a461021","664ce0d2679c458e54512a83","",,,"",,,"",,,"",,,"",,,"",,,"",,,,,"",,,"",,,,"",,,"","","",,,"","",,1,,,,"","","",,,,,,,4,,"",,,,,,,,,,,"","",,,,,,,"","",,,"k",0.4134,,"space",0.7961,,4,"brown_gnome",4,7,"bright_forest","yellow_basket","blue_gnome",4,2,"dark_forest","red_basket",2,0,0,1,"blue_gnome","dark_forest","red_basket",1215,-1,-2,12,6,102,3,1,"",,,"",,,"",,,"",,,"",,,,,,,"","",,,"",,,"",,,"",,,,,,,"",,,"","",,,,,,,,"",,,,,,,"",,,"","","",,,,,,,,"",,,,,,,
"","","",,"","","","","","","",,"","","","","","","",,"","","","","","","",,"","","","","","","",,"","","","","","","",,"","","","","","","",,"","","","","","","",,"","","","","",159986,1,"2024-05-21_19h20.35.819","experiment","2023.2.3","MacIntel",61.34969325,"5dc9e325ac77c76f8a335019","664cb95af670ddca0a461021","664ce0d2679c458e54512a83","",,,"",,,"",,,"",,,"",,,"",,,"",,,,,"",,,"",,,,"",,,"","","",,,"","",,1,,,,"","","",,,,,,,4,,"",,,,,,,,,,,"","",,,,,,,"","",,,"s",0.3583,,"space",0.38,,4,"blue_gnome",4,0,"dark_forest","red_basket","brown_gnome",4,6,"bright_forest","yellow_basket",0,0,0,1,"blue_gnome","dark_forest","red_basket",1215,2,3,12,7,103,3,1,"",,,"",,,"",,,"",,,"",,,,,,,"","",,,"",,,"",,,"",,,,,,,"",,,"","",,,,,,,,"",,,,,,,"",,,"","","",,,,,,,,"",,,,,,,
"","","",,"","","","","","","",,"","","","","","","",,"","","","","","","",,"","","","","","","",,"","","","","","","",,"","","","","","","",,"","","","","","","",,"","","","","",159986,1,"2024-05-21_19h20.35.819","experiment","2023.2.3","MacIntel",61.34969325,"5dc9e325ac77c76f8a335019","664cb95af670ddca0a461021","664ce0d2679c458e54512a83","",,,"",,,"",,,"",,,"",,,"",,,"",,,,,"",,,"",,,,"",,,"","","",,,"","",,5,,,,"","","",,,,,,,4,,"",,,,,,,,,,,"","",,,,,,,"","",,,"k",0.3304,,"space",0.4303,,4,"brown_gnome",4,8,"bright_forest","yellow_basket","blue_gnome",4,3,"dark_forest","red_basket",15,0,0,1,"blue_gnome","dark_forest","red_basket",1230,2,3,13,0,104,7,1,"",,,"",,,"",,,"",,,"",,,,,,,"","",,,"",,,"",,,"",,,,,,,"",,,"","",,,,,,,,"",,,,,,,"",,,"","","",,,,,,,,"",,,,,,,
"","","",,"","","","","","","",,"","","","","","","",,"","","","","","","",,"","","","","","","",,"","","","","","","",,"","","","","","","",,"","","","","","","",,"","","","","",159986,1,"2024-05-21_19h20.35.819","experiment","2023.2.3","MacIntel",61.34969325,"5dc9e325ac77c76f8a335019","664cb95af670ddca0a461021","664ce0d2679c458e54512a83","",,,"",,,"",,,"",,,"",,,"",,,"",,,,,"",,,"",,,,"",,,"","","",,,"","",,1,,,,"","","",,,,,,,1,,"",,,,,,,,,,,"","",,,,,,,"","",,,"k",0.3641,,"space",0.4235,,1,"pink_gnome",1,8,"bright_forest","yellow_basket","green_gnome",1,6,"dark_forest","red_basket",6,0,0,1,"green_gnome","dark_forest","red_basket",1236,1,4,13,1,105,0,1,"",,,"",,,"",,,"",,,"",,,,,,,"","",,,"",,,"",,,"",,,,,,,"",,,"","",,,,,,,,"",,,,,,,"",,,"","","",,,,,,,,"",,,,,,,
"","","",,"","","","","","","",,"","","","","","","",,"","","","","","","",,"","","","","","","",,"","","","","","","",,"","","","","","","",,"","","","","","","",,"","","","","",159986,1,"2024-05-21_19h20.35.819","experiment","2023.2.3","MacIntel",61.34969325,"5dc9e325ac77c76f8a335019","664cb95af670ddca0a461021","664ce0d2679c458e54512a83","",,,"",,,"",,,"",,,"",,,"",,,"",,,,,"",,,"",,,,"",,,"","","",,,"","",,1,,,,"","","",,,,,,,3,,"",,,,,,,,,,,"","",,,,,,,"","",,,"k",0.3126,,"space",0.4985,,3,"red_gnome",3,8,"dark_forest","red_basket","yellow_gnome",3,9,"bright_forest","yellow_basket",9,0,0,1,"yellow_gnome","bright_forest","yellow_basket",1245,2,-2,13,2,106,2,1,"",,,"",,,"",,,"",,,"",,,,,,,"","",,,"",,,"",,,"",,,,,,,"",,,"","",,,,,,,,"",,,,,,,"",,,"","","",,,,,,,,"",,,,,,,
"","","",,"","","","","","","",,"","","","","","","",,"","","","","","","",,"","","","","","","",,"","","","","","","",,"","","","","","","",,"","","","","","","",,"","","","","",159986,1,"2024-05-21_19h20.35.819","experiment","2023.2.3","MacIntel",61.34969325,"5dc9e325ac77c76f8a335019","664cb95af670ddca0a461021","664ce0d2679c458e54512a83","",,,"",,,"",,,"",,,"",,,"",,,"",,,,,"",,,"",,,,"",,,"","","",,,"","",,5,,,,"","","",,,,,,,1,,"",,,,,,,,,,,"","",,,,,,,"","",,,"k",0.4086,,"space",0.3301,,1,"pink_gnome",1,7,"bright_forest","yellow_basket","green_gnome",1,6,"dark_forest","red_basket",30,0,0,1,"green_gnome","dark_forest","red_basket",1275,0,0,13,3,107,4,1,"",,,"",,,"",,,"",,,"",,,,,,,"","",,,"",,,"",,,"",,,,,,,"",,,"","",,,,,,,,"",,,,,,,"",,,"","","",,,,,,,,"",,,,,,,
"","","",,"","","","","","","",,"","","","","","","",,"","","","","","","",,"","","","","","","",,"","","","","","","",,"","","","","","","",,"","","","","","","",,"","","","","",159986,1,"2024-05-21_19h20.35.819","experiment","2023.2.3","MacIntel",61.34969325,"5dc9e325ac77c76f8a335019","664cb95af670ddca0a461021","664ce0d2679c458e54512a83","",,,"",,,"",,,"",,,"",,,"",,,"",,,,,"",,,"",,,,"",,,"","","",,,"","",,5,,,,"","","",,,,,,,3,,"",,,,,,,,,,,"","",,,,,,,"","",,,"k",0.5476,,"space",0.4468,,3,"yellow_gnome",3,7,"bright_forest","yellow_basket","red_gnome",3,6,"dark_forest","red_basket",30,0,0,1,"red_gnome","dark_forest","red_basket",1305,0,2,13,4,108,6,1,"",,,"",,,"",,,"",,,"",,,,,,,"","",,,"",,,"",,,"",,,,,,,"",,,"","",,,,,,,,"",,,,,,,"",,,"","","",,,,,,,,"",,,,,,,
"","","",,"","","","","","","",,"","","","","","","",,"","","","","","","",,"","","","","","","",,"","","","","","","",,"","","","","","","",,"","","","","","","",,"","","","","",159986,1,"2024-05-21_19h20.35.819","experiment","2023.2.3","MacIntel",61.34969325,"5dc9e325ac77c76f8a335019","664cb95af670ddca0a461021","664ce0d2679c458e54512a83","",,,"",,,"",,,"",,,"",,,"",,,"",,,,,"",,,"",,,,"",,,"","","",,,"","",,5,,,,"","","",,,,,,,2,,"",,,,,,,,,,,"","",,,,,,,"","",,,"k",0.3582,,"space",0.3973,,2,"orange_gnome",2,7,"bright_forest","yellow_basket","purple_gnome",2,8,"dark_forest","red_basket",40,0,0,1,"purple_gnome","dark_forest","red_basket",1345,1,-1,13,5,109,5,1,"",,,"",,,"",,,"",,,"",,,,,,,"","",,,"",,,"",,,"",,,,,,,"",,,"","",,,,,,,,"",,,,,,,"",,,"","","",,,,,,,,"",,,,,,,
"","","",,"","","","","","","",,"","","","","","","",,"","","","","","","",,"","","","","","","",,"","","","","","","",,"","","","","","","",,"","","","","","","",,"","","","","",159986,1,"2024-05-21_19h20.35.819","experiment","2023.2.3","MacIntel",61.34969325,"5dc9e325ac77c76f8a335019","664cb95af670ddca0a461021","664ce0d2679c458e54512a83","",,,"",,,"",,,"",,,"",,,"",,,"",,,,,"",,,"",,,,"",,,"","","",,,"","",,1,,,,"","","",,,,,,,2,,"",,,,,,,,,,,"","",,,,,,,"","",,,"k",0.3905,,"space",0.5146,,2,"purple_gnome",2,7,"dark_forest","red_basket","orange_gnome",2,8,"bright_forest","yellow_basket",8,0,0,1,"orange_gnome","bright_forest","yellow_basket",1353,-1,-3,13,6,110,1,1,"",,,"",,,"",,,"",,,"",,,,,,,"","",,,"",,,"",,,"",,,,,,,"",,,"","",,,,,,,,"",,,,,,,"",,,"","","",,,,,,,,"",,,,,,,
"","","",,"","","","","","","",,"","","","","","","",,"","","","","","","",,"","","","","","","",,"","","","","","","",,"","","","","","","",,"","","","","","","",,"","","","","",159986,1,"2024-05-21_19h20.35.819","experiment","2023.2.3","MacIntel",61.34969325,"5dc9e325ac77c76f8a335019","664cb95af670ddca0a461021","664ce0d2679c458e54512a83","",,,"",,,"",,,"",,,"",,,"",,,"",,,,,"",,,"",,,,"",,,"","","",,,"","",,5,,,,"","","",,,,,,,2,,"",,,,,,,,,,,"","",,,,,,,"","",,,"s",0.4809,,"space",0.3306,,2,"purple_gnome",2,4,"dark_forest","red_basket","orange_gnome",2,7,"bright_forest","yellow_basket",20,0,0,1,"purple_gnome","dark_forest","red_basket",1373,-3,4,13,7,111,5,1,"",,,"",,,"",,,"",,,"",,,,,,,"","",,,"",,,"",,,"",,,,,,,"",,,"","",,,,,,,,"",,,,,,,"",,,"","","",,,,,,,,"",,,,,,,
"","","",,"","","","","","","",,"","","","","","","",,"","","","","","","",,"","","","","","","",,"","","","","","","",,"","","","","","","",,"","","","","","","",,"","","","","",159986,1,"2024-05-21_19h20.35.819","experiment","2023.2.3","MacIntel",61.34969325,"5dc9e325ac77c76f8a335019","664cb95af670ddca0a461021","664ce0d2679c458e54512a83","",,,"",,,"",,,"",,,"",,,"",,,"",,,,,"",,,"",,,,"",,,"","","",,,"","",,1,,,,"","","",,,,,,,2,,"",,,,,,,,,,,"","",,,,,,,"","",,,"k",0.3737,,"space",0.6141,,2,"purple_gnome",2,8,"dark_forest","red_basket","orange_gnome",2,4,"bright_forest","yellow_basket",4,0,0,1,"orange_gnome","bright_forest","yellow_basket",1377,3,-1,14,0,112,1,1,"",,,"",,,"",,,"",,,"",,,,,,,"","",,,"",,,"",,,"",,,,,,,"",,,"","",,,,,,,,"",,,,,,,"",,,"","","",,,,,,,,"",,,,,,,
"","","",,"","","","","","","",,"","","","","","","",,"","","","","","","",,"","","","","","","",,"","","","","","","",,"","","","","","","",,"","","","","","","",,"","","","","",159986,1,"2024-05-21_19h20.35.819","experiment","2023.2.3","MacIntel",61.34969325,"5dc9e325ac77c76f8a335019","664cb95af670ddca0a461021","664ce0d2679c458e54512a83","",,,"",,,"",,,"",,,"",,,"",,,"",,,,,"",,,"",,,,"",,,"","","",,,"","",,1,,,,"","","",,,,,,,2,,"",,,,,,,,,,,"","",,,,,,,"","",,,"s",0.4906,,"space",0.5305,,2,"purple_gnome",2,7,"dark_forest","red_basket","orange_gnome",2,7,"bright_forest","yellow_basket",7,0,0,1,"purple_gnome","dark_forest","red_basket",1384,0,-2,14,1,113,1,1,"",,,"",,,"",,,"",,,"",,,,,,,"","",,,"",,,"",,,"",,,,,,,"",,,"","",,,,,,,,"",,,,,,,"",,,"","","",,,,,,,,"",,,,,,,
"","","",,"","","","","","","",,"","","","","","","",,"","","","","","","",,"","","","","","","",,"","","","","","","",,"","","","","","","",,"","","","","","","",,"","","","","",159986,1,"2024-05-21_19h20.35.819","experiment","2023.2.3","MacIntel",61.34969325,"5dc9e325ac77c76f8a335019","664cb95af670ddca0a461021","664ce0d2679c458e54512a83","",,,"",,,"",,,"",,,"",,,"",,,"",,,,,"",,,"",,,,"",,,"","","",,,"","",,5,,,,"","","",,,,,,,1,,"",,,,,,,,,,,"","",,,,,,,"","",,,"k",0.3723,,"space",0.5314,,1,"green_gnome",1,5,"dark_forest","red_basket","pink_gnome",1,7,"bright_forest","yellow_basket",35,0,0,1,"pink_gnome","bright_forest","yellow_basket",1419,2,3,14,2,114,4,1,"",,,"",,,"",,,"",,,"",,,,,,,"","",,,"",,,"",,,"",,,,,,,"",,,"","",,,,,,,,"",,,,,,,"",,,"","","",,,,,,,,"",,,,,,,
"","","",,"","","","","","","",,"","","","","","","",,"","","","","","","",,"","","","","","","",,"","","","","","","",,"","","","","","","",,"","","","","","","",,"","","","","",159986,1,"2024-05-21_19h20.35.819","experiment","2023.2.3","MacIntel",61.34969325,"5dc9e325ac77c76f8a335019","664cb95af670ddca0a461021","664ce0d2679c458e54512a83","",,,"",,,"",,,"",,,"",,,"",,,"",,,,,"",,,"",,,,"",,,"","","",,,"","",,5,,,,"","","",,,,,,,1,,"",,,,,,,,,,,"","",,,,,,,"","",,,"s",0.4418,,"space",0.3468,,1,"green_gnome",1,8,"dark_forest","red_basket","pink_gnome",1,9,"bright_forest","yellow_basket",40,0,0,1,"green_gnome","dark_forest","red_basket",1459,1,1,14,3,115,4,1,"",,,"",,,"",,,"",,,"",,,,,,,"","",,,"",,,"",,,"",,,,,,,"",,,"","",,,,,,,,"",,,,,,,"",,,"","","",,,,,,,,"",,,,,,,
"","","",,"","","","","","","",,"","","","","","","",,"","","","","","","",,"","","","","","","",,"","","","","","","",,"","","","","","","",,"","","","","","","",,"","","","","",159986,1,"2024-05-21_19h20.35.819","experiment","2023.2.3","MacIntel",61.34969325,"5dc9e325ac77c76f8a335019","664cb95af670ddca0a461021","664ce0d2679c458e54512a83","",,,"",,,"",,,"",,,"",,,"",,,"",,,,,"",,,"",,,,"",,,"","","",,,"","",,1,,,,"","","",,,,,,,4,,"",,,,,,,,,,,"","",,,,,,,"","",,,"k",0.6308,,"space",0.4635,,4,"blue_gnome",4,9,"dark_forest","red_basket","brown_gnome",4,8,"bright_forest","yellow_basket",8,0,0,1,"brown_gnome","bright_forest","yellow_basket",1467,2,-1,14,4,116,3,1,"",,,"",,,"",,,"",,,"",,,,,,,"","",,,"",,,"",,,"",,,,,,,"",,,"","",,,,,,,,"",,,,,,,"",,,"","","",,,,,,,,"",,,,,,,
"","","",,"","","","","","","",,"","","","","","","",,"","","","","","","",,"","","","","","","",,"","","","","","","",,"","","","","","","",,"","","","","","","",,"","","","","",159986,1,"2024-05-21_19h20.35.819","experiment","2023.2.3","MacIntel",61.34969325,"5dc9e325ac77c76f8a335019","664cb95af670ddca0a461021","664ce0d2679c458e54512a83","",,,"",,,"",,,"",,,"",,,"",,,"",,,,,"",,,"",,,,"",,,"","","",,,"","",,1,,,,"","","",,,,,,,2,,"",,,,,,,,,,,"","",,,,,,,"","",,,"s",0.2063,,"space",0.5803,,2,"orange_gnome",2,8,"bright_forest","yellow_basket","purple_gnome",2,8,"dark_forest","red_basket",8,0,0,1,"orange_gnome","bright_forest","yellow_basket",1475,1,-3,14,5,117,1,1,"",,,"",,,"",,,"",,,"",,,,,,,"","",,,"",,,"",,,"",,,,,,,"",,,"","",,,,,,,,"",,,,,,,"",,,"","","",,,,,,,,"",,,,,,,
"","","",,"","","","","","","",,"","","","","","","",,"","","","","","","",,"","","","","","","",,"","","","","","","",,"","","","","","","",,"","","","","","","",,"","","","","",159986,1,"2024-05-21_19h20.35.819","experiment","2023.2.3","MacIntel",61.34969325,"5dc9e325ac77c76f8a335019","664cb95af670ddca0a461021","664ce0d2679c458e54512a83","",,,"",,,"",,,"",,,"",,,"",,,"",,,,,"",,,"",,,,"",,,"","","",,,"","",,5,,,,"","","",,,,,,,2,,"",,,,,,,,,,,"","",,,,,,,"","",,,"k",0.4749,,"space",0.3326,,2,"orange_gnome",2,9,"bright_forest","yellow_basket","purple_gnome",2,5,"dark_forest","red_basket",25,0,0,1,"purple_gnome","dark_forest","red_basket",1500,-4,4,14,6,118,5,1,"",,,"",,,"",,,"",,,"",,,,,,,"","",,,"",,,"",,,"",,,,,,,"",,,"","",,,,,,,,"",,,,,,,"",,,"","","",,,,,,,,"",,,,,,,
"","","",,"","","","","","","",,"","","","","","","",,"","","","","","","",,"","","","","","","",,"","","","","","","",,"","","","","","","",,"","","","","","","",,"","","","","",159986,1,"2024-05-21_19h20.35.819","experiment","2023.2.3","MacIntel",61.34969325,"5dc9e325ac77c76f8a335019","664cb95af670ddca0a461021","664ce0d2679c458e54512a83","",,,"",,,"",,,"",,,"",,,"",,,"",,,,,"",,,"",,,,"",,,"","","",,,"","",,5,,,,"","","",,,,,,,3,,"",,,,,,,,,,,"","",,,,,,,"","",,,"s",0.565,,"space",0.4139,,3,"red_gnome",3,9,"dark_forest","red_basket","yellow_gnome",3,5,"bright_forest","yellow_basket",45,0,0,1,"red_gnome","dark_forest","red_basket",1545,-1,-1,14,7,119,6,1,"",,,"",,,"",,,"",,,"",,,,,,,"","",,,"",,,"",,,"",,,,,,,"",,,"","",,,,,,,,"",,,,,,,"",,,"","","",,,,,,,,"",,,,,,,
"","","",,"","","","","","","",,"","","","","","","",,"","","","","","","",,"","","","","","","",,"","","","","","","",,"","","","","","","",,"","","","","","","",,"","","","","",159986,1,"2024-05-21_19h20.35.819","experiment","2023.2.3","MacIntel",61.34969325,"5dc9e325ac77c76f8a335019","664cb95af670ddca0a461021","664ce0d2679c458e54512a83","",,,"",,,"",,,"",,,"",,,"",,,"",,,,,"",,,"",,,,"",,,"","","",,,"","",,1,,,,"","","",,,,,,,4,,"",,,,,,,,,,,"","",,,,,,,"","",,,"k",0.6476,,"space",0.5518,,4,"brown_gnome",4,4,"bright_forest","yellow_basket","blue_gnome",4,8,"dark_forest","red_basket",8,0,0,1,"blue_gnome","dark_forest","red_basket",1553,-2,-1,15,0,120,3,1,"",,,"",,,"",,,"",,,"",,,,,,,"","",,,"",,,"",,,"",,,,,,,"",,,"","",,,,,,,,"",,,,,,,"",,,"","","",,,,,,,,"",,,,,,,
"","","",,"","","","","","","",,"","","","","","","",,"","","","","","","",,"","","","","","","",,"","","","","","","",,"","","","","","","",,"","","","","","","",,"","","","","",159986,1,"2024-05-21_19h20.35.819","experiment","2023.2.3","MacIntel",61.34969325,"5dc9e325ac77c76f8a335019","664cb95af670ddca0a461021","664ce0d2679c458e54512a83","",,,"",,,"",,,"",,,"",,,"",,,"",,,,,"",,,"",,,,"",,,"","","",,,"","",,1,,,,"","","",,,,,,,4,,"",,,,,,,,,,,"","",,,,,,,"","",,,"s",0.3649,,"space",0.5466,,4,"brown_gnome",4,2,"bright_forest","yellow_basket","blue_gnome",4,7,"dark_forest","red_basket",2,0,0,1,"brown_gnome","bright_forest","yellow_basket",1555,-2,-3,15,1,121,3,1,"",,,"",,,"",,,"",,,"",,,,,,,"","",,,"",,,"",,,"",,,,,,,"",,,"","",,,,,,,,"",,,,,,,"",,,"","","",,,,,,,,"",,,,,,,
"","","",,"","","","","","","",,"","","","","","","",,"","","","","","","",,"","","","","","","",,"","","","","","","",,"","","","","","","",,"","","","","","","",,"","","","","",159986,1,"2024-05-21_19h20.35.819","experiment","2023.2.3","MacIntel",61.34969325,"5dc9e325ac77c76f8a335019","664cb95af670ddca0a461021","664ce0d2679c458e54512a83","",,,"",,,"",,,"",,,"",,,"",,,"",,,,,"",,,"",,,,"",,,"","","",,,"","",,5,,,,"","","",,,,,,,2,,"",,,,,,,,,,,"","",,,,,,,"","",,,"k",0.3802,,"space",0.4656,,2,"orange_gnome",2,0,"bright_forest","yellow_basket","purple_gnome",2,4,"dark_forest","red_basket",20,0,0,1,"purple_gnome","dark_forest","red_basket",1575,-1,2,15,2,122,5,1,"",,,"",,,"",,,"",,,"",,,,,,,"","",,,"",,,"",,,"",,,,,,,"",,,"","",,,,,,,,"",,,,,,,"",,,"","","",,,,,,,,"",,,,,,,
"","","",,"","","","","","","",,"","","","","","","",,"","","","","","","",,"","","","","","","",,"","","","","","","",,"","","","","","","",,"","","","","","","",,"","","","","",159986,1,"2024-05-21_19h20.35.819","experiment","2023.2.3","MacIntel",61.34969325,"5dc9e325ac77c76f8a335019","664cb95af670ddca0a461021","664ce0d2679c458e54512a83","",,,"",,,"",,,"",,,"",,,"",,,"",,,,,"",,,"",,,,"",,,"","","",,,"","",,1,,,,"","","",,,,,,,1,,"",,,,,,,,,,,"","",,,,,,,"","",,,"s",0.4468,,"space",0.3971,,1,"green_gnome",1,6,"dark_forest","red_basket","pink_gnome",1,1,"bright_forest","yellow_basket",6,0,0,1,"green_gnome","dark_forest","red_basket",1581,5,1,15,3,123,0,1,"",,,"",,,"",,,"",,,"",,,,,,,"","",,,"",,,"",,,"",,,,,,,"",,,"","",,,,,,,,"",,,,,,,"",,,"","","",,,,,,,,"",,,,,,,
"","","",,"","","","","","","",,"","","","","","","",,"","","","","","","",,"","","","","","","",,"","","","","","","",,"","","","","","","",,"","","","","","","",,"","","","","",159986,1,"2024-05-21_19h20.35.819","experiment","2023.2.3","MacIntel",61.34969325,"5dc9e325ac77c76f8a335019","664cb95af670ddca0a461021","664ce0d2679c458e54512a83","",,,"",,,"",,,"",,,"",,,"",,,"",,,,,"",,,"",,,,"",,,"","","",,,"","",,1,,,,"","","",,,,,,,3,,"",,,,,,,,,,,"","",,,,,,,"","",,,"k",0.367,,"space",0.3956,,3,"yellow_gnome",3,6,"bright_forest","yellow_basket","red_gnome",3,7,"dark_forest","red_basket",7,0,0,1,"red_gnome","dark_forest","red_basket",1588,3,-2,15,4,124,2,1,"",,,"",,,"",,,"",,,"",,,,,,,"","",,,"",,,"",,,"",,,,,,,"",,,"","",,,,,,,,"",,,,,,,"",,,"","","",,,,,,,,"",,,,,,,
"","","",,"","","","","","","",,"","","","","","","",,"","","","","","","",,"","","","","","","",,"","","","","","","",,"","","","","","","",,"","","","","","","",,"","","","","",159986,1,"2024-05-21_19h20.35.819","experiment","2023.2.3","MacIntel",61.34969325,"5dc9e325ac77c76f8a335019","664cb95af670ddca0a461021","664ce0d2679c458e54512a83","",,,"",,,"",,,"",,,"",,,"",,,"",,,,,"",,,"",,,,"",,,"","","",,,"","",,1,,,,"","","",,,,,,,1,,"",,,,,,,,,,,"","",,,,,,,"","",,,"s",0.2801,,"space",0.5077,,1,"green_gnome",1,5,"dark_forest","red_basket","pink_gnome",1,9,"bright_forest","yellow_basket",5,0,0,1,"green_gnome","dark_forest","red_basket",1593,2,-1,15,5,125,0,1,"",,,"",,,"",,,"",,,"",,,,,,,"","",,,"",,,"",,,"",,,,,,,"",,,"","",,,,,,,,"",,,,,,,"",,,"","","",,,,,,,,"",,,,,,,
"","","",,"","","","","","","",,"","","","","","","",,"","","","","","","",,"","","","","","","",,"","","","","","","",,"","","","","","","",,"","","","","","","",,"","","","","",159986,1,"2024-05-21_19h20.35.819","experiment","2023.2.3","MacIntel",61.34969325,"5dc9e325ac77c76f8a335019","664cb95af670ddca0a461021","664ce0d2679c458e54512a83","",,,"",,,"",,,"",,,"",,,"",,,"",,,,,"",,,"",,,,"",,,"","","",,,"","",,1,,,,"","","",,,,,,,3,,"",,,,,,,,,,,"","",,,,,,,"","",,,"k",0.3635,,"space",0.2972,,3,"red_gnome",3,4,"dark_forest","red_basket","yellow_gnome",3,7,"bright_forest","yellow_basket",7,0,0,1,"yellow_gnome","bright_forest","yellow_basket",1600,1,-2,15,6,126,2,1,"",,,"",,,"",,,"",,,"",,,,,,,"","",,,"",,,"",,,"",,,,,,,"",,,"","",,,,,,,,"",,,,,,,"",,,"","","",,,,,,,,"",,,,,,,
"","","",,"","","","","","","",,"","","","","","","",,"","","","","","","",,"","","","","","","",,"","","","","","","",,"","","","","","","",,"","","","","","","",,"","","","","",159986,1,"2024-05-21_19h20.35.819","experiment","2023.2.3","MacIntel",61.34969325,"5dc9e325ac77c76f8a335019","664cb95af670ddca0a461021","664ce0d2679c458e54512a83","",,,"",,,"",,,"",,,"",,,"",,,"",,,,,"",,,"",,,,"",,,"","","",,,"","",,5,,,,"","","",,,,,,,3,,"",,,,,,,,,,,"","",,,,,,,"","",,,"s",0.824,,"space",0.7976,,3,"yellow_gnome",3,8,"bright_forest","yellow_basket","red_gnome",3,2,"dark_forest","red_basket",40,0,0,1,"yellow_gnome","bright_forest","yellow_basket",1640,-3,-3,15,7,127,6,1,"space",90.682,,"",,,"",,,"",,,"",,,,,,,"","",,,"",,,"",,,"",,,,,,,"",,,"","",,,,,,,,"",,,,,,,"",,,"","","",,,,,,,,"",,,,,,,
"","","",,"","","","","","","",,"","","","","","","",,"","","","","","","",,"","","","","","","",,"","","","","","","",,"","","","","","","",,"","","","","","","",,"","","","","",159986,1,"2024-05-21_19h20.35.819","experiment","2023.2.3","MacIntel",61.34969325,"5dc9e325ac77c76f8a335019","664cb95af670ddca0a461021","664ce0d2679c458e54512a83","",,,"",,,"",,,"",,,"",,,"",,,"",,,,,"",,,"",,,,"",,,"","","",,,"","",,1,,,,"","","",,,,,,,1,,"",,,,,,,,,,,"","",,,,,,,"","",,,"s",0.3963,,"space",0.3811,,1,"pink_gnome",1,5,"bright_forest","yellow_basket","green_gnome",1,1,"dark_forest","red_basket",5,0,0,1,"pink_gnome","bright_forest","yellow_basket",1645,-2,-3,16,0,128,0,1,"",,,"",,,"",,,"",,,"",,,,,,,"","",,,"",,,"",,,"",,,,,,,"",,,"","",,,,,,,,"",,,,,,,"",,,"","","",,,,,,,,"",,,,,,,
"","","",,"","","","","","","",,"","","","","","","",,"","","","","","","",,"","","","","","","",,"","","","","","","",,"","","","","","","",,"","","","","","","",,"","","","","",159986,1,"2024-05-21_19h20.35.819","experiment","2023.2.3","MacIntel",61.34969325,"5dc9e325ac77c76f8a335019","664cb95af670ddca0a461021","664ce0d2679c458e54512a83","",,,"",,,"",,,"",,,"",,,"",,,"",,,,,"",,,"",,,,"",,,"","","",,,"","",,1,,,,"","","",,,,,,,3,,"",,,,,,,,,,,"","",,,,,,,"","",,,"k",0.4236,,"space",0.4325,,3,"yellow_gnome",3,3,"bright_forest","yellow_basket","red_gnome",3,2,"dark_forest","red_basket",2,0,0,1,"red_gnome","dark_forest","red_basket",1647,1,0,16,1,129,2,1,"",,,"",,,"",,,"",,,"",,,,,,,"","",,,"",,,"",,,"",,,,,,,"",,,"","",,,,,,,,"",,,,,,,"",,,"","","",,,,,,,,"",,,,,,,
"","","",,"","","","","","","",,"","","","","","","",,"","","","","","","",,"","","","","","","",,"","","","","","","",,"","","","","","","",,"","","","","","","",,"","","","","",159986,1,"2024-05-21_19h20.35.819","experiment","2023.2.3","MacIntel",61.34969325,"5dc9e325ac77c76f8a335019","664cb95af670ddca0a461021","664ce0d2679c458e54512a83","",,,"",,,"",,,"",,,"",,,"",,,"",,,,,"",,,"",,,,"",,,"","","",,,"","",,1,,,,"","","",,,,,,,3,,"",,,,,,,,,,,"","",,,,,,,"","",,,"s",0.3972,,"space",0.3484,,3,"yellow_gnome",3,4,"bright_forest","yellow_basket","red_gnome",3,2,"dark_forest","red_basket",4,0,0,1,"yellow_gnome","bright_forest","yellow_basket",1651,-2,-2,16,2,130,2,1,"",,,"",,,"",,,"",,,"",,,,,,,"","",,,"",,,"",,,"",,,,,,,"",,,"","",,,,,,,,"",,,,,,,"",,,"","","",,,,,,,,"",,,,,,,
"","","",,"","","","","","","",,"","","","","","","",,"","","","","","","",,"","","","","","","",,"","","","","","","",,"","","","","","","",,"","","","","","","",,"","","","","",159986,1,"2024-05-21_19h20.35.819","experiment","2023.2.3","MacIntel",61.34969325,"5dc9e325ac77c76f8a335019","664cb95af670ddca0a461021","664ce0d2679c458e54512a83","",,,"",,,"",,,"",,,"",,,"",,,"",,,,,"",,,"",,,,"",,,"","","",,,"","",,1,,,,"","","",,,,,,,2,,"",,,,,,,,,,,"","",,,,,,,"","",,,"s",0.2889,,"space",0.4797,,2,"orange_gnome",2,2,"bright_forest","yellow_basket","purple_gnome",2,0,"dark_forest","red_basket",2,0,0,1,"orange_gnome","bright_forest","yellow_basket",1653,-1,3,16,3,131,1,1,"",,,"",,,"",,,"",,,"",,,,,,,"","",,,"",,,"",,,"",,,,,,,"",,,"","",,,,,,,,"",,,,,,,"",,,"","","",,,,,,,,"",,,,,,,
"","","",,"","","","","","","",,"","","","","","","",,"","","","","","","",,"","","","","","","",,"","","","","","","",,"","","","","","","",,"","","","","","","",,"","","","","",159986,1,"2024-05-21_19h20.35.819","experiment","2023.2.3","MacIntel",61.34969325,"5dc9e325ac77c76f8a335019","664cb95af670ddca0a461021","664ce0d2679c458e54512a83","",,,"",,,"",,,"",,,"",,,"",,,"",,,,,"",,,"",,,,"",,,"","","",,,"","",,1,,,,"","","",,,,,,,3,,"",,,,,,,,,,,"","",,,,,,,"","",,,"k",0.3304,,"space",0.331,,3,"yellow_gnome",3,1,"bright_forest","yellow_basket","red_gnome",3,3,"dark_forest","red_basket",3,0,0,1,"red_gnome","dark_forest","red_basket",1656,3,0,16,4,132,2,1,"",,,"",,,"",,,"",,,"",,,,,,,"","",,,"",,,"",,,"",,,,,,,"",,,"","",,,,,,,,"",,,,,,,"",,,"","","",,,,,,,,"",,,,,,,
"","","",,"","","","","","","",,"","","","","","","",,"","","","","","","",,"","","","","","","",,"","","","","","","",,"","","","","","","",,"","","","","","","",,"","","","","",159986,1,"2024-05-21_19h20.35.819","experiment","2023.2.3","MacIntel",61.34969325,"5dc9e325ac77c76f8a335019","664cb95af670ddca0a461021","664ce0d2679c458e54512a83","",,,"",,,"",,,"",,,"",,,"",,,"",,,,,"",,,"",,,,"",,,"","","",,,"","",,1,,,,"","","",,,,,,,2,,"",,,,,,,,,,,"","",,,,,,,"","",,,"k",0.2958,,"space",0.4129,,2,"orange_gnome",2,4,"bright_forest","yellow_basket","purple_gnome",2,3,"dark_forest","red_basket",3,0,0,1,"purple_gnome","dark_forest","red_basket",1659,0,1,16,5,133,1,1,"",,,"",,,"",,,"",,,"",,,,,,,"","",,,"",,,"",,,"",,,,,,,"",,,"","",,,,,,,,"",,,,,,,"",,,"","","",,,,,,,,"",,,,,,,
"","","",,"","","","","","","",,"","","","","","","",,"","","","","","","",,"","","","","","","",,"","","","","","","",,"","","","","","","",,"","","","","","","",,"","","","","",159986,1,"2024-05-21_19h20.35.819","experiment","2023.2.3","MacIntel",61.34969325,"5dc9e325ac77c76f8a335019","664cb95af670ddca0a461021","664ce0d2679c458e54512a83","",,,"",,,"",,,"",,,"",,,"",,,"",,,,,"",,,"",,,,"",,,"","","",,,"","",,1,,,,"","","",,,,,,,1,,"",,,,,,,,,,,"","",,,,,,,"","",,,"k",0.3398,,"space",0.5804,,1,"green_gnome",1,4,"dark_forest","red_basket","pink_gnome",1,4,"bright_forest","yellow_basket",4,0,0,1,"pink_gnome","bright_forest","yellow_basket",1663,0,1,16,6,134,0,1,"",,,"",,,"",,,"",,,"",,,,,,,"","",,,"",,,"",,,"",,,,,,,"",,,"","",,,,,,,,"",,,,,,,"",,,"","","",,,,,,,,"",,,,,,,
"","","",,"","","","","","","",,"","","","","","","",,"","","","","","","",,"","","","","","","",,"","","","","","","",,"","","","","","","",,"","","","","","","",,"","","","","",159986,1,"2024-05-21_19h20.35.819","experiment","2023.2.3","MacIntel",61.34969325,"5dc9e325ac77c76f8a335019","664cb95af670ddca0a461021","664ce0d2679c458e54512a83","",,,"",,,"",,,"",,,"",,,"",,,"",,,,,"",,,"",,,,"",,,"","","",,,"","",,1,,,,"","","",,,,,,,4,,"",,,,,,,,,,,"","",,,,,,,"","",,,"k",0.3363,,"space",0.364,,4,"blue_gnome",4,5,"dark_forest","red_basket","brown_gnome",4,4,"bright_forest","yellow_basket",4,0,0,1,"brown_gnome","bright_forest","yellow_basket",1667,-1,4,16,7,135,3,1,"",,,"",,,"",,,"",,,"",,,,,,,"","",,,"",,,"",,,"",,,,,,,"",,,"","",,,,,,,,"",,,,,,,"",,,"","","",,,,,,,,"",,,,,,,
"","","",,"","","","","","","",,"","","","","","","",,"","","","","","","",,"","","","","","","",,"","","","","","","",,"","","","","","","",,"","","","","","","",,"","","","","",159986,1,"2024-05-21_19h20.35.819","experiment","2023.2.3","MacIntel",61.34969325,"5dc9e325ac77c76f8a335019","664cb95af670ddca0a461021","664ce0d2679c458e54512a83","",,,"",,,"",,,"",,,"",,,"",,,"",,,,,"",,,"",,,,"",,,"","","",,,"","",,5,,,,"","","",,,,,,,1,,"",,,,,,,,,,,"","",,,,,,,"","",,,"k",0.0926,,"space",0.4305,,1,"green_gnome",1,9,"dark_forest","red_basket","pink_gnome",1,3,"bright_forest","yellow_basket",15,0,0,1,"pink_gnome","bright_forest","yellow_basket",1682,0,1,17,0,136,4,1,"",,,"",,,"",,,"",,,"",,,,,,,"","",,,"",,,"",,,"",,,,,,,"",,,"","",,,,,,,,"",,,,,,,"",,,"","","",,,,,,,,"",,,,,,,
"","","",,"","","","","","","",,"","","","","","","",,"","","","","","","",,"","","","","","","",,"","","","","","","",,"","","","","","","",,"","","","","","","",,"","","","","",159986,1,"2024-05-21_19h20.35.819","experiment","2023.2.3","MacIntel",61.34969325,"5dc9e325ac77c76f8a335019","664cb95af670ddca0a461021","664ce0d2679c458e54512a83","",,,"",,,"",,,"",,,"",,,"",,,"",,,,,"",,,"",,,,"",,,"","","",,,"","",,1,,,,"","","",,,,,,,2,,"",,,,,,,,,,,"","",,,,,,,"","",,,"k",0.0479,,"space",0.2827,,2,"purple_gnome",2,8,"dark_forest","red_basket","orange_gnome",2,3,"bright_forest","yellow_basket",3,0,0,1,"orange_gnome","bright_forest","yellow_basket",1685,3,5,17,1,137,1,1,"",,,"",,,"",,,"",,,"",,,,,,,"","",,,"",,,"",,,"",,,,,,,"",,,"","",,,,,,,,"",,,,,,,"",,,"","","",,,,,,,,"",,,,,,,
"","","",,"","","","","","","",,"","","","","","","",,"","","","","","","",,"","","","","","","",,"","","","","","","",,"","","","","","","",,"","","","","","","",,"","","","","",159986,1,"2024-05-21_19h20.35.819","experiment","2023.2.3","MacIntel",61.34969325,"5dc9e325ac77c76f8a335019","664cb95af670ddca0a461021","664ce0d2679c458e54512a83","",,,"",,,"",,,"",,,"",,,"",,,"",,,,,"",,,"",,,,"",,,"","","",,,"","",,1,,,,"","","",,,,,,,2,,"",,,,,,,,,,,"","",,,,,,,"","",,,"s",0.2975,,"space",0.4561,,2,"purple_gnome",2,5,"dark_forest","red_basket","orange_gnome",2,6,"bright_forest","yellow_basket",5,0,0,1,"purple_gnome","dark_forest","red_basket",1690,-1,2,17,2,138,1,1,"",,,"",,,"",,,"",,,"",,,,,,,"","",,,"",,,"",,,"",,,,,,,"",,,"","",,,,,,,,"",,,,,,,"",,,"","","",,,,,,,,"",,,,,,,
"","","",,"","","","","","","",,"","","","","","","",,"","","","","","","",,"","","","","","","",,"","","","","","","",,"","","","","","","",,"","","","","","","",,"","","","","",159986,1,"2024-05-21_19h20.35.819","experiment","2023.2.3","MacIntel",61.34969325,"5dc9e325ac77c76f8a335019","664cb95af670ddca0a461021","664ce0d2679c458e54512a83","",,,"",,,"",,,"",,,"",,,"",,,"",,,,,"",,,"",,,,"",,,"","","",,,"","",,1,,,,"","","",,,,,,,3,,"",,,,,,,,,,,"","",,,,,,,"","",,,"s",0.2464,,"space",0.8642,,3,"yellow_gnome",3,5,"bright_forest","yellow_basket","red_gnome",3,7,"dark_forest","red_basket",5,0,0,1,"yellow_gnome","bright_forest","yellow_basket",1695,4,-1,17,3,139,2,1,"",,,"",,,"",,,"",,,"",,,,,,,"","",,,"",,,"",,,"",,,,,,,"",,,"","",,,,,,,,"",,,,,,,"",,,"","","",,,,,,,,"",,,,,,,
"","","",,"","","","","","","",,"","","","","","","",,"","","","","","","",,"","","","","","","",,"","","","","","","",,"","","","","","","",,"","","","","","","",,"","","","","",159986,1,"2024-05-21_19h20.35.819","experiment","2023.2.3","MacIntel",61.34969325,"5dc9e325ac77c76f8a335019","664cb95af670ddca0a461021","664ce0d2679c458e54512a83","",,,"",,,"",,,"",,,"",,,"",,,"",,,,,"",,,"",,,,"",,,"","","",,,"","",,5,,,,"","","",,,,,,,1,,"",,,,,,,,,,,"","",,,,,,,"","",,,"k",0.3801,,"space",0.3466,,1,"pink_gnome",1,9,"bright_forest","yellow_basket","green_gnome",1,6,"dark_forest","red_basket",30,0,0,1,"green_gnome","dark_forest","red_basket",1725,0,0,17,4,140,4,1,"",,,"",,,"",,,"",,,"",,,,,,,"","",,,"",,,"",,,"",,,,,,,"",,,"","",,,,,,,,"",,,,,,,"",,,"","","",,,,,,,,"",,,,,,,
"","","",,"","","","","","","",,"","","","","","","",,"","","","","","","",,"","","","","","","",,"","","","","","","",,"","","","","","","",,"","","","","","","",,"","","","","",159986,1,"2024-05-21_19h20.35.819","experiment","2023.2.3","MacIntel",61.34969325,"5dc9e325ac77c76f8a335019","664cb95af670ddca0a461021","664ce0d2679c458e54512a83","",,,"",,,"",,,"",,,"",,,"",,,"",,,,,"",,,"",,,,"",,,"","","",,,"","",,1,,,,"","","",,,,,,,1,,"",,,,,,,,,,,"","",,,,,,,"","",,,"k",0.2918,,"space",0.8648,,1,"pink_gnome",1,9,"bright_forest","yellow_basket","green_gnome",1,6,"dark_forest","red_basket",6,0,0,1,"green_gnome","dark_forest","red_basket",1731,2,1,17,5,141,0,1,"",,,"",,,"",,,"",,,"",,,,,,,"","",,,"",,,"",,,"",,,,,,,"",,,"","",,,,,,,,"",,,,,,,"",,,"","","",,,,,,,,"",,,,,,,
"","","",,"","","","","","","",,"","","","","","","",,"","","","","","","",,"","","","","","","",,"","","","","","","",,"","","","","","","",,"","","","","","","",,"","","","","",159986,1,"2024-05-21_19h20.35.819","experiment","2023.2.3","MacIntel",61.34969325,"5dc9e325ac77c76f8a335019","664cb95af670ddca0a461021","664ce0d2679c458e54512a83","",,,"",,,"",,,"",,,"",,,"",,,"",,,,,"",,,"",,,,"",,,"","","",,,"","",,5,,,,"","","",,,,,,,2,,"",,,,,,,,,,,"","",,,,,,,"","",,,"s",0.4978,,"space",0.6173,,2,"purple_gnome",2,7,"dark_forest","red_basket","orange_gnome",2,7,"bright_forest","yellow_basket",35,0,0,1,"purple_gnome","dark_forest","red_basket",1766,0,-2,17,6,142,5,1,"",,,"",,,"",,,"",,,"",,,,,,,"","",,,"",,,"",,,"",,,,,,,"",,,"","",,,,,,,,"",,,,,,,"",,,"","","",,,,,,,,"",,,,,,,
"","","",,"","","","","","","",,"","","","","","","",,"","","","","","","",,"","","","","","","",,"","","","","","","",,"","","","","","","",,"","","","","","","",,"","","","","",159986,1,"2024-05-21_19h20.35.819","experiment","2023.2.3","MacIntel",61.34969325,"5dc9e325ac77c76f8a335019","664cb95af670ddca0a461021","664ce0d2679c458e54512a83","",,,"",,,"",,,"",,,"",,,"",,,"",,,,,"",,,"",,,,"",,,"","","",,,"","",,5,,,,"","","",,,,,,,1,,"",,,,,,,,,,,"","",,,,,,,"","",,,"k",0.5739,,"space",0.7151,,1,"green_gnome",1,5,"dark_forest","red_basket","pink_gnome",1,7,"bright_forest","yellow_basket",35,0,0,1,"pink_gnome","bright_forest","yellow_basket",1801,-2,-2,17,7,143,4,1,"",,,"",,,"",,,"",,,"",,,,,,,"","",,,"",,,"",,,"",,,,,,,"",,,"","",,,,,,,,"",,,,,,,"",,,"","","",,,,,,,,"",,,,,,,
"","","",,"","","","","","","",,"","","","","","","",,"","","","","","","",,"","","","","","","",,"","","","","","","",,"","","","","","","",,"","","","","","","",,"","","","","",159986,1,"2024-05-21_19h20.35.819","experiment","2023.2.3","MacIntel",61.34969325,"5dc9e325ac77c76f8a335019","664cb95af670ddca0a461021","664ce0d2679c458e54512a83","",,,"",,,"",,,"",,,"",,,"",,,"",,,,,"",,,"",,,,"",,,"","","",,,"","",,5,,,,"","","",,,,,,,2,,"",,,,,,,,,,,"","",,,,,,,"","",,,"k",0.7137,,"space",0.7308,,2,"orange_gnome",2,5,"bright_forest","yellow_basket","purple_gnome",2,3,"dark_forest","red_basket",15,0,0,1,"purple_gnome","dark_forest","red_basket",1816,1,-1,18,0,144,5,1,"",,,"",,,"",,,"",,,"",,,,,,,"","",,,"",,,"",,,"",,,,,,,"",,,"","",,,,,,,,"",,,,,,,"",,,"","","",,,,,,,,"",,,,,,,
"","","",,"","","","","","","",,"","","","","","","",,"","","","","","","",,"","","","","","","",,"","","","","","","",,"","","","","","","",,"","","","","","","",,"","","","","",159986,1,"2024-05-21_19h20.35.819","experiment","2023.2.3","MacIntel",61.34969325,"5dc9e325ac77c76f8a335019","664cb95af670ddca0a461021","664ce0d2679c458e54512a83","",,,"",,,"",,,"",,,"",,,"",,,"",,,,,"",,,"",,,,"",,,"","","",,,"","",,5,,,,"","","",,,,,,,4,,"",,,,,,,,,,,"","",,,,,,,"","",,,"k",0.6803,,"space",0.7965,,4,"blue_gnome",4,2,"dark_forest","red_basket","brown_gnome",4,6,"bright_forest","yellow_basket",30,0,0,1,"brown_gnome","bright_forest","yellow_basket",1846,2,-1,18,1,145,7,1,"",,,"",,,"",,,"",,,"",,,,,,,"","",,,"",,,"",,,"",,,,,,,"",,,"","",,,,,,,,"",,,,,,,"",,,"","","",,,,,,,,"",,,,,,,
"","","",,"","","","","","","",,"","","","","","","",,"","","","","","","",,"","","","","","","",,"","","","","","","",,"","","","","","","",,"","","","","","","",,"","","","","",159986,1,"2024-05-21_19h20.35.819","experiment","2023.2.3","MacIntel",61.34969325,"5dc9e325ac77c76f8a335019","664cb95af670ddca0a461021","664ce0d2679c458e54512a83","",,,"",,,"",,,"",,,"",,,"",,,"",,,,,"",,,"",,,,"",,,"","","",,,"","",,5,,,,"","","",,,,,,,4,,"",,,,,,,,,,,"","",,,,,,,"","",,,"s",0.3499,,"space",0.6161,,4,"brown_gnome",4,8,"bright_forest","yellow_basket","blue_gnome",4,1,"dark_forest","red_basket",40,0,0,1,"brown_gnome","bright_forest","yellow_basket",1886,3,-5,18,2,146,7,1,"",,,"",,,"",,,"",,,"",,,,,,,"","",,,"",,,"",,,"",,,,,,,"",,,"","",,,,,,,,"",,,,,,,"",,,"","","",,,,,,,,"",,,,,,,
"","","",,"","","","","","","",,"","","","","","","",,"","","","","","","",,"","","","","","","",,"","","","","","","",,"","","","","","","",,"","","","","","","",,"","","","","",159986,1,"2024-05-21_19h20.35.819","experiment","2023.2.3","MacIntel",61.34969325,"5dc9e325ac77c76f8a335019","664cb95af670ddca0a461021","664ce0d2679c458e54512a83","",,,"",,,"",,,"",,,"",,,"",,,"",,,,,"",,,"",,,,"",,,"","","",,,"","",,5,,,,"","","",,,,,,,1,,"",,,,,,,,,,,"","",,,,,,,"","",,,"s",0.5746,,"space",0.5806,,1,"green_gnome",1,4,"dark_forest","red_basket","pink_gnome",1,7,"bright_forest","yellow_basket",20,0,0,1,"green_gnome","dark_forest","red_basket",1906,-4,-1,18,3,147,4,1,"",,,"",,,"",,,"",,,"",,,,,,,"","",,,"",,,"",,,"",,,,,,,"",,,"","",,,,,,,,"",,,,,,,"",,,"","","",,,,,,,,"",,,,,,,
"","","",,"","","","","","","",,"","","","","","","",,"","","","","","","",,"","","","","","","",,"","","","","","","",,"","","","","","","",,"","","","","","","",,"","","","","",159986,1,"2024-05-21_19h20.35.819","experiment","2023.2.3","MacIntel",61.34969325,"5dc9e325ac77c76f8a335019","664cb95af670ddca0a461021","664ce0d2679c458e54512a83","",,,"",,,"",,,"",,,"",,,"",,,"",,,,,"",,,"",,,,"",,,"","","",,,"","",,1,,,,"","","",,,,,,,1,,"",,,,,,,,,,,"","",,,,,,,"","",,,"k",0.408,,"space",0.5468,,1,"pink_gnome",1,3,"bright_forest","yellow_basket","green_gnome",1,3,"dark_forest","red_basket",3,0,0,1,"green_gnome","dark_forest","red_basket",1909,3,1,18,4,148,0,1,"",,,"",,,"",,,"",,,"",,,,,,,"","",,,"",,,"",,,"",,,,,,,"",,,"","",,,,,,,,"",,,,,,,"",,,"","","",,,,,,,,"",,,,,,,
"","","",,"","","","","","","",,"","","","","","","",,"","","","","","","",,"","","","","","","",,"","","","","","","",,"","","","","","","",,"","","","","","","",,"","","","","",159986,1,"2024-05-21_19h20.35.819","experiment","2023.2.3","MacIntel",61.34969325,"5dc9e325ac77c76f8a335019","664cb95af670ddca0a461021","664ce0d2679c458e54512a83","",,,"",,,"",,,"",,,"",,,"",,,"",,,,,"",,,"",,,,"",,,"","","",,,"","",,1,,,,"","","",,,,,,,1,,"",,,,,,,,,,,"","",,,,,,,"","",,,"k",0.3971,,"space",0.4312,,1,"pink_gnome",1,6,"bright_forest","yellow_basket","green_gnome",1,4,"dark_forest","red_basket",4,0,0,1,"green_gnome","dark_forest","red_basket",1913,2,-2,18,5,149,0,1,"",,,"",,,"",,,"",,,"",,,,,,,"","",,,"",,,"",,,"",,,,,,,"",,,"","",,,,,,,,"",,,,,,,"",,,"","","",,,,,,,,"",,,,,,,
"","","",,"","","","","","","",,"","","","","","","",,"","","","","","","",,"","","","","","","",,"","","","","","","",,"","","","","","","",,"","","","","","","",,"","","","","",159986,1,"2024-05-21_19h20.35.819","experiment","2023.2.3","MacIntel",61.34969325,"5dc9e325ac77c76f8a335019","664cb95af670ddca0a461021","664ce0d2679c458e54512a83","",,,"",,,"",,,"",,,"",,,"",,,"",,,,,"",,,"",,,,"",,,"","","",,,"","",,5,,,,"","","",,,,,,,1,,"",,,,,,,,,,,"","",,,,,,,"","",,,"s",0.1579,,"space",0.4152,,1,"pink_gnome",1,8,"bright_forest","yellow_basket","green_gnome",1,2,"dark_forest","red_basket",40,0,0,1,"pink_gnome","bright_forest","yellow_basket",1953,1,0,18,6,150,4,1,"",,,"",,,"",,,"",,,"",,,,,,,"","",,,"",,,"",,,"",,,,,,,"",,,"","",,,,,,,,"",,,,,,,"",,,"","","",,,,,,,,"",,,,,,,
"","","",,"","","","","","","",,"","","","","","","",,"","","","","","","",,"","","","","","","",,"","","","","","","",,"","","","","","","",,"","","","","","","",,"","","","","",159986,1,"2024-05-21_19h20.35.819","experiment","2023.2.3","MacIntel",61.34969325,"5dc9e325ac77c76f8a335019","664cb95af670ddca0a461021","664ce0d2679c458e54512a83","",,,"",,,"",,,"",,,"",,,"",,,"",,,,,"",,,"",,,,"",,,"","","",,,"","",,5,,,,"","","",,,,,,,4,,"",,,,,,,,,,,"","",,,,,,,"","",,,"k",0.4295,,"space",0.4132,,4,"brown_gnome",4,9,"bright_forest","yellow_basket","blue_gnome",4,2,"dark_forest","red_basket",10,0,0,1,"blue_gnome","dark_forest","red_basket",1963,0,2,18,7,151,7,1,"",,,"",,,"",,,"",,,"",,,,,,,"","",,,"",,,"",,,"",,,,,,,"",,,"","",,,,,,,,"",,,,,,,"",,,"","","",,,,,,,,"",,,,,,,
"","","",,"","","","","","","",,"","","","","","","",,"","","","","","","",,"","","","","","","",,"","","","","","","",,"","","","","","","",,"","","","","","","",,"","","","","",159986,1,"2024-05-21_19h20.35.819","experiment","2023.2.3","MacIntel",61.34969325,"5dc9e325ac77c76f8a335019","664cb95af670ddca0a461021","664ce0d2679c458e54512a83","",,,"",,,"",,,"",,,"",,,"",,,"",,,,,"",,,"",,,,"",,,"","","",,,"","",,5,,,,"","","",,,,,,,3,,"",,,,,,,,,,,"","",,,,,,,"","",,,"s",0.3464,,"space",0.4332,,3,"red_gnome",3,4,"dark_forest","red_basket","yellow_gnome",3,9,"bright_forest","yellow_basket",20,0,0,1,"red_gnome","dark_forest","red_basket",1983,-2,-1,19,0,152,6,1,"",,,"",,,"",,,"",,,"",,,,,,,"","",,,"",,,"",,,"",,,,,,,"",,,"","",,,,,,,,"",,,,,,,"",,,"","","",,,,,,,,"",,,,,,,
"","","",,"","","","","","","",,"","","","","","","",,"","","","","","","",,"","","","","","","",,"","","","","","","",,"","","","","","","",,"","","","","","","",,"","","","","",159986,1,"2024-05-21_19h20.35.819","experiment","2023.2.3","MacIntel",61.34969325,"5dc9e325ac77c76f8a335019","664cb95af670ddca0a461021","664ce0d2679c458e54512a83","",,,"",,,"",,,"",,,"",,,"",,,"",,,,,"",,,"",,,,"",,,"","","",,,"","",,1,,,,"","","",,,,,,,3,,"",,,,,,,,,,,"","",,,,,,,"","",,,"k",0.3971,,"space",0.3985,,3,"red_gnome",3,3,"dark_forest","red_basket","yellow_gnome",3,7,"bright_forest","yellow_basket",7,0,0,1,"yellow_gnome","bright_forest","yellow_basket",1990,0,-2,19,1,153,2,1,"",,,"",,,"",,,"",,,"",,,,,,,"","",,,"",,,"",,,"",,,,,,,"",,,"","",,,,,,,,"",,,,,,,"",,,"","","",,,,,,,,"",,,,,,,
"","","",,"","","","","","","",,"","","","","","","",,"","","","","","","",,"","","","","","","",,"","","","","","","",,"","","","","","","",,"","","","","","","",,"","","","","",159986,1,"2024-05-21_19h20.35.819","experiment","2023.2.3","MacIntel",61.34969325,"5dc9e325ac77c76f8a335019","664cb95af670ddca0a461021","664ce0d2679c458e54512a83","",,,"",,,"",,,"",,,"",,,"",,,"",,,,,"",,,"",,,,"",,,"","","",,,"","",,5,,,,"","","",,,,,,,4,,"",,,,,,,,,,,"","",,,,,,,"","",,,"k",0.4302,,"space",0.4474,,4,"brown_gnome",4,7,"bright_forest","yellow_basket","blue_gnome",4,1,"dark_forest","red_basket",5,0,0,1,"blue_gnome","dark_forest","red_basket",1995,-1,-1,19,2,154,7,1,"",,,"",,,"",,,"",,,"",,,,,,,"","",,,"",,,"",,,"",,,,,,,"",,,"","",,,,,,,,"",,,,,,,"",,,"","","",,,,,,,,"",,,,,,,
"","","",,"","","","","","","",,"","","","","","","",,"","","","","","","",,"","","","","","","",,"","","","","","","",,"","","","","","","",,"","","","","","","",,"","","","","",159986,1,"2024-05-21_19h20.35.819","experiment","2023.2.3","MacIntel",61.34969325,"5dc9e325ac77c76f8a335019","664cb95af670ddca0a461021","664ce0d2679c458e54512a83","",,,"",,,"",,,"",,,"",,,"",,,"",,,,,"",,,"",,,,"",,,"","","",,,"","",,5,,,,"","","",,,,,,,2,,"",,,,,,,,,,,"","",,,,,,,"","",,,"k",0.4083,,"space",0.6132,,2,"orange_gnome",2,6,"bright_forest","yellow_basket","purple_gnome",2,0,"dark_forest","red_basket",0,0,0,1,"purple_gnome","dark_forest","red_basket",1995,-2,-1,19,3,155,5,1,"",,,"",,,"",,,"",,,"",,,,,,,"","",,,"",,,"",,,"",,,,,,,"",,,"","",,,,,,,,"",,,,,,,"",,,"","","",,,,,,,,"",,,,,,,
"","","",,"","","","","","","",,"","","","","","","",,"","","","","","","",,"","","","","","","",,"","","","","","","",,"","","","","","","",,"","","","","","","",,"","","","","",159986,1,"2024-05-21_19h20.35.819","experiment","2023.2.3","MacIntel",61.34969325,"5dc9e325ac77c76f8a335019","664cb95af670ddca0a461021","664ce0d2679c458e54512a83","",,,"",,,"",,,"",,,"",,,"",,,"",,,,,"",,,"",,,,"",,,"","","",,,"","",,5,,,,"","","",,,,,,,4,,"",,,,,,,,,,,"","",,,,,,,"","",,,"s",0.3472,,"space",0.814,,4,"brown_gnome",4,4,"bright_forest","yellow_basket","blue_gnome",4,1,"dark_forest","red_basket",20,0,0,1,"brown_gnome","bright_forest","yellow_basket",2015,-1,2,19,4,156,7,1,"",,,"",,,"",,,"",,,"",,,,,,,"","",,,"",,,"",,,"",,,,,,,"",,,"","",,,,,,,,"",,,,,,,"",,,"","","",,,,,,,,"",,,,,,,
"","","",,"","","","","","","",,"","","","","","","",,"","","","","","","",,"","","","","","","",,"","","","","","","",,"","","","","","","",,"","","","","","","",,"","","","","",159986,1,"2024-05-21_19h20.35.819","experiment","2023.2.3","MacIntel",61.34969325,"5dc9e325ac77c76f8a335019","664cb95af670ddca0a461021","664ce0d2679c458e54512a83","",,,"",,,"",,,"",,,"",,,"",,,"",,,,,"",,,"",,,,"",,,"","","",,,"","",,1,,,,"","","",,,,,,,2,,"",,,,,,,,,,,"","",,,,,,,"","",,,"k",0.4626,,"space",0.5142,,2,"purple_gnome",2,3,"dark_forest","red_basket","orange_gnome",2,3,"bright_forest","yellow_basket",3,0,0,1,"orange_gnome","bright_forest","yellow_basket",2018,-4,-2,19,5,157,1,1,"",,,"",,,"",,,"",,,"",,,,,,,"","",,,"",,,"",,,"",,,,,,,"",,,"","",,,,,,,,"",,,,,,,"",,,"","","",,,,,,,,"",,,,,,,
"","","",,"","","","","","","",,"","","","","","","",,"","","","","","","",,"","","","","","","",,"","","","","","","",,"","","","","","","",,"","","","","","","",,"","","","","",159986,1,"2024-05-21_19h20.35.819","experiment","2023.2.3","MacIntel",61.34969325,"5dc9e325ac77c76f8a335019","664cb95af670ddca0a461021","664ce0d2679c458e54512a83","",,,"",,,"",,,"",,,"",,,"",,,"",,,,,"",,,"",,,,"",,,"","","",,,"","",,1,,,,"","","",,,,,,,2,,"",,,,,,,,,,,"","",,,,,,,"","",,,"s",0.3919,,"space",0.6146,,2,"purple_gnome",2,1,"dark_forest","red_basket","orange_gnome",2,1,"bright_forest","yellow_basket",1,0,0,1,"purple_gnome","dark_forest","red_basket",2019,-1,4,19,6,158,1,1,"",,,"",,,"",,,"",,,"",,,,,,,"","",,,"",,,"",,,"",,,,,,,"",,,"","",,,,,,,,"",,,,,,,"",,,"","","",,,,,,,,"",,,,,,,
"","","",,"","","","","","","",,"","","","","","","",,"","","","","","","",,"","","","","","","",,"","","","","","","",,"","","","","","","",,"","","","","","","",,"","","","","",159986,1,"2024-05-21_19h20.35.819","experiment","2023.2.3","MacIntel",61.34969325,"5dc9e325ac77c76f8a335019","664cb95af670ddca0a461021","664ce0d2679c458e54512a83","",,,"",,,"",,,"",,,"",,,"",,,"",,,,,"",,,"",,,,"",,,"","","",,,"","",,1,,,,"","","",,,,,,,1,,"",,,,,,,,,,,"","",,,,,,,"","",,,"s",0.28,,"space",0.3998,,1,"green_gnome",1,5,"dark_forest","red_basket","pink_gnome",1,0,"bright_forest","yellow_basket",5,0,0,1,"green_gnome","dark_forest","red_basket",2024,1,1,19,7,159,0,1,"",,,"",,,"",,,"",,,"",,,,,,,"","",,,"",,,"",,,"",,,,,,,"",,,"","",,,,,,,,"",,,,,,,"",,,"","","",,,,,,,,"",,,,,,,
"","","",,"","","","","","","",,"","","","","","","",,"","","","","","","",,"","","","","","","",,"","","","","","","",,"","","","","","","",,"","","","","","","",,"","","","","",159986,1,"2024-05-21_19h20.35.819","experiment","2023.2.3","MacIntel",61.34969325,"5dc9e325ac77c76f8a335019","664cb95af670ddca0a461021","664ce0d2679c458e54512a83","",,,"",,,"",,,"",,,"",,,"",,,"",,,,,"",,,"",,,,"",,,"","","",,,"","",,1,,,,"","","",,,,,,,1,,"",,,,,,,,,,,"","",,,,,,,"","",,,"s",0.3471,,"space",0.333,,1,"green_gnome",1,6,"dark_forest","red_basket","pink_gnome",1,1,"bright_forest","yellow_basket",6,0,0,1,"green_gnome","dark_forest","red_basket",2030,0,-1,20,0,160,0,1,"",,,"",,,"",,,"",,,"",,,,,,,"","",,,"",,,"",,,"",,,,,,,"",,,"","",,,,,,,,"",,,,,,,"",,,"","","",,,,,,,,"",,,,,,,
"","","",,"","","","","","","",,"","","","","","","",,"","","","","","","",,"","","","","","","",,"","","","","","","",,"","","","","","","",,"","","","","","","",,"","","","","",159986,1,"2024-05-21_19h20.35.819","experiment","2023.2.3","MacIntel",61.34969325,"5dc9e325ac77c76f8a335019","664cb95af670ddca0a461021","664ce0d2679c458e54512a83","",,,"",,,"",,,"",,,"",,,"",,,"",,,,,"",,,"",,,,"",,,"","","",,,"","",,5,,,,"","","",,,,,,,4,,"",,,,,,,,,,,"","",,,,,,,"","",,,"s",0.4914,,"space",0.2978,,4,"brown_gnome",4,1,"bright_forest","yellow_basket","blue_gnome",4,5,"dark_forest","red_basket",5,0,0,1,"brown_gnome","bright_forest","yellow_basket",2035,-1,2,20,1,161,7,1,"",,,"",,,"",,,"",,,"",,,,,,,"","",,,"",,,"",,,"",,,,,,,"",,,"","",,,,,,,,"",,,,,,,"",,,"","","",,,,,,,,"",,,,,,,
"","","",,"","","","","","","",,"","","","","","","",,"","","","","","","",,"","","","","","","",,"","","","","","","",,"","","","","","","",,"","","","","","","",,"","","","","",159986,1,"2024-05-21_19h20.35.819","experiment","2023.2.3","MacIntel",61.34969325,"5dc9e325ac77c76f8a335019","664cb95af670ddca0a461021","664ce0d2679c458e54512a83","",,,"",,,"",,,"",,,"",,,"",,,"",,,,,"",,,"",,,,"",,,"","","",,,"","",,5,,,,"","","",,,,,,,3,,"",,,,,,,,,,,"","",,,,,,,"","",,,"s",0.3833,,"space",0.3976,,3,"yellow_gnome",3,0,"bright_forest","yellow_basket","red_gnome",3,7,"dark_forest","red_basket",0,0,0,1,"yellow_gnome","bright_forest","yellow_basket",2035,-3,0,20,2,162,6,1,"",,,"",,,"",,,"",,,"",,,,,,,"","",,,"",,,"",,,"",,,,,,,"",,,"","",,,,,,,,"",,,,,,,"",,,"","","",,,,,,,,"",,,,,,,
"","","",,"","","","","","","",,"","","","","","","",,"","","","","","","",,"","","","","","","",,"","","","","","","",,"","","","","","","",,"","","","","","","",,"","","","","",159986,1,"2024-05-21_19h20.35.819","experiment","2023.2.3","MacIntel",61.34969325,"5dc9e325ac77c76f8a335019","664cb95af670ddca0a461021","664ce0d2679c458e54512a83","",,,"",,,"",,,"",,,"",,,"",,,"",,,,,"",,,"",,,,"",,,"","","",,,"","",,5,,,,"","","",,,,,,,1,,"",,,,,,,,,,,"","",,,,,,,"","",,,"k",0.3241,,"space",0.5802,,1,"pink_gnome",1,3,"bright_forest","yellow_basket","green_gnome",1,7,"dark_forest","red_basket",35,0,0,1,"green_gnome","dark_forest","red_basket",2070,3,1,20,3,163,4,1,"",,,"",,,"",,,"",,,"",,,,,,,"","",,,"",,,"",,,"",,,,,,,"",,,"","",,,,,,,,"",,,,,,,"",,,"","","",,,,,,,,"",,,,,,,
"","","",,"","","","","","","",,"","","","","","","",,"","","","","","","",,"","","","","","","",,"","","","","","","",,"","","","","","","",,"","","","","","","",,"","","","","",159986,1,"2024-05-21_19h20.35.819","experiment","2023.2.3","MacIntel",61.34969325,"5dc9e325ac77c76f8a335019","664cb95af670ddca0a461021","664ce0d2679c458e54512a83","",,,"",,,"",,,"",,,"",,,"",,,"",,,,,"",,,"",,,,"",,,"","","",,,"","",,1,,,,"","","",,,,,,,3,,"",,,,,,,,,,,"","",,,,,,,"","",,,"k",0.4145,,"space",0.4555,,3,"red_gnome",3,8,"dark_forest","red_basket","yellow_gnome",3,6,"bright_forest","yellow_basket",6,0,0,1,"yellow_gnome","bright_forest","yellow_basket",2076,0,-1,20,4,164,2,1,"",,,"",,,"",,,"",,,"",,,,,,,"","",,,"",,,"",,,"",,,,,,,"",,,"","",,,,,,,,"",,,,,,,"",,,"","","",,,,,,,,"",,,,,,,
"","","",,"","","","","","","",,"","","","","","","",,"","","","","","","",,"","","","","","","",,"","","","","","","",,"","","","","","","",,"","","","","","","",,"","","","","",159986,1,"2024-05-21_19h20.35.819","experiment","2023.2.3","MacIntel",61.34969325,"5dc9e325ac77c76f8a335019","664cb95af670ddca0a461021","664ce0d2679c458e54512a83","",,,"",,,"",,,"",,,"",,,"",,,"",,,,,"",,,"",,,,"",,,"","","",,,"","",,1,,,,"","","",,,,,,,3,,"",,,,,,,,,,,"","",,,,,,,"","",,,"s",0.3645,,"space",0.3313,,3,"red_gnome",3,7,"dark_forest","red_basket","yellow_gnome",3,6,"bright_forest","yellow_basket",7,0,0,1,"red_gnome","dark_forest","red_basket",2083,-1,1,20,5,165,2,1,"",,,"",,,"",,,"",,,"",,,,,,,"","",,,"",,,"",,,"",,,,,,,"",,,"","",,,,,,,,"",,,,,,,"",,,"","","",,,,,,,,"",,,,,,,
"","","",,"","","","","","","",,"","","","","","","",,"","","","","","","",,"","","","","","","",,"","","","","","","",,"","","","","","","",,"","","","","","","",,"","","","","",159986,1,"2024-05-21_19h20.35.819","experiment","2023.2.3","MacIntel",61.34969325,"5dc9e325ac77c76f8a335019","664cb95af670ddca0a461021","664ce0d2679c458e54512a83","",,,"",,,"",,,"",,,"",,,"",,,"",,,,,"",,,"",,,,"",,,"","","",,,"","",,1,,,,"","","",,,,,,,3,,"",,,,,,,,,,,"","",,,,,,,"","",,,"k",0.9641,,"space",0.5995,,3,"red_gnome",3,8,"dark_forest","red_basket","yellow_gnome",3,5,"bright_forest","yellow_basket",5,0,0,1,"yellow_gnome","bright_forest","yellow_basket",2088,-1,-1,20,6,166,2,1,"",,,"",,,"",,,"",,,"",,,,,,,"","",,,"",,,"",,,"",,,,,,,"",,,"","",,,,,,,,"",,,,,,,"",,,"","","",,,,,,,,"",,,,,,,
"","","",,"","","","","","","",,"","","","","","","",,"","","","","","","",,"","","","","","","",,"","","","","","","",,"","","","","","","",,"","","","","","","",,"","","","","",159986,1,"2024-05-21_19h20.35.819","experiment","2023.2.3","MacIntel",61.34969325,"5dc9e325ac77c76f8a335019","664cb95af670ddca0a461021","664ce0d2679c458e54512a83","",,,"",,,"",,,"",,,"",,,"",,,"",,,,,"",,,"",,,,"",,,"","","",,,"","",,1,,,,"","","",,,,,,,3,,"",,,,,,,,,,,"","",,,,,,,"","",,,"s",0.4459,,"space",0.3631,,3,"red_gnome",3,7,"dark_forest","red_basket","yellow_gnome",3,4,"bright_forest","yellow_basket",7,0,0,1,"red_gnome","dark_forest","red_basket",2095,-1,2,20,7,167,2,1,"",,,"",,,"",,,"",,,"",,,,,,,"","",,,"",,,"",,,"",,,,,,,"",,,"","",,,,,,,,"",,,,,,,"",,,"","","",,,,,,,,"",,,,,,,
"","","",,"","","","","","","",,"","","","","","","",,"","","","","","","",,"","","","","","","",,"","","","","","","",,"","","","","","","",,"","","","","","","",,"","","","","",159986,1,"2024-05-21_19h20.35.819","experiment","2023.2.3","MacIntel",61.34969325,"5dc9e325ac77c76f8a335019","664cb95af670ddca0a461021","664ce0d2679c458e54512a83","",,,"",,,"",,,"",,,"",,,"",,,"",,,,,"",,,"",,,,"",,,"","","",,,"","",,5,,,,"","","",,,,,,,2,,"",,,,,,,,,,,"","",,,,,,,"","",,,"k",0.3401,,"space",0.6306,,2,"purple_gnome",2,9,"dark_forest","red_basket","orange_gnome",2,3,"bright_forest","yellow_basket",15,0,0,1,"orange_gnome","bright_forest","yellow_basket",2110,-2,-6,21,0,168,5,1,"",,,"",,,"",,,"",,,"",,,,,,,"","",,,"",,,"",,,"",,,,,,,"",,,"","",,,,,,,,"",,,,,,,"",,,"","","",,,,,,,,"",,,,,,,
"","","",,"","","","","","","",,"","","","","","","",,"","","","","","","",,"","","","","","","",,"","","","","","","",,"","","","","","","",,"","","","","","","",,"","","","","",159986,1,"2024-05-21_19h20.35.819","experiment","2023.2.3","MacIntel",61.34969325,"5dc9e325ac77c76f8a335019","664cb95af670ddca0a461021","664ce0d2679c458e54512a83","",,,"",,,"",,,"",,,"",,,"",,,"",,,,,"",,,"",,,,"",,,"","","",,,"","",,5,,,,"","","",,,,,,,3,,"",,,,,,,,,,,"","",,,,,,,"","",,,"s",0.4641,,"space",0.4493,,3,"red_gnome",3,3,"dark_forest","red_basket","yellow_gnome",3,1,"bright_forest","yellow_basket",15,0,0,1,"red_gnome","dark_forest","red_basket",2125,2,1,21,1,169,6,1,"",,,"",,,"",,,"",,,"",,,,,,,"","",,,"",,,"",,,"",,,,,,,"",,,"","",,,,,,,,"",,,,,,,"",,,"","","",,,,,,,,"",,,,,,,
"","","",,"","","","","","","",,"","","","","","","",,"","","","","","","",,"","","","","","","",,"","","","","","","",,"","","","","","","",,"","","","","","","",,"","","","","",159986,1,"2024-05-21_19h20.35.819","experiment","2023.2.3","MacIntel",61.34969325,"5dc9e325ac77c76f8a335019","664cb95af670ddca0a461021","664ce0d2679c458e54512a83","",,,"",,,"",,,"",,,"",,,"",,,"",,,,,"",,,"",,,,"",,,"","","",,,"","",,5,,,,"","","",,,,,,,1,,"",,,,,,,,,,,"","",,,,,,,"","",,,"k",0.3294,,"space",0.4832,,1,"pink_gnome",1,3,"bright_forest","yellow_basket","green_gnome",1,4,"dark_forest","red_basket",20,0,0,1,"green_gnome","dark_forest","red_basket",2145,-3,1,21,2,170,4,1,"",,,"",,,"",,,"",,,"",,,,,,,"","",,,"",,,"",,,"",,,,,,,"",,,"","",,,,,,,,"",,,,,,,"",,,"","","",,,,,,,,"",,,,,,,
"","","",,"","","","","","","",,"","","","","","","",,"","","","","","","",,"","","","","","","",,"","","","","","","",,"","","","","","","",,"","","","","","","",,"","","","","",159986,1,"2024-05-21_19h20.35.819","experiment","2023.2.3","MacIntel",61.34969325,"5dc9e325ac77c76f8a335019","664cb95af670ddca0a461021","664ce0d2679c458e54512a83","",,,"",,,"",,,"",,,"",,,"",,,"",,,,,"",,,"",,,,"",,,"","","",,,"","",,5,,,,"","","",,,,,,,4,,"",,,,,,,,,,,"","",,,,,,,"","",,,"s",0.3799,,"space",0.3892,,4,"brown_gnome",4,0,"bright_forest","yellow_basket","blue_gnome",4,5,"dark_forest","red_basket",0,0,0,1,"brown_gnome","bright_forest","yellow_basket",2145,2,-2,21,3,171,7,1,"",,,"",,,"",,,"",,,"",,,,,,,"","",,,"",,,"",,,"",,,,,,,"",,,"","",,,,,,,,"",,,,,,,"",,,"","","",,,,,,,,"",,,,,,,
"","","",,"","","","","","","",,"","","","","","","",,"","","","","","","",,"","","","","","","",,"","","","","","","",,"","","","","","","",,"","","","","","","",,"","","","","",159986,1,"2024-05-21_19h20.35.819","experiment","2023.2.3","MacIntel",61.34969325,"5dc9e325ac77c76f8a335019","664cb95af670ddca0a461021","664ce0d2679c458e54512a83","",,,"",,,"",,,"",,,"",,,"",,,"",,,,,"",,,"",,,,"",,,"","","",,,"","",,1,,,,"","","",,,,,,,3,,"",,,,,,,,,,,"","",,,,,,,"","",,,"k",0.2969,,"space",0.3141,,3,"red_gnome",3,3,"dark_forest","red_basket","yellow_gnome",3,2,"bright_forest","yellow_basket",2,0,0,1,"yellow_gnome","bright_forest","yellow_basket",2147,0,1,21,4,172,2,1,"",,,"",,,"",,,"",,,"",,,,,,,"","",,,"",,,"",,,"",,,,,,,"",,,"","",,,,,,,,"",,,,,,,"",,,"","","",,,,,,,,"",,,,,,,
"","","",,"","","","","","","",,"","","","","","","",,"","","","","","","",,"","","","","","","",,"","","","","","","",,"","","","","","","",,"","","","","","","",,"","","","","",159986,1,"2024-05-21_19h20.35.819","experiment","2023.2.3","MacIntel",61.34969325,"5dc9e325ac77c76f8a335019","664cb95af670ddca0a461021","664ce0d2679c458e54512a83","",,,"",,,"",,,"",,,"",,,"",,,"",,,,,"",,,"",,,,"",,,"","","",,,"","",,5,,,,"","","",,,,,,,2,,"",,,,,,,,,,,"","",,,,,,,"","",,,"s",0.3465,,"space",0.4305,,2,"orange_gnome",2,2,"bright_forest","yellow_basket","purple_gnome",2,4,"dark_forest","red_basket",10,0,0,1,"orange_gnome","bright_forest","yellow_basket",2157,3,3,21,5,173,5,1,"",,,"",,,"",,,"",,,"",,,,,,,"","",,,"",,,"",,,"",,,,,,,"",,,"","",,,,,,,,"",,,,,,,"",,,"","","",,,,,,,,"",,,,,,,
"","","",,"","","","","","","",,"","","","","","","",,"","","","","","","",,"","","","","","","",,"","","","","","","",,"","","","","","","",,"","","","","","","",,"","","","","",159986,1,"2024-05-21_19h20.35.819","experiment","2023.2.3","MacIntel",61.34969325,"5dc9e325ac77c76f8a335019","664cb95af670ddca0a461021","664ce0d2679c458e54512a83","",,,"",,,"",,,"",,,"",,,"",,,"",,,,,"",,,"",,,,"",,,"","","",,,"","",,5,,,,"","","",,,,,,,2,,"",,,,,,,,,,,"","",,,,,,,"","",,,"k",0.4638,,"space",0.3902,,2,"orange_gnome",2,5,"bright_forest","yellow_basket","purple_gnome",2,7,"dark_forest","red_basket",35,0,0,1,"purple_gnome","dark_forest","red_basket",2192,0,0,21,6,174,5,1,"",,,"",,,"",,,"",,,"",,,,,,,"","",,,"",,,"",,,"",,,,,,,"",,,"","",,,,,,,,"",,,,,,,"",,,"","","",,,,,,,,"",,,,,,,
"","","",,"","","","","","","",,"","","","","","","",,"","","","","","","",,"","","","","","","",,"","","","","","","",,"","","","","","","",,"","","","","","","",,"","","","","",159986,1,"2024-05-21_19h20.35.819","experiment","2023.2.3","MacIntel",61.34969325,"5dc9e325ac77c76f8a335019","664cb95af670ddca0a461021","664ce0d2679c458e54512a83","",,,"",,,"",,,"",,,"",,,"",,,"",,,,,"",,,"",,,,"",,,"","","",,,"","",,1,,,,"","","",,,,,,,1,,"",,,,,,,,,,,"","",,,,,,,"","",,,"k",0.5576,9e-04,"space",0.3807,,1,"pink_gnome",1,5,"bright_forest","yellow_basket","green_gnome",1,7,"dark_forest","red_basket",7,0,0,1,"green_gnome","dark_forest","red_basket",2199,5,-1,21,7,175,0,1,"",,,"",,,"",,,"",,,"",,,,,,,"","",,,"",,,"",,,"",,,,,,,"",,,"","",,,,,,,,"",,,,,,,"",,,"","","",,,,,,,,"",,,,,,,
"","","",,"","","","","","","",,"","","","","","","",,"","","","","","","",,"","","","","","","",,"","","","","","","",,"","","","","","","",,"","","","","","","",,"","","","","",159986,1,"2024-05-21_19h20.35.819","experiment","2023.2.3","MacIntel",61.34969325,"5dc9e325ac77c76f8a335019","664cb95af670ddca0a461021","664ce0d2679c458e54512a83","",,,"",,,"",,,"",,,"",,,"",,,"",,,,,"",,,"",,,,"",,,"","","",,,"","",,5,,,,"","","",,,,,,,4,,"",,,,,,,,,,,"","",,,,,,,"","",,,"s",0.3638,,"space",0.3307,,4,"blue_gnome",4,6,"dark_forest","red_basket","brown_gnome",4,8,"bright_forest","yellow_basket",30,0,0,1,"blue_gnome","dark_forest","red_basket",2229,1,1,22,0,176,7,1,"",,,"",,,"",,,"",,,"",,,,,,,"","",,,"",,,"",,,"",,,,,,,"",,,"","",,,,,,,,"",,,,,,,"",,,"","","",,,,,,,,"",,,,,,,
"","","",,"","","","","","","",,"","","","","","","",,"","","","","","","",,"","","","","","","",,"","","","","","","",,"","","","","","","",,"","","","","","","",,"","","","","",159986,1,"2024-05-21_19h20.35.819","experiment","2023.2.3","MacIntel",61.34969325,"5dc9e325ac77c76f8a335019","664cb95af670ddca0a461021","664ce0d2679c458e54512a83","",,,"",,,"",,,"",,,"",,,"",,,"",,,,,"",,,"",,,,"",,,"","","",,,"","",,5,,,,"","","",,,,,,,1,,"",,,,,,,,,,,"","",,,,,,,"","",,,"k",0.3247,,"space",0.331,,1,"pink_gnome",1,9,"bright_forest","yellow_basket","green_gnome",1,7,"dark_forest","red_basket",35,0,0,1,"green_gnome","dark_forest","red_basket",2264,2,-2,22,1,177,4,1,"",,,"",,,"",,,"",,,"",,,,,,,"","",,,"",,,"",,,"",,,,,,,"",,,"","",,,,,,,,"",,,,,,,"",,,"","","",,,,,,,,"",,,,,,,
"","","",,"","","","","","","",,"","","","","","","",,"","","","","","","",,"","","","","","","",,"","","","","","","",,"","","","","","","",,"","","","","","","",,"","","","","",159986,1,"2024-05-21_19h20.35.819","experiment","2023.2.3","MacIntel",61.34969325,"5dc9e325ac77c76f8a335019","664cb95af670ddca0a461021","664ce0d2679c458e54512a83","",,,"",,,"",,,"",,,"",,,"",,,"",,,,,"",,,"",,,,"",,,"","","",,,"","",,1,,,,"","","",,,,,,,3,,"",,,,,,,,,,,"","",,,,,,,"","",,,"s",0.1804,,"space",0.4912,,3,"red_gnome",3,5,"dark_forest","red_basket","yellow_gnome",3,7,"bright_forest","yellow_basket",5,0,0,1,"red_gnome","dark_forest","red_basket",2269,1,3,22,2,178,2,1,"",,,"",,,"",,,"",,,"",,,,,,,"","",,,"",,,"",,,"",,,,,,,"",,,"","",,,,,,,,"",,,,,,,"",,,"","","",,,,,,,,"",,,,,,,
"","","",,"","","","","","","",,"","","","","","","",,"","","","","","","",,"","","","","","","",,"","","","","","","",,"","","","","","","",,"","","","","","","",,"","","","","",159986,1,"2024-05-21_19h20.35.819","experiment","2023.2.3","MacIntel",61.34969325,"5dc9e325ac77c76f8a335019","664cb95af670ddca0a461021","664ce0d2679c458e54512a83","",,,"",,,"",,,"",,,"",,,"",,,"",,,,,"",,,"",,,,"",,,"","","",,,"","",,1,,,,"","","",,,,,,,1,,"",,,,,,,,,,,"","",,,,,,,"","",,,"k",0.398,,"space",0.3302,,1,"green_gnome",1,8,"dark_forest","red_basket","pink_gnome",1,8,"bright_forest","yellow_basket",8,0,0,1,"pink_gnome","bright_forest","yellow_basket",2277,-2,1,22,3,179,0,1,"",,,"",,,"",,,"",,,"",,,,,,,"","",,,"",,,"",,,"",,,,,,,"",,,"","",,,,,,,,"",,,,,,,"",,,"","","",,,,,,,,"",,,,,,,
"","","",,"","","","","","","",,"","","","","","","",,"","","","","","","",,"","","","","","","",,"","","","","","","",,"","","","","","","",,"","","","","","","",,"","","","","",159986,1,"2024-05-21_19h20.35.819","experiment","2023.2.3","MacIntel",61.34969325,"5dc9e325ac77c76f8a335019","664cb95af670ddca0a461021","664ce0d2679c458e54512a83","",,,"",,,"",,,"",,,"",,,"",,,"",,,,,"",,,"",,,,"",,,"","","",,,"","",,1,,,,"","","",,,,,,,2,,"",,,,,,,,,,,"","",,,,,,,"","",,,"k",0.316,,"space",0.4809,,2,"purple_gnome",2,9,"dark_forest","red_basket","orange_gnome",2,6,"bright_forest","yellow_basket",6,0,0,1,"orange_gnome","bright_forest","yellow_basket",2283,-1,-2,22,4,180,1,1,"",,,"",,,"",,,"",,,"",,,,,,,"","",,,"",,,"",,,"",,,,,,,"",,,"","",,,,,,,,"",,,,,,,"",,,"","","",,,,,,,,"",,,,,,,
"","","",,"","","","","","","",,"","","","","","","",,"","","","","","","",,"","","","","","","",,"","","","","","","",,"","","","","","","",,"","","","","","","",,"","","","","",159986,1,"2024-05-21_19h20.35.819","experiment","2023.2.3","MacIntel",61.34969325,"5dc9e325ac77c76f8a335019","664cb95af670ddca0a461021","664ce0d2679c458e54512a83","",,,"",,,"",,,"",,,"",,,"",,,"",,,,,"",,,"",,,,"",,,"","","",,,"","",,5,,,,"","","",,,,,,,2,,"",,,,,,,,,,,"","",,,,,,,"","",,,"s",0.3463,,"space",0.3964,,2,"orange_gnome",2,5,"bright_forest","yellow_basket","purple_gnome",2,7,"dark_forest","red_basket",25,0,0,1,"orange_gnome","bright_forest","yellow_basket",2308,-2,-1,22,5,181,5,1,"",,,"",,,"",,,"",,,"",,,,,,,"","",,,"",,,"",,,"",,,,,,,"",,,"","",,,,,,,,"",,,,,,,"",,,"","","",,,,,,,,"",,,,,,,
"","","",,"","","","","","","",,"","","","","","","",,"","","","","","","",,"","","","","","","",,"","","","","","","",,"","","","","","","",,"","","","","","","",,"","","","","",159986,1,"2024-05-21_19h20.35.819","experiment","2023.2.3","MacIntel",61.34969325,"5dc9e325ac77c76f8a335019","664cb95af670ddca0a461021","664ce0d2679c458e54512a83","",,,"",,,"",,,"",,,"",,,"",,,"",,,,,"",,,"",,,,"",,,"","","",,,"","",,5,,,,"","","",,,,,,,4,,"",,,,,,,,,,,"","",,,,,,,"","",,,"s",0.3638,,"space",0.4492,,4,"blue_gnome",4,6,"dark_forest","red_basket","brown_gnome",4,3,"bright_forest","yellow_basket",30,0,0,1,"blue_gnome","dark_forest","red_basket",2338,1,0,22,6,182,7,1,"",,,"",,,"",,,"",,,"",,,,,,,"","",,,"",,,"",,,"",,,,,,,"",,,"","",,,,,,,,"",,,,,,,"",,,"","","",,,,,,,,"",,,,,,,
"","","",,"","","","","","","",,"","","","","","","",,"","","","","","","",,"","","","","","","",,"","","","","","","",,"","","","","","","",,"","","","","","","",,"","","","","",159986,1,"2024-05-21_19h20.35.819","experiment","2023.2.3","MacIntel",61.34969325,"5dc9e325ac77c76f8a335019","664cb95af670ddca0a461021","664ce0d2679c458e54512a83","",,,"",,,"",,,"",,,"",,,"",,,"",,,,,"",,,"",,,,"",,,"","","",,,"","",,1,,,,"","","",,,,,,,4,,"",,,,,,,,,,,"","",,,,,,,"","",,,"s",0.3472,,"space",0.415,,4,"brown_gnome",4,4,"bright_forest","yellow_basket","blue_gnome",4,6,"dark_forest","red_basket",4,0,0,1,"brown_gnome","bright_forest","yellow_basket",2342,0,1,22,7,183,3,1,"",,,"",,,"",,,"",,,"",,,,,,,"","",,,"",,,"",,,"",,,,,,,"",,,"","",,,,,,,,"",,,,,,,"",,,"","","",,,,,,,,"",,,,,,,
"","","",,"","","","","","","",,"","","","","","","",,"","","","","","","",,"","","","","","","",,"","","","","","","",,"","","","","","","",,"","","","","","","",,"","","","","",159986,1,"2024-05-21_19h20.35.819","experiment","2023.2.3","MacIntel",61.34969325,"5dc9e325ac77c76f8a335019","664cb95af670ddca0a461021","664ce0d2679c458e54512a83","",,,"",,,"",,,"",,,"",,,"",,,"",,,,,"",,,"",,,,"",,,"","","",,,"","",,5,,,,"","","",,,,,,,1,,"",,,,,,,,,,,"","",,,,,,,"","",,,"k",0.3143,,"space",0.4304,,1,"pink_gnome",1,4,"bright_forest","yellow_basket","green_gnome",1,7,"dark_forest","red_basket",35,0,0,1,"green_gnome","dark_forest","red_basket",2377,2,5,23,0,184,4,1,"",,,"",,,"",,,"",,,"",,,,,,,"","",,,"",,,"",,,"",,,,,,,"",,,"","",,,,,,,,"",,,,,,,"",,,"","","",,,,,,,,"",,,,,,,
"","","",,"","","","","","","",,"","","","","","","",,"","","","","","","",,"","","","","","","",,"","","","","","","",,"","","","","","","",,"","","","","","","",,"","","","","",159986,1,"2024-05-21_19h20.35.819","experiment","2023.2.3","MacIntel",61.34969325,"5dc9e325ac77c76f8a335019","664cb95af670ddca0a461021","664ce0d2679c458e54512a83","",,,"",,,"",,,"",,,"",,,"",,,"",,,,,"",,,"",,,,"",,,"","","",,,"","",,1,,,,"","","",,,,,,,2,,"",,,,,,,,,,,"","",,,,,,,"","",,,"k",0.4133,,"space",0.447,,2,"orange_gnome",2,6,"bright_forest","yellow_basket","purple_gnome",2,6,"dark_forest","red_basket",6,0,0,1,"purple_gnome","dark_forest","red_basket",2383,-2,0,23,1,185,1,1,"",,,"",,,"",,,"",,,"",,,,,,,"","",,,"",,,"",,,"",,,,,,,"",,,"","",,,,,,,,"",,,,,,,"",,,"","","",,,,,,,,"",,,,,,,
"","","",,"","","","","","","",,"","","","","","","",,"","","","","","","",,"","","","","","","",,"","","","","","","",,"","","","","","","",,"","","","","","","",,"","","","","",159986,1,"2024-05-21_19h20.35.819","experiment","2023.2.3","MacIntel",61.34969325,"5dc9e325ac77c76f8a335019","664cb95af670ddca0a461021","664ce0d2679c458e54512a83","",,,"",,,"",,,"",,,"",,,"",,,"",,,,,"",,,"",,,,"",,,"","","",,,"","",,1,,,,"","","",,,,,,,1,,"",,,,,,,,,,,"","",,,,,,,"","",,,"s",0.3812,,"space",0.4,,1,"pink_gnome",1,4,"bright_forest","yellow_basket","green_gnome",1,6,"dark_forest","red_basket",4,0,0,1,"pink_gnome","bright_forest","yellow_basket",2387,3,-1,23,2,186,0,1,"",,,"",,,"",,,"",,,"",,,,,,,"","",,,"",,,"",,,"",,,,,,,"",,,"","",,,,,,,,"",,,,,,,"",,,"","","",,,,,,,,"",,,,,,,
"","","",,"","","","","","","",,"","","","","","","",,"","","","","","","",,"","","","","","","",,"","","","","","","",,"","","","","","","",,"","","","","","","",,"","","","","",159986,1,"2024-05-21_19h20.35.819","experiment","2023.2.3","MacIntel",61.34969325,"5dc9e325ac77c76f8a335019","664cb95af670ddca0a461021","664ce0d2679c458e54512a83","",,,"",,,"",,,"",,,"",,,"",,,"",,,,,"",,,"",,,,"",,,"","","",,,"","",,1,,,,"","","",,,,,,,3,,"",,,,,,,,,,,"","",,,,,,,"","",,,"k",0.391,,"space",0.1974,,3,"red_gnome",3,5,"dark_forest","red_basket","yellow_gnome",3,7,"bright_forest","yellow_basket",7,0,0,1,"yellow_gnome","bright_forest","yellow_basket",2394,0,1,23,3,187,2,1,"",,,"",,,"",,,"",,,"",,,,,,,"","",,,"",,,"",,,"",,,,,,,"",,,"","",,,,,,,,"",,,,,,,"",,,"","","",,,,,,,,"",,,,,,,
"","","",,"","","","","","","",,"","","","","","","",,"","","","","","","",,"","","","","","","",,"","","","","","","",,"","","","","","","",,"","","","","","","",,"","","","","",159986,1,"2024-05-21_19h20.35.819","experiment","2023.2.3","MacIntel",61.34969325,"5dc9e325ac77c76f8a335019","664cb95af670ddca0a461021","664ce0d2679c458e54512a83","",,,"",,,"",,,"",,,"",,,"",,,"",,,,,"",,,"",,,,"",,,"","","",,,"","",,1,,,,"","","",,,,,,,2,,"",,,,,,,,,,,"","",,,,,,,"","",,,"s",0.3797,,"space",0.3303,,2,"orange_gnome",2,7,"bright_forest","yellow_basket","purple_gnome",2,6,"dark_forest","red_basket",7,0,0,1,"orange_gnome","bright_forest","yellow_basket",2401,4,-1,23,4,188,1,1,"",,,"",,,"",,,"",,,"",,,,,,,"","",,,"",,,"",,,"",,,,,,,"",,,"","",,,,,,,,"",,,,,,,"",,,"","","",,,,,,,,"",,,,,,,
"","","",,"","","","","","","",,"","","","","","","",,"","","","","","","",,"","","","","","","",,"","","","","","","",,"","","","","","","",,"","","","","","","",,"","","","","",159986,1,"2024-05-21_19h20.35.819","experiment","2023.2.3","MacIntel",61.34969325,"5dc9e325ac77c76f8a335019","664cb95af670ddca0a461021","664ce0d2679c458e54512a83","",,,"",,,"",,,"",,,"",,,"",,,"",,,,,"",,,"",,,,"",,,"","","",,,"","",,1,,,,"","","",,,,,,,3,,"",,,,,,,,,,,"","",,,,,,,"","",,,"s",0.3142,,"space",0.5638,,3,"red_gnome",3,5,"dark_forest","red_basket","yellow_gnome",3,7,"bright_forest","yellow_basket",5,0,0,1,"red_gnome","dark_forest","red_basket",2406,0,-3,23,5,189,2,1,"",,,"",,,"",,,"",,,"",,,,,,,"","",,,"",,,"",,,"",,,,,,,"",,,"","",,,,,,,,"",,,,,,,"",,,"","","",,,,,,,,"",,,,,,,
"","","",,"","","","","","","",,"","","","","","","",,"","","","","","","",,"","","","","","","",,"","","","","","","",,"","","","","","","",,"","","","","","","",,"","","","","",159986,1,"2024-05-21_19h20.35.819","experiment","2023.2.3","MacIntel",61.34969325,"5dc9e325ac77c76f8a335019","664cb95af670ddca0a461021","664ce0d2679c458e54512a83","",,,"",,,"",,,"",,,"",,,"",,,"",,,,,"",,,"",,,,"",,,"","","",,,"","",,5,,,,"","","",,,,,,,3,,"",,,,,,,,,,,"","",,,,,,,"","",,,"s",0.5963,,"space",0.4803,,3,"yellow_gnome",3,7,"bright_forest","yellow_basket","red_gnome",3,2,"dark_forest","red_basket",35,0,0,1,"yellow_gnome","bright_forest","yellow_basket",2441,-3,3,23,6,190,6,1,"",,,"",,,"",,,"",,,"",,,,,,,"","",,,"",,,"",,,"",,,,,,,"",,,"","",,,,,,,,"",,,,,,,"",,,"","","",,,,,,,,"",,,,,,,
"","","",,"","","","","","","",,"","","","","","","",,"","","","","","","",,"","","","","","","",,"","","","","","","",,"","","","","","","",,"","","","","","","",,"","","","","",159986,1,"2024-05-21_19h20.35.819","experiment","2023.2.3","MacIntel",61.34969325,"5dc9e325ac77c76f8a335019","664cb95af670ddca0a461021","664ce0d2679c458e54512a83","",,,"",,,"",,,"",,,"",,,"",,,"",,,,,"",,,"",,,,"",,,"","","",,,"","",,1,,,,"","","",,,,,,,1,,"",,,,,,,,,,,"","",,,,,,,"","",,,"s",0.7136,,"space",0.3973,,1,"pink_gnome",1,4,"bright_forest","yellow_basket","green_gnome",1,5,"dark_forest","red_basket",4,0,0,1,"pink_gnome","bright_forest","yellow_basket",2445,3,-1,23,7,191,0,1,"space",12.3628,,"",,,"",,,"",,,"",,,,,,,"","",,,"",,,"",,,"",,,,,,,"",,,"","",,,,,,,,"",,,,,,,"",,,"","","",,,,,,,,"",,,,,,,
"","","",,"","","","","","","",,"","","","","","","",,"","","","","","","",,"","","","","","","",,"","","","","","","",,"","","","","","","",,"","","","","","","",,"","","","","",159986,1,"2024-05-21_19h20.35.819","experiment","2023.2.3","MacIntel",61.34969325,"5dc9e325ac77c76f8a335019","664cb95af670ddca0a461021","664ce0d2679c458e54512a83","",,,"",,,"",,,"",,,"",,,"",,,"",,,,,"",,,"",,,,"",,,"","","",,,"","",,1,,,,"","","",,,,,,,1,,"",,,,,,,,,,,"","",,,,,,,"","",,,"k",0.3316,,"space",0.3225,,1,"green_gnome",1,4,"dark_forest","red_basket","pink_gnome",1,7,"bright_forest","yellow_basket",7,0,0,1,"pink_gnome","bright_forest","yellow_basket",2452,0,0,24,0,192,0,1,"",,,"",,,"",,,"",,,"",,,,,,,"","",,,"",,,"",,,"",,,,,,,"",,,"","",,,,,,,,"",,,,,,,"",,,"","","",,,,,,,,"",,,,,,,
"","","",,"","","","","","","",,"","","","","","","",,"","","","","","","",,"","","","","","","",,"","","","","","","",,"","","","","","","",,"","","","","","","",,"","","","","",159986,1,"2024-05-21_19h20.35.819","experiment","2023.2.3","MacIntel",61.34969325,"5dc9e325ac77c76f8a335019","664cb95af670ddca0a461021","664ce0d2679c458e54512a83","",,,"",,,"",,,"",,,"",,,"",,,"",,,,,"",,,"",,,,"",,,"","","",,,"","",,1,,,,"","","",,,,,,,4,,"",,,,,,,,,,,"","",,,,,,,"","",,,"s",0.2968,,"space",0.3476,,4,"blue_gnome",4,4,"dark_forest","red_basket","brown_gnome",4,7,"bright_forest","yellow_basket",4,0,0,1,"blue_gnome","dark_forest","red_basket",2456,-1,0,24,1,193,3,1,"",,,"",,,"",,,"",,,"",,,,,,,"","",,,"",,,"",,,"",,,,,,,"",,,"","",,,,,,,,"",,,,,,,"",,,"","","",,,,,,,,"",,,,,,,
"","","",,"","","","","","","",,"","","","","","","",,"","","","","","","",,"","","","","","","",,"","","","","","","",,"","","","","","","",,"","","","","","","",,"","","","","",159986,1,"2024-05-21_19h20.35.819","experiment","2023.2.3","MacIntel",61.34969325,"5dc9e325ac77c76f8a335019","664cb95af670ddca0a461021","664ce0d2679c458e54512a83","",,,"",,,"",,,"",,,"",,,"",,,"",,,,,"",,,"",,,,"",,,"","","",,,"","",,1,,,,"","","",,,,,,,4,,"",,,,,,,,,,,"","",,,,,,,"","",,,"s",0.4247,,"space",0.6471,,4,"blue_gnome",4,4,"dark_forest","red_basket","brown_gnome",4,6,"bright_forest","yellow_basket",4,0,0,1,"blue_gnome","dark_forest","red_basket",2460,1,2,24,2,194,3,1,"",,,"",,,"",,,"",,,"",,,,,,,"","",,,"",,,"",,,"",,,,,,,"",,,"","",,,,,,,,"",,,,,,,"",,,"","","",,,,,,,,"",,,,,,,
"","","",,"","","","","","","",,"","","","","","","",,"","","","","","","",,"","","","","","","",,"","","","","","","",,"","","","","","","",,"","","","","","","",,"","","","","",159986,1,"2024-05-21_19h20.35.819","experiment","2023.2.3","MacIntel",61.34969325,"5dc9e325ac77c76f8a335019","664cb95af670ddca0a461021","664ce0d2679c458e54512a83","",,,"",,,"",,,"",,,"",,,"",,,"",,,,,"",,,"",,,,"",,,"","","",,,"","",,5,,,,"","","",,,,,,,1,,"",,,,,,,,,,,"","",,,,,,,"","",,,"s",0.6306,,"space",0.4308,,1,"pink_gnome",1,7,"bright_forest","yellow_basket","green_gnome",1,6,"dark_forest","red_basket",35,0,0,1,"pink_gnome","bright_forest","yellow_basket",2495,0,0,24,3,195,4,1,"",,,"",,,"",,,"",,,"",,,,,,,"","",,,"",,,"",,,"",,,,,,,"",,,"","",,,,,,,,"",,,,,,,"",,,"","","",,,,,,,,"",,,,,,,
"","","",,"","","","","","","",,"","","","","","","",,"","","","","","","",,"","","","","","","",,"","","","","","","",,"","","","","","","",,"","","","","","","",,"","","","","",159986,1,"2024-05-21_19h20.35.819","experiment","2023.2.3","MacIntel",61.34969325,"5dc9e325ac77c76f8a335019","664cb95af670ddca0a461021","664ce0d2679c458e54512a83","",,,"",,,"",,,"",,,"",,,"",,,"",,,,,"",,,"",,,,"",,,"","","",,,"","",,1,,,,"","","",,,,,,,3,,"",,,,,,,,,,,"","",,,,,,,"","",,,"s",0.314,,"space",0.516,,3,"red_gnome",3,6,"dark_forest","red_basket","yellow_gnome",3,7,"bright_forest","yellow_basket",6,0,0,1,"red_gnome","dark_forest","red_basket",2501,-1,-2,24,4,196,2,1,"",,,"",,,"",,,"",,,"",,,,,,,"","",,,"",,,"",,,"",,,,,,,"",,,"","",,,,,,,,"",,,,,,,"",,,"","","",,,,,,,,"",,,,,,,
"","","",,"","","","","","","",,"","","","","","","",,"","","","","","","",,"","","","","","","",,"","","","","","","",,"","","","","","","",,"","","","","","","",,"","","","","",159986,1,"2024-05-21_19h20.35.819","experiment","2023.2.3","MacIntel",61.34969325,"5dc9e325ac77c76f8a335019","664cb95af670ddca0a461021","664ce0d2679c458e54512a83","",,,"",,,"",,,"",,,"",,,"",,,"",,,,,"",,,"",,,,"",,,"","","",,,"","",,1,,,,"","","",,,,,,,2,,"",,,,,,,,,,,"","",,,,,,,"","",,,"s",0.3969,,"space",0.3812,,2,"purple_gnome",2,4,"dark_forest","red_basket","orange_gnome",2,6,"bright_forest","yellow_basket",4,0,0,1,"purple_gnome","dark_forest","red_basket",2505,3,-1,24,5,197,1,1,"",,,"",,,"",,,"",,,"",,,,,,,"","",,,"",,,"",,,"",,,,,,,"",,,"","",,,,,,,,"",,,,,,,"",,,"","","",,,,,,,,"",,,,,,,
"","","",,"","","","","","","",,"","","","","","","",,"","","","","","","",,"","","","","","","",,"","","","","","","",,"","","","","","","",,"","","","","","","",,"","","","","",159986,1,"2024-05-21_19h20.35.819","experiment","2023.2.3","MacIntel",61.34969325,"5dc9e325ac77c76f8a335019","664cb95af670ddca0a461021","664ce0d2679c458e54512a83","",,,"",,,"",,,"",,,"",,,"",,,"",,,,,"",,,"",,,,"",,,"","","",,,"","",,5,,,,"","","",,,,,,,3,,"",,,,,,,,,,,"","",,,,,,,"","",,,"s",0.3795,,"space",0.4469,,3,"red_gnome",3,3,"dark_forest","red_basket","yellow_gnome",3,9,"bright_forest","yellow_basket",15,0,0,1,"red_gnome","dark_forest","red_basket",2520,1,-1,24,6,198,6,1,"",,,"",,,"",,,"",,,"",,,,,,,"","",,,"",,,"",,,"",,,,,,,"",,,"","",,,,,,,,"",,,,,,,"",,,"","","",,,,,,,,"",,,,,,,
"","","",,"","","","","","","",,"","","","","","","",,"","","","","","","",,"","","","","","","",,"","","","","","","",,"","","","","","","",,"","","","","","","",,"","","","","",159986,1,"2024-05-21_19h20.35.819","experiment","2023.2.3","MacIntel",61.34969325,"5dc9e325ac77c76f8a335019","664cb95af670ddca0a461021","664ce0d2679c458e54512a83","",,,"",,,"",,,"",,,"",,,"",,,"",,,,,"",,,"",,,,"",,,"","","",,,"","",,5,,,,"","","",,,,,,,4,,"",,,,,,,,,,,"","",,,,,,,"","",,,"s",0.5639,,"space",0.4832,,4,"blue_gnome",4,2,"dark_forest","red_basket","brown_gnome",4,8,"bright_forest","yellow_basket",10,0,0,1,"blue_gnome","dark_forest","red_basket",2530,-3,1,24,7,199,7,1,"",,,"",,,"",,,"",,,"",,,,,,,"","",,,"",,,"",,,"",,,,,,,"",,,"","",,,,,,,,"",,,,,,,"",,,"","","",,,,,,,,"",,,,,,,
"","","",,"","","","","","","",,"","","","","","","",,"","","","","","","",,"","","","","","","",,"","","","","","","",,"","","","","","","",,"","","","","","","",,"","","","","",159986,1,"2024-05-21_19h20.35.819","experiment","2023.2.3","MacIntel",61.34969325,"5dc9e325ac77c76f8a335019","664cb95af670ddca0a461021","664ce0d2679c458e54512a83","",,,"",,,"",,,"",,,"",,,"",,,"",,,,,"",,,"",,,,"",,,"","","",,,"","",,1,,,,"","","",,,,,,,2,,"",,,,,,,,,,,"","",,,,,,,"","",,,"s",0.463,,"space",0.4023,,2,"orange_gnome",2,5,"bright_forest","yellow_basket","purple_gnome",2,3,"dark_forest","red_basket",5,0,0,1,"orange_gnome","bright_forest","yellow_basket",2535,0,1,25,0,200,1,1,"",,,"",,,"",,,"",,,"",,,,,,,"","",,,"",,,"",,,"",,,,,,,"",,,"","",,,,,,,,"",,,,,,,"",,,"","","",,,,,,,,"",,,,,,,
"","","",,"","","","","","","",,"","","","","","","",,"","","","","","","",,"","","","","","","",,"","","","","","","",,"","","","","","","",,"","","","","","","",,"","","","","",159986,1,"2024-05-21_19h20.35.819","experiment","2023.2.3","MacIntel",61.34969325,"5dc9e325ac77c76f8a335019","664cb95af670ddca0a461021","664ce0d2679c458e54512a83","",,,"",,,"",,,"",,,"",,,"",,,"",,,,,"",,,"",,,,"",,,"","","",,,"","",,5,,,,"","","",,,,,,,4,,"",,,,,,,,,,,"","",,,,,,,"","",,,"s",0.6468,,"space",0.3402,,4,"blue_gnome",4,4,"dark_forest","red_basket","brown_gnome",4,5,"bright_forest","yellow_basket",20,0,0,1,"blue_gnome","dark_forest","red_basket",2555,1,0,25,1,201,7,1,"",,,"",,,"",,,"",,,"",,,,,,,"","",,,"",,,"",,,"",,,,,,,"",,,"","",,,,,,,,"",,,,,,,"",,,"","","",,,,,,,,"",,,,,,,
"","","",,"","","","","","","",,"","","","","","","",,"","","","","","","",,"","","","","","","",,"","","","","","","",,"","","","","","","",,"","","","","","","",,"","","","","",159986,1,"2024-05-21_19h20.35.819","experiment","2023.2.3","MacIntel",61.34969325,"5dc9e325ac77c76f8a335019","664cb95af670ddca0a461021","664ce0d2679c458e54512a83","",,,"",,,"",,,"",,,"",,,"",,,"",,,,,"",,,"",,,,"",,,"","","",,,"","",,1,,,,"","","",,,,,,,4,,"",,,,,,,,,,,"","",,,,,,,"","",,,"s",0.1742,,"space",0.3304,,4,"blue_gnome",4,4,"dark_forest","red_basket","brown_gnome",4,6,"bright_forest","yellow_basket",4,0,0,1,"blue_gnome","dark_forest","red_basket",2559,-1,-2,25,2,202,3,1,"",,,"",,,"",,,"",,,"",,,,,,,"","",,,"",,,"",,,"",,,,,,,"",,,"","",,,,,,,,"",,,,,,,"",,,"","","",,,,,,,,"",,,,,,,
"","","",,"","","","","","","",,"","","","","","","",,"","","","","","","",,"","","","","","","",,"","","","","","","",,"","","","","","","",,"","","","","","","",,"","","","","",159986,1,"2024-05-21_19h20.35.819","experiment","2023.2.3","MacIntel",61.34969325,"5dc9e325ac77c76f8a335019","664cb95af670ddca0a461021","664ce0d2679c458e54512a83","",,,"",,,"",,,"",,,"",,,"",,,"",,,,,"",,,"",,,,"",,,"","","",,,"","",,1,,,,"","","",,,,,,,2,,"",,,,,,,,,,,"","",,,,,,,"","",,,"s",0.3465,,"space",0.3655,,2,"orange_gnome",2,5,"bright_forest","yellow_basket","purple_gnome",2,2,"dark_forest","red_basket",5,0,0,1,"orange_gnome","bright_forest","yellow_basket",2564,-1,-1,25,3,203,1,1,"",,,"",,,"",,,"",,,"",,,,,,,"","",,,"",,,"",,,"",,,,,,,"",,,"","",,,,,,,,"",,,,,,,"",,,"","","",,,,,,,,"",,,,,,,
"","","",,"","","","","","","",,"","","","","","","",,"","","","","","","",,"","","","","","","",,"","","","","","","",,"","","","","","","",,"","","","","","","",,"","","","","",159986,1,"2024-05-21_19h20.35.819","experiment","2023.2.3","MacIntel",61.34969325,"5dc9e325ac77c76f8a335019","664cb95af670ddca0a461021","664ce0d2679c458e54512a83","",,,"",,,"",,,"",,,"",,,"",,,"",,,,,"",,,"",,,,"",,,"","","",,,"","",,5,,,,"","","",,,,,,,3,,"",,,,,,,,,,,"","",,,,,,,"","",,,"s",0.3243,,"space",0.3804,,3,"yellow_gnome",3,4,"bright_forest","yellow_basket","red_gnome",3,1,"dark_forest","red_basket",20,0,0,1,"yellow_gnome","bright_forest","yellow_basket",2584,-1,1,25,4,204,6,1,"",,,"",,,"",,,"",,,"",,,,,,,"","",,,"",,,"",,,"",,,,,,,"",,,"","",,,,,,,,"",,,,,,,"",,,"","","",,,,,,,,"",,,,,,,
"","","",,"","","","","","","",,"","","","","","","",,"","","","","","","",,"","","","","","","",,"","","","","","","",,"","","","","","","",,"","","","","","","",,"","","","","",159986,1,"2024-05-21_19h20.35.819","experiment","2023.2.3","MacIntel",61.34969325,"5dc9e325ac77c76f8a335019","664cb95af670ddca0a461021","664ce0d2679c458e54512a83","",,,"",,,"",,,"",,,"",,,"",,,"",,,,,"",,,"",,,,"",,,"","","",,,"","",,1,,,,"","","",,,,,,,2,,"",,,,,,,,,,,"","",,,,,,,"","",,,"s",0.3135,,"space",0.4485,,2,"orange_gnome",2,3,"bright_forest","yellow_basket","purple_gnome",2,2,"dark_forest","red_basket",3,0,0,1,"orange_gnome","bright_forest","yellow_basket",2587,0,-2,25,5,205,1,1,"",,,"",,,"",,,"",,,"",,,,,,,"","",,,"",,,"",,,"",,,,,,,"",,,"","",,,,,,,,"",,,,,,,"",,,"","","",,,,,,,,"",,,,,,,
"","","",,"","","","","","","",,"","","","","","","",,"","","","","","","",,"","","","","","","",,"","","","","","","",,"","","","","","","",,"","","","","","","",,"","","","","",159986,1,"2024-05-21_19h20.35.819","experiment","2023.2.3","MacIntel",61.34969325,"5dc9e325ac77c76f8a335019","664cb95af670ddca0a461021","664ce0d2679c458e54512a83","",,,"",,,"",,,"",,,"",,,"",,,"",,,,,"",,,"",,,,"",,,"","","",,,"","",,1,,,,"","","",,,,,,,4,,"",,,,,,,,,,,"","",,,,,,,"","",,,"k",0.3471,,"space",0.3976,,4,"blue_gnome",4,0,"dark_forest","red_basket","brown_gnome",4,3,"bright_forest","yellow_basket",3,0,0,1,"brown_gnome","bright_forest","yellow_basket",2590,0,-2,25,6,206,3,1,"",,,"",,,"",,,"",,,"",,,,,,,"","",,,"",,,"",,,"",,,,,,,"",,,"","",,,,,,,,"",,,,,,,"",,,"","","",,,,,,,,"",,,,,,,
"","","",,"","","","","","","",,"","","","","","","",,"","","","","","","",,"","","","","","","",,"","","","","","","",,"","","","","","","",,"","","","","","","",,"","","","","",159986,1,"2024-05-21_19h20.35.819","experiment","2023.2.3","MacIntel",61.34969325,"5dc9e325ac77c76f8a335019","664cb95af670ddca0a461021","664ce0d2679c458e54512a83","",,,"",,,"",,,"",,,"",,,"",,,"",,,,,"",,,"",,,,"",,,"","","",,,"","",,1,,,,"","","",,,,,,,1,,"",,,,,,,,,,,"","",,,,,,,"","",,,"k",0.349,,"space",0.414,,1,"pink_gnome",1,3,"bright_forest","yellow_basket","green_gnome",1,2,"dark_forest","red_basket",2,0,0,1,"green_gnome","dark_forest","red_basket",2592,5,1,25,7,207,0,1,"",,,"",,,"",,,"",,,"",,,,,,,"","",,,"",,,"",,,"",,,,,,,"",,,"","",,,,,,,,"",,,,,,,"",,,"","","",,,,,,,,"",,,,,,,
"","","",,"","","","","","","",,"","","","","","","",,"","","","","","","",,"","","","","","","",,"","","","","","","",,"","","","","","","",,"","","","","","","",,"","","","","",159986,1,"2024-05-21_19h20.35.819","experiment","2023.2.3","MacIntel",61.34969325,"5dc9e325ac77c76f8a335019","664cb95af670ddca0a461021","664ce0d2679c458e54512a83","",,,"",,,"",,,"",,,"",,,"",,,"",,,,,"",,,"",,,,"",,,"","","",,,"","",,5,,,,"","","",,,,,,,4,,"",,,,,,,,,,,"","",,,,,,,"","",,,"s",0.381,,"space",0.364,,4,"blue_gnome",4,3,"dark_forest","red_basket","brown_gnome",4,8,"bright_forest","yellow_basket",15,0,0,1,"blue_gnome","dark_forest","red_basket",2607,0,-2,26,0,208,7,1,"",,,"",,,"",,,"",,,"",,,,,,,"","",,,"",,,"",,,"",,,,,,,"",,,"","",,,,,,,,"",,,,,,,"",,,"","","",,,,,,,,"",,,,,,,
"","","",,"","","","","","","",,"","","","","","","",,"","","","","","","",,"","","","","","","",,"","","","","","","",,"","","","","","","",,"","","","","","","",,"","","","","",159986,1,"2024-05-21_19h20.35.819","experiment","2023.2.3","MacIntel",61.34969325,"5dc9e325ac77c76f8a335019","664cb95af670ddca0a461021","664ce0d2679c458e54512a83","",,,"",,,"",,,"",,,"",,,"",,,"",,,,,"",,,"",,,,"",,,"","","",,,"","",,1,,,,"","","",,,,,,,1,,"",,,,,,,,,,,"","",,,,,,,"","",,,"k",0.4161,,"space",0.3298,,1,"pink_gnome",1,8,"bright_forest","yellow_basket","green_gnome",1,1,"dark_forest","red_basket",1,0,0,1,"green_gnome","dark_forest","red_basket",2608,0,-3,26,1,209,0,1,"",,,"",,,"",,,"",,,"",,,,,,,"","",,,"",,,"",,,"",,,,,,,"",,,"","",,,,,,,,"",,,,,,,"",,,"","","",,,,,,,,"",,,,,,,
"","","",,"","","","","","","",,"","","","","","","",,"","","","","","","",,"","","","","","","",,"","","","","","","",,"","","","","","","",,"","","","","","","",,"","","","","",159986,1,"2024-05-21_19h20.35.819","experiment","2023.2.3","MacIntel",61.34969325,"5dc9e325ac77c76f8a335019","664cb95af670ddca0a461021","664ce0d2679c458e54512a83","",,,"",,,"",,,"",,,"",,,"",,,"",,,,,"",,,"",,,,"",,,"","","",,,"","",,5,,,,"","","",,,,,,,2,,"",,,,,,,,,,,"","",,,,,,,"","",,,"s",0.3636,,"space",0.4888,,2,"purple_gnome",2,2,"dark_forest","red_basket","orange_gnome",2,8,"bright_forest","yellow_basket",10,0,0,1,"purple_gnome","dark_forest","red_basket",2618,2,-4,26,2,210,5,1,"",,,"",,,"",,,"",,,"",,,,,,,"","",,,"",,,"",,,"",,,,,,,"",,,"","",,,,,,,,"",,,,,,,"",,,"","","",,,,,,,,"",,,,,,,
"","","",,"","","","","","","",,"","","","","","","",,"","","","","","","",,"","","","","","","",,"","","","","","","",,"","","","","","","",,"","","","","","","",,"","","","","",159986,1,"2024-05-21_19h20.35.819","experiment","2023.2.3","MacIntel",61.34969325,"5dc9e325ac77c76f8a335019","664cb95af670ddca0a461021","664ce0d2679c458e54512a83","",,,"",,,"",,,"",,,"",,,"",,,"",,,,,"",,,"",,,,"",,,"","","",,,"","",,5,,,,"","","",,,,,,,3,,"",,,,,,,,,,,"","",,,,,,,"","",,,"k",0.48,,"space",0.6483,,3,"red_gnome",3,2,"dark_forest","red_basket","yellow_gnome",3,8,"bright_forest","yellow_basket",40,0,0,1,"yellow_gnome","bright_forest","yellow_basket",2658,-1,-2,26,3,211,6,1,"",,,"",,,"",,,"",,,"",,,,,,,"","",,,"",,,"",,,"",,,,,,,"",,,"","",,,,,,,,"",,,,,,,"",,,"","","",,,,,,,,"",,,,,,,
"","","",,"","","","","","","",,"","","","","","","",,"","","","","","","",,"","","","","","","",,"","","","","","","",,"","","","","","","",,"","","","","","","",,"","","","","",159986,1,"2024-05-21_19h20.35.819","experiment","2023.2.3","MacIntel",61.34969325,"5dc9e325ac77c76f8a335019","664cb95af670ddca0a461021","664ce0d2679c458e54512a83","",,,"",,,"",,,"",,,"",,,"",,,"",,,,,"",,,"",,,,"",,,"","","",,,"","",,5,,,,"","","",,,,,,,1,,"",,,,,,,,,,,"","",,,,,,,"","",,,"k",0.3394,,"space",0.3137,,1,"pink_gnome",1,7,"bright_forest","yellow_basket","green_gnome",1,0,"dark_forest","red_basket",0,0,0,1,"green_gnome","dark_forest","red_basket",2658,0,3,26,4,212,4,1,"",,,"",,,"",,,"",,,"",,,,,,,"","",,,"",,,"",,,"",,,,,,,"",,,"","",,,,,,,,"",,,,,,,"",,,"","","",,,,,,,,"",,,,,,,
"","","",,"","","","","","","",,"","","","","","","",,"","","","","","","",,"","","","","","","",,"","","","","","","",,"","","","","","","",,"","","","","","","",,"","","","","",159986,1,"2024-05-21_19h20.35.819","experiment","2023.2.3","MacIntel",61.34969325,"5dc9e325ac77c76f8a335019","664cb95af670ddca0a461021","664ce0d2679c458e54512a83","",,,"",,,"",,,"",,,"",,,"",,,"",,,,,"",,,"",,,,"",,,"","","",,,"","",,5,,,,"","","",,,,,,,2,,"",,,,,,,,,,,"","",,,,,,,"","",,,"k",0.3393,,"space",0.4304,,2,"orange_gnome",2,7,"bright_forest","yellow_basket","purple_gnome",2,3,"dark_forest","red_basket",15,0,0,1,"purple_gnome","dark_forest","red_basket",2673,0,0,26,5,213,5,1,"",,,"",,,"",,,"",,,"",,,,,,,"","",,,"",,,"",,,"",,,,,,,"",,,"","",,,,,,,,"",,,,,,,"",,,"","","",,,,,,,,"",,,,,,,
"","","",,"","","","","","","",,"","","","","","","",,"","","","","","","",,"","","","","","","",,"","","","","","","",,"","","","","","","",,"","","","","","","",,"","","","","",159986,1,"2024-05-21_19h20.35.819","experiment","2023.2.3","MacIntel",61.34969325,"5dc9e325ac77c76f8a335019","664cb95af670ddca0a461021","664ce0d2679c458e54512a83","",,,"",,,"",,,"",,,"",,,"",,,"",,,,,"",,,"",,,,"",,,"","","",,,"","",,1,,,,"","","",,,,,,,3,,"",,,,,,,,,,,"","",,,,,,,"","",,,"k",0.3974,,"space",0.4628,,3,"yellow_gnome",3,7,"bright_forest","yellow_basket","red_gnome",3,3,"dark_forest","red_basket",3,0,0,1,"red_gnome","dark_forest","red_basket",2676,-2,-1,26,6,214,2,1,"",,,"",,,"",,,"",,,"",,,,,,,"","",,,"",,,"",,,"",,,,,,,"",,,"","",,,,,,,,"",,,,,,,"",,,"","","",,,,,,,,"",,,,,,,
"","","",,"","","","","","","",,"","","","","","","",,"","","","","","","",,"","","","","","","",,"","","","","","","",,"","","","","","","",,"","","","","","","",,"","","","","",159986,1,"2024-05-21_19h20.35.819","experiment","2023.2.3","MacIntel",61.34969325,"5dc9e325ac77c76f8a335019","664cb95af670ddca0a461021","664ce0d2679c458e54512a83","",,,"",,,"",,,"",,,"",,,"",,,"",,,,,"",,,"",,,,"",,,"","","",,,"","",,1,,,,"","","",,,,,,,3,,"",,,,,,,,,,,"","",,,,,,,"","",,,"s",0.2958,,"space",0.5809,,3,"red_gnome",3,2,"dark_forest","red_basket","yellow_gnome",3,5,"bright_forest","yellow_basket",2,0,0,1,"red_gnome","dark_forest","red_basket",2678,1,0,26,7,215,2,1,"",,,"",,,"",,,"",,,"",,,,,,,"","",,,"",,,"",,,"",,,,,,,"",,,"","",,,,,,,,"",,,,,,,"",,,"","","",,,,,,,,"",,,,,,,
"","","",,"","","","","","","",,"","","","","","","",,"","","","","","","",,"","","","","","","",,"","","","","","","",,"","","","","","","",,"","","","","","","",,"","","","","",159986,1,"2024-05-21_19h20.35.819","experiment","2023.2.3","MacIntel",61.34969325,"5dc9e325ac77c76f8a335019","664cb95af670ddca0a461021","664ce0d2679c458e54512a83","",,,"",,,"",,,"",,,"",,,"",,,"",,,,,"",,,"",,,,"",,,"","","",,,"","",,5,,,,"","","",,,,,,,3,,"",,,,,,,,,,,"","",,,,,,,"","",,,"s",0.2988,,"space",0.3478,,3,"yellow_gnome",3,6,"bright_forest","yellow_basket","red_gnome",3,2,"dark_forest","red_basket",30,0,0,1,"yellow_gnome","bright_forest","yellow_basket",2708,1,0,27,0,216,6,1,"",,,"",,,"",,,"",,,"",,,,,,,"","",,,"",,,"",,,"",,,,,,,"",,,"","",,,,,,,,"",,,,,,,"",,,"","","",,,,,,,,"",,,,,,,
"","","",,"","","","","","","",,"","","","","","","",,"","","","","","","",,"","","","","","","",,"","","","","","","",,"","","","","","","",,"","","","","","","",,"","","","","",159986,1,"2024-05-21_19h20.35.819","experiment","2023.2.3","MacIntel",61.34969325,"5dc9e325ac77c76f8a335019","664cb95af670ddca0a461021","664ce0d2679c458e54512a83","",,,"",,,"",,,"",,,"",,,"",,,"",,,,,"",,,"",,,,"",,,"","","",,,"","",,1,,,,"","","",,,,,,,3,,"",,,,,,,,,,,"","",,,,,,,"","",,,"k",0.3721,,"space",0.4798,,3,"yellow_gnome",3,7,"bright_forest","yellow_basket","red_gnome",3,2,"dark_forest","red_basket",2,0,0,1,"red_gnome","dark_forest","red_basket",2710,1,-2,27,1,217,2,1,"",,,"",,,"",,,"",,,"",,,,,,,"","",,,"",,,"",,,"",,,,,,,"",,,"","",,,,,,,,"",,,,,,,"",,,"","","",,,,,,,,"",,,,,,,
"","","",,"","","","","","","",,"","","","","","","",,"","","","","","","",,"","","","","","","",,"","","","","","","",,"","","","","","","",,"","","","","","","",,"","","","","",159986,1,"2024-05-21_19h20.35.819","experiment","2023.2.3","MacIntel",61.34969325,"5dc9e325ac77c76f8a335019","664cb95af670ddca0a461021","664ce0d2679c458e54512a83","",,,"",,,"",,,"",,,"",,,"",,,"",,,,,"",,,"",,,,"",,,"","","",,,"","",,1,,,,"","","",,,,,,,4,,"",,,,,,,,,,,"","",,,,,,,"","",,,"k",0.3895,,"space",0.4478,,4,"blue_gnome",4,0,"dark_forest","red_basket","brown_gnome",4,8,"bright_forest","yellow_basket",8,0,0,1,"brown_gnome","bright_forest","yellow_basket",2718,4,1,27,2,218,3,1,"",,,"",,,"",,,"",,,"",,,,,,,"","",,,"",,,"",,,"",,,,,,,"",,,"","",,,,,,,,"",,,,,,,"",,,"","","",,,,,,,,"",,,,,,,
"","","",,"","","","","","","",,"","","","","","","",,"","","","","","","",,"","","","","","","",,"","","","","","","",,"","","","","","","",,"","","","","","","",,"","","","","",159986,1,"2024-05-21_19h20.35.819","experiment","2023.2.3","MacIntel",61.34969325,"5dc9e325ac77c76f8a335019","664cb95af670ddca0a461021","664ce0d2679c458e54512a83","",,,"",,,"",,,"",,,"",,,"",,,"",,,,,"",,,"",,,,"",,,"","","",,,"","",,5,,,,"","","",,,,,,,3,,"",,,,,,,,,,,"","",,,,,,,"","",,,"s",0.4394,,"space",0.3807,,3,"yellow_gnome",3,6,"bright_forest","yellow_basket","red_gnome",3,1,"dark_forest","red_basket",30,0,0,1,"yellow_gnome","bright_forest","yellow_basket",2748,0,0,27,3,219,6,1,"",,,"",,,"",,,"",,,"",,,,,,,"","",,,"",,,"",,,"",,,,,,,"",,,"","",,,,,,,,"",,,,,,,"",,,"","","",,,,,,,,"",,,,,,,
"","","",,"","","","","","","",,"","","","","","","",,"","","","","","","",,"","","","","","","",,"","","","","","","",,"","","","","","","",,"","","","","","","",,"","","","","",159986,1,"2024-05-21_19h20.35.819","experiment","2023.2.3","MacIntel",61.34969325,"5dc9e325ac77c76f8a335019","664cb95af670ddca0a461021","664ce0d2679c458e54512a83","",,,"",,,"",,,"",,,"",,,"",,,"",,,,,"",,,"",,,,"",,,"","","",,,"","",,5,,,,"","","",,,,,,,3,,"",,,,,,,,,,,"","",,,,,,,"","",,,"k",0.3967,,"space",0.3576,,3,"yellow_gnome",3,6,"bright_forest","yellow_basket","red_gnome",3,1,"dark_forest","red_basket",5,0,0,1,"red_gnome","dark_forest","red_basket",2753,0,0,27,4,220,6,1,"",,,"",,,"",,,"",,,"",,,,,,,"","",,,"",,,"",,,"",,,,,,,"",,,"","",,,,,,,,"",,,,,,,"",,,"","","",,,,,,,,"",,,,,,,
"","","",,"","","","","","","",,"","","","","","","",,"","","","","","","",,"","","","","","","",,"","","","","","","",,"","","","","","","",,"","","","","","","",,"","","","","",159986,1,"2024-05-21_19h20.35.819","experiment","2023.2.3","MacIntel",61.34969325,"5dc9e325ac77c76f8a335019","664cb95af670ddca0a461021","664ce0d2679c458e54512a83","",,,"",,,"",,,"",,,"",,,"",,,"",,,,,"",,,"",,,,"",,,"","","",,,"","",,5,,,,"","","",,,,,,,4,,"",,,,,,,,,,,"","",,,,,,,"","",,,"k",0.3819,,"space",0.3403,,4,"blue_gnome",4,1,"dark_forest","red_basket","brown_gnome",4,6,"bright_forest","yellow_basket",30,0,0,1,"brown_gnome","bright_forest","yellow_basket",2783,7,0,27,5,221,7,1,"",,,"",,,"",,,"",,,"",,,,,,,"","",,,"",,,"",,,"",,,,,,,"",,,"","",,,,,,,,"",,,,,,,"",,,"","","",,,,,,,,"",,,,,,,
"","","",,"","","","","","","",,"","","","","","","",,"","","","","","","",,"","","","","","","",,"","","","","","","",,"","","","","","","",,"","","","","","","",,"","","","","",159986,1,"2024-05-21_19h20.35.819","experiment","2023.2.3","MacIntel",61.34969325,"5dc9e325ac77c76f8a335019","664cb95af670ddca0a461021","664ce0d2679c458e54512a83","",,,"",,,"",,,"",,,"",,,"",,,"",,,,,"",,,"",,,,"",,,"","","",,,"","",,5,,,,"","","",,,,,,,4,,"",,,,,,,,,,,"","",,,,,,,"","",,,"s",0.3474,,"space",0.3652,,4,"brown_gnome",4,5,"bright_forest","yellow_basket","blue_gnome",4,1,"dark_forest","red_basket",25,0,0,1,"brown_gnome","bright_forest","yellow_basket",2808,-5,0,27,6,222,7,1,"",,,"",,,"",,,"",,,"",,,,,,,"","",,,"",,,"",,,"",,,,,,,"",,,"","",,,,,,,,"",,,,,,,"",,,"","","",,,,,,,,"",,,,,,,
"","","",,"","","","","","","",,"","","","","","","",,"","","","","","","",,"","","","","","","",,"","","","","","","",,"","","","","","","",,"","","","","","","",,"","","","","",159986,1,"2024-05-21_19h20.35.819","experiment","2023.2.3","MacIntel",61.34969325,"5dc9e325ac77c76f8a335019","664cb95af670ddca0a461021","664ce0d2679c458e54512a83","",,,"",,,"",,,"",,,"",,,"",,,"",,,,,"",,,"",,,,"",,,"","","",,,"","",,1,,,,"","","",,,,,,,2,,"",,,,,,,,,,,"","",,,,,,,"","",,,"k",0.3139,,"space",0.7312,,2,"orange_gnome",2,0,"bright_forest","yellow_basket","purple_gnome",2,1,"dark_forest","red_basket",1,0,0,1,"purple_gnome","dark_forest","red_basket",2809,1,-4,27,7,223,1,1,"",,,"",,,"",,,"",,,"",,,,,,,"","",,,"",,,"",,,"",,,,,,,"",,,"","",,,,,,,,"",,,,,,,"",,,"","","",,,,,,,,"",,,,,,,
"","","",,"","","","","","","",,"","","","","","","",,"","","","","","","",,"","","","","","","",,"","","","","","","",,"","","","","","","",,"","","","","","","",,"","","","","",159986,1,"2024-05-21_19h20.35.819","experiment","2023.2.3","MacIntel",61.34969325,"5dc9e325ac77c76f8a335019","664cb95af670ddca0a461021","664ce0d2679c458e54512a83","",,,"",,,"",,,"",,,"",,,"",,,"",,,,,"",,,"",,,,"",,,"","","",,,"","",,5,,,,"","","",,,,,,,2,,"",,,,,,,,,,,"","",,,,,,,"","",,,"s",0.3972,,"space",0.3798,,2,"purple_gnome",2,3,"dark_forest","red_basket","orange_gnome",2,1,"bright_forest","yellow_basket",15,0,0,1,"purple_gnome","dark_forest","red_basket",2824,-3,3,28,0,224,5,1,"",,,"",,,"",,,"",,,"",,,,,,,"","",,,"",,,"",,,"",,,,,,,"",,,"","",,,,,,,,"",,,,,,,"",,,"","","",,,,,,,,"",,,,,,,
"","","",,"","","","","","","",,"","","","","","","",,"","","","","","","",,"","","","","","","",,"","","","","","","",,"","","","","","","",,"","","","","","","",,"","","","","",159986,1,"2024-05-21_19h20.35.819","experiment","2023.2.3","MacIntel",61.34969325,"5dc9e325ac77c76f8a335019","664cb95af670ddca0a461021","664ce0d2679c458e54512a83","",,,"",,,"",,,"",,,"",,,"",,,"",,,,,"",,,"",,,,"",,,"","","",,,"","",,1,,,,"","","",,,,,,,4,,"",,,,,,,,,,,"","",,,,,,,"","",,,"k",0.3644,,"space",0.3969,,4,"brown_gnome",4,2,"bright_forest","yellow_basket","blue_gnome",4,6,"dark_forest","red_basket",6,0,0,1,"blue_gnome","dark_forest","red_basket",2830,-3,1,28,1,225,3,1,"",,,"",,,"",,,"",,,"",,,,,,,"","",,,"",,,"",,,"",,,,,,,"",,,"","",,,,,,,,"",,,,,,,"",,,"","","",,,,,,,,"",,,,,,,
"","","",,"","","","","","","",,"","","","","","","",,"","","","","","","",,"","","","","","","",,"","","","","","","",,"","","","","","","",,"","","","","","","",,"","","","","",159986,1,"2024-05-21_19h20.35.819","experiment","2023.2.3","MacIntel",61.34969325,"5dc9e325ac77c76f8a335019","664cb95af670ddca0a461021","664ce0d2679c458e54512a83","",,,"",,,"",,,"",,,"",,,"",,,"",,,,,"",,,"",,,,"",,,"","","",,,"","",,1,,,,"","","",,,,,,,1,,"",,,,,,,,,,,"","",,,,,,,"","",,,"s",0.3135,,"space",0.3633,,1,"green_gnome",1,7,"dark_forest","red_basket","pink_gnome",1,1,"bright_forest","yellow_basket",7,0,0,1,"green_gnome","dark_forest","red_basket",2837,-1,1,28,2,226,0,1,"",,,"",,,"",,,"",,,"",,,,,,,"","",,,"",,,"",,,"",,,,,,,"",,,"","",,,,,,,,"",,,,,,,"",,,"","","",,,,,,,,"",,,,,,,
"","","",,"","","","","","","",,"","","","","","","",,"","","","","","","",,"","","","","","","",,"","","","","","","",,"","","","","","","",,"","","","","","","",,"","","","","",159986,1,"2024-05-21_19h20.35.819","experiment","2023.2.3","MacIntel",61.34969325,"5dc9e325ac77c76f8a335019","664cb95af670ddca0a461021","664ce0d2679c458e54512a83","",,,"",,,"",,,"",,,"",,,"",,,"",,,,,"",,,"",,,,"",,,"","","",,,"","",,1,,,,"","","",,,,,,,4,,"",,,,,,,,,,,"","",,,,,,,"","",,,"k",0.3309,,"space",0.3142,,4,"brown_gnome",4,0,"bright_forest","yellow_basket","blue_gnome",4,8,"dark_forest","red_basket",8,0,0,1,"blue_gnome","dark_forest","red_basket",2845,1,0,28,3,227,3,1,"",,,"",,,"",,,"",,,"",,,,,,,"","",,,"",,,"",,,"",,,,,,,"",,,"","",,,,,,,,"",,,,,,,"",,,"","","",,,,,,,,"",,,,,,,
"","","",,"","","","","","","",,"","","","","","","",,"","","","","","","",,"","","","","","","",,"","","","","","","",,"","","","","","","",,"","","","","","","",,"","","","","",159986,1,"2024-05-21_19h20.35.819","experiment","2023.2.3","MacIntel",61.34969325,"5dc9e325ac77c76f8a335019","664cb95af670ddca0a461021","664ce0d2679c458e54512a83","",,,"",,,"",,,"",,,"",,,"",,,"",,,,,"",,,"",,,,"",,,"","","",,,"","",,1,,,,"","","",,,,,,,1,,"",,,,,,,,,,,"","",,,,,,,"","",,,"s",0.2992,,"space",0.4728,,1,"pink_gnome",1,1,"bright_forest","yellow_basket","green_gnome",1,8,"dark_forest","red_basket",1,0,0,1,"pink_gnome","bright_forest","yellow_basket",2846,-3,1,28,4,228,0,1,"",,,"",,,"",,,"",,,"",,,,,,,"","",,,"",,,"",,,"",,,,,,,"",,,"","",,,,,,,,"",,,,,,,"",,,"","","",,,,,,,,"",,,,,,,
"","","",,"","","","","","","",,"","","","","","","",,"","","","","","","",,"","","","","","","",,"","","","","","","",,"","","","","","","",,"","","","","","","",,"","","","","",159986,1,"2024-05-21_19h20.35.819","experiment","2023.2.3","MacIntel",61.34969325,"5dc9e325ac77c76f8a335019","664cb95af670ddca0a461021","664ce0d2679c458e54512a83","",,,"",,,"",,,"",,,"",,,"",,,"",,,,,"",,,"",,,,"",,,"","","",,,"","",,1,,,,"","","",,,,,,,2,,"",,,,,,,,,,,"","",,,,,,,"","",,,"k",0.3467,,"space",0.3969,,2,"purple_gnome",2,9,"dark_forest","red_basket","orange_gnome",2,2,"bright_forest","yellow_basket",2,0,0,1,"orange_gnome","bright_forest","yellow_basket",2848,1,-1,28,5,229,1,1,"",,,"",,,"",,,"",,,"",,,,,,,"","",,,"",,,"",,,"",,,,,,,"",,,"","",,,,,,,,"",,,,,,,"",,,"","","",,,,,,,,"",,,,,,,
"","","",,"","","","","","","",,"","","","","","","",,"","","","","","","",,"","","","","","","",,"","","","","","","",,"","","","","","","",,"","","","","","","",,"","","","","",159986,1,"2024-05-21_19h20.35.819","experiment","2023.2.3","MacIntel",61.34969325,"5dc9e325ac77c76f8a335019","664cb95af670ddca0a461021","664ce0d2679c458e54512a83","",,,"",,,"",,,"",,,"",,,"",,,"",,,,,"",,,"",,,,"",,,"","","",,,"","",,5,,,,"","","",,,,,,,1,,"",,,,,,,,,,,"","",,,,,,,"","",,,"s",0.3649,,"space",0.8999,,1,"green_gnome",1,8,"dark_forest","red_basket","pink_gnome",1,3,"bright_forest","yellow_basket",40,0,0,1,"green_gnome","dark_forest","red_basket",2888,-2,-1,28,6,230,4,1,"",,,"",,,"",,,"",,,"",,,,,,,"","",,,"",,,"",,,"",,,,,,,"",,,"","",,,,,,,,"",,,,,,,"",,,"","","",,,,,,,,"",,,,,,,
"","","",,"","","","","","","",,"","","","","","","",,"","","","","","","",,"","","","","","","",,"","","","","","","",,"","","","","","","",,"","","","","","","",,"","","","","",159986,1,"2024-05-21_19h20.35.819","experiment","2023.2.3","MacIntel",61.34969325,"5dc9e325ac77c76f8a335019","664cb95af670ddca0a461021","664ce0d2679c458e54512a83","",,,"",,,"",,,"",,,"",,,"",,,"",,,,,"",,,"",,,,"",,,"","","",,,"","",,5,,,,"","","",,,,,,,1,,"",,,,,,,,,,,"","",,,,,,,"","",,,"k",0.3968,,"space",0.2735,,1,"pink_gnome",1,1,"bright_forest","yellow_basket","green_gnome",1,7,"dark_forest","red_basket",35,0,0,1,"green_gnome","dark_forest","red_basket",2923,-2,0,28,7,231,4,1,"",,,"",,,"",,,"",,,"",,,,,,,"","",,,"",,,"",,,"",,,,,,,"",,,"","",,,,,,,,"",,,,,,,"",,,"","","",,,,,,,,"",,,,,,,
"","","",,"","","","","","","",,"","","","","","","",,"","","","","","","",,"","","","","","","",,"","","","","","","",,"","","","","","","",,"","","","","","","",,"","","","","",159986,1,"2024-05-21_19h20.35.819","experiment","2023.2.3","MacIntel",61.34969325,"5dc9e325ac77c76f8a335019","664cb95af670ddca0a461021","664ce0d2679c458e54512a83","",,,"",,,"",,,"",,,"",,,"",,,"",,,,,"",,,"",,,,"",,,"","","",,,"","",,5,,,,"","","",,,,,,,4,,"",,,,,,,,,,,"","",,,,,,,"","",,,"s",0.3809,,"space",0.3804,,4,"blue_gnome",4,7,"dark_forest","red_basket","brown_gnome",4,1,"bright_forest","yellow_basket",35,0,0,1,"blue_gnome","dark_forest","red_basket",2958,2,2,29,0,232,7,1,"",,,"",,,"",,,"",,,"",,,,,,,"","",,,"",,,"",,,"",,,,,,,"",,,"","",,,,,,,,"",,,,,,,"",,,"","","",,,,,,,,"",,,,,,,
"","","",,"","","","","","","",,"","","","","","","",,"","","","","","","",,"","","","","","","",,"","","","","","","",,"","","","","","","",,"","","","","","","",,"","","","","",159986,1,"2024-05-21_19h20.35.819","experiment","2023.2.3","MacIntel",61.34969325,"5dc9e325ac77c76f8a335019","664cb95af670ddca0a461021","664ce0d2679c458e54512a83","",,,"",,,"",,,"",,,"",,,"",,,"",,,,,"",,,"",,,,"",,,"","","",,,"","",,5,,,,"","","",,,,,,,1,,"",,,,,,,,,,,"","",,,,,,,"","",,,"s",0.7319,,"space",0.4484,,1,"green_gnome",1,9,"dark_forest","red_basket","pink_gnome",1,3,"bright_forest","yellow_basket",45,0,0,1,"green_gnome","dark_forest","red_basket",3003,0,-1,29,1,233,4,1,"",,,"",,,"",,,"",,,"",,,,,,,"","",,,"",,,"",,,"",,,,,,,"",,,"","",,,,,,,,"",,,,,,,"",,,"","","",,,,,,,,"",,,,,,,
"","","",,"","","","","","","",,"","","","","","","",,"","","","","","","",,"","","","","","","",,"","","","","","","",,"","","","","","","",,"","","","","","","",,"","","","","",159986,1,"2024-05-21_19h20.35.819","experiment","2023.2.3","MacIntel",61.34969325,"5dc9e325ac77c76f8a335019","664cb95af670ddca0a461021","664ce0d2679c458e54512a83","",,,"",,,"",,,"",,,"",,,"",,,"",,,,,"",,,"",,,,"",,,"","","",,,"","",,1,,,,"","","",,,,,,,4,,"",,,,,,,,,,,"","",,,,,,,"","",,,"k",0.3144,,"space",0.364,,4,"blue_gnome",4,8,"dark_forest","red_basket","brown_gnome",4,3,"bright_forest","yellow_basket",3,0,0,1,"brown_gnome","bright_forest","yellow_basket",3006,-1,3,29,2,234,3,1,"",,,"",,,"",,,"",,,"",,,,,,,"","",,,"",,,"",,,"",,,,,,,"",,,"","",,,,,,,,"",,,,,,,"",,,"","","",,,,,,,,"",,,,,,,
"","","",,"","","","","","","",,"","","","","","","",,"","","","","","","",,"","","","","","","",,"","","","","","","",,"","","","","","","",,"","","","","","","",,"","","","","",159986,1,"2024-05-21_19h20.35.819","experiment","2023.2.3","MacIntel",61.34969325,"5dc9e325ac77c76f8a335019","664cb95af670ddca0a461021","664ce0d2679c458e54512a83","",,,"",,,"",,,"",,,"",,,"",,,"",,,,,"",,,"",,,,"",,,"","","",,,"","",,1,,,,"","","",,,,,,,4,,"",,,,,,,,,,,"","",,,,,,,"","",,,"s",0.373,,"space",0.5963,,4,"blue_gnome",4,7,"dark_forest","red_basket","brown_gnome",4,2,"bright_forest","yellow_basket",7,0,0,1,"blue_gnome","dark_forest","red_basket",3013,0,1,29,3,235,3,1,"",,,"",,,"",,,"",,,"",,,,,,,"","",,,"",,,"",,,"",,,,,,,"",,,"","",,,,,,,,"",,,,,,,"",,,"","","",,,,,,,,"",,,,,,,
"","","",,"","","","","","","",,"","","","","","","",,"","","","","","","",,"","","","","","","",,"","","","","","","",,"","","","","","","",,"","","","","","","",,"","","","","",159986,1,"2024-05-21_19h20.35.819","experiment","2023.2.3","MacIntel",61.34969325,"5dc9e325ac77c76f8a335019","664cb95af670ddca0a461021","664ce0d2679c458e54512a83","",,,"",,,"",,,"",,,"",,,"",,,"",,,,,"",,,"",,,,"",,,"","","",,,"","",,1,,,,"","","",,,,,,,4,,"",,,,,,,,,,,"","",,,,,,,"","",,,"s",0.3976,,"space",0.4505,,4,"blue_gnome",4,8,"dark_forest","red_basket","brown_gnome",4,2,"bright_forest","yellow_basket",8,0,0,1,"blue_gnome","dark_forest","red_basket",3021,3,0,29,4,236,3,1,"",,,"",,,"",,,"",,,"",,,,,,,"","",,,"",,,"",,,"",,,,,,,"",,,"","",,,,,,,,"",,,,,,,"",,,"","","",,,,,,,,"",,,,,,,
"","","",,"","","","","","","",,"","","","","","","",,"","","","","","","",,"","","","","","","",,"","","","","","","",,"","","","","","","",,"","","","","","","",,"","","","","",159986,1,"2024-05-21_19h20.35.819","experiment","2023.2.3","MacIntel",61.34969325,"5dc9e325ac77c76f8a335019","664cb95af670ddca0a461021","664ce0d2679c458e54512a83","",,,"",,,"",,,"",,,"",,,"",,,"",,,,,"",,,"",,,,"",,,"","","",,,"","",,5,,,,"","","",,,,,,,2,,"",,,,,,,,,,,"","",,,,,,,"","",,,"k",0.3734,,"space",0.4983,,2,"purple_gnome",2,8,"dark_forest","red_basket","orange_gnome",2,5,"bright_forest","yellow_basket",25,0,0,1,"orange_gnome","bright_forest","yellow_basket",3046,3,-3,29,5,237,5,1,"",,,"",,,"",,,"",,,"",,,,,,,"","",,,"",,,"",,,"",,,,,,,"",,,"","",,,,,,,,"",,,,,,,"",,,"","","",,,,,,,,"",,,,,,,
"","","",,"","","","","","","",,"","","","","","","",,"","","","","","","",,"","","","","","","",,"","","","","","","",,"","","","","","","",,"","","","","","","",,"","","","","",159986,1,"2024-05-21_19h20.35.819","experiment","2023.2.3","MacIntel",61.34969325,"5dc9e325ac77c76f8a335019","664cb95af670ddca0a461021","664ce0d2679c458e54512a83","",,,"",,,"",,,"",,,"",,,"",,,"",,,,,"",,,"",,,,"",,,"","","",,,"","",,1,,,,"","","",,,,,,,4,,"",,,,,,,,,,,"","",,,,,,,"","",,,"s",0.3084,,"space",0.6302,,4,"blue_gnome",4,5,"dark_forest","red_basket","brown_gnome",4,8,"bright_forest","yellow_basket",5,0,0,1,"blue_gnome","dark_forest","red_basket",3051,1,-2,29,6,238,3,1,"",,,"",,,"",,,"",,,"",,,,,,,"","",,,"",,,"",,,"",,,,,,,"",,,"","",,,,,,,,"",,,,,,,"",,,"","","",,,,,,,,"",,,,,,,
"","","",,"","","","","","","",,"","","","","","","",,"","","","","","","",,"","","","","","","",,"","","","","","","",,"","","","","","","",,"","","","","","","",,"","","","","",159986,1,"2024-05-21_19h20.35.819","experiment","2023.2.3","MacIntel",61.34969325,"5dc9e325ac77c76f8a335019","664cb95af670ddca0a461021","664ce0d2679c458e54512a83","",,,"",,,"",,,"",,,"",,,"",,,"",,,,,"",,,"",,,,"",,,"","","",,,"","",,1,,,,"","","",,,,,,,4,,"",,,,,,,,,,,"","",,,,,,,"","",,,"k",0.3466,,"space",0.35,,4,"brown_gnome",4,9,"bright_forest","yellow_basket","blue_gnome",4,3,"dark_forest","red_basket",3,0,0,1,"blue_gnome","dark_forest","red_basket",3054,-1,0,29,7,239,3,1,"",,,"",,,"",,,"",,,"",,,,,,,"","",,,"",,,"",,,"",,,,,,,"",,,"","",,,,,,,,"",,,,,,,"",,,"","","",,,,,,,,"",,,,,,,
"","","",,"","","","","","","",,"","","","","","","",,"","","","","","","",,"","","","","","","",,"","","","","","","",,"","","","","","","",,"","","","","","","",,"","","","","",159986,1,"2024-05-21_19h20.35.819","experiment","2023.2.3","MacIntel",61.34969325,"5dc9e325ac77c76f8a335019","664cb95af670ddca0a461021","664ce0d2679c458e54512a83","",,,"",,,"",,,"",,,"",,,"",,,"",,,,,"",,,"",,,,"",,,"","","",,,"","",,5,,,,"","","",,,,,,,3,,"",,,,,,,,,,,"","",,,,,,,"","",,,"s",0.4143,,"space",0.3065,,3,"red_gnome",3,3,"dark_forest","red_basket","yellow_gnome",3,8,"bright_forest","yellow_basket",15,0,0,1,"red_gnome","dark_forest","red_basket",3069,-2,1,30,0,240,6,1,"",,,"",,,"",,,"",,,"",,,,,,,"","",,,"",,,"",,,"",,,,,,,"",,,"","",,,,,,,,"",,,,,,,"",,,"","","",,,,,,,,"",,,,,,,
"","","",,"","","","","","","",,"","","","","","","",,"","","","","","","",,"","","","","","","",,"","","","","","","",,"","","","","","","",,"","","","","","","",,"","","","","",159986,1,"2024-05-21_19h20.35.819","experiment","2023.2.3","MacIntel",61.34969325,"5dc9e325ac77c76f8a335019","664cb95af670ddca0a461021","664ce0d2679c458e54512a83","",,,"",,,"",,,"",,,"",,,"",,,"",,,,,"",,,"",,,,"",,,"","","",,,"","",,5,,,,"","","",,,,,,,2,,"",,,,,,,,,,,"","",,,,,,,"","",,,"k",0.481,,"space",0.3807,,2,"orange_gnome",2,6,"bright_forest","yellow_basket","purple_gnome",2,4,"dark_forest","red_basket",20,0,0,1,"purple_gnome","dark_forest","red_basket",3089,3,-1,30,1,241,5,1,"",,,"",,,"",,,"",,,"",,,,,,,"","",,,"",,,"",,,"",,,,,,,"",,,"","",,,,,,,,"",,,,,,,"",,,"","","",,,,,,,,"",,,,,,,
"","","",,"","","","","","","",,"","","","","","","",,"","","","","","","",,"","","","","","","",,"","","","","","","",,"","","","","","","",,"","","","","","","",,"","","","","",159986,1,"2024-05-21_19h20.35.819","experiment","2023.2.3","MacIntel",61.34969325,"5dc9e325ac77c76f8a335019","664cb95af670ddca0a461021","664ce0d2679c458e54512a83","",,,"",,,"",,,"",,,"",,,"",,,"",,,,,"",,,"",,,,"",,,"","","",,,"","",,5,,,,"","","",,,,,,,3,,"",,,,,,,,,,,"","",,,,,,,"","",,,"s",0.5142,,"space",0.4812,,3,"red_gnome",3,3,"dark_forest","red_basket","yellow_gnome",3,9,"bright_forest","yellow_basket",15,0,0,1,"red_gnome","dark_forest","red_basket",3104,2,3,30,2,242,6,1,"",,,"",,,"",,,"",,,"",,,,,,,"","",,,"",,,"",,,"",,,,,,,"",,,"","",,,,,,,,"",,,,,,,"",,,"","","",,,,,,,,"",,,,,,,
"","","",,"","","","","","","",,"","","","","","","",,"","","","","","","",,"","","","","","","",,"","","","","","","",,"","","","","","","",,"","","","","","","",,"","","","","",159986,1,"2024-05-21_19h20.35.819","experiment","2023.2.3","MacIntel",61.34969325,"5dc9e325ac77c76f8a335019","664cb95af670ddca0a461021","664ce0d2679c458e54512a83","",,,"",,,"",,,"",,,"",,,"",,,"",,,,,"",,,"",,,,"",,,"","","",,,"","",,5,,,,"","","",,,,,,,2,,"",,,,,,,,,,,"","",,,,,,,"","",,,"k",0.4129,,"space",0.4303,,2,"orange_gnome",2,7,"bright_forest","yellow_basket","purple_gnome",2,6,"dark_forest","red_basket",30,0,0,1,"purple_gnome","dark_forest","red_basket",3134,-1,2,30,3,243,5,1,"",,,"",,,"",,,"",,,"",,,,,,,"","",,,"",,,"",,,"",,,,,,,"",,,"","",,,,,,,,"",,,,,,,"",,,"","","",,,,,,,,"",,,,,,,
"","","",,"","","","","","","",,"","","","","","","",,"","","","","","","",,"","","","","","","",,"","","","","","","",,"","","","","","","",,"","","","","","","",,"","","","","",159986,1,"2024-05-21_19h20.35.819","experiment","2023.2.3","MacIntel",61.34969325,"5dc9e325ac77c76f8a335019","664cb95af670ddca0a461021","664ce0d2679c458e54512a83","",,,"",,,"",,,"",,,"",,,"",,,"",,,,,"",,,"",,,,"",,,"","","",,,"","",,1,,,,"","","",,,,,,,4,,"",,,,,,,,,,,"","",,,,,,,"","",,,"s",0.5311,,"space",0.3316,,4,"blue_gnome",4,8,"dark_forest","red_basket","brown_gnome",4,6,"bright_forest","yellow_basket",8,0,0,1,"blue_gnome","dark_forest","red_basket",3142,-1,1,30,4,244,3,1,"",,,"",,,"",,,"",,,"",,,,,,,"","",,,"",,,"",,,"",,,,,,,"",,,"","",,,,,,,,"",,,,,,,"",,,"","","",,,,,,,,"",,,,,,,
"","","",,"","","","","","","",,"","","","","","","",,"","","","","","","",,"","","","","","","",,"","","","","","","",,"","","","","","","",,"","","","","","","",,"","","","","",159986,1,"2024-05-21_19h20.35.819","experiment","2023.2.3","MacIntel",61.34969325,"5dc9e325ac77c76f8a335019","664cb95af670ddca0a461021","664ce0d2679c458e54512a83","",,,"",,,"",,,"",,,"",,,"",,,"",,,,,"",,,"",,,,"",,,"","","",,,"","",,5,,,,"","","",,,,,,,2,,"",,,,,,,,,,,"","",,,,,,,"","",,,"k",0.281,,"space",0.3309,,2,"orange_gnome",2,5,"bright_forest","yellow_basket","purple_gnome",2,9,"dark_forest","red_basket",45,0,0,1,"purple_gnome","dark_forest","red_basket",3187,1,-1,30,5,245,5,1,"",,,"",,,"",,,"",,,"",,,,,,,"","",,,"",,,"",,,"",,,,,,,"",,,"","",,,,,,,,"",,,,,,,"",,,"","","",,,,,,,,"",,,,,,,
"","","",,"","","","","","","",,"","","","","","","",,"","","","","","","",,"","","","","","","",,"","","","","","","",,"","","","","","","",,"","","","","","","",,"","","","","",159986,1,"2024-05-21_19h20.35.819","experiment","2023.2.3","MacIntel",61.34969325,"5dc9e325ac77c76f8a335019","664cb95af670ddca0a461021","664ce0d2679c458e54512a83","",,,"",,,"",,,"",,,"",,,"",,,"",,,,,"",,,"",,,,"",,,"","","",,,"","",,5,,,,"","","",,,,,,,1,,"",,,,,,,,,,,"","",,,,,,,"","",,,"s",0.4129,,"space",0.3481,,1,"pink_gnome",1,6,"bright_forest","yellow_basket","green_gnome",1,8,"dark_forest","red_basket",30,0,0,1,"pink_gnome","bright_forest","yellow_basket",3217,3,2,30,6,246,4,1,"",,,"",,,"",,,"",,,"",,,,,,,"","",,,"",,,"",,,"",,,,,,,"",,,"","",,,,,,,,"",,,,,,,"",,,"","","",,,,,,,,"",,,,,,,
"","","",,"","","","","","","",,"","","","","","","",,"","","","","","","",,"","","","","","","",,"","","","","","","",,"","","","","","","",,"","","","","","","",,"","","","","",159986,1,"2024-05-21_19h20.35.819","experiment","2023.2.3","MacIntel",61.34969325,"5dc9e325ac77c76f8a335019","664cb95af670ddca0a461021","664ce0d2679c458e54512a83","",,,"",,,"",,,"",,,"",,,"",,,"",,,,,"",,,"",,,,"",,,"","","",,,"","",,5,,,,"","","",,,,,,,3,,"",,,,,,,,,,,"","",,,,,,,"","",,,"k",0.347,,"space",0.3809,,3,"red_gnome",3,8,"dark_forest","red_basket","yellow_gnome",3,9,"bright_forest","yellow_basket",45,0,0,1,"yellow_gnome","bright_forest","yellow_basket",3262,-2,1,30,7,247,6,1,"",,,"",,,"",,,"",,,"",,,,,,,"","",,,"",,,"",,,"",,,,,,,"",,,"","",,,,,,,,"",,,,,,,"",,,"","","",,,,,,,,"",,,,,,,
"","","",,"","","","","","","",,"","","","","","","",,"","","","","","","",,"","","","","","","",,"","","","","","","",,"","","","","","","",,"","","","","","","",,"","","","","",159986,1,"2024-05-21_19h20.35.819","experiment","2023.2.3","MacIntel",61.34969325,"5dc9e325ac77c76f8a335019","664cb95af670ddca0a461021","664ce0d2679c458e54512a83","",,,"",,,"",,,"",,,"",,,"",,,"",,,,,"",,,"",,,,"",,,"","","",,,"","",,5,,,,"","","",,,,,,,3,,"",,,,,,,,,,,"","",,,,,,,"","",,,"s",0.4582,,"space",0.5313,,3,"red_gnome",3,9,"dark_forest","red_basket","yellow_gnome",3,7,"bright_forest","yellow_basket",45,0,0,1,"red_gnome","dark_forest","red_basket",3307,-2,2,31,0,248,6,1,"",,,"",,,"",,,"",,,"",,,,,,,"","",,,"",,,"",,,"",,,,,,,"",,,"","",,,,,,,,"",,,,,,,"",,,"","","",,,,,,,,"",,,,,,,
"","","",,"","","","","","","",,"","","","","","","",,"","","","","","","",,"","","","","","","",,"","","","","","","",,"","","","","","","",,"","","","","","","",,"","","","","",159986,1,"2024-05-21_19h20.35.819","experiment","2023.2.3","MacIntel",61.34969325,"5dc9e325ac77c76f8a335019","664cb95af670ddca0a461021","664ce0d2679c458e54512a83","",,,"",,,"",,,"",,,"",,,"",,,"",,,,,"",,,"",,,,"",,,"","","",,,"","",,5,,,,"","","",,,,,,,3,,"",,,,,,,,,,,"","",,,,,,,"","",,,"k",0.4799,,"space",0.3578,,3,"yellow_gnome",3,5,"bright_forest","yellow_basket","red_gnome",3,7,"dark_forest","red_basket",35,0,0,1,"red_gnome","dark_forest","red_basket",3342,2,0,31,1,249,6,1,"",,,"",,,"",,,"",,,"",,,,,,,"","",,,"",,,"",,,"",,,,,,,"",,,"","",,,,,,,,"",,,,,,,"",,,"","","",,,,,,,,"",,,,,,,
"","","",,"","","","","","","",,"","","","","","","",,"","","","","","","",,"","","","","","","",,"","","","","","","",,"","","","","","","",,"","","","","","","",,"","","","","",159986,1,"2024-05-21_19h20.35.819","experiment","2023.2.3","MacIntel",61.34969325,"5dc9e325ac77c76f8a335019","664cb95af670ddca0a461021","664ce0d2679c458e54512a83","",,,"",,,"",,,"",,,"",,,"",,,"",,,,,"",,,"",,,,"",,,"","","",,,"","",,1,,,,"","","",,,,,,,3,,"",,,,,,,,,,,"","",,,,,,,"","",,,"s",0.3296,,"space",0.5916,,3,"yellow_gnome",3,7,"bright_forest","yellow_basket","red_gnome",3,7,"dark_forest","red_basket",7,0,0,1,"yellow_gnome","bright_forest","yellow_basket",3349,-3,0,31,2,250,2,1,"",,,"",,,"",,,"",,,"",,,,,,,"","",,,"",,,"",,,"",,,,,,,"",,,"","",,,,,,,,"",,,,,,,"",,,"","","",,,,,,,,"",,,,,,,
"","","",,"","","","","","","",,"","","","","","","",,"","","","","","","",,"","","","","","","",,"","","","","","","",,"","","","","","","",,"","","","","","","",,"","","","","",159986,1,"2024-05-21_19h20.35.819","experiment","2023.2.3","MacIntel",61.34969325,"5dc9e325ac77c76f8a335019","664cb95af670ddca0a461021","664ce0d2679c458e54512a83","",,,"",,,"",,,"",,,"",,,"",,,"",,,,,"",,,"",,,,"",,,"","","",,,"","",,5,,,,"","","",,,,,,,2,,"",,,,,,,,,,,"","",,,,,,,"","",,,"k",0.363,,"space",0.6314,,2,"purple_gnome",2,7,"dark_forest","red_basket","orange_gnome",2,4,"bright_forest","yellow_basket",20,0,0,1,"orange_gnome","bright_forest","yellow_basket",3369,-3,2,31,3,251,5,1,"",,,"",,,"",,,"",,,"",,,,,,,"","",,,"",,,"",,,"",,,,,,,"",,,"","",,,,,,,,"",,,,,,,"",,,"","","",,,,,,,,"",,,,,,,
"","","",,"","","","","","","",,"","","","","","","",,"","","","","","","",,"","","","","","","",,"","","","","","","",,"","","","","","","",,"","","","","","","",,"","","","","",159986,1,"2024-05-21_19h20.35.819","experiment","2023.2.3","MacIntel",61.34969325,"5dc9e325ac77c76f8a335019","664cb95af670ddca0a461021","664ce0d2679c458e54512a83","",,,"",,,"",,,"",,,"",,,"",,,"",,,,,"",,,"",,,,"",,,"","","",,,"","",,5,,,,"","","",,,,,,,3,,"",,,,,,,,,,,"","",,,,,,,"","",,,"k",0.364,,"space",0.3129,,3,"red_gnome",3,9,"dark_forest","red_basket","yellow_gnome",3,1,"bright_forest","yellow_basket",5,0,0,1,"yellow_gnome","bright_forest","yellow_basket",3374,-3,2,31,4,252,6,1,"",,,"",,,"",,,"",,,"",,,,,,,"","",,,"",,,"",,,"",,,,,,,"",,,"","",,,,,,,,"",,,,,,,"",,,"","","",,,,,,,,"",,,,,,,
"","","",,"","","","","","","",,"","","","","","","",,"","","","","","","",,"","","","","","","",,"","","","","","","",,"","","","","","","",,"","","","","","","",,"","","","","",159986,1,"2024-05-21_19h20.35.819","experiment","2023.2.3","MacIntel",61.34969325,"5dc9e325ac77c76f8a335019","664cb95af670ddca0a461021","664ce0d2679c458e54512a83","",,,"",,,"",,,"",,,"",,,"",,,"",,,,,"",,,"",,,,"",,,"","","",,,"","",,5,,,,"","","",,,,,,,2,,"",,,,,,,,,,,"","",,,,,,,"","",,,"s",0.2977,,"space",0.4153,,2,"orange_gnome",2,2,"bright_forest","yellow_basket","purple_gnome",2,7,"dark_forest","red_basket",10,0,0,1,"orange_gnome","bright_forest","yellow_basket",3384,1,0,31,5,253,5,1,"",,,"",,,"",,,"",,,"",,,,,,,"","",,,"",,,"",,,"",,,,,,,"",,,"","",,,,,,,,"",,,,,,,"",,,"","","",,,,,,,,"",,,,,,,
"","","",,"","","","","","","",,"","","","","","","",,"","","","","","","",,"","","","","","","",,"","","","","","","",,"","","","","","","",,"","","","","","","",,"","","","","",159986,1,"2024-05-21_19h20.35.819","experiment","2023.2.3","MacIntel",61.34969325,"5dc9e325ac77c76f8a335019","664cb95af670ddca0a461021","664ce0d2679c458e54512a83","",,,"",,,"",,,"",,,"",,,"",,,"",,,,,"",,,"",,,,"",,,"","","",,,"","",,5,,,,"","","",,,,,,,4,,"",,,,,,,,,,,"","",,,,,,,"","",,,"k",0.3135,,"space",0.7642,,4,"brown_gnome",4,3,"bright_forest","yellow_basket","blue_gnome",4,7,"dark_forest","red_basket",35,0,0,1,"blue_gnome","dark_forest","red_basket",3419,2,-1,31,6,254,7,1,"",,,"",,,"",,,"",,,"",,,,,,,"","",,,"",,,"",,,"",,,,,,,"",,,"","",,,,,,,,"",,,,,,,"",,,"","","",,,,,,,,"",,,,,,,
"","","",,"","","","","","","",,"","","","","","","",,"","","","","","","",,"","","","","","","",,"","","","","","","",,"","","","","","","",,"","","","","","","",,"","","","","",159986,1,"2024-05-21_19h20.35.819","experiment","2023.2.3","MacIntel",61.34969325,"5dc9e325ac77c76f8a335019","664cb95af670ddca0a461021","664ce0d2679c458e54512a83","",,,"",,,"",,,"",,,"",,,"",,,"",,,,,"",,,"",,,,"",,,"","","",,,"","",,1,,,,"","","",,,,,,,1,,"",,,,,,,,,,,"","",,,,,,,"","",,,"k",0.375,,"space",0.4638,,1,"pink_gnome",1,5,"bright_forest","yellow_basket","green_gnome",1,6,"dark_forest","red_basket",6,0,0,1,"green_gnome","dark_forest","red_basket",3425,-1,-1,31,7,255,0,1,"",,,"",,,"",,,"",,,"",,,,,,,"","",,,"",,,"",,,"",,,,,,,"",,,"","",,,,,,,,"",,,,,,,"",,,"","","",,,,,,,,"",,,,,,,
"","","",,"","","","","","","",,"","","","","","","",,"","","","","","","",,"","","","","","","",,"","","","","","","",,"","","","","","","",,"","","","","","","",,"","","","","",159986,1,"2024-05-21_19h20.35.819","experiment","2023.2.3","MacIntel",61.34969325,"5dc9e325ac77c76f8a335019","664cb95af670ddca0a461021","664ce0d2679c458e54512a83","",,,"",,,"",,,"",,,"",,,"",,,"",,,,,"",,,"",,,,"",,,"","","",,,"","",,,,,,"","","",,,,,,,,,"",,,2565.9875,2580.0175,0.61536736,-0.356096586,1,0,0,14.0218,"t_advice_finished_typing_rect","",,,,,,,"","",,,"",,,"",,,,"",,,"","","",,,"","",,,,,"","","",,,,,,,,,"",,,"space",5.916,,"space",24.6632,,"space",2.0942,,"The most important thing is just to focus, and respond quickly. Don't try looking for patterns in what might give more mushrooms, because there doesn't seem to be any, although you will probably look for them anyway! Just make sure that you hit S or K when you see the gnomes, within 1.5 seconds, and the Space bar when you see the basket in the forest, again within 1.5 seconds. You will get mushrooms the majority of the time if you make sure to hit the keys at the right time. Make use of the breaks to help regain focus!",-0.222664833,0.233833684,1,0,0,0.9306,"vb_finished_typing_rect","space",8.2594,,"space",17.7759,,"space",4.1658,,"space",4.6163,,21.91446092,6.0822,36.31468879,10.9176,"space",11.7325,,"red_gnome","yellow_gnome",0,0,0,25,1,5,6,"",,,,,,,"",,,"","","",,,,,,,,"",,,,,,,
"","","",,"","","","","","","",,"","","","","","","",,"","","","","","","",,"","","","","","","",,"","","","","","","",,"","","","","","","",,"","","","","","","",,"","","","","",159986,1,"2024-05-21_19h20.35.819","experiment","2023.2.3","MacIntel",61.34969325,"5dc9e325ac77c76f8a335019","664cb95af670ddca0a461021","664ce0d2679c458e54512a83","",,,"",,,"",,,"",,,"",,,"",,,"",,,,,"",,,"",,,,"",,,"","","",,,"","",,,,,,"","","",,,,,,,,,"",,,,,,,,,,,"","",,,,,,,"","",,,"",,,"",,,,"",,,"","","",,,"","",,,,,"","","",,,,,,,,,"",,,"",,,"",,,"",,,"",,,,,,,"","",,,"",,,"",,,"",,,15.16236199,3.9165,33.76012908,5.6005,"space",5.265,,"brown_gnome","green_gnome",0,1,1,3,1,0,4,"",,,,,,,"",,,"","","",,,,,,,,"",,,,,,,
"","","",,"","","","","","","",,"","","","","","","",,"","","","","","","",,"","","","","","","",,"","","","","","","",,"","","","","","","",,"","","","","","","",,"","","","","",159986,1,"2024-05-21_19h20.35.819","experiment","2023.2.3","MacIntel",61.34969325,"5dc9e325ac77c76f8a335019","664cb95af670ddca0a461021","664ce0d2679c458e54512a83","",,,"",,,"",,,"",,,"",,,"",,,"",,,,,"",,,"",,,,"",,,"","","",,,"","",,,,,,"","","",,,,,,,,,"",,,,,,,,,,,"","",,,,,,,"","",,,"",,,"",,,,"",,,"","","",,,"","",,,,,"","","",,,,,,,,,"",,,"",,,"",,,"",,,"",,,,,,,"","",,,"",,,"",,,"",,,8.994542228,2.9149,26.46836705,4.4173,"space",4.0642,,"pink_gnome","orange_gnome",0,2,2,17,1,2,7,"",,,,,,,"",,,"","","",,,,,,,,"",,,,,,,
"","","",,"","","","","","","",,"","","","","","","",,"","","","","","","",,"","","","","","","",,"","","","","","","",,"","","","","","","",,"","","","","","","",,"","","","","",159986,1,"2024-05-21_19h20.35.819","experiment","2023.2.3","MacIntel",61.34969325,"5dc9e325ac77c76f8a335019","664cb95af670ddca0a461021","664ce0d2679c458e54512a83","",,,"",,,"",,,"",,,"",,,"",,,"",,,,,"",,,"",,,,"",,,"","","",,,"","",,,,,,"","","",,,,,,,,,"",,,,,,,,,,,"","",,,,,,,"","",,,"",,,"",,,,"",,,"","","",,,"","",,,,,"","","",,,,,,,,,"",,,"",,,"",,,"",,,"",,,,,,,"","",,,"",,,"",,,"",,,12.9374875,1.8477,28.65654627,3.7836,"space",3.4965,,"yellow_gnome","pink_gnome",0,3,3,16,1,2,6,"",,,,,,,"",,,"","","",,,,,,,,"",,,,,,,
"","","",,"","","","","","","",,"","","","","","","",,"","","","","","","",,"","","","","","","",,"","","","","","","",,"","","","","","","",,"","","","","","","",,"","","","","",159986,1,"2024-05-21_19h20.35.819","experiment","2023.2.3","MacIntel",61.34969325,"5dc9e325ac77c76f8a335019","664cb95af670ddca0a461021","664ce0d2679c458e54512a83","",,,"",,,"",,,"",,,"",,,"",,,"",,,,,"",,,"",,,,"",,,"","","",,,"","",,,,,,"","","",,,,,,,,,"",,,,,,,,,,,"","",,,,,,,"","",,,"",,,"",,,,"",,,"","","",,,"","",,,,,"","","",,,,,,,,,"",,,"",,,"",,,"",,,"",,,,,,,"","",,,"",,,"",,,"",,,13.68222237,2.7141,29.38595878,3.9648,"space",3.6489,,"blue_gnome","green_gnome",0,4,4,18,1,3,4,"",,,,,,,"",,,"","","",,,,,,,,"",,,,,,,
"","","",,"","","","","","","",,"","","","","","","",,"","","","","","","",,"","","","","","","",,"","","","","","","",,"","","","","","","",,"","","","","","","",,"","","","","",159986,1,"2024-05-21_19h20.35.819","experiment","2023.2.3","MacIntel",61.34969325,"5dc9e325ac77c76f8a335019","664cb95af670ddca0a461021","664ce0d2679c458e54512a83","",,,"",,,"",,,"",,,"",,,"",,,"",,,,,"",,,"",,,,"",,,"","","",,,"","",,,,,,"","","",,,,,,,,,"",,,,,,,,,,,"","",,,,,,,"","",,,"",,,"",,,,"",,,"","","",,,"","",,,,,"","","",,,,,,,,,"",,,"",,,"",,,"",,,"",,,,,,,"","",,,"",,,"",,,"",,,24.2193328,3.298,30.81277212,4.933,"space",4.5482,,"blue_gnome","brown_gnome",0,5,5,2,1,0,3,"",,,,,,,"",,,"","","",,,,,,,,"",,,,,,,
"","","",,"","","","","","","",,"","","","","","","",,"","","","","","","",,"","","","","","","",,"","","","","","","",,"","","","","","","",,"","","","","","","",,"","","","","",159986,1,"2024-05-21_19h20.35.819","experiment","2023.2.3","MacIntel",61.34969325,"5dc9e325ac77c76f8a335019","664cb95af670ddca0a461021","664ce0d2679c458e54512a83","",,,"",,,"",,,"",,,"",,,"",,,"",,,,,"",,,"",,,,"",,,"","","",,,"","",,,,,,"","","",,,,,,,,,"",,,,,,,,,,,"","",,,,,,,"","",,,"",,,"",,,,"",,,"","","",,,"","",,,,,"","","",,,,,,,,,"",,,"",,,"",,,"",,,"",,,,,,,"","",,,"",,,"",,,"",,,34.27442975,2.7319,34.79396502,4.6661,"space",4.2476,,"purple_gnome","brown_gnome",0,6,6,0,1,0,1,"",,,,,,,"",,,"","","",,,,,,,,"",,,,,,,
"","","",,"","","","","","","",,"","","","","","","",,"","","","","","","",,"","","","","","","",,"","","","","","","",,"","","","","","","",,"","","","","","","",,"","","","","",159986,1,"2024-05-21_19h20.35.819","experiment","2023.2.3","MacIntel",61.34969325,"5dc9e325ac77c76f8a335019","664cb95af670ddca0a461021","664ce0d2679c458e54512a83","",,,"",,,"",,,"",,,"",,,"",,,"",,,,,"",,,"",,,,"",,,"","","",,,"","",,,,,,"","","",,,,,,,,,"",,,,,,,,,,,"","",,,,,,,"","",,,"",,,"",,,,"",,,"","","",,,"","",,,,,"","","",,,,,,,,,"",,,"",,,"",,,"",,,"",,,,,,,"","",,,"",,,"",,,"",,,13.53953679,2.2996,29.24044927,3.6836,"space",3.2803,,"purple_gnome","red_gnome",0,7,7,10,1,1,5,"",,,,,,,"",,,"","","",,,,,,,,"",,,,,,,
"","","",,"","","","","","","",,"","","","","","","",,"","","","","","","",,"","","","","","","",,"","","","","","","",,"","","","","","","",,"","","","","","","",,"","","","","",159986,1,"2024-05-21_19h20.35.819","experiment","2023.2.3","MacIntel",61.34969325,"5dc9e325ac77c76f8a335019","664cb95af670ddca0a461021","664ce0d2679c458e54512a83","",,,"",,,"",,,"",,,"",,,"",,,"",,,,,"",,,"",,,,"",,,"","","",,,"","",,,,,,"","","",,,,,,,,,"",,,,,,,,,,,"","",,,,,,,"","",,,"",,,"",,,,"",,,"","","",,,"","",,,,,"","","",,,,,,,,,"",,,"",,,"",,,"",,,"",,,,,,,"","",,,"",,,"",,,"",,,42.45697127,2.265,,,"space",2.5482,,"yellow_gnome","green_gnome",0,8,8,23,1,4,6,"",,,,,,,"",,,"","","",,,,,,,,"",,,,,,,
"","","",,"","","","","","","",,"","","","","","","",,"","","","","","","",,"","","","","","","",,"","","","","","","",,"","","","","","","",,"","","","","","","",,"","","","","",159986,1,"2024-05-21_19h20.35.819","experiment","2023.2.3","MacIntel",61.34969325,"5dc9e325ac77c76f8a335019","664cb95af670ddca0a461021","664ce0d2679c458e54512a83","",,,"",,,"",,,"",,,"",,,"",,,"",,,,,"",,,"",,,,"",,,"","","",,,"","",,,,,,"","","",,,,,,,,,"",,,,,,,,,,,"","",,,,,,,"","",,,"",,,"",,,,"",,,"","","",,,"","",,,,,"","","",,,,,,,,,"",,,"",,,"",,,"",,,"",,,,,,,"","",,,"",,,"",,,"",,,42.05504523,2.7157,31.70278337,3.6499,"space",3.3481,,"green_gnome","purple_gnome",0,9,9,9,1,1,4,"",,,,,,,"",,,"","","",,,,,,,,"",,,,,,,
"","","",,"","","","","","","",,"","","","","","","",,"","","","","","","",,"","","","","","","",,"","","","","","","",,"","","","","","","",,"","","","","","","",,"","","","","",159986,1,"2024-05-21_19h20.35.819","experiment","2023.2.3","MacIntel",61.34969325,"5dc9e325ac77c76f8a335019","664cb95af670ddca0a461021","664ce0d2679c458e54512a83","",,,"",,,"",,,"",,,"",,,"",,,"",,,,,"",,,"",,,,"",,,"","","",,,"","",,,,,,"","","",,,,,,,,,"",,,,,,,,,,,"","",,,,,,,"","",,,"",,,"",,,,"",,,"","","",,,"","",,,,,"","","",,,,,,,,,"",,,"",,,"",,,"",,,"",,,,,,,"","",,,"",,,"",,,"",,,22.44175805,3.6327,30.69127401,5.0021,"space",4.6319,,"orange_gnome","blue_gnome",0,10,10,21,1,3,7,"",,,,,,,"",,,"","","",,,,,,,,"",,,,,,,
"","","",,"","","","","","","",,"","","","","","","",,"","","","","","","",,"","","","","","","",,"","","","","","","",,"","","","","","","",,"","","","","","","",,"","","","","",159986,1,"2024-05-21_19h20.35.819","experiment","2023.2.3","MacIntel",61.34969325,"5dc9e325ac77c76f8a335019","664cb95af670ddca0a461021","664ce0d2679c458e54512a83","",,,"",,,"",,,"",,,"",,,"",,,"",,,,,"",,,"",,,,"",,,"","","",,,"","",,,,,,"","","",,,,,,,,,"",,,,,,,,,,,"","",,,,,,,"","",,,"",,,"",,,,"",,,"","","",,,"","",,,,,"","","",,,,,,,,,"",,,"",,,"",,,"",,,"",,,,,,,"","",,,"",,,"",,,"",,,20.79687648,2.2325,27.33061049,3.6333,"space",3.2637,,"blue_gnome","red_gnome",0,11,11,19,1,3,5,"",,,,,,,"",,,"","","",,,,,,,,"",,,,,,,
"","","",,"","","","","","","",,"","","","","","","",,"","","","","","","",,"","","","","","","",,"","","","","","","",,"","","","","","","",,"","","","","","","",,"","","","","",159986,1,"2024-05-21_19h20.35.819","experiment","2023.2.3","MacIntel",61.34969325,"5dc9e325ac77c76f8a335019","664cb95af670ddca0a461021","664ce0d2679c458e54512a83","",,,"",,,"",,,"",,,"",,,"",,,"",,,,,"",,,"",,,,"",,,"","","",,,"","",,,,,,"","","",,,,,,,,,"",,,,,,,,,,,"","",,,,,,,"","",,,"",,,"",,,,"",,,"","","",,,"","",,,,,"","","",,,,,,,,,"",,,"",,,"",,,"",,,"",,,,,,,"","",,,"",,,"",,,"",,,6.996758779,2.5139,7.437430488,3.999,"space",3.6643,,"purple_gnome","orange_gnome",0,12,12,12,1,1,7,"",,,,,,,"",,,"","","",,,,,,,,"",,,,,,,
"","","",,"","","","","","","",,"","","","","","","",,"","","","","","","",,"","","","","","","",,"","","","","","","",,"","","","","","","",,"","","","","","","",,"","","","","",159986,1,"2024-05-21_19h20.35.819","experiment","2023.2.3","MacIntel",61.34969325,"5dc9e325ac77c76f8a335019","664cb95af670ddca0a461021","664ce0d2679c458e54512a83","",,,"",,,"",,,"",,,"",,,"",,,"",,,,,"",,,"",,,,"",,,"","","",,,"","",,,,,,"","","",,,,,,,,,"",,,,,,,,,,,"","",,,,,,,"","",,,"",,,"",,,,"",,,"","","",,,"","",,,,,"","","",,,,,,,,,"",,,"",,,"",,,"",,,"",,,,,,,"","",,,"",,,"",,,"",,,14.75932863,2.1489,18.33872265,3.3327,"space",2.9134,,"yellow_gnome","blue_gnome",0,13,13,20,1,3,6,"",,,,,,,"",,,"","","",,,,,,,,"",,,,,,,
"","","",,"","","","","","","",,"","","","","","","",,"","","","","","","",,"","","","","","","",,"","","","","","","",,"","","","","","","",,"","","","","","","",,"","","","","",159986,1,"2024-05-21_19h20.35.819","experiment","2023.2.3","MacIntel",61.34969325,"5dc9e325ac77c76f8a335019","664cb95af670ddca0a461021","664ce0d2679c458e54512a83","",,,"",,,"",,,"",,,"",,,"",,,"",,,,,"",,,"",,,,"",,,"","","",,,"","",,,,,,"","","",,,,,,,,,"",,,,,,,,,,,"","",,,,,,,"","",,,"",,,"",,,,"",,,"","","",,,"","",,,,,"","","",,,,,,,,,"",,,"",,,"",,,"",,,"",,,,,,,"","",,,"",,,"",,,"",,,19.89808612,1.7311,21.26260334,2.982,"space",2.5814,,"purple_gnome","blue_gnome",0,14,14,8,1,1,3,"",,,,,,,"",,,"","","",,,,,,,,"",,,,,,,
"","","",,"","","","","","","",,"","","","","","","",,"","","","","","","",,"","","","","","","",,"","","","","","","",,"","","","","","","",,"","","","","","","",,"","","","","",159986,1,"2024-05-21_19h20.35.819","experiment","2023.2.3","MacIntel",61.34969325,"5dc9e325ac77c76f8a335019","664cb95af670ddca0a461021","664ce0d2679c458e54512a83","",,,"",,,"",,,"",,,"",,,"",,,"",,,,,"",,,"",,,,"",,,"","","",,,"","",,,,,,"","","",,,,,,,,,"",,,,,,,,,,,"","",,,,,,,"","",,,"",,,"",,,,"",,,"","","",,,"","",,,,,"","","",,,,,,,,,"",,,"",,,"",,,"",,,"",,,,,,,"","",,,"",,,"",,,"",,,22.53371874,2.3159,,,"space",2.1626,,"yellow_gnome","purple_gnome",0,15,15,11,1,1,6,"",,,,,,,"",,,"","","",,,,,,,,"",,,,,,,
"","","",,"","","","","","","",,"","","","","","","",,"","","","","","","",,"","","","","","","",,"","","","","","","",,"","","","","","","",,"","","","","","","",,"","","","","",159986,1,"2024-05-21_19h20.35.819","experiment","2023.2.3","MacIntel",61.34969325,"5dc9e325ac77c76f8a335019","664cb95af670ddca0a461021","664ce0d2679c458e54512a83","",,,"",,,"",,,"",,,"",,,"",,,"",,,,,"",,,"",,,,"",,,"","","",,,"","",,,,,,"","","",,,,,,,,,"",,,,,,,,,,,"","",,,,,,,"","",,,"",,,"",,,,"",,,"","","",,,"","",,,,,"","","",,,,,,,,,"",,,"",,,"",,,"",,,"",,,,,,,"","",,,"",,,"",,,"",,,18.07987425,1.7978,20.56630452,3.0665,"space",2.8292,,"green_gnome","pink_gnome",0,16,16,14,1,2,4,"",,,,,,,"",,,"","","",,,,,,,,"",,,,,,,
"","","",,"","","","","","","",,"","","","","","","",,"","","","","","","",,"","","","","","","",,"","","","","","","",,"","","","","","","",,"","","","","","","",,"","","","","",159986,1,"2024-05-21_19h20.35.819","experiment","2023.2.3","MacIntel",61.34969325,"5dc9e325ac77c76f8a335019","664cb95af670ddca0a461021","664ce0d2679c458e54512a83","",,,"",,,"",,,"",,,"",,,"",,,"",,,,,"",,,"",,,,"",,,"","","",,,"","",,,,,,"","","",,,,,,,,,"",,,,,,,,,,,"","",,,,,,,"","",,,"",,,"",,,,"",,,"","","",,,"","",,,,,"","","",,,,,,,,,"",,,"",,,"",,,"",,,"",,,,,,,"","",,,"",,,"",,,"",,,19.1479312,1.8507,20.58850394,2.8821,"space",2.4796,,"pink_gnome","purple_gnome",0,17,17,7,1,1,2,"",,,,,,,"",,,"","","",,,,,,,,"",,,,,,,
"","","",,"","","","","","","",,"","","","","","","",,"","","","","","","",,"","","","","","","",,"","","","","","","",,"","","","","","","",,"","","","","","","",,"","","","","",159986,1,"2024-05-21_19h20.35.819","experiment","2023.2.3","MacIntel",61.34969325,"5dc9e325ac77c76f8a335019","664cb95af670ddca0a461021","664ce0d2679c458e54512a83","",,,"",,,"",,,"",,,"",,,"",,,"",,,,,"",,,"",,,,"",,,"","","",,,"","",,,,,,"","","",,,,,,,,,"",,,,,,,,,,,"","",,,,,,,"","",,,"",,,"",,,,"",,,"","","",,,"","",,,,,"","","",,,,,,,,,"",,,"",,,"",,,"",,,"",,,,,,,"","",,,"",,,"",,,"",,,18.29167472,1.881,15.60015678,3.1819,"space",2.7799,,"red_gnome","brown_gnome",0,18,18,4,1,0,5,"",,,,,,,"",,,"","","",,,,,,,,"",,,,,,,
"","","",,"","","","","","","",,"","","","","","","",,"","","","","","","",,"","","","","","","",,"","","","","","","",,"","","","","","","",,"","","","","","","",,"","","","","",159986,1,"2024-05-21_19h20.35.819","experiment","2023.2.3","MacIntel",61.34969325,"5dc9e325ac77c76f8a335019","664cb95af670ddca0a461021","664ce0d2679c458e54512a83","",,,"",,,"",,,"",,,"",,,"",,,"",,,,,"",,,"",,,,"",,,"","","",,,"","",,,,,,"","","",,,,,,,,,"",,,,,,,,,,,"","",,,,,,,"","",,,"",,,"",,,,"",,,"","","",,,"","",,,,,"","","",,,,,,,,,"",,,"",,,"",,,"",,,"",,,,,,,"","",,,"",,,"",,,"",,,18.442546,1.6483,22.00322151,2.8141,"space",2.3967,,"orange_gnome","green_gnome",0,19,19,24,1,4,7,"",,,,,,,"",,,"","","",,,,,,,,"",,,,,,,
"","","",,"","","","","","","",,"","","","","","","",,"","","","","","","",,"","","","","","","",,"","","","","","","",,"","","","","","","",,"","","","","","","",,"","","","","",159986,1,"2024-05-21_19h20.35.819","experiment","2023.2.3","MacIntel",61.34969325,"5dc9e325ac77c76f8a335019","664cb95af670ddca0a461021","664ce0d2679c458e54512a83","",,,"",,,"",,,"",,,"",,,"",,,"",,,,,"",,,"",,,,"",,,"","","",,,"","",,,,,,"","","",,,,,,,,,"",,,,,,,,,,,"","",,,,,,,"","",,,"",,,"",,,,"",,,"","","",,,"","",,,,,"","","",,,,,,,,,"",,,"",,,"",,,"",,,"",,,,,,,"","",,,"",,,"",,,"",,,16.94117122,2.0328,23.72020615,3.4492,"space",3.0791,,"red_gnome","orange_gnome",0,20,20,26,1,5,7,"",,,,,,,"",,,"","","",,,,,,,,"",,,,,,,
"","","",,"","","","","","","",,"","","","","","","",,"","","","","","","",,"","","","","","","",,"","","","","","","",,"","","","","","","",,"","","","","","","",,"","","","","",159986,1,"2024-05-21_19h20.35.819","experiment","2023.2.3","MacIntel",61.34969325,"5dc9e325ac77c76f8a335019","664cb95af670ddca0a461021","664ce0d2679c458e54512a83","",,,"",,,"",,,"",,,"",,,"",,,"",,,,,"",,,"",,,,"",,,"","","",,,"","",,,,,,"","","",,,,,,,,,"",,,,,,,,,,,"","",,,,,,,"","",,,"",,,"",,,,"",,,"","","",,,"","",,,,,"","","",,,,,,,,,"",,,"",,,"",,,"",,,"",,,,,,,"","",,,"",,,"",,,"",,,18.49225362,1.8031,21.7385504,3.3651,"space",2.981,,"red_gnome","pink_gnome",0,21,21,15,1,2,5,"",,,,,,,"",,,"","","",,,,,,,,"",,,,,,,
"","","",,"","","","","","","",,"","","","","","","",,"","","","","","","",,"","","","","","","",,"","","","","","","",,"","","","","","","",,"","","","","","","",,"","","","","",159986,1,"2024-05-21_19h20.35.819","experiment","2023.2.3","MacIntel",61.34969325,"5dc9e325ac77c76f8a335019","664cb95af670ddca0a461021","664ce0d2679c458e54512a83","",,,"",,,"",,,"",,,"",,,"",,,"",,,,,"",,,"",,,,"",,,"","","",,,"","",,,,,,"","","",,,,,,,,,"",,,,,,,,,,,"","",,,,,,,"","",,,"",,,"",,,,"",,,"","","",,,"","",,,,,"","","",,,,,,,,,"",,,"",,,"",,,"",,,"",,,,,,,"","",,,"",,,"",,,"",,,20.06056044,3.2329,20.55923674,4.7504,"space",4.398,,"green_gnome","red_gnome",0,22,22,22,1,4,5,"",,,,,,,"",,,"","","",,,,,,,,"",,,,,,,
"","","",,"","","","","","","",,"","","","","","","",,"","","","","","","",,"","","","","","","",,"","","","","","","",,"","","","","","","",,"","","","","","","",,"","","","","",159986,1,"2024-05-21_19h20.35.819","experiment","2023.2.3","MacIntel",61.34969325,"5dc9e325ac77c76f8a335019","664cb95af670ddca0a461021","664ce0d2679c458e54512a83","",,,"",,,"",,,"",,,"",,,"",,,"",,,,,"",,,"",,,,"",,,"","","",,,"","",,,,,,"","","",,,,,,,,,"",,,,,,,,,,,"","",,,,,,,"","",,,"",,,"",,,,"",,,"","","",,,"","",,,,,"","","",,,,,,,,,"",,,"",,,"",,,"",,,"",,,,,,,"","",,,"",,,"",,,"",,,20.30030357,1.9492,21.42579291,3.0326,"space",2.5969,,"brown_gnome","orange_gnome",0,23,23,6,1,0,7,"",,,,,,,"",,,"","","",,,,,,,,"",,,,,,,
"","","",,"","","","","","","",,"","","","","","","",,"","","","","","","",,"","","","","","","",,"","","","","","","",,"","","","","","","",,"","","","","","","",,"","","","","",159986,1,"2024-05-21_19h20.35.819","experiment","2023.2.3","MacIntel",61.34969325,"5dc9e325ac77c76f8a335019","664cb95af670ddca0a461021","664ce0d2679c458e54512a83","",,,"",,,"",,,"",,,"",,,"",,,"",,,,,"",,,"",,,,"",,,"","","",,,"","",,,,,,"","","",,,,,,,,,"",,,,,,,,,,,"","",,,,,,,"","",,,"",,,"",,,,"",,,"","","",,,"","",,,,,"","","",,,,,,,,,"",,,"",,,"",,,"",,,"",,,,,,,"","",,,"",,,"",,,"",,,24.42279392,1.6635,26.66770087,2.6316,"space",2.2477,,"brown_gnome","pink_gnome",0,24,24,1,1,0,2,"",,,,,,,"",,,"","","",,,,,,,,"",,,,,,,
"","","",,"","","","","","","",,"","","","","","","",,"","","","","","","",,"","","","","","","",,"","","","","","","",,"","","","","","","",,"","","","","","","",,"","","","","",159986,1,"2024-05-21_19h20.35.819","experiment","2023.2.3","MacIntel",61.34969325,"5dc9e325ac77c76f8a335019","664cb95af670ddca0a461021","664ce0d2679c458e54512a83","",,,"",,,"",,,"",,,"",,,"",,,"",,,,,"",,,"",,,,"",,,"","","",,,"","",,,,,,"","","",,,,,,,,,"",,,,,,,,,,,"","",,,,,,,"","",,,"",,,"",,,,"",,,"","","",,,"","",,,,,"","","",,,,,,,,,"",,,"",,,"",,,"",,,"",,,,,,,"","",,,"",,,"",,,"",,,23.615249,1.5085,23.41867023,2.5917,"space",2.1896,,"brown_gnome","yellow_gnome",0,25,25,5,1,0,6,"",,,,,,,"",,,"","","",,,,,,,,"",,,,,,,
"","","",,"","","","","","","",,"","","","","","","",,"","","","","","","",,"","","","","","","",,"","","","","","","",,"","","","","","","",,"","","","","","","",,"","","","","",159986,1,"2024-05-21_19h20.35.819","experiment","2023.2.3","MacIntel",61.34969325,"5dc9e325ac77c76f8a335019","664cb95af670ddca0a461021","664ce0d2679c458e54512a83","",,,"",,,"",,,"",,,"",,,"",,,"",,,,,"",,,"",,,,"",,,"","","",,,"","",,,,,,"","","",,,,,,,,,"",,,,,,,,,,,"","",,,,,,,"","",,,"",,,"",,,,"",,,"","","",,,"","",,,,,"","","",,,,,,,,,"",,,"",,,"",,,"",,,"",,,,,,,"","",,,"",,,"",,,"",,,19.91989348,1.8178,20.06832229,2.9228,"space",2.4464,,"yellow_gnome","orange_gnome",0,26,26,27,1,6,7,"",,,,,,,"",,,"","","",,,,,,,,"",,,,,,,
"","","",,"","","","","","","",,"","","","","","","",,"","","","","","","",,"","","","","","","",,"","","","","","","",,"","","","","","","",,"","","","","","","",,"","","","","",159986,1,"2024-05-21_19h20.35.819","experiment","2023.2.3","MacIntel",61.34969325,"5dc9e325ac77c76f8a335019","664cb95af670ddca0a461021","664ce0d2679c458e54512a83","",,,"",,,"",,,"",,,"",,,"",,,"",,,,,"",,,"",,,,"",,,"","","",,,"","",,,,,,"","","",,,,,,,,,"",,,,,,,,,,,"","",,,,,,,"","",,,"",,,"",,,,"",,,"","","",,,"","",,,,,"","","",,,,,,,,,"",,,"",,,"",,,"",,,"",,,,,,,"","",,,"",,,"",,,"",,,17.0773983,1.857,17.82504188,3.1308,"space",3.0135,,"pink_gnome","blue_gnome",0,27,27,13,1,2,3,"",,,,,,,"",,,"","","",,,,,,,,"",,,,,,,
"","","",,"","","","","","","",,"","","","","","","",,"","","","","","","",,"","","","","","","",,"","","","","","","",,"","","","","","","",,"","","","","","","",,"","","","","",159986,1,"2024-05-21_19h20.35.819","experiment","2023.2.3","MacIntel",61.34969325,"5dc9e325ac77c76f8a335019","664cb95af670ddca0a461021","664ce0d2679c458e54512a83","",,,"",,,"",,,"",,,"",,,"",,,"",,,,,"",,,"",,,,"",,,"","","",,,"","",,,,,,"","","",,,,,,,,,"",,,,,,,,,,,"","",,,,,,,"","",,,"",,,"",,,,"",,,"","","",,,"","",,,,,"","","",,,,,,,,,"",,,"",,,"",,,"",,,"",,,,,,,"","",,,"",,,"",,,"",,,,,,,"",,,"","",,,,,,,,"space",9.0689,,,,0,1.8936,"space",2.816,,"blue_gnome","dark_forest","red_basket",0,0,0,7,1,3,1,"",,,,,,,
"","","",,"","","","","","","",,"","","","","","","",,"","","","","","","",,"","","","","","","",,"","","","","","","",,"","","","","","","",,"","","","","","","",,"","","","","",159986,1,"2024-05-21_19h20.35.819","experiment","2023.2.3","MacIntel",61.34969325,"5dc9e325ac77c76f8a335019","664cb95af670ddca0a461021","664ce0d2679c458e54512a83","",,,"",,,"",,,"",,,"",,,"",,,"",,,,,"",,,"",,,,"",,,"","","",,,"","",,,,,,"","","",,,,,,,,,"",,,,,,,,,,,"","",,,,,,,"","",,,"",,,"",,,,"",,,"","","",,,"","",,,,,"","","",,,,,,,,,"",,,"",,,"",,,"",,,"",,,,,,,"","",,,"",,,"",,,"",,,,,,,"",,,"","",,,,,,,,"",,,,,0,1.7862,"space",1.4127,,"orange_gnome","dark_forest","red_basket",0,1,1,15,1,7,1,"",,,,,,,
"","","",,"","","","","","","",,"","","","","","","",,"","","","","","","",,"","","","","","","",,"","","","","","","",,"","","","","","","",,"","","","","","","",,"","","","","",159986,1,"2024-05-21_19h20.35.819","experiment","2023.2.3","MacIntel",61.34969325,"5dc9e325ac77c76f8a335019","664cb95af670ddca0a461021","664ce0d2679c458e54512a83","",,,"",,,"",,,"",,,"",,,"",,,"",,,,,"",,,"",,,,"",,,"","","",,,"","",,,,,,"","","",,,,,,,,,"",,,,,,,,,,,"","",,,,,,,"","",,,"",,,"",,,,"",,,"","","",,,"","",,,,,"","","",,,,,,,,,"",,,"",,,"",,,"",,,"",,,,,,,"","",,,"",,,"",,,"",,,,,,,"",,,"","",,,,,,,,"",,,,,0,1.816,"space",1.4477,,"blue_gnome","bright_forest","yellow_basket",0,2,2,6,1,3,0,"",,,,,,,
"","","",,"","","","","","","",,"","","","","","","",,"","","","","","","",,"","","","","","","",,"","","","","","","",,"","","","","","","",,"","","","","","","",,"","","","","",159986,1,"2024-05-21_19h20.35.819","experiment","2023.2.3","MacIntel",61.34969325,"5dc9e325ac77c76f8a335019","664cb95af670ddca0a461021","664ce0d2679c458e54512a83","",,,"",,,"",,,"",,,"",,,"",,,"",,,,,"",,,"",,,,"",,,"","","",,,"","",,,,,,"","","",,,,,,,,,"",,,,,,,,,,,"","",,,,,,,"","",,,"",,,"",,,,"",,,"","","",,,"","",,,,,"","","",,,,,,,,,"",,,"",,,"",,,"",,,"",,,,,,,"","",,,"",,,"",,,"",,,,,,,"",,,"","",,,,,,,,"",,,,,0,1.6242,"space",1.2576,,"orange_gnome","bright_forest","yellow_basket",0,3,3,14,1,7,0,"",,,,,,,
"","","",,"","","","","","","",,"","","","","","","",,"","","","","","","",,"","","","","","","",,"","","","","","","",,"","","","","","","",,"","","","","","","",,"","","","","",159986,1,"2024-05-21_19h20.35.819","experiment","2023.2.3","MacIntel",61.34969325,"5dc9e325ac77c76f8a335019","664cb95af670ddca0a461021","664ce0d2679c458e54512a83","",,,"",,,"",,,"",,,"",,,"",,,"",,,,,"",,,"",,,,"",,,"","","",,,"","",,,,,,"","","",,,,,,,,,"",,,,,,,,,,,"","",,,,,,,"","",,,"",,,"",,,,"",,,"","","",,,"","",,,,,"","","",,,,,,,,,"",,,"",,,"",,,"",,,"",,,,,,,"","",,,"",,,"",,,"",,,,,,,"",,,"","",,,,,,,,"",,,,,0,1.5206,"space",1.1401,,"brown_gnome","dark_forest","red_basket",0,4,4,1,1,0,1,"",,,,,,,
"","","",,"","","","","","","",,"","","","","","","",,"","","","","","","",,"","","","","","","",,"","","","","","","",,"","","","","","","",,"","","","","","","",,"","","","","",159986,1,"2024-05-21_19h20.35.819","experiment","2023.2.3","MacIntel",61.34969325,"5dc9e325ac77c76f8a335019","664cb95af670ddca0a461021","664ce0d2679c458e54512a83","",,,"",,,"",,,"",,,"",,,"",,,"",,,,,"",,,"",,,,"",,,"","","",,,"","",,,,,,"","","",,,,,,,,,"",,,,,,,,,,,"","",,,,,,,"","",,,"",,,"",,,,"",,,"","","",,,"","",,,,,"","","",,,,,,,,,"",,,"",,,"",,,"",,,"",,,,,,,"","",,,"",,,"",,,"",,,,,,,"",,,"","",,,,,,,,"",,,,,0,1.4413,"space",1.073,,"purple_gnome","dark_forest","red_basket",0,5,5,3,1,1,1,"",,,,,,,
"","","",,"","","","","","","",,"","","","","","","",,"","","","","","","",,"","","","","","","",,"","","","","","","",,"","","","","","","",,"","","","","","","",,"","","","","",159986,1,"2024-05-21_19h20.35.819","experiment","2023.2.3","MacIntel",61.34969325,"5dc9e325ac77c76f8a335019","664cb95af670ddca0a461021","664ce0d2679c458e54512a83","",,,"",,,"",,,"",,,"",,,"",,,"",,,,,"",,,"",,,,"",,,"","","",,,"","",,,,,,"","","",,,,,,,,,"",,,,,,,,,,,"","",,,,,,,"","",,,"",,,"",,,,"",,,"","","",,,"","",,,,,"","","",,,,,,,,,"",,,"",,,"",,,"",,,"",,,,,,,"","",,,"",,,"",,,"",,,,,,,"",,,"","",,,,,,,,"",,,,,0,1.4057,"space",1.0053,,"pink_gnome","dark_forest","red_basket",0,6,6,5,1,2,1,"",,,,,,,
"","","",,"","","","","","","",,"","","","","","","",,"","","","","","","",,"","","","","","","",,"","","","","","","",,"","","","","","","",,"","","","","","","",,"","","","","",159986,1,"2024-05-21_19h20.35.819","experiment","2023.2.3","MacIntel",61.34969325,"5dc9e325ac77c76f8a335019","664cb95af670ddca0a461021","664ce0d2679c458e54512a83","",,,"",,,"",,,"",,,"",,,"",,,"",,,,,"",,,"",,,,"",,,"","","",,,"","",,,,,,"","","",,,,,,,,,"",,,,,,,,,,,"","",,,,,,,"","",,,"",,,"",,,,"",,,"","","",,,"","",,,,,"","","",,,,,,,,,"",,,"",,,"",,,"",,,"",,,,,,,"","",,,"",,,"",,,"",,,,,,,"",,,"","",,,,,,,,"",,,,,0,1.5319,"space",1.1627,,"green_gnome","dark_forest","red_basket",0,7,7,9,1,4,1,"",,,,,,,
"","","",,"","","","","","","",,"","","","","","","",,"","","","","","","",,"","","","","","","",,"","","","","","","",,"","","","","","","",,"","","","","","","",,"","","","","",159986,1,"2024-05-21_19h20.35.819","experiment","2023.2.3","MacIntel",61.34969325,"5dc9e325ac77c76f8a335019","664cb95af670ddca0a461021","664ce0d2679c458e54512a83","",,,"",,,"",,,"",,,"",,,"",,,"",,,,,"",,,"",,,,"",,,"","","",,,"","",,,,,,"","","",,,,,,,,,"",,,,,,,,,,,"","",,,,,,,"","",,,"",,,"",,,,"",,,"","","",,,"","",,,,,"","","",,,,,,,,,"",,,"",,,"",,,"",,,"",,,,,,,"","",,,"",,,"",,,"",,,,,,,"",,,"","",,,,,,,,"",,,,,0,1.8474,"space",1.379,,"yellow_gnome","dark_forest","red_basket",0,8,8,13,1,6,1,"",,,,,,,
"","","",,"","","","","","","",,"","","","","","","",,"","","","","","","",,"","","","","","","",,"","","","","","","",,"","","","","","","",,"","","","","","","",,"","","","","",159986,1,"2024-05-21_19h20.35.819","experiment","2023.2.3","MacIntel",61.34969325,"5dc9e325ac77c76f8a335019","664cb95af670ddca0a461021","664ce0d2679c458e54512a83","",,,"",,,"",,,"",,,"",,,"",,,"",,,,,"",,,"",,,,"",,,"","","",,,"","",,,,,,"","","",,,,,,,,,"",,,,,,,,,,,"","",,,,,,,"","",,,"",,,"",,,,"",,,"","","",,,"","",,,,,"","","",,,,,,,,,"",,,"",,,"",,,"",,,"",,,,,,,"","",,,"",,,"",,,"",,,,,,,"",,,"","",,,,,,,,"",,,,,0,1.6823,"space",1.2618,,"pink_gnome","bright_forest","yellow_basket",0,9,9,4,1,2,0,"",,,,,,,
"","","",,"","","","","","","",,"","","","","","","",,"","","","","","","",,"","","","","","","",,"","","","","","","",,"","","","","","","",,"","","","","","","",,"","","","","",159986,1,"2024-05-21_19h20.35.819","experiment","2023.2.3","MacIntel",61.34969325,"5dc9e325ac77c76f8a335019","664cb95af670ddca0a461021","664ce0d2679c458e54512a83","",,,"",,,"",,,"",,,"",,,"",,,"",,,,,"",,,"",,,,"",,,"","","",,,"","",,,,,,"","","",,,,,,,,,"",,,,,,,,,,,"","",,,,,,,"","",,,"",,,"",,,,"",,,"","","",,,"","",,,,,"","","",,,,,,,,,"",,,"",,,"",,,"",,,"",,,,,,,"","",,,"",,,"",,,"",,,,,,,"",,,"","",,,,,,,,"",,,,,0,1.8138,"space",1.3304,,"red_gnome","dark_forest","red_basket",0,10,10,11,1,5,1,"",,,,,,,
"","","",,"","","","","","","",,"","","","","","","",,"","","","","","","",,"","","","","","","",,"","","","","","","",,"","","","","","","",,"","","","","","","",,"","","","","",159986,1,"2024-05-21_19h20.35.819","experiment","2023.2.3","MacIntel",61.34969325,"5dc9e325ac77c76f8a335019","664cb95af670ddca0a461021","664ce0d2679c458e54512a83","",,,"",,,"",,,"",,,"",,,"",,,"",,,,,"",,,"",,,,"",,,"","","",,,"","",,,,,,"","","",,,,,,,,,"",,,,,,,,,,,"","",,,,,,,"","",,,"",,,"",,,,"",,,"","","",,,"","",,,,,"","","",,,,,,,,,"",,,"",,,"",,,"",,,"",,,,,,,"","",,,"",,,"",,,"",,,,,,,"",,,"","",,,,,,,,"",,,,,0,1.4972,"space",1.0456,,"green_gnome","bright_forest","yellow_basket",0,11,11,8,1,4,0,"",,,,,,,
"","","",,"","","","","","","",,"","","","","","","",,"","","","","","","",,"","","","","","","",,"","","","","","","",,"","","","","","","",,"","","","","","","",,"","","","","",159986,1,"2024-05-21_19h20.35.819","experiment","2023.2.3","MacIntel",61.34969325,"5dc9e325ac77c76f8a335019","664cb95af670ddca0a461021","664ce0d2679c458e54512a83","",,,"",,,"",,,"",,,"",,,"",,,"",,,,,"",,,"",,,,"",,,"","","",,,"","",,,,,,"","","",,,,,,,,,"",,,,,,,,,,,"","",,,,,,,"","",,,"",,,"",,,,"",,,"","","",,,"","",,,,,"","","",,,,,,,,,"",,,"",,,"",,,"",,,"",,,,,,,"","",,,"",,,"",,,"",,,,,,,"",,,"","",,,,,,,,"",,,,,0,1.3808,"space",0.946,,"red_gnome","bright_forest","yellow_basket",0,12,12,10,1,5,0,"",,,,,,,
"","","",,"","","","","","","",,"","","","","","","",,"","","","","","","",,"","","","","","","",,"","","","","","","",,"","","","","","","",,"","","","","","","",,"","","","","",159986,1,"2024-05-21_19h20.35.819","experiment","2023.2.3","MacIntel",61.34969325,"5dc9e325ac77c76f8a335019","664cb95af670ddca0a461021","664ce0d2679c458e54512a83","",,,"",,,"",,,"",,,"",,,"",,,"",,,,,"",,,"",,,,"",,,"","","",,,"","",,,,,,"","","",,,,,,,,,"",,,,,,,,,,,"","",,,,,,,"","",,,"",,,"",,,,"",,,"","","",,,"","",,,,,"","","",,,,,,,,,"",,,"",,,"",,,"",,,"",,,,,,,"","",,,"",,,"",,,"",,,,,,,"",,,"","",,,,,,,,"",,,,,0,1.3977,"space",0.9129,,"brown_gnome","bright_forest","yellow_basket",0,13,13,0,1,0,0,"",,,,,,,
"","","",,"","","","","","","",,"","","","","","","",,"","","","","","","",,"","","","","","","",,"","","","","","","",,"","","","","","","",,"","","","","","","",,"","","","","",159986,1,"2024-05-21_19h20.35.819","experiment","2023.2.3","MacIntel",61.34969325,"5dc9e325ac77c76f8a335019","664cb95af670ddca0a461021","664ce0d2679c458e54512a83","",,,"",,,"",,,"",,,"",,,"",,,"",,,,,"",,,"",,,,"",,,"","","",,,"","",,,,,,"","","",,,,,,,,,"",,,,,,,,,,,"","",,,,,,,"","",,,"",,,"",,,,"",,,"","","",,,"","",,,,,"","","",,,,,,,,,"",,,"",,,"",,,"",,,"",,,,,,,"","",,,"",,,"",,,"",,,,,,,"",,,"","",,,,,,,,"",,,,,0,1.5321,"space",1.0793,,"yellow_gnome","bright_forest","yellow_basket",0,14,14,12,1,6,0,"",,,,,,,
"","","",,"","","","","","","",,"","","","","","","",,"","","","","","","",,"","","","","","","",,"","","","","","","",,"","","","","","","",,"","","","","","","",,"","","","","",159986,1,"2024-05-21_19h20.35.819","experiment","2023.2.3","MacIntel",61.34969325,"5dc9e325ac77c76f8a335019","664cb95af670ddca0a461021","664ce0d2679c458e54512a83","",,,"",,,"",,,"",,,"",,,"",,,"",,,,,"",,,"",,,,"",,,"","","",,,"","",,,,,,"","","",,,,,,,,,"",,,,,,,,,,,"","",,,,,,,"","",,,"",,,"",,,,"",,,"","","",,,"","",,,,,"","","",,,,,,,,,"",,,"",,,"",,,"",,,"",,,,,,,"","",,,"",,,"",,,"",,,,,,,"",,,"","",,,,,,,,"",,,,,0,1.4557,"space",1.0448,,"purple_gnome","bright_forest","yellow_basket",0,15,15,2,1,1,0,"",,,,,,,
"","","",,"","","","","","","",,"","","","","","","",,"","","","","","","",,"","","","","","","",,"","","","","","","",,"","","","","","","",,"","","","","","","",,"","","","","",159986,1,"2024-05-21_19h20.35.819","experiment","2023.2.3","MacIntel",61.34969325,"5dc9e325ac77c76f8a335019","664cb95af670ddca0a461021","664ce0d2679c458e54512a83","",,,"",,,"",,,"",,,"",,,"",,,"",,,,,"",,,"",,,,"",,,"","","",,,"","",,,,,,"","","",,,,,,,,,"",,,,,,,,,,,"","",,,,,,,"","",,,"",,,"",,,,"",,,"","","",,,"","",,,,,"","","",,,,,,,,,"",,,"",,,"",,,"",,,"",,,,,,,"","",,,"",,,"",,,"",,,,,,,"",,,"","",,,,,,,,"",,,,,,,"",,,"","","",,,,,,,,"space",11.3187,,0,0,0,0,1
